      7.00000000     -7.00000000 1400     -3.00581812      1.00000000
     -3.994  0.2637E-02  0.2068E-01  0.1538E-02  0.1583E-02  0.2639E-01  0.3251E-01  0.2180E-02  0.6947E-03  0.5238E-02  0.1385E-01  0.1679E+00  0.1538E+00  0.1110E+00  0.2199E+00  0.1530E+00  0.4854E+00  0.1410E-01  0.7471E-02
     -3.984  0.2385E-02  0.2507E-01  0.1610E-02  0.1845E-02  0.2708E-01  0.4041E-01  0.2194E-02  0.8064E-03  0.7216E-02  0.2051E-01  0.1702E+00  0.2070E+00  0.1253E+00  0.2416E+00  0.1745E+00  0.7116E+00  0.1437E-01  0.9284E-02
     -3.974  0.2611E-02  0.2723E-01  0.2805E-02  0.1813E-02  0.3671E-01  0.4846E-01  0.2613E-02  0.8913E-03  0.1615E-01  0.2813E-01  0.3100E+00  0.2697E+00  0.1868E+00  0.2554E+00  0.2663E+00  0.9601E+00  0.3049E-01  0.9219E-02
     -3.964  0.1858E-02  0.2215E-01  0.2140E-02  0.1496E-02  0.2710E-01  0.4241E-01  0.1865E-02  0.8376E-03  0.9598E-02  0.2524E-01  0.2302E+00  0.2420E+00  0.1336E+00  0.2345E+00  0.1807E+00  0.8418E+00  0.2198E-01  0.7957E-02
     -3.954  0.1569E-02  0.2040E-01  0.1985E-02  0.1562E-02  0.2468E-01  0.4036E-01  0.1697E-02  0.9552E-03  0.7593E-02  0.2613E-01  0.2151E+00  0.2346E+00  0.1180E+00  0.2530E+00  0.1514E+00  0.8330E+00  0.1981E-01  0.8442E-02
     -3.944  0.1254E-02  0.1611E-01  0.1787E-02  0.1308E-02  0.1829E-01  0.3275E-01  0.1466E-02  0.7138E-03  0.4826E-02  0.2012E-01  0.2176E+00  0.1808E+00  0.8564E-01  0.2033E+00  0.1232E+00  0.6306E+00  0.1770E-01  0.7152E-02
     -3.934  0.1362E-02  0.1576E-01  0.2475E-02  0.1393E-02  0.2135E-01  0.3283E-01  0.1776E-02  0.3614E-03  0.4388E-02  0.1279E-01  0.3180E+00  0.2273E+00  0.9344E-01  0.1748E+00  0.1350E+00  0.4885E+00  0.2423E-01  0.5526E-02
     -3.924  0.1668E-02  0.1113E-01  0.3392E-02  0.1014E-02  0.2377E-01  0.2344E-01  0.2202E-02  0.2202E-03  0.4900E-02  0.7679E-02  0.4591E+00  0.1570E+00  0.1027E+00  0.1156E+00  0.1733E+00  0.3295E+00  0.3315E-01  0.3890E-02
     -3.914  0.2191E-02  0.1209E-01  0.4695E-02  0.1097E-02  0.1855E-01  0.2645E-01  0.2456E-02  0.2055E-03  0.4727E-02  0.7235E-02  0.7273E+00  0.1387E+00  0.9970E-01  0.1243E+00  0.2359E+00  0.3282E+00  0.4734E-01  0.3615E-02
     -3.904  0.2422E-02  0.1707E-01  0.6103E-02  0.1485E-02  0.1533E-01  0.3820E-01  0.2729E-02  0.3400E-03  0.4957E-02  0.8557E-02  0.9513E+00  0.1401E+00  0.9813E-01  0.1909E+00  0.2962E+00  0.3734E+00  0.5899E-01  0.5189E-02
     -3.894  0.2331E-02  0.1833E-01  0.6099E-02  0.1592E-02  0.1426E-01  0.4487E-01  0.2678E-02  0.4344E-03  0.5678E-02  0.9188E-02  0.9163E+00  0.1646E+00  0.1020E+00  0.2178E+00  0.2980E+00  0.4196E+00  0.5615E-01  0.6197E-02
     -3.884  0.2670E-02  0.1511E-01  0.7170E-02  0.1346E-02  0.1754E-01  0.3952E-01  0.3000E-02  0.4098E-03  0.8175E-02  0.8220E-02  0.1026E+01  0.1536E+00  0.1422E+00  0.1852E+00  0.3376E+00  0.3833E+00  0.6132E-01  0.5631E-02
     -3.874  0.2680E-02  0.1195E-01  0.7790E-02  0.1112E-02  0.1835E-01  0.3122E-01  0.3079E-02  0.3356E-03  0.9094E-02  0.6736E-02  0.1073E+01  0.1223E+00  0.1593E+00  0.1463E+00  0.3459E+00  0.3046E+00  0.6080E-01  0.4877E-02
     -3.864  0.2042E-02  0.1049E-01  0.4397E-02  0.9929E-03  0.1676E-01  0.2759E-01  0.1849E-02  0.3138E-03  0.9080E-02  0.6568E-02  0.5427E+00  0.1121E+00  0.1576E+00  0.1270E+00  0.1926E+00  0.2809E+00  0.2782E-01  0.4939E-02
     -3.854  0.2513E-02  0.1080E-01  0.5467E-02  0.9892E-03  0.2372E-01  0.2853E-01  0.2182E-02  0.3262E-03  0.1120E-01  0.7364E-02  0.6557E+00  0.1201E+00  0.2019E+00  0.1280E+00  0.2183E+00  0.2944E+00  0.3319E-01  0.5822E-02
     -3.844  0.2642E-02  0.1226E-01  0.6451E-02  0.1126E-02  0.2798E-01  0.3140E-01  0.2010E-02  0.3707E-03  0.1032E-01  0.9061E-02  0.7306E+00  0.1323E+00  0.2159E+00  0.1414E+00  0.1981E+00  0.3268E+00  0.3668E-01  0.7354E-02
     -3.834  0.2954E-02  0.1284E-01  0.8050E-02  0.1253E-02  0.3649E-01  0.3129E-01  0.2040E-02  0.3813E-03  0.9985E-02  0.1052E-01  0.8271E+00  0.1375E+00  0.2397E+00  0.1422E+00  0.1927E+00  0.3443E+00  0.4328E-01  0.8107E-02
     -3.824  0.4696E-02  0.1265E-01  0.1075E-01  0.1251E-02  0.4554E-01  0.2956E-01  0.2794E-02  0.3525E-03  0.1011E-01  0.1116E-01  0.1035E+01  0.1357E+00  0.2638E+00  0.1335E+00  0.2406E+00  0.3429E+00  0.6149E-01  0.8152E-02
     -3.814  0.1676E-02  0.1301E-01  0.8658E-02  0.1220E-02  0.4423E-01  0.2945E-01  0.1513E-02  0.3328E-03  0.9502E-02  0.1340E-01  0.7734E+00  0.1425E+00  0.2453E+00  0.1291E+00  0.1358E+00  0.3754E+00  0.3659E-01  0.8817E-02
     -3.804  0.1482E-02  0.1285E-01  0.6820E-02  0.1158E-02  0.3955E-01  0.2826E-01  0.1412E-02  0.3193E-03  0.9171E-02  0.1392E-01  0.6022E+00  0.1192E+00  0.2204E+00  0.1262E+00  0.1139E+00  0.3558E+00  0.2889E-01  0.8085E-02
     -3.794  0.1447E-02  0.1498E-01  0.5671E-02  0.1277E-02  0.3473E-01  0.3280E-01  0.1598E-02  0.4078E-03  0.8983E-02  0.1588E-01  0.4867E+00  0.1352E+00  0.1984E+00  0.1422E+00  0.1231E+00  0.3924E+00  0.2429E-01  0.9629E-02
     -3.784  0.1803E-02  0.9551E-02  0.7299E-02  0.1206E-02  0.3359E-01  0.2225E-01  0.2659E-02  0.3084E-03  0.1010E-01  0.1194E-01  0.6074E+00  0.1140E+00  0.2043E+00  0.1222E+00  0.1922E+00  0.2829E+00  0.3105E-01  0.7580E-02
     -3.774  0.1802E-02  0.4898E-02  0.7247E-02  0.5705E-03  0.2552E-01  0.1351E-01  0.3206E-02  0.2498E-03  0.9036E-02  0.4954E-02  0.5852E+00  0.7864E-01  0.1685E+00  0.7867E-01  0.2399E+00  0.1603E+00  0.3227E-01  0.3587E-02
     -3.764  0.1796E-02  0.5496E-02  0.8975E-02  0.6996E-03  0.2089E-01  0.1558E-01  0.4423E-02  0.3077E-03  0.9224E-02  0.5569E-02  0.6918E+00  0.8882E-01  0.1580E+00  0.1023E+00  0.3133E+00  0.1838E+00  0.3901E-01  0.3632E-02
     -3.754  0.1627E-02  0.7053E-02  0.8726E-02  0.9635E-03  0.1993E-01  0.2021E-01  0.4580E-02  0.4445E-03  0.8017E-02  0.6049E-02  0.6372E+00  0.1022E+00  0.1354E+00  0.1497E+00  0.3144E+00  0.2100E+00  0.3858E-01  0.4063E-02
     -3.744  0.1462E-02  0.8455E-02  0.8183E-02  0.1190E-02  0.1919E-01  0.2424E-01  0.4552E-02  0.5687E-03  0.6981E-02  0.6447E-02  0.5619E+00  0.1179E+00  0.1143E+00  0.1908E+00  0.3037E+00  0.2380E+00  0.3628E-01  0.4789E-02
     -3.734  0.1343E-02  0.9113E-02  0.9428E-02  0.1334E-02  0.2091E-01  0.2695E-01  0.5036E-02  0.6591E-03  0.7832E-02  0.6899E-02  0.6093E+00  0.1466E+00  0.1095E+00  0.2090E+00  0.3247E+00  0.2713E+00  0.4079E-01  0.5829E-02
     -3.724  0.2265E-02  0.1003E-01  0.3899E-01  0.1508E-02  0.3540E-01  0.3080E-01  0.1617E-01  0.7765E-03  0.1112E-01  0.7131E-02  0.2230E+01  0.1553E+00  0.1565E+00  0.2260E+00  0.1113E+01  0.2797E+00  0.1534E+00  0.6034E-02
     -3.714  0.1498E-02  0.7455E-02  0.2701E-01  0.1072E-02  0.3071E-01  0.2261E-01  0.1164E-01  0.5576E-03  0.1109E-01  0.6156E-02  0.1509E+01  0.1210E+00  0.1324E+00  0.1585E+00  0.7231E+00  0.2258E+00  0.9872E-01  0.4105E-02
     -3.704  0.1372E-02  0.6006E-02  0.2323E-01  0.8593E-03  0.2948E-01  0.1806E-01  0.9626E-02  0.4455E-03  0.1094E-01  0.5068E-02  0.1249E+01  0.1069E+00  0.1252E+00  0.1304E+00  0.5889E+00  0.1904E+00  0.7693E-01  0.3310E-02
     -3.694  0.1231E-02  0.4916E-02  0.2341E-01  0.6883E-03  0.3020E-01  0.1426E-01  0.9697E-02  0.3477E-03  0.9808E-02  0.3774E-02  0.1160E+01  0.8984E-01  0.1140E+00  0.1067E+00  0.5929E+00  0.1472E+00  0.7507E-01  0.2695E-02
     -3.684  0.1073E-02  0.4383E-02  0.1301E-01  0.6212E-03  0.2908E-01  0.1240E-01  0.6212E-02  0.3171E-03  0.8804E-02  0.3248E-02  0.6271E+00  0.8627E-01  0.1048E+00  0.9801E-01  0.3602E+00  0.1299E+00  0.4504E-01  0.2585E-02
     -3.674  0.1097E-02  0.4027E-02  0.9357E-02  0.5777E-03  0.2951E-01  0.1095E-01  0.5184E-02  0.2912E-03  0.8776E-02  0.3007E-02  0.4396E+00  0.8232E-01  0.1032E+00  0.9093E-01  0.2787E+00  0.1166E+00  0.3441E-01  0.2769E-02
     -3.664  0.1147E-02  0.3797E-02  0.8281E-02  0.5320E-03  0.3069E-01  0.9713E-02  0.4951E-02  0.2599E-03  0.8950E-02  0.3010E-02  0.3708E+00  0.7786E-01  0.1032E+00  0.8142E-01  0.2504E+00  0.1066E+00  0.3096E-01  0.3107E-02
     -3.654  0.1218E-02  0.3658E-02  0.7831E-02  0.5053E-03  0.3861E-01  0.9281E-02  0.5337E-02  0.2626E-03  0.9733E-02  0.3022E-02  0.3321E+00  0.7155E-01  0.1188E+00  0.7158E-01  0.2328E+00  0.9651E-01  0.2967E-01  0.3585E-02
     -3.644  0.1264E-02  0.3611E-02  0.7573E-02  0.4968E-03  0.4678E-01  0.9134E-02  0.5771E-02  0.2701E-03  0.1056E-01  0.3132E-02  0.3035E+00  0.6181E-01  0.1359E+00  0.6182E-01  0.2170E+00  0.7978E-01  0.2849E-01  0.4008E-02
     -3.634  0.1328E-02  0.2900E-02  0.7488E-02  0.4153E-03  0.5435E-01  0.8249E-02  0.6218E-02  0.2633E-03  0.1145E-01  0.2621E-02  0.2830E+00  0.5030E-01  0.1518E+00  0.5177E-01  0.2017E+00  0.6333E-01  0.2767E-01  0.3342E-02
     -3.624  0.7652E-02  0.2081E-02  0.1777E-01  0.3267E-03  0.1315E+00  0.7460E-02  0.1069E-01  0.2638E-03  0.6336E-01  0.1975E-02  0.6522E+00  0.4361E-01  0.5687E+00  0.4373E-01  0.3871E+00  0.5223E-01  0.6759E-01  0.2347E-02
     -3.614  0.1774E-02  0.2942E-02  0.5890E-02  0.4809E-03  0.6705E-01  0.1146E-01  0.5146E-02  0.4299E-03  0.1223E-01  0.2724E-02  0.1824E+00  0.5872E-01  0.2050E+00  0.5927E-01  0.1140E+00  0.6221E-01  0.2462E-01  0.2833E-02
     -3.604  0.1848E-02  0.3132E-02  0.6355E-02  0.5226E-03  0.6202E-01  0.1270E-01  0.4569E-02  0.4830E-03  0.1165E-01  0.2896E-02  0.1805E+00  0.6368E-01  0.1926E+00  0.6613E-01  0.1167E+00  0.6195E-01  0.2674E-01  0.3018E-02
     -3.594  0.2134E-02  0.3400E-02  0.1231E-01  0.5754E-03  0.7824E-01  0.1422E-01  0.7365E-02  0.5446E-03  0.1963E-01  0.3146E-02  0.3264E+00  0.6973E-01  0.2312E+00  0.7451E-01  0.2169E+00  0.6310E-01  0.5058E-01  0.3275E-02
     -3.584  0.2429E-02  0.3497E-02  0.1607E-01  0.6251E-03  0.9332E-01  0.1578E-01  0.1102E-01  0.6127E-03  0.2467E-01  0.3296E-02  0.3815E+00  0.7514E-01  0.2392E+00  0.8207E-01  0.3145E+00  0.6217E-01  0.6216E-01  0.3358E-02
     -3.574  0.1546E-02  0.3635E-02  0.1155E-01  0.6836E-03  0.8411E-01  0.1758E-01  0.1134E-01  0.6884E-03  0.2545E-01  0.3502E-02  0.2460E+00  0.8166E-01  0.2164E+00  0.9257E-01  0.2920E+00  0.6367E-01  0.4623E-01  0.3526E-02
     -3.564  0.2007E-02  0.9709E-02  0.1102E-01  0.1509E-02  0.9140E-01  0.3559E-01  0.1308E-01  0.1803E-02  0.2942E-01  0.1934E-01  0.2146E+00  0.4701E+00  0.2507E+00  0.1645E+00  0.3316E+00  0.2198E+00  0.4955E-01  0.1467E-01
     -3.554  0.1651E-02  0.4684E-02  0.9086E-02  0.9027E-03  0.7064E-01  0.2417E-01  0.9249E-02  0.1117E-02  0.2631E-01  0.6607E-02  0.1785E+00  0.1696E+00  0.2050E+00  0.1278E+00  0.2468E+00  0.1116E+00  0.4174E-01  0.6049E-02
     -3.544  0.1430E-02  0.4064E-02  0.7278E-02  0.8727E-03  0.5691E-01  0.2452E-01  0.7134E-02  0.1048E-02  0.2302E-01  0.3820E-02  0.1425E+00  0.8756E-01  0.1633E+00  0.1333E+00  0.1794E+00  0.9473E-01  0.3409E-01  0.4206E-02
     -3.534  0.1413E-02  0.4269E-02  0.6786E-02  0.9702E-03  0.5266E-01  0.2770E-01  0.6013E-02  0.1182E-02  0.2055E-01  0.3350E-02  0.1295E+00  0.8278E-01  0.1542E+00  0.1461E+00  0.1536E+00  0.9383E-01  0.3297E-01  0.4178E-02
     -3.524  0.1413E-02  0.4523E-02  0.6277E-02  0.1073E-02  0.4921E-01  0.3104E-01  0.5052E-02  0.1323E-02  0.1777E-01  0.2903E-02  0.1156E+00  0.7896E-01  0.1457E+00  0.1589E+00  0.1303E+00  0.9241E-01  0.3205E-01  0.4217E-02
     -3.514  0.1556E-02  0.4787E-02  0.5973E-02  0.1146E-02  0.4665E-01  0.3308E-01  0.4362E-02  0.1401E-02  0.1515E-01  0.2826E-02  0.1040E+00  0.7880E-01  0.1396E+00  0.1719E+00  0.1113E+00  0.9658E-01  0.3191E-01  0.4612E-02
     -3.504  0.2300E-02  0.5032E-02  0.7387E-02  0.1197E-02  0.4998E-01  0.3415E-01  0.4768E-02  0.1428E-02  0.1949E-01  0.2740E-02  0.1240E+00  0.7547E-01  0.1470E+00  0.1809E+00  0.1102E+00  0.1004E+00  0.3569E-01  0.5045E-02
     -3.494  0.3101E-02  0.5281E-02  0.9197E-02  0.1246E-02  0.5649E-01  0.3519E-01  0.5430E-02  0.1465E-02  0.2719E-01  0.2698E-02  0.1493E+00  0.7393E-01  0.1567E+00  0.1874E+00  0.1102E+00  0.1047E+00  0.3946E-01  0.5368E-02
     -3.484  0.3704E-02  0.6796E-02  0.9943E-02  0.1505E-02  0.6133E-01  0.4386E-01  0.6650E-02  0.1945E-02  0.3229E-01  0.3058E-02  0.1547E+00  0.7770E-01  0.1707E+00  0.2095E+00  0.1187E+00  0.1427E+00  0.4643E-01  0.5561E-02
     -3.474  0.4319E-02  0.1007E-01  0.1069E-01  0.2081E-02  0.6631E-01  0.6275E-01  0.7701E-02  0.3031E-02  0.3698E-01  0.3819E-02  0.1641E+00  0.8880E-01  0.1870E+00  0.2529E+00  0.1262E+00  0.2268E+00  0.5101E-01  0.5483E-02
     -3.464  0.3851E-02  0.9553E-02  0.9109E-02  0.1967E-02  0.7451E-01  0.5785E-01  0.7822E-02  0.2875E-02  0.3871E-01  0.3588E-02  0.1316E+00  0.8073E-01  0.2003E+00  0.2305E+00  0.1215E+00  0.2214E+00  0.5135E-01  0.5940E-02
     -3.454  0.3892E-02  0.9631E-02  0.8604E-02  0.2001E-02  0.8690E-01  0.5793E-01  0.9553E-02  0.3037E-02  0.4238E-01  0.3665E-02  0.1158E+00  0.8781E-01  0.2260E+00  0.2140E+00  0.1343E+00  0.2171E+00  0.5733E-01  0.5876E-02
     -3.444  0.2678E-02  0.9666E-02  0.4718E-02  0.2069E-02  0.5794E-01  0.6325E-01  0.8289E-02  0.3251E-02  0.2579E-01  0.3524E-02  0.6124E-01  0.1084E+00  0.1586E+00  0.2627E+00  0.1073E+00  0.2438E+00  0.4435E-01  0.9009E-02
     -3.434  0.2168E-02  0.8961E-02  0.3248E-02  0.1916E-02  0.4599E-01  0.5624E-01  0.6068E-02  0.2868E-02  0.2217E-01  0.2945E-02  0.4531E-01  0.8560E-01  0.1377E+00  0.2250E+00  0.8301E-01  0.2096E+00  0.3511E-01  0.8241E-02
     -3.424  0.2034E-02  0.1163E-01  0.2762E-02  0.2510E-02  0.3961E-01  0.7473E-01  0.6173E-02  0.4026E-02  0.1938E-01  0.3981E-02  0.3959E-01  0.1037E+00  0.1274E+00  0.2825E+00  0.8383E-01  0.2821E+00  0.3498E-01  0.9833E-02
     -3.414  0.2208E-02  0.1479E-01  0.2582E-02  0.3228E-02  0.4504E-01  0.9743E-01  0.7149E-02  0.5398E-02  0.2174E-01  0.5259E-02  0.3549E-01  0.1274E+00  0.1446E+00  0.3596E+00  0.9626E-01  0.3706E+00  0.4051E-01  0.1224E-01
     -3.404  0.2600E-02  0.1601E-01  0.2630E-02  0.3501E-02  0.5035E-01  0.1062E+00  0.8378E-02  0.5978E-02  0.2413E-01  0.6064E-02  0.3579E-01  0.1391E+00  0.1638E+00  0.3962E+00  0.1119E+00  0.4098E+00  0.4690E-01  0.1399E-01
     -3.394  0.2934E-02  0.1260E-01  0.2578E-02  0.2722E-02  0.5340E-01  0.8031E-01  0.9364E-02  0.4618E-02  0.2540E-01  0.5190E-02  0.3535E-01  0.1269E+00  0.1762E+00  0.3024E+00  0.1231E+00  0.3260E+00  0.5166E-01  0.1257E-01
     -3.384  0.3175E-02  0.9931E-02  0.2383E-02  0.2147E-02  0.5280E-01  0.6327E-01  0.9876E-02  0.3571E-02  0.2480E-01  0.4680E-02  0.3389E-01  0.1208E+00  0.1776E+00  0.2519E+00  0.1261E+00  0.2572E+00  0.5360E-01  0.1198E-01
     -3.374  0.3394E-02  0.8130E-02  0.2210E-02  0.1758E-02  0.5257E-01  0.5186E-01  0.1031E-01  0.2869E-02  0.2424E-01  0.4299E-02  0.3252E-01  0.1199E+00  0.1791E+00  0.2172E+00  0.1284E+00  0.2092E+00  0.5562E-01  0.1146E-01
     -3.364  0.3591E-02  0.6887E-02  0.2058E-02  0.1485E-02  0.5273E-01  0.4461E-01  0.1068E-01  0.2391E-02  0.2371E-01  0.4161E-02  0.3124E-01  0.1227E+00  0.1805E+00  0.1966E+00  0.1298E+00  0.1735E+00  0.5772E-01  0.1111E-01
     -3.354  0.3814E-02  0.6242E-02  0.1981E-02  0.1333E-02  0.5602E-01  0.4105E-01  0.1152E-01  0.2180E-02  0.2451E-01  0.4253E-02  0.2979E-01  0.1292E+00  0.1903E+00  0.1863E+00  0.1376E+00  0.1563E+00  0.6224E-01  0.1093E-01
     -3.344  0.3888E-02  0.5733E-02  0.1952E-02  0.1206E-02  0.5641E-01  0.3820E-01  0.1288E-01  0.2030E-02  0.2400E-01  0.4395E-02  0.3043E-01  0.1366E+00  0.1922E+00  0.1776E+00  0.1442E+00  0.1439E+00  0.7095E-01  0.1077E-01
     -3.334  0.3704E-02  0.5490E-02  0.1944E-02  0.1135E-02  0.5577E-01  0.3647E-01  0.1239E-01  0.1982E-02  0.2368E-01  0.4589E-02  0.2794E-01  0.1439E+00  0.1813E+00  0.1703E+00  0.1344E+00  0.1392E+00  0.6885E-01  0.1068E-01
     -3.324  0.3287E-02  0.5334E-02  0.1948E-02  0.1049E-02  0.5086E-01  0.3409E-01  0.1100E-01  0.1888E-02  0.2317E-01  0.4986E-02  0.2264E-01  0.1522E+00  0.1498E+00  0.1622E+00  0.1110E+00  0.1354E+00  0.5851E-01  0.1039E-01
     -3.314  0.3069E-02  0.5246E-02  0.1937E-02  0.9720E-03  0.4598E-01  0.3200E-01  0.9582E-02  0.1783E-02  0.2364E-01  0.5399E-02  0.1786E-01  0.1613E+00  0.1242E+00  0.1571E+00  0.9035E-01  0.1320E+00  0.4794E-01  0.1026E-01
     -3.304  0.2837E-02  0.4920E-02  0.1806E-02  0.8672E-03  0.4174E-01  0.2902E-01  0.8044E-02  0.1614E-02  0.2256E-01  0.5578E-02  0.1465E-01  0.1631E+00  0.1097E+00  0.1478E+00  0.7585E-01  0.1227E+00  0.4064E-01  0.9858E-02
     -3.293  0.2699E-02  0.4743E-02  0.1825E-02  0.8150E-03  0.3864E-01  0.2765E-01  0.7021E-02  0.1554E-02  0.2219E-01  0.6096E-02  0.1285E-01  0.1808E+00  0.9876E-01  0.1464E+00  0.6620E-01  0.1175E+00  0.3575E-01  0.9946E-02
     -3.283  0.2663E-02  0.4729E-02  0.1910E-02  0.7911E-03  0.3685E-01  0.2725E-01  0.6728E-02  0.1541E-02  0.2254E-01  0.6846E-02  0.1248E-01  0.2107E+00  0.9208E-01  0.1506E+00  0.6206E-01  0.1154E+00  0.3407E-01  0.1044E-01
     -3.273  0.2653E-02  0.4952E-02  0.2033E-02  0.8298E-03  0.3483E-01  0.2898E-01  0.6420E-02  0.1594E-02  0.2276E-01  0.7721E-02  0.1238E-01  0.2522E+00  0.8521E-01  0.1640E+00  0.5796E-01  0.1167E+00  0.3193E-01  0.1177E-01
     -3.263  0.2609E-02  0.5119E-02  0.2108E-02  0.8676E-03  0.3274E-01  0.3053E-01  0.6075E-02  0.1632E-02  0.2266E-01  0.8387E-02  0.1210E-01  0.2890E+00  0.7833E-01  0.1756E+00  0.5343E-01  0.1179E+00  0.2966E-01  0.1316E-01
     -3.253  0.2568E-02  0.5331E-02  0.2182E-02  0.9261E-03  0.3063E-01  0.3285E-01  0.5745E-02  0.1697E-02  0.2252E-01  0.9036E-02  0.1183E-01  0.3228E+00  0.7161E-01  0.1902E+00  0.4907E-01  0.1200E+00  0.2750E-01  0.1454E-01
     -3.243  0.2536E-02  0.5507E-02  0.2270E-02  0.9833E-03  0.2876E-01  0.3507E-01  0.5476E-02  0.1764E-02  0.2244E-01  0.9656E-02  0.1164E-01  0.3571E+00  0.6531E-01  0.2042E+00  0.4506E-01  0.1224E+00  0.2551E-01  0.1599E-01
     -3.233  0.2646E-02  0.4632E-02  0.2589E-02  0.7972E-03  0.3133E-01  0.3302E-01  0.6213E-02  0.1252E-02  0.2387E-01  0.6816E-02  0.1262E-01  0.2996E+00  0.6470E-01  0.1931E+00  0.4543E-01  0.8841E-01  0.2538E-01  0.1490E-01
     -3.223  0.2708E-02  0.4572E-02  0.2745E-02  0.8754E-03  0.3122E-01  0.3753E-01  0.6947E-02  0.1330E-02  0.2381E-01  0.6991E-02  0.1304E-01  0.3549E+00  0.6216E-01  0.2314E+00  0.4639E-01  0.9549E-01  0.2484E-01  0.1900E-01
     -3.213  0.2763E-02  0.4556E-02  0.2895E-02  0.9058E-03  0.3001E-01  0.4373E-01  0.7786E-02  0.1407E-02  0.2311E-01  0.6516E-02  0.1347E-01  0.3903E+00  0.5789E-01  0.2925E+00  0.4754E-01  0.1135E+00  0.2390E-01  0.2060E-01
     -3.203  0.2631E-02  0.4928E-02  0.2743E-02  0.9339E-03  0.2383E-01  0.5100E-01  0.6653E-02  0.1457E-02  0.2035E-01  0.6525E-02  0.1284E-01  0.4164E+00  0.4733E-01  0.3549E+00  0.4036E-01  0.1266E+00  0.2131E-01  0.1949E-01
     -3.193  0.2369E-02  0.5675E-02  0.2377E-02  0.1022E-02  0.1511E-01  0.5719E-01  0.4126E-02  0.1487E-02  0.1709E-01  0.7157E-02  0.1136E-01  0.4472E+00  0.3443E-01  0.3775E+00  0.2830E-01  0.1173E+00  0.1836E-01  0.1932E-01
     -3.183  0.2324E-02  0.5946E-02  0.2360E-02  0.1091E-02  0.1278E-01  0.6118E-01  0.3445E-02  0.1462E-02  0.1670E-01  0.7451E-02  0.1124E-01  0.4580E+00  0.3064E-01  0.3909E+00  0.2473E-01  0.1131E+00  0.1825E-01  0.2038E-01
     -3.173  0.2425E-02  0.6295E-02  0.2529E-02  0.1216E-02  0.1317E-01  0.6804E-01  0.3657E-02  0.1741E-02  0.1757E-01  0.8246E-02  0.1197E-01  0.4844E+00  0.3101E-01  0.4345E+00  0.2487E-01  0.1400E+00  0.2003E-01  0.2371E-01
     -3.163  0.2528E-02  0.6217E-02  0.2706E-02  0.1426E-02  0.1349E-01  0.7229E-01  0.3842E-02  0.1987E-02  0.1843E-01  0.8952E-02  0.1273E-01  0.5564E+00  0.3125E-01  0.4667E+00  0.2483E-01  0.1770E+00  0.2181E-01  0.2993E-01
     -3.153  0.2634E-02  0.8473E-02  0.2891E-02  0.2125E-02  0.1376E-01  0.1002E+00  0.4000E-02  0.2578E-02  0.1927E-01  0.1046E-01  0.1351E-01  0.7885E+00  0.3137E-01  0.6204E+00  0.2461E-01  0.2568E+00  0.2359E-01  0.4916E-01
     -3.143  0.2455E-02  0.3595E-02  0.2607E-02  0.1014E-02  0.1185E-01  0.4746E-01  0.3833E-02  0.1492E-02  0.1919E-01  0.9755E-02  0.1182E-01  0.4458E+00  0.2568E-01  0.3712E+00  0.2147E-01  0.1924E+00  0.2087E-01  0.2673E-01
     -3.133  0.2411E-02  0.3495E-02  0.2605E-02  0.1165E-02  0.1159E-01  0.4941E-01  0.3780E-02  0.1374E-02  0.2004E-01  0.9959E-02  0.1142E-01  0.4669E+00  0.2443E-01  0.3749E+00  0.2031E-01  0.1964E+00  0.2039E-01  0.3097E-01
     -3.123  0.2392E-02  0.3476E-02  0.2727E-02  0.1324E-02  0.1199E-01  0.5073E-01  0.3801E-02  0.1428E-02  0.2160E-01  0.1025E-01  0.1138E-01  0.4888E+00  0.2340E-01  0.3769E+00  0.1897E-01  0.2154E+00  0.2036E-01  0.3523E-01
     -3.113  0.2674E-02  0.3349E-02  0.3644E-02  0.1593E-02  0.1502E-01  0.4214E-01  0.4466E-02  0.1495E-02  0.2653E-01  0.9019E-02  0.1403E-01  0.5186E+00  0.2476E-01  0.3013E+00  0.1867E-01  0.2302E+00  0.2466E-01  0.3633E-01
     -3.103  0.2793E-02  0.3552E-02  0.3790E-02  0.2165E-02  0.1364E-01  0.4328E-01  0.4734E-02  0.1615E-02  0.2847E-01  0.9958E-02  0.1389E-01  0.6381E+00  0.2479E-01  0.2991E+00  0.1853E-01  0.2729E+00  0.2666E-01  0.4420E-01
     -3.093  0.2975E-02  0.3096E-02  0.3949E-02  0.1844E-02  0.1233E-01  0.3628E-01  0.5055E-02  0.1754E-02  0.3079E-01  0.8777E-02  0.1374E-01  0.5122E+00  0.2523E-01  0.2387E+00  0.1865E-01  0.2391E+00  0.2854E-01  0.3713E-01
     -3.083  0.2944E-02  0.3126E-02  0.3801E-02  0.1933E-02  0.1010E-01  0.3913E-01  0.4933E-02  0.2079E-02  0.3186E-01  0.9004E-02  0.1221E-01  0.4840E+00  0.2300E-01  0.2411E+00  0.1738E-01  0.2481E+00  0.2632E-01  0.3942E-01
     -3.073  0.2881E-02  0.2872E-02  0.3812E-02  0.1705E-02  0.7665E-02  0.3831E-01  0.4493E-02  0.2043E-02  0.3339E-01  0.8793E-02  0.1065E-01  0.4137E+00  0.1695E-01  0.2379E+00  0.1424E-01  0.2399E+00  0.2199E-01  0.3789E-01
     -3.063  0.2534E-02  0.2672E-02  0.3482E-02  0.1525E-02  0.5607E-02  0.3758E-01  0.3863E-02  0.2104E-02  0.3142E-01  0.9084E-02  0.8764E-02  0.3479E+00  0.1100E-01  0.2314E+00  0.1090E-01  0.2383E+00  0.1686E-01  0.3713E-01
     -3.053  0.2118E-02  0.2396E-02  0.2674E-02  0.1347E-02  0.5815E-02  0.3592E-01  0.3132E-02  0.2037E-02  0.2777E-01  0.9074E-02  0.6229E-02  0.2818E+00  0.6545E-02  0.2171E+00  0.7813E-02  0.2253E+00  0.1032E-01  0.3423E-01
     -3.043  0.2055E-02  0.2031E-02  0.2518E-02  0.1254E-02  0.6188E-02  0.3424E-01  0.3150E-02  0.1887E-02  0.2875E-01  0.9695E-02  0.5765E-02  0.2077E+00  0.6579E-02  0.1957E+00  0.7027E-02  0.2094E+00  0.1086E-01  0.3070E-01
     -3.033  0.2160E-02  0.1250E-02  0.2550E-02  0.1900E-02  0.6729E-02  0.2661E-01  0.3415E-02  0.1769E-02  0.3119E-01  0.1039E-01  0.5633E-02  0.2842E+00  0.7286E-02  0.1509E+00  0.7405E-02  0.2267E+00  0.1192E-01  0.2804E-01
     -3.023  0.3070E-02  0.2113E-02  0.3110E-02  0.3644E-02  0.1020E-01  0.3819E-01  0.5867E-02  0.2601E-02  0.4358E-01  0.1520E-01  0.8059E-02  0.5731E+00  0.1211E-01  0.1955E+00  0.1170E-01  0.3454E+00  0.2182E-01  0.4287E-01
     -3.013  0.3322E-02  0.3351E-02  0.3307E-02  0.5800E-02  0.1110E-01  0.5489E-01  0.6049E-02  0.3696E-02  0.4817E-01  0.2422E-01  0.7832E-02  0.8611E+00  0.1306E-01  0.2573E+00  0.1180E-01  0.5396E+00  0.2219E-01  0.6597E-01
     -3.003  0.3618E-02  0.2717E-02  0.3522E-02  0.3988E-02  0.1207E-01  0.4945E-01  0.6112E-02  0.3203E-02  0.5298E-01  0.2321E-01  0.7265E-02  0.5284E+00  0.1409E-01  0.2112E+00  0.1150E-01  0.3491E+00  0.2186E-01  0.3959E-01
     -2.993  0.3953E-02  0.3974E-02  0.3779E-02  0.5454E-02  0.1312E-01  0.6701E-01  0.6204E-02  0.4329E-02  0.5838E-01  0.3391E-01  0.6749E-02  0.7147E+00  0.1519E-01  0.2624E+00  0.1120E-01  0.4166E+00  0.2177E-01  0.4551E-01
     -2.983  0.4313E-02  0.3022E-02  0.4068E-02  0.3169E-02  0.1418E-01  0.4492E-01  0.6302E-02  0.3941E-02  0.6418E-01  0.1781E-01  0.6280E-02  0.4115E+00  0.1631E-01  0.1651E+00  0.1089E-01  0.2692E+00  0.2182E-01  0.3070E-01
     -2.973  0.4760E-02  0.2770E-02  0.4437E-02  0.2856E-02  0.1537E-01  0.3778E-01  0.6407E-02  0.3999E-02  0.7060E-01  0.1312E-01  0.5888E-02  0.3576E+00  0.1744E-01  0.1292E+00  0.1060E-01  0.2466E+00  0.2219E-01  0.2944E-01
     -2.963  0.5302E-02  0.2652E-02  0.4891E-02  0.3188E-02  0.1669E-01  0.3253E-01  0.6512E-02  0.4031E-02  0.7764E-01  0.9930E-02  0.5566E-02  0.4114E+00  0.1856E-01  0.1086E+00  0.1031E-01  0.2431E+00  0.2286E-01  0.3204E-01
     -2.953  0.5099E-02  0.2611E-02  0.4629E-02  0.3637E-02  0.1762E-01  0.2501E-01  0.6725E-02  0.3950E-02  0.8029E-01  0.6903E-02  0.4280E-02  0.4983E+00  0.1705E-01  0.8013E-01  0.9634E-02  0.2352E+00  0.2094E-01  0.3491E-01
     -2.943  0.3605E-02  0.2920E-02  0.3029E-02  0.4772E-02  0.1345E-01  0.2682E-01  0.4630E-02  0.4399E-02  0.5363E-01  0.7246E-02  0.2795E-02  0.6571E+00  0.1119E-01  0.8941E-01  0.6221E-02  0.2891E+00  0.1547E-01  0.4761E-01
     -2.933  0.2677E-02  0.4449E-02  0.1994E-02  0.6984E-02  0.1196E-01  0.4578E-01  0.3568E-02  0.6908E-02  0.3687E-01  0.1720E-01  0.2044E-02  0.9208E+00  0.8179E-02  0.1747E+00  0.4503E-02  0.5118E+00  0.1361E-01  0.8206E-01
     -2.923  0.3083E-02  0.1413E-01  0.2316E-02  0.3395E-01  0.1326E-01  0.6900E-01  0.3861E-02  0.2118E-01  0.4105E-01  0.2450E-01  0.2215E-02  0.5090E+01  0.8836E-02  0.3041E+00  0.4671E-02  0.1944E+01  0.1538E-01  0.3007E+00
     -2.913  0.1088E-01  0.9216E-02  0.8814E-02  0.2044E-01  0.1795E-01  0.7790E-01  0.4976E-02  0.1244E-01  0.1107E+00  0.2694E-01  0.3968E-02  0.2807E+01  0.1558E-01  0.2826E+00  0.5289E-02  0.1164E+01  0.2839E-01  0.2037E+00
     -2.903  0.1531E-01  0.6522E-02  0.1179E-01  0.1369E-01  0.2526E-01  0.8292E-01  0.6579E-02  0.7862E-02  0.1517E+00  0.2867E-01  0.4227E-02  0.1745E+01  0.2244E-01  0.2814E+00  0.7288E-02  0.7550E+00  0.3828E-01  0.1528E+00
     -2.893  0.2115E-01  0.3770E-02  0.1559E-01  0.8044E-02  0.3679E-01  0.6758E-01  0.9040E-02  0.4689E-02  0.2047E+00  0.2573E-01  0.4579E-02  0.8776E+00  0.3253E-01  0.2217E+00  0.1041E-01  0.4185E+00  0.5253E-01  0.9068E-01
     -2.883  0.3517E-01  0.2953E-02  0.2475E-01  0.6971E-02  0.6849E-01  0.6344E-01  0.1675E-01  0.3758E-02  0.3304E+00  0.2304E-01  0.7028E-02  0.6957E+00  0.5699E-01  0.2014E+00  0.1803E-01  0.3421E+00  0.1093E+00  0.7486E-01
     -2.873  0.8485E-02  0.2201E-02  0.6136E-02  0.5959E-02  0.3575E-01  0.6119E-01  0.8767E-02  0.2926E-02  0.1369E+00  0.2046E-01  0.3854E-02  0.5216E+00  0.2161E-01  0.1874E+00  0.6512E-02  0.2729E+00  0.4756E-01  0.6131E-01
     -2.863  0.2989E-02  0.1913E-02  0.2195E-02  0.6003E-02  0.3341E-01  0.7357E-01  0.8973E-02  0.2631E-02  0.8764E-01  0.2253E-01  0.3762E-02  0.4312E+00  0.1633E-01  0.2139E+00  0.5413E-02  0.2455E+00  0.3998E-01  0.5988E-01
     -2.853  0.2862E-02  0.6427E-03  0.2414E-02  0.3698E-02  0.3639E-01  0.1576E-01  0.1055E-01  0.1361E-02  0.9665E-01  0.5142E-02  0.4876E-02  0.3383E+00  0.1665E-01  0.3248E-01  0.5183E-02  0.1141E+00  0.4671E-01  0.2050E-01
     -2.843  0.4374E-02  0.7135E-03  0.4343E-02  0.4228E-02  0.4954E-01  0.1969E-01  0.1645E-01  0.1599E-02  0.1171E+00  0.6302E-02  0.9516E-02  0.3753E+00  0.1884E-01  0.4038E-01  0.6057E-02  0.1258E+00  0.7711E-01  0.2333E-01
     -2.833  0.7931E-02  0.7821E-03  0.7316E-02  0.4780E-02  0.6868E-01  0.2342E-01  0.2437E-01  0.1895E-02  0.1639E+00  0.7665E-02  0.1552E-01  0.4129E+00  0.2398E-01  0.4795E-01  0.8099E-02  0.1381E+00  0.1408E+00  0.2613E-01
     -2.823  0.5687E-02  0.8481E-03  0.6095E-02  0.5330E-02  0.5644E-01  0.2706E-01  0.2517E-01  0.2214E-02  0.1690E+00  0.9141E-02  0.1442E-01  0.4494E+00  0.2368E-01  0.5546E-01  0.7521E-02  0.1503E+00  0.1348E+00  0.2884E-01
     -2.813  0.7703E-02  0.9112E-03  0.8328E-02  0.5866E-02  0.6475E-01  0.3068E-01  0.3794E-01  0.2539E-02  0.2403E+00  0.1068E-01  0.1745E-01  0.4838E+00  0.3186E-01  0.6302E-01  0.1033E-01  0.1620E+00  0.1822E+00  0.3141E-01
     -2.803  0.7400E-02  0.1343E-02  0.8193E-02  0.8213E-02  0.5330E-01  0.5997E-01  0.3519E-01  0.3699E-02  0.2097E+00  0.2431E-01  0.1695E-01  0.6107E+00  0.2570E-01  0.1241E+00  0.8875E-02  0.2013E+00  0.1740E+00  0.5094E-01
     -2.793  0.6217E-02  0.1412E-02  0.6790E-02  0.8076E-02  0.3089E-01  0.6041E-01  0.2717E-01  0.4100E-02  0.1279E+00  0.2970E-01  0.1661E-01  0.6028E+00  0.1642E-01  0.1256E+00  0.6974E-02  0.2011E+00  0.1548E+00  0.5195E-01
     -2.783  0.5726E-02  0.1466E-02  0.6169E-02  0.7919E-02  0.2028E-01  0.5938E-01  0.2191E-01  0.4544E-02  0.9336E-01  0.3493E-01  0.1679E-01  0.5981E+00  0.1211E-01  0.1242E+00  0.5646E-02  0.2029E+00  0.1493E+00  0.5367E-01
     -2.773  0.5651E-02  0.9194E-03  0.5604E-02  0.6087E-02  0.1763E-01  0.3140E-01  0.1856E-01  0.3676E-02  0.9697E-01  0.1625E-01  0.1565E-01  0.4790E+00  0.1065E-01  0.6707E-01  0.4832E-02  0.1675E+00  0.1392E+00  0.3235E-01
     -2.763  0.6030E-02  0.8330E-03  0.5502E-02  0.4416E-02  0.1688E-01  0.2583E-01  0.1733E-01  0.2766E-02  0.1057E+00  0.1268E-01  0.1577E-01  0.3443E+00  0.9870E-02  0.5472E-01  0.4683E-02  0.1298E+00  0.1385E+00  0.2108E-01
     -2.753  0.7234E-02  0.8653E-03  0.4754E-02  0.3953E-02  0.1341E-01  0.2615E-01  0.1512E-01  0.2332E-02  0.1181E+00  0.1438E-01  0.1480E-01  0.2975E+00  0.8437E-02  0.5462E-01  0.4027E-02  0.1079E+00  0.1208E+00  0.1612E-01
     -2.743  0.8955E-02  0.2607E-02  0.4932E-02  0.9712E-02  0.1241E-01  0.5950E-01  0.1440E-01  0.9043E-02  0.1309E+00  0.2622E-01  0.1699E-01  0.5610E+00  0.8099E-02  0.9153E-01  0.3831E-02  0.2643E+00  0.1330E+00  0.8399E-01
     -2.733  0.1333E-01  0.3279E-02  0.4972E-02  0.8132E-02  0.9786E-02  0.6236E-01  0.1081E-01  0.1431E-01  0.1506E+00  0.2861E-01  0.2021E-01  0.5109E+00  0.8245E-02  0.1058E+00  0.2915E-02  0.3385E+00  0.1496E+00  0.7028E-01
     -2.723  0.1552E-01  0.3707E-02  0.5082E-02  0.7002E-02  0.9040E-02  0.5991E-01  0.9874E-02  0.1725E-01  0.1635E+00  0.3065E-01  0.2230E-01  0.4745E+00  0.8272E-02  0.1094E+00  0.2760E-02  0.3737E+00  0.1596E+00  0.6266E-01
     -2.713  0.1780E-01  0.3644E-02  0.5206E-02  0.5632E-02  0.8311E-02  0.5734E-01  0.8946E-02  0.1698E-01  0.1769E+00  0.3053E-01  0.2445E-01  0.3766E+00  0.8358E-02  0.1086E+00  0.2602E-02  0.3602E+00  0.1699E+00  0.6169E-01
     -2.703  0.2012E-01  0.5322E-02  0.5337E-02  0.9252E-02  0.7689E-02  0.7976E-01  0.8039E-02  0.3010E-01  0.1909E+00  0.3363E-01  0.2656E-01  0.6063E+00  0.8600E-02  0.1817E+00  0.2456E-02  0.6135E+00  0.1799E+00  0.1150E+00
     -2.693  0.2235E-01  0.4414E-02  0.5453E-02  0.5153E-02  0.7336E-02  0.6712E-01  0.7180E-02  0.2062E-01  0.2056E+00  0.3362E-01  0.2840E-01  0.3018E+00  0.9149E-02  0.1291E+00  0.2353E-02  0.4136E+00  0.1882E+00  0.6990E-01
     -2.683  0.2538E-01  0.4112E-02  0.5777E-02  0.4405E-02  0.7515E-02  0.6660E-01  0.6513E-02  0.1904E-01  0.2296E+00  0.3451E-01  0.3173E-01  0.2408E+00  0.9950E-02  0.1292E+00  0.2372E-02  0.3778E+00  0.2064E+00  0.6710E-01
     -2.673  0.4056E-01  0.3876E-02  0.8771E-02  0.3848E-02  0.9276E-02  0.6591E-01  0.6933E-02  0.1787E-01  0.3868E+00  0.3516E-01  0.4712E-01  0.1923E+00  0.1521E-01  0.1285E+00  0.3055E-02  0.3493E+00  0.2774E+00  0.6658E-01
     -2.663  0.6806E-01  0.3641E-02  0.1463E-01  0.3404E-02  0.1204E-01  0.6377E-01  0.8367E-02  0.1676E-01  0.6798E+00  0.3485E-01  0.7415E-01  0.1540E+00  0.2461E-01  0.1247E+00  0.4548E-02  0.3234E+00  0.3966E+00  0.6656E-01
     -2.653  0.1645E+00  0.3182E-02  0.3610E-01  0.2662E-02  0.1727E-01  0.5544E-01  0.1875E-01  0.1399E-01  0.1258E+01  0.3330E-01  0.1378E+00  0.9974E-01  0.5688E-01  0.1082E+00  0.7587E-02  0.2636E+00  0.6780E+00  0.6300E-01
     -2.643  0.4649E+00  0.2769E-02  0.9928E-01  0.2402E-02  0.3465E-01  0.5019E-01  0.4561E-01  0.1216E-01  0.2803E+01  0.3232E-01  0.3433E+00  0.8950E-01  0.1492E+00  0.9840E-01  0.1328E-01  0.2297E+00  0.1699E+01  0.5682E-01
     -2.633  0.1345E+00  0.2328E-02  0.3081E-01  0.2125E-02  0.2247E-01  0.4463E-01  0.1789E-01  0.1031E-01  0.7886E+00  0.3127E-01  0.8734E-01  0.7960E-01  0.4231E-01  0.8843E-01  0.1336E-01  0.1956E+00  0.5057E+00  0.5092E-01
     -2.623  0.1631E+00  0.1921E-02  0.3419E-01  0.1861E-02  0.2947E-01  0.3936E-01  0.1774E-01  0.8787E-02  0.7329E+00  0.3029E-01  0.1033E+00  0.7064E-01  0.4818E-01  0.7942E-01  0.1697E-01  0.1677E+00  0.6967E+00  0.4693E-01
     -2.613  0.2133E+00  0.1748E-02  0.4047E-01  0.1876E-02  0.4086E-01  0.4279E-01  0.1863E-01  0.9589E-02  0.7798E+00  0.3355E-01  0.1389E+00  0.6821E-01  0.6102E-01  0.9792E-01  0.2014E-01  0.1931E+00  0.1005E+01  0.5496E-01
     -2.603  0.9757E-01  0.1699E-02  0.2260E-01  0.2013E-02  0.2622E-01  0.5097E-01  0.1321E-01  0.1176E-01  0.4227E+00  0.3983E-01  0.5415E-01  0.6908E-01  0.2870E-01  0.1344E+00  0.2271E-01  0.2503E+00  0.4882E+00  0.6953E-01
     -2.593  0.1090E+00  0.1362E-02  0.2218E-01  0.1684E-02  0.3540E-01  0.4123E-01  0.1749E-01  0.1012E-01  0.4185E+00  0.3610E-01  0.6046E-01  0.5953E-01  0.3381E-01  0.1104E+00  0.3568E-01  0.2116E+00  0.7465E+00  0.6502E-01
     -2.583  0.1113E+00  0.1201E-02  0.2113E-01  0.1461E-02  0.4375E-01  0.3375E-01  0.2198E-01  0.8825E-02  0.5279E+00  0.3357E-01  0.5874E-01  0.5218E-01  0.3915E-01  0.8992E-01  0.6671E-01  0.1792E+00  0.1094E+01  0.6105E-01
     -2.573  0.5926E-01  0.1109E-02  0.1656E-01  0.1308E-02  0.2448E-01  0.2877E-01  0.1357E-01  0.7662E-02  0.4871E+00  0.3266E-01  0.3147E-01  0.4687E-01  0.2224E-01  0.7428E-01  0.6463E-01  0.1509E+00  0.7752E+00  0.5778E-01
     -2.563  0.3731E-01  0.1079E-02  0.1203E-01  0.1238E-02  0.1910E-01  0.2625E-01  0.1059E-01  0.7016E-02  0.4150E+00  0.3348E-01  0.1838E-01  0.4395E-01  0.1512E-01  0.6565E-01  0.5488E-01  0.1349E+00  0.5144E+00  0.5728E-01
     -2.553  0.3673E-01  0.1053E-02  0.1439E-01  0.1170E-02  0.1966E-01  0.2376E-01  0.8125E-02  0.6372E-02  0.7481E+00  0.3444E-01  0.1777E-01  0.4115E-01  0.1712E-01  0.5716E-01  0.7829E-01  0.1192E+00  0.3863E+00  0.5670E-01
     -2.543  0.3101E-01  0.1030E-02  0.9669E-02  0.1105E-02  0.1847E-01  0.2131E-01  0.8303E-02  0.5732E-02  0.4705E+00  0.3554E-01  0.9934E-02  0.3848E-01  0.1559E-01  0.4881E-01  0.5543E-01  0.1037E+00  0.2837E+00  0.5606E-01
     -2.533  0.3212E-01  0.1698E-02  0.6893E-02  0.1385E-02  0.1909E-01  0.2153E-01  0.8327E-02  0.8822E-02  0.3311E+00  0.4515E-01  0.6453E-02  0.4861E-01  0.1676E-01  0.5427E-01  0.4185E-01  0.1376E+00  0.2216E+00  0.7977E-01
     -2.523  0.3816E-01  0.1726E-02  0.6360E-02  0.1383E-02  0.2240E-01  0.2029E-01  0.8492E-02  0.8707E-02  0.3055E+00  0.4736E-01  0.5235E-02  0.4570E-01  0.1899E-01  0.4982E-01  0.3596E-01  0.1318E+00  0.1670E+00  0.7913E-01
     -2.513  0.4574E-01  0.1735E-02  0.6041E-02  0.1389E-02  0.2674E-01  0.1949E-01  0.8471E-02  0.8555E-02  0.2773E+00  0.4947E-01  0.4436E-02  0.4282E-01  0.2167E-01  0.4662E-01  0.3026E-01  0.1269E+00  0.1265E+00  0.7746E-01
     -2.503  0.5376E-01  0.1767E-02  0.5758E-02  0.1401E-02  0.3167E-01  0.1945E-01  0.8435E-02  0.8293E-02  0.2509E+00  0.5463E-01  0.3953E-02  0.3973E-01  0.2431E-01  0.4470E-01  0.2636E-01  0.1201E+00  0.1034E+00  0.7555E-01
     -2.493  0.6178E-01  0.1941E-02  0.5441E-02  0.1490E-02  0.3681E-01  0.2172E-01  0.8311E-02  0.8281E-02  0.2234E+00  0.6972E-01  0.3620E-02  0.3687E-01  0.2673E-01  0.4606E-01  0.2286E-01  0.1144E+00  0.8594E-01  0.7548E-01
     -2.483  0.6984E-01  0.2085E-02  0.5115E-02  0.1599E-02  0.4216E-01  0.2357E-01  0.8123E-02  0.8289E-02  0.1960E+00  0.7868E-01  0.3308E-02  0.3637E-01  0.2902E-01  0.4639E-01  0.1955E-01  0.1103E+00  0.7006E-01  0.7511E-01
     -2.473  0.8006E-01  0.2271E-02  0.5153E-02  0.1718E-02  0.4860E-01  0.2546E-01  0.8308E-02  0.8324E-02  0.1878E+00  0.8809E-01  0.3343E-02  0.3597E-01  0.3245E-01  0.4706E-01  0.1829E-01  0.1066E+00  0.6343E-01  0.7585E-01
     -2.463  0.9633E-01  0.2533E-02  0.5450E-02  0.1866E-02  0.5722E-01  0.2746E-01  0.8912E-02  0.8495E-02  0.1946E+00  0.9792E-01  0.3619E-02  0.3627E-01  0.3864E-01  0.4834E-01  0.1807E-01  0.1048E+00  0.6215E-01  0.7838E-01
     -2.453  0.1332E+00  0.2811E-02  0.6690E-02  0.2017E-02  0.7643E-01  0.2969E-01  0.1018E-01  0.8561E-02  0.2173E+00  0.1081E+00  0.4713E-02  0.3690E-01  0.5194E-01  0.5006E-01  0.1998E-01  0.1021E+00  0.6466E-01  0.8088E-01
     -2.443  0.1909E+00  0.3160E-02  0.8228E-02  0.2212E-02  0.1043E+00  0.3251E-01  0.1180E-01  0.8744E-02  0.2349E+00  0.1204E+00  0.6227E-02  0.3802E-01  0.7184E-01  0.5344E-01  0.2207E-01  0.1018E+00  0.6750E-01  0.8619E-01
     -2.433  0.2086E+00  0.3632E-02  0.6744E-02  0.2499E-02  0.1124E+00  0.3620E-01  0.1297E-01  0.9083E-02  0.2453E+00  0.1397E+00  0.4994E-02  0.4000E-01  0.8129E-01  0.5937E-01  0.1757E-01  0.1040E+00  0.6563E-01  0.9630E-01
     -2.423  0.2408E+00  0.4796E-02  0.5853E-02  0.3021E-02  0.1289E+00  0.3911E-01  0.1495E-01  0.8683E-02  0.2788E+00  0.1652E+00  0.3931E-02  0.4021E-01  0.9679E-01  0.6736E-01  0.1454E-01  0.9687E-01  0.7413E-01  0.1068E+00
     -2.413  0.2184E+00  0.6176E-02  0.4863E-02  0.3745E-02  0.9274E-01  0.4183E-01  0.1239E-01  0.8488E-02  0.2672E+00  0.1952E+00  0.3785E-02  0.4216E-01  0.9101E-01  0.7531E-01  0.1067E-01  0.9244E-01  0.7053E-01  0.1197E+00
     -2.403  0.2496E+00  0.8369E-02  0.4993E-02  0.4914E-02  0.9956E-01  0.4546E-01  0.1299E-01  0.8517E-02  0.2949E+00  0.2400E+00  0.3897E-02  0.4651E-01  0.1044E+00  0.8538E-01  0.1021E-01  0.9059E-01  0.7984E-01  0.1447E+00
     -2.393  0.2622E+00  0.1229E-01  0.4488E-02  0.6935E-02  0.1001E+00  0.5188E-01  0.1172E-01  0.8729E-02  0.2887E+00  0.3035E+00  0.3663E-02  0.5611E-01  0.1087E+00  0.1013E+00  0.9493E-02  0.9002E-01  0.7970E-01  0.1819E+00
     -2.383  0.2470E+00  0.1643E-01  0.3112E-02  0.9066E-02  0.9039E-01  0.5871E-01  0.7944E-02  0.9259E-02  0.2369E+00  0.3684E+00  0.3114E-02  0.6700E-01  0.9951E-01  0.1170E+00  0.8477E-02  0.9285E-01  0.6920E-01  0.2200E+00
     -2.373  0.2541E+00  0.2100E-01  0.2313E-02  0.1124E-01  0.8698E-01  0.6361E-01  0.5822E-02  0.9679E-02  0.2213E+00  0.4187E+00  0.2928E-02  0.7722E-01  0.1008E+00  0.1280E+00  0.7944E-02  0.9422E-01  0.7086E-01  0.2582E+00
     -2.363  0.3156E+00  0.2618E-01  0.2203E-02  0.1339E-01  0.9904E-01  0.6482E-01  0.5883E-02  0.9830E-02  0.2553E+00  0.4388E+00  0.3015E-02  0.8584E-01  0.1245E+00  0.1293E+00  0.8502E-02  0.9219E-01  0.8888E-01  0.2971E+00
     -2.353  0.6693E+00  0.3300E-01  0.4071E-02  0.1741E-01  0.2085E+00  0.6070E-01  0.1829E-01  0.1032E-01  0.4464E+00  0.5240E+00  0.6296E-02  0.1003E+00  0.2554E+00  0.1337E+00  0.1666E-01  0.1020E+00  0.1591E+00  0.3999E+00
     -2.343  0.5202E+00  0.3843E-01  0.4702E-02  0.2220E-01  0.1537E+00  0.4732E-01  0.1898E-01  0.9704E-02  0.3625E+00  0.6345E+00  0.6867E-02  0.1165E+00  0.1985E+00  0.1409E+00  0.1202E-01  0.1077E+00  0.1552E+00  0.4981E+00
     -2.333  0.3226E+00  0.3264E-01  0.2582E-02  0.1885E-01  0.8037E-01  0.3498E-01  0.6309E-02  0.5672E-02  0.2520E+00  0.4321E+00  0.3147E-02  0.1024E+00  0.1266E+00  0.1223E+00  0.6684E-02  0.5318E-01  0.9897E-01  0.2780E+00
     -2.323  0.2498E+00  0.3648E-01  0.3195E-02  0.2057E-01  0.6190E-01  0.3660E-01  0.6707E-02  0.5673E-02  0.1902E+00  0.4248E+00  0.2659E-02  0.1140E+00  0.9688E-01  0.1310E+00  0.5173E-02  0.4239E-01  0.7984E-01  0.2436E+00
     -2.313  0.2122E+00  0.5119E-01  0.3977E-02  0.2840E-01  0.5164E-01  0.4742E-01  0.7603E-02  0.7199E-02  0.1588E+00  0.6179E+00  0.2460E-02  0.1524E+00  0.8140E-01  0.1704E+00  0.4363E-02  0.4787E-01  0.7263E-01  0.3302E+00
     -2.303  0.1934E+00  0.6444E-01  0.4954E-02  0.3517E-01  0.4544E-01  0.6010E-01  0.9004E-02  0.8626E-02  0.1493E+00  0.7981E+00  0.2647E-02  0.1823E+00  0.7386E-01  0.2034E+00  0.3970E-02  0.5452E-01  0.7738E-01  0.4136E+00
     -2.293  0.2049E+00  0.8828E-01  0.9358E-02  0.4588E-01  0.3948E-01  0.9469E-01  0.1869E-01  0.1095E-01  0.1766E+00  0.9388E+00  0.4307E-02  0.2394E+00  0.7708E-01  0.2663E+00  0.3711E-02  0.5962E-01  0.1183E+00  0.5340E+00
     -2.283  0.1600E+00  0.7932E-01  0.9761E-02  0.4338E-01  0.2974E-01  0.5518E-01  0.1713E-01  0.1248E-01  0.1553E+00  0.7336E+00  0.4450E-02  0.2340E+00  0.5967E-01  0.2277E+00  0.3069E-02  0.4523E-01  0.1308E+00  0.3021E+00
     -2.273  0.8747E-01  0.7508E-01  0.7278E-02  0.3875E-01  0.2017E-01  0.3708E-01  0.7753E-02  0.1198E-01  0.9874E-01  0.5216E+00  0.2676E-02  0.2022E+00  0.3328E-01  0.1707E+00  0.2213E-02  0.3716E-01  0.7618E-01  0.2347E+00
     -2.263  0.6313E-01  0.7011E-01  0.7593E-02  0.3526E-01  0.1468E-01  0.3475E-01  0.7690E-02  0.1166E-01  0.8464E-01  0.4321E+00  0.2426E-02  0.1827E+00  0.2425E-01  0.1425E+00  0.1926E-02  0.3321E-01  0.6946E-01  0.2093E+00
     -2.253  0.4070E-01  0.7215E-01  0.7885E-02  0.3534E-01  0.1062E-01  0.3820E-01  0.7496E-02  0.1269E-01  0.6721E-01  0.4142E+00  0.2022E-02  0.1801E+00  0.1582E-01  0.1331E+00  0.1981E-02  0.3429E-01  0.5817E-01  0.2023E+00
     -2.243  0.2880E-01  0.9816E-01  0.8221E-02  0.4536E-01  0.7816E-02  0.5463E-01  0.7741E-02  0.1723E-01  0.6237E-01  0.5329E+00  0.1892E-02  0.2155E+00  0.1170E-01  0.1521E+00  0.2032E-02  0.4601E-01  0.5451E-01  0.2840E+00
     -2.233  0.2184E-01  0.1049E+00  0.8504E-02  0.4758E-01  0.6862E-02  0.5681E-01  0.8064E-02  0.2004E-01  0.6048E-01  0.5597E+00  0.1805E-02  0.2217E+00  0.9358E-02  0.1599E+00  0.2315E-02  0.4954E-01  0.5283E-01  0.2813E+00
     -2.223  0.1670E-01  0.7666E-01  0.8697E-02  0.3510E-01  0.6586E-02  0.4309E-01  0.8299E-02  0.1675E-01  0.6018E-01  0.3825E+00  0.1716E-02  0.1699E+00  0.7747E-02  0.1252E+00  0.2730E-02  0.3831E-01  0.5141E-01  0.1797E+00
     -2.213  0.1225E-01  0.5288E-01  0.8884E-02  0.2393E-01  0.6587E-02  0.3438E-01  0.8362E-02  0.1325E-01  0.6131E-01  0.2316E+00  0.1609E-02  0.1187E+00  0.6511E-02  0.8557E-01  0.3233E-02  0.2956E-01  0.4923E-01  0.1168E+00
     -2.203  0.1037E-01  0.4627E-01  0.1135E-01  0.2034E-01  0.7663E-02  0.2991E-01  0.8398E-02  0.1245E-01  0.7690E-01  0.1848E+00  0.1533E-02  0.1002E+00  0.6986E-02  0.6880E-01  0.4165E-02  0.2632E-01  0.4757E-01  0.9596E-01
     -2.193  0.8816E-02  0.4342E-01  0.1277E-01  0.1887E-01  0.8270E-02  0.2816E-01  0.8358E-02  0.1197E-01  0.8856E-01  0.1654E+00  0.1443E-02  0.9300E-01  0.7367E-02  0.6231E-01  0.4863E-02  0.2446E-01  0.4785E-01  0.8788E-01
     -2.183  0.7076E-02  0.4208E-01  0.1691E-01  0.1815E-01  0.1234E-01  0.2766E-01  0.8252E-02  0.1196E-01  0.2433E+00  0.1530E+00  0.2536E-02  0.8972E-01  0.1463E-01  0.5885E-01  0.1047E-01  0.2390E-01  0.5085E-01  0.8320E-01
     -2.173  0.4671E-02  0.4241E-01  0.1471E-01  0.1814E-01  0.1483E-01  0.2845E-01  0.6357E-02  0.1272E-01  0.2417E+00  0.1445E+00  0.1708E-02  0.8984E-01  0.1584E-01  0.5771E-01  0.1401E-01  0.2525E-01  0.4838E-01  0.8208E-01
     -2.163  0.3812E-02  0.4295E-01  0.2171E-01  0.1829E-01  0.2317E-01  0.2932E-01  0.1030E-01  0.1366E-01  0.3297E+00  0.1382E+00  0.1832E-02  0.9087E-01  0.2407E-01  0.5774E-01  0.2457E-01  0.2707E-01  0.6843E-01  0.8213E-01
     -2.153  0.3172E-02  0.4371E-01  0.2004E-01  0.1862E-01  0.2678E-01  0.3036E-01  0.1198E-01  0.1482E-01  0.2974E+00  0.1348E+00  0.2091E-02  0.9302E-01  0.2297E-01  0.5928E-01  0.2889E-01  0.2956E-01  0.7154E-01  0.8363E-01
     -2.143  0.2001E-02  0.4457E-01  0.9218E-02  0.1900E-01  0.1801E-01  0.3129E-01  0.8864E-02  0.1609E-01  0.1570E+00  0.1321E+00  0.1371E-02  0.9551E-01  0.1164E-01  0.6113E-01  0.1928E-01  0.3211E-01  0.5657E-01  0.8560E-01
     -2.133  0.1660E-02  0.4550E-01  0.6964E-02  0.1945E-01  0.1738E-01  0.3209E-01  0.8613E-02  0.1746E-01  0.1275E+00  0.1301E+00  0.1308E-02  0.9834E-01  0.9632E-02  0.6327E-01  0.1859E-01  0.3472E-01  0.5420E-01  0.8803E-01
     -2.123  0.1309E-02  0.4653E-01  0.4554E-02  0.1996E-01  0.1409E-01  0.3278E-01  0.7046E-02  0.1892E-01  0.7580E-01  0.1287E+00  0.1123E-02  0.1015E+00  0.6294E-02  0.6571E-01  0.1339E-01  0.3739E-01  0.3521E-01  0.9093E-01
     -2.113  0.9934E-03  0.4894E-01  0.3351E-02  0.2107E-01  0.1183E-01  0.3369E-01  0.6366E-02  0.2070E-01  0.5173E-01  0.1315E+00  0.1203E-02  0.1075E+00  0.4719E-02  0.6987E-01  0.1044E-01  0.4057E-01  0.3186E-01  0.9648E-01
     -2.103  0.9463E-03  0.4051E-01  0.2904E-02  0.1635E-01  0.1184E-01  0.2857E-01  0.7861E-02  0.1364E-01  0.3984E-01  0.9252E-01  0.1488E-02  0.8438E-01  0.4241E-02  0.5168E-01  0.1078E-01  0.2590E-01  0.3855E-01  0.6884E-01
     -2.093  0.9204E-03  0.4086E-01  0.2551E-02  0.1504E-01  0.1194E-01  0.2964E-01  0.9444E-02  0.1237E-01  0.2955E-01  0.7738E-01  0.1778E-02  0.7684E-01  0.3871E-02  0.4655E-01  0.1133E-01  0.2238E-01  0.4551E-01  0.6100E-01
     -2.083  0.9171E-03  0.3839E-01  0.2319E-02  0.1355E-01  0.1229E-01  0.2782E-01  0.1110E-01  0.1179E-01  0.2178E-01  0.6769E-01  0.2073E-02  0.6914E-01  0.3692E-02  0.4250E-01  0.1224E-01  0.2070E-01  0.5322E-01  0.5766E-01
     -2.073  0.9373E-03  0.3618E-01  0.2281E-02  0.1221E-01  0.1245E-01  0.2637E-01  0.1172E-01  0.1118E-01  0.1761E-01  0.5815E-01  0.2189E-02  0.6212E-01  0.3585E-02  0.3836E-01  0.1282E-01  0.1894E-01  0.5769E-01  0.5491E-01
     -2.063  0.9556E-03  0.3355E-01  0.2274E-02  0.1064E-01  0.1246E-01  0.2483E-01  0.1212E-01  0.1004E-01  0.1363E-01  0.4670E-01  0.2281E-02  0.5327E-01  0.3463E-02  0.3255E-01  0.1318E-01  0.1897E-01  0.6158E-01  0.4882E-01
     -2.053  0.6045E-03  0.3229E-01  0.1644E-02  0.9751E-02  0.1163E-01  0.2375E-01  0.1100E-01  0.9481E-02  0.8109E-02  0.3869E-01  0.1946E-02  0.4817E-01  0.2661E-02  0.2872E-01  0.1235E-01  0.2162E-01  0.5354E-01  0.4370E-01
     -2.043  0.5478E-03  0.3289E-01  0.1617E-02  0.9643E-02  0.1034E-01  0.2349E-01  0.1018E-01  0.9636E-02  0.6625E-02  0.3353E-01  0.1800E-02  0.4736E-01  0.2462E-02  0.2721E-01  0.1162E-01  0.2582E-01  0.5267E-01  0.3987E-01
     -2.033  0.4970E-03  0.3823E-01  0.1590E-02  0.1121E-01  0.8734E-02  0.2567E-01  0.9431E-02  0.1132E-01  0.5842E-02  0.3431E-01  0.1630E-02  0.5514E-01  0.2268E-02  0.3099E-01  0.1098E-01  0.3246E-01  0.5174E-01  0.4218E-01
     -2.023  0.3958E-03  0.3217E-01  0.1429E-02  0.7939E-02  0.6515E-02  0.2556E-01  0.8093E-02  0.9121E-02  0.5180E-02  0.3159E-01  0.1372E-02  0.3700E-01  0.1981E-02  0.2254E-01  0.9885E-02  0.2298E-01  0.5051E-01  0.3474E-01
     -2.013  0.2572E-03  0.3287E-01  0.1092E-02  0.7640E-02  0.4118E-02  0.3103E-01  0.5875E-02  0.1235E-01  0.5066E-02  0.4124E-01  0.1024E-02  0.3529E-01  0.1574E-02  0.2585E-01  0.8086E-02  0.3557E-01  0.4563E-01  0.5859E-01
     -2.003  0.2783E-03  0.2970E-01  0.1364E-02  0.6831E-02  0.4298E-02  0.3254E-01  0.6416E-02  0.1471E-01  0.5303E-02  0.4937E-01  0.1191E-02  0.3224E-01  0.1734E-02  0.2738E-01  0.8917E-02  0.4616E-01  0.5258E-01  0.8037E-01
     -1.993  0.3129E-03  0.2777E-01  0.1734E-02  0.6562E-02  0.4648E-02  0.3165E-01  0.7215E-02  0.1535E-01  0.5603E-02  0.5503E-01  0.1435E-02  0.3220E-01  0.2019E-02  0.2665E-01  0.1024E-01  0.5016E-01  0.6280E-01  0.9048E-01
     -1.983  0.3368E-03  0.2605E-01  0.1648E-02  0.6330E-02  0.4935E-02  0.2911E-01  0.7490E-02  0.1478E-01  0.5635E-02  0.5673E-01  0.1315E-02  0.3208E-01  0.2073E-02  0.2452E-01  0.1114E-01  0.4948E-01  0.6075E-01  0.9145E-01
     -1.973  0.4034E-03  0.2553E-01  0.1651E-02  0.7064E-02  0.5824E-02  0.2769E-01  0.7747E-02  0.1490E-01  0.8192E-02  0.7841E-01  0.1366E-02  0.3954E-01  0.2537E-02  0.2654E-01  0.1242E-01  0.5354E-01  0.6013E-01  0.1139E+00
     -1.963  0.4077E-03  0.2749E-01  0.1630E-02  0.7089E-02  0.5828E-02  0.2657E-01  0.8202E-02  0.1412E-01  0.8783E-02  0.7849E-01  0.1358E-02  0.3887E-01  0.2569E-02  0.2418E-01  0.1378E-01  0.4946E-01  0.5988E-01  0.1149E+00
     -1.953  0.4130E-03  0.2282E-01  0.1613E-02  0.4768E-02  0.5857E-02  0.2187E-01  0.8725E-02  0.1068E-01  0.9484E-02  0.6043E-01  0.1359E-02  0.2507E-01  0.2629E-02  0.1833E-01  0.1531E-01  0.3357E-01  0.5990E-01  0.7787E-01
     -1.943  0.4414E-03  0.2306E-01  0.1794E-02  0.4404E-02  0.5868E-02  0.2131E-01  0.1082E-01  0.1003E-01  0.1171E-01  0.5887E-01  0.1548E-02  0.2274E-01  0.3075E-02  0.1728E-01  0.2042E-01  0.3022E-01  0.7443E-01  0.7293E-01
     -1.933  0.3976E-03  0.2099E-01  0.1678E-02  0.3970E-02  0.5238E-02  0.1868E-01  0.1132E-01  0.9611E-02  0.1238E-01  0.5621E-01  0.1543E-02  0.2079E-01  0.3067E-02  0.1630E-01  0.2241E-01  0.2838E-01  0.7698E-01  0.7228E-01
     -1.923  0.3364E-03  0.1859E-01  0.1080E-02  0.3317E-02  0.3801E-02  0.1666E-01  0.6526E-02  0.8971E-02  0.8315E-02  0.5177E-01  0.8431E-03  0.1748E-01  0.1615E-02  0.1461E-01  0.1336E-01  0.2588E-01  0.4557E-01  0.6936E-01
     -1.913  0.4336E-03  0.2847E-01  0.1283E-02  0.4447E-02  0.4162E-02  0.2868E-01  0.6627E-02  0.1179E-01  0.9756E-02  0.9757E-01  0.8345E-03  0.2447E-01  0.1816E-02  0.2133E-01  0.1523E-01  0.3625E-01  0.5726E-01  0.9499E-01
     -1.903  0.8507E-03  0.2862E-01  0.1749E-02  0.3935E-02  0.6473E-02  0.2543E-01  0.1029E-01  0.1389E-01  0.1558E-01  0.8639E-01  0.8493E-03  0.1909E-01  0.2983E-02  0.1875E-01  0.2533E-01  0.3773E-01  0.7820E-01  0.9146E-01
     -1.892  0.9453E-03  0.2672E-01  0.2060E-02  0.3425E-02  0.6350E-02  0.1947E-01  0.7781E-02  0.9422E-02  0.1321E-01  0.4762E-01  0.5713E-03  0.1495E-01  0.2323E-02  0.1758E-01  0.2420E-01  0.2029E-01  0.9520E-01  0.8494E-01
     -1.882  0.8164E-03  0.3139E-01  0.1425E-02  0.3756E-02  0.4499E-02  0.2012E-01  0.4921E-02  0.8961E-02  0.1274E-01  0.4877E-01  0.4734E-03  0.1679E-01  0.2174E-02  0.2097E-01  0.1622E-01  0.1824E-01  0.6944E-01  0.8317E-01
     -1.872  0.8011E-03  0.3087E-01  0.9327E-03  0.3478E-02  0.3354E-02  0.1881E-01  0.2906E-02  0.7742E-02  0.1536E-01  0.4441E-01  0.4533E-03  0.1530E-01  0.2534E-02  0.2042E-01  0.1038E-01  0.1449E-01  0.5316E-01  0.7592E-01
     -1.862  0.1253E-02  0.2969E-01  0.1131E-02  0.3275E-02  0.5357E-02  0.1743E-01  0.3928E-02  0.6711E-02  0.2568E-01  0.4130E-01  0.5653E-03  0.1439E-01  0.4357E-02  0.1967E-01  0.1495E-01  0.1159E-01  0.7833E-01  0.7169E-01
     -1.852  0.1800E-02  0.2926E-01  0.1376E-02  0.3147E-02  0.7378E-02  0.1744E-01  0.4946E-02  0.6113E-02  0.3545E-01  0.4602E-01  0.6912E-03  0.1406E-01  0.6393E-02  0.1982E-01  0.1994E-01  0.1033E-01  0.1009E+00  0.7457E-01
     -1.842  0.2299E-02  0.2762E-01  0.1635E-02  0.2908E-02  0.8684E-02  0.1686E-01  0.5417E-02  0.5774E-02  0.4022E-01  0.5216E-01  0.7528E-03  0.1345E-01  0.7874E-02  0.1919E-01  0.2276E-01  0.9748E-02  0.1109E+00  0.7580E-01
     -1.832  0.2348E-02  0.3039E-01  0.1538E-02  0.2978E-02  0.8397E-02  0.1773E-01  0.5208E-02  0.5629E-02  0.3873E-01  0.6162E-01  0.6925E-03  0.1407E-01  0.8123E-02  0.2143E-01  0.2150E-01  0.8707E-02  0.1009E+00  0.7982E-01
     -1.822  0.2413E-02  0.2776E-01  0.1445E-02  0.2651E-02  0.8232E-02  0.1569E-01  0.5090E-02  0.5254E-02  0.3827E-01  0.6513E-01  0.6432E-03  0.1315E-01  0.8430E-02  0.1999E-01  0.2062E-01  0.7732E-02  0.9092E-01  0.7760E-01
     -1.812  0.2486E-02  0.2854E-01  0.1348E-02  0.2832E-02  0.8099E-02  0.1670E-01  0.4998E-02  0.7361E-02  0.3812E-01  0.8437E-01  0.5987E-03  0.1515E-01  0.8770E-02  0.2050E-01  0.1974E-01  0.9094E-02  0.8022E-01  0.1070E+00
     -1.802  0.2580E-02  0.3099E-01  0.1258E-02  0.3169E-02  0.8101E-02  0.1907E-01  0.5039E-02  0.1035E-01  0.3885E-01  0.1150E+00  0.5642E-03  0.1837E-01  0.9168E-02  0.2197E-01  0.1945E-01  0.1092E-01  0.7002E-01  0.1527E+00
     -1.792  0.2791E-02  0.2922E-01  0.1285E-02  0.2429E-02  0.8650E-02  0.1721E-01  0.5433E-02  0.8523E-02  0.4598E-01  0.1043E+00  0.5786E-03  0.1367E-01  0.9777E-02  0.1962E-01  0.2200E-01  0.9244E-02  0.7143E-01  0.1141E+00
     -1.782  0.2957E-02  0.2714E-01  0.1332E-02  0.1631E-02  0.8388E-02  0.1537E-01  0.5121E-02  0.7049E-02  0.6496E-01  0.9760E-01  0.5988E-03  0.8860E-02  0.9675E-02  0.1707E-01  0.2434E-01  0.7774E-02  0.8363E-01  0.7713E-01
     -1.772  0.3188E-02  0.2955E-01  0.1434E-02  0.1648E-02  0.9122E-02  0.1668E-01  0.5672E-02  0.7508E-02  0.7654E-01  0.1059E+00  0.6646E-03  0.8889E-02  0.1035E-01  0.1823E-01  0.2840E-01  0.7969E-02  0.9928E-01  0.8041E-01
     -1.762  0.3417E-02  0.3227E-01  0.1535E-02  0.1686E-02  0.9845E-02  0.1822E-01  0.6184E-02  0.7962E-02  0.8863E-01  0.1148E+00  0.7305E-03  0.8987E-02  0.1103E-01  0.1958E-01  0.3240E-01  0.8289E-02  0.1151E+00  0.8470E-01
     -1.752  0.3825E-02  0.3624E-01  0.1671E-02  0.1711E-02  0.1040E-01  0.1979E-01  0.6509E-02  0.8175E-02  0.1089E+00  0.1268E+00  0.8064E-03  0.8920E-02  0.1221E-01  0.2191E-01  0.3575E-01  0.8541E-02  0.1361E+00  0.8655E-01
     -1.742  0.4260E-02  0.4463E-01  0.1773E-02  0.1765E-02  0.1048E-01  0.2195E-01  0.6540E-02  0.8073E-02  0.1309E+00  0.1540E+00  0.8639E-03  0.8930E-02  0.1348E-01  0.2766E-01  0.3751E-01  0.8765E-02  0.1566E+00  0.8773E-01
     -1.732  0.4458E-02  0.5875E-01  0.1790E-02  0.1816E-02  0.1028E-01  0.2529E-01  0.6514E-02  0.7756E-02  0.1436E+00  0.2049E+00  0.8865E-03  0.8895E-02  0.1410E-01  0.3739E-01  0.3861E-01  0.8817E-02  0.1706E+00  0.8895E-01
     -1.722  0.4679E-02  0.8412E-01  0.1825E-02  0.2292E-02  0.1015E-01  0.3544E-01  0.6625E-02  0.1184E-01  0.1541E+00  0.3001E+00  0.9257E-03  0.1141E-01  0.1487E-01  0.5592E-01  0.3928E-01  0.1047E-01  0.2086E+00  0.1300E+00
     -1.712  0.4848E-02  0.9155E-01  0.1808E-02  0.2545E-02  0.9944E-02  0.3880E-01  0.5264E-02  0.1377E-01  0.1882E+00  0.3361E+00  0.9294E-03  0.1303E-01  0.1519E-01  0.6232E-01  0.3726E-01  0.1171E-01  0.2656E+00  0.1529E+00
     -1.702  0.4978E-02  0.9423E-01  0.1742E-02  0.2440E-02  0.1049E-01  0.3831E-01  0.4873E-02  0.1336E-01  0.2446E+00  0.3559E+00  0.1119E-02  0.1269E-01  0.1543E-01  0.6397E-01  0.4214E-01  0.1249E-01  0.3200E+00  0.1527E+00
     -1.692  0.5041E-02  0.1027E+00  0.1690E-02  0.3021E-02  0.1036E-01  0.4165E-01  0.4574E-02  0.1241E-01  0.2718E+00  0.3944E+00  0.1215E-02  0.1558E-01  0.1548E-01  0.6834E-01  0.4347E-01  0.1812E-01  0.3445E+00  0.2054E+00
     -1.682  0.5093E-02  0.9975E-01  0.1640E-02  0.2033E-02  0.1025E-01  0.3516E-01  0.4298E-02  0.7295E-02  0.2996E+00  0.3802E+00  0.1316E-02  0.1076E-01  0.1549E-01  0.6689E-01  0.4495E-01  0.1103E-01  0.3695E+00  0.1431E+00
     -1.672  0.5136E-02  0.1024E+00  0.1591E-02  0.1852E-02  0.1016E-01  0.3555E-01  0.4044E-02  0.6737E-02  0.3282E+00  0.3930E+00  0.1423E-02  0.9728E-02  0.1546E-01  0.6894E-01  0.4659E-01  0.1056E-01  0.3953E+00  0.1479E+00
     -1.662  0.6010E-02  0.1029E+00  0.1620E-02  0.1653E-02  0.1140E-01  0.3424E-01  0.3996E-02  0.5690E-02  0.4591E+00  0.4000E+00  0.2218E-02  0.8677E-02  0.1840E-01  0.6979E-01  0.5876E-01  0.9547E-02  0.4826E+00  0.1425E+00
     -1.652  0.6937E-02  0.1430E+00  0.1680E-02  0.1661E-02  0.1343E-01  0.4284E-01  0.4134E-02  0.5315E-02  0.6356E+00  0.5841E+00  0.3481E-02  0.8719E-02  0.2174E-01  0.9762E-01  0.7537E-01  0.9714E-02  0.6036E+00  0.1526E+00
     -1.642  0.8674E-02  0.2403E+00  0.1785E-02  0.1917E-02  0.1490E-01  0.6509E-01  0.4755E-02  0.5443E-02  0.8576E+00  0.1043E+01  0.4876E-02  0.1022E-01  0.2733E-01  0.1660E+00  0.9604E-01  0.1149E-01  0.7362E+00  0.1763E+00
     -1.632  0.8603E-02  0.1795E+00  0.1736E-02  0.1416E-02  0.1495E-01  0.4907E-01  0.5048E-02  0.4662E-02  0.9893E+00  0.8348E+00  0.5929E-02  0.8184E-02  0.2740E-01  0.1259E+00  0.1063E+00  0.1187E-01  0.8224E+00  0.1645E+00
     -1.622  0.4800E-02  0.3361E-01  0.1264E-02  0.7942E-03  0.1344E-01  0.1432E-01  0.4929E-02  0.3721E-02  0.8258E+00  0.2321E+00  0.5758E-02  0.5649E-02  0.1600E-01  0.2655E-01  0.9479E-01  0.1184E-01  0.7745E+00  0.1505E+00
     -1.612  0.2684E-02  0.3641E-01  0.1053E-02  0.8248E-03  0.1307E-01  0.1490E-01  0.5227E-02  0.3781E-02  0.7346E+00  0.2727E+00  0.5873E-02  0.5956E-02  0.9657E-02  0.2868E-01  0.8983E-01  0.1356E-01  0.7682E+00  0.1672E+00
     -1.602  0.3564E-02  0.3924E-01  0.1292E-02  0.8579E-03  0.1575E-01  0.1547E-01  0.6312E-02  0.3850E-02  0.9697E+00  0.3147E+00  0.7395E-02  0.6268E-02  0.1249E-01  0.3082E-01  0.1094E+00  0.1536E-01  0.1017E+01  0.1844E+00
     -1.592  0.4886E-02  0.4245E-01  0.1668E-02  0.8999E-03  0.1948E-01  0.1622E-01  0.7097E-02  0.4020E-02  0.1279E+01  0.3581E+00  0.9285E-02  0.6622E-02  0.1621E-01  0.3328E-01  0.1352E+00  0.1712E-01  0.1349E+01  0.2017E+00
     -1.582  0.1008E-01  0.4602E-01  0.3341E-02  0.9482E-03  0.3021E-01  0.1711E-01  0.6635E-02  0.4269E-02  0.1972E+01  0.4027E+00  0.1661E-01  0.7003E-02  0.2701E-01  0.3606E-01  0.2105E+00  0.1885E-01  0.2395E+01  0.2191E+00
     -1.572  0.1117E-01  0.5047E-01  0.3237E-02  0.1027E-02  0.2442E-01  0.1823E-01  0.4854E-02  0.4542E-02  0.1438E+01  0.4594E+00  0.1941E-01  0.7709E-02  0.2995E-01  0.3966E-01  0.1663E+00  0.2147E-01  0.2237E+01  0.2478E+00
     -1.562  0.6393E-02  0.5910E-01  0.1460E-02  0.1212E-02  0.1855E-01  0.2041E-01  0.6565E-02  0.5155E-02  0.1946E+01  0.5565E+00  0.2501E-01  0.9401E-02  0.2063E-01  0.4672E-01  0.1755E+00  0.2720E-01  0.1617E+01  0.3169E+00
     -1.552  0.4278E-02  0.6611E-01  0.8389E-03  0.1371E-02  0.1358E-01  0.2221E-01  0.6880E-02  0.5875E-02  0.1982E+01  0.6324E+00  0.3282E-01  0.1058E-01  0.1338E-01  0.5209E-01  0.1478E+00  0.3188E-01  0.1219E+01  0.3751E+00
     -1.542  0.4839E-02  0.5657E-01  0.8752E-03  0.1374E-02  0.1229E-01  0.1902E-01  0.7261E-02  0.4138E-02  0.1955E+01  0.6066E+00  0.4093E-01  0.1069E-01  0.1341E-01  0.4609E-01  0.1338E+00  0.3122E-01  0.1170E+01  0.3814E+00
     -1.532  0.5957E-02  0.7878E-01  0.1128E-02  0.1658E-02  0.1414E-01  0.2494E-01  0.8047E-02  0.3542E-02  0.2520E+01  0.7448E+00  0.8251E-01  0.1202E-01  0.1909E-01  0.6272E-01  0.1366E+00  0.3767E-01  0.1393E+01  0.4541E+00
     -1.522  0.8141E-02  0.8267E-01  0.1305E-02  0.1823E-02  0.2123E-01  0.2501E-01  0.1132E-01  0.3677E-02  0.4310E+01  0.9119E+00  0.1123E+00  0.1456E-01  0.2846E-01  0.6609E-01  0.1814E+00  0.4038E-01  0.2174E+01  0.4705E+00
     -1.512  0.1109E-01  0.8604E-01  0.1156E-02  0.1983E-02  0.1867E-01  0.2589E-01  0.1072E-01  0.3844E-02  0.3619E+01  0.1032E+01  0.1335E+00  0.1694E-01  0.4141E-01  0.6843E-01  0.1441E+00  0.4406E-01  0.2000E+01  0.4968E+00
     -1.502  0.1087E-01  0.1221E+00  0.1316E-02  0.2754E-02  0.1667E-01  0.3304E-01  0.1045E-01  0.5160E-02  0.2076E+01  0.1526E+01  0.1381E+00  0.2279E-01  0.4304E-01  0.9933E-01  0.9222E-01  0.7159E-01  0.1949E+01  0.8207E+00
     -1.492  0.1641E-01  0.2084E+00  0.1495E-02  0.4627E-02  0.1683E-01  0.4861E-01  0.1129E-01  0.8353E-02  0.1528E+01  0.3055E+01  0.1314E+00  0.3269E-01  0.5029E-01  0.1779E+00  0.6884E-01  0.1297E+00  0.1712E+01  0.1422E+01
     -1.482  0.2185E-01  0.2748E+00  0.3407E-02  0.5091E-02  0.2385E-01  0.5677E-01  0.1911E-01  0.7844E-02  0.1112E+01  0.4199E+01  0.2574E+00  0.4137E-01  0.8102E-01  0.2381E+00  0.9168E-01  0.1339E+00  0.4067E+01  0.1135E+01
     -1.472  0.1990E-01  0.2566E+00  0.4606E-02  0.3381E-02  0.1910E-01  0.5016E-01  0.2765E-01  0.5019E-02  0.1155E+01  0.3315E+01  0.2882E+00  0.3828E-01  0.7717E-01  0.2155E+00  0.6664E-01  0.9341E-01  0.4198E+01  0.5159E+00
     -1.462  0.1616E-01  0.2286E+00  0.4396E-02  0.1985E-02  0.1402E-01  0.4647E-01  0.2097E-01  0.4106E-02  0.8474E+00  0.2058E+01  0.2432E+00  0.3661E-01  0.6412E-01  0.1819E+00  0.4914E-01  0.8127E-01  0.3105E+01  0.4397E+00
     -1.452  0.1740E-01  0.2702E+00  0.1177E-01  0.3031E-02  0.2067E-01  0.5048E-01  0.3141E-01  0.4745E-02  0.8597E+00  0.3549E+01  0.6008E+00  0.4665E-01  0.1442E+00  0.2258E+00  0.4416E-01  0.1104E+00  0.5975E+01  0.5048E+00
     -1.442  0.1045E-01  0.2805E+00  0.5746E-02  0.2446E-02  0.8874E-02  0.5471E-01  0.1478E-01  0.4523E-02  0.5702E+00  0.2971E+01  0.2873E+00  0.5155E-01  0.5936E-01  0.2259E+00  0.4007E-01  0.1082E+00  0.2640E+01  0.4963E+00
     -1.432  0.9721E-02  0.5818E+00  0.4281E-02  0.1754E-02  0.6334E-02  0.1216E+00  0.1081E-01  0.5839E-02  0.4864E+00  0.2075E+01  0.1703E+00  0.1357E+00  0.3934E-01  0.4208E+00  0.4126E-01  0.1502E+00  0.1498E+01  0.9571E+00
     -1.422  0.1125E-01  0.3716E+00  0.4606E-02  0.1074E-02  0.6360E-02  0.5475E-01  0.1052E-01  0.2171E-02  0.4878E+00  0.1099E+01  0.1563E+00  0.3143E-01  0.4130E-01  0.2946E+00  0.4782E-01  0.9613E-01  0.1252E+01  0.3936E+00
     -1.412  0.1701E-01  0.8668E+00  0.7387E-02  0.1351E-02  0.9900E-02  0.1231E+00  0.1569E-01  0.2302E-02  0.8732E+00  0.8317E+00  0.1672E+00  0.4477E-01  0.6901E-01  0.6770E+00  0.6545E-01  0.2066E+00  0.1111E+01  0.7672E+00
     -1.402  0.1727E-01  0.6478E+00  0.6881E-02  0.9186E-03  0.8217E-02  0.8535E-01  0.1269E-01  0.2149E-02  0.7252E+00  0.5444E+00  0.1519E+00  0.4433E-01  0.6203E-01  0.5113E+00  0.6499E-01  0.1421E+00  0.8679E+00  0.6604E+00
     -1.392  0.1755E-01  0.5432E+00  0.6673E-02  0.7100E-03  0.7554E-02  0.6656E-01  0.1197E-01  0.2242E-02  0.6325E+00  0.4469E+00  0.1572E+00  0.4875E-01  0.5928E-01  0.4331E+00  0.7553E-01  0.1103E+00  0.7794E+00  0.6559E+00
     -1.382  0.1769E-01  0.5572E+00  0.6416E-02  0.6851E-03  0.6937E-02  0.6488E-01  0.1137E-01  0.2358E-02  0.5419E+00  0.4025E+00  0.1618E+00  0.5450E-01  0.5700E-01  0.4471E+00  0.8675E-01  0.1069E+00  0.6922E+00  0.7125E+00
     -1.372  0.1846E-01  0.2701E+01  0.6199E-02  0.1026E-02  0.6683E-02  0.2740E+00  0.1107E-01  0.4673E-02  0.4632E+00  0.3959E+00  0.1662E+00  0.2748E+00  0.5880E-01  0.2186E+01  0.1009E+00  0.3280E+00  0.6188E+00  0.1427E+01
     -1.362  0.3924E-01  0.1180E+01  0.8490E-02  0.7900E-03  0.1451E-01  0.1121E+00  0.1469E-01  0.4509E-02  0.6459E+00  0.2627E+00  0.1700E+00  0.1236E+00  0.1561E+00  0.9661E+00  0.1634E+00  0.1728E+00  0.7929E+00  0.1290E+01
     -1.352  0.4050E-01  0.9571E+00  0.9012E-02  0.9823E-03  0.1406E-01  0.7828E-01  0.1343E-01  0.6011E-02  0.6365E+00  0.3175E+00  0.1660E+00  0.1112E+00  0.1555E+00  0.8049E+00  0.1486E+00  0.1601E+00  0.5945E+00  0.1928E+01
     -1.342  0.3529E-01  0.6920E+00  0.8032E-02  0.1132E-02  0.1028E-01  0.5275E-01  0.1043E-01  0.6531E-02  0.4992E+00  0.3075E+00  0.1654E+00  0.8769E-01  0.1122E+00  0.5924E+00  0.1119E+00  0.1496E+00  0.3402E+00  0.2191E+01
     -1.332  0.3626E-01  0.5715E+00  0.8905E-02  0.1327E-02  0.9748E-02  0.4023E-01  0.1165E-01  0.7055E-02  0.4536E+00  0.3098E+00  0.1998E+00  0.8225E-01  0.1068E+00  0.4973E+00  0.1345E+00  0.1519E+00  0.2500E+00  0.2564E+01
     -1.322  0.3075E-01  0.6311E+00  0.7648E-02  0.1870E-02  0.7804E-02  0.3364E-01  0.8563E-02  0.8648E-02  0.3920E+00  0.5862E+00  0.1549E+00  0.1258E+00  0.8712E-01  0.5793E+00  0.9945E-01  0.2151E+00  0.2015E+00  0.4793E+01
     -1.312  0.2622E-01  0.5154E+00  0.6012E-02  0.2825E-02  0.5995E-02  0.2025E-01  0.5267E-02  0.1227E-01  0.3377E+00  0.7736E+00  0.9873E-01  0.1444E+00  0.7066E-01  0.5018E+00  0.6013E-01  0.2749E+00  0.1621E+00  0.6576E+01
     -1.302  0.4274E-01  0.2695E+00  0.9388E-02  0.2286E-02  0.6199E-02  0.1675E-01  0.4996E-02  0.1010E-01  0.7344E+00  0.2625E+00  0.9477E-01  0.6084E-01  0.7431E-01  0.2462E+00  0.5148E-01  0.1577E+00  0.1707E+00  0.2978E+01
     -1.292  0.6436E-01  0.2213E+00  0.1399E-01  0.2021E-02  0.6872E-02  0.1261E-01  0.5381E-02  0.8774E-02  0.1152E+01  0.2255E+00  0.1279E+00  0.4765E-01  0.8505E-01  0.2046E+00  0.5394E-01  0.1218E+00  0.2239E+00  0.2303E+01
     -1.282  0.5696E-01  0.1809E+00  0.1197E-01  0.1946E-02  0.5863E-02  0.9255E-02  0.4301E-02  0.8043E-02  0.9670E+00  0.2179E+00  0.1099E+00  0.3758E-01  0.7840E-01  0.1717E+00  0.4408E-01  0.9548E-01  0.2038E+00  0.1833E+01
     -1.272  0.3766E-01  0.1458E+00  0.6229E-02  0.2141E-02  0.4273E-02  0.7861E-02  0.2626E-02  0.8014E-02  0.4406E+00  0.2307E+00  0.6752E-01  0.3089E-01  0.6712E-01  0.1427E+00  0.2853E-01  0.8842E-01  0.1107E+00  0.1678E+01
     -1.262  0.3133E-01  0.1164E+00  0.3958E-02  0.2417E-02  0.3602E-02  0.7217E-02  0.1959E-02  0.8438E-02  0.2418E+00  0.2486E+00  0.5014E-01  0.2541E-01  0.6335E-01  0.1184E+00  0.2192E-01  0.8776E-01  0.6972E-01  0.1610E+01
     -1.252  0.2952E-01  0.9993E-01  0.3379E-02  0.2486E-02  0.3274E-02  0.6834E-02  0.1758E-02  0.8998E-02  0.2044E+00  0.2414E+00  0.4393E-01  0.2067E-01  0.6028E-01  0.1038E+00  0.1971E-01  0.8370E-01  0.6047E-01  0.1453E+01
     -1.242  0.2699E-01  0.8602E-01  0.2815E-02  0.2387E-02  0.2911E-02  0.6234E-02  0.1563E-02  0.9169E-02  0.1696E+00  0.2168E+00  0.3737E-01  0.1639E-01  0.5595E-01  0.9052E-01  0.1758E-01  0.7392E-01  0.5223E-01  0.1216E+01
     -1.232  0.2423E-01  0.7542E-01  0.2273E-02  0.2412E-02  0.2543E-02  0.5978E-02  0.1361E-02  0.9534E-02  0.1368E+00  0.2041E+00  0.3085E-01  0.1351E-01  0.5114E-01  0.8060E-01  0.1535E-01  0.6906E-01  0.4421E-01  0.1077E+01
     -1.222  0.2124E-01  0.6894E-01  0.1754E-02  0.2498E-02  0.2168E-02  0.5922E-02  0.1152E-02  0.1011E-01  0.1060E+00  0.1961E+00  0.2435E-01  0.1145E-01  0.4584E-01  0.7473E-01  0.1302E-01  0.6546E-01  0.3640E-01  0.9671E+00
     -1.212  0.1110E+00  0.9235E-01  0.1025E-01  0.3086E-02  0.7619E-02  0.6945E-02  0.5707E-02  0.1223E-01  0.1145E+01  0.2396E+00  0.8426E-01  0.8795E-02  0.1992E+00  0.1000E+00  0.1064E+00  0.6784E-01  0.6904E+00  0.8508E+00
     -1.202  0.3932E+00  0.9266E-01  0.2955E-01  0.3191E-02  0.3488E-01  0.7048E-02  0.1593E-01  0.1296E-01  0.3254E+01  0.2310E+00  0.2214E+00  0.7210E-02  0.8250E+00  0.1012E+00  0.3108E+00  0.5975E-01  0.2003E+01  0.7007E+00
     -1.192  0.3523E+00  0.9403E-01  0.1872E-01  0.3321E-02  0.2281E-01  0.7187E-02  0.1824E-01  0.1353E-01  0.1911E+01  0.2211E+00  0.2646E+00  0.6224E-02  0.6969E+00  0.1031E+00  0.3463E+00  0.5332E-01  0.1001E+01  0.5920E+00
     -1.182  0.2995E+00  0.8077E-01  0.1538E-01  0.3359E-02  0.1741E-01  0.7089E-02  0.1843E-01  0.1399E-01  0.1525E+01  0.2055E+00  0.2426E+00  0.5949E-02  0.6124E+00  0.8863E-01  0.3499E+00  0.4954E-01  0.8094E+00  0.5278E+00
     -1.172  0.2311E+00  0.7572E-01  0.9531E-02  0.3531E-02  0.1926E-01  0.7363E-02  0.1062E-01  0.1493E-01  0.8487E+00  0.2040E+00  0.1241E+00  0.5835E-02  0.5401E+00  0.8351E-01  0.2464E+00  0.4763E-01  0.5507E+00  0.4806E+00
     -1.162  0.2567E+00  0.7462E-01  0.7772E-02  0.3781E-02  0.2193E-01  0.7823E-02  0.9341E-02  0.1612E-01  0.6440E+00  0.2084E+00  0.1005E+00  0.5820E-02  0.6012E+00  0.8280E-01  0.2529E+00  0.4685E-01  0.4776E+00  0.4442E+00
     -1.152  0.2611E+00  0.7267E-01  0.7034E-02  0.3969E-02  0.2201E-01  0.8240E-02  0.8361E-02  0.1650E-01  0.5820E+00  0.2094E+00  0.8700E-01  0.5628E-02  0.6047E+00  0.8103E-01  0.2565E+00  0.4519E-01  0.4768E+00  0.3997E+00
     -1.142  0.2028E+00  0.6826E-01  0.6299E-02  0.3999E-02  0.1695E-01  0.8557E-02  0.7682E-02  0.1508E-01  0.5321E+00  0.2034E+00  0.7757E-01  0.5116E-02  0.4752E+00  0.7647E-01  0.2382E+00  0.4191E-01  0.4651E+00  0.3465E+00
     -1.132  0.1480E+00  0.5926E-01  0.5412E-02  0.4695E-02  0.1230E-01  0.1032E-01  0.7171E-02  0.1518E-01  0.4588E+00  0.2179E+00  0.6813E-01  0.4868E-02  0.3544E+00  0.6811E-01  0.2223E+00  0.4205E-01  0.4338E+00  0.3038E+00
     -1.122  0.1206E+00  0.5110E-01  0.4018E-02  0.5116E-02  0.9723E-02  0.1118E-01  0.6175E-02  0.1565E-01  0.3167E+00  0.2316E+00  0.5221E-01  0.5120E-02  0.2904E+00  0.6028E-01  0.2053E+00  0.4189E-01  0.3509E+00  0.2807E+00
     -1.112  0.1306E+00  0.3919E-01  0.3706E-02  0.5014E-02  0.9924E-02  0.1027E-01  0.5869E-02  0.1398E-01  0.2812E+00  0.2259E+00  0.4848E-01  0.5348E-02  0.3041E+00  0.4689E-01  0.2150E+00  0.3806E-01  0.3294E+00  0.2389E+00
     -1.102  0.1398E+00  0.2631E-01  0.3501E-02  0.4207E-02  0.1023E-01  0.7989E-02  0.5984E-02  0.1088E-01  0.2571E+00  0.1961E+00  0.4651E-01  0.5402E-02  0.3197E+00  0.3197E-01  0.2323E+00  0.3058E-01  0.3157E+00  0.1811E+00
     -1.092  0.1496E+00  0.2190E-01  0.3296E-02  0.3366E-02  0.1057E-01  0.5868E-02  0.6097E-02  0.8433E-02  0.2323E+00  0.1761E+00  0.4458E-01  0.5737E-02  0.3362E+00  0.2596E-01  0.2502E+00  0.2544E-01  0.3001E+00  0.1461E+00
     -1.082  0.1601E+00  0.2614E-01  0.3089E-02  0.4417E-02  0.1093E-01  0.7519E-02  0.6207E-02  0.1119E-01  0.2067E+00  0.2500E+00  0.4271E-01  0.7494E-02  0.3537E+00  0.3141E-01  0.2689E+00  0.3370E-01  0.2828E+00  0.1670E+00
     -1.072  0.1712E+00  0.3055E-01  0.2888E-02  0.5315E-02  0.1133E-01  0.8680E-02  0.6319E-02  0.1374E-01  0.1810E+00  0.3189E+00  0.4097E-01  0.9462E-02  0.3724E+00  0.3657E-01  0.2885E+00  0.4117E-01  0.2644E+00  0.1802E+00
     -1.062  0.2603E+00  0.2828E-01  0.3857E-02  0.2447E-02  0.1671E-01  0.4104E-02  0.9277E-02  0.6964E-02  0.1924E+00  0.1836E+00  0.6998E-01  0.7199E-02  0.5399E+00  0.3218E-01  0.4825E+00  0.1980E-01  0.3143E+00  0.9524E-01
     -1.052  0.3442E+00  0.1202E-01  0.4632E-02  0.5739E-03  0.2075E-01  0.1015E-02  0.1112E-01  0.1803E-02  0.1936E+00  0.5518E-01  0.9271E-01  0.5043E-02  0.6934E+00  0.1289E-01  0.6390E+00  0.5239E-02  0.3473E+00  0.4279E-01
     -1.042  0.3560E+00  0.7168E-02  0.4609E-02  0.3557E-03  0.2055E-01  0.6006E-03  0.1177E-01  0.1132E-02  0.1640E+00  0.3357E-01  0.1076E+00  0.4272E-02  0.6932E+00  0.7459E-02  0.7382E+00  0.3175E-02  0.3140E+00  0.2991E-01
     -1.032  0.3471E+00  0.0000E+00  0.4321E-02  0.0000E+00  0.1887E-01  0.0000E+00  0.1051E-01  0.0000E+00  0.1496E+00  0.0000E+00  0.1037E+00  0.0000E+00  0.6653E+00  0.0000E+00  0.7082E+00  0.0000E+00  0.2881E+00  0.0000E+00
     -1.022  0.1883E+00  0.0000E+00  0.2534E-02  0.0000E+00  0.9623E-02  0.0000E+00  0.5836E-02  0.0000E+00  0.1285E+00  0.0000E+00  0.5656E-01  0.0000E+00  0.3570E+00  0.0000E+00  0.4092E+00  0.0000E+00  0.2124E+00  0.0000E+00
     -1.012  0.1418E+00  0.8181E-02  0.1945E-02  0.1268E-02  0.7021E-02  0.6572E-03  0.4446E-02  0.1741E-03  0.1119E+00  0.4265E-01  0.4380E-01  0.8834E-02  0.2661E+00  0.7463E-02  0.3190E+00  0.1221E-02  0.1753E+00  0.1777E-01
     -1.002  0.1119E+01  0.2673E-01  0.7983E-02  0.4519E-02  0.3249E-01  0.2478E-02  0.1416E-01  0.6344E-03  0.1097E+00  0.1614E+00  0.2058E+00  0.3301E-01  0.2136E+01  0.2405E-01  0.1276E+01  0.4272E-02  0.2442E+00  0.6820E-01
     -0.992  0.5974E+00  0.1743E+00  0.4286E-02  0.5032E-01  0.1527E-01  0.4017E-01  0.7685E-02  0.5334E-02  0.7805E-01  0.2734E+01  0.1078E+00  0.5473E+00  0.1142E+01  0.1282E+00  0.6882E+00  0.4243E-01  0.1591E+00  0.1378E+01
     -0.982  0.6351E+00  0.2597E+00  0.4092E-02  0.7843E-01  0.1372E-01  0.5154E-01  0.6977E-02  0.1209E-01  0.3900E-01  0.3578E+01  0.1047E+00  0.7065E+00  0.1233E+01  0.1908E+00  0.6088E+00  0.7868E-01  0.9671E-01  0.1425E+01
     -0.972  0.4677E+00  0.1901E+00  0.2822E-02  0.5594E-01  0.8797E-02  0.3200E-01  0.5353E-02  0.7847E-02  0.1074E-01  0.2287E+01  0.8158E-01  0.4740E+00  0.9149E+00  0.1438E+00  0.4426E+00  0.5247E-01  0.4037E-01  0.9402E+00
     -0.962  0.4554E+00  0.1279E+00  0.2713E-02  0.4171E-01  0.7928E-02  0.2300E-01  0.5517E-02  0.5441E-02  0.1236E-01  0.1710E+01  0.8206E-01  0.3454E+00  0.8939E+00  0.9534E-01  0.4441E+00  0.3814E-01  0.4032E-01  0.6689E+00
     -0.952  0.5152E+00  0.1550E+00  0.2955E-02  0.5059E-01  0.7566E-02  0.2398E-01  0.5443E-02  0.4738E-02  0.1801E-01  0.2092E+01  0.8654E-01  0.4314E+00  0.1006E+01  0.1154E+00  0.4565E+00  0.4145E-01  0.4250E-01  0.8763E+00
     -0.942  0.4447E+00  0.0000E+00  0.2423E-02  0.0000E+00  0.5338E-02  0.0000E+00  0.4112E-02  0.0000E+00  0.2014E-01  0.0000E+00  0.7346E-01  0.0000E+00  0.8677E+00  0.0000E+00  0.3454E+00  0.0000E+00  0.3323E-01  0.0000E+00
     -0.932  0.4693E+00  0.0000E+00  0.2369E-02  0.0000E+00  0.4196E-02  0.0000E+00  0.4564E-02  0.0000E+00  0.3054E-01  0.0000E+00  0.8037E-01  0.0000E+00  0.9311E+00  0.0000E+00  0.3521E+00  0.0000E+00  0.3496E-01  0.0000E+00
     -0.922  0.8601E+00  0.2362E-01  0.4216E-02  0.9602E-03  0.5634E-02  0.2332E-02  0.4141E-02  0.3849E-02  0.8277E-01  0.1063E+00  0.1233E+00  0.2300E-01  0.1686E+01  0.2309E-01  0.3501E+00  0.8569E-03  0.4062E-01  0.1381E+00
     -0.912  0.8015E+00  0.2783E-01  0.4094E-02  0.8944E-03  0.5048E-02  0.2943E-02  0.3375E-02  0.5729E-02  0.7862E-01  0.1021E+00  0.1296E+00  0.2094E-01  0.1545E+01  0.2751E-01  0.3310E+00  0.1173E-02  0.4088E-01  0.1360E+00
     -0.902  0.3335E+00  0.3195E-01  0.1842E-02  0.8552E-03  0.2738E-02  0.3603E-02  0.2031E-02  0.7541E-02  0.2616E-01  0.1001E+00  0.7244E-01  0.1923E-01  0.6253E+00  0.3179E-01  0.2162E+00  0.1463E-02  0.2761E-01  0.1356E+00
     -0.892  0.2696E+00  0.3203E-01  0.1505E-02  0.9000E-03  0.2279E-02  0.3951E-02  0.1713E-02  0.8941E-02  0.2155E-01  0.1042E+00  0.6244E-01  0.1870E-01  0.5033E+00  0.3191E-01  0.1818E+00  0.1707E-02  0.2390E-01  0.1368E+00
     -0.882  0.2082E+00  0.2891E-01  0.1179E-02  0.9585E-03  0.1843E-02  0.3989E-02  0.1398E-02  0.1004E-01  0.1715E-01  0.1078E+00  0.5231E-01  0.1820E-01  0.3863E+00  0.2877E-01  0.1481E+00  0.1913E-02  0.2008E-01  0.1356E+00
     -0.872  0.1492E+00  0.2583E-01  0.8642E-03  0.1013E-02  0.1430E-02  0.3996E-02  0.1085E-02  0.1104E-01  0.1296E-01  0.1110E+00  0.4207E-01  0.1768E-01  0.2741E+00  0.2569E-01  0.1150E+00  0.2111E-02  0.1615E-01  0.1347E+00
     -0.862  0.7215E-01  0.2293E-01  0.4783E-03  0.1068E-02  0.8874E-03  0.3970E-02  0.5316E-03  0.1204E-01  0.6830E-02  0.1136E+00  0.3042E-01  0.1724E-01  0.1267E+00  0.2278E-01  0.7520E-01  0.2298E-02  0.1112E-01  0.1348E+00
     -0.852  0.3338E-01  0.2035E-01  0.2439E-03  0.1092E-02  0.5366E-03  0.3882E-02  0.2569E-03  0.1329E-01  0.3088E-02  0.1097E+00  0.1914E-01  0.1597E-01  0.5557E-01  0.2020E-01  0.4304E-01  0.2497E-02  0.6730E-02  0.1326E+00
     -0.842  0.5973E-02  0.1719E-01  0.4325E-04  0.1154E-02  0.1076E-03  0.3821E-02  0.4917E-04  0.1520E-01  0.5769E-03  0.1012E+00  0.3706E-02  0.1329E-01  0.9770E-02  0.1708E-01  0.7910E-02  0.2929E-02  0.1235E-02  0.1269E+00
     -0.832  0.2876E-01  0.1504E-01  0.1592E-03  0.1217E-02  0.6248E-03  0.3750E-02  0.7097E-04  0.1665E-01  0.1295E-01  0.9230E-01  0.6195E-01  0.1098E-01  0.3979E-01  0.1497E-01  0.4553E-02  0.3330E-02  0.6311E-02  0.1230E+00
     -0.822  0.2734E+00  0.1428E-01  0.2464E-02  0.1487E-02  0.4244E-02  0.3835E-02  0.6639E-03  0.1813E-01  0.7484E-01  0.1035E+00  0.5438E+00  0.9898E-02  0.4192E+00  0.1430E-01  0.1331E+00  0.4314E-02  0.4956E-01  0.1225E+00
     -0.812  0.2410E+00  0.1390E-01  0.3225E-02  0.2837E-02  0.5924E-02  0.4760E-02  0.2531E-02  0.2236E-01  0.1019E+00  0.1973E+00  0.7113E+00  0.1157E-01  0.4059E+00  0.1408E-01  0.3929E+00  0.7731E-02  0.6951E-01  0.1140E+00
     -0.802  0.6043E-01  0.1458E-01  0.1563E-02  0.3206E-02  0.3112E-02  0.5497E-02  0.1189E-02  0.2740E-01  0.6131E-01  0.1995E+00  0.5306E+00  0.1012E-01  0.1005E+00  0.1433E-01  0.2361E+00  0.8284E-02  0.5541E-01  0.1088E+00
     -0.792  0.6477E-01  0.1163E-01  0.2901E-02  0.2565E-02  0.4958E-02  0.3866E-02  0.1379E-02  0.2359E-01  0.1063E+00  0.1186E+00  0.1044E+01  0.5851E-02  0.1107E+00  0.1112E-01  0.3537E+00  0.7209E-02  0.1212E+00  0.1103E+00
     -0.782  0.6140E-01  0.1410E-01  0.1461E-02  0.4207E-02  0.3247E-02  0.4299E-02  0.1197E-02  0.3397E-01  0.8636E-01  0.1591E+00  0.7262E+00  0.9189E-02  0.9946E-01  0.1265E-01  0.2994E+00  0.1054E-01  0.9154E-01  0.1274E+00
     -0.772  0.1700E-01  0.1685E-01  0.2513E-03  0.7180E-02  0.6097E-03  0.4208E-02  0.2801E-03  0.4198E-01  0.1819E-01  0.2149E+00  0.1448E+00  0.1291E-01  0.2669E-01  0.1484E-01  0.6500E-01  0.1807E-01  0.1467E-01  0.2146E+00
     -0.762  0.0000E+00  0.7394E-02  0.0000E+00  0.8228E-02  0.0000E+00  0.2890E-02  0.0000E+00  0.3035E-01  0.0000E+00  0.3160E+00  0.0000E+00  0.1953E-01  0.0000E+00  0.6161E-02  0.0000E+00  0.1505E-01  0.0000E+00  0.1309E+00
     -0.752  0.1862E-01  0.7211E-02  0.1036E-03  0.9956E-02  0.2652E-03  0.3928E-02  0.1421E-03  0.3255E-01  0.2182E-01  0.4543E+00  0.8701E-01  0.3060E-01  0.2791E-01  0.5799E-02  0.3501E-01  0.1235E-01  0.3039E-02  0.6227E-01
     -0.742  0.6163E-01  0.7329E-02  0.3916E-03  0.6152E-02  0.8320E-03  0.4990E-02  0.5064E-03  0.3891E-01  0.8902E-01  0.3074E+00  0.2961E+00  0.2006E-01  0.9401E-01  0.6035E-02  0.1249E+00  0.7612E-02  0.1266E-01  0.8141E-01
     -0.732  0.7862E-01  0.6820E-02  0.5726E-03  0.5161E-02  0.8846E-03  0.4652E-02  0.7056E-03  0.2895E-01  0.1146E+00  0.3229E+00  0.3954E+00  0.1991E-01  0.1253E+00  0.5830E-02  0.1763E+00  0.5953E-02  0.1814E-01  0.6282E-01
     -0.722  0.9299E-01  0.7198E-02  0.1055E-02  0.4234E-02  0.1545E-02  0.4547E-02  0.7182E-03  0.2276E-01  0.1417E+00  0.3667E+00  0.5987E+00  0.2289E-01  0.1503E+00  0.6566E-02  0.1784E+00  0.4928E-02  0.1873E-01  0.6663E-01
     -0.712  0.1212E+00  0.7275E-02  0.2229E-02  0.1556E-02  0.3751E-02  0.3380E-02  0.9089E-03  0.1310E-01  0.2087E+00  0.1410E+00  0.1175E+01  0.9824E-02  0.1906E+00  0.7316E-02  0.2226E+00  0.1009E-02  0.2565E-01  0.6396E-01
     -0.702  0.1555E+00  0.5963E-02  0.3235E-02  0.1080E-02  0.5869E-02  0.2500E-02  0.1116E-02  0.8447E-02  0.2465E+00  0.9804E-01  0.1755E+01  0.6591E-02  0.2287E+00  0.6122E-02  0.2720E+00  0.6101E-03  0.2969E-01  0.4764E-01
     -0.692  0.1657E+00  0.4275E-02  0.3482E-02  0.6325E-03  0.6773E-02  0.1608E-02  0.1089E-02  0.4493E-02  0.2122E+00  0.5394E-01  0.2045E+01  0.3323E-02  0.2146E+00  0.4438E-02  0.2657E+00  0.2691E-03  0.2671E-01  0.2898E-01
     -0.682  0.2605E+00  0.2889E-02  0.5099E-02  0.4011E-03  0.1154E-01  0.1034E-02  0.1218E-02  0.2630E-02  0.2195E+00  0.3226E-01  0.3467E+01  0.1914E-02  0.2639E+00  0.3009E-02  0.3026E+00  0.1538E-03  0.2241E-01  0.1849E-01
     -0.672  0.2194E+00  0.1590E-02  0.3893E-02  0.2188E-03  0.9157E-02  0.5529E-03  0.8931E-03  0.1337E-02  0.1471E+00  0.1716E-01  0.2793E+01  0.1024E-02  0.2139E+00  0.1661E-02  0.2113E+00  0.8574E-04  0.1162E-01  0.1020E-01
     -0.662  0.1683E+00  0.2255E-03  0.2510E-02  0.3078E-04  0.5988E-02  0.7624E-04  0.5929E-03  0.1747E-03  0.8530E-01  0.2352E-02  0.1986E+01  0.1412E-03  0.1592E+00  0.2364E-03  0.1365E+00  0.1231E-04  0.5054E-02  0.1450E-02
     -0.652  0.0000E+00  0.0000E+00  0.0000E+00  0.0000E+00  0.0000E+00  0.0000E+00  0.0000E+00  0.0000E+00  0.0000E+00  0.0000E+00  0.0000E+00  0.0000E+00  0.0000E+00  0.0000E+00  0.0000E+00  0.0000E+00  0.0000E+00  0.0000E+00
     -0.642  0.0000E+00  0.0000E+00  0.0000E+00  0.0000E+00  0.0000E+00  0.0000E+00  0.0000E+00  0.0000E+00  0.0000E+00  0.0000E+00  0.0000E+00  0.0000E+00  0.0000E+00  0.0000E+00  0.0000E+00  0.0000E+00  0.0000E+00  0.0000E+00
     -0.632  0.0000E+00  0.0000E+00  0.0000E+00  0.0000E+00  0.0000E+00  0.0000E+00  0.0000E+00  0.0000E+00  0.0000E+00  0.0000E+00  0.0000E+00  0.0000E+00  0.0000E+00  0.0000E+00  0.0000E+00  0.0000E+00  0.0000E+00  0.0000E+00
     -0.622  0.0000E+00  0.0000E+00  0.0000E+00  0.0000E+00  0.0000E+00  0.0000E+00  0.0000E+00  0.0000E+00  0.0000E+00  0.0000E+00  0.0000E+00  0.0000E+00  0.0000E+00  0.0000E+00  0.0000E+00  0.0000E+00  0.0000E+00  0.0000E+00
     -0.612  0.0000E+00  0.0000E+00  0.0000E+00  0.0000E+00  0.0000E+00  0.0000E+00  0.0000E+00  0.0000E+00  0.0000E+00  0.0000E+00  0.0000E+00  0.0000E+00  0.0000E+00  0.0000E+00  0.0000E+00  0.0000E+00  0.0000E+00  0.0000E+00
     -0.602  0.2341E-01  0.0000E+00  0.3450E-03  0.0000E+00  0.2289E-02  0.0000E+00  0.1824E-04  0.0000E+00  0.1943E-01  0.0000E+00  0.3358E+00  0.0000E+00  0.1519E-01  0.0000E+00  0.5967E-01  0.0000E+00  0.1701E-02  0.0000E+00
     -0.592  0.6735E-01  0.0000E+00  0.7685E-03  0.0000E+00  0.5428E-02  0.0000E+00  0.4401E-04  0.0000E+00  0.3723E-01  0.0000E+00  0.8841E+00  0.0000E+00  0.3851E-01  0.0000E+00  0.1222E+00  0.0000E+00  0.5558E-02  0.0000E+00
     -0.582  0.1153E+00  0.0000E+00  0.9520E-03  0.0000E+00  0.8075E-02  0.0000E+00  0.6770E-04  0.0000E+00  0.3553E-01  0.0000E+00  0.1379E+01  0.0000E+00  0.6075E-01  0.0000E+00  0.1694E+00  0.0000E+00  0.1778E-01  0.0000E+00
     -0.572  0.1516E+00  0.0000E+00  0.1129E-02  0.0000E+00  0.1057E-01  0.0000E+00  0.8415E-04  0.0000E+00  0.3586E-01  0.0000E+00  0.1807E+01  0.0000E+00  0.7508E-01  0.0000E+00  0.2158E+00  0.0000E+00  0.3054E-01  0.0000E+00
     -0.562  0.9767E-01  0.0000E+00  0.7055E-03  0.0000E+00  0.7580E-02  0.0000E+00  0.7474E-04  0.0000E+00  0.2535E-01  0.0000E+00  0.1123E+01  0.0000E+00  0.6103E-01  0.0000E+00  0.2039E+00  0.0000E+00  0.2430E-01  0.0000E+00
     -0.552  0.9961E-01  0.0000E+00  0.4315E-03  0.0000E+00  0.5672E-02  0.0000E+00  0.9857E-04  0.0000E+00  0.2113E-01  0.0000E+00  0.7968E+00  0.0000E+00  0.7878E-01  0.0000E+00  0.1928E+00  0.0000E+00  0.2447E-01  0.0000E+00
     -0.542  0.1021E+00  0.0000E+00  0.3428E-03  0.0000E+00  0.5326E-02  0.0000E+00  0.1081E-03  0.0000E+00  0.1878E-01  0.0000E+00  0.7204E+00  0.0000E+00  0.8529E-01  0.0000E+00  0.1980E+00  0.0000E+00  0.2632E-01  0.0000E+00
     -0.532  0.8834E-01  0.0000E+00  0.2798E-03  0.0000E+00  0.4931E-02  0.0000E+00  0.1042E-03  0.0000E+00  0.1624E-01  0.0000E+00  0.6064E+00  0.0000E+00  0.7885E-01  0.0000E+00  0.1962E+00  0.0000E+00  0.2422E-01  0.0000E+00
     -0.522  0.7358E-01  0.0000E+00  0.2205E-03  0.0000E+00  0.4547E-02  0.0000E+00  0.9984E-04  0.0000E+00  0.1358E-01  0.0000E+00  0.4947E+00  0.0000E+00  0.7096E-01  0.0000E+00  0.1924E+00  0.0000E+00  0.2196E-01  0.0000E+00
     -0.512  0.5890E-01  0.0000E+00  0.1647E-03  0.0000E+00  0.4173E-02  0.0000E+00  0.9515E-04  0.0000E+00  0.1090E-01  0.0000E+00  0.3881E+00  0.0000E+00  0.6263E-01  0.0000E+00  0.1874E+00  0.0000E+00  0.1964E-01  0.0000E+00
     -0.502  0.5245E-01  0.0000E+00  0.1263E-03  0.0000E+00  0.3959E-02  0.0000E+00  0.9573E-04  0.0000E+00  0.9204E-02  0.0000E+00  0.3280E+00  0.0000E+00  0.5976E-01  0.0000E+00  0.1856E+00  0.0000E+00  0.1842E-01  0.0000E+00
     -0.491  0.4759E-01  0.0000E+00  0.1047E-03  0.0000E+00  0.4065E-02  0.0000E+00  0.1018E-03  0.0000E+00  0.8683E-02  0.0000E+00  0.2849E+00  0.0000E+00  0.6054E-01  0.0000E+00  0.2004E+00  0.0000E+00  0.1726E-01  0.0000E+00
     -0.481  0.4317E-01  0.0000E+00  0.9038E-04  0.0000E+00  0.4273E-02  0.0000E+00  0.1080E-03  0.0000E+00  0.8189E-02  0.0000E+00  0.2552E+00  0.0000E+00  0.6136E-01  0.0000E+00  0.2179E+00  0.0000E+00  0.1637E-01  0.0000E+00
     -0.471  0.3965E-01  0.0000E+00  0.8642E-04  0.0000E+00  0.4635E-02  0.0000E+00  0.1140E-03  0.0000E+00  0.7818E-02  0.0000E+00  0.2472E+00  0.0000E+00  0.6213E-01  0.0000E+00  0.2390E+00  0.0000E+00  0.1628E-01  0.0000E+00
     -0.461  0.3617E-01  0.0000E+00  0.8050E-04  0.0000E+00  0.4837E-02  0.0000E+00  0.1192E-03  0.0000E+00  0.7424E-02  0.0000E+00  0.2304E+00  0.0000E+00  0.6222E-01  0.0000E+00  0.2520E+00  0.0000E+00  0.1566E-01  0.0000E+00
     -0.451  0.3309E-01  0.0000E+00  0.7127E-04  0.0000E+00  0.4672E-02  0.0000E+00  0.1215E-03  0.0000E+00  0.6963E-02  0.0000E+00  0.1983E+00  0.0000E+00  0.6049E-01  0.0000E+00  0.2454E+00  0.0000E+00  0.1413E-01  0.0000E+00
     -0.441  0.3134E-01  0.2841E-04  0.6314E-04  0.1220E-04  0.4460E-02  0.2905E-04  0.1232E-03  0.2661E-03  0.6439E-02  0.5394E-04  0.1731E+00  0.1968E-04  0.5901E-01  0.3315E-05  0.2353E+00  0.9256E-04  0.1267E-01  0.2714E-04
     -0.431  0.2958E-01  0.4873E-03  0.5534E-04  0.2124E-03  0.4241E-02  0.5034E-03  0.1245E-03  0.4613E-02  0.5917E-02  0.9437E-03  0.1485E+00  0.3424E-03  0.5735E-01  0.5993E-04  0.2248E+00  0.1637E-02  0.1126E-01  0.4736E-03
     -0.421  0.2894E-01  0.8993E-03  0.5039E-04  0.4082E-03  0.4197E-02  0.9578E-03  0.1326E-03  0.8843E-02  0.5562E-02  0.1811E-02  0.1289E+00  0.6430E-03  0.5798E-01  0.1216E-03  0.2228E+00  0.3252E-02  0.1015E-01  0.8673E-03
     -0.411  0.3050E-01  0.1241E-02  0.5047E-04  0.6042E-03  0.4449E-02  0.1382E-02  0.1540E-03  0.1292E-01  0.5599E-02  0.2604E-02  0.1171E+00  0.9159E-03  0.6269E-01  0.1928E-03  0.2357E+00  0.4962E-02  0.9721E-02  0.1183E-02
     -0.401  0.3178E-01  0.1559E-02  0.5039E-04  0.8069E-03  0.4588E-02  0.1794E-02  0.1733E-03  0.1690E-01  0.5691E-02  0.3343E-02  0.1038E+00  0.1197E-02  0.6595E-01  0.2724E-03  0.2430E+00  0.6693E-02  0.9439E-02  0.1516E-02
     -0.391  0.0000E+00  0.1855E-02  0.0000E+00  0.1016E-02  0.0000E+00  0.2193E-02  0.0000E+00  0.2077E-01  0.0000E+00  0.4028E-02  0.0000E+00  0.1485E-02  0.0000E+00  0.3602E-03  0.0000E+00  0.8445E-02  0.0000E+00  0.1866E-02
     -0.381  0.0000E+00  0.2128E-02  0.0000E+00  0.1233E-02  0.0000E+00  0.2580E-02  0.0000E+00  0.2454E-01  0.0000E+00  0.4661E-02  0.0000E+00  0.1781E-02  0.0000E+00  0.4564E-03  0.0000E+00  0.1022E-01  0.0000E+00  0.2232E-02
     -0.371  0.0000E+00  0.2209E-02  0.0000E+00  0.1634E-02  0.0000E+00  0.3060E-02  0.0000E+00  0.3098E-01  0.0000E+00  0.5233E-02  0.0000E+00  0.2250E-02  0.0000E+00  0.8594E-03  0.0000E+00  0.1473E-01  0.0000E+00  0.2911E-02
     -0.361  0.0000E+00  0.2355E-02  0.0000E+00  0.1874E-02  0.0000E+00  0.3443E-02  0.0000E+00  0.3600E-01  0.0000E+00  0.5939E-02  0.0000E+00  0.2542E-02  0.0000E+00  0.1130E-02  0.0000E+00  0.1803E-01  0.0000E+00  0.3393E-02
     -0.351  0.0000E+00  0.2477E-02  0.0000E+00  0.2115E-02  0.0000E+00  0.3806E-02  0.0000E+00  0.4091E-01  0.0000E+00  0.6593E-02  0.0000E+00  0.2836E-02  0.0000E+00  0.1417E-02  0.0000E+00  0.2137E-01  0.0000E+00  0.3898E-02
     -0.341  0.0000E+00  0.2116E-02  0.0000E+00  0.2085E-02  0.0000E+00  0.3429E-02  0.0000E+00  0.3786E-01  0.0000E+00  0.5881E-02  0.0000E+00  0.2843E-02  0.0000E+00  0.1600E-02  0.0000E+00  0.2110E-01  0.0000E+00  0.4344E-02
     -0.331  0.0000E+00  0.1817E-02  0.0000E+00  0.1912E-02  0.0000E+00  0.2983E-02  0.0000E+00  0.3291E-01  0.0000E+00  0.5062E-02  0.0000E+00  0.2671E-02  0.0000E+00  0.1561E-02  0.0000E+00  0.1903E-01  0.0000E+00  0.4229E-02
     -0.321  0.0000E+00  0.1636E-02  0.0000E+00  0.2062E-02  0.0000E+00  0.2802E-02  0.0000E+00  0.3015E-01  0.0000E+00  0.4322E-02  0.0000E+00  0.2926E-02  0.0000E+00  0.1702E-02  0.0000E+00  0.1829E-01  0.0000E+00  0.4239E-02
     -0.311  0.0000E+00  0.1648E-02  0.0000E+00  0.2839E-02  0.0000E+00  0.3086E-02  0.0000E+00  0.3106E-01  0.0000E+00  0.3677E-02  0.0000E+00  0.4017E-02  0.0000E+00  0.2190E-02  0.0000E+00  0.1988E-01  0.0000E+00  0.4461E-02
     -0.301  0.0000E+00  0.1423E-02  0.0000E+00  0.2534E-02  0.0000E+00  0.2693E-02  0.0000E+00  0.2713E-01  0.0000E+00  0.3274E-02  0.0000E+00  0.3655E-02  0.0000E+00  0.2069E-02  0.0000E+00  0.1805E-01  0.0000E+00  0.4301E-02
     -0.291  0.0000E+00  0.1239E-02  0.0000E+00  0.2254E-02  0.0000E+00  0.2392E-02  0.0000E+00  0.2475E-01  0.0000E+00  0.3164E-02  0.0000E+00  0.3312E-02  0.0000E+00  0.2025E-02  0.0000E+00  0.1724E-01  0.0000E+00  0.4337E-02
     -0.281  0.0000E+00  0.1054E-02  0.0000E+00  0.1969E-02  0.0000E+00  0.2089E-02  0.0000E+00  0.2242E-01  0.0000E+00  0.3057E-02  0.0000E+00  0.2955E-02  0.0000E+00  0.1977E-02  0.0000E+00  0.1644E-01  0.0000E+00  0.4361E-02
     -0.271  0.0000E+00  0.8685E-03  0.0000E+00  0.1679E-02  0.0000E+00  0.1785E-02  0.0000E+00  0.2013E-01  0.0000E+00  0.2955E-02  0.0000E+00  0.2585E-02  0.0000E+00  0.1925E-02  0.0000E+00  0.1563E-01  0.0000E+00  0.4372E-02
     -0.261  0.0000E+00  0.7457E-03  0.0000E+00  0.1536E-02  0.0000E+00  0.1579E-02  0.0000E+00  0.1821E-01  0.0000E+00  0.2751E-02  0.0000E+00  0.2407E-02  0.0000E+00  0.1910E-02  0.0000E+00  0.1489E-01  0.0000E+00  0.4265E-02
     -0.251  0.0000E+00  0.6454E-03  0.0000E+00  0.1438E-02  0.0000E+00  0.1411E-02  0.0000E+00  0.1653E-01  0.0000E+00  0.2548E-02  0.0000E+00  0.2289E-02  0.0000E+00  0.1909E-02  0.0000E+00  0.1425E-01  0.0000E+00  0.4153E-02
     -0.241  0.0000E+00  0.5441E-03  0.0000E+00  0.1318E-02  0.0000E+00  0.1217E-02  0.0000E+00  0.1419E-01  0.0000E+00  0.2234E-02  0.0000E+00  0.2135E-02  0.0000E+00  0.1838E-02  0.0000E+00  0.1304E-01  0.0000E+00  0.3863E-02
     -0.231  0.0000E+00  0.4732E-03  0.0000E+00  0.1187E-02  0.0000E+00  0.1041E-02  0.0000E+00  0.1167E-01  0.0000E+00  0.1888E-02  0.0000E+00  0.1957E-02  0.0000E+00  0.1695E-02  0.0000E+00  0.1143E-01  0.0000E+00  0.3422E-02
     -0.221  0.0000E+00  0.4362E-03  0.0000E+00  0.1084E-02  0.0000E+00  0.9386E-03  0.0000E+00  0.1072E-01  0.0000E+00  0.1824E-02  0.0000E+00  0.1817E-02  0.0000E+00  0.1693E-02  0.0000E+00  0.1108E-01  0.0000E+00  0.3331E-02
     -0.211  0.0000E+00  0.4108E-03  0.0000E+00  0.9979E-03  0.0000E+00  0.8726E-03  0.0000E+00  0.1076E-01  0.0000E+00  0.1936E-02  0.0000E+00  0.1702E-02  0.0000E+00  0.1800E-02  0.0000E+00  0.1164E-01  0.0000E+00  0.3498E-02
     -0.201  0.0000E+00  0.3861E-03  0.0000E+00  0.9122E-03  0.0000E+00  0.8061E-03  0.0000E+00  0.1079E-01  0.0000E+00  0.2041E-02  0.0000E+00  0.1586E-02  0.0000E+00  0.1907E-02  0.0000E+00  0.1219E-01  0.0000E+00  0.3660E-02
     -0.191  0.0000E+00  0.3750E-03  0.0000E+00  0.8868E-03  0.0000E+00  0.7785E-03  0.0000E+00  0.1109E-01  0.0000E+00  0.2131E-02  0.0000E+00  0.1550E-02  0.0000E+00  0.2042E-02  0.0000E+00  0.1290E-01  0.0000E+00  0.3824E-02
     -0.181  0.0000E+00  0.3604E-03  0.0000E+00  0.8627E-03  0.0000E+00  0.7429E-03  0.0000E+00  0.1069E-01  0.0000E+00  0.2108E-02  0.0000E+00  0.1510E-02  0.0000E+00  0.2038E-02  0.0000E+00  0.1271E-01  0.0000E+00  0.3722E-02
     -0.171  0.0000E+00  0.3429E-03  0.0000E+00  0.8348E-03  0.0000E+00  0.7007E-03  0.0000E+00  0.9903E-02  0.0000E+00  0.2033E-02  0.0000E+00  0.1463E-02  0.0000E+00  0.1956E-02  0.0000E+00  0.1202E-01  0.0000E+00  0.3484E-02
     -0.161  0.0000E+00  0.3253E-03  0.0000E+00  0.8073E-03  0.0000E+00  0.6591E-03  0.0000E+00  0.9134E-02  0.0000E+00  0.1961E-02  0.0000E+00  0.1417E-02  0.0000E+00  0.1873E-02  0.0000E+00  0.1134E-01  0.0000E+00  0.3250E-02
     -0.151  0.0000E+00  0.3076E-03  0.0000E+00  0.7801E-03  0.0000E+00  0.6180E-03  0.0000E+00  0.8378E-02  0.0000E+00  0.1893E-02  0.0000E+00  0.1370E-02  0.0000E+00  0.1789E-02  0.0000E+00  0.1065E-01  0.0000E+00  0.3018E-02
     -0.141  0.0000E+00  0.2899E-03  0.0000E+00  0.7533E-03  0.0000E+00  0.5776E-03  0.0000E+00  0.7635E-02  0.0000E+00  0.1827E-02  0.0000E+00  0.1325E-02  0.0000E+00  0.1704E-02  0.0000E+00  0.9973E-02  0.0000E+00  0.2790E-02
     -0.131  0.0000E+00  0.2722E-03  0.0000E+00  0.7268E-03  0.0000E+00  0.5377E-03  0.0000E+00  0.6905E-02  0.0000E+00  0.1764E-02  0.0000E+00  0.1280E-02  0.0000E+00  0.1618E-02  0.0000E+00  0.9291E-02  0.0000E+00  0.2564E-02
     -0.121  0.0000E+00  0.2544E-03  0.0000E+00  0.7006E-03  0.0000E+00  0.4984E-03  0.0000E+00  0.6189E-02  0.0000E+00  0.1704E-02  0.0000E+00  0.1235E-02  0.0000E+00  0.1531E-02  0.0000E+00  0.8611E-02  0.0000E+00  0.2342E-02
     -0.111  0.0000E+00  0.2365E-03  0.0000E+00  0.6747E-03  0.0000E+00  0.4598E-03  0.0000E+00  0.5487E-02  0.0000E+00  0.1646E-02  0.0000E+00  0.1191E-02  0.0000E+00  0.1443E-02  0.0000E+00  0.7931E-02  0.0000E+00  0.2123E-02
     -0.101  0.0000E+00  0.2834E-03  0.0000E+00  0.9473E-03  0.0000E+00  0.5698E-03  0.0000E+00  0.5799E-02  0.0000E+00  0.2508E-02  0.0000E+00  0.1666E-02  0.0000E+00  0.1790E-02  0.0000E+00  0.9209E-02  0.0000E+00  0.2374E-02
     -0.091  0.0000E+00  0.2219E-03  0.0000E+00  0.8137E-03  0.0000E+00  0.4664E-03  0.0000E+00  0.4349E-02  0.0000E+00  0.2214E-02  0.0000E+00  0.1427E-02  0.0000E+00  0.1397E-02  0.0000E+00  0.6998E-02  0.0000E+00  0.1841E-02
     -0.081  0.0000E+00  0.1368E-03  0.0000E+00  0.5374E-03  0.0000E+00  0.3004E-03  0.0000E+00  0.2590E-02  0.0000E+00  0.1485E-02  0.0000E+00  0.9401E-03  0.0000E+00  0.8481E-03  0.0000E+00  0.4165E-02  0.0000E+00  0.1128E-02
     -0.071  0.0000E+00  0.5044E-04  0.0000E+00  0.2112E-03  0.0000E+00  0.1155E-03  0.0000E+00  0.9222E-03  0.0000E+00  0.5915E-03  0.0000E+00  0.3686E-03  0.0000E+00  0.3079E-03  0.0000E+00  0.1482E-02  0.0000E+00  0.4133E-03
     -0.061  0.6980E-01  0.0000E+00  0.5310E-03  0.0000E+00  0.2226E-01  0.0000E+00  0.5103E-02  0.0000E+00  0.4643E-02  0.0000E+00  0.9702E-01  0.0000E+00  0.1440E+00  0.0000E+00  0.5879E+00  0.0000E+00  0.2502E-01  0.0000E+00
     -0.051  0.3288E-01  0.0000E+00  0.2169E-03  0.0000E+00  0.9928E-02  0.0000E+00  0.2781E-02  0.0000E+00  0.3064E-02  0.0000E+00  0.3973E-01  0.0000E+00  0.6776E-01  0.0000E+00  0.2821E+00  0.0000E+00  0.1611E-01  0.0000E+00
     -0.041  0.3616E-01  0.0000E+00  0.1826E-03  0.0000E+00  0.1070E-01  0.0000E+00  0.4742E-02  0.0000E+00  0.6975E-02  0.0000E+00  0.3472E-01  0.0000E+00  0.8021E-01  0.0000E+00  0.3872E+00  0.0000E+00  0.3588E-01  0.0000E+00
     -0.031  0.3377E-01  0.0000E+00  0.1535E-03  0.0000E+00  0.9419E-02  0.0000E+00  0.3935E-02  0.0000E+00  0.4950E-02  0.0000E+00  0.2992E-01  0.0000E+00  0.7295E-01  0.0000E+00  0.3261E+00  0.0000E+00  0.2506E-01  0.0000E+00
     -0.021  0.3283E-01  0.0000E+00  0.1453E-03  0.0000E+00  0.8665E-02  0.0000E+00  0.3219E-02  0.0000E+00  0.3343E-02  0.0000E+00  0.2817E-01  0.0000E+00  0.6812E-01  0.0000E+00  0.2760E+00  0.0000E+00  0.1607E-01  0.0000E+00
     -0.011  0.3809E-01  0.0000E+00  0.1433E-03  0.0000E+00  0.9578E-02  0.0000E+00  0.3707E-02  0.0000E+00  0.3233E-02  0.0000E+00  0.2897E-01  0.0000E+00  0.7804E-01  0.0000E+00  0.3058E+00  0.0000E+00  0.1581E-01  0.0000E+00
     -0.001  0.4447E-01  0.1061E+00  0.1476E-03  0.2650E-01  0.1083E-01  0.3067E-02  0.4302E-02  0.2311E-01  0.3139E-02  0.9411E+01  0.3108E-01  0.1282E+00  0.9036E-01  0.2037E+00  0.3456E+00  0.3927E-01  0.1579E-01  0.1355E+01
     0.009  0.5211E-01  0.3483E-01  0.1561E-03  0.7642E-02  0.1242E-01  0.2133E-02  0.5051E-02  0.1247E-01  0.3095E-02  0.3324E+01  0.3414E-01  0.5322E-01  0.1054E+00  0.6280E-01  0.3965E+00  0.1435E-01  0.1619E-01  0.5017E+00
     0.019  0.6075E-01  0.0000E+00  0.1670E-03  0.0000E+00  0.1420E-01  0.0000E+00  0.5904E-02  0.0000E+00  0.3069E-02  0.0000E+00  0.3757E-01  0.0000E+00  0.1221E+00  0.0000E+00  0.4524E+00  0.0000E+00  0.1666E-01  0.0000E+00
     0.029  0.4553E-01  0.0000E+00  0.1453E-03  0.0000E+00  0.1041E-01  0.0000E+00  0.4183E-02  0.0000E+00  0.2739E-02  0.0000E+00  0.2902E-01  0.0000E+00  0.8925E-01  0.0000E+00  0.3175E+00  0.0000E+00  0.1159E-01  0.0000E+00
     0.039  0.4247E-01  0.0000E+00  0.1380E-03  0.0000E+00  0.9374E-02  0.0000E+00  0.3800E-02  0.0000E+00  0.2692E-02  0.0000E+00  0.2594E-01  0.0000E+00  0.8149E-01  0.0000E+00  0.2793E+00  0.0000E+00  0.9706E-02  0.0000E+00
     0.049  0.8495E-01  0.0000E+00  0.2559E-03  0.0000E+00  0.1810E-01  0.0000E+00  0.6821E-02  0.0000E+00  0.3145E-02  0.0000E+00  0.4847E-01  0.0000E+00  0.1567E+00  0.0000E+00  0.5020E+00  0.0000E+00  0.1023E-01  0.0000E+00
     0.059  0.5070E-01  0.0000E+00  0.1562E-03  0.0000E+00  0.1058E-01  0.0000E+00  0.4371E-02  0.0000E+00  0.2849E-02  0.0000E+00  0.2785E-01  0.0000E+00  0.9393E-01  0.0000E+00  0.3026E+00  0.0000E+00  0.8102E-02  0.0000E+00
     0.069  0.4213E-01  0.0000E+00  0.1353E-03  0.0000E+00  0.8640E-02  0.0000E+00  0.3585E-02  0.0000E+00  0.2569E-02  0.0000E+00  0.2290E-01  0.0000E+00  0.7719E-01  0.0000E+00  0.2435E+00  0.0000E+00  0.6478E-02  0.0000E+00
     0.079  0.3198E-01  0.0000E+00  0.1059E-03  0.0000E+00  0.6470E-02  0.0000E+00  0.2665E-02  0.0000E+00  0.2020E-02  0.0000E+00  0.1724E-01  0.0000E+00  0.5795E-01  0.0000E+00  0.1794E+00  0.0000E+00  0.4658E-02  0.0000E+00
     0.089  0.2024E-01  0.0000E+00  0.6804E-04  0.0000E+00  0.4067E-02  0.0000E+00  0.1657E-02  0.0000E+00  0.1281E-02  0.0000E+00  0.1085E-01  0.0000E+00  0.3642E-01  0.0000E+00  0.1115E+00  0.0000E+00  0.2822E-02  0.0000E+00
     0.099  0.8168E-02  0.0000E+00  0.2787E-04  0.0000E+00  0.1630E-02  0.0000E+00  0.6570E-03  0.0000E+00  0.5181E-03  0.0000E+00  0.4357E-02  0.0000E+00  0.1459E-01  0.0000E+00  0.4417E-01  0.0000E+00  0.1089E-02  0.0000E+00
     0.109  0.0000E+00  0.0000E+00  0.0000E+00  0.0000E+00  0.0000E+00  0.0000E+00  0.0000E+00  0.0000E+00  0.0000E+00  0.0000E+00  0.0000E+00  0.0000E+00  0.0000E+00  0.0000E+00  0.0000E+00  0.0000E+00  0.0000E+00  0.0000E+00
     0.119  0.0000E+00  0.0000E+00  0.0000E+00  0.0000E+00  0.0000E+00  0.0000E+00  0.0000E+00  0.0000E+00  0.0000E+00  0.0000E+00  0.0000E+00  0.0000E+00  0.0000E+00  0.0000E+00  0.0000E+00  0.0000E+00  0.0000E+00  0.0000E+00
     0.129  0.0000E+00  0.0000E+00  0.0000E+00  0.0000E+00  0.0000E+00  0.0000E+00  0.0000E+00  0.0000E+00  0.0000E+00  0.0000E+00  0.0000E+00  0.0000E+00  0.0000E+00  0.0000E+00  0.0000E+00  0.0000E+00  0.0000E+00  0.0000E+00
     0.139  0.0000E+00  0.0000E+00  0.0000E+00  0.0000E+00  0.0000E+00  0.0000E+00  0.0000E+00  0.0000E+00  0.0000E+00  0.0000E+00  0.0000E+00  0.0000E+00  0.0000E+00  0.0000E+00  0.0000E+00  0.0000E+00  0.0000E+00  0.0000E+00
     0.149  0.0000E+00  0.0000E+00  0.0000E+00  0.0000E+00  0.0000E+00  0.0000E+00  0.0000E+00  0.0000E+00  0.0000E+00  0.0000E+00  0.0000E+00  0.0000E+00  0.0000E+00  0.0000E+00  0.0000E+00  0.0000E+00  0.0000E+00  0.0000E+00
     0.159  0.0000E+00  0.0000E+00  0.0000E+00  0.0000E+00  0.0000E+00  0.0000E+00  0.0000E+00  0.0000E+00  0.0000E+00  0.0000E+00  0.0000E+00  0.0000E+00  0.0000E+00  0.0000E+00  0.0000E+00  0.0000E+00  0.0000E+00  0.0000E+00
     0.169  0.0000E+00  0.0000E+00  0.0000E+00  0.0000E+00  0.0000E+00  0.0000E+00  0.0000E+00  0.0000E+00  0.0000E+00  0.0000E+00  0.0000E+00  0.0000E+00  0.0000E+00  0.0000E+00  0.0000E+00  0.0000E+00  0.0000E+00  0.0000E+00
     0.179  0.0000E+00  0.0000E+00  0.0000E+00  0.0000E+00  0.0000E+00  0.0000E+00  0.0000E+00  0.0000E+00  0.0000E+00  0.0000E+00  0.0000E+00  0.0000E+00  0.0000E+00  0.0000E+00  0.0000E+00  0.0000E+00  0.0000E+00  0.0000E+00
     0.189  0.0000E+00  0.0000E+00  0.0000E+00  0.0000E+00  0.0000E+00  0.0000E+00  0.0000E+00  0.0000E+00  0.0000E+00  0.0000E+00  0.0000E+00  0.0000E+00  0.0000E+00  0.0000E+00  0.0000E+00  0.0000E+00  0.0000E+00  0.0000E+00
     0.199  0.0000E+00  0.0000E+00  0.0000E+00  0.0000E+00  0.0000E+00  0.0000E+00  0.0000E+00  0.0000E+00  0.0000E+00  0.0000E+00  0.0000E+00  0.0000E+00  0.0000E+00  0.0000E+00  0.0000E+00  0.0000E+00  0.0000E+00  0.0000E+00
     0.209  0.0000E+00  0.0000E+00  0.0000E+00  0.0000E+00  0.0000E+00  0.0000E+00  0.0000E+00  0.0000E+00  0.0000E+00  0.0000E+00  0.0000E+00  0.0000E+00  0.0000E+00  0.0000E+00  0.0000E+00  0.0000E+00  0.0000E+00  0.0000E+00
     0.219  0.0000E+00  0.5059E-02  0.0000E+00  0.3063E-03  0.0000E+00  0.1972E-02  0.0000E+00  0.3808E-02  0.0000E+00  0.2182E-02  0.0000E+00  0.4184E-02  0.0000E+00  0.8453E-02  0.0000E+00  0.2332E-01  0.0000E+00  0.1999E-02
     0.229  0.0000E+00  0.1090E-01  0.0000E+00  0.6599E-03  0.0000E+00  0.4091E-02  0.0000E+00  0.7591E-02  0.0000E+00  0.4273E-02  0.0000E+00  0.8863E-02  0.0000E+00  0.1834E-01  0.0000E+00  0.4746E-01  0.0000E+00  0.4064E-02
     0.239  0.0000E+00  0.1731E-01  0.0000E+00  0.1047E-02  0.0000E+00  0.6265E-02  0.0000E+00  0.1116E-01  0.0000E+00  0.6165E-02  0.0000E+00  0.1385E-01  0.0000E+00  0.2929E-01  0.0000E+00  0.7134E-01  0.0000E+00  0.6101E-02
     0.249  0.0000E+00  0.2731E-01  0.0000E+00  0.1289E-02  0.0000E+00  0.8217E-02  0.0000E+00  0.1289E-01  0.0000E+00  0.6956E-02  0.0000E+00  0.1798E-01  0.0000E+00  0.4486E-01  0.0000E+00  0.8621E-01  0.0000E+00  0.7621E-02
     0.259  0.0000E+00  0.4103E-01  0.0000E+00  0.1341E-02  0.0000E+00  0.1001E-01  0.0000E+00  0.1301E-01  0.0000E+00  0.6821E-02  0.0000E+00  0.2100E-01  0.0000E+00  0.6492E-01  0.0000E+00  0.9266E-01  0.0000E+00  0.8705E-02
     0.269  0.0000E+00  0.5714E-01  0.0000E+00  0.1419E-02  0.0000E+00  0.1218E-01  0.0000E+00  0.1349E-01  0.0000E+00  0.6905E-02  0.0000E+00  0.2491E-01  0.0000E+00  0.8825E-01  0.0000E+00  0.1020E+00  0.0000E+00  0.1014E-01
     0.279  0.0000E+00  0.7739E-01  0.0000E+00  0.1602E-02  0.0000E+00  0.1503E-01  0.0000E+00  0.1480E-01  0.0000E+00  0.7493E-02  0.0000E+00  0.3092E-01  0.0000E+00  0.1174E+00  0.0000E+00  0.1181E+00  0.0000E+00  0.1228E-01
     0.289  0.0000E+00  0.9914E-01  0.0000E+00  0.1742E-02  0.0000E+00  0.1802E-01  0.0000E+00  0.1596E-01  0.0000E+00  0.7969E-02  0.0000E+00  0.3694E-01  0.0000E+00  0.1483E+00  0.0000E+00  0.1336E+00  0.0000E+00  0.1447E-01
     0.299  0.0000E+00  0.1224E+00  0.0000E+00  0.1838E-02  0.0000E+00  0.2115E-01  0.0000E+00  0.1697E-01  0.0000E+00  0.8333E-02  0.0000E+00  0.4296E-01  0.0000E+00  0.1810E+00  0.0000E+00  0.1487E+00  0.0000E+00  0.1670E-01
     0.309  0.0000E+00  0.2249E+00  0.0000E+00  0.1903E-02  0.0000E+00  0.3733E-01  0.0000E+00  0.2245E-01  0.0000E+00  0.8383E-02  0.0000E+00  0.6125E-01  0.0000E+00  0.3252E+00  0.0000E+00  0.2208E+00  0.0000E+00  0.2584E-01
     0.319  0.0000E+00  0.5806E+00  0.0000E+00  0.2586E-02  0.0000E+00  0.8914E-01  0.0000E+00  0.4311E-01  0.0000E+00  0.1106E-01  0.0000E+00  0.1451E+00  0.0000E+00  0.8081E+00  0.0000E+00  0.4948E+00  0.0000E+00  0.6096E-01
     0.329  0.0000E+00  0.1662E+01  0.0000E+00  0.2425E-02  0.0000E+00  0.2227E+00  0.0000E+00  0.8131E-01  0.0000E+00  0.1476E-01  0.0000E+00  0.3930E+00  0.0000E+00  0.2241E+01  0.0000E+00  0.1139E+01  0.0000E+00  0.1592E+00
     0.339  0.0000E+00  0.4928E+00  0.0000E+00  0.2002E-03  0.0000E+00  0.6199E-01  0.0000E+00  0.1888E-01  0.0000E+00  0.2375E-02  0.0000E+00  0.1146E+00  0.0000E+00  0.6553E+00  0.0000E+00  0.3002E+00  0.0000E+00  0.4512E-01
     0.349  0.0000E+00  0.0000E+00  0.0000E+00  0.0000E+00  0.0000E+00  0.0000E+00  0.0000E+00  0.0000E+00  0.0000E+00  0.0000E+00  0.0000E+00  0.0000E+00  0.0000E+00  0.0000E+00  0.0000E+00  0.0000E+00  0.0000E+00  0.0000E+00
     0.359  0.0000E+00  0.2518E+00  0.0000E+00  0.5559E-02  0.0000E+00  0.1499E-01  0.0000E+00  0.1566E-01  0.0000E+00  0.4710E-02  0.0000E+00  0.5382E-01  0.0000E+00  0.4316E+00  0.0000E+00  0.1823E+00  0.0000E+00  0.1119E-01
     0.369  0.0000E+00  0.3298E+00  0.0000E+00  0.8167E-02  0.0000E+00  0.1686E-01  0.0000E+00  0.2330E-01  0.0000E+00  0.8078E-02  0.0000E+00  0.6969E-01  0.0000E+00  0.5877E+00  0.0000E+00  0.2571E+00  0.0000E+00  0.1277E-01
     0.379  0.0000E+00  0.2058E+00  0.0000E+00  0.7344E-02  0.0000E+00  0.8313E-02  0.0000E+00  0.2189E-01  0.0000E+00  0.7785E-02  0.0000E+00  0.5061E-01  0.0000E+00  0.4064E+00  0.0000E+00  0.2258E+00  0.0000E+00  0.6489E-02
     0.389  0.0000E+00  0.1805E+00  0.0000E+00  0.6569E-02  0.0000E+00  0.5988E-02  0.0000E+00  0.2075E-01  0.0000E+00  0.7952E-02  0.0000E+00  0.4072E-01  0.0000E+00  0.3710E+00  0.0000E+00  0.2092E+00  0.0000E+00  0.4502E-02
     0.399  0.0000E+00  0.1624E+00  0.0000E+00  0.5769E-02  0.0000E+00  0.4201E-02  0.0000E+00  0.1961E-01  0.0000E+00  0.8058E-02  0.0000E+00  0.3142E-01  0.0000E+00  0.3454E+00  0.0000E+00  0.1934E+00  0.0000E+00  0.2896E-02
     0.409  0.0000E+00  0.1901E+00  0.0000E+00  0.7239E-02  0.0000E+00  0.3738E-02  0.0000E+00  0.2757E-01  0.0000E+00  0.1111E-01  0.0000E+00  0.3521E-01  0.0000E+00  0.4264E+00  0.0000E+00  0.2663E+00  0.0000E+00  0.2555E-02
     0.419  0.0000E+00  0.1437E+00  0.0000E+00  0.6274E-02  0.0000E+00  0.2801E-02  0.0000E+00  0.2263E-01  0.0000E+00  0.8026E-02  0.0000E+00  0.3470E-01  0.0000E+00  0.3268E+00  0.0000E+00  0.2319E+00  0.0000E+00  0.1952E-02
     0.429  0.0000E+00  0.1161E+00  0.0000E+00  0.5265E-02  0.0000E+00  0.2443E-02  0.0000E+00  0.1784E-01  0.0000E+00  0.5724E-02  0.0000E+00  0.3274E-01  0.0000E+00  0.2596E+00  0.0000E+00  0.1933E+00  0.0000E+00  0.1655E-02
     0.439  0.0000E+00  0.1146E+00  0.0000E+00  0.5302E-02  0.0000E+00  0.2300E-02  0.0000E+00  0.1818E-01  0.0000E+00  0.5605E-02  0.0000E+00  0.3329E-01  0.0000E+00  0.2586E+00  0.0000E+00  0.2004E+00  0.0000E+00  0.1471E-02
     0.449  0.0000E+00  0.1130E+00  0.0000E+00  0.5339E-02  0.0000E+00  0.2166E-02  0.0000E+00  0.1851E-01  0.0000E+00  0.5475E-02  0.0000E+00  0.3385E-01  0.0000E+00  0.2575E+00  0.0000E+00  0.2075E+00  0.0000E+00  0.1291E-02
     0.459  0.0000E+00  0.1303E+00  0.0000E+00  0.8023E-02  0.0000E+00  0.2653E-02  0.0000E+00  0.2459E-01  0.0000E+00  0.8182E-02  0.0000E+00  0.5349E-01  0.0000E+00  0.3172E+00  0.0000E+00  0.3052E+00  0.0000E+00  0.2192E-01
     0.469  0.0000E+00  0.1263E+00  0.0000E+00  0.8363E-02  0.0000E+00  0.3317E-02  0.0000E+00  0.2386E-01  0.0000E+00  0.1135E-01  0.0000E+00  0.5627E-01  0.0000E+00  0.3119E+00  0.0000E+00  0.3223E+00  0.0000E+00  0.6026E-01
     0.479  0.0000E+00  0.1160E+00  0.0000E+00  0.8422E-02  0.0000E+00  0.3776E-02  0.0000E+00  0.2206E-01  0.0000E+00  0.1396E-01  0.0000E+00  0.5667E-01  0.0000E+00  0.2930E+00  0.0000E+00  0.3217E+00  0.0000E+00  0.9340E-01
     0.489  0.0000E+00  0.8717E-01  0.0000E+00  0.6028E-02  0.0000E+00  0.3549E-02  0.0000E+00  0.1548E-01  0.0000E+00  0.1630E-01  0.0000E+00  0.3930E-01  0.0000E+00  0.2168E+00  0.0000E+00  0.2421E+00  0.0000E+00  0.1254E+00
     0.499  0.0000E+00  0.2895E-01  0.0000E+00  0.7390E-03  0.0000E+00  0.1071E-02  0.0000E+00  0.2897E-02  0.0000E+00  0.1039E-01  0.0000E+00  0.3868E-02  0.0000E+00  0.5762E-01  0.0000E+00  0.4162E-01  0.0000E+00  0.8076E-01
     0.509  0.0000E+00  0.9822E-01  0.0000E+00  0.5096E-02  0.0000E+00  0.1387E-01  0.0000E+00  0.3646E-01  0.0000E+00  0.4724E+00  0.0000E+00  0.7814E-01  0.0000E+00  0.2475E+00  0.0000E+00  0.2706E+00  0.0000E+00  0.3070E+01
     0.519  0.0000E+00  0.8214E-01  0.0000E+00  0.2590E-02  0.0000E+00  0.2589E-02  0.0000E+00  0.1705E-01  0.0000E+00  0.3002E-01  0.0000E+00  0.1642E-01  0.0000E+00  0.1941E+00  0.0000E+00  0.1958E+00  0.0000E+00  0.1460E+00
     0.529  0.0000E+00  0.6852E-01  0.0000E+00  0.1776E-02  0.0000E+00  0.2006E-02  0.0000E+00  0.1319E-01  0.0000E+00  0.1673E-01  0.0000E+00  0.8563E-02  0.0000E+00  0.1569E+00  0.0000E+00  0.1533E+00  0.0000E+00  0.7027E-01
     0.539  0.1229E-02  0.0000E+00  0.1320E-04  0.0000E+00  0.1113E-03  0.0000E+00  0.2304E-03  0.0000E+00  0.4895E-04  0.0000E+00  0.2086E-03  0.0000E+00  0.4936E-03  0.0000E+00  0.3141E-02  0.0000E+00  0.2236E-03  0.0000E+00
     0.549  0.2803E-01  0.0000E+00  0.3134E-03  0.0000E+00  0.2665E-02  0.0000E+00  0.4625E-02  0.0000E+00  0.1344E-02  0.0000E+00  0.5066E-02  0.0000E+00  0.1239E-01  0.0000E+00  0.6605E-01  0.0000E+00  0.4651E-02  0.0000E+00
     0.559  0.1586E-01  0.0000E+00  0.1660E-03  0.0000E+00  0.1411E-02  0.0000E+00  0.2401E-02  0.0000E+00  0.7416E-03  0.0000E+00  0.2535E-02  0.0000E+00  0.6432E-02  0.0000E+00  0.3259E-01  0.0000E+00  0.2307E-02  0.0000E+00
     0.569  0.1382E-01  0.0000E+00  0.1460E-03  0.0000E+00  0.1196E-02  0.0000E+00  0.2066E-02  0.0000E+00  0.6623E-03  0.0000E+00  0.2140E-02  0.0000E+00  0.5446E-02  0.0000E+00  0.2729E-01  0.0000E+00  0.1994E-02  0.0000E+00
     0.579  0.1243E-01  0.0000E+00  0.1381E-03  0.0000E+00  0.1057E-02  0.0000E+00  0.1900E-02  0.0000E+00  0.6316E-03  0.0000E+00  0.1941E-02  0.0000E+00  0.4860E-02  0.0000E+00  0.2456E-01  0.0000E+00  0.1886E-02  0.0000E+00
     0.589  0.1215E-01  0.0000E+00  0.1382E-03  0.0000E+00  0.1015E-02  0.0000E+00  0.1866E-02  0.0000E+00  0.6350E-03  0.0000E+00  0.1881E-02  0.0000E+00  0.4682E-02  0.0000E+00  0.2368E-01  0.0000E+00  0.1876E-02  0.0000E+00
     0.599  0.1275E-01  0.0000E+00  0.1434E-03  0.0000E+00  0.1046E-02  0.0000E+00  0.1920E-02  0.0000E+00  0.6609E-03  0.0000E+00  0.1913E-02  0.0000E+00  0.4798E-02  0.0000E+00  0.2402E-01  0.0000E+00  0.1925E-02  0.0000E+00
     0.609  0.1335E-01  0.0000E+00  0.1486E-03  0.0000E+00  0.1076E-02  0.0000E+00  0.1973E-02  0.0000E+00  0.6868E-03  0.0000E+00  0.1943E-02  0.0000E+00  0.4912E-02  0.0000E+00  0.2435E-01  0.0000E+00  0.1974E-02  0.0000E+00
     0.619  0.1395E-01  0.0000E+00  0.1539E-03  0.0000E+00  0.1106E-02  0.0000E+00  0.2027E-02  0.0000E+00  0.7127E-03  0.0000E+00  0.1973E-02  0.0000E+00  0.5024E-02  0.0000E+00  0.2466E-01  0.0000E+00  0.2023E-02  0.0000E+00
     0.629  0.1456E-01  0.0000E+00  0.1591E-03  0.0000E+00  0.1135E-02  0.0000E+00  0.2080E-02  0.0000E+00  0.7385E-03  0.0000E+00  0.2002E-02  0.0000E+00  0.5135E-02  0.0000E+00  0.2497E-01  0.0000E+00  0.2073E-02  0.0000E+00
     0.639  0.1516E-01  0.0000E+00  0.1644E-03  0.0000E+00  0.1165E-02  0.0000E+00  0.2133E-02  0.0000E+00  0.7643E-03  0.0000E+00  0.2031E-02  0.0000E+00  0.5245E-02  0.0000E+00  0.2527E-01  0.0000E+00  0.2122E-02  0.0000E+00
     0.649  0.1577E-01  0.0000E+00  0.1696E-03  0.0000E+00  0.1194E-02  0.0000E+00  0.2186E-02  0.0000E+00  0.7901E-03  0.0000E+00  0.2058E-02  0.0000E+00  0.5352E-02  0.0000E+00  0.2556E-01  0.0000E+00  0.2171E-02  0.0000E+00
     0.659  0.1638E-01  0.4177E-02  0.1749E-03  0.1741E-01  0.1223E-02  0.5890E-03  0.2239E-02  0.1014E-02  0.8159E-03  0.1914E-02  0.2085E-02  0.3183E+00  0.5459E-02  0.1962E-01  0.2584E-01  0.1314E-01  0.2220E-02  0.2281E-02
     0.669  0.1699E-01  0.1467E+00  0.1801E-03  0.8827E+00  0.1252E-02  0.8071E-02  0.2291E-02  0.1627E+00  0.8416E-03  0.2449E-01  0.2110E-02  0.1609E+02  0.5564E-02  0.3447E+00  0.2611E-01  0.2130E+01  0.2270E-02  0.2962E+00
     0.679  0.1761E-01  0.2664E-01  0.1853E-03  0.2568E+00  0.1280E-02  0.2411E-02  0.2343E-02  0.4856E-01  0.8673E-03  0.6081E-02  0.2135E-02  0.4607E+01  0.5667E-02  0.1377E+00  0.2638E-01  0.7979E+00  0.2319E-02  0.1200E+00
     0.689  0.1823E-01  0.0000E+00  0.1906E-03  0.0000E+00  0.1308E-02  0.0000E+00  0.2395E-02  0.0000E+00  0.8930E-03  0.0000E+00  0.2159E-02  0.0000E+00  0.5769E-02  0.0000E+00  0.2663E-01  0.0000E+00  0.2368E-02  0.0000E+00
     0.699  0.1885E-01  0.0000E+00  0.1958E-03  0.0000E+00  0.1336E-02  0.0000E+00  0.2446E-02  0.0000E+00  0.9187E-03  0.0000E+00  0.2182E-02  0.0000E+00  0.5869E-02  0.0000E+00  0.2687E-01  0.0000E+00  0.2418E-02  0.0000E+00
     0.709  0.2087E-01  0.3935E-02  0.2157E-03  0.1994E-02  0.1464E-02  0.3381E-03  0.2553E-02  0.1263E-02  0.1043E-02  0.2097E-03  0.2341E-02  0.3907E-01  0.6433E-02  0.3833E-02  0.2795E-01  0.3779E-01  0.2584E-02  0.3694E-02
     0.719  0.2400E-01  0.8842E-02  0.2459E-03  0.4044E-02  0.1643E-02  0.7620E-03  0.2908E-02  0.2703E-02  0.1212E-02  0.4855E-03  0.2580E-02  0.8018E-01  0.7228E-02  0.8610E-02  0.3095E-01  0.8252E-01  0.2913E-02  0.8013E-02
     0.729  0.2726E-01  0.1411E-01  0.2737E-03  0.5804E-02  0.1821E-02  0.1219E-02  0.3279E-02  0.4111E-02  0.1370E-02  0.7958E-03  0.2789E-02  0.1167E+00  0.8010E-02  0.1373E-01  0.3393E-01  0.1281E+00  0.3227E-02  0.1236E-01
     0.739  0.3061E-01  0.1821E-01  0.2982E-03  0.5731E-02  0.1996E-02  0.1589E-02  0.3633E-02  0.4558E-02  0.1517E-02  0.1141E-02  0.2962E-02  0.1196E+00  0.8775E-02  0.1803E-01  0.3664E-01  0.1512E+00  0.3512E-02  0.1451E-01
     0.749  0.3403E-01  0.2026E-01  0.3195E-03  0.4722E-02  0.2170E-02  0.1742E-02  0.3970E-02  0.4141E-02  0.1653E-02  0.1408E-02  0.3097E-02  0.1029E+00  0.9523E-02  0.2030E-01  0.3910E-01  0.1483E+00  0.3765E-02  0.1432E-01
     0.759  0.3754E-01  0.2314E-01  0.3376E-03  0.4663E-02  0.2341E-02  0.1919E-02  0.4290E-02  0.4173E-02  0.1778E-02  0.1671E-02  0.3196E-02  0.1031E+00  0.1025E-01  0.2307E-01  0.4129E-01  0.1537E+00  0.3988E-02  0.1492E-01
     0.769  0.2292E-01  0.2607E-01  0.2821E-03  0.4588E-02  0.1279E-02  0.2091E-02  0.4155E-02  0.4184E-02  0.1003E-02  0.1937E-02  0.2432E-02  0.1029E+00  0.5049E-02  0.2584E-01  0.3578E-01  0.1583E+00  0.3174E-02  0.1546E-01
     0.779  0.2185E-01  0.2905E-01  0.2951E-03  0.4495E-02  0.1244E-02  0.2258E-02  0.3677E-02  0.4174E-02  0.1045E-02  0.2206E-02  0.2423E-02  0.1023E+00  0.4956E-02  0.2861E-01  0.3169E-01  0.1623E+00  0.3152E-02  0.1595E-01
     0.789  0.3154E-01  0.3206E-01  0.2906E-03  0.4385E-02  0.1824E-02  0.2421E-02  0.2677E-02  0.4144E-02  0.1213E-02  0.2476E-02  0.2326E-02  0.1012E+00  0.6218E-02  0.3138E-01  0.2306E-01  0.1656E+00  0.2958E-02  0.1638E-01
     0.799  0.2868E-01  0.3495E-01  0.2902E-03  0.4256E-02  0.1656E-02  0.2564E-02  0.2585E-02  0.4077E-02  0.1164E-02  0.2734E-02  0.2298E-02  0.9959E-01  0.5698E-02  0.3394E-01  0.2238E-01  0.1674E+00  0.2942E-02  0.1670E-01
     0.809  0.2573E-01  0.3763E-01  0.2896E-03  0.4106E-02  0.1483E-02  0.2684E-02  0.2499E-02  0.3969E-02  0.1110E-02  0.2971E-02  0.2270E-02  0.9734E-01  0.5178E-02  0.3619E-01  0.2174E-01  0.1673E+00  0.2923E-02  0.1692E-01
     0.819  0.2270E-01  0.4035E-01  0.2886E-03  0.3940E-02  0.1304E-02  0.2802E-02  0.2419E-02  0.3845E-02  0.1051E-02  0.3209E-02  0.2241E-02  0.9472E-01  0.4657E-02  0.3844E-01  0.2115E-01  0.1668E+00  0.2902E-02  0.1710E-01
     0.829  0.2198E-01  0.6910E-01  0.3262E-03  0.2623E-02  0.1198E-02  0.4485E-02  0.2297E-02  0.3370E-02  0.1032E-02  0.5594E-02  0.2212E-02  0.7567E-01  0.4185E-02  0.6356E-01  0.1916E-01  0.1647E+00  0.2996E-02  0.1859E-01
     0.839  0.2124E-01  0.4578E-01  0.3319E-03  0.1938E-02  0.1142E-02  0.3286E-02  0.2223E-02  0.2325E-02  0.1007E-02  0.3823E-02  0.2185E-02  0.5438E-01  0.3961E-02  0.4215E-01  0.1841E-01  0.1362E+00  0.2969E-02  0.1472E-01
     0.849  0.2050E-01  0.3005E-01  0.3375E-03  0.1628E-02  0.1086E-02  0.2389E-02  0.2147E-02  0.1659E-02  0.9807E-03  0.2502E-02  0.2158E-02  0.4200E-01  0.3739E-02  0.2697E-01  0.1765E-01  0.1339E+00  0.2940E-02  0.1336E-01
     0.859  0.1976E-01  0.2816E-01  0.3429E-03  0.1694E-02  0.1031E-02  0.2353E-02  0.2070E-02  0.1708E-02  0.9546E-03  0.2555E-02  0.2130E-02  0.4568E-01  0.3517E-02  0.2525E-01  0.1689E-01  0.1738E+00  0.2910E-02  0.1664E-01
     0.869  0.1902E-01  0.2629E-01  0.3483E-03  0.1419E-02  0.9761E-03  0.2206E-02  0.1992E-02  0.1480E-02  0.9283E-03  0.2467E-02  0.2102E-02  0.4031E-01  0.3296E-02  0.2357E-01  0.1613E-01  0.1521E+00  0.2877E-02  0.1492E-01
     0.879  0.1828E-01  0.2482E-01  0.3536E-03  0.1153E-02  0.9213E-03  0.2081E-02  0.1912E-02  0.1256E-02  0.9017E-03  0.2391E-02  0.2073E-02  0.3495E-01  0.3075E-02  0.2225E-01  0.1536E-01  0.1277E+00  0.2843E-02  0.1308E-01
     0.889  0.1754E-01  0.2339E-01  0.3587E-03  0.8950E-03  0.8666E-03  0.1965E-02  0.1832E-02  0.1044E-02  0.8749E-03  0.2320E-02  0.2043E-02  0.2989E-01  0.2856E-02  0.2100E-01  0.1459E-01  0.1030E+00  0.2807E-02  0.1130E-01
     0.899  0.1680E-01  0.2201E-01  0.3638E-03  0.6459E-03  0.8122E-03  0.1857E-02  0.1749E-02  0.8456E-03  0.8480E-03  0.2254E-02  0.2013E-02  0.2513E-01  0.2638E-02  0.1981E-01  0.1381E-01  0.7810E-01  0.2769E-02  0.9593E-02
     0.910  0.1606E-01  0.2118E-01  0.3687E-03  0.5561E-03  0.7580E-03  0.1799E-02  0.1666E-02  0.7606E-03  0.8208E-03  0.2223E-02  0.1982E-02  0.2347E-01  0.2420E-02  0.1902E-01  0.1303E-01  0.6991E-01  0.2729E-02  0.9068E-02
     0.920  0.1533E-01  0.2054E-01  0.3735E-03  0.5231E-03  0.7039E-03  0.1759E-02  0.1581E-02  0.7146E-03  0.7934E-03  0.2203E-02  0.1950E-02  0.2287E-01  0.2203E-02  0.1837E-01  0.1224E-01  0.6791E-01  0.2688E-02  0.8958E-02
     0.930  0.1479E-01  0.1991E-01  0.3847E-03  0.4905E-03  0.6664E-03  0.1718E-02  0.1510E-02  0.6691E-03  0.7909E-03  0.2182E-02  0.1961E-02  0.2228E-01  0.2070E-02  0.1772E-01  0.1166E-01  0.6592E-01  0.2682E-02  0.8845E-02
     0.940  0.1431E-01  0.1928E-01  0.3979E-03  0.4583E-03  0.6333E-03  0.1676E-02  0.1441E-02  0.6242E-03  0.7957E-03  0.2160E-02  0.1984E-02  0.2168E-01  0.1960E-02  0.1707E-01  0.1113E-01  0.6394E-01  0.2685E-02  0.8730E-02
     0.950  0.1385E-01  0.1865E-01  0.4150E-03  0.4265E-03  0.5990E-03  0.1635E-02  0.1394E-02  0.5798E-03  0.8051E-03  0.2138E-02  0.2023E-02  0.2108E-01  0.1849E-02  0.1643E-01  0.1076E-01  0.6195E-01  0.2712E-02  0.8611E-02
     0.960  0.1340E-01  0.1732E-01  0.4393E-03  0.3336E-03  0.5625E-03  0.1433E-02  0.1385E-02  0.4094E-03  0.8233E-03  0.2001E-02  0.2093E-02  0.1804E-01  0.1740E-02  0.1406E-01  0.1067E-01  0.4964E-01  0.2782E-02  0.8005E-02
     0.970  0.1296E-01  0.1621E-01  0.4642E-03  0.3028E-03  0.5261E-03  0.1331E-02  0.1374E-02  0.3658E-03  0.8423E-03  0.1912E-02  0.2164E-02  0.1702E-01  0.1630E-02  0.1272E-01  0.1057E-01  0.4536E-01  0.2853E-02  0.7730E-02
     0.980  0.1251E-01  0.1510E-01  0.4898E-03  0.2730E-03  0.4896E-03  0.1228E-02  0.1360E-02  0.3236E-03  0.8622E-03  0.1825E-02  0.2237E-02  0.1604E-01  0.1520E-02  0.1140E-01  0.1045E-01  0.4117E-01  0.2923E-02  0.7463E-02
     0.990  0.1206E-01  0.1398E-01  0.5160E-03  0.2441E-03  0.4532E-03  0.1125E-02  0.1343E-02  0.2829E-03  0.8830E-03  0.1740E-02  0.2312E-02  0.1509E-01  0.1409E-02  0.1009E-01  0.1031E-01  0.3707E-01  0.2993E-02  0.7203E-02
     1.000  0.1224E-01  0.1335E-01  0.5317E-03  0.2192E-03  0.4412E-03  0.1062E-02  0.1347E-02  0.2598E-03  0.9605E-03  0.1731E-02  0.2368E-02  0.1472E-01  0.1374E-02  0.9260E-02  0.1022E-01  0.3404E-01  0.3140E-02  0.7114E-02
     1.010  0.1247E-01  0.1336E-01  0.5314E-03  0.1975E-03  0.4376E-03  0.1043E-02  0.1335E-02  0.2512E-03  0.1035E-02  0.1805E-02  0.2368E-02  0.1474E-01  0.1364E-02  0.8901E-02  0.1002E-01  0.3172E-01  0.3245E-02  0.7201E-02
     1.020  0.1272E-01  0.1392E-01  0.5306E-03  0.1779E-03  0.4361E-03  0.1060E-02  0.1326E-02  0.2510E-03  0.1114E-02  0.1945E-02  0.2369E-02  0.1490E-01  0.1358E-02  0.8851E-02  0.9825E-02  0.2961E-01  0.3350E-02  0.7424E-02
     1.030  0.1298E-01  0.1449E-01  0.5293E-03  0.1591E-03  0.4367E-03  0.1078E-02  0.1318E-02  0.2511E-03  0.1197E-02  0.2091E-02  0.2371E-02  0.1508E-01  0.1357E-02  0.8804E-02  0.9654E-02  0.2751E-01  0.3457E-02  0.7656E-02
     1.040  0.1343E-01  0.1549E-01  0.5356E-03  0.1300E-03  0.4421E-03  0.1127E-02  0.1377E-02  0.2630E-03  0.1290E-02  0.2355E-02  0.2402E-02  0.1592E-01  0.1399E-02  0.8828E-02  0.9802E-02  0.2658E-01  0.3667E-02  0.8332E-02
     1.050  0.1486E-01  0.1653E-01  0.6213E-03  0.1101E-03  0.5579E-03  0.1186E-02  0.1720E-02  0.2819E-03  0.1714E-02  0.2580E-02  0.3070E-02  0.1658E-01  0.1625E-02  0.9008E-02  0.1244E-01  0.2620E-01  0.3940E-02  0.8910E-02
     1.060  0.1653E-01  0.1684E-01  0.7202E-03  0.1062E-03  0.6949E-03  0.1197E-02  0.2105E-02  0.2871E-03  0.2210E-02  0.2650E-02  0.3842E-02  0.1645E-01  0.1888E-02  0.9077E-02  0.1546E-01  0.2511E-01  0.4224E-02  0.9006E-02
     1.070  0.2420E-01  0.1718E-01  0.1108E-02  0.1030E-03  0.1279E-02  0.1215E-02  0.3166E-02  0.2949E-03  0.4276E-02  0.2725E-02  0.6780E-02  0.1637E-01  0.2886E-02  0.9183E-02  0.2476E-01  0.2436E-01  0.4943E-02  0.9157E-02
     1.080  0.2587E-01  0.1751E-01  0.1137E-02  0.1001E-03  0.1319E-02  0.1237E-02  0.3604E-02  0.3027E-03  0.4347E-02  0.2801E-02  0.6951E-02  0.1628E-01  0.3011E-02  0.9305E-02  0.2702E-01  0.2371E-01  0.5420E-02  0.9305E-02
     1.090  0.3110E-01  0.1785E-01  0.1202E-02  0.9763E-04  0.1489E-02  0.1262E-02  0.4322E-02  0.3108E-03  0.4570E-02  0.2878E-02  0.7405E-02  0.1619E-01  0.3406E-02  0.9444E-02  0.3120E-01  0.2318E-01  0.6413E-02  0.9450E-02
     1.100  0.3058E-01  0.1821E-01  0.1138E-02  0.9939E-04  0.1452E-02  0.1393E-02  0.4168E-02  0.3192E-03  0.4409E-02  0.3154E-02  0.7104E-02  0.1668E-01  0.3254E-02  0.9841E-02  0.2987E-01  0.2376E-01  0.5999E-02  0.9546E-02
     1.110  0.2830E-01  0.1855E-01  0.9837E-03  0.1052E-03  0.1370E-02  0.1642E-02  0.3946E-02  0.3274E-03  0.4055E-02  0.3641E-02  0.6413E-02  0.1783E-01  0.3034E-02  0.1051E-01  0.2782E-01  0.2568E-01  0.5104E-02  0.9562E-02
     1.120  0.2601E-01  0.2099E-01  0.8266E-03  0.1227E-03  0.1292E-02  0.2140E-02  0.3749E-02  0.3629E-03  0.3687E-02  0.4236E-02  0.5711E-02  0.1960E-01  0.2837E-02  0.1262E-01  0.2593E-01  0.3143E-01  0.4242E-02  0.1045E-01
     1.130  0.2533E-01  0.2449E-01  0.7404E-03  0.1422E-03  0.1283E-02  0.2754E-02  0.3886E-02  0.4386E-03  0.3421E-02  0.4892E-02  0.5360E-02  0.2191E-01  0.2884E-02  0.1590E-01  0.2628E-01  0.4688E-01  0.3799E-02  0.1247E-01
     1.140  0.2620E-01  0.2378E-01  0.7344E-03  0.1399E-03  0.1333E-02  0.2856E-02  0.4307E-02  0.4260E-03  0.3269E-02  0.5084E-02  0.5371E-02  0.2213E-01  0.3134E-02  0.1599E-01  0.2853E-01  0.4665E-01  0.3807E-02  0.1177E-01
     1.150  0.2708E-01  0.2420E-01  0.7276E-03  0.1485E-03  0.1384E-02  0.3945E-02  0.4752E-02  0.3932E-03  0.3109E-02  0.6780E-02  0.5372E-02  0.2584E-01  0.3401E-02  0.2010E-01  0.3091E-01  0.6108E-01  0.3845E-02  0.9942E-02
     1.160  0.2673E-01  0.2065E-01  0.7040E-03  0.1285E-03  0.1317E-02  0.3638E-02  0.4892E-02  0.3408E-03  0.2852E-02  0.6067E-02  0.5183E-02  0.2183E-01  0.3282E-02  0.1808E-01  0.3109E-01  0.5562E-01  0.3393E-02  0.7776E-02
     1.170  0.2481E-01  0.1709E-01  0.5921E-03  0.1083E-03  0.1061E-02  0.3329E-02  0.4131E-02  0.2888E-03  0.2312E-02  0.5336E-02  0.4247E-02  0.1779E-01  0.2579E-02  0.1609E-01  0.2538E-01  0.5042E-01  0.2412E-02  0.5648E-02
     1.180  0.2473E-01  0.1445E-01  0.5632E-03  0.9271E-04  0.9973E-03  0.3072E-02  0.3963E-02  0.2539E-03  0.2216E-02  0.4788E-02  0.3991E-02  0.1514E-01  0.2414E-02  0.1449E-01  0.2389E-01  0.4670E-01  0.2270E-02  0.4271E-02
     1.190  0.2494E-01  0.1287E-01  0.5359E-03  0.8225E-04  0.9421E-03  0.2875E-02  0.3821E-02  0.2389E-03  0.2144E-02  0.4466E-02  0.3749E-02  0.1412E-01  0.2264E-02  0.1333E-01  0.2252E-01  0.4458E-01  0.2161E-02  0.3754E-02
     1.200  0.2511E-01  0.1203E-01  0.5091E-03  0.7646E-04  0.8877E-03  0.2744E-02  0.3683E-02  0.2387E-03  0.2072E-02  0.4214E-02  0.3512E-02  0.1322E-01  0.2119E-02  0.1249E-01  0.2120E-01  0.4279E-01  0.2056E-02  0.3396E-02
     1.210  0.2526E-01  0.1163E-01  0.4830E-03  0.7347E-04  0.8342E-03  0.2650E-02  0.3550E-02  0.2476E-03  0.2001E-02  0.4010E-02  0.3281E-02  0.1237E-01  0.1979E-02  0.1185E-01  0.1991E-01  0.4127E-01  0.1954E-02  0.3139E-02
     1.220  0.2539E-01  0.1163E-01  0.4575E-03  0.7401E-04  0.7815E-03  0.2648E-02  0.3421E-02  0.2781E-03  0.1931E-02  0.3886E-02  0.3054E-02  0.1170E-01  0.1843E-02  0.1164E-01  0.1866E-01  0.4212E-01  0.1854E-02  0.2922E-02
     1.230  0.2548E-01  0.1222E-01  0.4327E-03  0.7926E-04  0.7296E-03  0.2783E-02  0.3297E-02  0.3397E-03  0.1862E-02  0.3875E-02  0.2832E-02  0.1131E-01  0.1712E-02  0.1205E-01  0.1746E-01  0.4642E-01  0.1758E-02  0.2809E-02
     1.240  0.3082E-01  0.1287E-01  0.5421E-03  0.8498E-04  0.7837E-03  0.2910E-02  0.3912E-02  0.4034E-03  0.2291E-02  0.3848E-02  0.3251E-02  0.1086E-01  0.1834E-02  0.1242E-01  0.1932E-01  0.5037E-01  0.1825E-02  0.2741E-02
     1.250  0.3929E-01  0.1290E-01  0.1154E-02  0.8619E-04  0.9195E-03  0.2843E-02  0.7347E-02  0.4320E-03  0.2979E-02  0.3697E-02  0.5308E-02  0.1009E-01  0.3000E-02  0.1191E-01  0.3332E-01  0.4924E-01  0.2439E-02  0.2579E-02
     1.260  0.4699E-01  0.1250E-01  0.1730E-02  0.8433E-04  0.1011E-02  0.2661E-02  0.1093E-01  0.4373E-03  0.3461E-02  0.3479E-02  0.7099E-02  0.9157E-02  0.4207E-02  0.1089E-01  0.4732E-01  0.4523E-01  0.3084E-02  0.2347E-02
     1.270  0.5192E-01  0.1210E-01  0.2331E-02  0.8237E-04  0.1084E-02  0.2481E-02  0.1407E-01  0.4420E-03  0.3821E-02  0.3262E-02  0.8843E-02  0.8247E-02  0.5290E-02  0.9900E-02  0.5939E-01  0.4136E-01  0.3713E-02  0.2125E-02
     1.280  0.5045E-01  0.1353E-01  0.2946E-02  0.9195E-04  0.1127E-02  0.2512E-02  0.1621E-01  0.5472E-03  0.3885E-02  0.3490E-02  0.1060E-01  0.7689E-02  0.6097E-02  0.9367E-02  0.6855E-01  0.3926E-01  0.4142E-02  0.1999E-02
     1.290  0.4731E-01  0.1550E-01  0.3081E-02  0.1068E-03  0.1069E-02  0.2601E-02  0.1624E-01  0.7079E-03  0.3625E-02  0.3831E-02  0.1079E-01  0.7291E-02  0.6150E-02  0.8967E-02  0.6850E-01  0.3920E-01  0.4120E-02  0.1952E-02
     1.300  0.4277E-01  0.1610E-01  0.2723E-02  0.1169E-03  0.9089E-03  0.2522E-02  0.1426E-01  0.8286E-03  0.3023E-02  0.3847E-02  0.9376E-02  0.6748E-02  0.5486E-02  0.8231E-02  0.5957E-01  0.3960E-01  0.3643E-02  0.1909E-02
     1.310  0.4574E-01  0.1580E-01  0.2405E-02  0.1188E-03  0.7918E-03  0.2359E-02  0.1295E-01  0.8699E-03  0.2801E-02  0.3678E-02  0.8098E-02  0.6080E-02  0.4997E-02  0.7326E-02  0.5244E-01  0.3766E-01  0.3487E-02  0.1763E-02
     1.320  0.5289E-01  0.1540E-01  0.2114E-02  0.1692E-03  0.6994E-03  0.2199E-02  0.1191E-01  0.1079E-02  0.2752E-02  0.4478E-02  0.6912E-02  0.1133E-01  0.4584E-02  0.7432E-02  0.4604E-01  0.4777E-01  0.3538E-02  0.2832E-02
     1.330  0.1761E-01  0.1565E-01  0.1390E-02  0.2508E-03  0.2939E-03  0.2111E-02  0.6970E-02  0.1463E-02  0.9426E-03  0.5788E-02  0.4191E-02  0.1937E-01  0.2980E-02  0.8185E-02  0.2730E-01  0.6440E-01  0.1786E-02  0.4753E-02
     1.340  0.1930E-01  0.1531E-01  0.1333E-02  0.3272E-03  0.2779E-03  0.2004E-02  0.6800E-02  0.1729E-02  0.9131E-03  0.7057E-02  0.3931E-02  0.2699E-01  0.2971E-02  0.8669E-02  0.2597E-01  0.7563E-01  0.1797E-02  0.6495E-02
     1.350  0.2130E-01  0.1622E-01  0.1364E-02  0.3416E-03  0.2837E-03  0.1948E-02  0.7058E-02  0.1821E-02  0.9378E-03  0.6942E-02  0.3962E-02  0.2613E-01  0.3116E-02  0.8018E-02  0.2651E-01  0.7327E-01  0.1872E-02  0.6427E-02
     1.360  0.3208E-01  0.1700E-01  0.1713E-02  0.3415E-03  0.4115E-03  0.1883E-02  0.9387E-02  0.1863E-02  0.1274E-02  0.6460E-02  0.5007E-02  0.2384E-01  0.4229E-02  0.7215E-02  0.3379E-01  0.6857E-01  0.2336E-02  0.6026E-02
     1.370  0.4477E-01  0.1783E-01  0.1932E-02  0.3408E-03  0.5030E-03  0.1836E-02  0.1110E-01  0.1905E-02  0.1540E-02  0.5931E-02  0.5670E-02  0.2159E-01  0.5072E-02  0.6499E-02  0.3846E-01  0.6418E-01  0.2642E-02  0.5627E-02
     1.380  0.4346E-01  0.8921E-02  0.2058E-02  0.2479E-03  0.4795E-03  0.8184E-03  0.1125E-01  0.1335E-02  0.1491E-02  0.3764E-02  0.5683E-02  0.1768E-01  0.5184E-02  0.4396E-02  0.3825E-01  0.4789E-01  0.2983E-02  0.4442E-02
     1.390  0.5380E-01  0.8807E-02  0.2210E-02  0.2340E-03  0.4898E-03  0.7688E-03  0.1226E-01  0.1307E-02  0.1678E-02  0.3085E-02  0.5600E-02  0.1560E-01  0.6076E-02  0.4104E-02  0.3874E-01  0.4425E-01  0.3628E-02  0.3972E-02
     1.400  0.6183E-01  0.1223E-01  0.2247E-02  0.2491E-03  0.4710E-03  0.1074E-02  0.1232E-01  0.1534E-02  0.1987E-02  0.2697E-02  0.5195E-02  0.1439E-01  0.6640E-02  0.4771E-02  0.3554E-01  0.4512E-01  0.4191E-02  0.3720E-02
     1.410  0.6706E-01  0.2013E-01  0.2308E-02  0.3197E-03  0.4619E-03  0.1894E-02  0.1222E-01  0.2227E-02  0.2597E-02  0.3007E-02  0.5105E-02  0.1654E-01  0.7042E-02  0.7572E-02  0.3249E-01  0.5676E-01  0.4678E-02  0.4252E-02
     1.420  0.7502E-01  0.1395E-01  0.2642E-02  0.3026E-03  0.5588E-03  0.1341E-02  0.1423E-01  0.1879E-02  0.3391E-02  0.2683E-02  0.5928E-02  0.1512E-01  0.8397E-02  0.5473E-02  0.3739E-01  0.4943E-01  0.5319E-02  0.3798E-02
     1.430  0.8212E-01  0.1524E-01  0.2831E-02  0.3542E-03  0.6508E-03  0.1445E-02  0.1587E-01  0.2194E-02  0.4079E-02  0.2830E-02  0.6495E-02  0.1642E-01  0.9645E-02  0.5819E-02  0.4163E-01  0.5532E-01  0.5666E-02  0.4389E-02
     1.440  0.8578E-01  0.1656E-01  0.2944E-02  0.3852E-03  0.7278E-03  0.1486E-02  0.1673E-01  0.2354E-02  0.4269E-02  0.2895E-02  0.6803E-02  0.1643E-01  0.1043E-01  0.5515E-02  0.4420E-01  0.5521E-01  0.5833E-02  0.4762E-02
     1.450  0.8351E-01  0.1789E-01  0.2923E-02  0.4092E-03  0.7541E-03  0.1519E-02  0.1635E-01  0.2473E-02  0.4269E-02  0.2966E-02  0.6804E-02  0.1607E-01  0.1031E-01  0.5088E-02  0.4351E-01  0.5352E-01  0.5751E-02  0.5092E-02
     1.460  0.7387E-01  0.2116E-01  0.2803E-02  0.4610E-03  0.7335E-03  0.1824E-02  0.1501E-01  0.2736E-02  0.4102E-02  0.3797E-02  0.6511E-02  0.1686E-01  0.9381E-02  0.5232E-02  0.4024E-01  0.5318E-01  0.5443E-02  0.6052E-02
     1.470  0.6766E-01  0.2313E-01  0.2781E-02  0.4856E-03  0.7669E-03  0.2109E-02  0.1441E-01  0.3111E-02  0.4086E-02  0.5032E-02  0.6435E-02  0.1801E-01  0.8935E-02  0.6027E-02  0.3897E-01  0.5924E-01  0.5153E-02  0.7029E-02
     1.480  0.6288E-01  0.2346E-01  0.2855E-02  0.5105E-03  0.8204E-03  0.2192E-02  0.1392E-01  0.3432E-02  0.4167E-02  0.5230E-02  0.6558E-02  0.1855E-01  0.8581E-02  0.6717E-02  0.3805E-01  0.6703E-01  0.4921E-02  0.7325E-02
     1.490  0.5329E-01  0.2385E-01  0.2597E-02  0.5363E-03  0.8126E-03  0.2275E-02  0.1195E-01  0.3742E-02  0.3764E-02  0.5382E-02  0.5992E-02  0.1902E-01  0.7690E-02  0.7358E-02  0.3276E-01  0.7434E-01  0.4463E-02  0.7593E-02
     1.500  0.4615E-01  0.2204E-01  0.2380E-02  0.5214E-03  0.8308E-03  0.2178E-02  0.1057E-01  0.3673E-02  0.3341E-02  0.5284E-02  0.5476E-02  0.1838E-01  0.7328E-02  0.7441E-02  0.2900E-01  0.7454E-01  0.4097E-02  0.7504E-02
     1.510  0.4335E-01  0.1963E-01  0.2181E-02  0.5028E-03  0.9222E-03  0.1998E-02  0.9702E-02  0.3569E-02  0.2897E-02  0.5091E-02  0.4983E-02  0.1759E-01  0.7875E-02  0.7300E-02  0.2623E-01  0.7386E-01  0.3702E-02  0.7337E-02
     1.520  0.4654E-01  0.1838E-01  0.2009E-02  0.5087E-03  0.1064E-02  0.1841E-02  0.9028E-02  0.3625E-02  0.2338E-02  0.5279E-02  0.4588E-02  0.1718E-01  0.8872E-02  0.7177E-02  0.2389E-01  0.7547E-01  0.3291E-02  0.7183E-02
     1.530  0.5092E-01  0.1814E-01  0.1964E-02  0.5275E-03  0.1187E-02  0.1706E-02  0.8933E-02  0.3850E-02  0.2138E-02  0.5647E-02  0.4495E-02  0.1686E-01  0.9880E-02  0.7086E-02  0.2313E-01  0.7944E-01  0.3084E-02  0.6991E-02
     1.540  0.5593E-01  0.1674E-01  0.2012E-02  0.5074E-03  0.1312E-02  0.1534E-02  0.9156E-02  0.3775E-02  0.2088E-02  0.5294E-02  0.4584E-02  0.1552E-01  0.1105E-01  0.6717E-02  0.2304E-01  0.7719E-01  0.2998E-02  0.6446E-02
     1.550  0.6330E-01  0.1371E-01  0.2236E-02  0.4438E-03  0.1484E-02  0.1277E-02  0.9922E-02  0.3246E-02  0.2123E-02  0.3903E-02  0.4991E-02  0.1280E-01  0.1280E-01  0.5726E-02  0.2388E-01  0.6542E-01  0.3080E-02  0.5202E-02
     1.560  0.7089E-01  0.1145E-01  0.2505E-02  0.4023E-03  0.1663E-02  0.1105E-02  0.1082E-01  0.2885E-02  0.2206E-02  0.2906E-02  0.5469E-02  0.1100E-01  0.1463E-01  0.5094E-02  0.2494E-01  0.5719E-01  0.3308E-02  0.4391E-02
     1.570  0.7861E-01  0.1150E-01  0.2774E-02  0.4090E-03  0.1845E-02  0.1088E-02  0.1175E-01  0.2892E-02  0.2296E-02  0.2657E-02  0.5946E-02  0.1060E-01  0.1654E-01  0.4977E-02  0.2594E-01  0.5587E-01  0.3544E-02  0.4024E-02
     1.580  0.8783E-01  0.1181E-01  0.2917E-02  0.4229E-03  0.2207E-02  0.1085E-02  0.1231E-01  0.2945E-02  0.2288E-02  0.2514E-02  0.6329E-02  0.1044E-01  0.1947E-01  0.4895E-02  0.2602E-01  0.5530E-01  0.3600E-02  0.3735E-02
     1.590  0.9243E-01  0.1270E-01  0.2821E-02  0.4824E-03  0.2354E-02  0.1140E-02  0.1234E-01  0.3130E-02  0.2200E-02  0.2514E-02  0.6202E-02  0.1129E-01  0.2076E-01  0.4868E-02  0.2526E-01  0.5537E-01  0.3450E-02  0.3893E-02
     1.600  0.9676E-01  0.1397E-01  0.2730E-02  0.5661E-03  0.2496E-02  0.1233E-02  0.1235E-01  0.3388E-02  0.2115E-02  0.2588E-02  0.6084E-02  0.1269E-01  0.2195E-01  0.4860E-02  0.2453E-01  0.5559E-01  0.3307E-02  0.4258E-02
     1.610  0.1082E+00  0.1532E-01  0.2698E-02  0.6532E-03  0.2802E-02  0.1338E-02  0.1297E-01  0.3663E-02  0.2064E-02  0.2687E-02  0.6112E-02  0.1422E-01  0.2463E-01  0.4869E-02  0.2483E-01  0.5607E-01  0.3297E-02  0.4721E-02
     1.620  0.1235E+00  0.1648E-01  0.2707E-02  0.7247E-03  0.3201E-02  0.1405E-02  0.1391E-01  0.3708E-02  0.2039E-02  0.2712E-02  0.6231E-02  0.1502E-01  0.2813E-01  0.4472E-02  0.2560E-01  0.5111E-01  0.3357E-02  0.5001E-02
     1.630  0.1924E+00  0.1700E-01  0.3588E-02  0.7180E-03  0.4746E-02  0.1414E-02  0.2026E-01  0.3623E-02  0.2615E-02  0.2618E-02  0.8794E-02  0.1446E-01  0.4286E-01  0.4100E-02  0.3566E-01  0.4712E-01  0.4229E-02  0.4855E-02
     1.640  0.2426E+00  0.1751E-01  0.4006E-02  0.7089E-03  0.5935E-02  0.1430E-02  0.2356E-01  0.3594E-02  0.2718E-02  0.2534E-02  0.1009E-01  0.1400E-01  0.5332E-01  0.3857E-02  0.3979E-01  0.4485E-01  0.4386E-02  0.4734E-02
     1.650  0.2632E+00  0.1802E-01  0.4134E-02  0.6998E-03  0.6508E-02  0.1447E-02  0.2400E-01  0.3565E-02  0.2596E-02  0.2452E-02  0.1047E-01  0.1356E-01  0.5763E-01  0.3625E-02  0.3939E-01  0.4263E-01  0.4086E-02  0.4615E-02
     1.660  0.2762E+00  0.1853E-01  0.4188E-02  0.6907E-03  0.6951E-02  0.1464E-02  0.2391E-01  0.3534E-02  0.2429E-02  0.2374E-02  0.1057E-01  0.1312E-01  0.6062E-01  0.3403E-02  0.3811E-01  0.4046E-01  0.3667E-02  0.4499E-02
     1.670  0.2811E+00  0.2082E-01  0.4220E-02  0.6893E-03  0.7206E-02  0.1580E-02  0.2324E-01  0.3672E-02  0.2265E-02  0.2334E-02  0.1060E-01  0.1283E-01  0.6198E-01  0.3247E-02  0.3619E-01  0.3917E-01  0.3213E-02  0.4491E-02
     1.680  0.2020E+00  0.2418E-01  0.4397E-02  0.7140E-03  0.5127E-02  0.1753E-02  0.1470E-01  0.3887E-02  0.2153E-02  0.2306E-02  0.1141E-01  0.1265E-01  0.4328E-01  0.3144E-02  0.2632E-01  0.3816E-01  0.2438E-02  0.4539E-02
     1.690  0.1126E+00  0.3025E-01  0.3504E-02  0.7690E-03  0.3029E-02  0.2073E-02  0.8697E-02  0.4418E-02  0.1636E-02  0.2368E-02  0.8139E-02  0.1290E-01  0.2462E-01  0.3229E-02  0.1695E-01  0.3937E-01  0.1893E-02  0.4695E-02
     1.700  0.7649E-01  0.3620E-01  0.3510E-02  0.8247E-03  0.2672E-02  0.2398E-02  0.8923E-02  0.4964E-02  0.2116E-02  0.2471E-02  0.7390E-02  0.1343E-01  0.2065E-01  0.3415E-02  0.1917E-01  0.4151E-01  0.1832E-02  0.4872E-02
     1.710  0.5938E-01  0.5359E-01  0.3922E-02  0.1177E-02  0.2908E-02  0.3716E-02  0.1070E-01  0.6808E-02  0.2824E-02  0.3406E-02  0.7623E-02  0.1976E-01  0.2109E-01  0.5196E-02  0.2426E-01  0.5441E-01  0.1976E-02  0.6736E-02
     1.720  0.6772E-01  0.6066E-01  0.4366E-02  0.1290E-02  0.3340E-02  0.4367E-02  0.1143E-01  0.7375E-02  0.3174E-02  0.3511E-02  0.8629E-02  0.2163E-01  0.2394E-01  0.6329E-02  0.2646E-01  0.5911E-01  0.2177E-02  0.6733E-02
     1.730  0.7587E-01  0.6232E-01  0.4823E-02  0.1310E-02  0.3782E-02  0.4611E-02  0.1215E-01  0.7219E-02  0.3529E-02  0.3318E-02  0.9638E-02  0.2163E-01  0.2678E-01  0.6816E-02  0.2861E-01  0.5780E-01  0.2378E-02  0.5883E-02
     1.740  0.8513E-01  0.6397E-01  0.5405E-02  0.1348E-02  0.4337E-02  0.4837E-02  0.1314E-01  0.7047E-02  0.3924E-02  0.3173E-02  0.1076E-01  0.2186E-01  0.3013E-01  0.7211E-02  0.3119E-01  0.5599E-01  0.2622E-02  0.5076E-02
     1.750  0.9118E-01  0.5438E-01  0.6158E-02  0.1148E-02  0.5139E-02  0.4081E-02  0.1465E-01  0.5803E-02  0.3751E-02  0.2912E-02  0.1130E-01  0.1898E-01  0.3374E-01  0.6030E-02  0.3302E-01  0.4425E-01  0.2888E-02  0.4094E-02
     1.760  0.1003E+00  0.4400E-01  0.7066E-02  0.9899E-03  0.6021E-02  0.3381E-02  0.1660E-01  0.4869E-02  0.3853E-02  0.2621E-02  0.1227E-01  0.1649E-01  0.3830E-01  0.5296E-02  0.3616E-01  0.3812E-01  0.3270E-02  0.3574E-02
     1.770  0.1105E+00  0.2663E-01  0.8118E-02  0.1167E-02  0.6969E-02  0.3135E-02  0.1890E-01  0.4524E-02  0.4079E-02  0.4249E-02  0.1350E-01  0.1921E-01  0.4337E-01  0.6797E-02  0.4019E-01  0.4957E-01  0.3723E-02  0.3390E-02
     1.780  0.2729E+00  0.2077E-01  0.1197E-01  0.1689E-02  0.1584E-01  0.3266E-02  0.2816E-01  0.9298E-02  0.6853E-02  0.6231E-02  0.2545E-01  0.2301E-01  0.1037E+00  0.1066E-01  0.6685E-01  0.1047E+00  0.7321E-02  0.3723E-02
     1.790  0.9352E-01  0.1478E-01  0.1029E-01  0.1177E-02  0.8995E-02  0.1903E-02  0.2342E-01  0.5473E-02  0.4136E-02  0.2962E-02  0.1425E-01  0.1457E-01  0.4823E-01  0.5302E-02  0.4748E-01  0.5476E-01  0.4814E-02  0.3074E-02
     1.800  0.1038E+00  0.1642E-01  0.1136E-01  0.1357E-02  0.1102E-01  0.2079E-02  0.2610E-01  0.6100E-02  0.4601E-02  0.3165E-02  0.1544E-01  0.1594E-01  0.5783E-01  0.5784E-02  0.5179E-01  0.5980E-01  0.5452E-02  0.3297E-02
     1.810  0.1167E+00  0.1791E-01  0.1255E-01  0.1556E-02  0.1306E-01  0.2263E-02  0.2851E-01  0.6706E-02  0.5015E-02  0.3365E-02  0.1669E-01  0.1747E-01  0.6771E-01  0.6301E-02  0.5556E-01  0.6482E-01  0.6017E-02  0.3538E-02
     1.820  0.1334E+00  0.1927E-01  0.1415E-01  0.1773E-02  0.1554E-01  0.2457E-02  0.3173E-01  0.7292E-02  0.5488E-02  0.3561E-02  0.1836E-01  0.1914E-01  0.7974E-01  0.6853E-02  0.6073E-01  0.6982E-01  0.6625E-02  0.3796E-02
     1.830  0.1682E+00  0.1856E-01  0.1678E-01  0.1921E-02  0.2019E-01  0.2502E-02  0.3489E-01  0.7611E-02  0.6246E-02  0.3628E-02  0.2075E-01  0.2003E-01  0.1029E+00  0.7176E-02  0.6425E-01  0.7267E-01  0.7207E-02  0.4006E-02
     1.840  0.1401E+00  0.1806E-01  0.1407E-01  0.2135E-02  0.1676E-01  0.2583E-02  0.2876E-01  0.8167E-02  0.5026E-02  0.3788E-02  0.1697E-01  0.2136E-01  0.8529E-01  0.7670E-02  0.5206E-01  0.7732E-01  0.6037E-02  0.4399E-02
     1.850  0.7336E-01  0.1793E-01  0.1083E-01  0.2455E-02  0.8512E-02  0.2711E-02  0.1928E-01  0.9061E-02  0.2782E-02  0.4066E-02  0.1201E-01  0.2335E-01  0.4114E-01  0.8406E-02  0.3751E-01  0.8444E-01  0.4775E-02  0.5050E-02
     1.860  0.5961E-01  0.1768E-01  0.9871E-02  0.2717E-02  0.7067E-02  0.2757E-02  0.1585E-01  0.9940E-02  0.2302E-02  0.4262E-02  0.1039E-01  0.2475E-01  0.3315E-01  0.8940E-02  0.3095E-01  0.8996E-01  0.4418E-02  0.5763E-02
     1.870  0.5944E-01  0.1755E-01  0.1243E-01  0.2956E-02  0.6684E-02  0.2769E-02  0.1266E-01  0.1078E-01  0.2435E-02  0.4405E-02  0.1203E-01  0.2591E-01  0.3064E-01  0.9353E-02  0.2647E-01  0.9428E-01  0.5705E-02  0.6524E-02
     1.880  0.4770E-01  0.2570E-01  0.1205E-01  0.3859E-02  0.6121E-02  0.5068E-02  0.9770E-02  0.1354E-01  0.2317E-02  0.5354E-02  0.1019E-01  0.3608E-01  0.2653E-01  0.1293E-01  0.2043E-01  0.1278E+00  0.5486E-02  0.8747E-02
     1.890  0.6601E-01  0.2257E-01  0.1345E-01  0.3845E-02  0.1002E-01  0.3884E-02  0.1022E-01  0.1322E-01  0.2816E-02  0.4920E-02  0.1190E-01  0.3305E-01  0.4357E-01  0.1154E-01  0.1970E-01  0.1137E+00  0.6258E-02  0.8876E-02
     1.900  0.7326E-01  0.1903E-01  0.1372E-01  0.3692E-02  0.1160E-01  0.2435E-02  0.1007E-01  0.1268E-01  0.2879E-02  0.4383E-02  0.1271E-01  0.2870E-01  0.5009E-01  0.9833E-02  0.1987E-01  0.9614E-01  0.5922E-02  0.8815E-02
     1.910  0.8124E-01  0.3483E-01  0.1391E-01  0.1066E-01  0.1331E-01  0.4754E-02  0.9964E-02  0.2409E-01  0.2927E-02  0.8310E-02  0.1350E-01  0.7488E-01  0.5711E-01  0.1827E-01  0.2013E-01  0.1729E+00  0.5547E-02  0.2148E-01
     1.920  0.1492E+00  0.2506E-01  0.9563E-02  0.7240E-02  0.2740E-01  0.3467E-02  0.9936E-02  0.1500E-01  0.2101E-02  0.5831E-02  0.8679E-02  0.5017E-01  0.1075E+00  0.1209E-01  0.1601E-01  0.1079E+00  0.3368E-02  0.1385E-01
     1.930  0.6164E+00  0.1845E-01  0.1942E-01  0.5451E-02  0.1243E+00  0.2414E-02  0.3161E-01  0.1007E-01  0.5985E-02  0.4460E-02  0.1356E-01  0.3604E-01  0.4726E+00  0.8212E-02  0.3612E-01  0.7257E-01  0.3974E-02  0.1044E-01
     1.940  0.9833E+00  0.1409E-01  0.2862E-01  0.4874E-02  0.2091E+00  0.2108E-02  0.5114E-01  0.7617E-02  0.8856E-02  0.3968E-02  0.1530E-01  0.3141E-01  0.7802E+00  0.6621E-02  0.5175E-01  0.5685E-01  0.4181E-02  0.8813E-02
     1.950  0.2669E+00  0.9052E-02  0.1063E-01  0.4352E-02  0.5772E-01  0.1842E-02  0.1127E-01  0.5052E-02  0.2803E-02  0.3452E-02  0.7322E-02  0.2720E-01  0.2126E+00  0.5054E-02  0.1779E-01  0.4118E-01  0.3830E-02  0.7133E-02
     1.960  0.2812E+00  0.8317E-02  0.1199E-01  0.4403E-02  0.6273E-01  0.1752E-02  0.1185E-01  0.4658E-02  0.2931E-02  0.3414E-02  0.7271E-02  0.2673E-01  0.2283E+00  0.4765E-02  0.1853E-01  0.3803E-01  0.4442E-02  0.6912E-02
     1.970  0.2306E+00  0.9328E-02  0.1215E-01  0.5000E-02  0.5219E-01  0.1890E-02  0.1119E-01  0.4948E-02  0.2858E-02  0.3639E-02  0.7319E-02  0.2908E-01  0.1884E+00  0.5363E-02  0.1863E-01  0.4127E-01  0.4702E-02  0.7159E-02
     1.980  0.1791E+00  0.9359E-02  0.1259E-01  0.4756E-02  0.4146E-01  0.1656E-02  0.1070E-01  0.5252E-02  0.2856E-02  0.3363E-02  0.7412E-02  0.2665E-01  0.1478E+00  0.5680E-02  0.1877E-01  0.4104E-01  0.4928E-02  0.6556E-02
     1.990  0.1604E+00  0.6961E-02  0.1409E-01  0.3237E-02  0.3880E-01  0.1004E-02  0.1123E-01  0.4619E-02  0.3257E-02  0.2440E-02  0.7995E-02  0.1784E-01  0.1367E+00  0.4548E-02  0.2006E-01  0.3073E-01  0.5375E-02  0.4593E-02
     2.000  0.1319E+00  0.6455E-02  0.1219E-01  0.2482E-02  0.3388E-01  0.7830E-03  0.1097E-01  0.4768E-02  0.3216E-02  0.2053E-02  0.6589E-02  0.1367E-01  0.1188E+00  0.4493E-02  0.1865E-01  0.2852E-01  0.4896E-02  0.3522E-02
     2.010  0.6524E-01  0.7231E-02  0.7210E-02  0.2219E-02  0.1749E-01  0.7620E-03  0.7332E-02  0.5361E-02  0.1084E-02  0.1935E-02  0.4008E-02  0.1213E-01  0.5646E-01  0.5058E-02  0.1221E-01  0.3068E-01  0.2419E-02  0.2988E-02
     2.020  0.4500E-01  0.9186E-02  0.4778E-02  0.2256E-02  0.1332E-01  0.9349E-03  0.6081E-02  0.7342E-02  0.8089E-03  0.2128E-02  0.2976E-02  0.1226E-01  0.4296E-01  0.6761E-02  0.9792E-02  0.4126E-01  0.1064E-02  0.2586E-02
     2.030  0.1474E+00  0.1251E-01  0.1041E-01  0.2559E-02  0.3448E-01  0.1228E-02  0.3678E-01  0.1138E-01  0.3924E-02  0.2581E-02  0.2140E-01  0.1338E-01  0.1191E+00  0.1013E-01  0.7001E-01  0.6280E-01  0.2101E-02  0.2259E-02
     2.040  0.1098E+00  0.2839E-01  0.4309E-02  0.4168E-02  0.3375E-01  0.2052E-02  0.1298E-01  0.2075E-01  0.2178E-02  0.5706E-02  0.8339E-02  0.1878E-01  0.1127E+00  0.1934E-01  0.2484E-01  0.1135E+00  0.8764E-03  0.4219E-02
     2.050  0.6488E-01  0.2754E-01  0.3852E-02  0.2993E-02  0.2158E-01  0.1428E-02  0.9594E-02  0.1423E-01  0.1574E-02  0.3695E-02  0.5262E-02  0.1302E-01  0.6971E-01  0.1277E-01  0.1662E-01  0.7482E-01  0.7581E-03  0.3475E-02
     2.060  0.5567E-01  0.2990E-01  0.3806E-02  0.2519E-02  0.1977E-01  0.1205E-02  0.9029E-02  0.1162E-01  0.1374E-02  0.3441E-02  0.4709E-02  0.1035E-01  0.6240E-01  0.1060E-01  0.1498E-01  0.5916E-01  0.7638E-03  0.3603E-02
     2.070  0.5911E-01  0.4960E-01  0.4342E-02  0.4006E-02  0.2200E-01  0.1861E-02  0.1016E-01  0.1676E-01  0.1558E-02  0.4784E-02  0.5176E-02  0.1533E-01  0.6868E-01  0.1472E-01  0.1654E-01  0.8617E-01  0.9164E-03  0.7498E-02
     2.080  0.6290E-01  0.4191E-01  0.4967E-02  0.4418E-02  0.2447E-01  0.2012E-02  0.1140E-01  0.1631E-01  0.1755E-02  0.4397E-02  0.5695E-02  0.1805E-01  0.7563E-01  0.1428E-01  0.1825E-01  0.8534E-01  0.1090E-02  0.7253E-02
     2.090  0.6667E-01  0.2507E-01  0.5630E-02  0.3127E-02  0.2704E-01  0.1440E-02  0.1265E-01  0.1350E-01  0.1944E-02  0.2876E-02  0.6228E-02  0.1401E-01  0.8280E-01  0.1214E-01  0.1995E-01  0.6745E-01  0.1273E-02  0.3643E-02
     2.100  0.7041E-01  0.2410E-01  0.6329E-02  0.2833E-02  0.2971E-01  0.1355E-02  0.1392E-01  0.1282E-01  0.2127E-02  0.2389E-02  0.6777E-02  0.1274E-01  0.9017E-01  0.1170E-01  0.2167E-01  0.6322E-01  0.1467E-02  0.2911E-02
     2.110  0.6177E-01  0.2292E-01  0.5902E-02  0.2542E-02  0.2780E-01  0.1271E-02  0.1173E-01  0.1203E-01  0.2016E-02  0.1900E-02  0.6439E-02  0.1149E-01  0.8359E-01  0.1116E-01  0.1853E-01  0.5860E-01  0.1560E-02  0.2230E-02
     2.120  0.7414E-01  0.2155E-01  0.7628E-02  0.2257E-02  0.3582E-01  0.1188E-02  0.1500E-01  0.1111E-01  0.2623E-02  0.1411E-02  0.8358E-02  0.1025E-01  0.1067E+00  0.1051E-01  0.2347E-01  0.5357E-01  0.2198E-02  0.1599E-02
     2.130  0.4829E-01  0.1898E-01  0.4658E-02  0.1870E-02  0.2458E-01  0.9783E-03  0.1042E-01  0.9109E-02  0.1735E-02  0.9039E-03  0.5290E-02  0.8208E-02  0.7216E-01  0.8904E-02  0.1609E-01  0.4223E-01  0.1187E-02  0.1016E-02
     2.140  0.3455E-01  0.1715E-01  0.4390E-02  0.1597E-02  0.1839E-01  0.8346E-03  0.8008E-02  0.7627E-02  0.9999E-03  0.5258E-03  0.3677E-02  0.6728E-02  0.5303E-01  0.7753E-02  0.1164E-01  0.3397E-01  0.7800E-03  0.5649E-03
     2.150  0.2782E-01  0.1907E-01  0.4632E-02  0.1588E-02  0.1494E-01  0.8169E-03  0.7849E-02  0.7634E-02  0.7752E-03  0.4614E-03  0.3373E-02  0.6446E-02  0.4271E-01  0.7921E-02  0.1100E-01  0.3238E-01  0.6396E-03  0.4684E-03
     2.160  0.2117E-01  0.2158E-01  0.4843E-02  0.1622E-02  0.1137E-01  0.8168E-03  0.7695E-02  0.7863E-02  0.5579E-03  0.4331E-03  0.3097E-02  0.6336E-02  0.3216E-01  0.8308E-02  0.1040E-01  0.3168E-01  0.5045E-03  0.4333E-03
     2.170  0.1750E-01  0.2722E-01  0.5207E-02  0.2024E-02  0.9723E-02  0.9320E-03  0.8057E-02  0.8975E-02  0.4766E-03  0.5254E-03  0.3078E-02  0.7337E-02  0.2708E-01  0.9662E-02  0.1060E-01  0.3454E-01  0.4510E-03  0.5791E-03
     2.180  0.1878E-01  0.3850E-01  0.7092E-02  0.3066E-02  0.1214E-01  0.1163E-02  0.1167E-01  0.1152E-01  0.7803E-03  0.7936E-03  0.3994E-02  0.9776E-02  0.3339E-01  0.1260E-01  0.1454E-01  0.4201E-01  0.6195E-03  0.9559E-03
     2.190  0.2172E-01  0.4111E-01  0.9705E-02  0.3464E-02  0.1589E-01  0.1396E-02  0.1739E-01  0.1234E-01  0.1273E-02  0.8621E-03  0.5552E-02  0.1117E-01  0.4375E-01  0.1406E-01  0.2098E-01  0.4536E-01  0.8862E-03  0.1084E-02
     2.200  0.2330E-01  0.5095E-01  0.1175E-01  0.5464E-02  0.1879E-01  0.2528E-02  0.1768E-01  0.1722E-01  0.1521E-02  0.1291E-02  0.6305E-02  0.1947E-01  0.5073E-01  0.1905E-01  0.2198E-01  0.6928E-01  0.1231E-02  0.1899E-02
     2.210  0.2550E-01  0.4678E-01  0.1361E-01  0.6448E-02  0.2225E-01  0.2682E-02  0.1837E-01  0.1645E-01  0.1760E-02  0.1438E-02  0.7112E-02  0.2104E-01  0.5931E-01  0.1940E-01  0.2337E-01  0.6648E-01  0.1566E-02  0.2357E-02
     2.220  0.2664E-01  0.4667E-01  0.1458E-01  0.7476E-02  0.2460E-01  0.2805E-02  0.1946E-01  0.1711E-01  0.1890E-02  0.1680E-02  0.7819E-02  0.2308E-01  0.6525E-01  0.2030E-01  0.2501E-01  0.6820E-01  0.1794E-02  0.2903E-02
     2.230  0.2561E-01  0.4438E-01  0.1513E-01  0.7494E-02  0.2464E-01  0.2696E-02  0.2050E-01  0.1616E-01  0.1875E-02  0.1675E-02  0.8472E-02  0.2261E-01  0.6495E-01  0.1966E-01  0.2649E-01  0.6376E-01  0.2002E-02  0.2982E-02
     2.240  0.2009E-01  0.4089E-01  0.1407E-01  0.6849E-02  0.1954E-01  0.2435E-02  0.1930E-01  0.1459E-01  0.1488E-02  0.1490E-02  0.7708E-02  0.2020E-01  0.4979E-01  0.1834E-01  0.2456E-01  0.5637E-01  0.1825E-02  0.2722E-02
     2.250  0.1530E-01  0.3779E-01  0.1333E-01  0.6204E-02  0.1445E-01  0.2198E-02  0.1781E-01  0.1315E-01  0.1131E-02  0.1314E-02  0.6852E-02  0.1789E-01  0.3474E-01  0.1729E-01  0.2207E-01  0.4975E-01  0.1711E-02  0.2440E-02
     2.260  0.1493E-01  0.3509E-01  0.1237E-01  0.5714E-02  0.1570E-01  0.2019E-02  0.1424E-01  0.1211E-01  0.9404E-03  0.1171E-02  0.5413E-02  0.1603E-01  0.3601E-01  0.1668E-01  0.1708E-01  0.4481E-01  0.1468E-02  0.2230E-02
     2.270  0.1342E-01  0.3493E-01  0.1056E-01  0.6678E-02  0.1466E-01  0.2132E-02  0.1134E-01  0.1349E-01  0.7879E-03  0.1329E-02  0.4238E-02  0.1755E-01  0.3329E-01  0.1883E-01  0.1339E-01  0.4802E-01  0.1085E-02  0.3101E-02
     2.280  0.9671E-02  0.3055E-01  0.8450E-02  0.3824E-02  0.1040E-01  0.1516E-02  0.9070E-02  0.8417E-02  0.6579E-03  0.7423E-03  0.3264E-02  0.9403E-02  0.2423E-01  0.1534E-01  0.1045E-01  0.2824E-01  0.7379E-03  0.8470E-03
     2.290  0.8088E-02  0.3206E-01  0.8366E-02  0.3952E-02  0.8846E-02  0.1610E-02  0.8842E-02  0.8503E-02  0.7421E-03  0.7682E-03  0.3139E-02  0.9521E-02  0.2103E-01  0.1651E-01  0.9867E-02  0.2821E-01  0.7742E-03  0.8713E-03
     2.300  0.7879E-02  0.3497E-01  0.9320E-02  0.4265E-02  0.8967E-02  0.1773E-02  0.9679E-02  0.9040E-02  0.9153E-03  0.8742E-03  0.3390E-02  0.9985E-02  0.2134E-01  0.1851E-01  0.1047E-01  0.2951E-01  0.9410E-03  0.1005E-02
     2.311  0.7694E-02  0.3874E-01  0.1034E-01  0.4787E-02  0.9112E-02  0.2001E-02  0.1065E-01  0.9852E-02  0.1087E-02  0.1032E-02  0.3669E-02  0.1090E-01  0.2170E-01  0.2109E-01  0.1120E-01  0.3172E-01  0.1102E-02  0.1254E-02
     2.321  0.7520E-02  0.4292E-01  0.1139E-01  0.5384E-02  0.9260E-02  0.2257E-02  0.1170E-01  0.1078E-01  0.1256E-02  0.1199E-02  0.3965E-02  0.1197E-01  0.2208E-01  0.2395E-01  0.1202E-01  0.3429E-01  0.1256E-02  0.1523E-02
     2.331  0.7356E-02  0.4738E-01  0.1248E-01  0.6008E-02  0.9411E-02  0.2531E-02  0.1285E-01  0.1177E-01  0.1422E-02  0.1364E-02  0.4279E-02  0.1308E-01  0.2248E-01  0.2700E-01  0.1292E-01  0.3703E-01  0.1404E-02  0.1779E-02
     2.341  0.7204E-02  0.5227E-01  0.1360E-01  0.6655E-02  0.9566E-02  0.2819E-02  0.1408E-01  0.1283E-01  0.1585E-02  0.1523E-02  0.4610E-02  0.1421E-01  0.2288E-01  0.3025E-01  0.1391E-01  0.3990E-01  0.1544E-02  0.2021E-02
     2.351  0.7557E-02  0.5513E-01  0.1831E-01  0.6941E-02  0.1081E-01  0.2984E-02  0.2112E-01  0.1284E-01  0.1879E-02  0.1553E-02  0.6103E-02  0.1479E-01  0.2575E-01  0.3200E-01  0.2020E-01  0.3981E-01  0.2004E-02  0.2114E-02
     2.361  0.7364E-02  0.5758E-01  0.1820E-01  0.7141E-02  0.1109E-01  0.3124E-02  0.2008E-01  0.1263E-01  0.1930E-02  0.1554E-02  0.5985E-02  0.1524E-01  0.2670E-01  0.3344E-01  0.1923E-01  0.3911E-01  0.1959E-02  0.2171E-02
     2.371  0.6994E-02  0.6093E-01  0.1761E-01  0.7352E-02  0.1088E-01  0.3283E-02  0.1850E-01  0.1260E-01  0.1899E-02  0.1554E-02  0.5643E-02  0.1568E-01  0.2622E-01  0.3536E-01  0.1766E-01  0.3880E-01  0.1882E-02  0.2226E-02
     2.381  0.6358E-02  0.7080E-01  0.1655E-01  0.9551E-02  0.1013E-01  0.4440E-02  0.1623E-01  0.1716E-01  0.1752E-02  0.1995E-02  0.4978E-02  0.2226E-01  0.2423E-01  0.4318E-01  0.1528E-01  0.5858E-01  0.1726E-02  0.2733E-02
     2.391  0.5642E-02  0.7859E-01  0.1537E-01  0.9691E-02  0.9208E-02  0.4722E-02  0.1422E-01  0.1766E-01  0.1584E-02  0.1944E-02  0.4333E-02  0.2181E-01  0.2187E-01  0.4734E-01  0.1315E-01  0.5909E-01  0.1561E-02  0.2595E-02
     2.401  0.5012E-02  0.7612E-01  0.1427E-01  0.7997E-02  0.8355E-02  0.4086E-02  0.1267E-01  0.1396E-01  0.1416E-02  0.1548E-02  0.3754E-02  0.1793E-01  0.1965E-01  0.4399E-01  0.1140E-01  0.4531E-01  0.1407E-02  0.2122E-02
     2.411  0.4492E-02  0.7488E-01  0.1316E-01  0.6454E-02  0.7567E-02  0.3684E-02  0.1129E-01  0.1096E-01  0.1246E-02  0.1184E-02  0.3219E-02  0.1472E-01  0.1757E-01  0.4295E-01  0.9842E-02  0.3399E-01  0.1248E-02  0.1697E-02
     2.421  0.4093E-02  0.8876E-01  0.1208E-01  0.6140E-02  0.6904E-02  0.4031E-02  0.1000E-01  0.1008E-01  0.1085E-02  0.1114E-02  0.2719E-02  0.1408E-01  0.1575E-01  0.5083E-01  0.8414E-02  0.2871E-01  0.1090E-02  0.1667E-02
     2.431  0.3812E-02  0.1031E+00  0.1104E-01  0.6083E-02  0.6376E-02  0.4717E-02  0.8822E-02  0.1005E-01  0.9425E-03  0.1168E-02  0.2261E-02  0.1385E-01  0.1422E-01  0.6041E-01  0.7125E-02  0.2777E-01  0.9380E-03  0.1732E-02
     2.441  0.3617E-02  0.1181E+00  0.1032E-01  0.6001E-02  0.6019E-02  0.5428E-02  0.7990E-02  0.9973E-02  0.8434E-03  0.1221E-02  0.1928E-02  0.1361E-01  0.1315E-01  0.7033E-01  0.6189E-02  0.2674E-01  0.8347E-03  0.1792E-02
     2.451  0.3578E-02  0.1413E+00  0.1021E-01  0.6192E-02  0.6020E-02  0.6469E-02  0.7796E-02  0.1008E-01  0.8358E-03  0.1424E-02  0.1853E-02  0.1381E-01  0.1311E-01  0.8488E-01  0.5911E-02  0.2599E-01  0.8459E-03  0.2109E-02
     2.461  0.3537E-02  0.1597E+00  0.1009E-01  0.6433E-02  0.6019E-02  0.7563E-02  0.7598E-02  0.9484E-02  0.8276E-03  0.1814E-02  0.1778E-02  0.1383E-01  0.1307E-01  0.9934E-01  0.5633E-02  0.2424E-01  0.8587E-03  0.2699E-02
     2.471  0.3255E-02  0.1573E+00  0.1100E-01  0.6092E-02  0.6530E-02  0.8073E-02  0.7975E-02  0.7952E-02  0.9614E-03  0.1915E-02  0.1740E-02  0.1279E-01  0.1340E-01  0.1037E+00  0.5577E-02  0.2098E-01  0.9357E-03  0.2835E-02
     2.481  0.2867E-02  0.1554E+00  0.1190E-01  0.5718E-02  0.6859E-02  0.8575E-02  0.8290E-02  0.6717E-02  0.1097E-02  0.1841E-02  0.1698E-02  0.1230E-01  0.1347E-01  0.1074E+00  0.5479E-02  0.1861E-01  0.1027E-02  0.2651E-02
     2.491  0.2654E-02  0.1525E+00  0.1187E-01  0.5789E-02  0.6683E-02  0.9129E-02  0.8308E-02  0.6246E-02  0.1115E-02  0.1852E-02  0.1649E-02  0.1222E-01  0.1312E-01  0.1100E+00  0.5327E-02  0.1814E-01  0.1058E-02  0.2533E-02
     2.501  0.2454E-02  0.1479E+00  0.1191E-01  0.5856E-02  0.6518E-02  0.9652E-02  0.8336E-02  0.5800E-02  0.1128E-02  0.1838E-02  0.1610E-02  0.1192E-01  0.1278E-01  0.1117E+00  0.5204E-02  0.1768E-01  0.1091E-02  0.2398E-02
     2.511  0.2259E-02  0.1418E+00  0.1196E-01  0.5837E-02  0.6340E-02  0.9803E-02  0.8357E-02  0.5383E-02  0.1128E-02  0.1735E-02  0.1573E-02  0.1116E-01  0.1241E-01  0.1103E+00  0.5081E-02  0.1650E-01  0.1123E-02  0.2229E-02
     2.521  0.2800E-02  0.1376E+00  0.1468E-01  0.5824E-02  0.1297E-01  0.9902E-02  0.1304E-01  0.4985E-02  0.2901E-02  0.1632E-02  0.2339E-02  0.1060E-01  0.2557E-01  0.1091E+00  0.7159E-02  0.1531E-01  0.2676E-02  0.2086E-02
     2.531  0.2177E-02  0.1330E+00  0.1377E-01  0.5813E-02  0.8336E-02  0.9964E-02  0.9961E-02  0.4590E-02  0.1689E-02  0.1531E-02  0.1737E-02  0.1002E-01  0.1616E-01  0.1076E+00  0.5508E-02  0.1405E-01  0.1661E-02  0.1952E-02
     2.541  0.1975E-02  0.1322E+00  0.1343E-01  0.5978E-02  0.7781E-02  0.1040E-01  0.9531E-02  0.4291E-02  0.1554E-02  0.1485E-02  0.1615E-02  0.9685E-02  0.1498E-01  0.1099E+00  0.5126E-02  0.1302E-01  0.1550E-02  0.1875E-02
     2.551  0.1777E-02  0.1364E+00  0.1306E-01  0.6528E-02  0.7239E-02  0.1141E-01  0.9116E-02  0.4146E-02  0.1424E-02  0.1537E-02  0.1496E-02  0.9975E-02  0.1384E-01  0.1179E+00  0.4753E-02  0.1277E-01  0.1439E-02  0.1928E-02
     2.561  0.1584E-02  0.1203E+00  0.1264E-01  0.6748E-02  0.6713E-02  0.1091E-01  0.8716E-02  0.3395E-02  0.1299E-02  0.1392E-02  0.1379E-02  0.9369E-02  0.1273E-01  0.1075E+00  0.4389E-02  0.1069E-01  0.1329E-02  0.1839E-02
     2.571  0.1409E-02  0.1039E+00  0.1235E-01  0.6560E-02  0.6235E-02  0.1031E-01  0.8697E-02  0.3063E-02  0.1194E-02  0.1236E-02  0.1288E-02  0.8371E-02  0.1173E-01  0.9687E-01  0.4131E-02  0.9244E-02  0.1232E-02  0.1671E-02
     2.581  0.1254E-02  0.8819E-01  0.1220E-01  0.6350E-02  0.5815E-02  0.9678E-02  0.9095E-02  0.2688E-02  0.1113E-02  0.1072E-02  0.1223E-02  0.7312E-02  0.1084E-01  0.8617E-01  0.3987E-02  0.7593E-02  0.1150E-02  0.1508E-02
     2.591  0.1115E-02  0.8648E-01  0.1301E-01  0.6430E-02  0.5699E-02  0.1045E-01  0.9577E-02  0.2641E-02  0.1056E-02  0.1094E-02  0.1173E-02  0.6858E-02  0.1035E-01  0.8901E-01  0.3861E-02  0.6774E-02  0.1106E-02  0.1388E-02
     2.601  0.1008E-02  0.9514E-01  0.1571E-01  0.6644E-02  0.6192E-02  0.1235E-01  0.1026E-01  0.2962E-02  0.1056E-02  0.1311E-02  0.1154E-02  0.7354E-02  0.1065E-01  0.1025E+00  0.3793E-02  0.7755E-02  0.1144E-02  0.1521E-02
     2.611  0.9403E-03  0.1711E+00  0.1869E-01  0.1159E-01  0.6884E-02  0.2814E-01  0.1110E-01  0.1169E-01  0.1100E-02  0.3120E-02  0.1157E-02  0.1264E-01  0.1129E-01  0.2156E+00  0.3782E-02  0.2360E-01  0.1216E-02  0.3435E-02
     2.621  0.9532E-03  0.4098E+00  0.2142E-01  0.2311E-01  0.7648E-02  0.7183E-01  0.1233E-01  0.1613E-01  0.1181E-02  0.4511E-02  0.1204E-02  0.1855E-01  0.1231E-01  0.5179E+00  0.3912E-02  0.3491E-01  0.1286E-02  0.4549E-02
     2.631  0.9611E-03  0.2539E+00  0.2179E-01  0.1532E-01  0.8249E-02  0.4492E-01  0.1359E-01  0.1096E-01  0.1244E-02  0.4162E-02  0.1250E-02  0.1601E-01  0.1340E-01  0.3270E+00  0.4054E-02  0.2540E-01  0.1268E-02  0.3476E-02
     2.641  0.9582E-03  0.1937E+00  0.2241E-01  0.1192E-01  0.8816E-02  0.3451E-01  0.1476E-01  0.8068E-02  0.1311E-02  0.4095E-02  0.1294E-02  0.1503E-01  0.1443E-01  0.2533E+00  0.4180E-02  0.2046E-01  0.1259E-02  0.2767E-02
     2.651  0.9445E-03  0.1692E+00  0.2328E-01  0.1027E-01  0.9350E-02  0.3040E-01  0.1582E-01  0.6562E-02  0.1382E-02  0.4167E-02  0.1336E-02  0.1482E-01  0.1539E-01  0.2240E+00  0.4287E-02  0.1841E-01  0.1256E-02  0.2331E-02
     2.661  0.7303E-03  0.1312E+00  0.1627E-01  0.1034E-01  0.6657E-02  0.2561E-01  0.1466E-01  0.5762E-02  0.1047E-02  0.3134E-02  0.1125E-02  0.1188E-01  0.1119E-01  0.1792E+00  0.3732E-02  0.1520E-01  0.9748E-03  0.2239E-02
     2.671  0.4658E-03  0.1050E+00  0.8156E-02  0.9833E-02  0.2914E-02  0.2226E-01  0.1238E-01  0.5410E-02  0.6587E-03  0.2613E-02  0.8183E-03  0.1006E-01  0.5590E-02  0.1490E+00  0.2734E-02  0.1379E-01  0.7041E-03  0.2105E-02
     2.681  0.4495E-03  0.9056E-01  0.7589E-02  0.8599E-02  0.2565E-02  0.2042E-01  0.1300E-01  0.5576E-02  0.6652E-03  0.2599E-02  0.8271E-03  0.9556E-02  0.5165E-02  0.1343E+00  0.2725E-02  0.1413E-01  0.7133E-03  0.1870E-02
     2.691  0.4458E-03  0.8539E-01  0.8086E-02  0.8106E-02  0.2622E-02  0.2054E-01  0.1379E-01  0.6006E-02  0.6886E-03  0.2700E-02  0.8696E-03  0.9596E-02  0.5277E-02  0.1325E+00  0.2752E-02  0.1509E-01  0.7453E-03  0.1786E-02
     2.701  0.4440E-03  0.8771E-01  0.8765E-02  0.9186E-02  0.2691E-02  0.2323E-01  0.1470E-01  0.7059E-02  0.7154E-03  0.3167E-02  0.9545E-03  0.1060E-01  0.5415E-02  0.1459E+00  0.2791E-02  0.1698E-01  0.7819E-03  0.2049E-02
     2.711  0.4428E-03  0.8031E-01  0.9457E-02  0.8933E-02  0.2762E-02  0.2253E-01  0.1563E-01  0.7160E-02  0.7420E-03  0.3195E-02  0.1041E-02  0.1052E-01  0.5556E-02  0.1396E+00  0.2830E-02  0.1687E-01  0.8193E-03  0.2067E-02
     2.721  0.4472E-03  0.6244E-01  0.1021E-01  0.6280E-02  0.2845E-02  0.1714E-01  0.1664E-01  0.6075E-02  0.7679E-03  0.2377E-02  0.1126E-02  0.8803E-02  0.5733E-02  0.1060E+00  0.2875E-02  0.1533E-01  0.8568E-03  0.1508E-02
     2.731  0.4519E-03  0.5215E-01  0.1098E-01  0.5123E-02  0.2930E-02  0.1408E-01  0.1766E-01  0.5654E-02  0.7939E-03  0.2010E-02  0.1212E-02  0.8046E-02  0.5909E-02  0.8692E-01  0.2918E-02  0.1472E-01  0.8958E-03  0.1293E-02
     2.741  0.4647E-03  0.4524E-01  0.1195E-01  0.4498E-02  0.3091E-02  0.1210E-01  0.1905E-01  0.5608E-02  0.8182E-03  0.1891E-02  0.1303E-02  0.7706E-02  0.6230E-02  0.7487E-01  0.2972E-02  0.1456E-01  0.9414E-03  0.1223E-02
     2.751  0.4784E-03  0.3865E-01  0.1457E-01  0.3967E-02  0.3355E-02  0.1010E-01  0.2094E-01  0.5644E-02  0.8447E-03  0.1787E-02  0.1422E-02  0.7446E-02  0.6896E-02  0.6285E-01  0.3040E-02  0.1459E-01  0.1018E-02  0.1172E-02
     2.761  0.4919E-03  0.3366E-01  0.1721E-01  0.3718E-02  0.3629E-02  0.8780E-02  0.2287E-01  0.5787E-02  0.8727E-03  0.1733E-02  0.1545E-02  0.7335E-02  0.7566E-02  0.5449E-01  0.3096E-02  0.1478E-01  0.1092E-02  0.1167E-02
     2.771  0.5043E-03  0.3099E-01  0.1961E-01  0.3803E-02  0.3857E-02  0.8529E-02  0.2452E-01  0.6078E-02  0.9146E-03  0.1747E-02  0.1658E-02  0.7437E-02  0.8152E-02  0.5180E-01  0.3102E-02  0.1526E-01  0.1162E-02  0.1214E-02
     2.781  0.5129E-03  0.2838E-01  0.2281E-01  0.3893E-02  0.4166E-02  0.8287E-02  0.2575E-01  0.6364E-02  0.9628E-03  0.1761E-02  0.1979E-02  0.7534E-02  0.8692E-02  0.4917E-01  0.2965E-02  0.1573E-01  0.1261E-02  0.1263E-02
     2.791  0.5363E-03  0.2619E-01  0.2438E-01  0.3997E-02  0.4362E-02  0.8153E-02  0.2726E-01  0.6716E-02  0.1004E-02  0.1761E-02  0.2126E-02  0.7623E-02  0.9057E-02  0.4707E-01  0.2945E-02  0.1633E-01  0.1351E-02  0.1311E-02
     2.801  0.5609E-03  0.2389E-01  0.2594E-01  0.4231E-02  0.4563E-02  0.8193E-02  0.2882E-01  0.7344E-02  0.1047E-02  0.1709E-02  0.2278E-02  0.7872E-02  0.9438E-02  0.4515E-01  0.2937E-02  0.1750E-01  0.1442E-02  0.1372E-02
     2.811  0.5680E-03  0.2153E-01  0.2714E-01  0.4576E-02  0.4684E-02  0.8322E-02  0.2942E-01  0.8067E-02  0.1066E-02  0.1661E-02  0.2431E-02  0.8173E-02  0.9759E-02  0.4331E-01  0.2911E-02  0.1881E-01  0.1470E-02  0.1450E-02
     2.821  0.5700E-03  0.2081E-01  0.2828E-01  0.4949E-02  0.4787E-02  0.8633E-02  0.2979E-01  0.8641E-02  0.1078E-02  0.1706E-02  0.2587E-02  0.8581E-02  0.1007E-01  0.4350E-01  0.2883E-02  0.1991E-01  0.1481E-02  0.1535E-02
     2.831  0.5718E-03  0.1989E-01  0.2951E-01  0.5389E-02  0.4897E-02  0.8905E-02  0.3023E-01  0.9217E-02  0.1088E-02  0.1755E-02  0.2762E-02  0.8938E-02  0.1039E-01  0.4343E-01  0.2859E-02  0.2088E-01  0.1493E-02  0.1640E-02
     2.841  0.5780E-03  0.1779E-01  0.3127E-01  0.6102E-02  0.5031E-02  0.8979E-02  0.3111E-01  0.9819E-02  0.1101E-02  0.1792E-02  0.3070E-02  0.9225E-02  0.1077E-01  0.4196E-01  0.2868E-02  0.2163E-01  0.1510E-02  0.1802E-02
     2.851  0.5835E-03  0.1577E-01  0.3309E-01  0.6803E-02  0.5170E-02  0.9069E-02  0.3199E-01  0.1040E-01  0.1112E-02  0.1827E-02  0.3389E-02  0.9486E-02  0.1116E-01  0.4059E-01  0.2880E-02  0.2232E-01  0.1527E-02  0.1960E-02
     2.861  0.5885E-03  0.1543E-01  0.3497E-01  0.7177E-02  0.5313E-02  0.9329E-02  0.3286E-01  0.1079E-01  0.1122E-02  0.1878E-02  0.3719E-02  0.9660E-02  0.1155E-01  0.4096E-01  0.2896E-02  0.2269E-01  0.1544E-02  0.2075E-02
     2.871  0.5408E-03  0.1520E-01  0.3565E-01  0.7535E-02  0.5055E-02  0.9600E-02  0.3139E-01  0.1116E-01  0.1063E-02  0.1932E-02  0.4031E-02  0.9836E-02  0.1111E-01  0.4146E-01  0.2811E-02  0.2304E-01  0.1483E-02  0.2190E-02
     2.881  0.4728E-03  0.1496E-01  0.3276E-01  0.7890E-02  0.4557E-02  0.9868E-02  0.2860E-01  0.1153E-01  0.9532E-03  0.1985E-02  0.4266E-02  0.1001E-01  0.9738E-02  0.4195E-01  0.2574E-02  0.2339E-01  0.1349E-02  0.2307E-02
     2.891  0.4325E-03  0.1468E-01  0.2903E-01  0.8034E-02  0.4268E-02  0.9976E-02  0.2661E-01  0.1135E-01  0.8761E-03  0.2026E-02  0.4492E-02  0.1005E-01  0.8532E-02  0.4205E-01  0.2371E-02  0.2308E-01  0.1244E-02  0.2345E-02
     2.901  0.4175E-03  0.1440E-01  0.2665E-01  0.8137E-02  0.4008E-02  0.1005E-01  0.2570E-01  0.1105E-01  0.8145E-03  0.2063E-02  0.4916E-02  0.1005E-01  0.7480E-02  0.4204E-01  0.2263E-02  0.2261E-01  0.1149E-02  0.2363E-02
     2.911  0.4155E-03  0.1410E-01  0.2823E-01  0.8246E-02  0.3786E-02  0.1011E-01  0.2512E-01  0.1075E-01  0.7596E-03  0.2099E-02  0.5586E-02  0.1005E-01  0.6873E-02  0.4201E-01  0.2281E-02  0.2214E-01  0.1084E-02  0.2380E-02
     2.921  0.4343E-03  0.1380E-01  0.3353E-01  0.8376E-02  0.3720E-02  0.1018E-01  0.2562E-01  0.1050E-01  0.7254E-03  0.2134E-02  0.7150E-02  0.1006E-01  0.6661E-02  0.4199E-01  0.2600E-02  0.2173E-01  0.1101E-02  0.2396E-02
     2.931  0.4573E-03  0.1331E-01  0.3926E-01  0.8404E-02  0.3675E-02  0.1008E-01  0.2628E-01  0.1027E-01  0.6951E-03  0.2153E-02  0.8973E-02  0.9911E-02  0.6419E-02  0.4141E-01  0.2989E-02  0.2114E-01  0.1132E-02  0.2382E-02
     2.941  0.4904E-03  0.1163E-01  0.4560E-01  0.7843E-02  0.3609E-02  0.8775E-02  0.2690E-01  0.9184E-02  0.6757E-03  0.1999E-02  0.1108E-01  0.8843E-02  0.6138E-02  0.3657E-01  0.3402E-02  0.1868E-01  0.1163E-02  0.2179E-02
     2.951  0.5306E-03  0.1050E-01  0.5213E-01  0.7735E-02  0.3535E-02  0.7798E-02  0.2758E-01  0.8743E-02  0.6785E-03  0.1871E-02  0.1343E-01  0.8364E-02  0.5888E-02  0.3297E-01  0.3860E-02  0.1740E-01  0.1211E-02  0.2036E-02
     2.961  0.5929E-03  0.9671E-02  0.6156E-01  0.7894E-02  0.3955E-02  0.7159E-02  0.2996E-01  0.8841E-02  0.7612E-03  0.1786E-02  0.1656E-01  0.8208E-02  0.6339E-02  0.3050E-01  0.4588E-02  0.1692E-01  0.1427E-02  0.1960E-02
     2.971  0.6741E-03  0.8608E-02  0.7179E-01  0.8094E-02  0.4445E-02  0.6494E-02  0.3400E-01  0.9028E-02  0.8488E-03  0.1696E-02  0.1995E-01  0.8008E-02  0.7008E-02  0.2770E-01  0.5382E-02  0.1630E-01  0.1636E-02  0.1872E-02
     2.981  0.7767E-03  0.7729E-02  0.8372E-01  0.8457E-02  0.4934E-02  0.6117E-02  0.3909E-01  0.9304E-02  0.9261E-03  0.1654E-02  0.2393E-01  0.7900E-02  0.7568E-02  0.2584E-01  0.6269E-02  0.1586E-01  0.1824E-02  0.1834E-02
     2.991  0.9313E-03  0.6948E-02  0.9982E-01  0.8746E-02  0.5492E-02  0.5907E-02  0.4575E-01  0.9590E-02  0.1001E-02  0.1613E-02  0.2915E-01  0.7699E-02  0.8036E-02  0.2441E-01  0.7388E-02  0.1536E-01  0.2007E-02  0.1797E-02
     3.001  0.9420E-03  0.5875E-02  0.1050E+00  0.7174E-02  0.4221E-02  0.5544E-02  0.5417E-01  0.9359E-02  0.1067E-02  0.1273E-02  0.3213E-01  0.5834E-02  0.7301E-02  0.2115E-01  0.8477E-02  0.1307E-01  0.1552E-02  0.1432E-02
      3.011  0.5022E-03  0.4976E-02  0.4994E-01  0.7432E-02  0.1442E-02  0.5909E-02  0.1997E-01  0.1197E-01  0.4213E-03  0.1155E-02  0.1824E-01  0.5207E-02  0.3154E-02  0.2053E-01  0.4528E-02  0.1351E-01  0.9060E-03  0.1272E-02
      3.021  0.5719E-03  0.4280E-02  0.5587E-01  0.7362E-02  0.1536E-02  0.5689E-02  0.2192E-01  0.1276E-01  0.4540E-03  0.1140E-02  0.2044E-01  0.4941E-02  0.3400E-02  0.1922E-01  0.5084E-02  0.1343E-01  0.1001E-02  0.1185E-02
      3.031  0.6583E-03  0.3911E-02  0.6475E-01  0.7259E-02  0.1641E-02  0.5497E-02  0.2585E-01  0.1328E-01  0.4897E-03  0.1103E-02  0.2382E-01  0.4689E-02  0.3689E-02  0.1827E-01  0.6348E-02  0.1332E-01  0.1150E-02  0.1108E-02
      3.041  0.7814E-03  0.3546E-02  0.8093E-01  0.7174E-02  0.1783E-02  0.5303E-02  0.3536E-01  0.1378E-01  0.5355E-03  0.1069E-02  0.3025E-01  0.4446E-02  0.4114E-02  0.1731E-01  0.9639E-02  0.1320E-01  0.1452E-02  0.1032E-02
      3.051  0.8997E-03  0.3187E-02  0.9662E-01  0.7107E-02  0.1934E-02  0.5105E-02  0.4550E-01  0.1426E-01  0.5776E-03  0.1037E-02  0.3669E-01  0.4212E-02  0.4585E-02  0.1637E-01  0.1319E-01  0.1307E-01  0.1768E-02  0.9578E-03
      3.061  0.1144E-02  0.2869E-02  0.1340E+00  0.7085E-02  0.2394E-02  0.4938E-02  0.8658E-01  0.1474E-01  0.6880E-03  0.1012E-02  0.5437E-01  0.4011E-02  0.6320E-02  0.1554E-01  0.2613E-01  0.1299E-01  0.2774E-02  0.8924E-03
      3.071  0.1087E-02  0.2724E-02  0.1312E+00  0.7233E-02  0.2571E-02  0.4915E-02  0.9221E-01  0.1533E-01  0.6004E-03  0.1007E-02  0.5512E-01  0.3915E-02  0.6534E-02  0.1522E-01  0.2933E-01  0.1311E-01  0.2931E-02  0.8509E-03
      3.081  0.1212E-02  0.2639E-02  0.1322E+00  0.7523E-02  0.3054E-02  0.4917E-02  0.9374E-01  0.1600E-01  0.4947E-03  0.1006E-02  0.5594E-01  0.3822E-02  0.7985E-02  0.1499E-01  0.3182E-01  0.1326E-01  0.2944E-02  0.7951E-03
      3.091  0.1004E-02  0.2553E-02  0.1037E+00  0.7863E-02  0.2713E-02  0.4935E-02  0.7773E-01  0.1662E-01  0.3623E-03  0.9995E-03  0.4468E-01  0.3742E-02  0.7213E-02  0.1481E-01  0.2736E-01  0.1339E-01  0.2377E-02  0.7405E-03
      3.101  0.2622E-02  0.2215E-02  0.3354E+00  0.7413E-02  0.3200E-02  0.4376E-02  0.8623E-01  0.1479E-01  0.2472E-02  0.9460E-03  0.1620E+00  0.3254E-02  0.1304E-01  0.1302E-01  0.4113E-01  0.1154E-01  0.9376E-02  0.6634E-03
      3.111  0.1773E-02  0.1828E-02  0.2241E+00  0.6555E-02  0.3441E-02  0.3651E-02  0.6771E-01  0.1247E-01  0.1870E-02  0.8703E-03  0.1108E+00  0.2664E-02  0.1231E-01  0.1078E-01  0.3591E-01  0.9258E-02  0.6673E-02  0.5719E-03
      3.121  0.2429E-02  0.1455E-02  0.2860E+00  0.4754E-02  0.5199E-02  0.2647E-02  0.1171E+00  0.9401E-02  0.2935E-02  0.6330E-03  0.1471E+00  0.2075E-02  0.1812E-01  0.7779E-02  0.6469E-01  0.6721E-02  0.9598E-02  0.3941E-03
      3.131  0.2191E-02  0.1169E-02  0.2726E+00  0.3421E-02  0.5680E-02  0.1802E-02  0.1380E+00  0.7067E-02  0.2672E-02  0.4357E-03  0.1479E+00  0.1717E-02  0.1952E-01  0.5271E-02  0.8324E-01  0.4931E-02  0.1079E-01  0.2533E-03
      3.141  0.1192E-02  0.1145E-02  0.1529E+00  0.3582E-02  0.4868E-02  0.1869E-02  0.7075E-01  0.7406E-02  0.1748E-02  0.4478E-03  0.8202E-01  0.1779E-02  0.1699E-01  0.5379E-02  0.4433E-01  0.5083E-02  0.5256E-02  0.2612E-03
      3.151  0.7496E-03  0.1120E-02  0.9423E-01  0.3745E-02  0.4137E-02  0.1936E-02  0.4172E-01  0.7751E-02  0.1367E-02  0.4598E-03  0.5177E-01  0.1842E-02  0.1444E-01  0.5487E-02  0.2907E-01  0.5237E-02  0.3072E-02  0.2692E-03
      3.161  0.8128E-03  0.7727E-03  0.8047E-01  0.4158E-02  0.4115E-02  0.1938E-02  0.3929E-01  0.9094E-02  0.1327E-02  0.4708E-03  0.4602E-01  0.1868E-02  0.1378E-01  0.5107E-02  0.2897E-01  0.5190E-02  0.2791E-02  0.2839E-03
      3.171  0.8979E-03  0.7808E-03  0.7598E-01  0.4727E-02  0.4149E-02  0.2068E-02  0.4167E-01  0.1011E-01  0.1336E-02  0.5083E-03  0.4517E-01  0.2009E-02  0.1373E-01  0.5439E-02  0.3262E-01  0.5491E-02  0.2851E-02  0.3163E-03
      3.181  0.9638E-03  0.8185E-03  0.6834E-01  0.5812E-02  0.3988E-02  0.2356E-02  0.4481E-01  0.1177E-01  0.1345E-02  0.5991E-03  0.4250E-01  0.2309E-02  0.1329E-01  0.6185E-02  0.3726E-01  0.6172E-02  0.2865E-02  0.3779E-03
      3.191  0.1033E-02  0.9575E-03  0.6068E-01  0.8783E-02  0.3786E-02  0.3110E-02  0.4845E-01  0.1568E-01  0.1361E-02  0.8818E-03  0.3975E-01  0.3213E-02  0.1286E-01  0.8254E-02  0.4233E-01  0.8249E-02  0.2878E-02  0.5544E-03
      3.201  0.1539E-02  0.1032E-02  0.6039E-01  0.1136E-01  0.3889E-02  0.3625E-02  0.6956E-01  0.1801E-01  0.1852E-02  0.1100E-02  0.4428E-01  0.3814E-02  0.1544E-01  0.9655E-02  0.6207E-01  0.9503E-02  0.3584E-02  0.7198E-03
      3.211  0.1443E-02  0.1034E-02  0.4746E-01  0.1506E-01  0.2867E-02  0.4311E-02  0.5234E-01  0.1979E-01  0.1672E-02  0.1247E-02  0.3714E-01  0.4295E-02  0.1191E-01  0.1097E-01  0.4967E-01  0.1029E-01  0.2991E-02  0.9766E-03
      3.221  0.9949E-03  0.9355E-03  0.3119E-01  0.1412E-01  0.1906E-02  0.3812E-02  0.3184E-01  0.1811E-01  0.1179E-02  0.1159E-02  0.2523E-01  0.3873E-02  0.7776E-02  0.9735E-02  0.3340E-01  0.9186E-02  0.1988E-02  0.8875E-03
      3.231  0.7371E-03  0.8408E-03  0.2387E-01  0.1312E-01  0.1621E-02  0.3342E-02  0.2539E-01  0.1655E-01  0.9010E-03  0.1072E-02  0.1931E-01  0.3458E-02  0.6163E-02  0.8568E-02  0.2810E-01  0.8119E-02  0.1573E-02  0.7992E-03
      3.241  0.1051E-02  0.7546E-03  0.2140E-01  0.1215E-01  0.1625E-02  0.2912E-02  0.6383E-01  0.1524E-01  0.1657E-02  0.9897E-03  0.1800E-01  0.3058E-02  0.1274E-01  0.7493E-02  0.8568E-01  0.7103E-02  0.1795E-02  0.7174E-03
      3.251  0.8446E-03  0.6703E-03  0.1527E-01  0.1110E-01  0.1505E-02  0.2503E-02  0.5425E-01  0.1398E-01  0.1483E-02  0.9027E-03  0.1444E-01  0.2660E-02  0.1108E-01  0.6474E-02  0.7985E-01  0.6112E-02  0.1605E-02  0.6334E-03
      3.261  0.1022E-02  0.5877E-03  0.1651E-01  0.9964E-02  0.2436E-02  0.2115E-02  0.6433E-01  0.1276E-01  0.1850E-02  0.8110E-03  0.1835E-01  0.2263E-02  0.1404E-01  0.5512E-02  0.1008E+00  0.5145E-02  0.2213E-02  0.5475E-03
      3.271  0.1532E-02  0.5081E-03  0.1860E-01  0.8798E-02  0.2031E-02  0.1754E-02  0.7813E-01  0.1159E-01  0.2624E-02  0.7173E-03  0.2569E-01  0.1875E-02  0.1854E-01  0.4621E-02  0.1319E+00  0.4213E-02  0.2756E-02  0.4624E-03
      3.281  0.3910E-02  0.4670E-03  0.7517E-01  0.9429E-02  0.6480E-02  0.1640E-02  0.1466E+00  0.1102E-01  0.6912E-02  0.7246E-03  0.1080E+00  0.1717E-02  0.4088E-01  0.4306E-02  0.2587E+00  0.3706E-02  0.1112E-01  0.4776E-03
      3.291  0.1637E-02  0.4252E-03  0.1685E-01  0.9980E-02  0.1694E-02  0.1535E-02  0.5614E-01  0.1043E-01  0.2581E-02  0.7303E-03  0.2681E-01  0.1549E-02  0.1411E-01  0.4029E-02  0.1061E+00  0.3196E-02  0.2748E-02  0.4858E-03
      3.301  0.1577E-02  0.3830E-03  0.1518E-01  0.1045E-01  0.1637E-02  0.1440E-02  0.4589E-01  0.9820E-02  0.2413E-02  0.7342E-03  0.2542E-01  0.1370E-02  0.1211E-01  0.3791E-02  0.9190E-01  0.2682E-02  0.2594E-02  0.4870E-03
      3.311  0.1583E-02  0.3282E-03  0.1391E-01  0.7586E-02  0.1651E-02  0.1105E-02  0.3516E-01  0.9229E-02  0.2349E-02  0.5463E-03  0.2516E-01  0.1039E-02  0.1018E-01  0.2969E-02  0.7854E-01  0.1978E-02  0.2593E-02  0.4025E-03
      3.321  0.1725E-02  0.2495E-03  0.1407E-01  0.2879E-02  0.1775E-02  0.4729E-03  0.3375E-01  0.8414E-02  0.2520E-02  0.1667E-03  0.2671E-01  0.5221E-03  0.1022E-01  0.1084E-02  0.7917E-01  0.9760E-03  0.2774E-02  0.2351E-03
      3.331  0.1910E-02  0.2456E-03  0.1477E-01  0.2790E-02  0.1909E-02  0.4589E-03  0.3347E-01  0.8496E-02  0.2773E-02  0.1596E-03  0.2927E-01  0.4823E-03  0.1058E-01  0.1015E-02  0.8211E-01  0.8665E-03  0.3060E-02  0.2351E-03
      3.341  0.2095E-02  0.2442E-03  0.1554E-01  0.2792E-02  0.2047E-02  0.4624E-03  0.3301E-01  0.8628E-02  0.3044E-02  0.1601E-03  0.3203E-01  0.4626E-03  0.1097E-01  0.9994E-03  0.8467E-01  0.8008E-03  0.3366E-02  0.2409E-03
      3.351  0.2282E-02  0.2491E-03  0.1637E-01  0.2909E-02  0.2187E-02  0.4931E-03  0.3237E-01  0.8897E-02  0.3330E-02  0.1685E-03  0.3499E-01  0.4804E-03  0.1139E-01  0.1056E-02  0.8685E-01  0.8276E-03  0.3693E-02  0.2550E-03
      3.361  0.2569E-02  0.2540E-03  0.1778E-01  0.3031E-02  0.2358E-02  0.5249E-03  0.2812E-01  0.9175E-02  0.3899E-02  0.1765E-03  0.4178E-01  0.4991E-03  0.1264E-01  0.1115E-02  0.8514E-01  0.8563E-03  0.4186E-02  0.2698E-03
      3.371  0.1039E-02  0.2589E-03  0.8856E-02  0.3157E-02  0.1504E-02  0.5576E-03  0.1757E-01  0.9460E-02  0.1468E-02  0.1842E-03  0.1892E-01  0.5187E-03  0.7625E-02  0.1177E-02  0.5208E-01  0.8870E-03  0.1711E-02  0.2853E-03
      3.381  0.8637E-03  0.3900E-03  0.7241E-02  0.4827E-02  0.1267E-02  0.8256E-03  0.1367E-01  0.1357E-01  0.1166E-02  0.2306E-03  0.1579E-01  0.6507E-03  0.6314E-02  0.1607E-02  0.4251E-01  0.1148E-02  0.1360E-02  0.4407E-03
      3.391  0.6952E-03  0.6821E-03  0.5777E-02  0.9056E-02  0.1045E-02  0.1542E-02  0.1036E-01  0.2164E-01  0.9033E-03  0.3486E-03  0.1292E-01  0.9944E-03  0.5198E-02  0.2850E-02  0.3384E-01  0.1885E-02  0.1042E-02  0.7681E-03
      3.401  0.5182E-03  0.1053E-02  0.4562E-02  0.1598E-01  0.7890E-03  0.2587E-02  0.7350E-02  0.3016E-01  0.6881E-03  0.5788E-03  0.1036E-01  0.1628E-02  0.4041E-02  0.4945E-02  0.2470E-01  0.3312E-02  0.7951E-03  0.1026E-02
      3.411  0.3379E-03  0.1248E-02  0.3407E-02  0.2167E-01  0.4228E-03  0.3122E-02  0.3219E-02  0.3025E-01  0.4797E-03  0.6568E-03  0.7731E-02  0.1680E-02  0.2095E-02  0.5577E-02  0.1221E-01  0.3306E-02  0.6004E-03  0.1017E-02
      3.421  0.2989E-03  0.1425E-02  0.2980E-02  0.2714E-01  0.4495E-03  0.3569E-02  0.3428E-02  0.2837E-01  0.4956E-03  0.6664E-03  0.7413E-02  0.1570E-02  0.2512E-02  0.5773E-02  0.1554E-01  0.2896E-02  0.5287E-03  0.9491E-03
      3.431  0.3083E-03  0.1746E-02  0.2881E-02  0.5327E-01  0.6901E-03  0.4073E-02  0.4940E-02  0.2842E-01  0.6276E-03  0.6243E-03  0.8416E-02  0.1611E-02  0.3981E-02  0.6127E-02  0.2500E-01  0.2430E-02  0.5405E-03  0.1214E-02
      3.441  0.3476E-03  0.1820E-02  0.3139E-02  0.5275E-01  0.1047E-02  0.4610E-02  0.6406E-02  0.3023E-01  0.7899E-03  0.6383E-03  0.1025E-01  0.1771E-02  0.5612E-02  0.7446E-02  0.3397E-01  0.2452E-02  0.6341E-03  0.1075E-02
      3.451  0.3925E-03  0.1730E-02  0.3440E-02  0.4858E-01  0.1529E-02  0.4188E-02  0.7615E-02  0.2940E-01  0.9435E-03  0.5504E-03  0.1223E-01  0.1713E-02  0.7293E-02  0.6753E-02  0.4191E-01  0.2268E-02  0.7716E-03  0.8954E-03
      3.461  0.7955E-03  0.1583E-02  0.5321E-02  0.4444E-01  0.3667E-02  0.3734E-02  0.1217E-01  0.2791E-01  0.1642E-02  0.4702E-03  0.2396E-01  0.1700E-02  0.1425E-01  0.6148E-02  0.8148E-01  0.2005E-02  0.1823E-02  0.7454E-03
      3.471  0.7376E-03  0.1387E-02  0.4549E-02  0.4004E-01  0.4017E-02  0.3245E-02  0.9712E-02  0.2589E-01  0.1270E-02  0.3947E-03  0.2040E-01  0.1721E-02  0.1321E-01  0.5582E-02  0.6606E-01  0.1692E-02  0.1226E-02  0.6259E-03
      3.481  0.7324E-03  0.1317E-02  0.4352E-02  0.4123E-01  0.4554E-02  0.2992E-02  0.8969E-02  0.2563E-01  0.1145E-02  0.3681E-03  0.2104E-01  0.1893E-02  0.1386E-01  0.5372E-02  0.6452E-01  0.1543E-02  0.1158E-02  0.5818E-03
      3.491  0.7312E-03  0.1322E-02  0.4134E-02  0.4498E-01  0.4751E-02  0.2797E-02  0.8562E-02  0.2622E-01  0.1113E-02  0.3571E-03  0.2135E-01  0.2078E-02  0.1418E-01  0.5172E-02  0.6414E-01  0.1457E-02  0.1186E-02  0.5757E-03
      3.501  0.7327E-03  0.1336E-02  0.3955E-02  0.4881E-01  0.4971E-02  0.2589E-02  0.8206E-02  0.2704E-01  0.1074E-02  0.3469E-03  0.2164E-01  0.2275E-02  0.1458E-01  0.4968E-02  0.6394E-01  0.1371E-02  0.1209E-02  0.5722E-03
      3.511  0.7333E-03  0.1360E-02  0.3791E-02  0.5386E-01  0.5234E-02  0.2390E-02  0.7905E-02  0.2873E-01  0.1028E-02  0.3602E-03  0.2193E-01  0.2735E-02  0.1511E-01  0.4768E-02  0.6400E-01  0.1574E-02  0.1225E-02  0.5861E-03
      3.521  0.6719E-03  0.2187E-02  0.3188E-02  0.1035E+00  0.4652E-02  0.2467E-02  0.6642E-02  0.6237E-01  0.8822E-03  0.4790E-03  0.1923E-01  0.5655E-02  0.1292E-01  0.5899E-02  0.5605E-01  0.2718E-02  0.9947E-03  0.8046E-03
      3.531  0.5959E-03  0.2059E-02  0.2527E-02  0.1120E+00  0.3803E-02  0.1794E-02  0.5284E-02  0.6858E-01  0.7360E-03  0.4645E-03  0.1601E-01  0.6618E-02  0.1007E-01  0.4756E-02  0.4732E-01  0.3532E-02  0.7497E-03  0.7779E-03
      3.541  0.5542E-03  0.8881E-03  0.2161E-02  0.4815E-01  0.3428E-02  0.1033E-02  0.4552E-02  0.2947E-01  0.6629E-03  0.4269E-03  0.1453E-01  0.4168E-02  0.8783E-02  0.2511E-02  0.4314E-01  0.2635E-02  0.6407E-03  0.5215E-03
      3.551  0.5331E-03  0.4276E-03  0.1957E-02  0.2509E-01  0.3361E-02  0.8432E-03  0.4152E-02  0.1964E-01  0.6245E-03  0.5070E-03  0.1403E-01  0.4088E-02  0.8445E-02  0.1849E-02  0.4131E-01  0.2897E-02  0.5992E-03  0.5061E-03
      3.561  0.5118E-03  0.6006E-03  0.1758E-02  0.3856E-01  0.3288E-02  0.1594E-02  0.3760E-02  0.3126E-01  0.5864E-03  0.8292E-03  0.1352E-01  0.6506E-02  0.8105E-02  0.3626E-02  0.3948E-01  0.4162E-02  0.5583E-03  0.7611E-03
      3.571  0.4901E-03  0.8804E-03  0.1564E-02  0.6750E-01  0.3210E-02  0.3391E-02  0.3377E-02  0.6468E-01  0.5486E-03  0.1474E-02  0.1301E-01  0.1182E-01  0.7762E-02  0.8792E-02  0.3765E-01  0.7599E-02  0.5179E-03  0.1130E-02
      3.581  0.4682E-03  0.9427E-03  0.1375E-02  0.7958E-01  0.3127E-02  0.2470E-02  0.3002E-02  0.6324E-01  0.5109E-03  0.1129E-02  0.1250E-01  0.1422E-01  0.7416E-02  0.6909E-02  0.3582E-01  0.1110E-01  0.4782E-03  0.1015E-02
      3.591  0.4464E-03  0.9056E-03  0.1192E-02  0.8502E-01  0.3045E-02  0.1896E-02  0.2639E-02  0.5961E-01  0.4740E-03  0.7411E-03  0.1202E-01  0.1652E-01  0.7087E-02  0.5338E-02  0.3405E-01  0.1402E-01  0.4397E-03  0.9799E-03
      3.601  0.4277E-03  0.9810E-03  0.1048E-02  0.9499E-01  0.3054E-02  0.1855E-02  0.2322E-02  0.6376E-01  0.4451E-03  0.6827E-03  0.1196E-01  0.1930E-01  0.6962E-02  0.5249E-02  0.3296E-01  0.1647E-01  0.4085E-03  0.1053E-02
      3.611  0.4189E-03  0.1054E-02  0.9208E-03  0.1040E+00  0.3110E-02  0.1811E-02  0.2034E-02  0.6783E-01  0.4367E-03  0.6286E-03  0.1215E-01  0.2208E-01  0.6929E-02  0.5106E-02  0.3256E-01  0.1881E-01  0.3864E-03  0.1135E-02
      3.621  0.5094E-03  0.1101E-02  0.8698E-03  0.1108E+00  0.3403E-02  0.1763E-02  0.1888E-02  0.7106E-01  0.5878E-03  0.5803E-03  0.1367E-01  0.2469E-01  0.7306E-02  0.4864E-02  0.3818E-01  0.2076E-01  0.4507E-03  0.1226E-02
      3.631  0.6178E-03  0.1151E-02  0.8765E-03  0.1179E+00  0.3847E-02  0.1717E-02  0.1806E-02  0.7436E-01  0.8034E-03  0.5330E-03  0.1672E-01  0.2741E-01  0.8003E-02  0.4616E-02  0.4547E-01  0.2270E-01  0.6730E-03  0.1323E-02
      3.641  0.7310E-03  0.1206E-02  0.8904E-03  0.1254E+00  0.4297E-02  0.1678E-02  0.1738E-02  0.7789E-01  0.1030E-02  0.4894E-03  0.2017E-01  0.3024E-01  0.8778E-02  0.4389E-02  0.5304E-01  0.2466E-01  0.9359E-03  0.1430E-02
      3.651  0.8531E-03  0.1221E-02  0.8227E-03  0.1538E+00  0.4539E-02  0.1735E-02  0.1544E-02  0.1025E+00  0.1264E-02  0.3522E-03  0.2381E-01  0.4010E-01  0.8997E-02  0.5508E-02  0.6059E-01  0.4107E-01  0.1190E-02  0.2137E-02
      3.661  0.1039E-02  0.1434E-02  0.8714E-03  0.1934E+00  0.5156E-02  0.1957E-02  0.1676E-02  0.1396E+00  0.1540E-02  0.3388E-03  0.2850E-01  0.5332E-01  0.1072E-01  0.6743E-02  0.7316E-01  0.5895E-01  0.1306E-02  0.3107E-02
      3.671  0.1255E-02  0.1819E-02  0.8860E-03  0.2173E+00  0.5683E-02  0.2397E-02  0.1746E-02  0.1542E+00  0.1809E-02  0.4124E-03  0.3248E-01  0.6158E-01  0.1203E-01  0.8784E-02  0.8427E-01  0.7011E-01  0.1387E-02  0.3835E-02
      3.681  0.1305E-02  0.2198E-02  0.8334E-03  0.2345E+00  0.5547E-02  0.2390E-02  0.1651E-02  0.1528E+00  0.1876E-02  0.5114E-03  0.3299E-01  0.6818E-01  0.1178E-01  0.8878E-02  0.8490E-01  0.7520E-01  0.1427E-02  0.4581E-02
      3.691  0.1286E-02  0.1798E-02  0.7456E-03  0.1752E+00  0.5047E-02  0.2119E-02  0.1473E-02  0.9313E-01  0.1800E-02  0.4408E-03  0.3178E-01  0.5012E-01  0.1078E-01  0.7962E-02  0.7930E-01  0.5112E-01  0.1426E-02  0.3257E-02
      3.701  0.1266E-02  0.3162E-02  0.6591E-03  0.2538E+00  0.4550E-02  0.4064E-02  0.1296E-02  0.1442E+00  0.1710E-02  0.8059E-03  0.3038E-01  0.7053E-01  0.9720E-02  0.1232E-01  0.7286E-01  0.7301E-01  0.1427E-02  0.4307E-02
      3.712  0.1299E-02  0.2036E-02  0.5787E-03  0.1591E+00  0.4240E-02  0.2436E-02  0.1131E-02  0.1080E+00  0.1652E-02  0.5271E-03  0.2935E-01  0.4719E-01  0.8824E-02  0.1051E-01  0.6746E-01  0.5623E-01  0.1489E-02  0.3180E-02
      3.722  0.1420E-02  0.1031E-02  0.5085E-03  0.7898E-01  0.4207E-02  0.2424E-02  0.9876E-03  0.5745E-01  0.1642E-02  0.3125E-03  0.2897E-01  0.2441E-01  0.8209E-02  0.8984E-02  0.6421E-01  0.3463E-01  0.1662E-02  0.1815E-02
      3.732  0.1574E-02  0.9482E-03  0.4529E-03  0.6823E-01  0.4754E-02  0.2376E-02  0.8953E-03  0.4861E-01  0.1606E-02  0.2885E-03  0.3091E-01  0.2149E-01  0.8662E-02  0.8595E-02  0.6732E-01  0.3135E-01  0.1640E-02  0.1565E-02
      3.742  0.1105E-02  0.9038E-03  0.3492E-03  0.6073E-01  0.3841E-02  0.2302E-02  0.6883E-03  0.4167E-01  0.1039E-02  0.2743E-03  0.2215E-01  0.1960E-01  0.6762E-02  0.8298E-02  0.4982E-01  0.2896E-01  0.1048E-02  0.1386E-02
      3.752  0.8256E-03  0.9519E-03  0.2738E-03  0.5772E-01  0.3103E-02  0.2474E-02  0.5477E-03  0.3746E-01  0.7156E-03  0.2970E-03  0.1619E-01  0.1969E-01  0.5226E-02  0.8375E-02  0.3683E-01  0.2926E-01  0.7347E-03  0.1367E-02
      3.762  0.6634E-03  0.1091E-02  0.2183E-03  0.5813E-01  0.2481E-02  0.2886E-02  0.4543E-03  0.3515E-01  0.5615E-03  0.3518E-03  0.1195E-01  0.2132E-01  0.3992E-02  0.8880E-02  0.2810E-01  0.3146E-01  0.5512E-03  0.1456E-02
      3.772  0.5838E-03  0.1306E-02  0.1729E-03  0.6094E-01  0.2046E-02  0.3490E-02  0.3882E-03  0.3454E-01  0.4649E-03  0.4298E-03  0.8360E-02  0.2400E-01  0.2968E-02  0.9899E-02  0.2290E-01  0.3454E-01  0.4472E-03  0.1648E-02
      3.782  0.6786E-03  0.1678E-02  0.1467E-03  0.6660E-01  0.2296E-02  0.4082E-02  0.3705E-03  0.3707E-01  0.5064E-03  0.5744E-03  0.7186E-02  0.2884E-01  0.2905E-02  0.1157E-01  0.2410E-01  0.3985E-01  0.4013E-03  0.2090E-02
      3.792  0.8007E-03  0.2046E-02  0.1607E-03  0.7174E-01  0.3077E-02  0.4477E-02  0.4241E-03  0.3971E-01  0.6368E-03  0.7207E-03  0.9316E-02  0.3364E-01  0.4062E-02  0.1298E-01  0.3098E-01  0.4526E-01  0.4125E-03  0.2513E-02
      3.802  0.7468E-03  0.2287E-02  0.1603E-03  0.7193E-01  0.2864E-02  0.4584E-02  0.4218E-03  0.4143E-01  0.5894E-03  0.8088E-03  0.8671E-02  0.3568E-01  0.3737E-02  0.1380E-01  0.2877E-01  0.4904E-01  0.4033E-03  0.2616E-02
      3.812  0.6993E-03  0.2377E-02  0.1603E-03  0.6934E-01  0.2631E-02  0.4598E-02  0.4202E-03  0.4360E-01  0.5422E-03  0.8377E-03  0.8022E-02  0.3603E-01  0.3377E-02  0.1462E-01  0.2672E-01  0.5357E-01  0.3941E-03  0.2538E-02
      3.822  0.6632E-03  0.2517E-02  0.1607E-03  0.6715E-01  0.2410E-02  0.4606E-02  0.4195E-03  0.4563E-01  0.5001E-03  0.8774E-03  0.7440E-02  0.3687E-01  0.3024E-02  0.1550E-01  0.2501E-01  0.5862E-01  0.3851E-03  0.2495E-02
      3.832  0.6637E-03  0.3024E-02  0.1613E-03  0.7386E-01  0.2385E-02  0.5216E-02  0.4207E-03  0.5035E-01  0.4913E-03  0.1086E-02  0.7341E-02  0.4406E-01  0.2948E-02  0.1840E-01  0.2470E-01  0.6807E-01  0.3778E-03  0.2920E-02
      3.842  0.6643E-03  0.3546E-02  0.1621E-03  0.7993E-01  0.2361E-02  0.5780E-02  0.4219E-03  0.5536E-01  0.4827E-03  0.1298E-02  0.7245E-02  0.5095E-01  0.2873E-02  0.2129E-01  0.2439E-01  0.7823E-01  0.3706E-03  0.3287E-02
      3.852  0.6650E-03  0.4047E-02  0.1629E-03  0.8259E-01  0.2336E-02  0.5955E-02  0.4231E-03  0.5882E-01  0.4742E-03  0.1485E-02  0.7152E-02  0.5609E-01  0.2798E-02  0.2280E-01  0.2408E-01  0.8765E-01  0.3637E-03  0.3561E-02
      3.862  0.6659E-03  0.3492E-02  0.1638E-03  0.6278E-01  0.2313E-02  0.5660E-02  0.4243E-03  0.5433E-01  0.4658E-03  0.1149E-02  0.7060E-02  0.4487E-01  0.2725E-02  0.2157E-01  0.2376E-01  0.8412E-01  0.3569E-03  0.2442E-02
      3.872  0.6670E-03  0.2858E-02  0.1647E-03  0.4613E-01  0.2290E-02  0.4944E-02  0.4255E-03  0.4638E-01  0.4576E-03  0.8331E-03  0.6970E-02  0.3416E-01  0.2653E-02  0.1853E-01  0.2344E-01  0.7394E-01  0.3503E-03  0.1627E-02
      3.882  0.6792E-03  0.2580E-02  0.1713E-03  0.3853E-01  0.2293E-02  0.4652E-02  0.4376E-03  0.4109E-01  0.4571E-03  0.7343E-03  0.7029E-02  0.3010E-01  0.2625E-02  0.1705E-01  0.2381E-01  0.6730E-01  0.3512E-03  0.1276E-02
      3.892  0.6946E-03  0.2606E-02  0.1794E-03  0.3456E-01  0.2304E-02  0.4674E-02  0.4526E-03  0.3848E-01  0.4584E-03  0.7170E-03  0.7126E-02  0.2932E-01  0.2608E-02  0.1672E-01  0.2434E-01  0.6682E-01  0.3541E-03  0.1050E-02
      3.902  0.7103E-03  0.2633E-02  0.1878E-03  0.3158E-01  0.2317E-02  0.4682E-02  0.4677E-03  0.3607E-01  0.4597E-03  0.7039E-03  0.7223E-02  0.2877E-01  0.2592E-02  0.1630E-01  0.2484E-01  0.6630E-01  0.3572E-03  0.8843E-03
      3.912  0.7263E-03  0.2335E-02  0.1964E-03  0.2744E-01  0.2332E-02  0.4116E-02  0.4831E-03  0.3138E-01  0.4610E-03  0.6610E-03  0.7320E-02  0.2543E-01  0.2576E-02  0.1400E-01  0.2532E-01  0.5937E-01  0.3605E-03  0.8478E-03
      3.922  0.7427E-03  0.2874E-02  0.2053E-03  0.3535E-01  0.2348E-02  0.4694E-02  0.4986E-03  0.3986E-01  0.4623E-03  0.1159E-02  0.7418E-02  0.3567E-01  0.2560E-02  0.1735E-01  0.2578E-01  0.8038E-01  0.3641E-03  0.1296E-02
      3.932  0.7593E-03  0.2137E-02  0.2144E-03  0.2362E-01  0.2366E-02  0.3704E-02  0.5143E-03  0.2901E-01  0.4636E-03  0.8101E-03  0.7516E-02  0.2434E-01  0.2544E-02  0.1224E-01  0.2621E-01  0.6220E-01  0.3678E-03  0.8742E-03
      3.942  0.7763E-03  0.1835E-02  0.2237E-03  0.1895E-01  0.2385E-02  0.3121E-02  0.5302E-03  0.2446E-01  0.4649E-03  0.7464E-03  0.7614E-02  0.2030E-01  0.2528E-02  0.9905E-02  0.2662E-01  0.5562E-01  0.3718E-03  0.7796E-03
      3.952  0.7942E-03  0.1843E-02  0.2337E-03  0.1776E-01  0.2410E-02  0.3167E-02  0.5465E-03  0.2342E-01  0.4667E-03  0.7405E-03  0.7716E-02  0.1994E-01  0.2515E-02  0.9694E-02  0.2703E-01  0.5584E-01  0.3773E-03  0.7207E-03
      3.962  0.8328E-03  0.1850E-02  0.2702E-03  0.1658E-01  0.2446E-02  0.3216E-02  0.5890E-03  0.2233E-01  0.4767E-03  0.7341E-03  0.7905E-02  0.1958E-01  0.2475E-02  0.9479E-02  0.2744E-01  0.5593E-01  0.3957E-03  0.6648E-03
      3.972  0.9371E-03  0.1862E-02  0.3506E-03  0.1543E-01  0.2600E-02  0.3278E-02  0.6930E-03  0.2123E-01  0.4835E-03  0.7304E-03  0.8133E-02  0.1931E-01  0.2378E-02  0.9284E-02  0.2759E-01  0.5619E-01  0.4203E-03  0.6129E-03
      3.982  0.1040E-02  0.1947E-02  0.4166E-03  0.1444E-01  0.2705E-02  0.3436E-02  0.7842E-03  0.2041E-01  0.4725E-03  0.7596E-03  0.8051E-02  0.1975E-01  0.2161E-02  0.9339E-02  0.2722E-01  0.5902E-01  0.4456E-03  0.5800E-03
      3.992  0.1093E-02  0.1948E-02  0.4674E-03  0.1296E-01  0.2766E-02  0.3436E-02  0.8400E-03  0.1823E-01  0.4756E-03  0.7458E-03  0.8060E-02  0.1964E-01  0.2042E-02  0.8960E-02  0.2647E-01  0.5828E-01  0.4627E-03  0.5429E-03
      4.002  0.1135E-02  0.1958E-02  0.5168E-03  0.1139E-01  0.2817E-02  0.3391E-02  0.8911E-03  0.1601E-01  0.4817E-03  0.7318E-03  0.8113E-02  0.1943E-01  0.1958E-02  0.8473E-02  0.2580E-01  0.5769E-01  0.4775E-03  0.5078E-03
      4.012  0.1166E-02  0.2023E-02  0.5549E-03  0.1007E-01  0.2873E-02  0.3487E-02  0.9287E-03  0.1460E-01  0.4837E-03  0.7517E-03  0.8110E-02  0.1958E-01  0.1896E-02  0.8206E-02  0.2515E-01  0.5929E-01  0.4871E-03  0.4886E-03
      4.022  0.1203E-02  0.2087E-02  0.5971E-03  0.8908E-02  0.2956E-02  0.3596E-02  0.9753E-03  0.1347E-01  0.4834E-03  0.7707E-03  0.8082E-02  0.1974E-01  0.1835E-02  0.8014E-02  0.2433E-01  0.6092E-01  0.4992E-03  0.4729E-03
      4.032  0.1251E-02  0.2096E-02  0.6464E-03  0.7511E-02  0.3066E-02  0.3537E-02  0.1034E-02  0.1169E-01  0.4812E-03  0.7696E-03  0.8041E-02  0.1932E-01  0.1770E-02  0.7485E-02  0.2334E-01  0.5975E-01  0.5149E-03  0.4624E-03
      4.042  0.1263E-02  0.2016E-02  0.6725E-03  0.5762E-02  0.3086E-02  0.3320E-02  0.1050E-02  0.9042E-02  0.4845E-03  0.7266E-03  0.8060E-02  0.1781E-01  0.1734E-02  0.6396E-02  0.2295E-01  0.5401E-01  0.5227E-03  0.4590E-03
      4.052  0.1270E-02  0.1968E-02  0.6953E-03  0.4976E-02  0.3094E-02  0.3228E-02  0.1059E-02  0.7845E-02  0.4885E-03  0.6933E-03  0.8086E-02  0.1705E-01  0.1703E-02  0.5866E-02  0.2264E-01  0.5032E-01  0.5291E-03  0.4582E-03
      4.062  0.1297E-02  0.1931E-02  0.7434E-03  0.4359E-02  0.3147E-02  0.3113E-02  0.1119E-02  0.6844E-02  0.5004E-03  0.6619E-03  0.8259E-02  0.1635E-01  0.1878E-02  0.5369E-02  0.2323E-01  0.4698E-01  0.5463E-03  0.4589E-03
      4.072  0.1323E-02  0.1930E-02  0.7930E-03  0.4103E-02  0.3203E-02  0.3093E-02  0.1180E-02  0.6385E-02  0.5121E-03  0.6573E-03  0.8428E-02  0.1616E-01  0.2070E-02  0.5172E-02  0.2379E-01  0.4570E-01  0.5631E-03  0.4733E-03
      4.082  0.1350E-02  0.1928E-02  0.8436E-03  0.3850E-02  0.3263E-02  0.3076E-02  0.1240E-02  0.5937E-02  0.5233E-03  0.6529E-03  0.8589E-02  0.1597E-01  0.2273E-02  0.4978E-02  0.2428E-01  0.4443E-01  0.5793E-03  0.4875E-03
      4.092  0.1376E-02  0.1926E-02  0.8951E-03  0.3602E-02  0.3327E-02  0.3061E-02  0.1299E-02  0.5498E-02  0.5341E-03  0.6486E-03  0.8743E-02  0.1579E-01  0.2487E-02  0.4786E-02  0.2472E-01  0.4318E-01  0.5948E-03  0.5016E-03
      4.102  0.1402E-02  0.1923E-02  0.9476E-03  0.3357E-02  0.3394E-02  0.3048E-02  0.1357E-02  0.5070E-02  0.5445E-03  0.6445E-03  0.8891E-02  0.1559E-01  0.2712E-02  0.4596E-02  0.2510E-01  0.4195E-01  0.6096E-03  0.5156E-03
      4.112  0.1442E-02  0.1919E-02  0.1008E-02  0.3116E-02  0.3485E-02  0.3036E-02  0.1424E-02  0.4650E-02  0.5568E-03  0.6406E-03  0.9083E-02  0.1540E-01  0.2959E-02  0.4408E-02  0.2560E-01  0.4073E-01  0.6267E-03  0.5295E-03
      4.122  0.1497E-02  0.1915E-02  0.1084E-02  0.2879E-02  0.3628E-02  0.3027E-02  0.1507E-02  0.4241E-02  0.5752E-03  0.6368E-03  0.9402E-02  0.1521E-01  0.3250E-02  0.4222E-02  0.2627E-01  0.3953E-01  0.6513E-03  0.5432E-03
      4.132  0.1571E-02  0.1944E-02  0.1175E-02  0.2734E-02  0.3868E-02  0.3066E-02  0.1603E-02  0.4008E-02  0.5969E-03  0.6460E-03  0.9773E-02  0.1543E-01  0.3564E-02  0.4292E-02  0.2676E-01  0.4027E-01  0.6976E-03  0.5638E-03
      4.142  0.1659E-02  0.1992E-02  0.1276E-02  0.2726E-02  0.4110E-02  0.3179E-02  0.1708E-02  0.4001E-02  0.6214E-03  0.6668E-03  0.1016E-01  0.1608E-01  0.3916E-02  0.4607E-02  0.2727E-01  0.4223E-01  0.7448E-03  0.5914E-03
      4.152  0.1748E-02  0.2075E-02  0.1381E-02  0.2749E-02  0.4334E-02  0.3369E-02  0.1815E-02  0.4010E-02  0.6471E-03  0.6926E-03  0.1055E-01  0.1690E-01  0.4274E-02  0.4989E-02  0.2776E-01  0.4423E-01  0.7912E-03  0.6393E-03
      4.162  0.2687E-02  0.2175E-02  0.2520E-02  0.2777E-02  0.9015E-02  0.3589E-02  0.3319E-02  0.3996E-02  0.1107E-02  0.7214E-03  0.2320E-01  0.1779E-01  0.6755E-02  0.5394E-02  0.6357E-01  0.4607E-01  0.8312E-03  0.7028E-03
      4.172  0.2291E-02  0.2282E-02  0.2331E-02  0.2808E-02  0.7166E-02  0.3792E-02  0.2722E-02  0.3976E-02  0.8036E-03  0.7526E-03  0.1323E-01  0.1873E-01  0.8084E-02  0.5847E-02  0.3277E-01  0.4786E-01  0.8293E-03  0.7683E-03
      4.182  0.2553E-02  0.2911E-02  0.2691E-02  0.3716E-02  0.7584E-02  0.5558E-02  0.2967E-02  0.4704E-02  0.9103E-03  0.9127E-03  0.1463E-01  0.2377E-01  0.8351E-02  0.6847E-02  0.3285E-01  0.6388E-01  0.9247E-03  0.8439E-03
      4.192  0.2571E-02  0.2849E-02  0.2883E-02  0.3910E-02  0.7138E-02  0.5190E-02  0.3053E-02  0.4706E-02  0.9553E-03  0.9126E-03  0.1500E-01  0.2287E-01  0.8261E-02  0.7855E-02  0.3238E-01  0.5745E-01  0.7956E-03  0.9009E-03
      4.202  0.2606E-02  0.2932E-02  0.3042E-02  0.4057E-02  0.7173E-02  0.5332E-02  0.3136E-02  0.4773E-02  0.9725E-03  0.9383E-03  0.1510E-01  0.2370E-01  0.8268E-02  0.8474E-02  0.3214E-01  0.5822E-01  0.7458E-03  0.9678E-03
      4.212  0.2531E-02  0.2650E-02  0.3165E-02  0.3997E-02  0.7235E-02  0.4519E-02  0.3097E-02  0.4776E-02  0.9475E-03  0.8688E-03  0.1492E-01  0.2235E-01  0.8276E-02  0.8444E-02  0.3077E-01  0.5555E-01  0.7347E-03  0.7152E-03
      4.222  0.2209E-02  0.2808E-02  0.2921E-02  0.4481E-02  0.6851E-02  0.4950E-02  0.2803E-02  0.4853E-02  0.8156E-03  0.9400E-03  0.1270E-01  0.2452E-01  0.8110E-02  0.9569E-02  0.2618E-01  0.5621E-01  0.6542E-03  0.7563E-03
      4.232  0.1878E-02  0.2939E-02  0.2634E-02  0.4786E-02  0.6453E-02  0.5349E-02  0.2501E-02  0.4498E-02  0.6831E-03  0.1006E-02  0.1029E-01  0.2596E-01  0.7952E-02  0.1009E-01  0.2154E-01  0.5279E-01  0.5701E-03  0.8093E-03
      4.242  0.1538E-02  0.3014E-02  0.2327E-02  0.4677E-02  0.6023E-02  0.5124E-02  0.2192E-02  0.4150E-02  0.5490E-03  0.1023E-02  0.7770E-02  0.2456E-01  0.7844E-02  0.9577E-02  0.1676E-01  0.4942E-01  0.4878E-03  0.7529E-03
      4.252  0.1272E-02  0.2717E-02  0.2056E-02  0.4538E-02  0.5692E-02  0.4829E-02  0.2001E-02  0.3982E-02  0.4398E-03  0.9244E-03  0.5454E-02  0.2147E-01  0.7925E-02  0.9001E-02  0.1265E-01  0.4372E-01  0.4145E-03  0.6755E-03
      4.262  0.1222E-02  0.2414E-02  0.2075E-02  0.4389E-02  0.5632E-02  0.4535E-02  0.2019E-02  0.3817E-02  0.4144E-03  0.8274E-03  0.5025E-02  0.1834E-01  0.8124E-02  0.8450E-02  0.1146E-01  0.3813E-01  0.4015E-03  0.5999E-03
      4.272  0.1179E-02  0.2104E-02  0.2093E-02  0.4231E-02  0.5589E-02  0.4244E-02  0.2039E-02  0.3656E-02  0.3918E-03  0.7324E-03  0.4649E-02  0.1516E-01  0.8294E-02  0.7925E-02  0.1039E-01  0.3265E-01  0.3919E-03  0.5258E-03
      4.282  0.1173E-02  0.1843E-02  0.2125E-02  0.4123E-02  0.5767E-02  0.4145E-02  0.2087E-02  0.3612E-02  0.3832E-03  0.6550E-03  0.4507E-02  0.1323E-01  0.8546E-02  0.7605E-02  0.1007E-01  0.2868E-01  0.3914E-03  0.4935E-03
      4.292  0.1174E-02  0.1597E-02  0.2152E-02  0.4102E-02  0.5983E-02  0.4170E-02  0.2131E-02  0.3661E-02  0.3784E-03  0.5810E-03  0.4411E-02  0.1165E-01  0.8811E-02  0.7407E-02  0.9895E-02  0.2513E-01  0.3925E-03  0.4771E-03
      4.302  0.1175E-02  0.1350E-02  0.2179E-02  0.4188E-02  0.6199E-02  0.4291E-02  0.2176E-02  0.3837E-02  0.3735E-03  0.5085E-03  0.4317E-02  0.1021E-01  0.9078E-02  0.7459E-02  0.9733E-02  0.2183E-01  0.3938E-03  0.4683E-03
      4.312  0.1176E-02  0.1190E-02  0.2203E-02  0.4319E-02  0.6417E-02  0.4433E-02  0.2222E-02  0.4032E-02  0.3685E-03  0.4609E-03  0.4226E-02  0.9260E-02  0.9346E-02  0.7559E-02  0.9579E-02  0.1960E-01  0.3952E-03  0.4642E-03
      4.322  0.1181E-02  0.1145E-02  0.2229E-02  0.4488E-02  0.6644E-02  0.4592E-02  0.2270E-02  0.4245E-02  0.3640E-03  0.4447E-03  0.4139E-02  0.8947E-02  0.9599E-02  0.7678E-02  0.9446E-02  0.1873E-01  0.3966E-03  0.4649E-03
      4.332  0.1190E-02  0.1116E-02  0.2271E-02  0.4642E-02  0.6892E-02  0.4819E-02  0.2324E-02  0.4438E-02  0.3653E-03  0.4336E-03  0.4086E-02  0.8681E-02  0.9861E-02  0.7832E-02  0.9395E-02  0.1818E-01  0.4005E-03  0.4695E-03
      4.342  0.1207E-02  0.1117E-02  0.2322E-02  0.4787E-02  0.7165E-02  0.5074E-02  0.2398E-02  0.4597E-02  0.3707E-03  0.4290E-03  0.4076E-02  0.8450E-02  0.1017E-01  0.7972E-02  0.9471E-02  0.1780E-01  0.4117E-03  0.4757E-03
      4.352  0.1225E-02  0.1118E-02  0.2373E-02  0.4928E-02  0.7444E-02  0.5332E-02  0.2475E-02  0.4755E-02  0.3764E-03  0.4257E-03  0.4072E-02  0.8238E-02  0.1050E-01  0.8120E-02  0.9569E-02  0.1746E-01  0.4236E-03  0.4827E-03
      4.362  0.1244E-02  0.1121E-02  0.2423E-02  0.5078E-02  0.7726E-02  0.5603E-02  0.2554E-02  0.4931E-02  0.3818E-03  0.4281E-03  0.4067E-02  0.8093E-02  0.1082E-01  0.8300E-02  0.9670E-02  0.1728E-01  0.4353E-03  0.4929E-03
      4.372  0.1814E-02  0.1127E-02  0.4525E-02  0.5237E-02  0.1512E-01  0.5887E-02  0.4723E-02  0.5108E-02  0.4998E-03  0.4332E-03  0.5083E-02  0.8001E-02  0.2073E-01  0.8525E-02  0.1109E-01  0.1723E-01  0.6696E-03  0.5074E-03
      4.382  0.1793E-02  0.1137E-02  0.4512E-02  0.5403E-02  0.1469E-01  0.6183E-02  0.4619E-02  0.5286E-02  0.4877E-03  0.4401E-03  0.5000E-02  0.7948E-02  0.1954E-01  0.8781E-02  0.1111E-01  0.1728E-01  0.6773E-03  0.5250E-03
      4.392  0.1575E-02  0.1147E-02  0.3752E-02  0.5561E-02  0.1150E-01  0.6480E-02  0.3705E-02  0.5456E-02  0.4400E-03  0.4467E-03  0.4512E-02  0.7893E-02  0.1485E-01  0.9034E-02  0.1033E-01  0.1732E-01  0.5876E-03  0.5425E-03
      4.402  0.1345E-02  0.1157E-02  0.3050E-02  0.5711E-02  0.8264E-02  0.6777E-02  0.2804E-02  0.5621E-02  0.3966E-03  0.4531E-03  0.4062E-02  0.7835E-02  0.1005E-01  0.9283E-02  0.9500E-02  0.1736E-01  0.4988E-03  0.5598E-03
      4.412  0.1176E-02  0.1167E-02  0.2453E-02  0.5854E-02  0.5373E-02  0.7076E-02  0.2002E-02  0.5779E-02  0.3675E-03  0.4592E-03  0.3679E-02  0.7776E-02  0.5878E-02  0.9527E-02  0.8750E-02  0.1740E-01  0.4149E-03  0.5769E-03
      4.422  0.1141E-02  0.1458E-02  0.2226E-02  0.7585E-02  0.4489E-02  0.9584E-02  0.1787E-02  0.7988E-02  0.3601E-03  0.5486E-03  0.3513E-02  0.8094E-02  0.4733E-02  0.1162E-01  0.8718E-02  0.1864E-01  0.3905E-03  0.6833E-03
      4.432  0.1117E-02  0.1793E-02  0.2106E-02  0.1434E-01  0.4132E-02  0.1577E-01  0.1691E-02  0.1180E-01  0.3562E-03  0.6077E-03  0.3444E-02  0.1010E-01  0.4253E-02  0.1761E-01  0.8759E-02  0.2023E-01  0.3783E-03  0.1051E-02
      4.442  0.1278E-02  0.1399E-02  0.2101E-02  0.1060E-01  0.4099E-02  0.1271E-01  0.1690E-02  0.9563E-02  0.3953E-03  0.5386E-03  0.3626E-02  0.8898E-02  0.3746E-02  0.1388E-01  0.9853E-02  0.1877E-01  0.4010E-03  0.9088E-03
      4.452  0.1451E-02  0.1192E-02  0.2469E-02  0.6859E-02  0.4354E-02  0.8064E-02  0.1954E-02  0.5864E-02  0.4687E-03  0.4631E-03  0.4215E-02  0.7371E-02  0.3727E-02  0.8611E-02  0.1134E-01  0.1643E-01  0.4514E-03  0.6589E-03
      4.462  0.1668E-02  0.1252E-02  0.3359E-02  0.4873E-02  0.5122E-02  0.5684E-02  0.2806E-02  0.3898E-02  0.6267E-03  0.4792E-03  0.5374E-02  0.6996E-02  0.4585E-02  0.5508E-02  0.1418E-01  0.1694E-01  0.5596E-03  0.5734E-03
      4.472  0.1926E-02  0.1229E-02  0.4865E-02  0.4062E-02  0.6285E-02  0.5023E-02  0.3860E-02  0.3217E-02  0.8285E-03  0.4814E-03  0.7310E-02  0.6909E-02  0.5925E-02  0.4846E-02  0.1896E-01  0.1699E-01  0.6981E-03  0.5446E-03
      4.482  0.2205E-02  0.1202E-02  0.6379E-02  0.3344E-02  0.7592E-02  0.4565E-02  0.4947E-02  0.2818E-02  0.1037E-02  0.5111E-03  0.9759E-02  0.7070E-02  0.7247E-02  0.4609E-02  0.2490E-01  0.1751E-01  0.8504E-03  0.5291E-03
      4.492  0.2143E-02  0.1222E-02  0.5121E-02  0.3241E-02  0.6411E-02  0.5602E-02  0.3338E-02  0.4235E-02  0.7428E-03  0.7874E-03  0.8538E-02  0.9535E-02  0.4900E-02  0.7577E-02  0.2084E-01  0.2268E-01  0.6929E-03  0.6590E-03
      4.502  0.2478E-02  0.1265E-02  0.5592E-02  0.3377E-02  0.7437E-02  0.6572E-02  0.3644E-02  0.5914E-02  0.8074E-03  0.1082E-02  0.9233E-02  0.1291E-01  0.5250E-02  0.1040E-01  0.2246E-01  0.2990E-01  0.7675E-03  0.8498E-03
      4.512  0.3220E-02  0.1159E-02  0.5466E-02  0.2820E-02  0.9860E-02  0.3379E-02  0.3797E-02  0.4354E-02  0.9080E-03  0.5326E-03  0.8855E-02  0.7778E-02  0.5543E-02  0.3207E-02  0.2491E-01  0.1906E-01  0.8551E-03  0.4878E-03
      4.522  0.3702E-02  0.3216E-02  0.5730E-02  0.2021E-01  0.1213E-01  0.9605E-02  0.4323E-02  0.6687E-02  0.1013E-02  0.1090E-02  0.9122E-02  0.2123E-01  0.6780E-02  0.6406E-02  0.2468E-01  0.4565E-01  0.9344E-03  0.1232E-02
      4.532  0.3323E-02  0.2629E-02  0.2894E-02  0.8727E-02  0.8648E-02  0.8296E-02  0.1632E-02  0.8086E-02  0.6977E-03  0.9981E-03  0.3830E-02  0.1305E-01  0.3127E-02  0.4004E-02  0.1934E-01  0.3577E-01  0.4644E-03  0.8022E-03
      4.542  0.5781E-02  0.2586E-02  0.3817E-02  0.8300E-02  0.1535E-01  0.8069E-02  0.2142E-02  0.7682E-02  0.1044E-02  0.1012E-02  0.6681E-02  0.1144E-01  0.6376E-02  0.3630E-02  0.2868E-01  0.3293E-01  0.6951E-03  0.7770E-03
      4.552  0.6425E-02  0.3283E-02  0.4923E-02  0.8162E-02  0.1739E-01  0.9554E-02  0.3129E-02  0.7527E-02  0.1353E-02  0.1110E-02  0.9208E-02  0.1151E-01  0.1250E-01  0.3820E-02  0.3198E-01  0.3532E-01  0.9628E-03  0.8012E-03
      4.562  0.6760E-02  0.3480E-02  0.5371E-02  0.7761E-02  0.1700E-01  0.1011E-01  0.3432E-02  0.7330E-02  0.1482E-02  0.1105E-02  0.9820E-02  0.1096E-01  0.1388E-01  0.3710E-02  0.3488E-01  0.3420E-01  0.1023E-02  0.7919E-03
      4.572  0.6761E-02  0.3358E-02  0.5316E-02  0.6303E-02  0.1592E-01  0.9606E-02  0.2892E-02  0.5629E-02  0.1310E-02  0.9858E-03  0.8089E-02  0.8857E-02  0.1022E-01  0.2970E-02  0.3419E-01  0.3023E-01  0.9447E-03  0.6676E-03
      4.582  0.6187E-02  0.3133E-02  0.4909E-02  0.3759E-02  0.1378E-01  0.8266E-02  0.2701E-02  0.3036E-02  0.1192E-02  0.7603E-03  0.6816E-02  0.5715E-02  0.8501E-02  0.2016E-02  0.3158E-01  0.2528E-01  0.8671E-03  0.4555E-03
      4.592  0.3517E-02  0.3247E-02  0.3557E-02  0.3477E-02  0.9043E-02  0.8365E-02  0.2063E-02  0.2936E-02  0.7500E-03  0.7080E-03  0.4397E-02  0.5413E-02  0.8008E-02  0.2299E-02  0.1778E-01  0.2520E-01  0.6509E-03  0.4325E-03
      4.602  0.3325E-02  0.5129E-02  0.3551E-02  0.1307E-01  0.9305E-02  0.1327E-01  0.2085E-02  0.1067E-01  0.6828E-03  0.1252E-02  0.3945E-02  0.1207E-01  0.8712E-02  0.7416E-02  0.1572E-01  0.3713E-01  0.6689E-03  0.9630E-03
      4.612  0.3480E-02  0.5231E-02  0.3660E-02  0.1227E-01  0.9649E-02  0.1238E-01  0.2266E-02  0.1613E-01  0.7169E-03  0.1461E-02  0.4312E-02  0.1303E-01  0.8771E-02  0.9946E-02  0.1609E-01  0.4372E-01  0.7441E-03  0.1138E-02
      4.622  0.3681E-02  0.3638E-02  0.4018E-02  0.1006E-01  0.1009E-01  0.8638E-02  0.2697E-02  0.1617E-01  0.8159E-03  0.1166E-02  0.5428E-02  0.1167E-01  0.9178E-02  0.9975E-02  0.1709E-01  0.3313E-01  0.8895E-03  0.1021E-02
      4.632  0.3854E-02  0.2373E-02  0.4329E-02  0.6144E-02  0.1058E-01  0.7621E-02  0.3102E-02  0.7167E-02  0.9028E-03  0.8473E-03  0.6207E-02  0.8707E-02  0.9506E-02  0.8834E-02  0.1792E-01  0.2202E-01  0.1008E-02  0.7655E-03
      4.642  0.3948E-02  0.2535E-02  0.4161E-02  0.6266E-02  0.1117E-01  0.8503E-02  0.3116E-02  0.6291E-02  0.9705E-03  0.9152E-03  0.7767E-02  0.1011E-01  0.9331E-02  0.9292E-02  0.1777E-01  0.2461E-01  0.1162E-02  0.8947E-03
      4.652  0.3617E-02  0.2501E-02  0.3666E-02  0.5960E-02  0.1053E-01  0.8008E-02  0.2775E-02  0.5758E-02  0.9014E-03  0.9289E-03  0.7118E-02  0.1068E-01  0.8369E-02  0.8116E-02  0.1570E-01  0.2418E-01  0.1058E-02  0.9530E-03
      4.662  0.3165E-02  0.2519E-02  0.2991E-02  0.6356E-02  0.9420E-02  0.8044E-02  0.2212E-02  0.5391E-02  0.7671E-03  0.9769E-03  0.5305E-02  0.1186E-01  0.6901E-02  0.7778E-02  0.1257E-01  0.2414E-01  0.8265E-03  0.1061E-02
      4.672  0.2764E-02  0.2580E-02  0.2522E-02  0.7463E-02  0.8530E-02  0.8560E-02  0.1734E-02  0.5097E-02  0.6824E-03  0.1059E-02  0.3622E-02  0.1363E-01  0.6024E-02  0.8058E-02  0.9944E-02  0.2444E-01  0.6487E-03  0.1236E-02
      4.682  0.2504E-02  0.2380E-02  0.2331E-02  0.7711E-02  0.8037E-02  0.8106E-02  0.1424E-02  0.3127E-02  0.6422E-03  0.9786E-03  0.2362E-02  0.1286E-01  0.5769E-02  0.6352E-02  0.8461E-02  0.2020E-01  0.5533E-03  0.1073E-02
      4.692  0.3202E-02  0.2171E-02  0.3235E-02  0.7095E-02  0.1141E-01  0.7764E-02  0.1679E-02  0.2406E-02  0.7722E-03  0.9434E-03  0.2705E-02  0.1153E-01  0.8349E-02  0.5813E-02  0.9618E-02  0.1817E-01  0.6326E-03  0.9594E-03
      4.702  0.3498E-02  0.1974E-02  0.3625E-02  0.5478E-02  0.1253E-01  0.8010E-02  0.1859E-02  0.2466E-02  0.8753E-03  0.8641E-03  0.3028E-02  0.7085E-02  0.9318E-02  0.6005E-02  0.1025E-01  0.1736E-01  0.6629E-03  0.8276E-03
      4.712  0.3777E-02  0.1743E-02  0.4005E-02  0.4432E-02  0.1359E-01  0.7645E-02  0.2037E-02  0.2008E-02  0.9822E-03  0.7974E-03  0.3335E-02  0.4783E-02  0.1029E-01  0.5599E-02  0.1092E-01  0.1466E-01  0.6943E-03  0.6664E-03
      4.722  0.4717E-02  0.1843E-02  0.4622E-02  0.4334E-02  0.1514E-01  0.8081E-02  0.2729E-02  0.2098E-02  0.1454E-02  0.8500E-03  0.3992E-02  0.4858E-02  0.1047E-01  0.5807E-02  0.1458E-01  0.1487E-01  0.7394E-03  0.6470E-03
      4.732  0.8712E-02  0.1947E-02  0.9747E-02  0.4273E-02  0.2789E-01  0.8526E-02  0.6914E-02  0.2188E-02  0.3220E-02  0.9040E-03  0.7434E-02  0.4944E-02  0.2217E-01  0.6017E-02  0.2481E-01  0.1513E-01  0.1157E-02  0.6284E-03
      4.742  0.5068E-02  0.2147E-02  0.4942E-02  0.4346E-02  0.1153E-01  0.9269E-02  0.3721E-02  0.2287E-02  0.2101E-02  0.1011E-02  0.4498E-02  0.5187E-02  0.6982E-02  0.6302E-02  0.2064E-01  0.1613E-01  0.8721E-03  0.6332E-03
      4.752  0.4180E-02  0.2572E-02  0.4633E-02  0.4925E-02  0.9082E-02  0.1076E-01  0.3019E-02  0.3004E-02  0.1667E-02  0.1270E-02  0.4274E-02  0.6001E-02  0.6934E-02  0.6808E-02  0.1889E-01  0.1992E-01  0.7447E-03  0.7956E-03
      4.762  0.4801E-02  0.2848E-02  0.5511E-02  0.4757E-02  0.1024E-01  0.1094E-01  0.3320E-02  0.3403E-02  0.1892E-02  0.1572E-02  0.5179E-02  0.7042E-02  0.8475E-02  0.6647E-02  0.2389E-01  0.2427E-01  0.8947E-03  0.8858E-03
      4.772  0.6540E-02  0.2895E-02  0.8617E-02  0.3821E-02  0.1406E-01  0.9749E-02  0.3998E-02  0.3003E-02  0.2306E-02  0.1758E-02  0.6573E-02  0.7943E-02  0.1297E-01  0.6068E-02  0.3341E-01  0.2576E-01  0.1272E-02  0.7426E-03
      4.782  0.6562E-02  0.3952E-02  0.5421E-02  0.5357E-02  0.1284E-01  0.1277E-01  0.3576E-02  0.4142E-02  0.1539E-02  0.2312E-02  0.5267E-02  0.9735E-02  0.7724E-02  0.7928E-02  0.2752E-01  0.3274E-01  0.9488E-03  0.9676E-03
      4.792  0.4772E-02  0.6101E-02  0.4065E-02  0.8220E-02  0.9430E-02  0.1988E-01  0.3113E-02  0.6187E-02  0.1152E-02  0.3037E-02  0.4058E-02  0.1217E-01  0.6871E-02  0.1181E-01  0.2143E-01  0.4504E-01  0.8612E-03  0.1294E-02
      4.802  0.4440E-02  0.5524E-02  0.3544E-02  0.6871E-02  0.8629E-02  0.1778E-01  0.3112E-02  0.5724E-02  0.9697E-03  0.2735E-02  0.3744E-02  0.1125E-01  0.6994E-02  0.1134E-01  0.2045E-01  0.4338E-01  0.8360E-03  0.1248E-02
      4.812  0.4128E-02  0.3950E-02  0.3177E-02  0.4687E-02  0.7939E-02  0.1247E-01  0.3066E-02  0.4516E-02  0.8538E-03  0.2006E-02  0.3540E-02  0.8918E-02  0.7315E-02  0.9202E-02  0.1962E-01  0.3559E-01  0.8256E-03  0.1122E-02
      4.822  0.4193E-02  0.3632E-02  0.3162E-02  0.3838E-02  0.7986E-02  0.1147E-01  0.3225E-02  0.4098E-02  0.9007E-03  0.1603E-02  0.3581E-02  0.7461E-02  0.8057E-02  0.9152E-02  0.1959E-01  0.3243E-01  0.8427E-03  0.1039E-02
      4.832  0.4263E-02  0.3241E-02  0.3248E-02  0.2883E-02  0.8005E-02  0.1033E-01  0.3350E-02  0.3178E-02  0.1017E-02  0.1135E-02  0.3720E-02  0.6046E-02  0.8884E-02  0.8631E-02  0.1969E-01  0.2793E-01  0.8723E-03  0.8623E-03
      4.842  0.5279E-02  0.3052E-02  0.5482E-02  0.2722E-02  0.8989E-02  0.9575E-02  0.4012E-02  0.2938E-02  0.1393E-02  0.9964E-03  0.5490E-02  0.5776E-02  0.1102E-01  0.8561E-02  0.2349E-01  0.2685E-01  0.1069E-02  0.8586E-03
      4.852  0.6787E-02  0.3238E-02  0.9456E-02  0.2724E-02  0.1089E-01  0.9539E-02  0.4862E-02  0.2778E-02  0.1960E-02  0.1097E-02  0.8602E-02  0.6105E-02  0.1457E-01  0.8619E-02  0.2762E-01  0.2795E-01  0.1639E-02  0.9034E-03
      4.862  0.7174E-02  0.3618E-02  0.9041E-02  0.3015E-02  0.1377E-01  0.9769E-02  0.5660E-02  0.2745E-02  0.3338E-02  0.1353E-02  0.8665E-02  0.7079E-02  0.2011E-01  0.8995E-02  0.2526E-01  0.3058E-01  0.3099E-02  0.1068E-02
      4.872  0.6533E-02  0.6591E-02  0.7284E-02  0.7301E-02  0.1346E-01  0.1235E-01  0.4978E-02  0.3829E-02  0.2975E-02  0.3023E-02  0.9174E-02  0.2059E-01  0.2537E-01  0.1396E-01  0.2534E-01  0.5734E-01  0.2085E-02  0.2248E-02
      4.882  0.5504E-02  0.5185E-02  0.5404E-02  0.5956E-02  0.1026E-01  0.1170E-01  0.4477E-02  0.3627E-02  0.2103E-02  0.2473E-02  0.8398E-02  0.1271E-01  0.1809E-01  0.1184E-01  0.2369E-01  0.3799E-01  0.1687E-02  0.2200E-02
      4.892  0.1110E-01  0.4006E-02  0.6314E-02  0.4060E-02  0.1236E-01  0.8235E-02  0.4483E-02  0.2067E-02  0.2694E-02  0.1780E-02  0.7516E-02  0.9339E-02  0.2043E-01  0.9254E-02  0.2823E-01  0.3244E-01  0.1876E-02  0.1417E-02
      4.902  0.7001E-02  0.6546E-02  0.4428E-02  0.6545E-02  0.9291E-02  0.1126E-01  0.4154E-02  0.2884E-02  0.1876E-02  0.2728E-02  0.6019E-02  0.1183E-01  0.1548E-01  0.1332E-01  0.2487E-01  0.3416E-01  0.1549E-02  0.2154E-02
      4.912  0.4740E-02  0.5984E-02  0.3378E-02  0.7427E-02  0.7348E-02  0.1268E-01  0.3609E-02  0.3450E-02  0.1343E-02  0.2694E-02  0.4656E-02  0.1327E-01  0.1177E-01  0.1822E-01  0.2135E-01  0.3552E-01  0.1334E-02  0.2234E-02
      4.922  0.4377E-02  0.4596E-02  0.2990E-02  0.7641E-02  0.6497E-02  0.1345E-01  0.2635E-02  0.3777E-02  0.1112E-02  0.2429E-02  0.3532E-02  0.1247E-01  0.9910E-02  0.2037E-01  0.1675E-01  0.4527E-01  0.1011E-02  0.2165E-02
      4.932  0.1232E-01  0.3250E-02  0.4715E-02  0.3076E-02  0.8394E-02  0.7805E-02  0.2676E-02  0.2072E-02  0.1272E-02  0.1502E-02  0.3485E-02  0.7234E-02  0.1030E-01  0.1132E-01  0.1377E-01  0.2729E-01  0.9454E-03  0.1333E-02
      4.942  0.1207E-01  0.5139E-02  0.4131E-02  0.3366E-02  0.7481E-02  0.8142E-02  0.2033E-02  0.2050E-02  0.1102E-02  0.1398E-02  0.3426E-02  0.6327E-02  0.9085E-02  0.1113E-01  0.1209E-01  0.2354E-01  0.7735E-03  0.1133E-02
      4.952  0.8523E-02  0.9874E-02  0.3647E-02  0.4024E-02  0.6567E-02  0.9071E-02  0.1472E-02  0.2739E-02  0.1061E-02  0.1469E-02  0.2545E-02  0.5904E-02  0.8060E-02  0.1095E-01  0.1063E-01  0.2095E-01  0.6270E-03  0.1010E-02
      4.962  0.8393E-02  0.7398E-02  0.3785E-02  0.3512E-02  0.6819E-02  0.7763E-02  0.1420E-02  0.2316E-02  0.1123E-02  0.1316E-02  0.2393E-02  0.4797E-02  0.8174E-02  0.1002E-01  0.1050E-01  0.1823E-01  0.5974E-03  0.8160E-03
      4.972  0.9198E-02  0.6405E-02  0.4848E-02  0.3261E-02  0.8330E-02  0.7083E-02  0.1751E-02  0.2139E-02  0.1257E-02  0.1275E-02  0.2458E-02  0.3838E-02  0.1071E-01  0.9374E-02  0.1254E-01  0.1588E-01  0.7069E-03  0.6398E-03
      4.982  0.8358E-02  0.6887E-02  0.5691E-02  0.3737E-02  0.8442E-02  0.8411E-02  0.1976E-02  0.2412E-02  0.1364E-02  0.1374E-02  0.2338E-02  0.3792E-02  0.1118E-01  0.1170E-01  0.1205E-01  0.1838E-01  0.7162E-03  0.6955E-03
      4.992  0.1007E-01  0.7849E-02  0.8134E-02  0.4485E-02  0.1027E-01  0.8767E-02  0.2826E-02  0.2889E-02  0.1729E-02  0.1696E-02  0.3551E-02  0.4732E-02  0.1226E-01  0.1174E-01  0.1187E-01  0.1897E-01  0.9468E-03  0.8702E-03
      5.002  0.7992E-02  0.7701E-02  0.4337E-02  0.5788E-02  0.6482E-02  0.9258E-02  0.2728E-02  0.3659E-02  0.1635E-02  0.1744E-02  0.2326E-02  0.5239E-02  0.7645E-02  0.1405E-01  0.9660E-02  0.1876E-01  0.6907E-03  0.1001E-02
      5.012  0.9745E-02  0.6368E-02  0.4686E-02  0.4211E-02  0.6736E-02  0.6488E-02  0.3987E-02  0.2967E-02  0.2264E-02  0.1911E-02  0.3103E-02  0.3784E-02  0.7765E-02  0.1003E-01  0.1215E-01  0.1551E-01  0.9165E-03  0.7780E-03
      5.022  0.6494E-02  0.6392E-02  0.4271E-02  0.3700E-02  0.3357E-02  0.5569E-02  0.3577E-02  0.3156E-02  0.1654E-02  0.2369E-02  0.3751E-02  0.3634E-02  0.3493E-02  0.8917E-02  0.9114E-02  0.1614E-01  0.1092E-02  0.7895E-03
      5.032  0.6909E-02  0.5831E-02  0.6038E-02  0.3273E-02  0.4231E-02  0.4212E-02  0.4760E-02  0.3629E-02  0.2386E-02  0.1879E-02  0.5406E-02  0.4376E-02  0.5111E-02  0.5915E-02  0.1281E-01  0.1524E-01  0.1482E-02  0.9259E-03
      5.042  0.6621E-02  0.4686E-02  0.6410E-02  0.2855E-02  0.4244E-02  0.3201E-02  0.5769E-02  0.4012E-02  0.2512E-02  0.1242E-02  0.5981E-02  0.4599E-02  0.5674E-02  0.2926E-02  0.1039E-01  0.1243E-01  0.1417E-02  0.8647E-03
      5.052  0.6484E-02  0.4837E-02  0.6751E-02  0.3506E-02  0.4239E-02  0.3111E-02  0.6410E-02  0.4767E-02  0.2639E-02  0.1457E-02  0.5641E-02  0.4897E-02  0.6287E-02  0.2898E-02  0.7577E-02  0.1266E-01  0.1240E-02  0.8506E-03
      5.062  0.5868E-02  0.5049E-02  0.7016E-02  0.4243E-02  0.4315E-02  0.3336E-02  0.6833E-02  0.5109E-02  0.3243E-02  0.1695E-02  0.5166E-02  0.5328E-02  0.7163E-02  0.3083E-02  0.6837E-02  0.1252E-01  0.1163E-02  0.8684E-03
      5.072  0.5295E-02  0.5229E-02  0.5084E-02  0.5203E-02  0.3377E-02  0.3597E-02  0.4991E-02  0.5420E-02  0.1668E-02  0.1955E-02  0.3947E-02  0.5944E-02  0.6028E-02  0.3335E-02  0.5454E-02  0.1255E-01  0.7463E-03  0.9192E-03
      5.082  0.6464E-02  0.5226E-02  0.1510E-01  0.6589E-02  0.5240E-02  0.4065E-02  0.5848E-02  0.6026E-02  0.3611E-02  0.2947E-02  0.5060E-02  0.6955E-02  0.1332E-01  0.3878E-02  0.7517E-02  0.1276E-01  0.5427E-02  0.1049E-02
      5.092  0.7224E-02  0.4502E-02  0.8344E-02  0.5827E-02  0.4468E-02  0.3301E-02  0.5125E-02  0.4229E-02  0.2470E-02  0.1255E-02  0.3851E-02  0.5388E-02  0.1046E-01  0.3932E-02  0.5953E-02  0.9420E-02  0.1990E-02  0.7981E-03
      5.102  0.7433E-02  0.4636E-02  0.6261E-02  0.4208E-02  0.3138E-02  0.3050E-02  0.4585E-02  0.3474E-02  0.1520E-02  0.1190E-02  0.3326E-02  0.4035E-02  0.6557E-02  0.3766E-02  0.5616E-02  0.7312E-02  0.8230E-03  0.5815E-03
      5.113  0.9256E-02  0.6132E-02  0.7103E-02  0.9608E-02  0.4900E-02  0.4268E-02  0.5565E-02  0.6379E-02  0.1523E-02  0.4316E-02  0.3554E-02  0.7567E-02  0.1436E-01  0.5625E-02  0.6594E-02  0.1171E-01  0.9273E-03  0.4790E-02
      5.123  0.1371E-01  0.6486E-02  0.9085E-02  0.5995E-02  0.6988E-02  0.3560E-02  0.7616E-02  0.4570E-02  0.1902E-02  0.1903E-02  0.3976E-02  0.5754E-02  0.2233E-01  0.4346E-02  0.8037E-02  0.9480E-02  0.1175E-02  0.1148E-02
      5.133  0.1292E-01  0.6552E-02  0.9543E-02  0.5467E-02  0.6378E-02  0.3469E-02  0.6599E-02  0.4330E-02  0.1769E-02  0.1807E-02  0.3961E-02  0.5497E-02  0.2080E-01  0.4155E-02  0.8195E-02  0.9312E-02  0.1105E-02  0.1095E-02
      5.143  0.1140E-01  0.7829E-02  0.8349E-02  0.5952E-02  0.4592E-02  0.3624E-02  0.5837E-02  0.4503E-02  0.1561E-02  0.1911E-02  0.4101E-02  0.5462E-02  0.1219E-01  0.4380E-02  0.7324E-02  0.9735E-02  0.9235E-03  0.1145E-02
      5.153  0.1031E-01  0.8577E-02  0.8261E-02  0.6120E-02  0.4429E-02  0.4285E-02  0.5562E-02  0.4936E-02  0.1396E-02  0.1940E-02  0.4244E-02  0.5362E-02  0.1219E-01  0.5816E-02  0.7543E-02  0.9978E-02  0.8783E-03  0.1146E-02
      5.163  0.9398E-02  0.7599E-02  0.8254E-02  0.5157E-02  0.4259E-02  0.4923E-02  0.5289E-02  0.3826E-02  0.1249E-02  0.1546E-02  0.4426E-02  0.5308E-02  0.1214E-01  0.7970E-02  0.7787E-02  0.1040E-01  0.8406E-03  0.1026E-02
      5.173  0.1059E-01  0.6976E-02  0.9057E-02  0.5041E-02  0.4499E-02  0.6011E-02  0.5225E-02  0.3501E-02  0.1354E-02  0.1414E-02  0.4870E-02  0.5479E-02  0.1213E-01  0.1084E-01  0.8711E-02  0.1086E-01  0.8583E-03  0.1017E-02
      5.183  0.9576E-02  0.7600E-02  0.8427E-02  0.5365E-02  0.4396E-02  0.7570E-02  0.4884E-02  0.3343E-02  0.1234E-02  0.1497E-02  0.4581E-02  0.5875E-02  0.1186E-01  0.1425E-01  0.8804E-02  0.1222E-01  0.7905E-03  0.1022E-02
      5.193  0.8701E-02  0.7058E-02  0.8673E-02  0.5290E-02  0.4391E-02  0.8694E-02  0.5210E-02  0.3205E-02  0.1143E-02  0.1406E-02  0.4744E-02  0.5915E-02  0.1161E-01  0.1702E-01  0.1051E-01  0.1327E-01  0.7957E-03  0.9332E-03
      5.203  0.8090E-02  0.6258E-02  0.9137E-02  0.4983E-02  0.4608E-02  0.7803E-02  0.5796E-02  0.3036E-02  0.1173E-02  0.1218E-02  0.5220E-02  0.6160E-02  0.1168E-01  0.1488E-01  0.1245E-01  0.1420E-01  0.8717E-03  0.8601E-03
      5.213  0.7903E-02  0.5854E-02  0.1013E-01  0.5196E-02  0.5203E-02  0.7887E-02  0.6563E-02  0.3121E-02  0.1323E-02  0.1175E-02  0.5995E-02  0.7026E-02  0.1275E-01  0.1514E-01  0.1446E-01  0.1659E-01  0.9923E-03  0.8904E-03
      5.223  0.7616E-02  0.5310E-02  0.1129E-01  0.5166E-02  0.5822E-02  0.7187E-02  0.7180E-02  0.3421E-02  0.1558E-02  0.1126E-02  0.6642E-02  0.7365E-02  0.1388E-01  0.1350E-01  0.1562E-01  0.1811E-01  0.1137E-02  0.8809E-03
      5.233  0.7582E-02  0.4860E-02  0.1296E-01  0.5263E-02  0.6756E-02  0.6434E-02  0.8246E-02  0.4232E-02  0.1909E-02  0.1149E-02  0.7428E-02  0.7630E-02  0.1569E-01  0.1125E-01  0.1703E-01  0.1921E-01  0.1369E-02  0.8783E-03
      5.243  0.1018E-01  0.4748E-02  0.1996E-01  0.6149E-02  0.1128E-01  0.6134E-02  0.1179E-01  0.5330E-02  0.3232E-02  0.1425E-02  0.8210E-02  0.8067E-02  0.2596E-01  0.9425E-02  0.1911E-01  0.1971E-01  0.2247E-02  0.9718E-03
      5.253  0.7273E-02  0.4916E-02  0.1392E-01  0.7552E-02  0.5558E-02  0.5830E-02  0.5984E-02  0.6485E-02  0.2148E-02  0.1714E-02  0.6101E-02  0.8163E-02  0.1515E-01  0.8264E-02  0.9097E-02  0.1919E-01  0.1237E-02  0.1104E-02
      5.263  0.8981E-02  0.5171E-02  0.2147E-01  0.8912E-02  0.6289E-02  0.5860E-02  0.7545E-02  0.7822E-02  0.3337E-02  0.1989E-02  0.7976E-02  0.8073E-02  0.1971E-01  0.8418E-02  0.1003E-01  0.1819E-01  0.1887E-02  0.1146E-02
      5.273  0.8350E-02  0.5361E-02  0.2100E-01  0.9678E-02  0.5568E-02  0.5518E-02  0.7875E-02  0.7057E-02  0.3618E-02  0.2143E-02  0.8847E-02  0.7998E-02  0.2031E-01  0.8550E-02  0.1023E-01  0.1673E-01  0.2748E-02  0.1176E-02
      5.283  0.5904E-02  0.7663E-02  0.1453E-01  0.1205E-01  0.4253E-02  0.6594E-02  0.7574E-02  0.8563E-02  0.2441E-02  0.3056E-02  0.5686E-02  0.8387E-02  0.1368E-01  0.1163E-01  0.8882E-02  0.1528E-01  0.2121E-02  0.1622E-02
      5.293  0.4149E-02  0.4336E-02  0.1394E-01  0.8229E-02  0.3146E-02  0.4677E-02  0.6355E-02  0.4980E-02  0.2430E-02  0.3128E-02  0.5901E-02  0.8532E-02  0.9098E-02  0.1259E-01  0.7141E-02  0.1136E-01  0.1630E-02  0.1772E-02
      5.303  0.3813E-02  0.5486E-02  0.1142E-01  0.1620E-01  0.2343E-02  0.6306E-02  0.4616E-02  0.1099E-01  0.1863E-02  0.4648E-02  0.4639E-02  0.1166E-01  0.7031E-02  0.1618E-01  0.5721E-02  0.1454E-01  0.1137E-02  0.3312E-02
      5.313  0.3852E-02  0.3057E-02  0.1219E-01  0.7465E-02  0.1925E-02  0.4709E-02  0.3356E-02  0.8539E-02  0.1677E-02  0.3773E-02  0.3883E-02  0.6889E-02  0.5558E-02  0.1161E-01  0.4446E-02  0.1230E-01  0.7299E-03  0.2038E-02
      5.323  0.5223E-02  0.1584E-02  0.1931E-01  0.4060E-02  0.2747E-02  0.2829E-02  0.5193E-02  0.2157E-02  0.2018E-02  0.1895E-02  0.4419E-02  0.5107E-02  0.7633E-02  0.7603E-02  0.6891E-02  0.5256E-02  0.9393E-03  0.9673E-03
      5.333  0.5671E-02  0.2135E-02  0.2046E-01  0.4250E-02  0.2790E-02  0.2961E-02  0.5431E-02  0.2852E-02  0.1760E-02  0.1320E-02  0.4298E-02  0.5266E-02  0.9043E-02  0.7125E-02  0.7351E-02  0.7231E-02  0.9308E-03  0.9480E-03
      5.343  0.8349E-02  0.4120E-02  0.2246E-01  0.5833E-02  0.3573E-02  0.4125E-02  0.7153E-02  0.3947E-02  0.1750E-02  0.1623E-02  0.6153E-02  0.8322E-02  0.1001E-01  0.8697E-02  0.7943E-02  0.1232E-01  0.9951E-03  0.1150E-02
      5.353  0.1679E-01  0.4315E-02  0.3683E-01  0.5403E-02  0.5484E-02  0.3719E-02  0.2142E-01  0.3349E-02  0.2201E-02  0.1108E-02  0.8530E-02  0.5929E-02  0.2127E-01  0.7124E-02  0.1232E-01  0.7977E-02  0.2414E-02  0.7769E-03
      5.363  0.1205E-01  0.4781E-02  0.4329E-01  0.5479E-02  0.4957E-02  0.3964E-02  0.2537E-01  0.3245E-02  0.2127E-02  0.1294E-02  0.7880E-02  0.7248E-02  0.2733E-01  0.7408E-02  0.1295E-01  0.9285E-02  0.2444E-02  0.6352E-03
      5.373  0.8812E-02  0.5171E-02  0.4284E-01  0.5182E-02  0.3475E-02  0.3285E-02  0.2660E-01  0.3011E-02  0.1685E-02  0.6824E-03  0.6206E-02  0.2762E-02  0.1983E-01  0.7379E-02  0.1009E-01  0.3025E-02  0.1966E-02  0.4570E-03
      5.383  0.6500E-02  0.8579E-02  0.4875E-01  0.8145E-02  0.3960E-02  0.4535E-02  0.2392E-01  0.5347E-02  0.1481E-02  0.1044E-02  0.6912E-02  0.4538E-02  0.1306E-01  0.9960E-02  0.9048E-02  0.5076E-02  0.1658E-02  0.7885E-03
      5.393  0.5744E-02  0.1113E-01  0.5175E-01  0.1189E-01  0.4939E-02  0.6187E-02  0.2548E-01  0.7651E-02  0.1448E-02  0.1622E-02  0.9546E-02  0.6916E-02  0.1212E-01  0.1236E-01  0.9284E-02  0.1215E-01  0.1727E-02  0.1714E-02
      5.403  0.7906E-02  0.5223E-02  0.6571E-01  0.9988E-02  0.5985E-02  0.3333E-02  0.3044E-01  0.5824E-02  0.2538E-02  0.1392E-02  0.1597E-01  0.4211E-02  0.1304E-01  0.1024E-01  0.1510E-01  0.7538E-02  0.2385E-02  0.1067E-02
      5.413  0.6647E-02  0.5470E-02  0.4859E-01  0.1250E-01  0.6224E-02  0.4421E-02  0.1747E-01  0.7475E-02  0.2204E-02  0.1778E-02  0.9494E-02  0.4589E-02  0.8795E-02  0.1464E-01  0.8755E-02  0.9096E-02  0.1438E-02  0.1324E-02
      5.423  0.5152E-02  0.7334E-02  0.3531E-01  0.1900E-01  0.5571E-02  0.6831E-02  0.1600E-01  0.1108E-01  0.2113E-02  0.3286E-02  0.5160E-02  0.1181E-01  0.7392E-02  0.2215E-01  0.5378E-02  0.1757E-01  0.1092E-02  0.2523E-02
      5.433  0.1169E-01  0.7979E-02  0.7417E-01  0.2367E-01  0.1292E-01  0.8670E-02  0.6187E-01  0.1282E-01  0.3429E-02  0.3812E-02  0.6717E-02  0.1767E-01  0.1393E-01  0.2510E-01  0.8484E-02  0.2177E-01  0.2536E-02  0.2965E-02
      5.443  0.1415E-01  0.5723E-02  0.1006E+00  0.1807E-01  0.1156E-01  0.6411E-02  0.8620E-01  0.9513E-02  0.3174E-02  0.3168E-02  0.5245E-02  0.1419E-01  0.1739E-01  0.1661E-01  0.1057E-01  0.1884E-01  0.2808E-02  0.2421E-02
      5.453  0.2268E-01  0.4801E-02  0.1567E+00  0.1106E-01  0.2240E-01  0.5274E-02  0.8362E-01  0.5727E-02  0.3664E-02  0.2092E-02  0.7120E-02  0.8898E-02  0.2571E-01  0.9348E-02  0.2059E-01  0.1305E-01  0.4395E-02  0.1532E-02
      5.463  0.1617E-01  0.6616E-02  0.5232E-01  0.1084E-01  0.8854E-02  0.6479E-02  0.3889E-01  0.9061E-02  0.1937E-02  0.2115E-02  0.3698E-02  0.7360E-02  0.9478E-02  0.1152E-01  0.9210E-02  0.1596E-01  0.2101E-02  0.1429E-02
      5.473  0.5206E-01  0.8041E-02  0.1336E+00  0.1203E-01  0.1736E-01  0.6781E-02  0.1796E+00  0.8009E-02  0.5608E-02  0.1521E-02  0.1010E-01  0.5810E-02  0.3148E-01  0.7034E-02  0.2802E-01  0.1347E-01  0.5905E-02  0.1117E-02
      5.483  0.1563E-01  0.1070E-01  0.5314E-01  0.1613E-01  0.6379E-02  0.7804E-02  0.4074E-01  0.9261E-02  0.2388E-02  0.1259E-02  0.3846E-02  0.5917E-02  0.7578E-02  0.6329E-02  0.1202E-01  0.1221E-01  0.2226E-02  0.1211E-02
      5.493  0.1078E-01  0.1129E-01  0.2959E-01  0.2127E-01  0.3297E-02  0.6860E-02  0.1991E-01  0.1375E-01  0.1789E-02  0.1326E-02  0.3132E-02  0.5672E-02  0.4255E-02  0.6900E-02  0.8545E-02  0.1227E-01  0.1090E-02  0.1414E-02
      5.503  0.1332E-01  0.3555E-01  0.2814E-01  0.5351E-01  0.2622E-02  0.1564E-01  0.2214E-01  0.5393E-01  0.1725E-02  0.3079E-02  0.3862E-02  0.1445E-01  0.5212E-02  0.1748E-01  0.7875E-02  0.2502E-01  0.1120E-02  0.4072E-02
      5.513  0.6839E-01  0.3288E-01  0.1181E+00  0.5101E-01  0.5640E-02  0.1511E-01  0.6320E-01  0.5623E-01  0.4060E-02  0.4705E-02  0.9366E-02  0.1138E-01  0.2027E-01  0.1392E-01  0.1827E-01  0.2193E-01  0.2806E-02  0.4189E-02
      5.523  0.3872E-01  0.1567E-01  0.7245E-01  0.2788E-01  0.4124E-02  0.7131E-02  0.4230E-01  0.2761E-01  0.3030E-02  0.2912E-02  0.7310E-02  0.7045E-02  0.1630E-01  0.8060E-02  0.1055E-01  0.1532E-01  0.2206E-02  0.2135E-02
      5.533  0.1566E-01  0.2078E-01  0.3951E-01  0.3968E-01  0.2638E-02  0.5070E-02  0.2048E-01  0.6971E-01  0.1724E-02  0.2362E-02  0.5725E-02  0.7948E-02  0.7664E-02  0.7178E-02  0.6976E-02  0.1465E-01  0.1397E-02  0.1625E-02
      5.543  0.7276E-02  0.2738E-01  0.2642E-01  0.4977E-01  0.2374E-02  0.3953E-02  0.1278E-01  0.5763E-01  0.1061E-02  0.2106E-02  0.4345E-02  0.7718E-02  0.3975E-02  0.7166E-02  0.5678E-02  0.1559E-01  0.1061E-02  0.1419E-02
      5.553  0.9023E-02  0.2209E-01  0.4448E-01  0.6281E-01  0.3705E-02  0.4383E-02  0.1557E-01  0.3349E-01  0.1389E-02  0.2297E-02  0.4127E-02  0.1028E-01  0.9154E-02  0.8133E-02  0.7436E-02  0.1679E-01  0.1936E-02  0.1646E-02
      5.563  0.2259E-01  0.2023E-01  0.6206E-01  0.6018E-01  0.5462E-02  0.5251E-02  0.6020E-01  0.2854E-01  0.3449E-02  0.2603E-02  0.6515E-02  0.1410E-01  0.1909E-01  0.1097E-01  0.1051E-01  0.2054E-01  0.3888E-02  0.1972E-02
      5.573  0.4477E-01  0.1685E-01  0.8404E-01  0.3707E-01  0.9705E-02  0.4211E-02  0.9758E-01  0.2400E-01  0.6417E-02  0.2438E-02  0.7024E-02  0.1048E-01  0.3843E-01  0.7054E-02  0.1291E-01  0.1597E-01  0.4503E-02  0.1870E-02
      5.583  0.4033E-01  0.1035E-01  0.6742E-01  0.1750E-01  0.7789E-02  0.2850E-02  0.6877E-01  0.1681E-01  0.4359E-02  0.2357E-02  0.4957E-02  0.6550E-02  0.3067E-01  0.4073E-02  0.9307E-02  0.1099E-01  0.3353E-02  0.1874E-02
      5.593  0.4222E-01  0.1256E-01  0.7133E-01  0.1966E-01  0.7754E-02  0.3660E-02  0.6015E-01  0.1938E-01  0.3773E-02  0.3345E-02  0.4328E-02  0.7840E-02  0.2907E-01  0.6166E-02  0.7979E-02  0.1279E-01  0.3125E-02  0.2662E-02
      5.603  0.3609E-01  0.7690E-02  0.6924E-01  0.1341E-01  0.7466E-02  0.2895E-02  0.5027E-01  0.1327E-01  0.2948E-02  0.2505E-02  0.3507E-02  0.5277E-02  0.2375E-01  0.5321E-02  0.6358E-02  0.7632E-02  0.2462E-02  0.1962E-02
      5.613  0.2202E-01  0.5364E-02  0.4034E-01  0.1068E-01  0.6567E-02  0.3003E-02  0.3566E-01  0.1041E-01  0.2157E-02  0.2133E-02  0.2591E-02  0.4582E-02  0.1736E-01  0.5447E-02  0.5006E-02  0.6115E-02  0.1529E-02  0.1736E-02
      5.623  0.1820E-01  0.4699E-02  0.6181E-01  0.1074E-01  0.7504E-02  0.3635E-02  0.4260E-01  0.1046E-01  0.2174E-02  0.2278E-02  0.2180E-02  0.4921E-02  0.2306E-01  0.6176E-02  0.5287E-02  0.6379E-02  0.1932E-02  0.1891E-02
      5.633  0.3268E-01  0.5705E-02  0.1043E+00  0.1016E-01  0.9765E-02  0.3926E-02  0.6075E-01  0.9320E-02  0.2511E-02  0.2046E-02  0.3213E-02  0.4205E-02  0.3422E-01  0.7460E-02  0.6468E-02  0.5882E-02  0.3150E-02  0.1722E-02
      5.643  0.5031E-01  0.7947E-02  0.1014E+00  0.1077E-01  0.5868E-02  0.4314E-02  0.6981E-01  0.9978E-02  0.2969E-02  0.2090E-02  0.3058E-02  0.3844E-02  0.2763E-01  0.8909E-02  0.5413E-02  0.5706E-02  0.4136E-02  0.1709E-02
      5.653  0.3481E-01  0.1250E-01  0.7568E-01  0.1406E-01  0.4542E-02  0.5486E-02  0.5756E-01  0.1443E-01  0.2482E-02  0.2797E-02  0.2822E-02  0.3975E-02  0.1712E-01  0.1321E-01  0.5433E-02  0.6511E-02  0.2187E-02  0.2395E-02
      5.663  0.2663E-01  0.1682E-01  0.6206E-01  0.1790E-01  0.3546E-02  0.6528E-02  0.5794E-01  0.2161E-01  0.2689E-02  0.3407E-02  0.3294E-02  0.3966E-02  0.1201E-01  0.1856E-01  0.6332E-02  0.6292E-02  0.1360E-02  0.2208E-02
      5.673  0.2971E-01  0.2674E-01  0.4804E-01  0.3588E-01  0.4881E-02  0.1396E-01  0.9066E-01  0.3149E-01  0.4260E-02  0.4916E-02  0.5558E-02  0.8197E-02  0.1058E-01  0.3111E-01  0.9821E-02  0.7686E-02  0.1598E-02  0.2981E-02
      5.683  0.1677E-01  0.2629E-01  0.5631E-01  0.2348E-01  0.3569E-02  0.1058E-01  0.4568E-01  0.1916E-01  0.1721E-02  0.3461E-02  0.4464E-02  0.5716E-02  0.8678E-02  0.2351E-01  0.7195E-02  0.5163E-02  0.2076E-02  0.2064E-02
      5.693  0.4399E-01  0.2474E-01  0.1855E+00  0.2281E-01  0.1344E-01  0.9817E-02  0.1849E+00  0.1339E-01  0.4341E-02  0.2457E-02  0.7620E-02  0.5217E-02  0.2260E-01  0.2067E-01  0.1312E-01  0.5572E-02  0.5432E-02  0.2072E-02
      5.703  0.3670E-01  0.2521E-01  0.9054E-01  0.2536E-01  0.1083E-01  0.8736E-02  0.1160E+00  0.2124E-01  0.4064E-02  0.3240E-02  0.6155E-02  0.6200E-02  0.1503E-01  0.1820E-01  0.9883E-02  0.7148E-02  0.5439E-02  0.2614E-02
      5.713  0.3011E-01  0.2187E-01  0.5741E-01  0.2425E-01  0.5448E-02  0.6429E-02  0.7446E-01  0.2551E-01  0.1984E-02  0.3480E-02  0.4430E-02  0.6114E-02  0.1037E-01  0.1336E-01  0.9843E-02  0.8878E-02  0.3766E-02  0.2866E-02
      5.723  0.3361E-01  0.1576E-01  0.6592E-01  0.1675E-01  0.4156E-02  0.3378E-02  0.6871E-01  0.2241E-01  0.2088E-02  0.2926E-02  0.2919E-02  0.4149E-02  0.1073E-01  0.7888E-02  0.7439E-02  0.6861E-02  0.2304E-02  0.1816E-02
      5.733  0.4179E-01  0.1554E-01  0.7599E-01  0.3729E-01  0.4785E-02  0.2778E-02  0.7892E-01  0.2529E-01  0.2303E-02  0.2806E-02  0.3382E-02  0.3037E-02  0.1227E-01  0.8871E-02  0.8725E-02  0.6255E-02  0.2163E-02  0.2085E-02
      5.743  0.5280E-01  0.2404E-01  0.1047E+00  0.7201E-01  0.8450E-02  0.5777E-02  0.1032E+00  0.4879E-01  0.3052E-02  0.4211E-02  0.5199E-02  0.4045E-02  0.1550E-01  0.1629E-01  0.1122E-01  0.1076E-01  0.3087E-02  0.3795E-02
      5.753  0.2924E-01  0.2119E-01  0.7399E-01  0.5924E-01  0.6771E-02  0.7965E-02  0.7347E-01  0.4471E-01  0.2605E-02  0.3382E-02  0.4340E-02  0.4719E-02  0.1080E-01  0.2173E-01  0.8392E-02  0.1025E-01  0.1971E-02  0.2904E-02
      5.763  0.1704E-01  0.2934E-01  0.3233E-01  0.6697E-01  0.3660E-02  0.1086E-01  0.3818E-01  0.5442E-01  0.1958E-02  0.4184E-02  0.2356E-02  0.9180E-02  0.5588E-02  0.2782E-01  0.3493E-02  0.1689E-01  0.1367E-02  0.3188E-02
      5.773  0.1633E-01  0.2679E-01  0.2752E-01  0.4752E-01  0.4242E-02  0.8374E-02  0.3226E-01  0.4375E-01  0.2386E-02  0.3239E-02  0.2397E-02  0.6866E-02  0.5586E-02  0.1884E-01  0.3747E-02  0.1261E-01  0.1746E-02  0.2690E-02
      5.783  0.1573E-01  0.2688E-01  0.2503E-01  0.4306E-01  0.5091E-02  0.7598E-02  0.3128E-01  0.4127E-01  0.2466E-02  0.2987E-02  0.2109E-02  0.6037E-02  0.4985E-02  0.1659E-01  0.3500E-02  0.1004E-01  0.1830E-02  0.2444E-02
      5.793  0.1915E-01  0.2581E-01  0.3160E-01  0.3884E-01  0.6159E-02  0.5997E-02  0.4277E-01  0.3570E-01  0.3543E-02  0.2664E-02  0.3284E-02  0.5345E-02  0.7092E-02  0.1333E-01  0.5521E-02  0.8402E-02  0.2065E-02  0.2347E-02
      5.803  0.1552E-01  0.2397E-01  0.2958E-01  0.3257E-01  0.7380E-02  0.4226E-02  0.3966E-01  0.2990E-01  0.3395E-02  0.2301E-02  0.2670E-02  0.4740E-02  0.5173E-02  0.1057E-01  0.3611E-02  0.7548E-02  0.2028E-02  0.2230E-02
      5.813  0.1428E-01  0.3568E-01  0.3215E-01  0.4500E-01  0.8415E-02  0.4704E-02  0.3772E-01  0.4055E-01  0.2681E-02  0.3082E-02  0.2439E-02  0.7319E-02  0.4898E-02  0.1719E-01  0.3859E-02  0.1177E-01  0.1959E-02  0.3450E-02
      5.823  0.1632E-01  0.3279E-01  0.3991E-01  0.3892E-01  0.1131E-01  0.4890E-02  0.4252E-01  0.4101E-01  0.3434E-02  0.3021E-02  0.2752E-02  0.5090E-02  0.7128E-02  0.1614E-01  0.5165E-02  0.8147E-02  0.2056E-02  0.2688E-02
      5.833  0.9393E-02  0.3615E-01  0.3730E-01  0.4054E-01  0.1032E-01  0.5386E-02  0.4064E-01  0.4525E-01  0.1960E-02  0.3177E-02  0.2516E-02  0.5063E-02  0.4405E-02  0.1794E-01  0.4648E-02  0.7583E-02  0.1410E-02  0.2608E-02
      5.843  0.7296E-02  0.3502E-01  0.2638E-01  0.4763E-01  0.8913E-02  0.5858E-02  0.3227E-01  0.4624E-01  0.1606E-02  0.3129E-02  0.2036E-02  0.4876E-02  0.3667E-02  0.1802E-01  0.3610E-02  0.6976E-02  0.1271E-02  0.2419E-02
      5.853  0.5624E-02  0.3172E-01  0.1882E-01  0.5011E-01  0.7422E-02  0.6615E-02  0.2200E-01  0.5214E-01  0.1374E-02  0.3084E-02  0.1685E-02  0.4507E-02  0.3064E-02  0.1814E-01  0.2728E-02  0.6306E-02  0.1106E-02  0.2293E-02
      5.863  0.5306E-02  0.2669E-01  0.1807E-01  0.5031E-01  0.7204E-02  0.7227E-02  0.1874E-01  0.5266E-01  0.1381E-02  0.2915E-02  0.1706E-02  0.3694E-02  0.3074E-02  0.1636E-01  0.2676E-02  0.5388E-02  0.1183E-02  0.2183E-02
      5.873  0.5023E-02  0.2177E-01  0.1757E-01  0.6521E-01  0.7045E-02  0.7749E-02  0.1587E-01  0.5858E-01  0.1391E-02  0.2927E-02  0.1744E-02  0.3987E-02  0.3096E-02  0.1563E-01  0.2657E-02  0.6007E-02  0.1268E-02  0.2454E-02
      5.883  0.4796E-02  0.1817E-01  0.1689E-01  0.6354E-01  0.6783E-02  0.8253E-02  0.1337E-01  0.6359E-01  0.1387E-02  0.3247E-02  0.1770E-02  0.4125E-02  0.3112E-02  0.1487E-01  0.2624E-02  0.5390E-02  0.1333E-02  0.2523E-02
      5.893  0.5420E-02  0.1587E-01  0.1838E-01  0.3589E-01  0.8212E-02  0.7261E-02  0.1479E-01  0.3903E-01  0.1793E-02  0.1886E-02  0.2020E-02  0.2696E-02  0.3528E-02  0.1007E-01  0.3203E-02  0.4015E-02  0.1537E-02  0.1810E-02
      5.903  0.5442E-02  0.1440E-01  0.2059E-01  0.3351E-01  0.8597E-02  0.7430E-02  0.1532E-01  0.3720E-01  0.1880E-02  0.1740E-02  0.2193E-02  0.2612E-02  0.3714E-02  0.9050E-02  0.3119E-02  0.3859E-02  0.1687E-02  0.1720E-02
      5.913  0.6986E-02  0.1242E-01  0.2522E-01  0.2923E-01  0.9912E-02  0.7325E-02  0.1969E-01  0.3449E-01  0.2178E-02  0.1551E-02  0.2657E-02  0.2328E-02  0.4275E-02  0.7609E-02  0.3986E-02  0.3610E-02  0.2058E-02  0.1503E-02
      5.923  0.9625E-02  0.1321E-01  0.2965E-01  0.4457E-01  0.1112E-01  0.9811E-02  0.2560E-01  0.7828E-01  0.2543E-02  0.1457E-02  0.3402E-02  0.3041E-02  0.4850E-02  0.6981E-02  0.5785E-02  0.5268E-02  0.2476E-02  0.2548E-02
      5.933  0.9719E-02  0.9351E-02  0.2740E-01  0.2031E-01  0.1094E-01  0.6614E-02  0.2255E-01  0.2692E-01  0.2505E-02  0.1147E-02  0.3220E-02  0.1903E-02  0.4876E-02  0.5205E-02  0.5167E-02  0.3239E-02  0.2437E-02  0.1274E-02
      5.943  0.8095E-02  0.8523E-02  0.2615E-01  0.1817E-01  0.1408E-01  0.5951E-02  0.2132E-01  0.2067E-01  0.4044E-02  0.1166E-02  0.3102E-02  0.1863E-02  0.6219E-02  0.4586E-02  0.4399E-02  0.3423E-02  0.2326E-02  0.1183E-02
      5.953  0.5340E-02  0.8673E-02  0.1440E-01  0.2005E-01  0.5966E-02  0.5817E-02  0.1311E-01  0.2873E-01  0.1452E-02  0.1342E-02  0.1595E-02  0.2200E-02  0.3293E-02  0.4762E-02  0.1735E-02  0.4124E-02  0.1735E-02  0.1295E-02
      5.963  0.5516E-02  0.9100E-02  0.1405E-01  0.2220E-01  0.5484E-02  0.6347E-02  0.1398E-01  0.4037E-01  0.1424E-02  0.1593E-02  0.1524E-02  0.2578E-02  0.3281E-02  0.5223E-02  0.1799E-02  0.4966E-02  0.1718E-02  0.1403E-02
      5.973  0.5897E-02  0.9167E-02  0.1428E-01  0.2166E-01  0.5518E-02  0.7182E-02  0.1453E-01  0.4126E-01  0.1391E-02  0.1937E-02  0.1545E-02  0.2502E-02  0.3491E-02  0.5415E-02  0.1847E-02  0.5313E-02  0.1744E-02  0.1386E-02
      5.983  0.7299E-02  0.8432E-02  0.1518E-01  0.1975E-01  0.5667E-02  0.6990E-02  0.1594E-01  0.3220E-01  0.1397E-02  0.1928E-02  0.1639E-02  0.2222E-02  0.4217E-02  0.5296E-02  0.2005E-02  0.4518E-02  0.1804E-02  0.1344E-02
      5.993  0.8387E-02  0.7444E-02  0.1614E-01  0.1746E-01  0.5812E-02  0.5786E-02  0.1713E-01  0.2206E-01  0.1415E-02  0.1595E-02  0.1748E-02  0.1811E-02  0.4895E-02  0.4652E-02  0.2173E-02  0.3272E-02  0.1854E-02  0.1279E-02
      6.003  0.8710E-02  0.7012E-02  0.1694E-01  0.1652E-01  0.5788E-02  0.5051E-02  0.1764E-01  0.1694E-01  0.1416E-02  0.1380E-02  0.1817E-02  0.1575E-02  0.5538E-02  0.4256E-02  0.2195E-02  0.2583E-02  0.1807E-02  0.1284E-02
      6.013  0.7817E-02  0.7406E-02  0.1585E-01  0.1609E-01  0.5324E-02  0.5020E-02  0.1674E-01  0.1653E-01  0.1355E-02  0.1408E-02  0.1704E-02  0.1579E-02  0.5620E-02  0.4262E-02  0.2005E-02  0.2599E-02  0.1674E-02  0.1302E-02
      6.023  0.7430E-02  0.7831E-02  0.1609E-01  0.1644E-01  0.5234E-02  0.5014E-02  0.1678E-01  0.1635E-01  0.1391E-02  0.1488E-02  0.1664E-02  0.1652E-02  0.5829E-02  0.4412E-02  0.1878E-02  0.2680E-02  0.1629E-02  0.1350E-02
      6.033  0.7729E-02  0.8090E-02  0.1779E-01  0.1771E-01  0.5707E-02  0.4874E-02  0.1733E-01  0.1672E-01  0.1527E-02  0.1563E-02  0.1780E-02  0.1767E-02  0.6913E-02  0.4653E-02  0.1908E-02  0.2777E-02  0.1689E-02  0.1419E-02
      6.043  0.7902E-02  0.8900E-02  0.1940E-01  0.2012E-01  0.5946E-02  0.4825E-02  0.1799E-01  0.1761E-01  0.1648E-02  0.1708E-02  0.1857E-02  0.1986E-02  0.7598E-02  0.5095E-02  0.1894E-02  0.3124E-02  0.1731E-02  0.1636E-02
      6.053  0.8442E-02  0.9052E-02  0.2313E-01  0.2076E-01  0.6237E-02  0.4812E-02  0.2199E-01  0.1719E-01  0.1972E-02  0.1859E-02  0.2249E-02  0.2115E-02  0.8730E-02  0.5349E-02  0.2123E-02  0.3157E-02  0.2072E-02  0.1920E-02
      6.063  0.8695E-02  0.9086E-02  0.2612E-01  0.2104E-01  0.6825E-02  0.4721E-02  0.2380E-01  0.1688E-01  0.2153E-02  0.1913E-02  0.2394E-02  0.2196E-02  0.9664E-02  0.5317E-02  0.2102E-02  0.2712E-02  0.2247E-02  0.1747E-02
      6.073  0.8612E-02  0.9741E-02  0.2801E-01  0.2224E-01  0.6814E-02  0.5177E-02  0.2347E-01  0.1754E-01  0.2247E-02  0.2151E-02  0.2435E-02  0.2460E-02  0.9805E-02  0.5835E-02  0.2072E-02  0.2924E-02  0.2276E-02  0.1891E-02
      6.083  0.8407E-02  0.8909E-02  0.3295E-01  0.2194E-01  0.6614E-02  0.5265E-02  0.2318E-01  0.1729E-01  0.2856E-02  0.2285E-02  0.2507E-02  0.2513E-02  0.9362E-02  0.6140E-02  0.2083E-02  0.2971E-02  0.2371E-02  0.1998E-02
      6.093  0.9313E-02  0.8843E-02  0.3127E-01  0.2277E-01  0.6105E-02  0.5773E-02  0.2662E-01  0.1798E-01  0.2581E-02  0.2440E-02  0.2311E-02  0.2636E-02  0.9168E-02  0.6767E-02  0.1917E-02  0.3152E-02  0.2749E-02  0.2173E-02
      6.103  0.9596E-02  0.9012E-02  0.2882E-01  0.2427E-01  0.5596E-02  0.6821E-02  0.2951E-01  0.1873E-01  0.2488E-02  0.2547E-02  0.2171E-02  0.2879E-02  0.8541E-02  0.7735E-02  0.2084E-02  0.3505E-02  0.2689E-02  0.2460E-02
      6.113  0.9826E-02  0.7637E-02  0.2814E-01  0.2370E-01  0.5953E-02  0.5748E-02  0.3091E-01  0.1820E-01  0.2498E-02  0.2373E-02  0.2302E-02  0.2625E-02  0.8426E-02  0.6967E-02  0.2569E-02  0.3298E-02  0.2552E-02  0.2548E-02
      6.123  0.1025E-01  0.6845E-02  0.3040E-01  0.2142E-01  0.6497E-02  0.4680E-02  0.3259E-01  0.1967E-01  0.2583E-02  0.2042E-02  0.2697E-02  0.2415E-02  0.8898E-02  0.6145E-02  0.3898E-02  0.3038E-02  0.2486E-02  0.2701E-02
      6.133  0.1095E-01  0.5485E-02  0.3317E-01  0.1762E-01  0.6865E-02  0.3807E-02  0.3422E-01  0.1755E-01  0.2580E-02  0.1825E-02  0.3086E-02  0.2014E-02  0.9730E-02  0.4842E-02  0.5150E-02  0.2361E-02  0.2401E-02  0.2402E-02
      6.143  0.1169E-01  0.5386E-02  0.3467E-01  0.1760E-01  0.7210E-02  0.3434E-02  0.3609E-01  0.1736E-01  0.2545E-02  0.1729E-02  0.2927E-02  0.1911E-02  0.1015E-01  0.4537E-02  0.4436E-02  0.2268E-02  0.2284E-02  0.2257E-02
      6.153  0.1294E-01  0.5698E-02  0.4628E-01  0.1819E-01  0.9285E-02  0.3337E-02  0.4606E-01  0.1778E-01  0.3247E-02  0.1691E-02  0.3254E-02  0.1906E-02  0.1196E-01  0.4491E-02  0.4150E-02  0.2322E-02  0.2432E-02  0.2160E-02
      6.163  0.1245E-01  0.6284E-02  0.3190E-01  0.1926E-01  0.7498E-02  0.3318E-02  0.4434E-01  0.1853E-01  0.2835E-02  0.1687E-02  0.2854E-02  0.1957E-02  0.1050E-01  0.4517E-02  0.3007E-02  0.2443E-02  0.2424E-02  0.2084E-02
      6.173  0.1349E-01  0.6825E-02  0.3172E-01  0.2099E-01  0.6741E-02  0.3365E-02  0.4287E-01  0.2025E-01  0.2602E-02  0.1695E-02  0.2833E-02  0.2017E-02  0.9844E-02  0.4743E-02  0.2899E-02  0.2607E-02  0.2506E-02  0.2064E-02
      6.183  0.1567E-01  0.9672E-02  0.3167E-01  0.3104E-01  0.6304E-02  0.6026E-02  0.4097E-01  0.2680E-01  0.2217E-02  0.2544E-02  0.2719E-02  0.2958E-02  0.9552E-02  0.9866E-02  0.3223E-02  0.5966E-02  0.2245E-02  0.2306E-02
      6.193  0.2066E-01  0.7468E-02  0.4059E-01  0.2553E-01  0.7353E-02  0.4524E-02  0.4770E-01  0.2327E-01  0.2507E-02  0.2006E-02  0.3176E-02  0.2669E-02  0.1164E-01  0.5869E-02  0.4149E-02  0.3637E-02  0.2315E-02  0.2011E-02
      6.203  0.3057E-01  0.7601E-02  0.5132E-01  0.2501E-01  0.9142E-02  0.4365E-02  0.6082E-01  0.2321E-01  0.3249E-02  0.1953E-02  0.3501E-02  0.2574E-02  0.1735E-01  0.5806E-02  0.6432E-02  0.3324E-02  0.3428E-02  0.1882E-02
      6.213  0.3102E-01  0.8001E-02  0.4810E-01  0.2371E-01  0.8647E-02  0.4129E-02  0.5851E-01  0.2205E-01  0.3180E-02  0.2012E-02  0.3403E-02  0.2708E-02  0.1754E-01  0.6348E-02  0.6132E-02  0.3158E-02  0.3043E-02  0.1919E-02
      6.223  0.3144E-01  0.7333E-02  0.5160E-01  0.1996E-01  0.9131E-02  0.3543E-02  0.5188E-01  0.2034E-01  0.3444E-02  0.1683E-02  0.3310E-02  0.2393E-02  0.1840E-01  0.6321E-02  0.5335E-02  0.2785E-02  0.2405E-02  0.1737E-02
      6.233  0.2585E-01  0.9174E-02  0.3651E-01  0.2345E-01  0.8368E-02  0.4796E-02  0.4918E-01  0.2526E-01  0.2779E-02  0.1665E-02  0.3199E-02  0.2227E-02  0.1544E-01  0.7639E-02  0.5258E-02  0.3145E-02  0.2140E-02  0.2019E-02
      6.243  0.2383E-01  0.1307E-01  0.3589E-01  0.3043E-01  0.8720E-02  0.6816E-02  0.4609E-01  0.3072E-01  0.2619E-02  0.1924E-02  0.3146E-02  0.2792E-02  0.1471E-01  0.1113E-01  0.4514E-02  0.4863E-02  0.2054E-02  0.2938E-02
      6.253  0.1961E-01  0.1384E-01  0.3336E-01  0.3364E-01  0.7549E-02  0.5964E-02  0.4031E-01  0.3306E-01  0.2241E-02  0.1874E-02  0.2919E-02  0.2670E-02  0.1271E-01  0.1062E-01  0.3276E-02  0.5149E-02  0.1875E-02  0.3146E-02
      6.263  0.1541E-01  0.1276E-01  0.2488E-01  0.2631E-01  0.6520E-02  0.4274E-02  0.3084E-01  0.2624E-01  0.1819E-02  0.1622E-02  0.2406E-02  0.2218E-02  0.1032E-01  0.8777E-02  0.2459E-02  0.4397E-02  0.1547E-02  0.2584E-02
      6.273  0.3173E-01  0.1417E-01  0.4840E-01  0.3098E-01  0.1044E-01  0.3860E-02  0.4489E-01  0.2816E-01  0.3448E-02  0.1671E-02  0.5434E-02  0.2017E-02  0.2304E-01  0.7950E-02  0.5747E-02  0.5344E-02  0.3682E-02  0.2779E-02
      6.283  0.1529E-01  0.1283E-01  0.2654E-01  0.2095E-01  0.6573E-02  0.3095E-02  0.2274E-01  0.2729E-01  0.1702E-02  0.1402E-02  0.2465E-02  0.1719E-02  0.1276E-01  0.6721E-02  0.2157E-02  0.4423E-02  0.1592E-02  0.2309E-02
      6.293  0.1632E-01  0.1891E-01  0.3006E-01  0.2691E-01  0.7551E-02  0.4374E-02  0.2094E-01  0.3636E-01  0.1725E-02  0.2835E-02  0.2683E-02  0.2371E-02  0.1493E-01  0.9146E-02  0.2272E-02  0.5420E-02  0.1666E-02  0.3279E-02
      6.303  0.2076E-01  0.1896E-01  0.4058E-01  0.2428E-01  0.1342E-01  0.4758E-02  0.2114E-01  0.3531E-01  0.2254E-02  0.2257E-02  0.3601E-02  0.1830E-02  0.2120E-01  0.9768E-02  0.2978E-02  0.4009E-02  0.1964E-02  0.2122E-02
      6.313  0.2429E-01  0.1873E-01  0.4684E-01  0.2372E-01  0.1518E-01  0.4751E-02  0.2859E-01  0.3579E-01  0.2227E-02  0.2267E-02  0.4057E-02  0.2094E-02  0.2678E-01  0.9509E-02  0.3178E-02  0.4365E-02  0.2152E-02  0.1934E-02
      6.323  0.1876E-01  0.1752E-01  0.3548E-01  0.2414E-01  0.1485E-01  0.5235E-02  0.2984E-01  0.2882E-01  0.1777E-02  0.1957E-02  0.2778E-02  0.2273E-02  0.2093E-01  0.9815E-02  0.3037E-02  0.4334E-02  0.1867E-02  0.1664E-02
      6.333  0.2347E-01  0.2346E-01  0.4328E-01  0.4636E-01  0.1728E-01  0.6904E-02  0.3995E-01  0.4509E-01  0.1973E-02  0.3045E-02  0.3454E-02  0.4309E-02  0.2689E-01  0.1343E-01  0.4001E-02  0.6719E-02  0.2577E-02  0.2470E-02
      6.343  0.1806E-01  0.1855E-01  0.3425E-01  0.3091E-01  0.1794E-01  0.6570E-02  0.3266E-01  0.3977E-01  0.2113E-02  0.2736E-02  0.2316E-02  0.3806E-02  0.2244E-01  0.1203E-01  0.4058E-02  0.5557E-02  0.2422E-02  0.1879E-02
      6.353  0.1310E-01  0.1619E-01  0.2249E-01  0.2775E-01  0.1128E-01  0.6543E-02  0.2550E-01  0.3604E-01  0.1308E-02  0.2576E-02  0.1486E-02  0.3425E-02  0.1459E-01  0.1177E-01  0.2556E-02  0.4843E-02  0.1911E-02  0.1597E-02
      6.363  0.1045E-01  0.1476E-01  0.1637E-01  0.2680E-01  0.7724E-02  0.7514E-02  0.2398E-01  0.3219E-01  0.1051E-02  0.2413E-02  0.1163E-02  0.3008E-02  0.1046E-01  0.1280E-01  0.1722E-02  0.4423E-02  0.1613E-02  0.1505E-02
      6.373  0.1047E-01  0.1310E-01  0.1812E-01  0.2516E-01  0.7015E-02  0.8604E-02  0.2524E-01  0.2467E-01  0.1114E-02  0.2065E-02  0.1183E-02  0.2389E-02  0.9515E-02  0.1387E-01  0.1825E-02  0.3823E-02  0.1728E-02  0.1449E-02
      6.383  0.1525E-01  0.1364E-01  0.2591E-01  0.2798E-01  0.6141E-02  0.9568E-02  0.2826E-01  0.2333E-01  0.1215E-02  0.2037E-02  0.1493E-02  0.2508E-02  0.1078E-01  0.1507E-01  0.1859E-02  0.3792E-02  0.1705E-02  0.1626E-02
      6.393  0.3048E-01  0.1538E-01  0.3783E-01  0.3408E-01  0.8104E-02  0.1102E-01  0.3946E-01  0.2503E-01  0.1708E-02  0.2172E-02  0.2706E-02  0.3079E-02  0.2243E-01  0.1732E-01  0.3013E-02  0.4052E-02  0.1970E-02  0.1967E-02
      6.403  0.6165E-01  0.1596E-01  0.6143E-01  0.3681E-01  0.1099E-01  0.1166E-01  0.6361E-01  0.2594E-01  0.3049E-02  0.2240E-02  0.4249E-02  0.3652E-02  0.3631E-01  0.1842E-01  0.5330E-02  0.3996E-02  0.2633E-02  0.2151E-02
      6.413  0.1987E-01  0.1579E-01  0.3546E-01  0.3564E-01  0.7960E-02  0.1206E-01  0.3583E-01  0.2698E-01  0.1724E-02  0.2293E-02  0.1395E-02  0.3917E-02  0.1310E-01  0.1873E-01  0.2964E-02  0.4144E-02  0.1732E-02  0.2293E-02
      6.423  0.2128E-01  0.1569E-01  0.4026E-01  0.3320E-01  0.9151E-02  0.1137E-01  0.3866E-01  0.2772E-01  0.2044E-02  0.2429E-02  0.1609E-02  0.4363E-02  0.1508E-01  0.1783E-01  0.3186E-02  0.4108E-02  0.1845E-02  0.2273E-02
      6.433  0.2862E-01  0.1283E-01  0.4813E-01  0.2854E-01  0.1102E-01  0.9094E-02  0.4499E-01  0.2340E-01  0.2450E-02  0.2214E-02  0.2006E-02  0.4137E-02  0.2030E-01  0.1406E-01  0.3433E-02  0.3491E-02  0.2159E-02  0.1967E-02
      6.443  0.1077E+00  0.1174E-01  0.8487E-01  0.2737E-01  0.1528E-01  0.7967E-02  0.7731E-01  0.2087E-01  0.4319E-02  0.2116E-02  0.6260E-02  0.3990E-02  0.5942E-01  0.1276E-01  0.4657E-02  0.3272E-02  0.4035E-02  0.1808E-02
      6.453  0.3197E-01  0.1616E-01  0.6116E-01  0.2869E-01  0.1778E-01  0.8680E-02  0.5646E-01  0.2230E-01  0.2786E-02  0.2661E-02  0.2992E-02  0.4859E-02  0.2189E-01  0.1372E-01  0.4660E-02  0.3723E-02  0.3809E-02  0.2045E-02
      6.463  0.2913E-01  0.2358E-01  0.4243E-01  0.3766E-01  0.1028E-01  0.1219E-01  0.4859E-01  0.3742E-01  0.2237E-02  0.4793E-02  0.2578E-02  0.8334E-02  0.1616E-01  0.2162E-01  0.3128E-02  0.6404E-02  0.3058E-02  0.3363E-02
      6.473  0.2776E-01  0.1960E-01  0.4311E-01  0.3557E-01  0.9316E-02  0.1101E-01  0.4886E-01  0.2897E-01  0.2454E-02  0.3720E-02  0.2613E-02  0.4856E-02  0.1446E-01  0.1984E-01  0.3303E-02  0.4261E-02  0.3303E-02  0.2445E-02
      6.483  0.2336E-01  0.1383E-01  0.4231E-01  0.2769E-01  0.1107E-01  0.8748E-02  0.4702E-01  0.2449E-01  0.2764E-02  0.2305E-02  0.2529E-02  0.3474E-02  0.1488E-01  0.1434E-01  0.3436E-02  0.2789E-02  0.3825E-02  0.1893E-02
      6.493  0.1898E-01  0.1465E-01  0.3996E-01  0.3003E-01  0.1209E-01  0.1121E-01  0.4287E-01  0.3195E-01  0.2888E-02  0.2615E-02  0.2258E-02  0.3591E-02  0.1456E-01  0.1467E-01  0.3282E-02  0.2475E-02  0.4054E-02  0.2185E-02
      6.503  0.1430E-01  0.1281E-01  0.2420E-01  0.2594E-01  0.8796E-02  0.8961E-02  0.2867E-01  0.2530E-01  0.2104E-02  0.2173E-02  0.1323E-02  0.3013E-02  0.1092E-01  0.1216E-01  0.2282E-02  0.1900E-02  0.2927E-02  0.1489E-02
      6.514  0.9962E-02  0.1512E-01  0.2212E-01  0.2624E-01  0.7305E-02  0.8821E-02  0.2122E-01  0.2980E-01  0.1855E-02  0.2328E-02  0.9809E-03  0.3324E-02  0.8119E-02  0.1398E-01  0.1892E-02  0.2160E-02  0.2270E-02  0.1626E-02
      6.524  0.8840E-02  0.1928E-01  0.2178E-01  0.3115E-01  0.6780E-02  0.9961E-02  0.1752E-01  0.3773E-01  0.1906E-02  0.2704E-02  0.8928E-03  0.4049E-02  0.8207E-02  0.1747E-01  0.1783E-02  0.2791E-02  0.1982E-02  0.2121E-02
      6.534  0.8983E-02  0.1862E-01  0.2551E-01  0.3346E-01  0.7075E-02  0.8504E-02  0.1880E-01  0.2903E-01  0.2415E-02  0.2440E-02  0.1207E-02  0.3907E-02  0.9605E-02  0.1556E-01  0.1926E-02  0.2785E-02  0.1894E-02  0.2217E-02
      6.544  0.6192E-02  0.2259E-01  0.1596E-01  0.3832E-01  0.4250E-02  0.9268E-02  0.1654E-01  0.3271E-01  0.1368E-02  0.2707E-02  0.1064E-02  0.4363E-02  0.7963E-02  0.1709E-01  0.1282E-02  0.3408E-02  0.1319E-02  0.2683E-02
      6.554  0.6925E-02  0.2502E-01  0.1888E-01  0.4305E-01  0.5423E-02  0.9649E-02  0.1951E-01  0.3455E-01  0.1586E-02  0.2858E-02  0.1521E-02  0.4659E-02  0.8840E-02  0.1824E-01  0.1809E-02  0.3893E-02  0.1605E-02  0.3040E-02
      6.564  0.8579E-02  0.2351E-01  0.2255E-01  0.3785E-01  0.6169E-02  0.7386E-02  0.2189E-01  0.2706E-01  0.1875E-02  0.2278E-02  0.1977E-02  0.3572E-02  0.9825E-02  0.1707E-01  0.2549E-02  0.3589E-02  0.2090E-02  0.2862E-02
      6.574  0.9766E-02  0.2351E-01  0.1977E-01  0.3472E-01  0.4835E-02  0.6257E-02  0.2499E-01  0.2476E-01  0.1918E-02  0.2051E-02  0.2048E-02  0.2873E-02  0.9243E-02  0.1652E-01  0.2236E-02  0.3503E-02  0.2163E-02  0.2586E-02
      6.584  0.1090E-01  0.2283E-01  0.1878E-01  0.2813E-01  0.4518E-02  0.4718E-02  0.2893E-01  0.2139E-01  0.1993E-02  0.1719E-02  0.1970E-02  0.2410E-02  0.8579E-02  0.1561E-01  0.1953E-02  0.2575E-02  0.2381E-02  0.1862E-02
      6.594  0.1242E-01  0.1829E-01  0.1859E-01  0.2236E-01  0.4815E-02  0.3846E-02  0.3199E-01  0.2159E-01  0.2062E-02  0.1548E-02  0.1793E-02  0.1658E-02  0.8726E-02  0.1456E-01  0.1974E-02  0.2066E-02  0.2566E-02  0.1579E-02
      6.604  0.1193E-01  0.1416E-01  0.1691E-01  0.2368E-01  0.4707E-02  0.3942E-02  0.2879E-01  0.2573E-01  0.2075E-02  0.1589E-02  0.1549E-02  0.1650E-02  0.8189E-02  0.1239E-01  0.1837E-02  0.2226E-02  0.2390E-02  0.1581E-02
      6.614  0.1170E-01  0.1455E-01  0.1577E-01  0.2734E-01  0.4624E-02  0.4950E-02  0.2575E-01  0.3024E-01  0.2089E-02  0.1765E-02  0.1374E-02  0.2193E-02  0.8012E-02  0.1311E-01  0.1746E-02  0.2665E-02  0.2219E-02  0.1904E-02
      6.624  0.1120E-01  0.1194E-01  0.1408E-01  0.2806E-01  0.4478E-02  0.5895E-02  0.2335E-01  0.3614E-01  0.2019E-02  0.2052E-02  0.1232E-02  0.2697E-02  0.7420E-02  0.1231E-01  0.1614E-02  0.3112E-02  0.2037E-02  0.2149E-02
      6.634  0.9763E-02  0.1169E-01  0.1177E-01  0.2535E-01  0.3924E-02  0.5699E-02  0.1982E-01  0.3805E-01  0.1770E-02  0.1805E-02  0.1064E-02  0.2366E-02  0.6643E-02  0.1079E-01  0.1434E-02  0.2830E-02  0.1801E-02  0.2168E-02
      6.644  0.6877E-02  0.9417E-02  0.8643E-02  0.2344E-01  0.2864E-02  0.4728E-02  0.1469E-01  0.3757E-01  0.1267E-02  0.1679E-02  0.8328E-03  0.2136E-02  0.5250E-02  0.1039E-01  0.1151E-02  0.2375E-02  0.1442E-02  0.1730E-02
      6.654  0.5266E-02  0.1150E-01  0.7033E-02  0.2533E-01  0.2413E-02  0.4867E-02  0.1184E-01  0.4575E-01  0.9944E-03  0.1724E-02  0.6516E-03  0.2186E-02  0.4226E-02  0.1245E-01  0.9575E-03  0.2326E-02  0.1160E-02  0.1717E-02
      6.664  0.4054E-02  0.8643E-02  0.5766E-02  0.2084E-01  0.2063E-02  0.4026E-02  0.9756E-02  0.3468E-01  0.8007E-03  0.1423E-02  0.5193E-03  0.1676E-02  0.3437E-02  0.8127E-02  0.7920E-03  0.1876E-02  0.9449E-03  0.1500E-02
      6.674  0.2415E-02  0.6709E-02  0.4141E-02  0.1525E-01  0.1653E-02  0.3283E-02  0.7303E-02  0.2568E-01  0.5959E-03  0.1114E-02  0.3868E-03  0.1230E-02  0.2591E-02  0.6483E-02  0.5417E-03  0.1430E-02  0.6617E-03  0.1210E-02
      6.684  0.1930E-02  0.5637E-02  0.3658E-02  0.1234E-01  0.1367E-02  0.2708E-02  0.5958E-02  0.2091E-01  0.5241E-03  0.8978E-03  0.3408E-03  0.9637E-03  0.2225E-02  0.5515E-02  0.4685E-03  0.1173E-02  0.5519E-03  0.1002E-02
      6.694  0.1503E-02  0.4714E-02  0.3157E-02  0.1007E-01  0.1097E-02  0.2278E-02  0.4722E-02  0.1705E-01  0.4438E-03  0.7636E-03  0.2922E-03  0.7611E-03  0.1900E-02  0.4713E-02  0.4053E-03  0.9921E-03  0.4425E-03  0.8216E-03
      6.704  0.1144E-02  0.3942E-02  0.2659E-02  0.8467E-02  0.8458E-03  0.1985E-02  0.3596E-02  0.1376E-01  0.3633E-03  0.6840E-03  0.2443E-03  0.6191E-03  0.1597E-02  0.3799E-02  0.3423E-03  0.8573E-03  0.3380E-03  0.7139E-03
      6.714  0.9516E-03  0.3164E-02  0.2221E-02  0.6870E-02  0.7132E-03  0.1690E-02  0.2969E-02  0.1058E-01  0.2860E-03  0.5986E-03  0.1992E-03  0.4768E-03  0.1368E-02  0.2875E-02  0.2869E-03  0.7237E-03  0.2689E-03  0.6036E-03
      6.724  0.7654E-03  0.2389E-02  0.1776E-02  0.5279E-02  0.5844E-03  0.1392E-02  0.2356E-02  0.7623E-02  0.2068E-03  0.5099E-03  0.1531E-03  0.3361E-03  0.1135E-02  0.1980E-02  0.2320E-03  0.5949E-03  0.2027E-03  0.4823E-03
      6.734  0.5857E-03  0.1556E-02  0.1321E-02  0.3441E-02  0.4596E-03  0.1050E-02  0.1760E-02  0.4645E-02  0.1256E-03  0.4112E-03  0.1061E-03  0.1794E-03  0.9001E-03  0.1004E-02  0.1776E-03  0.4611E-03  0.1397E-03  0.2955E-03
      6.744  0.4243E-03  0.1107E-02  0.9017E-03  0.2402E-02  0.3447E-03  0.7483E-03  0.1223E-02  0.2363E-02  0.5352E-04  0.3286E-03  0.6339E-04  0.7722E-04  0.6763E-03  0.4979E-03  0.1277E-03  0.3339E-03  0.8543E-04  0.1914E-03
      6.754  0.3302E-03  0.3911E-03  0.7106E-03  0.6936E-03  0.2649E-03  0.1994E-03  0.9361E-03  0.5961E-03  0.4137E-04  0.1122E-03  0.4890E-04  0.1566E-04  0.5296E-03  0.1562E-03  0.9979E-04  0.1059E-03  0.6439E-04  0.6916E-04
      6.764  0.2360E-03  0.0000E+00  0.5141E-03  0.0000E+00  0.1869E-03  0.0000E+00  0.6575E-03  0.0000E+00  0.2936E-04  0.0000E+00  0.3463E-04  0.0000E+00  0.3807E-03  0.0000E+00  0.7160E-04  0.0000E+00  0.4451E-04  0.0000E+00
      6.774  0.1415E-03  0.0000E+00  0.3121E-03  0.0000E+00  0.1107E-03  0.0000E+00  0.3875E-03  0.0000E+00  0.1749E-04  0.0000E+00  0.2059E-04  0.0000E+00  0.2297E-03  0.0000E+00  0.4312E-04  0.0000E+00  0.2580E-04  0.0000E+00
      6.784  0.4693E-04  0.0000E+00  0.1047E-03  0.0000E+00  0.3624E-04  0.0000E+00  0.1262E-03  0.0000E+00  0.5760E-05  0.0000E+00  0.6765E-05  0.0000E+00  0.7663E-04  0.0000E+00  0.1435E-04  0.0000E+00  0.8258E-05  0.0000E+00
      6.794  0.0000E+00  0.0000E+00  0.0000E+00  0.0000E+00  0.0000E+00  0.0000E+00  0.0000E+00  0.0000E+00  0.0000E+00  0.0000E+00  0.0000E+00  0.0000E+00  0.0000E+00  0.0000E+00  0.0000E+00  0.0000E+00  0.0000E+00  0.0000E+00
      6.804  0.0000E+00  0.0000E+00  0.0000E+00  0.0000E+00  0.0000E+00  0.0000E+00  0.0000E+00  0.0000E+00  0.0000E+00  0.0000E+00  0.0000E+00  0.0000E+00  0.0000E+00  0.0000E+00  0.0000E+00  0.0000E+00  0.0000E+00  0.0000E+00
      6.814  0.0000E+00  0.0000E+00  0.0000E+00  0.0000E+00  0.0000E+00  0.0000E+00  0.0000E+00  0.0000E+00  0.0000E+00  0.0000E+00  0.0000E+00  0.0000E+00  0.0000E+00  0.0000E+00  0.0000E+00  0.0000E+00  0.0000E+00  0.0000E+00
      6.824  0.0000E+00  0.0000E+00  0.0000E+00  0.0000E+00  0.0000E+00  0.0000E+00  0.0000E+00  0.0000E+00  0.0000E+00  0.0000E+00  0.0000E+00  0.0000E+00  0.0000E+00  0.0000E+00  0.0000E+00  0.0000E+00  0.0000E+00  0.0000E+00
      6.834  0.0000E+00  0.0000E+00  0.0000E+00  0.0000E+00  0.0000E+00  0.0000E+00  0.0000E+00  0.0000E+00  0.0000E+00  0.0000E+00  0.0000E+00  0.0000E+00  0.0000E+00  0.0000E+00  0.0000E+00  0.0000E+00  0.0000E+00  0.0000E+00
      6.844  0.0000E+00  0.0000E+00  0.0000E+00  0.0000E+00  0.0000E+00  0.0000E+00  0.0000E+00  0.0000E+00  0.0000E+00  0.0000E+00  0.0000E+00  0.0000E+00  0.0000E+00  0.0000E+00  0.0000E+00  0.0000E+00  0.0000E+00  0.0000E+00
      6.854  0.0000E+00  0.0000E+00  0.0000E+00  0.0000E+00  0.0000E+00  0.0000E+00  0.0000E+00  0.0000E+00  0.0000E+00  0.0000E+00  0.0000E+00  0.0000E+00  0.0000E+00  0.0000E+00  0.0000E+00  0.0000E+00  0.0000E+00  0.0000E+00
      6.864  0.0000E+00  0.0000E+00  0.0000E+00  0.0000E+00  0.0000E+00  0.0000E+00  0.0000E+00  0.0000E+00  0.0000E+00  0.0000E+00  0.0000E+00  0.0000E+00  0.0000E+00  0.0000E+00  0.0000E+00  0.0000E+00  0.0000E+00  0.0000E+00
      6.874  0.0000E+00  0.0000E+00  0.0000E+00  0.0000E+00  0.0000E+00  0.0000E+00  0.0000E+00  0.0000E+00  0.0000E+00  0.0000E+00  0.0000E+00  0.0000E+00  0.0000E+00  0.0000E+00  0.0000E+00  0.0000E+00  0.0000E+00  0.0000E+00
      6.884  0.0000E+00  0.0000E+00  0.0000E+00  0.0000E+00  0.0000E+00  0.0000E+00  0.0000E+00  0.0000E+00  0.0000E+00  0.0000E+00  0.0000E+00  0.0000E+00  0.0000E+00  0.0000E+00  0.0000E+00  0.0000E+00  0.0000E+00  0.0000E+00
      6.894  0.0000E+00  0.0000E+00  0.0000E+00  0.0000E+00  0.0000E+00  0.0000E+00  0.0000E+00  0.0000E+00  0.0000E+00  0.0000E+00  0.0000E+00  0.0000E+00  0.0000E+00  0.0000E+00  0.0000E+00  0.0000E+00  0.0000E+00  0.0000E+00
      6.904  0.0000E+00  0.0000E+00  0.0000E+00  0.0000E+00  0.0000E+00  0.0000E+00  0.0000E+00  0.0000E+00  0.0000E+00  0.0000E+00  0.0000E+00  0.0000E+00  0.0000E+00  0.0000E+00  0.0000E+00  0.0000E+00  0.0000E+00  0.0000E+00
      6.914  0.0000E+00  0.0000E+00  0.0000E+00  0.0000E+00  0.0000E+00  0.0000E+00  0.0000E+00  0.0000E+00  0.0000E+00  0.0000E+00  0.0000E+00  0.0000E+00  0.0000E+00  0.0000E+00  0.0000E+00  0.0000E+00  0.0000E+00  0.0000E+00
      6.924  0.0000E+00  0.0000E+00  0.0000E+00  0.0000E+00  0.0000E+00  0.0000E+00  0.0000E+00  0.0000E+00  0.0000E+00  0.0000E+00  0.0000E+00  0.0000E+00  0.0000E+00  0.0000E+00  0.0000E+00  0.0000E+00  0.0000E+00  0.0000E+00
      6.934  0.0000E+00  0.0000E+00  0.0000E+00  0.0000E+00  0.0000E+00  0.0000E+00  0.0000E+00  0.0000E+00  0.0000E+00  0.0000E+00  0.0000E+00  0.0000E+00  0.0000E+00  0.0000E+00  0.0000E+00  0.0000E+00  0.0000E+00  0.0000E+00
      6.944  0.0000E+00  0.0000E+00  0.0000E+00  0.0000E+00  0.0000E+00  0.0000E+00  0.0000E+00  0.0000E+00  0.0000E+00  0.0000E+00  0.0000E+00  0.0000E+00  0.0000E+00  0.0000E+00  0.0000E+00  0.0000E+00  0.0000E+00  0.0000E+00
      6.954  0.0000E+00  0.0000E+00  0.0000E+00  0.0000E+00  0.0000E+00  0.0000E+00  0.0000E+00  0.0000E+00  0.0000E+00  0.0000E+00  0.0000E+00  0.0000E+00  0.0000E+00  0.0000E+00  0.0000E+00  0.0000E+00  0.0000E+00  0.0000E+00
      6.964  0.0000E+00  0.0000E+00  0.0000E+00  0.0000E+00  0.0000E+00  0.0000E+00  0.0000E+00  0.0000E+00  0.0000E+00  0.0000E+00  0.0000E+00  0.0000E+00  0.0000E+00  0.0000E+00  0.0000E+00  0.0000E+00  0.0000E+00  0.0000E+00
      6.974  0.0000E+00  0.0000E+00  0.0000E+00  0.0000E+00  0.0000E+00  0.0000E+00  0.0000E+00  0.0000E+00  0.0000E+00  0.0000E+00  0.0000E+00  0.0000E+00  0.0000E+00  0.0000E+00  0.0000E+00  0.0000E+00  0.0000E+00  0.0000E+00
      6.984  0.0000E+00  0.0000E+00  0.0000E+00  0.0000E+00  0.0000E+00  0.0000E+00  0.0000E+00  0.0000E+00  0.0000E+00  0.0000E+00  0.0000E+00  0.0000E+00  0.0000E+00  0.0000E+00  0.0000E+00  0.0000E+00  0.0000E+00  0.0000E+00
      6.994  0.0000E+00  0.0000E+00  0.0000E+00  0.0000E+00  0.0000E+00  0.0000E+00  0.0000E+00  0.0000E+00  0.0000E+00  0.0000E+00  0.0000E+00  0.0000E+00  0.0000E+00  0.0000E+00  0.0000E+00  0.0000E+00  0.0000E+00  0.0000E+00
      7.004  0.0000E+00  0.0000E+00  0.0000E+00  0.0000E+00  0.0000E+00  0.0000E+00  0.0000E+00  0.0000E+00  0.0000E+00  0.0000E+00  0.0000E+00  0.0000E+00  0.0000E+00  0.0000E+00  0.0000E+00  0.0000E+00  0.0000E+00  0.0000E+00
      7.014  0.0000E+00  0.0000E+00  0.0000E+00  0.0000E+00  0.0000E+00  0.0000E+00  0.0000E+00  0.0000E+00  0.0000E+00  0.0000E+00  0.0000E+00  0.0000E+00  0.0000E+00  0.0000E+00  0.0000E+00  0.0000E+00  0.0000E+00  0.0000E+00
      7.024  0.0000E+00  0.0000E+00  0.0000E+00  0.0000E+00  0.0000E+00  0.0000E+00  0.0000E+00  0.0000E+00  0.0000E+00  0.0000E+00  0.0000E+00  0.0000E+00  0.0000E+00  0.0000E+00  0.0000E+00  0.0000E+00  0.0000E+00  0.0000E+00
      7.034  0.0000E+00  0.0000E+00  0.0000E+00  0.0000E+00  0.0000E+00  0.0000E+00  0.0000E+00  0.0000E+00  0.0000E+00  0.0000E+00  0.0000E+00  0.0000E+00  0.0000E+00  0.0000E+00  0.0000E+00  0.0000E+00  0.0000E+00  0.0000E+00
      7.044  0.0000E+00  0.0000E+00  0.0000E+00  0.0000E+00  0.0000E+00  0.0000E+00  0.0000E+00  0.0000E+00  0.0000E+00  0.0000E+00  0.0000E+00  0.0000E+00  0.0000E+00  0.0000E+00  0.0000E+00  0.0000E+00  0.0000E+00  0.0000E+00
      7.054  0.0000E+00  0.0000E+00  0.0000E+00  0.0000E+00  0.0000E+00  0.0000E+00  0.0000E+00  0.0000E+00  0.0000E+00  0.0000E+00  0.0000E+00  0.0000E+00  0.0000E+00  0.0000E+00  0.0000E+00  0.0000E+00  0.0000E+00  0.0000E+00
      7.064  0.0000E+00  0.0000E+00  0.0000E+00  0.0000E+00  0.0000E+00  0.0000E+00  0.0000E+00  0.0000E+00  0.0000E+00  0.0000E+00  0.0000E+00  0.0000E+00  0.0000E+00  0.0000E+00  0.0000E+00  0.0000E+00  0.0000E+00  0.0000E+00
      7.074  0.0000E+00  0.0000E+00  0.0000E+00  0.0000E+00  0.0000E+00  0.0000E+00  0.0000E+00  0.0000E+00  0.0000E+00  0.0000E+00  0.0000E+00  0.0000E+00  0.0000E+00  0.0000E+00  0.0000E+00  0.0000E+00  0.0000E+00  0.0000E+00
      7.084  0.0000E+00  0.0000E+00  0.0000E+00  0.0000E+00  0.0000E+00  0.0000E+00  0.0000E+00  0.0000E+00  0.0000E+00  0.0000E+00  0.0000E+00  0.0000E+00  0.0000E+00  0.0000E+00  0.0000E+00  0.0000E+00  0.0000E+00  0.0000E+00
      7.094  0.0000E+00  0.0000E+00  0.0000E+00  0.0000E+00  0.0000E+00  0.0000E+00  0.0000E+00  0.0000E+00  0.0000E+00  0.0000E+00  0.0000E+00  0.0000E+00  0.0000E+00  0.0000E+00  0.0000E+00  0.0000E+00  0.0000E+00  0.0000E+00
      7.104  0.0000E+00  0.0000E+00  0.0000E+00  0.0000E+00  0.0000E+00  0.0000E+00  0.0000E+00  0.0000E+00  0.0000E+00  0.0000E+00  0.0000E+00  0.0000E+00  0.0000E+00  0.0000E+00  0.0000E+00  0.0000E+00  0.0000E+00  0.0000E+00
      7.114  0.0000E+00  0.0000E+00  0.0000E+00  0.0000E+00  0.0000E+00  0.0000E+00  0.0000E+00  0.0000E+00  0.0000E+00  0.0000E+00  0.0000E+00  0.0000E+00  0.0000E+00  0.0000E+00  0.0000E+00  0.0000E+00  0.0000E+00  0.0000E+00
      7.124  0.0000E+00  0.0000E+00  0.0000E+00  0.0000E+00  0.0000E+00  0.0000E+00  0.0000E+00  0.0000E+00  0.0000E+00  0.0000E+00  0.0000E+00  0.0000E+00  0.0000E+00  0.0000E+00  0.0000E+00  0.0000E+00  0.0000E+00  0.0000E+00
      7.134  0.0000E+00  0.0000E+00  0.0000E+00  0.0000E+00  0.0000E+00  0.0000E+00  0.0000E+00  0.0000E+00  0.0000E+00  0.0000E+00  0.0000E+00  0.0000E+00  0.0000E+00  0.0000E+00  0.0000E+00  0.0000E+00  0.0000E+00  0.0000E+00
      7.144  0.0000E+00  0.0000E+00  0.0000E+00  0.0000E+00  0.0000E+00  0.0000E+00  0.0000E+00  0.0000E+00  0.0000E+00  0.0000E+00  0.0000E+00  0.0000E+00  0.0000E+00  0.0000E+00  0.0000E+00  0.0000E+00  0.0000E+00  0.0000E+00
      7.154  0.0000E+00  0.0000E+00  0.0000E+00  0.0000E+00  0.0000E+00  0.0000E+00  0.0000E+00  0.0000E+00  0.0000E+00  0.0000E+00  0.0000E+00  0.0000E+00  0.0000E+00  0.0000E+00  0.0000E+00  0.0000E+00  0.0000E+00  0.0000E+00
      7.164  0.0000E+00  0.0000E+00  0.0000E+00  0.0000E+00  0.0000E+00  0.0000E+00  0.0000E+00  0.0000E+00  0.0000E+00  0.0000E+00  0.0000E+00  0.0000E+00  0.0000E+00  0.0000E+00  0.0000E+00  0.0000E+00  0.0000E+00  0.0000E+00
      7.174  0.0000E+00  0.0000E+00  0.0000E+00  0.0000E+00  0.0000E+00  0.0000E+00  0.0000E+00  0.0000E+00  0.0000E+00  0.0000E+00  0.0000E+00  0.0000E+00  0.0000E+00  0.0000E+00  0.0000E+00  0.0000E+00  0.0000E+00  0.0000E+00
      7.184  0.0000E+00  0.0000E+00  0.0000E+00  0.0000E+00  0.0000E+00  0.0000E+00  0.0000E+00  0.0000E+00  0.0000E+00  0.0000E+00  0.0000E+00  0.0000E+00  0.0000E+00  0.0000E+00  0.0000E+00  0.0000E+00  0.0000E+00  0.0000E+00
      7.194  0.0000E+00  0.0000E+00  0.0000E+00  0.0000E+00  0.0000E+00  0.0000E+00  0.0000E+00  0.0000E+00  0.0000E+00  0.0000E+00  0.0000E+00  0.0000E+00  0.0000E+00  0.0000E+00  0.0000E+00  0.0000E+00  0.0000E+00  0.0000E+00
      7.204  0.0000E+00  0.0000E+00  0.0000E+00  0.0000E+00  0.0000E+00  0.0000E+00  0.0000E+00  0.0000E+00  0.0000E+00  0.0000E+00  0.0000E+00  0.0000E+00  0.0000E+00  0.0000E+00  0.0000E+00  0.0000E+00  0.0000E+00  0.0000E+00
      7.214  0.0000E+00  0.0000E+00  0.0000E+00  0.0000E+00  0.0000E+00  0.0000E+00  0.0000E+00  0.0000E+00  0.0000E+00  0.0000E+00  0.0000E+00  0.0000E+00  0.0000E+00  0.0000E+00  0.0000E+00  0.0000E+00  0.0000E+00  0.0000E+00
      7.224  0.0000E+00  0.0000E+00  0.0000E+00  0.0000E+00  0.0000E+00  0.0000E+00  0.0000E+00  0.0000E+00  0.0000E+00  0.0000E+00  0.0000E+00  0.0000E+00  0.0000E+00  0.0000E+00  0.0000E+00  0.0000E+00  0.0000E+00  0.0000E+00
      7.234  0.0000E+00  0.0000E+00  0.0000E+00  0.0000E+00  0.0000E+00  0.0000E+00  0.0000E+00  0.0000E+00  0.0000E+00  0.0000E+00  0.0000E+00  0.0000E+00  0.0000E+00  0.0000E+00  0.0000E+00  0.0000E+00  0.0000E+00  0.0000E+00
      7.244  0.0000E+00  0.0000E+00  0.0000E+00  0.0000E+00  0.0000E+00  0.0000E+00  0.0000E+00  0.0000E+00  0.0000E+00  0.0000E+00  0.0000E+00  0.0000E+00  0.0000E+00  0.0000E+00  0.0000E+00  0.0000E+00  0.0000E+00  0.0000E+00
      7.254  0.0000E+00  0.0000E+00  0.0000E+00  0.0000E+00  0.0000E+00  0.0000E+00  0.0000E+00  0.0000E+00  0.0000E+00  0.0000E+00  0.0000E+00  0.0000E+00  0.0000E+00  0.0000E+00  0.0000E+00  0.0000E+00  0.0000E+00  0.0000E+00
      7.264  0.0000E+00  0.0000E+00  0.0000E+00  0.0000E+00  0.0000E+00  0.0000E+00  0.0000E+00  0.0000E+00  0.0000E+00  0.0000E+00  0.0000E+00  0.0000E+00  0.0000E+00  0.0000E+00  0.0000E+00  0.0000E+00  0.0000E+00  0.0000E+00
      7.274  0.0000E+00  0.0000E+00  0.0000E+00  0.0000E+00  0.0000E+00  0.0000E+00  0.0000E+00  0.0000E+00  0.0000E+00  0.0000E+00  0.0000E+00  0.0000E+00  0.0000E+00  0.0000E+00  0.0000E+00  0.0000E+00  0.0000E+00  0.0000E+00
      7.284  0.0000E+00  0.0000E+00  0.0000E+00  0.0000E+00  0.0000E+00  0.0000E+00  0.0000E+00  0.0000E+00  0.0000E+00  0.0000E+00  0.0000E+00  0.0000E+00  0.0000E+00  0.0000E+00  0.0000E+00  0.0000E+00  0.0000E+00  0.0000E+00
      7.294  0.0000E+00  0.0000E+00  0.0000E+00  0.0000E+00  0.0000E+00  0.0000E+00  0.0000E+00  0.0000E+00  0.0000E+00  0.0000E+00  0.0000E+00  0.0000E+00  0.0000E+00  0.0000E+00  0.0000E+00  0.0000E+00  0.0000E+00  0.0000E+00
      7.304  0.0000E+00  0.0000E+00  0.0000E+00  0.0000E+00  0.0000E+00  0.0000E+00  0.0000E+00  0.0000E+00  0.0000E+00  0.0000E+00  0.0000E+00  0.0000E+00  0.0000E+00  0.0000E+00  0.0000E+00  0.0000E+00  0.0000E+00  0.0000E+00
      7.314  0.0000E+00  0.0000E+00  0.0000E+00  0.0000E+00  0.0000E+00  0.0000E+00  0.0000E+00  0.0000E+00  0.0000E+00  0.0000E+00  0.0000E+00  0.0000E+00  0.0000E+00  0.0000E+00  0.0000E+00  0.0000E+00  0.0000E+00  0.0000E+00
      7.324  0.0000E+00  0.0000E+00  0.0000E+00  0.0000E+00  0.0000E+00  0.0000E+00  0.0000E+00  0.0000E+00  0.0000E+00  0.0000E+00  0.0000E+00  0.0000E+00  0.0000E+00  0.0000E+00  0.0000E+00  0.0000E+00  0.0000E+00  0.0000E+00
      7.334  0.0000E+00  0.0000E+00  0.0000E+00  0.0000E+00  0.0000E+00  0.0000E+00  0.0000E+00  0.0000E+00  0.0000E+00  0.0000E+00  0.0000E+00  0.0000E+00  0.0000E+00  0.0000E+00  0.0000E+00  0.0000E+00  0.0000E+00  0.0000E+00
      7.344  0.0000E+00  0.0000E+00  0.0000E+00  0.0000E+00  0.0000E+00  0.0000E+00  0.0000E+00  0.0000E+00  0.0000E+00  0.0000E+00  0.0000E+00  0.0000E+00  0.0000E+00  0.0000E+00  0.0000E+00  0.0000E+00  0.0000E+00  0.0000E+00
      7.354  0.0000E+00  0.0000E+00  0.0000E+00  0.0000E+00  0.0000E+00  0.0000E+00  0.0000E+00  0.0000E+00  0.0000E+00  0.0000E+00  0.0000E+00  0.0000E+00  0.0000E+00  0.0000E+00  0.0000E+00  0.0000E+00  0.0000E+00  0.0000E+00
      7.364  0.0000E+00  0.0000E+00  0.0000E+00  0.0000E+00  0.0000E+00  0.0000E+00  0.0000E+00  0.0000E+00  0.0000E+00  0.0000E+00  0.0000E+00  0.0000E+00  0.0000E+00  0.0000E+00  0.0000E+00  0.0000E+00  0.0000E+00  0.0000E+00
      7.374  0.0000E+00  0.0000E+00  0.0000E+00  0.0000E+00  0.0000E+00  0.0000E+00  0.0000E+00  0.0000E+00  0.0000E+00  0.0000E+00  0.0000E+00  0.0000E+00  0.0000E+00  0.0000E+00  0.0000E+00  0.0000E+00  0.0000E+00  0.0000E+00
      7.384  0.0000E+00  0.0000E+00  0.0000E+00  0.0000E+00  0.0000E+00  0.0000E+00  0.0000E+00  0.0000E+00  0.0000E+00  0.0000E+00  0.0000E+00  0.0000E+00  0.0000E+00  0.0000E+00  0.0000E+00  0.0000E+00  0.0000E+00  0.0000E+00
      7.394  0.0000E+00  0.0000E+00  0.0000E+00  0.0000E+00  0.0000E+00  0.0000E+00  0.0000E+00  0.0000E+00  0.0000E+00  0.0000E+00  0.0000E+00  0.0000E+00  0.0000E+00  0.0000E+00  0.0000E+00  0.0000E+00  0.0000E+00  0.0000E+00
      7.404  0.0000E+00  0.0000E+00  0.0000E+00  0.0000E+00  0.0000E+00  0.0000E+00  0.0000E+00  0.0000E+00  0.0000E+00  0.0000E+00  0.0000E+00  0.0000E+00  0.0000E+00  0.0000E+00  0.0000E+00  0.0000E+00  0.0000E+00  0.0000E+00
      7.414  0.0000E+00  0.0000E+00  0.0000E+00  0.0000E+00  0.0000E+00  0.0000E+00  0.0000E+00  0.0000E+00  0.0000E+00  0.0000E+00  0.0000E+00  0.0000E+00  0.0000E+00  0.0000E+00  0.0000E+00  0.0000E+00  0.0000E+00  0.0000E+00
      7.424  0.0000E+00  0.0000E+00  0.0000E+00  0.0000E+00  0.0000E+00  0.0000E+00  0.0000E+00  0.0000E+00  0.0000E+00  0.0000E+00  0.0000E+00  0.0000E+00  0.0000E+00  0.0000E+00  0.0000E+00  0.0000E+00  0.0000E+00  0.0000E+00
      7.434  0.0000E+00  0.0000E+00  0.0000E+00  0.0000E+00  0.0000E+00  0.0000E+00  0.0000E+00  0.0000E+00  0.0000E+00  0.0000E+00  0.0000E+00  0.0000E+00  0.0000E+00  0.0000E+00  0.0000E+00  0.0000E+00  0.0000E+00  0.0000E+00
      7.444  0.0000E+00  0.0000E+00  0.0000E+00  0.0000E+00  0.0000E+00  0.0000E+00  0.0000E+00  0.0000E+00  0.0000E+00  0.0000E+00  0.0000E+00  0.0000E+00  0.0000E+00  0.0000E+00  0.0000E+00  0.0000E+00  0.0000E+00  0.0000E+00
      7.454  0.0000E+00  0.0000E+00  0.0000E+00  0.0000E+00  0.0000E+00  0.0000E+00  0.0000E+00  0.0000E+00  0.0000E+00  0.0000E+00  0.0000E+00  0.0000E+00  0.0000E+00  0.0000E+00  0.0000E+00  0.0000E+00  0.0000E+00  0.0000E+00
      7.464  0.0000E+00  0.0000E+00  0.0000E+00  0.0000E+00  0.0000E+00  0.0000E+00  0.0000E+00  0.0000E+00  0.0000E+00  0.0000E+00  0.0000E+00  0.0000E+00  0.0000E+00  0.0000E+00  0.0000E+00  0.0000E+00  0.0000E+00  0.0000E+00
      7.474  0.0000E+00  0.0000E+00  0.0000E+00  0.0000E+00  0.0000E+00  0.0000E+00  0.0000E+00  0.0000E+00  0.0000E+00  0.0000E+00  0.0000E+00  0.0000E+00  0.0000E+00  0.0000E+00  0.0000E+00  0.0000E+00  0.0000E+00  0.0000E+00
      7.484  0.0000E+00  0.0000E+00  0.0000E+00  0.0000E+00  0.0000E+00  0.0000E+00  0.0000E+00  0.0000E+00  0.0000E+00  0.0000E+00  0.0000E+00  0.0000E+00  0.0000E+00  0.0000E+00  0.0000E+00  0.0000E+00  0.0000E+00  0.0000E+00
      7.494  0.0000E+00  0.0000E+00  0.0000E+00  0.0000E+00  0.0000E+00  0.0000E+00  0.0000E+00  0.0000E+00  0.0000E+00  0.0000E+00  0.0000E+00  0.0000E+00  0.0000E+00  0.0000E+00  0.0000E+00  0.0000E+00  0.0000E+00  0.0000E+00
      7.504  0.0000E+00  0.0000E+00  0.0000E+00  0.0000E+00  0.0000E+00  0.0000E+00  0.0000E+00  0.0000E+00  0.0000E+00  0.0000E+00  0.0000E+00  0.0000E+00  0.0000E+00  0.0000E+00  0.0000E+00  0.0000E+00  0.0000E+00  0.0000E+00
      7.514  0.0000E+00  0.0000E+00  0.0000E+00  0.0000E+00  0.0000E+00  0.0000E+00  0.0000E+00  0.0000E+00  0.0000E+00  0.0000E+00  0.0000E+00  0.0000E+00  0.0000E+00  0.0000E+00  0.0000E+00  0.0000E+00  0.0000E+00  0.0000E+00
      7.524  0.0000E+00  0.0000E+00  0.0000E+00  0.0000E+00  0.0000E+00  0.0000E+00  0.0000E+00  0.0000E+00  0.0000E+00  0.0000E+00  0.0000E+00  0.0000E+00  0.0000E+00  0.0000E+00  0.0000E+00  0.0000E+00  0.0000E+00  0.0000E+00
      7.534  0.0000E+00  0.0000E+00  0.0000E+00  0.0000E+00  0.0000E+00  0.0000E+00  0.0000E+00  0.0000E+00  0.0000E+00  0.0000E+00  0.0000E+00  0.0000E+00  0.0000E+00  0.0000E+00  0.0000E+00  0.0000E+00  0.0000E+00  0.0000E+00
      7.544  0.0000E+00  0.0000E+00  0.0000E+00  0.0000E+00  0.0000E+00  0.0000E+00  0.0000E+00  0.0000E+00  0.0000E+00  0.0000E+00  0.0000E+00  0.0000E+00  0.0000E+00  0.0000E+00  0.0000E+00  0.0000E+00  0.0000E+00  0.0000E+00
      7.554  0.0000E+00  0.0000E+00  0.0000E+00  0.0000E+00  0.0000E+00  0.0000E+00  0.0000E+00  0.0000E+00  0.0000E+00  0.0000E+00  0.0000E+00  0.0000E+00  0.0000E+00  0.0000E+00  0.0000E+00  0.0000E+00  0.0000E+00  0.0000E+00
      7.564  0.0000E+00  0.0000E+00  0.0000E+00  0.0000E+00  0.0000E+00  0.0000E+00  0.0000E+00  0.0000E+00  0.0000E+00  0.0000E+00  0.0000E+00  0.0000E+00  0.0000E+00  0.0000E+00  0.0000E+00  0.0000E+00  0.0000E+00  0.0000E+00
      7.574  0.0000E+00  0.0000E+00  0.0000E+00  0.0000E+00  0.0000E+00  0.0000E+00  0.0000E+00  0.0000E+00  0.0000E+00  0.0000E+00  0.0000E+00  0.0000E+00  0.0000E+00  0.0000E+00  0.0000E+00  0.0000E+00  0.0000E+00  0.0000E+00
      7.584  0.0000E+00  0.0000E+00  0.0000E+00  0.0000E+00  0.0000E+00  0.0000E+00  0.0000E+00  0.0000E+00  0.0000E+00  0.0000E+00  0.0000E+00  0.0000E+00  0.0000E+00  0.0000E+00  0.0000E+00  0.0000E+00  0.0000E+00  0.0000E+00
      7.594  0.0000E+00  0.0000E+00  0.0000E+00  0.0000E+00  0.0000E+00  0.0000E+00  0.0000E+00  0.0000E+00  0.0000E+00  0.0000E+00  0.0000E+00  0.0000E+00  0.0000E+00  0.0000E+00  0.0000E+00  0.0000E+00  0.0000E+00  0.0000E+00
      7.604  0.0000E+00  0.0000E+00  0.0000E+00  0.0000E+00  0.0000E+00  0.0000E+00  0.0000E+00  0.0000E+00  0.0000E+00  0.0000E+00  0.0000E+00  0.0000E+00  0.0000E+00  0.0000E+00  0.0000E+00  0.0000E+00  0.0000E+00  0.0000E+00
      7.614  0.0000E+00  0.0000E+00  0.0000E+00  0.0000E+00  0.0000E+00  0.0000E+00  0.0000E+00  0.0000E+00  0.0000E+00  0.0000E+00  0.0000E+00  0.0000E+00  0.0000E+00  0.0000E+00  0.0000E+00  0.0000E+00  0.0000E+00  0.0000E+00
      7.624  0.0000E+00  0.0000E+00  0.0000E+00  0.0000E+00  0.0000E+00  0.0000E+00  0.0000E+00  0.0000E+00  0.0000E+00  0.0000E+00  0.0000E+00  0.0000E+00  0.0000E+00  0.0000E+00  0.0000E+00  0.0000E+00  0.0000E+00  0.0000E+00
      7.634  0.0000E+00  0.0000E+00  0.0000E+00  0.0000E+00  0.0000E+00  0.0000E+00  0.0000E+00  0.0000E+00  0.0000E+00  0.0000E+00  0.0000E+00  0.0000E+00  0.0000E+00  0.0000E+00  0.0000E+00  0.0000E+00  0.0000E+00  0.0000E+00
      7.644  0.0000E+00  0.0000E+00  0.0000E+00  0.0000E+00  0.0000E+00  0.0000E+00  0.0000E+00  0.0000E+00  0.0000E+00  0.0000E+00  0.0000E+00  0.0000E+00  0.0000E+00  0.0000E+00  0.0000E+00  0.0000E+00  0.0000E+00  0.0000E+00
      7.654  0.0000E+00  0.0000E+00  0.0000E+00  0.0000E+00  0.0000E+00  0.0000E+00  0.0000E+00  0.0000E+00  0.0000E+00  0.0000E+00  0.0000E+00  0.0000E+00  0.0000E+00  0.0000E+00  0.0000E+00  0.0000E+00  0.0000E+00  0.0000E+00
      7.664  0.0000E+00  0.0000E+00  0.0000E+00  0.0000E+00  0.0000E+00  0.0000E+00  0.0000E+00  0.0000E+00  0.0000E+00  0.0000E+00  0.0000E+00  0.0000E+00  0.0000E+00  0.0000E+00  0.0000E+00  0.0000E+00  0.0000E+00  0.0000E+00
      7.674  0.0000E+00  0.0000E+00  0.0000E+00  0.0000E+00  0.0000E+00  0.0000E+00  0.0000E+00  0.0000E+00  0.0000E+00  0.0000E+00  0.0000E+00  0.0000E+00  0.0000E+00  0.0000E+00  0.0000E+00  0.0000E+00  0.0000E+00  0.0000E+00
      7.684  0.0000E+00  0.0000E+00  0.0000E+00  0.0000E+00  0.0000E+00  0.0000E+00  0.0000E+00  0.0000E+00  0.0000E+00  0.0000E+00  0.0000E+00  0.0000E+00  0.0000E+00  0.0000E+00  0.0000E+00  0.0000E+00  0.0000E+00  0.0000E+00
      7.694  0.0000E+00  0.0000E+00  0.0000E+00  0.0000E+00  0.0000E+00  0.0000E+00  0.0000E+00  0.0000E+00  0.0000E+00  0.0000E+00  0.0000E+00  0.0000E+00  0.0000E+00  0.0000E+00  0.0000E+00  0.0000E+00  0.0000E+00  0.0000E+00
      7.704  0.0000E+00  0.0000E+00  0.0000E+00  0.0000E+00  0.0000E+00  0.0000E+00  0.0000E+00  0.0000E+00  0.0000E+00  0.0000E+00  0.0000E+00  0.0000E+00  0.0000E+00  0.0000E+00  0.0000E+00  0.0000E+00  0.0000E+00  0.0000E+00
      7.714  0.0000E+00  0.0000E+00  0.0000E+00  0.0000E+00  0.0000E+00  0.0000E+00  0.0000E+00  0.0000E+00  0.0000E+00  0.0000E+00  0.0000E+00  0.0000E+00  0.0000E+00  0.0000E+00  0.0000E+00  0.0000E+00  0.0000E+00  0.0000E+00
      7.724  0.0000E+00  0.0000E+00  0.0000E+00  0.0000E+00  0.0000E+00  0.0000E+00  0.0000E+00  0.0000E+00  0.0000E+00  0.0000E+00  0.0000E+00  0.0000E+00  0.0000E+00  0.0000E+00  0.0000E+00  0.0000E+00  0.0000E+00  0.0000E+00
      7.734  0.0000E+00  0.0000E+00  0.0000E+00  0.0000E+00  0.0000E+00  0.0000E+00  0.0000E+00  0.0000E+00  0.0000E+00  0.0000E+00  0.0000E+00  0.0000E+00  0.0000E+00  0.0000E+00  0.0000E+00  0.0000E+00  0.0000E+00  0.0000E+00
      7.744  0.0000E+00  0.0000E+00  0.0000E+00  0.0000E+00  0.0000E+00  0.0000E+00  0.0000E+00  0.0000E+00  0.0000E+00  0.0000E+00  0.0000E+00  0.0000E+00  0.0000E+00  0.0000E+00  0.0000E+00  0.0000E+00  0.0000E+00  0.0000E+00
      7.754  0.0000E+00  0.0000E+00  0.0000E+00  0.0000E+00  0.0000E+00  0.0000E+00  0.0000E+00  0.0000E+00  0.0000E+00  0.0000E+00  0.0000E+00  0.0000E+00  0.0000E+00  0.0000E+00  0.0000E+00  0.0000E+00  0.0000E+00  0.0000E+00
      7.764  0.0000E+00  0.0000E+00  0.0000E+00  0.0000E+00  0.0000E+00  0.0000E+00  0.0000E+00  0.0000E+00  0.0000E+00  0.0000E+00  0.0000E+00  0.0000E+00  0.0000E+00  0.0000E+00  0.0000E+00  0.0000E+00  0.0000E+00  0.0000E+00
      7.774  0.0000E+00  0.0000E+00  0.0000E+00  0.0000E+00  0.0000E+00  0.0000E+00  0.0000E+00  0.0000E+00  0.0000E+00  0.0000E+00  0.0000E+00  0.0000E+00  0.0000E+00  0.0000E+00  0.0000E+00  0.0000E+00  0.0000E+00  0.0000E+00
      7.784  0.0000E+00  0.0000E+00  0.0000E+00  0.0000E+00  0.0000E+00  0.0000E+00  0.0000E+00  0.0000E+00  0.0000E+00  0.0000E+00  0.0000E+00  0.0000E+00  0.0000E+00  0.0000E+00  0.0000E+00  0.0000E+00  0.0000E+00  0.0000E+00
      7.794  0.0000E+00  0.0000E+00  0.0000E+00  0.0000E+00  0.0000E+00  0.0000E+00  0.0000E+00  0.0000E+00  0.0000E+00  0.0000E+00  0.0000E+00  0.0000E+00  0.0000E+00  0.0000E+00  0.0000E+00  0.0000E+00  0.0000E+00  0.0000E+00
      7.804  0.0000E+00  0.0000E+00  0.0000E+00  0.0000E+00  0.0000E+00  0.0000E+00  0.0000E+00  0.0000E+00  0.0000E+00  0.0000E+00  0.0000E+00  0.0000E+00  0.0000E+00  0.0000E+00  0.0000E+00  0.0000E+00  0.0000E+00  0.0000E+00
      7.814  0.0000E+00  0.0000E+00  0.0000E+00  0.0000E+00  0.0000E+00  0.0000E+00  0.0000E+00  0.0000E+00  0.0000E+00  0.0000E+00  0.0000E+00  0.0000E+00  0.0000E+00  0.0000E+00  0.0000E+00  0.0000E+00  0.0000E+00  0.0000E+00
      7.824  0.0000E+00  0.0000E+00  0.0000E+00  0.0000E+00  0.0000E+00  0.0000E+00  0.0000E+00  0.0000E+00  0.0000E+00  0.0000E+00  0.0000E+00  0.0000E+00  0.0000E+00  0.0000E+00  0.0000E+00  0.0000E+00  0.0000E+00  0.0000E+00
      7.834  0.0000E+00  0.0000E+00  0.0000E+00  0.0000E+00  0.0000E+00  0.0000E+00  0.0000E+00  0.0000E+00  0.0000E+00  0.0000E+00  0.0000E+00  0.0000E+00  0.0000E+00  0.0000E+00  0.0000E+00  0.0000E+00  0.0000E+00  0.0000E+00
      7.844  0.0000E+00  0.0000E+00  0.0000E+00  0.0000E+00  0.0000E+00  0.0000E+00  0.0000E+00  0.0000E+00  0.0000E+00  0.0000E+00  0.0000E+00  0.0000E+00  0.0000E+00  0.0000E+00  0.0000E+00  0.0000E+00  0.0000E+00  0.0000E+00
      7.854  0.0000E+00  0.0000E+00  0.0000E+00  0.0000E+00  0.0000E+00  0.0000E+00  0.0000E+00  0.0000E+00  0.0000E+00  0.0000E+00  0.0000E+00  0.0000E+00  0.0000E+00  0.0000E+00  0.0000E+00  0.0000E+00  0.0000E+00  0.0000E+00
      7.864  0.0000E+00  0.0000E+00  0.0000E+00  0.0000E+00  0.0000E+00  0.0000E+00  0.0000E+00  0.0000E+00  0.0000E+00  0.0000E+00  0.0000E+00  0.0000E+00  0.0000E+00  0.0000E+00  0.0000E+00  0.0000E+00  0.0000E+00  0.0000E+00
      7.874  0.0000E+00  0.0000E+00  0.0000E+00  0.0000E+00  0.0000E+00  0.0000E+00  0.0000E+00  0.0000E+00  0.0000E+00  0.0000E+00  0.0000E+00  0.0000E+00  0.0000E+00  0.0000E+00  0.0000E+00  0.0000E+00  0.0000E+00  0.0000E+00
      7.884  0.0000E+00  0.0000E+00  0.0000E+00  0.0000E+00  0.0000E+00  0.0000E+00  0.0000E+00  0.0000E+00  0.0000E+00  0.0000E+00  0.0000E+00  0.0000E+00  0.0000E+00  0.0000E+00  0.0000E+00  0.0000E+00  0.0000E+00  0.0000E+00
      7.894  0.0000E+00  0.0000E+00  0.0000E+00  0.0000E+00  0.0000E+00  0.0000E+00  0.0000E+00  0.0000E+00  0.0000E+00  0.0000E+00  0.0000E+00  0.0000E+00  0.0000E+00  0.0000E+00  0.0000E+00  0.0000E+00  0.0000E+00  0.0000E+00
      7.904  0.0000E+00  0.0000E+00  0.0000E+00  0.0000E+00  0.0000E+00  0.0000E+00  0.0000E+00  0.0000E+00  0.0000E+00  0.0000E+00  0.0000E+00  0.0000E+00  0.0000E+00  0.0000E+00  0.0000E+00  0.0000E+00  0.0000E+00  0.0000E+00
      7.915  0.0000E+00  0.0000E+00  0.0000E+00  0.0000E+00  0.0000E+00  0.0000E+00  0.0000E+00  0.0000E+00  0.0000E+00  0.0000E+00  0.0000E+00  0.0000E+00  0.0000E+00  0.0000E+00  0.0000E+00  0.0000E+00  0.0000E+00  0.0000E+00
      7.925  0.0000E+00  0.0000E+00  0.0000E+00  0.0000E+00  0.0000E+00  0.0000E+00  0.0000E+00  0.0000E+00  0.0000E+00  0.0000E+00  0.0000E+00  0.0000E+00  0.0000E+00  0.0000E+00  0.0000E+00  0.0000E+00  0.0000E+00  0.0000E+00
      7.935  0.0000E+00  0.0000E+00  0.0000E+00  0.0000E+00  0.0000E+00  0.0000E+00  0.0000E+00  0.0000E+00  0.0000E+00  0.0000E+00  0.0000E+00  0.0000E+00  0.0000E+00  0.0000E+00  0.0000E+00  0.0000E+00  0.0000E+00  0.0000E+00
      7.945  0.0000E+00  0.0000E+00  0.0000E+00  0.0000E+00  0.0000E+00  0.0000E+00  0.0000E+00  0.0000E+00  0.0000E+00  0.0000E+00  0.0000E+00  0.0000E+00  0.0000E+00  0.0000E+00  0.0000E+00  0.0000E+00  0.0000E+00  0.0000E+00
      7.955  0.0000E+00  0.0000E+00  0.0000E+00  0.0000E+00  0.0000E+00  0.0000E+00  0.0000E+00  0.0000E+00  0.0000E+00  0.0000E+00  0.0000E+00  0.0000E+00  0.0000E+00  0.0000E+00  0.0000E+00  0.0000E+00  0.0000E+00  0.0000E+00
      7.965  0.0000E+00  0.0000E+00  0.0000E+00  0.0000E+00  0.0000E+00  0.0000E+00  0.0000E+00  0.0000E+00  0.0000E+00  0.0000E+00  0.0000E+00  0.0000E+00  0.0000E+00  0.0000E+00  0.0000E+00  0.0000E+00  0.0000E+00  0.0000E+00
      7.975  0.0000E+00  0.0000E+00  0.0000E+00  0.0000E+00  0.0000E+00  0.0000E+00  0.0000E+00  0.0000E+00  0.0000E+00  0.0000E+00  0.0000E+00  0.0000E+00  0.0000E+00  0.0000E+00  0.0000E+00  0.0000E+00  0.0000E+00  0.0000E+00
      7.985  0.0000E+00  0.0000E+00  0.0000E+00  0.0000E+00  0.0000E+00  0.0000E+00  0.0000E+00  0.0000E+00  0.0000E+00  0.0000E+00  0.0000E+00  0.0000E+00  0.0000E+00  0.0000E+00  0.0000E+00  0.0000E+00  0.0000E+00  0.0000E+00
      7.995  0.0000E+00  0.0000E+00  0.0000E+00  0.0000E+00  0.0000E+00  0.0000E+00  0.0000E+00  0.0000E+00  0.0000E+00  0.0000E+00  0.0000E+00  0.0000E+00  0.0000E+00  0.0000E+00  0.0000E+00  0.0000E+00  0.0000E+00  0.0000E+00
      8.005  0.0000E+00  0.0000E+00  0.0000E+00  0.0000E+00  0.0000E+00  0.0000E+00  0.0000E+00  0.0000E+00  0.0000E+00  0.0000E+00  0.0000E+00  0.0000E+00  0.0000E+00  0.0000E+00  0.0000E+00  0.0000E+00  0.0000E+00  0.0000E+00
      8.015  0.0000E+00  0.0000E+00  0.0000E+00  0.0000E+00  0.0000E+00  0.0000E+00  0.0000E+00  0.0000E+00  0.0000E+00  0.0000E+00  0.0000E+00  0.0000E+00  0.0000E+00  0.0000E+00  0.0000E+00  0.0000E+00  0.0000E+00  0.0000E+00
      8.025  0.0000E+00  0.0000E+00  0.0000E+00  0.0000E+00  0.0000E+00  0.0000E+00  0.0000E+00  0.0000E+00  0.0000E+00  0.0000E+00  0.0000E+00  0.0000E+00  0.0000E+00  0.0000E+00  0.0000E+00  0.0000E+00  0.0000E+00  0.0000E+00
      8.035  0.0000E+00  0.0000E+00  0.0000E+00  0.0000E+00  0.0000E+00  0.0000E+00  0.0000E+00  0.0000E+00  0.0000E+00  0.0000E+00  0.0000E+00  0.0000E+00  0.0000E+00  0.0000E+00  0.0000E+00  0.0000E+00  0.0000E+00  0.0000E+00
      8.045  0.0000E+00  0.0000E+00  0.0000E+00  0.0000E+00  0.0000E+00  0.0000E+00  0.0000E+00  0.0000E+00  0.0000E+00  0.0000E+00  0.0000E+00  0.0000E+00  0.0000E+00  0.0000E+00  0.0000E+00  0.0000E+00  0.0000E+00  0.0000E+00
      8.055  0.0000E+00  0.0000E+00  0.0000E+00  0.0000E+00  0.0000E+00  0.0000E+00  0.0000E+00  0.0000E+00  0.0000E+00  0.0000E+00  0.0000E+00  0.0000E+00  0.0000E+00  0.0000E+00  0.0000E+00  0.0000E+00  0.0000E+00  0.0000E+00
      8.065  0.0000E+00  0.0000E+00  0.0000E+00  0.0000E+00  0.0000E+00  0.0000E+00  0.0000E+00  0.0000E+00  0.0000E+00  0.0000E+00  0.0000E+00  0.0000E+00  0.0000E+00  0.0000E+00  0.0000E+00  0.0000E+00  0.0000E+00  0.0000E+00
      8.075  0.0000E+00  0.0000E+00  0.0000E+00  0.0000E+00  0.0000E+00  0.0000E+00  0.0000E+00  0.0000E+00  0.0000E+00  0.0000E+00  0.0000E+00  0.0000E+00  0.0000E+00  0.0000E+00  0.0000E+00  0.0000E+00  0.0000E+00  0.0000E+00
      8.085  0.0000E+00  0.0000E+00  0.0000E+00  0.0000E+00  0.0000E+00  0.0000E+00  0.0000E+00  0.0000E+00  0.0000E+00  0.0000E+00  0.0000E+00  0.0000E+00  0.0000E+00  0.0000E+00  0.0000E+00  0.0000E+00  0.0000E+00  0.0000E+00
      8.095  0.0000E+00  0.0000E+00  0.0000E+00  0.0000E+00  0.0000E+00  0.0000E+00  0.0000E+00  0.0000E+00  0.0000E+00  0.0000E+00  0.0000E+00  0.0000E+00  0.0000E+00  0.0000E+00  0.0000E+00  0.0000E+00  0.0000E+00  0.0000E+00
      8.105  0.0000E+00  0.0000E+00  0.0000E+00  0.0000E+00  0.0000E+00  0.0000E+00  0.0000E+00  0.0000E+00  0.0000E+00  0.0000E+00  0.0000E+00  0.0000E+00  0.0000E+00  0.0000E+00  0.0000E+00  0.0000E+00  0.0000E+00  0.0000E+00
      8.115  0.0000E+00  0.0000E+00  0.0000E+00  0.0000E+00  0.0000E+00  0.0000E+00  0.0000E+00  0.0000E+00  0.0000E+00  0.0000E+00  0.0000E+00  0.0000E+00  0.0000E+00  0.0000E+00  0.0000E+00  0.0000E+00  0.0000E+00  0.0000E+00
      8.125  0.0000E+00  0.0000E+00  0.0000E+00  0.0000E+00  0.0000E+00  0.0000E+00  0.0000E+00  0.0000E+00  0.0000E+00  0.0000E+00  0.0000E+00  0.0000E+00  0.0000E+00  0.0000E+00  0.0000E+00  0.0000E+00  0.0000E+00  0.0000E+00
      8.135  0.0000E+00  0.0000E+00  0.0000E+00  0.0000E+00  0.0000E+00  0.0000E+00  0.0000E+00  0.0000E+00  0.0000E+00  0.0000E+00  0.0000E+00  0.0000E+00  0.0000E+00  0.0000E+00  0.0000E+00  0.0000E+00  0.0000E+00  0.0000E+00
      8.145  0.0000E+00  0.0000E+00  0.0000E+00  0.0000E+00  0.0000E+00  0.0000E+00  0.0000E+00  0.0000E+00  0.0000E+00  0.0000E+00  0.0000E+00  0.0000E+00  0.0000E+00  0.0000E+00  0.0000E+00  0.0000E+00  0.0000E+00  0.0000E+00
      8.155  0.0000E+00  0.0000E+00  0.0000E+00  0.0000E+00  0.0000E+00  0.0000E+00  0.0000E+00  0.0000E+00  0.0000E+00  0.0000E+00  0.0000E+00  0.0000E+00  0.0000E+00  0.0000E+00  0.0000E+00  0.0000E+00  0.0000E+00  0.0000E+00
      8.165  0.0000E+00  0.0000E+00  0.0000E+00  0.0000E+00  0.0000E+00  0.0000E+00  0.0000E+00  0.0000E+00  0.0000E+00  0.0000E+00  0.0000E+00  0.0000E+00  0.0000E+00  0.0000E+00  0.0000E+00  0.0000E+00  0.0000E+00  0.0000E+00
      8.175  0.0000E+00  0.0000E+00  0.0000E+00  0.0000E+00  0.0000E+00  0.0000E+00  0.0000E+00  0.0000E+00  0.0000E+00  0.0000E+00  0.0000E+00  0.0000E+00  0.0000E+00  0.0000E+00  0.0000E+00  0.0000E+00  0.0000E+00  0.0000E+00
      8.185  0.0000E+00  0.0000E+00  0.0000E+00  0.0000E+00  0.0000E+00  0.0000E+00  0.0000E+00  0.0000E+00  0.0000E+00  0.0000E+00  0.0000E+00  0.0000E+00  0.0000E+00  0.0000E+00  0.0000E+00  0.0000E+00  0.0000E+00  0.0000E+00
      8.195  0.0000E+00  0.0000E+00  0.0000E+00  0.0000E+00  0.0000E+00  0.0000E+00  0.0000E+00  0.0000E+00  0.0000E+00  0.0000E+00  0.0000E+00  0.0000E+00  0.0000E+00  0.0000E+00  0.0000E+00  0.0000E+00  0.0000E+00  0.0000E+00
      8.205  0.0000E+00  0.0000E+00  0.0000E+00  0.0000E+00  0.0000E+00  0.0000E+00  0.0000E+00  0.0000E+00  0.0000E+00  0.0000E+00  0.0000E+00  0.0000E+00  0.0000E+00  0.0000E+00  0.0000E+00  0.0000E+00  0.0000E+00  0.0000E+00
      8.215  0.0000E+00  0.0000E+00  0.0000E+00  0.0000E+00  0.0000E+00  0.0000E+00  0.0000E+00  0.0000E+00  0.0000E+00  0.0000E+00  0.0000E+00  0.0000E+00  0.0000E+00  0.0000E+00  0.0000E+00  0.0000E+00  0.0000E+00  0.0000E+00
      8.225  0.0000E+00  0.0000E+00  0.0000E+00  0.0000E+00  0.0000E+00  0.0000E+00  0.0000E+00  0.0000E+00  0.0000E+00  0.0000E+00  0.0000E+00  0.0000E+00  0.0000E+00  0.0000E+00  0.0000E+00  0.0000E+00  0.0000E+00  0.0000E+00
      8.235  0.0000E+00  0.0000E+00  0.0000E+00  0.0000E+00  0.0000E+00  0.0000E+00  0.0000E+00  0.0000E+00  0.0000E+00  0.0000E+00  0.0000E+00  0.0000E+00  0.0000E+00  0.0000E+00  0.0000E+00  0.0000E+00  0.0000E+00  0.0000E+00
      8.245  0.0000E+00  0.0000E+00  0.0000E+00  0.0000E+00  0.0000E+00  0.0000E+00  0.0000E+00  0.0000E+00  0.0000E+00  0.0000E+00  0.0000E+00  0.0000E+00  0.0000E+00  0.0000E+00  0.0000E+00  0.0000E+00  0.0000E+00  0.0000E+00
      8.255  0.0000E+00  0.0000E+00  0.0000E+00  0.0000E+00  0.0000E+00  0.0000E+00  0.0000E+00  0.0000E+00  0.0000E+00  0.0000E+00  0.0000E+00  0.0000E+00  0.0000E+00  0.0000E+00  0.0000E+00  0.0000E+00  0.0000E+00  0.0000E+00
      8.265  0.0000E+00  0.0000E+00  0.0000E+00  0.0000E+00  0.0000E+00  0.0000E+00  0.0000E+00  0.0000E+00  0.0000E+00  0.0000E+00  0.0000E+00  0.0000E+00  0.0000E+00  0.0000E+00  0.0000E+00  0.0000E+00  0.0000E+00  0.0000E+00
      8.275  0.0000E+00  0.0000E+00  0.0000E+00  0.0000E+00  0.0000E+00  0.0000E+00  0.0000E+00  0.0000E+00  0.0000E+00  0.0000E+00  0.0000E+00  0.0000E+00  0.0000E+00  0.0000E+00  0.0000E+00  0.0000E+00  0.0000E+00  0.0000E+00
      8.285  0.0000E+00  0.0000E+00  0.0000E+00  0.0000E+00  0.0000E+00  0.0000E+00  0.0000E+00  0.0000E+00  0.0000E+00  0.0000E+00  0.0000E+00  0.0000E+00  0.0000E+00  0.0000E+00  0.0000E+00  0.0000E+00  0.0000E+00  0.0000E+00
      8.295  0.0000E+00  0.0000E+00  0.0000E+00  0.0000E+00  0.0000E+00  0.0000E+00  0.0000E+00  0.0000E+00  0.0000E+00  0.0000E+00  0.0000E+00  0.0000E+00  0.0000E+00  0.0000E+00  0.0000E+00  0.0000E+00  0.0000E+00  0.0000E+00
      8.305  0.0000E+00  0.0000E+00  0.0000E+00  0.0000E+00  0.0000E+00  0.0000E+00  0.0000E+00  0.0000E+00  0.0000E+00  0.0000E+00  0.0000E+00  0.0000E+00  0.0000E+00  0.0000E+00  0.0000E+00  0.0000E+00  0.0000E+00  0.0000E+00
      8.315  0.0000E+00  0.0000E+00  0.0000E+00  0.0000E+00  0.0000E+00  0.0000E+00  0.0000E+00  0.0000E+00  0.0000E+00  0.0000E+00  0.0000E+00  0.0000E+00  0.0000E+00  0.0000E+00  0.0000E+00  0.0000E+00  0.0000E+00  0.0000E+00
      8.325  0.0000E+00  0.0000E+00  0.0000E+00  0.0000E+00  0.0000E+00  0.0000E+00  0.0000E+00  0.0000E+00  0.0000E+00  0.0000E+00  0.0000E+00  0.0000E+00  0.0000E+00  0.0000E+00  0.0000E+00  0.0000E+00  0.0000E+00  0.0000E+00
      8.335  0.0000E+00  0.0000E+00  0.0000E+00  0.0000E+00  0.0000E+00  0.0000E+00  0.0000E+00  0.0000E+00  0.0000E+00  0.0000E+00  0.0000E+00  0.0000E+00  0.0000E+00  0.0000E+00  0.0000E+00  0.0000E+00  0.0000E+00  0.0000E+00
      8.345  0.0000E+00  0.0000E+00  0.0000E+00  0.0000E+00  0.0000E+00  0.0000E+00  0.0000E+00  0.0000E+00  0.0000E+00  0.0000E+00  0.0000E+00  0.0000E+00  0.0000E+00  0.0000E+00  0.0000E+00  0.0000E+00  0.0000E+00  0.0000E+00
      8.355  0.0000E+00  0.0000E+00  0.0000E+00  0.0000E+00  0.0000E+00  0.0000E+00  0.0000E+00  0.0000E+00  0.0000E+00  0.0000E+00  0.0000E+00  0.0000E+00  0.0000E+00  0.0000E+00  0.0000E+00  0.0000E+00  0.0000E+00  0.0000E+00
      8.365  0.0000E+00  0.0000E+00  0.0000E+00  0.0000E+00  0.0000E+00  0.0000E+00  0.0000E+00  0.0000E+00  0.0000E+00  0.0000E+00  0.0000E+00  0.0000E+00  0.0000E+00  0.0000E+00  0.0000E+00  0.0000E+00  0.0000E+00  0.0000E+00
      8.375  0.0000E+00  0.0000E+00  0.0000E+00  0.0000E+00  0.0000E+00  0.0000E+00  0.0000E+00  0.0000E+00  0.0000E+00  0.0000E+00  0.0000E+00  0.0000E+00  0.0000E+00  0.0000E+00  0.0000E+00  0.0000E+00  0.0000E+00  0.0000E+00
      8.385  0.0000E+00  0.0000E+00  0.0000E+00  0.0000E+00  0.0000E+00  0.0000E+00  0.0000E+00  0.0000E+00  0.0000E+00  0.0000E+00  0.0000E+00  0.0000E+00  0.0000E+00  0.0000E+00  0.0000E+00  0.0000E+00  0.0000E+00  0.0000E+00
      8.395  0.0000E+00  0.0000E+00  0.0000E+00  0.0000E+00  0.0000E+00  0.0000E+00  0.0000E+00  0.0000E+00  0.0000E+00  0.0000E+00  0.0000E+00  0.0000E+00  0.0000E+00  0.0000E+00  0.0000E+00  0.0000E+00  0.0000E+00  0.0000E+00
      8.405  0.0000E+00  0.0000E+00  0.0000E+00  0.0000E+00  0.0000E+00  0.0000E+00  0.0000E+00  0.0000E+00  0.0000E+00  0.0000E+00  0.0000E+00  0.0000E+00  0.0000E+00  0.0000E+00  0.0000E+00  0.0000E+00  0.0000E+00  0.0000E+00
      8.415  0.0000E+00  0.0000E+00  0.0000E+00  0.0000E+00  0.0000E+00  0.0000E+00  0.0000E+00  0.0000E+00  0.0000E+00  0.0000E+00  0.0000E+00  0.0000E+00  0.0000E+00  0.0000E+00  0.0000E+00  0.0000E+00  0.0000E+00  0.0000E+00
      8.425  0.0000E+00  0.0000E+00  0.0000E+00  0.0000E+00  0.0000E+00  0.0000E+00  0.0000E+00  0.0000E+00  0.0000E+00  0.0000E+00  0.0000E+00  0.0000E+00  0.0000E+00  0.0000E+00  0.0000E+00  0.0000E+00  0.0000E+00  0.0000E+00
      8.435  0.0000E+00  0.0000E+00  0.0000E+00  0.0000E+00  0.0000E+00  0.0000E+00  0.0000E+00  0.0000E+00  0.0000E+00  0.0000E+00  0.0000E+00  0.0000E+00  0.0000E+00  0.0000E+00  0.0000E+00  0.0000E+00  0.0000E+00  0.0000E+00
      8.445  0.0000E+00  0.0000E+00  0.0000E+00  0.0000E+00  0.0000E+00  0.0000E+00  0.0000E+00  0.0000E+00  0.0000E+00  0.0000E+00  0.0000E+00  0.0000E+00  0.0000E+00  0.0000E+00  0.0000E+00  0.0000E+00  0.0000E+00  0.0000E+00
      8.455  0.0000E+00  0.0000E+00  0.0000E+00  0.0000E+00  0.0000E+00  0.0000E+00  0.0000E+00  0.0000E+00  0.0000E+00  0.0000E+00  0.0000E+00  0.0000E+00  0.0000E+00  0.0000E+00  0.0000E+00  0.0000E+00  0.0000E+00  0.0000E+00
      8.465  0.0000E+00  0.0000E+00  0.0000E+00  0.0000E+00  0.0000E+00  0.0000E+00  0.0000E+00  0.0000E+00  0.0000E+00  0.0000E+00  0.0000E+00  0.0000E+00  0.0000E+00  0.0000E+00  0.0000E+00  0.0000E+00  0.0000E+00  0.0000E+00
      8.475  0.0000E+00  0.0000E+00  0.0000E+00  0.0000E+00  0.0000E+00  0.0000E+00  0.0000E+00  0.0000E+00  0.0000E+00  0.0000E+00  0.0000E+00  0.0000E+00  0.0000E+00  0.0000E+00  0.0000E+00  0.0000E+00  0.0000E+00  0.0000E+00
      8.485  0.0000E+00  0.0000E+00  0.0000E+00  0.0000E+00  0.0000E+00  0.0000E+00  0.0000E+00  0.0000E+00  0.0000E+00  0.0000E+00  0.0000E+00  0.0000E+00  0.0000E+00  0.0000E+00  0.0000E+00  0.0000E+00  0.0000E+00  0.0000E+00
      8.495  0.0000E+00  0.0000E+00  0.0000E+00  0.0000E+00  0.0000E+00  0.0000E+00  0.0000E+00  0.0000E+00  0.0000E+00  0.0000E+00  0.0000E+00  0.0000E+00  0.0000E+00  0.0000E+00  0.0000E+00  0.0000E+00  0.0000E+00  0.0000E+00
      8.505  0.0000E+00  0.0000E+00  0.0000E+00  0.0000E+00  0.0000E+00  0.0000E+00  0.0000E+00  0.0000E+00  0.0000E+00  0.0000E+00  0.0000E+00  0.0000E+00  0.0000E+00  0.0000E+00  0.0000E+00  0.0000E+00  0.0000E+00  0.0000E+00
      8.515  0.0000E+00  0.0000E+00  0.0000E+00  0.0000E+00  0.0000E+00  0.0000E+00  0.0000E+00  0.0000E+00  0.0000E+00  0.0000E+00  0.0000E+00  0.0000E+00  0.0000E+00  0.0000E+00  0.0000E+00  0.0000E+00  0.0000E+00  0.0000E+00
      8.525  0.0000E+00  0.0000E+00  0.0000E+00  0.0000E+00  0.0000E+00  0.0000E+00  0.0000E+00  0.0000E+00  0.0000E+00  0.0000E+00  0.0000E+00  0.0000E+00  0.0000E+00  0.0000E+00  0.0000E+00  0.0000E+00  0.0000E+00  0.0000E+00
      8.535  0.0000E+00  0.0000E+00  0.0000E+00  0.0000E+00  0.0000E+00  0.0000E+00  0.0000E+00  0.0000E+00  0.0000E+00  0.0000E+00  0.0000E+00  0.0000E+00  0.0000E+00  0.0000E+00  0.0000E+00  0.0000E+00  0.0000E+00  0.0000E+00
      8.545  0.0000E+00  0.0000E+00  0.0000E+00  0.0000E+00  0.0000E+00  0.0000E+00  0.0000E+00  0.0000E+00  0.0000E+00  0.0000E+00  0.0000E+00  0.0000E+00  0.0000E+00  0.0000E+00  0.0000E+00  0.0000E+00  0.0000E+00  0.0000E+00
      8.555  0.0000E+00  0.0000E+00  0.0000E+00  0.0000E+00  0.0000E+00  0.0000E+00  0.0000E+00  0.0000E+00  0.0000E+00  0.0000E+00  0.0000E+00  0.0000E+00  0.0000E+00  0.0000E+00  0.0000E+00  0.0000E+00  0.0000E+00  0.0000E+00
      8.565  0.0000E+00  0.0000E+00  0.0000E+00  0.0000E+00  0.0000E+00  0.0000E+00  0.0000E+00  0.0000E+00  0.0000E+00  0.0000E+00  0.0000E+00  0.0000E+00  0.0000E+00  0.0000E+00  0.0000E+00  0.0000E+00  0.0000E+00  0.0000E+00
      8.575  0.0000E+00  0.0000E+00  0.0000E+00  0.0000E+00  0.0000E+00  0.0000E+00  0.0000E+00  0.0000E+00  0.0000E+00  0.0000E+00  0.0000E+00  0.0000E+00  0.0000E+00  0.0000E+00  0.0000E+00  0.0000E+00  0.0000E+00  0.0000E+00
      8.585  0.0000E+00  0.0000E+00  0.0000E+00  0.0000E+00  0.0000E+00  0.0000E+00  0.0000E+00  0.0000E+00  0.0000E+00  0.0000E+00  0.0000E+00  0.0000E+00  0.0000E+00  0.0000E+00  0.0000E+00  0.0000E+00  0.0000E+00  0.0000E+00
      8.595  0.0000E+00  0.0000E+00  0.0000E+00  0.0000E+00  0.0000E+00  0.0000E+00  0.0000E+00  0.0000E+00  0.0000E+00  0.0000E+00  0.0000E+00  0.0000E+00  0.0000E+00  0.0000E+00  0.0000E+00  0.0000E+00  0.0000E+00  0.0000E+00
      8.605  0.0000E+00  0.0000E+00  0.0000E+00  0.0000E+00  0.0000E+00  0.0000E+00  0.0000E+00  0.0000E+00  0.0000E+00  0.0000E+00  0.0000E+00  0.0000E+00  0.0000E+00  0.0000E+00  0.0000E+00  0.0000E+00  0.0000E+00  0.0000E+00
      8.615  0.0000E+00  0.0000E+00  0.0000E+00  0.0000E+00  0.0000E+00  0.0000E+00  0.0000E+00  0.0000E+00  0.0000E+00  0.0000E+00  0.0000E+00  0.0000E+00  0.0000E+00  0.0000E+00  0.0000E+00  0.0000E+00  0.0000E+00  0.0000E+00
      8.625  0.0000E+00  0.0000E+00  0.0000E+00  0.0000E+00  0.0000E+00  0.0000E+00  0.0000E+00  0.0000E+00  0.0000E+00  0.0000E+00  0.0000E+00  0.0000E+00  0.0000E+00  0.0000E+00  0.0000E+00  0.0000E+00  0.0000E+00  0.0000E+00
      8.635  0.0000E+00  0.0000E+00  0.0000E+00  0.0000E+00  0.0000E+00  0.0000E+00  0.0000E+00  0.0000E+00  0.0000E+00  0.0000E+00  0.0000E+00  0.0000E+00  0.0000E+00  0.0000E+00  0.0000E+00  0.0000E+00  0.0000E+00  0.0000E+00
      8.645  0.0000E+00  0.0000E+00  0.0000E+00  0.0000E+00  0.0000E+00  0.0000E+00  0.0000E+00  0.0000E+00  0.0000E+00  0.0000E+00  0.0000E+00  0.0000E+00  0.0000E+00  0.0000E+00  0.0000E+00  0.0000E+00  0.0000E+00  0.0000E+00
      8.655  0.0000E+00  0.0000E+00  0.0000E+00  0.0000E+00  0.0000E+00  0.0000E+00  0.0000E+00  0.0000E+00  0.0000E+00  0.0000E+00  0.0000E+00  0.0000E+00  0.0000E+00  0.0000E+00  0.0000E+00  0.0000E+00  0.0000E+00  0.0000E+00
      8.665  0.0000E+00  0.0000E+00  0.0000E+00  0.0000E+00  0.0000E+00  0.0000E+00  0.0000E+00  0.0000E+00  0.0000E+00  0.0000E+00  0.0000E+00  0.0000E+00  0.0000E+00  0.0000E+00  0.0000E+00  0.0000E+00  0.0000E+00  0.0000E+00
      8.675  0.0000E+00  0.0000E+00  0.0000E+00  0.0000E+00  0.0000E+00  0.0000E+00  0.0000E+00  0.0000E+00  0.0000E+00  0.0000E+00  0.0000E+00  0.0000E+00  0.0000E+00  0.0000E+00  0.0000E+00  0.0000E+00  0.0000E+00  0.0000E+00
      8.685  0.0000E+00  0.0000E+00  0.0000E+00  0.0000E+00  0.0000E+00  0.0000E+00  0.0000E+00  0.0000E+00  0.0000E+00  0.0000E+00  0.0000E+00  0.0000E+00  0.0000E+00  0.0000E+00  0.0000E+00  0.0000E+00  0.0000E+00  0.0000E+00
      8.695  0.0000E+00  0.0000E+00  0.0000E+00  0.0000E+00  0.0000E+00  0.0000E+00  0.0000E+00  0.0000E+00  0.0000E+00  0.0000E+00  0.0000E+00  0.0000E+00  0.0000E+00  0.0000E+00  0.0000E+00  0.0000E+00  0.0000E+00  0.0000E+00
      8.705  0.0000E+00  0.0000E+00  0.0000E+00  0.0000E+00  0.0000E+00  0.0000E+00  0.0000E+00  0.0000E+00  0.0000E+00  0.0000E+00  0.0000E+00  0.0000E+00  0.0000E+00  0.0000E+00  0.0000E+00  0.0000E+00  0.0000E+00  0.0000E+00
      8.715  0.0000E+00  0.0000E+00  0.0000E+00  0.0000E+00  0.0000E+00  0.0000E+00  0.0000E+00  0.0000E+00  0.0000E+00  0.0000E+00  0.0000E+00  0.0000E+00  0.0000E+00  0.0000E+00  0.0000E+00  0.0000E+00  0.0000E+00  0.0000E+00
      8.725  0.0000E+00  0.0000E+00  0.0000E+00  0.0000E+00  0.0000E+00  0.0000E+00  0.0000E+00  0.0000E+00  0.0000E+00  0.0000E+00  0.0000E+00  0.0000E+00  0.0000E+00  0.0000E+00  0.0000E+00  0.0000E+00  0.0000E+00  0.0000E+00
      8.735  0.0000E+00  0.0000E+00  0.0000E+00  0.0000E+00  0.0000E+00  0.0000E+00  0.0000E+00  0.0000E+00  0.0000E+00  0.0000E+00  0.0000E+00  0.0000E+00  0.0000E+00  0.0000E+00  0.0000E+00  0.0000E+00  0.0000E+00  0.0000E+00
      8.745  0.0000E+00  0.0000E+00  0.0000E+00  0.0000E+00  0.0000E+00  0.0000E+00  0.0000E+00  0.0000E+00  0.0000E+00  0.0000E+00  0.0000E+00  0.0000E+00  0.0000E+00  0.0000E+00  0.0000E+00  0.0000E+00  0.0000E+00  0.0000E+00
      8.755  0.0000E+00  0.0000E+00  0.0000E+00  0.0000E+00  0.0000E+00  0.0000E+00  0.0000E+00  0.0000E+00  0.0000E+00  0.0000E+00  0.0000E+00  0.0000E+00  0.0000E+00  0.0000E+00  0.0000E+00  0.0000E+00  0.0000E+00  0.0000E+00
      8.765  0.0000E+00  0.0000E+00  0.0000E+00  0.0000E+00  0.0000E+00  0.0000E+00  0.0000E+00  0.0000E+00  0.0000E+00  0.0000E+00  0.0000E+00  0.0000E+00  0.0000E+00  0.0000E+00  0.0000E+00  0.0000E+00  0.0000E+00  0.0000E+00
      8.775  0.0000E+00  0.0000E+00  0.0000E+00  0.0000E+00  0.0000E+00  0.0000E+00  0.0000E+00  0.0000E+00  0.0000E+00  0.0000E+00  0.0000E+00  0.0000E+00  0.0000E+00  0.0000E+00  0.0000E+00  0.0000E+00  0.0000E+00  0.0000E+00
      8.785  0.0000E+00  0.0000E+00  0.0000E+00  0.0000E+00  0.0000E+00  0.0000E+00  0.0000E+00  0.0000E+00  0.0000E+00  0.0000E+00  0.0000E+00  0.0000E+00  0.0000E+00  0.0000E+00  0.0000E+00  0.0000E+00  0.0000E+00  0.0000E+00
      8.795  0.0000E+00  0.0000E+00  0.0000E+00  0.0000E+00  0.0000E+00  0.0000E+00  0.0000E+00  0.0000E+00  0.0000E+00  0.0000E+00  0.0000E+00  0.0000E+00  0.0000E+00  0.0000E+00  0.0000E+00  0.0000E+00  0.0000E+00  0.0000E+00
      8.805  0.0000E+00  0.0000E+00  0.0000E+00  0.0000E+00  0.0000E+00  0.0000E+00  0.0000E+00  0.0000E+00  0.0000E+00  0.0000E+00  0.0000E+00  0.0000E+00  0.0000E+00  0.0000E+00  0.0000E+00  0.0000E+00  0.0000E+00  0.0000E+00
      8.815  0.0000E+00  0.0000E+00  0.0000E+00  0.0000E+00  0.0000E+00  0.0000E+00  0.0000E+00  0.0000E+00  0.0000E+00  0.0000E+00  0.0000E+00  0.0000E+00  0.0000E+00  0.0000E+00  0.0000E+00  0.0000E+00  0.0000E+00  0.0000E+00
      8.825  0.0000E+00  0.0000E+00  0.0000E+00  0.0000E+00  0.0000E+00  0.0000E+00  0.0000E+00  0.0000E+00  0.0000E+00  0.0000E+00  0.0000E+00  0.0000E+00  0.0000E+00  0.0000E+00  0.0000E+00  0.0000E+00  0.0000E+00  0.0000E+00
      8.835  0.0000E+00  0.0000E+00  0.0000E+00  0.0000E+00  0.0000E+00  0.0000E+00  0.0000E+00  0.0000E+00  0.0000E+00  0.0000E+00  0.0000E+00  0.0000E+00  0.0000E+00  0.0000E+00  0.0000E+00  0.0000E+00  0.0000E+00  0.0000E+00
      8.845  0.0000E+00  0.0000E+00  0.0000E+00  0.0000E+00  0.0000E+00  0.0000E+00  0.0000E+00  0.0000E+00  0.0000E+00  0.0000E+00  0.0000E+00  0.0000E+00  0.0000E+00  0.0000E+00  0.0000E+00  0.0000E+00  0.0000E+00  0.0000E+00
      8.855  0.0000E+00  0.0000E+00  0.0000E+00  0.0000E+00  0.0000E+00  0.0000E+00  0.0000E+00  0.0000E+00  0.0000E+00  0.0000E+00  0.0000E+00  0.0000E+00  0.0000E+00  0.0000E+00  0.0000E+00  0.0000E+00  0.0000E+00  0.0000E+00
      8.865  0.0000E+00  0.0000E+00  0.0000E+00  0.0000E+00  0.0000E+00  0.0000E+00  0.0000E+00  0.0000E+00  0.0000E+00  0.0000E+00  0.0000E+00  0.0000E+00  0.0000E+00  0.0000E+00  0.0000E+00  0.0000E+00  0.0000E+00  0.0000E+00
      8.875  0.0000E+00  0.0000E+00  0.0000E+00  0.0000E+00  0.0000E+00  0.0000E+00  0.0000E+00  0.0000E+00  0.0000E+00  0.0000E+00  0.0000E+00  0.0000E+00  0.0000E+00  0.0000E+00  0.0000E+00  0.0000E+00  0.0000E+00  0.0000E+00
      8.885  0.0000E+00  0.0000E+00  0.0000E+00  0.0000E+00  0.0000E+00  0.0000E+00  0.0000E+00  0.0000E+00  0.0000E+00  0.0000E+00  0.0000E+00  0.0000E+00  0.0000E+00  0.0000E+00  0.0000E+00  0.0000E+00  0.0000E+00  0.0000E+00
      8.895  0.0000E+00  0.0000E+00  0.0000E+00  0.0000E+00  0.0000E+00  0.0000E+00  0.0000E+00  0.0000E+00  0.0000E+00  0.0000E+00  0.0000E+00  0.0000E+00  0.0000E+00  0.0000E+00  0.0000E+00  0.0000E+00  0.0000E+00  0.0000E+00
      8.905  0.0000E+00  0.0000E+00  0.0000E+00  0.0000E+00  0.0000E+00  0.0000E+00  0.0000E+00  0.0000E+00  0.0000E+00  0.0000E+00  0.0000E+00  0.0000E+00  0.0000E+00  0.0000E+00  0.0000E+00  0.0000E+00  0.0000E+00  0.0000E+00
      8.915  0.0000E+00  0.0000E+00  0.0000E+00  0.0000E+00  0.0000E+00  0.0000E+00  0.0000E+00  0.0000E+00  0.0000E+00  0.0000E+00  0.0000E+00  0.0000E+00  0.0000E+00  0.0000E+00  0.0000E+00  0.0000E+00  0.0000E+00  0.0000E+00
      8.925  0.0000E+00  0.0000E+00  0.0000E+00  0.0000E+00  0.0000E+00  0.0000E+00  0.0000E+00  0.0000E+00  0.0000E+00  0.0000E+00  0.0000E+00  0.0000E+00  0.0000E+00  0.0000E+00  0.0000E+00  0.0000E+00  0.0000E+00  0.0000E+00
      8.935  0.0000E+00  0.0000E+00  0.0000E+00  0.0000E+00  0.0000E+00  0.0000E+00  0.0000E+00  0.0000E+00  0.0000E+00  0.0000E+00  0.0000E+00  0.0000E+00  0.0000E+00  0.0000E+00  0.0000E+00  0.0000E+00  0.0000E+00  0.0000E+00
      8.945  0.0000E+00  0.0000E+00  0.0000E+00  0.0000E+00  0.0000E+00  0.0000E+00  0.0000E+00  0.0000E+00  0.0000E+00  0.0000E+00  0.0000E+00  0.0000E+00  0.0000E+00  0.0000E+00  0.0000E+00  0.0000E+00  0.0000E+00  0.0000E+00
      8.955  0.0000E+00  0.0000E+00  0.0000E+00  0.0000E+00  0.0000E+00  0.0000E+00  0.0000E+00  0.0000E+00  0.0000E+00  0.0000E+00  0.0000E+00  0.0000E+00  0.0000E+00  0.0000E+00  0.0000E+00  0.0000E+00  0.0000E+00  0.0000E+00
      8.965  0.0000E+00  0.0000E+00  0.0000E+00  0.0000E+00  0.0000E+00  0.0000E+00  0.0000E+00  0.0000E+00  0.0000E+00  0.0000E+00  0.0000E+00  0.0000E+00  0.0000E+00  0.0000E+00  0.0000E+00  0.0000E+00  0.0000E+00  0.0000E+00
      8.975  0.0000E+00  0.0000E+00  0.0000E+00  0.0000E+00  0.0000E+00  0.0000E+00  0.0000E+00  0.0000E+00  0.0000E+00  0.0000E+00  0.0000E+00  0.0000E+00  0.0000E+00  0.0000E+00  0.0000E+00  0.0000E+00  0.0000E+00  0.0000E+00
      8.985  0.0000E+00  0.0000E+00  0.0000E+00  0.0000E+00  0.0000E+00  0.0000E+00  0.0000E+00  0.0000E+00  0.0000E+00  0.0000E+00  0.0000E+00  0.0000E+00  0.0000E+00  0.0000E+00  0.0000E+00  0.0000E+00  0.0000E+00  0.0000E+00
      8.995  0.0000E+00  0.0000E+00  0.0000E+00  0.0000E+00  0.0000E+00  0.0000E+00  0.0000E+00  0.0000E+00  0.0000E+00  0.0000E+00  0.0000E+00  0.0000E+00  0.0000E+00  0.0000E+00  0.0000E+00  0.0000E+00  0.0000E+00  0.0000E+00
      9.005  0.0000E+00  0.0000E+00  0.0000E+00  0.0000E+00  0.0000E+00  0.0000E+00  0.0000E+00  0.0000E+00  0.0000E+00  0.0000E+00  0.0000E+00  0.0000E+00  0.0000E+00  0.0000E+00  0.0000E+00  0.0000E+00  0.0000E+00  0.0000E+00
      9.015  0.0000E+00  0.0000E+00  0.0000E+00  0.0000E+00  0.0000E+00  0.0000E+00  0.0000E+00  0.0000E+00  0.0000E+00  0.0000E+00  0.0000E+00  0.0000E+00  0.0000E+00  0.0000E+00  0.0000E+00  0.0000E+00  0.0000E+00  0.0000E+00
      9.025  0.0000E+00  0.0000E+00  0.0000E+00  0.0000E+00  0.0000E+00  0.0000E+00  0.0000E+00  0.0000E+00  0.0000E+00  0.0000E+00  0.0000E+00  0.0000E+00  0.0000E+00  0.0000E+00  0.0000E+00  0.0000E+00  0.0000E+00  0.0000E+00
      9.035  0.0000E+00  0.0000E+00  0.0000E+00  0.0000E+00  0.0000E+00  0.0000E+00  0.0000E+00  0.0000E+00  0.0000E+00  0.0000E+00  0.0000E+00  0.0000E+00  0.0000E+00  0.0000E+00  0.0000E+00  0.0000E+00  0.0000E+00  0.0000E+00
      9.045  0.0000E+00  0.0000E+00  0.0000E+00  0.0000E+00  0.0000E+00  0.0000E+00  0.0000E+00  0.0000E+00  0.0000E+00  0.0000E+00  0.0000E+00  0.0000E+00  0.0000E+00  0.0000E+00  0.0000E+00  0.0000E+00  0.0000E+00  0.0000E+00
      9.055  0.0000E+00  0.0000E+00  0.0000E+00  0.0000E+00  0.0000E+00  0.0000E+00  0.0000E+00  0.0000E+00  0.0000E+00  0.0000E+00  0.0000E+00  0.0000E+00  0.0000E+00  0.0000E+00  0.0000E+00  0.0000E+00  0.0000E+00  0.0000E+00
      9.065  0.0000E+00  0.0000E+00  0.0000E+00  0.0000E+00  0.0000E+00  0.0000E+00  0.0000E+00  0.0000E+00  0.0000E+00  0.0000E+00  0.0000E+00  0.0000E+00  0.0000E+00  0.0000E+00  0.0000E+00  0.0000E+00  0.0000E+00  0.0000E+00
      9.075  0.0000E+00  0.0000E+00  0.0000E+00  0.0000E+00  0.0000E+00  0.0000E+00  0.0000E+00  0.0000E+00  0.0000E+00  0.0000E+00  0.0000E+00  0.0000E+00  0.0000E+00  0.0000E+00  0.0000E+00  0.0000E+00  0.0000E+00  0.0000E+00
      9.085  0.0000E+00  0.0000E+00  0.0000E+00  0.0000E+00  0.0000E+00  0.0000E+00  0.0000E+00  0.0000E+00  0.0000E+00  0.0000E+00  0.0000E+00  0.0000E+00  0.0000E+00  0.0000E+00  0.0000E+00  0.0000E+00  0.0000E+00  0.0000E+00
      9.095  0.0000E+00  0.0000E+00  0.0000E+00  0.0000E+00  0.0000E+00  0.0000E+00  0.0000E+00  0.0000E+00  0.0000E+00  0.0000E+00  0.0000E+00  0.0000E+00  0.0000E+00  0.0000E+00  0.0000E+00  0.0000E+00  0.0000E+00  0.0000E+00
      9.105  0.0000E+00  0.0000E+00  0.0000E+00  0.0000E+00  0.0000E+00  0.0000E+00  0.0000E+00  0.0000E+00  0.0000E+00  0.0000E+00  0.0000E+00  0.0000E+00  0.0000E+00  0.0000E+00  0.0000E+00  0.0000E+00  0.0000E+00  0.0000E+00
      9.115  0.0000E+00  0.0000E+00  0.0000E+00  0.0000E+00  0.0000E+00  0.0000E+00  0.0000E+00  0.0000E+00  0.0000E+00  0.0000E+00  0.0000E+00  0.0000E+00  0.0000E+00  0.0000E+00  0.0000E+00  0.0000E+00  0.0000E+00  0.0000E+00
      9.125  0.0000E+00  0.0000E+00  0.0000E+00  0.0000E+00  0.0000E+00  0.0000E+00  0.0000E+00  0.0000E+00  0.0000E+00  0.0000E+00  0.0000E+00  0.0000E+00  0.0000E+00  0.0000E+00  0.0000E+00  0.0000E+00  0.0000E+00  0.0000E+00
      9.135  0.0000E+00  0.0000E+00  0.0000E+00  0.0000E+00  0.0000E+00  0.0000E+00  0.0000E+00  0.0000E+00  0.0000E+00  0.0000E+00  0.0000E+00  0.0000E+00  0.0000E+00  0.0000E+00  0.0000E+00  0.0000E+00  0.0000E+00  0.0000E+00
      9.145  0.0000E+00  0.0000E+00  0.0000E+00  0.0000E+00  0.0000E+00  0.0000E+00  0.0000E+00  0.0000E+00  0.0000E+00  0.0000E+00  0.0000E+00  0.0000E+00  0.0000E+00  0.0000E+00  0.0000E+00  0.0000E+00  0.0000E+00  0.0000E+00
      9.155  0.0000E+00  0.0000E+00  0.0000E+00  0.0000E+00  0.0000E+00  0.0000E+00  0.0000E+00  0.0000E+00  0.0000E+00  0.0000E+00  0.0000E+00  0.0000E+00  0.0000E+00  0.0000E+00  0.0000E+00  0.0000E+00  0.0000E+00  0.0000E+00
      9.165  0.0000E+00  0.0000E+00  0.0000E+00  0.0000E+00  0.0000E+00  0.0000E+00  0.0000E+00  0.0000E+00  0.0000E+00  0.0000E+00  0.0000E+00  0.0000E+00  0.0000E+00  0.0000E+00  0.0000E+00  0.0000E+00  0.0000E+00  0.0000E+00
      9.175  0.0000E+00  0.0000E+00  0.0000E+00  0.0000E+00  0.0000E+00  0.0000E+00  0.0000E+00  0.0000E+00  0.0000E+00  0.0000E+00  0.0000E+00  0.0000E+00  0.0000E+00  0.0000E+00  0.0000E+00  0.0000E+00  0.0000E+00  0.0000E+00
      9.185  0.0000E+00  0.0000E+00  0.0000E+00  0.0000E+00  0.0000E+00  0.0000E+00  0.0000E+00  0.0000E+00  0.0000E+00  0.0000E+00  0.0000E+00  0.0000E+00  0.0000E+00  0.0000E+00  0.0000E+00  0.0000E+00  0.0000E+00  0.0000E+00
      9.195  0.0000E+00  0.0000E+00  0.0000E+00  0.0000E+00  0.0000E+00  0.0000E+00  0.0000E+00  0.0000E+00  0.0000E+00  0.0000E+00  0.0000E+00  0.0000E+00  0.0000E+00  0.0000E+00  0.0000E+00  0.0000E+00  0.0000E+00  0.0000E+00
      9.205  0.0000E+00  0.0000E+00  0.0000E+00  0.0000E+00  0.0000E+00  0.0000E+00  0.0000E+00  0.0000E+00  0.0000E+00  0.0000E+00  0.0000E+00  0.0000E+00  0.0000E+00  0.0000E+00  0.0000E+00  0.0000E+00  0.0000E+00  0.0000E+00
      9.215  0.0000E+00  0.0000E+00  0.0000E+00  0.0000E+00  0.0000E+00  0.0000E+00  0.0000E+00  0.0000E+00  0.0000E+00  0.0000E+00  0.0000E+00  0.0000E+00  0.0000E+00  0.0000E+00  0.0000E+00  0.0000E+00  0.0000E+00  0.0000E+00
      9.225  0.0000E+00  0.0000E+00  0.0000E+00  0.0000E+00  0.0000E+00  0.0000E+00  0.0000E+00  0.0000E+00  0.0000E+00  0.0000E+00  0.0000E+00  0.0000E+00  0.0000E+00  0.0000E+00  0.0000E+00  0.0000E+00  0.0000E+00  0.0000E+00
      9.235  0.0000E+00  0.0000E+00  0.0000E+00  0.0000E+00  0.0000E+00  0.0000E+00  0.0000E+00  0.0000E+00  0.0000E+00  0.0000E+00  0.0000E+00  0.0000E+00  0.0000E+00  0.0000E+00  0.0000E+00  0.0000E+00  0.0000E+00  0.0000E+00
      9.245  0.0000E+00  0.0000E+00  0.0000E+00  0.0000E+00  0.0000E+00  0.0000E+00  0.0000E+00  0.0000E+00  0.0000E+00  0.0000E+00  0.0000E+00  0.0000E+00  0.0000E+00  0.0000E+00  0.0000E+00  0.0000E+00  0.0000E+00  0.0000E+00
      9.255  0.0000E+00  0.0000E+00  0.0000E+00  0.0000E+00  0.0000E+00  0.0000E+00  0.0000E+00  0.0000E+00  0.0000E+00  0.0000E+00  0.0000E+00  0.0000E+00  0.0000E+00  0.0000E+00  0.0000E+00  0.0000E+00  0.0000E+00  0.0000E+00
      9.265  0.0000E+00  0.0000E+00  0.0000E+00  0.0000E+00  0.0000E+00  0.0000E+00  0.0000E+00  0.0000E+00  0.0000E+00  0.0000E+00  0.0000E+00  0.0000E+00  0.0000E+00  0.0000E+00  0.0000E+00  0.0000E+00  0.0000E+00  0.0000E+00
      9.275  0.0000E+00  0.0000E+00  0.0000E+00  0.0000E+00  0.0000E+00  0.0000E+00  0.0000E+00  0.0000E+00  0.0000E+00  0.0000E+00  0.0000E+00  0.0000E+00  0.0000E+00  0.0000E+00  0.0000E+00  0.0000E+00  0.0000E+00  0.0000E+00
      9.285  0.0000E+00  0.0000E+00  0.0000E+00  0.0000E+00  0.0000E+00  0.0000E+00  0.0000E+00  0.0000E+00  0.0000E+00  0.0000E+00  0.0000E+00  0.0000E+00  0.0000E+00  0.0000E+00  0.0000E+00  0.0000E+00  0.0000E+00  0.0000E+00
      9.295  0.0000E+00  0.0000E+00  0.0000E+00  0.0000E+00  0.0000E+00  0.0000E+00  0.0000E+00  0.0000E+00  0.0000E+00  0.0000E+00  0.0000E+00  0.0000E+00  0.0000E+00  0.0000E+00  0.0000E+00  0.0000E+00  0.0000E+00  0.0000E+00
      9.305  0.0000E+00  0.0000E+00  0.0000E+00  0.0000E+00  0.0000E+00  0.0000E+00  0.0000E+00  0.0000E+00  0.0000E+00  0.0000E+00  0.0000E+00  0.0000E+00  0.0000E+00  0.0000E+00  0.0000E+00  0.0000E+00  0.0000E+00  0.0000E+00
      9.316  0.0000E+00  0.0000E+00  0.0000E+00  0.0000E+00  0.0000E+00  0.0000E+00  0.0000E+00  0.0000E+00  0.0000E+00  0.0000E+00  0.0000E+00  0.0000E+00  0.0000E+00  0.0000E+00  0.0000E+00  0.0000E+00  0.0000E+00  0.0000E+00
      9.326  0.0000E+00  0.0000E+00  0.0000E+00  0.0000E+00  0.0000E+00  0.0000E+00  0.0000E+00  0.0000E+00  0.0000E+00  0.0000E+00  0.0000E+00  0.0000E+00  0.0000E+00  0.0000E+00  0.0000E+00  0.0000E+00  0.0000E+00  0.0000E+00
      9.336  0.0000E+00  0.0000E+00  0.0000E+00  0.0000E+00  0.0000E+00  0.0000E+00  0.0000E+00  0.0000E+00  0.0000E+00  0.0000E+00  0.0000E+00  0.0000E+00  0.0000E+00  0.0000E+00  0.0000E+00  0.0000E+00  0.0000E+00  0.0000E+00
      9.346  0.0000E+00  0.0000E+00  0.0000E+00  0.0000E+00  0.0000E+00  0.0000E+00  0.0000E+00  0.0000E+00  0.0000E+00  0.0000E+00  0.0000E+00  0.0000E+00  0.0000E+00  0.0000E+00  0.0000E+00  0.0000E+00  0.0000E+00  0.0000E+00
      9.356  0.0000E+00  0.0000E+00  0.0000E+00  0.0000E+00  0.0000E+00  0.0000E+00  0.0000E+00  0.0000E+00  0.0000E+00  0.0000E+00  0.0000E+00  0.0000E+00  0.0000E+00  0.0000E+00  0.0000E+00  0.0000E+00  0.0000E+00  0.0000E+00
      9.366  0.0000E+00  0.0000E+00  0.0000E+00  0.0000E+00  0.0000E+00  0.0000E+00  0.0000E+00  0.0000E+00  0.0000E+00  0.0000E+00  0.0000E+00  0.0000E+00  0.0000E+00  0.0000E+00  0.0000E+00  0.0000E+00  0.0000E+00  0.0000E+00
      9.376  0.0000E+00  0.0000E+00  0.0000E+00  0.0000E+00  0.0000E+00  0.0000E+00  0.0000E+00  0.0000E+00  0.0000E+00  0.0000E+00  0.0000E+00  0.0000E+00  0.0000E+00  0.0000E+00  0.0000E+00  0.0000E+00  0.0000E+00  0.0000E+00
      9.386  0.0000E+00  0.0000E+00  0.0000E+00  0.0000E+00  0.0000E+00  0.0000E+00  0.0000E+00  0.0000E+00  0.0000E+00  0.0000E+00  0.0000E+00  0.0000E+00  0.0000E+00  0.0000E+00  0.0000E+00  0.0000E+00  0.0000E+00  0.0000E+00
      9.396  0.0000E+00  0.0000E+00  0.0000E+00  0.0000E+00  0.0000E+00  0.0000E+00  0.0000E+00  0.0000E+00  0.0000E+00  0.0000E+00  0.0000E+00  0.0000E+00  0.0000E+00  0.0000E+00  0.0000E+00  0.0000E+00  0.0000E+00  0.0000E+00
      9.406  0.0000E+00  0.0000E+00  0.0000E+00  0.0000E+00  0.0000E+00  0.0000E+00  0.0000E+00  0.0000E+00  0.0000E+00  0.0000E+00  0.0000E+00  0.0000E+00  0.0000E+00  0.0000E+00  0.0000E+00  0.0000E+00  0.0000E+00  0.0000E+00
      9.416  0.0000E+00  0.0000E+00  0.0000E+00  0.0000E+00  0.0000E+00  0.0000E+00  0.0000E+00  0.0000E+00  0.0000E+00  0.0000E+00  0.0000E+00  0.0000E+00  0.0000E+00  0.0000E+00  0.0000E+00  0.0000E+00  0.0000E+00  0.0000E+00
      9.426  0.0000E+00  0.0000E+00  0.0000E+00  0.0000E+00  0.0000E+00  0.0000E+00  0.0000E+00  0.0000E+00  0.0000E+00  0.0000E+00  0.0000E+00  0.0000E+00  0.0000E+00  0.0000E+00  0.0000E+00  0.0000E+00  0.0000E+00  0.0000E+00
      9.436  0.0000E+00  0.0000E+00  0.0000E+00  0.0000E+00  0.0000E+00  0.0000E+00  0.0000E+00  0.0000E+00  0.0000E+00  0.0000E+00  0.0000E+00  0.0000E+00  0.0000E+00  0.0000E+00  0.0000E+00  0.0000E+00  0.0000E+00  0.0000E+00
      9.446  0.0000E+00  0.0000E+00  0.0000E+00  0.0000E+00  0.0000E+00  0.0000E+00  0.0000E+00  0.0000E+00  0.0000E+00  0.0000E+00  0.0000E+00  0.0000E+00  0.0000E+00  0.0000E+00  0.0000E+00  0.0000E+00  0.0000E+00  0.0000E+00
      9.456  0.0000E+00  0.0000E+00  0.0000E+00  0.0000E+00  0.0000E+00  0.0000E+00  0.0000E+00  0.0000E+00  0.0000E+00  0.0000E+00  0.0000E+00  0.0000E+00  0.0000E+00  0.0000E+00  0.0000E+00  0.0000E+00  0.0000E+00  0.0000E+00
      9.466  0.0000E+00  0.0000E+00  0.0000E+00  0.0000E+00  0.0000E+00  0.0000E+00  0.0000E+00  0.0000E+00  0.0000E+00  0.0000E+00  0.0000E+00  0.0000E+00  0.0000E+00  0.0000E+00  0.0000E+00  0.0000E+00  0.0000E+00  0.0000E+00
      9.476  0.0000E+00  0.0000E+00  0.0000E+00  0.0000E+00  0.0000E+00  0.0000E+00  0.0000E+00  0.0000E+00  0.0000E+00  0.0000E+00  0.0000E+00  0.0000E+00  0.0000E+00  0.0000E+00  0.0000E+00  0.0000E+00  0.0000E+00  0.0000E+00
      9.486  0.0000E+00  0.0000E+00  0.0000E+00  0.0000E+00  0.0000E+00  0.0000E+00  0.0000E+00  0.0000E+00  0.0000E+00  0.0000E+00  0.0000E+00  0.0000E+00  0.0000E+00  0.0000E+00  0.0000E+00  0.0000E+00  0.0000E+00  0.0000E+00
      9.496  0.0000E+00  0.0000E+00  0.0000E+00  0.0000E+00  0.0000E+00  0.0000E+00  0.0000E+00  0.0000E+00  0.0000E+00  0.0000E+00  0.0000E+00  0.0000E+00  0.0000E+00  0.0000E+00  0.0000E+00  0.0000E+00  0.0000E+00  0.0000E+00
      9.506  0.0000E+00  0.0000E+00  0.0000E+00  0.0000E+00  0.0000E+00  0.0000E+00  0.0000E+00  0.0000E+00  0.0000E+00  0.0000E+00  0.0000E+00  0.0000E+00  0.0000E+00  0.0000E+00  0.0000E+00  0.0000E+00  0.0000E+00  0.0000E+00
      9.516  0.0000E+00  0.0000E+00  0.0000E+00  0.0000E+00  0.0000E+00  0.0000E+00  0.0000E+00  0.0000E+00  0.0000E+00  0.0000E+00  0.0000E+00  0.0000E+00  0.0000E+00  0.0000E+00  0.0000E+00  0.0000E+00  0.0000E+00  0.0000E+00
      9.526  0.0000E+00  0.0000E+00  0.0000E+00  0.0000E+00  0.0000E+00  0.0000E+00  0.0000E+00  0.0000E+00  0.0000E+00  0.0000E+00  0.0000E+00  0.0000E+00  0.0000E+00  0.0000E+00  0.0000E+00  0.0000E+00  0.0000E+00  0.0000E+00
      9.536  0.0000E+00  0.0000E+00  0.0000E+00  0.0000E+00  0.0000E+00  0.0000E+00  0.0000E+00  0.0000E+00  0.0000E+00  0.0000E+00  0.0000E+00  0.0000E+00  0.0000E+00  0.0000E+00  0.0000E+00  0.0000E+00  0.0000E+00  0.0000E+00
      9.546  0.0000E+00  0.0000E+00  0.0000E+00  0.0000E+00  0.0000E+00  0.0000E+00  0.0000E+00  0.0000E+00  0.0000E+00  0.0000E+00  0.0000E+00  0.0000E+00  0.0000E+00  0.0000E+00  0.0000E+00  0.0000E+00  0.0000E+00  0.0000E+00
      9.556  0.0000E+00  0.0000E+00  0.0000E+00  0.0000E+00  0.0000E+00  0.0000E+00  0.0000E+00  0.0000E+00  0.0000E+00  0.0000E+00  0.0000E+00  0.0000E+00  0.0000E+00  0.0000E+00  0.0000E+00  0.0000E+00  0.0000E+00  0.0000E+00
      9.566  0.0000E+00  0.0000E+00  0.0000E+00  0.0000E+00  0.0000E+00  0.0000E+00  0.0000E+00  0.0000E+00  0.0000E+00  0.0000E+00  0.0000E+00  0.0000E+00  0.0000E+00  0.0000E+00  0.0000E+00  0.0000E+00  0.0000E+00  0.0000E+00
      9.576  0.0000E+00  0.0000E+00  0.0000E+00  0.0000E+00  0.0000E+00  0.0000E+00  0.0000E+00  0.0000E+00  0.0000E+00  0.0000E+00  0.0000E+00  0.0000E+00  0.0000E+00  0.0000E+00  0.0000E+00  0.0000E+00  0.0000E+00  0.0000E+00
      9.586  0.0000E+00  0.0000E+00  0.0000E+00  0.0000E+00  0.0000E+00  0.0000E+00  0.0000E+00  0.0000E+00  0.0000E+00  0.0000E+00  0.0000E+00  0.0000E+00  0.0000E+00  0.0000E+00  0.0000E+00  0.0000E+00  0.0000E+00  0.0000E+00
      9.596  0.0000E+00  0.0000E+00  0.0000E+00  0.0000E+00  0.0000E+00  0.0000E+00  0.0000E+00  0.0000E+00  0.0000E+00  0.0000E+00  0.0000E+00  0.0000E+00  0.0000E+00  0.0000E+00  0.0000E+00  0.0000E+00  0.0000E+00  0.0000E+00
      9.606  0.0000E+00  0.0000E+00  0.0000E+00  0.0000E+00  0.0000E+00  0.0000E+00  0.0000E+00  0.0000E+00  0.0000E+00  0.0000E+00  0.0000E+00  0.0000E+00  0.0000E+00  0.0000E+00  0.0000E+00  0.0000E+00  0.0000E+00  0.0000E+00
      9.616  0.0000E+00  0.0000E+00  0.0000E+00  0.0000E+00  0.0000E+00  0.0000E+00  0.0000E+00  0.0000E+00  0.0000E+00  0.0000E+00  0.0000E+00  0.0000E+00  0.0000E+00  0.0000E+00  0.0000E+00  0.0000E+00  0.0000E+00  0.0000E+00
      9.626  0.0000E+00  0.0000E+00  0.0000E+00  0.0000E+00  0.0000E+00  0.0000E+00  0.0000E+00  0.0000E+00  0.0000E+00  0.0000E+00  0.0000E+00  0.0000E+00  0.0000E+00  0.0000E+00  0.0000E+00  0.0000E+00  0.0000E+00  0.0000E+00
      9.636  0.0000E+00  0.0000E+00  0.0000E+00  0.0000E+00  0.0000E+00  0.0000E+00  0.0000E+00  0.0000E+00  0.0000E+00  0.0000E+00  0.0000E+00  0.0000E+00  0.0000E+00  0.0000E+00  0.0000E+00  0.0000E+00  0.0000E+00  0.0000E+00
      9.646  0.0000E+00  0.0000E+00  0.0000E+00  0.0000E+00  0.0000E+00  0.0000E+00  0.0000E+00  0.0000E+00  0.0000E+00  0.0000E+00  0.0000E+00  0.0000E+00  0.0000E+00  0.0000E+00  0.0000E+00  0.0000E+00  0.0000E+00  0.0000E+00
      9.656  0.0000E+00  0.0000E+00  0.0000E+00  0.0000E+00  0.0000E+00  0.0000E+00  0.0000E+00  0.0000E+00  0.0000E+00  0.0000E+00  0.0000E+00  0.0000E+00  0.0000E+00  0.0000E+00  0.0000E+00  0.0000E+00  0.0000E+00  0.0000E+00
      9.666  0.0000E+00  0.0000E+00  0.0000E+00  0.0000E+00  0.0000E+00  0.0000E+00  0.0000E+00  0.0000E+00  0.0000E+00  0.0000E+00  0.0000E+00  0.0000E+00  0.0000E+00  0.0000E+00  0.0000E+00  0.0000E+00  0.0000E+00  0.0000E+00
      9.676  0.0000E+00  0.0000E+00  0.0000E+00  0.0000E+00  0.0000E+00  0.0000E+00  0.0000E+00  0.0000E+00  0.0000E+00  0.0000E+00  0.0000E+00  0.0000E+00  0.0000E+00  0.0000E+00  0.0000E+00  0.0000E+00  0.0000E+00  0.0000E+00
      9.686  0.0000E+00  0.0000E+00  0.0000E+00  0.0000E+00  0.0000E+00  0.0000E+00  0.0000E+00  0.0000E+00  0.0000E+00  0.0000E+00  0.0000E+00  0.0000E+00  0.0000E+00  0.0000E+00  0.0000E+00  0.0000E+00  0.0000E+00  0.0000E+00
      9.696  0.0000E+00  0.0000E+00  0.0000E+00  0.0000E+00  0.0000E+00  0.0000E+00  0.0000E+00  0.0000E+00  0.0000E+00  0.0000E+00  0.0000E+00  0.0000E+00  0.0000E+00  0.0000E+00  0.0000E+00  0.0000E+00  0.0000E+00  0.0000E+00
      9.706  0.0000E+00  0.0000E+00  0.0000E+00  0.0000E+00  0.0000E+00  0.0000E+00  0.0000E+00  0.0000E+00  0.0000E+00  0.0000E+00  0.0000E+00  0.0000E+00  0.0000E+00  0.0000E+00  0.0000E+00  0.0000E+00  0.0000E+00  0.0000E+00
      9.716  0.0000E+00  0.0000E+00  0.0000E+00  0.0000E+00  0.0000E+00  0.0000E+00  0.0000E+00  0.0000E+00  0.0000E+00  0.0000E+00  0.0000E+00  0.0000E+00  0.0000E+00  0.0000E+00  0.0000E+00  0.0000E+00  0.0000E+00  0.0000E+00
      9.726  0.0000E+00  0.0000E+00  0.0000E+00  0.0000E+00  0.0000E+00  0.0000E+00  0.0000E+00  0.0000E+00  0.0000E+00  0.0000E+00  0.0000E+00  0.0000E+00  0.0000E+00  0.0000E+00  0.0000E+00  0.0000E+00  0.0000E+00  0.0000E+00
      9.736  0.0000E+00  0.0000E+00  0.0000E+00  0.0000E+00  0.0000E+00  0.0000E+00  0.0000E+00  0.0000E+00  0.0000E+00  0.0000E+00  0.0000E+00  0.0000E+00  0.0000E+00  0.0000E+00  0.0000E+00  0.0000E+00  0.0000E+00  0.0000E+00
      9.746  0.0000E+00  0.0000E+00  0.0000E+00  0.0000E+00  0.0000E+00  0.0000E+00  0.0000E+00  0.0000E+00  0.0000E+00  0.0000E+00  0.0000E+00  0.0000E+00  0.0000E+00  0.0000E+00  0.0000E+00  0.0000E+00  0.0000E+00  0.0000E+00
      9.756  0.0000E+00  0.0000E+00  0.0000E+00  0.0000E+00  0.0000E+00  0.0000E+00  0.0000E+00  0.0000E+00  0.0000E+00  0.0000E+00  0.0000E+00  0.0000E+00  0.0000E+00  0.0000E+00  0.0000E+00  0.0000E+00  0.0000E+00  0.0000E+00
      9.766  0.0000E+00  0.0000E+00  0.0000E+00  0.0000E+00  0.0000E+00  0.0000E+00  0.0000E+00  0.0000E+00  0.0000E+00  0.0000E+00  0.0000E+00  0.0000E+00  0.0000E+00  0.0000E+00  0.0000E+00  0.0000E+00  0.0000E+00  0.0000E+00
      9.776  0.0000E+00  0.0000E+00  0.0000E+00  0.0000E+00  0.0000E+00  0.0000E+00  0.0000E+00  0.0000E+00  0.0000E+00  0.0000E+00  0.0000E+00  0.0000E+00  0.0000E+00  0.0000E+00  0.0000E+00  0.0000E+00  0.0000E+00  0.0000E+00
      9.786  0.0000E+00  0.0000E+00  0.0000E+00  0.0000E+00  0.0000E+00  0.0000E+00  0.0000E+00  0.0000E+00  0.0000E+00  0.0000E+00  0.0000E+00  0.0000E+00  0.0000E+00  0.0000E+00  0.0000E+00  0.0000E+00  0.0000E+00  0.0000E+00
      9.796  0.0000E+00  0.0000E+00  0.0000E+00  0.0000E+00  0.0000E+00  0.0000E+00  0.0000E+00  0.0000E+00  0.0000E+00  0.0000E+00  0.0000E+00  0.0000E+00  0.0000E+00  0.0000E+00  0.0000E+00  0.0000E+00  0.0000E+00  0.0000E+00
      9.806  0.0000E+00  0.0000E+00  0.0000E+00  0.0000E+00  0.0000E+00  0.0000E+00  0.0000E+00  0.0000E+00  0.0000E+00  0.0000E+00  0.0000E+00  0.0000E+00  0.0000E+00  0.0000E+00  0.0000E+00  0.0000E+00  0.0000E+00  0.0000E+00
      9.816  0.0000E+00  0.0000E+00  0.0000E+00  0.0000E+00  0.0000E+00  0.0000E+00  0.0000E+00  0.0000E+00  0.0000E+00  0.0000E+00  0.0000E+00  0.0000E+00  0.0000E+00  0.0000E+00  0.0000E+00  0.0000E+00  0.0000E+00  0.0000E+00
      9.826  0.0000E+00  0.0000E+00  0.0000E+00  0.0000E+00  0.0000E+00  0.0000E+00  0.0000E+00  0.0000E+00  0.0000E+00  0.0000E+00  0.0000E+00  0.0000E+00  0.0000E+00  0.0000E+00  0.0000E+00  0.0000E+00  0.0000E+00  0.0000E+00
      9.836  0.0000E+00  0.0000E+00  0.0000E+00  0.0000E+00  0.0000E+00  0.0000E+00  0.0000E+00  0.0000E+00  0.0000E+00  0.0000E+00  0.0000E+00  0.0000E+00  0.0000E+00  0.0000E+00  0.0000E+00  0.0000E+00  0.0000E+00  0.0000E+00
      9.846  0.0000E+00  0.0000E+00  0.0000E+00  0.0000E+00  0.0000E+00  0.0000E+00  0.0000E+00  0.0000E+00  0.0000E+00  0.0000E+00  0.0000E+00  0.0000E+00  0.0000E+00  0.0000E+00  0.0000E+00  0.0000E+00  0.0000E+00  0.0000E+00
      9.856  0.0000E+00  0.0000E+00  0.0000E+00  0.0000E+00  0.0000E+00  0.0000E+00  0.0000E+00  0.0000E+00  0.0000E+00  0.0000E+00  0.0000E+00  0.0000E+00  0.0000E+00  0.0000E+00  0.0000E+00  0.0000E+00  0.0000E+00  0.0000E+00
      9.866  0.0000E+00  0.0000E+00  0.0000E+00  0.0000E+00  0.0000E+00  0.0000E+00  0.0000E+00  0.0000E+00  0.0000E+00  0.0000E+00  0.0000E+00  0.0000E+00  0.0000E+00  0.0000E+00  0.0000E+00  0.0000E+00  0.0000E+00  0.0000E+00
      9.876  0.0000E+00  0.0000E+00  0.0000E+00  0.0000E+00  0.0000E+00  0.0000E+00  0.0000E+00  0.0000E+00  0.0000E+00  0.0000E+00  0.0000E+00  0.0000E+00  0.0000E+00  0.0000E+00  0.0000E+00  0.0000E+00  0.0000E+00  0.0000E+00
      9.886  0.0000E+00  0.0000E+00  0.0000E+00  0.0000E+00  0.0000E+00  0.0000E+00  0.0000E+00  0.0000E+00  0.0000E+00  0.0000E+00  0.0000E+00  0.0000E+00  0.0000E+00  0.0000E+00  0.0000E+00  0.0000E+00  0.0000E+00  0.0000E+00
      9.896  0.0000E+00  0.0000E+00  0.0000E+00  0.0000E+00  0.0000E+00  0.0000E+00  0.0000E+00  0.0000E+00  0.0000E+00  0.0000E+00  0.0000E+00  0.0000E+00  0.0000E+00  0.0000E+00  0.0000E+00  0.0000E+00  0.0000E+00  0.0000E+00
      9.906  0.0000E+00  0.0000E+00  0.0000E+00  0.0000E+00  0.0000E+00  0.0000E+00  0.0000E+00  0.0000E+00  0.0000E+00  0.0000E+00  0.0000E+00  0.0000E+00  0.0000E+00  0.0000E+00  0.0000E+00  0.0000E+00  0.0000E+00  0.0000E+00
      9.916  0.0000E+00  0.0000E+00  0.0000E+00  0.0000E+00  0.0000E+00  0.0000E+00  0.0000E+00  0.0000E+00  0.0000E+00  0.0000E+00  0.0000E+00  0.0000E+00  0.0000E+00  0.0000E+00  0.0000E+00  0.0000E+00  0.0000E+00  0.0000E+00
      9.926  0.0000E+00  0.0000E+00  0.0000E+00  0.0000E+00  0.0000E+00  0.0000E+00  0.0000E+00  0.0000E+00  0.0000E+00  0.0000E+00  0.0000E+00  0.0000E+00  0.0000E+00  0.0000E+00  0.0000E+00  0.0000E+00  0.0000E+00  0.0000E+00
      9.936  0.0000E+00  0.0000E+00  0.0000E+00  0.0000E+00  0.0000E+00  0.0000E+00  0.0000E+00  0.0000E+00  0.0000E+00  0.0000E+00  0.0000E+00  0.0000E+00  0.0000E+00  0.0000E+00  0.0000E+00  0.0000E+00  0.0000E+00  0.0000E+00
      9.946  0.0000E+00  0.0000E+00  0.0000E+00  0.0000E+00  0.0000E+00  0.0000E+00  0.0000E+00  0.0000E+00  0.0000E+00  0.0000E+00  0.0000E+00  0.0000E+00  0.0000E+00  0.0000E+00  0.0000E+00  0.0000E+00  0.0000E+00  0.0000E+00
      9.956  0.0000E+00  0.0000E+00  0.0000E+00  0.0000E+00  0.0000E+00  0.0000E+00  0.0000E+00  0.0000E+00  0.0000E+00  0.0000E+00  0.0000E+00  0.0000E+00  0.0000E+00  0.0000E+00  0.0000E+00  0.0000E+00  0.0000E+00  0.0000E+00
      9.966  0.0000E+00  0.0000E+00  0.0000E+00  0.0000E+00  0.0000E+00  0.0000E+00  0.0000E+00  0.0000E+00  0.0000E+00  0.0000E+00  0.0000E+00  0.0000E+00  0.0000E+00  0.0000E+00  0.0000E+00  0.0000E+00  0.0000E+00  0.0000E+00
      9.976  0.0000E+00  0.0000E+00  0.0000E+00  0.0000E+00  0.0000E+00  0.0000E+00  0.0000E+00  0.0000E+00  0.0000E+00  0.0000E+00  0.0000E+00  0.0000E+00  0.0000E+00  0.0000E+00  0.0000E+00  0.0000E+00  0.0000E+00  0.0000E+00
      9.986  0.0000E+00  0.0000E+00  0.0000E+00  0.0000E+00  0.0000E+00  0.0000E+00  0.0000E+00  0.0000E+00  0.0000E+00  0.0000E+00  0.0000E+00  0.0000E+00  0.0000E+00  0.0000E+00  0.0000E+00  0.0000E+00  0.0000E+00  0.0000E+00
      9.996  0.0000E+00  0.0000E+00  0.0000E+00  0.0000E+00  0.0000E+00  0.0000E+00  0.0000E+00  0.0000E+00  0.0000E+00  0.0000E+00  0.0000E+00  0.0000E+00  0.0000E+00  0.0000E+00  0.0000E+00  0.0000E+00  0.0000E+00  0.0000E+00
      10.006  0.0000E+00  0.0000E+00  0.0000E+00  0.0000E+00  0.0000E+00  0.0000E+00  0.0000E+00  0.0000E+00  0.0000E+00  0.0000E+00  0.0000E+00  0.0000E+00  0.0000E+00  0.0000E+00  0.0000E+00  0.0000E+00  0.0000E+00  0.0000E+00
