      7.00000000     -7.00000000 1400     -3.01369749      1.00000000
     -3.986  0.5576E-01  0.2029E-01  0.1136E-01  0.1244E-02  0.1003E-01  0.4507E-02  0.7950E-02  0.5148E-03  0.3247E-01  0.1446E-02  0.9672E+00  0.2539E-01  0.6447E+00  0.3891E-01  0.5841E+00  0.1111E-01  0.8211E-01  0.5038E-03
     -3.976  0.4460E-01  0.2269E-01  0.8334E-02  0.1327E-02  0.8255E-02  0.5109E-02  0.5902E-02  0.4567E-03  0.3321E-01  0.1460E-02  0.7079E+00  0.2710E-01  0.5643E+00  0.4501E-01  0.4228E+00  0.1024E-01  0.5083E-01  0.5123E-03
     -3.966  0.4092E-01  0.2491E-01  0.7953E-02  0.1361E-02  0.7773E-02  0.5611E-02  0.6833E-02  0.3901E-03  0.3676E-01  0.1434E-02  0.6764E+00  0.2805E-01  0.5595E+00  0.4951E-01  0.4871E+00  0.9458E-02  0.4916E-01  0.5173E-03
     -3.956  0.3478E-01  0.2469E-01  0.5394E-02  0.9307E-03  0.6793E-02  0.5630E-02  0.8116E-02  0.3371E-03  0.3385E-01  0.1012E-02  0.4597E+00  0.2037E-01  0.5109E+00  0.5041E-01  0.5803E+00  0.8595E-02  0.4308E-01  0.3961E-03
     -3.946  0.3351E-01  0.2842E-01  0.5468E-02  0.9262E-03  0.6847E-02  0.6484E-02  0.1002E-01  0.4237E-03  0.4130E-01  0.1050E-02  0.4686E+00  0.2065E-01  0.5603E+00  0.5829E-01  0.7186E+00  0.1069E-01  0.4391E-01  0.4092E-03
     -3.936  0.2407E-01  0.3196E-01  0.3641E-02  0.9232E-03  0.4664E-02  0.7277E-02  0.5867E-02  0.5185E-03  0.2514E-01  0.1095E-02  0.3168E+00  0.2095E-01  0.3647E+00  0.6546E-01  0.4275E+00  0.1293E-01  0.2954E-01  0.4225E-03
     -3.926  0.2282E-01  0.3085E-01  0.3402E-02  0.8726E-03  0.4346E-02  0.6986E-02  0.5470E-02  0.5608E-03  0.2360E-01  0.1073E-02  0.2989E+00  0.1992E-01  0.3398E+00  0.6290E-01  0.4020E+00  0.1369E-01  0.2830E-01  0.4180E-03
     -3.916  0.2493E-01  0.2603E-01  0.3410E-02  0.8085E-03  0.4575E-02  0.5865E-02  0.5410E-02  0.5110E-03  0.2356E-01  0.9815E-03  0.3042E+00  0.1837E-01  0.3517E+00  0.5295E-01  0.4019E+00  0.1220E-01  0.2914E-01  0.4038E-03
     -3.906  0.3194E-01  0.2214E-01  0.4103E-02  0.7408E-03  0.5586E-02  0.4956E-02  0.6110E-02  0.4807E-03  0.2574E-01  0.8888E-03  0.3754E+00  0.1681E-01  0.4147E+00  0.4485E-01  0.4642E+00  0.1121E-01  0.3763E-01  0.3893E-03
     -3.896  0.3513E-01  0.1588E-01  0.4366E-02  0.7075E-03  0.5724E-02  0.3568E-02  0.6307E-02  0.3195E-03  0.2042E-01  0.7856E-03  0.4108E+00  0.1552E-01  0.3925E+00  0.3285E-01  0.5015E+00  0.7197E-02  0.5000E-01  0.3925E-03
     -3.886  0.3737E-01  0.1504E-01  0.9921E-02  0.7734E-03  0.5707E-02  0.3374E-02  0.7482E-02  0.3059E-03  0.2614E-01  0.8535E-03  0.9621E+00  0.1659E-01  0.3842E+00  0.3136E-01  0.6262E+00  0.6647E-02  0.9058E-01  0.4277E-03
     -3.876  0.3410E-01  0.1522E-01  0.7443E-02  0.8320E-03  0.4969E-02  0.3437E-02  0.7003E-02  0.3156E-03  0.1937E-01  0.9265E-03  0.7306E+00  0.1757E-01  0.3151E+00  0.3249E-01  0.5882E+00  0.6658E-02  0.7844E-01  0.4607E-03
     -3.866  0.2228E-01  0.1519E-01  0.3445E-02  0.8828E-03  0.3151E-02  0.3457E-02  0.4513E-02  0.3248E-03  0.1044E-01  0.9944E-03  0.3406E+00  0.1837E-01  0.1932E+00  0.3328E-01  0.3792E+00  0.6638E-02  0.4509E-01  0.4902E-03
     -3.856  0.1640E-01  0.1521E-01  0.1590E-02  0.9270E-03  0.2342E-02  0.3453E-02  0.3047E-02  0.3386E-03  0.5432E-02  0.1056E-02  0.1607E+00  0.1921E-01  0.1443E+00  0.3357E-01  0.2566E+00  0.6813E-02  0.2818E-01  0.5199E-03
     -3.846  0.1665E-01  0.1766E-01  0.1377E-02  0.1113E-02  0.2281E-02  0.3958E-02  0.3128E-02  0.3899E-03  0.4837E-02  0.1294E-02  0.1422E+00  0.2318E-01  0.1360E+00  0.3853E-01  0.2660E+00  0.7838E-02  0.2826E-01  0.6257E-03
     -3.836  0.2076E-01  0.2156E-01  0.1595E-02  0.1363E-02  0.2737E-02  0.4849E-02  0.3906E-02  0.4227E-03  0.5391E-02  0.1526E-02  0.1675E+00  0.2879E-01  0.1591E+00  0.4836E-01  0.3380E+00  0.8316E-02  0.3538E-01  0.8532E-03
     -3.826  0.2625E-01  0.2588E-01  0.1814E-02  0.1551E-02  0.3375E-02  0.5866E-02  0.4578E-02  0.4371E-03  0.5809E-02  0.1646E-02  0.1927E+00  0.3337E-01  0.1923E+00  0.5991E-01  0.4037E+00  0.8445E-02  0.4277E-01  0.1091E-02
     -3.816  0.2845E-01  0.3010E-01  0.1961E-02  0.1731E-02  0.3625E-02  0.6808E-02  0.4807E-02  0.4689E-03  0.5838E-02  0.1788E-02  0.2090E+00  0.3777E-01  0.2058E+00  0.7015E-01  0.4300E+00  0.9204E-02  0.4652E-01  0.1271E-02
     -3.806  0.3091E-01  0.3398E-01  0.2177E-02  0.1915E-02  0.3921E-02  0.7643E-02  0.5707E-02  0.5591E-03  0.7711E-02  0.1970E-02  0.2334E+00  0.4197E-01  0.2259E+00  0.7931E-01  0.5159E+00  0.1115E-01  0.5357E-01  0.1445E-02
     -3.796  0.3112E-01  0.4299E-01  0.3214E-02  0.2394E-02  0.3988E-02  0.9739E-02  0.6265E-02  0.8101E-03  0.1364E-01  0.2524E-02  0.3469E+00  0.5250E-01  0.2494E+00  0.1037E+00  0.5706E+00  0.1573E-01  0.5966E-01  0.1913E-02
     -3.786  0.3958E-01  0.3392E-01  0.4264E-02  0.1858E-02  0.5017E-02  0.7313E-02  0.7118E-02  0.6966E-03  0.1948E-01  0.1863E-02  0.4629E+00  0.4123E-01  0.3241E+00  0.7400E-01  0.6574E+00  0.1500E-01  0.6966E-01  0.1485E-02
     -3.776  0.3388E-01  0.3794E-01  0.3282E-02  0.1939E-02  0.4152E-02  0.8095E-02  0.6552E-02  0.8584E-03  0.1636E-01  0.2025E-02  0.3602E+00  0.4356E-01  0.2687E+00  0.8156E-01  0.6144E+00  0.1863E-01  0.6143E-01  0.1563E-02
     -3.766  0.2729E-01  0.5404E-01  0.2895E-02  0.2269E-02  0.3255E-02  0.1128E-01  0.6381E-02  0.1335E-02  0.1736E-01  0.2680E-02  0.3195E+00  0.5250E-01  0.2198E+00  0.1112E+00  0.5999E+00  0.3032E-01  0.5510E-01  0.1660E-02
     -3.756  0.2809E-01  0.4409E-01  0.2777E-02  0.1916E-02  0.3198E-02  0.9312E-02  0.5935E-02  0.1024E-02  0.1809E-01  0.2121E-02  0.3143E+00  0.4420E-01  0.2147E+00  0.9384E-01  0.5678E+00  0.2287E-01  0.5144E-01  0.1496E-02
     -3.746  0.2259E-01  0.3301E-01  0.1555E-02  0.1623E-02  0.2516E-02  0.6990E-02  0.3494E-02  0.7687E-03  0.1189E-01  0.1696E-02  0.1753E+00  0.3712E-01  0.1707E+00  0.7147E-01  0.3372E+00  0.1677E-01  0.2926E-01  0.1327E-02
     -3.736  0.2593E-01  0.2615E-01  0.1301E-02  0.1457E-02  0.2834E-02  0.5452E-02  0.3819E-02  0.6928E-03  0.1222E-01  0.1575E-02  0.1487E+00  0.3310E-01  0.1872E+00  0.5583E-01  0.3721E+00  0.1478E-01  0.3079E-01  0.1195E-02
     -3.726  0.2391E-01  0.2336E-01  0.8543E-03  0.1286E-02  0.2547E-02  0.4848E-02  0.2838E-02  0.6685E-03  0.7687E-02  0.1419E-02  0.9869E-01  0.2947E-01  0.1599E+00  0.4978E-01  0.2810E+00  0.1403E-01  0.2481E-01  0.1096E-02
     -3.716  0.2371E-01  0.2052E-01  0.7505E-03  0.1104E-02  0.2507E-02  0.4254E-02  0.2621E-02  0.6297E-03  0.6991E-02  0.1234E-02  0.8718E-01  0.2554E-01  0.1566E+00  0.4394E-01  0.2614E+00  0.1295E-01  0.2324E-01  0.9943E-03
     -3.706  0.2337E-01  0.1824E-01  0.6520E-03  0.1032E-02  0.2454E-02  0.3779E-02  0.2405E-02  0.6300E-03  0.6320E-02  0.1180E-02  0.7626E-01  0.2376E-01  0.1525E+00  0.3947E-01  0.2418E+00  0.1259E-01  0.2166E-01  0.9638E-03
     -3.696  0.2288E-01  0.1724E-01  0.5589E-03  0.1049E-02  0.2387E-02  0.3570E-02  0.2191E-02  0.7195E-03  0.5672E-02  0.1280E-02  0.6591E-01  0.2388E-01  0.1478E+00  0.3791E-01  0.2221E+00  0.1400E-01  0.2006E-01  0.9985E-03
     -3.686  0.2329E-01  0.1698E-01  0.4816E-03  0.1147E-02  0.2414E-02  0.3570E-02  0.2077E-02  0.9119E-03  0.5314E-02  0.1522E-02  0.5775E-01  0.2554E-01  0.1501E+00  0.3957E-01  0.2128E+00  0.1702E-01  0.1907E-01  0.1113E-02
     -3.676  0.2372E-01  0.1733E-01  0.4128E-03  0.1382E-02  0.2444E-02  0.3775E-02  0.1978E-02  0.1253E-02  0.5011E-02  0.2004E-02  0.5061E-01  0.2970E-01  0.1529E+00  0.4495E-01  0.2050E+00  0.2233E-01  0.1816E-01  0.1333E-02
     -3.666  0.2575E-01  0.1982E-01  0.3527E-03  0.1824E-02  0.2658E-02  0.4271E-02  0.2011E-02  0.1995E-02  0.4955E-02  0.2942E-02  0.4457E-01  0.3831E-01  0.1663E+00  0.5209E-01  0.2115E+00  0.3589E-01  0.1816E-01  0.1718E-02
     -3.656  0.3006E-01  0.2305E-01  0.3410E-03  0.2141E-02  0.3100E-02  0.4705E-02  0.2149E-02  0.2698E-02  0.5234E-02  0.3741E-02  0.4464E-01  0.4489E-01  0.1944E+00  0.5532E-01  0.2297E+00  0.5017E-01  0.1938E-01  0.2021E-02
     -3.646  0.4041E-01  0.1889E-01  0.3833E-03  0.1851E-02  0.4200E-02  0.4108E-02  0.2483E-02  0.1773E-02  0.6356E-02  0.2879E-02  0.5254E-01  0.3819E-01  0.2692E+00  0.5137E-01  0.2697E+00  0.3193E-01  0.2235E-01  0.1636E-02
     -3.636  0.5271E-01  0.2332E-01  0.4395E-03  0.2070E-02  0.5471E-02  0.5243E-02  0.2870E-02  0.1997E-02  0.7644E-02  0.3163E-02  0.6229E-01  0.4182E-01  0.3534E+00  0.6755E-01  0.3170E+00  0.3536E-01  0.2633E-01  0.1985E-02
     -3.626  0.5989E-01  0.2520E-01  0.3980E-03  0.2106E-02  0.6200E-02  0.5921E-02  0.2939E-02  0.1694E-02  0.8106E-02  0.3051E-02  0.5862E-01  0.4142E-01  0.4057E+00  0.7902E-01  0.3270E+00  0.2947E-01  0.2636E-01  0.1908E-02
     -3.616  0.6374E-01  0.2916E-01  0.3541E-03  0.2233E-02  0.6584E-02  0.6822E-02  0.2872E-02  0.1553E-02  0.8291E-02  0.2992E-02  0.5460E-01  0.4467E-01  0.4387E+00  0.9047E-01  0.3206E+00  0.2679E-01  0.2451E-01  0.2167E-02
     -3.606  0.5203E-01  0.4024E-01  0.3380E-03  0.2737E-02  0.5329E-02  0.9291E-02  0.2216E-02  0.1441E-02  0.6826E-02  0.3196E-02  0.5328E-01  0.5673E-01  0.3633E+00  0.1214E+00  0.2487E+00  0.2426E-01  0.1841E-01  0.2870E-02
     -3.596  0.9466E-01  0.5636E-01  0.1796E-02  0.4308E-02  0.8862E-02  0.1138E-01  0.6388E-02  0.1985E-02  0.2095E-01  0.5252E-02  0.2763E+00  0.9629E-01  0.5505E+00  0.1330E+00  0.7459E+00  0.3801E-01  0.5982E-01  0.4005E-02
     -3.586  0.5874E-01  0.3840E-01  0.1399E-02  0.2879E-02  0.5397E-02  0.7832E-02  0.3233E-02  0.1196E-02  0.1356E-01  0.3012E-02  0.2188E+00  0.6491E-01  0.3557E+00  0.9384E-01  0.3797E+00  0.2296E-01  0.3219E-01  0.3150E-02
     -3.576  0.5366E-01  0.4195E-01  0.8135E-03  0.3386E-02  0.4885E-02  0.8365E-02  0.3703E-02  0.1236E-02  0.1338E-01  0.3567E-02  0.1353E+00  0.7648E-01  0.3242E+00  0.9917E-01  0.4366E+00  0.2434E-01  0.3451E-01  0.3521E-02
     -3.566  0.3315E-01  0.5220E-01  0.6723E-03  0.5462E-02  0.2975E-02  0.1056E-01  0.2226E-02  0.1679E-02  0.8543E-02  0.5585E-02  0.1132E+00  0.1169E+00  0.1942E+00  0.1294E+00  0.2654E+00  0.3357E-01  0.2170E-01  0.5308E-02
     -3.556  0.2527E-01  0.5217E-01  0.5942E-03  0.4757E-02  0.2261E-02  0.9880E-02  0.1895E-02  0.1552E-02  0.7445E-02  0.4923E-02  0.1009E+00  0.1077E+00  0.1494E+00  0.1124E+00  0.2262E+00  0.3131E-01  0.1800E-01  0.4669E-02
     -3.546  0.1948E-01  0.2513E-01  0.5725E-03  0.2833E-02  0.1752E-02  0.4860E-02  0.1611E-02  0.1017E-02  0.7127E-02  0.2778E-02  0.9766E-01  0.6187E-01  0.1209E+00  0.5817E-01  0.1935E+00  0.1979E-01  0.1487E-01  0.3086E-02
     -3.536  0.1795E-01  0.2397E-01  0.5703E-03  0.2716E-02  0.1638E-02  0.4777E-02  0.1436E-02  0.1230E-02  0.7188E-02  0.2555E-02  0.9736E-01  0.5921E-01  0.1188E+00  0.5976E-01  0.1744E+00  0.2279E-01  0.1323E-01  0.3442E-02
     -3.526  0.1665E-01  0.2754E-01  0.5541E-03  0.3136E-02  0.1550E-02  0.5593E-02  0.1279E-02  0.1679E-02  0.7232E-02  0.2945E-02  0.9481E-01  0.6865E-01  0.1183E+00  0.7227E-01  0.1577E+00  0.3031E-01  0.1173E-01  0.4389E-02
     -3.516  0.1656E-01  0.2826E-01  0.5253E-03  0.2999E-02  0.1563E-02  0.5719E-02  0.1197E-02  0.1564E-02  0.7441E-02  0.2798E-02  0.9020E-01  0.6642E-01  0.1236E+00  0.7404E-01  0.1503E+00  0.2814E-01  0.1101E-01  0.4200E-02
     -3.506  0.2520E-01  0.2890E-01  0.4263E-03  0.2585E-02  0.2234E-02  0.5833E-02  0.1141E-02  0.1408E-02  0.7358E-02  0.2462E-02  0.7447E-01  0.5872E-01  0.1777E+00  0.7551E-01  0.1502E+00  0.2510E-01  0.1203E-01  0.3638E-02
     -3.496  0.3328E-01  0.2922E-01  0.5054E-03  0.2160E-02  0.2862E-02  0.5910E-02  0.1298E-02  0.1333E-02  0.9767E-02  0.2140E-02  0.9106E-01  0.5044E-01  0.2269E+00  0.7696E-01  0.1762E+00  0.2370E-01  0.1374E-01  0.3148E-02
     -3.486  0.4111E-01  0.2937E-01  0.7788E-03  0.1926E-02  0.3477E-02  0.5914E-02  0.1883E-02  0.1362E-02  0.1595E-01  0.2036E-02  0.1426E+00  0.4587E-01  0.2717E+00  0.7735E-01  0.2579E+00  0.2453E-01  0.1778E-01  0.2868E-02
     -3.476  0.5112E-01  0.3126E-01  0.8906E-03  0.2045E-02  0.4239E-02  0.6149E-02  0.2382E-02  0.1467E-02  0.2041E-01  0.2344E-02  0.1648E+00  0.4923E-01  0.3270E+00  0.7959E-01  0.3290E+00  0.2705E-01  0.2145E-01  0.2813E-02
     -3.466  0.6006E-01  0.3480E-01  0.9685E-03  0.2445E-02  0.4902E-02  0.6738E-02  0.2880E-02  0.1640E-02  0.2458E-01  0.2882E-02  0.1810E+00  0.5864E-01  0.3741E+00  0.8687E-01  0.4007E+00  0.3046E-01  0.2517E-01  0.3147E-02
     -3.456  0.6198E-01  0.3880E-01  0.6205E-03  0.2942E-02  0.4900E-02  0.7412E-02  0.2761E-02  0.1832E-02  0.2350E-01  0.3510E-02  0.1186E+00  0.7021E-01  0.3666E+00  0.9529E-01  0.3900E+00  0.3412E-01  0.2304E-01  0.3595E-02
     -3.446  0.4012E-01  0.3990E-01  0.5690E-03  0.3101E-02  0.3060E-02  0.7504E-02  0.3539E-02  0.1895E-02  0.2920E-01  0.3863E-02  0.1104E+00  0.7377E-01  0.2195E+00  0.9596E-01  0.5043E+00  0.3598E-01  0.2734E-01  0.3523E-02
     -3.436  0.2113E-01  0.4310E-01  0.5065E-03  0.3571E-02  0.1548E-02  0.7925E-02  0.1815E-02  0.2069E-02  0.1744E-01  0.4659E-02  0.9775E-01  0.8442E-01  0.1028E+00  0.1004E+00  0.2639E+00  0.3999E-01  0.1358E-01  0.3622E-02
     -3.426  0.2240E-01  0.5080E-01  0.4663E-03  0.5390E-02  0.1626E-02  0.9544E-02  0.1942E-02  0.4132E-02  0.1827E-01  0.8898E-02  0.9044E-01  0.1230E+00  0.1083E+00  0.1307E+00  0.2861E+00  0.7631E-01  0.1557E-01  0.4709E-02
     -3.416  0.2368E-01  0.3969E-01  0.3614E-03  0.3700E-02  0.1709E-02  0.7298E-02  0.1917E-02  0.2457E-02  0.1787E-01  0.6080E-02  0.7079E-01  0.8444E-01  0.1171E+00  0.9828E-01  0.2871E+00  0.4840E-01  0.1659E-01  0.2451E-02
     -3.406  0.2576E-01  0.3301E-01  0.2748E-03  0.2057E-02  0.1842E-02  0.6568E-02  0.1901E-02  0.1551E-02  0.1767E-01  0.3734E-02  0.5467E-01  0.4670E-01  0.1296E+00  0.9454E-01  0.2899E+00  0.3072E-01  0.1770E-01  0.1206E-02
     -3.396  0.2747E-01  0.4046E-01  0.2312E-03  0.3206E-02  0.1947E-02  0.8152E-02  0.1931E-02  0.2345E-02  0.1804E-01  0.5780E-02  0.4648E-01  0.7173E-01  0.1391E+00  0.1213E+00  0.2988E+00  0.4416E-01  0.1895E-01  0.2074E-02
     -3.386  0.2991E-01  0.4118E-01  0.2187E-03  0.3536E-02  0.2097E-02  0.7550E-02  0.2059E-02  0.1616E-02  0.1924E-01  0.4915E-02  0.4431E-01  0.8282E-01  0.1500E+00  0.1022E+00  0.3221E+00  0.3217E-01  0.2094E-01  0.2824E-02
     -3.376  0.3251E-01  0.4497E-01  0.2033E-03  0.4000E-02  0.2255E-02  0.7784E-02  0.2193E-02  0.9851E-03  0.2049E-01  0.4364E-02  0.4154E-01  0.9588E-01  0.1616E+00  0.9830E-01  0.3468E+00  0.2135E-01  0.2304E-01  0.3556E-02
     -3.366  0.2872E-01  0.7426E-01  0.1554E-03  0.6767E-02  0.2013E-02  0.1279E-01  0.1915E-02  0.1358E-02  0.1776E-01  0.6933E-02  0.3218E-01  0.1640E+00  0.1501E+00  0.1611E+00  0.3043E+00  0.2922E-01  0.2077E-01  0.6305E-02
     -3.356  0.2139E-01  0.9533E-01  0.8761E-04  0.9530E-02  0.1498E-02  0.1617E-01  0.1410E-02  0.1609E-02  0.1361E-01  0.9392E-02  0.1897E-01  0.2303E+00  0.1190E+00  0.2018E+00  0.2265E+00  0.3470E-01  0.1573E-01  0.9103E-02
     -3.346  0.2084E-01  0.8712E-01  0.6688E-04  0.1052E-01  0.1439E-02  0.1491E-01  0.1332E-02  0.1705E-02  0.1339E-01  0.1059E-01  0.1529E-01  0.2477E+00  0.1171E+00  0.1944E+00  0.2173E+00  0.3442E-01  0.1546E-01  0.9922E-02
     -3.336  0.2028E-01  0.8497E-01  0.5908E-04  0.9962E-02  0.1373E-02  0.1474E-01  0.1221E-02  0.1759E-02  0.1285E-01  0.1007E-01  0.1520E-01  0.2341E+00  0.1143E+00  0.1964E+00  0.2033E+00  0.3512E-01  0.1492E-01  0.9423E-02
     -3.326  0.2066E-01  0.7865E-01  0.5858E-04  0.9332E-02  0.1362E-02  0.1389E-01  0.1125E-02  0.1982E-02  0.1193E-01  0.9585E-02  0.1633E-01  0.2180E+00  0.1150E+00  0.1910E+00  0.1913E+00  0.3849E-01  0.1476E-01  0.9020E-02
     -3.316  0.2053E-01  0.6687E-01  0.5753E-04  0.8065E-02  0.1324E-02  0.1216E-01  0.1010E-02  0.1925E-02  0.1078E-01  0.8399E-02  0.1724E-01  0.1864E+00  0.1131E+00  0.1741E+00  0.1749E+00  0.3701E-01  0.1430E-01  0.7883E-02
     -3.306  0.1910E-01  0.5690E-01  0.5324E-04  0.7085E-02  0.1216E-02  0.1070E-01  0.8491E-03  0.1852E-02  0.9378E-02  0.7488E-02  0.1716E-01  0.1615E+00  0.1046E+00  0.1600E+00  0.1494E+00  0.3517E-01  0.1310E-01  0.7013E-02
     -3.296  0.1767E-01  0.4763E-01  0.5059E-04  0.6341E-02  0.1110E-02  0.9643E-02  0.6987E-03  0.1943E-02  0.7938E-02  0.6982E-02  0.1747E-01  0.1396E+00  0.9635E-01  0.1582E+00  0.1250E+00  0.3567E-01  0.1187E-01  0.6557E-02
     -3.285  0.1655E-01  0.5219E-01  0.5225E-04  0.6492E-02  0.1033E-02  0.1097E-01  0.6135E-03  0.2112E-02  0.7178E-02  0.7153E-02  0.1893E-01  0.1407E+00  0.9068E-01  0.1881E+00  0.1108E+00  0.3710E-01  0.1102E-01  0.7140E-02
     -3.275  0.1574E-01  0.5830E-01  0.6677E-04  0.5718E-02  0.9752E-03  0.1266E-01  0.5624E-03  0.2043E-02  0.7094E-02  0.6822E-02  0.2505E-01  0.1206E+00  0.8673E-01  0.2235E+00  0.1025E+00  0.3493E-01  0.1049E-01  0.6167E-02
     -3.265  0.1494E-01  0.6495E-01  0.8225E-04  0.5245E-02  0.9179E-03  0.1429E-01  0.5142E-03  0.2043E-02  0.7061E-02  0.6708E-02  0.3168E-01  0.1082E+00  0.8279E-01  0.2558E+00  0.9461E-01  0.3402E-01  0.9986E-02  0.5544E-02
     -3.255  0.1411E-01  0.7174E-01  0.9305E-04  0.4876E-02  0.8595E-03  0.1590E-01  0.4662E-03  0.2105E-02  0.6992E-02  0.6693E-02  0.3682E-01  0.9859E-01  0.7875E-01  0.2868E+00  0.8675E-01  0.3420E-01  0.9481E-02  0.5058E-02
     -3.245  0.1321E-01  0.8274E-01  0.9639E-04  0.4819E-02  0.7985E-03  0.1853E-01  0.4195E-03  0.2470E-02  0.6847E-02  0.7108E-02  0.3921E-01  0.9510E-01  0.7443E-01  0.3381E+00  0.7900E-01  0.3904E-01  0.8935E-02  0.5092E-02
     -3.235  0.1302E-01  0.8734E-01  0.1022E-03  0.4747E-02  0.7657E-03  0.1958E-01  0.3960E-03  0.2701E-02  0.7016E-02  0.7244E-02  0.4255E-01  0.9225E-01  0.7490E-01  0.3595E+00  0.7608E-01  0.4359E-01  0.8635E-02  0.5151E-02
     -3.225  0.1250E-01  0.8640E-01  0.1068E-03  0.4604E-02  0.7297E-03  0.1934E-01  0.3754E-03  0.2724E-02  0.7001E-02  0.7106E-02  0.4535E-01  0.8846E-01  0.7297E-01  0.3569E+00  0.7301E-01  0.4559E-01  0.8332E-02  0.5049E-02
     -3.215  0.1192E-01  0.8474E-01  0.1109E-03  0.4508E-02  0.6914E-03  0.1894E-01  0.3586E-03  0.2746E-02  0.7045E-02  0.6984E-02  0.4786E-01  0.8570E-01  0.7083E-01  0.3516E+00  0.7067E-01  0.4778E-01  0.8070E-02  0.5001E-02
     -3.205  0.1129E-01  0.8394E-01  0.1141E-03  0.4748E-02  0.6508E-03  0.1880E-01  0.3450E-03  0.2895E-02  0.7137E-02  0.7237E-02  0.4989E-01  0.8927E-01  0.6849E-01  0.3528E+00  0.6895E-01  0.5294E-01  0.7840E-02  0.5351E-02
     -3.195  0.1003E-01  0.8784E-01  0.1130E-03  0.5189E-02  0.5765E-03  0.1975E-01  0.3115E-03  0.3104E-02  0.6858E-02  0.7824E-02  0.5008E-01  0.9673E-01  0.6139E-01  0.3739E+00  0.6277E-01  0.5830E-01  0.7440E-02  0.5849E-02
     -3.185  0.8736E-02  0.1008E+00  0.1107E-03  0.6248E-02  0.5000E-03  0.2300E-01  0.2767E-03  0.3468E-02  0.6632E-02  0.9755E-02  0.4982E-01  0.1146E+00  0.5362E-01  0.4435E+00  0.5634E-01  0.6471E-01  0.7125E-02  0.6504E-02
     -3.175  0.7477E-02  0.1136E+00  0.1083E-03  0.6980E-02  0.4255E-03  0.2598E-01  0.2435E-03  0.3686E-02  0.6481E-02  0.1137E-01  0.4949E-01  0.1259E+00  0.4587E-01  0.5077E+00  0.5022E-01  0.6888E-01  0.6866E-02  0.6716E-02
     -3.165  0.6280E-02  0.1196E+00  0.1058E-03  0.7429E-02  0.3543E-03  0.2738E-01  0.2124E-03  0.3802E-02  0.6414E-02  0.1245E-01  0.4911E-01  0.1332E+00  0.3828E-01  0.5403E+00  0.4454E-01  0.7094E-01  0.6674E-02  0.6738E-02
     -3.155  0.6487E-02  0.1178E+00  0.1078E-03  0.7421E-02  0.3593E-03  0.2677E-01  0.2127E-03  0.3665E-02  0.6865E-02  0.1241E-01  0.5047E-01  0.1330E+00  0.3940E-01  0.5305E+00  0.4544E-01  0.7013E-01  0.6962E-02  0.6590E-02
     -3.145  0.6685E-02  0.1175E+00  0.1098E-03  0.7466E-02  0.3639E-03  0.2652E-01  0.2126E-03  0.3663E-02  0.7316E-02  0.1262E-01  0.5181E-01  0.1337E+00  0.4050E-01  0.5273E+00  0.4627E-01  0.7162E-01  0.7246E-02  0.6511E-02
     -3.135  0.6874E-02  0.1025E+00  0.1117E-03  0.5446E-02  0.3681E-03  0.2236E-01  0.2122E-03  0.3415E-02  0.7766E-02  0.9455E-02  0.5313E-01  0.9640E-01  0.4158E-01  0.4353E+00  0.4702E-01  0.7076E-01  0.7524E-02  0.5574E-02
     -3.125  0.7239E-02  0.9395E-01  0.1155E-03  0.4343E-02  0.3797E-03  0.1995E-01  0.2217E-03  0.3281E-02  0.8607E-02  0.7679E-02  0.5512E-01  0.7606E-01  0.4370E-01  0.3827E+00  0.5054E-01  0.7108E-01  0.8200E-02  0.5142E-02
     -3.115  0.7291E-02  0.9253E-01  0.1170E-03  0.4223E-02  0.3598E-03  0.1941E-01  0.2202E-03  0.3330E-02  0.9375E-02  0.7556E-02  0.5701E-01  0.7446E-01  0.4287E-01  0.3719E+00  0.5209E-01  0.7352E-01  0.8344E-02  0.5167E-02
     -3.105  0.8005E-02  0.7140E-01  0.1208E-03  0.6162E-02  0.3847E-03  0.1621E-01  0.2285E-03  0.3775E-02  0.1065E-01  0.1175E-01  0.6214E-01  0.1182E+00  0.4719E-01  0.3352E+00  0.5563E-01  0.7647E-01  0.9063E-02  0.5241E-02
     -3.095  0.8388E-02  0.7556E-01  0.1260E-03  0.9741E-02  0.3945E-03  0.1745E-01  0.2352E-03  0.4942E-02  0.1163E-01  0.1657E-01  0.6801E-01  0.1985E+00  0.4923E-01  0.3717E+00  0.5888E-01  0.1010E+00  0.9798E-02  0.8441E-02
     -3.085  0.7244E-02  0.7971E-01  0.1207E-03  0.8541E-02  0.3401E-03  0.1704E-01  0.2288E-03  0.6015E-02  0.1074E-01  0.1381E-01  0.6734E-01  0.1760E+00  0.4174E-01  0.3474E+00  0.5868E-01  0.1322E+00  0.1009E-01  0.1060E-01
     -3.075  0.6094E-02  0.6407E-01  0.1233E-03  0.6837E-02  0.2875E-03  0.1318E-01  0.2283E-03  0.5669E-02  0.1011E-01  0.1077E-01  0.7226E-01  0.1438E+00  0.3442E-01  0.2654E+00  0.6004E-01  0.1284E+00  0.1076E-01  0.9607E-02
     -3.065  0.3888E-02  0.5344E-01  0.1181E-03  0.5864E-02  0.1822E-03  0.1055E-01  0.1892E-03  0.6112E-02  0.7720E-02  0.9100E-02  0.7408E-01  0.1247E+00  0.2056E-01  0.2113E+00  0.5073E-01  0.1442E+00  0.9905E-02  0.9593E-02
     -3.055  0.2812E-02  0.5004E-01  0.1299E-03  0.5429E-02  0.1181E-03  0.9402E-02  0.1310E-03  0.7637E-02  0.1581E-01  0.8330E-02  0.9401E-01  0.1155E+00  0.1779E-01  0.1863E+00  0.3819E-01  0.1872E+00  0.1260E-01  0.1106E-01
     -3.045  0.2139E-02  0.4535E-01  0.9815E-04  0.5046E-02  0.1053E-03  0.8206E-02  0.9053E-04  0.9426E-02  0.1637E-01  0.7865E-02  0.8202E-01  0.1073E+00  0.1982E-01  0.1617E+00  0.2786E-01  0.2347E+00  0.1281E-01  0.1271E-01
     -3.035  0.2385E-02  0.3658E-01  0.9460E-04  0.4621E-02  0.1157E-03  0.6313E-02  0.9477E-04  0.1163E-01  0.1721E-01  0.7755E-02  0.8437E-01  0.9964E-01  0.2217E-01  0.1247E+00  0.2960E-01  0.2895E+00  0.1395E-01  0.1452E-01
     -3.025  0.3289E-02  0.3616E-01  0.9875E-04  0.4855E-02  0.1523E-03  0.5815E-02  0.1200E-03  0.1580E-01  0.2148E-01  0.8468E-02  0.9323E-01  0.1066E+00  0.2991E-01  0.1126E+00  0.3835E-01  0.3928E+00  0.1720E-01  0.1908E-01
     -3.015  0.4544E-02  0.4419E-01  0.1059E-03  0.5146E-02  0.2009E-03  0.6646E-02  0.1523E-03  0.2049E-01  0.2821E-01  0.9035E-02  0.1049E+00  0.1138E+00  0.3969E-01  0.1223E+00  0.4924E-01  0.5118E+00  0.2064E-01  0.2447E-01
     -3.005  0.4963E-02  0.5461E-01  0.1080E-03  0.3246E-02  0.2154E-03  0.7631E-02  0.1479E-03  0.1475E-01  0.2719E-01  0.6571E-02  0.1121E+00  0.7099E-01  0.4204E-01  0.1289E+00  0.4841E-01  0.3818E+00  0.2214E-01  0.1685E-01
     -2.995  0.5799E-02  0.5231E-01  0.1124E-03  0.1918E-02  0.2367E-03  0.7352E-02  0.1442E-03  0.9702E-02  0.2692E-01  0.4702E-02  0.1222E+00  0.4200E-01  0.4535E-01  0.1247E+00  0.4807E-01  0.2559E+00  0.2400E-01  0.1041E-01
     -2.985  0.7488E-02  0.6009E-01  0.1181E-03  0.6790E-02  0.2685E-03  0.9622E-02  0.1436E-03  0.2652E-01  0.2798E-01  0.7495E-02  0.1337E+00  0.1592E+00  0.5007E-01  0.1805E+00  0.4908E-01  0.6512E+00  0.2611E-01  0.3773E-01
     -2.975  0.9257E-02  0.9742E-01  0.1248E-03  0.1279E-01  0.3015E-03  0.1517E-01  0.1432E-03  0.3753E-01  0.2926E-01  0.9789E-02  0.1461E+00  0.2925E+00  0.5489E-01  0.2862E+00  0.5022E-01  0.9500E+00  0.2831E-01  0.6094E-01
     -2.965  0.1108E-01  0.9987E-01  0.1331E-03  0.1357E-01  0.3360E-03  0.1524E-01  0.1436E-03  0.3045E-01  0.3070E-01  0.8568E-02  0.1613E+00  0.3090E+00  0.6008E-01  0.2880E+00  0.5164E-01  0.7937E+00  0.3089E-01  0.5498E-01
     -2.955  0.1286E-01  0.3035E-01  0.1454E-03  0.6343E-02  0.3725E-03  0.4947E-02  0.1452E-03  0.1093E-01  0.3224E-01  0.3603E-02  0.1830E+00  0.1469E+00  0.6615E-01  0.1018E+00  0.5352E-01  0.2839E+00  0.3447E-01  0.2206E-01
     -2.945  0.1628E-01  0.1494E-01  0.1806E-03  0.3681E-02  0.4661E-03  0.2523E-02  0.1545E-03  0.5557E-02  0.3641E-01  0.2215E-02  0.2344E+00  0.8546E-01  0.7970E-01  0.5494E-01  0.5879E-01  0.1454E+00  0.4058E-01  0.1172E-01
     -2.935  0.1476E-01  0.2173E-01  0.1358E-03  0.3332E-02  0.3774E-03  0.3307E-02  0.1275E-03  0.5834E-02  0.3465E-01  0.2347E-02  0.1849E+00  0.7674E-01  0.6802E-01  0.6698E-01  0.4938E-01  0.1583E+00  0.3668E-01  0.1094E-01
     -2.925  0.1364E-01  0.3007E-01  0.8180E-04  0.3526E-02  0.2872E-03  0.4368E-02  0.1032E-03  0.6743E-02  0.3269E-01  0.2669E-02  0.1213E+00  0.8068E-01  0.5656E-01  0.8531E-01  0.4066E-01  0.1873E+00  0.3165E-01  0.1184E-01
     -2.915  0.1417E-01  0.2946E-01  0.5617E-04  0.3569E-02  0.2575E-03  0.4294E-02  0.9602E-04  0.5918E-02  0.3336E-01  0.2712E-02  0.9252E-01  0.8240E-01  0.5398E-01  0.8461E-01  0.3841E-01  0.1653E+00  0.3057E-01  0.1107E-01
     -2.905  0.1810E-01  0.2850E-01  0.1249E-03  0.3550E-02  0.3342E-03  0.4167E-02  0.1189E-03  0.4969E-02  0.4787E-01  0.2723E-02  0.2138E+00  0.8272E-01  0.7554E-01  0.8290E-01  0.4839E-01  0.1398E+00  0.4917E-01  0.1009E-01
     -2.895  0.3811E-01  0.2669E-01  0.4014E-03  0.2577E-02  0.7197E-03  0.3793E-02  0.2555E-03  0.3279E-02  0.1367E+00  0.2121E-02  0.7438E+00  0.5978E-01  0.1850E+00  0.7346E-01  0.1060E+00  0.9567E-01  0.1331E+00  0.6789E-02
     -2.885  0.4236E-01  0.3813E-01  0.4136E-03  0.2545E-02  0.8288E-03  0.5129E-02  0.2619E-03  0.5182E-02  0.1788E+00  0.2681E-02  0.8088E+00  0.5893E-01  0.2190E+00  0.9471E-01  0.1092E+00  0.1491E+00  0.1500E+00  0.8431E-02
     -2.875  0.3698E-01  0.5484E-01  0.3664E-03  0.2539E-02  0.7656E-03  0.7126E-02  0.2079E-03  0.7136E-02  0.1827E+00  0.3247E-02  0.7429E+00  0.5867E-01  0.2028E+00  0.1269E+00  0.8971E-01  0.2055E+00  0.1464E+00  0.1019E-01
     -2.865  0.4159E-01  0.6954E-01  0.1191E-03  0.2614E-02  0.6373E-03  0.8928E-02  0.1516E-03  0.7703E-02  0.1276E+00  0.3539E-02  0.2429E+00  0.6086E-01  0.1657E+00  0.1568E+00  0.6717E-01  0.2249E+00  0.9462E-01  0.1078E-01
     -2.855  0.5405E-01  0.5661E-01  0.7925E-04  0.2220E-02  0.6646E-03  0.7561E-02  0.1417E-03  0.4078E-02  0.1595E+00  0.2835E-02  0.1891E+00  0.5424E-01  0.1641E+00  0.1382E+00  0.6640E-01  0.1186E+00  0.1280E+00  0.6528E-02
     -2.845  0.1005E+00  0.3724E-01  0.1076E-03  0.1194E-02  0.9385E-03  0.5107E-02  0.3013E-03  0.2708E-02  0.3795E+00  0.1843E-02  0.3491E+00  0.3025E-01  0.2484E+00  0.9625E-01  0.1549E+00  0.7257E-01  0.2882E+00  0.3953E-02
     -2.835  0.1413E+00  0.2772E-01  0.1088E-03  0.5331E-03  0.1038E-02  0.3844E-02  0.3929E-03  0.2088E-02  0.5850E+00  0.1218E-02  0.4455E+00  0.1488E-01  0.2708E+00  0.7360E-01  0.2015E+00  0.5130E-01  0.3948E+00  0.2595E-02
     -2.825  0.1438E+00  0.3182E-01  0.9559E-04  0.6598E-03  0.9562E-03  0.4404E-02  0.3701E-03  0.2294E-02  0.6663E+00  0.1475E-02  0.4420E+00  0.1851E-01  0.2548E+00  0.8481E-01  0.1913E+00  0.5612E-01  0.4425E+00  0.2910E-02
     -2.815  0.1335E+00  0.3585E-01  0.7344E-04  0.7916E-03  0.6988E-03  0.4945E-02  0.3248E-03  0.2472E-02  0.6863E+00  0.1730E-02  0.4067E+00  0.2228E-01  0.2094E+00  0.9566E-01  0.1666E+00  0.6035E-01  0.4650E+00  0.3200E-02
     -2.805  0.1490E+00  0.4067E-01  0.6656E-04  0.1003E-02  0.5737E-03  0.5582E-02  0.4263E-03  0.2644E-02  0.9466E+00  0.2046E-02  0.4735E+00  0.2831E-01  0.2329E+00  0.1086E+00  0.2191E+00  0.6454E-01  0.6638E+00  0.3593E-02
     -2.795  0.1190E+00  0.4575E-01  0.2462E-04  0.1227E-02  0.2500E-03  0.6245E-02  0.1893E-03  0.2798E-02  0.7002E+00  0.2360E-02  0.2938E+00  0.3474E-01  0.1073E+00  0.1220E+00  0.8940E-01  0.6837E-01  0.4533E+00  0.3993E-02
     -2.785  0.1254E+00  0.6749E-01  0.2043E-04  0.2922E-02  0.2207E-03  0.9085E-02  0.1591E-03  0.3001E-02  0.7409E+00  0.4806E-02  0.3000E+00  0.8085E-01  0.9534E-01  0.1821E+00  0.7204E-01  0.7436E-01  0.4609E+00  0.5480E-02
     -2.775  0.2609E+00  0.7100E-01  0.4573E-04  0.2969E-02  0.4095E-03  0.9369E-02  0.2432E-03  0.2703E-02  0.1329E+01  0.4392E-02  0.4453E+00  0.8334E-01  0.1847E+00  0.1859E+00  0.9704E-01  0.6794E-01  0.9322E+00  0.5608E-02
     -2.765  0.6417E+00  0.6994E-01  0.4879E-04  0.2973E-02  0.6307E-03  0.9098E-02  0.1838E-03  0.2390E-02  0.1548E+01  0.3875E-02  0.9308E+00  0.8436E-01  0.2491E+00  0.1797E+00  0.8152E-01  0.6082E-01  0.2144E+01  0.5738E-02
     -2.755  0.1521E+01  0.5130E-01  0.7333E-04  0.1791E-02  0.1398E-02  0.6625E-02  0.2143E-03  0.2070E-02  0.2452E+01  0.2205E-02  0.1832E+01  0.5202E-01  0.3994E+00  0.1294E+00  0.1066E+00  0.5146E-01  0.4675E+01  0.4435E-02
     -2.745  0.1852E+01  0.4424E-01  0.8547E-04  0.5125E-03  0.1832E-02  0.5546E-02  0.2571E-03  0.1704E-02  0.3000E+01  0.9551E-03  0.1704E+01  0.1692E-01  0.3904E+00  0.1044E+00  0.1258E+00  0.4348E-01  0.5137E+01  0.2464E-02
     -2.735  0.2725E+01  0.4942E-01  0.1338E-03  0.6263E-03  0.2407E-02  0.6008E-02  0.1849E-03  0.1855E-02  0.5165E+01  0.1221E-02  0.1586E+01  0.2083E-01  0.6480E+00  0.1122E+00  0.2288E+00  0.4985E-01  0.7668E+01  0.2607E-02
     -2.725  0.1101E+01  0.6188E-01  0.8524E-04  0.1804E-02  0.1112E-02  0.7308E-02  0.1361E-03  0.2791E-02  0.7208E+01  0.2912E-02  0.4056E+00  0.5428E-01  0.4019E+00  0.1385E+00  0.3172E+00  0.8099E-01  0.3107E+01  0.4650E-02
     -2.715  0.4695E+00  0.6134E-01  0.4113E-04  0.8189E-03  0.4490E-03  0.7239E-02  0.5176E-04  0.3797E-02  0.8088E+01  0.2453E-02  0.3500E+00  0.2810E-01  0.1994E+00  0.1358E+00  0.4132E+00  0.1045E+00  0.1179E+01  0.4510E-02
     -2.705  0.3301E+00  0.6897E-01  0.4621E-04  0.9099E-03  0.3773E-03  0.8218E-02  0.7681E-04  0.6220E-02  0.8270E+01  0.3269E-02  0.3049E+00  0.3387E-01  0.1623E+00  0.1570E+00  0.5325E+00  0.1632E+00  0.8029E+00  0.7397E-02
     -2.695  0.2322E+00  0.6867E-01  0.3591E-04  0.8489E-03  0.2969E-03  0.7962E-02  0.7307E-04  0.6303E-02  0.1042E+02  0.3384E-02  0.3370E+00  0.3181E-01  0.1671E+00  0.1516E+00  0.7042E+00  0.1684E+00  0.5099E+00  0.7216E-02
     -2.685  0.1585E+00  0.7156E-01  0.2760E-04  0.7886E-03  0.2294E-03  0.8098E-02  0.6441E-04  0.6533E-02  0.4240E+01  0.3628E-02  0.1338E+00  0.2995E-01  0.8564E-01  0.1534E+00  0.3832E+00  0.1780E+00  0.3056E+00  0.7063E-02
     -2.675  0.1163E+00  0.7147E-01  0.2047E-04  0.7314E-03  0.1825E-03  0.7964E-02  0.4282E-04  0.6789E-02  0.2473E+01  0.3876E-02  0.9417E-01  0.2803E-01  0.4818E-01  0.1504E+00  0.2336E+00  0.1874E+00  0.1853E+00  0.6964E-02
     -2.665  0.9679E-01  0.7068E-01  0.1673E-04  0.6708E-03  0.1582E-03  0.7765E-02  0.3580E-04  0.6965E-02  0.1864E+01  0.4076E-02  0.8241E-01  0.2601E-01  0.3741E-01  0.1463E+00  0.1872E+00  0.1942E+00  0.1287E+00  0.6817E-02
     -2.655  0.8061E-01  0.7412E-01  0.1348E-04  0.8141E-03  0.1356E-03  0.8330E-02  0.2851E-04  0.9799E-02  0.1349E+01  0.6180E-02  0.7171E-01  0.3181E-01  0.2821E-01  0.1600E+00  0.1445E+00  0.2675E+00  0.8241E-01  0.9007E-02
     -2.645  0.7882E-01  0.7991E-01  0.1267E-04  0.1052E-02  0.1324E-03  0.9378E-02  0.2585E-04  0.1657E-01  0.1126E+01  0.1169E-01  0.6706E-01  0.4096E-01  0.2381E-01  0.1835E+00  0.1262E+00  0.4471E+00  0.6416E-01  0.1352E-01
     -2.635  0.7751E-01  0.8732E-01  0.1193E-04  0.1101E-02  0.1291E-03  0.9863E-02  0.2381E-04  0.1901E-01  0.9200E+00  0.1331E-01  0.6364E-01  0.4215E-01  0.1949E-01  0.1924E+00  0.1097E+00  0.5256E+00  0.4831E-01  0.1578E-01
     -2.625  0.7952E-01  0.7797E-01  0.1187E-04  0.7362E-03  0.1303E-03  0.8265E-02  0.2301E-04  0.1642E-01  0.7900E+00  0.1173E-01  0.6234E-01  0.2784E-01  0.1699E-01  0.1573E+00  0.9941E-01  0.4698E+00  0.4235E-01  0.1301E-01
     -2.615  0.8644E-01  0.6302E-01  0.1258E-04  0.6172E-03  0.1384E-03  0.6610E-02  0.2329E-04  0.1352E-01  0.7303E+00  0.9789E-02  0.6397E-01  0.2325E-01  0.1652E-01  0.1260E+00  0.9415E-01  0.3881E+00  0.4602E-01  0.1090E-01
     -2.605  0.9495E-01  0.4728E-01  0.1341E-04  0.4996E-03  0.1480E-03  0.4888E-02  0.2385E-04  0.1066E-01  0.6740E+00  0.7853E-02  0.6708E-01  0.1869E-01  0.1625E-01  0.9356E-01  0.8896E-01  0.3076E+00  0.5112E-01  0.8799E-02
     -2.595  0.1037E+00  0.3948E-01  0.1425E-04  0.4013E-03  0.1577E-03  0.3975E-02  0.2445E-04  0.8061E-02  0.6196E+00  0.6034E-02  0.7046E-01  0.1521E-01  0.1601E-01  0.7582E-01  0.8381E-01  0.2352E+00  0.5644E-01  0.6856E-02
     -2.585  0.1127E+00  0.3377E-01  0.1510E-04  0.3425E-03  0.1674E-03  0.3318E-02  0.2508E-04  0.6420E-02  0.5671E+00  0.4890E-02  0.7410E-01  0.1311E-01  0.1580E-01  0.6311E-01  0.7868E-01  0.1893E+00  0.6198E-01  0.5570E-02
     -2.575  0.2376E+00  0.2896E-01  0.4533E-04  0.3032E-03  0.3329E-03  0.2782E-02  0.6691E-04  0.5196E-02  0.6122E+00  0.4040E-02  0.1050E+00  0.1169E-01  0.2028E-01  0.5283E-01  0.1592E+00  0.1546E+00  0.2205E+00  0.4596E-02
     -2.565  0.2714E+00  0.2504E-01  0.4598E-04  0.2780E-03  0.3680E-03  0.2357E-02  0.7224E-04  0.4214E-02  0.5701E+00  0.3345E-02  0.1303E+00  0.1080E-01  0.2372E-01  0.4481E-01  0.1496E+00  0.1264E+00  0.2324E+00  0.3845E-02
     -2.555  0.3068E+00  0.2331E-01  0.4270E-04  0.2738E-03  0.3923E-03  0.2195E-02  0.6804E-04  0.3841E-02  0.5486E+00  0.3124E-02  0.1696E+00  0.1076E-01  0.2724E-01  0.4188E-01  0.1145E+00  0.1148E+00  0.2254E+00  0.3545E-02
     -2.545  0.3987E+00  0.2159E-01  0.5070E-04  0.2700E-03  0.4831E-03  0.2036E-02  0.7960E-04  0.3473E-02  0.6127E+00  0.2903E-02  0.2283E+00  0.1072E-01  0.3579E-01  0.3903E-01  0.1139E+00  0.1033E+00  0.3060E+00  0.3249E-02
     -2.535  0.4996E+00  0.1986E-01  0.5926E-04  0.2662E-03  0.5812E-03  0.1879E-02  0.9238E-04  0.3105E-02  0.6828E+00  0.2679E-02  0.2921E+00  0.1070E-01  0.4515E-01  0.3622E-01  0.1154E+00  0.9179E-01  0.3908E+00  0.2955E-02
     -2.525  0.6211E+00  0.1882E-01  0.6863E-04  0.2629E-03  0.6970E-03  0.1779E-02  0.1070E-03  0.2844E-02  0.7749E+00  0.2511E-02  0.3706E+00  0.1067E-01  0.5535E-01  0.3440E-01  0.1188E+00  0.8379E-01  0.4815E+00  0.2754E-02
     -2.515  0.9153E+00  0.1846E-01  0.8679E-04  0.2600E-03  0.9713E-03  0.1732E-02  0.1498E-03  0.2686E-02  0.9619E+00  0.2398E-02  0.5722E+00  0.1062E-01  0.7242E-01  0.3351E-01  0.1726E+00  0.7923E-01  0.6473E+00  0.2644E-02
     -2.505  0.9379E+00  0.2032E-01  0.7758E-04  0.2924E-03  0.8953E-03  0.1835E-02  0.1438E-03  0.3706E-02  0.8005E+00  0.3604E-02  0.6688E+00  0.1202E-01  0.1040E+00  0.3566E-01  0.2096E+00  0.1138E+00  0.7499E+00  0.3478E-02
     -2.495  0.1080E+01  0.2162E-01  0.8334E-04  0.3114E-03  0.9429E-03  0.1896E-02  0.1399E-03  0.4228E-02  0.9206E+00  0.4228E-02  0.7899E+00  0.1281E-01  0.1365E+00  0.3679E-01  0.1928E+00  0.1321E+00  0.8897E+00  0.3920E-02
     -2.485  0.9216E+00  0.2204E-01  0.7505E-04  0.3128E-03  0.7440E-03  0.1902E-02  0.1090E-03  0.4081E-02  0.8493E+00  0.4099E-02  0.7195E+00  0.1290E-01  0.1352E+00  0.3678E-01  0.1615E+00  0.1282E+00  0.9203E+00  0.3814E-02
     -2.475  0.7113E+00  0.2252E-01  0.6540E-04  0.3149E-03  0.4917E-03  0.1917E-02  0.8811E-04  0.3798E-02  0.5749E+00  0.3844E-02  0.5451E+00  0.1311E-01  0.1394E+00  0.3700E-01  0.1570E+00  0.1196E+00  0.9640E+00  0.3600E-02
     -2.465  0.5518E+00  0.2466E-01  0.5637E-04  0.3336E-03  0.3206E-03  0.2036E-02  0.6836E-04  0.3395E-02  0.3746E+00  0.3521E-02  0.3702E+00  0.1425E-01  0.1292E+00  0.3909E-01  0.1454E+00  0.1075E+00  0.9721E+00  0.3345E-02
     -2.455  0.4645E+00  0.2713E-01  0.5178E-04  0.3562E-03  0.2130E-03  0.2176E-02  0.5565E-04  0.3074E-02  0.2447E+00  0.3290E-02  0.2501E+00  0.1557E-01  0.1213E+00  0.4157E-01  0.1361E+00  0.9813E-01  0.1018E+01  0.3153E-02
     -2.445  0.4862E+00  0.3014E-01  0.5641E-04  0.4173E-03  0.1896E-03  0.2379E-02  0.5451E-04  0.3142E-02  0.2217E+00  0.3347E-02  0.2358E+00  0.1831E-01  0.1264E+00  0.4540E-01  0.1408E+00  0.1004E+00  0.1149E+01  0.3344E-02
     -2.435  0.5842E+00  0.3414E-01  0.6561E-04  0.5126E-03  0.1761E-03  0.2666E-02  0.5906E-04  0.3352E-02  0.2078E+00  0.3491E-02  0.2288E+00  0.2245E-01  0.1478E+00  0.5088E-01  0.1631E+00  0.1066E+00  0.1431E+01  0.3724E-02
     -2.425  0.9234E+00  0.3844E-01  0.1192E-03  0.6036E-03  0.1818E-03  0.2970E-02  0.7984E-04  0.3528E-02  0.2228E+00  0.3619E-02  0.3016E+00  0.2646E-01  0.2564E+00  0.5663E-01  0.2455E+00  0.1120E+00  0.2441E+01  0.4052E-02
     -2.415  0.8515E+00  0.4393E-01  0.6704E-04  0.6940E-03  0.1338E-03  0.3354E-02  0.7030E-04  0.3677E-02  0.1424E+00  0.3733E-02  0.1508E+00  0.3056E-01  0.1975E+00  0.6380E-01  0.2024E+00  0.1165E+00  0.1973E+01  0.4344E-02
     -2.405  0.7406E+00  0.4968E-01  0.4045E-04  0.7792E-03  0.9249E-04  0.3752E-02  0.5437E-04  0.3790E-02  0.8823E-01  0.3829E-02  0.8038E-01  0.3448E-01  0.1815E+00  0.7113E-01  0.1305E+00  0.1200E+00  0.1393E+01  0.4579E-02
     -2.395  0.6853E+00  0.5596E-01  0.2966E-04  0.8616E-03  0.7590E-04  0.4184E-02  0.4797E-04  0.3918E-02  0.6259E-01  0.3966E-02  0.5211E-01  0.3832E-01  0.1757E+00  0.7903E-01  0.9922E-01  0.1243E+00  0.1171E+01  0.4794E-02
     -2.385  0.6209E+00  0.6103E-01  0.2200E-04  0.8438E-03  0.5963E-04  0.4423E-02  0.4239E-04  0.3481E-02  0.4228E-01  0.3956E-02  0.3130E-01  0.3852E-01  0.1706E+00  0.8282E-01  0.7818E-01  0.1141E+00  0.9774E+00  0.4128E-02
     -2.375  0.7120E+00  0.6877E-01  0.2395E-04  0.8853E-03  0.6017E-04  0.4856E-02  0.4898E-04  0.3277E-02  0.4063E-01  0.4113E-02  0.2969E-01  0.4140E-01  0.2023E+00  0.9036E-01  0.8666E-01  0.1109E+00  0.1102E+01  0.3757E-02
     -2.365  0.8733E+00  0.7950E-01  0.2836E-04  0.9746E-03  0.6072E-04  0.5496E-02  0.6400E-04  0.3171E-02  0.4413E-01  0.4349E-02  0.2919E-01  0.4647E-01  0.2722E+00  0.1016E+00  0.9895E-01  0.1104E+00  0.1332E+01  0.3580E-02
     -2.355  0.1423E+01  0.9410E-01  0.4880E-04  0.1124E-02  0.7900E-04  0.6421E-02  0.1115E-03  0.3307E-02  0.8877E-01  0.4691E-02  0.4271E-01  0.5402E-01  0.4502E+00  0.1180E+00  0.2585E+00  0.1166E+00  0.2289E+01  0.3841E-02
     -2.345  0.1668E+01  0.1097E+00  0.5610E-04  0.1275E-02  0.7360E-04  0.7405E-02  0.1433E-03  0.3454E-02  0.1046E+00  0.5047E-02  0.4711E-01  0.6175E-01  0.6151E+00  0.1355E+00  0.3211E+00  0.1233E+00  0.2595E+01  0.4104E-02
     -2.335  0.7618E+00  0.8734E-01  0.2805E-04  0.1077E-02  0.3414E-04  0.5906E-02  0.7428E-04  0.3169E-02  0.4890E-01  0.4869E-02  0.2262E-01  0.5118E-01  0.2842E+00  0.1064E+00  0.1455E+00  0.1100E+00  0.1246E+01  0.3826E-02
     -2.325  0.4805E+00  0.5631E-01  0.2095E-04  0.1024E-02  0.2116E-04  0.3687E-02  0.5452E-04  0.3063E-02  0.2179E-01  0.4696E-02  0.1615E-01  0.4792E-01  0.1855E+00  0.6738E-01  0.5604E-01  0.1094E+00  0.8191E+00  0.2847E-02
     -2.315  0.4752E+00  0.5264E-01  0.2269E-04  0.1075E-02  0.2038E-04  0.3383E-02  0.6078E-04  0.3035E-02  0.2547E-01  0.4721E-02  0.1879E-01  0.5009E-01  0.1990E+00  0.6182E-01  0.6447E-01  0.1093E+00  0.8281E+00  0.2716E-02
     -2.305  0.4659E+00  0.4940E-01  0.2437E-04  0.1158E-02  0.1962E-04  0.3108E-02  0.6699E-04  0.3010E-02  0.2933E-01  0.4766E-02  0.2156E-01  0.5385E-01  0.2114E+00  0.5676E-01  0.7380E-01  0.1093E+00  0.8304E+00  0.2610E-02
     -2.295  0.6919E+00  0.5596E-01  0.4600E-04  0.1393E-02  0.2475E-04  0.3372E-02  0.1501E-03  0.4203E-02  0.8372E-01  0.6824E-02  0.5192E-01  0.6426E-01  0.4349E+00  0.6115E-01  0.1660E+00  0.1547E+00  0.1408E+01  0.3454E-02
     -2.285  0.4747E+00  0.4446E-01  0.3346E-04  0.1380E-02  0.1688E-04  0.2623E-02  0.9347E-04  0.2737E-02  0.4527E-01  0.4551E-02  0.2870E-01  0.6427E-01  0.3081E+00  0.4746E-01  0.1016E+00  0.1018E+00  0.9032E+00  0.2211E-02
     -2.275  0.3696E+00  0.4965E-01  0.3061E-04  0.1705E-02  0.1278E-04  0.2924E-02  0.7290E-04  0.2745E-02  0.3052E-01  0.4593E-02  0.1960E-01  0.8002E-01  0.2642E+00  0.5299E-01  0.7489E-01  0.1019E+00  0.6720E+00  0.2410E-02
     -2.265  0.2430E+00  0.5450E-01  0.2521E-04  0.2050E-02  0.9937E-05  0.3201E-02  0.5738E-04  0.2782E-02  0.2205E-01  0.4668E-02  0.1673E-01  0.9676E-01  0.1927E+00  0.5813E-01  0.6540E-01  0.1031E+00  0.4345E+00  0.2655E-02
     -2.255  0.1641E+00  0.5879E-01  0.2086E-04  0.2515E-02  0.7782E-05  0.3432E-02  0.5099E-04  0.2841E-02  0.1942E-01  0.4841E-02  0.1357E-01  0.1193E+00  0.1499E+00  0.6243E-01  0.6044E-01  0.1051E+00  0.2993E+00  0.2967E-02
     -2.245  0.1313E+00  0.7085E-01  0.1957E-04  0.3519E-02  0.7457E-05  0.4036E-02  0.5131E-04  0.3189E-02  0.1945E-01  0.5650E-02  0.1384E-01  0.1671E+00  0.1388E+00  0.7345E-01  0.6554E-01  0.1184E+00  0.2403E+00  0.4351E-02
     -2.235  0.1099E+00  0.5412E-01  0.1885E-04  0.4217E-02  0.7354E-05  0.2912E-02  0.5285E-04  0.2342E-02  0.1948E-01  0.5214E-02  0.1430E-01  0.2000E+00  0.1313E+00  0.5245E-01  0.7053E-01  0.8982E-01  0.2041E+00  0.3648E-02
     -2.225  0.9267E-01  0.4965E-01  0.1808E-04  0.4644E-02  0.7379E-05  0.2611E-02  0.5448E-04  0.2118E-02  0.1941E-01  0.5224E-02  0.1454E-01  0.2209E+00  0.1245E+00  0.4662E-01  0.7485E-01  0.8211E-01  0.1755E+00  0.3415E-02
     -2.215  0.8106E-01  0.4484E-01  0.1758E-04  0.5226E-02  0.7588E-05  0.2298E-02  0.5565E-04  0.1919E-02  0.1944E-01  0.5450E-02  0.1477E-01  0.2495E+00  0.1196E+00  0.4059E-01  0.7914E-01  0.7516E-01  0.1585E+00  0.3280E-02
     -2.205  0.7395E-01  0.3998E-01  0.1718E-04  0.5740E-02  0.7962E-05  0.2000E-02  0.5599E-04  0.1657E-02  0.1949E-01  0.5599E-02  0.1501E-01  0.2748E+00  0.1153E+00  0.3496E-01  0.8299E-01  0.6546E-01  0.1490E+00  0.3142E-02
     -2.195  0.6796E-01  0.3645E-01  0.1752E-04  0.6260E-02  0.7440E-05  0.1774E-02  0.6105E-04  0.1477E-02  0.1952E-01  0.5893E-02  0.1386E-01  0.3004E+00  0.1145E+00  0.3060E-01  0.7921E-01  0.5891E-01  0.1417E+00  0.3092E-02
     -2.185  0.6470E-01  0.3412E-01  0.1788E-04  0.6696E-02  0.7404E-05  0.1637E-02  0.6693E-04  0.1347E-02  0.1969E-01  0.6232E-02  0.1336E-01  0.3217E+00  0.1159E+00  0.2812E-01  0.8190E-01  0.5412E-01  0.1402E+00  0.3171E-02
     -2.175  0.5992E-01  0.3246E-01  0.1791E-04  0.9250E-02  0.7297E-05  0.1597E-02  0.7075E-04  0.1378E-02  0.1954E-01  0.1080E-01  0.1296E-01  0.4408E+00  0.1143E+00  0.2884E-01  0.8297E-01  0.5665E-01  0.1341E+00  0.3955E-02
     -2.165  0.5358E-01  0.5160E-01  0.1770E-04  0.1579E-01  0.7007E-05  0.2567E-02  0.7180E-04  0.3060E-02  0.1908E-01  0.1901E-01  0.1257E-01  0.7483E+00  0.1099E+00  0.4760E-01  0.8077E-01  0.1245E+00  0.1226E+00  0.7053E-02
     -2.155  0.4724E-01  0.4478E-01  0.1748E-04  0.1912E-01  0.6746E-05  0.2289E-02  0.7275E-04  0.2424E-02  0.1864E-01  0.2574E-01  0.1223E-01  0.9072E+00  0.1053E+00  0.4466E-01  0.7886E-01  0.1010E+00  0.1108E+00  0.7632E-02
     -2.145  0.4165E-01  0.4384E-01  0.1731E-04  0.1946E-01  0.6542E-05  0.2237E-02  0.7403E-04  0.2122E-02  0.1836E-01  0.2681E-01  0.1200E-01  0.9310E+00  0.1010E+00  0.4369E-01  0.7772E-01  0.8982E-01  0.9988E-01  0.7577E-02
     -2.135  0.3516E-01  0.4292E-01  0.1691E-04  0.1776E-01  0.6523E-05  0.2124E-02  0.7233E-04  0.2013E-02  0.1776E-01  0.2469E-01  0.1195E-01  0.8556E+00  0.9218E-01  0.4025E-01  0.7501E-01  0.8624E-01  0.8455E-01  0.7111E-02
     -2.125  0.2908E-01  0.4265E-01  0.1617E-04  0.1684E-01  0.6343E-05  0.2065E-02  0.5546E-04  0.1928E-02  0.1527E-01  0.2418E-01  0.1086E-01  0.8160E+00  0.8333E-01  0.3832E-01  0.6025E-01  0.8387E-01  0.6896E-01  0.6861E-02
     -2.115  0.2535E-01  0.3360E-01  0.1548E-04  0.1384E-01  0.6172E-05  0.1759E-02  0.4960E-04  0.1807E-02  0.1448E-01  0.2341E-01  0.9841E-02  0.6704E+00  0.7668E-01  0.3435E-01  0.5442E-01  0.7989E-01  0.6037E-01  0.5750E-02
     -2.105  0.2145E-01  0.3143E-01  0.1595E-04  0.1405E-01  0.6005E-05  0.1671E-02  0.4846E-04  0.1948E-02  0.1456E-01  0.2580E-01  0.9160E-02  0.6826E+00  0.7433E-01  0.3321E-01  0.5098E-01  0.8728E-01  0.5350E-01  0.5798E-02
     -2.095  0.1962E-01  0.3089E-01  0.1690E-04  0.1353E-01  0.6081E-05  0.1656E-02  0.4823E-04  0.2291E-02  0.1473E-01  0.2832E-01  0.8956E-02  0.6599E+00  0.7303E-01  0.3317E-01  0.5027E-01  0.1033E+00  0.5144E-01  0.5623E-02
     -2.085  0.1903E-01  0.3080E-01  0.2234E-04  0.1260E-01  0.6326E-05  0.1646E-02  0.5224E-04  0.2651E-02  0.1523E-01  0.3038E-01  0.9197E-02  0.6171E+00  0.8124E-01  0.3315E-01  0.6485E-01  0.1198E+00  0.5336E-01  0.5304E-02
     -2.075  0.1979E-01  0.3137E-01  0.2774E-04  0.1225E-01  0.6765E-05  0.1666E-02  0.5808E-04  0.2879E-02  0.1603E-01  0.3248E-01  0.9732E-02  0.6019E+00  0.9187E-01  0.3367E-01  0.8173E-01  0.1306E+00  0.5810E-01  0.5227E-02
     -2.065  0.2063E-01  0.3281E-01  0.3298E-04  0.1122E-01  0.7197E-05  0.1706E-02  0.6393E-04  0.2653E-02  0.1683E-01  0.3163E-01  0.1031E-01  0.5527E+00  0.1025E+00  0.3425E-01  0.9835E-01  0.1212E+00  0.6298E-01  0.5003E-02
     -2.055  0.2095E-01  0.2904E-01  0.3756E-04  0.9139E-02  0.7484E-05  0.1429E-02  0.6864E-04  0.2514E-02  0.1732E-01  0.2959E-01  0.1087E-01  0.4526E+00  0.1107E+00  0.2843E-01  0.1137E+00  0.1156E+00  0.6631E-01  0.4301E-02
     -2.045  0.1904E-01  0.2584E-01  0.3486E-04  0.5320E-02  0.7208E-05  0.1271E-02  0.6668E-04  0.1835E-02  0.1651E-01  0.2081E-01  0.1160E-01  0.2628E+00  0.9814E-01  0.2411E-01  0.1060E+00  0.8350E-01  0.6238E-01  0.2827E-02
     -2.035  0.1710E-01  0.2494E-01  0.3223E-04  0.4300E-02  0.6941E-05  0.1187E-02  0.6518E-04  0.1612E-02  0.1600E-01  0.1787E-01  0.1190E-01  0.2128E+00  0.8673E-01  0.2181E-01  0.9968E-01  0.7305E-01  0.5802E-01  0.2491E-02
     -2.025  0.1520E-01  0.2697E-01  0.2975E-04  0.3512E-02  0.6650E-05  0.1249E-02  0.6372E-04  0.1553E-02  0.1561E-01  0.1650E-01  0.1202E-01  0.1746E+00  0.7621E-01  0.2190E-01  0.9398E-01  0.6967E-01  0.5358E-01  0.2422E-02
     -2.015  0.1461E-01  0.2902E-01  0.2941E-04  0.2972E-02  0.7299E-05  0.1306E-02  0.6679E-04  0.1534E-02  0.1632E-01  0.1570E-01  0.1278E-01  0.1481E+00  0.7108E-01  0.2205E-01  0.9252E-01  0.6815E-01  0.5330E-01  0.2409E-02
     -2.005  0.1398E-01  0.3145E-01  0.3002E-04  0.2466E-02  0.8377E-05  0.1372E-02  0.7204E-04  0.1492E-02  0.1645E-01  0.1477E-01  0.1341E-01  0.1232E+00  0.6927E-01  0.2233E-01  0.9454E-01  0.6564E-01  0.5268E-01  0.2425E-02
     -1.995  0.8707E-02  0.4044E-01  0.1963E-04  0.2045E-02  0.3183E-05  0.1630E-02  0.4604E-04  0.1719E-02  0.1039E-01  0.1410E-01  0.8042E-02  0.1024E+00  0.4966E-01  0.2725E-01  0.6457E-01  0.7737E-01  0.3453E-01  0.2830E-02
     -1.985  0.8946E-02  0.4895E-01  0.2012E-04  0.1788E-02  0.3230E-05  0.1838E-02  0.4991E-04  0.2013E-02  0.1137E-01  0.1357E-01  0.8156E-02  0.8975E-01  0.5021E-01  0.3171E-01  0.6472E-01  0.9288E-01  0.3682E-01  0.3378E-02
     -1.975  0.9271E-02  0.5780E-01  0.2363E-04  0.1633E-02  0.3376E-05  0.2050E-02  0.5503E-04  0.2319E-02  0.1246E-01  0.1330E-01  0.9366E-02  0.8224E-01  0.5231E-01  0.3594E-01  0.6888E-01  0.1089E+00  0.4001E-01  0.4017E-02
     -1.965  0.1137E-01  0.5565E-01  0.3824E-04  0.1044E-02  0.4005E-05  0.1859E-02  0.6803E-04  0.1915E-02  0.1542E-01  0.1033E-01  0.1450E-01  0.5317E-01  0.6582E-01  0.3033E-01  0.8568E-01  0.9033E-01  0.5485E-01  0.3693E-02
     -1.955  0.1374E-01  0.5633E-01  0.3026E-04  0.8194E-03  0.6022E-05  0.1809E-02  0.8101E-04  0.1711E-02  0.2078E-01  0.8771E-02  0.1313E-01  0.4179E-01  0.8004E-01  0.2783E-01  0.8954E-01  0.8038E-01  0.5318E-01  0.3865E-02
     -1.945  0.1376E-01  0.4595E-01  0.2577E-04  0.6775E-03  0.8165E-05  0.1359E-02  0.9781E-04  0.1320E-02  0.2661E-01  0.6389E-02  0.1249E-01  0.3473E-01  0.8224E-01  0.1978E-01  0.9521E-01  0.6366E-01  0.4917E-01  0.3082E-02
     -1.935  0.1387E-01  0.4304E-01  0.2390E-04  0.5928E-03  0.8699E-05  0.1214E-02  0.1034E-03  0.1115E-02  0.3080E-01  0.5474E-02  0.1229E-01  0.3052E-01  0.8451E-01  0.1639E-01  0.9850E-01  0.5430E-01  0.4794E-01  0.2833E-02
     -1.925  0.1297E-01  0.6905E-01  0.1986E-04  0.7178E-03  0.8687E-05  0.1835E-02  0.9612E-04  0.1560E-02  0.3324E-01  0.6650E-02  0.1188E-01  0.3735E-01  0.8126E-01  0.2306E-01  0.9787E-01  0.7651E-01  0.4393E-01  0.4916E-02
     -1.915  0.2544E-01  0.6971E-01  0.3735E-04  0.5995E-03  0.1673E-04  0.1814E-02  0.1945E-03  0.1398E-02  0.7259E-01  0.6217E-02  0.2456E-01  0.3129E-01  0.1587E+00  0.2116E-01  0.1936E+00  0.6829E-01  0.9571E-01  0.4304E-02
     -1.905  0.3315E-01  0.5580E-01  0.6763E-04  0.3645E-03  0.1612E-04  0.1367E-02  0.2518E-03  0.1034E-02  0.1125E+00  0.4516E-02  0.2459E-01  0.1931E-01  0.1846E+00  0.1497E-01  0.1748E+00  0.5046E-01  0.2349E+00  0.2884E-02
     -1.895  0.1050E-01  0.5732E-01  0.4046E-04  0.2546E-03  0.1155E-04  0.1373E-02  0.1719E-03  0.9843E-03  0.4481E-01  0.4238E-02  0.1597E-01  0.1369E-01  0.5708E-01  0.1453E-01  0.9421E-01  0.4813E-01  0.8477E-01  0.2610E-02
     -1.884  0.5595E-02  0.1173E+00  0.3047E-04  0.4264E-03  0.7510E-05  0.2730E-02  0.8879E-04  0.1621E-02  0.2059E-01  0.6646E-02  0.1293E-01  0.2313E-01  0.2936E-01  0.2662E-01  0.5101E-01  0.7816E-01  0.3883E-01  0.4137E-02
     -1.874  0.4148E-02  0.1195E+00  0.3458E-04  0.3972E-03  0.8094E-05  0.2733E-02  0.5398E-04  0.1244E-02  0.1924E-01  0.7883E-02  0.1511E-01  0.2156E-01  0.2171E-01  0.2280E-01  0.3185E-01  0.5941E-01  0.2556E-01  0.6986E-02
     -1.864  0.6536E-02  0.8888E-01  0.3870E-04  0.2612E-03  0.1061E-04  0.1999E-02  0.7464E-04  0.9157E-03  0.3007E-01  0.7278E-02  0.1744E-01  0.1425E-01  0.4041E-01  0.1594E-01  0.4724E-01  0.4383E-01  0.4696E-01  0.3869E-02
     -1.854  0.8948E-02  0.7937E-01  0.5135E-04  0.2236E-03  0.1477E-04  0.1753E-02  0.1033E-03  0.7479E-03  0.4105E-01  0.6886E-02  0.2303E-01  0.1215E-01  0.5803E-01  0.1306E-01  0.6432E-01  0.3590E-01  0.6124E-01  0.3591E-02
     -1.844  0.1209E-01  0.7397E-01  0.6466E-04  0.2066E-03  0.1908E-04  0.1601E-02  0.1372E-03  0.6526E-03  0.5071E-01  0.6868E-02  0.2977E-01  0.1097E-01  0.8048E-01  0.1134E-01  0.8615E-01  0.3110E-01  0.7573E-01  0.3786E-02
     -1.834  0.1412E-01  0.6579E-01  0.6970E-04  0.1869E-03  0.2101E-04  0.1374E-02  0.1547E-03  0.6051E-03  0.5335E-01  0.7033E-02  0.3237E-01  0.9838E-02  0.9605E-01  0.9267E-02  0.9681E-01  0.2902E-01  0.8141E-01  0.3654E-02
     -1.824  0.1427E-01  0.5792E-01  0.6658E-04  0.1838E-03  0.2117E-04  0.1148E-02  0.1490E-03  0.6005E-03  0.5193E-01  0.7487E-02  0.2875E-01  0.9614E-02  0.1005E+00  0.7249E-02  0.9012E-01  0.2877E-01  0.7924E-01  0.3576E-02
     -1.814  0.1456E-01  0.4905E-01  0.6322E-04  0.1824E-03  0.2166E-04  0.8964E-03  0.1448E-03  0.5763E-03  0.5078E-01  0.7848E-02  0.2503E-01  0.9474E-02  0.1059E+00  0.4975E-02  0.8497E-01  0.2752E-01  0.7806E-01  0.3462E-02
     -1.804  0.1490E-01  0.4833E-01  0.5850E-04  0.1959E-03  0.2206E-04  0.8277E-03  0.1411E-03  0.6217E-03  0.4923E-01  0.8963E-02  0.2101E-01  0.1015E-01  0.1120E+00  0.4056E-02  0.8049E-01  0.2964E-01  0.7631E-01  0.3668E-02
     -1.794  0.1530E-01  0.5460E-01  0.7454E-04  0.2173E-03  0.2795E-04  0.9193E-03  0.1610E-03  0.6971E-03  0.6590E-01  0.1007E-01  0.2379E-01  0.1128E-01  0.1162E+00  0.4288E-02  0.8616E-01  0.3329E-01  0.8599E-01  0.3996E-02
     -1.784  0.1542E-01  0.5898E-01  0.1008E-03  0.2333E-03  0.3515E-04  0.9678E-03  0.1836E-03  0.7503E-03  0.9234E-01  0.1047E-01  0.2873E-01  0.1210E-01  0.1199E+00  0.4226E-02  0.9142E-01  0.3581E-01  0.1021E+00  0.4179E-02
     -1.774  0.1573E-01  0.1085E+00  0.1129E-03  0.4692E-03  0.3528E-04  0.1658E-02  0.1816E-03  0.1794E-02  0.1052E+00  0.1958E-01  0.3065E-01  0.2436E-01  0.1242E+00  0.6300E-02  0.8952E-01  0.8726E-01  0.1091E+00  0.6124E-02
     -1.764  0.1604E-01  0.1118E+00  0.1259E-03  0.4394E-03  0.3555E-04  0.1706E-02  0.1804E-03  0.1660E-02  0.1179E+00  0.1822E-01  0.3287E-01  0.2276E-01  0.1284E+00  0.6157E-02  0.8820E-01  0.8022E-01  0.1162E+00  0.5842E-02
     -1.754  0.1808E-01  0.1175E+00  0.1500E-03  0.4176E-03  0.3801E-04  0.1785E-02  0.1934E-03  0.1566E-02  0.1659E+00  0.1702E-01  0.3892E-01  0.2159E-01  0.1521E+00  0.6090E-02  0.8797E-01  0.7497E-01  0.1342E+00  0.5539E-02
     -1.744  0.1713E-01  0.1344E+00  0.1613E-03  0.4244E-03  0.3889E-04  0.1994E-02  0.1927E-03  0.1271E-02  0.1930E+00  0.1417E-01  0.4053E-01  0.2182E-01  0.1480E+00  0.5658E-02  0.8562E-01  0.5946E-01  0.1358E+00  0.5655E-02
     -1.734  0.1609E-01  0.1571E+00  0.1722E-03  0.4722E-03  0.3976E-04  0.2278E-02  0.1914E-03  0.1205E-02  0.2212E+00  0.1340E-01  0.4202E-01  0.2416E-01  0.1430E+00  0.5724E-02  0.8332E-01  0.5536E-01  0.1366E+00  0.6462E-02
     -1.724  0.1544E-01  0.1788E+00  0.1784E-03  0.5202E-03  0.3943E-04  0.2539E-02  0.1853E-03  0.1160E-02  0.2802E+00  0.1267E-01  0.4234E-01  0.2652E-01  0.1419E+00  0.5772E-02  0.8034E-01  0.5229E-01  0.1329E+00  0.7244E-02
     -1.714  0.2285E-01  0.1977E+00  0.3748E-03  0.5630E-03  0.6082E-04  0.2771E-02  0.2392E-03  0.1137E-02  0.6218E+00  0.1257E-01  0.7757E-01  0.2862E-01  0.2244E+00  0.6090E-02  0.1150E+00  0.5050E-01  0.2267E+00  0.8138E-02
     -1.704  0.1168E-01  0.2264E+00  0.5022E-03  0.6403E-03  0.6167E-04  0.3136E-02  0.1184E-03  0.1203E-02  0.3448E+00  0.1359E-01  0.8828E-01  0.3247E-01  0.1012E+00  0.6905E-02  0.9225E-01  0.5285E-01  0.3485E+00  0.9523E-02
     -1.694  0.6181E-02  0.2572E+00  0.6364E-03  0.7266E-03  0.9254E-04  0.3517E-02  0.1177E-03  0.1289E-02  0.1900E+00  0.1472E-01  0.1031E+00  0.3678E-01  0.6207E-01  0.7660E-02  0.7692E-01  0.5606E-01  0.4471E+00  0.1089E-01
     -1.684  0.6340E-02  0.3838E+00  0.9861E-03  0.1096E-02  0.1384E-03  0.5067E-02  0.1429E-03  0.1555E-02  0.2528E+00  0.1620E-01  0.1574E+00  0.5527E-01  0.6980E-01  0.8498E-02  0.8300E-01  0.6476E-01  0.6048E+00  0.1385E-01
     -1.674  0.8338E-02  0.5809E+00  0.1610E-02  0.1678E-02  0.2151E-03  0.7386E-02  0.2101E-03  0.1812E-02  0.3310E+00  0.1617E-01  0.2608E+00  0.8432E-01  0.9759E-01  0.8430E-02  0.1049E+00  0.6972E-01  0.8995E+00  0.1830E-01
     -1.664  0.8909E-02  0.3795E+00  0.1848E-02  0.1145E-02  0.2280E-03  0.4782E-02  0.2301E-03  0.1854E-02  0.3021E+00  0.2986E-01  0.3069E+00  0.5772E-01  0.1022E+00  0.9990E-02  0.1050E+00  0.7834E-01  0.8723E+00  0.3398E-01
     -1.654  0.1181E-01  0.8041E-01  0.2688E-02  0.2151E-03  0.3448E-03  0.8915E-03  0.3136E-03  0.5146E-03  0.3965E+00  0.1115E-01  0.4360E+00  0.1060E-01  0.1455E+00  0.2995E-02  0.1448E+00  0.2005E-01  0.1169E+01  0.1234E-01
     -1.644  0.1016E-01  0.9045E-01  0.2813E-02  0.2335E-03  0.2978E-03  0.9508E-03  0.2738E-03  0.4575E-03  0.2519E+00  0.1022E-01  0.4859E+00  0.1139E-01  0.1225E+00  0.3053E-02  0.1112E+00  0.1682E-01  0.9971E+00  0.1283E-01
     -1.634  0.8217E-02  0.1060E+00  0.1017E-02  0.2770E-03  0.1366E-03  0.1061E-02  0.1965E-03  0.4986E-03  0.2218E+00  0.1095E-01  0.1571E+00  0.1341E-01  0.8672E-01  0.3374E-02  0.1006E+00  0.1751E-01  0.4507E+00  0.1411E-01
     -1.624  0.1230E-01  0.1222E+00  0.9184E-03  0.3306E-03  0.9358E-04  0.1169E-02  0.1982E-03  0.5618E-03  0.1707E+00  0.1255E-01  0.1597E+00  0.1593E-01  0.9734E-01  0.3903E-02  0.9832E-01  0.1880E-01  0.3309E+00  0.1589E-01
     -1.614  0.1694E-01  0.1372E+00  0.1225E-02  0.3819E-03  0.1003E-03  0.1246E-02  0.2254E-03  0.6315E-03  0.1918E+00  0.1508E-01  0.2148E+00  0.1827E-01  0.1154E+00  0.4475E-02  0.1113E+00  0.2021E-01  0.3296E+00  0.1771E-01
     -1.604  0.2606E-01  0.1580E+00  0.2109E-02  0.4521E-03  0.1405E-03  0.1357E-02  0.3101E-03  0.7397E-03  0.2701E+00  0.1875E-01  0.3604E+00  0.2144E-01  0.1507E+00  0.5348E-02  0.1462E+00  0.2270E-01  0.3779E+00  0.2005E-01
     -1.594  0.5327E-01  0.1835E+00  0.3162E-02  0.5375E-03  0.1441E-03  0.1500E-02  0.5029E-03  0.8778E-03  0.3656E+00  0.2302E-01  0.5856E+00  0.2531E-01  0.3113E+00  0.6413E-02  0.2857E+00  0.2604E-01  0.5466E+00  0.2280E-01
     -1.584  0.1095E+00  0.2360E+00  0.4712E-02  0.7032E-03  0.1594E-03  0.1869E-02  0.6867E-03  0.1154E-02  0.4543E+00  0.2879E-01  0.9134E+00  0.3296E-01  0.6302E+00  0.8300E-02  0.5147E+00  0.3353E-01  0.8131E+00  0.2757E-01
     -1.574  0.6158E-01  0.2847E+00  0.3164E-02  0.8589E-03  0.1267E-03  0.2202E-02  0.5361E-03  0.1392E-02  0.2828E+00  0.3375E-01  0.5707E+00  0.4020E-01  0.3128E+00  0.1019E-01  0.2907E+00  0.3973E-01  0.4005E+00  0.3208E-01
     -1.564  0.2260E-01  0.3272E+00  0.1877E-02  0.9992E-03  0.1042E-03  0.2479E-02  0.2472E-03  0.1582E-02  0.1357E+00  0.3891E-01  0.2956E+00  0.4672E-01  0.8837E-01  0.1214E-01  0.9470E-01  0.4432E-01  0.1270E+00  0.3630E-01
     -1.554  0.3341E-01  0.3707E+00  0.3025E-02  0.1146E-02  0.1569E-03  0.2745E-02  0.4759E-03  0.1800E-02  0.2036E+00  0.4624E-01  0.4783E+00  0.5317E-01  0.1231E+00  0.1421E-01  0.1486E+00  0.4946E-01  0.1688E+00  0.4038E-01
     -1.544  0.5037E-01  0.4039E+00  0.4292E-02  0.1273E-02  0.2298E-03  0.2915E-02  0.7988E-03  0.1992E-02  0.2483E+00  0.5487E-01  0.6593E+00  0.5837E-01  0.1826E+00  0.1619E-01  0.2214E+00  0.5373E-01  0.2177E+00  0.4304E-01
     -1.534  0.9096E-01  0.3284E+00  0.6912E-02  0.1117E-02  0.3901E-03  0.2196E-02  0.1696E-02  0.1765E-02  0.3718E+00  0.6121E-01  0.1047E+01  0.5015E-01  0.3197E+00  0.1684E-01  0.4350E+00  0.4723E-01  0.3660E+00  0.3501E-01
     -1.524  0.5667E-01  0.2877E+00  0.3533E-02  0.1035E-02  0.3201E-03  0.1840E-02  0.1123E-02  0.1543E-02  0.1898E+00  0.6101E-01  0.4982E+00  0.4634E-01  0.1710E+00  0.1719E-01  0.3165E+00  0.4139E-01  0.2605E+00  0.3620E-01
     -1.514  0.4805E-01  0.2773E+00  0.2773E-02  0.1034E-02  0.3138E-03  0.1738E-02  0.1157E-02  0.1438E-02  0.1579E+00  0.6221E-01  0.3719E+00  0.4652E-01  0.1344E+00  0.1811E-01  0.3099E+00  0.3830E-01  0.2254E+00  0.3921E-01
     -1.504  0.5773E-01  0.3451E+00  0.2891E-02  0.1426E-02  0.3738E-03  0.2042E-02  0.1458E-02  0.1716E-02  0.1683E+00  0.6848E-01  0.3683E+00  0.6723E-01  0.1603E+00  0.2789E-01  0.3928E+00  0.4604E-01  0.2561E+00  0.4805E-01
     -1.494  0.6089E-01  0.5483E+00  0.2873E-02  0.2492E-02  0.4236E-03  0.2979E-02  0.1749E-02  0.2702E-02  0.1689E+00  0.9157E-01  0.3425E+00  0.1209E+00  0.1593E+00  0.5612E-01  0.4478E+00  0.7469E-01  0.2790E+00  0.6542E-01
     -1.484  0.5981E-01  0.4273E+00  0.2968E-02  0.1998E-02  0.4661E-03  0.2262E-02  0.2003E-02  0.2124E-02  0.1801E+00  0.9869E-01  0.3344E+00  0.9447E-01  0.1492E+00  0.4699E-01  0.4614E+00  0.5998E-01  0.2827E+00  0.6587E-01
     -1.474  0.4516E-01  0.3567E+00  0.2557E-02  0.1796E-02  0.4315E-03  0.1768E-02  0.1967E-02  0.1788E-02  0.1539E+00  0.9340E-01  0.2714E+00  0.8306E-01  0.1062E+00  0.4796E-01  0.3918E+00  0.5389E-01  0.2301E+00  0.7588E-01
     -1.464  0.2941E-01  0.4335E+00  0.2051E-02  0.2161E-02  0.3429E-03  0.2006E-02  0.1426E-02  0.2370E-02  0.8490E-01  0.2151E+00  0.1938E+00  0.9655E-01  0.7258E-01  0.5944E-01  0.2613E+00  0.6449E-01  0.1509E+00  0.1093E+00
     -1.454  0.2190E-01  0.3911E+00  0.1776E-02  0.1948E-02  0.3136E-03  0.1757E-02  0.1339E-02  0.2185E-02  0.6875E-01  0.2723E+00  0.1545E+00  0.8547E-01  0.5848E-01  0.5449E-01  0.2176E+00  0.5603E-01  0.1063E+00  0.1302E+00
     -1.444  0.1943E-01  0.2109E+00  0.1739E-02  0.1399E-02  0.3156E-03  0.8977E-03  0.1374E-02  0.9949E-03  0.6573E-01  0.5380E-01  0.1438E+00  0.6686E-01  0.5205E-01  0.4463E-01  0.2090E+00  0.3885E-01  0.9672E-01  0.8261E-01
     -1.434  0.1509E-01  0.1400E+00  0.1792E-02  0.9982E-03  0.4113E-03  0.5690E-03  0.1549E-02  0.7179E-03  0.6661E-01  0.4280E-01  0.1271E+00  0.4700E-01  0.5376E-01  0.3280E-01  0.2016E+00  0.3034E-01  0.8232E-01  0.8116E-01
     -1.424  0.1224E-01  0.1204E+00  0.1713E-02  0.1016E-02  0.4157E-03  0.4367E-03  0.1587E-02  0.6550E-03  0.6283E-01  0.4280E-01  0.1127E+00  0.4851E-01  0.5157E-01  0.3624E-01  0.1908E+00  0.3251E-01  0.7243E-01  0.1036E+00
     -1.414  0.1009E-01  0.1276E+00  0.1563E-02  0.1333E-02  0.3735E-03  0.4049E-03  0.1542E-02  0.6720E-03  0.5520E-01  0.5852E-01  0.9893E-01  0.6447E-01  0.4812E-01  0.5012E-01  0.1762E+00  0.4209E-01  0.6254E-01  0.1693E+00
     -1.404  0.8158E-02  0.1295E+00  0.1412E-02  0.1609E-02  0.3273E-03  0.3632E-03  0.1490E-02  0.6601E-03  0.4744E-01  0.7664E-01  0.8569E-01  0.7770E-01  0.4450E-01  0.6244E-01  0.1621E+00  0.5145E-01  0.5293E-01  0.2460E+00
     -1.394  0.6359E-02  0.1772E+00  0.1262E-02  0.2539E-02  0.2782E-03  0.3936E-03  0.1433E-02  0.9331E-03  0.3970E-01  0.1674E+00  0.7307E-01  0.1271E+00  0.4039E-01  0.1269E+00  0.1484E+00  0.9790E-01  0.4381E-01  0.4204E+00
     -1.384  0.4690E-02  0.1067E+00  0.1115E-02  0.1829E-02  0.2261E-03  0.2685E-03  0.1371E-02  0.5558E-03  0.3199E-01  0.2023E+00  0.6109E-01  0.9532E-01  0.3577E-01  0.9149E-01  0.1352E+00  0.7455E-01  0.3517E-01  0.4189E+00
     -1.374  0.3462E-02  0.5772E-01  0.1018E-02  0.9704E-03  0.1743E-03  0.1441E-03  0.1395E-02  0.2789E-03  0.2469E-01  0.1081E+00  0.5270E-01  0.4678E-01  0.3130E-01  0.4697E-01  0.1313E+00  0.3642E-01  0.2912E-01  0.2354E+00
     -1.364  0.2813E-02  0.5184E-01  0.1011E-02  0.8052E-03  0.1390E-03  0.1124E-03  0.1516E-02  0.2403E-03  0.1936E-01  0.7086E-01  0.4987E-01  0.3574E-01  0.2873E-01  0.4071E-01  0.1373E+00  0.2815E-01  0.2644E-01  0.1748E+00
     -1.354  0.2666E-02  0.4867E-01  0.1122E-02  0.7557E-03  0.1445E-03  0.9977E-04  0.1739E-02  0.2269E-03  0.1782E-01  0.6214E-01  0.5239E-01  0.3267E-01  0.3088E-01  0.3878E-01  0.1532E+00  0.2573E-01  0.2626E-01  0.1616E+00
     -1.344  0.2717E-02  0.4662E-01  0.1241E-02  0.7215E-03  0.1515E-03  0.9169E-04  0.1993E-02  0.2236E-03  0.1744E-01  0.6005E-01  0.5380E-01  0.3010E-01  0.3438E-01  0.3736E-01  0.1734E+00  0.2439E-01  0.2668E-01  0.1562E+00
     -1.334  0.2811E-02  0.4623E-01  0.1366E-02  0.7123E-03  0.1580E-03  0.8924E-04  0.2251E-02  0.2334E-03  0.1701E-01  0.6529E-01  0.5538E-01  0.2813E-01  0.3795E-01  0.3663E-01  0.1944E+00  0.2427E-01  0.2718E-01  0.1599E+00
     -1.324  0.2936E-02  0.3870E-01  0.1499E-02  0.5965E-03  0.1637E-03  0.7639E-04  0.2516E-02  0.2141E-03  0.1641E-01  0.6552E-01  0.5729E-01  0.2251E-01  0.4154E-01  0.3099E-01  0.2162E+00  0.2063E-01  0.2769E-01  0.1439E+00
     -1.314  0.2994E-02  0.3681E-01  0.1466E-02  0.5748E-03  0.1544E-03  0.7232E-04  0.2333E-02  0.2282E-03  0.1317E-01  0.6988E-01  0.5119E-01  0.2072E-01  0.4426E-01  0.2961E-01  0.2026E+00  0.2048E-01  0.2709E-01  0.1439E+00
     -1.304  0.3182E-02  0.3736E-01  0.1452E-02  0.5870E-03  0.1567E-03  0.7741E-04  0.1903E-02  0.2410E-03  0.8783E-02  0.7966E-01  0.4299E-01  0.1991E-01  0.5429E-01  0.2831E-01  0.1707E+00  0.2119E-01  0.2632E-01  0.1553E+00
     -1.294  0.4147E-02  0.3846E-01  0.1994E-02  0.6149E-03  0.2196E-03  0.8367E-04  0.2037E-02  0.2552E-03  0.7098E-02  0.9109E-01  0.5283E-01  0.1968E-01  0.8524E-01  0.2737E-01  0.1875E+00  0.2220E-01  0.2883E-01  0.1708E+00
     -1.284  0.4633E-02  0.1089E+00  0.2342E-02  0.2159E-02  0.2992E-03  0.2670E-03  0.2167E-02  0.4772E-03  0.7023E-02  0.3325E+00  0.5490E-01  0.4942E-01  0.1166E+00  0.4806E-01  0.2006E+00  0.4137E-01  0.3247E-01  0.6464E+00
     -1.274  0.5283E-02  0.8198E-01  0.2858E-02  0.1364E-02  0.4022E-03  0.2308E-03  0.2294E-02  0.5139E-03  0.7216E-02  0.2120E+00  0.6220E-01  0.3914E-01  0.1568E+00  0.3679E-01  0.2136E+00  0.4671E-01  0.3618E-01  0.4284E+00
     -1.264  0.6982E-02  0.5866E-01  0.3756E-02  0.1003E-02  0.5442E-03  0.1949E-03  0.2538E-02  0.6349E-03  0.7903E-02  0.1807E+00  0.7725E-01  0.3348E-01  0.2219E+00  0.2750E-01  0.2426E+00  0.5665E-01  0.4053E-01  0.3665E+00
     -1.254  0.6032E-02  0.5795E-01  0.2721E-02  0.8243E-03  0.4005E-03  0.2109E-03  0.2336E-02  0.5569E-03  0.8418E-02  0.1356E+00  0.5658E-01  0.4187E-01  0.1663E+00  0.2642E-01  0.2104E+00  0.5111E-01  0.2837E-01  0.2892E+00
     -1.244  0.5906E-02  0.6922E-01  0.1862E-02  0.8890E-03  0.2692E-03  0.2751E-03  0.2234E-02  0.5676E-03  0.8856E-02  0.1180E+00  0.3827E-01  0.6643E-01  0.1219E+00  0.2985E-01  0.1916E+00  0.5449E-01  0.1752E-01  0.2688E+00
     -1.234  0.7195E-02  0.7965E-01  0.1657E-02  0.7372E-03  0.2486E-03  0.3480E-03  0.2183E-02  0.4027E-03  0.8054E-02  0.7526E-01  0.3023E-01  0.9729E-01  0.1292E+00  0.2635E-01  0.1893E+00  0.4038E-01  0.1354E-01  0.1669E+00
     -1.224  0.7958E-02  0.9473E-01  0.1448E-02  0.7768E-03  0.2489E-03  0.4286E-03  0.2040E-02  0.3384E-03  0.6892E-02  0.6299E-01  0.2230E-01  0.1289E+00  0.1385E+00  0.2607E-01  0.1770E+00  0.3500E-01  0.1026E-01  0.1374E+00
     -1.214  0.9999E-02  0.1890E+00  0.1345E-02  0.1174E-02  0.2568E-03  0.8654E-03  0.2126E-02  0.3366E-03  0.6481E-02  0.7024E-01  0.1631E-01  0.2523E+00  0.1576E+00  0.4224E-01  0.1865E+00  0.3469E-01  0.7549E-02  0.1222E+00
     -1.204  0.1118E-01  0.2701E+00  0.1253E-02  0.1597E-02  0.2642E-03  0.1248E-02  0.2170E-02  0.3254E-03  0.6811E-02  0.7621E-01  0.1323E-01  0.3791E+00  0.1684E+00  0.5600E-01  0.1879E+00  0.3315E-01  0.6076E-02  0.9784E-01
     -1.194  0.1187E-01  0.1989E+00  0.1152E-02  0.1445E-02  0.2665E-03  0.9222E-03  0.2147E-02  0.2835E-03  0.6904E-02  0.6485E-01  0.1066E-01  0.3210E+00  0.1736E+00  0.4523E-01  0.1830E+00  0.3011E-01  0.4981E-02  0.8286E-01
     -1.184  0.1261E-01  0.2631E+00  0.1123E-02  0.1644E-02  0.2569E-03  0.1194E-02  0.2173E-02  0.3518E-03  0.6877E-02  0.6381E-01  0.9872E-02  0.4053E+00  0.1748E+00  0.6481E-01  0.1851E+00  0.4578E-01  0.4427E-02  0.7331E-01
     -1.174  0.1334E-01  0.1871E+00  0.1097E-02  0.1397E-02  0.2435E-03  0.8481E-03  0.2199E-02  0.2965E-03  0.6788E-02  0.5387E-01  0.9181E-02  0.3300E+00  0.1746E+00  0.5340E-01  0.1880E+00  0.4016E-01  0.3933E-02  0.5412E-01
     -1.164  0.1423E-01  0.2406E+00  0.1111E-02  0.1914E-02  0.2461E-03  0.1106E-02  0.2268E-02  0.2940E-03  0.6802E-02  0.6334E-01  0.8830E-02  0.4659E+00  0.1809E+00  0.6572E-01  0.1935E+00  0.4511E-01  0.3870E-02  0.4475E-01
     -1.154  0.1174E-01  0.2461E+00  0.9239E-03  0.1891E-02  0.2278E-03  0.1013E-02  0.1992E-02  0.3077E-03  0.6130E-02  0.7583E-01  0.7819E-02  0.4521E+00  0.1520E+00  0.7888E-01  0.1600E+00  0.3152E-01  0.3458E-02  0.4077E-01
     -1.144  0.5622E-02  0.1676E+00  0.5186E-03  0.9263E-03  0.1731E-03  0.5634E-03  0.1286E-02  0.3199E-03  0.4507E-02  0.4766E-01  0.6097E-02  0.2261E+00  0.8191E-01  0.7692E-01  0.8241E-01  0.3203E-01  0.2399E-02  0.3956E-01
     -1.134  0.3726E-01  0.1251E+00  0.1908E-02  0.5999E-03  0.5317E-03  0.3933E-03  0.4484E-02  0.2905E-03  0.8050E-02  0.3525E-01  0.5050E-02  0.1489E+00  0.4405E+00  0.6552E-01  0.4047E+00  0.3214E-01  0.7496E-02  0.3162E-01
     -1.124  0.4781E-01  0.1035E+00  0.2297E-02  0.3876E-03  0.7428E-03  0.3103E-03  0.5542E-02  0.2793E-03  0.1008E-01  0.2363E-01  0.6236E-02  0.1025E+00  0.5820E+00  0.5997E-01  0.4764E+00  0.3614E-01  0.1027E-01  0.2603E-01
     -1.114  0.3401E-01  0.8904E-01  0.1523E-02  0.3030E-03  0.7654E-03  0.2635E-03  0.4913E-02  0.2690E-03  0.9603E-02  0.1775E-01  0.5453E-02  0.8186E-01  0.4621E+00  0.5544E-01  0.3323E+00  0.3922E-01  0.1084E-01  0.2322E-01
     -1.104  0.4290E-01  0.8410E-01  0.1812E-02  0.2661E-03  0.1199E-02  0.2421E-03  0.6659E-02  0.2651E-03  0.1411E-01  0.1556E-01  0.7244E-02  0.7228E-01  0.6483E+00  0.5665E-01  0.3889E+00  0.4181E-01  0.1770E-01  0.2274E-01
     -1.094  0.3791E-01  0.7951E-01  0.1588E-02  0.2307E-03  0.1023E-02  0.2217E-03  0.6450E-02  0.2601E-03  0.1290E-01  0.1347E-01  0.6900E-02  0.6312E-01  0.5375E+00  0.5813E-01  0.3767E+00  0.4431E-01  0.1462E-01  0.2221E-01
     -1.084  0.3102E-01  0.7513E-01  0.1322E-02  0.1965E-03  0.7119E-03  0.2019E-03  0.5861E-02  0.2539E-03  0.1065E-01  0.1146E-01  0.5977E-02  0.5424E-01  0.3708E+00  0.5981E-01  0.3618E+00  0.4669E-01  0.9058E-02  0.2159E-01
     -1.074  0.3027E-01  0.7563E-01  0.1254E-02  0.1610E-03  0.7056E-03  0.1825E-03  0.6281E-02  0.2881E-03  0.1103E-01  0.9952E-02  0.6033E-02  0.4331E-01  0.3421E+00  0.7120E-01  0.3767E+00  0.5712E-01  0.8749E-02  0.2316E-01
     -1.064  0.2925E-01  0.7135E-01  0.1168E-02  0.1043E-03  0.6914E-03  0.1291E-03  0.6681E-02  0.2336E-03  0.1118E-01  0.8167E-02  0.5938E-02  0.2651E-01  0.3072E+00  0.8349E-01  0.3901E+00  0.4817E-01  0.8304E-02  0.2492E-01
     -1.054  0.3150E-01  0.7328E-01  0.1151E-02  0.8162E-04  0.8256E-03  0.1194E-03  0.8786E-02  0.2000E-03  0.1398E-01  0.6791E-02  0.6819E-02  0.2105E-01  0.2904E+00  0.9186E-01  0.4847E+00  0.4596E-01  0.9081E-02  0.2432E-01
     -1.044  0.3613E-01  0.7524E-01  0.1187E-02  0.7151E-04  0.1046E-02  0.1127E-03  0.1211E-01  0.1823E-03  0.1863E-01  0.6271E-02  0.7964E-02  0.1767E-01  0.2823E+00  0.9926E-01  0.6419E+00  0.4538E-01  0.1128E-01  0.2382E-01
     -1.034  0.3793E-01  0.6888E-01  0.1151E-02  0.7913E-04  0.1165E-02  0.9581E-04  0.1454E-01  0.2257E-03  0.2228E-01  0.7879E-02  0.8585E-02  0.1442E-01  0.2461E+00  0.9498E-01  0.7647E+00  0.4725E-01  0.1256E-01  0.2528E-01
     -1.024  0.1768E-01  0.9140E-01  0.5934E-03  0.1427E-03  0.5878E-03  0.9907E-04  0.7769E-02  0.5540E-03  0.9890E-02  0.1948E-01  0.6003E-02  0.1520E-01  0.6460E-01  0.1350E+00  0.4190E+00  0.7359E-01  0.4956E-02  0.4963E-01
     -1.014  0.1769E-01  0.6680E-02  0.5776E-03  0.9140E-05  0.6256E-03  0.1005E-04  0.8047E-02  0.3638E-04  0.9937E-02  0.1207E-02  0.6221E-02  0.2052E-02  0.6193E-01  0.7721E-02  0.4268E+00  0.4718E-02  0.5145E-02  0.2284E-02
     -1.004  0.1768E-01  0.3780E-02  0.5617E-03  0.5132E-05  0.6635E-03  0.5356E-05  0.8317E-02  0.2490E-04  0.9957E-02  0.7074E-03  0.6446E-02  0.1086E-02  0.5913E-01  0.4672E-02  0.4341E+00  0.3357E-02  0.5326E-02  0.1507E-02
     -0.994  0.1595E-01  0.0000E+00  0.5181E-03  0.0000E+00  0.6753E-03  0.0000E+00  0.8182E-02  0.0000E+00  0.9278E-02  0.0000E+00  0.6429E-02  0.0000E+00  0.5157E-01  0.0000E+00  0.4170E+00  0.0000E+00  0.5270E-02  0.0000E+00
     -0.984  0.1006E-01  0.0000E+00  0.3974E-03  0.0000E+00  0.6019E-03  0.0000E+00  0.6850E-02  0.0000E+00  0.6743E-02  0.0000E+00  0.5608E-02  0.0000E+00  0.3450E-01  0.0000E+00  0.3316E+00  0.0000E+00  0.4506E-02  0.0000E+00
     -0.974  0.6246E-02  0.3440E-03  0.2664E-03  0.2098E-06  0.5722E-03  0.9654E-06  0.5860E-02  0.9480E-05  0.5326E-02  0.3668E-03  0.4731E-02  0.9600E-04  0.3447E-01  0.1062E-02  0.2589E+00  0.1721E-02  0.4542E-02  0.3436E-03
     -0.964  0.2259E-02  0.7710E-03  0.4046E-04  0.4621E-06  0.5010E-03  0.2101E-05  0.3799E-02  0.2056E-04  0.3821E-02  0.7863E-03  0.3021E-02  0.2134E-03  0.6037E-01  0.2386E-02  0.1149E+00  0.3740E-02  0.5621E-02  0.7410E-03
     -0.954  0.4429E-02  0.1221E-02  0.7723E-04  0.7199E-06  0.8810E-03  0.3232E-05  0.6655E-02  0.3153E-04  0.6584E-02  0.1192E-02  0.5384E-02  0.3354E-03  0.1118E+00  0.3787E-02  0.1984E+00  0.5749E-02  0.1004E-01  0.1130E-02
     -0.944  0.1398E-01  0.1694E-02  0.1993E-03  0.9831E-06  0.1615E-02  0.4360E-05  0.1223E-01  0.4238E-04  0.1225E-01  0.1583E-02  0.9718E-02  0.4620E-03  0.2354E+00  0.5265E-02  0.3701E+00  0.7746E-02  0.1848E-01  0.1510E-02
     -0.934  0.2348E-01  0.2190E-02  0.2891E-03  0.1252E-05  0.2097E-02  0.5484E-05  0.1604E-01  0.5313E-04  0.1647E-01  0.1960E-02  0.1418E-01  0.5931E-03  0.3106E+00  0.6821E-02  0.4984E+00  0.9733E-02  0.2393E-01  0.1881E-02
     -0.924  0.2719E-01  0.2710E-02  0.3715E-03  0.1526E-05  0.2116E-02  0.6605E-05  0.1577E-01  0.6376E-04  0.1615E-01  0.2323E-02  0.1955E-01  0.7288E-03  0.3181E+00  0.8454E-02  0.4879E+00  0.1171E-01  0.2410E-01  0.2244E-02
     -0.914  0.3583E-01  0.3252E-02  0.5400E-03  0.1805E-05  0.2722E-02  0.7722E-05  0.1989E-01  0.7429E-04  0.1924E-01  0.2672E-02  0.3070E-01  0.8690E-03  0.4260E+00  0.1016E-01  0.5912E+00  0.1367E-01  0.3241E-01  0.2599E-02
     -0.904  0.4620E-01  0.4311E-02  0.7379E-03  0.2313E-05  0.3501E-02  0.9022E-05  0.2520E-01  0.8566E-04  0.2270E-01  0.3276E-02  0.4496E-01  0.1212E-02  0.5757E+00  0.1366E-01  0.7126E+00  0.1575E-01  0.4369E-01  0.3012E-02
     -0.894  0.1336E+00  0.5918E-02  0.5963E-02  0.3099E-05  0.9205E-02  0.1058E-04  0.5507E-01  0.9805E-04  0.4956E-01  0.4194E-02  0.2492E+00  0.1804E-02  0.1560E+01  0.1908E-01  0.1433E+01  0.1804E-01  0.1137E+00  0.3505E-02
     -0.884  0.1347E+00  0.7498E-02  0.6154E-02  0.3917E-05  0.6048E-02  0.1219E-04  0.4218E-01  0.1104E-03  0.3291E-01  0.5125E-02  0.2950E+00  0.2426E-02  0.1464E+01  0.2445E-01  0.8987E+00  0.2041E-01  0.1263E+00  0.4003E-02
     -0.874  0.7618E-01  0.9050E-02  0.2980E-02  0.4767E-05  0.1814E-02  0.1386E-04  0.1705E-01  0.1226E-03  0.1125E-01  0.6071E-02  0.1624E+00  0.3077E-02  0.7366E+00  0.2978E-01  0.2803E+00  0.2287E-01  0.7090E-01  0.4505E-02
     -0.864  0.0000E+00  0.9472E-02  0.0000E+00  0.5394E-05  0.0000E+00  0.1518E-04  0.0000E+00  0.1290E-03  0.0000E+00  0.6426E-02  0.0000E+00  0.3486E-02  0.0000E+00  0.3122E-01  0.0000E+00  0.2493E-01  0.0000E+00  0.4778E-02
     -0.854  0.0000E+00  0.9465E-02  0.0000E+00  0.5938E-05  0.0000E+00  0.1638E-04  0.0000E+00  0.1332E-03  0.0000E+00  0.6552E-02  0.0000E+00  0.3803E-02  0.0000E+00  0.3118E-01  0.0000E+00  0.2684E-01  0.0000E+00  0.4965E-02
     -0.844  0.0000E+00  0.9484E-02  0.0000E+00  0.6539E-05  0.0000E+00  0.1801E-04  0.0000E+00  0.1393E-03  0.0000E+00  0.6637E-02  0.0000E+00  0.4193E-02  0.0000E+00  0.3108E-01  0.0000E+00  0.2938E-01  0.0000E+00  0.5197E-02
     -0.834  0.1307E+00  0.1121E-01  0.2742E-01  0.1031E-04  0.5508E-02  0.2597E-04  0.4520E-01  0.1741E-03  0.3451E-01  0.9537E-02  0.3335E+00  0.6371E-02  0.1980E+01  0.3473E-01  0.9820E+00  0.4012E-01  0.1017E+00  0.6366E-02
     -0.824  0.6703E-01  0.1313E-01  0.3489E-01  0.1573E-04  0.3236E-02  0.3552E-04  0.2991E-01  0.2194E-03  0.1983E-01  0.1330E-01  0.5327E+00  0.9340E-02  0.9770E+00  0.3908E-01  0.8094E+00  0.5223E-01  0.8361E-01  0.7878E-02
     -0.814  0.5125E-01  0.2106E-01  0.3714E-01  0.4078E-04  0.2509E-02  0.6607E-04  0.1848E-01  0.3015E-03  0.1178E-01  0.4195E-01  0.5924E+00  0.2397E-01  0.7099E+00  0.4616E-01  0.5524E+00  0.7097E-01  0.6844E-01  0.9929E-02
     -0.804  0.6814E-02  0.2685E-01  0.3638E-01  0.6367E-04  0.2370E-02  0.9306E-04  0.1213E-01  0.3638E-03  0.8053E-02  0.6562E-01  0.6888E+00  0.3810E-01  0.2906E+00  0.4925E-01  0.3068E+00  0.8589E-01  0.7376E-01  0.1158E-01
     -0.794  0.1907E-02  0.2495E-01  0.3084E-01  0.6019E-04  0.1029E-02  0.1012E-03  0.1435E-01  0.3849E-03  0.4870E-02  0.6103E-01  0.6230E+00  0.3998E-01  0.9977E-01  0.4439E-01  0.3676E+00  0.9433E-01  0.8304E-01  0.1349E-01
     -0.784  0.0000E+00  0.2044E-01  0.0000E+00  0.6229E-04  0.0000E+00  0.8660E-04  0.0000E+00  0.3480E-03  0.0000E+00  0.5483E-01  0.0000E+00  0.3655E-01  0.0000E+00  0.4641E-01  0.0000E+00  0.8381E-01  0.0000E+00  0.1142E-01
     -0.774  0.0000E+00  0.2399E-01  0.0000E+00  0.1789E-03  0.0000E+00  0.1719E-03  0.0000E+00  0.6644E-03  0.0000E+00  0.1258E+00  0.0000E+00  0.8623E-01  0.0000E+00  0.5301E-01  0.0000E+00  0.1444E+00  0.0000E+00  0.1503E-01
     -0.764  0.0000E+00  0.1678E-01  0.0000E+00  0.1075E-03  0.0000E+00  0.6560E-04  0.0000E+00  0.1259E-03  0.0000E+00  0.6423E-01  0.0000E+00  0.5401E-01  0.0000E+00  0.3978E-01  0.0000E+00  0.4914E-01  0.0000E+00  0.9280E-02
     -0.754  0.0000E+00  0.1152E-01  0.0000E+00  0.5374E-04  0.0000E+00  0.4009E-04  0.0000E+00  0.8769E-04  0.0000E+00  0.4158E-01  0.0000E+00  0.2859E-01  0.0000E+00  0.2958E-01  0.0000E+00  0.3820E-01  0.0000E+00  0.8292E-02
     -0.744  0.0000E+00  0.1180E-01  0.0000E+00  0.5340E-04  0.0000E+00  0.4100E-04  0.0000E+00  0.9877E-04  0.0000E+00  0.4390E-01  0.0000E+00  0.2815E-01  0.0000E+00  0.3156E-01  0.0000E+00  0.4311E-01  0.0000E+00  0.9739E-02
     -0.734  0.0000E+00  0.1324E-01  0.0000E+00  0.6823E-04  0.0000E+00  0.4540E-04  0.0000E+00  0.1161E-03  0.0000E+00  0.6329E-01  0.0000E+00  0.3449E-01  0.0000E+00  0.3479E-01  0.0000E+00  0.5019E-01  0.0000E+00  0.1248E-01
     -0.724  0.0000E+00  0.1290E-01  0.0000E+00  0.6283E-04  0.0000E+00  0.4197E-04  0.0000E+00  0.1303E-03  0.0000E+00  0.6767E-01  0.0000E+00  0.3052E-01  0.0000E+00  0.3821E-01  0.0000E+00  0.5698E-01  0.0000E+00  0.1500E-01
     -0.714  0.4254E-03  0.1147E-01  0.6586E-03  0.3731E-04  0.1542E-03  0.3898E-04  0.3203E-02  0.1555E-03  0.4354E-03  0.4452E-01  0.1625E-01  0.1800E-01  0.1903E-01  0.4233E-01  0.6328E-01  0.6895E-01  0.6602E-02  0.1694E-01
     -0.704  0.4420E-02  0.1106E-01  0.7124E-02  0.1823E-04  0.1448E-02  0.4350E-04  0.3122E-01  0.2053E-03  0.3930E-02  0.2465E-01  0.1677E+00  0.8847E-02  0.1749E+00  0.4845E-01  0.6216E+00  0.9104E-01  0.6542E-01  0.2063E-01
     -0.694  0.5258E-02  0.1165E-01  0.8979E-02  0.1610E-04  0.1544E-02  0.4744E-04  0.3497E-01  0.2229E-03  0.3938E-02  0.2350E-01  0.2011E+00  0.7941E-02  0.1814E+00  0.5337E-01  0.7016E+00  0.1019E+00  0.7482E-01  0.2347E-01
     -0.684  0.6080E-02  0.1233E-01  0.1085E-01  0.1402E-04  0.1624E-02  0.5154E-04  0.3853E-01  0.2393E-03  0.3871E-02  0.2239E-01  0.2344E+00  0.7086E-02  0.1862E+00  0.5886E-01  0.7776E+00  0.1130E+00  0.8390E-01  0.2641E-01
     -0.674  0.6873E-02  0.1460E-01  0.1229E-01  0.1127E-04  0.1528E-02  0.5822E-04  0.3874E-01  0.2674E-03  0.3342E-02  0.2368E-01  0.2562E+00  0.5926E-02  0.1762E+00  0.7674E-01  0.7839E+00  0.1327E+00  0.8653E-01  0.3323E-01
     -0.664  0.9020E-02  0.1458E-01  0.2288E-01  0.8496E-05  0.1615E-02  0.5305E-04  0.3682E-01  0.2447E-03  0.7702E-02  0.2487E-01  0.4265E+00  0.5071E-02  0.1620E+00  0.7955E-01  0.7454E+00  0.1240E+00  0.9738E-01  0.3369E-01
     -0.654  0.1427E-01  0.1465E-01  0.4753E-01  0.6568E-05  0.2115E-02  0.5093E-04  0.3255E-01  0.2276E-03  0.2024E-01  0.2599E-01  0.8186E+00  0.4727E-02  0.1651E+00  0.8313E-01  0.6642E+00  0.1204E+00  0.1183E+00  0.3492E-01
     -0.644  0.1266E-01  0.1554E-01  0.6325E-01  0.5500E-05  0.2812E-02  0.5627E-04  0.2567E-01  0.2332E-03  0.3268E-01  0.2653E-01  0.1063E+01  0.4792E-02  0.1637E+00  0.9244E-01  0.5222E+00  0.1320E+00  0.1226E+00  0.3902E-01
     -0.634  0.2995E-01  0.0000E+00  0.3576E+00  0.0000E+00  0.2138E-01  0.0000E+00  0.2940E-01  0.0000E+00  0.2589E+00  0.0000E+00  0.5838E+01  0.0000E+00  0.7204E+00  0.0000E+00  0.5708E+00  0.0000E+00  0.4292E+00  0.0000E+00
     -0.624  0.6028E-02  0.0000E+00  0.1353E+00  0.0000E+00  0.7158E-02  0.0000E+00  0.7050E-02  0.0000E+00  0.8617E-01  0.0000E+00  0.2190E+01  0.0000E+00  0.2094E+00  0.0000E+00  0.1465E+00  0.0000E+00  0.1637E+00  0.0000E+00
     -0.614  0.0000E+00  0.0000E+00  0.0000E+00  0.0000E+00  0.0000E+00  0.0000E+00  0.0000E+00  0.0000E+00  0.0000E+00  0.0000E+00  0.0000E+00  0.0000E+00  0.0000E+00  0.0000E+00  0.0000E+00  0.0000E+00  0.0000E+00  0.0000E+00
     -0.604  0.0000E+00  0.0000E+00  0.0000E+00  0.0000E+00  0.0000E+00  0.0000E+00  0.0000E+00  0.0000E+00  0.0000E+00  0.0000E+00  0.0000E+00  0.0000E+00  0.0000E+00  0.0000E+00  0.0000E+00  0.0000E+00  0.0000E+00  0.0000E+00
     -0.594  0.1882E+00  0.0000E+00  0.9345E+00  0.0000E+00  0.1755E+00  0.0000E+00  0.9605E-01  0.0000E+00  0.1285E+01  0.0000E+00  0.1429E+02  0.0000E+00  0.3681E+01  0.0000E+00  0.1869E+01  0.0000E+00  0.4612E+00  0.0000E+00
     -0.584  0.5205E-01  0.0000E+00  0.7060E-01  0.0000E+00  0.2572E-01  0.0000E+00  0.3888E-01  0.0000E+00  0.1388E+00  0.0000E+00  0.1078E+01  0.0000E+00  0.5395E+00  0.0000E+00  0.7633E+00  0.0000E+00  0.3262E-01  0.0000E+00
     -0.574  0.6232E-01  0.0000E+00  0.3683E-01  0.0000E+00  0.2286E-01  0.0000E+00  0.4586E-01  0.0000E+00  0.1013E+00  0.0000E+00  0.5661E+00  0.0000E+00  0.4541E+00  0.0000E+00  0.9079E+00  0.0000E+00  0.2192E-01  0.0000E+00
     -0.564  0.7261E-01  0.0000E+00  0.1811E-01  0.0000E+00  0.1992E-01  0.0000E+00  0.4326E-01  0.0000E+00  0.7467E-01  0.0000E+00  0.2989E+00  0.0000E+00  0.2948E+00  0.0000E+00  0.9010E+00  0.0000E+00  0.1683E-01  0.0000E+00
     -0.554  0.2805E-01  0.0000E+00  0.5174E-02  0.0000E+00  0.7229E-02  0.0000E+00  0.1643E-01  0.0000E+00  0.2588E-01  0.0000E+00  0.9031E-01  0.0000E+00  0.8608E-01  0.0000E+00  0.3505E+00  0.0000E+00  0.5954E-02  0.0000E+00
     -0.544  0.0000E+00  0.0000E+00  0.0000E+00  0.0000E+00  0.0000E+00  0.0000E+00  0.0000E+00  0.0000E+00  0.0000E+00  0.0000E+00  0.0000E+00  0.0000E+00  0.0000E+00  0.0000E+00  0.0000E+00  0.0000E+00  0.0000E+00  0.0000E+00
     -0.534  0.0000E+00  0.0000E+00  0.0000E+00  0.0000E+00  0.0000E+00  0.0000E+00  0.0000E+00  0.0000E+00  0.0000E+00  0.0000E+00  0.0000E+00  0.0000E+00  0.0000E+00  0.0000E+00  0.0000E+00  0.0000E+00  0.0000E+00  0.0000E+00
     -0.524  0.0000E+00  0.0000E+00  0.0000E+00  0.0000E+00  0.0000E+00  0.0000E+00  0.0000E+00  0.0000E+00  0.0000E+00  0.0000E+00  0.0000E+00  0.0000E+00  0.0000E+00  0.0000E+00  0.0000E+00  0.0000E+00  0.0000E+00  0.0000E+00
     -0.514  0.0000E+00  0.0000E+00  0.0000E+00  0.0000E+00  0.0000E+00  0.0000E+00  0.0000E+00  0.0000E+00  0.0000E+00  0.0000E+00  0.0000E+00  0.0000E+00  0.0000E+00  0.0000E+00  0.0000E+00  0.0000E+00  0.0000E+00  0.0000E+00
     -0.504  0.0000E+00  0.0000E+00  0.0000E+00  0.0000E+00  0.0000E+00  0.0000E+00  0.0000E+00  0.0000E+00  0.0000E+00  0.0000E+00  0.0000E+00  0.0000E+00  0.0000E+00  0.0000E+00  0.0000E+00  0.0000E+00  0.0000E+00  0.0000E+00
     -0.494  0.0000E+00  0.0000E+00  0.0000E+00  0.0000E+00  0.0000E+00  0.0000E+00  0.0000E+00  0.0000E+00  0.0000E+00  0.0000E+00  0.0000E+00  0.0000E+00  0.0000E+00  0.0000E+00  0.0000E+00  0.0000E+00  0.0000E+00  0.0000E+00
     -0.483  0.0000E+00  0.0000E+00  0.0000E+00  0.0000E+00  0.0000E+00  0.0000E+00  0.0000E+00  0.0000E+00  0.0000E+00  0.0000E+00  0.0000E+00  0.0000E+00  0.0000E+00  0.0000E+00  0.0000E+00  0.0000E+00  0.0000E+00  0.0000E+00
     -0.473  0.0000E+00  0.0000E+00  0.0000E+00  0.0000E+00  0.0000E+00  0.0000E+00  0.0000E+00  0.0000E+00  0.0000E+00  0.0000E+00  0.0000E+00  0.0000E+00  0.0000E+00  0.0000E+00  0.0000E+00  0.0000E+00  0.0000E+00  0.0000E+00
     -0.463  0.0000E+00  0.0000E+00  0.0000E+00  0.0000E+00  0.0000E+00  0.0000E+00  0.0000E+00  0.0000E+00  0.0000E+00  0.0000E+00  0.0000E+00  0.0000E+00  0.0000E+00  0.0000E+00  0.0000E+00  0.0000E+00  0.0000E+00  0.0000E+00
     -0.453  0.0000E+00  0.0000E+00  0.0000E+00  0.0000E+00  0.0000E+00  0.0000E+00  0.0000E+00  0.0000E+00  0.0000E+00  0.0000E+00  0.0000E+00  0.0000E+00  0.0000E+00  0.0000E+00  0.0000E+00  0.0000E+00  0.0000E+00  0.0000E+00
     -0.443  0.0000E+00  0.0000E+00  0.0000E+00  0.0000E+00  0.0000E+00  0.0000E+00  0.0000E+00  0.0000E+00  0.0000E+00  0.0000E+00  0.0000E+00  0.0000E+00  0.0000E+00  0.0000E+00  0.0000E+00  0.0000E+00  0.0000E+00  0.0000E+00
     -0.433  0.0000E+00  0.0000E+00  0.0000E+00  0.0000E+00  0.0000E+00  0.0000E+00  0.0000E+00  0.0000E+00  0.0000E+00  0.0000E+00  0.0000E+00  0.0000E+00  0.0000E+00  0.0000E+00  0.0000E+00  0.0000E+00  0.0000E+00  0.0000E+00
     -0.423  0.0000E+00  0.0000E+00  0.0000E+00  0.0000E+00  0.0000E+00  0.0000E+00  0.0000E+00  0.0000E+00  0.0000E+00  0.0000E+00  0.0000E+00  0.0000E+00  0.0000E+00  0.0000E+00  0.0000E+00  0.0000E+00  0.0000E+00  0.0000E+00
     -0.413  0.0000E+00  0.0000E+00  0.0000E+00  0.0000E+00  0.0000E+00  0.0000E+00  0.0000E+00  0.0000E+00  0.0000E+00  0.0000E+00  0.0000E+00  0.0000E+00  0.0000E+00  0.0000E+00  0.0000E+00  0.0000E+00  0.0000E+00  0.0000E+00
     -0.403  0.0000E+00  0.0000E+00  0.0000E+00  0.0000E+00  0.0000E+00  0.0000E+00  0.0000E+00  0.0000E+00  0.0000E+00  0.0000E+00  0.0000E+00  0.0000E+00  0.0000E+00  0.0000E+00  0.0000E+00  0.0000E+00  0.0000E+00  0.0000E+00
     -0.393  0.0000E+00  0.0000E+00  0.0000E+00  0.0000E+00  0.0000E+00  0.0000E+00  0.0000E+00  0.0000E+00  0.0000E+00  0.0000E+00  0.0000E+00  0.0000E+00  0.0000E+00  0.0000E+00  0.0000E+00  0.0000E+00  0.0000E+00  0.0000E+00
     -0.383  0.0000E+00  0.0000E+00  0.0000E+00  0.0000E+00  0.0000E+00  0.0000E+00  0.0000E+00  0.0000E+00  0.0000E+00  0.0000E+00  0.0000E+00  0.0000E+00  0.0000E+00  0.0000E+00  0.0000E+00  0.0000E+00  0.0000E+00  0.0000E+00
     -0.373  0.0000E+00  0.0000E+00  0.0000E+00  0.0000E+00  0.0000E+00  0.0000E+00  0.0000E+00  0.0000E+00  0.0000E+00  0.0000E+00  0.0000E+00  0.0000E+00  0.0000E+00  0.0000E+00  0.0000E+00  0.0000E+00  0.0000E+00  0.0000E+00
     -0.363  0.0000E+00  0.0000E+00  0.0000E+00  0.0000E+00  0.0000E+00  0.0000E+00  0.0000E+00  0.0000E+00  0.0000E+00  0.0000E+00  0.0000E+00  0.0000E+00  0.0000E+00  0.0000E+00  0.0000E+00  0.0000E+00  0.0000E+00  0.0000E+00
     -0.353  0.0000E+00  0.0000E+00  0.0000E+00  0.0000E+00  0.0000E+00  0.0000E+00  0.0000E+00  0.0000E+00  0.0000E+00  0.0000E+00  0.0000E+00  0.0000E+00  0.0000E+00  0.0000E+00  0.0000E+00  0.0000E+00  0.0000E+00  0.0000E+00
     -0.343  0.0000E+00  0.0000E+00  0.0000E+00  0.0000E+00  0.0000E+00  0.0000E+00  0.0000E+00  0.0000E+00  0.0000E+00  0.0000E+00  0.0000E+00  0.0000E+00  0.0000E+00  0.0000E+00  0.0000E+00  0.0000E+00  0.0000E+00  0.0000E+00
     -0.333  0.0000E+00  0.0000E+00  0.0000E+00  0.0000E+00  0.0000E+00  0.0000E+00  0.0000E+00  0.0000E+00  0.0000E+00  0.0000E+00  0.0000E+00  0.0000E+00  0.0000E+00  0.0000E+00  0.0000E+00  0.0000E+00  0.0000E+00  0.0000E+00
     -0.323  0.0000E+00  0.0000E+00  0.0000E+00  0.0000E+00  0.0000E+00  0.0000E+00  0.0000E+00  0.0000E+00  0.0000E+00  0.0000E+00  0.0000E+00  0.0000E+00  0.0000E+00  0.0000E+00  0.0000E+00  0.0000E+00  0.0000E+00  0.0000E+00
     -0.313  0.0000E+00  0.0000E+00  0.0000E+00  0.0000E+00  0.0000E+00  0.0000E+00  0.0000E+00  0.0000E+00  0.0000E+00  0.0000E+00  0.0000E+00  0.0000E+00  0.0000E+00  0.0000E+00  0.0000E+00  0.0000E+00  0.0000E+00  0.0000E+00
     -0.303  0.0000E+00  0.0000E+00  0.0000E+00  0.0000E+00  0.0000E+00  0.0000E+00  0.0000E+00  0.0000E+00  0.0000E+00  0.0000E+00  0.0000E+00  0.0000E+00  0.0000E+00  0.0000E+00  0.0000E+00  0.0000E+00  0.0000E+00  0.0000E+00
     -0.293  0.0000E+00  0.0000E+00  0.0000E+00  0.0000E+00  0.0000E+00  0.0000E+00  0.0000E+00  0.0000E+00  0.0000E+00  0.0000E+00  0.0000E+00  0.0000E+00  0.0000E+00  0.0000E+00  0.0000E+00  0.0000E+00  0.0000E+00  0.0000E+00
     -0.283  0.0000E+00  0.0000E+00  0.0000E+00  0.0000E+00  0.0000E+00  0.0000E+00  0.0000E+00  0.0000E+00  0.0000E+00  0.0000E+00  0.0000E+00  0.0000E+00  0.0000E+00  0.0000E+00  0.0000E+00  0.0000E+00  0.0000E+00  0.0000E+00
     -0.273  0.0000E+00  0.1234E-01  0.0000E+00  0.1294E-05  0.0000E+00  0.1911E-04  0.0000E+00  0.1231E-05  0.0000E+00  0.8210E-03  0.0000E+00  0.1087E-02  0.0000E+00  0.4991E-01  0.0000E+00  0.5383E-01  0.0000E+00  0.4892E-01
     -0.263  0.0000E+00  0.3139E-01  0.0000E+00  0.3249E-05  0.0000E+00  0.4976E-04  0.0000E+00  0.3352E-05  0.0000E+00  0.2116E-02  0.0000E+00  0.2737E-02  0.0000E+00  0.1279E+00  0.0000E+00  0.1389E+00  0.0000E+00  0.1304E+00
     -0.253  0.2434E-02  0.5062E-01  0.1129E-04  0.5156E-05  0.3956E-03  0.8236E-04  0.3685E-04  0.5864E-05  0.6932E-04  0.3420E-02  0.3574E-03  0.4395E-02  0.1045E-03  0.2079E+00  0.1767E-02  0.2274E+00  0.1275E-03  0.2208E+00
     -0.243  0.1518E-01  0.6619E-01  0.4932E-04  0.6585E-05  0.2459E-02  0.1094E-03  0.3318E-03  0.9049E-05  0.5123E-03  0.4458E-02  0.1764E-02  0.5633E-02  0.6044E-03  0.2736E+00  0.1337E-01  0.3018E+00  0.6421E-03  0.3100E+00
     -0.233  0.2571E-01  0.7554E-01  0.6499E-04  0.7250E-05  0.4148E-02  0.1267E-03  0.6434E-03  0.1320E-04  0.9235E-03  0.5053E-02  0.2565E-02  0.6127E-02  0.1032E-02  0.3143E+00  0.2450E-01  0.3522E+00  0.9535E-03  0.3957E+00
     -0.223  0.3293E-01  0.9427E-01  0.6331E-04  0.8942E-05  0.5305E-02  0.1566E-03  0.9761E-03  0.1874E-04  0.1238E-02  0.6433E-02  0.2582E-02  0.6901E-02  0.1446E-02  0.3916E+00  0.3427E-01  0.4466E+00  0.1018E-02  0.5393E+00
     -0.213  0.4235E-01  0.1083E+00  0.6364E-04  0.1012E-04  0.6890E-02  0.1751E-03  0.1463E-02  0.2600E-04  0.1688E-02  0.7525E-02  0.2630E-02  0.6945E-02  0.1800E-02  0.4478E+00  0.4792E-01  0.5199E+00  0.1101E-02  0.6901E+00
     -0.203  0.5217E-01  0.1103E+00  0.6538E-04  0.9893E-05  0.8556E-02  0.1771E-03  0.1984E-02  0.3343E-04  0.2165E-02  0.7659E-02  0.2663E-02  0.6818E-02  0.2143E-02  0.4571E+00  0.6239E-01  0.5365E+00  0.1179E-02  0.7835E+00
     -0.193  0.6416E-01  0.9001E-01  0.7967E-04  0.8013E-05  0.1072E-01  0.1368E-03  0.2749E-02  0.2957E-04  0.2800E-02  0.6550E-02  0.2402E-02  0.5301E-02  0.2878E-02  0.3683E+00  0.8137E-01  0.4349E+00  0.1162E-02  0.6831E+00
     -0.183  0.3394E-01  0.6973E-01  0.5899E-04  0.6144E-05  0.5740E-02  0.9770E-04  0.1475E-02  0.2535E-04  0.1465E-02  0.5356E-02  0.1252E-02  0.3876E-02  0.2576E-02  0.2800E+00  0.4151E-01  0.3338E+00  0.6570E-03  0.5796E+00
     -0.173  0.2746E-01  0.6482E-01  0.5094E-04  0.5679E-05  0.4714E-02  0.8298E-04  0.1260E-02  0.2505E-04  0.1215E-02  0.5603E-02  0.9367E-03  0.3176E-02  0.2255E-02  0.2544E+00  0.3414E-01  0.3112E+00  0.5154E-03  0.5953E+00
     -0.163  0.2219E-01  0.6357E-01  0.4659E-04  0.5520E-05  0.3926E-02  0.7524E-04  0.1120E-02  0.2587E-04  0.1045E-02  0.6098E-02  0.7341E-03  0.2794E-02  0.2050E-02  0.2448E+00  0.2850E-01  0.3068E+00  0.4168E-03  0.6341E+00
     -0.153  0.1985E-01  0.5958E-01  0.5087E-04  0.5074E-05  0.3772E-02  0.6269E-04  0.1238E-02  0.2661E-04  0.1138E-02  0.6153E-02  0.6751E-03  0.2932E-02  0.2467E-02  0.2234E+00  0.2790E-01  0.2887E+00  0.3784E-03  0.6833E+00
     -0.143  0.1726E-01  0.5292E-01  0.4678E-04  0.4433E-05  0.3273E-02  0.4805E-04  0.1073E-02  0.2616E-04  0.9687E-03  0.5658E-02  0.5726E-03  0.3519E-02  0.2241E-02  0.1929E+00  0.2395E-01  0.2570E+00  0.3368E-03  0.7090E+00
     -0.133  0.1473E-01  0.4597E-01  0.4261E-04  0.3790E-05  0.2785E-02  0.3452E-04  0.9094E-03  0.2519E-04  0.8048E-03  0.4981E-02  0.4754E-03  0.4177E-02  0.2008E-02  0.1623E+00  0.2007E-01  0.2235E+00  0.2947E-03  0.7188E+00
     -0.123  0.1228E-01  0.4617E-01  0.3836E-04  0.3765E-05  0.2310E-02  0.3036E-04  0.7463E-03  0.2663E-04  0.6460E-03  0.5449E-02  0.3834E-03  0.4961E-02  0.1770E-02  0.1591E+00  0.1629E-01  0.2298E+00  0.2519E-03  0.8109E+00
     -0.113  0.1027E-01  0.4901E-01  0.3454E-04  0.3959E-05  0.1918E-02  0.3001E-04  0.6074E-03  0.2900E-04  0.5130E-03  0.6335E-02  0.3051E-03  0.5792E-02  0.1529E-02  0.1661E+00  0.1317E-01  0.2511E+00  0.2121E-03  0.9325E+00
     -0.103  0.9324E-02  0.5176E-01  0.3292E-04  0.4144E-05  0.1750E-02  0.2941E-04  0.5571E-03  0.3144E-04  0.4591E-03  0.7229E-02  0.2634E-03  0.6681E-02  0.1412E-02  0.1728E+00  0.1188E-01  0.2724E+00  0.1926E-03  0.1058E+01
     -0.093  0.8490E-02  0.4803E-01  0.3169E-04  0.3805E-05  0.1609E-02  0.2384E-04  0.5207E-03  0.3055E-04  0.4178E-03  0.6623E-02  0.2285E-03  0.7049E-02  0.1337E-02  0.1576E+00  0.1082E-01  0.2528E+00  0.1777E-03  0.1044E+01
     -0.083  0.7666E-02  0.4429E-01  0.3047E-04  0.3467E-05  0.1468E-02  0.1846E-04  0.4840E-03  0.2953E-04  0.3771E-03  0.6003E-02  0.1949E-03  0.7356E-02  0.1265E-02  0.1425E+00  0.9761E-02  0.2328E+00  0.1630E-03  0.1024E+01
     -0.073  0.6850E-02  0.4058E-01  0.2924E-04  0.3135E-05  0.1328E-02  0.1333E-04  0.4469E-03  0.2843E-04  0.3368E-03  0.5383E-02  0.1624E-03  0.7608E-02  0.1194E-02  0.1278E+00  0.8709E-02  0.2128E+00  0.1486E-03  0.1001E+01
     -0.063  0.6174E-02  0.3860E-01  0.2844E-04  0.2930E-05  0.1194E-02  0.8469E-05  0.4068E-03  0.2868E-04  0.2972E-03  0.4946E-02  0.1353E-03  0.8295E-02  0.1163E-02  0.1182E+00  0.7693E-02  0.2016E+00  0.1383E-03  0.1026E+01
     -0.053  0.5447E-02  0.0000E+00  0.2742E-04  0.0000E+00  0.1050E-02  0.0000E+00  0.3664E-03  0.0000E+00  0.2579E-03  0.0000E+00  0.1101E-03  0.0000E+00  0.1135E-02  0.0000E+00  0.6640E-02  0.0000E+00  0.1282E-03  0.0000E+00
     -0.043  0.4665E-02  0.0000E+00  0.2618E-04  0.0000E+00  0.8969E-03  0.0000E+00  0.3258E-03  0.0000E+00  0.2189E-03  0.0000E+00  0.8678E-04  0.0000E+00  0.1109E-02  0.0000E+00  0.5548E-02  0.0000E+00  0.1181E-03  0.0000E+00
     -0.033  0.1662E-02  0.0000E+00  0.1022E-04  0.0000E+00  0.3062E-03  0.0000E+00  0.1057E-03  0.0000E+00  0.6827E-04  0.0000E+00  0.3232E-04  0.0000E+00  0.4565E-03  0.0000E+00  0.1724E-02  0.0000E+00  0.4723E-04  0.0000E+00
     -0.023  0.0000E+00  0.0000E+00  0.0000E+00  0.0000E+00  0.0000E+00  0.0000E+00  0.0000E+00  0.0000E+00  0.0000E+00  0.0000E+00  0.0000E+00  0.0000E+00  0.0000E+00  0.0000E+00  0.0000E+00  0.0000E+00  0.0000E+00  0.0000E+00
     -0.013  0.0000E+00  0.0000E+00  0.0000E+00  0.0000E+00  0.0000E+00  0.0000E+00  0.0000E+00  0.0000E+00  0.0000E+00  0.0000E+00  0.0000E+00  0.0000E+00  0.0000E+00  0.0000E+00  0.0000E+00  0.0000E+00  0.0000E+00  0.0000E+00
     -0.003  0.0000E+00  0.0000E+00  0.0000E+00  0.0000E+00  0.0000E+00  0.0000E+00  0.0000E+00  0.0000E+00  0.0000E+00  0.0000E+00  0.0000E+00  0.0000E+00  0.0000E+00  0.0000E+00  0.0000E+00  0.0000E+00  0.0000E+00  0.0000E+00
     0.007  0.0000E+00  0.9176E-01  0.0000E+00  0.2596E-05  0.0000E+00  0.6232E-03  0.0000E+00  0.1422E-03  0.0000E+00  0.1222E-01  0.0000E+00  0.8152E+00  0.0000E+00  0.1234E+00  0.0000E+00  0.9389E+00  0.0000E+00  0.2088E+02
     0.017  0.0000E+00  0.7209E-01  0.0000E+00  0.1747E-05  0.0000E+00  0.1068E-02  0.0000E+00  0.1944E-03  0.0000E+00  0.1049E-01  0.0000E+00  0.1385E+01  0.0000E+00  0.1010E+00  0.0000E+00  0.9560E+00  0.0000E+00  0.3220E+02
     0.027  0.0000E+00  0.1750E-01  0.0000E+00  0.8005E-06  0.0000E+00  0.1567E-03  0.0000E+00  0.2081E-04  0.0000E+00  0.6338E-02  0.0000E+00  0.2063E+00  0.0000E+00  0.4498E-01  0.0000E+00  0.1011E+00  0.0000E+00  0.4061E+01
     0.037  0.0000E+00  0.1521E-01  0.0000E+00  0.7787E-06  0.0000E+00  0.1101E-03  0.0000E+00  0.1257E-04  0.0000E+00  0.6181E-02  0.0000E+00  0.1469E+00  0.0000E+00  0.4338E-01  0.0000E+00  0.6078E-01  0.0000E+00  0.2664E+01
     0.047  0.0000E+00  0.1270E-01  0.0000E+00  0.7140E-06  0.0000E+00  0.7482E-04  0.0000E+00  0.6664E-05  0.0000E+00  0.5729E-02  0.0000E+00  0.1043E+00  0.0000E+00  0.4048E-01  0.0000E+00  0.3170E-01  0.0000E+00  0.1674E+01
     0.057  0.0000E+00  0.0000E+00  0.0000E+00  0.0000E+00  0.0000E+00  0.0000E+00  0.0000E+00  0.0000E+00  0.0000E+00  0.0000E+00  0.0000E+00  0.0000E+00  0.0000E+00  0.0000E+00  0.0000E+00  0.0000E+00  0.0000E+00  0.0000E+00
     0.067  0.0000E+00  0.0000E+00  0.0000E+00  0.0000E+00  0.0000E+00  0.0000E+00  0.0000E+00  0.0000E+00  0.0000E+00  0.0000E+00  0.0000E+00  0.0000E+00  0.0000E+00  0.0000E+00  0.0000E+00  0.0000E+00  0.0000E+00  0.0000E+00
     0.077  0.0000E+00  0.0000E+00  0.0000E+00  0.0000E+00  0.0000E+00  0.0000E+00  0.0000E+00  0.0000E+00  0.0000E+00  0.0000E+00  0.0000E+00  0.0000E+00  0.0000E+00  0.0000E+00  0.0000E+00  0.0000E+00  0.0000E+00  0.0000E+00
     0.087  0.0000E+00  0.0000E+00  0.0000E+00  0.0000E+00  0.0000E+00  0.0000E+00  0.0000E+00  0.0000E+00  0.0000E+00  0.0000E+00  0.0000E+00  0.0000E+00  0.0000E+00  0.0000E+00  0.0000E+00  0.0000E+00  0.0000E+00  0.0000E+00
     0.097  0.0000E+00  0.0000E+00  0.0000E+00  0.0000E+00  0.0000E+00  0.0000E+00  0.0000E+00  0.0000E+00  0.0000E+00  0.0000E+00  0.0000E+00  0.0000E+00  0.0000E+00  0.0000E+00  0.0000E+00  0.0000E+00  0.0000E+00  0.0000E+00
     0.107  0.0000E+00  0.0000E+00  0.0000E+00  0.0000E+00  0.0000E+00  0.0000E+00  0.0000E+00  0.0000E+00  0.0000E+00  0.0000E+00  0.0000E+00  0.0000E+00  0.0000E+00  0.0000E+00  0.0000E+00  0.0000E+00  0.0000E+00  0.0000E+00
     0.117  0.0000E+00  0.0000E+00  0.0000E+00  0.0000E+00  0.0000E+00  0.0000E+00  0.0000E+00  0.0000E+00  0.0000E+00  0.0000E+00  0.0000E+00  0.0000E+00  0.0000E+00  0.0000E+00  0.0000E+00  0.0000E+00  0.0000E+00  0.0000E+00
     0.127  0.0000E+00  0.0000E+00  0.0000E+00  0.0000E+00  0.0000E+00  0.0000E+00  0.0000E+00  0.0000E+00  0.0000E+00  0.0000E+00  0.0000E+00  0.0000E+00  0.0000E+00  0.0000E+00  0.0000E+00  0.0000E+00  0.0000E+00  0.0000E+00
     0.137  0.0000E+00  0.0000E+00  0.0000E+00  0.0000E+00  0.0000E+00  0.0000E+00  0.0000E+00  0.0000E+00  0.0000E+00  0.0000E+00  0.0000E+00  0.0000E+00  0.0000E+00  0.0000E+00  0.0000E+00  0.0000E+00  0.0000E+00  0.0000E+00
     0.147  0.0000E+00  0.0000E+00  0.0000E+00  0.0000E+00  0.0000E+00  0.0000E+00  0.0000E+00  0.0000E+00  0.0000E+00  0.0000E+00  0.0000E+00  0.0000E+00  0.0000E+00  0.0000E+00  0.0000E+00  0.0000E+00  0.0000E+00  0.0000E+00
     0.157  0.0000E+00  0.0000E+00  0.0000E+00  0.0000E+00  0.0000E+00  0.0000E+00  0.0000E+00  0.0000E+00  0.0000E+00  0.0000E+00  0.0000E+00  0.0000E+00  0.0000E+00  0.0000E+00  0.0000E+00  0.0000E+00  0.0000E+00  0.0000E+00
     0.167  0.0000E+00  0.0000E+00  0.0000E+00  0.0000E+00  0.0000E+00  0.0000E+00  0.0000E+00  0.0000E+00  0.0000E+00  0.0000E+00  0.0000E+00  0.0000E+00  0.0000E+00  0.0000E+00  0.0000E+00  0.0000E+00  0.0000E+00  0.0000E+00
     0.177  0.0000E+00  0.0000E+00  0.0000E+00  0.0000E+00  0.0000E+00  0.0000E+00  0.0000E+00  0.0000E+00  0.0000E+00  0.0000E+00  0.0000E+00  0.0000E+00  0.0000E+00  0.0000E+00  0.0000E+00  0.0000E+00  0.0000E+00  0.0000E+00
     0.187  0.0000E+00  0.0000E+00  0.0000E+00  0.0000E+00  0.0000E+00  0.0000E+00  0.0000E+00  0.0000E+00  0.0000E+00  0.0000E+00  0.0000E+00  0.0000E+00  0.0000E+00  0.0000E+00  0.0000E+00  0.0000E+00  0.0000E+00  0.0000E+00
     0.197  0.0000E+00  0.0000E+00  0.0000E+00  0.0000E+00  0.0000E+00  0.0000E+00  0.0000E+00  0.0000E+00  0.0000E+00  0.0000E+00  0.0000E+00  0.0000E+00  0.0000E+00  0.0000E+00  0.0000E+00  0.0000E+00  0.0000E+00  0.0000E+00
     0.207  0.0000E+00  0.0000E+00  0.0000E+00  0.0000E+00  0.0000E+00  0.0000E+00  0.0000E+00  0.0000E+00  0.0000E+00  0.0000E+00  0.0000E+00  0.0000E+00  0.0000E+00  0.0000E+00  0.0000E+00  0.0000E+00  0.0000E+00  0.0000E+00
     0.217  0.0000E+00  0.0000E+00  0.0000E+00  0.0000E+00  0.0000E+00  0.0000E+00  0.0000E+00  0.0000E+00  0.0000E+00  0.0000E+00  0.0000E+00  0.0000E+00  0.0000E+00  0.0000E+00  0.0000E+00  0.0000E+00  0.0000E+00  0.0000E+00
     0.227  0.0000E+00  0.0000E+00  0.0000E+00  0.0000E+00  0.0000E+00  0.0000E+00  0.0000E+00  0.0000E+00  0.0000E+00  0.0000E+00  0.0000E+00  0.0000E+00  0.0000E+00  0.0000E+00  0.0000E+00  0.0000E+00  0.0000E+00  0.0000E+00
     0.237  0.0000E+00  0.0000E+00  0.0000E+00  0.0000E+00  0.0000E+00  0.0000E+00  0.0000E+00  0.0000E+00  0.0000E+00  0.0000E+00  0.0000E+00  0.0000E+00  0.0000E+00  0.0000E+00  0.0000E+00  0.0000E+00  0.0000E+00  0.0000E+00
     0.247  0.0000E+00  0.0000E+00  0.0000E+00  0.0000E+00  0.0000E+00  0.0000E+00  0.0000E+00  0.0000E+00  0.0000E+00  0.0000E+00  0.0000E+00  0.0000E+00  0.0000E+00  0.0000E+00  0.0000E+00  0.0000E+00  0.0000E+00  0.0000E+00
     0.257  0.0000E+00  0.5745E+00  0.0000E+00  0.8975E-04  0.0000E+00  0.1686E-03  0.0000E+00  0.1307E-03  0.0000E+00  0.5032E+01  0.0000E+00  0.3637E+00  0.0000E+00  0.1596E+01  0.0000E+00  0.3924E+00  0.0000E+00  0.6568E+00
     0.267  0.0000E+00  0.4169E+00  0.0000E+00  0.1926E-03  0.0000E+00  0.1304E-03  0.0000E+00  0.2097E-03  0.0000E+00  0.1287E+02  0.0000E+00  0.4517E+00  0.0000E+00  0.1207E+01  0.0000E+00  0.7664E+00  0.0000E+00  0.5018E+00
     0.277  0.0000E+00  0.8877E+00  0.0000E+00  0.7637E-03  0.0000E+00  0.5175E-03  0.0000E+00  0.5187E-03  0.0000E+00  0.5734E+02  0.0000E+00  0.2159E+01  0.0000E+00  0.2300E+01  0.0000E+00  0.2778E+01  0.0000E+00  0.7230E+00
     0.287  0.0000E+00  0.7203E+00  0.0000E+00  0.1471E-04  0.0000E+00  0.5993E-03  0.0000E+00  0.9221E-04  0.0000E+00  0.1191E+01  0.0000E+00  0.5779E+00  0.0000E+00  0.1496E+01  0.0000E+00  0.4382E+00  0.0000E+00  0.4908E+00
     0.297  0.0000E+00  0.9553E+00  0.0000E+00  0.1131E-04  0.0000E+00  0.8834E-03  0.0000E+00  0.1110E-03  0.0000E+00  0.8693E+00  0.0000E+00  0.6890E+00  0.0000E+00  0.1971E+01  0.0000E+00  0.5318E+00  0.0000E+00  0.6100E+00
     0.307  0.0000E+00  0.1170E+01  0.0000E+00  0.8541E-05  0.0000E+00  0.1210E-02  0.0000E+00  0.1228E-03  0.0000E+00  0.6207E+00  0.0000E+00  0.7725E+00  0.0000E+00  0.2395E+01  0.0000E+00  0.6048E+00  0.0000E+00  0.6892E+00
     0.317  0.0000E+00  0.1063E+01  0.0000E+00  0.6365E-05  0.0000E+00  0.1253E-02  0.0000E+00  0.6590E-04  0.0000E+00  0.4692E+00  0.0000E+00  0.6801E+00  0.0000E+00  0.2231E+01  0.0000E+00  0.4334E+00  0.0000E+00  0.5253E+00
     0.327  0.0000E+00  0.1099E+01  0.0000E+00  0.5231E-05  0.0000E+00  0.1416E-02  0.0000E+00  0.5077E-04  0.0000E+00  0.3662E+00  0.0000E+00  0.6791E+00  0.0000E+00  0.2315E+01  0.0000E+00  0.3984E+00  0.0000E+00  0.4920E+00
     0.337  0.0000E+00  0.8026E+00  0.0000E+00  0.4010E-05  0.0000E+00  0.1171E-02  0.0000E+00  0.3453E-04  0.0000E+00  0.2679E+00  0.0000E+00  0.4761E+00  0.0000E+00  0.1668E+01  0.0000E+00  0.2756E+00  0.0000E+00  0.3266E+00
     0.347  0.0000E+00  0.6137E+00  0.0000E+00  0.2895E-05  0.0000E+00  0.9796E-03  0.0000E+00  0.2517E-04  0.0000E+00  0.1831E+00  0.0000E+00  0.3536E+00  0.0000E+00  0.1258E+01  0.0000E+00  0.2049E+00  0.0000E+00  0.2322E+00
     0.357  0.0000E+00  0.7810E+00  0.0000E+00  0.1985E-05  0.0000E+00  0.1398E-02  0.0000E+00  0.2788E-04  0.0000E+00  0.8569E-01  0.0000E+00  0.4298E+00  0.0000E+00  0.1560E+01  0.0000E+00  0.2554E+00  0.0000E+00  0.2671E+00
     0.367  0.0000E+00  0.2718E+00  0.0000E+00  0.2292E-06  0.0000E+00  0.5032E-03  0.0000E+00  0.5388E-05  0.0000E+00  0.1009E-02  0.0000E+00  0.1502E+00  0.0000E+00  0.5521E+00  0.0000E+00  0.7416E-01  0.0000E+00  0.8392E-01
     0.377  0.0000E+00  0.0000E+00  0.0000E+00  0.0000E+00  0.0000E+00  0.0000E+00  0.0000E+00  0.0000E+00  0.0000E+00  0.0000E+00  0.0000E+00  0.0000E+00  0.0000E+00  0.0000E+00  0.0000E+00  0.0000E+00  0.0000E+00  0.0000E+00
     0.387  0.0000E+00  0.0000E+00  0.0000E+00  0.0000E+00  0.0000E+00  0.0000E+00  0.0000E+00  0.0000E+00  0.0000E+00  0.0000E+00  0.0000E+00  0.0000E+00  0.0000E+00  0.0000E+00  0.0000E+00  0.0000E+00  0.0000E+00  0.0000E+00
     0.397  0.0000E+00  0.0000E+00  0.0000E+00  0.0000E+00  0.0000E+00  0.0000E+00  0.0000E+00  0.0000E+00  0.0000E+00  0.0000E+00  0.0000E+00  0.0000E+00  0.0000E+00  0.0000E+00  0.0000E+00  0.0000E+00  0.0000E+00  0.0000E+00
     0.407  0.0000E+00  0.0000E+00  0.0000E+00  0.0000E+00  0.0000E+00  0.0000E+00  0.0000E+00  0.0000E+00  0.0000E+00  0.0000E+00  0.0000E+00  0.0000E+00  0.0000E+00  0.0000E+00  0.0000E+00  0.0000E+00  0.0000E+00  0.0000E+00
     0.417  0.0000E+00  0.0000E+00  0.0000E+00  0.0000E+00  0.0000E+00  0.0000E+00  0.0000E+00  0.0000E+00  0.0000E+00  0.0000E+00  0.0000E+00  0.0000E+00  0.0000E+00  0.0000E+00  0.0000E+00  0.0000E+00  0.0000E+00  0.0000E+00
     0.427  0.0000E+00  0.0000E+00  0.0000E+00  0.0000E+00  0.0000E+00  0.0000E+00  0.0000E+00  0.0000E+00  0.0000E+00  0.0000E+00  0.0000E+00  0.0000E+00  0.0000E+00  0.0000E+00  0.0000E+00  0.0000E+00  0.0000E+00  0.0000E+00
     0.437  0.0000E+00  0.0000E+00  0.0000E+00  0.0000E+00  0.0000E+00  0.0000E+00  0.0000E+00  0.0000E+00  0.0000E+00  0.0000E+00  0.0000E+00  0.0000E+00  0.0000E+00  0.0000E+00  0.0000E+00  0.0000E+00  0.0000E+00  0.0000E+00
     0.447  0.0000E+00  0.0000E+00  0.0000E+00  0.0000E+00  0.0000E+00  0.0000E+00  0.0000E+00  0.0000E+00  0.0000E+00  0.0000E+00  0.0000E+00  0.0000E+00  0.0000E+00  0.0000E+00  0.0000E+00  0.0000E+00  0.0000E+00  0.0000E+00
     0.457  0.0000E+00  0.0000E+00  0.0000E+00  0.0000E+00  0.0000E+00  0.0000E+00  0.0000E+00  0.0000E+00  0.0000E+00  0.0000E+00  0.0000E+00  0.0000E+00  0.0000E+00  0.0000E+00  0.0000E+00  0.0000E+00  0.0000E+00  0.0000E+00
     0.467  0.0000E+00  0.3182E-02  0.0000E+00  0.5738E-06  0.0000E+00  0.2384E-04  0.0000E+00  0.8468E-04  0.0000E+00  0.4142E-02  0.0000E+00  0.1212E-02  0.0000E+00  0.1124E-01  0.0000E+00  0.2239E-01  0.0000E+00  0.1364E-02
     0.477  0.0000E+00  0.2161E-01  0.0000E+00  0.3667E-05  0.0000E+00  0.1569E-03  0.0000E+00  0.5458E-03  0.0000E+00  0.2600E-01  0.0000E+00  0.8444E-02  0.0000E+00  0.7555E-01  0.0000E+00  0.1407E+00  0.0000E+00  0.8482E-02
     0.487  0.0000E+00  0.4249E-01  0.0000E+00  0.6815E-05  0.0000E+00  0.2999E-03  0.0000E+00  0.1023E-02  0.0000E+00  0.4747E-01  0.0000E+00  0.1697E-01  0.0000E+00  0.1472E+00  0.0000E+00  0.2570E+00  0.0000E+00  0.1534E-01
     0.497  0.0000E+00  0.4778E-01  0.0000E+00  0.8317E-05  0.0000E+00  0.3474E-03  0.0000E+00  0.1349E-02  0.0000E+00  0.5588E-01  0.0000E+00  0.1973E-01  0.0000E+00  0.1750E+00  0.0000E+00  0.3229E+00  0.0000E+00  0.1911E-01
     0.507  0.3566E-02  0.4853E-01  0.2418E-04  0.9418E-05  0.2355E-02  0.3678E-03  0.1143E-02  0.1647E-02  0.7825E-04  0.6111E-01  0.1186E-04  0.2079E-01  0.1929E-02  0.1908E+00  0.4789E-02  0.3780E+00  0.3104E-03  0.2221E-01
     0.517  0.3258E-02  0.4898E-01  0.2344E-04  0.1054E-04  0.2181E-02  0.3864E-03  0.1117E-02  0.1957E-02  0.7558E-04  0.6639E-01  0.1237E-04  0.2181E-01  0.1821E-02  0.2068E+00  0.4542E-02  0.4350E+00  0.2959E-03  0.2540E-01
     0.527  0.2993E-02  0.4863E-01  0.2310E-04  0.1148E-04  0.2032E-02  0.3996E-03  0.1084E-02  0.2299E-02  0.7221E-04  0.7139E-01  0.1290E-04  0.2277E-01  0.1710E-02  0.2230E+00  0.4278E-02  0.4948E+00  0.2811E-03  0.2866E-01
     0.537  0.2771E-02  0.4631E-01  0.2318E-04  0.1170E-04  0.1907E-02  0.3981E-03  0.1045E-02  0.2722E-02  0.6815E-04  0.7531E-01  0.1344E-04  0.2368E-01  0.1597E-02  0.2394E+00  0.3996E-02  0.5587E+00  0.2659E-03  0.3203E-01
     0.547  0.2618E-02  0.4649E-01  0.2362E-04  0.1284E-04  0.1827E-02  0.4469E-03  0.1007E-02  0.4012E-02  0.6415E-04  0.9757E-01  0.1396E-04  0.2979E-01  0.1498E-02  0.3102E+00  0.3742E-02  0.8013E+00  0.2523E-03  0.4545E-01
     0.557  0.2586E-02  0.4741E-01  0.2404E-04  0.1449E-04  0.1832E-02  0.5298E-03  0.9950E-03  0.5637E-02  0.6276E-04  0.1268E+00  0.1435E-04  0.3651E-01  0.1459E-02  0.3948E+00  0.3650E-02  0.1116E+01  0.2460E-03  0.6324E-01
     0.567  0.2556E-02  0.4561E-01  0.2441E-04  0.1538E-04  0.1839E-02  0.5674E-03  0.9836E-03  0.6335E-02  0.6142E-04  0.1345E+00  0.1473E-04  0.3679E-01  0.1423E-02  0.4156E+00  0.3561E-02  0.1231E+01  0.2398E-03  0.6981E-01
     0.577  0.2527E-02  0.4179E-01  0.2471E-04  0.1555E-04  0.1849E-02  0.5413E-03  0.9724E-03  0.6060E-02  0.6013E-04  0.1202E+00  0.1509E-04  0.3193E-01  0.1387E-02  0.3786E+00  0.3477E-02  0.1135E+01  0.2336E-03  0.6408E-01
     0.587  0.2501E-02  0.3974E-01  0.2497E-04  0.1658E-04  0.1861E-02  0.5588E-03  0.9616E-03  0.7014E-02  0.5889E-04  0.1318E+00  0.1545E-04  0.3424E-01  0.1354E-02  0.4200E+00  0.3397E-02  0.1289E+01  0.2275E-03  0.7248E-01
     0.597  0.2477E-02  0.4072E-01  0.2517E-04  0.2145E-04  0.1876E-02  0.7121E-03  0.9510E-03  0.1098E-01  0.5770E-04  0.1859E+00  0.1580E-04  0.4337E-01  0.1321E-02  0.6064E+00  0.3320E-02  0.1944E+01  0.2215E-03  0.1073E+00
     0.607  0.2539E-02  0.4537E-01  0.2679E-04  0.3900E-04  0.1939E-02  0.1037E-02  0.9848E-03  0.1833E-01  0.5908E-04  0.2881E+00  0.1689E-04  0.5721E-01  0.1342E-02  0.9511E+00  0.3386E-02  0.3144E+01  0.2266E-03  0.1708E+00
     0.617  0.2609E-02  0.5095E-01  0.2856E-04  0.5502E-04  0.2007E-02  0.1016E-02  0.1022E-02  0.2181E-01  0.6066E-04  0.3227E+00  0.1806E-04  0.6741E-01  0.1366E-02  0.1140E+01  0.3462E-02  0.3553E+01  0.2327E-03  0.1905E+00
     0.627  0.2679E-02  0.5347E-01  0.3035E-04  0.6812E-04  0.2076E-02  0.9725E-03  0.1060E-02  0.2574E-01  0.6223E-04  0.3587E+00  0.1924E-04  0.7686E-01  0.1390E-02  0.1331E+01  0.3538E-02  0.4004E+01  0.2388E-03  0.2135E+00
     0.637  0.2750E-02  0.2738E-01  0.3217E-04  0.5219E-04  0.2145E-02  0.7989E-03  0.1098E-02  0.1604E-01  0.6380E-04  0.2263E+00  0.2045E-04  0.3832E-01  0.1413E-02  0.7426E+00  0.3613E-02  0.2496E+01  0.2448E-03  0.1385E+00
     0.647  0.2867E-02  0.1342E-03  0.3450E-04  0.1161E-06  0.2254E-02  0.3604E-05  0.1141E-02  0.4704E-04  0.6543E-04  0.7259E-03  0.2182E-04  0.1150E-03  0.1446E-02  0.1958E-02  0.3699E-02  0.7404E-02  0.2524E-03  0.4517E-03
     0.657  0.3071E-02  0.0000E+00  0.3779E-04  0.0000E+00  0.2439E-02  0.0000E+00  0.1195E-02  0.0000E+00  0.6718E-04  0.0000E+00  0.2351E-04  0.0000E+00  0.1494E-02  0.0000E+00  0.3806E-02  0.0000E+00  0.2632E-03  0.0000E+00
     0.667  0.3274E-02  0.0000E+00  0.4115E-04  0.0000E+00  0.2624E-02  0.0000E+00  0.1249E-02  0.0000E+00  0.6891E-04  0.0000E+00  0.2523E-04  0.0000E+00  0.1541E-02  0.0000E+00  0.3911E-02  0.0000E+00  0.2739E-03  0.0000E+00
     0.677  0.3476E-02  0.0000E+00  0.4457E-04  0.0000E+00  0.2809E-02  0.0000E+00  0.1304E-02  0.0000E+00  0.7062E-04  0.0000E+00  0.2700E-04  0.0000E+00  0.1587E-02  0.0000E+00  0.4015E-02  0.0000E+00  0.2847E-03  0.0000E+00
     0.687  0.3678E-02  0.0000E+00  0.4805E-04  0.0000E+00  0.2993E-02  0.0000E+00  0.1359E-02  0.0000E+00  0.7231E-04  0.0000E+00  0.2882E-04  0.0000E+00  0.1630E-02  0.0000E+00  0.4119E-02  0.0000E+00  0.2954E-03  0.0000E+00
     0.697  0.3878E-02  0.0000E+00  0.5160E-04  0.0000E+00  0.3177E-02  0.0000E+00  0.1414E-02  0.0000E+00  0.7399E-04  0.0000E+00  0.3067E-04  0.0000E+00  0.1673E-02  0.0000E+00  0.4221E-02  0.0000E+00  0.3062E-03  0.0000E+00
     0.707  0.4090E-02  0.0000E+00  0.5577E-04  0.0000E+00  0.3388E-02  0.0000E+00  0.1511E-02  0.0000E+00  0.7825E-04  0.0000E+00  0.3376E-04  0.0000E+00  0.1755E-02  0.0000E+00  0.4448E-02  0.0000E+00  0.3225E-03  0.0000E+00
     0.717  0.4304E-02  0.0000E+00  0.6019E-04  0.0000E+00  0.3608E-02  0.0000E+00  0.1625E-02  0.0000E+00  0.8343E-04  0.0000E+00  0.3728E-04  0.0000E+00  0.1851E-02  0.0000E+00  0.4718E-02  0.0000E+00  0.3408E-03  0.0000E+00
     0.727  0.4517E-02  0.0000E+00  0.6466E-04  0.0000E+00  0.3827E-02  0.0000E+00  0.1740E-02  0.0000E+00  0.8859E-04  0.0000E+00  0.4080E-04  0.0000E+00  0.1945E-02  0.0000E+00  0.4986E-02  0.0000E+00  0.3592E-03  0.0000E+00
     0.737  0.4728E-02  0.0000E+00  0.6919E-04  0.0000E+00  0.4044E-02  0.0000E+00  0.1855E-02  0.0000E+00  0.9373E-04  0.0000E+00  0.4432E-04  0.0000E+00  0.2037E-02  0.0000E+00  0.5253E-02  0.0000E+00  0.3775E-03  0.0000E+00
     0.747  0.4937E-02  0.1142E+00  0.7376E-04  0.2201E+01  0.4260E-02  0.7383E-01  0.1972E-02  0.2873E-01  0.9886E-04  0.3191E+01  0.4784E-04  0.1732E+03  0.2127E-02  0.2680E+02  0.5518E-02  0.6084E+01  0.3959E-03  0.1023E+02
     0.757  0.5144E-02  0.3320E-02  0.7839E-04  0.1004E+00  0.4474E-02  0.3967E-02  0.2089E-02  0.8138E-03  0.1040E-03  0.1625E+00  0.5136E-04  0.7879E+01  0.2215E-02  0.1294E+01  0.5781E-02  0.1795E+00  0.4144E-03  0.4352E+00
     0.767  0.3357E-02  0.1092E-01  0.5844E-04  0.2359E-02  0.3262E-02  0.1117E-02  0.1869E-02  0.4975E-02  0.1046E-03  0.4000E-01  0.4848E-04  0.1760E+00  0.2101E-02  0.2350E+00  0.5376E-02  0.4861E+00  0.3326E-03  0.2082E-01
     0.777  0.3593E-02  0.2025E-01  0.6557E-04  0.3496E-02  0.3670E-02  0.1949E-02  0.1956E-02  0.9226E-02  0.1083E-03  0.6971E-01  0.5522E-04  0.2587E+00  0.2263E-02  0.4096E+00  0.5544E-02  0.8980E+00  0.3419E-03  0.3834E-01
     0.787  0.3827E-02  0.1728E-01  0.7281E-04  0.1795E-02  0.4084E-02  0.1379E-02  0.2043E-02  0.6045E-02  0.1122E-03  0.4124E-01  0.6208E-04  0.1360E+00  0.2430E-02  0.2467E+00  0.5712E-02  0.5707E+00  0.3510E-03  0.2495E-01
     0.797  0.4294E-02  0.1720E-01  0.9374E-04  0.1165E-02  0.4578E-02  0.1188E-02  0.2328E-02  0.4830E-02  0.1260E-03  0.2999E-01  0.7650E-04  0.9084E-01  0.2577E-02  0.1852E+00  0.6245E-02  0.4404E+00  0.3934E-03  0.1971E-01
     0.807  0.4760E-02  0.1968E-01  0.1219E-03  0.1016E-02  0.4911E-02  0.1249E-02  0.1927E-02  0.4890E-02  0.9521E-04  0.2848E-01  0.8717E-04  0.8114E-01  0.2017E-02  0.1811E+00  0.4564E-02  0.4353E+00  0.3393E-03  0.1982E-01
     0.817  0.4913E-02  0.2308E-01  0.1337E-03  0.9282E-03  0.5211E-02  0.1365E-02  0.2012E-02  0.5100E-02  0.1002E-03  0.2804E-01  0.9716E-04  0.7659E-01  0.2093E-02  0.1838E+00  0.4685E-02  0.4441E+00  0.3452E-03  0.2055E-01
     0.827  0.4691E-02  0.2651E-01  0.1273E-03  0.8381E-03  0.5249E-02  0.1474E-02  0.1767E-02  0.5294E-02  0.8811E-04  0.2743E-01  0.9550E-04  0.7186E-01  0.2071E-02  0.1859E+00  0.4148E-02  0.4508E+00  0.3003E-03  0.2123E-01
     0.837  0.4451E-02  0.2998E-01  0.1198E-03  0.7454E-03  0.5272E-02  0.1577E-02  0.1523E-02  0.5474E-02  0.7584E-04  0.2665E-01  0.9305E-04  0.6695E-01  0.2056E-02  0.1876E+00  0.3623E-02  0.4553E+00  0.2556E-03  0.2185E-01
     0.847  0.4291E-02  0.3350E-01  0.1160E-03  0.6502E-03  0.5284E-02  0.1673E-02  0.1377E-02  0.5639E-02  0.6855E-04  0.2571E-01  0.9218E-04  0.6187E-01  0.2048E-02  0.1887E+00  0.3298E-02  0.4576E+00  0.2284E-03  0.2242E-01
     0.857  0.4183E-02  0.1620E-01  0.1150E-03  0.2373E-03  0.5287E-02  0.1050E-02  0.1290E-02  0.4405E-02  0.6432E-04  0.1996E-01  0.9254E-04  0.1760E-01  0.2038E-02  0.1310E+00  0.3088E-02  0.3641E+00  0.2119E-03  0.1704E-01
     0.867  0.4071E-02  0.1652E-01  0.1139E-03  0.2225E-03  0.5284E-02  0.1092E-02  0.1204E-02  0.4356E-02  0.6014E-04  0.1917E-01  0.9286E-04  0.1691E-01  0.2025E-02  0.1259E+00  0.2879E-02  0.3547E+00  0.1955E-03  0.1682E-01
     0.877  0.3955E-02  0.1684E-01  0.1128E-03  0.2081E-03  0.5272E-02  0.1135E-02  0.1119E-02  0.4312E-02  0.5602E-04  0.1840E-01  0.9313E-04  0.1623E-01  0.2010E-02  0.1209E+00  0.2674E-02  0.3459E+00  0.1794E-03  0.1660E-01
     0.887  0.3941E-02  0.1805E-01  0.1124E-03  0.1988E-03  0.5348E-02  0.1213E-02  0.1045E-02  0.4578E-02  0.5205E-04  0.1835E-01  0.9336E-04  0.1543E-01  0.2018E-02  0.1225E+00  0.2494E-02  0.3546E+00  0.1672E-03  0.1743E-01
     0.897  0.3939E-02  0.2066E-01  0.1120E-03  0.2014E-03  0.5432E-02  0.1297E-02  0.9735E-03  0.5021E-02  0.4813E-04  0.1860E-01  0.9352E-04  0.1431E-01  0.2028E-02  0.1302E+00  0.2318E-02  0.3691E+00  0.1556E-03  0.1860E-01
     0.907  0.3934E-02  0.2253E-01  0.1115E-03  0.1981E-03  0.5513E-02  0.1356E-02  0.9021E-03  0.5340E-02  0.4425E-04  0.1832E-01  0.9358E-04  0.1252E-01  0.2037E-02  0.1343E+00  0.2143E-02  0.3727E+00  0.1441E-03  0.1922E-01
     0.918  0.3928E-02  0.1861E-01  0.1110E-03  0.1471E-03  0.5591E-02  0.1354E-02  0.8311E-03  0.4854E-02  0.4042E-04  0.1613E-01  0.9357E-04  0.1037E-01  0.2046E-02  0.1106E+00  0.1969E-02  0.3385E+00  0.1327E-03  0.1775E-01
     0.928  0.3920E-02  0.1595E-01  0.1104E-03  0.1055E-03  0.5665E-02  0.1356E-02  0.7604E-03  0.4621E-02  0.3664E-04  0.1456E-01  0.9347E-04  0.8440E-02  0.2054E-02  0.9512E-01  0.1797E-02  0.3175E+00  0.1213E-03  0.1697E-01
     0.938  0.3940E-02  0.1499E-01  0.1106E-03  0.8871E-04  0.5802E-02  0.1328E-02  0.7073E-03  0.4209E-02  0.3400E-04  0.1293E-01  0.9464E-04  0.7103E-02  0.2104E-02  0.8398E-01  0.1681E-02  0.2857E+00  0.1123E-03  0.1535E-01
     0.948  0.4013E-02  0.1394E-01  0.1125E-03  0.7337E-04  0.6040E-02  0.1259E-02  0.6670E-03  0.3427E-02  0.3212E-04  0.1038E-01  0.9774E-04  0.5757E-02  0.2206E-02  0.6762E-01  0.1607E-02  0.2306E+00  0.1048E-03  0.1241E-01
     0.958  0.4300E-02  0.1290E-01  0.1210E-03  0.5859E-04  0.6687E-02  0.1185E-02  0.6402E-03  0.2638E-02  0.3063E-04  0.7860E-02  0.1083E-03  0.4428E-02  0.2479E-02  0.5150E-01  0.1567E-02  0.1755E+00  0.9855E-04  0.9451E-02
     0.968  0.4591E-02  0.1192E-01  0.1296E-03  0.4508E-04  0.7341E-02  0.1115E-02  0.6131E-03  0.1905E-02  0.2915E-04  0.5561E-02  0.1188E-03  0.3187E-02  0.2751E-02  0.3683E-01  0.1524E-02  0.1249E+00  0.9235E-04  0.6730E-02
     0.978  0.4885E-02  0.1169E-01  0.1384E-03  0.4214E-04  0.8002E-02  0.1128E-02  0.5856E-03  0.1774E-02  0.2768E-04  0.5187E-02  0.1293E-03  0.3113E-02  0.3022E-02  0.3385E-01  0.1477E-02  0.1165E+00  0.8619E-04  0.6254E-02
     0.988  0.5182E-02  0.1146E-01  0.1472E-03  0.3924E-04  0.8671E-02  0.1139E-02  0.5578E-03  0.1645E-02  0.2623E-04  0.4819E-02  0.1397E-03  0.3039E-02  0.3294E-02  0.3094E-01  0.1427E-02  0.1082E+00  0.8006E-04  0.5784E-02
     0.998  0.5418E-02  0.1123E-01  0.1545E-03  0.3639E-04  0.9231E-02  0.1149E-02  0.5323E-03  0.1518E-02  0.2482E-04  0.4459E-02  0.1484E-03  0.2964E-02  0.3518E-02  0.2810E-01  0.1369E-02  0.1000E+00  0.7453E-04  0.5320E-02
     1.008  0.5550E-02  0.1099E-01  0.1613E-03  0.3358E-04  0.9550E-02  0.1159E-02  0.6097E-03  0.1391E-02  0.2453E-04  0.4105E-02  0.1561E-03  0.2888E-02  0.3629E-02  0.2534E-01  0.1473E-02  0.9196E-01  0.8425E-04  0.4862E-02
     1.018  0.5699E-02  0.1076E-01  0.1696E-03  0.3081E-04  0.9886E-02  0.1168E-02  0.6917E-03  0.1266E-02  0.2445E-04  0.3759E-02  0.1650E-03  0.2812E-02  0.3728E-02  0.2264E-01  0.1577E-02  0.8404E-01  0.9452E-04  0.4410E-02
     1.028  0.5860E-02  0.1052E-01  0.1792E-03  0.2809E-04  0.1023E-01  0.1176E-02  0.7753E-03  0.1143E-02  0.2454E-04  0.3419E-02  0.1748E-03  0.2735E-02  0.3815E-02  0.2001E-01  0.1678E-02  0.7624E-01  0.1049E-03  0.3964E-02
     1.038  0.5479E-02  0.1083E-01  0.1756E-03  0.2616E-04  0.9601E-02  0.1271E-02  0.8368E-03  0.1042E-02  0.2266E-04  0.3138E-02  0.1712E-03  0.2811E-02  0.3475E-02  0.1776E-01  0.1656E-02  0.7065E-01  0.1114E-03  0.3581E-02
     1.048  0.5021E-02  0.1144E-01  0.1748E-03  0.2475E-04  0.8841E-02  0.1414E-02  0.9281E-03  0.9564E-03  0.2164E-04  0.2902E-02  0.1710E-03  0.2980E-02  0.3066E-02  0.1574E-01  0.1670E-02  0.6637E-01  0.1209E-03  0.3245E-02
     1.058  0.4563E-02  0.1335E-01  0.1808E-03  0.2491E-04  0.8205E-02  0.1708E-02  0.9290E-03  0.1028E-02  0.2255E-04  0.2936E-02  0.1780E-03  0.3654E-02  0.2807E-02  0.1563E-01  0.1615E-02  0.7015E-01  0.1150E-03  0.3403E-02
     1.068  0.5847E-02  0.1579E-01  0.2863E-03  0.2683E-04  0.1064E-01  0.2043E-02  0.1351E-02  0.1116E-02  0.3605E-04  0.2968E-02  0.2814E-03  0.4570E-02  0.3530E-02  0.1589E-01  0.2358E-02  0.7389E-01  0.1567E-03  0.3587E-02
     1.078  0.5755E-02  0.1781E-01  0.2877E-03  0.3093E-04  0.1056E-01  0.2285E-02  0.1357E-02  0.1178E-02  0.3755E-04  0.2928E-02  0.2809E-03  0.5463E-02  0.3457E-02  0.1644E-01  0.2314E-02  0.7515E-01  0.1522E-03  0.3675E-02
     1.088  0.5660E-02  0.1940E-01  0.2890E-03  0.3606E-04  0.1047E-01  0.2453E-02  0.1366E-02  0.1236E-02  0.3908E-04  0.2858E-02  0.2802E-03  0.6237E-02  0.3383E-02  0.1714E-01  0.2276E-02  0.7567E-01  0.1481E-03  0.3759E-02
     1.098  0.5383E-02  0.2100E-01  0.2845E-03  0.4215E-04  0.1002E-01  0.2623E-02  0.1423E-02  0.1311E-02  0.4052E-04  0.2802E-02  0.2747E-03  0.6997E-02  0.3202E-02  0.1779E-01  0.2333E-02  0.7670E-01  0.1526E-03  0.3903E-02
     1.108  0.5051E-02  0.2093E-01  0.2778E-03  0.4548E-04  0.9445E-02  0.2634E-02  0.1500E-02  0.1302E-02  0.4184E-04  0.2670E-02  0.2675E-03  0.6914E-02  0.2984E-02  0.1704E-01  0.2426E-02  0.7448E-01  0.1608E-03  0.3832E-02
     1.118  0.4724E-02  0.1972E-01  0.2709E-03  0.4662E-04  0.8871E-02  0.2534E-02  0.1582E-02  0.1239E-02  0.4307E-04  0.2491E-02  0.2602E-03  0.6268E-02  0.2765E-02  0.1546E-01  0.2527E-02  0.7029E-01  0.1700E-03  0.3627E-02
     1.128  0.4490E-02  0.1850E-01  0.2691E-03  0.4769E-04  0.8553E-02  0.2430E-02  0.1668E-02  0.1182E-02  0.4492E-04  0.2313E-02  0.2564E-03  0.5637E-02  0.2616E-02  0.1396E-01  0.2600E-02  0.6623E-01  0.1774E-03  0.3433E-02
     1.138  0.4375E-02  0.1850E-01  0.2796E-03  0.6717E-04  0.8521E-02  0.2426E-02  0.1851E-02  0.1434E-02  0.4925E-04  0.2177E-02  0.2633E-03  0.4792E-02  0.2552E-02  0.1397E-01  0.2806E-02  0.7070E-01  0.1952E-03  0.3967E-02
     1.148  0.4275E-02  0.1509E-01  0.2906E-03  0.6171E-04  0.8530E-02  0.1952E-02  0.2027E-02  0.1253E-02  0.5339E-04  0.1534E-02  0.2708E-03  0.3903E-02  0.2507E-02  0.1153E-01  0.3001E-02  0.5620E-01  0.2116E-03  0.3301E-02
     1.158  0.4124E-02  0.1277E-01  0.3018E-03  0.5749E-04  0.8586E-02  0.1637E-02  0.2122E-02  0.1142E-02  0.5576E-04  0.1147E-02  0.2790E-03  0.3253E-02  0.2524E-02  0.1004E-01  0.3068E-02  0.4726E-01  0.2174E-03  0.2892E-02
     1.168  0.3893E-02  0.1185E-01  0.3016E-03  0.5470E-04  0.8558E-02  0.1537E-02  0.1985E-02  0.1119E-02  0.5357E-04  0.1086E-02  0.2775E-03  0.2927E-02  0.2566E-02  0.9743E-02  0.2796E-02  0.4523E-01  0.1944E-03  0.2794E-02
     1.178  0.3835E-02  0.1094E-01  0.3049E-03  0.5203E-04  0.8580E-02  0.1435E-02  0.1983E-02  0.1096E-02  0.5410E-04  0.1027E-02  0.2793E-03  0.2611E-02  0.2553E-02  0.9455E-02  0.2758E-02  0.4328E-01  0.1907E-03  0.2702E-02
     1.188  0.3908E-02  0.1004E-01  0.3182E-03  0.4947E-04  0.8883E-02  0.1334E-02  0.2033E-02  0.1075E-02  0.5648E-04  0.9698E-03  0.2899E-03  0.2305E-02  0.2616E-02  0.9181E-02  0.2783E-02  0.4142E-01  0.1912E-03  0.2618E-02
     1.198  0.4859E-02  0.9117E-02  0.3520E-03  0.4674E-04  0.1234E-01  0.1228E-02  0.2666E-02  0.1035E-02  0.8059E-04  0.9039E-03  0.3343E-03  0.2043E-02  0.4740E-02  0.8651E-02  0.3871E-02  0.3865E-01  0.2479E-03  0.2471E-02
     1.208  0.5939E-02  0.8397E-02  0.3878E-03  0.4937E-04  0.1624E-01  0.1150E-02  0.3329E-02  0.1110E-02  0.1062E-03  0.9028E-03  0.3832E-03  0.1813E-02  0.7111E-02  0.9246E-02  0.5009E-02  0.3905E-01  0.3069E-03  0.2574E-02
     1.218  0.7032E-02  0.7742E-02  0.4207E-03  0.5297E-04  0.2024E-01  0.1082E-02  0.3957E-02  0.1203E-02  0.1309E-03  0.9122E-03  0.4307E-03  0.1593E-02  0.9532E-02  0.9983E-02  0.6085E-02  0.3995E-01  0.3621E-03  0.2714E-02
     1.228  0.7936E-02  0.6950E-02  0.4327E-03  0.5679E-04  0.2384E-01  0.1036E-02  0.4471E-02  0.1259E-02  0.1519E-03  0.9027E-03  0.4611E-03  0.1218E-02  0.1188E-01  0.1026E-01  0.7013E-02  0.3972E-01  0.4073E-03  0.2721E-02
     1.238  0.9075E-02  0.6672E-02  0.4424E-03  0.5870E-04  0.2836E-01  0.1020E-02  0.5074E-02  0.1272E-02  0.1785E-03  0.8758E-03  0.4957E-03  0.1051E-02  0.1464E-01  0.1017E-01  0.7967E-02  0.3850E-01  0.4538E-03  0.2661E-02
     1.248  0.7631E-02  0.6477E-02  0.4112E-03  0.5906E-04  0.2373E-01  0.9995E-03  0.4709E-02  0.1258E-02  0.1649E-03  0.8395E-03  0.4407E-03  0.9587E-03  0.1183E-01  0.9909E-02  0.7082E-02  0.3684E-01  0.4069E-03  0.2573E-02
     1.258  0.5320E-02  0.6484E-02  0.3756E-03  0.6121E-04  0.1576E-01  0.1012E-02  0.3624E-02  0.1273E-02  0.1219E-03  0.8229E-03  0.3604E-03  0.9112E-03  0.6865E-02  0.9782E-02  0.5046E-02  0.3550E-01  0.2994E-03  0.2515E-02
     1.268  0.5611E-02  0.6573E-02  0.4429E-03  0.6438E-04  0.1669E-01  0.1037E-02  0.4224E-02  0.1304E-02  0.1444E-03  0.8192E-03  0.4126E-03  0.8855E-03  0.7172E-02  0.9730E-02  0.5756E-02  0.3437E-01  0.3341E-03  0.2477E-02
     1.278  0.5418E-02  0.6497E-02  0.4386E-03  0.6619E-04  0.1629E-01  0.1037E-02  0.4224E-02  0.1318E-02  0.1446E-03  0.8146E-03  0.4045E-03  0.8473E-03  0.6968E-02  0.9599E-02  0.5684E-02  0.3322E-01  0.3280E-03  0.2419E-02
     1.288  0.5200E-02  0.6120E-02  0.4299E-03  0.6499E-04  0.1580E-01  0.9888E-03  0.4182E-02  0.1294E-02  0.1432E-03  0.8001E-03  0.3930E-03  0.7827E-03  0.6734E-02  0.9294E-02  0.5560E-02  0.3194E-01  0.3193E-03  0.2316E-02
     1.298  0.4987E-02  0.5746E-02  0.4215E-03  0.6377E-04  0.1533E-01  0.9401E-03  0.4132E-02  0.1270E-02  0.1413E-03  0.7854E-03  0.3820E-03  0.7188E-03  0.6501E-02  0.8995E-02  0.5429E-02  0.3067E-01  0.3103E-03  0.2214E-02
     1.308  0.4780E-02  0.5908E-02  0.4132E-03  0.7875E-04  0.1486E-01  0.1222E-02  0.4075E-02  0.1721E-02  0.1390E-03  0.1294E-02  0.3714E-03  0.1115E-02  0.6267E-02  0.1344E-01  0.5291E-02  0.4431E-01  0.3010E-03  0.2877E-02
     1.318  0.4621E-02  0.6621E-02  0.4061E-03  0.1089E-03  0.1457E-01  0.1818E-02  0.4034E-02  0.2594E-02  0.1373E-03  0.2276E-02  0.3628E-03  0.1944E-02  0.6121E-02  0.2205E-01  0.5176E-02  0.7081E-01  0.2931E-03  0.4190E-02
     1.328  0.1338E-01  0.7832E-02  0.1477E-02  0.1529E-03  0.4020E-01  0.2517E-02  0.1078E-01  0.3751E-02  0.3649E-03  0.3487E-02  0.1253E-02  0.2857E-02  0.1379E-01  0.3227E-01  0.1278E-01  0.1034E+00  0.7358E-03  0.5858E-02
     1.338  0.3289E-02  0.9794E-02  0.2294E-03  0.2098E-03  0.1170E-01  0.3850E-02  0.3004E-02  0.5348E-02  0.1027E-03  0.5504E-02  0.2207E-03  0.4869E-02  0.5481E-02  0.4833E-01  0.3849E-02  0.1510E+00  0.2115E-03  0.8124E-02
     1.348  0.2510E-02  0.1117E-01  0.1279E-03  0.2428E-03  0.9674E-02  0.4754E-02  0.2510E-02  0.6391E-02  0.8739E-04  0.6856E-02  0.1366E-03  0.6272E-02  0.4984E-02  0.5790E-01  0.3262E-02  0.1804E+00  0.1751E-03  0.9520E-02
     1.358  0.2708E-02  0.8694E-02  0.1434E-03  0.1833E-03  0.1046E-01  0.3384E-02  0.2756E-02  0.4717E-02  0.9556E-04  0.4819E-02  0.1506E-03  0.4205E-02  0.5300E-02  0.4092E-01  0.3520E-02  0.1282E+00  0.1888E-03  0.6929E-02
     1.368  0.2891E-02  0.5801E-02  0.1593E-03  0.1221E-03  0.1119E-01  0.1809E-02  0.3012E-02  0.3112E-02  0.1039E-03  0.2795E-02  0.1645E-03  0.2001E-02  0.5587E-02  0.2359E-01  0.3786E-02  0.7708E-01  0.2029E-03  0.4466E-02
     1.378  0.3060E-02  0.5512E-02  0.1757E-03  0.1184E-03  0.1186E-01  0.1753E-02  0.3279E-02  0.3035E-02  0.1124E-03  0.2700E-02  0.1784E-03  0.1903E-02  0.5844E-02  0.2274E-01  0.4062E-02  0.7410E-01  0.2175E-03  0.4291E-02
     1.388  0.3188E-02  0.5284E-02  0.1971E-03  0.1161E-03  0.1246E-01  0.1705E-02  0.3500E-02  0.2981E-02  0.1186E-03  0.2613E-02  0.1966E-03  0.1802E-02  0.5955E-02  0.2201E-01  0.4267E-02  0.7150E-01  0.2276E-03  0.4146E-02
     1.398  0.4787E-02  0.6630E-02  0.4697E-03  0.1522E-03  0.1882E-01  0.1957E-02  0.4390E-02  0.3584E-02  0.1441E-03  0.2939E-02  0.4406E-03  0.1747E-02  0.6898E-02  0.2504E-01  0.4999E-02  0.8048E-01  0.2533E-03  0.4815E-02
     1.408  0.8524E-02  0.7393E-02  0.9845E-03  0.1680E-03  0.3370E-01  0.2210E-02  0.6814E-02  0.3893E-02  0.2180E-03  0.3147E-02  0.9144E-03  0.1818E-02  0.1056E-01  0.2671E-01  0.7313E-02  0.8495E-01  0.3579E-03  0.5088E-02
     1.418  0.1494E-01  0.3374E-02  0.1767E-02  0.7902E-04  0.5964E-01  0.1501E-02  0.9890E-02  0.2416E-02  0.3206E-03  0.2305E-02  0.1699E-02  0.1759E-02  0.1815E-01  0.1796E-01  0.1037E-01  0.5803E-01  0.4916E-03  0.3103E-02
     1.428  0.1785E-01  0.3764E-02  0.1986E-02  0.8554E-04  0.7445E-01  0.1639E-02  0.9946E-02  0.2648E-02  0.3252E-03  0.2469E-02  0.2028E-02  0.1831E-02  0.2330E-01  0.1925E-01  0.1034E-01  0.6187E-01  0.4763E-03  0.3317E-02
     1.438  0.2044E-01  0.4124E-02  0.2153E-02  0.9195E-04  0.8763E-01  0.1760E-02  0.1044E-01  0.2885E-02  0.3560E-03  0.2620E-02  0.2275E-02  0.1884E-02  0.2811E-01  0.2050E-01  0.1076E-01  0.6564E-01  0.4909E-03  0.3534E-02
     1.448  0.2146E-01  0.4619E-02  0.2060E-02  0.1011E-03  0.9637E-01  0.1957E-02  0.9224E-02  0.3201E-02  0.3223E-03  0.2825E-02  0.2317E-02  0.1991E-02  0.3217E-01  0.2219E-01  0.9511E-02  0.7094E-01  0.4314E-03  0.3832E-02
     1.458  0.2005E-01  0.6025E-02  0.1758E-02  0.1229E-03  0.9433E-01  0.2424E-02  0.7234E-02  0.3523E-02  0.2352E-03  0.2890E-02  0.2105E-02  0.1989E-02  0.3204E-01  0.2328E-01  0.7556E-02  0.7465E-01  0.3446E-03  0.4100E-02
     1.468  0.1763E-01  0.6881E-02  0.1442E-02  0.1282E-03  0.8666E-01  0.2651E-02  0.6088E-02  0.3100E-02  0.1878E-03  0.2142E-02  0.1800E-02  0.1580E-02  0.2938E-01  0.1865E-01  0.6383E-02  0.6095E-01  0.2852E-03  0.3530E-02
     1.478  0.1775E-01  0.9112E-02  0.1429E-02  0.1624E-03  0.8925E-01  0.3512E-02  0.5592E-02  0.3733E-02  0.1654E-03  0.2430E-02  0.1818E-02  0.1885E-02  0.3003E-01  0.2123E-01  0.5841E-02  0.7043E-01  0.2524E-03  0.4117E-02
     1.488  0.1697E-01  0.1161E-01  0.1369E-02  0.1899E-03  0.8724E-01  0.4602E-02  0.4789E-02  0.4210E-02  0.1350E-03  0.2699E-02  0.1766E-02  0.2249E-02  0.2908E-01  0.2339E-01  0.4986E-02  0.7763E-01  0.2057E-03  0.4524E-02
     1.498  0.1419E-01  0.2004E-01  0.1202E-02  0.2747E-03  0.7507E-01  0.8126E-02  0.3820E-02  0.5529E-02  0.1010E-03  0.4213E-02  0.1554E-02  0.3547E-02  0.2482E-01  0.3186E-01  0.3985E-02  0.1007E+00  0.1568E-03  0.5703E-02
     1.508  0.8418E-02  0.2067E-01  0.8393E-03  0.2660E-03  0.4771E-01  0.8898E-02  0.2866E-02  0.5493E-02  0.6860E-04  0.4460E-02  0.1071E-02  0.3965E-02  0.1573E-01  0.3322E-01  0.3028E-02  0.1030E+00  0.1175E-03  0.5635E-02
     1.518  0.7915E-02  0.1847E-01  0.8313E-03  0.2248E-03  0.4638E-01  0.8506E-02  0.2761E-02  0.5000E-02  0.6492E-04  0.4042E-02  0.1055E-02  0.3965E-02  0.1506E-01  0.3158E-01  0.2894E-02  0.9716E-01  0.1059E-03  0.5182E-02
     1.528  0.8425E-02  0.1681E-01  0.8916E-03  0.1961E-03  0.5024E-01  0.8255E-02  0.2852E-02  0.4511E-02  0.6723E-04  0.3626E-02  0.1132E-02  0.3937E-02  0.1606E-01  0.2974E-01  0.2932E-02  0.9016E-01  0.9926E-04  0.4706E-02
     1.538  0.8942E-02  0.1548E-01  0.9533E-03  0.1672E-03  0.5418E-01  0.8205E-02  0.2951E-02  0.4055E-02  0.6981E-04  0.3202E-02  0.1210E-02  0.3853E-02  0.1709E-01  0.2807E-01  0.2979E-02  0.8265E-01  0.9288E-04  0.4236E-02
     1.548  0.1181E-01  0.1381E-01  0.1252E-02  0.1362E-03  0.7266E-01  0.7846E-02  0.3683E-02  0.3480E-02  0.8715E-04  0.2725E-02  0.1601E-02  0.3618E-02  0.2255E-01  0.2544E-01  0.3648E-02  0.7221E-01  0.9972E-04  0.3647E-02
     1.558  0.1544E-01  0.1242E-01  0.1646E-02  0.1159E-03  0.9598E-01  0.7368E-02  0.4498E-02  0.2876E-02  0.1082E-03  0.2217E-02  0.2107E-02  0.3289E-02  0.2945E-01  0.2207E-01  0.4398E-02  0.5963E-01  0.1053E-03  0.3005E-02
     1.568  0.1855E-01  0.1200E-01  0.2012E-02  0.1098E-03  0.1167E+00  0.7248E-02  0.5245E-02  0.2578E-02  0.1287E-03  0.1985E-02  0.2564E-02  0.3201E-02  0.3546E-01  0.2032E-01  0.5080E-02  0.5345E-01  0.1075E-03  0.2689E-02
     1.578  0.1632E-01  0.1160E-01  0.1859E-02  0.1047E-03  0.1058E+00  0.7122E-02  0.5202E-02  0.2303E-02  0.1261E-03  0.1768E-02  0.2335E-02  0.3117E-02  0.3157E-01  0.1863E-01  0.4969E-02  0.4728E-01  0.9473E-04  0.2376E-02
     1.588  0.1754E-01  0.1117E-01  0.2016E-02  0.9982E-04  0.1151E+00  0.6983E-02  0.5798E-02  0.2042E-02  0.1394E-03  0.1552E-02  0.2532E-02  0.3032E-02  0.3417E-01  0.1695E-01  0.5500E-02  0.4107E-01  0.1016E-03  0.2064E-02
     1.598  0.1867E-01  0.1079E-01  0.2160E-02  0.9850E-04  0.1238E+00  0.6848E-02  0.6390E-02  0.1832E-02  0.1522E-03  0.1376E-02  0.2715E-02  0.2985E-02  0.3659E-01  0.1547E-01  0.6023E-02  0.3592E-01  0.1088E-03  0.1805E-02
     1.608  0.1977E-01  0.1044E-01  0.2301E-02  0.9914E-04  0.1324E+00  0.6737E-02  0.6990E-02  0.1726E-02  0.1652E-03  0.1253E-02  0.2894E-02  0.2968E-02  0.3898E-01  0.1449E-01  0.6553E-02  0.3266E-01  0.1163E-03  0.1649E-02
     1.618  0.2083E-01  0.1018E-01  0.2439E-02  0.9762E-04  0.1409E+00  0.6756E-02  0.7599E-02  0.1658E-02  0.1782E-03  0.1143E-02  0.3070E-02  0.2901E-02  0.4132E-01  0.1391E-01  0.7090E-02  0.3009E-01  0.1240E-03  0.1537E-02
     1.628  0.2185E-01  0.9923E-02  0.2575E-02  0.9365E-04  0.1492E+00  0.6798E-02  0.8215E-02  0.1568E-02  0.1913E-03  0.1019E-02  0.3242E-02  0.2774E-02  0.4361E-01  0.1327E-01  0.7634E-02  0.2715E-01  0.1319E-03  0.1407E-02
     1.638  0.2291E-01  0.9380E-02  0.2709E-02  0.9146E-04  0.1579E+00  0.6572E-02  0.8885E-02  0.1559E-02  0.2053E-03  0.9245E-03  0.3416E-02  0.2657E-02  0.4604E-01  0.1249E-01  0.8224E-02  0.2584E-01  0.1416E-03  0.1369E-02
     1.648  0.2893E-01  0.8805E-02  0.3997E-02  0.8931E-04  0.2065E+00  0.6323E-02  0.1308E-01  0.1552E-02  0.3402E-03  0.8295E-03  0.4767E-02  0.2534E-02  0.5894E-01  0.1168E-01  0.1153E-01  0.2454E-01  0.2141E-03  0.1334E-02
     1.658  0.2325E-01  0.9096E-02  0.3244E-02  0.8966E-04  0.1681E+00  0.6580E-02  0.1283E-01  0.1595E-02  0.3069E-03  0.8191E-03  0.3820E-02  0.2565E-02  0.4769E-01  0.1173E-01  0.1102E-01  0.2450E-01  0.2310E-03  0.1349E-02
     1.668  0.1996E-01  0.9474E-02  0.2959E-02  0.9020E-04  0.1465E+00  0.6889E-02  0.1263E-01  0.1642E-02  0.2914E-03  0.8163E-03  0.3393E-02  0.2610E-02  0.4085E-01  0.1186E-01  0.1073E-01  0.2457E-01  0.2244E-03  0.1368E-02
     1.678  0.1751E-01  0.9861E-02  0.2802E-02  0.9071E-04  0.1317E+00  0.7205E-02  0.1264E-01  0.1690E-02  0.2833E-03  0.8136E-03  0.3123E-02  0.2657E-02  0.3603E-01  0.1199E-01  0.1064E-01  0.2463E-01  0.2210E-03  0.1388E-02
     1.688  0.1894E-01  0.1029E-01  0.3457E-02  0.9250E-04  0.1470E+00  0.7558E-02  0.1639E-01  0.1743E-02  0.3679E-03  0.8157E-03  0.3792E-02  0.2731E-02  0.3946E-01  0.1219E-01  0.1364E-01  0.2477E-01  0.2816E-03  0.1410E-02
     1.698  0.2194E-01  0.1078E-01  0.4433E-02  0.9714E-04  0.1744E+00  0.7985E-02  0.2156E-01  0.1812E-02  0.4874E-03  0.8285E-03  0.4856E-02  0.2864E-02  0.4653E-01  0.1256E-01  0.1773E-01  0.2507E-01  0.3750E-03  0.1440E-02
     1.708  0.2106E-01  0.1129E-01  0.4640E-02  0.1018E-03  0.1718E+00  0.8421E-02  0.2304E-01  0.1880E-02  0.5131E-03  0.8416E-03  0.5061E-02  0.2997E-02  0.4578E-01  0.1295E-01  0.1867E-01  0.2537E-01  0.4099E-03  0.1470E-02
     1.718  0.2063E-01  0.1181E-01  0.4809E-02  0.1064E-03  0.1719E+00  0.8867E-02  0.2277E-01  0.1949E-02  0.5067E-03  0.8552E-03  0.5185E-02  0.3130E-02  0.4536E-01  0.1334E-01  0.1825E-01  0.2567E-01  0.3776E-03  0.1500E-02
     1.728  0.1628E-01  0.7295E-01  0.3850E-02  0.1970E-03  0.1434E+00  0.5228E-01  0.1929E-01  0.6152E-02  0.3852E-03  0.2832E-02  0.4166E-02  0.1394E-01  0.4037E-01  0.5552E-01  0.1493E-01  0.7066E-01  0.4329E-03  0.4699E-02
     1.738  0.1025E-01  0.4056E-01  0.2490E-02  0.2429E-03  0.9730E-01  0.2878E-01  0.1217E-01  0.7466E-02  0.2059E-03  0.2151E-02  0.2670E-02  0.9803E-02  0.2934E-01  0.3213E-01  0.9023E-02  0.7772E-01  0.3498E-03  0.5349E-02
     1.748  0.1214E-01  0.2738E-01  0.3061E-02  0.1737E-03  0.1169E+00  0.2016E-01  0.1316E-01  0.5587E-02  0.2280E-03  0.1580E-02  0.3256E-02  0.6996E-02  0.3501E-01  0.2435E-01  0.9752E-02  0.5638E-01  0.3661E-03  0.3901E-02
     1.758  0.1309E-01  0.2470E-01  0.3415E-02  0.1745E-03  0.1276E+00  0.1860E-01  0.1356E-01  0.6153E-02  0.2405E-03  0.1822E-02  0.3605E-02  0.6075E-02  0.3812E-01  0.2625E-01  0.9965E-02  0.6230E-01  0.3724E-03  0.4183E-02
     1.768  0.1379E-01  0.2400E-01  0.3713E-02  0.2107E-03  0.1360E+00  0.1920E-01  0.1401E-01  0.7332E-02  0.2529E-03  0.2144E-02  0.3896E-02  0.6031E-02  0.4062E-01  0.2938E-01  0.1019E-01  0.7442E-01  0.3820E-03  0.4916E-02
     1.778  0.1414E-01  0.1903E-01  0.3916E-02  0.1940E-03  0.1413E+00  0.1619E-01  0.1481E-01  0.6809E-02  0.2664E-03  0.2103E-02  0.4089E-02  0.4772E-02  0.4232E-01  0.2784E-01  0.1063E-01  0.7050E-01  0.4082E-03  0.4442E-02
     1.788  0.1216E-01  0.1701E-01  0.3586E-02  0.1837E-03  0.1239E+00  0.1493E-01  0.1339E-01  0.6310E-02  0.2352E-03  0.1932E-02  0.3672E-02  0.4255E-02  0.3735E-01  0.2585E-01  0.9489E-02  0.6502E-01  0.3810E-03  0.4056E-02
     1.798  0.7740E-02  0.1507E-01  0.2598E-02  0.1681E-03  0.8404E-01  0.1354E-01  0.1046E-01  0.5145E-02  0.1616E-03  0.1522E-02  0.2576E-02  0.3731E-02  0.2601E-01  0.2196E-01  0.7183E-02  0.5184E-01  0.3259E-03  0.3262E-02
     1.808  0.5619E-02  0.1458E-01  0.2093E-02  0.1940E-03  0.6144E-01  0.1374E-01  0.7556E-02  0.4989E-02  0.1251E-03  0.1521E-02  0.1947E-02  0.3788E-02  0.1838E-01  0.2316E-01  0.5254E-02  0.5057E-01  0.2109E-03  0.3105E-02
     1.818  0.4616E-02  0.1670E-01  0.1715E-02  0.2559E-03  0.5006E-01  0.1681E-01  0.6914E-02  0.5524E-02  0.1146E-03  0.1863E-02  0.1576E-02  0.4437E-02  0.1467E-01  0.3092E-01  0.4760E-02  0.5734E-01  0.1736E-03  0.3328E-02
     1.828  0.3605E-02  0.2222E-01  0.1309E-02  0.3204E-03  0.3847E-01  0.2257E-01  0.6383E-02  0.6294E-02  0.1032E-03  0.2111E-02  0.1187E-02  0.5380E-02  0.1098E-01  0.3856E-01  0.4321E-02  0.6315E-01  0.1418E-03  0.3744E-02
     1.838  0.2569E-02  0.1562E-01  0.8753E-03  0.3096E-03  0.2641E-01  0.1705E-01  0.5863E-02  0.5334E-02  0.9029E-04  0.1935E-02  0.7780E-03  0.4529E-02  0.7206E-02  0.3439E-01  0.3877E-02  0.5552E-01  0.1116E-03  0.3037E-02
     1.848  0.2282E-02  0.1219E-01  0.7869E-03  0.3060E-03  0.2348E-01  0.1417E-01  0.5886E-02  0.4855E-02  0.8882E-04  0.1821E-02  0.6821E-03  0.4079E-02  0.6289E-02  0.3195E-01  0.3836E-02  0.5171E-01  0.1070E-03  0.2706E-02
     1.858  0.2197E-02  0.1436E-01  0.7943E-03  0.3205E-03  0.2303E-01  0.1708E-01  0.6045E-02  0.5046E-02  0.9067E-04  0.1910E-02  0.6723E-03  0.4114E-02  0.6137E-02  0.3591E-01  0.3896E-02  0.5365E-01  0.1085E-03  0.2771E-02
     1.868  0.2115E-02  0.1435E-01  0.8035E-03  0.3238E-03  0.2261E-01  0.1759E-01  0.6198E-02  0.5111E-02  0.9260E-04  0.1925E-02  0.6636E-03  0.3981E-02  0.5993E-02  0.3700E-01  0.3952E-02  0.5408E-01  0.1098E-03  0.2761E-02
     1.878  0.3960E-02  0.1508E-01  0.2233E-02  0.3322E-03  0.5304E-01  0.1894E-01  0.7827E-02  0.5530E-02  0.1503E-03  0.2016E-02  0.1765E-02  0.3961E-02  0.1328E-01  0.3951E-01  0.5199E-02  0.5789E-01  0.1189E-03  0.2930E-02
     1.888  0.6716E-02  0.1543E-01  0.4362E-02  0.3336E-03  0.9841E-01  0.1959E-01  0.1141E-01  0.5491E-02  0.2512E-03  0.1971E-02  0.3378E-02  0.3909E-02  0.2401E-01  0.3975E-01  0.7645E-02  0.5702E-01  0.1438E-03  0.2870E-02
     1.898  0.1099E-01  0.1561E-01  0.7879E-02  0.3341E-03  0.1679E+00  0.1993E-01  0.1958E-01  0.5282E-02  0.4458E-03  0.1875E-02  0.5921E-02  0.3848E-02  0.4000E-01  0.3915E-01  0.1280E-01  0.5447E-01  0.1993E-03  0.2727E-02
     1.908  0.1307E-01  0.1577E-01  0.1063E-01  0.3358E-03  0.2075E+00  0.2027E-01  0.2324E-01  0.5064E-02  0.5604E-03  0.1782E-02  0.7580E-02  0.3787E-02  0.4843E-01  0.3858E-01  0.1505E-01  0.5189E-01  0.1912E-03  0.2578E-02
     1.918  0.1406E-01  0.1591E-01  0.1236E-01  0.3386E-03  0.2283E+00  0.2059E-01  0.2626E-01  0.4836E-02  0.6375E-03  0.1691E-02  0.8533E-02  0.3728E-02  0.5242E-01  0.3803E-01  0.1676E-01  0.4926E-01  0.1898E-03  0.2425E-02
     1.928  0.1513E-01  0.3972E-02  0.1414E-01  0.2056E-03  0.2487E+00  0.4015E-02  0.3258E-01  0.2840E-02  0.7518E-03  0.5616E-03  0.9497E-02  0.2200E-02  0.5605E-01  0.7638E-02  0.2027E-01  0.2247E-01  0.2223E-03  0.1372E-02
     1.938  0.1405E-01  0.3766E-02  0.1491E-01  0.2372E-03  0.2371E+00  0.3849E-02  0.2548E-01  0.3103E-02  0.6701E-03  0.5934E-03  0.9709E-02  0.2357E-02  0.5295E-01  0.7793E-02  0.1628E-01  0.2406E-01  0.1609E-03  0.1454E-02
     1.948  0.1308E-01  0.3978E-02  0.1507E-01  0.4858E-03  0.2272E+00  0.4530E-02  0.2117E-01  0.4907E-02  0.6105E-03  0.8666E-03  0.9543E-02  0.3852E-02  0.5050E-01  0.1076E-01  0.1387E-01  0.3663E-01  0.1210E-03  0.2145E-02
     1.958  0.1212E-01  0.4342E-02  0.1517E-01  0.4532E-03  0.2176E+00  0.5713E-02  0.1686E-01  0.4927E-02  0.5510E-03  0.8720E-03  0.9355E-02  0.3874E-02  0.4815E-01  0.1162E-01  0.1147E-01  0.3490E-01  0.8106E-04  0.2033E-02
     1.968  0.1157E-01  0.4386E-02  0.1526E-01  0.3704E-03  0.2133E+00  0.5857E-02  0.1622E-01  0.3993E-02  0.5456E-03  0.7007E-03  0.9269E-02  0.3315E-02  0.4686E-01  0.9893E-02  0.1106E-01  0.2712E-01  0.7121E-04  0.1602E-02
     1.978  0.1642E-01  0.4694E-02  0.2377E-01  0.3582E-03  0.3118E+00  0.6392E-02  0.2642E-01  0.4020E-02  0.8694E-03  0.6937E-03  0.1409E-01  0.3275E-02  0.6655E-01  0.1007E-01  0.1761E-01  0.2680E-01  0.7917E-04  0.1593E-02
     1.988  0.1484E-01  0.5741E-02  0.2371E-01  0.3897E-03  0.2905E+00  0.8199E-02  0.2378E-01  0.4193E-02  0.8213E-03  0.7665E-03  0.1358E-01  0.3496E-02  0.6195E-01  0.1210E-01  0.1577E-01  0.2766E-01  0.8612E-04  0.1654E-02
     1.998  0.1794E-01  0.7303E-02  0.3227E-01  0.4325E-03  0.3580E+00  0.1084E-01  0.2907E-01  0.4582E-02  0.1043E-02  0.9048E-03  0.1770E-01  0.3709E-02  0.7559E-01  0.1530E-01  0.1907E-01  0.3048E-01  0.1176E-03  0.1803E-02
     2.008  0.1418E-01  0.5451E-02  0.2615E-01  0.3660E-03  0.2910E+00  0.8396E-02  0.2369E-01  0.3669E-02  0.8422E-03  0.7871E-03  0.1421E-01  0.2318E-02  0.6143E-01  0.1194E-01  0.1548E-01  0.2489E-01  0.1083E-03  0.1437E-02
     2.018  0.1167E-01  0.5046E-02  0.2243E-01  0.3282E-03  0.2488E+00  0.8555E-02  0.2094E-01  0.1676E-02  0.7249E-03  0.6006E-03  0.1204E-01  0.1527E-02  0.5225E-01  0.1192E-01  0.1352E-01  0.1309E-01  0.1020E-03  0.6826E-03
     2.028  0.1710E-01  0.8230E-02  0.3366E-01  0.3729E-03  0.3922E+00  0.1451E-01  0.3320E-01  0.2212E-02  0.1168E-02  0.9650E-03  0.1823E-01  0.1726E-02  0.8191E-01  0.2129E-01  0.2132E-01  0.1852E-01  0.1379E-03  0.8870E-03
     2.038  0.1710E-01  0.1034E-01  0.3845E-01  0.4125E-03  0.4025E+00  0.1847E-01  0.3870E-01  0.2318E-02  0.1288E-02  0.1144E-02  0.1970E-01  0.1886E-02  0.8308E-01  0.2677E-01  0.2391E-01  0.2027E-01  0.1939E-03  0.9345E-03
     2.048  0.5376E-02  0.1028E-01  0.1082E-01  0.4458E-03  0.1295E+00  0.1841E-01  0.1464E-01  0.2072E-02  0.4418E-03  0.1072E-02  0.5846E-02  0.1917E-02  0.2652E-01  0.2578E-01  0.8588E-02  0.1837E-01  0.3258E-04  0.8445E-03
     2.058  0.1330E-01  0.1083E-01  0.3250E-01  0.6757E-03  0.3480E+00  0.1898E-01  0.6508E-01  0.2148E-02  0.1655E-02  0.1077E-02  0.1683E-01  0.2507E-02  0.6863E-01  0.2462E-01  0.3446E-01  0.1822E-01  0.1660E-03  0.8591E-03
     2.068  0.1296E-01  0.7103E-02  0.3333E-01  0.3989E-03  0.3519E+00  0.1266E-01  0.5465E-01  0.2155E-02  0.1492E-02  0.6870E-03  0.1702E-01  0.1370E-02  0.7017E-01  0.1556E-01  0.2942E-01  0.1532E-01  0.1489E-03  0.8286E-03
     2.078  0.5877E-02  0.7062E-02  0.1636E-01  0.4061E-03  0.1633E+00  0.1261E-01  0.2844E-01  0.2371E-02  0.7138E-03  0.6446E-03  0.7948E-02  0.1290E-02  0.3244E-01  0.1470E-01  0.1455E-01  0.1580E-01  0.9625E-04  0.8940E-03
     2.088  0.5655E-02  0.8344E-02  0.1646E-01  0.5021E-03  0.1623E+00  0.1469E-01  0.2826E-01  0.2964E-02  0.6944E-03  0.6889E-03  0.7891E-02  0.1477E-02  0.3226E-01  0.1607E-01  0.1425E-01  0.1874E-01  0.1091E-03  0.1104E-02
     2.098  0.5557E-02  0.1033E-01  0.1692E-01  0.6848E-03  0.1651E+00  0.1801E-01  0.2875E-01  0.3952E-02  0.6910E-03  0.7841E-03  0.8008E-02  0.1895E-02  0.3281E-01  0.1891E-01  0.1429E-01  0.2419E-01  0.1236E-03  0.1466E-02
     2.108  0.6088E-02  0.1316E-01  0.1964E-01  0.1087E-02  0.1875E+00  0.2273E-01  0.3220E-01  0.6156E-02  0.7718E-03  0.9711E-03  0.9116E-02  0.2906E-02  0.3714E-01  0.2372E-01  0.1591E-01  0.3657E-01  0.1462E-03  0.2284E-02
     2.118  0.6622E-02  0.7355E-02  0.2246E-01  0.6512E-03  0.2106E+00  0.1436E-01  0.3557E-01  0.2625E-02  0.8500E-03  0.5049E-03  0.1025E-01  0.1919E-02  0.4160E-01  0.1687E-01  0.1749E-01  0.1739E-01  0.1709E-03  0.1011E-02
     2.128  0.6715E-02  0.4945E-02  0.2486E-01  0.3515E-03  0.2202E+00  0.1027E-01  0.3809E-01  0.2027E-02  0.8914E-03  0.3765E-03  0.1093E-01  0.1161E-02  0.4276E-01  0.1225E-01  0.1836E-01  0.1264E-01  0.1621E-03  0.7157E-03
     2.138  0.3759E-02  0.4118E-02  0.1488E-01  0.2209E-03  0.1192E+00  0.8845E-02  0.2630E-01  0.1937E-02  0.5658E-03  0.3411E-03  0.6224E-02  0.7945E-03  0.2263E-01  0.1028E-01  0.1192E-01  0.1137E-01  0.8257E-04  0.6329E-03
     2.148  0.2527E-02  0.4074E-02  0.1102E-01  0.1697E-03  0.8094E-01  0.9035E-02  0.1904E-01  0.1864E-02  0.4083E-03  0.3133E-03  0.4389E-02  0.5612E-03  0.1535E-01  0.9672E-02  0.8399E-02  0.1045E-01  0.6250E-04  0.5792E-03
     2.158  0.1849E-02  0.4797E-02  0.8969E-02  0.2060E-03  0.6152E-01  0.1086E-01  0.1488E-01  0.2009E-02  0.3184E-03  0.3154E-03  0.3421E-02  0.6178E-03  0.1171E-01  0.1089E-01  0.6407E-02  0.1091E-01  0.5484E-04  0.6111E-03
     2.168  0.1503E-02  0.5555E-02  0.8075E-02  0.2458E-03  0.5307E-01  0.1280E-01  0.1345E-01  0.2144E-02  0.2768E-03  0.3172E-03  0.2980E-02  0.6749E-03  0.1013E-01  0.1218E-01  0.5611E-02  0.1131E-01  0.5739E-04  0.6389E-03
     2.178  0.1169E-02  0.6640E-02  0.7204E-02  0.2941E-03  0.4504E-01  0.1553E-01  0.1198E-01  0.2415E-02  0.2355E-03  0.3315E-03  0.2554E-02  0.7542E-03  0.8639E-02  0.1408E-01  0.4811E-02  0.1228E-01  0.5987E-04  0.6970E-03
     2.188  0.1046E-02  0.1054E-01  0.7416E-02  0.4443E-03  0.4396E-01  0.2486E-01  0.1208E-01  0.3332E-02  0.2308E-03  0.4311E-03  0.2529E-02  0.1091E-02  0.8402E-02  0.2178E-01  0.4732E-02  0.1647E-01  0.6399E-04  0.9190E-03
     2.198  0.1061E-02  0.1210E-01  0.9598E-02  0.5138E-03  0.5263E-01  0.2928E-01  0.1336E-01  0.4031E-02  0.2613E-03  0.4768E-03  0.3110E-02  0.1239E-02  0.1012E-01  0.2543E-01  0.5128E-02  0.1930E-01  0.8309E-04  0.1068E-02
     2.208  0.1161E-02  0.1264E-01  0.1298E-01  0.5305E-03  0.6732E-01  0.3180E-01  0.1519E-01  0.4876E-02  0.3129E-03  0.4963E-03  0.4078E-02  0.1251E-02  0.1302E-01  0.2700E-01  0.5785E-02  0.2172E-01  0.1096E-03  0.1202E-02
     2.218  0.1124E-02  0.1437E-01  0.1456E-01  0.5943E-03  0.7184E-01  0.3670E-01  0.1608E-01  0.6129E-02  0.3345E-03  0.5664E-03  0.4417E-02  0.1378E-02  0.1377E-01  0.3075E-01  0.6051E-02  0.2622E-01  0.1125E-03  0.1449E-02
     2.228  0.1014E-02  0.1581E-01  0.1498E-01  0.6595E-03  0.7102E-01  0.4104E-01  0.1399E-01  0.7436E-02  0.3149E-03  0.6435E-03  0.4401E-02  0.1467E-02  0.1354E-01  0.3406E-01  0.5297E-02  0.3100E-01  0.9411E-04  0.1713E-02
     2.238  0.2656E-02  0.1690E-01  0.3719E-01  0.7429E-03  0.1872E+00  0.4510E-01  0.3724E-01  0.8171E-02  0.8940E-03  0.7086E-03  0.1125E-01  0.1441E-02  0.3435E-01  0.3739E-01  0.1470E-01  0.3372E-01  0.1459E-03  0.1862E-02
     2.248  0.1898E-02  0.1748E-01  0.2964E-01  0.8156E-03  0.1364E+00  0.4793E-01  0.2819E-01  0.8163E-02  0.6471E-03  0.7031E-03  0.8440E-02  0.1396E-02  0.2479E-01  0.3884E-01  0.1078E-01  0.3315E-01  0.1210E-03  0.1835E-02
     2.258  0.1968E-02  0.1703E-01  0.3335E-01  0.8615E-03  0.1427E+00  0.4792E-01  0.2950E-01  0.7551E-02  0.6675E-03  0.6271E-03  0.9052E-02  0.1338E-02  0.2547E-01  0.3711E-01  0.1115E-01  0.2990E-01  0.1382E-03  0.1666E-02
     2.268  0.1932E-02  0.1557E-01  0.3561E-01  0.8497E-03  0.1414E+00  0.4581E-01  0.2947E-01  0.6529E-02  0.6535E-03  0.5346E-03  0.9200E-02  0.1223E-02  0.2484E-01  0.3405E-01  0.1091E-01  0.2475E-01  0.1519E-03  0.1374E-02
     2.278  0.1580E-02  0.1384E-01  0.3205E-01  0.8299E-03  0.1164E+00  0.4219E-01  0.2675E-01  0.5677E-02  0.5536E-03  0.4409E-03  0.7831E-02  0.1153E-02  0.2007E-01  0.3033E-01  0.9462E-02  0.2055E-01  0.1304E-03  0.1124E-02
     2.288  0.7117E-03  0.1230E-01  0.1535E-01  0.8137E-03  0.5399E-01  0.3888E-01  0.1386E-01  0.4914E-02  0.2695E-03  0.3552E-03  0.3560E-02  0.1093E-02  0.9444E-02  0.2692E-01  0.4789E-02  0.1679E-01  0.6026E-04  0.9027E-03
     2.298  0.6833E-03  0.1080E-01  0.1535E-01  0.8175E-03  0.5273E-01  0.3567E-01  0.1401E-01  0.4309E-02  0.2642E-03  0.2850E-03  0.3491E-02  0.1055E-02  0.9170E-02  0.2366E-01  0.4750E-02  0.1378E-01  0.5942E-04  0.7247E-03
     2.308  0.6574E-03  0.1032E-01  0.1555E-01  0.8681E-03  0.5186E-01  0.3526E-01  0.1431E-01  0.4111E-02  0.2619E-03  0.2527E-03  0.3450E-02  0.1083E-02  0.8968E-02  0.2266E-01  0.4758E-02  0.1246E-01  0.5863E-04  0.6438E-03
     2.319  0.6404E-03  0.1056E-01  0.1641E-01  0.9510E-03  0.5232E-01  0.3685E-01  0.1522E-01  0.4165E-02  0.2691E-03  0.2449E-03  0.3514E-02  0.1159E-02  0.8970E-02  0.2328E-01  0.4938E-02  0.1218E-01  0.5903E-04  0.6211E-03
     2.329  0.6269E-03  0.1079E-01  0.1758E-01  0.1035E-02  0.5338E-01  0.3845E-01  0.1635E-01  0.4220E-02  0.2801E-03  0.2376E-03  0.3626E-02  0.1238E-02  0.9060E-02  0.2390E-01  0.5183E-02  0.1191E-01  0.5986E-04  0.5985E-03
     2.339  0.6132E-03  0.1132E-01  0.1879E-01  0.1154E-02  0.5449E-01  0.4116E-01  0.1756E-01  0.4343E-02  0.2919E-03  0.2332E-03  0.3742E-02  0.1365E-02  0.9159E-02  0.2526E-01  0.5448E-02  0.1180E-01  0.6085E-04  0.5838E-03
     2.349  0.6006E-03  0.1469E-01  0.2007E-01  0.1572E-02  0.5577E-01  0.5430E-01  0.1887E-01  0.5153E-02  0.3049E-03  0.2541E-03  0.3870E-02  0.1923E-02  0.9287E-02  0.3353E-01  0.5738E-02  0.1342E-01  0.6210E-04  0.6528E-03
     2.359  0.6012E-03  0.1896E-01  0.2172E-01  0.2127E-02  0.5822E-01  0.7040E-01  0.2044E-01  0.6195E-02  0.3239E-03  0.2774E-03  0.4077E-02  0.2653E-02  0.9630E-02  0.4320E-01  0.6111E-02  0.1544E-01  0.6447E-04  0.7406E-03
     2.369  0.5846E-03  0.2342E-01  0.2284E-01  0.2980E-02  0.5899E-01  0.8689E-01  0.2075E-01  0.7424E-02  0.3285E-03  0.3021E-03  0.4166E-02  0.3774E-02  0.9740E-02  0.5136E-01  0.6127E-02  0.1736E-01  0.6594E-04  0.8163E-03
     2.379  0.5622E-03  0.2264E-01  0.2386E-01  0.3055E-02  0.5958E-01  0.8641E-01  0.2065E-01  0.7780E-02  0.3298E-03  0.3092E-03  0.4234E-02  0.3770E-02  0.9844E-02  0.4964E-01  0.6032E-02  0.1752E-01  0.6721E-04  0.8055E-03
     2.389  0.5969E-03  0.2170E-01  0.3109E-01  0.2988E-02  0.8126E-01  0.8471E-01  0.2524E-01  0.7735E-02  0.4397E-03  0.2965E-03  0.5587E-02  0.3613E-02  0.1351E-01  0.4760E-01  0.7632E-02  0.1677E-01  0.8236E-04  0.7461E-03
     2.399  0.5442E-03  0.2073E-01  0.3091E-01  0.2912E-02  0.7966E-01  0.8289E-01  0.2475E-01  0.7683E-02  0.4248E-03  0.2832E-03  0.5399E-02  0.3447E-02  0.1333E-01  0.4551E-01  0.7353E-02  0.1602E-01  0.8581E-04  0.6866E-03
     2.409  0.4733E-03  0.1973E-01  0.2737E-01  0.2833E-02  0.6499E-01  0.8088E-01  0.2058E-01  0.7620E-02  0.3447E-03  0.2694E-03  0.4503E-02  0.3284E-02  0.1091E-01  0.4331E-01  0.5923E-02  0.1527E-01  0.7734E-04  0.6258E-03
     2.419  0.4246E-03  0.1868E-01  0.2499E-01  0.2783E-02  0.5680E-01  0.7871E-01  0.1782E-01  0.7543E-02  0.2965E-03  0.2587E-03  0.3974E-02  0.3163E-02  0.9583E-02  0.4101E-01  0.5043E-02  0.1451E-01  0.7149E-04  0.5639E-03
     2.429  0.3706E-03  0.1764E-01  0.2257E-01  0.2743E-02  0.4845E-01  0.7646E-01  0.1583E-01  0.7448E-02  0.2516E-03  0.2492E-03  0.3419E-02  0.3057E-02  0.8208E-02  0.3870E-01  0.4276E-02  0.1376E-01  0.6531E-04  0.5029E-03
     2.439  0.3221E-03  0.1608E-01  0.2015E-01  0.2930E-02  0.4058E-01  0.7459E-01  0.1392E-01  0.7387E-02  0.2089E-03  0.2555E-03  0.2889E-02  0.3217E-02  0.6917E-02  0.3593E-01  0.3546E-02  0.1277E-01  0.5930E-04  0.4097E-03
     2.449  0.2985E-03  0.1522E-01  0.1860E-01  0.3061E-02  0.3583E-01  0.7308E-01  0.1252E-01  0.7351E-02  0.1808E-03  0.2602E-03  0.2555E-02  0.3366E-02  0.6155E-02  0.3423E-01  0.3052E-02  0.1236E-01  0.5661E-04  0.3761E-03
     2.459  0.2876E-03  0.1519E-01  0.1808E-01  0.3343E-02  0.3394E-01  0.7491E-01  0.1242E-01  0.7606E-02  0.1699E-03  0.2783E-03  0.2401E-02  0.3706E-02  0.5856E-02  0.3453E-01  0.2899E-02  0.1258E-01  0.5771E-04  0.3743E-03
     2.469  0.2765E-03  0.1529E-01  0.1759E-01  0.3652E-02  0.3207E-01  0.7727E-01  0.1231E-01  0.7925E-02  0.1589E-03  0.2992E-03  0.2247E-02  0.4081E-02  0.5559E-02  0.3509E-01  0.2743E-02  0.1291E-01  0.5889E-04  0.3773E-03
     2.479  0.2224E-03  0.1538E-01  0.1789E-01  0.3967E-02  0.2900E-01  0.7964E-01  0.1253E-01  0.8245E-02  0.1436E-03  0.3206E-03  0.2058E-02  0.4464E-02  0.4997E-02  0.3565E-01  0.2514E-02  0.1325E-01  0.6614E-04  0.3802E-03
     2.489  0.1787E-03  0.1547E-01  0.1839E-01  0.4287E-02  0.2659E-01  0.8203E-01  0.1270E-01  0.8565E-02  0.1323E-03  0.3425E-03  0.1910E-02  0.4853E-02  0.4554E-02  0.3621E-01  0.2339E-02  0.1358E-01  0.7129E-04  0.3828E-03
     2.499  0.1612E-03  0.1565E-01  0.1852E-01  0.4610E-02  0.2511E-01  0.8471E-01  0.1271E-01  0.8927E-02  0.1255E-03  0.3653E-03  0.1796E-02  0.5245E-02  0.4314E-02  0.3691E-01  0.2239E-02  0.1398E-01  0.7157E-04  0.3882E-03
     2.509  0.1449E-03  0.1839E-01  0.1891E-01  0.5455E-02  0.2404E-01  0.1009E+00  0.1286E-01  0.1195E-01  0.1207E-03  0.5285E-03  0.1707E-02  0.6155E-02  0.4153E-02  0.4326E-01  0.2159E-02  0.1917E-01  0.7418E-04  0.5632E-03
     2.519  0.1361E-03  0.1958E-01  0.2383E-01  0.6172E-02  0.2987E-01  0.1102E+00  0.1562E-01  0.1268E-01  0.1408E-03  0.5601E-03  0.2007E-02  0.7006E-02  0.5316E-02  0.4658E-01  0.2419E-02  0.1982E-01  0.1257E-03  0.5550E-03
     2.529  0.1228E-03  0.2181E-01  0.2172E-01  0.7176E-02  0.2367E-01  0.1247E+00  0.1273E-01  0.1436E-01  0.1148E-03  0.6365E-03  0.1655E-02  0.8191E-02  0.4150E-02  0.5193E-01  0.1995E-02  0.2219E-01  0.8618E-04  0.6163E-03
     2.539  0.1100E-03  0.2846E-01  0.2109E-01  0.9665E-02  0.2175E-01  0.1661E+00  0.1180E-01  0.1984E-01  0.1048E-03  0.8835E-03  0.1525E-02  0.1110E-01  0.3823E-02  0.6772E-01  0.1803E-02  0.3116E-01  0.8095E-04  0.9197E-03
     2.549  0.9747E-04  0.2440E-01  0.2045E-01  0.9050E-02  0.1987E-01  0.1479E+00  0.1084E-01  0.1717E-01  0.9495E-04  0.7724E-03  0.1397E-02  0.1041E-01  0.3503E-02  0.5982E-01  0.1614E-02  0.2605E-01  0.7553E-04  0.7054E-03
     2.559  0.8517E-04  0.1996E-01  0.1979E-01  0.8188E-02  0.1803E-01  0.1260E+00  0.9856E-02  0.1437E-01  0.8531E-04  0.6571E-03  0.1274E-02  0.9427E-02  0.3189E-02  0.5057E-01  0.1429E-02  0.2112E-01  0.6995E-04  0.5352E-03
     2.569  0.7313E-04  0.1835E-01  0.1911E-01  0.7952E-02  0.1623E-01  0.1187E+00  0.8848E-02  0.1345E-01  0.7587E-04  0.6228E-03  0.1154E-02  0.9147E-02  0.2881E-02  0.4763E-01  0.1246E-02  0.1949E-01  0.6418E-04  0.4822E-03
     2.579  0.6197E-04  0.1804E-01  0.1867E-01  0.8144E-02  0.1473E-01  0.1192E+00  0.8262E-02  0.1340E-01  0.6858E-04  0.6296E-03  0.1058E-02  0.9366E-02  0.2621E-02  0.4795E-01  0.1113E-02  0.1926E-01  0.5988E-04  0.4735E-03
     2.589  0.5173E-04  0.1885E-01  0.1847E-01  0.9056E-02  0.1354E-01  0.1290E+00  0.8177E-02  0.1384E-01  0.6353E-04  0.6664E-03  0.9852E-03  0.1045E-01  0.2410E-02  0.5240E-01  0.1032E-02  0.1957E-01  0.5736E-04  0.4750E-03
     2.599  0.4235E-04  0.1967E-01  0.1904E-01  0.1001E-01  0.1249E-01  0.1391E+00  0.8165E-02  0.1430E-01  0.5940E-04  0.7062E-03  0.9309E-03  0.1158E-01  0.2229E-02  0.5704E-01  0.9544E-03  0.1988E-01  0.5602E-04  0.4771E-03
     2.609  0.4111E-04  0.2164E-01  0.2318E-01  0.1148E-01  0.1251E-01  0.1567E+00  0.8836E-02  0.1579E-01  0.6137E-04  0.7940E-03  0.9783E-03  0.1330E-01  0.2261E-02  0.6442E-01  0.9382E-03  0.2166E-01  0.6009E-04  0.5123E-03
     2.619  0.4635E-04  0.2582E-01  0.2704E-01  0.1428E-01  0.1321E-01  0.1901E+00  0.1006E-01  0.1987E-01  0.6476E-04  0.1011E-02  0.1037E-02  0.1652E-01  0.2403E-02  0.7742E-01  0.9920E-03  0.2701E-01  0.6397E-04  0.6161E-03
     2.629  0.5133E-04  0.2994E-01  0.3100E-01  0.1709E-01  0.1406E-01  0.2244E+00  0.1136E-01  0.2373E-01  0.6783E-04  0.1224E-02  0.1100E-02  0.1975E-01  0.2569E-02  0.9109E-01  0.1057E-02  0.3189E-01  0.6839E-04  0.7016E-03
     2.639  0.5629E-04  0.3336E-01  0.3507E-01  0.1940E-01  0.1483E-01  0.2613E+00  0.1265E-01  0.2522E-01  0.7033E-04  0.1334E-02  0.1159E-02  0.2257E-01  0.2719E-02  0.1085E+00  0.1116E-02  0.3279E-01  0.7252E-04  0.6776E-03
     2.649  0.6145E-04  0.3153E-01  0.3909E-01  0.1946E-01  0.1554E-01  0.2614E+00  0.1392E-01  0.1992E-01  0.7240E-04  0.1071E-02  0.1212E-02  0.2278E-01  0.2858E-02  0.1100E+00  0.1174E-02  0.2325E-01  0.7638E-04  0.3276E-03
     2.659  0.6396E-04  0.3570E-01  0.3892E-01  0.2253E-01  0.1493E-01  0.3031E+00  0.1422E-01  0.2148E-01  0.7121E-04  0.1153E-02  0.1154E-02  0.2635E-01  0.2752E-02  0.1280E+00  0.1184E-02  0.2389E-01  0.7093E-04  0.2506E-03
     2.669  0.6497E-04  0.4124E-01  0.3721E-01  0.2652E-01  0.1379E-01  0.3575E+00  0.1406E-01  0.2502E-01  0.6916E-04  0.1338E-02  0.1062E-02  0.3094E-01  0.2546E-02  0.1512E+00  0.1168E-02  0.2737E-01  0.6155E-04  0.2458E-03
     2.679  0.6434E-04  0.3438E-01  0.3557E-01  0.2408E-01  0.1223E-01  0.3093E+00  0.1344E-01  0.2212E-01  0.6423E-04  0.1218E-02  0.9396E-03  0.2788E-01  0.2260E-02  0.1293E+00  0.1087E-02  0.2426E-01  0.5193E-04  0.2358E-03
     2.689  0.5090E-04  0.3953E-01  0.2779E-01  0.2924E-01  0.8206E-02  0.3616E+00  0.1171E-01  0.2820E-01  0.4647E-04  0.1571E-02  0.5969E-03  0.3370E-01  0.1473E-02  0.1482E+00  0.8427E-03  0.3165E-01  0.3357E-04  0.3373E-03
     2.699  0.4658E-04  0.3867E-01  0.2348E-01  0.3013E-01  0.6602E-02  0.3599E+00  0.1193E-01  0.2818E-01  0.3982E-04  0.1609E-02  0.4325E-03  0.3452E-01  0.1145E-02  0.1463E+00  0.8081E-03  0.3126E-01  0.2495E-04  0.3181E-03
     2.709  0.5018E-04  0.3757E-01  0.2581E-01  0.3117E-01  0.6673E-02  0.3560E+00  0.1260E-01  0.2837E-01  0.4006E-04  0.1675E-02  0.4355E-03  0.3549E-01  0.1163E-02  0.1431E+00  0.8206E-03  0.3117E-01  0.2537E-04  0.3056E-03
     2.719  0.5410E-04  0.3511E-01  0.2896E-01  0.3180E-01  0.6790E-02  0.3403E+00  0.1342E-01  0.2795E-01  0.4055E-04  0.1733E-02  0.4425E-03  0.3597E-01  0.1181E-02  0.1349E+00  0.8350E-03  0.3051E-01  0.2593E-04  0.3156E-03
     2.729  0.5870E-04  0.2772E-01  0.3334E-01  0.2663E-01  0.6985E-02  0.2755E+00  0.1451E-01  0.2267E-01  0.4139E-04  0.1420E-02  0.4548E-03  0.2993E-01  0.1199E-02  0.1089E+00  0.8530E-03  0.2462E-01  0.2672E-04  0.2836E-03
     2.739  0.6538E-04  0.2222E-01  0.3921E-01  0.2256E-01  0.7308E-02  0.2291E+00  0.1647E-01  0.1914E-01  0.4241E-04  0.1181E-02  0.4649E-03  0.2517E-01  0.1213E-02  0.9048E-01  0.8876E-03  0.2078E-01  0.2787E-04  0.2562E-03
     2.749  0.7259E-04  0.2126E-01  0.4559E-01  0.2363E-01  0.7679E-02  0.2308E+00  0.1868E-01  0.1983E-01  0.4345E-04  0.1238E-02  0.4755E-03  0.2617E-01  0.1229E-02  0.9031E-01  0.9251E-03  0.2151E-01  0.2918E-04  0.2737E-03
     2.759  0.7998E-04  0.2063E-01  0.5211E-01  0.2494E-01  0.8067E-02  0.2355E+00  0.2091E-01  0.2077E-01  0.4439E-04  0.1307E-02  0.4858E-03  0.2744E-01  0.1245E-02  0.9133E-01  0.9605E-03  0.2252E-01  0.3055E-04  0.2901E-03
     2.769  0.8771E-04  0.2006E-01  0.5895E-01  0.2533E-01  0.8492E-02  0.2360E+00  0.2339E-01  0.2138E-01  0.4532E-04  0.1335E-02  0.4957E-03  0.2772E-01  0.1261E-02  0.9091E-01  0.9972E-03  0.2317E-01  0.3202E-04  0.2881E-03
     2.779  0.9452E-04  0.1882E-01  0.6573E-01  0.2494E-01  0.8931E-02  0.2274E+00  0.2584E-01  0.2097E-01  0.4633E-04  0.1312E-02  0.5060E-03  0.2716E-01  0.1273E-02  0.8705E-01  0.1027E-02  0.2263E-01  0.3328E-04  0.2785E-03
     2.789  0.1023E-03  0.1708E-01  0.7792E-01  0.2393E-01  0.9351E-02  0.2113E+00  0.2815E-01  0.1975E-01  0.4668E-04  0.1248E-02  0.5167E-03  0.2591E-01  0.1273E-02  0.8046E-01  0.1043E-02  0.2117E-01  0.3487E-04  0.2637E-03
     2.799  0.1134E-03  0.9326E-02  0.9907E-01  0.1200E-01  0.9996E-02  0.1142E+00  0.3163E-01  0.1400E-01  0.4668E-04  0.7552E-03  0.5274E-03  0.1271E-01  0.1260E-02  0.4265E-01  0.1060E-02  0.1557E-01  0.3769E-04  0.1918E-03
     2.809  0.1220E-03  0.8476E-02  0.1182E+00  0.1166E-01  0.1077E-01  0.1068E+00  0.3516E-01  0.1359E-01  0.4713E-04  0.7357E-03  0.5422E-03  0.1223E-01  0.1283E-02  0.3954E-01  0.1037E-02  0.1503E-01  0.4061E-04  0.1925E-03
     2.819  0.1313E-03  0.7644E-02  0.1357E+00  0.1144E-01  0.1153E-01  0.1001E+00  0.3842E-01  0.1339E-01  0.4748E-04  0.7271E-03  0.5562E-03  0.1184E-01  0.1322E-02  0.3658E-01  0.1008E-02  0.1470E-01  0.4335E-04  0.1954E-03
     2.829  0.1414E-03  0.7131E-02  0.1521E+00  0.1198E-01  0.1235E-01  0.9916E-01  0.4150E-01  0.1416E-01  0.4806E-04  0.7713E-03  0.5710E-03  0.1217E-01  0.1373E-02  0.3555E-01  0.9905E-03  0.1537E-01  0.4596E-04  0.2050E-03
     2.839  0.1401E-03  0.6628E-02  0.1625E+00  0.1250E-01  0.1312E-01  0.9825E-01  0.4397E-01  0.1491E-01  0.4862E-04  0.8142E-03  0.5887E-03  0.1248E-01  0.1330E-02  0.3455E-01  0.9537E-03  0.1602E-01  0.4722E-04  0.2149E-03
     2.849  0.1378E-03  0.6045E-02  0.1713E+00  0.1271E-01  0.1385E-01  0.9622E-01  0.4607E-01  0.1569E-01  0.4906E-04  0.8514E-03  0.6062E-03  0.1244E-01  0.1269E-02  0.3332E-01  0.9168E-03  0.1670E-01  0.4812E-04  0.2277E-03
     2.859  0.1358E-03  0.5759E-02  0.1804E+00  0.1316E-01  0.1461E-01  0.9640E-01  0.4825E-01  0.1677E-01  0.4955E-04  0.9065E-03  0.6251E-03  0.1267E-01  0.1212E-02  0.3301E-01  0.8823E-03  0.1765E-01  0.4915E-04  0.2451E-03
     2.869  0.1143E-03  0.5690E-02  0.1717E+00  0.1384E-01  0.1246E-01  0.9826E-01  0.3889E-01  0.1779E-01  0.4597E-04  0.9620E-03  0.6139E-03  0.1318E-01  0.1016E-02  0.3339E-01  0.6892E-03  0.1853E-01  0.4065E-04  0.2628E-03
     2.879  0.1079E-03  0.5739E-02  0.1734E+00  0.1445E-01  0.1213E-01  0.1007E+00  0.3774E-01  0.1838E-01  0.4602E-04  0.9932E-03  0.6326E-03  0.1364E-01  0.9371E-03  0.3415E-01  0.6366E-03  0.1895E-01  0.3946E-04  0.2750E-03
     2.889  0.1021E-03  0.5770E-02  0.1649E+00  0.1508E-01  0.1138E-01  0.1030E+00  0.3654E-01  0.1900E-01  0.4598E-04  0.1026E-02  0.6571E-03  0.1412E-01  0.8476E-03  0.3489E-01  0.5640E-03  0.1941E-01  0.3751E-04  0.2897E-03
     2.899  0.9624E-04  0.5762E-02  0.1568E+00  0.1580E-01  0.1059E-01  0.1055E+00  0.3514E-01  0.1968E-01  0.4599E-04  0.1062E-02  0.6828E-03  0.1464E-01  0.7610E-03  0.3564E-01  0.4922E-03  0.1991E-01  0.3553E-04  0.3111E-03
     2.909  0.9394E-04  0.5781E-02  0.1547E+00  0.1759E-01  0.1020E-01  0.1103E+00  0.3459E-01  0.2109E-01  0.4783E-04  0.1144E-02  0.7465E-03  0.1588E-01  0.6828E-03  0.3676E-01  0.4233E-03  0.2103E-01  0.3536E-04  0.3395E-03
     2.919  0.1237E-03  0.5764E-02  0.2091E+00  0.1887E-01  0.1296E-01  0.1138E+00  0.4412E-01  0.2200E-01  0.6666E-04  0.1195E-02  0.1132E-02  0.1676E-01  0.6987E-03  0.3772E-01  0.3786E-03  0.2168E-01  0.5033E-04  0.3675E-03
     2.929  0.1500E-03  0.5687E-02  0.2525E+00  0.1966E-01  0.1567E-01  0.1152E+00  0.5045E-01  0.2256E-01  0.8448E-04  0.1225E-02  0.1502E-02  0.1726E-01  0.6922E-03  0.3815E-01  0.3391E-03  0.2201E-01  0.6406E-04  0.3897E-03
     2.939  0.1970E-03  0.5599E-02  0.3438E+00  0.2043E-01  0.2306E-01  0.1164E+00  0.6059E-01  0.2311E-01  0.1217E-03  0.1254E-02  0.2215E-02  0.1774E-01  0.7260E-03  0.3850E-01  0.3038E-03  0.2232E-01  0.9016E-04  0.4120E-03
     2.949  0.2415E-03  0.5401E-02  0.4214E+00  0.2058E-01  0.2926E-01  0.1149E+00  0.6958E-01  0.2306E-01  0.1563E-03  0.1245E-02  0.2868E-02  0.1769E-01  0.7555E-03  0.3785E-01  0.2829E-03  0.2204E-01  0.1134E-03  0.4052E-03
     2.959  0.2871E-03  0.5043E-02  0.4939E+00  0.1962E-01  0.3526E-01  0.1093E+00  0.7814E-01  0.2122E-01  0.1913E-03  0.1139E-02  0.3530E-02  0.1670E-01  0.7864E-03  0.3589E-01  0.2677E-03  0.2007E-01  0.1367E-03  0.3514E-03
     2.969  0.3345E-03  0.4746E-02  0.5632E+00  0.1908E-01  0.4132E-01  0.1048E+00  0.8679E-01  0.2008E-01  0.2273E-03  0.1076E-02  0.4212E-02  0.1606E-01  0.8225E-03  0.3422E-01  0.2584E-03  0.1879E-01  0.1611E-03  0.3131E-03
     2.979  0.4725E-03  0.4537E-02  0.9211E+00  0.1931E-01  0.6181E-01  0.1030E+00  0.1185E+00  0.2006E-01  0.3744E-03  0.1075E-02  0.6927E-02  0.1605E-01  0.1058E-02  0.3332E-01  0.2170E-03  0.1853E-01  0.2465E-03  0.2956E-03
     2.989  0.4026E-03  0.4152E-02  0.4722E+00  0.1854E-01  0.4758E-01  0.9563E-01  0.6103E-01  0.1934E-01  0.2466E-03  0.1024E-02  0.4737E-02  0.1521E-01  0.2757E-03  0.3067E-01  0.1263E-03  0.1763E-01  0.1954E-03  0.2768E-03
     2.999  0.6330E-03  0.3615E-02  0.7186E+00  0.1666E-01  0.7152E-01  0.8201E-01  0.9061E-01  0.1786E-01  0.3941E-03  0.9201E-03  0.7675E-02  0.1345E-01  0.2886E-03  0.2608E-01  0.1900E-03  0.1608E-01  0.3198E-03  0.2606E-03
     3.009  0.5766E-03  0.3048E-02  0.5602E+00  0.1489E-01  0.6099E-01  0.6817E-01  0.1078E+00  0.1633E-01  0.3310E-03  0.8156E-03  0.6445E-02  0.1174E-01  0.2656E-03  0.2139E-01  0.3030E-03  0.1445E-01  0.2850E-03  0.2425E-03
      3.019  0.5738E-03  0.2567E-02  0.5036E+00  0.1399E-01  0.5621E-01  0.5787E-01  0.1260E+00  0.1545E-01  0.3141E-03  0.7513E-03  0.6180E-02  0.1064E-01  0.2600E-03  0.1773E-01  0.3865E-03  0.1334E-01  0.2872E-03  0.2265E-03
      3.029  0.5960E-03  0.2259E-02  0.4829E+00  0.1404E-01  0.5559E-01  0.5315E-01  0.1464E+00  0.1507E-01  0.3164E-03  0.7258E-03  0.6258E-02  0.1036E-01  0.2762E-03  0.1598E-01  0.4835E-03  0.1265E-01  0.3031E-03  0.2175E-03
      3.039  0.6134E-03  0.1934E-02  0.4554E+00  0.1427E-01  0.5532E-01  0.4862E-01  0.1715E+00  0.1488E-01  0.3157E-03  0.7091E-03  0.6228E-02  0.1017E-01  0.3138E-03  0.1427E-01  0.6515E-03  0.1204E-01  0.3201E-03  0.2114E-03
      3.049  0.6625E-03  0.1342E-02  0.4402E+00  0.1187E-01  0.5717E-01  0.3782E-01  0.2025E+00  0.1289E-01  0.3246E-03  0.5807E-03  0.6400E-02  0.8113E-02  0.3623E-03  0.1122E-01  0.8486E-03  0.9756E-02  0.3505E-03  0.2071E-03
      3.059  0.6499E-03  0.9893E-03  0.3707E+00  0.1057E-01  0.5527E-01  0.3162E-01  0.2175E+00  0.1178E-01  0.3027E-03  0.5119E-03  0.5813E-02  0.6983E-02  0.3989E-03  0.9352E-02  0.1040E-02  0.8445E-02  0.3476E-03  0.1941E-03
      3.069  0.6243E-03  0.9090E-03  0.3151E+00  0.1054E-01  0.5477E-01  0.3052E-01  0.2236E+00  0.1194E-01  0.2832E-03  0.5102E-03  0.5138E-02  0.6867E-02  0.4463E-03  0.8954E-02  0.1201E-02  0.8396E-02  0.3325E-03  0.1933E-03
      3.079  0.5404E-03  0.8387E-03  0.2520E+00  0.1055E-01  0.4443E-01  0.2957E-01  0.1808E+00  0.1217E-01  0.2406E-03  0.5104E-03  0.4326E-02  0.6781E-02  0.4622E-03  0.8612E-02  0.1200E-02  0.8411E-02  0.3039E-03  0.1949E-03
      3.089  0.5176E-03  0.7692E-03  0.2252E+00  0.1057E-01  0.3922E-01  0.2861E-01  0.1686E+00  0.1240E-01  0.2237E-03  0.5104E-03  0.4059E-02  0.6697E-02  0.5027E-03  0.8268E-02  0.1280E-02  0.8424E-02  0.3073E-03  0.1966E-03
      3.099  0.5271E-03  0.7004E-03  0.2116E+00  0.1059E-01  0.3912E-01  0.2764E-01  0.1815E+00  0.1263E-01  0.2222E-03  0.5100E-03  0.3984E-02  0.6615E-02  0.5578E-03  0.7922E-02  0.1456E-02  0.8436E-02  0.3223E-03  0.1984E-03
      3.109  0.5366E-03  0.6374E-03  0.1979E+00  0.1065E-01  0.3900E-01  0.2673E-01  0.1951E+00  0.1288E-01  0.2205E-03  0.5100E-03  0.3906E-02  0.6550E-02  0.6153E-03  0.7593E-02  0.1638E-02  0.8462E-02  0.3378E-03  0.2006E-03
      3.119  0.4548E-03  0.6054E-03  0.1586E+00  0.1087E-01  0.3494E-01  0.2620E-01  0.1991E+00  0.1326E-01  0.1936E-03  0.5139E-03  0.3191E-02  0.6581E-02  0.6490E-03  0.7395E-02  0.1862E-02  0.8578E-02  0.3148E-03  0.2048E-03
      3.129  0.2721E-03  0.5737E-03  0.7668E-01  0.1113E-01  0.2655E-01  0.2571E-01  0.2104E+00  0.1362E-01  0.1313E-03  0.5170E-03  0.1580E-02  0.6631E-02  0.6966E-03  0.7214E-02  0.2391E-02  0.8686E-02  0.2602E-03  0.2097E-03
      3.139  0.2715E-03  0.5083E-03  0.5567E-01  0.1045E-01  0.2723E-01  0.2310E-01  0.2328E+00  0.1311E-01  0.1301E-03  0.4780E-03  0.1317E-02  0.6108E-02  0.7913E-03  0.6469E-02  0.2847E-02  0.8232E-02  0.2754E-03  0.2018E-03
      3.149  0.3179E-03  0.4182E-03  0.5039E-01  0.8933E-02  0.3145E-01  0.1883E-01  0.2609E+00  0.1190E-01  0.1512E-03  0.4077E-03  0.1370E-02  0.5097E-02  0.9352E-03  0.5290E-02  0.3361E-02  0.7329E-02  0.3034E-03  0.1819E-03
      3.159  0.3871E-03  0.3266E-03  0.4758E-01  0.6471E-02  0.4048E-01  0.1351E-01  0.3137E+00  0.9900E-02  0.1966E-03  0.3145E-03  0.1514E-02  0.3621E-02  0.1191E-02  0.3811E-02  0.4302E-02  0.5893E-02  0.3494E-03  0.1407E-03
      3.169  0.4862E-03  0.2507E-03  0.4750E-01  0.4107E-02  0.5493E-01  0.8522E-02  0.3960E+00  0.7840E-02  0.2694E-03  0.2319E-03  0.1764E-02  0.2236E-02  0.1591E-02  0.2315E-02  0.5772E-02  0.4415E-02  0.4195E-03  0.8882E-04
      3.179  0.1075E-02  0.2366E-03  0.5382E-01  0.4240E-02  0.9461E-01  0.8534E-02  0.6051E+00  0.8110E-02  0.4475E-03  0.2361E-03  0.2752E-02  0.2277E-02  0.2895E-02  0.2309E-02  0.9399E-02  0.4505E-02  0.6501E-03  0.9221E-04
      3.189  0.3488E-03  0.2225E-03  0.1270E-01  0.4374E-02  0.1962E-01  0.8551E-02  0.1575E+00  0.8383E-02  0.9762E-04  0.2403E-03  0.8127E-03  0.2319E-02  0.7407E-03  0.2305E-02  0.2698E-02  0.4595E-02  0.2262E-03  0.9562E-04
      3.199  0.6191E-03  0.2074E-03  0.1625E-01  0.4638E-02  0.9568E-01  0.8588E-02  0.7140E+00  0.8671E-02  0.4820E-03  0.2435E-03  0.1090E-02  0.2390E-02  0.2281E-02  0.2312E-02  0.1473E-01  0.4664E-02  0.7307E-03  0.1001E-03
      3.209  0.7316E-03  0.5654E-04  0.1791E-01  0.5411E-02  0.8820E-01  0.6482E-02  0.6065E+00  0.9280E-02  0.4567E-03  0.2364E-03  0.1310E-02  0.2321E-02  0.2030E-02  0.1630E-02  0.1344E-01  0.4441E-02  0.6426E-03  0.1061E-03
      3.219  0.7815E-03  0.5443E-04  0.1789E-01  0.6053E-02  0.8261E-01  0.6761E-02  0.5316E+00  0.9966E-02  0.4354E-03  0.2452E-03  0.1357E-02  0.2492E-02  0.1864E-02  0.1717E-02  0.1253E-01  0.4575E-02  0.5733E-03  0.1119E-03
      3.229  0.8567E-03  0.5587E-04  0.1908E-01  0.7568E-02  0.8057E-01  0.8698E-02  0.4871E+00  0.1118E-01  0.4334E-03  0.2718E-03  0.1489E-02  0.3044E-02  0.1799E-02  0.2212E-02  0.1229E-01  0.4971E-02  0.5416E-03  0.1187E-03
      3.239  0.1075E-02  0.6083E-04  0.2349E-01  0.1054E-01  0.9912E-01  0.1249E-01  0.5980E+00  0.1391E-01  0.5461E-03  0.3332E-03  0.1911E-02  0.4161E-02  0.2289E-02  0.3147E-02  0.1583E-01  0.6047E-02  0.6924E-03  0.1372E-03
      3.249  0.8107E-03  0.5824E-04  0.1488E-01  0.1252E-01  0.5929E-01  0.1423E-01  0.2828E+00  0.1467E-01  0.3262E-03  0.3571E-03  0.1308E-02  0.4824E-02  0.1063E-02  0.3600E-02  0.8284E-02  0.6246E-02  0.2981E-03  0.1464E-03
      3.259  0.8225E-03  0.5770E-04  0.1400E-01  0.1399E-01  0.5041E-01  0.1486E-01  0.2131E+00  0.1468E-01  0.2865E-03  0.3631E-03  0.1308E-02  0.5257E-02  0.9105E-03  0.3760E-02  0.6908E-02  0.6091E-02  0.2390E-03  0.1502E-03
      3.269  0.8523E-03  0.5581E-04  0.1422E-01  0.1358E-01  0.4698E-01  0.1370E-01  0.1816E+00  0.1355E-01  0.2764E-03  0.3349E-03  0.1377E-02  0.4973E-02  0.8655E-03  0.3469E-02  0.6407E-02  0.5468E-02  0.2161E-03  0.1388E-03
      3.279  0.8531E-03  0.5502E-04  0.1430E-01  0.1322E-01  0.4442E-01  0.1255E-01  0.1626E+00  0.1261E-01  0.2703E-03  0.3073E-03  0.1411E-02  0.4676E-02  0.8439E-03  0.3181E-02  0.6098E-02  0.4861E-02  0.2034E-03  0.1281E-03
      3.289  0.8221E-03  0.5418E-04  0.1411E-01  0.1286E-01  0.4191E-01  0.1141E-01  0.1516E+00  0.1168E-01  0.2631E-03  0.2803E-03  0.1408E-02  0.4386E-02  0.8231E-03  0.2897E-02  0.5853E-02  0.4266E-02  0.1970E-03  0.1178E-03
      3.299  0.7982E-03  0.5330E-04  0.1398E-01  0.1251E-01  0.3979E-01  0.1029E-01  0.1422E+00  0.1077E-01  0.2586E-03  0.2539E-03  0.1415E-02  0.4101E-02  0.8094E-03  0.2615E-02  0.5678E-02  0.3683E-02  0.1930E-03  0.1077E-03
      3.309  0.7829E-03  0.5238E-04  0.1393E-01  0.1218E-01  0.3807E-01  0.9183E-02  0.1344E+00  0.9874E-02  0.2570E-03  0.2282E-03  0.1431E-02  0.3822E-02  0.8040E-03  0.2337E-02  0.5583E-02  0.3111E-02  0.1917E-03  0.9792E-04
      3.319  0.7692E-03  0.5232E-04  0.1392E-01  0.1188E-01  0.3640E-01  0.8148E-02  0.1266E+00  0.9388E-02  0.2555E-03  0.2095E-03  0.1453E-02  0.3563E-02  0.7948E-03  0.2083E-02  0.5479E-02  0.2723E-02  0.1902E-03  0.9312E-04
      3.329  0.6758E-03  0.5224E-04  0.1195E-01  0.1159E-01  0.2988E-01  0.7130E-02  0.1004E+00  0.8942E-02  0.2151E-03  0.1915E-03  0.1272E-02  0.3310E-02  0.6696E-03  0.1832E-02  0.4494E-02  0.2355E-02  0.1581E-03  0.8890E-04
      3.339  0.6015E-03  0.6288E-04  0.1072E-01  0.2466E-01  0.2223E-01  0.8489E-02  0.6706E-01  0.1051E-01  0.1610E-03  0.3053E-03  0.1170E-02  0.6619E-02  0.4954E-03  0.2159E-02  0.3057E-02  0.2591E-02  0.1187E-03  0.1941E-03
      3.349  0.5841E-03  0.4721E-04  0.1049E-01  0.5181E-02  0.1901E-01  0.2442E-02  0.5278E-01  0.7109E-02  0.1423E-03  0.9171E-04  0.1168E-02  0.1139E-02  0.4247E-03  0.6110E-03  0.2503E-02  0.1236E-02  0.1073E-03  0.3266E-04
      3.359  0.4701E-03  0.4727E-04  0.7137E-02  0.5193E-02  0.1463E-01  0.2145E-02  0.4199E-01  0.7252E-02  0.1101E-03  0.8677E-04  0.8207E-03  0.1051E-02  0.3136E-03  0.5417E-03  0.2050E-02  0.1156E-02  0.8352E-04  0.3290E-04
      3.369  0.3319E-03  0.4802E-04  0.3236E-02  0.5247E-02  0.1008E-01  0.1949E-02  0.3248E-01  0.7420E-02  0.7553E-04  0.8297E-04  0.4016E-03  0.9837E-03  0.2250E-03  0.4978E-03  0.1649E-02  0.1089E-02  0.5804E-04  0.3338E-04
      3.379  0.2985E-03  0.4947E-04  0.1943E-02  0.5344E-02  0.9188E-02  0.1853E-02  0.3243E-01  0.7611E-02  0.6939E-04  0.8029E-04  0.2674E-03  0.9379E-03  0.2196E-03  0.4792E-03  0.1660E-02  0.1035E-02  0.5427E-04  0.3408E-04
      3.389  0.3037E-03  0.5087E-04  0.1756E-02  0.5445E-02  0.9131E-02  0.1762E-02  0.3267E-01  0.7801E-02  0.7014E-04  0.7748E-04  0.2549E-03  0.8926E-03  0.2277E-03  0.4617E-03  0.1687E-02  0.9815E-03  0.5574E-04  0.3484E-04
      3.399  0.3088E-03  0.5256E-04  0.1575E-02  0.5615E-02  0.9045E-02  0.1854E-02  0.3275E-01  0.8169E-02  0.7062E-04  0.7869E-04  0.2425E-03  0.9019E-03  0.2352E-03  0.4878E-03  0.1708E-02  0.1007E-02  0.5706E-04  0.3675E-04
      3.409  0.3335E-03  0.5428E-04  0.1503E-02  0.5789E-02  0.9018E-02  0.1956E-02  0.3208E-01  0.8555E-02  0.7166E-04  0.8014E-04  0.2484E-03  0.9137E-03  0.2484E-03  0.5163E-03  0.1700E-02  0.1038E-02  0.5921E-04  0.3874E-04
      3.419  0.4036E-03  0.5602E-04  0.1789E-02  0.5963E-02  0.9537E-02  0.2060E-02  0.3095E-01  0.8950E-02  0.7678E-04  0.8165E-04  0.3081E-03  0.9257E-03  0.2746E-03  0.5453E-03  0.1698E-02  0.1071E-02  0.6400E-04  0.4076E-04
      3.429  0.4749E-03  0.8049E-04  0.2125E-02  0.9662E-02  0.1017E-01  0.2527E-02  0.2988E-01  0.1253E-01  0.8306E-04  0.1222E-03  0.3765E-03  0.1446E-02  0.2955E-03  0.7005E-03  0.1706E-02  0.1725E-02  0.6823E-04  0.6838E-04
      3.439  0.8477E-03  0.1377E-03  0.3522E-02  0.1786E-01  0.1605E-01  0.4648E-02  0.3670E-01  0.1823E-01  0.1363E-03  0.2026E-03  0.7017E-03  0.2614E-02  0.4717E-03  0.1378E-02  0.2926E-02  0.2706E-02  0.1188E-03  0.1334E-03
      3.449  0.2188E-02  0.3846E-03  0.7301E-02  0.4819E-01  0.3222E-01  0.1228E-01  0.3922E-01  0.3813E-01  0.2589E-03  0.5777E-03  0.1937E-02  0.7649E-02  0.6706E-03  0.3709E-02  0.3481E-02  0.5747E-02  0.2035E-03  0.3421E-03
      3.459  0.1752E-02  0.4463E-03  0.6970E-02  0.8959E-01  0.2428E-01  0.1581E-01  0.3041E-01  0.4037E-01  0.1986E-03  0.6562E-03  0.1689E-02  0.1283E-01  0.5562E-03  0.4824E-02  0.2504E-02  0.5372E-02  0.1808E-03  0.6572E-03
      3.469  0.1091E-02  0.3451E-03  0.5112E-02  0.1186E+00  0.1438E-01  0.1255E-01  0.2362E-01  0.3174E-01  0.1201E-03  0.6638E-03  0.1155E-02  0.1505E-01  0.4291E-03  0.3594E-02  0.1829E-02  0.3720E-02  0.1402E-03  0.6733E-03
      3.479  0.1266E-02  0.3008E-03  0.6277E-02  0.1139E+00  0.1642E-01  0.1055E-01  0.2488E-01  0.2791E-01  0.1431E-03  0.5933E-03  0.1407E-02  0.1381E-01  0.5035E-03  0.2912E-02  0.2072E-02  0.3084E-02  0.1623E-03  0.6075E-03
      3.489  0.1429E-02  0.2832E-03  0.7227E-02  0.1140E+00  0.1822E-01  0.9415E-02  0.2425E-01  0.2650E-01  0.1616E-03  0.5612E-03  0.1631E-02  0.1329E-01  0.5182E-03  0.2517E-02  0.2120E-02  0.2821E-02  0.1693E-03  0.5804E-03
      3.499  0.1472E-02  0.2735E-03  0.6680E-02  0.1230E+00  0.1807E-01  0.8632E-02  0.2223E-01  0.2673E-01  0.1567E-03  0.5522E-03  0.1604E-02  0.1354E-01  0.4799E-03  0.2217E-02  0.2001E-02  0.2759E-02  0.1631E-03  0.5979E-03
      3.509  0.1472E-02  0.2620E-03  0.5912E-02  0.1384E+00  0.1740E-01  0.8064E-02  0.2012E-01  0.2727E-01  0.1480E-03  0.5525E-03  0.1526E-02  0.1420E-01  0.4385E-03  0.1950E-02  0.1863E-02  0.2686E-02  0.1540E-03  0.6378E-03
      3.519  0.1431E-02  0.2383E-03  0.5410E-02  0.1665E+00  0.1651E-01  0.7130E-02  0.1815E-01  0.2933E-01  0.1397E-03  0.5961E-03  0.1454E-02  0.1576E-01  0.4068E-03  0.1527E-02  0.1730E-02  0.2727E-02  0.1451E-03  0.6967E-03
      3.529  0.1382E-02  0.1828E-03  0.4953E-02  0.1298E+00  0.1556E-01  0.5313E-02  0.1623E-01  0.2673E-01  0.1314E-03  0.4588E-03  0.1383E-02  0.1188E-01  0.3771E-03  0.1066E-02  0.1597E-02  0.2315E-02  0.1364E-03  0.5270E-03
      3.539  0.1324E-02  0.1328E-03  0.4491E-02  0.8928E-01  0.1455E-01  0.3578E-02  0.1435E-01  0.2404E-01  0.1228E-03  0.3189E-03  0.1305E-02  0.7862E-02  0.3475E-03  0.6624E-03  0.1465E-02  0.1924E-02  0.1271E-03  0.3540E-03
      3.549  0.1264E-02  0.1679E-03  0.4057E-02  0.1094E+00  0.1346E-01  0.3671E-02  0.1234E-01  0.4409E-01  0.1136E-03  0.3756E-03  0.1232E-02  0.8830E-02  0.3110E-03  0.5221E-03  0.1310E-02  0.2535E-02  0.1170E-03  0.4056E-03
      3.559  0.1195E-02  0.1182E-03  0.3619E-02  0.6365E-01  0.1231E-01  0.2710E-02  0.1037E-01  0.4826E-01  0.1040E-03  0.1896E-03  0.1153E-02  0.4832E-02  0.2741E-03  0.3885E-03  0.1156E-02  0.2171E-02  0.1064E-03  0.2726E-03
      3.569  0.1209E-02  0.1191E-03  0.3572E-02  0.6830E-01  0.1205E-01  0.2579E-02  0.8789E-02  0.6239E-01  0.1024E-03  0.1664E-03  0.1166E-02  0.4902E-02  0.2453E-03  0.2693E-03  0.1050E-02  0.2443E-02  0.9942E-04  0.3059E-03
      3.579  0.1346E-02  0.2422E-03  0.3834E-02  0.1189E+00  0.1298E-01  0.9752E-02  0.7724E-02  0.1061E+00  0.1105E-03  0.2566E-03  0.1274E-02  0.6852E-02  0.2333E-03  0.1116E-02  0.1064E-02  0.4409E-02  0.9858E-04  0.4967E-03
      3.589  0.1472E-02  0.2800E-03  0.4084E-02  0.1447E+00  0.1383E-01  0.1675E-01  0.6791E-02  0.1247E+00  0.1185E-03  0.3141E-03  0.1376E-02  0.7461E-02  0.2253E-03  0.1708E-02  0.1101E-02  0.4557E-02  0.9810E-04  0.5015E-03
      3.599  0.1568E-02  0.2703E-03  0.4287E-02  0.1421E+00  0.1457E-01  0.2064E-01  0.6546E-02  0.1335E+00  0.1258E-03  0.2988E-03  0.1446E-02  0.6633E-02  0.2388E-03  0.1884E-02  0.1218E-02  0.4040E-02  0.1017E-03  0.4278E-03
      3.609  0.1657E-02  0.3056E-03  0.4498E-02  0.1640E+00  0.1529E-01  0.2680E-01  0.6660E-02  0.1656E+00  0.1346E-03  0.3308E-03  0.1509E-02  0.7104E-02  0.2688E-03  0.2229E-02  0.1413E-02  0.4264E-02  0.1073E-03  0.4400E-03
      3.619  0.1864E-02  0.3808E-03  0.5345E-02  0.1921E+00  0.1701E-01  0.3475E-01  0.7090E-02  0.2269E+00  0.1518E-03  0.3722E-03  0.1738E-02  0.7482E-02  0.3123E-03  0.2670E-02  0.1658E-02  0.4600E-02  0.1215E-03  0.4430E-03
      3.629  0.2121E-02  0.4204E-03  0.6299E-02  0.2139E+00  0.1918E-01  0.4116E-01  0.7524E-02  0.2589E+00  0.1732E-03  0.3792E-03  0.2011E-02  0.7488E-02  0.3609E-03  0.3036E-02  0.1912E-02  0.4748E-02  0.1358E-03  0.4453E-03
      3.639  0.2383E-02  0.4342E-03  0.7175E-02  0.2155E+00  0.2142E-01  0.4258E-01  0.7779E-02  0.2675E+00  0.1960E-03  0.3376E-03  0.2282E-02  0.6857E-02  0.4087E-03  0.3038E-02  0.2133E-02  0.4486E-02  0.1469E-03  0.4274E-03
      3.649  0.4982E-02  0.3870E-03  0.1333E-01  0.1787E+00  0.4383E-01  0.3612E-01  0.8886E-02  0.2420E+00  0.4159E-03  0.2467E-03  0.4624E-02  0.5298E-02  0.5900E-03  0.2451E-02  0.3146E-02  0.3596E-02  0.2154E-03  0.3557E-03
      3.659  0.2032E-02  0.1078E-02  0.5047E-02  0.3393E+00  0.1806E-01  0.9721E-01  0.5452E-02  0.8809E+00  0.1778E-03  0.4674E-03  0.1819E-02  0.7678E-02  0.3699E-03  0.4990E-02  0.1755E-02  0.8392E-02  0.1061E-03  0.6427E-03
      3.669  0.1709E-02  0.8958E-03  0.4343E-02  0.3669E+00  0.1517E-01  0.9479E-01  0.4619E-02  0.7328E+00  0.1532E-03  0.3784E-03  0.1560E-02  0.8400E-02  0.3508E-03  0.4294E-02  0.1549E-02  0.5914E-02  0.8998E-04  0.6597E-03
      3.679  0.1402E-02  0.6355E-03  0.3636E-02  0.2898E+00  0.1248E-01  0.4461E-01  0.4087E-02  0.2566E+00  0.1299E-03  0.1316E-03  0.1299E-02  0.6070E-02  0.3343E-03  0.2686E-02  0.1382E-02  0.2278E-02  0.7500E-04  0.4467E-03
      3.689  0.1107E-02  0.8119E-03  0.2908E-02  0.3859E+00  0.9877E-02  0.6145E-01  0.3598E-02  0.3504E+00  0.1064E-03  0.1872E-03  0.1029E-02  0.7847E-02  0.3127E-03  0.3240E-02  0.1230E-02  0.2794E-02  0.6093E-04  0.5703E-03
      3.699  0.8082E-03  0.6892E-03  0.2151E-02  0.2786E+00  0.7239E-02  0.5406E-01  0.3107E-02  0.3057E+00  0.8236E-04  0.1455E-03  0.7480E-03  0.5458E-02  0.2882E-03  0.2514E-02  0.1076E-02  0.1973E-02  0.4668E-04  0.3995E-03
      3.709  0.6205E-03  0.7171E-03  0.1669E-02  0.2171E+00  0.5525E-02  0.5302E-01  0.2721E-02  0.2634E+00  0.6702E-04  0.1154E-03  0.5723E-03  0.3657E-02  0.2721E-03  0.2370E-02  0.9584E-03  0.1413E-02  0.3775E-04  0.2756E-03
      3.720  0.6426E-03  0.6738E-03  0.1700E-02  0.1745E+00  0.5602E-02  0.5082E-01  0.2715E-02  0.1889E+00  0.6807E-04  0.8530E-04  0.5855E-03  0.2631E-02  0.2842E-03  0.2218E-02  0.9740E-03  0.1009E-02  0.3894E-04  0.2042E-03
      3.730  0.4741E-03  0.6474E-03  0.1144E-02  0.1397E+00  0.3985E-02  0.5129E-01  0.2197E-02  0.1225E+00  0.5189E-04  0.6106E-04  0.4140E-03  0.1786E-02  0.2287E-03  0.2148E-02  0.7510E-03  0.6761E-03  0.3391E-04  0.1453E-03
      3.740  0.4579E-03  0.7196E-03  0.9968E-03  0.1270E+00  0.3730E-02  0.5677E-01  0.2081E-02  0.9068E-01  0.4765E-04  0.5202E-04  0.3717E-03  0.1359E-02  0.2117E-03  0.2293E-02  0.7226E-03  0.5431E-03  0.3328E-04  0.1181E-03
      3.750  0.4409E-03  0.1438E-02  0.8635E-03  0.2191E+00  0.3483E-02  0.1062E+00  0.1967E-02  0.1153E+00  0.4369E-04  0.6894E-04  0.3329E-03  0.1631E-02  0.1955E-03  0.4013E-02  0.6949E-03  0.8570E-03  0.3255E-04  0.2048E-03
      3.760  0.5727E-03  0.1844E-02  0.7652E-03  0.2317E+00  0.3777E-02  0.1391E+00  0.2084E-02  0.1484E+00  0.4280E-04  0.7907E-04  0.3225E-03  0.1376E-02  0.2042E-03  0.4825E-02  0.7387E-03  0.1079E-02  0.4120E-04  0.2112E-03
      3.770  0.7222E-03  0.1808E-02  0.6861E-03  0.1979E+00  0.4134E-02  0.1345E+00  0.2293E-02  0.1383E+00  0.4303E-04  0.7538E-04  0.3164E-03  0.1016E-02  0.2239E-03  0.4423E-02  0.8159E-03  0.1113E-02  0.5197E-04  0.1803E-03
      3.780  0.8578E-03  0.1690E-02  0.6388E-03  0.1617E+00  0.4458E-02  0.1244E+00  0.2561E-02  0.1274E+00  0.4431E-04  0.7038E-04  0.3137E-03  0.7077E-03  0.2521E-03  0.3852E-02  0.9151E-03  0.1127E-02  0.6293E-04  0.1519E-03
      3.790  0.8598E-03  0.1530E-02  0.6371E-03  0.1214E+00  0.4325E-02  0.1084E+00  0.2416E-02  0.1150E+00  0.4385E-04  0.6314E-04  0.3076E-03  0.4724E-03  0.2450E-03  0.3154E-02  0.8848E-03  0.1036E-02  0.5966E-04  0.1165E-03
      3.800  0.7688E-03  0.1404E-02  0.6200E-03  0.1077E+00  0.3929E-02  0.9639E-01  0.2083E-02  0.1017E+00  0.4245E-04  0.5553E-04  0.2967E-03  0.4101E-03  0.2138E-03  0.2713E-02  0.8081E-03  0.9942E-03  0.4878E-04  0.1152E-03
      3.810  0.7715E-03  0.1348E-02  0.6221E-03  0.9546E-01  0.3895E-02  0.8667E-01  0.2045E-02  0.9220E-01  0.4264E-04  0.5226E-04  0.3018E-03  0.3830E-03  0.2136E-03  0.2408E-02  0.8066E-03  0.1151E-02  0.4854E-04  0.1380E-03
      3.820  0.7743E-03  0.1257E-02  0.6246E-03  0.8103E-01  0.3862E-02  0.7288E-01  0.2007E-02  0.7781E-01  0.4284E-04  0.4847E-04  0.3072E-03  0.3607E-03  0.2135E-03  0.2108E-02  0.8048E-03  0.1271E-02  0.4832E-04  0.1649E-03
      3.830  0.7773E-03  0.7428E-03  0.6276E-03  0.3197E-01  0.3831E-02  0.3628E-01  0.1968E-02  0.4407E-01  0.4304E-04  0.3231E-04  0.3130E-03  0.2515E-03  0.2134E-03  0.1261E-02  0.8027E-03  0.7554E-03  0.4811E-04  0.8063E-04
      3.840  0.7804E-03  0.5959E-03  0.6309E-03  0.2127E-01  0.3800E-02  0.2737E-01  0.1929E-02  0.3981E-01  0.4325E-04  0.2570E-04  0.3191E-03  0.2146E-03  0.2135E-03  0.9634E-03  0.8003E-03  0.7150E-03  0.4793E-04  0.7708E-04
      3.850  0.8145E-03  0.5338E-03  0.6408E-03  0.1752E-01  0.3878E-02  0.2353E-01  0.1919E-02  0.3538E-01  0.4480E-04  0.2521E-04  0.3319E-03  0.2051E-03  0.2186E-03  0.7861E-03  0.8204E-03  0.6824E-03  0.4839E-04  0.6775E-04
      3.860  0.8493E-03  0.5275E-03  0.6514E-03  0.1640E-01  0.3957E-02  0.2219E-01  0.1908E-02  0.3277E-01  0.4635E-04  0.2621E-04  0.3452E-03  0.2081E-03  0.2238E-03  0.7218E-03  0.8395E-03  0.6746E-03  0.4888E-04  0.6335E-04
      3.870  0.8850E-03  0.5368E-03  0.6625E-03  0.1580E-01  0.4036E-02  0.2169E-01  0.1895E-02  0.3156E-01  0.4789E-04  0.2703E-04  0.3590E-03  0.2133E-03  0.2290E-03  0.6986E-03  0.8577E-03  0.6872E-03  0.4940E-04  0.6255E-04
      3.880  0.9214E-03  0.5461E-03  0.6742E-03  0.1521E-01  0.4116E-02  0.2118E-01  0.1881E-02  0.3036E-01  0.4942E-04  0.2785E-04  0.3733E-03  0.2189E-03  0.2343E-03  0.6757E-03  0.8749E-03  0.6991E-03  0.4995E-04  0.6177E-04
      3.890  0.9586E-03  0.5552E-03  0.6866E-03  0.1463E-01  0.4197E-02  0.2068E-01  0.1865E-02  0.2916E-01  0.5094E-04  0.2866E-04  0.3881E-03  0.2246E-03  0.2396E-03  0.6532E-03  0.8913E-03  0.7105E-03  0.5052E-04  0.6101E-04
      3.900  0.9967E-03  0.5759E-03  0.6996E-03  0.1406E-01  0.4279E-02  0.2032E-01  0.1849E-02  0.2808E-01  0.5246E-04  0.3030E-04  0.4033E-03  0.2352E-03  0.2449E-03  0.6331E-03  0.9067E-03  0.7380E-03  0.5112E-04  0.6061E-04
      3.910  0.1037E-02  0.6104E-03  0.7109E-03  0.1352E-01  0.4353E-02  0.2013E-01  0.1819E-02  0.2712E-01  0.5380E-04  0.3290E-04  0.4187E-03  0.2513E-03  0.2496E-03  0.6160E-03  0.9159E-03  0.7832E-03  0.5155E-04  0.6061E-04
      3.920  0.1080E-02  0.6456E-03  0.7195E-03  0.1299E-01  0.4415E-02  0.1994E-01  0.1775E-02  0.2615E-01  0.5492E-04  0.3550E-04  0.4338E-03  0.2678E-03  0.2537E-03  0.5993E-03  0.9183E-03  0.8272E-03  0.5178E-04  0.6061E-04
      3.930  0.1122E-02  0.6816E-03  0.7280E-03  0.1247E-01  0.4475E-02  0.1974E-01  0.1731E-02  0.2517E-01  0.5602E-04  0.3811E-04  0.4489E-03  0.2847E-03  0.2579E-03  0.5830E-03  0.9202E-03  0.8698E-03  0.5202E-04  0.6063E-04
      3.940  0.1170E-02  0.7183E-03  0.7400E-03  0.1196E-01  0.4541E-02  0.1954E-01  0.1688E-02  0.2419E-01  0.5748E-04  0.4072E-04  0.4655E-03  0.3021E-03  0.2682E-03  0.5671E-03  0.9289E-03  0.9111E-03  0.5203E-04  0.6065E-04
      3.950  0.1186E-02  0.7559E-03  0.7464E-03  0.1145E-01  0.4512E-02  0.1934E-01  0.1632E-02  0.2320E-01  0.5773E-04  0.4334E-04  0.4758E-03  0.3199E-03  0.2759E-03  0.5516E-03  0.9236E-03  0.9510E-03  0.5182E-04  0.6069E-04
      3.960  0.1247E-02  0.7942E-03  0.7533E-03  0.1096E-01  0.4466E-02  0.1913E-01  0.1580E-02  0.2220E-01  0.5754E-04  0.4596E-04  0.4844E-03  0.3382E-03  0.2831E-03  0.5365E-03  0.9153E-03  0.9897E-03  0.5174E-04  0.6074E-04
      3.970  0.1316E-02  0.8333E-03  0.7597E-03  0.1047E-01  0.4423E-02  0.1893E-01  0.1530E-02  0.2119E-01  0.5732E-04  0.4859E-04  0.4929E-03  0.3569E-03  0.2904E-03  0.5219E-03  0.9069E-03  0.1027E-02  0.5168E-04  0.6079E-04
      3.980  0.1432E-02  0.8730E-03  0.7753E-03  0.9937E-02  0.4376E-02  0.1854E-01  0.1439E-02  0.1986E-01  0.5775E-04  0.5113E-04  0.5053E-03  0.3774E-03  0.3139E-03  0.5053E-03  0.9262E-03  0.1052E-02  0.5277E-04  0.6026E-04
      3.990  0.1545E-02  0.8985E-03  0.7563E-03  0.9401E-02  0.4238E-02  0.1792E-01  0.1318E-02  0.1848E-01  0.5700E-04  0.5220E-04  0.5063E-03  0.3905E-03  0.3286E-03  0.4873E-03  0.9201E-03  0.1054E-02  0.5321E-04  0.5971E-04
      4.000  0.1635E-02  0.9508E-03  0.7534E-03  0.8849E-02  0.4193E-02  0.1717E-01  0.1254E-02  0.1711E-01  0.5637E-04  0.5260E-04  0.5120E-03  0.4006E-03  0.3374E-03  0.4687E-03  0.9113E-03  0.1051E-02  0.5332E-04  0.5945E-04
      4.010  0.1727E-02  0.1009E-02  0.7493E-03  0.8243E-02  0.4150E-02  0.1639E-01  0.1190E-02  0.1575E-01  0.5568E-04  0.5335E-04  0.5171E-03  0.4130E-03  0.3461E-03  0.4456E-03  0.9023E-03  0.1062E-02  0.5344E-04  0.5952E-04
      4.020  0.1846E-02  0.1070E-02  0.7534E-03  0.7482E-02  0.4038E-02  0.1544E-01  0.1081E-02  0.1420E-01  0.5408E-04  0.5406E-04  0.5225E-03  0.4250E-03  0.3563E-03  0.4204E-03  0.8860E-03  0.1073E-02  0.5550E-04  0.5948E-04
      4.030  0.1928E-02  0.1157E-02  0.7471E-03  0.5452E-02  0.4028E-02  0.1294E-01  0.1062E-02  0.9030E-02  0.5353E-04  0.5446E-04  0.5249E-03  0.4321E-03  0.3600E-03  0.3717E-03  0.8752E-03  0.1113E-02  0.5528E-04  0.5963E-04
      4.040  0.2046E-02  0.1231E-02  0.7508E-03  0.4443E-02  0.4031E-02  0.1201E-01  0.1049E-02  0.8011E-02  0.5335E-04  0.5505E-04  0.5308E-03  0.4422E-03  0.3644E-03  0.3409E-03  0.8671E-03  0.1137E-02  0.5514E-04  0.5995E-04
      4.050  0.2267E-02  0.1306E-02  0.7861E-03  0.3974E-02  0.4066E-02  0.1133E-01  0.1051E-02  0.7067E-02  0.5434E-04  0.5569E-04  0.5483E-03  0.4561E-03  0.3707E-03  0.3240E-03  0.8670E-03  0.1150E-02  0.5521E-04  0.5996E-04
      4.060  0.2497E-02  0.1380E-02  0.8238E-03  0.3556E-02  0.4102E-02  0.1071E-01  0.1055E-02  0.6260E-02  0.5536E-04  0.5601E-04  0.5667E-03  0.4671E-03  0.3770E-03  0.3110E-03  0.8663E-03  0.1157E-02  0.5530E-04  0.5989E-04
      4.070  0.2737E-02  0.1461E-02  0.8641E-03  0.3203E-02  0.4137E-02  0.9928E-02  0.1059E-02  0.5294E-02  0.5642E-04  0.5612E-04  0.5860E-03  0.4763E-03  0.3831E-03  0.3009E-03  0.8650E-03  0.1162E-02  0.5540E-04  0.6043E-04
      4.080  0.2986E-02  0.1618E-02  0.9068E-03  0.3109E-02  0.4173E-02  0.9348E-02  0.1064E-02  0.4528E-02  0.5752E-04  0.5711E-04  0.6062E-03  0.4897E-03  0.3892E-03  0.2961E-03  0.8631E-03  0.1176E-02  0.5551E-04  0.6158E-04
      4.090  0.3244E-02  0.1785E-02  0.9520E-03  0.3115E-02  0.4210E-02  0.9298E-02  0.1070E-02  0.4399E-02  0.5865E-04  0.5827E-04  0.6274E-03  0.5039E-03  0.3952E-03  0.2941E-03  0.8606E-03  0.1185E-02  0.5563E-04  0.6162E-04
      4.100  0.3522E-02  0.1958E-02  0.1001E-02  0.3126E-02  0.4268E-02  0.9248E-02  0.1085E-02  0.4271E-02  0.6029E-04  0.5944E-04  0.6519E-03  0.5185E-03  0.4044E-03  0.2924E-03  0.8644E-03  0.1192E-02  0.5608E-04  0.6165E-04
      4.110  0.3848E-02  0.2138E-02  0.1064E-02  0.3143E-02  0.4383E-02  0.9199E-02  0.1103E-02  0.4147E-02  0.6248E-04  0.6062E-04  0.6887E-03  0.5334E-03  0.4174E-03  0.2909E-03  0.8704E-03  0.1198E-02  0.5764E-04  0.6167E-04
      4.120  0.4187E-02  0.2324E-02  0.1131E-02  0.3165E-02  0.4503E-02  0.9152E-02  0.1120E-02  0.4024E-02  0.6469E-04  0.6180E-04  0.7275E-03  0.5487E-03  0.4311E-03  0.2897E-03  0.8755E-03  0.1203E-02  0.5927E-04  0.6169E-04
      4.130  0.6559E-02  0.2517E-02  0.1474E-02  0.3193E-02  0.5436E-02  0.9104E-02  0.1276E-02  0.3904E-02  0.6961E-04  0.6300E-04  0.8264E-03  0.5644E-03  0.4756E-03  0.2888E-03  0.9288E-03  0.1207E-02  0.6967E-04  0.6170E-04
      4.140  0.1049E-01  0.2716E-02  0.2075E-02  0.3227E-02  0.7077E-02  0.9058E-02  0.1626E-02  0.3787E-02  0.7676E-04  0.6420E-04  0.9633E-03  0.5804E-03  0.5591E-03  0.2881E-03  0.1047E-02  0.1210E-02  0.8573E-04  0.6171E-04
      4.150  0.8262E-02  0.2939E-02  0.2370E-02  0.3277E-02  0.5104E-02  0.9124E-02  0.1779E-02  0.3768E-02  0.8138E-04  0.6653E-04  0.9803E-03  0.6042E-03  0.4737E-03  0.2905E-03  0.8756E-03  0.1228E-02  0.6785E-04  0.6242E-04
      4.160  0.1010E-01  0.3189E-02  0.2834E-02  0.3380E-02  0.5911E-02  0.9286E-02  0.2244E-02  0.3734E-02  0.9659E-04  0.6945E-04  0.1180E-02  0.6359E-03  0.5889E-03  0.2977E-03  0.9949E-03  0.1245E-02  0.7716E-04  0.6320E-04
      4.170  0.1120E-01  0.5350E-02  0.3229E-02  0.4076E-02  0.6636E-02  0.1099E-01  0.2476E-02  0.3972E-02  0.1101E-03  0.7789E-04  0.1353E-02  0.7657E-03  0.6946E-03  0.3877E-03  0.1094E-02  0.1388E-02  0.8461E-04  0.7351E-04
      4.180  0.1231E-01  0.7201E-02  0.3631E-02  0.4861E-02  0.7359E-02  0.1246E-01  0.2711E-02  0.4312E-02  0.1236E-03  0.8583E-04  0.1525E-02  0.8744E-03  0.7985E-03  0.4483E-03  0.1186E-02  0.1541E-02  0.9235E-04  0.8133E-04
      4.190  0.1473E-01  0.5907E-02  0.4844E-02  0.5244E-02  0.6639E-02  0.1019E-01  0.3102E-02  0.4315E-02  0.1369E-03  0.8953E-04  0.1698E-02  0.8029E-03  0.7317E-03  0.3603E-03  0.1087E-02  0.1373E-02  0.8729E-04  0.7529E-04
      4.200  0.1438E-01  0.7052E-02  0.4978E-02  0.5764E-02  0.4769E-02  0.1038E-01  0.3033E-02  0.4887E-02  0.1170E-03  0.9671E-04  0.1468E-02  0.8620E-03  0.5281E-03  0.3794E-03  0.7565E-03  0.1391E-02  0.6218E-04  0.7910E-04
      4.210  0.1387E-01  0.7707E-02  0.4888E-02  0.6206E-02  0.3503E-02  0.1088E-01  0.3091E-02  0.4944E-02  0.1007E-03  0.1078E-03  0.1265E-02  0.9737E-03  0.3701E-03  0.3963E-03  0.5979E-03  0.1439E-02  0.5200E-04  0.8346E-04
      4.220  0.1342E-01  0.8506E-02  0.4806E-02  0.6843E-02  0.2411E-02  0.1234E-01  0.3166E-02  0.5150E-02  0.8605E-04  0.1257E-03  0.1080E-02  0.1149E-02  0.2297E-03  0.4548E-03  0.4658E-03  0.1688E-02  0.4358E-04  0.9493E-04
      4.230  0.1342E-01  0.9768E-02  0.4860E-02  0.8030E-02  0.2293E-02  0.1338E-01  0.3302E-02  0.5491E-02  0.8504E-04  0.1459E-03  0.1069E-02  0.1320E-02  0.2242E-03  0.5086E-03  0.4450E-03  0.1866E-02  0.4337E-04  0.1047E-03
      4.240  0.1342E-01  0.1084E-01  0.4906E-02  0.9410E-02  0.2178E-02  0.1108E-01  0.3438E-02  0.5525E-02  0.8398E-04  0.1383E-03  0.1058E-02  0.1229E-02  0.2190E-03  0.4282E-03  0.4242E-03  0.1399E-02  0.4319E-04  0.8741E-04
      4.250  0.1345E-01  0.1062E-01  0.5042E-02  0.9154E-02  0.2057E-02  0.9511E-02  0.3585E-02  0.5542E-02  0.8302E-04  0.1272E-03  0.1054E-02  0.1086E-02  0.2149E-03  0.3859E-03  0.4034E-03  0.1198E-02  0.4320E-04  0.7881E-04
      4.260  0.1394E-01  0.1038E-01  0.5514E-02  0.8880E-02  0.1906E-02  0.7908E-02  0.4084E-02  0.5563E-02  0.8611E-04  0.1156E-03  0.1101E-02  0.9326E-03  0.2133E-03  0.3432E-03  0.3884E-03  0.9984E-03  0.4531E-04  0.7035E-04
      4.270  0.1456E-01  0.1012E-01  0.6063E-02  0.8589E-02  0.1784E-02  0.6270E-02  0.4624E-02  0.5589E-02  0.9089E-04  0.1034E-03  0.1162E-02  0.7693E-03  0.2147E-03  0.3003E-03  0.3840E-03  0.7993E-03  0.4822E-04  0.6203E-04
      4.280  0.1515E-01  0.9850E-02  0.6614E-02  0.8280E-02  0.1681E-02  0.4597E-02  0.5163E-02  0.5621E-02  0.9586E-04  0.9066E-04  0.1224E-02  0.5958E-03  0.2187E-03  0.2571E-03  0.3851E-03  0.6007E-03  0.5168E-04  0.5385E-04
      4.290  0.1567E-01  0.9816E-02  0.7083E-02  0.8178E-02  0.1635E-02  0.4169E-02  0.5472E-02  0.5749E-02  0.1031E-03  0.8933E-04  0.1275E-02  0.5684E-03  0.2233E-03  0.2425E-03  0.3859E-03  0.5317E-03  0.5630E-04  0.5231E-04
      4.300  0.1615E-01  0.9818E-02  0.7495E-02  0.8117E-02  0.1606E-02  0.3966E-02  0.5689E-02  0.5895E-02  0.1106E-03  0.8965E-04  0.1319E-02  0.5601E-03  0.2272E-03  0.2348E-03  0.3860E-03  0.4951E-03  0.6143E-04  0.5185E-04
      4.310  0.1663E-01  0.1013E-01  0.7910E-02  0.8571E-02  0.1578E-02  0.3735E-02  0.5897E-02  0.6446E-02  0.1183E-03  0.9420E-04  0.1364E-02  0.5577E-03  0.2312E-03  0.2237E-03  0.3860E-03  0.4581E-03  0.6672E-04  0.5441E-04
      4.320  0.1710E-01  0.1061E-01  0.8345E-02  0.9253E-02  0.1557E-02  0.3551E-02  0.6122E-02  0.7119E-02  0.1273E-03  0.1011E-03  0.1412E-02  0.5627E-03  0.2358E-03  0.2149E-03  0.3872E-03  0.4320E-03  0.7245E-04  0.5811E-04
      4.330  0.1757E-01  0.1107E-01  0.8834E-02  0.9945E-02  0.1558E-02  0.3410E-02  0.6375E-02  0.7792E-02  0.1376E-03  0.1085E-03  0.1466E-02  0.5699E-03  0.2432E-03  0.2079E-03  0.3885E-03  0.4178E-03  0.7972E-04  0.6265E-04
      4.340  0.1805E-01  0.1155E-01  0.9342E-02  0.1054E-01  0.1565E-02  0.3305E-02  0.6625E-02  0.8321E-02  0.1483E-03  0.1184E-03  0.1522E-02  0.5802E-03  0.2511E-03  0.2028E-03  0.3898E-03  0.4068E-03  0.8751E-04  0.6794E-04
      4.350  0.1853E-01  0.1205E-01  0.9855E-02  0.1093E-01  0.1572E-02  0.3244E-02  0.6869E-02  0.8588E-02  0.1594E-03  0.1316E-03  0.1580E-02  0.5950E-03  0.2590E-03  0.2017E-03  0.3910E-03  0.4006E-03  0.9551E-04  0.7459E-04
      4.360  0.1900E-01  0.1253E-01  0.1037E-01  0.1133E-01  0.1580E-02  0.3203E-02  0.7107E-02  0.8899E-02  0.1708E-03  0.1472E-03  0.1638E-02  0.6153E-03  0.2670E-03  0.2012E-03  0.3919E-03  0.3943E-03  0.1037E-03  0.8242E-04
      4.370  0.1947E-01  0.1302E-01  0.1090E-01  0.1176E-01  0.1587E-02  0.3187E-02  0.7339E-02  0.9208E-02  0.1825E-03  0.1639E-03  0.1697E-02  0.6386E-03  0.2751E-03  0.2012E-03  0.3926E-03  0.3893E-03  0.1122E-03  0.9120E-04
      4.380  0.4145E-01  0.1354E-01  0.2249E-01  0.1221E-01  0.1840E-02  0.3193E-02  0.1926E-01  0.9510E-02  0.4443E-03  0.1813E-03  0.3432E-02  0.6642E-03  0.4670E-03  0.2017E-03  0.7380E-03  0.3853E-03  0.2188E-03  0.1009E-03
      4.390  0.3368E-01  0.1405E-01  0.2425E-01  0.1265E-01  0.1727E-02  0.3199E-02  0.1367E-01  0.9796E-02  0.3857E-03  0.1994E-03  0.2946E-02  0.6903E-03  0.4030E-03  0.2021E-03  0.5945E-03  0.3817E-03  0.2302E-03  0.1108E-03
      4.400  0.2004E-01  0.1456E-01  0.1771E-01  0.1308E-01  0.1583E-02  0.3205E-02  0.7843E-02  0.1007E-01  0.2650E-03  0.2180E-03  0.1959E-02  0.7170E-03  0.3063E-03  0.2025E-03  0.4045E-03  0.3785E-03  0.1785E-03  0.1211E-03
      4.410  0.1301E-01  0.1507E-01  0.1369E-01  0.1351E-01  0.1537E-02  0.3210E-02  0.5307E-02  0.1032E-01  0.1828E-03  0.2371E-03  0.1410E-02  0.7443E-03  0.2665E-03  0.2029E-03  0.3129E-03  0.3757E-03  0.1455E-03  0.1316E-03
      4.420  0.1091E-01  0.1558E-01  0.1147E-01  0.1393E-01  0.1529E-02  0.3216E-02  0.4768E-02  0.1056E-01  0.1698E-03  0.2568E-03  0.1272E-02  0.7721E-03  0.2546E-03  0.2033E-03  0.2787E-03  0.3733E-03  0.1313E-03  0.1425E-03
      4.430  0.8878E-02  0.1609E-01  0.9227E-02  0.1434E-01  0.1522E-02  0.3221E-02  0.4254E-02  0.1078E-01  0.1569E-03  0.2770E-03  0.1142E-02  0.8005E-03  0.2430E-03  0.2035E-03  0.2461E-03  0.3713E-03  0.1158E-03  0.1537E-03
      4.440  0.6954E-02  0.4866E-01  0.6977E-02  0.4228E-01  0.1535E-02  0.5060E-02  0.3769E-02  0.3988E-01  0.1442E-03  0.9520E-03  0.1023E-02  0.1483E-02  0.2334E-03  0.4039E-03  0.2180E-03  0.6930E-03  0.9926E-04  0.3650E-03
      4.450  0.5718E-02  0.2641E-01  0.5742E-02  0.2951E-01  0.1582E-02  0.3564E-02  0.3360E-02  0.1627E-01  0.1355E-03  0.6109E-03  0.9645E-03  0.1343E-02  0.2351E-03  0.3233E-03  0.2058E-03  0.5862E-03  0.9390E-04  0.3041E-03
      4.460  0.5629E-02  0.1610E-01  0.6153E-02  0.1972E-01  0.1722E-02  0.3237E-02  0.3062E-02  0.9949E-02  0.1407E-03  0.3224E-03  0.1122E-02  0.1026E-02  0.2589E-03  0.2522E-03  0.2170E-03  0.4335E-03  0.1158E-03  0.2205E-03
      4.470  0.1053E-01  0.1164E-01  0.1123E-01  0.1489E-01  0.5294E-02  0.3049E-02  0.2254E-01  0.8135E-02  0.2487E-03  0.2636E-03  0.2306E-02  0.9039E-03  0.8759E-03  0.2210E-03  0.6827E-03  0.3731E-03  0.2236E-03  0.1669E-03
      4.480  0.7063E-02  0.7632E-02  0.8888E-02  0.1090E-01  0.2929E-02  0.2892E-02  0.8967E-02  0.6777E-02  0.1932E-03  0.2271E-03  0.1826E-02  0.7954E-03  0.4654E-03  0.1912E-03  0.4138E-03  0.3210E-03  0.2048E-03  0.1089E-03
      4.490  0.7856E-02  0.5955E-02  0.1092E-01  0.9039E-02  0.3395E-02  0.2902E-02  0.1244E-01  0.5790E-02  0.2961E-03  0.2072E-03  0.2076E-02  0.7765E-03  0.5196E-03  0.1901E-03  0.8676E-03  0.3190E-03  0.2233E-03  0.9929E-04
      4.500  0.7388E-02  0.4780E-02  0.1213E-01  0.7527E-02  0.2562E-02  0.2926E-02  0.8442E-02  0.4907E-02  0.2956E-03  0.1893E-03  0.2073E-02  0.7668E-03  0.4127E-03  0.1915E-03  0.6799E-03  0.3155E-03  0.2464E-03  0.9788E-04
      4.510  0.7323E-02  0.5245E-02  0.1306E-01  0.6725E-02  0.2481E-02  0.4614E-02  0.8516E-02  0.6453E-02  0.3113E-03  0.2166E-03  0.2115E-02  0.1154E-02  0.4261E-03  0.2143E-03  0.7028E-03  0.3326E-03  0.2711E-03  0.1470E-03
      4.520  0.6627E-02  0.6549E-02  0.1298E-01  0.6614E-02  0.2048E-02  0.6929E-02  0.8514E-02  0.1060E-01  0.3115E-03  0.2876E-03  0.1866E-02  0.1809E-02  0.4156E-03  0.2497E-03  0.7036E-03  0.3879E-03  0.2719E-03  0.2413E-03
      4.530  0.6997E-02  0.4315E-02  0.1426E-01  0.6659E-02  0.1823E-02  0.5861E-02  0.8629E-02  0.1297E-01  0.3324E-03  0.2951E-03  0.1979E-02  0.1751E-02  0.4764E-03  0.2454E-03  0.7250E-03  0.3874E-03  0.3208E-03  0.2387E-03
      4.540  0.6215E-02  0.2663E-02  0.1198E-01  0.1731E-01  0.1459E-02  0.4792E-02  0.7647E-02  0.1404E-01  0.3027E-03  0.2472E-03  0.1839E-02  0.1256E-02  0.5895E-03  0.2757E-03  0.6487E-03  0.3970E-03  0.3381E-03  0.2165E-03
      4.550  0.5965E-02  0.3464E-02  0.9993E-02  0.2958E-01  0.1358E-02  0.5701E-02  0.6662E-02  0.1514E-01  0.2507E-03  0.3705E-03  0.1759E-02  0.1610E-02  0.7902E-03  0.3161E-03  0.6400E-03  0.3965E-03  0.3810E-03  0.3525E-03
      4.560  0.9686E-02  0.3025E-02  0.1471E-01  0.1885E-01  0.1898E-02  0.3782E-02  0.2141E-01  0.1475E-01  0.3335E-03  0.3553E-03  0.2438E-02  0.1193E-02  0.1242E-02  0.6007E-03  0.1265E-02  0.4299E-03  0.7026E-03  0.3414E-03
      4.570  0.1472E-01  0.3122E-02  0.2132E-01  0.1846E-01  0.2698E-02  0.3548E-02  0.3839E-01  0.1483E-01  0.5416E-03  0.3822E-03  0.3524E-02  0.1126E-02  0.1478E-02  0.6261E-03  0.1920E-02  0.4325E-03  0.1036E-02  0.3668E-03
      4.580  0.9082E-02  0.3674E-02  0.1267E-01  0.2181E-01  0.2331E-02  0.3940E-02  0.2394E-01  0.1554E-01  0.4518E-03  0.4313E-03  0.2921E-02  0.1240E-02  0.1168E-02  0.8838E-03  0.1345E-02  0.6036E-03  0.7399E-03  0.4854E-03
      4.590  0.7112E-02  0.3856E-02  0.8830E-02  0.2222E-01  0.2019E-02  0.3725E-02  0.1778E-01  0.1585E-01  0.4400E-03  0.4578E-03  0.2615E-02  0.1174E-02  0.1024E-02  0.8693E-03  0.1060E-02  0.5855E-03  0.6335E-03  0.5277E-03
      4.600  0.7771E-02  0.3323E-02  0.7188E-02  0.1758E-01  0.1669E-02  0.2990E-02  0.1443E-01  0.1285E-01  0.4525E-03  0.3860E-03  0.2333E-02  0.9584E-03  0.9485E-03  0.7955E-03  0.9324E-03  0.5356E-03  0.5668E-03  0.4978E-03
      4.610  0.9400E-02  0.2294E-02  0.6552E-02  0.1174E-01  0.1444E-02  0.2157E-02  0.1291E-01  0.9224E-02  0.5001E-03  0.2764E-03  0.2155E-02  0.6836E-03  0.9243E-03  0.7064E-03  0.8975E-03  0.4829E-03  0.5217E-03  0.4303E-03
      4.620  0.1108E-01  0.6660E-02  0.7041E-02  0.3885E-01  0.1413E-02  0.4644E-02  0.1297E-01  0.4296E-01  0.6532E-03  0.6682E-03  0.2117E-02  0.1178E-02  0.9162E-03  0.8289E-03  0.9338E-03  0.6833E-03  0.4915E-03  0.1464E-02
      4.630  0.1236E-01  0.9158E-02  0.7444E-02  0.4487E-01  0.1493E-02  0.6495E-02  0.1219E-01  0.6620E-01  0.7065E-03  0.1183E-02  0.2167E-02  0.1690E-02  0.1003E-02  0.8981E-03  0.9383E-03  0.7585E-03  0.4816E-03  0.1849E-02
      4.640  0.1221E-01  0.4736E-02  0.9596E-02  0.1881E-01  0.2175E-02  0.3562E-02  0.1128E-01  0.3339E-01  0.7458E-03  0.9573E-03  0.2376E-02  0.1358E-02  0.1278E-02  0.8055E-03  0.9614E-03  0.5707E-03  0.5841E-03  0.1018E-02
      4.650  0.1609E-01  0.3486E-02  0.1957E-01  0.9671E-02  0.3936E-02  0.2348E-02  0.9427E-02  0.2058E-01  0.7213E-03  0.8661E-03  0.2861E-02  0.8068E-03  0.2052E-02  0.4516E-03  0.1055E-02  0.2930E-03  0.1031E-02  0.5908E-03
      4.660  0.9193E-02  0.1003E-01  0.7842E-02  0.1041E-01  0.7165E-03  0.2839E-02  0.4600E-02  0.1753E-01  0.3901E-03  0.9203E-03  0.1346E-02  0.1186E-02  0.7353E-03  0.8541E-03  0.5405E-03  0.4732E-03  0.4072E-03  0.6142E-03
      4.670  0.9092E-02  0.6844E-02  0.7130E-02  0.1205E-01  0.6612E-03  0.3572E-02  0.4158E-02  0.1631E-01  0.3641E-03  0.9824E-03  0.1300E-02  0.1073E-02  0.7016E-03  0.8142E-03  0.5357E-03  0.4720E-03  0.3834E-03  0.6561E-03
      4.680  0.9073E-02  0.7024E-02  0.6521E-02  0.1547E-01  0.5956E-03  0.4291E-02  0.3865E-02  0.1543E-01  0.3440E-03  0.1066E-02  0.1272E-02  0.1067E-02  0.6677E-03  0.8253E-03  0.5394E-03  0.4914E-03  0.3633E-03  0.8117E-03
      4.690  0.9112E-02  0.8081E-02  0.6009E-02  0.2007E-01  0.5125E-03  0.4960E-02  0.3700E-02  0.1471E-01  0.3294E-03  0.1154E-02  0.1258E-02  0.1084E-02  0.6318E-03  0.8336E-03  0.5497E-03  0.5186E-03  0.3460E-03  0.1039E-02
      4.700  0.9617E-02  0.5714E-02  0.5955E-02  0.1029E-01  0.5673E-03  0.1566E-02  0.4122E-02  0.6832E-02  0.3596E-03  0.6383E-03  0.1341E-02  0.6345E-03  0.6653E-03  0.4908E-03  0.5941E-03  0.3095E-03  0.3433E-03  0.5707E-03
      4.710  0.1327E-01  0.5713E-02  0.7889E-02  0.8892E-02  0.6968E-03  0.1378E-02  0.5882E-02  0.5523E-02  0.4148E-03  0.5497E-03  0.1719E-02  0.6123E-03  0.9726E-03  0.4668E-03  0.7616E-03  0.2947E-03  0.3668E-03  0.5137E-03
      4.720  0.1536E-01  0.5658E-02  0.8937E-02  0.7424E-02  0.7872E-03  0.1109E-02  0.7090E-02  0.4505E-02  0.4721E-03  0.4679E-03  0.1950E-02  0.5862E-03  0.1068E-02  0.4597E-03  0.8716E-03  0.2738E-03  0.3868E-03  0.4627E-03
      4.730  0.1758E-01  0.6090E-02  0.1012E-01  0.6667E-02  0.9383E-03  0.8283E-03  0.8398E-02  0.4436E-02  0.5391E-03  0.4291E-03  0.2216E-02  0.6065E-03  0.1179E-02  0.5810E-03  0.1018E-02  0.2648E-03  0.4140E-03  0.4287E-03
      4.740  0.2596E-01  0.6631E-02  0.1578E-01  0.6582E-02  0.1262E-02  0.9095E-03  0.1328E-01  0.4848E-02  0.1108E-02  0.4568E-03  0.3102E-02  0.6684E-03  0.1662E-02  0.5882E-03  0.1585E-02  0.2778E-03  0.5090E-03  0.4115E-03
      4.750  0.2405E-01  0.7204E-02  0.1421E-01  0.6581E-02  0.1338E-02  0.9970E-03  0.1277E-01  0.5289E-02  0.8645E-03  0.4871E-03  0.3111E-02  0.7335E-03  0.1573E-02  0.5992E-03  0.1543E-02  0.2931E-03  0.5652E-03  0.3967E-03
      4.760  0.1975E-01  0.7815E-02  0.1054E-01  0.6660E-02  0.1335E-02  0.1125E-02  0.1348E-01  0.5763E-02  0.7014E-03  0.5183E-03  0.2973E-02  0.8073E-03  0.1513E-02  0.6174E-03  0.1568E-02  0.3292E-03  0.7848E-03  0.3857E-03
      4.770  0.1292E-01  0.8735E-02  0.7097E-02  0.7190E-02  0.1340E-02  0.1357E-02  0.1119E-01  0.6445E-02  0.5961E-03  0.6151E-03  0.2469E-02  0.8999E-03  0.1319E-02  0.6534E-03  0.1353E-02  0.3953E-03  0.8469E-03  0.3835E-03
      4.780  0.1179E-01  0.1051E-01  0.6032E-02  0.8536E-02  0.1420E-02  0.1755E-02  0.9448E-02  0.7583E-02  0.5025E-03  0.8064E-03  0.2333E-02  0.1025E-02  0.1366E-02  0.7189E-03  0.1258E-02  0.4923E-03  0.7004E-03  0.3926E-03
      4.790  0.1087E-01  0.1296E-01  0.5407E-02  0.1160E-01  0.1557E-02  0.2330E-02  0.8081E-02  0.1162E-01  0.4464E-03  0.1124E-02  0.2283E-02  0.1262E-02  0.1450E-02  0.8449E-03  0.1184E-02  0.7788E-03  0.5948E-03  0.9039E-03
      4.800  0.1070E-01  0.1216E-01  0.6471E-02  0.1023E-01  0.1960E-02  0.2240E-02  0.6831E-02  0.1033E-01  0.6275E-03  0.8237E-03  0.2824E-02  0.1364E-02  0.1857E-02  0.8056E-03  0.1279E-02  0.8107E-03  0.5591E-03  0.7369E-03
      4.810  0.9555E-02  0.1076E-01  0.4820E-02  0.9224E-02  0.1529E-02  0.2210E-02  0.4990E-02  0.9669E-02  0.5718E-03  0.6067E-03  0.2443E-02  0.1432E-02  0.1790E-02  0.7193E-03  0.1130E-02  0.8589E-03  0.4690E-03  0.6895E-03
      4.820  0.9063E-02  0.1752E-01  0.3703E-02  0.1278E-01  0.1310E-02  0.2769E-02  0.3992E-02  0.1570E-01  0.5491E-03  0.7308E-03  0.2219E-02  0.2120E-02  0.1759E-02  0.1173E-02  0.1006E-02  0.1074E-02  0.3985E-03  0.9553E-03
      4.830  0.8643E-02  0.1538E-01  0.3475E-02  0.1297E-01  0.1344E-02  0.2697E-02  0.4008E-02  0.1426E-01  0.5822E-03  0.7816E-03  0.2261E-02  0.2147E-02  0.1882E-02  0.1299E-02  0.9833E-03  0.1133E-02  0.4228E-03  0.8133E-03
      4.840  0.9810E-02  0.1328E-01  0.4578E-02  0.1112E-01  0.1849E-02  0.2438E-02  0.4871E-02  0.1172E-01  0.6846E-03  0.7661E-03  0.2698E-02  0.1850E-02  0.2510E-02  0.1294E-02  0.1074E-02  0.1007E-02  0.4981E-03  0.6000E-03
      4.850  0.1677E-01  0.1037E-01  0.1041E-01  0.7778E-02  0.2365E-02  0.1894E-02  0.7903E-02  0.7899E-02  0.1060E-02  0.6338E-03  0.3819E-02  0.1522E-02  0.5047E-02  0.1239E-02  0.1532E-02  0.9060E-03  0.8703E-03  0.5150E-03
      4.860  0.2036E-01  0.9356E-02  0.1614E-01  0.6338E-02  0.2056E-02  0.1724E-02  0.1167E-01  0.6817E-02  0.1945E-02  0.6845E-03  0.4578E-02  0.1471E-02  0.7453E-02  0.1390E-02  0.1963E-02  0.8461E-03  0.1767E-02  0.5070E-03
      4.870  0.2959E-01  0.8547E-02  0.2608E-01  0.5884E-02  0.2311E-02  0.1767E-02  0.1619E-01  0.6611E-02  0.2301E-02  0.7978E-03  0.6018E-02  0.1483E-02  0.8689E-02  0.1518E-02  0.2521E-02  0.8453E-03  0.2600E-02  0.5485E-03
      4.880  0.2146E-01  0.8114E-02  0.1649E-01  0.6396E-02  0.2896E-02  0.1886E-02  0.9695E-02  0.7011E-02  0.1415E-02  0.1134E-02  0.6300E-02  0.1545E-02  0.6826E-02  0.2133E-02  0.1789E-02  0.8630E-03  0.1136E-02  0.7616E-03
      4.890  0.2567E-01  0.1053E-01  0.1413E-01  0.1260E-01  0.3340E-02  0.4292E-02  0.1690E-01  0.1147E-01  0.1542E-02  0.2570E-02  0.6622E-02  0.2735E-02  0.9563E-02  0.5141E-02  0.2538E-02  0.1219E-02  0.1202E-02  0.1896E-02
      4.900  0.1916E-01  0.1189E-01  0.1034E-01  0.1327E-01  0.2745E-02  0.3538E-02  0.1108E-01  0.1038E-01  0.1132E-02  0.2383E-02  0.5214E-02  0.2426E-02  0.8761E-02  0.5143E-02  0.1958E-02  0.1173E-02  0.9139E-03  0.2312E-02
      4.910  0.1404E-01  0.1120E-01  0.7236E-02  0.1132E-01  0.2131E-02  0.2867E-02  0.6839E-02  0.8148E-02  0.6204E-03  0.1210E-02  0.4257E-02  0.2133E-02  0.6726E-02  0.4209E-02  0.1489E-02  0.1008E-02  0.8087E-03  0.1334E-02
      4.920  0.1032E-01  0.1407E-01  0.4340E-02  0.1524E-01  0.1596E-02  0.3134E-02  0.5100E-02  0.1096E-01  0.4713E-03  0.1421E-02  0.3468E-02  0.2634E-02  0.3706E-02  0.7652E-02  0.1170E-02  0.1062E-02  0.5895E-03  0.1465E-02
      4.930  0.8792E-02  0.1745E-01  0.4198E-02  0.2017E-01  0.1231E-02  0.3545E-02  0.4306E-02  0.1214E-01  0.5022E-03  0.1271E-02  0.3526E-02  0.3098E-02  0.3329E-02  0.1294E-01  0.1167E-02  0.1187E-02  0.4940E-03  0.1394E-02
      4.940  0.1052E-01  0.1565E-01  0.4199E-02  0.1830E-01  0.9360E-03  0.3417E-02  0.4672E-02  0.1240E-01  0.4929E-03  0.8900E-03  0.3407E-02  0.2827E-02  0.7082E-02  0.6985E-02  0.1057E-02  0.1169E-02  0.5638E-03  0.1054E-02
      4.950  0.3858E-01  0.9207E-02  0.9533E-02  0.7567E-02  0.1009E-02  0.2136E-02  0.1279E-01  0.8596E-02  0.7723E-03  0.5755E-03  0.6220E-02  0.2080E-02  0.2756E-01  0.5158E-02  0.1163E-02  0.8012E-03  0.7848E-03  0.8312E-03
      4.960  0.1114E-01  0.8548E-02  0.3725E-02  0.5892E-02  0.9477E-03  0.1505E-02  0.5863E-02  0.6862E-02  0.5191E-03  0.3988E-03  0.3004E-02  0.2042E-02  0.6380E-02  0.7367E-02  0.1106E-02  0.6764E-03  0.5210E-03  0.7443E-03
      4.970  0.1169E-01  0.1190E-01  0.3538E-02  0.6266E-02  0.1126E-02  0.1263E-02  0.6749E-02  0.7959E-02  0.5727E-03  0.4416E-03  0.2971E-02  0.2354E-02  0.5962E-02  0.1377E-01  0.1312E-02  0.5818E-03  0.5938E-03  0.6966E-03
      4.980  0.1099E-01  0.9084E-02  0.3568E-02  0.5473E-02  0.1235E-02  0.9967E-03  0.7350E-02  0.8722E-02  0.5554E-03  0.4441E-03  0.3005E-02  0.2107E-02  0.5642E-02  0.9486E-02  0.1472E-02  0.4981E-03  0.6174E-03  0.5238E-03
      4.990  0.1015E-01  0.7954E-02  0.3650E-02  0.5104E-02  0.1384E-02  0.8780E-03  0.7942E-02  0.8431E-02  0.5607E-03  0.4719E-03  0.3076E-02  0.2002E-02  0.5266E-02  0.7841E-02  0.1667E-02  0.4483E-03  0.6394E-03  0.5133E-03
      5.000  0.1386E-01  0.7625E-02  0.6251E-02  0.5177E-02  0.1391E-02  0.9139E-03  0.1017E-01  0.8240E-02  0.6213E-03  0.5662E-03  0.2856E-02  0.2176E-02  0.5399E-02  0.7038E-02  0.1885E-02  0.5397E-03  0.7023E-03  0.5652E-03
      5.010  0.1471E-01  0.8161E-02  0.1197E-01  0.5562E-02  0.1386E-02  0.1384E-02  0.1357E-01  0.8806E-02  0.6101E-03  0.8594E-03  0.2532E-02  0.2888E-02  0.5840E-02  0.7288E-02  0.2090E-02  0.9232E-03  0.6515E-03  0.7295E-03
      5.020  0.1725E-01  0.1083E-01  0.1965E-01  0.7351E-02  0.9778E-03  0.2126E-02  0.1434E-01  0.1044E-01  0.6373E-03  0.1225E-02  0.2528E-02  0.3577E-02  0.6774E-02  0.8265E-02  0.2356E-02  0.1187E-02  0.5812E-03  0.9587E-03
      5.030  0.1560E-01  0.9705E-02  0.1850E-01  0.6518E-02  0.8983E-03  0.2198E-02  0.2336E-01  0.1104E-01  0.7297E-03  0.1066E-02  0.2637E-02  0.2945E-02  0.6456E-02  0.7616E-02  0.2889E-02  0.1144E-02  0.6123E-03  0.9777E-03
      5.040  0.1462E-01  0.8277E-02  0.1678E-01  0.5083E-02  0.1059E-02  0.1107E-02  0.2220E-01  0.8085E-02  0.8451E-03  0.7557E-03  0.2741E-02  0.1383E-02  0.6517E-02  0.6125E-02  0.2920E-02  0.1018E-02  0.7226E-03  0.4672E-03
      5.050  0.1790E-01  0.7851E-02  0.2582E-01  0.5202E-02  0.1500E-02  0.9812E-03  0.2340E-01  0.7883E-02  0.1885E-02  0.6034E-03  0.4016E-02  0.9098E-03  0.7475E-02  0.5354E-02  0.3855E-02  0.1040E-02  0.1164E-02  0.4724E-03
      5.060  0.2041E-01  0.8674E-02  0.2182E-01  0.6283E-02  0.1405E-02  0.9186E-03  0.2039E-01  0.8366E-02  0.3017E-02  0.6913E-03  0.4612E-02  0.8947E-03  0.7644E-02  0.5875E-02  0.3503E-02  0.1013E-02  0.1463E-02  0.5673E-03
      5.070  0.2298E-01  0.9913E-02  0.2152E-01  0.9416E-02  0.1024E-02  0.1275E-02  0.1778E-01  0.1621E-01  0.4529E-02  0.1325E-02  0.5072E-02  0.1222E-02  0.6213E-02  0.7059E-02  0.3180E-02  0.1192E-02  0.2157E-02  0.7586E-03
      5.080  0.2286E-01  0.1086E-01  0.1255E-01  0.1336E-01  0.6224E-03  0.1309E-02  0.9332E-02  0.2104E-01  0.2101E-02  0.2010E-02  0.3047E-02  0.1301E-02  0.4581E-02  0.7098E-02  0.1939E-02  0.1185E-02  0.1329E-02  0.9062E-03
      5.090  0.3718E-01  0.1187E-01  0.1573E-01  0.1773E-01  0.1688E-02  0.1339E-02  0.1153E-01  0.2628E-01  0.2101E-02  0.2801E-02  0.5328E-02  0.1370E-02  0.5748E-02  0.7130E-02  0.2770E-02  0.1201E-02  0.3525E-02  0.1068E-02
      5.100  0.4633E-01  0.1339E-01  0.1178E-01  0.2274E-01  0.2213E-02  0.1277E-02  0.1174E-01  0.2453E-01  0.1766E-02  0.3872E-02  0.4650E-02  0.1424E-02  0.6973E-02  0.7210E-02  0.2824E-02  0.1233E-02  0.2902E-02  0.1313E-02
      5.110  0.3546E-01  0.1415E-01  0.8917E-02  0.2840E-01  0.1843E-02  0.1366E-02  0.8390E-02  0.1685E-01  0.1260E-02  0.2677E-02  0.3443E-02  0.1303E-02  0.6790E-02  0.7467E-02  0.2352E-02  0.1259E-02  0.1063E-02  0.1285E-02
      5.121  0.4506E-01  0.1895E-01  0.9256E-02  0.1484E-01  0.2753E-02  0.5156E-03  0.9538E-02  0.1051E-01  0.1349E-02  0.1435E-02  0.4054E-02  0.7850E-03  0.7889E-02  0.6189E-02  0.3275E-02  0.8020E-03  0.1301E-02  0.1065E-02
      5.131  0.5713E-01  0.2080E-01  0.1021E-01  0.1999E-01  0.4020E-02  0.8965E-03  0.1102E-01  0.1387E-01  0.1579E-02  0.2949E-02  0.5214E-02  0.1424E-02  0.9761E-02  0.7125E-02  0.4177E-02  0.1122E-02  0.1628E-02  0.6291E-02
      5.141  0.5595E-01  0.1698E-01  0.1059E-01  0.1254E-01  0.4233E-02  0.1076E-02  0.1031E-01  0.8750E-02  0.1671E-02  0.1301E-02  0.5482E-02  0.1006E-02  0.1200E-01  0.7341E-02  0.3809E-02  0.7146E-03  0.1711E-02  0.1451E-02
      5.151  0.4005E-01  0.1613E-01  0.8477E-02  0.1081E-01  0.3113E-02  0.1217E-02  0.7429E-02  0.8140E-02  0.1268E-02  0.1293E-02  0.4478E-02  0.1046E-02  0.7556E-02  0.7423E-02  0.2646E-02  0.7014E-03  0.1160E-02  0.1374E-02
      5.161  0.4097E-01  0.1706E-01  0.8350E-02  0.1000E-01  0.3354E-02  0.1424E-02  0.7333E-02  0.8199E-02  0.1192E-02  0.1391E-02  0.4675E-02  0.1271E-02  0.6806E-02  0.8693E-02  0.2650E-02  0.7618E-03  0.1131E-02  0.1487E-02
      5.171  0.3936E-01  0.2229E-01  0.8196E-02  0.1097E-01  0.3425E-02  0.1753E-02  0.7117E-02  0.9204E-02  0.1153E-02  0.1594E-02  0.4934E-02  0.1581E-02  0.6493E-02  0.1140E-01  0.2631E-02  0.9818E-03  0.1148E-02  0.1729E-02
      5.181  0.3683E-01  0.2473E-01  0.8251E-02  0.9967E-02  0.3485E-02  0.1937E-02  0.6974E-02  0.8722E-02  0.1165E-02  0.1145E-02  0.5121E-02  0.1505E-02  0.6106E-02  0.6173E-02  0.2558E-02  0.1034E-02  0.1140E-02  0.1333E-02
      5.191  0.3484E-01  0.3039E-01  0.8546E-02  0.1075E-01  0.3536E-02  0.2252E-02  0.6918E-02  0.9929E-02  0.1186E-02  0.1177E-02  0.5373E-02  0.1803E-02  0.5787E-02  0.5932E-02  0.2497E-02  0.1261E-02  0.1133E-02  0.1303E-02
      5.201  0.3269E-01  0.3439E-01  0.8905E-02  0.1132E-01  0.3495E-02  0.2512E-02  0.7200E-02  0.1080E-01  0.1232E-02  0.1214E-02  0.5665E-02  0.2094E-02  0.5497E-02  0.5752E-02  0.2497E-02  0.1472E-02  0.1162E-02  0.1213E-02
      5.211  0.3129E-01  0.3588E-01  0.9378E-02  0.1180E-01  0.3506E-02  0.2798E-02  0.7744E-02  0.1097E-01  0.1300E-02  0.1259E-02  0.6032E-02  0.2439E-02  0.5332E-02  0.5581E-02  0.2633E-02  0.1591E-02  0.1213E-02  0.1145E-02
      5.221  0.2733E-01  0.3369E-01  0.1006E-01  0.1201E-01  0.3582E-02  0.2987E-02  0.8441E-02  0.9961E-02  0.1406E-02  0.1273E-02  0.6258E-02  0.2622E-02  0.4499E-02  0.5318E-02  0.2869E-02  0.1478E-02  0.1294E-02  0.1100E-02
      5.231  0.2768E-01  0.3125E-01  0.1330E-01  0.1183E-01  0.3443E-02  0.3110E-02  0.1082E-01  0.9521E-02  0.1690E-02  0.1250E-02  0.7728E-02  0.2615E-02  0.3909E-02  0.5077E-02  0.3659E-02  0.1371E-02  0.1680E-02  0.1049E-02
      5.241  0.2956E-01  0.2890E-01  0.1776E-01  0.1180E-01  0.3700E-02  0.3168E-02  0.1428E-01  0.9157E-02  0.2022E-02  0.1269E-02  0.9878E-02  0.2602E-02  0.3541E-02  0.4852E-02  0.4764E-02  0.1271E-02  0.2164E-02  0.1015E-02
      5.251  0.2766E-01  0.2639E-01  0.1446E-01  0.1122E-01  0.3771E-02  0.3039E-02  0.1437E-01  0.9616E-02  0.2120E-02  0.1378E-02  0.1008E-01  0.2569E-02  0.3112E-02  0.4495E-02  0.5233E-02  0.1187E-02  0.2375E-02  0.1084E-02
      5.261  0.2902E-01  0.2355E-01  0.1580E-01  0.1080E-01  0.4669E-02  0.2736E-02  0.1897E-01  0.9508E-02  0.2181E-02  0.1456E-02  0.1022E-01  0.2488E-02  0.3478E-02  0.4256E-02  0.5455E-02  0.1111E-02  0.2605E-02  0.1234E-02
      5.271  0.3240E-01  0.2263E-01  0.1767E-01  0.1101E-01  0.6349E-02  0.2487E-02  0.2161E-01  0.1017E-01  0.2926E-02  0.1621E-02  0.1224E-01  0.2529E-02  0.4122E-02  0.4291E-02  0.6552E-02  0.1305E-02  0.3064E-02  0.1461E-02
      5.281  0.3202E-01  0.2192E-01  0.1290E-01  0.1144E-01  0.7695E-02  0.2109E-02  0.1545E-01  0.1156E-01  0.2894E-02  0.1778E-02  0.1209E-01  0.2518E-02  0.4185E-02  0.4428E-02  0.8085E-02  0.1518E-02  0.3117E-02  0.1705E-02
      5.291  0.2955E-01  0.2008E-01  0.1175E-01  0.1191E-01  0.7029E-02  0.1562E-02  0.1423E-01  0.1447E-01  0.2718E-02  0.2010E-02  0.1129E-01  0.2483E-02  0.4287E-02  0.4701E-02  0.8285E-02  0.1733E-02  0.3365E-02  0.1942E-02
      5.301  0.1950E-01  0.1442E-01  0.1113E-01  0.1284E-01  0.4856E-02  0.1016E-02  0.1236E-01  0.1543E-01  0.2301E-02  0.2246E-02  0.1070E-01  0.2435E-02  0.3989E-02  0.3208E-02  0.6994E-02  0.1980E-02  0.3654E-02  0.2512E-02
      5.311  0.1154E-01  0.2102E-01  0.5832E-02  0.1339E-01  0.3755E-02  0.2257E-02  0.5383E-02  0.1324E-01  0.1137E-02  0.3105E-02  0.6979E-02  0.4416E-02  0.2632E-02  0.3383E-02  0.3892E-02  0.2562E-02  0.1319E-02  0.3708E-02
      5.321  0.1868E-01  0.2275E-01  0.9786E-02  0.1380E-01  0.5238E-02  0.3415E-02  0.5554E-02  0.2019E-01  0.2165E-02  0.4741E-02  0.1039E-01  0.4883E-02  0.8767E-02  0.4095E-02  0.4009E-02  0.3772E-02  0.1935E-02  0.5831E-02
      5.331  0.2514E-01  0.1162E-01  0.9987E-02  0.4400E-02  0.5595E-02  0.2518E-02  0.6260E-02  0.6204E-02  0.1312E-02  0.2396E-02  0.1399E-01  0.3353E-02  0.5446E-02  0.1694E-02  0.3662E-02  0.2118E-02  0.1410E-02  0.2610E-02
      5.341  0.4729E-01  0.8475E-02  0.3321E-01  0.2112E-02  0.1099E-01  0.2760E-02  0.1958E-01  0.2546E-02  0.2542E-02  0.1783E-02  0.2725E-01  0.2991E-02  0.1050E-01  0.9425E-03  0.8787E-02  0.1624E-02  0.2576E-02  0.1589E-02
      5.351  0.5351E-01  0.1244E-01  0.2013E-01  0.2728E-02  0.1055E-01  0.4070E-02  0.1572E-01  0.2418E-02  0.1875E-02  0.1792E-02  0.2333E-01  0.3375E-02  0.6282E-02  0.3594E-02  0.1215E-01  0.1504E-02  0.2529E-02  0.1725E-02
      5.361  0.9538E-01  0.1770E-01  0.2725E-01  0.2773E-02  0.1664E-01  0.3192E-02  0.3246E-01  0.2544E-02  0.6330E-02  0.8733E-03  0.4737E-01  0.2796E-02  0.5838E-02  0.4158E-02  0.2699E-01  0.8764E-03  0.3730E-02  0.1268E-02
      5.371  0.6771E-01  0.2465E-01  0.4173E-01  0.3339E-02  0.1885E-01  0.3212E-02  0.1777E-01  0.3371E-02  0.4359E-02  0.8192E-03  0.3677E-01  0.2813E-02  0.3886E-02  0.5122E-02  0.2675E-01  0.7749E-03  0.3070E-02  0.1085E-02
      5.381  0.3426E-01  0.3020E-01  0.4062E-01  0.3883E-02  0.2125E-01  0.3250E-02  0.1495E-01  0.4115E-02  0.4089E-02  0.9155E-03  0.3706E-01  0.2895E-02  0.2784E-02  0.5876E-02  0.2014E-01  0.8372E-03  0.2793E-02  0.1005E-02
      5.391  0.2912E-01  0.3474E-01  0.1845E-01  0.5063E-02  0.1945E-01  0.3028E-02  0.1263E-01  0.5010E-02  0.3578E-02  0.9057E-03  0.2972E-01  0.3173E-02  0.2261E-02  0.5356E-02  0.2052E-01  0.9418E-03  0.2511E-02  0.1006E-02
      5.401  0.2394E-01  0.4719E-01  0.8936E-02  0.2054E-01  0.1849E-01  0.4116E-02  0.1475E-01  0.1904E-01  0.3293E-02  0.2557E-02  0.2600E-01  0.7218E-02  0.2037E-02  0.7411E-02  0.2097E-01  0.4587E-02  0.2451E-02  0.2990E-02
      5.411  0.1572E-01  0.3223E-01  0.8559E-02  0.1234E-01  0.1548E-01  0.3318E-02  0.1875E-01  0.1219E-01  0.2631E-02  0.1746E-02  0.2328E-01  0.7006E-02  0.1962E-02  0.3963E-02  0.1779E-01  0.3165E-02  0.2569E-02  0.1790E-02
      5.421  0.2311E-01  0.3928E-01  0.1498E-01  0.1479E-01  0.2151E-01  0.3928E-02  0.2680E-01  0.1482E-01  0.4984E-02  0.2234E-02  0.5209E-01  0.9038E-02  0.2328E-02  0.4575E-02  0.2413E-01  0.4072E-02  0.3305E-02  0.2069E-02
      5.431  0.2855E-01  0.4969E-01  0.2683E-01  0.2277E-01  0.2961E-01  0.1152E-01  0.2966E-01  0.2121E-01  0.6948E-02  0.5046E-02  0.6872E-01  0.1660E-01  0.5086E-02  0.5904E-02  0.4317E-01  0.6708E-02  0.5158E-02  0.3164E-02
      5.441  0.3446E-01  0.6167E-01  0.6101E-01  0.3638E-01  0.4429E-01  0.1785E-01  0.2561E-01  0.2928E-01  0.1252E-01  0.6130E-02  0.1144E+00  0.2189E-01  0.1658E-01  0.7356E-02  0.1196E+00  0.9785E-02  0.1243E-01  0.4426E-02
      5.451  0.1113E-01  0.7965E-01  0.1177E-01  0.3716E-01  0.1863E-01  0.1207E-01  0.8433E-02  0.1964E-01  0.2535E-02  0.4829E-02  0.1577E-01  0.1928E-01  0.3953E-02  0.9368E-02  0.1304E-01  0.1290E-01  0.2191E-02  0.4322E-02
      5.461  0.1310E-01  0.2693E-01  0.1561E-01  0.1190E-01  0.3248E-01  0.8576E-02  0.3351E-01  0.1128E-01  0.4606E-02  0.2740E-02  0.1914E-01  0.1285E-01  0.7566E-02  0.5434E-02  0.2077E-01  0.7410E-02  0.4522E-02  0.2162E-02
      5.471  0.1352E-01  0.1709E-01  0.1252E-01  0.8047E-02  0.2170E-01  0.7544E-02  0.1892E-01  0.9251E-02  0.3539E-02  0.2485E-02  0.1759E-01  0.9804E-02  0.1088E-01  0.5116E-02  0.3305E-01  0.8057E-02  0.4006E-02  0.1608E-02
      5.481  0.1626E-01  0.1255E-01  0.1470E-01  0.1072E-01  0.2555E-01  0.1848E-01  0.2361E-01  0.1090E-01  0.5825E-02  0.2872E-02  0.2059E-01  0.1285E-01  0.1423E-01  0.5421E-02  0.4929E-01  0.8253E-02  0.4802E-02  0.2075E-02
      5.491  0.4744E-02  0.1746E-01  0.7545E-02  0.1566E-01  0.1375E-01  0.3065E-01  0.1094E-01  0.1365E-01  0.2564E-02  0.3145E-02  0.1037E-01  0.1696E-01  0.3676E-02  0.5891E-02  0.8320E-02  0.1219E-01  0.1708E-02  0.2900E-02
      5.501  0.3339E-02  0.1822E-01  0.6077E-02  0.2122E-01  0.9548E-02  0.3112E-01  0.9037E-02  0.1964E-01  0.1749E-02  0.3871E-02  0.8313E-02  0.2850E-01  0.3390E-02  0.8890E-02  0.6111E-02  0.2345E-01  0.1723E-02  0.4095E-02
      5.511  0.1909E-01  0.1797E-01  0.1432E-01  0.1523E-01  0.2055E-01  0.3047E-01  0.1669E-01  0.1366E-01  0.3586E-02  0.3333E-02  0.3069E-01  0.2734E-01  0.1085E-01  0.5911E-02  0.1571E-01  0.2500E-01  0.3267E-02  0.3209E-02
      5.521  0.6583E-01  0.2853E-01  0.3139E-01  0.2106E-01  0.4331E-01  0.4113E-01  0.2517E-01  0.2418E-01  0.6372E-02  0.5641E-02  0.4718E-01  0.4619E-01  0.2177E-01  0.1228E-01  0.2882E-01  0.5884E-01  0.5276E-02  0.6873E-02
      5.531  0.4924E-01  0.1519E-01  0.3133E-01  0.1899E-01  0.3319E-01  0.2081E-01  0.1784E-01  0.2336E-01  0.4699E-02  0.5608E-02  0.2879E-01  0.4170E-01  0.1809E-01  0.1053E-01  0.2236E-01  0.5523E-01  0.4372E-02  0.5742E-02
      5.541  0.1394E-01  0.6744E-02  0.1109E-01  0.1369E-01  0.1057E-01  0.1213E-01  0.8409E-02  0.1865E-01  0.2028E-02  0.3610E-02  0.1939E-01  0.3095E-01  0.4183E-02  0.6032E-02  0.9026E-02  0.2911E-01  0.2636E-02  0.3044E-02
      5.551  0.1537E-01  0.7411E-02  0.1257E-01  0.1430E-01  0.8688E-02  0.1528E-01  0.8274E-02  0.1908E-01  0.2269E-02  0.4140E-02  0.3206E-01  0.2142E-01  0.2705E-02  0.9765E-02  0.1945E-01  0.5354E-01  0.3851E-02  0.4114E-02
      5.561  0.3450E-01  0.8275E-02  0.2376E-01  0.1434E-01  0.1751E-01  0.1524E-01  0.2353E-01  0.1705E-01  0.5600E-02  0.4233E-02  0.4956E-01  0.1973E-01  0.6346E-02  0.1038E-01  0.6743E-01  0.3853E-01  0.7266E-02  0.3612E-02
      5.571  0.2981E-01  0.9847E-02  0.2278E-01  0.1655E-01  0.1805E-01  0.1606E-01  0.2509E-01  0.1497E-01  0.5805E-02  0.3727E-02  0.4536E-01  0.2439E-01  0.7020E-02  0.1020E-01  0.6489E-01  0.2190E-01  0.7261E-02  0.3399E-02
      5.581  0.2545E-01  0.1157E-01  0.2216E-01  0.2439E-01  0.1738E-01  0.2721E-01  0.2308E-01  0.1800E-01  0.6851E-02  0.4263E-02  0.4209E-01  0.4068E-01  0.7105E-02  0.1085E-01  0.5589E-01  0.1621E-01  0.6730E-02  0.4012E-02
      5.591  0.1680E-01  0.6691E-02  0.1588E-01  0.1604E-01  0.1203E-01  0.1357E-01  0.1642E-01  0.1333E-01  0.5331E-02  0.3238E-02  0.2842E-01  0.1558E-01  0.5064E-02  0.5124E-02  0.3618E-01  0.9204E-02  0.3251E-02  0.3342E-02
      5.601  0.1605E-01  0.1026E-01  0.1349E-01  0.1502E-01  0.1246E-01  0.7854E-02  0.1640E-01  0.1039E-01  0.6059E-02  0.3461E-02  0.3493E-01  0.8821E-02  0.6457E-02  0.3517E-02  0.3171E-01  0.9410E-02  0.3679E-02  0.4257E-02
      5.611  0.1809E-01  0.9871E-02  0.1159E-01  0.1076E-01  0.1345E-01  0.4887E-02  0.1521E-01  0.9357E-02  0.6489E-02  0.3809E-02  0.3614E-01  0.6553E-02  0.6854E-02  0.3235E-02  0.2915E-01  0.6945E-02  0.3842E-02  0.4500E-02
      5.621  0.1955E-01  0.1511E-01  0.1265E-01  0.1157E-01  0.1457E-01  0.5010E-02  0.1417E-01  0.1103E-01  0.5891E-02  0.4575E-02  0.2987E-01  0.7559E-02  0.6072E-02  0.4080E-02  0.2470E-01  0.8484E-02  0.3680E-02  0.5000E-02
      5.631  0.1937E-01  0.2169E-01  0.1270E-01  0.1192E-01  0.1657E-01  0.4599E-02  0.1365E-01  0.1020E-01  0.4984E-02  0.4760E-02  0.3142E-01  0.8410E-02  0.7031E-02  0.3066E-02  0.2248E-01  0.8904E-02  0.4110E-02  0.4264E-02
      5.641  0.1882E-01  0.2178E-01  0.1444E-01  0.1200E-01  0.1746E-01  0.4482E-02  0.9591E-02  0.8178E-02  0.4192E-02  0.4353E-02  0.3206E-01  0.9697E-02  0.7673E-02  0.2201E-02  0.1966E-01  0.7769E-02  0.2707E-02  0.3569E-02
      5.651  0.2525E-01  0.2286E-01  0.1727E-01  0.1216E-01  0.2146E-01  0.5342E-02  0.1052E-01  0.8076E-02  0.4872E-02  0.4532E-02  0.3770E-01  0.1152E-01  0.1080E-01  0.2211E-02  0.2220E-01  0.8647E-02  0.3723E-02  0.3369E-02
      5.661  0.2106E-01  0.2426E-01  0.1301E-01  0.1114E-01  0.1676E-01  0.6981E-02  0.7469E-02  0.9260E-02  0.2960E-02  0.4898E-02  0.2371E-01  0.1487E-01  0.6915E-02  0.3194E-02  0.1451E-01  0.1325E-01  0.2977E-02  0.3495E-02
      5.671  0.2775E-01  0.2039E-01  0.1269E-01  0.1071E-01  0.2903E-01  0.8541E-02  0.1080E-01  0.1092E-01  0.3430E-02  0.5375E-02  0.2177E-01  0.1936E-01  0.1281E-01  0.4160E-02  0.1351E-01  0.1958E-01  0.4797E-02  0.4158E-02
      5.681  0.2645E-01  0.4030E-01  0.1144E-01  0.2111E-01  0.2804E-01  0.2302E-01  0.1658E-01  0.2536E-01  0.4038E-02  0.9073E-02  0.2515E-01  0.3872E-01  0.1131E-01  0.9563E-02  0.2496E-01  0.6820E-01  0.4783E-02  0.5601E-02
      5.691  0.2416E-01  0.2552E-01  0.1632E-01  0.1305E-01  0.2767E-01  0.1394E-01  0.2317E-01  0.1724E-01  0.4774E-02  0.7154E-02  0.2873E-01  0.2515E-01  0.9667E-02  0.9609E-02  0.4205E-01  0.2947E-01  0.5377E-02  0.5476E-02
      5.701  0.2214E-01  0.2661E-01  0.1421E-01  0.1385E-01  0.2241E-01  0.1328E-01  0.2661E-01  0.1615E-01  0.5542E-02  0.5674E-02  0.2628E-01  0.2307E-01  0.8870E-02  0.1141E-01  0.3260E-01  0.2145E-01  0.5251E-02  0.5152E-02
      5.711  0.2551E-01  0.2608E-01  0.2017E-01  0.1342E-01  0.2224E-01  0.1198E-01  0.2035E-01  0.1559E-01  0.4431E-02  0.4948E-02  0.2923E-01  0.2021E-01  0.9389E-02  0.1138E-01  0.3261E-01  0.1512E-01  0.6457E-02  0.4316E-02
      5.721  0.1448E-01  0.3001E-01  0.1357E-01  0.1460E-01  0.1383E-01  0.1380E-01  0.1099E-01  0.1962E-01  0.2748E-02  0.4971E-02  0.1718E-01  0.2205E-01  0.6277E-02  0.1272E-01  0.2220E-01  0.1286E-01  0.4402E-02  0.5073E-02
      5.731  0.1241E-01  0.6043E-01  0.1299E-01  0.2826E-01  0.1282E-01  0.2652E-01  0.9087E-02  0.6014E-01  0.2863E-02  0.1247E-01  0.1406E-01  0.3018E-01  0.6865E-02  0.1815E-01  0.2041E-01  0.3547E-01  0.4198E-02  0.1013E-01
      5.741  0.1533E-01  0.3958E-01  0.1667E-01  0.1554E-01  0.1839E-01  0.2108E-01  0.1853E-01  0.3412E-01  0.4356E-02  0.7518E-02  0.2498E-01  0.2054E-01  0.1251E-01  0.1046E-01  0.3029E-01  0.1686E-01  0.5395E-02  0.6840E-02
      5.751  0.1336E-01  0.2493E-01  0.1599E-01  0.2423E-01  0.1891E-01  0.1743E-01  0.1942E-01  0.1288E-01  0.4951E-02  0.5364E-02  0.2507E-01  0.3022E-01  0.1188E-01  0.6426E-02  0.3747E-01  0.9911E-02  0.5226E-02  0.7466E-02
      5.761  0.1039E-01  0.3470E-01  0.1349E-01  0.3494E-01  0.1499E-01  0.3083E-01  0.1649E-01  0.1446E-01  0.3914E-02  0.7639E-02  0.2158E-01  0.3518E-01  0.1045E-01  0.1113E-01  0.4065E-01  0.1999E-01  0.4836E-02  0.7621E-02
      5.771  0.1028E-01  0.3056E-01  0.1132E-01  0.3204E-01  0.1423E-01  0.2213E-01  0.1406E-01  0.2658E-01  0.3891E-02  0.7918E-02  0.1871E-01  0.4285E-01  0.9267E-02  0.1236E-01  0.4285E-01  0.2963E-01  0.4194E-02  0.5500E-02
      5.781  0.1300E-01  0.3117E-01  0.1055E-01  0.3907E-01  0.1330E-01  0.2411E-01  0.1218E-01  0.2468E-01  0.3880E-02  0.7247E-02  0.1409E-01  0.4381E-01  0.8219E-02  0.1471E-01  0.3275E-01  0.3520E-01  0.3891E-02  0.5255E-02
      5.791  0.1165E-01  0.3578E-01  0.9572E-02  0.2664E-01  0.1152E-01  0.3634E-01  0.9668E-02  0.2864E-01  0.2619E-02  0.8743E-02  0.8639E-02  0.4599E-01  0.6302E-02  0.1758E-01  0.1900E-01  0.4667E-01  0.2839E-02  0.5922E-02
      5.801  0.1185E-01  0.3226E-01  0.8316E-02  0.1719E-01  0.1032E-01  0.2984E-01  0.7618E-02  0.1874E-01  0.2137E-02  0.7647E-02  0.6649E-02  0.4482E-01  0.5809E-02  0.1276E-01  0.9247E-02  0.4122E-01  0.2278E-02  0.5280E-02
      5.811  0.1161E-01  0.2520E-01  0.7177E-02  0.1171E-01  0.1026E-01  0.1973E-01  0.7135E-02  0.1385E-01  0.2041E-02  0.4538E-02  0.5333E-02  0.3779E-01  0.5876E-02  0.8130E-02  0.8484E-02  0.3224E-01  0.3315E-02  0.3721E-02
      5.821  0.1337E-01  0.3728E-01  0.7166E-02  0.1586E-01  0.1241E-01  0.2700E-01  0.7756E-02  0.1586E-01  0.2486E-02  0.5735E-02  0.6534E-02  0.5142E-01  0.6824E-02  0.1523E-01  0.9175E-02  0.4797E-01  0.4567E-02  0.7925E-02
      5.831  0.1360E-01  0.3942E-01  0.8443E-02  0.1472E-01  0.1323E-01  0.3070E-01  0.8057E-02  0.1420E-01  0.2866E-02  0.5160E-02  0.9366E-02  0.4834E-01  0.7047E-02  0.1621E-01  0.1034E-01  0.5277E-01  0.5081E-02  0.6417E-02
      5.841  0.1089E-01  0.4828E-01  0.5770E-02  0.1479E-01  0.1035E-01  0.3890E-01  0.6856E-02  0.1473E-01  0.2144E-02  0.6305E-02  0.7008E-02  0.5093E-01  0.5346E-02  0.2026E-01  0.8618E-02  0.6145E-01  0.3901E-02  0.7237E-02
      5.851  0.9138E-02  0.4990E-01  0.5633E-02  0.1229E-01  0.1042E-01  0.3987E-01  0.6417E-02  0.1292E-01  0.2071E-02  0.5699E-02  0.5858E-02  0.4758E-01  0.4472E-02  0.1826E-01  0.7925E-02  0.5774E-01  0.3504E-02  0.6255E-02
      5.861  0.7883E-02  0.5214E-01  0.6943E-02  0.1160E-01  0.1147E-01  0.4182E-01  0.6705E-02  0.1339E-01  0.2132E-02  0.6130E-02  0.6481E-02  0.4680E-01  0.3816E-02  0.1687E-01  0.8064E-02  0.6040E-01  0.2858E-02  0.7061E-02
      5.871  0.5282E-02  0.3095E-01  0.6824E-02  0.1118E-01  0.9687E-02  0.3000E-01  0.5311E-02  0.1214E-01  0.2122E-02  0.6328E-02  0.6604E-02  0.5187E-01  0.1939E-02  0.1005E-01  0.6734E-02  0.5907E-01  0.2060E-02  0.7853E-02
      5.881  0.4473E-02  0.3438E-01  0.5940E-02  0.1364E-01  0.8382E-02  0.3866E-01  0.4372E-02  0.1560E-01  0.2285E-02  0.7651E-02  0.5691E-02  0.5831E-01  0.1506E-02  0.1128E-01  0.7149E-02  0.7467E-01  0.1881E-02  0.8010E-02
      5.891  0.4361E-02  0.2869E-01  0.5552E-02  0.1138E-01  0.8309E-02  0.3619E-01  0.4333E-02  0.1373E-01  0.2677E-02  0.7530E-02  0.4932E-02  0.4865E-01  0.1497E-02  0.9174E-02  0.7321E-02  0.6968E-01  0.2029E-02  0.7898E-02
      5.901  0.4936E-02  0.2596E-01  0.4833E-02  0.9223E-02  0.1028E-01  0.3659E-01  0.5528E-02  0.1081E-01  0.2367E-02  0.5534E-02  0.5040E-02  0.3290E-01  0.1793E-02  0.8240E-02  0.5404E-02  0.5211E-01  0.1965E-02  0.5870E-02
      5.911  0.6035E-02  0.2345E-01  0.5042E-02  0.8227E-02  0.1286E-01  0.3853E-01  0.7668E-02  0.9330E-02  0.2277E-02  0.4657E-02  0.6008E-02  0.2751E-01  0.2548E-02  0.7793E-02  0.5343E-02  0.4533E-01  0.2052E-02  0.4940E-02
      5.921  0.7088E-02  0.3127E-01  0.6119E-02  0.1464E-01  0.1529E-01  0.6017E-01  0.1024E-01  0.1506E-01  0.2910E-02  0.1092E-01  0.7881E-02  0.6186E-01  0.3188E-02  0.8479E-02  0.7409E-02  0.1346E+00  0.2419E-02  0.1301E-01
      5.931  0.7653E-02  0.2079E-01  0.8303E-02  0.6550E-02  0.1619E-01  0.4610E-01  0.1514E-01  0.7204E-02  0.3952E-02  0.3978E-02  0.9803E-02  0.2010E-01  0.3361E-02  0.8025E-02  0.9891E-02  0.2934E-01  0.3037E-02  0.3608E-02
      5.941  0.8025E-02  0.1945E-01  0.9842E-02  0.6483E-02  0.1411E-01  0.4677E-01  0.1964E-01  0.7103E-02  0.4674E-02  0.4090E-02  0.6458E-02  0.1935E-01  0.2913E-02  0.7897E-02  0.1002E-01  0.2821E-01  0.3161E-02  0.3521E-02
      5.951  0.5019E-02  0.1318E-01  0.8886E-02  0.5970E-02  0.1297E-01  0.3082E-01  0.1014E-01  0.6404E-02  0.2755E-02  0.3846E-02  0.4121E-02  0.1740E-01  0.2723E-02  0.5335E-02  0.7178E-02  0.2109E-01  0.2978E-02  0.3041E-02
      5.961  0.4160E-02  0.9653E-02  0.6830E-02  0.9344E-02  0.1350E-01  0.2135E-01  0.6206E-02  0.8849E-02  0.2096E-02  0.4726E-02  0.3240E-02  0.1713E-01  0.2821E-02  0.2767E-02  0.5722E-02  0.4282E-01  0.2166E-02  0.4246E-02
      5.971  0.2903E-02  0.9438E-02  0.4288E-02  0.8191E-02  0.1097E-01  0.2536E-01  0.3318E-02  0.8185E-02  0.1420E-02  0.6268E-02  0.2457E-02  0.2019E-01  0.2262E-02  0.2064E-02  0.4450E-02  0.3143E-01  0.1386E-02  0.4306E-02
      5.981  0.4026E-02  0.7019E-02  0.4727E-02  0.5109E-02  0.7076E-02  0.1661E-01  0.3423E-02  0.3513E-02  0.1418E-02  0.3643E-02  0.2900E-02  0.1517E-01  0.2592E-02  0.1794E-02  0.4964E-02  0.9527E-02  0.1677E-02  0.3034E-02
      5.991  0.5717E-02  0.7066E-02  0.5731E-02  0.6510E-02  0.8863E-02  0.1568E-01  0.4833E-02  0.4217E-02  0.2160E-02  0.3663E-02  0.4566E-02  0.1828E-01  0.3736E-02  0.2620E-02  0.6386E-02  0.1138E-01  0.2114E-02  0.3207E-02
      6.001  0.6735E-02  0.1280E-01  0.5757E-02  0.1818E-01  0.1153E-01  0.1420E-01  0.5708E-02  0.9300E-02  0.2774E-02  0.4706E-02  0.5585E-02  0.1559E-01  0.4462E-02  0.3338E-02  0.7422E-02  0.1153E-01  0.2332E-02  0.5979E-02
      6.011  0.6951E-02  0.1148E-01  0.5204E-02  0.1613E-01  0.9086E-02  0.1180E-01  0.5727E-02  0.1133E-01  0.2322E-02  0.4723E-02  0.5199E-02  0.9698E-02  0.4162E-02  0.3156E-02  0.5270E-02  0.9618E-02  0.1841E-02  0.6049E-02
      6.021  0.8230E-02  0.1233E-01  0.5128E-02  0.1709E-01  0.9071E-02  0.1088E-01  0.7802E-02  0.1248E-01  0.2169E-02  0.5136E-02  0.5111E-02  0.6699E-02  0.4174E-02  0.3343E-02  0.4740E-02  0.8721E-02  0.1673E-02  0.6996E-02
      6.031  0.5547E-02  0.1474E-01  0.4828E-02  0.1822E-01  0.8054E-02  0.1285E-01  0.4320E-02  0.1363E-01  0.1511E-02  0.6227E-02  0.4330E-02  0.7340E-02  0.3272E-02  0.4443E-02  0.2945E-02  0.9819E-02  0.1509E-02  0.7772E-02
      6.041  0.5711E-02  0.1763E-01  0.5055E-02  0.1888E-01  0.7344E-02  0.1258E-01  0.4712E-02  0.1507E-01  0.1240E-02  0.7233E-02  0.3776E-02  0.7660E-02  0.3024E-02  0.6483E-02  0.2642E-02  0.9822E-02  0.1344E-02  0.7094E-02
      6.051  0.5699E-02  0.2141E-01  0.4961E-02  0.1768E-01  0.7333E-02  0.8255E-02  0.4374E-02  0.1510E-01  0.1248E-02  0.6511E-02  0.3402E-02  0.1198E-01  0.2907E-02  0.7794E-02  0.2690E-02  0.7212E-02  0.1352E-02  0.6329E-02
      6.061  0.5992E-02  0.1824E-01  0.5116E-02  0.1273E-01  0.6521E-02  0.4476E-02  0.4072E-02  0.1226E-01  0.1258E-02  0.3386E-02  0.2799E-02  0.1219E-01  0.2424E-02  0.5604E-02  0.2524E-02  0.5096E-02  0.1031E-02  0.3563E-02
      6.071  0.6478E-02  0.1661E-01  0.5809E-02  0.1490E-01  0.6851E-02  0.4832E-02  0.4375E-02  0.1146E-01  0.1396E-02  0.4749E-02  0.2518E-02  0.1002E-01  0.2536E-02  0.4069E-02  0.2797E-02  0.5847E-02  0.1039E-02  0.4067E-02
      6.081  0.5278E-02  0.2192E-01  0.5458E-02  0.1674E-01  0.6617E-02  0.6583E-02  0.3826E-02  0.1796E-01  0.1279E-02  0.5631E-02  0.2385E-02  0.9801E-02  0.1911E-02  0.5286E-02  0.2694E-02  0.6930E-02  0.1010E-02  0.6086E-02
      6.091  0.4267E-02  0.1827E-01  0.5172E-02  0.1431E-01  0.6659E-02  0.6423E-02  0.3370E-02  0.1441E-01  0.1185E-02  0.5046E-02  0.2395E-02  0.7010E-02  0.1459E-02  0.4555E-02  0.2653E-02  0.6643E-02  0.1027E-02  0.5878E-02
      6.101  0.3359E-02  0.1344E-01  0.4714E-02  0.1041E-01  0.6384E-02  0.4829E-02  0.2920E-02  0.1023E-01  0.1130E-02  0.4074E-02  0.2433E-02  0.5108E-02  0.1196E-02  0.3393E-02  0.2672E-02  0.5348E-02  0.9865E-03  0.4488E-02
      6.111  0.4475E-02  0.1669E-01  0.5483E-02  0.1073E-01  0.7652E-02  0.3673E-02  0.3655E-02  0.1162E-01  0.1184E-02  0.3696E-02  0.2582E-02  0.5364E-02  0.1374E-02  0.3890E-02  0.2516E-02  0.5433E-02  0.1070E-02  0.4780E-02
      6.121  0.3660E-02  0.2247E-01  0.4814E-02  0.1494E-01  0.7577E-02  0.3508E-02  0.3402E-02  0.1367E-01  0.1053E-02  0.3596E-02  0.2285E-02  0.6096E-02  0.1224E-02  0.4832E-02  0.2089E-02  0.5530E-02  0.9703E-03  0.5120E-02
      6.131  0.4310E-02  0.2832E-01  0.5949E-02  0.1809E-01  0.7547E-02  0.4225E-02  0.3404E-02  0.1830E-01  0.1093E-02  0.5218E-02  0.2794E-02  0.6361E-02  0.1835E-02  0.5219E-02  0.2239E-02  0.5223E-02  0.1047E-02  0.5576E-02
      6.141  0.3913E-02  0.2974E-01  0.5276E-02  0.2302E-01  0.6145E-02  0.5588E-02  0.3056E-02  0.2289E-01  0.1003E-02  0.8110E-02  0.2495E-02  0.7996E-02  0.1722E-02  0.6150E-02  0.2275E-02  0.5869E-02  0.9534E-03  0.6886E-02
      6.151  0.3570E-02  0.1963E-01  0.4369E-02  0.1837E-01  0.5507E-02  0.4844E-02  0.2989E-02  0.1905E-01  0.1093E-02  0.5323E-02  0.2340E-02  0.6594E-02  0.1571E-02  0.4349E-02  0.2176E-02  0.5735E-02  0.9542E-03  0.7513E-02
      6.161  0.2982E-02  0.1550E-01  0.3513E-02  0.1457E-01  0.4716E-02  0.3876E-02  0.2926E-02  0.1573E-01  0.1096E-02  0.4771E-02  0.2293E-02  0.5379E-02  0.1410E-02  0.2918E-02  0.1843E-02  0.4990E-02  0.9202E-03  0.7234E-02
      6.171  0.2641E-02  0.1736E-01  0.3280E-02  0.1529E-01  0.4222E-02  0.3905E-02  0.2957E-02  0.1825E-01  0.1067E-02  0.5775E-02  0.2415E-02  0.6339E-02  0.1388E-02  0.2984E-02  0.1792E-02  0.5596E-02  0.9029E-03  0.8270E-02
      6.181  0.2445E-02  0.1596E-01  0.3172E-02  0.1575E-01  0.4011E-02  0.4102E-02  0.3061E-02  0.1929E-01  0.1111E-02  0.6961E-02  0.2689E-02  0.6869E-02  0.1400E-02  0.2974E-02  0.2006E-02  0.6830E-02  0.9621E-03  0.8822E-02
      6.191  0.2865E-02  0.1396E-01  0.3593E-02  0.1598E-01  0.4065E-02  0.4339E-02  0.4031E-02  0.1831E-01  0.1178E-02  0.8311E-02  0.2796E-02  0.7390E-02  0.1644E-02  0.2883E-02  0.2641E-02  0.7147E-02  0.1215E-02  0.8249E-02
      6.201  0.3824E-02  0.1527E-01  0.5074E-02  0.1925E-01  0.5253E-02  0.5100E-02  0.5566E-02  0.1935E-01  0.1400E-02  0.1043E-01  0.2978E-02  0.9142E-02  0.2231E-02  0.3092E-02  0.3581E-02  0.8481E-02  0.1575E-02  0.9129E-02
      6.211  0.3373E-02  0.1431E-01  0.4759E-02  0.1761E-01  0.3876E-02  0.5274E-02  0.4950E-02  0.1887E-01  0.1297E-02  0.1065E-01  0.2569E-02  0.9185E-02  0.1609E-02  0.2958E-02  0.3392E-02  0.9730E-02  0.1229E-02  0.9051E-02
      6.221  0.2788E-02  0.1644E-01  0.4511E-02  0.1887E-01  0.3429E-02  0.6263E-02  0.3997E-02  0.2191E-01  0.1104E-02  0.1311E-01  0.2428E-02  0.1126E-01  0.1266E-02  0.2812E-02  0.3079E-02  0.1323E-01  0.1055E-02  0.9226E-02
      6.231  0.2329E-02  0.8006E-02  0.4288E-02  0.1177E-01  0.3119E-02  0.4271E-02  0.3527E-02  0.1992E-01  0.1020E-02  0.8689E-02  0.2449E-02  0.8352E-02  0.1017E-02  0.2321E-02  0.2833E-02  0.9747E-02  0.9245E-03  0.6223E-02
      6.241  0.2513E-02  0.4729E-02  0.4284E-02  0.1165E-01  0.3310E-02  0.3963E-02  0.4264E-02  0.1507E-01  0.1110E-02  0.6612E-02  0.2782E-02  0.7295E-02  0.1139E-02  0.2207E-02  0.3652E-02  0.5499E-02  0.1008E-02  0.4352E-02
      6.251  0.2645E-02  0.4143E-02  0.4049E-02  0.1109E-01  0.3247E-02  0.3722E-02  0.4467E-02  0.1625E-01  0.1169E-02  0.6340E-02  0.2859E-02  0.7060E-02  0.1148E-02  0.1954E-02  0.3802E-02  0.4628E-02  0.1280E-02  0.4373E-02
      6.261  0.2755E-02  0.8084E-02  0.4196E-02  0.1706E-01  0.3067E-02  0.5156E-02  0.4411E-02  0.2348E-01  0.1191E-02  0.7908E-02  0.2940E-02  0.8960E-02  0.1377E-02  0.2124E-02  0.4017E-02  0.6060E-02  0.1675E-02  0.7273E-02
      6.271  0.2718E-02  0.9553E-02  0.4139E-02  0.2199E-01  0.3031E-02  0.6716E-02  0.3456E-02  0.2837E-01  0.1035E-02  0.8895E-02  0.3021E-02  0.1325E-01  0.1495E-02  0.2743E-02  0.3292E-02  0.7989E-02  0.1367E-02  0.8233E-02
      6.281  0.2190E-02  0.6547E-02  0.3186E-02  0.2005E-01  0.2490E-02  0.5864E-02  0.2552E-02  0.2190E-01  0.9421E-03  0.6239E-02  0.2028E-02  0.1278E-01  0.1145E-02  0.1982E-02  0.2480E-02  0.5737E-02  0.1099E-02  0.6879E-02
      6.291  0.1505E-02  0.5013E-02  0.2719E-02  0.1423E-01  0.2024E-02  0.4884E-02  0.2195E-02  0.1139E-01  0.7058E-03  0.4652E-02  0.1759E-02  0.7581E-02  0.7515E-03  0.1360E-02  0.1635E-02  0.4532E-02  0.7724E-03  0.5145E-02
      6.301  0.1367E-02  0.3226E-02  0.2651E-02  0.1029E-01  0.2290E-02  0.2439E-02  0.2313E-02  0.9082E-02  0.7448E-03  0.2424E-02  0.1833E-02  0.4532E-02  0.7762E-03  0.7427E-03  0.1525E-02  0.2156E-02  0.8059E-03  0.2864E-02
      6.311  0.1484E-02  0.2979E-02  0.2824E-02  0.1053E-01  0.2718E-02  0.2418E-02  0.2733E-02  0.8161E-02  0.8752E-03  0.2356E-02  0.1988E-02  0.4343E-02  0.9768E-03  0.8773E-03  0.1750E-02  0.2916E-02  0.1016E-02  0.2672E-02
      6.321  0.1740E-02  0.4171E-02  0.3289E-02  0.1064E-01  0.3069E-02  0.3376E-02  0.2969E-02  0.8679E-02  0.9457E-03  0.3558E-02  0.2206E-02  0.4622E-02  0.1161E-02  0.1480E-02  0.1895E-02  0.4522E-02  0.1138E-02  0.2570E-02
      6.331  0.1878E-02  0.6475E-02  0.3704E-02  0.1482E-01  0.3256E-02  0.4953E-02  0.2956E-02  0.1500E-01  0.9280E-03  0.6649E-02  0.2399E-02  0.6567E-02  0.1203E-02  0.2313E-02  0.1837E-02  0.8186E-02  0.1134E-02  0.3746E-02
      6.341  0.3086E-02  0.7982E-02  0.6443E-02  0.1997E-01  0.6307E-02  0.6201E-02  0.4372E-02  0.1815E-01  0.1583E-02  0.7404E-02  0.4256E-02  0.9405E-02  0.2257E-02  0.3097E-02  0.3603E-02  0.1239E-01  0.2141E-02  0.5556E-02
      6.351  0.3436E-02  0.8957E-02  0.5027E-02  0.2275E-01  0.3546E-02  0.7418E-02  0.3728E-02  0.2029E-01  0.1258E-02  0.7362E-02  0.2031E-02  0.1156E-01  0.1691E-02  0.3595E-02  0.3644E-02  0.1340E-01  0.1756E-02  0.7298E-02
      6.361  0.2948E-02  0.7114E-02  0.4487E-02  0.1883E-01  0.2604E-02  0.6430E-02  0.3705E-02  0.1698E-01  0.7774E-03  0.6056E-02  0.1770E-02  0.9685E-02  0.1393E-02  0.2992E-02  0.2602E-02  0.1146E-01  0.1076E-02  0.6350E-02
      6.371  0.2893E-02  0.5868E-02  0.4381E-02  0.1507E-01  0.2207E-02  0.6661E-02  0.3779E-02  0.1401E-01  0.7479E-03  0.5532E-02  0.1722E-02  0.8407E-02  0.1401E-02  0.2769E-02  0.2264E-02  0.1043E-01  0.8489E-03  0.5412E-02
      6.381  0.2924E-02  0.4039E-02  0.4366E-02  0.9311E-02  0.2033E-02  0.3349E-02  0.3974E-02  0.8296E-02  0.7868E-03  0.3342E-02  0.1707E-02  0.5573E-02  0.1497E-02  0.1626E-02  0.2439E-02  0.5487E-02  0.8793E-03  0.3311E-02
      6.391  0.3152E-02  0.2803E-02  0.4494E-02  0.5644E-02  0.2440E-02  0.1644E-02  0.4493E-02  0.4872E-02  0.9282E-03  0.1930E-02  0.1722E-02  0.3305E-02  0.1757E-02  0.1018E-02  0.2906E-02  0.2632E-02  0.9641E-03  0.1903E-02
      6.401  0.3257E-02  0.1709E-02  0.4763E-02  0.2739E-02  0.2601E-02  0.6119E-03  0.4713E-02  0.2956E-02  0.9770E-03  0.1001E-02  0.1751E-02  0.1083E-02  0.1774E-02  0.5910E-03  0.2746E-02  0.1056E-02  0.8716E-03  0.8528E-03
      6.411  0.3158E-02  0.1505E-02  0.4212E-02  0.1975E-02  0.2517E-02  0.3925E-03  0.4435E-02  0.2379E-02  0.9220E-03  0.7582E-03  0.1696E-02  0.8183E-03  0.1669E-02  0.5256E-03  0.2403E-02  0.8467E-03  0.7500E-03  0.6547E-03
      6.421  0.3856E-02  0.1490E-02  0.4825E-02  0.1721E-02  0.3478E-02  0.3175E-03  0.7197E-02  0.2183E-02  0.1611E-02  0.6499E-03  0.2570E-02  0.7300E-03  0.2261E-02  0.5052E-03  0.4523E-02  0.8048E-03  0.1123E-02  0.5821E-03
      6.431  0.3136E-02  0.1416E-02  0.3743E-02  0.1477E-02  0.2657E-02  0.2517E-03  0.4989E-02  0.1932E-02  0.1138E-02  0.5455E-03  0.1764E-02  0.6228E-03  0.1793E-02  0.4700E-03  0.3423E-02  0.7278E-03  0.9872E-03  0.5023E-03
      6.441  0.2710E-02  0.1236E-02  0.3386E-02  0.1243E-02  0.2213E-02  0.2031E-03  0.3601E-02  0.1597E-02  0.1019E-02  0.4532E-03  0.1543E-02  0.4816E-03  0.1551E-02  0.4021E-03  0.2601E-02  0.5695E-03  0.9259E-03  0.4063E-03
      6.451  0.2576E-02  0.1055E-02  0.3215E-02  0.1020E-02  0.2355E-02  0.1575E-03  0.3008E-02  0.1281E-02  0.9577E-03  0.3655E-03  0.1445E-02  0.3533E-03  0.1541E-02  0.3380E-03  0.2536E-02  0.4189E-03  0.9211E-03  0.3159E-03
      6.461  0.2623E-02  0.8701E-03  0.3219E-02  0.8093E-03  0.2525E-02  0.1147E-03  0.2834E-02  0.9827E-03  0.9334E-03  0.2824E-03  0.1438E-02  0.2379E-03  0.1632E-02  0.2779E-03  0.2308E-02  0.2759E-03  0.8646E-03  0.2309E-03
      6.471  0.2854E-02  0.6824E-03  0.3605E-02  0.6142E-03  0.2855E-02  0.8209E-04  0.2840E-02  0.7276E-03  0.9778E-03  0.2099E-03  0.1414E-02  0.1601E-03  0.1852E-02  0.2225E-03  0.1753E-02  0.1781E-03  0.8515E-03  0.1648E-03
      6.481  0.2946E-02  0.4925E-03  0.3849E-02  0.4316E-03  0.3643E-02  0.5777E-04  0.2980E-02  0.5088E-03  0.1238E-02  0.1467E-03  0.1570E-02  0.1108E-03  0.2299E-02  0.1655E-03  0.1878E-02  0.1210E-03  0.1138E-02  0.1147E-03
      6.491  0.2849E-02  0.3013E-03  0.3766E-02  0.2569E-03  0.4178E-02  0.3444E-04  0.3098E-02  0.3013E-03  0.1396E-02  0.8677E-04  0.1501E-02  0.6491E-04  0.2305E-02  0.1043E-03  0.1737E-02  0.6941E-04  0.1026E-02  0.6755E-04
      6.501  0.3117E-02  0.1087E-03  0.3724E-02  0.9011E-04  0.4245E-02  0.1210E-04  0.3133E-02  0.1051E-03  0.1337E-02  0.3025E-04  0.1380E-02  0.2239E-04  0.2219E-02  0.3869E-04  0.1638E-02  0.2339E-04  0.8032E-03  0.2344E-04
      6.511  0.2727E-02  0.0000E+00  0.3389E-02  0.0000E+00  0.3547E-02  0.0000E+00  0.3062E-02  0.0000E+00  0.1054E-02  0.0000E+00  0.1282E-02  0.0000E+00  0.1850E-02  0.0000E+00  0.1433E-02  0.0000E+00  0.6459E-03  0.0000E+00
      6.522  0.2496E-02  0.0000E+00  0.3369E-02  0.0000E+00  0.3311E-02  0.0000E+00  0.2932E-02  0.0000E+00  0.9866E-03  0.0000E+00  0.1264E-02  0.0000E+00  0.1749E-02  0.0000E+00  0.1326E-02  0.0000E+00  0.6029E-03  0.0000E+00
      6.532  0.2206E-02  0.0000E+00  0.3447E-02  0.0000E+00  0.3066E-02  0.0000E+00  0.2783E-02  0.0000E+00  0.9499E-03  0.0000E+00  0.1260E-02  0.0000E+00  0.1671E-02  0.0000E+00  0.1240E-02  0.0000E+00  0.5813E-03  0.0000E+00
      6.542  0.1602E-02  0.0000E+00  0.2651E-02  0.0000E+00  0.2534E-02  0.0000E+00  0.2414E-02  0.0000E+00  0.8652E-03  0.0000E+00  0.1210E-02  0.0000E+00  0.1354E-02  0.0000E+00  0.9767E-03  0.0000E+00  0.4720E-03  0.0000E+00
      6.552  0.1362E-02  0.0000E+00  0.1992E-02  0.0000E+00  0.2066E-02  0.0000E+00  0.2149E-02  0.0000E+00  0.7119E-03  0.0000E+00  0.1179E-02  0.0000E+00  0.1173E-02  0.0000E+00  0.8271E-03  0.0000E+00  0.3921E-03  0.0000E+00
      6.562  0.1262E-02  0.0000E+00  0.1694E-02  0.0000E+00  0.1790E-02  0.0000E+00  0.1944E-02  0.0000E+00  0.6298E-03  0.0000E+00  0.1034E-02  0.0000E+00  0.1048E-02  0.0000E+00  0.7553E-03  0.0000E+00  0.3668E-03  0.0000E+00
      6.572  0.1275E-02  0.0000E+00  0.1581E-02  0.0000E+00  0.1640E-02  0.0000E+00  0.1754E-02  0.0000E+00  0.5818E-03  0.0000E+00  0.9090E-03  0.0000E+00  0.1020E-02  0.0000E+00  0.6691E-03  0.0000E+00  0.3569E-03  0.0000E+00
      6.582  0.1198E-02  0.0000E+00  0.1411E-02  0.0000E+00  0.1437E-02  0.0000E+00  0.1572E-02  0.0000E+00  0.5310E-03  0.0000E+00  0.8018E-03  0.0000E+00  0.9712E-03  0.0000E+00  0.5984E-03  0.0000E+00  0.3437E-03  0.0000E+00
      6.592  0.1140E-02  0.0000E+00  0.1256E-02  0.0000E+00  0.1277E-02  0.0000E+00  0.1473E-02  0.0000E+00  0.4791E-03  0.0000E+00  0.7582E-03  0.0000E+00  0.9308E-03  0.0000E+00  0.5704E-03  0.0000E+00  0.3405E-03  0.0000E+00
      6.602  0.1233E-02  0.0000E+00  0.1320E-02  0.0000E+00  0.1398E-02  0.0000E+00  0.1766E-02  0.0000E+00  0.6038E-03  0.0000E+00  0.9298E-03  0.0000E+00  0.1033E-02  0.0000E+00  0.6416E-03  0.0000E+00  0.3827E-03  0.0000E+00
      6.612  0.2495E-02  0.0000E+00  0.2045E-02  0.0000E+00  0.3930E-02  0.0000E+00  0.4087E-02  0.0000E+00  0.1045E-02  0.0000E+00  0.1928E-02  0.0000E+00  0.1870E-02  0.0000E+00  0.1236E-02  0.0000E+00  0.6148E-03  0.0000E+00
      6.622  0.1269E-02  0.0000E+00  0.1382E-02  0.0000E+00  0.1877E-02  0.0000E+00  0.1872E-02  0.0000E+00  0.6192E-03  0.0000E+00  0.7681E-03  0.0000E+00  0.1407E-02  0.0000E+00  0.6243E-03  0.0000E+00  0.3441E-03  0.0000E+00
      6.632  0.1045E-02  0.0000E+00  0.1370E-02  0.0000E+00  0.1482E-02  0.0000E+00  0.1530E-02  0.0000E+00  0.5317E-03  0.0000E+00  0.5820E-03  0.0000E+00  0.1220E-02  0.0000E+00  0.5075E-03  0.0000E+00  0.2708E-03  0.0000E+00
      6.642  0.1440E-02  0.0000E+00  0.2410E-02  0.0000E+00  0.1676E-02  0.0000E+00  0.2118E-02  0.0000E+00  0.8264E-03  0.0000E+00  0.7522E-03  0.0000E+00  0.2097E-02  0.0000E+00  0.8068E-03  0.0000E+00  0.3108E-03  0.0000E+00
      6.652  0.3252E-03  0.0000E+00  0.5429E-03  0.0000E+00  0.7594E-03  0.0000E+00  0.5775E-03  0.0000E+00  0.1386E-03  0.0000E+00  0.2248E-03  0.0000E+00  0.4389E-03  0.0000E+00  0.1529E-03  0.0000E+00  0.7687E-04  0.0000E+00
      6.662  0.1160E-03  0.0000E+00  0.9569E-04  0.0000E+00  0.1895E-03  0.0000E+00  0.2676E-03  0.0000E+00  0.7298E-04  0.0000E+00  0.6780E-04  0.0000E+00  0.1096E-03  0.0000E+00  0.6493E-04  0.0000E+00  0.3346E-04  0.0000E+00
      6.672  0.9346E-04  0.0000E+00  0.8038E-04  0.0000E+00  0.1553E-03  0.0000E+00  0.2187E-03  0.0000E+00  0.6057E-04  0.0000E+00  0.5585E-04  0.0000E+00  0.8915E-04  0.0000E+00  0.5297E-04  0.0000E+00  0.2706E-04  0.0000E+00
      6.682  0.7176E-04  0.0000E+00  0.6436E-04  0.0000E+00  0.1214E-03  0.0000E+00  0.1704E-03  0.0000E+00  0.4793E-04  0.0000E+00  0.4387E-04  0.0000E+00  0.6917E-04  0.0000E+00  0.4121E-04  0.0000E+00  0.2086E-04  0.0000E+00
      6.692  0.5093E-04  0.0000E+00  0.4763E-04  0.0000E+00  0.8775E-04  0.0000E+00  0.1228E-03  0.0000E+00  0.3508E-04  0.0000E+00  0.3187E-04  0.0000E+00  0.4963E-04  0.0000E+00  0.2965E-04  0.0000E+00  0.1487E-04  0.0000E+00
      6.702  0.3097E-04  0.0000E+00  0.3021E-04  0.0000E+00  0.5436E-04  0.0000E+00  0.7581E-04  0.0000E+00  0.2200E-04  0.0000E+00  0.1984E-04  0.0000E+00  0.3051E-04  0.0000E+00  0.1828E-04  0.0000E+00  0.9081E-05  0.0000E+00
      6.712  0.1187E-04  0.0000E+00  0.1208E-04  0.0000E+00  0.2124E-04  0.0000E+00  0.2953E-04  0.0000E+00  0.8703E-05  0.0000E+00  0.7792E-05  0.0000E+00  0.1183E-04  0.0000E+00  0.7108E-05  0.0000E+00  0.3497E-05  0.0000E+00
      6.722  0.0000E+00  0.0000E+00  0.0000E+00  0.0000E+00  0.0000E+00  0.0000E+00  0.0000E+00  0.0000E+00  0.0000E+00  0.0000E+00  0.0000E+00  0.0000E+00  0.0000E+00  0.0000E+00  0.0000E+00  0.0000E+00  0.0000E+00  0.0000E+00
      6.732  0.0000E+00  0.0000E+00  0.0000E+00  0.0000E+00  0.0000E+00  0.0000E+00  0.0000E+00  0.0000E+00  0.0000E+00  0.0000E+00  0.0000E+00  0.0000E+00  0.0000E+00  0.0000E+00  0.0000E+00  0.0000E+00  0.0000E+00  0.0000E+00
      6.742  0.0000E+00  0.0000E+00  0.0000E+00  0.0000E+00  0.0000E+00  0.0000E+00  0.0000E+00  0.0000E+00  0.0000E+00  0.0000E+00  0.0000E+00  0.0000E+00  0.0000E+00  0.0000E+00  0.0000E+00  0.0000E+00  0.0000E+00  0.0000E+00
      6.752  0.0000E+00  0.0000E+00  0.0000E+00  0.0000E+00  0.0000E+00  0.0000E+00  0.0000E+00  0.0000E+00  0.0000E+00  0.0000E+00  0.0000E+00  0.0000E+00  0.0000E+00  0.0000E+00  0.0000E+00  0.0000E+00  0.0000E+00  0.0000E+00
      6.762  0.0000E+00  0.0000E+00  0.0000E+00  0.0000E+00  0.0000E+00  0.0000E+00  0.0000E+00  0.0000E+00  0.0000E+00  0.0000E+00  0.0000E+00  0.0000E+00  0.0000E+00  0.0000E+00  0.0000E+00  0.0000E+00  0.0000E+00  0.0000E+00
      6.772  0.0000E+00  0.0000E+00  0.0000E+00  0.0000E+00  0.0000E+00  0.0000E+00  0.0000E+00  0.0000E+00  0.0000E+00  0.0000E+00  0.0000E+00  0.0000E+00  0.0000E+00  0.0000E+00  0.0000E+00  0.0000E+00  0.0000E+00  0.0000E+00
      6.782  0.0000E+00  0.0000E+00  0.0000E+00  0.0000E+00  0.0000E+00  0.0000E+00  0.0000E+00  0.0000E+00  0.0000E+00  0.0000E+00  0.0000E+00  0.0000E+00  0.0000E+00  0.0000E+00  0.0000E+00  0.0000E+00  0.0000E+00  0.0000E+00
      6.792  0.0000E+00  0.0000E+00  0.0000E+00  0.0000E+00  0.0000E+00  0.0000E+00  0.0000E+00  0.0000E+00  0.0000E+00  0.0000E+00  0.0000E+00  0.0000E+00  0.0000E+00  0.0000E+00  0.0000E+00  0.0000E+00  0.0000E+00  0.0000E+00
      6.802  0.0000E+00  0.0000E+00  0.0000E+00  0.0000E+00  0.0000E+00  0.0000E+00  0.0000E+00  0.0000E+00  0.0000E+00  0.0000E+00  0.0000E+00  0.0000E+00  0.0000E+00  0.0000E+00  0.0000E+00  0.0000E+00  0.0000E+00  0.0000E+00
      6.812  0.0000E+00  0.0000E+00  0.0000E+00  0.0000E+00  0.0000E+00  0.0000E+00  0.0000E+00  0.0000E+00  0.0000E+00  0.0000E+00  0.0000E+00  0.0000E+00  0.0000E+00  0.0000E+00  0.0000E+00  0.0000E+00  0.0000E+00  0.0000E+00
      6.822  0.0000E+00  0.0000E+00  0.0000E+00  0.0000E+00  0.0000E+00  0.0000E+00  0.0000E+00  0.0000E+00  0.0000E+00  0.0000E+00  0.0000E+00  0.0000E+00  0.0000E+00  0.0000E+00  0.0000E+00  0.0000E+00  0.0000E+00  0.0000E+00
      6.832  0.0000E+00  0.0000E+00  0.0000E+00  0.0000E+00  0.0000E+00  0.0000E+00  0.0000E+00  0.0000E+00  0.0000E+00  0.0000E+00  0.0000E+00  0.0000E+00  0.0000E+00  0.0000E+00  0.0000E+00  0.0000E+00  0.0000E+00  0.0000E+00
      6.842  0.0000E+00  0.0000E+00  0.0000E+00  0.0000E+00  0.0000E+00  0.0000E+00  0.0000E+00  0.0000E+00  0.0000E+00  0.0000E+00  0.0000E+00  0.0000E+00  0.0000E+00  0.0000E+00  0.0000E+00  0.0000E+00  0.0000E+00  0.0000E+00
      6.852  0.0000E+00  0.0000E+00  0.0000E+00  0.0000E+00  0.0000E+00  0.0000E+00  0.0000E+00  0.0000E+00  0.0000E+00  0.0000E+00  0.0000E+00  0.0000E+00  0.0000E+00  0.0000E+00  0.0000E+00  0.0000E+00  0.0000E+00  0.0000E+00
      6.862  0.0000E+00  0.0000E+00  0.0000E+00  0.0000E+00  0.0000E+00  0.0000E+00  0.0000E+00  0.0000E+00  0.0000E+00  0.0000E+00  0.0000E+00  0.0000E+00  0.0000E+00  0.0000E+00  0.0000E+00  0.0000E+00  0.0000E+00  0.0000E+00
      6.872  0.0000E+00  0.0000E+00  0.0000E+00  0.0000E+00  0.0000E+00  0.0000E+00  0.0000E+00  0.0000E+00  0.0000E+00  0.0000E+00  0.0000E+00  0.0000E+00  0.0000E+00  0.0000E+00  0.0000E+00  0.0000E+00  0.0000E+00  0.0000E+00
      6.882  0.0000E+00  0.0000E+00  0.0000E+00  0.0000E+00  0.0000E+00  0.0000E+00  0.0000E+00  0.0000E+00  0.0000E+00  0.0000E+00  0.0000E+00  0.0000E+00  0.0000E+00  0.0000E+00  0.0000E+00  0.0000E+00  0.0000E+00  0.0000E+00
      6.892  0.0000E+00  0.0000E+00  0.0000E+00  0.0000E+00  0.0000E+00  0.0000E+00  0.0000E+00  0.0000E+00  0.0000E+00  0.0000E+00  0.0000E+00  0.0000E+00  0.0000E+00  0.0000E+00  0.0000E+00  0.0000E+00  0.0000E+00  0.0000E+00
      6.902  0.0000E+00  0.0000E+00  0.0000E+00  0.0000E+00  0.0000E+00  0.0000E+00  0.0000E+00  0.0000E+00  0.0000E+00  0.0000E+00  0.0000E+00  0.0000E+00  0.0000E+00  0.0000E+00  0.0000E+00  0.0000E+00  0.0000E+00  0.0000E+00
      6.912  0.0000E+00  0.0000E+00  0.0000E+00  0.0000E+00  0.0000E+00  0.0000E+00  0.0000E+00  0.0000E+00  0.0000E+00  0.0000E+00  0.0000E+00  0.0000E+00  0.0000E+00  0.0000E+00  0.0000E+00  0.0000E+00  0.0000E+00  0.0000E+00
      6.922  0.0000E+00  0.0000E+00  0.0000E+00  0.0000E+00  0.0000E+00  0.0000E+00  0.0000E+00  0.0000E+00  0.0000E+00  0.0000E+00  0.0000E+00  0.0000E+00  0.0000E+00  0.0000E+00  0.0000E+00  0.0000E+00  0.0000E+00  0.0000E+00
      6.932  0.0000E+00  0.0000E+00  0.0000E+00  0.0000E+00  0.0000E+00  0.0000E+00  0.0000E+00  0.0000E+00  0.0000E+00  0.0000E+00  0.0000E+00  0.0000E+00  0.0000E+00  0.0000E+00  0.0000E+00  0.0000E+00  0.0000E+00  0.0000E+00
      6.942  0.0000E+00  0.0000E+00  0.0000E+00  0.0000E+00  0.0000E+00  0.0000E+00  0.0000E+00  0.0000E+00  0.0000E+00  0.0000E+00  0.0000E+00  0.0000E+00  0.0000E+00  0.0000E+00  0.0000E+00  0.0000E+00  0.0000E+00  0.0000E+00
      6.952  0.0000E+00  0.0000E+00  0.0000E+00  0.0000E+00  0.0000E+00  0.0000E+00  0.0000E+00  0.0000E+00  0.0000E+00  0.0000E+00  0.0000E+00  0.0000E+00  0.0000E+00  0.0000E+00  0.0000E+00  0.0000E+00  0.0000E+00  0.0000E+00
      6.962  0.0000E+00  0.0000E+00  0.0000E+00  0.0000E+00  0.0000E+00  0.0000E+00  0.0000E+00  0.0000E+00  0.0000E+00  0.0000E+00  0.0000E+00  0.0000E+00  0.0000E+00  0.0000E+00  0.0000E+00  0.0000E+00  0.0000E+00  0.0000E+00
      6.972  0.0000E+00  0.0000E+00  0.0000E+00  0.0000E+00  0.0000E+00  0.0000E+00  0.0000E+00  0.0000E+00  0.0000E+00  0.0000E+00  0.0000E+00  0.0000E+00  0.0000E+00  0.0000E+00  0.0000E+00  0.0000E+00  0.0000E+00  0.0000E+00
      6.982  0.0000E+00  0.0000E+00  0.0000E+00  0.0000E+00  0.0000E+00  0.0000E+00  0.0000E+00  0.0000E+00  0.0000E+00  0.0000E+00  0.0000E+00  0.0000E+00  0.0000E+00  0.0000E+00  0.0000E+00  0.0000E+00  0.0000E+00  0.0000E+00
      6.992  0.0000E+00  0.0000E+00  0.0000E+00  0.0000E+00  0.0000E+00  0.0000E+00  0.0000E+00  0.0000E+00  0.0000E+00  0.0000E+00  0.0000E+00  0.0000E+00  0.0000E+00  0.0000E+00  0.0000E+00  0.0000E+00  0.0000E+00  0.0000E+00
      7.002  0.0000E+00  0.0000E+00  0.0000E+00  0.0000E+00  0.0000E+00  0.0000E+00  0.0000E+00  0.0000E+00  0.0000E+00  0.0000E+00  0.0000E+00  0.0000E+00  0.0000E+00  0.0000E+00  0.0000E+00  0.0000E+00  0.0000E+00  0.0000E+00
      7.012  0.0000E+00  0.0000E+00  0.0000E+00  0.0000E+00  0.0000E+00  0.0000E+00  0.0000E+00  0.0000E+00  0.0000E+00  0.0000E+00  0.0000E+00  0.0000E+00  0.0000E+00  0.0000E+00  0.0000E+00  0.0000E+00  0.0000E+00  0.0000E+00
      7.022  0.0000E+00  0.0000E+00  0.0000E+00  0.0000E+00  0.0000E+00  0.0000E+00  0.0000E+00  0.0000E+00  0.0000E+00  0.0000E+00  0.0000E+00  0.0000E+00  0.0000E+00  0.0000E+00  0.0000E+00  0.0000E+00  0.0000E+00  0.0000E+00
      7.032  0.0000E+00  0.0000E+00  0.0000E+00  0.0000E+00  0.0000E+00  0.0000E+00  0.0000E+00  0.0000E+00  0.0000E+00  0.0000E+00  0.0000E+00  0.0000E+00  0.0000E+00  0.0000E+00  0.0000E+00  0.0000E+00  0.0000E+00  0.0000E+00
      7.042  0.0000E+00  0.0000E+00  0.0000E+00  0.0000E+00  0.0000E+00  0.0000E+00  0.0000E+00  0.0000E+00  0.0000E+00  0.0000E+00  0.0000E+00  0.0000E+00  0.0000E+00  0.0000E+00  0.0000E+00  0.0000E+00  0.0000E+00  0.0000E+00
      7.052  0.0000E+00  0.0000E+00  0.0000E+00  0.0000E+00  0.0000E+00  0.0000E+00  0.0000E+00  0.0000E+00  0.0000E+00  0.0000E+00  0.0000E+00  0.0000E+00  0.0000E+00  0.0000E+00  0.0000E+00  0.0000E+00  0.0000E+00  0.0000E+00
      7.062  0.0000E+00  0.0000E+00  0.0000E+00  0.0000E+00  0.0000E+00  0.0000E+00  0.0000E+00  0.0000E+00  0.0000E+00  0.0000E+00  0.0000E+00  0.0000E+00  0.0000E+00  0.0000E+00  0.0000E+00  0.0000E+00  0.0000E+00  0.0000E+00
      7.072  0.0000E+00  0.0000E+00  0.0000E+00  0.0000E+00  0.0000E+00  0.0000E+00  0.0000E+00  0.0000E+00  0.0000E+00  0.0000E+00  0.0000E+00  0.0000E+00  0.0000E+00  0.0000E+00  0.0000E+00  0.0000E+00  0.0000E+00  0.0000E+00
      7.082  0.0000E+00  0.0000E+00  0.0000E+00  0.0000E+00  0.0000E+00  0.0000E+00  0.0000E+00  0.0000E+00  0.0000E+00  0.0000E+00  0.0000E+00  0.0000E+00  0.0000E+00  0.0000E+00  0.0000E+00  0.0000E+00  0.0000E+00  0.0000E+00
      7.092  0.0000E+00  0.0000E+00  0.0000E+00  0.0000E+00  0.0000E+00  0.0000E+00  0.0000E+00  0.0000E+00  0.0000E+00  0.0000E+00  0.0000E+00  0.0000E+00  0.0000E+00  0.0000E+00  0.0000E+00  0.0000E+00  0.0000E+00  0.0000E+00
      7.102  0.0000E+00  0.0000E+00  0.0000E+00  0.0000E+00  0.0000E+00  0.0000E+00  0.0000E+00  0.0000E+00  0.0000E+00  0.0000E+00  0.0000E+00  0.0000E+00  0.0000E+00  0.0000E+00  0.0000E+00  0.0000E+00  0.0000E+00  0.0000E+00
      7.112  0.0000E+00  0.0000E+00  0.0000E+00  0.0000E+00  0.0000E+00  0.0000E+00  0.0000E+00  0.0000E+00  0.0000E+00  0.0000E+00  0.0000E+00  0.0000E+00  0.0000E+00  0.0000E+00  0.0000E+00  0.0000E+00  0.0000E+00  0.0000E+00
      7.122  0.0000E+00  0.0000E+00  0.0000E+00  0.0000E+00  0.0000E+00  0.0000E+00  0.0000E+00  0.0000E+00  0.0000E+00  0.0000E+00  0.0000E+00  0.0000E+00  0.0000E+00  0.0000E+00  0.0000E+00  0.0000E+00  0.0000E+00  0.0000E+00
      7.132  0.0000E+00  0.0000E+00  0.0000E+00  0.0000E+00  0.0000E+00  0.0000E+00  0.0000E+00  0.0000E+00  0.0000E+00  0.0000E+00  0.0000E+00  0.0000E+00  0.0000E+00  0.0000E+00  0.0000E+00  0.0000E+00  0.0000E+00  0.0000E+00
      7.142  0.0000E+00  0.0000E+00  0.0000E+00  0.0000E+00  0.0000E+00  0.0000E+00  0.0000E+00  0.0000E+00  0.0000E+00  0.0000E+00  0.0000E+00  0.0000E+00  0.0000E+00  0.0000E+00  0.0000E+00  0.0000E+00  0.0000E+00  0.0000E+00
      7.152  0.0000E+00  0.0000E+00  0.0000E+00  0.0000E+00  0.0000E+00  0.0000E+00  0.0000E+00  0.0000E+00  0.0000E+00  0.0000E+00  0.0000E+00  0.0000E+00  0.0000E+00  0.0000E+00  0.0000E+00  0.0000E+00  0.0000E+00  0.0000E+00
      7.162  0.0000E+00  0.0000E+00  0.0000E+00  0.0000E+00  0.0000E+00  0.0000E+00  0.0000E+00  0.0000E+00  0.0000E+00  0.0000E+00  0.0000E+00  0.0000E+00  0.0000E+00  0.0000E+00  0.0000E+00  0.0000E+00  0.0000E+00  0.0000E+00
      7.172  0.0000E+00  0.0000E+00  0.0000E+00  0.0000E+00  0.0000E+00  0.0000E+00  0.0000E+00  0.0000E+00  0.0000E+00  0.0000E+00  0.0000E+00  0.0000E+00  0.0000E+00  0.0000E+00  0.0000E+00  0.0000E+00  0.0000E+00  0.0000E+00
      7.182  0.0000E+00  0.0000E+00  0.0000E+00  0.0000E+00  0.0000E+00  0.0000E+00  0.0000E+00  0.0000E+00  0.0000E+00  0.0000E+00  0.0000E+00  0.0000E+00  0.0000E+00  0.0000E+00  0.0000E+00  0.0000E+00  0.0000E+00  0.0000E+00
      7.192  0.0000E+00  0.0000E+00  0.0000E+00  0.0000E+00  0.0000E+00  0.0000E+00  0.0000E+00  0.0000E+00  0.0000E+00  0.0000E+00  0.0000E+00  0.0000E+00  0.0000E+00  0.0000E+00  0.0000E+00  0.0000E+00  0.0000E+00  0.0000E+00
      7.202  0.0000E+00  0.0000E+00  0.0000E+00  0.0000E+00  0.0000E+00  0.0000E+00  0.0000E+00  0.0000E+00  0.0000E+00  0.0000E+00  0.0000E+00  0.0000E+00  0.0000E+00  0.0000E+00  0.0000E+00  0.0000E+00  0.0000E+00  0.0000E+00
      7.212  0.0000E+00  0.0000E+00  0.0000E+00  0.0000E+00  0.0000E+00  0.0000E+00  0.0000E+00  0.0000E+00  0.0000E+00  0.0000E+00  0.0000E+00  0.0000E+00  0.0000E+00  0.0000E+00  0.0000E+00  0.0000E+00  0.0000E+00  0.0000E+00
      7.222  0.0000E+00  0.0000E+00  0.0000E+00  0.0000E+00  0.0000E+00  0.0000E+00  0.0000E+00  0.0000E+00  0.0000E+00  0.0000E+00  0.0000E+00  0.0000E+00  0.0000E+00  0.0000E+00  0.0000E+00  0.0000E+00  0.0000E+00  0.0000E+00
      7.232  0.0000E+00  0.0000E+00  0.0000E+00  0.0000E+00  0.0000E+00  0.0000E+00  0.0000E+00  0.0000E+00  0.0000E+00  0.0000E+00  0.0000E+00  0.0000E+00  0.0000E+00  0.0000E+00  0.0000E+00  0.0000E+00  0.0000E+00  0.0000E+00
      7.242  0.0000E+00  0.0000E+00  0.0000E+00  0.0000E+00  0.0000E+00  0.0000E+00  0.0000E+00  0.0000E+00  0.0000E+00  0.0000E+00  0.0000E+00  0.0000E+00  0.0000E+00  0.0000E+00  0.0000E+00  0.0000E+00  0.0000E+00  0.0000E+00
      7.252  0.0000E+00  0.0000E+00  0.0000E+00  0.0000E+00  0.0000E+00  0.0000E+00  0.0000E+00  0.0000E+00  0.0000E+00  0.0000E+00  0.0000E+00  0.0000E+00  0.0000E+00  0.0000E+00  0.0000E+00  0.0000E+00  0.0000E+00  0.0000E+00
      7.262  0.0000E+00  0.0000E+00  0.0000E+00  0.0000E+00  0.0000E+00  0.0000E+00  0.0000E+00  0.0000E+00  0.0000E+00  0.0000E+00  0.0000E+00  0.0000E+00  0.0000E+00  0.0000E+00  0.0000E+00  0.0000E+00  0.0000E+00  0.0000E+00
      7.272  0.0000E+00  0.0000E+00  0.0000E+00  0.0000E+00  0.0000E+00  0.0000E+00  0.0000E+00  0.0000E+00  0.0000E+00  0.0000E+00  0.0000E+00  0.0000E+00  0.0000E+00  0.0000E+00  0.0000E+00  0.0000E+00  0.0000E+00  0.0000E+00
      7.282  0.0000E+00  0.0000E+00  0.0000E+00  0.0000E+00  0.0000E+00  0.0000E+00  0.0000E+00  0.0000E+00  0.0000E+00  0.0000E+00  0.0000E+00  0.0000E+00  0.0000E+00  0.0000E+00  0.0000E+00  0.0000E+00  0.0000E+00  0.0000E+00
      7.292  0.0000E+00  0.0000E+00  0.0000E+00  0.0000E+00  0.0000E+00  0.0000E+00  0.0000E+00  0.0000E+00  0.0000E+00  0.0000E+00  0.0000E+00  0.0000E+00  0.0000E+00  0.0000E+00  0.0000E+00  0.0000E+00  0.0000E+00  0.0000E+00
      7.302  0.0000E+00  0.0000E+00  0.0000E+00  0.0000E+00  0.0000E+00  0.0000E+00  0.0000E+00  0.0000E+00  0.0000E+00  0.0000E+00  0.0000E+00  0.0000E+00  0.0000E+00  0.0000E+00  0.0000E+00  0.0000E+00  0.0000E+00  0.0000E+00
      7.312  0.0000E+00  0.0000E+00  0.0000E+00  0.0000E+00  0.0000E+00  0.0000E+00  0.0000E+00  0.0000E+00  0.0000E+00  0.0000E+00  0.0000E+00  0.0000E+00  0.0000E+00  0.0000E+00  0.0000E+00  0.0000E+00  0.0000E+00  0.0000E+00
      7.322  0.0000E+00  0.0000E+00  0.0000E+00  0.0000E+00  0.0000E+00  0.0000E+00  0.0000E+00  0.0000E+00  0.0000E+00  0.0000E+00  0.0000E+00  0.0000E+00  0.0000E+00  0.0000E+00  0.0000E+00  0.0000E+00  0.0000E+00  0.0000E+00
      7.332  0.0000E+00  0.0000E+00  0.0000E+00  0.0000E+00  0.0000E+00  0.0000E+00  0.0000E+00  0.0000E+00  0.0000E+00  0.0000E+00  0.0000E+00  0.0000E+00  0.0000E+00  0.0000E+00  0.0000E+00  0.0000E+00  0.0000E+00  0.0000E+00
      7.342  0.0000E+00  0.0000E+00  0.0000E+00  0.0000E+00  0.0000E+00  0.0000E+00  0.0000E+00  0.0000E+00  0.0000E+00  0.0000E+00  0.0000E+00  0.0000E+00  0.0000E+00  0.0000E+00  0.0000E+00  0.0000E+00  0.0000E+00  0.0000E+00
      7.352  0.0000E+00  0.0000E+00  0.0000E+00  0.0000E+00  0.0000E+00  0.0000E+00  0.0000E+00  0.0000E+00  0.0000E+00  0.0000E+00  0.0000E+00  0.0000E+00  0.0000E+00  0.0000E+00  0.0000E+00  0.0000E+00  0.0000E+00  0.0000E+00
      7.362  0.0000E+00  0.0000E+00  0.0000E+00  0.0000E+00  0.0000E+00  0.0000E+00  0.0000E+00  0.0000E+00  0.0000E+00  0.0000E+00  0.0000E+00  0.0000E+00  0.0000E+00  0.0000E+00  0.0000E+00  0.0000E+00  0.0000E+00  0.0000E+00
      7.372  0.0000E+00  0.0000E+00  0.0000E+00  0.0000E+00  0.0000E+00  0.0000E+00  0.0000E+00  0.0000E+00  0.0000E+00  0.0000E+00  0.0000E+00  0.0000E+00  0.0000E+00  0.0000E+00  0.0000E+00  0.0000E+00  0.0000E+00  0.0000E+00
      7.382  0.0000E+00  0.0000E+00  0.0000E+00  0.0000E+00  0.0000E+00  0.0000E+00  0.0000E+00  0.0000E+00  0.0000E+00  0.0000E+00  0.0000E+00  0.0000E+00  0.0000E+00  0.0000E+00  0.0000E+00  0.0000E+00  0.0000E+00  0.0000E+00
      7.392  0.0000E+00  0.0000E+00  0.0000E+00  0.0000E+00  0.0000E+00  0.0000E+00  0.0000E+00  0.0000E+00  0.0000E+00  0.0000E+00  0.0000E+00  0.0000E+00  0.0000E+00  0.0000E+00  0.0000E+00  0.0000E+00  0.0000E+00  0.0000E+00
      7.402  0.0000E+00  0.0000E+00  0.0000E+00  0.0000E+00  0.0000E+00  0.0000E+00  0.0000E+00  0.0000E+00  0.0000E+00  0.0000E+00  0.0000E+00  0.0000E+00  0.0000E+00  0.0000E+00  0.0000E+00  0.0000E+00  0.0000E+00  0.0000E+00
      7.412  0.0000E+00  0.0000E+00  0.0000E+00  0.0000E+00  0.0000E+00  0.0000E+00  0.0000E+00  0.0000E+00  0.0000E+00  0.0000E+00  0.0000E+00  0.0000E+00  0.0000E+00  0.0000E+00  0.0000E+00  0.0000E+00  0.0000E+00  0.0000E+00
      7.422  0.0000E+00  0.0000E+00  0.0000E+00  0.0000E+00  0.0000E+00  0.0000E+00  0.0000E+00  0.0000E+00  0.0000E+00  0.0000E+00  0.0000E+00  0.0000E+00  0.0000E+00  0.0000E+00  0.0000E+00  0.0000E+00  0.0000E+00  0.0000E+00
      7.432  0.0000E+00  0.0000E+00  0.0000E+00  0.0000E+00  0.0000E+00  0.0000E+00  0.0000E+00  0.0000E+00  0.0000E+00  0.0000E+00  0.0000E+00  0.0000E+00  0.0000E+00  0.0000E+00  0.0000E+00  0.0000E+00  0.0000E+00  0.0000E+00
      7.442  0.0000E+00  0.0000E+00  0.0000E+00  0.0000E+00  0.0000E+00  0.0000E+00  0.0000E+00  0.0000E+00  0.0000E+00  0.0000E+00  0.0000E+00  0.0000E+00  0.0000E+00  0.0000E+00  0.0000E+00  0.0000E+00  0.0000E+00  0.0000E+00
      7.452  0.0000E+00  0.0000E+00  0.0000E+00  0.0000E+00  0.0000E+00  0.0000E+00  0.0000E+00  0.0000E+00  0.0000E+00  0.0000E+00  0.0000E+00  0.0000E+00  0.0000E+00  0.0000E+00  0.0000E+00  0.0000E+00  0.0000E+00  0.0000E+00
      7.462  0.0000E+00  0.0000E+00  0.0000E+00  0.0000E+00  0.0000E+00  0.0000E+00  0.0000E+00  0.0000E+00  0.0000E+00  0.0000E+00  0.0000E+00  0.0000E+00  0.0000E+00  0.0000E+00  0.0000E+00  0.0000E+00  0.0000E+00  0.0000E+00
      7.472  0.0000E+00  0.0000E+00  0.0000E+00  0.0000E+00  0.0000E+00  0.0000E+00  0.0000E+00  0.0000E+00  0.0000E+00  0.0000E+00  0.0000E+00  0.0000E+00  0.0000E+00  0.0000E+00  0.0000E+00  0.0000E+00  0.0000E+00  0.0000E+00
      7.482  0.0000E+00  0.0000E+00  0.0000E+00  0.0000E+00  0.0000E+00  0.0000E+00  0.0000E+00  0.0000E+00  0.0000E+00  0.0000E+00  0.0000E+00  0.0000E+00  0.0000E+00  0.0000E+00  0.0000E+00  0.0000E+00  0.0000E+00  0.0000E+00
      7.492  0.0000E+00  0.0000E+00  0.0000E+00  0.0000E+00  0.0000E+00  0.0000E+00  0.0000E+00  0.0000E+00  0.0000E+00  0.0000E+00  0.0000E+00  0.0000E+00  0.0000E+00  0.0000E+00  0.0000E+00  0.0000E+00  0.0000E+00  0.0000E+00
      7.502  0.0000E+00  0.0000E+00  0.0000E+00  0.0000E+00  0.0000E+00  0.0000E+00  0.0000E+00  0.0000E+00  0.0000E+00  0.0000E+00  0.0000E+00  0.0000E+00  0.0000E+00  0.0000E+00  0.0000E+00  0.0000E+00  0.0000E+00  0.0000E+00
      7.512  0.0000E+00  0.0000E+00  0.0000E+00  0.0000E+00  0.0000E+00  0.0000E+00  0.0000E+00  0.0000E+00  0.0000E+00  0.0000E+00  0.0000E+00  0.0000E+00  0.0000E+00  0.0000E+00  0.0000E+00  0.0000E+00  0.0000E+00  0.0000E+00
      7.522  0.0000E+00  0.0000E+00  0.0000E+00  0.0000E+00  0.0000E+00  0.0000E+00  0.0000E+00  0.0000E+00  0.0000E+00  0.0000E+00  0.0000E+00  0.0000E+00  0.0000E+00  0.0000E+00  0.0000E+00  0.0000E+00  0.0000E+00  0.0000E+00
      7.532  0.0000E+00  0.0000E+00  0.0000E+00  0.0000E+00  0.0000E+00  0.0000E+00  0.0000E+00  0.0000E+00  0.0000E+00  0.0000E+00  0.0000E+00  0.0000E+00  0.0000E+00  0.0000E+00  0.0000E+00  0.0000E+00  0.0000E+00  0.0000E+00
      7.542  0.0000E+00  0.0000E+00  0.0000E+00  0.0000E+00  0.0000E+00  0.0000E+00  0.0000E+00  0.0000E+00  0.0000E+00  0.0000E+00  0.0000E+00  0.0000E+00  0.0000E+00  0.0000E+00  0.0000E+00  0.0000E+00  0.0000E+00  0.0000E+00
      7.552  0.0000E+00  0.0000E+00  0.0000E+00  0.0000E+00  0.0000E+00  0.0000E+00  0.0000E+00  0.0000E+00  0.0000E+00  0.0000E+00  0.0000E+00  0.0000E+00  0.0000E+00  0.0000E+00  0.0000E+00  0.0000E+00  0.0000E+00  0.0000E+00
      7.562  0.0000E+00  0.0000E+00  0.0000E+00  0.0000E+00  0.0000E+00  0.0000E+00  0.0000E+00  0.0000E+00  0.0000E+00  0.0000E+00  0.0000E+00  0.0000E+00  0.0000E+00  0.0000E+00  0.0000E+00  0.0000E+00  0.0000E+00  0.0000E+00
      7.572  0.0000E+00  0.0000E+00  0.0000E+00  0.0000E+00  0.0000E+00  0.0000E+00  0.0000E+00  0.0000E+00  0.0000E+00  0.0000E+00  0.0000E+00  0.0000E+00  0.0000E+00  0.0000E+00  0.0000E+00  0.0000E+00  0.0000E+00  0.0000E+00
      7.582  0.0000E+00  0.0000E+00  0.0000E+00  0.0000E+00  0.0000E+00  0.0000E+00  0.0000E+00  0.0000E+00  0.0000E+00  0.0000E+00  0.0000E+00  0.0000E+00  0.0000E+00  0.0000E+00  0.0000E+00  0.0000E+00  0.0000E+00  0.0000E+00
      7.592  0.0000E+00  0.0000E+00  0.0000E+00  0.0000E+00  0.0000E+00  0.0000E+00  0.0000E+00  0.0000E+00  0.0000E+00  0.0000E+00  0.0000E+00  0.0000E+00  0.0000E+00  0.0000E+00  0.0000E+00  0.0000E+00  0.0000E+00  0.0000E+00
      7.602  0.0000E+00  0.0000E+00  0.0000E+00  0.0000E+00  0.0000E+00  0.0000E+00  0.0000E+00  0.0000E+00  0.0000E+00  0.0000E+00  0.0000E+00  0.0000E+00  0.0000E+00  0.0000E+00  0.0000E+00  0.0000E+00  0.0000E+00  0.0000E+00
      7.612  0.0000E+00  0.0000E+00  0.0000E+00  0.0000E+00  0.0000E+00  0.0000E+00  0.0000E+00  0.0000E+00  0.0000E+00  0.0000E+00  0.0000E+00  0.0000E+00  0.0000E+00  0.0000E+00  0.0000E+00  0.0000E+00  0.0000E+00  0.0000E+00
      7.622  0.0000E+00  0.0000E+00  0.0000E+00  0.0000E+00  0.0000E+00  0.0000E+00  0.0000E+00  0.0000E+00  0.0000E+00  0.0000E+00  0.0000E+00  0.0000E+00  0.0000E+00  0.0000E+00  0.0000E+00  0.0000E+00  0.0000E+00  0.0000E+00
      7.632  0.0000E+00  0.0000E+00  0.0000E+00  0.0000E+00  0.0000E+00  0.0000E+00  0.0000E+00  0.0000E+00  0.0000E+00  0.0000E+00  0.0000E+00  0.0000E+00  0.0000E+00  0.0000E+00  0.0000E+00  0.0000E+00  0.0000E+00  0.0000E+00
      7.642  0.0000E+00  0.0000E+00  0.0000E+00  0.0000E+00  0.0000E+00  0.0000E+00  0.0000E+00  0.0000E+00  0.0000E+00  0.0000E+00  0.0000E+00  0.0000E+00  0.0000E+00  0.0000E+00  0.0000E+00  0.0000E+00  0.0000E+00  0.0000E+00
      7.652  0.0000E+00  0.0000E+00  0.0000E+00  0.0000E+00  0.0000E+00  0.0000E+00  0.0000E+00  0.0000E+00  0.0000E+00  0.0000E+00  0.0000E+00  0.0000E+00  0.0000E+00  0.0000E+00  0.0000E+00  0.0000E+00  0.0000E+00  0.0000E+00
      7.662  0.0000E+00  0.0000E+00  0.0000E+00  0.0000E+00  0.0000E+00  0.0000E+00  0.0000E+00  0.0000E+00  0.0000E+00  0.0000E+00  0.0000E+00  0.0000E+00  0.0000E+00  0.0000E+00  0.0000E+00  0.0000E+00  0.0000E+00  0.0000E+00
      7.672  0.0000E+00  0.0000E+00  0.0000E+00  0.0000E+00  0.0000E+00  0.0000E+00  0.0000E+00  0.0000E+00  0.0000E+00  0.0000E+00  0.0000E+00  0.0000E+00  0.0000E+00  0.0000E+00  0.0000E+00  0.0000E+00  0.0000E+00  0.0000E+00
      7.682  0.0000E+00  0.0000E+00  0.0000E+00  0.0000E+00  0.0000E+00  0.0000E+00  0.0000E+00  0.0000E+00  0.0000E+00  0.0000E+00  0.0000E+00  0.0000E+00  0.0000E+00  0.0000E+00  0.0000E+00  0.0000E+00  0.0000E+00  0.0000E+00
      7.692  0.0000E+00  0.0000E+00  0.0000E+00  0.0000E+00  0.0000E+00  0.0000E+00  0.0000E+00  0.0000E+00  0.0000E+00  0.0000E+00  0.0000E+00  0.0000E+00  0.0000E+00  0.0000E+00  0.0000E+00  0.0000E+00  0.0000E+00  0.0000E+00
      7.702  0.0000E+00  0.0000E+00  0.0000E+00  0.0000E+00  0.0000E+00  0.0000E+00  0.0000E+00  0.0000E+00  0.0000E+00  0.0000E+00  0.0000E+00  0.0000E+00  0.0000E+00  0.0000E+00  0.0000E+00  0.0000E+00  0.0000E+00  0.0000E+00
      7.712  0.0000E+00  0.0000E+00  0.0000E+00  0.0000E+00  0.0000E+00  0.0000E+00  0.0000E+00  0.0000E+00  0.0000E+00  0.0000E+00  0.0000E+00  0.0000E+00  0.0000E+00  0.0000E+00  0.0000E+00  0.0000E+00  0.0000E+00  0.0000E+00
      7.722  0.0000E+00  0.0000E+00  0.0000E+00  0.0000E+00  0.0000E+00  0.0000E+00  0.0000E+00  0.0000E+00  0.0000E+00  0.0000E+00  0.0000E+00  0.0000E+00  0.0000E+00  0.0000E+00  0.0000E+00  0.0000E+00  0.0000E+00  0.0000E+00
      7.732  0.0000E+00  0.0000E+00  0.0000E+00  0.0000E+00  0.0000E+00  0.0000E+00  0.0000E+00  0.0000E+00  0.0000E+00  0.0000E+00  0.0000E+00  0.0000E+00  0.0000E+00  0.0000E+00  0.0000E+00  0.0000E+00  0.0000E+00  0.0000E+00
      7.742  0.0000E+00  0.0000E+00  0.0000E+00  0.0000E+00  0.0000E+00  0.0000E+00  0.0000E+00  0.0000E+00  0.0000E+00  0.0000E+00  0.0000E+00  0.0000E+00  0.0000E+00  0.0000E+00  0.0000E+00  0.0000E+00  0.0000E+00  0.0000E+00
      7.752  0.0000E+00  0.0000E+00  0.0000E+00  0.0000E+00  0.0000E+00  0.0000E+00  0.0000E+00  0.0000E+00  0.0000E+00  0.0000E+00  0.0000E+00  0.0000E+00  0.0000E+00  0.0000E+00  0.0000E+00  0.0000E+00  0.0000E+00  0.0000E+00
      7.762  0.0000E+00  0.0000E+00  0.0000E+00  0.0000E+00  0.0000E+00  0.0000E+00  0.0000E+00  0.0000E+00  0.0000E+00  0.0000E+00  0.0000E+00  0.0000E+00  0.0000E+00  0.0000E+00  0.0000E+00  0.0000E+00  0.0000E+00  0.0000E+00
      7.772  0.0000E+00  0.0000E+00  0.0000E+00  0.0000E+00  0.0000E+00  0.0000E+00  0.0000E+00  0.0000E+00  0.0000E+00  0.0000E+00  0.0000E+00  0.0000E+00  0.0000E+00  0.0000E+00  0.0000E+00  0.0000E+00  0.0000E+00  0.0000E+00
      7.782  0.0000E+00  0.0000E+00  0.0000E+00  0.0000E+00  0.0000E+00  0.0000E+00  0.0000E+00  0.0000E+00  0.0000E+00  0.0000E+00  0.0000E+00  0.0000E+00  0.0000E+00  0.0000E+00  0.0000E+00  0.0000E+00  0.0000E+00  0.0000E+00
      7.792  0.0000E+00  0.0000E+00  0.0000E+00  0.0000E+00  0.0000E+00  0.0000E+00  0.0000E+00  0.0000E+00  0.0000E+00  0.0000E+00  0.0000E+00  0.0000E+00  0.0000E+00  0.0000E+00  0.0000E+00  0.0000E+00  0.0000E+00  0.0000E+00
      7.802  0.0000E+00  0.0000E+00  0.0000E+00  0.0000E+00  0.0000E+00  0.0000E+00  0.0000E+00  0.0000E+00  0.0000E+00  0.0000E+00  0.0000E+00  0.0000E+00  0.0000E+00  0.0000E+00  0.0000E+00  0.0000E+00  0.0000E+00  0.0000E+00
      7.812  0.0000E+00  0.0000E+00  0.0000E+00  0.0000E+00  0.0000E+00  0.0000E+00  0.0000E+00  0.0000E+00  0.0000E+00  0.0000E+00  0.0000E+00  0.0000E+00  0.0000E+00  0.0000E+00  0.0000E+00  0.0000E+00  0.0000E+00  0.0000E+00
      7.822  0.0000E+00  0.0000E+00  0.0000E+00  0.0000E+00  0.0000E+00  0.0000E+00  0.0000E+00  0.0000E+00  0.0000E+00  0.0000E+00  0.0000E+00  0.0000E+00  0.0000E+00  0.0000E+00  0.0000E+00  0.0000E+00  0.0000E+00  0.0000E+00
      7.832  0.0000E+00  0.0000E+00  0.0000E+00  0.0000E+00  0.0000E+00  0.0000E+00  0.0000E+00  0.0000E+00  0.0000E+00  0.0000E+00  0.0000E+00  0.0000E+00  0.0000E+00  0.0000E+00  0.0000E+00  0.0000E+00  0.0000E+00  0.0000E+00
      7.842  0.0000E+00  0.0000E+00  0.0000E+00  0.0000E+00  0.0000E+00  0.0000E+00  0.0000E+00  0.0000E+00  0.0000E+00  0.0000E+00  0.0000E+00  0.0000E+00  0.0000E+00  0.0000E+00  0.0000E+00  0.0000E+00  0.0000E+00  0.0000E+00
      7.852  0.0000E+00  0.0000E+00  0.0000E+00  0.0000E+00  0.0000E+00  0.0000E+00  0.0000E+00  0.0000E+00  0.0000E+00  0.0000E+00  0.0000E+00  0.0000E+00  0.0000E+00  0.0000E+00  0.0000E+00  0.0000E+00  0.0000E+00  0.0000E+00
      7.862  0.0000E+00  0.0000E+00  0.0000E+00  0.0000E+00  0.0000E+00  0.0000E+00  0.0000E+00  0.0000E+00  0.0000E+00  0.0000E+00  0.0000E+00  0.0000E+00  0.0000E+00  0.0000E+00  0.0000E+00  0.0000E+00  0.0000E+00  0.0000E+00
      7.872  0.0000E+00  0.0000E+00  0.0000E+00  0.0000E+00  0.0000E+00  0.0000E+00  0.0000E+00  0.0000E+00  0.0000E+00  0.0000E+00  0.0000E+00  0.0000E+00  0.0000E+00  0.0000E+00  0.0000E+00  0.0000E+00  0.0000E+00  0.0000E+00
      7.882  0.0000E+00  0.0000E+00  0.0000E+00  0.0000E+00  0.0000E+00  0.0000E+00  0.0000E+00  0.0000E+00  0.0000E+00  0.0000E+00  0.0000E+00  0.0000E+00  0.0000E+00  0.0000E+00  0.0000E+00  0.0000E+00  0.0000E+00  0.0000E+00
      7.892  0.0000E+00  0.0000E+00  0.0000E+00  0.0000E+00  0.0000E+00  0.0000E+00  0.0000E+00  0.0000E+00  0.0000E+00  0.0000E+00  0.0000E+00  0.0000E+00  0.0000E+00  0.0000E+00  0.0000E+00  0.0000E+00  0.0000E+00  0.0000E+00
      7.902  0.0000E+00  0.0000E+00  0.0000E+00  0.0000E+00  0.0000E+00  0.0000E+00  0.0000E+00  0.0000E+00  0.0000E+00  0.0000E+00  0.0000E+00  0.0000E+00  0.0000E+00  0.0000E+00  0.0000E+00  0.0000E+00  0.0000E+00  0.0000E+00
      7.912  0.0000E+00  0.0000E+00  0.0000E+00  0.0000E+00  0.0000E+00  0.0000E+00  0.0000E+00  0.0000E+00  0.0000E+00  0.0000E+00  0.0000E+00  0.0000E+00  0.0000E+00  0.0000E+00  0.0000E+00  0.0000E+00  0.0000E+00  0.0000E+00
      7.923  0.0000E+00  0.0000E+00  0.0000E+00  0.0000E+00  0.0000E+00  0.0000E+00  0.0000E+00  0.0000E+00  0.0000E+00  0.0000E+00  0.0000E+00  0.0000E+00  0.0000E+00  0.0000E+00  0.0000E+00  0.0000E+00  0.0000E+00  0.0000E+00
      7.933  0.0000E+00  0.0000E+00  0.0000E+00  0.0000E+00  0.0000E+00  0.0000E+00  0.0000E+00  0.0000E+00  0.0000E+00  0.0000E+00  0.0000E+00  0.0000E+00  0.0000E+00  0.0000E+00  0.0000E+00  0.0000E+00  0.0000E+00  0.0000E+00
      7.943  0.0000E+00  0.0000E+00  0.0000E+00  0.0000E+00  0.0000E+00  0.0000E+00  0.0000E+00  0.0000E+00  0.0000E+00  0.0000E+00  0.0000E+00  0.0000E+00  0.0000E+00  0.0000E+00  0.0000E+00  0.0000E+00  0.0000E+00  0.0000E+00
      7.953  0.0000E+00  0.0000E+00  0.0000E+00  0.0000E+00  0.0000E+00  0.0000E+00  0.0000E+00  0.0000E+00  0.0000E+00  0.0000E+00  0.0000E+00  0.0000E+00  0.0000E+00  0.0000E+00  0.0000E+00  0.0000E+00  0.0000E+00  0.0000E+00
      7.963  0.0000E+00  0.0000E+00  0.0000E+00  0.0000E+00  0.0000E+00  0.0000E+00  0.0000E+00  0.0000E+00  0.0000E+00  0.0000E+00  0.0000E+00  0.0000E+00  0.0000E+00  0.0000E+00  0.0000E+00  0.0000E+00  0.0000E+00  0.0000E+00
      7.973  0.0000E+00  0.0000E+00  0.0000E+00  0.0000E+00  0.0000E+00  0.0000E+00  0.0000E+00  0.0000E+00  0.0000E+00  0.0000E+00  0.0000E+00  0.0000E+00  0.0000E+00  0.0000E+00  0.0000E+00  0.0000E+00  0.0000E+00  0.0000E+00
      7.983  0.0000E+00  0.0000E+00  0.0000E+00  0.0000E+00  0.0000E+00  0.0000E+00  0.0000E+00  0.0000E+00  0.0000E+00  0.0000E+00  0.0000E+00  0.0000E+00  0.0000E+00  0.0000E+00  0.0000E+00  0.0000E+00  0.0000E+00  0.0000E+00
      7.993  0.0000E+00  0.0000E+00  0.0000E+00  0.0000E+00  0.0000E+00  0.0000E+00  0.0000E+00  0.0000E+00  0.0000E+00  0.0000E+00  0.0000E+00  0.0000E+00  0.0000E+00  0.0000E+00  0.0000E+00  0.0000E+00  0.0000E+00  0.0000E+00
      8.003  0.0000E+00  0.0000E+00  0.0000E+00  0.0000E+00  0.0000E+00  0.0000E+00  0.0000E+00  0.0000E+00  0.0000E+00  0.0000E+00  0.0000E+00  0.0000E+00  0.0000E+00  0.0000E+00  0.0000E+00  0.0000E+00  0.0000E+00  0.0000E+00
      8.013  0.0000E+00  0.0000E+00  0.0000E+00  0.0000E+00  0.0000E+00  0.0000E+00  0.0000E+00  0.0000E+00  0.0000E+00  0.0000E+00  0.0000E+00  0.0000E+00  0.0000E+00  0.0000E+00  0.0000E+00  0.0000E+00  0.0000E+00  0.0000E+00
      8.023  0.0000E+00  0.0000E+00  0.0000E+00  0.0000E+00  0.0000E+00  0.0000E+00  0.0000E+00  0.0000E+00  0.0000E+00  0.0000E+00  0.0000E+00  0.0000E+00  0.0000E+00  0.0000E+00  0.0000E+00  0.0000E+00  0.0000E+00  0.0000E+00
      8.033  0.0000E+00  0.0000E+00  0.0000E+00  0.0000E+00  0.0000E+00  0.0000E+00  0.0000E+00  0.0000E+00  0.0000E+00  0.0000E+00  0.0000E+00  0.0000E+00  0.0000E+00  0.0000E+00  0.0000E+00  0.0000E+00  0.0000E+00  0.0000E+00
      8.043  0.0000E+00  0.0000E+00  0.0000E+00  0.0000E+00  0.0000E+00  0.0000E+00  0.0000E+00  0.0000E+00  0.0000E+00  0.0000E+00  0.0000E+00  0.0000E+00  0.0000E+00  0.0000E+00  0.0000E+00  0.0000E+00  0.0000E+00  0.0000E+00
      8.053  0.0000E+00  0.0000E+00  0.0000E+00  0.0000E+00  0.0000E+00  0.0000E+00  0.0000E+00  0.0000E+00  0.0000E+00  0.0000E+00  0.0000E+00  0.0000E+00  0.0000E+00  0.0000E+00  0.0000E+00  0.0000E+00  0.0000E+00  0.0000E+00
      8.063  0.0000E+00  0.0000E+00  0.0000E+00  0.0000E+00  0.0000E+00  0.0000E+00  0.0000E+00  0.0000E+00  0.0000E+00  0.0000E+00  0.0000E+00  0.0000E+00  0.0000E+00  0.0000E+00  0.0000E+00  0.0000E+00  0.0000E+00  0.0000E+00
      8.073  0.0000E+00  0.0000E+00  0.0000E+00  0.0000E+00  0.0000E+00  0.0000E+00  0.0000E+00  0.0000E+00  0.0000E+00  0.0000E+00  0.0000E+00  0.0000E+00  0.0000E+00  0.0000E+00  0.0000E+00  0.0000E+00  0.0000E+00  0.0000E+00
      8.083  0.0000E+00  0.0000E+00  0.0000E+00  0.0000E+00  0.0000E+00  0.0000E+00  0.0000E+00  0.0000E+00  0.0000E+00  0.0000E+00  0.0000E+00  0.0000E+00  0.0000E+00  0.0000E+00  0.0000E+00  0.0000E+00  0.0000E+00  0.0000E+00
      8.093  0.0000E+00  0.0000E+00  0.0000E+00  0.0000E+00  0.0000E+00  0.0000E+00  0.0000E+00  0.0000E+00  0.0000E+00  0.0000E+00  0.0000E+00  0.0000E+00  0.0000E+00  0.0000E+00  0.0000E+00  0.0000E+00  0.0000E+00  0.0000E+00
      8.103  0.0000E+00  0.0000E+00  0.0000E+00  0.0000E+00  0.0000E+00  0.0000E+00  0.0000E+00  0.0000E+00  0.0000E+00  0.0000E+00  0.0000E+00  0.0000E+00  0.0000E+00  0.0000E+00  0.0000E+00  0.0000E+00  0.0000E+00  0.0000E+00
      8.113  0.0000E+00  0.0000E+00  0.0000E+00  0.0000E+00  0.0000E+00  0.0000E+00  0.0000E+00  0.0000E+00  0.0000E+00  0.0000E+00  0.0000E+00  0.0000E+00  0.0000E+00  0.0000E+00  0.0000E+00  0.0000E+00  0.0000E+00  0.0000E+00
      8.123  0.0000E+00  0.0000E+00  0.0000E+00  0.0000E+00  0.0000E+00  0.0000E+00  0.0000E+00  0.0000E+00  0.0000E+00  0.0000E+00  0.0000E+00  0.0000E+00  0.0000E+00  0.0000E+00  0.0000E+00  0.0000E+00  0.0000E+00  0.0000E+00
      8.133  0.0000E+00  0.0000E+00  0.0000E+00  0.0000E+00  0.0000E+00  0.0000E+00  0.0000E+00  0.0000E+00  0.0000E+00  0.0000E+00  0.0000E+00  0.0000E+00  0.0000E+00  0.0000E+00  0.0000E+00  0.0000E+00  0.0000E+00  0.0000E+00
      8.143  0.0000E+00  0.0000E+00  0.0000E+00  0.0000E+00  0.0000E+00  0.0000E+00  0.0000E+00  0.0000E+00  0.0000E+00  0.0000E+00  0.0000E+00  0.0000E+00  0.0000E+00  0.0000E+00  0.0000E+00  0.0000E+00  0.0000E+00  0.0000E+00
      8.153  0.0000E+00  0.0000E+00  0.0000E+00  0.0000E+00  0.0000E+00  0.0000E+00  0.0000E+00  0.0000E+00  0.0000E+00  0.0000E+00  0.0000E+00  0.0000E+00  0.0000E+00  0.0000E+00  0.0000E+00  0.0000E+00  0.0000E+00  0.0000E+00
      8.163  0.0000E+00  0.0000E+00  0.0000E+00  0.0000E+00  0.0000E+00  0.0000E+00  0.0000E+00  0.0000E+00  0.0000E+00  0.0000E+00  0.0000E+00  0.0000E+00  0.0000E+00  0.0000E+00  0.0000E+00  0.0000E+00  0.0000E+00  0.0000E+00
      8.173  0.0000E+00  0.0000E+00  0.0000E+00  0.0000E+00  0.0000E+00  0.0000E+00  0.0000E+00  0.0000E+00  0.0000E+00  0.0000E+00  0.0000E+00  0.0000E+00  0.0000E+00  0.0000E+00  0.0000E+00  0.0000E+00  0.0000E+00  0.0000E+00
      8.183  0.0000E+00  0.0000E+00  0.0000E+00  0.0000E+00  0.0000E+00  0.0000E+00  0.0000E+00  0.0000E+00  0.0000E+00  0.0000E+00  0.0000E+00  0.0000E+00  0.0000E+00  0.0000E+00  0.0000E+00  0.0000E+00  0.0000E+00  0.0000E+00
      8.193  0.0000E+00  0.0000E+00  0.0000E+00  0.0000E+00  0.0000E+00  0.0000E+00  0.0000E+00  0.0000E+00  0.0000E+00  0.0000E+00  0.0000E+00  0.0000E+00  0.0000E+00  0.0000E+00  0.0000E+00  0.0000E+00  0.0000E+00  0.0000E+00
      8.203  0.0000E+00  0.0000E+00  0.0000E+00  0.0000E+00  0.0000E+00  0.0000E+00  0.0000E+00  0.0000E+00  0.0000E+00  0.0000E+00  0.0000E+00  0.0000E+00  0.0000E+00  0.0000E+00  0.0000E+00  0.0000E+00  0.0000E+00  0.0000E+00
      8.213  0.0000E+00  0.0000E+00  0.0000E+00  0.0000E+00  0.0000E+00  0.0000E+00  0.0000E+00  0.0000E+00  0.0000E+00  0.0000E+00  0.0000E+00  0.0000E+00  0.0000E+00  0.0000E+00  0.0000E+00  0.0000E+00  0.0000E+00  0.0000E+00
      8.223  0.0000E+00  0.0000E+00  0.0000E+00  0.0000E+00  0.0000E+00  0.0000E+00  0.0000E+00  0.0000E+00  0.0000E+00  0.0000E+00  0.0000E+00  0.0000E+00  0.0000E+00  0.0000E+00  0.0000E+00  0.0000E+00  0.0000E+00  0.0000E+00
      8.233  0.0000E+00  0.0000E+00  0.0000E+00  0.0000E+00  0.0000E+00  0.0000E+00  0.0000E+00  0.0000E+00  0.0000E+00  0.0000E+00  0.0000E+00  0.0000E+00  0.0000E+00  0.0000E+00  0.0000E+00  0.0000E+00  0.0000E+00  0.0000E+00
      8.243  0.0000E+00  0.0000E+00  0.0000E+00  0.0000E+00  0.0000E+00  0.0000E+00  0.0000E+00  0.0000E+00  0.0000E+00  0.0000E+00  0.0000E+00  0.0000E+00  0.0000E+00  0.0000E+00  0.0000E+00  0.0000E+00  0.0000E+00  0.0000E+00
      8.253  0.0000E+00  0.0000E+00  0.0000E+00  0.0000E+00  0.0000E+00  0.0000E+00  0.0000E+00  0.0000E+00  0.0000E+00  0.0000E+00  0.0000E+00  0.0000E+00  0.0000E+00  0.0000E+00  0.0000E+00  0.0000E+00  0.0000E+00  0.0000E+00
      8.263  0.0000E+00  0.0000E+00  0.0000E+00  0.0000E+00  0.0000E+00  0.0000E+00  0.0000E+00  0.0000E+00  0.0000E+00  0.0000E+00  0.0000E+00  0.0000E+00  0.0000E+00  0.0000E+00  0.0000E+00  0.0000E+00  0.0000E+00  0.0000E+00
      8.273  0.0000E+00  0.0000E+00  0.0000E+00  0.0000E+00  0.0000E+00  0.0000E+00  0.0000E+00  0.0000E+00  0.0000E+00  0.0000E+00  0.0000E+00  0.0000E+00  0.0000E+00  0.0000E+00  0.0000E+00  0.0000E+00  0.0000E+00  0.0000E+00
      8.283  0.0000E+00  0.0000E+00  0.0000E+00  0.0000E+00  0.0000E+00  0.0000E+00  0.0000E+00  0.0000E+00  0.0000E+00  0.0000E+00  0.0000E+00  0.0000E+00  0.0000E+00  0.0000E+00  0.0000E+00  0.0000E+00  0.0000E+00  0.0000E+00
      8.293  0.0000E+00  0.0000E+00  0.0000E+00  0.0000E+00  0.0000E+00  0.0000E+00  0.0000E+00  0.0000E+00  0.0000E+00  0.0000E+00  0.0000E+00  0.0000E+00  0.0000E+00  0.0000E+00  0.0000E+00  0.0000E+00  0.0000E+00  0.0000E+00
      8.303  0.0000E+00  0.0000E+00  0.0000E+00  0.0000E+00  0.0000E+00  0.0000E+00  0.0000E+00  0.0000E+00  0.0000E+00  0.0000E+00  0.0000E+00  0.0000E+00  0.0000E+00  0.0000E+00  0.0000E+00  0.0000E+00  0.0000E+00  0.0000E+00
      8.313  0.0000E+00  0.0000E+00  0.0000E+00  0.0000E+00  0.0000E+00  0.0000E+00  0.0000E+00  0.0000E+00  0.0000E+00  0.0000E+00  0.0000E+00  0.0000E+00  0.0000E+00  0.0000E+00  0.0000E+00  0.0000E+00  0.0000E+00  0.0000E+00
      8.323  0.0000E+00  0.0000E+00  0.0000E+00  0.0000E+00  0.0000E+00  0.0000E+00  0.0000E+00  0.0000E+00  0.0000E+00  0.0000E+00  0.0000E+00  0.0000E+00  0.0000E+00  0.0000E+00  0.0000E+00  0.0000E+00  0.0000E+00  0.0000E+00
      8.333  0.0000E+00  0.0000E+00  0.0000E+00  0.0000E+00  0.0000E+00  0.0000E+00  0.0000E+00  0.0000E+00  0.0000E+00  0.0000E+00  0.0000E+00  0.0000E+00  0.0000E+00  0.0000E+00  0.0000E+00  0.0000E+00  0.0000E+00  0.0000E+00
      8.343  0.0000E+00  0.0000E+00  0.0000E+00  0.0000E+00  0.0000E+00  0.0000E+00  0.0000E+00  0.0000E+00  0.0000E+00  0.0000E+00  0.0000E+00  0.0000E+00  0.0000E+00  0.0000E+00  0.0000E+00  0.0000E+00  0.0000E+00  0.0000E+00
      8.353  0.0000E+00  0.0000E+00  0.0000E+00  0.0000E+00  0.0000E+00  0.0000E+00  0.0000E+00  0.0000E+00  0.0000E+00  0.0000E+00  0.0000E+00  0.0000E+00  0.0000E+00  0.0000E+00  0.0000E+00  0.0000E+00  0.0000E+00  0.0000E+00
      8.363  0.0000E+00  0.0000E+00  0.0000E+00  0.0000E+00  0.0000E+00  0.0000E+00  0.0000E+00  0.0000E+00  0.0000E+00  0.0000E+00  0.0000E+00  0.0000E+00  0.0000E+00  0.0000E+00  0.0000E+00  0.0000E+00  0.0000E+00  0.0000E+00
      8.373  0.0000E+00  0.0000E+00  0.0000E+00  0.0000E+00  0.0000E+00  0.0000E+00  0.0000E+00  0.0000E+00  0.0000E+00  0.0000E+00  0.0000E+00  0.0000E+00  0.0000E+00  0.0000E+00  0.0000E+00  0.0000E+00  0.0000E+00  0.0000E+00
      8.383  0.0000E+00  0.0000E+00  0.0000E+00  0.0000E+00  0.0000E+00  0.0000E+00  0.0000E+00  0.0000E+00  0.0000E+00  0.0000E+00  0.0000E+00  0.0000E+00  0.0000E+00  0.0000E+00  0.0000E+00  0.0000E+00  0.0000E+00  0.0000E+00
      8.393  0.0000E+00  0.0000E+00  0.0000E+00  0.0000E+00  0.0000E+00  0.0000E+00  0.0000E+00  0.0000E+00  0.0000E+00  0.0000E+00  0.0000E+00  0.0000E+00  0.0000E+00  0.0000E+00  0.0000E+00  0.0000E+00  0.0000E+00  0.0000E+00
      8.403  0.0000E+00  0.0000E+00  0.0000E+00  0.0000E+00  0.0000E+00  0.0000E+00  0.0000E+00  0.0000E+00  0.0000E+00  0.0000E+00  0.0000E+00  0.0000E+00  0.0000E+00  0.0000E+00  0.0000E+00  0.0000E+00  0.0000E+00  0.0000E+00
      8.413  0.0000E+00  0.0000E+00  0.0000E+00  0.0000E+00  0.0000E+00  0.0000E+00  0.0000E+00  0.0000E+00  0.0000E+00  0.0000E+00  0.0000E+00  0.0000E+00  0.0000E+00  0.0000E+00  0.0000E+00  0.0000E+00  0.0000E+00  0.0000E+00
      8.423  0.0000E+00  0.0000E+00  0.0000E+00  0.0000E+00  0.0000E+00  0.0000E+00  0.0000E+00  0.0000E+00  0.0000E+00  0.0000E+00  0.0000E+00  0.0000E+00  0.0000E+00  0.0000E+00  0.0000E+00  0.0000E+00  0.0000E+00  0.0000E+00
      8.433  0.0000E+00  0.0000E+00  0.0000E+00  0.0000E+00  0.0000E+00  0.0000E+00  0.0000E+00  0.0000E+00  0.0000E+00  0.0000E+00  0.0000E+00  0.0000E+00  0.0000E+00  0.0000E+00  0.0000E+00  0.0000E+00  0.0000E+00  0.0000E+00
      8.443  0.0000E+00  0.0000E+00  0.0000E+00  0.0000E+00  0.0000E+00  0.0000E+00  0.0000E+00  0.0000E+00  0.0000E+00  0.0000E+00  0.0000E+00  0.0000E+00  0.0000E+00  0.0000E+00  0.0000E+00  0.0000E+00  0.0000E+00  0.0000E+00
      8.453  0.0000E+00  0.0000E+00  0.0000E+00  0.0000E+00  0.0000E+00  0.0000E+00  0.0000E+00  0.0000E+00  0.0000E+00  0.0000E+00  0.0000E+00  0.0000E+00  0.0000E+00  0.0000E+00  0.0000E+00  0.0000E+00  0.0000E+00  0.0000E+00
      8.463  0.0000E+00  0.0000E+00  0.0000E+00  0.0000E+00  0.0000E+00  0.0000E+00  0.0000E+00  0.0000E+00  0.0000E+00  0.0000E+00  0.0000E+00  0.0000E+00  0.0000E+00  0.0000E+00  0.0000E+00  0.0000E+00  0.0000E+00  0.0000E+00
      8.473  0.0000E+00  0.0000E+00  0.0000E+00  0.0000E+00  0.0000E+00  0.0000E+00  0.0000E+00  0.0000E+00  0.0000E+00  0.0000E+00  0.0000E+00  0.0000E+00  0.0000E+00  0.0000E+00  0.0000E+00  0.0000E+00  0.0000E+00  0.0000E+00
      8.483  0.0000E+00  0.0000E+00  0.0000E+00  0.0000E+00  0.0000E+00  0.0000E+00  0.0000E+00  0.0000E+00  0.0000E+00  0.0000E+00  0.0000E+00  0.0000E+00  0.0000E+00  0.0000E+00  0.0000E+00  0.0000E+00  0.0000E+00  0.0000E+00
      8.493  0.0000E+00  0.0000E+00  0.0000E+00  0.0000E+00  0.0000E+00  0.0000E+00  0.0000E+00  0.0000E+00  0.0000E+00  0.0000E+00  0.0000E+00  0.0000E+00  0.0000E+00  0.0000E+00  0.0000E+00  0.0000E+00  0.0000E+00  0.0000E+00
      8.503  0.0000E+00  0.0000E+00  0.0000E+00  0.0000E+00  0.0000E+00  0.0000E+00  0.0000E+00  0.0000E+00  0.0000E+00  0.0000E+00  0.0000E+00  0.0000E+00  0.0000E+00  0.0000E+00  0.0000E+00  0.0000E+00  0.0000E+00  0.0000E+00
      8.513  0.0000E+00  0.0000E+00  0.0000E+00  0.0000E+00  0.0000E+00  0.0000E+00  0.0000E+00  0.0000E+00  0.0000E+00  0.0000E+00  0.0000E+00  0.0000E+00  0.0000E+00  0.0000E+00  0.0000E+00  0.0000E+00  0.0000E+00  0.0000E+00
      8.523  0.0000E+00  0.0000E+00  0.0000E+00  0.0000E+00  0.0000E+00  0.0000E+00  0.0000E+00  0.0000E+00  0.0000E+00  0.0000E+00  0.0000E+00  0.0000E+00  0.0000E+00  0.0000E+00  0.0000E+00  0.0000E+00  0.0000E+00  0.0000E+00
      8.533  0.0000E+00  0.0000E+00  0.0000E+00  0.0000E+00  0.0000E+00  0.0000E+00  0.0000E+00  0.0000E+00  0.0000E+00  0.0000E+00  0.0000E+00  0.0000E+00  0.0000E+00  0.0000E+00  0.0000E+00  0.0000E+00  0.0000E+00  0.0000E+00
      8.543  0.0000E+00  0.0000E+00  0.0000E+00  0.0000E+00  0.0000E+00  0.0000E+00  0.0000E+00  0.0000E+00  0.0000E+00  0.0000E+00  0.0000E+00  0.0000E+00  0.0000E+00  0.0000E+00  0.0000E+00  0.0000E+00  0.0000E+00  0.0000E+00
      8.553  0.0000E+00  0.0000E+00  0.0000E+00  0.0000E+00  0.0000E+00  0.0000E+00  0.0000E+00  0.0000E+00  0.0000E+00  0.0000E+00  0.0000E+00  0.0000E+00  0.0000E+00  0.0000E+00  0.0000E+00  0.0000E+00  0.0000E+00  0.0000E+00
      8.563  0.0000E+00  0.0000E+00  0.0000E+00  0.0000E+00  0.0000E+00  0.0000E+00  0.0000E+00  0.0000E+00  0.0000E+00  0.0000E+00  0.0000E+00  0.0000E+00  0.0000E+00  0.0000E+00  0.0000E+00  0.0000E+00  0.0000E+00  0.0000E+00
      8.573  0.0000E+00  0.0000E+00  0.0000E+00  0.0000E+00  0.0000E+00  0.0000E+00  0.0000E+00  0.0000E+00  0.0000E+00  0.0000E+00  0.0000E+00  0.0000E+00  0.0000E+00  0.0000E+00  0.0000E+00  0.0000E+00  0.0000E+00  0.0000E+00
      8.583  0.0000E+00  0.0000E+00  0.0000E+00  0.0000E+00  0.0000E+00  0.0000E+00  0.0000E+00  0.0000E+00  0.0000E+00  0.0000E+00  0.0000E+00  0.0000E+00  0.0000E+00  0.0000E+00  0.0000E+00  0.0000E+00  0.0000E+00  0.0000E+00
      8.593  0.0000E+00  0.0000E+00  0.0000E+00  0.0000E+00  0.0000E+00  0.0000E+00  0.0000E+00  0.0000E+00  0.0000E+00  0.0000E+00  0.0000E+00  0.0000E+00  0.0000E+00  0.0000E+00  0.0000E+00  0.0000E+00  0.0000E+00  0.0000E+00
      8.603  0.0000E+00  0.0000E+00  0.0000E+00  0.0000E+00  0.0000E+00  0.0000E+00  0.0000E+00  0.0000E+00  0.0000E+00  0.0000E+00  0.0000E+00  0.0000E+00  0.0000E+00  0.0000E+00  0.0000E+00  0.0000E+00  0.0000E+00  0.0000E+00
      8.613  0.0000E+00  0.0000E+00  0.0000E+00  0.0000E+00  0.0000E+00  0.0000E+00  0.0000E+00  0.0000E+00  0.0000E+00  0.0000E+00  0.0000E+00  0.0000E+00  0.0000E+00  0.0000E+00  0.0000E+00  0.0000E+00  0.0000E+00  0.0000E+00
      8.623  0.0000E+00  0.0000E+00  0.0000E+00  0.0000E+00  0.0000E+00  0.0000E+00  0.0000E+00  0.0000E+00  0.0000E+00  0.0000E+00  0.0000E+00  0.0000E+00  0.0000E+00  0.0000E+00  0.0000E+00  0.0000E+00  0.0000E+00  0.0000E+00
      8.633  0.0000E+00  0.0000E+00  0.0000E+00  0.0000E+00  0.0000E+00  0.0000E+00  0.0000E+00  0.0000E+00  0.0000E+00  0.0000E+00  0.0000E+00  0.0000E+00  0.0000E+00  0.0000E+00  0.0000E+00  0.0000E+00  0.0000E+00  0.0000E+00
      8.643  0.0000E+00  0.0000E+00  0.0000E+00  0.0000E+00  0.0000E+00  0.0000E+00  0.0000E+00  0.0000E+00  0.0000E+00  0.0000E+00  0.0000E+00  0.0000E+00  0.0000E+00  0.0000E+00  0.0000E+00  0.0000E+00  0.0000E+00  0.0000E+00
      8.653  0.0000E+00  0.0000E+00  0.0000E+00  0.0000E+00  0.0000E+00  0.0000E+00  0.0000E+00  0.0000E+00  0.0000E+00  0.0000E+00  0.0000E+00  0.0000E+00  0.0000E+00  0.0000E+00  0.0000E+00  0.0000E+00  0.0000E+00  0.0000E+00
      8.663  0.0000E+00  0.0000E+00  0.0000E+00  0.0000E+00  0.0000E+00  0.0000E+00  0.0000E+00  0.0000E+00  0.0000E+00  0.0000E+00  0.0000E+00  0.0000E+00  0.0000E+00  0.0000E+00  0.0000E+00  0.0000E+00  0.0000E+00  0.0000E+00
      8.673  0.0000E+00  0.0000E+00  0.0000E+00  0.0000E+00  0.0000E+00  0.0000E+00  0.0000E+00  0.0000E+00  0.0000E+00  0.0000E+00  0.0000E+00  0.0000E+00  0.0000E+00  0.0000E+00  0.0000E+00  0.0000E+00  0.0000E+00  0.0000E+00
      8.683  0.0000E+00  0.0000E+00  0.0000E+00  0.0000E+00  0.0000E+00  0.0000E+00  0.0000E+00  0.0000E+00  0.0000E+00  0.0000E+00  0.0000E+00  0.0000E+00  0.0000E+00  0.0000E+00  0.0000E+00  0.0000E+00  0.0000E+00  0.0000E+00
      8.693  0.0000E+00  0.0000E+00  0.0000E+00  0.0000E+00  0.0000E+00  0.0000E+00  0.0000E+00  0.0000E+00  0.0000E+00  0.0000E+00  0.0000E+00  0.0000E+00  0.0000E+00  0.0000E+00  0.0000E+00  0.0000E+00  0.0000E+00  0.0000E+00
      8.703  0.0000E+00  0.0000E+00  0.0000E+00  0.0000E+00  0.0000E+00  0.0000E+00  0.0000E+00  0.0000E+00  0.0000E+00  0.0000E+00  0.0000E+00  0.0000E+00  0.0000E+00  0.0000E+00  0.0000E+00  0.0000E+00  0.0000E+00  0.0000E+00
      8.713  0.0000E+00  0.0000E+00  0.0000E+00  0.0000E+00  0.0000E+00  0.0000E+00  0.0000E+00  0.0000E+00  0.0000E+00  0.0000E+00  0.0000E+00  0.0000E+00  0.0000E+00  0.0000E+00  0.0000E+00  0.0000E+00  0.0000E+00  0.0000E+00
      8.723  0.0000E+00  0.0000E+00  0.0000E+00  0.0000E+00  0.0000E+00  0.0000E+00  0.0000E+00  0.0000E+00  0.0000E+00  0.0000E+00  0.0000E+00  0.0000E+00  0.0000E+00  0.0000E+00  0.0000E+00  0.0000E+00  0.0000E+00  0.0000E+00
      8.733  0.0000E+00  0.0000E+00  0.0000E+00  0.0000E+00  0.0000E+00  0.0000E+00  0.0000E+00  0.0000E+00  0.0000E+00  0.0000E+00  0.0000E+00  0.0000E+00  0.0000E+00  0.0000E+00  0.0000E+00  0.0000E+00  0.0000E+00  0.0000E+00
      8.743  0.0000E+00  0.0000E+00  0.0000E+00  0.0000E+00  0.0000E+00  0.0000E+00  0.0000E+00  0.0000E+00  0.0000E+00  0.0000E+00  0.0000E+00  0.0000E+00  0.0000E+00  0.0000E+00  0.0000E+00  0.0000E+00  0.0000E+00  0.0000E+00
      8.753  0.0000E+00  0.0000E+00  0.0000E+00  0.0000E+00  0.0000E+00  0.0000E+00  0.0000E+00  0.0000E+00  0.0000E+00  0.0000E+00  0.0000E+00  0.0000E+00  0.0000E+00  0.0000E+00  0.0000E+00  0.0000E+00  0.0000E+00  0.0000E+00
      8.763  0.0000E+00  0.0000E+00  0.0000E+00  0.0000E+00  0.0000E+00  0.0000E+00  0.0000E+00  0.0000E+00  0.0000E+00  0.0000E+00  0.0000E+00  0.0000E+00  0.0000E+00  0.0000E+00  0.0000E+00  0.0000E+00  0.0000E+00  0.0000E+00
      8.773  0.0000E+00  0.0000E+00  0.0000E+00  0.0000E+00  0.0000E+00  0.0000E+00  0.0000E+00  0.0000E+00  0.0000E+00  0.0000E+00  0.0000E+00  0.0000E+00  0.0000E+00  0.0000E+00  0.0000E+00  0.0000E+00  0.0000E+00  0.0000E+00
      8.783  0.0000E+00  0.0000E+00  0.0000E+00  0.0000E+00  0.0000E+00  0.0000E+00  0.0000E+00  0.0000E+00  0.0000E+00  0.0000E+00  0.0000E+00  0.0000E+00  0.0000E+00  0.0000E+00  0.0000E+00  0.0000E+00  0.0000E+00  0.0000E+00
      8.793  0.0000E+00  0.0000E+00  0.0000E+00  0.0000E+00  0.0000E+00  0.0000E+00  0.0000E+00  0.0000E+00  0.0000E+00  0.0000E+00  0.0000E+00  0.0000E+00  0.0000E+00  0.0000E+00  0.0000E+00  0.0000E+00  0.0000E+00  0.0000E+00
      8.803  0.0000E+00  0.0000E+00  0.0000E+00  0.0000E+00  0.0000E+00  0.0000E+00  0.0000E+00  0.0000E+00  0.0000E+00  0.0000E+00  0.0000E+00  0.0000E+00  0.0000E+00  0.0000E+00  0.0000E+00  0.0000E+00  0.0000E+00  0.0000E+00
      8.813  0.0000E+00  0.0000E+00  0.0000E+00  0.0000E+00  0.0000E+00  0.0000E+00  0.0000E+00  0.0000E+00  0.0000E+00  0.0000E+00  0.0000E+00  0.0000E+00  0.0000E+00  0.0000E+00  0.0000E+00  0.0000E+00  0.0000E+00  0.0000E+00
      8.823  0.0000E+00  0.0000E+00  0.0000E+00  0.0000E+00  0.0000E+00  0.0000E+00  0.0000E+00  0.0000E+00  0.0000E+00  0.0000E+00  0.0000E+00  0.0000E+00  0.0000E+00  0.0000E+00  0.0000E+00  0.0000E+00  0.0000E+00  0.0000E+00
      8.833  0.0000E+00  0.0000E+00  0.0000E+00  0.0000E+00  0.0000E+00  0.0000E+00  0.0000E+00  0.0000E+00  0.0000E+00  0.0000E+00  0.0000E+00  0.0000E+00  0.0000E+00  0.0000E+00  0.0000E+00  0.0000E+00  0.0000E+00  0.0000E+00
      8.843  0.0000E+00  0.0000E+00  0.0000E+00  0.0000E+00  0.0000E+00  0.0000E+00  0.0000E+00  0.0000E+00  0.0000E+00  0.0000E+00  0.0000E+00  0.0000E+00  0.0000E+00  0.0000E+00  0.0000E+00  0.0000E+00  0.0000E+00  0.0000E+00
      8.853  0.0000E+00  0.0000E+00  0.0000E+00  0.0000E+00  0.0000E+00  0.0000E+00  0.0000E+00  0.0000E+00  0.0000E+00  0.0000E+00  0.0000E+00  0.0000E+00  0.0000E+00  0.0000E+00  0.0000E+00  0.0000E+00  0.0000E+00  0.0000E+00
      8.863  0.0000E+00  0.0000E+00  0.0000E+00  0.0000E+00  0.0000E+00  0.0000E+00  0.0000E+00  0.0000E+00  0.0000E+00  0.0000E+00  0.0000E+00  0.0000E+00  0.0000E+00  0.0000E+00  0.0000E+00  0.0000E+00  0.0000E+00  0.0000E+00
      8.873  0.0000E+00  0.0000E+00  0.0000E+00  0.0000E+00  0.0000E+00  0.0000E+00  0.0000E+00  0.0000E+00  0.0000E+00  0.0000E+00  0.0000E+00  0.0000E+00  0.0000E+00  0.0000E+00  0.0000E+00  0.0000E+00  0.0000E+00  0.0000E+00
      8.883  0.0000E+00  0.0000E+00  0.0000E+00  0.0000E+00  0.0000E+00  0.0000E+00  0.0000E+00  0.0000E+00  0.0000E+00  0.0000E+00  0.0000E+00  0.0000E+00  0.0000E+00  0.0000E+00  0.0000E+00  0.0000E+00  0.0000E+00  0.0000E+00
      8.893  0.0000E+00  0.0000E+00  0.0000E+00  0.0000E+00  0.0000E+00  0.0000E+00  0.0000E+00  0.0000E+00  0.0000E+00  0.0000E+00  0.0000E+00  0.0000E+00  0.0000E+00  0.0000E+00  0.0000E+00  0.0000E+00  0.0000E+00  0.0000E+00
      8.903  0.0000E+00  0.0000E+00  0.0000E+00  0.0000E+00  0.0000E+00  0.0000E+00  0.0000E+00  0.0000E+00  0.0000E+00  0.0000E+00  0.0000E+00  0.0000E+00  0.0000E+00  0.0000E+00  0.0000E+00  0.0000E+00  0.0000E+00  0.0000E+00
      8.913  0.0000E+00  0.0000E+00  0.0000E+00  0.0000E+00  0.0000E+00  0.0000E+00  0.0000E+00  0.0000E+00  0.0000E+00  0.0000E+00  0.0000E+00  0.0000E+00  0.0000E+00  0.0000E+00  0.0000E+00  0.0000E+00  0.0000E+00  0.0000E+00
      8.923  0.0000E+00  0.0000E+00  0.0000E+00  0.0000E+00  0.0000E+00  0.0000E+00  0.0000E+00  0.0000E+00  0.0000E+00  0.0000E+00  0.0000E+00  0.0000E+00  0.0000E+00  0.0000E+00  0.0000E+00  0.0000E+00  0.0000E+00  0.0000E+00
      8.933  0.0000E+00  0.0000E+00  0.0000E+00  0.0000E+00  0.0000E+00  0.0000E+00  0.0000E+00  0.0000E+00  0.0000E+00  0.0000E+00  0.0000E+00  0.0000E+00  0.0000E+00  0.0000E+00  0.0000E+00  0.0000E+00  0.0000E+00  0.0000E+00
      8.943  0.0000E+00  0.0000E+00  0.0000E+00  0.0000E+00  0.0000E+00  0.0000E+00  0.0000E+00  0.0000E+00  0.0000E+00  0.0000E+00  0.0000E+00  0.0000E+00  0.0000E+00  0.0000E+00  0.0000E+00  0.0000E+00  0.0000E+00  0.0000E+00
      8.953  0.0000E+00  0.0000E+00  0.0000E+00  0.0000E+00  0.0000E+00  0.0000E+00  0.0000E+00  0.0000E+00  0.0000E+00  0.0000E+00  0.0000E+00  0.0000E+00  0.0000E+00  0.0000E+00  0.0000E+00  0.0000E+00  0.0000E+00  0.0000E+00
      8.963  0.0000E+00  0.0000E+00  0.0000E+00  0.0000E+00  0.0000E+00  0.0000E+00  0.0000E+00  0.0000E+00  0.0000E+00  0.0000E+00  0.0000E+00  0.0000E+00  0.0000E+00  0.0000E+00  0.0000E+00  0.0000E+00  0.0000E+00  0.0000E+00
      8.973  0.0000E+00  0.0000E+00  0.0000E+00  0.0000E+00  0.0000E+00  0.0000E+00  0.0000E+00  0.0000E+00  0.0000E+00  0.0000E+00  0.0000E+00  0.0000E+00  0.0000E+00  0.0000E+00  0.0000E+00  0.0000E+00  0.0000E+00  0.0000E+00
      8.983  0.0000E+00  0.0000E+00  0.0000E+00  0.0000E+00  0.0000E+00  0.0000E+00  0.0000E+00  0.0000E+00  0.0000E+00  0.0000E+00  0.0000E+00  0.0000E+00  0.0000E+00  0.0000E+00  0.0000E+00  0.0000E+00  0.0000E+00  0.0000E+00
      8.993  0.0000E+00  0.0000E+00  0.0000E+00  0.0000E+00  0.0000E+00  0.0000E+00  0.0000E+00  0.0000E+00  0.0000E+00  0.0000E+00  0.0000E+00  0.0000E+00  0.0000E+00  0.0000E+00  0.0000E+00  0.0000E+00  0.0000E+00  0.0000E+00
      9.003  0.0000E+00  0.0000E+00  0.0000E+00  0.0000E+00  0.0000E+00  0.0000E+00  0.0000E+00  0.0000E+00  0.0000E+00  0.0000E+00  0.0000E+00  0.0000E+00  0.0000E+00  0.0000E+00  0.0000E+00  0.0000E+00  0.0000E+00  0.0000E+00
      9.013  0.0000E+00  0.0000E+00  0.0000E+00  0.0000E+00  0.0000E+00  0.0000E+00  0.0000E+00  0.0000E+00  0.0000E+00  0.0000E+00  0.0000E+00  0.0000E+00  0.0000E+00  0.0000E+00  0.0000E+00  0.0000E+00  0.0000E+00  0.0000E+00
      9.023  0.0000E+00  0.0000E+00  0.0000E+00  0.0000E+00  0.0000E+00  0.0000E+00  0.0000E+00  0.0000E+00  0.0000E+00  0.0000E+00  0.0000E+00  0.0000E+00  0.0000E+00  0.0000E+00  0.0000E+00  0.0000E+00  0.0000E+00  0.0000E+00
      9.033  0.0000E+00  0.0000E+00  0.0000E+00  0.0000E+00  0.0000E+00  0.0000E+00  0.0000E+00  0.0000E+00  0.0000E+00  0.0000E+00  0.0000E+00  0.0000E+00  0.0000E+00  0.0000E+00  0.0000E+00  0.0000E+00  0.0000E+00  0.0000E+00
      9.043  0.0000E+00  0.0000E+00  0.0000E+00  0.0000E+00  0.0000E+00  0.0000E+00  0.0000E+00  0.0000E+00  0.0000E+00  0.0000E+00  0.0000E+00  0.0000E+00  0.0000E+00  0.0000E+00  0.0000E+00  0.0000E+00  0.0000E+00  0.0000E+00
      9.053  0.0000E+00  0.0000E+00  0.0000E+00  0.0000E+00  0.0000E+00  0.0000E+00  0.0000E+00  0.0000E+00  0.0000E+00  0.0000E+00  0.0000E+00  0.0000E+00  0.0000E+00  0.0000E+00  0.0000E+00  0.0000E+00  0.0000E+00  0.0000E+00
      9.063  0.0000E+00  0.0000E+00  0.0000E+00  0.0000E+00  0.0000E+00  0.0000E+00  0.0000E+00  0.0000E+00  0.0000E+00  0.0000E+00  0.0000E+00  0.0000E+00  0.0000E+00  0.0000E+00  0.0000E+00  0.0000E+00  0.0000E+00  0.0000E+00
      9.073  0.0000E+00  0.0000E+00  0.0000E+00  0.0000E+00  0.0000E+00  0.0000E+00  0.0000E+00  0.0000E+00  0.0000E+00  0.0000E+00  0.0000E+00  0.0000E+00  0.0000E+00  0.0000E+00  0.0000E+00  0.0000E+00  0.0000E+00  0.0000E+00
      9.083  0.0000E+00  0.0000E+00  0.0000E+00  0.0000E+00  0.0000E+00  0.0000E+00  0.0000E+00  0.0000E+00  0.0000E+00  0.0000E+00  0.0000E+00  0.0000E+00  0.0000E+00  0.0000E+00  0.0000E+00  0.0000E+00  0.0000E+00  0.0000E+00
      9.093  0.0000E+00  0.0000E+00  0.0000E+00  0.0000E+00  0.0000E+00  0.0000E+00  0.0000E+00  0.0000E+00  0.0000E+00  0.0000E+00  0.0000E+00  0.0000E+00  0.0000E+00  0.0000E+00  0.0000E+00  0.0000E+00  0.0000E+00  0.0000E+00
      9.103  0.0000E+00  0.0000E+00  0.0000E+00  0.0000E+00  0.0000E+00  0.0000E+00  0.0000E+00  0.0000E+00  0.0000E+00  0.0000E+00  0.0000E+00  0.0000E+00  0.0000E+00  0.0000E+00  0.0000E+00  0.0000E+00  0.0000E+00  0.0000E+00
      9.113  0.0000E+00  0.0000E+00  0.0000E+00  0.0000E+00  0.0000E+00  0.0000E+00  0.0000E+00  0.0000E+00  0.0000E+00  0.0000E+00  0.0000E+00  0.0000E+00  0.0000E+00  0.0000E+00  0.0000E+00  0.0000E+00  0.0000E+00  0.0000E+00
      9.123  0.0000E+00  0.0000E+00  0.0000E+00  0.0000E+00  0.0000E+00  0.0000E+00  0.0000E+00  0.0000E+00  0.0000E+00  0.0000E+00  0.0000E+00  0.0000E+00  0.0000E+00  0.0000E+00  0.0000E+00  0.0000E+00  0.0000E+00  0.0000E+00
      9.133  0.0000E+00  0.0000E+00  0.0000E+00  0.0000E+00  0.0000E+00  0.0000E+00  0.0000E+00  0.0000E+00  0.0000E+00  0.0000E+00  0.0000E+00  0.0000E+00  0.0000E+00  0.0000E+00  0.0000E+00  0.0000E+00  0.0000E+00  0.0000E+00
      9.143  0.0000E+00  0.0000E+00  0.0000E+00  0.0000E+00  0.0000E+00  0.0000E+00  0.0000E+00  0.0000E+00  0.0000E+00  0.0000E+00  0.0000E+00  0.0000E+00  0.0000E+00  0.0000E+00  0.0000E+00  0.0000E+00  0.0000E+00  0.0000E+00
      9.153  0.0000E+00  0.0000E+00  0.0000E+00  0.0000E+00  0.0000E+00  0.0000E+00  0.0000E+00  0.0000E+00  0.0000E+00  0.0000E+00  0.0000E+00  0.0000E+00  0.0000E+00  0.0000E+00  0.0000E+00  0.0000E+00  0.0000E+00  0.0000E+00
      9.163  0.0000E+00  0.0000E+00  0.0000E+00  0.0000E+00  0.0000E+00  0.0000E+00  0.0000E+00  0.0000E+00  0.0000E+00  0.0000E+00  0.0000E+00  0.0000E+00  0.0000E+00  0.0000E+00  0.0000E+00  0.0000E+00  0.0000E+00  0.0000E+00
      9.173  0.0000E+00  0.0000E+00  0.0000E+00  0.0000E+00  0.0000E+00  0.0000E+00  0.0000E+00  0.0000E+00  0.0000E+00  0.0000E+00  0.0000E+00  0.0000E+00  0.0000E+00  0.0000E+00  0.0000E+00  0.0000E+00  0.0000E+00  0.0000E+00
      9.183  0.0000E+00  0.0000E+00  0.0000E+00  0.0000E+00  0.0000E+00  0.0000E+00  0.0000E+00  0.0000E+00  0.0000E+00  0.0000E+00  0.0000E+00  0.0000E+00  0.0000E+00  0.0000E+00  0.0000E+00  0.0000E+00  0.0000E+00  0.0000E+00
      9.193  0.0000E+00  0.0000E+00  0.0000E+00  0.0000E+00  0.0000E+00  0.0000E+00  0.0000E+00  0.0000E+00  0.0000E+00  0.0000E+00  0.0000E+00  0.0000E+00  0.0000E+00  0.0000E+00  0.0000E+00  0.0000E+00  0.0000E+00  0.0000E+00
      9.203  0.0000E+00  0.0000E+00  0.0000E+00  0.0000E+00  0.0000E+00  0.0000E+00  0.0000E+00  0.0000E+00  0.0000E+00  0.0000E+00  0.0000E+00  0.0000E+00  0.0000E+00  0.0000E+00  0.0000E+00  0.0000E+00  0.0000E+00  0.0000E+00
      9.213  0.0000E+00  0.0000E+00  0.0000E+00  0.0000E+00  0.0000E+00  0.0000E+00  0.0000E+00  0.0000E+00  0.0000E+00  0.0000E+00  0.0000E+00  0.0000E+00  0.0000E+00  0.0000E+00  0.0000E+00  0.0000E+00  0.0000E+00  0.0000E+00
      9.223  0.0000E+00  0.0000E+00  0.0000E+00  0.0000E+00  0.0000E+00  0.0000E+00  0.0000E+00  0.0000E+00  0.0000E+00  0.0000E+00  0.0000E+00  0.0000E+00  0.0000E+00  0.0000E+00  0.0000E+00  0.0000E+00  0.0000E+00  0.0000E+00
      9.233  0.0000E+00  0.0000E+00  0.0000E+00  0.0000E+00  0.0000E+00  0.0000E+00  0.0000E+00  0.0000E+00  0.0000E+00  0.0000E+00  0.0000E+00  0.0000E+00  0.0000E+00  0.0000E+00  0.0000E+00  0.0000E+00  0.0000E+00  0.0000E+00
      9.243  0.0000E+00  0.0000E+00  0.0000E+00  0.0000E+00  0.0000E+00  0.0000E+00  0.0000E+00  0.0000E+00  0.0000E+00  0.0000E+00  0.0000E+00  0.0000E+00  0.0000E+00  0.0000E+00  0.0000E+00  0.0000E+00  0.0000E+00  0.0000E+00
      9.253  0.0000E+00  0.0000E+00  0.0000E+00  0.0000E+00  0.0000E+00  0.0000E+00  0.0000E+00  0.0000E+00  0.0000E+00  0.0000E+00  0.0000E+00  0.0000E+00  0.0000E+00  0.0000E+00  0.0000E+00  0.0000E+00  0.0000E+00  0.0000E+00
      9.263  0.0000E+00  0.0000E+00  0.0000E+00  0.0000E+00  0.0000E+00  0.0000E+00  0.0000E+00  0.0000E+00  0.0000E+00  0.0000E+00  0.0000E+00  0.0000E+00  0.0000E+00  0.0000E+00  0.0000E+00  0.0000E+00  0.0000E+00  0.0000E+00
      9.273  0.0000E+00  0.0000E+00  0.0000E+00  0.0000E+00  0.0000E+00  0.0000E+00  0.0000E+00  0.0000E+00  0.0000E+00  0.0000E+00  0.0000E+00  0.0000E+00  0.0000E+00  0.0000E+00  0.0000E+00  0.0000E+00  0.0000E+00  0.0000E+00
      9.283  0.0000E+00  0.0000E+00  0.0000E+00  0.0000E+00  0.0000E+00  0.0000E+00  0.0000E+00  0.0000E+00  0.0000E+00  0.0000E+00  0.0000E+00  0.0000E+00  0.0000E+00  0.0000E+00  0.0000E+00  0.0000E+00  0.0000E+00  0.0000E+00
      9.293  0.0000E+00  0.0000E+00  0.0000E+00  0.0000E+00  0.0000E+00  0.0000E+00  0.0000E+00  0.0000E+00  0.0000E+00  0.0000E+00  0.0000E+00  0.0000E+00  0.0000E+00  0.0000E+00  0.0000E+00  0.0000E+00  0.0000E+00  0.0000E+00
      9.303  0.0000E+00  0.0000E+00  0.0000E+00  0.0000E+00  0.0000E+00  0.0000E+00  0.0000E+00  0.0000E+00  0.0000E+00  0.0000E+00  0.0000E+00  0.0000E+00  0.0000E+00  0.0000E+00  0.0000E+00  0.0000E+00  0.0000E+00  0.0000E+00
      9.313  0.0000E+00  0.0000E+00  0.0000E+00  0.0000E+00  0.0000E+00  0.0000E+00  0.0000E+00  0.0000E+00  0.0000E+00  0.0000E+00  0.0000E+00  0.0000E+00  0.0000E+00  0.0000E+00  0.0000E+00  0.0000E+00  0.0000E+00  0.0000E+00
      9.324  0.0000E+00  0.0000E+00  0.0000E+00  0.0000E+00  0.0000E+00  0.0000E+00  0.0000E+00  0.0000E+00  0.0000E+00  0.0000E+00  0.0000E+00  0.0000E+00  0.0000E+00  0.0000E+00  0.0000E+00  0.0000E+00  0.0000E+00  0.0000E+00
      9.334  0.0000E+00  0.0000E+00  0.0000E+00  0.0000E+00  0.0000E+00  0.0000E+00  0.0000E+00  0.0000E+00  0.0000E+00  0.0000E+00  0.0000E+00  0.0000E+00  0.0000E+00  0.0000E+00  0.0000E+00  0.0000E+00  0.0000E+00  0.0000E+00
      9.344  0.0000E+00  0.0000E+00  0.0000E+00  0.0000E+00  0.0000E+00  0.0000E+00  0.0000E+00  0.0000E+00  0.0000E+00  0.0000E+00  0.0000E+00  0.0000E+00  0.0000E+00  0.0000E+00  0.0000E+00  0.0000E+00  0.0000E+00  0.0000E+00
      9.354  0.0000E+00  0.0000E+00  0.0000E+00  0.0000E+00  0.0000E+00  0.0000E+00  0.0000E+00  0.0000E+00  0.0000E+00  0.0000E+00  0.0000E+00  0.0000E+00  0.0000E+00  0.0000E+00  0.0000E+00  0.0000E+00  0.0000E+00  0.0000E+00
      9.364  0.0000E+00  0.0000E+00  0.0000E+00  0.0000E+00  0.0000E+00  0.0000E+00  0.0000E+00  0.0000E+00  0.0000E+00  0.0000E+00  0.0000E+00  0.0000E+00  0.0000E+00  0.0000E+00  0.0000E+00  0.0000E+00  0.0000E+00  0.0000E+00
      9.374  0.0000E+00  0.0000E+00  0.0000E+00  0.0000E+00  0.0000E+00  0.0000E+00  0.0000E+00  0.0000E+00  0.0000E+00  0.0000E+00  0.0000E+00  0.0000E+00  0.0000E+00  0.0000E+00  0.0000E+00  0.0000E+00  0.0000E+00  0.0000E+00
      9.384  0.0000E+00  0.0000E+00  0.0000E+00  0.0000E+00  0.0000E+00  0.0000E+00  0.0000E+00  0.0000E+00  0.0000E+00  0.0000E+00  0.0000E+00  0.0000E+00  0.0000E+00  0.0000E+00  0.0000E+00  0.0000E+00  0.0000E+00  0.0000E+00
      9.394  0.0000E+00  0.0000E+00  0.0000E+00  0.0000E+00  0.0000E+00  0.0000E+00  0.0000E+00  0.0000E+00  0.0000E+00  0.0000E+00  0.0000E+00  0.0000E+00  0.0000E+00  0.0000E+00  0.0000E+00  0.0000E+00  0.0000E+00  0.0000E+00
      9.404  0.0000E+00  0.0000E+00  0.0000E+00  0.0000E+00  0.0000E+00  0.0000E+00  0.0000E+00  0.0000E+00  0.0000E+00  0.0000E+00  0.0000E+00  0.0000E+00  0.0000E+00  0.0000E+00  0.0000E+00  0.0000E+00  0.0000E+00  0.0000E+00
      9.414  0.0000E+00  0.0000E+00  0.0000E+00  0.0000E+00  0.0000E+00  0.0000E+00  0.0000E+00  0.0000E+00  0.0000E+00  0.0000E+00  0.0000E+00  0.0000E+00  0.0000E+00  0.0000E+00  0.0000E+00  0.0000E+00  0.0000E+00  0.0000E+00
      9.424  0.0000E+00  0.0000E+00  0.0000E+00  0.0000E+00  0.0000E+00  0.0000E+00  0.0000E+00  0.0000E+00  0.0000E+00  0.0000E+00  0.0000E+00  0.0000E+00  0.0000E+00  0.0000E+00  0.0000E+00  0.0000E+00  0.0000E+00  0.0000E+00
      9.434  0.0000E+00  0.0000E+00  0.0000E+00  0.0000E+00  0.0000E+00  0.0000E+00  0.0000E+00  0.0000E+00  0.0000E+00  0.0000E+00  0.0000E+00  0.0000E+00  0.0000E+00  0.0000E+00  0.0000E+00  0.0000E+00  0.0000E+00  0.0000E+00
      9.444  0.0000E+00  0.0000E+00  0.0000E+00  0.0000E+00  0.0000E+00  0.0000E+00  0.0000E+00  0.0000E+00  0.0000E+00  0.0000E+00  0.0000E+00  0.0000E+00  0.0000E+00  0.0000E+00  0.0000E+00  0.0000E+00  0.0000E+00  0.0000E+00
      9.454  0.0000E+00  0.0000E+00  0.0000E+00  0.0000E+00  0.0000E+00  0.0000E+00  0.0000E+00  0.0000E+00  0.0000E+00  0.0000E+00  0.0000E+00  0.0000E+00  0.0000E+00  0.0000E+00  0.0000E+00  0.0000E+00  0.0000E+00  0.0000E+00
      9.464  0.0000E+00  0.0000E+00  0.0000E+00  0.0000E+00  0.0000E+00  0.0000E+00  0.0000E+00  0.0000E+00  0.0000E+00  0.0000E+00  0.0000E+00  0.0000E+00  0.0000E+00  0.0000E+00  0.0000E+00  0.0000E+00  0.0000E+00  0.0000E+00
      9.474  0.0000E+00  0.0000E+00  0.0000E+00  0.0000E+00  0.0000E+00  0.0000E+00  0.0000E+00  0.0000E+00  0.0000E+00  0.0000E+00  0.0000E+00  0.0000E+00  0.0000E+00  0.0000E+00  0.0000E+00  0.0000E+00  0.0000E+00  0.0000E+00
      9.484  0.0000E+00  0.0000E+00  0.0000E+00  0.0000E+00  0.0000E+00  0.0000E+00  0.0000E+00  0.0000E+00  0.0000E+00  0.0000E+00  0.0000E+00  0.0000E+00  0.0000E+00  0.0000E+00  0.0000E+00  0.0000E+00  0.0000E+00  0.0000E+00
      9.494  0.0000E+00  0.0000E+00  0.0000E+00  0.0000E+00  0.0000E+00  0.0000E+00  0.0000E+00  0.0000E+00  0.0000E+00  0.0000E+00  0.0000E+00  0.0000E+00  0.0000E+00  0.0000E+00  0.0000E+00  0.0000E+00  0.0000E+00  0.0000E+00
      9.504  0.0000E+00  0.0000E+00  0.0000E+00  0.0000E+00  0.0000E+00  0.0000E+00  0.0000E+00  0.0000E+00  0.0000E+00  0.0000E+00  0.0000E+00  0.0000E+00  0.0000E+00  0.0000E+00  0.0000E+00  0.0000E+00  0.0000E+00  0.0000E+00
      9.514  0.0000E+00  0.0000E+00  0.0000E+00  0.0000E+00  0.0000E+00  0.0000E+00  0.0000E+00  0.0000E+00  0.0000E+00  0.0000E+00  0.0000E+00  0.0000E+00  0.0000E+00  0.0000E+00  0.0000E+00  0.0000E+00  0.0000E+00  0.0000E+00
      9.524  0.0000E+00  0.0000E+00  0.0000E+00  0.0000E+00  0.0000E+00  0.0000E+00  0.0000E+00  0.0000E+00  0.0000E+00  0.0000E+00  0.0000E+00  0.0000E+00  0.0000E+00  0.0000E+00  0.0000E+00  0.0000E+00  0.0000E+00  0.0000E+00
      9.534  0.0000E+00  0.0000E+00  0.0000E+00  0.0000E+00  0.0000E+00  0.0000E+00  0.0000E+00  0.0000E+00  0.0000E+00  0.0000E+00  0.0000E+00  0.0000E+00  0.0000E+00  0.0000E+00  0.0000E+00  0.0000E+00  0.0000E+00  0.0000E+00
      9.544  0.0000E+00  0.0000E+00  0.0000E+00  0.0000E+00  0.0000E+00  0.0000E+00  0.0000E+00  0.0000E+00  0.0000E+00  0.0000E+00  0.0000E+00  0.0000E+00  0.0000E+00  0.0000E+00  0.0000E+00  0.0000E+00  0.0000E+00  0.0000E+00
      9.554  0.0000E+00  0.0000E+00  0.0000E+00  0.0000E+00  0.0000E+00  0.0000E+00  0.0000E+00  0.0000E+00  0.0000E+00  0.0000E+00  0.0000E+00  0.0000E+00  0.0000E+00  0.0000E+00  0.0000E+00  0.0000E+00  0.0000E+00  0.0000E+00
      9.564  0.0000E+00  0.0000E+00  0.0000E+00  0.0000E+00  0.0000E+00  0.0000E+00  0.0000E+00  0.0000E+00  0.0000E+00  0.0000E+00  0.0000E+00  0.0000E+00  0.0000E+00  0.0000E+00  0.0000E+00  0.0000E+00  0.0000E+00  0.0000E+00
      9.574  0.0000E+00  0.0000E+00  0.0000E+00  0.0000E+00  0.0000E+00  0.0000E+00  0.0000E+00  0.0000E+00  0.0000E+00  0.0000E+00  0.0000E+00  0.0000E+00  0.0000E+00  0.0000E+00  0.0000E+00  0.0000E+00  0.0000E+00  0.0000E+00
      9.584  0.0000E+00  0.0000E+00  0.0000E+00  0.0000E+00  0.0000E+00  0.0000E+00  0.0000E+00  0.0000E+00  0.0000E+00  0.0000E+00  0.0000E+00  0.0000E+00  0.0000E+00  0.0000E+00  0.0000E+00  0.0000E+00  0.0000E+00  0.0000E+00
      9.594  0.0000E+00  0.0000E+00  0.0000E+00  0.0000E+00  0.0000E+00  0.0000E+00  0.0000E+00  0.0000E+00  0.0000E+00  0.0000E+00  0.0000E+00  0.0000E+00  0.0000E+00  0.0000E+00  0.0000E+00  0.0000E+00  0.0000E+00  0.0000E+00
      9.604  0.0000E+00  0.0000E+00  0.0000E+00  0.0000E+00  0.0000E+00  0.0000E+00  0.0000E+00  0.0000E+00  0.0000E+00  0.0000E+00  0.0000E+00  0.0000E+00  0.0000E+00  0.0000E+00  0.0000E+00  0.0000E+00  0.0000E+00  0.0000E+00
      9.614  0.0000E+00  0.0000E+00  0.0000E+00  0.0000E+00  0.0000E+00  0.0000E+00  0.0000E+00  0.0000E+00  0.0000E+00  0.0000E+00  0.0000E+00  0.0000E+00  0.0000E+00  0.0000E+00  0.0000E+00  0.0000E+00  0.0000E+00  0.0000E+00
      9.624  0.0000E+00  0.0000E+00  0.0000E+00  0.0000E+00  0.0000E+00  0.0000E+00  0.0000E+00  0.0000E+00  0.0000E+00  0.0000E+00  0.0000E+00  0.0000E+00  0.0000E+00  0.0000E+00  0.0000E+00  0.0000E+00  0.0000E+00  0.0000E+00
      9.634  0.0000E+00  0.0000E+00  0.0000E+00  0.0000E+00  0.0000E+00  0.0000E+00  0.0000E+00  0.0000E+00  0.0000E+00  0.0000E+00  0.0000E+00  0.0000E+00  0.0000E+00  0.0000E+00  0.0000E+00  0.0000E+00  0.0000E+00  0.0000E+00
      9.644  0.0000E+00  0.0000E+00  0.0000E+00  0.0000E+00  0.0000E+00  0.0000E+00  0.0000E+00  0.0000E+00  0.0000E+00  0.0000E+00  0.0000E+00  0.0000E+00  0.0000E+00  0.0000E+00  0.0000E+00  0.0000E+00  0.0000E+00  0.0000E+00
      9.654  0.0000E+00  0.0000E+00  0.0000E+00  0.0000E+00  0.0000E+00  0.0000E+00  0.0000E+00  0.0000E+00  0.0000E+00  0.0000E+00  0.0000E+00  0.0000E+00  0.0000E+00  0.0000E+00  0.0000E+00  0.0000E+00  0.0000E+00  0.0000E+00
      9.664  0.0000E+00  0.0000E+00  0.0000E+00  0.0000E+00  0.0000E+00  0.0000E+00  0.0000E+00  0.0000E+00  0.0000E+00  0.0000E+00  0.0000E+00  0.0000E+00  0.0000E+00  0.0000E+00  0.0000E+00  0.0000E+00  0.0000E+00  0.0000E+00
      9.674  0.0000E+00  0.0000E+00  0.0000E+00  0.0000E+00  0.0000E+00  0.0000E+00  0.0000E+00  0.0000E+00  0.0000E+00  0.0000E+00  0.0000E+00  0.0000E+00  0.0000E+00  0.0000E+00  0.0000E+00  0.0000E+00  0.0000E+00  0.0000E+00
      9.684  0.0000E+00  0.0000E+00  0.0000E+00  0.0000E+00  0.0000E+00  0.0000E+00  0.0000E+00  0.0000E+00  0.0000E+00  0.0000E+00  0.0000E+00  0.0000E+00  0.0000E+00  0.0000E+00  0.0000E+00  0.0000E+00  0.0000E+00  0.0000E+00
      9.694  0.0000E+00  0.0000E+00  0.0000E+00  0.0000E+00  0.0000E+00  0.0000E+00  0.0000E+00  0.0000E+00  0.0000E+00  0.0000E+00  0.0000E+00  0.0000E+00  0.0000E+00  0.0000E+00  0.0000E+00  0.0000E+00  0.0000E+00  0.0000E+00
      9.704  0.0000E+00  0.0000E+00  0.0000E+00  0.0000E+00  0.0000E+00  0.0000E+00  0.0000E+00  0.0000E+00  0.0000E+00  0.0000E+00  0.0000E+00  0.0000E+00  0.0000E+00  0.0000E+00  0.0000E+00  0.0000E+00  0.0000E+00  0.0000E+00
      9.714  0.0000E+00  0.0000E+00  0.0000E+00  0.0000E+00  0.0000E+00  0.0000E+00  0.0000E+00  0.0000E+00  0.0000E+00  0.0000E+00  0.0000E+00  0.0000E+00  0.0000E+00  0.0000E+00  0.0000E+00  0.0000E+00  0.0000E+00  0.0000E+00
      9.724  0.0000E+00  0.0000E+00  0.0000E+00  0.0000E+00  0.0000E+00  0.0000E+00  0.0000E+00  0.0000E+00  0.0000E+00  0.0000E+00  0.0000E+00  0.0000E+00  0.0000E+00  0.0000E+00  0.0000E+00  0.0000E+00  0.0000E+00  0.0000E+00
      9.734  0.0000E+00  0.0000E+00  0.0000E+00  0.0000E+00  0.0000E+00  0.0000E+00  0.0000E+00  0.0000E+00  0.0000E+00  0.0000E+00  0.0000E+00  0.0000E+00  0.0000E+00  0.0000E+00  0.0000E+00  0.0000E+00  0.0000E+00  0.0000E+00
      9.744  0.0000E+00  0.0000E+00  0.0000E+00  0.0000E+00  0.0000E+00  0.0000E+00  0.0000E+00  0.0000E+00  0.0000E+00  0.0000E+00  0.0000E+00  0.0000E+00  0.0000E+00  0.0000E+00  0.0000E+00  0.0000E+00  0.0000E+00  0.0000E+00
      9.754  0.0000E+00  0.0000E+00  0.0000E+00  0.0000E+00  0.0000E+00  0.0000E+00  0.0000E+00  0.0000E+00  0.0000E+00  0.0000E+00  0.0000E+00  0.0000E+00  0.0000E+00  0.0000E+00  0.0000E+00  0.0000E+00  0.0000E+00  0.0000E+00
      9.764  0.0000E+00  0.0000E+00  0.0000E+00  0.0000E+00  0.0000E+00  0.0000E+00  0.0000E+00  0.0000E+00  0.0000E+00  0.0000E+00  0.0000E+00  0.0000E+00  0.0000E+00  0.0000E+00  0.0000E+00  0.0000E+00  0.0000E+00  0.0000E+00
      9.774  0.0000E+00  0.0000E+00  0.0000E+00  0.0000E+00  0.0000E+00  0.0000E+00  0.0000E+00  0.0000E+00  0.0000E+00  0.0000E+00  0.0000E+00  0.0000E+00  0.0000E+00  0.0000E+00  0.0000E+00  0.0000E+00  0.0000E+00  0.0000E+00
      9.784  0.0000E+00  0.0000E+00  0.0000E+00  0.0000E+00  0.0000E+00  0.0000E+00  0.0000E+00  0.0000E+00  0.0000E+00  0.0000E+00  0.0000E+00  0.0000E+00  0.0000E+00  0.0000E+00  0.0000E+00  0.0000E+00  0.0000E+00  0.0000E+00
      9.794  0.0000E+00  0.0000E+00  0.0000E+00  0.0000E+00  0.0000E+00  0.0000E+00  0.0000E+00  0.0000E+00  0.0000E+00  0.0000E+00  0.0000E+00  0.0000E+00  0.0000E+00  0.0000E+00  0.0000E+00  0.0000E+00  0.0000E+00  0.0000E+00
      9.804  0.0000E+00  0.0000E+00  0.0000E+00  0.0000E+00  0.0000E+00  0.0000E+00  0.0000E+00  0.0000E+00  0.0000E+00  0.0000E+00  0.0000E+00  0.0000E+00  0.0000E+00  0.0000E+00  0.0000E+00  0.0000E+00  0.0000E+00  0.0000E+00
      9.814  0.0000E+00  0.0000E+00  0.0000E+00  0.0000E+00  0.0000E+00  0.0000E+00  0.0000E+00  0.0000E+00  0.0000E+00  0.0000E+00  0.0000E+00  0.0000E+00  0.0000E+00  0.0000E+00  0.0000E+00  0.0000E+00  0.0000E+00  0.0000E+00
      9.824  0.0000E+00  0.0000E+00  0.0000E+00  0.0000E+00  0.0000E+00  0.0000E+00  0.0000E+00  0.0000E+00  0.0000E+00  0.0000E+00  0.0000E+00  0.0000E+00  0.0000E+00  0.0000E+00  0.0000E+00  0.0000E+00  0.0000E+00  0.0000E+00
      9.834  0.0000E+00  0.0000E+00  0.0000E+00  0.0000E+00  0.0000E+00  0.0000E+00  0.0000E+00  0.0000E+00  0.0000E+00  0.0000E+00  0.0000E+00  0.0000E+00  0.0000E+00  0.0000E+00  0.0000E+00  0.0000E+00  0.0000E+00  0.0000E+00
      9.844  0.0000E+00  0.0000E+00  0.0000E+00  0.0000E+00  0.0000E+00  0.0000E+00  0.0000E+00  0.0000E+00  0.0000E+00  0.0000E+00  0.0000E+00  0.0000E+00  0.0000E+00  0.0000E+00  0.0000E+00  0.0000E+00  0.0000E+00  0.0000E+00
      9.854  0.0000E+00  0.0000E+00  0.0000E+00  0.0000E+00  0.0000E+00  0.0000E+00  0.0000E+00  0.0000E+00  0.0000E+00  0.0000E+00  0.0000E+00  0.0000E+00  0.0000E+00  0.0000E+00  0.0000E+00  0.0000E+00  0.0000E+00  0.0000E+00
      9.864  0.0000E+00  0.0000E+00  0.0000E+00  0.0000E+00  0.0000E+00  0.0000E+00  0.0000E+00  0.0000E+00  0.0000E+00  0.0000E+00  0.0000E+00  0.0000E+00  0.0000E+00  0.0000E+00  0.0000E+00  0.0000E+00  0.0000E+00  0.0000E+00
      9.874  0.0000E+00  0.0000E+00  0.0000E+00  0.0000E+00  0.0000E+00  0.0000E+00  0.0000E+00  0.0000E+00  0.0000E+00  0.0000E+00  0.0000E+00  0.0000E+00  0.0000E+00  0.0000E+00  0.0000E+00  0.0000E+00  0.0000E+00  0.0000E+00
      9.884  0.0000E+00  0.0000E+00  0.0000E+00  0.0000E+00  0.0000E+00  0.0000E+00  0.0000E+00  0.0000E+00  0.0000E+00  0.0000E+00  0.0000E+00  0.0000E+00  0.0000E+00  0.0000E+00  0.0000E+00  0.0000E+00  0.0000E+00  0.0000E+00
      9.894  0.0000E+00  0.0000E+00  0.0000E+00  0.0000E+00  0.0000E+00  0.0000E+00  0.0000E+00  0.0000E+00  0.0000E+00  0.0000E+00  0.0000E+00  0.0000E+00  0.0000E+00  0.0000E+00  0.0000E+00  0.0000E+00  0.0000E+00  0.0000E+00
      9.904  0.0000E+00  0.0000E+00  0.0000E+00  0.0000E+00  0.0000E+00  0.0000E+00  0.0000E+00  0.0000E+00  0.0000E+00  0.0000E+00  0.0000E+00  0.0000E+00  0.0000E+00  0.0000E+00  0.0000E+00  0.0000E+00  0.0000E+00  0.0000E+00
      9.914  0.0000E+00  0.0000E+00  0.0000E+00  0.0000E+00  0.0000E+00  0.0000E+00  0.0000E+00  0.0000E+00  0.0000E+00  0.0000E+00  0.0000E+00  0.0000E+00  0.0000E+00  0.0000E+00  0.0000E+00  0.0000E+00  0.0000E+00  0.0000E+00
      9.924  0.0000E+00  0.0000E+00  0.0000E+00  0.0000E+00  0.0000E+00  0.0000E+00  0.0000E+00  0.0000E+00  0.0000E+00  0.0000E+00  0.0000E+00  0.0000E+00  0.0000E+00  0.0000E+00  0.0000E+00  0.0000E+00  0.0000E+00  0.0000E+00
      9.934  0.0000E+00  0.0000E+00  0.0000E+00  0.0000E+00  0.0000E+00  0.0000E+00  0.0000E+00  0.0000E+00  0.0000E+00  0.0000E+00  0.0000E+00  0.0000E+00  0.0000E+00  0.0000E+00  0.0000E+00  0.0000E+00  0.0000E+00  0.0000E+00
      9.944  0.0000E+00  0.0000E+00  0.0000E+00  0.0000E+00  0.0000E+00  0.0000E+00  0.0000E+00  0.0000E+00  0.0000E+00  0.0000E+00  0.0000E+00  0.0000E+00  0.0000E+00  0.0000E+00  0.0000E+00  0.0000E+00  0.0000E+00  0.0000E+00
      9.954  0.0000E+00  0.0000E+00  0.0000E+00  0.0000E+00  0.0000E+00  0.0000E+00  0.0000E+00  0.0000E+00  0.0000E+00  0.0000E+00  0.0000E+00  0.0000E+00  0.0000E+00  0.0000E+00  0.0000E+00  0.0000E+00  0.0000E+00  0.0000E+00
      9.964  0.0000E+00  0.0000E+00  0.0000E+00  0.0000E+00  0.0000E+00  0.0000E+00  0.0000E+00  0.0000E+00  0.0000E+00  0.0000E+00  0.0000E+00  0.0000E+00  0.0000E+00  0.0000E+00  0.0000E+00  0.0000E+00  0.0000E+00  0.0000E+00
      9.974  0.0000E+00  0.0000E+00  0.0000E+00  0.0000E+00  0.0000E+00  0.0000E+00  0.0000E+00  0.0000E+00  0.0000E+00  0.0000E+00  0.0000E+00  0.0000E+00  0.0000E+00  0.0000E+00  0.0000E+00  0.0000E+00  0.0000E+00  0.0000E+00
      9.984  0.0000E+00  0.0000E+00  0.0000E+00  0.0000E+00  0.0000E+00  0.0000E+00  0.0000E+00  0.0000E+00  0.0000E+00  0.0000E+00  0.0000E+00  0.0000E+00  0.0000E+00  0.0000E+00  0.0000E+00  0.0000E+00  0.0000E+00  0.0000E+00
      9.994  0.0000E+00  0.0000E+00  0.0000E+00  0.0000E+00  0.0000E+00  0.0000E+00  0.0000E+00  0.0000E+00  0.0000E+00  0.0000E+00  0.0000E+00  0.0000E+00  0.0000E+00  0.0000E+00  0.0000E+00  0.0000E+00  0.0000E+00  0.0000E+00
      10.004  0.0000E+00  0.0000E+00  0.0000E+00  0.0000E+00  0.0000E+00  0.0000E+00  0.0000E+00  0.0000E+00  0.0000E+00  0.0000E+00  0.0000E+00  0.0000E+00  0.0000E+00  0.0000E+00  0.0000E+00  0.0000E+00  0.0000E+00  0.0000E+00
      10.014  0.0000E+00  0.0000E+00  0.0000E+00  0.0000E+00  0.0000E+00  0.0000E+00  0.0000E+00  0.0000E+00  0.0000E+00  0.0000E+00  0.0000E+00  0.0000E+00  0.0000E+00  0.0000E+00  0.0000E+00  0.0000E+00  0.0000E+00  0.0000E+00
