      7.00000000     -7.00000000 1400     -2.17094023      1.00000000
     -4.829  0.7030E-02  0.3293E-02  0.2050E-04  0.1667E-04  0.1296E-02  0.1091E-02  0.2982E-04  0.2508E-04  0.8294E-05  0.3604E-05  0.7867E-03  0.2370E-03  0.2142E-01  0.6898E-02  0.1143E-02  0.3657E-03  0.5779E-05  0.2250E-05
     -4.819  0.9317E-02  0.4334E-02  0.3527E-04  0.2711E-04  0.1708E-02  0.1431E-02  0.4912E-04  0.3962E-04  0.8642E-05  0.4476E-05  0.1376E-02  0.3898E-03  0.2838E-01  0.9072E-02  0.1901E-02  0.5822E-03  0.6556E-05  0.2820E-05
     -4.809  0.1523E-01  0.5517E-02  0.6864E-04  0.3748E-04  0.2777E-02  0.1816E-02  0.9106E-04  0.5413E-04  0.1088E-04  0.5470E-05  0.2707E-02  0.5417E-03  0.4642E-01  0.1154E-01  0.3547E-02  0.7982E-03  0.8872E-05  0.3457E-05
     -4.799  0.9581E-02  0.5895E-02  0.4718E-04  0.4272E-04  0.1722E-02  0.1937E-02  0.6753E-04  0.6188E-04  0.1004E-04  0.5983E-05  0.1870E-02  0.6188E-03  0.2962E-01  0.1234E-01  0.2667E-02  0.9141E-03  0.8551E-05  0.3819E-05
     -4.789  0.1080E-01  0.3824E-02  0.5449E-04  0.3533E-04  0.1926E-02  0.1252E-02  0.7898E-04  0.5216E-04  0.1103E-04  0.4816E-05  0.2169E-02  0.5112E-03  0.3354E-01  0.8064E-02  0.3131E-02  0.7712E-03  0.9642E-05  0.3467E-05
     -4.779  0.1202E-01  0.4095E-02  0.6174E-04  0.3957E-04  0.2129E-02  0.1338E-02  0.9034E-04  0.5835E-04  0.1203E-04  0.5210E-05  0.2466E-02  0.5732E-03  0.3747E-01  0.8643E-02  0.3592E-02  0.8635E-03  0.1078E-04  0.3811E-05
     -4.769  0.1324E-01  0.4347E-02  0.6892E-04  0.4377E-04  0.2332E-02  0.1417E-02  0.1016E-03  0.6447E-04  0.1305E-04  0.5593E-05  0.2761E-02  0.6347E-03  0.4141E-01  0.9184E-02  0.4052E-02  0.9549E-03  0.1196E-04  0.4160E-05
     -4.759  0.1446E-01  0.4580E-02  0.7605E-04  0.4794E-04  0.2534E-02  0.1490E-02  0.1128E-03  0.7053E-04  0.1409E-04  0.5965E-05  0.3054E-02  0.6956E-03  0.4536E-01  0.9686E-02  0.4508E-02  0.1045E-02  0.1318E-04  0.4513E-05
     -4.749  0.1556E-01  0.4429E-02  0.8313E-04  0.5188E-04  0.2713E-02  0.1432E-02  0.1245E-03  0.7795E-04  0.1515E-04  0.6229E-05  0.3347E-02  0.7540E-03  0.4897E-01  0.9381E-02  0.4990E-02  0.1156E-02  0.1436E-04  0.4728E-05
     -4.739  0.1591E-01  0.4513E-02  0.9006E-04  0.5561E-04  0.2744E-02  0.1454E-02  0.1395E-03  0.8435E-04  0.1627E-04  0.6610E-05  0.3640E-02  0.8093E-03  0.5029E-01  0.9570E-02  0.5611E-02  0.1251E-02  0.1508E-04  0.4953E-05
     -4.729  0.1720E-01  0.4737E-02  0.9642E-04  0.5997E-04  0.2958E-02  0.1524E-02  0.1499E-03  0.8918E-04  0.1730E-04  0.7395E-05  0.3903E-02  0.8742E-03  0.5448E-01  0.1007E-01  0.6038E-02  0.1324E-02  0.1639E-04  0.5884E-05
     -4.719  0.1891E-01  0.3621E-02  0.9499E-04  0.3291E-04  0.3205E-02  0.1152E-02  0.1498E-03  0.5087E-04  0.1873E-04  0.5235E-05  0.3866E-02  0.4787E-03  0.6053E-01  0.7754E-02  0.6070E-02  0.7549E-03  0.1868E-04  0.3725E-05
     -4.709  0.1874E-01  0.3576E-02  0.5112E-04  0.2869E-04  0.3117E-02  0.1135E-02  0.8580E-04  0.4238E-04  0.1514E-04  0.4630E-05  0.2080E-02  0.4168E-03  0.6049E-01  0.7667E-02  0.3486E-02  0.6287E-03  0.1220E-04  0.3185E-05
     -4.699  0.1949E-01  0.3330E-02  0.4080E-04  0.2661E-04  0.3223E-02  0.1051E-02  0.6682E-04  0.3601E-04  0.1410E-04  0.3661E-05  0.1661E-02  0.3867E-03  0.6307E-01  0.7149E-02  0.2723E-02  0.5347E-03  0.1032E-04  0.2643E-05
     -4.689  0.1940E-01  0.3280E-02  0.3944E-04  0.2600E-04  0.3202E-02  0.1033E-02  0.6414E-04  0.3459E-04  0.1385E-04  0.3461E-05  0.1612E-02  0.3779E-03  0.6288E-01  0.7051E-02  0.2619E-02  0.5136E-03  0.1005E-04  0.2523E-05
     -4.679  0.1886E-01  0.3253E-02  0.3865E-04  0.2523E-04  0.3096E-02  0.1023E-02  0.5768E-04  0.3332E-04  0.1169E-04  0.3306E-05  0.1601E-02  0.3666E-03  0.6126E-01  0.6998E-02  0.2365E-02  0.4946E-03  0.8988E-05  0.2425E-05
     -4.669  0.1871E-01  0.3222E-02  0.3671E-04  0.2446E-04  0.3066E-02  0.1012E-02  0.5473E-04  0.3206E-04  0.1126E-04  0.3152E-05  0.1523E-02  0.3553E-03  0.6085E-01  0.6938E-02  0.2247E-02  0.4757E-03  0.8595E-05  0.2330E-05
     -4.659  0.1851E-01  0.3188E-02  0.3482E-04  0.2368E-04  0.3028E-02  0.1000E-02  0.5186E-04  0.3082E-04  0.1082E-04  0.3000E-05  0.1448E-02  0.3439E-03  0.6026E-01  0.6871E-02  0.2133E-02  0.4571E-03  0.8206E-05  0.2236E-05
     -4.649  0.1823E-01  0.3151E-02  0.3296E-04  0.2291E-04  0.2976E-02  0.9877E-03  0.4904E-04  0.2959E-04  0.1037E-04  0.2851E-05  0.1373E-02  0.3325E-03  0.5939E-01  0.6797E-02  0.2020E-02  0.4388E-03  0.7815E-05  0.2145E-05
     -4.639  0.1713E-01  0.3112E-02  0.3063E-04  0.2213E-04  0.2789E-02  0.9740E-03  0.4500E-04  0.2838E-04  0.9805E-05  0.2703E-05  0.1280E-02  0.3212E-03  0.5591E-01  0.6717E-02  0.1858E-02  0.4206E-03  0.7304E-05  0.2055E-05
     -4.629  0.1608E-01  0.3069E-02  0.2828E-04  0.2135E-04  0.2611E-02  0.9595E-03  0.4092E-04  0.2718E-04  0.9240E-05  0.2558E-05  0.1185E-02  0.3098E-03  0.5257E-01  0.6629E-02  0.1695E-02  0.4026E-03  0.6800E-05  0.1968E-05
     -4.619  0.4539E-01  0.3023E-02  0.9957E-04  0.2058E-04  0.7450E-02  0.9440E-03  0.9384E-04  0.2600E-04  0.5127E-04  0.2414E-05  0.4322E-02  0.2984E-03  0.1483E+00  0.6534E-02  0.4041E-02  0.3848E-03  0.2003E-04  0.1883E-05
     -4.609  0.8995E-01  0.2320E-02  0.1895E-03  0.1914E-04  0.1481E-01  0.7233E-03  0.1798E-03  0.2344E-04  0.9135E-04  0.2119E-05  0.8306E-02  0.2778E-03  0.2932E+00  0.5031E-02  0.7868E-02  0.3472E-03  0.6267E-04  0.1711E-05
     -4.599  0.8337E-01  0.3560E-02  0.2353E-03  0.4150E-04  0.1369E-01  0.1116E-02  0.2127E-03  0.2926E-04  0.9450E-04  0.3650E-05  0.1038E-01  0.6106E-03  0.2723E+00  0.7838E-02  0.9363E-02  0.4324E-03  0.6426E-04  0.2264E-05
     -4.589  0.7271E-01  0.2191E-01  0.2456E-03  0.2557E-03  0.1189E-01  0.6886E-02  0.1878E-03  0.1717E-03  0.9035E-04  0.2303E-04  0.1089E-01  0.3771E-02  0.2379E+00  0.4838E-01  0.8286E-02  0.2558E-02  0.5522E-04  0.1459E-04
     -4.579  0.5822E-01  0.1901E-01  0.1703E-03  0.1304E-03  0.9389E-02  0.5940E-02  0.1404E-03  0.1086E-03  0.6457E-04  0.1180E-04  0.7586E-02  0.1910E-02  0.1912E+00  0.4179E-01  0.6224E-02  0.1614E-02  0.4256E-04  0.8339E-05
     -4.569  0.5358E-01  0.2477E-01  0.1329E-03  0.9369E-04  0.8582E-02  0.7695E-02  0.1094E-03  0.8188E-04  0.5249E-04  0.8608E-05  0.5934E-02  0.1381E-02  0.1762E+00  0.5409E-01  0.4859E-02  0.1232E-02  0.3785E-04  0.8207E-05
     -4.559  0.5515E-01  0.1281E-01  0.1345E-03  0.7374E-04  0.8799E-02  0.3968E-02  0.1105E-03  0.6417E-04  0.5304E-04  0.6860E-05  0.6022E-02  0.1086E-02  0.1815E+00  0.2803E-01  0.4924E-02  0.9653E-03  0.3866E-04  0.6418E-05
     -4.549  0.5646E-01  0.1441E-01  0.1369E-03  0.7762E-04  0.8971E-02  0.4440E-02  0.1129E-03  0.7339E-04  0.5426E-04  0.7955E-05  0.6146E-02  0.1141E-02  0.1860E+00  0.3141E-01  0.5045E-02  0.1101E-02  0.3969E-04  0.7246E-05
     -4.539  0.5706E-01  0.1655E-01  0.1603E-03  0.8335E-04  0.8979E-02  0.5064E-02  0.1265E-03  0.8041E-04  0.6132E-04  0.8699E-05  0.7151E-02  0.1219E-02  0.1874E+00  0.3602E-01  0.5647E-02  0.1203E-02  0.4802E-04  0.8279E-05
     -4.529  0.6075E-01  0.1633E-01  0.1669E-03  0.7444E-04  0.9482E-02  0.4965E-02  0.1302E-03  0.7298E-04  0.6313E-04  0.7854E-05  0.7501E-02  0.1086E-02  0.2003E+00  0.3564E-01  0.5840E-02  0.1089E-02  0.5013E-04  0.7450E-05
     -4.519  0.6567E-01  0.1627E-01  0.1735E-03  0.6756E-04  0.1018E-01  0.4912E-02  0.1338E-03  0.6643E-04  0.6556E-04  0.7088E-05  0.7857E-02  0.9851E-03  0.2172E+00  0.3564E-01  0.6030E-02  0.9898E-03  0.5256E-04  0.6630E-05
     -4.509  0.5899E-01  0.1686E-01  0.1636E-03  0.6309E-04  0.8976E-02  0.5049E-02  0.1090E-03  0.6038E-04  0.4351E-04  0.6713E-05  0.7505E-02  0.9232E-03  0.1962E+00  0.3706E-01  0.4953E-02  0.9030E-03  0.5435E-04  0.6130E-05
     -4.499  0.4993E-01  0.1782E-01  0.1392E-03  0.5963E-04  0.7472E-02  0.5300E-02  0.9954E-04  0.5564E-04  0.4165E-04  0.7065E-05  0.6473E-02  0.8743E-03  0.1669E+00  0.3923E-01  0.4564E-02  0.8352E-03  0.3821E-04  0.6150E-05
     -4.489  0.5524E-01  0.1789E-01  0.1364E-03  0.5600E-04  0.8252E-02  0.5295E-02  0.9794E-04  0.5143E-04  0.4433E-04  0.7009E-05  0.6372E-02  0.8232E-03  0.1847E+00  0.3939E-01  0.4512E-02  0.7746E-03  0.4056E-04  0.5967E-05
     -4.479  0.5892E-01  0.1784E-01  0.1307E-03  0.5103E-04  0.8791E-02  0.5256E-02  0.9270E-04  0.4658E-04  0.4692E-04  0.6905E-05  0.6141E-02  0.7542E-03  0.1971E+00  0.3929E-01  0.4295E-02  0.7045E-03  0.4289E-04  0.5716E-05
     -4.469  0.6215E-01  0.1807E-01  0.1246E-03  0.4668E-04  0.9260E-02  0.5299E-02  0.8641E-04  0.4260E-04  0.5031E-04  0.6942E-05  0.5895E-02  0.6950E-03  0.2080E+00  0.3980E-01  0.4035E-02  0.6480E-03  0.4579E-04  0.5582E-05
     -4.459  0.6615E-01  0.1862E-01  0.1206E-03  0.4369E-04  0.9842E-02  0.5443E-02  0.8195E-04  0.4001E-04  0.5561E-04  0.7039E-05  0.5749E-02  0.6549E-03  0.2216E+00  0.4103E-01  0.3866E-02  0.6117E-03  0.4995E-04  0.5555E-05
     -4.449  0.7655E-01  0.2008E-01  0.1272E-03  0.4411E-04  0.1138E-01  0.5867E-02  0.9082E-04  0.4044E-04  0.6379E-04  0.7313E-05  0.6124E-02  0.6623E-03  0.2565E+00  0.4426E-01  0.4324E-02  0.6192E-03  0.5695E-04  0.5770E-05
     -4.439  0.7436E-01  0.2156E-01  0.1188E-03  0.4463E-04  0.1104E-01  0.6297E-02  0.9038E-04  0.4091E-04  0.5650E-04  0.7599E-05  0.5796E-02  0.6713E-03  0.2496E+00  0.4754E-01  0.4343E-02  0.6274E-03  0.4673E-04  0.5993E-05
     -4.429  0.8503E-01  0.2477E-01  0.1575E-03  0.5173E-04  0.1259E-01  0.7236E-02  0.9765E-04  0.4842E-04  0.6732E-04  0.9039E-05  0.7750E-02  0.7800E-03  0.2859E+00  0.5460E-01  0.4772E-02  0.7445E-03  0.5950E-04  0.6963E-05
     -4.419  0.6680E-01  0.3008E-01  0.1074E-03  0.6608E-04  0.9856E-02  0.8789E-02  0.7137E-04  0.6420E-04  0.5329E-04  0.1183E-04  0.5324E-02  0.9992E-03  0.2250E+00  0.6625E-01  0.3516E-02  0.9901E-03  0.4465E-04  0.8763E-05
     -4.409  0.5449E-01  0.3632E-01  0.8789E-04  0.8314E-04  0.8001E-02  0.1062E-01  0.5816E-04  0.8347E-04  0.4336E-04  0.1518E-04  0.4426E-02  0.1260E-02  0.1840E+00  0.7994E-01  0.2909E-02  0.1290E-02  0.3403E-04  0.1087E-04
     -4.399  0.5611E-01  0.3271E-01  0.1179E-03  0.7806E-04  0.8224E-02  0.9539E-02  0.7785E-04  0.6805E-04  0.4330E-04  0.1125E-04  0.5983E-02  0.1184E-02  0.1895E+00  0.7212E-01  0.3980E-02  0.1054E-02  0.3446E-04  0.9619E-05
     -4.389  0.5797E-01  0.3009E-01  0.1743E-03  0.4449E-04  0.8470E-02  0.8746E-02  0.1131E-03  0.3700E-04  0.4479E-04  0.7643E-05  0.9035E-02  0.6852E-03  0.1960E+00  0.6649E-01  0.5871E-02  0.5822E-03  0.3654E-04  0.6602E-05
     -4.379  0.5807E-01  0.3614E-01  0.2212E-03  0.5761E-04  0.8462E-02  0.1050E-01  0.1347E-03  0.4560E-04  0.4336E-04  0.8826E-05  0.1154E-01  0.8918E-03  0.1966E+00  0.7990E-01  0.7006E-02  0.7213E-03  0.3617E-04  0.7889E-05
     -4.369  0.4536E-01  0.6735E-01  0.1133E-02  0.3156E-03  0.6534E-02  0.1959E-01  0.7987E-03  0.1529E-03  0.7373E-04  0.1045E-04  0.5828E-01  0.4856E-02  0.1547E+00  0.1490E+00  0.4078E-01  0.2381E-02  0.8461E-04  0.1243E-04
     -4.359  0.1460E-01  0.3790E-01  0.8292E-04  0.1797E-03  0.2076E-02  0.1097E-01  0.7621E-04  0.1736E-03  0.2151E-04  0.1649E-04  0.4529E-02  0.2759E-02  0.4960E-01  0.8390E-01  0.4091E-02  0.2717E-02  0.1832E-04  0.9444E-05
     -4.349  0.1432E-01  0.2638E-01  0.8653E-04  0.6371E-04  0.2032E-02  0.7618E-02  0.8034E-04  0.5496E-04  0.2070E-04  0.8832E-05  0.4721E-02  0.9941E-03  0.4868E-01  0.5839E-01  0.4307E-02  0.8722E-03  0.1817E-04  0.7269E-05
     -4.339  0.2452E-01  0.2381E-01  0.2241E-03  0.5935E-04  0.3441E-02  0.6875E-02  0.1812E-03  0.4643E-04  0.2466E-04  0.7401E-05  0.1197E-01  0.9310E-03  0.8322E-01  0.5270E-01  0.9524E-02  0.7409E-03  0.2355E-04  0.6970E-05
     -4.329  0.3758E-01  0.2624E-01  0.3222E-03  0.1739E-03  0.5239E-02  0.7550E-02  0.2746E-03  0.1034E-03  0.3188E-04  0.1157E-04  0.1720E-01  0.2725E-02  0.1278E+00  0.5782E-01  0.1441E-01  0.1658E-02  0.2856E-04  0.1351E-04
     -4.319  0.4873E-01  0.2366E-01  0.3308E-03  0.1976E-03  0.6762E-02  0.6804E-02  0.3068E-03  0.1215E-03  0.3990E-04  0.1035E-04  0.1778E-01  0.3098E-02  0.1664E+00  0.5208E-01  0.1620E-01  0.1941E-02  0.3008E-04  0.1301E-04
     -4.309  0.3830E-01  0.2069E-01  0.2676E-03  0.2245E-03  0.5309E-02  0.5947E-02  0.2541E-03  0.1400E-03  0.3534E-04  0.9157E-05  0.1453E-01  0.3523E-02  0.1310E+00  0.4549E-01  0.1352E-01  0.2230E-02  0.2900E-04  0.1245E-04
     -4.299  0.2988E-01  0.1847E-01  0.2289E-03  0.2082E-03  0.4139E-02  0.5303E-02  0.2068E-03  0.1404E-03  0.2858E-04  0.7794E-05  0.1246E-01  0.3261E-02  0.1022E+00  0.4057E-01  0.1104E-01  0.2234E-02  0.2435E-04  0.1123E-04
     -4.289  0.2234E-01  0.1285E-01  0.1913E-03  0.1477E-03  0.3091E-02  0.3689E-02  0.1623E-03  0.1040E-03  0.2238E-04  0.5168E-05  0.1044E-01  0.2314E-02  0.7650E-01  0.2825E-01  0.8694E-02  0.1652E-02  0.1962E-04  0.8005E-05
     -4.279  0.1561E-01  0.6935E-02  0.1487E-03  0.7387E-04  0.2154E-02  0.1995E-02  0.1178E-03  0.4961E-04  0.1647E-04  0.2887E-05  0.8137E-02  0.1159E-02  0.5353E-01  0.1528E-01  0.6345E-02  0.7849E-03  0.1444E-04  0.3718E-05
     -4.269  0.1019E-01  0.4479E-02  0.1075E-03  0.3894E-04  0.1397E-02  0.1289E-02  0.7741E-04  0.2717E-04  0.1136E-04  0.1874E-05  0.5905E-02  0.6074E-03  0.3502E-01  0.9883E-02  0.4207E-02  0.4275E-03  0.9256E-05  0.2124E-05
     -4.259  0.1322E-01  0.8798E-02  0.2021E-03  0.5423E-04  0.1771E-02  0.2483E-02  0.1346E-03  0.4113E-04  0.1357E-04  0.7762E-05  0.1114E-01  0.8447E-03  0.4579E-01  0.1948E-01  0.7373E-02  0.6516E-03  0.1384E-04  0.4958E-05
     -4.249  0.3446E-01  0.2092E-01  0.5010E-03  0.1263E-03  0.4526E-02  0.5842E-02  0.3171E-03  0.9164E-04  0.2683E-04  0.1571E-04  0.2762E-01  0.1975E-02  0.1202E+00  0.4636E-01  0.1737E-01  0.1463E-02  0.3123E-04  0.1067E-04
     -4.239  0.2191E-01  0.3478E-01  0.3442E-03  0.1918E-03  0.2855E-02  0.9683E-02  0.2579E-03  0.1414E-03  0.2934E-04  0.2236E-04  0.1909E-01  0.3006E-02  0.7642E-01  0.7708E-01  0.1431E-01  0.2268E-02  0.2747E-04  0.1590E-04
     -4.229  0.1749E-01  0.3458E-01  0.2947E-03  0.1674E-03  0.2262E-02  0.9607E-02  0.2412E-03  0.1598E-03  0.3067E-04  0.2265E-04  0.1635E-01  0.2627E-02  0.6103E-01  0.7657E-01  0.1346E-01  0.2593E-02  0.2870E-04  0.1677E-04
     -4.219  0.8589E-02  0.1064E-01  0.1983E-03  0.5995E-04  0.1106E-02  0.2966E-02  0.1314E-03  0.5556E-04  0.1017E-04  0.1063E-04  0.1099E-01  0.9394E-03  0.3003E-01  0.2356E-01  0.7257E-02  0.8939E-03  0.1729E-04  0.7083E-05
     -4.209  0.5917E-02  0.7438E-02  0.1169E-03  0.4363E-04  0.7593E-03  0.2073E-02  0.9582E-04  0.4361E-04  0.8967E-05  0.8100E-05  0.6516E-02  0.6841E-03  0.2077E-01  0.1647E-01  0.5330E-02  0.6999E-03  0.9776E-05  0.4980E-05
     -4.199  0.6027E-02  0.5967E-02  0.1096E-03  0.4066E-04  0.7708E-03  0.1662E-02  0.9203E-04  0.4008E-04  0.8943E-05  0.6266E-05  0.6121E-02  0.6357E-03  0.2118E-01  0.1322E-01  0.5128E-02  0.6412E-03  0.9848E-05  0.4133E-05
     -4.189  0.6098E-02  0.4731E-02  0.1014E-03  0.3683E-04  0.7776E-03  0.1317E-02  0.8748E-04  0.3672E-04  0.8703E-05  0.4946E-05  0.5672E-02  0.5738E-03  0.2146E-01  0.1048E-01  0.4880E-02  0.5862E-03  0.9549E-05  0.3299E-05
     -4.179  0.8087E-02  0.4305E-02  0.9338E-04  0.3128E-04  0.1013E-02  0.1193E-02  0.8407E-04  0.3170E-04  0.8978E-05  0.4523E-05  0.5252E-02  0.4870E-03  0.2862E-01  0.9554E-02  0.4729E-02  0.5063E-03  0.9534E-05  0.2927E-05
     -4.169  0.2428E-01  0.4122E-02  0.1100E-03  0.2580E-04  0.2970E-02  0.1134E-02  0.9108E-04  0.2637E-04  0.1485E-04  0.4235E-05  0.6355E-02  0.4023E-03  0.8654E-01  0.9173E-02  0.5215E-02  0.4216E-03  0.1733E-04  0.2761E-05
     -4.159  0.4816E-01  0.4497E-02  0.1411E-03  0.2375E-04  0.5854E-02  0.1225E-02  0.1101E-03  0.2476E-04  0.2426E-04  0.4717E-05  0.8329E-02  0.3722E-03  0.1720E+00  0.1004E-01  0.6423E-02  0.3971E-03  0.2860E-04  0.3208E-05
     -4.149  0.3043E+00  0.5757E-02  0.3289E-03  0.2792E-04  0.3678E-01  0.1554E-02  0.2933E-03  0.2993E-04  0.8687E-04  0.6401E-05  0.1974E-01  0.4397E-03  0.1087E+01  0.1291E-01  0.1719E-01  0.4827E-03  0.9840E-04  0.4604E-05
     -4.139  0.3317E+00  0.7197E-02  0.3540E-03  0.3256E-04  0.3985E-01  0.1930E-02  0.3937E-03  0.3553E-04  0.9834E-04  0.8243E-05  0.2130E-01  0.5148E-03  0.1186E+01  0.1618E-01  0.2306E-01  0.5757E-03  0.1362E-03  0.6144E-05
     -4.128  0.2781E+00  0.8816E-02  0.3973E-03  0.3766E-04  0.3328E-01  0.2354E-02  0.4341E-03  0.4156E-04  0.1159E-03  0.1024E-04  0.2413E-01  0.5974E-03  0.9959E+00  0.1985E-01  0.2584E-01  0.6763E-03  0.1786E-03  0.7829E-05
     -4.118  0.1774E+00  0.1243E-01  0.3277E-03  0.4795E-04  0.2118E-01  0.3307E-02  0.3493E-03  0.5276E-04  0.1038E-03  0.1507E-04  0.2002E-01  0.7642E-03  0.6362E+00  0.2801E-01  0.2110E-01  0.8648E-03  0.1569E-03  0.1371E-04
     -4.108  0.9429E-01  0.2517E-01  0.2473E-03  0.7969E-04  0.1122E-01  0.6678E-02  0.2657E-03  0.8700E-04  0.8207E-04  0.3078E-04  0.1524E-01  0.1280E-02  0.3389E+00  0.5672E-01  0.1635E-01  0.1446E-02  0.1043E-03  0.3228E-04
     -4.098  0.8503E-01  0.1154E-01  0.2284E-03  0.4817E-04  0.1011E-01  0.3061E-02  0.2548E-03  0.5516E-04  0.7289E-04  0.1780E-04  0.1417E-01  0.7704E-03  0.3057E+00  0.2617E-01  0.1580E-01  0.9082E-03  0.8671E-04  0.1507E-04
     -4.088  0.7659E-01  0.7637E-02  0.2205E-03  0.3556E-04  0.9090E-02  0.2020E-02  0.2489E-03  0.4284E-04  0.6466E-04  0.1442E-04  0.1383E-01  0.5678E-03  0.2754E+00  0.1738E-01  0.1559E-01  0.7053E-03  0.7212E-04  0.1046E-04
     -4.078  0.6586E-01  0.6199E-02  0.2112E-03  0.3533E-04  0.7800E-02  0.1635E-02  0.2279E-03  0.4476E-04  0.5714E-04  0.1249E-04  0.1338E-01  0.5654E-03  0.2369E+00  0.1417E-01  0.1442E-01  0.7389E-03  0.6078E-04  0.8426E-05
     -4.068  0.5351E-01  0.5691E-02  0.1911E-03  0.4254E-04  0.6320E-02  0.1498E-02  0.1949E-03  0.5397E-04  0.5003E-04  0.1127E-04  0.1223E-01  0.6827E-03  0.1926E+00  0.1305E-01  0.1243E-01  0.8937E-03  0.5162E-04  0.7079E-05
     -4.058  0.4186E-01  0.5246E-02  0.1696E-03  0.5116E-04  0.4923E-02  0.1378E-02  0.1593E-03  0.6423E-04  0.4244E-04  0.9933E-05  0.1096E-01  0.8230E-03  0.1507E+00  0.1207E-01  0.1026E-01  0.1067E-02  0.4300E-04  0.5782E-05
     -4.048  0.3092E-01  0.4904E-02  0.1475E-03  0.6123E-04  0.3615E-02  0.1287E-02  0.1207E-03  0.7600E-04  0.3442E-04  0.8511E-05  0.9636E-02  0.9869E-03  0.1114E+00  0.1131E-01  0.7872E-02  0.1265E-02  0.3493E-04  0.4546E-05
     -4.038  0.1871E-01  0.7896E-02  0.1112E-03  0.1381E-03  0.2170E-02  0.2065E-02  0.6761E-04  0.1672E-03  0.1531E-04  0.6315E-05  0.7377E-02  0.2231E-02  0.6710E-01  0.1830E-01  0.4506E-02  0.2787E-02  0.2528E-04  0.4375E-05
     -4.028  0.2717E-01  0.2226E-02  0.1657E-03  0.4089E-04  0.3032E-02  0.5746E-03  0.1611E-03  0.2362E-04  0.1610E-04  0.2420E-05  0.1098E-01  0.6620E-03  0.9821E-01  0.5140E-02  0.1056E-01  0.3861E-03  0.3056E-04  0.3800E-05
     -4.018  0.3899E-01  0.6160E-02  0.2117E-03  0.6707E-04  0.4260E-02  0.1569E-02  0.2943E-03  0.3439E-04  0.2713E-04  0.3498E-05  0.1434E-01  0.1098E-02  0.1417E+00  0.1401E-01  0.1949E-01  0.5710E-03  0.3655E-04  0.6373E-05
     -4.008  0.3510E-01  0.1245E-01  0.2289E-03  0.1104E-03  0.3807E-02  0.3159E-02  0.2854E-03  0.5549E-04  0.2948E-04  0.6141E-05  0.1584E-01  0.1821E-02  0.1279E+00  0.2822E-01  0.1925E-01  0.9310E-03  0.4094E-04  0.1103E-04
     -3.998  0.3256E-01  0.2103E-01  0.2544E-03  0.4579E-04  0.3514E-02  0.5298E-02  0.2827E-03  0.3502E-04  0.3367E-04  0.2953E-05  0.1788E-01  0.7731E-03  0.1188E+00  0.4754E-01  0.1941E-01  0.6012E-03  0.4898E-04  0.1566E-05
     -3.988  0.3089E-01  0.3755E-01  0.3350E-03  0.7094E-04  0.3322E-02  0.9417E-02  0.3117E-03  0.5859E-04  0.5781E-04  0.6098E-05  0.2383E-01  0.1206E-02  0.1128E+00  0.8475E-01  0.2168E-01  0.1017E-02  0.7710E-04  0.3737E-05
     -3.978  0.2843E-01  0.6083E-01  0.3527E-03  0.1111E-03  0.3053E-02  0.1522E-01  0.2994E-03  0.9325E-04  0.5569E-04  0.1259E-04  0.2524E-01  0.1894E-02  0.1039E+00  0.1372E+00  0.2101E-01  0.1625E-02  0.8432E-04  0.8319E-05
     -3.968  0.2627E-01  0.8712E-01  0.3321E-03  0.1556E-03  0.2816E-02  0.2176E-01  0.2784E-03  0.1314E-03  0.5139E-04  0.2011E-04  0.2387E-01  0.2655E-02  0.9604E-01  0.1963E+00  0.1966E-01  0.2296E-02  0.7878E-04  0.1366E-04
     -3.958  0.2579E-01  0.1192E+00  0.3047E-03  0.1933E-03  0.2753E-02  0.2968E-01  0.2587E-03  0.1706E-03  0.4875E-04  0.2963E-04  0.2203E-01  0.3301E-02  0.9450E-01  0.2686E+00  0.1839E-01  0.2985E-02  0.7155E-04  0.2003E-04
     -3.948  0.2868E-01  0.1675E+00  0.2803E-03  0.2936E-03  0.3034E-02  0.4151E-01  0.2502E-03  0.2689E-03  0.5141E-04  0.5795E-04  0.2046E-01  0.5017E-02  0.1056E+00  0.3771E+00  0.1798E-01  0.4711E-02  0.6528E-04  0.3885E-04
     -3.938  0.3145E-01  0.2562E+00  0.2762E-03  0.5366E-03  0.3302E-02  0.6334E-01  0.2526E-03  0.5791E-03  0.5691E-04  0.1268E-03  0.2034E-01  0.9172E-02  0.1162E+00  0.5762E+00  0.1835E-01  0.1016E-01  0.6563E-04  0.8366E-04
     -3.928  0.3373E-01  0.2352E+00  0.2822E-03  0.3738E-03  0.3512E-02  0.5794E-01  0.2613E-03  0.5076E-03  0.6406E-04  0.9641E-04  0.2095E-01  0.6464E-02  0.1250E+00  0.5296E+00  0.1918E-01  0.8990E-02  0.6961E-04  0.5783E-04
     -3.918  0.3513E-01  0.1512E+00  0.2864E-03  0.2634E-03  0.3629E-02  0.3717E-01  0.2683E-03  0.2842E-03  0.7011E-04  0.6078E-04  0.2143E-01  0.4554E-02  0.1306E+00  0.3407E+00  0.1987E-01  0.5029E-02  0.7316E-04  0.3913E-04
     -3.908  0.3616E-01  0.9625E-01  0.2935E-03  0.2193E-03  0.3706E-02  0.2363E-01  0.2772E-03  0.2118E-03  0.7547E-04  0.4910E-04  0.2211E-01  0.3783E-02  0.1347E+00  0.2168E+00  0.2070E-01  0.3747E-02  0.7669E-04  0.3268E-04
     -3.898  0.3802E-01  0.4664E-01  0.3144E-03  0.1991E-03  0.3856E-02  0.1144E-01  0.3045E-03  0.1683E-03  0.8520E-04  0.4021E-04  0.2388E-01  0.3435E-02  0.1420E+00  0.1050E+00  0.2301E-01  0.2978E-02  0.8236E-04  0.2870E-04
     -3.888  0.2703E-01  0.1668E-01  0.2661E-03  0.1918E-03  0.2690E-02  0.4079E-02  0.2671E-03  0.1425E-03  0.7496E-04  0.3500E-04  0.2048E-01  0.3310E-02  0.1013E+00  0.3743E-01  0.2046E-01  0.2523E-02  0.7433E-04  0.2680E-04
     -3.878  0.1299E-01  0.1488E-01  0.9900E-04  0.1977E-03  0.1200E-02  0.3620E-02  0.1584E-03  0.1345E-03  0.2936E-04  0.3459E-04  0.7888E-02  0.3411E-02  0.4917E-01  0.3337E-01  0.1249E-01  0.2382E-02  0.1920E-04  0.2747E-04
     -3.868  0.1653E-01  0.4832E-02  0.1271E-03  0.7492E-04  0.1526E-02  0.1152E-02  0.2026E-03  0.6443E-04  0.3760E-04  0.1146E-04  0.1015E-01  0.1294E-02  0.6263E-01  0.1082E-01  0.1602E-01  0.1153E-02  0.2453E-04  0.1022E-04
     -3.858  0.2069E-01  0.2502E-02  0.1615E-03  0.1655E-04  0.1907E-02  0.5773E-03  0.2552E-03  0.3413E-04  0.4613E-04  0.3900E-05  0.1302E-01  0.2935E-03  0.7843E-01  0.5592E-02  0.2035E-01  0.6256E-03  0.3088E-04  0.1984E-05
     -3.848  0.2839E-01  0.2819E-02  0.2098E-03  0.1856E-04  0.2597E-02  0.6506E-03  0.3391E-03  0.3828E-04  0.5861E-04  0.4415E-05  0.1707E-01  0.3291E-03  0.1078E+00  0.6302E-02  0.2736E-01  0.7015E-03  0.3992E-04  0.2227E-05
     -3.838  0.4513E-01  0.3148E-02  0.2942E-03  0.2062E-04  0.4055E-02  0.7266E-03  0.5224E-03  0.4253E-04  0.8559E-04  0.4949E-05  0.2425E-01  0.3655E-03  0.1722E+00  0.7038E-02  0.4310E-01  0.7791E-03  0.5954E-04  0.2475E-05
     -3.828  0.5006E-01  0.3489E-02  0.3424E-03  0.2273E-04  0.4450E-02  0.8051E-03  0.6190E-03  0.4688E-04  0.9747E-04  0.5502E-05  0.2858E-01  0.4028E-03  0.1914E+00  0.7799E-02  0.5185E-01  0.8585E-03  0.7172E-04  0.2730E-05
     -3.818  0.5626E-01  0.3841E-02  0.4044E-03  0.2489E-04  0.4945E-02  0.8863E-03  0.7378E-03  0.5132E-04  0.1145E-03  0.6074E-05  0.3420E-01  0.4410E-03  0.2156E+00  0.8586E-02  0.6260E-01  0.9397E-03  0.8612E-04  0.2991E-05
     -3.808  0.6416E-01  0.5340E-02  0.7097E-03  0.7788E-04  0.5588E-02  0.1241E-02  0.1120E-02  0.1156E-03  0.1525E-03  0.1124E-04  0.5939E-01  0.1317E-02  0.2467E+00  0.1211E-01  0.9440E-01  0.2042E-02  0.1084E-03  0.4449E-05
     -3.798  0.7225E-01  0.6289E-02  0.8113E-03  0.1075E-03  0.6222E-02  0.1453E-02  0.1245E-02  0.1234E-03  0.1778E-03  0.1270E-04  0.6846E-01  0.1831E-02  0.2786E+00  0.1432E-01  0.1062E+00  0.2192E-02  0.1271E-03  0.5762E-05
     -3.788  0.7405E-01  0.8215E-02  0.6761E-03  0.7496E-04  0.6309E-02  0.1867E-02  0.1166E-02  0.9781E-04  0.1759E-03  0.1060E-04  0.5840E-01  0.1343E-02  0.2858E+00  0.1866E-01  0.1014E+00  0.1806E-02  0.1326E-03  0.5771E-05
     -3.778  0.7198E-01  0.4255E-01  0.5830E-03  0.2205E-03  0.6094E-02  0.9834E-02  0.1097E-02  0.4054E-03  0.1716E-03  0.3204E-04  0.5152E-01  0.4060E-02  0.2778E+00  0.9796E-01  0.9692E-01  0.7606E-02  0.1357E-03  0.2078E-04
     -3.768  0.6889E-01  0.3894E-01  0.5684E-03  0.2302E-03  0.5808E-02  0.8970E-02  0.1058E-02  0.4039E-03  0.1699E-03  0.3203E-04  0.5082E-01  0.4240E-02  0.2660E+00  0.8959E-01  0.9408E-01  0.7589E-02  0.1319E-03  0.2188E-04
     -3.758  0.6862E-01  0.3540E-01  0.6086E-03  0.2395E-03  0.5762E-02  0.8121E-02  0.1068E-02  0.4043E-03  0.1834E-03  0.3215E-04  0.5539E-01  0.4414E-02  0.2651E+00  0.8139E-01  0.9576E-01  0.7606E-02  0.1369E-03  0.2289E-04
     -3.748  0.6820E-01  0.2854E-01  0.6612E-03  0.2303E-03  0.5707E-02  0.6495E-02  0.1083E-02  0.3800E-03  0.1975E-03  0.3129E-04  0.6116E-01  0.4252E-02  0.2636E+00  0.6546E-01  0.9780E-01  0.7161E-02  0.1429E-03  0.2267E-04
     -3.738  0.6709E-01  0.2083E-01  0.7170E-03  0.1969E-03  0.5596E-02  0.4687E-02  0.1092E-02  0.3168E-03  0.2092E-03  0.2755E-04  0.6727E-01  0.3644E-02  0.2593E+00  0.4755E-01  0.9940E-01  0.5985E-02  0.1482E-03  0.2086E-04
     -3.728  0.6371E-01  0.1964E-01  0.7768E-03  0.1862E-03  0.5295E-02  0.4414E-02  0.1095E-02  0.2974E-03  0.2177E-03  0.2582E-04  0.7393E-01  0.3448E-02  0.2464E+00  0.4482E-01  0.1005E+00  0.5625E-02  0.1579E-03  0.1972E-04
     -3.718  0.5927E-01  0.1843E-01  0.8388E-03  0.1752E-03  0.4911E-02  0.4137E-02  0.1089E-02  0.2780E-03  0.2246E-03  0.2409E-04  0.8083E-01  0.3249E-02  0.2293E+00  0.4205E-01  0.1009E+00  0.5265E-02  0.1678E-03  0.1855E-04
     -3.708  0.5384E-01  0.1720E-01  0.9028E-03  0.1641E-03  0.4447E-02  0.3855E-02  0.1075E-02  0.2587E-03  0.2301E-03  0.2237E-04  0.8797E-01  0.3046E-02  0.2083E+00  0.3922E-01  0.1005E+00  0.4904E-02  0.1778E-03  0.1734E-04
     -3.698  0.5134E-01  0.1594E-01  0.9883E-03  0.1528E-03  0.4228E-02  0.3569E-02  0.1097E-02  0.2393E-03  0.2416E-03  0.2066E-04  0.9700E-01  0.2839E-02  0.1987E+00  0.3635E-01  0.1033E+00  0.4542E-02  0.1914E-03  0.1609E-04
     -3.688  0.4976E-01  0.1467E-01  0.1115E-02  0.1413E-03  0.4079E-02  0.3279E-02  0.1179E-02  0.2199E-03  0.2669E-03  0.1895E-04  0.1102E+00  0.2629E-02  0.1927E+00  0.3342E-01  0.1120E+00  0.4180E-02  0.2221E-03  0.1480E-04
     -3.678  0.4646E-01  0.1534E-01  0.1147E-02  0.1597E-03  0.3792E-02  0.3402E-02  0.1134E-02  0.2418E-03  0.2566E-03  0.3053E-04  0.1139E+00  0.2976E-02  0.1799E+00  0.3493E-01  0.1088E+00  0.4597E-02  0.2136E-03  0.2339E-04
     -3.668  0.4347E-01  0.1605E-01  0.1180E-02  0.1586E-03  0.3532E-02  0.3533E-02  0.1096E-02  0.2336E-03  0.2464E-03  0.3155E-04  0.1178E+00  0.2959E-02  0.1684E+00  0.3657E-01  0.1061E+00  0.4447E-02  0.2054E-03  0.2412E-04
     -3.658  0.4150E-01  0.1690E-01  0.1226E-02  0.1575E-03  0.3357E-02  0.3692E-02  0.1089E-02  0.2248E-03  0.2393E-03  0.3231E-04  0.1226E+00  0.2942E-02  0.1608E+00  0.3851E-01  0.1063E+00  0.4287E-02  0.2030E-03  0.2465E-04
     -3.648  0.4011E-01  0.1787E-01  0.1295E-02  0.1565E-03  0.3219E-02  0.3879E-02  0.1125E-02  0.2157E-03  0.2317E-03  0.3280E-04  0.1299E+00  0.2926E-02  0.1555E+00  0.4075E-01  0.1109E+00  0.4118E-02  0.2040E-03  0.2499E-04
     -3.638  0.4907E-01  0.1898E-01  0.1834E-02  0.1555E-03  0.3758E-02  0.4095E-02  0.1560E-02  0.2061E-03  0.2778E-03  0.3303E-04  0.1858E+00  0.2911E-02  0.1913E+00  0.4329E-01  0.1579E+00  0.3940E-02  0.2373E-03  0.2513E-04
     -3.628  0.4900E-01  0.2022E-01  0.1823E-02  0.1546E-03  0.3730E-02  0.4338E-02  0.1615E-02  0.1960E-03  0.2522E-03  0.3299E-04  0.1856E+00  0.2896E-02  0.1909E+00  0.4614E-01  0.1647E+00  0.3753E-02  0.2208E-03  0.2508E-04
     -3.618  0.4560E-01  0.2161E-01  0.1640E-02  0.1536E-03  0.3458E-02  0.4614E-02  0.1513E-02  0.1860E-03  0.2213E-03  0.3239E-04  0.1678E+00  0.2882E-02  0.1776E+00  0.4933E-01  0.1549E+00  0.3571E-02  0.1937E-03  0.2462E-04
     -3.608  0.4108E-01  0.3038E-01  0.1410E-02  0.1758E-03  0.3109E-02  0.6452E-02  0.1375E-02  0.2027E-03  0.1879E-03  0.3301E-04  0.1451E+00  0.3303E-02  0.1601E+00  0.6942E-01  0.1413E+00  0.3907E-02  0.1662E-03  0.2595E-04
     -3.598  0.3663E-01  0.4279E-01  0.1347E-02  0.2124E-03  0.2686E-02  0.9064E-02  0.1344E-02  0.2334E-03  0.1618E-03  0.3480E-04  0.1413E+00  0.3997E-02  0.1434E+00  0.9788E-01  0.1403E+00  0.4516E-02  0.1547E-03  0.2821E-04
     -3.588  0.5151E-01  0.5716E-01  0.1593E-02  0.2554E-03  0.3609E-02  0.1209E-01  0.1599E-02  0.2702E-03  0.1788E-03  0.3705E-04  0.1732E+00  0.4813E-02  0.2030E+00  0.1308E+00  0.1722E+00  0.5243E-02  0.2527E-03  0.3086E-04
     -3.578  0.6096E-01  0.4285E-01  0.2055E-02  0.2394E-03  0.4181E-02  0.9057E-02  0.2178E-02  0.2396E-03  0.2174E-03  0.3083E-04  0.2251E+00  0.4510E-02  0.2406E+00  0.9818E-01  0.2360E+00  0.4655E-02  0.3361E-03  0.2615E-04
     -3.568  0.1302E+00  0.2887E-01  0.4898E-02  0.2107E-03  0.8781E-02  0.6096E-02  0.5740E-02  0.2065E-03  0.5364E-03  0.2372E-04  0.5340E+00  0.3973E-02  0.5137E+00  0.6626E-01  0.6175E+00  0.4023E-02  0.9092E-03  0.1997E-04
     -3.558  0.7123E-01  0.1923E-01  0.1984E-02  0.1936E-03  0.4736E-02  0.4054E-02  0.2335E-02  0.1900E-03  0.3538E-03  0.1915E-04  0.2223E+00  0.3654E-02  0.2826E+00  0.4421E-01  0.2570E+00  0.3716E-02  0.4762E-03  0.1683E-04
     -3.548  0.8360E-01  0.2751E-01  0.2113E-02  0.5550E-03  0.5513E-02  0.5755E-02  0.2495E-02  0.6342E-03  0.4596E-03  0.3964E-04  0.2383E+00  0.1052E-01  0.3317E+00  0.6343E-01  0.2760E+00  0.1250E-01  0.5710E-03  0.4152E-04
     -3.538  0.9737E-01  0.4787E-01  0.2242E-02  0.3366E-03  0.6375E-02  0.9918E-02  0.2595E-02  0.4098E-03  0.5781E-03  0.3600E-04  0.2545E+00  0.6429E-02  0.3863E+00  0.1100E+00  0.2887E+00  0.8139E-02  0.6806E-03  0.3631E-04
     -3.528  0.8543E-01  0.7744E-01  0.2065E-02  0.2381E-03  0.5537E-02  0.1595E-01  0.1956E-02  0.3190E-03  0.5183E-03  0.3194E-04  0.2388E+00  0.4594E-02  0.3384E+00  0.1775E+00  0.2248E+00  0.6377E-02  0.6330E-03  0.3295E-04
     -3.518  0.5477E-01  0.9660E-01  0.1930E-02  0.1896E-03  0.3556E-02  0.1979E-01  0.1774E-02  0.2581E-03  0.3256E-03  0.2696E-04  0.2247E+00  0.3697E-02  0.2171E+00  0.2212E+00  0.2057E+00  0.5192E-02  0.4205E-03  0.2748E-04
     -3.508  0.2995E-01  0.1083E+00  0.1825E-02  0.2134E-03  0.1952E-02  0.2210E-01  0.1601E-02  0.2775E-03  0.1710E-03  0.2759E-04  0.2139E+00  0.4167E-02  0.1188E+00  0.2478E+00  0.1871E+00  0.5594E-02  0.2525E-03  0.2807E-04
     -3.498  0.1605E-01  0.9998E-01  0.1517E-02  0.2664E-03  0.1021E-02  0.2031E-01  0.1437E-02  0.3245E-03  0.8874E-04  0.3242E-04  0.1801E+00  0.5201E-02  0.6362E-01  0.2285E+00  0.1710E+00  0.6548E-02  0.1558E-03  0.3607E-04
     -3.488  0.1699E-01  0.9044E-01  0.2210E-02  0.2809E-03  0.1003E-02  0.1828E-01  0.2272E-02  0.2614E-03  0.1145E-03  0.2972E-04  0.2658E+00  0.5482E-02  0.6737E-01  0.2068E+00  0.2736E+00  0.5274E-02  0.1890E-03  0.3550E-04
     -3.478  0.2349E-01  0.9204E-01  0.3346E-02  0.3715E-03  0.1320E-02  0.1848E-01  0.3810E-02  0.3368E-03  0.1300E-03  0.4104E-04  0.4090E+00  0.7251E-02  0.9282E-01  0.2100E+00  0.4632E+00  0.6804E-02  0.2562E-03  0.5105E-04
     -3.468  0.0000E+00  0.7971E-01  0.0000E+00  0.4210E-03  0.0000E+00  0.1578E-01  0.0000E+00  0.4526E-03  0.0000E+00  0.6062E-04  0.0000E+00  0.8255E-02  0.0000E+00  0.1808E+00  0.0000E+00  0.9185E-02  0.0000E+00  0.6721E-04
     -3.458  0.4110E-01  0.1011E+00  0.1451E-02  0.5082E-03  0.2225E-02  0.1995E-01  0.1164E-02  0.6091E-03  0.9164E-04  0.8386E-04  0.1853E+00  0.9989E-02  0.1592E+00  0.2289E+00  0.1496E+00  0.1238E-01  0.9486E-04  0.8376E-04
     -3.448  0.4918E-01  0.1152E+00  0.1699E-02  0.5681E-03  0.2641E-02  0.2265E-01  0.1426E-02  0.7283E-03  0.1169E-03  0.9938E-04  0.2196E+00  0.1119E-01  0.1906E+00  0.2605E+00  0.1855E+00  0.1483E-01  0.1140E-03  0.9500E-04
     -3.438  0.7743E-01  0.1507E+00  0.4892E-02  0.6276E-03  0.4096E-02  0.2944E-01  0.5025E-02  0.7786E-03  0.3698E-03  0.9879E-04  0.6382E+00  0.1234E-01  0.2997E+00  0.3409E+00  0.6561E+00  0.1586E-01  0.2978E-03  0.1225E-03
     -3.428  0.8153E-01  0.1042E+00  0.3915E-02  0.2308E-03  0.4294E-02  0.2018E-01  0.3880E-02  0.2536E-03  0.3129E-03  0.7800E-04  0.5172E+00  0.4532E-02  0.3162E+00  0.2357E+00  0.5121E+00  0.5141E-02  0.2880E-03  0.2225E-04
     -3.418  0.1005E+00  0.6009E-01  0.6034E-02  0.3210E-03  0.5209E-02  0.1165E-01  0.5488E-02  0.2635E-03  0.5024E-03  0.3626E-04  0.8090E+00  0.6441E-02  0.3893E+00  0.1380E+00  0.7377E+00  0.5486E-02  0.4157E-03  0.2631E-04
     -3.408  0.5954E-01  0.3146E-01  0.4316E-02  0.2511E-03  0.3053E-02  0.6062E-02  0.4053E-02  0.1918E-03  0.3400E-03  0.2212E-04  0.5861E+00  0.5072E-02  0.2300E+00  0.7221E-01  0.5520E+00  0.4025E-02  0.3194E-03  0.2046E-04
     -3.398  0.2832E-01  0.3409E-01  0.2626E-02  0.2790E-03  0.1437E-02  0.6557E-02  0.2238E-02  0.2174E-03  0.1595E-03  0.2704E-04  0.3600E+00  0.5646E-02  0.1087E+00  0.7819E-01  0.3071E+00  0.4566E-02  0.2233E-03  0.2389E-04
     -3.388  0.1423E-01  0.3662E-01  0.1248E-02  0.3182E-03  0.7226E-03  0.7030E-02  0.8172E-03  0.2682E-03  0.1176E-03  0.3678E-04  0.1708E+00  0.6450E-02  0.5438E-01  0.8392E-01  0.1125E+00  0.5629E-02  0.1536E-03  0.2964E-04
     -3.378  0.1051E-01  0.4832E-01  0.6865E-03  0.4348E-03  0.5218E-03  0.9208E-02  0.7319E-03  0.3550E-03  0.9551E-04  0.6152E-04  0.9524E-01  0.8820E-02  0.3973E-01  0.1102E+00  0.1040E+00  0.7438E-02  0.1534E-03  0.3924E-04
     -3.368  0.2270E-01  0.9063E-01  0.3876E-02  0.7578E-03  0.1058E-02  0.1710E-01  0.3421E-02  0.6006E-03  0.1686E-03  0.1160E-03  0.5640E+00  0.1534E-01  0.8603E-01  0.2058E+00  0.4951E+00  0.1256E-01  0.1931E-03  0.8783E-04
     -3.358  0.5705E-01  0.1116E+00  0.1725E-01  0.9668E-03  0.2570E-02  0.2097E-01  0.9964E-02  0.8319E-03  0.5797E-03  0.1412E-03  0.2545E+01  0.1956E-01  0.2164E+00  0.2533E+00  0.1463E+01  0.1741E-01  0.3948E-03  0.1340E-03
     -3.348  0.3467E-01  0.1199E+00  0.6169E-02  0.1023E-02  0.1621E-02  0.2237E-01  0.5435E-02  0.1137E-02  0.6440E-03  0.1813E-03  0.9196E+00  0.2086E-01  0.1398E+00  0.2713E+00  0.8065E+00  0.2397E-01  0.3584E-03  0.1344E-03
     -3.338  0.2166E-01  0.8334E-01  0.2928E-02  0.7762E-03  0.1006E-02  0.1550E-01  0.3361E-02  0.9040E-03  0.5315E-03  0.1316E-03  0.4438E+00  0.1587E-01  0.8944E-01  0.1884E+00  0.5076E+00  0.1917E-01  0.2983E-03  0.9562E-04
     -3.328  0.1834E-01  0.3645E-01  0.2210E-02  0.4402E-03  0.8147E-03  0.6799E-02  0.2238E-02  0.4770E-03  0.4539E-03  0.6302E-04  0.3486E+00  0.9112E-02  0.7486E-01  0.8266E-01  0.3517E+00  0.1023E-01  0.3335E-03  0.4833E-04
     -3.318  0.1930E-01  0.5206E-01  0.2563E-02  0.4720E-03  0.8479E-03  0.9614E-02  0.2396E-02  0.4799E-03  0.4734E-03  0.5256E-04  0.4108E+00  0.9813E-02  0.7843E-01  0.1187E+00  0.3831E+00  0.1033E-01  0.3960E-03  0.4054E-04
     -3.308  0.3502E-01  0.6568E-01  0.6064E-02  0.5172E-03  0.1521E-02  0.1204E-01  0.6038E-02  0.5030E-03  0.7006E-03  0.5318E-04  0.9798E+00  0.1076E-01  0.1423E+00  0.1496E+00  0.9686E+00  0.1084E-01  0.6347E-03  0.4583E-04
     -3.298  0.5637E-01  0.7731E-01  0.9414E-02  0.5526E-03  0.2440E-02  0.1409E-01  0.1298E-01  0.5172E-03  0.1015E-02  0.5400E-04  0.1536E+01  0.1151E-01  0.2305E+00  0.1758E+00  0.2091E+01  0.1116E-01  0.6036E-03  0.5302E-04
     -3.288  0.6559E-01  0.7531E-01  0.9359E-02  0.5184E-03  0.2810E-02  0.1368E-01  0.1172E-01  0.5097E-03  0.1017E-02  0.5428E-04  0.1544E+01  0.1082E-01  0.2666E+00  0.1712E+00  0.1906E+01  0.1101E-01  0.5967E-03  0.5006E-04
     -3.278  0.6903E-01  0.5678E-01  0.8016E-02  0.4496E-03  0.2904E-02  0.1026E-01  0.8602E-02  0.4236E-03  0.8459E-03  0.4615E-04  0.1338E+01  0.9432E-02  0.2775E+00  0.1291E+00  0.1415E+01  0.9176E-02  0.5105E-03  0.4304E-04
     -3.268  0.6668E-01  0.4437E-01  0.3956E-02  0.3745E-03  0.2738E-02  0.7956E-02  0.5182E-02  0.3474E-03  0.7139E-03  0.4037E-04  0.6753E+00  0.7896E-02  0.2640E+00  0.1008E+00  0.8660E+00  0.7556E-02  0.4253E-03  0.3755E-04
     -3.258  0.4491E-01  0.3486E-01  0.8169E-02  0.2890E-03  0.1973E-02  0.6177E-02  0.1184E-01  0.2712E-03  0.1581E-02  0.3497E-04  0.1433E+01  0.6128E-02  0.1942E+00  0.7914E-01  0.2035E+01  0.5931E-02  0.7423E-03  0.3137E-04
     -3.248  0.2121E-01  0.5567E-01  0.2113E-02  0.3293E-03  0.8722E-03  0.9693E-02  0.2806E-02  0.2833E-03  0.4890E-03  0.4346E-04  0.3747E+00  0.7018E-02  0.8798E-01  0.1259E+00  0.4791E+00  0.6274E-02  0.2818E-03  0.3624E-04
     -3.238  0.1786E-01  0.7132E-01  0.3361E-02  0.3767E-03  0.7283E-03  0.1233E-01  0.3591E-02  0.3567E-03  0.6534E-03  0.5289E-04  0.6081E+00  0.8076E-02  0.7407E-01  0.1608E+00  0.6254E+00  0.7970E-02  0.3710E-03  0.4214E-04
     -3.228  0.2199E-01  0.5940E-01  0.3932E-02  0.3451E-03  0.8625E-03  0.1022E-01  0.4761E-02  0.3781E-03  0.7243E-03  0.4933E-04  0.7331E+00  0.7473E-02  0.8979E-01  0.1340E+00  0.8513E+00  0.8514E-02  0.5379E-03  0.4252E-04
     -3.218  0.1080E-01  0.5330E-01  0.2974E-02  0.3547E-03  0.3958E-03  0.9115E-02  0.2736E-02  0.4070E-03  0.4982E-03  0.4915E-04  0.5677E+00  0.7723E-02  0.4304E-01  0.1202E+00  0.4982E+00  0.9217E-02  0.4262E-03  0.4406E-04
     -3.208  0.1203E-01  0.5289E-01  0.2865E-02  0.3796E-03  0.4297E-03  0.8987E-02  0.2553E-02  0.4468E-03  0.4954E-03  0.5192E-04  0.5546E+00  0.8298E-02  0.4762E-01  0.1191E+00  0.4717E+00  0.1016E-01  0.4496E-03  0.4687E-04
     -3.198  0.2174E-01  0.5244E-01  0.3398E-02  0.4035E-03  0.7611E-03  0.8855E-02  0.2979E-02  0.4858E-03  0.6397E-03  0.5470E-04  0.6727E+00  0.8852E-02  0.8512E-01  0.1179E+00  0.5633E+00  0.1109E-01  0.5807E-03  0.4953E-04
     -3.188  0.2031E-01  0.5253E-01  0.3215E-02  0.4249E-03  0.6927E-03  0.8818E-02  0.2594E-02  0.5217E-03  0.6004E-03  0.5809E-04  0.6475E+00  0.9349E-02  0.7883E-01  0.1179E+00  0.5004E+00  0.1195E-01  0.5909E-03  0.5212E-04
     -3.178  0.1923E-01  0.5271E-01  0.2543E-02  0.4461E-03  0.6317E-03  0.8794E-02  0.1997E-02  0.5575E-03  0.5464E-03  0.6155E-04  0.5283E+00  0.9843E-02  0.7372E-01  0.1182E+00  0.3959E+00  0.1281E-01  0.5830E-03  0.5469E-04
     -3.168  0.1823E-01  0.5143E-01  0.2602E-02  0.4889E-03  0.5867E-03  0.8525E-02  0.1921E-02  0.6111E-03  0.5599E-03  0.6437E-04  0.5451E+00  0.1088E-01  0.6950E-01  0.1151E+00  0.3865E+00  0.1413E-01  0.6153E-03  0.5686E-04
     -3.158  0.1721E-01  0.4975E-01  0.2655E-02  0.5432E-03  0.5420E-03  0.8192E-02  0.1855E-02  0.6950E-03  0.5750E-03  0.6806E-04  0.5606E+00  0.1221E-01  0.6528E-01  0.1112E+00  0.3786E+00  0.1622E-01  0.6473E-03  0.5875E-04
     -3.148  0.1297E-01  0.5026E-01  0.2084E-02  0.6014E-03  0.4009E-03  0.8229E-02  0.1634E-02  0.7805E-03  0.6374E-03  0.7298E-04  0.4445E+00  0.1360E-01  0.5002E-01  0.1122E+00  0.3387E+00  0.1831E-01  0.6222E-03  0.6219E-04
     -3.138  0.1299E-01  0.5261E-01  0.2056E-02  0.6600E-03  0.3953E-03  0.8577E-02  0.1594E-02  0.8687E-03  0.6873E-03  0.7914E-04  0.4430E+00  0.1497E-01  0.5009E-01  0.1173E+00  0.3346E+00  0.2044E-01  0.6635E-03  0.6661E-04
     -3.128  0.1301E-01  0.5495E-01  0.2026E-02  0.7187E-03  0.3896E-03  0.8921E-02  0.1553E-02  0.9582E-03  0.7375E-03  0.8537E-04  0.4409E+00  0.1635E-01  0.5015E-01  0.1224E+00  0.3303E+00  0.2261E-01  0.7047E-03  0.7104E-04
     -3.118  0.1303E-01  0.5728E-01  0.1993E-02  0.7777E-03  0.3838E-03  0.9263E-02  0.1512E-02  0.1049E-02  0.7882E-03  0.9168E-04  0.4383E+00  0.1773E-01  0.5020E-01  0.1274E+00  0.3259E+00  0.2482E-01  0.7458E-03  0.7548E-04
     -3.108  0.1304E-01  0.5956E-01  0.1958E-02  0.8380E-03  0.3779E-03  0.9595E-02  0.1471E-02  0.1142E-02  0.8393E-03  0.9807E-04  0.4352E+00  0.1915E-01  0.5023E-01  0.1323E+00  0.3214E+00  0.2707E-01  0.7869E-03  0.7996E-04
     -3.098  0.1305E-01  0.8385E-01  0.1920E-02  0.1094E-02  0.3720E-03  0.1330E-01  0.1429E-02  0.1474E-02  0.8908E-03  0.1360E-03  0.4315E+00  0.2501E-01  0.5025E-01  0.1845E+00  0.3167E+00  0.3490E-01  0.8278E-03  0.1065E-03
     -3.088  0.1306E-01  0.7917E-01  0.1883E-02  0.1148E-02  0.3661E-03  0.1253E-01  0.1389E-02  0.1505E-02  0.9438E-03  0.1299E-03  0.4283E+00  0.2631E-01  0.5028E-01  0.1743E+00  0.3125E+00  0.3576E-01  0.8697E-03  0.1037E-03
     -3.078  0.1329E-01  0.7183E-01  0.1920E-02  0.1158E-02  0.3633E-03  0.1135E-01  0.1401E-02  0.1518E-02  0.1021E-02  0.1224E-03  0.4447E+00  0.2668E-01  0.5085E-01  0.1586E+00  0.3224E+00  0.3625E-01  0.9324E-03  0.9886E-04
     -3.068  0.1353E-01  0.6628E-01  0.1950E-02  0.1167E-02  0.3608E-03  0.1045E-01  0.1411E-02  0.1554E-02  0.1101E-02  0.1193E-03  0.4597E+00  0.2700E-01  0.5146E-01  0.1466E+00  0.3321E+00  0.3726E-01  0.9970E-03  0.9593E-04
     -3.058  0.1389E-01  0.6880E-01  0.1972E-02  0.1260E-02  0.3585E-03  0.1080E-01  0.1430E-02  0.1668E-02  0.1194E-02  0.1255E-03  0.4732E+00  0.2923E-01  0.5228E-01  0.1520E+00  0.3443E+00  0.4008E-01  0.1067E-02  0.1005E-03
     -3.048  0.1412E-01  0.7989E-01  0.1923E-02  0.1457E-02  0.3469E-03  0.1245E-01  0.1407E-02  0.2010E-02  0.1290E-02  0.1413E-03  0.4711E+00  0.3391E-01  0.5225E-01  0.1764E+00  0.3481E+00  0.4838E-01  0.1145E-02  0.1124E-03
     -3.038  0.1431E-01  0.7260E-01  0.1843E-02  0.1380E-02  0.3326E-03  0.1126E-01  0.1364E-02  0.1835E-02  0.1391E-02  0.1328E-03  0.4618E+00  0.3222E-01  0.5194E-01  0.1597E+00  0.3475E+00  0.4431E-01  0.1233E-02  0.1064E-03
     -3.028  0.1434E-01  0.6574E-01  0.1723E-02  0.1309E-02  0.3123E-03  0.1014E-01  0.1306E-02  0.1674E-02  0.1499E-02  0.1251E-03  0.4432E+00  0.3068E-01  0.5087E-01  0.1440E+00  0.3431E+00  0.4055E-01  0.1355E-02  0.1009E-03
     -3.018  0.1455E-01  0.5930E-01  0.1615E-02  0.1245E-02  0.2967E-03  0.9094E-02  0.1260E-02  0.1525E-02  0.1613E-02  0.1180E-03  0.4267E+00  0.2928E-01  0.5041E-01  0.1293E+00  0.3409E+00  0.3709E-01  0.1485E-02  0.9577E-04
     -3.008  0.1503E-01  0.5328E-01  0.1527E-02  0.1187E-02  0.2883E-03  0.8114E-02  0.1230E-02  0.1389E-02  0.1735E-02  0.1117E-03  0.4138E+00  0.2802E-01  0.5087E-01  0.1156E+00  0.3418E+00  0.3393E-01  0.1625E-02  0.9113E-04
     -2.998  0.1556E-01  0.6076E-01  0.1444E-02  0.1225E-02  0.2835E-03  0.9099E-02  0.1214E-02  0.1435E-02  0.1857E-02  0.1194E-03  0.4016E+00  0.2902E-01  0.5162E-01  0.1307E+00  0.3449E+00  0.3519E-01  0.1763E-02  0.1013E-03
     -2.988  0.3046E-01  0.4501E-01  0.1440E-02  0.1148E-02  0.5228E-03  0.6723E-02  0.1317E-02  0.1275E-02  0.2932E-02  0.1048E-03  0.4324E+00  0.2737E-01  0.9822E-01  0.9674E-01  0.3951E+00  0.3144E-01  0.2668E-02  0.8540E-04
     -2.978  0.4769E-01  0.4387E-01  0.1926E-02  0.1149E-02  0.8255E-03  0.6510E-02  0.1571E-02  0.1252E-02  0.4709E-02  0.1043E-03  0.6082E+00  0.2750E-01  0.1560E+00  0.9392E-01  0.4881E+00  0.3098E-01  0.4378E-02  0.8473E-04
     -2.968  0.3849E-01  0.4302E-01  0.1515E-02  0.1151E-02  0.6418E-03  0.6343E-02  0.1320E-02  0.1250E-02  0.3923E-02  0.1048E-03  0.4801E+00  0.2764E-01  0.1234E+00  0.9176E-01  0.4114E+00  0.3103E-01  0.3647E-02  0.8421E-04
     -2.958  0.2872E-01  0.5171E-01  0.1147E-02  0.1741E-02  0.4554E-03  0.7468E-02  0.1094E-02  0.2544E-02  0.3142E-02  0.2834E-03  0.3652E+00  0.4206E-01  0.9023E-01  0.1085E+00  0.3425E+00  0.6318E-01  0.3005E-02  0.1844E-03
     -2.948  0.1950E-01  0.5191E-01  0.8485E-03  0.2094E-02  0.2856E-03  0.7467E-02  0.9101E-03  0.2893E-02  0.2451E-02  0.2144E-03  0.2718E+00  0.5062E-01  0.5993E-01  0.1092E+00  0.2860E+00  0.7219E-01  0.2510E-02  0.1649E-03
     -2.938  0.1918E-01  0.5601E-01  0.7903E-03  0.2394E-02  0.2743E-03  0.8008E-02  0.8628E-03  0.3274E-02  0.2476E-02  0.2222E-03  0.2555E+00  0.5794E-01  0.5843E-01  0.1177E+00  0.2738E+00  0.8183E-01  0.2540E-02  0.1761E-03
     -2.928  0.1882E-01  0.5829E-01  0.7347E-03  0.2562E-02  0.2623E-03  0.8296E-02  0.8174E-03  0.3339E-02  0.2502E-02  0.2186E-03  0.2399E+00  0.6206E-01  0.5676E-01  0.1225E+00  0.2621E+00  0.8358E-01  0.2569E-02  0.1772E-03
     -2.918  0.1876E-01  0.5346E-01  0.6960E-03  0.2183E-02  0.2546E-03  0.7607E-02  0.7851E-03  0.2546E-02  0.2549E-02  0.1709E-03  0.2292E+00  0.5290E-01  0.5603E-01  0.1125E+00  0.2543E+00  0.6379E-01  0.2618E-02  0.1395E-03
     -2.908  0.1925E-01  0.4625E-01  0.6902E-03  0.1722E-02  0.2540E-03  0.6600E-02  0.7797E-03  0.1672E-02  0.2697E-02  0.1169E-03  0.2308E+00  0.4175E-01  0.5699E-01  0.9751E-01  0.2567E+00  0.4194E-01  0.2775E-02  0.9708E-04
     -2.898  0.2025E-01  0.4482E-01  0.7144E-03  0.1873E-02  0.2592E-03  0.6341E-02  0.7989E-03  0.1272E-02  0.2973E-02  0.8650E-04  0.2446E+00  0.4537E-01  0.5947E-01  0.9439E-01  0.2699E+00  0.3190E-01  0.3068E-02  0.8062E-04
     -2.888  0.2131E-01  0.5108E-01  0.7354E-03  0.2215E-02  0.2647E-03  0.6984E-02  0.8171E-03  0.1503E-02  0.3254E-02  0.1030E-03  0.2574E+00  0.5395E-01  0.6204E-01  0.1066E+00  0.2829E+00  0.3808E-01  0.3363E-02  0.8687E-04
     -2.878  0.2258E-01  0.3290E-01  0.7307E-03  0.1359E-02  0.2675E-03  0.4392E-02  0.7914E-03  0.1172E-02  0.3558E-02  0.6903E-04  0.2637E+00  0.3374E-01  0.6440E-01  0.6823E-01  0.2850E+00  0.3044E-01  0.3702E-02  0.5904E-04
     -2.868  0.2400E-01  0.3229E-01  0.7153E-03  0.1345E-02  0.2696E-03  0.4286E-02  0.7505E-03  0.1193E-02  0.3876E-02  0.6892E-04  0.2672E+00  0.3351E-01  0.6678E-01  0.6688E-01  0.2835E+00  0.3113E-01  0.4057E-02  0.5853E-04
     -2.858  0.2512E-01  0.3218E-01  0.6833E-03  0.1328E-02  0.2703E-03  0.4256E-02  0.6845E-03  0.1212E-02  0.4322E-02  0.6874E-04  0.2661E+00  0.3318E-01  0.6875E-01  0.6658E-01  0.2756E+00  0.3174E-01  0.4623E-02  0.5792E-04
     -2.848  0.2636E-01  0.3203E-01  0.6914E-03  0.1310E-02  0.2743E-03  0.4223E-02  0.6972E-03  0.1230E-02  0.4656E-02  0.6853E-04  0.2744E+00  0.3281E-01  0.7127E-01  0.6623E-01  0.2875E+00  0.3235E-01  0.4960E-02  0.5731E-04
     -2.838  0.2776E-01  0.3187E-01  0.6978E-03  0.1290E-02  0.2793E-03  0.4185E-02  0.7120E-03  0.1248E-02  0.5020E-02  0.6831E-04  0.2823E+00  0.3242E-01  0.7417E-01  0.6583E-01  0.3006E+00  0.3297E-01  0.5325E-02  0.5669E-04
     -2.828  0.2962E-01  0.3161E-01  0.7052E-03  0.1275E-02  0.2872E-03  0.4133E-02  0.7338E-03  0.1280E-02  0.5473E-02  0.6847E-04  0.2912E+00  0.3214E-01  0.7817E-01  0.6520E-01  0.3173E+00  0.3398E-01  0.5786E-02  0.5624E-04
     -2.818  0.3129E-01  0.3135E-01  0.7015E-03  0.1260E-02  0.2928E-03  0.4078E-02  0.7492E-03  0.1316E-02  0.5922E-02  0.6876E-04  0.2957E+00  0.3187E-01  0.8161E-01  0.6453E-01  0.3315E+00  0.3510E-01  0.6214E-02  0.5582E-04
     -2.808  0.2766E-01  0.3109E-01  0.4368E-03  0.1243E-02  0.2418E-03  0.4023E-02  0.4806E-03  0.1353E-02  0.5121E-02  0.6910E-04  0.1918E+00  0.3157E-01  0.7112E-01  0.6387E-01  0.2228E+00  0.3625E-01  0.5339E-02  0.5541E-04
     -2.798  0.2668E-01  0.3083E-01  0.3219E-03  0.1225E-02  0.2195E-03  0.3969E-02  0.3921E-03  0.1390E-02  0.5134E-02  0.6947E-04  0.1490E+00  0.3124E-01  0.6832E-01  0.6322E-01  0.1914E+00  0.3742E-01  0.5133E-02  0.5500E-04
     -2.788  0.2665E-01  0.3061E-01  0.2964E-03  0.1207E-02  0.2121E-03  0.3919E-02  0.3661E-03  0.1429E-02  0.5121E-02  0.6993E-04  0.1411E+00  0.3092E-01  0.6739E-01  0.6264E-01  0.1819E+00  0.3864E-01  0.5201E-02  0.5464E-04
     -2.778  0.2657E-01  0.3048E-01  0.2714E-03  0.1193E-02  0.2045E-03  0.3883E-02  0.3402E-03  0.1473E-02  0.5098E-02  0.7054E-04  0.1334E+00  0.3069E-01  0.6632E-01  0.6226E-01  0.1723E+00  0.3998E-01  0.5267E-02  0.5445E-04
     -2.768  0.2661E-01  0.3036E-01  0.2497E-03  0.1178E-02  0.1989E-03  0.3846E-02  0.3186E-03  0.1517E-02  0.5099E-02  0.7119E-04  0.1268E+00  0.3044E-01  0.6565E-01  0.6189E-01  0.1639E+00  0.4134E-01  0.5351E-02  0.5426E-04
     -2.758  0.2690E-01  0.3028E-01  0.2324E-03  0.1168E-02  0.1950E-03  0.3815E-02  0.3004E-03  0.1567E-02  0.5206E-02  0.7199E-04  0.1222E+00  0.3031E-01  0.6543E-01  0.6162E-01  0.1567E+00  0.4286E-01  0.5569E-02  0.5426E-04
     -2.748  0.2732E-01  0.3040E-01  0.2187E-03  0.1186E-02  0.1912E-03  0.3812E-02  0.2838E-03  0.1639E-02  0.5380E-02  0.7329E-04  0.1192E+00  0.3090E-01  0.6530E-01  0.6176E-01  0.1500E+00  0.4497E-01  0.5919E-02  0.5513E-04
     -2.738  0.2796E-01  0.3051E-01  0.2060E-03  0.1205E-02  0.1871E-03  0.3807E-02  0.2671E-03  0.1714E-02  0.5567E-02  0.7461E-04  0.1167E+00  0.3149E-01  0.6516E-01  0.6188E-01  0.1434E+00  0.4713E-01  0.6287E-02  0.5601E-04
     -2.727  0.2916E-01  0.3061E-01  0.1947E-03  0.1224E-02  0.1826E-03  0.3800E-02  0.2505E-03  0.1790E-02  0.5791E-02  0.7595E-04  0.1148E+00  0.3209E-01  0.6522E-01  0.6196E-01  0.1370E+00  0.4933E-01  0.6686E-02  0.5690E-04
     -2.717  0.3039E-01  0.3008E-01  0.1835E-03  0.1186E-02  0.1778E-03  0.3713E-02  0.2336E-03  0.1830E-02  0.6012E-02  0.7572E-04  0.1129E+00  0.3126E-01  0.6520E-01  0.6072E-01  0.1305E+00  0.5059E-01  0.7090E-02  0.5583E-04
     -2.707  0.3165E-01  0.2752E-01  0.1725E-03  0.9645E-03  0.1729E-03  0.3357E-02  0.2165E-03  0.1804E-02  0.6232E-02  0.7109E-04  0.1111E+00  0.2580E-01  0.6510E-01  0.5507E-01  0.1238E+00  0.5017E-01  0.7499E-02  0.5007E-04
     -2.697  0.3323E-01  0.2752E-01  0.1644E-03  0.1312E-02  0.1699E-03  0.3167E-02  0.2041E-03  0.2721E-02  0.6533E-02  0.9952E-04  0.1107E+00  0.3602E-01  0.6587E-01  0.5286E-01  0.1197E+00  0.7702E-01  0.7970E-02  0.6923E-04
     -2.687  0.3551E-01  0.2963E-01  0.1626E-03  0.1571E-02  0.1715E-03  0.3311E-02  0.2018E-03  0.3478E-02  0.7044E-02  0.1225E-03  0.1132E+00  0.4352E-01  0.6869E-01  0.5616E-01  0.1213E+00  0.9893E-01  0.8555E-02  0.8705E-04
     -2.677  0.3434E-01  0.2931E-01  0.1073E-03  0.1667E-02  0.1414E-03  0.3227E-02  0.1318E-03  0.3729E-02  0.7178E-02  0.1344E-03  0.8647E-01  0.4635E-01  0.5990E-01  0.5498E-01  0.8758E-01  0.1063E+00  0.9114E-02  0.9636E-04
     -2.667  0.3703E-01  0.2593E-01  0.9139E-04  0.1557E-02  0.1266E-03  0.2843E-02  0.1009E-03  0.3401E-02  0.7325E-02  0.1300E-03  0.7913E-01  0.4332E-01  0.5706E-01  0.4825E-01  0.7528E-01  0.9711E-01  0.8866E-02  0.9729E-04
     -2.657  0.3882E-01  0.2160E-01  0.8152E-04  0.1394E-02  0.1184E-03  0.2363E-02  0.8561E-04  0.2926E-02  0.7561E-02  0.1204E-03  0.7397E-01  0.3880E-01  0.5561E-01  0.3991E-01  0.6905E-01  0.8371E-01  0.9242E-02  0.9674E-04
     -2.647  0.3956E-01  0.2169E-01  0.7458E-04  0.1596E-02  0.1127E-03  0.2329E-02  0.7708E-04  0.3013E-02  0.7843E-02  0.1344E-03  0.7022E-01  0.4433E-01  0.5436E-01  0.3993E-01  0.6500E-01  0.8635E-01  0.9823E-02  0.1193E-03
     -2.637  0.4010E-01  0.2364E-01  0.6780E-04  0.1820E-02  0.1066E-03  0.2505E-02  0.6869E-04  0.3278E-02  0.8138E-02  0.1529E-03  0.6651E-01  0.5059E-01  0.5285E-01  0.4354E-01  0.6089E-01  0.9412E-01  0.1045E-01  0.1492E-03
     -2.627  0.4451E-01  0.2408E-01  0.6261E-04  0.1915E-02  0.1096E-03  0.2538E-02  0.6029E-04  0.3428E-02  0.8573E-02  0.1705E-03  0.6502E-01  0.5333E-01  0.5768E-01  0.4434E-01  0.5766E-01  0.9867E-01  0.1175E-01  0.1736E-03
     -2.617  0.6648E-01  0.2442E-01  0.6199E-04  0.2010E-02  0.1417E-03  0.2559E-02  0.5891E-04  0.3580E-02  0.1306E-01  0.1892E-03  0.7454E-01  0.5609E-01  0.8541E-01  0.4491E-01  0.6670E-01  0.1033E+00  0.1655E-01  0.1995E-03
     -2.607  0.8703E-01  0.4171E-01  0.6699E-04  0.6164E-02  0.1774E-03  0.4227E-02  0.6076E-04  0.1109E-01  0.1746E-01  0.5990E-03  0.8965E-01  0.1728E+00  0.1170E+00  0.7383E-01  0.7543E-01  0.3222E+00  0.2078E-01  0.5631E-03
     -2.597  0.1006E+00  0.3525E-01  0.6674E-04  0.4507E-02  0.1981E-03  0.3583E-02  0.5857E-04  0.7762E-02  0.1851E-01  0.5472E-03  0.9464E-01  0.1264E+00  0.1372E+00  0.6462E-01  0.7587E-01  0.2261E+00  0.2078E-01  0.5480E-03
     -2.587  0.1331E+00  0.7925E-01  0.7581E-04  0.5685E-02  0.2510E-03  0.8122E-02  0.6126E-04  0.7890E-02  0.2717E-01  0.6246E-03  0.1145E+00  0.1592E+00  0.1837E+00  0.1527E+00  0.8421E-01  0.2306E+00  0.2921E-01  0.6831E-03
     -2.577  0.1170E+00  0.8361E-01  0.5608E-04  0.3007E-02  0.1779E-03  0.8555E-02  0.4493E-04  0.5136E-02  0.2554E-01  0.3248E-03  0.9217E-01  0.8579E-01  0.1329E+00  0.1626E+00  0.6906E-01  0.1519E+00  0.3127E-01  0.3848E-03
     -2.567  0.1289E+00  0.7788E-01  0.5400E-04  0.2297E-02  0.1839E-03  0.7962E-02  0.4277E-04  0.3862E-02  0.2784E-01  0.1175E-03  0.9447E-01  0.6642E-01  0.1415E+00  0.1534E+00  0.7009E-01  0.1155E+00  0.3482E-01  0.1059E-03
     -2.557  0.1420E+00  0.6747E-01  0.5097E-04  0.3867E-02  0.1722E-03  0.6815E-02  0.3799E-04  0.6404E-02  0.3128E-01  0.2249E-03  0.9547E-01  0.1128E+00  0.1360E+00  0.1330E+00  0.6865E-01  0.1933E+00  0.3965E-01  0.2438E-03
     -2.547  0.1545E+00  0.8098E-01  0.4946E-04  0.5106E-02  0.1702E-03  0.8157E-02  0.3531E-04  0.8393E-02  0.3436E-01  0.3415E-03  0.9809E-01  0.1494E+00  0.1366E+00  0.1595E+00  0.6949E-01  0.2540E+00  0.4421E-01  0.3789E-03
     -2.537  0.1712E+00  0.6926E-01  0.5393E-04  0.5214E-02  0.1718E-03  0.6961E-02  0.3564E-04  0.8134E-02  0.3973E-01  0.2455E-03  0.1113E+00  0.1527E+00  0.1404E+00  0.1365E+00  0.7503E-01  0.2469E+00  0.5249E-01  0.2928E-03
     -2.527  0.1619E+00  0.6459E-01  0.4597E-04  0.5645E-02  0.1370E-03  0.6460E-02  0.2988E-04  0.8440E-02  0.4400E-01  0.2192E-03  0.1019E+00  0.1655E+00  0.1162E+00  0.1270E+00  0.6940E-01  0.2569E+00  0.6312E-01  0.2904E-03
     -2.517  0.7739E-01  0.9848E-01  0.1600E-04  0.1303E-01  0.5551E-04  0.9616E-02  0.1393E-04  0.1963E-01  0.2222E-01  0.4531E-03  0.4038E-01  0.3817E+00  0.5473E-01  0.1910E+00  0.3282E-01  0.5997E+00  0.2786E-01  0.3925E-03
     -2.507  0.7750E-01  0.1677E+00  0.2746E-04  0.2144E-01  0.4770E-04  0.1591E-01  0.2654E-04  0.2121E-01  0.5111E-01  0.6374E-03  0.8282E-01  0.6222E+00  0.4812E-01  0.3138E+00  0.7597E-01  0.6449E+00  0.6620E-01  0.7178E-03
     -2.497  0.9288E-01  0.7303E-01  0.4943E-04  0.9816E-02  0.5243E-04  0.6879E-02  0.3848E-04  0.1243E-01  0.8743E-01  0.3208E-03  0.1538E+00  0.2891E+00  0.5211E-01  0.1367E+00  0.1169E+00  0.3827E+00  0.1253E+00  0.2659E-03
     -2.487  0.7622E-01  0.4811E-01  0.2249E-04  0.5124E-02  0.4088E-04  0.4398E-02  0.2073E-04  0.4751E-02  0.4246E-01  0.2572E-03  0.6893E-01  0.1509E+00  0.4468E-01  0.8755E-01  0.5927E-01  0.1467E+00  0.5838E-01  0.1998E-03
     -2.477  0.7362E-01  0.3596E-01  0.1900E-04  0.3016E-02  0.3664E-04  0.3251E-02  0.1650E-04  0.3016E-02  0.3802E-01  0.2046E-03  0.5898E-01  0.8875E-01  0.4231E-01  0.6479E-01  0.4683E-01  0.9311E-01  0.5240E-01  0.1497E-03
     -2.467  0.1150E+00  0.2473E-01  0.1616E-04  0.1810E-02  0.4829E-04  0.2221E-02  0.1490E-04  0.1818E-02  0.3721E-01  0.1447E-03  0.5066E-01  0.5333E-01  0.6357E-01  0.4429E-01  0.3979E-01  0.5625E-01  0.4961E-01  0.9581E-04
     -2.457  0.1504E+00  0.1333E-01  0.1318E-04  0.8100E-03  0.5548E-04  0.1188E-02  0.1300E-04  0.8104E-03  0.3701E-01  0.7933E-04  0.4212E-01  0.2395E-01  0.7837E-01  0.2371E-01  0.3274E-01  0.2519E-01  0.4786E-01  0.4363E-04
     -2.447  0.1571E+00  0.2360E-02  0.8904E-05  0.1423E-03  0.4021E-04  0.2094E-03  0.1165E-04  0.1161E-03  0.4940E-01  0.1408E-04  0.3380E-01  0.4214E-02  0.6189E-01  0.4184E-02  0.4001E-01  0.3632E-02  0.5949E-01  0.8233E-05
     -2.437  0.1438E+00  0.0000E+00  0.3909E-05  0.0000E+00  0.2918E-04  0.0000E+00  0.9126E-05  0.0000E+00  0.5041E-01  0.0000E+00  0.1972E-01  0.0000E+00  0.4838E-01  0.0000E+00  0.3789E-01  0.0000E+00  0.5828E-01  0.0000E+00
     -2.427  0.1232E+00  0.1670E-02  0.3596E-05  0.3560E-03  0.1813E-04  0.1323E-03  0.8366E-05  0.2199E-03  0.6139E-01  0.1983E-05  0.2164E-01  0.1079E-01  0.3369E-01  0.2715E-02  0.4405E-01  0.6999E-02  0.7207E-01  0.1367E-05
     -2.417  0.1235E+00  0.8992E-01  0.3648E-05  0.7490E-01  0.1577E-04  0.7239E-02  0.8387E-05  0.8562E-01  0.6900E-01  0.1684E-02  0.2356E-01  0.2315E+01  0.3011E-01  0.1462E+00  0.4728E-01  0.2765E+01  0.8095E-01  0.1187E-02
     -2.407  0.1269E+00  0.1204E+00  0.3746E-05  0.2552E-01  0.1416E-04  0.9635E-02  0.8434E-05  0.2987E-01  0.7606E-01  0.5600E-03  0.2548E-01  0.7831E+00  0.2747E-01  0.1962E+00  0.4995E-01  0.9616E+00  0.8908E-01  0.3774E-03
     -2.397  0.1316E+00  0.2076E+00  0.3844E-05  0.3699E-01  0.1262E-04  0.1664E-01  0.8464E-05  0.3453E-01  0.8288E-01  0.5815E-03  0.2742E-01  0.1129E+01  0.2489E-01  0.3396E+00  0.5230E-01  0.1107E+01  0.9682E-01  0.5468E-03
     -2.387  0.1166E+00  0.1573E+00  0.3699E-05  0.5420E-01  0.1015E-04  0.1255E-01  0.7861E-05  0.1834E-01  0.8848E-01  0.2777E-03  0.2753E-01  0.1664E+01  0.2053E-01  0.2574E+00  0.5086E-01  0.5779E+00  0.1044E+00  0.2118E-03
     -2.377  0.2726E+00  0.1191E+00  0.1133E-04  0.2126E-01  0.1640E-04  0.9344E-02  0.2755E-04  0.9886E-02  0.2877E+00  0.1605E-03  0.9242E-01  0.6545E+00  0.4179E-01  0.1930E+00  0.1994E+00  0.3160E+00  0.3052E+00  0.1293E-03
     -2.367  0.4964E-01  0.5671E-01  0.6710E-06  0.9597E-02  0.3590E-05  0.4278E-02  0.1609E-05  0.3252E-02  0.8343E-01  0.4614E-04  0.5289E-02  0.2976E+00  0.7854E-02  0.8954E-01  0.9720E-02  0.1047E+00  0.9665E-01  0.4781E-04
     -2.357  0.7484E-01  0.6674E-01  0.9049E-06  0.8581E-02  0.5405E-05  0.4988E-02  0.2256E-05  0.3181E-02  0.1253E+00  0.5350E-04  0.7275E-02  0.2667E+00  0.1182E-01  0.1046E+00  0.1371E-01  0.1033E+00  0.1442E+00  0.6071E-04
     -2.347  0.1025E+00  0.7588E-01  0.1135E-05  0.7597E-02  0.7390E-05  0.5628E-02  0.2892E-05  0.3090E-02  0.1705E+00  0.6096E-04  0.9325E-02  0.2368E+00  0.1615E-01  0.1182E+00  0.1768E-01  0.1011E+00  0.1951E+00  0.7376E-04
     -2.337  0.1396E+00  0.1251E+00  0.1571E-05  0.1003E-01  0.1015E-04  0.9184E-02  0.3818E-05  0.7119E-02  0.3641E+00  0.6774E-03  0.1381E-01  0.3166E+00  0.2147E-01  0.1940E+00  0.2584E-01  0.2381E+00  0.4335E+00  0.4543E-03
     -2.327  0.2796E+00  0.2385E+00  0.2537E-05  0.1117E-01  0.1969E-04  0.1728E-01  0.6213E-05  0.8757E-02  0.1003E+01  0.7342E-03  0.2538E-01  0.3571E+00  0.3788E-01  0.3657E+00  0.4842E-01  0.2969E+00  0.1201E+01  0.5456E-03
     -2.317  0.1112E+01  0.1445E+00  0.5538E-05  0.5483E-02  0.7638E-04  0.1032E-01  0.1501E-04  0.4920E-02  0.1916E+01  0.4480E-03  0.5768E-01  0.1769E+00  0.1601E+00  0.2186E+00  0.7766E-01  0.1688E+00  0.2367E+01  0.3411E-03
     -2.307  0.1511E+01  0.7249E-01  0.6409E-05  0.2554E-02  0.1241E-03  0.5072E-02  0.1964E-04  0.2718E-02  0.2764E+01  0.2598E-03  0.5367E-01  0.8370E-01  0.3737E+00  0.1075E+00  0.7216E-01  0.9462E-01  0.3499E+01  0.1986E-03
     -2.297  0.2337E+01  0.4445E-01  0.8808E-05  0.1426E-02  0.2163E-03  0.3045E-02  0.2728E-04  0.1643E-02  0.9210E+01  0.1660E-03  0.5193E-01  0.4763E-01  0.7346E+00  0.6442E-01  0.7169E-01  0.5781E-01  0.1183E+02  0.1500E-03
     -2.287  0.1466E+01  0.3953E-01  0.6273E-05  0.1283E-02  0.1547E-03  0.2676E-02  0.1744E-04  0.1487E-02  0.7293E+01  0.1524E-03  0.2666E-01  0.4321E-01  0.6395E+00  0.5668E-01  0.3146E-01  0.5254E-01  0.9401E+01  0.1474E-03
     -2.277  0.1244E+01  0.3839E-01  0.5501E-05  0.1278E-02  0.1387E-03  0.2580E-02  0.1595E-04  0.1468E-02  0.1259E+01  0.1510E-03  0.2889E-01  0.4323E-01  0.6316E+00  0.5472E-01  0.1958E-01  0.5199E-01  0.1539E+01  0.1515E-03
     -2.267  0.1199E+02  0.3737E-01  0.4109E-04  0.1275E-02  0.1373E-02  0.2492E-02  0.1491E-03  0.1446E-02  0.3754E+01  0.1496E-03  0.9540E-01  0.4329E-01  0.6117E+01  0.5294E-01  0.7773E-01  0.5131E-01  0.3761E+01  0.1555E-03
     -2.257  0.9444E+00  0.3647E-01  0.7543E-05  0.1273E-02  0.1112E-03  0.2413E-02  0.1548E-04  0.1420E-02  0.8090E+00  0.1481E-03  0.3630E-01  0.4339E-01  0.5794E+00  0.5135E-01  0.4572E-01  0.5050E-01  0.1025E+01  0.1594E-03
     -2.247  0.3946E+00  0.3567E-01  0.8821E-05  0.1273E-02  0.4679E-04  0.2342E-02  0.1113E-04  0.1391E-02  0.7539E+00  0.1465E-03  0.4181E-01  0.4354E-01  0.3334E+00  0.4994E-01  0.4605E-01  0.4955E-01  0.9579E+00  0.1633E-03
     -2.237  0.5675E+00  0.3500E-01  0.1423E-04  0.1274E-02  0.6934E-04  0.2280E-02  0.1635E-04  0.1358E-02  0.8774E+00  0.1448E-03  0.6229E-01  0.4373E-01  0.5617E+00  0.4871E-01  0.6859E-01  0.4848E-01  0.1083E+01  0.1672E-03
     -2.227  0.6456E+00  0.1133E+00  0.1734E-04  0.4261E-02  0.8105E-04  0.7116E-02  0.1902E-04  0.4491E-02  0.9365E+00  0.4398E-03  0.6964E-01  0.1476E+00  0.6940E+00  0.1535E+00  0.7155E-01  0.1633E+00  0.1133E+01  0.4578E-03
     -2.217  0.6846E+00  0.1072E+00  0.2100E-04  0.4150E-02  0.8809E-04  0.6673E-02  0.2143E-04  0.4265E-02  0.8768E+00  0.4434E-03  0.7492E-01  0.1442E+00  0.7726E+00  0.1441E+00  0.7459E-01  0.1557E+00  0.1039E+01  0.4560E-03
     -2.207  0.5734E+00  0.1167E+00  0.2376E-04  0.4645E-02  0.7460E-04  0.7133E-02  0.2217E-04  0.5126E-02  0.6438E+00  0.5049E-03  0.7470E-01  0.1626E+00  0.6519E+00  0.1540E+00  0.7162E-01  0.1884E+00  0.7591E+00  0.5304E-03
     -2.197  0.4519E+00  0.7873E-01  0.2423E-04  0.3272E-02  0.5979E-04  0.4794E-02  0.2142E-04  0.3094E-02  0.4876E+00  0.3976E-03  0.6982E-01  0.1147E+00  0.5080E+00  0.1039E+00  0.6556E-01  0.1142E+00  0.5721E+00  0.3922E-03
     -2.187  0.4215E+00  0.8231E-01  0.2815E-04  0.5042E-02  0.5692E-04  0.4923E-02  0.2379E-04  0.5030E-02  0.4248E+00  0.5617E-03  0.7527E-01  0.1776E+00  0.5027E+00  0.1068E+00  0.6847E-01  0.1865E+00  0.4924E+00  0.5291E-03
     -2.177  0.3773E+00  0.7153E-01  0.2894E-04  0.4851E-02  0.5142E-04  0.4252E-02  0.2411E-04  0.5158E-02  0.3870E+00  0.5776E-03  0.7568E-01  0.1723E+00  0.4561E+00  0.9225E-01  0.6748E-01  0.1925E+00  0.4461E+00  0.5412E-03
     -2.167  0.3342E+00  0.5815E-01  0.2948E-04  0.4807E-02  0.4606E-04  0.3440E-02  0.2428E-04  0.5396E-02  0.3504E+00  0.6030E-03  0.7545E-01  0.1721E+00  0.4103E+00  0.7459E-01  0.6605E-01  0.2026E+00  0.4012E+00  0.5657E-03
     -2.157  0.2915E+00  0.4218E-01  0.2984E-04  0.4910E-02  0.4089E-04  0.2485E-02  0.2456E-04  0.5744E-02  0.3239E+00  0.6377E-03  0.7335E-01  0.1771E+00  0.3654E+00  0.5385E-01  0.6316E-01  0.2168E+00  0.3675E+00  0.6028E-03
     -2.147  0.2516E+00  0.4058E-01  0.2987E-04  0.6084E-02  0.3627E-04  0.2317E-02  0.2522E-04  0.6783E-02  0.3032E+00  0.8009E-03  0.6871E-01  0.2207E+00  0.3226E+00  0.5043E-01  0.5771E-01  0.2572E+00  0.3377E+00  0.8190E-03
     -2.137  0.2139E+00  0.3859E-01  0.2953E-04  0.5867E-02  0.3196E-04  0.2186E-02  0.2585E-04  0.6082E-02  0.2837E+00  0.7908E-03  0.6273E-01  0.2129E+00  0.2820E+00  0.4767E-01  0.5180E-01  0.2309E+00  0.3092E+00  0.8169E-03
     -2.127  0.1828E+00  0.3840E-01  0.2923E-04  0.6395E-02  0.2822E-04  0.2145E-02  0.2599E-04  0.5859E-02  0.2641E+00  0.8317E-03  0.5966E-01  0.2323E+00  0.2469E+00  0.4693E-01  0.4911E-01  0.2227E+00  0.2850E+00  0.8728E-03
     -2.117  0.1538E+00  0.3809E-01  0.2879E-04  0.6901E-02  0.2472E-04  0.2101E-02  0.2601E-04  0.5830E-02  0.2448E+00  0.8662E-03  0.5652E-01  0.2510E+00  0.2141E+00  0.4605E-01  0.4654E-01  0.2218E+00  0.2616E+00  0.9318E-03
     -2.107  0.1385E+00  0.3633E-01  0.2956E-04  0.6689E-02  0.2312E-04  0.1985E-02  0.2680E-04  0.5475E-02  0.2332E+00  0.8587E-03  0.5670E-01  0.2436E+00  0.2007E+00  0.4351E-01  0.4632E-01  0.2086E+00  0.2466E+00  0.9398E-03
     -2.097  0.1281E+00  0.3461E-01  0.3247E-04  0.6482E-02  0.2266E-04  0.1870E-02  0.2939E-04  0.5133E-02  0.2278E+00  0.8510E-03  0.6058E-01  0.2363E+00  0.1948E+00  0.4102E-01  0.4851E-01  0.1959E+00  0.2372E+00  0.9488E-03
     -2.087  0.1178E+00  0.3293E-01  0.3559E-04  0.6278E-02  0.2241E-04  0.1759E-02  0.3265E-04  0.4805E-02  0.2234E+00  0.8430E-03  0.6432E-01  0.2293E+00  0.1887E+00  0.3857E-01  0.5108E-01  0.1837E+00  0.2283E+00  0.9588E-03
     -2.077  0.1075E+00  0.3128E-01  0.3856E-04  0.6079E-02  0.2221E-04  0.1649E-02  0.3591E-04  0.4491E-02  0.2196E+00  0.8348E-03  0.6753E-01  0.2223E+00  0.1824E+00  0.3617E-01  0.5343E-01  0.1720E+00  0.2201E+00  0.9698E-03
     -2.067  0.9702E-01  0.2967E-01  0.4251E-04  0.5882E-02  0.2216E-04  0.1542E-02  0.3990E-04  0.4191E-02  0.2170E+00  0.8264E-03  0.7009E-01  0.2156E+00  0.1735E+00  0.3382E-01  0.5545E-01  0.1609E+00  0.2128E+00  0.9818E-03
     -2.057  0.8694E-01  0.2809E-01  0.4661E-04  0.5690E-02  0.2224E-04  0.1437E-02  0.4422E-04  0.3904E-02  0.2148E+00  0.8178E-03  0.7216E-01  0.2089E+00  0.1642E+00  0.3152E-01  0.5718E-01  0.1504E+00  0.2060E+00  0.9948E-03
     -2.047  0.7759E-01  0.2644E-01  0.5050E-04  0.5497E-02  0.2242E-04  0.1328E-02  0.4846E-04  0.3629E-02  0.2140E+00  0.8118E-03  0.7368E-01  0.2023E+00  0.1555E+00  0.2912E-01  0.5862E-01  0.1403E+00  0.2011E+00  0.1011E-02
     -2.037  0.6870E-01  0.2416E-01  0.5451E-04  0.5260E-02  0.2260E-04  0.1176E-02  0.5285E-04  0.3342E-02  0.2163E+00  0.8399E-03  0.7478E-01  0.1942E+00  0.1467E+00  0.2577E-01  0.5984E-01  0.1298E+00  0.2009E+00  0.1055E-02
     -2.027  0.5860E-01  0.2273E-01  0.5937E-04  0.5191E-02  0.2258E-04  0.1067E-02  0.5804E-04  0.3183E-02  0.2214E+00  0.8929E-03  0.7579E-01  0.1924E+00  0.1359E+00  0.2340E-01  0.6106E-01  0.1243E+00  0.2056E+00  0.1125E-02
     -2.017  0.4915E-01  0.3631E-01  0.6252E-04  0.5956E-02  0.2398E-04  0.1598E-02  0.6395E-04  0.3624E-02  0.2366E+00  0.1223E-02  0.7038E-01  0.2234E+00  0.1380E+00  0.3557E-01  0.6108E-01  0.1432E+00  0.2185E+00  0.1701E-02
     -2.007  0.3787E-01  0.5000E-01  0.6328E-04  0.6765E-02  0.2398E-04  0.2126E-02  0.6700E-04  0.4003E-02  0.2413E+00  0.1562E-02  0.6209E-01  0.2565E+00  0.1185E+00  0.4755E-01  0.5672E-01  0.1598E+00  0.2217E+00  0.2172E-02
     -1.997  0.2027E-01  0.3368E-01  0.6789E-04  0.6231E-02  0.2171E-04  0.1351E-02  0.7442E-04  0.3542E-02  0.2496E+00  0.1486E-02  0.6145E-01  0.2387E+00  0.7786E-01  0.2991E-01  0.5827E-01  0.1429E+00  0.2238E+00  0.1928E-02
     -1.987  0.1699E-01  0.2923E-01  0.8247E-04  0.5166E-02  0.2701E-04  0.1110E-02  0.9974E-04  0.2939E-02  0.3050E+00  0.1464E-02  0.7144E-01  0.1992E+00  0.8386E-01  0.2421E-01  0.7624E-01  0.1198E+00  0.2781E+00  0.1783E-02
     -1.977  0.1511E-01  0.2508E-01  0.9932E-04  0.3931E-02  0.3331E-04  0.8850E-03  0.1298E-03  0.2283E-02  0.3589E+00  0.1411E-02  0.8299E-01  0.1526E+00  0.9251E-01  0.1881E-01  0.9776E-01  0.9436E-01  0.3342E+00  0.1605E-02
     -1.967  0.1276E-01  0.2300E-01  0.1182E-03  0.2865E-02  0.4505E-04  0.7472E-03  0.1817E-03  0.1740E-02  0.4477E+00  0.1404E-02  0.9304E-01  0.1127E+00  0.9900E-01  0.1538E-01  0.1293E+00  0.7346E-01  0.4305E+00  0.1492E-02
     -1.957  0.1033E-01  0.2392E-01  0.1195E-03  0.2361E-02  0.4886E-04  0.7414E-03  0.1926E-03  0.1549E-02  0.4856E+00  0.1497E-02  0.8927E-01  0.9480E-01  0.9852E-01  0.1500E-01  0.1303E+00  0.6681E-01  0.4654E+00  0.1515E-02
     -1.947  0.8141E-02  0.2471E-01  0.1241E-03  0.1932E-02  0.5424E-04  0.7354E-03  0.2071E-03  0.1391E-02  0.5504E+00  0.1573E-02  0.8692E-01  0.7952E-01  0.9895E-01  0.1463E-01  0.1322E+00  0.6133E-01  0.5219E+00  0.1547E-02
     -1.937  0.7486E-02  0.2512E-01  0.1338E-03  0.1750E-02  0.6438E-04  0.7252E-03  0.2323E-03  0.1300E-02  0.6851E+00  0.1607E-02  0.8571E-01  0.7292E-01  0.1006E+00  0.1423E-01  0.1371E+00  0.5798E-01  0.6387E+00  0.1568E-02
     -1.927  0.6965E-02  0.2573E-01  0.1270E-03  0.1722E-02  0.6187E-04  0.7251E-03  0.2136E-03  0.1281E-02  0.7069E+00  0.1642E-02  0.7718E-01  0.7196E-01  0.9225E-01  0.1406E-01  0.1210E+00  0.5737E-01  0.6397E+00  0.1596E-02
     -1.917  0.6364E-02  0.2650E-01  0.1187E-03  0.1709E-02  0.5756E-04  0.7278E-03  0.1898E-03  0.1272E-02  0.7216E+00  0.1690E-02  0.6797E-01  0.7163E-01  0.8122E-01  0.1393E-01  0.1029E+00  0.5724E-01  0.6313E+00  0.1634E-02
     -1.907  0.5724E-02  0.2728E-01  0.1077E-03  0.1695E-02  0.4961E-04  0.7307E-03  0.1573E-03  0.1263E-02  0.6832E+00  0.1737E-02  0.5916E-01  0.7126E-01  0.7075E-01  0.1380E-01  0.8224E-01  0.5709E-01  0.5787E+00  0.1672E-02
     -1.897  0.4390E-02  0.2807E-01  0.7567E-04  0.1680E-02  0.2829E-04  0.7336E-03  0.9336E-04  0.1254E-02  0.4086E+00  0.1784E-02  0.4330E-01  0.7087E-01  0.5985E-01  0.1368E-01  0.5379E-01  0.5694E-01  0.3409E+00  0.1710E-02
     -1.887  0.4058E-02  0.2886E-01  0.7073E-04  0.1665E-02  0.2488E-04  0.7367E-03  0.8416E-04  0.1244E-02  0.3604E+00  0.1831E-02  0.4051E-01  0.7044E-01  0.5837E-01  0.1355E-01  0.4974E-01  0.5679E-01  0.2992E+00  0.1747E-02
     -1.877  0.3961E-02  0.2967E-01  0.7179E-04  0.1648E-02  0.2524E-04  0.7398E-03  0.8541E-04  0.1235E-02  0.3727E+00  0.1877E-02  0.4029E-01  0.6999E-01  0.5779E-01  0.1342E-01  0.4952E-01  0.5662E-01  0.3080E+00  0.1784E-02
     -1.867  0.3866E-02  0.3048E-01  0.7283E-04  0.1632E-02  0.2559E-04  0.7430E-03  0.8666E-04  0.1225E-02  0.3851E+00  0.1923E-02  0.4007E-01  0.6950E-01  0.5721E-01  0.1329E-01  0.4930E-01  0.5645E-01  0.3167E+00  0.1821E-02
     -1.857  0.3774E-02  0.3130E-01  0.7386E-04  0.1614E-02  0.2594E-04  0.7463E-03  0.8792E-04  0.1215E-02  0.3974E+00  0.1969E-02  0.3984E-01  0.6899E-01  0.5664E-01  0.1317E-01  0.4908E-01  0.5628E-01  0.3255E+00  0.1857E-02
     -1.847  0.3683E-02  0.3213E-01  0.7488E-04  0.1596E-02  0.2628E-04  0.7497E-03  0.8918E-04  0.1205E-02  0.4097E+00  0.2013E-02  0.3962E-01  0.6844E-01  0.5607E-01  0.1304E-01  0.4886E-01  0.5610E-01  0.3342E+00  0.1893E-02
     -1.837  0.3595E-02  0.3296E-01  0.7589E-04  0.1577E-02  0.2662E-04  0.7532E-03  0.9045E-04  0.1195E-02  0.4221E+00  0.2058E-02  0.3940E-01  0.6786E-01  0.5551E-01  0.1291E-01  0.4864E-01  0.5591E-01  0.3430E+00  0.1929E-02
     -1.827  0.3508E-02  0.3380E-01  0.7689E-04  0.1558E-02  0.2696E-04  0.7568E-03  0.9173E-04  0.1185E-02  0.4344E+00  0.2102E-02  0.3918E-01  0.6725E-01  0.5495E-01  0.1279E-01  0.4843E-01  0.5571E-01  0.3517E+00  0.1964E-02
     -1.817  0.3364E-02  0.3465E-01  0.1032E-03  0.1537E-02  0.2777E-04  0.7604E-03  0.1196E-03  0.1175E-02  0.4567E+00  0.2145E-02  0.4545E-01  0.6662E-01  0.5452E-01  0.1266E-01  0.5571E-01  0.5551E-01  0.3651E+00  0.1999E-02
     -1.807  0.3236E-02  0.3551E-01  0.1149E-03  0.1516E-02  0.2837E-04  0.7642E-03  0.1332E-03  0.1165E-02  0.4738E+00  0.2188E-02  0.4784E-01  0.6595E-01  0.5401E-01  0.1253E-01  0.5852E-01  0.5530E-01  0.3750E+00  0.2033E-02
     -1.797  0.3180E-02  0.3638E-01  0.1100E-03  0.1495E-02  0.2814E-04  0.7680E-03  0.1294E-03  0.1154E-02  0.4839E+00  0.2231E-02  0.4561E-01  0.6525E-01  0.5274E-01  0.1241E-01  0.5652E-01  0.5508E-01  0.3814E+00  0.2067E-02
     -1.787  0.3127E-02  0.4012E-01  0.1050E-03  0.1450E-02  0.2794E-04  0.8126E-03  0.1254E-03  0.1192E-02  0.4938E+00  0.2902E-02  0.4338E-01  0.6407E-01  0.5150E-01  0.1271E-01  0.5450E-01  0.5816E-01  0.3880E+00  0.2356E-02
     -1.777  0.1833E-01  0.4313E-01  0.1238E-03  0.1478E-02  0.8328E-04  0.8364E-03  0.1409E-03  0.1261E-02  0.5845E+01  0.3472E-02  0.7661E-01  0.6574E-01  0.8986E-01  0.1260E-01  0.8110E-01  0.6222E-01  0.4655E+01  0.2658E-02
     -1.767  0.5231E-02  0.4379E-01  0.1150E-03  0.1444E-02  0.4131E-04  0.8369E-03  0.1403E-03  0.1239E-02  0.1254E+01  0.3427E-02  0.5021E-01  0.6437E-01  0.6650E-01  0.1243E-01  0.6419E-01  0.6129E-01  0.1000E+01  0.2618E-02
     -1.757  0.4793E-02  0.4442E-01  0.1184E-03  0.1410E-02  0.4450E-04  0.8368E-03  0.1469E-03  0.1217E-02  0.1102E+01  0.3375E-02  0.4995E-01  0.6299E-01  0.7024E-01  0.1224E-01  0.6573E-01  0.6033E-01  0.8710E+00  0.2577E-02
     -1.747  0.4811E-02  0.4501E-01  0.1233E-03  0.1376E-02  0.4994E-04  0.8362E-03  0.1533E-03  0.1194E-02  0.1128E+01  0.3314E-02  0.5133E-01  0.6159E-01  0.7462E-01  0.1206E-01  0.6826E-01  0.5932E-01  0.8912E+00  0.2535E-02
     -1.737  0.4827E-02  0.4556E-01  0.1286E-03  0.1342E-02  0.5554E-04  0.8351E-03  0.1602E-03  0.1170E-02  0.1152E+01  0.3246E-02  0.5290E-01  0.6018E-01  0.7922E-01  0.1186E-01  0.7108E-01  0.5828E-01  0.9092E+00  0.2492E-02
     -1.727  0.4843E-02  0.5663E-01  0.1343E-03  0.1450E-02  0.6131E-04  0.1021E-02  0.1677E-03  0.1521E-02  0.1172E+01  0.4648E-02  0.5467E-01  0.6768E-01  0.8403E-01  0.1447E-01  0.7417E-01  0.7876E-01  0.9252E+00  0.3627E-02
     -1.717  0.4859E-02  0.6365E-01  0.1405E-03  0.1520E-02  0.6723E-04  0.1120E-02  0.1757E-03  0.1589E-02  0.1190E+01  0.5146E-02  0.5664E-01  0.7250E-01  0.8906E-01  0.1542E-01  0.7755E-01  0.8338E-01  0.9392E+00  0.4641E-02
     -1.707  0.5009E-02  0.6786E-01  0.1770E-03  0.1493E-02  0.7527E-04  0.1169E-02  0.2718E-03  0.1630E-02  0.1231E+01  0.5367E-02  0.6899E-01  0.7167E-01  0.1023E+00  0.1573E-01  0.1103E+00  0.8614E-01  0.9578E+00  0.4732E-02
     -1.697  0.5206E-02  0.7219E-01  0.1954E-03  0.1461E-02  0.8448E-04  0.1220E-02  0.3215E-03  0.1667E-02  0.1260E+01  0.5580E-02  0.7456E-01  0.7058E-01  0.1130E+00  0.1602E-01  0.1255E+00  0.8870E-01  0.9768E+00  0.4798E-02
     -1.687  0.5957E-02  0.7667E-01  0.2628E-03  0.1426E-02  0.1067E-03  0.1272E-02  0.4044E-03  0.1700E-02  0.1314E+01  0.5787E-02  0.9147E-01  0.6934E-01  0.1424E+00  0.1630E-01  0.1490E+00  0.9106E-01  0.1031E+01  0.4855E-02
     -1.677  0.6103E-02  0.8129E-01  0.2900E-03  0.1388E-02  0.1158E-03  0.1325E-02  0.4641E-03  0.1729E-02  0.1310E+01  0.5990E-02  0.9850E-01  0.6794E-01  0.1529E+00  0.1658E-01  0.1658E+00  0.9322E-01  0.1028E+01  0.4903E-02
     -1.667  0.5981E-02  0.8607E-01  0.2908E-03  0.1347E-02  0.1214E-03  0.1380E-02  0.4771E-03  0.1754E-02  0.1224E+01  0.6187E-02  0.9693E-01  0.6638E-01  0.1563E+00  0.1685E-01  0.1663E+00  0.9518E-01  0.9638E+00  0.4942E-02
     -1.657  0.5347E-02  0.9100E-01  0.2406E-03  0.1303E-02  0.1217E-03  0.1436E-02  0.3570E-03  0.1775E-02  0.9481E+00  0.6379E-02  0.7705E-01  0.6468E-01  0.1465E+00  0.1712E-01  0.1216E+00  0.9694E-01  0.7649E+00  0.4972E-02
     -1.647  0.4869E-02  0.1396E+00  0.2058E-03  0.1234E-02  0.1230E-03  0.2130E-02  0.2776E-03  0.1729E-02  0.7447E+00  0.6314E-02  0.6317E-01  0.6185E-01  0.1400E+00  0.2295E-01  0.9173E-01  0.9505E-01  0.6171E+00  0.5704E-02
     -1.637  0.5882E-02  0.1353E+00  0.2057E-03  0.8995E-03  0.1677E-03  0.1927E-02  0.2766E-03  0.1189E-02  0.6049E+00  0.4648E-02  0.6082E-01  0.4550E-01  0.1824E+00  0.1849E-01  0.8815E-01  0.6539E-01  0.5203E+00  0.4184E-02
     -1.627  0.5516E-02  0.1869E+00  0.2123E-03  0.6610E-03  0.2024E-03  0.2471E-02  0.2905E-03  0.8838E-03  0.4400E+00  0.3981E-02  0.5803E-01  0.3475E-01  0.1955E+00  0.2098E-01  0.8458E-01  0.4959E-01  0.3774E+00  0.3948E-02
     -1.617  0.5279E-02  0.1886E+00  0.1951E-03  0.5322E-03  0.2038E-03  0.2351E-02  0.2746E-03  0.7706E-03  0.3265E+00  0.3909E-02  0.5023E-01  0.2846E-01  0.1895E+00  0.1778E-01  0.7516E-01  0.4394E-01  0.2878E+00  0.3826E-02
     -1.607  0.5035E-02  0.1958E+00  0.1704E-03  0.4221E-03  0.2029E-03  0.2320E-02  0.2544E-03  0.6645E-03  0.2282E+00  0.3860E-02  0.4130E-01  0.2310E-01  0.1817E+00  0.1559E-01  0.6485E-01  0.3862E-01  0.2097E+00  0.3760E-02
     -1.597  0.4563E-02  0.2112E+00  0.1472E-03  0.3306E-03  0.1912E-03  0.2415E-02  0.2306E-03  0.5659E-03  0.1475E+00  0.3818E-02  0.3323E-01  0.1866E-01  0.1653E+00  0.1470E-01  0.5450E-01  0.3366E-01  0.1456E+00  0.3725E-02
     -1.587  0.4211E-02  0.1680E+00  0.1388E-03  0.2595E-03  0.1822E-03  0.1816E-02  0.2096E-03  0.3933E-03  0.1184E+00  0.2691E-02  0.2996E-01  0.1462E-01  0.1537E+00  0.1029E-01  0.4734E-01  0.2342E-01  0.1240E+00  0.3085E-02
     -1.577  0.3864E-02  0.1217E+00  0.1308E-03  0.1999E-03  0.1733E-03  0.1196E-02  0.1897E-03  0.2531E-03  0.9652E-01  0.1688E-02  0.2713E-01  0.1121E-01  0.1423E+00  0.6141E-02  0.4079E-01  0.1507E-01  0.1085E+00  0.2493E-02
     -1.567  0.3496E-02  0.1177E+00  0.1232E-03  0.1769E-03  0.1634E-03  0.1094E-02  0.1715E-03  0.1943E-03  0.7613E-01  0.1354E-02  0.2445E-01  0.9914E-02  0.1304E+00  0.5079E-02  0.3472E-01  0.1162E-01  0.9400E-01  0.2416E-02
     -1.557  0.3107E-02  0.1234E+00  0.1160E-03  0.1617E-03  0.1525E-03  0.1108E-02  0.1551E-03  0.1528E-03  0.5718E-01  0.1163E-02  0.2192E-01  0.9070E-02  0.1178E+00  0.4676E-02  0.2915E-01  0.9202E-02  0.8065E-01  0.2454E-02
     -1.547  0.2696E-02  0.1294E+00  0.1092E-03  0.1472E-03  0.1408E-03  0.1126E-02  0.1405E-03  0.1145E-03  0.3968E-01  0.9897E-03  0.1954E-01  0.8273E-02  0.1046E+00  0.4292E-02  0.2406E-01  0.6976E-02  0.6840E-01  0.2502E-02
     -1.537  0.2264E-02  0.1357E+00  0.1029E-03  0.1339E-03  0.1280E-03  0.1145E-02  0.1276E-03  0.8063E-04  0.2361E-01  0.8395E-03  0.1732E-01  0.7546E-02  0.9074E-01  0.3935E-02  0.1945E-01  0.5006E-02  0.5726E-01  0.2564E-02
     -1.527  0.2044E-02  0.1423E+00  0.1020E-03  0.1315E-03  0.1217E-03  0.1178E-02  0.1260E-03  0.7878E-04  0.1831E-01  0.8489E-03  0.1663E-01  0.7455E-02  0.8355E-01  0.3778E-02  0.1821E-01  0.4928E-02  0.5437E-01  0.2732E-02
     -1.517  0.2146E-02  0.1489E+00  0.1042E-03  0.1291E-03  0.1264E-03  0.1211E-02  0.1313E-03  0.7693E-04  0.1810E-01  0.8599E-03  0.1679E-01  0.7362E-02  0.8647E-01  0.3618E-02  0.1879E-01  0.4850E-02  0.5589E-01  0.2905E-02
     -1.507  0.2248E-02  0.1555E+00  0.1064E-03  0.1266E-03  0.1312E-03  0.1243E-02  0.1366E-03  0.7508E-04  0.1790E-01  0.8725E-03  0.1692E-01  0.7266E-02  0.8939E-01  0.3454E-02  0.1938E-01  0.4772E-02  0.5744E-01  0.3082E-02
     -1.497  0.2351E-02  0.1620E+00  0.1084E-03  0.1240E-03  0.1359E-03  0.1275E-02  0.1419E-03  0.7323E-04  0.1771E-01  0.8867E-03  0.1704E-01  0.7169E-02  0.9232E-01  0.3285E-02  0.1996E-01  0.4694E-02  0.5902E-01  0.3264E-02
     -1.487  0.2455E-02  0.1502E+00  0.1103E-03  0.1081E-03  0.1407E-03  0.1159E-02  0.1472E-03  0.6747E-04  0.1755E-01  0.8976E-03  0.1714E-01  0.6268E-02  0.9525E-01  0.2879E-02  0.2055E-01  0.4341E-02  0.6062E-01  0.3240E-02
     -1.477  0.2559E-02  0.8416E-01  0.1121E-03  0.7557E-04  0.1455E-03  0.6302E-03  0.1525E-03  0.3613E-04  0.1739E-01  0.7240E-03  0.1722E-01  0.4454E-02  0.9819E-01  0.1844E-02  0.2113E-01  0.2249E-02  0.6226E-01  0.2761E-02
     -1.467  0.2665E-02  0.5544E-01  0.1138E-03  0.5741E-04  0.1503E-03  0.4057E-03  0.1578E-03  0.2330E-04  0.1726E-01  0.5544E-03  0.1728E-01  0.3404E-02  0.1011E+00  0.1279E-02  0.2171E-01  0.1438E-02  0.6392E-01  0.2312E-02
     -1.457  0.2481E-02  0.3792E-01  0.8382E-04  0.4662E-04  0.1341E-03  0.2508E-03  0.1367E-03  0.1370E-04  0.1556E-01  0.5211E-03  0.1282E-01  0.2811E-02  0.9081E-01  0.7617E-03  0.1871E-01  0.8380E-03  0.5818E-01  0.2321E-02
     -1.447  0.2083E-02  0.4029E-01  0.5305E-04  0.4790E-04  0.1038E-03  0.2453E-03  0.8164E-04  0.1328E-04  0.1204E-01  0.6276E-03  0.8177E-02  0.2926E-02  0.7141E-01  0.5490E-03  0.1112E-01  0.8221E-03  0.4798E-01  0.2842E-02
     -1.437  0.1399E-02  0.2118E-01  0.3220E-04  0.2692E-04  0.6415E-04  0.1290E-03  0.3879E-04  0.7569E-05  0.7327E-02  0.3710E-03  0.4970E-02  0.1647E-02  0.4495E-01  0.2945E-03  0.5209E-02  0.4682E-03  0.3218E-01  0.1669E-02
     -1.427  0.3435E-02  0.5664E-02  0.4519E-04  0.7791E-05  0.1424E-03  0.3451E-04  0.5879E-04  0.2223E-05  0.1617E-01  0.1132E-03  0.5988E-02  0.4775E-03  0.9865E-01  0.8077E-04  0.7156E-02  0.1375E-03  0.8096E-01  0.5059E-03
     -1.417  0.0000E+00  0.0000E+00  0.0000E+00  0.0000E+00  0.0000E+00  0.0000E+00  0.0000E+00  0.0000E+00  0.0000E+00  0.0000E+00  0.0000E+00  0.0000E+00  0.0000E+00  0.0000E+00  0.0000E+00  0.0000E+00  0.0000E+00  0.0000E+00
     -1.407  0.0000E+00  0.0000E+00  0.0000E+00  0.0000E+00  0.0000E+00  0.0000E+00  0.0000E+00  0.0000E+00  0.0000E+00  0.0000E+00  0.0000E+00  0.0000E+00  0.0000E+00  0.0000E+00  0.0000E+00  0.0000E+00  0.0000E+00  0.0000E+00
     -1.397  0.0000E+00  0.4624E+01  0.0000E+00  0.1641E-03  0.0000E+00  0.1903E-01  0.0000E+00  0.2864E-03  0.0000E+00  0.1527E-01  0.0000E+00  0.1050E-01  0.0000E+00  0.4386E+00  0.0000E+00  0.1712E-01  0.0000E+00  0.1416E-01
     -1.387  0.0000E+00  0.1689E+01  0.0000E+00  0.1824E-03  0.0000E+00  0.6538E-02  0.0000E+00  0.3342E-03  0.0000E+00  0.1547E-01  0.0000E+00  0.1213E-01  0.0000E+00  0.1990E+00  0.0000E+00  0.2217E-01  0.0000E+00  0.1132E-01
     -1.377  0.0000E+00  0.7525E+00  0.0000E+00  0.1670E-03  0.0000E+00  0.2694E-02  0.0000E+00  0.2669E-03  0.0000E+00  0.1281E-01  0.0000E+00  0.1132E-01  0.0000E+00  0.1147E+00  0.0000E+00  0.1835E-01  0.0000E+00  0.9230E-02
     -1.367  0.0000E+00  0.5807E+00  0.0000E+00  0.1385E-03  0.0000E+00  0.2007E-02  0.0000E+00  0.2096E-03  0.0000E+00  0.1280E-01  0.0000E+00  0.9438E-02  0.0000E+00  0.9724E-01  0.0000E+00  0.1447E-01  0.0000E+00  0.9257E-02
     -1.357  0.0000E+00  0.4089E+00  0.0000E+00  0.8936E-04  0.0000E+00  0.1347E-02  0.0000E+00  0.1459E-03  0.0000E+00  0.1200E-01  0.0000E+00  0.6121E-02  0.0000E+00  0.7642E-01  0.0000E+00  0.1009E-01  0.0000E+00  0.8308E-02
     -1.347  0.3353E-03  0.2367E+00  0.1742E-03  0.4650E-04  0.6784E-05  0.7097E-03  0.3726E-03  0.1043E-03  0.1447E+00  0.1307E-01  0.1808E-01  0.3219E-02  0.5447E-02  0.5437E-01  0.3726E-01  0.7288E-02  0.1080E+00  0.8123E-02
     -1.337  0.8594E-03  0.1914E+00  0.8408E-03  0.3601E-04  0.1814E-04  0.5572E-03  0.1391E-02  0.8490E-04  0.3306E+00  0.1241E-01  0.8379E-01  0.2500E-02  0.1434E-01  0.4670E-01  0.1396E+00  0.5948E-02  0.5484E+00  0.7513E-02
     -1.326  0.8481E-03  0.1609E+00  0.1014E-02  0.2851E-04  0.1572E-04  0.4416E-03  0.1434E-02  0.7634E-04  0.3293E+00  0.1339E-01  0.9892E-01  0.1996E-02  0.1344E-01  0.4344E-01  0.1406E+00  0.5397E-02  0.5199E+00  0.7852E-02
     -1.316  0.1372E-02  0.1417E+00  0.2860E-02  0.2361E-04  0.2176E-04  0.3530E-03  0.3106E-02  0.7694E-04  0.6470E+00  0.1586E-01  0.2677E+00  0.1678E-02  0.1995E-01  0.4385E-01  0.2882E+00  0.5503E-02  0.9303E+00  0.9136E-02
     -1.306  0.1595E-02  0.8536E-01  0.2203E-02  0.1306E-04  0.2682E-04  0.1734E-03  0.3871E-02  0.6074E-04  0.6890E+00  0.1611E-01  0.2006E+00  0.9493E-03  0.2145E-01  0.3423E-01  0.3551E+00  0.4345E-02  0.1089E+01  0.8498E-02
     -1.296  0.6123E-03  0.0000E+00  0.6147E-03  0.0000E+00  0.2186E-04  0.0000E+00  0.7860E-03  0.0000E+00  0.1692E+00  0.0000E+00  0.5559E-01  0.0000E+00  0.1145E-01  0.0000E+00  0.7025E-01  0.0000E+00  0.1690E+00  0.0000E+00
     -1.286  0.4617E-03  0.0000E+00  0.4976E-03  0.0000E+00  0.2190E-04  0.0000E+00  0.6128E-03  0.0000E+00  0.1236E+00  0.0000E+00  0.4443E-01  0.0000E+00  0.1009E-01  0.0000E+00  0.5388E-01  0.0000E+00  0.9741E-01  0.0000E+00
     -1.276  0.0000E+00  0.0000E+00  0.0000E+00  0.0000E+00  0.0000E+00  0.0000E+00  0.0000E+00  0.0000E+00  0.0000E+00  0.0000E+00  0.0000E+00  0.0000E+00  0.0000E+00  0.0000E+00  0.0000E+00  0.0000E+00  0.0000E+00  0.0000E+00
     -1.266  0.0000E+00  0.0000E+00  0.0000E+00  0.0000E+00  0.0000E+00  0.0000E+00  0.0000E+00  0.0000E+00  0.0000E+00  0.0000E+00  0.0000E+00  0.0000E+00  0.0000E+00  0.0000E+00  0.0000E+00  0.0000E+00  0.0000E+00  0.0000E+00
     -1.256  0.0000E+00  0.5941E-01  0.0000E+00  0.2160E-04  0.0000E+00  0.6943E-04  0.0000E+00  0.2019E-04  0.0000E+00  0.2548E-01  0.0000E+00  0.1562E-02  0.0000E+00  0.4100E-01  0.0000E+00  0.1458E-02  0.0000E+00  0.3523E-01
     -1.246  0.0000E+00  0.5433E-01  0.0000E+00  0.6011E-04  0.0000E+00  0.6896E-04  0.0000E+00  0.1970E-03  0.0000E+00  0.1758E+00  0.0000E+00  0.4717E-02  0.0000E+00  0.3715E-01  0.0000E+00  0.1598E-01  0.0000E+00  0.2081E+00
     -1.236  0.9787E-02  0.4489E-01  0.6337E-02  0.7688E-04  0.2406E-03  0.5496E-04  0.7949E-02  0.1949E-03  0.1166E+01  0.2429E+00  0.4853E+00  0.6220E-02  0.1694E+00  0.3321E-01  0.5696E+00  0.1563E-01  0.6906E+00  0.3041E+00
     -1.226  0.6681E-01  0.5074E-01  0.1440E-01  0.1074E-03  0.1837E-02  0.6126E-04  0.2503E-01  0.1949E-03  0.1041E+02  0.4163E+00  0.1040E+01  0.8911E-02  0.1182E+01  0.3745E-01  0.1857E+01  0.1520E-01  0.8609E+01  0.5159E+00
     -1.216  0.6259E-02  0.1145E-01  0.2875E-02  0.4244E-04  0.2127E-03  0.1556E-04  0.8624E-02  0.5814E-04  0.1637E+01  0.1956E+00  0.1942E+00  0.3423E-02  0.1341E+00  0.8054E-02  0.5726E+00  0.4581E-02  0.1222E+01  0.1635E+00
     -1.206  0.3561E-02  0.6709E-02  0.7977E-02  0.2511E-04  0.8047E-04  0.8725E-05  0.1108E-01  0.4622E-04  0.4244E+00  0.1470E+00  0.5585E+00  0.2138E-02  0.6643E-01  0.5194E-02  0.7726E+00  0.4324E-02  0.3948E+00  0.1329E+00
     -1.196  0.9548E-02  0.3332E-01  0.2239E-01  0.1915E-03  0.1461E-03  0.3038E-04  0.2122E-01  0.1425E-03  0.7137E+00  0.3888E+00  0.1546E+01  0.1780E-01  0.1405E+00  0.3318E-01  0.1473E+01  0.1496E-01  0.7944E+00  0.2734E+00
     -1.186  0.1876E-01  0.2210E-01  0.3074E-01  0.2203E-03  0.2014E-03  0.1666E-04  0.2961E-01  0.1642E-03  0.5586E+00  0.2403E+00  0.2094E+01  0.2061E-01  0.2380E+00  0.2585E-01  0.2033E+01  0.1724E-01  0.5480E+00  0.1639E+00
     -1.176  0.2041E-01  0.1620E-01  0.2837E-01  0.2075E-03  0.2033E-03  0.1067E-04  0.2236E-01  0.1575E-03  0.3241E+00  0.1411E+00  0.1895E+01  0.1947E-01  0.2462E+00  0.2025E-01  0.1510E+01  0.1640E-01  0.3207E+00  0.1110E+00
     -1.166  0.2174E-01  0.1452E-01  0.2357E-01  0.1919E-03  0.2134E-03  0.8517E-05  0.1873E-01  0.1553E-03  0.2382E+00  0.1024E+00  0.1555E+01  0.1829E-01  0.2591E+00  0.1924E-01  0.1249E+01  0.1642E-01  0.2232E+00  0.8219E-01
     -1.156  0.1751E-01  0.1437E-01  0.1215E-01  0.1990E-03  0.1679E-03  0.7769E-05  0.1073E-01  0.1661E-03  0.1428E+00  0.9702E-01  0.7937E+00  0.1915E-01  0.2065E+00  0.1987E-01  0.7100E+00  0.1775E-01  0.1262E+00  0.7683E-01
     -1.146  0.8929E-02  0.2034E-01  0.2464E-02  0.2352E-03  0.8493E-04  0.8469E-05  0.4206E-02  0.2246E-03  0.5613E-01  0.1154E+00  0.1588E+00  0.2302E-01  0.1059E+00  0.3175E-01  0.2758E+00  0.2447E-01  0.5494E-01  0.8874E-01
     -1.136  0.4640E-03  0.2147E-01  0.1366E-03  0.2608E-03  0.4678E-05  0.7642E-05  0.4561E-03  0.2788E-03  0.3206E-02  0.1249E+00  0.8526E-02  0.2592E-01  0.5925E-02  0.3629E-01  0.2962E-01  0.3093E-01  0.5785E-02  0.9279E-01
     -1.126  0.0000E+00  0.2244E-01  0.0000E+00  0.2947E-03  0.0000E+00  0.6811E-05  0.0000E+00  0.3480E-03  0.0000E+00  0.1377E+00  0.0000E+00  0.2977E-01  0.0000E+00  0.4080E-01  0.0000E+00  0.3921E-01  0.0000E+00  0.9886E-01
     -1.116  0.0000E+00  0.2133E-01  0.0000E+00  0.3523E-03  0.0000E+00  0.5678E-05  0.0000E+00  0.4920E-03  0.0000E+00  0.1632E+00  0.0000E+00  0.3627E-01  0.0000E+00  0.4194E-01  0.0000E+00  0.5627E-01  0.0000E+00  0.1077E+00
     -1.106  0.0000E+00  0.2041E-01  0.0000E+00  0.6423E-03  0.0000E+00  0.4775E-05  0.0000E+00  0.1050E-02  0.0000E+00  0.2858E+00  0.0000E+00  0.6746E-01  0.0000E+00  0.4653E-01  0.0000E+00  0.1216E+00  0.0000E+00  0.1668E+00
     -1.096  0.2365E+00  0.1468E-01  0.2145E-01  0.5306E-03  0.1814E-02  0.2839E-05  0.3729E-01  0.1240E-02  0.8026E-01  0.2995E+00  0.1258E+01  0.5886E-01  0.2284E+01  0.3944E-01  0.2168E+01  0.1461E+00  0.9078E-01  0.1427E+00
     -1.086  0.2824E+00  0.0000E+00  0.1913E-01  0.0000E+00  0.2050E-02  0.0000E+00  0.3479E-01  0.0000E+00  0.8425E-01  0.0000E+00  0.1112E+01  0.0000E+00  0.2704E+01  0.0000E+00  0.2003E+01  0.0000E+00  0.9222E-01  0.0000E+00
     -1.076  0.9763E+00  0.0000E+00  0.2145E-01  0.0000E+00  0.6613E-02  0.0000E+00  0.4680E-01  0.0000E+00  0.2080E+00  0.0000E+00  0.1218E+01  0.0000E+00  0.9321E+01  0.0000E+00  0.2632E+01  0.0000E+00  0.2259E+00  0.0000E+00
     -1.066  0.1802E-01  0.0000E+00  0.1689E-02  0.0000E+00  0.1189E-03  0.0000E+00  0.4100E-02  0.0000E+00  0.1271E-02  0.0000E+00  0.9528E-01  0.0000E+00  0.1627E+00  0.0000E+00  0.2271E+00  0.0000E+00  0.1967E-02  0.0000E+00
     -1.056  0.0000E+00  0.0000E+00  0.0000E+00  0.0000E+00  0.0000E+00  0.0000E+00  0.0000E+00  0.0000E+00  0.0000E+00  0.0000E+00  0.0000E+00  0.0000E+00  0.0000E+00  0.0000E+00  0.0000E+00  0.0000E+00  0.0000E+00  0.0000E+00
     -1.046  0.0000E+00  0.0000E+00  0.0000E+00  0.0000E+00  0.0000E+00  0.0000E+00  0.0000E+00  0.0000E+00  0.0000E+00  0.0000E+00  0.0000E+00  0.0000E+00  0.0000E+00  0.0000E+00  0.0000E+00  0.0000E+00  0.0000E+00  0.0000E+00
     -1.036  0.0000E+00  0.0000E+00  0.0000E+00  0.0000E+00  0.0000E+00  0.0000E+00  0.0000E+00  0.0000E+00  0.0000E+00  0.0000E+00  0.0000E+00  0.0000E+00  0.0000E+00  0.0000E+00  0.0000E+00  0.0000E+00  0.0000E+00  0.0000E+00
     -1.026  0.0000E+00  0.0000E+00  0.0000E+00  0.0000E+00  0.0000E+00  0.0000E+00  0.0000E+00  0.0000E+00  0.0000E+00  0.0000E+00  0.0000E+00  0.0000E+00  0.0000E+00  0.0000E+00  0.0000E+00  0.0000E+00  0.0000E+00  0.0000E+00
     -1.016  0.0000E+00  0.0000E+00  0.0000E+00  0.0000E+00  0.0000E+00  0.0000E+00  0.0000E+00  0.0000E+00  0.0000E+00  0.0000E+00  0.0000E+00  0.0000E+00  0.0000E+00  0.0000E+00  0.0000E+00  0.0000E+00  0.0000E+00  0.0000E+00
     -1.006  0.0000E+00  0.0000E+00  0.0000E+00  0.0000E+00  0.0000E+00  0.0000E+00  0.0000E+00  0.0000E+00  0.0000E+00  0.0000E+00  0.0000E+00  0.0000E+00  0.0000E+00  0.0000E+00  0.0000E+00  0.0000E+00  0.0000E+00  0.0000E+00
     -0.996  0.0000E+00  0.4512E-03  0.0000E+00  0.2540E-03  0.0000E+00  0.2589E-07  0.0000E+00  0.9658E-04  0.0000E+00  0.5784E-02  0.0000E+00  0.2911E-01  0.0000E+00  0.1868E-02  0.0000E+00  0.1134E-01  0.0000E+00  0.2362E-01
     -0.986  0.0000E+00  0.1409E-02  0.0000E+00  0.6661E-03  0.0000E+00  0.7838E-07  0.0000E+00  0.2603E-03  0.0000E+00  0.1566E-01  0.0000E+00  0.7665E-01  0.0000E+00  0.5924E-02  0.0000E+00  0.3081E-01  0.0000E+00  0.6106E-01
     -0.976  0.0000E+00  0.1747E-02  0.0000E+00  0.5028E-03  0.0000E+00  0.1108E-06  0.0000E+00  0.3030E-03  0.0000E+00  0.1710E-01  0.0000E+00  0.6025E-01  0.0000E+00  0.8521E-02  0.0000E+00  0.3993E-01  0.0000E+00  0.4179E-01
     -0.966  0.0000E+00  0.1797E-02  0.0000E+00  0.4927E-03  0.0000E+00  0.1234E-06  0.0000E+00  0.3163E-03  0.0000E+00  0.1729E-01  0.0000E+00  0.5999E-01  0.0000E+00  0.9233E-02  0.0000E+00  0.4250E-01  0.0000E+00  0.3938E-01
     -0.956  0.5141E-01  0.1820E-02  0.2854E-01  0.4878E-03  0.1318E-04  0.1342E-06  0.2410E-01  0.3212E-03  0.1942E-01  0.1696E-01  0.1224E+01  0.6030E-01  0.3123E+00  0.9797E-02  0.1026E+01  0.4381E-01  0.1347E-01  0.3726E-01
     -0.946  0.1193E+00  0.2352E-02  0.8815E-01  0.5637E-03  0.2965E-04  0.2374E-06  0.4326E-01  0.7325E-03  0.5825E-01  0.3511E-01  0.3759E+01  0.7118E-01  0.7107E+00  0.1500E-01  0.1819E+01  0.1036E+00  0.4758E-01  0.3905E-01
     -0.936  0.3795E-01  0.5633E-02  0.2661E-01  0.1960E-02  0.1052E-04  0.6714E-06  0.1527E-01  0.2880E-02  0.2115E-01  0.1283E+00  0.1100E+01  0.2659E+00  0.2173E+00  0.4140E-01  0.6229E+00  0.4295E+00  0.1715E-01  0.1200E+00
     -0.926  0.3550E-01  0.4207E-02  0.2048E-01  0.1378E-02  0.1014E-04  0.4741E-06  0.1284E-01  0.1664E-02  0.2079E-01  0.7501E-01  0.8316E+00  0.1866E+00  0.2001E+00  0.3015E-01  0.5167E+00  0.2494E+00  0.1624E-01  0.8633E-01
     -0.916  0.3443E-01  0.3277E-02  0.2006E-01  0.1125E-02  0.1038E-04  0.4103E-06  0.1263E-01  0.1295E-02  0.2104E-01  0.5589E-01  0.8061E+00  0.1534E+00  0.1913E+00  0.2570E-01  0.5034E+00  0.1954E+00  0.1651E-01  0.6985E-01
     -0.906  0.4244E-01  0.4018E-02  0.1942E-01  0.1562E-02  0.1689E-04  0.6128E-06  0.1397E-01  0.1748E-02  0.2746E-01  0.7050E-01  0.7707E+00  0.2153E+00  0.2257E+00  0.3760E-01  0.5464E+00  0.2678E+00  0.2022E-01  0.9894E-01
     -0.896  0.3338E-01  0.2547E-02  0.1781E-01  0.6536E-03  0.2184E-04  0.3234E-06  0.1273E-01  0.6450E-03  0.2373E-01  0.2553E-01  0.6994E+00  0.9176E-01  0.1719E+00  0.2121E-01  0.4887E+00  0.9926E-01  0.1742E-01  0.3913E-01
     -0.886  0.2636E-01  0.1798E-02  0.1650E-01  0.4120E-03  0.2536E-04  0.2160E-06  0.1170E-01  0.3746E-03  0.2075E-01  0.1501E-01  0.6408E+00  0.5850E-01  0.1307E+00  0.1467E-01  0.4416E+00  0.5812E-01  0.1529E-01  0.2569E-01
     -0.876  0.2249E-01  0.1036E-02  0.1499E-01  0.2074E-03  0.2845E-04  0.1088E-06  0.1081E-01  0.1390E-03  0.1907E-01  0.5875E-02  0.5753E+00  0.3009E-01  0.1081E+00  0.7901E-02  0.4019E+00  0.2202E-01  0.1415E-01  0.1379E-01
     -0.866  0.1868E-01  0.4237E-03  0.1215E-01  0.8771E-04  0.3555E-04  0.3710E-07  0.9911E-02  0.2908E-04  0.1740E-01  0.1343E-02  0.4595E+00  0.1288E-01  0.8651E-01  0.2936E-02  0.3589E+00  0.4768E-02  0.1242E-01  0.5713E-02
     -0.856  0.1512E-01  0.0000E+00  0.7950E-02  0.0000E+00  0.4698E-04  0.0000E+00  0.8960E-02  0.0000E+00  0.1586E-01  0.0000E+00  0.2925E+00  0.0000E+00  0.6635E-01  0.0000E+00  0.3110E+00  0.0000E+00  0.1030E-01  0.0000E+00
     -0.846  0.1161E-01  0.0000E+00  0.7166E-02  0.0000E+00  0.4900E-04  0.0000E+00  0.8358E-02  0.0000E+00  0.1379E-01  0.0000E+00  0.2620E+00  0.0000E+00  0.4816E-01  0.0000E+00  0.2848E+00  0.0000E+00  0.8819E-02  0.0000E+00
     -0.836  0.8188E-02  0.0000E+00  0.6406E-02  0.0000E+00  0.5049E-04  0.0000E+00  0.7716E-02  0.0000E+00  0.1171E-01  0.0000E+00  0.2325E+00  0.0000E+00  0.3070E-01  0.0000E+00  0.2575E+00  0.0000E+00  0.7354E-02  0.0000E+00
     -0.826  0.6444E-02  0.0000E+00  0.5758E-02  0.0000E+00  0.5065E-04  0.0000E+00  0.7226E-02  0.0000E+00  0.1048E-01  0.0000E+00  0.2079E+00  0.0000E+00  0.2221E-01  0.0000E+00  0.2377E+00  0.0000E+00  0.6472E-02  0.0000E+00
     -0.816  0.5782E-02  0.0000E+00  0.5182E-02  0.0000E+00  0.4989E-04  0.0000E+00  0.6839E-02  0.0000E+00  0.9809E-02  0.0000E+00  0.1864E+00  0.0000E+00  0.1940E-01  0.0000E+00  0.2232E+00  0.0000E+00  0.5963E-02  0.0000E+00
     -0.806  0.5131E-02  0.0000E+00  0.4621E-02  0.0000E+00  0.4878E-04  0.0000E+00  0.6431E-02  0.0000E+00  0.9120E-02  0.0000E+00  0.1655E+00  0.0000E+00  0.1669E-01  0.0000E+00  0.2081E+00  0.0000E+00  0.5452E-02  0.0000E+00
     -0.796  0.4491E-02  0.0000E+00  0.4073E-02  0.0000E+00  0.4731E-04  0.0000E+00  0.6002E-02  0.0000E+00  0.8409E-02  0.0000E+00  0.1451E+00  0.0000E+00  0.1408E-01  0.0000E+00  0.1926E+00  0.0000E+00  0.4941E-02  0.0000E+00
     -0.786  0.7417E-02  0.0000E+00  0.3653E-01  0.0000E+00  0.6801E-04  0.0000E+00  0.1676E-01  0.0000E+00  0.1207E-01  0.0000E+00  0.1179E+01  0.0000E+00  0.2335E-01  0.0000E+00  0.5257E+00  0.0000E+00  0.2548E-01  0.0000E+00
     -0.776  0.6452E-02  0.0000E+00  0.2368E-01  0.0000E+00  0.7444E-04  0.0000E+00  0.1274E-01  0.0000E+00  0.1027E-01  0.0000E+00  0.7558E+00  0.0000E+00  0.1865E-01  0.0000E+00  0.3927E+00  0.0000E+00  0.1719E-01  0.0000E+00
     -0.766  0.6587E-02  0.0000E+00  0.1661E-01  0.0000E+00  0.8983E-04  0.0000E+00  0.1144E-01  0.0000E+00  0.1002E-01  0.0000E+00  0.5222E+00  0.0000E+00  0.1739E-01  0.0000E+00  0.3469E+00  0.0000E+00  0.1267E-01  0.0000E+00
     -0.756  0.6821E-02  0.0000E+00  0.1769E-01  0.0000E+00  0.9687E-04  0.0000E+00  0.1161E-01  0.0000E+00  0.9406E-02  0.0000E+00  0.5481E+00  0.0000E+00  0.1736E-01  0.0000E+00  0.3478E+00  0.0000E+00  0.1308E-01  0.0000E+00
     -0.746  0.6964E-02  0.0000E+00  0.1850E-01  0.0000E+00  0.9773E-04  0.0000E+00  0.1114E-01  0.0000E+00  0.8023E-02  0.0000E+00  0.5652E+00  0.0000E+00  0.1759E-01  0.0000E+00  0.3300E+00  0.0000E+00  0.1308E-01  0.0000E+00
     -0.736  0.7048E-02  0.0000E+00  0.1757E-01  0.0000E+00  0.1095E-03  0.0000E+00  0.1035E-01  0.0000E+00  0.6511E-02  0.0000E+00  0.5243E+00  0.0000E+00  0.1698E-01  0.0000E+00  0.2976E+00  0.0000E+00  0.1212E-01  0.0000E+00
     -0.726  0.8212E-02  0.0000E+00  0.1793E-01  0.0000E+00  0.1444E-03  0.0000E+00  0.1216E-01  0.0000E+00  0.7246E-02  0.0000E+00  0.5242E+00  0.0000E+00  0.1858E-01  0.0000E+00  0.3430E+00  0.0000E+00  0.1203E-01  0.0000E+00
     -0.716  0.1061E-01  0.0000E+00  0.2078E-01  0.0000E+00  0.1963E-03  0.0000E+00  0.1474E-01  0.0000E+00  0.8883E-02  0.0000E+00  0.5983E+00  0.0000E+00  0.2332E-01  0.0000E+00  0.4106E+00  0.0000E+00  0.1422E-01  0.0000E+00
     -0.706  0.1237E-01  0.0000E+00  0.2208E-01  0.0000E+00  0.2519E-03  0.0000E+00  0.1691E-01  0.0000E+00  0.1064E-01  0.0000E+00  0.6241E+00  0.0000E+00  0.2616E-01  0.0000E+00  0.4626E+00  0.0000E+00  0.1573E-01  0.0000E+00
     -0.696  0.1293E-01  0.0000E+00  0.2365E-01  0.0000E+00  0.2917E-03  0.0000E+00  0.1823E-01  0.0000E+00  0.1176E-01  0.0000E+00  0.6575E+00  0.0000E+00  0.2615E-01  0.0000E+00  0.4911E+00  0.0000E+00  0.1697E-01  0.0000E+00
     -0.686  0.1215E-01  0.0000E+00  0.2347E-01  0.0000E+00  0.3086E-03  0.0000E+00  0.1919E-01  0.0000E+00  0.1240E-01  0.0000E+00  0.6460E+00  0.0000E+00  0.2313E-01  0.0000E+00  0.5118E+00  0.0000E+00  0.1657E-01  0.0000E+00
     -0.676  0.1137E-01  0.0000E+00  0.2268E-01  0.0000E+00  0.3251E-03  0.0000E+00  0.2007E-01  0.0000E+00  0.1307E-01  0.0000E+00  0.6180E+00  0.0000E+00  0.2013E-01  0.0000E+00  0.5301E+00  0.0000E+00  0.1593E-01  0.0000E+00
     -0.666  0.1049E-01  0.0000E+00  0.2012E-01  0.0000E+00  0.3790E-03  0.0000E+00  0.2289E-01  0.0000E+00  0.1549E-01  0.0000E+00  0.5380E+00  0.0000E+00  0.1587E-01  0.0000E+00  0.5931E+00  0.0000E+00  0.1512E-01  0.0000E+00
     -0.656  0.9169E-02  0.0000E+00  0.1667E-01  0.0000E+00  0.3829E-03  0.0000E+00  0.2329E-01  0.0000E+00  0.1601E-01  0.0000E+00  0.4402E+00  0.0000E+00  0.1223E-01  0.0000E+00  0.5978E+00  0.0000E+00  0.1323E-01  0.0000E+00
     -0.646  0.8815E-02  0.0000E+00  0.1445E-01  0.0000E+00  0.4256E-03  0.0000E+00  0.2592E-01  0.0000E+00  0.1826E-01  0.0000E+00  0.3760E+00  0.0000E+00  0.1015E-01  0.0000E+00  0.6587E+00  0.0000E+00  0.1280E-01  0.0000E+00
     -0.636  0.8041E-04  0.0000E+00  0.1274E-03  0.0000E+00  0.4264E-05  0.0000E+00  0.2594E-03  0.0000E+00  0.1816E-03  0.0000E+00  0.3279E-02  0.0000E+00  0.8208E-04  0.0000E+00  0.6547E-02  0.0000E+00  0.1187E-03  0.0000E+00
     -0.626  0.0000E+00  0.0000E+00  0.0000E+00  0.0000E+00  0.0000E+00  0.0000E+00  0.0000E+00  0.0000E+00  0.0000E+00  0.0000E+00  0.0000E+00  0.0000E+00  0.0000E+00  0.0000E+00  0.0000E+00  0.0000E+00  0.0000E+00  0.0000E+00
     -0.616  0.0000E+00  0.0000E+00  0.0000E+00  0.0000E+00  0.0000E+00  0.0000E+00  0.0000E+00  0.0000E+00  0.0000E+00  0.0000E+00  0.0000E+00  0.0000E+00  0.0000E+00  0.0000E+00  0.0000E+00  0.0000E+00  0.0000E+00  0.0000E+00
     -0.606  0.0000E+00  0.0000E+00  0.0000E+00  0.0000E+00  0.0000E+00  0.0000E+00  0.0000E+00  0.0000E+00  0.0000E+00  0.0000E+00  0.0000E+00  0.0000E+00  0.0000E+00  0.0000E+00  0.0000E+00  0.0000E+00  0.0000E+00  0.0000E+00
     -0.596  0.0000E+00  0.0000E+00  0.0000E+00  0.0000E+00  0.0000E+00  0.0000E+00  0.0000E+00  0.0000E+00  0.0000E+00  0.0000E+00  0.0000E+00  0.0000E+00  0.0000E+00  0.0000E+00  0.0000E+00  0.0000E+00  0.0000E+00  0.0000E+00
     -0.586  0.0000E+00  0.0000E+00  0.0000E+00  0.0000E+00  0.0000E+00  0.0000E+00  0.0000E+00  0.0000E+00  0.0000E+00  0.0000E+00  0.0000E+00  0.0000E+00  0.0000E+00  0.0000E+00  0.0000E+00  0.0000E+00  0.0000E+00  0.0000E+00
     -0.576  0.0000E+00  0.0000E+00  0.0000E+00  0.0000E+00  0.0000E+00  0.0000E+00  0.0000E+00  0.0000E+00  0.0000E+00  0.0000E+00  0.0000E+00  0.0000E+00  0.0000E+00  0.0000E+00  0.0000E+00  0.0000E+00  0.0000E+00  0.0000E+00
     -0.566  0.0000E+00  0.0000E+00  0.0000E+00  0.0000E+00  0.0000E+00  0.0000E+00  0.0000E+00  0.0000E+00  0.0000E+00  0.0000E+00  0.0000E+00  0.0000E+00  0.0000E+00  0.0000E+00  0.0000E+00  0.0000E+00  0.0000E+00  0.0000E+00
     -0.556  0.0000E+00  0.0000E+00  0.0000E+00  0.0000E+00  0.0000E+00  0.0000E+00  0.0000E+00  0.0000E+00  0.0000E+00  0.0000E+00  0.0000E+00  0.0000E+00  0.0000E+00  0.0000E+00  0.0000E+00  0.0000E+00  0.0000E+00  0.0000E+00
     -0.546  0.0000E+00  0.0000E+00  0.0000E+00  0.0000E+00  0.0000E+00  0.0000E+00  0.0000E+00  0.0000E+00  0.0000E+00  0.0000E+00  0.0000E+00  0.0000E+00  0.0000E+00  0.0000E+00  0.0000E+00  0.0000E+00  0.0000E+00  0.0000E+00
     -0.536  0.0000E+00  0.0000E+00  0.0000E+00  0.0000E+00  0.0000E+00  0.0000E+00  0.0000E+00  0.0000E+00  0.0000E+00  0.0000E+00  0.0000E+00  0.0000E+00  0.0000E+00  0.0000E+00  0.0000E+00  0.0000E+00  0.0000E+00  0.0000E+00
     -0.526  0.0000E+00  0.0000E+00  0.0000E+00  0.0000E+00  0.0000E+00  0.0000E+00  0.0000E+00  0.0000E+00  0.0000E+00  0.0000E+00  0.0000E+00  0.0000E+00  0.0000E+00  0.0000E+00  0.0000E+00  0.0000E+00  0.0000E+00  0.0000E+00
     -0.516  0.0000E+00  0.4985E-03  0.0000E+00  0.7430E-05  0.0000E+00  0.2727E-06  0.0000E+00  0.5541E-04  0.0000E+00  0.6256E-02  0.0000E+00  0.4119E-02  0.0000E+00  0.3624E-02  0.0000E+00  0.2644E-01  0.0000E+00  0.1295E-02
     -0.506  0.0000E+00  0.1163E-02  0.0000E+00  0.1818E-04  0.0000E+00  0.6688E-06  0.0000E+00  0.1151E-03  0.0000E+00  0.1378E-01  0.0000E+00  0.1016E-01  0.0000E+00  0.8051E-02  0.0000E+00  0.5730E-01  0.0000E+00  0.3749E-02
     -0.496  0.0000E+00  0.2056E-02  0.0000E+00  0.3180E-04  0.0000E+00  0.1173E-05  0.0000E+00  0.1740E-03  0.0000E+00  0.2207E-01  0.0000E+00  0.1761E-01  0.0000E+00  0.1474E-01  0.0000E+00  0.8903E-01  0.0000E+00  0.7081E-02
     -0.486  0.0000E+00  0.5301E-02  0.0000E+00  0.9049E-04  0.0000E+00  0.3382E-05  0.0000E+00  0.3657E-03  0.0000E+00  0.5216E-01  0.0000E+00  0.5032E-01  0.0000E+00  0.3588E-01  0.0000E+00  0.1991E+00  0.0000E+00  0.2209E-01
     -0.476  0.0000E+00  0.9136E-02  0.0000E+00  0.1807E-03  0.0000E+00  0.6327E-05  0.0000E+00  0.5832E-03  0.0000E+00  0.8936E-01  0.0000E+00  0.1006E+00  0.0000E+00  0.5823E-01  0.0000E+00  0.3314E+00  0.0000E+00  0.4409E-01
     -0.466  0.0000E+00  0.7539E-02  0.0000E+00  0.2305E-03  0.0000E+00  0.5022E-05  0.0000E+00  0.4208E-03  0.0000E+00  0.7018E-01  0.0000E+00  0.1231E+00  0.0000E+00  0.5072E-01  0.0000E+00  0.2532E+00  0.0000E+00  0.4748E-01
     -0.456  0.0000E+00  0.3513E-02  0.0000E+00  0.1346E-03  0.0000E+00  0.2256E-05  0.0000E+00  0.1657E-03  0.0000E+00  0.2972E-01  0.0000E+00  0.7006E-01  0.0000E+00  0.2794E-01  0.0000E+00  0.1041E+00  0.0000E+00  0.2475E-01
     -0.446  0.0000E+00  0.2445E-02  0.0000E+00  0.9942E-04  0.0000E+00  0.1659E-05  0.0000E+00  0.1128E-03  0.0000E+00  0.2022E-01  0.0000E+00  0.5154E-01  0.0000E+00  0.2083E-01  0.0000E+00  0.7137E-01  0.0000E+00  0.1779E-01
     -0.436  0.0000E+00  0.1553E-02  0.0000E+00  0.6527E-04  0.0000E+00  0.1115E-05  0.0000E+00  0.7068E-04  0.0000E+00  0.1273E-01  0.0000E+00  0.3423E-01  0.0000E+00  0.1378E-01  0.0000E+00  0.4551E-01  0.0000E+00  0.1170E-01
     -0.426  0.0000E+00  0.9808E-03  0.0000E+00  0.4061E-04  0.0000E+00  0.7589E-06  0.0000E+00  0.4392E-04  0.0000E+00  0.7787E-02  0.0000E+00  0.2136E-01  0.0000E+00  0.9291E-02  0.0000E+00  0.2840E-01  0.0000E+00  0.7354E-02
     -0.416  0.1587E-04  0.4195E-03  0.4484E-05  0.1667E-04  0.9766E-06  0.3702E-06  0.5324E-05  0.1823E-04  0.4204E-05  0.3141E-02  0.7610E-04  0.8815E-02  0.1374E-04  0.4403E-02  0.8890E-04  0.1188E-01  0.2400E-05  0.3109E-02
     -0.406  0.3050E-03  0.0000E+00  0.9268E-04  0.0000E+00  0.1931E-04  0.0000E+00  0.1185E-03  0.0000E+00  0.9115E-04  0.0000E+00  0.1570E-02  0.0000E+00  0.2612E-03  0.0000E+00  0.1981E-02  0.0000E+00  0.5145E-04  0.0000E+00
     -0.396  0.5814E-03  0.0000E+00  0.1896E-03  0.0000E+00  0.3789E-04  0.0000E+00  0.2581E-03  0.0000E+00  0.1944E-03  0.0000E+00  0.3206E-02  0.0000E+00  0.4923E-03  0.0000E+00  0.4319E-02  0.0000E+00  0.1087E-03  0.0000E+00
     -0.386  0.1034E-02  0.0000E+00  0.6019E-03  0.0000E+00  0.6600E-04  0.0000E+00  0.1440E-02  0.0000E+00  0.1016E-02  0.0000E+00  0.1026E-01  0.0000E+00  0.1028E-02  0.0000E+00  0.2433E-01  0.0000E+00  0.3159E-03  0.0000E+00
     -0.376  0.1518E-02  0.1242E-03  0.1049E-02  0.1786E-05  0.9727E-04  0.8335E-07  0.2754E-02  0.2585E-05  0.1918E-02  0.9033E-03  0.1784E-01  0.1546E-02  0.1586E-02  0.8634E-03  0.4640E-01  0.2798E-02  0.5597E-03  0.1082E-02
     -0.366  0.2587E-02  0.2899E-03  0.1766E-02  0.4195E-05  0.1691E-03  0.1769E-06  0.5362E-02  0.5956E-05  0.3617E-02  0.2085E-02  0.2969E-01  0.3643E-02  0.2680E-02  0.2081E-02  0.8917E-01  0.6452E-02  0.1098E-02  0.2427E-02
     -0.356  0.2292E-02  0.4765E-03  0.1590E-02  0.6963E-05  0.1666E-03  0.2599E-06  0.3855E-02  0.9730E-05  0.2598E-02  0.3414E-02  0.2625E-01  0.6108E-02  0.2083E-02  0.3522E-02  0.6309E-01  0.1062E-01  0.9648E-03  0.3809E-02
     -0.346  0.2106E-02  0.7601E-03  0.1657E-02  0.1035E-04  0.1629E-03  0.4617E-06  0.3627E-02  0.1884E-04  0.2398E-02  0.6631E-02  0.2710E-01  0.1022E-01  0.1875E-02  0.5318E-02  0.5855E-01  0.2246E-01  0.9291E-03  0.6108E-02
     -0.336  0.2222E-02  0.1104E-02  0.2200E-02  0.1233E-04  0.1762E-03  0.7896E-06  0.4616E-02  0.4321E-04  0.3009E-02  0.1198E-01  0.3561E-01  0.1339E-01  0.2182E-02  0.7187E-02  0.7322E-01  0.4967E-01  0.1175E-02  0.8491E-02
     -0.326  0.3247E-02  0.2838E-02  0.3919E-02  0.2472E-04  0.2785E-03  0.2592E-05  0.7450E-02  0.1573E-03  0.4515E-02  0.3873E-01  0.6241E-01  0.3133E-01  0.3172E-02  0.1619E-01  0.1159E+00  0.1810E+00  0.1927E-02  0.2169E-01
     -0.316  0.1485E-02  0.2839E-02  0.4238E-02  0.2501E-04  0.5282E-04  0.2849E-05  0.8103E-02  0.1450E-03  0.5030E-02  0.3820E-01  0.6712E-01  0.3227E-01  0.3312E-02  0.1605E-01  0.1255E+00  0.1721E+00  0.2048E-02  0.2281E-01
     -0.306  0.0000E+00  0.2271E-02  0.0000E+00  0.2078E-04  0.0000E+00  0.2440E-05  0.0000E+00  0.1015E-03  0.0000E+00  0.2882E-01  0.0000E+00  0.2622E-01  0.0000E+00  0.1368E-01  0.0000E+00  0.1244E+00  0.0000E+00  0.1897E-01
     -0.296  0.0000E+00  0.1752E-02  0.0000E+00  0.1561E-04  0.0000E+00  0.2447E-05  0.0000E+00  0.6804E-04  0.0000E+00  0.2513E-01  0.0000E+00  0.2093E-01  0.0000E+00  0.8766E-02  0.0000E+00  0.9403E-01  0.0000E+00  0.1917E-01
     -0.286  0.3969E-03  0.1513E-02  0.6135E-03  0.1445E-04  0.2198E-04  0.2601E-05  0.1029E-02  0.4568E-04  0.4970E-03  0.2330E-01  0.9259E-02  0.2113E-01  0.5471E-03  0.6055E-02  0.1527E-01  0.7369E-01  0.4529E-03  0.2007E-01
     -0.276  0.5188E-03  0.4843E-02  0.6495E-03  0.1161E-03  0.3259E-04  0.8489E-05  0.1109E-02  0.2032E-03  0.5474E-03  0.1033E+00  0.9752E-02  0.1758E+00  0.6274E-03  0.2150E-01  0.1636E-01  0.3760E+00  0.4890E-03  0.8241E-01
     -0.266  0.6384E-03  0.7645E-02  0.6640E-03  0.1214E-03  0.4351E-04  0.1236E-04  0.1141E-02  0.2592E-03  0.5751E-03  0.1433E+00  0.9917E-02  0.2012E+00  0.6863E-03  0.3673E-01  0.1673E-01  0.5139E+00  0.5012E-03  0.1040E+00
     -0.256  0.1032E-02  0.6393E-02  0.6607E-03  0.8529E-04  0.9278E-04  0.7540E-05  0.1009E-02  0.1715E-03  0.5150E-03  0.1088E+00  0.9698E-02  0.1459E+00  0.7038E-03  0.3556E-01  0.1446E-01  0.3669E+00  0.4107E-03  0.8057E-01
     -0.246  0.1805E-02  0.6567E-02  0.8068E-03  0.7674E-04  0.1922E-03  0.6742E-05  0.1043E-02  0.1473E-03  0.4854E-03  0.1032E+00  0.1154E-01  0.1360E+00  0.8276E-03  0.3860E-01  0.1448E-01  0.3336E+00  0.4433E-03  0.7738E-01
     -0.236  0.1600E-02  0.5227E-02  0.5366E-03  0.5900E-04  0.1679E-03  0.4651E-05  0.1160E-02  0.1039E-03  0.5426E-03  0.8357E-01  0.7475E-02  0.1090E+00  0.8664E-03  0.3215E-01  0.1597E-01  0.2521E+00  0.6150E-03  0.6396E-01
     -0.226  0.9913E-03  0.3756E-02  0.5372E-03  0.4001E-04  0.9299E-04  0.2924E-05  0.1709E-02  0.6055E-04  0.7810E-03  0.7815E-01  0.7304E-02  0.7756E-01  0.9071E-03  0.2433E-01  0.2356E-01  0.1586E+00  0.9982E-03  0.6233E-01
     -0.216  0.0000E+00  0.3926E-02  0.0000E+00  0.3595E-04  0.0000E+00  0.2775E-05  0.0000E+00  0.5285E-04  0.0000E+00  0.8545E-01  0.0000E+00  0.7282E-01  0.0000E+00  0.2614E-01  0.0000E+00  0.1424E+00  0.0000E+00  0.6867E-01
     -0.206  0.0000E+00  0.3784E-02  0.0000E+00  0.3084E-04  0.0000E+00  0.2500E-05  0.0000E+00  0.4343E-04  0.0000E+00  0.9091E-01  0.0000E+00  0.6555E-01  0.0000E+00  0.2568E-01  0.0000E+00  0.1210E+00  0.0000E+00  0.7361E-01
     -0.196  0.0000E+00  0.3386E-02  0.0000E+00  0.2491E-04  0.0000E+00  0.2154E-05  0.0000E+00  0.3452E-04  0.0000E+00  0.9455E-01  0.0000E+00  0.5616E-01  0.0000E+00  0.2328E-01  0.0000E+00  0.9958E-01  0.0000E+00  0.7667E-01
     -0.186  0.0000E+00  0.3159E-02  0.0000E+00  0.2280E-04  0.0000E+00  0.1992E-05  0.0000E+00  0.3103E-04  0.0000E+00  0.9733E-01  0.0000E+00  0.5265E-01  0.0000E+00  0.2184E-01  0.0000E+00  0.9114E-01  0.0000E+00  0.7904E-01
     -0.176  0.0000E+00  0.2938E-02  0.0000E+00  0.2109E-04  0.0000E+00  0.1848E-05  0.0000E+00  0.2791E-04  0.0000E+00  0.1000E+00  0.0000E+00  0.4970E-01  0.0000E+00  0.2039E-01  0.0000E+00  0.8356E-01  0.0000E+00  0.8137E-01
     -0.166  0.0000E+00  0.2710E-02  0.0000E+00  0.1937E-04  0.0000E+00  0.1705E-05  0.0000E+00  0.2488E-04  0.0000E+00  0.1026E+00  0.0000E+00  0.4668E-01  0.0000E+00  0.1890E-01  0.0000E+00  0.7617E-01  0.0000E+00  0.8366E-01
     -0.156  0.0000E+00  0.2476E-02  0.0000E+00  0.1765E-04  0.0000E+00  0.1563E-05  0.0000E+00  0.2195E-04  0.0000E+00  0.1052E+00  0.0000E+00  0.4361E-01  0.0000E+00  0.1734E-01  0.0000E+00  0.6895E-01  0.0000E+00  0.8590E-01
     -0.146  0.0000E+00  0.2236E-02  0.0000E+00  0.1592E-04  0.0000E+00  0.1424E-05  0.0000E+00  0.1913E-04  0.0000E+00  0.1078E+00  0.0000E+00  0.4047E-01  0.0000E+00  0.1574E-01  0.0000E+00  0.6192E-01  0.0000E+00  0.8809E-01
     -0.136  0.0000E+00  0.1989E-02  0.0000E+00  0.1420E-04  0.0000E+00  0.1286E-05  0.0000E+00  0.1641E-04  0.0000E+00  0.1103E+00  0.0000E+00  0.3727E-01  0.0000E+00  0.1407E-01  0.0000E+00  0.5507E-01  0.0000E+00  0.9025E-01
     -0.126  0.0000E+00  0.1556E-02  0.0000E+00  0.1256E-04  0.0000E+00  0.1258E-05  0.0000E+00  0.1376E-04  0.0000E+00  0.1468E+00  0.0000E+00  0.3608E-01  0.0000E+00  0.1098E-01  0.0000E+00  0.5023E-01  0.0000E+00  0.1201E+00
     -0.116  0.0000E+00  0.1326E-02  0.0000E+00  0.1088E-04  0.0000E+00  0.1117E-05  0.0000E+00  0.1204E-04  0.0000E+00  0.1370E+00  0.0000E+00  0.3179E-01  0.0000E+00  0.9361E-02  0.0000E+00  0.4423E-01  0.0000E+00  0.1120E+00
     -0.106  0.0000E+00  0.1108E-02  0.0000E+00  0.9251E-05  0.0000E+00  0.9738E-06  0.0000E+00  0.1033E-04  0.0000E+00  0.1251E+00  0.0000E+00  0.2750E-01  0.0000E+00  0.7826E-02  0.0000E+00  0.3825E-01  0.0000E+00  0.1023E+00
     -0.096  0.0000E+00  0.9021E-03  0.0000E+00  0.7674E-05  0.0000E+00  0.8285E-06  0.0000E+00  0.8658E-05  0.0000E+00  0.1112E+00  0.0000E+00  0.2321E-01  0.0000E+00  0.6376E-02  0.0000E+00  0.3227E-01  0.0000E+00  0.9086E-01
     -0.086  0.0000E+00  0.7087E-03  0.0000E+00  0.6148E-05  0.0000E+00  0.6809E-06  0.0000E+00  0.7007E-05  0.0000E+00  0.9519E-01  0.0000E+00  0.1893E-01  0.0000E+00  0.5013E-02  0.0000E+00  0.2631E-01  0.0000E+00  0.7779E-01
     -0.076  0.0000E+00  0.5277E-03  0.0000E+00  0.4673E-05  0.0000E+00  0.5311E-06  0.0000E+00  0.5382E-05  0.0000E+00  0.7720E-01  0.0000E+00  0.1466E-01  0.0000E+00  0.3735E-02  0.0000E+00  0.2035E-01  0.0000E+00  0.6308E-01
     -0.066  0.0000E+00  0.3590E-03  0.0000E+00  0.3249E-05  0.0000E+00  0.3790E-06  0.0000E+00  0.3783E-05  0.0000E+00  0.5717E-01  0.0000E+00  0.1038E-01  0.0000E+00  0.2542E-02  0.0000E+00  0.1441E-01  0.0000E+00  0.4671E-01
     -0.056  0.0000E+00  0.2025E-03  0.0000E+00  0.1877E-05  0.0000E+00  0.2248E-06  0.0000E+00  0.2209E-05  0.0000E+00  0.3512E-01  0.0000E+00  0.6110E-02  0.0000E+00  0.1435E-02  0.0000E+00  0.8476E-02  0.0000E+00  0.2868E-01
     -0.046  0.0000E+00  0.5840E-04  0.0000E+00  0.5547E-06  0.0000E+00  0.6823E-07  0.0000E+00  0.6603E-06  0.0000E+00  0.1102E-01  0.0000E+00  0.1841E-02  0.0000E+00  0.4142E-03  0.0000E+00  0.2553E-02  0.0000E+00  0.9003E-02
     -0.036  0.1006E-03  0.0000E+00  0.2467E-03  0.0000E+00  0.1885E-04  0.0000E+00  0.5134E-03  0.0000E+00  0.4818E-04  0.0000E+00  0.2416E-02  0.0000E+00  0.6095E-04  0.0000E+00  0.5053E-02  0.0000E+00  0.4206E-04  0.0000E+00
     -0.026  0.2190E-03  0.0000E+00  0.7914E-03  0.0000E+00  0.5269E-04  0.0000E+00  0.1755E-02  0.0000E+00  0.2507E-03  0.0000E+00  0.7787E-02  0.0000E+00  0.2227E-03  0.0000E+00  0.1717E-01  0.0000E+00  0.1792E-03  0.0000E+00
     -0.016  0.3068E-03  0.0000E+00  0.1471E-02  0.0000E+00  0.8959E-04  0.0000E+00  0.3328E-02  0.0000E+00  0.5528E-03  0.0000E+00  0.1449E-01  0.0000E+00  0.4349E-03  0.0000E+00  0.3241E-01  0.0000E+00  0.3750E-03  0.0000E+00
     -0.006  0.3910E-03  0.1677E+00  0.2219E-02  0.5089E-03  0.1292E-03  0.1601E-04  0.5008E-02  0.1028E-02  0.8902E-03  0.8063E+02  0.2185E-01  0.1171E+00  0.6634E-03  0.5107E+00  0.4862E-01  0.3602E+00  0.5958E-03  0.6596E+02
     0.004  0.5344E-03  0.5656E-01  0.7546E-02  0.1243E-03  0.3594E-03  0.4613E-05  0.1833E-01  0.2176E-03  0.3841E-02  0.1891E+02  0.7392E-01  0.1201E+00  0.2567E-02  0.1862E+00  0.1758E+00  0.1601E+00  0.2348E-02  0.1534E+02
     0.014  0.5632E-03  0.6277E-02  0.1195E-01  0.1036E-04  0.4220E-03  0.1364E-05  0.3536E-01  0.1584E-04  0.7104E-02  0.1519E+01  0.1156E+00  0.4630E-01  0.4114E-02  0.2242E-01  0.3345E+00  0.6006E-01  0.3642E-02  0.1234E+01
     0.024  0.5192E-03  0.2759E-02  0.8064E-02  0.4208E-05  0.2202E-03  0.6447E-06  0.2108E-01  0.6141E-05  0.3985E-02  0.6122E+00  0.7656E-01  0.2258E-01  0.2148E-02  0.9916E-02  0.1959E+00  0.2916E-01  0.2288E-02  0.4972E+00
     0.034  0.5216E-03  0.0000E+00  0.6604E-02  0.0000E+00  0.1771E-03  0.0000E+00  0.1554E-01  0.0000E+00  0.2861E-02  0.0000E+00  0.6188E-01  0.0000E+00  0.1475E-02  0.0000E+00  0.1426E+00  0.0000E+00  0.1824E-02  0.0000E+00
     0.044  0.4300E-03  0.0000E+00  0.5787E-02  0.0000E+00  0.1500E-03  0.0000E+00  0.1387E-01  0.0000E+00  0.2566E-02  0.0000E+00  0.5372E-01  0.0000E+00  0.1271E-02  0.0000E+00  0.1262E+00  0.0000E+00  0.1609E-02  0.0000E+00
     0.054  0.3779E-03  0.0000E+00  0.5014E-02  0.0000E+00  0.1270E-03  0.0000E+00  0.1204E-01  0.0000E+00  0.2222E-02  0.0000E+00  0.4616E-01  0.0000E+00  0.1073E-02  0.0000E+00  0.1087E+00  0.0000E+00  0.1389E-02  0.0000E+00
     0.064  0.3227E-03  0.0000E+00  0.4225E-02  0.0000E+00  0.1037E-03  0.0000E+00  0.1018E-01  0.0000E+00  0.1874E-02  0.0000E+00  0.3849E-01  0.0000E+00  0.8785E-03  0.0000E+00  0.9106E-01  0.0000E+00  0.1166E-02  0.0000E+00
     0.075  0.2636E-03  0.0000E+00  0.3318E-02  0.0000E+00  0.8016E-04  0.0000E+00  0.8165E-02  0.0000E+00  0.1501E-02  0.0000E+00  0.2982E-01  0.0000E+00  0.6723E-03  0.0000E+00  0.7214E-01  0.0000E+00  0.9096E-03  0.0000E+00
     0.085  0.1820E-03  0.0000E+00  0.1588E-02  0.0000E+00  0.6172E-04  0.0000E+00  0.3097E-02  0.0000E+00  0.5897E-03  0.0000E+00  0.1354E-01  0.0000E+00  0.2269E-03  0.0000E+00  0.2620E-01  0.0000E+00  0.4159E-03  0.0000E+00
     0.095  0.1658E-03  0.0000E+00  0.1462E-02  0.0000E+00  0.5741E-04  0.0000E+00  0.2820E-02  0.0000E+00  0.5391E-03  0.0000E+00  0.1243E-01  0.0000E+00  0.2056E-03  0.0000E+00  0.2381E-01  0.0000E+00  0.3824E-03  0.0000E+00
     0.105  0.1499E-03  0.0000E+00  0.1336E-02  0.0000E+00  0.5300E-04  0.0000E+00  0.2549E-02  0.0000E+00  0.4892E-03  0.0000E+00  0.1132E-01  0.0000E+00  0.1848E-03  0.0000E+00  0.2148E-01  0.0000E+00  0.3490E-03  0.0000E+00
     0.115  0.1344E-03  0.0000E+00  0.1210E-02  0.0000E+00  0.4849E-04  0.0000E+00  0.2283E-02  0.0000E+00  0.4400E-03  0.0000E+00  0.1022E-01  0.0000E+00  0.1647E-03  0.0000E+00  0.1919E-01  0.0000E+00  0.3157E-03  0.0000E+00
     0.125  0.1191E-03  0.0000E+00  0.1084E-02  0.0000E+00  0.4388E-04  0.0000E+00  0.2023E-02  0.0000E+00  0.3914E-03  0.0000E+00  0.9126E-02  0.0000E+00  0.1451E-03  0.0000E+00  0.1697E-01  0.0000E+00  0.2826E-03  0.0000E+00
     0.135  0.1041E-03  0.0000E+00  0.9582E-03  0.0000E+00  0.3917E-04  0.0000E+00  0.1768E-02  0.0000E+00  0.3435E-03  0.0000E+00  0.8041E-02  0.0000E+00  0.1261E-03  0.0000E+00  0.1479E-01  0.0000E+00  0.2495E-03  0.0000E+00
     0.145  0.8947E-04  0.0000E+00  0.8324E-03  0.0000E+00  0.3436E-04  0.0000E+00  0.1518E-02  0.0000E+00  0.2963E-03  0.0000E+00  0.6962E-02  0.0000E+00  0.1076E-03  0.0000E+00  0.1268E-01  0.0000E+00  0.2164E-03  0.0000E+00
     0.155  0.7511E-04  0.0000E+00  0.7067E-03  0.0000E+00  0.2946E-04  0.0000E+00  0.1274E-02  0.0000E+00  0.2497E-03  0.0000E+00  0.5891E-02  0.0000E+00  0.8978E-04  0.0000E+00  0.1061E-01  0.0000E+00  0.1835E-03  0.0000E+00
     0.165  0.6105E-04  0.0000E+00  0.5810E-03  0.0000E+00  0.2445E-04  0.0000E+00  0.1035E-02  0.0000E+00  0.2038E-03  0.0000E+00  0.4827E-02  0.0000E+00  0.7249E-04  0.0000E+00  0.8600E-02  0.0000E+00  0.1507E-03  0.0000E+00
     0.175  0.4730E-04  0.0000E+00  0.4553E-03  0.0000E+00  0.1935E-04  0.0000E+00  0.8014E-03  0.0000E+00  0.1585E-03  0.0000E+00  0.3770E-02  0.0000E+00  0.5578E-04  0.0000E+00  0.6643E-02  0.0000E+00  0.1180E-03  0.0000E+00
     0.185  0.3386E-04  0.0000E+00  0.3297E-03  0.0000E+00  0.1414E-04  0.0000E+00  0.5733E-03  0.0000E+00  0.1139E-03  0.0000E+00  0.2721E-02  0.0000E+00  0.3964E-04  0.0000E+00  0.4740E-02  0.0000E+00  0.8531E-04  0.0000E+00
     0.195  0.2072E-04  0.6810E+00  0.2041E-03  0.2625E-04  0.8836E-05  0.1406E-02  0.3506E-03  0.8227E-04  0.7001E-04  0.1382E-01  0.1679E-02  0.3124E-01  0.2408E-04  0.2564E+01  0.2891E-02  0.4699E-01  0.5275E-04  0.1303E-01
     0.205  0.7880E-05  0.2456E+01  0.7855E-04  0.9475E-04  0.3433E-05  0.5412E-02  0.1333E-03  0.3074E-03  0.2675E-04  0.3663E-01  0.6439E-03  0.9126E-01  0.9089E-05  0.9075E+01  0.1096E-02  0.1604E+00  0.2028E-04  0.3453E-01
     0.215  0.0000E+00  0.1397E+02  0.0000E+00  0.2002E-03  0.0000E+00  0.3322E-01  0.0000E+00  0.6042E-03  0.0000E+00  0.3240E+00  0.0000E+00  0.1471E+00  0.0000E+00  0.5051E+02  0.0000E+00  0.1142E+00  0.0000E+00  0.3287E+00
     0.225  0.0000E+00  0.2010E+01  0.0000E+00  0.2243E-04  0.0000E+00  0.4877E-02  0.0000E+00  0.7752E-04  0.0000E+00  0.4507E-01  0.0000E+00  0.5865E-02  0.0000E+00  0.7233E+01  0.0000E+00  0.5861E-02  0.0000E+00  0.4562E-01
     0.235  0.0000E+00  0.0000E+00  0.0000E+00  0.0000E+00  0.0000E+00  0.0000E+00  0.0000E+00  0.0000E+00  0.0000E+00  0.0000E+00  0.0000E+00  0.0000E+00  0.0000E+00  0.0000E+00  0.0000E+00  0.0000E+00  0.0000E+00  0.0000E+00
     0.245  0.0000E+00  0.0000E+00  0.0000E+00  0.0000E+00  0.0000E+00  0.0000E+00  0.0000E+00  0.0000E+00  0.0000E+00  0.0000E+00  0.0000E+00  0.0000E+00  0.0000E+00  0.0000E+00  0.0000E+00  0.0000E+00  0.0000E+00  0.0000E+00
     0.255  0.0000E+00  0.0000E+00  0.0000E+00  0.0000E+00  0.0000E+00  0.0000E+00  0.0000E+00  0.0000E+00  0.0000E+00  0.0000E+00  0.0000E+00  0.0000E+00  0.0000E+00  0.0000E+00  0.0000E+00  0.0000E+00  0.0000E+00  0.0000E+00
     0.265  0.0000E+00  0.0000E+00  0.0000E+00  0.0000E+00  0.0000E+00  0.0000E+00  0.0000E+00  0.0000E+00  0.0000E+00  0.0000E+00  0.0000E+00  0.0000E+00  0.0000E+00  0.0000E+00  0.0000E+00  0.0000E+00  0.0000E+00  0.0000E+00
     0.275  0.0000E+00  0.0000E+00  0.0000E+00  0.0000E+00  0.0000E+00  0.0000E+00  0.0000E+00  0.0000E+00  0.0000E+00  0.0000E+00  0.0000E+00  0.0000E+00  0.0000E+00  0.0000E+00  0.0000E+00  0.0000E+00  0.0000E+00  0.0000E+00
     0.285  0.0000E+00  0.0000E+00  0.0000E+00  0.0000E+00  0.0000E+00  0.0000E+00  0.0000E+00  0.0000E+00  0.0000E+00  0.0000E+00  0.0000E+00  0.0000E+00  0.0000E+00  0.0000E+00  0.0000E+00  0.0000E+00  0.0000E+00  0.0000E+00
     0.295  0.0000E+00  0.0000E+00  0.0000E+00  0.0000E+00  0.0000E+00  0.0000E+00  0.0000E+00  0.0000E+00  0.0000E+00  0.0000E+00  0.0000E+00  0.0000E+00  0.0000E+00  0.0000E+00  0.0000E+00  0.0000E+00  0.0000E+00  0.0000E+00
     0.305  0.0000E+00  0.0000E+00  0.0000E+00  0.0000E+00  0.0000E+00  0.0000E+00  0.0000E+00  0.0000E+00  0.0000E+00  0.0000E+00  0.0000E+00  0.0000E+00  0.0000E+00  0.0000E+00  0.0000E+00  0.0000E+00  0.0000E+00  0.0000E+00
     0.315  0.0000E+00  0.0000E+00  0.0000E+00  0.0000E+00  0.0000E+00  0.0000E+00  0.0000E+00  0.0000E+00  0.0000E+00  0.0000E+00  0.0000E+00  0.0000E+00  0.0000E+00  0.0000E+00  0.0000E+00  0.0000E+00  0.0000E+00  0.0000E+00
     0.325  0.0000E+00  0.0000E+00  0.0000E+00  0.0000E+00  0.0000E+00  0.0000E+00  0.0000E+00  0.0000E+00  0.0000E+00  0.0000E+00  0.0000E+00  0.0000E+00  0.0000E+00  0.0000E+00  0.0000E+00  0.0000E+00  0.0000E+00  0.0000E+00
     0.335  0.0000E+00  0.0000E+00  0.0000E+00  0.0000E+00  0.0000E+00  0.0000E+00  0.0000E+00  0.0000E+00  0.0000E+00  0.0000E+00  0.0000E+00  0.0000E+00  0.0000E+00  0.0000E+00  0.0000E+00  0.0000E+00  0.0000E+00  0.0000E+00
     0.345  0.0000E+00  0.0000E+00  0.0000E+00  0.0000E+00  0.0000E+00  0.0000E+00  0.0000E+00  0.0000E+00  0.0000E+00  0.0000E+00  0.0000E+00  0.0000E+00  0.0000E+00  0.0000E+00  0.0000E+00  0.0000E+00  0.0000E+00  0.0000E+00
     0.355  0.0000E+00  0.0000E+00  0.0000E+00  0.0000E+00  0.0000E+00  0.0000E+00  0.0000E+00  0.0000E+00  0.0000E+00  0.0000E+00  0.0000E+00  0.0000E+00  0.0000E+00  0.0000E+00  0.0000E+00  0.0000E+00  0.0000E+00  0.0000E+00
     0.365  0.0000E+00  0.0000E+00  0.0000E+00  0.0000E+00  0.0000E+00  0.0000E+00  0.0000E+00  0.0000E+00  0.0000E+00  0.0000E+00  0.0000E+00  0.0000E+00  0.0000E+00  0.0000E+00  0.0000E+00  0.0000E+00  0.0000E+00  0.0000E+00
     0.375  0.0000E+00  0.0000E+00  0.0000E+00  0.0000E+00  0.0000E+00  0.0000E+00  0.0000E+00  0.0000E+00  0.0000E+00  0.0000E+00  0.0000E+00  0.0000E+00  0.0000E+00  0.0000E+00  0.0000E+00  0.0000E+00  0.0000E+00  0.0000E+00
     0.385  0.0000E+00  0.0000E+00  0.0000E+00  0.0000E+00  0.0000E+00  0.0000E+00  0.0000E+00  0.0000E+00  0.0000E+00  0.0000E+00  0.0000E+00  0.0000E+00  0.0000E+00  0.0000E+00  0.0000E+00  0.0000E+00  0.0000E+00  0.0000E+00
     0.395  0.0000E+00  0.0000E+00  0.0000E+00  0.0000E+00  0.0000E+00  0.0000E+00  0.0000E+00  0.0000E+00  0.0000E+00  0.0000E+00  0.0000E+00  0.0000E+00  0.0000E+00  0.0000E+00  0.0000E+00  0.0000E+00  0.0000E+00  0.0000E+00
     0.405  0.0000E+00  0.0000E+00  0.0000E+00  0.0000E+00  0.0000E+00  0.0000E+00  0.0000E+00  0.0000E+00  0.0000E+00  0.0000E+00  0.0000E+00  0.0000E+00  0.0000E+00  0.0000E+00  0.0000E+00  0.0000E+00  0.0000E+00  0.0000E+00
     0.415  0.0000E+00  0.0000E+00  0.0000E+00  0.0000E+00  0.0000E+00  0.0000E+00  0.0000E+00  0.0000E+00  0.0000E+00  0.0000E+00  0.0000E+00  0.0000E+00  0.0000E+00  0.0000E+00  0.0000E+00  0.0000E+00  0.0000E+00  0.0000E+00
     0.425  0.0000E+00  0.0000E+00  0.0000E+00  0.0000E+00  0.0000E+00  0.0000E+00  0.0000E+00  0.0000E+00  0.0000E+00  0.0000E+00  0.0000E+00  0.0000E+00  0.0000E+00  0.0000E+00  0.0000E+00  0.0000E+00  0.0000E+00  0.0000E+00
     0.435  0.0000E+00  0.0000E+00  0.0000E+00  0.0000E+00  0.0000E+00  0.0000E+00  0.0000E+00  0.0000E+00  0.0000E+00  0.0000E+00  0.0000E+00  0.0000E+00  0.0000E+00  0.0000E+00  0.0000E+00  0.0000E+00  0.0000E+00  0.0000E+00
     0.445  0.0000E+00  0.1575E-01  0.0000E+00  0.3773E-03  0.0000E+00  0.2077E-03  0.0000E+00  0.8251E-03  0.0000E+00  0.6715E-03  0.0000E+00  0.1449E+00  0.0000E+00  0.2665E-01  0.0000E+00  0.2778E+00  0.0000E+00  0.1162E-02
     0.455  0.0000E+00  0.3805E-01  0.0000E+00  0.1015E-02  0.0000E+00  0.5060E-03  0.0000E+00  0.2265E-02  0.0000E+00  0.1749E-02  0.0000E+00  0.3833E+00  0.0000E+00  0.6389E-01  0.0000E+00  0.7540E+00  0.0000E+00  0.3132E-02
     0.465  0.0000E+00  0.3587E-01  0.0000E+00  0.1399E-02  0.0000E+00  0.4943E-03  0.0000E+00  0.3284E-02  0.0000E+00  0.1930E-02  0.0000E+00  0.4954E+00  0.0000E+00  0.5851E-01  0.0000E+00  0.1022E+01  0.0000E+00  0.3878E-02
     0.475  0.0000E+00  0.3866E-01  0.0000E+00  0.1873E-02  0.0000E+00  0.5462E-03  0.0000E+00  0.4358E-02  0.0000E+00  0.2210E-02  0.0000E+00  0.6438E+00  0.0000E+00  0.6187E-01  0.0000E+00  0.1308E+01  0.0000E+00  0.4629E-02
     0.485  0.0000E+00  0.4096E-01  0.0000E+00  0.2363E-02  0.0000E+00  0.5929E-03  0.0000E+00  0.5457E-02  0.0000E+00  0.2460E-02  0.0000E+00  0.7961E+00  0.0000E+00  0.6433E-01  0.0000E+00  0.1596E+01  0.0000E+00  0.5334E-02
     0.495  0.0000E+00  0.4278E-01  0.0000E+00  0.2869E-02  0.0000E+00  0.6343E-03  0.0000E+00  0.6581E-02  0.0000E+00  0.2682E-02  0.0000E+00  0.9524E+00  0.0000E+00  0.6590E-01  0.0000E+00  0.1886E+01  0.0000E+00  0.5996E-02
     0.505  0.0000E+00  0.4252E-01  0.0000E+00  0.3289E-02  0.0000E+00  0.6463E-03  0.0000E+00  0.7278E-02  0.0000E+00  0.2784E-02  0.0000E+00  0.1085E+01  0.0000E+00  0.6423E-01  0.0000E+00  0.2057E+01  0.0000E+00  0.6265E-02
     0.515  0.0000E+00  0.3612E-01  0.0000E+00  0.4544E-02  0.0000E+00  0.5964E-03  0.0000E+00  0.8869E-02  0.0000E+00  0.2920E-02  0.0000E+00  0.1552E+01  0.0000E+00  0.5122E-01  0.0000E+00  0.2447E+01  0.0000E+00  0.6408E-02
     0.525  0.0000E+00  0.3377E-01  0.0000E+00  0.8413E-02  0.0000E+00  0.6071E-03  0.0000E+00  0.1209E-01  0.0000E+00  0.4045E-02  0.0000E+00  0.2830E+01  0.0000E+00  0.4422E-01  0.0000E+00  0.3255E+01  0.0000E+00  0.7194E-02
     0.535  0.0000E+00  0.3016E-01  0.0000E+00  0.1105E-01  0.0000E+00  0.5617E-03  0.0000E+00  0.1288E-01  0.0000E+00  0.4848E-02  0.0000E+00  0.3709E+01  0.0000E+00  0.3824E-01  0.0000E+00  0.3478E+01  0.0000E+00  0.7491E-02
     0.545  0.0000E+00  0.3040E-01  0.0000E+00  0.3981E-01  0.0000E+00  0.6584E-03  0.0000E+00  0.2345E-01  0.0000E+00  0.1445E-01  0.0000E+00  0.1299E+02  0.0000E+00  0.3405E-01  0.0000E+00  0.6452E+01  0.0000E+00  0.1331E-01
     0.555  0.0000E+00  0.3198E-02  0.0000E+00  0.5427E-02  0.0000E+00  0.7147E-04  0.0000E+00  0.2891E-02  0.0000E+00  0.1006E-02  0.0000E+00  0.1507E+01  0.0000E+00  0.2976E-02  0.0000E+00  0.6021E+00  0.0000E+00  0.9082E-03
     0.565  0.0000E+00  0.5418E-02  0.0000E+00  0.1295E-01  0.0000E+00  0.1250E-03  0.0000E+00  0.7518E-02  0.0000E+00  0.2601E-02  0.0000E+00  0.3592E+01  0.0000E+00  0.4739E-02  0.0000E+00  0.1622E+01  0.0000E+00  0.2394E-02
     0.575  0.0000E+00  0.5302E-02  0.0000E+00  0.1316E-01  0.0000E+00  0.1246E-03  0.0000E+00  0.9310E-02  0.0000E+00  0.2127E-02  0.0000E+00  0.3560E+01  0.0000E+00  0.4409E-02  0.0000E+00  0.1966E+01  0.0000E+00  0.2236E-02
     0.585  0.0000E+00  0.4498E-02  0.0000E+00  0.1237E-01  0.0000E+00  0.1087E-03  0.0000E+00  0.1107E-01  0.0000E+00  0.1481E-02  0.0000E+00  0.3245E+01  0.0000E+00  0.3462E-02  0.0000E+00  0.2280E+01  0.0000E+00  0.1882E-02
     0.595  0.0000E+00  0.2778E-02  0.0000E+00  0.1158E-01  0.0000E+00  0.7424E-04  0.0000E+00  0.1250E-01  0.0000E+00  0.8415E-03  0.0000E+00  0.2759E+01  0.0000E+00  0.1661E-02  0.0000E+00  0.2398E+01  0.0000E+00  0.1479E-02
     0.605  0.0000E+00  0.2764E-02  0.0000E+00  0.1163E-01  0.0000E+00  0.7541E-04  0.0000E+00  0.1300E-01  0.0000E+00  0.9324E-03  0.0000E+00  0.2700E+01  0.0000E+00  0.1612E-02  0.0000E+00  0.2433E+01  0.0000E+00  0.1477E-02
     0.615  0.1364E-03  0.2747E-02  0.1768E-04  0.1169E-01  0.1990E-03  0.7652E-04  0.3823E-04  0.1350E-01  0.1365E-05  0.1023E-02  0.6410E-04  0.2641E+01  0.6859E-04  0.1562E-02  0.1431E-03  0.2467E+01  0.8617E-06  0.1480E-02
     0.625  0.3081E-03  0.6181E-02  0.3983E-04  0.1856E-01  0.4521E-03  0.1697E-03  0.8571E-04  0.4239E-01  0.3064E-05  0.3529E-02  0.1440E-03  0.3848E+01  0.1564E-03  0.3347E-02  0.3198E-03  0.7267E+01  0.1947E-05  0.2922E-02
     0.635  0.4810E-03  0.3529E-02  0.6202E-04  0.2425E-01  0.7097E-03  0.9845E-04  0.1328E-03  0.1651E-01  0.4753E-05  0.2471E-02  0.2234E-03  0.4688E+01  0.2463E-03  0.1590E-02  0.4939E-03  0.2447E+01  0.3040E-05  0.4228E-02
     0.645  0.6550E-03  0.0000E+00  0.8425E-04  0.0000E+00  0.9717E-03  0.0000E+00  0.1794E-03  0.0000E+00  0.6432E-05  0.0000E+00  0.3025E-03  0.0000E+00  0.3383E-03  0.0000E+00  0.6654E-03  0.0000E+00  0.4141E-05  0.0000E+00
     0.655  0.8302E-03  0.0000E+00  0.1065E-03  0.0000E+00  0.1238E-02  0.0000E+00  0.2257E-03  0.0000E+00  0.8101E-05  0.0000E+00  0.3811E-03  0.0000E+00  0.4324E-03  0.0000E+00  0.8343E-03  0.0000E+00  0.5250E-05  0.0000E+00
     0.665  0.1006E-02  0.0000E+00  0.1288E-03  0.0000E+00  0.1509E-02  0.0000E+00  0.2716E-03  0.0000E+00  0.9760E-05  0.0000E+00  0.4593E-03  0.0000E+00  0.5287E-03  0.0000E+00  0.1001E-02  0.0000E+00  0.6367E-05  0.0000E+00
     0.675  0.1184E-02  0.0000E+00  0.1512E-03  0.0000E+00  0.1784E-02  0.0000E+00  0.3170E-03  0.0000E+00  0.1141E-04  0.0000E+00  0.5371E-03  0.0000E+00  0.6272E-03  0.0000E+00  0.1164E-02  0.0000E+00  0.7491E-05  0.0000E+00
     0.685  0.1362E-02  0.0000E+00  0.1735E-03  0.0000E+00  0.2064E-02  0.0000E+00  0.3621E-03  0.0000E+00  0.1305E-04  0.0000E+00  0.6145E-03  0.0000E+00  0.7277E-03  0.0000E+00  0.1325E-02  0.0000E+00  0.8623E-05  0.0000E+00
     0.695  0.1542E-02  0.0000E+00  0.1959E-03  0.0000E+00  0.2349E-02  0.0000E+00  0.4067E-03  0.0000E+00  0.1468E-04  0.0000E+00  0.6915E-03  0.0000E+00  0.8304E-03  0.0000E+00  0.1484E-02  0.0000E+00  0.9763E-05  0.0000E+00
     0.705  0.1723E-02  0.0000E+00  0.2184E-03  0.0000E+00  0.2637E-02  0.0000E+00  0.4510E-03  0.0000E+00  0.1630E-04  0.0000E+00  0.7681E-03  0.0000E+00  0.9353E-03  0.0000E+00  0.1640E-02  0.0000E+00  0.1091E-04  0.0000E+00
     0.715  0.1905E-02  0.0000E+00  0.2409E-03  0.0000E+00  0.2930E-02  0.0000E+00  0.4948E-03  0.0000E+00  0.1790E-04  0.0000E+00  0.8442E-03  0.0000E+00  0.1042E-02  0.0000E+00  0.1793E-02  0.0000E+00  0.1207E-04  0.0000E+00
     0.725  0.2088E-02  0.0000E+00  0.2634E-03  0.0000E+00  0.3228E-02  0.0000E+00  0.5383E-03  0.0000E+00  0.1950E-04  0.0000E+00  0.9200E-03  0.0000E+00  0.1151E-02  0.0000E+00  0.1943E-02  0.0000E+00  0.1323E-04  0.0000E+00
     0.735  0.2272E-02  0.0000E+00  0.2860E-03  0.0000E+00  0.3530E-02  0.0000E+00  0.5813E-03  0.0000E+00  0.2109E-04  0.0000E+00  0.9953E-03  0.0000E+00  0.1263E-02  0.0000E+00  0.2091E-02  0.0000E+00  0.1440E-04  0.0000E+00
     0.745  0.2458E-02  0.0000E+00  0.3086E-03  0.0000E+00  0.3837E-02  0.0000E+00  0.6239E-03  0.0000E+00  0.2267E-04  0.0000E+00  0.1070E-02  0.0000E+00  0.1376E-02  0.0000E+00  0.2237E-02  0.0000E+00  0.1558E-04  0.0000E+00
     0.755  0.2644E-02  0.0000E+00  0.3312E-03  0.0000E+00  0.4148E-02  0.0000E+00  0.6662E-03  0.0000E+00  0.2424E-04  0.0000E+00  0.1145E-02  0.0000E+00  0.1491E-02  0.0000E+00  0.2380E-02  0.0000E+00  0.1677E-04  0.0000E+00
     0.765  0.2832E-02  0.1875E-02  0.3539E-03  0.6041E-03  0.4463E-02  0.1415E-03  0.7080E-03  0.1514E-02  0.2580E-04  0.3411E+00  0.1219E-02  0.6710E-01  0.1609E-02  0.6725E-03  0.2520E-02  0.1559E+00  0.1796E-04  0.4193E+00
     0.775  0.3021E-02  0.5421E-02  0.3766E-03  0.1740E-02  0.4783E-02  0.4096E-03  0.7494E-03  0.4353E-02  0.2735E-04  0.1426E+01  0.1293E-02  0.1941E+00  0.1729E-02  0.1949E-02  0.2657E-02  0.4491E+00  0.1916E-04  0.1753E+01
     0.785  0.3210E-02  0.7128E-02  0.3993E-03  0.2274E-02  0.5107E-02  0.5396E-03  0.7904E-03  0.5675E-02  0.2889E-04  0.2811E+01  0.1366E-02  0.2555E+00  0.1851E-02  0.2572E-02  0.2792E-02  0.5873E+00  0.2037E-04  0.3455E+01
     0.795  0.3402E-02  0.1315E-02  0.4221E-03  0.2613E-03  0.5436E-02  0.1318E-03  0.8310E-03  0.3986E-03  0.3041E-04  0.3063E+02  0.1439E-02  0.7142E-01  0.1975E-02  0.8862E-03  0.2925E-02  0.8729E-01  0.2159E-04  0.3766E+02
     0.805  0.3594E-02  0.5774E-03  0.4449E-03  0.8483E-04  0.5770E-02  0.7053E-04  0.8712E-03  0.1174E-03  0.3193E-04  0.5356E-01  0.1511E-02  0.6751E-02  0.2101E-02  0.4763E-04  0.3055E-02  0.7916E-02  0.2282E-04  0.6599E-01
     0.815  0.3787E-02  0.1001E-02  0.4678E-03  0.1467E-03  0.6107E-02  0.1222E-03  0.9110E-03  0.2027E-03  0.3344E-04  0.8562E-01  0.1583E-02  0.1168E-01  0.2229E-02  0.8243E-04  0.3182E-02  0.1367E-01  0.2405E-04  0.1055E+00
     0.825  0.3981E-02  0.1453E-02  0.4907E-03  0.2127E-03  0.6449E-02  0.1774E-03  0.9504E-03  0.2934E-03  0.3494E-04  0.1147E+00  0.1655E-02  0.1694E-01  0.2360E-02  0.1196E-03  0.3306E-02  0.1979E-01  0.2529E-04  0.1413E+00
     0.835  0.4177E-02  0.1936E-02  0.5136E-03  0.2828E-03  0.6796E-02  0.2363E-03  0.9894E-03  0.3896E-03  0.3643E-04  0.1408E+00  0.1726E-02  0.2254E-01  0.2492E-02  0.1592E-03  0.3428E-02  0.2627E-01  0.2654E-04  0.1735E+00
     0.845  0.4374E-02  0.2449E-02  0.5365E-03  0.3571E-03  0.7147E-02  0.2988E-03  0.1028E-02  0.4913E-03  0.3791E-04  0.1639E+00  0.1797E-02  0.2847E-01  0.2627E-02  0.2012E-03  0.3547E-02  0.3313E-01  0.2780E-04  0.2020E+00
     0.855  0.7670E-02  0.2991E-02  0.6630E-03  0.4356E-03  0.1755E-01  0.3649E-03  0.1036E-02  0.5985E-03  0.4060E-04  0.1840E+00  0.1972E-02  0.3474E-01  0.7174E-02  0.2455E-03  0.3175E-02  0.4036E-01  0.3436E-04  0.2268E+00
     0.865  0.9182E-02  0.3564E-02  0.6364E-03  0.5181E-03  0.2342E-01  0.4346E-03  0.1059E-02  0.7111E-03  0.4147E-04  0.2011E+00  0.1839E-02  0.4135E-01  0.9748E-02  0.2923E-03  0.3062E-02  0.4796E-01  0.3356E-04  0.2480E+00
     0.875  0.9913E-02  0.4166E-02  0.6432E-03  0.6049E-03  0.2605E-01  0.5079E-03  0.1071E-02  0.8292E-03  0.4215E-04  0.2153E+00  0.1847E-02  0.4829E-01  0.1089E-01  0.3414E-03  0.3081E-02  0.5593E-01  0.3385E-04  0.2654E+00
     0.885  0.1066E-01  0.4798E-02  0.6498E-03  0.6958E-03  0.2873E-01  0.5849E-03  0.1084E-02  0.9528E-03  0.4283E-04  0.2264E+00  0.1854E-02  0.5556E-01  0.1206E-01  0.3930E-03  0.3098E-02  0.6426E-01  0.3413E-04  0.2793E+00
     0.895  0.1141E-01  0.5460E-02  0.6562E-03  0.7908E-03  0.3145E-01  0.6654E-03  0.1095E-02  0.1082E-02  0.4352E-04  0.2346E+00  0.1861E-02  0.6317E-01  0.1325E-01  0.4469E-03  0.3115E-02  0.7297E-01  0.3440E-04  0.2894E+00
     0.905  0.1218E-01  0.5315E-02  0.6624E-03  0.7854E-03  0.3423E-01  0.7007E-03  0.1107E-02  0.1104E-02  0.4419E-04  0.1649E+00  0.1867E-02  0.6084E-01  0.1445E-01  0.3975E-03  0.3131E-02  0.7303E-01  0.3467E-04  0.2035E+00
     0.915  0.1295E-01  0.5067E-02  0.6684E-03  0.7648E-03  0.3705E-01  0.7188E-03  0.1119E-02  0.1091E-02  0.4487E-04  0.1175E+00  0.1873E-02  0.5755E-01  0.1568E-01  0.3591E-03  0.3146E-02  0.7086E-01  0.3493E-04  0.1451E+00
     0.925  0.1374E-01  0.5240E-02  0.6741E-03  0.7816E-03  0.3992E-01  0.7807E-03  0.1130E-02  0.1151E-02  0.4555E-04  0.8774E-01  0.1877E-02  0.5744E-01  0.1693E-01  0.3534E-03  0.3160E-02  0.7361E-01  0.3518E-04  0.1085E+00
     0.935  0.1454E-01  0.5533E-02  0.6797E-03  0.8278E-03  0.4283E-01  0.8575E-03  0.1141E-02  0.1214E-02  0.4622E-04  0.6278E-01  0.1881E-02  0.5953E-01  0.1820E-01  0.3580E-03  0.3174E-02  0.7632E-01  0.3542E-04  0.7778E-01
     0.945  0.1535E-01  0.5821E-02  0.6851E-03  0.8716E-03  0.4580E-01  0.9349E-03  0.1152E-02  0.1271E-02  0.4689E-04  0.3900E-01  0.1885E-02  0.6142E-01  0.1950E-01  0.3618E-03  0.3186E-02  0.7862E-01  0.3565E-04  0.4852E-01
     0.955  0.1618E-01  0.5695E-02  0.6902E-03  0.8603E-03  0.4881E-01  0.9404E-03  0.1162E-02  0.1174E-02  0.4756E-04  0.4356E-02  0.1887E-02  0.5920E-01  0.2081E-01  0.3506E-03  0.3198E-02  0.7179E-01  0.3588E-04  0.5875E-02
     0.965  0.1701E-01  0.5760E-02  0.6952E-03  0.8709E-03  0.5188E-01  0.9714E-03  0.1173E-02  0.1172E-02  0.4823E-04  0.4299E-02  0.1889E-02  0.5918E-01  0.2214E-01  0.3510E-03  0.3210E-02  0.7119E-01  0.3610E-04  0.5804E-02
     0.975  0.1786E-01  0.5823E-02  0.6999E-03  0.8815E-03  0.5499E-01  0.1002E-02  0.1183E-02  0.1171E-02  0.4890E-04  0.4240E-02  0.1891E-02  0.5915E-01  0.2350E-01  0.3515E-03  0.3220E-02  0.7056E-01  0.3631E-04  0.5732E-02
     0.985  0.1872E-01  0.5885E-02  0.7045E-03  0.8919E-03  0.5815E-01  0.1034E-02  0.1193E-02  0.1168E-02  0.4957E-04  0.4180E-02  0.1891E-02  0.5910E-01  0.2488E-01  0.3520E-03  0.3230E-02  0.6991E-01  0.3651E-04  0.5659E-02
     0.995  0.1959E-01  0.5947E-02  0.7088E-03  0.9023E-03  0.6135E-01  0.1065E-02  0.1203E-02  0.1166E-02  0.5023E-04  0.4119E-02  0.1891E-02  0.5905E-01  0.2627E-01  0.3526E-03  0.3239E-02  0.6923E-01  0.3670E-04  0.5585E-02
     1.005  0.2047E-01  0.6007E-02  0.7129E-03  0.9127E-03  0.6461E-01  0.1096E-02  0.1212E-02  0.1163E-02  0.5089E-04  0.4058E-02  0.1890E-02  0.5899E-01  0.2769E-01  0.3532E-03  0.3247E-02  0.6852E-01  0.3689E-04  0.5510E-02
     1.015  0.2136E-01  0.6067E-02  0.7168E-03  0.9230E-03  0.6791E-01  0.1127E-02  0.1221E-02  0.1159E-02  0.5155E-04  0.3995E-02  0.1889E-02  0.5892E-01  0.2913E-01  0.3540E-03  0.3254E-02  0.6779E-01  0.3707E-04  0.5433E-02
     1.025  0.2226E-01  0.6126E-02  0.7206E-03  0.9333E-03  0.7126E-01  0.1159E-02  0.1231E-02  0.1155E-02  0.5221E-04  0.3932E-02  0.1887E-02  0.5883E-01  0.3059E-01  0.3548E-03  0.3261E-02  0.6703E-01  0.3724E-04  0.5355E-02
     1.035  0.2572E-01  0.6184E-02  0.7737E-03  0.9435E-03  0.8361E-01  0.1190E-02  0.1334E-02  0.1151E-02  0.5691E-04  0.3868E-02  0.1996E-02  0.5874E-01  0.3597E-01  0.3558E-03  0.3489E-02  0.6625E-01  0.3947E-04  0.5276E-02
     1.045  0.3087E-01  0.6241E-02  0.8414E-03  0.9536E-03  0.1021E+00  0.1222E-02  0.1457E-02  0.1146E-02  0.6309E-04  0.3802E-02  0.2136E-02  0.5863E-01  0.4400E-01  0.3568E-03  0.3759E-02  0.6544E-01  0.4289E-04  0.5196E-02
     1.055  0.3706E-01  0.6297E-02  0.9132E-03  0.9637E-03  0.1244E+00  0.1253E-02  0.1583E-02  0.1141E-02  0.7000E-04  0.3736E-02  0.2282E-02  0.5852E-01  0.5372E-01  0.3578E-03  0.4039E-02  0.6460E-01  0.4683E-04  0.5114E-02
     1.065  0.4348E-01  0.6352E-02  0.9807E-03  0.9737E-03  0.1476E+00  0.1285E-02  0.1706E-02  0.1136E-02  0.7695E-04  0.3669E-02  0.2418E-02  0.5839E-01  0.6386E-01  0.3590E-03  0.4311E-02  0.6374E-01  0.5062E-04  0.5032E-02
     1.075  0.5011E-01  0.6406E-02  0.1044E-02  0.9837E-03  0.1718E+00  0.1317E-02  0.1825E-02  0.1130E-02  0.8395E-04  0.3601E-02  0.2544E-02  0.5825E-01  0.7440E-01  0.3602E-03  0.4573E-02  0.6285E-01  0.5426E-04  0.4948E-02
     1.085  0.5649E-01  0.6500E-02  0.1101E-02  0.9956E-03  0.1955E+00  0.1365E-02  0.1921E-02  0.1125E-02  0.8987E-04  0.3527E-02  0.2654E-02  0.5814E-01  0.8471E-01  0.3682E-03  0.4772E-02  0.6197E-01  0.5767E-04  0.4857E-02
     1.095  0.6079E-01  0.6654E-02  0.1129E-02  0.1010E-02  0.2126E+00  0.1437E-02  0.1927E-02  0.1123E-02  0.9115E-04  0.3444E-02  0.2694E-02  0.5807E-01  0.9218E-01  0.3864E-03  0.4735E-02  0.6112E-01  0.5966E-04  0.4757E-02
     1.105  0.6298E-01  0.6886E-02  0.1061E-02  0.1033E-02  0.2230E+00  0.1541E-02  0.1913E-02  0.1128E-02  0.9121E-04  0.3357E-02  0.2498E-02  0.5821E-01  0.9676E-01  0.4174E-03  0.4645E-02  0.6035E-01  0.5625E-04  0.4650E-02
     1.115  0.6090E-01  0.7188E-02  0.9734E-03  0.1064E-02  0.2178E+00  0.1672E-02  0.1821E-02  0.1137E-02  0.8741E-04  0.3266E-02  0.2268E-02  0.5854E-01  0.9450E-01  0.4600E-03  0.4395E-02  0.5962E-01  0.5090E-04  0.4539E-02
     1.125  0.5484E-01  0.7491E-02  0.8237E-03  0.1094E-02  0.1978E+00  0.1806E-02  0.1711E-02  0.1147E-02  0.8063E-04  0.3176E-02  0.1925E-02  0.5886E-01  0.8580E-01  0.5047E-03  0.4102E-02  0.5887E-01  0.4325E-04  0.4427E-02
     1.135  0.4839E-01  0.7796E-02  0.6842E-03  0.1125E-02  0.1760E+00  0.1941E-02  0.1604E-02  0.1155E-02  0.7372E-04  0.3086E-02  0.1604E-02  0.5916E-01  0.7633E-01  0.5514E-03  0.3815E-02  0.5809E-01  0.3601E-04  0.4316E-02
     1.145  0.1786E+00  0.8102E-02  0.1080E-02  0.1155E-02  0.6694E+00  0.2079E-02  0.3050E-02  0.1163E-02  0.1952E-03  0.2996E-02  0.2444E-02  0.5944E-01  0.2920E+00  0.6003E-03  0.7325E-02  0.5728E-01  0.8372E-04  0.4206E-02
     1.155  0.0000E+00  0.8410E-02  0.0000E+00  0.1186E-02  0.0000E+00  0.2219E-02  0.0000E+00  0.1171E-02  0.0000E+00  0.2907E-02  0.0000E+00  0.5971E-01  0.0000E+00  0.6512E-03  0.0000E+00  0.5644E-01  0.0000E+00  0.4095E-02
     1.165  0.9455E-04  0.8650E-02  0.6843E-05  0.1214E-02  0.4497E-03  0.2343E-02  0.4561E-06  0.1167E-02  0.2952E-07  0.2788E-02  0.1342E-04  0.5985E-01  0.1943E-03  0.6988E-03  0.8507E-06  0.5505E-01  0.3490E-06  0.3955E-02
     1.175  0.3774E-02  0.8287E-02  0.2596E-03  0.1184E-02  0.1806E-01  0.2320E-02  0.2013E-04  0.1100E-02  0.1252E-05  0.2459E-02  0.5072E-03  0.5682E-01  0.7804E-02  0.7094E-03  0.3743E-04  0.5049E-01  0.1311E-04  0.3539E-02
     1.185  0.7609E-02  0.7713E-02  0.4974E-03  0.1070E-02  0.3663E-01  0.2252E-02  0.4429E-04  0.9807E-03  0.2668E-05  0.1952E-02  0.9679E-03  0.4948E-01  0.1582E-01  0.7108E-03  0.8217E-04  0.4314E-01  0.2484E-04  0.2837E-02
     1.195  0.1160E-01  0.7140E-02  0.7202E-03  0.9554E-03  0.5615E-01  0.2182E-02  0.7294E-04  0.8627E-03  0.4277E-05  0.1459E-02  0.1395E-02  0.4223E-01  0.2426E-01  0.7127E-03  0.1351E-03  0.3590E-01  0.3555E-04  0.2153E-02
     1.205  0.1570E-01  0.6616E-02  0.8862E-03  0.8435E-03  0.7681E-01  0.2107E-02  0.1078E-03  0.7585E-03  0.6041E-05  0.1066E-02  0.1701E-02  0.3528E-01  0.3316E-01  0.7098E-03  0.1962E-03  0.2982E-01  0.4262E-04  0.1579E-02
     1.215  0.1996E-01  0.6225E-02  0.9432E-03  0.7677E-03  0.9926E-01  0.2016E-02  0.1464E-03  0.6773E-03  0.7760E-05  0.8682E-03  0.1775E-02  0.3122E-01  0.4280E-01  0.6930E-03  0.2569E-03  0.2556E-01  0.4300E-04  0.1288E-02
     1.225  0.2452E-01  0.5864E-02  0.9895E-03  0.7183E-03  0.1233E+00  0.1919E-02  0.1827E-03  0.6321E-03  0.9437E-05  0.7978E-03  0.1827E-02  0.2899E-01  0.5313E-01  0.6754E-03  0.3121E-03  0.2371E-01  0.4290E-04  0.1183E-02
     1.235  0.2939E-01  0.5498E-02  0.1025E-02  0.6690E-03  0.1490E+00  0.1818E-02  0.2165E-03  0.5870E-03  0.1107E-04  0.7289E-03  0.1859E-02  0.2680E-01  0.6414E-01  0.6546E-03  0.3617E-03  0.2188E-01  0.4233E-04  0.1080E-02
     1.245  0.5725E-01  0.5125E-02  0.1504E-02  0.6200E-03  0.2918E+00  0.1713E-02  0.2840E-03  0.5421E-03  0.1660E-04  0.6616E-03  0.2586E-02  0.2463E-01  0.1259E+00  0.6306E-03  0.5080E-03  0.2008E-01  0.5454E-04  0.9797E-03
     1.255  0.9698E+00  0.4747E-02  0.5680E-02  0.5711E-03  0.4962E+01  0.1604E-02  0.2967E-02  0.4973E-03  0.2943E-03  0.5957E-03  0.9579E-02  0.2250E-01  0.2135E+01  0.6036E-03  0.5365E-02  0.1829E-01  0.2680E-03  0.8815E-03
     1.265  0.1963E+00  0.4363E-02  0.3303E-02  0.5225E-03  0.1022E+01  0.1491E-02  0.1796E-02  0.4526E-03  0.6706E-04  0.5314E-03  0.5307E-02  0.2039E-01  0.4384E+00  0.5734E-03  0.2752E-02  0.1652E-01  0.9050E-04  0.7857E-03
     1.275  0.6790E-01  0.3972E-02  0.1873E-02  0.4741E-03  0.3584E+00  0.1373E-02  0.1519E-02  0.4080E-03  0.3065E-04  0.4686E-03  0.2973E-02  0.1831E-01  0.1530E+00  0.5400E-03  0.2179E-02  0.1477E-01  0.4529E-04  0.6922E-03
     1.285  0.2841E-01  0.3576E-02  0.1575E-02  0.4259E-03  0.1522E+00  0.1252E-02  0.1124E-02  0.3635E-03  0.1452E-04  0.4073E-03  0.2420E-02  0.1625E-01  0.6496E-01  0.5035E-03  0.1613E-02  0.1305E-01  0.3220E-04  0.6011E-03
     1.295  0.2553E-01  0.3174E-02  0.1555E-02  0.3778E-03  0.1373E+00  0.1126E-02  0.1149E-02  0.3192E-03  0.1333E-04  0.3476E-03  0.2358E-02  0.1423E-01  0.5855E-01  0.4639E-03  0.1633E-02  0.1134E-01  0.2956E-04  0.5124E-03
     1.305  0.2254E-01  0.7888E-02  0.1539E-02  0.4555E-03  0.1218E+00  0.3522E-02  0.1173E-02  0.4703E-03  0.1218E-04  0.3112E-03  0.2304E-02  0.1549E-01  0.5189E-01  0.2042E-02  0.1652E-02  0.1409E-01  0.2710E-04  0.4143E-03
     1.315  0.1824E-01  0.1119E-01  0.1425E-02  0.5340E-03  0.9898E-01  0.5267E-02  0.1167E-02  0.5324E-03  0.1052E-04  0.3366E-03  0.2113E-02  0.1675E-01  0.4215E-01  0.3235E-02  0.1624E-02  0.1441E-01  0.2381E-04  0.4446E-03
     1.325  0.1319E-01  0.1173E-01  0.1223E-02  0.5077E-03  0.7207E-01  0.5635E-02  0.1128E-02  0.5134E-03  0.8520E-05  0.3138E-03  0.1798E-02  0.1546E-01  0.3065E-01  0.3537E-02  0.1543E-02  0.1332E-01  0.1976E-04  0.4089E-03
     1.335  0.8493E-02  0.1041E-01  0.1008E-02  0.4166E-03  0.4686E-01  0.5039E-02  0.1073E-02  0.4386E-03  0.6600E-05  0.2570E-03  0.1468E-02  0.1261E-01  0.1989E-01  0.3192E-02  0.1439E-02  0.1126E-01  0.1571E-04  0.3290E-03
     1.345  0.3677E-02  0.8899E-02  0.8167E-03  0.3298E-03  0.2114E-01  0.4336E-02  0.1049E-02  0.3616E-03  0.4502E-05  0.2030E-03  0.1166E-02  0.9924E-02  0.8923E-02  0.2769E-02  0.1359E-02  0.9188E-02  0.1151E-04  0.2550E-03
     1.355  0.1203E-02  0.7193E-02  0.7182E-03  0.2472E-03  0.7956E-02  0.3527E-02  0.1026E-02  0.2826E-03  0.3153E-05  0.1518E-03  0.1006E-02  0.7392E-02  0.3319E-02  0.2268E-02  0.1290E-02  0.7107E-02  0.8936E-05  0.1869E-03
     1.365  0.1039E-02  0.5725E-02  0.6328E-03  0.1709E-03  0.6885E-02  0.2946E-02  0.9387E-03  0.2032E-03  0.2798E-05  0.1064E-03  0.8827E-03  0.5059E-02  0.2873E-02  0.1976E-02  0.1175E-02  0.5054E-02  0.7810E-05  0.1256E-03
     1.375  0.8839E-03  0.1238E-01  0.5492E-03  0.2963E-03  0.5865E-02  0.7689E-02  0.8458E-03  0.6076E-03  0.2446E-05  0.1136E-03  0.7634E-03  0.7426E-02  0.2448E-02  0.5812E-02  0.1054E-02  0.1376E-01  0.6722E-05  0.1377E-03
     1.385  0.7365E-03  0.2592E-01  0.4677E-03  0.6981E-03  0.4897E-02  0.1707E-01  0.7472E-03  0.1728E-02  0.2098E-05  0.1739E-03  0.6475E-03  0.1604E-01  0.2045E-02  0.1324E-01  0.9273E-03  0.3799E-01  0.5675E-05  0.2351E-03
     1.395  0.5974E-03  0.3404E-01  0.3880E-03  0.8453E-03  0.3980E-02  0.2272E-01  0.6429E-03  0.2078E-02  0.1753E-05  0.2636E-03  0.5351E-03  0.1905E-01  0.1663E-02  0.1783E-01  0.7947E-03  0.4534E-01  0.4666E-05  0.4067E-03
     1.405  0.4665E-03  0.4339E-01  0.3103E-03  0.9955E-03  0.3115E-02  0.2903E-01  0.5330E-03  0.2544E-02  0.1413E-05  0.5035E-03  0.4261E-03  0.2224E-01  0.1302E-02  0.2290E-01  0.6563E-03  0.5522E-01  0.3697E-05  0.8692E-03
     1.415  0.3438E-03  0.3874E-01  0.2345E-03  0.8359E-03  0.2301E-02  0.2698E-01  0.4175E-03  0.2094E-02  0.1076E-05  0.4005E-03  0.3207E-03  0.1845E-01  0.9623E-03  0.2178E-01  0.5121E-03  0.4503E-01  0.2767E-05  0.6749E-03
     1.425  0.2294E-03  0.3447E-01  0.1606E-03  0.6916E-03  0.1539E-02  0.2509E-01  0.2963E-03  0.1681E-02  0.7426E-06  0.2760E-03  0.2187E-03  0.1503E-01  0.6440E-03  0.2074E-01  0.3621E-03  0.3567E-01  0.1876E-05  0.4242E-03
     1.435  0.1231E-03  0.3169E-01  0.8865E-04  0.5930E-03  0.8285E-03  0.2394E-01  0.1694E-03  0.1398E-02  0.4132E-06  0.1728E-03  0.1202E-03  0.1268E-01  0.3469E-03  0.2017E-01  0.2063E-03  0.2923E-01  0.1025E-05  0.2078E-03
     1.445  0.2513E-04  0.3153E-01  0.1863E-04  0.5760E-03  0.1696E-03  0.2413E-01  0.3687E-04  0.1349E-02  0.8756E-07  0.1666E-03  0.2514E-04  0.1225E-01  0.7105E-04  0.2047E-01  0.4476E-04  0.2807E-01  0.2131E-06  0.1992E-03
     1.455  0.0000E+00  0.3135E-01  0.0000E+00  0.5590E-03  0.0000E+00  0.2430E-01  0.0000E+00  0.1300E-02  0.0000E+00  0.1605E-03  0.0000E+00  0.1183E-01  0.0000E+00  0.2075E-01  0.0000E+00  0.2692E-01  0.0000E+00  0.1907E-03
     1.465  0.2097E-02  0.3115E-01  0.1095E-02  0.5420E-03  0.2099E-01  0.2446E-01  0.1095E-02  0.1251E-02  0.6720E-05  0.1545E-03  0.1283E-02  0.1140E-01  0.8266E-02  0.2101E-01  0.1134E-02  0.2579E-01  0.2047E-04  0.1823E-03
     1.476  0.6882E-02  0.3096E-01  0.2804E-02  0.5269E-03  0.6868E-01  0.2461E-01  0.3001E-02  0.1208E-02  0.2095E-04  0.1488E-03  0.3257E-02  0.1101E-01  0.2702E-01  0.2128E-01  0.3121E-02  0.2475E-01  0.5665E-04  0.1744E-03
     1.486  0.4155E-02  0.3109E-01  0.1436E-02  0.5368E-03  0.4371E-01  0.2506E-01  0.2423E-02  0.1223E-02  0.1141E-04  0.1479E-03  0.1580E-02  0.1109E-01  0.1723E-01  0.2182E-01  0.2378E-02  0.2476E-01  0.2226E-04  0.1721E-03
     1.496  0.3421E-02  0.3122E-01  0.1120E-02  0.5462E-03  0.3709E-01  0.2551E-01  0.2020E-02  0.1237E-02  0.1076E-04  0.1472E-03  0.1119E-02  0.1115E-01  0.1458E-01  0.2237E-01  0.1848E-02  0.2473E-01  0.1648E-04  0.1703E-03
     1.506  0.5123E-02  0.3135E-01  0.1660E-02  0.5551E-03  0.5682E-01  0.2596E-01  0.3342E-02  0.1249E-02  0.1697E-04  0.1466E-03  0.1576E-02  0.1121E-01  0.2238E-01  0.2292E-01  0.2975E-02  0.2468E-01  0.2078E-04  0.1691E-03
     1.516  0.6848E-02  0.3150E-01  0.1814E-02  0.5815E-03  0.7670E-01  0.2642E-01  0.3424E-02  0.1272E-02  0.2172E-04  0.1490E-03  0.1695E-02  0.1152E-01  0.3008E-01  0.2348E-01  0.3013E-02  0.2475E-01  0.2472E-04  0.1735E-03
     1.526  0.6612E-02  0.3166E-01  0.1895E-02  0.6126E-03  0.7438E-01  0.2689E-01  0.3422E-02  0.1297E-02  0.2147E-04  0.1521E-03  0.1758E-02  0.1191E-01  0.2915E-01  0.2404E-01  0.2990E-02  0.2484E-01  0.2449E-04  0.1795E-03
     1.536  0.6363E-02  0.3182E-01  0.2000E-02  0.6440E-03  0.7191E-01  0.2736E-01  0.3439E-02  0.1321E-02  0.2119E-04  0.1552E-03  0.1839E-02  0.1229E-01  0.2816E-01  0.2461E-01  0.2981E-02  0.2490E-01  0.2433E-04  0.1858E-03
     1.546  0.6118E-02  0.3198E-01  0.2118E-02  0.6757E-03  0.6948E-01  0.2783E-01  0.3467E-02  0.1343E-02  0.2092E-04  0.1585E-03  0.1929E-02  0.1267E-01  0.2719E-01  0.2518E-01  0.2980E-02  0.2494E-01  0.2421E-04  0.1924E-03
     1.556  0.5876E-02  0.3216E-01  0.2236E-02  0.7077E-03  0.6709E-01  0.2831E-01  0.3495E-02  0.1365E-02  0.2064E-04  0.1618E-03  0.2018E-02  0.1304E-01  0.2623E-01  0.2575E-01  0.2979E-02  0.2496E-01  0.2408E-04  0.1993E-03
     1.566  0.5636E-02  0.3234E-01  0.2353E-02  0.8144E-03  0.6472E-01  0.2879E-01  0.3523E-02  0.1415E-02  0.2036E-04  0.1661E-03  0.2106E-02  0.1470E-01  0.2528E-01  0.2633E-01  0.2978E-02  0.2544E-01  0.2394E-04  0.2078E-03
     1.576  0.5400E-02  0.3253E-01  0.2471E-02  0.9242E-03  0.6238E-01  0.2928E-01  0.3552E-02  0.1466E-02  0.2008E-04  0.1705E-03  0.2193E-02  0.1639E-01  0.2435E-01  0.2691E-01  0.2977E-02  0.2591E-01  0.2378E-04  0.2167E-03
     1.586  0.5168E-02  0.3273E-01  0.2588E-02  0.1033E-02  0.6006E-01  0.2977E-01  0.3581E-02  0.1515E-02  0.1979E-04  0.1750E-03  0.2278E-02  0.1804E-01  0.2342E-01  0.2749E-01  0.2977E-02  0.2634E-01  0.2361E-04  0.2259E-03
     1.596  0.4938E-02  0.3360E-01  0.2704E-02  0.1142E-02  0.5778E-01  0.3092E-01  0.3611E-02  0.1568E-02  0.1950E-04  0.1804E-03  0.2363E-02  0.1968E-01  0.2251E-01  0.2871E-01  0.2977E-02  0.2681E-01  0.2343E-04  0.2368E-03
     1.606  0.4711E-02  0.3502E-01  0.2821E-02  0.1252E-02  0.5552E-01  0.3262E-01  0.3641E-02  0.1622E-02  0.1920E-04  0.1866E-03  0.2446E-02  0.2132E-01  0.2160E-01  0.3045E-01  0.2977E-02  0.2729E-01  0.2323E-04  0.2490E-03
     1.616  0.4488E-02  0.3935E-01  0.2937E-02  0.1341E-02  0.5330E-01  0.3758E-01  0.3672E-02  0.1589E-02  0.1889E-04  0.1977E-03  0.2528E-02  0.2219E-01  0.2071E-01  0.3540E-01  0.2977E-02  0.2540E-01  0.2301E-04  0.2733E-03
     1.626  0.4268E-02  0.4700E-01  0.3053E-02  0.1492E-02  0.5110E-01  0.4598E-01  0.3703E-02  0.1707E-02  0.1858E-04  0.2221E-03  0.2608E-02  0.2419E-01  0.1983E-01  0.4367E-01  0.2978E-02  0.2606E-01  0.2278E-04  0.3151E-03
     1.636  0.4050E-02  0.5468E-01  0.3168E-02  0.1638E-02  0.4893E-01  0.5454E-01  0.3734E-02  0.1827E-02  0.1827E-04  0.2446E-03  0.2688E-02  0.2609E-01  0.1897E-01  0.5213E-01  0.2979E-02  0.2676E-01  0.2254E-04  0.3539E-03
     1.646  0.3836E-02  0.6240E-01  0.3284E-02  0.1779E-02  0.4679E-01  0.6325E-01  0.3766E-02  0.1951E-02  0.1795E-04  0.2654E-03  0.2766E-02  0.2788E-01  0.1811E-01  0.6077E-01  0.2980E-02  0.2749E-01  0.2228E-04  0.3899E-03
     1.656  0.3770E-02  0.8662E-01  0.3411E-02  0.1987E-02  0.4756E-01  0.9106E-01  0.3818E-02  0.2204E-02  0.1791E-04  0.2932E-03  0.2851E-02  0.3030E-01  0.1824E-01  0.8878E-01  0.2993E-02  0.2912E-01  0.2216E-04  0.4448E-03
     1.666  0.3758E-02  0.1245E+00  0.3544E-02  0.1987E-02  0.4944E-01  0.1365E+00  0.3878E-02  0.2088E-02  0.1798E-04  0.2929E-03  0.2938E-02  0.3006E-01  0.1874E-01  0.1355E+00  0.3010E-02  0.2730E-01  0.2208E-04  0.4207E-03
     1.676  0.3800E-02  0.1279E+00  0.3948E-02  0.1946E-02  0.5297E-01  0.1430E+00  0.4332E-02  0.1917E-02  0.1862E-04  0.2657E-03  0.3103E-02  0.2937E-01  0.1975E-01  0.1431E+00  0.3241E-02  0.2506E-01  0.2159E-04  0.3819E-03
     1.686  0.3839E-02  0.7797E-01  0.4491E-02  0.1876E-02  0.5654E-01  0.8891E-01  0.4519E-02  0.1709E-02  0.1893E-04  0.2117E-03  0.3338E-02  0.2843E-01  0.2078E-01  0.8938E-01  0.3287E-02  0.2264E-01  0.2123E-04  0.3220E-03
     1.696  0.3816E-02  0.2696E-01  0.4517E-02  0.1915E-02  0.5836E-01  0.3281E-01  0.4498E-02  0.1560E-02  0.1885E-04  0.1618E-03  0.3304E-02  0.2854E-01  0.2125E-01  0.3316E-01  0.3220E-02  0.2091E-01  0.2083E-04  0.2593E-03
     1.706  0.3785E-02  0.1504E-01  0.4561E-02  0.2166E-02  0.6009E-01  0.2048E-01  0.4498E-02  0.1643E-02  0.1891E-04  0.1351E-03  0.3283E-02  0.3076E-01  0.2168E-01  0.2073E-01  0.3167E-02  0.2153E-01  0.2058E-04  0.2113E-03
     1.716  0.3746E-02  0.1571E-01  0.4809E-02  0.2240E-02  0.6228E-01  0.2196E-01  0.4760E-02  0.1666E-02  0.1993E-04  0.1329E-03  0.3329E-02  0.3152E-01  0.2224E-01  0.2228E-01  0.3229E-02  0.2165E-01  0.2107E-04  0.2061E-03
     1.726  0.3698E-02  0.1711E-01  0.5026E-02  0.1986E-02  0.6424E-01  0.2509E-01  0.4947E-02  0.1657E-02  0.2062E-04  0.1312E-03  0.3387E-02  0.2622E-01  0.2272E-01  0.2550E-01  0.3271E-02  0.2025E-01  0.2178E-04  0.2002E-03
     1.736  0.3644E-02  0.1889E-01  0.5251E-02  0.1778E-02  0.6613E-01  0.2896E-01  0.5137E-02  0.1679E-02  0.2132E-04  0.1331E-03  0.3447E-02  0.2178E-01  0.2317E-01  0.2949E-01  0.3314E-02  0.1947E-01  0.2247E-04  0.2013E-03
     1.746  0.3579E-02  0.2000E-01  0.5443E-02  0.1842E-02  0.6809E-01  0.3117E-01  0.5313E-02  0.1768E-02  0.2219E-04  0.1367E-03  0.3495E-02  0.2221E-01  0.2364E-01  0.3182E-01  0.3352E-02  0.2016E-01  0.2324E-04  0.2070E-03
     1.756  0.3506E-02  0.2114E-01  0.5576E-02  0.1908E-02  0.6988E-01  0.3344E-01  0.5445E-02  0.1857E-02  0.2307E-04  0.1401E-03  0.3514E-02  0.2264E-01  0.2404E-01  0.3422E-01  0.3369E-02  0.2085E-01  0.2395E-04  0.2123E-03
     1.766  0.3229E-02  0.2325E-01  0.5706E-02  0.2006E-02  0.6745E-01  0.3738E-01  0.5554E-02  0.1981E-02  0.2358E-04  0.1474E-03  0.3528E-02  0.2340E-01  0.2303E-01  0.3841E-01  0.3368E-02  0.2190E-01  0.2449E-04  0.2176E-03
     1.776  0.2462E-02  0.2592E-01  0.7073E-02  0.2117E-02  0.5652E-01  0.4226E-01  0.6708E-02  0.2116E-02  0.2472E-04  0.1560E-03  0.4221E-02  0.2428E-01  0.1911E-01  0.4359E-01  0.3907E-02  0.2303E-01  0.2642E-04  0.2229E-03
     1.786  0.1641E-02  0.2883E-01  0.7503E-02  0.2229E-02  0.4098E-01  0.4751E-01  0.6674E-02  0.2247E-02  0.2253E-04  0.1643E-03  0.4308E-02  0.2517E-01  0.1375E-01  0.4916E-01  0.3770E-02  0.2411E-01  0.2395E-04  0.2280E-03
     1.796  0.1550E-02  0.3197E-01  0.8148E-02  0.2343E-02  0.4088E-01  0.5314E-01  0.6824E-02  0.2374E-02  0.2203E-04  0.1724E-03  0.4564E-02  0.2607E-01  0.1356E-01  0.5511E-01  0.3759E-02  0.2513E-01  0.2243E-04  0.2330E-03
     1.806  0.1458E-02  0.3534E-01  0.8820E-02  0.2457E-02  0.4073E-01  0.5914E-01  0.6982E-02  0.2497E-02  0.2157E-04  0.1802E-03  0.4831E-02  0.2698E-01  0.1335E-01  0.6145E-01  0.3750E-02  0.2610E-01  0.2094E-04  0.2379E-03
     1.816  0.1324E-02  0.5975E-01  0.1377E-01  0.2842E-02  0.4703E-01  0.1004E+00  0.9558E-02  0.3034E-02  0.3205E-04  0.2030E-03  0.7370E-02  0.3067E-01  0.1503E-01  0.1048E+00  0.4956E-02  0.3113E-01  0.2745E-04  0.2681E-03
     1.826  0.1053E-02  0.8508E-01  0.1217E-01  0.3296E-02  0.3726E-01  0.1440E+00  0.8158E-02  0.3644E-02  0.2169E-04  0.2267E-03  0.6400E-02  0.3506E-01  0.1172E-01  0.1507E+00  0.4137E-02  0.3681E-01  0.1880E-04  0.2965E-03
     1.836  0.8289E-03  0.1171E+00  0.9632E-02  0.5020E-02  0.2934E-01  0.2011E+00  0.6293E-02  0.5274E-02  0.1285E-04  0.3121E-03  0.4939E-02  0.5194E-01  0.9037E-02  0.2115E+00  0.3091E-02  0.5191E-01  0.1149E-04  0.3661E-03
     1.846  0.7290E-03  0.1248E+00  0.7953E-02  0.6528E-02  0.2606E-01  0.2178E+00  0.5128E-02  0.6612E-02  0.8547E-05  0.3484E-03  0.3956E-02  0.6671E-01  0.7884E-02  0.2303E+00  0.2427E-02  0.6389E-01  0.7913E-05  0.4234E-03
     1.856  0.7499E-03  0.4640E-01  0.8568E-02  0.7011E-02  0.2724E-01  0.8323E-01  0.5492E-02  0.6938E-02  0.8980E-05  0.2543E-03  0.4213E-02  0.7051E-01  0.8207E-02  0.8885E-01  0.2566E-02  0.6626E-01  0.8118E-05  0.3479E-03
     1.866  0.7684E-03  0.1306E-01  0.9198E-02  0.4676E-02  0.2837E-01  0.2542E-01  0.5866E-02  0.3821E-02  0.9414E-05  0.1179E-03  0.4476E-02  0.4679E-01  0.8512E-02  0.2672E-01  0.2708E-02  0.3581E-01  0.8329E-05  0.1507E-03
     1.876  0.7845E-03  0.4825E-02  0.9844E-02  0.2060E-02  0.2944E-01  0.1049E-01  0.6249E-02  0.1352E-02  0.9850E-05  0.3770E-04  0.4743E-02  0.2076E-01  0.8799E-02  0.1027E-01  0.2853E-02  0.1248E-01  0.8546E-05  0.4437E-04
     1.886  0.7982E-03  0.5123E-02  0.1050E-01  0.2148E-02  0.3047E-01  0.1115E-01  0.6641E-02  0.1418E-02  0.1029E-04  0.3893E-04  0.5016E-02  0.2131E-01  0.9069E-02  0.1091E-01  0.3002E-02  0.1285E-01  0.8770E-05  0.4482E-04
     1.896  0.8393E-03  0.5922E-02  0.1205E-01  0.2664E-02  0.3390E-01  0.1285E-01  0.7454E-02  0.1645E-02  0.1124E-04  0.4389E-04  0.5686E-02  0.2568E-01  0.9956E-02  0.1257E-01  0.3327E-02  0.1459E-01  0.9295E-05  0.4865E-04
     1.906  0.1060E-02  0.7631E-02  0.1766E-01  0.3885E-02  0.5132E-01  0.1650E-01  0.1055E-01  0.2175E-02  0.1429E-04  0.5597E-04  0.8136E-02  0.3625E-01  0.1443E-01  0.1618E-01  0.4613E-02  0.1886E-01  0.1162E-04  0.5691E-04
     1.916  0.1352E-02  0.9291E-02  0.2360E-01  0.5092E-02  0.7249E-01  0.2011E-01  0.1399E-01  0.2707E-02  0.1903E-04  0.6832E-04  0.1071E-01  0.4657E-01  0.1987E-01  0.1977E-01  0.6042E-02  0.2309E-01  0.1441E-04  0.6399E-04
     1.926  0.1438E-02  0.1090E-01  0.2487E-01  0.6285E-02  0.8085E-01  0.2367E-01  0.1502E-01  0.3240E-02  0.1958E-04  0.8094E-04  0.1113E-01  0.5665E-01  0.2199E-01  0.2333E-01  0.6417E-02  0.2729E-01  0.1543E-04  0.6991E-04
     1.936  0.1564E-02  0.1246E-01  0.2613E-01  0.7465E-02  0.9294E-01  0.2720E-01  0.1660E-01  0.3775E-02  0.1905E-04  0.9382E-04  0.1140E-01  0.6648E-01  0.2500E-01  0.2686E-01  0.6981E-02  0.3146E-01  0.1682E-04  0.7467E-04
     1.946  0.1087E-02  0.1397E-01  0.2298E-01  0.8632E-02  0.6549E-01  0.3068E-01  0.1420E-01  0.4312E-02  0.1650E-04  0.1070E-03  0.9803E-02  0.7607E-01  0.1755E-01  0.3037E-01  0.5819E-02  0.3559E-01  0.1500E-04  0.7825E-04
     1.956  0.6799E-03  0.1755E-01  0.1427E-01  0.9625E-02  0.4117E-01  0.4118E-01  0.8912E-02  0.5157E-02  0.1345E-04  0.1427E-03  0.5993E-02  0.8181E-01  0.1106E-01  0.4024E-01  0.3578E-02  0.4088E-01  0.1085E-04  0.7686E-04
     1.966  0.5174E-03  0.1864E-01  0.7233E-02  0.8156E-02  0.3224E-01  0.4652E-01  0.4984E-02  0.4828E-02  0.1141E-04  0.1480E-03  0.2994E-02  0.6736E-01  0.8694E-02  0.4503E-01  0.1963E-02  0.3710E-01  0.8129E-05  0.7270E-04
     1.976  0.4985E-03  0.2013E-01  0.6401E-02  0.8278E-02  0.3204E-01  0.5115E-01  0.4620E-02  0.5095E-02  0.1118E-04  0.1495E-03  0.2607E-02  0.6714E-01  0.8608E-02  0.4934E-01  0.1788E-02  0.3842E-01  0.7937E-05  0.8092E-04
     1.986  0.4929E-03  0.2255E-01  0.6227E-02  0.8835E-02  0.3263E-01  0.5848E-01  0.4622E-02  0.5679E-02  0.1107E-04  0.1537E-03  0.2491E-02  0.7037E-01  0.8727E-02  0.5621E-01  0.1761E-02  0.4205E-01  0.7970E-05  0.9761E-04
     1.996  0.4859E-03  0.2526E-01  0.6090E-02  0.9388E-02  0.3312E-01  0.6663E-01  0.4634E-02  0.6293E-02  0.1090E-04  0.1591E-03  0.2390E-02  0.7346E-01  0.8818E-02  0.6386E-01  0.1736E-02  0.4583E-01  0.7984E-05  0.1167E-03
     2.006  0.4776E-03  0.2328E-01  0.5991E-02  0.8159E-02  0.3351E-01  0.6248E-01  0.4655E-02  0.5863E-02  0.1067E-04  0.1437E-03  0.2305E-02  0.6287E-01  0.8881E-02  0.5980E-01  0.1715E-02  0.4197E-01  0.7978E-05  0.1099E-03
     2.016  0.4847E-03  0.1851E-01  0.6243E-02  0.5515E-02  0.3526E-01  0.5018E-01  0.4851E-02  0.4087E-02  0.1098E-04  0.1095E-03  0.2374E-02  0.4224E-01  0.9286E-02  0.4783E-01  0.1766E-02  0.2911E-01  0.8140E-05  0.7660E-04
     2.026  0.4933E-03  0.1325E-01  0.6523E-02  0.2962E-02  0.3719E-01  0.3650E-01  0.5057E-02  0.2395E-02  0.1131E-04  0.7462E-04  0.2455E-02  0.2246E-01  0.9731E-02  0.3474E-01  0.1821E-02  0.1693E-01  0.8305E-05  0.4439E-04
     2.036  0.1453E-02  0.1215E+00  0.2713E-01  0.2317E-02  0.1709E+00  0.3437E+00  0.2711E-01  0.2010E-02  0.2787E-04  0.2920E-03  0.8893E-02  0.1717E-01  0.4181E-01  0.3230E+00  0.8110E-02  0.1455E-01  0.2066E-04  0.6434E-04
     2.046  0.4443E-03  0.8034E-01  0.8786E-02  0.2919E-02  0.3666E-01  0.2304E+00  0.7573E-02  0.2252E-02  0.9195E-05  0.2311E-03  0.2542E-02  0.2067E-01  0.9336E-02  0.2168E+00  0.2000E-02  0.1556E-01  0.6825E-05  0.6671E-04
     2.056  0.4240E-03  0.3248E-01  0.9567E-02  0.2487E-02  0.3524E-01  0.9331E-01  0.7617E-02  0.2117E-02  0.9099E-05  0.1239E-03  0.2608E-02  0.1713E-01  0.8950E-02  0.8786E-01  0.1938E-02  0.1414E-01  0.6467E-05  0.4942E-04
     2.066  0.3981E-03  0.3219E-01  0.9883E-02  0.2562E-02  0.3359E-01  0.9303E-01  0.7624E-02  0.2222E-02  0.8942E-05  0.1252E-03  0.2633E-02  0.1727E-01  0.8516E-02  0.8750E-01  0.1907E-02  0.1460E-01  0.6421E-05  0.5209E-04
     2.076  0.3655E-03  0.3153E-01  0.1027E-01  0.2677E-02  0.3270E-01  0.9182E-01  0.7890E-02  0.2312E-02  0.9028E-05  0.1261E-03  0.2735E-02  0.1757E-01  0.8252E-02  0.8623E-01  0.1965E-02  0.1484E-01  0.6896E-05  0.5453E-04
     2.086  0.3339E-03  0.3014E-01  0.1056E-01  0.2832E-02  0.3198E-01  0.8879E-01  0.8107E-02  0.2434E-02  0.9056E-05  0.1260E-03  0.2809E-02  0.1798E-01  0.8025E-02  0.8316E-01  0.2011E-02  0.1494E-01  0.7277E-05  0.5667E-04
     2.096  0.3034E-03  0.3481E-01  0.1075E-01  0.3279E-02  0.3142E-01  0.1074E+00  0.8276E-02  0.2845E-02  0.9025E-05  0.1350E-03  0.2857E-02  0.2021E-01  0.7836E-02  0.9911E-01  0.2042E-02  0.1653E-01  0.7565E-05  0.6103E-04
     2.106  0.2738E-03  0.3487E-01  0.1086E-01  0.3491E-02  0.3104E-01  0.1090E+00  0.8396E-02  0.3158E-02  0.8935E-05  0.1385E-03  0.2878E-02  0.2120E-01  0.7685E-02  0.1003E+00  0.2061E-02  0.1802E-01  0.7759E-05  0.6960E-04
     2.116  0.2353E-03  0.3488E-01  0.1400E-01  0.3740E-02  0.4801E-01  0.1105E+00  0.1291E-01  0.3505E-02  0.1581E-04  0.1441E-03  0.3665E-02  0.2245E-01  0.1141E-01  0.1013E+00  0.3129E-02  0.1971E-01  0.1687E-04  0.7929E-04
     2.126  0.1849E-03  0.5761E-01  0.1304E-01  0.5243E-02  0.4383E-01  0.1967E+00  0.1283E-01  0.4470E-02  0.1806E-04  0.2946E-03  0.3377E-02  0.2994E-01  0.1027E-01  0.1765E+00  0.3077E-02  0.2442E-01  0.1739E-04  0.1515E-03
     2.136  0.1361E-03  0.4982E-01  0.1130E-01  0.6137E-02  0.3686E-01  0.1726E+00  0.1097E-01  0.5679E-02  0.1780E-04  0.2274E-03  0.2886E-02  0.3476E-01  0.8529E-02  0.1543E+00  0.2607E-02  0.3052E-01  0.1666E-04  0.1559E-03
     2.146  0.9580E-04  0.3048E-01  0.1089E-01  0.5300E-02  0.3406E-01  0.1091E+00  0.1021E-01  0.4613E-02  0.1977E-04  0.1672E-03  0.2713E-02  0.2960E-01  0.7732E-02  0.9738E-01  0.2381E-02  0.2437E-01  0.1741E-04  0.1159E-03
     2.156  0.6967E-04  0.2125E-01  0.1005E-01  0.4314E-02  0.3275E-01  0.8425E-01  0.1088E-01  0.3405E-02  0.2168E-04  0.1270E-03  0.2397E-02  0.2370E-01  0.7305E-02  0.7411E-01  0.2433E-02  0.1755E-01  0.2002E-04  0.8138E-04
     2.166  0.5012E-04  0.2213E-01  0.8160E-02  0.3982E-02  0.2816E-01  0.9599E-01  0.9016E-02  0.3105E-02  0.2053E-04  0.1206E-03  0.1922E-02  0.2168E-01  0.6243E-02  0.8316E-01  0.1991E-02  0.1586E-01  0.1850E-04  0.8092E-04
      2.176  0.3662E-04  0.2269E-01  0.6821E-02  0.3583E-02  0.2573E-01  0.1023E+00  0.7938E-02  0.2749E-02  0.1995E-04  0.1094E-03  0.1577E-02  0.1934E-01  0.5675E-02  0.8809E-01  0.1715E-02  0.1393E-01  0.1746E-04  0.7590E-04
      2.186  0.2961E-04  0.2276E-01  0.6569E-02  0.3140E-02  0.2675E-01  0.1046E+00  0.7525E-02  0.2372E-02  0.2056E-04  0.9745E-04  0.1459E-02  0.1680E-01  0.5892E-02  0.8989E-01  0.1567E-02  0.1192E-01  0.1734E-04  0.6782E-04
      2.196  0.2967E-04  0.2256E-01  0.7090E-02  0.2675E-02  0.3309E-01  0.1056E+00  0.7694E-02  0.1974E-02  0.3126E-04  0.8599E-04  0.1499E-02  0.1417E-01  0.7286E-02  0.9065E-01  0.1532E-02  0.9826E-02  0.2424E-04  0.5983E-04
      2.206  0.2831E-04  0.2306E-01  0.7225E-02  0.2265E-02  0.3533E-01  0.1101E+00  0.7799E-02  0.1609E-02  0.3141E-04  0.7809E-04  0.1475E-02  0.1180E-01  0.7809E-02  0.9425E-01  0.1491E-02  0.7885E-02  0.2365E-04  0.5514E-04
      2.216  0.3093E-04  0.2485E-01  0.9145E-02  0.1958E-02  0.4605E-01  0.1208E+00  0.8610E-02  0.1315E-02  0.3658E-04  0.7527E-04  0.1764E-02  0.9895E-02  0.1030E-01  0.1031E+00  0.1552E-02  0.6260E-02  0.2995E-04  0.5650E-04
      2.226  0.3054E-04  0.2663E-01  0.9025E-02  0.1828E-02  0.4804E-01  0.1313E+00  0.8931E-02  0.1320E-02  0.3778E-04  0.7481E-04  0.1676E-02  0.8987E-02  0.1077E-01  0.1119E+00  0.1541E-02  0.6107E-02  0.2879E-04  0.6149E-04
      2.236  0.2900E-04  0.3039E-01  0.8525E-02  0.2221E-02  0.4543E-01  0.1551E+00  0.8344E-02  0.1634E-02  0.3444E-04  0.1025E-03  0.1521E-02  0.1057E-01  0.1019E-01  0.1322E+00  0.1382E-02  0.7395E-02  0.2709E-04  0.9207E-04
      2.246  0.2712E-04  0.3380E-01  0.8021E-02  0.2617E-02  0.4148E-01  0.1770E+00  0.7746E-02  0.1980E-02  0.3049E-04  0.1210E-03  0.1368E-02  0.1218E-01  0.9310E-02  0.1509E+00  0.1224E-02  0.8823E-02  0.2471E-04  0.1143E-03
      2.256  0.2481E-04  0.4525E-01  0.7609E-02  0.3649E-02  0.3613E-01  0.2431E+00  0.7230E-02  0.2672E-02  0.2566E-04  0.1564E-03  0.1241E-02  0.1663E-01  0.8096E-02  0.2069E+00  0.1093E-02  0.1169E-01  0.2116E-04  0.1667E-03
      2.266  0.2369E-04  0.3633E-01  0.7430E-02  0.3323E-02  0.3286E-01  0.2017E+00  0.6973E-02  0.2526E-02  0.2317E-04  0.1516E-03  0.1168E-02  0.1462E-01  0.7332E-02  0.1715E+00  0.1021E-02  0.1083E-01  0.1916E-04  0.1658E-03
      2.276  0.2631E-04  0.2280E-01  0.7252E-02  0.2253E-02  0.3074E-01  0.1346E+00  0.6737E-02  0.1739E-02  0.2201E-04  0.1244E-03  0.1091E-02  0.9685E-02  0.6793E-02  0.1146E+00  0.9482E-03  0.7319E-02  0.1779E-04  0.1390E-03
      2.286  0.3717E-04  0.1883E-01  0.7158E-02  0.1800E-02  0.3042E-01  0.1169E+00  0.6618E-02  0.1461E-02  0.2198E-04  0.1132E-03  0.1034E-02  0.7585E-02  0.6598E-02  0.9960E-01  0.8959E-03  0.6098E-02  0.1737E-04  0.1233E-03
      2.296  0.3428E-04  0.1656E-01  0.6950E-02  0.1546E-02  0.2704E-01  0.1083E+00  0.6455E-02  2.2964E-02  0.2039E-04  0.1034E-03  0.9757E-03  0.6394E-02  0.5841E-02  0.9230E-01  0.8538E-03  0.5166E-02  0.1597E-04  0.1100E-03
      2.306  0.3104E-04  0.2496E-01  0.6560E-02  0.2509E-02  0.2309E-01  0.1750E+00  0.6085E-02  0.1860E-02  0.1796E-04  0.1469E-03  0.8843E-03  0.9896E-02  0.4966E-02  0.1487E+00  0.7772E-03  0.7335E-02  0.1391E-04  0.1765E-03
      2.316  0.2783E-04  0.2625E-01  0.6345E-02  0.2725E-02  0.1930E-01  0.1910E+00  0.5882E-02  0.1992E-02  0.1607E-04  2.3167E-03  0.8275E-03  0.1041E-01  0.4132E-02  0.1617E+00  0.7314E-03  0.7593E-02  0.1243E-04  0.1775E-03
      2.326  0.2444E-04  0.2578E-01  0.6257E-02  0.2846E-02  0.1566E-01  0.1901E+00  0.5824E-02  0.2091E-02  0.1466E-04  0.1378E-03  0.7952E-03  0.1075E-01  0.3335E-02  0.1602E+00  0.7113E-03  0.7853E-02  0.1136E-04  0.1638E-03
      2.336  0.2055E-04  0.2522E-01  0.6184E-02  0.2969E-02  0.1203E-01  0.1886E+00  0.5773E-02  0.2193E-02  0.1327E-04  0.1298E-03  0.7657E-03  0.1110E-01  0.2543E-02  0.1581E+00  0.6922E-03  0.8119E-02  0.1033E-04  0.1496E-03
      2.346  0.1616E-04  0.2464E-01  0.6127E-02  0.3095E-02  0.8397E-02  0.1868E+00  0.5730E-02  0.2297E-02  0.1190E-04  0.1221E-03  0.7390E-03  0.1145E-01  2.3466E-02  0.1558E+00  0.6740E-03  0.8390E-02  0.9320E-05  0.1357E-03
      2.356  0.5464E-04  0.2521E-01  0.2081E-01  0.3233E-02  0.2133E-01  0.1968E+00  0.1709E-01  0.2421E-02  0.3168E-04  0.1137E-03  0.2373E-02  0.1184E-01  0.4226E-02  0.1630E+00  0.1897E-02  0.8729E-02  0.2790E-04  0.1218E-03
      2.366  0.4930E-04  0.2726E-01  0.1148E-01  0.3945E-02  0.1603E-01  0.2218E+00  0.1006E-01  0.3048E-02  0.1919E-04  0.1132E-03  0.1207E-02  0.1426E-01  0.3117E-02  0.1819E+00  0.9957E-03  0.1086E-01  0.1937E-04  0.1101E-03
      2.376  0.5350E-04  0.2856E-01  0.1112E-01  0.5165E-02  0.1628E-01  0.2457E+00  0.9250E-02  0.4284E-02  0.1739E-04  0.1301E-03  0.1081E-02  0.1845E-01  0.3090E-02  0.1989E+00  0.8208E-03  0.1486E-01  0.1859E-04  0.1014E-03
      2.386  0.4120E-04  0.2197E-01  0.7643E-02  0.3614E-02  0.1145E-01  0.1932E+00  0.7231E-02  0.3196E-02  0.1208E-04  0.1091E-03  0.6345E-03  0.1286E-01  0.2033E-02  0.1566E+00  0.5254E-03  0.1101E-01  0.1029E-04  0.8432E-04
      2.396  0.2940E-04  0.2324E-01  0.3632E-02  0.3845E-02  0.4910E-02  0.2108E+00  0.4101E-02  0.2522E-02  0.3813E-05  0.1250E-03  0.1616E-03  0.1317E-01  0.7539E-03  0.1689E+00  0.1493E-03  0.8468E-02  0.4239E-05  0.9905E-04
      2.406  0.3658E-04  0.3527E-02  0.4436E-02  0.1862E-03  0.5982E-02  0.3345E-01  0.5017E-02  0.2140E-03  0.4651E-05  0.4113E-05  0.1935E-03  0.5246E-03  0.9183E-03  0.2696E-01  0.1792E-03  0.6509E-03  0.5169E-05  0.4716E-05
      2.416  0.4406E-04  0.1440E-02  0.5247E-02  0.2022E-03  0.7062E-02  0.1407E-01  0.5945E-02  0.2445E-03  0.5494E-05  0.4228E-05  0.2244E-03  0.5077E-03  0.1084E-02  0.1085E-01  0.2084E-03  0.6896E-03  0.6105E-05  0.5705E-05
      2.426  0.5185E-04  0.1626E-02  0.6065E-02  0.3719E-03  0.8149E-02  0.1678E-01  0.6885E-02  0.4048E-03  0.6343E-05  0.7273E-05  0.2542E-03  0.9308E-03  0.1250E-02  0.1236E-01  0.2368E-03  0.1078E-02  0.7046E-05  0.9085E-05
      2.436  0.5993E-04  0.2464E-02  0.6888E-02  0.5898E-03  0.9243E-02  0.2599E-01  0.7837E-02  0.5916E-03  0.7198E-05  0.1141E-04  0.2829E-03  0.1484E-02  0.1418E-02  0.1905E-01  0.2644E-03  0.1537E-02  0.7994E-05  0.1306E-04
      2.446  0.6831E-04  0.3257E-02  0.7719E-02  0.8054E-03  0.1034E-01  0.3488E-01  0.8801E-02  0.7784E-03  0.8057E-05  0.1565E-04  0.3105E-03  0.2024E-02  0.1586E-02  0.2550E-01  0.2912E-03  0.1991E-02  0.8947E-05  0.1718E-04
      2.456  0.7510E-04  0.4007E-02  0.8471E-02  0.1019E-02  0.1106E-01  0.4346E-01  0.9618E-02  0.9652E-03  0.8679E-05  0.1999E-04  0.3309E-03  0.2549E-02  0.1691E-02  0.3170E-01  0.3116E-03  0.2439E-02  0.9757E-05  0.2145E-04
      2.466  0.8092E-04  0.4713E-02  0.9081E-02  0.1230E-02  0.1151E-01  0.5172E-01  0.1040E-01  0.1152E-02  0.9134E-05  0.2442E-04  0.3430E-03  0.3062E-02  0.1754E-02  0.3766E-01  0.3305E-03  0.2881E-02  0.1044E-04  0.2586E-04
      2.476  0.8650E-04  0.5358E-02  0.9618E-02  0.1434E-02  0.1183E-01  0.5949E-01  0.1115E-01  0.1338E-02  0.9507E-05  0.2886E-04  0.3518E-03  0.3549E-02  0.1796E-02  0.4324E-01  0.3472E-03  0.3315E-02  0.1105E-04  0.3038E-04
      2.486  0.9203E-04  0.5683E-02  0.1020E-01  0.1565E-02  0.1208E-01  0.6408E-01  0.1185E-01  0.1504E-02  0.9850E-05  0.3182E-04  0.3629E-03  0.3846E-02  0.1828E-02  0.4647E-01  0.3607E-03  0.3681E-02  0.1165E-04  0.3445E-04
      2.496  0.9751E-04  0.5820E-02  0.1080E-01  0.1688E-02  0.1231E-01  0.6685E-01  0.1256E-01  0.1632E-02  0.1019E-04  0.3463E-04  0.3749E-03  0.4115E-02  0.1856E-02  0.4834E-01  0.3747E-03  0.3938E-02  0.1224E-04  0.3805E-04
      2.506  0.1029E-03  0.5943E-02  0.1143E-01  0.1812E-02  0.1252E-01  0.6950E-01  0.1330E-01  0.1762E-02  0.1053E-04  0.3743E-04  0.3877E-03  0.4385E-02  0.1881E-02  0.5013E-01  0.3892E-03  0.4197E-02  0.1284E-04  0.4170E-04
      2.516  0.1083E-03  0.6052E-02  0.1209E-01  0.1938E-02  0.1271E-01  0.7204E-01  0.1406E-01  0.1894E-02  0.1087E-04  0.4023E-04  0.4014E-03  0.4656E-02  0.1903E-02  0.5183E-01  0.4042E-03  0.4457E-02  0.1344E-04  0.4539E-04
      2.526  0.1136E-03  0.6148E-02  0.1276E-01  0.2065E-02  0.1289E-01  0.7448E-01  0.1483E-01  0.2027E-02  0.1120E-04  0.4303E-04  0.4160E-03  0.4926E-02  0.1921E-02  0.5344E-01  0.4197E-03  0.4719E-02  0.1404E-04  0.4912E-04
      2.536  0.1189E-03  0.6102E-02  0.1346E-01  0.2174E-02  0.1304E-01  0.7576E-01  0.1563E-01  0.2143E-02  0.1154E-04  0.4586E-04  0.4315E-03  0.5131E-02  0.1936E-02  0.5413E-01  0.4357E-03  0.4932E-02  0.1464E-04  0.5283E-04
      2.546  0.1248E-03  0.6031E-02  0.1440E-01  0.2288E-02  0.1319E-01  0.7668E-01  0.1661E-01  0.2259E-02  0.1188E-04  0.4876E-04  0.4516E-03  0.5344E-02  0.1950E-02  0.5454E-01  0.4535E-03  0.5145E-02  0.1528E-04  0.5660E-04
      2.556  0.1332E-03  0.5937E-02  0.1609E-01  0.2406E-02  0.1339E-01  0.7728E-01  0.1820E-01  0.2375E-02  0.1228E-04  0.5172E-04  0.4850E-03  0.5567E-02  0.1969E-02  0.5471E-01  0.4762E-03  0.5358E-02  0.1603E-04  0.6043E-04
      2.566  0.2237E-03  0.5822E-02  0.2735E-01  0.2529E-02  0.1815E-01  0.7753E-01  0.2946E-01  0.2493E-02  0.1781E-04  0.5475E-04  0.7763E-03  0.5801E-02  0.2649E-02  0.5463E-01  0.7535E-03  0.5573E-02  0.2509E-04  0.6431E-04
      2.576  0.2200E-03  0.5673E-02  0.2846E-01  0.2701E-02  0.1757E-01  0.7762E-01  0.2818E-01  0.2658E-02  0.1635E-04  0.5921E-04  0.7355E-03  0.6137E-02  0.2534E-02  0.5439E-01  0.6386E-03  0.5879E-02  0.2337E-04  0.6989E-04
      2.586  0.1995E-03  0.5494E-02  0.2663E-01  0.3264E-02  0.1574E-01  0.7948E-01  0.2550E-01  0.3060E-02  0.1449E-04  0.7095E-04  0.6003E-03  0.7277E-02  0.2246E-02  0.5517E-01  0.4920E-03  0.6603E-02  0.1838E-04  0.8671E-04
      2.596  0.2871E-03  0.5373E-02  0.4104E-01  0.3891E-02  0.1907E-01  0.8274E-01  0.3028E-01  0.3440E-02  0.2636E-04  0.8440E-04  0.8372E-03  0.8534E-02  0.2516E-02  0.5688E-01  0.4886E-03  0.7268E-02  0.2074E-04  0.1056E-03
      2.606  0.1959E-03  0.6787E-02  0.3288E-01  0.9637E-02  0.1099E-01  0.1244E+00  0.2741E-01  0.5486E-02  0.1239E-04  0.1633E-03  0.5457E-03  0.2019E-01  0.1533E-02  0.8064E-01  0.3599E-03  0.1107E-01  0.1384E-04  0.1388E-03
      2.616  0.1888E-03  0.2601E-02  0.3320E-01  0.4119E-02  0.1020E-01  0.4859E-01  0.2885E-01  0.2663E-02  0.1113E-04  0.6551E-04  0.5075E-03  0.8111E-02  0.1408E-02  0.3301E-01  0.3428E-03  0.5054E-02  0.1263E-04  0.7890E-04
      2.626  0.1822E-03  0.2382E-02  0.3353E-01  0.3930E-02  0.9455E-02  0.4453E-01  0.3039E-01  0.2625E-02  0.9977E-05  0.5695E-04  0.4704E-03  0.7565E-02  0.1289E-02  0.3017E-01  0.3264E-03  0.4841E-02  0.1151E-04  0.7021E-04
      2.636  0.1761E-03  0.2174E-02  0.3386E-01  0.3749E-02  0.8760E-02  0.4068E-01  0.3200E-01  0.2598E-02  0.8918E-05  0.4902E-04  0.4345E-03  0.7040E-02  0.1176E-02  0.2746E-01  0.3108E-03  0.4649E-02  0.1046E-04  0.6222E-04
      2.646  0.1705E-03  0.1975E-02  0.3420E-01  0.3575E-02  0.8114E-02  0.3702E-01  0.3370E-01  0.2582E-02  0.7958E-05  0.4171E-04  0.3997E-03  0.6537E-02  0.1068E-02  0.2487E-01  0.2959E-03  0.4478E-02  0.9504E-05  0.5494E-04
      2.656  0.1654E-03  0.1788E-02  0.3455E-01  0.3409E-02  0.7516E-02  0.3356E-01  0.3549E-01  0.2577E-02  0.7097E-05  0.3502E-04  0.3660E-03  0.6055E-02  0.9661E-03  0.2241E-01  0.2818E-03  0.4327E-02  0.8626E-05  0.4837E-04
      2.666  0.1609E-03  0.1610E-02  0.3491E-01  0.3250E-02  0.6967E-02  0.3030E-01  0.3736E-01  0.2583E-02  0.6335E-05  0.2896E-04  0.3335E-03  0.5594E-02  0.8699E-03  0.2007E-01  0.2684E-03  0.4197E-02  0.7830E-05  0.4250E-04
      2.676  0.1621E-03  0.1443E-02  0.3603E-01  0.3099E-02  0.6719E-02  0.2724E-01  0.3965E-01  0.2601E-02  0.5956E-05  0.2353E-04  0.3151E-03  0.5155E-02  0.8174E-03  0.1785E-01  0.2623E-03  0.4088E-02  0.7453E-05  0.3733E-04
      2.686  0.1755E-03  0.1287E-02  0.3888E-01  0.2955E-02  0.7063E-02  0.2438E-01  0.4274E-01  0.2629E-02  0.6257E-05  0.1871E-04  0.3257E-03  0.4738E-02  0.8528E-03  0.1577E-01  0.2707E-03  0.3998E-02  0.7865E-05  0.3288E-04
      2.696  0.1893E-03  0.1247E-02  0.4177E-01  0.3186E-02  0.7409E-02  0.2482E-01  0.4589E-01  0.2832E-02  0.6560E-05  0.1965E-04  0.3351E-03  0.5044E-02  0.8883E-03  0.1592E-01  0.2781E-03  0.4254E-02  0.8279E-05  0.3545E-04
      2.706  0.2033E-03  0.1212E-02  0.4470E-01  0.3430E-02  0.7757E-02  0.2538E-01  0.4908E-01  0.3042E-02  0.6864E-05  0.2081E-04  0.3432E-03  0.5371E-02  0.9240E-03  0.1616E-01  0.2845E-03  0.4518E-02  0.8692E-05  0.3833E-04
      2.716  0.2177E-03  0.1177E-02  0.4767E-01  0.3674E-02  0.8108E-02  0.2595E-01  0.5232E-01  0.3251E-02  0.7171E-05  0.2198E-04  0.3500E-03  0.5692E-02  0.9597E-03  0.1639E-01  0.2900E-03  0.4777E-02  0.9107E-05  0.4124E-04
      2.726  0.2535E-03  0.1141E-02  0.6250E-01  0.3917E-02  0.8940E-02  0.2651E-01  0.7840E-01  0.3459E-02  0.8650E-05  0.2316E-04  0.3659E-03  0.6005E-02  0.1027E-02  0.1663E-01  0.3208E-03  0.5030E-02  0.1091E-04  0.4418E-04
      2.736  0.4405E-03  0.1104E-02  0.8088E-01  0.4159E-02  0.1500E-01  0.2708E-01  0.1192E+00  0.3667E-02  0.1171E-04  0.2434E-04  0.3846E-03  0.6312E-02  0.1731E-02  0.1686E-01  0.3608E-03  0.5277E-02  0.1810E-04  0.4716E-04
      2.746  0.9647E-03  0.1067E-02  0.1228E+00  0.4401E-02  0.2930E-01  0.2764E-01  0.2495E+00  0.3873E-02  0.2543E-04  0.2553E-04  0.3892E-03  0.6611E-02  0.3224E-02  0.1710E-01  0.4390E-03  0.5519E-02  0.4232E-04  0.5017E-04
      2.756  0.7410E-03  0.8494E-03  0.1506E+00  0.4670E-02  0.2253E-01  0.2660E-01  0.1816E+00  0.4853E-02  0.2432E-04  0.2643E-04  0.3418E-03  0.6850E-02  0.2529E-02  0.1613E-01  0.3369E-03  0.5940E-02  0.2986E-04  0.5292E-04
      2.766  0.5171E-03  0.6165E-03  0.1213E+00  0.5700E-02  0.1620E-01  0.2823E-01  0.1776E+00  0.7621E-02  0.2130E-04  0.3697E-04  0.2637E-03  0.7837E-02  0.1837E-02  0.1653E-01  0.2959E-03  0.7964E-02  0.2527E-04  0.8068E-04
      2.776  0.3660E-03  0.8180E-03  0.1045E+00  0.8983E-02  0.1168E-01  0.5465E-01  0.1473E+00  0.1252E-01  0.1718E-04  0.6160E-04  0.2150E-03  0.1105E-01  0.1323E-02  0.3158E-01  0.2463E-03  0.1246E-01  0.1950E-04  0.1342E-03
      2.786  0.2790E-03  0.8023E-03  0.1029E+00  0.1101E-01  0.8810E-02  0.5700E-01  0.1350E+00  0.1280E-01  0.1332E-04  0.6898E-04  0.1580E-03  0.1290E-01  0.9915E-03  0.3283E-01  0.1960E-03  0.1230E-01  0.1658E-04  0.1427E-03
      2.796  0.2526E-03  0.6460E-03  0.1323E+00  0.9663E-02  0.7562E-02  0.4613E-01  0.1447E+00  0.1154E-01  0.1227E-04  0.5729E-04  0.1094E-03  0.1101E-01  0.8276E-03  0.2653E-01  0.1511E-03  0.1059E-01  0.1337E-04  0.1146E-03
      2.806  0.1727E-03  0.4997E-03  0.1092E+00  0.8066E-02  0.5368E-02  0.3571E-01  0.1160E+00  0.1033E-01  0.8580E-05  0.4575E-04  0.9534E-04  0.8833E-02  0.5809E-03  0.2052E-01  0.1206E-03  0.8972E-02  0.9520E-05  0.8445E-04
      2.816  0.1006E-03  0.3962E-03  0.8716E-01  0.6697E-02  0.3330E-02  0.2767E-01  0.8352E-01  0.9516E-02  0.5000E-05  0.3755E-04  0.8308E-04  0.7058E-02  0.3544E-03  0.1588E-01  0.9003E-04  0.7886E-02  0.5648E-05  0.6606E-04
      2.826  0.1811E-03  0.3129E-03  0.2043E+00  0.5642E-02  0.6305E-02  0.2075E-01  0.2036E+00  0.8778E-02  0.6619E-05  0.3092E-04  0.1131E-03  0.5679E-02  0.5533E-03  0.1188E-01  0.1128E-03  0.6954E-02  0.1114E-04  0.5204E-04
      2.836  0.7458E-04  0.2730E-03  0.1533E+00  0.5604E-02  0.2249E-02  0.1778E-01  0.1071E+00  0.8861E-02  0.7098E-05  0.3220E-04  0.1577E-03  0.5470E-02  0.2146E-03  0.1015E-01  0.1844E-03  0.6952E-02  0.1078E-04  0.4721E-04
      2.846  0.2186E-03  0.2394E-03  0.3162E+00  0.5834E-02  0.4042E-02  0.1553E-01  0.2385E+00  0.9181E-02  0.2049E-04  0.3645E-04  0.7793E-03  0.5506E-02  0.3987E-03  0.8825E-02  0.5977E-03  0.7193E-02  0.1648E-04  0.4341E-04
      2.856  0.3471E-03  0.2121E-03  0.4136E+00  0.6181E-02  0.5994E-02  0.1404E-01  0.3307E+00  0.9701E-02  0.2197E-04  0.4066E-04  0.1151E-02  0.5647E-02  0.5335E-03  0.7937E-02  0.1088E-02  0.7622E-02  0.2010E-04  0.4135E-04
      2.866  0.6290E-03  0.1938E-03  0.5176E+00  0.7034E-02  0.1013E-01  0.1409E-01  0.5026E+00  0.1069E-01  0.2316E-04  0.4753E-04  0.1593E-02  0.6254E-02  0.7964E-03  0.7849E-02  0.2034E-02  0.8449E-02  0.2356E-04  0.4488E-04
      2.877  0.5477E-03  0.1810E-03  0.4170E+00  0.8639E-02  0.7786E-02  0.1538E-01  0.4823E+00  0.1222E-01  0.1641E-04  0.5664E-04  0.1552E-02  0.7519E-02  0.5934E-03  0.8410E-02  0.2227E-02  0.9748E-02  0.1830E-04  0.5211E-04
      2.887  0.4594E-03  0.1684E-03  0.3794E+00  0.1038E-01  0.6325E-02  0.1665E-01  0.3738E+00  0.1381E-01  0.1201E-04  0.6509E-04  0.1834E-02  0.8836E-02  0.4763E-03  0.8953E-02  0.2090E-02  0.1109E-01  0.1483E-04  0.5911E-04
      2.897  0.6220E-03  0.1551E-03  0.4509E+00  0.1236E-01  0.9028E-02  0.1728E-01  0.4561E+00  0.1522E-01  0.1892E-04  0.6172E-04  0.2596E-02  0.9792E-02  0.6686E-03  0.9085E-02  0.2910E-02  0.1169E-01  0.1912E-04  0.6418E-04
      2.907  0.7492E-03  0.1406E-03  0.4665E+00  0.1581E-01  0.1147E-01  0.1830E-01  0.4801E+00  0.1720E-01  0.2271E-04  0.6168E-04  0.3081E-02  0.1150E-01  0.8423E-03  0.9384E-02  0.3407E-02  0.1223E-01  0.2269E-04  0.6895E-04
      2.917  0.1503E-02  0.1262E-03  0.4432E+00  0.1891E-01  0.1918E-01  0.1852E-01  0.6163E+00  0.1937E-01  0.3076E-04  0.6248E-04  0.3787E-02  0.1299E-01  0.1273E-02  0.9348E-02  0.5882E-02  0.1332E-01  0.2622E-04  0.6755E-04
      2.927  0.7931E-03  0.9528E-04  0.1772E+00  0.1796E-01  0.9353E-02  0.1281E-01  0.2091E+00  0.1550E-01  0.1300E-04  0.4855E-04  0.2360E-02  0.9973E-02  0.6350E-03  0.6374E-02  0.2705E-02  0.9554E-02  0.1276E-04  0.4721E-04
      2.937  0.7708E-03  0.8416E-04  0.1768E+00  0.1775E-01  0.8864E-02  0.1091E-01  0.2013E+00  0.1425E-01  0.1205E-04  0.4341E-04  0.2455E-02  0.8899E-02  0.5836E-03  0.5391E-02  0.2723E-02  0.8197E-02  0.1232E-04  0.3951E-04
      2.947  0.7524E-03  0.8041E-04  0.1759E+00  0.1775E-01  0.8428E-02  0.1042E-01  0.1941E+00  0.1414E-01  0.1114E-04  0.4125E-04  0.2548E-02  0.8637E-02  0.5359E-03  0.5119E-02  0.2750E-02  0.7871E-02  0.1187E-04  0.3755E-04
      2.957  0.7880E-03  0.7680E-04  0.2443E+00  0.1772E-01  0.8624E-02  0.9936E-02  0.2177E+00  0.1403E-01  0.1388E-04  0.3909E-04  0.3962E-02  0.8366E-02  0.5269E-03  0.4852E-02  0.3381E-02  0.7542E-02  0.1840E-04  0.3558E-04
      2.967  0.7481E-03  0.7332E-04  0.2469E+00  0.1767E-01  0.7938E-02  0.9466E-02  0.2168E+00  0.1391E-01  0.1304E-04  0.3695E-04  0.4174E-02  0.8087E-02  0.4680E-03  0.4591E-02  0.3528E-02  0.7211E-02  0.1808E-04  0.3361E-04
      2.977  0.7096E-03  0.6998E-04  0.2482E+00  0.1759E-01  0.7270E-02  0.9005E-02  0.2165E+00  0.1378E-01  0.1218E-04  0.3482E-04  0.4370E-02  0.7800E-02  0.4115E-03  0.4335E-02  0.3685E-02  0.6878E-02  0.1766E-04  0.3164E-04
      2.987  0.6753E-03  0.6678E-04  0.2416E+00  0.1749E-01  0.6635E-02  0.8555E-02  0.2113E+00  0.1364E-01  0.1111E-04  0.3269E-04  0.4437E-02  0.7504E-02  0.3585E-03  0.4085E-02  0.3790E-02  0.6543E-02  0.1671E-04  0.2968E-04
      2.997  0.6542E-03  0.6371E-04  0.2020E+00  0.1737E-01  0.5984E-02  0.8114E-02  0.1867E+00  0.1349E-01  0.9702E-05  0.3057E-04  0.4143E-02  0.7200E-02  0.3056E-03  0.3840E-02  0.3858E-02  0.6206E-02  0.1521E-04  0.2771E-04
      3.007  0.6450E-03  0.6077E-04  0.1738E+00  0.1722E-01  0.5485E-02  0.7684E-02  0.1693E+00  0.1334E-01  0.8978E-05  0.2847E-04  0.4057E-02  0.6888E-02  0.2628E-03  0.3602E-02  0.4038E-02  0.5866E-02  0.1465E-04  0.2574E-04
      3.017  0.6472E-03  0.5797E-04  0.1805E+00  0.1704E-01  0.5388E-02  0.7264E-02  0.1762E+00  0.1317E-01  0.9969E-05  0.2637E-04  0.4423E-02  0.6567E-02  0.2548E-03  0.3369E-02  0.4433E-02  0.5524E-02  0.1631E-04  0.2377E-04
      3.027  0.6471E-03  0.5531E-04  0.1809E+00  0.1684E-01  0.5243E-02  0.6853E-02  0.1802E+00  0.1300E-01  0.1122E-04  0.2428E-04  0.4635E-02  0.6238E-02  0.2455E-03  0.3141E-02  0.4826E-02  0.5181E-02  0.1756E-04  0.2180E-04
      3.037  0.6537E-03  0.5415E-04  0.1926E+00  0.1671E-01  0.5145E-02  0.6581E-02  0.1932E+00  0.1295E-01  0.1318E-04  0.2264E-04  0.5224E-02  0.5959E-02  0.2377E-03  0.2992E-02  0.5521E-02  0.4918E-02  0.2013E-04  0.2054E-04
      3.047  0.6598E-03  0.5405E-04  0.2024E+00  0.1662E-01  0.5027E-02  0.6408E-02  0.2062E+00  0.1300E-01  0.1518E-04  0.2134E-04  0.5774E-02  0.5716E-02  0.2293E-03  0.2898E-02  0.6242E-02  0.4717E-02  0.2248E-04  0.1981E-04
      3.057  0.6702E-03  0.5399E-04  0.1711E+00  0.1652E-01  0.4882E-02  0.6238E-02  0.1776E+00  0.1304E-01  0.1542E-04  0.2007E-04  0.5170E-02  0.5467E-02  0.2192E-03  0.2805E-02  0.5862E-02  0.4517E-02  0.2065E-04  0.1909E-04
      3.067  0.6471E-03  0.5398E-04  0.1558E+00  0.1639E-01  0.4543E-02  0.6071E-02  0.1640E+00  0.1308E-01  0.1489E-04  0.1882E-04  0.4886E-02  0.5212E-02  0.1987E-03  0.2714E-02  0.5612E-02  0.4318E-02  0.1978E-04  0.1840E-04
      3.077  0.6187E-03  0.5402E-04  0.1420E+00  0.1625E-01  0.4167E-02  0.5907E-02  0.1502E+00  0.1312E-01  0.1427E-04  0.1760E-04  0.4626E-02  0.4951E-02  0.1764E-03  0.2625E-02  0.5332E-02  0.4121E-02  0.1892E-04  0.1772E-04
      3.087  0.5882E-03  0.5410E-04  0.1285E+00  0.1608E-01  0.3771E-02  0.5746E-02  0.1368E+00  0.1316E-01  0.1363E-04  0.1640E-04  0.4369E-02  0.4684E-02  0.1532E-03  0.2536E-02  0.5055E-02  0.3925E-02  0.1806E-04  0.1706E-04
      3.097  0.4649E-03  0.5422E-04  0.8499E-01  0.1589E-01  0.2821E-02  0.5588E-02  0.9208E-01  0.1320E-01  0.1131E-04  0.1522E-04  0.3094E-02  0.4411E-02  0.1031E-03  0.2450E-02  0.3622E-02  0.3730E-02  0.1588E-04  0.1641E-04
      3.107  0.4328E-03  0.5917E-04  0.7649E-01  0.1709E-01  0.2445E-02  0.5718E-02  0.8292E-01  0.1408E-01  0.1064E-04  0.1546E-04  0.2885E-02  0.4597E-02  0.8230E-04  0.2477E-02  0.3375E-02  0.3836E-02  0.1507E-04  0.1667E-04
      3.117  0.4367E-03  0.6916E-04  0.7101E-01  0.1916E-01  0.2440E-02  0.6583E-02  0.7678E-01  0.1577E-01  0.1012E-04  0.1679E-04  0.2743E-02  0.4989E-02  0.8022E-04  0.2777E-02  0.3191E-02  0.4145E-02  0.1450E-04  0.1775E-04
      3.127  0.4406E-03  0.9025E-04  0.6570E-01  0.2316E-01  0.2435E-02  0.9172E-02  0.7081E-01  0.1963E-01  0.9584E-05  0.2055E-04  0.2604E-02  0.5809E-02  0.7812E-04  0.3712E-02  0.3011E-02  0.4976E-02  0.1392E-04  0.2093E-04
      3.137  0.4448E-03  0.1114E-03  0.6055E-01  0.2748E-01  0.2431E-02  0.1154E-01  0.6502E-01  0.2377E-01  0.9025E-05  0.2436E-04  0.2469E-02  0.6703E-02  0.7603E-04  0.4561E-02  0.2834E-02  0.5864E-02  0.1335E-04  0.2428E-04
      3.147  0.4491E-03  0.1325E-03  0.5557E-01  0.3214E-01  0.2427E-02  0.1370E-01  0.5941E-01  0.2818E-01  0.8446E-05  0.2822E-04  0.2338E-02  0.7671E-02  0.7393E-04  0.5323E-02  0.2661E-02  0.6812E-02  0.1276E-04  0.2782E-04
      3.157  0.4535E-03  0.1537E-03  0.5075E-01  0.3713E-01  0.2423E-02  0.1563E-01  0.5396E-01  0.3288E-01  0.7846E-05  0.3214E-04  0.2211E-02  0.8713E-02  0.7182E-04  0.5998E-02  0.2492E-02  0.7819E-02  0.1217E-04  0.3155E-04
      3.167  0.4583E-03  0.1754E-03  0.4609E-01  0.4240E-01  0.2422E-02  0.1733E-01  0.4872E-01  0.3785E-01  0.7227E-05  0.3604E-04  0.2088E-02  0.9821E-02  0.6983E-04  0.6583E-02  0.2327E-02  0.8894E-02  0.1156E-04  0.3538E-04
      3.177  0.4649E-03  0.1944E-03  0.4152E-01  0.4481E-01  0.2443E-02  0.1685E-01  0.4378E-01  0.4080E-01  0.6598E-05  0.3536E-04  0.1967E-02  0.1012E-01  0.6852E-04  0.6321E-02  0.2176E-02  0.9324E-02  0.1094E-04  0.3418E-04
      3.187  0.4743E-03  0.2159E-03  0.3756E-01  0.4740E-01  0.2480E-02  0.1618E-01  0.3923E-01  0.4355E-01  0.6013E-05  0.3411E-04  0.1872E-02  0.1042E-01  0.6747E-04  0.5990E-02  0.2038E-02  0.9676E-02  0.1044E-04  0.3257E-04
      3.197  0.4932E-03  0.2526E-03  0.3597E-01  0.5373E-01  0.2565E-02  0.1594E-01  0.3719E-01  0.4832E-01  0.5978E-05  0.3376E-04  0.1874E-02  0.1172E-01  0.6840E-04  0.5784E-02  0.2006E-02  0.1047E-01  0.1049E-04  0.3174E-04
      3.207  0.5138E-03  0.3162E-03  0.3486E-01  0.6297E-01  0.2658E-02  0.1628E-01  0.3576E-01  0.5720E-01  0.6074E-05  0.3465E-04  0.1892E-02  0.1350E-01  0.6976E-04  0.5761E-02  0.2003E-02  0.1204E-01  0.1063E-04  0.3225E-04
      3.217  0.5347E-03  0.1286E-02  0.3376E-01  0.1924E+00  0.2751E-02  0.4654E-01  0.3435E-01  0.1582E+00  0.6169E-05  0.8293E-04  0.1912E-02  0.4200E-01  0.7110E-04  0.1562E-01  0.2000E-02  0.3585E-01  0.1076E-04  0.5914E-04
      3.227  0.6079E-03  0.3297E-03  0.3561E-01  0.4143E-01  0.3168E-02  0.1322E-01  0.3457E-01  0.3911E-01  0.7363E-05  0.2591E-04  0.2379E-02  0.6232E-02  0.8345E-04  0.4432E-02  0.2245E-02  0.6001E-02  0.1371E-04  0.2140E-04
      3.237  0.6947E-03  0.3142E-03  0.3756E-01  0.3881E-01  0.3668E-02  0.1066E-01  0.3493E-01  0.3477E-01  0.8662E-05  0.2357E-04  0.2870E-02  0.5154E-02  0.9826E-04  0.3509E-02  0.2513E-02  0.4738E-02  0.1684E-04  0.1990E-04
      3.247  0.7892E-03  0.3317E-03  0.3923E-01  0.4453E-01  0.4214E-02  0.8886E-02  0.3522E-01  0.3686E-01  0.9930E-05  0.2382E-04  0.3325E-02  0.4854E-02  0.1142E-03  0.2851E-02  0.2773E-02  0.4356E-02  0.1979E-04  0.2031E-04
      3.257  0.8914E-03  0.3346E-03  0.4063E-01  0.4823E-01  0.4806E-02  0.8287E-02  0.3544E-01  0.3983E-01  0.1117E-04  0.2482E-04  0.3747E-02  0.4561E-02  0.1314E-03  0.2661E-02  0.3025E-02  0.4161E-02  0.2256E-04  0.2175E-04
      3.267  0.1004E-02  0.3368E-03  0.4176E-01  0.5244E-01  0.5452E-02  0.7619E-02  0.3563E-01  0.4324E-01  0.1239E-04  0.2583E-04  0.4135E-02  0.4306E-02  0.1498E-03  0.2455E-02  0.3275E-02  0.3998E-02  0.2515E-04  0.2329E-04
      3.277  0.1141E-02  0.3381E-03  0.4264E-01  0.5702E-01  0.6172E-02  0.6875E-02  0.3589E-01  0.4694E-01  0.1367E-04  0.2677E-04  0.4496E-02  0.4085E-02  0.1703E-03  0.2230E-02  0.3540E-02  0.3864E-02  0.2762E-04  0.2483E-04
      3.287  0.1308E-02  0.3386E-03  0.4327E-01  0.6198E-01  0.6945E-02  0.6055E-02  0.3609E-01  0.5094E-01  0.1496E-04  0.2763E-04  0.4825E-02  0.3898E-02  0.1938E-03  0.1987E-02  0.3798E-02  0.3758E-02  0.2995E-04  0.2638E-04
      3.297  0.1056E-02  0.3382E-03  0.3526E-01  0.6730E-01  0.5011E-02  0.5159E-02  0.2939E-01  0.5523E-01  0.1235E-04  0.2841E-04  0.3897E-02  0.3745E-02  0.1297E-03  0.1726E-02  0.3246E-02  0.3680E-02  0.2373E-04  0.2794E-04
      3.307  0.9322E-03  0.3370E-03  0.1946E-01  0.7300E-01  0.3792E-02  0.4187E-02  0.1886E-01  0.5982E-01  0.8134E-05  0.2912E-04  0.2059E-02  0.3627E-02  0.8567E-04  0.1446E-02  0.2032E-02  0.3631E-02  0.1197E-04  0.2950E-04
      3.317  0.1077E-02  0.3624E-03  0.1901E-01  0.8016E-01  0.4234E-02  0.4134E-02  0.1853E-01  0.6561E-01  0.8762E-05  0.3074E-04  0.2187E-02  0.3794E-02  0.9325E-04  0.1405E-02  0.2135E-02  0.3825E-02  0.1244E-04  0.3133E-04
      3.327  0.1213E-02  0.3942E-03  0.1869E-01  0.9199E-01  0.4635E-02  0.4197E-02  0.1814E-01  0.8168E-01  0.9410E-05  0.3439E-04  0.2338E-02  0.4218E-02  0.9999E-04  0.1390E-02  0.2232E-02  0.4652E-02  0.1305E-04  0.3483E-04
      3.337  0.1340E-02  0.6322E-03  0.1868E-01  0.2001E+00  0.4999E-02  0.6404E-02  0.1789E-01  0.1878E+00  0.1012E-04  0.6225E-04  0.2524E-02  0.7783E-02  0.1060E-03  0.1953E-02  0.2331E-02  0.9780E-02  0.1393E-04  0.6387E-04
      3.347  0.2092E-02  0.8015E-03  0.4158E-01  0.1977E+00  0.1018E-01  0.5163E-02  0.5102E-01  0.1764E+00  0.2208E-04  0.5606E-04  0.6937E-02  0.7092E-02  0.1661E-03  0.1506E-02  0.8210E-02  0.8578E-02  0.2960E-04  0.6098E-04
      3.357  0.1352E-02  0.8627E-03  0.2220E-01  0.1863E+00  0.5389E-02  0.4615E-02  0.3093E-01  0.1522E+00  0.1052E-04  0.4899E-04  0.3411E-02  0.6191E-02  0.1002E-03  0.1309E-02  0.4861E-02  0.6812E-02  0.1407E-04  0.5331E-04
      3.367  0.1064E-02  0.9939E-03  0.1322E-01  0.1936E+00  0.3215E-02  0.4396E-02  0.1815E-01  0.1622E+00  0.6931E-05  0.5195E-04  0.1812E-02  0.6208E-02  0.7317E-04  0.1200E-02  0.2699E-02  0.6907E-02  0.8851E-05  0.5864E-04
      3.377  0.9216E-03  0.1223E-02  0.6791E-02  0.2223E+00  0.1813E-02  0.4221E-02  0.7315E-02  0.1866E+00  0.4828E-05  0.5960E-04  0.6936E-03  0.6980E-02  0.5790E-04  0.1102E-02  0.8837E-03  0.7436E-02  0.5600E-05  0.7379E-04
      3.387  0.9819E-03  0.1287E-02  0.6566E-02  0.2198E+00  0.1865E-02  0.4036E-02  0.7209E-02  0.1802E+00  0.5031E-05  0.6140E-04  0.6951E-03  0.6785E-02  0.6031E-04  0.1014E-02  0.9024E-03  0.6958E-02  0.5702E-05  0.8081E-04
      3.397  0.1043E-02  0.1371E-02  0.6343E-02  0.2326E+00  0.1918E-02  0.4017E-02  0.7102E-02  0.1789E+00  0.5236E-05  0.6523E-04  0.6967E-03  0.7041E-02  0.6276E-04  0.9812E-03  0.9208E-03  0.6636E-02  0.5807E-05  0.8977E-04
      3.407  0.1105E-02  0.1480E-02  0.6123E-02  0.2703E+00  0.1972E-02  0.4115E-02  0.6992E-02  0.1850E+00  0.5443E-05  0.7143E-04  0.6985E-03  0.7984E-02  0.6525E-04  0.9889E-03  0.9389E-03  0.6558E-02  0.5913E-05  0.1022E-03
      3.417  0.1169E-02  0.1583E-02  0.5905E-02  0.2430E+00  0.2027E-02  0.4103E-02  0.6882E-02  0.1733E+00  0.5650E-05  0.6988E-04  0.7003E-03  0.6967E-02  0.6777E-04  0.9664E-03  0.9567E-03  0.5929E-02  0.6021E-05  0.1030E-03
      3.427  0.1233E-02  0.1681E-02  0.5690E-02  0.2163E+00  0.2083E-02  0.4150E-02  0.6770E-02  0.1695E+00  0.5859E-05  0.7173E-04  0.7023E-03  0.5893E-02  0.7034E-04  0.9542E-03  0.9742E-03  0.5497E-02  0.6130E-05  0.9733E-04
      3.437  0.1301E-02  0.1881E-02  0.5479E-02  0.2143E+00  0.2140E-02  0.4903E-02  0.6657E-02  0.2470E+00  0.6077E-05  0.8940E-04  0.7045E-03  0.5411E-02  0.7304E-04  0.1130E-02  0.9914E-03  0.7716E-02  0.6245E-05  0.9826E-04
      3.447  0.1560E-02  0.2206E-02  0.5336E-02  0.2498E+00  0.2237E-02  0.5974E-02  0.6587E-02  0.3419E+00  0.6755E-05  0.1136E-03  0.7129E-03  0.6407E-02  0.8254E-04  0.1358E-02  0.1011E-02  0.1004E-01  0.6535E-05  0.1080E-03
      3.457  0.1832E-02  0.2144E-02  0.5197E-02  0.2489E+00  0.2337E-02  0.6076E-02  0.6519E-02  0.3752E+00  0.7421E-05  0.1249E-03  0.7212E-03  0.6548E-02  0.9245E-04  0.1330E-02  0.1029E-02  0.1115E-01  0.6825E-05  0.9692E-04
      3.467  0.2115E-02  0.2528E-02  0.5063E-02  0.2429E+00  0.2439E-02  0.5094E-02  0.6452E-02  0.3150E+00  0.8078E-05  0.9103E-04  0.7295E-03  0.5698E-02  0.1028E-03  0.9338E-03  0.1048E-02  0.7900E-02  0.7117E-05  0.9301E-04
      3.477  0.2410E-02  0.1978E-02  0.4950E-02  0.1052E+00  0.2546E-02  0.3506E-02  0.6395E-02  0.1666E+00  0.8734E-05  0.4909E-04  0.7426E-03  0.2458E-02  0.1135E-03  0.6527E-03  0.1069E-02  0.3371E-02  0.7420E-05  0.4790E-04
      3.487  0.2718E-02  0.7796E-03  0.4887E-02  0.5937E-01  0.2658E-02  0.3145E-02  0.6362E-02  0.7339E-01  0.9408E-05  0.2605E-04  0.7685E-03  0.1456E-02  0.1248E-03  0.5961E-03  0.1097E-02  0.1653E-02  0.7751E-05  0.3371E-04
      3.497  0.3038E-02  0.7531E-03  0.4827E-02  0.5550E-01  0.2774E-02  0.3298E-02  0.6329E-02  0.6537E-01  0.1007E-04  0.2574E-04  0.7941E-03  0.1345E-02  0.1365E-03  0.6183E-03  0.1125E-02  0.1469E-02  0.8085E-05  0.3351E-04
      3.507  0.3369E-02  0.8031E-03  0.4769E-02  0.5382E-01  0.2892E-02  0.3468E-02  0.6297E-02  0.6211E-01  0.1073E-04  0.2644E-04  0.8192E-03  0.1279E-02  0.1486E-03  0.6428E-03  0.1153E-02  0.1362E-02  0.8420E-05  0.3389E-04
      3.517  0.3712E-02  0.8515E-03  0.4714E-02  0.5214E-01  0.3013E-02  0.3632E-02  0.6265E-02  0.5902E-01  0.1137E-04  0.2709E-04  0.8440E-03  0.1214E-02  0.1611E-03  0.6661E-03  0.1181E-02  0.1259E-02  0.8757E-05  0.3421E-04
      3.527  0.4068E-02  0.8982E-03  0.4661E-02  0.5045E-01  0.3136E-02  0.3791E-02  0.6234E-02  0.5609E-01  0.1201E-04  0.2770E-04  0.8684E-03  0.1151E-02  0.1740E-03  0.6883E-03  0.1208E-02  0.1160E-02  0.9096E-05  0.3448E-04
      3.537  0.4435E-02  0.9431E-03  0.4611E-02  0.4877E-01  0.3262E-02  0.3943E-02  0.6203E-02  0.5334E-01  0.1263E-04  0.2828E-04  0.8924E-03  0.1088E-02  0.1874E-03  0.7093E-03  0.1234E-02  0.1066E-02  0.9436E-05  0.3469E-04
      3.547  0.5652E-02  0.9864E-03  0.4795E-02  0.4709E-01  0.3662E-02  0.4090E-02  0.6381E-02  0.5075E-01  0.1448E-04  0.2881E-04  0.9573E-03  0.1027E-02  0.2276E-03  0.7291E-03  0.1284E-02  0.9765E-03  0.1044E-04  0.3485E-04
      3.557  0.1241E-01  0.1274E-02  0.6852E-02  0.4594E-01  0.6270E-02  0.4309E-02  0.7216E-02  0.4932E-01  0.2204E-04  0.2966E-04  0.1321E-02  0.9698E-03  0.4583E-03  0.7494E-03  0.1590E-02  0.8974E-03  0.1648E-04  0.3518E-04
      3.567  0.1952E-01  0.1972E-02  0.8948E-02  0.4094E-01  0.8630E-02  0.4648E-02  0.9008E-02  0.4695E-01  0.2992E-04  0.2935E-04  0.1653E-02  0.9123E-03  0.7003E-03  0.7494E-03  0.1975E-02  0.8258E-03  0.2286E-04  0.3465E-04
      3.577  0.2395E-01  0.4794E-02  0.9983E-02  0.3591E-01  0.9428E-02  0.5771E-02  0.1012E-01  0.4282E-01  0.3445E-04  0.3159E-04  0.1671E-02  0.8405E-03  0.8748E-03  0.7618E-03  0.2082E-02  0.7313E-03  0.2495E-04  0.3684E-04
      3.587  0.2656E-01  0.6729E-02  0.1054E-01  0.3534E-01  0.9171E-02  0.6448E-02  0.1042E-01  0.4517E-01  0.3828E-04  0.3561E-04  0.1628E-02  0.7846E-03  0.1006E-02  0.7634E-03  0.1966E-02  0.7192E-03  0.2635E-04  0.3893E-04
      3.597  0.2883E-01  0.8759E-02  0.1090E-01  0.3522E-01  0.8876E-02  0.7102E-02  0.1074E-01  0.4771E-01  0.4170E-04  0.3969E-04  0.1558E-02  0.7334E-03  0.1123E-02  0.7548E-03  0.1823E-02  0.7126E-03  0.2747E-04  0.4128E-04
      3.607  0.2920E-01  0.1032E-01  0.1076E-01  0.3356E-01  0.8303E-02  0.7459E-02  0.1065E-01  0.4902E-01  0.4212E-04  0.4189E-04  0.1435E-02  0.7321E-03  0.1170E-02  0.7209E-03  0.1653E-02  0.8441E-03  0.2714E-04  0.4171E-04
      3.617  0.8774E-02  0.1132E-01  0.5040E-02  0.3480E-01  0.4081E-02  0.7575E-02  0.4771E-02  0.4972E-01  0.1998E-04  0.4296E-04  0.8708E-03  0.7404E-03  0.4832E-03  0.6766E-03  0.1127E-02  0.8915E-03  0.1403E-04  0.4124E-04
      3.627  0.9660E-02  0.1230E-01  0.5401E-02  0.3595E-01  0.4240E-02  0.7698E-02  0.5093E-02  0.5026E-01  0.2220E-04  0.4405E-04  0.8955E-03  0.7508E-03  0.5371E-03  0.6351E-03  0.1150E-02  0.9395E-03  0.1541E-04  0.4084E-04
      3.637  0.1057E-01  0.1326E-01  0.5764E-02  0.3701E-01  0.4401E-02  0.7835E-02  0.5417E-02  0.5077E-01  0.2448E-04  0.4522E-04  0.9186E-03  0.7645E-03  0.5923E-03  0.5968E-03  0.1170E-02  0.9901E-03  0.1681E-04  0.4055E-04
      3.647  0.1149E-01  0.1420E-01  0.6130E-02  0.3798E-01  0.4565E-02  0.7978E-02  0.5745E-02  0.5110E-01  0.2683E-04  0.4640E-04  0.9402E-03  0.7802E-03  0.6489E-03  0.5612E-03  0.1188E-02  0.1041E-02  0.1825E-04  0.4035E-04
      3.657  0.1244E-01  0.1510E-01  0.6497E-02  0.3885E-01  0.4732E-02  0.8127E-02  0.6074E-02  0.5124E-01  0.2925E-04  0.4759E-04  0.9602E-03  0.7980E-03  0.7069E-03  0.5283E-03  0.1204E-02  0.1092E-02  0.1972E-04  0.4022E-04
      3.667  0.1341E-01  0.1598E-01  0.6866E-02  0.3964E-01  0.4901E-02  0.8283E-02  0.6407E-02  0.5120E-01  0.3173E-04  0.4879E-04  0.9786E-03  0.8178E-03  0.7663E-03  0.4981E-03  0.1218E-02  0.1144E-02  0.2123E-04  0.4016E-04
      3.677  0.1439E-01  0.9197E-02  0.7238E-02  0.2418E-01  0.5073E-02  0.5944E-02  0.6742E-02  0.3173E-01  0.3428E-04  0.3379E-04  0.9954E-03  0.7008E-03  0.8272E-03  0.4377E-03  0.1229E-02  0.9810E-03  0.2276E-04  0.2977E-04
      3.687  0.1540E-01  0.5737E-02  0.7611E-02  0.1647E-01  0.5247E-02  0.4840E-02  0.7079E-02  0.2199E-01  0.3689E-04  0.3113E-04  0.1011E-02  0.6623E-03  0.8894E-03  0.4203E-03  0.1238E-02  0.9300E-03  0.2433E-04  0.2332E-04
      3.697  0.1751E-01  0.6170E-02  0.8498E-02  0.1715E-01  0.5653E-02  0.5043E-02  0.7862E-02  0.2261E-01  0.4164E-04  0.3356E-04  0.1118E-02  0.7005E-03  0.1011E-02  0.4249E-03  0.1278E-02  0.9891E-03  0.2756E-04  0.2487E-04
      3.707  0.2060E-01  0.6611E-02  0.9982E-02  0.1778E-01  0.6302E-02  0.5249E-02  0.9150E-02  0.2320E-01  0.4783E-04  0.3603E-04  0.1323E-02  0.7391E-03  0.1191E-02  0.4295E-03  0.1390E-02  0.1049E-02  0.3233E-04  0.2645E-04
      3.717  0.2451E-01  0.7060E-02  0.1234E-01  0.1836E-01  0.7226E-02  0.5459E-02  0.1089E-01  0.2377E-01  0.5424E-04  0.3856E-04  0.1607E-02  0.7782E-03  0.1426E-02  0.4341E-03  0.1619E-02  0.1109E-02  0.3789E-04  0.2805E-04
      3.727  0.2597E-01  0.7517E-02  0.1401E-01  0.1891E-01  0.7728E-02  0.5671E-02  0.1186E-01  0.2432E-01  0.5284E-04  0.4114E-04  0.1787E-02  0.8178E-03  0.1529E-02  0.4387E-03  0.1856E-02  0.1171E-02  0.3973E-04  0.2969E-04
      3.737  0.2714E-01  0.7982E-02  0.1550E-01  0.1941E-01  0.8205E-02  0.5887E-02  0.1283E-01  0.2484E-01  0.5169E-04  0.4377E-04  0.1971E-02  0.8579E-03  0.1620E-02  0.4434E-03  0.2119E-02  0.1233E-02  0.4178E-04  0.3135E-04
      3.747  0.2691E-01  0.8456E-02  0.1642E-01  0.1986E-01  0.8389E-02  0.6107E-02  0.1292E-01  0.2534E-01  0.4972E-04  0.4645E-04  0.2118E-02  0.8984E-03  0.1628E-02  0.4480E-03  0.2340E-02  0.1295E-02  0.4253E-04  0.3304E-04
      3.757  0.1716E-01  0.1816E-01  0.1029E-01  0.2918E-01  0.6151E-02  0.9716E-02  0.9077E-02  0.3743E-01  0.3851E-04  0.9969E-04  0.1812E-02  0.1852E-02  0.1019E-02  0.5312E-03  0.1966E-02  0.2321E-02  0.3057E-04  0.6607E-04
      3.767  0.8556E-02  0.1928E-01  0.4461E-02  0.3337E-01  0.3190E-02  0.1121E-01  0.4203E-02  0.4357E-01  0.2348E-04  0.9985E-04  0.1067E-02  0.2206E-02  0.5095E-03  0.6669E-03  0.9096E-03  0.2368E-02  0.1807E-04  0.7843E-04
      3.777  0.5385E-02  0.3138E-01  0.2430E-02  0.5845E-01  0.2052E-02  0.2070E-01  0.2098E-02  0.6879E-01  0.1474E-04  0.1170E-03  0.3800E-03  0.3367E-02  0.3424E-03  0.1292E-02  0.4162E-03  0.3020E-02  0.1035E-04  0.1054E-03
      3.787  0.4141E-02  0.1702E-01  0.1810E-02  0.2876E-01  0.1496E-02  0.1123E-01  0.1507E-02  0.3571E-01  0.1158E-04  0.5894E-04  0.2029E-03  0.1572E-02  0.2783E-03  0.6838E-03  0.2745E-03  0.1394E-02  0.7766E-05  0.6303E-04
      3.797  0.1144E-01  0.7203E-02  0.2034E-02  0.1289E-01  0.3812E-02  0.5202E-02  0.2260E-02  0.1780E-01  0.5765E-04  0.2280E-04  0.2914E-03  0.5793E-03  0.7965E-03  0.2985E-03  0.5463E-03  0.5502E-03  0.2587E-04  0.2909E-04
      3.807  0.1120E-01  0.3720E-02  0.2009E-02  0.7304E-02  0.3559E-02  0.2943E-02  0.2429E-02  0.1292E-01  0.5885E-04  0.1367E-04  0.3405E-03  0.3538E-03  0.8226E-03  0.1542E-03  0.7140E-03  0.3085E-03  0.2647E-04  0.1714E-04
      3.817  0.1119E-01  0.4711E-02  0.2154E-02  0.2286E-02  0.3478E-02  0.3502E-02  0.2680E-02  0.9162E-02  0.5936E-04  0.7644E-04  0.4057E-03  0.5640E-03  0.8556E-03  0.1480E-03  0.9061E-03  0.5978E-03  0.2734E-04  0.2837E-04
      3.827  0.1124E-01  0.5467E-02  0.2345E-02  0.2417E-02  0.3413E-02  0.3859E-02  0.3014E-02  0.9393E-02  0.6016E-04  0.9474E-04  0.4847E-03  0.6390E-03  0.8880E-03  0.1861E-03  0.1132E-02  0.7472E-03  0.2851E-04  0.3492E-04
      3.837  0.1105E-01  0.6158E-02  0.2547E-02  0.2570E-02  0.3326E-02  0.4159E-02  0.3316E-02  0.9677E-02  0.5759E-04  0.1123E-03  0.5409E-03  0.7098E-03  0.8902E-03  0.2238E-03  0.1276E-02  0.8984E-03  0.2865E-04  0.4126E-04
      3.847  0.1334E-01  0.6785E-02  0.4875E-02  0.2745E-02  0.3703E-02  0.4401E-02  0.3703E-02  0.1001E-01  0.5197E-04  0.1292E-03  0.6168E-03  0.7764E-03  0.1192E-02  0.2610E-03  0.1247E-02  0.1051E-02  0.3985E-04  0.4741E-04
      3.857  0.2472E-01  0.1016E-01  0.1132E-01  0.6153E-02  0.8420E-02  0.1175E-01  0.9611E-02  0.1104E-01  0.6008E-04  0.1648E-03  0.8999E-03  0.1722E-02  0.2471E-02  0.1150E-02  0.1460E-02  0.1550E-02  0.7409E-04  0.8571E-04
      3.867  0.2479E-01  0.1231E-01  0.1218E-01  0.8880E-02  0.9459E-02  0.1069E-01  0.1068E-01  0.1148E-01  0.5720E-04  0.1778E-03  0.1155E-02  0.1441E-02  0.2610E-02  0.1548E-02  0.1568E-02  0.1557E-02  0.8539E-04  0.1367E-03
      3.877  0.2370E-01  0.1288E-01  0.1236E-01  0.1063E-01  0.9647E-02  0.8939E-02  0.1113E-01  0.1269E-01  0.5412E-04  0.1434E-03  0.1411E-02  0.1348E-02  0.2651E-02  0.1595E-02  0.1672E-02  0.1531E-02  0.9503E-04  0.1660E-03
      3.887  0.2328E-01  0.1346E-01  0.1257E-01  0.1228E-01  0.7688E-02  0.7558E-02  0.1196E-01  0.1500E-01  0.7054E-04  0.1171E-03  0.1845E-02  0.1230E-02  0.3039E-02  0.1752E-02  0.2163E-02  0.1452E-02  0.1038E-03  0.1950E-03
      3.897  0.1984E-01  0.1163E-01  0.1070E-01  0.1065E-01  0.6457E-02  0.6387E-02  0.1051E-01  0.1426E-01  0.7049E-04  0.1095E-03  0.1840E-02  0.1067E-02  0.2810E-02  0.1589E-02  0.2304E-02  0.1384E-02  0.9092E-04  0.1796E-03
      3.907  0.2175E-01  0.9484E-02  0.1319E-01  0.8857E-02  0.6167E-02  0.5313E-02  0.1332E-01  0.1289E-01  0.8856E-04  0.9944E-04  0.2240E-02  0.9036E-03  0.3446E-02  0.1372E-02  0.2808E-02  0.1298E-02  0.8276E-04  0.1571E-03
      3.917  0.2187E-01  0.7412E-02  0.1755E-01  0.7212E-02  0.5967E-02  0.4452E-02  0.1254E-01  0.1133E-01  0.9118E-04  0.8670E-04  0.2672E-02  0.7706E-03  0.3646E-02  0.1144E-02  0.2747E-02  0.1186E-02  0.7193E-04  0.1307E-03
      3.927  0.1927E-01  0.1034E-01  0.1584E-01  0.9053E-02  0.5573E-02  0.4613E-02  0.1141E-01  0.1402E-01  0.7913E-04  0.1199E-03  0.2366E-02  0.7260E-03  0.3194E-02  0.1494E-02  0.2502E-02  0.1142E-02  0.6231E-04  0.1266E-03
      3.937  0.1604E-01  0.1194E-01  0.1417E-01  0.9704E-02  0.5074E-02  0.4743E-02  0.1028E-01  0.1530E-01  0.6708E-04  0.1280E-03  0.2078E-02  0.6725E-03  0.2644E-02  0.1639E-02  0.2270E-02  0.1090E-02  0.5307E-04  0.1172E-03
      3.947  0.1220E-01  0.1331E-01  0.1252E-01  0.1133E-01  0.4468E-02  0.4891E-02  0.9152E-02  0.1657E-01  0.5503E-04  0.1284E-03  0.1810E-02  0.6179E-03  0.1996E-02  0.1736E-02  0.2052E-02  0.1023E-02  0.4419E-04  0.1030E-03
      3.957  0.7746E-02  0.1585E-01  0.1090E-01  0.1479E-01  0.3756E-02  0.5308E-02  0.8025E-02  0.1828E-01  0.4298E-04  0.1274E-03  0.1560E-02  0.5859E-03  0.1250E-02  0.1942E-02  0.1848E-02  0.9739E-03  0.3569E-04  0.1086E-03
      3.967  0.4077E-02  0.2371E-01  0.9719E-02  0.2103E-01  0.3148E-02  0.3896E-02  0.7189E-02  0.1750E-01  0.3404E-04  0.1278E-03  0.1377E-02  0.1497E-03  0.6383E-03  0.2565E-02  0.1691E-02  0.1503E-03  0.2959E-04  0.1341E-03
      3.977  0.3364E-02  0.2114E-01  0.9221E-02  0.1930E-01  0.1480E-02  0.3571E-02  0.6605E-02  0.1605E-01  0.2893E-04  0.1146E-03  0.1037E-02  0.1681E-03  0.5875E-03  0.2295E-02  0.1128E-02  0.1735E-03  0.2583E-04  0.1189E-03
      3.987  0.2963E-02  0.1844E-01  0.9037E-02  0.1767E-01  0.7373E-03  0.3201E-02  0.6327E-02  0.1467E-01  0.2283E-04  0.1018E-03  0.8680E-03  0.1878E-03  0.5575E-03  0.2011E-02  0.8320E-03  0.1983E-03  0.2266E-04  0.1047E-03
      3.997  0.2951E-02  0.1561E-01  0.9051E-02  0.1615E-01  0.7875E-03  0.2785E-02  0.6401E-02  0.1336E-01  0.2266E-04  0.8935E-04  0.8717E-03  0.2087E-03  0.5577E-03  0.1713E-02  0.8585E-03  0.2246E-03  0.2316E-04  0.9146E-04
      4.007  0.2918E-02  0.1263E-01  0.8893E-02  0.1472E-01  0.8308E-03  0.2323E-02  0.6450E-02  0.1212E-01  0.2247E-04  0.7729E-04  0.8682E-03  0.2309E-03  0.5540E-03  0.1400E-02  0.8808E-03  0.2524E-03  0.2357E-04  0.7924E-04
      4.017  0.2767E-02  0.9525E-02  0.8169E-02  0.1340E-01  0.8250E-03  0.1816E-02  0.6199E-02  0.1095E-01  0.2206E-04  0.6561E-04  0.8368E-03  0.2543E-03  0.5276E-03  0.1073E-02  0.8726E-03  0.2816E-03  0.2321E-04  0.6801E-04
      4.027  0.2616E-02  0.6280E-02  0.7472E-02  0.1219E-01  0.8174E-03  0.1263E-02  0.5955E-02  0.9849E-02  0.2163E-04  0.5431E-04  0.8069E-03  0.2791E-03  0.5011E-03  0.7320E-03  0.8636E-03  0.3124E-03  0.2282E-04  0.5777E-04
      4.037  0.3298E-02  0.5677E-02  0.1108E-01  0.1232E-01  0.9454E-03  0.1202E-02  0.8481E-02  0.9895E-02  0.4699E-04  0.5287E-04  0.1004E-02  0.3086E-03  0.6750E-03  0.6713E-03  0.9949E-03  0.3478E-03  0.4118E-04  0.5692E-04
      4.047  0.5024E-02  0.5637E-02  0.1909E-01  0.1272E-01  0.1244E-02  0.1251E-02  0.1384E-01  0.1017E-01  0.9751E-04  0.5342E-04  0.1434E-02  0.3399E-03  0.1101E-02  0.6703E-03  0.1271E-02  0.3852E-03  0.7835E-04  0.5786E-04
      4.057  0.6979E-02  0.5583E-02  0.2693E-01  0.1311E-01  0.1577E-02  0.1301E-02  0.1911E-01  0.1043E-01  0.1454E-03  0.5390E-04  0.1858E-02  0.3721E-03  0.1583E-02  0.6679E-03  0.1542E-02  0.4237E-03  0.1142E-03  0.5874E-04
      4.067  0.9159E-02  0.5516E-02  0.3460E-01  0.1349E-01  0.1946E-02  0.1350E-02  0.2422E-01  0.1069E-01  0.1905E-03  0.5433E-04  0.2273E-02  0.4052E-03  0.2121E-02  0.6641E-03  0.1802E-02  0.4635E-03  0.1488E-03  0.5956E-04
      4.077  0.1155E-01  0.5436E-02  0.4196E-01  0.1386E-01  0.2348E-02  0.1399E-02  0.2882E-01  0.1094E-01  0.2321E-03  0.5469E-04  0.2656E-02  0.4393E-03  0.2709E-02  0.6588E-03  0.2018E-02  0.5046E-03  0.1816E-03  0.6031E-04
      4.087  0.9545E-02  0.5342E-02  0.3367E-01  0.1422E-01  0.2111E-02  0.1448E-02  0.2583E-01  0.1118E-01  0.2209E-03  0.5499E-04  0.2219E-02  0.4744E-03  0.2484E-02  0.6521E-03  0.1862E-02  0.5468E-03  0.1695E-03  0.6101E-04
      4.097  0.7020E-02  0.5235E-02  0.2222E-01  0.1457E-01  0.1858E-02  0.1498E-02  0.2035E-01  0.1142E-01  0.1879E-03  0.5523E-04  0.1603E-02  0.5103E-03  0.2110E-02  0.6440E-03  0.1575E-02  0.5903E-03  0.1525E-03  0.6164E-04
      4.107  0.6218E-02  0.5114E-02  0.1368E-01  0.1491E-01  0.1815E-02  0.1547E-02  0.1101E-01  0.1164E-01  0.1358E-03  0.5541E-04  0.1154E-02  0.5473E-03  0.2201E-02  0.6345E-03  0.1075E-02  0.6351E-03  0.1157E-03  0.6221E-04
      4.117  0.6601E-02  0.4980E-02  0.1437E-01  0.1524E-01  0.1964E-02  0.1597E-02  0.1150E-01  0.1186E-01  0.1542E-03  0.5553E-04  0.1201E-02  0.5851E-03  0.2440E-02  0.6236E-03  0.1114E-02  0.6810E-03  0.1289E-03  0.6272E-04
      4.127  0.7091E-02  0.3117E-02  0.1526E-01  0.6678E-02  0.2201E-02  0.1237E-02  0.1223E-01  0.8450E-02  0.1737E-03  0.4663E-04  0.1271E-02  0.5668E-03  0.2706E-02  0.4519E-03  0.1207E-02  0.5795E-03  0.1433E-03  0.4476E-04
      4.137  0.7576E-02  0.2166E-02  0.1612E-01  0.3693E-02  0.2439E-02  0.1219E-02  0.1299E-01  0.5754E-02  0.1936E-03  0.4405E-04  0.1343E-02  0.6140E-03  0.2976E-02  0.3690E-03  0.1303E-02  0.6452E-03  0.1578E-03  0.3887E-04
      4.147  0.8060E-02  0.2173E-02  0.1698E-01  0.1294E-01  0.2701E-02  0.2233E-02  0.1377E-01  0.1195E-01  0.2140E-03  0.1171E-03  0.1433E-02  0.1008E-02  0.3249E-02  0.4609E-03  0.1417E-02  0.1050E-02  0.1725E-03  0.9756E-04
      4.157  0.8707E-02  0.2930E-02  0.1801E-01  0.2886E-01  0.3509E-02  0.3108E-02  0.1502E-01  0.2222E-01  0.2379E-03  0.2297E-03  0.1780E-02  0.1117E-02  0.3572E-02  0.6729E-03  0.1823E-02  0.1297E-02  0.1904E-03  0.1894E-03
      4.167  0.9334E-02  0.4026E-02  0.1898E-01  0.4443E-01  0.4257E-02  0.3600E-02  0.1615E-01  0.3218E-01  0.2620E-03  0.3338E-03  0.2015E-02  0.1021E-02  0.3893E-02  0.9093E-03  0.2160E-02  0.1330E-02  0.2068E-03  0.2752E-03
      4.177  0.9838E-02  0.5439E-02  0.1977E-01  0.5975E-01  0.4662E-02  0.3967E-02  0.1712E-01  0.4184E-01  0.2847E-03  0.4323E-03  0.2086E-02  0.8692E-03  0.4191E-02  0.1180E-02  0.2359E-02  0.1262E-02  0.2212E-03  0.3571E-03
      4.187  0.1040E-01  0.6603E-02  0.2088E-01  0.6918E-01  0.4836E-02  0.4227E-02  0.1843E-01  0.4923E-01  0.3123E-03  0.5060E-03  0.2076E-02  0.7221E-03  0.4562E-02  0.1423E-02  0.2448E-02  0.1180E-02  0.2443E-03  0.4149E-03
      4.197  0.1128E-01  0.3729E-02  0.2275E-01  0.3180E-01  0.4962E-02  0.3614E-02  0.2076E-01  0.2895E-01  0.3522E-03  0.3421E-03  0.2110E-02  0.6283E-03  0.5107E-02  0.1028E-02  0.2545E-02  0.1200E-02  0.2887E-03  0.2546E-03
      4.207  0.1188E-01  0.3645E-02  0.2405E-01  0.2240E-01  0.4939E-02  0.3461E-02  0.2187E-01  0.1755E-01  0.3744E-03  0.2693E-03  0.2131E-02  0.6164E-03  0.5538E-02  0.1052E-02  0.2563E-02  0.1160E-02  0.3267E-03  0.1985E-03
      4.217  0.1214E-01  0.3961E-02  0.2462E-01  0.2423E-01  0.4743E-02  0.3300E-02  0.2249E-01  0.1933E-01  0.3883E-03  0.3079E-03  0.2196E-02  0.5866E-03  0.5892E-02  0.1156E-02  0.2544E-02  0.1111E-02  0.3595E-03  0.2246E-03
      4.227  0.1238E-01  0.4278E-02  0.2503E-01  0.2597E-01  0.4562E-02  0.3202E-02  0.2306E-01  0.2110E-01  0.4022E-03  0.3472E-03  0.2254E-02  0.5278E-03  0.6244E-02  0.1261E-02  0.2516E-02  0.1094E-02  0.3912E-03  0.2521E-03
      4.237  0.1267E-01  0.4506E-02  0.2535E-01  0.2772E-01  0.4446E-02  0.2929E-02  0.2364E-01  0.2267E-01  0.4163E-03  0.3856E-03  0.2283E-02  0.4031E-03  0.6605E-02  0.1415E-02  0.2516E-02  0.8958E-03  0.4225E-03  0.2825E-03
      4.247  0.1300E-01  0.4751E-02  0.2559E-01  0.2940E-01  0.4363E-02  0.2715E-02  0.2421E-01  0.2418E-01  0.4307E-03  0.4253E-03  0.2283E-02  0.2882E-03  0.6968E-02  0.1571E-02  0.2514E-02  0.6929E-03  0.4539E-03  0.3137E-03
      4.257  0.1314E-01  0.5012E-02  0.2585E-01  0.3102E-01  0.4070E-02  0.2559E-02  0.2462E-01  0.2562E-01  0.4442E-03  0.4662E-03  0.2192E-02  0.1831E-03  0.7266E-02  0.1730E-02  0.2274E-02  0.4851E-03  0.4872E-03  0.3458E-03
      4.267  0.1333E-01  0.5341E-02  0.2603E-01  0.3263E-01  0.3857E-02  0.2648E-02  0.2496E-01  0.2720E-01  0.4578E-03  0.5124E-03  0.2106E-02  0.1608E-03  0.7579E-02  0.1897E-02  0.2019E-02  0.4431E-03  0.5204E-03  0.3794E-03
      4.278  0.1337E-01  0.5928E-02  0.2569E-01  0.3533E-01  0.3743E-02  0.2905E-02  0.2507E-01  0.3041E-01  0.4648E-03  0.5850E-03  0.1992E-02  0.1787E-03  0.7788E-02  0.2214E-02  0.1773E-02  0.4916E-03  0.5464E-03  0.4579E-03
      4.288  0.1460E-01  0.1003E-01  0.2626E-01  0.5510E-01  0.4562E-02  0.5472E-02  0.2569E-01  0.3949E-01  0.4715E-03  0.8173E-03  0.2116E-02  0.8338E-03  0.8775E-02  0.4720E-02  0.1913E-02  0.8784E-03  0.5678E-03  0.9909E-03
      4.298  0.1368E-01  0.1180E-01  0.2226E-01  0.5534E-01  0.5134E-02  0.7603E-02  0.2339E-01  0.4586E-01  0.5103E-03  0.1186E-02  0.1979E-02  0.1030E-02  0.9046E-02  0.6698E-02  0.2056E-02  0.1663E-02  0.6688E-03  0.1031E-02
      4.308  0.1090E-01  0.1009E-01  0.1708E-01  0.4488E-01  0.4249E-02  0.6887E-02  0.2088E-01  0.4037E-01  0.5685E-03  0.1063E-02  0.1497E-02  0.9889E-03  0.9783E-02  0.6736E-02  0.1840E-02  0.1470E-02  0.7194E-03  0.9751E-03
      4.318  0.1054E-01  0.8497E-02  0.1618E-01  0.3580E-01  0.4305E-02  0.5697E-02  0.1992E-01  0.3550E-01  0.5721E-03  0.8338E-03  0.1434E-02  0.8732E-03  0.1072E-01  0.6693E-02  0.1813E-02  0.1135E-02  0.7445E-03  0.9192E-03
      4.328  0.1018E-01  0.6757E-02  0.1528E-01  0.2851E-01  0.4378E-02  0.3998E-02  0.1896E-01  0.2826E-01  0.5784E-03  0.5494E-03  0.1370E-02  0.5110E-03  0.1171E-01  0.6424E-02  0.1780E-02  0.7236E-03  0.7712E-03  0.7791E-03
      4.338  0.9841E-02  0.6130E-02  0.1437E-01  0.2524E-01  0.4468E-02  0.3321E-02  0.1799E-01  0.2695E-01  0.5874E-03  0.5033E-03  0.1303E-02  0.3307E-03  0.1276E-01  0.6244E-02  0.1741E-02  0.5329E-03  0.7996E-03  0.8022E-03
      4.348  0.9504E-02  0.5823E-02  0.1347E-01  0.2301E-01  0.4533E-02  0.2953E-02  0.1704E-01  0.2751E-01  0.5995E-03  0.5526E-03  0.1224E-02  0.2408E-03  0.1369E-01  0.5962E-02  0.1685E-02  0.4219E-03  0.8294E-03  0.9148E-03
      4.358  0.9134E-02  0.5577E-02  0.1284E-01  0.1868E-01  0.3816E-02  0.2783E-02  0.1641E-01  0.2541E-01  0.6181E-03  0.7141E-03  0.1010E-02  0.1627E-03  0.1038E-01  0.6416E-02  0.1492E-02  0.3279E-03  0.8587E-03  0.1253E-02
      4.368  0.9124E-02  0.6012E-02  0.1235E-01  0.1780E-01  0.4027E-02  0.2961E-02  0.1596E-01  0.2450E-01  0.6499E-03  0.8346E-03  0.9879E-03  0.1359E-03  0.1067E-01  0.7142E-02  0.1499E-02  0.3083E-03  0.9003E-03  0.1451E-02
      4.378  0.2398E-01  0.6693E-02  0.4923E-01  0.1853E-01  0.1380E-01  0.3386E-02  0.6174E-01  0.2522E-01  0.2172E-02  0.9760E-03  0.4068E-02  0.1658E-03  0.7553E-01  0.7904E-02  0.5819E-02  0.4070E-03  0.2660E-02  0.1645E-02
      4.388  0.1602E-01  0.7328E-02  0.2047E-01  0.1940E-01  0.9115E-02  0.3819E-02  0.2693E-01  0.2565E-01  0.1328E-02  0.1119E-02  0.1764E-02  0.2068E-03  0.3333E-01  0.8574E-02  0.2748E-02  0.5257E-03  0.1739E-02  0.1825E-02
      4.398  0.8633E-02  0.1008E-01  0.1083E-01  0.2439E-01  0.3730E-02  0.6284E-02  0.1278E-01  0.2816E-01  0.7262E-03  0.1368E-02  0.1036E-02  0.7057E-03  0.1694E-01  0.1102E-01  0.1403E-02  0.9783E-03  0.1175E-02  0.1987E-02
      4.408  0.6592E-02  0.1138E-01  0.6636E-02  0.2555E-01  0.2500E-02  0.8836E-02  0.7717E-02  0.2885E-01  0.4951E-03  0.1535E-02  0.6992E-03  0.1010E-02  0.1107E-01  0.1279E-01  0.9923E-03  0.1373E-02  0.7904E-03  0.2175E-02
      4.418  0.3098E-02  0.1327E-01  0.1767E-02  0.3081E-01  0.5526E-03  0.1356E-01  0.1250E-02  0.3646E-01  0.9973E-04  0.2056E-02  0.2487E-03  0.1444E-02  0.2512E-02  0.2569E-01  0.2054E-03  0.2007E-02  0.3665E-04  0.3156E-02
      4.428  0.2670E-02  0.7956E-02  0.1315E-02  0.4048E-01  0.3511E-03  0.1128E-01  0.1002E-02  0.4028E-01  0.8892E-04  0.2855E-02  0.1837E-03  0.1397E-02  0.2117E-02  0.6096E-01  0.1967E-03  0.3285E-02  0.3119E-04  0.3657E-02
      4.438  0.2450E-02  0.3347E-02  0.1290E-02  0.1269E-01  0.2917E-03  0.4185E-02  0.1350E-02  0.1248E-01  0.1563E-03  0.1289E-02  0.2016E-03  0.2661E-03  0.2022E-02  0.1943E-01  0.5592E-03  0.7267E-03  0.4947E-04  0.1929E-02
      4.448  0.2845E-02  0.1569E-03  0.2690E-02  0.1212E-02  0.4936E-03  0.2268E-03  0.2498E-02  0.1071E-02  0.3227E-03  0.1679E-03  0.7308E-03  0.1507E-04  0.2678E-02  0.2849E-02  0.1199E-02  0.2234E-04  0.1574E-03  0.1482E-03
      4.458  0.3719E-02  0.5592E-04  0.4953E-02  0.9831E-03  0.8312E-03  0.8394E-04  0.4255E-02  0.7467E-03  0.5831E-03  0.1642E-03  0.1546E-02  0.1880E-04  0.3746E-02  0.2226E-02  0.1998E-02  0.1701E-04  0.3591E-03  0.5905E-04
      4.468  0.4716E-02  0.7074E-03  0.7069E-02  0.3633E-02  0.1163E-02  0.3382E-03  0.6133E-02  0.5881E-02  0.8820E-03  0.4164E-03  0.2235E-02  0.1924E-03  0.4843E-02  0.4940E-02  0.2708E-02  0.2869E-03  0.5901E-03  0.2248E-03
      4.478  0.5878E-02  0.1615E-02  0.9107E-02  0.8704E-02  0.1596E-02  0.7010E-03  0.8313E-02  0.1239E-01  0.1263E-02  0.8267E-03  0.2888E-02  0.4493E-03  0.6528E-02  0.9746E-02  0.3460E-02  0.6337E-03  0.8630E-03  0.5177E-03
      4.488  0.5978E-02  0.3047E-02  0.7391E-02  0.1822E-01  0.1291E-02  0.1308E-02  0.4978E-02  0.2166E-01  0.7916E-03  0.1667E-02  0.2467E-02  0.9584E-03  0.4342E-02  0.1990E-01  0.2659E-02  0.1227E-02  0.7651E-03  0.1115E-02
      4.498  0.6564E-02  0.3941E-02  0.7328E-02  0.2242E-01  0.1353E-02  0.1991E-02  0.4530E-02  0.2444E-01  0.7689E-03  0.2102E-02  0.2470E-02  0.1501E-02  0.4075E-02  0.2262E-01  0.2598E-02  0.1963E-02  0.7936E-03  0.1641E-02
      4.508  0.4957E-02  0.3340E-02  0.4052E-02  0.1725E-01  0.1220E-02  0.1742E-02  0.2993E-02  0.1661E-01  0.4826E-03  0.1556E-02  0.1679E-02  0.1378E-02  0.3383E-02  0.1525E-01  0.2142E-02  0.1867E-02  0.3739E-03  0.1534E-02
      4.518  0.4387E-02  0.2790E-02  0.2976E-02  0.1181E-01  0.1671E-02  0.1516E-02  0.2773E-02  0.1151E-01  0.3886E-03  0.1171E-02  0.1735E-02  0.1165E-02  0.3030E-02  0.1127E-01  0.2624E-02  0.1724E-02  0.2163E-03  0.1066E-02
      4.528  0.4247E-02  0.2294E-02  0.2792E-02  0.6011E-02  0.1611E-02  0.1378E-02  0.2661E-02  0.6937E-02  0.3679E-03  0.6559E-03  0.1680E-02  0.9372E-03  0.2795E-02  0.8116E-02  0.2611E-02  0.1572E-02  0.2041E-03  0.3753E-03
      4.538  0.4097E-02  0.2244E-02  0.2611E-02  0.5610E-02  0.1547E-02  0.1351E-02  0.2545E-02  0.6462E-02  0.3472E-03  0.6170E-03  0.1622E-02  0.9178E-03  0.2567E-02  0.7376E-02  0.2584E-02  0.1576E-02  0.1920E-03  0.3554E-03
      4.548  0.3954E-02  0.2192E-02  0.2514E-02  0.5222E-02  0.1481E-02  0.1318E-02  0.2456E-02  0.5995E-02  0.3287E-03  0.5792E-03  0.1574E-02  0.8956E-03  0.2371E-02  0.6664E-02  0.2550E-02  0.1571E-02  0.1820E-03  0.3362E-03
      4.558  0.3839E-02  0.2138E-02  0.2633E-02  0.4848E-02  0.1417E-02  0.1280E-02  0.2442E-02  0.5535E-02  0.3157E-03  0.5423E-03  0.1560E-02  0.8704E-03  0.2246E-02  0.5980E-02  0.2516E-02  0.1557E-02  0.1771E-03  0.3177E-03
      4.568  0.3722E-02  0.2125E-02  0.2778E-02  0.4510E-02  0.1350E-02  0.1239E-02  0.2435E-02  0.5098E-02  0.3034E-03  0.5079E-03  0.1546E-02  0.8434E-03  0.2134E-02  0.5355E-02  0.2472E-02  0.1541E-02  0.1727E-03  0.3017E-03
      4.578  0.3775E-02  0.2153E-02  0.3005E-02  0.4209E-02  0.1284E-02  0.1194E-02  0.2610E-02  0.4683E-02  0.2954E-03  0.4760E-03  0.1545E-02  0.8145E-03  0.2104E-02  0.4790E-02  0.2482E-02  0.1523E-02  0.1722E-03  0.2883E-03
      4.588  0.5121E-02  0.2276E-02  0.3379E-02  0.3954E-02  0.1238E-02  0.1146E-02  0.2951E-02  0.4316E-02  0.2986E-03  0.4485E-03  0.1579E-02  0.7987E-03  0.2279E-02  0.4320E-02  0.2509E-02  0.1496E-02  0.1828E-03  0.2790E-03
      4.598  0.1014E-01  0.2605E-02  0.4724E-02  0.3458E-02  0.1251E-02  0.1116E-02  0.3904E-02  0.3584E-02  0.3494E-03  0.4208E-03  0.1857E-02  0.7391E-03  0.2972E-02  0.3731E-02  0.2654E-02  0.1470E-02  0.2331E-03  0.2712E-03
      4.608  0.2047E-01  0.3768E-02  0.7697E-02  0.3096E-02  0.1334E-02  0.1290E-02  0.5599E-02  0.2820E-02  0.4461E-03  0.4157E-03  0.2387E-02  0.7614E-03  0.4224E-02  0.3277E-02  0.3009E-02  0.1568E-02  0.3629E-03  0.2871E-03
      4.618  0.3103E-01  0.5665E-02  0.1104E-01  0.3582E-02  0.1537E-02  0.1585E-02  0.7567E-02  0.3004E-02  0.5426E-03  0.4213E-03  0.3064E-02  0.8301E-03  0.5468E-02  0.3403E-02  0.3548E-02  0.1667E-02  0.4956E-03  0.3287E-03
      4.628  0.4180E-01  0.7663E-02  0.1481E-01  0.4423E-02  0.1731E-02  0.1814E-02  0.9722E-02  0.3349E-02  0.6327E-03  0.4653E-03  0.3826E-02  0.8925E-03  0.6664E-02  0.4081E-02  0.4101E-02  0.1676E-02  0.6283E-03  0.3805E-03
      4.638  0.5362E-01  0.9880E-02  0.2003E-01  0.5369E-02  0.2020E-02  0.2055E-02  0.1329E-01  0.3769E-02  0.7948E-03  0.5128E-03  0.4983E-02  0.9624E-03  0.8095E-02  0.4796E-02  0.4852E-02  0.1695E-02  0.8388E-03  0.4402E-03
      4.648  0.6588E-01  0.1343E-01  0.2592E-01  0.6971E-02  0.2337E-02  0.2354E-02  0.1737E-01  0.4738E-02  0.9710E-03  0.5984E-03  0.6289E-02  0.1103E-02  0.9531E-02  0.5719E-02  0.5708E-02  0.1777E-02  0.1066E-02  0.5679E-03
      4.658  0.7435E-01  0.1709E-01  0.2641E-01  0.8683E-02  0.2504E-02  0.2662E-02  0.1974E-01  0.5772E-02  0.1102E-02  0.6873E-03  0.6768E-02  0.1246E-02  0.1053E-01  0.6651E-02  0.6212E-02  0.1862E-02  0.1218E-02  0.7028E-03
      4.668  0.4999E-01  0.2083E-01  0.1997E-01  0.1048E-01  0.2061E-02  0.2976E-02  0.1877E-01  0.6854E-02  0.1148E-02  0.7776E-03  0.5610E-02  0.1390E-02  0.9288E-02  0.7585E-02  0.5631E-02  0.1950E-02  0.1525E-02  0.8423E-03
      4.678  0.4354E-01  0.2407E-01  0.1860E-01  0.1202E-01  0.2061E-02  0.3082E-02  0.1937E-01  0.7853E-02  0.1157E-02  0.8695E-03  0.5477E-02  0.1491E-02  0.9080E-02  0.8472E-02  0.5714E-02  0.1946E-02  0.1535E-02  0.1025E-02
      4.688  0.3765E-01  0.2682E-01  0.1799E-01  0.1325E-01  0.2064E-02  0.3001E-02  0.1988E-01  0.8758E-02  0.1169E-02  0.9643E-03  0.5519E-02  0.1553E-02  0.8890E-02  0.9325E-02  0.5783E-02  0.1860E-02  0.1555E-02  0.1252E-02
      4.698  0.3119E-01  0.2960E-01  0.2048E-01  0.1445E-01  0.2102E-02  0.2927E-02  0.2275E-01  0.9680E-02  0.1204E-02  0.1062E-02  0.6256E-02  0.1614E-02  0.7953E-02  0.1019E-01  0.6219E-02  0.1775E-02  0.1593E-02  0.1487E-02
      4.708  0.2584E-01  0.3242E-01  0.2378E-01  0.1562E-01  0.2159E-02  0.2860E-02  0.2784E-01  0.1062E-01  0.1264E-02  0.1163E-02  0.7294E-02  0.1674E-02  0.6704E-02  0.1107E-01  0.7026E-02  0.1693E-02  0.1650E-02  0.1732E-02
      4.718  0.2359E-01  0.3306E-01  0.2497E-01  0.1642E-01  0.2081E-02  0.2571E-02  0.2755E-01  0.1140E-01  0.1267E-02  0.1282E-02  0.7639E-02  0.1627E-02  0.6469E-02  0.1161E-01  0.6926E-02  0.1529E-02  0.1660E-02  0.2153E-02
      4.728  0.1946E-01  0.2885E-01  0.2201E-01  0.1251E-01  0.1807E-02  0.1908E-02  0.2441E-01  0.1038E-01  0.1169E-02  0.1155E-02  0.7094E-02  0.1381E-02  0.6307E-02  0.1032E-01  0.6313E-02  0.1305E-02  0.1444E-02  0.1996E-02
      4.738  0.1536E-01  0.2502E-01  0.1947E-01  0.1241E-01  0.1520E-02  0.1446E-02  0.2158E-01  0.1047E-01  0.1050E-02  0.1131E-02  0.6555E-02  0.1266E-02  0.5873E-02  0.9162E-02  0.5736E-02  0.1120E-02  0.1240E-02  0.1944E-02
      4.748  0.1349E-01  0.2223E-01  0.1831E-01  0.1235E-01  0.1334E-02  0.1180E-02  0.2062E-01  0.1058E-01  0.1047E-02  0.1105E-02  0.6178E-02  0.1199E-02  0.5536E-02  0.7688E-02  0.5373E-02  0.1053E-02  0.1162E-02  0.1865E-02
      4.758  0.1366E-01  0.2017E-01  0.1873E-01  0.1260E-01  0.1386E-02  0.1214E-02  0.2037E-01  0.1051E-01  0.1026E-02  0.1126E-02  0.6725E-02  0.1086E-02  0.5344E-02  0.7230E-02  0.5452E-02  0.9267E-03  0.1142E-02  0.1799E-02
      4.768  0.1983E-01  0.1771E-01  0.2170E-01  0.1356E-01  0.1749E-02  0.1145E-02  0.2138E-01  0.1005E-01  0.1147E-02  0.1143E-02  0.8116E-02  0.1036E-02  0.5799E-02  0.7034E-02  0.6027E-02  0.8269E-03  0.1190E-02  0.1710E-02
      4.778  0.2019E-01  0.1766E-01  0.2083E-01  0.2052E-01  0.1813E-02  0.1345E-02  0.2027E-01  0.1942E-01  0.1104E-02  0.1278E-02  0.8122E-02  0.1510E-02  0.5653E-02  0.6576E-02  0.5972E-02  0.1179E-02  0.1096E-02  0.1820E-02
      4.788  0.2100E-01  0.1398E-01  0.2001E-01  0.1837E-01  0.1886E-02  0.1148E-02  0.1918E-01  0.1783E-01  0.1078E-02  0.1086E-02  0.8150E-02  0.1435E-02  0.5504E-02  0.5848E-02  0.5940E-02  0.1153E-02  0.1069E-02  0.1298E-02
      4.798  0.2108E-01  0.1509E-01  0.1976E-01  0.2088E-01  0.1947E-02  0.1706E-02  0.1841E-01  0.2481E-01  0.1015E-02  0.2082E-02  0.9575E-02  0.1850E-02  0.5133E-02  0.5692E-02  0.6428E-02  0.1511E-02  0.1033E-02  0.1906E-02
      4.808  0.2075E-01  0.1614E-01  0.1961E-01  0.2027E-01  0.1954E-02  0.1820E-02  0.1810E-01  0.2479E-01  0.9316E-03  0.2138E-02  0.1118E-01  0.2146E-02  0.4628E-02  0.5309E-02  0.7687E-02  0.1683E-02  0.9642E-03  0.1928E-02
      4.818  0.1957E-01  0.2055E-01  0.1819E-01  0.2112E-01  0.1831E-02  0.2054E-02  0.1646E-01  0.2535E-01  0.8211E-03  0.2219E-02  0.1113E-01  0.2630E-02  0.4067E-02  0.5104E-02  0.7688E-02  0.1993E-02  0.8688E-03  0.2029E-02
      4.828  0.1862E-01  0.2241E-01  0.1715E-01  0.2097E-01  0.1728E-02  0.2134E-02  0.1540E-01  0.2507E-01  0.7515E-03  0.2181E-02  0.1113E-01  0.3022E-02  0.3534E-02  0.4747E-02  0.7807E-02  0.2240E-02  0.8120E-03  0.2019E-02
      4.838  0.1780E-01  0.2030E-01  0.1623E-01  0.2006E-01  0.1631E-02  0.2017E-02  0.1459E-01  0.2400E-01  0.6967E-03  0.2034E-02  0.1113E-01  0.3344E-02  0.3008E-02  0.4152E-02  0.7979E-02  0.2430E-02  0.7688E-03  0.1891E-02
      4.848  0.1778E-01  0.1818E-01  0.1993E-01  0.1918E-01  0.2107E-02  0.1885E-02  0.1638E-01  0.2293E-01  0.7699E-03  0.1885E-02  0.1541E-01  0.3676E-02  0.4646E-02  0.3556E-02  0.1013E-01  0.2625E-02  0.9259E-03  0.1764E-02
      4.858  0.1760E-01  0.1603E-01  0.1972E-01  0.1831E-01  0.2226E-02  0.1739E-02  0.1671E-01  0.2187E-01  0.8116E-03  0.1734E-02  0.1590E-01  0.4017E-02  0.5571E-02  0.2958E-02  0.1098E-01  0.2825E-02  0.9919E-03  0.1640E-02
      4.868  0.1750E-01  0.1456E-01  0.1930E-01  0.1766E-01  0.2338E-02  0.1654E-02  0.1719E-01  0.2095E-01  0.8651E-03  0.1599E-02  0.1606E-01  0.4375E-02  0.6561E-02  0.2396E-02  0.1186E-01  0.3034E-02  0.1063E-02  0.1542E-02
      4.878  0.1586E-01  0.1343E-01  0.1087E-01  0.1700E-01  0.1236E-02  0.1597E-02  0.9461E-02  0.1999E-01  0.5343E-03  0.1468E-02  0.9917E-02  0.4694E-02  0.3602E-02  0.1851E-02  0.7725E-02  0.3215E-02  0.6038E-03  0.1454E-02
      4.888  0.1375E-01  0.1235E-01  0.6958E-02  0.1609E-01  0.8085E-03  0.1530E-02  0.6082E-02  0.1876E-01  0.3534E-03  0.1343E-02  0.7791E-02  0.4863E-02  0.1331E-02  0.1429E-02  0.5540E-02  0.3321E-02  0.4222E-03  0.1366E-02
      4.898  0.1330E-01  0.1143E-01  0.6244E-02  0.1538E-01  0.7603E-03  0.1461E-02  0.5637E-02  0.1767E-01  0.3255E-03  0.1255E-02  0.7775E-02  0.5038E-02  0.1215E-02  0.1353E-02  0.5577E-02  0.3433E-02  0.3935E-03  0.1295E-02
      4.908  0.1547E-01  0.1054E-01  0.5874E-02  0.1466E-01  0.9231E-03  0.1389E-02  0.5508E-02  0.1658E-01  0.3448E-03  0.1167E-02  0.8258E-02  0.5213E-02  0.1216E-02  0.1277E-02  0.6135E-02  0.3545E-02  0.4090E-03  0.1222E-02
      4.918  0.1969E-01  0.1294E-01  0.6441E-02  0.3270E-01  0.1738E-02  0.2327E-02  0.6004E-02  0.2925E-01  0.3973E-03  0.2213E-02  0.9941E-02  0.8794E-02  0.1357E-02  0.1029E-01  0.8447E-02  0.5678E-02  0.4551E-03  0.3266E-02
      4.928  0.3388E-01  0.1363E-01  0.8649E-02  0.2346E-01  0.6106E-02  0.2112E-02  0.8681E-02  0.3850E-01  0.5660E-03  0.3110E-02  0.2051E-01  0.7091E-02  0.2048E-02  0.1198E-01  0.1598E-01  0.8156E-02  0.6156E-03  0.2802E-02
      4.938  0.4469E-01  0.7152E-02  0.1101E-01  0.6467E-02  0.1137E-01  0.9045E-03  0.1189E-01  0.7424E-02  0.7450E-03  0.5594E-03  0.3174E-01  0.4853E-02  0.2486E-02  0.6638E-03  0.2240E-01  0.3103E-02  0.8078E-03  0.6263E-03
      4.948  0.6405E-01  0.6502E-02  0.2094E-01  0.6093E-02  0.2503E-01  0.8306E-03  0.1876E-01  0.6783E-02  0.1475E-02  0.4811E-03  0.5203E-01  0.5039E-02  0.3787E-02  0.6131E-03  0.4431E-01  0.3199E-02  0.1505E-02  0.5623E-03
      4.958  0.7109E-01  0.6457E-02  0.2593E-01  0.6665E-02  0.2333E-01  0.1346E-02  0.2291E-01  0.6828E-02  0.1780E-02  0.4775E-03  0.5740E-01  0.5843E-02  0.5607E-02  0.5991E-03  0.4654E-01  0.3818E-02  0.2068E-02  0.5775E-03
      4.968  0.7034E-01  0.1036E-01  0.2761E-01  0.1167E-01  0.3432E-01  0.3457E-02  0.2319E-01  0.8760E-02  0.1731E-02  0.7907E-03  0.5407E-01  0.9099E-02  0.5788E-02  0.7925E-03  0.4491E-01  0.6749E-02  0.2037E-02  0.8161E-03
      4.978  0.5293E-01  0.1618E-01  0.1752E-01  0.1299E-01  0.1484E-01  0.4514E-02  0.1493E-01  0.9648E-02  0.1023E-02  0.1091E-02  0.3410E-01  0.1210E-01  0.3898E-02  0.1084E-02  0.2915E-01  0.1002E-01  0.1398E-02  0.1011E-02
      4.988  0.5811E-01  0.1937E-01  0.1975E-01  0.1234E-01  0.4293E-01  0.4360E-02  0.1910E-01  0.9900E-02  0.1092E-02  0.1189E-02  0.2493E-01  0.1381E-01  0.3077E-02  0.1866E-02  0.3011E-01  0.1074E-01  0.1118E-02  0.1162E-02
      4.998  0.5347E-01  0.2373E-01  0.2106E-01  0.1161E-01  0.6802E-01  0.4091E-02  0.2417E-01  0.1031E-01  0.1515E-02  0.1270E-02  0.2725E-01  0.1534E-01  0.3373E-02  0.3137E-02  0.3453E-01  0.1139E-01  0.1548E-02  0.1332E-02
      5.008  0.3155E-01  0.2502E-01  0.1078E-01  0.1169E-01  0.1410E-01  0.4040E-02  0.1291E-01  0.1051E-01  0.9492E-03  0.1307E-02  0.1734E-01  0.1646E-01  0.2450E-02  0.3767E-02  0.1851E-01  0.1189E-01  0.9605E-03  0.1452E-02
      5.018  0.2999E-01  0.2698E-01  0.1115E-01  0.1168E-01  0.9149E-02  0.5140E-02  0.1295E-01  0.1063E-01  0.1331E-02  0.1332E-02  0.2359E-01  0.1772E-01  0.3328E-02  0.4327E-02  0.2243E-01  0.1260E-01  0.1194E-02  0.1547E-02
      5.028  0.4051E-01  0.2884E-01  0.4137E-01  0.1152E-01  0.1128E-01  0.6361E-02  0.2661E-01  0.1066E-01  0.2755E-02  0.1331E-02  0.5811E-01  0.1903E-01  0.9595E-02  0.4819E-02  0.3919E-01  0.1335E-01  0.4448E-02  0.1621E-02
      5.038  0.4378E-01  0.3146E-01  0.3385E-01  0.1177E-01  0.9439E-02  0.7940E-02  0.2375E-01  0.1075E-01  0.2394E-02  0.1389E-02  0.5847E-01  0.2075E-01  0.1181E-01  0.5251E-02  0.4126E-01  0.1446E-01  0.2550E-02  0.1712E-02
      5.048  0.3079E-01  0.3619E-01  0.1770E-01  0.1417E-01  0.5366E-02  0.1089E-01  0.1851E-01  0.1204E-01  0.2027E-02  0.1562E-02  0.3697E-01  0.2464E-01  0.6214E-02  0.5714E-02  0.3427E-01  0.1693E-01  0.1958E-02  0.1962E-02
      5.058  0.2979E-01  0.5134E-01  0.1752E-01  0.1797E-01  0.5799E-02  0.2009E-01  0.1976E-01  0.1503E-01  0.1961E-02  0.1908E-02  0.3317E-01  0.3709E-01  0.6439E-02  0.6430E-02  0.3262E-01  0.2471E-01  0.1844E-02  0.2403E-02
      5.068  0.2682E-01  0.9053E-01  0.1926E-01  0.2385E-01  0.7888E-02  0.4373E-01  0.2168E-01  0.2083E-01  0.2223E-02  0.2820E-02  0.3135E-01  0.5413E-01  0.6868E-02  0.7520E-02  0.3048E-01  0.4462E-01  0.1882E-02  0.3179E-02
      5.078  0.2483E-01  0.7903E-01  0.2131E-01  0.2365E-01  0.9112E-02  0.3927E-01  0.2046E-01  0.2030E-01  0.2791E-02  0.2380E-02  0.3067E-01  0.4061E-01  0.8180E-02  0.4816E-02  0.2966E-01  0.3675E-01  0.2149E-02  0.2541E-02
      5.088  0.2864E-01  0.5060E-01  0.1612E-01  0.2267E-01  0.5628E-02  0.1971E-01  0.1494E-01  0.1849E-01  0.2186E-02  0.1998E-02  0.3044E-01  0.3114E-01  0.8831E-02  0.4029E-02  0.3256E-01  0.2822E-01  0.2140E-02  0.2224E-02
      5.098  0.3338E-01  0.3113E-01  0.1489E-01  0.2153E-01  0.3730E-02  0.8833E-02  0.1200E-01  0.1720E-01  0.2139E-02  0.1750E-02  0.3332E-01  0.2420E-01  0.9690E-02  0.3439E-02  0.3548E-01  0.2255E-01  0.2341E-02  0.1982E-02
      5.108  0.3954E-01  0.2697E-01  0.1551E-01  0.1708E-01  0.3928E-02  0.8058E-02  0.1242E-01  0.1535E-01  0.2464E-02  0.1554E-02  0.3812E-01  0.2350E-01  0.1138E-01  0.3098E-02  0.4048E-01  0.2229E-01  0.2711E-02  0.1674E-02
      5.118  0.3074E-01  0.2770E-01  0.1503E-01  0.2548E-01  0.3802E-02  0.8637E-02  0.1110E-01  0.2229E-01  0.2059E-02  0.3173E-02  0.2992E-01  0.4828E-01  0.1070E-01  0.4447E-02  0.3224E-01  0.3649E-01  0.2204E-02  0.2589E-02
      5.128  0.2114E-01  0.3202E-01  0.1351E-01  0.2645E-01  0.3189E-02  0.8318E-02  0.1023E-01  0.2875E-01  0.1695E-02  0.3462E-02  0.2317E-01  0.5426E-01  0.9592E-02  0.5017E-02  0.2636E-01  0.3614E-01  0.1900E-02  0.2801E-02
      5.138  0.8792E-02  0.2014E-01  0.8942E-02  0.1398E-01  0.1924E-02  0.6939E-02  0.7158E-02  0.1960E-01  0.1209E-02  0.1656E-02  0.1449E-01  0.2427E-01  0.2848E-02  0.2930E-02  0.1104E-01  0.2354E-01  0.9743E-03  0.1639E-02
      5.148  0.1841E-01  0.1555E-01  0.1218E-01  0.1570E-01  0.5219E-02  0.6859E-02  0.1039E-01  0.1423E-01  0.1963E-02  0.1450E-02  0.2694E-01  0.2277E-01  0.3990E-02  0.2573E-02  0.1858E-01  0.3490E-01  0.1388E-02  0.1580E-02
      5.158  0.2418E-01  0.9853E-02  0.1575E-01  0.1401E-01  0.7394E-02  0.4862E-02  0.1385E-01  0.1313E-01  0.2843E-02  0.1465E-02  0.3956E-01  0.1645E-01  0.4800E-02  0.1990E-02  0.2729E-01  0.2362E-01  0.1807E-02  0.1686E-02
      5.168  0.3233E-01  0.9200E-02  0.1446E-01  0.1423E-01  0.6881E-02  0.4647E-02  0.1208E-01  0.1406E-01  0.3076E-02  0.1601E-02  0.4198E-01  0.1476E-01  0.5697E-02  0.1931E-02  0.2528E-01  0.2451E-01  0.1899E-02  0.1871E-02
      5.178  0.1130E+00  0.9911E-02  0.1650E-01  0.1720E-01  0.9026E-02  0.4894E-02  0.1991E-01  0.1846E-01  0.3925E-02  0.1875E-02  0.4987E-01  0.1695E-01  0.1306E-01  0.2248E-02  0.5711E-01  0.3380E-01  0.3551E-02  0.2397E-02
      5.188  0.8249E-01  0.4043E-02  0.1268E-01  0.1080E-01  0.8117E-02  0.3199E-02  0.1432E-01  0.7514E-02  0.2751E-02  0.1429E-02  0.3896E-01  0.5737E-02  0.9235E-02  0.1099E-02  0.4556E-01  0.4195E-02  0.2286E-02  0.1289E-02
      5.198  0.5657E-01  0.4495E-02  0.8989E-02  0.1135E-01  0.6902E-02  0.3422E-02  0.8512E-02  0.8169E-02  0.1839E-02  0.1592E-02  0.2828E-01  0.6381E-02  0.6295E-02  0.1215E-02  0.2878E-01  0.4741E-02  0.1341E-02  0.1473E-02
      5.208  0.5918E-01  0.4905E-02  0.1376E-01  0.1165E-01  0.8964E-02  0.3756E-02  0.1211E-01  0.8666E-02  0.1997E-02  0.1775E-02  0.2993E-01  0.7159E-02  0.1043E-01  0.1333E-02  0.2928E-01  0.5344E-02  0.1793E-02  0.1623E-02
      5.218  0.8362E-01  0.6137E-02  0.3009E-01  0.1199E-01  0.2043E-01  0.4736E-02  0.2302E-01  0.9710E-02  0.3446E-02  0.2157E-02  0.4648E-01  0.9861E-02  0.2390E-01  0.1739E-02  0.4527E-01  0.6943E-02  0.3331E-02  0.1812E-02
      5.228  0.7525E-01  0.1928E-01  0.2705E-01  0.1736E-01  0.1945E-01  0.7107E-02  0.2346E-01  0.1718E-01  0.3251E-02  0.3841E-02  0.4200E-01  0.1827E-01  0.2231E-01  0.1074E-01  0.3707E-01  0.1313E-01  0.3188E-02  0.3372E-02
      5.238  0.6369E-01  0.2348E-01  0.2244E-01  0.2147E-01  0.1838E-01  0.8560E-02  0.2305E-01  0.1934E-01  0.2876E-02  0.4689E-02  0.3261E-01  0.2321E-01  0.1958E-01  0.1494E-01  0.2807E-01  0.1811E-01  0.2750E-02  0.4024E-02
      5.248  0.4397E-01  0.3580E-01  0.1649E-01  0.3328E-01  0.1445E-01  0.1033E-01  0.1848E-01  0.2614E-01  0.2269E-02  0.5310E-02  0.2377E-01  0.4063E-01  0.1498E-01  0.2467E-01  0.2146E-01  0.3119E-01  0.2191E-02  0.5256E-02
      5.258  0.2547E-01  0.2908E-01  0.1080E-01  0.1735E-01  0.1032E-01  0.6076E-02  0.1428E-01  0.1530E-01  0.1605E-02  0.3438E-02  0.1505E-01  0.2004E-01  0.1030E-01  0.1440E-01  0.1533E-01  0.1453E-01  0.1645E-02  0.3457E-02
      5.268  0.1996E-01  0.2698E-01  0.8077E-02  0.1516E-01  0.8255E-02  0.5321E-02  0.1328E-01  0.1245E-01  0.1911E-02  0.3227E-02  0.1143E-01  0.1726E-01  0.8404E-02  0.1240E-01  0.1537E-01  0.1179E-01  0.1623E-02  0.3066E-02
      5.278  0.2025E-01  0.2537E-01  0.7852E-02  0.1432E-01  0.7962E-02  0.5019E-02  0.1506E-01  0.1121E-01  0.2836E-02  0.3099E-02  0.1261E-01  0.1609E-01  0.8433E-02  0.1126E-01  0.2031E-01  0.1072E-01  0.2048E-02  0.2961E-02
      5.288  0.3218E-01  0.4235E-01  0.2074E-01  0.2436E-01  0.1206E-01  0.5145E-02  0.3039E-01  0.1792E-01  0.5713E-02  0.4108E-02  0.3456E-01  0.3294E-01  0.1458E-01  0.1221E-01  0.6133E-01  0.2594E-01  0.5152E-02  0.3870E-02
      5.298  0.2689E-01  0.5600E-01  0.1501E-01  0.2997E-01  0.1050E-01  0.5253E-02  0.2320E-01  0.1996E-01  0.4339E-02  0.5349E-02  0.2546E-01  0.4807E-01  0.1129E-01  0.1324E-01  0.4475E-01  0.2981E-01  0.3682E-02  0.6247E-02
      5.308  0.2339E-01  0.4418E-01  0.1030E-01  0.1740E-01  0.1032E-01  0.5165E-02  0.1549E-01  0.1520E-01  0.2971E-02  0.3763E-02  0.1836E-01  0.3578E-01  0.8453E-02  0.1066E-01  0.2871E-01  0.2697E-01  0.2366E-02  0.3590E-02
      5.318  0.2259E-01  0.5481E-01  0.9431E-02  0.1936E-01  0.1196E-01  0.6549E-02  0.1362E-01  0.2255E-01  0.2288E-02  0.5200E-02  0.2291E-01  0.4452E-01  0.7363E-02  0.1057E-01  0.2563E-01  0.5466E-01  0.2429E-02  0.5461E-02
      5.328  0.2448E-01  0.4458E-01  0.9794E-02  0.1484E-01  0.1414E-01  0.6143E-02  0.1360E-01  0.1708E-01  0.2358E-02  0.4362E-02  0.2564E-01  0.3685E-01  0.7623E-02  0.9145E-02  0.2743E-01  0.4149E-01  0.2582E-02  0.3875E-02
      5.338  0.2920E-01  0.3867E-01  0.1287E-01  0.1139E-01  0.1925E-01  0.5954E-02  0.1718E-01  0.1404E-01  0.5228E-02  0.3410E-02  0.3896E-01  0.3282E-01  0.9249E-02  0.7718E-02  0.4680E-01  0.3658E-01  0.5839E-02  0.2998E-02
      5.348  0.3077E-01  0.3503E-01  0.1258E-01  0.1063E-01  0.2055E-01  0.5771E-02  0.1692E-01  0.1376E-01  0.5074E-02  0.3416E-02  0.3296E-01  0.3070E-01  0.9773E-02  0.6917E-02  0.4233E-01  0.3379E-01  0.5509E-02  0.2903E-02
      5.358  0.3202E-01  0.3342E-01  0.1184E-01  0.1064E-01  0.2172E-01  0.5652E-02  0.1609E-01  0.1441E-01  0.4602E-02  0.3661E-02  0.2743E-01  0.2956E-01  0.1018E-01  0.6851E-02  0.3596E-01  0.3139E-01  0.4941E-02  0.3212E-02
      5.368  0.3382E-01  0.3500E-01  0.1068E-01  0.1319E-01  0.2311E-01  0.5973E-02  0.1466E-01  0.1604E-01  0.4117E-02  0.4067E-02  0.2220E-01  0.2966E-01  0.1042E-01  0.8553E-02  0.2897E-01  0.2958E-01  0.4247E-02  0.3805E-02
      5.378  0.3568E-01  0.3630E-01  0.9554E-02  0.1607E-01  0.2451E-01  0.6356E-02  0.1316E-01  0.1721E-01  0.3678E-02  0.4336E-02  0.1775E-01  0.2915E-01  0.1067E-01  0.1049E-01  0.2288E-01  0.2759E-01  0.3559E-02  0.4043E-02
      5.388  0.3772E-01  0.3886E-01  0.8856E-02  0.1940E-01  0.2598E-01  0.7170E-02  0.1220E-01  0.1791E-01  0.3482E-02  0.4438E-02  0.1582E-01  0.2805E-01  0.1093E-01  0.1280E-01  0.2028E-01  0.2559E-01  0.3278E-02  0.3856E-02
      5.398  0.3296E-01  0.4310E-01  0.1075E-01  0.2180E-01  0.2386E-01  0.8854E-02  0.1246E-01  0.1769E-01  0.3288E-02  0.4296E-02  0.1532E-01  0.2594E-01  0.9410E-02  0.1499E-01  0.1826E-01  0.2376E-01  0.2954E-02  0.3197E-02
      5.408  0.2876E-01  0.5336E-01  0.1658E-01  0.2311E-01  0.2264E-01  0.1200E-01  0.1439E-01  0.2029E-01  0.3166E-02  0.5023E-02  0.1534E-01  0.2869E-01  0.8246E-02  0.1767E-01  0.1805E-01  0.3398E-01  0.2788E-02  0.3723E-02
      5.418  0.3458E-01  0.5711E-01  0.2147E-01  0.2161E-01  0.3003E-01  0.1493E-01  0.1672E-01  0.2082E-01  0.4598E-02  0.5056E-02  0.1900E-01  0.3388E-01  0.1373E-01  0.1738E-01  0.1937E-01  0.2119E-01  0.3662E-02  0.2488E-02
      5.428  0.2429E-01  0.7541E-01  0.2141E-01  0.2814E-01  0.2426E-01  0.1901E-01  0.1590E-01  0.2308E-01  0.2616E-02  0.4501E-02  0.1596E-01  0.3984E-01  0.5992E-02  0.1811E-01  0.1773E-01  0.2509E-01  0.2536E-02  0.2878E-02
      5.438  0.2212E-01  0.3440E-01  0.2106E-01  0.2075E-01  0.2481E-01  0.1125E-01  0.1586E-01  0.1868E-01  0.2600E-02  0.2973E-02  0.1583E-01  0.3732E-01  0.6069E-02  0.6731E-02  0.1763E-01  0.3278E-01  0.2445E-02  0.3052E-02
      5.448  0.2065E-01  0.1864E-01  0.2075E-01  0.2230E-01  0.2783E-01  0.4768E-02  0.1535E-01  0.2033E-01  0.2410E-02  0.2916E-02  0.1531E-01  0.4939E-01  0.6220E-02  0.5007E-02  0.1672E-01  0.5154E-01  0.2152E-02  0.3648E-02
      5.458  0.2127E-01  0.1807E-01  0.2185E-01  0.2072E-01  0.3426E-01  0.4128E-02  0.1818E-01  0.2069E-01  0.3065E-02  0.2811E-02  0.1536E-01  0.5011E-01  0.7711E-02  0.4396E-02  0.1669E-01  0.5588E-01  0.2455E-02  0.3709E-02
      5.468  0.2146E-01  0.1873E-01  0.2327E-01  0.1818E-01  0.4198E-01  0.5047E-02  0.2249E-01  0.1941E-01  0.3749E-02  0.3050E-02  0.1410E-01  0.4147E-01  0.9777E-02  0.5430E-02  0.1552E-01  0.4562E-01  0.2719E-02  0.3283E-02
      5.478  0.2115E-01  0.1975E-01  0.2323E-01  0.1837E-01  0.3917E-01  0.6825E-02  0.2450E-01  0.1948E-01  0.3797E-02  0.3418E-02  0.1190E-01  0.4278E-01  0.9973E-02  0.6333E-02  0.1348E-01  0.4397E-01  0.2811E-02  0.3299E-02
      5.488  0.2193E-01  0.2029E-01  0.2519E-01  0.1847E-01  0.3411E-01  0.8518E-02  0.2761E-01  0.1881E-01  0.4164E-02  0.3689E-02  0.9771E-02  0.4341E-01  0.9277E-02  0.6946E-02  0.1132E-01  0.3960E-01  0.3330E-02  0.3277E-02
      5.498  0.1145E-01  0.2262E-01  0.1871E-01  0.1969E-01  0.3602E-01  0.1081E-01  0.2168E-01  0.2094E-01  0.3513E-02  0.4014E-02  0.9546E-02  0.4564E-01  0.8678E-02  0.7897E-02  0.1062E-01  0.4089E-01  0.4281E-02  0.3397E-02
      5.508  0.1031E-01  0.2661E-01  0.1586E-01  0.2177E-01  0.3235E-01  0.1359E-01  0.1723E-01  0.2442E-01  0.3278E-02  0.4514E-02  0.8318E-02  0.4921E-01  0.7183E-02  0.9254E-02  0.1002E-01  0.4476E-01  0.3748E-02  0.3771E-02
      5.518  0.9397E-02  0.3136E-01  0.1312E-01  0.2361E-01  0.2922E-01  0.1684E-01  0.1332E-01  0.2768E-01  0.3183E-02  0.5098E-02  0.7172E-02  0.5095E-01  0.6045E-02  0.1067E-01  0.9464E-02  0.4822E-01  0.3468E-02  0.4284E-02
      5.528  0.9229E-02  0.3664E-01  0.1290E-01  0.2425E-01  0.2802E-01  0.2030E-01  0.1220E-01  0.2834E-01  0.3297E-02  0.4482E-02  0.6886E-02  0.5044E-01  0.5929E-02  0.1088E-01  0.9370E-02  0.4886E-01  0.3792E-02  0.4197E-02
      5.538  0.9011E-02  0.3763E-01  0.1280E-01  0.2311E-01  0.2682E-01  0.2199E-01  0.1147E-01  0.2891E-01  0.3357E-02  0.4209E-02  0.6900E-02  0.5854E-01  0.5960E-02  0.9410E-02  0.9107E-02  0.7390E-01  0.4002E-02  0.3726E-02
      5.548  0.9151E-02  0.5905E-01  0.1342E-01  0.1917E-01  0.2733E-01  0.3091E-01  0.1162E-01  0.2044E-01  0.3388E-02  0.3287E-02  0.7594E-02  0.3102E-01  0.6763E-02  0.1148E-01  0.8037E-02  0.4687E-01  0.4112E-02  0.3151E-02
      5.558  0.9328E-02  0.7260E-01  0.1252E-01  0.1764E-01  0.2612E-01  0.3495E-01  0.1125E-01  0.1800E-01  0.3265E-02  0.2940E-02  0.7377E-02  0.3144E-01  0.7308E-02  0.1358E-01  0.7451E-02  0.4293E-01  0.3863E-02  0.3114E-02
      5.568  0.9811E-02  0.6908E-01  0.1163E-01  0.1474E-01  0.2521E-01  0.3225E-01  0.1133E-01  0.1518E-01  0.3140E-02  0.2808E-02  0.7093E-02  0.2689E-01  0.8186E-02  0.1320E-01  0.6988E-02  0.3362E-01  0.3524E-02  0.3146E-02
      5.578  0.1003E-01  0.6469E-01  0.8322E-02  0.1259E-01  0.2072E-01  0.2974E-01  0.9317E-02  0.1324E-01  0.2853E-02  0.2801E-02  0.4422E-02  0.2375E-01  0.7413E-02  0.1263E-01  0.5136E-02  0.2847E-01  0.3056E-02  0.3288E-02
      5.588  0.1111E-01  0.3710E-01  0.8583E-02  0.8689E-02  0.1981E-01  0.2598E-01  0.8099E-02  0.1048E-01  0.2949E-02  0.2807E-02  0.3819E-02  0.2163E-01  0.7660E-02  0.9397E-02  0.4020E-02  0.2855E-01  0.3161E-02  0.3331E-02
      5.598  0.1257E-01  0.3577E-01  0.9253E-02  0.8540E-02  0.2011E-01  0.2741E-01  0.8205E-02  0.1046E-01  0.3329E-02  0.2853E-02  0.3638E-02  0.2547E-01  0.8595E-02  0.9400E-02  0.3771E-02  0.3457E-01  0.3727E-02  0.3445E-02
      5.608  0.1427E-01  0.2984E-01  0.1023E-01  0.7928E-02  0.2107E-01  0.2612E-01  0.8990E-02  0.1022E-01  0.3860E-02  0.2846E-02  0.3714E-02  0.2546E-01  0.9964E-02  0.8735E-02  0.3899E-02  0.3791E-01  0.4509E-02  0.3406E-02
      5.618  0.1643E-01  0.2772E-01  0.1118E-01  0.7714E-02  0.2175E-01  0.2776E-01  0.9805E-02  0.1020E-01  0.4749E-02  0.2869E-02  0.3755E-02  0.2901E-01  0.1137E-01  0.8504E-02  0.4030E-02  0.4175E-01  0.5542E-02  0.3401E-02
      5.628  0.1901E-01  0.2841E-01  0.1220E-01  0.8044E-02  0.2222E-01  0.4158E-01  0.1072E-01  0.1125E-01  0.6211E-02  0.3308E-02  0.3792E-02  0.4455E-01  0.1287E-01  0.9163E-02  0.4191E-02  0.5291E-01  0.6789E-02  0.3813E-02
      5.638  0.2160E-01  0.2710E-01  0.1375E-01  0.7426E-02  0.2284E-01  0.3695E-01  0.1229E-01  0.9722E-02  0.8159E-02  0.3063E-02  0.3926E-02  0.3567E-01  0.1458E-01  0.8718E-02  0.4430E-02  0.3619E-01  0.8281E-02  0.3481E-02
      5.648  0.2373E-01  0.2372E-01  0.1528E-01  0.6377E-02  0.2342E-01  0.2503E-01  0.1385E-01  0.7306E-02  0.1008E-01  0.2566E-02  0.4064E-02  0.1386E-01  0.1615E-01  0.8082E-02  0.4669E-02  0.1527E-01  0.9589E-02  0.2951E-02
      5.658  0.2413E-01  0.2233E-01  0.1662E-01  0.6332E-02  0.2450E-01  0.2367E-01  0.1615E-01  0.7027E-02  0.1203E-01  0.2935E-02  0.4214E-02  0.1158E-01  0.1740E-01  0.7993E-02  0.5080E-02  0.1232E-01  0.1021E-01  0.3316E-02
      5.668  0.2826E-01  0.2148E-01  0.2123E-01  0.6536E-02  0.3744E-01  0.2308E-01  0.2271E-01  0.7047E-02  0.1742E-01  0.3431E-02  0.5683E-02  0.1077E-01  0.2468E-01  0.8152E-02  0.6995E-02  0.1126E-01  0.1355E-01  0.3892E-02
      5.679  0.1535E-01  0.2082E-01  0.1901E-01  0.6806E-02  0.2180E-01  0.2251E-01  0.1688E-01  0.7130E-02  0.7158E-02  0.3975E-02  0.4804E-02  0.1006E-01  0.1500E-01  0.8397E-02  0.4274E-02  0.1029E-01  0.8397E-02  0.4519E-02
      5.689  0.1255E-01  0.2151E-01  0.1860E-01  0.7342E-02  0.1584E-01  0.2230E-01  0.1852E-01  0.7575E-02  0.6867E-02  0.5473E-02  0.4429E-02  0.9762E-02  0.1182E-01  0.9301E-02  0.4158E-02  0.1010E-01  0.7188E-02  0.5937E-02
      5.699  0.1209E-01  0.2205E-01  0.2017E-01  0.7921E-02  0.1512E-01  0.2214E-01  0.2128E-01  0.8088E-02  0.7734E-02  0.7045E-02  0.4766E-02  0.9474E-02  0.1122E-01  0.1015E-01  0.4364E-02  0.9964E-02  0.7815E-02  0.7358E-02
      5.709  0.1223E-01  0.2244E-01  0.2206E-01  0.8645E-02  0.1450E-01  0.2203E-01  0.2439E-01  0.8806E-02  0.8743E-02  0.8917E-02  0.5258E-02  0.9257E-02  0.1076E-01  0.1094E-01  0.4758E-02  0.9927E-02  0.8167E-02  0.9265E-02
      5.719  0.1212E-01  0.2299E-01  0.2118E-01  0.9622E-02  0.1336E-01  0.2225E-01  0.2103E-01  0.9807E-02  0.6360E-02  0.1102E-01  0.5216E-02  0.9258E-02  0.1018E-01  0.1181E-01  0.4507E-02  0.1012E-01  0.7514E-02  0.1126E-01
      5.729  0.1186E-01  0.3114E-01  0.1635E-01  0.1622E-01  0.1217E-01  0.3115E-01  0.1669E-01  0.1686E-01  0.3732E-02  0.1597E-01  0.4837E-02  0.1563E-01  0.9198E-02  0.1821E-01  0.4179E-02  0.1606E-01  0.4608E-02  0.1675E-01
      5.739  0.1803E-01  0.2770E-01  0.1774E-01  0.1826E-01  0.1173E-01  0.4716E-01  0.1746E-01  0.2928E-01  0.3822E-02  0.2833E-01  0.5183E-02  0.1274E-01  0.9928E-02  0.2387E-01  0.4451E-02  0.1864E-01  0.5110E-02  0.1469E-01
      5.749  0.2510E-01  0.1754E-01  0.1975E-01  0.1383E-01  0.1143E-01  0.2344E-01  0.1880E-01  0.1411E-01  0.3946E-02  0.7014E-02  0.5778E-02  0.1030E-01  0.1086E-01  0.1248E-01  0.5153E-02  0.1064E-01  0.5510E-02  0.9373E-02
      5.759  0.3137E-01  0.1489E-01  0.2211E-01  0.1293E-01  0.1139E-01  0.2041E-01  0.2041E-01  0.1257E-01  0.4109E-02  0.5616E-02  0.6761E-02  0.9009E-02  0.1165E-01  0.1048E-01  0.6273E-02  0.9035E-02  0.5744E-02  0.7653E-02
      5.769  0.3691E-01  0.1304E-01  0.2470E-01  0.1229E-01  0.1145E-01  0.1776E-01  0.2204E-01  0.1165E-01  0.4335E-02  0.4483E-02  0.7783E-02  0.8439E-02  0.1228E-01  0.9286E-02  0.7127E-02  0.8636E-02  0.6091E-02  0.6096E-02
      5.779  0.4168E-01  0.1298E-01  0.2755E-01  0.1292E-01  0.1164E-01  0.1675E-01  0.2386E-01  0.1150E-01  0.4573E-02  0.3996E-02  0.8888E-02  0.8301E-02  0.1275E-01  0.9224E-02  0.8055E-02  0.8474E-02  0.6391E-02  0.5271E-02
      5.789  0.3118E-01  0.1247E-01  0.2516E-01  0.1162E-01  0.1010E-01  0.1391E-01  0.2109E-01  0.1069E-01  0.4027E-02  0.3433E-02  0.9159E-02  0.8258E-02  0.9361E-02  0.7729E-02  0.7795E-02  0.8344E-02  0.5339E-02  0.4249E-02
      5.799  0.2468E-01  0.1207E-01  0.2444E-01  0.1049E-01  0.9229E-02  0.1119E-01  0.2018E-01  0.1001E-01  0.3921E-02  0.2989E-02  0.1045E-01  0.8132E-02  0.7074E-02  0.6383E-02  0.8111E-02  0.8163E-02  0.4592E-02  0.3498E-02
      5.809  0.3402E-01  0.1179E-01  0.3080E-01  0.9538E-02  0.1026E-01  0.8582E-02  0.2579E-01  0.9441E-02  0.5416E-02  0.2640E-02  0.1372E-01  0.7923E-02  0.8914E-02  0.5185E-02  0.1009E-01  0.7928E-02  0.4937E-02  0.2978E-02
      5.819  0.6956E-01  0.1170E-01  0.4441E-01  0.8972E-02  0.1163E-01  0.6600E-02  0.4605E-01  0.9154E-02  0.1034E-01  0.2402E-02  0.1968E-01  0.7746E-02  0.1517E-01  0.4349E-02  0.1500E-01  0.7749E-02  0.6780E-02  0.2632E-02
      5.829  0.2850E-01  0.3059E-01  0.5534E-01  0.1186E-01  0.1032E-01  0.9345E-02  0.3670E-01  0.1259E-01  0.6479E-02  0.3027E-02  0.3006E-01  0.8157E-02  0.3997E-02  0.6592E-02  0.1593E-01  0.9531E-02  0.5878E-02  0.4083E-02
      5.839  0.1447E-01  0.5045E-01  0.3665E-01  0.1627E-01  0.1142E-01  0.1237E-01  0.2785E-01  0.1582E-01  0.4869E-02  0.4277E-02  0.2267E-01  0.9307E-02  0.4149E-02  0.8622E-02  0.1419E-01  0.9777E-02  0.4108E-02  0.5649E-02
      5.849  0.7655E-02  0.3745E-01  0.3424E-01  0.1633E-01  0.1419E-01  0.1060E-01  0.3344E-01  0.1494E-01  0.4105E-02  0.3936E-02  0.1935E-01  0.9269E-02  0.4769E-02  0.6816E-02  0.1739E-01  0.9242E-02  0.3962E-02  0.5236E-02
      5.859  0.7111E-02  0.3434E-01  0.3944E-01  0.1732E-01  0.1786E-01  0.1061E-01  0.3750E-01  0.1626E-01  0.4597E-02  0.4343E-02  0.2257E-01  0.1008E-01  0.5151E-02  0.6141E-02  0.2141E-01  0.9576E-02  0.4590E-02  0.5256E-02
      5.869  0.6746E-02  0.3446E-01  0.3899E-01  0.1936E-01  0.2161E-01  0.1081E-01  0.3499E-01  0.1908E-01  0.5201E-02  0.4753E-02  0.2561E-01  0.1142E-01  0.4957E-02  0.5619E-02  0.2427E-01  0.1019E-01  0.5187E-02  0.6365E-02
      5.879  0.7585E-02  0.2549E-01  0.3808E-01  0.1667E-01  0.2643E-01  0.7130E-02  0.3293E-01  0.1459E-01  0.6727E-02  0.3803E-02  0.2835E-01  0.8211E-02  0.5006E-02  0.4869E-02  0.2686E-01  0.7748E-02  0.6569E-02  0.4340E-02
      5.889  0.7335E-02  0.2551E-01  0.2165E-01  0.1646E-01  0.2948E-01  0.5547E-02  0.2589E-01  0.1462E-01  0.8760E-02  0.3754E-02  0.2801E-01  0.7755E-02  0.5310E-02  0.4785E-02  0.3067E-01  0.7604E-02  0.8470E-02  0.4199E-02
      5.899  0.8009E-02  0.2728E-01  0.2263E-01  0.1538E-01  0.3329E-01  0.3930E-02  0.2763E-01  0.1463E-01  0.1039E-01  0.3806E-02  0.3160E-01  0.7159E-02  0.6069E-02  0.4917E-02  0.3179E-01  0.7510E-02  0.9140E-02  0.4107E-02
      5.909  0.1007E-01  0.3429E-01  0.2618E-01  0.1650E-01  0.6144E-01  0.3079E-02  0.3308E-01  0.1695E-01  0.1345E-01  0.4543E-02  0.4257E-01  0.7191E-02  0.8984E-02  0.5294E-02  0.4150E-01  0.7929E-02  0.1115E-01  0.4975E-02
      5.919  0.1635E-01  0.5057E-01  0.3029E-01  0.2171E-01  0.5399E-01  0.3450E-02  0.3371E-01  0.2172E-01  0.1290E-01  0.6213E-02  0.3770E-01  0.8370E-02  0.1243E-01  0.6190E-02  0.4265E-01  0.9584E-02  0.1377E-01  0.7417E-02
      5.929  0.1710E-01  0.4203E-01  0.2559E-01  0.2567E-01  0.3534E-01  0.2588E-02  0.2465E-01  0.2291E-01  0.9390E-02  0.6551E-02  0.2486E-01  0.7559E-02  0.1027E-01  0.5192E-02  0.2594E-01  0.9830E-02  0.1098E-01  0.6134E-02
      5.939  0.1826E-01  0.2056E-01  0.2076E-01  0.1362E-01  0.1935E-01  0.1787E-02  0.2167E-01  0.1691E-01  0.8154E-02  0.4234E-02  0.1366E-01  0.6523E-02  0.9377E-02  0.3157E-02  0.1515E-01  0.7988E-02  0.8943E-02  0.3647E-02
      5.949  0.2071E-01  0.1071E-01  0.2194E-01  0.1334E-01  0.1320E-01  0.6382E-02  0.2533E-01  0.1773E-01  0.9649E-02  0.5266E-02  0.1122E-01  0.1170E-01  0.1139E-01  0.3102E-02  0.1634E-01  0.1476E-01  0.1048E-01  0.4554E-02
      5.959  0.2254E-01  0.9522E-02  0.1955E-01  0.1358E-01  0.8373E-02  0.9149E-02  0.2606E-01  0.1837E-01  0.8038E-02  0.5969E-02  0.4364E-02  0.1419E-01  0.1005E-01  0.3338E-02  0.3581E-02  0.1498E-01  0.6680E-02  0.4576E-02
      5.969  0.2478E-01  0.9485E-02  0.2200E-01  0.1393E-01  0.9715E-02  0.1167E-01  0.3044E-01  0.1933E-01  0.8900E-02  0.6424E-02  0.5003E-02  0.1474E-01  0.1164E-01  0.3452E-02  0.4145E-02  0.1539E-01  0.7420E-02  0.4853E-02
      5.979  0.2574E-01  0.1106E-01  0.2433E-01  0.1552E-01  0.1149E-01  0.1461E-01  0.3406E-01  0.2126E-01  0.9927E-02  0.7244E-02  0.5791E-02  0.1575E-01  0.1340E-01  0.3785E-02  0.4982E-02  0.1642E-01  0.8534E-02  0.5408E-02
      5.989  0.3258E-01  0.1319E-01  0.4058E-01  0.1784E-01  0.2421E-01  0.1879E-01  0.5315E-01  0.2363E-01  0.1973E-01  0.8885E-02  0.1298E-01  0.1835E-01  0.2755E-01  0.4475E-02  0.1256E-01  0.1840E-01  0.1606E-01  0.6268E-02
      5.999  0.3127E-01  0.1577E-01  0.5740E-01  0.2073E-01  0.2993E-01  0.2444E-01  0.6397E-01  0.2645E-01  0.2241E-01  0.1131E-01  0.1946E-01  0.2234E-01  0.3808E-01  0.5494E-02  0.1803E-01  0.2146E-01  0.1891E-01  0.7472E-02
      6.009  0.2193E-01  0.2288E-01  0.5125E-01  0.2729E-01  0.1723E-01  0.3920E-01  0.4524E-01  0.3262E-01  0.1168E-01  0.2313E-01  0.1461E-01  0.4150E-01  0.2666E-01  0.9324E-02  0.1206E-01  0.3239E-01  0.1154E-01  0.1163E-01
      6.019  0.2457E-01  0.1581E-01  0.3865E-01  0.2005E-01  0.1379E-01  0.3052E-01  0.3691E-01  0.2196E-01  0.7267E-02  0.1036E-01  0.8518E-02  0.2308E-01  0.2087E-01  0.5927E-02  0.8651E-02  0.2641E-01  0.9299E-02  0.8621E-02
      6.029  0.3338E-01  0.1790E-01  0.4450E-01  0.1888E-01  0.2439E-01  0.3296E-01  0.4031E-01  0.1971E-01  0.1176E-01  0.1008E-01  0.1337E-01  0.2428E-01  0.3124E-01  0.6148E-02  0.1344E-01  0.2702E-01  0.1505E-01  0.9186E-02
      6.039  0.4487E-01  0.1904E-01  0.5085E-01  0.1795E-01  0.5142E-01  0.3435E-01  0.5230E-01  0.1771E-01  0.1859E-01  0.9749E-02  0.1814E-01  0.2508E-01  0.5913E-01  0.6187E-02  0.2433E-01  0.2625E-01  0.2718E-01  0.9650E-02
      6.049  0.4270E-01  0.1767E-01  0.4248E-01  0.1789E-01  0.4277E-01  0.3148E-01  0.3729E-01  0.1564E-01  0.1387E-01  0.9278E-02  0.1401E-01  0.2645E-01  0.4038E-01  0.7201E-02  0.1422E-01  0.2370E-01  0.1813E-01  0.1022E-01
      6.059  0.4365E-01  0.1913E-01  0.3882E-01  0.2276E-01  0.4632E-01  0.3551E-01  0.3191E-01  0.1834E-01  0.1367E-01  0.1004E-01  0.1359E-01  0.3358E-01  0.4156E-01  0.1282E-01  0.1273E-01  0.2487E-01  0.1672E-01  0.1256E-01
      6.069  0.4943E-01  0.1935E-01  0.4449E-01  0.2652E-01  0.5241E-01  0.3909E-01  0.3579E-01  0.2084E-01  0.1492E-01  0.1118E-01  0.1503E-01  0.3849E-01  0.4641E-01  0.1756E-01  0.1264E-01  0.3049E-01  0.1665E-01  0.1397E-01
      6.079  0.4816E-01  0.1334E-01  0.4017E-01  0.2495E-01  0.2413E-01  0.3232E-01  0.3752E-01  0.1784E-01  0.1011E-01  0.9644E-02  0.1222E-01  0.3364E-01  0.3994E-01  0.1682E-01  0.1019E-01  0.2655E-01  0.1104E-01  0.1185E-01
      6.089  0.3605E-01  0.9567E-02  0.4515E-01  0.2241E-01  0.1513E-01  0.2789E-01  0.4304E-01  0.1491E-01  0.9142E-02  0.7843E-02  0.8075E-02  0.2200E-01  0.3022E-01  0.1278E-01  0.9129E-02  0.1679E-01  0.8594E-02  0.8915E-02
      6.099  0.3148E-01  0.7325E-02  0.4920E-01  0.2102E-01  0.1583E-01  0.2511E-01  0.4826E-01  0.1342E-01  0.8776E-02  0.6393E-02  0.7964E-02  0.1453E-01  0.3103E-01  0.8571E-02  0.8684E-02  0.1077E-01  0.7027E-02  0.8174E-02
      6.109  0.3142E-01  0.6683E-02  0.5065E-01  0.2028E-01  0.1680E-01  0.2467E-01  0.5039E-01  0.1310E-01  0.8714E-02  0.6008E-02  0.8558E-02  0.1213E-01  0.3564E-01  0.7849E-02  0.9115E-02  0.8850E-02  0.6613E-02  0.7767E-02
      6.119  0.3509E-01  0.1570E-01  0.5149E-01  0.2500E-01  0.1959E-01  0.2150E-01  0.5220E-01  0.1564E-01  0.1153E-01  0.8640E-02  0.1045E-01  0.8855E-02  0.4631E-01  0.9994E-02  0.1107E-01  0.8227E-02  0.8464E-02  0.1425E-01
      6.129  0.3741E-01  0.5363E-01  0.5149E-01  0.9079E-01  0.2388E-01  0.3080E-01  0.5333E-01  0.9541E-01  0.1233E-01  0.4896E-01  0.1191E-01  0.5399E-01  0.5444E-01  0.4015E-01  0.1216E-01  0.5393E-01  0.9782E-02  0.5496E-01
      6.139  0.3616E-01  0.3384E-01  0.5239E-01  0.8144E-01  0.2793E-01  0.1968E-01  0.5930E-01  0.7304E-01  0.1193E-01  0.3352E-01  0.1195E-01  0.2299E-01  0.5711E-01  0.2106E-01  0.1226E-01  0.2787E-01  0.9900E-02  0.3282E-01
      6.149  0.3232E-01  0.2416E-01  0.4917E-01  0.5747E-01  0.2436E-01  0.1094E-01  0.4208E-01  0.5329E-01  0.1039E-01  0.2191E-01  0.1173E-01  0.1463E-01  0.5568E-01  0.1216E-01  0.1130E-01  0.1570E-01  0.7980E-02  0.2051E-01
      6.159  0.3497E-01  0.2228E-01  0.5607E-01  0.4619E-01  0.2927E-01  0.8542E-02  0.4879E-01  0.4223E-01  0.1088E-01  0.1601E-01  0.1294E-01  0.1156E-01  0.6437E-01  0.1181E-01  0.1188E-01  0.1251E-01  0.8531E-02  0.1555E-01
      6.169  0.2068E-01  0.2079E-01  0.2202E-01  0.3384E-01  0.2206E-01  0.5884E-02  0.2142E-01  0.2983E-01  0.7003E-02  0.1082E-01  0.1141E-01  0.8743E-02  0.3624E-01  0.1152E-01  0.1039E-01  0.9620E-02  0.5991E-02  0.1110E-01
      6.179  0.1487E-01  0.2007E-01  0.1575E-01  0.2196E-01  0.1827E-01  0.3307E-02  0.1590E-01  0.2091E-01  0.5787E-02  0.7488E-02  0.9610E-02  0.7077E-02  0.2628E-01  0.1143E-01  0.8772E-02  0.7414E-02  0.5254E-02  0.7307E-02
      6.189  0.9416E-02  0.2079E-01  0.1029E-01  0.1926E-01  0.1426E-01  0.3260E-02  0.1092E-01  0.1870E-01  0.4608E-02  0.6005E-02  0.7489E-02  0.6860E-02  0.1665E-01  0.1247E-01  0.7018E-02  0.7205E-02  0.4547E-02  0.5778E-02
      6.199  0.4319E-01  0.2174E-01  0.1062E-01  0.1767E-01  0.1159E-01  0.3762E-02  0.1311E-01  0.1712E-01  0.3922E-02  0.4753E-02  0.7511E-02  0.6894E-02  0.7149E-01  0.1375E-01  0.7630E-02  0.7233E-02  0.4263E-02  0.4635E-02
      6.209  0.3843E-01  0.2314E-01  0.9130E-02  0.1672E-01  0.1193E-01  0.4646E-02  0.1200E-01  0.1622E-01  0.3716E-02  0.5412E-02  0.7003E-02  0.8649E-02  0.6404E-01  0.1551E-01  0.7311E-02  0.9134E-02  0.4061E-02  0.5269E-02
      6.219  0.2865E-01  0.2472E-01  0.1632E-01  0.1584E-01  0.1256E-01  0.5682E-02  0.1471E-01  0.1564E-01  0.3764E-02  0.6316E-02  0.6834E-02  0.1017E-01  0.4745E-01  0.1754E-01  0.6765E-02  0.1117E-01  0.4215E-02  0.5751E-02
      6.229  0.2127E-01  0.2745E-01  0.2576E-01  0.1762E-01  0.1629E-01  0.6944E-02  0.1988E-01  0.1689E-01  0.4278E-02  0.7106E-02  0.7736E-02  0.1198E-01  0.3511E-01  0.2013E-01  0.8419E-02  0.1275E-01  0.4926E-02  0.6762E-02
      6.239  0.1685E-01  0.3634E-01  0.3737E-01  0.2377E-01  0.3033E-01  0.9843E-02  0.2870E-01  0.2176E-01  0.5796E-02  0.8313E-02  0.1293E-01  0.1451E-01  0.2760E-01  0.2639E-01  0.1520E-01  0.1442E-01  0.6717E-02  0.7825E-02
      6.249  0.1765E-01  0.4449E-01  0.5295E-01  0.2912E-01  0.6148E-01  0.1298E-01  0.4195E-01  0.2644E-01  0.1051E-01  0.8209E-02  0.2806E-01  0.1532E-01  0.2846E-01  0.3240E-01  0.2544E-01  0.1457E-01  0.9907E-02  0.6875E-02
      6.259  0.1673E-01  0.8219E-01  0.5794E-01  0.5250E-01  0.4296E-01  0.2447E-01  0.5096E-01  0.4257E-01  0.7558E-02  0.1124E-01  0.1732E-01  0.2219E-01  0.2537E-01  0.5822E-01  0.2203E-01  0.1821E-01  0.8310E-02  0.7609E-02
      6.269  0.3554E-01  0.5151E-01  0.7081E-01  0.3495E-01  0.1377E+00  0.2021E-01  0.9532E-01  0.3262E-01  0.1357E-01  0.7486E-02  0.2195E-01  0.1796E-01  0.4289E-01  0.4417E-01  0.6874E-01  0.1589E-01  0.2610E-01  0.7620E-02
      6.279  0.1277E-01  0.6068E-01  0.2393E-01  0.4054E-01  0.2980E-01  0.2293E-01  0.2713E-01  0.3800E-01  0.5381E-02  0.7550E-02  0.1290E-01  0.2032E-01  0.2129E-01  0.5338E-01  0.1489E-01  0.1776E-01  0.5647E-02  0.8703E-02
      6.289  0.1203E-01  0.7815E-01  0.2290E-01  0.4906E-01  0.2712E-01  0.3284E-01  0.2578E-01  0.4854E-01  0.4971E-02  0.9221E-02  0.1179E-01  0.2428E-01  0.1994E-01  0.7449E-01  0.1340E-01  0.2478E-01  0.5143E-02  0.1091E-01
      6.299  0.1132E-01  0.2146E+00  0.2175E-01  0.9308E-01  0.2463E-01  0.4444E-01  0.2431E-01  0.1291E+00  0.4581E-02  0.1860E-01  0.1067E-01  0.4568E-01  0.1864E-01  0.1708E+00  0.1192E-01  0.7076E-01  0.4666E-02  0.1529E-01
      6.309  0.1064E-01  0.1005E-02  0.2045E-01  0.7420E-02  0.2234E-01  0.8359E-02  0.2271E-01  0.8345E-02  0.4213E-02  0.2931E-02  0.9529E-02  0.8234E-02  0.1740E-01  0.3804E-02  0.1046E-01  0.7985E-02  0.4215E-02  0.2714E-02
      6.319  0.9992E-02  0.1161E-02  0.1903E-01  0.1128E-01  0.2025E-01  0.9078E-02  0.2099E-01  0.1078E-01  0.3866E-02  0.3212E-02  0.8377E-02  0.9154E-02  0.1620E-01  0.4056E-02  0.9013E-02  0.8621E-02  0.3791E-02  0.3210E-02
      6.329  0.9378E-02  0.1869E-02  0.1747E-01  0.2592E-01  0.1837E-01  0.1719E-01  0.1914E-01  0.2033E-01  0.3540E-02  0.6246E-02  0.7212E-02  0.2020E-01  0.1506E-01  0.6847E-02  0.7580E-02  0.1361E-01  0.3394E-02  0.5646E-02
      6.339  0.8821E-02  0.6322E-02  0.1599E-01  0.4007E-01  0.1698E-01  0.2823E-01  0.1780E-01  0.3012E-01  0.3279E-02  0.6111E-02  0.6097E-02  0.3936E-01  0.1401E-01  0.1002E-01  0.6177E-02  0.2033E-01  0.3072E-02  0.6416E-02
      6.349  0.8401E-02  0.4462E-02  0.1477E-01  0.4076E-01  0.1684E-01  0.2082E-01  0.1691E-01  0.3748E-01  0.3242E-02  0.5904E-02  0.5105E-02  0.3237E-01  0.1313E-01  0.7509E-02  0.4903E-02  0.2331E-01  0.2937E-02  0.6769E-02
      6.359  0.8110E-02  0.8349E-02  0.1348E-01  0.4978E-01  0.1738E-01  0.3016E-01  0.1598E-01  0.5643E-01  0.3347E-02  0.7124E-02  0.4152E-02  0.3259E-01  0.1243E-01  0.9955E-02  0.3699E-02  0.3702E-01  0.3081E-02  0.9597E-02
      6.369  0.8139E-02  0.1733E-01  0.1325E-01  0.6813E-01  0.1930E-01  0.6795E-01  0.1554E-01  0.8496E-01  0.3833E-02  0.1635E-01  0.3736E-02  0.4428E-01  0.1213E-01  0.3223E-01  0.3132E-02  0.5105E-01  0.3615E-02  0.1746E-01
      6.379  0.8464E-02  0.1006E-01  0.1430E-01  0.1083E+00  0.2289E-01  0.2539E-01  0.1678E-01  0.1181E+00  0.4825E-02  0.1360E-01  0.4153E-02  0.3036E-01  0.1231E-01  0.1401E-01  0.3633E-02  0.3147E-01  0.4569E-02  0.1298E-01
      6.389  0.8620E-02  0.5447E-02  0.1500E-01  0.2969E-01  0.2621E-01  0.1955E-01  0.1798E-01  0.3531E-01  0.5597E-02  0.7092E-02  0.4595E-02  0.2121E-01  0.1216E-01  0.1030E-01  0.3989E-02  0.2180E-01  0.5645E-02  0.7762E-02
      6.399  0.9198E-02  0.5444E-02  0.1626E-01  0.2812E-01  0.3418E-01  0.1945E-01  0.2192E-01  0.3227E-01  0.6383E-02  0.7168E-02  0.6077E-02  0.2082E-01  0.1203E-01  0.9724E-02  0.4976E-02  0.2048E-01  0.8025E-02  0.7811E-02
      6.409  0.9408E-02  0.5449E-02  0.1643E-01  0.2625E-01  0.4166E-01  0.1906E-01  0.2222E-01  0.2921E-01  0.7255E-02  0.7220E-02  0.6856E-02  0.2013E-01  0.1187E-01  0.9209E-02  0.5440E-02  0.1911E-01  0.9168E-02  0.7966E-02
      6.419  0.9997E-02  0.2248E-01  0.1701E-01  0.2671E-01  0.4937E-01  0.1912E-01  0.2293E-01  0.2868E-01  0.8521E-02  0.1004E-01  0.7761E-02  0.1934E-01  0.1274E-01  0.2929E-01  0.5959E-02  0.1870E-01  0.9599E-02  0.8190E-02
      6.429  0.1058E-01  0.1328E+00  0.1815E-01  0.3698E-01  0.5504E-01  0.2539E-01  0.2452E-01  0.3526E-01  0.1012E-01  0.8576E-02  0.8719E-02  0.2382E-01  0.1400E-01  0.1868E+00  0.6902E-02  0.2254E-01  0.1020E-01  0.8341E-02
      6.439  0.1175E-01  0.3109E-01  0.1999E-01  0.2384E-01  0.6249E-01  0.1841E-01  0.2624E-01  0.2247E-01  0.1170E-01  0.8716E-02  0.1012E-01  0.1853E-01  0.1655E-01  0.3994E-01  0.8299E-02  0.1748E-01  0.1079E-01  0.7923E-02
      6.449  0.1312E-01  0.2774E-01  0.2227E-01  0.2010E-01  0.6822E-01  0.1716E-01  0.2637E-01  0.1853E-01  0.1236E-01  0.8448E-02  0.1105E-01  0.1668E-01  0.1970E-01  0.3588E-01  0.9573E-02  0.1649E-01  0.1005E-01  0.7313E-02
      6.459  0.1626E-01  0.2461E-01  0.2876E-01  0.1666E-01  0.9151E-01  0.1634E-01  0.3145E-01  0.1465E-01  0.1426E-01  0.8286E-02  0.1689E-01  0.1522E-01  0.2891E-01  0.3211E-01  0.1422E-01  0.1585E-01  0.1093E-01  0.6706E-02
      6.469  0.1473E-01  0.2222E-01  0.2399E-01  0.1444E-01  0.7565E-01  0.1628E-01  0.2990E-01  0.1271E-01  0.1108E-01  0.8463E-02  0.1609E-01  0.1513E-01  0.2886E-01  0.2931E-01  0.1376E-01  0.1661E-01  0.9566E-02  0.6486E-02
      6.479  0.1304E-01  0.2076E-01  0.1872E-01  0.1428E-01  0.6041E-01  0.1685E-01  0.2637E-01  0.1326E-01  0.9972E-02  0.9160E-02  0.1312E-01  0.1619E-01  0.2966E-01  0.2763E-01  0.1255E-01  0.1879E-01  0.7977E-02  0.7041E-02
      6.489  0.1253E-01  0.1897E-01  0.1780E-01  0.1476E-01  0.5576E-01  0.1624E-01  0.2373E-01  0.1496E-01  0.1101E-01  0.9685E-02  0.1111E-01  0.1565E-01  0.3174E-01  0.2604E-01  0.1149E-01  0.1747E-01  0.7426E-02  0.7638E-02
      6.499  0.1526E-01  0.1696E-01  0.2013E-01  0.1479E-01  0.1067E+00  0.1525E-01  0.1718E-01  0.1600E-01  0.9326E-02  0.9079E-02  0.1041E-01  0.1324E-01  0.4062E-01  0.2480E-01  0.1318E-01  0.1202E-01  0.7666E-02  0.7731E-02
      6.509  0.1501E-01  0.1460E-01  0.1774E-01  0.1622E-01  0.1056E+00  0.1636E-01  0.1598E-01  0.1809E-01  0.5966E-02  0.8848E-02  0.8965E-02  0.1294E-01  0.4061E-01  0.2554E-01  0.1085E-01  0.1242E-01  0.6074E-02  0.9723E-02
      6.519  0.2272E-01  0.1503E-01  0.1837E-01  0.2359E-01  0.1216E+00  0.3119E-01  0.1662E-01  0.2471E-01  0.4544E-02  0.1378E-01  0.8676E-02  0.2381E-01  0.4193E-01  0.3037E-01  0.1039E-01  0.1908E-01  0.5571E-02  0.1598E-01
      6.529  0.3060E-01  0.1359E-01  0.2125E-01  0.2377E-01  0.1670E+00  0.3593E-01  0.1939E-01  0.2738E-01  0.4089E-02  0.1499E-01  0.9700E-02  0.3049E-01  0.4968E-01  0.3301E-01  0.1282E-01  0.1791E-01  0.5841E-02  0.1790E-01
      6.539  0.3840E-01  0.1086E-01  0.2568E-01  0.2232E-01  0.2232E+00  0.3556E-01  0.2710E-01  0.2668E-01  0.5408E-02  0.1300E-01  0.1413E-01  0.2771E-01  0.6609E-01  0.3002E-01  0.1748E-01  0.1597E-01  0.7469E-02  0.1535E-01
      6.549  0.4281E-01  0.7342E-02  0.3103E-01  0.1771E-01  0.2378E+00  0.3493E-01  0.6237E-01  0.2002E-01  0.1073E-01  0.8952E-02  0.1908E-01  0.1879E-01  0.7425E-01  0.2232E-01  0.3615E-01  0.1369E-01  0.8755E-02  0.1003E-01
      6.559  0.4103E-01  0.5440E-02  0.2894E-01  0.1256E-01  0.1880E+00  0.3801E-01  0.1686E-01  0.1213E-01  0.4049E-02  0.7726E-02  0.1724E-01  0.1997E-01  0.5022E-01  0.2155E-01  0.1505E-01  0.1632E-01  0.6016E-02  0.7784E-02
      6.569  0.1333E-01  0.4488E-02  0.2922E-01  0.8744E-02  0.7146E-01  0.2936E-01  0.1584E-01  0.9550E-02  0.4186E-02  0.4678E-02  0.2273E-01  0.1055E-01  0.3244E-01  0.1363E-01  0.1513E-01  0.1118E-01  0.5604E-02  0.3702E-02
      6.579  0.1293E-01  0.4674E-02  0.1458E-01  0.7047E-02  0.6050E-01  0.2463E-01  0.1014E-01  0.1030E-01  0.4014E-02  0.3474E-02  0.1128E-01  0.8337E-02  0.2566E-01  0.1200E-01  0.9028E-02  0.1028E-01  0.4078E-02  0.2517E-02
      6.589  0.1314E-01  0.6042E-02  0.1337E-01  0.8071E-02  0.5837E-01  0.2810E-01  0.9472E-02  0.1228E-01  0.4375E-02  0.3808E-02  0.9706E-02  0.1010E-01  0.2701E-01  0.1325E-01  0.6929E-02  0.1198E-01  0.4224E-02  0.2672E-02
      6.599  0.1326E-01  0.8673E-02  0.1293E-01  0.1010E-01  0.5934E-01  0.3738E-01  0.8725E-02  0.1464E-01  0.4616E-02  0.4556E-02  0.7757E-02  0.1324E-01  0.3335E-01  0.1602E-01  0.4860E-02  0.1598E-01  0.4336E-02  0.3080E-02
      6.609  0.1373E-01  0.1157E-01  0.1381E-01  0.1390E-01  0.5920E-01  0.4536E-01  0.8880E-02  0.1792E-01  0.4880E-02  0.5657E-02  0.6882E-02  0.1750E-01  0.3886E-01  0.1926E-01  0.4549E-02  0.1957E-01  0.4620E-02  0.3686E-02
      6.619  0.1405E-01  0.1446E-01  0.1519E-01  0.1769E-01  0.5873E-01  0.5127E-01  0.9261E-02  0.2115E-01  0.5182E-02  0.6826E-02  0.6006E-02  0.2215E-01  0.4457E-01  0.2219E-01  0.4329E-02  0.2237E-01  0.4888E-02  0.4211E-02
      6.629  0.1477E-01  0.1723E-01  0.1627E-01  0.2047E-01  0.5902E-01  0.6060E-01  0.9958E-02  0.2487E-01  0.5682E-02  0.8183E-02  0.4746E-02  0.2719E-01  0.5184E-01  0.2632E-01  0.3937E-02  0.2440E-01  0.5339E-02  0.4754E-02
      6.639  0.1627E-01  0.1705E-01  0.1860E-01  0.2145E-01  0.6154E-01  0.5798E-01  0.1144E-01  0.2443E-01  0.6405E-02  0.7482E-02  0.5125E-02  0.3064E-01  0.6327E-01  0.2704E-01  0.4115E-02  0.2560E-01  0.6136E-02  0.4373E-02
      6.649  0.1713E-01  0.1942E-01  0.2102E-01  0.1272E-01  0.6246E-01  0.5821E-01  0.1269E-01  0.1522E-01  0.7028E-02  0.4672E-02  0.5310E-02  0.1872E-01  0.7532E-01  0.2181E-01  0.4326E-02  0.1816E-01  0.6498E-02  0.2980E-02
      6.659  0.1572E-01  0.2329E-01  0.1855E-01  0.1100E-01  0.5375E-01  0.6793E-01  0.1145E-01  0.9446E-02  0.6180E-02  0.3266E-02  0.4518E-02  0.1564E-01  0.6092E-01  0.2462E-01  0.3738E-02  0.1574E-01  0.6070E-02  0.3301E-02
      6.669  0.1425E-01  0.2991E-01  0.1588E-01  0.1946E-01  0.4248E-01  0.9064E-01  0.9818E-02  0.1443E-01  0.5366E-02  0.4188E-02  0.3753E-02  0.2616E-01  0.3926E-01  0.3326E-01  0.2843E-02  0.2209E-01  0.5610E-02  0.4698E-02
      6.679  0.1488E-01  0.3392E-01  0.1480E-01  0.2249E-01  0.3780E-01  0.1230E+00  0.9820E-02  0.2036E-01  0.5544E-02  0.5432E-02  0.3385E-02  0.2694E-01  0.2997E-01  0.4351E-01  0.2877E-02  0.3310E-01  0.5682E-02  0.6364E-02
      6.689  0.1309E-01  0.3418E-01  0.1395E-01  0.1646E-01  0.3462E-01  0.1355E+00  0.9442E-02  0.1544E-01  0.5018E-02  0.5334E-02  0.3127E-02  0.1915E-01  0.2667E-01  0.4595E-01  0.2619E-02  0.2501E-01  0.5257E-02  0.6259E-02
      6.699  0.1126E-01  0.3410E-01  0.1382E-01  0.1174E-01  0.3311E-01  0.1064E+00  0.9759E-02  0.1051E-01  0.4490E-02  0.3471E-02  0.2978E-02  0.1094E-01  0.2364E-01  0.3606E-01  0.2521E-02  0.1477E-01  0.4811E-02  0.4474E-02
      6.709  0.9982E-02  0.3711E-01  0.1389E-01  0.1009E-01  0.3202E-01  0.1228E+00  0.1016E-01  0.8868E-02  0.4139E-02  0.3375E-02  0.2824E-02  0.9167E-02  0.2095E-01  0.3712E-01  0.2483E-02  0.1226E-01  0.4475E-02  0.4317E-02
      6.719  0.9097E-02  0.4004E-01  0.1404E-01  0.8572E-02  0.3107E-01  0.1400E+00  0.1060E-01  0.7119E-02  0.3912E-02  0.3271E-02  0.2682E-02  0.7514E-02  0.1878E-01  0.3803E-01  0.2494E-02  0.9512E-02  0.4237E-02  0.4166E-02
      6.729  0.8256E-02  0.4290E-01  0.1431E-01  0.7139E-02  0.3011E-01  0.1572E+00  0.1128E-01  0.5767E-02  0.3690E-02  0.3194E-02  0.2562E-02  0.6051E-02  0.1668E-01  0.3787E-01  0.2533E-02  0.7534E-02  0.4022E-02  0.4012E-02
      6.739  0.7537E-02  0.4566E-01  0.1498E-01  0.6197E-02  0.2950E-01  0.1745E+00  0.1236E-01  0.4715E-02  0.3547E-02  0.3131E-02  0.2484E-02  0.5064E-02  0.1490E-01  0.3761E-01  0.2627E-02  0.5986E-02  0.3878E-02  0.3875E-02
      6.749  0.8234E-02  0.2045E-01  0.2326E-01  0.5578E-02  0.2793E-01  0.7126E-01  0.1655E-01  0.3917E-02  0.3927E-02  0.3138E-02  0.2939E-02  0.2911E-02  0.1389E-01  0.2682E-01  0.3016E-02  0.3121E-02  0.4842E-02  0.4024E-02
      6.759  0.8560E-02  0.1995E-01  0.2486E-01  0.4799E-02  0.2762E-01  0.5675E-01  0.1864E-01  0.4122E-02  0.4229E-02  0.3966E-02  0.3184E-02  0.1762E-02  0.1377E-01  0.3094E-01  0.3342E-02  0.1996E-02  0.4940E-02  0.5257E-02
      6.769  0.9202E-02  0.2183E-01  0.2650E-01  0.5461E-02  0.2772E-01  0.5737E-01  0.2084E-01  0.5308E-02  0.4519E-02  0.5150E-02  0.3459E-02  0.1537E-02  0.1428E-01  0.4422E-01  0.3663E-02  0.1951E-02  0.5116E-02  0.6666E-02
      6.779  0.1031E-01  0.2612E-01  0.2857E-01  0.8738E-02  0.2768E-01  0.7333E-01  0.2428E-01  0.8351E-02  0.4903E-02  0.6734E-02  0.3835E-02  0.2155E-02  0.1503E-01  0.6444E-01  0.4164E-02  0.2639E-02  0.5390E-02  0.8470E-02
      6.789  0.1259E-01  0.2689E-01  0.3292E-01  0.1327E-01  0.2601E-01  0.8562E-01  0.3064E-01  0.1133E-01  0.5883E-02  0.7290E-02  0.5012E-02  0.2811E-02  0.1675E-01  0.7825E-01  0.5343E-02  0.3029E-02  0.6617E-02  0.8868E-02
      6.799  0.1272E-01  0.2769E-01  0.3521E-01  0.2110E-01  0.2635E-01  0.1037E+00  0.3206E-01  0.1620E-01  0.6164E-02  0.7918E-02  0.5813E-02  0.3701E-02  0.1748E-01  0.9475E-01  0.5991E-02  0.3514E-02  0.7507E-02  0.9712E-02
      6.809  0.1297E-01  0.2586E-01  0.3660E-01  0.2369E-01  0.2520E-01  0.1003E+00  0.3424E-01  0.2007E-01  0.6726E-02  0.7598E-02  0.6442E-02  0.4106E-02  0.1743E-01  0.9911E-01  0.6440E-02  0.3781E-02  0.8053E-02  0.9715E-02
      6.819  0.1409E-01  0.1983E-01  0.3888E-01  0.2314E-01  0.2386E-01  0.8118E-01  0.3640E-01  0.2161E-01  0.7367E-02  0.6354E-02  0.7073E-02  0.3758E-02  0.1725E-01  0.7943E-01  0.6813E-02  0.3424E-02  0.8725E-02  0.8209E-02
      6.829  0.1609E-01  0.1447E-01  0.3952E-01  0.2273E-01  0.2170E-01  0.6409E-01  0.3737E-01  0.2136E-01  0.7441E-02  0.5231E-02  0.7345E-02  0.3377E-02  0.1670E-01  0.5929E-01  0.6972E-02  0.3065E-02  0.9010E-02  0.6899E-02
      6.839  0.2996E-01  0.1020E-01  0.4192E-01  0.2282E-01  0.2087E-01  0.4969E-01  0.5361E-01  0.2102E-01  0.8403E-02  0.4416E-02  0.7925E-02  0.3094E-02  0.1741E-01  0.4235E-01  0.7616E-02  0.2727E-02  0.9146E-02  0.5810E-02
      6.849  0.3984E-01  0.9494E-02  0.6257E-01  0.3101E-01  0.2165E-01  0.4318E-01  0.5780E-01  0.3518E-01  0.8863E-02  0.5471E-02  0.1141E-01  0.3477E-02  0.1943E-01  0.3589E-01  0.7989E-02  0.3429E-02  0.1031E-01  0.6260E-02
      6.859  0.2313E-01  0.5763E-02  0.5197E-01  0.1191E-01  0.1919E-01  0.2541E-01  0.4450E-01  0.1289E-01  0.6677E-02  0.3352E-02  0.1001E-01  0.1910E-02  0.1383E-01  0.1763E-01  0.6803E-02  0.1675E-02  0.8050E-02  0.3707E-02
      6.869  0.2177E-01  0.5392E-02  0.5080E-01  0.1153E-01  0.2069E-01  0.2262E-01  0.4611E-01  0.1383E-01  0.6634E-02  0.4011E-02  0.1011E-01  0.2106E-02  0.1399E-01  0.1659E-01  0.7049E-02  0.1836E-02  0.7355E-02  0.3462E-02
      6.879  0.2086E-01  0.5203E-02  0.5601E-01  0.1207E-01  0.2692E-01  0.2090E-01  0.5094E-01  0.1558E-01  0.7391E-02  0.4831E-02  0.1092E-01  0.2400E-02  0.1654E-01  0.1669E-01  0.8046E-02  0.2080E-02  0.7248E-02  0.3231E-02
      6.889  0.2270E-01  0.5847E-02  0.5614E-01  0.1519E-01  0.3064E-01  0.2041E-01  0.5429E-01  0.1774E-01  0.7823E-02  0.5651E-02  0.1164E-01  0.2980E-02  0.1850E-01  0.1835E-01  0.8944E-02  0.2658E-02  0.7273E-02  0.3929E-02
      6.899  0.2598E-01  0.8812E-02  0.5711E-01  0.2194E-01  0.3648E-01  0.2377E-01  0.5916E-01  0.2587E-01  0.8445E-02  0.7794E-02  0.1310E-01  0.4232E-02  0.2036E-01  0.2644E-01  0.1063E-01  0.3836E-02  0.8043E-02  0.6112E-02
      6.909  0.2427E-01  0.1070E-01  0.5274E-01  0.2445E-01  0.2697E-01  0.2386E-01  0.5826E-01  0.2994E-01  0.8203E-02  0.8541E-02  0.1327E-01  0.4855E-02  0.1821E-01  0.2942E-01  0.1061E-01  0.4734E-02  0.7267E-02  0.7131E-02
      6.919  0.2115E-01  0.1220E-01  0.4778E-01  0.2645E-01  0.2542E-01  0.2377E-01  0.5222E-01  0.3295E-01  0.7517E-02  0.9002E-02  0.1183E-01  0.5387E-02  0.1646E-01  0.3173E-01  0.9719E-02  0.5602E-02  0.6019E-02  0.8044E-02
      6.929  0.2053E-01  0.1386E-01  0.4557E-01  0.2952E-01  0.2717E-01  0.2444E-01  0.5007E-01  0.3599E-01  0.8018E-02  0.9593E-02  0.1198E-01  0.6086E-02  0.1677E-01  0.3494E-01  0.9956E-02  0.6664E-02  0.6127E-02  0.9333E-02
      6.939  0.1961E-01  0.1576E-01  0.4349E-01  0.3333E-01  0.2747E-01  0.2563E-01  0.4766E-01  0.3907E-01  0.8127E-02  0.1035E-01  0.1186E-01  0.6901E-02  0.1616E-01  0.3891E-01  0.1013E-01  0.7724E-02  0.6288E-02  0.1086E-01
      6.949  0.1739E-01  0.1813E-01  0.4080E-01  0.3673E-01  0.2738E-01  0.2719E-01  0.4251E-01  0.4204E-01  0.7758E-02  0.1110E-01  0.1095E-01  0.8017E-02  0.1518E-01  0.4375E-01  0.1001E-01  0.8670E-02  0.6502E-02  0.1216E-01
      6.959  0.1368E-01  0.1982E-01  0.3501E-01  0.3481E-01  0.2416E-01  0.2322E-01  0.3467E-01  0.3872E-01  0.6642E-02  0.1028E-01  0.8883E-02  0.7517E-02  0.1330E-01  0.4271E-01  0.9085E-02  0.8393E-02  0.6450E-02  0.1096E-01
      6.969  0.1056E-01  0.2076E-01  0.2905E-01  0.3354E-01  0.2163E-01  0.2117E-01  0.2841E-01  0.3481E-01  0.5845E-02  0.9611E-02  0.7247E-02  0.6803E-02  0.1086E-01  0.3822E-01  0.7774E-02  0.8200E-02  0.6305E-02  0.9935E-02
      6.979  0.8584E-02  0.2069E-01  0.2657E-01  0.3883E-01  0.1913E-01  0.3319E-01  0.2462E-01  0.4733E-01  0.5578E-02  0.1198E-01  0.6435E-02  0.8662E-02  0.9089E-02  0.4525E-01  0.7311E-02  0.1091E-01  0.6262E-02  0.1030E-01
      6.989  0.7021E-02  0.1781E-01  0.2288E-01  0.3734E-01  0.1495E-01  0.2234E-01  0.2082E-01  0.2761E-01  0.4731E-02  0.8565E-02  0.5534E-02  0.8777E-02  0.7130E-02  0.3140E-01  0.6568E-02  0.8368E-02  0.4770E-02  0.7680E-02
      6.999  0.5575E-02  0.1903E-01  0.1648E-01  0.3943E-01  0.1282E-01  0.2272E-01  0.1926E-01  0.2797E-01  0.4110E-02  0.8829E-02  0.4032E-02  0.9406E-02  0.5642E-02  0.3028E-01  0.6610E-02  0.9106E-02  0.4098E-02  0.7973E-02
      7.009  0.4535E-02  0.1961E-01  0.1368E-01  0.4145E-01  0.9319E-02  0.2468E-01  0.1979E-01  0.2843E-01  0.3513E-02  0.8940E-02  0.3683E-02  0.9997E-02  0.4311E-02  0.2923E-01  0.6826E-02  0.9884E-02  0.3570E-02  0.8474E-02
      7.019  0.4765E-02  0.1966E-01  0.1892E-01  0.4103E-01  0.8065E-02  0.4170E-01  0.2251E-01  0.3255E-01  0.4046E-02  0.8900E-02  0.5941E-02  0.1117E-01  0.4069E-02  0.3130E-01  0.7913E-02  0.9764E-02  0.4405E-02  0.1028E-01
      7.029  0.5664E-02  0.1887E-01  0.2029E-01  0.6610E-01  0.8300E-02  0.4303E-01  0.2321E-01  0.4637E-01  0.4337E-02  0.8578E-02  0.6768E-02  0.1435E-01  0.4804E-02  0.3872E-01  0.8764E-02  0.1085E-01  0.5448E-02  0.1011E-01
      7.039  0.6931E-02  0.1756E-01  0.2302E-01  0.7032E-01  0.8853E-02  0.4394E-01  0.2506E-01  0.5488E-01  0.4986E-02  0.8512E-02  0.8036E-02  0.1616E-01  0.5729E-02  0.4266E-01  0.9641E-02  0.1202E-01  0.6388E-02  0.9755E-02
      7.049  0.8605E-02  0.1528E-01  0.2599E-01  0.6751E-01  0.9761E-02  0.4368E-01  0.2773E-01  0.6691E-01  0.5850E-02  0.9255E-02  0.9536E-02  0.1829E-01  0.6772E-02  0.3997E-01  0.1072E-01  0.1444E-01  0.7385E-02  0.1421E-01
      7.059  0.1016E-01  0.9539E-02  0.2691E-01  0.3889E-01  0.1001E-01  0.3296E-01  0.2909E-01  0.3968E-01  0.6654E-02  0.6290E-02  0.1069E-01  0.1110E-01  0.7500E-02  0.2626E-01  0.1090E-01  0.7609E-02  0.8122E-02  0.9234E-02
      7.069  0.1142E-01  0.8176E-02  0.2752E-01  0.3078E-01  0.1051E-01  0.2819E-01  0.3147E-01  0.2764E-01  0.7062E-02  0.5376E-02  0.1231E-01  0.8810E-02  0.8111E-02  0.1939E-01  0.1185E-01  0.6330E-02  0.8488E-02  0.7832E-02
      7.080  0.1297E-01  0.7413E-02  0.3457E-01  0.2618E-01  0.1077E-01  0.2553E-01  0.4953E-01  0.2391E-01  0.9694E-02  0.4658E-02  0.1790E-01  0.8192E-02  0.8793E-02  0.1515E-01  0.1918E-01  0.5995E-02  0.1024E-01  0.7066E-02
      7.090  0.1204E-01  0.6359E-02  0.2202E-01  0.1866E-01  0.9218E-02  0.1649E-01  0.2726E-01  0.1854E-01  0.7604E-02  0.3361E-02  0.1361E-01  0.7829E-02  0.8326E-02  0.1024E-01  0.1151E-01  0.5395E-02  0.8036E-02  0.5616E-02
      7.100  0.1172E-01  0.6146E-02  0.1753E-01  0.1906E-01  0.8195E-02  0.1611E-01  0.2223E-01  0.1880E-01  0.7308E-02  0.3164E-02  0.1159E-01  0.9930E-02  0.7883E-02  0.9370E-02  0.9761E-02  0.6716E-02  0.6833E-02  0.5315E-02
      7.110  0.1155E-01  0.5780E-02  0.1345E-01  0.1971E-01  0.6429E-02  0.1531E-01  0.1778E-01  0.1832E-01  0.7461E-02  0.3386E-02  0.9943E-02  0.1040E-01  0.6165E-02  0.8771E-02  0.6839E-02  0.7378E-02  0.5563E-02  0.5234E-02
      7.120  0.1381E-01  0.6425E-02  0.1386E-01  0.2184E-01  0.7689E-02  0.1947E-01  0.1741E-01  0.2420E-01  0.7671E-02  0.6939E-02  0.1092E-01  0.1214E-01  0.7872E-02  0.1030E-01  0.9004E-02  0.9913E-02  0.7158E-02  0.6688E-02
      7.130  0.2154E-01  0.6999E-02  0.1624E-01  0.2389E-01  0.1342E-01  0.2084E-01  0.2392E-01  0.2903E-01  0.1028E-01  0.8628E-02  0.1180E-01  0.1412E-01  0.1581E-01  0.1162E-01  0.1681E-01  0.1232E-01  0.1037E-01  0.7492E-02
      7.140  0.2345E-01  0.7127E-02  0.1706E-01  0.2504E-01  0.1276E-01  0.1996E-01  0.2433E-01  0.2990E-01  0.1048E-01  0.8651E-02  0.1165E-01  0.1748E-01  0.1688E-01  0.1233E-01  0.1323E-01  0.1430E-01  0.1069E-01  0.7378E-02
      7.150  0.2868E-01  0.6510E-02  0.1730E-01  0.2257E-01  0.1058E-01  0.1672E-01  0.2485E-01  0.2581E-01  0.1298E-01  0.6988E-02  0.1107E-01  0.1899E-01  0.1141E-01  0.1156E-01  0.1131E-01  0.1667E-01  0.1194E-01  0.6682E-02
      7.160  0.2853E-01  0.5722E-02  0.1697E-01  0.2071E-01  0.9190E-02  0.1428E-01  0.2305E-01  0.2289E-01  0.1205E-01  0.5976E-02  0.9440E-02  0.1760E-01  0.1006E-01  0.1026E-01  0.9615E-02  0.1759E-01  0.1186E-01  0.6163E-02
      7.170  0.2748E-01  0.4913E-02  0.1680E-01  0.1907E-01  0.8058E-02  0.1150E-01  0.2139E-01  0.1983E-01  0.1046E-01  0.5125E-02  0.8042E-02  0.1441E-01  0.9045E-02  0.8041E-02  0.8107E-02  0.1374E-01  0.1150E-01  0.5517E-02
      7.180  0.2381E-01  0.4280E-02  0.1650E-01  0.1766E-01  0.7250E-02  0.8350E-02  0.1966E-01  0.1684E-01  0.7902E-02  0.4288E-02  0.7362E-02  0.9679E-02  0.8661E-02  0.5713E-02  0.6933E-02  0.8399E-02  0.9117E-02  0.4697E-02
      7.190  0.2124E-01  0.6157E-02  0.1587E-01  0.2064E-01  0.8087E-02  0.8410E-02  0.2149E-01  0.1811E-01  0.7631E-02  0.5447E-02  0.1463E-01  0.1084E-01  0.1040E-01  0.6518E-02  0.1158E-01  0.9898E-02  0.9567E-02  0.4808E-02
      7.200  0.2080E-01  0.1693E-01  0.1696E-01  0.3321E-01  0.9831E-02  0.1631E-01  0.2074E-01  0.2636E-01  0.6897E-02  0.1134E-01  0.1178E-01  0.2174E-01  0.9522E-02  0.1668E-01  0.1118E-01  0.2334E-01  0.9318E-02  0.7388E-02
      7.210  0.1886E-01  0.1437E-01  0.1692E-01  0.3262E-01  0.9839E-02  0.1507E-01  0.2039E-01  0.3056E-01  0.6460E-02  0.8416E-02  0.7972E-02  0.2059E-01  0.9313E-02  0.1664E-01  0.8681E-02  0.2344E-01  0.8859E-02  0.7580E-02
      7.220  0.1692E-01  0.1586E-01  0.1792E-01  0.3755E-01  0.7980E-02  0.1543E-01  0.2280E-01  0.3566E-01  0.6834E-02  0.8774E-02  0.5371E-02  0.2421E-01  0.9475E-02  0.1900E-01  0.5875E-02  0.2501E-01  0.7172E-02  0.8397E-02
      7.230  0.1947E-01  0.1685E-01  0.2049E-01  0.4071E-01  0.1188E-01  0.1398E-01  0.4464E-01  0.4038E-01  0.6510E-02  0.8786E-02  0.4914E-02  0.2370E-01  0.1344E-01  0.1696E-01  0.6804E-02  0.2538E-01  0.1539E-01  0.8541E-02
      7.240  0.1469E-01  0.1700E-01  0.1843E-01  0.5042E-01  0.7279E-02  0.1216E-01  0.2571E-01  0.5333E-01  0.6080E-02  0.1096E-01  0.4281E-02  0.2665E-01  0.8414E-02  0.1509E-01  0.4773E-02  0.2818E-01  0.8833E-02  0.8505E-02
      7.250  0.1154E-01  0.1782E-01  0.1362E-01  0.5035E-01  0.5745E-02  0.1070E-01  0.2163E-01  0.5572E-01  0.5828E-02  0.1163E-01  0.3407E-02  0.2502E-01  0.6308E-02  0.1370E-01  0.4287E-02  0.2663E-01  0.8928E-02  0.7821E-02
      7.260  0.9953E-02  0.1750E-01  0.1180E-01  0.5987E-01  0.4785E-02  0.9185E-02  0.1625E-01  0.5735E-01  0.4169E-02  0.1167E-01  0.2121E-02  0.2674E-01  0.5013E-02  0.1177E-01  0.3082E-02  0.2783E-01  0.5075E-02  0.7874E-02
      7.270  0.9771E-02  0.1657E-01  0.1156E-01  0.5882E-01  0.4834E-02  0.8580E-02  0.1573E-01  0.5054E-01  0.4160E-02  0.1045E-01  0.1968E-02  0.2381E-01  0.4772E-02  0.1003E-01  0.2985E-02  0.2487E-01  0.4705E-02  0.7723E-02
      7.280  0.1031E-01  0.1828E-01  0.1344E-01  0.9500E-01  0.5050E-02  0.9995E-02  0.1695E-01  0.7784E-01  0.5161E-02  0.1416E-01  0.2131E-02  0.3094E-01  0.4930E-02  0.1042E-01  0.3144E-02  0.3182E-01  0.5396E-02  0.1027E-01
      7.290  0.1110E-01  0.1395E-01  0.1599E-01  0.1628E-01  0.5354E-02  0.5981E-02  0.1897E-01  0.1858E-01  0.6396E-02  0.5380E-02  0.2431E-02  0.1008E-01  0.5276E-02  0.7265E-02  0.3399E-02  0.1023E-01  0.6548E-02  0.5641E-02
      7.300  0.1275E-01  0.1441E-01  0.2341E-01  0.1597E-01  0.5995E-02  0.5484E-02  0.2364E-01  0.1735E-01  0.9088E-02  0.5508E-02  0.3406E-02  0.9240E-02  0.6178E-02  0.6712E-02  0.3818E-02  0.8889E-02  0.1014E-01  0.6420E-02
      7.310  0.1418E-01  0.1427E-01  0.2473E-01  0.1553E-01  0.6478E-02  0.5329E-02  0.2676E-01  0.1594E-01  0.1049E-01  0.5689E-02  0.3551E-02  0.8534E-02  0.6841E-02  0.6446E-02  0.4060E-02  0.7658E-02  0.1171E-01  0.6719E-02
      7.320  0.1476E-01  0.1433E-01  0.2588E-01  0.1548E-01  0.6891E-02  0.5637E-02  0.2769E-01  0.1568E-01  0.9866E-02  0.5972E-02  0.3605E-02  0.8159E-02  0.7342E-02  0.6737E-02  0.4050E-02  0.7178E-02  0.1170E-01  0.6971E-02
      7.330  0.1496E-01  0.2361E-01  0.2689E-01  0.3151E-01  0.7256E-02  0.1506E-01  0.2653E-01  0.3502E-01  0.8854E-02  0.2588E-01  0.3625E-02  0.1752E-01  0.7693E-02  0.1228E-01  0.3860E-02  0.1997E-01  0.1059E-01  0.2020E-01
      7.340  0.1367E-01  0.1510E-01  0.2403E-01  0.1585E-01  0.7612E-02  0.7195E-02  0.2378E-01  0.1567E-01  0.8309E-02  0.7405E-02  0.3590E-02  0.7581E-02  0.6083E-02  0.7130E-02  0.3704E-02  0.7601E-02  0.9219E-02  0.7569E-02
      7.350  0.1380E-01  0.1407E-01  0.2405E-01  0.1399E-01  0.8030E-02  0.6256E-02  0.2350E-01  0.1299E-01  0.8322E-02  0.6793E-02  0.3726E-02  0.6388E-02  0.6095E-02  0.6235E-02  0.3779E-02  0.5960E-02  0.9067E-02  0.6374E-02
      7.360  0.1396E-01  0.1345E-01  0.2424E-01  0.1225E-01  0.8474E-02  0.5390E-02  0.2354E-01  0.1164E-01  0.8434E-02  0.6198E-02  0.3892E-02  0.5541E-02  0.6120E-02  0.5191E-02  0.3883E-02  0.5098E-02  0.9066E-02  0.6949E-02
      7.370  0.1418E-01  0.1495E-01  0.2497E-01  0.1275E-01  0.8857E-02  0.6045E-02  0.2370E-01  0.1327E-01  0.8668E-02  0.9112E-02  0.4079E-02  0.5862E-02  0.6175E-02  0.7492E-02  0.3993E-02  0.6053E-02  0.9441E-02  0.9771E-02
      7.380  0.1439E-01  0.1815E-01  0.2593E-01  0.1521E-01  0.9168E-02  0.7900E-02  0.2385E-01  0.1804E-01  0.8884E-02  0.1284E-01  0.4248E-02  0.6797E-02  0.6221E-02  0.1124E-01  0.4078E-02  0.7808E-02  0.9915E-02  0.1452E-01
      7.390  0.1404E-01  0.1991E-01  0.2652E-01  0.2131E-01  0.9079E-02  0.8876E-02  0.2355E-01  0.2371E-01  0.8954E-02  0.2025E-01  0.4341E-02  0.9136E-02  0.6140E-02  0.1227E-01  0.4086E-02  0.9323E-02  0.1025E-01  0.2054E-01
      7.400  0.1132E-01  0.1612E-01  0.2370E-01  0.1575E-01  0.7682E-02  0.7178E-02  0.2116E-01  0.1710E-01  0.8606E-02  0.1184E-01  0.4079E-02  0.6834E-02  0.5292E-02  0.9190E-02  0.3866E-02  0.6839E-02  0.1001E-01  0.1320E-01
      7.410  0.6640E-02  0.1472E-01  0.1824E-01  0.1505E-01  0.4871E-02  0.6656E-02  0.1700E-01  0.1610E-01  0.7819E-02  0.1050E-01  0.3460E-02  0.6618E-02  0.3698E-02  0.8356E-02  0.3250E-02  0.6649E-02  0.9074E-02  0.1108E-01
      7.420  0.3879E-02  0.1385E-01  0.1527E-01  0.1470E-01  0.4006E-02  0.6386E-02  0.1379E-01  0.1547E-01  0.7088E-02  0.9259E-02  0.3239E-02  0.6405E-02  0.2633E-02  0.7866E-02  0.2824E-02  0.6526E-02  0.8691E-02  0.9285E-02
      7.430  0.3534E-02  0.1394E-01  0.1362E-01  0.1518E-01  0.4675E-02  0.6688E-02  0.1341E-01  0.1597E-01  0.7421E-02  0.8735E-02  0.3249E-02  0.6352E-02  0.2333E-02  0.7996E-02  0.2838E-02  0.6593E-02  0.8618E-02  0.8571E-02
      7.440  0.3286E-02  0.1407E-01  0.1207E-01  0.1571E-01  0.4848E-02  0.6999E-02  0.1259E-01  0.1662E-01  0.7663E-02  0.8340E-02  0.3219E-02  0.6424E-02  0.2101E-02  0.8228E-02  0.2793E-02  0.6807E-02  0.8552E-02  0.8193E-02
      7.450  0.3042E-02  0.1422E-01  0.1076E-01  0.1626E-01  0.4896E-02  0.7304E-02  0.1167E-01  0.1730E-01  0.7896E-02  0.8045E-02  0.3181E-02  0.6592E-02  0.1912E-02  0.8477E-02  0.2741E-02  0.7021E-02  0.8474E-02  0.7853E-02
      7.460  0.2594E-02  0.1438E-01  0.9124E-02  0.1683E-01  0.4708E-02  0.7589E-02  0.9866E-02  0.1800E-01  0.7278E-02  0.7789E-02  0.2724E-02  0.6791E-02  0.1612E-02  0.8728E-02  0.2443E-02  0.7233E-02  0.7542E-02  0.7542E-02
      7.470  0.1655E-02  0.1457E-01  0.6261E-02  0.1743E-01  0.3387E-02  0.7863E-02  0.7026E-02  0.1868E-01  0.4610E-02  0.7598E-02  0.1080E-02  0.6991E-02  0.1086E-02  0.8987E-02  0.1153E-02  0.7439E-02  0.3614E-02  0.7268E-02
      7.480  0.1478E-02  0.1468E-01  0.5351E-02  0.1758E-01  0.3231E-02  0.8792E-02  0.6435E-02  0.2100E-01  0.4546E-02  0.7029E-02  0.9449E-03  0.7943E-02  0.9620E-03  0.1022E-01  0.9751E-03  0.7518E-02  0.3259E-02  0.7827E-02
      7.490  0.1355E-02  0.1342E-01  0.4551E-02  0.1573E-01  0.3161E-02  0.7746E-02  0.5919E-02  0.1742E-01  0.4648E-02  0.5839E-02  0.8783E-03  0.6526E-02  0.8635E-03  0.7976E-02  0.9010E-03  0.6515E-02  0.3080E-02  0.6075E-02
      7.500  0.1217E-02  0.1225E-01  0.3673E-02  0.1377E-01  0.3029E-02  0.7502E-02  0.5412E-02  0.1581E-01  0.4650E-02  0.5017E-02  0.7970E-03  0.5760E-02  0.7908E-03  0.7226E-02  0.8212E-03  0.6115E-02  0.2817E-02  0.5678E-02
      7.510  0.1077E-02  0.1007E-01  0.2793E-02  0.1084E-01  0.2829E-02  0.6689E-02  0.4863E-02  0.1383E-01  0.4528E-02  0.4127E-02  0.6973E-03  0.4715E-02  0.7343E-03  0.5989E-02  0.7319E-03  0.5438E-02  0.2451E-02  0.5045E-02
      7.520  0.5933E-03  0.9630E-02  0.1306E-02  0.1012E-01  0.1627E-02  0.6528E-02  0.1486E-02  0.1344E-01  0.2891E-02  0.3974E-02  0.4612E-03  0.4344E-02  0.5868E-03  0.5648E-02  0.4677E-03  0.5350E-02  0.1824E-02  0.5019E-02
      7.530  0.5386E-03  0.7888E-02  0.7175E-03  0.9182E-02  0.1282E-02  0.5637E-02  0.8349E-03  0.1090E-01  0.1937E-02  0.3282E-02  0.3304E-03  0.3876E-02  0.6167E-03  0.4513E-02  0.3065E-03  0.4029E-02  0.1243E-02  0.3831E-02
      7.540  0.5131E-03  0.6284E-02  0.5942E-03  0.8317E-02  0.1217E-02  0.4557E-02  0.7311E-03  0.7743E-02  0.1755E-02  0.2522E-02  0.2881E-03  0.2113E-02  0.6227E-03  0.3769E-02  0.2767E-03  0.2740E-02  0.1143E-02  0.2577E-02
      7.550  0.4863E-03  0.4869E-02  0.4729E-03  0.7455E-02  0.1150E-02  0.3738E-02  0.6255E-03  0.6569E-02  0.1574E-02  0.2331E-02  0.2456E-03  0.1545E-02  0.6288E-03  0.3307E-02  0.2482E-03  0.1945E-02  0.1042E-02  0.2129E-02
      7.560  0.4580E-03  0.5273E-02  0.3536E-03  0.7930E-02  0.1082E-02  0.4082E-02  0.5180E-03  0.6797E-02  0.1395E-02  0.2506E-02  0.2029E-03  0.1635E-02  0.6348E-03  0.3177E-02  0.2211E-03  0.2062E-02  0.9410E-03  0.2231E-02
      7.570  0.4300E-03  0.5493E-02  0.2475E-03  0.7955E-02  0.1013E-02  0.4339E-02  0.4180E-03  0.6888E-02  0.1228E-02  0.2453E-02  0.1636E-03  0.1713E-02  0.6382E-03  0.2921E-02  0.1968E-03  0.2160E-02  0.8442E-03  0.2256E-02
      7.580  0.4138E-03  0.5051E-02  0.2304E-03  0.6988E-02  0.9546E-03  0.4172E-02  0.3903E-03  0.6609E-02  0.1148E-02  0.2216E-02  0.1533E-03  0.1663E-02  0.6191E-03  0.2471E-02  0.1863E-03  0.2176E-02  0.7898E-03  0.2135E-02
      7.590  0.3967E-03  0.3679E-02  0.2138E-03  0.4939E-02  0.8966E-03  0.3412E-02  0.3632E-03  0.5577E-02  0.1069E-02  0.1794E-02  0.1432E-03  0.1472E-02  0.5982E-03  0.1800E-02  0.1758E-03  0.2018E-02  0.7364E-03  0.1838E-02
      7.600  0.3789E-03  0.2640E-02  0.1976E-03  0.2807E-02  0.8391E-03  0.2624E-02  0.3367E-03  0.3312E-02  0.9925E-03  0.1364E-02  0.1332E-03  0.1090E-02  0.5755E-03  0.1137E-02  0.1653E-03  0.1536E-02  0.6840E-03  0.1243E-02
      7.610  0.3603E-03  0.2505E-02  0.1819E-03  0.2616E-02  0.7819E-03  0.2471E-02  0.3108E-03  0.2991E-02  0.9172E-03  0.1278E-02  0.1234E-03  0.1043E-02  0.5512E-03  0.1069E-02  0.1547E-03  0.1489E-02  0.6326E-03  0.1168E-02
      7.620  0.3409E-03  0.2358E-02  0.1665E-03  0.2418E-02  0.7252E-03  0.2302E-02  0.2855E-03  0.2659E-02  0.8435E-03  0.1189E-02  0.1138E-03  0.9975E-03  0.5251E-03  0.1008E-02  0.1442E-03  0.1438E-02  0.5823E-03  0.1090E-02
      7.630  0.3207E-03  0.2198E-02  0.1516E-03  0.2212E-02  0.6690E-03  0.2117E-02  0.2608E-03  0.2317E-02  0.7714E-03  0.1098E-02  0.1044E-03  0.9533E-03  0.4973E-03  0.9540E-03  0.1336E-03  0.1382E-02  0.5330E-03  0.1010E-02
      7.640  0.2997E-03  0.2026E-02  0.1371E-03  0.1999E-02  0.6131E-03  0.1916E-02  0.2366E-03  0.1965E-02  0.7008E-03  0.1003E-02  0.9507E-04  0.9106E-03  0.4677E-03  0.9065E-03  0.1230E-03  0.1322E-02  0.4846E-03  0.9260E-03
      7.650  0.2780E-03  0.1776E-02  0.1230E-03  0.1744E-02  0.5578E-03  0.1658E-02  0.2130E-03  0.1682E-02  0.6319E-03  0.8720E-03  0.8596E-04  0.8265E-03  0.4364E-03  0.8451E-03  0.1124E-03  0.1196E-02  0.4374E-03  0.8118E-03
      7.660  0.2554E-03  0.1507E-02  0.1093E-03  0.1473E-02  0.5028E-03  0.1398E-02  0.1901E-03  0.1409E-02  0.5645E-03  0.7383E-03  0.7701E-04  0.7287E-03  0.4034E-03  0.7577E-03  0.1018E-03  0.1046E-02  0.3911E-03  0.6837E-03
      7.670  0.2321E-03  0.1249E-02  0.9610E-04  0.1214E-02  0.4483E-03  0.1150E-02  0.1677E-03  0.1152E-02  0.4987E-03  0.6101E-03  0.6823E-04  0.6274E-03  0.3686E-03  0.6627E-03  0.9123E-04  0.8937E-03  0.3458E-03  0.5619E-03
      7.680  0.2079E-03  0.1001E-02  0.8328E-04  0.9675E-03  0.3943E-03  0.9149E-03  0.1459E-03  0.9099E-03  0.4344E-03  0.4875E-03  0.5962E-04  0.5224E-03  0.3321E-03  0.5602E-03  0.8061E-04  0.7387E-03  0.3016E-03  0.4464E-03
      7.690  0.1830E-03  0.7627E-03  0.7088E-04  0.7330E-03  0.3407E-03  0.6919E-03  0.1247E-03  0.6829E-03  0.3718E-03  0.3705E-03  0.5118E-04  0.4138E-03  0.2938E-03  0.4503E-03  0.6998E-04  0.5810E-03  0.2583E-03  0.3371E-03
      7.700  0.1573E-03  0.5347E-03  0.5891E-04  0.5107E-03  0.2875E-03  0.4811E-03  0.1040E-03  0.4710E-03  0.3107E-03  0.2589E-03  0.4291E-04  0.3017E-03  0.2538E-03  0.3328E-03  0.5934E-04  0.4206E-03  0.2161E-03  0.2340E-03
      7.710  0.1308E-03  0.3168E-03  0.4735E-04  0.3006E-03  0.2348E-03  0.2826E-03  0.8397E-04  0.2742E-03  0.2512E-03  0.1529E-03  0.3480E-04  0.1859E-03  0.2121E-03  0.2079E-03  0.4869E-04  0.2574E-03  0.1749E-03  0.1373E-03
      7.720  0.1035E-03  0.1091E-03  0.3621E-04  0.1028E-03  0.1825E-03  0.9640E-04  0.6450E-04  0.9265E-04  0.1933E-03  0.5246E-04  0.2687E-04  0.6660E-04  0.1687E-03  0.7541E-04  0.3803E-04  0.9160E-04  0.1347E-03  0.4674E-04
      7.730  0.7542E-04  0.0000E+00  0.2550E-04  0.0000E+00  0.1306E-03  0.0000E+00  0.4562E-04  0.0000E+00  0.1369E-03  0.0000E+00  0.1910E-04  0.0000E+00  0.1235E-03  0.0000E+00  0.2735E-04  0.0000E+00  0.9557E-04  0.0000E+00
      7.740  0.4655E-04  0.0000E+00  0.1520E-04  0.0000E+00  0.7922E-04  0.0000E+00  0.2733E-04  0.0000E+00  0.8217E-04  0.0000E+00  0.1150E-04  0.0000E+00  0.7657E-04  0.0000E+00  0.1667E-04  0.0000E+00  0.5742E-04  0.0000E+00
      7.750  0.1689E-04  0.0000E+00  0.5327E-05  0.0000E+00  0.2825E-04  0.0000E+00  0.9627E-05  0.0000E+00  0.2899E-04  0.0000E+00  0.4073E-05  0.0000E+00  0.2791E-04  0.0000E+00  0.5973E-05  0.0000E+00  0.2028E-04  0.0000E+00
      7.760  0.0000E+00  0.0000E+00  0.0000E+00  0.0000E+00  0.0000E+00  0.0000E+00  0.0000E+00  0.0000E+00  0.0000E+00  0.0000E+00  0.0000E+00  0.0000E+00  0.0000E+00  0.0000E+00  0.0000E+00  0.0000E+00  0.0000E+00  0.0000E+00
      7.770  0.0000E+00  0.0000E+00  0.0000E+00  0.0000E+00  0.0000E+00  0.0000E+00  0.0000E+00  0.0000E+00  0.0000E+00  0.0000E+00  0.0000E+00  0.0000E+00  0.0000E+00  0.0000E+00  0.0000E+00  0.0000E+00  0.0000E+00  0.0000E+00
      7.780  0.0000E+00  0.0000E+00  0.0000E+00  0.0000E+00  0.0000E+00  0.0000E+00  0.0000E+00  0.0000E+00  0.0000E+00  0.0000E+00  0.0000E+00  0.0000E+00  0.0000E+00  0.0000E+00  0.0000E+00  0.0000E+00  0.0000E+00  0.0000E+00
      7.790  0.0000E+00  0.0000E+00  0.0000E+00  0.0000E+00  0.0000E+00  0.0000E+00  0.0000E+00  0.0000E+00  0.0000E+00  0.0000E+00  0.0000E+00  0.0000E+00  0.0000E+00  0.0000E+00  0.0000E+00  0.0000E+00  0.0000E+00  0.0000E+00
      7.800  0.0000E+00  0.0000E+00  0.0000E+00  0.0000E+00  0.0000E+00  0.0000E+00  0.0000E+00  0.0000E+00  0.0000E+00  0.0000E+00  0.0000E+00  0.0000E+00  0.0000E+00  0.0000E+00  0.0000E+00  0.0000E+00  0.0000E+00  0.0000E+00
      7.810  0.0000E+00  0.0000E+00  0.0000E+00  0.0000E+00  0.0000E+00  0.0000E+00  0.0000E+00  0.0000E+00  0.0000E+00  0.0000E+00  0.0000E+00  0.0000E+00  0.0000E+00  0.0000E+00  0.0000E+00  0.0000E+00  0.0000E+00  0.0000E+00
      7.820  0.0000E+00  0.0000E+00  0.0000E+00  0.0000E+00  0.0000E+00  0.0000E+00  0.0000E+00  0.0000E+00  0.0000E+00  0.0000E+00  0.0000E+00  0.0000E+00  0.0000E+00  0.0000E+00  0.0000E+00  0.0000E+00  0.0000E+00  0.0000E+00
      7.830  0.0000E+00  0.0000E+00  0.0000E+00  0.0000E+00  0.0000E+00  0.0000E+00  0.0000E+00  0.0000E+00  0.0000E+00  0.0000E+00  0.0000E+00  0.0000E+00  0.0000E+00  0.0000E+00  0.0000E+00  0.0000E+00  0.0000E+00  0.0000E+00
      7.840  0.0000E+00  0.0000E+00  0.0000E+00  0.0000E+00  0.0000E+00  0.0000E+00  0.0000E+00  0.0000E+00  0.0000E+00  0.0000E+00  0.0000E+00  0.0000E+00  0.0000E+00  0.0000E+00  0.0000E+00  0.0000E+00  0.0000E+00  0.0000E+00
      7.850  0.0000E+00  0.0000E+00  0.0000E+00  0.0000E+00  0.0000E+00  0.0000E+00  0.0000E+00  0.0000E+00  0.0000E+00  0.0000E+00  0.0000E+00  0.0000E+00  0.0000E+00  0.0000E+00  0.0000E+00  0.0000E+00  0.0000E+00  0.0000E+00
      7.860  0.0000E+00  0.0000E+00  0.0000E+00  0.0000E+00  0.0000E+00  0.0000E+00  0.0000E+00  0.0000E+00  0.0000E+00  0.0000E+00  0.0000E+00  0.0000E+00  0.0000E+00  0.0000E+00  0.0000E+00  0.0000E+00  0.0000E+00  0.0000E+00
      7.870  0.0000E+00  0.0000E+00  0.0000E+00  0.0000E+00  0.0000E+00  0.0000E+00  0.0000E+00  0.0000E+00  0.0000E+00  0.0000E+00  0.0000E+00  0.0000E+00  0.0000E+00  0.0000E+00  0.0000E+00  0.0000E+00  0.0000E+00  0.0000E+00
      7.880  0.0000E+00  0.0000E+00  0.0000E+00  0.0000E+00  0.0000E+00  0.0000E+00  0.0000E+00  0.0000E+00  0.0000E+00  0.0000E+00  0.0000E+00  0.0000E+00  0.0000E+00  0.0000E+00  0.0000E+00  0.0000E+00  0.0000E+00  0.0000E+00
      7.890  0.0000E+00  0.0000E+00  0.0000E+00  0.0000E+00  0.0000E+00  0.0000E+00  0.0000E+00  0.0000E+00  0.0000E+00  0.0000E+00  0.0000E+00  0.0000E+00  0.0000E+00  0.0000E+00  0.0000E+00  0.0000E+00  0.0000E+00  0.0000E+00
      7.900  0.0000E+00  0.0000E+00  0.0000E+00  0.0000E+00  0.0000E+00  0.0000E+00  0.0000E+00  0.0000E+00  0.0000E+00  0.0000E+00  0.0000E+00  0.0000E+00  0.0000E+00  0.0000E+00  0.0000E+00  0.0000E+00  0.0000E+00  0.0000E+00
      7.910  0.0000E+00  0.0000E+00  0.0000E+00  0.0000E+00  0.0000E+00  0.0000E+00  0.0000E+00  0.0000E+00  0.0000E+00  0.0000E+00  0.0000E+00  0.0000E+00  0.0000E+00  0.0000E+00  0.0000E+00  0.0000E+00  0.0000E+00  0.0000E+00
      7.920  0.0000E+00  0.0000E+00  0.0000E+00  0.0000E+00  0.0000E+00  0.0000E+00  0.0000E+00  0.0000E+00  0.0000E+00  0.0000E+00  0.0000E+00  0.0000E+00  0.0000E+00  0.0000E+00  0.0000E+00  0.0000E+00  0.0000E+00  0.0000E+00
      7.930  0.0000E+00  0.0000E+00  0.0000E+00  0.0000E+00  0.0000E+00  0.0000E+00  0.0000E+00  0.0000E+00  0.0000E+00  0.0000E+00  0.0000E+00  0.0000E+00  0.0000E+00  0.0000E+00  0.0000E+00  0.0000E+00  0.0000E+00  0.0000E+00
      7.940  0.0000E+00  0.0000E+00  0.0000E+00  0.0000E+00  0.0000E+00  0.0000E+00  0.0000E+00  0.0000E+00  0.0000E+00  0.0000E+00  0.0000E+00  0.0000E+00  0.0000E+00  0.0000E+00  0.0000E+00  0.0000E+00  0.0000E+00  0.0000E+00
      7.950  0.0000E+00  0.0000E+00  0.0000E+00  0.0000E+00  0.0000E+00  0.0000E+00  0.0000E+00  0.0000E+00  0.0000E+00  0.0000E+00  0.0000E+00  0.0000E+00  0.0000E+00  0.0000E+00  0.0000E+00  0.0000E+00  0.0000E+00  0.0000E+00
      7.960  0.0000E+00  0.0000E+00  0.0000E+00  0.0000E+00  0.0000E+00  0.0000E+00  0.0000E+00  0.0000E+00  0.0000E+00  0.0000E+00  0.0000E+00  0.0000E+00  0.0000E+00  0.0000E+00  0.0000E+00  0.0000E+00  0.0000E+00  0.0000E+00
      7.970  0.0000E+00  0.0000E+00  0.0000E+00  0.0000E+00  0.0000E+00  0.0000E+00  0.0000E+00  0.0000E+00  0.0000E+00  0.0000E+00  0.0000E+00  0.0000E+00  0.0000E+00  0.0000E+00  0.0000E+00  0.0000E+00  0.0000E+00  0.0000E+00
      7.980  0.0000E+00  0.0000E+00  0.0000E+00  0.0000E+00  0.0000E+00  0.0000E+00  0.0000E+00  0.0000E+00  0.0000E+00  0.0000E+00  0.0000E+00  0.0000E+00  0.0000E+00  0.0000E+00  0.0000E+00  0.0000E+00  0.0000E+00  0.0000E+00
      7.990  0.0000E+00  0.0000E+00  0.0000E+00  0.0000E+00  0.0000E+00  0.0000E+00  0.0000E+00  0.0000E+00  0.0000E+00  0.0000E+00  0.0000E+00  0.0000E+00  0.0000E+00  0.0000E+00  0.0000E+00  0.0000E+00  0.0000E+00  0.0000E+00
      8.000  0.0000E+00  0.0000E+00  0.0000E+00  0.0000E+00  0.0000E+00  0.0000E+00  0.0000E+00  0.0000E+00  0.0000E+00  0.0000E+00  0.0000E+00  0.0000E+00  0.0000E+00  0.0000E+00  0.0000E+00  0.0000E+00  0.0000E+00  0.0000E+00
      8.010  0.0000E+00  0.0000E+00  0.0000E+00  0.0000E+00  0.0000E+00  0.0000E+00  0.0000E+00  0.0000E+00  0.0000E+00  0.0000E+00  0.0000E+00  0.0000E+00  0.0000E+00  0.0000E+00  0.0000E+00  0.0000E+00  0.0000E+00  0.0000E+00
      8.020  0.0000E+00  0.0000E+00  0.0000E+00  0.0000E+00  0.0000E+00  0.0000E+00  0.0000E+00  0.0000E+00  0.0000E+00  0.0000E+00  0.0000E+00  0.0000E+00  0.0000E+00  0.0000E+00  0.0000E+00  0.0000E+00  0.0000E+00  0.0000E+00
      8.030  0.0000E+00  0.0000E+00  0.0000E+00  0.0000E+00  0.0000E+00  0.0000E+00  0.0000E+00  0.0000E+00  0.0000E+00  0.0000E+00  0.0000E+00  0.0000E+00  0.0000E+00  0.0000E+00  0.0000E+00  0.0000E+00  0.0000E+00  0.0000E+00
      8.040  0.0000E+00  0.0000E+00  0.0000E+00  0.0000E+00  0.0000E+00  0.0000E+00  0.0000E+00  0.0000E+00  0.0000E+00  0.0000E+00  0.0000E+00  0.0000E+00  0.0000E+00  0.0000E+00  0.0000E+00  0.0000E+00  0.0000E+00  0.0000E+00
      8.050  0.0000E+00  0.0000E+00  0.0000E+00  0.0000E+00  0.0000E+00  0.0000E+00  0.0000E+00  0.0000E+00  0.0000E+00  0.0000E+00  0.0000E+00  0.0000E+00  0.0000E+00  0.0000E+00  0.0000E+00  0.0000E+00  0.0000E+00  0.0000E+00
      8.060  0.0000E+00  0.0000E+00  0.0000E+00  0.0000E+00  0.0000E+00  0.0000E+00  0.0000E+00  0.0000E+00  0.0000E+00  0.0000E+00  0.0000E+00  0.0000E+00  0.0000E+00  0.0000E+00  0.0000E+00  0.0000E+00  0.0000E+00  0.0000E+00
      8.070  0.0000E+00  0.0000E+00  0.0000E+00  0.0000E+00  0.0000E+00  0.0000E+00  0.0000E+00  0.0000E+00  0.0000E+00  0.0000E+00  0.0000E+00  0.0000E+00  0.0000E+00  0.0000E+00  0.0000E+00  0.0000E+00  0.0000E+00  0.0000E+00
      8.080  0.0000E+00  0.0000E+00  0.0000E+00  0.0000E+00  0.0000E+00  0.0000E+00  0.0000E+00  0.0000E+00  0.0000E+00  0.0000E+00  0.0000E+00  0.0000E+00  0.0000E+00  0.0000E+00  0.0000E+00  0.0000E+00  0.0000E+00  0.0000E+00
      8.090  0.0000E+00  0.0000E+00  0.0000E+00  0.0000E+00  0.0000E+00  0.0000E+00  0.0000E+00  0.0000E+00  0.0000E+00  0.0000E+00  0.0000E+00  0.0000E+00  0.0000E+00  0.0000E+00  0.0000E+00  0.0000E+00  0.0000E+00  0.0000E+00
      8.100  0.0000E+00  0.0000E+00  0.0000E+00  0.0000E+00  0.0000E+00  0.0000E+00  0.0000E+00  0.0000E+00  0.0000E+00  0.0000E+00  0.0000E+00  0.0000E+00  0.0000E+00  0.0000E+00  0.0000E+00  0.0000E+00  0.0000E+00  0.0000E+00
      8.110  0.0000E+00  0.0000E+00  0.0000E+00  0.0000E+00  0.0000E+00  0.0000E+00  0.0000E+00  0.0000E+00  0.0000E+00  0.0000E+00  0.0000E+00  0.0000E+00  0.0000E+00  0.0000E+00  0.0000E+00  0.0000E+00  0.0000E+00  0.0000E+00
      8.120  0.0000E+00  0.0000E+00  0.0000E+00  0.0000E+00  0.0000E+00  0.0000E+00  0.0000E+00  0.0000E+00  0.0000E+00  0.0000E+00  0.0000E+00  0.0000E+00  0.0000E+00  0.0000E+00  0.0000E+00  0.0000E+00  0.0000E+00  0.0000E+00
      8.130  0.0000E+00  0.0000E+00  0.0000E+00  0.0000E+00  0.0000E+00  0.0000E+00  0.0000E+00  0.0000E+00  0.0000E+00  0.0000E+00  0.0000E+00  0.0000E+00  0.0000E+00  0.0000E+00  0.0000E+00  0.0000E+00  0.0000E+00  0.0000E+00
      8.140  0.0000E+00  0.0000E+00  0.0000E+00  0.0000E+00  0.0000E+00  0.0000E+00  0.0000E+00  0.0000E+00  0.0000E+00  0.0000E+00  0.0000E+00  0.0000E+00  0.0000E+00  0.0000E+00  0.0000E+00  0.0000E+00  0.0000E+00  0.0000E+00
      8.150  0.0000E+00  0.0000E+00  0.0000E+00  0.0000E+00  0.0000E+00  0.0000E+00  0.0000E+00  0.0000E+00  0.0000E+00  0.0000E+00  0.0000E+00  0.0000E+00  0.0000E+00  0.0000E+00  0.0000E+00  0.0000E+00  0.0000E+00  0.0000E+00
      8.160  0.0000E+00  0.0000E+00  0.0000E+00  0.0000E+00  0.0000E+00  0.0000E+00  0.0000E+00  0.0000E+00  0.0000E+00  0.0000E+00  0.0000E+00  0.0000E+00  0.0000E+00  0.0000E+00  0.0000E+00  0.0000E+00  0.0000E+00  0.0000E+00
      8.170  0.0000E+00  0.0000E+00  0.0000E+00  0.0000E+00  0.0000E+00  0.0000E+00  0.0000E+00  0.0000E+00  0.0000E+00  0.0000E+00  0.0000E+00  0.0000E+00  0.0000E+00  0.0000E+00  0.0000E+00  0.0000E+00  0.0000E+00  0.0000E+00
      8.180  0.0000E+00  0.0000E+00  0.0000E+00  0.0000E+00  0.0000E+00  0.0000E+00  0.0000E+00  0.0000E+00  0.0000E+00  0.0000E+00  0.0000E+00  0.0000E+00  0.0000E+00  0.0000E+00  0.0000E+00  0.0000E+00  0.0000E+00  0.0000E+00
      8.190  0.0000E+00  0.0000E+00  0.0000E+00  0.0000E+00  0.0000E+00  0.0000E+00  0.0000E+00  0.0000E+00  0.0000E+00  0.0000E+00  0.0000E+00  0.0000E+00  0.0000E+00  0.0000E+00  0.0000E+00  0.0000E+00  0.0000E+00  0.0000E+00
      8.200  0.0000E+00  0.0000E+00  0.0000E+00  0.0000E+00  0.0000E+00  0.0000E+00  0.0000E+00  0.0000E+00  0.0000E+00  0.0000E+00  0.0000E+00  0.0000E+00  0.0000E+00  0.0000E+00  0.0000E+00  0.0000E+00  0.0000E+00  0.0000E+00
      8.210  0.0000E+00  0.0000E+00  0.0000E+00  0.0000E+00  0.0000E+00  0.0000E+00  0.0000E+00  0.0000E+00  0.0000E+00  0.0000E+00  0.0000E+00  0.0000E+00  0.0000E+00  0.0000E+00  0.0000E+00  0.0000E+00  0.0000E+00  0.0000E+00
      8.220  0.0000E+00  0.0000E+00  0.0000E+00  0.0000E+00  0.0000E+00  0.0000E+00  0.0000E+00  0.0000E+00  0.0000E+00  0.0000E+00  0.0000E+00  0.0000E+00  0.0000E+00  0.0000E+00  0.0000E+00  0.0000E+00  0.0000E+00  0.0000E+00
      8.230  0.0000E+00  0.0000E+00  0.0000E+00  0.0000E+00  0.0000E+00  0.0000E+00  0.0000E+00  0.0000E+00  0.0000E+00  0.0000E+00  0.0000E+00  0.0000E+00  0.0000E+00  0.0000E+00  0.0000E+00  0.0000E+00  0.0000E+00  0.0000E+00
      8.240  0.0000E+00  0.0000E+00  0.0000E+00  0.0000E+00  0.0000E+00  0.0000E+00  0.0000E+00  0.0000E+00  0.0000E+00  0.0000E+00  0.0000E+00  0.0000E+00  0.0000E+00  0.0000E+00  0.0000E+00  0.0000E+00  0.0000E+00  0.0000E+00
      8.250  0.0000E+00  0.0000E+00  0.0000E+00  0.0000E+00  0.0000E+00  0.0000E+00  0.0000E+00  0.0000E+00  0.0000E+00  0.0000E+00  0.0000E+00  0.0000E+00  0.0000E+00  0.0000E+00  0.0000E+00  0.0000E+00  0.0000E+00  0.0000E+00
      8.260  0.0000E+00  0.0000E+00  0.0000E+00  0.0000E+00  0.0000E+00  0.0000E+00  0.0000E+00  0.0000E+00  0.0000E+00  0.0000E+00  0.0000E+00  0.0000E+00  0.0000E+00  0.0000E+00  0.0000E+00  0.0000E+00  0.0000E+00  0.0000E+00
      8.270  0.0000E+00  0.0000E+00  0.0000E+00  0.0000E+00  0.0000E+00  0.0000E+00  0.0000E+00  0.0000E+00  0.0000E+00  0.0000E+00  0.0000E+00  0.0000E+00  0.0000E+00  0.0000E+00  0.0000E+00  0.0000E+00  0.0000E+00  0.0000E+00
      8.280  0.0000E+00  0.0000E+00  0.0000E+00  0.0000E+00  0.0000E+00  0.0000E+00  0.0000E+00  0.0000E+00  0.0000E+00  0.0000E+00  0.0000E+00  0.0000E+00  0.0000E+00  0.0000E+00  0.0000E+00  0.0000E+00  0.0000E+00  0.0000E+00
      8.290  0.0000E+00  0.0000E+00  0.0000E+00  0.0000E+00  0.0000E+00  0.0000E+00  0.0000E+00  0.0000E+00  0.0000E+00  0.0000E+00  0.0000E+00  0.0000E+00  0.0000E+00  0.0000E+00  0.0000E+00  0.0000E+00  0.0000E+00  0.0000E+00
      8.300  0.0000E+00  0.0000E+00  0.0000E+00  0.0000E+00  0.0000E+00  0.0000E+00  0.0000E+00  0.0000E+00  0.0000E+00  0.0000E+00  0.0000E+00  0.0000E+00  0.0000E+00  0.0000E+00  0.0000E+00  0.0000E+00  0.0000E+00  0.0000E+00
      8.310  0.0000E+00  0.0000E+00  0.0000E+00  0.0000E+00  0.0000E+00  0.0000E+00  0.0000E+00  0.0000E+00  0.0000E+00  0.0000E+00  0.0000E+00  0.0000E+00  0.0000E+00  0.0000E+00  0.0000E+00  0.0000E+00  0.0000E+00  0.0000E+00
      8.320  0.0000E+00  0.0000E+00  0.0000E+00  0.0000E+00  0.0000E+00  0.0000E+00  0.0000E+00  0.0000E+00  0.0000E+00  0.0000E+00  0.0000E+00  0.0000E+00  0.0000E+00  0.0000E+00  0.0000E+00  0.0000E+00  0.0000E+00  0.0000E+00
      8.330  0.0000E+00  0.0000E+00  0.0000E+00  0.0000E+00  0.0000E+00  0.0000E+00  0.0000E+00  0.0000E+00  0.0000E+00  0.0000E+00  0.0000E+00  0.0000E+00  0.0000E+00  0.0000E+00  0.0000E+00  0.0000E+00  0.0000E+00  0.0000E+00
      8.340  0.0000E+00  0.0000E+00  0.0000E+00  0.0000E+00  0.0000E+00  0.0000E+00  0.0000E+00  0.0000E+00  0.0000E+00  0.0000E+00  0.0000E+00  0.0000E+00  0.0000E+00  0.0000E+00  0.0000E+00  0.0000E+00  0.0000E+00  0.0000E+00
      8.350  0.0000E+00  0.0000E+00  0.0000E+00  0.0000E+00  0.0000E+00  0.0000E+00  0.0000E+00  0.0000E+00  0.0000E+00  0.0000E+00  0.0000E+00  0.0000E+00  0.0000E+00  0.0000E+00  0.0000E+00  0.0000E+00  0.0000E+00  0.0000E+00
      8.360  0.0000E+00  0.0000E+00  0.0000E+00  0.0000E+00  0.0000E+00  0.0000E+00  0.0000E+00  0.0000E+00  0.0000E+00  0.0000E+00  0.0000E+00  0.0000E+00  0.0000E+00  0.0000E+00  0.0000E+00  0.0000E+00  0.0000E+00  0.0000E+00
      8.370  0.0000E+00  0.0000E+00  0.0000E+00  0.0000E+00  0.0000E+00  0.0000E+00  0.0000E+00  0.0000E+00  0.0000E+00  0.0000E+00  0.0000E+00  0.0000E+00  0.0000E+00  0.0000E+00  0.0000E+00  0.0000E+00  0.0000E+00  0.0000E+00
      8.380  0.0000E+00  0.0000E+00  0.0000E+00  0.0000E+00  0.0000E+00  0.0000E+00  0.0000E+00  0.0000E+00  0.0000E+00  0.0000E+00  0.0000E+00  0.0000E+00  0.0000E+00  0.0000E+00  0.0000E+00  0.0000E+00  0.0000E+00  0.0000E+00
      8.390  0.0000E+00  0.0000E+00  0.0000E+00  0.0000E+00  0.0000E+00  0.0000E+00  0.0000E+00  0.0000E+00  0.0000E+00  0.0000E+00  0.0000E+00  0.0000E+00  0.0000E+00  0.0000E+00  0.0000E+00  0.0000E+00  0.0000E+00  0.0000E+00
      8.400  0.0000E+00  0.0000E+00  0.0000E+00  0.0000E+00  0.0000E+00  0.0000E+00  0.0000E+00  0.0000E+00  0.0000E+00  0.0000E+00  0.0000E+00  0.0000E+00  0.0000E+00  0.0000E+00  0.0000E+00  0.0000E+00  0.0000E+00  0.0000E+00
      8.410  0.0000E+00  0.0000E+00  0.0000E+00  0.0000E+00  0.0000E+00  0.0000E+00  0.0000E+00  0.0000E+00  0.0000E+00  0.0000E+00  0.0000E+00  0.0000E+00  0.0000E+00  0.0000E+00  0.0000E+00  0.0000E+00  0.0000E+00  0.0000E+00
      8.420  0.0000E+00  0.0000E+00  0.0000E+00  0.0000E+00  0.0000E+00  0.0000E+00  0.0000E+00  0.0000E+00  0.0000E+00  0.0000E+00  0.0000E+00  0.0000E+00  0.0000E+00  0.0000E+00  0.0000E+00  0.0000E+00  0.0000E+00  0.0000E+00
      8.430  0.0000E+00  0.0000E+00  0.0000E+00  0.0000E+00  0.0000E+00  0.0000E+00  0.0000E+00  0.0000E+00  0.0000E+00  0.0000E+00  0.0000E+00  0.0000E+00  0.0000E+00  0.0000E+00  0.0000E+00  0.0000E+00  0.0000E+00  0.0000E+00
      8.440  0.0000E+00  0.0000E+00  0.0000E+00  0.0000E+00  0.0000E+00  0.0000E+00  0.0000E+00  0.0000E+00  0.0000E+00  0.0000E+00  0.0000E+00  0.0000E+00  0.0000E+00  0.0000E+00  0.0000E+00  0.0000E+00  0.0000E+00  0.0000E+00
      8.450  0.0000E+00  0.0000E+00  0.0000E+00  0.0000E+00  0.0000E+00  0.0000E+00  0.0000E+00  0.0000E+00  0.0000E+00  0.0000E+00  0.0000E+00  0.0000E+00  0.0000E+00  0.0000E+00  0.0000E+00  0.0000E+00  0.0000E+00  0.0000E+00
      8.460  0.0000E+00  0.0000E+00  0.0000E+00  0.0000E+00  0.0000E+00  0.0000E+00  0.0000E+00  0.0000E+00  0.0000E+00  0.0000E+00  0.0000E+00  0.0000E+00  0.0000E+00  0.0000E+00  0.0000E+00  0.0000E+00  0.0000E+00  0.0000E+00
      8.470  0.0000E+00  0.0000E+00  0.0000E+00  0.0000E+00  0.0000E+00  0.0000E+00  0.0000E+00  0.0000E+00  0.0000E+00  0.0000E+00  0.0000E+00  0.0000E+00  0.0000E+00  0.0000E+00  0.0000E+00  0.0000E+00  0.0000E+00  0.0000E+00
      8.481  0.0000E+00  0.0000E+00  0.0000E+00  0.0000E+00  0.0000E+00  0.0000E+00  0.0000E+00  0.0000E+00  0.0000E+00  0.0000E+00  0.0000E+00  0.0000E+00  0.0000E+00  0.0000E+00  0.0000E+00  0.0000E+00  0.0000E+00  0.0000E+00
      8.491  0.0000E+00  0.0000E+00  0.0000E+00  0.0000E+00  0.0000E+00  0.0000E+00  0.0000E+00  0.0000E+00  0.0000E+00  0.0000E+00  0.0000E+00  0.0000E+00  0.0000E+00  0.0000E+00  0.0000E+00  0.0000E+00  0.0000E+00  0.0000E+00
      8.501  0.0000E+00  0.0000E+00  0.0000E+00  0.0000E+00  0.0000E+00  0.0000E+00  0.0000E+00  0.0000E+00  0.0000E+00  0.0000E+00  0.0000E+00  0.0000E+00  0.0000E+00  0.0000E+00  0.0000E+00  0.0000E+00  0.0000E+00  0.0000E+00
      8.511  0.0000E+00  0.0000E+00  0.0000E+00  0.0000E+00  0.0000E+00  0.0000E+00  0.0000E+00  0.0000E+00  0.0000E+00  0.0000E+00  0.0000E+00  0.0000E+00  0.0000E+00  0.0000E+00  0.0000E+00  0.0000E+00  0.0000E+00  0.0000E+00
      8.521  0.0000E+00  0.0000E+00  0.0000E+00  0.0000E+00  0.0000E+00  0.0000E+00  0.0000E+00  0.0000E+00  0.0000E+00  0.0000E+00  0.0000E+00  0.0000E+00  0.0000E+00  0.0000E+00  0.0000E+00  0.0000E+00  0.0000E+00  0.0000E+00
      8.531  0.0000E+00  0.0000E+00  0.0000E+00  0.0000E+00  0.0000E+00  0.0000E+00  0.0000E+00  0.0000E+00  0.0000E+00  0.0000E+00  0.0000E+00  0.0000E+00  0.0000E+00  0.0000E+00  0.0000E+00  0.0000E+00  0.0000E+00  0.0000E+00
      8.541  0.0000E+00  0.0000E+00  0.0000E+00  0.0000E+00  0.0000E+00  0.0000E+00  0.0000E+00  0.0000E+00  0.0000E+00  0.0000E+00  0.0000E+00  0.0000E+00  0.0000E+00  0.0000E+00  0.0000E+00  0.0000E+00  0.0000E+00  0.0000E+00
      8.551  0.0000E+00  0.0000E+00  0.0000E+00  0.0000E+00  0.0000E+00  0.0000E+00  0.0000E+00  0.0000E+00  0.0000E+00  0.0000E+00  0.0000E+00  0.0000E+00  0.0000E+00  0.0000E+00  0.0000E+00  0.0000E+00  0.0000E+00  0.0000E+00
      8.561  0.0000E+00  0.0000E+00  0.0000E+00  0.0000E+00  0.0000E+00  0.0000E+00  0.0000E+00  0.0000E+00  0.0000E+00  0.0000E+00  0.0000E+00  0.0000E+00  0.0000E+00  0.0000E+00  0.0000E+00  0.0000E+00  0.0000E+00  0.0000E+00
      8.571  0.0000E+00  0.0000E+00  0.0000E+00  0.0000E+00  0.0000E+00  0.0000E+00  0.0000E+00  0.0000E+00  0.0000E+00  0.0000E+00  0.0000E+00  0.0000E+00  0.0000E+00  0.0000E+00  0.0000E+00  0.0000E+00  0.0000E+00  0.0000E+00
      8.581  0.0000E+00  0.0000E+00  0.0000E+00  0.0000E+00  0.0000E+00  0.0000E+00  0.0000E+00  0.0000E+00  0.0000E+00  0.0000E+00  0.0000E+00  0.0000E+00  0.0000E+00  0.0000E+00  0.0000E+00  0.0000E+00  0.0000E+00  0.0000E+00
      8.591  0.0000E+00  0.0000E+00  0.0000E+00  0.0000E+00  0.0000E+00  0.0000E+00  0.0000E+00  0.0000E+00  0.0000E+00  0.0000E+00  0.0000E+00  0.0000E+00  0.0000E+00  0.0000E+00  0.0000E+00  0.0000E+00  0.0000E+00  0.0000E+00
      8.601  0.0000E+00  0.0000E+00  0.0000E+00  0.0000E+00  0.0000E+00  0.0000E+00  0.0000E+00  0.0000E+00  0.0000E+00  0.0000E+00  0.0000E+00  0.0000E+00  0.0000E+00  0.0000E+00  0.0000E+00  0.0000E+00  0.0000E+00  0.0000E+00
      8.611  0.0000E+00  0.0000E+00  0.0000E+00  0.0000E+00  0.0000E+00  0.0000E+00  0.0000E+00  0.0000E+00  0.0000E+00  0.0000E+00  0.0000E+00  0.0000E+00  0.0000E+00  0.0000E+00  0.0000E+00  0.0000E+00  0.0000E+00  0.0000E+00
      8.621  0.0000E+00  0.0000E+00  0.0000E+00  0.0000E+00  0.0000E+00  0.0000E+00  0.0000E+00  0.0000E+00  0.0000E+00  0.0000E+00  0.0000E+00  0.0000E+00  0.0000E+00  0.0000E+00  0.0000E+00  0.0000E+00  0.0000E+00  0.0000E+00
      8.631  0.0000E+00  0.0000E+00  0.0000E+00  0.0000E+00  0.0000E+00  0.0000E+00  0.0000E+00  0.0000E+00  0.0000E+00  0.0000E+00  0.0000E+00  0.0000E+00  0.0000E+00  0.0000E+00  0.0000E+00  0.0000E+00  0.0000E+00  0.0000E+00
      8.641  0.0000E+00  0.0000E+00  0.0000E+00  0.0000E+00  0.0000E+00  0.0000E+00  0.0000E+00  0.0000E+00  0.0000E+00  0.0000E+00  0.0000E+00  0.0000E+00  0.0000E+00  0.0000E+00  0.0000E+00  0.0000E+00  0.0000E+00  0.0000E+00
      8.651  0.0000E+00  0.0000E+00  0.0000E+00  0.0000E+00  0.0000E+00  0.0000E+00  0.0000E+00  0.0000E+00  0.0000E+00  0.0000E+00  0.0000E+00  0.0000E+00  0.0000E+00  0.0000E+00  0.0000E+00  0.0000E+00  0.0000E+00  0.0000E+00
      8.661  0.0000E+00  0.0000E+00  0.0000E+00  0.0000E+00  0.0000E+00  0.0000E+00  0.0000E+00  0.0000E+00  0.0000E+00  0.0000E+00  0.0000E+00  0.0000E+00  0.0000E+00  0.0000E+00  0.0000E+00  0.0000E+00  0.0000E+00  0.0000E+00
      8.671  0.0000E+00  0.0000E+00  0.0000E+00  0.0000E+00  0.0000E+00  0.0000E+00  0.0000E+00  0.0000E+00  0.0000E+00  0.0000E+00  0.0000E+00  0.0000E+00  0.0000E+00  0.0000E+00  0.0000E+00  0.0000E+00  0.0000E+00  0.0000E+00
      8.681  0.0000E+00  0.0000E+00  0.0000E+00  0.0000E+00  0.0000E+00  0.0000E+00  0.0000E+00  0.0000E+00  0.0000E+00  0.0000E+00  0.0000E+00  0.0000E+00  0.0000E+00  0.0000E+00  0.0000E+00  0.0000E+00  0.0000E+00  0.0000E+00
      8.691  0.0000E+00  0.0000E+00  0.0000E+00  0.0000E+00  0.0000E+00  0.0000E+00  0.0000E+00  0.0000E+00  0.0000E+00  0.0000E+00  0.0000E+00  0.0000E+00  0.0000E+00  0.0000E+00  0.0000E+00  0.0000E+00  0.0000E+00  0.0000E+00
      8.701  0.0000E+00  0.0000E+00  0.0000E+00  0.0000E+00  0.0000E+00  0.0000E+00  0.0000E+00  0.0000E+00  0.0000E+00  0.0000E+00  0.0000E+00  0.0000E+00  0.0000E+00  0.0000E+00  0.0000E+00  0.0000E+00  0.0000E+00  0.0000E+00
      8.711  0.0000E+00  0.0000E+00  0.0000E+00  0.0000E+00  0.0000E+00  0.0000E+00  0.0000E+00  0.0000E+00  0.0000E+00  0.0000E+00  0.0000E+00  0.0000E+00  0.0000E+00  0.0000E+00  0.0000E+00  0.0000E+00  0.0000E+00  0.0000E+00
      8.721  0.0000E+00  0.0000E+00  0.0000E+00  0.0000E+00  0.0000E+00  0.0000E+00  0.0000E+00  0.0000E+00  0.0000E+00  0.0000E+00  0.0000E+00  0.0000E+00  0.0000E+00  0.0000E+00  0.0000E+00  0.0000E+00  0.0000E+00  0.0000E+00
      8.731  0.0000E+00  0.0000E+00  0.0000E+00  0.0000E+00  0.0000E+00  0.0000E+00  0.0000E+00  0.0000E+00  0.0000E+00  0.0000E+00  0.0000E+00  0.0000E+00  0.0000E+00  0.0000E+00  0.0000E+00  0.0000E+00  0.0000E+00  0.0000E+00
      8.741  0.0000E+00  0.0000E+00  0.0000E+00  0.0000E+00  0.0000E+00  0.0000E+00  0.0000E+00  0.0000E+00  0.0000E+00  0.0000E+00  0.0000E+00  0.0000E+00  0.0000E+00  0.0000E+00  0.0000E+00  0.0000E+00  0.0000E+00  0.0000E+00
      8.751  0.0000E+00  0.0000E+00  0.0000E+00  0.0000E+00  0.0000E+00  0.0000E+00  0.0000E+00  0.0000E+00  0.0000E+00  0.0000E+00  0.0000E+00  0.0000E+00  0.0000E+00  0.0000E+00  0.0000E+00  0.0000E+00  0.0000E+00  0.0000E+00
      8.761  0.0000E+00  0.0000E+00  0.0000E+00  0.0000E+00  0.0000E+00  0.0000E+00  0.0000E+00  0.0000E+00  0.0000E+00  0.0000E+00  0.0000E+00  0.0000E+00  0.0000E+00  0.0000E+00  0.0000E+00  0.0000E+00  0.0000E+00  0.0000E+00
      8.771  0.0000E+00  0.0000E+00  0.0000E+00  0.0000E+00  0.0000E+00  0.0000E+00  0.0000E+00  0.0000E+00  0.0000E+00  0.0000E+00  0.0000E+00  0.0000E+00  0.0000E+00  0.0000E+00  0.0000E+00  0.0000E+00  0.0000E+00  0.0000E+00
      8.781  0.0000E+00  0.0000E+00  0.0000E+00  0.0000E+00  0.0000E+00  0.0000E+00  0.0000E+00  0.0000E+00  0.0000E+00  0.0000E+00  0.0000E+00  0.0000E+00  0.0000E+00  0.0000E+00  0.0000E+00  0.0000E+00  0.0000E+00  0.0000E+00
      8.791  0.0000E+00  0.0000E+00  0.0000E+00  0.0000E+00  0.0000E+00  0.0000E+00  0.0000E+00  0.0000E+00  0.0000E+00  0.0000E+00  0.0000E+00  0.0000E+00  0.0000E+00  0.0000E+00  0.0000E+00  0.0000E+00  0.0000E+00  0.0000E+00
      8.801  0.0000E+00  0.0000E+00  0.0000E+00  0.0000E+00  0.0000E+00  0.0000E+00  0.0000E+00  0.0000E+00  0.0000E+00  0.0000E+00  0.0000E+00  0.0000E+00  0.0000E+00  0.0000E+00  0.0000E+00  0.0000E+00  0.0000E+00  0.0000E+00
      8.811  0.0000E+00  0.0000E+00  0.0000E+00  0.0000E+00  0.0000E+00  0.0000E+00  0.0000E+00  0.0000E+00  0.0000E+00  0.0000E+00  0.0000E+00  0.0000E+00  0.0000E+00  0.0000E+00  0.0000E+00  0.0000E+00  0.0000E+00  0.0000E+00
      8.821  0.0000E+00  0.0000E+00  0.0000E+00  0.0000E+00  0.0000E+00  0.0000E+00  0.0000E+00  0.0000E+00  0.0000E+00  0.0000E+00  0.0000E+00  0.0000E+00  0.0000E+00  0.0000E+00  0.0000E+00  0.0000E+00  0.0000E+00  0.0000E+00
      8.831  0.0000E+00  0.0000E+00  0.0000E+00  0.0000E+00  0.0000E+00  0.0000E+00  0.0000E+00  0.0000E+00  0.0000E+00  0.0000E+00  0.0000E+00  0.0000E+00  0.0000E+00  0.0000E+00  0.0000E+00  0.0000E+00  0.0000E+00  0.0000E+00
      8.841  0.0000E+00  0.0000E+00  0.0000E+00  0.0000E+00  0.0000E+00  0.0000E+00  0.0000E+00  0.0000E+00  0.0000E+00  0.0000E+00  0.0000E+00  0.0000E+00  0.0000E+00  0.0000E+00  0.0000E+00  0.0000E+00  0.0000E+00  0.0000E+00
      8.851  0.0000E+00  0.0000E+00  0.0000E+00  0.0000E+00  0.0000E+00  0.0000E+00  0.0000E+00  0.0000E+00  0.0000E+00  0.0000E+00  0.0000E+00  0.0000E+00  0.0000E+00  0.0000E+00  0.0000E+00  0.0000E+00  0.0000E+00  0.0000E+00
      8.861  0.0000E+00  0.0000E+00  0.0000E+00  0.0000E+00  0.0000E+00  0.0000E+00  0.0000E+00  0.0000E+00  0.0000E+00  0.0000E+00  0.0000E+00  0.0000E+00  0.0000E+00  0.0000E+00  0.0000E+00  0.0000E+00  0.0000E+00  0.0000E+00
      8.871  0.0000E+00  0.0000E+00  0.0000E+00  0.0000E+00  0.0000E+00  0.0000E+00  0.0000E+00  0.0000E+00  0.0000E+00  0.0000E+00  0.0000E+00  0.0000E+00  0.0000E+00  0.0000E+00  0.0000E+00  0.0000E+00  0.0000E+00  0.0000E+00
      8.881  0.0000E+00  0.0000E+00  0.0000E+00  0.0000E+00  0.0000E+00  0.0000E+00  0.0000E+00  0.0000E+00  0.0000E+00  0.0000E+00  0.0000E+00  0.0000E+00  0.0000E+00  0.0000E+00  0.0000E+00  0.0000E+00  0.0000E+00  0.0000E+00
      8.891  0.0000E+00  0.0000E+00  0.0000E+00  0.0000E+00  0.0000E+00  0.0000E+00  0.0000E+00  0.0000E+00  0.0000E+00  0.0000E+00  0.0000E+00  0.0000E+00  0.0000E+00  0.0000E+00  0.0000E+00  0.0000E+00  0.0000E+00  0.0000E+00
      8.901  0.0000E+00  0.0000E+00  0.0000E+00  0.0000E+00  0.0000E+00  0.0000E+00  0.0000E+00  0.0000E+00  0.0000E+00  0.0000E+00  0.0000E+00  0.0000E+00  0.0000E+00  0.0000E+00  0.0000E+00  0.0000E+00  0.0000E+00  0.0000E+00
      8.911  0.0000E+00  0.0000E+00  0.0000E+00  0.0000E+00  0.0000E+00  0.0000E+00  0.0000E+00  0.0000E+00  0.0000E+00  0.0000E+00  0.0000E+00  0.0000E+00  0.0000E+00  0.0000E+00  0.0000E+00  0.0000E+00  0.0000E+00  0.0000E+00
      8.921  0.0000E+00  0.0000E+00  0.0000E+00  0.0000E+00  0.0000E+00  0.0000E+00  0.0000E+00  0.0000E+00  0.0000E+00  0.0000E+00  0.0000E+00  0.0000E+00  0.0000E+00  0.0000E+00  0.0000E+00  0.0000E+00  0.0000E+00  0.0000E+00
      8.931  0.0000E+00  0.0000E+00  0.0000E+00  0.0000E+00  0.0000E+00  0.0000E+00  0.0000E+00  0.0000E+00  0.0000E+00  0.0000E+00  0.0000E+00  0.0000E+00  0.0000E+00  0.0000E+00  0.0000E+00  0.0000E+00  0.0000E+00  0.0000E+00
      8.941  0.0000E+00  0.0000E+00  0.0000E+00  0.0000E+00  0.0000E+00  0.0000E+00  0.0000E+00  0.0000E+00  0.0000E+00  0.0000E+00  0.0000E+00  0.0000E+00  0.0000E+00  0.0000E+00  0.0000E+00  0.0000E+00  0.0000E+00  0.0000E+00
      8.951  0.0000E+00  0.0000E+00  0.0000E+00  0.0000E+00  0.0000E+00  0.0000E+00  0.0000E+00  0.0000E+00  0.0000E+00  0.0000E+00  0.0000E+00  0.0000E+00  0.0000E+00  0.0000E+00  0.0000E+00  0.0000E+00  0.0000E+00  0.0000E+00
      8.961  0.0000E+00  0.0000E+00  0.0000E+00  0.0000E+00  0.0000E+00  0.0000E+00  0.0000E+00  0.0000E+00  0.0000E+00  0.0000E+00  0.0000E+00  0.0000E+00  0.0000E+00  0.0000E+00  0.0000E+00  0.0000E+00  0.0000E+00  0.0000E+00
      8.971  0.0000E+00  0.0000E+00  0.0000E+00  0.0000E+00  0.0000E+00  0.0000E+00  0.0000E+00  0.0000E+00  0.0000E+00  0.0000E+00  0.0000E+00  0.0000E+00  0.0000E+00  0.0000E+00  0.0000E+00  0.0000E+00  0.0000E+00  0.0000E+00
      8.981  0.0000E+00  0.0000E+00  0.0000E+00  0.0000E+00  0.0000E+00  0.0000E+00  0.0000E+00  0.0000E+00  0.0000E+00  0.0000E+00  0.0000E+00  0.0000E+00  0.0000E+00  0.0000E+00  0.0000E+00  0.0000E+00  0.0000E+00  0.0000E+00
      8.991  0.0000E+00  0.0000E+00  0.0000E+00  0.0000E+00  0.0000E+00  0.0000E+00  0.0000E+00  0.0000E+00  0.0000E+00  0.0000E+00  0.0000E+00  0.0000E+00  0.0000E+00  0.0000E+00  0.0000E+00  0.0000E+00  0.0000E+00  0.0000E+00
      9.001  0.0000E+00  0.0000E+00  0.0000E+00  0.0000E+00  0.0000E+00  0.0000E+00  0.0000E+00  0.0000E+00  0.0000E+00  0.0000E+00  0.0000E+00  0.0000E+00  0.0000E+00  0.0000E+00  0.0000E+00  0.0000E+00  0.0000E+00  0.0000E+00
      9.011  0.0000E+00  0.0000E+00  0.0000E+00  0.0000E+00  0.0000E+00  0.0000E+00  0.0000E+00  0.0000E+00  0.0000E+00  0.0000E+00  0.0000E+00  0.0000E+00  0.0000E+00  0.0000E+00  0.0000E+00  0.0000E+00  0.0000E+00  0.0000E+00
      9.021  0.0000E+00  0.0000E+00  0.0000E+00  0.0000E+00  0.0000E+00  0.0000E+00  0.0000E+00  0.0000E+00  0.0000E+00  0.0000E+00  0.0000E+00  0.0000E+00  0.0000E+00  0.0000E+00  0.0000E+00  0.0000E+00  0.0000E+00  0.0000E+00
      9.031  0.0000E+00  0.0000E+00  0.0000E+00  0.0000E+00  0.0000E+00  0.0000E+00  0.0000E+00  0.0000E+00  0.0000E+00  0.0000E+00  0.0000E+00  0.0000E+00  0.0000E+00  0.0000E+00  0.0000E+00  0.0000E+00  0.0000E+00  0.0000E+00
      9.041  0.0000E+00  0.0000E+00  0.0000E+00  0.0000E+00  0.0000E+00  0.0000E+00  0.0000E+00  0.0000E+00  0.0000E+00  0.0000E+00  0.0000E+00  0.0000E+00  0.0000E+00  0.0000E+00  0.0000E+00  0.0000E+00  0.0000E+00  0.0000E+00
      9.051  0.0000E+00  0.0000E+00  0.0000E+00  0.0000E+00  0.0000E+00  0.0000E+00  0.0000E+00  0.0000E+00  0.0000E+00  0.0000E+00  0.0000E+00  0.0000E+00  0.0000E+00  0.0000E+00  0.0000E+00  0.0000E+00  0.0000E+00  0.0000E+00
      9.061  0.0000E+00  0.0000E+00  0.0000E+00  0.0000E+00  0.0000E+00  0.0000E+00  0.0000E+00  0.0000E+00  0.0000E+00  0.0000E+00  0.0000E+00  0.0000E+00  0.0000E+00  0.0000E+00  0.0000E+00  0.0000E+00  0.0000E+00  0.0000E+00
      9.071  0.0000E+00  0.0000E+00  0.0000E+00  0.0000E+00  0.0000E+00  0.0000E+00  0.0000E+00  0.0000E+00  0.0000E+00  0.0000E+00  0.0000E+00  0.0000E+00  0.0000E+00  0.0000E+00  0.0000E+00  0.0000E+00  0.0000E+00  0.0000E+00
      9.081  0.0000E+00  0.0000E+00  0.0000E+00  0.0000E+00  0.0000E+00  0.0000E+00  0.0000E+00  0.0000E+00  0.0000E+00  0.0000E+00  0.0000E+00  0.0000E+00  0.0000E+00  0.0000E+00  0.0000E+00  0.0000E+00  0.0000E+00  0.0000E+00
      9.091  0.0000E+00  0.0000E+00  0.0000E+00  0.0000E+00  0.0000E+00  0.0000E+00  0.0000E+00  0.0000E+00  0.0000E+00  0.0000E+00  0.0000E+00  0.0000E+00  0.0000E+00  0.0000E+00  0.0000E+00  0.0000E+00  0.0000E+00  0.0000E+00
      9.101  0.0000E+00  0.0000E+00  0.0000E+00  0.0000E+00  0.0000E+00  0.0000E+00  0.0000E+00  0.0000E+00  0.0000E+00  0.0000E+00  0.0000E+00  0.0000E+00  0.0000E+00  0.0000E+00  0.0000E+00  0.0000E+00  0.0000E+00  0.0000E+00
      9.111  0.0000E+00  0.0000E+00  0.0000E+00  0.0000E+00  0.0000E+00  0.0000E+00  0.0000E+00  0.0000E+00  0.0000E+00  0.0000E+00  0.0000E+00  0.0000E+00  0.0000E+00  0.0000E+00  0.0000E+00  0.0000E+00  0.0000E+00  0.0000E+00
      9.121  0.0000E+00  0.0000E+00  0.0000E+00  0.0000E+00  0.0000E+00  0.0000E+00  0.0000E+00  0.0000E+00  0.0000E+00  0.0000E+00  0.0000E+00  0.0000E+00  0.0000E+00  0.0000E+00  0.0000E+00  0.0000E+00  0.0000E+00  0.0000E+00
      9.131  0.0000E+00  0.0000E+00  0.0000E+00  0.0000E+00  0.0000E+00  0.0000E+00  0.0000E+00  0.0000E+00  0.0000E+00  0.0000E+00  0.0000E+00  0.0000E+00  0.0000E+00  0.0000E+00  0.0000E+00  0.0000E+00  0.0000E+00  0.0000E+00
      9.141  0.0000E+00  0.0000E+00  0.0000E+00  0.0000E+00  0.0000E+00  0.0000E+00  0.0000E+00  0.0000E+00  0.0000E+00  0.0000E+00  0.0000E+00  0.0000E+00  0.0000E+00  0.0000E+00  0.0000E+00  0.0000E+00  0.0000E+00  0.0000E+00
      9.151  0.0000E+00  0.0000E+00  0.0000E+00  0.0000E+00  0.0000E+00  0.0000E+00  0.0000E+00  0.0000E+00  0.0000E+00  0.0000E+00  0.0000E+00  0.0000E+00  0.0000E+00  0.0000E+00  0.0000E+00  0.0000E+00  0.0000E+00  0.0000E+00
      9.161  0.0000E+00  0.0000E+00  0.0000E+00  0.0000E+00  0.0000E+00  0.0000E+00  0.0000E+00  0.0000E+00  0.0000E+00  0.0000E+00  0.0000E+00  0.0000E+00  0.0000E+00  0.0000E+00  0.0000E+00  0.0000E+00  0.0000E+00  0.0000E+00
      9.171  0.0000E+00  0.0000E+00  0.0000E+00  0.0000E+00  0.0000E+00  0.0000E+00  0.0000E+00  0.0000E+00  0.0000E+00  0.0000E+00  0.0000E+00  0.0000E+00  0.0000E+00  0.0000E+00  0.0000E+00  0.0000E+00  0.0000E+00  0.0000E+00
