      7.00000000     -7.00000000 1400     -2.12817744      1.00000000
     -4.872  0.6325E-01  0.1591E-01  0.8211E-03  0.8084E-04  0.1264E-01  0.5268E-02  0.1549E-02  0.1572E-03  0.3375E-04  0.4872E-05  0.3661E-01  0.1264E-02  0.3105E+00  0.4676E-01  0.6652E-01  0.2526E-02  0.6760E-04  0.6803E-05
     -4.862  0.5873E-01  0.2805E-01  0.8523E-03  0.1266E-03  0.1169E-01  0.9216E-02  0.1464E-02  0.2446E-03  0.3242E-04  0.6850E-05  0.3832E-01  0.1995E-02  0.2889E+00  0.8170E-01  0.6317E-01  0.3943E-02  0.6338E-04  0.7668E-05
     -4.852  0.5822E-01  0.2914E-01  0.9318E-03  0.1401E-03  0.1155E-01  0.9554E-02  0.1382E-02  0.2033E-03  0.3331E-04  0.6974E-05  0.4218E-01  0.2221E-02  0.2876E+00  0.8571E-01  0.5996E-01  0.3277E-02  0.6126E-04  0.8715E-05
     -4.842  0.5065E-01  0.3802E-01  0.9361E-03  0.1859E-03  0.1002E-01  0.1245E-01  0.1249E-02  0.2499E-03  0.2846E-04  0.8337E-05  0.4279E-01  0.2961E-02  0.2514E+00  0.1120E+00  0.5455E-01  0.4034E-02  0.5692E-04  0.1124E-04
     -4.832  0.4097E-01  0.4816E-01  0.8553E-03  0.2318E-03  0.8090E-02  0.1577E-01  0.1093E-02  0.3147E-03  0.2104E-04  0.1051E-04  0.3945E-01  0.3700E-02  0.2043E+00  0.1421E+00  0.4802E-01  0.5084E-02  0.5026E-04  0.1422E-04
     -4.822  0.3613E-01  0.4652E-01  0.8186E-03  0.2260E-03  0.7115E-02  0.1521E-01  0.1083E-02  0.3156E-03  0.1700E-04  0.9977E-05  0.3801E-01  0.3607E-02  0.1806E+00  0.1377E+00  0.4782E-01  0.5108E-02  0.4936E-04  0.1523E-04
     -4.812  0.3642E-01  0.4169E-01  0.8912E-03  0.1832E-03  0.7154E-02  0.1361E-01  0.1137E-02  0.2874E-03  0.1906E-04  0.8168E-05  0.4153E-01  0.2924E-02  0.1825E+00  0.1237E+00  0.5042E-01  0.4655E-02  0.5313E-04  0.1397E-04
     -4.802  0.3707E-01  0.3677E-01  0.9788E-03  0.1475E-03  0.7248E-02  0.1199E-01  0.1390E-02  0.2580E-03  0.2184E-04  0.6838E-05  0.4578E-01  0.2354E-02  0.1859E+00  0.1094E+00  0.6213E-01  0.4181E-02  0.5829E-04  0.1262E-04
     -4.792  0.3801E-01  0.3613E-01  0.1075E-02  0.1391E-03  0.7389E-02  0.1176E-01  0.1725E-02  0.2486E-03  0.2459E-04  0.6402E-05  0.5042E-01  0.2220E-02  0.1907E+00  0.1076E+00  0.7769E-01  0.4033E-02  0.6432E-04  0.1261E-04
     -4.782  0.3864E-01  0.3540E-01  0.1159E-02  0.1300E-03  0.7476E-02  0.1150E-01  0.1974E-02  0.2379E-03  0.2677E-04  0.5968E-05  0.5454E-01  0.2074E-02  0.1942E+00  0.1055E+00  0.8934E-01  0.3865E-02  0.6935E-04  0.1253E-04
     -4.772  0.3915E-01  0.3437E-01  0.1240E-02  0.1203E-03  0.7538E-02  0.1115E-01  0.2225E-02  0.2243E-03  0.2890E-04  0.5403E-05  0.5849E-01  0.1920E-02  0.1970E+00  0.1024E+00  0.1012E+00  0.3651E-02  0.7404E-04  0.1234E-04
     -4.762  0.3872E-01  0.3655E-01  0.1300E-02  0.1113E-03  0.7433E-02  0.1177E-01  0.2292E-02  0.2238E-03  0.3057E-04  0.4688E-05  0.6147E-01  0.1782E-02  0.1952E+00  0.1096E+00  0.1045E+00  0.3667E-02  0.7687E-04  0.1240E-04
     -4.752  0.3751E-01  0.3557E-01  0.1343E-02  0.1066E-03  0.7187E-02  0.1143E-01  0.2187E-02  0.2153E-03  0.3189E-04  0.4386E-05  0.6365E-01  0.1707E-02  0.1896E+00  0.1068E+00  0.1000E+00  0.3541E-02  0.7816E-04  0.1203E-04
     -4.742  0.3680E-01  0.3438E-01  0.1520E-02  0.1013E-03  0.7021E-02  0.1101E-01  0.2115E-02  0.2132E-03  0.3404E-04  0.4116E-05  0.7261E-01  0.1625E-02  0.1865E+00  0.1033E+00  0.9698E-01  0.3521E-02  0.8277E-04  0.1113E-04
     -4.732  0.4633E-01  0.3364E-01  0.2453E-02  0.9661E-04  0.8786E-02  0.1076E-01  0.2405E-02  0.2047E-03  0.5105E-04  0.3987E-05  0.1190E+00  0.1552E-02  0.2388E+00  0.1011E+00  0.1108E+00  0.3385E-02  0.1121E-03  0.1092E-04
     -4.722  0.6309E-01  0.3297E-01  0.3106E-02  0.9092E-04  0.1190E-01  0.1053E-01  0.2940E-02  0.2181E-03  0.8161E-04  0.4005E-05  0.1511E+00  0.1461E-02  0.3311E+00  0.9917E-01  0.1360E+00  0.3626E-02  0.1342E-03  0.1066E-04
     -4.712  0.6224E-01  0.3220E-01  0.3439E-02  0.8486E-04  0.1166E-01  0.1026E-01  0.2873E-02  0.2359E-03  0.7927E-04  0.4063E-05  0.1680E+00  0.1365E-02  0.3272E+00  0.9686E-01  0.1338E+00  0.3941E-02  0.1428E-03  0.1040E-04
     -4.702  0.5418E-01  0.3033E-01  0.3676E-02  0.7784E-04  0.1009E-01  0.9612E-02  0.2573E-02  0.2838E-03  0.6103E-04  0.4473E-05  0.1808E+00  0.1256E-02  0.2858E+00  0.9125E-01  0.1211E+00  0.4769E-02  0.1390E-03  0.1058E-04
     -4.692  0.5606E-01  0.4313E-01  0.4285E-02  0.1470E-03  0.1039E-01  0.1367E-01  0.3125E-02  0.4032E-03  0.6886E-04  0.1802E-04  0.2117E+00  0.2397E-02  0.2980E+00  0.1310E+00  0.1486E+00  0.6745E-02  0.1356E-03  0.2249E-04
     -4.682  0.4112E-01  0.4809E-01  0.3801E-02  0.1999E-03  0.7616E-02  0.1520E-01  0.2630E-02  0.4828E-03  0.5094E-04  0.2353E-04  0.1892E+00  0.3274E-02  0.2199E+00  0.1463E+00  0.1263E+00  0.8074E-02  0.1057E-03  0.2978E-04
     -4.672  0.3112E-01  0.4391E-01  0.3463E-02  0.2036E-03  0.5761E-02  0.1385E-01  0.2349E-02  0.4722E-03  0.3879E-04  0.2171E-04  0.1735E+00  0.3346E-02  0.1665E+00  0.1336E+00  0.1136E+00  0.7911E-02  0.9105E-04  0.2746E-04
     -4.662  0.2732E-01  0.4047E-01  0.3377E-02  0.2120E-03  0.5040E-02  0.1273E-01  0.2317E-02  0.4654E-03  0.3317E-04  0.2039E-04  0.1699E+00  0.3494E-02  0.1473E+00  0.1232E+00  0.1126E+00  0.7808E-02  0.8392E-04  0.2591E-04
     -4.652  0.2564E-01  0.3986E-01  0.3340E-02  0.2311E-03  0.4704E-02  0.1249E-01  0.2328E-02  0.4662E-03  0.2898E-04  0.1945E-04  0.1687E+00  0.3815E-02  0.1398E+00  0.1213E+00  0.1136E+00  0.7831E-02  0.7798E-04  0.2691E-04
     -4.642  0.2466E-01  0.3978E-01  0.3367E-02  0.2512E-03  0.4514E-02  0.1242E-01  0.2347E-02  0.4671E-03  0.2694E-04  0.1858E-04  0.1707E+00  0.4153E-02  0.1352E+00  0.1210E+00  0.1149E+00  0.7857E-02  0.7409E-04  0.2798E-04
     -4.632  0.2358E-01  0.4195E-01  0.3409E-02  0.3267E-03  0.4309E-02  0.1306E-01  0.2371E-02  0.4882E-03  0.2511E-04  0.1905E-04  0.1734E+00  0.5416E-02  0.1298E+00  0.1276E+00  0.1165E+00  0.8222E-02  0.7059E-04  0.3169E-04
     -4.622  0.2236E-01  0.4751E-01  0.3460E-02  0.4888E-03  0.4078E-02  0.1474E-01  0.2398E-02  0.5696E-03  0.2329E-04  0.2044E-04  0.1766E+00  0.8120E-02  0.1236E+00  0.1444E+00  0.1181E+00  0.9603E-02  0.6724E-04  0.4191E-04
     -4.612  0.2177E-01  0.5370E-01  0.3731E-02  0.6749E-03  0.3946E-02  0.1661E-01  0.2393E-02  0.6947E-03  0.2507E-04  0.2254E-04  0.1915E+00  0.1123E-01  0.1205E+00  0.1631E+00  0.1183E+00  0.1171E-01  0.6443E-04  0.5456E-04
     -4.602  0.1876E-01  0.5812E-01  0.3693E-02  0.7812E-03  0.3377E-02  0.1792E-01  0.2177E-02  0.8094E-03  0.2618E-04  0.2299E-04  0.1905E+00  0.1300E-01  0.1033E+00  0.1766E+00  0.1081E+00  0.1364E-01  0.5692E-04  0.6470E-04
     -4.592  0.1648E-01  0.6098E-01  0.3592E-02  0.8552E-03  0.2939E-02  0.1876E-01  0.1927E-02  0.9012E-03  0.2704E-04  0.2328E-04  0.1864E+00  0.1424E-01  0.9029E-01  0.1853E+00  0.9609E-01  0.1519E-01  0.4885E-04  0.7254E-04
     -4.582  0.1531E-01  0.5414E-01  0.3385E-02  0.7225E-03  0.2703E-02  0.1661E-01  0.1640E-02  0.8132E-03  0.2762E-04  0.2087E-04  0.1766E+00  0.1204E-01  0.8386E-01  0.1647E+00  0.8224E-01  0.1371E-01  0.4039E-04  0.6109E-04
     -4.572  0.4732E-01  0.4702E-01  0.4787E-02  0.5615E-03  0.8258E-02  0.1436E-01  0.3135E-02  0.6460E-03  0.4274E-04  0.1650E-04  0.2515E+00  0.9364E-02  0.2685E+00  0.1430E+00  0.1587E+00  0.1093E-01  0.5284E-04  0.4745E-04
     -4.562  0.7638E-01  0.4652E-01  0.8617E-02  0.5652E-03  0.1324E-01  0.1418E-01  0.4541E-02  0.6645E-03  0.6906E-04  0.1657E-04  0.4555E+00  0.9430E-02  0.4346E+00  0.1415E+00  0.2306E+00  0.1125E-01  0.7938E-04  0.4714E-04
     -4.552  0.4608E-01  0.4610E-01  0.6135E-02  0.6444E-03  0.7973E-02  0.1403E-01  0.3371E-02  0.7402E-03  0.5697E-04  0.1869E-04  0.3274E+00  0.1072E-01  0.2633E+00  0.1404E+00  0.1736E+00  0.1250E-01  0.6356E-04  0.4907E-04
     -4.542  0.4037E-01  0.4267E-01  0.5799E-02  0.7177E-03  0.6978E-02  0.1296E-01  0.3281E-02  0.7360E-03  0.5708E-04  0.1851E-04  0.3113E+00  0.1191E-01  0.2316E+00  0.1302E+00  0.1701E+00  0.1240E-01  0.5958E-04  0.4893E-04
     -4.532  0.5033E-01  0.4122E-01  0.6222E-02  0.6277E-03  0.8634E-02  0.1246E-01  0.3337E-02  0.6515E-03  0.5953E-04  0.1591E-04  0.3365E+00  0.1045E-01  0.2908E+00  0.1261E+00  0.1745E+00  0.1100E-01  0.6078E-04  0.4558E-04
     -4.522  0.8777E-01  0.4486E-01  0.7628E-02  0.6355E-03  0.1490E-01  0.1347E-01  0.3996E-02  0.5775E-03  0.6911E-04  0.1301E-04  0.4149E+00  0.1063E-01  0.5066E+00  0.1378E+00  0.2120E+00  0.9789E-02  0.6926E-04  0.4428E-04
     -4.512  0.7239E-01  0.3918E-01  0.7281E-02  0.5782E-03  0.1224E-01  0.1173E-01  0.4175E-02  0.4748E-03  0.6630E-04  0.1063E-04  0.3994E+00  0.9696E-02  0.4176E+00  0.1212E+00  0.2236E+00  0.8065E-02  0.6340E-04  0.4009E-04
     -4.502  0.5457E-01  0.3521E-01  0.6928E-02  0.5444E-03  0.9183E-02  0.1051E-01  0.4486E-02  0.4218E-03  0.6055E-04  0.1012E-04  0.3835E+00  0.9155E-02  0.3146E+00  0.1096E+00  0.2429E+00  0.7180E-02  0.5699E-04  0.3771E-04
     -4.492  0.4548E-01  0.3311E-01  0.7726E-02  0.5304E-03  0.7611E-02  0.9845E-02  0.5528E-02  0.3872E-03  0.6052E-04  0.1051E-04  0.4304E+00  0.8948E-02  0.2621E+00  0.1040E+00  0.3020E+00  0.6608E-02  0.6145E-04  0.3684E-04
     -4.482  0.4751E-01  0.3303E-01  0.1104E-01  0.5355E-03  0.7916E-02  0.9781E-02  0.7408E-02  0.3669E-03  0.7685E-04  0.1124E-04  0.6169E+00  0.9062E-02  0.2742E+00  0.1045E+00  0.4054E+00  0.6280E-02  0.8626E-04  0.3724E-04
     -4.472  0.4022E-01  0.3767E-01  0.9561E-02  0.5478E-03  0.6658E-02  0.1112E-01  0.8502E-02  0.3725E-03  0.6747E-04  0.1267E-04  0.5377E+00  0.9291E-02  0.2309E+00  0.1189E+00  0.4678E+00  0.6397E-02  0.8319E-04  0.3900E-04
     -4.462  0.3557E-01  0.3644E-01  0.7359E-02  0.5491E-03  0.5833E-02  0.1072E-01  0.9071E-02  0.3793E-03  0.5793E-04  0.1269E-04  0.4166E+00  0.9352E-02  0.2036E+00  0.1147E+00  0.5010E+00  0.6539E-02  0.7619E-04  0.3794E-04
     -4.452  0.2997E-01  0.4458E-01  0.6588E-02  0.6895E-03  0.4878E-02  0.1308E-01  0.8006E-02  0.3972E-03  0.5465E-04  0.1398E-04  0.3754E+00  0.1183E-01  0.1718E+00  0.1401E+00  0.4461E+00  0.6863E-02  0.6928E-04  0.4345E-04
     -4.442  0.2634E-01  0.4506E-01  0.6092E-02  0.5685E-03  0.4253E-02  0.1320E-01  0.8527E-02  0.3004E-03  0.5220E-04  0.1372E-04  0.3496E+00  0.9780E-02  0.1510E+00  0.1414E+00  0.4769E+00  0.5208E-02  0.5787E-04  0.3688E-04
     -4.432  0.2410E-01  0.4436E-01  0.5913E-02  0.5627E-03  0.3848E-02  0.1299E-01  0.8962E-02  0.2966E-03  0.4637E-04  0.1461E-04  0.3420E+00  0.9721E-02  0.1377E+00  0.1397E+00  0.5027E+00  0.5154E-02  0.4497E-04  0.3475E-04
     -4.422  0.2205E-01  0.4362E-01  0.6621E-02  0.5979E-03  0.3476E-02  0.1274E-01  0.9572E-02  0.3426E-03  0.4367E-04  0.1523E-04  0.3853E+00  0.1036E-01  0.1258E+00  0.1374E+00  0.5382E+00  0.5984E-02  0.5946E-04  0.3733E-04
     -4.412  0.2043E-01  0.4525E-01  0.8233E-02  0.6621E-03  0.3159E-02  0.1318E-01  0.1044E-01  0.4077E-03  0.4151E-04  0.1710E-04  0.4864E+00  0.1150E-01  0.1168E+00  0.1424E+00  0.5902E+00  0.7147E-02  0.9124E-04  0.4104E-04
     -4.402  0.1962E-01  0.4640E-01  0.9871E-02  0.7506E-03  0.2988E-02  0.1347E-01  0.1189E-01  0.5064E-03  0.3981E-04  0.1970E-04  0.5882E+00  0.1309E-01  0.1137E+00  0.1459E+00  0.6763E+00  0.8923E-02  0.9466E-04  0.4496E-04
     -4.392  0.1623E-01  0.4404E-01  0.7420E-02  0.6588E-03  0.2460E-02  0.1270E-01  0.8447E-02  0.6308E-03  0.3403E-04  0.2034E-04  0.4497E+00  0.1155E-01  0.9420E-01  0.1389E+00  0.4862E+00  0.1119E-01  0.6605E-04  0.4022E-04
     -4.382  0.1403E-01  0.4536E-01  0.6641E-02  0.6495E-03  0.2128E-02  0.1296E-01  0.7568E-02  0.7818E-03  0.3036E-04  0.2227E-04  0.4070E+00  0.1147E-01  0.8194E-01  0.1437E+00  0.4388E+00  0.1395E-01  0.4444E-04  0.4103E-04
     -4.372  0.1054E-01  0.4927E-01  0.5547E-02  0.6719E-03  0.1602E-02  0.1399E-01  0.6623E-02  0.8913E-03  0.2627E-04  0.2317E-04  0.3447E+00  0.1188E-01  0.6233E-01  0.1571E+00  0.3866E+00  0.1591E-01  0.2322E-04  0.3690E-04
     -4.362  0.1530E-01  0.3871E-01  0.7549E-02  0.7013E-03  0.2301E-02  0.1092E-01  0.8550E-02  0.7622E-03  0.4170E-04  0.1900E-04  0.4695E+00  0.1245E-01  0.9069E-01  0.1228E+00  0.5023E+00  0.1372E-01  0.3401E-04  0.3955E-04
     -4.352  0.1914E-01  0.3734E-01  0.8948E-02  0.8541E-03  0.2860E-02  0.1051E-01  0.1012E-01  0.8397E-03  0.5086E-04  0.2184E-04  0.5576E+00  0.1514E-01  0.1133E+00  0.1184E+00  0.5969E+00  0.1512E-01  0.4295E-04  0.4696E-04
     -4.342  0.1867E-01  0.3935E-01  0.8553E-02  0.1034E-02  0.2770E-02  0.1105E-01  0.9456E-02  0.9378E-03  0.4536E-04  0.2546E-04  0.5350E+00  0.1831E-01  0.1103E+00  0.1249E+00  0.5603E+00  0.1689E-01  0.4218E-04  0.5569E-04
     -4.332  0.1799E-01  0.4144E-01  0.8108E-02  0.1148E-02  0.2649E-02  0.1161E-01  0.8767E-02  0.1035E-02  0.4050E-04  0.2911E-04  0.5091E+00  0.2033E-01  0.1060E+00  0.1318E+00  0.5222E+00  0.1867E-01  0.4057E-04  0.6206E-04
     -4.322  0.1378E-01  0.4344E-01  0.7327E-02  0.1155E-02  0.2027E-02  0.1213E-01  0.7208E-02  0.1129E-02  0.3523E-04  0.3255E-04  0.4612E+00  0.2047E-01  0.8169E-01  0.1384E+00  0.4317E+00  0.2038E-01  0.3176E-04  0.6429E-04
     -4.312  0.1265E-01  0.4563E-01  0.8205E-02  0.1136E-02  0.1837E-02  0.1271E-01  0.7185E-02  0.1228E-02  0.4181E-04  0.3615E-04  0.5208E+00  0.2017E-01  0.7592E-01  0.1456E+00  0.4375E+00  0.2219E-01  0.3168E-04  0.6557E-04
     -4.302  0.1210E-01  0.5317E-01  0.7433E-02  0.1105E-02  0.1730E-02  0.1476E-01  0.7034E-02  0.1628E-02  0.4272E-04  0.4917E-04  0.4763E+00  0.1971E-01  0.7254E-01  0.1693E+00  0.4334E+00  0.2942E-01  0.3429E-04  0.7736E-04
     -4.292  0.3041E-02  0.4279E-01  0.3407E-02  0.4048E-03  0.4245E-03  0.1188E-01  0.2236E-02  0.6716E-03  0.2160E-04  0.1717E-04  0.2237E+00  0.7265E-02  0.1722E-01  0.1376E+00  0.1404E+00  0.1219E-01  0.1974E-04  0.2009E-04
     -4.282  0.3785E-02  0.4275E-01  0.4387E-02  0.3005E-03  0.5276E-03  0.1185E-01  0.2805E-02  0.4942E-03  0.2936E-04  0.1254E-04  0.2888E+00  0.5418E-02  0.2163E-01  0.1380E+00  0.1772E+00  0.9000E-02  0.2702E-04  0.1235E-04
     -4.272  0.4490E-02  0.4401E-01  0.5495E-02  0.2533E-03  0.6271E-03  0.1217E-01  0.3473E-02  0.3839E-03  0.3762E-04  0.1029E-04  0.3623E+00  0.4585E-02  0.2600E-01  0.1423E+00  0.2203E+00  0.7012E-02  0.3508E-04  0.9774E-05
     -4.262  0.2362E-01  0.4675E-01  0.9999E-02  0.2202E-03  0.3259E-02  0.1291E-01  0.7482E-02  0.3044E-03  0.1582E-03  0.8982E-05  0.6586E+00  0.4000E-02  0.1419E+00  0.1513E+00  0.4754E+00  0.5583E-02  0.9936E-04  0.7819E-05
     -4.252  0.2564E-01  0.8349E-01  0.1222E-01  0.3866E-03  0.3540E-02  0.2293E-01  0.9618E-02  0.5219E-03  0.1861E-03  0.1650E-04  0.8066E+00  0.6997E-02  0.1570E+00  0.2688E+00  0.6141E+00  0.9595E-02  0.1156E-03  0.1228E-04
     -4.242  0.4150E-01  0.1484E+00  0.1825E-01  0.1481E-02  0.5729E-02  0.4054E-01  0.1854E-01  0.1178E-02  0.2585E-03  0.4800E-04  0.1214E+01  0.2661E-01  0.2604E+00  0.4756E+00  0.1191E+01  0.2171E-01  0.1589E-03  0.4347E-04
     -4.232  0.1054E+00  0.1620E+00  0.2145E-01  0.1817E-02  0.1455E-01  0.4404E-01  0.2473E-01  0.1611E-02  0.4499E-03  0.4747E-04  0.1437E+01  0.3288E-01  0.6768E+00  0.5172E+00  0.1604E+01  0.2975E-01  0.3122E-03  0.6968E-04
     -4.222  0.3079E-01  0.1583E+00  0.1136E-01  0.1848E-02  0.4217E-02  0.4294E-01  0.9024E-02  0.1877E-02  0.1655E-03  0.4375E-04  0.7630E+00  0.3347E-01  0.1965E+00  0.5058E+00  0.5865E+00  0.3475E-01  0.1543E-03  0.8116E-04
     -4.212  0.1983E-01  0.1057E+00  0.6627E-02  0.1028E-02  0.2664E-02  0.2866E-01  0.7054E-02  0.1327E-02  0.1452E-03  0.2705E-04  0.4476E+00  0.1870E-01  0.1256E+00  0.3407E+00  0.4612E+00  0.2467E-01  0.1190E-03  0.4262E-04
     -4.202  0.2180E-01  0.1160E+00  0.6845E-02  0.6724E-03  0.2911E-02  0.3133E-01  0.8060E-02  0.1092E-02  0.1750E-03  0.2097E-04  0.4659E+00  0.1230E-01  0.1378E+00  0.3727E+00  0.5298E+00  0.2042E-01  0.1484E-03  0.1971E-04
     -4.192  0.2433E-01  0.1229E+00  0.8414E-02  0.5419E-03  0.3225E-02  0.3308E-01  0.1026E-01  0.1110E-02  0.2194E-03  0.1981E-04  0.5789E+00  0.9945E-02  0.1542E+00  0.3926E+00  0.6792E+00  0.2083E-01  0.2050E-03  0.1286E-04
     -4.182  0.2677E-01  0.1285E+00  0.9989E-02  0.5095E-03  0.3521E-02  0.3448E-01  0.1261E-01  0.1073E-02  0.2657E-03  0.1965E-04  0.6930E+00  0.9356E-02  0.1701E+00  0.4089E+00  0.8403E+00  0.2014E-01  0.2626E-03  0.1061E-04
     -4.171  0.3880E-01  0.1299E+00  0.1262E-01  0.6048E-03  0.4958E-02  0.3463E-01  0.1965E-01  0.1333E-02  0.4840E-03  0.2700E-04  0.8879E+00  0.1116E-01  0.2417E+00  0.4112E+00  0.1333E+01  0.2505E-01  0.3856E-03  0.1383E-04
     -4.161  0.3002E-01  0.8726E-01  0.1025E-01  0.5687E-03  0.3789E-02  0.2320E-01  0.1349E-01  0.1198E-02  0.3531E-03  0.2138E-04  0.7280E+00  0.1052E-01  0.1855E+00  0.2770E+00  0.9220E+00  0.2261E-01  0.2770E-03  0.1476E-04
     -4.151  0.2058E-01  0.1061E+00  0.8908E-02  0.7952E-03  0.2583E-02  0.2794E-01  0.9504E-02  0.1600E-02  0.2510E-03  0.2657E-04  0.6394E+00  0.1474E-01  0.1274E+00  0.3361E+00  0.6522E+00  0.3030E-01  0.2602E-03  0.2420E-04
     -4.141  0.2305E-01  0.1370E+00  0.9666E-02  0.1078E-02  0.2871E-02  0.3582E-01  0.9706E-02  0.2110E-02  0.2911E-03  0.3394E-04  0.7012E+00  0.2001E-01  0.1423E+00  0.4334E+00  0.6707E+00  0.4004E-01  0.3139E-03  0.3463E-04
     -4.131  0.2181E-01  0.8157E-01  0.9547E-02  0.9394E-03  0.2691E-02  0.2119E-01  0.8949E-02  0.1984E-02  0.2630E-03  0.3442E-04  0.6971E+00  0.1748E-01  0.1341E+00  0.2575E+00  0.6219E+00  0.3774E-01  0.3289E-03  0.4196E-04
     -4.121  0.1881E-01  0.8627E-01  0.7944E-02  0.1061E-02  0.2287E-02  0.2231E-01  0.7373E-02  0.1845E-02  0.1769E-03  0.4875E-04  0.5849E+00  0.1979E-01  0.1148E+00  0.2724E+00  0.5163E+00  0.3515E-01  0.3157E-03  0.5338E-04
     -4.111  0.1475E-01  0.7707E-01  0.5672E-02  0.1011E-02  0.1780E-02  0.1985E-01  0.5474E-02  0.1403E-02  0.1509E-03  0.3772E-04  0.4200E+00  0.1890E-01  0.8940E-01  0.2434E+00  0.3857E+00  0.2675E-01  0.2421E-03  0.4998E-04
     -4.101  0.1454E-01  0.7070E-01  0.5248E-02  0.9802E-03  0.1744E-02  0.1813E-01  0.5101E-02  0.1192E-02  0.1484E-03  0.3305E-04  0.3903E+00  0.1837E-01  0.8838E-01  0.2228E+00  0.3631E+00  0.2277E-01  0.2269E-03  0.4704E-04
     -4.091  0.1451E-01  0.6643E-01  0.4976E-02  0.9871E-03  0.1730E-02  0.1697E-01  0.4798E-02  0.1152E-02  0.1501E-03  0.3097E-04  0.3717E+00  0.1854E-01  0.8858E-01  0.2089E+00  0.3453E+00  0.2203E-01  0.2147E-03  0.4663E-04
     -4.081  0.1447E-01  0.6338E-01  0.4764E-02  0.1020E-02  0.1716E-02  0.1614E-01  0.4569E-02  0.1126E-02  0.1529E-03  0.3009E-04  0.3576E+00  0.1919E-01  0.8878E-01  0.1990E+00  0.3325E+00  0.2155E-01  0.2023E-03  0.4767E-04
     -4.071  0.1875E-01  0.5995E-01  0.5436E-02  0.1052E-02  0.2235E-02  0.1524E-01  0.5438E-02  0.1107E-02  0.2226E-03  0.2947E-04  0.4116E+00  0.1982E-01  0.1194E+00  0.1881E+00  0.4022E+00  0.2120E-01  0.2185E-03  0.4871E-04
     -4.061  0.1737E-01  0.5070E-01  0.4452E-02  0.1032E-02  0.2056E-02  0.1288E-01  0.5484E-02  0.1036E-02  0.2169E-03  0.2807E-04  0.3385E+00  0.1947E-01  0.1113E+00  0.1591E+00  0.4100E+00  0.1986E-01  0.2079E-03  0.4729E-04
     -4.051  0.1374E-01  0.4952E-01  0.3096E-02  0.1150E-02  0.1615E-02  0.1254E-01  0.4799E-02  0.1129E-02  0.1753E-03  0.3083E-04  0.2361E+00  0.2176E-01  0.8819E-01  0.1558E+00  0.3608E+00  0.2169E-01  0.1771E-03  0.5333E-04
     -4.041  0.1163E-01  0.1193E+00  0.2365E-02  0.2869E-02  0.1361E-02  0.2991E-01  0.4184E-02  0.1660E-02  0.1456E-03  0.5298E-04  0.1814E+00  0.5439E-01  0.7472E-01  0.3795E+00  0.3159E+00  0.3210E-01  0.1547E-03  0.1506E-03
     -4.031  0.1170E-01  0.1100E+00  0.1988E-02  0.2841E-02  0.1347E-02  0.2752E-01  0.4354E-02  0.1726E-02  0.1645E-03  0.5144E-04  0.1552E+00  0.5393E-01  0.7501E-01  0.3508E+00  0.3318E+00  0.3348E-01  0.1644E-03  0.1424E-03
     -4.021  0.8398E-02  0.6849E-01  0.2037E-02  0.1983E-02  0.9511E-03  0.1716E-01  0.2365E-02  0.1454E-02  0.1322E-03  0.4023E-04  0.1647E+00  0.3763E-01  0.5265E-01  0.2196E+00  0.1806E+00  0.2820E-01  0.2270E-03  0.8436E-04
     -4.011  0.9253E-02  0.6484E-01  0.2228E-02  0.1965E-02  0.1034E-02  0.1623E-01  0.2491E-02  0.2019E-02  0.1623E-03  0.5427E-04  0.1826E+00  0.3736E-01  0.5738E-01  0.2114E+00  0.1922E+00  0.3931E-01  0.2715E-03  0.7871E-04
     -4.001  0.7856E-02  0.1780E-01  0.1933E-02  0.3800E-03  0.8661E-03  0.4391E-02  0.2216E-02  0.5648E-03  0.1658E-03  0.1372E-04  0.1610E+00  0.7173E-02  0.4861E-01  0.5535E-01  0.1732E+00  0.1094E-01  0.2642E-03  0.1552E-04
     -3.991  0.8024E-02  0.1158E-01  0.1914E-02  0.2608E-03  0.8694E-03  0.2824E-02  0.2176E-02  0.3253E-03  0.1838E-03  0.7607E-05  0.1621E+00  0.4934E-02  0.4912E-01  0.3584E-01  0.1724E+00  0.6331E-02  0.2851E-03  0.1120E-04
     -3.981  0.7755E-02  0.5752E-02  0.1961E-02  0.1380E-03  0.8370E-03  0.1392E-02  0.2285E-02  0.1630E-03  0.2082E-03  0.3987E-05  0.1686E+00  0.2612E-02  0.4819E-01  0.1758E-01  0.1831E+00  0.3177E-02  0.3233E-03  0.4937E-05
     -3.971  0.7755E-02  0.2473E-02  0.2105E-02  0.6962E-04  0.8353E-03  0.5945E-03  0.2474E-02  0.4635E-04  0.2378E-03  0.1523E-05  0.1824E+00  0.1316E-02  0.4881E-01  0.7437E-02  0.1995E+00  0.8990E-03  0.3679E-03  0.1637E-05
     -3.961  0.7719E-02  0.1419E-02  0.2262E-02  0.5515E-04  0.8298E-03  0.3389E-03  0.2616E-02  0.4629E-04  0.2673E-03  0.1345E-05  0.1969E+00  0.1052E-02  0.4916E-01  0.4254E-02  0.2118E+00  0.9237E-03  0.4112E-03  0.1395E-05
     -3.951  0.7230E-02  0.1371E-02  0.2215E-02  0.9184E-04  0.7791E-03  0.3231E-03  0.2526E-02  0.1134E-03  0.2765E-03  0.2889E-05  0.1935E+00  0.1814E-02  0.4686E-01  0.4219E-02  0.2048E+00  0.2321E-02  0.4189E-03  0.3562E-05
     -3.941  0.6666E-02  0.1450E-02  0.2046E-02  0.1398E-03  0.7199E-03  0.3372E-03  0.2296E-02  0.1951E-03  0.2707E-03  0.4811E-05  0.1792E+00  0.2804E-02  0.4396E-01  0.4582E-02  0.1861E+00  0.4019E-02  0.3989E-03  0.6231E-05
     -3.931  0.6219E-02  0.2102E-02  0.1886E-02  0.2148E-03  0.6714E-03  0.4872E-03  0.2032E-02  0.2993E-03  0.2654E-03  0.7559E-05  0.1658E+00  0.4330E-02  0.4150E-01  0.6765E-02  0.1644E+00  0.6177E-02  0.3773E-03  0.9548E-05
     -3.921  0.5589E-02  0.3506E-02  0.1726E-02  0.3277E-03  0.5989E-03  0.8157E-03  0.1775E-02  0.4332E-03  0.2612E-03  0.1145E-04  0.1525E+00  0.6608E-02  0.3761E-01  0.1132E-01  0.1440E+00  0.8939E-02  0.3526E-03  0.1374E-04
     -3.911  0.5243E-02  0.5622E-02  0.1594E-02  0.7165E-03  0.5556E-03  0.1307E-02  0.1549E-02  0.8537E-03  0.2585E-03  0.2274E-04  0.1416E+00  0.1437E-01  0.3573E-01  0.1824E-01  0.1263E+00  0.1753E-01  0.3375E-03  0.2731E-04
     -3.901  0.3848E-02  0.8382E-02  0.1045E-02  0.1266E-02  0.4041E-03  0.1946E-02  0.1021E-02  0.1438E-02  0.1839E-03  0.3818E-04  0.9371E-01  0.2534E-01  0.2676E-01  0.2731E-01  0.8394E-01  0.2947E-01  0.2281E-03  0.4599E-04
     -3.891  0.1283E-02  0.1179E-01  0.1356E-03  0.1839E-02  0.1314E-03  0.2731E-02  0.7910E-04  0.2095E-02  0.1934E-04  0.5526E-04  0.1271E-01  0.3684E-01  0.9565E-02  0.3854E-01  0.7099E-02  0.4299E-01  0.6715E-04  0.6617E-04
     -3.881  0.1682E-02  0.1551E-01  0.1785E-03  0.2412E-02  0.1712E-03  0.3586E-02  0.1099E-03  0.2788E-02  0.2777E-04  0.7308E-04  0.1677E-01  0.4834E-01  0.1252E-01  0.5081E-01  0.9950E-02  0.5726E-01  0.8824E-04  0.8693E-04
     -3.871  0.2174E-02  0.1931E-01  0.2415E-03  0.2971E-02  0.2187E-03  0.4459E-02  0.1514E-03  0.3486E-02  0.4410E-04  0.9098E-04  0.2283E-01  0.5959E-01  0.1615E-01  0.6336E-01  0.1391E-01  0.7167E-01  0.1155E-03  0.1075E-03
     -3.861  0.2703E-02  0.2245E-01  0.3088E-03  0.3412E-02  0.2689E-03  0.5175E-02  0.1966E-03  0.4075E-02  0.6600E-04  0.1056E-03  0.2942E-01  0.6850E-01  0.2009E-01  0.7364E-01  0.1831E-01  0.8389E-01  0.1457E-03  0.1227E-03
     -3.851  0.3249E-02  0.2511E-01  0.3760E-03  0.3671E-02  0.3199E-03  0.5765E-02  0.2434E-03  0.4399E-02  0.9181E-04  0.1163E-03  0.3610E-01  0.7391E-01  0.2417E-01  0.8229E-01  0.2294E-01  0.9084E-01  0.1777E-03  0.1279E-03
     -3.841  0.3786E-02  0.2816E-01  0.4400E-03  0.3936E-02  0.3695E-03  0.6440E-02  0.2903E-03  0.4675E-02  0.1191E-03  0.1280E-03  0.4254E-01  0.7949E-01  0.2820E-01  0.9230E-01  0.2760E-01  0.9682E-01  0.2094E-03  0.1323E-03
     -3.831  0.4180E-02  0.3130E-01  0.5001E-03  0.4213E-02  0.4010E-03  0.7134E-02  0.3439E-03  0.4940E-02  0.1576E-03  0.1399E-03  0.4896E-01  0.8534E-01  0.3118E-01  0.1026E+00  0.3311E-01  0.1026E+00  0.2402E-03  0.1366E-03
     -3.821  0.4578E-02  0.3460E-01  0.5585E-03  0.4521E-02  0.4327E-03  0.7863E-02  0.3970E-03  0.5205E-02  0.1977E-03  0.1525E-03  0.5526E-01  0.9181E-01  0.3418E-01  0.1135E+00  0.3861E-01  0.1084E+00  0.2714E-03  0.1412E-03
     -3.811  0.4981E-02  0.3839E-01  0.6151E-03  0.5314E-02  0.4645E-03  0.8640E-02  0.4496E-03  0.6147E-02  0.2394E-03  0.1744E-03  0.6144E-01  0.1083E+00  0.3722E-01  0.1256E+00  0.4410E-01  0.1284E+00  0.3028E-03  0.1626E-03
     -3.801  0.5604E-02  0.3668E-01  0.6790E-03  0.5081E-02  0.5140E-03  0.8231E-02  0.5163E-03  0.6203E-02  0.3000E-03  0.1658E-03  0.6856E-01  0.1037E+00  0.4206E-01  0.1201E+00  0.5133E-01  0.1298E+00  0.3383E-03  0.1561E-03
     -3.791  0.6609E-02  0.3528E-01  0.7383E-03  0.4807E-02  0.5958E-03  0.7908E-02  0.6182E-03  0.5993E-02  0.4114E-03  0.1555E-03  0.7622E-01  0.9821E-01  0.5023E-01  0.1156E+00  0.6309E-01  0.1256E+00  0.3926E-03  0.1453E-03
     -3.781  0.7640E-02  0.3447E-01  0.7995E-03  0.4698E-02  0.6795E-03  0.7708E-02  0.7252E-03  0.6506E-02  0.5284E-03  0.1533E-03  0.8416E-01  0.9603E-01  0.5866E-01  0.1128E+00  0.7547E-01  0.1364E+00  0.4502E-03  0.1368E-03
     -3.771  0.1031E-01  0.3206E-01  0.9262E-03  0.4203E-02  0.8810E-03  0.7146E-02  0.9110E-03  0.6251E-02  0.7844E-03  0.1391E-03  0.9963E-01  0.8649E-01  0.7497E-01  0.1055E+00  0.9630E-01  0.1322E+00  0.5799E-03  0.1124E-03
     -3.761  0.1060E-01  0.1896E-01  0.9485E-03  0.2521E-02  0.9069E-03  0.4189E-02  0.1036E-02  0.5828E-02  0.8961E-03  0.9951E-04  0.1047E+00  0.5227E-01  0.8225E-01  0.6209E-01  0.1117E+00  0.1241E+00  0.6136E-03  0.6663E-04
     -3.751  0.1068E-01  0.2036E-01  0.9732E-03  0.2930E-02  0.9151E-03  0.4461E-02  0.1091E-02  0.6564E-02  0.9338E-03  0.1059E-03  0.1080E+00  0.6094E-01  0.8437E-01  0.6667E-01  0.1180E+00  0.1400E+00  0.6371E-03  0.7096E-04
     -3.741  0.1125E-01  0.2241E-01  0.1001E-02  0.3419E-02  0.9553E-03  0.4875E-02  0.1185E-02  0.7293E-02  0.1019E-02  0.1125E-03  0.1125E+00  0.7138E-01  0.8875E-01  0.7350E-01  0.1287E+00  0.1558E+00  0.6916E-03  0.7624E-04
     -3.731  0.1285E-01  0.4870E-01  0.1025E-02  0.6778E-02  0.1080E-02  0.1052E-01  0.1434E-02  0.1152E-01  0.1213E-02  0.1514E-03  0.1173E+00  0.1424E+00  0.1016E+00  0.1617E+00  0.1566E+00  0.2468E+00  0.7842E-03  0.1435E-03
     -3.721  0.1131E-01  0.5313E-01  0.9040E-03  0.8084E-02  0.9488E-03  0.1147E-01  0.1262E-02  0.1291E-01  0.1098E-02  0.1727E-03  0.1040E+00  0.1701E+00  0.9015E-01  0.1773E+00  0.1383E+00  0.2770E+00  0.6926E-03  0.1624E-03
     -3.711  0.9689E-02  0.5853E-01  0.7791E-03  0.9502E-02  0.8103E-03  0.1264E-01  0.1080E-02  0.1460E-01  0.9668E-03  0.2014E-03  0.9009E-01  0.2003E+00  0.7774E-01  0.1964E+00  0.1189E+00  0.3137E+00  0.5977E-03  0.1818E-03
     -3.701  0.7991E-02  0.7196E-01  0.6497E-03  0.1272E-01  0.6647E-03  0.1552E-01  0.8886E-03  0.2151E-01  0.8202E-03  0.3250E-03  0.7556E-01  0.2684E+00  0.6440E-01  0.2428E+00  0.9824E-01  0.4624E+00  0.4997E-03  0.2359E-03
     -3.691  0.6216E-02  0.6356E-01  0.5159E-03  0.1024E-01  0.5121E-03  0.1371E-01  0.6871E-03  0.1167E-01  0.6580E-03  0.1624E-03  0.6043E-01  0.2174E+00  0.5012E-01  0.2166E+00  0.7641E-01  0.2524E+00  0.3984E-03  0.1635E-03
     -3.681  0.4365E-02  0.6001E-01  0.3777E-03  0.9975E-02  0.3524E-03  0.1295E-01  0.4759E-03  0.1034E-01  0.4802E-03  0.1394E-03  0.4471E-01  0.2122E+00  0.3491E-01  0.2050E+00  0.5338E-01  0.2240E+00  0.2940E-03  0.1492E-03
     -3.671  0.3184E-02  0.4743E-01  0.2702E-03  0.8203E-02  0.2498E-03  0.1023E-01  0.3456E-03  0.8024E-02  0.3704E-03  0.1016E-03  0.3244E-01  0.1751E+00  0.2533E-01  0.1621E+00  0.3917E-01  0.1744E+00  0.2171E-03  0.1138E-03
     -3.661  0.2576E-02  0.3416E-01  0.2125E-03  0.6277E-02  0.1974E-03  0.7373E-02  0.2962E-03  0.5720E-02  0.3339E-03  0.6676E-04  0.2593E-01  0.1346E+00  0.2065E-01  0.1167E+00  0.3390E-01  0.1249E+00  0.1815E-03  0.7672E-04
     -3.651  0.2277E-02  0.2315E-01  0.2106E-03  0.4683E-02  0.1729E-03  0.5004E-02  0.2966E-03  0.4032E-02  0.3494E-03  0.4174E-04  0.2606E-01  0.1011E+00  0.1876E-01  0.7896E-01  0.3423E-01  0.8857E-01  0.1851E-03  0.4643E-04
     -3.641  0.2624E-02  0.1567E-01  0.2444E-03  0.3762E-02  0.1984E-03  0.3394E-02  0.3390E-03  0.3154E-02  0.4053E-03  0.2799E-04  0.3038E-01  0.8185E-01  0.2175E-01  0.5313E-01  0.3935E-01  0.6969E-01  0.2146E-03  0.2887E-04
     -3.631  0.6158E-02  0.1347E-01  0.4652E-03  0.3792E-02  0.4942E-03  0.2924E-02  0.5771E-03  0.3093E-02  0.7461E-03  0.2691E-04  0.5945E-01  0.8268E-01  0.5766E-01  0.4560E-01  0.6797E-01  0.6850E-01  0.5396E-03  0.2941E-04
     -3.621  0.9757E-02  0.1291E-01  0.6890E-03  0.4056E-02  0.7905E-03  0.2804E-02  0.8330E-03  0.3254E-02  0.1026E-02  0.2758E-04  0.8998E-01  0.8853E-01  0.9348E-01  0.4368E-01  0.9917E-01  0.7217E-01  0.9318E-03  0.3181E-04
     -3.611  0.1140E-01  0.1412E-01  0.8923E-03  0.4513E-02  0.8959E-03  0.3043E-02  0.1107E-02  0.3546E-02  0.1314E-02  0.2719E-04  0.1179E+00  0.9851E-01  0.1051E+00  0.4778E-01  0.1336E+00  0.7876E-01  0.1182E-02  0.3600E-04
     -3.601  0.1264E-01  0.1504E-01  0.1105E-02  0.4974E-02  0.9697E-03  0.3191E-02  0.1343E-02  0.3982E-02  0.1582E-02  0.2850E-04  0.1472E+00  0.1087E+00  0.1132E+00  0.5081E-01  0.1636E+00  0.8859E-01  0.1427E-02  0.4080E-04
     -3.591  0.1250E-01  0.1682E-01  0.1099E-02  0.6183E-02  0.9411E-03  0.3504E-02  0.1311E-02  0.5075E-02  0.1626E-02  0.3116E-04  0.1473E+00  0.1352E+00  0.1097E+00  0.5704E-01  0.1605E+00  0.1132E+00  0.1481E-02  0.5110E-04
     -3.581  0.1249E-01  0.2176E-01  0.1110E-02  0.1250E-01  0.9238E-03  0.4473E-02  0.1278E-02  0.1035E-01  0.1703E-02  0.4074E-04  0.1499E+00  0.2738E+00  0.1078E+00  0.7491E-01  0.1575E+00  0.2313E+00  0.1578E-02  0.9484E-04
     -3.571  0.1511E-01  0.3801E-01  0.1385E-02  0.3651E-01  0.1086E-02  0.7678E-02  0.1480E-02  0.2054E-01  0.2374E-02  0.8139E-04  0.1891E+00  0.8008E+00  0.1277E+00  0.1292E+00  0.1857E+00  0.4611E+00  0.2068E-02  0.2727E-03
     -3.561  0.1780E-01  0.9778E-01  0.1603E-02  0.3721E-01  0.1253E-02  0.1961E-01  0.1646E-02  0.2268E-01  0.2957E-02  0.1147E-03  0.2209E+00  0.8175E+00  0.1504E+00  0.3313E+00  0.2094E+00  0.5099E+00  0.2592E-02  0.2660E-03
     -3.551  0.2013E-01  0.4787E-01  0.1673E-02  0.8247E-02  0.1380E-02  0.9576E-02  0.1739E-02  0.6205E-02  0.3455E-02  0.4324E-04  0.2324E+00  0.1812E+00  0.1671E+00  0.1620E+00  0.2237E+00  0.1395E+00  0.2820E-02  0.7683E-04
     -3.541  0.2051E-01  0.3628E-01  0.1613E-02  0.6301E-02  0.1369E-02  0.7254E-02  0.1759E-02  0.4751E-02  0.3663E-02  0.3452E-04  0.2259E+00  0.1384E+00  0.1661E+00  0.1227E+00  0.2290E+00  0.1068E+00  0.2822E-02  0.5980E-04
     -3.531  0.3521E-01  0.2561E-01  0.1674E-02  0.4507E-02  0.2133E-02  0.5117E-02  0.2207E-02  0.3401E-02  0.4368E-02  0.2589E-04  0.2387E+00  0.9904E-01  0.2509E+00  0.8659E-01  0.2983E+00  0.7648E-01  0.3121E-02  0.4354E-04
     -3.521  0.1094E-01  0.1814E-01  0.6394E-03  0.3963E-02  0.6787E-03  0.3614E-02  0.6368E-03  0.5062E-02  0.1380E-02  0.2593E-04  0.9107E-01  0.8745E-01  0.8135E-01  0.6142E-01  0.8393E-01  0.1149E+00  0.1372E-02  0.3071E-04
     -3.511  0.6056E-02  0.2092E-01  0.3689E-03  0.1000E-01  0.3769E-03  0.4068E-02  0.3255E-03  0.1075E-01  0.8213E-03  0.4184E-04  0.5250E-01  0.2236E+00  0.4582E-01  0.6941E-01  0.4239E-01  0.2463E+00  0.8334E-03  0.4278E-04
     -3.501  0.4425E-02  0.2522E-01  0.2581E-03  0.1763E-01  0.2690E-03  0.4829E-02  0.2455E-03  0.1292E-01  0.6064E-03  0.5255E-04  0.3688E-01  0.3955E+00  0.3256E-01  0.8263E-01  0.3198E-01  0.2973E+00  0.6246E-03  0.6068E-04
     -3.491  0.3232E-02  0.3013E-01  0.1721E-03  0.1913E-01  0.1890E-03  0.5740E-02  0.1968E-03  0.1514E-01  0.4321E-03  0.6643E-04  0.2479E-01  0.4296E+00  0.2257E-01  0.9849E-01  0.2576E-01  0.3491E+00  0.4727E-03  0.7633E-04
     -3.481  0.2532E-02  0.3587E-01  0.1317E-03  0.2047E-01  0.1442E-03  0.6816E-02  0.1734E-03  0.1758E-01  0.3576E-03  0.8447E-04  0.1937E-01  0.4599E+00  0.1725E-01  0.1172E+00  0.2293E-01  0.4064E+00  0.4397E-03  0.9403E-04
     -3.471  0.2724E-02  0.5130E-01  0.1351E-03  0.2290E-01  0.1519E-03  0.9680E-02  0.1734E-03  0.2471E-01  0.3786E-03  0.1447E-03  0.2027E-01  0.5162E+00  0.1854E-01  0.1674E+00  0.2336E-01  0.5733E+00  0.5015E-03  0.1392E-03
     -3.461  0.2973E-02  0.4771E-01  0.1394E-03  0.2032E-01  0.1624E-03  0.8957E-02  0.1751E-03  0.2423E-01  0.3983E-03  0.1383E-03  0.2131E-01  0.4591E+00  0.2019E-01  0.1551E+00  0.2403E-01  0.5631E+00  0.5656E-03  0.1366E-03
     -3.451  0.3994E-02  0.4063E-01  0.1568E-03  0.1540E-01  0.2001E-03  0.7578E-02  0.2076E-03  0.2146E-01  0.6478E-03  0.1166E-03  0.2492E-01  0.3487E+00  0.2578E-01  0.1312E+00  0.3193E-01  0.4997E+00  0.7804E-03  0.1135E-03
     -3.441  0.4250E-02  0.2219E-01  0.1560E-03  0.7864E-02  0.2025E-03  0.4113E-02  0.2203E-03  0.1399E-01  0.7846E-03  0.6446E-04  0.2530E-01  0.1781E+00  0.2611E-01  0.7090E-01  0.3508E-01  0.3258E+00  0.8158E-03  0.6281E-04
     -3.431  0.4509E-02  0.8303E-02  0.1544E-03  0.4532E-02  0.2047E-03  0.1539E-02  0.2346E-03  0.6168E-02  0.9295E-03  0.2722E-04  0.2556E-01  0.1025E+00  0.2635E-01  0.2641E-01  0.3842E-01  0.1432E+00  0.8506E-03  0.2985E-04
     -3.421  0.7593E-02  0.3449E-02  0.1824E-03  0.1059E-02  0.3076E-03  0.6114E-03  0.3856E-03  0.2533E-02  0.1912E-02  0.1391E-04  0.3355E-01  0.2439E-01  0.3983E-01  0.1049E-01  0.6719E-01  0.5987E-01  0.1465E-02  0.7707E-05
     -3.411  0.7180E-02  0.6336E-02  0.1682E-03  0.4560E-02  0.2884E-03  0.1142E-02  0.4777E-03  0.3108E-02  0.2268E-02  0.4142E-04  0.3177E-01  0.1062E+00  0.3787E-01  0.2082E-01  0.8296E-01  0.7474E-01  0.1436E-02  0.1560E-04
     -3.401  0.6151E-02  0.7685E-02  0.1607E-03  0.6967E-02  0.2481E-03  0.1377E-02  0.4539E-03  0.3285E-02  0.2077E-02  0.4658E-04  0.3214E-01  0.1626E+00  0.3478E-01  0.2519E-01  0.7903E-01  0.7936E-01  0.1665E-02  0.2153E-04
     -3.391  0.4971E-02  0.1211E-01  0.1399E-03  0.2069E-01  0.2109E-03  0.2164E-02  0.4204E-03  0.1543E-01  0.1819E-02  0.1043E-03  0.2972E-01  0.4836E+00  0.3346E-01  0.4042E-01  0.7326E-01  0.3718E+00  0.1734E-02  0.9924E-04
     -3.381  0.2890E-02  0.1191E-01  0.9740E-04  0.2187E-01  0.1292E-03  0.2100E-02  0.2934E-03  0.1744E-01  0.1192E-02  0.1010E-03  0.2228E-01  0.5122E+00  0.2341E-01  0.3948E-01  0.5114E-01  0.4211E+00  0.1406E-02  0.9654E-04
     -3.371  0.2365E-02  0.1180E-01  0.8539E-04  0.1838E-01  0.1051E-03  0.2060E-02  0.2370E-03  0.1694E-01  0.9780E-03  0.8924E-04  0.2017E-01  0.4313E+00  0.1971E-01  0.3880E-01  0.4150E-01  0.4104E+00  0.1286E-02  0.6485E-04
     -3.361  0.2323E-02  0.1188E-01  0.8283E-04  0.1784E-01  0.1006E-03  0.2032E-02  0.2137E-03  0.1642E-01  0.9036E-03  0.8358E-04  0.1975E-01  0.4199E+00  0.1877E-01  0.3843E-01  0.3759E-01  0.3994E+00  0.1273E-02  0.5085E-04
     -3.351  0.2277E-02  0.9703E-02  0.8064E-04  0.1431E-01  0.9636E-04  0.1634E-02  0.1913E-03  0.1414E-01  0.8296E-03  0.6393E-04  0.1939E-01  0.3376E+00  0.1785E-01  0.3067E-01  0.3382E-01  0.3453E+00  0.1259E-02  0.4317E-04
     -3.341  0.3962E-02  0.1030E-01  0.1546E-03  0.1076E-01  0.1559E-03  0.1702E-02  0.2445E-03  0.9549E-02  0.1428E-02  0.4426E-04  0.3418E-01  0.2552E+00  0.2673E-01  0.3152E-01  0.4433E-01  0.2353E+00  0.1620E-02  0.4557E-04
     -3.331  0.7358E-02  0.1288E-01  0.4998E-03  0.1112E-01  0.2588E-03  0.2123E-02  0.4942E-03  0.1108E-01  0.3300E-02  0.3977E-04  0.1055E+00  0.2646E+00  0.4085E-01  0.3935E-01  0.9265E-01  0.2734E+00  0.4139E-02  0.5825E-04
     -3.321  0.2463E-02  0.1786E-01  0.1868E-03  0.1283E-01  0.8260E-04  0.2977E-02  0.2106E-03  0.1588E-01  0.1524E-02  0.7087E-04  0.4143E-01  0.3068E+00  0.1334E-01  0.5640E-01  0.3951E-01  0.3937E+00  0.1592E-02  0.7899E-04
     -3.311  0.3496E-02  0.1953E-01  0.2374E-03  0.1290E-01  0.1350E-03  0.3236E-02  0.2218E-03  0.2566E-01  0.1481E-02  0.1139E-03  0.5286E-01  0.3108E+00  0.2818E-01  0.6205E-01  0.4284E-01  0.6394E+00  0.2177E-02  0.1062E-03
     -3.301  0.7540E-02  0.2002E-01  0.3206E-03  0.1194E-01  0.3384E-03  0.3309E-02  0.3917E-03  0.2977E-01  0.3345E-02  0.1348E-03  0.7253E-01  0.2893E+00  0.8195E-01  0.6384E-01  0.7811E-01  0.7433E+00  0.2695E-02  0.1138E-03
     -3.291  0.2296E-02  0.1820E-01  0.1081E-03  0.9544E-02  0.7617E-04  0.2993E-02  0.1259E-03  0.2634E-01  0.2181E-02  0.1272E-03  0.2921E-01  0.2325E+00  0.1970E-01  0.5818E-01  0.2693E-01  0.6594E+00  0.1687E-02  0.1357E-03
     -3.281  0.2312E-02  0.1646E-01  0.1062E-03  0.8368E-02  0.7575E-04  0.2697E-02  0.1213E-03  0.2163E-01  0.2304E-02  0.1104E-03  0.2922E-01  0.2044E+00  0.2013E-01  0.5260E-01  0.2630E-01  0.5427E+00  0.1743E-02  0.1341E-03
     -3.271  0.2366E-02  0.1419E-01  0.1058E-03  0.7081E-02  0.7641E-04  0.2315E-02  0.1187E-03  0.1742E-01  0.2414E-02  0.7998E-04  0.2949E-01  0.1735E+00  0.2059E-01  0.4528E-01  0.2604E-01  0.4380E+00  0.1802E-02  0.1033E-03
     -3.261  0.2410E-02  0.2541E-01  0.1051E-03  0.2391E-01  0.7672E-04  0.4187E-02  0.1158E-03  0.2783E-01  0.2514E-02  0.6905E-04  0.2968E-01  0.5879E+00  0.2096E-01  0.8633E-01  0.2572E-01  0.7042E+00  0.1857E-02  0.1112E-03
     -3.251  0.2444E-02  0.2678E-01  0.1042E-03  0.2248E-01  0.7669E-04  0.4375E-02  0.1127E-03  0.2303E-01  0.2603E-02  0.9769E-04  0.2981E-01  0.5535E+00  0.2123E-01  0.9001E-01  0.2534E-01  0.5839E+00  0.1906E-02  0.1442E-03
     -3.241  0.3192E-02  0.2470E-01  0.1444E-03  0.1701E-01  0.9744E-04  0.4001E-02  0.1712E-03  0.1463E-01  0.4718E-02  0.1084E-03  0.4042E-01  0.4202E+00  0.2764E-01  0.8241E-01  0.3935E-01  0.3727E+00  0.2180E-02  0.1752E-03
     -3.231  0.3689E-02  0.1009E-01  0.1687E-03  0.6202E-02  0.1110E-03  0.1594E-02  0.1679E-03  0.5717E-02  0.6277E-02  0.7556E-04  0.4751E-01  0.1548E+00  0.3240E-01  0.3219E-01  0.3937E-01  0.1462E+00  0.2534E-02  0.1152E-03
     -3.221  0.3467E-02  0.6720E-02  0.1352E-03  0.5519E-02  0.1056E-03  0.1035E-02  0.1402E-03  0.5149E-02  0.4473E-02  0.7207E-04  0.3970E-01  0.1385E+00  0.3159E-01  0.2071E-01  0.3348E-01  0.1321E+00  0.2431E-02  0.9102E-04
     -3.211  0.3438E-02  0.7985E-02  0.1293E-03  0.9170E-02  0.1032E-03  0.1216E-02  0.1326E-03  0.6371E-02  0.4208E-02  0.1070E-03  0.3880E-01  0.2307E+00  0.3128E-01  0.2451E-01  0.3215E-01  0.1643E+00  0.2489E-02  0.1225E-03
     -3.201  0.3429E-02  0.8330E-02  0.1288E-03  0.8510E-02  0.1007E-03  0.1266E-02  0.1275E-03  0.6362E-02  0.4283E-02  0.1039E-03  0.3931E-01  0.2149E+00  0.3094E-01  0.2591E-01  0.3144E-01  0.1646E+00  0.2584E-02  0.1207E-03
     -3.191  0.3472E-02  0.8501E-02  0.1288E-03  0.8060E-02  0.9894E-04  0.1290E-02  0.1235E-03  0.6133E-02  0.4441E-02  0.1014E-03  0.3998E-01  0.2041E+00  0.3094E-01  0.2675E-01  0.3103E-01  0.1590E+00  0.2704E-02  0.1218E-03
     -3.181  0.3664E-02  0.8596E-02  0.1296E-03  0.7546E-02  0.1003E-03  0.1300E-02  0.1217E-03  0.5845E-02  0.4945E-02  0.9955E-04  0.4067E-01  0.1916E+00  0.3182E-01  0.2729E-01  0.3120E-01  0.1519E+00  0.2802E-02  0.1232E-03
     -3.171  0.3880E-02  0.8708E-02  0.1303E-03  0.6890E-02  0.1019E-03  0.1312E-02  0.1200E-03  0.5551E-02  0.5496E-02  0.9866E-04  0.4132E-01  0.1754E+00  0.3272E-01  0.2785E-01  0.3142E-01  0.1446E+00  0.2896E-02  0.1239E-03
     -3.161  0.4128E-02  0.9213E-02  0.1307E-03  0.6606E-02  0.1037E-03  0.1382E-02  0.1182E-03  0.5435E-02  0.6082E-02  0.1032E-03  0.4192E-01  0.1687E+00  0.3370E-01  0.2961E-01  0.3160E-01  0.1420E+00  0.3007E-02  0.1309E-03
     -3.151  0.4449E-02  0.9703E-02  0.1309E-03  0.6589E-02  0.1059E-03  0.1449E-02  0.1164E-03  0.5384E-02  0.6732E-02  0.1095E-03  0.4252E-01  0.1688E+00  0.3495E-01  0.3127E-01  0.3183E-01  0.1410E+00  0.3162E-02  0.1398E-03
     -3.141  0.4806E-02  0.1018E-01  0.1315E-03  0.6573E-02  0.1083E-03  0.1515E-02  0.1148E-03  0.5329E-02  0.7440E-02  0.1160E-03  0.4338E-01  0.1689E+00  0.3621E-01  0.3288E-01  0.3219E-01  0.1399E+00  0.3364E-02  0.1489E-03
     -3.131  0.5173E-02  0.1065E-01  0.1320E-03  0.6557E-02  0.1107E-03  0.1578E-02  0.1133E-03  0.5269E-02  0.8163E-02  0.1224E-03  0.4417E-01  0.1690E+00  0.3752E-01  0.3445E-01  0.3257E-01  0.1387E+00  0.3567E-02  0.1581E-03
     -3.121  0.5550E-02  0.1111E-01  0.1322E-03  0.6543E-02  0.1132E-03  0.1639E-02  0.1119E-03  0.5205E-02  0.8901E-02  0.1289E-03  0.4490E-01  0.1692E+00  0.3887E-01  0.3597E-01  0.3298E-01  0.1373E+00  0.3771E-02  0.1675E-03
     -3.111  0.5936E-02  0.1155E-01  0.1321E-03  0.6529E-02  0.1158E-03  0.1698E-02  0.1105E-03  0.5136E-02  0.9654E-02  0.1354E-03  0.4556E-01  0.1694E+00  0.4028E-01  0.3745E-01  0.3342E-01  0.1359E+00  0.3976E-02  0.1771E-03
     -3.101  0.6335E-02  0.1199E-01  0.1321E-03  0.6517E-02  0.1186E-03  0.1756E-02  0.1094E-03  0.5063E-02  0.1042E-01  0.1420E-03  0.4622E-01  0.1696E+00  0.4174E-01  0.3888E-01  0.3389E-01  0.1343E+00  0.4188E-02  0.1867E-03
     -3.091  0.7158E-02  0.1240E-01  0.1427E-03  0.6500E-02  0.1285E-03  0.1810E-02  0.1141E-03  0.4986E-02  0.1212E-01  0.1495E-03  0.5094E-01  0.1697E+00  0.4622E-01  0.4026E-01  0.3638E-01  0.1327E+00  0.4824E-02  0.1972E-03
     -3.081  0.8949E-02  0.1285E-01  0.1772E-03  0.6522E-02  0.1545E-03  0.1867E-02  0.1292E-03  0.4935E-02  0.1554E-01  0.1606E-03  0.6460E-01  0.1708E+00  0.5738E-01  0.4175E-01  0.4256E-01  0.1318E+00  0.6287E-02  0.2117E-03
     -3.071  0.1082E-01  0.1335E-01  0.2112E-03  0.6498E-02  0.1799E-03  0.1928E-02  0.1453E-03  0.4860E-02  0.1914E-01  0.1724E-03  0.7832E-01  0.1708E+00  0.6842E-01  0.4338E-01  0.4919E-01  0.1303E+00  0.7854E-02  0.2267E-03
     -3.061  0.1294E-01  0.1377E-01  0.2426E-03  0.6358E-02  0.2081E-03  0.1972E-02  0.1668E-03  0.4716E-02  0.2326E-01  0.1874E-03  0.9146E-01  0.1677E+00  0.8216E-01  0.4464E-01  0.5864E-01  0.1269E+00  0.9851E-02  0.2436E-03
     -3.051  0.1253E-01  0.1420E-01  0.2267E-03  0.6216E-02  0.1971E-03  0.2017E-02  0.1560E-03  0.4573E-02  0.2310E-01  0.2027E-03  0.8632E-01  0.1646E+00  0.7938E-01  0.4590E-01  0.5558E-01  0.1236E+00  0.9544E-02  0.2609E-03
     -3.041  0.1250E-01  0.1468E-01  0.2190E-03  0.6065E-02  0.1922E-03  0.2068E-02  0.1531E-03  0.4432E-02  0.2325E-01  0.2214E-03  0.8465E-01  0.1613E+00  0.7941E-01  0.4728E-01  0.5541E-01  0.1204E+00  0.9694E-02  0.2803E-03
     -3.031  0.1267E-01  0.1604E-01  0.2218E-03  0.6139E-02  0.1905E-03  0.2221E-02  0.1573E-03  0.4315E-02  0.2390E-01  0.2613E-03  0.8772E-01  0.1645E+00  0.8159E-01  0.5128E-01  0.5803E-01  0.1183E+00  0.1025E-01  0.3340E-03
     -3.021  0.1137E-01  0.1678E-01  0.1846E-03  0.6146E-02  0.1630E-03  0.2280E-02  0.1343E-03  0.4081E-02  0.2317E-01  0.2974E-03  0.7409E-01  0.1659E+00  0.7030E-01  0.5294E-01  0.5036E-01  0.1129E+00  0.9607E-02  0.3697E-03
     -3.011  0.1018E-01  0.1686E-01  0.1522E-03  0.6017E-02  0.1367E-03  0.2264E-02  0.1128E-03  0.3936E-02  0.2261E-01  0.3225E-03  0.6229E-01  0.1632E+00  0.5904E-01  0.5271E-01  0.4316E-01  0.1094E+00  0.9107E-02  0.3925E-03
     -3.001  0.8959E-02  0.1829E-01  0.1226E-03  0.6469E-02  0.1100E-03  0.2425E-02  0.9185E-04  0.3970E-02  0.2198E-01  0.3994E-03  0.5152E-01  0.1763E+00  0.4706E-01  0.5663E-01  0.3613E-01  0.1110E+00  0.8668E-02  0.4695E-03
     -2.991  0.7963E-02  0.2400E-01  0.1002E-03  0.8342E-02  0.8772E-04  0.3142E-02  0.7524E-04  0.4570E-02  0.2168E-01  0.6062E-03  0.4340E-01  0.2286E+00  0.3711E-01  0.7367E-01  0.3056E-01  0.1290E+00  0.8479E-02  0.7177E-03
     -2.981  0.7797E-02  0.3503E-01  0.9302E-04  0.1260E-01  0.8204E-04  0.4548E-02  0.7100E-04  0.6216E-02  0.2271E-01  0.9861E-03  0.4104E-01  0.3467E+00  0.3598E-01  0.1070E+00  0.2938E-01  0.1767E+00  0.8938E-02  0.1022E-02
     -2.971  0.7685E-02  0.2493E-01  0.8636E-04  0.8104E-02  0.7718E-04  0.3214E-02  0.6711E-04  0.4420E-02  0.2385E-01  0.6807E-03  0.3893E-01  0.2233E+00  0.3520E-01  0.7608E-01  0.2837E-01  0.1258E+00  0.9428E-02  0.7253E-03
     -2.961  0.7560E-02  0.1609E-01  0.7975E-04  0.5277E-02  0.7232E-04  0.2037E-02  0.6326E-04  0.3155E-02  0.2501E-01  0.4211E-03  0.3680E-01  0.1457E+00  0.3446E-01  0.4820E-01  0.2735E-01  0.8996E-01  0.9932E-02  0.4817E-03
     -2.951  0.7454E-02  0.1554E-01  0.7362E-04  0.5076E-02  0.6780E-04  0.1955E-02  0.5956E-04  0.3011E-02  0.2622E-01  0.4133E-03  0.3483E-01  0.1403E+00  0.3386E-01  0.4653E-01  0.2637E-01  0.8600E-01  0.1047E-01  0.4795E-03
     -2.941  0.8026E-02  0.1504E-01  0.7125E-04  0.4880E-02  0.6704E-04  0.1880E-02  0.5634E-04  0.2871E-02  0.2931E-01  0.4057E-03  0.3451E-01  0.1350E+00  0.3413E-01  0.4504E-01  0.2570E-01  0.8218E-01  0.1167E-01  0.4775E-03
     -2.931  0.9821E-02  0.1498E-01  0.7334E-04  0.4762E-02  0.7174E-04  0.1859E-02  0.5884E-04  0.2773E-02  0.3801E-01  0.4056E-03  0.3694E-01  0.1319E+00  0.3790E-01  0.4485E-01  0.2850E-01  0.7957E-01  0.1453E-01  0.4821E-03
     -2.921  0.1290E-01  0.1491E-01  0.7977E-04  0.4641E-02  0.8276E-04  0.1838E-02  0.6771E-04  0.2675E-02  0.5455E-01  0.4050E-03  0.4210E-01  0.1287E+00  0.4681E-01  0.4469E-01  0.3521E-01  0.7696E-01  0.1969E-01  0.4861E-03
     -2.911  0.1458E-01  0.1485E-01  0.8382E-04  0.4517E-02  0.9007E-04  0.1818E-02  0.7905E-04  0.2577E-02  0.6655E-01  0.4038E-03  0.4596E-01  0.1254E+00  0.5565E-01  0.4456E-01  0.4258E-01  0.7435E-01  0.2323E-01  0.4896E-03
     -2.901  0.1642E-01  0.1535E-01  0.8762E-04  0.4531E-02  0.9897E-04  0.1865E-02  0.9190E-04  0.2597E-02  0.7992E-01  0.4193E-03  0.4957E-01  0.1262E+00  0.6593E-01  0.4621E-01  0.5076E-01  0.7528E-01  0.2686E-01  0.5222E-03
     -2.891  0.1714E-01  0.1660E-01  0.8015E-04  0.4500E-02  0.9289E-04  0.1996E-02  0.6311E-04  0.2649E-02  0.7175E-01  0.4652E-03  0.4672E-01  0.1261E+00  0.5809E-01  0.5006E-01  0.3573E-01  0.7746E-01  0.2904E-01  0.5960E-03
     -2.881  0.1869E-01  0.1821E-01  0.7992E-04  0.4309E-02  0.9796E-04  0.2165E-02  0.6137E-04  0.2628E-02  0.7956E-01  0.5384E-03  0.4808E-01  0.1219E+00  0.6261E-01  0.5487E-01  0.3589E-01  0.7773E-01  0.3276E-01  0.6861E-03
     -2.871  0.2186E-01  0.1962E-01  0.7956E-04  0.4290E-02  0.1074E-03  0.2315E-02  0.5986E-04  0.2715E-02  0.9401E-01  0.5941E-03  0.4997E-01  0.1220E+00  0.6684E-01  0.5927E-01  0.3721E-01  0.8088E-01  0.3789E-01  0.7562E-03
     -2.861  0.2494E-01  0.2101E-01  0.7768E-04  0.4320E-02  0.1141E-03  0.2464E-02  0.5664E-04  0.2845E-02  0.1074E+00  0.6445E-03  0.5071E-01  0.1233E+00  0.6570E-01  0.6369E-01  0.3723E-01  0.8520E-01  0.4266E-01  0.8209E-03
     -2.851  0.2922E-01  0.2363E-01  0.8104E-04  0.4453E-02  0.1303E-03  0.2747E-02  0.5776E-04  0.3059E-02  0.1229E+00  0.7334E-03  0.5495E-01  0.1276E+00  0.7260E-01  0.7145E-01  0.3933E-01  0.9208E-01  0.4904E-01  0.9201E-03
     -2.841  0.3243E-01  0.2715E-01  0.8169E-04  0.4496E-02  0.1357E-03  0.3092E-02  0.5738E-04  0.3007E-02  0.1323E+00  0.8417E-03  0.5741E-01  0.1293E+00  0.7325E-01  0.7957E-01  0.4033E-01  0.9097E-01  0.5405E-01  0.1006E-02
     -2.831  0.4020E-01  0.2423E-01  0.7814E-04  0.4058E-02  0.1454E-03  0.2653E-02  0.5543E-04  0.2209E-02  0.1532E+00  0.8280E-03  0.5657E-01  0.1172E+00  0.6825E-01  0.6707E-01  0.4039E-01  0.6760E-01  0.6231E-01  0.9356E-03
     -2.821  0.4900E-01  0.2560E-01  0.6996E-04  0.4021E-02  0.1564E-03  0.2745E-02  0.4973E-04  0.2174E-02  0.1740E+00  0.9478E-03  0.5189E-01  0.1166E+00  0.6180E-01  0.6856E-01  0.3793E-01  0.6689E-01  0.6783E-01  0.1013E-02
     -2.811  0.5653E-01  0.2776E-01  0.4839E-04  0.4034E-02  0.1612E-03  0.2932E-02  0.3344E-04  0.2197E-02  0.2111E+00  0.1078E-02  0.3938E-01  0.1175E+00  0.5968E-01  0.7226E-01  0.2635E-01  0.6786E-01  0.8102E-01  0.1105E-02
     -2.801  0.6739E-01  0.2787E-01  0.4106E-04  0.3781E-02  0.1772E-03  0.2982E-02  0.2780E-04  0.2086E-02  0.2355E+00  0.9356E-03  0.3360E-01  0.1108E+00  0.5198E-01  0.7615E-01  0.2234E-01  0.6496E-01  0.8914E-01  0.1043E-02
     -2.791  0.5947E-01  0.2916E-01  0.3540E-04  0.3512E-02  0.1355E-03  0.3105E-02  0.2271E-04  0.2026E-02  0.1807E+00  0.9693E-03  0.3168E-01  0.1034E+00  0.4869E-01  0.7947E-01  0.1935E-01  0.6345E-01  0.7060E-01  0.1056E-02
     -2.781  0.6652E-01  0.3079E-01  0.3262E-04  0.3504E-02  0.1405E-03  0.3259E-02  0.2149E-04  0.2056E-02  0.1849E+00  0.1021E-02  0.2987E-01  0.1035E+00  0.4542E-01  0.8324E-01  0.1888E-01  0.6461E-01  0.7108E-01  0.1095E-02
     -2.770  0.7356E-01  0.3425E-01  0.2957E-04  0.3337E-02  0.1460E-03  0.3576E-02  0.2007E-04  0.2120E-02  0.1882E+00  0.1119E-02  0.2765E-01  0.9941E-01  0.4239E-01  0.9057E-01  0.1818E-01  0.6705E-01  0.7133E-01  0.1172E-02
     -2.760  0.8082E-01  0.2652E-01  0.2651E-04  0.3028E-02  0.1521E-03  0.2723E-02  0.1864E-04  0.1860E-02  0.1908E+00  0.9529E-03  0.2532E-01  0.9101E-01  0.3937E-01  0.6860E-01  0.1746E-01  0.5912E-01  0.7129E-01  0.1182E-02
     -2.750  0.8479E-01  0.2628E-01  0.2245E-04  0.3039E-02  0.1532E-03  0.2667E-02  0.1636E-04  0.1879E-02  0.1796E+00  0.9724E-03  0.2167E-01  0.9184E-01  0.3307E-01  0.6674E-01  0.1573E-01  0.5996E-01  0.6345E-01  0.1240E-02
     -2.740  0.1010E+00  0.2612E-01  0.1901E-04  0.3104E-02  0.1737E-03  0.2618E-02  0.1472E-04  0.1936E-02  0.2199E+00  0.1001E-02  0.2018E-01  0.9444E-01  0.2825E-01  0.6506E-01  0.1529E-01  0.6202E-01  0.7331E-01  0.1323E-02
     -2.730  0.1737E+00  0.2650E-01  0.1744E-04  0.3101E-02  0.2800E-03  0.2569E-02  0.1523E-04  0.1985E-02  0.4547E+00  0.1177E-02  0.2496E-01  0.9525E-01  0.3135E-01  0.6223E-01  0.1930E-01  0.6388E-01  0.1534E+00  0.1525E-02
     -2.720  0.2017E+00  0.2763E-01  0.1590E-04  0.3075E-02  0.3082E-03  0.2550E-02  0.1355E-04  0.2032E-02  0.4726E+00  0.1450E-02  0.2497E-01  0.9553E-01  0.3165E-01  0.5903E-01  0.1836E-01  0.6570E-01  0.1639E+00  0.1806E-02
     -2.710  0.2119E+00  0.2628E-01  0.1515E-04  0.2389E-02  0.3059E-03  0.2304E-02  0.1215E-04  0.1697E-02  0.4336E+00  0.1506E-02  0.2521E-01  0.7502E-01  0.3376E-01  0.5059E-01  0.1739E-01  0.5514E-01  0.1534E+00  0.1826E-02
     -2.700  0.3329E+00  0.2477E-01  0.2253E-04  0.2362E-02  0.4625E-03  0.2115E-02  0.1813E-04  0.1659E-02  0.1026E+01  0.1432E-02  0.4264E-01  0.7484E-01  0.6428E-01  0.4555E-01  0.3027E-01  0.5427E-01  0.3472E+00  0.1871E-02
     -2.690  0.3458E+00  0.2058E-01  0.1527E-04  0.1761E-02  0.4225E-03  0.1689E-02  0.1323E-04  0.1242E-02  0.6142E+00  0.1257E-02  0.2570E-01  0.5633E-01  0.5026E-01  0.3502E-01  0.2405E-01  0.4091E-01  0.1853E+00  0.1551E-02
     -2.680  0.3865E+00  0.1742E-01  0.1469E-04  0.1210E-02  0.4295E-03  0.1380E-02  0.1263E-04  0.8756E-03  0.4658E+00  0.1083E-02  0.2515E-01  0.3913E-01  0.5161E-01  0.2794E-01  0.2527E-01  0.2908E-01  0.1353E+00  0.1242E-02
     -2.670  0.4165E+00  0.1990E-01  0.1432E-04  0.7343E-03  0.4287E-03  0.1433E-02  0.1250E-04  0.6729E-03  0.3986E+00  0.1915E-02  0.2615E-01  0.2448E-01  0.5846E-01  0.2712E-01  0.2755E-01  0.2245E-01  0.1193E+00  0.1581E-02
     -2.660  0.4448E+00  0.2349E-01  0.1418E-04  0.9089E-03  0.4217E-03  0.1663E-02  0.1295E-04  0.7168E-03  0.3781E+00  0.2265E-02  0.2756E-01  0.3099E-01  0.6833E-01  0.3078E-01  0.3028E-01  0.2409E-01  0.1198E+00  0.2033E-02
     -2.650  0.4671E+00  0.1295E-01  0.1436E-04  0.7615E-03  0.4288E-03  0.1017E-02  0.1340E-04  0.4941E-03  0.3978E+00  0.6217E-03  0.2816E-01  0.2561E-01  0.7026E-01  0.2355E-01  0.3262E-01  0.1715E-01  0.1244E+00  0.7809E-03
     -2.640  0.5321E+00  0.1378E-01  0.1343E-04  0.8922E-03  0.4618E-03  0.1082E-02  0.1222E-04  0.5591E-03  0.4681E+00  0.5891E-03  0.2800E-01  0.3026E-01  0.7820E-01  0.2629E-01  0.3300E-01  0.1954E-01  0.1450E+00  0.9428E-03
     -2.630  0.7874E+00  0.1426E-01  0.1600E-04  0.9624E-03  0.6451E-03  0.1118E-02  0.1281E-04  0.6882E-03  0.5892E+00  0.5997E-03  0.3871E-01  0.3263E-01  0.1121E+00  0.2751E-01  0.3565E-01  0.2405E-01  0.1949E+00  0.1021E-02
     -2.620  0.1229E+01  0.1437E-01  0.2308E-04  0.1022E-02  0.9721E-03  0.1125E-02  0.1477E-04  0.8127E-03  0.7748E+00  0.6131E-03  0.6326E-01  0.3464E-01  0.1732E+00  0.2780E-01  0.4079E-01  0.2840E-01  0.2813E+00  0.1074E-02
     -2.610  0.1073E+01  0.1446E-01  0.1308E-04  0.1077E-02  0.7836E-03  0.1131E-02  0.1306E-04  0.9331E-03  0.8555E+00  0.6264E-03  0.3479E-01  0.3649E-01  0.1495E+00  0.2802E-01  0.3375E-01  0.3262E-01  0.2863E+00  0.1130E-02
     -2.600  0.1204E+01  0.1454E-01  0.1208E-04  0.1127E-02  0.8472E-03  0.1134E-02  0.1308E-04  0.1050E-02  0.9824E+00  0.6397E-03  0.3428E-01  0.3819E-01  0.1697E+00  0.2819E-01  0.3235E-01  0.3671E-01  0.3300E+00  0.1189E-02
     -2.590  0.1190E+01  0.1460E-01  0.1029E-04  0.1172E-02  0.8011E-03  0.1136E-02  0.1150E-04  0.1162E-02  0.1051E+01  0.6529E-03  0.3282E-01  0.3973E-01  0.1932E+00  0.2828E-01  0.2663E-01  0.4067E-01  0.3457E+00  0.1251E-02
     -2.580  0.1135E+01  0.1590E-01  0.7861E-05  0.1295E-02  0.7190E-03  0.1237E-02  0.1060E-04  0.1296E-02  0.1099E+01  0.6799E-03  0.2709E-01  0.4396E-01  0.2209E+00  0.3110E-01  0.2196E-01  0.4544E-01  0.3316E+00  0.1393E-02
     -2.570  0.8631E+00  0.1768E-01  0.5810E-05  0.1444E-02  0.4907E-03  0.1375E-02  0.6098E-05  0.1420E-02  0.8597E+00  0.7090E-03  0.2195E-01  0.4915E-01  0.2146E+00  0.3496E-01  0.1520E-01  0.4986E-01  0.2450E+00  0.1582E-02
     -2.560  0.8998E+00  0.1903E-01  0.6347E-05  0.1475E-02  0.4617E-03  0.1476E-02  0.5710E-05  0.1194E-02  0.8267E+00  0.6524E-03  0.2534E-01  0.5063E-01  0.2539E+00  0.3836E-01  0.1509E-01  0.4235E-01  0.2254E+00  0.1851E-02
     -2.550  0.9807E+00  0.2022E-01  0.7012E-05  0.1520E-02  0.4627E-03  0.1566E-02  0.6506E-05  0.1020E-02  0.8526E+00  0.5925E-03  0.2854E-01  0.5254E-01  0.3044E+00  0.4135E-01  0.1672E-01  0.3652E-01  0.2150E+00  0.2072E-02
     -2.540  0.1231E+01  0.2161E-01  0.5579E-05  0.1638E-02  0.5125E-03  0.1669E-02  0.6901E-05  0.1032E-02  0.6867E+00  0.5872E-03  0.2148E-01  0.5675E-01  0.2859E+00  0.4442E-01  0.1488E-01  0.3704E-01  0.1973E+00  0.2293E-02
     -2.530  0.2993E+01  0.2317E-01  0.6231E-05  0.1793E-02  0.1183E-02  0.1784E-02  0.1718E-04  0.1049E-02  0.8853E+00  0.6023E-03  0.2614E-01  0.6224E-01  0.6161E+00  0.4773E-01  0.3573E-01  0.3773E-01  0.2696E+00  0.2541E-02
     -2.520  0.2501E+01  0.2493E-01  0.6685E-05  0.1960E-02  0.8838E-03  0.1913E-02  0.1088E-04  0.1068E-02  0.1059E+01  0.6276E-03  0.2397E-01  0.6816E-01  0.5433E+00  0.5140E-01  0.2778E-01  0.3850E-01  0.2819E+00  0.2809E-02
     -2.510  0.2611E+01  0.2675E-01  0.6420E-05  0.2131E-02  0.8668E-03  0.2046E-02  0.9097E-05  0.1097E-02  0.1279E+01  0.6555E-03  0.2159E-01  0.7423E-01  0.5591E+00  0.5526E-01  0.2400E-01  0.3963E-01  0.3245E+00  0.3090E-02
     -2.500  0.2186E+01  0.2859E-01  0.3332E-05  0.2305E-02  0.6665E-03  0.2180E-02  0.5832E-05  0.1133E-02  0.1507E+01  0.6852E-03  0.1128E-01  0.8042E-01  0.4648E+00  0.5920E-01  0.1465E-01  0.4102E-01  0.3508E+00  0.3384E-02
     -2.490  0.2729E+01  0.2525E-01  0.5274E-05  0.2393E-02  0.7013E-03  0.1876E-02  0.2132E-04  0.1031E-02  0.4846E+01  0.6809E-03  0.2311E-01  0.8415E-01  0.5658E+00  0.5198E-01  0.2935E-01  0.3751E-01  0.1028E+01  0.4321E-02
     -2.480  0.1571E+01  0.1333E-01  0.3746E-05  0.8800E-03  0.3658E-03  0.9657E-03  0.1236E-04  0.7499E-03  0.2978E+01  0.5286E-03  0.2390E-01  0.3079E-01  0.3105E+00  0.2550E-01  0.2640E-01  0.2728E-01  0.5598E+00  0.1790E-02
     -2.470  0.8790E+00  0.1245E-01  0.2638E-05  0.8808E-03  0.2034E-03  0.8904E-03  0.1179E-04  0.7380E-03  0.2544E+01  0.5353E-03  0.2607E-01  0.3095E-01  0.1681E+00  0.2336E-01  0.2532E-01  0.2695E-01  0.4906E+00  0.1834E-02
     -2.460  0.6581E+00  0.1029E-01  0.2478E-05  0.8205E-03  0.1491E-03  0.7230E-03  0.1198E-04  0.7071E-03  0.2483E+01  0.5127E-03  0.2969E-01  0.2892E-01  0.1252E+00  0.1862E-01  0.2719E-01  0.2591E-01  0.4861E+00  0.1717E-02
     -2.450  0.4423E+00  0.8805E-02  0.2252E-05  0.6836E-03  0.9948E-04  0.6037E-03  0.1151E-04  0.6584E-03  0.2223E+01  0.5195E-03  0.3143E-01  0.2424E-01  0.8556E-01  0.1547E-01  0.2758E-01  0.2426E-01  0.4472E+00  0.1503E-02
     -2.440  0.1852E+00  0.8449E-02  0.1626E-05  0.5839E-03  0.4007E-04  0.5575E-03  0.8795E-05  0.6741E-03  0.1552E+01  0.6221E-03  0.2601E-01  0.2092E-01  0.4028E-01  0.1420E-01  0.2338E-01  0.2511E-01  0.3468E+00  0.1434E-02
     -2.430  0.3856E-01  0.8732E-02  0.2650E-06  0.4767E-03  0.8032E-05  0.5505E-03  0.4347E-05  0.6905E-03  0.7077E+00  0.7107E-03  0.7521E-02  0.1746E-01  0.1943E-01  0.1399E-01  0.1661E-01  0.2606E-01  0.1629E+00  0.1375E-02
     -2.420  0.4000E-01  0.1207E-01  0.4343E-06  0.6142E-03  0.8739E-05  0.7520E-03  0.4941E-05  0.8183E-03  0.8439E+00  0.9964E-03  0.1169E-01  0.2265E-01  0.2929E-01  0.1907E-01  0.2474E-01  0.3116E-01  0.2131E+00  0.1828E-02
     -2.410  0.4168E-01  0.2170E-01  0.6474E-06  0.1157E-02  0.9883E-05  0.1326E-02  0.5667E-05  0.1435E-02  0.9957E+00  0.2200E-02  0.1776E-01  0.4298E-01  0.4467E-01  0.3381E-01  0.3618E-01  0.5545E-01  0.2670E+00  0.3060E-02
     -2.400  0.5599E-01  0.3193E-01  0.1354E-05  0.1679E-02  0.1558E-04  0.1934E-02  0.8171E-05  0.2043E-02  0.1416E+01  0.3457E-02  0.3085E-01  0.6262E-01  0.9124E-01  0.4955E-01  0.6870E-01  0.7942E-01  0.5186E+00  0.4271E-02
     -2.390  0.5453E-01  0.3905E-01  0.1633E-05  0.1959E-02  0.1672E-04  0.2356E-02  0.7705E-05  0.2469E-02  0.1348E+01  0.4363E-02  0.3690E-01  0.7337E-01  0.1153E+00  0.6154E-01  0.7313E-01  0.9640E-01  0.5624E+00  0.4971E-02
     -2.380  0.4672E-01  0.3610E-01  0.1499E-05  0.1870E-02  0.1473E-04  0.2173E-02  0.6527E-05  0.1979E-02  0.1198E+01  0.3187E-02  0.4006E-01  0.7038E-01  0.1073E+00  0.5774E-01  0.6591E-01  0.7765E-01  0.4375E+00  0.4818E-02
     -2.370  0.2481E-01  0.1632E-01  0.7832E-06  0.9865E-03  0.8609E-05  0.9723E-03  0.3439E-05  0.8471E-03  0.6101E+00  0.1012E-02  0.2509E-01  0.3737E-01  0.6487E-01  0.2551E-01  0.3539E-01  0.3327E-01  0.2254E+00  0.2854E-02
     -2.360  0.6796E-03  0.1707E-02  0.2910E-07  0.2104E-03  0.2763E-06  0.9835E-04  0.1258E-06  0.1587E-03  0.2357E-01  0.1101E-03  0.9407E-03  0.8055E-02  0.1983E-02  0.2377E-02  0.1470E-02  0.6242E-02  0.9770E-02  0.6493E-03
     -2.350  0.0000E+00  0.1718E-03  0.0000E+00  0.2613E-05  0.0000E+00  0.9243E-05  0.0000E+00  0.6845E-05  0.0000E+00  0.2097E-04  0.0000E+00  0.1046E-03  0.0000E+00  0.3251E-03  0.0000E+00  0.2924E-03  0.0000E+00  0.1191E-04
     -2.340  0.7704E-03  0.3323E-02  0.1620E-06  0.3485E-04  0.1183E-05  0.1744E-03  0.1248E-06  0.7753E-04  0.1876E-01  0.2434E-03  0.3196E-02  0.1418E-02  0.6284E-02  0.5288E-02  0.3648E-02  0.3293E-02  0.1045E+00  0.2030E-03
     -2.330  0.4322E-02  0.7470E-02  0.4647E-06  0.1107E-03  0.4660E-05  0.3921E-03  0.5088E-06  0.1852E-03  0.9249E-01  0.5944E-03  0.6425E-02  0.4495E-02  0.2285E-01  0.1187E-01  0.1612E-01  0.7848E-02  0.3505E+00  0.4697E-03
     -2.320  0.6834E-02  0.1513E-01  0.8346E-06  0.2273E-03  0.5790E-05  0.7820E-03  0.6881E-06  0.3573E-03  0.1696E+00  0.1165E-02  0.1215E-01  0.9246E-02  0.2887E-01  0.2314E-01  0.2164E-01  0.1518E-01  0.4854E+00  0.1123E-02
     -2.310  0.9071E-02  0.1567E-01  0.1189E-05  0.2937E-03  0.7522E-05  0.7974E-03  0.8858E-06  0.3709E-03  0.2700E+00  0.1298E-02  0.1776E-01  0.1196E-01  0.3810E-01  0.2352E-01  0.2629E-01  0.1581E-01  0.6623E+00  0.1330E-02
     -2.300  0.1230E-01  0.1821E-01  0.1847E-05  0.3940E-03  0.1219E-04  0.9086E-03  0.1490E-05  0.3979E-03  0.3871E+00  0.1512E-02  0.2477E-01  0.1609E-01  0.5808E-01  0.2633E-01  0.3325E-01  0.1703E-01  0.8979E+00  0.1897E-02
     -2.290  0.1626E-01  0.2212E-01  0.2672E-05  0.5041E-03  0.1826E-04  0.1083E-02  0.2223E-05  0.4358E-03  0.5087E+00  0.1773E-02  0.3196E-01  0.2065E-01  0.8355E-01  0.3058E-01  0.4128E-01  0.1873E-01  0.1155E+01  0.2725E-02
     -2.280  0.1026E-01  0.2464E-01  0.3800E-05  0.5745E-03  0.1886E-04  0.1189E-02  0.3367E-05  0.4682E-03  0.2805E+00  0.1982E-02  0.2829E-01  0.2360E-01  0.6614E-01  0.3312E-01  0.3056E-01  0.2020E-01  0.8604E+00  0.3408E-02
     -2.270  0.1242E-01  0.2544E-01  0.7862E-05  0.6040E-03  0.2373E-04  0.1208E-02  0.4623E-05  0.4922E-03  0.8917E+00  0.2175E-02  0.4055E-01  0.2487E-01  0.7627E-01  0.3332E-01  0.4261E-01  0.2131E-01  0.3763E+01  0.3893E-02
     -2.260  0.1339E-01  0.2874E-01  0.9325E-05  0.7497E-03  0.2696E-04  0.1353E-02  0.5712E-05  0.6059E-03  0.6650E+00  0.2804E-02  0.5003E-01  0.3101E-01  0.8601E-01  0.3847E-01  0.5077E-01  0.2638E-01  0.3127E+01  0.5107E-02
     -2.250  0.1162E-01  0.2839E-01  0.9847E-05  0.7232E-03  0.2615E-04  0.1310E-02  0.5606E-05  0.6122E-03  0.5168E+00  0.2938E-02  0.5262E-01  0.3000E-01  0.7836E-01  0.3643E-01  0.4311E-01  0.2673E-01  0.2585E+01  0.5291E-02
     -2.240  0.7387E-02  0.2610E-01  0.9356E-05  0.6558E-03  0.2224E-04  0.1183E-02  0.4425E-05  0.5412E-03  0.2742E+00  0.2856E-02  0.4399E-01  0.2732E-01  0.5531E-01  0.3276E-01  0.2213E-01  0.2373E-01  0.1351E+01  0.4966E-02
     -2.230  0.5994E-02  0.2493E-01  0.9931E-05  0.6001E-03  0.2325E-04  0.1102E-02  0.4825E-05  0.4911E-03  0.1956E+00  0.2983E-02  0.3473E-01  0.2513E-01  0.4811E-01  0.3005E-01  0.1921E-01  0.2163E-01  0.6854E+00  0.4969E-02
     -2.220  0.5161E-02  0.2323E-01  0.1008E-04  0.5295E-03  0.2459E-04  0.1005E-02  0.5382E-05  0.4476E-03  0.1466E+00  0.2934E-02  0.2681E-01  0.2229E-01  0.4566E-01  0.2712E-01  0.1931E-01  0.1983E-01  0.2699E+00  0.4555E-02
     -2.210  0.5059E-02  0.2236E-01  0.1062E-04  0.4700E-03  0.2573E-04  0.9472E-03  0.5826E-05  0.4133E-03  0.1492E+00  0.2974E-02  0.2719E-01  0.1992E-01  0.4504E-01  0.2542E-01  0.1973E-01  0.1842E-01  0.2867E+00  0.4355E-02
     -2.200  0.5016E-02  0.2090E-01  0.1125E-04  0.4127E-03  0.2713E-04  0.8649E-03  0.6342E-05  0.3817E-03  0.1547E+00  0.2972E-02  0.2784E-01  0.1760E-01  0.4462E-01  0.2302E-01  0.2039E-01  0.1713E-01  0.3123E+00  0.3981E-02
     -2.190  0.4980E-02  0.2098E-01  0.1186E-04  0.4086E-03  0.2857E-04  0.8580E-03  0.6874E-05  0.3737E-03  0.1606E+00  0.3033E-02  0.2848E-01  0.1748E-01  0.4422E-01  0.2270E-01  0.2110E-01  0.1683E-01  0.3398E+00  0.4002E-02
     -2.180  0.4952E-02  0.2107E-01  0.1247E-04  0.4044E-03  0.3004E-04  0.8511E-03  0.7423E-05  0.3658E-03  0.1666E+00  0.3093E-02  0.2911E-01  0.1736E-01  0.4383E-01  0.2237E-01  0.2186E-01  0.1654E-01  0.3692E+00  0.4024E-02
     -2.170  0.4932E-02  0.2115E-01  0.1306E-04  0.4002E-03  0.3157E-04  0.8443E-03  0.7987E-05  0.3581E-03  0.1730E+00  0.3151E-02  0.2972E-01  0.1724E-01  0.4347E-01  0.2205E-01  0.2266E-01  0.1625E-01  0.4004E+00  0.4048E-02
     -2.160  0.4920E-02  0.2124E-01  0.1364E-04  0.3959E-03  0.3313E-04  0.8376E-03  0.8568E-05  0.3504E-03  0.1797E+00  0.3206E-02  0.3032E-01  0.1712E-01  0.4311E-01  0.2172E-01  0.2351E-01  0.1596E-01  0.4336E+00  0.4073E-02
     -2.150  0.4930E-02  0.2133E-01  0.1455E-04  0.3916E-03  0.3519E-04  0.8310E-03  0.9267E-05  0.3428E-03  0.1882E+00  0.3261E-02  0.3139E-01  0.1699E-01  0.4294E-01  0.2139E-01  0.2447E-01  0.1568E-01  0.4806E+00  0.4099E-02
     -2.140  0.5987E-02  0.2179E-01  0.1926E-04  0.3815E-03  0.4248E-04  0.8273E-03  0.1309E-04  0.3327E-03  0.2555E+00  0.3384E-02  0.3928E-01  0.1663E-01  0.4391E-01  0.2085E-01  0.3094E-01  0.1530E-01  0.7669E+00  0.4144E-02
     -2.130  0.5466E-02  0.2250E-01  0.1922E-04  0.3683E-03  0.4160E-04  0.8249E-03  0.1353E-04  0.3200E-03  0.2396E+00  0.3582E-02  0.3656E-01  0.1613E-01  0.4185E-01  0.2013E-01  0.2920E-01  0.1481E-01  0.7079E+00  0.4190E-02
     -2.120  0.4986E-02  0.2357E-01  0.1923E-04  0.3546E-03  0.4076E-04  0.8266E-03  0.1399E-04  0.3069E-03  0.2250E+00  0.3816E-02  0.3399E-01  0.1563E-01  0.3998E-01  0.1932E-01  0.2755E-01  0.1430E-01  0.6532E+00  0.4295E-02
     -2.110  0.4645E-02  0.2503E-01  0.1967E-04  0.3404E-03  0.4025E-04  0.8330E-03  0.1450E-04  0.2934E-03  0.2143E+00  0.4090E-02  0.3253E-01  0.1510E-01  0.3900E-01  0.1840E-01  0.2623E-01  0.1379E-01  0.6137E+00  0.4466E-02
     -2.100  0.4275E-02  0.2655E-01  0.2057E-04  0.3259E-03  0.3974E-04  0.8403E-03  0.1507E-04  0.2799E-03  0.2034E+00  0.4370E-02  0.3107E-01  0.1456E-01  0.3771E-01  0.1749E-01  0.2476E-01  0.1327E-01  0.5748E+00  0.4643E-02
     -2.090  0.3931E-02  0.2811E-01  0.2161E-04  0.3111E-03  0.3933E-04  0.8485E-03  0.1561E-04  0.2664E-03  0.1934E+00  0.4655E-02  0.2979E-01  0.1400E-01  0.3652E-01  0.1657E-01  0.2343E-01  0.1276E-01  0.5376E+00  0.4824E-02
     -2.080  0.3660E-02  0.2955E-01  0.2274E-04  0.2989E-03  0.3923E-04  0.8562E-03  0.1604E-04  0.2550E-03  0.1856E+00  0.4911E-02  0.2901E-01  0.1354E-01  0.3585E-01  0.1575E-01  0.2250E-01  0.1232E-01  0.5025E+00  0.5008E-02
     -2.070  0.3398E-02  0.3080E-01  0.2391E-04  0.2894E-03  0.3912E-04  0.8624E-03  0.1648E-04  0.2456E-03  0.1780E+00  0.5126E-02  0.2828E-01  0.1320E-01  0.3518E-01  0.1505E-01  0.2160E-01  0.1197E-01  0.4689E+00  0.5183E-02
     -2.060  0.3144E-02  0.3156E-01  0.2511E-04  0.2798E-03  0.3901E-04  0.8624E-03  0.1692E-04  0.2372E-03  0.1706E+00  0.5263E-02  0.2759E-01  0.1284E-01  0.3451E-01  0.1444E-01  0.2073E-01  0.1163E-01  0.4369E+00  0.5303E-02
     -2.050  0.2923E-02  0.3218E-01  0.2621E-04  0.2747E-03  0.3884E-04  0.8651E-03  0.1731E-04  0.2324E-03  0.1638E+00  0.5401E-02  0.2692E-01  0.1265E-01  0.3394E-01  0.1403E-01  0.1993E-01  0.1143E-01  0.4067E+00  0.5429E-02
     -2.040  0.2813E-02  0.3275E-01  0.2708E-04  0.2700E-03  0.3883E-04  0.8676E-03  0.1767E-04  0.2270E-03  0.1608E+00  0.5558E-02  0.2665E-01  0.1248E-01  0.3380E-01  0.1365E-01  0.1953E-01  0.1122E-01  0.3903E+00  0.5575E-02
     -2.030  0.2796E-02  0.4818E-01  0.2815E-04  0.3427E-03  0.3923E-04  0.1230E-02  0.1816E-04  0.3771E-03  0.1627E+00  0.8898E-02  0.2703E-01  0.1614E-01  0.3390E-01  0.1837E-01  0.1955E-01  0.1902E-01  0.3915E+00  0.1031E-01
     -2.020  0.2777E-02  0.5592E-01  0.2922E-04  0.3899E-03  0.3962E-04  0.1368E-02  0.1865E-04  0.4795E-03  0.1644E+00  0.9506E-02  0.2740E-01  0.1860E-01  0.3400E-01  0.1986E-01  0.1958E-01  0.2432E-01  0.3914E+00  0.1366E-01
     -2.010  0.3072E-02  0.5547E-01  0.3566E-04  0.3890E-03  0.4873E-04  0.1267E-02  0.2594E-04  0.4302E-03  0.2033E+00  0.9954E-02  0.3250E-01  0.1873E-01  0.4167E-01  0.1645E-01  0.2632E-01  0.2196E-01  0.4399E+00  0.1442E-01
     -2.000  0.3457E-02  0.5498E-01  0.5482E-04  0.2989E-03  0.5769E-04  0.1170E-02  0.4277E-04  0.2709E-03  0.2200E+00  0.9883E-02  0.4503E-01  0.1454E-01  0.4893E-01  0.1319E-01  0.4181E-01  0.1403E-01  0.4789E+00  0.1419E-01
     -1.990  0.2965E-02  0.5680E-01  0.5272E-04  0.2500E-03  0.4941E-04  0.1152E-02  0.3733E-04  0.2044E-03  0.1937E+00  0.1018E-01  0.3754E-01  0.1231E-01  0.4138E-01  0.1158E-01  0.3210E-01  0.1076E-01  0.3578E+00  0.1470E-01
     -1.980  0.2583E-02  0.6095E-01  0.4946E-04  0.2465E-03  0.4300E-04  0.1199E-02  0.3339E-04  0.2023E-03  0.1740E+00  0.1073E-01  0.3048E-01  0.1223E-01  0.3533E-01  0.1113E-01  0.2453E-01  0.1073E-01  0.2531E+00  0.1591E-01
     -1.970  0.2389E-02  0.6595E-01  0.4952E-04  0.2433E-03  0.4028E-04  0.1260E-02  0.3275E-04  0.2015E-03  0.1659E+00  0.1124E-01  0.2683E-01  0.1215E-01  0.3233E-01  0.1081E-01  0.2120E-01  0.1077E-01  0.1878E+00  0.1675E-01
     -1.960  0.2362E-02  0.7371E-01  0.5447E-04  0.2416E-03  0.4115E-04  0.1356E-02  0.3601E-04  0.2037E-03  0.1708E+00  0.1192E-01  0.2734E-01  0.1215E-01  0.3227E-01  0.1063E-01  0.2194E-01  0.1098E-01  0.1611E+00  0.1755E-01
     -1.950  0.2345E-02  0.8062E-01  0.5956E-04  0.2386E-03  0.4246E-04  0.1438E-02  0.3998E-04  0.2041E-03  0.1779E+00  0.1248E-01  0.2796E-01  0.1206E-01  0.3244E-01  0.1041E-01  0.2303E-01  0.1109E-01  0.1417E+00  0.1824E-01
     -1.940  0.2326E-02  0.8769E-01  0.6305E-04  0.2355E-03  0.4379E-04  0.1523E-02  0.4323E-04  0.2049E-03  0.1836E+00  0.1306E-01  0.2820E-01  0.1196E-01  0.3274E-01  0.1020E-01  0.2388E-01  0.1122E-01  0.1335E+00  0.1892E-01
     -1.930  0.2315E-02  0.9494E-01  0.6586E-04  0.2322E-03  0.4493E-04  0.1609E-02  0.4600E-04  0.2061E-03  0.1882E+00  0.1364E-01  0.2843E-01  0.1186E-01  0.3292E-01  0.9984E-02  0.2458E-01  0.1137E-01  0.1317E+00  0.1959E-01
     -1.920  0.2310E-02  0.1023E+00  0.6813E-04  0.2289E-03  0.4607E-04  0.1698E-02  0.4864E-04  0.2076E-03  0.1929E+00  0.1422E-01  0.2861E-01  0.1176E-01  0.3311E-01  0.9774E-02  0.2530E-01  0.1154E-01  0.1321E+00  0.2025E-01
     -1.910  0.2306E-02  0.1099E+00  0.7037E-04  0.2254E-03  0.4721E-04  0.1788E-02  0.5132E-04  0.2095E-03  0.1976E+00  0.1482E-01  0.2878E-01  0.1164E-01  0.3329E-01  0.9566E-02  0.2604E-01  0.1173E-01  0.1326E+00  0.2090E-01
     -1.900  0.2303E-02  0.1622E+00  0.7258E-04  0.2415E-03  0.4834E-04  0.2634E-02  0.5407E-04  0.2582E-03  0.2024E+00  0.2262E-01  0.2894E-01  0.1271E-01  0.3346E-01  0.1038E-01  0.2680E-01  0.1474E-01  0.1330E+00  0.2299E-01
     -1.890  0.2300E-02  0.1933E+00  0.7476E-04  0.2433E-03  0.4948E-04  0.3105E-02  0.5686E-04  0.2734E-03  0.2073E+00  0.2621E-01  0.2910E-01  0.1291E-01  0.3364E-01  0.1013E-01  0.2760E-01  0.1575E-01  0.1335E+00  0.2474E-01
     -1.880  0.2307E-02  0.1847E+00  0.7709E-04  0.2211E-03  0.5074E-04  0.2898E-02  0.5992E-04  0.2516E-03  0.2133E+00  0.2427E-01  0.2930E-01  0.1175E-01  0.3388E-01  0.9018E-02  0.2851E-01  0.1454E-01  0.1342E+00  0.2403E-01
     -1.870  0.2526E-02  0.1752E+00  0.8325E-04  0.2008E-03  0.5477E-04  0.2680E-02  0.6817E-04  0.2312E-03  0.2454E+00  0.2218E-01  0.3072E-01  0.1069E-01  0.3589E-01  0.8023E-02  0.3151E-01  0.1341E-01  0.1405E+00  0.2344E-01
     -1.860  0.2676E-02  0.1781E+00  0.8764E-04  0.2295E-03  0.5744E-04  0.2628E-02  0.7473E-04  0.5271E-03  0.2689E+00  0.3771E-01  0.3154E-01  0.1244E-01  0.3700E-01  0.1068E-01  0.3378E-01  0.3085E-01  0.1445E+00  0.2663E-01
     -1.850  0.2748E-02  0.1772E+00  0.9103E-04  0.2331E-03  0.5891E-04  0.2517E-02  0.7931E-04  0.6810E-03  0.2838E+00  0.4659E-01  0.3208E-01  0.1277E-01  0.3738E-01  0.1206E-01  0.3518E-01  0.4005E-01  0.1471E+00  0.2831E-01
     -1.840  0.2818E-02  0.1670E+00  0.9449E-04  0.1948E-03  0.6033E-04  0.2288E-02  0.8384E-04  0.4718E-03  0.2986E+00  0.3648E-01  0.3264E-01  0.1071E-01  0.3776E-01  0.9707E-02  0.3654E-01  0.2795E-01  0.1500E+00  0.3228E-01
     -1.830  0.5571E-02  0.1891E+00  0.1443E-03  0.2248E-03  0.1059E-03  0.2565E-02  0.3129E-03  0.3729E-03  0.7917E+00  0.3592E-01  0.5124E-01  0.1244E-01  0.4318E-01  0.9230E-02  0.1422E+00  0.2222E-01  0.2522E+00  0.5465E-01
     -1.820  0.4230E-02  0.2222E+00  0.1200E-03  0.2697E-03  0.8380E-04  0.3008E-02  0.2048E-03  0.2813E-03  0.5803E+00  0.3358E-01  0.4039E-01  0.1500E-01  0.4044E-01  0.8242E-02  0.8804E-01  0.1687E-01  0.2114E+00  0.8390E-01
     -1.810  0.3664E-02  0.2302E+00  0.1115E-03  0.2120E-03  0.7487E-04  0.3069E-02  0.1752E-03  0.2054E-03  0.5070E+00  0.2494E-01  0.3635E-01  0.1173E-01  0.3616E-01  0.7016E-02  0.7385E-01  0.1239E-01  0.1934E+00  0.6449E-01
     -1.800  0.3099E-02  0.2383E+00  0.1032E-03  0.1622E-03  0.6619E-04  0.3141E-02  0.1456E-03  0.1904E-03  0.4310E+00  0.2027E-01  0.3238E-01  0.8922E-02  0.3207E-01  0.6652E-02  0.5990E-01  0.1151E-01  0.1744E+00  0.4359E-01
     -1.790  0.2543E-02  0.2479E+00  0.9604E-04  0.1126E-03  0.5800E-04  0.3237E-02  0.1164E-03  0.1763E-03  0.3538E+00  0.1561E-01  0.2891E-01  0.6117E-02  0.2833E-01  0.6370E-02  0.4636E-01  0.1069E-01  0.1562E+00  0.2035E-01
     -1.780  0.2024E-02  0.2670E+00  0.9098E-04  0.1070E-03  0.5050E-04  0.3477E-02  0.8821E-04  0.1698E-03  0.2769E+00  0.1514E-01  0.2593E-01  0.5808E-02  0.2511E-01  0.6549E-02  0.3338E-01  0.1034E-01  0.1390E+00  0.1829E-01
     -1.770  0.1751E-02  0.6101E+00  0.9171E-04  0.1919E-03  0.4691E-04  0.8189E-02  0.7855E-04  0.1966E-03  0.2410E+00  0.2254E-01  0.2468E-01  0.1041E-01  0.2286E-01  0.8565E-02  0.2851E-01  0.1223E-01  0.1327E+00  0.3325E-01
     -1.760  0.1557E-02  0.1051E+01  0.9399E-04  0.2146E-03  0.4491E-04  0.1378E-01  0.7552E-04  0.2229E-03  0.2189E+00  0.3462E-01  0.2399E-01  0.1167E-01  0.2110E-01  0.1217E-01  0.2656E-01  0.1435E-01  0.1303E+00  0.5616E-01
     -1.750  0.1596E-02  0.1171E+01  0.1010E-03  0.1770E-03  0.4630E-04  0.1504E-01  0.7704E-04  0.1836E-03  0.2197E+00  0.3178E-01  0.2509E-01  0.9557E-02  0.2210E-01  0.1511E-01  0.2657E-01  0.1203E-01  0.1350E+00  0.5689E-01
     -1.740  0.1651E-02  0.5768E+00  0.1085E-03  0.9382E-04  0.4788E-04  0.7056E-02  0.7880E-04  0.8438E-04  0.2218E+00  0.1171E-01  0.2635E-01  0.5059E-02  0.2331E-01  0.1537E-01  0.2666E-01  0.5285E-02  0.1404E+00  0.2472E-01
     -1.730  0.1744E-02  0.1054E+01  0.1203E-03  0.1425E-03  0.4970E-04  0.1254E-01  0.8130E-04  0.8297E-04  0.2242E+00  0.1141E-01  0.2848E-01  0.7560E-02  0.2490E-01  0.3471E-01  0.2688E-01  0.5310E-02  0.1488E+00  0.2390E-01
     -1.720  0.1890E-02  0.2938E+01  0.1395E-03  0.2112E-03  0.5182E-04  0.3458E-01  0.8488E-04  0.3774E-03  0.2267E+00  0.4702E-01  0.3216E-01  0.1085E-01  0.2706E-01  0.8189E-01  0.2726E-01  0.2697E-01  0.1635E+00  0.5496E-01
     -1.710  0.1901E-02  0.7022E+00  0.1443E-03  0.8659E-04  0.5244E-04  0.8191E-02  0.8478E-04  0.1000E-03  0.2235E+00  0.3995E-01  0.3279E-01  0.4972E-02  0.2799E-01  0.2759E-01  0.2676E-01  0.7036E-02  0.1668E+00  0.5778E-01
     -1.700  0.1826E-02  0.6056E+00  0.1390E-03  0.8245E-04  0.5222E-04  0.6994E-02  0.8244E-04  0.9411E-04  0.2178E+00  0.4670E-01  0.3130E-01  0.4869E-02  0.2809E-01  0.2696E-01  0.2576E-01  0.6663E-02  0.1616E+00  0.6260E-01
     -1.690  0.2220E-02  0.4937E+00  0.1412E-03  0.8323E-04  0.7058E-04  0.5625E-02  0.8266E-04  0.8737E-04  0.2481E+00  0.6588E-01  0.3107E-01  0.5085E-02  0.4197E-01  0.2545E-01  0.2517E-01  0.6225E-02  0.1801E+00  0.6648E-01
     -1.680  0.2279E-02  0.4181E+00  0.1522E-03  0.8974E-04  0.7799E-04  0.4691E-02  0.8791E-04  0.8396E-04  0.3272E+00  0.8628E-01  0.3267E-01  0.5625E-02  0.4581E-01  0.2504E-01  0.2568E-01  0.6019E-02  0.2119E+00  0.7322E-01
     -1.670  0.2386E-02  0.3718E+00  0.1791E-03  0.9852E-04  0.8561E-04  0.4103E-02  0.1003E-03  0.8428E-04  0.4684E+00  0.1055E+00  0.3744E-01  0.6293E-02  0.4947E-01  0.2558E-01  0.2780E-01  0.6087E-02  0.2664E+00  0.8178E-01
     -1.660  0.2528E-02  0.3425E+00  0.2224E-03  0.1067E-03  0.9282E-04  0.3719E-02  0.1187E-03  0.8760E-04  0.6332E+00  0.1211E+00  0.4514E-01  0.6912E-02  0.5226E-01  0.2645E-01  0.3143E-01  0.6384E-02  0.3173E+00  0.8915E-01
     -1.650  0.2702E-02  0.3276E+00  0.2809E-03  0.1427E-03  0.9954E-04  0.3435E-02  0.1385E-03  0.1457E-03  0.8477E+00  0.1669E+00  0.5505E-01  0.9327E-02  0.5420E-01  0.2988E-01  0.3513E-01  0.1057E-01  0.3679E+00  0.1398E+00
     -1.640  0.2658E-02  0.2085E+00  0.2989E-03  0.1413E-03  0.1054E-03  0.2152E-02  0.1535E-03  0.1804E-03  0.7779E+00  0.2624E+00  0.5769E-01  0.9292E-02  0.5464E-01  0.2345E-01  0.3797E-01  0.1330E-01  0.3403E+00  0.2289E+00
     -1.630  0.2527E-02  0.1402E+00  0.3234E-03  0.4492E-04  0.1136E-03  0.1434E-02  0.1643E-03  0.5695E-04  0.7179E+00  0.4755E-01  0.6113E-01  0.3219E-02  0.5504E-01  0.1864E-01  0.3964E-01  0.4496E-02  0.3114E+00  0.6122E-01
     -1.620  0.2417E-02  0.1102E+00  0.3201E-03  0.4361E-04  0.1611E-03  0.1081E-02  0.1619E-03  0.5290E-04  0.6558E+00  0.4495E-01  0.5804E-01  0.3228E-02  0.7338E-01  0.1835E-01  0.3573E-01  0.4238E-02  0.3017E+00  0.5774E-01
     -1.610  0.1794E-02  0.1397E+00  0.2387E-03  0.3120E-03  0.1429E-03  0.1266E-02  0.1311E-03  0.2955E-03  0.4840E+00  0.4439E+00  0.4205E-01  0.2582E-01  0.6379E-01  0.4847E-01  0.2719E-01  0.2361E-01  0.2308E+00  0.9028E+00
     -1.600  0.1786E-02  0.1144E+00  0.2397E-03  0.2422E-03  0.1497E-03  0.1008E-02  0.1801E-03  0.1790E-03  0.9801E+00  0.2528E+00  0.3857E-01  0.1963E-01  0.6624E-01  0.3628E-01  0.3123E-01  0.1447E-01  0.2804E+00  0.4173E+00
     -1.590  0.1598E-02  0.9959E-01  0.2158E-03  0.2658E-03  0.1259E-03  0.8740E-03  0.2135E-03  0.1652E-03  0.8108E+00  0.1883E+00  0.3242E-01  0.2156E-01  0.5711E-01  0.3215E-01  0.3382E-01  0.1348E-01  0.2244E+00  0.3757E+00
     -1.580  0.1503E-02  0.7584E-01  0.2370E-03  0.2472E-03  0.1083E-03  0.6565E-03  0.2571E-03  0.1599E-03  0.7494E+00  0.1579E+00  0.3454E-01  0.2010E-01  0.4944E-01  0.2908E-01  0.3902E-01  0.1314E-01  0.1928E+00  0.3027E+00
     -1.570  0.1442E-02  0.6208E-01  0.2653E-03  0.2078E-03  0.9086E-04  0.5248E-03  0.3024E-03  0.1445E-03  0.7825E+00  0.1356E+00  0.3762E-01  0.1696E-01  0.4191E-01  0.2651E-01  0.4440E-01  0.1196E-01  0.1772E+00  0.2368E+00
     -1.560  0.1531E-02  0.5238E-01  0.2978E-03  0.2005E-03  0.8916E-04  0.4288E-03  0.3541E-03  0.1272E-03  0.8090E+00  0.9275E-01  0.4143E-01  0.1661E-01  0.4203E-01  0.2413E-01  0.5080E-01  0.1070E-01  0.1743E+00  0.2011E+00
     -1.550  0.1592E-02  0.5171E-01  0.3268E-03  0.2855E-03  0.8680E-04  0.4189E-03  0.4195E-03  0.1627E-03  0.7604E+00  0.8797E-01  0.4460E-01  0.2381E-01  0.4248E-01  0.2295E-01  0.5901E-01  0.1412E-01  0.1740E+00  0.2443E+00
     -1.540  0.1685E-02  0.3846E-01  0.3546E-03  0.2274E-03  0.8242E-04  0.3020E-03  0.4871E-03  0.1607E-03  0.7184E+00  0.7566E-01  0.4752E-01  0.1924E-01  0.4230E-01  0.1999E-01  0.6761E-01  0.1433E-01  0.1767E+00  0.1772E+00
     -1.530  0.1826E-02  0.3143E-01  0.3888E-03  0.2357E-03  0.8195E-04  0.2384E-03  0.5518E-03  0.1728E-03  0.7189E+00  0.7247E-01  0.5139E-01  0.2008E-01  0.4370E-01  0.1868E-01  0.7586E-01  0.1560E-01  0.1909E+00  0.1695E+00
     -1.520  0.1961E-02  0.2797E-01  0.4249E-03  0.2427E-03  0.8084E-04  0.2091E-03  0.6190E-03  0.1797E-03  0.7192E+00  0.6948E-01  0.5550E-01  0.2077E-01  0.4484E-01  0.1789E-01  0.8444E-01  0.1632E-01  0.2062E+00  0.1632E+00
     -1.510  0.1864E-02  0.2495E-01  0.4691E-03  0.2511E-03  0.7074E-04  0.1836E-03  0.8693E-03  0.1874E-03  0.6414E+00  0.6783E-01  0.5891E-01  0.2158E-01  0.4039E-01  0.1742E-01  0.1131E+00  0.1710E-01  0.1964E+00  0.1582E+00
     -1.500  0.1861E-02  0.2060E-01  0.4793E-03  0.2476E-03  0.6773E-04  0.1471E-03  0.9306E-03  0.1986E-03  0.6060E+00  0.6561E-01  0.5876E-01  0.2141E-01  0.3916E-01  0.1631E-01  0.1184E+00  0.1822E-01  0.1993E+00  0.1383E+00
     -1.490  0.2201E-02  0.1722E-01  0.5318E-03  0.2533E-03  0.7328E-04  0.1190E-03  0.1047E-02  0.2095E-03  0.6090E+00  0.6432E-01  0.6321E-01  0.2202E-01  0.4375E-01  0.1550E-01  0.1301E+00  0.1932E-01  0.2133E+00  0.1278E+00
     -1.480  0.2062E-02  0.1509E-01  0.5063E-03  0.2594E-03  0.6792E-04  0.1014E-03  0.1067E-02  0.2174E-03  0.5497E+00  0.6228E-01  0.5920E-01  0.2265E-01  0.4032E-01  0.1479E-01  0.1301E+00  0.2012E-01  0.2452E+00  0.1215E+00
     -1.470  0.1904E-02  0.1410E-01  0.4823E-03  0.2603E-03  0.6399E-04  0.9290E-04  0.1098E-02  0.2223E-03  0.5242E+00  0.5883E-01  0.5573E-01  0.2281E-01  0.3717E-01  0.1425E-01  0.1326E+00  0.2064E-01  0.2634E+00  0.1141E+00
     -1.460  0.1718E-02  0.1309E-01  0.4573E-03  0.2611E-03  0.6017E-04  0.8441E-04  0.1128E-02  0.2272E-03  0.5021E+00  0.5551E-01  0.5221E-01  0.2296E-01  0.3382E-01  0.1376E-01  0.1350E+00  0.2116E-01  0.2807E+00  0.1067E+00
     -1.450  0.1504E-02  0.1190E-01  0.4307E-03  0.2574E-03  0.5631E-04  0.7492E-04  0.1155E-02  0.2249E-03  0.4804E+00  0.5196E-01  0.4855E-01  0.2274E-01  0.3020E-01  0.1322E-01  0.1372E+00  0.2101E-01  0.2984E+00  0.9865E-01
     -1.440  0.1231E-02  0.1023E-01  0.3021E-03  0.2540E-03  0.4646E-04  0.6028E-04  0.7988E-03  0.2584E-03  0.3606E+00  0.5326E-01  0.3401E-01  0.2276E-01  0.2454E-01  0.1371E-01  0.9330E-01  0.2467E-01  0.3037E+00  0.8730E-01
     -1.430  0.1097E-02  0.8711E-02  0.2113E-03  0.2395E-03  0.4038E-04  0.4797E-04  0.5402E-03  0.2726E-03  0.2812E+00  0.4990E-01  0.2382E-01  0.2180E-01  0.2141E-01  0.1395E-01  0.6178E-01  0.2661E-01  0.3124E+00  0.7473E-01
     -1.420  0.1089E-02  0.7593E-02  0.1795E-03  0.2320E-03  0.3878E-04  0.3957E-04  0.4606E-03  0.2751E-03  0.2597E+00  0.4710E-01  0.2020E-01  0.2142E-01  0.2079E-01  0.1363E-01  0.5225E-01  0.2724E-01  0.3268E+00  0.6739E-01
     -1.410  0.1083E-02  0.6583E-02  0.1482E-03  0.2265E-03  0.3719E-04  0.3249E-04  0.3826E-03  0.2747E-03  0.2383E+00  0.4493E-01  0.1666E-01  0.2119E-01  0.2021E-01  0.1285E-01  0.4299E-01  0.2753E-01  0.3407E+00  0.6220E-01
     -1.400  0.1079E-02  0.5845E-02  0.1174E-03  0.2225E-03  0.3562E-04  0.2734E-04  0.3061E-03  0.2790E-03  0.2172E+00  0.4412E-01  0.1319E-01  0.2111E-01  0.1966E-01  0.1207E-01  0.3401E-01  0.2827E-01  0.3542E+00  0.5804E-01
     -1.390  0.1118E-02  0.5439E-02  0.1143E-03  0.2148E-03  0.4205E-04  0.2527E-04  0.3859E-03  0.2852E-03  0.2351E+00  0.4379E-01  0.1201E-01  0.2054E-01  0.2112E-01  0.1100E-01  0.4080E-01  0.2912E-01  0.4406E+00  0.5525E-01
     -1.380  0.1228E-02  0.5051E-02  0.1146E-03  0.2068E-03  0.4932E-04  0.2343E-04  0.4213E-03  0.2917E-03  0.2500E+00  0.4352E-01  0.1174E-01  0.1992E-01  0.2375E-01  0.9850E-02  0.4373E-01  0.3001E-01  0.5197E+00  0.5257E-01
     -1.369  0.8692E-03  0.4657E-02  0.9699E-04  0.1987E-03  0.4268E-04  0.2158E-04  0.4038E-03  0.2986E-03  0.1940E+00  0.4330E-01  0.9320E-02  0.1929E-01  0.1841E-01  0.8621E-02  0.4091E-01  0.3094E-01  0.4097E+00  0.4989E-01
     -1.359  0.1064E-02  0.4072E-02  0.1183E-03  0.1888E-03  0.3686E-04  0.1868E-04  0.3848E-03  0.3023E-03  0.2798E+00  0.4121E-01  0.1018E-01  0.1852E-01  0.1726E-01  0.7140E-02  0.3795E-01  0.3151E-01  0.7092E+00  0.4593E-01
     -1.349  0.3512E-02  0.3438E-02  0.1382E-02  0.1785E-03  0.1155E-03  0.1555E-04  0.1050E-02  0.3053E-03  0.1886E+01  0.3874E-01  0.1035E+00  0.1771E-01  0.6240E-01  0.5555E-02  0.1004E+00  0.3202E-01  0.8284E+01  0.4175E-01
     -1.339  0.9554E-02  0.2776E-02  0.4417E-02  0.1628E-03  0.1408E-03  0.1240E-04  0.1737E-02  0.2866E-03  0.4350E+01  0.3426E-01  0.3330E+00  0.1634E-01  0.9590E-01  0.3867E-02  0.1624E+00  0.3026E-01  0.1942E+02  0.3668E-01
     -1.329  0.8775E-02  0.2221E-02  0.1424E-02  0.1347E-03  0.9288E-04  0.9862E-05  0.7885E-03  0.2093E-03  0.4973E+00  0.2485E-01  0.1107E+00  0.1364E-01  0.9488E-01  0.2839E-02  0.7071E-01  0.2233E-01  0.2366E+01  0.2993E-01
     -1.319  0.7846E-02  0.1796E-02  0.1157E-02  0.1100E-03  0.7877E-04  0.7826E-05  0.6113E-03  0.1425E-03  0.2959E+00  0.1696E-01  0.8967E-01  0.1123E-01  0.8441E-01  0.2366E-02  0.5426E-01  0.1543E-01  0.1490E+01  0.2409E-01
     -1.309  0.6544E-02  0.2182E-02  0.9984E-03  0.1440E-03  0.6366E-04  0.8639E-05  0.4381E-03  0.1488E-03  0.1367E+00  0.1586E-01  0.7699E-01  0.1498E-01  0.7026E-01  0.4193E-02  0.3837E-01  0.1632E-01  0.8033E+00  0.2858E-01
     -1.299  0.2987E-02  0.2765E-02  0.5785E-03  0.1749E-03  0.2980E-04  0.1009E-04  0.1890E-03  0.1674E-03  0.4811E-01  0.1679E-01  0.4432E-01  0.1844E-01  0.3218E-01  0.6302E-02  0.1643E-01  0.1864E-01  0.3363E+00  0.3278E-01
     -1.289  0.0000E+00  0.1519E-02  0.0000E+00  0.1204E-03  0.0000E+00  0.5062E-05  0.0000E+00  0.1661E-03  0.0000E+00  0.1639E-01  0.0000E+00  0.1305E-01  0.0000E+00  0.3394E-02  0.0000E+00  0.1885E-01  0.0000E+00  0.2166E-01
     -1.279  0.0000E+00  0.0000E+00  0.0000E+00  0.0000E+00  0.0000E+00  0.0000E+00  0.0000E+00  0.0000E+00  0.0000E+00  0.0000E+00  0.0000E+00  0.0000E+00  0.0000E+00  0.0000E+00  0.0000E+00  0.0000E+00  0.0000E+00  0.0000E+00
     -1.269  0.2159E-02  0.1313E-04  0.2896E-03  0.1078E-05  0.4042E-04  0.3498E-07  0.1168E-03  0.3883E-06  0.1255E-01  0.4112E-04  0.2042E-01  0.1255E-03  0.2801E-01  0.1198E-03  0.8348E-02  0.5038E-04  0.6859E-01  0.1751E-03
     -1.259  0.4842E-02  0.8752E-04  0.6301E-03  0.6862E-05  0.9440E-04  0.2345E-06  0.2567E-03  0.2506E-05  0.2517E-01  0.2657E-03  0.4435E-01  0.8012E-03  0.6425E-01  0.8017E-03  0.1836E-01  0.3268E-03  0.1393E+00  0.1111E-02
     -1.249  0.7664E-02  0.1658E-03  0.7104E-03  0.1242E-04  0.1251E-03  0.4465E-06  0.3707E-03  0.4599E-05  0.2580E-01  0.4883E-03  0.4933E-01  0.1454E-02  0.9490E-01  0.1524E-02  0.2615E-01  0.6028E-03  0.1393E+00  0.2003E-02
     -1.239  0.1066E-01  0.2480E-03  0.7849E-03  0.1775E-04  0.1558E-03  0.6711E-06  0.4877E-03  0.6667E-05  0.2618E-01  0.7089E-03  0.5385E-01  0.2084E-02  0.1269E+00  0.2286E-02  0.3413E-01  0.8783E-03  0.1375E+00  0.2851E-02
     -1.229  0.1384E-01  0.3341E-03  0.8557E-03  0.2285E-04  0.1868E-03  0.9083E-06  0.6080E-03  0.8711E-05  0.2637E-01  0.9275E-03  0.5804E-01  0.2692E-02  0.1604E+00  0.3089E-02  0.4230E-01  0.1154E-02  0.1346E+00  0.3656E-02
     -1.219  0.1719E-01  0.4241E-03  0.9226E-03  0.2772E-04  0.2180E-03  0.1158E-05  0.7317E-03  0.1073E-04  0.2638E-01  0.1144E-02  0.6190E-01  0.3276E-02  0.1953E+00  0.3933E-02  0.5068E-01  0.1428E-02  0.1304E+00  0.4417E-02
     -1.209  0.2676E-01  0.5180E-03  0.1078E-02  0.3236E-04  0.3007E-03  0.1420E-05  0.1471E-02  0.1272E-04  0.2959E-01  0.1359E-02  0.7094E-01  0.3838E-02  0.2904E+00  0.4816E-02  0.1005E+00  0.1703E-02  0.1147E+00  0.5135E-02
     -1.199  0.3169E-01  0.6157E-03  0.1113E-02  0.3678E-04  0.3214E-03  0.1695E-05  0.1580E-02  0.1469E-04  0.2790E-01  0.1571E-02  0.7218E-01  0.4377E-02  0.3328E+00  0.5740E-02  0.1068E+00  0.1977E-02  0.1057E+00  0.5810E-02
     -1.189  0.1187E+00  0.7174E-03  0.2802E-02  0.4097E-04  0.1062E-02  0.1982E-05  0.5013E-02  0.1664E-04  0.4062E-01  0.1782E-02  0.1741E+00  0.4894E-02  0.1228E+01  0.6704E-02  0.3397E+00  0.2250E-02  0.1921E+00  0.6440E-02
     -1.179  0.1837E+00  0.8230E-03  0.3875E-02  0.4493E-04  0.1602E-02  0.2282E-05  0.1429E-01  0.1856E-04  0.6759E-01  0.1991E-02  0.2391E+00  0.5387E-02  0.1883E+01  0.7709E-02  0.9592E+00  0.2523E-02  0.1887E+00  0.7027E-02
     -1.169  0.1172E+00  0.9325E-03  0.2167E-02  0.4866E-04  0.9227E-03  0.2595E-05  0.1211E-01  0.2046E-04  0.5811E-01  0.2197E-02  0.1347E+00  0.5858E-02  0.1147E+01  0.8754E-02  0.7982E+00  0.2796E-02  0.7529E-01  0.7571E-02
     -1.159  0.1462E+00  0.1046E-02  0.2487E-02  0.5217E-04  0.1099E-02  0.2920E-05  0.1614E-01  0.2233E-04  0.7250E-01  0.2402E-02  0.1541E+00  0.6306E-02  0.1407E+01  0.9839E-02  0.1053E+01  0.3068E-02  0.6235E-01  0.8071E-02
     -1.149  0.1076E+00  0.1213E-02  0.1733E-02  0.5015E-04  0.6816E-03  0.3605E-05  0.7197E-02  0.2730E-04  0.3721E-01  0.2624E-02  0.1040E+00  0.6365E-02  0.9832E+00  0.1256E-01  0.4612E+00  0.4037E-02  0.3744E-01  0.7296E-02
     -1.139  0.1029E+00  0.1424E-02  0.1468E-02  0.4563E-04  0.5694E-03  0.4358E-05  0.5082E-02  0.3724E-04  0.2720E-01  0.3187E-02  0.8647E-01  0.6066E-02  0.9072E+00  0.1494E-01  0.3202E+00  0.5896E-02  0.2617E-01  0.6295E-02
     -1.129  0.7829E-01  0.1619E-02  0.1020E-02  0.4208E-04  0.4371E-03  0.5027E-05  0.3763E-02  0.4699E-04  0.1786E-01  0.3761E-02  0.5946E-01  0.5829E-02  0.6924E+00  0.1685E-01  0.2344E+00  0.7711E-02  0.1547E-01  0.5559E-02
     -1.119  0.4146E-01  0.1658E-02  0.4499E-03  0.4320E-04  0.2815E-03  0.5230E-05  0.2539E-02  0.4987E-04  0.8052E-02  0.3943E-02  0.2597E-01  0.6050E-02  0.3886E+00  0.1752E-01  0.1555E+00  0.8248E-02  0.4586E-02  0.5703E-02
     -1.109  0.2178E-01  0.1697E-02  0.1908E-03  0.4432E-04  0.1736E-03  0.5434E-05  0.1611E-02  0.5265E-04  0.3546E-02  0.4122E-02  0.1089E-01  0.6273E-02  0.2157E+00  0.1819E-01  0.9755E-01  0.8772E-02  0.7535E-03  0.5848E-02
     -1.099  0.1208E-01  0.1735E-02  0.1009E-03  0.4542E-04  0.9301E-04  0.5641E-05  0.8405E-03  0.5534E-04  0.1798E-02  0.4296E-02  0.5728E-02  0.6497E-02  0.1185E+00  0.1887E-01  0.5066E-01  0.9281E-02  0.3665E-03  0.5994E-02
     -1.089  0.1574E-02  0.1773E-02  0.1256E-04  0.4652E-04  0.1172E-04  0.5849E-05  0.1031E-03  0.5795E-04  0.2140E-03  0.4467E-02  0.7086E-03  0.6723E-02  0.1530E-01  0.1955E-01  0.6186E-02  0.9778E-02  0.4155E-04  0.6140E-02
     -1.079  0.0000E+00  0.1811E-02  0.0000E+00  0.4762E-04  0.0000E+00  0.6060E-05  0.0000E+00  0.6046E-04  0.0000E+00  0.4634E-02  0.0000E+00  0.6950E-02  0.0000E+00  0.2024E-01  0.0000E+00  0.1026E-01  0.0000E+00  0.6286E-02
     -1.069  0.0000E+00  0.1848E-02  0.0000E+00  0.4870E-04  0.0000E+00  0.6272E-05  0.0000E+00  0.6289E-04  0.0000E+00  0.4797E-02  0.0000E+00  0.7178E-02  0.0000E+00  0.2094E-01  0.0000E+00  0.1073E-01  0.0000E+00  0.6432E-02
     -1.059  0.0000E+00  0.1885E-02  0.0000E+00  0.4978E-04  0.0000E+00  0.6486E-05  0.0000E+00  0.6523E-04  0.0000E+00  0.4957E-02  0.0000E+00  0.7408E-02  0.0000E+00  0.2164E-01  0.0000E+00  0.1118E-01  0.0000E+00  0.6579E-02
     -1.049  0.0000E+00  0.1921E-02  0.0000E+00  0.5085E-04  0.0000E+00  0.6702E-05  0.0000E+00  0.6748E-04  0.0000E+00  0.5113E-02  0.0000E+00  0.7639E-02  0.0000E+00  0.2235E-01  0.0000E+00  0.1163E-01  0.0000E+00  0.6726E-02
     -1.039  0.0000E+00  0.2047E-02  0.0000E+00  0.6577E-04  0.0000E+00  0.7732E-05  0.0000E+00  0.9409E-04  0.0000E+00  0.6462E-02  0.0000E+00  0.1004E-01  0.0000E+00  0.2722E-01  0.0000E+00  0.1643E-01  0.0000E+00  0.8238E-02
     -1.029  0.0000E+00  0.2591E-02  0.0000E+00  0.1001E-03  0.0000E+00  0.1069E-04  0.0000E+00  0.1941E-03  0.0000E+00  0.1180E-01  0.0000E+00  0.1546E-01  0.0000E+00  0.3952E-01  0.0000E+00  0.3456E-01  0.0000E+00  0.1161E-01
     -1.019  0.0000E+00  0.5146E-02  0.0000E+00  0.1557E-03  0.0000E+00  0.2085E-04  0.0000E+00  0.4268E-03  0.0000E+00  0.2368E-01  0.0000E+00  0.2448E-01  0.0000E+00  0.7297E-01  0.0000E+00  0.7667E-01  0.0000E+00  0.1865E-01
     -1.009  0.0000E+00  0.1211E-01  0.0000E+00  0.3352E-03  0.0000E+00  0.5006E-04  0.0000E+00  0.1788E-02  0.0000E+00  0.8692E-01  0.0000E+00  0.5153E-01  0.0000E+00  0.1744E+00  0.0000E+00  0.3227E+00  0.0000E+00  0.3481E-01
     -0.999  0.0000E+00  0.1005E-01  0.0000E+00  0.2026E-03  0.0000E+00  0.4037E-04  0.0000E+00  0.1125E-02  0.0000E+00  0.5798E-01  0.0000E+00  0.3233E-01  0.0000E+00  0.1269E+00  0.0000E+00  0.2064E+00  0.0000E+00  0.2320E-01
     -0.989  0.4825E+00  0.6591E-02  0.1875E-02  0.1345E-03  0.4130E-04  0.2714E-04  0.2174E-01  0.5685E-03  0.1655E-02  0.3122E-01  0.8551E-01  0.2230E-01  0.2610E+01  0.8309E-01  0.1008E+01  0.1053E+00  0.1055E-02  0.1675E-01
     -0.979  0.3287E+00  0.4283E-02  0.2406E-02  0.9376E-04  0.4682E-04  0.1821E-04  0.1858E-01  0.2835E-03  0.1164E-02  0.1779E-01  0.1044E+00  0.1619E-01  0.1720E+01  0.5433E-01  0.8356E+00  0.5341E-01  0.1085E-02  0.1223E-01
     -0.969  0.3843E+00  0.3032E-02  0.3445E-02  0.5961E-04  0.7552E-04  0.1253E-04  0.2299E-01  0.1813E-03  0.1303E-02  0.1247E-01  0.1472E+00  0.1051E-01  0.1965E+01  0.3540E-01  0.1020E+01  0.3460E-01  0.1452E-02  0.7850E-02
     -0.959  0.4326E+00  0.1992E-02  0.6238E-02  0.2885E-04  0.1266E-03  0.7506E-05  0.2661E-01  0.1060E-03  0.1351E-02  0.8178E-02  0.2535E+00  0.5227E-02  0.2132E+01  0.1900E-01  0.1164E+01  0.2049E-01  0.1427E-02  0.3839E-02
     -0.949  0.9091E+00  0.1469E-02  0.1177E-01  0.1714E-04  0.2689E-03  0.5217E-05  0.4252E-01  0.5883E-04  0.1690E-02  0.5001E-02  0.4741E+00  0.3246E-02  0.4413E+01  0.1226E-01  0.1838E+01  0.1140E-01  0.2242E-02  0.2839E-02
     -0.939  0.2553E+00  0.9774E-03  0.8217E-02  0.9440E-05  0.1010E-03  0.3312E-05  0.1624E-01  0.2993E-04  0.9163E-03  0.2838E-02  0.3206E+00  0.1873E-02  0.1231E+01  0.7304E-02  0.6974E+00  0.5810E-02  0.1008E-02  0.1904E-02
     -0.929  0.1108E+00  0.5054E-03  0.6606E-02  0.4919E-05  0.3722E-04  0.1717E-05  0.5107E-02  0.1452E-04  0.4794E-03  0.1437E-02  0.2546E+00  0.9848E-03  0.5387E+00  0.3774E-02  0.2180E+00  0.2830E-02  0.4423E-03  0.1003E-02
     -0.919  0.6149E-01  0.2650E-04  0.5520E-02  0.2598E-06  0.1848E-04  0.9028E-07  0.3084E-02  0.7124E-06  0.3138E-03  0.7372E-04  0.2113E+00  0.5248E-04  0.3007E+00  0.1977E-03  0.1307E+00  0.1394E-03  0.2627E-03  0.5356E-04
     -0.909  0.2421E-01  0.0000E+00  0.3076E-02  0.0000E+00  0.7933E-05  0.0000E+00  0.1256E-02  0.0000E+00  0.1515E-03  0.0000E+00  0.1171E+00  0.0000E+00  0.1180E+00  0.0000E+00  0.5278E-01  0.0000E+00  0.1017E-03  0.0000E+00
     -0.899  0.5608E-02  0.0000E+00  0.1512E-02  0.0000E+00  0.1453E-04  0.0000E+00  0.8227E-03  0.0000E+00  0.1043E-04  0.0000E+00  0.5318E-01  0.0000E+00  0.2040E-01  0.0000E+00  0.3082E-01  0.0000E+00  0.5366E-04  0.0000E+00
     -0.889  0.2751E-01  0.0000E+00  0.7930E-02  0.0000E+00  0.7405E-04  0.0000E+00  0.4829E-02  0.0000E+00  0.7402E-04  0.0000E+00  0.2776E+00  0.0000E+00  0.9956E-01  0.0000E+00  0.1796E+00  0.0000E+00  0.3057E-03  0.0000E+00
     -0.879  0.3235E-01  0.0000E+00  0.9973E-02  0.0000E+00  0.8931E-04  0.0000E+00  0.7585E-02  0.0000E+00  0.1314E-03  0.0000E+00  0.3468E+00  0.0000E+00  0.1168E+00  0.0000E+00  0.2812E+00  0.0000E+00  0.4236E-03  0.0000E+00
     -0.869  0.3617E-01  0.0000E+00  0.1197E-01  0.0000E+00  0.1029E-03  0.0000E+00  0.1061E-01  0.0000E+00  0.1984E-03  0.0000E+00  0.4138E+00  0.0000E+00  0.1302E+00  0.0000E+00  0.3926E+00  0.0000E+00  0.5502E-03  0.0000E+00
     -0.859  0.3510E-01  0.0000E+00  0.1327E-01  0.0000E+00  0.1032E-03  0.0000E+00  0.1548E-01  0.0000E+00  0.4076E-03  0.0000E+00  0.4534E+00  0.0000E+00  0.1265E+00  0.0000E+00  0.5639E+00  0.0000E+00  0.7312E-03  0.0000E+00
     -0.849  0.3395E-01  0.0000E+00  0.1460E-01  0.0000E+00  0.1033E-03  0.0000E+00  0.2036E-01  0.0000E+00  0.6322E-03  0.0000E+00  0.4938E+00  0.0000E+00  0.1226E+00  0.0000E+00  0.7340E+00  0.0000E+00  0.9131E-03  0.0000E+00
     -0.839  0.3308E-01  0.0000E+00  0.1691E-01  0.0000E+00  0.1073E-03  0.0000E+00  0.2622E-01  0.0000E+00  0.8825E-03  0.0000E+00  0.5659E+00  0.0000E+00  0.1195E+00  0.0000E+00  0.9360E+00  0.0000E+00  0.1107E-02  0.0000E+00
     -0.829  0.3279E-01  0.0000E+00  0.2271E-01  0.0000E+00  0.1219E-03  0.0000E+00  0.3498E-01  0.0000E+00  0.1185E-02  0.0000E+00  0.7483E+00  0.0000E+00  0.1181E+00  0.0000E+00  0.1234E+01  0.0000E+00  0.1354E-02  0.0000E+00
     -0.819  0.3109E-01  0.0000E+00  0.3455E-01  0.0000E+00  0.1376E-03  0.0000E+00  0.4562E-01  0.0000E+00  0.1538E-02  0.0000E+00  0.1120E+01  0.0000E+00  0.1129E+00  0.0000E+00  0.1584E+01  0.0000E+00  0.1764E-02  0.0000E+00
     -0.809  0.2358E-01  0.0000E+00  0.6939E-01  0.0000E+00  0.1703E-03  0.0000E+00  0.4690E-01  0.0000E+00  0.1574E-02  0.0000E+00  0.2191E+01  0.0000E+00  0.8306E-01  0.0000E+00  0.1598E+01  0.0000E+00  0.3591E-02  0.0000E+00
     -0.799  0.1770E-01  0.0000E+00  0.7068E-01  0.0000E+00  0.1538E-03  0.0000E+00  0.3137E-01  0.0000E+00  0.1254E-02  0.0000E+00  0.2207E+01  0.0000E+00  0.5948E-01  0.0000E+00  0.1054E+01  0.0000E+00  0.4199E-02  0.0000E+00
     -0.789  0.1495E-01  0.0000E+00  0.7005E-01  0.0000E+00  0.1334E-03  0.0000E+00  0.2350E-01  0.0000E+00  0.1173E-02  0.0000E+00  0.2167E+01  0.0000E+00  0.5040E-01  0.0000E+00  0.7822E+00  0.0000E+00  0.4752E-02  0.0000E+00
     -0.779  0.1310E-01  0.0000E+00  0.7288E-01  0.0000E+00  0.1206E-03  0.0000E+00  0.1884E-01  0.0000E+00  0.1127E-02  0.0000E+00  0.2235E+01  0.0000E+00  0.4481E-01  0.0000E+00  0.6200E+00  0.0000E+00  0.5416E-02  0.0000E+00
     -0.769  0.1369E-01  0.0000E+00  0.9898E-01  0.0000E+00  0.1259E-03  0.0000E+00  0.1389E-01  0.0000E+00  0.1420E-02  0.0000E+00  0.2982E+01  0.0000E+00  0.4835E-01  0.0000E+00  0.4463E+00  0.0000E+00  0.8892E-02  0.0000E+00
     -0.759  0.4822E-01  0.0000E+00  0.1967E+00  0.0000E+00  0.3361E-03  0.0000E+00  0.2622E-01  0.0000E+00  0.5696E-02  0.0000E+00  0.5848E+01  0.0000E+00  0.1658E+00  0.0000E+00  0.8175E+00  0.0000E+00  0.2401E-01  0.0000E+00
     -0.749  0.1205E-01  0.0000E+00  0.2704E-01  0.0000E+00  0.1086E-03  0.0000E+00  0.1397E-02  0.0000E+00  0.1096E-02  0.0000E+00  0.8019E+00  0.0000E+00  0.3474E-01  0.0000E+00  0.4375E-01  0.0000E+00  0.4773E-02  0.0000E+00
     -0.739  0.0000E+00  0.0000E+00  0.0000E+00  0.0000E+00  0.0000E+00  0.0000E+00  0.0000E+00  0.0000E+00  0.0000E+00  0.0000E+00  0.0000E+00  0.0000E+00  0.0000E+00  0.0000E+00  0.0000E+00  0.0000E+00  0.0000E+00  0.0000E+00
     -0.729  0.0000E+00  0.0000E+00  0.0000E+00  0.0000E+00  0.0000E+00  0.0000E+00  0.0000E+00  0.0000E+00  0.0000E+00  0.0000E+00  0.0000E+00  0.0000E+00  0.0000E+00  0.0000E+00  0.0000E+00  0.0000E+00  0.0000E+00  0.0000E+00
     -0.719  0.0000E+00  0.0000E+00  0.0000E+00  0.0000E+00  0.0000E+00  0.0000E+00  0.0000E+00  0.0000E+00  0.0000E+00  0.0000E+00  0.0000E+00  0.0000E+00  0.0000E+00  0.0000E+00  0.0000E+00  0.0000E+00  0.0000E+00  0.0000E+00
     -0.709  0.0000E+00  0.0000E+00  0.0000E+00  0.0000E+00  0.0000E+00  0.0000E+00  0.0000E+00  0.0000E+00  0.0000E+00  0.0000E+00  0.0000E+00  0.0000E+00  0.0000E+00  0.0000E+00  0.0000E+00  0.0000E+00  0.0000E+00  0.0000E+00
     -0.699  0.0000E+00  0.0000E+00  0.0000E+00  0.0000E+00  0.0000E+00  0.0000E+00  0.0000E+00  0.0000E+00  0.0000E+00  0.0000E+00  0.0000E+00  0.0000E+00  0.0000E+00  0.0000E+00  0.0000E+00  0.0000E+00  0.0000E+00  0.0000E+00
     -0.689  0.0000E+00  0.0000E+00  0.0000E+00  0.0000E+00  0.0000E+00  0.0000E+00  0.0000E+00  0.0000E+00  0.0000E+00  0.0000E+00  0.0000E+00  0.0000E+00  0.0000E+00  0.0000E+00  0.0000E+00  0.0000E+00  0.0000E+00  0.0000E+00
     -0.679  0.9115E-02  0.0000E+00  0.1604E+00  0.0000E+00  0.5757E-04  0.0000E+00  0.1223E-01  0.0000E+00  0.1514E-02  0.0000E+00  0.4198E+01  0.0000E+00  0.3267E-01  0.0000E+00  0.3317E+00  0.0000E+00  0.2692E-01  0.0000E+00
     -0.669  0.9868E-02  0.0000E+00  0.7222E-01  0.0000E+00  0.1075E-03  0.0000E+00  0.1458E-01  0.0000E+00  0.1486E-02  0.0000E+00  0.1853E+01  0.0000E+00  0.2946E-01  0.0000E+00  0.3814E+00  0.0000E+00  0.1179E-01  0.0000E+00
     -0.659  0.1575E-01  0.0000E+00  0.9223E-01  0.0000E+00  0.1802E-03  0.0000E+00  0.2317E-01  0.0000E+00  0.2301E-02  0.0000E+00  0.2350E+01  0.0000E+00  0.4583E-01  0.0000E+00  0.6025E+00  0.0000E+00  0.1497E-01  0.0000E+00
     -0.649  0.2634E-01  0.0000E+00  0.9053E-01  0.0000E+00  0.3305E-03  0.0000E+00  0.3578E-01  0.0000E+00  0.3413E-02  0.0000E+00  0.2266E+01  0.0000E+00  0.7267E-01  0.0000E+00  0.9164E+00  0.0000E+00  0.1475E-01  0.0000E+00
     -0.639  0.2408E-01  0.0000E+00  0.7596E-01  0.0000E+00  0.3529E-03  0.0000E+00  0.4670E-01  0.0000E+00  0.4668E-02  0.0000E+00  0.1881E+01  0.0000E+00  0.6501E-01  0.0000E+00  0.1177E+01  0.0000E+00  0.1220E-01  0.0000E+00
     -0.629  0.2228E-01  0.0000E+00  0.7081E-01  0.0000E+00  0.3836E-03  0.0000E+00  0.6623E-01  0.0000E+00  0.6755E-02  0.0000E+00  0.1737E+01  0.0000E+00  0.6050E-01  0.0000E+00  0.1657E+01  0.0000E+00  0.1103E-01  0.0000E+00
     -0.619  0.1771E-01  0.0000E+00  0.4866E-01  0.0000E+00  0.3420E-03  0.0000E+00  0.6485E-01  0.0000E+00  0.6616E-02  0.0000E+00  0.1179E+01  0.0000E+00  0.4754E-01  0.0000E+00  0.1605E+01  0.0000E+00  0.7395E-02  0.0000E+00
     -0.609  0.1510E-01  0.0000E+00  0.3242E-01  0.0000E+00  0.3162E-03  0.0000E+00  0.6344E-01  0.0000E+00  0.6457E-02  0.0000E+00  0.7730E+00  0.0000E+00  0.4020E-01  0.0000E+00  0.1551E+01  0.0000E+00  0.4769E-02  0.0000E+00
     -0.599  0.1310E-01  0.6977E-02  0.2355E-01  0.1579E-05  0.2917E-03  0.4188E-06  0.6010E-01  0.7575E-05  0.6143E-02  0.7241E-02  0.5561E+00  0.9480E-03  0.3452E-01  0.7951E-02  0.1454E+01  0.3255E-02  0.3422E-02  0.5177E-02
     -0.589  0.1069E-01  0.1130E-01  0.1507E-01  0.1892E-05  0.2686E-03  0.8484E-06  0.5914E-01  0.1360E-04  0.6106E-02  0.1157E-01  0.3501E+00  0.1121E-02  0.2785E-01  0.1426E-01  0.1413E+01  0.6474E-02  0.2133E-02  0.6840E-02
     -0.579  0.6194E-02  0.1168E-01  0.5683E-02  0.2173E-05  0.1864E-03  0.1135E-05  0.4449E-01  0.1410E-04  0.4736E-02  0.1174E-01  0.1290E+00  0.1158E-02  0.1599E-01  0.1546E-01  0.1048E+01  0.7223E-02  0.7980E-03  0.6057E-02
     -0.569  0.0000E+00  0.1450E-01  0.0000E+00  0.2989E-05  0.0000E+00  0.2335E-05  0.0000E+00  0.1846E-04  0.0000E+00  0.1342E-01  0.0000E+00  0.1786E-02  0.0000E+00  0.1887E-01  0.0000E+00  0.1071E-01  0.0000E+00  0.6033E-02
     -0.559  0.0000E+00  0.1448E-01  0.0000E+00  0.4936E-05  0.0000E+00  0.2196E-05  0.0000E+00  0.1817E-04  0.0000E+00  0.1295E-01  0.0000E+00  0.2432E-02  0.0000E+00  0.1940E-01  0.0000E+00  0.1106E-01  0.0000E+00  0.5494E-02
     -0.549  0.2200E-03  0.1792E-01  0.4073E-03  0.1768E-04  0.2382E-04  0.1747E-05  0.2405E-03  0.2176E-04  0.5100E-03  0.1626E-01  0.8662E-02  0.6914E-02  0.3685E-02  0.2825E-01  0.5099E-02  0.1328E-01  0.5834E-03  0.5634E-02
     -0.539  0.1058E-02  0.1320E-01  0.1895E-02  0.1425E-04  0.1116E-03  0.1720E-05  0.1352E-02  0.2076E-04  0.2431E-02  0.1199E-01  0.4015E-01  0.5905E-02  0.1683E-01  0.2147E-01  0.2872E-01  0.1356E-01  0.2653E-02  0.4442E-02
     -0.529  0.1704E-02  0.9085E-02  0.2605E-02  0.8213E-05  0.1712E-03  0.1640E-05  0.3816E-02  0.1950E-04  0.3882E-02  0.8646E-02  0.5457E-01  0.3750E-02  0.2393E-01  0.1477E-01  0.8057E-01  0.1361E-01  0.3447E-02  0.3441E-02
     -0.519  0.2906E-02  0.8341E-02  0.3141E-02  0.7964E-05  0.2310E-03  0.2314E-05  0.6366E-02  0.2857E-04  0.5137E-02  0.7688E-02  0.6507E-01  0.3720E-02  0.3534E-01  0.1366E-01  0.1339E+00  0.2180E-01  0.3700E-02  0.3392E-02
     -0.509  0.3788E-02  0.8277E-02  0.2885E-02  0.1684E-04  0.2479E-03  0.1168E-04  0.8159E-02  0.1374E-03  0.6064E-02  0.1928E-01  0.5912E-01  0.8314E-02  0.4219E-01  0.1894E-01  0.1705E+00  0.1099E+00  0.3376E-02  0.5101E-02
     -0.499  0.3452E-02  0.2432E-02  0.1430E-02  0.1826E-04  0.1413E-03  0.1566E-04  0.6277E-02  0.1918E-03  0.5382E-02  0.2396E-01  0.2868E-01  0.9113E-02  0.3380E-01  0.1536E-01  0.1296E+00  0.1562E+00  0.2176E-02  0.3018E-02
     -0.489  0.4956E-02  0.1062E-01  0.1246E-02  0.6197E-04  0.9506E-04  0.2399E-04  0.4622E-02  0.2986E-03  0.5700E-02  0.4231E-01  0.2423E-01  0.3406E-01  0.4224E-01  0.4319E-01  0.9368E-01  0.2489E+00  0.2028E-02  0.1279E-01
     -0.479  0.6160E-02  0.9880E-02  0.1161E-02  0.4592E-04  0.5845E-04  0.1869E-04  0.3190E-02  0.1803E-03  0.5328E-02  0.2897E-01  0.2207E-01  0.2827E-01  0.4665E-01  0.3848E-01  0.6323E-01  0.1538E+00  0.1977E-02  0.1543E-01
     -0.469  0.5005E-02  0.8760E-02  0.9019E-03  0.3260E-04  0.3716E-04  0.1649E-04  0.2132E-02  0.1205E-03  0.3873E-02  0.2188E-01  0.1700E-01  0.2198E-01  0.3669E-01  0.3388E-01  0.4198E-01  0.1059E+00  0.1657E-02  0.1515E-01
     -0.459  0.5600E-02  0.7233E-02  0.1078E-02  0.2473E-04  0.2084E-04  0.1234E-04  0.1133E-02  0.7368E-04  0.3218E-02  0.1380E-01  0.1990E-01  0.1709E-01  0.3848E-01  0.2629E-01  0.2199E-01  0.6534E-01  0.1956E-02  0.1249E-01
     -0.449  0.3682E-02  0.6612E-02  0.7171E-03  0.2054E-04  0.1182E-04  0.1173E-04  0.4088E-03  0.6192E-04  0.1864E-02  0.1164E-01  0.1317E-01  0.1455E-01  0.2542E-01  0.2416E-01  0.8028E-02  0.5578E-01  0.1392E-02  0.1119E-01
     -0.439  0.0000E+00  0.5725E-02  0.0000E+00  0.1662E-04  0.0000E+00  0.1107E-04  0.0000E+00  0.5059E-04  0.0000E+00  0.9378E-02  0.0000E+00  0.1186E-01  0.0000E+00  0.2125E-01  0.0000E+00  0.4687E-01  0.0000E+00  0.9218E-02
     -0.429  0.0000E+00  0.5032E-02  0.0000E+00  0.1316E-04  0.0000E+00  0.1051E-04  0.0000E+00  0.4077E-04  0.0000E+00  0.7451E-02  0.0000E+00  0.9467E-02  0.0000E+00  0.1893E-01  0.0000E+00  0.3923E-01  0.0000E+00  0.7527E-02
     -0.419  0.0000E+00  0.4729E-02  0.0000E+00  0.1104E-04  0.0000E+00  0.1005E-04  0.0000E+00  0.3228E-04  0.0000E+00  0.6038E-02  0.0000E+00  0.7986E-02  0.0000E+00  0.1770E-01  0.0000E+00  0.3241E-01  0.0000E+00  0.6602E-02
     -0.409  0.0000E+00  0.4453E-02  0.0000E+00  0.9218E-05  0.0000E+00  0.9777E-05  0.0000E+00  0.2436E-04  0.0000E+00  0.4811E-02  0.0000E+00  0.6706E-02  0.0000E+00  0.1677E-01  0.0000E+00  0.2614E-01  0.0000E+00  0.5768E-02
     -0.399  0.0000E+00  0.5993E-02  0.0000E+00  0.1303E-04  0.0000E+00  0.1576E-04  0.0000E+00  0.2246E-04  0.0000E+00  0.5874E-02  0.0000E+00  0.9883E-02  0.0000E+00  0.2627E-01  0.0000E+00  0.2963E-01  0.0000E+00  0.7205E-02
     -0.389  0.9288E-03  0.0000E+00  0.3870E-02  0.0000E+00  0.5571E-04  0.0000E+00  0.2111E-02  0.0000E+00  0.5082E-03  0.0000E+00  0.6353E-01  0.0000E+00  0.2407E-02  0.0000E+00  0.3575E-01  0.0000E+00  0.5633E-03  0.0000E+00
     -0.379  0.1973E-02  0.0000E+00  0.4581E-02  0.0000E+00  0.9182E-04  0.0000E+00  0.4610E-02  0.0000E+00  0.1379E-02  0.0000E+00  0.7502E-01  0.0000E+00  0.5626E-02  0.0000E+00  0.7737E-01  0.0000E+00  0.1018E-02  0.0000E+00
     -0.369  0.3056E-02  0.0000E+00  0.4242E-02  0.0000E+00  0.1271E-03  0.0000E+00  0.7222E-02  0.0000E+00  0.2386E-02  0.0000E+00  0.6921E-01  0.0000E+00  0.8729E-02  0.0000E+00  0.1202E+00  0.0000E+00  0.1352E-02  0.0000E+00
     -0.359  0.5949E-02  0.0000E+00  0.4143E-02  0.0000E+00  0.2320E-03  0.0000E+00  0.1403E-01  0.0000E+00  0.5119E-02  0.0000E+00  0.6720E-01  0.0000E+00  0.1621E-01  0.0000E+00  0.2315E+00  0.0000E+00  0.2137E-02  0.0000E+00
     -0.349  0.5631E-02  0.0000E+00  0.3722E-02  0.0000E+00  0.2468E-03  0.0000E+00  0.1700E-01  0.0000E+00  0.5553E-02  0.0000E+00  0.5926E-01  0.0000E+00  0.1439E-01  0.0000E+00  0.2780E+00  0.0000E+00  0.1764E-02  0.0000E+00
     -0.339  0.5225E-02  0.0000E+00  0.3307E-02  0.0000E+00  0.2594E-03  0.0000E+00  0.1883E-01  0.0000E+00  0.5676E-02  0.0000E+00  0.5151E-01  0.0000E+00  0.1237E-01  0.0000E+00  0.3052E+00  0.0000E+00  0.1367E-02  0.0000E+00
     -0.329  0.5138E-02  0.0000E+00  0.3195E-02  0.0000E+00  0.3069E-03  0.0000E+00  0.1606E-01  0.0000E+00  0.4674E-02  0.0000E+00  0.4814E-01  0.0000E+00  0.1055E-01  0.0000E+00  0.2565E+00  0.0000E+00  0.9325E-03  0.0000E+00
     -0.319  0.5045E-02  0.0000E+00  0.2920E-02  0.0000E+00  0.3536E-03  0.0000E+00  0.1025E-01  0.0000E+00  0.2909E-02  0.0000E+00  0.4294E-01  0.0000E+00  0.9368E-02  0.0000E+00  0.1621E+00  0.0000E+00  0.6977E-03  0.0000E+00
     -0.309  0.4532E-02  0.0000E+00  0.2295E-02  0.0000E+00  0.3427E-03  0.0000E+00  0.7001E-02  0.0000E+00  0.1972E-02  0.0000E+00  0.3354E-01  0.0000E+00  0.8073E-02  0.0000E+00  0.1100E+00  0.0000E+00  0.5505E-03  0.0000E+00
     -0.299  0.3730E-02  0.3313E-02  0.1576E-02  0.1212E-05  0.3022E-03  0.3579E-04  0.4131E-02  0.2746E-04  0.1104E-02  0.1291E-01  0.2291E-01  0.5288E-02  0.6587E-02  0.1792E-02  0.6413E-01  0.1216E+00  0.4091E-03  0.1963E-01
     -0.289  0.2881E-02  0.7935E-02  0.8885E-03  0.4211E-05  0.2578E-03  0.8849E-04  0.2286E-02  0.7083E-04  0.4635E-03  0.3049E-01  0.1283E-01  0.1415E-01  0.5137E-02  0.3857E-02  0.3459E-01  0.3190E+00  0.2682E-03  0.4023E-01
     -0.279  0.5712E-03  0.9703E-02  0.1474E-03  0.9195E-05  0.5354E-04  0.1260E-03  0.5033E-03  0.9545E-04  0.8234E-04  0.4078E-01  0.2128E-02  0.3088E-01  0.1045E-02  0.5827E-02  0.7593E-02  0.4660E+00  0.4972E-04  0.5268E-01
     -0.269  0.0000E+00  0.9420E-02  0.0000E+00  0.1197E-04  0.0000E+00  0.1434E-03  0.0000E+00  0.1013E-03  0.0000E+00  0.4453E-01  0.0000E+00  0.4170E-01  0.0000E+00  0.6706E-02  0.0000E+00  0.5357E+00  0.0000E+00  0.6170E-01
     -0.259  0.0000E+00  0.3686E-02  0.0000E+00  0.8223E-05  0.0000E+00  0.6829E-04  0.0000E+00  0.4114E-04  0.0000E+00  0.2487E-01  0.0000E+00  0.3610E-01  0.0000E+00  0.6276E-02  0.0000E+00  0.2391E+00  0.0000E+00  0.4959E-01
     -0.249  0.0000E+00  0.2397E-02  0.0000E+00  0.7366E-05  0.0000E+00  0.4989E-04  0.0000E+00  0.2799E-04  0.0000E+00  0.2366E-01  0.0000E+00  0.3655E-01  0.0000E+00  0.5740E-02  0.0000E+00  0.1752E+00  0.0000E+00  0.6489E-01
     -0.239  0.0000E+00  0.1930E-02  0.0000E+00  0.7326E-05  0.0000E+00  0.4258E-04  0.0000E+00  0.2170E-04  0.0000E+00  0.2480E-01  0.0000E+00  0.4029E-01  0.0000E+00  0.5992E-02  0.0000E+00  0.1444E+00  0.0000E+00  0.7984E-01
     -0.229  0.0000E+00  0.1453E-02  0.0000E+00  0.5896E-05  0.0000E+00  0.3289E-04  0.0000E+00  0.1496E-04  0.0000E+00  0.2441E-01  0.0000E+00  0.3637E-01  0.0000E+00  0.5511E-02  0.0000E+00  0.1065E+00  0.0000E+00  0.8665E-01
     -0.219  0.0000E+00  0.1162E-02  0.0000E+00  0.5017E-05  0.0000E+00  0.2683E-04  0.0000E+00  0.1113E-04  0.0000E+00  0.2479E-01  0.0000E+00  0.3380E-01  0.0000E+00  0.5074E-02  0.0000E+00  0.8445E-01  0.0000E+00  0.9398E-01
     -0.209  0.0000E+00  0.1054E-02  0.0000E+00  0.4527E-05  0.0000E+00  0.2442E-04  0.0000E+00  0.9647E-05  0.0000E+00  0.2589E-01  0.0000E+00  0.3239E-01  0.0000E+00  0.4918E-02  0.0000E+00  0.7597E-01  0.0000E+00  0.1007E+00
     -0.199  0.0000E+00  0.9461E-03  0.0000E+00  0.4048E-05  0.0000E+00  0.2201E-04  0.0000E+00  0.8234E-05  0.0000E+00  0.2699E-01  0.0000E+00  0.3083E-01  0.0000E+00  0.4727E-02  0.0000E+00  0.6764E-01  0.0000E+00  0.1074E+00
     -0.189  0.0000E+00  0.8385E-03  0.0000E+00  0.3580E-05  0.0000E+00  0.1961E-04  0.0000E+00  0.6894E-05  0.0000E+00  0.2810E-01  0.0000E+00  0.2911E-01  0.0000E+00  0.4502E-02  0.0000E+00  0.5946E-01  0.0000E+00  0.1140E+00
     -0.179  0.0000E+00  0.7314E-03  0.0000E+00  0.3124E-05  0.0000E+00  0.1722E-04  0.0000E+00  0.5627E-05  0.0000E+00  0.2921E-01  0.0000E+00  0.2725E-01  0.0000E+00  0.4241E-02  0.0000E+00  0.5143E-01  0.0000E+00  0.1205E+00
     -0.169  0.0000E+00  0.6385E-03  0.0000E+00  0.2720E-05  0.0000E+00  0.1506E-04  0.0000E+00  0.4527E-05  0.0000E+00  0.3073E-01  0.0000E+00  0.2548E-01  0.0000E+00  0.3985E-02  0.0000E+00  0.4422E-01  0.0000E+00  0.1284E+00
     -0.159  0.0000E+00  0.5871E-03  0.0000E+00  0.2453E-05  0.0000E+00  0.1343E-04  0.0000E+00  0.3832E-05  0.0000E+00  0.3371E-01  0.0000E+00  0.2393E-01  0.0000E+00  0.3754E-02  0.0000E+00  0.3897E-01  0.0000E+00  0.1414E+00
     -0.149  0.0000E+00  0.5444E-03  0.0000E+00  0.2238E-05  0.0000E+00  0.1187E-04  0.0000E+00  0.3339E-05  0.0000E+00  0.3739E-01  0.0000E+00  0.2203E-01  0.0000E+00  0.3452E-02  0.0000E+00  0.3424E-01  0.0000E+00  0.1567E+00
     -0.139  0.0000E+00  0.4993E-03  0.0000E+00  0.2043E-05  0.0000E+00  0.1035E-04  0.0000E+00  0.2880E-05  0.0000E+00  0.4121E-01  0.0000E+00  0.2002E-01  0.0000E+00  0.3129E-02  0.0000E+00  0.2973E-01  0.0000E+00  0.1725E+00
     -0.129  0.0000E+00  0.4515E-03  0.0000E+00  0.1868E-05  0.0000E+00  0.8886E-05  0.0000E+00  0.2458E-05  0.0000E+00  0.4504E-01  0.0000E+00  0.1789E-01  0.0000E+00  0.2787E-02  0.0000E+00  0.2545E-01  0.0000E+00  0.1880E+00
     -0.119  0.0000E+00  0.3994E-03  0.0000E+00  0.1707E-05  0.0000E+00  0.7807E-05  0.0000E+00  0.2201E-05  0.0000E+00  0.4225E-01  0.0000E+00  0.1590E-01  0.0000E+00  0.2451E-02  0.0000E+00  0.2251E-01  0.0000E+00  0.1763E+00
     -0.109  0.0000E+00  0.3481E-03  0.0000E+00  0.1537E-05  0.0000E+00  0.6756E-05  0.0000E+00  0.1942E-05  0.0000E+00  0.3895E-01  0.0000E+00  0.1392E-01  0.0000E+00  0.2124E-02  0.0000E+00  0.1962E-01  0.0000E+00  0.1624E+00
     -0.099  0.0000E+00  0.2976E-03  0.0000E+00  0.1356E-05  0.0000E+00  0.5735E-05  0.0000E+00  0.1680E-05  0.0000E+00  0.3515E-01  0.0000E+00  0.1196E-01  0.0000E+00  0.1805E-02  0.0000E+00  0.1677E-01  0.0000E+00  0.1465E+00
     -0.089  0.0000E+00  0.2479E-03  0.0000E+00  0.1166E-05  0.0000E+00  0.4743E-05  0.0000E+00  0.1417E-05  0.0000E+00  0.3085E-01  0.0000E+00  0.1001E-01  0.0000E+00  0.1495E-02  0.0000E+00  0.1396E-01  0.0000E+00  0.1286E+00
     -0.079  0.0000E+00  0.1990E-03  0.0000E+00  0.9655E-06  0.0000E+00  0.3779E-05  0.0000E+00  0.1152E-05  0.0000E+00  0.2605E-01  0.0000E+00  0.8074E-02  0.0000E+00  0.1192E-02  0.0000E+00  0.1121E-01  0.0000E+00  0.1085E+00
     -0.069  0.0000E+00  0.1510E-03  0.0000E+00  0.7550E-06  0.0000E+00  0.2844E-05  0.0000E+00  0.8844E-06  0.0000E+00  0.2075E-01  0.0000E+00  0.6154E-02  0.0000E+00  0.8987E-03  0.0000E+00  0.8500E-02  0.0000E+00  0.8640E-01
     -0.059  0.0000E+00  0.1037E-03  0.0000E+00  0.5345E-06  0.0000E+00  0.1938E-05  0.0000E+00  0.6151E-06  0.0000E+00  0.1494E-01  0.0000E+00  0.4248E-02  0.0000E+00  0.6134E-03  0.0000E+00  0.5837E-02  0.0000E+00  0.6221E-01
     -0.049  0.0000E+00  0.5725E-04  0.0000E+00  0.3040E-06  0.0000E+00  0.1061E-05  0.0000E+00  0.3438E-06  0.0000E+00  0.8639E-02  0.0000E+00  0.2357E-02  0.0000E+00  0.3363E-03  0.0000E+00  0.3222E-02  0.0000E+00  0.3595E-01
     -0.039  0.2558E-03  0.1160E-04  0.1855E-02  0.6345E-07  0.1834E-03  0.2133E-06  0.4085E-02  0.7056E-07  0.2070E-03  0.1831E-02  0.1842E-01  0.4801E-03  0.4505E-03  0.6770E-04  0.4222E-01  0.6528E-03  0.2695E-03  0.7617E-02
     -0.029  0.8120E-03  0.0000E+00  0.3537E-02  0.0000E+00  0.6333E-03  0.0000E+00  0.1352E-01  0.0000E+00  0.8007E-03  0.0000E+00  0.3506E-01  0.0000E+00  0.1609E-02  0.0000E+00  0.1387E+00  0.0000E+00  0.5165E-03  0.0000E+00
     -0.019  0.8653E-02  0.0000E+00  0.1002E-01  0.0000E+00  0.6944E-02  0.0000E+00  0.1348E+00  0.0000E+00  0.9533E-02  0.0000E+00  0.9845E-01  0.0000E+00  0.1619E-01  0.0000E+00  0.1366E+01  0.0000E+00  0.1280E-02  0.0000E+00
     -0.009  0.7077E-02  0.0000E+00  0.6017E-02  0.0000E+00  0.6240E-02  0.0000E+00  0.1134E+00  0.0000E+00  0.9055E-02  0.0000E+00  0.5874E-01  0.0000E+00  0.1679E-01  0.0000E+00  0.1142E+01  0.0000E+00  0.1189E-02  0.0000E+00
     0.001  0.2945E-02  0.2994E-02  0.4767E-02  0.3915E-03  0.2419E-02  0.6796E-03  0.3996E-01  0.4960E-04  0.3197E-02  0.2439E+02  0.4586E-01  0.8603E-01  0.6004E-02  0.2459E-01  0.3958E+00  0.1811E+00  0.8595E-03  0.9759E+02
     0.011  0.2761E-02  0.6696E-03  0.4588E-02  0.1327E-04  0.2230E-02  0.7180E-04  0.3564E-01  0.1127E-04  0.2882E-02  0.9849E+00  0.4383E-01  0.5295E-01  0.5403E-02  0.6240E-02  0.3507E+00  0.5109E-01  0.8317E-03  0.3841E+01
     0.021  0.2568E-02  0.1938E-03  0.4378E-02  0.2867E-05  0.2039E-02  0.2041E-04  0.3140E-01  0.3399E-05  0.2570E-02  0.2246E+00  0.4155E-01  0.1648E-01  0.4809E-02  0.1843E-02  0.3066E+00  0.1563E-01  0.7983E-03  0.8693E+00
     0.032  0.2139E-02  0.0000E+00  0.3163E-02  0.0000E+00  0.1715E-02  0.0000E+00  0.2495E-01  0.0000E+00  0.2126E-02  0.0000E+00  0.2933E-01  0.0000E+00  0.3967E-02  0.0000E+00  0.2410E+00  0.0000E+00  0.6009E-03  0.0000E+00
     0.042  0.1341E-02  0.0000E+00  0.2294E-02  0.0000E+00  0.1098E-02  0.0000E+00  0.1507E-01  0.0000E+00  0.1322E-02  0.0000E+00  0.2049E-01  0.0000E+00  0.2564E-02  0.0000E+00  0.1432E+00  0.0000E+00  0.4387E-03  0.0000E+00
     0.052  0.6361E-03  0.0000E+00  0.1900E-02  0.0000E+00  0.5073E-03  0.0000E+00  0.5997E-02  0.0000E+00  0.5612E-03  0.0000E+00  0.1642E-01  0.0000E+00  0.1074E-02  0.0000E+00  0.5525E-01  0.0000E+00  0.3251E-03  0.0000E+00
     0.062  0.5798E-03  0.0000E+00  0.1775E-02  0.0000E+00  0.4652E-03  0.0000E+00  0.5461E-02  0.0000E+00  0.5144E-03  0.0000E+00  0.1528E-01  0.0000E+00  0.9871E-03  0.0000E+00  0.5024E-01  0.0000E+00  0.3030E-03  0.0000E+00
     0.072  0.5247E-03  0.0000E+00  0.1646E-02  0.0000E+00  0.4237E-03  0.0000E+00  0.4938E-02  0.0000E+00  0.4682E-03  0.0000E+00  0.1412E-01  0.0000E+00  0.9010E-03  0.0000E+00  0.4535E-01  0.0000E+00  0.2804E-03  0.0000E+00
     0.082  0.4708E-03  0.0000E+00  0.1514E-02  0.0000E+00  0.3826E-03  0.0000E+00  0.4427E-02  0.0000E+00  0.4226E-03  0.0000E+00  0.1294E-01  0.0000E+00  0.8155E-03  0.0000E+00  0.4058E-01  0.0000E+00  0.2573E-03  0.0000E+00
     0.092  0.4181E-03  0.0000E+00  0.1378E-02  0.0000E+00  0.3420E-03  0.0000E+00  0.3928E-02  0.0000E+00  0.3776E-03  0.0000E+00  0.1174E-01  0.0000E+00  0.7308E-03  0.0000E+00  0.3595E-01  0.0000E+00  0.2337E-03  0.0000E+00
     0.102  0.3667E-03  0.0000E+00  0.1239E-02  0.0000E+00  0.3019E-03  0.0000E+00  0.3442E-02  0.0000E+00  0.3332E-03  0.0000E+00  0.1051E-01  0.0000E+00  0.6467E-03  0.0000E+00  0.3144E-01  0.0000E+00  0.2096E-03  0.0000E+00
     0.112  0.3165E-03  0.0000E+00  0.1096E-02  0.0000E+00  0.2624E-03  0.0000E+00  0.2968E-02  0.0000E+00  0.2894E-03  0.0000E+00  0.9268E-02  0.0000E+00  0.5633E-03  0.0000E+00  0.2706E-01  0.0000E+00  0.1851E-03  0.0000E+00
     0.122  0.2675E-03  0.0000E+00  0.9501E-03  0.0000E+00  0.2233E-03  0.0000E+00  0.2506E-02  0.0000E+00  0.2461E-03  0.0000E+00  0.8003E-02  0.0000E+00  0.4806E-03  0.0000E+00  0.2280E-01  0.0000E+00  0.1600E-03  0.0000E+00
     0.132  0.2198E-03  0.0000E+00  0.8002E-03  0.0000E+00  0.1848E-03  0.0000E+00  0.2057E-02  0.0000E+00  0.2035E-03  0.0000E+00  0.6717E-02  0.0000E+00  0.3986E-03  0.0000E+00  0.1868E-01  0.0000E+00  0.1345E-03  0.0000E+00
     0.142  0.1732E-03  0.0000E+00  0.6467E-03  0.0000E+00  0.1467E-03  0.0000E+00  0.1620E-02  0.0000E+00  0.1615E-03  0.0000E+00  0.5411E-02  0.0000E+00  0.3173E-03  0.0000E+00  0.1468E-01  0.0000E+00  0.1085E-03  0.0000E+00
     0.152  0.1279E-03  0.0000E+00  0.4897E-03  0.0000E+00  0.1091E-03  0.0000E+00  0.1195E-02  0.0000E+00  0.1201E-03  0.0000E+00  0.4084E-02  0.0000E+00  0.2366E-03  0.0000E+00  0.1080E-01  0.0000E+00  0.8197E-04  0.0000E+00
     0.162  0.8385E-04  0.0000E+00  0.3291E-03  0.0000E+00  0.7206E-04  0.0000E+00  0.7822E-03  0.0000E+00  0.7924E-04  0.0000E+00  0.2736E-02  0.0000E+00  0.1567E-03  0.0000E+00  0.7057E-02  0.0000E+00  0.5499E-04  0.0000E+00
     0.172  0.4099E-04  0.0000E+00  0.1650E-03  0.0000E+00  0.3550E-04  0.0000E+00  0.3820E-03  0.0000E+00  0.3902E-04  0.0000E+00  0.1367E-02  0.0000E+00  0.7738E-04  0.0000E+00  0.3438E-02  0.0000E+00  0.2752E-04  0.0000E+00
     0.182  0.0000E+00  0.0000E+00  0.0000E+00  0.0000E+00  0.0000E+00  0.0000E+00  0.0000E+00  0.0000E+00  0.0000E+00  0.0000E+00  0.0000E+00  0.0000E+00  0.0000E+00  0.0000E+00  0.0000E+00  0.0000E+00  0.0000E+00  0.0000E+00
     0.192  0.0000E+00  0.0000E+00  0.0000E+00  0.0000E+00  0.0000E+00  0.0000E+00  0.0000E+00  0.0000E+00  0.0000E+00  0.0000E+00  0.0000E+00  0.0000E+00  0.0000E+00  0.0000E+00  0.0000E+00  0.0000E+00  0.0000E+00  0.0000E+00
     0.202  0.0000E+00  0.0000E+00  0.0000E+00  0.0000E+00  0.0000E+00  0.0000E+00  0.0000E+00  0.0000E+00  0.0000E+00  0.0000E+00  0.0000E+00  0.0000E+00  0.0000E+00  0.0000E+00  0.0000E+00  0.0000E+00  0.0000E+00  0.0000E+00
     0.212  0.0000E+00  0.0000E+00  0.0000E+00  0.0000E+00  0.0000E+00  0.0000E+00  0.0000E+00  0.0000E+00  0.0000E+00  0.0000E+00  0.0000E+00  0.0000E+00  0.0000E+00  0.0000E+00  0.0000E+00  0.0000E+00  0.0000E+00  0.0000E+00
     0.222  0.0000E+00  0.0000E+00  0.0000E+00  0.0000E+00  0.0000E+00  0.0000E+00  0.0000E+00  0.0000E+00  0.0000E+00  0.0000E+00  0.0000E+00  0.0000E+00  0.0000E+00  0.0000E+00  0.0000E+00  0.0000E+00  0.0000E+00  0.0000E+00
     0.232  0.0000E+00  0.0000E+00  0.0000E+00  0.0000E+00  0.0000E+00  0.0000E+00  0.0000E+00  0.0000E+00  0.0000E+00  0.0000E+00  0.0000E+00  0.0000E+00  0.0000E+00  0.0000E+00  0.0000E+00  0.0000E+00  0.0000E+00  0.0000E+00
     0.242  0.0000E+00  0.0000E+00  0.0000E+00  0.0000E+00  0.0000E+00  0.0000E+00  0.0000E+00  0.0000E+00  0.0000E+00  0.0000E+00  0.0000E+00  0.0000E+00  0.0000E+00  0.0000E+00  0.0000E+00  0.0000E+00  0.0000E+00  0.0000E+00
     0.252  0.0000E+00  0.0000E+00  0.0000E+00  0.0000E+00  0.0000E+00  0.0000E+00  0.0000E+00  0.0000E+00  0.0000E+00  0.0000E+00  0.0000E+00  0.0000E+00  0.0000E+00  0.0000E+00  0.0000E+00  0.0000E+00  0.0000E+00  0.0000E+00
     0.262  0.0000E+00  0.0000E+00  0.0000E+00  0.0000E+00  0.0000E+00  0.0000E+00  0.0000E+00  0.0000E+00  0.0000E+00  0.0000E+00  0.0000E+00  0.0000E+00  0.0000E+00  0.0000E+00  0.0000E+00  0.0000E+00  0.0000E+00  0.0000E+00
     0.272  0.0000E+00  0.0000E+00  0.0000E+00  0.0000E+00  0.0000E+00  0.0000E+00  0.0000E+00  0.0000E+00  0.0000E+00  0.0000E+00  0.0000E+00  0.0000E+00  0.0000E+00  0.0000E+00  0.0000E+00  0.0000E+00  0.0000E+00  0.0000E+00
     0.282  0.0000E+00  0.0000E+00  0.0000E+00  0.0000E+00  0.0000E+00  0.0000E+00  0.0000E+00  0.0000E+00  0.0000E+00  0.0000E+00  0.0000E+00  0.0000E+00  0.0000E+00  0.0000E+00  0.0000E+00  0.0000E+00  0.0000E+00  0.0000E+00
     0.292  0.0000E+00  0.1230E+00  0.0000E+00  0.4090E-05  0.0000E+00  0.7043E-04  0.0000E+00  0.1589E-04  0.0000E+00  0.2593E-03  0.0000E+00  0.3163E-02  0.0000E+00  0.4351E+00  0.0000E+00  0.8863E-02  0.0000E+00  0.3778E-03
     0.302  0.0000E+00  0.4235E+00  0.0000E+00  0.1402E-04  0.0000E+00  0.2589E-03  0.0000E+00  0.4873E-04  0.0000E+00  0.9965E-03  0.0000E+00  0.1060E-01  0.0000E+00  0.1487E+01  0.0000E+00  0.2685E-01  0.0000E+00  0.1225E-02
     0.312  0.0000E+00  0.7344E+00  0.0000E+00  0.2421E-04  0.0000E+00  0.4765E-03  0.0000E+00  0.7448E-04  0.0000E+00  0.1902E-02  0.0000E+00  0.1789E-01  0.0000E+00  0.2561E+01  0.0000E+00  0.4043E-01  0.0000E+00  0.1996E-02
     0.322  0.0000E+00  0.3375E+01  0.0000E+00  0.7323E-04  0.0000E+00  0.2753E-02  0.0000E+00  0.1495E-03  0.0000E+00  0.1387E-01  0.0000E+00  0.4614E-01  0.0000E+00  0.1144E+02  0.0000E+00  0.7214E-01  0.0000E+00  0.6434E-02
     0.332  0.0000E+00  0.6493E+01  0.0000E+00  0.9673E-04  0.0000E+00  0.6301E-02  0.0000E+00  0.4882E-04  0.0000E+00  0.1053E-01  0.0000E+00  0.7688E-01  0.0000E+00  0.2149E+02  0.0000E+00  0.2155E-01  0.0000E+00  0.9729E-02
     0.342  0.0000E+00  0.0000E+00  0.0000E+00  0.0000E+00  0.0000E+00  0.0000E+00  0.0000E+00  0.0000E+00  0.0000E+00  0.0000E+00  0.0000E+00  0.0000E+00  0.0000E+00  0.0000E+00  0.0000E+00  0.0000E+00  0.0000E+00  0.0000E+00
     0.352  0.0000E+00  0.0000E+00  0.0000E+00  0.0000E+00  0.0000E+00  0.0000E+00  0.0000E+00  0.0000E+00  0.0000E+00  0.0000E+00  0.0000E+00  0.0000E+00  0.0000E+00  0.0000E+00  0.0000E+00  0.0000E+00  0.0000E+00  0.0000E+00
     0.362  0.0000E+00  0.0000E+00  0.0000E+00  0.0000E+00  0.0000E+00  0.0000E+00  0.0000E+00  0.0000E+00  0.0000E+00  0.0000E+00  0.0000E+00  0.0000E+00  0.0000E+00  0.0000E+00  0.0000E+00  0.0000E+00  0.0000E+00  0.0000E+00
     0.372  0.0000E+00  0.0000E+00  0.0000E+00  0.0000E+00  0.0000E+00  0.0000E+00  0.0000E+00  0.0000E+00  0.0000E+00  0.0000E+00  0.0000E+00  0.0000E+00  0.0000E+00  0.0000E+00  0.0000E+00  0.0000E+00  0.0000E+00  0.0000E+00
     0.382  0.0000E+00  0.0000E+00  0.0000E+00  0.0000E+00  0.0000E+00  0.0000E+00  0.0000E+00  0.0000E+00  0.0000E+00  0.0000E+00  0.0000E+00  0.0000E+00  0.0000E+00  0.0000E+00  0.0000E+00  0.0000E+00  0.0000E+00  0.0000E+00
     0.392  0.0000E+00  0.0000E+00  0.0000E+00  0.0000E+00  0.0000E+00  0.0000E+00  0.0000E+00  0.0000E+00  0.0000E+00  0.0000E+00  0.0000E+00  0.0000E+00  0.0000E+00  0.0000E+00  0.0000E+00  0.0000E+00  0.0000E+00  0.0000E+00
     0.402  0.0000E+00  0.0000E+00  0.0000E+00  0.0000E+00  0.0000E+00  0.0000E+00  0.0000E+00  0.0000E+00  0.0000E+00  0.0000E+00  0.0000E+00  0.0000E+00  0.0000E+00  0.0000E+00  0.0000E+00  0.0000E+00  0.0000E+00  0.0000E+00
     0.412  0.0000E+00  0.0000E+00  0.0000E+00  0.0000E+00  0.0000E+00  0.0000E+00  0.0000E+00  0.0000E+00  0.0000E+00  0.0000E+00  0.0000E+00  0.0000E+00  0.0000E+00  0.0000E+00  0.0000E+00  0.0000E+00  0.0000E+00  0.0000E+00
     0.422  0.0000E+00  0.0000E+00  0.0000E+00  0.0000E+00  0.0000E+00  0.0000E+00  0.0000E+00  0.0000E+00  0.0000E+00  0.0000E+00  0.0000E+00  0.0000E+00  0.0000E+00  0.0000E+00  0.0000E+00  0.0000E+00  0.0000E+00  0.0000E+00
     0.432  0.0000E+00  0.0000E+00  0.0000E+00  0.0000E+00  0.0000E+00  0.0000E+00  0.0000E+00  0.0000E+00  0.0000E+00  0.0000E+00  0.0000E+00  0.0000E+00  0.0000E+00  0.0000E+00  0.0000E+00  0.0000E+00  0.0000E+00  0.0000E+00
     0.442  0.0000E+00  0.0000E+00  0.0000E+00  0.0000E+00  0.0000E+00  0.0000E+00  0.0000E+00  0.0000E+00  0.0000E+00  0.0000E+00  0.0000E+00  0.0000E+00  0.0000E+00  0.0000E+00  0.0000E+00  0.0000E+00  0.0000E+00  0.0000E+00
     0.452  0.0000E+00  0.0000E+00  0.0000E+00  0.0000E+00  0.0000E+00  0.0000E+00  0.0000E+00  0.0000E+00  0.0000E+00  0.0000E+00  0.0000E+00  0.0000E+00  0.0000E+00  0.0000E+00  0.0000E+00  0.0000E+00  0.0000E+00  0.0000E+00
     0.462  0.0000E+00  0.0000E+00  0.0000E+00  0.0000E+00  0.0000E+00  0.0000E+00  0.0000E+00  0.0000E+00  0.0000E+00  0.0000E+00  0.0000E+00  0.0000E+00  0.0000E+00  0.0000E+00  0.0000E+00  0.0000E+00  0.0000E+00  0.0000E+00
     0.472  0.0000E+00  0.0000E+00  0.0000E+00  0.0000E+00  0.0000E+00  0.0000E+00  0.0000E+00  0.0000E+00  0.0000E+00  0.0000E+00  0.0000E+00  0.0000E+00  0.0000E+00  0.0000E+00  0.0000E+00  0.0000E+00  0.0000E+00  0.0000E+00
     0.482  0.0000E+00  0.0000E+00  0.0000E+00  0.0000E+00  0.0000E+00  0.0000E+00  0.0000E+00  0.0000E+00  0.0000E+00  0.0000E+00  0.0000E+00  0.0000E+00  0.0000E+00  0.0000E+00  0.0000E+00  0.0000E+00  0.0000E+00  0.0000E+00
     0.492  0.0000E+00  0.0000E+00  0.0000E+00  0.0000E+00  0.0000E+00  0.0000E+00  0.0000E+00  0.0000E+00  0.0000E+00  0.0000E+00  0.0000E+00  0.0000E+00  0.0000E+00  0.0000E+00  0.0000E+00  0.0000E+00  0.0000E+00  0.0000E+00
     0.502  0.0000E+00  0.2730E-02  0.0000E+00  0.3466E-04  0.0000E+00  0.3930E-04  0.0000E+00  0.9617E-04  0.0000E+00  0.8654E-02  0.0000E+00  0.6203E-02  0.0000E+00  0.4644E-02  0.0000E+00  0.1717E-01  0.0000E+00  0.2049E-02
     0.512  0.0000E+00  0.7689E-02  0.0000E+00  0.1047E-03  0.0000E+00  0.1127E-03  0.0000E+00  0.2859E-03  0.0000E+00  0.2600E-01  0.0000E+00  0.1872E-01  0.0000E+00  0.1299E-01  0.0000E+00  0.5065E-01  0.0000E+00  0.6157E-02
     0.522  0.0000E+00  0.1232E-01  0.0000E+00  0.1797E-03  0.0000E+00  0.1839E-03  0.0000E+00  0.4836E-03  0.0000E+00  0.4443E-01  0.0000E+00  0.3213E-01  0.0000E+00  0.2064E-01  0.0000E+00  0.8504E-01  0.0000E+00  0.1052E-01
     0.532  0.0000E+00  0.1661E-01  0.0000E+00  0.2598E-03  0.0000E+00  0.2529E-03  0.0000E+00  0.6893E-03  0.0000E+00  0.6394E-01  0.0000E+00  0.4642E-01  0.0000E+00  0.2761E-01  0.0000E+00  0.1204E+00  0.0000E+00  0.1514E-01
     0.542  0.0000E+00  0.2057E-01  0.0000E+00  0.3449E-03  0.0000E+00  0.3197E-03  0.0000E+00  0.9030E-03  0.0000E+00  0.8453E-01  0.0000E+00  0.6160E-01  0.0000E+00  0.3389E-01  0.0000E+00  0.1566E+00  0.0000E+00  0.2002E-01
     0.552  0.0000E+00  0.2419E-01  0.0000E+00  0.4351E-03  0.0000E+00  0.3843E-03  0.0000E+00  0.1125E-02  0.0000E+00  0.1062E+00  0.0000E+00  0.7766E-01  0.0000E+00  0.3948E-01  0.0000E+00  0.1938E+00  0.0000E+00  0.2515E-01
     0.562  0.4636E-04  0.2749E-01  0.2449E-05  0.5303E-03  0.7412E-04  0.4467E-03  0.1778E-04  0.1354E-02  0.4422E-06  0.1289E+00  0.8308E-05  0.9461E-01  0.3119E-04  0.4439E-01  0.7358E-04  0.2318E+00  0.2019E-06  0.3055E-01
     0.572  0.2539E-03  0.2837E-01  0.1362E-04  0.6698E-03  0.4080E-03  0.4838E-03  0.9662E-04  0.1627E-02  0.2409E-05  0.1853E+00  0.4619E-04  0.1183E+00  0.1720E-03  0.4480E-01  0.3987E-03  0.2718E+00  0.1116E-05  0.4419E-01
     0.582  0.4622E-03  0.2693E-01  0.2519E-04  0.8552E-03  0.7467E-03  0.4924E-03  0.1746E-03  0.1928E-02  0.4363E-05  0.2819E+00  0.8532E-04  0.1485E+00  0.3153E-03  0.4105E-01  0.7182E-03  0.3108E+00  0.2049E-05  0.6771E-01
     0.592  0.6713E-03  0.2603E-01  0.3715E-04  0.1059E-02  0.1090E-02  0.5068E-03  0.2516E-03  0.2238E-02  0.6304E-05  0.3970E+00  0.1257E-03  0.1813E+00  0.4610E-03  0.3838E-01  0.1032E-02  0.3506E+00  0.3002E-05  0.9569E-01
     0.602  0.8812E-03  0.2616E-01  0.4949E-04  0.1298E-02  0.1438E-02  0.5350E-03  0.3277E-03  0.2574E-02  0.8232E-05  0.5431E+00  0.1674E-03  0.2190E+00  0.6093E-03  0.3758E-01  0.1340E-02  0.3941E+00  0.3975E-05  0.1311E+00
     0.612  0.1092E-02  0.2605E-01  0.6223E-04  0.1544E-02  0.1791E-02  0.5567E-03  0.4029E-03  0.2887E-02  0.1015E-04  0.7003E+00  0.2103E-03  0.2575E+00  0.7599E-03  0.3653E-01  0.1643E-02  0.4331E+00  0.4967E-05  0.1693E+00
     0.622  0.1303E-02  0.2601E-01  0.7535E-04  0.1859E-02  0.2148E-02  0.5816E-03  0.4772E-03  0.3247E-02  0.1205E-04  0.9625E+00  0.2544E-03  0.3071E+00  0.9131E-03  0.3562E-01  0.1940E-02  0.4776E+00  0.5978E-05  0.2336E+00
     0.632  0.1515E-02  0.2575E-01  0.8886E-04  0.2197E-02  0.2511E-02  0.6010E-03  0.5507E-03  0.3592E-02  0.1394E-04  0.1319E+01  0.2998E-03  0.3597E+00  0.1069E-02  0.3451E-01  0.2231E-02  0.5188E+00  0.7009E-05  0.3212E+00
     0.642  0.1728E-02  0.2504E-01  0.1028E-03  0.2512E-02  0.2878E-02  0.6071E-03  0.6232E-03  0.3869E-02  0.1581E-04  0.1712E+01  0.3465E-03  0.4076E+00  0.1227E-02  0.3290E-01  0.2517E-02  0.5491E+00  0.8060E-05  0.4180E+00
     0.652  0.1942E-02  0.2664E-01  0.1171E-03  0.4179E-02  0.3249E-02  0.7278E-03  0.6948E-03  0.4718E-02  0.1768E-04  0.3338E+01  0.3944E-03  0.6592E+00  0.1387E-02  0.3335E-01  0.2797E-02  0.6391E+00  0.9130E-05  0.8146E+00
     0.662  0.2157E-02  0.2277E-01  0.1317E-03  0.8674E-02  0.3626E-02  0.7715E-03  0.7654E-03  0.6735E-02  0.1953E-04  0.1033E+02  0.4436E-03  0.1313E+01  0.1550E-02  0.2698E-01  0.3071E-02  0.7931E+00  0.1022E-04  0.2531E+01
     0.672  0.2372E-02  0.2333E-01  0.1468E-03  0.1276E-01  0.4007E-02  0.7950E-03  0.8352E-03  0.5181E-02  0.2136E-04  0.4130E+02  0.4941E-03  0.1849E+01  0.1716E-02  0.3198E-01  0.3340E-02  0.6889E+00  0.1133E-04  0.1028E+02
     0.682  0.2588E-02  0.2377E-01  0.1623E-03  0.3105E-01  0.4393E-02  0.6594E-03  0.9041E-03  0.1614E-01  0.2319E-04  0.1130E+02  0.5458E-03  0.4436E+01  0.1884E-02  0.3587E-01  0.3603E-02  0.2158E+01  0.1246E-04  0.2908E+01
     0.692  0.2805E-02  0.1900E-01  0.1781E-03  0.7980E-01  0.4783E-02  0.6005E-03  0.9721E-03  0.1220E-01  0.2500E-04  0.3231E+01  0.5987E-03  0.1113E+02  0.2054E-02  0.3639E-01  0.3860E-02  0.1540E+01  0.1361E-04  0.8766E+00
     0.702  0.3023E-02  0.1801E-01  0.1944E-03  0.5681E-01  0.5178E-02  0.4595E-03  0.1039E-02  0.6394E-02  0.2679E-04  0.1460E+01  0.6529E-03  0.7710E+01  0.2227E-02  0.3438E-01  0.4112E-02  0.7631E+00  0.1477E-04  0.4062E+00
     0.712  0.3241E-02  0.2129E-02  0.2110E-03  0.9083E-02  0.5578E-02  0.3589E-04  0.1105E-02  0.4932E-03  0.2858E-04  0.5872E-01  0.7084E-03  0.1212E+01  0.2403E-02  0.4865E-02  0.4358E-02  0.5836E-01  0.1596E-04  0.1923E-01
     0.722  0.3461E-02  0.0000E+00  0.2280E-03  0.0000E+00  0.5983E-02  0.0000E+00  0.1171E-02  0.0000E+00  0.3035E-04  0.0000E+00  0.7651E-03  0.0000E+00  0.2580E-02  0.0000E+00  0.4598E-02  0.0000E+00  0.1717E-04  0.0000E+00
     0.732  0.3681E-02  0.0000E+00  0.2454E-03  0.0000E+00  0.6392E-02  0.0000E+00  0.1235E-02  0.0000E+00  0.3211E-04  0.0000E+00  0.8231E-03  0.0000E+00  0.2761E-02  0.0000E+00  0.4833E-02  0.0000E+00  0.1839E-04  0.0000E+00
     0.742  0.3901E-02  0.5898E-03  0.2632E-03  0.1097E-02  0.6807E-02  0.5099E-04  0.1298E-02  0.5406E-03  0.3385E-04  0.4762E-03  0.8824E-03  0.1295E+00  0.2944E-02  0.1048E-03  0.5062E-02  0.5535E-01  0.1964E-04  0.9423E-04
     0.752  0.4123E-02  0.1327E-01  0.2814E-03  0.3673E-01  0.7225E-02  0.1218E-02  0.1361E-02  0.3363E-01  0.3559E-04  0.2749E-01  0.9429E-03  0.4277E+01  0.3129E-02  0.2661E-02  0.5286E-02  0.3382E+01  0.2091E-04  0.7510E-02
     0.762  0.4345E-02  0.6790E-02  0.3000E-03  0.3544E-01  0.7649E-02  0.6793E-03  0.1423E-02  0.4241E-01  0.3731E-04  0.2143E-01  0.1005E-02  0.4017E+01  0.3317E-02  0.1742E-02  0.5504E-02  0.4117E+01  0.2219E-04  0.6268E-02
     0.772  0.4569E-02  0.4275E-02  0.3190E-03  0.2352E-01  0.8077E-02  0.4162E-03  0.1483E-02  0.3912E-01  0.3901E-04  0.1152E-01  0.1068E-02  0.2593E+01  0.3507E-02  0.1256E-02  0.5716E-02  0.3681E+01  0.2349E-04  0.3403E-02
     0.782  0.4886E-02  0.3821E-02  0.3430E-03  0.2075E-01  0.8832E-02  0.3705E-03  0.1536E-02  0.4057E-01  0.4061E-04  0.8183E-02  0.1144E-02  0.2252E+01  0.3858E-02  0.1088E-02  0.5873E-02  0.3726E+01  0.2499E-04  0.2302E-02
     0.792  0.6146E-02  0.3408E-02  0.4231E-03  0.1595E-01  0.1276E-01  0.3276E-03  0.1545E-02  0.4048E-01  0.4203E-04  0.5299E-02  0.1366E-02  0.1689E+01  0.5761E-02  0.8950E-03  0.5654E-02  0.3611E+01  0.2842E-04  0.1330E-02
     0.802  0.7038E-02  0.2035E-02  0.4907E-03  0.9398E-02  0.1534E-01  0.2037E-03  0.1607E-02  0.2548E-01  0.4434E-04  0.3796E-02  0.1557E-02  0.9832E+00  0.6997E-02  0.6527E-03  0.5718E-02  0.2207E+01  0.3125E-04  0.8376E-03
     0.812  0.7813E-02  0.1536E-02  0.5577E-03  0.7218E-02  0.1779E-01  0.1570E-03  0.1626E-02  0.2159E-01  0.4576E-04  0.3235E-02  0.1739E-02  0.7414E+00  0.8141E-02  0.5842E-03  0.5650E-02  0.1828E+01  0.3391E-04  0.6559E-03
     0.822  0.8412E-02  0.1322E-02  0.5969E-03  0.6144E-02  0.2006E-01  0.1371E-03  0.1573E-02  0.2308E-01  0.4522E-04  0.3229E-02  0.1840E-02  0.6148E+00  0.9152E-02  0.6291E-03  0.5347E-02  0.1913E+01  0.3539E-04  0.6479E-03
     0.832  0.8970E-02  0.1057E-02  0.6221E-03  0.5105E-02  0.2232E-01  0.1138E-03  0.1498E-02  0.2643E-01  0.4399E-04  0.3256E-02  0.1901E-02  0.4936E+00  0.1014E-01  0.7112E-03  0.4968E-02  0.2143E+01  0.3629E-04  0.6261E-03
     0.842  0.9744E-02  0.2920E-03  0.6842E-03  0.1671E-02  0.2521E-01  0.3272E-04  0.1415E-02  0.1192E-01  0.4195E-04  0.1119E-02  0.2067E-02  0.1582E+00  0.1135E-01  0.3218E-03  0.4505E-02  0.9509E+00  0.4061E-04  0.2082E-03
     0.852  0.1021E-01  0.0000E+00  0.6986E-03  0.0000E+00  0.2692E-01  0.0000E+00  0.1409E-02  0.0000E+00  0.4197E-04  0.0000E+00  0.2095E-02  0.0000E+00  0.1212E-01  0.0000E+00  0.4467E-02  0.0000E+00  0.4101E-04  0.0000E+00
     0.862  0.1067E-01  0.0000E+00  0.7129E-03  0.0000E+00  0.2864E-01  0.0000E+00  0.1401E-02  0.0000E+00  0.4197E-04  0.0000E+00  0.2122E-02  0.0000E+00  0.1289E-01  0.0000E+00  0.4425E-02  0.0000E+00  0.4139E-04  0.0000E+00
     0.872  0.1115E-01  0.0000E+00  0.7271E-03  0.0000E+00  0.3040E-01  0.0000E+00  0.1393E-02  0.0000E+00  0.4195E-04  0.0000E+00  0.2149E-02  0.0000E+00  0.1367E-01  0.0000E+00  0.4382E-02  0.0000E+00  0.4176E-04  0.0000E+00
     0.882  0.1162E-01  0.0000E+00  0.7412E-03  0.0000E+00  0.3217E-01  0.0000E+00  0.1384E-02  0.0000E+00  0.4192E-04  0.0000E+00  0.2175E-02  0.0000E+00  0.1447E-01  0.0000E+00  0.4335E-02  0.0000E+00  0.4212E-04  0.0000E+00
     0.892  0.1211E-01  0.0000E+00  0.7552E-03  0.0000E+00  0.3397E-01  0.0000E+00  0.1374E-02  0.0000E+00  0.4187E-04  0.0000E+00  0.2200E-02  0.0000E+00  0.1528E-01  0.0000E+00  0.4287E-02  0.0000E+00  0.4247E-04  0.0000E+00
     0.902  0.1259E-01  0.0000E+00  0.7690E-03  0.0000E+00  0.3580E-01  0.0000E+00  0.1364E-02  0.0000E+00  0.4180E-04  0.0000E+00  0.2225E-02  0.0000E+00  0.1609E-01  0.0000E+00  0.4235E-02  0.0000E+00  0.4280E-04  0.0000E+00
     0.912  0.1309E-01  0.5162E-02  0.7827E-03  0.7382E-03  0.3765E-01  0.6794E-03  0.1352E-02  0.5222E-02  0.4172E-04  0.7551E-03  0.2249E-02  0.5237E-01  0.1692E-01  0.8077E-03  0.4182E-02  0.3350E+00  0.4313E-04  0.2765E-03
     0.922  0.1359E-01  0.1116E-01  0.7963E-03  0.1691E-02  0.3952E-01  0.1473E-02  0.1340E-02  0.1004E-01  0.4163E-04  0.1618E-02  0.2273E-02  0.1201E+00  0.1776E-01  0.1686E-02  0.4126E-02  0.6387E+00  0.4344E-04  0.6635E-03
     0.932  0.1409E-01  0.1126E-01  0.8098E-03  0.1620E-02  0.4142E-01  0.1574E-02  0.1328E-02  0.9821E-02  0.4151E-04  0.1598E-02  0.2296E-02  0.1118E+00  0.1861E-01  0.1604E-02  0.4067E-02  0.6158E+00  0.4373E-04  0.5896E-03
     0.942  0.1460E-01  0.1114E-01  0.8231E-03  0.1540E-02  0.4335E-01  0.1644E-02  0.1314E-02  0.9395E-02  0.4138E-04  0.1545E-02  0.2318E-02  0.1029E+00  0.1947E-01  0.1510E-02  0.4006E-02  0.5801E+00  0.4402E-04  0.5125E-03
     0.952  0.1538E-01  0.1126E-01  0.8395E-03  0.1527E-02  0.4626E-01  0.1743E-02  0.1309E-02  0.9056E-02  0.4139E-04  0.1529E-02  0.2347E-02  0.9911E-01  0.2080E-01  0.1463E-02  0.3961E-02  0.5507E+00  0.4444E-04  0.4686E-03
     0.962  0.1667E-01  0.1185E-01  0.8614E-03  0.1594E-02  0.5100E-01  0.1911E-02  0.1317E-02  0.8904E-02  0.4162E-04  0.1583E-02  0.2388E-02  0.1015E+00  0.2298E-01  0.1458E-02  0.3944E-02  0.5334E+00  0.4510E-04  0.4672E-03
     0.972  0.1797E-01  0.1226E-01  0.8835E-03  0.1623E-02  0.5583E-01  0.2059E-02  0.1323E-02  0.8439E-02  0.4183E-04  0.1603E-02  0.2429E-02  0.1020E+00  0.2521E-01  0.1392E-02  0.3920E-02  0.4978E+00  0.4575E-04  0.4641E-03
     0.982  0.1939E-01  0.1267E-01  0.9106E-03  0.1648E-02  0.6110E-01  0.2208E-02  0.1329E-02  0.7968E-02  0.4212E-04  0.1615E-02  0.2480E-02  0.1023E+00  0.2764E-01  0.1324E-02  0.3896E-02  0.4622E+00  0.4650E-04  0.4624E-03
     0.992  0.2163E-01  0.1317E-01  0.9795E-03  0.1696E-02  0.6982E-01  0.2450E-02  0.1330E-02  0.6798E-02  0.4246E-04  0.1548E-02  0.2613E-02  0.1022E+00  0.3166E-01  0.1191E-02  0.3809E-02  0.3829E+00  0.4764E-04  0.4601E-03
     1.002  0.2292E-01  0.1378E-01  0.9954E-03  0.1768E-02  0.7583E-01  0.2738E-02  0.1258E-02  0.5581E-02  0.4014E-04  0.1470E-02  0.2610E-02  0.1026E+00  0.3438E-01  0.1068E-02  0.3498E-02  0.3011E+00  0.4666E-04  0.4615E-03
     1.012  0.2429E-01  0.1448E-01  0.1003E-02  0.1817E-02  0.8214E-01  0.2956E-02  0.1181E-02  0.5519E-02  0.3759E-04  0.1476E-02  0.2587E-02  0.1039E+00  0.3724E-01  0.1068E-02  0.3176E-02  0.2962E+00  0.4559E-04  0.4653E-03
     1.022  0.2429E-01  0.1519E-01  0.9649E-03  0.1865E-02  0.8319E-01  0.3179E-02  0.1112E-02  0.5452E-02  0.3539E-04  0.1480E-02  0.2480E-02  0.1051E+00  0.3762E-01  0.1068E-02  0.2958E-02  0.2909E+00  0.4375E-04  0.4689E-03
     1.032  0.2381E-01  0.1591E-01  0.9165E-03  0.1912E-02  0.8240E-01  0.3405E-02  0.1046E-02  0.5380E-02  0.3340E-04  0.1483E-02  0.2356E-02  0.1064E+00  0.3712E-01  0.1067E-02  0.2775E-02  0.2854E+00  0.4173E-04  0.4724E-03
     1.042  0.2536E-01  0.1663E-01  0.9236E-03  0.1959E-02  0.8942E-01  0.3634E-02  0.1012E-02  0.5301E-02  0.3201E-04  0.1485E-02  0.2364E-02  0.1075E+00  0.4004E-01  0.1066E-02  0.2661E-02  0.2795E+00  0.4296E-04  0.4757E-03
     1.052  0.2593E-01  0.1736E-01  0.8637E-03  0.2006E-02  0.9356E-01  0.3868E-02  0.9540E-03  0.5217E-02  0.2969E-04  0.1486E-02  0.2182E-02  0.1087E+00  0.4175E-01  0.1065E-02  0.2482E-02  0.2733E+00  0.4056E-04  0.4789E-03
     1.062  0.2663E-01  0.1810E-01  0.8024E-03  0.2053E-02  0.9824E-01  0.4104E-02  0.8921E-03  0.5127E-02  0.2755E-04  0.1486E-02  0.1997E-02  0.1098E+00  0.4371E-01  0.1063E-02  0.2295E-02  0.2668E+00  0.3773E-04  0.4819E-03
     1.072  0.2520E-01  0.1885E-01  0.7049E-03  0.2099E-02  0.9470E-01  0.4345E-02  0.7976E-03  0.5032E-02  0.2490E-04  0.1485E-02  0.1735E-02  0.1108E+00  0.4201E-01  0.1061E-02  0.2042E-02  0.2601E+00  0.3271E-04  0.4848E-03
     1.082  0.3295E-01  0.1961E-01  0.7039E-03  0.2145E-02  0.1268E+00  0.4591E-02  0.8423E-03  0.4931E-02  0.2545E-04  0.1483E-02  0.1673E-02  0.1119E+00  0.5696E-01  0.1059E-02  0.2109E-02  0.2530E+00  0.3090E-04  0.4875E-03
     1.092  0.4072E-01  0.2071E-01  0.6972E-03  0.2193E-02  0.1593E+00  0.4976E-02  0.8694E-03  0.4816E-02  0.2571E-04  0.1479E-02  0.1602E-02  0.1128E+00  0.7200E-01  0.1089E-02  0.2135E-02  0.2446E+00  0.2887E-04  0.4913E-03
     1.102  0.4851E-01  0.2204E-01  0.6849E-03  0.2250E-02  0.1921E+00  0.5448E-02  0.8791E-03  0.4696E-02  0.2569E-04  0.1478E-02  0.1524E-02  0.1139E+00  0.8714E-01  0.1134E-02  0.2121E-02  0.2358E+00  0.2663E-04  0.4999E-03
     1.112  0.3449E-01  0.2348E-01  0.5816E-03  0.2309E-02  0.1397E+00  0.5965E-02  0.6044E-03  0.4570E-02  0.2014E-04  0.1478E-02  0.1271E-02  0.1150E+00  0.6244E-01  0.1186E-02  0.1488E-02  0.2266E+00  0.2070E-04  0.5098E-03
     1.122  0.2743E-01  0.2396E-01  0.4985E-03  0.2235E-02  0.1116E+00  0.6316E-02  0.4909E-03  0.4219E-02  0.1709E-04  0.1436E-02  0.1082E-02  0.1093E+00  0.4964E-01  0.1249E-02  0.1207E-02  0.2052E+00  0.1704E-04  0.5092E-03
     1.132  0.1986E-01  0.2377E-01  0.3965E-03  0.2089E-02  0.8134E-01  0.6492E-02  0.3481E-03  0.3787E-02  0.1261E-04  0.1375E-02  0.8494E-03  0.1004E+00  0.3599E-01  0.1299E-02  0.8446E-03  0.1800E+00  0.1262E-04  0.5036E-03
     1.142  0.1221E-01  0.2359E-01  0.2863E-03  0.1941E-02  0.5039E-01  0.6675E-02  0.2147E-03  0.3363E-02  0.8379E-05  0.1313E-02  0.6059E-03  0.9139E-01  0.2208E-01  0.1353E-02  0.5045E-03  0.1554E+00  0.8270E-05  0.4976E-03
     1.152  0.0000E+00  0.2257E-01  0.0000E+00  0.1731E-02  0.0000E+00  0.6579E-02  0.0000E+00  0.2994E-02  0.0000E+00  0.1190E-02  0.0000E+00  0.7981E-01  0.0000E+00  0.1370E-02  0.0000E+00  0.1341E+00  0.0000E+00  0.4448E-03
     1.162  0.0000E+00  0.2170E-01  0.0000E+00  0.1567E-02  0.0000E+00  0.6456E-02  0.0000E+00  0.2765E-02  0.0000E+00  0.1091E-02  0.0000E+00  0.7100E-01  0.0000E+00  0.1366E-02  0.0000E+00  0.1210E+00  0.0000E+00  0.3939E-03
     1.172  0.0000E+00  0.2040E-01  0.0000E+00  0.1381E-02  0.0000E+00  0.6244E-02  0.0000E+00  0.2397E-02  0.0000E+00  0.9444E-03  0.0000E+00  0.6098E-01  0.0000E+00  0.1308E-02  0.0000E+00  0.1016E+00  0.0000E+00  0.3389E-03
     1.182  0.0000E+00  0.1895E-01  0.0000E+00  0.1231E-02  0.0000E+00  0.5936E-02  0.0000E+00  0.2044E-02  0.0000E+00  0.8233E-03  0.0000E+00  0.5339E-01  0.0000E+00  0.1212E-02  0.0000E+00  0.8443E-01  0.0000E+00  0.3013E-03
     1.192  0.0000E+00  0.1749E-01  0.0000E+00  0.1093E-02  0.0000E+00  0.5598E-02  0.0000E+00  0.1712E-02  0.0000E+00  0.7148E-03  0.0000E+00  0.4666E-01  0.0000E+00  0.1108E-02  0.0000E+00  0.6875E-01  0.0000E+00  0.2690E-03
     1.202  0.0000E+00  0.1601E-01  0.0000E+00  0.9584E-03  0.0000E+00  0.5242E-02  0.0000E+00  0.1396E-02  0.0000E+00  0.6105E-03  0.0000E+00  0.4015E-01  0.0000E+00  0.1002E-02  0.0000E+00  0.5396E-01  0.0000E+00  0.2375E-03
     1.212  0.0000E+00  0.1456E-01  0.0000E+00  0.8376E-03  0.0000E+00  0.4832E-02  0.0000E+00  0.1235E-02  0.0000E+00  0.5409E-03  0.0000E+00  0.3489E-01  0.0000E+00  0.9367E-03  0.0000E+00  0.4748E-01  0.0000E+00  0.2089E-03
     1.222  0.0000E+00  0.1309E-01  0.0000E+00  0.7202E-03  0.0000E+00  0.4402E-02  0.0000E+00  0.1077E-02  0.0000E+00  0.4733E-03  0.0000E+00  0.2980E-01  0.0000E+00  0.8643E-03  0.0000E+00  0.4114E-01  0.0000E+00  0.1812E-03
     1.232  0.3433E-02  0.1269E-01  0.2054E-03  0.6306E-03  0.2212E-01  0.4408E-02  0.2624E-03  0.9400E-03  0.2541E-05  0.4112E-03  0.3513E-03  0.2570E-01  0.1010E-01  0.9170E-03  0.4558E-03  0.3537E-01  0.1039E-04  0.1562E-03
     1.242  0.8013E-02  0.1678E-01  0.4771E-03  0.6346E-03  0.5197E-01  0.6272E-02  0.6083E-03  0.8698E-03  0.5973E-05  0.3662E-03  0.8133E-03  0.2476E-01  0.2367E-01  0.1512E-02  0.1054E-02  0.3127E-01  0.2368E-04  0.1416E-03
     1.252  0.1196E-01  0.2028E-01  0.7105E-03  0.6150E-03  0.7837E-01  0.7894E-02  0.9274E-03  0.7999E-03  0.9556E-05  0.3299E-03  0.1200E-02  0.2311E-01  0.3557E-01  0.2027E-02  0.1589E-02  0.2747E-01  0.3363E-04  0.1303E-03
     1.262  0.1508E-01  0.2199E-01  0.8878E-03  0.5593E-03  0.1001E+00  0.8730E-02  0.1214E-02  0.7541E-03  0.1331E-04  0.3090E-03  0.1481E-02  0.2035E-01  0.4523E-01  0.2277E-02  0.2048E-02  0.2523E-01  0.3929E-04  0.1168E-03
     1.272  0.1825E-01  0.2364E-01  0.1054E-02  0.5025E-03  0.1223E+00  0.9548E-02  0.1497E-02  0.7120E-03  0.1710E-04  0.2899E-03  0.1740E-02  0.1755E-01  0.5506E-01  0.2523E-02  0.2498E-02  0.2311E-01  0.4425E-04  0.1015E-03
     1.282  0.2145E-01  0.2523E-01  0.1209E-02  0.4445E-03  0.1450E+00  0.1035E-01  0.1778E-02  0.6736E-03  0.2094E-04  0.2726E-03  0.1978E-02  0.1472E-01  0.6505E-01  0.2766E-02  0.2940E-02  0.2112E-01  0.4848E-04  0.8460E-04
     1.292  0.2470E-01  0.1119E-01  0.1353E-02  0.1574E-03  0.1681E+00  0.4681E-02  0.2056E-02  0.2590E-03  0.2481E-04  0.9293E-04  0.2196E-02  0.5025E-02  0.7520E-01  0.1326E-02  0.3373E-02  0.8027E-02  0.5200E-04  0.2745E-04
     1.302  0.2799E-01  0.0000E+00  0.1487E-02  0.0000E+00  0.1917E+00  0.0000E+00  0.2332E-02  0.0000E+00  0.2873E-04  0.0000E+00  0.2392E-02  0.0000E+00  0.8551E-01  0.0000E+00  0.3797E-02  0.0000E+00  0.5481E-04  0.0000E+00
     1.312  0.3015E-01  0.0000E+00  0.1640E-02  0.0000E+00  0.2100E+00  0.0000E+00  0.2494E-02  0.0000E+00  0.3174E-04  0.0000E+00  0.2534E-02  0.0000E+00  0.9314E-01  0.0000E+00  0.3953E-02  0.0000E+00  0.5248E-04  0.0000E+00
     1.322  0.3808E-01  0.0000E+00  0.1965E-02  0.0000E+00  0.2709E+00  0.0000E+00  0.2926E-02  0.0000E+00  0.3876E-04  0.0000E+00  0.2899E-02  0.0000E+00  0.1191E+00  0.0000E+00  0.4457E-02  0.0000E+00  0.5059E-04  0.0000E+00
     1.332  0.1106E+00  0.0000E+00  0.2605E-02  0.0000E+00  0.8080E+00  0.0000E+00  0.5765E-02  0.0000E+00  0.7410E-04  0.0000E+00  0.3635E-02  0.0000E+00  0.3497E+00  0.0000E+00  0.8396E-02  0.0000E+00  0.5305E-04  0.0000E+00
     1.342  0.1257E+00  0.0000E+00  0.3332E-02  0.0000E+00  0.9324E+00  0.0000E+00  0.7406E-02  0.0000E+00  0.8759E-04  0.0000E+00  0.4603E-02  0.0000E+00  0.4024E+00  0.0000E+00  0.1054E-01  0.0000E+00  0.5582E-04  0.0000E+00
     1.352  0.1013E+00  0.0000E+00  0.5488E-02  0.0000E+00  0.7760E+00  0.0000E+00  0.1193E-01  0.0000E+00  0.1236E-03  0.0000E+00  0.7679E-02  0.0000E+00  0.3340E+00  0.0000E+00  0.1650E-01  0.0000E+00  0.8326E-04  0.0000E+00
     1.362  0.9443E-01  0.0000E+00  0.9884E-02  0.0000E+00  0.7411E+00  0.0000E+00  0.2148E-01  0.0000E+00  0.2070E-03  0.0000E+00  0.1395E-01  0.0000E+00  0.3201E+00  0.0000E+00  0.2931E-01  0.0000E+00  0.1526E-03  0.0000E+00
     1.372  0.4962E-01  0.0000E+00  0.5450E-02  0.0000E+00  0.4027E+00  0.0000E+00  0.7747E-02  0.0000E+00  0.7720E-04  0.0000E+00  0.7460E-02  0.0000E+00  0.1722E+00  0.0000E+00  0.1038E-01  0.0000E+00  0.7902E-04  0.0000E+00
     1.382  0.5343E-01  0.5080E-03  0.8825E-02  0.5001E-04  0.4460E+00  0.4612E-03  0.1044E-01  0.6499E-04  0.1104E-03  0.1922E-05  0.1200E-01  0.1245E-02  0.1910E+00  0.3439E-03  0.1385E-01  0.1440E-02  0.1320E-03  0.1302E-04
     1.392  0.5023E-01  0.1753E-02  0.7032E-02  0.1771E-03  0.4276E+00  0.1603E-02  0.7566E-02  0.2203E-03  0.7961E-04  0.7173E-05  0.9472E-02  0.4391E-02  0.1830E+00  0.1197E-02  0.9929E-02  0.4856E-02  0.1155E-03  0.4478E-04
     1.402  0.5637E-02  0.5204E-02  0.1321E-02  0.6266E-03  0.4757E-01  0.4585E-02  0.2064E-02  0.7213E-03  0.2351E-04  0.4085E-04  0.1779E-02  0.1536E-01  0.2104E-01  0.3463E-02  0.2720E-02  0.1560E-01  0.1705E-04  0.1326E-03
     1.412  0.1925E-03  0.9122E-02  0.3909E-03  0.1336E-02  0.1705E-02  0.8177E-02  0.9885E-03  0.1984E-02  0.8925E-05  0.2993E-03  0.5398E-03  0.3246E-01  0.8685E-03  0.6693E-02  0.1302E-02  0.4272E-01  0.5655E-05  0.2981E-03
     1.422  0.0000E+00  0.1299E-01  0.0000E+00  0.2003E-02  0.0000E+00  0.1198E-01  0.0000E+00  0.3565E-02  0.0000E+00  0.6907E-03  0.0000E+00  0.4794E-01  0.0000E+00  0.1041E-01  0.0000E+00  0.7598E-01  0.0000E+00  0.4900E-03
     1.433  0.0000E+00  0.1372E-01  0.0000E+00  0.2276E-02  0.0000E+00  0.1291E-01  0.0000E+00  0.4738E-02  0.0000E+00  0.1021E-02  0.0000E+00  0.5369E-01  0.0000E+00  0.1158E-01  0.0000E+00  0.9935E-01  0.0000E+00  0.5882E-03
     1.443  0.9145E-04  0.1411E-01  0.2214E-03  0.2537E-02  0.9854E-03  0.1353E-01  0.3323E-04  0.5967E-02  0.4528E-06  0.1371E-02  0.2732E-03  0.5901E-01  0.3682E-03  0.1245E-01  0.3618E-04  0.1235E+00  0.3037E-05  0.6785E-03
     1.453  0.1948E-02  0.1329E-01  0.3825E-02  0.1953E-02  0.2104E-01  0.1318E-01  0.7043E-03  0.4519E-02  0.9917E-05  0.1015E-02  0.4713E-02  0.4479E-01  0.7892E-02  0.1167E-01  0.7689E-03  0.9213E-01  0.5448E-04  0.5036E-03
     1.463  0.4212E-02  0.1422E-01  0.6729E-02  0.1850E-02  0.4560E-01  0.1469E-01  0.1517E-02  0.4181E-02  0.2192E-04  0.7284E-03  0.8279E-02  0.4095E-01  0.1715E-01  0.1258E-01  0.1660E-02  0.8164E-01  0.1001E-03  0.3449E-03
     1.473  0.5075E-02  0.1540E-01  0.5321E-02  0.2063E-02  0.5549E-01  0.1626E-01  0.1740E-02  0.5142E-02  0.2011E-04  0.8609E-03  0.6436E-02  0.4502E-01  0.2084E-01  0.1407E-01  0.1888E-02  0.9915E-01  0.8158E-04  0.3780E-03
     1.483  0.6389E-02  0.1574E-01  0.3672E-02  0.2009E-02  0.7114E-01  0.1675E-01  0.1931E-02  0.4991E-02  0.2037E-04  0.8291E-03  0.4149E-02  0.4352E-01  0.2688E-01  0.1440E-01  0.2030E-02  0.9563E-01  0.5562E-04  0.3690E-03
     1.493  0.4867E-02  0.1641E-01  0.2067E-02  0.2009E-02  0.5549E-01  0.1753E-01  0.1390E-02  0.4887E-02  0.1725E-04  0.8115E-03  0.2062E-02  0.4310E-01  0.2113E-01  0.1493E-01  0.1392E-02  0.9297E-01  0.2942E-04  0.3748E-03
     1.503  0.5898E-02  0.1710E-01  0.2422E-02  0.2011E-02  0.6825E-01  0.1832E-01  0.1682E-02  0.4783E-02  0.2058E-04  0.7961E-03  0.2386E-02  0.4272E-01  0.2587E-01  0.1547E-01  0.1684E-02  0.9032E-01  0.3490E-04  0.3809E-03
     1.513  0.9016E-02  0.1782E-01  0.3092E-02  0.2015E-02  0.1069E+00  0.1914E-01  0.2482E-02  0.4681E-02  0.2662E-04  0.7829E-03  0.2903E-02  0.4237E-01  0.4039E-01  0.1602E-01  0.2429E-02  0.8770E-01  0.4097E-04  0.3873E-03
     1.523  0.9147E-02  0.1856E-01  0.3338E-02  0.2020E-02  0.1096E+00  0.1998E-01  0.2532E-02  0.4579E-02  0.2704E-04  0.7719E-03  0.3084E-02  0.4205E-01  0.4148E-01  0.1658E-01  0.2445E-02  0.8511E-01  0.4288E-04  0.3941E-03
     1.533  0.9370E-02  0.1933E-01  0.3602E-02  0.2032E-02  0.1137E+00  0.2084E-01  0.2610E-02  0.4496E-02  0.2771E-04  0.7662E-03  0.3272E-02  0.4182E-01  0.4309E-01  0.1716E-01  0.2484E-02  0.8280E-01  0.4505E-04  0.4014E-03
     1.543  0.9228E-02  0.2012E-01  0.3767E-02  0.2053E-02  0.1128E+00  0.2172E-01  0.2657E-02  0.4447E-02  0.2825E-04  0.7685E-03  0.3364E-02  0.4173E-01  0.4275E-01  0.1776E-01  0.2494E-02  0.8100E-01  0.4517E-04  0.4095E-03
     1.553  0.8873E-02  0.2093E-01  0.3871E-02  0.2077E-02  0.1089E+00  0.2262E-01  0.2678E-02  0.4399E-02  0.2853E-04  0.7728E-03  0.3401E-02  0.4167E-01  0.4126E-01  0.1837E-01  0.2479E-02  0.7922E-01  0.4409E-04  0.4180E-03
     1.563  0.8522E-02  0.2132E-01  0.3977E-02  0.2152E-02  0.1051E+00  0.2319E-01  0.2699E-02  0.4304E-02  0.2879E-04  0.7559E-03  0.3438E-02  0.4212E-01  0.3979E-01  0.1875E-01  0.2465E-02  0.7651E-01  0.4303E-04  0.4095E-03
     1.573  0.8175E-02  0.2129E-01  0.4083E-02  0.2241E-02  0.1013E+00  0.2342E-01  0.2722E-02  0.4165E-02  0.2903E-04  0.7214E-03  0.3477E-02  0.4251E-01  0.3833E-01  0.1891E-01  0.2453E-02  0.7300E-01  0.4197E-04  0.3863E-03
     1.583  0.7832E-02  0.2122E-01  0.4191E-02  0.2327E-02  0.9754E-01  0.2361E-01  0.2746E-02  0.4025E-02  0.2924E-04  0.6893E-03  0.3516E-02  0.4284E-01  0.3689E-01  0.1905E-01  0.2441E-02  0.6951E-01  0.4093E-04  0.3634E-03
     1.593  0.7492E-02  0.2125E-01  0.4300E-02  0.2422E-02  0.9382E-01  0.2394E-01  0.2771E-02  0.3888E-02  0.2943E-04  0.6662E-03  0.3557E-02  0.4324E-01  0.3546E-01  0.1928E-01  0.2430E-02  0.6605E-01  0.3990E-04  0.3410E-03
     1.603  0.7157E-02  0.2176E-01  0.4410E-02  0.2542E-02  0.9015E-01  0.2484E-01  0.2797E-02  0.3773E-02  0.2959E-04  0.6599E-03  0.3599E-02  0.4397E-01  0.3405E-01  0.1996E-01  0.2420E-02  0.6294E-01  0.3887E-04  0.3202E-03
     1.613  0.6824E-02  0.2304E-01  0.4521E-02  0.2670E-02  0.8650E-01  0.2668E-01  0.2824E-02  0.3782E-02  0.2973E-04  0.6570E-03  0.3641E-02  0.4518E-01  0.3265E-01  0.2146E-01  0.2411E-02  0.6203E-01  0.3786E-04  0.3085E-03
     1.623  0.6496E-02  0.2430E-01  0.4633E-02  0.2790E-02  0.8290E-01  0.2853E-01  0.2851E-02  0.3798E-02  0.2985E-04  0.6500E-03  0.3685E-02  0.4635E-01  0.3126E-01  0.2298E-01  0.2404E-02  0.6127E-01  0.3685E-04  0.2993E-03
     1.633  0.6171E-02  0.2556E-01  0.4747E-02  0.2909E-02  0.7933E-01  0.3040E-01  0.2880E-02  0.3811E-02  0.2994E-04  0.6425E-03  0.3729E-02  0.4749E-01  0.2989E-01  0.2453E-01  0.2397E-02  0.6049E-01  0.3586E-04  0.2902E-03
     1.643  0.5850E-02  0.2683E-01  0.4861E-02  0.3025E-02  0.7580E-01  0.3230E-01  0.2910E-02  0.3824E-02  0.3001E-04  0.6345E-03  0.3775E-02  0.4858E-01  0.2854E-01  0.2610E-01  0.2391E-02  0.5968E-01  0.3488E-04  0.2812E-03
     1.653  0.5533E-02  0.2809E-01  0.4977E-02  0.3140E-02  0.7230E-01  0.3422E-01  0.2941E-02  0.3835E-02  0.3005E-04  0.6260E-03  0.3822E-02  0.4963E-01  0.2720E-01  0.2769E-01  0.2386E-02  0.5885E-01  0.3390E-04  0.2724E-03
     1.663  0.5220E-02  0.3053E-01  0.5094E-02  0.3327E-02  0.6885E-01  0.3769E-01  0.2973E-02  0.3960E-02  0.3007E-04  0.6203E-03  0.3869E-02  0.5169E-01  0.2588E-01  0.3059E-01  0.2382E-02  0.5934E-01  0.3294E-04  0.2703E-03
     1.673  0.4910E-02  0.3461E-01  0.5211E-02  0.3594E-02  0.6542E-01  0.4333E-01  0.3006E-02  0.4227E-02  0.3006E-04  0.6182E-03  0.3918E-02  0.5483E-01  0.2457E-01  0.3527E-01  0.2379E-02  0.6148E-01  0.3199E-04  0.2744E-03
     1.683  0.4604E-02  0.9913E-01  0.5330E-02  0.5107E-02  0.6204E-01  0.1283E+00  0.3039E-02  0.9383E-02  0.3003E-04  0.7883E-03  0.3967E-02  0.7480E-01  0.2327E-01  0.1071E+00  0.2376E-02  0.1271E+00  0.3104E-04  0.3661E-03
     1.693  0.4424E-02  0.1134E+00  0.8009E-02  0.4757E-02  0.6317E-01  0.1493E+00  0.4301E-02  0.8401E-02  0.3446E-04  0.7464E-03  0.5634E-02  0.6910E-01  0.2352E-01  0.1246E+00  0.3197E-02  0.1121E+00  0.3090E-04  0.3188E-03
     1.703  0.4106E-02  0.5570E-01  0.7906E-02  0.3889E-02  0.5982E-01  0.7491E-01  0.4249E-02  0.3908E-02  0.3476E-04  0.5560E-03  0.5457E-02  0.5642E-01  0.2219E-01  0.6175E-01  0.3110E-02  0.5150E-01  0.3069E-04  0.2127E-03
     1.713  0.3785E-02  0.1513E-01  0.7974E-02  0.3585E-02  0.5884E-01  0.2124E-01  0.4303E-02  0.1880E-02  0.3223E-04  0.3827E-03  0.5396E-02  0.5069E-01  0.2152E-01  0.1692E-01  0.3057E-02  0.2317E-01  0.3284E-04  0.1860E-03
     1.723  0.3462E-02  0.1153E-01  0.8156E-02  0.3708E-02  0.5813E-01  0.1680E-01  0.4446E-02  0.1691E-02  0.3054E-04  0.3825E-03  0.5403E-02  0.5175E-01  0.2089E-01  0.1327E-01  0.3056E-02  0.2049E-01  0.3483E-04  0.1837E-03
     1.733  0.3126E-02  0.1244E-01  0.8323E-02  0.2977E-02  0.5544E-01  0.1869E-01  0.4527E-02  0.1659E-02  0.3126E-04  0.3804E-03  0.5410E-02  0.3876E-01  0.1969E-01  0.1481E-01  0.3054E-02  0.1932E-01  0.3634E-04  0.1780E-03
     1.743  0.2796E-02  0.1335E-01  0.8496E-02  0.2672E-02  0.5282E-01  0.2058E-01  0.4612E-02  0.1654E-02  0.3194E-04  0.3864E-03  0.5418E-02  0.3277E-01  0.1852E-01  0.1644E-01  0.3053E-02  0.1881E-01  0.3773E-04  0.1771E-03
     1.753  0.2573E-02  0.1504E-01  0.8694E-02  0.2888E-02  0.5390E-01  0.2370E-01  0.4725E-02  0.1711E-02  0.3273E-04  0.4154E-03  0.5438E-02  0.3483E-01  0.1857E-01  0.1905E-01  0.3072E-02  0.1907E-01  0.3919E-04  0.1834E-03
     1.763  0.2740E-02  0.1875E-01  0.1112E-01  0.3295E-02  0.7715E-01  0.3052E-01  0.6001E-02  0.1810E-02  0.3836E-04  0.4570E-03  0.6729E-02  0.3887E-01  0.2554E-01  0.2487E-01  0.3807E-02  0.1968E-01  0.4620E-04  0.2119E-03
     1.773  0.3089E-02  0.2313E-01  0.1217E-01  0.3667E-02  0.9807E-01  0.3848E-01  0.6171E-02  0.1916E-02  0.3790E-04  0.4968E-03  0.7035E-02  0.4245E-01  0.3214E-01  0.3169E-01  0.3818E-02  0.2038E-01  0.4313E-04  0.2401E-03
     1.783  0.3280E-02  0.2744E-01  0.1560E-01  0.3897E-02  0.1186E+00  0.4651E-01  0.6897E-02  0.2006E-02  0.4204E-04  0.5205E-03  0.8648E-02  0.4438E-01  0.3841E-01  0.3869E-01  0.4157E-02  0.2100E-01  0.4607E-04  0.2583E-03
     1.793  0.3576E-02  0.3495E-01  0.1690E-01  0.4219E-02  0.1392E+00  0.6139E-01  0.6981E-02  0.2163E-02  0.4439E-04  0.4936E-03  0.9126E-02  0.4650E-01  0.4486E-01  0.5190E-01  0.4127E-02  0.2241E-01  0.4284E-04  0.2691E-03
     1.803  0.3909E-02  0.3865E-01  0.1673E-01  0.4530E-02  0.1583E+00  0.6897E-01  0.6805E-02  0.2235E-02  0.4213E-04  0.4887E-03  0.8837E-02  0.4891E-01  0.5082E-01  0.5869E-01  0.3955E-02  0.2290E-01  0.3915E-04  0.2779E-03
     1.813  0.3872E-02  0.4252E-01  0.1492E-01  0.4883E-02  0.1606E+00  0.7699E-01  0.6272E-02  0.2317E-02  0.3569E-04  0.4813E-03  0.7686E-02  0.5173E-01  0.5140E-01  0.6586E-01  0.3571E-02  0.2347E-01  0.3400E-04  0.2873E-03
     1.823  0.2418E-02  0.5932E-01  0.1267E-01  0.7129E-02  0.1079E+00  0.1110E+00  0.5383E-02  0.2715E-02  0.2742E-04  0.5440E-03  0.6255E-02  0.7424E-01  0.3416E-01  0.9628E-01  0.2918E-02  0.2691E-01  0.2519E-04  0.4198E-03
     1.833  0.1657E-02  0.3384E-01  0.1013E-01  0.6412E-02  0.8062E-01  0.6469E-01  0.4577E-02  0.2563E-02  0.2003E-04  0.3966E-03  0.4735E-02  0.6397E-01  0.2526E-01  0.5490E-01  0.2349E-02  0.2466E-01  0.1965E-04  0.2210E-03
     1.843  0.9993E-03  0.3648E-01  0.8940E-02  0.7388E-02  0.5652E-01  0.7078E-01  0.4176E-02  0.2840E-02  0.1586E-04  0.4142E-03  0.3959E-02  0.7255E-01  0.1741E-01  0.6017E-01  0.2026E-02  0.2695E-01  0.1689E-04  0.2310E-03
     1.853  0.1014E-02  0.3711E-01  0.9544E-02  0.8274E-02  0.5822E-01  0.7304E-01  0.4426E-02  0.3080E-02  0.1629E-04  0.4224E-03  0.4174E-02  0.8016E-01  0.1787E-01  0.6215E-01  0.2120E-02  0.2879E-01  0.1743E-04  0.2384E-03
     1.863  0.1027E-02  0.2629E-01  0.1016E-01  0.8423E-02  0.5990E-01  0.5315E-01  0.4678E-02  0.3007E-02  0.1671E-04  0.3738E-03  0.4394E-02  0.8043E-01  0.1833E-01  0.4527E-01  0.2215E-02  0.2727E-01  0.1796E-04  0.2255E-03
     1.873  0.1040E-02  0.9556E-02  0.1079E-01  0.7154E-02  0.6157E-01  0.1986E-01  0.4933E-02  0.2507E-02  0.1711E-04  0.2502E-03  0.4618E-02  0.6649E-01  0.1878E-01  0.1723E-01  0.2311E-02  0.2233E-01  0.1850E-04  0.1505E-03
     1.883  0.1067E-02  0.5704E-02  0.1195E-01  0.5383E-02  0.6470E-01  0.1215E-01  0.5326E-02  0.1965E-02  0.1750E-04  0.1684E-03  0.5058E-02  0.4919E-01  0.1961E-01  0.1041E-01  0.2469E-02  0.1713E-01  0.1940E-04  0.1035E-03
     1.893  0.1203E-02  0.3534E-02  0.1582E-01  0.3932E-02  0.7735E-01  0.7877E-02  0.6820E-02  0.1588E-02  0.1917E-04  0.1100E-03  0.6577E-02  0.3513E-01  0.2302E-01  0.6625E-02  0.3116E-02  0.1349E-01  0.2169E-04  0.7622E-04
     1.903  0.1383E-02  0.3727E-02  0.2019E-01  0.4212E-02  0.9397E-01  0.8362E-02  0.8537E-02  0.1663E-02  0.2141E-04  0.1147E-03  0.8278E-02  0.3725E-01  0.2750E-01  0.7042E-02  0.3856E-02  0.1398E-01  0.2413E-04  0.7930E-04
     1.913  0.1643E-02  0.3910E-02  0.2577E-01  0.4497E-02  0.1174E+00  0.8835E-02  0.1058E-01  0.1739E-02  0.2461E-04  0.1195E-03  0.1043E-01  0.3939E-01  0.3386E-01  0.7452E-02  0.4733E-02  0.1447E-01  0.2731E-04  0.8212E-04
     1.923  0.2139E-02  0.4083E-02  0.3543E-01  0.4786E-02  0.1619E+00  0.9295E-02  0.1382E-01  0.1816E-02  0.2994E-04  0.1243E-03  0.1408E-01  0.4155E-01  0.4610E-01  0.7856E-02  0.6105E-02  0.1497E-01  0.3445E-04  0.8467E-04
     1.933  0.1946E-02  0.4297E-02  0.3499E-01  0.5232E-02  0.1500E+00  0.9966E-02  0.1330E-01  0.1915E-02  0.2790E-04  0.1304E-03  0.1360E-01  0.4483E-01  0.4261E-01  0.8450E-02  0.5741E-02  0.1561E-01  0.3365E-04  0.8678E-04
     1.943  0.2154E-02  0.4697E-02  0.3701E-01  0.6029E-02  0.1746E+00  0.1139E-01  0.1394E-01  0.2125E-02  0.2987E-04  0.1474E-03  0.1407E-01  0.5047E-01  0.4908E-01  0.9654E-02  0.5879E-02  0.1697E-01  0.3404E-04  0.8561E-04
     1.953  0.1776E-02  0.5125E-02  0.3993E-01  0.6858E-02  0.1511E+00  0.1293E-01  0.1202E-01  0.2345E-02  0.3154E-04  0.1662E-03  0.1484E-01  0.5625E-01  0.4279E-01  0.1094E-01  0.4911E-02  0.1839E-01  0.4748E-04  0.8385E-04
     1.963  0.1194E-02  0.5554E-02  0.2009E-01  0.7682E-02  0.1027E+00  0.1449E-01  0.8157E-02  0.2560E-02  0.2810E-04  0.1851E-03  0.7170E-02  0.6194E-01  0.2967E-01  0.1224E-01  0.3141E-02  0.1975E-01  0.2901E-04  0.8209E-04
     1.973  0.1077E-02  0.5984E-02  0.1156E-01  0.8503E-02  0.9493E-01  0.1607E-01  0.6223E-02  0.2769E-02  0.1948E-04  0.2039E-03  0.3839E-02  0.6753E-01  0.2735E-01  0.1355E-01  0.2297E-02  0.2104E-01  0.2604E-04  0.8030E-04
     1.983  0.1064E-02  0.6856E-02  0.1189E-01  0.9635E-02  0.9738E-01  0.1996E-01  0.6818E-02  0.3070E-02  0.2125E-04  0.2247E-03  0.3833E-02  0.7467E-01  0.2787E-01  0.1658E-01  0.2426E-02  0.2269E-01  0.2681E-04  0.7334E-04
     1.993  0.1074E-02  0.9220E-02  0.1362E-01  0.1277E-01  0.1019E+00  0.2828E-01  0.7928E-02  0.3828E-02  0.2337E-04  0.3065E-03  0.4333E-02  0.9654E-01  0.2889E-01  0.2320E-01  0.2749E-02  0.2763E-01  0.2848E-04  0.9375E-04
     2.003  0.1082E-02  0.9104E-02  0.1538E-01  0.1238E-01  0.1065E+00  0.2818E-01  0.9062E-02  0.3705E-02  0.2553E-04  0.2960E-03  0.4834E-02  0.9298E-01  0.2990E-01  0.2298E-01  0.3070E-02  0.2653E-01  0.3019E-04  0.8134E-04
     2.013  0.1224E-02  0.9023E-02  0.2555E-01  0.1204E-01  0.1305E+00  0.2817E-01  0.1375E-01  0.3575E-02  0.3412E-04  0.2864E-03  0.7815E-02  0.8974E-01  0.3554E-01  0.2286E-01  0.4516E-02  0.2539E-01  0.4370E-04  0.6984E-04
     2.023  0.1183E-02  0.1213E-01  0.2753E-01  0.1654E-01  0.1340E+00  0.3932E-01  0.1539E-01  0.4444E-02  0.3662E-04  0.3736E-03  0.8245E-02  0.1193E+00  0.3588E-01  0.3171E-01  0.4906E-02  0.3031E-01  0.4424E-04  0.7026E-04
     2.033  0.9353E-03  0.7355E-02  0.1825E-01  0.7838E-02  0.1022E+00  0.2437E-01  0.1092E-01  0.2210E-02  0.3115E-04  0.1870E-03  0.5199E-02  0.5719E-01  0.2700E-01  0.1948E-01  0.3325E-02  0.1511E-01  0.2641E-04  0.3838E-04
     2.043  0.7597E-03  0.2747E-02  0.1368E-01  0.2693E-02  0.7579E-01  0.9987E-02  0.7970E-02  0.1006E-02  0.2432E-04  0.6926E-04  0.3732E-02  0.2061E-01  0.2021E-01  0.8183E-02  0.2327E-02  0.6873E-02  0.1857E-04  0.2135E-04
     2.053  0.6234E-03  0.3575E-02  0.1214E-01  0.2995E-02  0.5605E-01  0.1309E-01  0.6623E-02  0.1363E-02  0.1811E-04  0.8499E-04  0.3187E-02  0.2196E-01  0.1529E-01  0.1077E-01  0.1840E-02  0.8922E-02  0.1567E-04  0.2377E-04
     2.063  0.5639E-03  0.4483E-02  0.1322E-01  0.3346E-02  0.5318E-01  0.1647E-01  0.6777E-02  0.1769E-02  0.1838E-04  0.1047E-03  0.3420E-02  0.2358E-01  0.1432E-01  0.1349E-01  0.1843E-02  0.1122E-01  0.1560E-04  0.2698E-04
     2.073  0.5077E-03  0.5334E-02  0.1401E-01  0.3712E-02  0.5049E-01  0.1968E-01  0.6908E-02  0.2156E-02  0.1846E-04  0.1250E-03  0.3582E-02  0.2527E-01  0.1341E-01  0.1603E-01  0.1845E-02  0.1337E-01  0.1554E-04  0.3060E-04
     2.083  0.4565E-03  0.6130E-02  0.1423E-01  0.4092E-02  0.4808E-01  0.2271E-01  0.7015E-02  0.2524E-02  0.1826E-04  0.1461E-03  0.3617E-02  0.2702E-01  0.1260E-01  0.1838E-01  0.1850E-02  0.1537E-01  0.1560E-04  0.3464E-04
     2.093  0.3911E-03  0.6869E-02  0.1498E-01  0.4486E-02  0.4561E-01  0.2556E-01  0.7384E-02  0.2872E-02  0.1846E-04  0.1677E-03  0.3776E-02  0.2885E-01  0.1171E-01  0.2055E-01  0.1910E-02  0.1723E-01  0.1651E-04  0.3910E-04
     2.103  0.2604E-03  0.7864E-02  0.1731E-01  0.6468E-02  0.4649E-01  0.2964E-01  0.9482E-02  0.3688E-02  0.2349E-04  0.2069E-03  0.4282E-02  0.3936E-01  0.1134E-01  0.2349E-01  0.2315E-02  0.2138E-01  0.2287E-04  0.6593E-04
     2.113  0.1997E-03  0.1212E-01  0.1655E-01  0.8258E-02  0.4515E-01  0.4962E-01  0.9646E-02  0.3938E-02  0.2678E-04  0.2762E-03  0.4033E-02  0.4666E-01  0.1085E-01  0.3625E-01  0.2283E-02  0.2127E-01  0.2399E-04  0.7091E-04
     2.123  0.1483E-03  0.1387E-01  0.1551E-01  0.8254E-02  0.4272E-01  0.5937E-01  0.9469E-02  0.3764E-02  0.2913E-04  0.2800E-03  0.3718E-02  0.4609E-01  0.1013E-01  0.4368E-01  0.2181E-02  0.1991E-01  0.2454E-04  0.8824E-04
      2.133  0.1010E-03  0.1700E-01  0.1430E-01  0.8667E-02  0.4012E-01  0.7560E-01  0.9217E-02  0.3852E-02  0.3097E-04  0.3040E-03  0.3367E-02  0.4801E-01  0.9384E-02  0.5630E-01  0.2064E-02  0.2017E-01  0.2505E-04  0.1168E-03
      2.143  0.8469E-04  0.2347E-01  0.1239E-01  0.9925E-02  0.3751E-01  0.1083E+00  0.8685E-02  0.4227E-02  0.2923E-04  0.3499E-03  0.2867E-02  0.5466E-01  0.8756E-02  0.8182E-01  0.1884E-02  0.2212E-01  0.2488E-04  0.1753E-03
      2.153  0.7119E-04  0.3655E-01  0.1140E-01  0.1193E-01  0.3949E-01  0.1734E+00  0.9563E-02  0.4919E-02  0.2948E-04  0.3976E-03  0.2529E-02  0.6505E-01  0.9162E-02  0.1317E+00  0.1909E-02  0.2565E-01  0.2913E-04  0.2617E-03
      2.163  0.6172E-04  0.4972E-01  0.1055E-01  0.1148E-01  0.4193E-01  0.2413E+00  0.1136E-01  0.5117E-02  0.2951E-04  0.3973E-03  0.2185E-02  0.6228E-01  0.9575E-02  0.1838E+00  0.2106E-02  0.2705E-01  0.3641E-04  0.2944E-03
      2.173  0.5755E-04  0.4829E-01  0.1145E-01  0.8853E-02  0.4268E-01  0.2421E+00  0.1172E-01  0.4258E-02  0.3485E-04  0.2707E-03  0.2256E-02  0.4677E-01  0.9583E-02  0.1829E+00  0.2113E-02  0.2203E-01  0.4019E-04  0.2380E-03
      2.183  0.5550E-04  0.3477E-01  0.1210E-01  0.6041E-02  0.4390E-01  0.1811E+00  0.1200E-01  0.2917E-02  0.3721E-04  0.1776E-03  0.2302E-02  0.3136E-01  0.9710E-02  0.1353E+00  0.2118E-02  0.1459E-01  0.4240E-04  0.1623E-03
      2.193  0.5699E-04  0.2793E-01  0.1268E-01  0.4785E-02  0.4569E-01  0.1478E+00  0.1276E-01  0.2611E-02  0.3743E-04  0.1576E-03  0.2353E-02  0.2474E-01  0.1002E-01  0.1092E+00  0.2219E-02  0.1268E-01  0.4482E-04  0.1509E-03
      2.203  0.6085E-04  0.2185E-01  0.1385E-01  0.3684E-02  0.5015E-01  0.1174E+00  0.1439E-01  0.2475E-02  0.3986E-04  0.1448E-03  0.2494E-02  0.1903E-01  0.1100E-01  0.8523E-01  0.2452E-02  0.1161E-01  0.4931E-04  0.1497E-03
      2.213  0.6309E-04  0.1537E-01  0.1459E-01  0.2606E-02  0.5347E-01  0.8452E-01  0.1583E-01  0.2390E-02  0.4142E-04  0.1335E-03  0.2553E-02  0.1351E-01  0.1175E-01  0.5951E-01  0.2640E-02  0.1081E-01  0.5244E-04  0.1508E-03
      2.223  0.5850E-04  0.1612E-01  0.1349E-01  0.2533E-02  0.4868E-01  0.8955E-01  0.1481E-01  0.2540E-02  0.3621E-04  0.1357E-03  0.2272E-02  0.1284E-01  0.1064E-01  0.6280E-01  0.2404E-02  0.1131E-01  0.4826E-04  0.1608E-03
      2.233  0.5308E-04  0.2202E-01  0.1152E-01  0.3831E-02  0.4056E-01  0.1248E+00  0.1253E-01  0.3935E-02  0.2859E-04  0.1810E-03  0.1838E-02  0.1868E-01  0.8729E-02  0.8744E-01  0.1972E-02  0.1712E-01  0.3893E-04  0.2398E-03
      2.243  0.5183E-04  0.2456E-01  0.1065E-01  0.4604E-02  0.3596E-01  0.1421E+00  0.1144E-01  0.4327E-02  0.2265E-04  0.2555E-03  0.1563E-02  0.2212E-01  0.7612E-02  0.9957E-01  0.1712E-02  0.1862E-01  0.3239E-04  0.2485E-03
      2.253  0.5442E-04  0.3193E-01  0.1095E-01  0.4513E-02  0.3473E-01  0.1921E+00  0.1104E-01  0.3651E-02  0.2203E-04  0.3316E-03  0.1514E-02  0.2166E-01  0.7304E-02  0.1340E+00  0.1563E-02  0.1527E-01  0.3269E-04  0.2385E-03
      2.263  0.5746E-04  0.1944E-01  0.1039E-01  0.2815E-02  0.3412E-01  0.1219E+00  0.1014E-01  0.2378E-02  0.2188E-04  0.2171E-03  0.1384E-02  0.1311E-01  0.7177E-02  0.8456E-01  0.1403E-02  0.9359E-02  0.3074E-04  0.1492E-03
      2.273  0.6049E-04  0.1845E-01  0.9791E-02  0.3496E-02  0.3368E-01  0.1257E+00  0.9231E-02  0.2537E-02  0.2164E-04  0.2180E-03  0.1252E-02  0.1567E-01  0.7085E-02  0.8768E-01  0.1245E-02  0.9775E-02  0.2871E-04  0.1368E-03
      2.283  0.6282E-04  0.1931E-01  0.9085E-02  0.3735E-02  0.3289E-01  0.1407E+00  0.8125E-02  0.2627E-02  0.2043E-04  0.2159E-03  0.1107E-02  0.1639E-01  0.6915E-02  0.9870E-01  0.1063E-02  0.9910E-02  0.2637E-04  0.1274E-03
      2.293  0.6379E-04  0.2015E-01  0.8198E-02  0.3650E-02  0.3069E-01  0.1556E+00  0.6919E-02  0.2659E-02  0.1870E-04  0.2013E-03  0.9482E-03  0.1566E-01  0.6452E-02  0.1096E+00  0.8687E-03  0.9751E-02  0.2365E-04  0.1137E-03
      2.303  0.6475E-04  0.2134E-01  0.7456E-02  0.3521E-02  0.2841E-01  0.1732E+00  0.5983E-02  0.2684E-02  0.1792E-04  0.1816E-03  0.8241E-03  0.1473E-01  0.5973E-02  0.1223E+00  0.7181E-03  0.9537E-02  0.2162E-04  0.9941E-04
      2.313  0.6761E-04  0.2289E-01  0.7835E-02  0.3347E-02  0.2795E-01  0.1934E+00  0.6042E-02  0.2701E-02  0.1736E-04  0.1567E-03  0.8137E-03  0.1359E-01  0.5860E-02  0.1368E+00  0.6905E-03  0.9267E-02  0.2151E-04  0.8456E-04
      2.323  0.7134E-04  0.2551E-01  0.8729E-02  0.3423E-02  0.2774E-01  0.2194E+00  0.6411E-02  0.2978E-02  0.1692E-04  0.1510E-03  0.8329E-03  0.1365E-01  0.5795E-02  0.1549E+00  0.6889E-03  0.1002E-01  0.2183E-04  0.8548E-04
      2.333  0.7505E-04  0.2650E-01  0.9626E-02  0.3477E-02  0.2743E-01  0.2320E+00  0.6787E-02  0.3195E-02  0.1652E-04  0.1476E-03  0.8514E-03  0.1376E-01  0.5710E-02  0.1629E+00  0.6873E-03  0.1061E-01  0.2216E-04  0.8984E-04
      2.343  0.8282E-04  0.2747E-01  0.1237E-01  0.3602E-02  0.2842E-01  0.2446E+00  0.7759E-02  0.3419E-02  0.1661E-04  0.1449E-03  0.9290E-03  0.1408E-01  0.5864E-02  0.1710E+00  0.7162E-03  0.1120E-01  0.2277E-04  0.9446E-04
      2.353  0.2061E-03  0.2845E-01  0.2843E-01  0.3793E-02  0.5755E-01  0.2585E+00  0.1473E-01  0.3659E-02  0.3240E-04  0.1429E-03  0.2171E-02  0.1460E-01  0.1197E-01  0.1798E+00  0.1221E-02  0.1179E-01  0.6459E-04  0.9982E-04
      2.363  0.2847E-03  0.3046E-01  0.3611E-01  0.3992E-02  0.7059E-01  0.2899E+00  0.2155E-01  0.4103E-02  0.5217E-04  0.1430E-03  0.2682E-02  0.1512E-01  0.1482E-01  0.1999E+00  0.1752E-02  0.1275E-01  0.8105E-04  0.1078E-03
      2.373  0.1972E-03  0.3415E-01  0.2304E-01  0.3655E-02  0.4991E-01  0.3338E+00  0.1669E-01  0.4439E-02  0.4407E-04  0.1161E-03  0.1178E-02  0.1345E-01  0.1002E-01  0.2291E+00  0.1220E-02  0.1347E-01  0.2794E-04  0.1167E-03
      2.383  0.3767E-04  0.2837E-01  0.1833E-01  0.3410E-02  0.9249E-02  0.2831E+00  0.6697E-02  0.3895E-02  0.3889E-05  0.9744E-04  0.5689E-03  0.1211E-01  0.1669E-02  0.1939E+00  0.3177E-03  0.1169E-01  0.3758E-05  0.9975E-04
      2.393  0.4491E-04  0.1566E-01  0.2189E-01  0.3235E-02  0.1088E-01  0.1610E+00  0.7967E-02  0.2602E-02  0.4589E-05  0.8372E-04  0.6666E-03  0.1102E-01  0.1960E-02  0.1100E+00  0.3732E-03  0.7795E-02  0.4421E-05  0.6250E-04
      2.403  0.5221E-04  0.1727E-01  0.2552E-01  0.5032E-02  0.1242E-01  0.1906E+00  0.9265E-02  0.3464E-02  0.5272E-05  0.9268E-04  0.7625E-03  0.1697E-01  0.2235E-02  0.1303E+00  0.4283E-03  0.1040E-01  0.5095E-05  0.1251E-03
      2.413  0.5791E-04  0.1309E-01  0.2860E-01  0.3996E-02  0.1348E-01  0.1528E+00  0.1013E-01  0.2445E-02  0.5813E-05  0.8407E-04  0.8379E-03  0.1307E-01  0.2423E-02  0.1026E+00  0.4544E-03  0.7055E-02  0.5601E-05  0.9194E-04
      2.423  0.6218E-04  0.1358E-01  0.3091E-01  0.4230E-02  0.1396E-01  0.1629E+00  0.1066E-01  0.2540E-02  0.6130E-05  0.8321E-04  0.8840E-03  0.1352E-01  0.2505E-02  0.1089E+00  0.4582E-03  0.7213E-02  0.5897E-05  0.9414E-04
      2.433  0.6578E-04  0.1407E-01  0.3217E-01  0.4469E-02  0.1386E-01  0.1733E+00  0.1107E-01  0.2635E-02  0.6230E-05  0.8258E-04  0.8917E-03  0.1396E-01  0.2479E-02  0.1153E+00  0.4516E-03  0.7370E-02  0.6054E-05  0.9600E-04
      2.443  0.6944E-04  0.1458E-01  0.3344E-01  0.4713E-02  0.1375E-01  0.1840E+00  0.1148E-01  0.2732E-02  0.6333E-05  0.8218E-04  0.8988E-03  0.1440E-01  0.2452E-02  0.1219E+00  0.4448E-03  0.7525E-02  0.6192E-05  0.9754E-04
      2.453  0.7315E-04  0.1511E-01  0.3471E-01  0.4961E-02  0.1364E-01  0.1950E+00  0.1190E-01  0.2830E-02  0.6439E-05  0.8200E-04  0.9056E-03  0.1484E-01  0.2424E-02  0.1287E+00  0.4377E-03  0.7678E-02  0.6312E-05  0.9874E-04
      2.463  0.7693E-04  0.1419E-01  0.3600E-01  0.4733E-02  0.1353E-01  0.1865E+00  0.1233E-01  0.2789E-02  0.6548E-05  0.7452E-04  0.9120E-03  0.1388E-01  0.2394E-02  0.1225E+00  0.4304E-03  0.7410E-02  0.6414E-05  0.8706E-04
      2.473  0.8076E-04  0.8445E-02  0.3729E-01  0.2929E-02  0.1340E-01  0.1125E+00  0.1277E-01  0.2202E-02  0.6659E-05  0.4954E-04  0.9179E-03  0.8388E-02  0.2364E-02  0.7354E-01  0.4229E-03  0.5611E-02  0.6498E-05  0.5007E-04
      2.483  0.8465E-04  0.3255E-02  0.3860E-01  0.2550E-02  0.1328E-01  0.4515E-01  0.1321E-01  0.1437E-02  0.6774E-05  0.2059E-04  0.9234E-03  0.6522E-02  0.2332E-02  0.2906E-01  0.4151E-03  0.3491E-02  0.6564E-05  0.2407E-04
      2.493  0.8860E-04  0.2012E-02  0.3991E-01  0.3197E-02  0.1315E-01  0.3124E-01  0.1366E-01  0.1340E-02  0.6892E-05  0.1132E-04  0.9285E-03  0.7729E-02  0.2299E-02  0.1933E-01  0.4070E-03  0.3103E-02  0.6612E-05  0.1981E-04
      2.503  0.9257E-04  0.4060E-02  0.4121E-01  0.5453E-02  0.1300E-01  0.6893E-01  0.1411E-01  0.2234E-02  0.7012E-05  0.2102E-04  0.9322E-03  0.1257E-01  0.2265E-02  0.4257E-01  0.3987E-03  0.5160E-02  0.6634E-05  0.2822E-04
      2.513  0.9559E-04  0.6473E-02  0.4154E-01  0.7744E-02  0.1266E-01  0.1136E+00  0.1462E-01  0.3126E-02  0.7128E-05  0.3202E-04  0.9013E-03  0.1737E-01  0.2191E-02  0.7010E-01  0.3904E-03  0.7173E-02  0.6387E-05  0.3649E-04
      2.523  0.9877E-04  0.7440E-02  0.4178E-01  0.8779E-02  0.1234E-01  0.1327E+00  0.1514E-01  0.3660E-02  0.7251E-05  0.3809E-04  0.8686E-03  0.1938E-01  0.2120E-02  0.8168E-01  0.3819E-03  0.8320E-02  0.6157E-05  0.4004E-04
      2.533  0.1107E-03  0.7258E-02  0.4355E-01  0.9132E-02  0.1229E-01  0.1312E+00  0.1615E-01  0.3731E-02  0.7751E-05  0.4211E-04  0.8518E-03  0.1990E-01  0.2092E-02  0.8065E-01  0.3741E-03  0.8373E-02  0.6283E-05  0.4046E-04
      2.543  0.1370E-03  0.7064E-02  0.4741E-01  0.9489E-02  0.1274E-01  0.1295E+00  0.1797E-01  0.3801E-02  0.8878E-05  0.4620E-04  0.8528E-03  0.2043E-01  0.2140E-02  0.7950E-01  0.3683E-03  0.8419E-02  0.6971E-05  0.4076E-04
      2.553  0.1706E-03  0.6858E-02  0.5193E-01  0.9850E-02  0.1368E-01  0.1277E+00  0.2160E-01  0.3869E-02  0.1031E-04  0.5035E-04  0.8470E-03  0.2096E-01  0.2256E-02  0.7825E-01  0.3719E-03  0.8459E-02  0.7906E-05  0.4095E-04
      2.563  0.2462E-03  0.6639E-02  0.6364E-01  0.1021E-01  0.1698E-01  0.1257E+00  0.3608E-01  0.3937E-02  0.1330E-04  0.5457E-04  0.8793E-03  0.2149E-01  0.2782E-02  0.7690E-01  0.4896E-03  0.8493E-02  0.1110E-04  0.4102E-04
      2.573  0.3542E-03  0.6403E-02  0.7461E-01  0.1066E-01  0.2140E-01  0.1240E+00  0.4700E-01  0.4051E-02  0.1449E-04  0.6110E-04  0.7896E-03  0.2207E-01  0.3495E-02  0.7553E-01  0.5319E-03  0.8597E-02  0.1566E-04  0.3977E-04
      2.583  0.3478E-03  0.6149E-02  0.7026E-01  0.1106E-01  0.1973E-01  0.1221E+00  0.3455E-01  0.4203E-02  0.1232E-04  0.6911E-04  0.6190E-03  0.2250E-01  0.3139E-02  0.7405E-01  0.2730E-03  0.8762E-02  0.1474E-04  0.3800E-04
      2.593  0.3576E-03  0.5880E-02  0.6976E-01  0.1135E-01  0.1953E-01  0.1199E+00  0.3830E-01  0.4373E-02  0.1122E-04  0.7745E-04  0.5313E-03  0.2271E-01  0.3050E-02  0.7238E-01  0.2593E-03  0.8955E-02  0.1488E-04  0.3640E-04
      2.603  0.3420E-03  0.5417E-02  0.6590E-01  0.1480E-01  0.1844E-01  0.1314E+00  0.4183E-01  0.6356E-02  0.9191E-05  0.1096E-03  0.4383E-03  0.2829E-01  0.2816E-02  0.7886E-01  0.2452E-03  0.1208E-01  0.1352E-04  0.3918E-04
      2.613  0.3160E-03  0.4321E-02  0.6189E-01  0.1070E-01  0.1690E-01  0.1157E+00  0.4560E-01  0.3397E-02  0.7426E-05  0.1010E-03  0.3469E-03  0.2055E-01  0.2500E-02  0.6899E-01  0.2331E-03  0.6074E-02  0.1166E-04  0.4528E-04
      2.623  0.2797E-03  0.4030E-02  0.5772E-01  0.1049E-01  0.1493E-01  0.1157E+00  0.4962E-01  0.3318E-02  0.5923E-05  0.1125E-03  0.2571E-03  0.2001E-01  0.2104E-02  0.6859E-01  0.2230E-03  0.5787E-02  0.9302E-05  0.4850E-04
      2.633  0.2960E-03  0.2552E-02  0.6675E-01  0.6856E-02  0.1522E-01  0.7148E-01  0.5855E-01  0.2323E-02  0.5983E-05  0.5358E-04  0.2399E-03  0.1231E-01  0.2068E-02  0.4239E-01  0.2389E-03  0.4025E-02  0.9184E-05  0.2871E-04
      2.643  0.3394E-03  0.2377E-02  0.8159E-01  0.6290E-02  0.1669E-01  0.6657E-01  0.6962E-01  0.2220E-02  0.6703E-05  0.4693E-04  0.2547E-03  0.1109E-01  0.2223E-02  0.3943E-01  0.2653E-03  0.3756E-02  0.1027E-04  0.2668E-04
      2.653  0.3813E-03  0.2200E-02  0.9520E-01  0.5745E-02  0.1816E-01  0.6132E-01  0.8041E-01  0.2123E-02  0.7393E-05  0.4085E-04  0.2663E-03  0.9915E-02  0.2386E-02  0.3627E-01  0.2929E-03  0.3497E-02  0.1138E-04  0.2443E-04
      2.663  0.4222E-03  0.2122E-02  0.1078E+00  0.5479E-02  0.1964E-01  0.6044E-01  0.9108E-01  0.2151E-02  0.8047E-05  0.3621E-04  0.2751E-03  0.9093E-02  0.2552E-02  0.3547E-01  0.3216E-03  0.3409E-02  0.1251E-04  0.2513E-04
      2.673  0.4630E-03  0.2087E-02  0.1206E+00  0.5302E-02  0.2106E-01  0.6131E-01  0.1021E+00  0.2264E-02  0.8694E-05  0.3281E-04  0.2829E-03  0.8395E-02  0.2708E-02  0.3557E-01  0.3502E-03  0.3431E-02  0.1365E-04  0.2676E-04
      2.683  0.9847E-03  0.2041E-02  0.2108E+00  0.5155E-02  0.3798E-01  0.6155E-01  0.1380E+00  0.2385E-02  0.1233E-04  0.2997E-04  0.3139E-03  0.7750E-02  0.4447E-02  0.3530E-01  0.4163E-03  0.3464E-02  0.2078E-04  0.2827E-04
      2.693  0.8409E-03  0.1983E-02  0.2242E+00  0.5041E-02  0.3297E-01  0.6116E-01  0.2792E+00  0.2514E-02  0.2076E-04  0.2768E-04  0.3894E-03  0.7160E-02  0.3806E-02  0.3466E-01  0.5775E-03  0.3509E-02  0.2380E-04  0.2966E-04
      2.703  0.5508E-03  0.1968E-02  0.1517E+00  0.5145E-02  0.2109E-01  0.6256E-01  0.1811E+00  0.2719E-02  0.1162E-04  0.2748E-04  0.3363E-03  0.6967E-02  0.2458E-02  0.3507E-01  0.5889E-03  0.3675E-02  0.1840E-04  0.3223E-04
      2.713  0.6015E-03  0.2051E-02  0.1418E+00  0.5654E-02  0.2218E-01  0.6846E-01  0.1832E+00  0.3075E-02  0.1139E-04  0.3062E-04  0.3297E-03  0.7505E-02  0.2529E-02  0.3812E-01  0.6355E-03  0.4075E-02  0.1819E-04  0.3747E-04
      2.723  0.6600E-03  0.2121E-02  0.1350E+00  0.6176E-02  0.2354E-01  0.7397E-01  0.1916E+00  0.3438E-02  0.1143E-04  0.3379E-04  0.3280E-03  0.8058E-02  0.2637E-02  0.4095E-01  0.6893E-03  0.4481E-02  0.1878E-04  0.4281E-04
      2.733  0.7289E-03  0.2179E-02  0.1377E+00  0.6712E-02  0.2529E-01  0.7910E-01  0.2093E+00  0.3808E-02  0.1197E-04  0.3699E-04  0.3341E-03  0.8624E-02  0.2798E-02  0.4355E-01  0.7552E-03  0.4893E-02  0.2091E-04  0.4824E-04
      2.743  0.8875E-03  0.2118E-02  0.1261E+00  0.7817E-02  0.2881E-01  0.8189E-01  0.2640E+00  0.4244E-02  0.1222E-04  0.3970E-04  0.3568E-03  0.9137E-02  0.3175E-02  0.4475E-01  0.1023E-02  0.5232E-02  0.3068E-04  0.5365E-04
      2.753  0.5398E-03  0.2012E-02  0.8880E-01  0.1139E-01  0.1785E-01  0.8585E-01  0.1953E+00  0.7363E-02  0.7834E-05  0.6951E-04  0.2664E-03  0.1167E-01  0.1965E-02  0.4617E-01  0.7990E-03  0.8474E-02  0.1928E-04  0.6562E-04
      2.763  0.2581E-03  0.1797E-02  0.6143E-01  0.1600E-01  0.9049E-02  0.9002E-01  0.1349E+00  0.9906E-02  0.4663E-05  0.7805E-04  0.1746E-03  0.1475E-01  0.9805E-03  0.4743E-01  0.5625E-03  0.1091E-01  0.9842E-05  0.8322E-04
      2.773  0.2306E-03  0.1911E-02  0.7426E-01  0.1873E-01  0.7516E-02  0.1052E+00  0.1539E+00  0.1091E-01  0.4518E-05  0.8328E-04  0.2110E-03  0.1775E-01  0.7653E-03  0.5434E-01  0.6155E-03  0.1176E-01  0.7978E-05  0.1124E-03
      2.783  0.4290E-03  0.1923E-02  0.1889E+00  0.2055E-01  0.1132E-01  0.1209E+00  0.3032E+00  0.1205E-01  0.1130E-04  0.8674E-04  0.8175E-03  0.1880E-01  0.1088E-02  0.6165E-01  0.1493E-02  0.1208E-01  0.1570E-04  0.1529E-03
      2.793  0.6098E-03  0.1523E-02  0.3154E+00  0.1799E-01  0.1319E-01  0.9612E-01  0.4399E+00  0.1021E-01  0.1781E-04  0.7126E-04  0.1865E-02  0.1546E-01  0.1235E-02  0.4909E-01  0.3154E-02  0.9706E-02  0.2510E-04  0.1197E-03
      2.803  0.1027E-02  0.1144E-02  0.3735E+00  0.1513E-01  0.2235E-01  0.7250E-01  0.5596E+00  0.8456E-02  0.2529E-04  0.5592E-04  0.2758E-02  0.1182E-01  0.2082E-02  0.3716E-01  0.4714E-02  0.7466E-02  0.3501E-04  0.8514E-04
      2.813  0.1315E-02  0.8693E-03  0.3740E+00  0.1297E-01  0.2865E-01  0.5612E-01  0.5991E+00  0.6960E-02  0.2670E-04  0.4188E-04  0.3372E-02  0.9164E-02  0.2651E-02  0.2880E-01  0.5845E-02  0.5617E-02  0.3848E-04  0.5996E-04
      2.823  0.2056E-02  0.7050E-03  0.5066E+00  0.1180E-01  0.4489E-01  0.4686E-01  0.9723E+00  0.5982E-02  0.4360E-04  0.3400E-04  0.5887E-02  0.7821E-02  0.4380E-02  0.2396E-01  0.1234E-01  0.4465E-02  0.5705E-04  0.4462E-04
      2.834  0.9444E-03  0.6417E-03  0.2375E+00  0.1154E-01  0.1731E-01  0.4337E-01  0.4349E+00  0.5766E-02  0.2343E-04  0.3205E-04  0.2781E-02  0.7505E-02  0.1698E-02  0.2211E-01  0.6165E-02  0.4216E-02  0.2150E-04  0.4116E-04
      2.844  0.7396E-03  0.5805E-03  0.1922E+00  0.1133E-01  0.1158E-01  0.4007E-01  0.2929E+00  0.5576E-02  0.1141E-04  0.3081E-04  0.2521E-02  0.7230E-02  0.9379E-03  0.2038E-01  0.4787E-02  0.3993E-02  0.1546E-04  0.3802E-04
      2.854  0.8320E-03  0.5256E-03  0.2011E+00  0.1191E-01  0.1302E-01  0.3923E-01  0.2843E+00  0.6016E-02  0.1361E-04  0.3814E-04  0.2908E-02  0.7532E-02  0.1046E-02  0.1985E-01  0.5230E-02  0.4241E-02  0.1793E-04  0.3923E-04
      2.864  0.1073E-02  0.4810E-03  0.2217E+00  0.1341E-01  0.1614E-01  0.4169E-01  0.2630E+00  0.6820E-02  0.1867E-04  0.5084E-04  0.3745E-02  0.8523E-02  0.1340E-02  0.2095E-01  0.5338E-02  0.4764E-02  0.2407E-04  0.4311E-04
      2.874  0.1172E-02  0.4394E-03  0.2293E+00  0.1522E-01  0.1703E-01  0.4491E-01  0.2375E+00  0.7767E-02  0.1954E-04  0.6397E-04  0.4623E-02  0.9695E-02  0.1474E-02  0.2240E-01  0.5228E-02  0.5372E-02  0.2962E-04  0.4801E-04
      2.884  0.1039E-02  0.3987E-03  0.2097E+00  0.1715E-01  0.1482E-01  0.4825E-01  0.2116E+00  0.8753E-02  0.1560E-04  0.7634E-04  0.4973E-02  0.1089E-01  0.1327E-02  0.2389E-01  0.5046E-02  0.5987E-02  0.3199E-04  0.5317E-04
      2.894  0.1026E-02  0.3580E-03  0.2307E+00  0.1936E-01  0.1531E-01  0.5350E-01  0.2411E+00  0.1013E-01  0.1476E-04  0.8860E-04  0.6046E-02  0.1221E-01  0.1395E-02  0.2623E-01  0.6213E-02  0.6707E-02  0.3747E-04  0.5993E-04
      2.904  0.1226E-02  0.3128E-03  0.3034E+00  0.2116E-01  0.1908E-01  0.5371E-01  0.3238E+00  0.1193E-01  0.1580E-04  0.8441E-04  0.8508E-02  0.1233E-01  0.1733E-02  0.2580E-01  0.8836E-02  0.6809E-02  0.4712E-04  0.5702E-04
      2.914  0.1046E-02  0.2712E-03  0.2430E+00  0.2511E-01  0.1425E-01  0.5925E-01  0.2085E+00  0.1646E-01  0.1286E-04  0.9499E-04  0.7226E-02  0.1337E-01  0.1255E-02  0.2805E-01  0.5869E-02  0.8113E-02  0.4153E-04  0.6762E-04
      2.924  0.8258E-03  0.2176E-03  0.1724E+00  0.2778E-01  0.9398E-02  0.5718E-01  0.1293E+00  0.1926E-01  0.1052E-04  0.8975E-04  0.5851E-02  0.1353E-01  0.7739E-03  0.2684E-01  0.3925E-02  0.8249E-02  0.3381E-04  0.6939E-04
      2.934  0.8214E-03  0.1747E-03  0.1621E+00  0.2769E-01  0.8775E-02  0.5476E-01  0.1194E+00  0.2022E-01  0.1097E-04  0.8654E-04  0.5876E-02  0.1286E-01  0.6962E-03  0.2551E-01  0.3929E-02  0.8010E-02  0.3372E-04  0.6673E-04
      2.944  0.9205E-03  0.1418E-03  0.2011E+00  0.2664E-01  0.9304E-02  0.4677E-01  0.1181E+00  0.2121E-01  0.1297E-04  0.8020E-04  0.7962E-02  0.1137E-01  0.7313E-03  0.2176E-01  0.4155E-02  0.7288E-02  0.4427E-04  0.5849E-04
      2.954  0.9605E-03  0.1152E-03  0.1950E+00  0.2575E-01  0.9644E-02  0.3508E-01  0.1194E+00  0.2180E-01  0.1450E-04  0.7154E-04  0.7945E-02  0.1014E-01  0.7630E-03  0.1644E-01  0.4400E-02  0.6443E-02  0.4519E-04  0.5009E-04
      2.964  0.1010E-02  0.1112E-03  0.1894E+00  0.2579E-01  0.1007E-01  0.3334E-01  0.1203E+00  0.2216E-01  0.1674E-04  0.6820E-04  0.7987E-02  0.9804E-02  0.8033E-03  0.1560E-01  0.4664E-02  0.6211E-02  0.4712E-04  0.4772E-04
      2.974  0.1037E-02  0.1074E-03  0.1735E+00  0.2581E-01  0.1015E-01  0.3163E-01  0.1096E+00  0.2250E-01  0.1847E-04  0.6488E-04  0.7903E-02  0.9459E-02  0.8128E-03  0.1477E-01  0.4467E-02  0.5975E-02  0.4985E-04  0.4532E-04
      2.984  0.1019E-02  0.1037E-03  0.1553E+00  0.2581E-01  0.9941E-02  0.2996E-01  0.9608E-01  0.2283E-01  0.2095E-04  0.6156E-04  0.7384E-02  0.9110E-02  0.7884E-03  0.1396E-01  0.4371E-02  0.5737E-02  0.4628E-04  0.4290E-04
      2.994  0.9955E-03  0.1001E-03  0.1436E+00  0.2578E-01  0.9645E-02  0.2832E-01  0.8890E-01  0.2314E-01  0.2122E-04  0.5825E-04  0.7109E-02  0.8756E-02  0.7612E-03  0.1316E-01  0.4205E-02  0.5495E-02  0.4477E-04  0.4046E-04
      3.004  0.9360E-03  0.9676E-04  0.1273E+00  0.2572E-01  0.8915E-02  0.2671E-01  0.7986E-01  0.2344E-01  0.2088E-04  0.5495E-04  0.6547E-02  0.8397E-02  0.6984E-03  0.1238E-01  0.3891E-02  0.5250E-02  0.4200E-04  0.3800E-04
      3.014  0.8257E-03  0.9353E-04  0.1063E+00  0.2565E-01  0.7713E-02  0.2513E-01  0.6895E-01  0.2371E-01  0.2036E-04  0.5166E-04  0.5690E-02  0.8033E-02  0.5967E-03  0.1161E-01  0.3444E-02  0.5001E-02  0.3797E-04  0.3553E-04
      3.024  0.9463E-03  0.9046E-04  0.1276E+00  0.2554E-01  0.8193E-02  0.2358E-01  0.6650E-01  0.2398E-01  0.2041E-04  0.4837E-04  0.7550E-02  0.7664E-02  0.6443E-03  0.1086E-01  0.3697E-02  0.4750E-02  0.4616E-04  0.3303E-04
      3.034  0.7648E-03  0.8753E-04  0.8480E-01  0.2542E-01  0.6924E-02  0.2207E-01  0.5128E-01  0.2422E-01  0.1957E-04  0.4510E-04  0.5084E-02  0.7291E-02  0.5389E-03  0.1013E-01  0.2921E-02  0.4494E-02  0.3534E-04  0.3051E-04
      3.044  0.6489E-03  0.8476E-04  0.5583E-01  0.2527E-01  0.5985E-02  0.2059E-01  0.3973E-01  0.2445E-01  0.1868E-04  0.4183E-04  0.3434E-02  0.6913E-02  0.4585E-03  0.9405E-02  0.2308E-02  0.4236E-02  0.2673E-04  0.2797E-04
      3.054  0.6171E-03  0.8370E-04  0.5187E-01  0.2525E-01  0.5583E-02  0.1930E-01  0.3643E-01  0.2476E-01  0.1805E-04  0.3913E-04  0.3297E-02  0.6605E-02  0.4250E-03  0.8774E-02  0.2168E-02  0.4023E-02  0.2568E-04  0.2575E-04
      3.064  0.5845E-03  0.8414E-04  0.4804E-01  0.2535E-01  0.5175E-02  0.1818E-01  0.3322E-01  0.2515E-01  0.1739E-04  0.3698E-04  0.3164E-02  0.6363E-02  0.3911E-03  0.8225E-02  0.2031E-02  0.3852E-02  0.2464E-04  0.2381E-04
      3.074  0.5512E-03  0.8465E-04  0.4432E-01  0.2544E-01  0.4761E-02  0.1709E-01  0.3009E-01  0.2552E-01  0.1670E-04  0.3485E-04  0.3033E-02  0.6120E-02  0.3571E-03  0.7689E-02  0.1895E-02  0.3678E-02  0.2359E-04  0.2185E-04
      3.084  0.5172E-03  0.8599E-04  0.4073E-01  0.2589E-01  0.4339E-02  0.1608E-01  0.2705E-01  0.2599E-01  0.1600E-04  0.3291E-04  0.2906E-02  0.5974E-02  0.3228E-03  0.7183E-02  0.1761E-02  0.3522E-02  0.2255E-04  0.1991E-04
      3.094  0.4825E-03  0.9031E-04  0.3726E-01  0.2774E-01  0.3911E-02  0.1528E-01  0.2409E-01  0.2686E-01  0.1526E-04  0.3153E-04  0.2783E-02  0.6189E-02  0.2882E-03  0.6760E-02  0.1629E-02  0.3442E-02  0.2150E-04  0.1811E-04
      3.104  0.4528E-03  0.9775E-04  0.3426E-01  0.2996E-01  0.3540E-02  0.1454E-01  0.2144E-01  0.2795E-01  0.1454E-04  0.3057E-04  0.2675E-02  0.6455E-02  0.2581E-03  0.6358E-02  0.1505E-02  0.3384E-02  0.2060E-04  0.1628E-04
      3.114  0.4421E-03  0.1103E-03  0.3249E-01  0.3332E-01  0.3379E-02  0.1437E-01  0.1956E-01  0.2992E-01  0.1392E-04  0.3142E-04  0.2609E-02  0.6990E-02  0.2437E-03  0.6203E-02  0.1401E-02  0.3520E-02  0.2013E-04  0.1598E-04
      3.124  0.4318E-03  0.1324E-03  0.3076E-01  0.3855E-01  0.3221E-02  0.1553E-01  0.1772E-01  0.3370E-01  0.1328E-04  0.3476E-04  0.2544E-02  0.7778E-02  0.2296E-03  0.6494E-02  0.1299E-02  0.3853E-02  0.1967E-04  0.1699E-04
      3.134  0.4217E-03  0.1720E-03  0.2906E-01  0.4803E-01  0.3065E-02  0.1975E-01  0.1593E-01  0.4205E-01  0.1261E-04  0.4370E-04  0.2479E-02  0.9126E-02  0.2157E-03  0.7843E-02  0.1197E-02  0.4677E-02  0.1921E-04  0.2091E-04
      3.144  0.4119E-03  0.2108E-03  0.2741E-01  0.5840E-01  0.2911E-02  0.2338E-01  0.1419E-01  0.5116E-01  0.1192E-04  0.5232E-04  0.2415E-02  0.1059E-01  0.2022E-03  0.8987E-02  0.1096E-02  0.5554E-02  0.1875E-04  0.2462E-04
      3.154  0.4023E-03  0.2489E-03  0.2579E-01  0.6967E-01  0.2760E-02  0.2642E-01  0.1249E-01  0.6102E-01  0.1121E-04  0.6062E-04  0.2351E-02  0.1218E-01  0.1889E-03  0.9927E-02  0.9962E-03  0.6487E-02  0.1830E-04  0.2813E-04
      3.164  0.3938E-03  0.2869E-03  0.2429E-01  0.7847E-01  0.2620E-02  0.2729E-01  0.1090E-01  0.6794E-01  0.1056E-04  0.6517E-04  0.2294E-02  0.1340E-01  0.1767E-03  0.1008E-01  0.9043E-03  0.7006E-02  0.1790E-04  0.2903E-04
      3.174  0.3942E-03  0.3506E-03  0.2379E-01  0.8696E-01  0.2568E-02  0.2736E-01  0.9988E-02  0.7502E-01  0.1067E-04  0.6862E-04  0.2313E-02  0.1390E-01  0.1709E-03  0.9895E-02  0.8717E-03  0.7372E-02  0.1805E-04  0.2975E-04
      3.184  0.3967E-03  0.4051E-03  0.2342E-01  0.9179E-01  0.2537E-02  0.2704E-01  0.9308E-02  0.8561E-01  0.1107E-04  0.7455E-04  0.2357E-02  0.1388E-01  0.1654E-03  0.9679E-02  0.8462E-03  0.7845E-02  0.1836E-04  0.3071E-04
      3.194  0.4097E-03  0.4633E-03  0.2337E-01  0.9706E-01  0.2570E-02  0.2669E-01  0.8669E-02  0.9794E-01  0.1202E-04  0.8093E-04  0.2491E-02  0.1389E-01  0.1634E-03  0.9450E-02  0.8344E-03  0.8368E-02  0.1913E-04  0.3203E-04
      3.204  0.4436E-03  0.5129E-03  0.2402E-01  0.9815E-01  0.2727E-02  0.2217E-01  0.8096E-02  0.1098E+00  0.1409E-04  0.8136E-04  0.2832E-02  0.1310E-01  0.1686E-03  0.7797E-02  0.8533E-03  0.8469E-02  0.2106E-04  0.3169E-04
      3.214  0.4802E-03  0.5032E-03  0.2465E-01  0.8533E-01  0.2898E-02  0.1458E-01  0.7545E-02  0.1136E+00  0.1622E-04  0.7370E-04  0.3172E-02  0.1041E-01  0.1746E-03  0.5092E-02  0.8767E-03  0.7549E-02  0.2308E-04  0.3112E-04
      3.224  0.5196E-03  0.5474E-03  0.2524E-01  0.8530E-01  0.3085E-02  0.1186E-01  0.7016E-02  0.1314E+00  0.1839E-04  0.7949E-04  0.3510E-02  0.9523E-02  0.1814E-03  0.4081E-02  0.9046E-03  0.7822E-02  0.2519E-04  0.3681E-04
      3.234  0.5720E-03  0.6000E-03  0.2580E-01  0.8703E-01  0.3331E-02  0.1097E-01  0.6564E-02  0.1497E+00  0.2067E-04  0.8408E-04  0.3853E-02  0.8808E-02  0.1902E-03  0.3703E-02  0.9583E-03  0.8184E-02  0.2753E-04  0.4281E-04
      3.244  0.6302E-03  0.1045E-02  0.2634E-01  0.1262E+00  0.3605E-02  0.1619E-01  0.6147E-02  0.2126E+00  0.2303E-04  0.1095E-03  0.4196E-02  0.1112E-01  0.2001E-03  0.4784E-02  0.1022E-02  0.1165E-01  0.3000E-04  0.5645E-04
      3.254  0.6914E-03  0.1027E-02  0.2684E-01  0.1277E+00  0.3894E-02  0.1365E-01  0.5750E-02  0.3536E+00  0.2543E-04  0.1118E-03  0.4538E-02  0.1048E-01  0.2109E-03  0.4035E-02  0.1090E-02  0.1592E-01  0.3257E-04  0.8297E-04
      3.264  0.7556E-03  0.9096E-03  0.2731E-01  0.1101E+00  0.4198E-02  0.1013E-01  0.5372E-02  0.2222E+00  0.2789E-04  0.9834E-04  0.4879E-02  0.7207E-02  0.2224E-03  0.2978E-02  0.1162E-02  0.9230E-02  0.3523E-04  0.6921E-04
      3.274  0.8300E-03  0.1045E-02  0.2788E-01  0.1108E+00  0.4568E-02  0.8280E-02  0.5173E-02  0.2557E+00  0.3043E-04  0.9053E-04  0.5223E-02  0.5778E-02  0.2376E-03  0.2426E-02  0.1243E-02  0.9198E-02  0.3806E-04  0.8077E-04
      3.284  0.9343E-03  0.1074E-02  0.2767E-01  0.1152E+00  0.4818E-02  0.7089E-02  0.4757E-02  0.2677E+00  0.3042E-04  0.8330E-04  0.5365E-02  0.4945E-02  0.2475E-03  0.2077E-02  0.1246E-02  0.8797E-02  0.3959E-04  0.9260E-04
      3.294  0.8576E-03  0.1148E-02  0.1924E-01  0.1419E+00  0.3640E-02  0.6524E-02  0.3402E-02  0.2920E+00  0.2205E-04  0.8963E-04  0.3766E-02  0.4368E-02  0.1577E-03  0.1875E-02  0.9901E-03  0.9164E-02  0.2977E-04  0.1175E-03
      3.304  0.9189E-03  0.1317E-02  0.1616E-01  0.2047E+00  0.3663E-02  0.7241E-02  0.2973E-02  0.3797E+00  0.2139E-04  0.1276E-03  0.3260E-02  0.4425E-02  0.1530E-03  0.1937E-02  0.9087E-03  0.1203E-01  0.2649E-04  0.1650E-03
      3.314  0.1012E-02  0.1463E-02  0.1617E-01  0.1839E+00  0.3971E-02  0.5576E-02  0.3080E-02  0.3283E+00  0.2463E-04  0.1187E-03  0.3449E-02  0.3980E-02  0.1633E-03  0.1439E-02  0.9913E-03  0.1013E-01  0.2816E-04  0.1352E-03
      3.324  0.1138E-02  0.3076E-02  0.1872E-01  0.1894E+00  0.4641E-02  0.2087E-01  0.3598E-02  0.4699E+00  0.3407E-04  0.1381E-03  0.4466E-02  0.4698E-02  0.1922E-03  0.6586E-02  0.1262E-02  0.1504E-01  0.3605E-04  0.1438E-03
      3.334  0.1558E-02  0.1464E-02  0.2426E-01  0.1598E+00  0.5785E-02  0.1084E-01  0.3945E-02  0.2888E+00  0.3568E-04  0.1355E-03  0.6424E-02  0.3307E-02  0.1911E-03  0.3042E-02  0.1434E-02  0.8853E-02  0.4610E-04  0.1138E-03
      3.344  0.1842E-02  0.1621E-02  0.2017E-01  0.2709E+00  0.6144E-02  0.8445E-02  0.3711E-02  0.4294E+00  0.3035E-04  0.1431E-03  0.5290E-02  0.3546E-02  0.1772E-03  0.2837E-02  0.1335E-02  0.1180E-01  0.4119E-04  0.1899E-03
      3.354  0.2157E-02  0.1119E-02  0.1579E-01  0.1920E+00  0.6622E-02  0.5959E-02  0.3429E-02  0.1561E+00  0.2494E-04  0.8048E-04  0.4053E-02  0.3435E-02  0.1591E-03  0.1240E-02  0.1220E-02  0.4404E-02  0.3507E-04  0.1208E-03
      3.364  0.1745E-02  0.1606E-02  0.9863E-02  0.2537E+00  0.4793E-02  0.7768E-02  0.2732E-02  0.1589E+00  0.1522E-04  0.9307E-04  0.2271E-02  0.4355E-02  0.1144E-03  0.1583E-02  0.9299E-03  0.4398E-02  0.2154E-04  0.1523E-03
      3.374  0.1172E-02  0.1656E-02  0.5928E-02  0.2201E+00  0.2570E-02  0.7282E-02  0.2199E-02  0.1414E+00  0.7679E-05  0.8463E-04  0.1120E-02  0.3711E-02  0.8330E-04  0.1522E-02  0.7076E-03  0.3847E-02  0.1219E-04  0.1380E-03
      3.384  0.1242E-02  0.1980E-02  0.5742E-02  0.2294E+00  0.2657E-02  0.8682E-02  0.2213E-02  0.1063E+00  0.7853E-05  0.8424E-04  0.1116E-02  0.3418E-02  0.8618E-04  0.1839E-02  0.7258E-03  0.2727E-02  0.1236E-04  0.1463E-03
      3.394  0.1313E-02  0.1854E-02  0.5559E-02  0.2090E+00  0.2745E-02  0.8104E-02  0.2226E-02  0.8995E-01  0.8031E-05  0.7593E-04  0.1111E-02  0.2963E-02  0.8907E-04  0.1729E-02  0.7436E-03  0.2311E-02  0.1254E-04  0.1386E-03
      3.404  0.1385E-02  0.1733E-02  0.5378E-02  0.1939E+00  0.2833E-02  0.7942E-02  0.2238E-02  0.7619E-01  0.8213E-05  0.7316E-04  0.1107E-02  0.2666E-02  0.9198E-04  0.1693E-02  0.7610E-03  0.1982E-02  0.1271E-04  0.1369E-03
      3.414  0.1624E-02  0.1627E-02  0.5330E-02  0.1778E+00  0.2966E-02  0.7814E-02  0.2307E-02  0.6303E-01  0.8747E-05  0.7109E-04  0.1140E-02  0.2354E-02  0.9866E-04  0.1663E-02  0.7942E-03  0.1676E-02  0.1317E-04  0.1354E-03
      3.424  0.1905E-02  0.1544E-02  0.5306E-02  0.1585E+00  0.3106E-02  0.7714E-02  0.2387E-02  0.4971E-01  0.9335E-05  0.7049E-04  0.1178E-02  0.1947E-02  0.1063E-03  0.1641E-02  0.8292E-03  0.1375E-02  0.1366E-04  0.1352E-03
      3.434  0.2195E-02  0.1451E-02  0.5282E-02  0.1225E+00  0.3245E-02  0.7368E-02  0.2466E-02  0.3958E-01  0.9908E-05  0.6553E-04  0.1213E-02  0.1438E-02  0.1143E-03  0.1576E-02  0.8626E-03  0.1151E-02  0.1414E-04  0.1219E-03
      3.444  0.2496E-02  0.1269E-02  0.5258E-02  0.9092E-01  0.3384E-02  0.6975E-02  0.2543E-02  0.3426E-01  0.1047E-04  0.5336E-04  0.1247E-02  0.1274E-02  0.1225E-03  0.1491E-02  0.8945E-03  0.1032E-02  0.1460E-04  0.9568E-04
      3.454  0.2809E-02  0.1072E-02  0.5258E-02  0.5953E-01  0.3531E-02  0.6632E-02  0.2627E-02  0.2922E-01  0.1102E-04  0.4031E-04  0.1289E-02  0.1133E-02  0.1312E-03  0.1415E-02  0.9290E-03  0.9172E-03  0.1509E-04  0.6707E-04
      3.464  0.3135E-02  0.9566E-03  0.5276E-02  0.3941E-01  0.3687E-02  0.6537E-02  0.2714E-02  0.2610E-01  0.1157E-04  0.3204E-04  0.1337E-02  0.1053E-02  0.1403E-03  0.1389E-02  0.9650E-03  0.8469E-03  0.1560E-04  0.4836E-04
      3.474  0.3471E-02  0.1094E-02  0.5292E-02  0.3766E-01  0.3841E-02  0.6850E-02  0.2800E-02  0.2624E-01  0.1210E-04  0.3330E-04  0.1383E-02  0.1050E-02  0.1496E-03  0.1445E-02  0.9995E-03  0.8481E-03  0.1609E-04  0.4953E-04
      3.484  0.3817E-02  0.1276E-02  0.5307E-02  0.3601E-01  0.3996E-02  0.7188E-02  0.2885E-02  0.2653E-01  0.1262E-04  0.3477E-04  0.1426E-02  0.1050E-02  0.1593E-03  0.1503E-02  0.1032E-02  0.8520E-03  0.1657E-04  0.5087E-04
      3.494  0.4173E-02  0.1466E-02  0.5319E-02  0.3441E-01  0.4150E-02  0.7522E-02  0.2969E-02  0.2674E-01  0.1312E-04  0.3621E-04  0.1467E-02  0.1052E-02  0.1692E-03  0.1560E-02  0.1064E-02  0.8570E-03  0.1704E-04  0.5218E-04
      3.504  0.4539E-02  0.1664E-02  0.5330E-02  0.3284E-01  0.4303E-02  0.7855E-02  0.3051E-02  0.2688E-01  0.1361E-04  0.3764E-04  0.1504E-02  0.1055E-02  0.1794E-03  0.1617E-02  0.1093E-02  0.8631E-03  0.1749E-04  0.5346E-04
      3.514  0.5077E-02  0.1869E-02  0.5389E-02  0.3131E-01  0.4532E-02  0.8184E-02  0.3159E-02  0.2696E-01  0.1417E-04  0.3904E-04  0.1552E-02  0.1060E-02  0.1932E-03  0.1674E-02  0.1128E-02  0.8703E-03  0.1809E-04  0.5471E-04
      3.524  0.8727E-02  0.2103E-02  0.6366E-02  0.2989E-01  0.6089E-02  0.8531E-02  0.3915E-02  0.2697E-01  0.1649E-04  0.4047E-04  0.1765E-02  0.1068E-02  0.2776E-03  0.1732E-02  0.1332E-02  0.8803E-03  0.2071E-04  0.5605E-04
      3.534  0.1336E-01  0.3131E-02  0.7609E-02  0.2877E-01  0.7795E-02  0.9540E-02  0.4876E-02  0.2705E-01  0.1943E-04  0.4314E-04  0.2019E-02  0.1159E-02  0.3897E-03  0.1894E-02  0.1501E-02  0.9356E-03  0.2389E-04  0.5880E-04
      3.544  0.2045E-01  0.5393E-02  0.1030E-01  0.2856E-01  0.1027E-01  0.1043E-01  0.6000E-02  0.2032E-01  0.2830E-04  0.4854E-04  0.2511E-02  0.1300E-02  0.5886E-03  0.2010E-02  0.1639E-02  0.1040E-02  0.3110E-04  0.5936E-04
      3.554  0.2610E-01  0.7681E-02  0.1195E-01  0.2822E-01  0.1159E-01  0.1146E-01  0.7287E-02  0.1713E-01  0.3200E-04  0.5446E-04  0.2713E-02  0.1459E-02  0.7358E-03  0.2150E-02  0.1778E-02  0.1141E-02  0.3411E-04  0.6176E-04
      3.564  0.3214E-01  0.9776E-02  0.1369E-01  0.2771E-01  0.1278E-01  0.1244E-01  0.8642E-02  0.1820E-01  0.3574E-04  0.5967E-04  0.2895E-02  0.1589E-02  0.8934E-03  0.2297E-02  0.1892E-02  0.1229E-02  0.3700E-04  0.6433E-04
      3.574  0.3463E-01  0.1115E-01  0.1480E-01  0.2780E-01  0.1164E-01  0.1245E-01  0.9037E-02  0.1921E-01  0.3487E-04  0.6175E-04  0.2819E-02  0.1600E-02  0.9682E-03  0.2251E-02  0.1680E-02  0.1224E-02  0.3630E-04  0.6438E-04
      3.584  0.6557E-02  0.1167E-01  0.5255E-02  0.2816E-01  0.3692E-02  0.1168E-01  0.3416E-02  0.1974E-01  0.1912E-04  0.6102E-04  0.1243E-02  0.1509E-02  0.3172E-03  0.2060E-02  0.7527E-03  0.1163E-02  0.2002E-04  0.6218E-04
      3.594  0.7199E-02  0.1201E-01  0.5696E-02  0.2844E-01  0.3761E-02  0.1086E-01  0.3737E-02  0.2005E-01  0.2059E-04  0.6009E-04  0.1295E-02  0.1417E-02  0.3477E-03  0.1865E-02  0.7694E-03  0.1099E-02  0.2118E-04  0.5998E-04
      3.604  0.7853E-02  0.1227E-01  0.6144E-02  0.2858E-01  0.3828E-02  0.1009E-01  0.4064E-02  0.2025E-01  0.2209E-04  0.5935E-04  0.1347E-02  0.1329E-02  0.3788E-03  0.1682E-02  0.7854E-03  0.1039E-02  0.2237E-04  0.5803E-04
      3.614  0.8520E-02  0.1243E-01  0.6598E-02  0.2857E-01  0.3893E-02  0.9352E-02  0.4397E-02  0.2036E-01  0.2362E-04  0.5879E-04  0.1398E-02  0.1246E-02  0.4106E-03  0.1511E-02  0.8006E-03  0.9821E-03  0.2358E-04  0.5632E-04
      3.624  0.9198E-02  0.1253E-01  0.7058E-02  0.2856E-01  0.3955E-02  0.8666E-02  0.4736E-02  0.2037E-01  0.2519E-04  0.5855E-04  0.1449E-02  0.1174E-02  0.4430E-03  0.1352E-02  0.8152E-03  0.9303E-03  0.2480E-04  0.5500E-04
      3.634  0.9888E-02  0.7313E-02  0.7524E-02  0.1970E-01  0.4016E-02  0.6158E-02  0.5080E-02  0.1206E-01  0.2679E-04  0.5055E-04  0.1499E-02  0.8258E-03  0.4760E-03  0.9841E-03  0.8290E-03  0.6710E-03  0.2604E-04  0.4704E-04
      3.644  0.1059E-01  0.4382E-02  0.7997E-02  0.1451E-01  0.4074E-02  0.4951E-02  0.5430E-02  0.6653E-02  0.2841E-04  0.4281E-04  0.1548E-02  0.7196E-03  0.5096E-03  0.8193E-03  0.8420E-03  0.5575E-03  0.2730E-04  0.4429E-04
      3.654  0.1130E-01  0.4691E-02  0.8475E-02  0.1524E-01  0.4129E-02  0.5072E-02  0.5785E-02  0.6991E-02  0.3008E-04  0.4520E-04  0.1597E-02  0.7495E-03  0.5439E-03  0.8285E-03  0.8544E-03  0.5716E-03  0.2858E-04  0.4609E-04
      3.664  0.1203E-01  0.5003E-02  0.8959E-02  0.1597E-01  0.4182E-02  0.5194E-02  0.6147E-02  0.7331E-02  0.3177E-04  0.4762E-04  0.1645E-02  0.7793E-03  0.5788E-03  0.8374E-03  0.8660E-03  0.5857E-03  0.2988E-04  0.4789E-04
      3.674  0.1284E-01  0.5318E-02  0.9463E-02  0.1669E-01  0.4249E-02  0.5316E-02  0.6577E-02  0.7673E-02  0.3358E-04  0.5008E-04  0.1696E-02  0.8093E-03  0.6171E-03  0.8460E-03  0.8800E-03  0.5998E-03  0.3127E-04  0.4970E-04
      3.684  0.1641E-01  0.5636E-02  0.1168E-01  0.1739E-01  0.5101E-02  0.5438E-02  0.8562E-02  0.8018E-02  0.4071E-04  0.5258E-04  0.1943E-02  0.8393E-03  0.7840E-03  0.8544E-03  0.9864E-03  0.6138E-03  0.3670E-04  0.5152E-04
      3.694  0.2143E-01  0.5956E-02  0.1549E-01  0.1809E-01  0.6460E-02  0.5561E-02  0.1106E-01  0.8364E-02  0.4920E-04  0.5511E-04  0.2401E-02  0.8694E-03  0.1024E-02  0.8625E-03  0.1203E-02  0.6278E-03  0.4660E-04  0.5335E-04
      3.704  0.2597E-01  0.6279E-02  0.1899E-01  0.1878E-01  0.8016E-02  0.5683E-02  0.1328E-01  0.8712E-02  0.5776E-04  0.5768E-04  0.2888E-02  0.8996E-03  0.1243E-02  0.8703E-03  0.1431E-02  0.6418E-03  0.5731E-04  0.5518E-04
      3.714  0.2800E-01  0.6605E-02  0.2140E-01  0.1946E-01  0.9290E-02  0.5806E-02  0.1390E-01  0.9063E-02  0.5826E-04  0.6029E-04  0.3316E-02  0.9298E-03  0.1350E-02  0.8779E-03  0.1609E-02  0.6557E-03  0.6752E-04  0.5703E-04
      3.724  0.2126E-01  0.6933E-02  0.1653E-01  0.2012E-01  0.8461E-02  0.5929E-02  0.1172E-01  0.9416E-02  0.4377E-04  0.6294E-04  0.3160E-02  0.9601E-03  0.1038E-02  0.8852E-03  0.1550E-02  0.6696E-03  0.5483E-04  0.5888E-04
      3.734  0.1217E-01  0.1120E-01  0.9114E-02  0.2806E-01  0.4847E-02  0.1103E-01  0.7930E-02  0.1591E-01  0.2587E-04  0.9991E-04  0.2312E-02  0.1375E-02  0.5892E-03  0.1539E-02  0.1136E-02  0.1068E-02  0.3376E-04  0.7657E-04
      3.744  0.7572E-02  0.2067E-01  0.5828E-02  0.4592E-01  0.2944E-02  0.1727E-01  0.4332E-02  0.3022E-01  0.1956E-04  0.1682E-03  0.1465E-02  0.2128E-02  0.3669E-03  0.2377E-02  0.6546E-03  0.1648E-02  0.2309E-04  0.1141E-03
      3.754  0.4419E-02  0.2204E-01  0.3431E-02  0.5007E-01  0.1491E-02  0.1415E-01  0.1944E-02  0.3015E-01  0.1492E-04  0.1418E-03  0.7249E-03  0.2145E-02  0.2238E-03  0.1862E-02  0.2489E-03  0.1488E-02  0.1422E-04  0.1440E-03
      3.764  0.3899E-02  0.2089E-01  0.3160E-02  0.4944E-01  0.1201E-02  0.1170E-01  0.1763E-02  0.2753E-01  0.1287E-04  0.1224E-03  0.6495E-03  0.2056E-02  0.2051E-03  0.1523E-02  0.2043E-03  0.1327E-02  0.1274E-04  0.1399E-03
      3.774  0.3391E-02  0.1478E-01  0.2905E-02  0.3525E-01  0.9001E-03  0.7403E-02  0.1600E-02  0.1997E-01  0.1077E-04  0.9126E-04  0.5713E-03  0.1465E-02  0.1878E-03  0.9757E-03  0.1595E-03  0.9560E-03  0.1127E-04  0.1008E-03
      3.784  0.3035E-02  0.7942E-02  0.2721E-02  0.2146E-01  0.6634E-03  0.4567E-02  0.1495E-02  0.1125E-01  0.9675E-05  0.5381E-04  0.5226E-03  0.9695E-03  0.1755E-03  0.6009E-03  0.1280E-03  0.6287E-03  0.1001E-04  0.5943E-04
      3.794  0.2855E-02  0.3066E-02  0.2626E-02  0.1178E-01  0.5197E-03  0.1698E-02  0.1438E-02  0.5067E-02  0.9554E-05  0.2608E-04  0.5049E-03  0.5249E-03  0.1687E-03  0.2143E-03  0.1118E-03  0.2751E-03  0.9152E-05  0.2224E-04
      3.804  0.3072E-02  0.1020E-02  0.2670E-02  0.8272E-02  0.5336E-03  0.9384E-03  0.1512E-02  0.1247E-02  0.1146E-04  0.1690E-04  0.5080E-03  0.4012E-03  0.1836E-03  0.7465E-04  0.1149E-03  0.1633E-03  0.1021E-04  0.1361E-04
      3.814  0.9152E-02  0.9090E-03  0.4148E-02  0.8102E-02  0.1480E-02  0.8384E-03  0.4292E-02  0.1025E-02  0.6110E-04  0.1657E-04  0.7375E-03  0.3981E-03  0.6090E-03  0.5144E-04  0.2798E-03  0.1599E-03  0.4007E-04  0.1255E-04
      3.824  0.1849E-01  0.9383E-03  0.9394E-02  0.8196E-02  0.3426E-02  0.8704E-03  0.7114E-02  0.1047E-02  0.1143E-03  0.1710E-04  0.1305E-02  0.4144E-03  0.1332E-02  0.5366E-04  0.6435E-03  0.1665E-03  0.1039E-03  0.1284E-04
      3.834  0.2887E-01  0.3618E-02  0.1639E-01  0.9725E-02  0.6112E-02  0.3138E-02  0.9718E-02  0.2066E-02  0.1620E-03  0.8703E-04  0.2168E-02  0.1095E-02  0.2187E-02  0.4236E-03  0.1140E-02  0.5712E-03  0.1971E-03  0.5186E-04
      3.844  0.3411E-01  0.1106E-01  0.2059E-01  0.1360E-01  0.7949E-02  0.1079E-01  0.1205E-01  0.4365E-02  0.1625E-03  0.2635E-03  0.2553E-02  0.2927E-02  0.2658E-02  0.1433E-02  0.1410E-02  0.1513E-02  0.2489E-03  0.2065E-03
      3.854  0.3214E-01  0.1465E-01  0.2069E-01  0.1456E-01  0.7338E-02  0.1271E-01  0.1371E-01  0.5662E-02  0.1301E-03  0.3218E-03  0.2679E-02  0.4247E-02  0.2495E-02  0.1733E-02  0.1367E-02  0.1933E-02  0.2049E-03  0.3085E-03
      3.864  0.2524E-01  0.1620E-01  0.1593E-01  0.1471E-01  0.5917E-02  0.1335E-01  0.1223E-01  0.8180E-02  0.1188E-03  0.3424E-03  0.2699E-02  0.5200E-02  0.1965E-02  0.1920E-02  0.1253E-02  0.2203E-02  0.1313E-03  0.3466E-03
      3.874  0.1569E-01  0.1470E-01  0.9708E-02  0.1258E-01  0.4589E-02  0.1155E-01  0.8262E-02  0.7621E-02  0.9142E-04  0.3252E-03  0.2422E-02  0.4860E-02  0.1207E-02  0.1761E-02  0.9900E-03  0.1998E-02  0.5983E-04  0.3113E-03
      3.884  0.1508E-01  0.1004E-01  0.1776E-01  0.1002E-01  0.4873E-02  0.8107E-02  0.8407E-02  0.4974E-02  0.1078E-03  0.2136E-03  0.4267E-02  0.3600E-02  0.1499E-02  0.1313E-02  0.1261E-02  0.1412E-02  0.8870E-04  0.2339E-03
      3.894  0.1320E-01  0.6515E-02  0.1982E-01  0.8006E-02  0.4880E-02  0.5786E-02  0.1333E-01  0.3226E-02  0.1059E-03  0.1390E-03  0.5088E-02  0.2680E-02  0.1622E-02  0.9743E-03  0.2014E-02  0.1019E-02  0.9060E-04  0.1630E-03
      3.904  0.9700E-02  0.4450E-02  0.1799E-01  0.6796E-02  0.4623E-02  0.4737E-02  0.1245E-01  0.2376E-02  0.8253E-04  0.1156E-03  0.4745E-02  0.2197E-02  0.1316E-02  0.7889E-03  0.1950E-02  0.8422E-03  0.7752E-04  0.1019E-03
      3.914  0.8599E-02  0.3087E-02  0.1683E-01  0.6129E-02  0.4448E-02  0.4183E-02  0.1163E-01  0.1857E-02  0.7408E-04  0.1004E-03  0.4454E-02  0.2034E-02  0.1175E-02  0.6686E-03  0.1815E-02  0.7727E-03  0.7186E-04  0.6061E-04
      3.924  0.8057E-02  0.8361E-02  0.1580E-01  0.1854E-01  0.4294E-02  0.4323E-02  0.1082E-01  0.5159E-02  0.6966E-04  0.1444E-03  0.4208E-02  0.2284E-02  0.1077E-02  0.1036E-02  0.1695E-02  0.8671E-03  0.6845E-04  0.1354E-03
      3.934  0.7393E-02  0.1206E-01  0.1455E-01  0.2557E-01  0.4127E-02  0.4534E-02  0.9774E-02  0.1066E-01  0.6443E-04  0.1769E-03  0.3963E-02  0.2482E-02  0.9643E-03  0.1376E-02  0.1578E-02  0.9391E-03  0.6523E-04  0.1675E-03
      3.944  0.6575E-02  0.1597E-01  0.1310E-01  0.3121E-01  0.3860E-02  0.4427E-02  0.8674E-02  0.2082E-01  0.5811E-04  0.1932E-03  0.3682E-02  0.2514E-02  0.8364E-03  0.1665E-02  0.1463E-02  0.9588E-03  0.6202E-04  0.1818E-03
      3.954  0.5423E-02  0.1452E-01  0.1142E-01  0.2945E-01  0.3074E-02  0.3522E-02  0.8020E-02  0.2013E-01  0.4913E-04  0.1630E-03  0.3125E-02  0.2181E-02  0.6918E-03  0.1468E-02  0.1308E-02  0.8741E-03  0.5770E-04  0.1665E-03
      3.964  0.4187E-02  0.1358E-01  0.9551E-02  0.2784E-01  0.2370E-02  0.2765E-02  0.7357E-02  0.1956E-01  0.3939E-04  0.1473E-03  0.2543E-02  0.1867E-02  0.5325E-03  0.1304E-02  0.1145E-02  0.7939E-03  0.5337E-04  0.1555E-03
      3.974  0.2838E-02  0.1272E-01  0.7333E-02  0.2622E-01  0.1718E-02  0.2117E-02  0.6686E-02  0.1901E-01  0.2889E-04  0.1345E-03  0.1934E-02  0.1546E-02  0.3579E-03  0.1153E-02  0.9700E-03  0.7036E-03  0.4746E-04  0.1453E-03
      3.984  0.1690E-02  0.1179E-01  0.5144E-02  0.2321E-01  0.1265E-02  0.1691E-02  0.6018E-02  0.1827E-01  0.1813E-04  0.1159E-03  0.8664E-03  0.6418E-03  0.2188E-03  0.1019E-02  0.5463E-03  0.3249E-03  0.3724E-04  0.1229E-03
      3.994  0.1653E-02  0.1103E-01  0.4667E-02  0.2240E-01  0.1269E-02  0.1803E-02  0.5474E-02  0.1783E-01  0.1743E-04  0.1099E-03  0.8271E-03  0.6530E-03  0.2128E-03  0.9562E-03  0.5218E-03  0.3482E-03  0.3614E-04  0.1191E-03
      4.004  0.1613E-02  0.1024E-01  0.4208E-02  0.2156E-01  0.1270E-02  0.1916E-02  0.4950E-02  0.1739E-01  0.1673E-04  0.1037E-03  0.7883E-03  0.6657E-03  0.2065E-03  0.8903E-03  0.4978E-03  0.3727E-03  0.3498E-04  0.1155E-03
      4.014  0.1571E-02  0.9420E-02  0.3766E-02  0.2068E-01  0.1266E-02  0.2033E-02  0.4444E-02  0.1694E-01  0.1602E-04  0.9736E-04  0.7499E-03  0.6800E-03  0.2000E-03  0.8214E-03  0.4742E-03  0.3982E-03  0.3377E-04  0.1121E-03
      4.024  0.3224E-02  0.8575E-02  0.6824E-02  0.1977E-01  0.1369E-02  0.2151E-02  0.1064E-01  0.1648E-01  0.5233E-04  0.9094E-04  0.9033E-03  0.6960E-03  0.4580E-03  0.7494E-03  0.7563E-03  0.4248E-03  0.1072E-03  0.1088E-03
      4.034  0.6969E-02  0.7703E-02  0.1452E-01  0.1883E-01  0.1594E-02  0.2271E-02  0.2384E-01  0.1603E-01  0.1377E-03  0.8439E-04  0.1315E-02  0.7135E-03  0.1045E-02  0.6743E-03  0.1361E-02  0.4526E-03  0.2646E-03  0.1058E-03
      4.044  0.1085E-01  0.6804E-02  0.2297E-01  0.1785E-01  0.1808E-02  0.2394E-02  0.3589E-01  0.1556E-01  0.2308E-03  0.7773E-04  0.1773E-02  0.7326E-03  0.1657E-02  0.5962E-03  0.1916E-02  0.4814E-03  0.4170E-03  0.1029E-03
      4.054  0.1487E-01  0.5878E-02  0.3216E-01  0.1684E-01  0.2014E-02  0.2519E-02  0.4680E-01  0.1510E-01  0.3317E-03  0.7096E-04  0.2277E-02  0.7532E-03  0.2295E-02  0.5150E-03  0.2423E-02  0.5114E-03  0.5644E-03  0.1003E-03
      4.064  0.7802E-02  0.4833E-02  0.1571E-01  0.1536E-01  0.1716E-02  0.2594E-02  0.2714E-01  0.1347E-01  0.2674E-03  0.6324E-04  0.1399E-02  0.7444E-03  0.1319E-02  0.4261E-03  0.1520E-02  0.5263E-03  0.3104E-03  0.9649E-04
      4.074  0.4782E-02  0.4212E-02  0.9224E-02  0.1268E-01  0.1618E-02  0.2617E-02  0.9600E-02  0.1218E-01  0.1797E-03  0.5932E-04  0.1041E-02  0.7182E-03  0.1036E-02  0.3784E-03  0.7476E-03  0.5315E-03  0.1986E-03  0.8931E-04
      4.084  0.5121E-02  0.3587E-02  0.9754E-02  0.8103E-02  0.1657E-02  0.2451E-02  0.1012E-01  0.1102E-01  0.2071E-03  0.5580E-04  0.1073E-02  0.6395E-03  0.1156E-02  0.3315E-03  0.7846E-03  0.5106E-03  0.2232E-03  0.7157E-04
      4.094  0.5518E-02  0.2555E-02  0.1036E-01  0.3815E-02  0.1746E-02  0.1912E-02  0.1066E-01  0.4262E-02  0.2358E-03  0.3684E-04  0.1121E-02  0.5471E-03  0.1289E-02  0.2403E-03  0.8271E-03  0.3913E-03  0.2496E-03  0.5590E-04
      4.104  0.6697E-02  0.2320E-02  0.1156E-01  0.3048E-02  0.2139E-02  0.2313E-02  0.1178E-01  0.3179E-02  0.2785E-03  0.3628E-04  0.1233E-02  0.6295E-03  0.1591E-02  0.2266E-03  0.9140E-03  0.4302E-03  0.2887E-03  0.5623E-04
      4.114  0.7858E-02  0.3457E-02  0.1275E-01  0.1366E-01  0.2526E-02  0.2898E-02  0.1288E-01  0.1692E-01  0.3218E-03  0.1616E-03  0.1352E-02  0.7396E-03  0.1899E-02  0.3380E-03  0.1001E-02  0.4912E-03  0.3278E-03  0.2225E-03
      4.124  0.9146E-02  0.5735E-02  0.1399E-01  0.3480E-01  0.3081E-02  0.3918E-02  0.1407E-01  0.4177E-01  0.3677E-03  0.4146E-03  0.1551E-02  0.1012E-02  0.2242E-02  0.5664E-03  0.1143E-02  0.6795E-03  0.3691E-03  0.5342E-03
      4.134  0.1042E-01  0.8041E-02  0.1521E-01  0.5721E-01  0.3651E-02  0.4935E-02  0.1523E-01  0.6462E-01  0.4144E-03  0.6916E-03  0.1756E-02  0.1285E-02  0.2591E-02  0.8060E-03  0.1292E-02  0.8696E-03  0.4105E-03  0.8465E-03
      4.144  0.1166E-01  0.7364E-02  0.1641E-01  0.4170E-01  0.4218E-02  0.5315E-02  0.1638E-01  0.6248E-01  0.4616E-03  0.8036E-03  0.1957E-02  0.1422E-02  0.2944E-02  0.7640E-03  0.1444E-02  0.9776E-03  0.4518E-03  0.6755E-03
      4.154  0.1275E-01  0.3207E-02  0.1757E-01  0.1549E-01  0.4618E-02  0.4969E-02  0.1748E-01  0.1398E-01  0.5085E-03  0.3958E-03  0.2125E-02  0.1400E-02  0.3288E-02  0.4634E-03  0.1575E-02  0.9058E-03  0.4910E-03  0.3655E-03
      4.164  0.1341E-01  0.3591E-02  0.1816E-01  0.1765E-01  0.4719E-02  0.4967E-02  0.1831E-01  0.1605E-01  0.5494E-03  0.4798E-03  0.2236E-02  0.1473E-02  0.3573E-02  0.5393E-03  0.1652E-02  0.8836E-03  0.5150E-03  0.4248E-03
      4.174  0.1372E-01  0.4196E-02  0.1807E-01  0.2015E-01  0.4818E-02  0.5030E-02  0.1840E-01  0.1841E-01  0.5734E-03  0.5771E-03  0.2358E-02  0.1563E-02  0.3772E-02  0.6708E-03  0.1687E-02  0.8570E-03  0.5213E-03  0.4933E-03
      4.184  0.1396E-01  0.4815E-02  0.1785E-01  0.2258E-01  0.4939E-02  0.5131E-02  0.1796E-01  0.2069E-01  0.5825E-03  0.6765E-03  0.2485E-02  0.1661E-02  0.3934E-02  0.8061E-03  0.1685E-02  0.8251E-03  0.5213E-03  0.5636E-03
      4.194  0.1407E-01  0.5163E-02  0.1759E-01  0.2493E-01  0.4899E-02  0.4493E-02  0.1752E-01  0.2290E-01  0.5893E-03  0.7670E-03  0.2549E-02  0.1599E-02  0.4076E-02  0.9131E-03  0.1671E-02  0.7026E-03  0.5202E-03  0.6276E-03
      4.204  0.1364E-01  0.5586E-02  0.1727E-01  0.2719E-01  0.4116E-02  0.3832E-02  0.1707E-01  0.2502E-01  0.5913E-03  0.8642E-03  0.2448E-02  0.1708E-02  0.4147E-02  0.1006E-02  0.1625E-02  0.6537E-03  0.5174E-03  0.6975E-03
      4.214  0.1344E-01  0.6081E-02  0.1701E-01  0.2928E-01  0.3505E-02  0.3518E-02  0.1664E-01  0.2709E-01  0.5961E-03  0.9631E-03  0.2512E-02  0.1461E-02  0.4258E-02  0.1149E-02  0.1566E-02  0.5651E-03  0.5185E-03  0.7716E-03
      4.224  0.1339E-01  0.6526E-02  0.1665E-01  0.3056E-01  0.3039E-02  0.3209E-02  0.1624E-01  0.2883E-01  0.5989E-03  0.1058E-02  0.2234E-02  0.1202E-02  0.4291E-02  0.1291E-02  0.1453E-02  0.4749E-03  0.5186E-03  0.8358E-03
      4.235  0.1337E-01  0.6751E-02  0.1629E-01  0.3029E-01  0.2604E-02  0.2872E-02  0.1584E-01  0.2882E-01  0.6013E-03  0.1120E-02  0.1938E-02  0.9405E-03  0.4326E-02  0.1400E-02  0.1337E-02  0.3906E-03  0.5185E-03  0.8733E-03
      4.245  0.1336E-01  0.6922E-02  0.1591E-01  0.2983E-01  0.2199E-02  0.2587E-02  0.1544E-01  0.2845E-01  0.6033E-03  0.1177E-02  0.1624E-02  0.6717E-03  0.4362E-02  0.1506E-02  0.1216E-02  0.3146E-03  0.5181E-03  0.9076E-03
      4.255  0.1346E-01  0.7103E-02  0.1529E-01  0.2930E-01  0.1880E-02  0.2411E-02  0.1526E-01  0.2796E-01  0.6369E-03  0.1231E-02  0.1308E-02  0.4544E-03  0.4730E-02  0.1617E-02  0.1103E-02  0.2609E-03  0.5187E-03  0.9405E-03
      4.265  0.1542E-01  0.7360E-02  0.1557E-01  0.2879E-01  0.2036E-02  0.2561E-02  0.1662E-01  0.2738E-01  0.7162E-03  0.1284E-02  0.1246E-02  0.5124E-03  0.6306E-02  0.1737E-02  0.1127E-02  0.2999E-03  0.5665E-03  0.9748E-03
      4.275  0.1868E-01  0.7596E-02  0.1703E-01  0.2819E-01  0.2986E-02  0.2720E-02  0.1800E-01  0.2669E-01  0.7714E-03  0.1331E-02  0.1530E-02  0.5750E-03  0.8730E-02  0.1859E-02  0.1296E-02  0.3429E-03  0.7301E-03  0.1007E-02
      4.285  0.1791E-01  0.7938E-02  0.1607E-01  0.2794E-01  0.3279E-02  0.3340E-02  0.1664E-01  0.2581E-01  0.7816E-03  0.1420E-02  0.1577E-02  0.7764E-03  0.9080E-02  0.2298E-02  0.1328E-02  0.5131E-03  0.7464E-03  0.1081E-02
      4.295  0.1681E-01  0.8598E-02  0.1365E-01  0.2920E-01  0.3323E-02  0.5053E-02  0.1467E-01  0.2730E-01  0.7119E-03  0.1743E-02  0.1465E-02  0.1460E-02  0.9669E-02  0.3613E-02  0.1271E-02  0.1054E-02  0.7020E-03  0.1501E-02
      4.305  0.1543E-01  0.7881E-02  0.1035E-01  0.2124E-01  0.3029E-02  0.3551E-02  0.1241E-01  0.1662E-01  0.5914E-03  0.1285E-02  0.1201E-02  0.9617E-03  0.1074E-01  0.4559E-02  0.1101E-02  0.6045E-03  0.6155E-03  0.6733E-03
      4.315  0.1444E-01  0.7361E-02  0.7904E-02  0.1187E-01  0.2778E-02  0.2193E-02  0.9673E-02  0.1176E-01  0.4735E-03  0.4736E-03  0.9814E-03  0.5461E-03  0.1291E-01  0.4443E-02  0.8763E-03  0.2511E-03  0.4892E-03  0.3168E-03
      4.325  0.1387E-01  0.1047E-01  0.7547E-02  0.1319E-01  0.2548E-02  0.2860E-02  0.9284E-02  0.1501E-01  0.4779E-03  0.7348E-03  0.9020E-03  0.6907E-03  0.1328E-01  0.6084E-02  0.7744E-03  0.3464E-03  0.5057E-03  0.3918E-03
      4.335  0.1438E-01  0.1302E-01  0.7956E-02  0.1510E-01  0.2618E-02  0.3660E-02  0.1008E-01  0.1614E-01  0.5062E-03  0.8523E-03  0.9232E-03  0.8798E-03  0.1500E-01  0.7463E-02  0.7438E-03  0.3864E-03  0.5351E-03  0.4806E-03
      4.345  0.1467E-01  0.1325E-01  0.8383E-02  0.1316E-01  0.2639E-02  0.4654E-02  0.1084E-01  0.1549E-01  0.5345E-03  0.8055E-03  0.9558E-03  0.1067E-02  0.1648E-01  0.8882E-02  0.7252E-03  0.3913E-03  0.5677E-03  0.6924E-03
      4.355  0.1614E-01  0.1093E-01  0.1091E-01  0.1070E-01  0.2790E-02  0.3674E-02  0.1309E-01  0.1280E-01  0.5936E-03  0.7493E-03  0.1214E-02  0.9769E-03  0.2090E-01  0.9021E-02  0.8225E-03  0.3277E-03  0.6778E-03  0.6713E-03
      4.365  0.1740E-01  0.1048E-01  0.1359E-01  0.1029E-01  0.3063E-02  0.3662E-02  0.1525E-01  0.1195E-01  0.6604E-03  0.7524E-03  0.1547E-02  0.1002E-02  0.2702E-01  0.9987E-02  0.9747E-03  0.3230E-03  0.7956E-03  0.7045E-03
      4.375  0.1814E-01  0.1030E-01  0.1627E-01  0.1013E-01  0.3271E-02  0.3716E-02  0.1722E-01  0.1168E-01  0.7302E-03  0.7768E-03  0.1894E-02  0.1045E-02  0.3346E-01  0.1130E-01  0.1123E-02  0.3408E-03  0.9134E-03  0.7451E-03
      4.385  0.1394E-01  0.1014E-01  0.9619E-02  0.1009E-01  0.2189E-02  0.3763E-02  0.1159E-01  0.1159E-01  0.7782E-03  0.8110E-03  0.1190E-02  0.1093E-02  0.2277E-01  0.1272E-01  0.8081E-03  0.3560E-03  0.8791E-03  0.7915E-03
      4.395  0.1033E-01  0.1034E-01  0.6889E-02  0.1088E-01  0.1540E-02  0.3995E-02  0.7572E-02  0.1205E-01  0.6009E-03  0.8692E-03  0.8592E-03  0.1272E-02  0.1598E-01  0.1598E-01  0.5604E-03  0.3964E-03  0.7572E-03  0.8625E-03
      4.405  0.7176E-02  0.1077E-01  0.4754E-02  0.1262E-01  0.9595E-03  0.4288E-02  0.4733E-02  0.1292E-01  0.4176E-03  0.9437E-03  0.6063E-03  0.1542E-02  0.1062E-01  0.2111E-01  0.3711E-03  0.4389E-03  0.6322E-03  0.9657E-03
      4.415  0.5590E-02  0.1111E-01  0.5995E-02  0.1445E-01  0.9338E-03  0.4460E-02  0.4769E-02  0.1373E-01  0.5548E-03  0.1020E-02  0.8688E-03  0.1751E-02  0.8479E-02  0.2679E-01  0.5405E-03  0.4663E-03  0.8179E-03  0.1080E-02
      4.425  0.5460E-02  0.1011E-01  0.6680E-02  0.1266E-01  0.9608E-03  0.3622E-02  0.7365E-02  0.1294E-01  0.1404E-02  0.1114E-02  0.1413E-02  0.1606E-02  0.5891E-02  0.2591E-01  0.1340E-02  0.4162E-03  0.1213E-02  0.1158E-02
      4.435  0.7634E-02  0.8611E-02  0.6936E-02  0.1063E-01  0.1033E-02  0.2660E-02  0.7832E-02  0.1023E-01  0.1616E-02  0.1134E-02  0.2066E-02  0.1238E-02  0.5420E-02  0.1864E-01  0.1606E-02  0.2591E-03  0.1585E-02  0.1255E-02
      4.445  0.4438E-02  0.7286E-02  0.3681E-02  0.1450E-01  0.8309E-03  0.1598E-02  0.4283E-02  0.1339E-01  0.7698E-03  0.1624E-02  0.1612E-02  0.1133E-02  0.3598E-02  0.1561E-01  0.9958E-03  0.2520E-03  0.6367E-03  0.1918E-02
      4.455  0.4109E-02  0.7616E-02  0.3332E-02  0.1951E-01  0.9048E-03  0.1201E-02  0.3835E-02  0.2127E-01  0.6746E-03  0.2597E-02  0.1624E-02  0.1512E-02  0.3284E-02  0.1767E-01  0.9370E-03  0.4086E-03  0.5502E-03  0.2587E-02
      4.465  0.3856E-02  0.4070E-02  0.3046E-02  0.1131E-01  0.9928E-03  0.7716E-03  0.3433E-02  0.1416E-01  0.5897E-03  0.1585E-02  0.1622E-02  0.1560E-02  0.3033E-02  0.1129E-01  0.8830E-03  0.3784E-03  0.4716E-03  0.1238E-02
      4.475  0.3616E-02  0.3208E-02  0.2780E-02  0.9077E-02  0.1086E-02  0.9102E-03  0.3050E-02  0.1149E-01  0.5107E-03  0.1274E-02  0.1604E-02  0.1551E-02  0.2791E-02  0.9201E-02  0.8310E-03  0.3708E-03  0.3992E-03  0.8956E-03
      4.485  0.3414E-02  0.2765E-02  0.2567E-02  0.7525E-02  0.1249E-02  0.1357E-02  0.2705E-02  0.9490E-02  0.4386E-03  0.1004E-02  0.1749E-02  0.1995E-02  0.2572E-02  0.8003E-02  0.8261E-03  0.4797E-03  0.3353E-03  0.6693E-03
      4.495  0.3347E-02  0.2655E-02  0.2582E-02  0.6837E-02  0.1805E-02  0.2638E-02  0.2579E-02  0.8233E-02  0.3960E-03  0.8557E-03  0.2857E-02  0.3285E-02  0.2490E-02  0.7629E-02  0.1035E-02  0.7742E-03  0.2961E-03  0.5456E-03
      4.505  0.3427E-02  0.2413E-02  0.2562E-02  0.6177E-02  0.2396E-02  0.2915E-02  0.2465E-02  0.7237E-02  0.3887E-03  0.7358E-03  0.3218E-02  0.3682E-02  0.2345E-02  0.6824E-02  0.1158E-02  0.7561E-03  0.2735E-03  0.4981E-03
      4.515  0.3366E-02  0.2189E-02  0.2529E-02  0.5542E-02  0.2711E-02  0.3011E-02  0.2432E-02  0.6314E-02  0.3630E-03  0.6688E-03  0.3854E-02  0.3472E-02  0.2243E-02  0.5949E-02  0.1173E-02  0.7076E-03  0.2608E-03  0.4668E-03
      4.525  0.3296E-02  0.2005E-02  0.2392E-02  0.4929E-02  0.2750E-02  0.3021E-02  0.2200E-02  0.5429E-02  0.3416E-03  0.6174E-03  0.3586E-02  0.3094E-02  0.2071E-02  0.5108E-02  0.1095E-02  0.6488E-03  0.2482E-03  0.4406E-03
      4.535  0.3827E-02  0.1882E-02  0.2342E-02  0.4353E-02  0.2754E-02  0.2997E-02  0.2052E-02  0.4600E-02  0.3327E-03  0.5722E-03  0.3256E-02  0.2727E-02  0.2030E-02  0.4370E-02  0.1028E-02  0.5911E-03  0.2424E-03  0.4165E-03
      4.545  0.7108E-02  0.1807E-02  0.2499E-02  0.3797E-02  0.2737E-02  0.2925E-02  0.2189E-02  0.3830E-02  0.3483E-03  0.5305E-03  0.2968E-02  0.2369E-02  0.2373E-02  0.3704E-02  0.1031E-02  0.5359E-03  0.2659E-03  0.3929E-03
      4.555  0.1263E-01  0.1788E-02  0.2913E-02  0.2901E-02  0.2692E-02  0.2755E-02  0.2598E-02  0.3031E-02  0.3869E-03  0.4921E-03  0.2729E-02  0.2033E-02  0.3023E-02  0.2955E-02  0.1104E-02  0.4750E-03  0.3089E-03  0.3712E-03
      4.565  0.1983E-01  0.2120E-02  0.3297E-02  0.2153E-02  0.2611E-02  0.2322E-02  0.3355E-02  0.2469E-02  0.4485E-03  0.4673E-03  0.2606E-02  0.1702E-02  0.3886E-02  0.2554E-02  0.1201E-02  0.3483E-03  0.3667E-03  0.3536E-03
      4.575  0.2732E-01  0.3127E-02  0.4074E-02  0.1888E-02  0.2384E-02  0.2277E-02  0.4447E-02  0.1398E-02  0.5153E-03  0.4751E-03  0.2519E-02  0.1533E-02  0.4994E-02  0.2392E-02  0.1276E-02  0.3109E-03  0.4285E-03  0.3655E-03
      4.585  0.3511E-01  0.5796E-02  0.4987E-02  0.2299E-02  0.2418E-02  0.2266E-02  0.5675E-02  0.1801E-02  0.5900E-03  0.5287E-03  0.2654E-02  0.1520E-02  0.6184E-02  0.3232E-02  0.1486E-02  0.3517E-03  0.4978E-03  0.4286E-03
      4.595  0.4318E-01  0.8952E-02  0.6002E-02  0.2840E-02  0.2322E-02  0.2291E-02  0.7211E-02  0.2307E-02  0.6724E-03  0.5997E-03  0.2757E-02  0.1517E-02  0.7384E-02  0.4225E-02  0.1764E-02  0.4064E-03  0.5697E-03  0.5018E-03
      4.605  0.5185E-01  0.1222E-01  0.7542E-02  0.3565E-02  0.2344E-02  0.2359E-02  0.9267E-02  0.2984E-02  0.7917E-03  0.6828E-03  0.3058E-02  0.1540E-02  0.8654E-02  0.5232E-02  0.2157E-02  0.4747E-03  0.6868E-03  0.5933E-03
      4.615  0.6135E-01  0.1578E-01  0.1009E-01  0.4723E-02  0.2557E-02  0.2519E-02  0.1223E-01  0.4054E-02  0.9753E-03  0.8077E-03  0.3657E-02  0.1649E-02  0.1002E-01  0.6343E-02  0.2752E-02  0.5684E-03  0.8971E-03  0.7273E-03
      4.625  0.7116E-01  0.1936E-01  0.1282E-01  0.5935E-02  0.2735E-02  0.2676E-02  0.1540E-01  0.5177E-02  0.1171E-02  0.9373E-03  0.4234E-02  0.1745E-02  0.1142E-01  0.7446E-02  0.3365E-02  0.6622E-03  0.1122E-02  0.8659E-03
      4.635  0.7475E-01  0.2307E-01  0.1601E-01  0.7267E-02  0.2899E-02  0.2833E-02  0.1912E-01  0.6433E-02  0.1419E-02  0.1083E-02  0.5005E-02  0.1847E-02  0.1244E-01  0.8550E-02  0.3994E-02  0.7625E-03  0.1419E-02  0.1014E-02
      4.645  0.6505E-01  0.2729E-01  0.1748E-01  0.8996E-02  0.3042E-02  0.3007E-02  0.1974E-01  0.8189E-02  0.1686E-02  0.1296E-02  0.5664E-02  0.2019E-02  0.1222E-01  0.9687E-02  0.4028E-02  0.8948E-03  0.1883E-02  0.1196E-02
      4.655  0.5502E-01  0.3156E-01  0.1830E-01  0.1079E-01  0.3025E-02  0.3178E-02  0.2139E-01  0.1004E-01  0.1858E-02  0.1520E-02  0.6067E-02  0.2174E-02  0.1081E-01  0.1081E-01  0.4274E-02  0.1025E-02  0.2114E-02  0.1385E-02
      4.665  0.4853E-01  0.3587E-01  0.2168E-01  0.1264E-01  0.2989E-02  0.3346E-02  0.2654E-01  0.1200E-01  0.2086E-02  0.1755E-02  0.6791E-02  0.2310E-02  0.9182E-02  0.1193E-01  0.5123E-02  0.1153E-02  0.2332E-02  0.1580E-02
      4.675  0.3658E-01  0.3967E-01  0.3013E-01  0.1444E-01  0.2649E-02  0.3465E-02  0.2599E-01  0.1405E-01  0.2012E-02  0.2004E-02  0.7684E-02  0.2409E-02  0.8068E-02  0.1294E-01  0.5219E-02  0.1252E-02  0.2488E-02  0.1805E-02
      4.685  0.2454E-01  0.3938E-01  0.2033E-01  0.1566E-01  0.1641E-02  0.3359E-02  0.1827E-01  0.1586E-01  0.1465E-02  0.2223E-02  0.5032E-02  0.2411E-02  0.6978E-02  0.1326E-01  0.3859E-02  0.1235E-02  0.1907E-02  0.2057E-02
      4.695  0.1869E-01  0.3435E-01  0.1779E-01  0.1617E-01  0.1171E-02  0.3072E-02  0.1641E-01  0.1697E-01  0.1266E-02  0.2357E-02  0.4291E-02  0.2335E-02  0.6151E-02  0.1269E-01  0.3527E-02  0.1143E-02  0.1637E-02  0.2229E-02
      4.705  0.1268E-01  0.2088E-01  0.1599E-01  0.1392E-01  0.8950E-03  0.2056E-02  0.1465E-01  0.1460E-01  0.1021E-02  0.2297E-02  0.3836E-02  0.1963E-02  0.5299E-02  0.8056E-02  0.3262E-02  0.9280E-03  0.1286E-02  0.2301E-02
      4.715  0.9738E-02  0.1627E-01  0.1446E-01  0.1371E-01  0.7837E-03  0.1557E-02  0.1314E-01  0.1178E-01  0.8345E-03  0.1894E-02  0.3592E-02  0.1624E-02  0.4740E-02  0.6135E-02  0.3082E-02  0.7260E-03  0.1023E-02  0.2252E-02
      4.725  0.8412E-02  0.1679E-01  0.1312E-01  0.1165E-01  0.7173E-03  0.1164E-02  0.1178E-01  0.1362E-01  0.6824E-03  0.1606E-02  0.3419E-02  0.1317E-02  0.4327E-02  0.5591E-02  0.2940E-02  0.6470E-03  0.8143E-03  0.1896E-02
      4.735  0.7124E-02  0.1671E-01  0.1184E-01  0.1241E-01  0.6551E-03  0.8265E-03  0.1052E-01  0.1399E-01  0.5434E-03  0.1433E-02  0.3246E-02  0.9681E-03  0.3913E-02  0.5336E-02  0.2806E-02  0.5126E-03  0.6116E-03  0.1580E-02
      4.745  0.8657E-02  0.1541E-01  0.1183E-01  0.1658E-01  0.1279E-02  0.7325E-03  0.1073E-01  0.1539E-01  0.5962E-03  0.1335E-02  0.3440E-02  0.1031E-02  0.3972E-02  0.4986E-02  0.3133E-02  0.5757E-03  0.5266E-03  0.1373E-02
      4.755  0.1465E-01  0.1592E-01  0.1325E-01  0.1586E-01  0.2518E-02  0.7094E-03  0.1239E-01  0.1519E-01  0.7738E-03  0.1279E-02  0.4277E-02  0.1054E-02  0.4743E-02  0.4798E-02  0.3941E-02  0.5790E-03  0.8435E-03  0.1241E-02
      4.765  0.1819E-01  0.1789E-01  0.1359E-01  0.1571E-01  0.3245E-02  0.8183E-03  0.1275E-01  0.1541E-01  0.9007E-03  0.1334E-02  0.4593E-02  0.1178E-02  0.5063E-02  0.4750E-02  0.4164E-02  0.6369E-03  0.1010E-02  0.1306E-02
      4.775  0.1921E-01  0.2126E-01  0.1377E-01  0.1622E-01  0.3422E-02  0.1013E-02  0.1338E-01  0.1627E-01  0.8990E-03  0.1514E-02  0.5465E-02  0.1421E-02  0.4776E-02  0.4873E-02  0.5652E-02  0.8841E-03  0.9951E-03  0.1399E-02
      4.785  0.1975E-01  0.2520E-01  0.1392E-01  0.1694E-01  0.3484E-02  0.1222E-02  0.1372E-01  0.1702E-01  0.8696E-03  0.1655E-02  0.6324E-02  0.1670E-02  0.4410E-02  0.5103E-02  0.6701E-02  0.1169E-02  0.9625E-03  0.1559E-02
      4.795  0.1989E-01  0.2728E-01  0.1375E-01  0.1711E-01  0.3464E-02  0.1330E-02  0.1352E-01  0.1730E-01  0.8311E-03  0.1674E-02  0.6830E-02  0.1846E-02  0.4015E-02  0.5149E-02  0.7216E-02  0.1435E-02  0.9209E-03  0.1689E-02
      4.805  0.1944E-01  0.2466E-01  0.1298E-01  0.1644E-01  0.3347E-02  0.1285E-02  0.1307E-01  0.1666E-01  0.7850E-03  0.1572E-02  0.6791E-02  0.1917E-02  0.3585E-02  0.4615E-02  0.7563E-02  0.1589E-02  0.8729E-03  0.1592E-02
      4.815  0.1863E-01  0.2194E-01  0.1210E-01  0.1580E-01  0.3179E-02  0.1237E-02  0.1237E-01  0.1605E-01  0.7325E-03  0.1471E-02  0.6707E-02  0.1991E-02  0.3130E-02  0.4083E-02  0.7689E-02  0.1750E-02  0.8195E-03  0.1495E-02
      4.825  0.1772E-01  0.1913E-01  0.1120E-01  0.1517E-01  0.3012E-02  0.1187E-02  0.1165E-01  0.1547E-01  0.6749E-03  0.1368E-02  0.6626E-02  0.2069E-02  0.2656E-02  0.3551E-02  0.7819E-02  0.1917E-02  0.7617E-03  0.1397E-02
      4.835  0.1801E-01  0.1744E-01  0.1437E-01  0.1467E-01  0.3139E-02  0.1151E-02  0.1440E-01  0.1502E-01  0.8534E-03  0.1291E-02  0.8414E-02  0.2165E-02  0.3856E-02  0.3096E-02  0.9512E-02  0.2096E-02  0.1200E-02  0.1320E-02
      4.845  0.2260E-01  0.1623E-01  0.2463E-01  0.1412E-01  0.3853E-02  0.1110E-02  0.3406E-01  0.1446E-01  0.1796E-02  0.1221E-02  0.1357E-01  0.2235E-02  0.1092E-01  0.2679E-02  0.1834E-01  0.2211E-02  0.3768E-02  0.1246E-02
      4.855  0.1706E-01  0.1503E-01  0.9049E-02  0.1354E-01  0.2578E-02  0.1066E-02  0.1257E-01  0.1386E-01  0.8269E-03  0.1147E-02  0.6333E-02  0.2296E-02  0.3539E-02  0.2271E-02  0.1056E-01  0.2313E-02  0.1079E-02  0.1169E-02
      4.865  0.1640E-01  0.1380E-01  0.4723E-02  0.1275E-01  0.2369E-02  0.1016E-02  0.5405E-02  0.1316E-01  0.3252E-03  0.1071E-02  0.5314E-02  0.2310E-02  0.1384E-02  0.1908E-02  0.7091E-02  0.2406E-02  0.3437E-03  0.1091E-02
      4.875  0.1888E-01  0.1280E-01  0.4762E-02  0.1261E-01  0.2576E-02  0.9707E-03  0.5499E-02  0.1273E-01  0.3440E-03  0.1051E-02  0.5841E-02  0.2351E-02  0.1482E-02  0.1928E-02  0.7791E-02  0.2495E-02  0.3636E-03  0.1134E-02
      4.885  0.2276E-01  0.2376E-01  0.5010E-02  0.4816E-01  0.2944E-02  0.2036E-02  0.5697E-02  0.5159E-01  0.3843E-03  0.5263E-02  0.6558E-02  0.4634E-02  0.1695E-02  0.2258E-01  0.8833E-02  0.3838E-02  0.4021E-03  0.7455E-02
      4.895  0.2636E-01  0.1286E-01  0.5260E-02  0.1327E-01  0.3352E-02  0.9701E-03  0.5893E-02  0.2094E-01  0.4245E-03  0.1905E-02  0.7332E-02  0.2686E-02  0.1889E-02  0.5617E-02  0.9971E-02  0.3370E-02  0.4407E-03  0.1913E-02
      4.905  0.3252E-01  0.9049E-02  0.6415E-02  0.5060E-02  0.4228E-02  0.6248E-03  0.6790E-02  0.5680E-02  0.5896E-03  0.5057E-03  0.9694E-02  0.1990E-02  0.3106E-02  0.1034E-02  0.1349E-01  0.2429E-02  0.5351E-03  0.5102E-03
      4.915  0.4229E-01  0.8456E-02  0.8233E-02  0.4820E-02  0.9626E-02  0.5965E-03  0.8648E-02  0.5275E-02  0.8086E-03  0.4550E-03  0.1477E-01  0.2042E-02  0.4329E-02  0.9276E-03  0.2359E-01  0.2603E-02  0.7302E-03  0.4598E-03
      4.925  0.5881E-01  0.8954E-02  0.1216E-01  0.4718E-02  0.2530E-01  0.6079E-03  0.1347E-01  0.5106E-02  0.1218E-02  0.4530E-03  0.2508E-01  0.2219E-02  0.5820E-02  0.9727E-03  0.4435E-01  0.2932E-02  0.1213E-02  0.4392E-03
      4.935  0.8818E-01  0.1405E-01  0.2990E-01  0.7423E-02  0.5870E-01  0.2398E-02  0.3179E-01  0.7135E-02  0.2157E-02  0.7254E-03  0.5094E-01  0.3878E-02  0.7918E-02  0.1509E-02  0.6555E-01  0.4274E-02  0.3263E-02  0.6966E-03
      4.945  0.6272E-01  0.2234E-01  0.1871E-01  0.9443E-02  0.2112E-01  0.4471E-02  0.1627E-01  0.8719E-02  0.1400E-02  0.1138E-02  0.2869E-01  0.5541E-02  0.6863E-02  0.2814E-02  0.3890E-01  0.6712E-02  0.1477E-02  0.1006E-02
      4.955  0.5504E-01  0.2403E-01  0.1482E-01  0.9825E-02  0.1653E-01  0.4733E-02  0.1377E-01  0.9368E-02  0.1212E-02  0.1310E-02  0.2546E-01  0.6440E-02  0.5580E-02  0.3297E-02  0.2964E-01  0.7964E-02  0.1203E-02  0.1174E-02
      4.965  0.3654E-01  0.2523E-01  0.9517E-02  0.1003E-01  0.1447E-01  0.4864E-02  0.1057E-01  0.9893E-02  0.1080E-02  0.1469E-02  0.1808E-01  0.7239E-02  0.3834E-02  0.3710E-02  0.2243E-01  0.9190E-02  0.1053E-02  0.1314E-02
      4.975  0.3641E-01  0.2464E-01  0.1601E-01  0.9576E-02  0.6313E-01  0.4473E-02  0.1832E-01  0.9619E-02  0.2037E-02  0.1465E-02  0.2704E-01  0.7689E-02  0.4216E-02  0.4014E-02  0.2711E-01  0.9809E-02  0.1513E-02  0.1298E-02
      4.985  0.2778E-01  0.2416E-01  0.1293E-01  0.8982E-02  0.3624E-01  0.4079E-02  0.1531E-01  0.9207E-02  0.1589E-02  0.1428E-02  0.1901E-01  0.8183E-02  0.3476E-02  0.4308E-02  0.2311E-01  0.1040E-01  0.1369E-02  0.1245E-02
      4.995  0.2530E-01  0.2408E-01  0.1171E-01  0.8949E-02  0.2233E-01  0.3819E-02  0.1316E-01  0.8921E-02  0.1445E-02  0.1386E-02  0.1851E-01  0.8738E-02  0.3711E-02  0.4610E-02  0.2203E-01  0.1101E-01  0.1293E-02  0.1185E-02
      5.005  0.2627E-01  0.2426E-01  0.1201E-01  0.9079E-02  0.1122E-01  0.3670E-02  0.1166E-01  0.9061E-02  0.1507E-02  0.1394E-02  0.2111E-01  0.9250E-02  0.4354E-02  0.4850E-02  0.2881E-01  0.1167E-01  0.1580E-02  0.1191E-02
      5.015  0.4814E-01  0.2857E-01  0.2201E-01  0.9921E-02  0.7691E-02  0.7838E-02  0.1915E-01  0.1011E-01  0.2906E-02  0.1492E-02  0.3481E-01  0.1021E-01  0.7437E-02  0.5506E-02  0.6408E-01  0.1286E-01  0.3410E-02  0.1270E-02
      5.025  0.3111E-01  0.3416E-01  0.1387E-01  0.1115E-01  0.5423E-02  0.1366E-01  0.1523E-01  0.1129E-01  0.1701E-02  0.1683E-02  0.2803E-01  0.1141E-01  0.6523E-02  0.6219E-02  0.3882E-01  0.1446E-01  0.2558E-02  0.1433E-02
      5.035  0.1524E-01  0.5532E-01  0.1152E-01  0.1390E-01  0.1470E-01  0.3255E-01  0.1517E-01  0.1384E-01  0.1754E-02  0.2584E-02  0.2442E-01  0.1781E-01  0.7772E-02  0.7369E-02  0.2663E-01  0.2935E-01  0.2143E-02  0.1875E-02
      5.045  0.9043E-02  0.7778E-01  0.1009E-01  0.1763E-01  0.9635E-02  0.5168E-01  0.1116E-01  0.1553E-01  0.1370E-02  0.3134E-02  0.1949E-01  0.3590E-01  0.5083E-02  0.8210E-02  0.1883E-01  0.3967E-01  0.1644E-02  0.2830E-02
      5.055  0.8359E-02  0.6295E-01  0.8664E-02  0.1557E-01  0.4238E-02  0.3846E-01  0.1228E-01  0.1474E-01  0.1294E-02  0.2922E-02  0.1736E-01  0.3299E-01  0.3928E-02  0.7429E-02  0.2068E-01  0.3748E-01  0.1278E-02  0.2620E-02
      5.065  0.9609E-02  0.4589E-01  0.1041E-01  0.1280E-01  0.4543E-02  0.2548E-01  0.1551E-01  0.1294E-01  0.1667E-02  0.2527E-02  0.2031E-01  0.2750E-01  0.4464E-02  0.5864E-02  0.2437E-01  0.3001E-01  0.1640E-02  0.2251E-02
      5.075  0.1286E-01  0.2895E-01  0.1120E-01  0.9782E-02  0.5133E-02  0.1732E-01  0.1392E-01  0.8894E-02  0.1965E-02  0.2006E-02  0.2972E-01  0.2089E-01  0.5927E-02  0.3861E-02  0.2910E-01  0.2481E-01  0.1801E-02  0.1834E-02
      5.085  0.1648E-01  0.2317E-01  0.1267E-01  0.8155E-02  0.6035E-02  0.1267E-01  0.1517E-01  0.6815E-02  0.2405E-02  0.1486E-02  0.3892E-01  0.1996E-01  0.7695E-02  0.2316E-02  0.3656E-01  0.2435E-01  0.2195E-02  0.1444E-02
      5.095  0.2028E-01  0.2300E-01  0.1425E-01  0.9546E-02  0.6949E-02  0.1259E-01  0.1655E-01  0.7990E-02  0.2790E-02  0.1636E-02  0.4722E-01  0.2190E-01  0.9664E-02  0.2368E-02  0.4443E-01  0.2811E-01  0.2603E-02  0.1691E-02
      5.105  0.1852E-01  0.2640E-01  0.1277E-01  0.1331E-01  0.4934E-02  0.1352E-01  0.1503E-01  0.1074E-01  0.2467E-02  0.2170E-02  0.3829E-01  0.3660E-01  0.7377E-02  0.4410E-02  0.2927E-01  0.4877E-01  0.2071E-02  0.2735E-02
      5.115  0.1346E-01  0.2156E-01  0.1001E-01  0.1180E-01  0.3399E-02  0.1267E-01  0.1301E-01  0.1019E-01  0.1690E-02  0.2010E-02  0.1795E-01  0.3186E-01  0.3796E-02  0.3541E-02  0.2014E-01  0.4398E-01  0.1708E-02  0.2528E-02
      5.125  0.9199E-02  0.1614E-01  0.9615E-02  0.9638E-02  0.3069E-02  0.1140E-01  0.1223E-01  0.9354E-02  0.1602E-02  0.1741E-02  0.1410E-01  0.2490E-01  0.2661E-02  0.2190E-02  0.1822E-01  0.3083E-01  0.1715E-02  0.1971E-02
      5.135  0.1311E-01  0.1230E-01  0.1223E-01  0.8277E-02  0.4467E-02  0.1009E-01  0.1482E-01  0.9230E-02  0.2105E-02  0.1506E-02  0.1878E-01  0.1802E-01  0.3275E-02  0.1393E-02  0.2272E-01  0.1535E-01  0.2210E-02  0.1408E-02
      5.145  0.4460E-01  0.1162E-01  0.2215E-01  0.8566E-02  0.1074E-01  0.9542E-02  0.2388E-01  0.1039E-01  0.3069E-02  0.1741E-02  0.3814E-01  0.1567E-01  0.9071E-02  0.1550E-02  0.5677E-01  0.1526E-01  0.4119E-02  0.1565E-02
      5.155  0.7718E-01  0.1036E-01  0.2348E-01  0.8575E-02  0.1534E-01  0.8482E-02  0.2679E-01  0.1106E-01  0.3626E-02  0.2268E-02  0.4942E-01  0.1845E-01  0.1566E-01  0.1530E-02  0.6503E-01  0.1520E-01  0.3862E-02  0.1841E-02
      5.165  0.6704E-01  0.9339E-02  0.1827E-01  0.9447E-02  0.1378E-01  0.8082E-02  0.1938E-01  0.1129E-01  0.3135E-02  0.2897E-02  0.3993E-01  0.2748E-01  0.1464E-01  0.1521E-02  0.4594E-01  0.1434E-01  0.3055E-02  0.2151E-02
      5.175  0.5659E-01  0.7220E-02  0.1268E-01  0.9679E-02  0.1249E-01  0.7786E-02  0.1617E-01  0.1183E-01  0.2440E-02  0.2949E-02  0.2862E-01  0.2073E-01  0.1220E-01  0.2039E-02  0.3766E-01  0.1204E-01  0.2504E-02  0.2257E-02
      5.185  0.4977E-01  0.6690E-02  0.1033E-01  0.1145E-01  0.1284E-01  0.7720E-02  0.1625E-01  0.1334E-01  0.2351E-02  0.3020E-02  0.2402E-01  0.1148E-01  0.1202E-01  0.3944E-02  0.3138E-01  0.9160E-02  0.2364E-02  0.2577E-02
      5.195  0.4674E-01  0.8860E-02  0.1372E-01  0.1404E-01  0.1609E-01  0.7887E-02  0.1998E-01  0.1570E-01  0.2875E-02  0.3274E-02  0.2758E-01  0.6276E-02  0.1406E-01  0.6890E-02  0.3356E-01  0.8085E-02  0.2856E-02  0.2976E-02
      5.205  0.4114E-01  0.1485E-01  0.1526E-01  0.1753E-01  0.1920E-01  0.8412E-02  0.2213E-01  0.1948E-01  0.3396E-02  0.3910E-02  0.3050E-01  0.7920E-02  0.1574E-01  0.1146E-01  0.3956E-01  0.9985E-02  0.3244E-02  0.3550E-02
      5.215  0.3453E-01  0.2697E-01  0.1657E-01  0.2214E-01  0.2240E-01  0.9103E-02  0.2451E-01  0.2459E-01  0.4013E-02  0.4680E-02  0.3369E-01  0.9811E-02  0.1772E-01  0.1885E-01  0.4752E-01  0.1258E-01  0.3697E-02  0.4255E-02
      5.225  0.2857E-01  0.2832E-01  0.1644E-01  0.2436E-01  0.2401E-01  0.9877E-02  0.2578E-01  0.2623E-01  0.4222E-02  0.4231E-02  0.3580E-01  0.1243E-01  0.1894E-01  0.1992E-01  0.5017E-01  0.1194E-01  0.4003E-02  0.4394E-02
      5.235  0.2067E-01  0.2539E-01  0.1261E-01  0.1529E-01  0.1695E-01  0.6286E-02  0.1881E-01  0.1674E-01  0.3259E-02  0.3431E-02  0.2755E-01  0.6861E-02  0.1415E-01  0.1396E-01  0.3632E-01  0.8043E-02  0.3131E-02  0.3434E-02
      5.245  0.1400E-01  0.2321E-01  0.9326E-02  0.1247E-01  0.1066E-01  0.5643E-02  0.1286E-01  0.1449E-01  0.2439E-02  0.3041E-02  0.1976E-01  0.6163E-02  0.9986E-02  0.1186E-01  0.2664E-01  0.6672E-02  0.2495E-02  0.3156E-02
      5.255  0.1169E-01  0.2173E-01  0.8415E-02  0.1124E-01  0.7961E-02  0.5230E-02  0.1084E-01  0.1265E-01  0.2228E-02  0.2943E-02  0.1708E-01  0.5639E-02  0.7947E-02  0.1054E-01  0.2347E-01  0.5931E-02  0.2369E-02  0.2935E-02
      5.265  0.2079E-01  0.2488E-01  0.1704E-01  0.1164E-01  0.8842E-02  0.5699E-02  0.1334E-01  0.1512E-01  0.5708E-02  0.3407E-02  0.3370E-01  0.8317E-02  0.1352E-01  0.9555E-02  0.4416E-01  0.1371E-01  0.5245E-02  0.3453E-02
      5.275  0.2083E-01  0.3540E-01  0.1654E-01  0.1265E-01  0.8638E-02  0.7245E-02  0.1227E-01  0.1864E-01  0.5504E-02  0.4534E-02  0.3021E-01  0.1483E-01  0.1221E-01  0.8901E-02  0.4406E-01  0.3373E-01  0.4647E-02  0.4609E-02
      5.285  0.1629E-01  0.2786E-01  0.1129E-01  0.1114E-01  0.7677E-02  0.6675E-02  0.1047E-01  0.1379E-01  0.3751E-02  0.4163E-02  0.2143E-01  0.1163E-01  0.8522E-02  0.8292E-02  0.3204E-01  0.1818E-01  0.3101E-02  0.3852E-02
      5.295  0.1645E-01  0.5203E-01  0.9261E-02  0.1999E-01  0.8363E-02  0.1210E-01  0.9357E-02  0.1730E-01  0.2743E-02  0.7996E-02  0.1864E-01  0.5466E-01  0.7544E-02  0.9012E-02  0.2519E-01  0.3436E-01  0.2315E-02  0.6268E-02
      5.305  0.2016E-01  0.4301E-01  0.9721E-02  0.1072E-01  0.9672E-02  0.1181E-01  0.9412E-02  0.1407E-01  0.2730E-02  0.4260E-02  0.2148E-01  0.2937E-01  0.8439E-02  0.8598E-02  0.2533E-01  0.3204E-01  0.2692E-02  0.4740E-02
      5.315  0.2760E-01  0.3866E-01  0.1264E-01  0.8625E-02  0.1371E-01  0.1000E-01  0.1136E-01  0.1303E-01  0.3840E-02  0.4299E-02  0.3300E-01  0.2506E-01  0.1193E-01  0.8441E-02  0.4076E-01  0.2480E-01  0.4132E-02  0.4355E-02
      5.325  0.3804E-01  0.3575E-01  0.2274E-01  0.6714E-02  0.2981E-01  0.8666E-02  0.2527E-01  0.1220E-01  0.7668E-02  0.4374E-02  0.1039E+00  0.2200E-01  0.2142E-01  0.8406E-02  0.9715E-01  0.2488E-01  0.9754E-02  0.4084E-02
      5.335  0.4012E-01  0.3300E-01  0.1745E-01  0.6961E-02  0.2314E-01  0.8152E-02  0.1586E-01  0.1238E-01  0.5160E-02  0.4252E-02  0.5189E-01  0.2061E-01  0.1699E-01  0.8452E-02  0.6100E-01  0.2454E-01  0.6494E-02  0.3982E-02
      5.345  0.5462E-01  0.3015E-01  0.2559E-01  0.7350E-02  0.2606E-01  0.7628E-02  0.1967E-01  0.1259E-01  0.4588E-02  0.4090E-02  0.3684E-01  0.1934E-01  0.1869E-01  0.8574E-02  0.3574E-01  0.2427E-01  0.5303E-02  0.3821E-02
      5.355  0.3612E-01  0.2736E-01  0.2387E-01  0.7920E-02  0.2066E-01  0.7208E-02  0.1890E-01  0.1296E-01  0.3748E-02  0.3919E-02  0.2886E-01  0.1836E-01  0.1318E-01  0.8828E-02  0.2755E-01  0.2436E-01  0.4235E-02  0.3641E-02
      5.365  0.3110E-01  0.2915E-01  0.2510E-01  0.1119E-01  0.1833E-01  0.1090E-01  0.1905E-01  0.1744E-01  0.3580E-02  0.4242E-02  0.2568E-01  0.2169E-01  0.1057E-01  0.1248E-01  0.2193E-01  0.2982E-01  0.3685E-02  0.3842E-02
      5.375  0.2606E-01  0.3201E-01  0.2661E-01  0.1729E-01  0.1606E-01  0.1527E-01  0.1962E-01  0.2198E-01  0.3363E-02  0.4503E-02  0.2393E-01  0.2927E-01  0.7993E-02  0.1776E-01  0.1870E-01  0.3733E-01  0.3316E-02  0.3945E-02
      5.385  0.2697E-01  0.3363E-01  0.3285E-01  0.2321E-01  0.1714E-01  0.1731E-01  0.2484E-01  0.2531E-01  0.3521E-02  0.4917E-02  0.2706E-01  0.3931E-01  0.7096E-02  0.2084E-01  0.1873E-01  0.4763E-01  0.3365E-02  0.3937E-02
      5.395  0.1174E-01  0.2735E-01  0.1514E-01  0.2484E-01  0.1224E-01  0.1476E-01  0.1254E-01  0.2331E-01  0.2552E-02  0.4504E-02  0.2709E-01  0.3974E-01  0.5632E-02  0.1691E-01  0.1626E-01  0.5181E-01  0.2717E-02  0.3723E-02
      5.405  0.1457E-01  0.1967E-01  0.1748E-01  0.2155E-01  0.1565E-01  0.1025E-01  0.1500E-01  0.1934E-01  0.2757E-02  0.3261E-02  0.2927E-01  0.2868E-01  0.6696E-02  0.1091E-01  0.1827E-01  0.3522E-01  0.2825E-02  0.2170E-02
      5.415  0.1803E-01  0.1169E-01  0.2118E-01  0.1706E-01  0.2184E-01  0.5260E-02  0.1871E-01  0.1493E-01  0.3167E-02  0.2131E-02  0.2807E-01  0.1803E-01  0.7660E-02  0.6245E-02  0.1901E-01  0.2123E-01  0.3300E-02  0.1185E-02
      5.425  0.1995E-01  0.8596E-02  0.2916E-01  0.1394E-01  0.2849E-01  0.3439E-02  0.2258E-01  0.1173E-01  0.4146E-02  0.1523E-02  0.2399E-01  0.1287E-01  0.9348E-02  0.3942E-02  0.1931E-01  0.1350E-01  0.4704E-02  0.9947E-03
      5.435  0.1675E-01  0.1011E-01  0.2009E-01  0.1311E-01  0.2614E-01  0.3778E-02  0.1553E-01  0.1156E-01  0.2088E-02  0.1229E-02  0.2061E-01  0.1245E-01  0.8163E-02  0.4197E-02  0.1643E-01  0.1192E-01  0.2715E-02  0.1247E-02
      5.445  0.1773E-01  0.1547E-01  0.1914E-01  0.1353E-01  0.3014E-01  0.6310E-02  0.1554E-01  0.1068E-01  0.2078E-02  0.1431E-02  0.1982E-01  0.1938E-01  0.8682E-02  0.5719E-02  0.1684E-01  0.2251E-01  0.2583E-02  0.1892E-02
      5.455  0.2003E-01  0.1944E-01  0.1921E-01  0.1297E-01  0.3591E-01  0.8639E-02  0.1668E-01  0.1302E-01  0.2411E-02  0.2409E-02  0.1965E-01  0.2468E-01  0.9612E-02  0.6984E-02  0.1767E-01  0.3226E-01  0.2625E-02  0.2606E-02
      5.465  0.2686E-01  0.3080E-01  0.2027E-01  0.2426E-01  0.5483E-01  0.1854E-01  0.2227E-01  0.2699E-01  0.3457E-02  0.6245E-02  0.2166E-01  0.3933E-01  0.1245E-01  0.1188E-01  0.1553E-01  0.7944E-01  0.4296E-02  0.5521E-02
      5.475  0.1368E-01  0.4448E-01  0.1506E-01  0.3904E-01  0.4067E-01  0.2958E-01  0.1171E-01  0.4039E-01  0.3252E-02  0.9537E-02  0.1944E-01  0.5645E-01  0.8700E-02  0.1528E-01  0.1093E-01  0.8361E-01  0.3911E-02  0.9916E-02
      5.485  0.1461E-01  0.4254E-01  0.1501E-01  0.4681E-01  0.3950E-01  0.1849E-01  0.1209E-01  0.3023E-01  0.4107E-02  0.5763E-02  0.1913E-01  0.3492E-01  0.8919E-02  0.1357E-01  0.1114E-01  0.5519E-01  0.4029E-02  0.1320E-01
      5.495  0.1662E-01  0.2397E-01  0.1609E-01  0.2009E-01  0.3949E-01  0.1094E-01  0.1359E-01  0.2077E-01  0.5591E-02  0.3910E-02  0.1901E-01  0.2264E-01  0.9744E-02  0.7844E-02  0.1177E-01  0.3329E-01  0.4453E-02  0.3351E-02
      5.505  0.1397E-01  0.3288E-01  0.1234E-01  0.2058E-01  0.2905E-01  0.1290E-01  0.1113E-01  0.2456E-01  0.4972E-02  0.5361E-02  0.1770E-01  0.2756E-01  0.7927E-02  0.8768E-02  0.8920E-02  0.2833E-01  0.3876E-02  0.3353E-02
      5.515  0.1067E-01  0.1877E-01  0.8439E-02  0.1270E-01  0.2054E-01  0.1357E-01  0.6656E-02  0.1450E-01  0.3044E-02  0.2550E-02  0.1515E-01  0.2422E-01  0.5667E-02  0.6544E-02  0.7089E-02  0.2286E-01  0.3090E-02  0.2041E-02
      5.525  0.1100E-01  0.2281E-01  0.9566E-02  0.1000E-01  0.2447E-01  0.1816E-01  0.7521E-02  0.9929E-02  0.3469E-02  0.2404E-02  0.1410E-01  0.2828E-01  0.7465E-02  0.6747E-02  0.7549E-02  0.2428E-01  0.3323E-02  0.2019E-02
      5.535  0.1113E-01  0.2669E-01  0.1087E-01  0.8686E-02  0.2846E-01  0.2047E-01  0.9412E-02  0.7780E-02  0.3662E-02  0.2382E-02  0.1108E-01  0.2698E-01  0.9099E-02  0.7292E-02  0.9215E-02  0.2253E-01  0.3837E-02  0.2177E-02
      5.545  0.1116E-01  0.3124E-01  0.1058E-01  0.1095E-01  0.2567E-01  0.2319E-01  0.9176E-02  0.1186E-01  0.3771E-02  0.2771E-02  0.8775E-02  0.3782E-01  0.8700E-02  0.9365E-02  0.7424E-02  0.2758E-01  0.4162E-02  0.2565E-02
      5.555  0.1145E-01  0.3754E-01  0.1049E-01  0.2660E-01  0.2329E-01  0.3050E-01  0.9286E-02  0.3006E-01  0.4072E-02  0.4835E-02  0.6964E-02  0.9227E-01  0.8425E-02  0.1562E-01  0.5949E-02  0.1317E+00  0.4603E-02  0.4458E-02
      5.565  0.1337E-01  0.4207E-01  0.1109E-01  0.1931E-01  0.2115E-01  0.2863E-01  0.9797E-02  0.2021E-01  0.5494E-02  0.5393E-02  0.5613E-02  0.7708E-01  0.8684E-02  0.1499E-01  0.4885E-02  0.9606E-01  0.6061E-02  0.5410E-02
      5.575  0.1468E-01  0.4289E-01  0.1166E-01  0.1457E-01  0.2091E-01  0.2773E-01  0.1055E-01  0.1587E-01  0.7181E-02  0.5116E-02  0.5304E-02  0.5511E-01  0.9276E-02  0.1482E-01  0.4868E-02  0.6667E-01  0.7249E-02  0.5198E-02
      5.585  0.1475E-01  0.4292E-01  0.1241E-01  0.1045E-01  0.2097E-01  0.2718E-01  0.1137E-01  0.1164E-01  0.8340E-02  0.4580E-02  0.5270E-02  0.3501E-01  0.9674E-02  0.1447E-01  0.4920E-02  0.3395E-01  0.8083E-02  0.4706E-02
      5.595  0.1395E-01  0.3875E-01  0.1314E-01  0.8555E-02  0.2071E-01  0.2621E-01  0.1209E-01  0.9587E-02  0.8501E-02  0.4150E-02  0.5225E-02  0.2853E-01  0.9743E-02  0.1319E-01  0.4870E-02  0.2482E-01  0.8553E-02  0.4537E-02
      5.605  0.1286E-01  0.4839E-01  0.1400E-01  0.7354E-02  0.2032E-01  0.3747E-01  0.1297E-01  0.8195E-02  0.8408E-02  0.4209E-02  0.5195E-02  0.3144E-01  0.9695E-02  0.1545E-01  0.4820E-02  0.2511E-01  0.8453E-02  0.5956E-02
      5.615  0.1203E-01  0.2766E-01  0.1515E-01  0.8619E-02  0.2031E-01  0.2789E-01  0.1438E-01  0.8286E-02  0.8577E-02  0.4842E-02  0.5290E-02  0.2495E-01  0.9872E-02  0.1150E-01  0.4951E-02  0.2439E-01  0.8558E-02  0.5366E-02
      5.625  0.1160E-01  0.2590E-01  0.1729E-01  0.1061E-01  0.2099E-01  0.3327E-01  0.1689E-01  0.8756E-02  0.9113E-02  0.5576E-02  0.5581E-02  0.3778E-01  0.1053E-01  0.1210E-01  0.5421E-02  0.3235E-01  0.9123E-02  0.6644E-02
      5.636  0.1128E-01  0.2581E-01  0.1971E-01  0.1312E-01  0.2141E-01  0.3965E-01  0.1965E-01  0.9954E-02  0.9671E-02  0.7033E-02  0.5855E-02  0.5351E-01  0.1108E-01  0.1331E-01  0.5816E-02  0.4304E-01  0.9706E-02  0.8142E-02
      5.646  0.1090E-01  0.2537E-01  0.2228E-01  0.1267E-01  0.2139E-01  0.3108E-01  0.2221E-01  0.1060E-01  0.9879E-02  0.8335E-02  0.6091E-02  0.3198E-01  0.1129E-01  0.1226E-01  0.5998E-02  0.2983E-01  0.1033E-01  0.7972E-02
      5.656  0.1025E-01  0.2342E-01  0.2029E-01  0.1106E-01  0.1898E-01  0.2445E-01  0.1971E-01  0.1069E-01  0.7278E-02  0.9284E-02  0.5741E-02  0.1581E-01  0.1016E-01  0.1165E-01  0.5128E-02  0.1230E-01  0.8765E-02  0.7917E-02
      5.666  0.9926E-02  0.2065E-01  0.1548E-01  0.1136E-01  0.1642E-01  0.2359E-01  0.1466E-01  0.1086E-01  0.4155E-02  0.9356E-02  0.4836E-02  0.1803E-01  0.8746E-02  0.1074E-01  0.4200E-02  0.1263E-01  0.5151E-02  0.8071E-02
      5.676  0.9813E-02  0.1775E-01  0.1331E-01  0.1164E-01  0.1503E-01  0.2264E-01  0.1364E-01  0.1096E-01  0.3594E-02  0.9221E-02  0.4437E-02  0.2046E-01  0.8022E-02  0.9709E-02  0.3785E-02  0.1304E-01  0.3774E-02  0.7860E-02
      5.686  0.1020E-01  0.1523E-01  0.1289E-01  0.1208E-01  0.1421E-01  0.2178E-01  0.1351E-01  0.1126E-01  0.3522E-02  0.9091E-02  0.4311E-02  0.2258E-01  0.7806E-02  0.8827E-02  0.3663E-02  0.1342E-01  0.3603E-02  0.7709E-02
      5.696  0.1055E-01  0.1288E-01  0.1250E-01  0.1251E-01  0.1338E-01  0.2088E-01  0.1331E-01  0.1157E-01  0.3454E-02  0.8921E-02  0.4193E-02  0.2436E-01  0.7570E-02  0.7995E-02  0.3543E-02  0.1372E-01  0.3445E-02  0.7567E-02
      5.706  0.1086E-01  0.2478E-01  0.1218E-01  0.2029E-01  0.1254E-01  0.3703E-01  0.1308E-01  0.1860E-01  0.3392E-02  0.1293E-01  0.4086E-02  0.4803E-01  0.7314E-02  0.1076E-01  0.3431E-02  0.3284E-01  0.3308E-02  0.1202E-01
      5.716  0.1372E-01  0.1472E-01  0.1234E-01  0.1225E-01  0.1171E-01  0.2455E-01  0.1392E-01  0.1095E-01  0.3409E-02  0.5282E-02  0.4020E-02  0.2454E-01  0.7687E-02  0.7669E-02  0.3537E-02  0.1504E-01  0.3559E-02  0.6015E-02
      5.726  0.2449E-01  0.1346E-01  0.1389E-01  0.1168E-01  0.1109E-01  0.2516E-01  0.2000E-01  0.1007E-01  0.3669E-02  0.4045E-02  0.4120E-02  0.2227E-01  0.1002E-01  0.6796E-02  0.4648E-02  0.1380E-01  0.4903E-02  0.4312E-02
      5.736  0.3702E-01  0.1261E-01  0.2138E-01  0.1108E-01  0.1052E-01  0.2344E-01  0.2185E-01  0.9471E-02  0.5254E-02  0.3628E-02  0.5258E-02  0.1847E-01  0.1288E-01  0.6164E-02  0.5192E-02  0.1231E-01  0.5325E-02  0.3635E-02
      5.746  0.4335E-01  0.1198E-01  0.2474E-01  0.1047E-01  0.9670E-02  0.2099E-01  0.2274E-01  0.9175E-02  0.6137E-02  0.3247E-02  0.5945E-02  0.1353E-01  0.1388E-01  0.5654E-02  0.5645E-02  0.1092E-01  0.5475E-02  0.3369E-02
      5.756  0.4196E-01  0.1151E-01  0.2309E-01  0.1008E-01  0.8777E-02  0.1860E-01  0.2130E-01  0.8973E-02  0.5936E-02  0.3030E-02  0.6087E-02  0.1188E-01  0.1299E-01  0.5203E-02  0.6050E-02  0.1027E-01  0.5221E-02  0.3157E-02
      5.766  0.3813E-01  0.1110E-01  0.1943E-01  0.9769E-02  0.7925E-02  0.1617E-01  0.1879E-01  0.8801E-02  0.5556E-02  0.2870E-02  0.5956E-02  0.1122E-01  0.1155E-01  0.4776E-02  0.5951E-02  0.9766E-02  0.4925E-02  0.2977E-02
      5.776  0.3423E-01  0.1132E-01  0.1611E-01  0.9489E-02  0.7105E-02  0.1479E-01  0.1646E-01  0.8659E-02  0.5138E-02  0.2756E-02  0.5800E-02  0.1079E-01  0.1015E-01  0.4536E-02  0.5821E-02  0.9502E-02  0.4601E-02  0.2833E-02
      5.786  0.2862E-01  0.1163E-01  0.1314E-01  0.9226E-02  0.6264E-02  0.1354E-01  0.1452E-01  0.8530E-02  0.4752E-02  0.2655E-02  0.5977E-02  0.1042E-01  0.8379E-02  0.4333E-02  0.5647E-02  0.9283E-02  0.4058E-02  0.2704E-02
      5.796  0.2453E-01  0.1235E-01  0.1206E-01  0.9018E-02  0.5277E-02  0.1229E-01  0.1545E-01  0.8646E-02  0.4586E-02  0.2575E-02  0.7215E-02  0.1009E-01  0.6882E-02  0.4191E-02  0.6226E-02  0.9180E-02  0.4017E-02  0.2619E-02
      5.806  0.2217E-01  0.1706E-01  0.1280E-01  0.9637E-02  0.4846E-02  0.1118E-01  0.1768E-01  0.1009E-01  0.4733E-02  0.2750E-02  0.9106E-02  0.1025E-01  0.6144E-02  0.4538E-02  0.6809E-02  0.9755E-02  0.3868E-02  0.2810E-02
      5.816  0.2086E-01  0.2247E-01  0.1388E-01  0.1021E-01  0.4615E-02  0.1003E-01  0.1965E-01  0.1122E-01  0.4372E-02  0.2985E-02  0.9950E-02  0.1041E-01  0.5931E-02  0.4973E-02  0.7350E-02  0.1024E-01  0.3720E-02  0.3068E-02
      5.826  0.2049E-01  0.3184E-01  0.1487E-01  0.1333E-01  0.4477E-02  0.8945E-02  0.2187E-01  0.1328E-01  0.3899E-02  0.3644E-02  0.9998E-02  0.1132E-01  0.6099E-02  0.5880E-02  0.7872E-02  0.1097E-01  0.3417E-02  0.3589E-02
      5.836  0.1963E-01  0.4890E-01  0.1570E-01  0.1786E-01  0.4329E-02  0.8091E-02  0.2301E-01  0.1632E-01  0.3450E-02  0.5265E-02  0.9680E-02  0.1297E-01  0.6095E-02  0.7647E-02  0.8208E-02  0.1187E-01  0.3071E-02  0.4578E-02
      5.846  0.1852E-01  0.7335E-01  0.1652E-01  0.1887E-01  0.4345E-02  0.9923E-02  0.2345E-01  0.1763E-01  0.3066E-02  0.9522E-02  0.9313E-02  0.1607E-01  0.5999E-02  0.9899E-02  0.8447E-02  0.1392E-01  0.2836E-02  0.7750E-02
      5.856  0.1729E-01  0.4865E-01  0.1732E-01  0.1516E-01  0.4536E-02  0.8977E-02  0.2409E-01  0.1671E-01  0.2762E-02  0.7843E-02  0.8940E-02  0.1579E-01  0.5860E-02  0.6485E-02  0.8718E-02  0.1233E-01  0.2685E-02  0.5997E-02
      5.866  0.1454E-01  0.3102E-01  0.1766E-01  0.1066E-01  0.4455E-02  0.7295E-02  0.2410E-01  0.1388E-01  0.2639E-02  0.5014E-02  0.8605E-02  0.1323E-01  0.5120E-02  0.4700E-02  0.9018E-02  0.9440E-02  0.2575E-02  0.3778E-02
      5.876  0.1330E-01  0.2431E-01  0.1908E-01  0.8628E-02  0.5097E-02  0.5948E-02  0.1971E-01  0.1205E-01  0.3427E-02  0.2382E-02  0.1080E-01  0.8476E-02  0.4980E-02  0.4398E-02  0.1129E-01  0.7267E-02  0.4640E-02  0.2141E-02
      5.886  0.1311E-01  0.2786E-01  0.1941E-01  0.1083E-01  0.5320E-02  0.6127E-02  0.1942E-01  0.1521E-01  0.4053E-02  0.2550E-02  0.1136E-01  0.8420E-02  0.4873E-02  0.4717E-02  0.1338E-01  0.7491E-02  0.6120E-02  0.2650E-02
      5.896  0.1738E-01  0.3213E-01  0.2240E-01  0.1386E-01  0.6843E-02  0.6432E-02  0.2319E-01  0.1770E-01  0.6070E-02  0.3132E-02  0.1366E-01  0.8591E-02  0.6923E-02  0.5042E-02  0.2139E-01  0.8003E-02  0.9904E-02  0.3305E-02
      5.906  0.1642E-01  0.2955E-01  0.2410E-01  0.1663E-01  0.6992E-02  0.7068E-02  0.2080E-01  0.2201E-01  0.6623E-02  0.3998E-02  0.1317E-01  0.1038E-01  0.6480E-02  0.5018E-02  0.1842E-01  0.9742E-02  0.1042E-01  0.4396E-02
      5.916  0.1456E-01  0.2536E-01  0.2308E-01  0.1796E-01  0.6411E-02  0.8963E-02  0.1915E-01  0.1924E-01  0.7093E-02  0.5198E-02  0.9760E-02  0.1192E-01  0.5946E-02  0.5321E-02  0.1315E-01  0.1245E-01  0.8745E-02  0.5944E-02
      5.926  0.1498E-01  0.1371E-01  0.3090E-01  0.1195E-01  0.9428E-02  0.3490E-02  0.2942E-01  0.1117E-01  0.1088E-01  0.3336E-02  0.1489E-01  0.8638E-02  0.8576E-02  0.5304E-02  0.1396E-01  0.1097E-01  0.1336E-01  0.4099E-02
      5.936  0.1676E-01  0.1429E-01  0.3693E-01  0.1364E-01  0.8748E-02  0.4481E-02  0.2794E-01  0.1248E-01  0.1341E-01  0.4061E-02  0.1308E-01  0.9970E-02  0.1051E-01  0.5836E-02  0.1268E-01  0.1234E-01  0.1487E-01  0.5042E-02
      5.946  0.1011E-01  0.1428E-01  0.2242E-01  0.1522E-01  0.4488E-02  0.5488E-02  0.1694E-01  0.1364E-01  0.8363E-02  0.4826E-02  0.6319E-02  0.1104E-01  0.5922E-02  0.6256E-02  0.8481E-02  0.1271E-01  0.9602E-02  0.6007E-02
      5.956  0.9971E-02  0.1367E-01  0.1873E-01  0.1675E-01  0.5340E-02  0.6570E-02  0.1522E-01  0.1475E-01  0.7153E-02  0.5699E-02  0.6994E-02  0.1142E-01  0.5891E-02  0.6624E-02  0.8639E-02  0.1244E-01  0.9357E-02  0.7014E-02
      5.966  0.1023E-01  0.1290E-01  0.1377E-01  0.2479E-01  0.5091E-02  0.9098E-02  0.1389E-01  0.2174E-01  0.6058E-02  0.1218E-01  0.6887E-02  0.1283E-01  0.4824E-02  0.9754E-02  0.7511E-02  0.9293E-02  0.6435E-02  0.1300E-01
      5.976  0.1069E-01  0.1709E-01  0.1436E-01  0.2620E-01  0.5595E-02  0.1192E-01  0.1572E-01  0.1931E-01  0.7268E-02  0.1296E-01  0.7731E-02  0.1759E-01  0.4994E-02  0.9100E-02  0.7710E-02  0.1539E-01  0.7028E-02  0.1118E-01
      5.986  0.1144E-01  0.1522E-01  0.1670E-01  0.1808E-01  0.7121E-02  0.1178E-01  0.1987E-01  0.1386E-01  0.9996E-02  0.6139E-02  0.9724E-02  0.1293E-01  0.5893E-02  0.5958E-02  0.9901E-02  0.1526E-01  0.9117E-02  0.9924E-02
      5.996  0.1091E-01  0.1360E-01  0.1933E-01  0.7635E-02  0.8725E-02  0.8708E-02  0.2519E-01  0.7638E-02  0.1068E-01  0.4114E-02  0.1237E-01  0.9853E-02  0.6566E-02  0.2239E-02  0.1491E-01  0.9367E-02  0.1138E-01  0.4024E-02
      6.006  0.1142E-01  0.1349E-01  0.3129E-01  0.7712E-02  0.9362E-02  0.9725E-02  0.3179E-01  0.7693E-02  0.1140E-01  0.4430E-02  0.1307E-01  0.9817E-02  0.7974E-02  0.2196E-02  0.1744E-01  0.9357E-02  0.1609E-01  0.4283E-02
      6.016  0.1232E-01  0.1580E-01  0.3044E-01  0.8165E-02  0.9447E-02  0.1611E-01  0.3765E-01  0.7400E-02  0.1265E-01  0.6083E-02  0.1314E-01  0.1273E-01  0.8711E-02  0.2387E-02  0.2243E-01  0.1450E-01  0.1499E-01  0.5215E-02
      6.026  0.8853E-02  0.1931E-01  0.2894E-01  0.8973E-02  0.8016E-02  0.2290E-01  0.3290E-01  0.8544E-02  0.1044E-01  0.7204E-02  0.1319E-01  0.1834E-01  0.7584E-02  0.3288E-02  0.1800E-01  0.1757E-01  0.1185E-01  0.6996E-02
      6.036  0.7120E-02  0.2400E-01  0.2223E-01  0.1092E-01  0.6308E-02  0.3376E-01  0.2857E-01  0.1052E-01  0.8483E-02  0.8864E-02  0.1213E-01  0.2516E-01  0.6375E-02  0.5044E-02  0.1400E-01  0.2418E-01  0.9400E-02  0.8856E-02
      6.046  0.6201E-02  0.4921E-01  0.1714E-01  0.1935E-01  0.4951E-02  0.7478E-01  0.2741E-01  0.2243E-01  0.7234E-02  0.1835E-01  0.1159E-01  0.4626E-01  0.5106E-02  0.1330E-01  0.9396E-02  0.7972E-01  0.6390E-02  0.1785E-01
      6.056  0.7294E-02  0.3549E-01  0.1701E-01  0.2229E-01  0.4056E-02  0.6336E-01  0.2723E-01  0.3102E-01  0.7939E-02  0.1452E-01  0.1048E-01  0.5193E-01  0.5983E-02  0.1512E-01  0.7354E-02  0.7799E-01  0.6094E-02  0.2517E-01
      6.066  0.5224E-02  0.4829E-01  0.9311E-02  0.2477E-01  0.1750E-02  0.6971E-01  0.9511E-02  0.3889E-01  0.3716E-02  0.2361E-01  0.4865E-02  0.8536E-01  0.3439E-02  0.1728E-01  0.3871E-02  0.9761E-01  0.3171E-02  0.4445E-01
      6.076  0.4432E-02  0.2233E-01  0.7483E-02  0.1906E-01  0.1345E-02  0.2379E-01  0.7066E-02  0.2422E-01  0.2621E-02  0.8503E-02  0.3749E-02  0.1877E-01  0.2658E-02  0.6977E-02  0.2643E-02  0.1994E-01  0.2272E-02  0.7818E-02
      6.086  0.4087E-02  0.1789E-01  0.7243E-02  0.1709E-01  0.1344E-02  0.1906E-01  0.6237E-02  0.2170E-01  0.2329E-02  0.8764E-02  0.3385E-02  0.1463E-01  0.2606E-02  0.5768E-02  0.2128E-02  0.1559E-01  0.1963E-02  0.7274E-02
      6.096  0.3685E-02  0.1406E-01  0.6980E-02  0.1537E-01  0.1347E-02  0.1550E-01  0.5358E-02  0.1912E-01  0.2045E-02  0.9204E-02  0.3025E-02  0.1105E-01  0.2536E-02  0.4815E-02  0.1675E-02  0.1178E-01  0.1679E-02  0.7504E-02
      6.106  0.3546E-02  0.1368E-01  0.7110E-02  0.2441E-01  0.1391E-02  0.1672E-01  0.4861E-02  0.2329E-01  0.1898E-02  0.1305E-01  0.2867E-02  0.1078E-01  0.2580E-02  0.6822E-02  0.1466E-02  0.1270E-01  0.1514E-02  0.1399E-01
      6.116  0.3695E-02  0.1362E-01  0.7628E-02  0.3477E-01  0.1521E-02  0.2150E-01  0.4823E-02  0.2928E-01  0.1886E-02  0.1788E-01  0.2913E-02  0.1321E-01  0.2852E-02  0.8663E-02  0.1428E-02  0.1327E-01  0.1455E-02  0.2321E-01
      6.126  0.3763E-02  0.1290E-01  0.7785E-02  0.3222E-01  0.1611E-02  0.2186E-01  0.4752E-02  0.2818E-01  0.1868E-02  0.1723E-01  0.2937E-02  0.1217E-01  0.3117E-02  0.9623E-02  0.1380E-02  0.1164E-01  0.1397E-02  0.1941E-01
      6.136  0.3771E-02  0.1657E-01  0.7657E-02  0.5214E-01  0.1675E-02  0.2424E-01  0.4596E-02  0.3876E-01  0.1835E-02  0.2705E-01  0.2940E-02  0.1807E-01  0.3364E-02  0.2541E-01  0.1321E-02  0.1606E-01  0.1331E-02  0.2352E-01
      6.146  0.4208E-02  0.1383E-01  0.7579E-02  0.2419E-01  0.2132E-02  0.2475E-01  0.4573E-02  0.2050E-01  0.1891E-02  0.1607E-01  0.3058E-02  0.1250E-01  0.4417E-02  0.1588E-01  0.1449E-02  0.9105E-02  0.1423E-02  0.1243E-01
      6.156  0.4611E-02  0.1270E-01  0.7437E-02  0.2038E-01  0.2601E-02  0.2196E-01  0.4531E-02  0.1913E-01  0.1963E-02  0.1468E-01  0.3175E-02  0.1259E-01  0.5462E-02  0.1262E-01  0.1575E-02  0.7635E-02  0.1502E-02  0.8516E-02
      6.166  0.4975E-02  0.8639E-02  0.7232E-02  0.9654E-02  0.3081E-02  0.9937E-02  0.4461E-02  0.1111E-01  0.2042E-02  0.9419E-02  0.3300E-02  0.7207E-02  0.6495E-02  0.7837E-02  0.1691E-02  0.4842E-02  0.1565E-02  0.2531E-02
      6.176  0.5318E-02  0.8322E-02  0.6966E-02  0.6149E-02  0.3690E-02  0.5863E-02  0.4311E-02  0.7367E-02  0.2068E-02  0.6260E-02  0.3547E-02  0.5489E-02  0.7503E-02  0.7006E-02  0.1729E-02  0.3614E-02  0.1575E-02  0.1900E-02
      6.186  0.5630E-02  0.8678E-02  0.6607E-02  0.5082E-02  0.4292E-02  0.3754E-02  0.4155E-02  0.5250E-02  0.2066E-02  0.3964E-02  0.3776E-02  0.5109E-02  0.8293E-02  0.6961E-02  0.1721E-02  0.3848E-02  0.1537E-02  0.1904E-02
      6.196  0.6030E-02  0.1217E-01  0.6608E-02  0.6908E-02  0.4945E-02  0.5143E-02  0.4187E-02  0.6935E-02  0.2076E-02  0.7457E-02  0.4066E-02  0.1090E-01  0.9011E-02  0.9365E-02  0.1756E-02  0.1000E-01  0.1541E-02  0.4642E-02
      6.206  0.6890E-02  0.1615E-01  0.7092E-02  0.8759E-02  0.6144E-02  0.6868E-02  0.4796E-02  0.9127E-02  0.2163E-02  0.1085E-01  0.4666E-02  0.1658E-01  0.1020E-01  0.1201E-01  0.1944E-02  0.1535E-01  0.1598E-02  0.7592E-02
      6.216  0.7681E-02  0.1945E-01  0.7382E-02  0.1088E-01  0.7074E-02  0.9250E-02  0.5084E-02  0.1159E-01  0.2152E-02  0.1062E-01  0.5215E-02  0.1803E-01  0.1080E-01  0.1475E-01  0.2051E-02  0.1591E-01  0.1614E-02  0.7313E-02
      6.226  0.8877E-02  0.2853E-01  0.8554E-02  0.1635E-01  0.7651E-02  0.1658E-01  0.5279E-02  0.1768E-01  0.2027E-02  0.9893E-02  0.5542E-02  0.2054E-01  0.1013E-01  0.2205E-01  0.2608E-02  0.1855E-01  0.1780E-02  0.7022E-02
      6.236  0.7753E-02  0.3279E-01  0.7722E-02  0.1735E-01  0.6323E-02  0.1886E-01  0.4845E-02  0.2186E-01  0.1764E-02  0.7502E-02  0.4932E-02  0.1997E-01  0.8810E-02  0.2468E-01  0.2087E-02  0.2008E-01  0.1414E-02  0.5839E-02
      6.246  0.6953E-02  0.3210E-01  0.7139E-02  0.1877E-01  0.5284E-02  0.1700E-01  0.4471E-02  0.2202E-01  0.1581E-02  0.6527E-02  0.4464E-02  0.2004E-01  0.7864E-02  0.2386E-01  0.1802E-02  0.2163E-01  0.1192E-02  0.5469E-02
      6.256  0.6533E-02  0.3150E-01  0.6732E-02  0.1975E-01  0.4626E-02  0.1584E-01  0.4148E-02  0.2235E-01  0.1446E-02  0.5738E-02  0.4081E-02  0.2036E-01  0.7253E-02  0.2325E-01  0.1710E-02  0.2323E-01  0.1087E-02  0.5185E-02
      6.266  0.6104E-02  0.3051E-01  0.6262E-02  0.2019E-01  0.4018E-02  0.1547E-01  0.3833E-02  0.2271E-01  0.1302E-02  0.5365E-02  0.3646E-02  0.2102E-01  0.6683E-02  0.2277E-01  0.1623E-02  0.2495E-01  0.9834E-03  0.5012E-02
      6.276  0.5704E-02  0.2984E-01  0.5805E-02  0.2779E-01  0.3621E-02  0.1593E-01  0.3598E-02  0.4081E-01  0.1185E-02  0.6626E-02  0.3249E-02  0.2258E-01  0.6253E-02  0.2271E-01  0.1618E-02  0.2814E-01  0.9058E-03  0.5599E-02
      6.286  0.5300E-02  0.2949E-01  0.5349E-02  0.4345E-01  0.3258E-02  0.1624E-01  0.3392E-02  0.6042E-01  0.1101E-02  0.7977E-02  0.2869E-02  0.2387E-01  0.5859E-02  0.2248E-01  0.1654E-02  0.3013E-01  0.8434E-03  0.6933E-02
      6.296  0.4869E-02  0.2914E-01  0.4864E-02  0.6285E-01  0.2904E-02  0.1652E-01  0.3198E-02  0.7602E-01  0.1033E-02  0.8901E-02  0.2483E-02  0.2499E-01  0.5467E-02  0.2224E-01  0.1700E-02  0.3176E-01  0.7865E-03  0.8874E-02
      6.306  0.4553E-02  0.4017E-01  0.4554E-02  0.5405E-01  0.2626E-02  0.1706E-01  0.3065E-02  0.6080E-01  0.9924E-03  0.9170E-02  0.2307E-02  0.2550E-01  0.5174E-02  0.2674E-01  0.1772E-02  0.3029E-01  0.7485E-03  0.8336E-02
      6.316  0.4240E-02  0.3963E-01  0.4323E-02  0.3970E-01  0.2398E-02  0.1502E-01  0.3028E-02  0.3543E-01  0.9890E-03  0.9443E-02  0.2316E-02  0.2603E-01  0.4958E-02  0.2372E-01  0.1924E-02  0.2218E-01  0.7261E-03  0.8165E-02
      6.326  0.4097E-02  0.2702E-01  0.4188E-02  0.3080E-01  0.2299E-02  0.1356E-01  0.3049E-02  0.2498E-01  0.1022E-02  0.6708E-02  0.2280E-02  0.2134E-01  0.4917E-02  0.1662E-01  0.2068E-02  0.1954E-01  0.7318E-03  0.6998E-02
      6.336  0.4075E-02  0.3162E-01  0.4111E-02  0.3515E-01  0.2296E-02  0.1745E-01  0.3123E-02  0.2972E-01  0.1080E-02  0.6497E-02  0.2285E-02  0.2073E-01  0.5030E-02  0.2276E-01  0.2400E-02  0.2731E-01  0.7617E-03  0.1205E-01
      6.346  0.4013E-02  0.2109E-01  0.4006E-02  0.2555E-01  0.2256E-02  0.1571E-01  0.3145E-02  0.2261E-01  0.1103E-02  0.5858E-02  0.2255E-02  0.2026E-01  0.5055E-02  0.1363E-01  0.2554E-02  0.1862E-01  0.7669E-03  0.7102E-02
      6.356  0.3947E-02  0.1876E-01  0.3894E-02  0.2440E-01  0.2207E-02  0.1732E-01  0.3131E-02  0.2191E-01  0.1089E-02  0.5744E-02  0.2266E-02  0.2181E-01  0.5031E-02  0.1272E-01  0.2439E-02  0.1908E-01  0.7598E-03  0.6739E-02
      6.366  0.3834E-02  0.1720E-01  0.3750E-02  0.2354E-01  0.2144E-02  0.1975E-01  0.3096E-02  0.2208E-01  0.1063E-02  0.5683E-02  0.2258E-02  0.2355E-01  0.4927E-02  0.1209E-01  0.2304E-02  0.2051E-01  0.7368E-03  0.6470E-02
      6.376  0.3584E-02  0.1652E-01  0.3537E-02  0.2320E-01  0.2014E-02  0.2271E-01  0.2972E-02  0.2302E-01  0.1012E-02  0.5751E-02  0.2220E-02  0.2587E-01  0.4613E-02  0.1166E-01  0.2123E-02  0.2302E-01  0.6916E-03  0.6215E-02
      6.386  0.3294E-02  0.1575E-01  0.3285E-02  0.2314E-01  0.1853E-02  0.2609E-01  0.2832E-02  0.2413E-01  0.9401E-03  0.5823E-02  0.2161E-02  0.2859E-01  0.4193E-02  0.1121E-01  0.1927E-02  0.2611E-01  0.6378E-03  0.6042E-02
      6.396  0.3377E-02  0.1602E-01  0.3235E-02  0.2473E-01  0.1863E-02  0.3213E-01  0.2916E-02  0.2611E-01  0.9440E-03  0.6193E-02  0.2215E-02  0.3328E-01  0.4301E-02  0.1154E-01  0.1877E-02  0.3063E-01  0.6629E-03  0.6589E-02
      6.406  0.3667E-02  0.1531E-01  0.3226E-02  0.2331E-01  0.1927E-02  0.3064E-01  0.3190E-02  0.2412E-01  0.9681E-03  0.6157E-02  0.2352E-02  0.2998E-01  0.4637E-02  0.1062E-01  0.1935E-02  0.2937E-01  0.7403E-03  0.6749E-02
      6.416  0.4001E-02  0.1518E-01  0.3218E-02  0.2451E-01  0.1998E-02  0.3959E-01  0.3502E-02  0.2589E-01  0.9943E-03  0.6803E-02  0.2482E-02  0.3339E-01  0.5000E-02  0.9897E-02  0.2002E-02  0.3244E-01  0.8097E-03  0.8393E-02
      6.426  0.4392E-02  0.1506E-01  0.3221E-02  0.2063E-01  0.2081E-02  0.3379E-01  0.3854E-02  0.2458E-01  0.1024E-02  0.7502E-02  0.2614E-02  0.2739E-01  0.5391E-02  0.9831E-02  0.2080E-02  0.3148E-01  0.8721E-03  0.8442E-02
      6.436  0.4857E-02  0.1889E-01  0.3319E-02  0.2131E-01  0.2182E-02  0.3141E-01  0.4267E-02  0.2546E-01  0.1064E-02  0.9413E-02  0.2737E-02  0.2849E-01  0.5818E-02  0.1235E-01  0.2161E-02  0.3154E-01  0.9173E-03  0.1027E-01
      6.446  0.5271E-02  0.1641E-01  0.3754E-02  0.1888E-01  0.2319E-02  0.1630E-01  0.4709E-02  0.1309E-01  0.1127E-02  0.9245E-02  0.2854E-02  0.2022E-01  0.6237E-02  0.1438E-01  0.2244E-02  0.1471E-01  0.9496E-03  0.7454E-02
      6.456  0.5318E-02  0.1905E-01  0.3942E-02  0.1770E-01  0.2405E-02  0.1251E-01  0.4680E-02  0.1371E-01  0.1151E-02  0.8917E-02  0.2945E-02  0.1760E-01  0.6264E-02  0.1811E-01  0.2203E-02  0.1189E-01  0.9555E-03  0.6762E-02
      6.466  0.5147E-02  0.2198E-01  0.3854E-02  0.1691E-01  0.2464E-02  0.9710E-02  0.4276E-02  0.1507E-01  0.1127E-02  0.8194E-02  0.3169E-02  0.1566E-01  0.5948E-02  0.2216E-01  0.2102E-02  0.9766E-02  0.9337E-03  0.6410E-02
      6.476  0.4953E-02  0.2677E-01  0.3751E-02  0.2157E-01  0.2518E-02  0.1073E-01  0.3874E-02  0.2047E-01  0.1097E-02  0.1012E-01  0.3396E-02  0.2175E-01  0.5582E-02  0.2692E-01  0.2008E-02  0.1785E-01  0.9133E-03  0.8888E-02
      6.486  0.4746E-02  0.2458E-01  0.3627E-02  0.2610E-01  0.2562E-02  0.1029E-01  0.3504E-02  0.2536E-01  0.1063E-02  0.1327E-01  0.3577E-02  0.3078E-01  0.5198E-02  0.2296E-01  0.1919E-02  0.2585E-01  0.8953E-03  0.1062E-01
      6.496  0.4525E-02  0.3158E-01  0.3483E-02  0.3342E-01  0.2596E-02  0.1602E-01  0.3166E-02  0.3435E-01  0.1028E-02  0.1778E-01  0.3712E-02  0.4744E-01  0.4796E-02  0.3051E-01  0.1836E-02  0.4152E-01  0.8798E-03  0.1434E-01
      6.506  0.1193E-01  0.3182E-01  0.4062E-02  0.3222E-01  0.6216E-02  0.1652E-01  0.3947E-02  0.3312E-01  0.1763E-02  0.1514E-01  0.3082E-02  0.4708E-01  0.7841E-02  0.3204E-01  0.3861E-02  0.2940E-01  0.2297E-02  0.1089E-01
      6.516  0.6121E-02  0.3039E-01  0.3535E-02  0.2812E-01  0.4595E-02  0.1304E-01  0.2908E-02  0.2680E-01  0.1196E-02  0.1012E-01  0.2319E-02  0.3009E-01  0.5144E-02  0.3172E-01  0.2176E-02  0.2150E-01  0.1339E-02  0.6714E-02
      6.526  0.5594E-02  0.2383E-01  0.3434E-02  0.1312E-01  0.4821E-02  0.4432E-02  0.2802E-02  0.8463E-02  0.1084E-02  0.3309E-02  0.2073E-02  0.6922E-02  0.4890E-02  0.2624E-01  0.2104E-02  0.6361E-02  0.1250E-02  0.2052E-02
      6.536  0.5305E-02  0.1879E-01  0.3418E-02  0.8464E-02  0.4955E-02  0.3301E-02  0.2755E-02  0.5296E-02  0.9896E-03  0.2065E-02  0.1887E-02  0.4670E-02  0.4918E-02  0.2081E-01  0.2042E-02  0.3492E-02  0.1174E-02  0.1319E-02
      6.546  0.4976E-02  0.1433E-01  0.3370E-02  0.5769E-02  0.4913E-02  0.2669E-02  0.2678E-02  0.3362E-02  0.8608E-03  0.1564E-02  0.1692E-02  0.3635E-02  0.4764E-02  0.1627E-01  0.1971E-02  0.2447E-02  0.1086E-02  0.1020E-02
      6.556  0.4982E-02  0.1191E-01  0.3739E-02  0.5566E-02  0.5428E-02  0.2994E-02  0.2680E-02  0.2989E-02  0.7424E-03  0.1626E-02  0.1650E-02  0.4711E-02  0.4800E-02  0.1520E-01  0.2021E-02  0.4077E-02  0.1045E-02  0.1310E-02
      6.566  0.5386E-02  0.1206E-01  0.4228E-02  0.1126E-01  0.5949E-02  0.6342E-02  0.2743E-02  0.5949E-02  0.6400E-03  0.2872E-02  0.1544E-02  0.1047E-01  0.4974E-02  0.2317E-01  0.2173E-02  0.1277E-01  0.1076E-02  0.3634E-02
      6.576  0.2115E-02  0.9605E-02  0.4139E-02  0.1747E-01  0.4331E-02  0.1141E-01  0.1634E-02  0.1061E-01  0.4289E-03  0.4098E-02  0.1285E-02  0.2391E-01  0.1719E-02  0.3242E-01  0.1184E-02  0.1904E-01  0.5685E-03  0.4587E-02
      6.586  0.2189E-02  0.1066E-01  0.4025E-02  0.1985E-01  0.4079E-02  0.1492E-01  0.1818E-02  0.1446E-01  0.4817E-03  0.4465E-02  0.1449E-02  0.2854E-01  0.1781E-02  0.3848E-01  0.1132E-02  0.2135E-01  0.5578E-03  0.4685E-02
      6.596  0.2408E-02  0.1041E-01  0.3961E-02  0.1516E-01  0.3949E-02  0.1267E-01  0.2176E-02  0.1280E-01  0.5921E-03  0.3793E-02  0.1719E-02  0.2487E-01  0.2051E-02  0.3351E-01  0.1122E-02  0.1659E-01  0.5842E-03  0.3367E-02
      6.606  0.2712E-02  0.1018E-01  0.3937E-02  0.1394E-01  0.3763E-02  0.1188E-01  0.2559E-02  0.1145E-01  0.6910E-03  0.3438E-02  0.1965E-02  0.2102E-01  0.2443E-02  0.3022E-01  0.1099E-02  0.1484E-01  0.6088E-03  0.3127E-02
      6.616  0.2968E-02  0.9864E-02  0.3892E-02  0.1230E-01  0.3656E-02  0.1070E-01  0.3016E-02  0.9077E-02  0.9083E-03  0.2880E-02  0.2374E-02  0.1613E-01  0.2781E-02  0.2613E-01  0.1355E-02  0.1308E-01  0.6728E-03  0.2884E-02
      6.626  0.3579E-02  0.9222E-02  0.4148E-02  0.9655E-02  0.4143E-02  0.8755E-02  0.3615E-02  0.7337E-02  0.1152E-02  0.2325E-02  0.2837E-02  0.8628E-02  0.3399E-02  0.1870E-01  0.1765E-02  0.1043E-01  0.8457E-03  0.2579E-02
      6.636  0.4379E-02  0.9145E-02  0.4770E-02  0.8483E-02  0.5177E-02  0.8208E-02  0.4355E-02  0.6388E-02  0.1363E-02  0.2110E-02  0.3264E-02  0.7395E-02  0.4180E-02  0.1701E-01  0.2259E-02  0.8987E-02  0.1040E-02  0.2386E-02
      6.646  0.4952E-02  0.8912E-02  0.5213E-02  0.7149E-02  0.6181E-02  0.7830E-02  0.4355E-02  0.5576E-02  0.1472E-02  0.1889E-02  0.3585E-02  0.6463E-02  0.4721E-02  0.1579E-01  0.2706E-02  0.7531E-02  0.1207E-02  0.2050E-02
      6.656  0.5278E-02  0.8687E-02  0.5480E-02  0.5906E-02  0.7192E-02  0.7475E-02  0.3963E-02  0.4791E-02  0.1521E-02  0.1679E-02  0.3796E-02  0.5589E-02  0.5059E-02  0.1468E-01  0.3089E-02  0.6151E-02  0.1346E-02  0.1696E-02
      6.666  0.4980E-02  0.8413E-02  0.5540E-02  0.5007E-02  0.6920E-02  0.7159E-02  0.4033E-02  0.4129E-02  0.1585E-02  0.1514E-02  0.3888E-02  0.4924E-02  0.5041E-02  0.1355E-01  0.3035E-02  0.4983E-02  0.1301E-02  0.1403E-02
      6.676  0.5593E-02  0.8195E-02  0.6197E-02  0.4688E-02  0.8268E-02  0.7224E-02  0.4947E-02  0.3889E-02  0.1833E-02  0.1464E-02  0.4652E-02  0.4539E-02  0.6076E-02  0.1266E-01  0.3668E-02  0.4357E-02  0.1584E-02  0.1282E-02
      6.686  0.6442E-02  0.7934E-02  0.6804E-02  0.4449E-02  0.9828E-02  0.7287E-02  0.5875E-02  0.3703E-02  0.2051E-02  0.1422E-02  0.5278E-02  0.4203E-02  0.7303E-02  0.1179E-01  0.4305E-02  0.3929E-02  0.1903E-02  0.1214E-02
      6.696  0.7360E-02  0.7833E-02  0.7097E-02  0.4209E-02  0.1062E-01  0.7545E-02  0.5918E-02  0.3585E-02  0.2043E-02  0.1379E-02  0.5283E-02  0.3926E-02  0.8070E-02  0.1102E-01  0.4693E-02  0.3609E-02  0.1965E-02  0.1209E-02
      6.706  0.7664E-02  0.7393E-02  0.7061E-02  0.3957E-02  0.1147E-01  0.7614E-02  0.5849E-02  0.3402E-02  0.1870E-02  0.1279E-02  0.5010E-02  0.3579E-02  0.8248E-02  0.9982E-02  0.5111E-02  0.3205E-02  0.1984E-02  0.1143E-02
      6.716  0.8353E-02  0.6969E-02  0.7272E-02  0.3709E-02  0.1285E-01  0.7711E-02  0.5998E-02  0.3195E-02  0.1827E-02  0.1182E-02  0.4851E-02  0.3281E-02  0.8918E-02  0.8832E-02  0.5789E-02  0.2805E-02  0.2072E-02  0.1068E-02
      6.726  0.8155E-02  0.6011E-02  0.7437E-02  0.3157E-02  0.1094E-01  0.7224E-02  0.5742E-02  0.2924E-02  0.1807E-02  0.9762E-03  0.4220E-02  0.2713E-02  0.8530E-02  0.6106E-02  0.5616E-02  0.2467E-02  0.2035E-02  0.9223E-03
      6.736  0.6252E-02  0.6240E-02  0.7212E-02  0.3031E-02  0.7590E-02  0.7661E-02  0.5156E-02  0.2963E-02  0.1557E-02  0.9529E-03  0.3293E-02  0.2716E-02  0.5687E-02  0.5851E-02  0.4800E-02  0.2449E-02  0.1494E-02  0.9005E-03
      6.746  0.5888E-02  0.6707E-02  0.5944E-02  0.2949E-02  0.7487E-02  0.8457E-02  0.4703E-02  0.3115E-02  0.1345E-02  0.9824E-03  0.2910E-02  0.2816E-02  0.5555E-02  0.5695E-02  0.4308E-02  0.2539E-02  0.1453E-02  0.9334E-03
      6.756  0.5425E-02  0.6949E-02  0.4531E-02  0.2867E-02  0.7438E-02  0.9062E-02  0.4393E-02  0.3232E-02  0.1119E-02  0.9871E-03  0.2589E-02  0.2912E-02  0.5205E-02  0.5600E-02  0.3954E-02  0.2586E-02  0.1376E-02  0.9446E-03
      6.766  0.3681E-02  0.6991E-02  0.3093E-02  0.2836E-02  0.5294E-02  0.9343E-02  0.2280E-02  0.3272E-02  0.6913E-03  0.9693E-03  0.1973E-02  0.3013E-02  0.3580E-02  0.5578E-02  0.3250E-02  0.2566E-02  0.7887E-03  0.9458E-03
      6.776  0.3523E-02  0.7018E-02  0.2810E-02  0.2809E-02  0.5065E-02  0.9619E-02  0.2091E-02  0.3317E-02  0.6389E-03  0.9506E-03  0.1895E-02  0.3120E-02  0.3466E-02  0.5558E-02  0.3133E-02  0.2547E-02  0.7247E-03  0.9481E-03
      6.786  0.3356E-02  0.7032E-02  0.2525E-02  0.2786E-02  0.4848E-02  0.9889E-02  0.1902E-02  0.3366E-02  0.5887E-03  0.9310E-03  0.1811E-02  0.3232E-02  0.3348E-02  0.5542E-02  0.3008E-02  0.2531E-02  0.6607E-03  0.9514E-03
      6.796  0.3193E-02  0.6952E-02  0.2265E-02  0.2729E-02  0.4654E-02  0.1001E-01  0.1719E-02  0.3376E-02  0.5463E-03  0.9057E-03  0.1728E-02  0.3297E-02  0.3232E-02  0.5501E-02  0.2882E-02  0.2496E-02  0.5993E-03  0.9486E-03
      6.806  0.2868E-02  0.6858E-02  0.2060E-02  0.2702E-02  0.4465E-02  0.1015E-01  0.1511E-02  0.3396E-02  0.5103E-03  0.8814E-03  0.1646E-02  0.3373E-02  0.2999E-02  0.5481E-02  0.2680E-02  0.2481E-02  0.5186E-03  0.9485E-03
      6.816  0.2422E-02  0.8530E-02  0.1855E-02  0.2667E-02  0.4269E-02  0.1099E-01  0.1279E-02  0.3508E-02  0.4737E-03  0.9607E-03  0.1561E-02  0.3580E-02  0.2699E-02  0.6851E-02  0.2443E-02  0.2514E-02  0.4240E-03  0.1028E-02
      6.826  0.1899E-02  0.1005E-01  0.1651E-02  0.2640E-02  0.4075E-02  0.1171E-01  0.1030E-02  0.3575E-02  0.4393E-03  0.1063E-02  0.1479E-02  0.3609E-02  0.2368E-02  0.8199E-02  0.2195E-02  0.2542E-02  0.3226E-03  0.1133E-02
      6.836  0.1789E-02  0.1031E-01  0.1631E-02  0.2622E-02  0.4023E-02  0.1191E-01  0.9170E-03  0.3570E-02  0.4328E-03  0.1087E-02  0.1444E-02  0.3517E-02  0.2283E-02  0.8609E-02  0.2067E-02  0.2567E-02  0.2754E-03  0.1169E-02
      6.846  0.1818E-02  0.1011E-01  0.1676E-02  0.2589E-02  0.4024E-02  0.1188E-01  0.8488E-03  0.3540E-02  0.4344E-03  0.1068E-02  0.1417E-02  0.3421E-02  0.2279E-02  0.8633E-02  0.1978E-02  0.2585E-02  0.2460E-03  0.1164E-02
      6.856  0.1895E-02  0.9902E-02  0.1759E-02  0.2555E-02  0.4201E-02  0.1184E-01  0.8303E-03  0.3515E-02  0.4446E-03  0.1048E-02  0.1390E-02  0.3332E-02  0.2295E-02  0.8643E-02  0.1895E-02  0.2608E-02  0.2164E-03  0.1156E-02
      6.866  0.3728E-02  0.9697E-02  0.5063E-02  0.2525E-02  0.6956E-02  0.1180E-01  0.2279E-02  0.3493E-02  0.8730E-03  0.1027E-02  0.3721E-02  0.3256E-02  0.3569E-02  0.8642E-02  0.2335E-02  0.2638E-02  0.3437E-03  0.1145E-02
      6.876  0.4966E-02  0.9557E-02  0.6007E-02  0.2508E-02  0.7216E-02  0.1181E-01  0.3144E-02  0.3458E-02  0.9533E-03  0.1018E-02  0.4096E-02  0.3218E-02  0.4717E-02  0.8628E-02  0.2537E-02  0.2676E-02  0.3784E-03  0.1141E-02
      6.886  0.5381E-02  0.8944E-02  0.6363E-02  0.2298E-02  0.7409E-02  0.1157E-01  0.3431E-02  0.3256E-02  0.9746E-03  0.9454E-03  0.4256E-02  0.3020E-02  0.5056E-02  0.8492E-02  0.2620E-02  0.2315E-02  0.4030E-03  0.1043E-02
      6.896  0.6381E-02  0.8788E-02  0.7756E-02  0.2283E-02  0.9829E-02  0.1180E-01  0.4068E-02  0.3272E-02  0.1273E-02  0.9674E-03  0.5282E-02  0.3002E-02  0.6341E-02  0.8788E-02  0.3543E-02  0.2360E-02  0.6057E-03  0.1042E-02
      6.906  0.7433E-02  0.8632E-02  0.8852E-02  0.2269E-02  0.1284E-01  0.1205E-01  0.4981E-02  0.3287E-02  0.1546E-02  0.9918E-03  0.6239E-02  0.2979E-02  0.7586E-02  0.9062E-02  0.4490E-02  0.2409E-02  0.7700E-03  0.1041E-02
      6.916  0.9238E-02  0.8477E-02  0.1023E-01  0.2256E-02  0.1852E-01  0.1232E-01  0.6614E-02  0.3303E-02  0.1999E-02  0.1019E-02  0.7623E-02  0.2951E-02  0.9625E-02  0.9313E-02  0.5885E-02  0.2463E-02  0.9409E-03  0.1041E-02
      6.926  0.1096E-01  0.8322E-02  0.1084E-01  0.2244E-02  0.1889E-01  0.1262E-01  0.7011E-02  0.3319E-02  0.1867E-02  0.1048E-02  0.7617E-02  0.2918E-02  0.1188E-01  0.9542E-02  0.5822E-02  0.2520E-02  0.9728E-03  0.1040E-02
      6.936  0.1035E-01  0.8246E-02  0.1011E-01  0.2255E-02  0.1575E-01  0.1305E-01  0.6400E-02  0.3380E-02  0.1503E-02  0.1090E-02  0.6694E-02  0.2942E-02  0.1127E-01  0.9824E-02  0.4852E-02  0.2593E-02  0.8566E-03  0.1049E-02
      6.946  0.1075E-01  0.8165E-02  0.9264E-02  0.2267E-02  0.1339E-01  0.1345E-01  0.5990E-02  0.3440E-02  0.1372E-02  0.1124E-02  0.6256E-02  0.2973E-02  0.1258E-01  0.1002E-01  0.4110E-02  0.2665E-02  0.8251E-03  0.1057E-02
      6.956  0.7719E-02  0.8018E-02  0.5611E-02  0.2263E-02  0.8101E-02  0.1365E-01  0.4181E-02  0.3474E-02  0.9660E-03  0.1124E-02  0.4342E-02  0.2985E-02  0.8376E-02  0.9997E-02  0.2842E-02  0.2719E-02  0.6057E-03  0.1054E-02
      6.966  0.6893E-02  0.7740E-02  0.4527E-02  0.2265E-02  0.6562E-02  0.1391E-01  0.3588E-02  0.3528E-02  0.8187E-03  0.1129E-02  0.3615E-02  0.3018E-02  0.7177E-02  0.9858E-02  0.2438E-02  0.2762E-02  0.5231E-03  0.1043E-02
      6.976  0.6897E-02  0.7459E-02  0.4143E-02  0.2278E-02  0.5722E-02  0.1421E-01  0.3181E-02  0.3593E-02  0.7378E-03  0.1136E-02  0.3138E-02  0.3058E-02  0.7261E-02  0.9703E-02  0.2213E-02  0.2805E-02  0.4875E-03  0.1034E-02
      6.986  0.7055E-02  0.6932E-02  0.3951E-02  0.2444E-02  0.5465E-02  0.1501E-01  0.2923E-02  0.3758E-02  0.7185E-03  0.1183E-02  0.2744E-02  0.3149E-02  0.7781E-02  0.9455E-02  0.2211E-02  0.3031E-02  0.4869E-03  0.1064E-02
      6.996  0.5984E-02  0.6734E-02  0.4474E-02  0.3013E-02  0.4916E-02  0.1767E-01  0.2644E-02  0.4330E-02  0.7949E-03  0.1300E-02  0.2619E-02  0.3862E-02  0.7827E-02  0.9301E-02  0.2703E-02  0.3888E-02  0.4644E-03  0.1244E-02
      7.006  0.3915E-02  0.6854E-02  0.3484E-02  0.3535E-02  0.5345E-02  0.2068E-01  0.2271E-02  0.4943E-02  0.7551E-03  0.1432E-02  0.2029E-02  0.4904E-02  0.6001E-02  0.9106E-02  0.2530E-02  0.4687E-02  0.4561E-03  0.1426E-02
      7.016  0.2045E-02  0.1188E-01  0.2089E-02  0.4088E-02  0.5450E-02  0.2466E-01  0.1875E-02  0.6004E-02  0.5907E-03  0.1552E-02  0.1440E-02  0.5775E-02  0.3286E-02  0.1016E-01  0.1682E-02  0.5014E-02  0.4128E-03  0.1550E-02
      7.026  0.1629E-02  0.1357E-01  0.1995E-02  0.3994E-02  0.6517E-02  0.2719E-01  0.2010E-02  0.6696E-02  0.6498E-03  0.1638E-02  0.1502E-02  0.6080E-02  0.2708E-02  0.1097E-01  0.1749E-02  0.4959E-02  0.4571E-03  0.1571E-02
      7.037  0.1504E-02  0.1516E-01  0.2014E-02  0.3693E-02  0.7622E-02  0.2928E-01  0.2227E-02  0.7426E-02  0.7122E-03  0.1756E-02  0.1732E-02  0.6255E-02  0.2667E-02  0.1166E-01  0.2014E-02  0.4499E-02  0.5228E-03  0.1489E-02
      7.047  0.1622E-02  0.1284E-01  0.2037E-02  0.3216E-02  0.8816E-02  0.2777E-01  0.2697E-02  0.7314E-02  0.8450E-03  0.1703E-02  0.2046E-02  0.6006E-02  0.2845E-02  0.1042E-01  0.2464E-02  0.3968E-02  0.5988E-03  0.1373E-02
      7.057  0.1760E-02  0.9999E-02  0.2103E-02  0.2657E-02  0.9150E-02  0.2487E-01  0.3049E-02  0.6942E-02  0.9669E-03  0.1512E-02  0.2366E-02  0.5070E-02  0.2826E-02  0.8730E-02  0.2829E-02  0.3438E-02  0.6439E-03  0.1227E-02
      7.067  0.1554E-02  0.4327E-02  0.2046E-02  0.2162E-02  0.7896E-02  0.1743E-01  0.2904E-02  0.3933E-02  0.9526E-03  0.1245E-02  0.2515E-02  0.4644E-02  0.2466E-02  0.5476E-02  0.2777E-02  0.3131E-02  0.6398E-03  0.9685E-03
      7.077  0.1860E-02  0.3219E-02  0.2178E-02  0.1780E-02  0.6348E-02  0.1465E-01  0.3048E-02  0.3228E-02  0.1057E-02  0.1015E-02  0.3048E-02  0.3832E-02  0.2504E-02  0.4591E-02  0.2861E-02  0.2552E-02  0.6862E-03  0.8205E-03
      7.087  0.2084E-02  0.2076E-02  0.2193E-02  0.1488E-02  0.6235E-02  0.1093E-01  0.2990E-02  0.2244E-02  0.1078E-02  0.6129E-03  0.3393E-02  0.2698E-02  0.2458E-02  0.3621E-02  0.2813E-02  0.1863E-02  0.6863E-03  0.6197E-03
      7.097  0.1988E-02  0.1617E-02  0.2250E-02  0.1554E-02  0.6207E-02  0.1051E-01  0.2792E-02  0.2313E-02  0.1027E-02  0.6506E-03  0.3666E-02  0.2677E-02  0.2462E-02  0.3435E-02  0.2477E-02  0.1890E-02  0.6441E-03  0.5969E-03
      7.107  0.1914E-02  0.1560E-02  0.2276E-02  0.1654E-02  0.6240E-02  0.1058E-01  0.2671E-02  0.2472E-02  0.9810E-03  0.7215E-03  0.3834E-02  0.2685E-02  0.2481E-02  0.3418E-02  0.2132E-02  0.1964E-02  0.6007E-03  0.5953E-03
      7.117  0.1830E-02  0.1642E-02  0.2228E-02  0.1818E-02  0.6396E-02  0.1101E-01  0.2654E-02  0.2685E-02  0.9341E-03  0.8152E-03  0.3685E-02  0.2830E-02  0.2488E-02  0.3586E-02  0.1979E-02  0.2160E-02  0.5728E-03  0.6243E-03
      7.127  0.2149E-02  0.3164E-02  0.2554E-02  0.3228E-02  0.7138E-02  0.2744E-01  0.3245E-02  0.3537E-02  0.9918E-03  0.1098E-02  0.3830E-02  0.3439E-02  0.2807E-02  0.5628E-02  0.2005E-02  0.4163E-02  0.6614E-03  0.9499E-03
      7.137  0.3229E-02  0.2751E-02  0.4014E-02  0.2643E-02  0.9293E-02  0.2289E-01  0.4938E-02  0.3368E-02  0.1301E-02  0.1062E-02  0.4723E-02  0.3409E-02  0.3861E-02  0.5356E-02  0.2575E-02  0.3366E-02  0.9600E-03  0.8575E-03
      7.147  0.3647E-02  0.2508E-02  0.3111E-02  0.2393E-02  0.9718E-02  0.1946E-01  0.4891E-02  0.3524E-02  0.1163E-02  0.1070E-02  0.4031E-02  0.3489E-02  0.4188E-02  0.5274E-02  0.2289E-02  0.2928E-02  0.9456E-03  0.8346E-03
      7.157  0.4518E-02  0.2604E-02  0.3577E-02  0.2523E-02  0.1180E-01  0.1994E-01  0.5561E-02  0.3897E-02  0.1333E-02  0.1111E-02  0.4468E-02  0.3745E-02  0.5129E-02  0.5602E-02  0.2525E-02  0.3072E-02  0.1099E-02  0.8866E-03
      7.167  0.5852E-02  0.2747E-02  0.4435E-02  0.2754E-02  0.1871E-01  0.2066E-01  0.6586E-02  0.4371E-02  0.1788E-02  0.1184E-02  0.4979E-02  0.4085E-02  0.7365E-02  0.6014E-02  0.3739E-02  0.3255E-02  0.1302E-02  0.9515E-03
      7.177  0.5238E-02  0.2972E-02  0.4122E-02  0.3157E-02  0.1996E-01  0.2179E-01  0.5900E-02  0.4987E-02  0.1853E-02  0.1319E-02  0.4686E-02  0.4563E-02  0.6842E-02  0.6562E-02  0.3912E-02  0.3521E-02  0.1279E-02  0.1036E-02
      7.187  0.3904E-02  0.3031E-02  0.3599E-02  0.3448E-02  0.1583E-01  0.2122E-01  0.4820E-02  0.5213E-02  0.1463E-02  0.1372E-02  0.3873E-02  0.4650E-02  0.5207E-02  0.6148E-02  0.3198E-02  0.3687E-02  0.1167E-02  0.1098E-02
      7.197  0.2827E-02  0.2814E-02  0.3100E-02  0.3587E-02  0.1132E-01  0.1961E-01  0.3607E-02  0.5099E-02  0.1116E-02  0.1313E-02  0.3030E-02  0.4337E-02  0.3927E-02  0.5358E-02  0.2334E-02  0.3576E-02  0.9573E-03  0.1033E-02
      7.207  0.2340E-02  0.2611E-02  0.3129E-02  0.3796E-02  0.9360E-02  0.1805E-01  0.2974E-02  0.5666E-02  0.1066E-02  0.1311E-02  0.2808E-02  0.4304E-02  0.3149E-02  0.4533E-02  0.1978E-02  0.3592E-02  0.8054E-03  0.1047E-02
      7.217  0.2263E-02  0.3060E-02  0.3411E-02  0.5365E-02  0.8831E-02  0.1951E-01  0.2683E-02  0.1019E-01  0.1131E-02  0.1598E-02  0.2854E-02  0.5281E-02  0.2780E-02  0.5138E-02  0.1947E-02  0.4909E-02  0.7593E-03  0.1338E-02
      7.227  0.2591E-02  0.2457E-02  0.4030E-02  0.4494E-02  0.9139E-02  0.1489E-01  0.3205E-02  0.7581E-02  0.1226E-02  0.1278E-02  0.3064E-02  0.3924E-02  0.2764E-02  0.4131E-02  0.2070E-02  0.3540E-02  0.7802E-03  0.1101E-02
      7.237  0.3034E-02  0.1942E-02  0.4576E-02  0.3209E-02  0.9931E-02  0.1062E-01  0.3834E-02  0.4044E-02  0.1241E-02  0.1019E-02  0.3260E-02  0.2854E-02  0.2873E-02  0.3443E-02  0.2094E-02  0.2571E-02  0.7654E-03  0.8597E-03
      7.247  0.3405E-02  0.1423E-02  0.5623E-02  0.2392E-02  0.1115E-01  0.7917E-02  0.5415E-02  0.3257E-02  0.1392E-02  0.7084E-03  0.3961E-02  0.2278E-02  0.3112E-02  0.2471E-02  0.2942E-02  0.2299E-02  0.1249E-02  0.6769E-03
      7.257  0.3245E-02  0.1373E-02  0.5212E-02  0.2385E-02  0.1351E-01  0.7591E-02  0.5764E-02  0.3080E-02  0.1269E-02  0.6809E-03  0.3722E-02  0.2193E-02  0.3602E-02  0.2419E-02  0.2436E-02  0.2193E-02  0.9470E-03  0.6459E-03
      7.267  0.3277E-02  0.1342E-02  0.5626E-02  0.2386E-02  0.1285E-01  0.7342E-02  0.5666E-02  0.2919E-02  0.1329E-02  0.6677E-03  0.4019E-02  0.2114E-02  0.3502E-02  0.2417E-02  0.2466E-02  0.2084E-02  0.9993E-03  0.6183E-03
      7.277  0.2595E-02  0.1321E-02  0.4168E-02  0.2388E-02  0.1000E-01  0.7144E-02  0.4967E-02  0.2772E-02  0.1022E-02  0.6590E-03  0.2992E-02  0.2045E-02  0.2960E-02  0.2434E-02  0.2152E-02  0.1983E-02  0.7943E-03  0.5945E-03
      7.287  0.2382E-02  0.1387E-02  0.4038E-02  0.2446E-02  0.8789E-02  0.7476E-02  0.4527E-02  0.2751E-02  0.9835E-03  0.6918E-03  0.2995E-02  0.2057E-02  0.2714E-02  0.2604E-02  0.2083E-02  0.1943E-02  0.7840E-03  0.5973E-03
      7.297  0.2424E-02  0.1459E-02  0.3978E-02  0.2498E-02  0.8253E-02  0.7757E-02  0.4250E-02  0.2726E-02  0.9786E-03  0.7252E-03  0.3053E-02  0.2065E-02  0.2745E-02  0.2771E-02  0.2096E-02  0.1908E-02  0.8411E-03  0.5990E-03
      7.307  0.2707E-02  0.1990E-02  0.3845E-02  0.2833E-02  0.8147E-02  0.1008E-01  0.3793E-02  0.3479E-02  0.9371E-03  0.9317E-03  0.2972E-02  0.2290E-02  0.2713E-02  0.3352E-02  0.2023E-02  0.2053E-02  0.9046E-03  0.7055E-03
      7.317  0.2386E-02  0.2728E-02  0.3441E-02  0.3300E-02  0.7083E-02  0.1293E-01  0.3260E-02  0.4423E-02  0.8223E-03  0.1193E-02  0.2675E-02  0.2565E-02  0.2164E-02  0.4027E-02  0.1780E-02  0.2252E-02  0.7791E-03  0.8422E-03
      7.327  0.2086E-02  0.3606E-02  0.2883E-02  0.3928E-02  0.6309E-02  0.1585E-01  0.2696E-02  0.5312E-02  0.6490E-03  0.1519E-02  0.2317E-02  0.3071E-02  0.1742E-02  0.4817E-02  0.1436E-02  0.2635E-02  0.6651E-03  0.1028E-02
      7.337  0.2156E-02  0.4806E-02  0.2646E-02  0.5124E-02  0.6820E-02  0.1900E-01  0.2429E-02  0.5874E-02  0.5872E-03  0.1681E-02  0.2026E-02  0.3596E-02  0.1571E-02  0.5692E-02  0.1431E-02  0.2928E-02  0.6435E-03  0.1221E-02
      7.347  0.2758E-02  0.7938E-02  0.2828E-02  0.6350E-02  0.9024E-02  0.2609E-01  0.2484E-02  0.5781E-02  0.6365E-03  0.1854E-02  0.2033E-02  0.4448E-02  0.1781E-02  0.6795E-02  0.1884E-02  0.3558E-02  0.7083E-03  0.1423E-02
      7.357  0.2659E-02  0.5732E-02  0.2583E-02  0.5033E-02  0.8597E-02  0.1599E-01  0.2323E-02  0.3896E-02  0.5918E-03  0.1391E-02  0.2017E-02  0.3728E-02  0.1786E-02  0.5571E-02  0.1850E-02  0.2622E-02  0.6790E-03  0.1047E-02
      7.367  0.2588E-02  0.3485E-02  0.2355E-02  0.4015E-02  0.8356E-02  0.8619E-02  0.2186E-02  0.2631E-02  0.5514E-03  0.1107E-02  0.1960E-02  0.2716E-02  0.1822E-02  0.4434E-02  0.1816E-02  0.1906E-02  0.6600E-03  0.7614E-03
      7.377  0.2468E-02  0.3247E-02  0.2241E-02  0.3852E-02  0.7854E-02  0.8223E-02  0.2117E-02  0.2512E-02  0.5300E-03  0.1081E-02  0.1946E-02  0.2690E-02  0.1809E-02  0.4318E-02  0.1744E-02  0.1874E-02  0.6430E-03  0.7456E-03
      7.387  0.1621E-02  0.3018E-02  0.2052E-02  0.3670E-02  0.4776E-02  0.7939E-02  0.1709E-02  0.2473E-02  0.4155E-03  0.1043E-02  0.1533E-02  0.2628E-02  0.1245E-02  0.4258E-02  0.1155E-02  0.1826E-02  0.4882E-03  0.7500E-03
      7.397  0.2103E-02  0.2775E-02  0.2580E-02  0.3529E-02  0.6415E-02  0.7600E-02  0.2408E-02  0.2464E-02  0.5095E-03  0.1006E-02  0.1760E-02  0.2577E-02  0.1773E-02  0.4124E-02  0.1801E-02  0.1805E-02  0.6758E-03  0.7530E-03
      7.407  0.2226E-02  0.2621E-02  0.2873E-02  0.3484E-02  0.7524E-02  0.7383E-02  0.3346E-02  0.2576E-02  0.6606E-03  0.9704E-03  0.2051E-02  0.2553E-02  0.2034E-02  0.3979E-02  0.2235E-02  0.1834E-02  0.8417E-03  0.8550E-03
      7.417  0.2301E-02  0.3163E-02  0.2977E-02  0.4972E-02  0.8130E-02  0.8988E-02  0.4144E-02  0.4001E-02  0.8337E-03  0.1146E-02  0.2528E-02  0.3575E-02  0.2571E-02  0.4436E-02  0.2468E-02  0.2682E-02  0.1091E-02  0.1836E-02
      7.427  0.2688E-02  0.1998E-02  0.3840E-02  0.3671E-02  0.1038E-01  0.6622E-02  0.5434E-02  0.2657E-02  0.1158E-02  0.9023E-03  0.3305E-02  0.2308E-02  0.3271E-02  0.3426E-02  0.3554E-02  0.2009E-02  0.1646E-02  0.1041E-02
      7.437  0.2404E-02  0.1683E-02  0.3535E-02  0.3344E-02  0.1061E-01  0.5323E-02  0.4789E-02  0.2244E-02  0.1083E-02  0.8497E-03  0.3093E-02  0.2032E-02  0.3004E-02  0.3130E-02  0.3193E-02  0.1801E-02  0.1572E-02  0.8209E-03
      7.447  0.2780E-02  0.2663E-02  0.3532E-02  0.3882E-02  0.1075E-01  0.5624E-02  0.4982E-02  0.2421E-02  0.1020E-02  0.1018E-02  0.3016E-02  0.1842E-02  0.2939E-02  0.3535E-02  0.3163E-02  0.1954E-02  0.1591E-02  0.8925E-03
      7.457  0.1797E-02  0.3547E-02  0.3278E-02  0.3819E-02  0.9125E-02  0.5174E-02  0.4046E-02  0.2484E-02  0.8899E-03  0.9990E-03  0.2636E-02  0.1791E-02  0.2455E-02  0.4085E-02  0.2719E-02  0.1927E-02  0.1237E-02  0.8035E-03
      7.467  0.1730E-02  0.4768E-02  0.3264E-02  0.4162E-02  0.8780E-02  0.4988E-02  0.3778E-02  0.2700E-02  0.8446E-03  0.1007E-02  0.2458E-02  0.1882E-02  0.2284E-02  0.5168E-02  0.2727E-02  0.2093E-02  0.1137E-02  0.7876E-03
      7.477  0.1687E-02  0.3710E-02  0.3114E-02  0.4324E-02  0.7971E-02  0.4889E-02  0.3441E-02  0.2690E-02  0.7821E-03  0.9822E-03  0.2257E-02  0.1875E-02  0.2123E-02  0.5315E-02  0.2618E-02  0.2118E-02  0.1002E-02  0.7880E-03
      7.487  0.1523E-02  0.3030E-02  0.2731E-02  0.4124E-02  0.6871E-02  0.4719E-02  0.2892E-02  0.2653E-02  0.7167E-03  0.9550E-03  0.1963E-02  0.1855E-02  0.1943E-02  0.5460E-02  0.2193E-02  0.2061E-02  0.8334E-03  0.7744E-03
      7.497  0.1377E-02  0.2436E-02  0.2460E-02  0.3873E-02  0.6157E-02  0.4580E-02  0.2378E-02  0.2594E-02  0.7019E-03  0.9395E-03  0.1702E-02  0.1843E-02  0.1852E-02  0.5610E-02  0.1869E-02  0.2035E-02  0.6968E-03  0.7580E-03
      7.507  0.1403E-02  0.2095E-02  0.1861E-02  0.4061E-02  0.5364E-02  0.4789E-02  0.2388E-02  0.2678E-02  0.6944E-03  0.9870E-03  0.1613E-02  0.1934E-02  0.1997E-02  0.6008E-02  0.1599E-02  0.2169E-02  0.5617E-03  0.8174E-03
      7.517  0.1614E-02  0.2550E-02  0.1869E-02  0.4871E-02  0.5254E-02  0.5761E-02  0.2556E-02  0.3075E-02  0.7362E-03  0.1180E-02  0.1652E-02  0.2531E-02  0.2233E-02  0.9081E-02  0.1545E-02  0.2854E-02  0.6094E-03  0.1081E-02
      7.527  0.1758E-02  0.1869E-02  0.1970E-02  0.4041E-02  0.5210E-02  0.4720E-02  0.2674E-02  0.2461E-02  0.7792E-03  0.9670E-03  0.1657E-02  0.1771E-02  0.2480E-02  0.5280E-02  0.1476E-02  0.1923E-02  0.6691E-03  0.9662E-03
      7.537  0.1898E-02  0.1745E-02  0.2345E-02  0.4128E-02  0.5686E-02  0.4428E-02  0.2920E-02  0.2036E-02  0.8450E-03  0.1009E-02  0.1762E-02  0.1550E-02  0.2882E-02  0.4890E-02  0.1486E-02  0.1745E-02  0.7585E-03  0.8245E-03
      7.547  0.1864E-02  0.1788E-02  0.2377E-02  0.4491E-02  0.5738E-02  0.4572E-02  0.3067E-02  0.1905E-02  0.8694E-03  0.1122E-02  0.1773E-02  0.1525E-02  0.3046E-02  0.4825E-02  0.1418E-02  0.1701E-02  0.7963E-03  0.7856E-03
      7.557  0.1848E-02  0.2676E-02  0.2374E-02  0.6322E-02  0.5725E-02  0.6161E-02  0.3239E-02  0.2433E-02  0.9389E-03  0.2029E-02  0.1741E-02  0.1941E-02  0.3278E-02  0.5858E-02  0.1337E-02  0.2258E-02  0.8121E-03  0.8775E-03
      7.567  0.1820E-02  0.2994E-02  0.2495E-02  0.7198E-02  0.5883E-02  0.6944E-02  0.3001E-02  0.3003E-02  0.9283E-03  0.1924E-02  0.1636E-02  0.2383E-02  0.3237E-02  0.6763E-02  0.1241E-02  0.2398E-02  0.7949E-03  0.1068E-02
      7.577  0.2062E-02  0.3184E-02  0.3078E-02  0.7410E-02  0.7513E-02  0.6981E-02  0.2744E-02  0.3472E-02  0.9682E-03  0.1843E-02  0.1789E-02  0.2690E-02  0.3265E-02  0.7523E-02  0.1559E-02  0.2397E-02  0.9227E-03  0.1078E-02
      7.587  0.2427E-02  0.3342E-02  0.4001E-02  0.7375E-02  0.8663E-02  0.6667E-02  0.2944E-02  0.3806E-02  0.1140E-02  0.1739E-02  0.2099E-02  0.2922E-02  0.3969E-02  0.7796E-02  0.2055E-02  0.2321E-02  0.1082E-02  0.1032E-02
      7.597  0.1696E-02  0.2949E-02  0.2634E-02  0.6678E-02  0.5903E-02  0.5592E-02  0.2591E-02  0.3131E-02  0.8382E-03  0.1504E-02  0.1571E-02  0.2774E-02  0.2819E-02  0.6266E-02  0.1366E-02  0.2060E-02  0.8764E-03  0.8723E-03
      7.607  0.1495E-02  0.2853E-02  0.2167E-02  0.6378E-02  0.4421E-02  0.5252E-02  0.2247E-02  0.2961E-02  0.6835E-03  0.1413E-02  0.1402E-02  0.2815E-02  0.2294E-02  0.5830E-02  0.1128E-02  0.1892E-02  0.6353E-03  0.8631E-03
      7.617  0.1471E-02  0.2609E-02  0.1963E-02  0.5388E-02  0.3760E-02  0.4868E-02  0.2058E-02  0.2618E-02  0.6289E-03  0.1285E-02  0.1347E-02  0.2391E-02  0.2133E-02  0.5116E-02  0.1100E-02  0.1691E-02  0.5155E-03  0.8065E-03
      7.627  0.1668E-02  0.2292E-02  0.2069E-02  0.4276E-02  0.4162E-02  0.4454E-02  0.2212E-02  0.2176E-02  0.6892E-03  0.1114E-02  0.1463E-02  0.2168E-02  0.2345E-02  0.4345E-02  0.1228E-02  0.1436E-02  0.5270E-03  0.7148E-03
      7.637  0.1552E-02  0.1998E-02  0.1562E-02  0.3418E-02  0.3710E-02  0.4077E-02  0.1867E-02  0.1849E-02  0.5208E-03  0.9492E-03  0.1276E-02  0.1956E-02  0.2301E-02  0.3743E-02  0.1170E-02  0.1225E-02  0.4357E-03  0.6339E-03
      7.647  0.1646E-02  0.1773E-02  0.1359E-02  0.2811E-02  0.3594E-02  0.3765E-02  0.1751E-02  0.1657E-02  0.4671E-03  0.8088E-03  0.1093E-02  0.1781E-02  0.2383E-02  0.3367E-02  0.1142E-02  0.1128E-02  0.4393E-03  0.5899E-03
      7.657  0.2030E-02  0.1953E-02  0.1597E-02  0.2713E-02  0.4307E-02  0.4055E-02  0.2330E-02  0.1919E-02  0.5442E-03  0.7485E-03  0.1735E-02  0.1857E-02  0.2763E-02  0.3694E-02  0.1489E-02  0.1214E-02  0.5576E-03  0.6602E-03
      7.667  0.2658E-02  0.1872E-02  0.2492E-02  0.2560E-02  0.6215E-02  0.3597E-02  0.2982E-02  0.1891E-02  0.7164E-03  0.7038E-03  0.2410E-02  0.1761E-02  0.4709E-02  0.3677E-02  0.1849E-02  0.1219E-02  0.7326E-03  0.6417E-03
      7.677  0.2742E-02  0.1866E-02  0.2351E-02  0.2472E-02  0.6804E-02  0.3268E-02  0.2908E-02  0.2059E-02  0.7436E-03  0.7036E-03  0.2306E-02  0.1721E-02  0.4666E-02  0.4052E-02  0.1676E-02  0.1452E-02  0.8205E-03  0.6577E-03
      7.687  0.2621E-02  0.4779E-02  0.2132E-02  0.3554E-02  0.6266E-02  0.3760E-02  0.2739E-02  0.3535E-02  0.7691E-03  0.1286E-02  0.2077E-02  0.2143E-02  0.3989E-02  0.5791E-02  0.1321E-02  0.2377E-02  0.6830E-03  0.7935E-03
      7.697  0.2381E-02  0.4344E-02  0.1723E-02  0.3442E-02  0.5330E-02  0.4276E-02  0.2331E-02  0.4296E-02  0.7204E-03  0.1184E-02  0.1750E-02  0.2332E-02  0.3208E-02  0.6183E-02  0.1128E-02  0.2525E-02  0.5775E-03  0.8571E-03
      7.707  0.2429E-02  0.3424E-02  0.1908E-02  0.2995E-02  0.5175E-02  0.2841E-02  0.2125E-02  0.2848E-02  0.7935E-03  0.1086E-02  0.1620E-02  0.2271E-02  0.2775E-02  0.4811E-02  0.1183E-02  0.2229E-02  0.6129E-03  0.8275E-03
      7.717  0.3100E-02  0.2314E-02  0.3013E-02  0.2499E-02  0.6623E-02  0.2224E-02  0.2499E-02  0.1898E-02  0.1112E-02  0.8991E-03  0.1904E-02  0.2060E-02  0.3172E-02  0.4036E-02  0.1567E-02  0.1793E-02  0.8980E-03  0.8380E-03
      7.727  0.3530E-02  0.1669E-02  0.3698E-02  0.2153E-02  0.6767E-02  0.2039E-02  0.2650E-02  0.1778E-02  0.1219E-02  0.8340E-03  0.2005E-02  0.1906E-02  0.3504E-02  0.3581E-02  0.1696E-02  0.1629E-02  0.1123E-02  0.7967E-03
      7.737  0.3257E-02  0.1928E-02  0.5146E-02  0.2451E-02  0.7000E-02  0.2388E-02  0.3427E-02  0.2128E-02  0.1577E-02  0.1022E-02  0.2103E-02  0.2263E-02  0.3506E-02  0.4228E-02  0.2145E-02  0.1669E-02  0.1278E-02  0.9132E-03
      7.747  0.2343E-02  0.1992E-02  0.2363E-02  0.2463E-02  0.5917E-02  0.2475E-02  0.2465E-02  0.2217E-02  0.8700E-03  0.1091E-02  0.1640E-02  0.2250E-02  0.2882E-02  0.4135E-02  0.1583E-02  0.1641E-02  0.8178E-03  0.9324E-03
      7.757  0.2118E-02  0.2231E-02  0.2176E-02  0.2536E-02  0.6008E-02  0.2700E-02  0.2490E-02  0.2493E-02  0.8422E-03  0.1255E-02  0.1563E-02  0.2327E-02  0.2625E-02  0.4131E-02  0.1668E-02  0.1692E-02  0.7942E-03  0.9987E-03
      7.767  0.1954E-02  0.2138E-02  0.2117E-02  0.2413E-02  0.6348E-02  0.2925E-02  0.2333E-02  0.2626E-02  0.8945E-03  0.1030E-02  0.1485E-02  0.2177E-02  0.2347E-02  0.3740E-02  0.1736E-02  0.1540E-02  0.7894E-03  0.9748E-03
      7.777  0.1635E-02  0.2357E-02  0.2086E-02  0.2465E-02  0.4868E-02  0.3637E-02  0.2043E-02  0.2971E-02  0.9387E-03  0.9887E-03  0.1416E-02  0.1891E-02  0.1895E-02  0.3936E-02  0.1742E-02  0.1460E-02  0.7454E-03  0.7392E-03
      7.787  0.1595E-02  0.2249E-02  0.2336E-02  0.2369E-02  0.4678E-02  0.3336E-02  0.2334E-02  0.2714E-02  0.1007E-02  0.1058E-02  0.1747E-02  0.1926E-02  0.1964E-02  0.3711E-02  0.1831E-02  0.1416E-02  0.1036E-02  0.7396E-03
      7.797  0.1755E-02  0.2461E-02  0.2933E-02  0.2445E-02  0.5238E-02  0.3298E-02  0.2913E-02  0.2549E-02  0.1163E-02  0.1078E-02  0.2383E-02  0.2000E-02  0.2384E-02  0.4042E-02  0.2047E-02  0.1308E-02  0.1403E-02  0.7822E-03
      7.807  0.1635E-02  0.2294E-02  0.2786E-02  0.2349E-02  0.4674E-02  0.2970E-02  0.2772E-02  0.2328E-02  0.9838E-03  0.1040E-02  0.2342E-02  0.1897E-02  0.2214E-02  0.3624E-02  0.1869E-02  0.1229E-02  0.1028E-02  0.8142E-03
      7.817  0.1876E-02  0.2261E-02  0.2658E-02  0.2339E-02  0.4932E-02  0.2711E-02  0.2950E-02  0.2614E-02  0.9862E-03  0.1075E-02  0.2084E-02  0.1980E-02  0.2263E-02  0.3324E-02  0.1908E-02  0.1568E-02  0.1058E-02  0.9971E-03
      7.827  0.2677E-02  0.2205E-02  0.2727E-02  0.2424E-02  0.5646E-02  0.2273E-02  0.3304E-02  0.2541E-02  0.1056E-02  0.1138E-02  0.2068E-02  0.2206E-02  0.2427E-02  0.3030E-02  0.2097E-02  0.1843E-02  0.1195E-02  0.1019E-02
      7.837  0.3205E-02  0.2606E-02  0.2620E-02  0.2753E-02  0.5660E-02  0.2377E-02  0.3117E-02  0.2656E-02  0.1059E-02  0.1289E-02  0.1946E-02  0.2451E-02  0.2388E-02  0.3143E-02  0.2073E-02  0.2136E-02  0.1316E-02  0.1152E-02
      7.847  0.3073E-02  0.3091E-02  0.2474E-02  0.3394E-02  0.5193E-02  0.3469E-02  0.2866E-02  0.2502E-02  0.9492E-03  0.1506E-02  0.1803E-02  0.2647E-02  0.2264E-02  0.3928E-02  0.1654E-02  0.2279E-02  0.1211E-02  0.1280E-02
      7.857  0.3098E-02  0.2789E-02  0.2407E-02  0.3316E-02  0.5008E-02  0.3106E-02  0.2794E-02  0.2088E-02  0.8793E-03  0.1513E-02  0.1803E-02  0.2559E-02  0.2119E-02  0.4146E-02  0.1616E-02  0.2285E-02  0.1180E-02  0.1178E-02
      7.867  0.2925E-02  0.2277E-02  0.2260E-02  0.3121E-02  0.4908E-02  0.2562E-02  0.2759E-02  0.1837E-02  0.7926E-03  0.1402E-02  0.1803E-02  0.2333E-02  0.1982E-02  0.3640E-02  0.1561E-02  0.2088E-02  0.1059E-02  0.1096E-02
      7.877  0.2583E-02  0.1363E-02  0.1980E-02  0.1848E-02  0.4793E-02  0.1759E-02  0.2629E-02  0.1448E-02  0.7144E-03  0.1017E-02  0.1786E-02  0.1741E-02  0.1840E-02  0.2637E-02  0.1402E-02  0.9750E-03  0.9419E-03  0.5802E-03
      7.887  0.2344E-02  0.1008E-02  0.1673E-02  0.1649E-02  0.4687E-02  0.1535E-02  0.2583E-02  0.1340E-02  0.6346E-03  0.8653E-03  0.1791E-02  0.1531E-02  0.1712E-02  0.2254E-02  0.1271E-02  0.7403E-03  0.8488E-03  0.4818E-03
      7.897  0.2060E-02  0.1012E-02  0.1488E-02  0.1755E-02  0.3862E-02  0.1709E-02  0.2449E-02  0.1566E-02  0.5501E-03  0.9248E-03  0.1796E-02  0.1471E-02  0.1488E-02  0.2532E-02  0.1110E-02  0.8517E-03  0.7644E-03  0.5467E-03
      7.907  0.1898E-02  0.9796E-03  0.1731E-02  0.1559E-02  0.3591E-02  0.1631E-02  0.2269E-02  0.1485E-02  0.5209E-03  0.8371E-03  0.2003E-02  0.1413E-02  0.1257E-02  0.2382E-02  0.1147E-02  0.8330E-03  0.6327E-03  0.5230E-03
      7.917  0.2036E-02  0.9573E-03  0.2150E-02  0.1425E-02  0.3751E-02  0.1548E-02  0.2304E-02  0.1415E-02  0.5403E-03  0.7566E-03  0.2332E-02  0.1426E-02  0.1295E-02  0.2244E-02  0.1244E-02  0.8192E-03  0.7239E-03  0.5059E-03
      7.927  0.2234E-02  0.1031E-02  0.2458E-02  0.1497E-02  0.3726E-02  0.1521E-02  0.2342E-02  0.1517E-02  0.5549E-03  0.7150E-03  0.2445E-02  0.1495E-02  0.1495E-02  0.2339E-02  0.1348E-02  0.9523E-03  0.8090E-03  0.5748E-03
      7.937  0.2008E-02  0.1277E-02  0.1729E-02  0.1880E-02  0.3324E-02  0.1586E-02  0.2125E-02  0.1969E-02  0.4879E-03  0.7654E-03  0.1783E-02  0.1700E-02  0.1333E-02  0.2928E-02  0.1196E-02  0.1188E-02  0.7225E-03  0.6539E-03
      7.947  0.2023E-02  0.1529E-02  0.1571E-02  0.2428E-02  0.3210E-02  0.1825E-02  0.2002E-02  0.2529E-02  0.4724E-03  0.9305E-03  0.1639E-02  0.1980E-02  0.1345E-02  0.4066E-02  0.1184E-02  0.1481E-02  0.7490E-03  0.7417E-03
      7.957  0.2267E-02  0.1117E-02  0.1685E-02  0.1756E-02  0.3345E-02  0.1380E-02  0.2036E-02  0.1973E-02  0.4797E-03  0.6476E-03  0.1733E-02  0.1617E-02  0.1460E-02  0.2689E-02  0.1357E-02  0.1261E-02  0.8733E-03  0.6290E-03
      7.967  0.2096E-02  0.1112E-02  0.1503E-02  0.1744E-02  0.3127E-02  0.1366E-02  0.1917E-02  0.2038E-02  0.4758E-03  0.6612E-03  0.1615E-02  0.1604E-02  0.1458E-02  0.2706E-02  0.1246E-02  0.1360E-02  0.8506E-03  0.6641E-03
      7.977  0.1913E-02  0.1245E-02  0.1359E-02  0.1834E-02  0.2955E-02  0.1554E-02  0.1805E-02  0.2241E-02  0.4676E-03  0.7814E-03  0.1528E-02  0.1660E-02  0.1459E-02  0.2950E-02  0.1126E-02  0.1608E-02  0.7977E-03  0.7647E-03
      7.987  0.1786E-02  0.1656E-02  0.1472E-02  0.2141E-02  0.3162E-02  0.2309E-02  0.1846E-02  0.3310E-02  0.4749E-03  0.1072E-02  0.1525E-02  0.2067E-02  0.1536E-02  0.4147E-02  0.1144E-02  0.2365E-02  0.7349E-03  0.1300E-02
      7.997  0.2201E-02  0.1674E-02  0.1643E-02  0.2379E-02  0.3852E-02  0.2209E-02  0.2821E-02  0.2949E-02  0.5551E-03  0.1046E-02  0.1722E-02  0.2064E-02  0.1730E-02  0.4141E-02  0.1392E-02  0.2164E-02  0.7528E-03  0.1268E-02
      8.007  0.3663E-02  0.1861E-02  0.1822E-02  0.2903E-02  0.5310E-02  0.2206E-02  0.4535E-02  0.2959E-02  0.7035E-03  0.1149E-02  0.1852E-02  0.2252E-02  0.1957E-02  0.4027E-02  0.1895E-02  0.2251E-02  0.8257E-03  0.1261E-02
      8.017  0.3039E-02  0.1465E-02  0.1762E-02  0.2165E-02  0.4301E-02  0.1806E-02  0.3768E-02  0.2291E-02  0.7170E-03  0.8979E-03  0.1811E-02  0.1503E-02  0.2023E-02  0.2613E-02  0.1736E-02  0.1569E-02  0.7238E-03  0.9023E-03
      8.027  0.2301E-02  0.1336E-02  0.1619E-02  0.1654E-02  0.3483E-02  0.1538E-02  0.2993E-02  0.1913E-02  0.6717E-03  0.7260E-03  0.1580E-02  0.9425E-03  0.1877E-02  0.2216E-02  0.1501E-02  0.1268E-02  0.6258E-03  0.7549E-03
      8.037  0.1633E-02  0.1381E-02  0.1473E-02  0.1310E-02  0.2850E-02  0.1441E-02  0.2167E-02  0.1958E-02  0.5991E-03  0.6799E-03  0.1376E-02  0.7703E-03  0.1644E-02  0.1979E-02  0.1169E-02  0.1177E-02  0.5330E-03  0.7187E-03
      8.047  0.1685E-02  0.1913E-02  0.1636E-02  0.1366E-02  0.2823E-02  0.1742E-02  0.2155E-02  0.2702E-02  0.6413E-03  0.7889E-03  0.1423E-02  0.9568E-03  0.1695E-02  0.2143E-02  0.1157E-02  0.1420E-02  0.5305E-03  0.8297E-03
      8.057  0.1624E-02  0.9270E-03  0.1759E-02  0.1241E-02  0.2781E-02  0.1302E-02  0.2232E-02  0.1413E-02  0.6682E-03  0.6766E-03  0.1465E-02  0.9344E-03  0.1739E-02  0.1906E-02  0.1158E-02  0.1076E-02  0.5341E-03  0.5907E-03
      8.067  0.1556E-02  0.7711E-03  0.1805E-02  0.1198E-02  0.2717E-02  0.1097E-02  0.2234E-02  0.1145E-02  0.6883E-03  0.6176E-03  0.1508E-02  0.8995E-03  0.1786E-02  0.1738E-02  0.1139E-02  0.9277E-03  0.5318E-03  0.5248E-03
      8.077  0.1403E-02  0.6814E-03  0.1759E-02  0.1260E-02  0.2591E-02  0.1011E-02  0.2193E-02  0.1047E-02  0.6868E-03  0.5938E-03  0.1501E-02  0.9523E-03  0.1762E-02  0.1727E-02  0.1103E-02  0.8946E-03  0.5278E-03  0.4767E-03
      8.087  0.1184E-02  0.6077E-03  0.1700E-02  0.1347E-02  0.2357E-02  0.9621E-03  0.2111E-02  0.1016E-02  0.6688E-03  0.5506E-03  0.1469E-02  0.1072E-02  0.1606E-02  0.1754E-02  0.1036E-02  0.8844E-03  0.5157E-03  0.4276E-03
      8.097  0.1218E-02  0.5734E-03  0.2247E-02  0.1426E-02  0.2816E-02  0.9316E-03  0.2362E-02  0.1009E-02  0.7569E-03  0.5246E-03  0.1711E-02  0.1197E-02  0.1904E-02  0.1789E-02  0.1076E-02  0.9081E-03  0.6502E-03  0.3759E-03
      8.107  0.1188E-02  0.6255E-03  0.2254E-02  0.1592E-02  0.2670E-02  0.9675E-03  0.2157E-02  0.1138E-02  0.6796E-03  0.5758E-03  0.1720E-02  0.1384E-02  0.2415E-02  0.1900E-02  0.1215E-02  0.1002E-02  0.8798E-03  0.4084E-03
      8.117  0.1058E-02  0.5640E-03  0.1778E-02  0.1578E-02  0.2674E-02  0.9156E-03  0.1944E-02  0.1021E-02  0.5812E-03  0.5708E-03  0.1624E-02  0.1473E-02  0.1700E-02  0.1736E-02  0.1161E-02  0.1003E-02  0.6535E-03  0.3942E-03
      8.127  0.1100E-02  0.5038E-03  0.1604E-02  0.1582E-02  0.2384E-02  0.8697E-03  0.2004E-02  0.9357E-03  0.5273E-03  0.5715E-03  0.1446E-02  0.1593E-02  0.1702E-02  0.1621E-02  0.1199E-02  0.9707E-03  0.6150E-03  0.3773E-03
      8.137  0.1166E-02  0.5698E-03  0.1604E-02  0.1807E-02  0.2019E-02  0.9054E-03  0.1552E-02  0.1034E-02  0.4502E-03  0.6138E-03  0.1248E-02  0.1825E-02  0.1609E-02  0.1762E-02  0.1116E-02  0.9958E-03  0.5287E-03  0.4058E-03
      8.147  0.1349E-02  0.5492E-03  0.1747E-02  0.1488E-02  0.2197E-02  0.8050E-03  0.1524E-02  0.9384E-03  0.4674E-03  0.5882E-03  0.1134E-02  0.1596E-02  0.1887E-02  0.1718E-02  0.1188E-02  0.9144E-03  0.5605E-03  0.3654E-03
      8.157  0.1530E-02  0.4782E-03  0.1775E-02  0.1195E-02  0.2235E-02  0.6780E-03  0.1544E-02  0.7873E-03  0.5142E-03  0.5716E-03  0.1052E-02  0.1365E-02  0.2210E-02  0.1518E-02  0.1287E-02  0.7805E-03  0.5848E-03  0.3381E-03
      8.167  0.2023E-02  0.3799E-03  0.2070E-02  0.8919E-03  0.2697E-02  0.5103E-03  0.1942E-02  0.5891E-03  0.7799E-03  0.5284E-03  0.1117E-02  0.1072E-02  0.2895E-02  0.1224E-02  0.1547E-02  0.5989E-03  0.7265E-03  0.3003E-03
      8.177  0.3510E-02  0.2824E-03  0.2675E-02  0.6061E-03  0.4984E-02  0.3481E-03  0.2891E-02  0.3980E-03  0.1030E-02  0.4799E-03  0.1743E-02  0.7647E-03  0.7575E-02  0.9147E-03  0.2729E-02  0.4217E-03  0.9808E-03  0.2654E-03
      8.187  0.1277E-02  0.8719E-04  0.1726E-02  0.2071E-03  0.2677E-02  0.1617E-03  0.1783E-02  0.1547E-03  0.6555E-03  0.5966E-04  0.1026E-02  0.1160E-03  0.2356E-02  0.3791E-03  0.1712E-02  0.1691E-03  0.5493E-03  0.4285E-04
      8.197  0.1189E-02  0.5415E-04  0.1636E-02  0.1379E-03  0.2144E-02  0.1191E-03  0.2111E-02  0.1004E-03  0.6309E-03  0.4130E-04  0.1010E-02  0.8360E-04  0.1768E-02  0.2352E-03  0.1631E-02  0.1154E-03  0.4576E-03  0.2915E-04
      8.207  0.1059E-02  0.2328E-04  0.1485E-02  0.6543E-04  0.2064E-02  0.7632E-04  0.1942E-02  0.4301E-04  0.5851E-03  0.2447E-04  0.9456E-03  0.5084E-04  0.1521E-02  0.9199E-04  0.1497E-02  0.5723E-04  0.4140E-03  0.1536E-04
      8.217  0.9822E-03  0.1201E-04  0.1393E-02  0.3612E-04  0.2221E-02  0.5314E-04  0.1887E-02  0.2095E-04  0.5421E-03  0.1645E-04  0.9398E-03  0.3407E-04  0.1384E-02  0.4100E-04  0.1489E-02  0.3217E-04  0.3912E-03  0.9346E-05
      8.227  0.8882E-03  0.8374E-05  0.1312E-02  0.2558E-04  0.2189E-02  0.3794E-04  0.1890E-02  0.1459E-04  0.5086E-03  0.1166E-04  0.9363E-03  0.2406E-04  0.1336E-02  0.2851E-04  0.1620E-02  0.2237E-04  0.3950E-03  0.6601E-05
      8.237  0.7656E-03  0.4844E-05  0.1158E-02  0.1503E-04  0.1902E-02  0.2248E-04  0.1719E-02  0.8429E-05  0.4676E-03  0.6860E-05  0.8567E-03  0.1410E-04  0.1213E-02  0.1644E-04  0.1549E-02  0.1291E-04  0.3727E-03  0.3868E-05
      8.247  0.7010E-03  0.1418E-05  0.1076E-02  0.4469E-05  0.1707E-02  0.6738E-05  0.1547E-02  0.2464E-05  0.4575E-03  0.2042E-05  0.7869E-03  0.4182E-05  0.1168E-02  0.4799E-05  0.1459E-02  0.3767E-05  0.3457E-03  0.1147E-05
      8.257  0.7270E-03  0.0000E+00  0.1121E-02  0.0000E+00  0.1638E-02  0.0000E+00  0.1462E-02  0.0000E+00  0.4734E-03  0.0000E+00  0.7558E-03  0.0000E+00  0.1237E-02  0.0000E+00  0.1453E-02  0.0000E+00  0.3326E-03  0.0000E+00
      8.267  0.7678E-03  0.0000E+00  0.1155E-02  0.0000E+00  0.1636E-02  0.0000E+00  0.1400E-02  0.0000E+00  0.4824E-03  0.0000E+00  0.7276E-03  0.0000E+00  0.1323E-02  0.0000E+00  0.1457E-02  0.0000E+00  0.3212E-03  0.0000E+00
      8.277  0.7791E-03  0.0000E+00  0.1138E-02  0.0000E+00  0.1631E-02  0.0000E+00  0.1237E-02  0.0000E+00  0.4411E-03  0.0000E+00  0.6547E-03  0.0000E+00  0.1364E-02  0.0000E+00  0.1291E-02  0.0000E+00  0.2928E-03  0.0000E+00
      8.287  0.7913E-03  0.0000E+00  0.1028E-02  0.0000E+00  0.1633E-02  0.0000E+00  0.1177E-02  0.0000E+00  0.3722E-03  0.0000E+00  0.5648E-03  0.0000E+00  0.1373E-02  0.0000E+00  0.1182E-02  0.0000E+00  0.2720E-03  0.0000E+00
      8.297  0.8455E-03  0.0000E+00  0.1019E-02  0.0000E+00  0.1716E-02  0.0000E+00  0.1232E-02  0.0000E+00  0.3642E-03  0.0000E+00  0.5937E-03  0.0000E+00  0.1326E-02  0.0000E+00  0.1174E-02  0.0000E+00  0.2828E-03  0.0000E+00
      8.307  0.9638E-03  0.0000E+00  0.1157E-02  0.0000E+00  0.1982E-02  0.0000E+00  0.1402E-02  0.0000E+00  0.3510E-03  0.0000E+00  0.6816E-03  0.0000E+00  0.1241E-02  0.0000E+00  0.1217E-02  0.0000E+00  0.3444E-03  0.0000E+00
      8.317  0.1833E-02  0.0000E+00  0.1581E-02  0.0000E+00  0.4080E-02  0.0000E+00  0.2067E-02  0.0000E+00  0.6528E-03  0.0000E+00  0.1079E-02  0.0000E+00  0.1813E-02  0.0000E+00  0.1833E-02  0.0000E+00  0.4745E-03  0.0000E+00
      8.327  0.1463E-02  0.0000E+00  0.1180E-02  0.0000E+00  0.2870E-02  0.0000E+00  0.1472E-02  0.0000E+00  0.4586E-03  0.0000E+00  0.7354E-03  0.0000E+00  0.1412E-02  0.0000E+00  0.1342E-02  0.0000E+00  0.4142E-03  0.0000E+00
      8.337  0.1364E-02  0.0000E+00  0.1102E-02  0.0000E+00  0.2501E-02  0.0000E+00  0.1390E-02  0.0000E+00  0.3833E-03  0.0000E+00  0.6485E-03  0.0000E+00  0.1268E-02  0.0000E+00  0.1229E-02  0.0000E+00  0.3735E-03  0.0000E+00
      8.347  0.1258E-02  0.0000E+00  0.1052E-02  0.0000E+00  0.2231E-02  0.0000E+00  0.1360E-02  0.0000E+00  0.3273E-03  0.0000E+00  0.6140E-03  0.0000E+00  0.1178E-02  0.0000E+00  0.1142E-02  0.0000E+00  0.3633E-03  0.0000E+00
      8.357  0.1136E-02  0.0000E+00  0.1008E-02  0.0000E+00  0.1956E-02  0.0000E+00  0.1377E-02  0.0000E+00  0.2679E-03  0.0000E+00  0.5861E-03  0.0000E+00  0.1101E-02  0.0000E+00  0.1069E-02  0.0000E+00  0.3622E-03  0.0000E+00
      8.367  0.1151E-02  0.0000E+00  0.9866E-03  0.0000E+00  0.1839E-02  0.0000E+00  0.1372E-02  0.0000E+00  0.2433E-03  0.0000E+00  0.5798E-03  0.0000E+00  0.1117E-02  0.0000E+00  0.1023E-02  0.0000E+00  0.3654E-03  0.0000E+00
      8.377  0.1108E-02  0.0000E+00  0.9732E-03  0.0000E+00  0.1603E-02  0.0000E+00  0.1184E-02  0.0000E+00  0.2421E-03  0.0000E+00  0.6057E-03  0.0000E+00  0.1381E-02  0.0000E+00  0.9474E-03  0.0000E+00  0.3487E-03  0.0000E+00
      8.387  0.9018E-03  0.0000E+00  0.8247E-03  0.0000E+00  0.1259E-02  0.0000E+00  0.8792E-03  0.0000E+00  0.2085E-03  0.0000E+00  0.5425E-03  0.0000E+00  0.1209E-02  0.0000E+00  0.7696E-03  0.0000E+00  0.3045E-03  0.0000E+00
      8.397  0.1243E-02  0.0000E+00  0.1564E-02  0.0000E+00  0.1781E-02  0.0000E+00  0.1531E-02  0.0000E+00  0.2418E-03  0.0000E+00  0.7239E-03  0.0000E+00  0.2463E-02  0.0000E+00  0.9448E-03  0.0000E+00  0.4728E-03  0.0000E+00
      8.407  0.1263E-02  0.0000E+00  0.1179E-02  0.0000E+00  0.1606E-02  0.0000E+00  0.1217E-02  0.0000E+00  0.2274E-03  0.0000E+00  0.6313E-03  0.0000E+00  0.1906E-02  0.0000E+00  0.8719E-03  0.0000E+00  0.4011E-03  0.0000E+00
      8.417  0.7178E-03  0.0000E+00  0.7232E-03  0.0000E+00  0.1077E-02  0.0000E+00  0.8512E-03  0.0000E+00  0.1801E-03  0.0000E+00  0.5054E-03  0.0000E+00  0.1077E-02  0.0000E+00  0.5564E-03  0.0000E+00  0.2150E-03  0.0000E+00
      8.427  0.6599E-03  0.0000E+00  0.6424E-03  0.0000E+00  0.9572E-03  0.0000E+00  0.7450E-03  0.0000E+00  0.1638E-03  0.0000E+00  0.4649E-03  0.0000E+00  0.9495E-03  0.0000E+00  0.4955E-03  0.0000E+00  0.1943E-03  0.0000E+00
      8.438  0.5673E-03  0.0000E+00  0.5404E-03  0.0000E+00  0.8423E-03  0.0000E+00  0.6335E-03  0.0000E+00  0.1396E-03  0.0000E+00  0.4024E-03  0.0000E+00  0.8339E-03  0.0000E+00  0.4461E-03  0.0000E+00  0.1720E-03  0.0000E+00
      8.448  0.5416E-03  0.0000E+00  0.5027E-03  0.0000E+00  0.1023E-02  0.0000E+00  0.6198E-03  0.0000E+00  0.1448E-03  0.0000E+00  0.3959E-03  0.0000E+00  0.8659E-03  0.0000E+00  0.5052E-03  0.0000E+00  0.1836E-03  0.0000E+00
      8.458  0.5317E-03  0.0000E+00  0.4626E-03  0.0000E+00  0.1256E-02  0.0000E+00  0.6049E-03  0.0000E+00  0.1477E-03  0.0000E+00  0.4008E-03  0.0000E+00  0.8646E-03  0.0000E+00  0.5513E-03  0.0000E+00  0.2051E-03  0.0000E+00
      8.468  0.3994E-03  0.0000E+00  0.3127E-03  0.0000E+00  0.9103E-03  0.0000E+00  0.6186E-03  0.0000E+00  0.8889E-04  0.0000E+00  0.3232E-03  0.0000E+00  0.6222E-03  0.0000E+00  0.5481E-03  0.0000E+00  0.1817E-03  0.0000E+00
      8.478  0.2411E-03  0.0000E+00  0.2006E-03  0.0000E+00  0.4241E-03  0.0000E+00  0.4055E-03  0.0000E+00  0.4801E-04  0.0000E+00  0.1900E-03  0.0000E+00  0.3615E-03  0.0000E+00  0.3447E-03  0.0000E+00  0.1001E-03  0.0000E+00
      8.488  0.1378E-03  0.0000E+00  0.1410E-03  0.0000E+00  0.1710E-03  0.0000E+00  0.1515E-03  0.0000E+00  0.3136E-04  0.0000E+00  0.8947E-04  0.0000E+00  0.2012E-03  0.0000E+00  0.1181E-03  0.0000E+00  0.4367E-04  0.0000E+00
      8.498  0.1131E-03  0.0000E+00  0.1138E-03  0.0000E+00  0.1300E-03  0.0000E+00  0.1206E-03  0.0000E+00  0.2605E-04  0.0000E+00  0.6926E-04  0.0000E+00  0.1579E-03  0.0000E+00  0.9066E-04  0.0000E+00  0.3351E-04  0.0000E+00
      8.508  0.9464E-04  0.0000E+00  0.9272E-04  0.0000E+00  0.1047E-03  0.0000E+00  0.1048E-03  0.0000E+00  0.2170E-04  0.0000E+00  0.5652E-04  0.0000E+00  0.1268E-03  0.0000E+00  0.7635E-04  0.0000E+00  0.2701E-04  0.0000E+00
      8.518  0.7725E-04  0.0000E+00  0.7315E-04  0.0000E+00  0.8165E-04  0.0000E+00  0.8975E-04  0.0000E+00  0.1752E-04  0.0000E+00  0.4489E-04  0.0000E+00  0.9820E-04  0.0000E+00  0.6276E-04  0.0000E+00  0.2105E-04  0.0000E+00
      8.528  0.6039E-04  0.0000E+00  0.5431E-04  0.0000E+00  0.5936E-04  0.0000E+00  0.7498E-04  0.0000E+00  0.1340E-04  0.0000E+00  0.3376E-04  0.0000E+00  0.7073E-04  0.0000E+00  0.4936E-04  0.0000E+00  0.1532E-04  0.0000E+00
      8.538  0.3050E-04  0.0000E+00  0.2803E-04  0.0000E+00  0.2778E-04  0.0000E+00  0.3418E-04  0.0000E+00  0.7089E-05  0.0000E+00  0.1789E-04  0.0000E+00  0.3623E-04  0.0000E+00  0.2448E-04  0.0000E+00  0.7874E-05  0.0000E+00
      8.548  0.3938E-05  0.0000E+00  0.6880E-05  0.0000E+00  0.4759E-05  0.0000E+00  0.1893E-05  0.0000E+00  0.1643E-05  0.0000E+00  0.4235E-05  0.0000E+00  0.7664E-05  0.0000E+00  0.4209E-05  0.0000E+00  0.1803E-05  0.0000E+00
      8.558  0.0000E+00  0.0000E+00  0.0000E+00  0.0000E+00  0.0000E+00  0.0000E+00  0.0000E+00  0.0000E+00  0.0000E+00  0.0000E+00  0.0000E+00  0.0000E+00  0.0000E+00  0.0000E+00  0.0000E+00  0.0000E+00  0.0000E+00  0.0000E+00
      8.568  0.0000E+00  0.0000E+00  0.0000E+00  0.0000E+00  0.0000E+00  0.0000E+00  0.0000E+00  0.0000E+00  0.0000E+00  0.0000E+00  0.0000E+00  0.0000E+00  0.0000E+00  0.0000E+00  0.0000E+00  0.0000E+00  0.0000E+00  0.0000E+00
      8.578  0.0000E+00  0.0000E+00  0.0000E+00  0.0000E+00  0.0000E+00  0.0000E+00  0.0000E+00  0.0000E+00  0.0000E+00  0.0000E+00  0.0000E+00  0.0000E+00  0.0000E+00  0.0000E+00  0.0000E+00  0.0000E+00  0.0000E+00  0.0000E+00
      8.588  0.0000E+00  0.0000E+00  0.0000E+00  0.0000E+00  0.0000E+00  0.0000E+00  0.0000E+00  0.0000E+00  0.0000E+00  0.0000E+00  0.0000E+00  0.0000E+00  0.0000E+00  0.0000E+00  0.0000E+00  0.0000E+00  0.0000E+00  0.0000E+00
      8.598  0.0000E+00  0.0000E+00  0.0000E+00  0.0000E+00  0.0000E+00  0.0000E+00  0.0000E+00  0.0000E+00  0.0000E+00  0.0000E+00  0.0000E+00  0.0000E+00  0.0000E+00  0.0000E+00  0.0000E+00  0.0000E+00  0.0000E+00  0.0000E+00
      8.608  0.0000E+00  0.0000E+00  0.0000E+00  0.0000E+00  0.0000E+00  0.0000E+00  0.0000E+00  0.0000E+00  0.0000E+00  0.0000E+00  0.0000E+00  0.0000E+00  0.0000E+00  0.0000E+00  0.0000E+00  0.0000E+00  0.0000E+00  0.0000E+00
      8.618  0.0000E+00  0.0000E+00  0.0000E+00  0.0000E+00  0.0000E+00  0.0000E+00  0.0000E+00  0.0000E+00  0.0000E+00  0.0000E+00  0.0000E+00  0.0000E+00  0.0000E+00  0.0000E+00  0.0000E+00  0.0000E+00  0.0000E+00  0.0000E+00
      8.628  0.0000E+00  0.0000E+00  0.0000E+00  0.0000E+00  0.0000E+00  0.0000E+00  0.0000E+00  0.0000E+00  0.0000E+00  0.0000E+00  0.0000E+00  0.0000E+00  0.0000E+00  0.0000E+00  0.0000E+00  0.0000E+00  0.0000E+00  0.0000E+00
      8.638  0.0000E+00  0.0000E+00  0.0000E+00  0.0000E+00  0.0000E+00  0.0000E+00  0.0000E+00  0.0000E+00  0.0000E+00  0.0000E+00  0.0000E+00  0.0000E+00  0.0000E+00  0.0000E+00  0.0000E+00  0.0000E+00  0.0000E+00  0.0000E+00
      8.648  0.0000E+00  0.0000E+00  0.0000E+00  0.0000E+00  0.0000E+00  0.0000E+00  0.0000E+00  0.0000E+00  0.0000E+00  0.0000E+00  0.0000E+00  0.0000E+00  0.0000E+00  0.0000E+00  0.0000E+00  0.0000E+00  0.0000E+00  0.0000E+00
      8.658  0.0000E+00  0.0000E+00  0.0000E+00  0.0000E+00  0.0000E+00  0.0000E+00  0.0000E+00  0.0000E+00  0.0000E+00  0.0000E+00  0.0000E+00  0.0000E+00  0.0000E+00  0.0000E+00  0.0000E+00  0.0000E+00  0.0000E+00  0.0000E+00
      8.668  0.0000E+00  0.0000E+00  0.0000E+00  0.0000E+00  0.0000E+00  0.0000E+00  0.0000E+00  0.0000E+00  0.0000E+00  0.0000E+00  0.0000E+00  0.0000E+00  0.0000E+00  0.0000E+00  0.0000E+00  0.0000E+00  0.0000E+00  0.0000E+00
      8.678  0.0000E+00  0.0000E+00  0.0000E+00  0.0000E+00  0.0000E+00  0.0000E+00  0.0000E+00  0.0000E+00  0.0000E+00  0.0000E+00  0.0000E+00  0.0000E+00  0.0000E+00  0.0000E+00  0.0000E+00  0.0000E+00  0.0000E+00  0.0000E+00
      8.688  0.0000E+00  0.0000E+00  0.0000E+00  0.0000E+00  0.0000E+00  0.0000E+00  0.0000E+00  0.0000E+00  0.0000E+00  0.0000E+00  0.0000E+00  0.0000E+00  0.0000E+00  0.0000E+00  0.0000E+00  0.0000E+00  0.0000E+00  0.0000E+00
      8.698  0.0000E+00  0.0000E+00  0.0000E+00  0.0000E+00  0.0000E+00  0.0000E+00  0.0000E+00  0.0000E+00  0.0000E+00  0.0000E+00  0.0000E+00  0.0000E+00  0.0000E+00  0.0000E+00  0.0000E+00  0.0000E+00  0.0000E+00  0.0000E+00
      8.708  0.0000E+00  0.0000E+00  0.0000E+00  0.0000E+00  0.0000E+00  0.0000E+00  0.0000E+00  0.0000E+00  0.0000E+00  0.0000E+00  0.0000E+00  0.0000E+00  0.0000E+00  0.0000E+00  0.0000E+00  0.0000E+00  0.0000E+00  0.0000E+00
      8.718  0.0000E+00  0.0000E+00  0.0000E+00  0.0000E+00  0.0000E+00  0.0000E+00  0.0000E+00  0.0000E+00  0.0000E+00  0.0000E+00  0.0000E+00  0.0000E+00  0.0000E+00  0.0000E+00  0.0000E+00  0.0000E+00  0.0000E+00  0.0000E+00
      8.728  0.0000E+00  0.0000E+00  0.0000E+00  0.0000E+00  0.0000E+00  0.0000E+00  0.0000E+00  0.0000E+00  0.0000E+00  0.0000E+00  0.0000E+00  0.0000E+00  0.0000E+00  0.0000E+00  0.0000E+00  0.0000E+00  0.0000E+00  0.0000E+00
      8.738  0.0000E+00  0.0000E+00  0.0000E+00  0.0000E+00  0.0000E+00  0.0000E+00  0.0000E+00  0.0000E+00  0.0000E+00  0.0000E+00  0.0000E+00  0.0000E+00  0.0000E+00  0.0000E+00  0.0000E+00  0.0000E+00  0.0000E+00  0.0000E+00
      8.748  0.0000E+00  0.0000E+00  0.0000E+00  0.0000E+00  0.0000E+00  0.0000E+00  0.0000E+00  0.0000E+00  0.0000E+00  0.0000E+00  0.0000E+00  0.0000E+00  0.0000E+00  0.0000E+00  0.0000E+00  0.0000E+00  0.0000E+00  0.0000E+00
      8.758  0.0000E+00  0.0000E+00  0.0000E+00  0.0000E+00  0.0000E+00  0.0000E+00  0.0000E+00  0.0000E+00  0.0000E+00  0.0000E+00  0.0000E+00  0.0000E+00  0.0000E+00  0.0000E+00  0.0000E+00  0.0000E+00  0.0000E+00  0.0000E+00
      8.768  0.0000E+00  0.0000E+00  0.0000E+00  0.0000E+00  0.0000E+00  0.0000E+00  0.0000E+00  0.0000E+00  0.0000E+00  0.0000E+00  0.0000E+00  0.0000E+00  0.0000E+00  0.0000E+00  0.0000E+00  0.0000E+00  0.0000E+00  0.0000E+00
      8.778  0.0000E+00  0.0000E+00  0.0000E+00  0.0000E+00  0.0000E+00  0.0000E+00  0.0000E+00  0.0000E+00  0.0000E+00  0.0000E+00  0.0000E+00  0.0000E+00  0.0000E+00  0.0000E+00  0.0000E+00  0.0000E+00  0.0000E+00  0.0000E+00
      8.788  0.0000E+00  0.0000E+00  0.0000E+00  0.0000E+00  0.0000E+00  0.0000E+00  0.0000E+00  0.0000E+00  0.0000E+00  0.0000E+00  0.0000E+00  0.0000E+00  0.0000E+00  0.0000E+00  0.0000E+00  0.0000E+00  0.0000E+00  0.0000E+00
      8.798  0.0000E+00  0.0000E+00  0.0000E+00  0.0000E+00  0.0000E+00  0.0000E+00  0.0000E+00  0.0000E+00  0.0000E+00  0.0000E+00  0.0000E+00  0.0000E+00  0.0000E+00  0.0000E+00  0.0000E+00  0.0000E+00  0.0000E+00  0.0000E+00
      8.808  0.0000E+00  0.0000E+00  0.0000E+00  0.0000E+00  0.0000E+00  0.0000E+00  0.0000E+00  0.0000E+00  0.0000E+00  0.0000E+00  0.0000E+00  0.0000E+00  0.0000E+00  0.0000E+00  0.0000E+00  0.0000E+00  0.0000E+00  0.0000E+00
      8.818  0.0000E+00  0.0000E+00  0.0000E+00  0.0000E+00  0.0000E+00  0.0000E+00  0.0000E+00  0.0000E+00  0.0000E+00  0.0000E+00  0.0000E+00  0.0000E+00  0.0000E+00  0.0000E+00  0.0000E+00  0.0000E+00  0.0000E+00  0.0000E+00
      8.828  0.0000E+00  0.0000E+00  0.0000E+00  0.0000E+00  0.0000E+00  0.0000E+00  0.0000E+00  0.0000E+00  0.0000E+00  0.0000E+00  0.0000E+00  0.0000E+00  0.0000E+00  0.0000E+00  0.0000E+00  0.0000E+00  0.0000E+00  0.0000E+00
      8.838  0.0000E+00  0.0000E+00  0.0000E+00  0.0000E+00  0.0000E+00  0.0000E+00  0.0000E+00  0.0000E+00  0.0000E+00  0.0000E+00  0.0000E+00  0.0000E+00  0.0000E+00  0.0000E+00  0.0000E+00  0.0000E+00  0.0000E+00  0.0000E+00
      8.848  0.0000E+00  0.0000E+00  0.0000E+00  0.0000E+00  0.0000E+00  0.0000E+00  0.0000E+00  0.0000E+00  0.0000E+00  0.0000E+00  0.0000E+00  0.0000E+00  0.0000E+00  0.0000E+00  0.0000E+00  0.0000E+00  0.0000E+00  0.0000E+00
      8.858  0.0000E+00  0.0000E+00  0.0000E+00  0.0000E+00  0.0000E+00  0.0000E+00  0.0000E+00  0.0000E+00  0.0000E+00  0.0000E+00  0.0000E+00  0.0000E+00  0.0000E+00  0.0000E+00  0.0000E+00  0.0000E+00  0.0000E+00  0.0000E+00
      8.868  0.0000E+00  0.0000E+00  0.0000E+00  0.0000E+00  0.0000E+00  0.0000E+00  0.0000E+00  0.0000E+00  0.0000E+00  0.0000E+00  0.0000E+00  0.0000E+00  0.0000E+00  0.0000E+00  0.0000E+00  0.0000E+00  0.0000E+00  0.0000E+00
      8.878  0.0000E+00  0.0000E+00  0.0000E+00  0.0000E+00  0.0000E+00  0.0000E+00  0.0000E+00  0.0000E+00  0.0000E+00  0.0000E+00  0.0000E+00  0.0000E+00  0.0000E+00  0.0000E+00  0.0000E+00  0.0000E+00  0.0000E+00  0.0000E+00
      8.888  0.0000E+00  0.0000E+00  0.0000E+00  0.0000E+00  0.0000E+00  0.0000E+00  0.0000E+00  0.0000E+00  0.0000E+00  0.0000E+00  0.0000E+00  0.0000E+00  0.0000E+00  0.0000E+00  0.0000E+00  0.0000E+00  0.0000E+00  0.0000E+00
      8.898  0.0000E+00  0.0000E+00  0.0000E+00  0.0000E+00  0.0000E+00  0.0000E+00  0.0000E+00  0.0000E+00  0.0000E+00  0.0000E+00  0.0000E+00  0.0000E+00  0.0000E+00  0.0000E+00  0.0000E+00  0.0000E+00  0.0000E+00  0.0000E+00
      8.908  0.0000E+00  0.0000E+00  0.0000E+00  0.0000E+00  0.0000E+00  0.0000E+00  0.0000E+00  0.0000E+00  0.0000E+00  0.0000E+00  0.0000E+00  0.0000E+00  0.0000E+00  0.0000E+00  0.0000E+00  0.0000E+00  0.0000E+00  0.0000E+00
      8.918  0.0000E+00  0.0000E+00  0.0000E+00  0.0000E+00  0.0000E+00  0.0000E+00  0.0000E+00  0.0000E+00  0.0000E+00  0.0000E+00  0.0000E+00  0.0000E+00  0.0000E+00  0.0000E+00  0.0000E+00  0.0000E+00  0.0000E+00  0.0000E+00
      8.928  0.0000E+00  0.0000E+00  0.0000E+00  0.0000E+00  0.0000E+00  0.0000E+00  0.0000E+00  0.0000E+00  0.0000E+00  0.0000E+00  0.0000E+00  0.0000E+00  0.0000E+00  0.0000E+00  0.0000E+00  0.0000E+00  0.0000E+00  0.0000E+00
      8.938  0.0000E+00  0.0000E+00  0.0000E+00  0.0000E+00  0.0000E+00  0.0000E+00  0.0000E+00  0.0000E+00  0.0000E+00  0.0000E+00  0.0000E+00  0.0000E+00  0.0000E+00  0.0000E+00  0.0000E+00  0.0000E+00  0.0000E+00  0.0000E+00
      8.948  0.0000E+00  0.0000E+00  0.0000E+00  0.0000E+00  0.0000E+00  0.0000E+00  0.0000E+00  0.0000E+00  0.0000E+00  0.0000E+00  0.0000E+00  0.0000E+00  0.0000E+00  0.0000E+00  0.0000E+00  0.0000E+00  0.0000E+00  0.0000E+00
      8.958  0.0000E+00  0.0000E+00  0.0000E+00  0.0000E+00  0.0000E+00  0.0000E+00  0.0000E+00  0.0000E+00  0.0000E+00  0.0000E+00  0.0000E+00  0.0000E+00  0.0000E+00  0.0000E+00  0.0000E+00  0.0000E+00  0.0000E+00  0.0000E+00
      8.968  0.0000E+00  0.0000E+00  0.0000E+00  0.0000E+00  0.0000E+00  0.0000E+00  0.0000E+00  0.0000E+00  0.0000E+00  0.0000E+00  0.0000E+00  0.0000E+00  0.0000E+00  0.0000E+00  0.0000E+00  0.0000E+00  0.0000E+00  0.0000E+00
      8.978  0.0000E+00  0.0000E+00  0.0000E+00  0.0000E+00  0.0000E+00  0.0000E+00  0.0000E+00  0.0000E+00  0.0000E+00  0.0000E+00  0.0000E+00  0.0000E+00  0.0000E+00  0.0000E+00  0.0000E+00  0.0000E+00  0.0000E+00  0.0000E+00
      8.988  0.0000E+00  0.0000E+00  0.0000E+00  0.0000E+00  0.0000E+00  0.0000E+00  0.0000E+00  0.0000E+00  0.0000E+00  0.0000E+00  0.0000E+00  0.0000E+00  0.0000E+00  0.0000E+00  0.0000E+00  0.0000E+00  0.0000E+00  0.0000E+00
      8.998  0.0000E+00  0.0000E+00  0.0000E+00  0.0000E+00  0.0000E+00  0.0000E+00  0.0000E+00  0.0000E+00  0.0000E+00  0.0000E+00  0.0000E+00  0.0000E+00  0.0000E+00  0.0000E+00  0.0000E+00  0.0000E+00  0.0000E+00  0.0000E+00
      9.008  0.0000E+00  0.0000E+00  0.0000E+00  0.0000E+00  0.0000E+00  0.0000E+00  0.0000E+00  0.0000E+00  0.0000E+00  0.0000E+00  0.0000E+00  0.0000E+00  0.0000E+00  0.0000E+00  0.0000E+00  0.0000E+00  0.0000E+00  0.0000E+00
      9.018  0.0000E+00  0.0000E+00  0.0000E+00  0.0000E+00  0.0000E+00  0.0000E+00  0.0000E+00  0.0000E+00  0.0000E+00  0.0000E+00  0.0000E+00  0.0000E+00  0.0000E+00  0.0000E+00  0.0000E+00  0.0000E+00  0.0000E+00  0.0000E+00
      9.028  0.0000E+00  0.0000E+00  0.0000E+00  0.0000E+00  0.0000E+00  0.0000E+00  0.0000E+00  0.0000E+00  0.0000E+00  0.0000E+00  0.0000E+00  0.0000E+00  0.0000E+00  0.0000E+00  0.0000E+00  0.0000E+00  0.0000E+00  0.0000E+00
      9.038  0.0000E+00  0.0000E+00  0.0000E+00  0.0000E+00  0.0000E+00  0.0000E+00  0.0000E+00  0.0000E+00  0.0000E+00  0.0000E+00  0.0000E+00  0.0000E+00  0.0000E+00  0.0000E+00  0.0000E+00  0.0000E+00  0.0000E+00  0.0000E+00
      9.048  0.0000E+00  0.0000E+00  0.0000E+00  0.0000E+00  0.0000E+00  0.0000E+00  0.0000E+00  0.0000E+00  0.0000E+00  0.0000E+00  0.0000E+00  0.0000E+00  0.0000E+00  0.0000E+00  0.0000E+00  0.0000E+00  0.0000E+00  0.0000E+00
      9.058  0.0000E+00  0.0000E+00  0.0000E+00  0.0000E+00  0.0000E+00  0.0000E+00  0.0000E+00  0.0000E+00  0.0000E+00  0.0000E+00  0.0000E+00  0.0000E+00  0.0000E+00  0.0000E+00  0.0000E+00  0.0000E+00  0.0000E+00  0.0000E+00
      9.068  0.0000E+00  0.0000E+00  0.0000E+00  0.0000E+00  0.0000E+00  0.0000E+00  0.0000E+00  0.0000E+00  0.0000E+00  0.0000E+00  0.0000E+00  0.0000E+00  0.0000E+00  0.0000E+00  0.0000E+00  0.0000E+00  0.0000E+00  0.0000E+00
      9.078  0.0000E+00  0.0000E+00  0.0000E+00  0.0000E+00  0.0000E+00  0.0000E+00  0.0000E+00  0.0000E+00  0.0000E+00  0.0000E+00  0.0000E+00  0.0000E+00  0.0000E+00  0.0000E+00  0.0000E+00  0.0000E+00  0.0000E+00  0.0000E+00
      9.088  0.0000E+00  0.0000E+00  0.0000E+00  0.0000E+00  0.0000E+00  0.0000E+00  0.0000E+00  0.0000E+00  0.0000E+00  0.0000E+00  0.0000E+00  0.0000E+00  0.0000E+00  0.0000E+00  0.0000E+00  0.0000E+00  0.0000E+00  0.0000E+00
      9.098  0.0000E+00  0.0000E+00  0.0000E+00  0.0000E+00  0.0000E+00  0.0000E+00  0.0000E+00  0.0000E+00  0.0000E+00  0.0000E+00  0.0000E+00  0.0000E+00  0.0000E+00  0.0000E+00  0.0000E+00  0.0000E+00  0.0000E+00  0.0000E+00
      9.108  0.0000E+00  0.0000E+00  0.0000E+00  0.0000E+00  0.0000E+00  0.0000E+00  0.0000E+00  0.0000E+00  0.0000E+00  0.0000E+00  0.0000E+00  0.0000E+00  0.0000E+00  0.0000E+00  0.0000E+00  0.0000E+00  0.0000E+00  0.0000E+00
      9.118  0.0000E+00  0.0000E+00  0.0000E+00  0.0000E+00  0.0000E+00  0.0000E+00  0.0000E+00  0.0000E+00  0.0000E+00  0.0000E+00  0.0000E+00  0.0000E+00  0.0000E+00  0.0000E+00  0.0000E+00  0.0000E+00  0.0000E+00  0.0000E+00
      9.128  0.0000E+00  0.0000E+00  0.0000E+00  0.0000E+00  0.0000E+00  0.0000E+00  0.0000E+00  0.0000E+00  0.0000E+00  0.0000E+00  0.0000E+00  0.0000E+00  0.0000E+00  0.0000E+00  0.0000E+00  0.0000E+00  0.0000E+00  0.0000E+00
