      7.00000000     -7.00000000 1400     -2.12299247      1.00000000
     -4.877  0.1340E+00  0.1887E-01  0.9913E-03  0.2329E-03  0.2769E-01  0.6311E-02  0.8927E-03  0.3083E-03  0.8777E-04  0.1606E-04  0.4192E-01  0.3670E-02  0.6664E+00  0.5474E-01  0.3700E-01  0.4921E-02  0.4270E-04  0.1077E-04
     -4.867  0.6413E-01  0.1337E-01  0.6527E-03  0.1593E-03  0.1322E-01  0.4449E-02  0.6817E-03  0.2333E-03  0.4703E-04  0.1158E-04  0.2807E-01  0.2510E-02  0.3187E+00  0.3934E-01  0.2866E-01  0.3731E-02  0.3093E-04  0.8799E-05
     -4.857  0.6180E-01  0.1532E-01  0.6997E-03  0.1818E-03  0.1272E-01  0.5077E-02  0.7308E-03  0.2716E-03  0.4747E-04  0.1261E-04  0.3033E-01  0.2871E-02  0.3075E+00  0.4525E-01  0.3090E-01  0.4349E-02  0.3278E-04  0.9720E-05
     -4.847  0.5943E-01  0.1733E-01  0.7478E-03  0.2041E-03  0.1222E-01  0.5726E-02  0.7841E-03  0.3095E-03  0.4798E-04  0.1362E-04  0.3265E-01  0.3228E-02  0.2961E+00  0.5134E-01  0.3332E-01  0.4961E-02  0.3460E-04  0.1067E-04
     -4.837  0.5708E-01  0.1940E-01  0.7968E-03  0.2261E-03  0.1172E-01  0.6394E-02  0.8424E-03  0.3471E-03  0.4855E-04  0.1463E-04  0.3502E-01  0.3581E-02  0.2848E+00  0.5762E-01  0.3598E-01  0.5568E-02  0.3638E-04  0.1164E-04
     -4.827  0.5466E-01  0.2153E-01  0.8482E-03  0.2478E-03  0.1120E-01  0.7082E-02  0.9018E-03  0.3843E-03  0.4924E-04  0.1562E-04  0.3750E-01  0.3930E-02  0.2732E+00  0.6409E-01  0.3869E-01  0.6170E-02  0.3815E-04  0.1263E-04
     -4.817  0.5219E-01  0.2372E-01  0.9021E-03  0.2693E-03  0.1067E-01  0.7789E-02  0.9624E-03  0.4211E-03  0.5004E-04  0.1661E-04  0.4010E-01  0.4275E-02  0.2612E+00  0.7075E-01  0.4145E-01  0.6766E-02  0.3993E-04  0.1365E-04
     -4.807  0.4965E-01  0.2598E-01  0.9584E-03  0.2905E-03  0.1014E-01  0.8516E-02  0.1024E-02  0.4575E-03  0.5097E-04  0.1758E-04  0.4280E-01  0.4615E-02  0.2490E+00  0.7760E-01  0.4427E-01  0.7357E-02  0.4170E-04  0.1470E-04
     -4.797  0.4746E-01  0.2829E-01  0.1161E-02  0.3114E-03  0.9615E-02  0.9262E-02  0.1492E-02  0.4936E-03  0.6441E-04  0.1854E-04  0.5204E-01  0.4952E-02  0.2394E+00  0.8463E-01  0.6513E-01  0.7943E-02  0.4910E-04  0.1577E-04
     -4.787  0.4750E-01  0.2458E-01  0.1344E-02  0.2307E-03  0.9546E-02  0.7997E-02  0.1689E-02  0.3572E-03  0.7283E-04  0.1605E-04  0.6033E-01  0.3669E-02  0.2411E+00  0.7383E-01  0.7383E-01  0.5743E-02  0.5820E-04  0.1241E-04
     -4.777  0.4498E-01  0.2717E-01  0.1365E-02  0.1907E-03  0.8982E-02  0.8800E-02  0.1656E-02  0.3160E-03  0.7128E-04  0.1528E-04  0.6152E-01  0.3030E-02  0.2296E+00  0.8196E-01  0.7266E-01  0.5081E-02  0.5635E-04  0.1137E-04
     -4.767  0.4372E-01  0.3054E-01  0.1414E-02  0.1693E-03  0.8674E-02  0.9861E-02  0.1640E-02  0.2815E-03  0.7058E-04  0.1397E-04  0.6402E-01  0.2690E-02  0.2243E+00  0.9244E-01  0.7222E-01  0.4525E-02  0.5531E-04  0.1031E-04
     -4.757  0.4301E-01  0.3151E-01  0.1560E-02  0.1527E-03  0.8485E-02  0.1015E-01  0.1642E-02  0.2541E-03  0.7161E-04  0.1286E-04  0.7099E-01  0.2425E-02  0.2218E+00  0.9557E-01  0.7262E-01  0.4084E-02  0.5632E-04  0.9437E-05
     -4.747  0.4306E-01  0.3163E-01  0.2051E-02  0.1396E-03  0.8453E-02  0.1016E-01  0.1814E-02  0.2216E-03  0.7811E-04  0.1078E-04  0.9482E-01  0.2221E-02  0.2230E+00  0.9613E-01  0.8105E-01  0.3560E-02  0.6198E-04  0.8223E-05
     -4.737  0.4290E-01  0.3091E-01  0.2497E-02  0.1341E-03  0.8385E-02  0.9917E-02  0.1979E-02  0.2024E-03  0.8435E-04  0.9760E-05  0.1165E+00  0.2138E-02  0.2232E+00  0.9407E-01  0.8915E-01  0.3250E-02  0.6718E-04  0.7514E-05
     -4.727  0.4255E-01  0.2968E-01  0.2770E-02  0.1261E-03  0.8279E-02  0.9514E-02  0.2104E-02  0.1838E-03  0.9029E-04  0.8914E-05  0.1297E+00  0.2012E-02  0.2224E+00  0.9039E-01  0.9526E-01  0.2951E-02  0.7059E-04  0.6860E-05
     -4.717  0.4261E-01  0.6997E-01  0.2967E-02  0.2177E-03  0.8252E-02  0.2250E-01  0.2229E-02  0.2797E-03  0.9762E-04  0.1647E-04  0.1391E+00  0.3498E-02  0.2237E+00  0.2129E+00  0.1012E+00  0.4505E-02  0.7396E-04  0.1506E-04
     -4.707  0.4491E-01  0.9557E-01  0.3244E-02  0.3374E-03  0.8652E-02  0.3071E-01  0.2438E-02  0.3585E-03  0.1130E-03  0.1996E-04  0.1524E+00  0.5413E-02  0.2370E+00  0.2911E+00  0.1111E+00  0.5779E-02  0.8068E-04  0.2444E-04
     -4.697  0.4270E-01  0.9392E-01  0.3177E-02  0.4053E-03  0.8185E-02  0.3015E-01  0.2302E-02  0.3900E-03  0.1113E-03  0.2195E-04  0.1500E+00  0.6516E-02  0.2264E+00  0.2863E+00  0.1052E+00  0.6297E-02  0.7606E-04  0.2685E-04
     -4.687  0.3110E-01  0.9032E-01  0.2428E-02  0.4707E-03  0.5906E-02  0.2897E-01  0.1751E-02  0.4226E-03  0.8574E-04  0.2415E-04  0.1156E+00  0.7582E-02  0.1666E+00  0.2756E+00  0.8110E-01  0.6836E-02  0.6092E-04  0.2879E-04
     -4.677  0.2103E-01  0.8605E-01  0.2119E-02  0.5375E-03  0.3999E-02  0.2758E-01  0.1469E-02  0.4581E-03  0.6065E-04  0.2654E-04  0.1013E+00  0.8675E-02  0.1123E+00  0.2629E+00  0.6823E-01  0.7424E-02  0.4773E-04  0.3072E-04
     -4.667  0.1769E-01  0.8113E-01  0.2000E-02  0.6059E-03  0.3360E-02  0.2598E-01  0.1359E-02  0.4966E-03  0.5363E-04  0.2912E-04  0.9576E-01  0.9796E-02  0.9447E-01  0.2481E+00  0.6326E-01  0.8063E-02  0.4339E-04  0.3264E-04
     -4.657  0.1635E-01  0.7523E-01  0.1897E-02  0.6772E-03  0.3100E-02  0.2407E-01  0.1272E-02  0.5442E-03  0.5004E-04  0.3203E-04  0.9097E-01  0.1097E-01  0.8754E-01  0.2303E+00  0.5933E-01  0.8853E-02  0.4068E-04  0.3470E-04
     -4.647  0.1509E-01  0.7305E-01  0.1783E-02  0.7896E-03  0.2852E-02  0.2326E-01  0.1180E-02  0.5942E-03  0.4639E-04  0.4166E-04  0.8560E-01  0.1283E-01  0.8095E-01  0.2242E+00  0.5515E-01  0.9693E-02  0.3790E-04  0.3648E-04
     -4.637  0.1393E-01  0.5122E-01  0.1669E-02  0.4668E-03  0.2624E-02  0.1625E-01  0.1116E-02  0.3501E-03  0.4364E-04  0.2254E-04  0.8019E-01  0.7589E-02  0.7491E-01  0.1570E+00  0.5222E-01  0.5734E-02  0.3528E-04  0.2509E-04
     -4.627  0.2242E-01  0.4671E-01  0.1790E-02  0.4684E-03  0.4151E-02  0.1478E-01  0.1218E-02  0.3496E-03  0.4505E-04  0.2247E-04  0.8687E-01  0.7626E-02  0.1220E+00  0.1432E+00  0.5764E-01  0.5739E-02  0.3605E-04  0.2455E-04
     -4.617  0.3295E-01  0.4345E-01  0.2007E-02  0.4755E-03  0.6044E-02  0.1370E-01  0.1393E-02  0.3530E-03  0.4741E-04  0.2254E-04  0.9857E-01  0.7755E-02  0.1803E+00  0.1334E+00  0.6670E-01  0.5808E-02  0.3781E-04  0.2450E-04
     -4.607  0.4229E-01  0.4135E-01  0.2279E-02  0.4889E-03  0.7715E-02  0.1297E-01  0.1547E-02  0.3627E-03  0.4800E-04  0.2288E-04  0.1130E+00  0.7990E-02  0.2320E+00  0.1271E+00  0.7472E-01  0.5982E-02  0.3926E-04  0.2490E-04
     -4.597  0.6065E-01  0.4006E-01  0.3130E-02  0.5039E-03  0.1094E-01  0.1250E-01  0.2067E-02  0.3766E-03  0.5300E-04  0.2351E-04  0.1563E+00  0.8247E-02  0.3327E+00  0.1232E+00  0.1007E+00  0.6219E-02  0.4470E-04  0.2548E-04
     -4.587  0.6509E-01  0.4544E-01  0.3536E-02  0.5974E-03  0.1170E-01  0.1407E-01  0.2278E-02  0.4409E-03  0.4922E-04  0.2701E-04  0.1781E+00  0.9709E-02  0.3586E+00  0.1394E+00  0.1121E+00  0.7254E-02  0.4127E-04  0.3091E-04
     -4.577  0.6205E-01  0.4864E-01  0.3688E-02  0.6128E-03  0.1114E-01  0.1498E-01  0.2283E-02  0.4538E-03  0.4190E-04  0.2731E-04  0.1875E+00  0.9980E-02  0.3435E+00  0.1496E+00  0.1134E+00  0.7481E-02  0.3533E-04  0.3147E-04
     -4.567  0.4164E-01  0.5238E-01  0.3809E-02  0.6221E-03  0.7494E-02  0.1607E-01  0.2276E-02  0.4624E-03  0.3352E-04  0.2758E-04  0.1963E+00  0.1015E-01  0.2304E+00  0.1615E+00  0.1146E+00  0.7637E-02  0.3103E-04  0.3198E-04
     -4.557  0.4066E-01  0.5795E-01  0.4458E-02  0.5862E-03  0.7297E-02  0.1773E-01  0.2704E-02  0.4357E-03  0.4813E-04  0.2691E-04  0.2304E+00  0.9595E-02  0.2262E+00  0.1792E+00  0.1367E+00  0.7212E-02  0.4566E-04  0.3072E-04
     -4.547  0.4392E-01  0.6411E-01  0.5226E-02  0.5275E-03  0.7839E-02  0.1959E-01  0.3440E-02  0.4109E-03  0.7569E-04  0.2673E-04  0.2707E+00  0.8651E-02  0.2457E+00  0.1985E+00  0.1740E+00  0.6818E-02  0.6784E-04  0.2971E-04
     -4.537  0.5717E-01  0.6528E-01  0.6727E-02  0.4366E-03  0.1010E-01  0.1992E-01  0.5260E-02  0.3376E-03  0.7421E-04  0.2338E-04  0.3510E+00  0.7184E-02  0.3218E+00  0.2024E+00  0.2677E+00  0.5621E-02  0.6714E-04  0.2739E-04
     -4.527  0.4235E-01  0.6396E-01  0.6972E-02  0.3592E-03  0.7450E-02  0.1949E-01  0.5143E-02  0.2805E-03  0.5963E-04  0.2009E-04  0.3662E+00  0.5933E-02  0.2384E+00  0.1984E+00  0.2642E+00  0.4690E-02  0.6093E-04  0.2570E-04
     -4.517  0.3294E-01  0.5834E-01  0.5838E-02  0.3752E-03  0.5757E-02  0.1772E-01  0.4360E-02  0.2796E-03  0.5067E-04  0.1546E-04  0.3086E+00  0.6234E-02  0.1866E+00  0.1813E+00  0.2256E+00  0.4693E-02  0.4676E-04  0.2491E-04
     -4.507  0.2474E-01  0.5359E-01  0.3936E-02  0.3524E-03  0.4290E-02  0.1626E-01  0.3571E-02  0.2569E-03  0.4320E-04  0.1365E-04  0.2101E+00  0.5879E-02  0.1409E+00  0.1668E+00  0.1860E+00  0.4322E-02  0.3868E-04  0.2123E-04
     -4.497  0.2398E-01  0.4772E-01  0.4393E-02  0.3151E-03  0.4138E-02  0.1446E-01  0.3958E-02  0.2347E-03  0.4577E-04  0.1186E-04  0.2351E+00  0.5296E-02  0.1369E+00  0.1489E+00  0.2069E+00  0.3960E-02  0.3968E-04  0.1552E-04
     -4.487  0.2365E-01  0.4353E-01  0.4878E-02  0.3203E-03  0.4059E-02  0.1317E-01  0.4412E-02  0.2305E-03  0.4935E-04  0.1042E-04  0.2618E+00  0.5406E-02  0.1355E+00  0.1360E+00  0.2313E+00  0.3903E-02  0.4162E-04  0.1338E-04
     -4.477  0.2499E-01  0.4184E-01  0.5625E-02  0.3429E-03  0.4266E-02  0.1263E-01  0.4983E-02  0.2440E-03  0.4931E-04  0.9916E-05  0.3033E+00  0.5797E-02  0.1440E+00  0.1309E+00  0.2619E+00  0.4133E-02  0.4207E-04  0.1220E-04
     -4.467  0.1719E-01  0.3993E-01  0.5957E-02  0.3880E-03  0.2909E-02  0.1204E-01  0.5065E-02  0.2763E-03  0.4491E-04  0.9791E-05  0.3251E+00  0.6571E-02  0.9796E-01  0.1251E+00  0.2692E+00  0.4709E-02  0.3029E-04  0.1176E-04
     -4.457  0.1901E-01  0.3769E-01  0.7977E-02  0.4845E-03  0.3206E-02  0.1135E-01  0.6556E-02  0.3295E-03  0.5301E-04  0.1035E-04  0.4362E+00  0.8246E-02  0.1091E+00  0.1181E+00  0.3492E+00  0.5654E-02  0.3694E-04  0.1243E-04
     -4.447  0.3026E-01  0.3661E-01  0.1113E-01  0.5990E-03  0.5061E-02  0.1101E-01  0.8211E-02  0.3960E-03  0.7326E-04  0.1170E-04  0.6097E+00  0.1022E-01  0.1770E+00  0.1147E+00  0.4388E+00  0.6823E-02  0.5715E-04  0.1410E-04
     -4.437  0.2730E-01  0.3588E-01  0.1368E-01  0.7138E-03  0.4533E-02  0.1078E-01  0.1356E-01  0.4639E-03  0.9569E-04  0.1310E-04  0.7500E+00  0.1220E-01  0.1625E+00  0.1124E+00  0.7255E+00  0.8014E-02  0.8402E-04  0.1625E-04
     -4.427  0.2001E-01  0.3877E-01  0.4467E-02  0.1138E-02  0.3304E-02  0.1153E-01  0.6612E-02  0.1489E-02  0.6055E-04  0.4844E-04  0.2476E+00  0.1945E-01  0.1189E+00  0.1210E+00  0.3569E+00  0.2579E-01  0.4570E-04  0.2441E-04
     -4.417  0.1864E-01  0.3423E-01  0.3731E-02  0.8359E-03  0.3069E-02  0.1012E-01  0.4770E-02  0.1056E-02  0.5401E-04  0.3695E-04  0.2084E+00  0.1442E-01  0.1111E+00  0.1074E+00  0.2606E+00  0.1839E-01  0.4211E-04  0.2425E-04
     -4.407  0.1785E-01  0.2936E-01  0.3466E-02  0.1073E-02  0.2935E-02  0.8657E-02  0.4604E-02  0.6898E-03  0.5393E-04  0.2420E-04  0.1953E+00  0.1856E-01  0.1066E+00  0.9257E-01  0.2535E+00  0.1208E-01  0.4126E-04  0.2833E-04
     -4.397  0.1670E-01  0.3270E-01  0.3222E-02  0.1389E-02  0.2738E-02  0.9622E-02  0.4435E-02  0.8868E-03  0.5448E-04  0.3091E-04  0.1832E+00  0.2399E-01  0.9994E-01  0.1031E+00  0.2461E+00  0.1553E-01  0.4152E-04  0.3570E-04
     -4.387  0.1637E-01  0.3136E-01  0.3380E-02  0.1597E-02  0.2672E-02  0.9206E-02  0.5035E-02  0.1042E-02  0.6148E-04  0.3323E-04  0.1944E+00  0.2758E-01  0.9841E-01  0.9867E-01  0.2825E+00  0.1827E-01  0.4802E-04  0.4004E-04
     -4.377  0.1652E-01  0.2947E-01  0.3736E-02  0.1418E-02  0.2683E-02  0.8615E-02  0.5940E-02  0.1011E-02  0.7187E-04  0.3325E-04  0.2170E+00  0.2459E-01  0.9985E-01  0.9289E-01  0.3360E+00  0.1779E-01  0.5673E-04  0.3571E-04
     -4.367  0.1395E-01  0.2560E-01  0.4375E-02  0.9949E-03  0.2239E-02  0.7448E-02  0.7147E-02  0.8847E-03  0.7621E-04  0.2868E-04  0.2563E+00  0.1733E-01  0.8526E-01  0.8091E-01  0.4073E+00  0.1561E-01  0.6118E-04  0.2674E-04
     -4.357  0.1285E-01  0.2287E-01  0.4735E-02  0.8377E-03  0.2037E-02  0.6608E-02  0.7437E-02  0.7457E-03  0.7485E-04  0.2409E-04  0.2788E+00  0.1461E-01  0.7908E-01  0.7251E-01  0.4251E+00  0.1318E-01  0.6130E-04  0.2278E-04
     -4.347  0.1412E-01  0.2065E-01  0.5069E-02  0.6643E-03  0.2220E-02  0.5914E-02  0.7439E-02  0.6041E-03  0.7387E-04  0.1968E-04  0.2995E+00  0.1160E-01  0.8704E-01  0.6569E-01  0.4268E+00  0.1070E-01  0.6416E-04  0.1826E-04
     -4.337  0.1631E-01  0.1953E-01  0.5182E-02  0.4974E-03  0.2535E-02  0.5543E-02  0.7198E-02  0.4717E-03  0.6938E-04  0.1588E-04  0.3081E+00  0.8717E-02  0.1008E+00  0.6238E-01  0.4155E+00  0.8386E-02  0.5947E-04  0.1344E-04
     -4.327  0.2269E-01  0.2015E-01  0.6074E-02  0.4621E-03  0.3479E-02  0.5680E-02  0.9707E-02  0.4203E-03  0.7591E-04  0.1433E-04  0.3614E+00  0.8110E-02  0.1410E+00  0.6455E-01  0.5605E+00  0.7483E-02  0.5547E-04  0.1191E-04
     -4.317  0.1067E-01  0.2930E-01  0.3952E-02  0.9006E-03  0.1652E-02  0.8205E-02  0.5696E-02  0.8859E-03  0.4613E-04  0.2364E-04  0.2377E+00  0.1576E-01  0.6630E-01  0.9379E-01  0.3310E+00  0.1573E-01  0.3276E-04  0.1746E-04
     -4.307  0.7802E-02  0.4110E-01  0.3332E-02  0.1390E-02  0.1208E-02  0.1147E-01  0.4311E-02  0.1246E-02  0.3477E-04  0.3213E-04  0.2021E+00  0.2429E-01  0.4848E-01  0.1318E+00  0.2520E+00  0.2209E-01  0.2483E-04  0.2415E-04
     -4.297  0.5277E-02  0.5323E-01  0.2723E-02  0.1479E-02  0.8172E-03  0.1485E-01  0.3002E-02  0.1223E-02  0.2426E-04  0.3723E-04  0.1670E+00  0.2584E-01  0.3282E-01  0.1714E+00  0.1772E+00  0.2169E-01  0.1743E-04  0.3093E-04
     -4.287  0.3175E-02  0.4962E-01  0.2200E-02  0.1147E-02  0.4913E-03  0.1377E-01  0.1974E-02  0.9482E-03  0.1548E-04  0.2906E-04  0.1369E+00  0.2007E-01  0.1978E-01  0.1598E+00  0.1184E+00  0.1689E-01  0.1120E-04  0.2269E-04
     -4.277  0.6833E-02  0.5373E-01  0.2658E-02  0.1067E-02  0.1020E-02  0.1488E-01  0.2545E-02  0.8890E-03  0.1527E-04  0.2707E-04  0.1659E+00  0.1868E-01  0.4334E-01  0.1732E+00  0.1537E+00  0.1586E-01  0.1054E-04  0.2241E-04
     -4.267  0.2899E-01  0.8216E-01  0.4666E-02  0.7552E-03  0.4265E-02  0.2277E-01  0.5528E-02  0.7324E-03  0.3548E-04  0.2855E-04  0.2907E+00  0.1332E-01  0.1852E+00  0.2647E+00  0.3351E+00  0.1321E-01  0.2422E-04  0.1727E-04
     -4.257  0.1087E-01  0.1208E+00  0.5308E-02  0.6856E-03  0.1594E-02  0.3351E-01  0.5818E-02  0.7703E-03  0.6783E-04  0.3581E-04  0.3346E+00  0.1221E-01  0.6989E-01  0.3894E+00  0.3558E+00  0.1399E-01  0.3634E-04  0.2131E-04
     -4.247  0.7813E-02  0.1521E+00  0.6325E-02  0.7933E-03  0.1133E-02  0.4218E-01  0.7039E-02  0.9227E-03  0.9027E-04  0.4283E-04  0.4018E+00  0.1419E-01  0.5088E-01  0.4905E+00  0.4331E+00  0.1679E-01  0.4516E-04  0.2557E-04
     -4.237  0.1808E-01  0.1352E+00  0.1284E-01  0.7510E-03  0.2623E-02  0.3747E-01  0.1541E-01  0.9506E-03  0.2056E-03  0.4264E-04  0.8163E+00  0.1344E-01  0.1189E+00  0.4364E+00  0.9476E+00  0.1731E-01  0.9327E-04  0.2682E-04
     -4.227  0.1411E-01  0.1075E+00  0.1481E-01  0.5986E-03  0.2053E-02  0.2980E-01  0.1253E-01  0.8137E-03  0.1973E-03  0.3513E-04  0.9545E+00  0.1071E-01  0.9426E-01  0.3469E+00  0.7807E+00  0.1483E-01  0.9516E-04  0.2252E-04
     -4.217  0.9864E-02  0.7234E-01  0.1394E-01  0.5842E-03  0.1424E-02  0.2003E-01  0.1119E-01  0.7369E-03  0.1398E-03  0.3072E-04  0.9045E+00  0.1049E-01  0.6632E-01  0.2335E+00  0.7027E+00  0.1343E-01  0.8512E-04  0.2898E-04
     -4.207  0.1290E-01  0.6155E-01  0.1715E-01  0.7088E-03  0.1866E-02  0.1699E-01  0.1597E-01  0.8671E-03  0.1644E-03  0.4500E-04  0.1115E+01  0.1272E-01  0.8759E-01  0.1991E+00  0.1006E+01  0.1579E-01  0.1375E-03  0.4333E-04
     -4.197  0.9560E-02  0.4680E-01  0.1273E-01  0.9173E-03  0.1351E-02  0.1287E-01  0.1006E-01  0.1047E-02  0.1804E-03  0.6337E-04  0.8381E+00  0.1653E-01  0.6464E-01  0.1523E+00  0.6425E+00  0.1917E-01  0.1174E-03  0.6964E-04
     -4.187  0.1286E-01  0.4270E-01  0.1679E-01  0.9531E-03  0.1799E-02  0.1174E-01  0.1200E-01  0.1055E-02  0.2909E-03  0.6303E-04  0.1119E+01  0.1722E-01  0.8725E-01  0.1395E+00  0.7765E+00  0.1937E-01  0.1861E-03  0.8771E-04
     -4.176  0.1457E-01  0.3840E-01  0.1724E-01  0.8771E-03  0.2027E-02  0.1055E-01  0.1381E-01  0.1004E-02  0.3582E-03  0.5910E-04  0.1158E+01  0.1588E-01  0.9899E-01  0.1258E+00  0.9017E+00  0.1847E-01  0.2178E-03  0.7980E-04
     -4.166  0.1299E-01  0.3442E-01  0.1328E-01  0.8064E-03  0.1790E-02  0.9450E-02  0.1204E-01  0.9557E-03  0.3434E-03  0.5552E-04  0.8985E+00  0.1463E-01  0.8771E-01  0.1131E+00  0.7909E+00  0.1762E-01  0.2237E-03  0.7178E-04
     -4.156  0.1004E-01  0.3066E-01  0.9922E-02  0.7509E-03  0.1371E-02  0.8409E-02  0.1034E-01  0.8995E-03  0.3099E-03  0.4959E-04  0.6746E+00  0.1367E-01  0.6726E-01  0.1010E+00  0.6834E+00  0.1662E-01  0.1586E-03  0.6005E-04
     -4.146  0.8114E-02  0.2596E-01  0.9055E-02  0.6806E-03  0.1094E-02  0.7110E-02  0.8884E-02  0.7934E-03  0.2871E-03  0.3920E-04  0.6187E+00  0.1242E-01  0.5433E-01  0.8554E-01  0.5891E+00  0.1470E-01  0.3540E-03  0.4373E-04
     -4.136  0.1915E-01  0.2105E-01  0.1538E-01  0.6069E-03  0.2411E-02  0.5756E-02  0.2500E-01  0.6701E-03  0.3295E-03  0.2847E-04  0.1050E+01  0.1112E-01  0.1229E+00  0.6933E-01  0.1663E+01  0.1245E-01  0.2489E-03  0.2902E-04
     -4.126  0.1471E-01  0.1586E-01  0.1245E-01  0.5288E-03  0.1862E-02  0.4327E-02  0.1509E-01  0.5302E-03  0.3447E-03  0.1797E-04  0.8609E+00  0.9715E-02  0.9568E-01  0.5216E-01  0.1011E+01  0.9877E-02  0.1920E-03  0.1736E-04
     -4.116  0.1164E-01  0.1251E-01  0.9841E-02  0.4704E-03  0.1481E-02  0.3400E-02  0.1074E-01  0.4378E-03  0.3126E-03  0.1370E-04  0.6874E+00  0.8663E-02  0.7739E-01  0.4111E-01  0.7260E+00  0.8178E-02  0.1794E-03  0.1504E-04
     -4.106  0.1450E-01  0.1185E-01  0.1178E-01  0.4916E-03  0.1852E-02  0.3180E-02  0.1325E-01  0.4360E-03  0.4029E-03  0.1449E-04  0.8310E+00  0.9101E-02  0.9795E-01  0.3885E-01  0.9030E+00  0.8200E-02  0.2722E-03  0.1906E-04
     -4.096  0.1792E-01  0.1477E-01  0.1394E-01  0.5802E-03  0.2287E-02  0.3903E-02  0.1541E-01  0.5835E-03  0.4938E-03  0.2375E-04  0.9923E+00  0.1081E-01  0.1221E+00  0.4831E-01  0.1057E+01  0.1105E-01  0.3538E-03  0.2716E-04
     -4.086  0.1528E-01  0.1850E-01  0.9758E-02  0.7086E-03  0.1981E-02  0.4864E-02  0.1008E-01  0.7662E-03  0.5022E-03  0.3219E-04  0.6995E+00  0.1326E-01  0.1073E+00  0.6046E-01  0.6957E+00  0.1454E-01  0.3398E-03  0.3501E-04
     -4.076  0.1390E-01  0.2096E-01  0.8594E-02  0.7121E-03  0.1804E-02  0.5482E-02  0.8582E-02  0.9019E-03  0.5167E-03  0.3654E-04  0.6218E+00  0.1341E-01  0.9904E-01  0.6856E-01  0.5960E+00  0.1718E-01  0.3445E-03  0.3212E-04
     -4.066  0.1247E-01  0.2303E-01  0.5596E-02  0.9290E-03  0.1626E-02  0.5997E-02  0.5715E-02  0.1218E-02  0.4837E-03  0.4199E-04  0.4078E+00  0.1744E-01  0.9080E-01  0.7533E-01  0.3999E+00  0.2310E-01  0.2638E-03  0.3779E-04
     -4.056  0.9989E-02  0.2292E-01  0.3656E-02  0.1018E-02  0.1306E-02  0.5960E-02  0.4154E-02  0.1245E-02  0.4117E-03  0.4195E-04  0.2671E+00  0.1919E-01  0.7368E-01  0.7531E-01  0.2928E+00  0.2372E-01  0.2062E-03  0.4077E-04
     -4.046  0.5932E-02  0.2464E-01  0.1931E-02  0.1143E-02  0.7757E-03  0.6400E-02  0.2382E-02  0.1318E-02  0.2481E-03  0.4333E-04  0.1408E+00  0.2161E-01  0.4401E-01  0.8147E-01  0.1679E+00  0.2521E-01  0.1169E-03  0.4507E-04
     -4.036  0.2853E-01  0.2532E-01  0.2684E-02  0.1226E-02  0.3478E-02  0.6574E-02  0.5019E-02  0.1358E-02  0.3485E-03  0.4454E-04  0.2007E+00  0.2320E-01  0.2020E+00  0.8402E-01  0.3635E+00  0.2606E-01  0.1733E-03  0.4916E-04
     -4.026  0.3800E-01  0.2549E-01  0.4829E-02  0.1885E-02  0.4592E-02  0.6612E-02  0.5640E-02  0.1609E-02  0.5775E-03  0.6399E-04  0.3726E+00  0.3561E-01  0.2710E+00  0.8486E-01  0.4169E+00  0.3078E-01  0.2372E-03  0.9105E-04
     -4.016  0.5804E-01  0.2422E-01  0.4400E-02  0.1445E-02  0.6997E-02  0.6277E-02  0.4692E-02  0.1360E-02  0.1036E-02  0.4701E-04  0.3421E+00  0.2740E-01  0.4170E+00  0.8078E-01  0.3489E+00  0.2615E-01  0.3639E-03  0.6150E-04
     -4.006  0.2750E-01  0.2358E-01  0.3806E-02  0.1099E-02  0.3274E-02  0.6106E-02  0.3571E-02  0.1198E-02  0.4608E-03  0.3767E-04  0.2980E+00  0.2093E-01  0.1969E+00  0.7873E-01  0.2670E+00  0.2314E-01  0.2022E-03  0.4023E-04
     -3.996  0.2669E-01  0.2327E-01  0.3631E-02  0.1077E-02  0.3163E-02  0.6018E-02  0.3140E-02  0.1163E-02  0.4384E-03  0.3670E-04  0.2857E+00  0.2056E-01  0.1915E+00  0.7773E-01  0.2359E+00  0.2251E-01  0.1972E-03  0.3951E-04
     -3.986  0.2376E-01  0.2276E-01  0.3318E-02  0.1051E-02  0.2803E-02  0.5873E-02  0.2650E-02  0.1151E-02  0.4175E-03  0.3602E-04  0.2619E+00  0.2009E-01  0.1710E+00  0.7609E-01  0.2001E+00  0.2233E-01  0.1845E-03  0.3848E-04
     -3.976  0.2025E-01  0.2234E-01  0.2898E-02  0.1035E-02  0.2378E-02  0.5749E-02  0.2157E-02  0.1158E-02  0.3974E-03  0.3590E-04  0.2293E+00  0.1984E-01  0.1463E+00  0.7478E-01  0.1639E+00  0.2252E-01  0.1675E-03  0.3779E-04
     -3.966  0.1725E-01  0.2210E-01  0.2565E-02  0.1031E-02  0.2013E-02  0.5667E-02  0.1796E-02  0.1192E-02  0.3878E-03  0.3662E-04  0.2033E+00  0.1982E-01  0.1252E+00  0.7407E-01  0.1375E+00  0.2327E-01  0.1551E-03  0.3750E-04
     -3.956  0.1478E-01  0.1746E-01  0.2254E-02  0.8886E-03  0.1719E-02  0.4438E-02  0.1522E-02  0.1145E-02  0.3343E-03  0.4296E-04  0.1792E+00  0.1715E-01  0.1076E+00  0.5859E-01  0.1171E+00  0.2246E-01  0.1345E-03  0.3732E-04
     -3.946  0.1221E-01  0.8007E-02  0.1896E-02  0.4772E-03  0.1414E-02  0.1954E-02  0.1231E-02  0.7879E-03  0.2607E-03  0.3714E-04  0.1516E+00  0.9417E-02  0.8909E-01  0.2696E-01  0.9559E-01  0.1573E-01  0.1098E-03  0.2186E-04
     -3.936  0.9854E-02  0.1176E-01  0.1589E-02  0.7108E-03  0.1133E-02  0.2877E-02  0.9865E-03  0.1172E-02  0.1998E-03  0.5559E-04  0.1282E+00  0.1403E-01  0.7204E-01  0.3978E-01  0.7760E-01  0.2340E-01  0.9242E-04  0.3272E-04
     -3.926  0.7631E-02  0.2317E-01  0.1336E-02  0.1169E-02  0.8685E-03  0.5641E-02  0.7999E-03  0.2127E-02  0.1488E-03  0.8482E-04  0.1091E+00  0.2318E-01  0.5590E-01  0.7887E-01  0.6393E-01  0.4262E-01  0.7886E-04  0.4978E-04
     -3.916  0.5498E-02  0.2454E-01  0.1094E-02  0.1269E-02  0.6151E-03  0.5956E-02  0.6193E-03  0.2321E-02  0.1045E-03  0.8643E-04  0.9085E-01  0.2523E-01  0.4034E-01  0.8354E-01  0.5070E-01  0.4662E-01  0.6794E-04  0.5199E-04
     -3.906  0.2226E-02  0.2851E-01  0.4236E-03  0.1501E-02  0.2397E-03  0.6884E-02  0.2477E-03  0.2829E-02  0.7042E-04  0.9660E-04  0.3817E-01  0.2994E-01  0.1577E-01  0.9705E-01  0.2190E-01  0.5707E-01  0.5909E-04  0.6093E-04
     -3.896  0.2611E-02  0.3360E-01  0.5024E-03  0.1818E-02  0.2802E-03  0.8074E-02  0.2985E-03  0.3532E-02  0.8382E-04  0.1114E-03  0.4537E-01  0.3642E-01  0.1851E-01  0.1145E+00  0.2644E-01  0.7151E-01  0.7128E-04  0.7145E-04
     -3.886  0.2973E-02  0.3883E-01  0.5793E-03  0.2162E-02  0.3182E-03  0.9295E-02  0.3498E-03  0.4286E-02  0.9689E-04  0.1272E-03  0.5245E-01  0.4344E-01  0.2109E-01  0.1326E+00  0.3102E-01  0.8701E-01  0.8353E-04  0.8224E-04
     -3.876  0.3314E-02  0.4122E-01  0.6544E-03  0.2317E-02  0.3535E-03  0.9825E-02  0.4014E-03  0.4725E-02  0.1096E-03  0.1282E-03  0.5939E-01  0.4675E-01  0.2353E-01  0.1407E+00  0.3566E-01  0.9628E-01  0.9583E-04  0.8548E-04
     -3.866  0.3708E-02  0.4187E-01  0.7364E-03  0.2348E-02  0.3928E-03  0.9956E-02  0.4704E-03  0.4807E-02  0.1242E-03  0.1270E-03  0.6702E-01  0.4748E-01  0.2642E-01  0.1430E+00  0.4183E-01  0.9815E-01  0.1104E-03  0.8407E-04
     -3.856  0.4111E-02  0.4451E-01  0.8292E-03  0.3609E-02  0.4320E-03  0.1058E-01  0.5474E-03  0.6565E-02  0.1439E-03  0.1613E-03  0.7571E-01  0.7208E-01  0.2944E-01  0.1527E+00  0.4879E-01  0.1331E+00  0.1278E-03  0.9341E-04
     -3.846  0.4506E-02  0.4913E-01  0.9273E-03  0.4102E-02  0.4697E-03  0.1165E-01  0.6281E-03  0.6733E-02  0.1670E-03  0.1651E-03  0.8497E-01  0.8207E-01  0.3244E-01  0.1691E+00  0.5614E-01  0.1370E+00  0.1468E-03  0.1006E-03
     -3.836  0.4881E-02  0.5239E-01  0.1023E-02  0.3550E-02  0.5049E-03  0.1238E-01  0.7085E-03  0.6075E-02  0.1902E-03  0.1483E-03  0.9402E-01  0.7170E-01  0.3531E-01  0.1802E+00  0.6348E-01  0.1244E+00  0.1660E-03  0.9388E-04
     -3.826  0.5372E-02  0.5281E-01  0.1438E-02  0.3166E-02  0.5461E-03  0.1243E-01  0.1157E-02  0.5770E-02  0.2895E-03  0.1345E-03  0.1348E+00  0.6467E-01  0.3845E-01  0.1811E+00  0.1057E+00  0.1189E+00  0.2050E-03  0.9297E-04
     -3.816  0.5467E-02  0.5072E-01  0.1547E-02  0.3147E-02  0.5164E-03  0.1192E-01  0.1347E-02  0.5405E-02  0.5056E-03  0.1219E-03  0.1500E+00  0.6448E-01  0.4192E-01  0.1737E+00  0.1264E+00  0.1116E+00  0.3023E-03  0.8691E-04
     -3.806  0.6283E-02  0.4705E-01  0.1174E-02  0.3141E-02  0.5726E-03  0.1103E-01  0.1148E-02  0.5024E-02  0.5933E-03  0.1083E-03  0.1154E+00  0.6457E-01  0.5216E-01  0.1607E+00  0.1098E+00  0.1041E+00  0.3828E-03  0.8117E-04
     -3.796  0.6987E-02  0.4176E-01  0.1312E-02  0.3145E-02  0.6372E-03  0.9754E-02  0.1250E-02  0.4616E-02  0.6508E-03  0.9456E-04  0.1293E+00  0.6487E-01  0.5816E-01  0.1421E+00  0.1198E+00  0.9605E-01  0.4299E-03  0.7613E-04
     -3.786  0.7686E-02  0.3784E-01  0.1447E-02  0.3236E-02  0.7014E-03  0.8808E-02  0.1346E-02  0.4352E-02  0.7073E-03  0.8508E-04  0.1429E+00  0.6690E-01  0.6416E-01  0.1283E+00  0.1293E+00  0.9091E-01  0.4771E-03  0.7347E-04
     -3.776  0.8379E-02  0.3873E-01  0.1578E-02  0.3517E-02  0.7651E-03  0.9001E-02  0.1435E-02  0.4500E-02  0.7630E-03  0.8702E-04  0.1561E+00  0.7276E-01  0.7014E-01  0.1314E+00  0.1381E+00  0.9416E-01  0.5243E-03  0.7539E-04
     -3.766  0.9067E-02  0.3928E-01  0.1704E-02  0.3805E-02  0.8284E-03  0.9115E-02  0.1516E-02  0.4628E-02  0.8179E-03  0.8941E-04  0.1690E+00  0.7877E-01  0.7611E-01  0.1333E+00  0.1463E+00  0.9701E-01  0.5715E-03  0.7740E-04
     -3.756  0.1128E-01  0.4040E-01  0.2008E-02  0.4466E-02  0.1031E-02  0.9334E-02  0.1693E-02  0.5565E-02  0.9298E-03  0.1162E-03  0.2007E+00  0.9266E-01  0.9529E-01  0.1370E+00  0.1649E+00  0.1171E+00  0.6917E-03  0.1019E-03
     -3.746  0.1127E-01  0.3761E-01  0.2079E-02  0.4709E-02  0.1029E-02  0.8683E-02  0.1744E-02  0.5559E-02  0.1007E-02  0.1174E-03  0.2089E+00  0.9768E-01  0.9617E-01  0.1277E+00  0.1712E+00  0.1171E+00  0.7418E-03  0.1047E-03
     -3.736  0.1021E-01  0.3495E-01  0.1813E-02  0.4941E-02  0.9287E-03  0.8065E-02  0.1575E-02  0.5541E-02  0.9364E-03  0.1181E-03  0.1820E+00  0.1025E+00  0.8752E-01  0.1188E+00  0.1547E+00  0.1168E+00  0.6619E-03  0.1073E-03
     -3.726  0.9103E-02  0.3562E-01  0.1555E-02  0.6029E-02  0.8239E-03  0.8173E-02  0.1400E-02  0.7189E-02  0.8533E-03  0.1351E-03  0.1560E+00  0.1250E+00  0.7830E-01  0.1220E+00  0.1375E+00  0.1518E+00  0.5800E-03  0.1293E-03
     -3.716  0.7937E-02  0.3717E-01  0.1307E-02  0.7583E-02  0.7141E-03  0.8486E-02  0.1219E-02  0.8089E-02  0.7578E-03  0.1534E-03  0.1309E+00  0.1576E+00  0.6853E-01  0.1280E+00  0.1196E+00  0.1713E+00  0.4959E-03  0.1379E-03
     -3.706  0.6717E-02  0.3580E-01  0.1067E-02  0.7543E-02  0.5996E-03  0.8170E-02  0.1033E-02  0.8125E-02  0.6500E-03  0.1467E-03  0.1066E+00  0.1569E+00  0.5821E-01  0.1233E+00  0.1011E+00  0.1723E+00  0.4096E-03  0.1352E-03
     -3.696  0.5441E-02  0.3442E-01  0.8356E-03  0.7474E-02  0.4802E-03  0.7854E-02  0.8401E-03  0.8147E-02  0.5300E-03  0.1407E-03  0.8312E-01  0.1557E+00  0.4732E-01  0.1186E+00  0.8193E-01  0.1731E+00  0.3213E-03  0.1325E-03
     -3.686  0.4109E-02  0.2805E-01  0.6133E-03  0.7355E-02  0.3560E-03  0.6368E-02  0.6417E-03  0.8139E-02  0.3976E-03  0.1312E-03  0.6052E-01  0.1539E+00  0.3588E-01  0.9674E-01  0.6208E-01  0.1736E+00  0.2308E-03  0.1214E-03
     -3.676  0.2858E-02  0.1801E-01  0.4313E-03  0.5165E-02  0.2400E-03  0.4079E-02  0.4634E-03  0.6494E-02  0.2778E-03  0.9312E-04  0.4202E-01  0.1088E+00  0.2515E-01  0.6227E-01  0.4415E-01  0.1393E+00  0.1505E-03  0.9447E-04
     -3.666  0.2697E-02  0.1965E-01  0.4218E-03  0.7569E-02  0.2248E-03  0.4331E-02  0.4555E-03  0.9994E-02  0.2844E-03  0.1325E-03  0.4112E-01  0.1600E+00  0.2399E-01  0.6769E-01  0.4345E-01  0.2150E+00  0.1470E-03  0.1382E-03
     -3.656  0.6284E-02  0.3094E-01  0.5472E-03  0.9866E-02  0.5303E-03  0.6706E-02  0.6594E-03  0.1286E-01  0.7995E-03  0.1746E-03  0.5602E-01  0.2090E+00  0.5638E-01  0.1066E+00  0.6584E-01  0.2771E+00  0.4420E-03  0.2081E-03
     -3.646  0.1195E-01  0.3769E-01  0.7422E-03  0.1004E-01  0.1011E-02  0.8139E-02  0.1022E-02  0.1164E-01  0.1671E-02  0.1644E-03  0.7989E-01  0.2129E+00  0.1076E+00  0.1312E+00  0.1063E+00  0.2513E+00  0.8950E-03  0.2309E-03
     -3.636  0.1326E-01  0.3550E-01  0.8666E-03  0.9348E-02  0.1114E-02  0.7642E-02  0.1314E-02  0.9893E-02  0.1961E-02  0.1441E-03  0.9573E-01  0.1986E+00  0.1191E+00  0.1240E+00  0.1396E+00  0.2139E+00  0.1042E-02  0.2238E-03
     -3.626  0.1451E-01  0.3385E-01  0.1014E-02  0.8654E-02  0.1205E-02  0.7256E-02  0.1603E-02  0.8194E-02  0.2245E-02  0.1252E-03  0.1148E+00  0.1841E+00  0.1294E+00  0.1185E+00  0.1732E+00  0.1775E+00  0.1196E-02  0.2182E-03
     -3.616  0.1574E-01  0.3360E-01  0.1177E-02  0.8425E-02  0.1290E-02  0.7171E-02  0.1928E-02  0.7134E-02  0.2544E-02  0.1152E-03  0.1360E+00  0.1795E+00  0.1390E+00  0.1177E+00  0.2111E+00  0.1549E+00  0.1349E-02  0.2210E-03
     -3.606  0.1589E-01  0.3520E-01  0.1186E-02  0.9074E-02  0.1288E-02  0.7483E-02  0.1889E-02  0.7169E-02  0.2547E-02  0.1200E-03  0.1390E+00  0.1936E+00  0.1399E+00  0.1232E+00  0.2084E+00  0.1558E+00  0.1349E-02  0.2376E-03
     -3.596  0.1593E-01  0.3690E-01  0.1174E-02  0.9753E-02  0.1277E-02  0.7815E-02  0.1803E-02  0.7202E-02  0.2517E-02  0.1250E-03  0.1396E+00  0.2083E+00  0.1399E+00  0.1289E+00  0.2004E+00  0.1567E+00  0.1329E-02  0.2549E-03
     -3.586  0.2232E-01  0.5246E-01  0.1494E-02  0.1445E-01  0.1783E-02  0.1101E-01  0.2142E-02  0.1056E-01  0.3853E-02  0.1767E-03  0.1832E+00  0.3104E+00  0.2006E+00  0.1829E+00  0.2442E+00  0.2311E+00  0.1756E-02  0.3496E-03
     -3.576  0.2391E-01  0.3537E-01  0.1690E-02  0.1070E-01  0.1820E-02  0.7466E-02  0.2400E-02  0.9349E-02  0.3539E-02  0.1244E-03  0.2095E+00  0.2304E+00  0.2062E+00  0.1251E+00  0.2779E+00  0.2052E+00  0.1848E-02  0.2383E-03
     -3.566  0.2692E-01  0.2356E-01  0.1793E-02  0.7156E-02  0.2013E-02  0.4991E-02  0.2381E-02  0.6946E-02  0.3548E-02  0.7665E-04  0.2247E+00  0.1545E+00  0.2320E+00  0.8485E-01  0.2789E+00  0.1529E+00  0.2103E-02  0.1417E-03
     -3.556  0.4045E-01  0.1631E-01  0.1881E-02  0.4659E-02  0.2989E-02  0.3451E-02  0.2164E-02  0.4737E-02  0.3460E-02  0.4195E-04  0.2396E+00  0.1010E+00  0.3540E+00  0.5962E-01  0.2570E+00  0.1046E+00  0.2447E-02  0.7788E-04
     -3.546  0.1553E-01  0.0000E+00  0.1091E-02  0.0000E+00  0.1152E-02  0.0000E+00  0.1409E-02  0.0000E+00  0.2120E-02  0.0000E+00  0.1380E+00  0.0000E+00  0.1347E+00  0.0000E+00  0.1673E+00  0.0000E+00  0.1158E-02  0.0000E+00
     -3.536  0.6852E-02  0.0000E+00  0.4960E-03  0.0000E+00  0.4898E-03  0.0000E+00  0.6663E-03  0.0000E+00  0.9209E-03  0.0000E+00  0.6280E-01  0.0000E+00  0.5607E-01  0.0000E+00  0.7891E-01  0.0000E+00  0.5566E-03  0.0000E+00
     -3.526  0.4499E-02  0.2825E-01  0.2759E-03  0.3056E-02  0.3215E-03  0.5693E-02  0.4149E-03  0.2548E-02  0.5618E-03  0.2395E-04  0.3514E-01  0.6725E-01  0.3691E-01  0.9876E-01  0.4913E-01  0.5704E-01  0.3522E-03  0.2076E-04
     -3.516  0.4039E-02  0.3699E-01  0.2268E-03  0.5327E-02  0.2877E-03  0.7439E-02  0.3352E-03  0.4549E-02  0.4661E-03  0.4245E-04  0.2937E-01  0.1174E+00  0.3369E-01  0.1294E+00  0.4013E-01  0.1020E+00  0.3058E-03  0.3793E-04
     -3.506  0.3710E-02  0.4533E-01  0.2033E-03  0.7516E-02  0.2628E-03  0.9101E-02  0.2805E-03  0.6540E-02  0.4097E-03  0.6208E-04  0.2699E-01  0.1659E+00  0.3154E-01  0.1588E+00  0.3421E-01  0.1469E+00  0.2850E-03  0.5524E-04
     -3.496  0.3524E-02  0.5628E-01  0.1875E-03  0.1358E-01  0.2471E-03  0.1130E-01  0.2400E-03  0.1356E-01  0.3713E-03  0.1064E-03  0.2555E-01  0.3013E+00  0.3048E-01  0.1984E+00  0.2998E-01  0.3062E+00  0.2776E-03  0.8404E-04
     -3.486  0.3695E-02  0.6314E-01  0.1755E-03  0.1940E-01  0.2525E-03  0.1269E-01  0.2049E-03  0.2311E-01  0.3532E-03  0.1508E-03  0.2444E-01  0.4314E+00  0.3238E-01  0.2240E+00  0.2639E-01  0.5234E+00  0.2810E-03  0.1112E-03
     -3.476  0.3778E-02  0.5412E-01  0.1070E-03  0.1787E-01  0.2445E-03  0.1082E-01  0.1117E-03  0.2005E-01  0.2696E-03  0.1524E-03  0.1541E-01  0.3982E+00  0.3504E-01  0.1915E+00  0.1555E-01  0.4549E+00  0.2154E-03  0.1278E-03
     -3.466  0.3767E-02  0.4237E-01  0.6253E-04  0.1467E-01  0.2242E-03  0.8411E-02  0.9299E-04  0.1189E-01  0.2620E-03  0.1448E-03  0.9856E-02  0.3282E+00  0.3779E-01  0.1490E+00  0.1362E-01  0.2708E+00  0.1988E-03  0.1440E-03
     -3.456  0.3556E-02  0.1671E-01  0.5655E-04  0.4530E-02  0.2109E-03  0.3302E-02  0.8518E-04  0.3369E-02  0.2443E-03  0.8102E-04  0.8961E-02  0.1014E+00  0.3586E-01  0.5803E-01  0.1252E-01  0.7680E-01  0.1837E-03  0.9774E-04
     -3.446  0.5576E-02  0.1045E-01  0.9417E-03  0.3012E-02  0.3237E-03  0.2060E-02  0.5396E-03  0.2237E-02  0.1086E-02  0.5066E-04  0.1465E+00  0.6752E-01  0.5240E-01  0.3608E-01  0.7760E-01  0.5112E-01  0.1900E-02  0.7394E-04
     -3.436  0.7404E-02  0.1054E-01  0.4614E-03  0.8710E-02  0.4328E-03  0.2056E-02  0.3563E-03  0.4176E-02  0.1763E-02  0.7030E-04  0.7576E-01  0.1970E+00  0.7030E-01  0.3651E-01  0.5340E-01  0.9584E-01  0.1569E-02  0.6922E-04
     -3.426  0.8565E-02  0.5499E-01  0.4662E-03  0.7103E-01  0.5022E-03  0.1036E-01  0.3780E-03  0.4868E-01  0.2304E-02  0.3508E-03  0.7790E-01  0.1614E+01  0.8180E-01  0.1887E+00  0.5742E-01  0.1124E+01  0.1829E-02  0.4033E-03
     -3.416  0.7245E-02  0.2338E-01  0.4277E-03  0.1602E-01  0.4203E-03  0.4319E-02  0.3354E-03  0.1781E-01  0.2186E-02  0.1209E-03  0.7228E-01  0.3669E+00  0.6929E-01  0.7894E-01  0.5161E-01  0.4163E+00  0.1761E-02  0.1288E-03
     -3.406  0.6587E-02  0.1724E-01  0.3981E-03  0.1121E-01  0.3786E-03  0.3131E-02  0.3015E-03  0.1300E-01  0.2094E-02  0.7380E-04  0.6793E-01  0.2579E+00  0.6264E-01  0.5776E-01  0.4697E-01  0.3056E+00  0.1735E-02  0.8288E-04
     -3.396  0.6666E-02  0.1455E-01  0.4092E-03  0.8870E-02  0.3788E-03  0.2603E-02  0.2867E-03  0.1153E-01  0.2254E-02  0.5407E-04  0.7066E-01  0.2051E+00  0.6283E-01  0.4847E-01  0.4571E-01  0.2724E+00  0.1908E-02  0.5743E-04
     -3.386  0.7766E-02  0.1333E-01  0.4275E-03  0.8094E-02  0.4324E-03  0.2362E-02  0.2983E-03  0.1136E-01  0.2621E-02  0.4912E-04  0.7515E-01  0.1884E+00  0.7173E-01  0.4423E-01  0.4895E-01  0.2696E+00  0.2345E-02  0.6574E-04
     -3.376  0.1293E-01  0.1748E-01  0.6082E-03  0.1397E-01  0.7031E-03  0.3069E-02  0.4832E-03  0.1572E-01  0.4291E-02  0.8481E-04  0.1067E+00  0.3258E+00  0.1192E+00  0.5799E-01  0.7959E-01  0.3738E+00  0.3660E-02  0.1401E-03
     -3.366  0.8148E-02  0.2702E-01  0.1537E-03  0.2192E-01  0.4203E-03  0.4745E-02  0.2483E-03  0.2170E-01  0.2398E-02  0.1282E-03  0.2873E-01  0.5118E+00  0.7503E-01  0.9018E-01  0.4108E-01  0.5167E+00  0.1423E-02  0.2017E-03
     -3.356  0.8316E-02  0.5102E-01  0.2626E-03  0.2636E-01  0.4156E-03  0.8987E-02  0.2198E-03  0.3248E-01  0.2746E-02  0.1949E-03  0.5041E-01  0.6193E+00  0.7470E-01  0.1720E+00  0.3841E-01  0.7775E+00  0.1537E-02  0.1867E-03
     -3.346  0.8100E-02  0.5111E-01  0.4343E-03  0.2367E-01  0.4036E-03  0.8998E-02  0.4256E-03  0.2928E-01  0.3947E-02  0.1713E-03  0.8282E-01  0.5593E+00  0.7421E-01  0.1725E+00  0.7541E-01  0.7032E+00  0.2107E-02  0.1310E-03
     -3.336  0.3734E-02  0.8403E-01  0.3428E-03  0.3916E-01  0.1833E-03  0.1444E-01  0.4093E-03  0.8225E-01  0.3723E-02  0.1730E-03  0.6643E-01  0.9377E+00  0.3607E-01  0.2742E+00  0.7348E-01  0.1990E+01  0.1865E-02  0.1356E-03
     -3.326  0.3025E-02  0.3884E-01  0.2699E-03  0.1375E-01  0.1458E-03  0.6758E-02  0.3225E-03  0.1376E-01  0.3478E-02  0.1086E-03  0.5351E-01  0.3276E+00  0.3011E-01  0.1308E+00  0.5870E-01  0.3323E+00  0.1715E-02  0.7893E-04
     -3.316  0.2407E-02  0.2534E-01  0.1934E-03  0.8419E-02  0.1134E-03  0.4368E-02  0.2012E-03  0.8641E-02  0.3069E-02  0.6340E-04  0.4003E-01  0.2015E+00  0.2494E-01  0.8467E-01  0.3781E-01  0.2092E+00  0.1526E-02  0.5481E-04
     -3.306  0.2075E-02  0.1860E-01  0.1452E-03  0.1240E-01  0.9619E-04  0.3206E-02  0.1105E-03  0.7706E-02  0.2685E-02  0.5395E-04  0.3151E-01  0.2964E+00  0.2228E-01  0.6243E-01  0.2202E-01  0.1861E+00  0.1393E-02  0.6169E-04
     -3.296  0.2130E-02  0.1069E-01  0.1441E-03  0.1057E-01  0.9696E-04  0.1844E-02  0.1106E-03  0.5566E-02  0.2775E-02  0.4021E-04  0.3161E-01  0.2529E+00  0.2281E-01  0.3621E-01  0.2231E-01  0.1344E+00  0.1456E-02  0.5254E-04
     -3.286  0.2675E-02  0.8099E-02  0.1681E-03  0.9363E-02  0.1182E-03  0.1399E-02  0.1396E-03  0.4491E-02  0.3414E-02  0.3659E-04  0.3710E-01  0.2242E+00  0.2796E-01  0.2756E-01  0.2862E-01  0.1085E+00  0.1843E-02  0.4708E-04
     -3.276  0.2689E-02  0.1446E-01  0.1763E-03  0.1112E-01  0.1168E-03  0.2440E-02  0.1599E-03  0.9636E-02  0.4491E-02  0.1329E-03  0.3926E-01  0.2680E+00  0.2836E-01  0.4828E-01  0.3326E-01  0.2357E+00  0.2244E-02  0.1554E-03
     -3.266  0.2324E-02  0.7568E-02  0.1612E-03  0.9238E-02  0.9862E-04  0.1282E-02  0.1468E-03  0.5073E-02  0.4586E-02  0.6294E-04  0.3659E-01  0.2232E+00  0.2497E-01  0.2569E-01  0.3118E-01  0.1240E+00  0.2198E-02  0.1040E-03
     -3.256  0.2343E-02  0.1014E-01  0.1575E-03  0.9465E-02  0.9720E-04  0.1698E-02  0.1449E-03  0.5543E-02  0.4684E-02  0.7046E-04  0.3618E-01  0.2297E+00  0.2510E-01  0.3416E-01  0.3114E-01  0.1362E+00  0.2272E-02  0.1139E-03
     -3.246  0.2361E-02  0.1275E-01  0.1529E-03  0.9667E-02  0.9570E-04  0.2120E-02  0.1417E-03  0.5934E-02  0.4714E-02  0.7797E-04  0.3557E-01  0.2355E+00  0.2521E-01  0.4277E-01  0.3080E-01  0.1463E+00  0.2327E-02  0.1243E-03
     -3.236  0.2413E-02  0.1539E-01  0.1486E-03  0.9842E-02  0.9513E-04  0.2547E-02  0.1392E-03  0.6244E-02  0.4721E-02  0.8548E-04  0.3509E-01  0.2407E+00  0.2554E-01  0.5152E-01  0.3070E-01  0.1545E+00  0.2386E-02  0.1352E-03
     -3.226  0.2496E-02  0.1558E-01  0.1466E-03  0.9644E-02  0.9525E-04  0.2569E-02  0.1400E-03  0.6163E-02  0.4915E-02  0.8935E-04  0.3515E-01  0.2366E+00  0.2608E-01  0.5213E-01  0.3136E-01  0.1528E+00  0.2500E-02  0.1440E-03
     -3.216  0.2591E-02  0.1513E-01  0.1456E-03  0.7930E-02  0.9546E-04  0.2481E-02  0.1418E-03  0.5410E-02  0.5193E-02  0.9413E-04  0.3542E-01  0.1960E+00  0.2667E-01  0.5056E-01  0.3229E-01  0.1348E+00  0.2638E-02  0.1511E-03
     -3.206  0.2688E-02  0.1463E-01  0.1446E-03  0.8227E-02  0.9561E-04  0.2392E-02  0.1436E-03  0.5415E-02  0.5484E-02  0.9725E-04  0.3569E-01  0.2036E+00  0.2724E-01  0.4891E-01  0.3323E-01  0.1351E+00  0.2781E-02  0.1607E-03
     -3.196  0.2790E-02  0.1409E-01  0.1432E-03  0.8542E-02  0.9540E-04  0.2295E-02  0.1455E-03  0.5435E-02  0.5970E-02  0.1004E-03  0.3589E-01  0.2116E+00  0.2786E-01  0.4711E-01  0.3423E-01  0.1358E+00  0.3023E-02  0.1702E-03
     -3.186  0.2897E-02  0.1350E-01  0.1417E-03  0.8874E-02  0.9529E-04  0.2190E-02  0.1474E-03  0.5470E-02  0.6465E-02  0.1035E-03  0.3607E-01  0.2201E+00  0.2850E-01  0.4515E-01  0.3525E-01  0.1369E+00  0.3267E-02  0.1798E-03
     -3.176  0.3008E-02  0.9723E-02  0.1401E-03  0.7528E-02  0.9527E-04  0.1559E-02  0.1493E-03  0.5117E-02  0.6967E-02  0.1051E-03  0.3622E-01  0.1874E+00  0.2918E-01  0.3244E-01  0.3629E-01  0.1292E+00  0.3515E-02  0.1720E-03
     -3.166  0.3125E-02  0.9675E-02  0.1384E-03  0.7561E-02  0.9534E-04  0.1542E-02  0.1514E-03  0.5110E-02  0.7478E-02  0.1138E-03  0.3635E-01  0.1887E+00  0.2987E-01  0.3227E-01  0.3735E-01  0.1294E+00  0.3765E-02  0.1826E-03
     -3.156  0.3242E-02  0.9631E-02  0.1363E-03  0.7584E-02  0.9508E-04  0.1525E-02  0.1530E-03  0.5101E-02  0.8051E-02  0.1226E-03  0.3642E-01  0.1897E+00  0.3049E-01  0.3211E-01  0.3842E-01  0.1296E+00  0.4037E-02  0.1932E-03
     -3.146  0.3519E-02  0.9590E-02  0.1413E-03  0.7595E-02  0.9889E-04  0.1510E-02  0.1597E-03  0.5088E-02  0.8920E-02  0.1316E-03  0.3849E-01  0.1905E+00  0.3242E-01  0.3196E-01  0.4093E-01  0.1297E+00  0.4452E-02  0.2035E-03
     -3.136  0.3964E-02  0.9553E-02  0.1533E-03  0.7596E-02  0.1070E-03  0.1494E-02  0.1711E-03  0.5073E-02  0.1002E-01  0.1408E-03  0.4247E-01  0.1910E+00  0.3571E-01  0.3183E-01  0.4471E-01  0.1298E+00  0.4992E-02  0.2137E-03
     -3.126  0.4453E-02  0.9519E-02  0.1671E-03  0.7586E-02  0.1165E-03  0.1479E-02  0.1838E-03  0.5054E-02  0.1120E-01  0.1501E-03  0.4686E-01  0.1912E+00  0.3936E-01  0.3170E-01  0.4880E-01  0.1297E+00  0.5569E-02  0.2237E-03
     -3.116  0.5258E-02  0.9490E-02  0.1921E-03  0.7565E-02  0.1305E-03  0.1465E-02  0.2091E-03  0.5032E-02  0.1278E-01  0.1596E-03  0.5511E-01  0.1912E+00  0.4443E-01  0.3159E-01  0.5680E-01  0.1296E+00  0.6462E-02  0.2336E-03
     -3.106  0.5834E-02  0.9464E-02  0.2024E-03  0.7533E-02  0.1400E-03  0.1451E-02  0.2166E-03  0.5007E-02  0.1422E-01  0.1692E-03  0.5877E-01  0.1909E+00  0.4880E-01  0.3149E-01  0.5984E-01  0.1294E+00  0.7138E-02  0.2433E-03
     -3.096  0.6418E-02  0.9492E-02  0.2114E-03  0.7760E-02  0.1494E-03  0.1445E-02  0.2233E-03  0.5147E-02  0.1564E-01  0.1799E-03  0.6209E-01  0.1973E+00  0.5323E-01  0.3158E-01  0.6271E-01  0.1336E+00  0.7807E-02  0.2532E-03
     -3.086  0.7012E-02  0.9536E-02  0.2192E-03  0.8039E-02  0.1587E-03  0.1436E-02  0.2293E-03  0.5392E-02  0.1706E-01  0.1925E-03  0.6508E-01  0.2054E+00  0.5771E-01  0.3169E-01  0.6541E-01  0.1407E+00  0.8468E-02  0.2683E-03
     -3.076  0.7557E-02  0.9436E-02  0.2246E-03  0.8088E-02  0.1672E-03  0.1403E-02  0.2336E-03  0.5501E-02  0.1852E-01  0.2045E-03  0.6744E-01  0.2076E+00  0.6181E-01  0.3131E-01  0.6761E-01  0.1443E+00  0.9134E-02  0.2875E-03
     -3.066  0.8025E-02  0.9278E-02  0.2270E-03  0.8004E-02  0.1742E-03  0.1360E-02  0.2361E-03  0.5532E-02  0.1990E-01  0.2151E-03  0.6895E-01  0.2065E+00  0.6524E-01  0.3074E-01  0.6931E-01  0.1460E+00  0.9748E-02  0.3080E-03
     -3.056  0.1255E-01  0.9082E-02  0.2761E-03  0.7842E-02  0.2700E-03  0.1311E-02  0.3207E-03  0.5538E-02  0.2425E-01  0.2247E-03  0.8619E-01  0.2034E+00  0.1018E+00  0.3003E-01  0.9615E-01  0.1471E+00  0.1298E-01  0.3298E-03
     -3.046  0.1543E-01  0.9076E-02  0.2476E-03  0.7743E-02  0.3120E-03  0.1294E-02  0.2858E-03  0.5594E-02  0.2765E-01  0.2359E-03  0.7950E-01  0.2018E+00  0.1152E+00  0.2996E-01  0.8813E-01  0.1494E+00  0.1309E-01  0.3538E-03
     -3.036  0.5129E-02  0.9141E-02  0.1270E-03  0.7637E-02  0.9776E-04  0.1289E-02  0.1432E-03  0.5672E-02  0.1851E-01  0.2461E-03  0.4141E-01  0.1999E+00  0.4213E-01  0.3012E-01  0.4499E-01  0.1523E+00  0.8562E-02  0.3760E-03
     -3.026  0.5068E-02  0.1710E-01  0.1213E-03  0.8264E-02  0.9426E-04  0.2377E-02  0.1369E-03  0.6259E-02  0.1904E-01  0.4276E-03  0.4009E-01  0.2177E+00  0.4112E-01  0.5570E-01  0.4378E-01  0.1689E+00  0.8702E-02  0.5841E-03
     -3.016  0.5036E-02  0.1979E-01  0.1170E-03  0.9402E-02  0.9133E-04  0.2735E-02  0.1322E-03  0.7002E-02  0.1973E-01  0.5275E-03  0.3928E-01  0.2489E+00  0.4026E-01  0.6413E-01  0.4303E-01  0.1896E+00  0.8907E-02  0.6984E-03
     -3.006  0.5006E-02  0.2495E-01  0.1129E-03  0.9938E-02  0.8848E-04  0.3432E-02  0.1279E-03  0.7839E-02  0.2044E-01  0.6869E-03  0.3855E-01  0.2666E+00  0.3940E-01  0.8086E-01  0.4236E-01  0.2144E+00  0.9121E-02  0.9037E-03
     -2.996  0.4974E-02  0.2545E-01  0.1089E-03  0.1003E-01  0.8562E-04  0.3481E-02  0.1236E-03  0.7718E-02  0.2116E-01  0.7041E-03  0.3784E-01  0.2699E+00  0.3850E-01  0.8216E-01  0.4171E-01  0.2116E+00  0.9336E-02  0.9687E-03
     -2.986  0.5058E-02  0.1334E-01  0.1071E-03  0.5902E-02  0.8454E-04  0.1814E-02  0.1235E-03  0.5503E-02  0.2299E-01  0.3628E-03  0.3815E-01  0.1594E+00  0.3855E-01  0.4352E-01  0.4287E-01  0.1514E+00  0.1003E-01  0.5561E-03
     -2.976  0.5347E-02  0.1137E-01  0.1083E-03  0.5107E-02  0.8624E-04  0.1536E-02  0.1294E-03  0.5022E-02  0.2638E-01  0.3162E-03  0.3977E-01  0.1383E+00  0.4022E-01  0.3714E-01  0.4650E-01  0.1385E+00  0.1138E-01  0.5059E-03
     -2.966  0.5639E-02  0.1098E-01  0.1098E-03  0.4680E-02  0.8782E-04  0.1472E-02  0.1361E-03  0.4735E-02  0.2998E-01  0.3110E-03  0.4153E-01  0.1271E+00  0.4184E-01  0.3570E-01  0.5052E-01  0.1309E+00  0.1277E-01  0.5023E-03
     -2.956  0.6231E-02  0.1061E-01  0.1101E-03  0.4330E-02  0.9014E-04  0.1412E-02  0.1435E-03  0.4493E-02  0.3424E-01  0.3070E-03  0.4320E-01  0.1179E+00  0.4381E-01  0.3434E-01  0.5505E-01  0.1245E+00  0.1438E-01  0.5008E-03
     -2.946  0.6840E-02  0.1064E-01  0.1107E-03  0.4178E-02  0.9229E-04  0.1407E-02  0.1518E-03  0.4400E-02  0.3873E-01  0.3096E-03  0.4500E-01  0.1140E+00  0.4571E-01  0.3432E-01  0.5997E-01  0.1222E+00  0.1605E-01  0.5066E-03
     -2.936  0.7456E-02  0.1066E-01  0.1116E-03  0.4025E-02  0.9424E-04  0.1402E-02  0.1608E-03  0.4305E-02  0.4346E-01  0.3123E-03  0.4695E-01  0.1100E+00  0.4752E-01  0.3432E-01  0.6527E-01  0.1198E+00  0.1778E-01  0.5122E-03
     -2.926  0.7893E-02  0.1072E-01  0.1050E-03  0.3893E-02  0.9335E-04  0.1401E-02  0.1493E-03  0.4230E-02  0.4298E-01  0.3156E-03  0.4575E-01  0.1066E+00  0.4769E-01  0.3441E-01  0.6202E-01  0.1180E+00  0.1775E-01  0.5187E-03
     -2.916  0.8269E-02  0.1136E-01  0.9030E-04  0.4171E-02  0.9049E-04  0.1475E-02  0.1256E-03  0.4435E-02  0.3976E-01  0.3466E-03  0.4152E-01  0.1147E+00  0.4678E-01  0.3645E-01  0.5365E-01  0.1242E+00  0.1698E-01  0.5784E-03
     -2.906  0.8667E-02  0.1222E-01  0.8922E-04  0.4562E-02  0.8995E-04  0.1576E-02  0.1250E-03  0.4734E-02  0.4246E-01  0.3884E-03  0.4229E-01  0.1261E+00  0.4769E-01  0.3918E-01  0.5479E-01  0.1332E+00  0.1798E-01  0.6584E-03
     -2.896  0.9142E-02  0.1278E-01  0.8871E-04  0.4599E-02  0.8988E-04  0.1617E-02  0.1252E-03  0.4168E-02  0.4561E-01  0.4438E-03  0.4343E-01  0.1280E+00  0.4907E-01  0.4063E-01  0.5631E-01  0.1191E+00  0.1916E-01  0.7685E-03
     -2.886  0.9174E-02  0.1361E-01  0.7979E-04  0.4911E-02  0.8226E-04  0.1710E-02  0.1142E-03  0.4443E-02  0.4813E-01  0.4891E-03  0.4025E-01  0.1371E+00  0.4602E-01  0.4320E-01  0.5289E-01  0.1275E+00  0.1942E-01  0.8523E-03
     -2.876  0.8826E-02  0.1444E-01  0.6779E-04  0.5189E-02  0.7271E-04  0.1803E-02  0.9677E-04  0.4717E-02  0.4800E-01  0.5355E-03  0.3559E-01  0.1454E+00  0.4222E-01  0.4578E-01  0.4648E-01  0.1359E+00  0.1880E-01  0.9367E-03
     -2.866  0.8792E-02  0.1528E-01  0.5982E-04  0.5433E-02  0.6752E-04  0.1897E-02  0.8443E-04  0.4990E-02  0.4705E-01  0.5828E-03  0.3274E-01  0.1527E+00  0.4057E-01  0.4838E-01  0.4174E-01  0.1443E+00  0.1832E-01  0.1022E-02
     -2.856  0.9030E-02  0.1631E-01  0.5567E-04  0.5667E-02  0.6610E-04  0.2012E-02  0.7773E-04  0.5307E-02  0.4582E-01  0.6350E-03  0.3145E-01  0.1598E+00  0.4072E-01  0.5157E-01  0.3905E-01  0.1541E+00  0.1796E-01  0.1115E-02
     -2.846  0.9306E-02  0.1759E-01  0.5287E-04  0.5898E-02  0.6531E-04  0.2157E-02  0.7140E-04  0.5679E-02  0.4446E-01  0.6938E-03  0.3067E-01  0.1670E+00  0.4117E-01  0.5557E-01  0.3643E-01  0.1655E+00  0.1771E-01  0.1219E-02
     -2.836  0.9623E-02  0.1486E-01  0.5001E-04  0.3783E-02  0.6459E-04  0.1794E-02  0.6555E-04  0.3814E-02  0.4464E-01  0.5571E-03  0.3000E-01  0.1078E+00  0.4160E-01  0.4655E-01  0.3398E-01  0.1120E+00  0.1809E-01  0.9498E-03
     -2.826  0.9955E-02  0.1349E-01  0.4720E-04  0.2637E-02  0.6388E-04  0.1598E-02  0.5983E-04  0.3110E-02  0.4513E-01  0.5078E-03  0.2938E-01  0.7607E-01  0.4200E-01  0.4196E-01  0.3155E-01  0.9231E-01  0.1873E-01  0.8270E-03
     -2.816  0.1032E-01  0.1367E-01  0.4454E-04  0.2530E-02  0.6357E-04  0.1612E-02  0.5420E-04  0.3019E-02  0.4556E-01  0.5033E-03  0.2881E-01  0.7326E-01  0.4267E-01  0.4247E-01  0.2911E-01  0.8977E-01  0.1940E-01  0.8222E-03
     -2.806  0.1070E-01  0.1391E-01  0.4200E-04  0.2442E-02  0.6349E-04  0.1633E-02  0.4865E-04  0.2929E-02  0.4592E-01  0.4991E-03  0.2827E-01  0.7096E-01  0.4352E-01  0.4317E-01  0.2664E-01  0.8729E-01  0.2007E-01  0.8197E-03
     -2.796  0.1118E-01  0.1416E-01  0.4242E-04  0.2371E-02  0.6384E-04  0.1655E-02  0.4768E-04  0.2842E-02  0.4978E-01  0.4948E-03  0.2966E-01  0.6911E-01  0.4494E-01  0.4389E-01  0.2670E-01  0.8484E-01  0.2198E-01  0.8195E-03
     -2.786  0.1169E-01  0.1439E-01  0.4332E-04  0.2301E-02  0.6434E-04  0.1675E-02  0.4786E-04  0.2751E-02  0.5470E-01  0.4896E-03  0.3136E-01  0.6728E-01  0.4655E-01  0.4455E-01  0.2745E-01  0.8226E-01  0.2419E-01  0.8183E-03
     -2.775  0.1193E-01  0.1459E-01  0.3959E-04  0.2223E-02  0.6309E-04  0.1691E-02  0.4480E-04  0.2660E-02  0.5638E-01  0.4971E-03  0.2969E-01  0.6523E-01  0.4662E-01  0.4513E-01  0.2630E-01  0.7970E-01  0.2519E-01  0.8188E-03
     -2.765  0.1179E-01  0.1470E-01  0.3047E-04  0.2154E-02  0.5939E-04  0.1692E-02  0.3707E-04  0.2569E-02  0.5468E-01  0.5225E-03  0.2393E-01  0.6346E-01  0.4463E-01  0.4536E-01  0.2223E-01  0.7715E-01  0.2535E-01  0.8567E-03
     -2.755  0.1221E-01  0.1478E-01  0.3004E-04  0.2086E-02  0.5913E-04  0.1690E-02  0.3544E-04  0.2473E-02  0.5968E-01  0.5489E-03  0.2448E-01  0.6174E-01  0.4568E-01  0.4550E-01  0.2183E-01  0.7445E-01  0.2794E-01  0.8965E-03
     -2.745  0.1264E-01  0.1485E-01  0.2943E-04  0.2018E-02  0.5887E-04  0.1686E-02  0.3375E-04  0.2372E-02  0.6473E-01  0.5758E-03  0.2489E-01  0.5998E-01  0.4675E-01  0.4557E-01  0.2138E-01  0.7159E-01  0.3059E-01  0.9368E-03
     -2.735  0.1283E-01  0.1489E-01  0.2804E-04  0.1948E-02  0.5706E-04  0.1679E-02  0.3118E-04  0.2265E-02  0.6864E-01  0.6032E-03  0.2467E-01  0.5820E-01  0.4568E-01  0.4559E-01  0.2038E-01  0.6856E-01  0.3138E-01  0.9773E-03
     -2.725  0.1202E-01  0.1353E-01  0.2483E-04  0.1786E-02  0.4970E-04  0.1506E-02  0.2595E-04  0.1944E-02  0.6624E-01  0.5991E-03  0.2305E-01  0.5370E-01  0.3786E-01  0.4094E-01  0.1783E-01  0.5903E-01  0.2793E-01  0.9630E-03
     -2.715  0.1493E-01  0.1287E-01  0.2230E-04  0.1658E-02  0.4916E-04  0.1413E-02  0.2059E-04  0.1667E-02  0.6698E-01  0.6217E-03  0.2348E-01  0.5019E-01  0.3568E-01  0.3855E-01  0.1658E-01  0.5091E-01  0.2938E-01  0.1019E-02
     -2.705  0.1806E-01  0.9584E-02  0.1937E-04  0.1053E-02  0.5081E-04  0.1025E-02  0.1809E-04  0.1038E-02  0.6795E-01  0.6545E-03  0.2140E-01  0.3222E-01  0.3442E-01  0.2793E-01  0.1565E-01  0.3226E-01  0.2985E-01  0.8975E-03
     -2.695  0.2131E-01  0.9408E-02  0.1648E-04  0.9812E-03  0.5249E-04  0.1001E-02  0.1562E-04  0.9833E-03  0.6865E-01  0.6326E-03  0.1927E-01  0.3007E-01  0.3310E-01  0.2725E-01  0.1471E-01  0.3059E-01  0.3034E-01  0.8635E-03
     -2.685  0.2510E-01  0.9260E-02  0.1376E-04  0.9108E-03  0.5491E-04  0.9807E-03  0.1327E-04  0.9289E-03  0.7076E-01  0.6078E-03  0.1731E-01  0.2796E-01  0.3206E-01  0.2666E-01  0.1384E-01  0.2893E-01  0.3228E-01  0.8273E-03
     -2.675  0.3737E-01  0.9418E-02  0.1204E-04  0.8519E-03  0.7100E-04  0.9814E-03  0.1285E-04  0.8729E-03  0.1176E+00  0.5878E-03  0.1730E-01  0.2625E-01  0.3638E-01  0.2669E-01  0.1622E-01  0.2731E-01  0.4753E-01  0.8049E-03
     -2.665  0.1442E+00  0.1119E-01  0.5756E-04  0.8214E-03  0.2305E-03  0.1123E-02  0.3404E-04  0.7903E-03  0.6316E+00  0.6534E-03  0.8875E-01  0.2555E-01  0.1477E+00  0.3102E-01  0.4783E-01  0.2517E-01  0.2155E+00  0.8790E-03
     -2.655  0.7838E-01  0.1525E-01  0.2069E-04  0.7769E-03  0.1199E-03  0.1480E-02  0.1604E-04  0.7951E-03  0.3387E+00  0.8154E-03  0.3783E-01  0.2450E-01  0.6967E-01  0.4211E-01  0.2756E-01  0.2582E-01  0.1152E+00  0.1004E-02
     -2.645  0.8958E-01  0.1758E-01  0.2072E-04  0.7186E-03  0.1301E-03  0.1691E-02  0.1640E-04  0.7813E-03  0.3884E+00  0.8263E-03  0.4000E-01  0.2280E-01  0.7787E-01  0.4872E-01  0.3000E-01  0.2553E-01  0.1316E+00  0.9735E-03
     -2.635  0.1018E+00  0.1960E-01  0.2098E-04  0.6705E-03  0.1412E-03  0.1875E-02  0.1685E-04  0.7547E-03  0.4400E+00  0.8196E-03  0.4259E-01  0.2136E-01  0.8639E-01  0.5458E-01  0.3263E-01  0.2477E-01  0.1488E+00  0.9327E-03
     -2.625  0.1166E+00  0.2269E-01  0.2220E-04  0.6352E-03  0.1553E-03  0.2154E-02  0.1770E-04  0.7452E-03  0.4974E+00  0.9396E-03  0.4693E-01  0.2036E-01  0.9589E-01  0.6339E-01  0.3609E-01  0.2461E-01  0.1687E+00  0.1107E-02
     -2.615  0.1711E+00  0.2668E-01  0.2090E-04  0.6093E-03  0.1811E-03  0.2512E-02  0.1545E-04  0.7507E-03  0.6132E+00  0.1133E-02  0.4850E-01  0.1967E-01  0.8773E-01  0.7459E-01  0.3467E-01  0.2498E-01  0.2367E+00  0.1366E-02
     -2.605  0.1690E+00  0.3348E-01  0.6868E-05  0.6324E-03  0.1195E-03  0.3094E-02  0.6078E-05  0.8106E-03  0.4126E+00  0.1457E-02  0.1715E-01  0.2067E-01  0.5614E-01  0.9218E-01  0.1342E-01  0.2727E-01  0.1465E+00  0.1786E-02
     -2.595  0.2293E+00  0.4129E-01  0.1118E-05  0.6954E-03  0.1249E-03  0.3757E-02  0.2386E-05  0.8816E-03  0.4094E+00  0.1785E-02  0.2806E-02  0.2304E-01  0.4464E-01  0.1121E+00  0.4675E-02  0.2995E-01  0.1146E+00  0.2266E-02
     -2.585  0.4450E+00  0.4847E-01  0.1186E-04  0.8765E-03  0.2438E-03  0.4373E-02  0.5852E-05  0.9865E-03  0.8223E+00  0.2050E-02  0.3650E-01  0.2931E-01  0.5625E-01  0.1308E+00  0.1734E-01  0.3373E-01  0.2833E+00  0.2606E-02
     -2.575  0.1402E+01  0.3910E-01  0.1742E-04  0.9658E-03  0.7806E-03  0.3380E-02  0.9664E-05  0.8830E-03  0.1637E+01  0.1663E-02  0.5445E-01  0.3253E-01  0.9145E-01  0.9995E-01  0.3227E-01  0.3028E-01  0.5330E+00  0.2405E-02
     -2.565  0.1481E+01  0.4381E-01  0.1020E-04  0.1229E-02  0.7938E-03  0.3752E-02  0.7174E-05  0.1035E-02  0.1533E+01  0.1900E-02  0.3187E-01  0.4147E-01  0.9350E-01  0.1109E+00  0.2234E-01  0.3560E-01  0.4686E+00  0.2591E-02
     -2.555  0.3256E+01  0.4266E-01  0.7035E-05  0.1478E-02  0.1630E-02  0.3596E-02  0.6315E-05  0.1043E-02  0.3139E+01  0.1605E-02  0.2238E-01  0.4989E-01  0.1881E+00  0.1059E+00  0.1811E-01  0.3590E-01  0.9066E+00  0.2591E-02
     -2.545  0.1490E+02  0.4359E-01  0.3045E-05  0.1943E-02  0.7094E-02  0.3552E-02  0.5990E-05  0.1096E-02  0.9601E+01  0.1434E-02  0.3129E-02  0.6572E-01  0.1113E+01  0.1039E+00  0.4672E-02  0.3778E-01  0.2695E+01  0.2536E-02
     -2.535  0.6783E+01  0.5615E-01  0.5002E-05  0.2255E-02  0.3240E-02  0.4531E-02  0.1837E-04  0.1383E-02  0.1625E+01  0.1881E-02  0.7213E-02  0.7643E-01  0.1047E+01  0.1316E+00  0.5484E-02  0.4788E-01  0.4601E+00  0.3351E-02
     -2.525  0.6269E+01  0.7168E-01  0.1175E-04  0.1703E-02  0.3001E-02  0.5742E-02  0.3677E-04  0.1415E-02  0.1762E+01  0.2529E-02  0.1735E-01  0.5851E-01  0.1215E+01  0.1655E+00  0.1546E-01  0.4961E-01  0.4632E+00  0.4627E-02
     -2.515  0.3867E+01  0.7777E-01  0.1357E-04  0.1612E-02  0.1841E-02  0.6224E-02  0.3786E-04  0.9338E-03  0.1728E+01  0.1437E-02  0.2272E-01  0.5645E-01  0.9640E+00  0.1803E+00  0.2121E-01  0.3306E-01  0.4443E+00  0.6449E-02
     -2.505  0.2415E+01  0.1699E-01  0.1817E-04  0.7863E-04  0.1187E-02  0.1352E-02  0.5417E-04  0.1419E-03  0.4878E+01  0.1888E-03  0.1784E-01  0.2789E-02  0.5685E+00  0.4206E-01  0.1218E-01  0.5126E-02  0.1372E+01  0.2477E-03
     -2.495  0.9488E+00  0.1765E-01  0.5378E-05  0.7989E-04  0.4532E-03  0.1392E-02  0.1727E-04  0.1440E-03  0.1462E+01  0.2042E-03  0.4164E-02  0.2845E-02  0.2679E+00  0.4328E-01  0.5941E-02  0.5223E-02  0.3912E+00  0.2707E-03
     -2.485  0.4662E+00  0.4969E-01  0.4743E-05  0.2030E-02  0.2096E-03  0.3794E-02  0.1526E-04  0.1114E-02  0.1257E+01  0.1951E-02  0.7274E-02  0.7078E-01  0.2279E+00  0.1150E+00  0.7847E-02  0.3956E-01  0.3995E+00  0.4957E-02
     -2.475  0.1485E+00  0.5194E-01  0.2661E-05  0.1723E-02  0.7333E-04  0.3933E-02  0.7785E-05  0.1030E-02  0.9195E+00  0.1851E-02  0.3019E-02  0.6022E-01  0.1042E+00  0.1194E+00  0.4259E-02  0.3682E-01  0.2560E+00  0.4438E-02
     -2.465  0.9874E-01  0.5359E-01  0.2301E-05  0.1450E-02  0.5353E-04  0.4025E-02  0.6760E-05  0.9552E-03  0.8196E+00  0.1769E-02  0.2695E-02  0.5084E-01  0.9897E-01  0.1223E+00  0.4616E-02  0.3440E-01  0.2202E+00  0.3986E-02
     -2.455  0.9403E-01  0.5120E-01  0.3822E-05  0.1260E-02  0.5128E-04  0.3823E-02  0.1128E-04  0.8996E-03  0.1181E+01  0.1707E-02  0.7511E-02  0.4429E-01  0.1722E+00  0.1163E+00  0.1443E-01  0.3258E-01  0.3254E+00  0.3653E-02
     -2.445  0.9650E-01  0.5288E-01  0.8133E-05  0.1134E-02  0.5317E-04  0.3913E-02  0.2557E-04  0.9354E-03  0.2306E+01  0.1815E-02  0.1849E-01  0.4007E-01  0.3716E+00  0.1193E+00  0.4768E-01  0.3416E-01  0.6957E+00  0.3536E-02
     -2.435  0.6940E-01  0.5373E-01  0.4944E-05  0.1017E-02  0.3823E-04  0.3942E-02  0.1548E-04  0.9736E-03  0.1035E+01  0.1925E-02  0.1633E-01  0.3616E-01  0.1962E+00  0.1203E+00  0.3991E-01  0.3582E-01  0.3352E+00  0.3411E-02
     -2.425  0.6702E-01  0.5377E-01  0.4096E-05  0.9089E-03  0.3725E-04  0.3909E-02  0.1253E-04  0.1014E-02  0.8933E+00  0.2039E-02  0.1601E-01  0.3257E-01  0.1795E+00  0.1194E+00  0.3523E-01  0.3757E-01  0.2827E+00  0.3279E-02
     -2.415  0.6346E-01  0.5305E-01  0.3281E-05  0.8251E-03  0.3586E-04  0.3819E-02  0.9676E-05  0.1074E-02  0.7639E+00  0.2208E-02  0.1572E-01  0.2986E-01  0.1654E+00  0.1166E+00  0.3016E-01  0.4007E-01  0.2355E+00  0.3211E-02
     -2.405  0.3646E-01  0.3126E-01  0.2236E-05  0.9734E-03  0.2173E-04  0.2199E-02  0.6328E-05  0.1239E-02  0.6131E+00  0.2594E-02  0.1429E-01  0.3606E-01  0.1163E+00  0.6769E-01  0.2497E-01  0.4727E-01  0.1667E+00  0.3011E-02
     -2.395  0.2175E-01  0.4153E-03  0.1616E-05  0.6734E-04  0.1307E-04  0.2487E-04  0.4602E-05  0.1023E-03  0.4582E+00  0.3226E-03  0.1069E-01  0.2591E-02  0.7917E-01  0.7823E-03  0.1969E-01  0.4046E-02  0.1214E+00  0.3585E-03
     -2.385  0.8134E-02  0.5932E-03  0.1048E-05  0.9233E-04  0.4802E-05  0.3542E-04  0.2972E-05  0.1448E-03  0.3258E+00  0.4684E-03  0.7693E-02  0.3561E-02  0.4201E-01  0.1114E-02  0.1509E-01  0.5742E-02  0.9182E-01  0.5017E-03
     -2.375  0.5251E-02  0.1071E-02  0.8314E-06  0.1470E-03  0.3188E-05  0.6633E-04  0.2317E-05  0.2114E-03  0.2819E+00  0.8250E-03  0.6356E-02  0.5703E-02  0.2916E-01  0.2137E-02  0.1261E-01  0.8368E-02  0.8721E-01  0.1111E-02
     -2.365  0.4407E-02  0.1633E-02  0.7517E-06  0.2135E-03  0.2715E-05  0.1027E-03  0.1862E-05  0.2837E-03  0.3003E+00  0.1262E-02  0.8016E-02  0.8316E-02  0.2078E-01  0.3346E-02  0.1364E-01  0.1123E-01  0.1715E+00  0.1946E-02
     -2.355  0.4635E-02  0.2671E-02  0.9190E-06  0.2855E-03  0.4809E-05  0.1629E-03  0.1512E-05  0.3578E-03  0.3598E+00  0.1749E-02  0.1609E-01  0.1116E-01  0.2628E-01  0.5216E-02  0.1619E-01  0.1419E-01  0.4434E+00  0.2931E-02
     -2.345  0.4143E-02  0.1241E-01  0.8007E-06  0.3762E-03  0.7484E-05  0.6454E-03  0.1084E-05  0.4622E-03  0.3196E+00  0.2524E-02  0.1423E-01  0.1495E-01  0.3686E-01  0.1866E-01  0.1325E-01  0.1860E-01  0.3951E+00  0.4497E-02
     -2.335  0.4940E-02  0.1578E-01  0.9645E-06  0.3865E-03  0.1036E-04  0.8216E-03  0.1230E-05  0.4741E-03  0.3623E+00  0.2665E-02  0.1717E-01  0.1544E-01  0.5157E-01  0.2364E-01  0.1668E-01  0.1918E-01  0.4864E+00  0.4717E-02
     -2.325  0.4790E-02  0.1932E-01  0.9629E-06  0.3977E-03  0.1103E-04  0.1007E-02  0.1188E-05  0.4871E-03  0.3505E+00  0.2807E-02  0.1695E-01  0.1597E-01  0.5441E-01  0.2888E-01  0.1847E-01  0.1980E-01  0.5070E+00  0.4939E-02
     -2.315  0.4808E-02  0.2303E-01  0.1030E-05  0.4098E-03  0.1188E-04  0.1202E-02  0.1275E-05  0.5012E-03  0.3666E+00  0.2952E-02  0.1699E-01  0.1654E-01  0.5761E-01  0.3439E-01  0.2112E-01  0.2046E-01  0.5283E+00  0.5163E-02
     -2.305  0.5177E-02  0.2692E-01  0.1261E-05  0.4228E-03  0.1323E-04  0.1406E-02  0.1595E-05  0.5162E-03  0.4268E+00  0.3099E-02  0.1785E-01  0.1715E-01  0.6307E-01  0.4016E-01  0.2546E-01  0.2117E-01  0.5624E+00  0.5388E-02
     -2.295  0.5763E-02  0.3099E-01  0.1645E-05  0.4368E-03  0.1536E-04  0.1619E-02  0.1994E-05  0.5323E-03  0.5612E+00  0.3248E-02  0.2075E-01  0.1779E-01  0.7324E-01  0.4619E-01  0.3267E-01  0.2192E-01  0.8033E+00  0.5615E-02
     -2.285  0.6353E-02  0.4363E-01  0.2140E-05  0.5981E-03  0.1749E-04  0.2278E-02  0.2438E-05  0.7503E-03  0.7570E+00  0.4126E-02  0.2478E-01  0.2449E-01  0.8367E-01  0.6497E-01  0.4098E-01  0.3105E-01  0.1262E+01  0.6469E-02
     -2.275  0.1709E-01  0.4750E-01  0.5540E-05  0.6318E-03  0.4526E-04  0.2481E-02  0.6257E-05  0.7528E-03  0.2234E+01  0.4504E-02  0.8165E-01  0.2603E-01  0.1885E+00  0.7061E-01  0.1655E+00  0.3134E-01  0.3801E+01  0.7013E-02
     -2.265  0.6029E-02  0.4512E-01  0.2276E-05  0.6533E-03  0.2065E-04  0.2351E-02  0.2326E-05  0.7315E-03  0.6928E+00  0.4801E-02  0.1676E-01  0.2711E-01  0.1009E+00  0.6667E-01  0.2797E-01  0.3066E-01  0.1589E+01  0.7391E-02
     -2.255  0.5534E-02  0.4006E-01  0.1557E-05  0.6281E-03  0.1824E-04  0.2082E-02  0.2069E-05  0.6773E-03  0.3112E+00  0.4822E-02  0.9254E-02  0.2620E-01  0.8722E-01  0.5891E-01  0.1956E-01  0.2854E-01  0.1656E+00  0.7451E-02
     -2.245  0.7219E-02  0.4088E-01  0.2507E-05  0.6506E-03  0.2097E-04  0.2095E-02  0.2680E-05  0.6578E-03  0.3089E+00  0.5248E-02  0.1387E-01  0.2735E-01  0.9816E-01  0.5814E-01  0.2304E-01  0.2796E-01  0.2220E+00  0.8252E-02
     -2.235  0.5682E-02  0.3454E-01  0.3163E-05  0.6148E-03  0.1739E-04  0.1760E-02  0.2881E-05  0.6061E-03  0.2742E+00  0.5226E-02  0.1356E-01  0.2598E-01  0.7680E-01  0.4856E-01  0.2146E-01  0.2593E-01  0.2024E+00  0.8234E-02
     -2.225  0.3969E-02  0.3026E-01  0.3866E-05  0.5931E-03  0.1343E-04  0.1527E-02  0.3093E-05  0.5744E-03  0.2425E+00  0.5257E-02  0.1347E-01  0.2518E-01  0.5428E-01  0.4188E-01  0.1950E-01  0.2471E-01  0.1793E+00  0.8290E-02
     -2.215  0.2448E-02  0.2853E-01  0.4629E-05  0.5861E-03  0.1007E-04  0.1423E-02  0.3349E-05  0.5606E-03  0.2219E+00  0.5335E-02  0.1394E-01  0.2496E-01  0.3517E-01  0.3878E-01  0.1795E-01  0.2421E-01  0.1632E+00  0.8424E-02
     -2.205  0.2660E-02  0.2691E-01  0.5493E-05  0.5774E-03  0.1126E-04  0.1324E-02  0.3789E-05  0.5460E-03  0.2418E+00  0.5402E-02  0.1617E-01  0.2466E-01  0.3786E-01  0.3583E-01  0.2028E-01  0.2367E-01  0.1971E+00  0.8539E-02
     -2.195  0.2748E-02  0.2534E-01  0.6455E-05  0.5570E-03  0.1208E-04  0.1226E-02  0.4445E-05  0.5166E-03  0.2551E+00  0.5470E-02  0.1811E-01  0.2387E-01  0.3913E-01  0.3289E-01  0.2251E-01  0.2251E-01  0.2263E+00  0.8644E-02
     -2.185  0.2784E-02  0.2386E-01  0.7614E-05  0.5226E-03  0.1270E-04  0.1130E-02  0.5199E-05  0.4744E-03  0.2684E+00  0.5544E-02  0.2018E-01  0.2249E-01  0.3974E-01  0.2998E-01  0.2454E-01  0.2079E-01  0.2512E+00  0.8967E-02
     -2.175  0.2811E-02  0.2249E-01  0.8814E-05  0.4849E-03  0.1330E-04  0.1041E-02  0.5980E-05  0.4315E-03  0.2815E+00  0.5610E-02  0.2227E-01  0.2098E-01  0.4026E-01  0.2724E-01  0.2654E-01  0.1904E-01  0.2757E+00  0.9299E-02
     -2.165  0.2826E-02  0.2124E-01  0.1005E-04  0.4440E-03  0.1387E-04  0.9577E-03  0.6788E-05  0.3878E-03  0.2944E+00  0.5662E-02  0.2440E-01  0.1933E-01  0.4068E-01  0.2467E-01  0.2853E-01  0.1725E-01  0.2997E+00  0.9619E-02
     -2.155  0.2831E-02  0.2016E-01  0.1134E-04  0.4070E-03  0.1442E-04  0.8841E-03  0.7623E-05  0.3512E-03  0.3071E+00  0.5707E-02  0.2655E-01  0.1783E-01  0.4101E-01  0.2239E-01  0.3049E-01  0.1575E-01  0.3233E+00  0.9899E-02
     -2.145  0.2897E-02  0.2039E-01  0.1374E-04  0.4088E-03  0.1564E-04  0.8792E-03  0.8936E-05  0.3469E-03  0.3376E+00  0.5914E-02  0.3083E-01  0.1796E-01  0.4268E-01  0.2203E-01  0.3318E-01  0.1562E-01  0.3849E+00  0.1036E-01
     -2.135  0.3007E-02  0.2098E-01  0.1767E-04  0.4204E-03  0.1784E-04  0.8918E-03  0.1105E-04  0.3482E-03  0.3818E+00  0.6174E-02  0.3756E-01  0.1851E-01  0.4589E-01  0.2213E-01  0.3647E-01  0.1573E-01  0.4944E+00  0.1091E-01
     -2.125  0.2788E-02  0.2325E-01  0.1789E-04  0.4771E-03  0.1764E-04  0.9525E-03  0.1221E-04  0.3743E-03  0.3661E+00  0.6846E-02  0.3578E-01  0.2104E-01  0.4345E-01  0.2310E-01  0.3634E-01  0.1698E-01  0.4668E+00  0.1212E-01
     -2.115  0.2612E-02  0.2558E-01  0.2115E-04  0.5265E-03  0.1828E-04  0.1013E-02  0.1539E-04  0.3991E-03  0.3959E+00  0.7539E-02  0.3923E-01  0.2325E-01  0.4137E-01  0.2403E-01  0.4182E-01  0.1817E-01  0.5371E+00  0.1333E-01
     -2.105  0.2302E-02  0.2766E-01  0.2319E-04  0.5668E-03  0.1816E-04  0.1058E-02  0.1646E-04  0.4209E-03  0.3744E+00  0.8340E-02  0.3982E-01  0.2508E-01  0.3882E-01  0.2446E-01  0.3985E-01  0.1924E-01  0.5312E+00  0.1476E-01
     -2.095  0.1894E-02  0.2955E-01  0.2246E-04  0.5976E-03  0.1749E-04  0.1089E-02  0.1573E-04  0.4392E-03  0.3113E+00  0.9238E-02  0.3530E-01  0.2650E-01  0.3613E-01  0.2448E-01  0.3278E-01  0.2016E-01  0.4525E+00  0.1641E-01
     -2.085  0.1542E-02  0.3141E-01  0.2171E-04  0.6188E-03  0.1726E-04  0.1118E-02  0.1532E-04  0.4533E-03  0.2559E+00  0.1013E-01  0.3100E-01  0.2751E-01  0.3420E-01  0.2443E-01  0.2734E-01  0.2090E-01  0.4012E+00  0.1803E-01
     -2.075  0.1514E-02  0.3333E-01  0.2499E-04  0.5886E-03  0.1825E-04  0.1135E-02  0.1702E-04  0.4459E-03  0.2674E+00  0.1117E-01  0.3456E-01  0.2632E-01  0.3472E-01  0.2374E-01  0.2864E-01  0.2074E-01  0.4471E+00  0.1951E-01
     -2.065  0.1488E-02  0.3598E-01  0.2924E-04  0.5180E-03  0.1958E-04  0.1163E-02  0.1932E-04  0.4208E-03  0.2937E+00  0.1230E-01  0.3907E-01  0.2340E-01  0.3571E-01  0.2302E-01  0.3057E-01  0.1984E-01  0.5251E+00  0.2079E-01
     -2.055  0.1424E-02  0.3931E-01  0.3392E-04  0.4468E-03  0.2100E-04  0.1184E-02  0.2229E-04  0.3871E-03  0.3258E+00  0.1308E-01  0.4377E-01  0.2045E-01  0.3629E-01  0.2156E-01  0.3292E-01  0.1853E-01  0.6058E+00  0.2129E-01
     -2.045  0.1423E-02  0.3986E-01  0.5259E-04  0.3786E-03  0.2784E-04  0.9693E-03  0.3036E-04  0.3280E-03  0.4121E+00  0.1172E-01  0.6355E-01  0.1753E-01  0.4280E-01  0.1298E-01  0.4034E-01  0.1597E-01  0.7781E+00  0.1948E-01
     -2.035  0.1622E-02  0.5005E-01  0.8033E-04  0.3729E-03  0.4535E-04  0.1118E-02  0.4357E-04  0.3310E-03  0.5574E+00  0.1234E-01  0.9332E-01  0.1738E-01  0.6255E-01  0.1273E-01  0.5418E-01  0.1628E-01  0.1027E+01  0.2040E-01
     -2.025  0.1614E-02  0.5778E-01  0.6878E-04  0.3692E-03  0.5217E-04  0.1241E-02  0.4222E-04  0.3394E-03  0.5572E+00  0.1297E-01  0.7280E-01  0.1735E-01  0.6992E-01  0.1298E-01  0.5035E-01  0.1686E-01  0.9141E+00  0.2110E-01
     -2.015  0.9915E-03  0.6563E-01  0.5065E-04  0.3663E-03  0.2632E-04  0.1365E-02  0.3507E-04  0.3490E-03  0.3261E+00  0.1361E-01  0.4427E-01  0.1735E-01  0.3471E-01  0.1325E-01  0.3687E-01  0.1750E-01  0.5114E+00  0.2181E-01
     -2.005  0.9125E-03  0.7371E-01  0.5318E-04  0.3642E-03  0.2670E-04  0.1493E-02  0.3686E-04  0.3600E-03  0.3088E+00  0.1428E-01  0.4289E-01  0.1739E-01  0.3386E-01  0.1354E-01  0.3657E-01  0.1822E-01  0.4536E+00  0.2254E-01
     -1.995  0.8385E-03  0.8215E-01  0.5670E-04  0.3624E-03  0.2699E-04  0.1627E-02  0.3842E-04  0.3716E-03  0.2874E+00  0.1494E-01  0.4139E-01  0.1745E-01  0.3304E-01  0.1383E-01  0.3548E-01  0.1897E-01  0.3884E+00  0.2327E-01
     -1.985  0.7789E-03  0.9178E-01  0.6156E-04  0.3580E-03  0.2788E-04  0.1775E-02  0.4096E-04  0.3802E-03  0.2714E+00  0.1546E-01  0.4098E-01  0.1737E-01  0.3280E-01  0.1404E-01  0.3524E-01  0.1955E-01  0.3359E+00  0.2386E-01
     -1.975  0.7553E-03  0.1016E+00  0.6718E-04  0.3541E-03  0.2950E-04  0.1926E-02  0.4396E-04  0.3897E-03  0.2663E+00  0.1598E-01  0.4232E-01  0.1731E-01  0.3360E-01  0.1424E-01  0.3587E-01  0.2017E-01  0.3209E+00  0.2446E-01
     -1.965  0.7341E-03  0.1117E+00  0.7290E-04  0.3507E-03  0.3116E-04  0.2080E-02  0.4702E-04  0.4000E-03  0.2618E+00  0.1650E-01  0.4372E-01  0.1727E-01  0.3444E-01  0.1444E-01  0.3657E-01  0.2083E-01  0.3064E+00  0.2507E-01
     -1.955  0.7286E-03  0.1220E+00  0.7768E-04  0.3477E-03  0.3291E-04  0.2237E-02  0.5029E-04  0.4113E-03  0.2623E+00  0.1704E-01  0.4503E-01  0.1726E-01  0.3550E-01  0.1464E-01  0.3786E-01  0.2154E-01  0.2951E+00  0.2568E-01
     -1.945  0.7460E-03  0.1419E+00  0.8059E-04  0.4045E-03  0.3468E-04  0.2589E-02  0.5283E-04  0.5413E-03  0.2644E+00  0.2743E-01  0.4584E-01  0.2079E-01  0.3641E-01  0.1676E-01  0.3913E-01  0.2910E-01  0.2949E+00  0.4741E-01
     -1.935  0.7638E-03  0.1575E+00  0.8343E-04  0.3842E-03  0.3646E-04  0.2821E-02  0.5539E-04  0.5398E-03  0.2666E+00  0.2689E-01  0.4664E-01  0.1988E-01  0.3732E-01  0.1670E-01  0.4044E-01  0.2918E-01  0.2946E+00  0.4521E-01
     -1.925  0.7821E-03  0.1736E+00  0.8623E-04  0.3636E-03  0.3824E-04  0.3062E-02  0.5796E-04  0.5379E-03  0.2690E+00  0.2629E-01  0.4744E-01  0.1895E-01  0.3822E-01  0.1662E-01  0.4179E-01  0.2923E-01  0.2941E+00  0.4271E-01
     -1.915  0.8009E-03  0.1903E+00  0.8898E-04  0.3427E-03  0.4003E-04  0.3310E-02  0.6055E-04  0.5353E-03  0.2715E+00  0.2562E-01  0.4823E-01  0.1799E-01  0.3913E-01  0.1652E-01  0.4318E-01  0.2926E-01  0.2935E+00  0.3991E-01
     -1.905  0.8200E-03  0.2125E+00  0.9167E-04  0.3604E-03  0.4183E-04  0.3663E-02  0.6316E-04  0.5940E-03  0.2742E+00  0.3264E-01  0.4901E-01  0.1919E-01  0.4003E-01  0.1700E-01  0.4461E-01  0.3284E-01  0.2927E+00  0.4594E-01
     -1.895  0.8722E-03  0.2354E+00  0.1138E-03  0.3598E-03  0.5392E-04  0.4024E-02  0.9663E-04  0.6327E-03  0.3606E+00  0.3606E-01  0.6169E-01  0.1931E-01  0.4982E-01  0.1746E-01  0.6878E-01  0.3522E-01  0.3242E+00  0.4462E-01
     -1.885  0.9019E-03  0.2594E+00  0.1135E-03  0.3548E-03  0.5767E-04  0.4400E-02  0.1024E-03  0.6718E-03  0.3752E+00  0.3960E-01  0.6043E-01  0.1920E-01  0.5222E-01  0.1790E-01  0.7118E-01  0.3764E-01  0.3183E+00  0.4210E-01
     -1.875  0.9303E-03  0.2611E+00  0.1150E-03  0.2670E-03  0.6268E-04  0.4326E-02  0.1144E-03  0.5036E-03  0.4345E+00  0.2856E-01  0.6004E-01  0.1440E-01  0.5590E-01  0.1480E-01  0.7734E-01  0.2819E-01  0.3235E+00  0.2897E-01
     -1.865  0.9621E-03  0.2609E+00  0.1142E-03  0.1841E-03  0.6638E-04  0.4218E-02  0.1198E-03  0.3361E-03  0.4496E+00  0.1694E-01  0.5869E-01  0.9848E-02  0.5820E-01  0.1167E-01  0.7934E-01  0.1872E-01  0.3185E+00  0.1678E-01
     -1.855  0.9920E-03  0.2624E+00  0.1143E-03  0.1241E-03  0.7025E-04  0.4152E-02  0.1260E-03  0.2022E-03  0.4683E+00  0.7323E-02  0.5789E-01  0.6518E-02  0.6082E-01  0.9098E-02  0.8188E-01  0.1110E-01  0.3173E+00  0.9468E-02
     -1.845  0.1001E-02  0.2767E+00  0.1107E-03  0.1178E-03  0.6998E-04  0.4353E-02  0.1216E-03  0.1919E-03  0.4602E+00  0.7216E-02  0.5489E-01  0.6198E-02  0.6001E-01  0.8673E-02  0.7747E-01  0.1054E-01  0.3066E+00  0.9682E-02
     -1.835  0.9898E-03  0.2913E+00  0.1037E-03  0.1112E-03  0.6626E-04  0.4556E-02  0.1091E-03  0.1811E-03  0.4308E+00  0.7093E-02  0.4987E-01  0.5860E-02  0.5625E-01  0.8225E-02  0.6790E-01  0.9961E-02  0.2869E+00  0.9891E-02
     -1.825  0.9739E-03  0.3060E+00  0.9672E-04  0.1042E-03  0.6222E-04  0.4761E-02  0.9656E-04  0.1699E-03  0.4013E+00  0.6955E-02  0.4495E-01  0.5506E-02  0.5223E-01  0.7756E-02  0.5844E-01  0.9353E-02  0.2673E+00  0.1009E-01
     -1.815  0.9541E-03  0.1067E+01  0.8896E-04  0.9863E-04  0.5716E-04  0.1649E-01  0.7955E-04  0.1904E-03  0.3397E+00  0.9877E-02  0.3956E-01  0.5287E-02  0.4717E-01  0.9224E-02  0.4641E-01  0.1045E-01  0.2411E+00  0.1461E-01
     -1.805  0.9543E-03  0.8964E+00  0.8524E-04  0.6718E-04  0.5479E-04  0.1374E-01  0.6659E-04  0.1121E-03  0.2630E+00  0.8680E-02  0.3654E-01  0.3586E-02  0.4431E-01  0.5902E-02  0.3750E-01  0.6129E-02  0.2188E+00  0.2072E-01
     -1.795  0.9652E-03  0.1390E+00  0.8381E-04  0.5224E-04  0.5415E-04  0.2016E-02  0.5795E-04  0.8914E-04  0.1971E+00  0.4298E-02  0.3490E-01  0.2780E-02  0.4297E-01  0.3208E-02  0.3157E-01  0.4894E-02  0.2016E+00  0.6624E-02
     -1.785  0.9769E-03  0.3626E+00  0.8231E-04  0.5480E-04  0.5347E-04  0.5115E-02  0.4913E-04  0.8601E-04  0.1300E+00  0.4847E-02  0.3324E-01  0.3008E-02  0.4159E-01  0.3588E-02  0.2563E-01  0.4686E-02  0.1837E+00  0.1527E-01
     -1.775  0.9937E-03  0.3604E+01  0.8267E-04  0.1067E-03  0.5430E-04  0.4897E-01  0.4842E-04  0.7657E-04  0.1232E+00  0.3230E-01  0.3284E-01  0.6089E-02  0.4189E-01  0.2492E-01  0.2478E-01  0.4398E-02  0.1798E+00  0.8222E-01
     -1.765  0.1019E-02  0.3525E+00  0.1018E-03  0.2952E-04  0.5587E-04  0.4776E-02  0.5394E-04  0.3351E-04  0.1232E+00  0.8410E-02  0.3568E-01  0.1760E-02  0.4266E-01  0.5299E-02  0.2493E-01  0.1944E-02  0.1856E+00  0.2230E-01
     -1.755  0.1031E-02  0.2787E+00  0.1322E-03  0.2727E-04  0.5678E-04  0.3755E-02  0.6144E-04  0.3049E-04  0.1197E+00  0.7714E-02  0.4050E-01  0.1638E-02  0.4281E-01  0.5149E-02  0.2466E-01  0.1769E-02  0.1983E+00  0.2015E-01
     -1.745  0.1028E-02  0.1710E+01  0.1280E-03  0.5587E-04  0.5678E-04  0.2109E-01  0.6010E-04  0.9604E-04  0.1178E+00  0.2011E-01  0.3890E-01  0.3282E-02  0.4253E-01  0.6874E-01  0.2398E-01  0.4946E-02  0.1919E+00  0.4290E-01
     -1.735  0.1025E-02  0.4886E+00  0.1236E-03  0.5138E-04  0.5680E-04  0.6023E-02  0.5869E-04  0.4923E-04  0.1158E+00  0.1602E-01  0.3729E-01  0.3155E-02  0.4226E-01  0.2628E-01  0.2328E-01  0.2804E-02  0.1854E+00  0.4108E-01
     -1.725  0.1023E-02  0.4345E+00  0.1189E-03  0.5808E-04  0.5684E-04  0.5300E-02  0.5720E-04  0.4919E-04  0.1137E+00  0.1788E-01  0.3565E-01  0.3582E-02  0.4201E-01  0.2733E-01  0.2257E-01  0.2824E-02  0.1787E+00  0.4726E-01
     -1.715  0.1021E-02  0.4044E+00  0.1141E-03  0.6606E-04  0.5688E-04  0.4887E-02  0.5563E-04  0.5082E-04  0.1116E+00  0.2028E-01  0.3398E-01  0.4082E-02  0.4177E-01  0.2906E-01  0.2185E-01  0.2934E-02  0.1720E+00  0.5489E-01
     -1.705  0.1019E-02  0.3737E+00  0.1090E-03  0.7434E-04  0.5695E-04  0.4466E-02  0.5399E-04  0.5266E-04  0.1094E+00  0.2276E-01  0.3229E-01  0.4599E-02  0.4154E-01  0.3082E-01  0.2111E-01  0.3056E-02  0.1652E+00  0.6278E-01
     -1.695  0.1019E-02  0.3404E+00  0.1038E-03  0.1018E-03  0.5702E-04  0.3981E-02  0.5228E-04  0.6314E-04  0.1072E+00  0.3315E-01  0.3058E-01  0.6323E-02  0.4133E-01  0.3517E-01  0.2035E-01  0.3684E-02  0.1582E+00  0.9342E-01
     -1.685  0.1018E-02  0.3058E+00  0.9831E-04  0.1574E-03  0.5712E-04  0.3444E-02  0.5049E-04  0.8299E-04  0.1048E+00  0.5209E-01  0.2884E-01  0.9815E-02  0.4112E-01  0.4250E-01  0.1958E-01  0.4877E-02  0.1512E+00  0.1590E+00
     -1.675  0.1018E-02  0.2453E+00  0.9265E-04  0.2064E-03  0.5722E-04  0.2649E-02  0.4862E-04  0.9822E-04  0.1025E+00  0.6700E-01  0.2707E-01  0.1299E-01  0.4093E-01  0.4557E-01  0.1880E-01  0.5843E-02  0.1440E+00  0.2148E+00
     -1.665  0.1019E-02  0.2148E+00  0.8679E-04  0.2529E-03  0.5735E-04  0.2250E-02  0.4668E-04  0.1123E-03  0.1000E+00  0.8073E-01  0.2528E-01  0.1603E-01  0.4075E-01  0.4765E-01  0.1800E-01  0.6745E-02  0.1367E+00  0.2652E+00
     -1.655  0.1490E-02  0.1646E+00  0.7945E-04  0.2130E-03  0.7235E-04  0.1687E-02  0.4519E-04  0.9275E-04  0.9610E-01  0.6464E-01  0.2265E-01  0.1357E-01  0.5119E-01  0.4145E-01  0.1681E-01  0.5620E-02  0.1285E+00  0.2123E+00
     -1.645  0.2926E-02  0.1000E+00  0.9997E-04  0.1126E-03  0.1626E-03  0.1037E-02  0.7120E-04  0.5019E-04  0.2541E+00  0.3273E-01  0.2475E-01  0.7292E-02  0.1039E+00  0.2635E-01  0.2026E-01  0.3128E-02  0.1735E+00  0.9618E-01
     -1.635  0.5498E-02  0.6446E-01  0.1397E-03  0.9958E-04  0.2591E-03  0.6136E-03  0.1043E-03  0.4594E-04  0.3651E+00  0.3002E-01  0.3078E-01  0.6566E-02  0.1745E+00  0.2303E-01  0.2554E-01  0.2965E-02  0.2767E+00  0.8005E-01
     -1.625  0.3652E-02  0.4707E-01  0.8909E-04  0.9360E-04  0.1857E-03  0.4079E-03  0.8305E-04  0.4296E-04  0.4054E+00  0.2871E-01  0.1944E-01  0.6238E-02  0.1181E+00  0.2135E-01  0.1899E-01  0.2837E-02  0.1924E+00  0.7281E-01
     -1.615  0.3420E-02  0.4841E-01  0.8278E-04  0.6262E-03  0.1754E-03  0.3996E-03  0.9019E-04  0.2186E-03  0.4847E+00  0.3432E+00  0.1716E-01  0.4257E-01  0.1100E+00  0.2661E-01  0.1882E-01  0.1444E-01  0.2038E+00  0.8698E+00
     -1.605  0.3216E-02  0.4122E-01  0.8024E-04  0.3273E-03  0.1674E-03  0.3200E-03  0.1070E-03  0.1578E-03  0.5501E+00  0.2402E+00  0.1579E-01  0.2249E-01  0.1032E+00  0.2935E-01  0.2049E-01  0.1106E-01  0.2108E+00  0.4029E+00
     -1.595  0.2989E-02  0.3559E-01  0.7807E-04  0.2777E-03  0.1586E-03  0.2601E-03  0.1251E-03  0.1837E-03  0.6163E+00  0.2978E+00  0.1450E-01  0.1929E-01  0.9585E-01  0.2994E-01  0.2237E-01  0.1332E-01  0.2178E+00  0.3230E+00
     -1.585  0.2748E-02  0.2991E-01  0.8244E-04  0.2226E-03  0.1494E-03  0.2089E-03  0.1463E-03  0.1778E-03  0.6845E+00  0.2480E+00  0.1460E-01  0.1565E-01  0.8832E-01  0.2800E-01  0.2482E-01  0.1316E-01  0.2301E+00  0.2276E+00
     -1.575  0.2486E-02  0.2943E-01  0.8864E-04  0.2832E-03  0.1396E-03  0.1910E-03  0.1692E-03  0.2338E-03  0.7538E+00  0.2669E+00  0.1506E-01  0.2022E-01  0.8031E-01  0.3420E-01  0.2756E-01  0.1753E-01  0.2437E+00  0.2400E+00
     -1.565  0.2449E-02  0.2124E-01  0.1375E-03  0.2401E-03  0.1289E-03  0.1318E-03  0.3343E-03  0.1890E-03  0.2896E+01  0.1535E+00  0.2048E-01  0.1758E-01  0.7247E-01  0.2814E-01  0.4829E-01  0.1459E-01  0.8418E+00  0.1522E+00
     -1.555  0.2226E-02  0.1659E-01  0.1855E-03  0.2154E-03  0.1214E-03  0.9703E-04  0.3590E-03  0.1835E-03  0.1618E+01  0.1122E+00  0.2798E-01  0.1612E-01  0.6640E-01  0.2575E-01  0.5323E-01  0.1459E-01  0.4897E+00  0.1116E+00
     -1.545  0.1912E-02  0.1273E-01  0.2209E-03  0.1962E-03  0.1148E-03  0.7196E-04  0.4313E-03  0.1883E-03  0.1124E+01  0.9129E-01  0.3280E-01  0.1500E-01  0.5899E-01  0.2275E-01  0.6459E-01  0.1532E-01  0.3560E+00  0.8950E-01
     -1.535  0.1678E-02  0.1162E-01  0.2660E-03  0.2036E-03  0.1068E-03  0.6402E-04  0.5143E-03  0.1998E-03  0.1108E+01  0.8619E-01  0.3896E-01  0.1569E-01  0.5191E-01  0.2273E-01  0.7660E-01  0.1637E-01  0.3576E+00  0.8519E-01
     -1.525  0.1441E-02  0.1062E-01  0.3128E-03  0.2113E-03  0.9870E-04  0.5677E-04  0.5991E-03  0.2116E-03  0.1090E+01  0.8199E-01  0.4534E-01  0.1639E-01  0.4484E-01  0.2280E-01  0.8886E-01  0.1745E-01  0.3596E+00  0.8160E-01
     -1.515  0.1362E-02  0.9762E-02  0.4474E-03  0.2192E-03  0.1077E-03  0.5034E-04  0.9396E-03  0.2236E-03  0.1139E+01  0.7853E-01  0.6407E-01  0.1712E-01  0.4353E-01  0.2299E-01  0.1386E+00  0.1853E-01  0.3741E+00  0.7874E-01
     -1.505  0.1791E-02  0.8996E-02  0.5427E-03  0.2273E-03  0.1386E-03  0.4468E-04  0.1270E-02  0.2356E-03  0.1116E+01  0.7520E-01  0.7715E-01  0.1786E-01  0.5704E-01  0.2320E-01  0.1862E+00  0.1962E-01  0.3743E+00  0.7604E-01
     -1.495  0.2339E-02  0.8540E-02  0.5837E-03  0.2368E-03  0.1617E-03  0.4152E-04  0.1434E-02  0.2483E-03  0.1076E+01  0.7217E-01  0.8232E-01  0.1869E-01  0.7017E-01  0.2353E-01  0.2088E+00  0.2076E-01  0.3787E+00  0.7388E-01
     -1.485  0.2928E-02  0.8091E-02  0.6233E-03  0.2444E-03  0.1859E-03  0.3820E-04  0.1597E-02  0.2606E-03  0.1036E+01  0.6866E-01  0.8727E-01  0.1939E-01  0.8411E-01  0.2426E-01  0.2310E+00  0.2190E-01  0.3840E+00  0.7086E-01
     -1.475  0.3285E-02  0.7621E-02  0.4420E-03  0.2431E-03  0.1663E-03  0.3382E-04  0.1076E-02  0.2694E-03  0.7076E+00  0.6252E-01  0.6068E-01  0.1941E-01  0.8466E-01  0.2676E-01  0.1529E+00  0.2286E-01  0.3226E+00  0.6390E-01
     -1.465  0.3289E-02  0.7034E-02  0.3147E-03  0.2390E-03  0.1458E-03  0.2904E-04  0.7221E-03  0.2762E-03  0.5037E+00  0.5693E-01  0.4248E-01  0.1923E-01  0.7945E-01  0.2891E-01  0.1012E+00  0.2367E-01  0.2905E+00  0.5954E-01
     -1.455  0.3035E-02  0.6455E-02  0.2128E-03  0.2854E-03  0.1186E-03  0.2613E-04  0.4455E-03  0.4086E-03  0.3446E+00  0.6299E-01  0.2818E-01  0.2364E-01  0.6850E-01  0.2953E-01  0.6175E-01  0.3613E-01  0.2631E+00  0.6024E-01
     -1.445  0.3284E-02  0.5828E-02  0.1944E-03  0.2975E-03  0.1156E-03  0.2304E-04  0.4100E-03  0.4701E-03  0.2794E+00  0.6347E-01  0.2511E-01  0.2510E-01  0.6969E-01  0.2904E-01  0.5578E-01  0.4223E-01  0.2905E+00  0.5693E-01
     -1.435  0.3751E-02  0.5252E-02  0.2145E-03  0.2919E-03  0.1227E-03  0.2017E-04  0.4770E-03  0.4900E-03  0.2597E+00  0.6061E-01  0.2714E-01  0.2498E-01  0.7594E-01  0.2829E-01  0.6394E-01  0.4452E-01  0.3575E+00  0.5255E-01
     -1.425  0.3750E-02  0.4981E-02  0.1974E-03  0.2862E-03  0.1153E-03  0.1897E-04  0.4355E-03  0.5101E-03  0.2156E+00  0.5831E-01  0.2438E-01  0.2484E-01  0.7316E-01  0.2788E-01  0.5742E-01  0.4680E-01  0.3974E+00  0.4864E-01
     -1.415  0.3582E-02  0.4696E-02  0.1371E-03  0.2794E-03  0.9809E-04  0.1772E-04  0.2382E-03  0.5292E-03  0.1370E+00  0.5599E-01  0.1599E-01  0.2460E-01  0.6613E-01  0.2742E-01  0.3005E-01  0.4901E-01  0.3932E+00  0.4474E-01
     -1.405  0.0000E+00  0.4361E-02  0.0000E+00  0.2713E-03  0.0000E+00  0.1626E-04  0.0000E+00  0.5470E-03  0.0000E+00  0.5473E-01  0.0000E+00  0.2417E-01  0.0000E+00  0.2680E-01  0.0000E+00  0.5104E-01  0.0000E+00  0.4153E-01
     -1.395  0.0000E+00  0.3881E-02  0.0000E+00  0.2278E-03  0.0000E+00  0.1426E-04  0.0000E+00  0.4656E-03  0.0000E+00  0.4545E-01  0.0000E+00  0.2045E-01  0.0000E+00  0.2414E-01  0.0000E+00  0.4374E-01  0.0000E+00  0.3486E-01
     -1.385  0.0000E+00  0.3220E-02  0.0000E+00  0.1555E-03  0.0000E+00  0.1164E-04  0.0000E+00  0.2999E-03  0.0000E+00  0.2964E-01  0.0000E+00  0.1402E-01  0.0000E+00  0.1942E-01  0.0000E+00  0.2845E-01  0.0000E+00  0.2549E-01
     -1.374  0.0000E+00  0.2444E-02  0.0000E+00  0.1168E-03  0.0000E+00  0.8829E-05  0.0000E+00  0.2193E-03  0.0000E+00  0.2175E-01  0.0000E+00  0.1057E-01  0.0000E+00  0.1482E-01  0.0000E+00  0.2091E-01  0.0000E+00  0.1977E-01
     -1.364  0.0000E+00  0.1852E-02  0.0000E+00  0.8688E-04  0.0000E+00  0.6712E-05  0.0000E+00  0.1576E-03  0.0000E+00  0.1588E-01  0.0000E+00  0.7885E-02  0.0000E+00  0.1120E-01  0.0000E+00  0.1508E-01  0.0000E+00  0.1534E-01
     -1.354  0.0000E+00  0.1415E-02  0.0000E+00  0.6010E-04  0.0000E+00  0.5147E-05  0.0000E+00  0.1009E-03  0.0000E+00  0.1070E-01  0.0000E+00  0.5451E-02  0.0000E+00  0.8303E-02  0.0000E+00  0.9672E-02  0.0000E+00  0.1152E-01
     -1.344  0.0000E+00  0.5258E-02  0.0000E+00  0.1598E-03  0.0000E+00  0.1666E-04  0.0000E+00  0.3971E-03  0.0000E+00  0.3182E-01  0.0000E+00  0.1582E-01  0.0000E+00  0.3772E-01  0.0000E+00  0.3956E-01  0.0000E+00  0.2584E-01
     -1.334  0.0000E+00  0.6436E-03  0.0000E+00  0.2878E-04  0.0000E+00  0.2040E-05  0.0000E+00  0.2498E-04  0.0000E+00  0.3226E-02  0.0000E+00  0.2740E-02  0.0000E+00  0.4735E-02  0.0000E+00  0.2428E-02  0.0000E+00  0.8705E-02
     -1.324  0.2395E-04  0.0000E+00  0.1926E-04  0.0000E+00  0.3815E-06  0.0000E+00  0.2818E-04  0.0000E+00  0.4765E-01  0.0000E+00  0.1741E-02  0.0000E+00  0.1028E-03  0.0000E+00  0.2635E-02  0.0000E+00  0.1897E+00  0.0000E+00
     -1.314  0.5309E-04  0.0000E+00  0.4357E-04  0.0000E+00  0.8480E-06  0.0000E+00  0.6364E-04  0.0000E+00  0.1113E+00  0.0000E+00  0.3941E-02  0.0000E+00  0.2303E-03  0.0000E+00  0.5935E-02  0.0000E+00  0.4433E+00  0.0000E+00
     -1.304  0.4017E-02  0.0000E+00  0.7078E-03  0.0000E+00  0.4527E-04  0.0000E+00  0.1035E-02  0.0000E+00  0.4157E+01  0.0000E+00  0.6474E-01  0.0000E+00  0.4243E-01  0.0000E+00  0.1032E+00  0.0000E+00  0.1626E+02  0.0000E+00
     -1.294  0.2824E-02  0.0000E+00  0.1286E-02  0.0000E+00  0.2940E-04  0.0000E+00  0.1275E-02  0.0000E+00  0.3764E+01  0.0000E+00  0.1132E+00  0.0000E+00  0.2917E-01  0.0000E+00  0.1267E+00  0.0000E+00  0.1457E+02  0.0000E+00
     -1.284  0.3342E-03  0.0000E+00  0.6841E-03  0.0000E+00  0.8065E-05  0.0000E+00  0.2655E-03  0.0000E+00  0.1158E+01  0.0000E+00  0.5933E-01  0.0000E+00  0.5257E-02  0.0000E+00  0.2651E-01  0.0000E+00  0.4546E+01  0.0000E+00
     -1.274  0.0000E+00  0.0000E+00  0.0000E+00  0.0000E+00  0.0000E+00  0.0000E+00  0.0000E+00  0.0000E+00  0.0000E+00  0.0000E+00  0.0000E+00  0.0000E+00  0.0000E+00  0.0000E+00  0.0000E+00  0.0000E+00  0.0000E+00  0.0000E+00
     -1.264  0.0000E+00  0.3748E-05  0.0000E+00  0.3411E-05  0.0000E+00  0.1226E-07  0.0000E+00  0.1231E-05  0.0000E+00  0.1648E-03  0.0000E+00  0.3721E-03  0.0000E+00  0.4211E-04  0.0000E+00  0.1335E-03  0.0000E+00  0.5370E-03
     -1.254  0.0000E+00  0.1837E-04  0.0000E+00  0.1603E-04  0.0000E+00  0.6008E-07  0.0000E+00  0.5833E-05  0.0000E+00  0.7727E-03  0.0000E+00  0.1754E-02  0.0000E+00  0.2091E-03  0.0000E+00  0.6354E-03  0.0000E+00  0.2512E-02
     -1.244  0.0000E+00  0.3382E-04  0.0000E+00  0.2829E-04  0.0000E+00  0.1105E-06  0.0000E+00  0.1038E-04  0.0000E+00  0.1361E-02  0.0000E+00  0.3108E-02  0.0000E+00  0.3893E-03  0.0000E+00  0.1136E-02  0.0000E+00  0.4412E-02
     -1.234  0.0000E+00  0.5008E-04  0.0000E+00  0.4020E-04  0.0000E+00  0.1636E-06  0.0000E+00  0.1488E-04  0.0000E+00  0.1930E-02  0.0000E+00  0.4432E-02  0.0000E+00  0.5828E-03  0.0000E+00  0.1636E-02  0.0000E+00  0.6237E-02
     -1.224  0.7211E-03  0.6715E-04  0.5454E-03  0.5176E-04  0.3089E-05  0.2194E-06  0.1768E-03  0.1933E-04  0.3820E-01  0.2479E-02  0.3872E-01  0.5727E-02  0.6098E-02  0.7896E-03  0.1335E-01  0.2135E-02  0.1418E+00  0.7988E-02
     -1.214  0.2449E-02  0.8504E-04  0.1639E-02  0.6296E-04  0.1051E-04  0.2778E-06  0.5463E-03  0.2373E-04  0.1062E+00  0.3009E-02  0.1158E+00  0.6992E-02  0.2074E-01  0.1010E-02  0.4106E-01  0.2633E-02  0.3931E+00  0.9665E-02
     -1.204  0.4593E-02  0.1038E-03  0.2766E-02  0.7381E-04  0.1973E-04  0.3388E-06  0.9461E-03  0.2807E-04  0.1652E+00  0.3520E-02  0.1944E+00  0.8229E-02  0.3894E-01  0.1243E-02  0.7078E-01  0.3130E-02  0.6088E+00  0.1127E-01
     -1.194  0.6784E-02  0.1233E-03  0.2976E-02  0.8431E-04  0.2537E-04  0.4025E-06  0.1418E-02  0.3237E-04  0.1096E+00  0.4011E-02  0.2026E+00  0.9436E-02  0.5575E-01  0.1490E-02  0.1012E+00  0.3626E-02  0.3987E+00  0.1279E-01
     -1.184  0.1006E-01  0.1436E-03  0.3274E-02  0.9445E-04  0.3190E-04  0.4688E-06  0.1786E-02  0.3661E-04  0.8330E-01  0.4482E-02  0.2177E+00  0.1061E-01  0.7966E-01  0.1749E-02  0.1253E+00  0.4121E-02  0.3001E+00  0.1425E-01
     -1.174  0.1222E-01  0.1648E-03  0.3512E-02  0.1042E-03  0.3509E-04  0.5378E-06  0.1964E-02  0.4081E-04  0.7494E-01  0.4934E-02  0.2297E+00  0.1176E-01  0.9474E-01  0.2023E-02  0.1359E+00  0.4615E-02  0.2694E+00  0.1563E-01
     -1.164  0.1900E-01  0.1868E-03  0.5531E-02  0.1137E-03  0.6150E-04  0.6094E-06  0.5792E-02  0.4495E-04  0.7805E-01  0.5367E-02  0.3619E+00  0.1288E-01  0.1520E+00  0.2309E-02  0.4078E+00  0.5108E-02  0.2743E+00  0.1693E-01
     -1.154  0.7166E-01  0.2133E-03  0.1781E-01  0.1137E-03  0.2280E-03  0.7329E-06  0.2561E-01  0.5715E-04  0.1480E+00  0.5641E-02  0.1169E+01  0.1321E-01  0.5735E+00  0.2903E-02  0.1804E+01  0.6994E-02  0.4975E+00  0.1654E-01
     -1.144  0.7403E-01  0.2909E-03  0.1587E-01  0.1142E-03  0.1888E-03  0.1060E-05  0.1804E-01  0.7403E-04  0.1231E+00  0.5093E-02  0.1012E+01  0.1452E-01  0.5630E+00  0.4111E-02  0.1244E+01  0.1004E-01  0.4190E+00  0.1410E-01
     -1.134  0.8642E-01  0.2966E-03  0.1571E-01  0.1175E-03  0.1867E-03  0.1118E-05  0.1391E-01  0.7829E-04  0.1128E+00  0.5176E-02  0.9745E+00  0.1512E-01  0.6360E+00  0.4290E-02  0.9367E+00  0.1075E-01  0.3861E+00  0.1428E-01
     -1.124  0.7520E-01  0.3020E-03  0.1122E-01  0.1208E-03  0.1342E-03  0.1176E-05  0.8994E-02  0.8242E-04  0.5782E-01  0.5257E-02  0.6801E+00  0.1572E-01  0.5358E+00  0.4468E-02  0.5949E+00  0.1144E-01  0.1946E+00  0.1445E-01
     -1.114  0.3855E-01  0.3071E-03  0.7198E-02  0.1241E-03  0.6196E-04  0.1235E-05  0.4708E-02  0.8644E-04  0.2350E-01  0.5334E-02  0.4292E+00  0.1633E-01  0.2692E+00  0.4648E-02  0.3059E+00  0.1212E-01  0.8011E-01  0.1462E-01
     -1.104  0.4330E-02  0.3118E-03  0.2933E-02  0.1275E-03  0.7979E-05  0.1293E-05  0.1571E-02  0.9033E-04  0.4395E-02  0.5408E-02  0.1724E+00  0.1695E-01  0.3027E-01  0.4827E-02  0.9929E-01  0.1277E-01  0.1573E-01  0.1479E-01
     -1.094  0.1323E-03  0.3163E-03  0.3925E-03  0.1308E-03  0.2778E-06  0.1353E-05  0.1680E-03  0.9410E-04  0.3725E-03  0.5480E-02  0.2292E-01  0.1757E-01  0.8134E-03  0.5008E-02  0.1044E-01  0.1341E-01  0.1387E-02  0.1496E-01
     -1.084  0.0000E+00  0.3204E-03  0.0000E+00  0.1342E-03  0.0000E+00  0.1412E-05  0.0000E+00  0.9774E-04  0.0000E+00  0.5548E-02  0.0000E+00  0.1820E-01  0.0000E+00  0.5188E-02  0.0000E+00  0.1404E-01  0.0000E+00  0.1512E-01
     -1.074  0.0000E+00  0.3242E-03  0.0000E+00  0.1375E-03  0.0000E+00  0.1472E-05  0.0000E+00  0.1013E-03  0.0000E+00  0.5613E-02  0.0000E+00  0.1883E-01  0.0000E+00  0.5369E-02  0.0000E+00  0.1465E-01  0.0000E+00  0.1529E-01
     -1.064  0.0000E+00  0.3282E-03  0.0000E+00  0.1410E-03  0.0000E+00  0.1536E-05  0.0000E+00  0.1056E-03  0.0000E+00  0.5700E-02  0.0000E+00  0.1949E-01  0.0000E+00  0.5567E-02  0.0000E+00  0.1538E-01  0.0000E+00  0.1547E-01
     -1.054  0.0000E+00  0.3798E-03  0.0000E+00  0.1592E-03  0.0000E+00  0.2006E-05  0.0000E+00  0.2049E-03  0.0000E+00  0.8213E-02  0.0000E+00  0.2248E-01  0.0000E+00  0.7380E-02  0.0000E+00  0.3094E-01  0.0000E+00  0.1674E-01
     -1.044  0.0000E+00  0.6518E-03  0.0000E+00  0.2649E-03  0.0000E+00  0.3310E-05  0.0000E+00  0.3567E-03  0.0000E+00  0.1110E-01  0.0000E+00  0.3903E-01  0.0000E+00  0.1134E-01  0.0000E+00  0.5548E-01  0.0000E+00  0.2259E-01
     -1.034  0.0000E+00  0.1446E-02  0.0000E+00  0.8179E-03  0.0000E+00  0.8376E-05  0.0000E+00  0.1483E-02  0.0000E+00  0.3374E-01  0.0000E+00  0.1271E+00  0.0000E+00  0.2762E-01  0.0000E+00  0.2382E+00  0.0000E+00  0.5776E-01
     -1.024  0.3633E+01  0.2150E-02  0.1827E-01  0.1283E-02  0.2631E-03  0.1220E-04  0.5590E-01  0.1957E-02  0.9646E-02  0.4456E-01  0.9838E+00  0.2009E+00  0.1923E+02  0.3841E-01  0.3114E+01  0.3181E+00  0.1386E-01  0.9155E-01
     -1.014  0.6862E+00  0.8205E-03  0.1215E-01  0.4893E-03  0.3487E-04  0.5767E-05  0.1690E-01  0.5337E-03  0.2075E-02  0.1589E-01  0.6298E+00  0.7682E-01  0.3488E+01  0.1792E-01  0.9327E+00  0.8727E-01  0.4493E-02  0.3971E-01
     -1.004  0.1362E+00  0.6028E-03  0.1232E-02  0.3613E-03  0.7612E-05  0.4618E-05  0.3048E-02  0.3865E-03  0.5912E-03  0.1158E-01  0.6436E-01  0.5747E-01  0.6729E+00  0.1400E-01  0.1651E+00  0.6337E-01  0.5214E-03  0.2888E-01
     -0.994  0.0000E+00  0.4635E-03  0.0000E+00  0.2761E-03  0.0000E+00  0.3599E-05  0.0000E+00  0.2775E-03  0.0000E+00  0.8514E-02  0.0000E+00  0.4408E-01  0.0000E+00  0.1079E-01  0.0000E+00  0.4556E-01  0.0000E+00  0.2214E-01
     -0.984  0.0000E+00  0.3258E-03  0.0000E+00  0.1910E-03  0.0000E+00  0.2530E-05  0.0000E+00  0.1742E-03  0.0000E+00  0.5482E-02  0.0000E+00  0.3064E-01  0.0000E+00  0.7467E-02  0.0000E+00  0.2866E-01  0.0000E+00  0.1529E-01
     -0.974  0.0000E+00  0.1898E-03  0.0000E+00  0.1058E-03  0.0000E+00  0.1410E-05  0.0000E+00  0.7667E-04  0.0000E+00  0.2488E-02  0.0000E+00  0.1713E-01  0.0000E+00  0.4028E-02  0.0000E+00  0.1265E-01  0.0000E+00  0.8309E-02
     -0.964  0.0000E+00  0.7340E-04  0.0000E+00  0.2797E-04  0.0000E+00  0.5471E-06  0.0000E+00  0.1284E-04  0.0000E+00  0.5421E-03  0.0000E+00  0.4704E-02  0.0000E+00  0.1515E-02  0.0000E+00  0.2174E-02  0.0000E+00  0.2645E-02
     -0.954  0.0000E+00  0.0000E+00  0.0000E+00  0.0000E+00  0.0000E+00  0.0000E+00  0.0000E+00  0.0000E+00  0.0000E+00  0.0000E+00  0.0000E+00  0.0000E+00  0.0000E+00  0.0000E+00  0.0000E+00  0.0000E+00  0.0000E+00  0.0000E+00
     -0.944  0.0000E+00  0.0000E+00  0.0000E+00  0.0000E+00  0.0000E+00  0.0000E+00  0.0000E+00  0.0000E+00  0.0000E+00  0.0000E+00  0.0000E+00  0.0000E+00  0.0000E+00  0.0000E+00  0.0000E+00  0.0000E+00  0.0000E+00  0.0000E+00
     -0.934  0.0000E+00  0.0000E+00  0.0000E+00  0.0000E+00  0.0000E+00  0.0000E+00  0.0000E+00  0.0000E+00  0.0000E+00  0.0000E+00  0.0000E+00  0.0000E+00  0.0000E+00  0.0000E+00  0.0000E+00  0.0000E+00  0.0000E+00  0.0000E+00
     -0.924  0.0000E+00  0.0000E+00  0.0000E+00  0.0000E+00  0.0000E+00  0.0000E+00  0.0000E+00  0.0000E+00  0.0000E+00  0.0000E+00  0.0000E+00  0.0000E+00  0.0000E+00  0.0000E+00  0.0000E+00  0.0000E+00  0.0000E+00  0.0000E+00
     -0.914  0.0000E+00  0.0000E+00  0.0000E+00  0.0000E+00  0.0000E+00  0.0000E+00  0.0000E+00  0.0000E+00  0.0000E+00  0.0000E+00  0.0000E+00  0.0000E+00  0.0000E+00  0.0000E+00  0.0000E+00  0.0000E+00  0.0000E+00  0.0000E+00
     -0.904  0.0000E+00  0.0000E+00  0.0000E+00  0.0000E+00  0.0000E+00  0.0000E+00  0.0000E+00  0.0000E+00  0.0000E+00  0.0000E+00  0.0000E+00  0.0000E+00  0.0000E+00  0.0000E+00  0.0000E+00  0.0000E+00  0.0000E+00  0.0000E+00
     -0.894  0.0000E+00  0.0000E+00  0.0000E+00  0.0000E+00  0.0000E+00  0.0000E+00  0.0000E+00  0.0000E+00  0.0000E+00  0.0000E+00  0.0000E+00  0.0000E+00  0.0000E+00  0.0000E+00  0.0000E+00  0.0000E+00  0.0000E+00  0.0000E+00
     -0.884  0.0000E+00  0.0000E+00  0.0000E+00  0.0000E+00  0.0000E+00  0.0000E+00  0.0000E+00  0.0000E+00  0.0000E+00  0.0000E+00  0.0000E+00  0.0000E+00  0.0000E+00  0.0000E+00  0.0000E+00  0.0000E+00  0.0000E+00  0.0000E+00
     -0.874  0.0000E+00  0.0000E+00  0.0000E+00  0.0000E+00  0.0000E+00  0.0000E+00  0.0000E+00  0.0000E+00  0.0000E+00  0.0000E+00  0.0000E+00  0.0000E+00  0.0000E+00  0.0000E+00  0.0000E+00  0.0000E+00  0.0000E+00  0.0000E+00
     -0.864  0.0000E+00  0.0000E+00  0.0000E+00  0.0000E+00  0.0000E+00  0.0000E+00  0.0000E+00  0.0000E+00  0.0000E+00  0.0000E+00  0.0000E+00  0.0000E+00  0.0000E+00  0.0000E+00  0.0000E+00  0.0000E+00  0.0000E+00  0.0000E+00
     -0.854  0.9431E-01  0.0000E+00  0.3832E-01  0.0000E+00  0.5518E-03  0.0000E+00  0.4794E-01  0.0000E+00  0.1597E-02  0.0000E+00  0.1401E+01  0.0000E+00  0.2979E+00  0.0000E+00  0.1863E+01  0.0000E+00  0.4257E-02  0.0000E+00
     -0.844  0.9879E-01  0.0000E+00  0.3997E-01  0.0000E+00  0.6078E-03  0.0000E+00  0.5195E-01  0.0000E+00  0.1614E-02  0.0000E+00  0.1440E+01  0.0000E+00  0.3089E+00  0.0000E+00  0.1993E+01  0.0000E+00  0.3614E-02  0.0000E+00
     -0.834  0.6109E-01  0.0000E+00  0.3445E-01  0.0000E+00  0.4155E-03  0.0000E+00  0.3757E-01  0.0000E+00  0.1176E-02  0.0000E+00  0.1217E+01  0.0000E+00  0.1869E+00  0.0000E+00  0.1415E+01  0.0000E+00  0.2494E-02  0.0000E+00
     -0.824  0.4604E-01  0.0000E+00  0.3277E-01  0.0000E+00  0.3395E-03  0.0000E+00  0.3221E-01  0.0000E+00  0.9860E-03  0.0000E+00  0.1142E+01  0.0000E+00  0.1382E+00  0.0000E+00  0.1196E+01  0.0000E+00  0.2001E-02  0.0000E+00
     -0.814  0.3474E-01  0.0000E+00  0.3773E-01  0.0000E+00  0.2830E-03  0.0000E+00  0.3042E-01  0.0000E+00  0.8956E-03  0.0000E+00  0.1286E+01  0.0000E+00  0.1016E+00  0.0000E+00  0.1104E+01  0.0000E+00  0.1818E-02  0.0000E+00
     -0.804  0.2855E-01  0.0000E+00  0.4422E-01  0.0000E+00  0.2540E-03  0.0000E+00  0.3097E-01  0.0000E+00  0.8868E-03  0.0000E+00  0.1486E+01  0.0000E+00  0.8141E-01  0.0000E+00  0.1104E+01  0.0000E+00  0.1887E-02  0.0000E+00
     -0.794  0.2242E-01  0.0000E+00  0.3951E-01  0.0000E+00  0.2097E-03  0.0000E+00  0.2588E-01  0.0000E+00  0.9254E-03  0.0000E+00  0.1307E+01  0.0000E+00  0.6291E-01  0.0000E+00  0.9076E+00  0.0000E+00  0.2005E-02  0.0000E+00
     -0.784  0.1746E-01  0.0000E+00  0.3139E-01  0.0000E+00  0.1727E-03  0.0000E+00  0.1996E-01  0.0000E+00  0.9766E-03  0.0000E+00  0.1017E+01  0.0000E+00  0.4801E-01  0.0000E+00  0.6865E+00  0.0000E+00  0.2065E-02  0.0000E+00
     -0.774  0.1456E-01  0.0000E+00  0.3207E-01  0.0000E+00  0.1595E-03  0.0000E+00  0.1925E-01  0.0000E+00  0.1045E-02  0.0000E+00  0.1027E+01  0.0000E+00  0.3852E-01  0.0000E+00  0.6519E+00  0.0000E+00  0.2226E-02  0.0000E+00
     -0.764  0.8478E-02  0.0000E+00  0.2931E-01  0.0000E+00  0.1492E-03  0.0000E+00  0.1731E-01  0.0000E+00  0.1199E-02  0.0000E+00  0.9234E+00  0.0000E+00  0.1835E-01  0.0000E+00  0.5597E+00  0.0000E+00  0.2208E-02  0.0000E+00
     -0.754  0.7570E-02  0.0000E+00  0.2542E-01  0.0000E+00  0.1461E-03  0.0000E+00  0.1574E-01  0.0000E+00  0.1212E-02  0.0000E+00  0.7936E+00  0.0000E+00  0.1575E-01  0.0000E+00  0.5023E+00  0.0000E+00  0.2115E-02  0.0000E+00
     -0.744  0.6767E-02  0.0000E+00  0.2140E-01  0.0000E+00  0.1445E-03  0.0000E+00  0.1421E-01  0.0000E+00  0.1213E-02  0.0000E+00  0.6608E+00  0.0000E+00  0.1341E-01  0.0000E+00  0.4469E+00  0.0000E+00  0.1980E-02  0.0000E+00
     -0.734  0.6138E-02  0.0000E+00  0.1227E-01  0.0000E+00  0.1520E-03  0.0000E+00  0.1160E-01  0.0000E+00  0.1095E-02  0.0000E+00  0.3737E+00  0.0000E+00  0.1142E-01  0.0000E+00  0.3560E+00  0.0000E+00  0.1298E-02  0.0000E+00
     -0.724  0.5542E-02  0.0000E+00  0.1116E-01  0.0000E+00  0.1469E-03  0.0000E+00  0.1099E-01  0.0000E+00  0.1068E-02  0.0000E+00  0.3386E+00  0.0000E+00  0.9948E-02  0.0000E+00  0.3345E+00  0.0000E+00  0.1213E-02  0.0000E+00
     -0.714  0.4952E-02  0.0000E+00  0.1008E-01  0.0000E+00  0.1411E-03  0.0000E+00  0.1036E-01  0.0000E+00  0.1036E-02  0.0000E+00  0.3043E+00  0.0000E+00  0.8517E-02  0.0000E+00  0.3124E+00  0.0000E+00  0.1127E-02  0.0000E+00
     -0.704  0.4365E-02  0.0000E+00  0.9016E-02  0.0000E+00  0.1346E-03  0.0000E+00  0.9709E-02  0.0000E+00  0.9989E-03  0.0000E+00  0.2707E+00  0.0000E+00  0.7131E-02  0.0000E+00  0.2898E+00  0.0000E+00  0.1041E-02  0.0000E+00
     -0.694  0.3784E-02  0.0000E+00  0.7973E-02  0.0000E+00  0.1274E-03  0.0000E+00  0.9028E-02  0.0000E+00  0.9574E-03  0.0000E+00  0.2378E+00  0.0000E+00  0.5791E-02  0.0000E+00  0.2665E+00  0.0000E+00  0.9534E-03  0.0000E+00
     -0.684  0.6389E-02  0.0000E+00  0.1122E+00  0.0000E+00  0.2146E-03  0.0000E+00  0.4626E-01  0.0000E+00  0.1046E-01  0.0000E+00  0.3099E+01  0.0000E+00  0.9492E-02  0.0000E+00  0.1302E+01  0.0000E+00  0.3278E-01  0.0000E+00
     -0.674  0.8167E-02  0.0000E+00  0.6938E-01  0.0000E+00  0.2946E-03  0.0000E+00  0.3538E-01  0.0000E+00  0.7060E-02  0.0000E+00  0.1892E+01  0.0000E+00  0.1126E-01  0.0000E+00  0.9859E+00  0.0000E+00  0.2002E-01  0.0000E+00
     -0.664  0.9297E-02  0.0000E+00  0.5884E-01  0.0000E+00  0.3597E-03  0.0000E+00  0.3443E-01  0.0000E+00  0.6404E-02  0.0000E+00  0.1580E+01  0.0000E+00  0.1214E-01  0.0000E+00  0.9462E+00  0.0000E+00  0.1737E-01  0.0000E+00
     -0.654  0.1281E-01  0.0000E+00  0.7259E-01  0.0000E+00  0.5008E-03  0.0000E+00  0.4341E-01  0.0000E+00  0.8059E-02  0.0000E+00  0.1923E+01  0.0000E+00  0.1659E-01  0.0000E+00  0.1178E+01  0.0000E+00  0.2221E-01  0.0000E+00
     -0.644  0.1313E-01  0.0000E+00  0.7049E-01  0.0000E+00  0.5318E-03  0.0000E+00  0.4367E-01  0.0000E+00  0.7898E-02  0.0000E+00  0.1849E+01  0.0000E+00  0.1658E-01  0.0000E+00  0.1175E+01  0.0000E+00  0.2175E-01  0.0000E+00
     -0.634  0.1149E-01  0.0000E+00  0.5225E-01  0.0000E+00  0.5155E-03  0.0000E+00  0.3877E-01  0.0000E+00  0.6336E-02  0.0000E+00  0.1351E+01  0.0000E+00  0.1360E-01  0.0000E+00  0.1025E+01  0.0000E+00  0.1619E-01  0.0000E+00
     -0.624  0.1044E-01  0.0000E+00  0.4877E-01  0.0000E+00  0.5099E-03  0.0000E+00  0.3900E-01  0.0000E+00  0.5948E-02  0.0000E+00  0.1247E+01  0.0000E+00  0.1160E-01  0.0000E+00  0.1020E+01  0.0000E+00  0.1461E-01  0.0000E+00
     -0.614  0.9617E-02  0.0000E+00  0.4362E-01  0.0000E+00  0.5343E-03  0.0000E+00  0.4102E-01  0.0000E+00  0.5562E-02  0.0000E+00  0.1099E+01  0.0000E+00  0.9613E-02  0.0000E+00  0.1058E+01  0.0000E+00  0.1227E-01  0.0000E+00
     -0.604  0.8057E-02  0.0000E+00  0.3423E-01  0.0000E+00  0.5102E-03  0.0000E+00  0.3897E-01  0.0000E+00  0.4747E-02  0.0000E+00  0.8539E+00  0.0000E+00  0.7067E-02  0.0000E+00  0.9948E+00  0.0000E+00  0.9102E-02  0.0000E+00
     -0.594  0.7034E-02  0.0000E+00  0.2824E-01  0.0000E+00  0.4784E-03  0.0000E+00  0.3654E-01  0.0000E+00  0.4191E-02  0.0000E+00  0.7011E+00  0.0000E+00  0.5712E-02  0.0000E+00  0.9272E+00  0.0000E+00  0.7211E-02  0.0000E+00
     -0.584  0.6039E-02  0.0000E+00  0.2276E-01  0.0000E+00  0.4427E-03  0.0000E+00  0.3378E-01  0.0000E+00  0.3639E-02  0.0000E+00  0.5620E+00  0.0000E+00  0.4472E-02  0.0000E+00  0.8516E+00  0.0000E+00  0.5489E-02  0.0000E+00
     -0.574  0.5036E-02  0.0000E+00  0.1752E-01  0.0000E+00  0.4038E-03  0.0000E+00  0.3081E-01  0.0000E+00  0.3088E-02  0.0000E+00  0.4295E+00  0.0000E+00  0.3267E-02  0.0000E+00  0.7714E+00  0.0000E+00  0.3861E-02  0.0000E+00
     -0.564  0.2687E-02  0.4901E-03  0.7894E-02  0.6419E-05  0.2592E-03  0.1145E-05  0.2048E-01  0.4484E-04  0.1852E-02  0.3962E-02  0.1911E+00  0.4634E-02  0.1173E-02  0.4171E-02  0.5075E+00  0.2701E-01  0.1332E-02  0.8316E-03
     -0.554  0.0000E+00  0.9993E-03  0.0000E+00  0.1322E-04  0.0000E+00  0.2098E-05  0.0000E+00  0.7942E-04  0.0000E+00  0.6641E-02  0.0000E+00  0.9686E-02  0.0000E+00  0.7995E-02  0.0000E+00  0.4974E-01  0.0000E+00  0.1493E-02
     -0.544  0.0000E+00  0.1564E-02  0.0000E+00  0.2099E-04  0.0000E+00  0.3110E-05  0.0000E+00  0.1143E-03  0.0000E+00  0.9238E-02  0.0000E+00  0.1549E-01  0.0000E+00  0.1210E-01  0.0000E+00  0.7336E-01  0.0000E+00  0.2244E-02
     -0.534  0.0000E+00  0.4105E-02  0.0000E+00  0.6186E-04  0.0000E+00  0.5701E-05  0.0000E+00  0.2408E-03  0.0000E+00  0.1649E-01  0.0000E+00  0.4622E-01  0.0000E+00  0.2747E-01  0.0000E+00  0.1645E+00  0.0000E+00  0.5566E-02
     -0.524  0.0000E+00  0.8433E-02  0.0000E+00  0.1559E-03  0.0000E+00  0.1322E-04  0.0000E+00  0.4146E-03  0.0000E+00  0.2371E-01  0.0000E+00  0.1158E+00  0.0000E+00  0.5743E-01  0.0000E+00  0.2987E+00  0.0000E+00  0.1914E-01
     -0.514  0.0000E+00  0.4510E-02  0.0000E+00  0.8255E-04  0.0000E+00  0.1737E-04  0.0000E+00  0.1817E-03  0.0000E+00  0.1250E-01  0.0000E+00  0.6095E-01  0.0000E+00  0.4118E-01  0.0000E+00  0.1342E+00  0.0000E+00  0.1623E-01
     -0.504  0.0000E+00  0.2848E-02  0.0000E+00  0.6238E-04  0.0000E+00  0.1241E-04  0.0000E+00  0.1129E-03  0.0000E+00  0.7637E-02  0.0000E+00  0.4551E-01  0.0000E+00  0.2726E-01  0.0000E+00  0.8419E-01  0.0000E+00  0.1353E-01
     -0.494  0.0000E+00  0.2088E-02  0.0000E+00  0.5174E-04  0.0000E+00  0.1026E-04  0.0000E+00  0.7805E-04  0.0000E+00  0.5074E-02  0.0000E+00  0.3780E-01  0.0000E+00  0.2082E-01  0.0000E+00  0.5979E-01  0.0000E+00  0.1162E-01
     -0.484  0.0000E+00  0.1522E-02  0.0000E+00  0.4174E-04  0.0000E+00  0.8953E-05  0.0000E+00  0.5358E-04  0.0000E+00  0.3405E-02  0.0000E+00  0.3058E-01  0.0000E+00  0.1629E-01  0.0000E+00  0.4229E-01  0.0000E+00  0.9851E-02
     -0.474  0.0000E+00  0.1095E-02  0.0000E+00  0.3274E-04  0.0000E+00  0.7630E-05  0.0000E+00  0.3935E-04  0.0000E+00  0.2384E-02  0.0000E+00  0.2413E-01  0.0000E+00  0.1248E-01  0.0000E+00  0.3130E-01  0.0000E+00  0.8132E-02
     -0.464  0.0000E+00  0.7679E-03  0.0000E+00  0.2231E-04  0.0000E+00  0.5330E-05  0.0000E+00  0.2698E-04  0.0000E+00  0.1435E-02  0.0000E+00  0.1693E-01  0.0000E+00  0.8711E-02  0.0000E+00  0.2187E-01  0.0000E+00  0.5467E-02
     -0.454  0.0000E+00  0.5017E-03  0.0000E+00  0.1425E-04  0.0000E+00  0.4101E-05  0.0000E+00  0.1714E-04  0.0000E+00  0.8492E-03  0.0000E+00  0.1100E-01  0.0000E+00  0.6134E-02  0.0000E+00  0.1416E-01  0.0000E+00  0.3726E-02
     -0.444  0.8243E-05  0.1916E-03  0.6231E-05  0.5176E-05  0.5427E-06  0.1791E-05  0.7212E-05  0.6375E-05  0.1106E-05  0.2916E-03  0.1169E-03  0.4064E-02  0.7669E-05  0.2489E-02  0.1394E-03  0.5371E-02  0.1008E-05  0.1462E-02
     -0.434  0.3121E-03  0.0000E+00  0.2444E-03  0.0000E+00  0.2122E-04  0.0000E+00  0.3017E-03  0.0000E+00  0.4741E-04  0.0000E+00  0.4573E-02  0.0000E+00  0.2856E-03  0.0000E+00  0.5823E-02  0.0000E+00  0.4184E-04  0.0000E+00
     -0.424  0.6074E-03  0.0000E+00  0.4925E-03  0.0000E+00  0.4265E-04  0.0000E+00  0.6443E-03  0.0000E+00  0.1034E-03  0.0000E+00  0.9192E-02  0.0000E+00  0.5461E-03  0.0000E+00  0.1242E-01  0.0000E+00  0.8878E-04  0.0000E+00
     -0.414  0.9445E-03  0.4290E-04  0.8972E-03  0.3983E-06  0.6770E-04  0.1184E-06  0.1420E-02  0.6000E-06  0.2628E-03  0.7679E-04  0.1675E-01  0.5525E-03  0.8699E-03  0.3151E-03  0.2737E-01  0.9463E-03  0.1575E-03  0.5507E-03
     -0.404  0.1634E-02  0.2053E-03  0.2240E-02  0.1929E-05  0.1156E-03  0.6053E-06  0.4744E-02  0.2849E-05  0.1044E-02  0.3902E-03  0.4191E-01  0.2702E-02  0.1708E-02  0.1565E-02  0.9116E-01  0.4500E-02  0.3567E-03  0.2575E-02
     -0.394  0.2400E-02  0.3903E-03  0.3544E-02  0.3703E-05  0.1713E-03  0.1214E-05  0.7960E-02  0.5377E-05  0.1813E-02  0.7790E-03  0.6607E-01  0.5232E-02  0.2545E-02  0.3068E-02  0.1524E+00  0.8505E-02  0.5906E-03  0.4794E-02
     -0.384  0.4448E-02  0.6962E-03  0.5302E-02  0.5892E-05  0.3499E-03  0.1809E-05  0.1304E-01  0.1352E-04  0.2989E-02  0.1618E-02  0.9691E-01  0.9034E-02  0.3994E-02  0.5192E-02  0.2450E+00  0.2156E-01  0.1260E-02  0.6458E-02
     -0.374  0.2946E-02  0.1261E-02  0.3889E-02  0.8645E-05  0.2452E-03  0.2308E-05  0.7844E-02  0.3703E-04  0.1688E-02  0.3860E-02  0.6999E-01  0.1431E-01  0.2557E-02  0.8444E-02  0.1450E+00  0.5763E-01  0.7601E-03  0.7555E-02
     -0.364  0.3266E-02  0.2291E-02  0.4485E-02  0.1427E-04  0.2835E-03  0.2886E-05  0.8433E-02  0.7107E-04  0.1766E-02  0.6703E-02  0.8000E-01  0.2491E-01  0.2698E-02  0.1370E-01  0.1544E+00  0.1153E+00  0.7926E-03  0.9883E-02
     -0.354  0.4047E-02  0.1997E-02  0.6477E-02  0.1218E-04  0.3784E-03  0.2736E-05  0.1286E-01  0.5844E-04  0.2382E-02  0.5610E-02  0.1135E+00  0.2159E-01  0.3593E-02  0.1198E-01  0.2300E+00  0.9687E-01  0.1004E-02  0.9077E-02
     -0.344  0.1822E-02  0.1711E-02  0.6652E-02  0.9857E-05  0.8545E-04  0.3401E-05  0.1339E-01  0.4606E-04  0.2687E-02  0.4572E-02  0.1158E+00  0.1815E-01  0.3712E-02  0.1073E-01  0.2378E+00  0.7869E-01  0.8917E-03  0.8718E-02
     -0.334  0.8656E-03  0.1588E-02  0.3841E-02  0.8531E-05  0.1369E-04  0.3936E-05  0.9685E-02  0.3592E-04  0.1976E-02  0.3873E-02  0.6689E-01  0.1643E-01  0.2517E-02  0.1014E-01  0.1706E+00  0.6689E-01  0.4626E-03  0.1080E-01
     -0.324  0.0000E+00  0.1626E-02  0.0000E+00  0.7550E-05  0.0000E+00  0.1560E-05  0.0000E+00  0.2933E-04  0.0000E+00  0.2364E-02  0.0000E+00  0.1580E-01  0.0000E+00  0.7568E-02  0.0000E+00  0.6558E-01  0.0000E+00  0.1148E-01
     -0.314  0.0000E+00  0.2373E-02  0.0000E+00  0.3644E-04  0.0000E+00  0.1331E-05  0.0000E+00  0.5223E-04  0.0000E+00  0.2717E-02  0.0000E+00  0.8801E-01  0.0000E+00  0.1014E-01  0.0000E+00  0.1377E+00  0.0000E+00  0.3220E-01
     -0.304  0.9813E-03  0.4208E-02  0.1876E-02  0.4026E-04  0.5313E-04  0.4274E-05  0.3457E-02  0.9725E-04  0.4633E-03  0.1621E-01  0.3088E-01  0.1103E+00  0.1390E-02  0.2125E-01  0.5835E-01  0.2704E+00  0.6355E-03  0.4323E-01
     -0.294  0.1302E-02  0.8830E-02  0.2072E-02  0.5812E-04  0.7985E-04  0.1193E-04  0.3765E-02  0.1611E-03  0.5502E-03  0.2612E-01  0.3392E-01  0.1715E+00  0.1634E-02  0.4437E-01  0.6319E-01  0.4695E+00  0.7416E-03  0.5724E-01
     -0.284  0.1710E-02  0.5080E-02  0.1762E-02  0.3072E-04  0.1452E-03  0.9252E-05  0.2824E-02  0.7009E-04  0.4652E-03  0.1762E-01  0.2832E-01  0.9490E-01  0.1445E-02  0.3095E-01  0.4655E-01  0.2314E+00  0.6090E-03  0.5046E-01
     -0.274  0.2369E-02  0.3421E-02  0.1680E-02  0.1931E-04  0.2406E-03  0.7632E-05  0.2573E-02  0.3979E-04  0.4229E-03  0.1720E-01  0.2637E-01  0.6375E-01  0.1472E-02  0.2209E-01  0.4141E-01  0.1418E+00  0.7046E-03  0.5621E-01
     -0.264  0.2588E-02  0.2361E-02  0.1306E-02  0.1295E-04  0.2579E-03  0.6074E-05  0.3025E-02  0.2396E-04  0.4572E-03  0.1774E-01  0.2008E-01  0.4690E-01  0.1794E-02  0.1603E-01  0.4796E-01  0.9309E-01  0.9831E-03  0.6165E-01
     -0.254  0.1542E-02  0.2285E-02  0.1124E-02  0.1051E-04  0.1349E-03  0.7027E-05  0.3402E-02  0.1835E-04  0.4408E-03  0.1893E-01  0.1708E-01  0.4171E-01  0.1565E-02  0.1624E-01  0.5386E-01  0.7575E-01  0.1143E-02  0.6855E-01
     -0.244  0.0000E+00  0.2232E-02  0.0000E+00  0.8125E-05  0.0000E+00  0.7900E-05  0.0000E+00  0.1475E-04  0.0000E+00  0.2053E-01  0.0000E+00  0.3634E-01  0.0000E+00  0.1658E-01  0.0000E+00  0.6431E-01  0.0000E+00  0.7423E-01
     -0.234  0.0000E+00  0.2080E-02  0.0000E+00  0.7413E-05  0.0000E+00  0.7516E-05  0.0000E+00  0.1323E-04  0.0000E+00  0.2121E-01  0.0000E+00  0.3441E-01  0.0000E+00  0.1555E-01  0.0000E+00  0.5926E-01  0.0000E+00  0.7711E-01
     -0.224  0.0000E+00  0.1931E-02  0.0000E+00  0.6775E-05  0.0000E+00  0.7102E-05  0.0000E+00  0.1181E-04  0.0000E+00  0.2182E-01  0.0000E+00  0.3263E-01  0.0000E+00  0.1451E-01  0.0000E+00  0.5453E-01  0.0000E+00  0.7980E-01
     -0.214  0.0000E+00  0.1779E-02  0.0000E+00  0.6145E-05  0.0000E+00  0.6657E-05  0.0000E+00  0.1044E-04  0.0000E+00  0.2238E-01  0.0000E+00  0.3079E-01  0.0000E+00  0.1343E-01  0.0000E+00  0.4992E-01  0.0000E+00  0.8227E-01
     -0.204  0.0000E+00  0.1624E-02  0.0000E+00  0.5523E-05  0.0000E+00  0.6179E-05  0.0000E+00  0.9127E-05  0.0000E+00  0.2288E-01  0.0000E+00  0.2892E-01  0.0000E+00  0.1233E-01  0.0000E+00  0.4544E-01  0.0000E+00  0.8454E-01
     -0.194  0.0000E+00  0.1467E-02  0.0000E+00  0.4908E-05  0.0000E+00  0.5670E-05  0.0000E+00  0.7865E-05  0.0000E+00  0.2333E-01  0.0000E+00  0.2700E-01  0.0000E+00  0.1119E-01  0.0000E+00  0.4108E-01  0.0000E+00  0.8660E-01
     -0.184  0.0000E+00  0.1308E-02  0.0000E+00  0.4302E-05  0.0000E+00  0.5128E-05  0.0000E+00  0.6656E-05  0.0000E+00  0.2372E-01  0.0000E+00  0.2503E-01  0.0000E+00  0.1002E-01  0.0000E+00  0.3685E-01  0.0000E+00  0.8845E-01
     -0.174  0.0000E+00  0.1147E-02  0.0000E+00  0.3704E-05  0.0000E+00  0.4554E-05  0.0000E+00  0.5500E-05  0.0000E+00  0.2405E-01  0.0000E+00  0.2302E-01  0.0000E+00  0.8819E-02  0.0000E+00  0.3275E-01  0.0000E+00  0.9009E-01
     -0.164  0.0000E+00  0.8365E-03  0.0000E+00  0.2941E-05  0.0000E+00  0.2948E-05  0.0000E+00  0.4319E-05  0.0000E+00  0.2872E-01  0.0000E+00  0.2118E-01  0.0000E+00  0.6133E-02  0.0000E+00  0.2952E-01  0.0000E+00  0.1091E+00
     -0.154  0.0000E+00  0.7358E-03  0.0000E+00  0.2579E-05  0.0000E+00  0.2562E-05  0.0000E+00  0.3806E-05  0.0000E+00  0.2686E-01  0.0000E+00  0.1908E-01  0.0000E+00  0.5371E-02  0.0000E+00  0.2657E-01  0.0000E+00  0.1022E+00
     -0.144  0.0000E+00  0.6383E-03  0.0000E+00  0.2230E-05  0.0000E+00  0.2194E-05  0.0000E+00  0.3308E-05  0.0000E+00  0.2473E-01  0.0000E+00  0.1696E-01  0.0000E+00  0.4638E-02  0.0000E+00  0.2358E-01  0.0000E+00  0.9420E-01
     -0.134  0.0000E+00  0.5439E-03  0.0000E+00  0.1894E-05  0.0000E+00  0.1844E-05  0.0000E+00  0.2825E-05  0.0000E+00  0.2234E-01  0.0000E+00  0.1481E-01  0.0000E+00  0.3933E-02  0.0000E+00  0.2057E-01  0.0000E+00  0.8521E-01
     -0.124  0.0000E+00  0.4527E-03  0.0000E+00  0.1570E-05  0.0000E+00  0.1513E-05  0.0000E+00  0.2356E-05  0.0000E+00  0.1969E-01  0.0000E+00  0.1264E-01  0.0000E+00  0.3257E-02  0.0000E+00  0.1754E-01  0.0000E+00  0.7519E-01
     -0.114  0.0000E+00  0.3646E-03  0.0000E+00  0.1260E-05  0.0000E+00  0.1201E-05  0.0000E+00  0.1901E-05  0.0000E+00  0.1678E-01  0.0000E+00  0.1044E-01  0.0000E+00  0.2610E-02  0.0000E+00  0.1447E-01  0.0000E+00  0.6413E-01
     -0.104  0.0000E+00  0.2796E-03  0.0000E+00  0.9629E-06  0.0000E+00  0.9067E-06  0.0000E+00  0.1462E-05  0.0000E+00  0.1360E-01  0.0000E+00  0.8214E-02  0.0000E+00  0.1991E-02  0.0000E+00  0.1138E-01  0.0000E+00  0.5205E-01
     -0.094  0.0000E+00  0.1979E-03  0.0000E+00  0.6786E-06  0.0000E+00  0.6310E-06  0.0000E+00  0.1037E-05  0.0000E+00  0.1017E-01  0.0000E+00  0.5966E-02  0.0000E+00  0.1401E-02  0.0000E+00  0.8253E-02  0.0000E+00  0.3894E-01
     -0.084  0.0000E+00  0.1193E-03  0.0000E+00  0.4073E-06  0.0000E+00  0.3736E-06  0.0000E+00  0.6264E-06  0.0000E+00  0.6467E-02  0.0000E+00  0.3692E-02  0.0000E+00  0.8393E-03  0.0000E+00  0.5102E-02  0.0000E+00  0.2479E-01
     -0.074  0.0000E+00  0.4382E-04  0.0000E+00  0.1490E-06  0.0000E+00  0.1347E-06  0.0000E+00  0.2307E-06  0.0000E+00  0.2506E-02  0.0000E+00  0.1393E-02  0.0000E+00  0.3064E-03  0.0000E+00  0.1924E-02  0.0000E+00  0.9616E-02
     -0.064  0.4251E-04  0.0000E+00  0.1911E-03  0.0000E+00  0.7205E-05  0.0000E+00  0.4112E-03  0.0000E+00  0.1689E-04  0.0000E+00  0.2035E-02  0.0000E+00  0.3674E-04  0.0000E+00  0.4567E-02  0.0000E+00  0.2550E-04  0.0000E+00
     -0.054  0.1877E-03  0.0000E+00  0.8996E-03  0.0000E+00  0.3409E-04  0.0000E+00  0.1909E-02  0.0000E+00  0.8913E-04  0.0000E+00  0.9571E-02  0.0000E+00  0.1740E-03  0.0000E+00  0.2118E-01  0.0000E+00  0.1264E-03  0.0000E+00
     -0.044  0.2658E-03  0.0000E+00  0.1942E-02  0.0000E+00  0.6166E-04  0.0000E+00  0.4338E-02  0.0000E+00  0.2739E-03  0.0000E+00  0.2071E-01  0.0000E+00  0.4241E-03  0.0000E+00  0.4769E-01  0.0000E+00  0.2958E-03  0.0000E+00
     -0.034  0.3416E-03  0.0000E+00  0.3078E-02  0.0000E+00  0.9096E-04  0.0000E+00  0.6902E-02  0.0000E+00  0.4790E-03  0.0000E+00  0.3280E-01  0.0000E+00  0.6916E-03  0.0000E+00  0.7554E-01  0.0000E+00  0.4867E-03  0.0000E+00
     -0.024  0.4150E-03  0.0000E+00  0.4306E-02  0.0000E+00  0.1220E-03  0.0000E+00  0.9601E-02  0.0000E+00  0.7046E-03  0.0000E+00  0.4583E-01  0.0000E+00  0.9764E-03  0.0000E+00  0.1047E+00  0.0000E+00  0.6994E-03  0.0000E+00
     -0.014  0.5137E-03  0.0000E+00  0.1161E-01  0.0000E+00  0.2595E-03  0.0000E+00  0.2793E-01  0.0000E+00  0.2321E-02  0.0000E+00  0.1229E+00  0.0000E+00  0.3025E-02  0.0000E+00  0.3005E+00  0.0000E+00  0.1902E-02  0.0000E+00
     -0.004  0.6274E-03  0.0000E+00  0.1792E-01  0.0000E+00  0.3598E-03  0.0000E+00  0.5124E-01  0.0000E+00  0.4433E-02  0.0000E+00  0.1882E+00  0.0000E+00  0.5044E-02  0.0000E+00  0.5453E+00  0.0000E+00  0.2862E-02  0.0000E+00
     0.006  0.6235E-03  0.5116E-02  0.1782E-01  0.9205E-05  0.2672E-03  0.9764E-05  0.4944E-01  0.2075E-04  0.4187E-02  0.1494E+02  0.1846E+00  0.1215E+00  0.4574E-02  0.2988E-01  0.5185E+00  0.8265E-01  0.2777E-02  0.5812E+02
     0.016  0.5960E-03  0.5858E-03  0.1447E-01  0.1331E-05  0.1694E-03  0.4095E-06  0.3610E-01  0.3431E-05  0.2931E-02  0.4904E+00  0.1464E+00  0.2127E-01  0.2873E-02  0.3187E-02  0.3710E+00  0.1971E-01  0.2405E-02  0.1901E+01
     0.027  0.5371E-03  0.0000E+00  0.1180E-01  0.0000E+00  0.1410E-03  0.0000E+00  0.2897E-01  0.0000E+00  0.2363E-02  0.0000E+00  0.1182E+00  0.0000E+00  0.2211E-02  0.0000E+00  0.2950E+00  0.0000E+00  0.1999E-02  0.0000E+00
     0.037  0.4830E-03  0.0000E+00  0.1014E-01  0.0000E+00  0.1212E-03  0.0000E+00  0.2501E-01  0.0000E+00  0.2054E-02  0.0000E+00  0.1008E+00  0.0000E+00  0.1867E-02  0.0000E+00  0.2528E+00  0.0000E+00  0.1725E-02  0.0000E+00
     0.047  0.4227E-03  0.0000E+00  0.8464E-02  0.0000E+00  0.1002E-03  0.0000E+00  0.2105E-01  0.0000E+00  0.1743E-02  0.0000E+00  0.8333E-01  0.0000E+00  0.1529E-02  0.0000E+00  0.2109E+00  0.0000E+00  0.1443E-02  0.0000E+00
     0.057  0.3547E-03  0.0000E+00  0.6642E-02  0.0000E+00  0.7952E-04  0.0000E+00  0.1687E-01  0.0000E+00  0.1419E-02  0.0000E+00  0.6463E-01  0.0000E+00  0.1182E-02  0.0000E+00  0.1671E+00  0.0000E+00  0.1133E-02  0.0000E+00
     0.067  0.2661E-03  0.0000E+00  0.4546E-02  0.0000E+00  0.6507E-04  0.0000E+00  0.1052E-01  0.0000E+00  0.9164E-03  0.0000E+00  0.4325E-01  0.0000E+00  0.7302E-03  0.0000E+00  0.1024E+00  0.0000E+00  0.8110E-03  0.0000E+00
     0.077  0.1960E-03  0.0000E+00  0.2844E-02  0.0000E+00  0.6002E-04  0.0000E+00  0.5691E-02  0.0000E+00  0.5523E-03  0.0000E+00  0.2617E-01  0.0000E+00  0.3534E-03  0.0000E+00  0.5410E-01  0.0000E+00  0.5679E-03  0.0000E+00
     0.087  0.1745E-03  0.0000E+00  0.2566E-02  0.0000E+00  0.5494E-04  0.0000E+00  0.5070E-02  0.0000E+00  0.4968E-03  0.0000E+00  0.2353E-01  0.0000E+00  0.3126E-03  0.0000E+00  0.4810E-01  0.0000E+00  0.5158E-03  0.0000E+00
     0.097  0.1536E-03  0.0000E+00  0.2289E-02  0.0000E+00  0.4971E-04  0.0000E+00  0.4464E-02  0.0000E+00  0.4417E-03  0.0000E+00  0.2092E-01  0.0000E+00  0.2732E-03  0.0000E+00  0.4227E-01  0.0000E+00  0.4631E-03  0.0000E+00
     0.107  0.1332E-03  0.0000E+00  0.2012E-02  0.0000E+00  0.4432E-04  0.0000E+00  0.3874E-02  0.0000E+00  0.3871E-03  0.0000E+00  0.1833E-01  0.0000E+00  0.2353E-03  0.0000E+00  0.3660E-01  0.0000E+00  0.4097E-03  0.0000E+00
     0.117  0.1133E-03  0.0000E+00  0.1736E-02  0.0000E+00  0.3878E-04  0.0000E+00  0.3298E-02  0.0000E+00  0.3329E-03  0.0000E+00  0.1576E-01  0.0000E+00  0.1987E-03  0.0000E+00  0.3109E-01  0.0000E+00  0.3558E-03  0.0000E+00
     0.127  0.9402E-04  0.0000E+00  0.1461E-02  0.0000E+00  0.3308E-04  0.0000E+00  0.2738E-02  0.0000E+00  0.2792E-03  0.0000E+00  0.1321E-01  0.0000E+00  0.1636E-03  0.0000E+00  0.2575E-01  0.0000E+00  0.3013E-03  0.0000E+00
     0.137  0.7525E-04  0.0000E+00  0.1186E-02  0.0000E+00  0.2723E-04  0.0000E+00  0.2192E-02  0.0000E+00  0.2260E-03  0.0000E+00  0.1069E-01  0.0000E+00  0.1299E-03  0.0000E+00  0.2058E-01  0.0000E+00  0.2462E-03  0.0000E+00
     0.147  0.5702E-04  0.0000E+00  0.9117E-03  0.0000E+00  0.2122E-04  0.0000E+00  0.1662E-02  0.0000E+00  0.1732E-03  0.0000E+00  0.8189E-02  0.0000E+00  0.9761E-04  0.0000E+00  0.1556E-01  0.0000E+00  0.1905E-03  0.0000E+00
     0.157  0.3932E-04  0.0000E+00  0.6382E-03  0.0000E+00  0.1505E-04  0.0000E+00  0.1147E-02  0.0000E+00  0.1208E-03  0.0000E+00  0.5712E-02  0.0000E+00  0.6674E-04  0.0000E+00  0.1071E-01  0.0000E+00  0.1342E-03  0.0000E+00
     0.167  0.2217E-04  0.0000E+00  0.3653E-03  0.0000E+00  0.8728E-05  0.0000E+00  0.6471E-03  0.0000E+00  0.6894E-04  0.0000E+00  0.3257E-02  0.0000E+00  0.3729E-04  0.0000E+00  0.6029E-02  0.0000E+00  0.7731E-04  0.0000E+00
     0.177  0.5557E-05  0.0000E+00  0.9296E-04  0.0000E+00  0.2251E-05  0.0000E+00  0.1623E-03  0.0000E+00  0.1749E-04  0.0000E+00  0.8260E-03  0.0000E+00  0.9259E-05  0.0000E+00  0.1508E-02  0.0000E+00  0.1980E-04  0.0000E+00
     0.187  0.0000E+00  0.0000E+00  0.0000E+00  0.0000E+00  0.0000E+00  0.0000E+00  0.0000E+00  0.0000E+00  0.0000E+00  0.0000E+00  0.0000E+00  0.0000E+00  0.0000E+00  0.0000E+00  0.0000E+00  0.0000E+00  0.0000E+00  0.0000E+00
     0.197  0.0000E+00  0.0000E+00  0.0000E+00  0.0000E+00  0.0000E+00  0.0000E+00  0.0000E+00  0.0000E+00  0.0000E+00  0.0000E+00  0.0000E+00  0.0000E+00  0.0000E+00  0.0000E+00  0.0000E+00  0.0000E+00  0.0000E+00  0.0000E+00
     0.207  0.0000E+00  0.0000E+00  0.0000E+00  0.0000E+00  0.0000E+00  0.0000E+00  0.0000E+00  0.0000E+00  0.0000E+00  0.0000E+00  0.0000E+00  0.0000E+00  0.0000E+00  0.0000E+00  0.0000E+00  0.0000E+00  0.0000E+00  0.0000E+00
     0.217  0.0000E+00  0.0000E+00  0.0000E+00  0.0000E+00  0.0000E+00  0.0000E+00  0.0000E+00  0.0000E+00  0.0000E+00  0.0000E+00  0.0000E+00  0.0000E+00  0.0000E+00  0.0000E+00  0.0000E+00  0.0000E+00  0.0000E+00  0.0000E+00
     0.227  0.0000E+00  0.0000E+00  0.0000E+00  0.0000E+00  0.0000E+00  0.0000E+00  0.0000E+00  0.0000E+00  0.0000E+00  0.0000E+00  0.0000E+00  0.0000E+00  0.0000E+00  0.0000E+00  0.0000E+00  0.0000E+00  0.0000E+00  0.0000E+00
     0.237  0.0000E+00  0.0000E+00  0.0000E+00  0.0000E+00  0.0000E+00  0.0000E+00  0.0000E+00  0.0000E+00  0.0000E+00  0.0000E+00  0.0000E+00  0.0000E+00  0.0000E+00  0.0000E+00  0.0000E+00  0.0000E+00  0.0000E+00  0.0000E+00
     0.247  0.0000E+00  0.4066E-01  0.0000E+00  0.3740E-05  0.0000E+00  0.2467E-04  0.0000E+00  0.8851E-05  0.0000E+00  0.1217E-03  0.0000E+00  0.2257E-02  0.0000E+00  0.1411E+00  0.0000E+00  0.3659E-02  0.0000E+00  0.1415E-03
     0.257  0.0000E+00  0.2408E+00  0.0000E+00  0.2148E-04  0.0000E+00  0.1542E-03  0.0000E+00  0.5067E-04  0.0000E+00  0.7254E-03  0.0000E+00  0.1274E-01  0.0000E+00  0.8307E+00  0.0000E+00  0.2047E-01  0.0000E+00  0.8073E-03
     0.267  0.0000E+00  0.4471E+00  0.0000E+00  0.3867E-04  0.0000E+00  0.3008E-03  0.0000E+00  0.9092E-04  0.0000E+00  0.1355E-02  0.0000E+00  0.2250E-01  0.0000E+00  0.1533E+01  0.0000E+00  0.3585E-01  0.0000E+00  0.1443E-02
     0.277  0.0000E+00  0.6594E+00  0.0000E+00  0.5531E-04  0.0000E+00  0.4645E-03  0.0000E+00  0.1296E-03  0.0000E+00  0.2009E-02  0.0000E+00  0.3156E-01  0.0000E+00  0.2247E+01  0.0000E+00  0.4978E-01  0.0000E+00  0.2049E-02
     0.287  0.0000E+00  0.2207E+01  0.0000E+00  0.1533E-03  0.0000E+00  0.1942E-02  0.0000E+00  0.3864E-03  0.0000E+00  0.6849E-02  0.0000E+00  0.7095E-01  0.0000E+00  0.7301E+01  0.0000E+00  0.1204E+00  0.0000E+00  0.3939E-02
     0.297  0.0000E+00  0.8541E+01  0.0000E+00  0.2194E-03  0.0000E+00  0.8793E-02  0.0000E+00  0.4822E-03  0.0000E+00  0.6655E-02  0.0000E+00  0.9236E-01  0.0000E+00  0.2759E+02  0.0000E+00  0.8368E-01  0.0000E+00  0.8904E-02
     0.307  0.0000E+00  0.2048E+01  0.0000E+00  0.2801E-04  0.0000E+00  0.2251E-02  0.0000E+00  0.7626E-04  0.0000E+00  0.6119E-03  0.0000E+00  0.6234E-02  0.0000E+00  0.6559E+01  0.0000E+00  0.6049E-02  0.0000E+00  0.5550E-03
     0.317  0.0000E+00  0.0000E+00  0.0000E+00  0.0000E+00  0.0000E+00  0.0000E+00  0.0000E+00  0.0000E+00  0.0000E+00  0.0000E+00  0.0000E+00  0.0000E+00  0.0000E+00  0.0000E+00  0.0000E+00  0.0000E+00  0.0000E+00  0.0000E+00
     0.327  0.0000E+00  0.0000E+00  0.0000E+00  0.0000E+00  0.0000E+00  0.0000E+00  0.0000E+00  0.0000E+00  0.0000E+00  0.0000E+00  0.0000E+00  0.0000E+00  0.0000E+00  0.0000E+00  0.0000E+00  0.0000E+00  0.0000E+00  0.0000E+00
     0.337  0.0000E+00  0.0000E+00  0.0000E+00  0.0000E+00  0.0000E+00  0.0000E+00  0.0000E+00  0.0000E+00  0.0000E+00  0.0000E+00  0.0000E+00  0.0000E+00  0.0000E+00  0.0000E+00  0.0000E+00  0.0000E+00  0.0000E+00  0.0000E+00
     0.347  0.0000E+00  0.0000E+00  0.0000E+00  0.0000E+00  0.0000E+00  0.0000E+00  0.0000E+00  0.0000E+00  0.0000E+00  0.0000E+00  0.0000E+00  0.0000E+00  0.0000E+00  0.0000E+00  0.0000E+00  0.0000E+00  0.0000E+00  0.0000E+00
     0.357  0.0000E+00  0.0000E+00  0.0000E+00  0.0000E+00  0.0000E+00  0.0000E+00  0.0000E+00  0.0000E+00  0.0000E+00  0.0000E+00  0.0000E+00  0.0000E+00  0.0000E+00  0.0000E+00  0.0000E+00  0.0000E+00  0.0000E+00  0.0000E+00
     0.367  0.0000E+00  0.0000E+00  0.0000E+00  0.0000E+00  0.0000E+00  0.0000E+00  0.0000E+00  0.0000E+00  0.0000E+00  0.0000E+00  0.0000E+00  0.0000E+00  0.0000E+00  0.0000E+00  0.0000E+00  0.0000E+00  0.0000E+00  0.0000E+00
     0.377  0.0000E+00  0.0000E+00  0.0000E+00  0.0000E+00  0.0000E+00  0.0000E+00  0.0000E+00  0.0000E+00  0.0000E+00  0.0000E+00  0.0000E+00  0.0000E+00  0.0000E+00  0.0000E+00  0.0000E+00  0.0000E+00  0.0000E+00  0.0000E+00
     0.387  0.0000E+00  0.0000E+00  0.0000E+00  0.0000E+00  0.0000E+00  0.0000E+00  0.0000E+00  0.0000E+00  0.0000E+00  0.0000E+00  0.0000E+00  0.0000E+00  0.0000E+00  0.0000E+00  0.0000E+00  0.0000E+00  0.0000E+00  0.0000E+00
     0.397  0.0000E+00  0.0000E+00  0.0000E+00  0.0000E+00  0.0000E+00  0.0000E+00  0.0000E+00  0.0000E+00  0.0000E+00  0.0000E+00  0.0000E+00  0.0000E+00  0.0000E+00  0.0000E+00  0.0000E+00  0.0000E+00  0.0000E+00  0.0000E+00
     0.407  0.0000E+00  0.0000E+00  0.0000E+00  0.0000E+00  0.0000E+00  0.0000E+00  0.0000E+00  0.0000E+00  0.0000E+00  0.0000E+00  0.0000E+00  0.0000E+00  0.0000E+00  0.0000E+00  0.0000E+00  0.0000E+00  0.0000E+00  0.0000E+00
     0.417  0.0000E+00  0.0000E+00  0.0000E+00  0.0000E+00  0.0000E+00  0.0000E+00  0.0000E+00  0.0000E+00  0.0000E+00  0.0000E+00  0.0000E+00  0.0000E+00  0.0000E+00  0.0000E+00  0.0000E+00  0.0000E+00  0.0000E+00  0.0000E+00
     0.427  0.0000E+00  0.0000E+00  0.0000E+00  0.0000E+00  0.0000E+00  0.0000E+00  0.0000E+00  0.0000E+00  0.0000E+00  0.0000E+00  0.0000E+00  0.0000E+00  0.0000E+00  0.0000E+00  0.0000E+00  0.0000E+00  0.0000E+00  0.0000E+00
     0.437  0.0000E+00  0.0000E+00  0.0000E+00  0.0000E+00  0.0000E+00  0.0000E+00  0.0000E+00  0.0000E+00  0.0000E+00  0.0000E+00  0.0000E+00  0.0000E+00  0.0000E+00  0.0000E+00  0.0000E+00  0.0000E+00  0.0000E+00  0.0000E+00
     0.447  0.0000E+00  0.0000E+00  0.0000E+00  0.0000E+00  0.0000E+00  0.0000E+00  0.0000E+00  0.0000E+00  0.0000E+00  0.0000E+00  0.0000E+00  0.0000E+00  0.0000E+00  0.0000E+00  0.0000E+00  0.0000E+00  0.0000E+00  0.0000E+00
     0.457  0.0000E+00  0.0000E+00  0.0000E+00  0.0000E+00  0.0000E+00  0.0000E+00  0.0000E+00  0.0000E+00  0.0000E+00  0.0000E+00  0.0000E+00  0.0000E+00  0.0000E+00  0.0000E+00  0.0000E+00  0.0000E+00  0.0000E+00  0.0000E+00
     0.467  0.0000E+00  0.0000E+00  0.0000E+00  0.0000E+00  0.0000E+00  0.0000E+00  0.0000E+00  0.0000E+00  0.0000E+00  0.0000E+00  0.0000E+00  0.0000E+00  0.0000E+00  0.0000E+00  0.0000E+00  0.0000E+00  0.0000E+00  0.0000E+00
     0.477  0.0000E+00  0.0000E+00  0.0000E+00  0.0000E+00  0.0000E+00  0.0000E+00  0.0000E+00  0.0000E+00  0.0000E+00  0.0000E+00  0.0000E+00  0.0000E+00  0.0000E+00  0.0000E+00  0.0000E+00  0.0000E+00  0.0000E+00  0.0000E+00
     0.487  0.0000E+00  0.6327E-02  0.0000E+00  0.1016E-03  0.0000E+00  0.6983E-04  0.0000E+00  0.1394E-03  0.0000E+00  0.5537E-03  0.0000E+00  0.2178E-01  0.0000E+00  0.1109E-01  0.0000E+00  0.2971E-01  0.0000E+00  0.1371E-03
     0.497  0.0000E+00  0.1459E-01  0.0000E+00  0.2487E-03  0.0000E+00  0.1631E-03  0.0000E+00  0.3415E-03  0.0000E+00  0.1374E-02  0.0000E+00  0.5300E-01  0.0000E+00  0.2542E-01  0.0000E+00  0.7224E-01  0.0000E+00  0.3393E-03
     0.507  0.0000E+00  0.2235E-01  0.0000E+00  0.4045E-03  0.0000E+00  0.2533E-03  0.0000E+00  0.5557E-03  0.0000E+00  0.2263E-02  0.0000E+00  0.8572E-01  0.0000E+00  0.3869E-01  0.0000E+00  0.1167E+00  0.0000E+00  0.5573E-03
     0.517  0.0000E+00  0.2960E-01  0.0000E+00  0.5688E-03  0.0000E+00  0.3404E-03  0.0000E+00  0.7822E-03  0.0000E+00  0.3220E-02  0.0000E+00  0.1199E+00  0.0000E+00  0.5089E-01  0.0000E+00  0.1631E+00  0.0000E+00  0.7912E-03
     0.527  0.0000E+00  0.3634E-01  0.0000E+00  0.7419E-03  0.0000E+00  0.4243E-03  0.0000E+00  0.1021E-02  0.0000E+00  0.4245E-02  0.0000E+00  0.1556E+00  0.0000E+00  0.6203E-01  0.0000E+00  0.2114E+00  0.0000E+00  0.1041E-02
     0.537  0.0000E+00  0.4258E-01  0.0000E+00  0.9235E-03  0.0000E+00  0.5052E-03  0.0000E+00  0.1271E-02  0.0000E+00  0.5339E-02  0.0000E+00  0.1928E+00  0.0000E+00  0.7209E-01  0.0000E+00  0.2616E+00  0.0000E+00  0.1307E-02
     0.547  0.0000E+00  0.3867E-01  0.0000E+00  0.1133E-02  0.0000E+00  0.4924E-03  0.0000E+00  0.1694E-02  0.0000E+00  0.8423E-02  0.0000E+00  0.2255E+00  0.0000E+00  0.6318E-01  0.0000E+00  0.3216E+00  0.0000E+00  0.2000E-02
     0.557  0.0000E+00  0.4036E-01  0.0000E+00  0.1445E-02  0.0000E+00  0.5380E-03  0.0000E+00  0.2175E-02  0.0000E+00  0.1129E-01  0.0000E+00  0.2805E+00  0.0000E+00  0.6437E-01  0.0000E+00  0.3974E+00  0.0000E+00  0.2662E-02
     0.567  0.0000E+00  0.4183E-01  0.0000E+00  0.1769E-02  0.0000E+00  0.5817E-03  0.0000E+00  0.2665E-02  0.0000E+00  0.1423E-01  0.0000E+00  0.3372E+00  0.0000E+00  0.6520E-01  0.0000E+00  0.4736E+00  0.0000E+00  0.3340E-02
     0.577  0.8527E-04  0.4310E-01  0.2496E-04  0.2105E-02  0.1089E-03  0.6234E-03  0.5387E-04  0.3165E-02  0.1446E-05  0.1724E-01  0.1003E-03  0.3957E+00  0.2363E-04  0.6567E-01  0.2303E-03  0.5502E+00  0.1255E-05  0.4034E-02
     0.587  0.2109E-03  0.4415E-01  0.6173E-04  0.2453E-02  0.2711E-03  0.6631E-03  0.1326E-03  0.3674E-02  0.3571E-05  0.2032E-01  0.2473E-03  0.4560E+00  0.5920E-04  0.6578E-01  0.5649E-03  0.6272E+00  0.3124E-05  0.4745E-02
     0.597  0.3366E-03  0.4499E-01  0.9855E-04  0.2814E-02  0.4353E-03  0.7008E-03  0.2105E-03  0.4192E-02  0.5690E-05  0.2349E-01  0.3934E-03  0.5181E+00  0.9572E-04  0.6553E-01  0.8943E-03  0.7047E+00  0.5018E-05  0.5472E-02
     0.607  0.4625E-03  0.4502E-01  0.1354E-03  0.3726E-02  0.6016E-03  0.7417E-03  0.2878E-03  0.4952E-02  0.7802E-05  0.2817E-01  0.5387E-03  0.6714E+00  0.1332E-03  0.6336E-01  0.1218E-02  0.8155E+00  0.6936E-05  0.6552E-02
     0.617  0.5884E-03  0.4432E-01  0.1723E-03  0.4997E-02  0.7700E-03  0.7778E-03  0.3643E-03  0.5876E-02  0.9909E-05  0.3390E-01  0.6831E-03  0.8827E+00  0.1716E-03  0.5986E-01  0.1537E-02  0.9486E+00  0.8879E-05  0.7876E-02
     0.627  0.7144E-03  0.4332E-01  0.2093E-03  0.6400E-02  0.9405E-03  0.8067E-03  0.4401E-03  0.6832E-02  0.1201E-04  0.3992E-01  0.8266E-03  0.1114E+01  0.2109E-03  0.5603E-01  0.1851E-02  0.1085E+01  0.1085E-04  0.9273E-02
     0.637  0.8406E-03  0.4447E-01  0.2462E-03  0.1038E-01  0.1113E-02  0.8937E-03  0.5151E-03  0.9369E-02  0.1410E-04  0.5053E-01  0.9692E-03  0.1783E+01  0.2512E-03  0.5395E-01  0.2159E-02  0.1469E+01  0.1284E-04  0.1170E-01
     0.647  0.9668E-03  0.4270E-01  0.2833E-03  0.1777E-01  0.1288E-02  0.9850E-03  0.5894E-03  0.1239E-01  0.1619E-04  0.5877E-01  0.1111E-02  0.3025E+01  0.2924E-03  0.4635E-01  0.2462E-02  0.1939E+01  0.1486E-04  0.1369E-01
     0.657  0.1093E-02  0.3565E-01  0.3203E-03  0.2192E-01  0.1465E-02  0.8638E-03  0.6630E-03  0.1273E-01  0.1828E-04  0.5339E-01  0.1252E-02  0.3710E+01  0.3346E-03  0.3736E-01  0.2760E-02  0.2003E+01  0.1690E-04  0.1246E-01
     0.667  0.1220E-02  0.2879E-01  0.3574E-03  0.4918E-01  0.1644E-02  0.7498E-03  0.7358E-03  0.2199E-01  0.2035E-04  0.5819E-01  0.1392E-02  0.8230E+01  0.3777E-03  0.2875E-01  0.3053E-02  0.3492E+01  0.1896E-04  0.1325E-01
     0.677  0.1346E-02  0.4584E-03  0.3946E-03  0.2222E-02  0.1825E-02  0.1321E-04  0.8079E-03  0.9639E-03  0.2243E-04  0.5342E-01  0.1531E-02  0.3457E+00  0.4217E-03  0.3642E-03  0.3340E-02  0.1393E+00  0.2106E-04  0.1343E-01
     0.687  0.1473E-02  0.2630E-02  0.4318E-03  0.8456E-02  0.2008E-02  0.7543E-04  0.8793E-03  0.4674E-02  0.2449E-04  0.3437E+00  0.1669E-02  0.1274E+01  0.4667E-03  0.1859E-02  0.3623E-02  0.6325E+00  0.2317E-04  0.8648E-01
     0.697  0.1600E-02  0.5134E-02  0.4690E-03  0.9254E-02  0.2193E-02  0.1527E-03  0.9499E-03  0.7346E-02  0.2655E-04  0.7162E+00  0.1807E-02  0.1348E+01  0.5126E-03  0.3525E-02  0.3899E-02  0.9429E+00  0.2531E-04  0.1812E+00
     0.707  0.1726E-02  0.7088E-02  0.5063E-03  0.9835E-02  0.2380E-02  0.2165E-03  0.1020E-02  0.9816E-02  0.2860E-04  0.1149E+01  0.1943E-02  0.1389E+01  0.5595E-03  0.4730E-02  0.4171E-02  0.1224E+01  0.2748E-04  0.2915E+00
     0.717  0.1853E-02  0.6454E-02  0.5436E-03  0.9627E-02  0.2570E-02  0.1993E-03  0.1089E-02  0.9806E-02  0.3065E-04  0.1582E+01  0.2079E-02  0.1337E+01  0.6073E-03  0.4203E-02  0.4438E-02  0.1206E+01  0.2967E-04  0.4021E+00
     0.727  0.1980E-02  0.5981E-02  0.5809E-03  0.1755E-01  0.2761E-02  0.2229E-03  0.1157E-02  0.1445E-01  0.3269E-04  0.6338E+01  0.2214E-02  0.2370E+01  0.6560E-03  0.3721E-02  0.4699E-02  0.1740E+01  0.3188E-04  0.1611E+01
     0.737  0.2108E-02  0.1055E-01  0.6183E-03  0.2577E-01  0.2955E-02  0.1306E-02  0.1225E-02  0.3533E-01  0.3473E-04  0.8159E+02  0.2348E-02  0.3258E+01  0.7057E-03  0.4872E-02  0.4955E-02  0.4434E+01  0.3412E-04  0.2096E+02
     0.747  0.2235E-02  0.4160E-02  0.6558E-03  0.1521E-01  0.3150E-02  0.2351E-03  0.1292E-02  0.1741E-01  0.3676E-04  0.4870E+01  0.2481E-02  0.1818E+01  0.7564E-03  0.1766E-02  0.5205E-02  0.1936E+01  0.3639E-04  0.1261E+01
     0.757  0.2362E-02  0.3766E-02  0.6932E-03  0.1385E-01  0.3348E-02  0.1704E-03  0.1358E-02  0.1662E-01  0.3878E-04  0.1445E+01  0.2613E-02  0.1603E+01  0.8079E-03  0.1505E-02  0.5451E-02  0.1748E+01  0.3867E-04  0.3766E+00
     0.767  0.2490E-02  0.4077E-02  0.7308E-03  0.1450E-01  0.3548E-02  0.1757E-03  0.1424E-02  0.1915E-01  0.4080E-04  0.8404E+00  0.2745E-02  0.1637E+01  0.8604E-03  0.1551E-02  0.5691E-02  0.1947E+01  0.4099E-04  0.2198E+00
     0.777  0.2617E-02  0.4560E-02  0.7683E-03  0.1555E-01  0.3750E-02  0.1895E-03  0.1489E-02  0.2375E-01  0.4281E-04  0.3772E+00  0.2875E-02  0.1703E+01  0.9139E-03  0.1619E-02  0.5926E-02  0.2338E+01  0.4333E-04  0.9979E-01
     0.787  0.2745E-02  0.8618E-02  0.8059E-03  0.2990E-01  0.3954E-02  0.3464E-03  0.1553E-02  0.5873E-01  0.4482E-04  0.7049E-01  0.3005E-02  0.3048E+01  0.9683E-03  0.2530E-02  0.6156E-02  0.5524E+01  0.4569E-04  0.2087E-01
     0.797  0.2873E-02  0.6877E-02  0.8435E-03  0.2400E-01  0.4160E-02  0.2852E-03  0.1616E-02  0.3916E-01  0.4682E-04  0.3213E-01  0.3133E-02  0.2394E+01  0.1024E-02  0.1999E-02  0.6380E-02  0.3596E+01  0.4808E-04  0.9946E-02
     0.807  0.3001E-02  0.0000E+00  0.8812E-03  0.0000E+00  0.4369E-02  0.0000E+00  0.1679E-02  0.0000E+00  0.4881E-04  0.0000E+00  0.3261E-02  0.0000E+00  0.1080E-02  0.0000E+00  0.6599E-02  0.0000E+00  0.5049E-04  0.0000E+00
     0.817  0.3129E-02  0.0000E+00  0.9190E-03  0.0000E+00  0.4579E-02  0.0000E+00  0.1741E-02  0.0000E+00  0.5080E-04  0.0000E+00  0.3388E-02  0.0000E+00  0.1137E-02  0.0000E+00  0.6813E-02  0.0000E+00  0.5293E-04  0.0000E+00
     0.827  0.4000E-02  0.0000E+00  0.1061E-02  0.0000E+00  0.8436E-02  0.0000E+00  0.1573E-02  0.0000E+00  0.5165E-04  0.0000E+00  0.3274E-02  0.0000E+00  0.2676E-02  0.0000E+00  0.5116E-02  0.0000E+00  0.6584E-04  0.0000E+00
     0.837  0.4128E-02  0.0000E+00  0.1081E-02  0.0000E+00  0.8937E-02  0.0000E+00  0.1579E-02  0.0000E+00  0.5210E-04  0.0000E+00  0.3300E-02  0.0000E+00  0.2871E-02  0.0000E+00  0.5104E-02  0.0000E+00  0.6675E-04  0.0000E+00
     0.847  0.4255E-02  0.0000E+00  0.1100E-02  0.0000E+00  0.9443E-02  0.0000E+00  0.1585E-02  0.0000E+00  0.5256E-04  0.0000E+00  0.3326E-02  0.0000E+00  0.3068E-02  0.0000E+00  0.5092E-02  0.0000E+00  0.6767E-04  0.0000E+00
     0.857  0.4384E-02  0.0000E+00  0.1119E-02  0.0000E+00  0.9954E-02  0.0000E+00  0.1590E-02  0.0000E+00  0.5301E-04  0.0000E+00  0.3352E-02  0.0000E+00  0.3268E-02  0.0000E+00  0.5079E-02  0.0000E+00  0.6859E-04  0.0000E+00
     0.867  0.4513E-02  0.0000E+00  0.1139E-02  0.0000E+00  0.1047E-01  0.0000E+00  0.1596E-02  0.0000E+00  0.5346E-04  0.0000E+00  0.3377E-02  0.0000E+00  0.3469E-02  0.0000E+00  0.5064E-02  0.0000E+00  0.6950E-04  0.0000E+00
     0.877  0.4643E-02  0.0000E+00  0.1158E-02  0.0000E+00  0.1099E-01  0.0000E+00  0.1600E-02  0.0000E+00  0.5390E-04  0.0000E+00  0.3402E-02  0.0000E+00  0.3673E-02  0.0000E+00  0.5048E-02  0.0000E+00  0.7042E-04  0.0000E+00
     0.887  0.4774E-02  0.2008E-02  0.1177E-02  0.1196E-02  0.1152E-01  0.2322E-03  0.1605E-02  0.2356E-02  0.5435E-04  0.6414E-03  0.3427E-02  0.8565E-01  0.3879E-02  0.6296E-03  0.5032E-02  0.1616E+00  0.7134E-04  0.2541E-03
     0.897  0.4906E-02  0.4323E-02  0.1197E-02  0.2420E-02  0.1205E-01  0.4985E-03  0.1609E-02  0.4550E-02  0.5479E-04  0.1329E-02  0.3451E-02  0.1735E+00  0.4087E-02  0.1332E-02  0.5014E-02  0.3105E+00  0.7226E-04  0.5471E-03
     0.907  0.5038E-02  0.6892E-02  0.1216E-02  0.3636E-02  0.1259E-01  0.7923E-03  0.1613E-02  0.6509E-02  0.5523E-04  0.2045E-02  0.3475E-02  0.2611E+00  0.4298E-02  0.2089E-02  0.4995E-02  0.4418E+00  0.7318E-04  0.8721E-03
     0.917  0.5171E-02  0.6604E-02  0.1236E-02  0.3359E-02  0.1313E-01  0.8028E-03  0.1617E-02  0.5916E-02  0.5567E-04  0.1986E-02  0.3499E-02  0.2357E+00  0.4510E-02  0.1845E-02  0.4975E-02  0.3919E+00  0.7411E-04  0.8751E-03
     0.927  0.5304E-02  0.6039E-02  0.1255E-02  0.3001E-02  0.1368E-01  0.7800E-03  0.1620E-02  0.5411E-02  0.5610E-04  0.1874E-02  0.3522E-02  0.2058E+00  0.4725E-02  0.1566E-02  0.4954E-02  0.3515E+00  0.7503E-04  0.7986E-03
     0.937  0.5439E-02  0.5853E-02  0.1274E-02  0.2858E-02  0.1423E-01  0.7941E-03  0.1623E-02  0.5163E-02  0.5654E-04  0.1826E-02  0.3545E-02  0.1924E+00  0.4943E-02  0.1424E-02  0.4932E-02  0.3298E+00  0.7595E-04  0.7796E-03
     0.947  0.5574E-02  0.5673E-02  0.1294E-02  0.2721E-02  0.1479E-01  0.8085E-03  0.1626E-02  0.4899E-02  0.5697E-04  0.1762E-02  0.3567E-02  0.1797E+00  0.5162E-02  0.1286E-02  0.4909E-02  0.3075E+00  0.7688E-04  0.7607E-03
     0.957  0.5710E-02  0.5650E-02  0.1313E-02  0.2618E-02  0.1536E-01  0.8429E-03  0.1628E-02  0.4708E-02  0.5740E-04  0.1726E-02  0.3589E-02  0.1697E+00  0.5384E-02  0.1189E-02  0.4885E-02  0.2899E+00  0.7780E-04  0.7514E-03
     0.967  0.5846E-02  0.5871E-02  0.1332E-02  0.2616E-02  0.1593E-01  0.9105E-03  0.1630E-02  0.4584E-02  0.5782E-04  0.1737E-02  0.3611E-02  0.1665E+00  0.5607E-02  0.1149E-02  0.4860E-02  0.2765E+00  0.7873E-04  0.7695E-03
     0.977  0.5983E-02  0.6094E-02  0.1352E-02  0.2613E-02  0.1650E-01  0.9793E-03  0.1632E-02  0.4460E-02  0.5825E-04  0.1746E-02  0.3633E-02  0.1632E+00  0.5834E-02  0.1110E-02  0.4834E-02  0.2632E+00  0.7966E-04  0.7863E-03
     0.987  0.6121E-02  0.6321E-02  0.1371E-02  0.2610E-02  0.1708E-01  0.1050E-02  0.1634E-02  0.4335E-02  0.5867E-04  0.1752E-02  0.3654E-02  0.1600E+00  0.6062E-02  0.1070E-02  0.4806E-02  0.2501E+00  0.8058E-04  0.8018E-03
     0.997  0.6260E-02  0.6219E-02  0.1390E-02  0.2400E-02  0.1767E-01  0.1068E-02  0.1635E-02  0.3540E-02  0.5909E-04  0.1621E-02  0.3675E-02  0.1421E+00  0.6292E-02  0.9522E-03  0.4778E-02  0.1946E+00  0.8151E-04  0.8022E-03
     1.007  0.6550E-02  0.6322E-02  0.1426E-02  0.2424E-02  0.1887E-01  0.1109E-02  0.1655E-02  0.3517E-02  0.6003E-04  0.1614E-02  0.3733E-02  0.1418E+00  0.6759E-02  0.9254E-03  0.4791E-02  0.1921E+00  0.8285E-04  0.8126E-03
     1.017  0.7219E-02  0.6424E-02  0.1487E-02  0.2447E-02  0.2161E-01  0.1150E-02  0.1735E-02  0.3493E-02  0.6239E-04  0.1607E-02  0.3845E-02  0.1415E+00  0.7820E-02  0.8984E-03  0.4938E-02  0.1894E+00  0.8496E-04  0.8230E-03
     1.027  0.8208E-02  0.6524E-02  0.1564E-02  0.2470E-02  0.2567E-01  0.1191E-02  0.1829E-02  0.3467E-02  0.6550E-04  0.1599E-02  0.3986E-02  0.1411E+00  0.9398E-02  0.8710E-03  0.5111E-02  0.1867E+00  0.8815E-04  0.8334E-03
     1.037  0.9260E-02  0.6623E-02  0.1641E-02  0.2493E-02  0.3003E-01  0.1232E-02  0.1924E-02  0.3438E-02  0.6871E-04  0.1591E-02  0.4128E-02  0.1407E+00  0.1109E-01  0.8434E-03  0.5285E-02  0.1838E+00  0.9138E-04  0.8438E-03
     1.047  0.1034E-01  0.6721E-02  0.1718E-02  0.2515E-02  0.3452E-01  0.1274E-02  0.2018E-02  0.3407E-02  0.7192E-04  0.1583E-02  0.4266E-02  0.1403E+00  0.1284E-01  0.8154E-03  0.5456E-02  0.1809E+00  0.9452E-04  0.8542E-03
     1.057  0.1144E-01  0.6818E-02  0.1793E-02  0.2537E-02  0.3914E-01  0.1315E-02  0.2113E-02  0.3375E-02  0.7514E-04  0.1574E-02  0.4401E-02  0.1398E+00  0.1464E-01  0.7871E-03  0.5624E-02  0.1778E+00  0.9757E-04  0.8647E-03
     1.067  0.1258E-01  0.6986E-02  0.1868E-02  0.2564E-02  0.4391E-01  0.1380E-02  0.2206E-02  0.3344E-02  0.7835E-04  0.1565E-02  0.4532E-02  0.1395E+00  0.1649E-01  0.7605E-03  0.5789E-02  0.1747E+00  0.1005E-03  0.8776E-03
     1.077  0.1373E-01  0.7177E-02  0.1942E-02  0.2592E-02  0.4881E-01  0.1454E-02  0.2299E-02  0.3312E-02  0.8156E-04  0.1557E-02  0.4660E-02  0.1392E+00  0.1840E-01  0.7343E-03  0.5951E-02  0.1715E+00  0.1034E-03  0.8912E-03
     1.087  0.1458E-01  0.7367E-02  0.2005E-02  0.2620E-02  0.5277E-01  0.1528E-02  0.2319E-02  0.3279E-02  0.8129E-04  0.1548E-02  0.4762E-02  0.1389E+00  0.1995E-01  0.7080E-03  0.5916E-02  0.1682E+00  0.1054E-03  0.9048E-03
     1.097  0.1470E-01  0.7557E-02  0.1929E-02  0.2648E-02  0.5444E-01  0.1604E-02  0.2272E-02  0.3243E-02  0.7817E-04  0.1539E-02  0.4520E-02  0.1385E+00  0.2068E-01  0.6814E-03  0.5700E-02  0.1648E+00  0.9941E-04  0.9183E-03
     1.107  0.1479E-01  0.7747E-02  0.1845E-02  0.2676E-02  0.5605E-01  0.1680E-02  0.2223E-02  0.3206E-02  0.7509E-04  0.1529E-02  0.4260E-02  0.1381E+00  0.2138E-01  0.6546E-03  0.5481E-02  0.1613E+00  0.9306E-04  0.9316E-03
     1.117  0.1477E-01  0.8112E-02  0.1759E-02  0.2724E-02  0.5708E-01  0.1821E-02  0.2172E-02  0.3172E-02  0.7255E-04  0.1521E-02  0.4001E-02  0.1379E+00  0.2185E-01  0.6265E-03  0.5280E-02  0.1570E+00  0.8660E-04  0.9476E-03
     1.127  0.1434E-01  0.8484E-02  0.1639E-02  0.2772E-02  0.5608E-01  0.1966E-02  0.2075E-02  0.3136E-02  0.6836E-04  0.1511E-02  0.3698E-02  0.1378E+00  0.2150E-01  0.5986E-03  0.4988E-02  0.1527E+00  0.7872E-04  0.9634E-03
     1.137  0.1381E-01  0.8859E-02  0.1481E-02  0.2820E-02  0.5461E-01  0.2114E-02  0.1940E-02  0.3098E-02  0.6250E-04  0.1502E-02  0.3315E-02  0.1375E+00  0.2097E-01  0.5711E-03  0.4591E-02  0.1482E+00  0.6864E-04  0.9789E-03
     1.147  0.1324E-01  0.9236E-02  0.1325E-02  0.2866E-02  0.5297E-01  0.2265E-02  0.1806E-02  0.3058E-02  0.5668E-04  0.1492E-02  0.2938E-02  0.1372E+00  0.2037E-01  0.5438E-03  0.4198E-02  0.1437E+00  0.5882E-04  0.9941E-03
     1.157  0.1264E-01  0.9010E-02  0.1170E-02  0.2822E-02  0.5114E-01  0.2277E-02  0.1672E-02  0.2833E-02  0.5092E-04  0.1364E-02  0.2565E-02  0.1321E+00  0.1970E-01  0.4837E-03  0.3810E-02  0.1301E+00  0.4926E-04  0.9763E-03
     1.167  0.1142E-01  0.8358E-02  0.9561E-03  0.2484E-02  0.4669E-01  0.2197E-02  0.1445E-02  0.2433E-02  0.4287E-04  0.1148E-02  0.2086E-02  0.1129E+00  0.1801E-01  0.3900E-03  0.3253E-02  0.1079E+00  0.3854E-04  0.8429E-03
     1.177  0.9751E-02  0.7706E-02  0.7251E-03  0.2147E-02  0.4026E-01  0.2115E-02  0.1163E-02  0.2039E-02  0.3373E-04  0.9360E-03  0.1578E-02  0.9392E-01  0.1556E-01  0.3000E-03  0.2599E-02  0.8618E-01  0.2795E-04  0.7115E-03
     1.187  0.6435E-01  0.7091E-02  0.2336E-02  0.1817E-02  0.2815E+00  0.2031E-02  0.4743E-02  0.1685E-02  0.1502E-03  0.7523E-03  0.4660E-02  0.7561E-01  0.1101E+00  0.2216E-03  0.9916E-02  0.6711E-01  0.7676E-04  0.5818E-03
     1.197  0.1943E-01  0.6639E-02  0.5932E-03  0.1593E-02  0.8588E-01  0.1939E-02  0.1390E-02  0.1454E-02  0.4375E-04  0.6535E-03  0.1177E-02  0.6423E-01  0.3362E-01  0.1906E-03  0.2884E-02  0.5580E-01  0.1917E-04  0.4950E-03
     1.207  0.8389E-02  0.6241E-02  0.5592E-03  0.1481E-02  0.4489E-01  0.1843E-02  0.1204E-02  0.1347E-02  0.1982E-04  0.6015E-03  0.1081E-02  0.5931E-01  0.1733E-01  0.1803E-03  0.2388E-02  0.5143E-01  0.1565E-04  0.4557E-03
     1.217  0.9416E-02  0.5836E-02  0.6416E-03  0.1369E-02  0.5144E-01  0.1742E-02  0.1278E-02  0.1240E-02  0.2141E-04  0.5504E-03  0.1224E-02  0.5448E-01  0.1989E-01  0.1698E-03  0.2532E-02  0.4713E-01  0.1806E-04  0.4172E-03
     1.227  0.1041E-01  0.5424E-02  0.7247E-03  0.1259E-02  0.5791E-01  0.1638E-02  0.1343E-02  0.1135E-02  0.2288E-04  0.5002E-03  0.1367E-02  0.4972E-01  0.2243E-01  0.1589E-03  0.2657E-02  0.4289E-01  0.2047E-04  0.3794E-03
     1.237  0.1137E-01  0.5006E-02  0.8087E-03  0.1150E-02  0.6429E-01  0.1529E-02  0.1398E-02  0.1030E-02  0.2423E-04  0.4509E-03  0.1510E-02  0.4506E-01  0.2493E-01  0.1477E-03  0.2762E-02  0.3873E-01  0.2290E-04  0.3423E-03
     1.247  0.1229E-01  0.4581E-02  0.8935E-03  0.1042E-02  0.7059E-01  0.1416E-02  0.1445E-02  0.9269E-03  0.2545E-04  0.4024E-03  0.1652E-02  0.4048E-01  0.2740E-01  0.1362E-03  0.2849E-02  0.3464E-01  0.2533E-04  0.3059E-03
     1.257  0.1318E-01  0.4150E-02  0.9791E-03  0.9352E-03  0.7680E-01  0.1299E-02  0.1482E-02  0.8248E-03  0.2656E-04  0.3548E-03  0.1793E-02  0.3598E-01  0.2984E-01  0.1244E-03  0.2916E-02  0.3061E-01  0.2777E-04  0.2703E-03
     1.267  0.1404E-01  0.3711E-02  0.1066E-02  0.8297E-03  0.8294E-01  0.1177E-02  0.1510E-02  0.7239E-03  0.2754E-04  0.3080E-03  0.1934E-02  0.3157E-01  0.3225E-01  0.1123E-03  0.2965E-02  0.2666E-01  0.3022E-04  0.2353E-03
     1.277  0.2034E-01  0.3266E-02  0.1403E-02  0.7254E-03  0.1253E+00  0.1052E-02  0.1671E-02  0.6241E-03  0.3043E-04  0.2622E-03  0.2457E-02  0.2724E-01  0.4906E-01  0.9985E-04  0.3189E-02  0.2277E-01  0.3928E-04  0.2011E-03
     1.287  0.2934E-01  0.8478E-02  0.1811E-02  0.8413E-03  0.1863E+00  0.3472E-02  0.1913E-02  0.7923E-03  0.3551E-04  0.4047E-03  0.3082E-02  0.2846E-01  0.7313E-01  0.4815E-03  0.3531E-02  0.2471E-01  0.4916E-04  0.2275E-03
     1.297  0.3886E-01  0.1160E-01  0.2295E-02  0.9083E-03  0.2518E+00  0.5003E-02  0.2228E-02  0.7879E-03  0.4142E-04  0.4510E-03  0.3813E-02  0.2839E-01  0.9899E-01  0.7688E-03  0.3990E-02  0.2206E-01  0.5964E-04  0.2492E-03
     1.307  0.4977E-01  0.1045E-01  0.2847E-02  0.7538E-03  0.3280E+00  0.4547E-02  0.2812E-02  0.6754E-03  0.4826E-04  0.3952E-03  0.4637E-02  0.2347E-01  0.1290E+00  0.7180E-03  0.4861E-02  0.1873E-01  0.7331E-04  0.2084E-03
     1.317  0.6095E-01  0.9129E-02  0.3404E-02  0.6077E-03  0.4069E+00  0.4006E-02  0.3446E-02  0.5629E-03  0.5511E-04  0.3367E-03  0.5462E-02  0.1884E-01  0.1601E+00  0.6477E-03  0.5806E-02  0.1547E-01  0.8693E-04  0.1694E-03
     1.327  0.7375E-01  0.7646E-02  0.4152E-02  0.4700E-03  0.4976E+00  0.3381E-02  0.4469E-02  0.4507E-03  0.6331E-04  0.2754E-03  0.6562E-02  0.1451E-01  0.1958E+00  0.5580E-03  0.7333E-02  0.1227E-01  0.1040E-03  0.1321E-03
     1.337  0.8365E-01  0.6861E-02  0.4364E-02  0.3490E-03  0.5701E+00  0.3258E-02  0.5779E-02  0.3475E-03  0.6918E-04  0.2419E-03  0.6827E-02  0.1066E-01  0.2243E+00  0.6880E-03  0.9237E-02  0.9338E-02  0.1138E-03  0.1051E-03
     1.347  0.6495E-01  0.7469E-02  0.2584E-02  0.2490E-03  0.4486E+00  0.4131E-02  0.3329E-02  0.2634E-03  0.4989E-04  0.2501E-03  0.4096E-02  0.7398E-02  0.1766E+00  0.1245E-02  0.5420E-02  0.6870E-02  0.7247E-04  0.9743E-04
     1.357  0.6471E-01  0.8098E-02  0.1924E-02  0.1729E-03  0.4538E+00  0.5044E-02  0.2578E-02  0.2158E-03  0.4396E-04  0.2492E-03  0.3052E-02  0.4725E-02  0.1787E+00  0.1819E-02  0.4236E-02  0.5199E-02  0.5766E-04  0.9300E-04
     1.367  0.1936E+00  0.9140E-02  0.2063E-02  0.1637E-03  0.1420E+01  0.6224E-02  0.2120E-02  0.2697E-03  0.9068E-04  0.2355E-03  0.3115E-02  0.3520E-02  0.5607E+00  0.2463E-02  0.3512E-02  0.5631E-02  0.8727E-04  0.9634E-04
     1.377  0.3208E+00  0.3800E-01  0.1485E-02  0.1999E-02  0.2418E+01  0.2135E-01  0.1434E-02  0.5378E-02  0.9415E-04  0.9897E-03  0.2172E-02  0.4598E-01  0.9572E+00  0.6049E-02  0.2411E-02  0.1223E+00  0.6771E-04  0.8159E-03
     1.387  0.4609E-03  0.2762E-01  0.2477E-03  0.1306E-02  0.3077E-02  0.1687E-01  0.5361E-03  0.3321E-02  0.1982E-05  0.6971E-03  0.3744E-03  0.2930E-01  0.1222E-02  0.5537E-02  0.7655E-03  0.7413E-01  0.6552E-05  0.5089E-03
     1.397  0.2491E-03  0.2469E-01  0.1375E-03  0.1215E-02  0.1666E-02  0.1645E-01  0.3124E-03  0.2994E-02  0.1128E-05  0.5890E-03  0.2072E-03  0.2618E-01  0.6623E-03  0.6048E-02  0.4448E-03  0.6425E-01  0.3705E-05  0.2467E-03
     1.407  0.5761E-04  0.2446E-01  0.3273E-04  0.1182E-02  0.3863E-03  0.1654E-01  0.7812E-04  0.2896E-02  0.2754E-06  0.5719E-03  0.4916E-04  0.2536E-01  0.1537E-03  0.6197E-02  0.1109E-03  0.6190E-01  0.8994E-06  0.2397E-03
     1.417  0.0000E+00  0.2422E-01  0.0000E+00  0.1149E-02  0.0000E+00  0.1661E-01  0.0000E+00  0.2799E-02  0.0000E+00  0.5549E-03  0.0000E+00  0.2454E-01  0.0000E+00  0.6340E-02  0.0000E+00  0.5958E-01  0.0000E+00  0.2327E-03
     1.428  0.4524E-03  0.2397E-01  0.3990E-03  0.1116E-02  0.4912E-02  0.1666E-01  0.2845E-03  0.2703E-02  0.2514E-05  0.5380E-03  0.5051E-03  0.2372E-01  0.1897E-02  0.6476E-02  0.3370E-03  0.5728E-01  0.7270E-05  0.2258E-03
     1.438  0.1152E-02  0.2371E-01  0.9233E-03  0.1084E-02  0.1249E-01  0.1671E-01  0.6737E-03  0.2608E-02  0.6143E-05  0.5211E-03  0.1162E-02  0.2291E-01  0.4820E-02  0.6606E-02  0.7968E-03  0.5500E-01  0.1740E-04  0.2189E-03
     1.448  0.1945E-02  0.2345E-01  0.1482E-02  0.1051E-02  0.2106E-01  0.1675E-01  0.1095E-02  0.2513E-02  0.1006E-04  0.5044E-03  0.1842E-02  0.2211E-01  0.8123E-02  0.6729E-02  0.1288E-02  0.5275E-01  0.2795E-04  0.2120E-03
     1.458  0.2832E-02  0.2317E-01  0.2112E-02  0.1019E-02  0.3062E-01  0.1677E-01  0.1568E-02  0.2420E-02  0.1431E-04  0.4877E-03  0.2580E-02  0.2130E-01  0.1181E-01  0.6846E-02  0.1832E-02  0.5053E-01  0.3907E-04  0.2052E-03
     1.468  0.3813E-02  0.2288E-01  0.2717E-02  0.9864E-03  0.4118E-01  0.1678E-01  0.2042E-02  0.2327E-02  0.1878E-04  0.4711E-03  0.3278E-02  0.2051E-01  0.1587E-01  0.6957E-02  0.2374E-02  0.4833E-01  0.5038E-04  0.1984E-03
     1.478  0.2835E-02  0.2284E-01  0.2020E-02  0.9965E-03  0.3226E-01  0.1702E-01  0.1913E-02  0.2347E-02  0.1197E-04  0.4610E-03  0.2328E-02  0.2044E-01  0.1246E-01  0.7184E-02  0.2110E-02  0.4813E-01  0.3046E-04  0.1998E-03
     1.488  0.2980E-02  0.2286E-01  0.2082E-02  0.1029E-02  0.3453E-01  0.1730E-01  0.2032E-02  0.2402E-02  0.1269E-04  0.4533E-03  0.2327E-02  0.2075E-01  0.1331E-01  0.7435E-02  0.2182E-02  0.4851E-01  0.3091E-04  0.2035E-03
     1.498  0.3106E-02  0.2289E-01  0.2184E-02  0.1062E-02  0.3660E-01  0.1760E-01  0.2158E-02  0.2456E-02  0.1356E-04  0.4461E-03  0.2359E-02  0.2107E-01  0.1409E-01  0.7690E-02  0.2252E-02  0.4884E-01  0.3187E-04  0.2073E-03
     1.508  0.3211E-02  0.2293E-01  0.2300E-02  0.1095E-02  0.3847E-01  0.1790E-01  0.2268E-02  0.2507E-02  0.1451E-04  0.4395E-03  0.2403E-02  0.2139E-01  0.1478E-01  0.7949E-02  0.2301E-02  0.4912E-01  0.3310E-04  0.2114E-03
     1.518  0.3296E-02  0.2298E-01  0.2417E-02  0.1129E-02  0.4011E-01  0.1821E-01  0.2355E-02  0.2557E-02  0.1553E-04  0.4333E-03  0.2449E-02  0.2172E-01  0.1538E-01  0.8213E-02  0.2321E-02  0.4935E-01  0.3453E-04  0.2157E-03
     1.528  0.4086E-02  0.2305E-01  0.2819E-02  0.1164E-02  0.5095E-01  0.1852E-01  0.2975E-02  0.2604E-02  0.1795E-04  0.4276E-03  0.2829E-02  0.2206E-01  0.1955E-01  0.8480E-02  0.2911E-02  0.4953E-01  0.3876E-04  0.2203E-03
     1.538  0.5624E-02  0.2313E-01  0.3460E-02  0.1199E-02  0.7246E-01  0.1885E-01  0.4137E-02  0.2650E-02  0.2171E-04  0.4225E-03  0.3414E-02  0.2240E-01  0.2787E-01  0.8752E-02  0.3990E-02  0.4966E-01  0.4439E-04  0.2251E-03
     1.548  0.7453E-02  0.2323E-01  0.4115E-02  0.1234E-02  0.9855E-01  0.1919E-01  0.5327E-02  0.2693E-02  0.2589E-04  0.4179E-03  0.3998E-02  0.2275E-01  0.3792E-01  0.9028E-02  0.5082E-02  0.4974E-01  0.5009E-04  0.2301E-03
     1.558  0.1008E-01  0.2333E-01  0.4772E-02  0.1270E-02  0.1370E+00  0.1953E-01  0.6492E-02  0.2735E-02  0.3110E-04  0.4138E-03  0.4554E-02  0.2310E-01  0.5263E-01  0.9308E-02  0.6126E-02  0.4978E-01  0.5561E-04  0.2353E-03
     1.568  0.1130E-01  0.2346E-01  0.5041E-02  0.1479E-02  0.1559E+00  0.1990E-01  0.6650E-02  0.2840E-02  0.3367E-04  0.4114E-03  0.4739E-02  0.2630E-01  0.5975E-01  0.9597E-02  0.6203E-02  0.5085E-01  0.5785E-04  0.2431E-03
     1.578  0.1080E-01  0.2398E-01  0.5207E-02  0.1726E-02  0.1500E+00  0.2063E-01  0.6681E-02  0.2964E-02  0.3338E-04  0.4103E-03  0.4841E-02  0.3013E-01  0.5747E-01  0.1008E-01  0.6172E-02  0.5219E-01  0.5722E-04  0.2522E-03
     1.588  0.1025E-01  0.2474E-01  0.5369E-02  0.1968E-02  0.1434E+00  0.2161E-01  0.6710E-02  0.3061E-02  0.3296E-04  0.4115E-03  0.4939E-02  0.3381E-01  0.5491E-01  0.1070E-01  0.6139E-02  0.5291E-01  0.5649E-04  0.2598E-03
     1.598  0.9705E-02  0.2583E-01  0.5532E-02  0.2205E-02  0.1368E+00  0.2312E-01  0.6739E-02  0.3070E-02  0.3252E-04  0.4215E-03  0.5036E-02  0.3713E-01  0.5238E-01  0.1172E-01  0.6106E-02  0.5121E-01  0.5571E-04  0.2634E-03
     1.608  0.9169E-02  0.2958E-01  0.5695E-02  0.2520E-02  0.1303E+00  0.2727E-01  0.6766E-02  0.3294E-02  0.3205E-04  0.4457E-03  0.5133E-02  0.4170E-01  0.4987E-01  0.1413E-01  0.6073E-02  0.5304E-01  0.5488E-04  0.2879E-03
     1.618  0.8640E-02  0.3339E-01  0.5858E-02  0.2830E-02  0.1240E+00  0.3154E-01  0.6793E-02  0.3526E-02  0.3156E-04  0.4682E-03  0.5228E-02  0.4612E-01  0.4740E-01  0.1665E-01  0.6040E-02  0.5496E-01  0.5400E-04  0.3114E-03
     1.628  0.8119E-02  0.3718E-01  0.6021E-02  0.3133E-02  0.1176E+00  0.3586E-01  0.6820E-02  0.3762E-02  0.3105E-04  0.4883E-03  0.5322E-02  0.5035E-01  0.4496E-01  0.1921E-01  0.6006E-02  0.5692E-01  0.5307E-04  0.3333E-03
     1.638  0.7781E-02  0.4081E-01  0.7165E-02  0.3415E-02  0.1169E+00  0.4012E-01  0.7322E-02  0.3971E-02  0.3094E-04  0.5018E-03  0.5714E-02  0.5422E-01  0.4438E-01  0.2179E-01  0.6146E-02  0.5854E-01  0.5019E-04  0.3505E-03
     1.648  0.7286E-02  0.5422E-01  0.7241E-02  0.3800E-02  0.1111E+00  0.5592E-01  0.7270E-02  0.4347E-02  0.3023E-04  0.4970E-03  0.5670E-02  0.5896E-01  0.4211E-01  0.3162E-01  0.6008E-02  0.6091E-01  0.4867E-04  0.3715E-03
     1.658  0.6797E-02  0.8218E-01  0.7320E-02  0.3817E-02  0.1053E+00  0.8978E-01  0.7219E-02  0.4089E-02  0.2949E-04  0.5311E-03  0.5630E-02  0.5867E-01  0.3987E-01  0.5369E-01  0.5873E-02  0.5679E-01  0.4713E-04  0.3728E-03
     1.668  0.6315E-02  0.7083E-01  0.7403E-02  0.3780E-02  0.9962E-01  0.7889E-01  0.7171E-02  0.3762E-02  0.2874E-04  0.4412E-03  0.5591E-02  0.5808E-01  0.3764E-01  0.4796E-01  0.5740E-02  0.5247E-01  0.4556E-04  0.3241E-03
     1.678  0.5851E-02  0.5063E-01  0.7706E-02  0.4073E-02  0.9479E-01  0.5782E-01  0.7427E-02  0.3456E-02  0.2855E-04  0.3380E-03  0.5613E-02  0.5929E-01  0.3569E-01  0.3571E-01  0.5744E-02  0.4675E-01  0.4386E-04  0.2675E-03
     1.688  0.5387E-02  0.2972E-01  0.7958E-02  0.4099E-02  0.8958E-01  0.3535E-01  0.7578E-02  0.3179E-02  0.2848E-04  0.2517E-03  0.5656E-02  0.5916E-01  0.3363E-01  0.2230E-01  0.5733E-02  0.4291E-01  0.4359E-04  0.2164E-03
     1.698  0.4935E-02  0.8909E-02  0.8209E-02  0.4147E-02  0.8452E-01  0.1255E-01  0.7725E-02  0.2961E-02  0.2837E-04  0.1818E-03  0.5696E-02  0.5942E-01  0.3162E-01  0.8396E-02  0.5718E-02  0.3990E-01  0.4325E-04  0.1740E-03
     1.708  0.4489E-02  0.1007E-01  0.8396E-02  0.2772E-02  0.7937E-01  0.1541E-01  0.7810E-02  0.2678E-02  0.2823E-04  0.1788E-03  0.5704E-02  0.3503E-01  0.2959E-01  0.1058E-01  0.5669E-02  0.3261E-01  0.4281E-04  0.1586E-03
     1.718  0.4129E-02  0.1061E-01  0.8562E-02  0.2837E-02  0.7686E-01  0.1658E-01  0.7881E-02  0.2794E-02  0.2846E-04  0.1812E-03  0.5708E-02  0.3518E-01  0.2844E-01  0.1148E-01  0.5616E-02  0.3344E-01  0.4258E-04  0.1615E-03
     1.728  0.4341E-02  0.1115E-01  0.8828E-02  0.2939E-02  0.9169E-01  0.1773E-01  0.8055E-02  0.2920E-02  0.3036E-04  0.1836E-03  0.5775E-02  0.3593E-01  0.3316E-01  0.1237E-01  0.5627E-02  0.3445E-01  0.4337E-04  0.1645E-03
     1.738  0.4402E-02  0.1206E-01  0.1170E-01  0.3080E-02  0.1090E+00  0.1953E-01  0.1077E-01  0.3090E-02  0.3874E-04  0.1992E-03  0.7471E-02  0.3711E-01  0.3869E-01  0.1377E-01  0.7286E-02  0.3593E-01  0.5471E-04  0.1719E-03
     1.748  0.4710E-02  0.1316E-01  0.1219E-01  0.3236E-02  0.1239E+00  0.2166E-01  0.1076E-01  0.3274E-02  0.3913E-04  0.2188E-03  0.7619E-02  0.3844E-01  0.4349E-01  0.1540E-01  0.7140E-02  0.3754E-01  0.5210E-04  0.1805E-03
     1.758  0.4983E-02  0.1433E-01  0.1269E-01  0.3394E-02  0.1382E+00  0.2389E-01  0.1074E-01  0.3454E-02  0.3961E-04  0.2375E-03  0.7763E-02  0.3978E-01  0.4804E-01  0.1712E-01  0.6977E-02  0.3910E-01  0.4955E-04  0.1888E-03
     1.768  0.5284E-02  0.1555E-01  0.1405E-01  0.3553E-02  0.1540E+00  0.2623E-01  0.1106E-01  0.3632E-02  0.4076E-04  0.2555E-03  0.8369E-02  0.4112E-01  0.5309E-01  0.1891E-01  0.6993E-02  0.4061E-01  0.4740E-04  0.1967E-03
     1.778  0.5656E-02  0.1685E-01  0.1818E-01  0.3714E-02  0.1744E+00  0.2867E-01  0.1295E-01  0.3807E-02  0.4907E-04  0.2727E-03  0.1050E-01  0.4248E-01  0.5971E-01  0.2079E-01  0.7890E-02  0.4207E-01  0.4817E-04  0.2043E-03
     1.788  0.4624E-02  0.1820E-01  0.3058E-01  0.3877E-02  0.1607E+00  0.3122E-01  0.1898E-01  0.3979E-02  0.6461E-04  0.2892E-03  0.1720E-01  0.4384E-01  0.5480E-01  0.2274E-01  0.1110E-01  0.4349E-01  0.6318E-04  0.2116E-03
     1.798  0.2422E-02  0.1962E-01  0.1226E-01  0.4041E-02  0.8612E-01  0.3388E-01  0.7162E-02  0.4148E-02  0.1651E-04  0.3049E-03  0.6589E-02  0.4522E-01  0.2856E-01  0.2477E-01  0.3930E-02  0.4485E-01  0.1635E-04  0.2185E-03
     1.808  0.1351E-02  0.2141E-01  0.1395E-01  0.4298E-02  0.5364E-01  0.3721E-01  0.7915E-02  0.4374E-02  0.1452E-04  0.3239E-03  0.7270E-02  0.4749E-01  0.1754E-01  0.2731E-01  0.4210E-02  0.4673E-01  0.1470E-04  0.2270E-03
     1.818  0.1399E-02  0.4313E-01  0.1545E-01  0.7167E-02  0.5615E-01  0.7666E-01  0.8680E-02  0.6617E-02  0.1549E-04  0.4538E-03  0.7951E-02  0.7586E-01  0.1833E-01  0.5730E-01  0.4547E-02  0.6755E-01  0.1515E-04  0.2976E-03
     1.828  0.1440E-02  0.6345E-01  0.1698E-01  0.9770E-02  0.5846E-01  0.1140E+00  0.9467E-02  0.9327E-02  0.1646E-04  0.5267E-03  0.8640E-02  0.1017E+00  0.1905E-01  0.8596E-01  0.4892E-02  0.9282E-01  0.1561E-04  0.3517E-03
     1.838  0.1474E-02  0.6389E-01  0.1854E-01  0.1169E-01  0.6058E-01  0.1161E+00  0.1028E-01  0.1205E-01  0.1745E-04  0.5065E-03  0.9335E-02  0.1206E+00  0.1970E-01  0.8848E-01  0.5246E-02  0.1188E+00  0.1607E-04  0.3654E-03
     1.848  0.1500E-02  0.8356E-01  0.2012E-01  0.3536E-01  0.6250E-01  0.1567E+00  0.1111E-01  0.4316E-01  0.1845E-04  0.1090E-02  0.1004E-01  0.3591E+00  0.2028E-01  0.1258E+00  0.5608E-02  0.4216E+00  0.1655E-04  0.9302E-03
     1.858  0.1517E-02  0.1872E-01  0.2331E-01  0.4303E-02  0.6916E-01  0.3550E-01  0.1286E-01  0.4167E-02  0.2015E-04  0.1636E-03  0.1132E-01  0.4490E-01  0.2207E-01  0.2672E-01  0.6349E-02  0.4117E-01  0.1772E-04  0.1111E-03
     1.868  0.1677E-02  0.5907E-02  0.3073E-01  0.3660E-02  0.8814E-01  0.1196E-01  0.1691E-01  0.2810E-02  0.2594E-04  0.9636E-04  0.1453E-01  0.3774E-01  0.2739E-01  0.8732E-02  0.8156E-02  0.2717E-01  0.2067E-04  0.6893E-04
     1.878  0.1693E-02  0.3283E-02  0.3269E-01  0.3899E-02  0.9561E-01  0.7167E-02  0.1829E-01  0.2592E-02  0.2762E-04  0.8224E-04  0.1518E-01  0.3939E-01  0.2943E-01  0.5042E-02  0.8694E-02  0.2436E-01  0.2215E-04  0.6214E-04
     1.888  0.1716E-02  0.4122E-02  0.3456E-01  0.5698E-02  0.1035E+00  0.8996E-02  0.1967E-01  0.3428E-02  0.2921E-04  0.1137E-03  0.1577E-01  0.5545E-01  0.3159E-01  0.6362E-02  0.9223E-02  0.3136E-01  0.2364E-04  0.8108E-04
     1.898  0.1798E-02  0.5096E-02  0.3788E-01  0.7755E-02  0.1135E+00  0.1116E-01  0.2264E-01  0.4402E-02  0.3017E-04  0.1535E-03  0.1697E-01  0.7366E-01  0.3443E-01  0.7958E-02  0.1051E-01  0.3951E-01  0.2571E-04  0.1016E-03
     1.908  0.1892E-02  0.6080E-02  0.4178E-01  0.9800E-02  0.1278E+00  0.1340E-01  0.2460E-01  0.5362E-02  0.2851E-04  0.1961E-03  0.1827E-01  0.9153E-01  0.3835E-01  0.9626E-02  0.1120E-01  0.4744E-01  0.2793E-04  0.1211E-03
     1.918  0.1498E-02  0.7075E-02  0.2634E-01  0.1183E-01  0.1025E+00  0.1570E-01  0.1607E-01  0.6309E-02  0.2334E-04  0.2418E-03  0.1143E-01  0.1091E+00  0.3072E-01  0.1136E-01  0.7250E-02  0.5518E-01  0.2056E-04  0.1397E-03
     1.928  0.1137E-02  0.8081E-02  0.1278E-01  0.1385E-01  0.7909E-01  0.1806E-01  0.8942E-02  0.7242E-02  0.1897E-04  0.2903E-03  0.5517E-02  0.1263E+00  0.2375E-01  0.1317E-01  0.3997E-02  0.6270E-01  0.1476E-04  0.1573E-03
     1.938  0.9859E-03  0.9156E-02  0.1040E-01  0.1450E-01  0.6933E-01  0.2124E-01  0.7676E-02  0.7804E-02  0.1786E-04  0.3260E-03  0.4377E-02  0.1291E+00  0.2083E-01  0.1554E-01  0.3357E-02  0.6571E-01  0.1376E-04  0.1592E-03
     1.948  0.8540E-03  0.1186E-01  0.8616E-02  0.1329E-01  0.6090E-01  0.3015E-01  0.6759E-02  0.7863E-02  0.1698E-04  0.4570E-03  0.3509E-02  0.1139E+00  0.1832E-01  0.2200E-01  0.2881E-02  0.6346E-01  0.1300E-04  0.1798E-03
     1.958  0.8499E-03  0.1271E-01  0.8554E-02  0.1317E-01  0.6254E-01  0.3317E-01  0.6888E-02  0.8127E-02  0.1686E-04  0.4347E-03  0.3422E-02  0.1110E+00  0.1874E-01  0.2417E-01  0.2896E-02  0.6428E-01  0.1305E-04  0.1733E-03
     1.968  0.8445E-03  0.1362E-01  0.8516E-02  0.1348E-01  0.6411E-01  0.3646E-01  0.7022E-02  0.8666E-02  0.1668E-04  0.4085E-03  0.3345E-02  0.1117E+00  0.1913E-01  0.2654E-01  0.2911E-02  0.6741E-01  0.1309E-04  0.1683E-03
     1.978  0.8379E-03  0.1521E-01  0.8503E-02  0.1595E-01  0.6562E-01  0.4210E-01  0.7159E-02  0.1144E-01  0.1644E-04  0.3984E-03  0.3278E-02  0.1284E+00  0.1951E-01  0.3092E-01  0.2927E-02  0.8621E-01  0.1309E-04  0.1793E-03
     1.988  0.8299E-03  0.1330E-01  0.8515E-02  0.1193E-01  0.6707E-01  0.3705E-01  0.7300E-02  0.8575E-02  0.1614E-04  0.3304E-03  0.3220E-02  0.9572E-01  0.1986E-01  0.2694E-01  0.2942E-02  0.6453E-01  0.1307E-04  0.1458E-03
     1.998  0.1352E-02  0.1149E-01  0.1962E-01  0.8177E-02  0.1537E+00  0.3224E-01  0.1959E-01  0.5896E-02  0.2283E-04  0.2607E-03  0.6710E-02  0.6529E-01  0.4355E-01  0.2324E-01  0.6897E-02  0.4428E-01  0.2098E-04  0.1135E-03
     2.008  0.1336E-02  0.1005E-01  0.1863E-01  0.5700E-02  0.1675E+00  0.2838E-01  0.1997E-01  0.4204E-02  0.2494E-04  0.2149E-03  0.6148E-02  0.4506E-01  0.4712E-01  0.2039E-01  0.6661E-02  0.3135E-01  0.2240E-04  0.9325E-04
     2.018  0.1311E-02  0.9106E-02  0.1839E-01  0.4764E-02  0.1722E+00  0.2574E-01  0.1993E-01  0.3785E-02  0.2765E-04  0.2089E-03  0.5898E-02  0.3709E-01  0.4828E-01  0.1856E-01  0.6424E-02  0.2770E-01  0.2293E-04  0.9051E-04
     2.028  0.9165E-03  0.7912E-02  0.1434E-01  0.3844E-02  0.1093E+00  0.2242E-01  0.1426E-01  0.3396E-02  0.2186E-04  0.2024E-03  0.4403E-02  0.2932E-01  0.3083E-01  0.1624E-01  0.4400E-02  0.2428E-01  0.1750E-04  0.8771E-04
     2.038  0.7068E-03  0.7397E-02  0.1859E-01  0.3443E-02  0.8043E-01  0.2097E-01  0.1403E-01  0.3292E-02  0.1937E-04  0.2050E-03  0.5056E-02  0.2557E-01  0.2272E-01  0.1525E-01  0.3999E-02  0.2294E-01  0.1527E-04  0.8663E-04
     2.048  0.6453E-03  0.7603E-02  0.1908E-01  0.3520E-02  0.7565E-01  0.2163E-01  0.1384E-01  0.3486E-02  0.1890E-04  0.2116E-03  0.5117E-02  0.2541E-01  0.2132E-01  0.1574E-01  0.3889E-02  0.2383E-01  0.1524E-04  0.9045E-04
     2.058  0.5816E-03  0.7478E-02  0.1853E-01  0.3666E-02  0.6983E-01  0.2145E-01  0.1324E-01  0.3641E-02  0.1774E-04  0.2150E-03  0.4949E-02  0.2567E-01  0.1965E-01  0.1560E-01  0.3692E-02  0.2421E-01  0.1496E-04  0.9356E-04
     2.068  0.5207E-03  0.7083E-02  0.1771E-01  0.3803E-02  0.6458E-01  0.2055E-01  0.1250E-01  0.3771E-02  0.1659E-04  0.2159E-03  0.4717E-02  0.2582E-01  0.1814E-01  0.1492E-01  0.3461E-02  0.2423E-01  0.1461E-04  0.9582E-04
     2.078  0.4627E-03  0.5573E-01  0.1663E-01  0.5180E-02  0.5991E-01  0.1837E+00  0.1162E-01  0.4888E-02  0.1545E-04  0.7152E-03  0.4420E-02  0.3423E-01  0.1679E-01  0.1286E+00  0.3196E-02  0.3102E-01  0.1416E-04  0.2565E-03
     2.088  0.4078E-03  0.7428E-01  0.1758E-01  0.8907E-02  0.7446E-01  0.2500E+00  0.1326E-01  0.6441E-02  0.2270E-04  0.9801E-03  0.4641E-02  0.5725E-01  0.2043E-01  0.1751E+00  0.3624E-02  0.3953E-01  0.2609E-04  0.3615E-03
     2.098  0.2868E-03  0.3807E-01  0.2010E-01  0.8680E-02  0.9886E-01  0.1289E+00  0.1843E-01  0.6646E-02  0.3768E-04  0.6380E-03  0.5263E-02  0.5430E-01  0.2633E-01  0.9023E-01  0.5015E-02  0.3933E-01  0.4623E-04  0.2694E-03
     2.108  0.1543E-03  0.2742E-01  0.1493E-01  0.9766E-02  0.6728E-01  0.9674E-01  0.1351E-01  0.7454E-02  0.3142E-04  0.6711E-03  0.3747E-02  0.5884E-01  0.1763E-01  0.6725E-01  0.3533E-02  0.4275E-01  0.3409E-04  0.3081E-03
     2.118  0.8705E-04  0.2561E-01  0.1123E-01  0.1004E-01  0.6096E-01  0.9441E-01  0.1193E-01  0.8262E-02  0.3372E-04  0.6233E-03  0.2650E-02  0.5978E-01  0.1576E-01  0.6520E-01  0.2985E-02  0.4652E-01  0.3637E-04  0.3109E-03
      2.128  0.7311E-04  0.2344E-01  0.9864E-02  0.9684E-02  0.5492E-01  0.9085E-01  0.1068E-01  0.8555E-02  0.3178E-04  0.5359E-03  0.2302E-02  0.5699E-01  0.1417E-01  0.6237E-01  0.2644E-02  0.4747E-01  0.3390E-04  0.2897E-03
      2.138  0.6216E-04  0.1858E-01  0.8878E-02  0.7898E-02  0.4938E-01  0.7563E-01  0.9615E-02  0.6871E-02  0.2988E-04  0.4052E-03  0.2049E-02  0.4578E-01  0.1272E-01  0.5178E-01  0.2356E-02  0.3766E-01  0.3145E-04  0.2252E-03
      2.148  0.5187E-04  0.1357E-01  0.7933E-02  0.6223E-02  0.4389E-01  0.5942E-01  0.8603E-02  0.5312E-02  0.2793E-04  0.2851E-03  0.1807E-02  0.3536E-01  0.1128E-01  0.4061E-01  0.2083E-02  0.2864E-01  0.2892E-04  0.1658E-03
      2.158  0.4263E-04  0.9798E-02  0.7165E-02  0.5002E-02  0.3977E-01  0.4604E-01  0.7757E-02  0.4027E-02  0.2622E-04  0.2093E-03  0.1599E-02  0.2794E-01  0.1020E-01  0.3157E-01  0.1844E-02  0.2135E-01  0.2663E-04  0.1254E-03
      2.168  0.4517E-04  0.7673E-02  0.8814E-02  0.4072E-02  0.5962E-01  0.3919E-01  0.8816E-02  0.3116E-02  0.4008E-04  0.1619E-03  0.1797E-02  0.2238E-01  0.1536E-01  0.2695E-01  0.1950E-02  0.1623E-01  0.3899E-04  0.1005E-03
      2.178  0.4639E-04  0.7468E-02  0.9817E-02  0.3331E-02  0.7152E-01  0.4012E-01  0.9832E-02  0.2465E-02  0.4334E-04  0.1371E-03  0.1883E-02  0.1806E-01  0.1855E-01  0.2757E-01  0.2035E-02  0.1264E-01  0.4074E-04  0.8682E-04
      2.188  0.5809E-04  0.7372E-02  0.1297E-01  0.2562E-02  0.9562E-01  0.4148E-01  0.1173E-01  0.1790E-02  0.5313E-04  0.1139E-03  0.2308E-02  0.1362E-01  0.2508E-01  0.2849E-01  0.2253E-02  0.8946E-02  0.5260E-04  0.7393E-04
      2.198  0.6060E-04  0.8277E-02  0.1291E-01  0.2067E-02  0.9651E-01  0.4822E-01  0.1192E-01  0.1482E-02  0.5345E-04  0.1114E-03  0.2191E-02  0.1067E-01  0.2536E-01  0.3326E-01  0.2188E-02  0.7136E-02  0.5186E-04  0.7342E-04
      2.208  0.5977E-04  0.9778E-02  0.1250E-01  0.2339E-02  0.9030E-01  0.5878E-01  0.1139E-01  0.1708E-02  0.4909E-04  0.1358E-03  0.2025E-02  0.1181E-01  0.2373E-01  0.4077E-01  0.2002E-02  0.8098E-02  0.4888E-04  0.8386E-04
      2.218  0.5622E-04  0.1125E-01  0.1200E-01  0.2646E-02  0.8087E-01  0.6935E-01  0.1075E-01  0.1953E-02  0.4315E-04  0.1594E-03  0.1849E-02  0.1310E-01  0.2123E-01  0.4829E-01  0.1805E-02  0.9148E-02  0.4324E-04  0.9394E-04
      2.228  0.5228E-04  0.1269E-01  0.1153E-01  0.2976E-02  0.7105E-01  0.7993E-01  0.1015E-01  0.2214E-02  0.3707E-04  0.1817E-03  0.1682E-02  0.1450E-01  0.1863E-01  0.5583E-01  0.1618E-02  0.1026E-01  0.3765E-04  0.1035E-03
      2.238  0.5089E-04  0.1402E-01  0.1140E-01  0.3315E-02  0.6493E-01  0.9010E-01  0.9900E-02  0.2494E-02  0.3284E-04  0.1988E-03  0.1596E-02  0.1594E-01  0.1697E-01  0.6306E-01  0.1523E-02  0.1145E-01  0.3371E-04  0.1124E-03
      2.248  0.4955E-04  0.1598E-01  0.1128E-01  0.3944E-02  0.5995E-01  0.1053E+00  0.9672E-02  0.2996E-02  0.2991E-04  0.2037E-03  0.1516E-02  0.1844E-01  0.1560E-01  0.7369E-01  0.1436E-02  0.1351E-01  0.3044E-04  0.1191E-03
      2.258  0.8756E-04  0.1981E-01  0.1097E-01  0.4928E-02  0.6059E-01  0.1334E+00  0.9440E-02  0.3766E-02  0.2877E-04  0.2086E-03  0.1401E-02  0.2240E-01  0.1550E-01  0.9309E-01  0.1333E-02  0.1662E-01  0.2658E-04  0.1283E-03
      2.268  0.8102E-04  0.2804E-01  0.1051E-01  0.6691E-02  0.5380E-01  0.1881E+00  0.9076E-02  0.5335E-02  0.2580E-04  0.2924E-03  0.1289E-02  0.3025E-01  0.1371E-01  0.1307E+00  0.1242E-02  0.2354E-01  0.2333E-04  0.2186E-03
      2.278  0.7510E-04  0.3454E-01  0.1036E-01  0.8553E-02  0.4688E-01  0.2334E+00  0.8981E-02  0.6947E-02  0.2403E-04  0.3997E-03  0.1239E-02  0.3855E-01  0.1190E-01  0.1622E+00  0.1211E-02  0.3072E-01  0.2163E-04  0.3266E-03
      2.288  0.6823E-04  0.2442E-01  0.1023E-01  0.7345E-02  0.3996E-01  0.1759E+00  0.8894E-02  0.5679E-02  0.2234E-04  0.3691E-03  0.1192E-02  0.3237E-01  0.1010E-01  0.1232E+00  0.1180E-02  0.2493E-01  0.2005E-04  0.2809E-03
      2.298  0.6038E-04  0.1508E-01  0.1012E-01  0.6345E-02  0.3303E-01  0.1190E+00  0.8812E-02  0.4271E-02  0.2075E-04  0.2449E-03  0.1149E-02  0.2708E-01  0.8313E-02  0.8344E-01  0.1149E-02  0.1818E-01  0.1859E-04  0.1545E-03
      2.308  0.9946E-04  0.9554E-02  0.2568E-01  0.1485E-02  0.4122E-01  0.8993E-01  0.1926E-01  0.1219E-02  0.3734E-04  0.1518E-03  0.2801E-02  0.5547E-02  0.1011E-01  0.6424E-01  0.2467E-02  0.4716E-02  0.3184E-04  0.8611E-04
      2.318  0.9028E-04  0.1263E-01  0.1490E-01  0.2135E-02  0.3077E-01  0.1200E+00  0.1283E-01  0.1778E-02  0.2634E-04  0.1768E-03  0.1547E-02  0.7926E-02  0.7537E-02  0.8537E-01  0.1517E-02  0.6791E-02  0.2758E-04  0.1190E-03
      2.328  0.1036E-03  0.1567E-01  0.1645E-01  0.2690E-02  0.3134E-01  0.1498E+00  0.1301E-01  0.2238E-02  0.2637E-04  0.1983E-03  0.1528E-02  0.9966E-02  0.7501E-02  0.1062E+00  0.1350E-02  0.8502E-02  0.3165E-04  0.1465E-03
      2.338  0.1215E-03  0.1725E-01  0.1919E-01  0.2861E-02  0.3428E-01  0.1674E+00  0.1373E-01  0.2337E-02  0.2818E-04  0.2014E-03  0.1621E-02  0.1058E-01  0.8079E-02  0.1180E+00  0.1245E-02  0.8812E-02  0.3578E-04  0.1491E-03
      2.348  0.7169E-04  0.1782E-01  0.9563E-02  0.2788E-02  0.1704E-01  0.1767E+00  0.1050E-01  0.2233E-02  0.1735E-04  0.1929E-03  0.5843E-03  0.1021E-01  0.3806E-02  0.1237E+00  0.7369E-03  0.8366E-02  0.1368E-04  0.1366E-03
      2.358  0.4596E-04  0.1843E-01  0.6378E-02  0.2687E-02  0.7508E-02  0.1871E+00  0.6709E-02  0.2082E-02  0.4973E-05  0.1840E-03  0.2099E-03  0.9725E-02  0.1486E-02  0.1302E+00  0.2334E-03  0.7748E-02  0.7637E-05  0.1241E-03
      2.368  0.5759E-04  0.2092E-01  0.7856E-02  0.2727E-02  0.9217E-02  0.2190E+00  0.8267E-02  0.2090E-02  0.6110E-05  0.1891E-03  0.2535E-03  0.9763E-02  0.1825E-02  0.1513E+00  0.2814E-03  0.7724E-02  0.9307E-05  0.1179E-03
      2.378  0.6969E-04  0.2365E-01  0.9350E-02  0.3108E-02  0.1092E-01  0.2518E+00  0.9851E-02  0.2343E-02  0.7253E-05  0.2009E-03  0.2955E-03  0.1101E-01  0.2162E-02  0.1733E+00  0.3284E-03  0.8554E-02  0.1098E-04  0.1235E-03
      2.388  0.8226E-04  0.2631E-01  0.1086E-01  0.3487E-02  0.1262E-01  0.2844E+00  0.1146E-01  0.2590E-02  0.8402E-05  0.2147E-03  0.3359E-03  0.1222E-01  0.2498E-02  0.1952E+00  0.3743E-03  0.9348E-02  0.1267E-04  0.1297E-03
      2.398  0.9531E-04  0.2832E-01  0.1239E-01  0.3816E-02  0.1431E-01  0.3120E+00  0.1309E-01  0.2735E-02  0.9555E-05  0.2244E-03  0.3747E-03  0.1325E-01  0.2833E-02  0.2135E+00  0.4192E-03  0.9731E-02  0.1436E-04  0.1329E-03
      2.408  0.1088E-03  0.3023E-01  0.1394E-01  0.4217E-02  0.1600E-01  0.3423E+00  0.1475E-01  0.2786E-02  0.1071E-04  0.2290E-03  0.4119E-03  0.1439E-01  0.3166E-02  0.2334E+00  0.4630E-03  0.9836E-02  0.1605E-04  0.1303E-03
      2.418  0.1228E-03  0.2568E-01  0.1550E-01  0.3191E-02  0.1769E-01  0.3022E+00  0.1644E-01  0.2075E-02  0.1188E-04  0.1775E-03  0.4475E-03  0.1082E-01  0.3499E-02  0.2055E+00  0.5058E-03  0.7303E-02  0.1775E-04  0.9815E-04
      2.428  0.1370E-03  0.1743E-01  0.1692E-01  0.1681E-02  0.1923E-01  0.2134E+00  0.1820E-01  0.1187E-02  0.1301E-04  0.1009E-03  0.4759E-03  0.5684E-02  0.3804E-02  0.1457E+00  0.5495E-03  0.4164E-02  0.1941E-04  0.5611E-04
      2.438  0.1480E-03  0.8565E-02  0.1802E-01  0.4055E-03  0.1977E-01  0.1152E+00  0.1953E-01  0.4191E-03  0.1384E-04  0.3041E-04  0.4884E-03  0.1351E-02  0.3901E-02  0.7988E-01  0.5802E-03  0.1465E-02  0.2089E-04  0.1801E-04
      2.448  0.1591E-03  0.1049E-01  0.1922E-01  0.2950E-03  0.2020E-01  0.1496E+00  0.2081E-01  0.3382E-03  0.1467E-04  0.2081E-04  0.5048E-03  0.9178E-03  0.3977E-02  0.1036E+00  0.6077E-03  0.1180E-02  0.2244E-04  0.1115E-04
      2.458  0.1700E-03  0.1021E-01  0.2048E-01  0.2510E-03  0.2060E-01  0.1488E+00  0.2213E-01  0.2691E-03  0.1550E-04  0.1569E-04  0.5227E-03  0.7601E-03  0.4045E-02  0.1028E+00  0.6358E-03  0.9504E-03  0.2401E-04  0.8154E-05
      2.468  0.1808E-03  0.6904E-02  0.2180E-01  0.1591E-03  0.2095E-01  0.1018E+00  0.2347E-01  0.1761E-03  0.1633E-04  0.1005E-04  0.5420E-03  0.4857E-03  0.4104E-02  0.7031E-01  0.6646E-03  0.6287E-03  0.2560E-04  0.5163E-05
      2.478  0.1914E-03  0.3665E-02  0.2316E-01  0.7873E-04  0.2127E-01  0.5473E-01  0.2484E-01  0.9027E-04  0.1717E-04  0.5035E-05  0.5628E-03  0.2425E-03  0.4154E-02  0.3775E-01  0.6940E-03  0.3261E-03  0.2722E-04  0.2550E-05
      2.488  0.2040E-03  0.8513E-02  0.2529E-01  0.3109E-02  0.2160E-01  0.1385E+00  0.2666E-01  0.3490E-02  0.1808E-04  0.6747E-04  0.5951E-03  0.7444E-02  0.4206E-02  0.8958E-01  0.7278E-03  0.8617E-02  0.2899E-04  0.3980E-04
      2.498  0.2187E-03  0.8688E-02  0.2819E-01  0.3963E-02  0.2195E-01  0.1438E+00  0.2893E-01  0.4154E-02  0.1905E-04  0.8057E-04  0.6381E-03  0.9444E-02  0.4261E-02  0.9249E-01  0.7656E-03  0.1007E-01  0.3090E-04  0.5009E-04
      2.508  0.2334E-03  0.9239E-02  0.3116E-01  0.4856E-02  0.2227E-01  0.1550E+00  0.3125E-01  0.4835E-02  0.2003E-04  0.9410E-04  0.6817E-03  0.1153E-01  0.4307E-02  0.9943E-01  0.8038E-03  0.1156E-01  0.3283E-04  0.6112E-04
      2.518  0.3509E-03  0.9674E-02  0.4845E-01  0.5778E-02  0.2777E-01  0.1644E+00  0.4443E-01  0.5523E-02  0.2940E-04  0.1074E-03  0.9851E-03  0.1367E-01  0.5361E-02  0.1053E+00  0.1108E-02  0.1305E-01  0.5040E-04  0.7259E-04
      2.528  0.3442E-03  0.9994E-02  0.4931E-01  0.6728E-02  0.2685E-01  0.1722E+00  0.4252E-01  0.6217E-02  0.2666E-04  0.1206E-03  0.8966E-03  0.1586E-01  0.5137E-02  0.1100E+00  0.9422E-03  0.1452E-01  0.4474E-04  0.8449E-04
      2.538  0.3282E-03  0.1020E-01  0.4856E-01  0.7706E-02  0.2525E-01  0.1783E+00  0.4012E-01  0.6917E-02  0.2363E-04  0.1335E-03  0.7721E-03  0.1811E-01  0.4787E-02  0.1137E+00  0.7718E-03  0.1599E-01  0.3684E-04  0.9682E-04
      2.548  0.3103E-03  0.9806E-02  0.4796E-01  0.8249E-02  0.2338E-01  0.1754E+00  0.3804E-01  0.6994E-02  0.2053E-04  0.1400E-03  0.6564E-03  0.1923E-01  0.4392E-02  0.1114E+00  0.6150E-03  0.1594E-01  0.2908E-04  0.1037E-03
      2.558  0.4039E-03  0.9120E-02  0.6880E-01  0.8469E-02  0.2464E-01  0.1686E+00  0.4521E-01  0.6846E-02  0.2743E-04  0.1465E-03  0.7552E-03  0.1957E-01  0.4454E-02  0.1065E+00  0.5795E-03  0.1537E-01  0.3028E-04  0.1089E-03
      2.568  0.3006E-03  0.8503E-02  0.6220E-01  0.8555E-02  0.1637E-01  0.1630E+00  0.4356E-01  0.6648E-02  0.1784E-04  0.1538E-03  0.6103E-03  0.1958E-01  0.3063E-02  0.1023E+00  0.4963E-03  0.1470E-01  0.2484E-04  0.1138E-03
      2.578  0.2882E-03  0.7956E-02  0.6200E-01  0.8509E-02  0.1526E-01  0.1588E+00  0.4474E-01  0.6402E-02  0.1573E-04  0.1620E-03  0.5695E-03  0.1928E-01  0.2830E-02  0.9891E-01  0.4692E-03  0.1393E-01  0.2238E-04  0.1183E-03
      2.588  0.2769E-03  0.7889E-02  0.6172E-01  0.8998E-02  0.1422E-01  0.1696E+00  0.4600E-01  0.6376E-02  0.1378E-04  0.2074E-03  0.5307E-03  0.1969E-01  0.2609E-02  0.1044E+00  0.4435E-03  0.1344E-01  0.2006E-04  0.1334E-03
      2.598  0.2666E-03  0.5913E-02  0.6134E-01  0.6696E-02  0.1327E-01  0.1337E+00  0.4734E-01  0.5202E-02  0.1196E-04  0.1563E-03  0.4939E-03  0.1419E-01  0.2402E-02  0.8306E-01  0.4191E-03  0.1067E-01  0.1789E-04  0.1166E-03
      2.608  0.2573E-03  0.5117E-02  0.6088E-01  0.6843E-02  0.1239E-01  0.1333E+00  0.4875E-01  0.4726E-02  0.1030E-04  0.1416E-03  0.4590E-03  0.1377E-01  0.2208E-02  0.8339E-01  0.3960E-03  0.9256E-02  0.1585E-04  0.1248E-03
      2.618  0.2492E-03  0.4604E-02  0.6033E-01  0.6179E-02  0.1159E-01  0.1219E+00  0.5024E-01  0.4415E-02  0.8780E-05  0.1165E-03  0.4260E-03  0.1207E-01  0.2026E-02  0.7607E-01  0.3743E-03  0.8313E-02  0.1396E-04  0.1044E-03
      2.628  0.2494E-03  0.4136E-02  0.6118E-01  0.5369E-02  0.1121E-01  0.1094E+00  0.5238E-01  0.4059E-02  0.7895E-05  0.9036E-04  0.4072E-03  0.1011E-01  0.1926E-02  0.6800E-01  0.3622E-03  0.7275E-02  0.1286E-04  0.8302E-04
      2.638  0.2696E-03  0.3708E-02  0.6590E-01  0.4596E-02  0.1174E-01  0.9780E-01  0.5608E-01  0.3756E-02  0.8328E-05  0.6697E-04  0.4194E-03  0.8256E-02  0.2006E-02  0.6050E-01  0.3711E-03  0.6349E-02  0.1351E-04  0.6432E-04
      2.648  0.2900E-03  0.3320E-02  0.7069E-01  0.3861E-02  0.1226E-01  0.8718E-01  0.5984E-01  0.3507E-02  0.8764E-05  0.4639E-04  0.4301E-03  0.6513E-02  0.2086E-02  0.5356E-01  0.3785E-03  0.5536E-02  0.1415E-04  0.4827E-04
      2.658  0.3281E-03  0.2972E-02  0.1004E+00  0.3163E-02  0.1301E-01  0.7751E-01  0.8170E-01  0.3312E-02  0.1024E-04  0.2861E-04  0.4577E-03  0.4879E-02  0.2180E-02  0.4719E-01  0.4122E-03  0.4836E-02  0.1682E-04  0.3489E-04
      2.668  0.3595E-03  0.2993E-02  0.1127E+00  0.3314E-02  0.1373E-01  0.8046E-01  0.9270E-01  0.3570E-02  0.1097E-04  0.2745E-04  0.4662E-03  0.4906E-02  0.2280E-02  0.4879E-01  0.4245E-03  0.5037E-02  0.1820E-04  0.3670E-04
      2.678  0.4226E-03  0.3062E-02  0.1284E+00  0.3616E-02  0.1528E-01  0.8522E-01  0.1109E+00  0.3905E-02  0.1247E-04  0.2894E-04  0.4686E-03  0.5219E-02  0.2497E-02  0.5154E-01  0.4305E-03  0.5386E-02  0.2072E-04  0.4099E-04
      2.688  0.8870E-03  0.3120E-02  0.1800E+00  0.3926E-02  0.2923E-01  0.8968E-01  0.1992E+00  0.4245E-02  0.2060E-04  0.3046E-04  0.4890E-03  0.5537E-02  0.4758E-02  0.5411E-01  0.4433E-03  0.5738E-02  0.4152E-04  0.4540E-04
      2.698  0.1203E-02  0.3165E-02  0.2407E+00  0.4242E-02  0.3707E-01  0.9383E-01  0.2524E+00  0.4589E-02  0.2852E-04  0.3202E-04  0.4842E-03  0.5862E-02  0.6060E-02  0.5649E-01  0.4188E-03  0.6091E-02  0.5717E-04  0.4993E-04
      2.708  0.1188E-02  0.3199E-02  0.3105E+00  0.4565E-02  0.3653E-01  0.9768E-01  0.2574E+00  0.4938E-02  0.3891E-04  0.3362E-04  0.4553E-03  0.6194E-02  0.5928E-02  0.5867E-01  0.4053E-03  0.6447E-02  0.5389E-04  0.5458E-04
      2.718  0.7099E-03  0.3221E-02  0.2528E+00  0.4896E-02  0.2269E-01  0.1012E+00  0.2126E+00  0.5292E-02  0.2907E-04  0.3525E-04  0.3627E-03  0.6533E-02  0.3723E-02  0.6067E-01  0.3034E-03  0.6804E-02  0.3655E-04  0.5935E-04
      2.728  0.4068E-03  0.2967E-02  0.1784E+00  0.5510E-02  0.1352E-01  0.1007E+00  0.1537E+00  0.6841E-02  0.1765E-04  0.3818E-04  0.2635E-03  0.7025E-02  0.2228E-02  0.6001E-01  0.2066E-03  0.7709E-02  0.2206E-04  0.6874E-04
      2.738  0.2001E-03  0.2781E-02  0.1109E+00  0.6986E-02  0.6949E-02  0.1031E+00  0.8731E-01  0.9827E-02  0.8529E-05  0.4822E-04  0.1675E-03  0.8364E-02  0.1145E-02  0.6100E-01  0.1270E-03  0.1011E-01  0.9112E-05  0.9607E-04
      2.748  0.9535E-04  0.2661E-02  0.7390E-01  0.8011E-02  0.3600E-02  0.1083E+00  0.5489E-01  0.1152E-01  0.3870E-05  0.5459E-04  0.1104E-03  0.9307E-02  0.5893E-03  0.6365E-01  0.8427E-04  0.1135E-01  0.2945E-05  0.1119E-03
      2.758  0.2739E-03  0.2548E-02  0.3305E+00  0.9071E-02  0.7936E-02  0.1147E+00  0.2740E+00  0.1317E-01  0.5580E-05  0.6080E-04  0.5502E-03  0.1029E-01  0.1148E-02  0.6698E-01  0.1619E-03  0.1250E-01  0.9169E-05  0.1271E-03
      2.768  0.1351E-03  0.2553E-02  0.1856E+00  0.1353E-01  0.3313E-02  0.1568E+00  0.1534E+00  0.1914E-01  0.9209E-05  0.8351E-04  0.6659E-03  0.1455E-01  0.4718E-03  0.9057E-01  0.3016E-03  0.1727E-01  0.8976E-05  0.1564E-03
      2.778  0.2982E-03  0.2170E-02  0.3969E+00  0.1333E-01  0.5816E-02  0.1390E+00  0.2797E+00  0.1833E-01  0.2414E-04  0.8076E-04  0.2023E-02  0.1359E-01  0.7404E-03  0.8017E-01  0.9276E-03  0.1577E-01  0.2923E-04  0.1230E-03
      2.788  0.4803E-03  0.1718E-02  0.5336E+00  0.1087E-01  0.8518E-02  0.1082E+00  0.3941E+00  0.1649E-01  0.3480E-04  0.5772E-04  0.3281E-02  0.1046E-01  0.1049E-02  0.6246E-01  0.1550E-02  0.1332E-01  0.3871E-04  0.9130E-04
      2.798  0.1408E-02  0.1453E-02  0.8972E+00  0.1006E-01  0.2420E-01  0.9035E-01  0.9265E+00  0.1565E-01  0.5500E-04  0.5446E-04  0.6506E-02  0.9355E-02  0.3064E-02  0.5210E-01  0.4544E-02  0.1229E-01  0.7599E-04  0.7771E-04
      2.808  0.7367E-03  0.1217E-02  0.3877E+00  0.1038E-01  0.1150E-01  0.7510E-01  0.4874E+00  0.1572E-01  0.1408E-04  0.6547E-04  0.2991E-02  0.9367E-02  0.1281E-02  0.4320E-01  0.2740E-02  0.1222E-01  0.2607E-04  0.7225E-04
      2.818  0.4748E-03  0.1020E-02  0.2392E+00  0.1084E-01  0.8245E-02  0.6230E-01  0.2742E+00  0.1589E-01  0.1149E-04  0.7651E-04  0.2077E-02  0.9548E-02  0.8749E-03  0.3574E-01  0.1682E-02  0.1227E-01  0.1813E-04  0.6845E-04
      2.829  0.4605E-03  0.8944E-03  0.2017E+00  0.1161E-01  0.8311E-02  0.5503E-01  0.2372E+00  0.1638E-01  0.1154E-04  0.8930E-04  0.1852E-02  0.1007E-01  0.8541E-03  0.3144E-01  0.1537E-02  0.1261E-01  0.1774E-04  0.6940E-04
      2.839  0.1117E-02  0.7777E-03  0.3537E+00  0.1317E-01  0.2569E-01  0.5257E-01  0.4193E+00  0.1790E-01  0.3487E-04  0.1052E-03  0.4398E-02  0.1132E-01  0.2956E-02  0.2971E-01  0.3208E-02  0.1385E-01  0.6625E-04  0.7570E-04
      2.849  0.1097E-02  0.6602E-03  0.1295E+00  0.1573E-01  0.1731E-01  0.5381E-01  0.1614E+00  0.2040E-01  0.2432E-04  0.1225E-03  0.2841E-02  0.1349E-01  0.2196E-02  0.2997E-01  0.2332E-02  0.1596E-01  0.3431E-04  0.8504E-04
      2.859  0.1518E-02  0.5355E-03  0.1496E+00  0.1926E-01  0.2139E-01  0.5679E-01  0.2019E+00  0.2370E-01  0.2295E-04  0.1401E-03  0.3638E-02  0.1651E-01  0.2528E-02  0.3113E-01  0.3618E-02  0.1870E-01  0.3068E-04  0.9531E-04
      2.869  0.1475E-02  0.4031E-03  0.1592E+00  0.2444E-01  0.1935E-01  0.5719E-01  0.2162E+00  0.2753E-01  0.1986E-04  0.1149E-03  0.4158E-02  0.1834E-01  0.2173E-02  0.3079E-01  0.4212E-02  0.1946E-01  0.2844E-04  0.8887E-04
      2.879  0.1346E-02  0.2896E-03  0.1847E+00  0.2888E-01  0.1722E-01  0.5758E-01  0.2109E+00  0.3026E-01  0.2197E-04  0.1239E-03  0.5279E-02  0.2080E-01  0.1895E-02  0.3041E-01  0.4469E-02  0.2099E-01  0.3783E-04  0.9381E-04
      2.889  0.1184E-02  0.1992E-03  0.1732E+00  0.2826E-01  0.1490E-01  0.4142E-01  0.1927E+00  0.2639E-01  0.1959E-04  0.1083E-03  0.5106E-02  0.1705E-01  0.1616E-02  0.2155E-01  0.4278E-02  0.1649E-01  0.3516E-04  0.7630E-04
      2.899  0.1045E-02  0.1504E-03  0.1600E+00  0.2790E-01  0.1288E-01  0.3098E-01  0.1759E+00  0.2341E-01  0.1748E-04  0.9268E-04  0.4908E-02  0.1444E-01  0.1369E-02  0.1606E-01  0.4117E-02  0.1328E-01  0.3257E-04  0.5937E-04
      2.909  0.9376E-03  0.1410E-03  0.1477E+00  0.2785E-01  0.1126E-01  0.2927E-01  0.1631E+00  0.2318E-01  0.1578E-04  0.8752E-04  0.4748E-02  0.1394E-01  0.1167E-02  0.1513E-01  0.4020E-02  0.1269E-01  0.3037E-04  0.5595E-04
      2.919  0.8651E-03  0.1320E-03  0.1416E+00  0.2775E-01  0.1008E-01  0.2759E-01  0.1564E+00  0.2293E-01  0.1475E-04  0.8240E-04  0.4778E-02  0.1342E-01  0.1014E-02  0.1421E-01  0.4020E-02  0.1209E-01  0.2937E-04  0.5253E-04
      2.929  0.8244E-03  0.1234E-03  0.1324E+00  0.2761E-01  0.9200E-02  0.2596E-01  0.1482E+00  0.2266E-01  0.1433E-04  0.7731E-04  0.4819E-02  0.1289E-01  0.8955E-03  0.1333E-01  0.4144E-02  0.1149E-01  0.2853E-04  0.4911E-04
      2.939  0.7984E-03  0.1150E-03  0.1193E+00  0.2742E-01  0.8427E-02  0.2438E-01  0.1364E+00  0.2236E-01  0.1383E-04  0.7226E-04  0.4726E-02  0.1234E-01  0.7901E-03  0.1246E-01  0.4280E-02  0.1088E-01  0.2685E-04  0.4569E-04
      2.949  0.7712E-03  0.1069E-03  0.1088E+00  0.2718E-01  0.7666E-02  0.2284E-01  0.1268E+00  0.2204E-01  0.1371E-04  0.6724E-04  0.4699E-02  0.1177E-01  0.6882E-03  0.1162E-01  0.4456E-02  0.1026E-01  0.2596E-04  0.4228E-04
      2.959  0.7486E-03  0.9920E-04  0.1104E+00  0.2690E-01  0.7153E-02  0.2134E-01  0.1241E+00  0.2170E-01  0.1499E-04  0.6226E-04  0.5052E-02  0.1119E-01  0.6239E-03  0.1080E-01  0.4715E-02  0.9642E-02  0.2834E-04  0.3886E-04
      2.969  0.7435E-03  0.9178E-04  0.1056E+00  0.2657E-01  0.6953E-02  0.1988E-01  0.1228E+00  0.2133E-01  0.1581E-04  0.5731E-04  0.5006E-02  0.1060E-01  0.6020E-03  0.1001E-01  0.4914E-02  0.9014E-02  0.2851E-04  0.3545E-04
      2.979  0.7425E-03  0.8468E-04  0.1080E+00  0.2620E-01  0.6808E-02  0.1847E-01  0.1264E+00  0.2095E-01  0.1784E-04  0.5240E-04  0.5397E-02  0.9991E-02  0.5836E-03  0.9241E-02  0.5384E-02  0.8379E-02  0.3098E-04  0.3205E-04
      2.989  0.7402E-03  0.8035E-04  0.1109E+00  0.2594E-01  0.6651E-02  0.1743E-01  0.1309E+00  0.2077E-01  0.1993E-04  0.4836E-04  0.5819E-02  0.9470E-02  0.5644E-03  0.8677E-02  0.5899E-02  0.7882E-02  0.3356E-04  0.2967E-04
      2.999  0.7378E-03  0.7846E-04  0.1135E+00  0.2578E-01  0.6480E-02  0.1671E-01  0.1357E+00  0.2079E-01  0.2206E-04  0.4518E-04  0.6234E-02  0.9034E-02  0.5445E-03  0.8294E-02  0.6445E-02  0.7519E-02  0.3603E-04  0.2828E-04
      3.009  0.7036E-03  0.7668E-04  0.1008E+00  0.2559E-01  0.6031E-02  0.1601E-01  0.1160E+00  0.2080E-01  0.2132E-04  0.4207E-04  0.5759E-02  0.8588E-02  0.5024E-03  0.7921E-02  0.5888E-02  0.7156E-02  0.3317E-04  0.2694E-04
      3.019  0.7529E-03  0.7499E-04  0.9315E-01  0.2536E-01  0.6084E-02  0.1533E-01  0.1203E+00  0.2081E-01  0.2321E-04  0.3906E-04  0.5646E-02  0.8133E-02  0.5035E-03  0.7556E-02  0.6524E-02  0.6794E-02  0.3338E-04  0.2565E-04
      3.029  0.7253E-03  0.7341E-04  0.8605E-01  0.2510E-01  0.5675E-02  0.1467E-01  0.1115E+00  0.2080E-01  0.2248E-04  0.3612E-04  0.5412E-02  0.7668E-02  0.4613E-03  0.7199E-02  0.6264E-02  0.6433E-02  0.3223E-04  0.2440E-04
      3.039  0.6960E-03  0.7193E-04  0.7916E-01  0.2480E-01  0.5250E-02  0.1402E-01  0.1029E+00  0.2080E-01  0.2173E-04  0.3327E-04  0.5183E-02  0.7192E-02  0.4179E-03  0.6852E-02  0.6007E-02  0.6072E-02  0.3108E-04  0.2320E-04
      3.049  0.6521E-03  0.7055E-04  0.6978E-01  0.2446E-01  0.4673E-02  0.1339E-01  0.9124E-01  0.2078E-01  0.2060E-04  0.3050E-04  0.4767E-02  0.6709E-02  0.3599E-03  0.6514E-02  0.5572E-02  0.5713E-02  0.2938E-04  0.2205E-04
      3.059  0.5370E-03  0.7275E-04  0.4943E-01  0.2562E-01  0.3590E-02  0.1322E-01  0.6417E-01  0.2176E-01  0.1783E-04  0.3005E-04  0.3565E-02  0.6765E-02  0.2590E-03  0.6389E-02  0.4172E-02  0.5729E-02  0.2686E-04  0.2209E-04
      3.069  0.5036E-03  0.8129E-04  0.4527E-01  0.2846E-01  0.3180E-02  0.1333E-01  0.5899E-01  0.2374E-01  0.1697E-04  0.3118E-04  0.3381E-02  0.7257E-02  0.2198E-03  0.6380E-02  0.3955E-02  0.6014E-02  0.2575E-04  0.2313E-04
      3.079  0.4960E-03  0.9047E-04  0.4189E-01  0.3137E-01  0.3037E-02  0.1346E-01  0.5466E-01  0.2581E-01  0.1620E-04  0.3228E-04  0.3221E-02  0.7756E-02  0.2047E-03  0.6376E-02  0.3755E-02  0.6312E-02  0.2480E-04  0.2411E-04
      3.089  0.4995E-03  0.1113E-03  0.3889E-01  0.3569E-01  0.3008E-02  0.1436E-01  0.5073E-01  0.3055E-01  0.1544E-04  0.3444E-04  0.3071E-02  0.8582E-02  0.1998E-03  0.6652E-02  0.3564E-02  0.7262E-02  0.2392E-04  0.2545E-04
      3.099  0.5032E-03  0.1664E-03  0.3597E-01  0.4572E-01  0.2980E-02  0.2114E-01  0.4691E-01  0.4047E-01  0.1466E-04  0.4829E-04  0.2926E-02  0.1047E-01  0.1949E-03  0.9381E-02  0.3378E-02  0.9180E-02  0.2303E-04  0.3396E-04
      3.109  0.5071E-03  0.2510E-03  0.3314E-01  0.6517E-01  0.2953E-02  0.3266E-01  0.4319E-01  0.5861E-01  0.1386E-04  0.7534E-04  0.2784E-02  0.1422E-01  0.1901E-03  0.1409E-01  0.3195E-02  0.1273E-01  0.2214E-04  0.5237E-04
      3.119  0.5110E-03  0.2923E-03  0.3039E-01  0.7630E-01  0.2926E-02  0.3501E-01  0.3958E-01  0.6961E-01  0.1304E-04  0.8355E-04  0.2646E-02  0.1622E-01  0.1853E-03  0.1493E-01  0.3015E-02  0.1473E-01  0.2124E-04  0.5817E-04
      3.129  0.5152E-03  0.3147E-03  0.2773E-01  0.8074E-01  0.2901E-02  0.3325E-01  0.3608E-01  0.7443E-01  0.1220E-04  0.8060E-04  0.2512E-02  0.1674E-01  0.1805E-03  0.1405E-01  0.2840E-02  0.1527E-01  0.2033E-04  0.5605E-04
      3.139  0.5213E-03  0.3455E-03  0.2518E-01  0.8763E-01  0.2899E-02  0.3177E-01  0.3278E-01  0.8024E-01  0.1135E-04  0.7838E-04  0.2383E-02  0.1792E-01  0.1772E-03  0.1327E-01  0.2681E-02  0.1599E-01  0.1942E-04  0.5434E-04
      3.149  0.5321E-03  0.4101E-03  0.2305E-01  0.9961E-01  0.2927E-02  0.3121E-01  0.2976E-01  0.9187E-01  0.1061E-04  0.7825E-04  0.2290E-02  0.2027E-01  0.1753E-03  0.1282E-01  0.2540E-02  0.1784E-01  0.1878E-04  0.5353E-04
      3.159  0.5513E-03  0.7253E-03  0.2195E-01  0.1437E+00  0.3004E-02  0.3922E-01  0.2802E-01  0.1341E+00  0.1047E-04  0.9546E-04  0.2281E-02  0.2902E-01  0.1771E-03  0.1577E-01  0.2488E-02  0.2632E-01  0.1879E-04  0.6174E-04
      3.169  0.5737E-03  0.3641E-03  0.2131E-01  0.5811E-01  0.3098E-02  0.2218E-01  0.2703E-01  0.5762E-01  0.1065E-04  0.5305E-04  0.2306E-02  0.8522E-02  0.1806E-03  0.8916E-02  0.2490E-02  0.8295E-02  0.1903E-04  0.3068E-04
      3.179  0.6086E-03  0.3433E-03  0.2111E-01  0.5282E-01  0.3265E-02  0.1727E-01  0.2630E-01  0.4669E-01  0.1133E-04  0.4611E-04  0.2459E-02  0.6934E-02  0.1894E-03  0.6916E-02  0.2563E-02  0.6043E-02  0.2042E-04  0.2726E-04
      3.189  0.6946E-03  0.3518E-03  0.2240E-01  0.5386E-01  0.3734E-02  0.1637E-01  0.2654E-01  0.4913E-01  0.1383E-04  0.4622E-04  0.3066E-02  0.6392E-02  0.2196E-03  0.6533E-02  0.2891E-02  0.5770E-02  0.2599E-04  0.2767E-04
      3.199  0.7880E-03  0.3866E-03  0.2355E-01  0.6788E-01  0.4244E-02  0.1410E-01  0.2674E-01  0.5630E-01  0.1625E-04  0.5043E-04  0.3637E-02  0.6553E-02  0.2522E-03  0.5547E-02  0.3211E-02  0.5747E-02  0.3127E-04  0.3014E-04
      3.209  0.8886E-03  0.4084E-03  0.2455E-01  0.7460E-01  0.4797E-02  0.1372E-01  0.2690E-01  0.6161E-01  0.1858E-04  0.5242E-04  0.4170E-02  0.6398E-02  0.2872E-03  0.5376E-02  0.3522E-02  0.5705E-02  0.3625E-04  0.3198E-04
      3.219  0.9967E-03  0.4311E-03  0.2540E-01  0.8267E-01  0.5393E-02  0.1335E-01  0.2702E-01  0.6817E-01  0.2081E-04  0.5502E-04  0.4665E-02  0.6278E-02  0.3245E-03  0.5201E-02  0.3825E-02  0.5692E-02  0.4093E-04  0.3451E-04
      3.229  0.1112E-02  0.4551E-03  0.2610E-01  0.9229E-01  0.6030E-02  0.1298E-01  0.2711E-01  0.7619E-01  0.2296E-04  0.5827E-04  0.5123E-02  0.6196E-02  0.3642E-03  0.5023E-02  0.4119E-02  0.5712E-02  0.4532E-04  0.3784E-04
      3.239  0.1244E-02  0.4806E-03  0.2666E-01  0.1058E+00  0.6737E-02  0.1260E-01  0.2725E-01  0.9028E-01  0.2510E-04  0.6247E-04  0.5551E-02  0.6308E-02  0.4070E-03  0.4839E-02  0.4432E-02  0.6080E-02  0.4946E-04  0.4169E-04
      3.249  0.1410E-02  0.5112E-03  0.2710E-01  0.1302E+00  0.7499E-02  0.1239E-01  0.2739E-01  0.1208E+00  0.2725E-04  0.7061E-04  0.5947E-02  0.6984E-02  0.4540E-03  0.4698E-02  0.4746E-02  0.7377E-02  0.5337E-04  0.4765E-04
      3.259  0.1210E-02  0.6331E-03  0.2307E-01  0.1974E+00  0.5979E-02  0.1442E-01  0.2373E-01  0.1807E+00  0.2396E-04  0.8365E-04  0.5096E-02  0.8316E-02  0.3446E-03  0.5393E-02  0.4336E-02  0.9594E-02  0.4528E-04  0.6478E-04
      3.269  0.9630E-03  0.7193E-03  0.1239E-01  0.2217E+00  0.4136E-02  0.1382E-01  0.1466E-01  0.2209E+00  0.1343E-04  0.9140E-04  0.2541E-02  0.8482E-02  0.2080E-03  0.5061E-02  0.2559E-02  0.1056E-01  0.2100E-04  0.6668E-04
      3.279  0.1109E-02  0.6962E-03  0.1213E-01  0.1975E+00  0.4593E-02  0.1085E-01  0.1436E-01  0.1865E+00  0.1432E-04  0.7351E-04  0.2682E-02  0.6614E-02  0.2251E-03  0.3914E-02  0.2685E-02  0.8022E-02  0.2163E-04  0.5712E-04
      3.289  0.1281E-02  0.7839E-03  0.1214E-01  0.2278E+00  0.5161E-02  0.9679E-02  0.1426E-01  0.2139E+00  0.1558E-04  0.7859E-04  0.2918E-02  0.7080E-02  0.2464E-03  0.3409E-02  0.2853E-02  0.7993E-02  0.2288E-04  0.6580E-04
      3.299  0.1439E-02  0.7498E-03  0.1235E-01  0.2199E+00  0.5670E-02  0.8586E-02  0.1421E-01  0.2053E+00  0.1697E-04  0.7613E-04  0.3206E-02  0.6701E-02  0.2651E-03  0.2959E-02  0.3019E-02  0.7288E-02  0.2466E-04  0.6667E-04
      3.309  0.2144E-02  0.7100E-03  0.2540E-01  0.2095E+00  0.1020E-01  0.7540E-02  0.3224E-01  0.1945E+00  0.3087E-04  0.7319E-04  0.7858E-02  0.6244E-02  0.4209E-03  0.2531E-02  0.8337E-02  0.6549E-02  0.5280E-04  0.6635E-04
      3.319  0.1529E-02  0.7448E-03  0.1705E-01  0.2944E+00  0.6698E-02  0.7785E-02  0.2751E-01  0.2179E+00  0.2060E-04  0.8509E-04  0.5003E-02  0.8305E-02  0.2830E-03  0.2516E-02  0.7066E-02  0.6698E-02  0.2823E-04  0.9736E-04
      3.329  0.1199E-02  0.7869E-03  0.1119E-01  0.2261E+00  0.4316E-02  0.6430E-02  0.1872E-01  0.2052E+00  0.1352E-04  0.8015E-04  0.3065E-02  0.6592E-02  0.1911E-03  0.2053E-02  0.4658E-02  0.6302E-02  0.1856E-04  0.1079E-03
      3.339  0.9756E-03  0.8371E-03  0.6148E-02  0.2224E+00  0.2517E-02  0.6263E-02  0.9498E-02  0.2092E+00  0.8805E-05  0.8174E-04  0.1465E-02  0.6359E-02  0.1242E-03  0.1971E-02  0.2172E-02  0.6248E-02  0.1168E-04  0.1123E-03
      3.349  0.9427E-03  0.8206E-03  0.4174E-02  0.1935E+00  0.1933E-02  0.6002E-02  0.5582E-02  0.1962E+00  0.7396E-05  0.7688E-04  0.8801E-03  0.5287E-02  0.1031E-03  0.1875E-02  0.1152E-02  0.5663E-02  0.9449E-05  0.9780E-04
      3.359  0.9994E-03  0.9368E-03  0.4043E-02  0.2163E+00  0.1979E-02  0.7099E-02  0.5496E-02  0.3595E+00  0.7626E-05  0.8475E-04  0.8831E-03  0.5025E-02  0.1046E-03  0.2426E-02  0.1176E-02  0.8934E-02  0.9554E-05  0.1205E-03
      3.369  0.1057E-02  0.1249E-02  0.3914E-02  0.1876E+00  0.2027E-02  0.7872E-02  0.5410E-02  0.2429E+00  0.7858E-05  0.1016E-03  0.8863E-03  0.4679E-02  0.1061E-03  0.2360E-02  0.1200E-02  0.5837E-02  0.9661E-05  0.8986E-04
      3.379  0.1115E-02  0.1930E-02  0.3786E-02  0.1817E+00  0.2075E-02  0.1053E-01  0.5323E-02  0.2223E+00  0.8092E-05  0.1458E-03  0.8897E-03  0.3606E-02  0.1076E-03  0.3062E-02  0.1223E-02  0.5063E-02  0.9771E-05  0.1152E-03
      3.389  0.1175E-02  0.2610E-02  0.3659E-02  0.1981E+00  0.2124E-02  0.1180E-01  0.5234E-02  0.2141E+00  0.8327E-05  0.2899E-03  0.8932E-03  0.2596E-02  0.1092E-03  0.3271E-02  0.1246E-02  0.3398E-02  0.9884E-05  0.1718E-03
      3.399  0.1235E-02  0.1780E-02  0.3535E-02  0.1153E+00  0.2174E-02  0.6327E-02  0.5145E-02  0.1529E+00  0.8563E-05  0.1194E-03  0.8969E-03  0.1849E-02  0.1108E-03  0.1746E-02  0.1268E-02  0.2010E-02  0.1000E-04  0.8524E-04
      3.409  0.1472E-02  0.1535E-02  0.3465E-02  0.8806E-01  0.2249E-02  0.5137E-02  0.5096E-02  0.1260E+00  0.9351E-05  0.8696E-04  0.9082E-03  0.1595E-02  0.1184E-03  0.1417E-02  0.1294E-02  0.1488E-02  0.1029E-04  0.5637E-04
      3.419  0.1726E-02  0.6171E-03  0.3400E-02  0.3863E-01  0.2327E-02  0.3268E-02  0.5049E-02  0.4671E-01  0.1014E-04  0.2524E-04  0.9197E-03  0.1130E-02  0.1267E-03  0.8874E-03  0.1319E-02  0.1141E-02  0.1059E-04  0.2884E-04
      3.429  0.1990E-02  0.6297E-03  0.3338E-02  0.3648E-01  0.2406E-02  0.3410E-02  0.5004E-02  0.4270E-01  0.1091E-04  0.2494E-04  0.9311E-03  0.1109E-02  0.1352E-03  0.9151E-03  0.1343E-02  0.1122E-02  0.1088E-04  0.2884E-04
      3.439  0.2266E-02  0.6745E-03  0.3280E-02  0.3565E-01  0.2487E-02  0.3602E-02  0.4960E-02  0.4102E-01  0.1166E-04  0.2611E-04  0.9424E-03  0.1102E-02  0.1441E-03  0.9571E-03  0.1368E-02  0.1112E-02  0.1118E-04  0.2944E-04
      3.449  0.2554E-02  0.7195E-03  0.3266E-02  0.3479E-01  0.2575E-02  0.3796E-02  0.4939E-02  0.3939E-01  0.1244E-04  0.2727E-04  0.9738E-03  0.1095E-02  0.1535E-03  0.9994E-03  0.1404E-02  0.1104E-02  0.1153E-04  0.3001E-04
      3.459  0.2854E-02  0.7647E-03  0.3260E-02  0.3392E-01  0.2665E-02  0.3991E-02  0.4923E-02  0.3779E-01  0.1322E-04  0.2842E-04  0.1008E-02  0.1089E-02  0.1633E-03  0.1042E-02  0.1441E-02  0.1098E-02  0.1189E-04  0.3057E-04
      3.469  0.3164E-02  0.8100E-03  0.3256E-02  0.3302E-01  0.2757E-02  0.4188E-02  0.4907E-02  0.3623E-01  0.1397E-04  0.2956E-04  0.1042E-02  0.1084E-02  0.1734E-03  0.1085E-02  0.1478E-02  0.1093E-02  0.1226E-04  0.3110E-04
      3.479  0.3486E-02  0.8555E-03  0.3254E-02  0.3209E-01  0.2850E-02  0.4386E-02  0.4893E-02  0.3472E-01  0.1471E-04  0.3069E-04  0.1075E-02  0.1080E-02  0.1839E-03  0.1128E-02  0.1515E-02  0.1090E-02  0.1262E-04  0.3161E-04
      3.489  0.3818E-02  0.1017E-02  0.3254E-02  0.3144E-01  0.2946E-02  0.4622E-02  0.4879E-02  0.3379E-01  0.1542E-04  0.3212E-04  0.1108E-02  0.1078E-02  0.1948E-03  0.1173E-02  0.1551E-02  0.1091E-02  0.1299E-04  0.3226E-04
      3.499  0.4162E-02  0.1296E-02  0.3256E-02  0.3103E-01  0.3043E-02  0.4895E-02  0.4866E-02  0.3340E-01  0.1613E-04  0.3386E-04  0.1140E-02  0.1078E-02  0.2060E-03  0.1221E-02  0.1587E-02  0.1095E-02  0.1336E-04  0.3305E-04
      3.509  0.4988E-02  0.1585E-02  0.3378E-02  0.3059E-01  0.3260E-02  0.5171E-02  0.4968E-02  0.3300E-01  0.1758E-04  0.3560E-04  0.1204E-02  0.1080E-02  0.2321E-03  0.1268E-02  0.1639E-02  0.1101E-02  0.1412E-04  0.3383E-04
      3.519  0.9709E-02  0.1884E-02  0.4662E-02  0.3012E-01  0.4635E-02  0.5449E-02  0.5742E-02  0.3259E-01  0.2429E-04  0.3734E-04  0.1552E-02  0.1082E-02  0.3803E-03  0.1316E-02  0.1937E-02  0.1109E-02  0.1944E-04  0.3459E-04
      3.529  0.1696E-01  0.3836E-02  0.6717E-02  0.2561E-01  0.6748E-02  0.6395E-02  0.7178E-02  0.3085E-01  0.3353E-04  0.4330E-04  0.2054E-02  0.1162E-02  0.6194E-03  0.1397E-02  0.2466E-02  0.1144E-02  0.2903E-04  0.3725E-04
      3.539  0.2196E-01  0.6137E-02  0.7882E-02  0.2455E-01  0.7627E-02  0.7424E-02  0.8432E-02  0.2984E-01  0.3961E-04  0.5154E-04  0.2158E-02  0.1267E-02  0.7927E-03  0.1495E-02  0.2732E-02  0.1193E-02  0.3188E-04  0.4199E-04
      3.549  0.2470E-01  0.8583E-02  0.8530E-02  0.2446E-01  0.7348E-02  0.8330E-02  0.9033E-02  0.3122E-01  0.4125E-04  0.6081E-04  0.2086E-02  0.1297E-02  0.9028E-03  0.1553E-02  0.2613E-02  0.1332E-02  0.3136E-04  0.4719E-04
      3.559  0.2690E-01  0.9951E-02  0.8931E-02  0.2442E-01  0.6851E-02  0.8432E-02  0.9333E-02  0.3281E-01  0.4437E-04  0.6504E-04  0.2023E-02  0.1277E-02  0.9960E-03  0.1479E-02  0.2464E-02  0.1349E-02  0.3170E-04  0.4829E-04
      3.569  0.2873E-01  0.1105E-01  0.9190E-02  0.2334E-01  0.6393E-02  0.8418E-02  0.9726E-02  0.3358E-01  0.4562E-04  0.6862E-04  0.1894E-02  0.1306E-02  0.1074E-02  0.1395E-02  0.2254E-02  0.1543E-02  0.3099E-04  0.4871E-04
      3.579  0.7830E-02  0.1181E-01  0.4082E-02  0.2407E-01  0.3369E-02  0.8313E-02  0.4062E-02  0.3414E-01  0.2047E-04  0.6913E-04  0.1111E-02  0.1281E-02  0.4004E-03  0.1311E-02  0.1498E-02  0.1557E-02  0.1585E-04  0.4773E-04
      3.589  0.8639E-02  0.1254E-01  0.4400E-02  0.2472E-01  0.3450E-02  0.8224E-02  0.4355E-02  0.3462E-01  0.2261E-04  0.6976E-04  0.1141E-02  0.1261E-02  0.4440E-03  0.1232E-02  0.1529E-02  0.1576E-02  0.1726E-04  0.4690E-04
      3.599  0.9468E-02  0.1323E-01  0.4720E-02  0.2530E-01  0.3530E-02  0.8143E-02  0.4652E-02  0.3496E-01  0.2481E-04  0.7039E-04  0.1169E-02  0.1244E-02  0.4887E-03  0.1158E-02  0.1556E-02  0.1596E-02  0.1871E-04  0.4616E-04
      3.609  0.1031E-01  0.1387E-01  0.5042E-02  0.2581E-01  0.3612E-02  0.8071E-02  0.4951E-02  0.3516E-01  0.2706E-04  0.7100E-04  0.1195E-02  0.1231E-02  0.5346E-03  0.1090E-02  0.1580E-02  0.1619E-02  0.2018E-04  0.4552E-04
      3.619  0.1118E-01  0.1447E-01  0.5367E-02  0.2624E-01  0.3695E-02  0.8007E-02  0.5254E-02  0.3523E-01  0.2937E-04  0.7161E-04  0.1219E-02  0.1221E-02  0.5817E-03  0.1027E-02  0.1601E-02  0.1643E-02  0.2169E-04  0.4497E-04
      3.629  0.1206E-01  0.1338E-01  0.5695E-02  0.2430E-01  0.3779E-02  0.7502E-02  0.5559E-02  0.3174E-01  0.3174E-04  0.6587E-04  0.1240E-02  0.1189E-02  0.6300E-03  0.9553E-03  0.1619E-02  0.1633E-02  0.2322E-04  0.4181E-04
      3.639  0.1297E-01  0.5337E-02  0.6025E-02  0.1091E-01  0.3863E-02  0.5214E-02  0.5868E-02  0.1498E-01  0.3417E-04  0.4526E-04  0.1260E-02  0.1035E-02  0.6794E-03  0.8455E-03  0.1634E-02  0.1464E-02  0.2478E-04  0.2732E-04
      3.649  0.1389E-01  0.5736E-02  0.6358E-02  0.1139E-01  0.3948E-02  0.5369E-02  0.6180E-02  0.1546E-01  0.3665E-04  0.4847E-04  0.1277E-02  0.1082E-02  0.7300E-03  0.8506E-03  0.1645E-02  0.1534E-02  0.2636E-04  0.2914E-04
      3.659  0.1516E-01  0.6142E-02  0.6848E-02  0.1185E-01  0.4082E-02  0.5525E-02  0.6603E-02  0.1593E-01  0.3993E-04  0.5174E-04  0.1327E-02  0.1129E-02  0.7978E-03  0.8555E-03  0.1662E-02  0.1605E-02  0.2857E-04  0.3099E-04
      3.669  0.1783E-01  0.6555E-02  0.7870E-02  0.1230E-01  0.4427E-02  0.5683E-02  0.7672E-02  0.1638E-01  0.4633E-04  0.5506E-04  0.1551E-02  0.1175E-02  0.9363E-03  0.8603E-03  0.1747E-02  0.1675E-02  0.3405E-04  0.3287E-04
      3.679  0.2154E-01  0.6974E-02  0.9776E-02  0.1272E-01  0.4993E-02  0.5843E-02  0.9182E-02  0.1682E-01  0.5394E-04  0.5845E-04  0.1879E-02  0.1222E-02  0.1138E-02  0.8649E-03  0.1968E-02  0.1746E-02  0.4118E-04  0.3479E-04
      3.689  0.2389E-01  0.7401E-02  0.1160E-01  0.1313E-01  0.5496E-02  0.6004E-02  0.1033E-01  0.1724E-01  0.5643E-04  0.6190E-04  0.2154E-02  0.1269E-02  0.1279E-02  0.8695E-03  0.2262E-02  0.1817E-02  0.4635E-04  0.3673E-04
      3.699  0.2527E-01  0.7835E-02  0.1309E-01  0.1351E-01  0.5937E-02  0.6168E-02  0.1121E-01  0.1766E-01  0.5679E-04  0.6540E-04  0.2386E-02  0.1315E-02  0.1376E-02  0.8739E-03  0.2583E-02  0.1888E-02  0.5057E-04  0.3871E-04
      3.709  0.2635E-01  0.8275E-02  0.1440E-01  0.1388E-01  0.6389E-02  0.6333E-02  0.1208E-01  0.1805E-01  0.5757E-04  0.6897E-04  0.2625E-02  0.1362E-02  0.1462E-02  0.8782E-03  0.2939E-02  0.1960E-02  0.5513E-04  0.4072E-04
      3.719  0.2247E-01  0.1659E-01  0.1320E-01  0.2059E-01  0.6037E-02  0.9088E-02  0.1023E-01  0.2719E-01  0.5237E-04  0.1340E-03  0.2631E-02  0.2492E-02  0.1247E-02  0.9909E-03  0.3004E-02  0.3021E-02  0.5114E-04  0.7958E-04
      3.729  0.9165E-02  0.2008E-01  0.4374E-02  0.2558E-01  0.2941E-02  0.1141E-01  0.4462E-02  0.3337E-01  0.2834E-04  0.1596E-03  0.1607E-02  0.3428E-02  0.4645E-03  0.1237E-02  0.1437E-02  0.3574E-02  0.2530E-04  0.1049E-03
      3.739  0.5934E-02  0.2951E-01  0.2645E-02  0.4447E-01  0.1946E-02  0.1923E-01  0.2537E-02  0.4776E-01  0.1768E-04  0.1886E-03  0.7560E-03  0.4851E-02  0.3065E-03  0.2211E-02  0.7739E-03  0.4801E-02  0.1482E-04  0.1358E-03
      3.749  0.4236E-02  0.1725E-01  0.1766E-02  0.2421E-01  0.1394E-02  0.1097E-01  0.1627E-02  0.2625E-01  0.1219E-04  0.8583E-04  0.3002E-03  0.2214E-02  0.2268E-03  0.1282E-02  0.4486E-03  0.2134E-02  0.9166E-05  0.7201E-04
      3.759  0.3516E-02  0.8788E-02  0.1533E-02  0.1286E-01  0.1048E-02  0.6255E-02  0.1410E-02  0.1471E-01  0.1017E-04  0.4050E-04  0.2464E-03  0.8932E-03  0.1965E-03  0.7535E-03  0.3654E-03  0.9948E-03  0.7683E-05  0.3535E-04
      3.769  0.1092E-01  0.4323E-02  0.1873E-02  0.7381E-02  0.2715E-02  0.3467E-02  0.2153E-02  0.9533E-02  0.6253E-04  0.2213E-04  0.3986E-03  0.4870E-03  0.6213E-03  0.3921E-03  0.7314E-03  0.4784E-03  0.2673E-04  0.1954E-04
      3.779  0.1078E-01  0.2029E-02  0.1859E-02  0.2506E-02  0.2519E-02  0.1744E-02  0.2278E-02  0.7444E-02  0.6503E-04  0.2939E-04  0.4579E-03  0.3912E-03  0.6616E-03  0.1479E-03  0.9323E-03  0.3629E-03  0.2813E-04  0.1436E-04
      3.789  0.1090E-01  0.4965E-02  0.2003E-02  0.1951E-02  0.2470E-02  0.3699E-02  0.2507E-02  0.6667E-02  0.6772E-04  0.1195E-03  0.5529E-03  0.8733E-03  0.7071E-03  0.3273E-03  0.1211E-02  0.9546E-03  0.3035E-04  0.4748E-04
      3.799  0.1091E-01  0.5781E-02  0.2173E-02  0.2057E-02  0.2416E-02  0.4119E-02  0.2772E-02  0.6810E-02  0.6904E-04  0.1492E-03  0.6541E-03  0.1018E-02  0.7418E-03  0.3910E-03  0.1505E-02  0.1244E-02  0.3231E-04  0.5915E-04
      3.809  0.1042E-01  0.6530E-02  0.2349E-02  0.2179E-02  0.2355E-02  0.4462E-02  0.2966E-02  0.6993E-02  0.6224E-04  0.1782E-03  0.6850E-03  0.1155E-02  0.7157E-03  0.4509E-03  0.1553E-02  0.1539E-02  0.3193E-04  0.7061E-04
      3.819  0.2309E-01  0.7211E-02  0.1049E-01  0.2317E-02  0.6463E-02  0.4729E-02  0.8178E-02  0.7217E-02  0.7500E-04  0.2066E-03  0.9040E-03  0.1283E-02  0.2004E-02  0.5069E-03  0.1679E-02  0.1837E-02  0.8956E-04  0.8185E-04
      3.829  0.2421E-01  0.1230E-01  0.1134E-01  0.6658E-02  0.8279E-02  0.1504E-01  0.9822E-02  0.8534E-02  0.7506E-04  0.2747E-03  0.1270E-02  0.2416E-02  0.2324E-02  0.2724E-02  0.1901E-02  0.2596E-02  0.1123E-03  0.1637E-03
      3.839  0.2455E-01  0.1324E-01  0.1195E-01  0.8128E-02  0.1007E-01  0.1199E-01  0.1102E-01  0.9123E-02  0.7577E-04  0.2387E-03  0.1706E-02  0.2256E-02  0.2595E-02  0.2532E-02  0.2154E-02  0.2699E-02  0.1349E-03  0.1917E-03
      3.849  0.2305E-01  0.1317E-01  0.1144E-01  0.9759E-02  0.7180E-02  0.9480E-02  0.1117E-01  0.1168E-01  0.8979E-04  0.1567E-03  0.2135E-02  0.2017E-02  0.2946E-02  0.2569E-02  0.2574E-02  0.2528E-02  0.1464E-03  0.2062E-03
      3.859  0.1964E-01  0.1088E-01  0.9848E-02  0.8107E-02  0.6009E-02  0.7868E-02  0.9628E-02  0.1030E-01  0.9003E-04  0.1349E-03  0.2160E-02  0.1696E-02  0.2766E-02  0.2247E-02  0.2750E-02  0.2285E-02  0.1344E-03  0.1847E-03
      3.869  0.1595E-01  0.8878E-02  0.8219E-02  0.6548E-02  0.5018E-02  0.6510E-02  0.8682E-02  0.8933E-02  0.8895E-04  0.1249E-03  0.2098E-02  0.1398E-02  0.2489E-02  0.1920E-02  0.2890E-02  0.2105E-02  0.1085E-03  0.1633E-03
      3.879  0.1990E-01  0.7157E-02  0.1554E-01  0.5263E-02  0.4873E-02  0.5540E-02  0.1091E-01  0.7547E-02  0.1188E-03  0.1125E-03  0.3041E-02  0.1183E-02  0.3401E-02  0.1617E-02  0.3242E-02  0.1887E-02  0.1081E-03  0.1399E-03
      3.889  0.1716E-01  0.9663E-02  0.1398E-01  0.6920E-02  0.4480E-02  0.5362E-02  0.9715E-02  0.9903E-02  0.1032E-03  0.1656E-03  0.2717E-02  0.1112E-02  0.2925E-02  0.1923E-02  0.2969E-02  0.1807E-02  0.8656E-04  0.1480E-03
      3.899  0.1545E-01  0.1071E-01  0.1297E-01  0.7464E-02  0.4225E-02  0.5167E-02  0.9039E-02  0.1078E-01  0.9252E-04  0.1799E-03  0.2466E-02  0.1026E-02  0.2604E-02  0.1978E-02  0.2747E-02  0.1709E-02  0.7769E-04  0.1434E-03
      3.909  0.1346E-01  0.1168E-01  0.1194E-01  0.8480E-02  0.3950E-02  0.5003E-02  0.8360E-02  0.1181E-01  0.8182E-04  0.1876E-03  0.2226E-02  0.9429E-03  0.2243E-02  0.2000E-02  0.2535E-02  0.1600E-02  0.6918E-04  0.1341E-03
      3.919  0.1120E-01  0.1293E-01  0.1089E-01  0.1133E-01  0.3656E-02  0.4888E-02  0.7677E-02  0.1316E-01  0.7112E-04  0.1848E-03  0.1997E-02  0.8553E-03  0.1841E-02  0.2035E-02  0.2334E-02  0.1491E-02  0.6105E-04  0.1249E-03
      3.929  0.8659E-02  0.1502E-01  0.9815E-02  0.1439E-01  0.3343E-02  0.3800E-02  0.6989E-02  0.1372E-01  0.6042E-04  0.1614E-03  0.1780E-02  0.5602E-03  0.1398E-02  0.2045E-02  0.2143E-02  0.9233E-03  0.5329E-04  0.1226E-03
      3.939  0.5296E-02  0.1857E-01  0.8506E-02  0.1814E-01  0.1804E-02  0.2136E-02  0.6033E-02  0.1449E-01  0.4639E-04  0.1619E-03  0.1324E-02  0.2304E-03  0.8899E-03  0.2231E-02  0.1521E-02  0.2467E-03  0.4281E-04  0.1346E-03
      3.949  0.2979E-02  0.1686E-01  0.7723E-02  0.1706E-01  0.5725E-03  0.2025E-02  0.5338E-02  0.1359E-01  0.2918E-04  0.1489E-03  0.9323E-03  0.2602E-03  0.5644E-03  0.2035E-02  0.8935E-03  0.2843E-03  0.3200E-04  0.1233E-03
      3.959  0.2965E-02  0.1507E-01  0.7767E-02  0.1602E-01  0.6076E-03  0.1896E-02  0.5409E-02  0.1272E-01  0.2906E-04  0.1360E-03  0.9405E-03  0.2915E-03  0.5580E-03  0.1831E-02  0.9250E-03  0.3241E-03  0.3278E-04  0.1125E-03
      3.969  0.2949E-02  0.1319E-01  0.7784E-02  0.1503E-01  0.6436E-03  0.1750E-02  0.5469E-02  0.1189E-01  0.2896E-04  0.1232E-03  0.9480E-03  0.3245E-03  0.5513E-03  0.1618E-02  0.9570E-03  0.3661E-03  0.3360E-04  0.1022E-03
      3.979  0.2881E-02  0.1123E-01  0.7502E-02  0.1408E-01  0.6666E-03  0.1585E-02  0.5465E-02  0.1110E-01  0.2871E-04  0.1105E-03  0.9408E-03  0.3592E-03  0.5368E-03  0.1398E-02  0.9756E-03  0.4102E-03  0.3396E-04  0.9244E-04
      3.989  0.2716E-02  0.9189E-02  0.6847E-02  0.1318E-01  0.6625E-03  0.1403E-02  0.5226E-02  0.1033E-01  0.2811E-04  0.9786E-04  0.9110E-03  0.3954E-03  0.5079E-03  0.1169E-02  0.9669E-03  0.4564E-03  0.3333E-04  0.8323E-04
      3.999  0.2552E-02  0.7063E-02  0.6218E-02  0.1233E-01  0.6568E-03  0.1202E-02  0.4996E-02  0.9605E-02  0.2750E-04  0.8534E-04  0.8825E-03  0.4333E-03  0.4794E-03  0.9314E-03  0.9570E-03  0.5048E-03  0.3264E-04  0.7455E-04
      4.009  0.3637E-02  0.5320E-02  0.1073E-01  0.1177E-01  0.7512E-03  0.1044E-02  0.8344E-02  0.9100E-02  0.6635E-04  0.7571E-04  0.1139E-02  0.4738E-03  0.7250E-03  0.7386E-03  0.1131E-02  0.5563E-03  0.6541E-04  0.6836E-04
      4.019  0.5083E-02  0.5274E-02  0.1618E-01  0.1211E-01  0.8734E-03  0.1104E-02  0.1234E-01  0.9313E-02  0.1116E-03  0.7648E-04  0.1447E-02  0.5192E-03  0.1052E-02  0.7378E-03  0.1338E-02  0.6130E-03  0.1040E-03  0.6961E-04
      4.029  0.6658E-02  0.5216E-02  0.2155E-01  0.1244E-01  0.1004E-02  0.1165E-02  0.1627E-01  0.9519E-02  0.1553E-03  0.7717E-04  0.1753E-02  0.5660E-03  0.1410E-02  0.7355E-03  0.1540E-02  0.6716E-03  0.1419E-03  0.7081E-04
      4.039  0.8363E-02  0.5146E-02  0.2684E-01  0.1275E-01  0.1144E-02  0.1228E-02  0.2014E-01  0.9716E-02  0.1975E-03  0.7779E-04  0.2056E-02  0.6142E-03  0.1798E-02  0.7318E-03  0.1740E-02  0.7320E-03  0.1789E-03  0.7195E-04
      4.049  0.1018E-01  0.5063E-02  0.3195E-01  0.1306E-01  0.1291E-02  0.1291E-02  0.2364E-01  0.9905E-02  0.2375E-03  0.7832E-04  0.2332E-02  0.6636E-03  0.2211E-02  0.7267E-03  0.1899E-02  0.7943E-03  0.2147E-03  0.7304E-04
      4.059  0.1212E-01  0.4968E-02  0.3692E-01  0.1335E-01  0.1447E-02  0.1355E-02  0.2692E-01  0.1009E-01  0.2756E-03  0.7879E-04  0.2590E-02  0.7145E-03  0.2652E-02  0.7201E-03  0.2035E-02  0.8584E-03  0.2495E-03  0.7407E-04
      4.069  0.6436E-02  0.4861E-02  0.1864E-01  0.1364E-01  0.1147E-02  0.1420E-02  0.1765E-01  0.1026E-01  0.1935E-03  0.7917E-04  0.1557E-02  0.7666E-03  0.1656E-02  0.7120E-03  0.1579E-02  0.9244E-03  0.1728E-03  0.7505E-04
      4.079  0.5448E-02  0.4742E-02  0.1136E-01  0.1391E-01  0.1138E-02  0.1486E-02  0.9263E-02  0.1042E-01  0.1376E-03  0.7948E-04  0.1144E-02  0.8202E-03  0.1633E-02  0.7026E-03  0.1125E-02  0.9923E-03  0.1281E-03  0.7596E-04
      4.089  0.5812E-02  0.2483E-02  0.1207E-01  0.3556E-02  0.1271E-02  0.1052E-02  0.9756E-02  0.5075E-02  0.1564E-03  0.6319E-04  0.1195E-02  0.7140E-03  0.1799E-02  0.4822E-03  0.1202E-02  0.7516E-03  0.1432E-03  0.5015E-04
      4.099  0.6196E-02  0.2370E-02  0.1280E-01  0.6179E-02  0.1422E-02  0.1271E-02  0.1033E-01  0.7054E-02  0.1759E-03  0.9490E-04  0.1253E-02  0.8311E-03  0.1970E-02  0.5016E-03  0.1297E-02  0.9021E-03  0.1587E-03  0.7327E-04
      4.109  0.6568E-02  0.2817E-02  0.1352E-01  0.1664E-01  0.1569E-02  0.2190E-02  0.1092E-01  0.1453E-01  0.1959E-03  0.2116E-03  0.1312E-02  0.1265E-02  0.2143E-02  0.6601E-03  0.1393E-02  0.1361E-02  0.1742E-03  0.1618E-03
      4.119  0.7039E-02  0.3432E-02  0.1431E-01  0.2690E-01  0.2069E-02  0.3126E-02  0.1181E-01  0.2149E-01  0.2194E-03  0.3236E-03  0.1636E-02  0.1501E-02  0.2322E-02  0.8423E-03  0.1767E-02  0.1764E-02  0.1935E-03  0.2458E-03
      4.129  0.7552E-02  0.4302E-02  0.1511E-01  0.3703E-01  0.2698E-02  0.3535E-02  0.1272E-01  0.2825E-01  0.2446E-03  0.4266E-03  0.1947E-02  0.1410E-02  0.2506E-02  0.1007E-02  0.2178E-02  0.1853E-02  0.2124E-03  0.3231E-03
      4.139  0.7950E-02  0.5407E-02  0.1582E-01  0.4700E-01  0.2987E-02  0.3712E-02  0.1351E-01  0.3486E-01  0.2671E-03  0.5239E-03  0.2023E-02  0.1214E-02  0.2693E-02  0.1175E-02  0.2389E-02  0.1766E-02  0.2278E-03  0.3960E-03
      4.149  0.8290E-02  0.6697E-02  0.1650E-01  0.5689E-01  0.3137E-02  0.3857E-02  0.1423E-01  0.4147E-01  0.2890E-03  0.6186E-03  0.2003E-02  0.1022E-02  0.2882E-02  0.1364E-02  0.2502E-02  0.1647E-02  0.2411E-03  0.4677E-03
      4.159  0.8775E-02  0.3586E-02  0.1753E-01  0.2340E-01  0.3173E-02  0.3447E-02  0.1544E-01  0.2229E-01  0.3177E-03  0.4033E-03  0.1968E-02  0.9127E-03  0.3165E-02  0.9386E-03  0.2555E-02  0.1702E-02  0.2669E-03  0.2719E-03
      4.169  0.9541E-02  0.3549E-02  0.1911E-01  0.1831E-01  0.3199E-02  0.3333E-02  0.1744E-01  0.1467E-01  0.3582E-03  0.3384E-03  0.1975E-02  0.8435E-03  0.3597E-02  0.9003E-03  0.2633E-02  0.1652E-02  0.3158E-03  0.2256E-03
      4.179  0.1012E-01  0.3776E-02  0.2038E-01  0.1982E-01  0.3064E-02  0.3038E-02  0.1874E-01  0.1614E-01  0.3864E-03  0.3822E-03  0.2027E-02  0.8197E-03  0.3984E-02  0.9191E-03  0.2643E-02  0.1574E-02  0.3607E-03  0.2524E-03
      4.189  0.1045E-01  0.4037E-02  0.2108E-01  0.2126E-01  0.2865E-02  0.2857E-02  0.1940E-01  0.1760E-01  0.4056E-03  0.4259E-03  0.2089E-02  0.7471E-03  0.4328E-02  0.9463E-03  0.2613E-02  0.1567E-02  0.4025E-03  0.2809E-03
      4.199  0.1075E-01  0.4183E-02  0.2155E-01  0.2269E-01  0.2697E-02  0.2509E-02  0.1998E-01  0.1893E-01  0.4242E-03  0.4687E-03  0.2135E-02  0.5896E-03  0.4671E-02  0.1025E-02  0.2592E-02  0.1323E-02  0.4435E-03  0.3125E-03
      4.209  0.1113E-01  0.4327E-02  0.2194E-01  0.2408E-01  0.2598E-02  0.2189E-02  0.2057E-01  0.2019E-01  0.4430E-03  0.5127E-03  0.2154E-02  0.4239E-03  0.5015E-02  0.1115E-02  0.2624E-02  0.1026E-02  0.4841E-03  0.3455E-03
      4.219  0.1128E-01  0.4489E-02  0.2230E-01  0.2541E-01  0.2306E-02  0.1934E-02  0.2100E-01  0.2141E-01  0.4600E-03  0.5581E-03  0.2032E-02  0.2718E-03  0.5333E-02  0.1208E-02  0.2316E-02  0.7230E-03  0.5270E-03  0.3794E-03
      4.230  0.1147E-01  0.4718E-02  0.2257E-01  0.2672E-01  0.2075E-02  0.1897E-02  0.2137E-01  0.2265E-01  0.4771E-03  0.6094E-03  0.1911E-02  0.2098E-03  0.5656E-02  0.1312E-02  0.1979E-02  0.5953E-03  0.5699E-03  0.4152E-03
      4.240  0.1172E-01  0.5345E-02  0.2276E-01  0.2939E-01  0.1947E-02  0.2089E-02  0.2170E-01  0.2586E-01  0.4947E-03  0.6981E-03  0.1816E-02  0.2321E-03  0.5987E-02  0.1633E-02  0.1672E-02  0.6606E-03  0.6127E-03  0.5094E-03
      4.250  0.1187E-01  0.7673E-02  0.2222E-01  0.3978E-01  0.2073E-02  0.3479E-02  0.2177E-01  0.3060E-01  0.5025E-03  0.8534E-03  0.1790E-02  0.8697E-03  0.6214E-02  0.2980E-02  0.1654E-02  0.9303E-03  0.6420E-03  0.9313E-03
      4.260  0.1189E-01  0.1054E-01  0.2122E-01  0.4651E-01  0.2202E-02  0.5904E-02  0.2165E-01  0.3812E-01  0.5029E-03  0.1395E-02  0.1740E-02  0.1343E-02  0.6383E-02  0.5076E-02  0.1619E-02  0.2165E-02  0.6577E-03  0.1109E-02
      4.270  0.1865E-01  0.9409E-02  0.2812E-01  0.3918E-01  0.5186E-02  0.5510E-02  0.2342E-01  0.3435E-01  0.6173E-03  0.1286E-02  0.2701E-02  0.1328E-02  0.1210E-01  0.5236E-02  0.2972E-02  0.2009E-02  0.8694E-03  0.1048E-02
      4.280  0.9258E-02  0.8251E-02  0.1360E-01  0.3199E-01  0.2134E-02  0.4807E-02  0.1756E-01  0.3061E-01  0.5816E-03  0.1066E-02  0.1189E-02  0.1271E-02  0.7689E-02  0.5382E-02  0.1431E-02  0.1694E-02  0.8585E-03  0.9887E-03
      4.290  0.9870E-02  0.6679E-02  0.1378E-01  0.2473E-01  0.2243E-02  0.3338E-02  0.1717E-01  0.2389E-01  0.6178E-03  0.6293E-03  0.1243E-02  0.8312E-03  0.9591E-02  0.5301E-02  0.1515E-02  0.1092E-02  0.9168E-03  0.7698E-03
      4.300  0.9626E-02  0.5994E-02  0.1297E-01  0.2144E-01  0.2279E-02  0.2574E-02  0.1619E-01  0.2118E-01  0.6166E-03  0.4759E-03  0.1180E-02  0.4993E-03  0.1062E-01  0.5242E-02  0.1461E-02  0.7760E-03  0.9419E-03  0.6961E-03
      4.310  0.9408E-02  0.5828E-02  0.1224E-01  0.2005E-01  0.2312E-02  0.2286E-02  0.1532E-01  0.2161E-01  0.6224E-03  0.4916E-03  0.1110E-02  0.3910E-03  0.1156E-01  0.5150E-02  0.1398E-02  0.6409E-03  0.9705E-03  0.7412E-03
      4.320  0.9241E-02  0.5761E-02  0.1194E-01  0.1730E-01  0.2230E-02  0.2128E-02  0.1495E-01  0.2123E-01  0.6505E-03  0.6332E-03  0.1003E-02  0.2847E-03  0.1119E-01  0.5641E-02  0.1300E-02  0.5110E-03  0.1008E-02  0.1067E-02
      4.330  0.9050E-02  0.5416E-02  0.1160E-01  0.1443E-01  0.2159E-02  0.1914E-02  0.1455E-01  0.1955E-01  0.6785E-03  0.6905E-03  0.9119E-03  0.1785E-03  0.1031E-01  0.5880E-02  0.1216E-02  0.3782E-03  0.1047E-02  0.1169E-02
      4.340  0.9049E-02  0.5720E-02  0.1168E-01  0.1402E-01  0.2323E-02  0.2016E-02  0.1480E-01  0.1938E-01  0.7453E-03  0.7860E-03  0.9238E-03  0.1650E-03  0.1127E-01  0.6454E-02  0.1245E-02  0.3898E-03  0.1177E-02  0.1301E-02
      4.350  0.9410E-02  0.6245E-02  0.1729E-01  0.1466E-01  0.2896E-02  0.2270E-02  0.2070E-01  0.2001E-01  0.1075E-02  0.9054E-03  0.1412E-02  0.2055E-03  0.2285E-01  0.7119E-02  0.1675E-02  0.5026E-03  0.1918E-02  0.1442E-02
      4.360  0.1882E-01  0.6748E-02  0.2902E-01  0.1551E-01  0.8007E-02  0.2555E-02  0.3994E-01  0.2050E-01  0.1933E-02  0.1030E-02  0.2456E-02  0.2621E-03  0.5094E-01  0.7725E-02  0.3814E-02  0.6485E-03  0.2280E-02  0.1573E-02
      4.370  0.1197E-01  0.1028E-01  0.1559E-01  0.2325E-01  0.4928E-02  0.4666E-02  0.1942E-01  0.2506E-01  0.1310E-02  0.1393E-02  0.1435E-02  0.1075E-02  0.2796E-01  0.1133E-01  0.1963E-02  0.1282E-02  0.1730E-02  0.1854E-02
      4.380  0.5922E-02  0.1216E-01  0.7982E-02  0.2567E-01  0.1830E-02  0.7774E-02  0.8870E-02  0.2707E-01  0.7446E-03  0.1622E-02  0.8063E-03  0.1663E-02  0.1439E-01  0.1483E-01  0.9499E-03  0.1978E-02  0.1188E-02  0.2152E-02
      4.390  0.2498E-02  0.1369E-01  0.3015E-02  0.2638E-01  0.6795E-03  0.1153E-01  0.2936E-02  0.2785E-01  0.2750E-03  0.1798E-02  0.3625E-03  0.2311E-02  0.5367E-02  0.1829E-01  0.3836E-03  0.2785E-02  0.3995E-03  0.2390E-02
      4.400  0.9442E-03  0.9780E-02  0.9963E-03  0.3053E-01  0.1540E-03  0.1126E-01  0.9699E-03  0.3471E-01  0.1603E-03  0.2923E-02  0.1416E-03  0.1647E-02  0.1917E-02  0.5887E-01  0.2834E-03  0.4625E-02  0.5164E-04  0.3090E-02
      4.410  0.1060E-02  0.3310E-02  0.1197E-02  0.1035E-01  0.2294E-03  0.2824E-02  0.1911E-02  0.1048E-01  0.2813E-03  0.1180E-02  0.1948E-03  0.3166E-03  0.2292E-02  0.1758E-01  0.9049E-03  0.8675E-03  0.8928E-04  0.1687E-02
      4.420  0.2238E-02  0.9123E-03  0.3888E-02  0.3018E-02  0.6029E-03  0.7607E-03  0.4169E-02  0.2852E-02  0.6018E-03  0.4000E-03  0.1239E-02  0.8251E-04  0.4086E-02  0.5867E-02  0.2015E-02  0.1817E-03  0.3358E-03  0.5295E-03
      4.430  0.3968E-02  0.2100E-03  0.7246E-02  0.1523E-02  0.1079E-02  0.4373E-04  0.7226E-02  0.8988E-03  0.1080E-02  0.2365E-03  0.2423E-02  0.6969E-04  0.6495E-02  0.2429E-02  0.3165E-02  0.5591E-04  0.7168E-03  0.1087E-03
      4.440  0.5496E-02  0.5585E-03  0.8828E-02  0.3842E-02  0.1406E-02  0.1208E-03  0.8418E-02  0.1816E-02  0.1346E-02  0.3489E-03  0.2967E-02  0.2542E-03  0.7753E-02  0.3272E-02  0.3615E-02  0.1984E-03  0.1028E-02  0.2592E-03
      4.450  0.6070E-02  0.1681E-02  0.7247E-02  0.7386E-02  0.1231E-02  0.5038E-03  0.5190E-02  0.1159E-01  0.9528E-03  0.1023E-02  0.2620E-02  0.4502E-03  0.5460E-02  0.9434E-02  0.2880E-02  0.6368E-03  0.9873E-03  0.5966E-03
      4.460  0.6685E-02  0.3982E-02  0.5579E-02  0.2339E-01  0.1244E-02  0.1596E-02  0.3878E-02  0.2654E-01  0.7257E-03  0.2685E-02  0.2179E-02  0.1315E-02  0.4994E-02  0.2745E-01  0.2547E-02  0.1830E-02  0.7187E-03  0.1782E-02
      4.470  0.5265E-02  0.4308E-02  0.3662E-02  0.2192E-01  0.1102E-02  0.1831E-02  0.2871E-02  0.2019E-01  0.4939E-03  0.2459E-02  0.1665E-02  0.1585E-02  0.4296E-02  0.2200E-01  0.2187E-02  0.2213E-02  0.4137E-03  0.2288E-02
      4.480  0.4767E-02  0.2608E-02  0.2628E-02  0.1201E-01  0.1521E-02  0.1500E-02  0.2473E-02  0.1122E-01  0.3953E-03  0.1577E-02  0.1718E-02  0.1250E-02  0.3866E-02  0.1390E-01  0.2652E-02  0.1961E-02  0.2269E-03  0.1396E-02
      4.490  0.4642E-02  0.1222E-02  0.2455E-02  0.5885E-02  0.1463E-02  0.1369E-02  0.2342E-02  0.6563E-02  0.3725E-03  0.9205E-03  0.1663E-02  0.1034E-02  0.3582E-02  0.9997E-02  0.2633E-02  0.1822E-02  0.2136E-03  0.6833E-03
      4.500  0.4508E-02  0.1189E-02  0.2284E-02  0.5445E-02  0.1402E-02  0.1350E-02  0.2210E-02  0.6050E-02  0.3498E-03  0.8629E-03  0.1604E-02  0.1017E-02  0.3305E-02  0.9057E-02  0.2603E-02  0.1840E-02  0.2004E-03  0.6553E-03
      4.510  0.4400E-02  0.1157E-02  0.2224E-02  0.5019E-02  0.1341E-02  0.1325E-02  0.2118E-02  0.5548E-02  0.3310E-03  0.8069E-03  0.1560E-02  0.9973E-03  0.3074E-02  0.8155E-02  0.2569E-02  0.1847E-02  0.1915E-03  0.6278E-03
      4.520  0.4314E-02  0.1126E-02  0.2262E-02  0.4609E-02  0.1279E-02  0.1294E-02  0.2063E-02  0.5059E-02  0.3156E-03  0.7524E-03  0.1528E-02  0.9738E-03  0.2884E-02  0.7288E-02  0.2528E-02  0.1843E-02  0.1863E-03  0.6006E-03
      4.530  0.4223E-02  0.1096E-02  0.2318E-02  0.4213E-02  0.1216E-02  0.1257E-02  0.2013E-02  0.4583E-02  0.3008E-03  0.6994E-03  0.1496E-02  0.9468E-03  0.2705E-02  0.6458E-02  0.2477E-02  0.1827E-02  0.1816E-03  0.5739E-03
      4.540  0.4934E-02  0.1172E-02  0.2462E-02  0.3879E-02  0.1165E-02  0.1217E-02  0.2031E-02  0.4139E-02  0.2936E-03  0.6513E-03  0.1482E-02  0.9188E-03  0.2661E-02  0.5722E-02  0.2443E-02  0.1818E-02  0.1852E-03  0.5513E-03
      4.550  0.8408E-02  0.1311E-02  0.3057E-02  0.3575E-02  0.1150E-02  0.1171E-02  0.2302E-02  0.3727E-02  0.3183E-03  0.6068E-03  0.1564E-02  0.8970E-03  0.2990E-02  0.5056E-02  0.2492E-02  0.1798E-02  0.2200E-03  0.5310E-03
      4.560  0.1605E-01  0.1725E-02  0.4639E-02  0.3333E-02  0.1168E-02  0.1130E-02  0.3016E-02  0.3346E-02  0.3868E-03  0.5701E-03  0.1865E-02  0.8914E-03  0.3773E-02  0.4526E-02  0.2662E-02  0.1776E-02  0.3235E-03  0.5169E-03
      4.570  0.2412E-01  0.3127E-02  0.6351E-02  0.2722E-02  0.1123E-02  0.1227E-02  0.3756E-02  0.2328E-02  0.4575E-03  0.5597E-03  0.2151E-02  0.8459E-03  0.4622E-02  0.3800E-02  0.2745E-02  0.1819E-02  0.4327E-03  0.5245E-03
      4.580  0.3246E-01  0.5121E-02  0.8091E-02  0.2949E-02  0.1221E-02  0.1440E-02  0.4554E-02  0.2209E-02  0.5309E-03  0.5517E-03  0.2494E-02  0.9136E-03  0.5450E-02  0.3606E-02  0.3053E-02  0.1919E-02  0.5457E-03  0.5591E-03
      4.590  0.4087E-01  0.7178E-02  0.1009E-01  0.3553E-02  0.1299E-02  0.1591E-02  0.5480E-02  0.2459E-02  0.5966E-03  0.5903E-03  0.2920E-02  0.9737E-03  0.6257E-02  0.4080E-02  0.3363E-02  0.1941E-02  0.6605E-03  0.6046E-03
      4.600  0.5000E-01  0.9691E-02  0.1302E-01  0.4422E-02  0.1452E-02  0.1737E-02  0.7444E-02  0.2905E-02  0.7280E-03  0.6545E-03  0.3599E-02  0.1054E-02  0.7270E-02  0.4772E-02  0.3804E-02  0.1960E-02  0.8453E-03  0.6740E-03
      4.610  0.5936E-01  0.1327E-01  0.1627E-01  0.5753E-02  0.1604E-02  0.1920E-02  0.9733E-02  0.3710E-02  0.8821E-03  0.7514E-03  0.4336E-02  0.1190E-02  0.8400E-02  0.5585E-02  0.4230E-02  0.2024E-02  0.1050E-02  0.7990E-03
      4.620  0.6889E-01  0.1690E-01  0.1972E-01  0.7150E-02  0.1751E-02  0.2103E-02  0.1217E-01  0.4553E-02  0.1042E-02  0.8496E-03  0.5096E-02  0.1324E-02  0.9552E-02  0.6403E-02  0.4670E-02  0.2089E-02  0.1263E-02  0.9281E-03
      4.630  0.7002E-01  0.2059E-01  0.2278E-01  0.8612E-02  0.1820E-02  0.2285E-02  0.1446E-01  0.5434E-02  0.1267E-02  0.9490E-03  0.5613E-02  0.1458E-02  0.1009E-01  0.7228E-02  0.4979E-02  0.2155E-02  0.1776E-02  0.1061E-02
      4.640  0.4766E-01  0.2429E-01  0.1488E-01  0.1010E-01  0.1691E-02  0.2446E-02  0.1269E-01  0.6344E-02  0.1231E-02  0.1048E-02  0.4227E-02  0.1584E-02  0.8970E-02  0.8053E-02  0.4179E-02  0.2210E-02  0.1784E-02  0.1197E-02
      4.650  0.3736E-01  0.2743E-01  0.1172E-01  0.1116E-01  0.1608E-02  0.2328E-02  0.1232E-01  0.7154E-02  0.1158E-02  0.1126E-02  0.3716E-02  0.1633E-02  0.7680E-02  0.8812E-02  0.3951E-02  0.2087E-02  0.1669E-02  0.1318E-02
      4.660  0.3025E-01  0.3065E-01  0.1255E-01  0.1219E-01  0.1569E-02  0.2216E-02  0.1343E-01  0.7978E-02  0.1176E-02  0.1206E-02  0.3837E-02  0.1678E-02  0.6777E-02  0.9586E-02  0.3952E-02  0.1967E-02  0.1646E-02  0.1441E-02
      4.670  0.2443E-01  0.3394E-01  0.1343E-01  0.1318E-01  0.1525E-02  0.2109E-02  0.1467E-01  0.8816E-02  0.1201E-02  0.1288E-02  0.3964E-02  0.1722E-02  0.5781E-02  0.1038E-01  0.3965E-02  0.1849E-02  0.1620E-02  0.1566E-02
      4.680  0.2277E-01  0.3712E-01  0.1826E-01  0.1411E-01  0.1586E-02  0.1974E-02  0.2224E-01  0.9653E-02  0.1375E-02  0.1368E-02  0.4977E-02  0.1740E-02  0.5710E-02  0.1104E-01  0.4756E-02  0.1702E-02  0.1787E-02  0.1696E-02
      4.690  0.2181E-01  0.2995E-01  0.2088E-01  0.1047E-01  0.1556E-02  0.1341E-02  0.2496E-01  0.8587E-02  0.1455E-02  0.1155E-02  0.5526E-02  0.1338E-02  0.5676E-02  0.8927E-02  0.4980E-02  0.1320E-02  0.1856E-02  0.1496E-02
      4.700  0.1510E-01  0.2640E-01  0.1690E-01  0.1041E-01  0.1171E-02  0.1045E-02  0.2080E-01  0.8627E-02  0.1244E-02  0.1134E-02  0.4649E-02  0.1181E-02  0.5253E-02  0.7708E-02  0.4189E-02  0.1092E-02  0.1441E-02  0.1471E-02
      4.710  0.1334E-01  0.2415E-01  0.1542E-01  0.1058E-01  0.9172E-03  0.8654E-03  0.1817E-01  0.8804E-02  0.1125E-02  0.1141E-02  0.4231E-02  0.1074E-02  0.4910E-02  0.6737E-02  0.3613E-02  0.9548E-03  0.1277E-02  0.1469E-02
      4.720  0.1255E-01  0.2271E-01  0.1510E-01  0.1056E-01  0.8827E-03  0.8306E-03  0.1787E-01  0.8773E-02  0.1133E-02  0.1179E-02  0.4135E-02  0.8872E-03  0.4727E-02  0.6426E-02  0.3450E-02  0.7833E-03  0.1235E-02  0.1470E-02
      4.730  0.1835E-01  0.1960E-01  0.1792E-01  0.9904E-02  0.1613E-02  0.6949E-03  0.1981E-01  0.7715E-02  0.1392E-02  0.1183E-02  0.5147E-02  0.6611E-03  0.5379E-02  0.6197E-02  0.3989E-02  0.5459E-03  0.1502E-02  0.1417E-02
      4.740  0.1902E-01  0.1904E-01  0.1731E-01  0.1387E-01  0.1776E-02  0.7495E-03  0.1904E-01  0.1376E-01  0.1374E-02  0.1280E-02  0.5141E-02  0.7729E-03  0.5265E-02  0.5713E-02  0.3997E-02  0.6635E-03  0.1444E-02  0.1513E-02
      4.750  0.2006E-01  0.1573E-01  0.1676E-01  0.1523E-01  0.1925E-02  0.6628E-03  0.1828E-01  0.1482E-01  0.1373E-02  0.1195E-02  0.5174E-02  0.8040E-03  0.5138E-02  0.5135E-02  0.4037E-02  0.6593E-03  0.1464E-02  0.1211E-02
      4.760  0.2043E-01  0.1649E-01  0.1629E-01  0.1723E-01  0.2023E-02  0.1006E-02  0.1737E-01  0.2054E-01  0.1308E-02  0.2285E-02  0.5727E-02  0.1027E-02  0.4868E-02  0.5064E-02  0.4056E-02  0.8729E-03  0.1452E-02  0.1911E-02
      4.770  0.1951E-01  0.1650E-01  0.1577E-01  0.1674E-01  0.2032E-02  0.1065E-02  0.1646E-01  0.2041E-01  0.1195E-02  0.2315E-02  0.6612E-02  0.1222E-02  0.4343E-02  0.4740E-02  0.4643E-02  0.9780E-03  0.1351E-02  0.1913E-02
      4.780  0.1858E-01  0.1757E-01  0.1536E-01  0.1655E-01  0.2040E-02  0.1151E-02  0.1569E-01  0.2039E-01  0.1082E-02  0.2338E-02  0.7561E-02  0.1467E-02  0.3799E-02  0.4479E-02  0.5287E-02  0.1124E-02  0.1251E-02  0.1934E-02
      4.790  0.1759E-01  0.2063E-01  0.1495E-01  0.1714E-01  0.2035E-02  0.1262E-02  0.1492E-01  0.2075E-01  0.9703E-03  0.2377E-02  0.8439E-02  0.1804E-02  0.3235E-02  0.4381E-02  0.5876E-02  0.1343E-02  0.1153E-02  0.2014E-02
      4.800  0.1671E-01  0.2252E-01  0.1422E-01  0.1716E-01  0.1975E-02  0.1326E-02  0.1406E-01  0.2069E-01  0.9027E-03  0.2344E-02  0.8634E-02  0.2089E-02  0.2732E-02  0.4182E-02  0.6073E-02  0.1522E-02  0.1089E-02  0.2030E-02
      4.810  0.1583E-01  0.2039E-01  0.1348E-01  0.1644E-01  0.1916E-02  0.1269E-02  0.1321E-01  0.1984E-01  0.8330E-03  0.2184E-02  0.8824E-02  0.2299E-02  0.2219E-02  0.3626E-02  0.6279E-02  0.1638E-02  0.1024E-02  0.1910E-02
      4.820  0.1528E-01  0.1826E-01  0.1285E-01  0.1574E-01  0.1878E-02  0.1208E-02  0.1246E-01  0.1899E-01  0.7858E-03  0.2021E-02  0.9032E-02  0.2515E-02  0.2042E-02  0.3070E-02  0.6506E-02  0.1757E-02  0.9701E-03  0.1788E-02
      4.830  0.1536E-01  0.1613E-01  0.1531E-01  0.1504E-01  0.2042E-02  0.1140E-02  0.1304E-01  0.1815E-01  0.8754E-03  0.1855E-02  0.1114E-01  0.2736E-02  0.2812E-02  0.2516E-02  0.7474E-02  0.1879E-02  0.1105E-02  0.1666E-02
      4.840  0.1759E-01  0.1399E-01  0.2214E-01  0.1435E-01  0.2625E-02  0.1068E-02  0.1885E-01  0.1731E-01  0.1378E-02  0.1686E-02  0.1510E-01  0.2964E-02  0.6147E-02  0.1963E-02  0.1031E-01  0.2005E-02  0.1866E-02  0.1544E-02
      4.850  0.2382E-01  0.1271E-01  0.2378E-01  0.1381E-01  0.2909E-02  0.1028E-02  0.3382E-01  0.1654E-01  0.2834E-02  0.1532E-02  0.1360E-01  0.3186E-02  0.9626E-02  0.1458E-02  0.1673E-01  0.2124E-02  0.2290E-02  0.1449E-02
      4.860  0.1335E-01  0.1166E-01  0.6065E-02  0.1322E-01  0.1619E-02  0.9780E-03  0.5266E-02  0.1564E-01  0.3915E-03  0.1432E-02  0.7963E-02  0.3312E-02  0.1171E-02  0.1354E-02  0.5871E-02  0.2191E-02  0.5086E-03  0.1375E-02
      4.870  0.1373E-01  0.1063E-01  0.5731E-02  0.1263E-01  0.1693E-02  0.9251E-03  0.4934E-02  0.1475E-01  0.3642E-03  0.1333E-02  0.8348E-02  0.3438E-02  0.1076E-02  0.1254E-02  0.6259E-02  0.2259E-02  0.4710E-03  0.1299E-02
      4.880  0.1538E-01  0.9630E-02  0.5568E-02  0.1202E-01  0.1890E-02  0.8699E-03  0.4828E-02  0.1386E-01  0.3658E-03  0.1232E-02  0.8933E-02  0.3565E-02  0.1109E-02  0.1155E-02  0.6883E-02  0.2328E-02  0.4761E-03  0.1221E-02
      4.890  0.2132E-01  0.1432E-01  0.5748E-02  0.2219E-01  0.2504E-02  0.1160E-02  0.5248E-02  0.2917E-01  0.4205E-03  0.3238E-02  0.1065E-01  0.4279E-02  0.1441E-02  0.9704E-02  0.8432E-02  0.3137E-02  0.5355E-03  0.3455E-02
      4.900  0.2719E-01  0.1036E-01  0.5945E-02  0.1432E-01  0.3300E-02  0.8834E-03  0.5783E-02  0.2112E-01  0.4801E-03  0.2217E-02  0.1296E-01  0.4135E-02  0.1765E-02  0.4771E-02  0.1030E-01  0.3088E-02  0.5987E-03  0.2047E-02
      4.910  0.3418E-01  0.6015E-02  0.6953E-02  0.5115E-02  0.8657E-02  0.5810E-03  0.7005E-02  0.6198E-02  0.6415E-03  0.5237E-03  0.2288E-01  0.3619E-02  0.2001E-02  0.5835E-03  0.1671E-01  0.2282E-02  0.7487E-03  0.5600E-03
      4.920  0.4702E-01  0.5301E-02  0.1062E-01  0.4766E-02  0.2026E-01  0.5280E-03  0.1083E-01  0.5632E-02  0.1153E-02  0.4334E-03  0.4653E-01  0.3759E-02  0.3211E-02  0.5049E-03  0.2793E-01  0.2355E-02  0.1516E-02  0.4871E-03
      4.930  0.7728E-01  0.8627E-02  0.3122E-01  0.8685E-02  0.6185E-01  0.2654E-02  0.2493E-01  0.7234E-02  0.3683E-02  0.8205E-03  0.8645E-01  0.5777E-02  0.6280E-02  0.6676E-03  0.8433E-01  0.4960E-02  0.3950E-02  0.7496E-03
      4.940  0.6132E-01  0.1169E-01  0.2162E-01  0.9350E-02  0.6463E-01  0.3146E-02  0.1571E-01  0.7496E-02  0.1830E-02  0.1024E-02  0.5550E-01  0.6950E-02  0.5907E-02  0.8311E-03  0.3886E-01  0.6168E-02  0.2540E-02  0.8583E-03
      4.950  0.3933E-01  0.1628E-01  0.9362E-02  0.9661E-02  0.8574E-02  0.3488E-02  0.8283E-02  0.7793E-02  0.7829E-03  0.1228E-02  0.1928E-01  0.8527E-02  0.2787E-02  0.1567E-02  0.1967E-01  0.7450E-02  0.9737E-03  0.1014E-02
      4.960  0.5115E-01  0.2082E-01  0.1568E-01  0.9023E-02  0.4810E-01  0.3268E-02  0.1435E-01  0.7969E-02  0.1237E-02  0.1264E-02  0.2091E-01  0.9638E-02  0.3779E-02  0.2651E-02  0.2544E-01  0.7668E-02  0.1373E-02  0.1133E-02
      4.970  0.5643E-01  0.2098E-01  0.2130E-01  0.9068E-02  0.7801E-01  0.3146E-02  0.2055E-01  0.7931E-02  0.1941E-02  0.1273E-02  0.2908E-01  0.1032E-01  0.5179E-02  0.2907E-02  0.3469E-01  0.7967E-02  0.2024E-02  0.1193E-02
      4.980  0.3394E-01  0.2195E-01  0.1520E-01  0.9088E-02  0.3351E-01  0.3706E-02  0.1432E-01  0.7924E-02  0.1499E-02  0.1278E-02  0.2436E-01  0.1111E-01  0.4080E-02  0.3303E-02  0.2396E-01  0.8368E-02  0.1641E-02  0.1252E-02
      4.990  0.2756E-01  0.2352E-01  0.1188E-01  0.9075E-02  0.1366E-01  0.4846E-02  0.1182E-01  0.7933E-02  0.1240E-02  0.1271E-02  0.2442E-01  0.1199E-01  0.3853E-02  0.3768E-02  0.2098E-01  0.8852E-02  0.1314E-02  0.1305E-02
      5.000  0.2773E-01  0.2504E-01  0.1431E-01  0.8989E-02  0.8223E-02  0.6081E-02  0.1331E-01  0.7902E-02  0.1576E-02  0.1242E-02  0.3122E-01  0.1290E-01  0.4561E-02  0.4179E-02  0.2385E-01  0.9351E-02  0.1749E-02  0.1347E-02
      5.010  0.3034E-01  0.2683E-01  0.2054E-01  0.9256E-02  0.7143E-02  0.7592E-02  0.1733E-01  0.8004E-02  0.2219E-02  0.1268E-02  0.4055E-01  0.1400E-01  0.5766E-02  0.4555E-02  0.2892E-01  0.1001E-01  0.2790E-02  0.1422E-02
      5.020  0.3324E-01  0.2889E-01  0.2158E-01  0.1026E-01  0.6806E-02  0.9499E-02  0.1951E-01  0.8480E-02  0.2469E-02  0.1388E-02  0.4406E-01  0.1536E-01  0.6585E-02  0.4909E-02  0.3163E-01  0.1087E-01  0.2878E-02  0.1584E-02
      5.030  0.2884E-01  0.3105E-01  0.1636E-01  0.1129E-01  0.5582E-02  0.1166E-01  0.1807E-01  0.9102E-02  0.2050E-02  0.1520E-02  0.3348E-01  0.1688E-01  0.6073E-02  0.5212E-02  0.2641E-01  0.1183E-01  0.2175E-02  0.1765E-02
      5.040  0.2674E-01  0.4393E-01  0.1437E-01  0.1331E-01  0.5688E-02  0.2405E-01  0.1679E-01  0.1119E-01  0.1772E-02  0.1912E-02  0.2963E-01  0.2418E-01  0.5560E-02  0.5709E-02  0.2415E-01  0.1968E-01  0.1839E-02  0.2194E-02
      5.050  0.2315E-01  0.8203E-01  0.1420E-01  0.1884E-01  0.6927E-02  0.5931E-01  0.1680E-01  0.1681E-01  0.1745E-02  0.2950E-02  0.2742E-01  0.5042E-01  0.5678E-02  0.6896E-02  0.2275E-01  0.3834E-01  0.1752E-02  0.3238E-02
      5.060  0.1181E-01  0.6323E-01  0.1418E-01  0.1816E-01  0.7954E-02  0.4050E-01  0.1164E-01  0.1609E-01  0.1619E-02  0.2667E-02  0.2534E-01  0.4248E-01  0.5855E-02  0.5643E-02  0.2509E-01  0.3567E-01  0.1590E-02  0.2844E-02
      5.070  0.1544E-01  0.3745E-01  0.1788E-01  0.1569E-01  0.9369E-02  0.2267E-01  0.1409E-01  0.1365E-01  0.2129E-02  0.2289E-02  0.3327E-01  0.2929E-01  0.7665E-02  0.3449E-02  0.3453E-01  0.2638E-01  0.2004E-02  0.2235E-02
      5.080  0.1770E-01  0.2828E-01  0.1758E-01  0.1418E-01  0.7370E-02  0.1403E-01  0.1438E-01  0.1267E-01  0.2227E-02  0.1975E-02  0.3682E-01  0.2790E-01  0.8595E-02  0.3063E-02  0.4040E-01  0.2561E-01  0.2271E-02  0.1903E-02
      5.090  0.1527E-01  0.2826E-01  0.1496E-01  0.1733E-01  0.4469E-02  0.1333E-01  0.1094E-01  0.1456E-01  0.1919E-02  0.2259E-02  0.2979E-01  0.3149E-01  0.8484E-02  0.3519E-02  0.3377E-01  0.2939E-01  0.2184E-02  0.2118E-02
      5.100  0.1457E-01  0.2741E-01  0.1477E-01  0.1954E-01  0.4141E-02  0.1239E-01  0.1119E-01  0.1688E-01  0.1956E-02  0.2744E-02  0.2697E-01  0.3917E-01  0.8890E-02  0.4142E-02  0.2999E-01  0.3304E-01  0.2217E-02  0.2409E-02
      5.110  0.1457E-01  0.2528E-01  0.1123E-01  0.2127E-01  0.4844E-02  0.1152E-01  0.9004E-02  0.2114E-01  0.1889E-02  0.3519E-02  0.2979E-01  0.5441E-01  0.4289E-02  0.4748E-02  0.2059E-01  0.3904E-01  0.1735E-02  0.2855E-02
      5.120  0.1847E-01  0.1705E-01  0.1271E-01  0.1681E-01  0.6189E-02  0.8678E-02  0.1128E-01  0.1728E-01  0.2541E-02  0.2749E-02  0.3985E-01  0.4296E-01  0.4407E-02  0.4526E-02  0.2301E-01  0.5003E-01  0.1936E-02  0.2431E-02
      5.130  0.2152E-01  0.8689E-02  0.1357E-01  0.1084E-01  0.6879E-02  0.5805E-02  0.1176E-01  0.1083E-01  0.2611E-02  0.1715E-02  0.4300E-01  0.1374E-01  0.4918E-02  0.2333E-02  0.2514E-01  0.1912E-01  0.1993E-02  0.1688E-02
      5.140  0.6397E-01  0.7975E-02  0.2208E-01  0.1091E-01  0.1302E-01  0.5582E-02  0.1792E-01  0.1062E-01  0.3791E-02  0.1797E-02  0.6357E-01  0.1148E-01  0.8825E-02  0.2141E-02  0.5635E-01  0.1853E-01  0.3472E-02  0.1776E-02
      5.150  0.6152E-01  0.7417E-02  0.2050E-01  0.1145E-01  0.1341E-01  0.5277E-02  0.1633E-01  0.1094E-01  0.3429E-02  0.1913E-02  0.6040E-01  0.1061E-01  0.8821E-02  0.2001E-02  0.5248E-01  0.2004E-01  0.2957E-02  0.1943E-02
      5.160  0.5329E-01  0.6090E-02  0.1480E-01  0.1112E-01  0.1276E-01  0.4989E-02  0.1276E-01  0.9726E-02  0.2574E-02  0.1934E-02  0.4433E-01  0.9799E-02  0.8388E-02  0.1673E-02  0.4061E-01  0.1874E-01  0.2350E-02  0.1951E-02
      5.170  0.5046E-01  0.4790E-02  0.1284E-01  0.9780E-02  0.1324E-01  0.4985E-02  0.1225E-01  0.7930E-02  0.2268E-02  0.1926E-02  0.3636E-01  0.7859E-02  0.9027E-02  0.1344E-02  0.3622E-01  0.1288E-01  0.2271E-02  0.1773E-02
      5.180  0.5349E-01  0.1373E-01  0.1452E-01  0.1117E-01  0.1634E-01  0.6060E-02  0.1516E-01  0.9197E-02  0.2488E-02  0.2578E-02  0.3730E-01  0.8991E-02  0.1082E-01  0.5889E-02  0.3597E-01  0.6676E-02  0.2528E-02  0.2388E-02
      5.190  0.5873E-01  0.1892E-01  0.1742E-01  0.1359E-01  0.2255E-01  0.7281E-02  0.1880E-01  0.1138E-01  0.3182E-02  0.3454E-02  0.4739E-01  0.1089E-01  0.1372E-01  0.9135E-02  0.4247E-01  0.7861E-02  0.3654E-02  0.2929E-02
      5.200  0.5599E-01  0.2332E-01  0.1907E-01  0.1675E-01  0.2588E-01  0.8222E-02  0.1868E-01  0.1348E-01  0.3535E-02  0.4026E-02  0.5237E-01  0.1289E-01  0.1571E-01  0.1234E-01  0.4336E-01  0.1042E-01  0.4179E-02  0.3530E-02
      5.210  0.5000E-01  0.2759E-01  0.2012E-01  0.2042E-01  0.2712E-01  0.8988E-02  0.1780E-01  0.1546E-01  0.3537E-02  0.4199E-02  0.4850E-01  0.1693E-01  0.1732E-01  0.1604E-01  0.4203E-01  0.1330E-01  0.3719E-02  0.3870E-02
      5.220  0.3885E-01  0.2999E-01  0.1672E-01  0.1992E-01  0.2322E-01  0.9154E-02  0.1501E-01  0.1886E-01  0.3053E-02  0.4111E-02  0.3728E-01  0.2325E-01  0.1520E-01  0.1731E-01  0.3526E-01  0.1275E-01  0.2984E-02  0.3848E-02
      5.230  0.2500E-01  0.2605E-01  0.1121E-01  0.1258E-01  0.1658E-01  0.6807E-02  0.1151E-01  0.1107E-01  0.2287E-02  0.3291E-02  0.2405E-01  0.1193E-01  0.1101E-01  0.1071E-01  0.2518E-01  0.7179E-02  0.2157E-02  0.2945E-02
      5.240  0.1543E-01  0.2449E-01  0.8064E-02  0.1212E-01  0.1162E-01  0.6487E-02  0.9628E-02  0.1056E-01  0.1775E-02  0.3246E-02  0.1716E-01  0.1114E-01  0.8047E-02  0.9855E-02  0.1809E-01  0.6718E-02  0.1687E-02  0.2945E-02
      5.250  0.1179E-01  0.2293E-01  0.6397E-02  0.1168E-01  0.8431E-02  0.6160E-02  0.9160E-02  0.1008E-01  0.1928E-02  0.3205E-02  0.1392E-01  0.1039E-01  0.6343E-02  0.9017E-02  0.1678E-01  0.6270E-02  0.1660E-02  0.2951E-02
      5.260  0.1178E-01  0.2159E-01  0.6261E-02  0.1140E-01  0.7009E-02  0.5836E-02  0.1059E-01  0.9723E-02  0.3134E-02  0.3219E-02  0.1489E-01  0.9942E-02  0.6176E-02  0.8219E-02  0.2158E-01  0.6042E-02  0.2292E-02  0.3071E-02
      5.270  0.3770E-01  0.2762E-01  0.1736E-01  0.1557E-01  0.2021E-01  0.5944E-02  0.2942E-01  0.1271E-01  0.8533E-02  0.4418E-02  0.5748E-01  0.1731E-01  0.1451E-01  0.8324E-02  0.5718E-01  0.1279E-01  0.1041E-01  0.5350E-02
      5.280  0.2416E-01  0.4493E-01  0.1168E-01  0.2233E-01  0.1567E-01  0.7696E-02  0.1622E-01  0.1932E-01  0.6320E-02  0.5328E-02  0.2757E-01  0.2945E-01  0.1049E-01  0.8920E-02  0.4352E-01  0.3642E-01  0.4583E-02  0.5618E-02
      5.290  0.1873E-01  0.4766E-01  0.7820E-02  0.2705E-01  0.1459E-01  0.9827E-02  0.9821E-02  0.1888E-01  0.2341E-02  0.7110E-02  0.1879E-01  0.5323E-01  0.5684E-02  0.8470E-02  0.2387E-01  0.2756E-01  0.1912E-02  0.5171E-02
      5.300  0.2243E-01  0.3573E-01  0.8382E-02  0.1399E-01  0.1788E-01  0.1019E-01  0.1042E-01  0.1820E-01  0.2539E-02  0.5656E-02  0.2459E-01  0.2832E-01  0.6496E-02  0.7012E-02  0.2711E-01  0.3426E-01  0.2344E-02  0.5307E-02
      5.310  0.2633E-01  0.3729E-01  0.8898E-02  0.1008E-01  0.2128E-01  0.1261E-01  0.1097E-01  0.1673E-01  0.2719E-02  0.4985E-02  0.3065E-01  0.2887E-01  0.7305E-02  0.6205E-02  0.3041E-01  0.4356E-01  0.2751E-02  0.4833E-02
      5.320  0.3636E-01  0.3489E-01  0.1395E-01  0.7749E-02  0.2982E-01  0.1345E-01  0.1659E-01  0.1056E-01  0.4770E-02  0.3490E-02  0.6298E-01  0.2318E-01  0.1069E-01  0.5249E-02  0.7650E-01  0.2942E-01  0.5657E-02  0.2897E-02
      5.330  0.4421E-01  0.3385E-01  0.1626E-01  0.7779E-02  0.3703E-01  0.1316E-01  0.1996E-01  0.1084E-01  0.5958E-02  0.3645E-02  0.7711E-01  0.2302E-01  0.1225E-01  0.5358E-02  0.1004E+00  0.2774E-01  0.7994E-02  0.3155E-02
      5.340  0.4186E-01  0.3188E-01  0.1214E-01  0.8395E-02  0.3438E-01  0.1274E-01  0.1487E-01  0.1109E-01  0.3891E-02  0.3540E-02  0.3764E-01  0.2231E-01  0.1108E-01  0.5602E-02  0.4713E-01  0.2577E-01  0.4317E-02  0.3138E-02
      5.350  0.3884E-01  0.2986E-01  0.1088E-01  0.9147E-02  0.3321E-01  0.1225E-01  0.1297E-01  0.1135E-01  0.3333E-02  0.3429E-02  0.2354E-01  0.2174E-01  0.1074E-01  0.5958E-02  0.3307E-01  0.2395E-01  0.3330E-02  0.3079E-02
      5.360  0.3481E-01  0.2783E-01  0.1190E-01  0.1007E-01  0.3090E-01  0.1171E-01  0.1344E-01  0.1162E-01  0.3118E-02  0.3333E-02  0.2177E-01  0.2133E-01  0.9992E-02  0.6575E-02  0.2961E-01  0.2231E-01  0.2915E-02  0.3008E-02
      5.370  0.2962E-01  0.2587E-01  0.1370E-01  0.1121E-01  0.2751E-01  0.1115E-01  0.1437E-01  0.1195E-01  0.2971E-02  0.3296E-02  0.2125E-01  0.2111E-01  0.8935E-02  0.7711E-02  0.2775E-01  0.2088E-01  0.2639E-02  0.2971E-02
      5.380  0.3672E-01  0.3679E-01  0.2287E-01  0.2513E-01  0.3183E-01  0.1497E-01  0.1999E-01  0.1707E-01  0.4801E-02  0.4205E-02  0.2417E-01  0.3074E-01  0.1349E-01  0.1802E-01  0.2800E-01  0.3605E-01  0.4038E-02  0.3829E-02
      5.390  0.2642E-01  0.4446E-01  0.2315E-01  0.2910E-01  0.2646E-01  0.1731E-01  0.1903E-01  0.2487E-01  0.2628E-02  0.6020E-02  0.2401E-01  0.5959E-01  0.7254E-02  0.2063E-01  0.3257E-01  0.4615E-01  0.2533E-02  0.4231E-02
      5.400  0.2662E-01  0.3903E-01  0.2514E-01  0.2543E-01  0.2835E-01  0.1724E-01  0.1923E-01  0.2620E-01  0.2390E-02  0.5993E-02  0.2441E-01  0.6564E-01  0.7725E-02  0.1854E-01  0.3251E-01  0.4455E-01  0.2246E-02  0.3464E-02
      5.410  0.2832E-01  0.2247E-01  0.2764E-01  0.1874E-01  0.3191E-01  0.7843E-02  0.2096E-01  0.1582E-01  0.2749E-02  0.2116E-02  0.2469E-01  0.3266E-01  0.9134E-02  0.9431E-02  0.3290E-01  0.2238E-01  0.2347E-02  0.1633E-02
      5.420  0.3142E-01  0.1836E-01  0.3014E-01  0.1525E-01  0.3474E-01  0.5251E-02  0.2501E-01  0.1279E-01  0.3691E-02  0.1811E-02  0.2304E-01  0.2715E-01  0.1059E-01  0.6484E-02  0.2921E-01  0.1793E-01  0.2574E-02  0.1477E-02
      5.430  0.3551E-01  0.1558E-01  0.3547E-01  0.1293E-01  0.4330E-01  0.3623E-02  0.3397E-01  0.1059E-01  0.5678E-02  0.1706E-02  0.2098E-01  0.2497E-01  0.1347E-01  0.4038E-02  0.2409E-01  0.2071E-01  0.3276E-02  0.1726E-02
      5.440  0.1255E-01  0.1317E-01  0.1437E-01  0.1047E-01  0.3539E-01  0.3195E-02  0.1983E-01  0.8768E-02  0.3072E-02  0.1399E-02  0.1584E-01  0.2215E-01  0.8065E-02  0.2281E-02  0.1859E-01  0.2190E-01  0.2480E-02  0.1667E-02
      5.450  0.1212E-01  0.1431E-01  0.1460E-01  0.1270E-01  0.3440E-01  0.4489E-02  0.1990E-01  0.9812E-02  0.2726E-02  0.1330E-02  0.1288E-01  0.2812E-01  0.8232E-02  0.2689E-02  0.1615E-01  0.2882E-01  0.2676E-02  0.1780E-02
      5.460  0.1731E-01  0.2057E-01  0.2255E-01  0.1595E-01  0.5549E-01  0.8427E-02  0.2612E-01  0.1524E-01  0.4246E-02  0.2331E-02  0.1764E-01  0.3966E-01  0.1325E-01  0.3757E-02  0.1781E-01  0.4359E-01  0.6534E-02  0.2510E-02
      5.470  0.1108E-01  0.3647E-01  0.1283E-01  0.2770E-01  0.2902E-01  0.1688E-01  0.1453E-01  0.3218E-01  0.2921E-02  0.7829E-02  0.9225E-02  0.7736E-01  0.6188E-02  0.9735E-02  0.1425E-01  0.7440E-01  0.2968E-02  0.6717E-02
      5.480  0.1094E-01  0.4232E-01  0.1306E-01  0.3234E-01  0.2892E-01  0.1875E-01  0.1341E-01  0.3556E-01  0.3298E-02  0.1002E-01  0.9180E-02  0.7025E-01  0.6180E-02  0.1420E-01  0.1405E-01  0.6301E-01  0.3527E-02  0.8494E-02
      5.490  0.1068E-01  0.4526E-01  0.1297E-01  0.3234E-01  0.2845E-01  0.2215E-01  0.1216E-01  0.3556E-01  0.3440E-02  0.8861E-02  0.9090E-02  0.3072E-01  0.6081E-02  0.1529E-01  0.1382E-01  0.3756E-01  0.4014E-02  0.8894E-02
      5.500  0.1020E-01  0.3808E-01  0.1228E-01  0.2232E-01  0.2719E-01  0.2389E-01  0.1085E-01  0.2601E-01  0.3332E-02  0.3909E-02  0.9007E-02  0.2627E-01  0.5794E-02  0.8004E-02  0.1373E-01  0.3585E-01  0.4201E-02  0.3745E-02
      5.510  0.9746E-02  0.3324E-01  0.1219E-01  0.1608E-01  0.2805E-01  0.2140E-01  0.1049E-01  0.1486E-01  0.3335E-02  0.2947E-02  0.9394E-02  0.1949E-01  0.5887E-02  0.6816E-02  0.1101E-01  0.2605E-01  0.4139E-02  0.2930E-02
      5.520  0.9267E-02  0.3280E-01  0.1115E-01  0.1243E-01  0.2719E-01  0.2236E-01  0.1023E-01  0.1008E-01  0.3201E-02  0.2458E-02  0.9008E-02  0.1651E-01  0.5763E-02  0.7213E-02  0.9899E-02  0.2203E-01  0.3816E-02  0.2218E-02
      5.530  0.8789E-02  0.4616E-01  0.1007E-01  0.1280E-01  0.2618E-01  0.3256E-01  0.1021E-01  0.9856E-02  0.2962E-02  0.2644E-02  0.8517E-02  0.4024E-01  0.5692E-02  0.1055E-01  0.8802E-02  0.4777E-01  0.3434E-02  0.2311E-02
      5.540  0.8677E-02  0.4615E-01  0.8769E-02  0.1515E-01  0.2262E-01  0.3326E-01  0.8820E-02  0.1191E-01  0.2800E-02  0.2872E-02  0.6539E-02  0.6319E-01  0.5147E-02  0.1106E-01  0.6798E-02  0.6055E-01  0.3094E-02  0.2605E-02
      5.550  0.9162E-02  0.4588E-01  0.8600E-02  0.1764E-01  0.1824E-01  0.3392E-01  0.7175E-02  0.1453E-01  0.2883E-02  0.3179E-02  0.4231E-02  0.8467E-01  0.4709E-02  0.1162E-01  0.4622E-02  0.7651E-01  0.3404E-02  0.2981E-02
      5.560  0.9780E-02  0.4537E-01  0.9092E-02  0.1580E-01  0.1769E-01  0.3347E-01  0.7518E-02  0.1445E-01  0.3272E-02  0.3670E-02  0.3851E-02  0.8395E-01  0.5266E-02  0.1192E-01  0.4210E-02  0.8083E-01  0.3964E-02  0.3790E-02
      5.570  0.1113E-01  0.4225E-01  0.9652E-02  0.1329E-01  0.1742E-01  0.3121E-01  0.7983E-02  0.1218E-01  0.4092E-02  0.3653E-02  0.3861E-02  0.7652E-01  0.5874E-02  0.1159E-01  0.4259E-02  0.6762E-01  0.4889E-02  0.3999E-02
      5.580  0.1259E-01  0.3312E-01  0.1028E-01  0.7515E-02  0.1711E-01  0.2774E-01  0.8482E-02  0.7002E-02  0.5066E-02  0.3251E-02  0.3886E-02  0.2444E-01  0.6500E-02  0.9743E-02  0.4343E-02  0.2776E-01  0.5862E-02  0.3730E-02
      5.590  0.1403E-01  0.3112E-01  0.1117E-01  0.6897E-02  0.1680E-01  0.2708E-01  0.9263E-02  0.6265E-02  0.6366E-02  0.3122E-02  0.3930E-02  0.2114E-01  0.7154E-02  0.9480E-02  0.4451E-02  0.2314E-01  0.6957E-02  0.3659E-02
      5.600  0.1461E-01  0.2804E-01  0.1198E-01  0.6231E-02  0.1644E-01  0.2620E-01  0.1026E-01  0.5559E-02  0.7388E-02  0.3069E-02  0.3965E-02  0.1647E-01  0.7705E-02  0.8996E-02  0.4549E-02  0.1807E-01  0.7848E-02  0.3729E-02
      5.610  0.1472E-01  0.2565E-01  0.1275E-01  0.6016E-02  0.1602E-01  0.2866E-01  0.1133E-01  0.5975E-02  0.8298E-02  0.4359E-02  0.3994E-02  0.2067E-01  0.8164E-02  0.8489E-02  0.4647E-02  0.2563E-01  0.8643E-02  0.4221E-02
      5.620  0.1490E-01  0.2507E-01  0.1405E-01  0.6873E-02  0.1565E-01  0.4956E-01  0.1296E-01  0.1101E-01  0.9502E-02  0.6278E-02  0.4061E-02  0.5253E-01  0.8898E-02  0.9262E-02  0.4794E-02  0.7396E-01  0.9551E-02  0.5378E-02
      5.631  0.1437E-01  0.2678E-01  0.1564E-01  0.1069E-01  0.1619E-01  0.8088E-01  0.1512E-01  0.1346E-01  0.1061E-01  0.5778E-02  0.4166E-02  0.9866E-01  0.9796E-02  0.1198E-01  0.5008E-02  0.9417E-01  0.1013E-01  0.5537E-02
      5.641  0.1377E-01  0.2145E-01  0.1764E-01  0.6486E-02  0.1766E-01  0.2930E-01  0.1832E-01  0.6887E-02  0.1181E-01  0.3807E-02  0.4385E-02  0.1670E-01  0.1089E-01  0.8495E-02  0.5389E-02  0.1841E-01  0.1068E-01  0.4625E-02
      5.651  0.1368E-01  0.2087E-01  0.2063E-01  0.6919E-02  0.1982E-01  0.2808E-01  0.2348E-01  0.7441E-02  0.1342E-01  0.4734E-02  0.4806E-02  0.1783E-01  0.1215E-01  0.8516E-02  0.5933E-02  0.2285E-01  0.1160E-01  0.5530E-02
      5.661  0.1268E-01  0.2027E-01  0.2334E-01  0.7449E-02  0.1884E-01  0.2685E-01  0.2673E-01  0.8072E-02  0.1261E-01  0.5819E-02  0.5036E-02  0.1861E-01  0.1164E-01  0.8525E-02  0.5394E-02  0.2614E-01  0.1222E-01  0.6670E-02
      5.671  0.1016E-01  0.1965E-01  0.1834E-01  0.8011E-02  0.1406E-01  0.2562E-01  0.1738E-01  0.8694E-02  0.6147E-02  0.6930E-02  0.4269E-02  0.1895E-01  0.9418E-02  0.8523E-02  0.4185E-02  0.2824E-01  0.8628E-02  0.7790E-02
      5.681  0.9674E-02  0.2141E-01  0.1393E-01  0.9689E-02  0.1277E-01  0.2672E-01  0.1424E-01  0.9628E-02  0.4614E-02  0.8675E-02  0.3973E-02  0.1936E-01  0.8447E-02  0.9396E-02  0.3880E-02  0.2584E-01  0.6120E-02  0.9226E-02
      5.691  0.9734E-02  0.2841E-01  0.1392E-01  0.1361E-01  0.1234E-01  0.3140E-01  0.1403E-01  0.1470E-01  0.4386E-02  0.1105E-01  0.4030E-02  0.2129E-01  0.8296E-02  0.1369E-01  0.3840E-02  0.2739E-01  0.5649E-02  0.1325E-01
      5.701  0.9726E-02  0.2314E-01  0.1346E-01  0.1319E-01  0.1134E-01  0.2764E-01  0.1363E-01  0.1291E-01  0.4212E-02  0.1047E-01  0.3904E-02  0.1728E-01  0.7715E-02  0.1149E-01  0.3688E-02  0.2023E-01  0.5454E-02  0.1225E-01
      5.711  0.9767E-02  0.1770E-01  0.1310E-01  0.1321E-01  0.1034E-01  0.2830E-01  0.1339E-01  0.1433E-01  0.3925E-02  0.1301E-01  0.3980E-02  0.1353E-01  0.7180E-02  0.1079E-01  0.4127E-02  0.1636E-01  0.4682E-02  0.1091E-01
      5.721  0.1229E-01  0.1449E-01  0.1337E-01  0.1351E-01  0.9388E-02  0.2863E-01  0.1378E-01  0.1485E-01  0.3827E-02  0.9823E-02  0.4157E-02  0.1263E-01  0.7198E-02  0.1006E-01  0.4382E-02  0.1456E-01  0.4635E-02  0.9798E-02
      5.731  0.3312E-01  0.1232E-01  0.1885E-01  0.1281E-01  0.8682E-02  0.2793E-01  0.1886E-01  0.1312E-01  0.5032E-02  0.5439E-02  0.5463E-02  0.1135E-01  0.1126E-01  0.8603E-02  0.5915E-02  0.1261E-01  0.6719E-02  0.6644E-02
      5.741  0.4640E-01  0.1112E-01  0.2434E-01  0.1264E-01  0.7978E-02  0.2522E-01  0.2477E-01  0.1224E-01  0.5914E-02  0.4771E-02  0.6775E-02  0.1074E-01  0.1337E-01  0.7752E-02  0.7615E-02  0.1196E-01  0.8142E-02  0.5978E-02
      5.751  0.3199E-01  0.1106E-01  0.2085E-01  0.1304E-01  0.6459E-02  0.2344E-01  0.1834E-01  0.1166E-01  0.4839E-02  0.4267E-02  0.6441E-02  0.1031E-01  0.9358E-02  0.7319E-02  0.6365E-02  0.1142E-01  0.6247E-02  0.5289E-02
      5.761  0.2826E-01  0.1102E-01  0.2092E-01  0.1113E-01  0.5549E-02  0.1884E-01  0.1744E-01  0.1037E-01  0.4685E-02  0.3579E-02  0.7033E-02  0.9892E-02  0.7817E-02  0.5943E-02  0.6369E-02  0.1086E-01  0.5585E-02  0.4197E-02
      5.771  0.2875E-01  0.1103E-01  0.2201E-01  0.9522E-02  0.4876E-02  0.1400E-01  0.1825E-01  0.9301E-02  0.5048E-02  0.3001E-02  0.8054E-02  0.9463E-02  0.7123E-02  0.4749E-02  0.7027E-02  0.1029E-01  0.5517E-02  0.3332E-02
      5.781  0.2953E-01  0.1109E-01  0.2274E-01  0.8190E-02  0.4267E-02  0.8925E-02  0.1908E-01  0.8428E-02  0.5426E-02  0.2495E-02  0.9112E-02  0.9062E-02  0.6546E-02  0.3735E-02  0.7654E-02  0.9770E-02  0.5453E-02  0.2610E-02
      5.791  0.5159E-01  0.1732E-01  0.2656E-01  0.9841E-02  0.5712E-02  0.9057E-02  0.2997E-01  0.1039E-01  0.9707E-02  0.2867E-02  0.1486E-01  0.9562E-02  0.8618E-02  0.4248E-02  0.1071E-01  0.1061E-01  0.8371E-02  0.2979E-02
      5.801  0.3024E-01  0.2820E-01  0.2063E-01  0.1190E-01  0.3890E-02  0.1042E-01  0.2043E-01  0.1288E-01  0.5962E-02  0.3667E-02  0.1182E-01  0.1060E-01  0.6041E-02  0.5199E-02  0.8860E-02  0.1193E-01  0.5425E-02  0.3741E-02
      5.811  0.2197E-01  0.2906E-01  0.2899E-01  0.1171E-01  0.2635E-02  0.1138E-01  0.2075E-01  0.1266E-01  0.4199E-02  0.3930E-02  0.1516E-01  0.1025E-01  0.4278E-02  0.5151E-02  0.1066E-01  0.1224E-01  0.5998E-02  0.4360E-02
      5.821  0.1056E-01  0.3088E-01  0.1441E-01  0.1293E-01  0.2701E-02  0.1246E-01  0.1547E-01  0.1325E-01  0.2308E-02  0.4364E-02  0.5043E-02  0.1105E-01  0.4699E-02  0.5151E-02  0.5386E-02  0.1252E-01  0.1825E-02  0.4825E-02
      5.831  0.1201E-01  0.2840E-01  0.1802E-01  0.1333E-01  0.3174E-02  0.1225E-01  0.1890E-01  0.1365E-01  0.2867E-02  0.4464E-02  0.5811E-02  0.1162E-01  0.5130E-02  0.4804E-02  0.6223E-02  0.1156E-01  0.2152E-02  0.5498E-02
      5.841  0.1246E-01  0.2069E-01  0.2091E-01  0.1211E-01  0.3860E-02  0.7474E-02  0.2176E-01  0.1074E-01  0.3484E-02  0.3595E-02  0.7319E-02  0.8418E-02  0.5155E-02  0.3950E-02  0.7642E-02  0.8752E-02  0.2677E-02  0.3968E-02
      5.851  0.1177E-01  0.2199E-01  0.2627E-01  0.1120E-01  0.5359E-02  0.4904E-02  0.2173E-01  0.1002E-01  0.5334E-02  0.3516E-02  0.1124E-01  0.7130E-02  0.4436E-02  0.3933E-02  0.9925E-02  0.7630E-02  0.3512E-02  0.3591E-02
      5.861  0.1069E-01  0.2701E-01  0.1504E-01  0.1145E-01  0.4871E-02  0.3712E-02  0.1954E-01  0.1045E-01  0.6688E-02  0.3738E-02  0.1350E-01  0.6642E-02  0.4143E-02  0.4257E-02  0.1057E-01  0.7270E-02  0.3518E-02  0.3689E-02
      5.871  0.1265E-01  0.3428E-01  0.2168E-01  0.1353E-01  0.7355E-02  0.3230E-02  0.3027E-01  0.1239E-01  0.1085E-01  0.4507E-02  0.2203E-01  0.6821E-02  0.6472E-02  0.4499E-02  0.1733E-01  0.7533E-02  0.4651E-02  0.4685E-02
      5.881  0.1185E-01  0.4387E-01  0.2102E-01  0.1686E-01  0.7138E-02  0.3387E-02  0.2798E-01  0.1503E-01  0.1100E-01  0.5753E-02  0.2150E-01  0.7467E-02  0.5061E-02  0.4837E-02  0.1643E-01  0.8464E-02  0.5451E-02  0.6298E-02
      5.891  0.1271E-01  0.5660E-01  0.2436E-01  0.2166E-01  0.8774E-02  0.3749E-02  0.3075E-01  0.2187E-01  0.1111E-01  0.7610E-02  0.2119E-01  0.8178E-02  0.5610E-02  0.5575E-02  0.1806E-01  0.9842E-02  0.6506E-02  0.8198E-02
      5.901  0.1437E-01  0.2534E-01  0.2840E-01  0.1546E-01  0.1044E-01  0.1925E-02  0.3627E-01  0.1657E-01  0.1063E-01  0.4835E-02  0.1997E-01  0.7021E-02  0.6947E-02  0.2446E-02  0.1945E-01  0.9186E-02  0.7327E-02  0.5139E-02
      5.911  0.1473E-01  0.1720E-01  0.4038E-01  0.1358E-01  0.1708E-01  0.2640E-02  0.4826E-01  0.1461E-01  0.1571E-01  0.4025E-02  0.2622E-01  0.6789E-02  0.7654E-02  0.2623E-02  0.3142E-01  0.8484E-02  0.1323E-01  0.3932E-02
      5.921  0.1117E-01  0.8712E-02  0.3037E-01  0.1035E-01  0.1081E-01  0.3563E-02  0.2762E-01  0.1208E-01  0.1136E-01  0.3037E-02  0.2053E-01  0.6965E-02  0.5410E-02  0.2291E-02  0.1703E-01  0.8324E-02  0.1074E-01  0.2889E-02
      5.931  0.9831E-02  0.6757E-02  0.2086E-01  0.1022E-01  0.5560E-02  0.5158E-02  0.1995E-01  0.1278E-01  0.7656E-02  0.3269E-02  0.1121E-01  0.8488E-02  0.3896E-02  0.2574E-02  0.8232E-02  0.9806E-02  0.7736E-02  0.2969E-02
      5.941  0.9780E-02  0.9008E-02  0.1992E-01  0.1201E-01  0.4923E-02  0.7189E-02  0.1844E-01  0.1545E-01  0.7455E-02  0.4315E-02  0.9622E-02  0.1099E-01  0.3789E-02  0.3239E-02  0.7430E-02  0.1235E-01  0.7744E-02  0.3779E-02
      5.951  0.9574E-02  0.1109E-01  0.1865E-01  0.1373E-01  0.4323E-02  0.9148E-02  0.1663E-01  0.1778E-01  0.7152E-02  0.5461E-02  0.8086E-02  0.1359E-01  0.3597E-02  0.3850E-02  0.6580E-02  0.1453E-01  0.7633E-02  0.4598E-02
      5.961  0.9342E-02  0.1330E-01  0.1731E-01  0.1659E-01  0.3779E-02  0.1274E-01  0.1490E-01  0.2045E-01  0.6836E-02  0.8535E-02  0.6620E-02  0.1811E-01  0.3381E-02  0.4989E-02  0.5746E-02  0.1800E-01  0.7459E-02  0.6475E-02
      5.971  0.1234E-01  0.1879E-01  0.2039E-01  0.2120E-01  0.5534E-02  0.1761E-01  0.1673E-01  0.2390E-01  0.1099E-01  0.1353E-01  0.8627E-02  0.2540E-01  0.3996E-02  0.7004E-02  0.7533E-02  0.2275E-01  0.1070E-01  0.9851E-02
      5.981  0.1069E-01  0.2180E-01  0.1861E-01  0.2359E-01  0.6090E-02  0.2216E-01  0.1771E-01  0.2650E-01  0.9145E-02  0.1688E-01  0.9079E-02  0.2664E-01  0.4500E-02  0.8369E-02  0.1121E-01  0.2651E-01  0.1345E-01  0.1258E-01
      5.991  0.1066E-01  0.2375E-01  0.2021E-01  0.1882E-01  0.7166E-02  0.2194E-01  0.1959E-01  0.2213E-01  0.1011E-01  0.1201E-01  0.1014E-01  0.1803E-01  0.5287E-02  0.6130E-02  0.1386E-01  0.2349E-01  0.1534E-01  0.1035E-01
      6.001  0.1077E-01  0.1583E-01  0.2478E-01  0.1367E-01  0.9094E-02  0.2260E-01  0.2580E-01  0.1623E-01  0.1380E-01  0.8259E-02  0.1288E-01  0.1565E-01  0.5802E-02  0.3902E-02  0.1459E-01  0.2191E-01  0.1530E-01  0.9496E-02
      6.011  0.8938E-02  0.1728E-01  0.2204E-01  0.1244E-01  0.7847E-02  0.3033E-01  0.2444E-01  0.1470E-01  0.1132E-01  0.8740E-02  0.1059E-01  0.1943E-01  0.5033E-02  0.4129E-02  0.1140E-01  0.2396E-01  0.1094E-01  0.1065E-01
      6.021  0.6938E-02  0.1877E-01  0.1717E-01  0.1153E-01  0.6210E-02  0.3671E-01  0.2121E-01  0.1357E-01  0.8497E-02  0.9300E-02  0.8062E-02  0.2306E-01  0.4022E-02  0.4389E-02  0.7143E-02  0.2562E-01  0.6624E-02  0.1186E-01
      6.031  0.5283E-02  0.1786E-01  0.1285E-01  0.1130E-01  0.5752E-02  0.3596E-01  0.1935E-01  0.1224E-01  0.6322E-02  0.8904E-02  0.6395E-02  0.2298E-01  0.3935E-02  0.5068E-02  0.5455E-02  0.2438E-01  0.4830E-02  0.1150E-01
      6.041  0.3077E-02  0.1577E-01  0.6746E-02  0.1093E-01  0.2301E-02  0.3117E-01  0.9242E-02  0.1090E-01  0.3278E-02  0.7787E-02  0.2682E-02  0.2013E-01  0.2148E-02  0.5689E-02  0.3468E-02  0.1568E-01  0.3290E-02  0.9738E-02
      6.051  0.2594E-02  0.1625E-01  0.6138E-02  0.1320E-01  0.2216E-02  0.3824E-01  0.8585E-02  0.1211E-01  0.3008E-02  0.9181E-02  0.2563E-02  0.2666E-01  0.2132E-02  0.7455E-02  0.3216E-02  0.2094E-01  0.2918E-02  0.1322E-01
      6.061  0.2584E-02  0.1574E-01  0.5929E-02  0.1699E-01  0.2200E-02  0.4423E-01  0.7947E-02  0.1375E-01  0.2783E-02  0.1048E-01  0.2533E-02  0.3163E-01  0.2252E-02  0.8999E-02  0.3145E-02  0.2594E-01  0.2812E-02  0.1703E-01
      6.071  0.2595E-02  0.1864E-01  0.5748E-02  0.2345E-01  0.2190E-02  0.5103E-01  0.7316E-02  0.1792E-01  0.2571E-02  0.1405E-01  0.2514E-02  0.3512E-01  0.2378E-02  0.1194E-01  0.3077E-02  0.3117E-01  0.2718E-02  0.2336E-01
      6.081  0.2624E-02  0.3430E-01  0.5608E-02  0.4180E-01  0.2187E-02  0.7600E-01  0.6694E-02  0.3575E-01  0.2370E-02  0.2605E-01  0.2506E-02  0.6117E-01  0.2512E-02  0.2943E-01  0.3012E-02  0.5663E-01  0.2635E-02  0.4448E-01
      6.091  0.2660E-02  0.1934E-01  0.5458E-02  0.2972E-01  0.2182E-02  0.3785E-01  0.6046E-02  0.2331E-01  0.2174E-02  0.1660E-01  0.2505E-02  0.1960E-01  0.2635E-02  0.1212E-01  0.2946E-02  0.1642E-01  0.2554E-02  0.1387E-01
      6.101  0.2737E-02  0.1950E-01  0.5356E-02  0.5323E-01  0.2184E-02  0.3802E-01  0.5474E-02  0.4454E-01  0.2004E-02  0.4089E-01  0.2528E-02  0.3424E-01  0.2776E-02  0.1442E-01  0.2887E-02  0.2679E-01  0.2482E-02  0.2702E-01
      6.111  0.2924E-02  0.2119E-01  0.5569E-02  0.6714E-01  0.2224E-02  0.3877E-01  0.5487E-02  0.6166E-01  0.1970E-02  0.4092E-01  0.2620E-02  0.3415E-01  0.3009E-02  0.1383E-01  0.2866E-02  0.3054E-01  0.2447E-02  0.2966E-01
      6.121  0.3110E-02  0.1765E-01  0.5790E-02  0.6337E-01  0.2266E-02  0.2506E-01  0.5499E-02  0.6151E-01  0.1935E-02  0.3032E-01  0.2712E-02  0.2479E-01  0.3236E-02  0.9163E-02  0.2844E-02  0.2189E-01  0.2412E-02  0.2049E-01
      6.131  0.3353E-02  0.1217E-01  0.6517E-02  0.3987E-01  0.2354E-02  0.1690E-01  0.5842E-02  0.3768E-01  0.1957E-02  0.1531E-01  0.2846E-02  0.1356E-01  0.3528E-02  0.6458E-02  0.2851E-02  0.1358E-01  0.2541E-02  0.1243E-01
      6.141  0.3601E-02  0.8531E-02  0.7384E-02  0.2066E-01  0.2458E-02  0.9576E-02  0.6286E-02  0.1657E-01  0.1990E-02  0.6712E-02  0.2987E-02  0.7010E-02  0.3834E-02  0.4901E-02  0.2864E-02  0.7534E-02  0.2675E-02  0.6455E-02
      6.151  0.3794E-02  0.6998E-02  0.7666E-02  0.1150E-01  0.2524E-02  0.2622E-02  0.6361E-02  0.1162E-01  0.1977E-02  0.4310E-02  0.3104E-02  0.4801E-02  0.4033E-02  0.3976E-02  0.2859E-02  0.4339E-02  0.2686E-02  0.3320E-02
      6.161  0.4121E-02  0.6403E-02  0.7958E-02  0.7521E-02  0.2652E-02  0.1365E-02  0.6140E-02  0.8243E-02  0.1936E-02  0.2537E-02  0.3359E-02  0.3601E-02  0.4302E-02  0.4360E-02  0.2840E-02  0.3042E-02  0.2653E-02  0.1918E-02
      6.171  0.4243E-02  0.6017E-02  0.7969E-02  0.3851E-02  0.2677E-02  0.7940E-03  0.6015E-02  0.4970E-02  0.1886E-02  0.9911E-03  0.3413E-02  0.2692E-02  0.4448E-02  0.4877E-02  0.2830E-02  0.2003E-02  0.2595E-02  0.8292E-03
      6.181  0.4351E-02  0.6552E-02  0.7967E-02  0.4193E-02  0.2700E-02  0.9173E-03  0.5891E-02  0.5370E-02  0.1836E-02  0.1107E-02  0.3455E-02  0.3200E-02  0.4581E-02  0.5631E-02  0.2820E-02  0.2325E-02  0.2538E-02  0.8886E-03
      6.191  0.4446E-02  0.7923E-02  0.7952E-02  0.5323E-02  0.2720E-02  0.1230E-02  0.5770E-02  0.7199E-02  0.1785E-02  0.1466E-02  0.3487E-02  0.4401E-02  0.4702E-02  0.6947E-02  0.2811E-02  0.3917E-02  0.2482E-02  0.1166E-02
      6.201  0.4529E-02  0.9940E-02  0.7922E-02  0.6762E-02  0.2738E-02  0.1647E-02  0.5651E-02  0.9405E-02  0.1734E-02  0.2714E-02  0.3507E-02  0.8088E-02  0.4811E-02  0.8473E-02  0.2802E-02  0.7112E-02  0.2426E-02  0.3152E-02
      6.211  0.4661E-02  0.1441E-01  0.7853E-02  0.9745E-02  0.2737E-02  0.2690E-02  0.5517E-02  0.1288E-01  0.1658E-02  0.9855E-02  0.3506E-02  0.1785E-01  0.4956E-02  0.1033E-01  0.2771E-02  0.1884E-01  0.2377E-02  0.8888E-02
      6.221  0.5182E-02  0.1646E-01  0.8262E-02  0.1162E-01  0.2973E-02  0.3407E-02  0.5582E-02  0.1489E-01  0.1624E-02  0.6706E-02  0.3572E-02  0.1523E-01  0.5479E-02  0.1200E-01  0.2983E-02  0.1582E-01  0.2526E-02  0.5862E-02
      6.231  0.5740E-02  0.1974E-01  0.8767E-02  0.1483E-01  0.3313E-02  0.4320E-02  0.5705E-02  0.1732E-01  0.1620E-02  0.5428E-02  0.3687E-02  0.1523E-01  0.6055E-02  0.1437E-01  0.3272E-02  0.1536E-01  0.2722E-02  0.4415E-02
      6.241  0.5702E-02  0.2533E-01  0.8825E-02  0.1872E-01  0.3195E-02  0.5575E-02  0.6011E-02  0.2198E-01  0.1547E-02  0.6153E-02  0.3984E-02  0.1829E-01  0.6150E-02  0.1801E-01  0.3457E-02  0.1859E-01  0.2658E-02  0.4954E-02
      6.251  0.5693E-02  0.3019E-01  0.8176E-02  0.2385E-01  0.3114E-02  0.7777E-02  0.5872E-02  0.2551E-01  0.1419E-02  0.6297E-02  0.3784E-02  0.2025E-01  0.6023E-02  0.2118E-01  0.3207E-02  0.2121E-01  0.2638E-02  0.5683E-02
      6.261  0.5120E-02  0.3670E-01  0.6586E-02  0.3024E-01  0.2385E-02  0.1445E-01  0.5265E-02  0.2937E-01  0.1273E-02  0.7353E-02  0.3198E-02  0.2160E-01  0.5145E-02  0.2611E-01  0.2383E-02  0.2248E-01  0.2045E-02  0.7777E-02
      6.271  0.4574E-02  0.4269E-01  0.5833E-02  0.3873E-01  0.2111E-02  0.1817E-01  0.4813E-02  0.3413E-01  0.1134E-02  0.7763E-02  0.2713E-02  0.2451E-01  0.4244E-02  0.3156E-01  0.1984E-02  0.2454E-01  0.1696E-02  0.9085E-02
      6.281  0.4221E-02  0.4898E-01  0.5429E-02  0.4726E-01  0.1977E-02  0.2208E-01  0.4469E-02  0.3975E-01  0.1041E-02  0.8431E-02  0.2425E-02  0.2724E-01  0.3879E-02  0.3692E-01  0.1804E-02  0.2596E-01  0.1546E-02  0.1041E-01
      6.291  0.4065E-02  0.2528E-01  0.5210E-02  0.3707E-01  0.1947E-02  0.1132E-01  0.4366E-02  0.3244E-01  0.1010E-02  0.7103E-02  0.2303E-02  0.1932E-01  0.3712E-02  0.1858E-01  0.1751E-02  0.2101E-01  0.1508E-02  0.5423E-02
      6.301  0.3910E-02  0.2674E-01  0.4993E-02  0.4301E-01  0.1917E-02  0.1222E-01  0.4262E-02  0.3681E-01  0.9792E-03  0.7470E-02  0.2183E-02  0.2180E-01  0.3547E-02  0.1983E-01  0.1696E-02  0.2250E-01  0.1471E-02  0.5778E-02
      6.311  0.3755E-02  0.2693E-01  0.4778E-02  0.5033E-01  0.1888E-02  0.1286E-01  0.4156E-02  0.4272E-01  0.9488E-03  0.7897E-02  0.2065E-02  0.2440E-01  0.3382E-02  0.2025E-01  0.1640E-02  0.2353E-01  0.1435E-02  0.6187E-02
      6.321  0.3600E-02  0.5085E-01  0.4567E-02  0.6677E-01  0.1860E-02  0.1552E-01  0.4048E-02  0.6885E-01  0.9186E-03  0.1166E-01  0.1949E-02  0.3203E-01  0.3218E-02  0.3511E-01  0.1582E-02  0.2961E-01  0.1401E-02  0.9281E-02
      6.331  0.3447E-02  0.3767E-01  0.4358E-02  0.4826E-01  0.1832E-02  0.1571E-01  0.3939E-02  0.4972E-01  0.8886E-03  0.8840E-02  0.1835E-02  0.2908E-01  0.3055E-02  0.2539E-01  0.1524E-02  0.2503E-01  0.1367E-02  0.7200E-02
      6.341  0.3357E-02  0.3251E-01  0.4243E-02  0.4182E-01  0.1862E-02  0.1542E-01  0.3898E-02  0.4296E-01  0.8814E-03  0.7782E-02  0.1762E-02  0.3010E-01  0.2947E-02  0.2314E-01  0.1525E-02  0.2439E-01  0.1353E-02  0.6383E-02
      6.351  0.3283E-02  0.2753E-01  0.4174E-02  0.3685E-01  0.1883E-02  0.1601E-01  0.3890E-02  0.3725E-01  0.8899E-03  0.6918E-02  0.1706E-02  0.3156E-01  0.2836E-02  0.2121E-01  0.1543E-02  0.2406E-01  0.1335E-02  0.5613E-02
      6.361  0.3192E-02  0.2370E-01  0.4103E-02  0.3399E-01  0.1914E-02  0.1714E-01  0.3885E-02  0.3355E-01  0.9058E-03  0.6154E-02  0.1658E-02  0.3303E-01  0.2721E-02  0.1957E-01  0.1569E-02  0.2488E-01  0.1319E-02  0.4951E-02
      6.371  0.3053E-02  0.2864E-01  0.3898E-02  0.3562E-01  0.1816E-02  0.3386E-01  0.3747E-02  0.3626E-01  0.8593E-03  0.6888E-02  0.1535E-02  0.4319E-01  0.2582E-02  0.2589E-01  0.1507E-02  0.3153E-01  0.1287E-02  0.5868E-02
      6.381  0.2875E-02  0.1732E-01  0.3642E-02  0.2156E-01  0.1658E-02  0.2778E-01  0.3535E-02  0.2564E-01  0.7881E-03  0.5883E-02  0.1386E-02  0.2193E-01  0.2382E-02  0.1535E-01  0.1356E-02  0.2514E-01  0.1227E-02  0.4737E-02
      6.391  0.2704E-02  0.1645E-01  0.3403E-02  0.2150E-01  0.1500E-02  0.3577E-01  0.3337E-02  0.2766E-01  0.7219E-03  0.6860E-02  0.1246E-02  0.2376E-01  0.2184E-02  0.1418E-01  0.1211E-02  0.3107E-01  0.1165E-02  0.5285E-02
      6.401  0.2589E-02  0.1183E-01  0.3205E-02  0.1697E-01  0.1439E-02  0.2585E-01  0.3170E-02  0.2076E-01  0.6748E-03  0.6071E-02  0.1129E-02  0.1940E-01  0.2227E-02  0.9586E-02  0.1096E-02  0.2024E-01  0.1118E-02  0.7351E-02
      6.411  0.2531E-02  0.1060E-01  0.3062E-02  0.1592E-01  0.1430E-02  0.2311E-01  0.3041E-02  0.1871E-01  0.6438E-03  0.6386E-02  0.1032E-02  0.1830E-01  0.2415E-02  0.8324E-02  0.1001E-02  0.1824E-01  0.1077E-02  0.8104E-02
      6.421  0.2495E-02  0.9722E-02  0.2940E-02  0.1506E-01  0.1405E-02  0.2055E-01  0.2947E-02  0.1716E-01  0.6223E-03  0.6684E-02  0.9580E-03  0.1724E-01  0.2584E-02  0.7432E-02  0.9124E-03  0.1636E-01  0.1036E-02  0.8769E-02
      6.431  0.2590E-02  0.9066E-02  0.2913E-02  0.1430E-01  0.1456E-02  0.1812E-01  0.2958E-02  0.1579E-01  0.6376E-03  0.6980E-02  0.9743E-03  0.1621E-01  0.2805E-02  0.6761E-02  0.8903E-03  0.1459E-01  0.1013E-02  0.9387E-02
      6.441  0.2704E-02  0.7454E-02  0.2899E-02  0.1405E-01  0.1495E-02  0.1445E-01  0.2988E-02  0.1422E-01  0.6575E-03  0.5588E-02  0.9950E-03  0.1538E-01  0.3006E-02  0.6306E-02  0.8863E-03  0.1168E-01  0.9906E-03  0.5623E-02
      6.451  0.3003E-02  0.7113E-02  0.3027E-02  0.1204E-01  0.1755E-02  0.1141E-01  0.3142E-02  0.1320E-01  0.8330E-03  0.5373E-02  0.1210E-02  0.1210E-01  0.3476E-02  0.6338E-02  0.1107E-02  0.1059E-01  0.1093E-02  0.5067E-02
      6.461  0.3364E-02  0.6657E-02  0.3221E-02  0.1029E-01  0.2034E-02  0.8690E-02  0.3367E-02  0.9636E-02  0.1012E-02  0.5098E-02  0.1445E-02  0.9267E-02  0.3968E-02  0.6889E-02  0.1373E-02  0.8126E-02  0.1222E-02  0.4368E-02
      6.471  0.3745E-02  0.9818E-02  0.3444E-02  0.1931E-01  0.2308E-02  0.1148E-01  0.3619E-02  0.1336E-01  0.1183E-02  0.8027E-02  0.1688E-02  0.1716E-01  0.4444E-02  0.9122E-02  0.1657E-02  0.1615E-01  0.1362E-02  0.6192E-02
      6.481  0.4117E-02  0.1252E-01  0.3661E-02  0.2628E-01  0.2565E-02  0.1423E-01  0.3866E-02  0.1638E-01  0.1339E-02  0.1269E-01  0.1926E-02  0.1774E-01  0.4886E-02  0.1174E-01  0.1940E-02  0.2219E-01  0.1501E-02  0.8886E-02
      6.491  0.4256E-02  0.1207E-01  0.3927E-02  0.2589E-01  0.2523E-02  0.1335E-01  0.4027E-02  0.1822E-01  0.1400E-02  0.1403E-01  0.2172E-02  0.2003E-01  0.4539E-02  0.1357E-01  0.2099E-02  0.1784E-01  0.1595E-02  0.9364E-02
      6.501  0.4638E-02  0.1158E-01  0.4339E-02  0.1566E-01  0.2748E-02  0.1195E-01  0.4303E-02  0.1736E-01  0.1537E-02  0.1129E-01  0.2507E-02  0.1766E-01  0.4832E-02  0.1482E-01  0.2411E-02  0.1412E-01  0.1771E-02  0.8533E-02
      6.511  0.5419E-02  0.1276E-01  0.5368E-02  0.1467E-01  0.3277E-02  0.1145E-01  0.5219E-02  0.1520E-01  0.1681E-02  0.8951E-02  0.3207E-02  0.1379E-01  0.5266E-02  0.1676E-01  0.3366E-02  0.1314E-01  0.2267E-02  0.6739E-02
      6.521  0.5898E-02  0.1469E-01  0.6082E-02  0.1462E-01  0.3545E-02  0.1185E-01  0.5735E-02  0.1533E-01  0.1730E-02  0.7843E-02  0.3561E-02  0.1377E-01  0.5481E-02  0.1926E-01  0.3758E-02  0.1375E-01  0.2499E-02  0.6237E-02
      6.531  0.6259E-02  0.1706E-01  0.6632E-02  0.1532E-01  0.3642E-02  0.1269E-01  0.6033E-02  0.1590E-01  0.1801E-02  0.6862E-02  0.3794E-02  0.1430E-01  0.5675E-02  0.2210E-01  0.3854E-02  0.1508E-01  0.2494E-02  0.5844E-02
      6.541  0.6475E-02  0.2173E-01  0.7170E-02  0.1312E-01  0.3624E-02  0.1384E-01  0.6143E-02  0.1517E-01  0.1813E-02  0.4665E-02  0.4116E-02  0.1425E-01  0.5826E-02  0.2743E-01  0.3949E-02  0.1274E-01  0.2339E-02  0.4645E-02
      6.551  0.7183E-02  0.2312E-01  0.7838E-02  0.1212E-01  0.3631E-02  0.1323E-01  0.5968E-02  0.1415E-01  0.1763E-02  0.3748E-02  0.4470E-02  0.1304E-01  0.5933E-02  0.2837E-01  0.3892E-02  0.1203E-01  0.2310E-02  0.4115E-02
      6.561  0.7387E-02  0.2446E-01  0.7117E-02  0.1175E-01  0.3352E-02  0.1316E-01  0.5252E-02  0.1420E-01  0.1530E-02  0.3194E-02  0.4273E-02  0.1195E-01  0.5833E-02  0.3053E-01  0.3292E-02  0.1109E-01  0.2088E-02  0.4408E-02
      6.571  0.5593E-02  0.2528E-01  0.5038E-02  0.1193E-01  0.2557E-02  0.1248E-01  0.4193E-02  0.1423E-01  0.1096E-02  0.2673E-02  0.3321E-02  0.1184E-01  0.4418E-02  0.3207E-01  0.2509E-02  0.1019E-01  0.1597E-02  0.4332E-02
      6.581  0.3841E-02  0.2432E-01  0.3180E-02  0.1238E-01  0.1723E-02  0.1029E-01  0.3154E-02  0.1084E-01  0.6615E-03  0.2149E-02  0.2398E-02  0.1125E-01  0.3160E-02  0.3129E-01  0.1733E-02  0.9306E-02  0.1119E-02  0.3622E-02
      6.591  0.2362E-02  0.2332E-01  0.1934E-02  0.1291E-01  0.1067E-02  0.9927E-02  0.2287E-02  0.1115E-01  0.3137E-03  0.2253E-02  0.1724E-02  0.1262E-01  0.2185E-02  0.3067E-01  0.1126E-02  0.1026E-01  0.7350E-03  0.3809E-02
      6.601  0.3270E-02  0.1328E-01  0.3361E-02  0.1023E-01  0.1754E-02  0.7728E-02  0.3159E-02  0.1006E-01  0.5583E-03  0.2089E-02  0.2030E-02  0.9490E-02  0.3168E-02  0.1902E-01  0.1416E-02  0.9668E-02  0.1133E-02  0.3130E-02
      6.611  0.3245E-02  0.1070E-01  0.3373E-02  0.9364E-02  0.1980E-02  0.7397E-02  0.3224E-02  0.1093E-01  0.6146E-03  0.2189E-02  0.1988E-02  0.9360E-02  0.3278E-02  0.1639E-01  0.1433E-02  0.9785E-02  0.1150E-02  0.3056E-02
      6.621  0.3209E-02  0.1026E-01  0.3520E-02  0.8953E-02  0.2382E-02  0.7613E-02  0.3374E-02  0.1231E-01  0.6990E-03  0.2328E-02  0.2036E-02  0.9696E-02  0.3413E-02  0.1630E-01  0.1503E-02  0.9902E-02  0.1236E-02  0.2966E-02
      6.631  0.3189E-02  0.9615E-02  0.3683E-02  0.8429E-02  0.2777E-02  0.7762E-02  0.3540E-02  0.1356E-01  0.7824E-03  0.2459E-02  0.2078E-02  0.1024E-01  0.3560E-02  0.1560E-01  0.1575E-02  0.9891E-02  0.1321E-02  0.2760E-02
      6.641  0.3179E-02  0.8795E-02  0.3849E-02  0.7784E-02  0.3150E-02  0.7726E-02  0.3710E-02  0.1301E-01  0.8628E-03  0.2276E-02  0.2108E-02  0.9940E-02  0.3716E-02  0.1435E-01  0.1644E-02  0.9330E-02  0.1399E-02  0.2426E-02
      6.651  0.3170E-02  0.8130E-02  0.3993E-02  0.7455E-02  0.3520E-02  0.7373E-02  0.3881E-02  0.1149E-01  0.9427E-03  0.1969E-02  0.2130E-02  0.8806E-02  0.3876E-02  0.1280E-01  0.1724E-02  0.8865E-02  0.1474E-02  0.2119E-02
      6.661  0.3164E-02  0.7438E-02  0.4118E-02  0.7002E-02  0.3888E-02  0.6822E-02  0.4055E-02  0.9599E-02  0.1022E-02  0.1691E-02  0.2145E-02  0.7558E-02  0.4041E-02  0.1166E-01  0.1816E-02  0.8238E-02  0.1546E-02  0.1920E-02
      6.671  0.3390E-02  0.6606E-02  0.4307E-02  0.6221E-02  0.4403E-02  0.6278E-02  0.4402E-02  0.7494E-02  0.1093E-02  0.1402E-02  0.2209E-02  0.6117E-02  0.4342E-02  0.9903E-02  0.2034E-02  0.6959E-02  0.1617E-02  0.1665E-02
      6.681  0.3885E-02  0.6170E-02  0.4657E-02  0.5857E-02  0.5036E-02  0.5827E-02  0.4904E-02  0.6010E-02  0.1210E-02  0.1154E-02  0.2417E-02  0.4516E-02  0.4931E-02  0.9218E-02  0.2362E-02  0.6409E-02  0.1653E-02  0.1542E-02
      6.691  0.6259E-02  0.6007E-02  0.5807E-02  0.5710E-02  0.7305E-02  0.5710E-02  0.6244E-02  0.5624E-02  0.1760E-02  0.1109E-02  0.3543E-02  0.4182E-02  0.7294E-02  0.8834E-02  0.3284E-02  0.6124E-02  0.1973E-02  0.1483E-02
      6.701  0.7067E-02  0.5871E-02  0.6662E-02  0.5609E-02  0.1292E-01  0.5654E-02  0.1137E-01  0.5425E-02  0.2890E-02  0.1095E-02  0.5443E-02  0.4091E-02  0.8101E-02  0.8495E-02  0.3866E-02  0.5901E-02  0.3949E-02  0.1434E-02
      6.711  0.5197E-02  0.5844E-02  0.5508E-02  0.5581E-02  0.6616E-02  0.5750E-02  0.6490E-02  0.5279E-02  0.1712E-02  0.1089E-02  0.3308E-02  0.4011E-02  0.6751E-02  0.8415E-02  0.3195E-02  0.5687E-02  0.1817E-02  0.1398E-02
      6.721  0.5214E-02  0.6057E-02  0.5404E-02  0.5741E-02  0.6356E-02  0.6151E-02  0.6286E-02  0.5230E-02  0.1688E-02  0.1097E-02  0.3189E-02  0.3953E-02  0.6805E-02  0.8842E-02  0.3115E-02  0.5495E-02  0.1704E-02  0.1392E-02
      6.731  0.5139E-02  0.6234E-02  0.5267E-02  0.5937E-02  0.6064E-02  0.6515E-02  0.6057E-02  0.5189E-02  0.1656E-02  0.1107E-02  0.3071E-02  0.3893E-02  0.6652E-02  0.9183E-02  0.2999E-02  0.5301E-02  0.1587E-02  0.1391E-02
      6.741  0.5065E-02  0.6373E-02  0.5110E-02  0.6169E-02  0.5781E-02  0.6840E-02  0.5845E-02  0.5158E-02  0.1622E-02  0.1119E-02  0.2946E-02  0.3831E-02  0.6496E-02  0.9439E-02  0.2883E-02  0.5104E-02  0.1472E-02  0.1395E-02
      6.751  0.5024E-02  0.6320E-02  0.4953E-02  0.6172E-02  0.5520E-02  0.6839E-02  0.5665E-02  0.5048E-02  0.1590E-02  0.1102E-02  0.2820E-02  0.3730E-02  0.6383E-02  0.9321E-02  0.2771E-02  0.4767E-02  0.1361E-02  0.1372E-02
      6.761  0.5509E-02  0.6420E-02  0.5115E-02  0.6086E-02  0.5346E-02  0.6724E-02  0.5805E-02  0.4930E-02  0.1608E-02  0.1069E-02  0.2748E-02  0.3622E-02  0.6902E-02  0.9241E-02  0.2692E-02  0.4400E-02  0.1291E-02  0.1353E-02
      6.771  0.6801E-02  0.6335E-02  0.5102E-02  0.5943E-02  0.4864E-02  0.6695E-02  0.6536E-02  0.4803E-02  0.1589E-02  0.1035E-02  0.2637E-02  0.3494E-02  0.7579E-02  0.9097E-02  0.2597E-02  0.4133E-02  0.1235E-02  0.1322E-02
      6.781  0.8805E-02  0.6026E-02  0.5862E-02  0.5677E-02  0.4926E-02  0.6768E-02  0.8337E-02  0.4655E-02  0.1651E-02  0.1003E-02  0.2672E-02  0.3349E-02  0.8448E-02  0.8720E-02  0.2819E-02  0.3976E-02  0.1326E-02  0.1282E-02
      6.791  0.9661E-02  0.5830E-02  0.6102E-02  0.5466E-02  0.4702E-02  0.6875E-02  0.9247E-02  0.4553E-02  0.1531E-02  0.9844E-03  0.2504E-02  0.3235E-02  0.8391E-02  0.8473E-02  0.2946E-02  0.3840E-02  0.1297E-02  0.1254E-02
      6.801  0.7918E-02  0.5841E-02  0.5167E-02  0.5307E-02  0.3962E-02  0.7016E-02  0.8002E-02  0.4502E-02  0.1206E-02  0.9697E-03  0.2059E-02  0.3158E-02  0.6915E-02  0.8393E-02  0.2604E-02  0.3710E-02  0.1118E-02  0.1238E-02
      6.811  0.8656E-02  0.5916E-02  0.4772E-02  0.5240E-02  0.3691E-02  0.7226E-02  0.8832E-02  0.4432E-02  0.1004E-02  0.9539E-03  0.1960E-02  0.3164E-02  0.6623E-02  0.8375E-02  0.3096E-02  0.3592E-02  0.1064E-02  0.1237E-02
      6.821  0.6498E-02  0.5966E-02  0.3225E-02  0.5176E-02  0.2598E-02  0.7380E-02  0.5261E-02  0.4375E-02  0.7902E-03  0.9465E-03  0.1494E-02  0.3124E-02  0.6295E-02  0.8395E-02  0.1433E-02  0.3434E-02  0.1022E-02  0.1233E-02
      6.831  0.6075E-02  0.6011E-02  0.2971E-02  0.5128E-02  0.2551E-02  0.7535E-02  0.4986E-02  0.4339E-02  0.7488E-03  0.9450E-03  0.1380E-02  0.3056E-02  0.5820E-02  0.8436E-02  0.1359E-02  0.3259E-02  0.9738E-03  0.1227E-02
      6.841  0.5627E-02  0.6076E-02  0.2716E-02  0.5138E-02  0.2517E-02  0.7734E-02  0.4665E-02  0.4345E-02  0.7106E-03  0.9533E-03  0.1265E-02  0.3003E-02  0.5312E-02  0.8511E-02  0.1286E-02  0.3147E-02  0.9256E-03  0.1224E-02
      6.851  0.5170E-02  0.6770E-02  0.2465E-02  0.5792E-02  0.2491E-02  0.9500E-02  0.4322E-02  0.6338E-02  0.6744E-03  0.1365E-02  0.1151E-02  0.3169E-02  0.4788E-02  0.1118E-01  0.1210E-02  0.3805E-02  0.8833E-03  0.1458E-02
      6.861  0.4683E-02  0.6770E-02  0.2231E-02  0.5666E-02  0.2526E-02  0.9315E-02  0.3889E-02  0.5812E-02  0.6382E-03  0.1232E-02  0.1045E-02  0.3042E-02  0.4212E-02  0.1046E-01  0.1138E-02  0.3568E-02  0.8443E-03  0.1445E-02
      6.871  0.4261E-02  0.5233E-02  0.2082E-02  0.3443E-02  0.2630E-02  0.7012E-02  0.3483E-02  0.4517E-02  0.6102E-03  0.9849E-03  0.9628E-03  0.2134E-02  0.3713E-02  0.7912E-02  0.1073E-02  0.2920E-02  0.8166E-03  0.1153E-02
      6.881  0.4133E-02  0.5020E-02  0.2174E-02  0.3243E-02  0.2910E-02  0.6460E-02  0.3342E-02  0.3838E-02  0.6409E-03  0.8266E-03  0.9615E-03  0.2030E-02  0.3533E-02  0.6926E-02  0.1039E-02  0.2626E-02  0.8290E-03  0.1076E-02
      6.891  0.4877E-02  0.5968E-02  0.2660E-02  0.4445E-02  0.3836E-02  0.9529E-02  0.4026E-02  0.4207E-02  0.1063E-02  0.8546E-03  0.1214E-02  0.3098E-02  0.4275E-02  0.1044E-01  0.1253E-02  0.4267E-02  0.1044E-02  0.1375E-02
      6.901  0.5633E-02  0.5399E-02  0.3238E-02  0.3833E-02  0.4878E-02  0.7861E-02  0.4702E-02  0.3629E-02  0.1548E-02  0.7646E-03  0.1467E-02  0.2372E-02  0.5122E-02  0.7801E-02  0.1496E-02  0.3089E-02  0.1267E-02  0.1184E-02
      6.911  0.5732E-02  0.5373E-02  0.3509E-02  0.3732E-02  0.5298E-02  0.7616E-02  0.4320E-02  0.3477E-02  0.1540E-02  0.7454E-03  0.1520E-02  0.2295E-02  0.4976E-02  0.6997E-02  0.1533E-02  0.2649E-02  0.1328E-02  0.1134E-02
      6.921  0.6996E-02  0.5114E-02  0.4883E-02  0.3556E-02  0.6620E-02  0.7345E-02  0.4430E-02  0.3315E-02  0.1736E-02  0.7124E-03  0.1965E-02  0.2249E-02  0.5671E-02  0.6251E-02  0.1825E-02  0.2349E-02  0.1450E-02  0.1060E-02
      6.931  0.6728E-02  0.4519E-02  0.4774E-02  0.3188E-02  0.6850E-02  0.6516E-02  0.4648E-02  0.2919E-02  0.1792E-02  0.6425E-03  0.1856E-02  0.2070E-02  0.5783E-02  0.5106E-02  0.1817E-02  0.1986E-02  0.1450E-02  0.9120E-03
      6.941  0.5950E-02  0.3846E-02  0.4256E-02  0.2837E-02  0.6497E-02  0.5429E-02  0.4539E-02  0.2455E-02  0.1660E-02  0.5757E-03  0.1600E-02  0.1886E-02  0.5558E-02  0.4000E-02  0.1641E-02  0.1705E-02  0.1308E-02  0.7312E-03
      6.951  0.5112E-02  0.7498E-02  0.3605E-02  0.2922E-02  0.5938E-02  0.6640E-02  0.4295E-02  0.2670E-02  0.1440E-02  0.5989E-03  0.1341E-02  0.1854E-02  0.5312E-02  0.8505E-02  0.1433E-02  0.1640E-02  0.1107E-02  0.9409E-03
      6.961  0.4956E-02  0.8734E-02  0.3386E-02  0.2913E-02  0.5717E-02  0.7211E-02  0.4251E-02  0.2654E-02  0.1349E-02  0.6199E-03  0.1283E-02  0.1943E-02  0.5479E-02  0.9687E-02  0.1373E-02  0.1571E-02  0.1023E-02  0.9890E-03
      6.971  0.4465E-02  0.8928E-02  0.2942E-02  0.2885E-02  0.5110E-02  0.7409E-02  0.4068E-02  0.2486E-02  0.1098E-02  0.6373E-03  0.1177E-02  0.1908E-02  0.4346E-02  0.9864E-02  0.1349E-02  0.1472E-02  0.9164E-03  0.1008E-02
      6.981  0.3857E-02  0.8649E-02  0.2635E-02  0.2941E-02  0.4594E-02  0.7411E-02  0.3804E-02  0.2396E-02  0.9863E-03  0.6963E-03  0.1031E-02  0.1926E-02  0.3868E-02  0.9617E-02  0.1204E-02  0.1442E-02  0.8803E-03  0.1027E-02
      6.991  0.3652E-02  0.8593E-02  0.2562E-02  0.3063E-02  0.4252E-02  0.7580E-02  0.3655E-02  0.2390E-02  0.8758E-03  0.7769E-03  0.9673E-03  0.1993E-02  0.3574E-02  0.9489E-02  0.1099E-02  0.1453E-02  0.8458E-03  0.1058E-02
      7.001  0.3610E-02  0.8696E-02  0.2521E-02  0.3230E-02  0.3982E-02  0.7884E-02  0.3584E-02  0.2435E-02  0.7864E-03  0.8655E-03  0.9156E-03  0.2069E-02  0.3437E-02  0.9468E-02  0.1002E-02  0.1495E-02  0.7983E-03  0.1097E-02
      7.011  0.3578E-02  0.8880E-02  0.2477E-02  0.3435E-02  0.3686E-02  0.8264E-02  0.3492E-02  0.2519E-02  0.6992E-03  0.9596E-03  0.8598E-03  0.2158E-02  0.3290E-02  0.9512E-02  0.8939E-03  0.1570E-02  0.7236E-03  0.1141E-02
      7.021  0.3624E-02  0.9064E-02  0.2452E-02  0.3635E-02  0.3478E-02  0.8604E-02  0.3449E-02  0.2604E-02  0.6182E-03  0.1056E-02  0.8324E-03  0.2232E-02  0.3233E-02  0.9532E-02  0.8006E-03  0.1646E-02  0.6556E-03  0.1178E-02
      7.032  0.3667E-02  0.9195E-02  0.2404E-02  0.3825E-02  0.3223E-02  0.8857E-02  0.3386E-02  0.2683E-02  0.5249E-03  0.1158E-02  0.7890E-03  0.2289E-02  0.3134E-02  0.9411E-02  0.7133E-03  0.1726E-02  0.5628E-03  0.1199E-02
      7.042  0.3239E-02  0.1132E-01  0.2008E-02  0.4231E-02  0.2490E-02  0.1019E-01  0.2804E-02  0.3004E-02  0.4115E-03  0.1685E-02  0.6789E-03  0.2412E-02  0.2761E-02  0.9380E-02  0.5879E-03  0.2378E-02  0.4030E-03  0.1276E-02
      7.052  0.2819E-02  0.2109E-01  0.1658E-02  0.5617E-02  0.2104E-02  0.1455E-01  0.2357E-02  0.4502E-02  0.3874E-03  0.2386E-02  0.6367E-03  0.2609E-02  0.2593E-02  0.1268E-01  0.5199E-03  0.3553E-02  0.3482E-03  0.1658E-02
      7.062  0.4333E-02  0.1838E-01  0.2791E-02  0.6430E-02  0.2616E-02  0.1350E-01  0.3590E-02  0.4782E-02  0.6722E-03  0.2296E-02  0.8742E-03  0.2394E-02  0.3865E-02  0.1244E-01  0.7865E-03  0.3449E-02  0.5588E-03  0.1770E-02
      7.072  0.6771E-02  0.1631E-01  0.4686E-02  0.6155E-02  0.5343E-02  0.1257E-01  0.4876E-02  0.4233E-02  0.9409E-03  0.2184E-02  0.2482E-02  0.2124E-02  0.6472E-02  0.1162E-01  0.1520E-02  0.3286E-02  0.8044E-03  0.1691E-02
      7.082  0.7316E-02  0.1422E-01  0.5382E-02  0.5546E-02  0.6147E-02  0.1162E-01  0.6314E-02  0.3681E-02  0.1076E-02  0.1931E-02  0.2297E-02  0.1879E-02  0.7599E-02  0.1042E-01  0.1985E-02  0.2975E-02  0.9954E-03  0.1565E-02
      7.092  0.6471E-02  0.1476E-01  0.4685E-02  0.7417E-02  0.6162E-02  0.2287E-01  0.5871E-02  0.4824E-02  0.1091E-02  0.1939E-02  0.2329E-02  0.5732E-02  0.7469E-02  0.1080E-01  0.1887E-02  0.3818E-02  0.1004E-02  0.2647E-02
      7.102  0.5846E-02  0.8930E-02  0.3753E-02  0.3998E-02  0.5656E-02  0.9486E-02  0.4178E-02  0.2364E-02  0.1043E-02  0.1355E-02  0.2256E-02  0.1864E-02  0.6506E-02  0.7168E-02  0.1735E-02  0.2183E-02  0.9484E-03  0.1111E-02
      7.112  0.9043E-02  0.7553E-02  0.4790E-02  0.3707E-02  0.7728E-02  0.8277E-02  0.5193E-02  0.2193E-02  0.1509E-02  0.1345E-02  0.2675E-02  0.1655E-02  0.9892E-02  0.5851E-02  0.3883E-02  0.1990E-02  0.1467E-02  0.1056E-02
      7.122  0.7846E-02  0.6437E-02  0.3966E-02  0.3529E-02  0.6921E-02  0.7420E-02  0.4441E-02  0.2077E-02  0.1250E-02  0.1407E-02  0.2684E-02  0.1568E-02  0.8093E-02  0.5064E-02  0.2361E-02  0.1951E-02  0.1288E-02  0.1066E-02
      7.132  0.7729E-02  0.5484E-02  0.3509E-02  0.3397E-02  0.6717E-02  0.6716E-02  0.4103E-02  0.1947E-02  0.1160E-02  0.1508E-02  0.2673E-02  0.1522E-02  0.7649E-02  0.4576E-02  0.2078E-02  0.1971E-02  0.1299E-02  0.1105E-02
      7.142  0.7872E-02  0.4148E-02  0.3267E-02  0.3028E-02  0.6937E-02  0.5557E-02  0.4141E-02  0.1625E-02  0.1114E-02  0.1457E-02  0.2700E-02  0.1417E-02  0.7606E-02  0.3880E-02  0.1959E-02  0.1853E-02  0.1448E-02  0.1023E-02
      7.152  0.6944E-02  0.3824E-02  0.3042E-02  0.2940E-02  0.6589E-02  0.4889E-02  0.3436E-02  0.1656E-02  0.1014E-02  0.1315E-02  0.2280E-02  0.1446E-02  0.6362E-02  0.3761E-02  0.1571E-02  0.1845E-02  0.1185E-02  0.9012E-03
      7.162  0.6417E-02  0.4623E-02  0.3069E-02  0.3816E-02  0.7016E-02  0.5717E-02  0.3349E-02  0.2307E-02  0.1066E-02  0.1491E-02  0.1942E-02  0.1894E-02  0.5645E-02  0.4691E-02  0.1384E-02  0.2312E-02  0.9471E-03  0.1068E-02
      7.172  0.6958E-02  0.4004E-02  0.3265E-02  0.2835E-02  0.8118E-02  0.5284E-02  0.3833E-02  0.2021E-02  0.1095E-02  0.9771E-03  0.2081E-02  0.1773E-02  0.6182E-02  0.4074E-02  0.1503E-02  0.2083E-02  0.1043E-02  0.8402E-03
      7.182  0.5007E-02  0.4201E-02  0.3155E-02  0.2515E-02  0.8171E-02  0.5330E-02  0.2943E-02  0.2084E-02  0.1013E-02  0.9679E-03  0.2121E-02  0.1815E-02  0.5635E-02  0.3997E-02  0.1372E-02  0.1990E-02  0.9039E-03  0.8385E-03
      7.192  0.5165E-02  0.4686E-02  0.2987E-02  0.2422E-02  0.8922E-02  0.5743E-02  0.2968E-02  0.2262E-02  0.9576E-03  0.9759E-03  0.2088E-02  0.1911E-02  0.5719E-02  0.4169E-02  0.1478E-02  0.2051E-02  0.8170E-03  0.9016E-03
      7.202  0.4959E-02  0.5471E-02  0.2599E-02  0.2595E-02  0.9204E-02  0.6460E-02  0.2815E-02  0.2546E-02  0.8308E-03  0.1046E-02  0.1833E-02  0.2088E-02  0.5171E-02  0.4572E-02  0.1489E-02  0.2241E-02  0.6634E-03  0.1017E-02
      7.212  0.5024E-02  0.6229E-02  0.2409E-02  0.2706E-02  0.9762E-02  0.7149E-02  0.2785E-02  0.2864E-02  0.7740E-03  0.1107E-02  0.1778E-02  0.2261E-02  0.5093E-02  0.4957E-02  0.1575E-02  0.2397E-02  0.6520E-03  0.1133E-02
      7.222  0.7444E-02  0.6230E-02  0.3137E-02  0.2564E-02  0.1287E-01  0.7213E-02  0.3481E-02  0.3179E-02  0.1053E-02  0.1088E-02  0.2757E-02  0.2140E-02  0.6393E-02  0.4893E-02  0.2316E-02  0.2205E-02  0.9365E-03  0.1111E-02
      7.232  0.6293E-02  0.4616E-02  0.2647E-02  0.2492E-02  0.1169E-01  0.6355E-02  0.3192E-02  0.3032E-02  0.8526E-03  0.1010E-02  0.2074E-02  0.2076E-02  0.5798E-02  0.4766E-02  0.2013E-02  0.2241E-02  0.7079E-03  0.1191E-02
      7.242  0.4535E-02  0.3127E-02  0.2138E-02  0.2569E-02  0.9795E-02  0.5677E-02  0.2607E-02  0.2733E-02  0.6801E-03  0.9385E-03  0.1331E-02  0.1906E-02  0.4935E-02  0.4539E-02  0.1426E-02  0.2241E-02  0.4980E-03  0.1238E-02
      7.252  0.5983E-02  0.3451E-02  0.3906E-02  0.2954E-02  0.1266E-01  0.6519E-02  0.3761E-02  0.2906E-02  0.8694E-03  0.1019E-02  0.1699E-02  0.2028E-02  0.7389E-02  0.5161E-02  0.1580E-02  0.2450E-02  0.6558E-03  0.1431E-02
      7.262  0.5582E-02  0.4439E-02  0.3083E-02  0.3712E-02  0.1143E-01  0.8592E-02  0.3242E-02  0.3403E-02  0.7556E-03  0.1223E-02  0.1451E-02  0.2413E-02  0.6568E-02  0.6200E-02  0.1554E-02  0.2865E-02  0.5877E-03  0.1774E-02
      7.272  0.7517E-02  0.5362E-02  0.3508E-02  0.3732E-02  0.1466E-01  0.1087E-01  0.4528E-02  0.3726E-02  0.8070E-03  0.1376E-02  0.1468E-02  0.2693E-02  0.8836E-02  0.7013E-02  0.2081E-02  0.2909E-02  0.8157E-03  0.1938E-02
      7.282  0.5384E-02  0.6744E-02  0.2478E-02  0.4541E-02  0.1145E-01  0.1424E-01  0.3423E-02  0.4164E-02  0.6459E-03  0.1641E-02  0.1203E-02  0.3128E-02  0.6099E-02  0.8784E-02  0.1698E-02  0.3239E-02  0.5701E-03  0.2195E-02
      7.292  0.4107E-02  0.8615E-02  0.1802E-02  0.5929E-02  0.9186E-02  0.1760E-01  0.2782E-02  0.4732E-02  0.5304E-03  0.1974E-02  0.9746E-03  0.3613E-02  0.4654E-02  0.1144E-01  0.1460E-02  0.3612E-02  0.4249E-03  0.2548E-02
      7.302  0.4406E-02  0.6533E-02  0.1651E-02  0.4252E-02  0.8445E-02  0.1462E-01  0.2623E-02  0.4195E-02  0.4947E-03  0.1408E-02  0.8515E-03  0.3336E-02  0.4473E-02  0.7784E-02  0.1398E-02  0.2898E-02  0.3756E-03  0.1809E-02
      7.312  0.6378E-02  0.6433E-02  0.1966E-02  0.4275E-02  0.1089E-01  0.1427E-01  0.2854E-02  0.4195E-02  0.6648E-03  0.1308E-02  0.9459E-03  0.3397E-02  0.5713E-02  0.7701E-02  0.2056E-02  0.2843E-02  0.4290E-03  0.1669E-02
      7.322  0.6806E-02  0.5736E-02  0.2573E-02  0.3791E-02  0.1077E-01  0.1252E-01  0.2793E-02  0.4104E-02  0.7558E-03  0.1195E-02  0.1102E-02  0.3016E-02  0.6169E-02  0.7133E-02  0.2380E-02  0.2645E-02  0.4794E-03  0.1512E-02
      7.332  0.5652E-02  0.5133E-02  0.2510E-02  0.3332E-02  0.7612E-02  0.1120E-01  0.2332E-02  0.3880E-02  0.5940E-03  0.1174E-02  0.9911E-03  0.2998E-02  0.5026E-02  0.6765E-02  0.2009E-02  0.2589E-02  0.4507E-03  0.1496E-02
      7.342  0.4905E-02  0.4776E-02  0.2216E-02  0.3050E-02  0.7736E-02  0.1019E-01  0.2122E-02  0.3759E-02  0.5864E-03  0.1229E-02  0.1156E-02  0.3061E-02  0.4412E-02  0.6520E-02  0.1795E-02  0.2592E-02  0.4810E-03  0.1538E-02
      7.352  0.5788E-02  0.3854E-02  0.2682E-02  0.2657E-02  0.1027E-01  0.8027E-02  0.2499E-02  0.3496E-02  0.8383E-03  0.1127E-02  0.1733E-02  0.2952E-02  0.5053E-02  0.5797E-02  0.2025E-02  0.2586E-02  0.7483E-03  0.1407E-02
      7.362  0.6343E-02  0.2730E-02  0.2818E-02  0.5575E-02  0.1217E-01  0.6182E-02  0.2659E-02  0.4259E-02  0.9498E-03  0.1413E-02  0.1963E-02  0.2773E-02  0.5644E-02  0.6415E-02  0.2158E-02  0.2524E-02  0.8921E-03  0.1778E-02
      7.372  0.7964E-02  0.2276E-02  0.3664E-02  0.4461E-02  0.1832E-01  0.5919E-02  0.3857E-02  0.3728E-02  0.1365E-02  0.1106E-02  0.2710E-02  0.2793E-02  0.7746E-02  0.5518E-02  0.2499E-02  0.2684E-02  0.1566E-02  0.1516E-02
      7.382  0.7705E-02  0.1965E-02  0.3403E-02  0.3311E-02  0.1704E-01  0.6010E-02  0.3477E-02  0.2837E-02  0.1287E-02  0.9716E-03  0.2620E-02  0.2659E-02  0.7336E-02  0.4743E-02  0.2383E-02  0.2616E-02  0.1195E-02  0.1501E-02
      7.392  0.7504E-02  0.3558E-02  0.3352E-02  0.4539E-02  0.1638E-01  0.9889E-02  0.3273E-02  0.4023E-02  0.1257E-02  0.1313E-02  0.2439E-02  0.3273E-02  0.7124E-02  0.6402E-02  0.2253E-02  0.3717E-02  0.1074E-02  0.1977E-02
      7.402  0.8858E-02  0.6183E-02  0.3603E-02  0.8343E-02  0.1759E-01  0.1404E-01  0.3634E-02  0.6833E-02  0.1460E-02  0.1905E-02  0.2500E-02  0.3980E-02  0.8115E-02  0.7844E-02  0.2449E-02  0.4724E-02  0.1190E-02  0.3810E-02
      7.412  0.9592E-02  0.3673E-02  0.4029E-02  0.5627E-02  0.1780E-01  0.8889E-02  0.3322E-02  0.4673E-02  0.1642E-02  0.1330E-02  0.2809E-02  0.2289E-02  0.7096E-02  0.6456E-02  0.2309E-02  0.4031E-02  0.1104E-02  0.1814E-02
      7.422  0.5314E-02  0.3356E-02  0.3407E-02  0.5602E-02  0.1286E-01  0.8227E-02  0.2606E-02  0.4478E-02  0.1031E-02  0.1226E-02  0.1839E-02  0.2151E-02  0.4714E-02  0.6269E-02  0.1335E-02  0.3872E-02  0.7096E-03  0.1789E-02
      7.432  0.3889E-02  0.2850E-02  0.2859E-02  0.4936E-02  0.8403E-02  0.7020E-02  0.2287E-02  0.3884E-02  0.6460E-03  0.1056E-02  0.1117E-02  0.1847E-02  0.3472E-02  0.5532E-02  0.1193E-02  0.3382E-02  0.5733E-03  0.1529E-02
      7.442  0.3871E-02  0.2369E-02  0.3087E-02  0.4234E-02  0.8176E-02  0.5919E-02  0.3309E-02  0.3317E-02  0.5314E-03  0.8989E-03  0.1159E-02  0.1556E-02  0.3901E-02  0.4847E-02  0.1607E-02  0.2921E-02  0.6575E-03  0.1262E-02
      7.452  0.3895E-02  0.2211E-02  0.2757E-02  0.3802E-02  0.7044E-02  0.5521E-02  0.3562E-02  0.3140E-02  0.4691E-03  0.9148E-03  0.1087E-02  0.1451E-02  0.4086E-02  0.5115E-02  0.1668E-02  0.2824E-02  0.6402E-03  0.1214E-02
      7.462  0.3921E-02  0.2128E-02  0.2765E-02  0.3414E-02  0.6571E-02  0.5406E-02  0.3565E-02  0.2960E-02  0.4181E-03  0.9603E-03  0.1122E-02  0.1393E-02  0.4417E-02  0.5921E-02  0.1678E-02  0.2762E-02  0.6273E-03  0.1196E-02
      7.472  0.3400E-02  0.1917E-02  0.2759E-02  0.2908E-02  0.6119E-02  0.5043E-02  0.3063E-02  0.2652E-02  0.3916E-03  0.8913E-03  0.1186E-02  0.1242E-02  0.4150E-02  0.5713E-02  0.1728E-02  0.2540E-02  0.6319E-03  0.1058E-02
      7.482  0.2619E-02  0.1854E-02  0.2392E-02  0.2683E-02  0.5273E-02  0.4909E-02  0.2401E-02  0.2540E-02  0.4113E-03  0.8996E-03  0.1332E-02  0.1289E-02  0.3376E-02  0.5641E-02  0.1469E-02  0.2425E-02  0.5813E-03  0.9952E-03
      7.492  0.2448E-02  0.1899E-02  0.2480E-02  0.2816E-02  0.5070E-02  0.4975E-02  0.2221E-02  0.2603E-02  0.4320E-03  0.1001E-02  0.1426E-02  0.1497E-02  0.3115E-02  0.5657E-02  0.1404E-02  0.2460E-02  0.5896E-03  0.1006E-02
      7.502  0.2256E-02  0.2067E-02  0.2220E-02  0.3033E-02  0.4781E-02  0.5332E-02  0.2178E-02  0.2695E-02  0.4287E-03  0.1179E-02  0.1415E-02  0.1585E-02  0.2846E-02  0.6383E-02  0.1307E-02  0.2715E-02  0.5911E-03  0.1029E-02
      7.512  0.1921E-02  0.2405E-02  0.1915E-02  0.3434E-02  0.4445E-02  0.6159E-02  0.2119E-02  0.3129E-02  0.3997E-03  0.1362E-02  0.1404E-02  0.1665E-02  0.2433E-02  0.7594E-02  0.1235E-02  0.2992E-02  0.5776E-03  0.1112E-02
      7.522  0.1831E-02  0.2502E-02  0.1855E-02  0.3646E-02  0.4481E-02  0.6205E-02  0.2152E-02  0.3485E-02  0.4299E-03  0.1426E-02  0.1412E-02  0.1665E-02  0.2349E-02  0.7389E-02  0.1220E-02  0.3068E-02  0.5628E-03  0.1179E-02
      7.532  0.1785E-02  0.2546E-02  0.1875E-02  0.3840E-02  0.4640E-02  0.6061E-02  0.2243E-02  0.3657E-02  0.4943E-03  0.1462E-02  0.1484E-02  0.1648E-02  0.2360E-02  0.7108E-02  0.1255E-02  0.3046E-02  0.5587E-03  0.1225E-02
      7.542  0.2056E-02  0.2731E-02  0.3147E-02  0.4256E-02  0.7449E-02  0.6426E-02  0.5913E-02  0.3969E-02  0.8803E-03  0.1585E-02  0.2474E-02  0.1784E-02  0.3220E-02  0.7044E-02  0.3705E-02  0.3167E-02  0.1356E-02  0.1335E-02
      7.552  0.2011E-02  0.3098E-02  0.3489E-02  0.4877E-02  0.7766E-02  0.7464E-02  0.5037E-02  0.4662E-02  0.1015E-02  0.1834E-02  0.2611E-02  0.2064E-02  0.3541E-02  0.7213E-02  0.3705E-02  0.3483E-02  0.1156E-02  0.1553E-02
      7.562  0.1855E-02  0.3234E-02  0.3383E-02  0.5688E-02  0.5521E-02  0.9136E-02  0.4220E-02  0.5783E-02  0.1199E-02  0.2161E-02  0.2584E-02  0.2087E-02  0.3543E-02  0.7169E-02  0.2593E-02  0.3632E-02  0.1059E-02  0.1816E-02
      7.572  0.1640E-02  0.3610E-02  0.2633E-02  0.5877E-02  0.5034E-02  0.6684E-02  0.2931E-02  0.4263E-02  0.1018E-02  0.1538E-02  0.2027E-02  0.1965E-02  0.3047E-02  0.7318E-02  0.1783E-02  0.4471E-02  0.8011E-03  0.1800E-02
      7.582  0.1705E-02  0.2489E-02  0.2594E-02  0.4302E-02  0.5453E-02  0.5008E-02  0.2998E-02  0.3867E-02  0.9701E-03  0.1229E-02  0.1862E-02  0.1507E-02  0.2976E-02  0.5587E-02  0.1646E-02  0.2459E-02  0.8565E-03  0.1142E-02
      7.592  0.1897E-02  0.1926E-02  0.2791E-02  0.3612E-02  0.5627E-02  0.4203E-02  0.3047E-02  0.3487E-02  0.9513E-03  0.1050E-02  0.1819E-02  0.1306E-02  0.3045E-02  0.4596E-02  0.1571E-02  0.1956E-02  0.9494E-03  0.9938E-03
      7.602  0.1994E-02  0.1601E-02  0.2702E-02  0.2949E-02  0.5900E-02  0.3549E-02  0.2922E-02  0.3193E-02  0.8526E-03  0.8844E-03  0.1719E-02  0.1226E-02  0.2835E-02  0.3728E-02  0.1532E-02  0.1624E-02  0.9038E-03  0.8314E-03
      7.612  0.2702E-02  0.1142E-02  0.3795E-02  0.1732E-02  0.9565E-02  0.2328E-02  0.3499E-02  0.2363E-02  0.9640E-03  0.5924E-03  0.2245E-02  0.9513E-03  0.4101E-02  0.2515E-02  0.2029E-02  0.1128E-02  0.9873E-03  0.4642E-03
      7.622  0.2002E-02  0.9778E-03  0.2352E-02  0.1690E-02  0.5777E-02  0.1811E-02  0.2762E-02  0.2023E-02  0.6592E-03  0.5605E-03  0.1761E-02  0.8669E-03  0.2281E-02  0.2299E-02  0.1681E-02  0.9687E-03  0.8454E-03  0.3814E-03
      7.632  0.2002E-02  0.1066E-02  0.2427E-02  0.2063E-02  0.5936E-02  0.1809E-02  0.2689E-02  0.1695E-02  0.6579E-03  0.6325E-03  0.1792E-02  0.9971E-03  0.2224E-02  0.2534E-02  0.1696E-02  0.1019E-02  0.8709E-03  0.4295E-03
      7.642  0.1976E-02  0.1182E-02  0.2466E-02  0.2368E-02  0.6023E-02  0.1936E-02  0.2709E-02  0.1149E-02  0.6772E-03  0.6354E-03  0.1857E-02  0.1141E-02  0.2225E-02  0.2687E-02  0.1746E-02  0.1190E-02  0.9071E-03  0.4958E-03
      7.652  0.1906E-02  0.1350E-02  0.2519E-02  0.2929E-02  0.5933E-02  0.1941E-02  0.2823E-02  0.1259E-02  0.7052E-03  0.7503E-03  0.1999E-02  0.1434E-02  0.2157E-02  0.3078E-02  0.1878E-02  0.1422E-02  0.9381E-03  0.5826E-03
      7.662  0.2797E-02  0.1600E-02  0.3264E-02  0.3383E-02  0.7401E-02  0.2058E-02  0.4211E-02  0.1668E-02  0.8138E-03  0.8578E-03  0.2530E-02  0.1751E-02  0.2623E-02  0.3608E-02  0.2470E-02  0.1544E-02  0.1178E-02  0.6589E-03
      7.672  0.2668E-02  0.2932E-02  0.3252E-02  0.4694E-02  0.6888E-02  0.5509E-02  0.4553E-02  0.3048E-02  0.8683E-03  0.1143E-02  0.2665E-02  0.2411E-02  0.2579E-02  0.6507E-02  0.2751E-02  0.1964E-02  0.1238E-02  0.1077E-02
      7.682  0.2547E-02  0.2397E-02  0.3149E-02  0.4498E-02  0.6358E-02  0.4071E-02  0.4832E-02  0.2943E-02  0.8910E-03  0.9740E-03  0.2709E-02  0.2235E-02  0.2509E-02  0.5228E-02  0.2942E-02  0.1964E-02  0.1240E-02  0.1158E-02
      7.692  0.2813E-02  0.2279E-02  0.3159E-02  0.4753E-02  0.7101E-02  0.4161E-02  0.6182E-02  0.3065E-02  0.1180E-02  0.1044E-02  0.3189E-02  0.2350E-02  0.3097E-02  0.5353E-02  0.3532E-02  0.2399E-02  0.1472E-02  0.1381E-02
      7.702  0.2355E-02  0.2225E-02  0.2524E-02  0.5201E-02  0.5609E-02  0.4315E-02  0.6780E-02  0.3223E-02  0.1234E-02  0.1145E-02  0.2323E-02  0.2551E-02  0.3087E-02  0.5277E-02  0.3405E-02  0.2925E-02  0.1405E-02  0.1647E-02
      7.712  0.2436E-02  0.2380E-02  0.3858E-02  0.4256E-02  0.4012E-02  0.4401E-02  0.3666E-02  0.3221E-02  0.7247E-03  0.1042E-02  0.1296E-02  0.2857E-02  0.2096E-02  0.4643E-02  0.1981E-02  0.3174E-02  0.8348E-03  0.1453E-02
      7.722  0.2495E-02  0.2152E-02  0.2880E-02  0.4021E-02  0.3775E-02  0.4507E-02  0.2232E-02  0.2812E-02  0.4752E-03  0.8378E-03  0.8575E-03  0.2779E-02  0.1823E-02  0.4448E-02  0.1368E-02  0.2813E-02  0.4763E-03  0.1140E-02
      7.732  0.3063E-02  0.1317E-02  0.3017E-02  0.2052E-02  0.4684E-02  0.1858E-02  0.2494E-02  0.2110E-02  0.5846E-03  0.4756E-03  0.1080E-02  0.1872E-02  0.2288E-02  0.2372E-02  0.1532E-02  0.1228E-02  0.5410E-03  0.6003E-03
      7.742  0.3039E-02  0.1005E-02  0.3230E-02  0.1666E-02  0.5206E-02  0.1244E-02  0.2703E-02  0.1616E-02  0.7168E-03  0.3466E-03  0.1340E-02  0.1313E-02  0.2604E-02  0.1782E-02  0.1707E-02  0.9745E-03  0.6195E-03  0.3934E-03
      7.752  0.2903E-02  0.1102E-02  0.3694E-02  0.1810E-02  0.5761E-02  0.1484E-02  0.2964E-02  0.1642E-02  0.9400E-03  0.3578E-03  0.1691E-02  0.1240E-02  0.2992E-02  0.1841E-02  0.1986E-02  0.1152E-02  0.7309E-03  0.4210E-03
      7.762  0.2856E-02  0.1577E-02  0.3560E-02  0.2469E-02  0.5834E-02  0.2346E-02  0.3106E-02  0.2042E-02  0.9635E-03  0.5178E-03  0.1821E-02  0.1351E-02  0.3144E-02  0.2618E-02  0.2000E-02  0.1480E-02  0.7575E-03  0.5737E-03
      7.772  0.2759E-02  0.2984E-02  0.3032E-02  0.3656E-02  0.5519E-02  0.5266E-02  0.2687E-02  0.2831E-02  0.8346E-03  0.7356E-03  0.1633E-02  0.2081E-02  0.3159E-02  0.5522E-02  0.1797E-02  0.1984E-02  0.6554E-03  0.1036E-02
      7.782  0.3406E-02  0.4507E-02  0.3960E-02  0.5093E-02  0.5813E-02  0.9354E-02  0.3065E-02  0.3975E-02  0.8533E-03  0.1211E-02  0.1857E-02  0.3310E-02  0.4346E-02  0.8361E-02  0.2181E-02  0.2990E-02  0.9950E-03  0.1501E-02
      7.792  0.3100E-02  0.3709E-02  0.2552E-02  0.4700E-02  0.6619E-02  0.6795E-02  0.2824E-02  0.3881E-02  0.8561E-03  0.1298E-02  0.1664E-02  0.3135E-02  0.3803E-02  0.6890E-02  0.1912E-02  0.2656E-02  0.8921E-03  0.1170E-02
      7.802  0.2351E-02  0.2635E-02  0.2131E-02  0.3572E-02  0.5853E-02  0.5068E-02  0.2746E-02  0.3424E-02  0.7872E-03  0.1098E-02  0.1285E-02  0.2641E-02  0.3088E-02  0.5299E-02  0.1508E-02  0.2259E-02  0.7242E-03  0.9752E-03
      7.812  0.2193E-02  0.1996E-02  0.1774E-02  0.3019E-02  0.5167E-02  0.3755E-02  0.2718E-02  0.2483E-02  0.7183E-03  0.8759E-03  0.1275E-02  0.2169E-02  0.3055E-02  0.4335E-02  0.1481E-02  0.1895E-02  0.6335E-03  0.7904E-03
      7.822  0.1825E-02  0.1419E-02  0.1318E-02  0.2524E-02  0.3930E-02  0.2889E-02  0.2349E-02  0.2087E-02  0.5117E-03  0.6710E-03  0.9998E-03  0.1950E-02  0.2363E-02  0.3155E-02  0.1283E-02  0.1539E-02  0.5072E-03  0.6608E-03
      7.832  0.1913E-02  0.1086E-02  0.1438E-02  0.2121E-02  0.3860E-02  0.2418E-02  0.2841E-02  0.1908E-02  0.5737E-03  0.5562E-03  0.1217E-02  0.1919E-02  0.2567E-02  0.2570E-02  0.1437E-02  0.1286E-02  0.6305E-03  0.5755E-03
      7.842  0.2518E-02  0.9023E-03  0.1641E-02  0.1405E-02  0.4381E-02  0.2002E-02  0.3710E-02  0.1574E-02  0.7121E-03  0.4599E-03  0.1524E-02  0.1230E-02  0.3116E-02  0.2015E-02  0.1766E-02  0.9337E-03  0.9051E-03  0.4493E-03
      7.852  0.2353E-02  0.1504E-02  0.1624E-02  0.1441E-02  0.4049E-02  0.3339E-02  0.3514E-02  0.1922E-02  0.7009E-03  0.7022E-03  0.1509E-02  0.1176E-02  0.2828E-02  0.2359E-02  0.1782E-02  0.1018E-02  0.9016E-03  0.5066E-03
      7.862  0.2197E-02  0.1616E-02  0.1739E-02  0.1433E-02  0.3923E-02  0.3392E-02  0.3347E-02  0.1988E-02  0.7417E-03  0.7930E-03  0.1624E-02  0.9794E-03  0.2577E-02  0.2380E-02  0.1873E-02  0.1082E-02  0.9433E-03  0.5193E-03
      7.872  0.2106E-02  0.1523E-02  0.1886E-02  0.1419E-02  0.3856E-02  0.3104E-02  0.2955E-02  0.1886E-02  0.7949E-03  0.7245E-03  0.1709E-02  0.8829E-03  0.2282E-02  0.2253E-02  0.1810E-02  0.1132E-02  0.9986E-03  0.5024E-03
      7.882  0.2246E-02  0.1558E-02  0.2087E-02  0.1522E-02  0.4450E-02  0.2797E-02  0.2708E-02  0.2014E-02  0.8710E-03  0.7864E-03  0.1848E-02  0.1058E-02  0.2186E-02  0.2665E-02  0.1903E-02  0.1574E-02  0.1057E-02  0.5824E-03
      7.892  0.2236E-02  0.1601E-02  0.2286E-02  0.1832E-02  0.6919E-02  0.2685E-02  0.2579E-02  0.2042E-02  0.9644E-03  0.8174E-03  0.1871E-02  0.1352E-02  0.2415E-02  0.3406E-02  0.2207E-02  0.2057E-02  0.1035E-02  0.7000E-03
      7.902  0.1637E-02  0.1771E-02  0.2040E-02  0.2299E-02  0.3843E-02  0.2868E-02  0.1798E-02  0.2144E-02  0.8802E-03  0.9482E-03  0.1285E-02  0.1787E-02  0.1994E-02  0.4490E-02  0.1738E-02  0.2694E-02  0.7733E-03  0.8575E-03
      7.912  0.1733E-02  0.1799E-02  0.2228E-02  0.2397E-02  0.4250E-02  0.3405E-02  0.1925E-02  0.2258E-02  0.9143E-03  0.9967E-03  0.1300E-02  0.1877E-02  0.2241E-02  0.4942E-02  0.1805E-02  0.2996E-02  0.8027E-03  0.9070E-03
      7.922  0.1993E-02  0.1262E-02  0.2505E-02  0.1606E-02  0.5130E-02  0.2331E-02  0.2293E-02  0.1357E-02  0.9139E-03  0.7324E-03  0.1491E-02  0.1199E-02  0.2627E-02  0.3499E-02  0.1892E-02  0.1930E-02  0.8587E-03  0.4480E-03
      7.932  0.1839E-02  0.2011E-02  0.2535E-02  0.1767E-02  0.5162E-02  0.3009E-02  0.2134E-02  0.1574E-02  0.9022E-03  0.7696E-03  0.1453E-02  0.1417E-02  0.2750E-02  0.3982E-02  0.1784E-02  0.2053E-02  0.7998E-03  0.5036E-03
      7.942  0.1889E-02  0.2521E-02  0.2250E-02  0.2357E-02  0.5568E-02  0.3230E-02  0.2105E-02  0.1891E-02  0.8179E-03  0.9233E-03  0.1464E-02  0.1695E-02  0.2862E-02  0.4947E-02  0.1534E-02  0.2359E-02  0.7758E-03  0.5639E-03
      7.952  0.1958E-02  0.2118E-02  0.1862E-02  0.1775E-02  0.5965E-02  0.2430E-02  0.2094E-02  0.1787E-02  0.7806E-03  0.8194E-03  0.1470E-02  0.1461E-02  0.2927E-02  0.3752E-02  0.1438E-02  0.1776E-02  0.7975E-03  0.5259E-03
      7.962  0.1923E-02  0.2028E-02  0.1752E-02  0.1812E-02  0.5901E-02  0.2295E-02  0.2091E-02  0.1990E-02  0.8166E-03  0.8249E-03  0.1447E-02  0.1424E-02  0.2775E-02  0.3624E-02  0.1426E-02  0.1705E-02  0.8119E-03  0.5535E-03
      7.972  0.1902E-02  0.1935E-02  0.1713E-02  0.1889E-02  0.5721E-02  0.2267E-02  0.2159E-02  0.2213E-02  0.9016E-03  0.8286E-03  0.1452E-02  0.1398E-02  0.2588E-02  0.3493E-02  0.1481E-02  0.1665E-02  0.8176E-03  0.5832E-03
      7.982  0.1730E-02  0.1815E-02  0.1635E-02  0.2003E-02  0.5006E-02  0.2388E-02  0.2146E-02  0.2402E-02  0.8872E-03  0.8357E-03  0.1339E-02  0.1376E-02  0.2253E-02  0.3320E-02  0.1386E-02  0.1615E-02  0.8091E-03  0.6219E-03
      7.992  0.1498E-02  0.1689E-02  0.1438E-02  0.2118E-02  0.4223E-02  0.2497E-02  0.1927E-02  0.2577E-02  0.8117E-03  0.8274E-03  0.1303E-02  0.1356E-02  0.1965E-02  0.3048E-02  0.1270E-02  0.1565E-02  0.7509E-03  0.6580E-03
      8.002  0.1388E-02  0.1272E-02  0.1382E-02  0.1674E-02  0.3736E-02  0.2307E-02  0.1856E-02  0.2047E-02  0.8132E-03  0.6748E-03  0.1298E-02  0.1065E-02  0.1834E-02  0.2599E-02  0.1218E-02  0.1303E-02  0.7550E-03  0.4636E-03
      8.012  0.1295E-02  0.1101E-02  0.1353E-02  0.2025E-02  0.3371E-02  0.2876E-02  0.1812E-02  0.2150E-02  0.8242E-03  0.7241E-03  0.1295E-02  0.1081E-02  0.1733E-02  0.2567E-02  0.1184E-02  0.1434E-02  0.7719E-03  0.3734E-03
      8.022  0.1319E-02  0.7594E-03  0.1414E-02  0.1453E-02  0.3348E-02  0.1757E-02  0.1910E-02  0.1561E-02  0.9823E-03  0.4710E-03  0.1552E-02  0.8507E-03  0.1718E-02  0.1970E-02  0.1251E-02  0.1082E-02  0.8551E-03  0.2780E-03
      8.032  0.1252E-02  0.6575E-03  0.1348E-02  0.1197E-02  0.3240E-02  0.1423E-02  0.1897E-02  0.1298E-02  0.1118E-02  0.4086E-03  0.1516E-02  0.9402E-03  0.1627E-02  0.1656E-02  0.1223E-02  0.8865E-03  0.8701E-03  0.2713E-03
      8.042  0.1100E-02  0.6437E-03  0.1220E-02  0.1106E-02  0.2931E-02  0.1361E-02  0.1604E-02  0.1246E-02  0.9122E-03  0.4368E-03  0.1284E-02  0.1128E-02  0.1422E-02  0.1680E-02  0.9414E-03  0.8790E-03  0.7781E-03  0.2969E-03
      8.052  0.9481E-03  0.6641E-03  0.1120E-02  0.1071E-02  0.2603E-02  0.1357E-02  0.1336E-02  0.1262E-02  0.6541E-03  0.5121E-03  0.1111E-02  0.1329E-02  0.1278E-02  0.1811E-02  0.6903E-03  0.9305E-03  0.6847E-03  0.3326E-03
      8.062  0.9053E-03  0.6754E-03  0.1157E-02  0.1061E-02  0.2664E-02  0.1347E-02  0.1349E-02  0.1286E-02  0.6266E-03  0.5836E-03  0.1139E-02  0.1489E-02  0.1378E-02  0.1910E-02  0.6933E-03  0.1007E-02  0.6584E-03  0.3732E-03
      8.072  0.9143E-03  0.5552E-03  0.1292E-02  0.9495E-03  0.2896E-02  0.1108E-02  0.1481E-02  0.1092E-02  0.6420E-03  0.4418E-03  0.1136E-02  0.1249E-02  0.1616E-02  0.1643E-02  0.7839E-03  0.8450E-03  0.6826E-03  0.3206E-03
      8.082  0.1313E-02  0.5135E-03  0.1556E-02  0.8760E-03  0.4329E-02  0.1023E-02  0.1736E-02  0.1057E-02  0.8073E-03  0.3944E-03  0.1323E-02  0.1112E-02  0.2289E-02  0.1502E-02  0.1079E-02  0.8344E-03  0.7899E-03  0.3083E-03
      8.092  0.1441E-02  0.4744E-03  0.2235E-02  0.8145E-03  0.5673E-02  0.9606E-03  0.1745E-02  0.1034E-02  0.9626E-03  0.3503E-03  0.1457E-02  0.9809E-03  0.2805E-02  0.1359E-02  0.1377E-02  0.8266E-03  0.8224E-03  0.2962E-03
      8.102  0.1630E-02  0.4499E-03  0.1802E-02  0.8184E-03  0.5598E-02  0.9516E-03  0.1894E-02  0.1051E-02  0.8048E-03  0.3294E-03  0.1594E-02  0.8851E-03  0.2806E-02  0.1286E-02  0.1494E-02  0.8018E-03  0.6711E-03  0.2855E-03
      8.112  0.1802E-02  0.4322E-03  0.1905E-02  0.8307E-03  0.5904E-02  0.9234E-03  0.1956E-02  0.1036E-02  0.7863E-03  0.3050E-03  0.1670E-02  0.7702E-03  0.2891E-02  0.1131E-02  0.1521E-02  0.7176E-03  0.6343E-03  0.2656E-03
      8.122  0.1911E-02  0.3796E-03  0.2113E-02  0.7404E-03  0.7146E-02  0.8380E-03  0.2056E-02  0.8642E-03  0.8072E-03  0.2526E-03  0.1906E-02  0.5676E-03  0.3069E-02  0.8261E-03  0.1498E-02  0.5750E-03  0.6351E-03  0.2183E-03
      8.132  0.1488E-02  0.3460E-03  0.1973E-02  0.6946E-03  0.7305E-02  0.8258E-03  0.2245E-02  0.7854E-03  0.7601E-03  0.2173E-03  0.1965E-02  0.4818E-03  0.3238E-02  0.7097E-03  0.1428E-02  0.5282E-03  0.6444E-03  0.1946E-03
      8.142  0.1254E-02  0.3234E-03  0.1697E-02  0.6624E-03  0.4655E-02  0.7968E-03  0.1809E-02  0.6973E-03  0.5547E-03  0.1848E-03  0.1447E-02  0.4271E-03  0.2376E-02  0.6336E-03  0.1319E-02  0.4773E-03  0.5311E-03  0.1714E-03
      8.152  0.1105E-02  0.3045E-03  0.1560E-02  0.6445E-03  0.3778E-02  0.8015E-03  0.1462E-02  0.6261E-03  0.4971E-03  0.1521E-03  0.1232E-02  0.3852E-03  0.2008E-02  0.5913E-03  0.1195E-02  0.4471E-03  0.4965E-03  0.1494E-03
      8.162  0.7135E-03  0.2227E-03  0.9280E-03  0.5496E-03  0.2658E-02  0.7847E-03  0.9440E-03  0.5820E-03  0.4153E-03  0.1052E-03  0.8558E-03  0.3507E-03  0.1261E-02  0.5417E-03  0.7415E-03  0.4651E-03  0.3843E-03  0.1065E-03
      8.172  0.6742E-03  0.1204E-03  0.8504E-03  0.2784E-03  0.2316E-02  0.4455E-03  0.9130E-03  0.3558E-03  0.3949E-03  0.5984E-04  0.8160E-03  0.2046E-03  0.1166E-02  0.2990E-03  0.7271E-03  0.2722E-03  0.3709E-03  0.5996E-04
      8.182  0.6933E-03  0.6162E-04  0.8092E-03  0.6051E-04  0.1988E-02  0.8200E-04  0.8832E-03  0.1110E-03  0.3896E-03  0.2827E-04  0.8207E-03  0.7597E-04  0.1140E-02  0.1142E-03  0.7649E-03  0.5837E-04  0.3696E-03  0.2171E-04
      8.192  0.7747E-03  0.5508E-04  0.8148E-03  0.5284E-04  0.1828E-02  0.7255E-04  0.9206E-03  0.9751E-04  0.4207E-03  0.2459E-04  0.9228E-03  0.6799E-04  0.1226E-02  0.1008E-03  0.8625E-03  0.5139E-04  0.3827E-03  0.1933E-04
      8.202  0.8679E-03  0.4851E-04  0.8580E-03  0.4544E-04  0.1759E-02  0.6323E-04  0.9793E-03  0.8441E-04  0.4613E-03  0.2107E-04  0.1041E-02  0.5994E-04  0.1317E-02  0.8756E-04  0.9971E-03  0.4457E-04  0.4076E-03  0.1697E-04
      8.212  0.9758E-03  0.4191E-04  0.9366E-03  0.3831E-04  0.1757E-02  0.5405E-04  0.1016E-02  0.7165E-04  0.5028E-03  0.1769E-04  0.1118E-02  0.5183E-04  0.1390E-02  0.7462E-04  0.1142E-02  0.3791E-04  0.4368E-03  0.1460E-04
      8.222  0.1102E-02  0.3526E-04  0.1044E-02  0.3145E-04  0.1808E-02  0.4501E-04  0.1065E-02  0.5923E-04  0.5500E-03  0.1446E-04  0.1211E-02  0.4366E-04  0.1492E-02  0.6194E-04  0.1312E-02  0.3140E-04  0.4740E-03  0.1224E-04
      8.232  0.1354E-02  0.2859E-04  0.1286E-02  0.2486E-04  0.2033E-02  0.3610E-04  0.1197E-02  0.4716E-04  0.6312E-03  0.1138E-04  0.1458E-02  0.3543E-04  0.1825E-02  0.4952E-04  0.1602E-02  0.2505E-04  0.5532E-03  0.9889E-05
      8.242  0.1873E-02  0.2187E-04  0.1862E-02  0.1854E-04  0.2584E-02  0.2733E-04  0.1729E-02  0.3543E-04  0.8266E-03  0.8443E-05  0.2185E-02  0.2713E-04  0.2817E-02  0.3737E-04  0.2023E-02  0.1886E-04  0.8010E-03  0.7539E-05
      8.252  0.1757E-02  0.1512E-04  0.1736E-02  0.1249E-04  0.2460E-02  0.1869E-04  0.1509E-02  0.2405E-04  0.7657E-03  0.5658E-05  0.1731E-02  0.1878E-04  0.2446E-02  0.2548E-04  0.1979E-02  0.1283E-04  0.7162E-03  0.5194E-05
      8.262  0.1977E-02  0.8338E-05  0.1911E-02  0.6701E-05  0.2653E-02  0.1020E-04  0.1600E-02  0.1302E-04  0.7869E-03  0.3021E-05  0.1690E-02  0.1036E-04  0.2562E-02  0.1385E-04  0.2219E-02  0.6961E-05  0.7651E-03  0.2853E-05
      8.272  0.1396E-02  0.1518E-05  0.1584E-02  0.1187E-05  0.1863E-02  0.1836E-05  0.1261E-02  0.2325E-05  0.6200E-03  0.5319E-06  0.1367E-02  0.1889E-05  0.1900E-02  0.2485E-05  0.1590E-02  0.1246E-05  0.5985E-03  0.5175E-06
      8.282  0.1223E-02  0.0000E+00  0.1392E-02  0.0000E+00  0.1640E-02  0.0000E+00  0.1112E-02  0.0000E+00  0.5029E-03  0.0000E+00  0.1185E-02  0.0000E+00  0.1702E-02  0.0000E+00  0.1300E-02  0.0000E+00  0.5136E-03  0.0000E+00
      8.292  0.1103E-02  0.0000E+00  0.1252E-02  0.0000E+00  0.1559E-02  0.0000E+00  0.1050E-02  0.0000E+00  0.4677E-03  0.0000E+00  0.1070E-02  0.0000E+00  0.1531E-02  0.0000E+00  0.1150E-02  0.0000E+00  0.4912E-03  0.0000E+00
      8.302  0.9872E-03  0.0000E+00  0.1154E-02  0.0000E+00  0.1487E-02  0.0000E+00  0.1008E-02  0.0000E+00  0.4383E-03  0.0000E+00  0.9782E-03  0.0000E+00  0.1372E-02  0.0000E+00  0.1007E-02  0.0000E+00  0.4723E-03  0.0000E+00
      8.312  0.8658E-03  0.0000E+00  0.1040E-02  0.0000E+00  0.1350E-02  0.0000E+00  0.9015E-03  0.0000E+00  0.3960E-03  0.0000E+00  0.8765E-03  0.0000E+00  0.1168E-02  0.0000E+00  0.8113E-03  0.0000E+00  0.4153E-03  0.0000E+00
      8.322  0.7568E-03  0.0000E+00  0.9675E-03  0.0000E+00  0.1235E-02  0.0000E+00  0.7906E-03  0.0000E+00  0.3647E-03  0.0000E+00  0.7923E-03  0.0000E+00  0.9776E-03  0.0000E+00  0.6294E-03  0.0000E+00  0.3465E-03  0.0000E+00
      8.332  0.5386E-03  0.0000E+00  0.8741E-03  0.0000E+00  0.9041E-03  0.0000E+00  0.6034E-03  0.0000E+00  0.2984E-03  0.0000E+00  0.6944E-03  0.0000E+00  0.6985E-03  0.0000E+00  0.4703E-03  0.0000E+00  0.2295E-03  0.0000E+00
      8.342  0.5484E-03  0.0000E+00  0.9287E-03  0.0000E+00  0.9115E-03  0.0000E+00  0.6359E-03  0.0000E+00  0.3034E-03  0.0000E+00  0.7214E-03  0.0000E+00  0.7169E-03  0.0000E+00  0.4561E-03  0.0000E+00  0.2168E-03  0.0000E+00
      8.352  0.6331E-03  0.0000E+00  0.1182E-02  0.0000E+00  0.1198E-02  0.0000E+00  0.9351E-03  0.0000E+00  0.3854E-03  0.0000E+00  0.8944E-03  0.0000E+00  0.8613E-03  0.0000E+00  0.6074E-03  0.0000E+00  0.2210E-03  0.0000E+00
      8.362  0.5934E-03  0.0000E+00  0.1431E-02  0.0000E+00  0.1370E-02  0.0000E+00  0.1241E-02  0.0000E+00  0.4024E-03  0.0000E+00  0.1268E-02  0.0000E+00  0.8679E-03  0.0000E+00  0.5682E-03  0.0000E+00  0.2326E-03  0.0000E+00
      8.372  0.3466E-03  0.0000E+00  0.1032E-02  0.0000E+00  0.1049E-02  0.0000E+00  0.7651E-03  0.0000E+00  0.2317E-03  0.0000E+00  0.8172E-03  0.0000E+00  0.6464E-03  0.0000E+00  0.4345E-03  0.0000E+00  0.2295E-03  0.0000E+00
      8.382  0.3364E-03  0.0000E+00  0.1072E-02  0.0000E+00  0.1077E-02  0.0000E+00  0.7857E-03  0.0000E+00  0.2294E-03  0.0000E+00  0.8157E-03  0.0000E+00  0.7292E-03  0.0000E+00  0.4359E-03  0.0000E+00  0.2457E-03  0.0000E+00
      8.392  0.3359E-03  0.0000E+00  0.1107E-02  0.0000E+00  0.1124E-02  0.0000E+00  0.8176E-03  0.0000E+00  0.2401E-03  0.0000E+00  0.8457E-03  0.0000E+00  0.8352E-03  0.0000E+00  0.4484E-03  0.0000E+00  0.2595E-03  0.0000E+00
      8.402  0.3288E-03  0.0000E+00  0.1090E-02  0.0000E+00  0.1164E-02  0.0000E+00  0.8147E-03  0.0000E+00  0.2573E-03  0.0000E+00  0.8720E-03  0.0000E+00  0.9313E-03  0.0000E+00  0.4567E-03  0.0000E+00  0.2573E-03  0.0000E+00
      8.412  0.1846E-03  0.0000E+00  0.5978E-03  0.0000E+00  0.5944E-03  0.0000E+00  0.4299E-03  0.0000E+00  0.1313E-03  0.0000E+00  0.4641E-03  0.0000E+00  0.3987E-03  0.0000E+00  0.2865E-03  0.0000E+00  0.1552E-03  0.0000E+00
      8.422  0.1432E-03  0.0000E+00  0.3580E-03  0.0000E+00  0.4218E-03  0.0000E+00  0.2534E-03  0.0000E+00  0.9473E-04  0.0000E+00  0.2376E-03  0.0000E+00  0.2751E-03  0.0000E+00  0.1979E-03  0.0000E+00  0.1238E-03  0.0000E+00
      8.433  0.1217E-03  0.0000E+00  0.2836E-03  0.0000E+00  0.3355E-03  0.0000E+00  0.2018E-03  0.0000E+00  0.7832E-04  0.0000E+00  0.1908E-03  0.0000E+00  0.2144E-03  0.0000E+00  0.1718E-03  0.0000E+00  0.1045E-03  0.0000E+00
      8.443  0.1002E-03  0.0000E+00  0.2092E-03  0.0000E+00  0.2491E-03  0.0000E+00  0.1506E-03  0.0000E+00  0.6197E-04  0.0000E+00  0.1436E-03  0.0000E+00  0.1556E-03  0.0000E+00  0.1450E-03  0.0000E+00  0.8529E-04  0.0000E+00
      8.453  0.7920E-04  0.0000E+00  0.1419E-03  0.0000E+00  0.1725E-03  0.0000E+00  0.1060E-03  0.0000E+00  0.4715E-04  0.0000E+00  0.1025E-03  0.0000E+00  0.1058E-03  0.0000E+00  0.1162E-03  0.0000E+00  0.6567E-04  0.0000E+00
      8.463  0.6123E-04  0.0000E+00  0.1083E-03  0.0000E+00  0.1297E-03  0.0000E+00  0.7632E-04  0.0000E+00  0.3632E-04  0.0000E+00  0.7868E-04  0.0000E+00  0.7849E-04  0.0000E+00  0.8914E-04  0.0000E+00  0.4796E-04  0.0000E+00
      8.473  0.4280E-04  0.0000E+00  0.7428E-04  0.0000E+00  0.8824E-04  0.0000E+00  0.4886E-04  0.0000E+00  0.2547E-04  0.0000E+00  0.5564E-04  0.0000E+00  0.5285E-04  0.0000E+00  0.6162E-04  0.0000E+00  0.3074E-04  0.0000E+00
      8.483  0.2391E-04  0.0000E+00  0.3983E-04  0.0000E+00  0.4831E-04  0.0000E+00  0.2361E-04  0.0000E+00  0.1460E-04  0.0000E+00  0.3336E-04  0.0000E+00  0.2886E-04  0.0000E+00  0.3368E-04  0.0000E+00  0.1400E-04  0.0000E+00
      8.493  0.1022E-04  0.0000E+00  0.1562E-04  0.0000E+00  0.2042E-04  0.0000E+00  0.7937E-05  0.0000E+00  0.6690E-05  0.0000E+00  0.1663E-04  0.0000E+00  0.1245E-04  0.0000E+00  0.1402E-04  0.0000E+00  0.3561E-05  0.0000E+00
      8.503  0.4305E-05  0.0000E+00  0.6438E-05  0.0000E+00  0.8306E-05  0.0000E+00  0.3294E-05  0.0000E+00  0.2867E-05  0.0000E+00  0.6950E-05  0.0000E+00  0.5107E-05  0.0000E+00  0.6066E-05  0.0000E+00  0.1445E-05  0.0000E+00
      8.513  0.0000E+00  0.0000E+00  0.0000E+00  0.0000E+00  0.0000E+00  0.0000E+00  0.0000E+00  0.0000E+00  0.0000E+00  0.0000E+00  0.0000E+00  0.0000E+00  0.0000E+00  0.0000E+00  0.0000E+00  0.0000E+00  0.0000E+00  0.0000E+00
      8.523  0.0000E+00  0.0000E+00  0.0000E+00  0.0000E+00  0.0000E+00  0.0000E+00  0.0000E+00  0.0000E+00  0.0000E+00  0.0000E+00  0.0000E+00  0.0000E+00  0.0000E+00  0.0000E+00  0.0000E+00  0.0000E+00  0.0000E+00  0.0000E+00
      8.533  0.0000E+00  0.0000E+00  0.0000E+00  0.0000E+00  0.0000E+00  0.0000E+00  0.0000E+00  0.0000E+00  0.0000E+00  0.0000E+00  0.0000E+00  0.0000E+00  0.0000E+00  0.0000E+00  0.0000E+00  0.0000E+00  0.0000E+00  0.0000E+00
      8.543  0.0000E+00  0.0000E+00  0.0000E+00  0.0000E+00  0.0000E+00  0.0000E+00  0.0000E+00  0.0000E+00  0.0000E+00  0.0000E+00  0.0000E+00  0.0000E+00  0.0000E+00  0.0000E+00  0.0000E+00  0.0000E+00  0.0000E+00  0.0000E+00
      8.553  0.0000E+00  0.0000E+00  0.0000E+00  0.0000E+00  0.0000E+00  0.0000E+00  0.0000E+00  0.0000E+00  0.0000E+00  0.0000E+00  0.0000E+00  0.0000E+00  0.0000E+00  0.0000E+00  0.0000E+00  0.0000E+00  0.0000E+00  0.0000E+00
      8.563  0.0000E+00  0.0000E+00  0.0000E+00  0.0000E+00  0.0000E+00  0.0000E+00  0.0000E+00  0.0000E+00  0.0000E+00  0.0000E+00  0.0000E+00  0.0000E+00  0.0000E+00  0.0000E+00  0.0000E+00  0.0000E+00  0.0000E+00  0.0000E+00
      8.573  0.0000E+00  0.0000E+00  0.0000E+00  0.0000E+00  0.0000E+00  0.0000E+00  0.0000E+00  0.0000E+00  0.0000E+00  0.0000E+00  0.0000E+00  0.0000E+00  0.0000E+00  0.0000E+00  0.0000E+00  0.0000E+00  0.0000E+00  0.0000E+00
      8.583  0.0000E+00  0.0000E+00  0.0000E+00  0.0000E+00  0.0000E+00  0.0000E+00  0.0000E+00  0.0000E+00  0.0000E+00  0.0000E+00  0.0000E+00  0.0000E+00  0.0000E+00  0.0000E+00  0.0000E+00  0.0000E+00  0.0000E+00  0.0000E+00
      8.593  0.0000E+00  0.0000E+00  0.0000E+00  0.0000E+00  0.0000E+00  0.0000E+00  0.0000E+00  0.0000E+00  0.0000E+00  0.0000E+00  0.0000E+00  0.0000E+00  0.0000E+00  0.0000E+00  0.0000E+00  0.0000E+00  0.0000E+00  0.0000E+00
      8.603  0.0000E+00  0.0000E+00  0.0000E+00  0.0000E+00  0.0000E+00  0.0000E+00  0.0000E+00  0.0000E+00  0.0000E+00  0.0000E+00  0.0000E+00  0.0000E+00  0.0000E+00  0.0000E+00  0.0000E+00  0.0000E+00  0.0000E+00  0.0000E+00
      8.613  0.0000E+00  0.0000E+00  0.0000E+00  0.0000E+00  0.0000E+00  0.0000E+00  0.0000E+00  0.0000E+00  0.0000E+00  0.0000E+00  0.0000E+00  0.0000E+00  0.0000E+00  0.0000E+00  0.0000E+00  0.0000E+00  0.0000E+00  0.0000E+00
      8.623  0.0000E+00  0.0000E+00  0.0000E+00  0.0000E+00  0.0000E+00  0.0000E+00  0.0000E+00  0.0000E+00  0.0000E+00  0.0000E+00  0.0000E+00  0.0000E+00  0.0000E+00  0.0000E+00  0.0000E+00  0.0000E+00  0.0000E+00  0.0000E+00
      8.633  0.0000E+00  0.0000E+00  0.0000E+00  0.0000E+00  0.0000E+00  0.0000E+00  0.0000E+00  0.0000E+00  0.0000E+00  0.0000E+00  0.0000E+00  0.0000E+00  0.0000E+00  0.0000E+00  0.0000E+00  0.0000E+00  0.0000E+00  0.0000E+00
      8.643  0.0000E+00  0.0000E+00  0.0000E+00  0.0000E+00  0.0000E+00  0.0000E+00  0.0000E+00  0.0000E+00  0.0000E+00  0.0000E+00  0.0000E+00  0.0000E+00  0.0000E+00  0.0000E+00  0.0000E+00  0.0000E+00  0.0000E+00  0.0000E+00
      8.653  0.0000E+00  0.0000E+00  0.0000E+00  0.0000E+00  0.0000E+00  0.0000E+00  0.0000E+00  0.0000E+00  0.0000E+00  0.0000E+00  0.0000E+00  0.0000E+00  0.0000E+00  0.0000E+00  0.0000E+00  0.0000E+00  0.0000E+00  0.0000E+00
      8.663  0.0000E+00  0.0000E+00  0.0000E+00  0.0000E+00  0.0000E+00  0.0000E+00  0.0000E+00  0.0000E+00  0.0000E+00  0.0000E+00  0.0000E+00  0.0000E+00  0.0000E+00  0.0000E+00  0.0000E+00  0.0000E+00  0.0000E+00  0.0000E+00
      8.673  0.0000E+00  0.0000E+00  0.0000E+00  0.0000E+00  0.0000E+00  0.0000E+00  0.0000E+00  0.0000E+00  0.0000E+00  0.0000E+00  0.0000E+00  0.0000E+00  0.0000E+00  0.0000E+00  0.0000E+00  0.0000E+00  0.0000E+00  0.0000E+00
      8.683  0.0000E+00  0.0000E+00  0.0000E+00  0.0000E+00  0.0000E+00  0.0000E+00  0.0000E+00  0.0000E+00  0.0000E+00  0.0000E+00  0.0000E+00  0.0000E+00  0.0000E+00  0.0000E+00  0.0000E+00  0.0000E+00  0.0000E+00  0.0000E+00
      8.693  0.0000E+00  0.0000E+00  0.0000E+00  0.0000E+00  0.0000E+00  0.0000E+00  0.0000E+00  0.0000E+00  0.0000E+00  0.0000E+00  0.0000E+00  0.0000E+00  0.0000E+00  0.0000E+00  0.0000E+00  0.0000E+00  0.0000E+00  0.0000E+00
      8.703  0.0000E+00  0.0000E+00  0.0000E+00  0.0000E+00  0.0000E+00  0.0000E+00  0.0000E+00  0.0000E+00  0.0000E+00  0.0000E+00  0.0000E+00  0.0000E+00  0.0000E+00  0.0000E+00  0.0000E+00  0.0000E+00  0.0000E+00  0.0000E+00
      8.713  0.0000E+00  0.0000E+00  0.0000E+00  0.0000E+00  0.0000E+00  0.0000E+00  0.0000E+00  0.0000E+00  0.0000E+00  0.0000E+00  0.0000E+00  0.0000E+00  0.0000E+00  0.0000E+00  0.0000E+00  0.0000E+00  0.0000E+00  0.0000E+00
      8.723  0.0000E+00  0.0000E+00  0.0000E+00  0.0000E+00  0.0000E+00  0.0000E+00  0.0000E+00  0.0000E+00  0.0000E+00  0.0000E+00  0.0000E+00  0.0000E+00  0.0000E+00  0.0000E+00  0.0000E+00  0.0000E+00  0.0000E+00  0.0000E+00
      8.733  0.0000E+00  0.0000E+00  0.0000E+00  0.0000E+00  0.0000E+00  0.0000E+00  0.0000E+00  0.0000E+00  0.0000E+00  0.0000E+00  0.0000E+00  0.0000E+00  0.0000E+00  0.0000E+00  0.0000E+00  0.0000E+00  0.0000E+00  0.0000E+00
      8.743  0.0000E+00  0.0000E+00  0.0000E+00  0.0000E+00  0.0000E+00  0.0000E+00  0.0000E+00  0.0000E+00  0.0000E+00  0.0000E+00  0.0000E+00  0.0000E+00  0.0000E+00  0.0000E+00  0.0000E+00  0.0000E+00  0.0000E+00  0.0000E+00
      8.753  0.0000E+00  0.0000E+00  0.0000E+00  0.0000E+00  0.0000E+00  0.0000E+00  0.0000E+00  0.0000E+00  0.0000E+00  0.0000E+00  0.0000E+00  0.0000E+00  0.0000E+00  0.0000E+00  0.0000E+00  0.0000E+00  0.0000E+00  0.0000E+00
      8.763  0.0000E+00  0.0000E+00  0.0000E+00  0.0000E+00  0.0000E+00  0.0000E+00  0.0000E+00  0.0000E+00  0.0000E+00  0.0000E+00  0.0000E+00  0.0000E+00  0.0000E+00  0.0000E+00  0.0000E+00  0.0000E+00  0.0000E+00  0.0000E+00
      8.773  0.0000E+00  0.0000E+00  0.0000E+00  0.0000E+00  0.0000E+00  0.0000E+00  0.0000E+00  0.0000E+00  0.0000E+00  0.0000E+00  0.0000E+00  0.0000E+00  0.0000E+00  0.0000E+00  0.0000E+00  0.0000E+00  0.0000E+00  0.0000E+00
      8.783  0.0000E+00  0.0000E+00  0.0000E+00  0.0000E+00  0.0000E+00  0.0000E+00  0.0000E+00  0.0000E+00  0.0000E+00  0.0000E+00  0.0000E+00  0.0000E+00  0.0000E+00  0.0000E+00  0.0000E+00  0.0000E+00  0.0000E+00  0.0000E+00
      8.793  0.0000E+00  0.0000E+00  0.0000E+00  0.0000E+00  0.0000E+00  0.0000E+00  0.0000E+00  0.0000E+00  0.0000E+00  0.0000E+00  0.0000E+00  0.0000E+00  0.0000E+00  0.0000E+00  0.0000E+00  0.0000E+00  0.0000E+00  0.0000E+00
      8.803  0.0000E+00  0.0000E+00  0.0000E+00  0.0000E+00  0.0000E+00  0.0000E+00  0.0000E+00  0.0000E+00  0.0000E+00  0.0000E+00  0.0000E+00  0.0000E+00  0.0000E+00  0.0000E+00  0.0000E+00  0.0000E+00  0.0000E+00  0.0000E+00
      8.813  0.0000E+00  0.0000E+00  0.0000E+00  0.0000E+00  0.0000E+00  0.0000E+00  0.0000E+00  0.0000E+00  0.0000E+00  0.0000E+00  0.0000E+00  0.0000E+00  0.0000E+00  0.0000E+00  0.0000E+00  0.0000E+00  0.0000E+00  0.0000E+00
      8.823  0.0000E+00  0.0000E+00  0.0000E+00  0.0000E+00  0.0000E+00  0.0000E+00  0.0000E+00  0.0000E+00  0.0000E+00  0.0000E+00  0.0000E+00  0.0000E+00  0.0000E+00  0.0000E+00  0.0000E+00  0.0000E+00  0.0000E+00  0.0000E+00
      8.833  0.0000E+00  0.0000E+00  0.0000E+00  0.0000E+00  0.0000E+00  0.0000E+00  0.0000E+00  0.0000E+00  0.0000E+00  0.0000E+00  0.0000E+00  0.0000E+00  0.0000E+00  0.0000E+00  0.0000E+00  0.0000E+00  0.0000E+00  0.0000E+00
      8.843  0.0000E+00  0.0000E+00  0.0000E+00  0.0000E+00  0.0000E+00  0.0000E+00  0.0000E+00  0.0000E+00  0.0000E+00  0.0000E+00  0.0000E+00  0.0000E+00  0.0000E+00  0.0000E+00  0.0000E+00  0.0000E+00  0.0000E+00  0.0000E+00
      8.853  0.0000E+00  0.0000E+00  0.0000E+00  0.0000E+00  0.0000E+00  0.0000E+00  0.0000E+00  0.0000E+00  0.0000E+00  0.0000E+00  0.0000E+00  0.0000E+00  0.0000E+00  0.0000E+00  0.0000E+00  0.0000E+00  0.0000E+00  0.0000E+00
      8.863  0.0000E+00  0.0000E+00  0.0000E+00  0.0000E+00  0.0000E+00  0.0000E+00  0.0000E+00  0.0000E+00  0.0000E+00  0.0000E+00  0.0000E+00  0.0000E+00  0.0000E+00  0.0000E+00  0.0000E+00  0.0000E+00  0.0000E+00  0.0000E+00
      8.873  0.0000E+00  0.0000E+00  0.0000E+00  0.0000E+00  0.0000E+00  0.0000E+00  0.0000E+00  0.0000E+00  0.0000E+00  0.0000E+00  0.0000E+00  0.0000E+00  0.0000E+00  0.0000E+00  0.0000E+00  0.0000E+00  0.0000E+00  0.0000E+00
      8.883  0.0000E+00  0.0000E+00  0.0000E+00  0.0000E+00  0.0000E+00  0.0000E+00  0.0000E+00  0.0000E+00  0.0000E+00  0.0000E+00  0.0000E+00  0.0000E+00  0.0000E+00  0.0000E+00  0.0000E+00  0.0000E+00  0.0000E+00  0.0000E+00
      8.893  0.0000E+00  0.0000E+00  0.0000E+00  0.0000E+00  0.0000E+00  0.0000E+00  0.0000E+00  0.0000E+00  0.0000E+00  0.0000E+00  0.0000E+00  0.0000E+00  0.0000E+00  0.0000E+00  0.0000E+00  0.0000E+00  0.0000E+00  0.0000E+00
      8.903  0.0000E+00  0.0000E+00  0.0000E+00  0.0000E+00  0.0000E+00  0.0000E+00  0.0000E+00  0.0000E+00  0.0000E+00  0.0000E+00  0.0000E+00  0.0000E+00  0.0000E+00  0.0000E+00  0.0000E+00  0.0000E+00  0.0000E+00  0.0000E+00
      8.913  0.0000E+00  0.0000E+00  0.0000E+00  0.0000E+00  0.0000E+00  0.0000E+00  0.0000E+00  0.0000E+00  0.0000E+00  0.0000E+00  0.0000E+00  0.0000E+00  0.0000E+00  0.0000E+00  0.0000E+00  0.0000E+00  0.0000E+00  0.0000E+00
      8.923  0.0000E+00  0.0000E+00  0.0000E+00  0.0000E+00  0.0000E+00  0.0000E+00  0.0000E+00  0.0000E+00  0.0000E+00  0.0000E+00  0.0000E+00  0.0000E+00  0.0000E+00  0.0000E+00  0.0000E+00  0.0000E+00  0.0000E+00  0.0000E+00
      8.933  0.0000E+00  0.0000E+00  0.0000E+00  0.0000E+00  0.0000E+00  0.0000E+00  0.0000E+00  0.0000E+00  0.0000E+00  0.0000E+00  0.0000E+00  0.0000E+00  0.0000E+00  0.0000E+00  0.0000E+00  0.0000E+00  0.0000E+00  0.0000E+00
      8.943  0.0000E+00  0.0000E+00  0.0000E+00  0.0000E+00  0.0000E+00  0.0000E+00  0.0000E+00  0.0000E+00  0.0000E+00  0.0000E+00  0.0000E+00  0.0000E+00  0.0000E+00  0.0000E+00  0.0000E+00  0.0000E+00  0.0000E+00  0.0000E+00
      8.953  0.0000E+00  0.0000E+00  0.0000E+00  0.0000E+00  0.0000E+00  0.0000E+00  0.0000E+00  0.0000E+00  0.0000E+00  0.0000E+00  0.0000E+00  0.0000E+00  0.0000E+00  0.0000E+00  0.0000E+00  0.0000E+00  0.0000E+00  0.0000E+00
      8.963  0.0000E+00  0.0000E+00  0.0000E+00  0.0000E+00  0.0000E+00  0.0000E+00  0.0000E+00  0.0000E+00  0.0000E+00  0.0000E+00  0.0000E+00  0.0000E+00  0.0000E+00  0.0000E+00  0.0000E+00  0.0000E+00  0.0000E+00  0.0000E+00
      8.973  0.0000E+00  0.0000E+00  0.0000E+00  0.0000E+00  0.0000E+00  0.0000E+00  0.0000E+00  0.0000E+00  0.0000E+00  0.0000E+00  0.0000E+00  0.0000E+00  0.0000E+00  0.0000E+00  0.0000E+00  0.0000E+00  0.0000E+00  0.0000E+00
      8.983  0.0000E+00  0.0000E+00  0.0000E+00  0.0000E+00  0.0000E+00  0.0000E+00  0.0000E+00  0.0000E+00  0.0000E+00  0.0000E+00  0.0000E+00  0.0000E+00  0.0000E+00  0.0000E+00  0.0000E+00  0.0000E+00  0.0000E+00  0.0000E+00
      8.993  0.0000E+00  0.0000E+00  0.0000E+00  0.0000E+00  0.0000E+00  0.0000E+00  0.0000E+00  0.0000E+00  0.0000E+00  0.0000E+00  0.0000E+00  0.0000E+00  0.0000E+00  0.0000E+00  0.0000E+00  0.0000E+00  0.0000E+00  0.0000E+00
      9.003  0.0000E+00  0.0000E+00  0.0000E+00  0.0000E+00  0.0000E+00  0.0000E+00  0.0000E+00  0.0000E+00  0.0000E+00  0.0000E+00  0.0000E+00  0.0000E+00  0.0000E+00  0.0000E+00  0.0000E+00  0.0000E+00  0.0000E+00  0.0000E+00
      9.013  0.0000E+00  0.0000E+00  0.0000E+00  0.0000E+00  0.0000E+00  0.0000E+00  0.0000E+00  0.0000E+00  0.0000E+00  0.0000E+00  0.0000E+00  0.0000E+00  0.0000E+00  0.0000E+00  0.0000E+00  0.0000E+00  0.0000E+00  0.0000E+00
      9.023  0.0000E+00  0.0000E+00  0.0000E+00  0.0000E+00  0.0000E+00  0.0000E+00  0.0000E+00  0.0000E+00  0.0000E+00  0.0000E+00  0.0000E+00  0.0000E+00  0.0000E+00  0.0000E+00  0.0000E+00  0.0000E+00  0.0000E+00  0.0000E+00
      9.033  0.0000E+00  0.0000E+00  0.0000E+00  0.0000E+00  0.0000E+00  0.0000E+00  0.0000E+00  0.0000E+00  0.0000E+00  0.0000E+00  0.0000E+00  0.0000E+00  0.0000E+00  0.0000E+00  0.0000E+00  0.0000E+00  0.0000E+00  0.0000E+00
      9.043  0.0000E+00  0.0000E+00  0.0000E+00  0.0000E+00  0.0000E+00  0.0000E+00  0.0000E+00  0.0000E+00  0.0000E+00  0.0000E+00  0.0000E+00  0.0000E+00  0.0000E+00  0.0000E+00  0.0000E+00  0.0000E+00  0.0000E+00  0.0000E+00
      9.053  0.0000E+00  0.0000E+00  0.0000E+00  0.0000E+00  0.0000E+00  0.0000E+00  0.0000E+00  0.0000E+00  0.0000E+00  0.0000E+00  0.0000E+00  0.0000E+00  0.0000E+00  0.0000E+00  0.0000E+00  0.0000E+00  0.0000E+00  0.0000E+00
      9.063  0.0000E+00  0.0000E+00  0.0000E+00  0.0000E+00  0.0000E+00  0.0000E+00  0.0000E+00  0.0000E+00  0.0000E+00  0.0000E+00  0.0000E+00  0.0000E+00  0.0000E+00  0.0000E+00  0.0000E+00  0.0000E+00  0.0000E+00  0.0000E+00
      9.073  0.0000E+00  0.0000E+00  0.0000E+00  0.0000E+00  0.0000E+00  0.0000E+00  0.0000E+00  0.0000E+00  0.0000E+00  0.0000E+00  0.0000E+00  0.0000E+00  0.0000E+00  0.0000E+00  0.0000E+00  0.0000E+00  0.0000E+00  0.0000E+00
      9.083  0.0000E+00  0.0000E+00  0.0000E+00  0.0000E+00  0.0000E+00  0.0000E+00  0.0000E+00  0.0000E+00  0.0000E+00  0.0000E+00  0.0000E+00  0.0000E+00  0.0000E+00  0.0000E+00  0.0000E+00  0.0000E+00  0.0000E+00  0.0000E+00
      9.093  0.0000E+00  0.0000E+00  0.0000E+00  0.0000E+00  0.0000E+00  0.0000E+00  0.0000E+00  0.0000E+00  0.0000E+00  0.0000E+00  0.0000E+00  0.0000E+00  0.0000E+00  0.0000E+00  0.0000E+00  0.0000E+00  0.0000E+00  0.0000E+00
      9.103  0.0000E+00  0.0000E+00  0.0000E+00  0.0000E+00  0.0000E+00  0.0000E+00  0.0000E+00  0.0000E+00  0.0000E+00  0.0000E+00  0.0000E+00  0.0000E+00  0.0000E+00  0.0000E+00  0.0000E+00  0.0000E+00  0.0000E+00  0.0000E+00
      9.113  0.0000E+00  0.0000E+00  0.0000E+00  0.0000E+00  0.0000E+00  0.0000E+00  0.0000E+00  0.0000E+00  0.0000E+00  0.0000E+00  0.0000E+00  0.0000E+00  0.0000E+00  0.0000E+00  0.0000E+00  0.0000E+00  0.0000E+00  0.0000E+00
      9.123  0.0000E+00  0.0000E+00  0.0000E+00  0.0000E+00  0.0000E+00  0.0000E+00  0.0000E+00  0.0000E+00  0.0000E+00  0.0000E+00  0.0000E+00  0.0000E+00  0.0000E+00  0.0000E+00  0.0000E+00  0.0000E+00  0.0000E+00  0.0000E+00
