      7.00000000     -7.00000000 1400     -3.11814124      1.00000000
     -3.882  0.3193E-01  0.3249E-01  0.1856E-02  0.9225E-03  0.3805E-02  0.8912E-02  0.3411E-03  0.4564E-03  0.6052E-02  0.8943E-03  0.1535E+00  0.1626E-01  0.1540E+00  0.7201E-01  0.2753E-01  0.1025E-01  0.3596E-02  0.3861E-03
     -3.872  0.2856E-01  0.3154E-01  0.1872E-02  0.8027E-03  0.3341E-02  0.8710E-02  0.3694E-03  0.4436E-03  0.6362E-02  0.8215E-03  0.1556E+00  0.1421E-01  0.1345E+00  0.7122E-01  0.3011E-01  0.9979E-02  0.3585E-02  0.3352E-03
     -3.862  0.2159E-01  0.3155E-01  0.1606E-02  0.6287E-03  0.2481E-02  0.8971E-02  0.3599E-03  0.3940E-03  0.5520E-02  0.7563E-03  0.1344E+00  0.1081E-01  0.9933E-01  0.7713E-01  0.3044E-01  0.9178E-02  0.3169E-02  0.2720E-03
     -3.852  0.1576E-01  0.2005E-01  0.1338E-02  0.4914E-03  0.1782E-02  0.5738E-02  0.3471E-03  0.2507E-03  0.4520E-02  0.6380E-03  0.1126E+00  0.8088E-02  0.7222E-01  0.5090E-01  0.3039E-01  0.5788E-02  0.2886E-02  0.2153E-03
     -3.842  0.1299E-01  0.1668E-01  0.1195E-02  0.4318E-03  0.1452E-02  0.4877E-02  0.3487E-03  0.1916E-03  0.3942E-02  0.5738E-03  0.1012E+00  0.6789E-02  0.6018E-01  0.4516E-01  0.3122E-01  0.4558E-02  0.2836E-02  0.2278E-03
     -3.832  0.1135E-01  0.1652E-01  0.1061E-02  0.4349E-03  0.1265E-02  0.4884E-02  0.3432E-03  0.1738E-03  0.3370E-02  0.5728E-03  0.9073E-01  0.6699E-02  0.5400E-01  0.4636E-01  0.3136E-01  0.4271E-02  0.2788E-02  0.2564E-03
     -3.822  0.9800E-02  0.1894E-01  0.9251E-03  0.4851E-03  0.1093E-02  0.5578E-02  0.3350E-03  0.1903E-03  0.2768E-02  0.6182E-03  0.8000E-01  0.7559E-02  0.4860E-01  0.5288E-01  0.3126E-01  0.4759E-02  0.2751E-02  0.2937E-03
     -3.812  0.9884E-02  0.2293E-01  0.9601E-03  0.5613E-03  0.1105E-02  0.6715E-02  0.3646E-03  0.2187E-03  0.2765E-02  0.6615E-03  0.8454E-01  0.8931E-02  0.5108E-01  0.6332E-01  0.3427E-01  0.5610E-02  0.3129E-02  0.3653E-03
     -3.802  0.1050E-01  0.2633E-01  0.1026E-02  0.5957E-03  0.1174E-02  0.7677E-02  0.4215E-03  0.2542E-03  0.2862E-02  0.6880E-03  0.9265E-01  0.9564E-02  0.5699E-01  0.7236E-01  0.3968E-01  0.6548E-02  0.3707E-02  0.3964E-03
     -3.792  0.1046E-01  0.2695E-01  0.1091E-02  0.5946E-03  0.1171E-02  0.7871E-02  0.4680E-03  0.2677E-03  0.2878E-02  0.7013E-03  0.1001E+00  0.9417E-02  0.5830E-01  0.7479E-01  0.4425E-01  0.6893E-02  0.4234E-02  0.3980E-03
     -3.782  0.1068E-01  0.2661E-01  0.1609E-02  0.5930E-03  0.1184E-02  0.7779E-02  0.5246E-03  0.2658E-03  0.4201E-02  0.7074E-03  0.1478E+00  0.9297E-02  0.6116E-01  0.7442E-01  0.5128E-01  0.6884E-02  0.5920E-02  0.3982E-03
     -3.772  0.1268E-01  0.4381E-01  0.3003E-02  0.9183E-03  0.1399E-02  0.1317E-01  0.6722E-03  0.3460E-03  0.7613E-02  0.1169E-02  0.2739E+00  0.1326E-01  0.7921E-01  0.1311E+00  0.6951E-01  0.9800E-02  0.1070E-01  0.6052E-03
     -3.762  0.1339E-01  0.4597E-01  0.3131E-02  0.1143E-02  0.1462E-02  0.1382E-01  0.7629E-03  0.3701E-03  0.8132E-02  0.1440E-02  0.2886E+00  0.1651E-01  0.8396E-01  0.1387E+00  0.7913E-01  0.1047E-01  0.1121E-01  0.7016E-03
     -3.752  0.1711E-01  0.3950E-01  0.3452E-02  0.9501E-03  0.1840E-02  0.1140E-01  0.1161E-02  0.3628E-03  0.8783E-02  0.1174E-02  0.3248E+00  0.1486E-01  0.1067E+00  0.1104E+00  0.1190E+00  0.9787E-02  0.1377E-01  0.5269E-03
     -3.742  0.1541E-01  0.4662E-01  0.3479E-02  0.8612E-03  0.1652E-02  0.1323E-01  0.1225E-02  0.3780E-03  0.9008E-02  0.1033E-02  0.3313E+00  0.1412E-01  0.9813E-01  0.1262E+00  0.1284E+00  0.1054E-01  0.1373E-01  0.4911E-03
     -3.732  0.1430E-01  0.5804E-01  0.3298E-02  0.9251E-03  0.1517E-02  0.1612E-01  0.1218E-02  0.3885E-03  0.9138E-02  0.9685E-03  0.3161E+00  0.1642E-01  0.9069E-01  0.1511E+00  0.1276E+00  0.1139E-01  0.1255E-01  0.5260E-03
     -3.722  0.2714E-01  0.7684E-01  0.4745E-02  0.1041E-02  0.2827E-02  0.2096E-01  0.1832E-02  0.4518E-03  0.1489E-01  0.9193E-03  0.4664E+00  0.2003E-01  0.1587E+00  0.1934E+00  0.1847E+00  0.1378E-01  0.1585E-01  0.5775E-03
     -3.712  0.1969E-01  0.9533E-01  0.4102E-02  0.1162E-02  0.2004E-02  0.2561E-01  0.1552E-02  0.5659E-03  0.1374E-01  0.8789E-03  0.4069E+00  0.2412E-01  0.1102E+00  0.2331E+00  0.1591E+00  0.1709E-01  0.1317E-01  0.5841E-03
     -3.702  0.1241E-01  0.1166E+00  0.2819E-02  0.1438E-02  0.1267E-02  0.3100E-01  0.1204E-02  0.7311E-03  0.8540E-02  0.1030E-02  0.2854E+00  0.3089E-01  0.7197E-01  0.2796E+00  0.1277E+00  0.2156E-01  0.1049E-01  0.6345E-03
     -3.692  0.9743E-02  0.1013E+00  0.2342E-02  0.1066E-02  0.9995E-03  0.2688E-01  0.1080E-02  0.6932E-03  0.6530E-02  0.8586E-03  0.2413E+00  0.2344E-01  0.5919E-01  0.2442E+00  0.1170E+00  0.2018E-01  0.9528E-02  0.4126E-03
     -3.682  0.9079E-02  0.9993E-01  0.2404E-02  0.1002E-02  0.9309E-03  0.2644E-01  0.1253E-02  0.7067E-03  0.6624E-02  0.8223E-03  0.2522E+00  0.2232E-01  0.5700E-01  0.2406E+00  0.1381E+00  0.2046E-01  0.1034E-01  0.3693E-03
     -3.672  0.8617E-02  0.8301E-01  0.2457E-02  0.8610E-03  0.8820E-03  0.2182E-01  0.1354E-02  0.5959E-03  0.6735E-02  0.6993E-03  0.2612E+00  0.1932E-01  0.5543E-01  0.1986E+00  0.1506E+00  0.1720E-01  0.1085E-01  0.3029E-03
     -3.662  0.9071E-02  0.6757E-01  0.2540E-02  0.7259E-03  0.9346E-03  0.1762E-01  0.1577E-02  0.4966E-03  0.6878E-02  0.5820E-03  0.2737E+00  0.1644E-01  0.6178E-01  0.1602E+00  0.1764E+00  0.1426E-01  0.1187E-01  0.2413E-03
     -3.652  0.9715E-02  0.6145E-01  0.2456E-02  0.6167E-03  0.1012E-02  0.1600E-01  0.1840E-02  0.4537E-03  0.6414E-02  0.4924E-03  0.2699E+00  0.1418E-01  0.7120E-01  0.1462E+00  0.2077E+00  0.1309E-01  0.1268E-01  0.2012E-03
     -3.642  0.1026E-01  0.5877E-01  0.2232E-02  0.6004E-03  0.1080E-02  0.1529E-01  0.2106E-02  0.4439E-03  0.5467E-02  0.4988E-03  0.2516E+00  0.1363E-01  0.7971E-01  0.1406E+00  0.2399E+00  0.1277E-01  0.1323E-01  0.2064E-03
     -3.632  0.1089E-01  0.6580E-01  0.2140E-02  0.7592E-03  0.1149E-02  0.1719E-01  0.2214E-02  0.5106E-03  0.5219E-02  0.6897E-03  0.2448E+00  0.1624E-01  0.8674E-01  0.1605E+00  0.2535E+00  0.1467E-01  0.1333E-01  0.3122E-03
     -3.622  0.1130E-01  0.7030E-01  0.1981E-02  0.8912E-03  0.1190E-02  0.1850E-01  0.2136E-02  0.5426E-03  0.4904E-02  0.8676E-03  0.2290E+00  0.1791E-01  0.9132E-01  0.1762E+00  0.2460E+00  0.1582E-01  0.1255E-01  0.4382E-03
     -3.612  0.1180E-01  0.7379E-01  0.1804E-02  0.1023E-02  0.1236E-02  0.1952E-01  0.1997E-02  0.5731E-03  0.4585E-02  0.1042E-02  0.2113E+00  0.1958E-01  0.9559E-01  0.1888E+00  0.2316E+00  0.1689E-01  0.1147E-01  0.5668E-03
     -3.602  0.1331E-01  0.8061E-01  0.1755E-02  0.1397E-02  0.1380E-02  0.2140E-01  0.2058E-02  0.6316E-03  0.4469E-02  0.1478E-02  0.2118E+00  0.2537E-01  0.1055E+00  0.2101E+00  0.2404E+00  0.1881E-01  0.1151E-01  0.8275E-03
     -3.592  0.1332E-01  0.8382E-01  0.1551E-02  0.2113E-02  0.1388E-02  0.2218E-01  0.2220E-02  0.6651E-03  0.3982E-02  0.2287E-02  0.1910E+00  0.3728E-01  0.1087E+00  0.2190E+00  0.2597E+00  0.1976E-01  0.1135E-01  0.1192E-02
     -3.582  0.1507E-01  0.6392E-01  0.1636E-02  0.1312E-02  0.1591E-02  0.1671E-01  0.3137E-02  0.5302E-03  0.3500E-02  0.1376E-02  0.2118E+00  0.2405E-01  0.1303E+00  0.1635E+00  0.3686E+00  0.1561E-01  0.1514E-01  0.7429E-03
     -3.572  0.5073E-01  0.5469E-01  0.3471E-02  0.1174E-02  0.5219E-02  0.1409E-01  0.1302E-01  0.4791E-03  0.1260E-01  0.1200E-02  0.4863E+00  0.2199E-01  0.4739E+00  0.1366E+00  0.1530E+01  0.1390E-01  0.5012E-01  0.6495E-03
     -3.562  0.5708E-01  0.1107E+00  0.4974E-02  0.1979E-02  0.5774E-02  0.2765E-01  0.1385E-01  0.1011E-02  0.1607E-01  0.1598E-02  0.6883E+00  0.4073E-01  0.5091E+00  0.2614E+00  0.1656E+01  0.2855E-01  0.5632E-01  0.1117E-02
     -3.552  0.4540E-01  0.3205E-01  0.4056E-02  0.6861E-03  0.4572E-02  0.8365E-02  0.1213E-01  0.3231E-03  0.1512E-01  0.6520E-03  0.5655E+00  0.1189E-01  0.4125E+00  0.8466E-01  0.1459E+01  0.9308E-02  0.4776E-01  0.4923E-03
     -3.542  0.1964E-01  0.2136E-01  0.2033E-02  0.5043E-03  0.2022E-02  0.5627E-02  0.7540E-02  0.2107E-03  0.8695E-02  0.4843E-03  0.2881E+00  0.8489E-02  0.2019E+00  0.5789E-01  0.9117E+00  0.6152E-02  0.2888E-01  0.3748E-03
     -3.532  0.7245E-02  0.1236E-01  0.9161E-03  0.3336E-03  0.7489E-03  0.3300E-02  0.2355E-02  0.1191E-03  0.2627E-02  0.3234E-03  0.1279E+00  0.5424E-02  0.7315E-01  0.3475E-01  0.2861E+00  0.3545E-02  0.1054E-01  0.2581E-03
     -3.522  0.1448E-01  0.1341E-01  0.1692E-02  0.4701E-03  0.1479E-02  0.3394E-02  0.6524E-02  0.1715E-03  0.1117E-01  0.5186E-03  0.2417E+00  0.8242E-02  0.1743E+00  0.3471E-01  0.8202E+00  0.4530E-02  0.2130E-01  0.2851E-03
     -3.512  0.1410E-01  0.1469E-01  0.1753E-02  0.4810E-03  0.1436E-02  0.3620E-02  0.8499E-02  0.1838E-03  0.1453E-01  0.5593E-03  0.2531E+00  0.8917E-02  0.1815E+00  0.3622E-01  0.1078E+01  0.4749E-02  0.2583E-01  0.2594E-03
     -3.502  0.1548E-01  0.1341E-01  0.1919E-02  0.4649E-03  0.1630E-02  0.3248E-02  0.1206E-01  0.1729E-03  0.2019E-01  0.5362E-03  0.2828E+00  0.8812E-02  0.2316E+00  0.3213E-01  0.1535E+01  0.4392E-02  0.3451E-01  0.2404E-03
     -3.492  0.1391E-01  0.1323E-01  0.1850E-02  0.4866E-03  0.1451E-02  0.3194E-02  0.1271E-01  0.1690E-03  0.2261E-01  0.5531E-03  0.2702E+00  0.9229E-02  0.2204E+00  0.3171E-01  0.1627E+01  0.4301E-02  0.3472E-01  0.2545E-03
     -3.482  0.1095E-01  0.1304E-01  0.1717E-02  0.5081E-03  0.1096E-02  0.3137E-02  0.1251E-01  0.1650E-03  0.2432E-01  0.5695E-03  0.2441E+00  0.9651E-02  0.1836E+00  0.3124E-01  0.1616E+01  0.4205E-02  0.3207E-01  0.2678E-03
     -3.472  0.1166E-01  0.1286E-01  0.1959E-02  0.5294E-03  0.1084E-02  0.3078E-02  0.1266E-01  0.1608E-03  0.2678E-01  0.5852E-03  0.2715E+00  0.1008E-01  0.1802E+00  0.3072E-01  0.1651E+01  0.4105E-02  0.3226E-01  0.2801E-03
     -3.462  0.1380E-01  0.1289E-01  0.2450E-02  0.5540E-03  0.1148E-02  0.3068E-02  0.1266E-01  0.1586E-03  0.3014E-01  0.6046E-03  0.3324E+00  0.1059E-01  0.1810E+00  0.3069E-01  0.1675E+01  0.4059E-02  0.3312E-01  0.2936E-03
     -3.452  0.1490E-01  0.2233E-01  0.2844E-02  0.8626E-03  0.1153E-02  0.5583E-02  0.1216E-01  0.2549E-03  0.3270E-01  0.8851E-03  0.3804E+00  0.1534E-01  0.1794E+00  0.6041E-01  0.1628E+01  0.7064E-02  0.3191E-01  0.6564E-03
     -3.442  0.1469E-01  0.2326E-01  0.3113E-02  0.8189E-03  0.1036E-02  0.5478E-02  0.9804E-02  0.2648E-03  0.2935E-01  0.8047E-03  0.4250E+00  0.1606E-01  0.1446E+00  0.5622E-01  0.1340E+01  0.7286E-02  0.2814E-01  0.5656E-03
     -3.432  0.1777E-01  0.2299E-01  0.3307E-02  0.8140E-03  0.1204E-02  0.5383E-02  0.9524E-02  0.2592E-03  0.2971E-01  0.7772E-03  0.4647E+00  0.1605E-01  0.1500E+00  0.5530E-01  0.1323E+01  0.7186E-02  0.2754E-01  0.5669E-03
     -3.422  0.1787E-01  0.2239E-01  0.3146E-02  0.8103E-03  0.1191E-02  0.5236E-02  0.7912E-02  0.2471E-03  0.2369E-01  0.7606E-03  0.4605E+00  0.1595E-01  0.1360E+00  0.5403E-01  0.1117E+01  0.6896E-02  0.2613E-01  0.5652E-03
     -3.412  0.1966E-01  0.2094E-01  0.3418E-02  0.7901E-03  0.1309E-02  0.4897E-02  0.7006E-02  0.2267E-03  0.2146E-01  0.7326E-03  0.5123E+00  0.1546E-01  0.1406E+00  0.5092E-01  0.1005E+01  0.6355E-02  0.2620E-01  0.5534E-03
     -3.402  0.2752E-01  0.2111E-01  0.3912E-02  0.8053E-03  0.1824E-02  0.4905E-02  0.6964E-02  0.2167E-03  0.2222E-01  0.7398E-03  0.5951E+00  0.1587E-01  0.1763E+00  0.5090E-01  0.1023E+01  0.6149E-02  0.2960E-01  0.5400E-03
     -3.392  0.2052E-01  0.2193E-01  0.4077E-02  0.9233E-03  0.1319E-02  0.5040E-02  0.4671E-02  0.2145E-03  0.1860E-01  0.8332E-03  0.6316E+00  0.1833E-01  0.1327E+00  0.5201E-01  0.6996E+00  0.6110E-02  0.2377E-01  0.5832E-03
     -3.382  0.1657E-01  0.2311E-01  0.3759E-02  0.1008E-02  0.1047E-02  0.5283E-02  0.3216E-02  0.2225E-03  0.1599E-01  0.9013E-03  0.5920E+00  0.2007E-01  0.1090E+00  0.5456E-01  0.4894E+00  0.6386E-02  0.1802E-01  0.6365E-03
     -3.372  0.1496E-01  0.2268E-01  0.3511E-02  0.7573E-03  0.9244E-03  0.5219E-02  0.2894E-02  0.2170E-03  0.1503E-01  0.6804E-03  0.5564E+00  0.1527E-01  0.9747E-01  0.5453E-01  0.4433E+00  0.6398E-02  0.1609E-01  0.5070E-03
     -3.362  0.1404E-01  0.5522E-01  0.3233E-02  0.1397E-02  0.8502E-03  0.1300E-01  0.2294E-02  0.6022E-03  0.1394E-01  0.1363E-02  0.5200E+00  0.2670E-01  0.9272E-01  0.1408E+00  0.3584E+00  0.1838E-01  0.1283E-01  0.1169E-02
     -3.352  0.1440E-01  0.3811E-01  0.3128E-02  0.1060E-02  0.8632E-03  0.8894E-02  0.2228E-02  0.3930E-03  0.1356E-01  0.9075E-03  0.5077E+00  0.2077E-01  0.9383E-01  0.9613E-01  0.3499E+00  0.1198E-01  0.1191E-01  0.8985E-03
     -3.342  0.1481E-01  0.3472E-01  0.2988E-02  0.1083E-02  0.8791E-03  0.8067E-02  0.2167E-02  0.3567E-03  0.1307E-01  0.8625E-03  0.4898E+00  0.2137E-01  0.9448E-01  0.8787E-01  0.3425E+00  0.1076E-01  0.1095E-01  0.9796E-03
     -3.332  0.1534E-01  0.3387E-01  0.3062E-02  0.1053E-02  0.9029E-03  0.7845E-02  0.2221E-02  0.3370E-03  0.1365E-01  0.8086E-03  0.5060E+00  0.2101E-01  0.9898E-01  0.8571E-01  0.3524E+00  0.1015E-01  0.1041E-01  0.9806E-03
     -3.322  0.1338E-01  0.3352E-01  0.2848E-02  0.1029E-02  0.8094E-03  0.7727E-02  0.1618E-02  0.3183E-03  0.1214E-01  0.7580E-03  0.4763E+00  0.2083E-01  0.1097E+00  0.8466E-01  0.2558E+00  0.9595E-02  0.8753E-02  0.9815E-03
     -3.312  0.1396E-01  0.3913E-01  0.3162E-02  0.1101E-02  0.8422E-03  0.8819E-02  0.1732E-02  0.3319E-03  0.1393E-01  0.7707E-03  0.5326E+00  0.2336E-01  0.1235E+00  0.9625E-01  0.2740E+00  0.1024E-01  0.8424E-02  0.9941E-03
     -3.302  0.1456E-01  0.3962E-01  0.3452E-02  0.1040E-02  0.8762E-03  0.8805E-02  0.1843E-02  0.3015E-03  0.1560E-01  0.6804E-03  0.5856E+00  0.2286E-01  0.1372E+00  0.9607E-01  0.2922E+00  0.9539E-02  0.8122E-02  0.9148E-03
     -3.292  0.1816E-01  0.4098E-01  0.3808E-02  0.9452E-03  0.1092E-02  0.9018E-02  0.1945E-02  0.2816E-03  0.1739E-01  0.5938E-03  0.6506E+00  0.2155E-01  0.1749E+00  0.9857E-01  0.3106E+00  0.9218E-02  0.8521E-02  0.7966E-03
     -3.282  0.1864E-01  0.4307E-01  0.3849E-02  0.8510E-03  0.1119E-02  0.9421E-02  0.1915E-02  0.2801E-03  0.1771E-01  0.5466E-03  0.6641E+00  0.2009E-01  0.1859E+00  0.1032E+00  0.3077E+00  0.9379E-02  0.8294E-02  0.6679E-03
     -3.272  0.1467E-01  0.4524E-01  0.3362E-02  0.7520E-03  0.8730E-03  0.9847E-02  0.1667E-02  0.2795E-03  0.1551E-01  0.5045E-03  0.5903E+00  0.1851E-01  0.1538E+00  0.1081E+00  0.2715E+00  0.9571E-02  0.7163E-02  0.5269E-03
     -3.262  0.9723E-02  0.4751E-01  0.2989E-02  0.6480E-03  0.5699E-03  0.1029E-01  0.1527E-02  0.2798E-03  0.1428E-01  0.4676E-03  0.5404E+00  0.1683E-01  0.1211E+00  0.1132E+00  0.2520E+00  0.9795E-02  0.5196E-02  0.3737E-03
     -3.252  0.9183E-02  0.5980E-01  0.2665E-02  0.6925E-03  0.5293E-03  0.1294E-01  0.1419E-02  0.3453E-03  0.1317E-01  0.5427E-03  0.4957E+00  0.1876E-01  0.1149E+00  0.1432E+00  0.2403E+00  0.1219E-01  0.4532E-02  0.3429E-03
     -3.242  0.7952E-02  0.1082E+00  0.1964E-02  0.9864E-03  0.4470E-03  0.2354E-01  0.1196E-02  0.6219E-03  0.1033E-01  0.8798E-03  0.3776E+00  0.2814E-01  0.9154E-01  0.2628E+00  0.2096E+00  0.2211E-01  0.3671E-02  0.4377E-03
     -3.232  0.7036E-02  0.2425E+00  0.1803E-02  0.1600E-02  0.3886E-03  0.5306E-01  0.1068E-02  0.1317E-02  0.9378E-02  0.1505E-02  0.3504E+00  0.4917E-01  0.8251E-01  0.5996E+00  0.1893E+00  0.4859E-01  0.3394E-02  0.6741E-03
     -3.222  0.6347E-02  0.1923E+00  0.1654E-02  0.1573E-02  0.3437E-03  0.4162E-01  0.9652E-03  0.1132E-02  0.8563E-02  0.1444E-02  0.3250E+00  0.4659E-01  0.7507E-01  0.4686E+00  0.1733E+00  0.3984E-01  0.3190E-02  0.6849E-03
     -3.212  0.6018E-02  0.1278E+00  0.1522E-02  0.1194E-02  0.3210E-03  0.2754E-01  0.9018E-03  0.8023E-03  0.7958E-02  0.1079E-02  0.3024E+00  0.3434E-01  0.7007E-01  0.3129E+00  0.1639E+00  0.2671E-01  0.3113E-02  0.6628E-03
     -3.202  0.5703E-02  0.1002E+00  0.1396E-02  0.9774E-03  0.2991E-03  0.2157E-01  0.8394E-03  0.6616E-03  0.7374E-02  0.8477E-03  0.2807E+00  0.2790E-01  0.6534E-01  0.2474E+00  0.1546E+00  0.2115E-01  0.3041E-02  0.6783E-03
     -3.192  0.5400E-02  0.9266E-01  0.1275E-02  0.1025E-02  0.2781E-03  0.1975E-01  0.7782E-03  0.6535E-03  0.6809E-02  0.7508E-03  0.2598E+00  0.2907E-01  0.6088E-01  0.2263E+00  0.1453E+00  0.2027E-01  0.2975E-02  0.7961E-03
     -3.181  0.5120E-02  0.9385E-01  0.1164E-02  0.1079E-02  0.2587E-03  0.1991E-01  0.7197E-03  0.6856E-03  0.6287E-02  0.7603E-03  0.2408E+00  0.3060E-01  0.5698E-01  0.2282E+00  0.1364E+00  0.2098E-01  0.2921E-02  0.8577E-03
     -3.171  0.5008E-02  0.9737E-01  0.1114E-02  0.1141E-02  0.2463E-03  0.2057E-01  0.6705E-03  0.7285E-03  0.5920E-02  0.7991E-03  0.2379E+00  0.3247E-01  0.5596E-01  0.2357E+00  0.1308E+00  0.2209E-01  0.3163E-02  0.9016E-03
     -3.161  0.5183E-02  0.1007E+00  0.1184E-02  0.1202E-02  0.2413E-03  0.2119E-01  0.6471E-03  0.7685E-03  0.5782E-02  0.8362E-03  0.2717E+00  0.3429E-01  0.5809E-01  0.2427E+00  0.1345E+00  0.2310E-01  0.4163E-02  0.9470E-03
     -3.151  0.5194E-02  0.1017E+00  0.1087E-02  0.1246E-02  0.2378E-03  0.2135E-01  0.5923E-03  0.8074E-03  0.5216E-02  0.8846E-03  0.2513E+00  0.3548E-01  0.5716E-01  0.2450E+00  0.1246E+00  0.2379E-01  0.4205E-02  0.9932E-03
     -3.141  0.5286E-02  0.1023E+00  0.9922E-03  0.1291E-02  0.2374E-03  0.2143E-01  0.5427E-03  0.8441E-03  0.4702E-02  0.9347E-03  0.2318E+00  0.3667E-01  0.5683E-01  0.2465E+00  0.1160E+00  0.2437E-01  0.4279E-02  0.1040E-02
     -3.131  0.5418E-02  0.9943E-01  0.8980E-03  0.1346E-02  0.2387E-03  0.2078E-01  0.4958E-03  0.8361E-03  0.4232E-02  0.9947E-03  0.2123E+00  0.3788E-01  0.5688E-01  0.2394E+00  0.1079E+00  0.2361E-01  0.4344E-02  0.1091E-02
     -3.121  0.5543E-02  0.9943E-01  0.8014E-03  0.1593E-02  0.2398E-03  0.2065E-01  0.4494E-03  0.9304E-03  0.3797E-02  0.1161E-02  0.1918E+00  0.4380E-01  0.5697E-01  0.2377E+00  0.9961E-01  0.2505E-01  0.4355E-02  0.1396E-02
     -3.111  0.5659E-02  0.1015E+00  0.7024E-03  0.1956E-02  0.2409E-03  0.2091E-01  0.4033E-03  0.1082E-02  0.3396E-02  0.1393E-02  0.1704E+00  0.5262E-01  0.5708E-01  0.2408E+00  0.9108E-01  0.2755E-01  0.4311E-02  0.1852E-02
     -3.101  0.5783E-02  0.9167E-01  0.6085E-03  0.2272E-02  0.2426E-03  0.1877E-01  0.3601E-03  0.1470E-02  0.3053E-02  0.1665E-02  0.1498E+00  0.5905E-01  0.5739E-01  0.2181E+00  0.8294E-01  0.3378E-01  0.4241E-02  0.2738E-02
     -3.091  0.5589E-02  0.7044E-01  0.5090E-03  0.1995E-02  0.2345E-03  0.1436E-01  0.3019E-03  0.1319E-02  0.2612E-02  0.1440E-02  0.1306E+00  0.5069E-01  0.5575E-01  0.1663E+00  0.7251E-01  0.3014E-01  0.3833E-02  0.2559E-02
     -3.081  0.5604E-02  0.5442E-01  0.4877E-03  0.1713E-02  0.2343E-03  0.1099E-01  0.2982E-03  0.9143E-03  0.3426E-02  0.1195E-02  0.1299E+00  0.4270E-01  0.5561E-01  0.1260E+00  0.7398E-01  0.2179E-01  0.3652E-02  0.1902E-02
     -3.071  0.5835E-02  0.4905E-01  0.5086E-03  0.1977E-02  0.2410E-03  0.9888E-02  0.3131E-03  0.9130E-03  0.4407E-02  0.1231E-02  0.1395E+00  0.4802E-01  0.5733E-01  0.1151E+00  0.7953E-01  0.2082E-01  0.3737E-02  0.2304E-02
     -3.061  0.7422E-02  0.4153E-01  0.5244E-03  0.2127E-02  0.3039E-03  0.8351E-02  0.3307E-03  0.6614E-03  0.5216E-02  0.1120E-02  0.1491E+00  0.5042E-01  0.6893E-01  0.9781E-01  0.8733E-01  0.1524E-01  0.4431E-02  0.2407E-02
     -3.051  0.6607E-02  0.3638E-01  0.5304E-03  0.2384E-02  0.2646E-03  0.7193E-02  0.3202E-03  0.5350E-03  0.5798E-02  0.1104E-02  0.1546E+00  0.5575E-01  0.6226E-01  0.8313E-01  0.8603E-01  0.1253E-01  0.4172E-02  0.2626E-02
     -3.041  0.5573E-02  0.3380E-01  0.5152E-03  0.3008E-02  0.2143E-03  0.6519E-02  0.2831E-03  0.4611E-03  0.6064E-02  0.1174E-02  0.1538E+00  0.6937E-01  0.5308E-01  0.7384E-01  0.7739E-01  0.1102E-01  0.3801E-02  0.3278E-02
     -3.031  0.2839E-02  0.3204E-01  0.2623E-03  0.3977E-02  0.1072E-03  0.5973E-02  0.1298E-03  0.4089E-03  0.3273E-02  0.1324E-02  0.7615E-01  0.9059E-01  0.2865E-01  0.6584E-01  0.3513E-01  0.1000E-01  0.1979E-02  0.4325E-02
     -3.021  0.8557E-03  0.3290E-01  0.5539E-04  0.5448E-02  0.2697E-04  0.5790E-02  0.6120E-04  0.4516E-03  0.6384E-03  0.1981E-02  0.1849E-01  0.1233E+00  0.4926E-02  0.6101E-01  0.2007E-01  0.1089E-01  0.1057E-02  0.5546E-02
     -3.011  0.2119E-02  0.3101E-01  0.7002E-04  0.5965E-02  0.6512E-04  0.5132E-02  0.1094E-03  0.5075E-03  0.1010E-02  0.2481E-02  0.2741E-01  0.1351E+00  0.1285E-01  0.5176E-01  0.3815E-01  0.1179E-01  0.2488E-02  0.5663E-02
     -3.001  0.3089E-02  0.3290E-01  0.6964E-04  0.5993E-02  0.9571E-04  0.5382E-02  0.1392E-03  0.7136E-03  0.1246E-02  0.2939E-02  0.3207E-01  0.1368E+00  0.1981E-01  0.5582E-01  0.4983E-01  0.1565E-01  0.3485E-02  0.5518E-02
     -2.991  0.4081E-02  0.1698E-01  0.9937E-04  0.3760E-02  0.1261E-03  0.2779E-02  0.1594E-03  0.4971E-03  0.1481E-02  0.1540E-02  0.4492E-01  0.8578E-01  0.2907E-01  0.3047E-01  0.5801E-01  0.1030E-01  0.4126E-02  0.4057E-02
     -2.981  0.5122E-02  0.9876E-02  0.1299E-03  0.2248E-02  0.1576E-03  0.1649E-02  0.1811E-03  0.4524E-03  0.1740E-02  0.1022E-02  0.5845E-01  0.5127E-01  0.3842E-01  0.1979E-01  0.6697E-01  0.9101E-02  0.4835E-02  0.2597E-02
     -2.971  0.6148E-02  0.8869E-02  0.1580E-03  0.1616E-02  0.1877E-03  0.1508E-02  0.2030E-03  0.3737E-03  0.2044E-02  0.8032E-03  0.7182E-01  0.3737E-01  0.4682E-01  0.1873E-01  0.7647E-01  0.7384E-02  0.5603E-02  0.1793E-02
     -2.961  0.7225E-02  0.1403E-01  0.1908E-03  0.1679E-02  0.2191E-03  0.2429E-02  0.2278E-03  0.5107E-03  0.2708E-02  0.1050E-02  0.8849E-01  0.3977E-01  0.5597E-01  0.3024E-01  0.8711E-01  0.1070E-01  0.6522E-02  0.1863E-02
     -2.951  0.6557E-02  0.2138E-01  0.1922E-03  0.3439E-02  0.1969E-03  0.3956E-02  0.2210E-03  0.5934E-03  0.3239E-02  0.2487E-02  0.9234E-01  0.7668E-01  0.5168E-01  0.5475E-01  0.8438E-01  0.1318E-01  0.6198E-02  0.3280E-02
     -2.941  0.5835E-02  0.3406E-01  0.1907E-03  0.1077E-01  0.1729E-03  0.6470E-02  0.2118E-03  0.5520E-03  0.3785E-02  0.7677E-02  0.9494E-01  0.2317E+00  0.4694E-01  0.9756E-01  0.8065E-01  0.1336E-01  0.5831E-02  0.8979E-02
     -2.931  0.5210E-02  0.3429E-01  0.1887E-03  0.1497E-01  0.1514E-03  0.6429E-02  0.2025E-03  0.5112E-03  0.4252E-02  0.1076E-01  0.9732E-01  0.3217E+00  0.4258E-01  0.1004E+00  0.7710E-01  0.1188E-01  0.5524E-02  0.1194E-01
     -2.921  0.4645E-02  0.1788E-01  0.1860E-03  0.8798E-02  0.1314E-03  0.3304E-02  0.1927E-03  0.3885E-03  0.4670E-02  0.5968E-02  0.9961E-01  0.1906E+00  0.3819E-01  0.5290E-01  0.7362E-01  0.8300E-02  0.5277E-02  0.7395E-02
     -2.911  0.4176E-02  0.1475E-01  0.1771E-03  0.8510E-02  0.1149E-03  0.2973E-02  0.1797E-03  0.3835E-03  0.5011E-02  0.5822E-02  0.9970E-01  0.1825E+00  0.3292E-01  0.5277E-01  0.6940E-01  0.8195E-02  0.5215E-02  0.7515E-02
     -2.901  0.3717E-02  0.1216E-01  0.1628E-03  0.6153E-02  0.1017E-03  0.2622E-02  0.1643E-03  0.3641E-03  0.5257E-02  0.4405E-02  0.9568E-01  0.1312E+00  0.2866E-01  0.4854E-01  0.6381E-01  0.7696E-02  0.5249E-02  0.5653E-02
     -2.891  0.3430E-02  0.1159E-01  0.1524E-03  0.5344E-02  0.9321E-04  0.2520E-02  0.1530E-03  0.3732E-03  0.5531E-02  0.3994E-02  0.9296E-01  0.1139E+00  0.2586E-01  0.4682E-01  0.5981E-01  0.7560E-02  0.5304E-02  0.4915E-02
     -2.881  0.3150E-02  0.1112E-01  0.1428E-03  0.4616E-02  0.8507E-04  0.2436E-02  0.1425E-03  0.3860E-03  0.5815E-02  0.3644E-02  0.9057E-01  0.9839E-01  0.2326E-01  0.4542E-01  0.5614E-01  0.7480E-02  0.5375E-02  0.4239E-02
     -2.871  0.2878E-02  0.1087E-01  0.1340E-03  0.3990E-02  0.7732E-04  0.2424E-02  0.1329E-03  0.4052E-03  0.6111E-02  0.3309E-02  0.8849E-01  0.8485E-01  0.2085E-01  0.4553E-01  0.5279E-01  0.7708E-02  0.5462E-02  0.3733E-02
     -2.861  0.2612E-02  0.1276E-01  0.1259E-03  0.3611E-02  0.6997E-04  0.2839E-02  0.1240E-03  0.5271E-03  0.6418E-02  0.3221E-02  0.8674E-01  0.7694E-01  0.1863E-01  0.5272E-01  0.4976E-01  0.9826E-02  0.5567E-02  0.3523E-02
     -2.851  0.3096E-02  0.3049E-01  0.1664E-03  0.3766E-02  0.7396E-04  0.5836E-02  0.1225E-03  0.1080E-02  0.7282E-02  0.3034E-02  0.1186E+00  0.8735E-01  0.2144E-01  0.9142E-01  0.5076E-01  0.2079E-01  0.5952E-02  0.4429E-02
     -2.841  0.4276E-02  0.3302E-01  0.2686E-03  0.3054E-02  0.8568E-04  0.6226E-02  0.1261E-03  0.1331E-02  0.8850E-02  0.2528E-02  0.1948E+00  0.7363E-01  0.2897E-01  0.9549E-01  0.5506E-01  0.2589E-01  0.6585E-02  0.4177E-02
     -2.831  0.7465E-02  0.3307E-01  0.5296E-03  0.2741E-02  0.1205E-03  0.6118E-02  0.1341E-03  0.1509E-02  0.1235E-01  0.2183E-02  0.3837E+00  0.6827E-01  0.5392E-01  0.9205E-01  0.6486E-01  0.2998E-01  0.8486E-02  0.4258E-02
     -2.821  0.1769E-01  0.3273E-01  0.1538E-02  0.2466E-02  0.2470E-03  0.5943E-02  0.2148E-03  0.1700E-02  0.3050E-01  0.1858E-02  0.1132E+01  0.6363E-01  0.1254E+00  0.8777E-01  0.1280E+00  0.3443E-01  0.2291E-01  0.4404E-02
     -2.811  0.9331E-02  0.3263E-01  0.7104E-03  0.2310E-02  0.1660E-03  0.5842E-02  0.1668E-03  0.1924E-02  0.2197E-01  0.1689E-02  0.5524E+00  0.6135E-01  0.7255E-01  0.8520E-01  0.9319E-01  0.3952E-01  0.2408E-01  0.4618E-02
     -2.801  0.8922E-02  0.3360E-01  0.6463E-03  0.2272E-02  0.1706E-03  0.5988E-02  0.1717E-03  0.2217E-02  0.2338E-01  0.1749E-02  0.5203E+00  0.6130E-01  0.7183E-01  0.8744E-01  0.9615E-01  0.4582E-01  0.2884E-01  0.4844E-02
     -2.791  0.7128E-02  0.5200E-01  0.5204E-03  0.5077E-02  0.1283E-03  0.9370E-02  0.1332E-03  0.4754E-02  0.2593E-01  0.2864E-02  0.4304E+00  0.1331E+00  0.6968E-01  0.1431E+00  0.7647E-01  0.9868E-01  0.2345E-01  0.1118E-01
     -2.781  0.8796E-02  0.3574E-01  0.4740E-03  0.3021E-02  0.1299E-03  0.6610E-02  0.1104E-03  0.4161E-02  0.3500E-01  0.2643E-02  0.4083E+00  0.8002E-01  0.1051E+00  0.1056E+00  0.7403E-01  0.8714E-01  0.2083E-01  0.7911E-02
     -2.771  0.1427E-01  0.3412E-01  0.5450E-03  0.2749E-02  0.2171E-03  0.6446E-02  0.1428E-03  0.4637E-02  0.4570E-01  0.2958E-02  0.4823E+00  0.7285E-01  0.1669E+00  0.1070E+00  0.1049E+00  0.9740E-01  0.3023E-01  0.8010E-02
     -2.761  0.1613E-01  0.3505E-01  0.5305E-03  0.2877E-02  0.2533E-03  0.6756E-02  0.1594E-03  0.5393E-02  0.5297E-01  0.3462E-02  0.4813E+00  0.7569E-01  0.1907E+00  0.1159E+00  0.1190E+00  0.1135E+00  0.3488E-01  0.8965E-02
     -2.751  0.1340E-01  0.3570E-01  0.4536E-03  0.2992E-02  0.2155E-03  0.7017E-02  0.1452E-03  0.6150E-02  0.5585E-01  0.3969E-02  0.4293E+00  0.7819E-01  0.1683E+00  0.1241E+00  0.1078E+00  0.1296E+00  0.3223E-01  0.9894E-02
     -2.741  0.1061E-01  0.3048E-01  0.3537E-03  0.2686E-02  0.1740E-03  0.6105E-02  0.1227E-03  0.6394E-02  0.4409E-01  0.4033E-02  0.3550E+00  0.7055E-01  0.1344E+00  0.1113E+00  0.9271E-01  0.1353E+00  0.3163E-01  0.9782E-02
     -2.731  0.1056E-01  0.2543E-01  0.2731E-03  0.2349E-02  0.1722E-03  0.5257E-02  0.1154E-03  0.6961E-02  0.3459E-01  0.4288E-02  0.2913E+00  0.6231E-01  0.1269E+00  0.1001E+00  0.9154E-01  0.1482E+00  0.3406E-01  0.1005E-01
     -2.721  0.4985E-02  0.2402E-01  0.1241E-03  0.2151E-02  0.8652E-04  0.5118E-02  0.6181E-04  0.7981E-02  0.2434E-01  0.4960E-02  0.1374E+00  0.5784E-01  0.7260E-01  0.1011E+00  0.5049E-01  0.1704E+00  0.2441E-01  0.1095E-01
     -2.711  0.4943E-02  0.7690E-01  0.1043E-03  0.3030E-02  0.8469E-04  0.1559E-01  0.5995E-04  0.1369E-01  0.2702E-01  0.9048E-02  0.1256E+00  0.9053E-01  0.7088E-01  0.2942E+00  0.5019E-01  0.2806E+00  0.2902E-01  0.1702E-01
     -2.701  0.4851E-02  0.5454E-01  0.8573E-04  0.2267E-02  0.8197E-04  0.1131E-01  0.5779E-04  0.1207E-01  0.2985E-01  0.8218E-02  0.1149E+00  0.6593E-01  0.6868E-01  0.2207E+00  0.4962E-01  0.2519E+00  0.3372E-01  0.1463E-01
     -2.691  0.3715E-02  0.4057E-01  0.6103E-04  0.1926E-02  0.5845E-04  0.8610E-02  0.4701E-04  0.1113E-01  0.3803E-01  0.7714E-02  0.9772E-01  0.5481E-01  0.5395E-01  0.1735E+00  0.4191E-01  0.2356E+00  0.5139E-01  0.1339E-01
     -2.681  0.3242E-02  0.6309E-01  0.4884E-04  0.3108E-02  0.4777E-04  0.1370E-01  0.4084E-04  0.2021E-01  0.4405E-01  0.1395E-01  0.9018E-01  0.9124E-01  0.4676E-01  0.2837E+00  0.3765E-01  0.4284E+00  0.6349E-01  0.2398E-01
     -2.671  0.3074E-02  0.5769E-01  0.4372E-04  0.3517E-02  0.4332E-04  0.1280E-01  0.3698E-04  0.2378E-01  0.4861E-01  0.1537E-01  0.8831E-01  0.1046E+00  0.4306E-01  0.2715E+00  0.3510E-01  0.5118E+00  0.7173E-01  0.3041E-01
     -2.661  0.2908E-02  0.3354E-01  0.3877E-04  0.2430E-02  0.3894E-04  0.6703E-02  0.3319E-04  0.8199E-02  0.5337E-01  0.5872E-02  0.8656E-01  0.6588E-01  0.3939E-01  0.1324E+00  0.3254E-01  0.1796E+00  0.8016E-01  0.1258E-01
     -2.651  0.2745E-02  0.2489E-01  0.3521E-04  0.2103E-02  0.3471E-04  0.4735E-02  0.2947E-04  0.5152E-02  0.5834E-01  0.3953E-02  0.8591E-01  0.5563E-01  0.3630E-01  0.9108E-01  0.2984E-01  0.1153E+00  0.8817E-01  0.8767E-02
     -2.641  0.2592E-02  0.2234E-01  0.3242E-04  0.2012E-02  0.3068E-04  0.4188E-02  0.2581E-04  0.4997E-02  0.6350E-01  0.3930E-02  0.8586E-01  0.5315E-01  0.3368E-01  0.8060E-01  0.2706E-01  0.1131E+00  0.9597E-01  0.8347E-02
     -2.631  0.2525E-02  0.2057E-01  0.3032E-04  0.1911E-02  0.2799E-04  0.3811E-02  0.2330E-04  0.5250E-02  0.6936E-01  0.4209E-02  0.8706E-01  0.5040E-01  0.3228E-01  0.7394E-01  0.2526E-01  0.1201E+00  0.1049E+00  0.8326E-02
     -2.621  0.2500E-02  0.1881E-01  0.2866E-04  0.1807E-02  0.2593E-04  0.3447E-02  0.2147E-04  0.5605E-02  0.7774E-01  0.4532E-02  0.8967E-01  0.4761E-01  0.3145E-01  0.6770E-01  0.2418E-01  0.1294E+00  0.1176E+00  0.8430E-02
     -2.611  0.2489E-02  0.1707E-01  0.2718E-04  0.1700E-02  0.2403E-04  0.3096E-02  0.1988E-04  0.6063E-02  0.8867E-01  0.4902E-02  0.9322E-01  0.4476E-01  0.3081E-01  0.6188E-01  0.2342E-01  0.1411E+00  0.1339E+00  0.8657E-02
     -2.601  0.2530E-02  0.1954E-01  0.2562E-04  0.1979E-02  0.2227E-04  0.4280E-02  0.1822E-04  0.2255E-01  0.1043E+00  0.1654E-01  0.9818E-01  0.5455E-01  0.3050E-01  0.1099E+00  0.2269E-01  0.5229E+00  0.1560E+00  0.2442E-01
     -2.591  0.2643E-02  0.1573E-01  0.2427E-04  0.1899E-02  0.2136E-04  0.3406E-02  0.1714E-04  0.2068E-01  0.1264E+00  0.1499E-01  0.1052E+00  0.5226E-01  0.3037E-01  0.8958E-01  0.2245E-01  0.4830E+00  0.1832E+00  0.2308E-01
     -2.581  0.2758E-02  0.1407E-01  0.2309E-04  0.2817E-02  0.2075E-04  0.2637E-02  0.1629E-04  0.1092E-01  0.1490E+00  0.8431E-02  0.1123E+00  0.7431E-01  0.3013E-01  0.6303E-01  0.2239E-01  0.2591E+00  0.2097E+00  0.1485E-01
     -2.571  0.4468E-02  0.1260E-01  0.2596E-04  0.2865E-02  0.2636E-04  0.2067E-02  0.1654E-04  0.5692E-02  0.2449E+00  0.5383E-02  0.1793E+00  0.7548E-01  0.4232E-01  0.4491E-01  0.2872E-01  0.1381E+00  0.3314E+00  0.9096E-02
     -2.561  0.5786E-02  0.1313E-01  0.3196E-04  0.3384E-02  0.3117E-04  0.2025E-02  0.1745E-04  0.6464E-02  0.3388E+00  0.6226E-02  0.2458E+00  0.9037E-01  0.5692E-01  0.4305E-01  0.3541E-01  0.1579E+00  0.4555E+00  0.1060E-01
     -2.551  0.6061E-02  0.1401E-01  0.3384E-04  0.4060E-02  0.3227E-04  0.2021E-02  0.1829E-04  0.8485E-02  0.4383E+00  0.9096E-02  0.2918E+00  0.1089E+00  0.6537E-01  0.4308E-01  0.4027E-01  0.2080E+00  0.5809E+00  0.1306E-01
     -2.541  0.5942E-02  0.1483E-01  0.3081E-04  0.4620E-02  0.3110E-04  0.1975E-02  0.1791E-04  0.1403E-01  0.5136E+00  0.1655E-01  0.2709E+00  0.1236E+00  0.6393E-01  0.4664E-01  0.3951E-01  0.3443E+00  0.6553E+00  0.1740E-01
     -2.531  0.6128E-02  0.1905E-01  0.2942E-04  0.5868E-02  0.3041E-04  0.2076E-02  0.1618E-04  0.2146E-01  0.5808E+00  0.2619E-01  0.2573E+00  0.1564E+00  0.5805E-01  0.4912E-01  0.3559E-01  0.5316E+00  0.7335E+00  0.2406E-01
     -2.521  0.6644E-02  0.1744E-01  0.3101E-04  0.5836E-02  0.3089E-04  0.1767E-02  0.1581E-04  0.2210E-01  0.6731E+00  0.2671E-01  0.2769E+00  0.1545E+00  0.5959E-01  0.4517E-01  0.3626E-01  0.5498E+00  0.8445E+00  0.2351E-01
     -2.511  0.7200E-02  0.1392E-01  0.3283E-04  0.5234E-02  0.3137E-04  0.1486E-02  0.1540E-04  0.1861E-01  0.7742E+00  0.2321E-01  0.3006E+00  0.1384E+00  0.6137E-01  0.4206E-01  0.3700E-01  0.4621E+00  0.9674E+00  0.1871E-01
     -2.501  0.1119E-01  0.1278E-01  0.4226E-04  0.5091E-02  0.4652E-04  0.1438E-02  0.1572E-04  0.1714E-01  0.1371E+01  0.2180E-01  0.5050E+00  0.1347E+00  0.7951E-01  0.4295E-01  0.4267E-01  0.4255E+00  0.1733E+01  0.1673E-01
     -2.491  0.9229E-02  0.1196E-01  0.5174E-04  0.5090E-02  0.2770E-04  0.1632E-02  0.1553E-04  0.1731E-01  0.1348E+01  0.2144E-01  0.4449E+00  0.1344E+00  0.9199E-01  0.5365E-01  0.4872E-01  0.4275E+00  0.1718E+01  0.1603E-01
     -2.481  0.1970E-01  0.1113E-01  0.1612E-03  0.5249E-02  0.5803E-04  0.1915E-02  0.2748E-04  0.1826E-01  0.4782E+01  0.2155E-01  0.1081E+01  0.1381E+00  0.2245E+00  0.6865E-01  0.9066E-01  0.4481E+00  0.5665E+01  0.1617E-01
     -2.471  0.1639E-01  0.1101E-01  0.9583E-04  0.5271E-02  0.3711E-04  0.1940E-02  0.1806E-04  0.1749E-01  0.2329E+01  0.2066E-01  0.5351E+00  0.1386E+00  0.1389E+00  0.6996E-01  0.7809E-01  0.4296E+00  0.3043E+01  0.1534E-01
     -2.461  0.1331E-01  0.1115E-01  0.7039E-04  0.5209E-02  0.2487E-04  0.1868E-02  0.1369E-04  0.1481E-01  0.1530E+01  0.1778E-01  0.2897E+00  0.1376E+00  0.1082E+00  0.6461E-01  0.5355E-01  0.3658E+00  0.2007E+01  0.1351E-01
     -2.451  0.1078E-01  0.1721E-01  0.5261E-04  0.1881E-01  0.1589E-04  0.1735E-02  0.9509E-05  0.9325E-02  0.1015E+01  0.2292E-01  0.1510E+00  0.5186E+00  0.8163E-01  0.4956E-01  0.3311E-01  0.2328E+00  0.1373E+01  0.2032E-01
     -2.441  0.1151E-01  0.1096E-01  0.5622E-04  0.8214E-02  0.1568E-04  0.1106E-02  0.1026E-04  0.5375E-02  0.1011E+01  0.1220E-01  0.1400E+00  0.2261E+00  0.9114E-01  0.2919E-01  0.3732E-01  0.1367E+00  0.1408E+01  0.9632E-02
     -2.431  0.1118E-01  0.2174E-01  0.5725E-04  0.5670E-02  0.1424E-04  0.2748E-02  0.1071E-04  0.6001E-02  0.9674E+00  0.9825E-02  0.1203E+00  0.1571E+00  0.9410E-01  0.6081E-01  0.3829E-01  0.1549E+00  0.1387E+01  0.9243E-02
     -2.421  0.1210E-01  0.1791E-01  0.6175E-04  0.3473E-02  0.1441E-04  0.2308E-02  0.1165E-04  0.5516E-02  0.9854E+00  0.7613E-02  0.1115E+00  0.9640E-01  0.1037E+00  0.5182E-01  0.4283E-01  0.1426E+00  0.1450E+01  0.7363E-02
     -2.411  0.1342E-01  0.1511E-01  0.6623E-04  0.3251E-02  0.1493E-04  0.1919E-02  0.1281E-04  0.5048E-02  0.1002E+01  0.6991E-02  0.1048E+00  0.9057E-01  0.1135E+00  0.4384E-01  0.4726E-01  0.1308E+00  0.1515E+01  0.6935E-02
     -2.401  0.1600E-01  0.1367E-01  0.7081E-04  0.3069E-02  0.1612E-04  0.1702E-02  0.1467E-04  0.4706E-02  0.1027E+01  0.6520E-02  0.1010E+00  0.8584E-01  0.1245E+00  0.3909E-01  0.5288E-01  0.1226E+00  0.1579E+01  0.6635E-02
     -2.391  0.1863E-01  0.1244E-01  0.7408E-04  0.2885E-02  0.1730E-04  0.1508E-02  0.1720E-04  0.4369E-02  0.1027E+01  0.6100E-02  0.9763E-01  0.8105E-01  0.1390E+00  0.3477E-01  0.5990E-01  0.1145E+00  0.1623E+01  0.6285E-02
     -2.381  0.2105E-01  0.1155E-01  0.7695E-04  0.2747E-02  0.1883E-04  0.1352E-02  0.2214E-04  0.4040E-02  0.1004E+01  0.5781E-02  0.9722E-01  0.7759E-01  0.1735E+00  0.3118E-01  0.7117E-01  0.1067E+00  0.1691E+01  0.5932E-02
     -2.371  0.2397E-01  0.1181E-01  0.7503E-04  0.2701E-02  0.2046E-04  0.1364E-02  0.2723E-04  0.3825E-02  0.9327E+00  0.5499E-02  0.9736E-01  0.7681E-01  0.2008E+00  0.3098E-01  0.7849E-01  0.1019E+00  0.1673E+01  0.5861E-02
     -2.361  0.2582E-01  0.1206E-01  0.6736E-04  0.2655E-02  0.1983E-04  0.1374E-02  0.2421E-04  0.3617E-02  0.8478E+00  0.5223E-02  0.9733E-01  0.7603E-01  0.1575E+00  0.3076E-01  0.7028E-01  0.9720E-01  0.1469E+01  0.5796E-02
     -2.351  0.2838E-01  0.1229E-01  0.6051E-04  0.2609E-02  0.1872E-04  0.1383E-02  0.2063E-04  0.3416E-02  0.7816E+00  0.4952E-02  0.1006E+00  0.7526E-01  0.1090E+00  0.3052E-01  0.6237E-01  0.9270E-01  0.1262E+01  0.5736E-02
     -2.341  0.2128E-01  0.1251E-01  0.3966E-04  0.2563E-02  0.1455E-04  0.1390E-02  0.1242E-04  0.3223E-02  0.3903E+00  0.4686E-02  0.5510E-01  0.7450E-01  0.5082E-01  0.3028E-01  0.3178E-01  0.8838E-01  0.6992E+00  0.5681E-02
     -2.331  0.2473E-01  0.1267E-01  0.4010E-04  0.2504E-02  0.1626E-04  0.1389E-02  0.1362E-04  0.3041E-02  0.3687E+00  0.4413E-02  0.5948E-01  0.7338E-01  0.5116E-01  0.2988E-01  0.3310E-01  0.8432E-01  0.6682E+00  0.5617E-02
     -2.321  0.2891E-01  0.1272E-01  0.4205E-04  0.2416E-02  0.1847E-04  0.1368E-02  0.1531E-04  0.2897E-02  0.3662E+00  0.4138E-02  0.6654E-01  0.7157E-01  0.5445E-01  0.2911E-01  0.3634E-01  0.8115E-01  0.6684E+00  0.5518E-02
     -2.311  0.3445E-01  0.1327E-01  0.4527E-04  0.2485E-02  0.2141E-04  0.1407E-02  0.1743E-04  0.2802E-02  0.3776E+00  0.4061E-02  0.7479E-01  0.7417E-01  0.5949E-01  0.2968E-01  0.4013E-01  0.7932E-01  0.6866E+00  0.5604E-02
     -2.301  0.6640E-01  0.1491E-01  0.6903E-04  0.3593E-02  0.3828E-04  0.1583E-02  0.3230E-04  0.3047E-02  0.5489E+00  0.4422E-02  0.1534E+00  0.1076E+00  0.8410E-01  0.3442E-01  0.5323E-01  0.8811E-01  0.9613E+00  0.7333E-02
     -2.291  0.8382E-01  0.1879E-01  0.7937E-04  0.4927E-02  0.4591E-04  0.1980E-02  0.3789E-04  0.3470E-02  0.6182E+00  0.5143E-02  0.1735E+00  0.1479E+00  0.9609E-01  0.4355E-01  0.6282E-01  0.1024E+00  0.1046E+01  0.9380E-02
     -2.281  0.7153E-01  0.2398E-01  0.6778E-04  0.6257E-02  0.3651E-04  0.2496E-02  0.2807E-04  0.4008E-02  0.5214E+00  0.6199E-02  0.1082E+00  0.1886E+00  0.8621E-01  0.5501E-01  0.7447E-01  0.1200E+00  0.9356E+00  0.1133E-01
     -2.271  0.8823E-01  0.2899E-01  0.7370E-04  0.6978E-02  0.4094E-04  0.2959E-02  0.3098E-04  0.4307E-02  0.5484E+00  0.7083E-02  0.1065E+00  0.2121E+00  0.9323E-01  0.6471E-01  0.8293E-01  0.1302E+00  0.9122E+00  0.1206E-01
     -2.261  0.1137E+00  0.3159E-01  0.7956E-04  0.7484E-02  0.4813E-04  0.3218E-02  0.3602E-04  0.4450E-02  0.5336E+00  0.8016E-02  0.9723E-01  0.2289E+00  0.1023E+00  0.7149E-01  0.8051E-01  0.1349E+00  0.7589E+00  0.1255E-01
     -2.251  0.1285E+00  0.3196E-01  0.7186E-04  0.7821E-02  0.5455E-04  0.3295E-02  0.4086E-04  0.4467E-02  0.5668E+00  0.8964E-02  0.6687E-01  0.2403E+00  0.9819E-01  0.7559E-01  0.6472E-01  0.1354E+00  0.6241E+00  0.1296E-01
     -2.241  0.1574E+00  0.2931E-01  0.7982E-04  0.7821E-02  0.6443E-04  0.3076E-02  0.4899E-04  0.3957E-02  0.6281E+00  0.8698E-02  0.6488E-01  0.2406E+00  0.1069E+00  0.7389E-01  0.6485E-01  0.1207E+00  0.6023E+00  0.1232E-01
     -2.231  0.1914E+00  0.2681E-01  0.9350E-04  0.7001E-02  0.7462E-04  0.2762E-02  0.5793E-04  0.3377E-02  0.7042E+00  0.8323E-02  0.7172E-01  0.2164E+00  0.1181E+00  0.6797E-01  0.6979E-01  0.1043E+00  0.6184E+00  0.1038E-01
     -2.221  0.4069E+00  0.2145E-01  0.2035E-03  0.6037E-02  0.1605E-03  0.2148E-02  0.1307E-03  0.2444E-02  0.1361E+01  0.6649E-02  0.1587E+00  0.1877E+00  0.2029E+00  0.5433E-01  0.1197E+00  0.7694E-01  0.1088E+01  0.7738E-02
     -2.211  0.5163E+00  0.2112E-01  0.2437E-03  0.5632E-02  0.2180E-03  0.2048E-02  0.1697E-03  0.2409E-02  0.1640E+01  0.6676E-02  0.1461E+00  0.1759E+00  0.2669E+00  0.5159E-01  0.1455E+00  0.7599E-01  0.1394E+01  0.7208E-02
     -2.201  0.5495E+00  0.2187E-01  0.2388E-03  0.5458E-02  0.2262E-03  0.2033E-02  0.1742E-03  0.2504E-02  0.1741E+01  0.6947E-02  0.1211E+00  0.1716E+00  0.2927E+00  0.5033E-01  0.1422E+00  0.7915E-01  0.1258E+01  0.7119E-02
     -2.191  0.5764E+00  0.2295E-01  0.2360E-03  0.5288E-02  0.2282E-03  0.2050E-02  0.1752E-03  0.2607E-02  0.1857E+01  0.7206E-02  0.1108E+00  0.1672E+00  0.3147E+00  0.4969E-01  0.1372E+00  0.8266E-01  0.1092E+01  0.7115E-02
     -2.181  0.4379E+00  0.2411E-01  0.1864E-03  0.5103E-02  0.1295E-03  0.2074E-02  0.1131E-03  0.2705E-02  0.9695E+00  0.7428E-02  0.7526E-01  0.1624E+00  0.1594E+00  0.4915E-01  0.1260E+00  0.8612E-01  0.8256E+00  0.7137E-02
     -2.171  0.4663E+00  0.3904E-01  0.1928E-03  0.1384E-01  0.1209E-03  0.3329E-02  0.1087E-03  0.4204E-02  0.8904E+00  0.1100E-01  0.7452E-01  0.4580E+00  0.1522E+00  0.8655E-01  0.1312E+00  0.1354E+00  0.7836E+00  0.1815E-01
     -2.161  0.5490E+00  0.2724E-01  0.2060E-03  0.6446E-02  0.1197E-03  0.2343E-02  0.1101E-03  0.2622E-02  0.8740E+00  0.6916E-02  0.7198E-01  0.2103E+00  0.1608E+00  0.5956E-01  0.1332E+00  0.8623E-01  0.7399E+00  0.8971E-02
     -2.151  0.6489E+00  0.2717E-01  0.2357E-03  0.4528E-02  0.1234E-03  0.2258E-02  0.1112E-03  0.2107E-02  0.9080E+00  0.5529E-02  0.8546E-01  0.1492E+00  0.1973E+00  0.5353E-01  0.1601E+00  0.7132E-01  0.7131E+00  0.7399E-02
     -2.141  0.7779E+00  0.2696E-01  0.2771E-03  0.3099E-02  0.1311E-03  0.2127E-02  0.1176E-03  0.1889E-02  0.9580E+00  0.5079E-02  0.1035E+00  0.1032E+00  0.2461E+00  0.4671E-01  0.2011E+00  0.6464E-01  0.7234E+00  0.6134E-02
     -2.131  0.8135E+00  0.2707E-01  0.2586E-03  0.2859E-02  0.1217E-03  0.2111E-02  0.1099E-03  0.1828E-02  0.8779E+00  0.4990E-02  0.8975E-01  0.9580E-01  0.2404E+00  0.4592E-01  0.1747E+00  0.6293E-01  0.6344E+00  0.5946E-02
     -2.121  0.8511E+00  0.2922E-01  0.2403E-03  0.2708E-02  0.1131E-03  0.2250E-02  0.1021E-03  0.1885E-02  0.8020E+00  0.5262E-02  0.7733E-01  0.9157E-01  0.2367E+00  0.4832E-01  0.1465E+00  0.6540E-01  0.5389E+00  0.6109E-02
     -2.111  0.8659E+00  0.3155E-01  0.2097E-03  0.2578E-02  0.9921E-04  0.2404E-02  0.9277E-04  0.1949E-02  0.6653E+00  0.5579E-02  0.6674E-01  0.8793E-01  0.2425E+00  0.5106E-01  0.1251E+00  0.6817E-01  0.4388E+00  0.6313E-02
     -2.101  0.6821E+00  0.3389E-01  0.1356E-03  0.2487E-02  0.7738E-04  0.2565E-02  0.6777E-04  0.2009E-02  0.4354E+00  0.5921E-02  0.5086E-01  0.8550E-01  0.2234E+00  0.5410E-01  0.9037E-01  0.7080E-01  0.2929E+00  0.6555E-02
     -2.091  0.6847E+00  0.3656E-01  0.1181E-03  0.2433E-02  0.7189E-04  0.2747E-02  0.6447E-04  0.2104E-02  0.3805E+00  0.6336E-02  0.4554E-01  0.8434E-01  0.2342E+00  0.5749E-01  0.8085E-01  0.7466E-01  0.2423E+00  0.6882E-02
     -2.081  0.6997E+00  0.3937E-01  0.1019E-03  0.2386E-02  0.6706E-04  0.2939E-02  0.6355E-04  0.2204E-02  0.3297E+00  0.6787E-02  0.4024E-01  0.8342E-01  0.2507E+00  0.6109E-01  0.7325E-01  0.7871E-01  0.1939E+00  0.7233E-02
     -2.071  0.1388E+01  0.4232E-01  0.1474E-03  0.2345E-02  0.1052E-03  0.3142E-02  0.7643E-04  0.2308E-02  0.4112E+00  0.7273E-02  0.4334E-01  0.8268E-01  0.4671E+00  0.6490E-01  0.8231E-01  0.8293E-01  0.2254E+00  0.7605E-02
     -2.061  0.2386E+01  0.4073E-01  0.2175E-03  0.2080E-02  0.1315E-03  0.3001E-02  0.1055E-03  0.2180E-02  0.4895E+00  0.6965E-02  0.4550E-01  0.7403E-01  0.7647E+00  0.6180E-01  0.9870E-01  0.7871E-01  0.1976E+00  0.7387E-02
     -2.051  0.2823E+01  0.3730E-01  0.2244E-03  0.1740E-02  0.1428E-03  0.2713E-02  0.1387E-03  0.1945E-02  0.4326E+00  0.6334E-02  0.4858E-01  0.6279E-01  0.9416E+00  0.5559E-01  0.1190E+00  0.7073E-01  0.1721E+00  0.6872E-02
     -2.041  0.3217E+01  0.3816E-01  0.2240E-03  0.1658E-02  0.1477E-03  0.2759E-02  0.1946E-03  0.1921E-02  0.4213E+00  0.6707E-02  0.5125E-01  0.6033E-01  0.1106E+01  0.5649E-01  0.1536E+00  0.7045E-01  0.1580E+00  0.7050E-02
     -2.031  0.3434E+01  0.3609E-01  0.2113E-03  0.1550E-02  0.1345E-03  0.2638E-02  0.2714E-03  0.1695E-02  0.4943E+00  0.6396E-02  0.5380E-01  0.5626E-01  0.1179E+01  0.5513E-01  0.1943E+00  0.6282E-01  0.1584E+00  0.6792E-02
     -2.021  0.2949E+01  0.3415E-01  0.1598E-03  0.1449E-02  0.1135E-03  0.2529E-02  0.2916E-03  0.1458E-02  0.5642E+00  0.6088E-02  0.4683E-01  0.5241E-01  0.1069E+01  0.5407E-01  0.1892E+00  0.5483E-01  0.1421E+00  0.6507E-02
     -2.011  0.2420E+01  0.3041E-01  0.1480E-03  0.1373E-02  0.1242E-03  0.2233E-02  0.3451E-03  0.1287E-02  0.7035E+00  0.6233E-02  0.7648E-01  0.5002E-01  0.9752E+00  0.4810E-01  0.2246E+00  0.4867E-01  0.1814E+00  0.5872E-02
     -2.001  0.1556E+01  0.2633E-01  0.1417E-03  0.1308E-02  0.1036E-03  0.1900E-02  0.2956E-03  0.1118E-02  0.6384E+00  0.5968E-02  0.9745E-01  0.4808E-01  0.6206E+00  0.4104E-01  0.1898E+00  0.4259E-01  0.1791E+00  0.5224E-02
     -1.991  0.1412E+01  0.2133E-01  0.1547E-03  0.1223E-02  0.1076E-03  0.1524E-02  0.3350E-03  0.9707E-03  0.7378E+00  0.5659E-02  0.1162E+00  0.4500E-01  0.5735E+00  0.3345E-01  0.2170E+00  0.3707E-01  0.2174E+00  0.4618E-02
     -1.981  0.1158E+01  0.1969E-01  0.1635E-03  0.1252E-02  0.9792E-04  0.1366E-02  0.4187E-03  0.9795E-03  0.1002E+01  0.6002E-02  0.1309E+00  0.4639E-01  0.4210E+00  0.3002E-01  0.2553E+00  0.3755E-01  0.2337E+00  0.4686E-02
     -1.971  0.1377E+01  0.2055E-01  0.2732E-03  0.1370E-02  0.1670E-03  0.1393E-02  0.7987E-03  0.1061E-02  0.2236E+01  0.6571E-02  0.2342E+00  0.5109E-01  0.3990E+00  0.3058E-01  0.4449E+00  0.4094E-01  0.3929E+00  0.5217E-02
     -1.961  0.7448E+00  0.2295E-01  0.2045E-03  0.1545E-02  0.1363E-03  0.1539E-02  0.5543E-03  0.1168E-02  0.1347E+01  0.7135E-02  0.1780E+00  0.5788E-01  0.2365E+00  0.3369E-01  0.3318E+00  0.4544E-01  0.2852E+00  0.5991E-02
     -1.951  0.5760E+00  0.2515E-01  0.2016E-03  0.1733E-02  0.1375E-03  0.1675E-02  0.5651E-03  0.1263E-02  0.1352E+01  0.7607E-02  0.1775E+00  0.6510E-01  0.1835E+00  0.3674E-01  0.3368E+00  0.4957E-01  0.3644E+00  0.6773E-02
     -1.941  0.2249E+00  0.2553E-01  0.9848E-04  0.1885E-02  0.6837E-04  0.1716E-02  0.3667E-03  0.1298E-02  0.7493E+00  0.7903E-02  0.8691E-01  0.7038E-01  0.7099E-01  0.3844E-01  0.2172E+00  0.5122E-01  0.1818E+00  0.7333E-02
     -1.931  0.1951E+00  0.2029E-01  0.1058E-03  0.1493E-02  0.7697E-04  0.1378E-02  0.4092E-03  0.9978E-03  0.7273E+00  0.6878E-02  0.9259E-01  0.5595E-01  0.7441E-01  0.3190E-01  0.2476E+00  0.3965E-01  0.1805E+00  0.5953E-02
     -1.921  0.1635E+00  0.1843E-01  0.1213E-03  0.1535E-02  0.9581E-04  0.1270E-02  0.4557E-03  0.9124E-03  0.7279E+00  0.6485E-02  0.9152E-01  0.5717E-01  0.1018E+00  0.3053E-01  0.2830E+00  0.3665E-01  0.1830E+00  0.5913E-02
     -1.911  0.1229E+00  0.2079E-01  0.1491E-03  0.2784E-02  0.1175E-03  0.1609E-02  0.3819E-03  0.9498E-03  0.7426E+00  0.7956E-02  0.8051E-01  0.1027E+00  0.1511E+00  0.4545E-01  0.2376E+00  0.4003E-01  0.1778E+00  0.7020E-02
     -1.901  0.9343E-01  0.2138E-01  0.1547E-03  0.2634E-02  0.1182E-03  0.1632E-02  0.3357E-03  0.1062E-02  0.6490E+00  0.9832E-02  0.8009E-01  0.9672E-01  0.1364E+00  0.4686E-01  0.2073E+00  0.4527E-01  0.1690E+00  0.7529E-02
     -1.891  0.6621E-01  0.1473E-01  0.1512E-03  0.1817E-02  0.1122E-03  0.1081E-02  0.2836E-03  0.7496E-03  0.5308E+00  0.7083E-02  0.7811E-01  0.6844E-01  0.1169E+00  0.3046E-01  0.1732E+00  0.3098E-01  0.1553E+00  0.5135E-02
     -1.881  0.5022E-01  0.1484E-01  0.1519E-03  0.1744E-02  0.1097E-03  0.1053E-02  0.2402E-03  0.8076E-03  0.4555E+00  0.7371E-02  0.7577E-01  0.6635E-01  0.1095E+00  0.2922E-01  0.1454E+00  0.3290E-01  0.1520E+00  0.5516E-02
     -1.871  0.4026E-01  0.1653E-01  0.2163E-03  0.1784E-02  0.1564E-03  0.1226E-02  0.2942E-03  0.9125E-03  0.4457E+00  0.7831E-02  0.9708E-01  0.6840E-01  0.1522E+00  0.3673E-01  0.1805E+00  0.3636E-01  0.2212E+00  0.6342E-02
     -1.861  0.2296E-01  0.1889E-01  0.2775E-03  0.1872E-02  0.1958E-03  0.1496E-02  0.2008E-03  0.1035E-02  0.3375E+00  0.8315E-02  0.9055E-01  0.7233E-01  0.1715E+00  0.4885E-01  0.1223E+00  0.4022E-01  0.2365E+00  0.7348E-02
     -1.851  0.1625E-01  0.1466E-01  0.2157E-03  0.1401E-02  0.1332E-03  0.1135E-02  0.1737E-03  0.7520E-03  0.2802E+00  0.7512E-02  0.7092E-01  0.5401E-01  0.1048E+00  0.3705E-01  0.9990E-01  0.2927E-01  0.2199E+00  0.6039E-02
     -1.841  0.1117E-01  0.2369E-01  0.1567E-03  0.2269E-02  0.9992E-04  0.1514E-02  0.1749E-03  0.1919E-02  0.2167E+00  0.1701E-01  0.5544E-01  0.9097E-01  0.7587E-01  0.4670E-01  0.9985E-01  0.7061E-01  0.1841E+00  0.1293E-01
     -1.831  0.1391E-01  0.2100E-01  0.2332E-03  0.2275E-02  0.1477E-03  0.1420E-02  0.2779E-03  0.1263E-02  0.2275E+00  0.1347E-01  0.8025E-01  0.9164E-01  0.1045E+00  0.4539E-01  0.1494E+00  0.4795E-01  0.2496E+00  0.1050E-01
     -1.821  0.1080E-01  0.2840E-01  0.1232E-03  0.3276E-02  0.7611E-04  0.1970E-02  0.1086E-03  0.1019E-02  0.1665E+00  0.1554E-01  0.4418E-01  0.1325E+00  0.5062E-01  0.6246E-01  0.6092E-01  0.4223E-01  0.2188E+00  0.1259E-01
     -1.811  0.9701E-02  0.1531E-01  0.1618E-03  0.1440E-02  0.8737E-04  0.1214E-02  0.1448E-03  0.5452E-03  0.1559E+00  0.5924E-02  0.5238E-01  0.5756E-01  0.4816E-01  0.4291E-01  0.7213E-01  0.2274E-01  0.2012E+00  0.6873E-02
     -1.801  0.1207E-01  0.1400E-01  0.2137E-03  0.2476E-02  0.9477E-04  0.1077E-02  0.2305E-03  0.5829E-03  0.2133E+00  0.9506E-02  0.7204E-01  0.1012E+00  0.4773E-01  0.3901E-01  0.1098E+00  0.2555E-01  0.2247E+00  0.6989E-02
     -1.791  0.1185E-01  0.1569E-01  0.2365E-03  0.1494E-02  0.1052E-03  0.1089E-02  0.2316E-03  0.6145E-03  0.2041E+00  0.8072E-02  0.7638E-01  0.6061E-01  0.4920E-01  0.3633E-01  0.1087E+00  0.2582E-01  0.2247E+00  0.8119E-02
     -1.780  0.1020E-01  0.1931E-01  0.2363E-03  0.1340E-02  0.1070E-03  0.1332E-02  0.1901E-03  0.9664E-03  0.1787E+00  0.9311E-02  0.7320E-01  0.5446E-01  0.4681E-01  0.4537E-01  0.8924E-01  0.3875E-01  0.2065E+00  0.1061E-01
     -1.770  0.9091E-02  0.2355E-01  0.2467E-03  0.1602E-02  0.1129E-03  0.1656E-02  0.1601E-03  0.9642E-03  0.1635E+00  0.1114E-01  0.7454E-01  0.6540E-01  0.4515E-01  0.5805E-01  0.7480E-01  0.3865E-01  0.1978E+00  0.1373E-01
     -1.760  0.8818E-02  0.1647E-01  0.2676E-03  0.1233E-02  0.1227E-03  0.1142E-02  0.1530E-03  0.5684E-03  0.1621E+00  0.7563E-02  0.8001E-01  0.5124E-01  0.4584E-01  0.4033E-01  0.7065E-01  0.2340E-01  0.2028E+00  0.9527E-02
     -1.750  0.9397E-02  0.1096E-01  0.2998E-03  0.9504E-03  0.1368E-03  0.7260E-03  0.1689E-03  0.3194E-03  0.1713E+00  0.5353E-02  0.8956E-01  0.4085E-01  0.4902E-01  0.2567E-01  0.7658E-01  0.1398E-01  0.2232E+00  0.6396E-02
     -1.740  0.1414E-01  0.1281E-01  0.4143E-03  0.1217E-02  0.1721E-03  0.8154E-03  0.2071E-03  0.3907E-03  0.2044E+00  0.8499E-02  0.1281E+00  0.5347E-01  0.6260E-01  0.2909E-01  0.9489E-01  0.1674E-01  0.3637E+00  0.8382E-02
     -1.730  0.1839E-01  0.1818E-01  0.4604E-03  0.1691E-02  0.1938E-03  0.1062E-02  0.2541E-03  0.5895E-03  0.2359E+00  0.1224E-01  0.1444E+00  0.7557E-01  0.7202E-01  0.3670E-01  0.1155E+00  0.2468E-01  0.4884E+00  0.1284E-01
     -1.720  0.2165E-01  0.1354E-01  0.4965E-03  0.1269E-02  0.2132E-03  0.7848E-03  0.2981E-03  0.4211E-03  0.2559E+00  0.9425E-02  0.1582E+00  0.5760E-01  0.7769E-01  0.2738E-01  0.1339E+00  0.1802E-01  0.5755E+00  0.1031E-01
     -1.710  0.2580E-01  0.8538E-02  0.5587E-03  0.9131E-03  0.2440E-03  0.4879E-03  0.3505E-03  0.2623E-03  0.2997E+00  0.7385E-02  0.1818E+00  0.4284E-01  0.8525E-01  0.1770E-01  0.1557E+00  0.1145E-01  0.6817E+00  0.7867E-02
     -1.700  0.3404E-01  0.8092E-02  0.8512E-03  0.9048E-03  0.2970E-03  0.4547E-03  0.4475E-03  0.2416E-03  0.4185E+00  0.7706E-02  0.2856E+00  0.4312E-01  0.1009E+00  0.1677E-01  0.1919E+00  0.1060E-01  0.8547E+00  0.8232E-02
     -1.690  0.4899E-01  0.8329E-02  0.1132E-02  0.9381E-03  0.2771E-03  0.4603E-03  0.6137E-03  0.2404E-03  0.4595E+00  0.8293E-02  0.4141E+00  0.4517E-01  0.1067E+00  0.1708E-01  0.2456E+00  0.1058E-01  0.1195E+01  0.9024E-02
     -1.680  0.1869E-01  0.8582E-02  0.7377E-03  0.9694E-03  0.2804E-03  0.4660E-03  0.3347E-03  0.2402E-03  0.2435E+00  0.8877E-02  0.2301E+00  0.4715E-01  0.3861E-01  0.1737E-01  0.1214E+00  0.1061E-01  0.4190E+00  0.9857E-02
     -1.670  0.2045E-01  0.8898E-02  0.9028E-03  0.1016E-02  0.3419E-03  0.4695E-03  0.3743E-03  0.2603E-03  0.2933E+00  0.1023E-01  0.2788E+00  0.4994E-01  0.4738E-01  0.1750E-01  0.1326E+00  0.1136E-01  0.4482E+00  0.1190E-01
     -1.660  0.5554E-01  0.1093E-01  0.1393E-02  0.1326E-02  0.5945E-03  0.5371E-03  0.5370E-03  0.3484E-03  0.4375E+00  0.1719E-01  0.4622E+00  0.6688E-01  0.6940E-01  0.1970E-01  0.1877E+00  0.1511E-01  0.1112E+01  0.2244E-01
     -1.650  0.6397E-01  0.1466E-01  0.1625E-02  0.2007E-02  0.7701E-03  0.7468E-03  0.6887E-03  0.4447E-03  0.6510E+00  0.3264E-01  0.5367E+00  0.1000E+00  0.8417E-01  0.2823E-01  0.2361E+00  0.2021E-01  0.1247E+01  0.3724E-01
     -1.640  0.6928E-01  0.1323E-01  0.1739E-02  0.1702E-02  0.9472E-03  0.6541E-03  0.7831E-03  0.4589E-03  0.9288E+00  0.3271E-01  0.5355E+00  0.8554E-01  0.9029E-01  0.2484E-01  0.2724E+00  0.1971E-01  0.1345E+01  0.3998E-01
     -1.630  0.5844E-01  0.1154E-01  0.1542E-02  0.1252E-02  0.9236E-03  0.5272E-03  0.7857E-03  0.4503E-03  0.8180E+00  0.2983E-01  0.4414E+00  0.6390E-01  0.9202E-01  0.1909E-01  0.2647E+00  0.1891E-01  0.1150E+01  0.3945E-01
     -1.620  0.6660E-01  0.1084E-01  0.1723E-02  0.1014E-02  0.1245E-02  0.4815E-03  0.1029E-02  0.3969E-03  0.1051E+01  0.2815E-01  0.4494E+00  0.5272E-01  0.1236E+00  0.1704E-01  0.3388E+00  0.1728E-01  0.1371E+01  0.3960E-01
     -1.610  0.8707E-01  0.1047E-01  0.1471E-02  0.8508E-03  0.1372E-02  0.4609E-03  0.1258E-02  0.3426E-03  0.1409E+01  0.2646E-01  0.3808E+00  0.4537E-01  0.1165E+00  0.1623E-01  0.3965E+00  0.1582E-01  0.1757E+01  0.4052E-01
     -1.600  0.6312E-01  0.1039E-01  0.1119E-02  0.7784E-03  0.7013E-03  0.4531E-03  0.1066E-02  0.3194E-03  0.9468E+00  0.2740E-01  0.2418E+00  0.4224E-01  0.5761E-01  0.1598E-01  0.2965E+00  0.1550E-01  0.1107E+01  0.4426E-01
     -1.590  0.5986E-01  0.1038E-01  0.1596E-02  0.7275E-03  0.7296E-03  0.4459E-03  0.1305E-02  0.3047E-03  0.9271E+00  0.2915E-01  0.2939E+00  0.4016E-01  0.7660E-01  0.1575E-01  0.3419E+00  0.1552E-01  0.9944E+00  0.4958E-01
     -1.580  0.4992E-01  0.1159E-01  0.1837E-02  0.6396E-03  0.6594E-03  0.4473E-03  0.1424E-02  0.3192E-03  0.8596E+00  0.3942E-01  0.3104E+00  0.3728E-01  0.8277E-01  0.1464E-01  0.3604E+00  0.1857E-01  0.7835E+00  0.7639E-01
     -1.570  0.3620E-01  0.1279E-01  0.1962E-02  0.8642E-03  0.5705E-03  0.5340E-03  0.1318E-02  0.3646E-03  0.7189E+00  0.4864E-01  0.2896E+00  0.4837E-01  0.8081E-01  0.1955E-01  0.3225E+00  0.2329E-01  0.5252E+00  0.1007E+00
     -1.560  0.3010E-01  0.1397E-01  0.2050E-02  0.1019E-02  0.5292E-03  0.6129E-03  0.1192E-02  0.4163E-03  0.6529E+00  0.6109E-01  0.2836E+00  0.5429E-01  0.7954E-01  0.2314E-01  0.2860E+00  0.2953E-01  0.4145E+00  0.1179E+00
     -1.550  0.1963E-01  0.1129E-01  0.2080E-02  0.9489E-03  0.4255E-03  0.5865E-03  0.8083E-03  0.3420E-03  0.4107E+00  0.5956E-01  0.2762E+00  0.4467E-01  0.7359E-01  0.2356E-01  0.1800E+00  0.2603E-01  0.2628E+00  0.6135E-01
     -1.540  0.1691E-01  0.1248E-01  0.1510E-02  0.9519E-03  0.3716E-03  0.6378E-03  0.7514E-03  0.3098E-03  0.3616E+00  0.7059E-01  0.2022E+00  0.4401E-01  0.5698E-01  0.2508E-01  0.1612E+00  0.2637E-01  0.2255E+00  0.6731E-01
     -1.530  0.1729E-01  0.1666E-01  0.8791E-03  0.8882E-03  0.3138E-03  0.7592E-03  0.7529E-03  0.2995E-03  0.4092E+00  0.1166E+00  0.1210E+00  0.3745E-01  0.3676E-01  0.2584E-01  0.1545E+00  0.2973E-01  0.2311E+00  0.7376E-01
     -1.520  0.2009E-01  0.1322E-01  0.8761E-03  0.7865E-03  0.3148E-03  0.5938E-03  0.9140E-03  0.3247E-03  0.5515E+00  0.1127E+00  0.1147E+00  0.3003E-01  0.3339E-01  0.2166E-01  0.1735E+00  0.2662E-01  0.2696E+00  0.8461E-01
     -1.510  0.1992E-01  0.5433E-02  0.1066E-02  0.4697E-03  0.3271E-03  0.2256E-03  0.9799E-03  0.2038E-03  0.5749E+00  0.3302E-01  0.1350E+00  0.1930E-01  0.3757E-01  0.8986E-02  0.1730E+00  0.1426E-01  0.2713E+00  0.2703E-01
     -1.500  0.1818E-01  0.6136E-02  0.1187E-02  0.4656E-03  0.3310E-03  0.2376E-03  0.1005E-02  0.2082E-03  0.5451E+00  0.3173E-01  0.1476E+00  0.1916E-01  0.4032E-01  0.9276E-02  0.1650E+00  0.1520E-01  0.2510E+00  0.2525E-01
     -1.490  0.1794E-01  0.7171E-02  0.1351E-02  0.4136E-03  0.3500E-03  0.2479E-03  0.1053E-02  0.2121E-03  0.5505E+00  0.2719E-01  0.1663E+00  0.1757E-01  0.4363E-01  0.9492E-02  0.1647E+00  0.1597E-01  0.2473E+00  0.2042E-01
     -1.480  0.1632E-01  0.8929E-02  0.1434E-02  0.4478E-03  0.3796E-03  0.2823E-03  0.1115E-02  0.3128E-03  0.5053E+00  0.2543E-01  0.1753E+00  0.1899E-01  0.4779E-01  0.1069E-01  0.1644E+00  0.2311E-01  0.2251E+00  0.2386E-01
     -1.470  0.1210E-01  0.1194E-01  0.1269E-02  0.7613E-03  0.3670E-03  0.3531E-03  0.1095E-02  0.5366E-03  0.3594E+00  0.4131E-01  0.1515E+00  0.3007E-01  0.4593E-01  0.1347E-01  0.1557E+00  0.4235E-01  0.1630E+00  0.6038E-01
     -1.460  0.8567E-02  0.3163E-01  0.1096E-02  0.9668E-03  0.3269E-03  0.1029E-02  0.1058E-02  0.8625E-03  0.2365E+00  0.1200E+00  0.1263E+00  0.4115E-01  0.4050E-01  0.4661E-01  0.1458E+00  0.6586E-01  0.1102E+00  0.9332E-01
     -1.450  0.7046E-02  0.1740E-01  0.1098E-02  0.7064E-03  0.3281E-03  0.5288E-03  0.1070E-02  0.3865E-03  0.1886E+00  0.6746E-01  0.1227E+00  0.3018E-01  0.4105E-01  0.2213E-01  0.1436E+00  0.3168E-01  0.8777E-01  0.4826E-01
     -1.440  0.5627E-02  0.1672E-01  0.1127E-02  0.6215E-03  0.3473E-03  0.4924E-03  0.1146E-02  0.3187E-03  0.1462E+00  0.5224E-01  0.1228E+00  0.2734E-01  0.4408E-01  0.2031E-01  0.1461E+00  0.2632E-01  0.6741E-01  0.3577E-01
     -1.430  0.4997E-02  0.1791E-01  0.1341E-02  0.6480E-03  0.3936E-03  0.5135E-03  0.1323E-02  0.3249E-03  0.1298E+00  0.5567E-01  0.1419E+00  0.2948E-01  0.5013E-01  0.2098E-01  0.1586E+00  0.2593E-01  0.5873E-01  0.3065E-01
     -1.420  0.4670E-02  0.1918E-01  0.1589E-02  0.6944E-03  0.4298E-03  0.5374E-03  0.1477E-02  0.3458E-03  0.1227E+00  0.6056E-01  0.1642E+00  0.3204E-01  0.5460E-01  0.2181E-01  0.1702E+00  0.2707E-01  0.5425E-01  0.2983E-01
     -1.410  0.4524E-02  0.2275E-01  0.1842E-02  0.8260E-03  0.4762E-03  0.6110E-03  0.1716E-02  0.4337E-03  0.1142E+00  0.7288E-01  0.1885E+00  0.3841E-01  0.5971E-01  0.2452E-01  0.1925E+00  0.3436E-01  0.5120E-01  0.3682E-01
     -1.400  0.4531E-02  0.3183E-01  0.2117E-02  0.1106E-02  0.5374E-03  0.8067E-03  0.2038E-02  0.6521E-03  0.1060E+00  0.1053E+00  0.2162E+00  0.5321E-01  0.6627E-01  0.3153E-01  0.2252E+00  0.5471E-01  0.4946E-01  0.5713E-01
     -1.390  0.4539E-02  0.3799E-01  0.2405E-02  0.1302E-02  0.5983E-03  0.8914E-03  0.2372E-02  0.7904E-03  0.9861E-01  0.1010E+00  0.2448E+00  0.6268E-01  0.7275E-01  0.3272E-01  0.2589E+00  0.7057E-01  0.4818E-01  0.7233E-01
     -1.380  0.4614E-02  0.3384E-01  0.3007E-02  0.1254E-02  0.6591E-03  0.7389E-03  0.2813E-02  0.6316E-03  0.9322E-01  0.7246E-01  0.2976E+00  0.6239E-01  0.7890E-01  0.2591E-01  0.3023E+00  0.5874E-01  0.4991E-01  0.6143E-01
     -1.370  0.5237E-02  0.2850E-01  0.3986E-02  0.9417E-03  0.7759E-03  0.6084E-03  0.3650E-02  0.4380E-03  0.9677E-01  0.3934E-01  0.3872E+00  0.4863E-01  0.9102E-01  0.2141E-01  0.3921E+00  0.3884E-01  0.5829E-01  0.3609E-01
     -1.360  0.4609E-02  0.2786E-01  0.4289E-02  0.7504E-03  0.7207E-03  0.5769E-03  0.3518E-02  0.3266E-03  0.9546E-01  0.2856E-01  0.4011E+00  0.4094E-01  0.8405E-01  0.2038E-01  0.3602E+00  0.2704E-01  0.5638E-01  0.2173E-01
     -1.350  0.3281E-02  0.2930E-01  0.4419E-02  0.6838E-03  0.5687E-03  0.5969E-03  0.2866E-02  0.2776E-03  0.9033E-01  0.2511E-01  0.3885E+00  0.3907E-01  0.6662E-01  0.2110E-01  0.2617E+00  0.2214E-01  0.5048E-01  0.1544E-01
     -1.340  0.2612E-02  0.2847E-01  0.4766E-02  0.6482E-03  0.5006E-03  0.5670E-03  0.2642E-02  0.2608E-03  0.8937E-01  0.2301E-01  0.4031E+00  0.3754E-01  0.5870E-01  0.1983E-01  0.2174E+00  0.2080E-01  0.4967E-01  0.1430E-01
     -1.330  0.2704E-02  0.2755E-01  0.5305E-02  0.6128E-03  0.5360E-03  0.5356E-03  0.2947E-02  0.2442E-03  0.9254E-01  0.2100E-01  0.4452E+00  0.3598E-01  0.6227E-01  0.1853E-01  0.2401E+00  0.1946E-01  0.5400E-01  0.1322E-01
     -1.320  0.2234E-02  0.2689E-01  0.3911E-02  0.5769E-03  0.5659E-03  0.5069E-03  0.2794E-02  0.2317E-03  0.8100E-01  0.1926E-01  0.3278E+00  0.3420E-01  0.6502E-01  0.1730E-01  0.2242E+00  0.1847E-01  0.4402E-01  0.1245E-01
     -1.310  0.1752E-02  0.2624E-01  0.2438E-02  0.5404E-03  0.6349E-03  0.4782E-03  0.2753E-02  0.2202E-03  0.6997E-01  0.1762E-01  0.2049E+00  0.3232E-01  0.7225E-01  0.1606E-01  0.2171E+00  0.1756E-01  0.3489E-01  0.1174E-01
     -1.300  0.1731E-02  0.2552E-01  0.2432E-02  0.5036E-03  0.7128E-03  0.4485E-03  0.3084E-02  0.2089E-03  0.7120E-01  0.1603E-01  0.2029E+00  0.3039E-01  0.8044E-01  0.1479E-01  0.2403E+00  0.1666E-01  0.3667E-01  0.1103E-01
     -1.290  0.1708E-02  0.2509E-01  0.2423E-02  0.4821E-03  0.7885E-03  0.4215E-03  0.3411E-02  0.2022E-03  0.7245E-01  0.1502E-01  0.2008E+00  0.2937E-01  0.8832E-01  0.1361E-01  0.2629E+00  0.1615E-01  0.3843E-01  0.1061E-01
     -1.280  0.1682E-02  0.2462E-01  0.2415E-02  0.4600E-03  0.8697E-03  0.3936E-03  0.3752E-02  0.1956E-03  0.7349E-01  0.1405E-01  0.1988E+00  0.2829E-01  0.9651E-01  0.1239E-01  0.2843E+00  0.1565E-01  0.4061E-01  0.1019E-01
     -1.270  0.2510E-02  0.2409E-01  0.3529E-02  0.4374E-03  0.2243E-02  0.3648E-03  0.7046E-02  0.1890E-03  0.1100E+00  0.1313E-01  0.2682E+00  0.2716E-01  0.2396E+00  0.1115E-01  0.4977E+00  0.1514E-01  0.6714E-01  0.9762E-02
     -1.260  0.3102E-02  0.2351E-01  0.4316E-02  0.4143E-03  0.3284E-02  0.3352E-03  0.9979E-02  0.1824E-03  0.1357E+00  0.1225E-01  0.3151E+00  0.2598E-01  0.3450E+00  0.9883E-02  0.6789E+00  0.1463E-01  0.9191E-01  0.9338E-02
     -1.250  0.3536E-02  0.2288E-01  0.4765E-02  0.3906E-03  0.4087E-02  0.3048E-03  0.1279E-01  0.1759E-03  0.1549E+00  0.1141E-01  0.3390E+00  0.2474E-01  0.4243E+00  0.8586E-02  0.8498E+00  0.1413E-01  0.1160E+00  0.8915E-02
     -1.240  0.3437E-02  0.2223E-01  0.4675E-02  0.3685E-03  0.4315E-02  0.2739E-03  0.1474E-01  0.1677E-03  0.1693E+00  0.1058E-01  0.3271E+00  0.2384E-01  0.4461E+00  0.7293E-02  0.9632E+00  0.1351E-01  0.1348E+00  0.8465E-02
     -1.230  0.2211E-02  0.2284E-01  0.3183E-02  0.3718E-03  0.2997E-02  0.2716E-03  0.1494E-01  0.1611E-03  0.1709E+00  0.1005E-01  0.2360E+00  0.2476E-01  0.3140E+00  0.7095E-02  0.9546E+00  0.1306E-01  0.1474E+00  0.8085E-02
     -1.220  0.1559E-02  0.2427E-01  0.2483E-02  0.3847E-03  0.2608E-02  0.2793E-03  0.1639E-01  0.1594E-03  0.1827E+00  0.1022E-01  0.1934E+00  0.2614E-01  0.2765E+00  0.7121E-02  0.1019E+01  0.1280E-01  0.1668E+00  0.7787E-02
     -1.210  0.1520E-02  0.2476E-01  0.2475E-02  0.3899E-03  0.3237E-02  0.2763E-03  0.2034E-01  0.1544E-03  0.2204E+00  0.1026E-01  0.1974E+00  0.2681E-01  0.3428E+00  0.6915E-02  0.1224E+01  0.1240E-01  0.2087E+00  0.7546E-02
     -1.200  0.1168E-02  0.2445E-01  0.1961E-02  0.3857E-03  0.2457E-02  0.2649E-03  0.1178E-01  0.1471E-03  0.1267E+00  0.1016E-01  0.1578E+00  0.2671E-01  0.2554E+00  0.6554E-02  0.6646E+00  0.1189E-01  0.1304E+00  0.7299E-02
     -1.190  0.9034E-03  0.2449E-01  0.1577E-02  0.3829E-03  0.1962E-02  0.2573E-03  0.8603E-02  0.1418E-03  0.9162E-01  0.1010E-01  0.1291E+00  0.2670E-01  0.2033E+00  0.6276E-02  0.4685E+00  0.1154E-01  0.9894E-01  0.7064E-02
     -1.180  0.8949E-03  0.2645E-01  0.1449E-02  0.3932E-03  0.2475E-02  0.2700E-03  0.9941E-02  0.1508E-03  0.1101E+00  0.1032E-01  0.1276E+00  0.2763E-01  0.2562E+00  0.6460E-02  0.5145E+00  0.1243E-01  0.1142E+00  0.6933E-02
     -1.170  0.7777E-03  0.2827E-01  0.1431E-02  0.4082E-03  0.2802E-02  0.2800E-03  0.1135E-01  0.1594E-03  0.1352E+00  0.1062E-01  0.1325E+00  0.2890E-01  0.2911E+00  0.6579E-02  0.5706E+00  0.1326E-01  0.1326E+00  0.6848E-02
     -1.160  0.9820E-02  0.3335E-01  0.4508E-01  0.4019E-03  0.2000E-01  0.3040E-03  0.1181E+00  0.1621E-03  0.5943E+00  0.1036E-01  0.3084E+01  0.2964E-01  0.1985E+01  0.6609E-02  0.5977E+01  0.1343E-01  0.1558E+01  0.6386E-02
     -1.150  0.1192E-01  0.3979E-01  0.1274E-01  0.4373E-03  0.2610E-01  0.3127E-03  0.7831E-01  0.1601E-03  0.6137E+00  0.1302E-01  0.9294E+00  0.3164E-01  0.2422E+01  0.5626E-02  0.3897E+01  0.1238E-01  0.6902E+00  0.6111E-02
     -1.140  0.5529E-02  0.4328E-01  0.9935E-02  0.4307E-03  0.9959E-02  0.3273E-03  0.2211E-01  0.1564E-03  0.1521E+00  0.1321E-01  0.7306E+00  0.3154E-01  0.9133E+00  0.5523E-02  0.1074E+01  0.1207E-01  0.2491E+00  0.5969E-02
     -1.130  0.6744E-02  0.4670E-01  0.1722E-01  0.4220E-03  0.1146E-01  0.3424E-03  0.1680E-01  0.1523E-03  0.1236E+00  0.1329E-01  0.1249E+01  0.3135E-01  0.1045E+01  0.5456E-02  0.8112E+00  0.1176E-01  0.2376E+00  0.5820E-02
     -1.120  0.4182E-02  0.5082E-01  0.1170E-01  0.4249E-03  0.7172E-02  0.3682E-03  0.8879E-02  0.1523E-03  0.7266E-01  0.1355E-01  0.8316E+00  0.3211E-01  0.6497E+00  0.5715E-02  0.4324E+00  0.1175E-01  0.1385E+00  0.5886E-02
     -1.110  0.2204E-02  0.6681E-01  0.2359E-02  0.4942E-03  0.3768E-02  0.4809E-03  0.3344E-02  0.1967E-03  0.2907E-01  0.1929E-01  0.1744E+00  0.3707E-01  0.3291E+00  0.7758E-02  0.1515E+00  0.1480E-01  0.4261E-01  0.6061E-02
     -1.100  0.1104E-02  0.8825E-01  0.1178E-02  0.4872E-03  0.1539E-02  0.5650E-03  0.4730E-03  0.1801E-03  0.7629E-02  0.2065E-01  0.7912E-01  0.3736E-01  0.1289E+00  0.8071E-02  0.1658E-01  0.1315E-01  0.1138E-01  0.5648E-02
     -1.090  0.8144E-03  0.1012E+00  0.8733E-03  0.4201E-03  0.1088E-02  0.5942E-03  0.3213E-03  0.1475E-03  0.5895E-02  0.1667E-01  0.5820E-01  0.3373E-01  0.9073E-01  0.7148E-02  0.1110E-01  0.1094E-01  0.7997E-02  0.5282E-02
     -1.080  0.2051E-02  0.1152E+00  0.2085E-01  0.4027E-03  0.4800E-02  0.6495E-03  0.9557E-03  0.1411E-03  0.7780E-01  0.1701E-01  0.9924E+00  0.3292E-01  0.3468E+00  0.7251E-02  0.6364E-01  0.1035E-01  0.5280E-01  0.4980E-02
     -1.070  0.2683E-02  0.1286E+00  0.2256E-01  0.3817E-03  0.6576E-02  0.6980E-03  0.1251E-02  0.1349E-03  0.8430E-01  0.1720E-01  0.1051E+01  0.3167E-01  0.4788E+00  0.7184E-02  0.1020E+00  0.9742E-02  0.5619E-01  0.4669E-02
     -1.060  0.1918E-02  0.1423E+00  0.2037E-01  0.3611E-03  0.4661E-02  0.7474E-03  0.1251E-02  0.1288E-03  0.7753E-01  0.1743E-01  0.9733E+00  0.3043E-01  0.3335E+00  0.7092E-02  0.1045E+00  0.9125E-02  0.5100E-01  0.4366E-02
     -1.050  0.1536E-02  0.1587E+00  0.1688E-01  0.3607E-03  0.3749E-02  0.8134E-03  0.1511E-02  0.1269E-03  0.6746E-01  0.1826E-01  0.8279E+00  0.3090E-01  0.2714E+00  0.7298E-02  0.1290E+00  0.8837E-02  0.4169E-01  0.4178E-02
     -1.040  0.1300E-02  0.1782E+00  0.1596E-01  0.3842E-03  0.3034E-02  0.8983E-03  0.1857E-02  0.1304E-03  0.7036E-01  0.1979E-01  0.8060E+00  0.3341E-01  0.2202E+00  0.7814E-02  0.1554E+00  0.8951E-02  0.3812E-01  0.4137E-02
     -1.030  0.1252E-02  0.2152E+00  0.1576E-01  0.4673E-03  0.2813E-02  0.1067E-02  0.2251E-02  0.1667E-03  0.7549E-01  0.2263E-01  0.8139E+00  0.4078E-01  0.2063E+00  0.8801E-02  0.1877E+00  0.1174E-01  0.3655E-01  0.4802E-02
     -1.020  0.1634E-02  0.2563E+00  0.1842E-01  0.5674E-03  0.3511E-02  0.1252E-02  0.4663E-02  0.2072E-03  0.1151E+00  0.2570E-01  0.9923E+00  0.4960E-01  0.2636E+00  0.9857E-02  0.3709E+00  0.1466E-01  0.3554E-01  0.5621E-02
     -1.010  0.2295E-02  0.2987E+00  0.2280E-01  0.6741E-03  0.4992E-02  0.1439E-02  0.8122E-02  0.2465E-03  0.1733E+00  0.2876E-01  0.1286E+01  0.5904E-01  0.3834E+00  0.1083E-01  0.6438E+00  0.1730E-01  0.3516E-01  0.6470E-02
     -1.000  0.2660E-02  0.3790E+00  0.2125E-01  0.9556E-03  0.5105E-02  0.1796E-02  0.9327E-02  0.3397E-03  0.2062E+00  0.3826E-01  0.1218E+01  0.8401E-01  0.3888E+00  0.1315E-01  0.7272E+00  0.2435E-01  0.1915E-01  0.8603E-02
     -0.990  0.3574E-02  0.4046E+00  0.1001E-01  0.7762E-03  0.1179E-01  0.1774E-02  0.9994E-02  0.3045E-03  0.1005E+00  0.3571E-01  0.6156E+00  0.6267E-01  0.8690E+00  0.9073E-02  0.8238E+00  0.2094E-01  0.1482E-01  0.5769E-02
     -0.980  0.3048E-02  0.2004E+00  0.4879E-02  0.1716E-03  0.1228E-01  0.8641E-03  0.8570E-02  0.8558E-04  0.5403E-01  0.1191E-01  0.3021E+00  0.1266E-01  0.8872E+00  0.3854E-02  0.7000E+00  0.4817E-02  0.1272E-01  0.1291E-02
     -0.970  0.2593E-02  0.1652E+00  0.5151E-02  0.1060E-03  0.1106E-01  0.6872E-03  0.7176E-02  0.6309E-04  0.4289E-01  0.8027E-02  0.2495E+00  0.6506E-02  0.7795E+00  0.2532E-02  0.5615E+00  0.3442E-02  0.1664E-01  0.4663E-03
     -0.960  0.1684E-02  0.1170E+00  0.4154E-02  0.6271E-04  0.7437E-02  0.4530E-03  0.5789E-02  0.4421E-04  0.3262E-01  0.3544E-02  0.1735E+00  0.3011E-02  0.5132E+00  0.1041E-02  0.4142E+00  0.2317E-02  0.1733E-01  0.3082E-03
     -0.950  0.1414E-02  0.7620E-01  0.3649E-02  0.3106E-04  0.6266E-02  0.2726E-03  0.5396E-02  0.2747E-04  0.3160E-01  0.7805E-03  0.1398E+00  0.8161E-03  0.4256E+00  0.2043E-03  0.3647E+00  0.1330E-02  0.1819E-01  0.1705E-03
     -0.940  0.1131E-02  0.0000E+00  0.3221E-02  0.0000E+00  0.5343E-02  0.0000E+00  0.4394E-02  0.0000E+00  0.2592E-01  0.0000E+00  0.1154E+00  0.0000E+00  0.3592E+00  0.0000E+00  0.2942E+00  0.0000E+00  0.1523E-01  0.0000E+00
     -0.930  0.9568E-03  0.1008E+00  0.3986E-02  0.5374E-04  0.4771E-02  0.2575E-03  0.3020E-02  0.1556E-04  0.1949E-01  0.4072E-02  0.1361E+00  0.2385E-02  0.3151E+00  0.1415E-02  0.2095E+00  0.1613E-02  0.1203E-01  0.7289E-03
     -0.920  0.9147E-03  0.2883E+01  0.4964E-02  0.7971E-03  0.4513E-02  0.8529E-02  0.2375E-02  0.2577E-03  0.1797E-01  0.1773E-01  0.1636E+00  0.2188E-01  0.2910E+00  0.1266E-01  0.1655E+00  0.8411E-02  0.1221E-01  0.5797E-02
     -0.910  0.9459E-03  0.3589E+01  0.6123E-02  0.1148E-02  0.4480E-02  0.9820E-02  0.2125E-02  0.4042E-03  0.1888E-01  0.2984E-01  0.1973E+00  0.3718E-01  0.2815E+00  0.3000E-01  0.1446E+00  0.1586E-01  0.1408E-01  0.1004E-01
     -0.900  0.9719E-03  0.3510E+01  0.7041E-02  0.1378E-02  0.4811E-02  0.8696E-02  0.2094E-02  0.4516E-03  0.1852E-01  0.2811E-01  0.2216E+00  0.4601E-01  0.2977E+00  0.5386E-01  0.1435E+00  0.1379E-01  0.1573E-01  0.9569E-02
     -0.890  0.9633E-03  0.2321E+01  0.7543E-02  0.1022E-02  0.5056E-02  0.5235E-02  0.1982E-02  0.2959E-03  0.1679E-01  0.1404E-01  0.2286E+00  0.2903E-01  0.3087E+00  0.5757E-01  0.1372E+00  0.4524E-02  0.1711E-01  0.3439E-02
     -0.880  0.8237E-04  0.1562E+01  0.3838E-03  0.8696E-03  0.9399E-03  0.3253E-02  0.1988E-03  0.2092E-03  0.1611E-02  0.1014E-01  0.1114E-01  0.2586E-01  0.6038E-01  0.5433E-01  0.1600E-01  0.1331E-02  0.1111E-02  0.1352E-02
     -0.870  0.1403E-03  0.0000E+00  0.3850E-03  0.0000E+00  0.2485E-02  0.0000E+00  0.1693E-03  0.0000E+00  0.2168E-02  0.0000E+00  0.2203E-01  0.0000E+00  0.1586E+00  0.0000E+00  0.1869E-01  0.0000E+00  0.1961E-02  0.0000E+00
     -0.860  0.2575E-03  0.7713E+00  0.7672E-03  0.3842E-03  0.4543E-02  0.1240E-02  0.3534E-03  0.1561E-03  0.4540E-02  0.8617E-02  0.4048E-01  0.1430E-01  0.2884E+00  0.5479E-01  0.3576E-01  0.7368E-03  0.3521E-02  0.4287E-03
     -0.850  0.3821E-03  0.9939E+00  0.1549E-02  0.6383E-03  0.5549E-02  0.1457E-02  0.5752E-03  0.2168E-03  0.8329E-02  0.1557E-01  0.5532E-01  0.2995E-01  0.3403E+00  0.9200E-01  0.4671E-01  0.4432E-02  0.3468E-02  0.1066E-02
     -0.840  0.6466E-03  0.8763E+00  0.3052E-02  0.6999E-03  0.8229E-02  0.1140E-02  0.9025E-03  0.2411E-03  0.1555E-01  0.1184E-01  0.8697E-01  0.3494E-01  0.4883E+00  0.1028E+00  0.6426E-01  0.4869E-02  0.3826E-02  0.7856E-03
     -0.830  0.8635E-03  0.9053E+00  0.4595E-02  0.9509E-03  0.9878E-02  0.9896E-03  0.1252E-02  0.3460E-03  0.2265E-01  0.1364E-01  0.1257E+00  0.5260E-01  0.5740E+00  0.1374E+00  0.7872E-01  0.7041E-02  0.4107E-02  0.9526E-03
     -0.820  0.1435E-02  0.4852E+00  0.7848E-02  0.5851E-03  0.1416E-01  0.5110E-03  0.1706E-02  0.1969E-03  0.3804E-01  0.1212E-01  0.1891E+00  0.3689E-01  0.7897E+00  0.8375E-01  0.8467E-01  0.6239E-02  0.3790E-02  0.1300E-02
     -0.810  0.2102E-02  0.4178E+00  0.1167E-01  0.5694E-03  0.1897E-01  0.3999E-03  0.2301E-02  0.2007E-03  0.5787E-01  0.1353E-01  0.2624E+00  0.3864E-01  0.1026E+01  0.8374E-01  0.8733E-01  0.7256E-02  0.3366E-02  0.1586E-02
     -0.800  0.1386E-02  0.3802E+00  0.8619E-02  0.5766E-03  0.1199E-01  0.3209E-03  0.2003E-02  0.2182E-03  0.4474E-01  0.1484E-01  0.2000E+00  0.4129E-01  0.6340E+00  0.8903E-01  0.6646E-01  0.8496E-02  0.2287E-02  0.1858E-02
     -0.790  0.1053E-02  0.1678E+00  0.6759E-02  0.3453E-03  0.1034E-01  0.9286E-04  0.1294E-02  0.1719E-03  0.3581E-01  0.1360E-01  0.1415E+00  0.2879E-01  0.5423E+00  0.5499E-01  0.3277E-01  0.1176E-01  0.1520E-02  0.1960E-02
     -0.780  0.7251E-03  0.7048E-01  0.5673E-02  0.1275E-03  0.9912E-02  0.5444E-04  0.8534E-03  0.2909E-04  0.3256E-01  0.9823E-02  0.1026E+00  0.1280E-01  0.5206E+00  0.1815E-01  0.1360E-01  0.5195E-02  0.1253E-02  0.2033E-02
     -0.770  0.6959E-04  0.8316E-01  0.6520E-03  0.1300E-03  0.1251E-02  0.6089E-04  0.9913E-04  0.3383E-04  0.4176E-02  0.1047E-01  0.1069E-01  0.1333E-01  0.6609E-01  0.2237E-01  0.1266E-02  0.7866E-02  0.1280E-03  0.2332E-02
     -0.760  0.2371E-03  0.9271E-01  0.3602E-02  0.1305E-03  0.2762E-02  0.6543E-04  0.4480E-03  0.3808E-04  0.8078E-02  0.1102E-01  0.8403E-01  0.1382E-01  0.1448E+00  0.2575E-01  0.2868E-01  0.1051E-01  0.5187E-02  0.2610E-02
     -0.750  0.3536E-03  0.8921E-01  0.4805E-02  0.1252E-03  0.3108E-02  0.6222E-04  0.6573E-03  0.4022E-04  0.1131E-01  0.1123E-01  0.1163E+00  0.1420E-01  0.1624E+00  0.2539E-01  0.3783E-01  0.1202E-01  0.7108E-02  0.2801E-02
     -0.740  0.3852E-03  0.8487E-01  0.4429E-02  0.1202E-03  0.3010E-02  0.5860E-04  0.8381E-03  0.4243E-04  0.1122E-01  0.1142E-01  0.1094E+00  0.1472E-01  0.1601E+00  0.2479E-01  0.4615E-01  0.1353E-01  0.6808E-02  0.2993E-02
     -0.730  0.4198E-03  0.7804E-01  0.4037E-02  0.1154E-03  0.2908E-02  0.5358E-04  0.1025E-02  0.4576E-04  0.1104E-01  0.1156E-01  0.1022E+00  0.1564E-01  0.1578E+00  0.2352E-01  0.5490E-01  0.1535E-01  0.6464E-02  0.3177E-02
     -0.720  0.4750E-03  0.6962E-01  0.3755E-02  0.1098E-03  0.2837E-02  0.4753E-04  0.1201E-02  0.5095E-04  0.1094E-01  0.1169E-01  0.9769E-01  0.1672E-01  0.1563E+00  0.2190E-01  0.6316E-01  0.1769E-01  0.6229E-02  0.3333E-02
     -0.710  0.5367E-03  0.4037E-01  0.3446E-02  0.1026E-03  0.2731E-02  0.3050E-04  0.1391E-02  0.4431E-04  0.1081E-01  0.1110E-01  0.9275E-01  0.1736E-01  0.1530E+00  0.1321E-01  0.7192E-01  0.1316E-01  0.5926E-02  0.3225E-02
     -0.700  0.6413E-03  0.3705E-01  0.3038E-02  0.1005E-03  0.2310E-02  0.2790E-04  0.1664E-02  0.4412E-04  0.1068E-01  0.1103E-01  0.8803E-01  0.1763E-01  0.1332E+00  0.1252E-01  0.8290E-01  0.1298E-01  0.5412E-02  0.3274E-02
     -0.690  0.7008E-03  0.3376E-01  0.2670E-02  0.9846E-04  0.1784E-02  0.2534E-04  0.1717E-02  0.4386E-04  0.1043E-01  0.1095E-01  0.8180E-01  0.1789E-01  0.1049E+00  0.1184E-01  0.8177E-01  0.1276E-01  0.4910E-02  0.3317E-02
     -0.680  0.7018E-03  0.3049E-01  0.2145E-02  0.9645E-04  0.1256E-02  0.2281E-04  0.1551E-02  0.4353E-04  0.9427E-02  0.1087E-01  0.6840E-01  0.1813E-01  0.7353E-01  0.1115E-01  0.6987E-01  0.1251E-01  0.4133E-02  0.3355E-02
     -0.670  0.7172E-03  0.2724E-01  0.2031E-02  0.9450E-04  0.9971E-03  0.2033E-04  0.1407E-02  0.4313E-04  0.8804E-02  0.1077E-01  0.6466E-01  0.1837E-01  0.5678E-01  0.1046E-01  0.6115E-01  0.1223E-01  0.3746E-02  0.3387E-02
     -0.660  0.7447E-03  0.2609E-01  0.1918E-02  0.1107E-03  0.9237E-03  0.1988E-04  0.1334E-02  0.4693E-04  0.8119E-02  0.1319E-01  0.6074E-01  0.2239E-01  0.5102E-01  0.1121E-01  0.5728E-01  0.1211E-01  0.3329E-02  0.4413E-02
     -0.650  0.2553E-02  0.4098E-01  0.6725E-02  0.2283E-03  0.4869E-02  0.2314E-04  0.2113E-02  0.7824E-04  0.1827E-01  0.1433E-01  0.1623E+00  0.4434E-01  0.2000E+00  0.2439E-01  0.8434E-01  0.1992E-01  0.5935E-02  0.5523E-02
     -0.640  0.1218E-02  0.4667E-01  0.3119E-02  0.2296E-03  0.1453E-02  0.2638E-04  0.1798E-02  0.1051E-03  0.1552E-01  0.1484E-01  0.8539E-01  0.4627E-01  0.5987E-01  0.2754E-01  0.6411E-01  0.2729E-01  0.2959E-02  0.5184E-02
     -0.630  0.2386E-03  0.4137E-01  0.7916E-03  0.2016E-03  0.5511E-03  0.2324E-04  0.4375E-03  0.9675E-04  0.4910E-02  0.1403E-01  0.2051E-01  0.3979E-01  0.2389E-01  0.2666E-01  0.1420E-01  0.2408E-01  0.1048E-02  0.4122E-02
     -0.620  0.0000E+00  0.3004E-01  0.0000E+00  0.1732E-03  0.0000E+00  0.1708E-04  0.0000E+00  0.7428E-04  0.0000E+00  0.1235E-01  0.0000E+00  0.3306E-01  0.0000E+00  0.2254E-01  0.0000E+00  0.1685E-01  0.0000E+00  0.3173E-02
     -0.610  0.5969E-03  0.2249E-01  0.1361E-02  0.1213E-03  0.2123E-02  0.1030E-04  0.3687E-03  0.4535E-04  0.6640E-02  0.1697E-01  0.2604E-01  0.2300E-01  0.1013E+00  0.2641E-01  0.1575E-01  0.1108E-01  0.1419E-02  0.4220E-02
     -0.600  0.5371E-03  0.1948E-01  0.1521E-02  0.7454E-04  0.2381E-02  0.5112E-05  0.4412E-03  0.2352E-04  0.7850E-02  0.1767E-01  0.2645E-01  0.1592E-01  0.1106E+00  0.3138E-01  0.1619E-01  0.1108E-01  0.1529E-02  0.5640E-02
     -0.590  0.1828E-02  0.1980E-01  0.5990E-02  0.9183E-04  0.6139E-02  0.6814E-05  0.3171E-02  0.3049E-04  0.3744E-01  0.1895E-01  0.1202E+00  0.1782E-01  0.2752E+00  0.3428E-01  0.8133E-01  0.1077E-01  0.1082E-01  0.5735E-02
     -0.580  0.1475E-02  0.2916E-01  0.6299E-02  0.1797E-03  0.7061E-02  0.1282E-04  0.2798E-02  0.4740E-04  0.2938E-01  0.2876E-01  0.1114E+00  0.3319E-01  0.3026E+00  0.5443E-01  0.8314E-01  0.1284E-01  0.8861E-02  0.8496E-02
     -0.570  0.1193E-02  0.1346E+00  0.8309E-02  0.4863E-03  0.1015E-01  0.3218E-04  0.2666E-02  0.2204E-03  0.2413E-01  0.5368E-01  0.1236E+00  0.9008E-01  0.4136E+00  0.1701E+00  0.9779E-01  0.7140E-01  0.7964E-02  0.1699E-01
     -0.560  0.1475E-02  0.1144E+00  0.7280E-02  0.5748E-03  0.1364E-01  0.3741E-04  0.5123E-02  0.1455E-03  0.2614E-01  0.4743E-01  0.9457E-01  0.9994E-01  0.5969E+00  0.1838E+00  0.2055E+00  0.4686E-01  0.7199E-02  0.1333E-01
     -0.550  0.3065E-03  0.5254E-01  0.1147E-03  0.2283E-03  0.1036E-02  0.1861E-04  0.1786E-02  0.1081E-03  0.4430E-02  0.3708E-01  0.5904E-02  0.4510E-01  0.5630E-01  0.8204E-01  0.6378E-01  0.3220E-01  0.1076E-02  0.1157E-01
     -0.540  0.0000E+00  0.2250E-01  0.0000E+00  0.5900E-04  0.0000E+00  0.8400E-05  0.0000E+00  0.9628E-04  0.0000E+00  0.3133E-01  0.0000E+00  0.1760E-01  0.0000E+00  0.3007E-01  0.0000E+00  0.2768E-01  0.0000E+00  0.1041E-01
     -0.530  0.0000E+00  0.2893E-01  0.0000E+00  0.7532E-04  0.0000E+00  0.1474E-04  0.0000E+00  0.1733E-03  0.0000E+00  0.5970E-01  0.0000E+00  0.2784E-01  0.0000E+00  0.4413E-01  0.0000E+00  0.4716E-01  0.0000E+00  0.1992E-01
     -0.520  0.0000E+00  0.0000E+00  0.0000E+00  0.0000E+00  0.0000E+00  0.0000E+00  0.0000E+00  0.0000E+00  0.0000E+00  0.0000E+00  0.0000E+00  0.0000E+00  0.0000E+00  0.0000E+00  0.0000E+00  0.0000E+00  0.0000E+00  0.0000E+00
     -0.510  0.0000E+00  0.0000E+00  0.0000E+00  0.0000E+00  0.0000E+00  0.0000E+00  0.0000E+00  0.0000E+00  0.0000E+00  0.0000E+00  0.0000E+00  0.0000E+00  0.0000E+00  0.0000E+00  0.0000E+00  0.0000E+00  0.0000E+00  0.0000E+00
     -0.500  0.0000E+00  0.0000E+00  0.0000E+00  0.0000E+00  0.0000E+00  0.0000E+00  0.0000E+00  0.0000E+00  0.0000E+00  0.0000E+00  0.0000E+00  0.0000E+00  0.0000E+00  0.0000E+00  0.0000E+00  0.0000E+00  0.0000E+00  0.0000E+00
     -0.490  0.0000E+00  0.0000E+00  0.0000E+00  0.0000E+00  0.0000E+00  0.0000E+00  0.0000E+00  0.0000E+00  0.0000E+00  0.0000E+00  0.0000E+00  0.0000E+00  0.0000E+00  0.0000E+00  0.0000E+00  0.0000E+00  0.0000E+00  0.0000E+00
     -0.480  0.0000E+00  0.0000E+00  0.0000E+00  0.0000E+00  0.0000E+00  0.0000E+00  0.0000E+00  0.0000E+00  0.0000E+00  0.0000E+00  0.0000E+00  0.0000E+00  0.0000E+00  0.0000E+00  0.0000E+00  0.0000E+00  0.0000E+00  0.0000E+00
     -0.470  0.0000E+00  0.0000E+00  0.0000E+00  0.0000E+00  0.0000E+00  0.0000E+00  0.0000E+00  0.0000E+00  0.0000E+00  0.0000E+00  0.0000E+00  0.0000E+00  0.0000E+00  0.0000E+00  0.0000E+00  0.0000E+00  0.0000E+00  0.0000E+00
     -0.460  0.0000E+00  0.0000E+00  0.0000E+00  0.0000E+00  0.0000E+00  0.0000E+00  0.0000E+00  0.0000E+00  0.0000E+00  0.0000E+00  0.0000E+00  0.0000E+00  0.0000E+00  0.0000E+00  0.0000E+00  0.0000E+00  0.0000E+00  0.0000E+00
     -0.450  0.0000E+00  0.0000E+00  0.0000E+00  0.0000E+00  0.0000E+00  0.0000E+00  0.0000E+00  0.0000E+00  0.0000E+00  0.0000E+00  0.0000E+00  0.0000E+00  0.0000E+00  0.0000E+00  0.0000E+00  0.0000E+00  0.0000E+00  0.0000E+00
     -0.440  0.0000E+00  0.0000E+00  0.0000E+00  0.0000E+00  0.0000E+00  0.0000E+00  0.0000E+00  0.0000E+00  0.0000E+00  0.0000E+00  0.0000E+00  0.0000E+00  0.0000E+00  0.0000E+00  0.0000E+00  0.0000E+00  0.0000E+00  0.0000E+00
     -0.430  0.0000E+00  0.0000E+00  0.0000E+00  0.0000E+00  0.0000E+00  0.0000E+00  0.0000E+00  0.0000E+00  0.0000E+00  0.0000E+00  0.0000E+00  0.0000E+00  0.0000E+00  0.0000E+00  0.0000E+00  0.0000E+00  0.0000E+00  0.0000E+00
     -0.420  0.0000E+00  0.0000E+00  0.0000E+00  0.0000E+00  0.0000E+00  0.0000E+00  0.0000E+00  0.0000E+00  0.0000E+00  0.0000E+00  0.0000E+00  0.0000E+00  0.0000E+00  0.0000E+00  0.0000E+00  0.0000E+00  0.0000E+00  0.0000E+00
     -0.410  0.0000E+00  0.0000E+00  0.0000E+00  0.0000E+00  0.0000E+00  0.0000E+00  0.0000E+00  0.0000E+00  0.0000E+00  0.0000E+00  0.0000E+00  0.0000E+00  0.0000E+00  0.0000E+00  0.0000E+00  0.0000E+00  0.0000E+00  0.0000E+00
     -0.400  0.0000E+00  0.0000E+00  0.0000E+00  0.0000E+00  0.0000E+00  0.0000E+00  0.0000E+00  0.0000E+00  0.0000E+00  0.0000E+00  0.0000E+00  0.0000E+00  0.0000E+00  0.0000E+00  0.0000E+00  0.0000E+00  0.0000E+00  0.0000E+00
     -0.390  0.0000E+00  0.0000E+00  0.0000E+00  0.0000E+00  0.0000E+00  0.0000E+00  0.0000E+00  0.0000E+00  0.0000E+00  0.0000E+00  0.0000E+00  0.0000E+00  0.0000E+00  0.0000E+00  0.0000E+00  0.0000E+00  0.0000E+00  0.0000E+00
     -0.379  0.0000E+00  0.0000E+00  0.0000E+00  0.0000E+00  0.0000E+00  0.0000E+00  0.0000E+00  0.0000E+00  0.0000E+00  0.0000E+00  0.0000E+00  0.0000E+00  0.0000E+00  0.0000E+00  0.0000E+00  0.0000E+00  0.0000E+00  0.0000E+00
     -0.369  0.0000E+00  0.0000E+00  0.0000E+00  0.0000E+00  0.0000E+00  0.0000E+00  0.0000E+00  0.0000E+00  0.0000E+00  0.0000E+00  0.0000E+00  0.0000E+00  0.0000E+00  0.0000E+00  0.0000E+00  0.0000E+00  0.0000E+00  0.0000E+00
     -0.359  0.0000E+00  0.0000E+00  0.0000E+00  0.0000E+00  0.0000E+00  0.0000E+00  0.0000E+00  0.0000E+00  0.0000E+00  0.0000E+00  0.0000E+00  0.0000E+00  0.0000E+00  0.0000E+00  0.0000E+00  0.0000E+00  0.0000E+00  0.0000E+00
     -0.349  0.0000E+00  0.0000E+00  0.0000E+00  0.0000E+00  0.0000E+00  0.0000E+00  0.0000E+00  0.0000E+00  0.0000E+00  0.0000E+00  0.0000E+00  0.0000E+00  0.0000E+00  0.0000E+00  0.0000E+00  0.0000E+00  0.0000E+00  0.0000E+00
     -0.339  0.0000E+00  0.0000E+00  0.0000E+00  0.0000E+00  0.0000E+00  0.0000E+00  0.0000E+00  0.0000E+00  0.0000E+00  0.0000E+00  0.0000E+00  0.0000E+00  0.0000E+00  0.0000E+00  0.0000E+00  0.0000E+00  0.0000E+00  0.0000E+00
     -0.329  0.0000E+00  0.0000E+00  0.0000E+00  0.0000E+00  0.0000E+00  0.0000E+00  0.0000E+00  0.0000E+00  0.0000E+00  0.0000E+00  0.0000E+00  0.0000E+00  0.0000E+00  0.0000E+00  0.0000E+00  0.0000E+00  0.0000E+00  0.0000E+00
     -0.319  0.0000E+00  0.0000E+00  0.0000E+00  0.0000E+00  0.0000E+00  0.0000E+00  0.0000E+00  0.0000E+00  0.0000E+00  0.0000E+00  0.0000E+00  0.0000E+00  0.0000E+00  0.0000E+00  0.0000E+00  0.0000E+00  0.0000E+00  0.0000E+00
     -0.309  0.0000E+00  0.0000E+00  0.0000E+00  0.0000E+00  0.0000E+00  0.0000E+00  0.0000E+00  0.0000E+00  0.0000E+00  0.0000E+00  0.0000E+00  0.0000E+00  0.0000E+00  0.0000E+00  0.0000E+00  0.0000E+00  0.0000E+00  0.0000E+00
     -0.299  0.0000E+00  0.0000E+00  0.0000E+00  0.0000E+00  0.0000E+00  0.0000E+00  0.0000E+00  0.0000E+00  0.0000E+00  0.0000E+00  0.0000E+00  0.0000E+00  0.0000E+00  0.0000E+00  0.0000E+00  0.0000E+00  0.0000E+00  0.0000E+00
     -0.289  0.0000E+00  0.0000E+00  0.0000E+00  0.0000E+00  0.0000E+00  0.0000E+00  0.0000E+00  0.0000E+00  0.0000E+00  0.0000E+00  0.0000E+00  0.0000E+00  0.0000E+00  0.0000E+00  0.0000E+00  0.0000E+00  0.0000E+00  0.0000E+00
     -0.279  0.0000E+00  0.0000E+00  0.0000E+00  0.0000E+00  0.0000E+00  0.0000E+00  0.0000E+00  0.0000E+00  0.0000E+00  0.0000E+00  0.0000E+00  0.0000E+00  0.0000E+00  0.0000E+00  0.0000E+00  0.0000E+00  0.0000E+00  0.0000E+00
     -0.269  0.0000E+00  0.0000E+00  0.0000E+00  0.0000E+00  0.0000E+00  0.0000E+00  0.0000E+00  0.0000E+00  0.0000E+00  0.0000E+00  0.0000E+00  0.0000E+00  0.0000E+00  0.0000E+00  0.0000E+00  0.0000E+00  0.0000E+00  0.0000E+00
     -0.259  0.0000E+00  0.0000E+00  0.0000E+00  0.0000E+00  0.0000E+00  0.0000E+00  0.0000E+00  0.0000E+00  0.0000E+00  0.0000E+00  0.0000E+00  0.0000E+00  0.0000E+00  0.0000E+00  0.0000E+00  0.0000E+00  0.0000E+00  0.0000E+00
     -0.249  0.0000E+00  0.0000E+00  0.0000E+00  0.0000E+00  0.0000E+00  0.0000E+00  0.0000E+00  0.0000E+00  0.0000E+00  0.0000E+00  0.0000E+00  0.0000E+00  0.0000E+00  0.0000E+00  0.0000E+00  0.0000E+00  0.0000E+00  0.0000E+00
     -0.239  0.0000E+00  0.0000E+00  0.0000E+00  0.0000E+00  0.0000E+00  0.0000E+00  0.0000E+00  0.0000E+00  0.0000E+00  0.0000E+00  0.0000E+00  0.0000E+00  0.0000E+00  0.0000E+00  0.0000E+00  0.0000E+00  0.0000E+00  0.0000E+00
     -0.229  0.0000E+00  0.0000E+00  0.0000E+00  0.0000E+00  0.0000E+00  0.0000E+00  0.0000E+00  0.0000E+00  0.0000E+00  0.0000E+00  0.0000E+00  0.0000E+00  0.0000E+00  0.0000E+00  0.0000E+00  0.0000E+00  0.0000E+00  0.0000E+00
     -0.219  0.0000E+00  0.0000E+00  0.0000E+00  0.0000E+00  0.0000E+00  0.0000E+00  0.0000E+00  0.0000E+00  0.0000E+00  0.0000E+00  0.0000E+00  0.0000E+00  0.0000E+00  0.0000E+00  0.0000E+00  0.0000E+00  0.0000E+00  0.0000E+00
     -0.209  0.0000E+00  0.0000E+00  0.0000E+00  0.0000E+00  0.0000E+00  0.0000E+00  0.0000E+00  0.0000E+00  0.0000E+00  0.0000E+00  0.0000E+00  0.0000E+00  0.0000E+00  0.0000E+00  0.0000E+00  0.0000E+00  0.0000E+00  0.0000E+00
     -0.199  0.0000E+00  0.0000E+00  0.0000E+00  0.0000E+00  0.0000E+00  0.0000E+00  0.0000E+00  0.0000E+00  0.0000E+00  0.0000E+00  0.0000E+00  0.0000E+00  0.0000E+00  0.0000E+00  0.0000E+00  0.0000E+00  0.0000E+00  0.0000E+00
     -0.189  0.0000E+00  0.0000E+00  0.0000E+00  0.0000E+00  0.0000E+00  0.0000E+00  0.0000E+00  0.0000E+00  0.0000E+00  0.0000E+00  0.0000E+00  0.0000E+00  0.0000E+00  0.0000E+00  0.0000E+00  0.0000E+00  0.0000E+00  0.0000E+00
     -0.179  0.0000E+00  0.0000E+00  0.0000E+00  0.0000E+00  0.0000E+00  0.0000E+00  0.0000E+00  0.0000E+00  0.0000E+00  0.0000E+00  0.0000E+00  0.0000E+00  0.0000E+00  0.0000E+00  0.0000E+00  0.0000E+00  0.0000E+00  0.0000E+00
     -0.169  0.3527E-03  0.0000E+00  0.2684E-03  0.0000E+00  0.4643E-03  0.0000E+00  0.4010E-03  0.0000E+00  0.2174E-02  0.0000E+00  0.1359E-02  0.0000E+00  0.1890E-01  0.0000E+00  0.1716E-02  0.0000E+00  0.7655E-03  0.0000E+00
     -0.159  0.1773E-02  0.0000E+00  0.9421E-03  0.0000E+00  0.1647E-02  0.0000E+00  0.2415E-02  0.0000E+00  0.1036E-01  0.0000E+00  0.6881E-02  0.0000E+00  0.7178E-01  0.0000E+00  0.1210E-01  0.0000E+00  0.5244E-02  0.0000E+00
     -0.149  0.1774E-02  0.0000E+00  0.9829E-03  0.0000E+00  0.1427E-02  0.0000E+00  0.2485E-02  0.0000E+00  0.9593E-02  0.0000E+00  0.8204E-02  0.0000E+00  0.6345E-01  0.0000E+00  0.1358E-01  0.0000E+00  0.5581E-02  0.0000E+00
     -0.139  0.1251E-02  0.0000E+00  0.1023E-02  0.0000E+00  0.1164E-02  0.0000E+00  0.1501E-02  0.0000E+00  0.6038E-02  0.0000E+00  0.7261E-02  0.0000E+00  0.4884E-01  0.0000E+00  0.8779E-02  0.0000E+00  0.3284E-02  0.0000E+00
     -0.129  0.1125E-02  0.0000E+00  0.9921E-03  0.0000E+00  0.1055E-02  0.0000E+00  0.1318E-02  0.0000E+00  0.5244E-02  0.0000E+00  0.6960E-02  0.0000E+00  0.4379E-01  0.0000E+00  0.7985E-02  0.0000E+00  0.2882E-02  0.0000E+00
     -0.119  0.1004E-02  0.0000E+00  0.9497E-03  0.0000E+00  0.9475E-03  0.0000E+00  0.1140E-02  0.0000E+00  0.4493E-02  0.0000E+00  0.6564E-02  0.0000E+00  0.3890E-01  0.0000E+00  0.7144E-02  0.0000E+00  0.2482E-02  0.0000E+00
     -0.109  0.9032E-03  0.0000E+00  0.1213E-02  0.0000E+00  0.8927E-03  0.0000E+00  0.1224E-02  0.0000E+00  0.3906E-02  0.0000E+00  0.9095E-02  0.0000E+00  0.3513E-01  0.0000E+00  0.9045E-02  0.0000E+00  0.2860E-02  0.0000E+00
     -0.099  0.6947E-03  0.0000E+00  0.1081E-02  0.0000E+00  0.6401E-03  0.0000E+00  0.1042E-02  0.0000E+00  0.2773E-02  0.0000E+00  0.8426E-02  0.0000E+00  0.2479E-01  0.0000E+00  0.8446E-02  0.0000E+00  0.2531E-02  0.0000E+00
     -0.089  0.5494E-03  0.9157E-03  0.9642E-03  0.9567E-06  0.5202E-03  0.8557E-07  0.8309E-03  0.1240E-05  0.2053E-02  0.1310E+00  0.7409E-02  0.6190E-03  0.1958E-01  0.1456E-01  0.7096E-02  0.4043E-02  0.2039E-02  0.9368E-01
     -0.079  0.4677E-03  0.3242E-01  0.8679E-03  0.4290E-04  0.4564E-03  0.2713E-05  0.6702E-03  0.3178E-04  0.1637E-02  0.3763E+01  0.6453E-02  0.3852E-01  0.1687E-01  0.4900E+00  0.5932E-02  0.1151E+00  0.1640E-02  0.2711E+01
     -0.069  0.4384E-03  0.2541E-01  0.7845E-03  0.3308E-04  0.4170E-03  0.5404E-05  0.5804E-03  0.2675E-04  0.1451E-02  0.5045E+01  0.5660E-02  0.9236E-01  0.1544E-01  0.3799E+00  0.5202E-02  0.1262E+00  0.1398E-02  0.3781E+01
     -0.059  0.4101E-03  0.1400E-01  0.6989E-03  0.2424E-04  0.3774E-03  0.7760E-05  0.4933E-03  0.2266E-04  0.1273E-02  0.4456E+01  0.4858E-02  0.1245E+00  0.1402E-01  0.2000E+00  0.4485E-02  0.1123E+00  0.1164E-02  0.3452E+01
     -0.049  0.3852E-03  0.8965E-02  0.6709E-03  0.2054E-04  0.3533E-03  0.1120E-04  0.4514E-03  0.3598E-04  0.1141E-02  0.4649E+01  0.4597E-02  0.1486E+00  0.1302E-01  0.1232E+00  0.4207E-02  0.1334E+00  0.1061E-02  0.3693E+01
     -0.039  0.3600E-03  0.6279E-02  0.6430E-03  0.1439E-04  0.3298E-03  0.1069E-04  0.4096E-03  0.4675E-04  0.1012E-02  0.4166E+01  0.4339E-02  0.1041E+00  0.1203E-01  0.8111E-01  0.3925E-02  0.1485E+00  0.9587E-03  0.3294E+01
     -0.029  0.3347E-03  0.3663E-02  0.6153E-03  0.9241E-05  0.3069E-03  0.1087E-04  0.3679E-03  0.7378E-04  0.8863E-03  0.4071E+01  0.4083E-02  0.5883E-01  0.1107E-01  0.4180E-01  0.3640E-02  0.1916E+00  0.8579E-03  0.3188E+01
     -0.019  0.3116E-03  0.0000E+00  0.5950E-03  0.0000E+00  0.2910E-03  0.0000E+00  0.3230E-03  0.0000E+00  0.7777E-03  0.0000E+00  0.3847E-02  0.0000E+00  0.1036E-01  0.0000E+00  0.3316E-02  0.0000E+00  0.7519E-03  0.0000E+00
     -0.009  0.2901E-03  0.0000E+00  0.5875E-03  0.0000E+00  0.2849E-03  0.0000E+00  0.2727E-03  0.0000E+00  0.6880E-03  0.0000E+00  0.3659E-02  0.0000E+00  0.9962E-02  0.0000E+00  0.2937E-02  0.0000E+00  0.6385E-03  0.0000E+00
     0.001  0.2648E-03  0.1288E-01  0.5812E-03  0.6970E-05  0.2783E-03  0.2496E-04  0.2209E-03  0.4901E-03  0.5941E-03  0.7516E+01  0.3487E-02  0.8878E-01  0.9520E-02  0.4040E+00  0.2546E-02  0.5447E+00  0.5260E-03  0.6011E+01
     0.011  0.1873E-03  0.1036E-01  0.4225E-03  0.7792E-05  0.2043E-03  0.1228E-04  0.1462E-03  0.3357E-03  0.4240E-03  0.4036E+01  0.2494E-02  0.6736E-01  0.6954E-02  0.3017E+00  0.1724E-02  0.3904E+00  0.3526E-03  0.3198E+01
     0.021  0.1107E-03  0.1369E-01  0.2568E-03  0.1795E-04  0.1253E-03  0.1116E-04  0.8046E-04  0.4677E-03  0.2531E-03  0.4274E+01  0.1492E-02  0.1236E+00  0.4244E-02  0.3682E+00  0.9740E-03  0.6273E+00  0.1969E-03  0.3265E+01
     0.031  0.3519E-04  0.1556E-01  0.8385E-04  0.1157E-04  0.4129E-04  0.8151E-05  0.2364E-04  0.4498E-03  0.8120E-04  0.3654E+01  0.4796E-03  0.1060E+00  0.1392E-02  0.4277E+00  0.2949E-03  0.5675E+00  0.5885E-04  0.2831E+01
     0.041  0.0000E+00  0.1233E-01  0.0000E+00  0.8943E-05  0.0000E+00  0.4445E-05  0.0000E+00  0.2855E-03  0.0000E+00  0.2040E+01  0.0000E+00  0.9962E-01  0.0000E+00  0.3001E+00  0.0000E+00  0.3958E+00  0.0000E+00  0.1549E+01
     0.051  0.0000E+00  0.1077E-01  0.0000E+00  0.6189E-05  0.0000E+00  0.2712E-05  0.0000E+00  0.1501E-03  0.0000E+00  0.1022E+01  0.0000E+00  0.8966E-01  0.0000E+00  0.2280E+00  0.0000E+00  0.2282E+00  0.0000E+00  0.7780E+00
     0.061  0.0000E+00  0.9972E-02  0.0000E+00  0.4739E-05  0.0000E+00  0.1905E-05  0.0000E+00  0.9488E-04  0.0000E+00  0.5815E+00  0.0000E+00  0.8424E-01  0.0000E+00  0.1961E+00  0.0000E+00  0.1593E+00  0.0000E+00  0.4423E+00
     0.071  0.0000E+00  0.9853E-02  0.0000E+00  0.3755E-05  0.0000E+00  0.1669E-05  0.0000E+00  0.6517E-04  0.0000E+00  0.3025E+00  0.0000E+00  0.1011E+00  0.0000E+00  0.1767E+00  0.0000E+00  0.1426E+00  0.0000E+00  0.2200E+00
     0.081  0.0000E+00  0.0000E+00  0.0000E+00  0.0000E+00  0.0000E+00  0.0000E+00  0.0000E+00  0.0000E+00  0.0000E+00  0.0000E+00  0.0000E+00  0.0000E+00  0.0000E+00  0.0000E+00  0.0000E+00  0.0000E+00  0.0000E+00  0.0000E+00
     0.091  0.0000E+00  0.0000E+00  0.0000E+00  0.0000E+00  0.0000E+00  0.0000E+00  0.0000E+00  0.0000E+00  0.0000E+00  0.0000E+00  0.0000E+00  0.0000E+00  0.0000E+00  0.0000E+00  0.0000E+00  0.0000E+00  0.0000E+00  0.0000E+00
     0.101  0.0000E+00  0.0000E+00  0.0000E+00  0.0000E+00  0.0000E+00  0.0000E+00  0.0000E+00  0.0000E+00  0.0000E+00  0.0000E+00  0.0000E+00  0.0000E+00  0.0000E+00  0.0000E+00  0.0000E+00  0.0000E+00  0.0000E+00  0.0000E+00
     0.111  0.0000E+00  0.0000E+00  0.0000E+00  0.0000E+00  0.0000E+00  0.0000E+00  0.0000E+00  0.0000E+00  0.0000E+00  0.0000E+00  0.0000E+00  0.0000E+00  0.0000E+00  0.0000E+00  0.0000E+00  0.0000E+00  0.0000E+00  0.0000E+00
     0.121  0.0000E+00  0.0000E+00  0.0000E+00  0.0000E+00  0.0000E+00  0.0000E+00  0.0000E+00  0.0000E+00  0.0000E+00  0.0000E+00  0.0000E+00  0.0000E+00  0.0000E+00  0.0000E+00  0.0000E+00  0.0000E+00  0.0000E+00  0.0000E+00
     0.131  0.0000E+00  0.0000E+00  0.0000E+00  0.0000E+00  0.0000E+00  0.0000E+00  0.0000E+00  0.0000E+00  0.0000E+00  0.0000E+00  0.0000E+00  0.0000E+00  0.0000E+00  0.0000E+00  0.0000E+00  0.0000E+00  0.0000E+00  0.0000E+00
     0.141  0.0000E+00  0.0000E+00  0.0000E+00  0.0000E+00  0.0000E+00  0.0000E+00  0.0000E+00  0.0000E+00  0.0000E+00  0.0000E+00  0.0000E+00  0.0000E+00  0.0000E+00  0.0000E+00  0.0000E+00  0.0000E+00  0.0000E+00  0.0000E+00
     0.151  0.0000E+00  0.0000E+00  0.0000E+00  0.0000E+00  0.0000E+00  0.0000E+00  0.0000E+00  0.0000E+00  0.0000E+00  0.0000E+00  0.0000E+00  0.0000E+00  0.0000E+00  0.0000E+00  0.0000E+00  0.0000E+00  0.0000E+00  0.0000E+00
     0.161  0.0000E+00  0.0000E+00  0.0000E+00  0.0000E+00  0.0000E+00  0.0000E+00  0.0000E+00  0.0000E+00  0.0000E+00  0.0000E+00  0.0000E+00  0.0000E+00  0.0000E+00  0.0000E+00  0.0000E+00  0.0000E+00  0.0000E+00  0.0000E+00
     0.171  0.0000E+00  0.0000E+00  0.0000E+00  0.0000E+00  0.0000E+00  0.0000E+00  0.0000E+00  0.0000E+00  0.0000E+00  0.0000E+00  0.0000E+00  0.0000E+00  0.0000E+00  0.0000E+00  0.0000E+00  0.0000E+00  0.0000E+00  0.0000E+00
     0.181  0.0000E+00  0.0000E+00  0.0000E+00  0.0000E+00  0.0000E+00  0.0000E+00  0.0000E+00  0.0000E+00  0.0000E+00  0.0000E+00  0.0000E+00  0.0000E+00  0.0000E+00  0.0000E+00  0.0000E+00  0.0000E+00  0.0000E+00  0.0000E+00
     0.191  0.0000E+00  0.0000E+00  0.0000E+00  0.0000E+00  0.0000E+00  0.0000E+00  0.0000E+00  0.0000E+00  0.0000E+00  0.0000E+00  0.0000E+00  0.0000E+00  0.0000E+00  0.0000E+00  0.0000E+00  0.0000E+00  0.0000E+00  0.0000E+00
     0.201  0.0000E+00  0.0000E+00  0.0000E+00  0.0000E+00  0.0000E+00  0.0000E+00  0.0000E+00  0.0000E+00  0.0000E+00  0.0000E+00  0.0000E+00  0.0000E+00  0.0000E+00  0.0000E+00  0.0000E+00  0.0000E+00  0.0000E+00  0.0000E+00
     0.211  0.0000E+00  0.0000E+00  0.0000E+00  0.0000E+00  0.0000E+00  0.0000E+00  0.0000E+00  0.0000E+00  0.0000E+00  0.0000E+00  0.0000E+00  0.0000E+00  0.0000E+00  0.0000E+00  0.0000E+00  0.0000E+00  0.0000E+00  0.0000E+00
     0.221  0.0000E+00  0.0000E+00  0.0000E+00  0.0000E+00  0.0000E+00  0.0000E+00  0.0000E+00  0.0000E+00  0.0000E+00  0.0000E+00  0.0000E+00  0.0000E+00  0.0000E+00  0.0000E+00  0.0000E+00  0.0000E+00  0.0000E+00  0.0000E+00
     0.231  0.0000E+00  0.0000E+00  0.0000E+00  0.0000E+00  0.0000E+00  0.0000E+00  0.0000E+00  0.0000E+00  0.0000E+00  0.0000E+00  0.0000E+00  0.0000E+00  0.0000E+00  0.0000E+00  0.0000E+00  0.0000E+00  0.0000E+00  0.0000E+00
     0.241  0.0000E+00  0.0000E+00  0.0000E+00  0.0000E+00  0.0000E+00  0.0000E+00  0.0000E+00  0.0000E+00  0.0000E+00  0.0000E+00  0.0000E+00  0.0000E+00  0.0000E+00  0.0000E+00  0.0000E+00  0.0000E+00  0.0000E+00  0.0000E+00
     0.251  0.0000E+00  0.0000E+00  0.0000E+00  0.0000E+00  0.0000E+00  0.0000E+00  0.0000E+00  0.0000E+00  0.0000E+00  0.0000E+00  0.0000E+00  0.0000E+00  0.0000E+00  0.0000E+00  0.0000E+00  0.0000E+00  0.0000E+00  0.0000E+00
     0.261  0.0000E+00  0.0000E+00  0.0000E+00  0.0000E+00  0.0000E+00  0.0000E+00  0.0000E+00  0.0000E+00  0.0000E+00  0.0000E+00  0.0000E+00  0.0000E+00  0.0000E+00  0.0000E+00  0.0000E+00  0.0000E+00  0.0000E+00  0.0000E+00
     0.271  0.0000E+00  0.0000E+00  0.0000E+00  0.0000E+00  0.0000E+00  0.0000E+00  0.0000E+00  0.0000E+00  0.0000E+00  0.0000E+00  0.0000E+00  0.0000E+00  0.0000E+00  0.0000E+00  0.0000E+00  0.0000E+00  0.0000E+00  0.0000E+00
     0.281  0.0000E+00  0.0000E+00  0.0000E+00  0.0000E+00  0.0000E+00  0.0000E+00  0.0000E+00  0.0000E+00  0.0000E+00  0.0000E+00  0.0000E+00  0.0000E+00  0.0000E+00  0.0000E+00  0.0000E+00  0.0000E+00  0.0000E+00  0.0000E+00
     0.291  0.0000E+00  0.0000E+00  0.0000E+00  0.0000E+00  0.0000E+00  0.0000E+00  0.0000E+00  0.0000E+00  0.0000E+00  0.0000E+00  0.0000E+00  0.0000E+00  0.0000E+00  0.0000E+00  0.0000E+00  0.0000E+00  0.0000E+00  0.0000E+00
     0.301  0.0000E+00  0.0000E+00  0.0000E+00  0.0000E+00  0.0000E+00  0.0000E+00  0.0000E+00  0.0000E+00  0.0000E+00  0.0000E+00  0.0000E+00  0.0000E+00  0.0000E+00  0.0000E+00  0.0000E+00  0.0000E+00  0.0000E+00  0.0000E+00
     0.311  0.0000E+00  0.0000E+00  0.0000E+00  0.0000E+00  0.0000E+00  0.0000E+00  0.0000E+00  0.0000E+00  0.0000E+00  0.0000E+00  0.0000E+00  0.0000E+00  0.0000E+00  0.0000E+00  0.0000E+00  0.0000E+00  0.0000E+00  0.0000E+00
     0.321  0.0000E+00  0.0000E+00  0.0000E+00  0.0000E+00  0.0000E+00  0.0000E+00  0.0000E+00  0.0000E+00  0.0000E+00  0.0000E+00  0.0000E+00  0.0000E+00  0.0000E+00  0.0000E+00  0.0000E+00  0.0000E+00  0.0000E+00  0.0000E+00
     0.331  0.0000E+00  0.0000E+00  0.0000E+00  0.0000E+00  0.0000E+00  0.0000E+00  0.0000E+00  0.0000E+00  0.0000E+00  0.0000E+00  0.0000E+00  0.0000E+00  0.0000E+00  0.0000E+00  0.0000E+00  0.0000E+00  0.0000E+00  0.0000E+00
     0.341  0.0000E+00  0.0000E+00  0.0000E+00  0.0000E+00  0.0000E+00  0.0000E+00  0.0000E+00  0.0000E+00  0.0000E+00  0.0000E+00  0.0000E+00  0.0000E+00  0.0000E+00  0.0000E+00  0.0000E+00  0.0000E+00  0.0000E+00  0.0000E+00
     0.351  0.0000E+00  0.5146E-01  0.0000E+00  0.9515E-03  0.0000E+00  0.1394E-03  0.0000E+00  0.6240E-04  0.0000E+00  0.3644E-01  0.0000E+00  0.1359E+01  0.0000E+00  0.7206E+00  0.0000E+00  0.1535E+00  0.0000E+00  0.1059E-01
     0.361  0.0000E+00  0.1141E+00  0.0000E+00  0.1414E-02  0.0000E+00  0.2488E-03  0.0000E+00  0.1034E-03  0.0000E+00  0.5599E-01  0.0000E+00  0.1939E+01  0.0000E+00  0.1378E+01  0.0000E+00  0.2677E+00  0.0000E+00  0.1540E-01
     0.371  0.0000E+00  0.1771E+00  0.0000E+00  0.1838E-02  0.0000E+00  0.3622E-03  0.0000E+00  0.1408E-03  0.0000E+00  0.6888E-01  0.0000E+00  0.2361E+01  0.0000E+00  0.2023E+01  0.0000E+00  0.3830E+00  0.0000E+00  0.1926E-01
     0.381  0.0000E+00  0.2482E+00  0.0000E+00  0.3825E-02  0.0000E+00  0.5631E-03  0.0000E+00  0.3141E-03  0.0000E+00  0.1059E+00  0.0000E+00  0.4489E+01  0.0000E+00  0.2787E+01  0.0000E+00  0.7510E+00  0.0000E+00  0.3882E-01
     0.391  0.0000E+00  0.7150E+00  0.0000E+00  0.2322E-02  0.0000E+00  0.1077E-02  0.0000E+00  0.2117E-03  0.0000E+00  0.1495E+00  0.0000E+00  0.2988E+01  0.0000E+00  0.7130E+01  0.0000E+00  0.8611E+00  0.0000E+00  0.2569E-01
     0.401  0.0000E+00  0.5819E+00  0.0000E+00  0.3636E-02  0.0000E+00  0.1133E-02  0.0000E+00  0.3126E-03  0.0000E+00  0.1016E+00  0.0000E+00  0.3123E+01  0.0000E+00  0.6179E+01  0.0000E+00  0.1278E+01  0.0000E+00  0.2604E-01
     0.411  0.0000E+00  0.6837E+00  0.0000E+00  0.2497E-02  0.0000E+00  0.6809E-03  0.0000E+00  0.3057E-03  0.0000E+00  0.1550E+00  0.0000E+00  0.3625E+01  0.0000E+00  0.5219E+01  0.0000E+00  0.1222E+01  0.0000E+00  0.3289E-01
     0.421  0.0000E+00  0.8727E-01  0.0000E+00  0.4763E-03  0.0000E+00  0.1113E-03  0.0000E+00  0.5669E-04  0.0000E+00  0.1794E-01  0.0000E+00  0.5127E+00  0.0000E+00  0.7182E+00  0.0000E+00  0.1974E+00  0.0000E+00  0.4889E-02
     0.431  0.0000E+00  0.7756E+00  0.0000E+00  0.6081E-02  0.0000E+00  0.3649E-03  0.0000E+00  0.4740E-03  0.0000E+00  0.2284E+00  0.0000E+00  0.8601E+01  0.0000E+00  0.4138E+01  0.0000E+00  0.5668E+00  0.0000E+00  0.8213E-01
     0.441  0.0000E+00  0.7712E+00  0.0000E+00  0.4430E-02  0.0000E+00  0.7545E-03  0.0000E+00  0.4757E-03  0.0000E+00  0.1489E+00  0.0000E+00  0.4813E+01  0.0000E+00  0.5448E+01  0.0000E+00  0.1331E+01  0.0000E+00  0.4555E-01
     0.451  0.0000E+00  0.4263E+00  0.0000E+00  0.6365E-02  0.0000E+00  0.6803E-03  0.0000E+00  0.8887E-03  0.0000E+00  0.8529E-01  0.0000E+00  0.4942E+01  0.0000E+00  0.3195E+01  0.0000E+00  0.1587E+01  0.0000E+00  0.4180E-01
     0.461  0.0000E+00  0.2176E+00  0.0000E+00  0.7011E-02  0.0000E+00  0.5651E-03  0.0000E+00  0.1066E-02  0.0000E+00  0.4946E-01  0.0000E+00  0.4775E+01  0.0000E+00  0.1703E+01  0.0000E+00  0.1522E+01  0.0000E+00  0.3641E-01
     0.471  0.0000E+00  0.1563E+00  0.0000E+00  0.7684E-02  0.0000E+00  0.6618E-03  0.0000E+00  0.8465E-03  0.0000E+00  0.3731E-01  0.0000E+00  0.4877E+01  0.0000E+00  0.1361E+01  0.0000E+00  0.1110E+01  0.0000E+00  0.2516E-01
     0.481  0.0000E+00  0.9230E-01  0.0000E+00  0.5995E-02  0.0000E+00  0.5233E-03  0.0000E+00  0.6862E-03  0.0000E+00  0.2069E-01  0.0000E+00  0.3514E+01  0.0000E+00  0.9206E+00  0.0000E+00  0.8482E+00  0.0000E+00  0.1548E-01
     0.491  0.0000E+00  0.0000E+00  0.0000E+00  0.0000E+00  0.0000E+00  0.0000E+00  0.0000E+00  0.0000E+00  0.0000E+00  0.0000E+00  0.0000E+00  0.0000E+00  0.0000E+00  0.0000E+00  0.0000E+00  0.0000E+00  0.0000E+00  0.0000E+00
     0.501  0.0000E+00  0.0000E+00  0.0000E+00  0.0000E+00  0.0000E+00  0.0000E+00  0.0000E+00  0.0000E+00  0.0000E+00  0.0000E+00  0.0000E+00  0.0000E+00  0.0000E+00  0.0000E+00  0.0000E+00  0.0000E+00  0.0000E+00  0.0000E+00
     0.511  0.0000E+00  0.0000E+00  0.0000E+00  0.0000E+00  0.0000E+00  0.0000E+00  0.0000E+00  0.0000E+00  0.0000E+00  0.0000E+00  0.0000E+00  0.0000E+00  0.0000E+00  0.0000E+00  0.0000E+00  0.0000E+00  0.0000E+00  0.0000E+00
     0.521  0.0000E+00  0.0000E+00  0.0000E+00  0.0000E+00  0.0000E+00  0.0000E+00  0.0000E+00  0.0000E+00  0.0000E+00  0.0000E+00  0.0000E+00  0.0000E+00  0.0000E+00  0.0000E+00  0.0000E+00  0.0000E+00  0.0000E+00  0.0000E+00
     0.531  0.0000E+00  0.0000E+00  0.0000E+00  0.0000E+00  0.0000E+00  0.0000E+00  0.0000E+00  0.0000E+00  0.0000E+00  0.0000E+00  0.0000E+00  0.0000E+00  0.0000E+00  0.0000E+00  0.0000E+00  0.0000E+00  0.0000E+00  0.0000E+00
     0.541  0.0000E+00  0.7614E-02  0.0000E+00  0.1134E-02  0.0000E+00  0.2784E-03  0.0000E+00  0.1616E-02  0.0000E+00  0.4685E-02  0.0000E+00  0.5137E+00  0.0000E+00  0.2717E+00  0.0000E+00  0.1219E+01  0.0000E+00  0.5816E-01
     0.551  0.5583E-04  0.2196E-01  0.7850E-04  0.1945E-02  0.3573E-04  0.5927E-03  0.6732E-04  0.5003E-02  0.4459E-04  0.1557E-01  0.3987E-03  0.8291E+00  0.2140E-03  0.5689E+00  0.2359E-03  0.3711E+01  0.4920E-04  0.1587E+00
     0.561  0.2191E-03  0.3800E-01  0.3343E-03  0.2139E-02  0.1476E-03  0.1121E-02  0.2614E-03  0.1110E-01  0.1867E-03  0.2929E-01  0.1653E-02  0.8825E+00  0.9588E-03  0.1036E+01  0.8953E-03  0.7970E+01  0.1904E-03  0.3445E+00
     0.571  0.3427E-03  0.4662E-01  0.5746E-03  0.5431E-02  0.2458E-03  0.6402E-02  0.4057E-03  0.4441E-01  0.3122E-03  0.3892E-01  0.2762E-02  0.2632E+01  0.1705E-02  0.6075E+01  0.1355E-02  0.2920E+02  0.2953E-03  0.2049E+01
     0.581  0.2847E-03  0.2322E-02  0.5613E-03  0.5026E-03  0.2308E-03  0.7132E-03  0.3419E-03  0.5705E-02  0.2792E-03  0.3415E-02  0.2571E-02  0.2469E+00  0.1627E-02  0.7183E+00  0.1112E-02  0.3449E+01  0.2512E-03  0.3086E+00
     0.591  0.2381E-03  0.0000E+00  0.5277E-03  0.0000E+00  0.2107E-03  0.0000E+00  0.2854E-03  0.0000E+00  0.2491E-03  0.0000E+00  0.2306E-02  0.0000E+00  0.1537E-02  0.0000E+00  0.8969E-03  0.0000E+00  0.2056E-03  0.0000E+00
     0.601  0.2369E-03  0.0000E+00  0.5261E-03  0.0000E+00  0.2102E-03  0.0000E+00  0.2821E-03  0.0000E+00  0.2438E-03  0.0000E+00  0.2266E-02  0.0000E+00  0.1499E-02  0.0000E+00  0.8850E-03  0.0000E+00  0.2016E-03  0.0000E+00
     0.611  0.2358E-03  0.0000E+00  0.5243E-03  0.0000E+00  0.2097E-03  0.0000E+00  0.2789E-03  0.0000E+00  0.2384E-03  0.0000E+00  0.2226E-02  0.0000E+00  0.1458E-02  0.0000E+00  0.8742E-03  0.0000E+00  0.1979E-03  0.0000E+00
     0.621  0.2350E-03  0.0000E+00  0.5222E-03  0.0000E+00  0.2093E-03  0.0000E+00  0.2760E-03  0.0000E+00  0.2329E-03  0.0000E+00  0.2187E-02  0.0000E+00  0.1415E-02  0.0000E+00  0.8644E-03  0.0000E+00  0.1946E-03  0.0000E+00
     0.631  0.2345E-03  0.0000E+00  0.5200E-03  0.0000E+00  0.2089E-03  0.0000E+00  0.2734E-03  0.0000E+00  0.2272E-03  0.0000E+00  0.2147E-02  0.0000E+00  0.1370E-02  0.0000E+00  0.8558E-03  0.0000E+00  0.1916E-03  0.0000E+00
     0.641  0.2342E-03  0.0000E+00  0.5175E-03  0.0000E+00  0.2085E-03  0.0000E+00  0.2710E-03  0.0000E+00  0.2213E-03  0.0000E+00  0.2108E-02  0.0000E+00  0.1322E-02  0.0000E+00  0.8482E-03  0.0000E+00  0.1889E-03  0.0000E+00
     0.651  0.2340E-03  0.1611E-01  0.5148E-03  0.7887E-03  0.2082E-03  0.5721E-03  0.2688E-03  0.2862E-02  0.2153E-03  0.6685E+02  0.2070E-02  0.4778E+01  0.1271E-02  0.7389E+00  0.8418E-03  0.1725E+01  0.1865E-03  0.8559E+02
     0.661  0.2374E-03  0.1414E-02  0.5284E-03  0.1674E-03  0.2132E-03  0.1728E-03  0.2718E-03  0.3745E-03  0.2168E-03  0.7768E+01  0.2094E-02  0.3125E+00  0.1278E-02  0.1783E+00  0.8478E-03  0.2694E+00  0.1874E-03  0.9561E+01
     0.671  0.2430E-03  0.0000E+00  0.5530E-03  0.0000E+00  0.2216E-03  0.0000E+00  0.2781E-03  0.0000E+00  0.2234E-03  0.0000E+00  0.2160E-02  0.0000E+00  0.1324E-02  0.0000E+00  0.8615E-03  0.0000E+00  0.1901E-03  0.0000E+00
     0.681  0.2485E-03  0.0000E+00  0.5776E-03  0.0000E+00  0.2301E-03  0.0000E+00  0.2845E-03  0.0000E+00  0.2299E-03  0.0000E+00  0.2226E-02  0.0000E+00  0.1370E-02  0.0000E+00  0.8753E-03  0.0000E+00  0.1928E-03  0.0000E+00
     0.691  0.2540E-03  0.0000E+00  0.6022E-03  0.0000E+00  0.2385E-03  0.0000E+00  0.2908E-03  0.0000E+00  0.2364E-03  0.0000E+00  0.2291E-02  0.0000E+00  0.1416E-02  0.0000E+00  0.8890E-03  0.0000E+00  0.1955E-03  0.0000E+00
     0.701  0.2595E-03  0.0000E+00  0.6269E-03  0.0000E+00  0.2470E-03  0.0000E+00  0.2972E-03  0.0000E+00  0.2428E-03  0.0000E+00  0.2356E-02  0.0000E+00  0.1461E-02  0.0000E+00  0.9026E-03  0.0000E+00  0.1981E-03  0.0000E+00
     0.711  0.2674E-03  0.0000E+00  0.6528E-03  0.0000E+00  0.2562E-03  0.0000E+00  0.3052E-03  0.0000E+00  0.2506E-03  0.0000E+00  0.2423E-02  0.0000E+00  0.1511E-02  0.0000E+00  0.9204E-03  0.0000E+00  0.2009E-03  0.0000E+00
     0.721  0.2828E-03  0.0000E+00  0.6825E-03  0.0000E+00  0.2678E-03  0.0000E+00  0.3185E-03  0.0000E+00  0.2625E-03  0.0000E+00  0.2502E-02  0.0000E+00  0.1582E-02  0.0000E+00  0.9510E-03  0.0000E+00  0.2042E-03  0.0000E+00
     0.731  0.2977E-03  0.4022E-03  0.7126E-03  0.7147E-04  0.2795E-03  0.2727E-04  0.3318E-03  0.1239E-03  0.2744E-03  0.6900E-02  0.2580E-02  0.1147E-01  0.1653E-02  0.1249E-01  0.9810E-03  0.3047E-01  0.2075E-03  0.3626E-02
     0.741  0.3151E-03  0.3929E-02  0.7610E-03  0.7773E-03  0.2982E-03  0.2875E-03  0.3490E-03  0.1166E-02  0.2884E-03  0.7250E-01  0.2716E-02  0.1185E+00  0.1739E-02  0.1376E+00  0.1023E-02  0.2807E+00  0.2155E-03  0.3744E-01
     0.751  0.3341E-03  0.3492E-02  0.8230E-03  0.8104E-03  0.3221E-03  0.2791E-03  0.3687E-03  0.1033E-02  0.3039E-03  0.6557E-01  0.2893E-02  0.1169E+00  0.1836E-02  0.1298E+00  0.1072E-02  0.2405E+00  0.2268E-03  0.3480E-01
     0.761  0.3524E-03  0.3145E-02  0.8858E-03  0.8236E-03  0.3460E-03  0.2683E-03  0.3879E-03  0.9136E-03  0.3195E-03  0.5859E-01  0.3071E-02  0.1130E+00  0.1935E-02  0.1219E+00  0.1119E-02  0.2043E+00  0.2377E-03  0.3153E-01
     0.771  0.3702E-03  0.2974E-02  0.9494E-03  0.8087E-03  0.3700E-03  0.2559E-03  0.4067E-03  0.8421E-03  0.3352E-03  0.5284E-01  0.3250E-02  0.1072E+00  0.2035E-02  0.1138E+00  0.1165E-02  0.1828E+00  0.2484E-03  0.2840E-01
     0.781  0.3873E-03  0.2884E-02  0.1014E-02  0.7832E-03  0.3942E-03  0.2434E-03  0.4250E-03  0.7998E-03  0.3511E-03  0.4812E-01  0.3429E-02  0.1014E+00  0.2136E-02  0.1053E+00  0.1209E-02  0.1704E+00  0.2587E-03  0.2580E-01
     0.791  0.4039E-03  0.2790E-02  0.1079E-02  0.7572E-03  0.4184E-03  0.2308E-03  0.4429E-03  0.7592E-03  0.3671E-03  0.4356E-01  0.3610E-02  0.9561E-01  0.2239E-02  0.9662E-01  0.1250E-02  0.1586E+00  0.2687E-03  0.2334E-01
     0.801  0.4199E-03  0.2694E-02  0.1146E-02  0.7307E-03  0.4428E-03  0.2182E-03  0.4603E-03  0.7204E-03  0.3833E-03  0.3916E-01  0.3791E-02  0.8992E-01  0.2343E-02  0.8786E-01  0.1290E-02  0.1473E+00  0.2784E-03  0.2101E-01
     0.811  0.4352E-03  0.2663E-02  0.1213E-02  0.7380E-03  0.4672E-03  0.2157E-03  0.4773E-03  0.7042E-03  0.3995E-03  0.3685E-01  0.3973E-02  0.8847E-01  0.2448E-02  0.8404E-01  0.1328E-02  0.1408E+00  0.2878E-03  0.1983E-01
     0.821  0.4618E-03  0.2716E-02  0.1278E-02  0.7744E-03  0.5012E-03  0.2222E-03  0.4882E-03  0.7105E-03  0.4132E-03  0.3627E-01  0.4142E-02  0.9050E-01  0.2548E-02  0.8468E-01  0.1342E-02  0.1387E+00  0.2939E-03  0.1950E-01
     0.831  0.4319E-03  0.2824E-02  0.1189E-02  0.8162E-03  0.5017E-03  0.2310E-03  0.3745E-03  0.7269E-03  0.3035E-03  0.3602E-01  0.3822E-02  0.9306E-01  0.2049E-02  0.8638E-01  0.1039E-02  0.1383E+00  0.2817E-03  0.1922E-01
     0.841  0.4603E-03  0.2924E-02  0.1239E-02  0.8583E-03  0.5297E-03  0.2397E-03  0.3841E-03  0.7426E-03  0.3136E-03  0.3574E-01  0.3946E-02  0.9560E-01  0.2116E-02  0.8799E-01  0.1054E-02  0.1378E+00  0.2877E-03  0.1893E-01
     0.851  0.4714E-03  0.3014E-02  0.9611E-03  0.9008E-03  0.4538E-03  0.2483E-03  0.3727E-03  0.7576E-03  0.2763E-03  0.3545E-01  0.3021E-02  0.9811E-01  0.1796E-02  0.8951E-01  0.9995E-03  0.1371E+00  0.2251E-03  0.1863E-01
     0.861  0.5242E-03  0.3097E-02  0.1075E-02  0.9437E-03  0.4752E-03  0.2570E-03  0.4571E-03  0.7720E-03  0.3561E-03  0.3513E-01  0.3091E-02  0.1006E+00  0.2431E-02  0.9094E-01  0.1117E-02  0.1362E+00  0.1905E-03  0.1832E-01
     0.871  0.5569E-03  0.3179E-02  0.1181E-02  0.1003E-02  0.5062E-03  0.2684E-03  0.4932E-03  0.7891E-03  0.3883E-03  0.3485E-01  0.3299E-02  0.1043E+00  0.2720E-02  0.9248E-01  0.1162E-02  0.1355E+00  0.1912E-03  0.1814E-01
     0.881  0.5608E-03  0.3264E-02  0.1042E-02  0.1082E-02  0.4752E-03  0.2833E-03  0.4670E-03  0.8093E-03  0.3415E-03  0.3465E-01  0.2907E-02  0.1096E+00  0.2369E-02  0.9423E-01  0.1099E-02  0.1347E+00  0.1802E-03  0.1813E-01
     0.891  0.5631E-03  0.3338E-02  0.9030E-03  0.1163E-02  0.4444E-03  0.2983E-03  0.4379E-03  0.8281E-03  0.2943E-03  0.3444E-01  0.2520E-02  0.1149E+00  0.2012E-02  0.9594E-01  0.1030E-02  0.1338E+00  0.1693E-03  0.1810E-01
     0.901  0.5639E-03  0.3403E-02  0.7648E-03  0.1244E-02  0.4138E-03  0.3133E-03  0.4059E-03  0.8456E-03  0.2468E-03  0.3422E-01  0.2141E-02  0.1202E+00  0.1648E-02  0.9762E-01  0.9576E-03  0.1326E+00  0.1587E-03  0.1805E-01
     0.911  0.5643E-03  0.3404E-02  0.6961E-03  0.1312E-02  0.4002E-03  0.3232E-03  0.3863E-03  0.8426E-03  0.2244E-03  0.3323E-01  0.1943E-02  0.1239E+00  0.1491E-02  0.9711E-01  0.9065E-03  0.1283E+00  0.1494E-03  0.1783E-01
     0.921  0.5638E-03  0.2830E-02  0.6408E-03  0.1202E-02  0.3894E-03  0.2757E-03  0.3686E-03  0.6247E-03  0.2070E-03  0.2387E-01  0.1779E-02  0.1107E+00  0.1374E-02  0.7226E-01  0.8579E-03  0.9063E-01  0.1402E-03  0.1575E-01
     0.931  0.5623E-03  0.2865E-02  0.5866E-03  0.1252E-02  0.3784E-03  0.2837E-03  0.3502E-03  0.5952E-03  0.1900E-03  0.2231E-01  0.1619E-02  0.1121E+00  0.1261E-02  0.7039E-01  0.8074E-03  0.8098E-01  0.1307E-03  0.1511E-01
     0.941  0.5597E-03  0.2922E-02  0.5335E-03  0.1304E-02  0.3672E-03  0.2927E-03  0.3312E-03  0.5823E-03  0.1734E-03  0.2150E-01  0.1462E-02  0.1143E+00  0.1152E-02  0.6970E-01  0.7549E-03  0.7609E-01  0.1210E-03  0.1481E-01
     0.951  0.5590E-03  0.2993E-02  0.4825E-03  0.1358E-02  0.3570E-03  0.3024E-03  0.3132E-03  0.5799E-03  0.1586E-03  0.2118E-01  0.1312E-02  0.1169E+00  0.1053E-02  0.6976E-01  0.7051E-03  0.7420E-01  0.1113E-03  0.1473E-01
     0.961  0.5650E-03  0.3152E-02  0.4349E-03  0.1444E-02  0.3499E-03  0.3203E-03  0.2991E-03  0.6005E-03  0.1475E-03  0.2070E-01  0.1174E-02  0.1188E+00  0.9719E-03  0.7478E-01  0.6653E-03  0.7239E-01  0.1023E-03  0.1390E-01
     0.971  0.5736E-03  0.3296E-02  0.3987E-03  0.1132E-02  0.3483E-03  0.2693E-03  0.2870E-03  0.5932E-03  0.1377E-03  0.1443E-01  0.1074E-02  0.8345E-01  0.9006E-03  0.6832E-01  0.6324E-03  0.6223E-01  0.9636E-04  0.7713E-02
     0.981  0.5860E-03  0.3215E-02  0.3774E-03  0.9841E-03  0.3545E-03  0.2381E-03  0.2781E-03  0.5495E-03  0.1295E-03  0.1223E-01  0.1021E-02  0.7174E-01  0.8405E-03  0.5965E-01  0.6103E-03  0.5640E-01  0.9478E-04  0.6646E-02
     0.991  0.5984E-03  0.3131E-02  0.3563E-03  0.8680E-03  0.3610E-03  0.2123E-03  0.2690E-03  0.5080E-03  0.1213E-03  0.1044E-01  0.9696E-03  0.6284E-01  0.7813E-03  0.5183E-01  0.5876E-03  0.5113E-01  0.9313E-04  0.5941E-02
     1.001  0.6109E-03  0.3036E-02  0.3352E-03  0.7549E-03  0.3676E-03  0.1870E-03  0.2595E-03  0.4653E-03  0.1132E-03  0.8725E-02  0.9184E-03  0.5426E-01  0.7230E-03  0.4409E-01  0.5643E-03  0.4588E-01  0.9139E-04  0.5266E-02
     1.011  0.6233E-03  0.2931E-02  0.3142E-03  0.6465E-03  0.3746E-03  0.1625E-03  0.2498E-03  0.4221E-03  0.1052E-03  0.7113E-02  0.8678E-03  0.4612E-01  0.6656E-03  0.3658E-01  0.5403E-03  0.4071E-01  0.8958E-04  0.4627E-02
     1.022  0.6670E-03  0.2835E-02  0.2956E-03  0.5821E-03  0.3914E-03  0.1488E-03  0.2442E-03  0.3885E-03  0.9841E-04  0.6116E-02  0.8202E-03  0.4101E-01  0.6249E-03  0.3257E-01  0.5174E-03  0.3660E-01  0.8878E-04  0.4141E-02
     1.032  0.7576E-03  0.2817E-02  0.2810E-03  0.5267E-03  0.4231E-03  0.1387E-03  0.2451E-03  0.3685E-03  0.9342E-04  0.5502E-02  0.7768E-03  0.3677E-01  0.6087E-03  0.3005E-01  0.4963E-03  0.3435E-01  0.8947E-04  0.3697E-02
     1.042  0.8473E-03  0.2800E-02  0.2667E-03  0.4726E-03  0.4552E-03  0.1291E-03  0.2456E-03  0.3486E-03  0.8856E-04  0.4924E-02  0.7340E-03  0.3267E-01  0.5926E-03  0.2768E-01  0.4750E-03  0.3215E-01  0.8995E-04  0.3261E-02
     1.052  0.9453E-03  0.2780E-02  0.2588E-03  0.4195E-03  0.4931E-03  0.1195E-03  0.2586E-03  0.3281E-03  0.8846E-04  0.4363E-02  0.7062E-03  0.2865E-01  0.5841E-03  0.2541E-01  0.4853E-03  0.2991E-01  0.9162E-04  0.2830E-02
     1.062  0.1091E-02  0.2757E-02  0.2870E-03  0.3673E-03  0.5787E-03  0.1102E-03  0.3548E-03  0.3068E-03  0.1067E-03  0.3821E-02  0.7597E-03  0.2472E-01  0.6295E-03  0.2322E-01  0.6909E-03  0.2762E-01  0.1061E-03  0.2404E-02
     1.072  0.1271E-02  0.2758E-02  0.3283E-03  0.3364E-03  0.6792E-03  0.1052E-03  0.4675E-03  0.2912E-03  0.1291E-03  0.3463E-02  0.8299E-03  0.2254E-01  0.7041E-03  0.2146E-01  0.9232E-03  0.2599E-01  0.1224E-03  0.2199E-02
     1.082  0.1375E-02  0.2772E-02  0.3540E-03  0.3159E-03  0.7395E-03  0.1024E-03  0.5616E-03  0.2784E-03  0.1463E-03  0.3195E-02  0.8599E-03  0.2123E-01  0.7521E-03  0.1990E-01  0.1121E-02  0.2470E-01  0.1325E-03  0.2102E-02
     1.092  0.1497E-02  0.2786E-02  0.4031E-03  0.2954E-03  0.8104E-03  0.9966E-04  0.7042E-03  0.2653E-03  0.1717E-03  0.2933E-02  0.9346E-03  0.1992E-01  0.8405E-03  0.1839E-01  0.1409E-02  0.2339E-01  0.1506E-03  0.2003E-02
     1.102  0.1530E-02  0.2838E-02  0.4591E-03  0.2758E-03  0.8191E-03  0.9716E-04  0.8665E-03  0.2529E-03  0.2020E-03  0.2679E-02  0.9824E-03  0.1864E-01  0.9563E-03  0.1710E-01  0.1723E-02  0.2208E-01  0.1629E-03  0.1904E-02
     1.112  0.1500E-02  0.3326E-02  0.5032E-03  0.2934E-03  0.7871E-03  0.1019E-03  0.9718E-03  0.2945E-03  0.2180E-03  0.2958E-02  0.9825E-03  0.1874E-01  0.1059E-02  0.1904E-01  0.1887E-02  0.2368E-01  0.1653E-03  0.1870E-02
     1.122  0.1347E-02  0.3816E-02  0.5087E-03  0.3112E-03  0.6924E-03  0.1066E-03  0.8968E-03  0.3365E-03  0.1996E-03  0.3222E-02  0.9024E-03  0.1880E-01  0.1067E-02  0.2101E-01  0.1688E-02  0.2525E-01  0.1440E-03  0.1836E-02
     1.132  0.1355E-02  0.4329E-02  0.5468E-03  0.3351E-03  0.6959E-03  0.1166E-03  0.8645E-03  0.4008E-03  0.1958E-03  0.3479E-02  0.9336E-03  0.1909E-01  0.1127E-02  0.2320E-01  0.1592E-02  0.2814E-01  0.1380E-03  0.1884E-02
     1.142  0.1316E-02  0.4897E-02  0.5736E-03  0.3663E-03  0.6887E-03  0.1289E-03  0.8678E-03  0.4764E-03  0.1960E-03  0.3752E-02  0.9616E-03  0.1957E-01  0.1139E-02  0.2580E-01  0.1601E-02  0.3157E-01  0.1389E-03  0.1965E-02
     1.152  0.1255E-02  0.5569E-02  0.5929E-03  0.4121E-03  0.6782E-03  0.1425E-03  0.9023E-03  0.5627E-03  0.1990E-03  0.4101E-02  0.9837E-03  0.2034E-01  0.1127E-02  0.2928E-01  0.1688E-02  0.3530E-01  0.1456E-03  0.2052E-02
     1.162  0.1209E-02  0.5849E-02  0.6181E-03  0.4468E-03  0.6959E-03  0.1461E-03  0.1019E-02  0.6327E-03  0.2130E-03  0.4333E-02  0.1014E-02  0.2003E-01  0.1132E-02  0.3197E-01  0.1942E-02  0.3741E-01  0.1641E-03  0.2000E-02
     1.172  0.1164E-02  0.5581E-02  0.6413E-03  0.4823E-03  0.7140E-03  0.1449E-03  0.1143E-02  0.7582E-03  0.2270E-03  0.4626E-02  0.1039E-02  0.1914E-01  0.1133E-02  0.3430E-01  0.2210E-02  0.4172E-01  0.1840E-03  0.1921E-02
     1.182  0.1120E-02  0.4929E-02  0.6625E-03  0.4776E-03  0.7326E-03  0.1317E-03  0.1274E-02  0.8313E-03  0.2410E-03  0.4140E-02  0.1061E-02  0.1617E-01  0.1132E-02  0.3395E-01  0.2491E-02  0.4208E-01  0.2053E-03  0.1710E-02
     1.192  0.9133E-03  0.4621E-02  0.5588E-03  0.4709E-03  0.6795E-03  0.1193E-03  0.1136E-02  0.7651E-03  0.2105E-03  0.3521E-02  0.8990E-03  0.1438E-01  0.9878E-03  0.3260E-01  0.2139E-02  0.3696E-01  0.1733E-03  0.1508E-02
     1.202  0.8552E-03  0.4498E-02  0.4475E-03  0.4718E-03  0.6665E-03  0.1166E-03  0.9426E-03  0.7251E-03  0.1739E-03  0.3180E-02  0.7220E-03  0.1386E-01  0.8447E-03  0.3147E-01  0.1696E-02  0.3419E-01  0.1364E-03  0.1452E-02
     1.212  0.8098E-03  0.4244E-02  0.4036E-03  0.4629E-03  0.6577E-03  0.1147E-03  0.8652E-03  0.7028E-03  0.1589E-03  0.3016E-02  0.6514E-03  0.1349E-01  0.7727E-03  0.2965E-01  0.1525E-02  0.3292E-01  0.1219E-03  0.1433E-02
     1.222  0.7708E-03  0.3990E-02  0.3941E-03  0.4528E-03  0.6496E-03  0.1127E-03  0.8254E-03  0.6836E-03  0.1532E-03  0.2851E-02  0.6346E-03  0.1310E-01  0.7450E-03  0.2782E-01  0.1441E-02  0.3182E-01  0.1140E-03  0.1421E-02
     1.232  0.7712E-03  0.3737E-02  0.4001E-03  0.4414E-03  0.6900E-03  0.1108E-03  0.8023E-03  0.6676E-03  0.1524E-03  0.2686E-02  0.6539E-03  0.1267E-01  0.7372E-03  0.2596E-01  0.1383E-02  0.3088E-01  0.1091E-03  0.1416E-02
     1.242  0.1061E-02  0.3484E-02  0.5021E-03  0.4287E-03  0.1166E-02  0.1089E-03  0.8039E-03  0.6546E-03  0.1680E-03  0.2520E-02  0.9364E-03  0.1221E-01  0.8090E-03  0.2408E-01  0.1372E-02  0.3011E-01  0.1212E-03  0.1417E-02
     1.252  0.1354E-02  0.3248E-02  0.6032E-03  0.4178E-03  0.1646E-02  0.1104E-03  0.8061E-03  0.6731E-03  0.1833E-03  0.2407E-02  0.1213E-02  0.1180E-01  0.8799E-03  0.2231E-01  0.1363E-02  0.3086E-01  0.1334E-03  0.1469E-02
     1.262  0.1652E-02  0.3029E-02  0.7054E-03  0.4098E-03  0.2133E-02  0.1179E-03  0.8103E-03  0.7394E-03  0.1988E-03  0.2378E-02  0.1487E-02  0.1146E-01  0.9520E-03  0.2071E-01  0.1355E-02  0.3382E-01  0.1457E-03  0.1588E-02
     1.272  0.1989E-02  0.2760E-02  0.8354E-03  0.3947E-03  0.2648E-02  0.1244E-03  0.8342E-03  0.7792E-03  0.2214E-03  0.2308E-02  0.1792E-02  0.1092E-01  0.1056E-02  0.1902E-01  0.1365E-02  0.3522E-01  0.1590E-03  0.1626E-02
     1.282  0.2326E-02  0.2520E-02  0.9658E-03  0.3581E-03  0.3167E-02  0.1310E-03  0.8594E-03  0.7816E-03  0.2440E-03  0.2118E-02  0.2093E-02  0.9793E-02  0.1160E-02  0.1689E-01  0.1377E-02  0.3461E-01  0.1724E-03  0.1551E-02
     1.292  0.3330E-02  0.2358E-02  0.1449E-02  0.3297E-03  0.4790E-02  0.1363E-03  0.9436E-03  0.7460E-03  0.3130E-03  0.1976E-02  0.3146E-02  0.8943E-02  0.1497E-02  0.1555E-01  0.1507E-02  0.3203E-01  0.2379E-03  0.1367E-02
     1.302  0.3365E-02  0.2286E-02  0.1877E-02  0.3347E-03  0.5147E-02  0.1441E-03  0.9666E-03  0.7266E-03  0.3548E-03  0.2005E-02  0.3846E-02  0.9198E-02  0.1729E-02  0.1509E-01  0.1509E-02  0.3076E-01  0.2779E-03  0.1287E-02
     1.312  0.1466E-02  0.2934E-02  0.1138E-02  0.4047E-03  0.2258E-02  0.2440E-03  0.8560E-03  0.7278E-03  0.2637E-03  0.2392E-02  0.2048E-02  0.1306E-01  0.1254E-02  0.1487E-01  0.1324E-02  0.3130E-01  0.1428E-03  0.1360E-02
     1.322  0.1402E-02  0.3585E-02  0.1112E-02  0.4729E-03  0.2211E-02  0.3434E-03  0.8126E-03  0.7283E-03  0.2569E-03  0.2760E-02  0.1994E-02  0.1677E-01  0.1213E-02  0.1466E-01  0.1253E-02  0.3180E-01  0.1349E-03  0.1433E-02
     1.332  0.1338E-02  0.4291E-02  0.1086E-02  0.5532E-03  0.2162E-02  0.4449E-03  0.7691E-03  0.7366E-03  0.2497E-03  0.3166E-02  0.1937E-02  0.2061E-01  0.1171E-02  0.1480E-01  0.1182E-02  0.3242E-01  0.1271E-03  0.1513E-02
     1.342  0.1274E-02  0.5050E-02  0.1057E-02  0.6503E-03  0.2112E-02  0.5489E-03  0.7254E-03  0.7557E-03  0.2422E-03  0.3631E-02  0.1878E-02  0.2468E-01  0.1128E-02  0.1539E-01  0.1112E-02  0.3323E-01  0.1194E-03  0.1602E-02
     1.352  0.1211E-02  0.6257E-02  0.1026E-02  0.8126E-03  0.2059E-02  0.7225E-03  0.6817E-03  0.7700E-03  0.2342E-03  0.4274E-02  0.1816E-02  0.3132E-01  0.1083E-02  0.1576E-01  0.1042E-02  0.3463E-01  0.1117E-03  0.1898E-02
     1.362  0.1148E-02  0.8046E-02  0.9937E-03  0.1187E-02  0.2005E-02  0.1017E-02  0.6378E-03  0.8343E-03  0.2259E-03  0.5519E-02  0.1751E-02  0.4512E-01  0.1037E-02  0.1752E-01  0.9729E-03  0.3788E-01  0.1041E-03  0.2694E-02
     1.372  0.1115E-02  0.7492E-02  0.9835E-03  0.1162E-02  0.2010E-02  0.9701E-03  0.5984E-03  0.7807E-03  0.2204E-03  0.5244E-02  0.1724E-02  0.4321E-01  0.1006E-02  0.1657E-01  0.9131E-03  0.3488E-01  0.9905E-04  0.2619E-02
     1.382  0.1204E-02  0.3203E-02  0.1084E-02  0.7667E-03  0.2236E-02  0.4533E-03  0.6625E-03  0.6864E-03  0.2475E-03  0.3505E-02  0.1876E-02  0.2430E-01  0.1104E-02  0.1429E-01  0.9892E-03  0.2661E-01  0.1028E-03  0.1519E-02
     1.392  0.1862E-02  0.3024E-02  0.1520E-02  0.7424E-03  0.3376E-02  0.4435E-03  0.1416E-02  0.6454E-03  0.4468E-03  0.3380E-02  0.2600E-02  0.2345E-01  0.1809E-02  0.1334E-01  0.1945E-02  0.2488E-01  0.1360E-03  0.1427E-02
     1.402  0.8868E-03  0.2847E-02  0.8868E-03  0.7165E-03  0.1889E-02  0.4331E-03  0.1675E-03  0.6045E-03  0.1362E-03  0.3250E-02  0.1528E-02  0.2256E-01  0.6843E-03  0.1239E-01  0.3204E-03  0.2317E-01  0.7643E-04  0.1336E-02
     1.412  0.9393E-03  0.2674E-02  0.9768E-03  0.6889E-03  0.2032E-02  0.4222E-03  0.1898E-03  0.5637E-03  0.1517E-03  0.3113E-02  0.1657E-02  0.2163E-01  0.7568E-03  0.1143E-01  0.3546E-03  0.2148E-01  0.8117E-04  0.1245E-02
     1.422  0.1101E-02  0.2503E-02  0.1601E-02  0.6598E-03  0.2364E-02  0.4108E-03  0.4090E-03  0.5230E-03  0.1765E-03  0.2971E-02  0.2443E-02  0.2066E-01  0.8933E-03  0.1047E-01  0.6817E-03  0.1981E-01  0.1792E-03  0.1155E-02
     1.432  0.1272E-02  0.2367E-02  0.2212E-02  0.6363E-03  0.2717E-02  0.4044E-03  0.6269E-03  0.4847E-03  0.2018E-03  0.2844E-02  0.3210E-02  0.1985E-01  0.1030E-02  0.9555E-02  0.1001E-02  0.1826E-01  0.2743E-03  0.1079E-02
     1.442  0.1200E-02  0.2560E-02  0.2644E-02  0.7366E-03  0.2605E-02  0.4656E-03  0.8202E-03  0.5853E-03  0.2021E-03  0.3356E-02  0.3629E-02  0.2231E-01  0.1053E-02  0.1121E-01  0.1231E-02  0.2066E-01  0.3436E-03  0.1116E-02
     1.452  0.1360E-02  0.2796E-02  0.3047E-02  0.8309E-03  0.3075E-02  0.5330E-03  0.1026E-02  0.7073E-03  0.2310E-03  0.3899E-02  0.4113E-02  0.2467E-01  0.1225E-02  0.1298E-01  0.1485E-02  0.2368E-01  0.3960E-03  0.1145E-02
     1.462  0.1669E-02  0.2116E-02  0.3184E-02  0.6130E-03  0.3661E-02  0.4138E-03  0.1239E-02  0.2783E-03  0.2668E-03  0.2345E-02  0.4203E-02  0.1872E-01  0.1376E-02  0.5894E-02  0.1654E-02  0.1090E-01  0.3979E-03  0.9723E-03
     1.472  0.2100E-02  0.2060E-02  0.3475E-02  0.6126E-03  0.4437E-02  0.4096E-03  0.1442E-02  0.1948E-03  0.3129E-03  0.2136E-02  0.4503E-02  0.1849E-01  0.1588E-02  0.4822E-02  0.1840E-02  0.8453E-02  0.4150E-03  0.9903E-03
     1.482  0.2488E-02  0.2202E-02  0.3741E-02  0.7081E-03  0.5127E-02  0.4465E-03  0.1619E-02  0.2270E-03  0.3438E-03  0.2351E-02  0.4751E-02  0.2051E-01  0.1762E-02  0.5502E-02  0.1997E-02  0.9324E-02  0.4326E-03  0.1148E-02
     1.492  0.2883E-02  0.2422E-02  0.4008E-02  0.8651E-03  0.5799E-02  0.4971E-03  0.1798E-02  0.2781E-03  0.3733E-03  0.2619E-02  0.4985E-02  0.2371E-01  0.1931E-02  0.6327E-02  0.2148E-02  0.1067E-01  0.4493E-03  0.1466E-02
     1.502  0.4263E-02  0.2056E-02  0.6716E-02  0.9566E-03  0.7765E-02  0.4539E-03  0.2252E-02  0.3103E-03  0.5989E-03  0.2570E-02  0.7690E-02  0.2405E-01  0.3440E-02  0.6871E-02  0.2497E-02  0.1038E-01  0.5509E-03  0.1589E-02
     1.512  0.3553E-02  0.2114E-02  0.4746E-02  0.1109E-02  0.6824E-02  0.4738E-03  0.1907E-02  0.4138E-03  0.4052E-03  0.2726E-02  0.5487E-02  0.2596E-01  0.2198E-02  0.8159E-02  0.2103E-02  0.1196E-01  0.4653E-03  0.1826E-02
     1.522  0.3516E-02  0.2416E-02  0.4118E-02  0.1363E-02  0.6895E-02  0.5365E-03  0.1827E-02  0.5560E-03  0.3355E-03  0.3091E-02  0.4695E-02  0.3029E-01  0.1817E-02  0.9938E-02  0.1927E-02  0.1477E-01  0.4325E-03  0.2291E-02
     1.532  0.3357E-02  0.3104E-02  0.3461E-02  0.1639E-02  0.6852E-02  0.6458E-03  0.1663E-02  0.7218E-03  0.2697E-03  0.3469E-02  0.3909E-02  0.3492E-01  0.1501E-02  0.1206E-01  0.1710E-02  0.1836E-01  0.3821E-03  0.2795E-02
     1.542  0.3126E-02  0.3841E-02  0.2719E-02  0.1896E-02  0.6767E-02  0.7493E-03  0.1426E-02  0.8855E-03  0.2058E-03  0.3766E-02  0.3019E-02  0.3898E-01  0.1198E-02  0.1411E-01  0.1400E-02  0.2179E-01  0.3070E-03  0.3279E-02
     1.552  0.2989E-02  0.5808E-02  0.2210E-02  0.2742E-02  0.6755E-02  0.9509E-03  0.1311E-02  0.1179E-02  0.1536E-03  0.4619E-02  0.2422E-02  0.5193E-01  0.9487E-03  0.2208E-01  0.1249E-02  0.2781E-01  0.2726E-03  0.4476E-02
     1.562  0.2846E-02  0.5996E-02  0.1977E-02  0.2736E-02  0.6634E-02  0.9646E-03  0.1214E-02  0.1220E-02  0.1212E-03  0.4419E-02  0.2123E-02  0.5136E-01  0.8189E-03  0.2074E-01  0.1137E-02  0.2864E-01  0.2532E-03  0.4692E-02
     1.572  0.2717E-02  0.6018E-02  0.1796E-02  0.2736E-02  0.6547E-02  0.9723E-03  0.1125E-02  0.1249E-02  0.9204E-04  0.4278E-02  0.1868E-02  0.5097E-01  0.6984E-03  0.1963E-01  0.1031E-02  0.2892E-01  0.2365E-03  0.4829E-02
     1.582  0.2656E-02  0.5217E-02  0.1763E-02  0.2481E-02  0.6609E-02  0.8700E-03  0.1098E-02  0.1123E-02  0.7909E-04  0.3478E-02  0.1777E-02  0.4582E-01  0.6488E-03  0.1555E-01  0.9911E-03  0.2520E-01  0.2306E-03  0.4742E-02
     1.592  0.2662E-02  0.4892E-02  0.1835E-02  0.2280E-02  0.6772E-02  0.8460E-03  0.1123E-02  0.1063E-02  0.7926E-04  0.3015E-02  0.1805E-02  0.4200E-01  0.6506E-03  0.1319E-01  0.1000E-02  0.2372E-01  0.2331E-03  0.4540E-02
     1.602  0.2676E-02  0.4375E-02  0.1943E-02  0.1932E-02  0.6945E-02  0.7982E-03  0.1151E-02  0.9328E-03  0.8111E-04  0.2420E-02  0.1868E-02  0.3549E-01  0.6567E-03  0.1014E-01  0.1014E-02  0.2046E-01  0.2381E-03  0.3972E-02
     1.612  0.2732E-02  0.3844E-02  0.1995E-02  0.1625E-02  0.7400E-02  0.7477E-03  0.1152E-02  0.7950E-03  0.8170E-04  0.1899E-02  0.1854E-02  0.2971E-01  0.6734E-03  0.7454E-02  0.9754E-03  0.1709E-01  0.2321E-03  0.3425E-02
     1.622  0.2680E-02  0.3567E-02  0.2037E-02  0.1483E-02  0.7430E-02  0.7162E-03  0.1149E-02  0.7207E-03  0.8189E-04  0.1553E-02  0.1856E-02  0.2666E-01  0.6685E-03  0.5812E-02  0.9564E-03  0.1536E-01  0.2292E-03  0.3197E-02
     1.632  0.2622E-02  0.3456E-02  0.2083E-02  0.1376E-02  0.7442E-02  0.7007E-03  0.1145E-02  0.6615E-03  0.8237E-04  0.1341E-02  0.1861E-02  0.2391E-01  0.6638E-03  0.4924E-02  0.9371E-03  0.1364E-01  0.2262E-03  0.2911E-02
     1.642  0.2557E-02  0.3427E-02  0.2133E-02  0.1343E-02  0.7435E-02  0.7105E-03  0.1140E-02  0.6505E-03  0.8316E-04  0.1278E-02  0.1869E-02  0.2266E-01  0.6593E-03  0.4654E-02  0.9176E-03  0.1308E-01  0.2233E-03  0.2746E-02
     1.652  0.2551E-02  0.3403E-02  0.2201E-02  0.1327E-02  0.7566E-02  0.7202E-03  0.1146E-02  0.6492E-03  0.8574E-04  0.1227E-02  0.1896E-02  0.2170E-01  0.6680E-03  0.4425E-02  0.9072E-03  0.1275E-01  0.2221E-03  0.2632E-02
     1.662  0.2655E-02  0.3431E-02  0.2296E-02  0.1188E-02  0.7955E-02  0.7518E-03  0.1174E-02  0.5959E-03  0.9094E-04  0.1112E-02  0.1952E-02  0.1837E-01  0.6990E-03  0.4093E-02  0.9121E-03  0.1101E-01  0.2239E-03  0.2137E-02
     1.672  0.2759E-02  0.3350E-02  0.2392E-02  0.1189E-02  0.8349E-02  0.7496E-03  0.1201E-02  0.5880E-03  0.9615E-04  0.1096E-02  0.2007E-02  0.1802E-01  0.7303E-03  0.3969E-02  0.9167E-03  0.1065E-01  0.2256E-03  0.2086E-02
     1.682  0.2865E-02  0.3266E-02  0.2488E-02  0.1192E-02  0.8749E-02  0.7463E-03  0.1228E-02  0.5803E-03  0.1014E-03  0.1081E-02  0.2063E-02  0.1768E-01  0.7618E-03  0.3854E-02  0.9210E-03  0.1029E-01  0.2274E-03  0.2037E-02
     1.692  0.3017E-02  0.3178E-02  0.2610E-02  0.1196E-02  0.9319E-02  0.7420E-03  0.1268E-02  0.5727E-03  0.1080E-03  0.1068E-02  0.2134E-02  0.1737E-01  0.8068E-03  0.3748E-02  0.9325E-03  0.9939E-02  0.2301E-03  0.1989E-02
     1.702  0.3188E-02  0.3087E-02  0.2741E-02  0.1202E-02  0.9961E-02  0.7366E-03  0.1313E-02  0.5652E-03  0.1150E-03  0.1056E-02  0.2211E-02  0.1707E-01  0.8582E-03  0.3650E-02  0.9462E-03  0.9593E-02  0.2332E-03  0.1942E-02
     1.712  0.3806E-02  0.2992E-02  0.3451E-02  0.1209E-02  0.1209E-01  0.7302E-03  0.1519E-02  0.5578E-03  0.1516E-03  0.1046E-02  0.2735E-02  0.1679E-01  0.1097E-02  0.3560E-02  0.1064E-02  0.9251E-02  0.2672E-03  0.1897E-02
     1.722  0.4898E-02  0.2894E-02  0.4684E-02  0.1217E-02  0.1573E-01  0.7227E-03  0.1904E-02  0.5505E-03  0.2157E-03  0.1038E-02  0.3664E-02  0.1652E-01  0.1505E-02  0.3478E-02  0.1286E-02  0.8914E-02  0.3295E-03  0.1853E-02
     1.732  0.6074E-02  0.2872E-02  0.5861E-02  0.1235E-02  0.1965E-01  0.7327E-03  0.2368E-02  0.5491E-03  0.2771E-03  0.1046E-02  0.4553E-02  0.1642E-01  0.1900E-02  0.3473E-02  0.1537E-02  0.8696E-02  0.3929E-03  0.1823E-02
     1.742  0.1319E-01  0.2981E-02  0.8981E-02  0.1268E-02  0.4078E-01  0.7752E-03  0.4650E-02  0.5571E-03  0.5835E-03  0.1080E-02  0.6726E-02  0.1657E-01  0.3132E-02  0.3577E-02  0.2891E-02  0.8654E-02  0.5058E-03  0.1813E-02
     1.752  0.1343E-01  0.3092E-02  0.9213E-02  0.1300E-02  0.4185E-01  0.8190E-03  0.4050E-02  0.5647E-03  0.5661E-03  0.1113E-02  0.6691E-02  0.1671E-01  0.3116E-02  0.3680E-02  0.2354E-02  0.8606E-02  0.4518E-03  0.1804E-02
     1.762  0.9270E-02  0.3229E-02  0.6880E-02  0.1356E-02  0.3221E-01  0.8772E-03  0.3075E-02  0.5766E-03  0.4214E-03  0.1165E-02  0.5279E-02  0.1715E-01  0.3032E-02  0.3829E-02  0.1725E-02  0.8587E-02  0.4247E-03  0.1818E-02
     1.772  0.7990E-02  0.3423E-02  0.8536E-02  0.1458E-02  0.2747E-01  0.9639E-03  0.4455E-02  0.5969E-03  0.4607E-03  0.1250E-02  0.6294E-02  0.1813E-01  0.2785E-02  0.4066E-02  0.2535E-02  0.8625E-02  0.5015E-03  0.1876E-02
     1.782  0.6164E-02  0.4520E-02  0.7659E-02  0.2012E-02  0.2123E-01  0.1275E-02  0.3588E-02  0.7864E-03  0.4029E-03  0.1723E-02  0.5509E-02  0.2361E-01  0.2145E-02  0.5971E-02  0.2019E-02  0.1093E-01  0.4187E-03  0.2310E-02
     1.792  0.4815E-02  0.5838E-02  0.6161E-02  0.2618E-02  0.1683E-01  0.1627E-02  0.2809E-02  0.1019E-02  0.3038E-03  0.2246E-02  0.4283E-02  0.2969E-01  0.1529E-02  0.8091E-02  0.1571E-02  0.1327E-01  0.3250E-03  0.2769E-02
     1.802  0.4697E-02  0.6940E-02  0.6168E-02  0.2483E-02  0.1683E-01  0.1998E-02  0.2914E-02  0.9968E-03  0.2857E-03  0.2289E-02  0.4192E-02  0.2821E-01  0.1500E-02  0.7784E-02  0.1635E-02  0.1196E-01  0.3257E-03  0.2505E-02
     1.812  0.5638E-02  0.1048E-01  0.7381E-02  0.3565E-02  0.2119E-01  0.2925E-02  0.3665E-02  0.1453E-02  0.2996E-03  0.4096E-02  0.4938E-02  0.3944E-01  0.1895E-02  0.1160E-01  0.2073E-02  0.1717E-01  0.4221E-03  0.2985E-02
     1.822  0.6495E-02  0.1643E-01  0.8191E-02  0.5620E-02  0.2434E-01  0.4635E-02  0.4040E-02  0.2103E-02  0.3315E-03  0.6567E-02  0.5348E-02  0.6174E-01  0.2028E-02  0.1805E-01  0.2258E-02  0.2342E-01  0.4452E-03  0.4390E-02
     1.832  0.8577E-02  0.1160E-01  0.8857E-02  0.6318E-02  0.3272E-01  0.3685E-02  0.4482E-02  0.1964E-02  0.3749E-03  0.6309E-02  0.5589E-02  0.7103E-01  0.2504E-02  0.1856E-01  0.2415E-02  0.2021E-01  0.4344E-03  0.5363E-02
     1.842  0.9873E-02  0.5433E-02  0.9264E-02  0.3049E-02  0.3928E-01  0.1774E-02  0.4778E-02  0.1024E-02  0.3787E-03  0.2759E-02  0.5727E-02  0.3304E-01  0.3001E-02  0.8169E-02  0.2524E-02  0.9364E-02  0.4557E-03  0.2765E-02
     1.852  0.9994E-02  0.4476E-02  0.9727E-02  0.2746E-02  0.4163E-01  0.1487E-02  0.5192E-02  0.9761E-03  0.3642E-03  0.2233E-02  0.5978E-02  0.2893E-01  0.3235E-02  0.6930E-02  0.2750E-02  0.8952E-02  0.5181E-03  0.2507E-02
     1.862  0.1006E-01  0.4303E-02  0.9646E-02  0.2663E-02  0.4290E-01  0.1542E-02  0.5478E-02  0.9912E-03  0.3516E-03  0.1883E-02  0.5902E-02  0.2769E-01  0.3334E-02  0.6077E-02  0.2892E-02  0.9007E-02  0.5305E-03  0.2505E-02
     1.872  0.1164E-01  0.5320E-02  0.9943E-02  0.3194E-02  0.4882E-01  0.2024E-02  0.7517E-02  0.1165E-02  0.4098E-03  0.2191E-02  0.5927E-02  0.3360E-01  0.3448E-02  0.6717E-02  0.3860E-02  0.1046E-01  0.5491E-03  0.3106E-02
     1.882  0.1108E-01  0.6077E-02  0.9256E-02  0.3512E-02  0.4770E-01  0.2318E-02  0.7311E-02  0.1299E-02  0.3618E-03  0.2343E-02  0.5482E-02  0.3638E-01  0.3407E-02  0.6950E-02  0.3778E-02  0.1149E-01  0.5348E-03  0.3429E-02
     1.892  0.9410E-02  0.6910E-02  0.8087E-02  0.3742E-02  0.4294E-01  0.2603E-02  0.5848E-02  0.1426E-02  0.2610E-03  0.2427E-02  0.4830E-02  0.3780E-01  0.3322E-02  0.7032E-02  0.3119E-02  0.1239E-01  0.5040E-03  0.3631E-02
     1.902  0.8492E-02  0.7872E-02  0.7357E-02  0.3418E-02  0.3919E-01  0.3004E-02  0.5725E-02  0.1521E-02  0.2343E-03  0.2314E-02  0.4355E-02  0.3277E-01  0.3014E-02  0.6944E-02  0.3073E-02  0.1315E-01  0.4717E-03  0.3132E-02
     1.912  0.7325E-02  0.8178E-02  0.1536E-01  0.3507E-02  0.3140E-01  0.3206E-02  0.7681E-02  0.1630E-02  0.3738E-03  0.2300E-02  0.8300E-02  0.3305E-01  0.2162E-02  0.6949E-02  0.4773E-02  0.1420E-01  0.7977E-03  0.3246E-02
     1.922  0.6038E-02  0.1011E-01  0.1273E-01  0.3860E-02  0.2764E-01  0.3834E-02  0.5427E-02  0.2389E-02  0.2928E-03  0.2535E-02  0.6679E-02  0.3526E-01  0.1898E-02  0.8468E-02  0.3371E-02  0.1922E-01  0.6263E-03  0.3637E-02
     1.932  0.5901E-02  0.1041E-01  0.1165E-01  0.3902E-02  0.2815E-01  0.4091E-02  0.4676E-02  0.2477E-02  0.2384E-03  0.2417E-02  0.5957E-02  0.3536E-01  0.1956E-02  0.7874E-02  0.2873E-02  0.2011E-01  0.5560E-03  0.3808E-02
     1.942  0.5806E-02  0.8439E-02  0.1105E-01  0.3622E-02  0.2865E-01  0.3646E-02  0.4182E-02  0.1824E-02  0.1917E-03  0.1986E-02  0.5499E-02  0.3330E-01  0.2033E-02  0.5454E-02  0.2560E-02  0.1631E-01  0.5165E-03  0.3655E-02
     1.952  0.4673E-02  0.7947E-02  0.9749E-02  0.3578E-02  0.2338E-01  0.3487E-02  0.3897E-02  0.1834E-02  0.1529E-03  0.1842E-02  0.4820E-02  0.3251E-01  0.1752E-02  0.4982E-02  0.2385E-02  0.1645E-01  0.4776E-03  0.3657E-02
     1.962  0.3279E-02  0.9592E-02  0.8033E-02  0.6050E-02  0.1660E-01  0.3895E-02  0.3528E-02  0.2765E-02  0.1114E-03  0.2240E-02  0.3948E-02  0.4804E-01  0.1336E-02  0.6422E-02  0.2159E-02  0.2814E-01  0.4211E-03  0.5577E-02
     1.972  0.2177E-02  0.8319E-02  0.6432E-02  0.6274E-02  0.1167E-01  0.3668E-02  0.3238E-02  0.2626E-02  0.7708E-04  0.2313E-02  0.3122E-02  0.5038E-01  0.1007E-02  0.5868E-02  0.1959E-02  0.2644E-01  0.3607E-03  0.5847E-02
     1.982  0.2137E-02  0.5524E-02  0.5127E-02  0.5018E-02  0.1437E-01  0.2427E-02  0.3024E-02  0.1958E-02  0.6499E-04  0.1783E-02  0.2444E-02  0.3852E-01  0.1187E-02  0.4362E-02  0.1721E-02  0.2018E-01  0.2851E-03  0.4393E-02
     1.992  0.2378E-02  0.3451E-02  0.3750E-02  0.4103E-02  0.1890E-01  0.1542E-02  0.2680E-02  0.1471E-02  0.5550E-04  0.1399E-02  0.1740E-02  0.3033E-01  0.1494E-02  0.3438E-02  0.1389E-02  0.1560E-01  0.1976E-03  0.3353E-02
     2.002  0.3179E-02  0.3290E-02  0.3168E-02  0.3636E-02  0.2643E-01  0.1555E-02  0.2859E-02  0.1279E-02  0.5958E-04  0.1152E-02  0.1450E-02  0.2621E-01  0.2052E-02  0.3073E-02  0.1357E-02  0.1355E-01  0.1577E-03  0.2861E-02
     2.012  0.4141E-02  0.3269E-02  0.2803E-02  0.3479E-02  0.3487E-01  0.1581E-02  0.3194E-02  0.1213E-02  0.6635E-04  0.1024E-02  0.1269E-02  0.2451E-01  0.2682E-02  0.2948E-02  0.1417E-02  0.1288E-01  0.1313E-03  0.2673E-02
     2.022  0.6045E-02  0.3292E-02  0.2533E-02  0.3397E-02  0.5071E-01  0.1626E-02  0.4156E-02  0.1166E-02  0.7819E-04  0.9307E-03  0.1144E-02  0.2339E-01  0.3955E-02  0.2868E-02  0.1725E-02  0.1241E-01  0.1262E-03  0.2548E-02
     2.032  0.8477E-02  0.3490E-02  0.2726E-02  0.3393E-02  0.7047E-01  0.1775E-02  0.5609E-02  0.1149E-02  0.9123E-04  0.8861E-03  0.1224E-02  0.2279E-01  0.5540E-02  0.2875E-02  0.2270E-02  0.1207E-01  0.1522E-03  0.2465E-02
     2.042  0.1083E-01  0.3801E-02  0.3100E-02  0.3572E-02  0.8921E-01  0.2020E-02  0.7144E-02  0.1171E-02  0.9354E-04  0.9235E-03  0.1344E-02  0.2371E-01  0.7041E-02  0.3096E-02  0.2866E-02  0.1200E-01  0.1867E-03  0.2529E-02
     2.052  0.8585E-02  0.1689E-02  0.3420E-02  0.2371E-02  0.7425E-01  0.9749E-03  0.6133E-02  0.9108E-03  0.1023E-03  0.6221E-03  0.1489E-02  0.1610E-01  0.5879E-02  0.2136E-02  0.2459E-02  0.8303E-02  0.1728E-03  0.1737E-02
     2.062  0.7434E-02  0.1441E-02  0.3341E-02  0.1570E-02  0.6700E-01  0.9460E-03  0.5096E-02  0.5983E-03  0.1063E-03  0.4910E-03  0.1430E-02  0.1089E-01  0.5265E-02  0.1469E-02  0.2021E-02  0.4708E-02  0.1306E-03  0.1156E-02
     2.072  0.7097E-02  0.1912E-02  0.3515E-02  0.1592E-02  0.6588E-01  0.1310E-02  0.4753E-02  0.6213E-03  0.1136E-03  0.5876E-03  0.1485E-02  0.1148E-01  0.5185E-02  0.1694E-02  0.1868E-02  0.4260E-02  0.1172E-03  0.1188E-02
     2.082  0.7488E-02  0.2798E-02  0.4290E-02  0.1856E-02  0.7083E-01  0.2068E-02  0.5047E-02  0.7757E-03  0.1394E-03  0.8637E-03  0.1792E-02  0.1457E-01  0.5583E-02  0.2507E-02  0.1967E-02  0.4491E-02  0.1274E-03  0.1506E-02
     2.092  0.1232E-01  0.4071E-02  0.9127E-02  0.2159E-02  0.1134E+00  0.3184E-02  0.9259E-02  0.1052E-02  0.3577E-03  0.1204E-02  0.3843E-02  0.1833E-01  0.9081E-02  0.4018E-02  0.3543E-02  0.5452E-02  0.2735E-03  0.1883E-02
     2.102  0.1140E-01  0.6076E-02  0.9044E-02  0.2315E-02  0.1072E+00  0.4206E-02  0.8413E-02  0.1809E-02  0.3334E-03  0.1417E-02  0.3754E-02  0.1963E-01  0.8515E-02  0.4134E-02  0.3224E-02  0.8649E-02  0.2423E-03  0.2274E-02
     2.112  0.9187E-02  0.2469E-02  0.7794E-02  0.1671E-02  0.9029E-01  0.2000E-02  0.6532E-02  0.6471E-03  0.2648E-03  0.8572E-03  0.3201E-02  0.1268E-01  0.7211E-02  0.2891E-02  0.2517E-02  0.3222E-02  0.1873E-03  0.1144E-02
     2.122  0.8626E-02  0.2353E-02  0.7077E-02  0.1696E-02  0.8629E-01  0.1944E-02  0.5687E-02  0.6307E-03  0.2252E-03  0.8633E-03  0.2875E-02  0.1256E-01  0.6729E-02  0.2932E-02  0.2173E-02  0.3146E-02  0.1496E-03  0.1098E-02
     2.132  0.8325E-02  0.2255E-02  0.6491E-02  0.1749E-02  0.8463E-01  0.1906E-02  0.5041E-02  0.6189E-03  0.1914E-03  0.8851E-03  0.2600E-02  0.1263E-01  0.6382E-02  0.3003E-02  0.1904E-02  0.3095E-02  0.1140E-03  0.1065E-02
     2.142  0.1066E-01  0.2810E-02  0.7290E-02  0.2208E-02  0.1107E+00  0.2364E-02  0.6036E-02  0.8084E-03  0.1851E-03  0.1127E-02  0.2832E-02  0.1554E-01  0.7838E-02  0.3760E-02  0.2220E-02  0.4054E-02  0.9867E-04  0.1284E-02
     2.152  0.1341E-01  0.3448E-02  0.8400E-02  0.2741E-02  0.1415E+00  0.2890E-02  0.7415E-02  0.1042E-02  0.1910E-03  0.1419E-02  0.3191E-02  0.1890E-01  0.9699E-02  0.4636E-02  0.2685E-02  0.5277E-02  0.9246E-04  0.1533E-02
     2.162  0.1952E-01  0.4997E-02  0.1230E-01  0.4410E-02  0.2096E+00  0.4196E-02  0.1070E-01  0.1865E-02  0.2662E-03  0.2399E-02  0.4601E-02  0.2953E-01  0.1417E-01  0.7234E-02  0.3844E-02  0.1008E-01  0.1152E-03  0.2334E-02
     2.172  0.2917E-01  0.4234E-02  0.1920E-01  0.3809E-02  0.3188E+00  0.3626E-02  0.1592E-01  0.1497E-02  0.3975E-03  0.2018E-02  0.7098E-02  0.2527E-01  0.2128E-01  0.6092E-02  0.5692E-02  0.7963E-02  0.1600E-03  0.1993E-02
     2.182  0.4442E-01  0.3331E-02  0.3009E-01  0.3081E-02  0.4937E+00  0.2931E-02  0.2507E-01  0.1091E-02  0.6002E-03  0.1570E-02  0.1102E-01  0.2016E-01  0.3282E-01  0.4724E-02  0.8943E-02  0.5671E-02  0.2734E-03  0.1591E-02
     2.192  0.5605E-01  0.2379E-02  0.3943E-01  0.2333E-02  0.6368E+00  0.2191E-02  0.3093E-01  0.7005E-03  0.7952E-03  0.1119E-02  0.1442E-01  0.1490E-01  0.4225E-01  0.3305E-02  0.1106E-01  0.3527E-02  0.2845E-03  0.1183E-02
     2.202  0.5662E-01  0.1734E-02  0.4391E-01  0.1585E-02  0.6513E+00  0.1662E-02  0.3103E-01  0.3752E-03  0.8886E-03  0.6929E-03  0.1599E-01  0.9789E-02  0.4260E-01  0.1911E-02  0.1108E-01  0.1707E-02  0.2945E-03  0.8070E-03
     2.212  0.5645E-01  0.1638E-02  0.4812E-01  0.1405E-02  0.6560E+00  0.1628E-02  0.3080E-01  0.2990E-03  0.9779E-03  0.5888E-03  0.1742E-01  0.8342E-02  0.4207E-01  0.1627E-02  0.1094E-01  0.1193E-02  0.3066E-03  0.6781E-03
     2.222  0.4881E-01  0.1873E-02  0.4555E-01  0.1431E-02  0.5755E+00  0.1889E-02  0.2705E-01  0.3324E-03  0.9348E-03  0.5761E-03  0.1637E-01  0.8262E-02  0.3637E-01  0.1675E-02  0.9556E-02  0.1282E-02  0.2935E-03  0.6790E-03
     2.232  0.4266E-01  0.2094E-02  0.4172E-01  0.1600E-02  0.5138E+00  0.2136E-02  0.2440E-01  0.3694E-03  0.8663E-03  0.6167E-03  0.1488E-01  0.8951E-02  0.3254E-01  0.1823E-02  0.8597E-02  0.1422E-02  0.2831E-03  0.7372E-03
     2.242  0.3454E-01  0.2320E-02  0.3716E-01  0.1768E-02  0.4298E+00  0.2393E-02  0.2141E-01  0.4066E-03  0.7758E-03  0.6571E-03  0.1311E-01  0.9630E-02  0.2709E-01  0.1973E-02  0.7570E-02  0.1561E-02  0.2133E-03  0.7946E-03
     2.252  0.3175E-01  0.2561E-02  0.3760E-01  0.1935E-02  0.4047E+00  0.2677E-02  0.2046E-01  0.4439E-03  0.7852E-03  0.6975E-03  0.1314E-01  0.1030E-01  0.2541E-01  0.2135E-02  0.7218E-02  0.1701E-02  0.2178E-03  0.8511E-03
     2.262  0.2371E-01  0.4234E-02  0.2851E-01  0.2977E-02  0.3118E+00  0.4211E-02  0.1655E-01  0.7935E-03  0.5825E-03  0.9429E-03  0.9905E-02  0.1530E-01  0.1971E-01  0.2771E-02  0.5803E-02  0.2994E-02  0.1822E-03  0.1356E-02
     2.272  0.2158E-01  0.6742E-02  0.2931E-01  0.5162E-02  0.2962E+00  0.6717E-02  0.1607E-01  0.1192E-02  0.5955E-03  0.1550E-02  0.1003E-01  0.2580E-01  0.1874E-01  0.4238E-02  0.5598E-02  0.4965E-02  0.1974E-03  0.2384E-02
     2.282  0.1736E-01  0.6573E-02  0.2212E-01  0.5463E-02  0.2509E+00  0.6826E-02  0.1401E-01  0.1071E-02  0.4340E-03  0.1715E-02  0.7536E-02  0.2679E-01  0.1611E-01  0.4618E-02  0.4838E-02  0.4809E-02  0.1504E-03  0.2417E-02
     2.292  0.1542E-01  0.6648E-02  0.1778E-01  0.5222E-02  0.2307E+00  0.7121E-02  0.1333E-01  0.1050E-02  0.3387E-03  0.1673E-02  0.6074E-02  0.2533E-01  0.1505E-01  0.4695E-02  0.4593E-02  0.4835E-02  0.1200E-03  0.2261E-02
     2.302  0.2915E-01  0.6598E-02  0.3004E-01  0.4939E-02  0.4697E+00  0.7193E-02  0.2694E-01  0.1022E-02  0.5485E-03  0.1554E-02  0.1029E-01  0.2345E-01  0.3192E-01  0.4585E-02  0.9273E-02  0.4650E-02  0.2644E-03  0.2052E-02
     2.312  0.2429E-01  0.6245E-02  0.3213E-01  0.4534E-02  0.3973E+00  0.7012E-02  0.2289E-01  0.9319E-03  0.6120E-03  0.1392E-02  0.1099E-01  0.2093E-01  0.2534E-01  0.4343E-02  0.7834E-02  0.4154E-02  0.2385E-03  0.1776E-02
     2.322  0.2574E-01  0.7122E-02  0.3225E-01  0.4582E-02  0.4324E+00  0.8109E-02  0.2448E-01  0.1004E-02  0.6324E-03  0.1371E-02  0.1113E-01  0.2060E-01  0.2752E-01  0.4604E-02  0.8336E-02  0.4638E-02  0.2183E-03  0.1750E-02
     2.332  0.2385E-01  0.6546E-02  0.2731E-01  0.5767E-02  0.4151E+00  0.7530E-02  0.2501E-01  0.9558E-03  0.5713E-03  0.1735E-02  0.9537E-02  0.2439E-01  0.2661E-01  0.5020E-02  0.8395E-02  0.4356E-02  0.1560E-03  0.1822E-02
     2.342  0.1001E-01  0.3464E-02  0.1426E-01  0.2402E-02  0.1714E+00  0.4528E-02  0.9138E-02  0.5164E-03  0.2590E-03  0.6599E-03  0.4727E-02  0.1036E-01  0.1097E-01  0.2636E-02  0.3097E-02  0.1679E-02  0.8406E-04  0.8072E-03
     2.352  0.9644E-02  0.3701E-02  0.1413E-01  0.2368E-02  0.1687E+00  0.5023E-02  0.9129E-02  0.5374E-03  0.2544E-03  0.6284E-03  0.4648E-02  0.9901E-02  0.1080E-01  0.2679E-02  0.3077E-02  0.1645E-02  0.8393E-04  0.7705E-03
     2.362  0.9554E-02  0.3965E-02  0.1476E-01  0.2378E-02  0.1727E+00  0.5589E-02  0.9535E-02  0.5676E-03  0.2657E-03  0.6081E-03  0.4797E-02  0.9651E-02  0.1102E-01  0.2775E-02  0.3196E-02  0.1646E-02  0.8854E-04  0.7539E-03
     2.372  0.9531E-02  0.4426E-02  0.1551E-01  0.2519E-02  0.1784E+00  0.6444E-02  0.1023E-01  0.6328E-03  0.2808E-03  0.6094E-03  0.4984E-02  0.9912E-02  0.1136E-01  0.3009E-02  0.3404E-02  0.1788E-02  0.9470E-04  0.7882E-03
     2.382  0.9452E-02  0.4927E-02  0.1624E-01  0.2670E-02  0.1828E+00  0.7367E-02  0.1082E-01  0.7044E-03  0.2942E-03  0.6121E-03  0.5154E-02  0.1021E-01  0.1162E-01  0.3265E-02  0.3579E-02  0.1942E-02  0.1011E-03  0.8266E-03
     2.392  0.9342E-02  0.5466E-02  0.1700E-01  0.2827E-02  0.1866E+00  0.8347E-02  0.1135E-01  0.7819E-03  0.3071E-03  0.6164E-03  0.5327E-02  0.1054E-01  0.1183E-01  0.3539E-02  0.3733E-02  0.2097E-02  0.1081E-03  0.8677E-03
     2.402  0.9325E-02  0.6055E-02  0.1783E-01  0.2993E-02  0.1906E+00  0.9396E-02  0.1183E-01  0.8668E-03  0.3214E-03  0.6224E-03  0.5531E-02  0.1089E-01  0.1205E-01  0.3834E-02  0.3878E-02  0.2255E-02  0.1156E-03  0.9123E-03
     2.412  0.9298E-02  0.6665E-02  0.1869E-01  0.3162E-02  0.1941E+00  0.1049E-01  0.1225E-01  0.9564E-03  0.3356E-03  0.6298E-03  0.5740E-02  0.1127E-01  0.1223E-01  0.4145E-02  0.4002E-02  0.2417E-02  0.1235E-03  0.9597E-03
     2.423  0.9291E-02  0.7298E-02  0.1957E-01  0.3335E-02  0.1980E+00  0.1163E-01  0.1265E-01  0.1050E-02  0.3490E-03  0.6385E-03  0.5948E-02  0.1167E-01  0.1245E-01  0.4472E-02  0.4121E-02  0.2581E-02  0.1321E-03  0.1010E-02
     2.433  0.1386E-01  0.8952E-02  0.3194E-01  0.3641E-02  0.3292E+00  0.1427E-01  0.2118E-01  0.1303E-02  0.5397E-03  0.6677E-03  0.9858E-02  0.1248E-01  0.2066E-01  0.5155E-02  0.6926E-02  0.3062E-02  0.1966E-03  0.1126E-02
     2.443  0.9651E-02  0.1087E-01  0.2524E-01  0.4001E-02  0.2238E+00  0.1739E-01  0.1438E-01  0.1623E-02  0.4438E-03  0.7100E-03  0.7463E-02  0.1354E-01  0.1394E-01  0.5972E-02  0.4643E-02  0.3660E-02  0.1760E-03  0.1278E-02
     2.453  0.8506E-02  0.1111E-01  0.2297E-01  0.3965E-02  0.1984E+00  0.1821E-01  0.1287E-01  0.1626E-02  0.3987E-03  0.7016E-03  0.6685E-02  0.1306E-01  0.1236E-01  0.6160E-02  0.4117E-02  0.3429E-02  0.1648E-03  0.1216E-02
     2.463  0.7284E-02  0.1028E-01  0.1999E-01  0.3734E-02  0.1700E+00  0.1722E-01  0.1128E-01  0.1482E-02  0.3406E-03  0.6372E-03  0.5719E-02  0.1181E-01  0.1060E-01  0.5715E-02  0.3566E-02  0.3053E-02  0.1480E-03  0.1072E-02
     2.473  0.6124E-02  0.9467E-02  0.1713E-01  0.3498E-02  0.1431E+00  0.1636E-01  0.9763E-02  0.1348E-02  0.2822E-03  0.5657E-03  0.4790E-02  0.1055E-01  0.8918E-02  0.5311E-02  0.3038E-02  0.2694E-02  0.1317E-03  0.9329E-03
     2.483  0.4721E-02  0.8805E-02  0.1440E-01  0.3273E-02  0.1113E+00  0.1593E-01  0.7978E-02  0.1254E-02  0.2261E-03  0.4895E-03  0.3831E-02  0.9332E-02  0.6913E-02  0.5042E-02  0.2432E-02  0.2423E-02  0.1143E-03  0.8085E-03
     2.493  0.3829E-02  0.8271E-02  0.1193E-01  0.3144E-02  0.8916E-01  0.1591E-01  0.6703E-02  0.1203E-02  0.1722E-03  0.4257E-03  0.3024E-02  0.8390E-02  0.5545E-02  0.4912E-02  0.1989E-02  0.2242E-02  0.9815E-04  0.7103E-03
     2.503  0.3298E-02  0.7715E-02  0.1169E-01  0.3042E-02  0.7890E-01  0.1589E-01  0.6463E-02  0.1154E-02  0.1620E-03  0.3729E-03  0.2807E-02  0.7594E-02  0.4925E-02  0.4819E-02  0.1831E-02  0.2065E-02  0.1009E-03  0.6198E-03
     2.513  0.2848E-02  0.7257E-02  0.1171E-01  0.2987E-02  0.7068E-01  0.1593E-01  0.6336E-02  0.1121E-02  0.1577E-03  0.3380E-03  0.2668E-02  0.7042E-02  0.4430E-02  0.4780E-02  0.1709E-02  0.1924E-02  0.1055E-03  0.5498E-03
     2.523  0.2417E-02  0.7460E-02  0.1172E-01  0.3053E-02  0.6287E-01  0.1702E-01  0.6226E-02  0.1178E-02  0.1536E-03  0.3398E-03  0.2530E-02  0.6962E-02  0.3960E-02  0.5088E-02  0.1593E-02  0.1930E-02  0.1100E-03  0.5310E-03
     2.533  0.2051E-02  0.7692E-02  0.1139E-01  0.3148E-02  0.5514E-01  0.1820E-01  0.5703E-02  0.1236E-02  0.1463E-03  0.3437E-03  0.2367E-02  0.6933E-02  0.3452E-02  0.5414E-02  0.1414E-02  0.1936E-02  0.1065E-03  0.5142E-03
     2.543  0.1844E-02  0.8238E-02  0.1246E-01  0.3752E-02  0.5206E-01  0.2002E-01  0.6230E-02  0.1411E-02  0.1588E-03  0.4166E-03  0.2453E-02  0.8041E-02  0.3295E-02  0.5978E-02  0.1451E-02  0.2233E-02  0.1243E-03  0.5621E-03
     2.553  0.1694E-02  0.8924E-02  0.1534E-01  0.4401E-02  0.5079E-01  0.2218E-01  0.7686E-02  0.1615E-02  0.2007E-03  0.4936E-03  0.2844E-02  0.9169E-02  0.3281E-02  0.6581E-02  0.1655E-02  0.2551E-02  0.1640E-03  0.6077E-03
     2.563  0.1503E-02  0.9338E-02  0.1258E-01  0.4437E-02  0.4555E-01  0.2399E-01  0.6304E-02  0.1674E-02  0.1655E-03  0.4772E-03  0.2334E-02  0.8875E-02  0.2873E-02  0.6965E-02  0.1372E-02  0.2497E-02  0.1189E-03  0.5770E-03
     2.573  0.1359E-02  0.9698E-02  0.1194E-01  0.4462E-02  0.4215E-01  0.2553E-01  0.5927E-02  0.1728E-02  0.1552E-03  0.4605E-03  0.2166E-02  0.8612E-02  0.2655E-02  0.7282E-02  0.1273E-02  0.2465E-02  0.1100E-03  0.5529E-03
     2.583  0.1218E-02  0.1032E-01  0.1139E-01  0.4919E-02  0.3884E-01  0.2755E-01  0.5585E-02  0.1891E-02  0.1461E-03  0.5154E-03  0.2015E-02  0.9384E-02  0.2446E-02  0.7773E-02  0.1181E-02  0.2722E-02  0.1025E-03  0.6013E-03
     2.593  0.1081E-02  0.1124E-01  0.1085E-01  0.5973E-02  0.3559E-01  0.3016E-01  0.5246E-02  0.2215E-02  0.1370E-03  0.6808E-03  0.1867E-02  0.1165E-01  0.2240E-02  0.8542E-02  0.1090E-02  0.3430E-02  0.9533E-04  0.7622E-03
     2.603  0.9470E-03  0.1207E-01  0.1033E-01  0.6927E-02  0.3240E-01  0.3268E-01  0.4910E-02  0.2528E-02  0.1278E-03  0.8458E-03  0.1722E-02  0.1377E-01  0.2038E-02  0.9385E-02  0.1001E-02  0.4152E-02  0.8837E-04  0.9233E-03
     2.613  0.8164E-03  0.1225E-01  0.9825E-02  0.5836E-02  0.2927E-01  0.3498E-01  0.4577E-02  0.2294E-02  0.1187E-03  0.6059E-03  0.1582E-02  0.1054E-01  0.1840E-02  0.9894E-02  0.9124E-03  0.3192E-02  0.8166E-04  0.6482E-03
     2.623  0.6891E-03  0.1220E-01  0.9330E-02  0.5672E-02  0.2621E-01  0.3546E-01  0.4246E-02  0.2277E-02  0.1095E-03  0.5694E-03  0.1444E-02  0.9939E-02  0.1646E-02  0.9970E-02  0.8254E-03  0.3040E-02  0.7520E-04  0.5912E-03
     2.633  0.5650E-03  0.1211E-01  0.8848E-02  0.5503E-02  0.2320E-01  0.3584E-01  0.3917E-02  0.2261E-02  0.1003E-03  0.5344E-03  0.1310E-02  0.9355E-02  0.1456E-02  0.1002E-01  0.7396E-03  0.2898E-02  0.6900E-04  0.5369E-03
     2.643  0.4885E-03  0.1198E-01  0.8492E-02  0.5331E-02  0.2093E-01  0.3610E-01  0.3623E-02  0.2245E-02  0.9163E-04  0.5011E-03  0.1191E-02  0.8787E-02  0.1313E-02  0.1005E-01  0.6646E-03  0.2765E-02  0.6297E-04  0.4854E-03
     2.653  0.4243E-03  0.1181E-01  0.8629E-02  0.5154E-02  0.1947E-01  0.3625E-01  0.3433E-02  0.2229E-02  0.8512E-04  0.4694E-03  0.1131E-02  0.8234E-02  0.1207E-02  0.1004E-01  0.6008E-03  0.2641E-02  0.6031E-04  0.4366E-03
     2.663  0.3643E-03  0.1160E-01  0.1010E-01  0.4973E-02  0.2097E-01  0.3630E-01  0.3929E-02  0.2213E-02  0.8682E-04  0.4393E-03  0.1193E-02  0.7695E-02  0.1255E-02  0.1002E-01  0.6100E-03  0.2527E-02  0.6844E-04  0.3905E-03
     2.673  0.3235E-03  0.1500E-01  0.1123E-01  0.6377E-02  0.2302E-01  0.4691E-01  0.4617E-02  0.2863E-02  0.8851E-04  0.4999E-03  0.1231E-02  0.9093E-02  0.1373E-02  0.1233E-01  0.6696E-03  0.3085E-02  0.7426E-04  0.4007E-03
     2.683  0.2930E-03  0.1640E-01  0.1265E-01  0.7226E-02  0.2550E-01  0.5279E-01  0.5498E-02  0.3446E-02  0.9492E-04  0.6109E-03  0.1308E-02  0.1016E-01  0.1529E-02  0.1381E-01  0.7622E-03  0.3700E-02  0.8248E-04  0.4309E-03
     2.693  0.2645E-03  0.1781E-01  0.1387E-01  0.8171E-02  0.2591E-01  0.5884E-01  0.6065E-02  0.4044E-02  0.9995E-04  0.7387E-03  0.1384E-02  0.1139E-01  0.1545E-02  0.1529E-01  0.8065E-03  0.4315E-02  0.8862E-04  0.4667E-03
     2.703  0.2329E-03  0.1948E-01  0.1454E-01  0.9256E-02  0.2485E-01  0.6559E-01  0.6424E-02  0.4672E-02  0.1010E-03  0.8859E-03  0.1392E-02  0.1286E-01  0.1467E-02  0.1694E-01  0.8140E-03  0.4952E-02  0.9018E-04  0.5146E-03
     2.713  0.2007E-03  0.2260E-01  0.1371E-01  0.1145E-01  0.2215E-01  0.7683E-01  0.6416E-02  0.5367E-02  0.8918E-04  0.1115E-02  0.1227E-02  0.1590E-01  0.1283E-02  0.1952E-01  0.7608E-03  0.5559E-02  0.8119E-04  0.6276E-03
     2.723  0.1698E-03  0.2661E-01  0.1309E-01  0.1407E-01  0.1929E-01  0.9072E-01  0.6295E-02  0.6139E-02  0.7864E-04  0.1361E-02  0.1085E-02  0.1939E-01  0.1090E-02  0.2258E-01  0.6912E-03  0.6185E-02  0.7349E-04  0.7447E-03
     2.733  0.1400E-03  0.2309E-01  0.1271E-01  0.1014E-01  0.1568E-01  0.8348E-01  0.5848E-02  0.5587E-02  0.7005E-04  0.8306E-03  0.9752E-03  0.1331E-01  0.8629E-03  0.2203E-01  0.5832E-03  0.5575E-02  0.6677E-04  0.5948E-03
     2.743  0.1153E-03  0.1853E-01  0.1273E-01  0.6271E-02  0.1138E-01  0.7247E-01  0.5114E-02  0.5296E-02  0.6592E-04  0.4544E-03  0.9398E-03  0.7526E-02  0.6180E-03  0.2018E-01  0.4415E-03  0.5382E-02  0.6184E-04  0.3960E-03
     2.753  0.9709E-04  0.1862E-01  0.1309E-01  0.5939E-02  0.8473E-02  0.7687E-01  0.4835E-02  0.5825E-02  0.6456E-04  0.3785E-03  0.9263E-03  0.6335E-02  0.4569E-03  0.2112E-01  0.3538E-03  0.5818E-02  0.5906E-04  0.2948E-03
     2.763  0.9128E-04  0.2087E-01  0.1398E-01  0.6765E-02  0.8490E-02  0.8812E-01  0.5341E-02  0.6702E-02  0.6648E-04  0.4189E-03  0.9430E-03  0.6939E-02  0.4563E-03  0.2389E-01  0.3628E-03  0.6568E-02  0.6127E-04  0.2860E-03
     2.773  0.8552E-04  0.2371E-01  0.1489E-01  0.7823E-02  0.8504E-02  0.1020E+00  0.5856E-02  0.7767E-02  0.6841E-04  0.4719E-03  0.9599E-03  0.7837E-02  0.4554E-03  0.2745E-01  0.3717E-03  0.7528E-02  0.6349E-04  0.2997E-03
     2.783  0.7978E-04  0.2701E-01  0.1591E-01  0.9132E-02  0.8499E-02  0.1184E+00  0.6387E-02  0.9021E-02  0.7074E-04  0.5368E-03  0.9797E-03  0.8974E-02  0.4549E-03  0.3166E-01  0.3803E-03  0.8662E-02  0.6597E-04  0.3191E-03
     2.793  0.7410E-04  0.3043E-01  0.1703E-01  0.1049E-01  0.8480E-02  0.1355E+00  0.6931E-02  0.1032E-01  0.7336E-04  0.6038E-03  0.1001E-02  0.1014E-01  0.4544E-03  0.3604E-01  0.3884E-03  0.9838E-02  0.6859E-04  0.3374E-03
     2.803  0.6750E-04  0.3967E-01  0.2007E-01  0.1356E-01  0.8354E-02  0.1784E+00  0.7852E-02  0.1321E-01  0.8910E-04  0.7190E-03  0.1095E-02  0.1258E-01  0.4397E-03  0.4712E-01  0.3929E-03  0.1230E-01  0.7322E-04  0.3589E-03
     2.813  0.6485E-04  0.5558E-01  0.2135E-01  0.1868E-01  0.8396E-02  0.2525E+00  0.8484E-02  0.1796E-01  0.9370E-04  0.9087E-03  0.1116E-02  0.1660E-01  0.4402E-03  0.6664E-01  0.4053E-03  0.1631E-01  0.7511E-04  0.3933E-03
     2.823  0.6307E-04  0.8370E-01  0.2340E-01  0.2804E-01  0.8534E-02  0.3849E+00  0.9299E-02  0.2630E-01  0.1004E-03  0.1248E-02  0.1156E-02  0.2408E-01  0.4494E-03  0.1013E+00  0.4262E-03  0.2331E-01  0.7854E-04  0.4480E-03
     2.833  0.6112E-04  0.1034E+00  0.2556E-01  0.3532E-01  0.8670E-02  0.4793E+00  0.1015E-01  0.3262E-01  0.1073E-03  0.1540E-02  0.1196E-02  0.3015E-01  0.4583E-03  0.1253E+00  0.4468E-03  0.2868E-01  0.8210E-04  0.4991E-03
     2.843  0.5757E-04  0.1264E+00  0.2777E-01  0.4387E-01  0.8745E-02  0.5935E+00  0.1122E-01  0.4032E-01  0.1148E-03  0.1855E-02  0.1230E-02  0.3698E-01  0.4635E-03  0.1545E+00  0.4686E-03  0.3526E-01  0.8548E-04  0.5176E-03
     2.853  0.5538E-04  0.1215E+00  0.2931E-01  0.4352E-01  0.8777E-02  0.5842E+00  0.1215E-01  0.4078E-01  0.1188E-03  0.1921E-02  0.1238E-02  0.3669E-01  0.4661E-03  0.1514E+00  0.4801E-03  0.3598E-01  0.8739E-04  0.4730E-03
     2.863  0.4098E-04  0.1240E+00  0.3175E-01  0.4581E-01  0.8633E-02  0.6156E+00  0.1485E-01  0.4497E-01  0.1309E-03  0.2197E-02  0.1236E-02  0.3862E-01  0.4727E-03  0.1582E+00  0.5417E-03  0.4022E-01  0.9181E-04  0.4408E-03
     2.873  0.4226E-04  0.1108E+00  0.3351E-01  0.4242E-01  0.8821E-02  0.5627E+00  0.1606E-01  0.4279E-01  0.1357E-03  0.2129E-02  0.1256E-02  0.3625E-01  0.4817E-03  0.1443E+00  0.5571E-03  0.3878E-01  0.9445E-04  0.4653E-03
     2.883  0.4353E-04  0.9036E-01  0.3528E-01  0.3611E-01  0.9000E-02  0.4684E+00  0.1730E-01  0.3676E-01  0.1407E-03  0.1897E-02  0.1277E-02  0.3135E-01  0.4901E-03  0.1199E+00  0.5722E-03  0.3363E-01  0.9701E-04  0.4568E-03
     2.893  0.4478E-04  0.7019E-01  0.3706E-01  0.2948E-01  0.9170E-02  0.3696E+00  0.1856E-01  0.2933E-01  0.1457E-03  0.1586E-02  0.1297E-02  0.2589E-01  0.4977E-03  0.9439E-01  0.5869E-03  0.2691E-01  0.9951E-04  0.3996E-03
     2.903  0.4602E-04  0.5030E-01  0.3885E-01  0.2301E-01  0.9331E-02  0.2702E+00  0.1984E-01  0.2176E-01  0.1508E-03  0.1276E-02  0.1317E-02  0.2056E-01  0.5045E-03  0.6850E-01  0.6015E-03  0.1999E-01  0.1019E-03  0.3332E-03
     2.913  0.4725E-04  0.4202E-01  0.4065E-01  0.2112E-01  0.9482E-02  0.2312E+00  0.2115E-01  0.1880E-01  0.1560E-03  0.1218E-02  0.1337E-02  0.1906E-01  0.5106E-03  0.5814E-01  0.6157E-03  0.1726E-01  0.1043E-03  0.2997E-03
     2.923  0.4847E-04  0.4017E-01  0.4246E-01  0.2131E-01  0.9625E-02  0.2244E+00  0.2247E-01  0.1831E-01  0.1613E-03  0.1252E-02  0.1357E-02  0.1937E-01  0.5159E-03  0.5631E-01  0.6296E-03  0.1680E-01  0.1066E-03  0.3097E-03
     2.933  0.5005E-04  0.3925E-01  0.4473E-01  0.2204E-01  0.9665E-02  0.2233E+00  0.2396E-01  0.1838E-01  0.1620E-03  0.1316E-02  0.1352E-02  0.2019E-01  0.5105E-03  0.5609E-01  0.6265E-03  0.1690E-01  0.1090E-03  0.3483E-03
     2.943  0.4137E-04  0.3881E-01  0.3960E-01  0.2330E-01  0.8293E-02  0.2256E+00  0.2365E-01  0.1873E-01  0.1209E-03  0.1410E-02  0.1063E-02  0.2149E-01  0.4202E-03  0.5669E-01  0.5242E-03  0.1724E-01  0.9360E-04  0.4022E-03
     2.953  0.4112E-04  0.3806E-01  0.3899E-01  0.2396E-01  0.7764E-02  0.2249E+00  0.2441E-01  0.1874E-01  0.1114E-03  0.1450E-02  0.9588E-03  0.2216E-01  0.3862E-03  0.5666E-01  0.4927E-03  0.1724E-01  0.8627E-04  0.4452E-03
     2.963  0.4099E-04  0.3772E-01  0.3830E-01  0.2463E-01  0.7274E-02  0.2256E+00  0.2507E-01  0.1890E-01  0.1012E-03  0.1489E-02  0.8546E-03  0.2280E-01  0.3541E-03  0.5696E-01  0.4587E-03  0.1739E-01  0.7893E-04  0.4902E-03
     2.973  0.4251E-04  0.3836E-01  0.3998E-01  0.2592E-01  0.7018E-02  0.2342E+00  0.2837E-01  0.1968E-01  0.9584E-04  0.1564E-02  0.7875E-03  0.2396E-01  0.3327E-03  0.5940E-01  0.4505E-03  0.1810E-01  0.7523E-04  0.5470E-03
     2.983  0.4480E-04  0.3805E-01  0.4323E-01  0.2692E-01  0.6841E-02  0.2366E+00  0.3366E-01  0.2016E-01  0.9177E-04  0.1641E-02  0.7378E-03  0.2491E-01  0.3144E-03  0.6013E-01  0.4542E-03  0.1853E-01  0.7436E-04  0.6005E-03
     2.993  0.4722E-04  0.3697E-01  0.4610E-01  0.2745E-01  0.6846E-02  0.2335E+00  0.3857E-01  0.2025E-01  0.8721E-04  0.1694E-02  0.6919E-03  0.2544E-01  0.3043E-03  0.5936E-01  0.4560E-03  0.1860E-01  0.7405E-04  0.6443E-03
     3.003  0.4969E-04  0.3500E-01  0.4867E-01  0.2724E-01  0.6944E-02  0.2249E+00  0.4334E-01  0.1982E-01  0.8219E-04  0.1691E-02  0.6440E-03  0.2523E-01  0.2977E-03  0.5712E-01  0.4561E-03  0.1817E-01  0.7350E-04  0.6708E-03
     3.013  0.5387E-04  0.3096E-01  0.5396E-01  0.2470E-01  0.7264E-02  0.2024E+00  0.5111E-01  0.1778E-01  0.8184E-04  0.1483E-02  0.6322E-03  0.2262E-01  0.2989E-03  0.5129E-01  0.4638E-03  0.1616E-01  0.7551E-04  0.6072E-03
     3.023  0.5904E-04  0.2741E-01  0.6060E-01  0.2259E-01  0.7671E-02  0.1822E+00  0.5933E-01  0.1605E-01  0.8431E-04  0.1314E-02  0.6436E-03  0.2049E-01  0.3043E-03  0.4603E-01  0.4768E-03  0.1446E-01  0.7927E-04  0.5622E-03
     3.033  0.6562E-04  0.2440E-01  0.6784E-01  0.2071E-01  0.8365E-02  0.1642E+00  0.7026E-01  0.1481E-01  0.8874E-04  0.1219E-02  0.6548E-03  0.1871E-01  0.3150E-03  0.4139E-01  0.4972E-03  0.1330E-01  0.8374E-04  0.5307E-03
     3.043  0.6562E-04  0.2063E-01  0.7415E-01  0.1810E-01  0.7720E-02  0.1399E+00  0.7742E-01  0.1324E-01  0.6341E-04  0.1115E-02  0.5515E-03  0.1631E-01  0.2443E-03  0.3528E-01  0.3754E-03  0.1185E-01  0.8369E-04  0.4846E-03
     3.053  0.6981E-04  0.1683E-01  0.8147E-01  0.1600E-01  0.7887E-02  0.1150E+00  0.8533E-01  0.1166E-01  0.5933E-04  0.1012E-02  0.5491E-03  0.1437E-01  0.2373E-03  0.2874E-01  0.3611E-03  0.1033E-01  0.8720E-04  0.4644E-03
     3.063  0.7403E-04  0.1514E-01  0.8878E-01  0.1521E-01  0.8045E-02  0.1059E+00  0.9352E-01  0.1110E-01  0.5545E-04  0.9607E-03  0.5439E-03  0.1355E-01  0.2305E-03  0.2639E-01  0.3490E-03  0.9751E-02  0.9017E-04  0.4614E-03
     3.073  0.7824E-04  0.1344E-01  0.9602E-01  0.1445E-01  0.8197E-02  0.9669E-01  0.1020E+00  0.1054E-01  0.5185E-04  0.9098E-03  0.5358E-03  0.1276E-01  0.2240E-03  0.2405E-01  0.3406E-03  0.9180E-02  0.9260E-04  0.4624E-03
     3.083  0.8144E-04  0.1173E-01  0.1016E+00  0.1374E-01  0.8266E-02  0.8749E-01  0.1088E+00  0.9993E-02  0.4827E-04  0.8607E-03  0.5183E-03  0.1202E-01  0.2148E-03  0.2169E-01  0.3273E-03  0.8617E-02  0.9264E-04  0.4678E-03
     3.093  0.7265E-04  0.1012E-01  0.8858E-01  0.1311E-01  0.7473E-02  0.7867E-01  0.9524E-01  0.9431E-02  0.4159E-04  0.8117E-03  0.4154E-03  0.1136E-01  0.1767E-03  0.1945E-01  0.2401E-03  0.8047E-02  0.7112E-04  0.4774E-03
     3.103  0.6262E-04  0.8569E-02  0.7522E-01  0.1251E-01  0.6566E-02  0.7020E-01  0.8198E-01  0.8901E-02  0.3504E-04  0.7627E-03  0.3128E-03  0.1072E-01  0.1368E-03  0.1728E-01  0.1583E-03  0.7504E-02  0.5018E-04  0.4872E-03
     3.113  0.5205E-04  0.7142E-02  0.6400E-01  0.1199E-01  0.4301E-02  0.6246E-01  0.6522E-01  0.8444E-02  0.2809E-04  0.7183E-03  0.2113E-03  0.1014E-01  0.7612E-04  0.1530E-01  0.8359E-04  0.7027E-02  0.3050E-04  0.4988E-03
      3.123  0.5183E-04  0.6604E-02  0.6237E-01  0.1218E-01  0.4560E-02  0.6010E-01  0.7208E-01  0.8499E-02  0.2707E-04  0.7232E-03  0.1913E-03  0.1023E-01  0.7311E-04  0.1468E-01  0.8186E-04  0.7009E-02  0.2775E-04  0.5314E-03
      3.133  0.5703E-04  0.4353E-02  0.8200E-01  0.1036E-01  0.5087E-02  0.4037E-01  0.1164E+00  0.5857E-02  0.2782E-04  0.4767E-03  0.1708E-03  0.8415E-02  0.7185E-04  0.1001E-01  0.9609E-04  0.4598E-02  0.2914E-04  0.5427E-03
      3.143  0.6668E-04  0.4065E-02  0.1253E+00  0.1053E-01  0.6113E-02  0.3842E-01  0.2001E+00  0.5720E-02  0.3088E-04  0.4591E-03  0.1575E-03  0.8469E-02  0.7703E-04  0.9511E-02  0.1222E-03  0.4421E-02  0.3362E-04  0.5668E-03
      3.153  0.7205E-04  0.3919E-02  0.1617E+00  0.1075E-01  0.7108E-02  0.3727E-01  0.2727E+00  0.5668E-02  0.3351E-04  0.4439E-03  0.1472E-03  0.8560E-02  0.8134E-04  0.9220E-02  0.1366E-03  0.4312E-02  0.3620E-04  0.5915E-03
      3.163  0.7806E-04  0.3772E-02  0.2023E+00  0.1096E-01  0.8296E-02  0.3613E-01  0.3506E+00  0.5640E-02  0.3691E-04  0.4302E-03  0.1425E-03  0.8642E-02  0.8711E-04  0.8934E-02  0.1482E-03  0.4224E-02  0.3921E-04  0.6146E-03
      3.173  0.1735E-03  0.3623E-02  0.2356E+00  0.1116E-01  0.1752E-01  0.3501E-01  0.4507E+00  0.5636E-02  0.6323E-04  0.4179E-03  0.2138E-03  0.8714E-02  0.1523E-03  0.8652E-02  0.1615E-03  0.4157E-02  0.3882E-04  0.6363E-03
      3.183  0.1457E-03  0.3472E-02  0.1110E+00  0.1135E-01  0.1646E-01  0.3390E-01  0.2771E+00  0.5656E-02  0.4593E-04  0.4073E-03  0.1807E-03  0.8777E-02  0.1237E-03  0.8375E-02  0.1271E-03  0.4109E-02  0.2159E-04  0.6564E-03
      3.193  0.1376E-03  0.2888E-02  0.8829E-01  0.1032E-01  0.1808E-01  0.2834E-01  0.2906E+00  0.5078E-02  0.4284E-04  0.3735E-03  0.1946E-03  0.7872E-02  0.1205E-03  0.7032E-02  0.1373E-03  0.3646E-02  0.1948E-04  0.5899E-03
      3.203  0.1531E-03  0.2071E-02  0.9018E-01  0.7894E-02  0.2191E-01  0.1977E-01  0.3643E+00  0.3481E-02  0.4865E-04  0.3115E-03  0.2414E-03  0.5862E-02  0.1350E-03  0.4920E-02  0.1599E-03  0.2497E-02  0.2165E-04  0.4082E-03
      3.213  0.1543E-03  0.1445E-02  0.3319E-01  0.5911E-02  0.2098E-01  0.1271E-01  0.2779E+00  0.2075E-02  0.3830E-04  0.2515E-03  0.2036E-03  0.4185E-02  0.5847E-04  0.3176E-02  0.8064E-04  0.1489E-02  0.2034E-04  0.2633E-03
      3.223  0.4524E-03  0.1375E-02  0.2597E+00  0.6073E-02  0.9652E-01  0.1242E-01  0.1937E+01  0.2103E-02  0.1963E-03  0.2576E-03  0.1443E-02  0.4257E-02  0.1776E-03  0.3121E-02  0.7787E-03  0.1497E-02  0.1234E-03  0.2709E-03
      3.233  0.6286E-03  0.1305E-02  0.1989E+00  0.6238E-02  0.9854E-01  0.1214E-01  0.1362E+01  0.2131E-02  0.1461E-03  0.2638E-03  0.1028E-02  0.4329E-02  0.2574E-03  0.3065E-02  0.6613E-03  0.1505E-02  0.1142E-03  0.2787E-03
      3.243  0.5491E-03  0.5962E-03  0.1814E+00  0.7031E-02  0.7324E-01  0.7954E-02  0.7427E+00  0.3046E-02  0.7760E-04  0.2529E-03  0.6817E-03  0.4258E-02  0.2619E-03  0.2045E-02  0.5340E-03  0.1392E-02  0.7386E-04  0.3111E-03
      3.253  0.6449E-03  0.5648E-03  0.2158E+00  0.7518E-02  0.7634E-01  0.8198E-02  0.5862E+00  0.3404E-02  0.5779E-04  0.2631E-03  0.6922E-03  0.4381E-02  0.2963E-03  0.2142E-02  0.5147E-03  0.1502E-02  0.6536E-04  0.3277E-03
      3.263  0.8416E-03  0.5338E-03  0.2759E+00  0.8031E-02  0.9208E-01  0.8456E-02  0.5499E+00  0.3774E-02  0.4877E-04  0.2741E-03  0.7841E-03  0.4516E-02  0.3498E-03  0.2244E-02  0.5506E-03  0.1615E-02  0.6577E-04  0.3457E-03
      3.273  0.1009E-02  0.5121E-03  0.3321E+00  0.8674E-02  0.1048E+00  0.9098E-02  0.5070E+00  0.4389E-02  0.4028E-04  0.2863E-03  0.8683E-03  0.4704E-02  0.3934E-03  0.2427E-02  0.5465E-03  0.1830E-02  0.6373E-04  0.3665E-03
      3.283  0.8159E-03  0.5215E-03  0.2820E+00  0.1030E-01  0.8144E-01  0.1098E-01  0.3436E+00  0.5741E-02  0.2791E-04  0.3294E-03  0.7569E-03  0.5384E-02  0.3220E-03  0.2919E-02  0.3427E-03  0.2388E-02  0.4385E-04  0.4214E-03
      3.293  0.3060E-03  0.5299E-03  0.1193E+00  0.1187E-01  0.2650E-01  0.1295E-01  0.1359E+00  0.7256E-02  0.1590E-04  0.3777E-03  0.5016E-03  0.6022E-02  0.1799E-03  0.3414E-02  0.1730E-03  0.3039E-02  0.2098E-04  0.4754E-03
      3.303  0.6566E-03  0.4829E-03  0.3039E+00  0.1183E-01  0.5343E-01  0.1284E-01  0.1431E+00  0.7452E-02  0.2087E-04  0.3766E-03  0.1247E-02  0.5904E-02  0.3360E-03  0.3340E-02  0.3387E-03  0.3064E-02  0.2614E-04  0.4676E-03
      3.313  0.2478E-02  0.4255E-03  0.1215E+01  0.1150E-01  0.1935E+00  0.1248E-01  0.2430E+00  0.7507E-02  0.5039E-04  0.3625E-03  0.4956E-02  0.5608E-02  0.1170E-02  0.3200E-02  0.7512E-03  0.2985E-02  0.4017E-04  0.4479E-03
      3.323  0.2361E-02  0.3771E-03  0.9832E+00  0.1100E-01  0.1687E+00  0.1184E-01  0.2099E+00  0.7575E-02  0.7360E-04  0.3343E-03  0.4828E-02  0.5168E-02  0.1029E-02  0.3006E-02  0.6223E-03  0.2874E-02  0.5078E-04  0.4214E-03
      3.333  0.2362E-02  0.3353E-03  0.8612E+00  0.1027E-01  0.1594E+00  0.1087E-01  0.1720E+00  0.7594E-02  0.7879E-04  0.2941E-03  0.4801E-02  0.4601E-02  0.9515E-03  0.2739E-02  0.4706E-03  0.2729E-02  0.4640E-04  0.3879E-03
      3.343  0.1675E-02  0.2946E-03  0.5651E+00  0.9562E-02  0.1077E+00  0.9907E-02  0.1356E+00  0.7625E-02  0.9095E-04  0.2544E-03  0.3663E-02  0.4045E-02  0.7105E-03  0.2471E-02  0.4946E-03  0.2589E-02  0.5258E-04  0.3550E-03
      3.353  0.1315E-02  0.2587E-03  0.4645E+00  0.9041E-02  0.8392E-01  0.8992E-02  0.1132E+00  0.7676E-02  0.8983E-04  0.2221E-03  0.3239E-02  0.3602E-02  0.7449E-03  0.2225E-02  0.5252E-03  0.2463E-02  0.5577E-04  0.3293E-03
      3.363  0.7530E-03  0.2268E-03  0.3004E+00  0.8695E-02  0.4836E-01  0.8120E-02  0.8028E-01  0.7746E-02  0.6076E-04  0.1968E-03  0.2256E-02  0.3264E-02  0.5933E-03  0.2000E-02  0.5711E-03  0.2348E-02  0.5119E-04  0.3098E-03
      3.373  0.5589E-03  0.1959E-03  0.2271E+00  0.8367E-02  0.3616E-01  0.7253E-02  0.6019E-01  0.7826E-02  0.4822E-04  0.1720E-03  0.1816E-02  0.2936E-02  0.4472E-03  0.1776E-02  0.4521E-03  0.2238E-02  0.4350E-04  0.2908E-03
      3.383  0.3733E-03  0.1690E-03  0.1577E+00  0.8088E-02  0.2462E-01  0.6721E-02  0.4066E-01  0.8148E-02  0.3588E-04  0.1538E-03  0.1360E-02  0.2636E-02  0.3132E-03  0.1635E-02  0.3154E-03  0.2233E-02  0.3445E-04  0.2757E-03
      3.393  0.2688E-03  0.1606E-03  0.1119E+00  0.8157E-02  0.1786E-01  0.8046E-02  0.2438E-01  0.1003E-01  0.2554E-04  0.1855E-03  0.1037E-02  0.2519E-02  0.2149E-03  0.1949E-02  0.1694E-03  0.2870E-02  0.2540E-04  0.2898E-03
      3.403  0.2305E-03  0.1187E-03  0.9113E-01  0.7756E-02  0.1504E-01  0.5901E-02  0.1994E-01  0.9416E-02  0.2168E-04  0.1390E-03  0.8947E-03  0.2154E-02  0.1812E-03  0.1400E-02  0.1417E-03  0.2493E-02  0.2203E-04  0.2613E-03
      3.413  0.2098E-03  0.6459E-04  0.8124E-01  0.7224E-02  0.1326E-01  0.2938E-02  0.1685E-01  0.7134E-02  0.2056E-04  0.6806E-04  0.8441E-03  0.1753E-02  0.1723E-03  0.7015E-03  0.1308E-03  0.1487E-02  0.2131E-04  0.2155E-03
      3.423  0.1892E-03  0.5667E-04  0.7174E-01  0.7342E-02  0.1147E-01  0.2856E-02  0.1369E-01  0.7408E-02  0.1967E-04  0.6703E-04  0.7967E-03  0.1710E-02  0.1617E-03  0.6865E-03  0.1194E-03  0.1495E-02  0.2093E-04  0.2137E-03
      3.433  0.1686E-03  0.5383E-04  0.6261E-01  0.7472E-02  0.9676E-02  0.2839E-02  0.1045E-01  0.7694E-02  0.1900E-04  0.6660E-04  0.7525E-03  0.1675E-02  0.1493E-03  0.6872E-03  0.1074E-03  0.1509E-02  0.2090E-04  0.2119E-03
      3.443  0.1634E-03  0.5096E-04  0.5987E-01  0.7598E-02  0.9061E-02  0.2819E-02  0.8838E-02  0.7984E-02  0.1991E-04  0.6640E-04  0.7695E-03  0.1637E-02  0.1532E-03  0.6873E-03  0.1076E-03  0.1524E-02  0.2194E-04  0.2098E-03
      3.453  0.1694E-03  0.5036E-04  0.6152E-01  0.7750E-02  0.9327E-02  0.2887E-02  0.8601E-02  0.8130E-02  0.2187E-04  0.6986E-04  0.8281E-03  0.1654E-02  0.1700E-03  0.7064E-03  0.1184E-03  0.1547E-02  0.2365E-04  0.2102E-03
      3.463  0.1745E-03  0.5016E-04  0.6263E-01  0.8072E-02  0.9521E-02  0.2979E-02  0.8419E-02  0.8439E-02  0.2376E-04  0.7442E-04  0.8807E-03  0.1718E-02  0.1856E-03  0.7276E-03  0.1305E-03  0.1608E-02  0.2537E-04  0.2172E-03
      3.473  0.1823E-03  0.5667E-04  0.6221E-01  0.1334E-01  0.9603E-02  0.4109E-02  0.1108E-01  0.1363E-01  0.2813E-04  0.1401E-03  0.9431E-03  0.2962E-02  0.2085E-03  0.9704E-03  0.2045E-03  0.2695E-02  0.3377E-04  0.3782E-03
      3.483  0.3641E-03  0.6087E-04  0.8982E-01  0.2291E-01  0.1620E-01  0.7231E-02  0.2666E-01  0.2185E-01  0.7176E-04  0.3205E-03  0.2021E-02  0.5080E-02  0.4685E-03  0.1842E-02  0.5720E-03  0.4320E-02  0.8874E-04  0.5824E-03
      3.493  0.3381E-03  0.5876E-04  0.7783E-01  0.2232E-01  0.1347E-01  0.7332E-02  0.2285E-01  0.2177E-01  0.6716E-04  0.2755E-03  0.1894E-02  0.4649E-02  0.4134E-03  0.1727E-02  0.5682E-03  0.4072E-02  0.9568E-04  0.5632E-03
      3.503  0.3296E-03  0.5635E-04  0.6617E-01  0.2172E-01  0.1156E-01  0.7352E-02  0.1756E-01  0.2177E-01  0.6375E-04  0.2343E-03  0.1701E-02  0.4199E-02  0.3646E-03  0.1617E-02  0.4991E-03  0.3833E-02  0.9065E-04  0.5392E-03
      3.513  0.2853E-03  0.5242E-04  0.5599E-01  0.2117E-01  0.1023E-01  0.7146E-02  0.1274E-01  0.2165E-01  0.6440E-04  0.2234E-03  0.1450E-02  0.3889E-02  0.3296E-03  0.1540E-02  0.3402E-03  0.3587E-02  0.6643E-04  0.5041E-03
      3.523  0.2396E-03  0.4841E-04  0.4762E-01  0.2063E-01  0.8762E-02  0.6909E-02  0.9719E-02  0.2159E-01  0.5840E-04  0.2157E-03  0.1243E-02  0.3606E-02  0.2871E-03  0.1466E-02  0.2449E-03  0.3352E-02  0.5179E-04  0.4696E-03
      3.533  0.2341E-03  0.4962E-04  0.4419E-01  0.2053E-01  0.8267E-02  0.7764E-02  0.8878E-02  0.2744E-01  0.5703E-04  0.2433E-03  0.1204E-02  0.3378E-02  0.2740E-03  0.1582E-02  0.2297E-03  0.3708E-02  0.5078E-04  0.4599E-03
      3.543  0.2281E-03  0.4475E-04  0.4083E-01  0.1998E-01  0.7771E-02  0.7385E-02  0.8058E-02  0.2805E-01  0.5560E-04  0.2337E-03  0.1164E-02  0.3092E-02  0.2608E-03  0.1485E-02  0.2146E-03  0.3489E-02  0.4976E-04  0.4264E-03
      3.553  0.2215E-03  0.3959E-04  0.3753E-01  0.1942E-01  0.7274E-02  0.6902E-02  0.7259E-02  0.2833E-01  0.5410E-04  0.2209E-03  0.1123E-02  0.2813E-02  0.2474E-03  0.1370E-02  0.1996E-03  0.3238E-02  0.4871E-04  0.3930E-03
      3.563  0.2143E-03  0.3462E-04  0.3429E-01  0.1893E-01  0.6777E-02  0.6404E-02  0.6480E-02  0.2868E-01  0.5254E-04  0.2079E-03  0.1082E-02  0.2559E-02  0.2339E-03  0.1253E-02  0.1847E-03  0.3005E-02  0.4765E-04  0.3629E-03
      3.573  0.2065E-03  0.3190E-04  0.3114E-01  0.1902E-01  0.6275E-02  0.6164E-02  0.5737E-02  0.2930E-01  0.5094E-04  0.1983E-03  0.1041E-02  0.2478E-02  0.2205E-03  0.1181E-02  0.1700E-03  0.2900E-02  0.4661E-04  0.3558E-03
      3.583  0.1972E-03  0.3059E-04  0.2816E-01  0.1950E-01  0.5747E-02  0.5966E-02  0.5137E-02  0.3055E-01  0.4958E-04  0.1899E-03  0.1003E-02  0.2466E-02  0.2093E-03  0.1117E-02  0.1568E-03  0.2868E-02  0.4598E-04  0.3599E-03
      3.593  0.1873E-03  0.2980E-04  0.2524E-01  0.2091E-01  0.5222E-02  0.5962E-02  0.4559E-02  0.3399E-01  0.4817E-04  0.1932E-03  0.9644E-03  0.2561E-02  0.1979E-03  0.1094E-02  0.1441E-03  0.2960E-02  0.4535E-04  0.3769E-03
      3.603  0.1770E-03  0.2934E-04  0.2237E-01  0.2243E-01  0.4702E-02  0.6000E-02  0.4003E-02  0.3830E-01  0.4673E-04  0.1965E-03  0.9257E-03  0.2659E-02  0.1864E-03  0.1075E-02  0.1320E-03  0.3097E-02  0.4473E-04  0.3970E-03
      3.613  0.1662E-03  0.3143E-04  0.1924E-01  0.2501E-01  0.4172E-02  0.6601E-02  0.3558E-02  0.4898E-01  0.4410E-04  0.2082E-03  0.8692E-03  0.2826E-02  0.1738E-03  0.1138E-02  0.1213E-03  0.3575E-02  0.4354E-04  0.4408E-03
      3.623  0.1759E-03  0.3692E-04  0.1708E-01  0.3010E-01  0.4008E-02  0.8490E-02  0.3302E-02  0.6992E-01  0.4472E-04  0.2298E-03  0.9219E-03  0.3137E-02  0.1758E-03  0.1397E-02  0.1242E-03  0.4549E-02  0.4882E-04  0.5239E-03
      3.633  0.2011E-03  0.7998E-04  0.1597E-01  0.6842E-01  0.4140E-02  0.1314E-01  0.3201E-02  0.1489E+00  0.4756E-04  0.4156E-03  0.1045E-02  0.6791E-02  0.1862E-03  0.2103E-02  0.1373E-03  0.9053E-02  0.5818E-04  0.1115E-02
      3.643  0.2391E-03  0.1373E-03  0.1695E-01  0.1119E+00  0.4488E-02  0.1991E-01  0.3328E-02  0.2468E+00  0.5191E-04  0.6113E-03  0.1254E-02  0.1075E-01  0.2071E-03  0.3179E-02  0.1828E-03  0.1413E-01  0.7268E-04  0.1749E-02
      3.653  0.2876E-03  0.1629E-03  0.1904E-01  0.1361E+00  0.4988E-02  0.2481E-01  0.3614E-02  0.3375E+00  0.5917E-04  0.7229E-03  0.1536E-02  0.1222E-01  0.2359E-03  0.3643E-02  0.2459E-03  0.1854E-01  0.9107E-04  0.2152E-02
      3.663  0.3467E-03  0.2028E-03  0.2196E-01  0.1750E+00  0.5634E-02  0.3321E-01  0.4063E-02  0.4864E+00  0.6965E-04  0.9467E-03  0.1878E-02  0.1454E-01  0.2723E-03  0.4528E-02  0.3238E-03  0.2561E-01  0.1129E-03  0.2774E-02
      3.673  0.4022E-03  0.2179E-03  0.2367E-01  0.1704E+00  0.6222E-02  0.3709E-01  0.4382E-02  0.5676E+00  0.7943E-04  0.1088E-02  0.2155E-02  0.1269E-01  0.2994E-03  0.4916E-02  0.3784E-03  0.2844E-01  0.1316E-03  0.2656E-02
      3.683  0.4530E-03  0.1687E-03  0.2432E-01  0.1231E+00  0.6735E-02  0.3578E-01  0.4543E-02  0.4902E+00  0.8841E-04  0.1080E-02  0.2371E-02  0.8127E-02  0.3187E-03  0.4583E-02  0.4074E-03  0.2378E-01  0.1471E-03  0.1852E-02
      3.693  0.4640E-03  0.1368E-03  0.2290E-01  0.1158E+00  0.6742E-02  0.4514E-01  0.4454E-02  0.4749E+00  0.9127E-04  0.1302E-02  0.2381E-02  0.6777E-02  0.3105E-03  0.5168E-02  0.4153E-03  0.2229E-01  0.1516E-03  0.1569E-02
      3.703  0.4454E-03  0.9643E-04  0.2045E-01  0.1082E+00  0.6334E-02  0.6359E-01  0.4172E-02  0.4613E+00  0.9012E-04  0.1676E-02  0.2248E-02  0.5672E-02  0.2857E-03  0.6586E-02  0.4115E-03  0.1953E-01  0.1462E-03  0.1152E-02
      3.713  0.4277E-03  0.8723E-04  0.1809E-01  0.1055E+00  0.5944E-02  0.5914E-01  0.3920E-02  0.2948E+00  0.8796E-04  0.1630E-02  0.2094E-02  0.4937E-02  0.2600E-03  0.5744E-02  0.4066E-03  0.1199E-01  0.1395E-03  0.6590E-03
      3.723  0.4249E-03  0.9023E-04  0.1566E-01  0.1186E+00  0.5788E-02  0.5823E-01  0.3514E-02  0.2322E+00  0.8765E-04  0.1557E-02  0.1976E-02  0.5135E-02  0.2394E-03  0.5330E-02  0.3683E-03  0.8809E-02  0.1374E-03  0.5712E-03
      3.733  0.3801E-03  0.1199E-03  0.1250E-01  0.1275E+00  0.4979E-02  0.6760E-01  0.3143E-02  0.2664E+00  0.8048E-04  0.1718E-02  0.1620E-02  0.5072E-02  0.2062E-03  3.7338E-02  0.3494E-03  0.9407E-02  0.1122E-03  0.5387E-03
      3.743  0.3120E-03  0.2201E-03  0.9230E-02  0.1841E+00  0.3933E-02  0.1188E+00  0.2638E-02  0.6904E+00  0.6894E-04  0.3295E-02  0.1240E-02  0.6743E-02  0.1702E-03  0.1068E-01  0.3029E-03  0.2269E-01  0.8550E-04  0.8497E-03
      3.753  0.1957E-03  0.1953E-03  0.6172E-02  0.1841E+00  0.2434E-02  0.1013E+00  0.1960E-02  0.4920E+00  0.4941E-04  0.2545E-02  0.8532E-03  0.5795E-02  0.1318E-03  0.8496E-02  0.2154E-03  0.1568E-01  0.5995E-04  0.6768E-03
      3.763  0.1288E-03  0.1751E-03  0.4423E-02  0.1558E+00  0.1546E-02  0.7232E-01  0.1527E-02  0.3070E+00  0.3781E-04  0.1625E-02  0.6196E-03  0.3952E-02  0.1075E-03  0.5567E-02  0.1673E-03  0.9372E-02  0.4236E-04  0.4649E-03
      3.773  0.1086E-03  0.1864E-03  0.3859E-02  0.1730E+00  0.1236E-02  0.6868E-01  0.1366E-02  0.2532E+00  0.3440E-04  0.1409E-02  0.5560E-03  0.3921E-02  0.9860E-04  0.4903E-02  0.1522E-03  0.7406E-02  0.3663E-04  0.4615E-03
      3.783  0.1048E-03  0.2246E-03  0.3815E-02  0.2160E+00  0.1174E-02  0.7711E-01  0.1338E-02  0.2408E+00  0.3409E-04  0.1475E-02  0.5653E-03  0.4694E-02  0.9791E-04  0.5228E-02  0.1476E-03  0.6760E-02  0.3746E-04  0.5404E-03
      3.793  0.1012E-03  0.2859E-03  0.3764E-02  0.2729E+00  0.1113E-02  0.8887E-01  0.1306E-02  0.2277E+00  0.3374E-04  0.1579E-02  0.5729E-03  0.5676E-02  0.9711E-04  0.5726E-02  0.1428E-03  0.6096E-02  0.3814E-04  0.6468E-03
      3.803  0.1042E-03  0.2817E-03  0.3794E-02  0.2628E+00  0.1092E-02  0.7997E-01  0.1277E-02  0.1165E+00  0.3436E-04  0.1113E-02  0.5930E-03  0.4110E-02  0.9998E-04  0.4790E-02  0.1387E-03  0.3131E-02  0.3935E-04  0.4617E-03
      3.813  0.1442E-03  0.3304E-03  0.4459E-02  0.2846E+00  0.1302E-02  0.8177E-01  0.1284E-02  0.8396E-01  0.4270E-04  0.9799E-03  0.7209E-03  0.3875E-02  0.1290E-03  0.4557E-02  0.1403E-03  0.2180E-02  0.4576E-04  0.4580E-03
      3.824  0.1748E-03  0.4149E-03  0.5235E-02  0.3209E+00  0.1466E-02  0.9113E-01  0.1282E-02  0.7260E-01  0.5292E-04  0.9967E-03  0.8761E-03  0.3993E-02  0.1610E-03  0.4852E-02  0.1418E-03  0.1799E-02  0.5346E-04  0.4778E-03
      3.834  0.1676E-03  0.5153E-03  0.4925E-02  0.3563E+00  0.1381E-02  0.9998E-01  0.1260E-02  0.6138E-01  0.5001E-04  0.9944E-03  0.8450E-03  0.4028E-02  0.1510E-03  0.5119E-02  0.1414E-03  0.1448E-02  0.5298E-04  0.4957E-03
      3.844  0.1607E-03  0.7468E-03  0.4659E-02  0.3985E+00  0.1305E-02  0.1099E+00  0.1238E-02  0.5233E-01  0.4745E-04  0.8259E-03  0.8229E-03  0.3541E-02  0.1421E-03  0.5223E-02  0.1414E-03  0.1138E-02  0.5301E-04  0.5167E-03
      3.854  0.1541E-03  0.5451E-03  0.4436E-02  0.2848E+00  0.1237E-02  0.7737E-01  0.1216E-02  0.3320E-01  0.4524E-04  0.5246E-03  0.8098E-03  0.2211E-02  0.1344E-03  0.3424E-02  0.1420E-03  0.6806E-03  0.5354E-04  0.3438E-03
      3.864  0.1525E-03  0.2579E-03  0.4350E-02  0.1361E+00  0.1211E-02  0.3644E-01  0.1188E-02  0.1725E-01  0.4475E-04  0.2858E-03  0.8091E-03  0.1192E-02  0.1329E-03  0.1562E-02  0.1409E-03  0.3099E-03  0.5377E-04  0.1708E-03
      3.874  0.1519E-03  0.1925E-03  0.4286E-02  0.1097E+00  0.1194E-02  0.2839E-01  0.1159E-02  0.1349E-01  0.4456E-04  0.2118E-03  0.8095E-03  0.9184E-03  0.1325E-03  0.1119E-02  0.1395E-03  0.2248E-03  0.5385E-04  0.1345E-03
      3.884  0.1513E-03  0.1751E-03  0.4221E-02  0.1009E+00  0.1177E-02  0.2598E-01  0.1130E-02  0.1261E-01  0.4437E-04  0.1926E-03  0.8096E-03  0.8252E-03  0.1321E-03  0.9951E-03  0.1380E-03  0.2053E-03  0.5391E-04  0.1211E-03
      3.894  0.1513E-03  0.2674E-03  0.4167E-02  0.1371E+00  0.1165E-02  0.3160E-01  0.1105E-02  0.1329E-01  0.4432E-04  0.1991E-03  0.8130E-03  0.8529E-03  0.1320E-03  0.1021E-02  0.1372E-03  0.2481E-03  0.5426E-04  0.1343E-03
      3.904  0.1563E-03  0.2556E-03  0.4193E-02  0.1215E+00  0.1179E-02  0.2757E-01  0.1102E-02  0.1157E-01  0.4528E-04  0.1744E-03  0.8421E-03  0.7564E-03  0.1335E-03  0.8472E-03  0.1411E-03  0.2340E-03  0.5688E-04  0.1099E-03
      3.914  0.1613E-03  0.2126E-03  0.4215E-02  0.9656E-01  0.1194E-02  0.2261E-01  0.1099E-02  0.1066E-01  0.4623E-04  0.1555E-03  0.8703E-03  0.6988E-03  0.1350E-03  0.7252E-03  0.1450E-03  0.1990E-03  0.5944E-04  0.9171E-04
      3.924  0.1663E-03  0.1931E-03  0.4232E-02  0.8577E-01  0.1209E-02  0.2032E-01  0.1096E-02  0.1026E-01  0.4716E-04  0.1465E-03  0.8975E-03  0.6827E-03  0.1364E-03  0.6708E-03  0.1489E-03  0.1809E-03  0.6192E-04  0.8531E-04
      3.934  0.1713E-03  0.1918E-03  0.4246E-02  0.8281E-01  0.1223E-02  0.1948E-01  0.1092E-02  0.9670E-02  0.4807E-04  0.1410E-03  0.9238E-03  0.6744E-03  0.1378E-03  0.6384E-03  0.1527E-03  0.1744E-03  0.6433E-04  0.8277E-04
      3.944  0.1763E-03  0.1904E-03  0.4255E-02  0.7984E-01  0.1238E-02  0.1865E-01  0.1088E-02  0.9094E-02  0.4897E-04  0.1357E-03  0.9491E-03  0.6666E-03  0.1392E-03  0.6064E-03  0.1565E-03  0.1682E-03  0.6667E-04  0.8028E-04
      3.954  0.1814E-03  0.1888E-03  0.4260E-02  0.7686E-01  0.1252E-02  0.1783E-01  0.1084E-02  0.8529E-02  0.4985E-04  0.1305E-03  0.9735E-03  0.6594E-03  0.1405E-03  0.5751E-03  0.1602E-03  0.1621E-03  0.6894E-04  0.7784E-04
      3.964  0.1867E-03  0.1870E-03  0.4258E-02  0.7386E-01  0.1266E-02  0.1701E-01  0.1079E-02  0.7977E-02  0.5070E-04  0.1253E-03  0.9964E-03  0.6528E-03  0.1417E-03  0.5442E-03  0.1640E-03  0.1563E-03  0.7112E-04  0.7545E-04
      3.974  0.1958E-03  0.1850E-03  0.4205E-02  0.7085E-01  0.1281E-02  0.1619E-01  0.1071E-02  0.7437E-02  0.5097E-04  0.1203E-03  0.1008E-02  0.6469E-03  0.1410E-03  0.5139E-03  0.1674E-03  0.1508E-03  0.7270E-04  0.7312E-04
      3.984  0.2065E-03  0.1827E-03  0.4149E-02  0.6783E-01  0.1295E-02  0.1538E-01  0.1064E-02  0.6908E-02  0.5203E-04  0.1154E-03  0.1029E-02  0.6415E-03  0.1415E-03  0.4842E-03  0.1712E-03  0.1455E-03  0.7504E-04  0.7083E-04
      3.994  0.2342E-03  0.1902E-03  0.4102E-02  0.6581E-01  0.1333E-02  0.1478E-01  0.1066E-02  0.6476E-02  0.5524E-04  0.1128E-03  0.1069E-02  0.6606E-03  0.1471E-03  0.4574E-03  0.1782E-03  0.1436E-03  0.7843E-04  0.6980E-04
      4.004  0.2596E-03  0.1979E-03  0.3990E-02  0.6375E-01  0.1352E-02  0.1419E-01  0.1040E-02  0.6058E-02  0.5782E-04  0.1104E-03  0.1093E-02  0.6814E-03  0.1510E-03  0.4312E-03  0.1814E-03  0.1421E-03  0.8046E-04  0.6893E-04
      4.014  0.2854E-03  0.2053E-03  0.3734E-02  0.6163E-01  0.1348E-02  0.1359E-01  0.9451E-03  0.5649E-02  0.6066E-04  0.1081E-03  0.1090E-02  0.7029E-03  0.1548E-03  0.4055E-03  0.1791E-03  0.1410E-03  0.7931E-04  0.6816E-04
      4.024  0.3071E-03  0.2125E-03  0.3512E-02  0.5944E-01  0.1344E-02  0.1298E-01  0.8790E-03  0.5251E-02  0.6240E-04  0.1060E-03  0.1081E-02  0.7253E-03  0.1569E-03  0.3803E-03  0.1768E-03  0.1403E-03  0.7814E-04  0.6750E-04
      4.034  0.3236E-03  0.2191E-03  0.3336E-02  0.5689E-01  0.1336E-02  0.1231E-01  0.8430E-03  0.4856E-02  0.6299E-04  0.1040E-03  0.1066E-02  0.7464E-03  0.1571E-03  0.3545E-03  0.1742E-03  0.1398E-03  0.7706E-04  0.6684E-04
      4.044  0.3409E-03  0.2311E-03  0.3162E-02  0.5248E-01  0.1330E-02  0.1118E-01  0.8075E-03  0.4353E-02  0.6358E-04  0.1011E-03  0.1052E-02  0.7677E-03  0.1574E-03  0.3168E-03  0.1717E-03  0.1378E-03  0.7600E-04  0.6529E-04
      4.054  0.3577E-03  0.2531E-03  0.2996E-02  0.4679E-01  0.1322E-02  0.9797E-02  0.7715E-03  0.3793E-02  0.6401E-04  0.9876E-04  0.1036E-02  0.7978E-03  0.1575E-03  0.2727E-03  0.1687E-03  0.1354E-03  0.7468E-04  0.6355E-04
      4.064  0.3741E-03  0.2810E-03  0.2838E-02  0.3776E-01  0.1313E-02  0.7882E-02  0.7354E-03  0.2834E-02  0.6430E-04  0.9136E-04  0.1018E-02  0.8314E-03  0.1575E-03  0.2017E-03  0.1655E-03  0.1264E-03  0.7318E-04  0.5948E-04
      4.074  0.4019E-03  0.2944E-03  0.2499E-02  0.3416E-01  0.1311E-02  0.7227E-02  0.6571E-03  0.2687E-02  0.6631E-04  0.9481E-04  0.9867E-03  0.8725E-03  0.1629E-03  0.1892E-03  0.1585E-03  0.1307E-03  0.6931E-04  0.6102E-04
      4.084  0.4156E-03  0.2997E-03  0.2423E-02  0.3010E-01  0.1312E-02  0.6468E-02  0.6407E-03  0.2495E-02  0.6598E-04  0.9653E-04  0.9718E-03  0.8922E-03  0.1615E-03  0.1752E-03  0.1569E-03  0.1329E-03  0.6836E-04  0.6129E-04
      4.094  0.5445E-03  0.3062E-03  0.2408E-02  0.2616E-01  0.1332E-02  0.5736E-02  0.6424E-03  0.2307E-02  0.6607E-04  0.9831E-04  0.9728E-03  0.9121E-03  0.1617E-03  0.1615E-03  0.1575E-03  0.1351E-03  0.6853E-04  0.6165E-04
      4.104  0.7377E-03  0.3144E-03  0.2424E-02  0.2343E-01  0.1360E-02  0.5208E-02  0.6538E-03  0.2131E-02  0.6633E-04  0.9921E-04  0.9810E-03  0.9208E-03  0.1626E-03  0.1515E-03  0.1592E-03  0.1373E-03  0.6917E-04  0.6161E-04
      4.114  0.9406E-03  0.3236E-03  0.2441E-02  0.2106E-01  0.1390E-02  0.4742E-02  0.6664E-03  0.1961E-02  0.6654E-04  0.9983E-04  0.9885E-03  0.9264E-03  0.1634E-03  0.1426E-03  0.1609E-03  0.1394E-03  0.6975E-04  0.6146E-04
      4.124  0.1153E-02  0.3336E-03  0.2459E-02  0.1874E-01  0.1421E-02  0.4290E-02  0.6802E-03  0.1795E-02  0.6672E-04  0.1004E-03  0.9952E-03  0.9320E-03  0.1640E-03  0.1339E-03  0.1624E-03  0.1415E-03  0.7026E-04  0.6135E-04
      4.134  0.1378E-02  0.3471E-03  0.2504E-02  0.1548E-01  0.1459E-02  0.3802E-02  0.7010E-03  0.1534E-02  0.6770E-04  0.1033E-03  0.1013E-02  0.9515E-03  0.1660E-03  0.1278E-03  0.1662E-03  0.1452E-03  0.7168E-04  0.6218E-04
      4.144  0.1614E-02  0.3604E-03  0.2556E-02  0.1303E-01  0.1504E-02  0.3441E-02  0.7258E-03  0.1355E-02  0.6889E-04  0.1052E-03  0.1033E-02  0.9632E-03  0.1683E-03  0.1236E-03  0.1711E-03  0.1482E-03  0.7335E-04  0.6291E-04
      4.154  0.1865E-02  0.5243E-03  0.2610E-02  0.1219E-01  0.1567E-02  0.3307E-02  0.7550E-03  0.1359E-02  0.7017E-04  0.1063E-03  0.1054E-02  0.9828E-03  0.1709E-03  0.1217E-03  0.1776E-03  0.1520E-03  0.7519E-04  0.6482E-04
      4.164  0.2127E-02  0.7236E-03  0.2664E-02  0.1143E-01  0.1631E-02  0.3186E-02  0.7855E-03  0.1376E-02  0.7143E-04  0.1074E-03  0.1075E-02  0.1004E-02  0.1734E-03  0.1200E-03  0.1841E-03  0.1560E-03  0.7698E-04  0.6691E-04
      4.174  0.2398E-02  0.9335E-03  0.2719E-02  0.1068E-01  0.1696E-02  0.3069E-02  0.8170E-03  0.1396E-02  0.7269E-04  0.1084E-03  0.1095E-02  0.1024E-02  0.1759E-03  0.1183E-03  0.1907E-03  0.1599E-03  0.7873E-04  0.6891E-04
      4.184  0.2685E-02  0.1158E-02  0.2785E-02  0.1025E-01  0.1776E-02  0.3022E-02  0.8601E-03  0.1439E-02  0.7551E-04  0.1112E-03  0.1122E-02  0.1057E-02  0.1808E-03  0.1182E-03  0.2023E-03  0.1655E-03  0.8079E-04  0.7210E-04
      4.194  0.4807E-02  0.1397E-02  0.4173E-02  0.1009E-01  0.3018E-02  0.3030E-02  0.1569E-02  0.1496E-02  0.1099E-03  0.1144E-03  0.1619E-02  0.1094E-02  0.3152E-03  0.1196E-03  0.3159E-03  0.1733E-03  0.1021E-03  0.7579E-04
      4.204  0.5741E-02  0.1647E-02  0.4040E-02  0.1005E-01  0.2545E-02  0.3061E-02  0.1708E-02  0.1558E-02  0.9787E-04  0.1178E-03  0.1355E-02  0.1131E-02  0.2286E-03  0.1218E-03  0.2940E-03  0.1820E-03  0.9625E-04  0.7967E-04
      4.214  0.6909E-02  0.1908E-02  0.4541E-02  0.1000E-01  0.2982E-02  0.3091E-02  0.2019E-02  0.1622E-02  0.1121E-03  0.1211E-03  0.1510E-02  0.1167E-02  0.2566E-03  0.1239E-03  0.3440E-03  0.1907E-03  0.1090E-03  0.8351E-04
      4.224  0.7687E-02  0.2179E-02  0.4579E-02  0.9953E-02  0.2978E-02  0.3121E-02  0.2024E-02  0.1688E-02  0.9672E-04  0.1244E-03  0.1443E-02  0.1201E-02  0.2370E-03  0.1260E-03  0.2776E-03  0.1994E-03  0.1045E-03  0.8730E-04
      4.234  0.8624E-02  0.2461E-02  0.4924E-02  0.9900E-02  0.3132E-02  0.3151E-02  0.2185E-02  0.1756E-02  0.9858E-04  0.1277E-03  0.1490E-02  0.1235E-02  0.2422E-03  0.1282E-03  0.2752E-03  0.2081E-03  0.1073E-03  0.9106E-04
      4.244  0.9541E-02  0.4406E-02  0.5227E-02  0.1193E-01  0.3228E-02  0.4965E-02  0.2338E-02  0.2955E-02  0.9435E-04  0.1731E-03  0.1458E-02  0.2025E-02  0.2352E-03  0.2104E-03  0.2707E-03  0.3114E-03  0.1029E-03  0.1353E-03
      4.254  0.1030E-01  0.5089E-02  0.5313E-02  0.1107E-01  0.2964E-02  0.3776E-02  0.2462E-02  0.3139E-02  0.7686E-04  0.1682E-03  0.1255E-02  0.1527E-02  0.2008E-03  0.1508E-03  0.2528E-03  0.3125E-03  0.8340E-04  0.1225E-03
      4.264  0.1607E-01  0.6208E-02  0.6909E-02  0.1092E-01  0.3050E-02  0.4068E-02  0.3368E-02  0.3707E-02  0.6064E-04  0.2035E-03  0.1070E-02  0.1730E-02  0.1623E-03  0.1587E-03  0.2768E-03  0.4069E-03  0.5511E-04  0.1452E-03
      4.274  0.1563E-01  0.6927E-02  0.6663E-02  0.1021E-01  0.2624E-02  0.3684E-02  0.3386E-02  0.3590E-02  0.4791E-04  0.1711E-03  0.9094E-03  0.1593E-02  0.1371E-03  0.1507E-03  0.2560E-03  0.2794E-03  0.4223E-04  0.1401E-03
      4.284  0.1528E-01  0.7725E-02  0.6565E-02  0.1077E-01  0.2443E-02  0.3896E-02  0.3431E-02  0.3873E-02  0.4563E-04  0.1841E-03  0.8736E-03  0.1695E-02  0.1327E-03  0.1613E-03  0.2476E-03  0.2878E-03  0.4091E-04  0.1531E-03
      4.294  0.1499E-01  0.8531E-02  0.6528E-02  0.1132E-01  0.2374E-02  0.4094E-02  0.3481E-02  0.4164E-02  0.4398E-04  0.1961E-03  0.8487E-03  0.1786E-02  0.1298E-03  0.1712E-03  0.2434E-03  0.2969E-03  0.4028E-04  0.1656E-03
      4.304  0.1470E-01  0.1162E-01  0.6484E-02  0.1281E-01  0.2306E-02  0.4134E-02  0.3531E-02  0.5175E-02  0.4227E-04  0.2036E-03  0.8239E-03  0.1750E-02  0.1269E-03  0.1910E-03  0.2391E-03  0.3335E-03  0.3964E-04  0.1768E-03
      4.314  0.1443E-01  0.1154E-01  0.6434E-02  0.1235E-01  0.2239E-02  0.3701E-02  0.3580E-02  0.5216E-02  0.4053E-04  0.1699E-03  0.7991E-03  0.1404E-02  0.1241E-03  0.1712E-03  0.2347E-03  0.3168E-03  0.3900E-04  0.1471E-03
      4.324  0.1432E-01  0.1142E-01  0.6444E-02  0.1177E-01  0.2204E-02  0.3057E-02  0.3760E-02  0.5255E-02  0.3996E-04  0.1303E-03  0.7907E-03  0.1027E-02  0.1254E-03  0.1404E-03  0.2347E-03  0.2778E-03  0.3920E-04  0.1135E-03
      4.334  0.1535E-01  0.1131E-01  0.7096E-02  0.1129E-01  0.2277E-02  0.2514E-02  0.4303E-02  0.5314E-02  0.4052E-04  0.9915E-04  0.8224E-03  0.7443E-03  0.1348E-03  0.1141E-03  0.2489E-03  0.2421E-03  0.4144E-04  0.8813E-04
      4.344  0.1667E-01  0.1124E-01  0.7920E-02  0.1103E-01  0.2376E-02  0.2212E-02  0.4897E-02  0.5401E-02  0.4161E-04  0.9254E-04  0.8659E-03  0.6909E-03  0.1459E-03  0.1000E-03  0.2667E-03  0.2132E-03  0.4419E-04  0.8522E-04
      4.354  0.1796E-01  0.1122E-01  0.8745E-02  0.1098E-01  0.2468E-02  0.2152E-02  0.5493E-02  0.5505E-02  0.4282E-04  0.9103E-04  0.9105E-03  0.6634E-03  0.1573E-03  0.9715E-04  0.2845E-03  0.2105E-03  0.4712E-04  0.8477E-04
      4.364  0.1891E-01  0.1120E-01  0.9394E-02  0.1092E-01  0.2523E-02  0.2093E-02  0.5965E-02  0.5611E-02  0.4452E-04  0.8957E-04  0.9454E-03  0.6359E-03  0.1676E-03  0.9435E-04  0.2986E-03  0.2079E-03  0.5095E-04  0.8432E-04
      4.374  0.1974E-01  0.1143E-01  0.1003E-01  0.1106E-01  0.2567E-02  0.2053E-02  0.6270E-02  0.5955E-02  0.4858E-04  0.9002E-04  0.9917E-03  0.6066E-03  0.1799E-03  0.9113E-04  0.3110E-03  0.2074E-03  0.5662E-04  0.8524E-04
      4.384  0.2057E-01  0.1232E-01  0.1067E-01  0.1197E-01  0.2612E-02  0.2068E-02  0.6567E-02  0.6641E-02  0.5283E-04  0.9556E-04  0.1039E-02  0.5783E-03  0.1926E-03  0.8822E-04  0.3234E-03  0.2114E-03  0.6252E-04  0.9063E-04
      4.394  0.2141E-01  0.1330E-01  0.1132E-01  0.1305E-01  0.2658E-02  0.2107E-02  0.6857E-02  0.7367E-02  0.5726E-04  0.1029E-03  0.1087E-02  0.5655E-03  0.2058E-03  0.8753E-04  0.3357E-03  0.2175E-03  0.6865E-04  0.9735E-04
      4.404  0.2226E-01  0.1418E-01  0.1196E-01  0.1404E-01  0.2704E-02  0.2136E-02  0.7140E-02  0.8061E-02  0.6186E-04  0.1107E-03  0.1137E-02  0.5501E-03  0.2193E-03  0.8627E-04  0.3481E-03  0.2226E-03  0.7499E-04  0.1043E-03
      4.414  0.2310E-01  0.1482E-01  0.1262E-01  0.1464E-01  0.2752E-02  0.2140E-02  0.7415E-02  0.8500E-02  0.6664E-04  0.1181E-03  0.1187E-02  0.5429E-03  0.2333E-03  0.8629E-04  0.3605E-03  0.2260E-03  0.8156E-04  0.1152E-03
      4.424  0.2395E-01  0.1554E-01  0.1327E-01  0.1533E-01  0.2800E-02  0.2157E-02  0.7684E-02  0.8816E-02  0.7160E-04  0.1278E-03  0.1238E-02  0.5468E-03  0.2477E-03  0.8815E-04  0.3728E-03  0.2326E-03  0.8835E-04  0.1289E-03
      4.434  0.2481E-01  0.1627E-01  0.1393E-01  0.1602E-01  0.2849E-02  0.2175E-02  0.7946E-02  0.9099E-02  0.7674E-04  0.1383E-03  0.1291E-02  0.5526E-03  0.2624E-03  0.9033E-04  0.3852E-03  0.2396E-03  0.9536E-04  0.1434E-03
      4.444  0.2566E-01  0.1700E-01  0.1459E-01  0.1670E-01  0.2900E-02  0.2194E-02  0.8201E-02  0.9367E-02  0.8206E-04  0.1492E-03  0.1344E-02  0.5587E-03  0.2776E-03  0.9258E-04  0.3976E-03  0.2464E-03  0.1026E-03  0.1583E-03
      4.454  0.5664E-01  0.1773E-01  0.3446E-01  0.1737E-01  0.5928E-02  0.2213E-02  0.1630E-01  0.9620E-02  0.1416E-03  0.1605E-03  0.2656E-02  0.5653E-03  0.6215E-03  0.9490E-04  0.8543E-03  0.2532E-03  0.2422E-03  0.1738E-03
      4.464  0.4879E-01  0.1847E-01  0.3122E-01  0.1803E-01  0.5214E-02  0.2232E-02  0.1697E-01  0.9859E-02  0.1964E-03  0.1723E-03  0.2548E-02  0.5723E-03  0.5768E-03  0.9728E-04  0.7290E-03  0.2599E-03  0.2097E-03  0.1899E-03
      4.474  0.2750E-01  0.1922E-01  0.1872E-01  0.1868E-01  0.3157E-02  0.2251E-02  0.1064E-01  0.1008E-01  0.1430E-03  0.1845E-03  0.1589E-02  0.5797E-03  0.3789E-03  0.9973E-04  0.4239E-03  0.2666E-03  0.1286E-03  0.2064E-03
      4.484  0.1770E-01  0.1997E-01  0.1216E-01  0.1931E-01  0.2178E-02  0.2271E-02  0.7875E-02  0.1029E-01  0.1073E-03  0.1972E-03  0.1160E-02  0.5876E-03  0.2865E-03  0.1022E-03  0.3068E-03  0.2731E-03  0.8167E-04  0.2235E-03
      4.494  0.1283E-01  0.2072E-01  0.8860E-02  0.1994E-01  0.1707E-02  0.2291E-02  0.5642E-02  0.1049E-01  0.7645E-04  0.2102E-03  0.8804E-03  0.5958E-03  0.2485E-03  0.1048E-03  0.2547E-03  0.2796E-03  0.7115E-04  0.2410E-03
      4.504  0.9042E-02  0.4041E-01  0.6260E-02  0.3579E-01  0.1432E-02  0.3863E-02  0.4495E-02  0.2174E-01  0.5867E-04  0.5630E-03  0.7405E-03  0.8526E-03  0.2666E-03  0.1364E-03  0.2336E-03  0.3802E-03  0.6807E-04  0.3269E-03
      4.514  0.7607E-02  0.2875E-01  0.5375E-02  0.3019E-01  0.1442E-02  0.3108E-02  0.4518E-02  0.1230E-01  0.6368E-04  0.1965E-03  0.7876E-03  0.6326E-03  0.3266E-03  0.1401E-03  0.2431E-03  0.3499E-03  0.7617E-04  0.5491E-03
      4.524  0.7374E-02  0.2250E-01  0.6167E-02  0.2475E-01  0.1366E-02  0.2353E-02  0.4742E-02  0.1597E-01  0.7635E-04  0.2443E-03  0.8353E-03  0.7164E-03  0.3300E-03  0.1283E-03  0.2819E-03  0.3742E-03  0.7697E-04  0.1989E-03
      4.534  0.8441E-02  0.1749E-01  0.8080E-02  0.1963E-01  0.1322E-02  0.2000E-02  0.6502E-02  0.1219E-01  0.9967E-04  0.2061E-03  0.9475E-03  0.6717E-03  0.3281E-03  0.1312E-03  0.3689E-03  0.3334E-03  0.6984E-04  0.1764E-03
      4.544  0.9324E-02  0.1279E-01  0.9157E-02  0.1479E-01  0.1399E-02  0.1650E-02  0.9215E-02  0.8965E-02  0.1271E-03  0.1646E-03  0.1062E-02  0.6623E-03  0.3726E-03  0.1385E-03  0.4815E-03  0.3091E-03  0.7335E-04  0.1538E-03
      4.554  0.1011E-01  0.8154E-02  0.1605E-01  0.1017E-01  0.1680E-02  0.1372E-02  0.6787E-02  0.6678E-02  0.1220E-03  0.1318E-03  0.1131E-02  0.8232E-03  0.3752E-03  0.1860E-03  0.4456E-03  0.3660E-03  0.1389E-03  0.1408E-03
      4.564  0.1074E-01  0.5566E-02  0.1832E-01  0.7547E-02  0.1855E-02  0.1244E-02  0.6272E-02  0.5546E-02  0.1209E-03  0.1208E-03  0.1086E-02  0.9789E-03  0.4258E-03  0.2303E-03  0.3826E-03  0.4296E-03  0.1806E-03  0.1367E-03
      4.574  0.9683E-02  0.4477E-02  0.1601E-01  0.7581E-02  0.1739E-02  0.1176E-02  0.5530E-02  0.6006E-02  0.1098E-03  0.1287E-03  0.9551E-03  0.1049E-02  0.4005E-03  0.2628E-03  0.3265E-03  0.4736E-03  0.1669E-03  0.1353E-03
      4.584  0.7588E-02  0.4176E-02  0.1218E-01  0.9774E-02  0.1448E-02  0.9169E-03  0.4566E-02  0.6781E-02  0.9022E-04  0.1210E-03  0.7591E-03  0.7222E-03  0.3433E-03  0.1975E-03  0.2666E-03  0.3160E-03  0.1388E-03  0.1055E-03
      4.594  0.5865E-02  0.3946E-02  0.8762E-02  0.1101E-01  0.1179E-02  0.8842E-03  0.4930E-02  0.8477E-02  0.8279E-04  0.1365E-03  0.5861E-03  0.7485E-03  0.3007E-03  0.2160E-03  0.2316E-03  0.3442E-03  0.1117E-03  0.1072E-03
      4.604  0.4295E-02  0.4879E-02  0.5586E-02  0.2123E-01  0.9030E-03  0.1230E-02  0.5713E-02  0.8990E-02  0.8095E-04  0.1659E-03  0.4315E-03  0.7504E-03  0.2607E-03  0.2221E-03  0.2067E-03  0.3891E-03  0.8354E-04  0.1552E-03
      4.614  0.5465E-02  0.5505E-02  0.4706E-02  0.2618E-01  0.8137E-03  0.1400E-02  0.1437E-01  0.8533E-02  0.1322E-03  0.1773E-03  0.4061E-03  0.7048E-03  0.2959E-03  0.2222E-03  0.4320E-03  0.3653E-03  0.1502E-03  0.1865E-03
      4.624  0.9269E-02  0.5648E-02  0.7845E-02  0.2387E-01  0.1060E-02  0.1412E-02  0.2654E-01  0.7320E-02  0.2282E-03  0.1774E-03  0.5403E-03  0.6414E-03  0.4261E-03  0.2180E-03  0.8051E-03  0.3230E-03  0.2915E-03  0.1975E-03
      4.634  0.1422E-01  0.5547E-02  0.1286E-01  0.2167E-01  0.1586E-02  0.1370E-02  0.3846E-01  0.6129E-02  0.3487E-03  0.1756E-03  0.8020E-03  0.5818E-03  0.6366E-03  0.2102E-03  0.1206E-02  0.2936E-03  0.4381E-03  0.1914E-03
      4.644  0.1898E-01  0.3883E-02  0.2064E-01  0.1469E-01  0.2800E-02  0.1114E-02  0.4525E-01  0.4518E-02  0.4906E-03  0.1334E-03  0.1232E-02  0.4910E-03  0.1102E-02  0.1714E-03  0.1579E-02  0.2346E-03  0.6013E-03  0.1562E-03
      4.654  0.1612E-01  0.2501E-02  0.2595E-01  0.8581E-02  0.3741E-02  0.8937E-03  0.2777E-01  0.4525E-02  0.4932E-03  0.1089E-03  0.1850E-02  0.4009E-03  0.1454E-02  0.1378E-03  0.1446E-02  0.1806E-03  0.6546E-03  0.1178E-03
      4.664  0.9680E-02  0.2763E-02  0.1047E-01  0.5321E-02  0.2219E-02  0.9979E-03  0.1849E-01  0.1233E-01  0.3480E-03  0.1572E-03  0.9382E-03  0.3808E-03  0.9259E-03  0.1568E-03  0.9492E-03  0.1971E-03  0.2887E-03  0.1923E-03
      4.674  0.9596E-02  0.5589E-02  0.9953E-02  0.9418E-02  0.2152E-02  0.1992E-02  0.1824E-01  0.2761E-01  0.3581E-03  0.3163E-03  0.9474E-03  0.5626E-03  0.9174E-03  0.3091E-03  0.9705E-03  0.3607E-03  0.2764E-03  0.4686E-03
      4.684  0.9850E-02  0.9528E-02  0.9628E-02  0.2187E-01  0.2116E-02  0.3118E-02  0.1811E-01  0.4322E-01  0.3740E-03  0.5468E-03  0.9669E-03  0.8012E-03  0.9266E-03  0.5029E-03  0.1000E-02  0.5810E-03  0.2677E-03  0.8056E-03
      4.694  0.1082E-01  0.1482E-01  0.9654E-02  0.5142E-01  0.2159E-02  0.5057E-02  0.1819E-01  0.5924E-01  0.4023E-03  0.9432E-03  0.1005E-02  0.1222E-02  0.9812E-03  0.8094E-03  0.1050E-02  0.9769E-03  0.2655E-03  0.1343E-02
      4.704  0.1174E-01  0.1067E-01  0.9751E-02  0.3006E-01  0.2189E-02  0.3467E-02  0.1828E-01  0.4728E-01  0.4312E-03  0.8315E-03  0.1048E-02  0.8882E-03  0.1033E-02  0.6175E-03  0.1101E-02  0.6757E-03  0.2652E-03  0.8855E-03
      4.714  0.1192E-01  0.6128E-02  0.9450E-02  0.1609E-01  0.2062E-02  0.2554E-02  0.1680E-01  0.2607E-01  0.4381E-03  0.5913E-03  0.1004E-02  0.8324E-03  0.1028E-02  0.5394E-03  0.1008E-02  0.5215E-03  0.2590E-03  0.5198E-03
      4.724  0.1085E-01  0.5798E-02  0.1220E-01  0.1431E-01  0.2083E-02  0.2386E-02  0.1043E-01  0.2461E-01  0.3498E-03  0.5856E-03  0.1106E-02  0.8441E-03  0.1020E-02  0.5315E-03  0.8408E-03  0.5295E-03  0.3646E-03  0.4820E-03
      4.734  0.1145E-01  0.6211E-02  0.1495E-01  0.1299E-01  0.2302E-02  0.2392E-02  0.7023E-02  0.2335E-01  0.3177E-03  0.5901E-03  0.1291E-02  0.8940E-03  0.1145E-02  0.5451E-03  0.9041E-03  0.5610E-03  0.4549E-03  0.4571E-03
      4.744  0.1254E-01  0.6674E-02  0.1333E-01  0.1210E-01  0.2435E-02  0.2316E-02  0.6514E-02  0.2226E-01  0.3561E-03  0.6264E-03  0.1209E-02  0.9412E-03  0.1327E-02  0.5579E-03  0.9094E-03  0.6206E-03  0.4199E-03  0.4314E-03
      4.754  0.1224E-01  0.7020E-02  0.1133E-01  0.1123E-01  0.1735E-02  0.2365E-02  0.6288E-02  0.2087E-01  0.3623E-03  0.6461E-03  0.1001E-02  0.1034E-02  0.1146E-02  0.5885E-03  0.7737E-03  0.7025E-03  0.3794E-03  0.4196E-03
      4.764  0.1312E-01  0.6304E-02  0.1075E-01  0.1196E-01  0.1755E-02  0.2450E-02  0.6794E-02  0.1073E-01  0.4051E-03  0.4792E-03  0.1035E-02  0.1026E-02  0.1241E-02  0.5085E-03  0.8333E-03  0.4949E-03  0.3697E-03  0.4360E-03
      4.774  0.1413E-01  0.9439E-02  0.1042E-01  0.2599E-01  0.1783E-02  0.4028E-02  0.7329E-02  0.1088E-01  0.4495E-03  0.5541E-03  0.1080E-02  0.1488E-02  0.1345E-02  0.7901E-03  0.9024E-03  0.8557E-03  0.3683E-03  0.9194E-03
      4.784  0.1520E-01  0.8444E-02  0.1073E-01  0.1584E-01  0.1808E-02  0.2149E-02  0.7888E-02  0.1028E-01  0.4924E-03  0.5633E-03  0.1174E-02  0.9229E-03  0.1433E-02  0.6631E-03  0.9714E-03  0.5741E-03  0.3896E-03  0.6225E-03
      4.794  0.1626E-01  0.8720E-02  0.1134E-01  0.1378E-01  0.1837E-02  0.2052E-02  0.8788E-02  0.9639E-02  0.5461E-03  0.5742E-03  0.1299E-02  0.8573E-03  0.1518E-02  0.6885E-03  0.1059E-02  0.5752E-03  0.4510E-03  0.5682E-03
      4.804  0.2020E-01  0.9232E-02  0.1407E-01  0.1252E-01  0.2144E-02  0.1996E-02  0.1219E-01  0.9786E-02  0.7770E-03  0.6248E-03  0.1602E-02  0.8793E-03  0.1850E-02  0.7408E-03  0.1339E-02  0.5899E-03  0.6840E-03  0.5384E-03
      4.814  0.2410E-01  0.9809E-02  0.1509E-01  0.1159E-01  0.2429E-02  0.1956E-02  0.1400E-01  0.9923E-02  0.9608E-03  0.6776E-03  0.1829E-02  0.9583E-03  0.2173E-02  0.8006E-03  0.1499E-02  0.6287E-03  0.6960E-03  0.5260E-03
      4.824  0.1656E-01  0.1058E-01  0.1128E-01  0.1185E-01  0.1764E-02  0.1960E-02  0.1225E-01  0.1106E-01  0.7035E-03  0.7734E-03  0.2039E-02  0.1084E-02  0.1643E-02  0.8741E-03  0.1234E-02  0.7346E-03  0.7538E-03  0.6932E-03
      4.834  0.3554E-01  0.1199E-01  0.2592E-01  0.1275E-01  0.3419E-02  0.2060E-02  0.3224E-01  0.1232E-01  0.1739E-02  0.8939E-03  0.4595E-02  0.1242E-02  0.3334E-02  0.9986E-03  0.2645E-02  0.8488E-03  0.1299E-02  0.9193E-03
      4.844  0.1583E-01  0.1177E-01  0.1090E-01  0.1157E-01  0.2200E-02  0.1921E-02  0.1129E-01  0.1067E-01  0.8857E-03  0.8335E-03  0.2260E-02  0.1314E-02  0.2141E-02  0.1037E-02  0.1217E-02  0.6811E-03  0.7745E-03  0.7975E-03
      4.854  0.1425E-01  0.1186E-01  0.8066E-02  0.1077E-01  0.1939E-02  0.1781E-02  0.8805E-02  0.1020E-01  0.7552E-03  0.7991E-03  0.1957E-02  0.1475E-02  0.2067E-02  0.1061E-02  0.1011E-02  0.5705E-03  0.6559E-03  0.8268E-03
      4.864  0.1285E-01  0.1317E-01  0.5563E-02  0.1218E-01  0.1657E-02  0.1920E-02  0.6622E-02  0.1149E-01  0.6469E-03  0.8561E-03  0.1685E-02  0.1721E-02  0.2004E-02  0.1206E-02  0.8283E-03  0.5992E-03  0.5483E-03  0.9836E-03
      4.874  0.1137E-01  0.2492E-01  0.4356E-02  0.2674E-01  0.1462E-02  0.3584E-02  0.5621E-02  0.2384E-01  0.5828E-03  0.2044E-02  0.1554E-02  0.2609E-02  0.1869E-02  0.2266E-02  0.7139E-03  0.7962E-03  0.4891E-03  0.1848E-02
      4.884  0.9950E-02  0.2051E-01  0.3226E-02  0.1993E-01  0.1260E-02  0.3238E-02  0.4681E-02  0.1914E-01  0.5183E-03  0.1519E-02  0.1428E-02  0.2585E-02  0.1729E-02  0.2141E-02  0.6008E-03  0.7421E-03  0.4296E-03  0.1724E-02
      4.894  0.1008E-01  0.1384E-01  0.3087E-02  0.1192E-01  0.1325E-02  0.2526E-02  0.4656E-02  0.1128E-01  0.5536E-03  0.1199E-02  0.1648E-02  0.2048E-02  0.1892E-02  0.1938E-02  0.6214E-03  0.5975E-03  0.4867E-03  0.1208E-02
      4.904  0.1176E-01  0.1261E-01  0.3521E-02  0.8554E-02  0.1578E-02  0.2254E-02  0.5573E-02  0.8710E-02  0.6563E-03  0.1045E-02  0.1913E-02  0.1782E-02  0.2456E-02  0.1957E-02  0.7293E-03  0.5125E-03  0.5759E-03  0.1007E-02
      4.914  0.1402E-01  0.1115E-01  0.5289E-02  0.6834E-02  0.1775E-02  0.2010E-02  0.7686E-02  0.7317E-02  0.8399E-03  0.9534E-03  0.1858E-02  0.1593E-02  0.3356E-02  0.1844E-02  0.8470E-03  0.4364E-03  0.6842E-03  0.8693E-03
      4.924  0.2666E-01  0.9845E-02  0.1699E-01  0.5376E-02  0.2821E-02  0.1784E-02  0.1457E-01  0.6125E-02  0.1353E-02  0.8682E-03  0.3517E-02  0.1431E-02  0.6210E-02  0.1731E-02  0.1721E-02  0.3664E-03  0.1047E-02  0.7441E-03
      4.934  0.3602E-01  0.9431E-02  0.2801E-01  0.4767E-02  0.3401E-02  0.1762E-02  0.2276E-01  0.5524E-02  0.1994E-02  0.8434E-03  0.4495E-02  0.1489E-02  0.8706E-02  0.1791E-02  0.2611E-02  0.3869E-03  0.1609E-02  0.7411E-03
      4.944  0.2905E-01  0.1016E-01  0.1802E-01  0.6170E-02  0.2680E-02  0.2118E-02  0.1806E-01  0.6797E-02  0.1581E-02  0.1162E-02  0.3584E-02  0.1921E-02  0.7073E-02  0.2393E-02  0.2165E-02  0.5588E-03  0.1186E-02  0.1061E-02
      4.954  0.2383E-01  0.1186E-01  0.1408E-01  0.8672E-02  0.1858E-02  0.2782E-02  0.1589E-01  0.1017E-01  0.1170E-02  0.1790E-02  0.3409E-02  0.2244E-02  0.5494E-02  0.3600E-02  0.2113E-02  0.7592E-03  0.1026E-02  0.1515E-02
      4.964  0.1837E-01  0.1345E-01  0.1311E-01  0.1255E-01  0.1390E-02  0.3093E-02  0.1602E-01  0.1331E-01  0.1232E-02  0.2388E-02  0.3764E-02  0.2196E-02  0.7024E-02  0.4839E-02  0.2546E-02  0.8377E-03  0.1487E-02  0.1858E-02
      4.974  0.1156E-01  0.1558E-01  0.7393E-02  0.1615E-01  0.8886E-03  0.2918E-02  0.8428E-02  0.1148E-01  0.6649E-03  0.1629E-02  0.2745E-02  0.2449E-02  0.4928E-02  0.5478E-02  0.1561E-02  0.8973E-03  0.1224E-02  0.1377E-02
      4.984  0.7984E-02  0.2221E-01  0.3456E-02  0.2943E-01  0.7335E-03  0.2947E-02  0.4607E-02  0.1724E-01  0.2907E-03  0.1959E-02  0.1896E-02  0.3338E-02  0.2018E-02  0.8721E-02  0.1041E-02  0.1454E-02  0.6189E-03  0.2901E-02
      4.994  0.5941E-02  0.1724E-01  0.2723E-02  0.2208E-01  0.8038E-03  0.2322E-02  0.3869E-02  0.1615E-01  0.2328E-03  0.2007E-02  0.1745E-02  0.3522E-02  0.1612E-02  0.1046E-01  0.1093E-02  0.1598E-02  0.5074E-03  0.2116E-02
      5.004  0.4503E-02  0.1269E-01  0.2248E-02  0.1165E-01  0.6672E-03  0.1383E-02  0.3304E-02  0.1325E-01  0.1850E-03  0.1001E-02  0.1545E-02  0.4051E-02  0.1248E-02  0.4905E-02  0.1032E-02  0.1350E-02  0.3790E-03  0.1748E-02
      5.014  0.7998E-02  0.7803E-02  0.4087E-02  0.5549E-02  0.1046E-02  0.9528E-03  0.5331E-02  0.6837E-02  0.8239E-03  0.3525E-03  0.1940E-02  0.2209E-02  0.1821E-01  0.2937E-02  0.1439E-02  0.6758E-03  0.9005E-03  0.1066E-02
      5.024  0.5598E-02  0.1115E-01  0.2478E-02  0.7167E-02  0.6101E-03  0.1594E-02  0.4556E-02  0.1030E-01  0.4803E-03  0.6974E-03  0.1558E-02  0.2566E-02  0.7139E-02  0.2555E-01  0.1319E-02  0.1123E-02  0.4929E-03  0.1362E-02
      5.034  0.6829E-02  0.6996E-02  0.2797E-02  0.5544E-02  0.5913E-03  0.1211E-02  0.5389E-02  0.7106E-02  0.4683E-03  0.4843E-03  0.1716E-02  0.1975E-02  0.5787E-02  0.1334E-01  0.1782E-02  0.9849E-03  0.5433E-03  0.9651E-03
      5.044  0.7195E-02  0.4964E-02  0.3581E-02  0.4321E-02  0.6521E-03  0.9861E-03  0.5761E-02  0.6301E-02  0.4255E-03  0.3991E-03  0.1891E-02  0.1699E-02  0.4509E-02  0.7880E-02  0.2135E-02  0.9837E-03  0.5606E-03  0.5981E-03
      5.054  0.6757E-02  0.5091E-02  0.4007E-02  0.4285E-02  0.9325E-03  0.9927E-03  0.7853E-02  0.6455E-02  0.4144E-03  0.4628E-03  0.1919E-02  0.1902E-02  0.3673E-02  0.7546E-02  0.2614E-02  0.1293E-02  0.3090E-03  0.6406E-03
      5.064  0.5842E-02  0.6056E-02  0.4243E-02  0.4485E-02  0.4768E-03  0.9787E-03  0.5640E-02  0.6909E-02  0.2985E-03  0.5351E-03  0.1060E-02  0.2199E-02  0.2473E-02  0.6580E-02  0.1748E-02  0.1548E-02  0.2402E-03  0.7668E-03
      5.074  0.6137E-02  0.7396E-02  0.5620E-02  0.4497E-02  0.5582E-03  0.9188E-03  0.1216E-01  0.6898E-02  0.3116E-03  0.5470E-03  0.1047E-02  0.2220E-02  0.2258E-02  0.5937E-02  0.2466E-02  0.1389E-02  0.2328E-03  0.7646E-03
      5.084  0.6630E-02  0.7582E-02  0.7488E-02  0.4918E-02  0.4856E-03  0.1311E-02  0.1570E-01  0.8127E-02  0.3084E-03  0.5392E-03  0.9968E-03  0.2544E-02  0.2220E-02  0.5058E-02  0.2599E-02  0.1715E-02  0.2457E-03  0.7232E-03
      5.094  0.6922E-02  0.6141E-02  0.8338E-02  0.3593E-02  0.3328E-03  0.6470E-03  0.1868E-01  0.5667E-02  0.2942E-03  0.4080E-03  0.8609E-03  0.1350E-02  0.2084E-02  0.2953E-02  0.2462E-02  0.1321E-02  0.2576E-03  0.3064E-03
      5.104  0.1113E-01  0.6446E-02  0.1084E-01  0.4556E-02  0.3430E-03  0.7119E-03  0.2358E-01  0.7310E-02  0.5876E-03  0.3808E-03  0.1081E-02  0.1276E-02  0.2407E-02  0.2716E-02  0.2925E-02  0.1617E-02  0.4819E-03  0.2761E-03
      5.114  0.2278E-01  0.6722E-02  0.1543E-01  0.5178E-02  0.4936E-03  0.5513E-03  0.1421E-01  0.1020E-01  0.1127E-02  0.3471E-03  0.1540E-02  0.9667E-03  0.4044E-02  0.2571E-02  0.2781E-02  0.1560E-02  0.8729E-03  0.2383E-03
      5.124  0.2843E-01  0.8622E-02  0.2191E-01  0.6038E-02  0.6217E-03  0.3782E-03  0.1884E-01  0.1347E-01  0.1949E-02  0.4982E-03  0.2236E-02  0.6411E-03  0.4138E-02  0.2749E-02  0.3869E-02  0.1271E-02  0.1476E-02  0.4221E-03
      5.134  0.2709E-01  0.1301E-01  0.1742E-01  0.8264E-02  0.6162E-03  0.4816E-03  0.1585E-01  0.1600E-01  0.1631E-02  0.8244E-03  0.1911E-02  0.6668E-03  0.4215E-02  0.4151E-02  0.3156E-02  0.1364E-02  0.1329E-02  0.8320E-03
      5.144  0.2417E-01  0.1717E-01  0.1268E-01  0.1077E-01  0.6183E-03  0.6200E-03  0.1263E-01  0.1656E-01  0.1184E-02  0.1185E-02  0.1618E-02  0.7439E-03  0.4015E-02  0.5473E-02  0.2345E-02  0.1551E-02  0.1065E-02  0.1290E-02
      5.154  0.6302E-01  0.1852E-01  0.2816E-01  0.1356E-01  0.1070E-02  0.6889E-03  0.2470E-01  0.1702E-01  0.3641E-02  0.1873E-02  0.6984E-02  0.7948E-03  0.4597E-02  0.5423E-02  0.5714E-02  0.1741E-02  0.2705E-02  0.2059E-02
      5.164  0.4097E-01  0.1892E-01  0.2005E-01  0.1515E-01  0.9175E-03  0.6536E-03  0.1664E-01  0.1471E-01  0.2048E-02  0.1381E-02  0.4525E-02  0.7721E-03  0.4887E-02  0.5853E-02  0.3533E-02  0.1439E-02  0.1719E-02  0.1633E-02
      5.174  0.3187E-01  0.1798E-01  0.1448E-01  0.1339E-01  0.8486E-03  0.6415E-03  0.1258E-01  0.1078E-01  0.1016E-02  0.6223E-03  0.3056E-02  0.7446E-03  0.5128E-02  0.5738E-02  0.2611E-02  0.1023E-02  0.8187E-03  0.9079E-03
      5.184  0.3116E-01  0.1695E-01  0.1378E-01  0.1240E-01  0.8669E-03  0.7409E-03  0.1214E-01  0.1017E-01  0.9838E-03  0.6291E-03  0.3058E-02  0.8959E-03  0.5295E-02  0.5684E-02  0.2644E-02  0.1017E-02  0.8442E-03  0.9016E-03
      5.194  0.4767E-01  0.2331E-01  0.1353E-01  0.2818E-01  0.6309E-03  0.8615E-03  0.1351E-01  0.2306E-01  0.1193E-02  0.6546E-02  0.3408E-02  0.2389E-02  0.6361E-02  0.6167E-02  0.3513E-02  0.2617E-02  0.1896E-02  0.4687E-02
      5.204  0.6415E-01  0.2000E-01  0.1515E-01  0.1596E-01  0.6050E-03  0.8399E-03  0.1379E-01  0.1317E-01  0.1406E-02  0.1945E-02  0.4302E-02  0.1469E-02  0.7137E-02  0.6780E-02  0.3779E-02  0.1390E-02  0.2350E-02  0.1949E-02
      5.214  0.5400E-01  0.2123E-01  0.1289E-01  0.1569E-01  0.4437E-03  0.8664E-03  0.1149E-01  0.1257E-01  0.1276E-02  0.1653E-02  0.3591E-02  0.1579E-02  0.6349E-02  0.7582E-02  0.3284E-02  0.1365E-02  0.1858E-02  0.1709E-02
      5.225  0.4899E-01  0.2137E-01  0.1196E-01  0.1577E-01  0.3658E-03  0.8868E-03  0.1072E-01  0.1272E-01  0.1407E-02  0.1678E-02  0.3007E-02  0.1670E-02  0.8603E-02  0.8338E-02  0.3243E-02  0.1443E-02  0.1516E-02  0.1725E-02
      5.235  0.4013E-01  0.2285E-01  0.9803E-02  0.1652E-01  0.3252E-03  0.9677E-03  0.8896E-02  0.1396E-01  0.1243E-02  0.1802E-02  0.2431E-02  0.1957E-02  0.7386E-02  0.1249E-01  0.2989E-02  0.1795E-02  0.1195E-02  0.2197E-02
      5.245  0.3754E-01  0.5103E-01  0.9076E-02  0.1668E-01  0.3108E-03  0.5346E-03  0.8271E-02  0.1712E-01  0.1148E-02  0.1930E-02  0.2455E-02  0.2303E-02  0.6490E-02  0.9486E-02  0.2916E-02  0.2055E-02  0.1130E-02  0.2776E-02
      5.255  0.3470E-01  0.6203E-01  0.8520E-02  0.1884E-01  0.3043E-03  0.6301E-03  0.7880E-02  0.1582E-01  0.1060E-02  0.1964E-02  0.2498E-02  0.2926E-02  0.5632E-02  0.8398E-02  0.2865E-02  0.2255E-02  0.1079E-02  0.2732E-02
      5.265  0.3148E-01  0.4268E-01  0.8145E-02  0.1455E-01  0.3022E-03  0.4984E-03  0.7656E-02  0.1233E-01  0.9733E-03  0.1708E-02  0.2554E-02  0.2019E-02  0.4787E-02  0.7023E-02  0.2816E-02  0.1926E-02  0.1040E-02  0.1656E-02
      5.275  0.3044E-01  0.3392E-01  0.8325E-02  0.1233E-01  0.3202E-03  0.4324E-03  0.8031E-02  0.1019E-01  0.9388E-03  0.1567E-02  0.2732E-02  0.1696E-02  0.4051E-02  0.5907E-02  0.2954E-02  0.1781E-02  0.9847E-03  0.1269E-02
      5.285  0.2998E-01  0.3371E-01  0.8715E-02  0.1168E-01  0.3434E-03  0.4466E-03  0.8588E-02  0.9138E-02  0.9250E-03  0.1474E-02  0.2935E-02  0.1891E-02  0.3364E-02  0.5274E-02  0.3128E-02  0.1816E-02  0.9404E-03  0.1172E-02
      5.295  0.2999E-01  0.3188E-01  0.9327E-02  0.1087E-01  0.3697E-03  0.4501E-03  0.9285E-02  0.8404E-02  0.9344E-03  0.1375E-02  0.3153E-02  0.2016E-02  0.2813E-02  0.4724E-02  0.3311E-02  0.1843E-02  0.9132E-03  0.1088E-02
      5.305  0.3886E-01  0.2791E-01  0.1212E-01  0.9996E-02  0.4592E-03  0.4360E-03  0.1217E-01  0.7824E-02  0.1252E-02  0.1270E-02  0.4116E-02  0.1959E-02  0.3063E-02  0.4126E-02  0.3849E-02  0.1834E-02  0.1146E-02  0.1019E-02
      5.315  0.4270E-01  0.2452E-01  0.1421E-01  0.9694E-02  0.5043E-03  0.4392E-03  0.1594E-01  0.7617E-02  0.1150E-02  0.1252E-02  0.4511E-02  0.2008E-02  0.2923E-02  0.3618E-02  0.4279E-02  0.1876E-02  0.1220E-02  0.1041E-02
      5.325  0.4508E-01  0.2242E-01  0.1727E-01  0.9961E-02  0.7892E-03  0.4776E-03  0.1758E-01  0.7662E-02  0.2022E-02  0.1346E-02  0.4982E-02  0.2214E-02  0.2953E-02  0.3302E-02  0.6674E-02  0.2015E-02  0.2064E-02  0.1118E-02
      5.335  0.5856E-01  0.2196E-01  0.2648E-01  0.1068E-01  0.1114E-02  0.5287E-03  0.2164E-01  0.8644E-02  0.3138E-02  0.1476E-02  0.6789E-02  0.2366E-02  0.4445E-02  0.3072E-02  0.9683E-02  0.2069E-02  0.3021E-02  0.1275E-02
      5.345  0.4099E-01  0.2165E-01  0.2115E-01  0.1138E-01  0.1003E-02  0.5660E-03  0.1759E-01  0.9912E-02  0.2218E-02  0.1541E-02  0.5506E-02  0.2413E-02  0.2905E-02  0.2770E-02  0.7244E-02  0.2090E-02  0.2224E-02  0.1443E-02
      5.355  0.3337E-01  0.3101E-01  0.2095E-01  0.1516E-01  0.1165E-02  0.7838E-03  0.1944E-01  0.1310E-01  0.2480E-02  0.2077E-02  0.6025E-02  0.2850E-02  0.2072E-02  0.3838E-02  0.8499E-02  0.3409E-02  0.2339E-02  0.2798E-02
      5.365  0.2686E-01  0.3678E-01  0.1587E-01  0.1965E-01  0.1226E-02  0.1008E-02  0.1813E-01  0.1468E-01  0.2747E-02  0.3169E-02  0.5393E-02  0.3200E-02  0.1921E-02  0.4738E-02  0.9656E-02  0.4991E-02  0.2345E-02  0.3898E-02
      5.375  0.1399E-01  0.2732E-01  0.5275E-02  0.1454E-01  0.7234E-03  0.6978E-03  0.5511E-02  0.9700E-02  0.1343E-02  0.3023E-02  0.2404E-02  0.3364E-02  0.1133E-02  0.1848E-02  0.4544E-02  0.3312E-02  0.1089E-02  0.2680E-02
      5.385  0.1414E-01  0.3506E-01  0.6020E-02  0.2932E-01  0.1014E-02  0.1065E-02  0.7399E-02  0.1816E-01  0.1098E-02  0.3359E-02  0.2887E-02  0.3841E-02  0.1558E-02  0.4533E-02  0.3641E-02  0.3862E-02  0.1798E-02  0.4346E-02
      5.395  0.1435E-01  0.2384E-01  0.4272E-02  0.1710E-01  0.1523E-02  0.1321E-02  0.8334E-02  0.2401E-01  0.8750E-03  0.3810E-02  0.2393E-02  0.3937E-02  0.1402E-02  0.3306E-02  0.5327E-02  0.5536E-02  0.1303E-02  0.4087E-02
      5.405  0.1242E-01  0.1499E-01  0.3337E-02  0.5820E-02  0.9678E-03  0.7369E-03  0.5818E-02  0.8785E-02  0.4326E-03  0.1846E-02  0.1632E-02  0.1945E-02  0.9199E-03  0.9696E-03  0.3260E-02  0.3305E-02  0.7179E-03  0.1388E-02
      5.415  0.1438E-01  0.1326E-01  0.4226E-02  0.3663E-02  0.1185E-02  0.5413E-03  0.9183E-02  0.4744E-02  0.5115E-03  0.1118E-02  0.2072E-02  0.1550E-02  0.8908E-03  0.1106E-02  0.4236E-02  0.2199E-02  0.8689E-03  0.1324E-02
      5.425  0.1708E-01  0.1252E-01  0.5281E-02  0.3155E-02  0.1517E-02  0.5317E-03  0.1246E-01  0.3934E-02  0.6859E-03  0.8579E-03  0.2724E-02  0.1464E-02  0.9549E-03  0.1280E-02  0.5275E-02  0.1967E-02  0.1119E-02  0.1192E-02
      5.435  0.3469E-01  0.1077E-01  0.1195E-01  0.2191E-02  0.2993E-02  0.4336E-03  0.2013E-01  0.3083E-02  0.2009E-02  0.5400E-03  0.6276E-02  0.1006E-02  0.2243E-02  0.1152E-02  0.9298E-02  0.1661E-02  0.1899E-02  0.8310E-03
      5.445  0.7536E-01  0.1121E-01  0.4063E-01  0.2216E-02  0.1192E-01  0.5703E-03  0.5118E-01  0.2846E-02  0.5097E-02  0.5815E-03  0.1739E-01  0.1150E-02  0.4410E-02  0.1174E-02  0.2347E-01  0.1590E-02  0.4542E-02  0.6829E-03
      5.455  0.9318E-01  0.1551E-01  0.4043E-01  0.3484E-02  0.1017E-01  0.4716E-03  0.5082E-01  0.5078E-02  0.4674E-02  0.8127E-03  0.1817E-01  0.1319E-02  0.4090E-02  0.1645E-02  0.3125E-01  0.2042E-02  0.4232E-02  0.8792E-03
      5.465  0.6198E-01  0.2287E-01  0.2995E-01  0.5520E-02  0.1034E-01  0.7409E-03  0.4348E-01  0.9068E-02  0.3441E-02  0.1393E-02  0.1517E-01  0.2348E-02  0.2370E-02  0.2356E-02  0.2854E-01  0.2968E-02  0.3531E-02  0.1451E-02
      5.475  0.4350E-01  0.3589E-01  0.2661E-01  0.1131E-01  0.1087E-01  0.1618E-02  0.3536E-01  0.1379E-01  0.2853E-02  0.2654E-02  0.1342E-01  0.4048E-02  0.1815E-02  0.3324E-02  0.2570E-01  0.4520E-02  0.2944E-02  0.2342E-02
      5.485  0.2649E-01  0.4947E-01  0.2453E-01  0.2029E-01  0.9935E-02  0.3897E-02  0.2660E-01  0.2304E-01  0.2531E-02  0.4006E-02  0.1042E-01  0.7637E-02  0.1801E-02  0.4453E-02  0.2033E-01  0.6002E-02  0.2047E-02  0.4078E-02
      5.495  0.8400E-02  0.4853E-01  0.1920E-01  0.1725E-01  0.8490E-02  0.2296E-02  0.1450E-01  0.1993E-01  0.1848E-02  0.3066E-02  0.9080E-02  0.8040E-02  0.1307E-02  0.3785E-02  0.1155E-01  0.6144E-02  0.1388E-02  0.2787E-02
      5.505  0.1463E-01  0.6728E-01  0.1958E-01  0.2373E-01  0.1387E-01  0.2711E-02  0.1979E-01  0.2481E-01  0.3188E-02  0.3810E-02  0.1578E-01  0.1079E-01  0.2344E-02  0.4400E-02  0.2259E-01  0.8461E-02  0.2250E-02  0.3808E-02
      5.515  0.1818E-01  0.1218E+00  0.2010E-01  0.5816E-01  0.1644E-01  0.5910E-02  0.2256E-01  0.3914E-01  0.4547E-02  0.5500E-02  0.2304E-01  0.1733E-01  0.3184E-02  0.6148E-02  0.5198E-01  0.2211E-01  0.3641E-02  0.7482E-02
      5.525  0.1735E-01  0.4085E-01  0.1400E-01  0.2443E-01  0.1502E-01  0.6648E-02  0.2273E-01  0.1801E-01  0.4047E-02  0.2931E-02  0.1385E-01  0.8238E-02  0.2153E-02  0.2320E-02  0.4610E-01  0.1332E-01  0.2476E-02  0.4413E-02
      5.535  0.1448E-01  0.2236E-01  0.1120E-01  0.1459E-01  0.1830E-01  0.6500E-02  0.1821E-01  0.1216E-01  0.3632E-02  0.2465E-02  0.1453E-01  0.7393E-02  0.1908E-02  0.1546E-02  0.3145E-01  0.1135E-01  0.2509E-02  0.2146E-02
      5.545  0.3112E-01  0.4038E-01  0.2703E-01  0.1962E-01  0.4451E-01  0.1334E-01  0.2861E-01  0.2425E-01  0.9752E-02  0.4261E-02  0.4712E-01  0.1892E-01  0.7468E-02  0.3130E-02  0.4955E-01  0.3106E-01  0.8240E-02  0.3682E-02
      5.555  0.4123E-01  0.7523E-02  0.3609E-01  0.1407E-01  0.5289E-01  0.9101E-02  0.3913E-01  0.1765E-01  0.1273E-01  0.2640E-02  0.7088E-01  0.1029E-01  0.8454E-02  0.1417E-02  0.5905E-01  0.1239E-01  0.1095E-01  0.1313E-02
      5.565  0.1148E-01  0.6570E-02  0.5851E-02  0.1211E-01  0.2037E-01  0.1299E-01  0.8418E-02  0.2151E-01  0.2007E-02  0.3248E-02  0.6991E-02  0.1133E-01  0.8845E-03  0.1498E-02  0.1072E-01  0.1261E-01  0.2173E-02  0.1435E-02
      5.575  0.9922E-02  0.9875E-02  0.5349E-02  0.1146E-01  0.1907E-01  0.1839E-01  0.8880E-02  0.1707E-01  0.2254E-02  0.3602E-02  0.7343E-02  0.1198E-01  0.1579E-02  0.2062E-02  0.1343E-01  0.1635E-01  0.2187E-02  0.1772E-02
      5.585  0.1086E-01  0.3113E-01  0.8098E-02  0.2412E-01  0.2072E-01  0.3125E-01  0.1415E-01  0.2857E-01  0.3538E-02  0.8846E-02  0.1115E-01  0.4600E-01  0.5703E-02  0.1331E-01  0.2529E-01  0.4814E-01  0.2984E-02  0.8105E-02
      5.595  0.1410E-01  0.3974E-01  0.9980E-02  0.2836E-01  0.2539E-01  0.4393E-01  0.1624E-01  0.3295E-01  0.3729E-02  0.9561E-02  0.1414E-01  0.3665E-01  0.6248E-02  0.1451E-01  0.2450E-01  0.6256E-01  0.3202E-02  0.8219E-02
      5.605  0.3696E-01  0.1601E-01  0.1644E-01  0.1299E-01  0.2614E-01  0.2489E-01  0.1895E-01  0.1986E-01  0.5209E-02  0.4625E-02  0.2232E-01  0.1678E-01  0.5648E-02  0.4848E-02  0.2936E-01  0.2965E-01  0.2586E-02  0.4152E-02
      5.615  0.4980E-01  0.1585E-01  0.1734E-01  0.1286E-01  0.2075E-01  0.2504E-01  0.1808E-01  0.1969E-01  0.3949E-02  0.5641E-02  0.1607E-01  0.1750E-01  0.5876E-02  0.6251E-02  0.2927E-01  0.4883E-01  0.2761E-02  0.5779E-02
      5.625  0.4990E-01  0.1405E-01  0.1619E-01  0.8854E-02  0.1769E-01  0.1917E-01  0.1857E-01  0.1499E-01  0.3450E-02  0.3881E-02  0.1569E-01  0.1619E-01  0.4789E-02  0.5358E-02  0.2405E-01  0.3822E-01  0.3243E-02  0.3871E-02
      5.635  0.2824E-01  0.1746E-01  0.1398E-01  0.1282E-01  0.1421E-01  0.2252E-01  0.1713E-01  0.2013E-01  0.2945E-02  0.4673E-02  0.1654E-01  0.2039E-01  0.2857E-02  0.5456E-02  0.1539E-01  0.3903E-01  0.3485E-02  0.4262E-02
      5.645  0.2536E-01  0.2606E-01  0.1444E-01  0.2635E-01  0.1494E-01  0.3086E-01  0.1583E-01  0.3475E-01  0.2740E-02  0.7106E-02  0.1611E-01  0.3063E-01  0.2975E-02  0.4980E-02  0.1916E-01  0.2536E-01  0.3164E-02  0.5825E-02
      5.655  0.4043E-01  0.1691E-01  0.2627E-01  0.1628E-01  0.2241E-01  0.1394E-01  0.2309E-01  0.1866E-01  0.4553E-02  0.5104E-02  0.2861E-01  0.2839E-01  0.3678E-02  0.5043E-02  0.2644E-01  0.2140E-01  0.4700E-02  0.4867E-02
      5.665  0.3170E-01  0.1877E-01  0.2067E-01  0.1402E-01  0.1824E-01  0.9455E-02  0.2447E-01  0.1728E-01  0.4587E-02  0.3888E-02  0.2313E-01  0.1621E-01  0.3492E-02  0.3566E-02  0.2700E-01  0.1650E-01  0.3633E-02  0.4582E-02
      5.675  0.2842E-01  0.2592E-01  0.1745E-01  0.1491E-01  0.1736E-01  0.9092E-02  0.2467E-01  0.1754E-01  0.5467E-02  0.4004E-02  0.2230E-01  0.1558E-01  0.4069E-02  0.3420E-02  0.3200E-01  0.1580E-01  0.3098E-02  0.4887E-02
      5.685  0.2220E-01  0.2483E-01  0.1079E-01  0.1115E-01  0.1380E-01  0.6528E-02  0.1912E-01  0.1084E-01  0.3113E-02  0.3161E-02  0.2176E-01  0.9493E-02  0.3999E-02  0.2398E-02  0.2141E-01  0.1223E-01  0.3793E-02  0.3364E-02
      5.695  0.1657E-01  0.2787E-01  0.9190E-02  0.1601E-01  0.1156E-01  0.6666E-02  0.1403E-01  0.1241E-01  0.2631E-02  0.4290E-02  0.1850E-01  0.1126E-01  0.3760E-02  0.2223E-02  0.1624E-01  0.1130E-01  0.3302E-02  0.4847E-02
      5.705  0.3312E-01  0.2459E-01  0.2040E-01  0.1414E-01  0.1916E-01  0.4259E-02  0.1700E-01  0.9499E-02  0.4837E-02  0.3755E-02  0.2751E-01  0.9288E-02  0.8974E-02  0.1452E-02  0.2879E-01  0.6957E-02  0.5757E-02  0.3512E-02
      5.715  0.4779E-01  0.2317E-01  0.2539E-01  0.1397E-01  0.1886E-01  0.4643E-02  0.1836E-01  0.1045E-01  0.6839E-02  0.4423E-02  0.3388E-01  0.1007E-01  0.1217E-01  0.1586E-02  0.3832E-01  0.1008E-01  0.8121E-02  0.3796E-02
      5.725  0.2448E-01  0.2136E-01  0.1549E-01  0.1230E-01  0.1303E-01  0.5030E-02  0.1079E-01  0.1166E-01  0.3703E-02  0.4971E-02  0.1771E-01  0.1083E-01  0.7215E-02  0.2363E-02  0.2197E-01  0.1499E-01  0.4234E-02  0.3954E-02
      5.735  0.2399E-01  0.2099E-01  0.1749E-01  0.1146E-01  0.1552E-01  0.8203E-02  0.1136E-01  0.1365E-01  0.4455E-02  0.5463E-02  0.1586E-01  0.1336E-01  0.7934E-02  0.3616E-02  0.2624E-01  0.2066E-01  0.4054E-02  0.4683E-02
      5.745  0.2107E-01  0.4780E-01  0.1804E-01  0.2197E-01  0.1569E-01  0.1995E-01  0.1080E-01  0.2642E-01  0.4808E-02  0.1060E-01  0.1568E-01  0.2873E-01  0.8164E-02  0.8513E-02  0.2377E-01  0.4552E-01  0.4166E-02  0.8323E-02
      5.755  0.1770E-01  0.3772E-01  0.1870E-01  0.1734E-01  0.1544E-01  0.1596E-01  0.1030E-01  0.1950E-01  0.5076E-02  0.9752E-02  0.1530E-01  0.2131E-01  0.8229E-02  0.9408E-02  0.1992E-01  0.3220E-01  0.4237E-02  0.6876E-02
      5.765  0.1395E-01  0.3869E-01  0.1680E-01  0.2529E-01  0.1757E-01  0.1317E-01  0.1555E-01  0.2767E-01  0.4377E-02  0.8006E-02  0.2265E-01  0.2541E-01  0.4623E-02  0.1542E-01  0.2602E-01  0.2615E-01  0.3977E-02  0.6864E-02
      5.775  0.1890E-01  0.2758E-01  0.2004E-01  0.2412E-01  0.2152E-01  0.9025E-02  0.1622E-01  0.2115E-01  0.5078E-02  0.5601E-02  0.2740E-01  0.2246E-01  0.5417E-02  0.1294E-01  0.2766E-01  0.1889E-01  0.5197E-02  0.6460E-02
      5.785  0.3755E-01  0.1821E-01  0.3277E-01  0.2032E-01  0.6513E-01  0.6734E-02  0.1943E-01  0.1317E-01  0.5839E-02  0.5004E-02  0.5833E-01  0.1611E-01  0.9401E-02  0.9158E-02  0.4868E-01  0.1503E-01  0.1019E-01  0.5048E-02
      5.795  0.2140E-01  0.1394E-01  0.2422E-01  0.1241E-01  0.3326E-01  0.4331E-02  0.3942E-01  0.8239E-02  0.4594E-02  0.4011E-02  0.2950E-01  0.1024E-01  0.5980E-02  0.5674E-02  0.3564E-01  0.1191E-01  0.6335E-02  0.2863E-02
      5.805  0.3394E-01  0.1361E-01  0.2009E-01  0.1091E-01  0.3864E-01  0.3721E-02  0.3577E-01  0.7804E-02  0.5474E-02  0.4153E-02  0.2916E-01  0.9778E-02  0.5876E-02  0.4317E-02  0.2873E-01  0.1186E-01  0.4350E-02  0.2661E-02
      5.815  0.2049E-01  0.2907E-01  0.1697E-01  0.1502E-01  0.2395E-01  0.1019E-01  0.1850E-01  0.1573E-01  0.3513E-02  0.6256E-02  0.2082E-01  0.3303E-01  0.4706E-02  0.3880E-02  0.2682E-01  0.2635E-01  0.3247E-02  0.8869E-02
      5.825  0.2381E-01  0.2822E-01  0.1944E-01  0.1994E-01  0.2446E-01  0.1111E-01  0.1499E-01  0.3344E-01  0.3399E-02  0.6274E-02  0.2207E-01  0.3456E-01  0.5070E-02  0.3784E-02  0.3088E-01  0.3524E-01  0.3525E-02  0.7346E-02
      5.835  0.2325E-01  0.2967E-01  0.1691E-01  0.2353E-01  0.2096E-01  0.1277E-01  0.1494E-01  0.3720E-01  0.3005E-02  0.6308E-02  0.2362E-01  0.2917E-01  0.5198E-02  0.5591E-02  0.2971E-01  0.4524E-01  0.2952E-02  0.5610E-02
      5.845  0.1985E-01  0.3245E-01  0.1297E-01  0.3237E-01  0.1878E-01  0.2010E-01  0.1197E-01  0.3341E-01  0.2584E-02  0.6217E-02  0.2037E-01  0.3370E-01  0.4889E-02  0.8674E-02  0.2390E-01  0.3135E-01  0.2703E-02  0.9096E-02
      5.855  0.2218E-01  0.7778E-01  0.1171E-01  0.5134E-01  0.2027E-01  0.4857E-01  0.1191E-01  0.5308E-01  0.2881E-02  0.1358E-01  0.2255E-01  0.4901E-01  0.5466E-02  0.1504E-01  0.2390E-01  0.5239E-01  0.3276E-02  0.1091E-01
      5.865  0.2516E-01  0.2905E-01  0.1107E-01  0.2414E-01  0.2440E-01  0.2492E-01  0.1095E-01  0.2276E-01  0.3192E-02  0.6681E-02  0.2500E-01  0.3062E-01  0.6490E-02  0.7265E-02  0.2273E-01  0.3408E-01  0.4447E-02  0.6588E-02
      5.875  0.2045E-01  0.2357E-01  0.1036E-01  0.2306E-01  0.1952E-01  0.1748E-01  0.9812E-02  0.2051E-01  0.2677E-02  0.5703E-02  0.2371E-01  0.2456E-01  0.5377E-02  0.8016E-02  0.1940E-01  0.3178E-01  0.3756E-02  0.5288E-02
      5.885  0.1820E-01  0.3226E-01  0.8811E-02  0.2354E-01  0.1476E-01  0.2499E-01  0.8969E-02  0.2305E-01  0.2201E-02  0.6440E-02  0.1750E-01  0.2498E-01  0.4703E-02  0.1087E-01  0.1355E-01  0.4132E-01  0.2938E-02  0.4359E-02
      5.895  0.1584E-01  0.3432E-01  0.8029E-02  0.1935E-01  0.1186E-01  0.2768E-01  0.7553E-02  0.2172E-01  0.2055E-02  0.5619E-02  0.8734E-02  0.2576E-01  0.3932E-02  0.1043E-01  0.7310E-02  0.4708E-01  0.2040E-02  0.3966E-02
      5.905  0.1182E-01  0.3575E-01  0.6482E-02  0.1155E-01  0.8994E-02  0.2822E-01  0.5656E-02  0.1404E-01  0.2086E-02  0.4309E-02  0.6900E-02  0.2848E-01  0.2965E-02  0.7851E-02  0.6008E-02  0.3800E-01  0.1657E-02  0.3952E-02
      5.915  0.9398E-02  0.4826E-01  0.5274E-02  0.1371E-01  0.9136E-02  0.3752E-01  0.4693E-02  0.1733E-01  0.2092E-02  0.5298E-02  0.6780E-02  0.4193E-01  0.2349E-02  0.1066E-01  0.5852E-02  0.5704E-01  0.1684E-02  0.5548E-02
      5.925  0.9387E-02  0.6039E-01  0.5487E-02  0.1705E-01  0.1069E-01  0.4534E-01  0.4998E-02  0.1856E-01  0.2486E-02  0.5720E-02  0.6822E-02  0.5530E-01  0.2416E-02  0.1285E-01  0.6556E-02  0.7891E-01  0.1996E-02  0.6701E-02
      5.935  0.9193E-02  0.5351E-01  0.5933E-02  0.1615E-01  0.1172E-01  0.3373E-01  0.5203E-02  0.1629E-01  0.2432E-02  0.6965E-02  0.7333E-02  0.5238E-01  0.2451E-02  0.1047E-01  0.7375E-02  0.6502E-01  0.1979E-02  0.9034E-02
      5.945  0.1168E-01  0.5177E-01  0.6677E-02  0.1722E-01  0.2369E-01  0.3327E-01  0.6941E-02  0.1727E-01  0.2691E-02  0.9112E-02  0.9289E-02  0.6853E-01  0.3089E-02  0.1005E-01  0.9352E-02  0.8316E-01  0.2147E-02  0.1182E-01
      5.955  0.9548E-02  0.5404E-01  0.6477E-02  0.1243E-01  0.1420E-01  0.3444E-01  0.5780E-02  0.1185E-01  0.2374E-02  0.8256E-02  0.7625E-02  0.3771E-01  0.2567E-02  0.1049E-01  0.7469E-02  0.4320E-01  0.2221E-02  0.8101E-02
      5.965  0.8420E-02  0.6384E-01  0.5667E-02  0.1154E-01  0.1220E-01  0.4141E-01  0.5322E-02  0.1240E-01  0.2228E-02  0.9684E-02  0.6411E-02  0.3549E-01  0.2311E-02  0.1200E-01  0.7033E-02  0.4365E-01  0.2092E-02  0.7600E-02
      5.975  0.7974E-02  0.3038E-01  0.5410E-02  0.7820E-02  0.1122E-01  0.2400E-01  0.5089E-02  0.6627E-02  0.2173E-02  0.5612E-02  0.5825E-02  0.2327E-01  0.2240E-02  0.6345E-02  0.6721E-02  0.3501E-01  0.2082E-02  0.4966E-02
      5.985  0.7672E-02  0.2649E-01  0.5238E-02  0.7682E-02  0.1039E-01  0.2513E-01  0.4771E-02  0.5516E-02  0.2156E-02  0.5091E-02  0.5145E-02  0.2199E-01  0.2232E-02  0.5708E-02  0.6272E-02  0.3619E-01  0.2110E-02  0.4904E-02
      5.995  0.7348E-02  0.2277E-01  0.5145E-02  0.7598E-02  0.9377E-02  0.2835E-01  0.4592E-02  0.4518E-02  0.2172E-02  0.4988E-02  0.4371E-02  0.2418E-01  0.2219E-02  0.4989E-02  0.5673E-02  0.4268E-01  0.2148E-02  0.5106E-02
      6.005  0.6966E-02  0.1942E-01  0.5094E-02  0.6867E-02  0.7827E-02  0.2697E-01  0.4503E-02  0.4069E-02  0.2242E-02  0.4860E-02  0.3316E-02  0.2380E-01  0.2146E-02  0.4545E-02  0.4514E-02  0.3115E-01  0.2185E-02  0.4592E-02
      6.015  0.8702E-02  0.1767E-01  0.1086E-01  0.6275E-02  0.9187E-02  0.2481E-01  0.7408E-02  0.4589E-02  0.4474E-02  0.4569E-02  0.5338E-02  0.1539E-01  0.2747E-02  0.4604E-02  0.7692E-02  0.1553E-01  0.3102E-02  0.4087E-02
      6.025  0.7472E-02  0.1841E-01  0.6546E-02  0.1079E-01  0.6926E-02  0.2708E-01  0.7919E-02  0.6235E-02  0.2408E-02  0.9887E-02  0.3428E-02  0.2478E-01  0.1859E-02  0.4835E-02  0.4422E-02  0.3796E-01  0.3301E-02  0.6160E-02
      6.035  0.7281E-02  0.1799E-01  0.5592E-02  0.6600E-02  0.6148E-02  0.2780E-01  0.8175E-02  0.7050E-02  0.2218E-02  0.6856E-02  0.2889E-02  0.1657E-01  0.1868E-02  0.4640E-02  0.3751E-02  0.1617E-01  0.3089E-02  0.4177E-02
      6.045  0.7257E-02  0.1286E-01  0.6086E-02  0.1088E-01  0.5816E-02  0.2554E-01  0.8087E-02  0.1202E-01  0.2130E-02  0.5488E-02  0.2827E-02  0.1311E-01  0.1892E-02  0.4087E-02  0.3442E-02  0.2054E-01  0.2844E-02  0.4230E-02
      6.055  0.1013E-01  0.1103E-01  0.1101E-01  0.1282E-01  0.7850E-02  0.2678E-01  0.9401E-02  0.1516E-01  0.2769E-02  0.6169E-02  0.4134E-02  0.1346E-01  0.3235E-02  0.3889E-02  0.3289E-02  0.1940E-01  0.2992E-02  0.3887E-02
      6.065  0.8230E-02  0.1087E-01  0.6707E-02  0.1357E-01  0.7173E-02  0.3258E-01  0.7287E-02  0.1069E-01  0.2324E-02  0.5501E-02  0.3976E-02  0.1488E-01  0.2418E-02  0.3122E-02  0.2669E-02  0.1284E-01  0.2119E-02  0.4398E-02
      6.075  0.7003E-02  0.1137E-01  0.5309E-02  0.1552E-01  0.6169E-02  0.4213E-01  0.5709E-02  0.9471E-02  0.1863E-02  0.5579E-02  0.3612E-02  0.1636E-01  0.1825E-02  0.2471E-02  0.2470E-02  0.1010E-01  0.1531E-02  0.5830E-02
      6.085  0.6013E-02  0.1790E-01  0.4835E-02  0.2356E-01  0.5115E-02  0.6119E-01  0.4158E-02  0.1971E-01  0.1476E-02  0.8656E-02  0.3242E-02  0.2044E-01  0.1320E-02  0.5040E-02  0.2075E-02  0.1641E-01  0.1224E-02  0.8484E-02
      6.095  0.6554E-02  0.1613E-01  0.5910E-02  0.1929E-01  0.6287E-02  0.5400E-01  0.4234E-02  0.1871E-01  0.1744E-02  0.7338E-02  0.4320E-02  0.1570E-01  0.1480E-02  0.5416E-02  0.2433E-02  0.1438E-01  0.1279E-02  0.7265E-02
      6.105  0.8922E-02  0.1515E-01  0.8292E-02  0.1765E-01  0.7320E-02  0.4146E-01  0.6162E-02  0.1790E-01  0.2574E-02  0.6149E-02  0.7447E-02  0.1493E-01  0.1961E-02  0.4902E-02  0.3583E-02  0.1192E-01  0.1376E-02  0.6212E-02
      6.115  0.8948E-02  0.1578E-01  0.1284E-01  0.2338E-01  0.9382E-02  0.2284E-01  0.6446E-02  0.1668E-01  0.4782E-02  0.3854E-02  0.1395E-01  0.3657E-01  0.1766E-02  0.4768E-02  0.5012E-02  0.1065E-01  0.1507E-02  0.4751E-02
      6.125  0.6321E-02  0.1579E-01  0.6811E-02  0.2413E-01  0.7251E-02  0.9888E-02  0.4829E-02  0.1659E-01  0.2283E-02  0.3005E-02  0.2882E-02  0.2287E-01  0.1493E-02  0.3791E-02  0.2430E-02  0.9144E-02  0.1052E-02  0.4340E-02
      6.135  0.5773E-02  0.1821E-01  0.6888E-02  0.2778E-01  0.7401E-02  0.1245E-01  0.4127E-02  0.1852E-01  0.1974E-02  0.3493E-02  0.2464E-02  0.1307E-01  0.1675E-02  0.4006E-02  0.2409E-02  0.8685E-02  0.1195E-02  0.5090E-02
      6.145  0.5791E-02  0.2112E-01  0.7596E-02  0.2464E-01  0.8249E-02  0.1029E-01  0.4761E-02  0.1643E-01  0.1935E-02  0.4262E-02  0.2594E-02  0.1033E-01  0.1869E-02  0.3709E-02  0.2680E-02  0.8051E-02  0.1472E-02  0.8247E-02
      6.155  0.5270E-02  0.2085E-01  0.7008E-02  0.2093E-01  0.7997E-02  0.1083E-01  0.4866E-02  0.1718E-01  0.1732E-02  0.5779E-02  0.2696E-02  0.9745E-02  0.1641E-02  0.3709E-02  0.2404E-02  0.7985E-02  0.1603E-02  0.8200E-02
      6.165  0.4868E-02  0.1886E-01  0.7441E-02  0.2773E-01  0.9463E-02  0.9444E-02  0.4647E-02  0.1840E-01  0.1651E-02  0.6340E-02  0.3114E-02  0.8798E-02  0.1571E-02  0.2976E-02  0.2417E-02  0.7839E-02  0.1777E-02  0.6395E-02
      6.175  0.3417E-02  0.2385E-01  0.6035E-02  0.1853E-01  0.7830E-02  0.6301E-02  0.4000E-02  0.2053E-01  0.1380E-02  0.5368E-02  0.2565E-02  0.1006E-01  0.1289E-02  0.3301E-02  0.2113E-02  0.6832E-02  0.1456E-02  0.4798E-02
      6.185  0.4064E-02  0.2547E-01  0.7508E-02  0.1402E-01  0.5785E-02  0.5016E-02  0.4335E-02  0.2011E-01  0.1303E-02  0.4655E-02  0.1995E-02  0.8681E-02  0.1157E-02  0.3136E-02  0.2141E-02  0.6002E-02  0.1761E-02  0.4480E-02
      6.195  0.6420E-02  0.4015E-01  0.1156E-01  0.2373E-01  0.9678E-02  0.5432E-02  0.5364E-02  0.3063E-01  0.1879E-02  0.6381E-02  0.2489E-02  0.9073E-02  0.1637E-02  0.4356E-02  0.3120E-02  0.7201E-02  0.2574E-02  0.6413E-02
      6.205  0.4974E-02  0.3619E-01  0.8346E-02  0.2414E-01  0.7636E-02  0.4823E-02  0.4928E-02  0.2516E-01  0.1614E-02  0.6694E-02  0.2574E-02  0.7493E-02  0.1460E-02  0.3966E-02  0.2973E-02  0.6561E-02  0.1689E-02  0.7399E-02
      6.215  0.4691E-02  0.2402E-01  0.8282E-02  0.2015E-01  0.7223E-02  0.4714E-02  0.4723E-02  0.1772E-01  0.1526E-02  0.7311E-02  0.2528E-02  0.5411E-02  0.1341E-02  0.2953E-02  0.3068E-02  0.6385E-02  0.1542E-02  0.7888E-02
      6.225  0.4375E-02  0.2317E-01  0.8334E-02  0.2117E-01  0.6336E-02  0.5474E-02  0.4224E-02  0.1755E-01  0.1373E-02  0.7173E-02  0.2399E-02  0.5252E-02  0.1164E-02  0.2853E-02  0.2931E-02  0.7196E-02  0.1384E-02  0.9100E-02
      6.235  0.4094E-02  0.1897E-01  0.7888E-02  0.1882E-01  0.5769E-02  0.5631E-02  0.3500E-02  0.1662E-01  0.1127E-02  0.6230E-02  0.2421E-02  0.4321E-02  0.1052E-02  0.2524E-02  0.2653E-02  0.7306E-02  0.1314E-02  0.8932E-02
      6.245  0.4161E-02  0.1332E-01  0.7372E-02  0.1504E-01  0.5841E-02  0.4038E-02  0.3624E-02  0.1628E-01  0.1175E-02  0.5570E-02  0.2525E-02  0.3822E-02  0.9950E-03  0.1934E-02  0.2505E-02  0.7548E-02  0.1524E-02  0.8061E-02
      6.255  0.3453E-02  0.1312E-01  0.6444E-02  0.1713E-01  0.4957E-02  0.4955E-02  0.3628E-02  0.2044E-01  0.1009E-02  0.7049E-02  0.2256E-02  0.4452E-02  0.9607E-03  0.2100E-02  0.2356E-02  0.7991E-02  0.1526E-02  0.8346E-02
      6.265  0.3432E-02  0.1576E-01  0.6322E-02  0.1767E-01  0.5449E-02  0.5651E-02  0.4228E-02  0.2065E-01  0.1229E-02  0.7435E-02  0.2363E-02  0.5089E-02  0.1160E-02  0.2478E-02  0.2538E-02  0.7447E-02  0.1689E-02  0.7886E-02
      6.275  0.4471E-02  0.1290E-01  0.6918E-02  0.1633E-01  0.9656E-02  0.5899E-02  0.7895E-02  0.1838E-01  0.2551E-02  0.6862E-02  0.2646E-02  0.5088E-02  0.2107E-02  0.2204E-02  0.3944E-02  0.6225E-02  0.2134E-02  0.7301E-02
      6.285  0.3510E-02  0.1015E-01  0.5992E-02  0.1401E-01  0.6347E-02  0.5068E-02  0.5294E-02  0.1761E-01  0.1617E-02  0.7214E-02  0.2481E-02  0.5674E-02  0.1680E-02  0.1648E-02  0.2998E-02  0.5754E-02  0.1973E-02  0.7346E-02
      6.295  0.2881E-02  0.1120E-01  0.4986E-02  0.1609E-01  0.5135E-02  0.6218E-02  0.4682E-02  0.2037E-01  0.1310E-02  0.9018E-02  0.1996E-02  0.8992E-02  0.1292E-02  0.1801E-02  0.2571E-02  0.8396E-02  0.1664E-02  0.1002E-01
      6.305  0.2966E-02  0.1745E-01  0.5203E-02  0.1878E-01  0.5885E-02  0.9080E-02  0.5542E-02  0.2361E-01  0.1499E-02  0.1190E-01  0.2142E-02  0.1423E-01  0.1525E-02  0.1962E-02  0.2297E-02  0.1175E-01  0.1929E-02  0.1374E-01
      6.315  0.2342E-02  0.1552E-01  0.3927E-02  0.1851E-01  0.5065E-02  0.6902E-02  0.4580E-02  0.1495E-01  0.1237E-02  0.9616E-02  0.1557E-02  0.1057E-01  0.1220E-02  0.1584E-02  0.1808E-02  0.9424E-02  0.1589E-02  0.1031E-01
      6.325  0.1979E-02  0.1225E-01  0.2775E-02  0.1724E-01  0.4909E-02  0.5620E-02  0.2761E-02  0.1216E-01  0.9351E-03  0.7483E-02  0.1099E-02  0.7951E-02  0.8541E-03  0.1317E-02  0.1622E-02  0.6863E-02  0.1010E-02  0.8745E-02
      6.335  0.1713E-02  0.9646E-02  0.2589E-02  0.1513E-01  0.3471E-02  0.4689E-02  0.2699E-02  0.1139E-01  0.8802E-03  0.5183E-02  0.1090E-02  0.5183E-02  0.8363E-03  0.1013E-02  0.1570E-02  0.5404E-02  0.8220E-03  0.6820E-02
      6.345  0.1846E-02  0.7870E-02  0.2754E-02  0.1581E-01  0.3302E-02  0.5674E-02  0.2869E-02  0.1200E-01  0.8594E-03  0.6024E-02  0.1085E-02  0.6207E-02  0.8416E-03  0.1291E-02  0.1553E-02  0.6705E-02  0.9051E-03  0.6020E-02
      6.355  0.2339E-02  0.9090E-02  0.3250E-02  0.2001E-01  0.3130E-02  0.7205E-02  0.3210E-02  0.1930E-01  0.8732E-03  0.9577E-02  0.1182E-02  0.9179E-02  0.8754E-03  0.1815E-02  0.1585E-02  0.9424E-02  0.9797E-03  0.7665E-02
      6.365  0.2786E-02  0.8877E-02  0.3667E-02  0.2022E-01  0.2932E-02  0.6683E-02  0.3587E-02  0.2480E-01  0.8887E-03  0.1195E-01  0.1312E-02  0.9436E-02  0.9133E-03  0.1949E-02  0.1629E-02  0.9354E-02  0.1020E-02  0.6100E-02
      6.375  0.3017E-02  0.7575E-02  0.3720E-02  0.1626E-01  0.2399E-02  0.6243E-02  0.3519E-02  0.1750E-01  0.8504E-03  0.8534E-02  0.1354E-02  0.8421E-02  0.8327E-03  0.2026E-02  0.1530E-02  0.7172E-02  0.8904E-03  0.4930E-02
      6.385  0.3370E-02  0.7616E-02  0.4168E-02  0.1514E-01  0.2100E-02  0.6528E-02  0.3433E-02  0.1525E-01  0.8673E-03  0.7686E-02  0.1463E-02  0.9667E-02  0.8162E-03  0.2247E-02  0.1507E-02  0.6615E-02  0.8194E-03  0.4980E-02
      6.395  0.4429E-02  0.7967E-02  0.5167E-02  0.1460E-01  0.2355E-02  0.6738E-02  0.3721E-02  0.1530E-01  0.1005E-02  0.7809E-02  0.1683E-02  0.1031E-01  0.1065E-02  0.2334E-02  0.1774E-02  0.6563E-02  0.9122E-03  0.4822E-02
      6.405  0.7673E-02  0.6960E-02  0.6941E-02  0.1287E-01  0.3600E-02  0.6027E-02  0.6868E-02  0.1207E-01  0.1528E-02  0.6576E-02  0.3257E-02  0.8980E-02  0.1922E-02  0.2249E-02  0.2507E-02  0.5863E-02  0.1467E-02  0.3979E-02
      6.415  0.5333E-02  0.6380E-02  0.6483E-02  0.1164E-01  0.3121E-02  0.5444E-02  0.4565E-02  0.1033E-01  0.1195E-02  0.5824E-02  0.2501E-02  0.7938E-02  0.1242E-02  0.2212E-02  0.2023E-02  0.5442E-02  0.1131E-02  0.3394E-02
      6.425  0.6806E-02  0.5117E-02  0.7584E-02  0.9789E-02  0.3758E-02  0.4186E-02  0.5585E-02  0.8109E-02  0.1524E-02  0.4651E-02  0.2868E-02  0.6043E-02  0.1445E-02  0.1733E-02  0.2454E-02  0.4651E-02  0.1355E-02  0.2691E-02
      6.435  0.5130E-02  0.3606E-02  0.6634E-02  0.6735E-02  0.3673E-02  0.2735E-02  0.5160E-02  0.5632E-02  0.1385E-02  0.3275E-02  0.2647E-02  0.3637E-02  0.1313E-02  0.1012E-02  0.2235E-02  0.3643E-02  0.1485E-02  0.1916E-02
      6.445  0.3916E-02  0.2724E-02  0.5219E-02  0.5051E-02  0.3180E-02  0.1840E-02  0.4193E-02  0.4202E-02  0.1157E-02  0.2271E-02  0.2316E-02  0.2369E-02  0.1056E-02  0.5926E-03  0.1845E-02  0.2467E-02  0.1417E-02  0.1336E-02
      6.455  0.3145E-02  0.2052E-02  0.4081E-02  0.3617E-02  0.2659E-02  0.1202E-02  0.3340E-02  0.3088E-02  0.1029E-02  0.1510E-02  0.2053E-02  0.1273E-02  0.8404E-03  0.3230E-03  0.1491E-02  0.1374E-02  0.1267E-02  0.8930E-03
      6.465  0.3041E-02  0.1574E-02  0.3539E-02  0.2656E-02  0.2704E-02  0.8433E-03  0.3380E-02  0.2307E-02  0.1095E-02  0.1138E-02  0.2074E-02  0.9417E-03  0.7962E-03  0.2075E-03  0.1468E-02  0.9829E-03  0.1365E-02  0.6630E-03
      6.475  0.2431E-02  0.1255E-02  0.2819E-02  0.2146E-02  0.2331E-02  0.5861E-03  0.2970E-02  0.1861E-02  0.1044E-02  0.8715E-03  0.1578E-02  0.7362E-03  0.6187E-03  0.1249E-03  0.1124E-02  0.6978E-03  0.1190E-02  0.5285E-03
      6.485  0.2346E-02  0.1011E-02  0.2362E-02  0.1805E-02  0.2176E-02  0.4499E-03  0.2702E-02  0.1643E-02  0.7968E-03  0.7189E-03  0.1299E-02  0.6012E-03  0.5708E-03  0.9638E-04  0.9684E-03  0.5681E-03  0.1063E-02  0.4560E-03
      6.495  0.2413E-02  0.7574E-03  0.2352E-02  0.1460E-02  0.2271E-02  0.3183E-03  0.2827E-02  0.1427E-02  0.7804E-03  0.5707E-03  0.1293E-02  0.4708E-03  0.5870E-03  0.6828E-04  0.9661E-03  0.4390E-03  0.1048E-02  0.3838E-03
      6.505  0.2490E-02  0.4957E-03  0.2397E-02  0.1110E-02  0.2402E-02  0.1912E-03  0.3012E-02  0.1213E-02  0.7841E-03  0.4270E-03  0.1311E-02  0.3450E-03  0.5928E-03  0.4055E-04  0.9859E-03  0.3106E-03  0.1068E-02  0.3119E-03
      6.515  0.2619E-02  0.3592E-03  0.2512E-02  0.8544E-03  0.2634E-02  0.1234E-03  0.3328E-02  0.1058E-02  0.8146E-03  0.3372E-03  0.1371E-02  0.2610E-03  0.6026E-03  0.2620E-04  0.1033E-02  0.2315E-03  0.1105E-02  0.2548E-03
      6.525  0.3166E-02  0.2984E-03  0.3000E-02  0.6541E-03  0.3362E-02  0.9442E-04  0.4260E-02  0.8906E-03  0.9964E-03  0.2735E-03  0.1561E-02  0.2011E-03  0.7024E-03  0.2027E-04  0.1237E-02  0.1817E-03  0.1244E-02  0.1998E-03
      6.535  0.3691E-02  0.2123E-03  0.3542E-02  0.4437E-03  0.3930E-02  0.6560E-04  0.5330E-02  0.6338E-03  0.1238E-02  0.1935E-03  0.1824E-02  0.1378E-03  0.9923E-03  0.1368E-04  0.1507E-02  0.1257E-03  0.1471E-02  0.1357E-03
      6.545  0.3793E-02  0.1256E-03  0.3865E-02  0.2496E-03  0.4145E-02  0.3786E-04  0.6085E-02  0.3748E-03  0.1395E-02  0.1138E-03  0.2045E-02  0.7838E-04  0.1243E-02  0.7649E-05  0.1706E-02  0.7224E-04  0.1614E-02  0.7649E-04
      6.555  0.3194E-02  0.3809E-04  0.3438E-02  0.7189E-04  0.3153E-02  0.1120E-04  0.5365E-02  0.1137E-03  0.1210E-02  0.3433E-04  0.1754E-02  0.2284E-04  0.9618E-03  0.2188E-05  0.1437E-02  0.2128E-04  0.1356E-02  0.2207E-04
      6.565  0.1687E-02  0.0000E+00  0.2640E-02  0.0000E+00  0.1965E-02  0.0000E+00  0.2944E-02  0.0000E+00  0.6782E-03  0.0000E+00  0.1318E-02  0.0000E+00  0.6743E-03  0.0000E+00  0.8939E-03  0.0000E+00  0.1055E-02  0.0000E+00
      6.575  0.1572E-02  0.0000E+00  0.2482E-02  0.0000E+00  0.1759E-02  0.0000E+00  0.2727E-02  0.0000E+00  0.5791E-03  0.0000E+00  0.1153E-02  0.0000E+00  0.5871E-03  0.0000E+00  0.7905E-03  0.0000E+00  0.9895E-03  0.0000E+00
      6.585  0.1407E-02  0.0000E+00  0.2286E-02  0.0000E+00  0.1521E-02  0.0000E+00  0.2523E-02  0.0000E+00  0.4871E-03  0.0000E+00  0.9463E-03  0.0000E+00  0.5313E-03  0.0000E+00  0.7196E-03  0.0000E+00  0.9189E-03  0.0000E+00
      6.595  0.1596E-02  0.0000E+00  0.2159E-02  0.0000E+00  0.1652E-02  0.0000E+00  0.2566E-02  0.0000E+00  0.5338E-03  0.0000E+00  0.8208E-03  0.0000E+00  0.6664E-03  0.0000E+00  0.9551E-03  0.0000E+00  0.7523E-03  0.0000E+00
      6.605  0.1624E-02  0.0000E+00  0.2302E-02  0.0000E+00  0.1787E-02  0.0000E+00  0.2122E-02  0.0000E+00  0.5485E-03  0.0000E+00  0.7222E-03  0.0000E+00  0.6070E-03  0.0000E+00  0.8877E-03  0.0000E+00  0.6246E-03  0.0000E+00
      6.615  0.1150E-02  0.0000E+00  0.1904E-02  0.0000E+00  0.1450E-02  0.0000E+00  0.1640E-02  0.0000E+00  0.4277E-03  0.0000E+00  0.5413E-03  0.0000E+00  0.4721E-03  0.0000E+00  0.6106E-03  0.0000E+00  0.4508E-03  0.0000E+00
      6.626  0.8037E-03  0.0000E+00  0.1604E-02  0.0000E+00  0.1170E-02  0.0000E+00  0.1226E-02  0.0000E+00  0.3353E-03  0.0000E+00  0.3749E-03  0.0000E+00  0.3575E-03  0.0000E+00  0.3751E-03  0.0000E+00  0.2906E-03  0.0000E+00
      6.636  0.8319E-03  0.0000E+00  0.1612E-02  0.0000E+00  0.1331E-02  0.0000E+00  0.1220E-02  0.0000E+00  0.3673E-03  0.0000E+00  0.3968E-03  0.0000E+00  0.3839E-03  0.0000E+00  0.4287E-03  0.0000E+00  0.3001E-03  0.0000E+00
      6.646  0.7645E-03  0.0000E+00  0.1585E-02  0.0000E+00  0.1167E-02  0.0000E+00  0.1130E-02  0.0000E+00  0.3526E-03  0.0000E+00  0.3460E-03  0.0000E+00  0.3369E-03  0.0000E+00  0.3461E-03  0.0000E+00  0.2611E-03  0.0000E+00
      6.656  0.5435E-03  0.0000E+00  0.1268E-02  0.0000E+00  0.8298E-03  0.0000E+00  0.8827E-03  0.0000E+00  0.2567E-03  0.0000E+00  0.2786E-03  0.0000E+00  0.2654E-03  0.0000E+00  0.2478E-03  0.0000E+00  0.2037E-03  0.0000E+00
      6.666  0.3502E-03  0.0000E+00  0.8702E-03  0.0000E+00  0.5436E-03  0.0000E+00  0.6198E-03  0.0000E+00  0.1685E-03  0.0000E+00  0.2167E-03  0.0000E+00  0.1926E-03  0.0000E+00  0.1562E-03  0.0000E+00  0.1520E-03  0.0000E+00
      6.676  0.2313E-03  0.0000E+00  0.5788E-03  0.0000E+00  0.3353E-03  0.0000E+00  0.4265E-03  0.0000E+00  0.1191E-03  0.0000E+00  0.1626E-03  0.0000E+00  0.1265E-03  0.0000E+00  0.8696E-04  0.0000E+00  0.1136E-03  0.0000E+00
      6.686  0.1340E-03  0.0000E+00  0.3220E-03  0.0000E+00  0.1772E-03  0.0000E+00  0.2687E-03  0.0000E+00  0.7975E-04  0.0000E+00  0.1226E-03  0.0000E+00  0.7422E-04  0.0000E+00  0.4565E-04  0.0000E+00  0.8373E-04  0.0000E+00
      6.696  0.9893E-04  0.0000E+00  0.2500E-03  0.0000E+00  0.1338E-03  0.0000E+00  0.2020E-03  0.0000E+00  0.6120E-04  0.0000E+00  0.1025E-03  0.0000E+00  0.5715E-04  0.0000E+00  0.3466E-04  0.0000E+00  0.7062E-04  0.0000E+00
      6.706  0.6517E-04  0.0000E+00  0.1763E-03  0.0000E+00  0.9126E-04  0.0000E+00  0.1341E-03  0.0000E+00  0.4263E-04  0.0000E+00  0.8117E-04  0.0000E+00  0.4056E-04  0.0000E+00  0.2357E-04  0.0000E+00  0.5678E-04  0.0000E+00
      6.716  0.3614E-04  0.0000E+00  0.1080E-03  0.0000E+00  0.5380E-04  0.0000E+00  0.7283E-04  0.0000E+00  0.2593E-04  0.0000E+00  0.5967E-04  0.0000E+00  0.2564E-04  0.0000E+00  0.1353E-04  0.0000E+00  0.4269E-04  0.0000E+00
      6.726  0.2430E-04  0.0000E+00  0.7328E-04  0.0000E+00  0.3663E-04  0.0000E+00  0.4879E-04  0.0000E+00  0.1801E-04  0.0000E+00  0.4205E-04  0.0000E+00  0.1694E-04  0.0000E+00  0.9116E-05  0.0000E+00  0.3010E-04  0.0000E+00
      6.736  0.1282E-04  0.0000E+00  0.3900E-04  0.0000E+00  0.1956E-04  0.0000E+00  0.2564E-04  0.0000E+00  0.9810E-05  0.0000E+00  0.2323E-04  0.0000E+00  0.8771E-05  0.0000E+00  0.4817E-05  0.0000E+00  0.1664E-04  0.0000E+00
      6.746  0.1693E-05  0.0000E+00  0.5198E-05  0.0000E+00  0.2616E-05  0.0000E+00  0.3372E-05  0.0000E+00  0.1338E-05  0.0000E+00  0.3209E-05  0.0000E+00  0.1136E-05  0.0000E+00  0.6371E-06  0.0000E+00  0.2300E-05  0.0000E+00
      6.756  0.0000E+00  0.0000E+00  0.0000E+00  0.0000E+00  0.0000E+00  0.0000E+00  0.0000E+00  0.0000E+00  0.0000E+00  0.0000E+00  0.0000E+00  0.0000E+00  0.0000E+00  0.0000E+00  0.0000E+00  0.0000E+00  0.0000E+00  0.0000E+00
      6.766  0.0000E+00  0.0000E+00  0.0000E+00  0.0000E+00  0.0000E+00  0.0000E+00  0.0000E+00  0.0000E+00  0.0000E+00  0.0000E+00  0.0000E+00  0.0000E+00  0.0000E+00  0.0000E+00  0.0000E+00  0.0000E+00  0.0000E+00  0.0000E+00
      6.776  0.0000E+00  0.0000E+00  0.0000E+00  0.0000E+00  0.0000E+00  0.0000E+00  0.0000E+00  0.0000E+00  0.0000E+00  0.0000E+00  0.0000E+00  0.0000E+00  0.0000E+00  0.0000E+00  0.0000E+00  0.0000E+00  0.0000E+00  0.0000E+00
      6.786  0.0000E+00  0.0000E+00  0.0000E+00  0.0000E+00  0.0000E+00  0.0000E+00  0.0000E+00  0.0000E+00  0.0000E+00  0.0000E+00  0.0000E+00  0.0000E+00  0.0000E+00  0.0000E+00  0.0000E+00  0.0000E+00  0.0000E+00  0.0000E+00
      6.796  0.0000E+00  0.0000E+00  0.0000E+00  0.0000E+00  0.0000E+00  0.0000E+00  0.0000E+00  0.0000E+00  0.0000E+00  0.0000E+00  0.0000E+00  0.0000E+00  0.0000E+00  0.0000E+00  0.0000E+00  0.0000E+00  0.0000E+00  0.0000E+00
      6.806  0.0000E+00  0.0000E+00  0.0000E+00  0.0000E+00  0.0000E+00  0.0000E+00  0.0000E+00  0.0000E+00  0.0000E+00  0.0000E+00  0.0000E+00  0.0000E+00  0.0000E+00  0.0000E+00  0.0000E+00  0.0000E+00  0.0000E+00  0.0000E+00
      6.816  0.0000E+00  0.0000E+00  0.0000E+00  0.0000E+00  0.0000E+00  0.0000E+00  0.0000E+00  0.0000E+00  0.0000E+00  0.0000E+00  0.0000E+00  0.0000E+00  0.0000E+00  0.0000E+00  0.0000E+00  0.0000E+00  0.0000E+00  0.0000E+00
      6.826  0.0000E+00  0.0000E+00  0.0000E+00  0.0000E+00  0.0000E+00  0.0000E+00  0.0000E+00  0.0000E+00  0.0000E+00  0.0000E+00  0.0000E+00  0.0000E+00  0.0000E+00  0.0000E+00  0.0000E+00  0.0000E+00  0.0000E+00  0.0000E+00
      6.836  0.0000E+00  0.0000E+00  0.0000E+00  0.0000E+00  0.0000E+00  0.0000E+00  0.0000E+00  0.0000E+00  0.0000E+00  0.0000E+00  0.0000E+00  0.0000E+00  0.0000E+00  0.0000E+00  0.0000E+00  0.0000E+00  0.0000E+00  0.0000E+00
      6.846  0.0000E+00  0.0000E+00  0.0000E+00  0.0000E+00  0.0000E+00  0.0000E+00  0.0000E+00  0.0000E+00  0.0000E+00  0.0000E+00  0.0000E+00  0.0000E+00  0.0000E+00  0.0000E+00  0.0000E+00  0.0000E+00  0.0000E+00  0.0000E+00
      6.856  0.0000E+00  0.0000E+00  0.0000E+00  0.0000E+00  0.0000E+00  0.0000E+00  0.0000E+00  0.0000E+00  0.0000E+00  0.0000E+00  0.0000E+00  0.0000E+00  0.0000E+00  0.0000E+00  0.0000E+00  0.0000E+00  0.0000E+00  0.0000E+00
      6.866  0.0000E+00  0.0000E+00  0.0000E+00  0.0000E+00  0.0000E+00  0.0000E+00  0.0000E+00  0.0000E+00  0.0000E+00  0.0000E+00  0.0000E+00  0.0000E+00  0.0000E+00  0.0000E+00  0.0000E+00  0.0000E+00  0.0000E+00  0.0000E+00
      6.876  0.0000E+00  0.0000E+00  0.0000E+00  0.0000E+00  0.0000E+00  0.0000E+00  0.0000E+00  0.0000E+00  0.0000E+00  0.0000E+00  0.0000E+00  0.0000E+00  0.0000E+00  0.0000E+00  0.0000E+00  0.0000E+00  0.0000E+00  0.0000E+00
      6.886  0.0000E+00  0.0000E+00  0.0000E+00  0.0000E+00  0.0000E+00  0.0000E+00  0.0000E+00  0.0000E+00  0.0000E+00  0.0000E+00  0.0000E+00  0.0000E+00  0.0000E+00  0.0000E+00  0.0000E+00  0.0000E+00  0.0000E+00  0.0000E+00
      6.896  0.0000E+00  0.0000E+00  0.0000E+00  0.0000E+00  0.0000E+00  0.0000E+00  0.0000E+00  0.0000E+00  0.0000E+00  0.0000E+00  0.0000E+00  0.0000E+00  0.0000E+00  0.0000E+00  0.0000E+00  0.0000E+00  0.0000E+00  0.0000E+00
      6.906  0.0000E+00  0.0000E+00  0.0000E+00  0.0000E+00  0.0000E+00  0.0000E+00  0.0000E+00  0.0000E+00  0.0000E+00  0.0000E+00  0.0000E+00  0.0000E+00  0.0000E+00  0.0000E+00  0.0000E+00  0.0000E+00  0.0000E+00  0.0000E+00
      6.916  0.0000E+00  0.0000E+00  0.0000E+00  0.0000E+00  0.0000E+00  0.0000E+00  0.0000E+00  0.0000E+00  0.0000E+00  0.0000E+00  0.0000E+00  0.0000E+00  0.0000E+00  0.0000E+00  0.0000E+00  0.0000E+00  0.0000E+00  0.0000E+00
      6.926  0.0000E+00  0.0000E+00  0.0000E+00  0.0000E+00  0.0000E+00  0.0000E+00  0.0000E+00  0.0000E+00  0.0000E+00  0.0000E+00  0.0000E+00  0.0000E+00  0.0000E+00  0.0000E+00  0.0000E+00  0.0000E+00  0.0000E+00  0.0000E+00
      6.936  0.0000E+00  0.0000E+00  0.0000E+00  0.0000E+00  0.0000E+00  0.0000E+00  0.0000E+00  0.0000E+00  0.0000E+00  0.0000E+00  0.0000E+00  0.0000E+00  0.0000E+00  0.0000E+00  0.0000E+00  0.0000E+00  0.0000E+00  0.0000E+00
      6.946  0.0000E+00  0.0000E+00  0.0000E+00  0.0000E+00  0.0000E+00  0.0000E+00  0.0000E+00  0.0000E+00  0.0000E+00  0.0000E+00  0.0000E+00  0.0000E+00  0.0000E+00  0.0000E+00  0.0000E+00  0.0000E+00  0.0000E+00  0.0000E+00
      6.956  0.0000E+00  0.0000E+00  0.0000E+00  0.0000E+00  0.0000E+00  0.0000E+00  0.0000E+00  0.0000E+00  0.0000E+00  0.0000E+00  0.0000E+00  0.0000E+00  0.0000E+00  0.0000E+00  0.0000E+00  0.0000E+00  0.0000E+00  0.0000E+00
      6.966  0.0000E+00  0.0000E+00  0.0000E+00  0.0000E+00  0.0000E+00  0.0000E+00  0.0000E+00  0.0000E+00  0.0000E+00  0.0000E+00  0.0000E+00  0.0000E+00  0.0000E+00  0.0000E+00  0.0000E+00  0.0000E+00  0.0000E+00  0.0000E+00
      6.976  0.0000E+00  0.0000E+00  0.0000E+00  0.0000E+00  0.0000E+00  0.0000E+00  0.0000E+00  0.0000E+00  0.0000E+00  0.0000E+00  0.0000E+00  0.0000E+00  0.0000E+00  0.0000E+00  0.0000E+00  0.0000E+00  0.0000E+00  0.0000E+00
      6.986  0.0000E+00  0.0000E+00  0.0000E+00  0.0000E+00  0.0000E+00  0.0000E+00  0.0000E+00  0.0000E+00  0.0000E+00  0.0000E+00  0.0000E+00  0.0000E+00  0.0000E+00  0.0000E+00  0.0000E+00  0.0000E+00  0.0000E+00  0.0000E+00
      6.996  0.0000E+00  0.0000E+00  0.0000E+00  0.0000E+00  0.0000E+00  0.0000E+00  0.0000E+00  0.0000E+00  0.0000E+00  0.0000E+00  0.0000E+00  0.0000E+00  0.0000E+00  0.0000E+00  0.0000E+00  0.0000E+00  0.0000E+00  0.0000E+00
      7.006  0.0000E+00  0.0000E+00  0.0000E+00  0.0000E+00  0.0000E+00  0.0000E+00  0.0000E+00  0.0000E+00  0.0000E+00  0.0000E+00  0.0000E+00  0.0000E+00  0.0000E+00  0.0000E+00  0.0000E+00  0.0000E+00  0.0000E+00  0.0000E+00
      7.016  0.0000E+00  0.0000E+00  0.0000E+00  0.0000E+00  0.0000E+00  0.0000E+00  0.0000E+00  0.0000E+00  0.0000E+00  0.0000E+00  0.0000E+00  0.0000E+00  0.0000E+00  0.0000E+00  0.0000E+00  0.0000E+00  0.0000E+00  0.0000E+00
      7.026  0.0000E+00  0.0000E+00  0.0000E+00  0.0000E+00  0.0000E+00  0.0000E+00  0.0000E+00  0.0000E+00  0.0000E+00  0.0000E+00  0.0000E+00  0.0000E+00  0.0000E+00  0.0000E+00  0.0000E+00  0.0000E+00  0.0000E+00  0.0000E+00
      7.036  0.0000E+00  0.0000E+00  0.0000E+00  0.0000E+00  0.0000E+00  0.0000E+00  0.0000E+00  0.0000E+00  0.0000E+00  0.0000E+00  0.0000E+00  0.0000E+00  0.0000E+00  0.0000E+00  0.0000E+00  0.0000E+00  0.0000E+00  0.0000E+00
      7.046  0.0000E+00  0.0000E+00  0.0000E+00  0.0000E+00  0.0000E+00  0.0000E+00  0.0000E+00  0.0000E+00  0.0000E+00  0.0000E+00  0.0000E+00  0.0000E+00  0.0000E+00  0.0000E+00  0.0000E+00  0.0000E+00  0.0000E+00  0.0000E+00
      7.056  0.0000E+00  0.0000E+00  0.0000E+00  0.0000E+00  0.0000E+00  0.0000E+00  0.0000E+00  0.0000E+00  0.0000E+00  0.0000E+00  0.0000E+00  0.0000E+00  0.0000E+00  0.0000E+00  0.0000E+00  0.0000E+00  0.0000E+00  0.0000E+00
      7.066  0.0000E+00  0.0000E+00  0.0000E+00  0.0000E+00  0.0000E+00  0.0000E+00  0.0000E+00  0.0000E+00  0.0000E+00  0.0000E+00  0.0000E+00  0.0000E+00  0.0000E+00  0.0000E+00  0.0000E+00  0.0000E+00  0.0000E+00  0.0000E+00
      7.076  0.0000E+00  0.0000E+00  0.0000E+00  0.0000E+00  0.0000E+00  0.0000E+00  0.0000E+00  0.0000E+00  0.0000E+00  0.0000E+00  0.0000E+00  0.0000E+00  0.0000E+00  0.0000E+00  0.0000E+00  0.0000E+00  0.0000E+00  0.0000E+00
      7.086  0.0000E+00  0.0000E+00  0.0000E+00  0.0000E+00  0.0000E+00  0.0000E+00  0.0000E+00  0.0000E+00  0.0000E+00  0.0000E+00  0.0000E+00  0.0000E+00  0.0000E+00  0.0000E+00  0.0000E+00  0.0000E+00  0.0000E+00  0.0000E+00
      7.096  0.0000E+00  0.0000E+00  0.0000E+00  0.0000E+00  0.0000E+00  0.0000E+00  0.0000E+00  0.0000E+00  0.0000E+00  0.0000E+00  0.0000E+00  0.0000E+00  0.0000E+00  0.0000E+00  0.0000E+00  0.0000E+00  0.0000E+00  0.0000E+00
      7.106  0.0000E+00  0.0000E+00  0.0000E+00  0.0000E+00  0.0000E+00  0.0000E+00  0.0000E+00  0.0000E+00  0.0000E+00  0.0000E+00  0.0000E+00  0.0000E+00  0.0000E+00  0.0000E+00  0.0000E+00  0.0000E+00  0.0000E+00  0.0000E+00
      7.116  0.0000E+00  0.0000E+00  0.0000E+00  0.0000E+00  0.0000E+00  0.0000E+00  0.0000E+00  0.0000E+00  0.0000E+00  0.0000E+00  0.0000E+00  0.0000E+00  0.0000E+00  0.0000E+00  0.0000E+00  0.0000E+00  0.0000E+00  0.0000E+00
      7.126  0.0000E+00  0.0000E+00  0.0000E+00  0.0000E+00  0.0000E+00  0.0000E+00  0.0000E+00  0.0000E+00  0.0000E+00  0.0000E+00  0.0000E+00  0.0000E+00  0.0000E+00  0.0000E+00  0.0000E+00  0.0000E+00  0.0000E+00  0.0000E+00
      7.136  0.0000E+00  0.0000E+00  0.0000E+00  0.0000E+00  0.0000E+00  0.0000E+00  0.0000E+00  0.0000E+00  0.0000E+00  0.0000E+00  0.0000E+00  0.0000E+00  0.0000E+00  0.0000E+00  0.0000E+00  0.0000E+00  0.0000E+00  0.0000E+00
      7.146  0.0000E+00  0.0000E+00  0.0000E+00  0.0000E+00  0.0000E+00  0.0000E+00  0.0000E+00  0.0000E+00  0.0000E+00  0.0000E+00  0.0000E+00  0.0000E+00  0.0000E+00  0.0000E+00  0.0000E+00  0.0000E+00  0.0000E+00  0.0000E+00
      7.156  0.0000E+00  0.0000E+00  0.0000E+00  0.0000E+00  0.0000E+00  0.0000E+00  0.0000E+00  0.0000E+00  0.0000E+00  0.0000E+00  0.0000E+00  0.0000E+00  0.0000E+00  0.0000E+00  0.0000E+00  0.0000E+00  0.0000E+00  0.0000E+00
      7.166  0.0000E+00  0.0000E+00  0.0000E+00  0.0000E+00  0.0000E+00  0.0000E+00  0.0000E+00  0.0000E+00  0.0000E+00  0.0000E+00  0.0000E+00  0.0000E+00  0.0000E+00  0.0000E+00  0.0000E+00  0.0000E+00  0.0000E+00  0.0000E+00
      7.176  0.0000E+00  0.0000E+00  0.0000E+00  0.0000E+00  0.0000E+00  0.0000E+00  0.0000E+00  0.0000E+00  0.0000E+00  0.0000E+00  0.0000E+00  0.0000E+00  0.0000E+00  0.0000E+00  0.0000E+00  0.0000E+00  0.0000E+00  0.0000E+00
      7.186  0.0000E+00  0.0000E+00  0.0000E+00  0.0000E+00  0.0000E+00  0.0000E+00  0.0000E+00  0.0000E+00  0.0000E+00  0.0000E+00  0.0000E+00  0.0000E+00  0.0000E+00  0.0000E+00  0.0000E+00  0.0000E+00  0.0000E+00  0.0000E+00
      7.196  0.0000E+00  0.0000E+00  0.0000E+00  0.0000E+00  0.0000E+00  0.0000E+00  0.0000E+00  0.0000E+00  0.0000E+00  0.0000E+00  0.0000E+00  0.0000E+00  0.0000E+00  0.0000E+00  0.0000E+00  0.0000E+00  0.0000E+00  0.0000E+00
      7.206  0.0000E+00  0.0000E+00  0.0000E+00  0.0000E+00  0.0000E+00  0.0000E+00  0.0000E+00  0.0000E+00  0.0000E+00  0.0000E+00  0.0000E+00  0.0000E+00  0.0000E+00  0.0000E+00  0.0000E+00  0.0000E+00  0.0000E+00  0.0000E+00
      7.216  0.0000E+00  0.0000E+00  0.0000E+00  0.0000E+00  0.0000E+00  0.0000E+00  0.0000E+00  0.0000E+00  0.0000E+00  0.0000E+00  0.0000E+00  0.0000E+00  0.0000E+00  0.0000E+00  0.0000E+00  0.0000E+00  0.0000E+00  0.0000E+00
      7.226  0.0000E+00  0.0000E+00  0.0000E+00  0.0000E+00  0.0000E+00  0.0000E+00  0.0000E+00  0.0000E+00  0.0000E+00  0.0000E+00  0.0000E+00  0.0000E+00  0.0000E+00  0.0000E+00  0.0000E+00  0.0000E+00  0.0000E+00  0.0000E+00
      7.236  0.0000E+00  0.0000E+00  0.0000E+00  0.0000E+00  0.0000E+00  0.0000E+00  0.0000E+00  0.0000E+00  0.0000E+00  0.0000E+00  0.0000E+00  0.0000E+00  0.0000E+00  0.0000E+00  0.0000E+00  0.0000E+00  0.0000E+00  0.0000E+00
      7.246  0.0000E+00  0.0000E+00  0.0000E+00  0.0000E+00  0.0000E+00  0.0000E+00  0.0000E+00  0.0000E+00  0.0000E+00  0.0000E+00  0.0000E+00  0.0000E+00  0.0000E+00  0.0000E+00  0.0000E+00  0.0000E+00  0.0000E+00  0.0000E+00
      7.256  0.0000E+00  0.0000E+00  0.0000E+00  0.0000E+00  0.0000E+00  0.0000E+00  0.0000E+00  0.0000E+00  0.0000E+00  0.0000E+00  0.0000E+00  0.0000E+00  0.0000E+00  0.0000E+00  0.0000E+00  0.0000E+00  0.0000E+00  0.0000E+00
      7.266  0.0000E+00  0.0000E+00  0.0000E+00  0.0000E+00  0.0000E+00  0.0000E+00  0.0000E+00  0.0000E+00  0.0000E+00  0.0000E+00  0.0000E+00  0.0000E+00  0.0000E+00  0.0000E+00  0.0000E+00  0.0000E+00  0.0000E+00  0.0000E+00
      7.276  0.0000E+00  0.0000E+00  0.0000E+00  0.0000E+00  0.0000E+00  0.0000E+00  0.0000E+00  0.0000E+00  0.0000E+00  0.0000E+00  0.0000E+00  0.0000E+00  0.0000E+00  0.0000E+00  0.0000E+00  0.0000E+00  0.0000E+00  0.0000E+00
      7.286  0.0000E+00  0.0000E+00  0.0000E+00  0.0000E+00  0.0000E+00  0.0000E+00  0.0000E+00  0.0000E+00  0.0000E+00  0.0000E+00  0.0000E+00  0.0000E+00  0.0000E+00  0.0000E+00  0.0000E+00  0.0000E+00  0.0000E+00  0.0000E+00
      7.296  0.0000E+00  0.0000E+00  0.0000E+00  0.0000E+00  0.0000E+00  0.0000E+00  0.0000E+00  0.0000E+00  0.0000E+00  0.0000E+00  0.0000E+00  0.0000E+00  0.0000E+00  0.0000E+00  0.0000E+00  0.0000E+00  0.0000E+00  0.0000E+00
      7.306  0.0000E+00  0.0000E+00  0.0000E+00  0.0000E+00  0.0000E+00  0.0000E+00  0.0000E+00  0.0000E+00  0.0000E+00  0.0000E+00  0.0000E+00  0.0000E+00  0.0000E+00  0.0000E+00  0.0000E+00  0.0000E+00  0.0000E+00  0.0000E+00
      7.316  0.0000E+00  0.0000E+00  0.0000E+00  0.0000E+00  0.0000E+00  0.0000E+00  0.0000E+00  0.0000E+00  0.0000E+00  0.0000E+00  0.0000E+00  0.0000E+00  0.0000E+00  0.0000E+00  0.0000E+00  0.0000E+00  0.0000E+00  0.0000E+00
      7.326  0.0000E+00  0.0000E+00  0.0000E+00  0.0000E+00  0.0000E+00  0.0000E+00  0.0000E+00  0.0000E+00  0.0000E+00  0.0000E+00  0.0000E+00  0.0000E+00  0.0000E+00  0.0000E+00  0.0000E+00  0.0000E+00  0.0000E+00  0.0000E+00
      7.336  0.0000E+00  0.0000E+00  0.0000E+00  0.0000E+00  0.0000E+00  0.0000E+00  0.0000E+00  0.0000E+00  0.0000E+00  0.0000E+00  0.0000E+00  0.0000E+00  0.0000E+00  0.0000E+00  0.0000E+00  0.0000E+00  0.0000E+00  0.0000E+00
      7.346  0.0000E+00  0.0000E+00  0.0000E+00  0.0000E+00  0.0000E+00  0.0000E+00  0.0000E+00  0.0000E+00  0.0000E+00  0.0000E+00  0.0000E+00  0.0000E+00  0.0000E+00  0.0000E+00  0.0000E+00  0.0000E+00  0.0000E+00  0.0000E+00
      7.356  0.0000E+00  0.0000E+00  0.0000E+00  0.0000E+00  0.0000E+00  0.0000E+00  0.0000E+00  0.0000E+00  0.0000E+00  0.0000E+00  0.0000E+00  0.0000E+00  0.0000E+00  0.0000E+00  0.0000E+00  0.0000E+00  0.0000E+00  0.0000E+00
      7.366  0.0000E+00  0.0000E+00  0.0000E+00  0.0000E+00  0.0000E+00  0.0000E+00  0.0000E+00  0.0000E+00  0.0000E+00  0.0000E+00  0.0000E+00  0.0000E+00  0.0000E+00  0.0000E+00  0.0000E+00  0.0000E+00  0.0000E+00  0.0000E+00
      7.376  0.0000E+00  0.0000E+00  0.0000E+00  0.0000E+00  0.0000E+00  0.0000E+00  0.0000E+00  0.0000E+00  0.0000E+00  0.0000E+00  0.0000E+00  0.0000E+00  0.0000E+00  0.0000E+00  0.0000E+00  0.0000E+00  0.0000E+00  0.0000E+00
      7.386  0.0000E+00  0.0000E+00  0.0000E+00  0.0000E+00  0.0000E+00  0.0000E+00  0.0000E+00  0.0000E+00  0.0000E+00  0.0000E+00  0.0000E+00  0.0000E+00  0.0000E+00  0.0000E+00  0.0000E+00  0.0000E+00  0.0000E+00  0.0000E+00
      7.396  0.0000E+00  0.0000E+00  0.0000E+00  0.0000E+00  0.0000E+00  0.0000E+00  0.0000E+00  0.0000E+00  0.0000E+00  0.0000E+00  0.0000E+00  0.0000E+00  0.0000E+00  0.0000E+00  0.0000E+00  0.0000E+00  0.0000E+00  0.0000E+00
      7.406  0.0000E+00  0.0000E+00  0.0000E+00  0.0000E+00  0.0000E+00  0.0000E+00  0.0000E+00  0.0000E+00  0.0000E+00  0.0000E+00  0.0000E+00  0.0000E+00  0.0000E+00  0.0000E+00  0.0000E+00  0.0000E+00  0.0000E+00  0.0000E+00
      7.416  0.0000E+00  0.0000E+00  0.0000E+00  0.0000E+00  0.0000E+00  0.0000E+00  0.0000E+00  0.0000E+00  0.0000E+00  0.0000E+00  0.0000E+00  0.0000E+00  0.0000E+00  0.0000E+00  0.0000E+00  0.0000E+00  0.0000E+00  0.0000E+00
      7.426  0.0000E+00  0.0000E+00  0.0000E+00  0.0000E+00  0.0000E+00  0.0000E+00  0.0000E+00  0.0000E+00  0.0000E+00  0.0000E+00  0.0000E+00  0.0000E+00  0.0000E+00  0.0000E+00  0.0000E+00  0.0000E+00  0.0000E+00  0.0000E+00
      7.436  0.0000E+00  0.0000E+00  0.0000E+00  0.0000E+00  0.0000E+00  0.0000E+00  0.0000E+00  0.0000E+00  0.0000E+00  0.0000E+00  0.0000E+00  0.0000E+00  0.0000E+00  0.0000E+00  0.0000E+00  0.0000E+00  0.0000E+00  0.0000E+00
      7.446  0.0000E+00  0.0000E+00  0.0000E+00  0.0000E+00  0.0000E+00  0.0000E+00  0.0000E+00  0.0000E+00  0.0000E+00  0.0000E+00  0.0000E+00  0.0000E+00  0.0000E+00  0.0000E+00  0.0000E+00  0.0000E+00  0.0000E+00  0.0000E+00
      7.456  0.0000E+00  0.0000E+00  0.0000E+00  0.0000E+00  0.0000E+00  0.0000E+00  0.0000E+00  0.0000E+00  0.0000E+00  0.0000E+00  0.0000E+00  0.0000E+00  0.0000E+00  0.0000E+00  0.0000E+00  0.0000E+00  0.0000E+00  0.0000E+00
      7.466  0.0000E+00  0.0000E+00  0.0000E+00  0.0000E+00  0.0000E+00  0.0000E+00  0.0000E+00  0.0000E+00  0.0000E+00  0.0000E+00  0.0000E+00  0.0000E+00  0.0000E+00  0.0000E+00  0.0000E+00  0.0000E+00  0.0000E+00  0.0000E+00
      7.476  0.0000E+00  0.0000E+00  0.0000E+00  0.0000E+00  0.0000E+00  0.0000E+00  0.0000E+00  0.0000E+00  0.0000E+00  0.0000E+00  0.0000E+00  0.0000E+00  0.0000E+00  0.0000E+00  0.0000E+00  0.0000E+00  0.0000E+00  0.0000E+00
      7.486  0.0000E+00  0.0000E+00  0.0000E+00  0.0000E+00  0.0000E+00  0.0000E+00  0.0000E+00  0.0000E+00  0.0000E+00  0.0000E+00  0.0000E+00  0.0000E+00  0.0000E+00  0.0000E+00  0.0000E+00  0.0000E+00  0.0000E+00  0.0000E+00
      7.496  0.0000E+00  0.0000E+00  0.0000E+00  0.0000E+00  0.0000E+00  0.0000E+00  0.0000E+00  0.0000E+00  0.0000E+00  0.0000E+00  0.0000E+00  0.0000E+00  0.0000E+00  0.0000E+00  0.0000E+00  0.0000E+00  0.0000E+00  0.0000E+00
      7.506  0.0000E+00  0.0000E+00  0.0000E+00  0.0000E+00  0.0000E+00  0.0000E+00  0.0000E+00  0.0000E+00  0.0000E+00  0.0000E+00  0.0000E+00  0.0000E+00  0.0000E+00  0.0000E+00  0.0000E+00  0.0000E+00  0.0000E+00  0.0000E+00
      7.516  0.0000E+00  0.0000E+00  0.0000E+00  0.0000E+00  0.0000E+00  0.0000E+00  0.0000E+00  0.0000E+00  0.0000E+00  0.0000E+00  0.0000E+00  0.0000E+00  0.0000E+00  0.0000E+00  0.0000E+00  0.0000E+00  0.0000E+00  0.0000E+00
      7.526  0.0000E+00  0.0000E+00  0.0000E+00  0.0000E+00  0.0000E+00  0.0000E+00  0.0000E+00  0.0000E+00  0.0000E+00  0.0000E+00  0.0000E+00  0.0000E+00  0.0000E+00  0.0000E+00  0.0000E+00  0.0000E+00  0.0000E+00  0.0000E+00
      7.536  0.0000E+00  0.0000E+00  0.0000E+00  0.0000E+00  0.0000E+00  0.0000E+00  0.0000E+00  0.0000E+00  0.0000E+00  0.0000E+00  0.0000E+00  0.0000E+00  0.0000E+00  0.0000E+00  0.0000E+00  0.0000E+00  0.0000E+00  0.0000E+00
      7.546  0.0000E+00  0.0000E+00  0.0000E+00  0.0000E+00  0.0000E+00  0.0000E+00  0.0000E+00  0.0000E+00  0.0000E+00  0.0000E+00  0.0000E+00  0.0000E+00  0.0000E+00  0.0000E+00  0.0000E+00  0.0000E+00  0.0000E+00  0.0000E+00
      7.556  0.0000E+00  0.0000E+00  0.0000E+00  0.0000E+00  0.0000E+00  0.0000E+00  0.0000E+00  0.0000E+00  0.0000E+00  0.0000E+00  0.0000E+00  0.0000E+00  0.0000E+00  0.0000E+00  0.0000E+00  0.0000E+00  0.0000E+00  0.0000E+00
      7.566  0.0000E+00  0.0000E+00  0.0000E+00  0.0000E+00  0.0000E+00  0.0000E+00  0.0000E+00  0.0000E+00  0.0000E+00  0.0000E+00  0.0000E+00  0.0000E+00  0.0000E+00  0.0000E+00  0.0000E+00  0.0000E+00  0.0000E+00  0.0000E+00
      7.576  0.0000E+00  0.0000E+00  0.0000E+00  0.0000E+00  0.0000E+00  0.0000E+00  0.0000E+00  0.0000E+00  0.0000E+00  0.0000E+00  0.0000E+00  0.0000E+00  0.0000E+00  0.0000E+00  0.0000E+00  0.0000E+00  0.0000E+00  0.0000E+00
      7.586  0.0000E+00  0.0000E+00  0.0000E+00  0.0000E+00  0.0000E+00  0.0000E+00  0.0000E+00  0.0000E+00  0.0000E+00  0.0000E+00  0.0000E+00  0.0000E+00  0.0000E+00  0.0000E+00  0.0000E+00  0.0000E+00  0.0000E+00  0.0000E+00
      7.596  0.0000E+00  0.0000E+00  0.0000E+00  0.0000E+00  0.0000E+00  0.0000E+00  0.0000E+00  0.0000E+00  0.0000E+00  0.0000E+00  0.0000E+00  0.0000E+00  0.0000E+00  0.0000E+00  0.0000E+00  0.0000E+00  0.0000E+00  0.0000E+00
      7.606  0.0000E+00  0.0000E+00  0.0000E+00  0.0000E+00  0.0000E+00  0.0000E+00  0.0000E+00  0.0000E+00  0.0000E+00  0.0000E+00  0.0000E+00  0.0000E+00  0.0000E+00  0.0000E+00  0.0000E+00  0.0000E+00  0.0000E+00  0.0000E+00
      7.616  0.0000E+00  0.0000E+00  0.0000E+00  0.0000E+00  0.0000E+00  0.0000E+00  0.0000E+00  0.0000E+00  0.0000E+00  0.0000E+00  0.0000E+00  0.0000E+00  0.0000E+00  0.0000E+00  0.0000E+00  0.0000E+00  0.0000E+00  0.0000E+00
      7.626  0.0000E+00  0.0000E+00  0.0000E+00  0.0000E+00  0.0000E+00  0.0000E+00  0.0000E+00  0.0000E+00  0.0000E+00  0.0000E+00  0.0000E+00  0.0000E+00  0.0000E+00  0.0000E+00  0.0000E+00  0.0000E+00  0.0000E+00  0.0000E+00
      7.636  0.0000E+00  0.0000E+00  0.0000E+00  0.0000E+00  0.0000E+00  0.0000E+00  0.0000E+00  0.0000E+00  0.0000E+00  0.0000E+00  0.0000E+00  0.0000E+00  0.0000E+00  0.0000E+00  0.0000E+00  0.0000E+00  0.0000E+00  0.0000E+00
      7.646  0.0000E+00  0.0000E+00  0.0000E+00  0.0000E+00  0.0000E+00  0.0000E+00  0.0000E+00  0.0000E+00  0.0000E+00  0.0000E+00  0.0000E+00  0.0000E+00  0.0000E+00  0.0000E+00  0.0000E+00  0.0000E+00  0.0000E+00  0.0000E+00
      7.656  0.0000E+00  0.0000E+00  0.0000E+00  0.0000E+00  0.0000E+00  0.0000E+00  0.0000E+00  0.0000E+00  0.0000E+00  0.0000E+00  0.0000E+00  0.0000E+00  0.0000E+00  0.0000E+00  0.0000E+00  0.0000E+00  0.0000E+00  0.0000E+00
      7.666  0.0000E+00  0.0000E+00  0.0000E+00  0.0000E+00  0.0000E+00  0.0000E+00  0.0000E+00  0.0000E+00  0.0000E+00  0.0000E+00  0.0000E+00  0.0000E+00  0.0000E+00  0.0000E+00  0.0000E+00  0.0000E+00  0.0000E+00  0.0000E+00
      7.676  0.0000E+00  0.0000E+00  0.0000E+00  0.0000E+00  0.0000E+00  0.0000E+00  0.0000E+00  0.0000E+00  0.0000E+00  0.0000E+00  0.0000E+00  0.0000E+00  0.0000E+00  0.0000E+00  0.0000E+00  0.0000E+00  0.0000E+00  0.0000E+00
      7.686  0.0000E+00  0.0000E+00  0.0000E+00  0.0000E+00  0.0000E+00  0.0000E+00  0.0000E+00  0.0000E+00  0.0000E+00  0.0000E+00  0.0000E+00  0.0000E+00  0.0000E+00  0.0000E+00  0.0000E+00  0.0000E+00  0.0000E+00  0.0000E+00
      7.696  0.0000E+00  0.0000E+00  0.0000E+00  0.0000E+00  0.0000E+00  0.0000E+00  0.0000E+00  0.0000E+00  0.0000E+00  0.0000E+00  0.0000E+00  0.0000E+00  0.0000E+00  0.0000E+00  0.0000E+00  0.0000E+00  0.0000E+00  0.0000E+00
      7.706  0.0000E+00  0.0000E+00  0.0000E+00  0.0000E+00  0.0000E+00  0.0000E+00  0.0000E+00  0.0000E+00  0.0000E+00  0.0000E+00  0.0000E+00  0.0000E+00  0.0000E+00  0.0000E+00  0.0000E+00  0.0000E+00  0.0000E+00  0.0000E+00
      7.716  0.0000E+00  0.0000E+00  0.0000E+00  0.0000E+00  0.0000E+00  0.0000E+00  0.0000E+00  0.0000E+00  0.0000E+00  0.0000E+00  0.0000E+00  0.0000E+00  0.0000E+00  0.0000E+00  0.0000E+00  0.0000E+00  0.0000E+00  0.0000E+00
      7.726  0.0000E+00  0.0000E+00  0.0000E+00  0.0000E+00  0.0000E+00  0.0000E+00  0.0000E+00  0.0000E+00  0.0000E+00  0.0000E+00  0.0000E+00  0.0000E+00  0.0000E+00  0.0000E+00  0.0000E+00  0.0000E+00  0.0000E+00  0.0000E+00
      7.736  0.0000E+00  0.0000E+00  0.0000E+00  0.0000E+00  0.0000E+00  0.0000E+00  0.0000E+00  0.0000E+00  0.0000E+00  0.0000E+00  0.0000E+00  0.0000E+00  0.0000E+00  0.0000E+00  0.0000E+00  0.0000E+00  0.0000E+00  0.0000E+00
      7.746  0.0000E+00  0.0000E+00  0.0000E+00  0.0000E+00  0.0000E+00  0.0000E+00  0.0000E+00  0.0000E+00  0.0000E+00  0.0000E+00  0.0000E+00  0.0000E+00  0.0000E+00  0.0000E+00  0.0000E+00  0.0000E+00  0.0000E+00  0.0000E+00
      7.756  0.0000E+00  0.0000E+00  0.0000E+00  0.0000E+00  0.0000E+00  0.0000E+00  0.0000E+00  0.0000E+00  0.0000E+00  0.0000E+00  0.0000E+00  0.0000E+00  0.0000E+00  0.0000E+00  0.0000E+00  0.0000E+00  0.0000E+00  0.0000E+00
      7.766  0.0000E+00  0.0000E+00  0.0000E+00  0.0000E+00  0.0000E+00  0.0000E+00  0.0000E+00  0.0000E+00  0.0000E+00  0.0000E+00  0.0000E+00  0.0000E+00  0.0000E+00  0.0000E+00  0.0000E+00  0.0000E+00  0.0000E+00  0.0000E+00
      7.776  0.0000E+00  0.0000E+00  0.0000E+00  0.0000E+00  0.0000E+00  0.0000E+00  0.0000E+00  0.0000E+00  0.0000E+00  0.0000E+00  0.0000E+00  0.0000E+00  0.0000E+00  0.0000E+00  0.0000E+00  0.0000E+00  0.0000E+00  0.0000E+00
      7.786  0.0000E+00  0.0000E+00  0.0000E+00  0.0000E+00  0.0000E+00  0.0000E+00  0.0000E+00  0.0000E+00  0.0000E+00  0.0000E+00  0.0000E+00  0.0000E+00  0.0000E+00  0.0000E+00  0.0000E+00  0.0000E+00  0.0000E+00  0.0000E+00
      7.796  0.0000E+00  0.0000E+00  0.0000E+00  0.0000E+00  0.0000E+00  0.0000E+00  0.0000E+00  0.0000E+00  0.0000E+00  0.0000E+00  0.0000E+00  0.0000E+00  0.0000E+00  0.0000E+00  0.0000E+00  0.0000E+00  0.0000E+00  0.0000E+00
      7.806  0.0000E+00  0.0000E+00  0.0000E+00  0.0000E+00  0.0000E+00  0.0000E+00  0.0000E+00  0.0000E+00  0.0000E+00  0.0000E+00  0.0000E+00  0.0000E+00  0.0000E+00  0.0000E+00  0.0000E+00  0.0000E+00  0.0000E+00  0.0000E+00
      7.816  0.0000E+00  0.0000E+00  0.0000E+00  0.0000E+00  0.0000E+00  0.0000E+00  0.0000E+00  0.0000E+00  0.0000E+00  0.0000E+00  0.0000E+00  0.0000E+00  0.0000E+00  0.0000E+00  0.0000E+00  0.0000E+00  0.0000E+00  0.0000E+00
      7.826  0.0000E+00  0.0000E+00  0.0000E+00  0.0000E+00  0.0000E+00  0.0000E+00  0.0000E+00  0.0000E+00  0.0000E+00  0.0000E+00  0.0000E+00  0.0000E+00  0.0000E+00  0.0000E+00  0.0000E+00  0.0000E+00  0.0000E+00  0.0000E+00
      7.836  0.0000E+00  0.0000E+00  0.0000E+00  0.0000E+00  0.0000E+00  0.0000E+00  0.0000E+00  0.0000E+00  0.0000E+00  0.0000E+00  0.0000E+00  0.0000E+00  0.0000E+00  0.0000E+00  0.0000E+00  0.0000E+00  0.0000E+00  0.0000E+00
      7.846  0.0000E+00  0.0000E+00  0.0000E+00  0.0000E+00  0.0000E+00  0.0000E+00  0.0000E+00  0.0000E+00  0.0000E+00  0.0000E+00  0.0000E+00  0.0000E+00  0.0000E+00  0.0000E+00  0.0000E+00  0.0000E+00  0.0000E+00  0.0000E+00
      7.856  0.0000E+00  0.0000E+00  0.0000E+00  0.0000E+00  0.0000E+00  0.0000E+00  0.0000E+00  0.0000E+00  0.0000E+00  0.0000E+00  0.0000E+00  0.0000E+00  0.0000E+00  0.0000E+00  0.0000E+00  0.0000E+00  0.0000E+00  0.0000E+00
      7.866  0.0000E+00  0.0000E+00  0.0000E+00  0.0000E+00  0.0000E+00  0.0000E+00  0.0000E+00  0.0000E+00  0.0000E+00  0.0000E+00  0.0000E+00  0.0000E+00  0.0000E+00  0.0000E+00  0.0000E+00  0.0000E+00  0.0000E+00  0.0000E+00
      7.876  0.0000E+00  0.0000E+00  0.0000E+00  0.0000E+00  0.0000E+00  0.0000E+00  0.0000E+00  0.0000E+00  0.0000E+00  0.0000E+00  0.0000E+00  0.0000E+00  0.0000E+00  0.0000E+00  0.0000E+00  0.0000E+00  0.0000E+00  0.0000E+00
      7.886  0.0000E+00  0.0000E+00  0.0000E+00  0.0000E+00  0.0000E+00  0.0000E+00  0.0000E+00  0.0000E+00  0.0000E+00  0.0000E+00  0.0000E+00  0.0000E+00  0.0000E+00  0.0000E+00  0.0000E+00  0.0000E+00  0.0000E+00  0.0000E+00
      7.896  0.0000E+00  0.0000E+00  0.0000E+00  0.0000E+00  0.0000E+00  0.0000E+00  0.0000E+00  0.0000E+00  0.0000E+00  0.0000E+00  0.0000E+00  0.0000E+00  0.0000E+00  0.0000E+00  0.0000E+00  0.0000E+00  0.0000E+00  0.0000E+00
      7.906  0.0000E+00  0.0000E+00  0.0000E+00  0.0000E+00  0.0000E+00  0.0000E+00  0.0000E+00  0.0000E+00  0.0000E+00  0.0000E+00  0.0000E+00  0.0000E+00  0.0000E+00  0.0000E+00  0.0000E+00  0.0000E+00  0.0000E+00  0.0000E+00
      7.916  0.0000E+00  0.0000E+00  0.0000E+00  0.0000E+00  0.0000E+00  0.0000E+00  0.0000E+00  0.0000E+00  0.0000E+00  0.0000E+00  0.0000E+00  0.0000E+00  0.0000E+00  0.0000E+00  0.0000E+00  0.0000E+00  0.0000E+00  0.0000E+00
      7.926  0.0000E+00  0.0000E+00  0.0000E+00  0.0000E+00  0.0000E+00  0.0000E+00  0.0000E+00  0.0000E+00  0.0000E+00  0.0000E+00  0.0000E+00  0.0000E+00  0.0000E+00  0.0000E+00  0.0000E+00  0.0000E+00  0.0000E+00  0.0000E+00
      7.936  0.0000E+00  0.0000E+00  0.0000E+00  0.0000E+00  0.0000E+00  0.0000E+00  0.0000E+00  0.0000E+00  0.0000E+00  0.0000E+00  0.0000E+00  0.0000E+00  0.0000E+00  0.0000E+00  0.0000E+00  0.0000E+00  0.0000E+00  0.0000E+00
      7.946  0.0000E+00  0.0000E+00  0.0000E+00  0.0000E+00  0.0000E+00  0.0000E+00  0.0000E+00  0.0000E+00  0.0000E+00  0.0000E+00  0.0000E+00  0.0000E+00  0.0000E+00  0.0000E+00  0.0000E+00  0.0000E+00  0.0000E+00  0.0000E+00
      7.956  0.0000E+00  0.0000E+00  0.0000E+00  0.0000E+00  0.0000E+00  0.0000E+00  0.0000E+00  0.0000E+00  0.0000E+00  0.0000E+00  0.0000E+00  0.0000E+00  0.0000E+00  0.0000E+00  0.0000E+00  0.0000E+00  0.0000E+00  0.0000E+00
      7.966  0.0000E+00  0.0000E+00  0.0000E+00  0.0000E+00  0.0000E+00  0.0000E+00  0.0000E+00  0.0000E+00  0.0000E+00  0.0000E+00  0.0000E+00  0.0000E+00  0.0000E+00  0.0000E+00  0.0000E+00  0.0000E+00  0.0000E+00  0.0000E+00
      7.976  0.0000E+00  0.0000E+00  0.0000E+00  0.0000E+00  0.0000E+00  0.0000E+00  0.0000E+00  0.0000E+00  0.0000E+00  0.0000E+00  0.0000E+00  0.0000E+00  0.0000E+00  0.0000E+00  0.0000E+00  0.0000E+00  0.0000E+00  0.0000E+00
      7.986  0.0000E+00  0.0000E+00  0.0000E+00  0.0000E+00  0.0000E+00  0.0000E+00  0.0000E+00  0.0000E+00  0.0000E+00  0.0000E+00  0.0000E+00  0.0000E+00  0.0000E+00  0.0000E+00  0.0000E+00  0.0000E+00  0.0000E+00  0.0000E+00
      7.996  0.0000E+00  0.0000E+00  0.0000E+00  0.0000E+00  0.0000E+00  0.0000E+00  0.0000E+00  0.0000E+00  0.0000E+00  0.0000E+00  0.0000E+00  0.0000E+00  0.0000E+00  0.0000E+00  0.0000E+00  0.0000E+00  0.0000E+00  0.0000E+00
      8.006  0.0000E+00  0.0000E+00  0.0000E+00  0.0000E+00  0.0000E+00  0.0000E+00  0.0000E+00  0.0000E+00  0.0000E+00  0.0000E+00  0.0000E+00  0.0000E+00  0.0000E+00  0.0000E+00  0.0000E+00  0.0000E+00  0.0000E+00  0.0000E+00
      8.016  0.0000E+00  0.0000E+00  0.0000E+00  0.0000E+00  0.0000E+00  0.0000E+00  0.0000E+00  0.0000E+00  0.0000E+00  0.0000E+00  0.0000E+00  0.0000E+00  0.0000E+00  0.0000E+00  0.0000E+00  0.0000E+00  0.0000E+00  0.0000E+00
      8.027  0.0000E+00  0.0000E+00  0.0000E+00  0.0000E+00  0.0000E+00  0.0000E+00  0.0000E+00  0.0000E+00  0.0000E+00  0.0000E+00  0.0000E+00  0.0000E+00  0.0000E+00  0.0000E+00  0.0000E+00  0.0000E+00  0.0000E+00  0.0000E+00
      8.037  0.0000E+00  0.0000E+00  0.0000E+00  0.0000E+00  0.0000E+00  0.0000E+00  0.0000E+00  0.0000E+00  0.0000E+00  0.0000E+00  0.0000E+00  0.0000E+00  0.0000E+00  0.0000E+00  0.0000E+00  0.0000E+00  0.0000E+00  0.0000E+00
      8.047  0.0000E+00  0.0000E+00  0.0000E+00  0.0000E+00  0.0000E+00  0.0000E+00  0.0000E+00  0.0000E+00  0.0000E+00  0.0000E+00  0.0000E+00  0.0000E+00  0.0000E+00  0.0000E+00  0.0000E+00  0.0000E+00  0.0000E+00  0.0000E+00
      8.057  0.0000E+00  0.0000E+00  0.0000E+00  0.0000E+00  0.0000E+00  0.0000E+00  0.0000E+00  0.0000E+00  0.0000E+00  0.0000E+00  0.0000E+00  0.0000E+00  0.0000E+00  0.0000E+00  0.0000E+00  0.0000E+00  0.0000E+00  0.0000E+00
      8.067  0.0000E+00  0.0000E+00  0.0000E+00  0.0000E+00  0.0000E+00  0.0000E+00  0.0000E+00  0.0000E+00  0.0000E+00  0.0000E+00  0.0000E+00  0.0000E+00  0.0000E+00  0.0000E+00  0.0000E+00  0.0000E+00  0.0000E+00  0.0000E+00
      8.077  0.0000E+00  0.0000E+00  0.0000E+00  0.0000E+00  0.0000E+00  0.0000E+00  0.0000E+00  0.0000E+00  0.0000E+00  0.0000E+00  0.0000E+00  0.0000E+00  0.0000E+00  0.0000E+00  0.0000E+00  0.0000E+00  0.0000E+00  0.0000E+00
      8.087  0.0000E+00  0.0000E+00  0.0000E+00  0.0000E+00  0.0000E+00  0.0000E+00  0.0000E+00  0.0000E+00  0.0000E+00  0.0000E+00  0.0000E+00  0.0000E+00  0.0000E+00  0.0000E+00  0.0000E+00  0.0000E+00  0.0000E+00  0.0000E+00
      8.097  0.0000E+00  0.0000E+00  0.0000E+00  0.0000E+00  0.0000E+00  0.0000E+00  0.0000E+00  0.0000E+00  0.0000E+00  0.0000E+00  0.0000E+00  0.0000E+00  0.0000E+00  0.0000E+00  0.0000E+00  0.0000E+00  0.0000E+00  0.0000E+00
      8.107  0.0000E+00  0.0000E+00  0.0000E+00  0.0000E+00  0.0000E+00  0.0000E+00  0.0000E+00  0.0000E+00  0.0000E+00  0.0000E+00  0.0000E+00  0.0000E+00  0.0000E+00  0.0000E+00  0.0000E+00  0.0000E+00  0.0000E+00  0.0000E+00
      8.117  0.0000E+00  0.0000E+00  0.0000E+00  0.0000E+00  0.0000E+00  0.0000E+00  0.0000E+00  0.0000E+00  0.0000E+00  0.0000E+00  0.0000E+00  0.0000E+00  0.0000E+00  0.0000E+00  0.0000E+00  0.0000E+00  0.0000E+00  0.0000E+00
      8.127  0.0000E+00  0.0000E+00  0.0000E+00  0.0000E+00  0.0000E+00  0.0000E+00  0.0000E+00  0.0000E+00  0.0000E+00  0.0000E+00  0.0000E+00  0.0000E+00  0.0000E+00  0.0000E+00  0.0000E+00  0.0000E+00  0.0000E+00  0.0000E+00
      8.137  0.0000E+00  0.0000E+00  0.0000E+00  0.0000E+00  0.0000E+00  0.0000E+00  0.0000E+00  0.0000E+00  0.0000E+00  0.0000E+00  0.0000E+00  0.0000E+00  0.0000E+00  0.0000E+00  0.0000E+00  0.0000E+00  0.0000E+00  0.0000E+00
      8.147  0.0000E+00  0.0000E+00  0.0000E+00  0.0000E+00  0.0000E+00  0.0000E+00  0.0000E+00  0.0000E+00  0.0000E+00  0.0000E+00  0.0000E+00  0.0000E+00  0.0000E+00  0.0000E+00  0.0000E+00  0.0000E+00  0.0000E+00  0.0000E+00
      8.157  0.0000E+00  0.0000E+00  0.0000E+00  0.0000E+00  0.0000E+00  0.0000E+00  0.0000E+00  0.0000E+00  0.0000E+00  0.0000E+00  0.0000E+00  0.0000E+00  0.0000E+00  0.0000E+00  0.0000E+00  0.0000E+00  0.0000E+00  0.0000E+00
      8.167  0.0000E+00  0.0000E+00  0.0000E+00  0.0000E+00  0.0000E+00  0.0000E+00  0.0000E+00  0.0000E+00  0.0000E+00  0.0000E+00  0.0000E+00  0.0000E+00  0.0000E+00  0.0000E+00  0.0000E+00  0.0000E+00  0.0000E+00  0.0000E+00
      8.177  0.0000E+00  0.0000E+00  0.0000E+00  0.0000E+00  0.0000E+00  0.0000E+00  0.0000E+00  0.0000E+00  0.0000E+00  0.0000E+00  0.0000E+00  0.0000E+00  0.0000E+00  0.0000E+00  0.0000E+00  0.0000E+00  0.0000E+00  0.0000E+00
      8.187  0.0000E+00  0.0000E+00  0.0000E+00  0.0000E+00  0.0000E+00  0.0000E+00  0.0000E+00  0.0000E+00  0.0000E+00  0.0000E+00  0.0000E+00  0.0000E+00  0.0000E+00  0.0000E+00  0.0000E+00  0.0000E+00  0.0000E+00  0.0000E+00
      8.197  0.0000E+00  0.0000E+00  0.0000E+00  0.0000E+00  0.0000E+00  0.0000E+00  0.0000E+00  0.0000E+00  0.0000E+00  0.0000E+00  0.0000E+00  0.0000E+00  0.0000E+00  0.0000E+00  0.0000E+00  0.0000E+00  0.0000E+00  0.0000E+00
      8.207  0.0000E+00  0.0000E+00  0.0000E+00  0.0000E+00  0.0000E+00  0.0000E+00  0.0000E+00  0.0000E+00  0.0000E+00  0.0000E+00  0.0000E+00  0.0000E+00  0.0000E+00  0.0000E+00  0.0000E+00  0.0000E+00  0.0000E+00  0.0000E+00
      8.217  0.0000E+00  0.0000E+00  0.0000E+00  0.0000E+00  0.0000E+00  0.0000E+00  0.0000E+00  0.0000E+00  0.0000E+00  0.0000E+00  0.0000E+00  0.0000E+00  0.0000E+00  0.0000E+00  0.0000E+00  0.0000E+00  0.0000E+00  0.0000E+00
      8.227  0.0000E+00  0.0000E+00  0.0000E+00  0.0000E+00  0.0000E+00  0.0000E+00  0.0000E+00  0.0000E+00  0.0000E+00  0.0000E+00  0.0000E+00  0.0000E+00  0.0000E+00  0.0000E+00  0.0000E+00  0.0000E+00  0.0000E+00  0.0000E+00
      8.237  0.0000E+00  0.0000E+00  0.0000E+00  0.0000E+00  0.0000E+00  0.0000E+00  0.0000E+00  0.0000E+00  0.0000E+00  0.0000E+00  0.0000E+00  0.0000E+00  0.0000E+00  0.0000E+00  0.0000E+00  0.0000E+00  0.0000E+00  0.0000E+00
      8.247  0.0000E+00  0.0000E+00  0.0000E+00  0.0000E+00  0.0000E+00  0.0000E+00  0.0000E+00  0.0000E+00  0.0000E+00  0.0000E+00  0.0000E+00  0.0000E+00  0.0000E+00  0.0000E+00  0.0000E+00  0.0000E+00  0.0000E+00  0.0000E+00
      8.257  0.0000E+00  0.0000E+00  0.0000E+00  0.0000E+00  0.0000E+00  0.0000E+00  0.0000E+00  0.0000E+00  0.0000E+00  0.0000E+00  0.0000E+00  0.0000E+00  0.0000E+00  0.0000E+00  0.0000E+00  0.0000E+00  0.0000E+00  0.0000E+00
      8.267  0.0000E+00  0.0000E+00  0.0000E+00  0.0000E+00  0.0000E+00  0.0000E+00  0.0000E+00  0.0000E+00  0.0000E+00  0.0000E+00  0.0000E+00  0.0000E+00  0.0000E+00  0.0000E+00  0.0000E+00  0.0000E+00  0.0000E+00  0.0000E+00
      8.277  0.0000E+00  0.0000E+00  0.0000E+00  0.0000E+00  0.0000E+00  0.0000E+00  0.0000E+00  0.0000E+00  0.0000E+00  0.0000E+00  0.0000E+00  0.0000E+00  0.0000E+00  0.0000E+00  0.0000E+00  0.0000E+00  0.0000E+00  0.0000E+00
      8.287  0.0000E+00  0.0000E+00  0.0000E+00  0.0000E+00  0.0000E+00  0.0000E+00  0.0000E+00  0.0000E+00  0.0000E+00  0.0000E+00  0.0000E+00  0.0000E+00  0.0000E+00  0.0000E+00  0.0000E+00  0.0000E+00  0.0000E+00  0.0000E+00
      8.297  0.0000E+00  0.0000E+00  0.0000E+00  0.0000E+00  0.0000E+00  0.0000E+00  0.0000E+00  0.0000E+00  0.0000E+00  0.0000E+00  0.0000E+00  0.0000E+00  0.0000E+00  0.0000E+00  0.0000E+00  0.0000E+00  0.0000E+00  0.0000E+00
      8.307  0.0000E+00  0.0000E+00  0.0000E+00  0.0000E+00  0.0000E+00  0.0000E+00  0.0000E+00  0.0000E+00  0.0000E+00  0.0000E+00  0.0000E+00  0.0000E+00  0.0000E+00  0.0000E+00  0.0000E+00  0.0000E+00  0.0000E+00  0.0000E+00
      8.317  0.0000E+00  0.0000E+00  0.0000E+00  0.0000E+00  0.0000E+00  0.0000E+00  0.0000E+00  0.0000E+00  0.0000E+00  0.0000E+00  0.0000E+00  0.0000E+00  0.0000E+00  0.0000E+00  0.0000E+00  0.0000E+00  0.0000E+00  0.0000E+00
      8.327  0.0000E+00  0.0000E+00  0.0000E+00  0.0000E+00  0.0000E+00  0.0000E+00  0.0000E+00  0.0000E+00  0.0000E+00  0.0000E+00  0.0000E+00  0.0000E+00  0.0000E+00  0.0000E+00  0.0000E+00  0.0000E+00  0.0000E+00  0.0000E+00
      8.337  0.0000E+00  0.0000E+00  0.0000E+00  0.0000E+00  0.0000E+00  0.0000E+00  0.0000E+00  0.0000E+00  0.0000E+00  0.0000E+00  0.0000E+00  0.0000E+00  0.0000E+00  0.0000E+00  0.0000E+00  0.0000E+00  0.0000E+00  0.0000E+00
      8.347  0.0000E+00  0.0000E+00  0.0000E+00  0.0000E+00  0.0000E+00  0.0000E+00  0.0000E+00  0.0000E+00  0.0000E+00  0.0000E+00  0.0000E+00  0.0000E+00  0.0000E+00  0.0000E+00  0.0000E+00  0.0000E+00  0.0000E+00  0.0000E+00
      8.357  0.0000E+00  0.0000E+00  0.0000E+00  0.0000E+00  0.0000E+00  0.0000E+00  0.0000E+00  0.0000E+00  0.0000E+00  0.0000E+00  0.0000E+00  0.0000E+00  0.0000E+00  0.0000E+00  0.0000E+00  0.0000E+00  0.0000E+00  0.0000E+00
      8.367  0.0000E+00  0.0000E+00  0.0000E+00  0.0000E+00  0.0000E+00  0.0000E+00  0.0000E+00  0.0000E+00  0.0000E+00  0.0000E+00  0.0000E+00  0.0000E+00  0.0000E+00  0.0000E+00  0.0000E+00  0.0000E+00  0.0000E+00  0.0000E+00
      8.377  0.0000E+00  0.0000E+00  0.0000E+00  0.0000E+00  0.0000E+00  0.0000E+00  0.0000E+00  0.0000E+00  0.0000E+00  0.0000E+00  0.0000E+00  0.0000E+00  0.0000E+00  0.0000E+00  0.0000E+00  0.0000E+00  0.0000E+00  0.0000E+00
      8.387  0.0000E+00  0.0000E+00  0.0000E+00  0.0000E+00  0.0000E+00  0.0000E+00  0.0000E+00  0.0000E+00  0.0000E+00  0.0000E+00  0.0000E+00  0.0000E+00  0.0000E+00  0.0000E+00  0.0000E+00  0.0000E+00  0.0000E+00  0.0000E+00
      8.397  0.0000E+00  0.0000E+00  0.0000E+00  0.0000E+00  0.0000E+00  0.0000E+00  0.0000E+00  0.0000E+00  0.0000E+00  0.0000E+00  0.0000E+00  0.0000E+00  0.0000E+00  0.0000E+00  0.0000E+00  0.0000E+00  0.0000E+00  0.0000E+00
      8.407  0.0000E+00  0.0000E+00  0.0000E+00  0.0000E+00  0.0000E+00  0.0000E+00  0.0000E+00  0.0000E+00  0.0000E+00  0.0000E+00  0.0000E+00  0.0000E+00  0.0000E+00  0.0000E+00  0.0000E+00  0.0000E+00  0.0000E+00  0.0000E+00
      8.417  0.0000E+00  0.0000E+00  0.0000E+00  0.0000E+00  0.0000E+00  0.0000E+00  0.0000E+00  0.0000E+00  0.0000E+00  0.0000E+00  0.0000E+00  0.0000E+00  0.0000E+00  0.0000E+00  0.0000E+00  0.0000E+00  0.0000E+00  0.0000E+00
      8.427  0.0000E+00  0.0000E+00  0.0000E+00  0.0000E+00  0.0000E+00  0.0000E+00  0.0000E+00  0.0000E+00  0.0000E+00  0.0000E+00  0.0000E+00  0.0000E+00  0.0000E+00  0.0000E+00  0.0000E+00  0.0000E+00  0.0000E+00  0.0000E+00
      8.437  0.0000E+00  0.0000E+00  0.0000E+00  0.0000E+00  0.0000E+00  0.0000E+00  0.0000E+00  0.0000E+00  0.0000E+00  0.0000E+00  0.0000E+00  0.0000E+00  0.0000E+00  0.0000E+00  0.0000E+00  0.0000E+00  0.0000E+00  0.0000E+00
      8.447  0.0000E+00  0.0000E+00  0.0000E+00  0.0000E+00  0.0000E+00  0.0000E+00  0.0000E+00  0.0000E+00  0.0000E+00  0.0000E+00  0.0000E+00  0.0000E+00  0.0000E+00  0.0000E+00  0.0000E+00  0.0000E+00  0.0000E+00  0.0000E+00
      8.457  0.0000E+00  0.0000E+00  0.0000E+00  0.0000E+00  0.0000E+00  0.0000E+00  0.0000E+00  0.0000E+00  0.0000E+00  0.0000E+00  0.0000E+00  0.0000E+00  0.0000E+00  0.0000E+00  0.0000E+00  0.0000E+00  0.0000E+00  0.0000E+00
      8.467  0.0000E+00  0.0000E+00  0.0000E+00  0.0000E+00  0.0000E+00  0.0000E+00  0.0000E+00  0.0000E+00  0.0000E+00  0.0000E+00  0.0000E+00  0.0000E+00  0.0000E+00  0.0000E+00  0.0000E+00  0.0000E+00  0.0000E+00  0.0000E+00
      8.477  0.0000E+00  0.0000E+00  0.0000E+00  0.0000E+00  0.0000E+00  0.0000E+00  0.0000E+00  0.0000E+00  0.0000E+00  0.0000E+00  0.0000E+00  0.0000E+00  0.0000E+00  0.0000E+00  0.0000E+00  0.0000E+00  0.0000E+00  0.0000E+00
      8.487  0.0000E+00  0.0000E+00  0.0000E+00  0.0000E+00  0.0000E+00  0.0000E+00  0.0000E+00  0.0000E+00  0.0000E+00  0.0000E+00  0.0000E+00  0.0000E+00  0.0000E+00  0.0000E+00  0.0000E+00  0.0000E+00  0.0000E+00  0.0000E+00
      8.497  0.0000E+00  0.0000E+00  0.0000E+00  0.0000E+00  0.0000E+00  0.0000E+00  0.0000E+00  0.0000E+00  0.0000E+00  0.0000E+00  0.0000E+00  0.0000E+00  0.0000E+00  0.0000E+00  0.0000E+00  0.0000E+00  0.0000E+00  0.0000E+00
      8.507  0.0000E+00  0.0000E+00  0.0000E+00  0.0000E+00  0.0000E+00  0.0000E+00  0.0000E+00  0.0000E+00  0.0000E+00  0.0000E+00  0.0000E+00  0.0000E+00  0.0000E+00  0.0000E+00  0.0000E+00  0.0000E+00  0.0000E+00  0.0000E+00
      8.517  0.0000E+00  0.0000E+00  0.0000E+00  0.0000E+00  0.0000E+00  0.0000E+00  0.0000E+00  0.0000E+00  0.0000E+00  0.0000E+00  0.0000E+00  0.0000E+00  0.0000E+00  0.0000E+00  0.0000E+00  0.0000E+00  0.0000E+00  0.0000E+00
      8.527  0.0000E+00  0.0000E+00  0.0000E+00  0.0000E+00  0.0000E+00  0.0000E+00  0.0000E+00  0.0000E+00  0.0000E+00  0.0000E+00  0.0000E+00  0.0000E+00  0.0000E+00  0.0000E+00  0.0000E+00  0.0000E+00  0.0000E+00  0.0000E+00
      8.537  0.0000E+00  0.0000E+00  0.0000E+00  0.0000E+00  0.0000E+00  0.0000E+00  0.0000E+00  0.0000E+00  0.0000E+00  0.0000E+00  0.0000E+00  0.0000E+00  0.0000E+00  0.0000E+00  0.0000E+00  0.0000E+00  0.0000E+00  0.0000E+00
      8.547  0.0000E+00  0.0000E+00  0.0000E+00  0.0000E+00  0.0000E+00  0.0000E+00  0.0000E+00  0.0000E+00  0.0000E+00  0.0000E+00  0.0000E+00  0.0000E+00  0.0000E+00  0.0000E+00  0.0000E+00  0.0000E+00  0.0000E+00  0.0000E+00
      8.557  0.0000E+00  0.0000E+00  0.0000E+00  0.0000E+00  0.0000E+00  0.0000E+00  0.0000E+00  0.0000E+00  0.0000E+00  0.0000E+00  0.0000E+00  0.0000E+00  0.0000E+00  0.0000E+00  0.0000E+00  0.0000E+00  0.0000E+00  0.0000E+00
      8.567  0.0000E+00  0.0000E+00  0.0000E+00  0.0000E+00  0.0000E+00  0.0000E+00  0.0000E+00  0.0000E+00  0.0000E+00  0.0000E+00  0.0000E+00  0.0000E+00  0.0000E+00  0.0000E+00  0.0000E+00  0.0000E+00  0.0000E+00  0.0000E+00
      8.577  0.0000E+00  0.0000E+00  0.0000E+00  0.0000E+00  0.0000E+00  0.0000E+00  0.0000E+00  0.0000E+00  0.0000E+00  0.0000E+00  0.0000E+00  0.0000E+00  0.0000E+00  0.0000E+00  0.0000E+00  0.0000E+00  0.0000E+00  0.0000E+00
      8.587  0.0000E+00  0.0000E+00  0.0000E+00  0.0000E+00  0.0000E+00  0.0000E+00  0.0000E+00  0.0000E+00  0.0000E+00  0.0000E+00  0.0000E+00  0.0000E+00  0.0000E+00  0.0000E+00  0.0000E+00  0.0000E+00  0.0000E+00  0.0000E+00
      8.597  0.0000E+00  0.0000E+00  0.0000E+00  0.0000E+00  0.0000E+00  0.0000E+00  0.0000E+00  0.0000E+00  0.0000E+00  0.0000E+00  0.0000E+00  0.0000E+00  0.0000E+00  0.0000E+00  0.0000E+00  0.0000E+00  0.0000E+00  0.0000E+00
      8.607  0.0000E+00  0.0000E+00  0.0000E+00  0.0000E+00  0.0000E+00  0.0000E+00  0.0000E+00  0.0000E+00  0.0000E+00  0.0000E+00  0.0000E+00  0.0000E+00  0.0000E+00  0.0000E+00  0.0000E+00  0.0000E+00  0.0000E+00  0.0000E+00
      8.617  0.0000E+00  0.0000E+00  0.0000E+00  0.0000E+00  0.0000E+00  0.0000E+00  0.0000E+00  0.0000E+00  0.0000E+00  0.0000E+00  0.0000E+00  0.0000E+00  0.0000E+00  0.0000E+00  0.0000E+00  0.0000E+00  0.0000E+00  0.0000E+00
      8.627  0.0000E+00  0.0000E+00  0.0000E+00  0.0000E+00  0.0000E+00  0.0000E+00  0.0000E+00  0.0000E+00  0.0000E+00  0.0000E+00  0.0000E+00  0.0000E+00  0.0000E+00  0.0000E+00  0.0000E+00  0.0000E+00  0.0000E+00  0.0000E+00
      8.637  0.0000E+00  0.0000E+00  0.0000E+00  0.0000E+00  0.0000E+00  0.0000E+00  0.0000E+00  0.0000E+00  0.0000E+00  0.0000E+00  0.0000E+00  0.0000E+00  0.0000E+00  0.0000E+00  0.0000E+00  0.0000E+00  0.0000E+00  0.0000E+00
      8.647  0.0000E+00  0.0000E+00  0.0000E+00  0.0000E+00  0.0000E+00  0.0000E+00  0.0000E+00  0.0000E+00  0.0000E+00  0.0000E+00  0.0000E+00  0.0000E+00  0.0000E+00  0.0000E+00  0.0000E+00  0.0000E+00  0.0000E+00  0.0000E+00
      8.657  0.0000E+00  0.0000E+00  0.0000E+00  0.0000E+00  0.0000E+00  0.0000E+00  0.0000E+00  0.0000E+00  0.0000E+00  0.0000E+00  0.0000E+00  0.0000E+00  0.0000E+00  0.0000E+00  0.0000E+00  0.0000E+00  0.0000E+00  0.0000E+00
      8.667  0.0000E+00  0.0000E+00  0.0000E+00  0.0000E+00  0.0000E+00  0.0000E+00  0.0000E+00  0.0000E+00  0.0000E+00  0.0000E+00  0.0000E+00  0.0000E+00  0.0000E+00  0.0000E+00  0.0000E+00  0.0000E+00  0.0000E+00  0.0000E+00
      8.677  0.0000E+00  0.0000E+00  0.0000E+00  0.0000E+00  0.0000E+00  0.0000E+00  0.0000E+00  0.0000E+00  0.0000E+00  0.0000E+00  0.0000E+00  0.0000E+00  0.0000E+00  0.0000E+00  0.0000E+00  0.0000E+00  0.0000E+00  0.0000E+00
      8.687  0.0000E+00  0.0000E+00  0.0000E+00  0.0000E+00  0.0000E+00  0.0000E+00  0.0000E+00  0.0000E+00  0.0000E+00  0.0000E+00  0.0000E+00  0.0000E+00  0.0000E+00  0.0000E+00  0.0000E+00  0.0000E+00  0.0000E+00  0.0000E+00
      8.697  0.0000E+00  0.0000E+00  0.0000E+00  0.0000E+00  0.0000E+00  0.0000E+00  0.0000E+00  0.0000E+00  0.0000E+00  0.0000E+00  0.0000E+00  0.0000E+00  0.0000E+00  0.0000E+00  0.0000E+00  0.0000E+00  0.0000E+00  0.0000E+00
      8.707  0.0000E+00  0.0000E+00  0.0000E+00  0.0000E+00  0.0000E+00  0.0000E+00  0.0000E+00  0.0000E+00  0.0000E+00  0.0000E+00  0.0000E+00  0.0000E+00  0.0000E+00  0.0000E+00  0.0000E+00  0.0000E+00  0.0000E+00  0.0000E+00
      8.717  0.0000E+00  0.0000E+00  0.0000E+00  0.0000E+00  0.0000E+00  0.0000E+00  0.0000E+00  0.0000E+00  0.0000E+00  0.0000E+00  0.0000E+00  0.0000E+00  0.0000E+00  0.0000E+00  0.0000E+00  0.0000E+00  0.0000E+00  0.0000E+00
      8.727  0.0000E+00  0.0000E+00  0.0000E+00  0.0000E+00  0.0000E+00  0.0000E+00  0.0000E+00  0.0000E+00  0.0000E+00  0.0000E+00  0.0000E+00  0.0000E+00  0.0000E+00  0.0000E+00  0.0000E+00  0.0000E+00  0.0000E+00  0.0000E+00
      8.737  0.0000E+00  0.0000E+00  0.0000E+00  0.0000E+00  0.0000E+00  0.0000E+00  0.0000E+00  0.0000E+00  0.0000E+00  0.0000E+00  0.0000E+00  0.0000E+00  0.0000E+00  0.0000E+00  0.0000E+00  0.0000E+00  0.0000E+00  0.0000E+00
      8.747  0.0000E+00  0.0000E+00  0.0000E+00  0.0000E+00  0.0000E+00  0.0000E+00  0.0000E+00  0.0000E+00  0.0000E+00  0.0000E+00  0.0000E+00  0.0000E+00  0.0000E+00  0.0000E+00  0.0000E+00  0.0000E+00  0.0000E+00  0.0000E+00
      8.757  0.0000E+00  0.0000E+00  0.0000E+00  0.0000E+00  0.0000E+00  0.0000E+00  0.0000E+00  0.0000E+00  0.0000E+00  0.0000E+00  0.0000E+00  0.0000E+00  0.0000E+00  0.0000E+00  0.0000E+00  0.0000E+00  0.0000E+00  0.0000E+00
      8.767  0.0000E+00  0.0000E+00  0.0000E+00  0.0000E+00  0.0000E+00  0.0000E+00  0.0000E+00  0.0000E+00  0.0000E+00  0.0000E+00  0.0000E+00  0.0000E+00  0.0000E+00  0.0000E+00  0.0000E+00  0.0000E+00  0.0000E+00  0.0000E+00
      8.777  0.0000E+00  0.0000E+00  0.0000E+00  0.0000E+00  0.0000E+00  0.0000E+00  0.0000E+00  0.0000E+00  0.0000E+00  0.0000E+00  0.0000E+00  0.0000E+00  0.0000E+00  0.0000E+00  0.0000E+00  0.0000E+00  0.0000E+00  0.0000E+00
      8.787  0.0000E+00  0.0000E+00  0.0000E+00  0.0000E+00  0.0000E+00  0.0000E+00  0.0000E+00  0.0000E+00  0.0000E+00  0.0000E+00  0.0000E+00  0.0000E+00  0.0000E+00  0.0000E+00  0.0000E+00  0.0000E+00  0.0000E+00  0.0000E+00
      8.797  0.0000E+00  0.0000E+00  0.0000E+00  0.0000E+00  0.0000E+00  0.0000E+00  0.0000E+00  0.0000E+00  0.0000E+00  0.0000E+00  0.0000E+00  0.0000E+00  0.0000E+00  0.0000E+00  0.0000E+00  0.0000E+00  0.0000E+00  0.0000E+00
      8.807  0.0000E+00  0.0000E+00  0.0000E+00  0.0000E+00  0.0000E+00  0.0000E+00  0.0000E+00  0.0000E+00  0.0000E+00  0.0000E+00  0.0000E+00  0.0000E+00  0.0000E+00  0.0000E+00  0.0000E+00  0.0000E+00  0.0000E+00  0.0000E+00
      8.817  0.0000E+00  0.0000E+00  0.0000E+00  0.0000E+00  0.0000E+00  0.0000E+00  0.0000E+00  0.0000E+00  0.0000E+00  0.0000E+00  0.0000E+00  0.0000E+00  0.0000E+00  0.0000E+00  0.0000E+00  0.0000E+00  0.0000E+00  0.0000E+00
      8.827  0.0000E+00  0.0000E+00  0.0000E+00  0.0000E+00  0.0000E+00  0.0000E+00  0.0000E+00  0.0000E+00  0.0000E+00  0.0000E+00  0.0000E+00  0.0000E+00  0.0000E+00  0.0000E+00  0.0000E+00  0.0000E+00  0.0000E+00  0.0000E+00
      8.837  0.0000E+00  0.0000E+00  0.0000E+00  0.0000E+00  0.0000E+00  0.0000E+00  0.0000E+00  0.0000E+00  0.0000E+00  0.0000E+00  0.0000E+00  0.0000E+00  0.0000E+00  0.0000E+00  0.0000E+00  0.0000E+00  0.0000E+00  0.0000E+00
      8.847  0.0000E+00  0.0000E+00  0.0000E+00  0.0000E+00  0.0000E+00  0.0000E+00  0.0000E+00  0.0000E+00  0.0000E+00  0.0000E+00  0.0000E+00  0.0000E+00  0.0000E+00  0.0000E+00  0.0000E+00  0.0000E+00  0.0000E+00  0.0000E+00
      8.857  0.0000E+00  0.0000E+00  0.0000E+00  0.0000E+00  0.0000E+00  0.0000E+00  0.0000E+00  0.0000E+00  0.0000E+00  0.0000E+00  0.0000E+00  0.0000E+00  0.0000E+00  0.0000E+00  0.0000E+00  0.0000E+00  0.0000E+00  0.0000E+00
      8.867  0.0000E+00  0.0000E+00  0.0000E+00  0.0000E+00  0.0000E+00  0.0000E+00  0.0000E+00  0.0000E+00  0.0000E+00  0.0000E+00  0.0000E+00  0.0000E+00  0.0000E+00  0.0000E+00  0.0000E+00  0.0000E+00  0.0000E+00  0.0000E+00
      8.877  0.0000E+00  0.0000E+00  0.0000E+00  0.0000E+00  0.0000E+00  0.0000E+00  0.0000E+00  0.0000E+00  0.0000E+00  0.0000E+00  0.0000E+00  0.0000E+00  0.0000E+00  0.0000E+00  0.0000E+00  0.0000E+00  0.0000E+00  0.0000E+00
      8.887  0.0000E+00  0.0000E+00  0.0000E+00  0.0000E+00  0.0000E+00  0.0000E+00  0.0000E+00  0.0000E+00  0.0000E+00  0.0000E+00  0.0000E+00  0.0000E+00  0.0000E+00  0.0000E+00  0.0000E+00  0.0000E+00  0.0000E+00  0.0000E+00
      8.897  0.0000E+00  0.0000E+00  0.0000E+00  0.0000E+00  0.0000E+00  0.0000E+00  0.0000E+00  0.0000E+00  0.0000E+00  0.0000E+00  0.0000E+00  0.0000E+00  0.0000E+00  0.0000E+00  0.0000E+00  0.0000E+00  0.0000E+00  0.0000E+00
      8.907  0.0000E+00  0.0000E+00  0.0000E+00  0.0000E+00  0.0000E+00  0.0000E+00  0.0000E+00  0.0000E+00  0.0000E+00  0.0000E+00  0.0000E+00  0.0000E+00  0.0000E+00  0.0000E+00  0.0000E+00  0.0000E+00  0.0000E+00  0.0000E+00
      8.917  0.0000E+00  0.0000E+00  0.0000E+00  0.0000E+00  0.0000E+00  0.0000E+00  0.0000E+00  0.0000E+00  0.0000E+00  0.0000E+00  0.0000E+00  0.0000E+00  0.0000E+00  0.0000E+00  0.0000E+00  0.0000E+00  0.0000E+00  0.0000E+00
      8.927  0.0000E+00  0.0000E+00  0.0000E+00  0.0000E+00  0.0000E+00  0.0000E+00  0.0000E+00  0.0000E+00  0.0000E+00  0.0000E+00  0.0000E+00  0.0000E+00  0.0000E+00  0.0000E+00  0.0000E+00  0.0000E+00  0.0000E+00  0.0000E+00
      8.937  0.0000E+00  0.0000E+00  0.0000E+00  0.0000E+00  0.0000E+00  0.0000E+00  0.0000E+00  0.0000E+00  0.0000E+00  0.0000E+00  0.0000E+00  0.0000E+00  0.0000E+00  0.0000E+00  0.0000E+00  0.0000E+00  0.0000E+00  0.0000E+00
      8.947  0.0000E+00  0.0000E+00  0.0000E+00  0.0000E+00  0.0000E+00  0.0000E+00  0.0000E+00  0.0000E+00  0.0000E+00  0.0000E+00  0.0000E+00  0.0000E+00  0.0000E+00  0.0000E+00  0.0000E+00  0.0000E+00  0.0000E+00  0.0000E+00
      8.957  0.0000E+00  0.0000E+00  0.0000E+00  0.0000E+00  0.0000E+00  0.0000E+00  0.0000E+00  0.0000E+00  0.0000E+00  0.0000E+00  0.0000E+00  0.0000E+00  0.0000E+00  0.0000E+00  0.0000E+00  0.0000E+00  0.0000E+00  0.0000E+00
      8.967  0.0000E+00  0.0000E+00  0.0000E+00  0.0000E+00  0.0000E+00  0.0000E+00  0.0000E+00  0.0000E+00  0.0000E+00  0.0000E+00  0.0000E+00  0.0000E+00  0.0000E+00  0.0000E+00  0.0000E+00  0.0000E+00  0.0000E+00  0.0000E+00
      8.977  0.0000E+00  0.0000E+00  0.0000E+00  0.0000E+00  0.0000E+00  0.0000E+00  0.0000E+00  0.0000E+00  0.0000E+00  0.0000E+00  0.0000E+00  0.0000E+00  0.0000E+00  0.0000E+00  0.0000E+00  0.0000E+00  0.0000E+00  0.0000E+00
      8.987  0.0000E+00  0.0000E+00  0.0000E+00  0.0000E+00  0.0000E+00  0.0000E+00  0.0000E+00  0.0000E+00  0.0000E+00  0.0000E+00  0.0000E+00  0.0000E+00  0.0000E+00  0.0000E+00  0.0000E+00  0.0000E+00  0.0000E+00  0.0000E+00
      8.997  0.0000E+00  0.0000E+00  0.0000E+00  0.0000E+00  0.0000E+00  0.0000E+00  0.0000E+00  0.0000E+00  0.0000E+00  0.0000E+00  0.0000E+00  0.0000E+00  0.0000E+00  0.0000E+00  0.0000E+00  0.0000E+00  0.0000E+00  0.0000E+00
      9.007  0.0000E+00  0.0000E+00  0.0000E+00  0.0000E+00  0.0000E+00  0.0000E+00  0.0000E+00  0.0000E+00  0.0000E+00  0.0000E+00  0.0000E+00  0.0000E+00  0.0000E+00  0.0000E+00  0.0000E+00  0.0000E+00  0.0000E+00  0.0000E+00
      9.017  0.0000E+00  0.0000E+00  0.0000E+00  0.0000E+00  0.0000E+00  0.0000E+00  0.0000E+00  0.0000E+00  0.0000E+00  0.0000E+00  0.0000E+00  0.0000E+00  0.0000E+00  0.0000E+00  0.0000E+00  0.0000E+00  0.0000E+00  0.0000E+00
      9.027  0.0000E+00  0.0000E+00  0.0000E+00  0.0000E+00  0.0000E+00  0.0000E+00  0.0000E+00  0.0000E+00  0.0000E+00  0.0000E+00  0.0000E+00  0.0000E+00  0.0000E+00  0.0000E+00  0.0000E+00  0.0000E+00  0.0000E+00  0.0000E+00
      9.037  0.0000E+00  0.0000E+00  0.0000E+00  0.0000E+00  0.0000E+00  0.0000E+00  0.0000E+00  0.0000E+00  0.0000E+00  0.0000E+00  0.0000E+00  0.0000E+00  0.0000E+00  0.0000E+00  0.0000E+00  0.0000E+00  0.0000E+00  0.0000E+00
      9.047  0.0000E+00  0.0000E+00  0.0000E+00  0.0000E+00  0.0000E+00  0.0000E+00  0.0000E+00  0.0000E+00  0.0000E+00  0.0000E+00  0.0000E+00  0.0000E+00  0.0000E+00  0.0000E+00  0.0000E+00  0.0000E+00  0.0000E+00  0.0000E+00
      9.057  0.0000E+00  0.0000E+00  0.0000E+00  0.0000E+00  0.0000E+00  0.0000E+00  0.0000E+00  0.0000E+00  0.0000E+00  0.0000E+00  0.0000E+00  0.0000E+00  0.0000E+00  0.0000E+00  0.0000E+00  0.0000E+00  0.0000E+00  0.0000E+00
      9.067  0.0000E+00  0.0000E+00  0.0000E+00  0.0000E+00  0.0000E+00  0.0000E+00  0.0000E+00  0.0000E+00  0.0000E+00  0.0000E+00  0.0000E+00  0.0000E+00  0.0000E+00  0.0000E+00  0.0000E+00  0.0000E+00  0.0000E+00  0.0000E+00
      9.077  0.0000E+00  0.0000E+00  0.0000E+00  0.0000E+00  0.0000E+00  0.0000E+00  0.0000E+00  0.0000E+00  0.0000E+00  0.0000E+00  0.0000E+00  0.0000E+00  0.0000E+00  0.0000E+00  0.0000E+00  0.0000E+00  0.0000E+00  0.0000E+00
      9.087  0.0000E+00  0.0000E+00  0.0000E+00  0.0000E+00  0.0000E+00  0.0000E+00  0.0000E+00  0.0000E+00  0.0000E+00  0.0000E+00  0.0000E+00  0.0000E+00  0.0000E+00  0.0000E+00  0.0000E+00  0.0000E+00  0.0000E+00  0.0000E+00
      9.097  0.0000E+00  0.0000E+00  0.0000E+00  0.0000E+00  0.0000E+00  0.0000E+00  0.0000E+00  0.0000E+00  0.0000E+00  0.0000E+00  0.0000E+00  0.0000E+00  0.0000E+00  0.0000E+00  0.0000E+00  0.0000E+00  0.0000E+00  0.0000E+00
      9.107  0.0000E+00  0.0000E+00  0.0000E+00  0.0000E+00  0.0000E+00  0.0000E+00  0.0000E+00  0.0000E+00  0.0000E+00  0.0000E+00  0.0000E+00  0.0000E+00  0.0000E+00  0.0000E+00  0.0000E+00  0.0000E+00  0.0000E+00  0.0000E+00
      9.117  0.0000E+00  0.0000E+00  0.0000E+00  0.0000E+00  0.0000E+00  0.0000E+00  0.0000E+00  0.0000E+00  0.0000E+00  0.0000E+00  0.0000E+00  0.0000E+00  0.0000E+00  0.0000E+00  0.0000E+00  0.0000E+00  0.0000E+00  0.0000E+00
      9.127  0.0000E+00  0.0000E+00  0.0000E+00  0.0000E+00  0.0000E+00  0.0000E+00  0.0000E+00  0.0000E+00  0.0000E+00  0.0000E+00  0.0000E+00  0.0000E+00  0.0000E+00  0.0000E+00  0.0000E+00  0.0000E+00  0.0000E+00  0.0000E+00
      9.137  0.0000E+00  0.0000E+00  0.0000E+00  0.0000E+00  0.0000E+00  0.0000E+00  0.0000E+00  0.0000E+00  0.0000E+00  0.0000E+00  0.0000E+00  0.0000E+00  0.0000E+00  0.0000E+00  0.0000E+00  0.0000E+00  0.0000E+00  0.0000E+00
      9.147  0.0000E+00  0.0000E+00  0.0000E+00  0.0000E+00  0.0000E+00  0.0000E+00  0.0000E+00  0.0000E+00  0.0000E+00  0.0000E+00  0.0000E+00  0.0000E+00  0.0000E+00  0.0000E+00  0.0000E+00  0.0000E+00  0.0000E+00  0.0000E+00
      9.157  0.0000E+00  0.0000E+00  0.0000E+00  0.0000E+00  0.0000E+00  0.0000E+00  0.0000E+00  0.0000E+00  0.0000E+00  0.0000E+00  0.0000E+00  0.0000E+00  0.0000E+00  0.0000E+00  0.0000E+00  0.0000E+00  0.0000E+00  0.0000E+00
      9.167  0.0000E+00  0.0000E+00  0.0000E+00  0.0000E+00  0.0000E+00  0.0000E+00  0.0000E+00  0.0000E+00  0.0000E+00  0.0000E+00  0.0000E+00  0.0000E+00  0.0000E+00  0.0000E+00  0.0000E+00  0.0000E+00  0.0000E+00  0.0000E+00
      9.177  0.0000E+00  0.0000E+00  0.0000E+00  0.0000E+00  0.0000E+00  0.0000E+00  0.0000E+00  0.0000E+00  0.0000E+00  0.0000E+00  0.0000E+00  0.0000E+00  0.0000E+00  0.0000E+00  0.0000E+00  0.0000E+00  0.0000E+00  0.0000E+00
      9.187  0.0000E+00  0.0000E+00  0.0000E+00  0.0000E+00  0.0000E+00  0.0000E+00  0.0000E+00  0.0000E+00  0.0000E+00  0.0000E+00  0.0000E+00  0.0000E+00  0.0000E+00  0.0000E+00  0.0000E+00  0.0000E+00  0.0000E+00  0.0000E+00
      9.197  0.0000E+00  0.0000E+00  0.0000E+00  0.0000E+00  0.0000E+00  0.0000E+00  0.0000E+00  0.0000E+00  0.0000E+00  0.0000E+00  0.0000E+00  0.0000E+00  0.0000E+00  0.0000E+00  0.0000E+00  0.0000E+00  0.0000E+00  0.0000E+00
      9.207  0.0000E+00  0.0000E+00  0.0000E+00  0.0000E+00  0.0000E+00  0.0000E+00  0.0000E+00  0.0000E+00  0.0000E+00  0.0000E+00  0.0000E+00  0.0000E+00  0.0000E+00  0.0000E+00  0.0000E+00  0.0000E+00  0.0000E+00  0.0000E+00
      9.217  0.0000E+00  0.0000E+00  0.0000E+00  0.0000E+00  0.0000E+00  0.0000E+00  0.0000E+00  0.0000E+00  0.0000E+00  0.0000E+00  0.0000E+00  0.0000E+00  0.0000E+00  0.0000E+00  0.0000E+00  0.0000E+00  0.0000E+00  0.0000E+00
      9.227  0.0000E+00  0.0000E+00  0.0000E+00  0.0000E+00  0.0000E+00  0.0000E+00  0.0000E+00  0.0000E+00  0.0000E+00  0.0000E+00  0.0000E+00  0.0000E+00  0.0000E+00  0.0000E+00  0.0000E+00  0.0000E+00  0.0000E+00  0.0000E+00
      9.237  0.0000E+00  0.0000E+00  0.0000E+00  0.0000E+00  0.0000E+00  0.0000E+00  0.0000E+00  0.0000E+00  0.0000E+00  0.0000E+00  0.0000E+00  0.0000E+00  0.0000E+00  0.0000E+00  0.0000E+00  0.0000E+00  0.0000E+00  0.0000E+00
      9.247  0.0000E+00  0.0000E+00  0.0000E+00  0.0000E+00  0.0000E+00  0.0000E+00  0.0000E+00  0.0000E+00  0.0000E+00  0.0000E+00  0.0000E+00  0.0000E+00  0.0000E+00  0.0000E+00  0.0000E+00  0.0000E+00  0.0000E+00  0.0000E+00
      9.257  0.0000E+00  0.0000E+00  0.0000E+00  0.0000E+00  0.0000E+00  0.0000E+00  0.0000E+00  0.0000E+00  0.0000E+00  0.0000E+00  0.0000E+00  0.0000E+00  0.0000E+00  0.0000E+00  0.0000E+00  0.0000E+00  0.0000E+00  0.0000E+00
      9.267  0.0000E+00  0.0000E+00  0.0000E+00  0.0000E+00  0.0000E+00  0.0000E+00  0.0000E+00  0.0000E+00  0.0000E+00  0.0000E+00  0.0000E+00  0.0000E+00  0.0000E+00  0.0000E+00  0.0000E+00  0.0000E+00  0.0000E+00  0.0000E+00
      9.277  0.0000E+00  0.0000E+00  0.0000E+00  0.0000E+00  0.0000E+00  0.0000E+00  0.0000E+00  0.0000E+00  0.0000E+00  0.0000E+00  0.0000E+00  0.0000E+00  0.0000E+00  0.0000E+00  0.0000E+00  0.0000E+00  0.0000E+00  0.0000E+00
      9.287  0.0000E+00  0.0000E+00  0.0000E+00  0.0000E+00  0.0000E+00  0.0000E+00  0.0000E+00  0.0000E+00  0.0000E+00  0.0000E+00  0.0000E+00  0.0000E+00  0.0000E+00  0.0000E+00  0.0000E+00  0.0000E+00  0.0000E+00  0.0000E+00
      9.297  0.0000E+00  0.0000E+00  0.0000E+00  0.0000E+00  0.0000E+00  0.0000E+00  0.0000E+00  0.0000E+00  0.0000E+00  0.0000E+00  0.0000E+00  0.0000E+00  0.0000E+00  0.0000E+00  0.0000E+00  0.0000E+00  0.0000E+00  0.0000E+00
      9.307  0.0000E+00  0.0000E+00  0.0000E+00  0.0000E+00  0.0000E+00  0.0000E+00  0.0000E+00  0.0000E+00  0.0000E+00  0.0000E+00  0.0000E+00  0.0000E+00  0.0000E+00  0.0000E+00  0.0000E+00  0.0000E+00  0.0000E+00  0.0000E+00
      9.317  0.0000E+00  0.0000E+00  0.0000E+00  0.0000E+00  0.0000E+00  0.0000E+00  0.0000E+00  0.0000E+00  0.0000E+00  0.0000E+00  0.0000E+00  0.0000E+00  0.0000E+00  0.0000E+00  0.0000E+00  0.0000E+00  0.0000E+00  0.0000E+00
      9.327  0.0000E+00  0.0000E+00  0.0000E+00  0.0000E+00  0.0000E+00  0.0000E+00  0.0000E+00  0.0000E+00  0.0000E+00  0.0000E+00  0.0000E+00  0.0000E+00  0.0000E+00  0.0000E+00  0.0000E+00  0.0000E+00  0.0000E+00  0.0000E+00
      9.337  0.0000E+00  0.0000E+00  0.0000E+00  0.0000E+00  0.0000E+00  0.0000E+00  0.0000E+00  0.0000E+00  0.0000E+00  0.0000E+00  0.0000E+00  0.0000E+00  0.0000E+00  0.0000E+00  0.0000E+00  0.0000E+00  0.0000E+00  0.0000E+00
      9.347  0.0000E+00  0.0000E+00  0.0000E+00  0.0000E+00  0.0000E+00  0.0000E+00  0.0000E+00  0.0000E+00  0.0000E+00  0.0000E+00  0.0000E+00  0.0000E+00  0.0000E+00  0.0000E+00  0.0000E+00  0.0000E+00  0.0000E+00  0.0000E+00
      9.357  0.0000E+00  0.0000E+00  0.0000E+00  0.0000E+00  0.0000E+00  0.0000E+00  0.0000E+00  0.0000E+00  0.0000E+00  0.0000E+00  0.0000E+00  0.0000E+00  0.0000E+00  0.0000E+00  0.0000E+00  0.0000E+00  0.0000E+00  0.0000E+00
      9.367  0.0000E+00  0.0000E+00  0.0000E+00  0.0000E+00  0.0000E+00  0.0000E+00  0.0000E+00  0.0000E+00  0.0000E+00  0.0000E+00  0.0000E+00  0.0000E+00  0.0000E+00  0.0000E+00  0.0000E+00  0.0000E+00  0.0000E+00  0.0000E+00
      9.377  0.0000E+00  0.0000E+00  0.0000E+00  0.0000E+00  0.0000E+00  0.0000E+00  0.0000E+00  0.0000E+00  0.0000E+00  0.0000E+00  0.0000E+00  0.0000E+00  0.0000E+00  0.0000E+00  0.0000E+00  0.0000E+00  0.0000E+00  0.0000E+00
      9.387  0.0000E+00  0.0000E+00  0.0000E+00  0.0000E+00  0.0000E+00  0.0000E+00  0.0000E+00  0.0000E+00  0.0000E+00  0.0000E+00  0.0000E+00  0.0000E+00  0.0000E+00  0.0000E+00  0.0000E+00  0.0000E+00  0.0000E+00  0.0000E+00
      9.397  0.0000E+00  0.0000E+00  0.0000E+00  0.0000E+00  0.0000E+00  0.0000E+00  0.0000E+00  0.0000E+00  0.0000E+00  0.0000E+00  0.0000E+00  0.0000E+00  0.0000E+00  0.0000E+00  0.0000E+00  0.0000E+00  0.0000E+00  0.0000E+00
      9.407  0.0000E+00  0.0000E+00  0.0000E+00  0.0000E+00  0.0000E+00  0.0000E+00  0.0000E+00  0.0000E+00  0.0000E+00  0.0000E+00  0.0000E+00  0.0000E+00  0.0000E+00  0.0000E+00  0.0000E+00  0.0000E+00  0.0000E+00  0.0000E+00
      9.417  0.0000E+00  0.0000E+00  0.0000E+00  0.0000E+00  0.0000E+00  0.0000E+00  0.0000E+00  0.0000E+00  0.0000E+00  0.0000E+00  0.0000E+00  0.0000E+00  0.0000E+00  0.0000E+00  0.0000E+00  0.0000E+00  0.0000E+00  0.0000E+00
      9.428  0.0000E+00  0.0000E+00  0.0000E+00  0.0000E+00  0.0000E+00  0.0000E+00  0.0000E+00  0.0000E+00  0.0000E+00  0.0000E+00  0.0000E+00  0.0000E+00  0.0000E+00  0.0000E+00  0.0000E+00  0.0000E+00  0.0000E+00  0.0000E+00
      9.438  0.0000E+00  0.0000E+00  0.0000E+00  0.0000E+00  0.0000E+00  0.0000E+00  0.0000E+00  0.0000E+00  0.0000E+00  0.0000E+00  0.0000E+00  0.0000E+00  0.0000E+00  0.0000E+00  0.0000E+00  0.0000E+00  0.0000E+00  0.0000E+00
      9.448  0.0000E+00  0.0000E+00  0.0000E+00  0.0000E+00  0.0000E+00  0.0000E+00  0.0000E+00  0.0000E+00  0.0000E+00  0.0000E+00  0.0000E+00  0.0000E+00  0.0000E+00  0.0000E+00  0.0000E+00  0.0000E+00  0.0000E+00  0.0000E+00
      9.458  0.0000E+00  0.0000E+00  0.0000E+00  0.0000E+00  0.0000E+00  0.0000E+00  0.0000E+00  0.0000E+00  0.0000E+00  0.0000E+00  0.0000E+00  0.0000E+00  0.0000E+00  0.0000E+00  0.0000E+00  0.0000E+00  0.0000E+00  0.0000E+00
      9.468  0.0000E+00  0.0000E+00  0.0000E+00  0.0000E+00  0.0000E+00  0.0000E+00  0.0000E+00  0.0000E+00  0.0000E+00  0.0000E+00  0.0000E+00  0.0000E+00  0.0000E+00  0.0000E+00  0.0000E+00  0.0000E+00  0.0000E+00  0.0000E+00
      9.478  0.0000E+00  0.0000E+00  0.0000E+00  0.0000E+00  0.0000E+00  0.0000E+00  0.0000E+00  0.0000E+00  0.0000E+00  0.0000E+00  0.0000E+00  0.0000E+00  0.0000E+00  0.0000E+00  0.0000E+00  0.0000E+00  0.0000E+00  0.0000E+00
      9.488  0.0000E+00  0.0000E+00  0.0000E+00  0.0000E+00  0.0000E+00  0.0000E+00  0.0000E+00  0.0000E+00  0.0000E+00  0.0000E+00  0.0000E+00  0.0000E+00  0.0000E+00  0.0000E+00  0.0000E+00  0.0000E+00  0.0000E+00  0.0000E+00
      9.498  0.0000E+00  0.0000E+00  0.0000E+00  0.0000E+00  0.0000E+00  0.0000E+00  0.0000E+00  0.0000E+00  0.0000E+00  0.0000E+00  0.0000E+00  0.0000E+00  0.0000E+00  0.0000E+00  0.0000E+00  0.0000E+00  0.0000E+00  0.0000E+00
      9.508  0.0000E+00  0.0000E+00  0.0000E+00  0.0000E+00  0.0000E+00  0.0000E+00  0.0000E+00  0.0000E+00  0.0000E+00  0.0000E+00  0.0000E+00  0.0000E+00  0.0000E+00  0.0000E+00  0.0000E+00  0.0000E+00  0.0000E+00  0.0000E+00
      9.518  0.0000E+00  0.0000E+00  0.0000E+00  0.0000E+00  0.0000E+00  0.0000E+00  0.0000E+00  0.0000E+00  0.0000E+00  0.0000E+00  0.0000E+00  0.0000E+00  0.0000E+00  0.0000E+00  0.0000E+00  0.0000E+00  0.0000E+00  0.0000E+00
      9.528  0.0000E+00  0.0000E+00  0.0000E+00  0.0000E+00  0.0000E+00  0.0000E+00  0.0000E+00  0.0000E+00  0.0000E+00  0.0000E+00  0.0000E+00  0.0000E+00  0.0000E+00  0.0000E+00  0.0000E+00  0.0000E+00  0.0000E+00  0.0000E+00
      9.538  0.0000E+00  0.0000E+00  0.0000E+00  0.0000E+00  0.0000E+00  0.0000E+00  0.0000E+00  0.0000E+00  0.0000E+00  0.0000E+00  0.0000E+00  0.0000E+00  0.0000E+00  0.0000E+00  0.0000E+00  0.0000E+00  0.0000E+00  0.0000E+00
      9.548  0.0000E+00  0.0000E+00  0.0000E+00  0.0000E+00  0.0000E+00  0.0000E+00  0.0000E+00  0.0000E+00  0.0000E+00  0.0000E+00  0.0000E+00  0.0000E+00  0.0000E+00  0.0000E+00  0.0000E+00  0.0000E+00  0.0000E+00  0.0000E+00
      9.558  0.0000E+00  0.0000E+00  0.0000E+00  0.0000E+00  0.0000E+00  0.0000E+00  0.0000E+00  0.0000E+00  0.0000E+00  0.0000E+00  0.0000E+00  0.0000E+00  0.0000E+00  0.0000E+00  0.0000E+00  0.0000E+00  0.0000E+00  0.0000E+00
      9.568  0.0000E+00  0.0000E+00  0.0000E+00  0.0000E+00  0.0000E+00  0.0000E+00  0.0000E+00  0.0000E+00  0.0000E+00  0.0000E+00  0.0000E+00  0.0000E+00  0.0000E+00  0.0000E+00  0.0000E+00  0.0000E+00  0.0000E+00  0.0000E+00
      9.578  0.0000E+00  0.0000E+00  0.0000E+00  0.0000E+00  0.0000E+00  0.0000E+00  0.0000E+00  0.0000E+00  0.0000E+00  0.0000E+00  0.0000E+00  0.0000E+00  0.0000E+00  0.0000E+00  0.0000E+00  0.0000E+00  0.0000E+00  0.0000E+00
      9.588  0.0000E+00  0.0000E+00  0.0000E+00  0.0000E+00  0.0000E+00  0.0000E+00  0.0000E+00  0.0000E+00  0.0000E+00  0.0000E+00  0.0000E+00  0.0000E+00  0.0000E+00  0.0000E+00  0.0000E+00  0.0000E+00  0.0000E+00  0.0000E+00
      9.598  0.0000E+00  0.0000E+00  0.0000E+00  0.0000E+00  0.0000E+00  0.0000E+00  0.0000E+00  0.0000E+00  0.0000E+00  0.0000E+00  0.0000E+00  0.0000E+00  0.0000E+00  0.0000E+00  0.0000E+00  0.0000E+00  0.0000E+00  0.0000E+00
      9.608  0.0000E+00  0.0000E+00  0.0000E+00  0.0000E+00  0.0000E+00  0.0000E+00  0.0000E+00  0.0000E+00  0.0000E+00  0.0000E+00  0.0000E+00  0.0000E+00  0.0000E+00  0.0000E+00  0.0000E+00  0.0000E+00  0.0000E+00  0.0000E+00
      9.618  0.0000E+00  0.0000E+00  0.0000E+00  0.0000E+00  0.0000E+00  0.0000E+00  0.0000E+00  0.0000E+00  0.0000E+00  0.0000E+00  0.0000E+00  0.0000E+00  0.0000E+00  0.0000E+00  0.0000E+00  0.0000E+00  0.0000E+00  0.0000E+00
      9.628  0.0000E+00  0.0000E+00  0.0000E+00  0.0000E+00  0.0000E+00  0.0000E+00  0.0000E+00  0.0000E+00  0.0000E+00  0.0000E+00  0.0000E+00  0.0000E+00  0.0000E+00  0.0000E+00  0.0000E+00  0.0000E+00  0.0000E+00  0.0000E+00
      9.638  0.0000E+00  0.0000E+00  0.0000E+00  0.0000E+00  0.0000E+00  0.0000E+00  0.0000E+00  0.0000E+00  0.0000E+00  0.0000E+00  0.0000E+00  0.0000E+00  0.0000E+00  0.0000E+00  0.0000E+00  0.0000E+00  0.0000E+00  0.0000E+00
      9.648  0.0000E+00  0.0000E+00  0.0000E+00  0.0000E+00  0.0000E+00  0.0000E+00  0.0000E+00  0.0000E+00  0.0000E+00  0.0000E+00  0.0000E+00  0.0000E+00  0.0000E+00  0.0000E+00  0.0000E+00  0.0000E+00  0.0000E+00  0.0000E+00
      9.658  0.0000E+00  0.0000E+00  0.0000E+00  0.0000E+00  0.0000E+00  0.0000E+00  0.0000E+00  0.0000E+00  0.0000E+00  0.0000E+00  0.0000E+00  0.0000E+00  0.0000E+00  0.0000E+00  0.0000E+00  0.0000E+00  0.0000E+00  0.0000E+00
      9.668  0.0000E+00  0.0000E+00  0.0000E+00  0.0000E+00  0.0000E+00  0.0000E+00  0.0000E+00  0.0000E+00  0.0000E+00  0.0000E+00  0.0000E+00  0.0000E+00  0.0000E+00  0.0000E+00  0.0000E+00  0.0000E+00  0.0000E+00  0.0000E+00
      9.678  0.0000E+00  0.0000E+00  0.0000E+00  0.0000E+00  0.0000E+00  0.0000E+00  0.0000E+00  0.0000E+00  0.0000E+00  0.0000E+00  0.0000E+00  0.0000E+00  0.0000E+00  0.0000E+00  0.0000E+00  0.0000E+00  0.0000E+00  0.0000E+00
      9.688  0.0000E+00  0.0000E+00  0.0000E+00  0.0000E+00  0.0000E+00  0.0000E+00  0.0000E+00  0.0000E+00  0.0000E+00  0.0000E+00  0.0000E+00  0.0000E+00  0.0000E+00  0.0000E+00  0.0000E+00  0.0000E+00  0.0000E+00  0.0000E+00
      9.698  0.0000E+00  0.0000E+00  0.0000E+00  0.0000E+00  0.0000E+00  0.0000E+00  0.0000E+00  0.0000E+00  0.0000E+00  0.0000E+00  0.0000E+00  0.0000E+00  0.0000E+00  0.0000E+00  0.0000E+00  0.0000E+00  0.0000E+00  0.0000E+00
      9.708  0.0000E+00  0.0000E+00  0.0000E+00  0.0000E+00  0.0000E+00  0.0000E+00  0.0000E+00  0.0000E+00  0.0000E+00  0.0000E+00  0.0000E+00  0.0000E+00  0.0000E+00  0.0000E+00  0.0000E+00  0.0000E+00  0.0000E+00  0.0000E+00
      9.718  0.0000E+00  0.0000E+00  0.0000E+00  0.0000E+00  0.0000E+00  0.0000E+00  0.0000E+00  0.0000E+00  0.0000E+00  0.0000E+00  0.0000E+00  0.0000E+00  0.0000E+00  0.0000E+00  0.0000E+00  0.0000E+00  0.0000E+00  0.0000E+00
      9.728  0.0000E+00  0.0000E+00  0.0000E+00  0.0000E+00  0.0000E+00  0.0000E+00  0.0000E+00  0.0000E+00  0.0000E+00  0.0000E+00  0.0000E+00  0.0000E+00  0.0000E+00  0.0000E+00  0.0000E+00  0.0000E+00  0.0000E+00  0.0000E+00
      9.738  0.0000E+00  0.0000E+00  0.0000E+00  0.0000E+00  0.0000E+00  0.0000E+00  0.0000E+00  0.0000E+00  0.0000E+00  0.0000E+00  0.0000E+00  0.0000E+00  0.0000E+00  0.0000E+00  0.0000E+00  0.0000E+00  0.0000E+00  0.0000E+00
      9.748  0.0000E+00  0.0000E+00  0.0000E+00  0.0000E+00  0.0000E+00  0.0000E+00  0.0000E+00  0.0000E+00  0.0000E+00  0.0000E+00  0.0000E+00  0.0000E+00  0.0000E+00  0.0000E+00  0.0000E+00  0.0000E+00  0.0000E+00  0.0000E+00
      9.758  0.0000E+00  0.0000E+00  0.0000E+00  0.0000E+00  0.0000E+00  0.0000E+00  0.0000E+00  0.0000E+00  0.0000E+00  0.0000E+00  0.0000E+00  0.0000E+00  0.0000E+00  0.0000E+00  0.0000E+00  0.0000E+00  0.0000E+00  0.0000E+00
      9.768  0.0000E+00  0.0000E+00  0.0000E+00  0.0000E+00  0.0000E+00  0.0000E+00  0.0000E+00  0.0000E+00  0.0000E+00  0.0000E+00  0.0000E+00  0.0000E+00  0.0000E+00  0.0000E+00  0.0000E+00  0.0000E+00  0.0000E+00  0.0000E+00
      9.778  0.0000E+00  0.0000E+00  0.0000E+00  0.0000E+00  0.0000E+00  0.0000E+00  0.0000E+00  0.0000E+00  0.0000E+00  0.0000E+00  0.0000E+00  0.0000E+00  0.0000E+00  0.0000E+00  0.0000E+00  0.0000E+00  0.0000E+00  0.0000E+00
      9.788  0.0000E+00  0.0000E+00  0.0000E+00  0.0000E+00  0.0000E+00  0.0000E+00  0.0000E+00  0.0000E+00  0.0000E+00  0.0000E+00  0.0000E+00  0.0000E+00  0.0000E+00  0.0000E+00  0.0000E+00  0.0000E+00  0.0000E+00  0.0000E+00
      9.798  0.0000E+00  0.0000E+00  0.0000E+00  0.0000E+00  0.0000E+00  0.0000E+00  0.0000E+00  0.0000E+00  0.0000E+00  0.0000E+00  0.0000E+00  0.0000E+00  0.0000E+00  0.0000E+00  0.0000E+00  0.0000E+00  0.0000E+00  0.0000E+00
      9.808  0.0000E+00  0.0000E+00  0.0000E+00  0.0000E+00  0.0000E+00  0.0000E+00  0.0000E+00  0.0000E+00  0.0000E+00  0.0000E+00  0.0000E+00  0.0000E+00  0.0000E+00  0.0000E+00  0.0000E+00  0.0000E+00  0.0000E+00  0.0000E+00
      9.818  0.0000E+00  0.0000E+00  0.0000E+00  0.0000E+00  0.0000E+00  0.0000E+00  0.0000E+00  0.0000E+00  0.0000E+00  0.0000E+00  0.0000E+00  0.0000E+00  0.0000E+00  0.0000E+00  0.0000E+00  0.0000E+00  0.0000E+00  0.0000E+00
      9.828  0.0000E+00  0.0000E+00  0.0000E+00  0.0000E+00  0.0000E+00  0.0000E+00  0.0000E+00  0.0000E+00  0.0000E+00  0.0000E+00  0.0000E+00  0.0000E+00  0.0000E+00  0.0000E+00  0.0000E+00  0.0000E+00  0.0000E+00  0.0000E+00
      9.838  0.0000E+00  0.0000E+00  0.0000E+00  0.0000E+00  0.0000E+00  0.0000E+00  0.0000E+00  0.0000E+00  0.0000E+00  0.0000E+00  0.0000E+00  0.0000E+00  0.0000E+00  0.0000E+00  0.0000E+00  0.0000E+00  0.0000E+00  0.0000E+00
      9.848  0.0000E+00  0.0000E+00  0.0000E+00  0.0000E+00  0.0000E+00  0.0000E+00  0.0000E+00  0.0000E+00  0.0000E+00  0.0000E+00  0.0000E+00  0.0000E+00  0.0000E+00  0.0000E+00  0.0000E+00  0.0000E+00  0.0000E+00  0.0000E+00
      9.858  0.0000E+00  0.0000E+00  0.0000E+00  0.0000E+00  0.0000E+00  0.0000E+00  0.0000E+00  0.0000E+00  0.0000E+00  0.0000E+00  0.0000E+00  0.0000E+00  0.0000E+00  0.0000E+00  0.0000E+00  0.0000E+00  0.0000E+00  0.0000E+00
      9.868  0.0000E+00  0.0000E+00  0.0000E+00  0.0000E+00  0.0000E+00  0.0000E+00  0.0000E+00  0.0000E+00  0.0000E+00  0.0000E+00  0.0000E+00  0.0000E+00  0.0000E+00  0.0000E+00  0.0000E+00  0.0000E+00  0.0000E+00  0.0000E+00
      9.878  0.0000E+00  0.0000E+00  0.0000E+00  0.0000E+00  0.0000E+00  0.0000E+00  0.0000E+00  0.0000E+00  0.0000E+00  0.0000E+00  0.0000E+00  0.0000E+00  0.0000E+00  0.0000E+00  0.0000E+00  0.0000E+00  0.0000E+00  0.0000E+00
      9.888  0.0000E+00  0.0000E+00  0.0000E+00  0.0000E+00  0.0000E+00  0.0000E+00  0.0000E+00  0.0000E+00  0.0000E+00  0.0000E+00  0.0000E+00  0.0000E+00  0.0000E+00  0.0000E+00  0.0000E+00  0.0000E+00  0.0000E+00  0.0000E+00
      9.898  0.0000E+00  0.0000E+00  0.0000E+00  0.0000E+00  0.0000E+00  0.0000E+00  0.0000E+00  0.0000E+00  0.0000E+00  0.0000E+00  0.0000E+00  0.0000E+00  0.0000E+00  0.0000E+00  0.0000E+00  0.0000E+00  0.0000E+00  0.0000E+00
      9.908  0.0000E+00  0.0000E+00  0.0000E+00  0.0000E+00  0.0000E+00  0.0000E+00  0.0000E+00  0.0000E+00  0.0000E+00  0.0000E+00  0.0000E+00  0.0000E+00  0.0000E+00  0.0000E+00  0.0000E+00  0.0000E+00  0.0000E+00  0.0000E+00
      9.918  0.0000E+00  0.0000E+00  0.0000E+00  0.0000E+00  0.0000E+00  0.0000E+00  0.0000E+00  0.0000E+00  0.0000E+00  0.0000E+00  0.0000E+00  0.0000E+00  0.0000E+00  0.0000E+00  0.0000E+00  0.0000E+00  0.0000E+00  0.0000E+00
      9.928  0.0000E+00  0.0000E+00  0.0000E+00  0.0000E+00  0.0000E+00  0.0000E+00  0.0000E+00  0.0000E+00  0.0000E+00  0.0000E+00  0.0000E+00  0.0000E+00  0.0000E+00  0.0000E+00  0.0000E+00  0.0000E+00  0.0000E+00  0.0000E+00
      9.938  0.0000E+00  0.0000E+00  0.0000E+00  0.0000E+00  0.0000E+00  0.0000E+00  0.0000E+00  0.0000E+00  0.0000E+00  0.0000E+00  0.0000E+00  0.0000E+00  0.0000E+00  0.0000E+00  0.0000E+00  0.0000E+00  0.0000E+00  0.0000E+00
      9.948  0.0000E+00  0.0000E+00  0.0000E+00  0.0000E+00  0.0000E+00  0.0000E+00  0.0000E+00  0.0000E+00  0.0000E+00  0.0000E+00  0.0000E+00  0.0000E+00  0.0000E+00  0.0000E+00  0.0000E+00  0.0000E+00  0.0000E+00  0.0000E+00
      9.958  0.0000E+00  0.0000E+00  0.0000E+00  0.0000E+00  0.0000E+00  0.0000E+00  0.0000E+00  0.0000E+00  0.0000E+00  0.0000E+00  0.0000E+00  0.0000E+00  0.0000E+00  0.0000E+00  0.0000E+00  0.0000E+00  0.0000E+00  0.0000E+00
      9.968  0.0000E+00  0.0000E+00  0.0000E+00  0.0000E+00  0.0000E+00  0.0000E+00  0.0000E+00  0.0000E+00  0.0000E+00  0.0000E+00  0.0000E+00  0.0000E+00  0.0000E+00  0.0000E+00  0.0000E+00  0.0000E+00  0.0000E+00  0.0000E+00
      9.978  0.0000E+00  0.0000E+00  0.0000E+00  0.0000E+00  0.0000E+00  0.0000E+00  0.0000E+00  0.0000E+00  0.0000E+00  0.0000E+00  0.0000E+00  0.0000E+00  0.0000E+00  0.0000E+00  0.0000E+00  0.0000E+00  0.0000E+00  0.0000E+00
      9.988  0.0000E+00  0.0000E+00  0.0000E+00  0.0000E+00  0.0000E+00  0.0000E+00  0.0000E+00  0.0000E+00  0.0000E+00  0.0000E+00  0.0000E+00  0.0000E+00  0.0000E+00  0.0000E+00  0.0000E+00  0.0000E+00  0.0000E+00  0.0000E+00
      9.998  0.0000E+00  0.0000E+00  0.0000E+00  0.0000E+00  0.0000E+00  0.0000E+00  0.0000E+00  0.0000E+00  0.0000E+00  0.0000E+00  0.0000E+00  0.0000E+00  0.0000E+00  0.0000E+00  0.0000E+00  0.0000E+00  0.0000E+00  0.0000E+00
      10.008  0.0000E+00  0.0000E+00  0.0000E+00  0.0000E+00  0.0000E+00  0.0000E+00  0.0000E+00  0.0000E+00  0.0000E+00  0.0000E+00  0.0000E+00  0.0000E+00  0.0000E+00  0.0000E+00  0.0000E+00  0.0000E+00  0.0000E+00  0.0000E+00
      10.018  0.0000E+00  0.0000E+00  0.0000E+00  0.0000E+00  0.0000E+00  0.0000E+00  0.0000E+00  0.0000E+00  0.0000E+00  0.0000E+00  0.0000E+00  0.0000E+00  0.0000E+00  0.0000E+00  0.0000E+00  0.0000E+00  0.0000E+00  0.0000E+00
      10.028  0.0000E+00  0.0000E+00  0.0000E+00  0.0000E+00  0.0000E+00  0.0000E+00  0.0000E+00  0.0000E+00  0.0000E+00  0.0000E+00  0.0000E+00  0.0000E+00  0.0000E+00  0.0000E+00  0.0000E+00  0.0000E+00  0.0000E+00  0.0000E+00
      10.038  0.0000E+00  0.0000E+00  0.0000E+00  0.0000E+00  0.0000E+00  0.0000E+00  0.0000E+00  0.0000E+00  0.0000E+00  0.0000E+00  0.0000E+00  0.0000E+00  0.0000E+00  0.0000E+00  0.0000E+00  0.0000E+00  0.0000E+00  0.0000E+00
      10.048  0.0000E+00  0.0000E+00  0.0000E+00  0.0000E+00  0.0000E+00  0.0000E+00  0.0000E+00  0.0000E+00  0.0000E+00  0.0000E+00  0.0000E+00  0.0000E+00  0.0000E+00  0.0000E+00  0.0000E+00  0.0000E+00  0.0000E+00  0.0000E+00
      10.058  0.0000E+00  0.0000E+00  0.0000E+00  0.0000E+00  0.0000E+00  0.0000E+00  0.0000E+00  0.0000E+00  0.0000E+00  0.0000E+00  0.0000E+00  0.0000E+00  0.0000E+00  0.0000E+00  0.0000E+00  0.0000E+00  0.0000E+00  0.0000E+00
      10.068  0.0000E+00  0.0000E+00  0.0000E+00  0.0000E+00  0.0000E+00  0.0000E+00  0.0000E+00  0.0000E+00  0.0000E+00  0.0000E+00  0.0000E+00  0.0000E+00  0.0000E+00  0.0000E+00  0.0000E+00  0.0000E+00  0.0000E+00  0.0000E+00
      10.078  0.0000E+00  0.0000E+00  0.0000E+00  0.0000E+00  0.0000E+00  0.0000E+00  0.0000E+00  0.0000E+00  0.0000E+00  0.0000E+00  0.0000E+00  0.0000E+00  0.0000E+00  0.0000E+00  0.0000E+00  0.0000E+00  0.0000E+00  0.0000E+00
      10.088  0.0000E+00  0.0000E+00  0.0000E+00  0.0000E+00  0.0000E+00  0.0000E+00  0.0000E+00  0.0000E+00  0.0000E+00  0.0000E+00  0.0000E+00  0.0000E+00  0.0000E+00  0.0000E+00  0.0000E+00  0.0000E+00  0.0000E+00  0.0000E+00
      10.098  0.0000E+00  0.0000E+00  0.0000E+00  0.0000E+00  0.0000E+00  0.0000E+00  0.0000E+00  0.0000E+00  0.0000E+00  0.0000E+00  0.0000E+00  0.0000E+00  0.0000E+00  0.0000E+00  0.0000E+00  0.0000E+00  0.0000E+00  0.0000E+00
      10.108  0.0000E+00  0.0000E+00  0.0000E+00  0.0000E+00  0.0000E+00  0.0000E+00  0.0000E+00  0.0000E+00  0.0000E+00  0.0000E+00  0.0000E+00  0.0000E+00  0.0000E+00  0.0000E+00  0.0000E+00  0.0000E+00  0.0000E+00  0.0000E+00
      10.118  0.0000E+00  0.0000E+00  0.0000E+00  0.0000E+00  0.0000E+00  0.0000E+00  0.0000E+00  0.0000E+00  0.0000E+00  0.0000E+00  0.0000E+00  0.0000E+00  0.0000E+00  0.0000E+00  0.0000E+00  0.0000E+00  0.0000E+00  0.0000E+00
