      7.00000000     -7.00000000 1400     -3.22156105      1.00000000
     -3.778  0.5729E-01  0.2393E-01  0.3977E-03  0.4919E-03  0.8776E-02  0.5980E-02  0.6196E-03  0.9081E-03  0.1726E-02  0.2848E-03  0.2421E-01  0.1500E-01  0.3678E+00  0.6055E-01  0.5210E-01  0.1892E-01  0.2300E-02  0.1485E-02
     -3.768  0.6771E-01  0.8424E-02  0.4441E-03  0.1930E-03  0.1035E-01  0.2144E-02  0.7033E-03  0.2384E-03  0.1881E-02  0.9976E-04  0.2734E-01  0.5817E-02  0.4441E+00  0.2246E-01  0.5907E-01  0.5069E-02  0.2622E-02  0.4532E-03
     -3.758  0.7626E-01  0.5101E-02  0.5241E-03  0.1144E-03  0.1160E-01  0.1278E-02  0.8615E-03  0.1243E-03  0.2100E-02  0.5386E-04  0.3298E-01  0.3470E-02  0.5103E+00  0.1343E-01  0.7292E-01  0.2668E-02  0.3221E-02  0.2288E-03
     -3.748  0.1561E+00  0.2109E-01  0.1865E-02  0.3420E-03  0.2347E-01  0.5103E-02  0.2814E-02  0.2931E-03  0.5694E-02  0.1041E-03  0.1203E+00  0.1140E-01  0.1083E+01  0.5190E-01  0.2394E+00  0.6929E-02  0.1116E-01  0.4181E-03
     -3.738  0.4147E-01  0.2057E-01  0.3006E-03  0.3288E-03  0.6205E-02  0.4954E-02  0.4336E-03  0.3088E-03  0.1733E-02  0.1022E-03  0.2169E-01  0.1103E-01  0.2876E+00  0.5059E-01  0.3969E-01  0.7218E-02  0.2127E-02  0.4356E-03
     -3.728  0.3290E-01  0.2016E-01  0.3140E-03  0.3180E-03  0.4902E-02  0.4835E-02  0.3840E-03  0.3212E-03  0.1881E-02  0.1002E-03  0.2312E-01  0.1075E-01  0.2289E+00  0.4961E-01  0.3588E-01  0.7447E-02  0.1821E-02  0.4504E-03
     -3.718  0.2650E-01  0.2010E-01  0.3121E-03  0.3124E-03  0.3933E-02  0.4802E-02  0.3390E-03  0.3321E-03  0.1900E-02  0.9888E-04  0.2322E-01  0.1063E-01  0.1850E+00  0.4949E-01  0.3202E-01  0.7667E-02  0.1556E-02  0.4635E-03
     -3.708  0.2140E-01  0.2064E-01  0.2932E-03  0.3115E-03  0.3162E-02  0.4908E-02  0.2946E-03  0.3431E-03  0.1800E-02  0.9766E-04  0.2202E-01  0.1071E-01  0.1503E+00  0.5080E-01  0.2809E-01  0.7934E-02  0.1326E-02  0.4778E-03
     -3.698  0.3527E-01  0.2146E-01  0.8368E-03  0.3209E-03  0.5393E-02  0.5083E-02  0.1259E-02  0.3496E-03  0.2918E-02  0.9705E-04  0.5954E-01  0.1111E-01  0.2910E+00  0.5286E-01  0.1080E+00  0.8116E-02  0.7375E-02  0.5034E-03
     -3.688  0.3686E-01  0.3142E-01  0.1002E-02  0.5196E-03  0.5670E-02  0.7398E-02  0.1521E-02  0.5283E-03  0.3362E-02  0.1262E-03  0.7148E-01  0.1776E-01  0.3160E+00  0.7748E-01  0.1294E+00  0.1203E-01  0.8768E-02  0.9098E-03
     -3.678  0.3661E-01  0.4542E-01  0.1040E-02  0.7359E-03  0.5660E-02  0.1067E-01  0.1568E-02  0.6696E-03  0.3672E-02  0.1492E-03  0.7485E-01  0.2526E-01  0.3237E+00  0.1120E+00  0.1327E+00  0.1557E-01  0.8633E-02  0.1229E-02
     -3.668  0.3653E-01  0.4565E-01  0.1076E-02  0.6970E-03  0.5673E-02  0.1073E-01  0.1621E-02  0.6477E-03  0.3960E-02  0.1458E-03  0.7803E-01  0.2430E-01  0.3325E+00  0.1132E+00  0.1364E+00  0.1524E-01  0.8540E-02  0.1142E-02
     -3.658  0.4615E-01  0.4146E-01  0.1259E-02  0.6396E-03  0.7280E-02  0.9729E-02  0.2041E-02  0.5382E-03  0.5003E-02  0.1350E-03  0.9147E-01  0.2233E-01  0.4414E+00  0.1030E+00  0.1672E+00  0.1292E-01  0.9476E-02  0.9763E-03
     -3.648  0.4274E-01  0.3764E-01  0.1392E-02  0.5867E-03  0.6741E-02  0.8822E-02  0.2141E-02  0.4336E-03  0.5009E-02  0.1276E-03  0.1010E+00  0.2052E-01  0.4136E+00  0.9373E-01  0.1752E+00  0.1071E-01  0.9588E-02  0.8164E-03
     -3.638  0.3068E-01  0.3507E-01  0.1427E-02  0.5418E-03  0.4783E-02  0.8216E-02  0.1826E-02  0.3470E-03  0.4517E-02  0.1187E-03  0.1048E+00  0.1917E-01  0.2964E+00  0.8783E-01  0.1524E+00  0.8923E-02  0.8679E-02  0.6840E-03
     -3.628  0.2189E-01  0.3340E-01  0.1525E-02  0.5056E-03  0.3353E-02  0.7825E-02  0.1643E-02  0.2901E-03  0.4486E-02  0.1074E-03  0.1133E+00  0.1813E-01  0.2115E+00  0.8421E-01  0.1401E+00  0.7772E-02  0.8322E-02  0.5943E-03
     -3.618  0.1997E-01  0.3344E-01  0.1661E-02  0.5122E-03  0.3005E-02  0.7836E-02  0.1709E-02  0.3120E-03  0.4691E-02  0.1168E-03  0.1245E+00  0.1838E-01  0.1940E+00  0.8537E-01  0.1487E+00  0.8237E-02  0.8811E-02  0.6642E-03
     -3.608  0.2118E-01  0.3386E-01  0.1880E-02  0.5320E-03  0.3096E-02  0.7933E-02  0.2043E-02  0.3436E-03  0.5402E-02  0.1300E-03  0.1424E+00  0.1904E-01  0.2044E+00  0.8752E-01  0.1832E+00  0.8901E-02  0.1004E-01  0.7639E-03
     -3.598  0.2883E-01  0.3388E-01  0.2412E-02  0.5667E-03  0.4052E-02  0.7940E-02  0.3315E-02  0.3648E-03  0.7800E-02  0.1511E-03  0.1843E+00  0.2007E-01  0.2717E+00  0.8885E-01  0.3084E+00  0.9278E-02  0.1408E-01  0.8811E-03
     -3.588  0.3482E-01  0.2734E-01  0.2491E-02  0.4794E-03  0.4827E-02  0.6401E-02  0.4385E-02  0.3177E-03  0.8722E-02  0.1624E-03  0.1909E+00  0.1681E-01  0.3249E+00  0.7263E-01  0.4132E+00  0.7981E-02  0.1687E-01  0.7572E-03
     -3.578  0.3031E-01  0.2584E-01  0.2269E-02  0.5251E-03  0.4236E-02  0.6070E-02  0.3272E-02  0.2802E-03  0.8103E-02  0.2101E-03  0.1777E+00  0.1805E-01  0.2957E+00  0.7117E-01  0.3084E+00  0.7009E-02  0.1373E-01  0.8125E-03
     -3.568  0.1876E-01  0.3584E-01  0.1289E-02  0.7377E-03  0.2650E-02  0.8465E-02  0.1397E-02  0.2673E-03  0.5030E-02  0.2330E-03  0.1047E+00  0.2565E-01  0.1894E+00  0.1018E+00  0.1360E+00  0.6973E-02  0.6334E-02  0.1088E-02
     -3.558  0.2164E-01  0.2726E-01  0.2085E-02  0.5113E-03  0.3027E-02  0.6381E-02  0.1528E-02  0.4641E-03  0.1041E-01  0.1508E-03  0.1782E+00  0.1818E-01  0.2311E+00  0.7716E-01  0.1523E+00  0.1068E-01  0.6511E-02  0.1307E-02
     -3.548  0.1789E-01  0.2671E-01  0.1743E-02  0.5676E-03  0.2522E-02  0.6175E-02  0.1358E-02  0.1140E-02  0.7644E-02  0.1470E-03  0.1511E+00  0.1875E-01  0.1974E+00  0.7459E-01  0.1362E+00  0.2542E-01  0.6229E-02  0.2992E-02
     -3.538  0.1938E-01  0.3517E-01  0.2001E-02  0.8013E-03  0.2712E-02  0.8123E-02  0.1483E-02  0.1266E-02  0.8263E-02  0.1531E-03  0.1741E+00  0.2686E-01  0.2145E+00  0.9893E-01  0.1489E+00  0.2822E-01  0.7058E-02  0.3677E-02
     -3.528  0.2431E-01  0.8472E-01  0.2394E-02  0.2173E-02  0.3363E-02  0.1937E-01  0.1719E-02  0.1465E-02  0.9616E-02  0.2785E-03  0.2087E+00  0.7421E-01  0.2627E+00  0.2336E+00  0.1721E+00  0.3306E-01  0.8220E-02  0.5935E-02
     -3.518  0.2828E-01  0.7393E-01  0.3186E-02  0.1532E-02  0.3856E-02  0.1696E-01  0.2404E-02  0.8767E-03  0.1313E-01  0.1833E-03  0.2793E+00  0.5562E-01  0.3134E+00  0.2079E+00  0.2448E+00  0.2040E-01  0.1139E-01  0.3779E-02
     -3.508  0.2688E-01  0.7108E-01  0.3875E-02  0.1391E-02  0.3652E-02  0.1624E-01  0.2810E-02  0.4311E-03  0.1559E-01  0.1248E-03  0.3429E+00  0.5260E-01  0.3241E+00  0.2006E+00  0.2902E+00  0.1015E-01  0.1391E-01  0.2722E-02
     -3.498  0.2543E-01  0.1044E+00  0.4309E-02  0.2073E-02  0.3455E-02  0.2406E-01  0.2894E-02  0.5931E-03  0.1769E-01  0.1685E-03  0.3866E+00  0.7881E-01  0.3302E+00  0.3026E+00  0.3050E+00  0.1317E-01  0.1498E-01  0.4280E-02
     -3.488  0.2435E-01  0.9317E-01  0.4828E-02  0.1811E-02  0.3322E-02  0.2153E-01  0.3117E-02  0.5711E-03  0.2100E-01  0.1625E-03  0.4396E+00  0.6981E-01  0.3457E+00  0.2746E+00  0.3355E+00  0.1241E-01  0.1619E-01  0.3907E-02
     -3.478  0.2725E-01  0.6108E-01  0.6959E-02  0.1208E-02  0.3879E-02  0.1417E-01  0.3721E-02  0.4499E-03  0.2882E-01  0.1369E-03  0.6415E+00  0.4674E-01  0.4653E+00  0.1832E+00  0.4068E+00  0.9468E-02  0.2152E-01  0.2760E-02
     -3.468  0.1416E-01  0.5794E-01  0.2565E-02  0.1235E-02  0.1844E-02  0.1347E-01  0.2259E-02  0.4414E-03  0.1948E-01  0.2066E-03  0.2507E+00  0.4711E-01  0.2078E+00  0.1761E+00  0.2553E+00  0.9260E-02  0.8501E-02  0.2641E-02
     -3.458  0.1679E-01  0.5276E-01  0.3042E-02  0.1130E-02  0.2176E-02  0.1224E-01  0.2596E-02  0.4688E-03  0.2394E-01  0.2031E-03  0.3020E+00  0.4315E-01  0.2534E+00  0.1616E+00  0.2985E+00  0.1011E-01  0.1020E-01  0.2480E-02
     -3.448  0.1972E-01  0.8091E-01  0.3732E-02  0.1681E-02  0.2563E-02  0.1862E-01  0.3028E-02  0.8675E-03  0.2970E-01  0.3866E-03  0.3744E+00  0.6450E-01  0.3114E+00  0.2473E+00  0.3526E+00  0.1939E-01  0.1245E-01  0.3979E-02
     -3.438  0.2632E-01  0.5644E-01  0.6427E-02  0.1400E-02  0.3477E-02  0.1296E-01  0.4390E-02  0.6502E-03  0.4774E-01  0.2437E-03  0.6441E+00  0.5260E-01  0.4644E+00  0.1743E+00  0.5152E+00  0.1392E-01  0.2092E-01  0.3368E-02
     -3.428  0.2223E-01  0.4009E-01  0.5639E-02  0.9794E-03  0.3084E-02  0.9322E-02  0.3062E-02  0.5748E-03  0.4650E-01  0.1050E-03  0.5841E+00  0.3710E-01  0.4483E+00  0.1290E+00  0.3631E+00  0.1189E-01  0.1340E-01  0.2791E-02
     -3.418  0.2207E-01  0.4634E-01  0.6224E-02  0.1108E-02  0.3117E-02  0.1077E-01  0.3136E-02  0.6370E-03  0.5291E-01  0.1173E-03  0.6532E+00  0.4238E-01  0.4813E+00  0.1497E+00  0.3754E+00  0.1312E-01  0.1356E-01  0.3160E-02
     -3.408  0.1961E-01  0.5164E-01  0.5448E-02  0.1215E-02  0.2527E-02  0.1199E-01  0.3435E-02  0.6923E-03  0.4586E-01  0.1307E-03  0.5706E+00  0.4678E-01  0.3666E+00  0.1673E+00  0.4218E+00  0.1422E-01  0.1459E-01  0.3474E-02
     -3.398  0.1671E-01  0.5586E-01  0.4888E-02  0.1273E-02  0.2040E-02  0.1293E-01  0.3155E-02  0.7453E-03  0.4207E-01  0.1431E-03  0.5173E+00  0.4940E-01  0.2911E+00  0.1806E+00  0.3951E+00  0.1555E-01  0.1287E-01  0.3636E-02
     -3.388  0.1363E-01  0.4228E-01  0.4510E-02  0.1082E-02  0.1638E-02  0.9709E-02  0.2823E-02  0.7959E-03  0.4226E-01  0.1310E-03  0.4905E+00  0.4076E-01  0.2498E+00  0.1358E+00  0.3643E+00  0.1702E-01  0.1020E-01  0.3342E-02
     -3.378  0.1232E-01  0.3234E-01  0.5415E-02  0.8743E-03  0.1450E-02  0.7382E-02  0.2880E-02  0.6686E-03  0.5006E-01  0.1179E-03  0.5960E+00  0.3254E-01  0.2509E+00  0.1034E+00  0.3838E+00  0.1427E-01  0.1070E-01  0.2698E-02
     -3.368  0.8037E-02  0.2789E-01  0.4498E-02  0.7433E-03  0.9581E-03  0.6323E-02  0.2496E-02  0.5194E-03  0.4350E-01  0.1172E-03  0.5053E+00  0.2779E-01  0.1921E+00  0.8854E-01  0.3421E+00  0.1106E-01  0.9197E-02  0.2119E-02
     -3.358  0.7551E-02  0.2843E-01  0.4670E-02  0.7282E-03  0.8744E-03  0.6371E-02  0.2512E-02  0.5016E-03  0.4563E-01  0.1557E-03  0.5292E+00  0.2745E-01  0.1830E+00  0.8920E-01  0.3519E+00  0.1105E-01  0.9425E-02  0.1904E-02
     -3.348  0.8511E-02  0.3225E-01  0.8693E-02  0.7347E-03  0.8899E-03  0.7095E-02  0.3337E-02  0.6682E-03  0.7258E-01  0.2063E-03  0.9769E+00  0.2793E-01  0.2229E+00  0.9843E-01  0.4707E+00  0.1584E-01  0.1756E-01  0.1906E-02
     -3.338  0.9746E-02  0.3109E-01  0.1283E-01  0.7028E-03  0.9336E-03  0.6768E-02  0.4003E-02  0.7378E-03  0.1027E+00  0.2252E-03  0.1444E+01  0.2641E-01  0.2707E+00  0.9345E-01  0.5723E+00  0.1791E-01  0.2466E-01  0.1805E-02
     -3.328  0.1020E-01  0.2982E-01  0.1153E-01  0.6703E-03  0.8998E-03  0.6424E-02  0.4108E-02  0.8045E-03  0.1023E+00  0.2422E-03  0.1317E+01  0.2485E-01  0.2426E+00  0.8838E-01  0.6142E+00  0.1987E-01  0.2029E-01  0.1710E-02
     -3.318  0.9642E-02  0.2854E-01  0.8886E-02  0.6293E-03  0.7895E-03  0.6079E-02  0.3789E-02  0.8645E-03  0.8780E-01  0.2526E-03  0.1032E+01  0.2305E-01  0.1866E+00  0.8347E-01  0.5926E+00  0.2170E-01  0.1433E-01  0.1629E-02
     -3.308  0.9780E-02  0.2640E-01  0.8009E-02  0.5680E-03  0.7496E-03  0.5541E-02  0.3946E-02  0.9196E-03  0.8700E-01  0.2639E-03  0.9444E+00  0.2008E-01  0.1649E+00  0.7590E-01  0.6347E+00  0.2372E-01  0.1198E-01  0.1435E-02
     -3.298  0.1001E-01  0.2204E-01  0.7759E-02  0.3924E-03  0.7103E-03  0.4536E-02  0.4318E-02  0.8672E-03  0.8957E-01  0.1739E-03  0.9236E+00  0.1399E-01  0.1482E+00  0.6120E-01  0.7038E+00  0.2285E-01  0.1137E-01  0.1174E-02
     -3.288  0.1041E-01  0.2077E-01  0.7529E-02  0.3023E-03  0.6986E-03  0.4239E-02  0.4845E-02  0.8659E-03  0.9353E-01  0.1586E-03  0.9061E+00  0.1107E-01  0.1380E+00  0.5689E-01  0.7948E+00  0.2297E-01  0.1075E-01  0.1039E-02
     -3.278  0.1090E-01  0.1282E+00  0.7265E-02  0.1804E-02  0.6985E-03  0.2634E-01  0.5443E-02  0.8199E-03  0.9784E-01  0.3939E-03  0.8853E+00  0.8226E-01  0.1295E+00  0.3682E+00  0.8965E+00  0.2755E-01  0.1007E-01  0.2488E-02
     -3.268  0.1046E-01  0.1100E+00  0.5839E-02  0.1488E-02  0.6828E-03  0.2253E-01  0.5128E-02  0.7949E-03  0.8709E-01  0.3387E-03  0.7260E+00  0.6861E-01  0.1137E+00  0.3161E+00  0.8533E+00  0.2626E-01  0.8241E-02  0.2176E-02
     -3.258  0.9255E-02  0.9110E-01  0.4668E-02  0.1181E-02  0.6270E-03  0.1858E-01  0.5614E-02  0.8033E-03  0.8555E-01  0.2925E-03  0.6107E+00  0.5474E-01  0.1205E+00  0.2616E+00  0.9365E+00  0.2589E-01  0.7763E-02  0.1851E-02
     -3.248  0.9834E-02  0.6594E-01  0.4332E-02  0.7998E-03  0.6711E-03  0.1332E-01  0.6179E-02  0.7630E-03  0.8783E-01  0.2461E-03  0.5787E+00  0.3712E-01  0.1234E+00  0.1873E+00  0.1038E+01  0.2412E-01  0.7942E-02  0.1348E-02
     -3.238  0.8565E-02  0.5550E-01  0.3013E-02  0.6382E-03  0.5982E-03  0.1111E-01  0.5320E-02  0.7799E-03  0.6822E-01  0.2255E-03  0.4092E+00  0.2945E-01  0.9865E-01  0.1564E+00  0.9006E+00  0.2449E-01  0.6549E-02  0.1183E-02
     -3.228  0.7905E-02  0.5054E-01  0.2759E-02  0.5543E-03  0.5500E-03  0.1004E-01  0.5314E-02  0.8263E-03  0.6507E-01  0.2135E-03  0.3763E+00  0.2533E-01  0.9149E-01  0.1415E+00  0.9008E+00  0.2588E-01  0.6353E-02  0.1139E-02
     -3.218  0.6966E-02  0.4897E-01  0.2296E-02  0.5348E-03  0.4876E-03  0.9703E-02  0.4553E-02  0.8587E-03  0.5465E-01  0.1988E-03  0.3148E+00  0.2410E-01  0.7777E-01  0.1377E+00  0.7777E+00  0.2683E-01  0.5512E-02  0.1234E-02
     -3.208  0.6496E-02  0.4853E-01  0.2018E-02  0.5318E-03  0.4589E-03  0.9617E-02  0.3997E-02  0.8588E-03  0.4724E-01  0.1832E-03  0.2785E+00  0.2384E-01  0.6888E-01  0.1376E+00  0.6892E+00  0.2687E-01  0.5192E-02  0.1320E-02
     -3.198  0.5951E-02  0.4839E-01  0.1598E-02  0.5274E-03  0.4213E-03  0.9575E-02  0.3320E-02  0.8690E-03  0.3790E-01  0.1784E-03  0.2219E+00  0.2358E-01  0.5640E-01  0.1376E+00  0.5800E+00  0.2724E-01  0.4104E-02  0.1358E-02
     -3.188  0.4993E-02  0.4788E-01  0.1093E-02  0.5153E-03  0.3608E-03  0.9457E-02  0.2639E-02  0.8818E-03  0.2635E-01  0.1762E-03  0.1508E+00  0.2299E-01  0.4359E-01  0.1363E+00  0.4644E+00  0.2767E-01  0.3741E-02  0.1372E-02
     -3.178  0.4817E-02  0.4666E-01  0.9905E-03  0.4987E-03  0.3528E-03  0.9196E-02  0.2455E-02  0.8801E-03  0.2365E-01  0.1727E-03  0.1366E+00  0.2219E-01  0.4191E-01  0.1329E+00  0.4339E+00  0.2765E-01  0.3687E-02  0.1363E-02
     -3.168  0.4660E-02  0.4506E-01  0.8829E-03  0.4803E-03  0.3511E-03  0.8858E-02  0.2134E-02  0.8699E-03  0.2008E-01  0.1684E-03  0.1223E+00  0.2131E-01  0.4011E-01  0.1284E+00  0.3794E+00  0.2737E-01  0.3601E-02  0.1342E-02
     -3.158  0.4661E-02  0.4243E-01  0.8566E-03  0.4590E-03  0.3522E-03  0.8309E-02  0.2006E-02  0.8709E-03  0.1895E-01  0.1601E-03  0.1191E+00  0.1991E-01  0.3902E-01  0.1214E+00  0.3586E+00  0.2748E-01  0.3553E-02  0.1347E-02
     -3.148  0.4732E-02  0.4048E-01  0.8545E-03  0.4399E-03  0.3576E-03  0.7898E-02  0.1914E-02  0.8709E-03  0.1831E-01  0.1582E-03  0.1193E+00  0.1878E-01  0.3859E-01  0.1159E+00  0.3441E+00  0.2757E-01  0.3558E-02  0.1333E-02
     -3.138  0.4813E-02  0.3913E-01  0.8557E-03  0.4231E-03  0.3639E-03  0.7595E-02  0.1821E-02  0.8861E-03  0.1769E-01  0.1600E-03  0.1199E+00  0.1776E-01  0.3829E-01  0.1120E+00  0.3292E+00  0.2817E-01  0.3568E-02  0.1324E-02
     -3.128  0.4809E-02  0.3927E-01  0.8448E-03  0.4154E-03  0.3639E-03  0.7586E-02  0.1725E-02  0.9190E-03  0.1690E-01  0.1641E-03  0.1186E+00  0.1735E-01  0.3777E-01  0.1124E+00  0.3132E+00  0.2934E-01  0.3570E-02  0.1331E-02
     -3.118  0.4529E-02  0.3997E-01  0.7924E-03  0.4101E-03  0.3437E-03  0.7684E-02  0.1625E-02  0.9592E-03  0.1557E-01  0.1691E-03  0.1111E+00  0.1712E-01  0.3656E-01  0.1144E+00  0.2956E+00  0.3075E-01  0.3560E-02  0.1344E-02
     -3.108  0.4275E-02  0.4070E-01  0.7422E-03  0.4039E-03  0.3256E-03  0.7788E-02  0.1535E-02  0.1001E-02  0.1425E-01  0.1738E-03  0.1038E+00  0.1686E-01  0.3569E-01  0.1164E+00  0.2801E+00  0.3221E-01  0.3591E-02  0.1356E-02
     -3.098  0.4057E-02  0.4145E-01  0.6960E-03  0.3966E-03  0.3106E-03  0.7893E-02  0.1457E-02  0.1046E-02  0.1294E-01  0.1783E-03  0.9715E-01  0.1654E-01  0.3527E-01  0.1185E+00  0.2668E+00  0.3378E-01  0.3676E-02  0.1371E-02
     -3.088  0.3879E-02  0.4208E-01  0.6603E-03  0.3857E-03  0.2993E-03  0.7967E-02  0.1403E-02  0.1113E-02  0.1164E-01  0.1827E-03  0.9212E-01  0.1597E-01  0.3525E-01  0.1204E+00  0.2586E+00  0.3611E-01  0.3842E-02  0.1416E-02
     -3.077  0.3684E-02  0.4282E-01  0.6191E-03  0.3747E-03  0.2866E-03  0.8060E-02  0.1338E-02  0.1183E-02  0.1017E-01  0.1870E-03  0.8641E-01  0.1539E-01  0.3505E-01  0.1225E+00  0.2486E+00  0.3854E-01  0.3986E-02  0.1462E-02
     -3.067  0.3864E-02  0.4347E-01  0.6285E-03  0.3609E-03  0.3009E-03  0.8135E-02  0.1310E-02  0.1249E-02  0.9560E-02  0.1887E-03  0.8837E-01  0.1469E-01  0.3613E-01  0.1244E+00  0.2462E+00  0.4088E-01  0.4181E-02  0.1499E-02
     -3.057  0.4050E-02  0.4412E-01  0.6404E-03  0.3482E-03  0.3153E-03  0.8211E-02  0.1279E-02  0.1310E-02  0.8945E-02  0.1889E-03  0.9076E-01  0.1396E-01  0.3722E-01  0.1263E+00  0.2429E+00  0.4312E-01  0.4380E-02  0.1529E-02
     -3.047  0.4527E-02  0.3503E-01  0.6733E-03  0.3119E-03  0.3506E-03  0.6485E-02  0.1256E-02  0.1203E-02  0.8508E-02  0.1724E-03  0.9651E-01  0.1136E-01  0.4068E-01  0.1009E+00  0.2416E+00  0.3925E-01  0.4694E-02  0.1536E-02
     -3.037  0.5717E-02  0.3136E-01  0.8826E-03  0.3109E-03  0.4401E-03  0.5787E-02  0.1272E-02  0.1160E-02  0.8762E-02  0.1693E-03  0.1302E+00  0.1065E-01  0.4857E-01  0.9067E-01  0.2473E+00  0.3779E-01  0.5692E-02  0.1576E-02
     -3.027  0.6500E-02  0.2772E-01  0.9072E-03  0.3123E-03  0.4957E-03  0.5104E-02  0.9446E-03  0.1109E-02  0.7569E-02  0.1673E-03  0.1375E+00  0.1012E-01  0.5482E-01  0.8062E-01  0.1890E+00  0.3605E-01  0.5412E-02  0.1617E-02
     -3.017  0.6483E-02  0.4516E-01  0.9691E-03  0.3816E-03  0.4910E-03  0.8477E-02  0.8454E-03  0.1506E-02  0.7012E-02  0.2370E-03  0.1488E+00  0.1219E-01  0.5226E-01  0.1424E+00  0.1700E+00  0.4983E-01  0.5315E-02  0.2113E-02
     -3.007  0.5688E-02  0.4943E-01  0.9921E-03  0.3896E-03  0.4280E-03  0.9254E-02  0.7320E-03  0.1598E-02  0.6202E-02  0.2843E-03  0.1542E+00  0.1295E-01  0.4286E-01  0.1582E+00  0.1485E+00  0.5295E-01  0.5060E-02  0.2317E-02
     -2.997  0.3544E-02  0.5258E-01  0.6448E-03  0.3726E-03  0.2576E-03  0.9840E-02  0.4228E-03  0.1635E-02  0.3540E-02  0.3177E-03  0.1034E+00  0.1286E-01  0.2501E-01  0.1704E+00  0.9374E-01  0.5425E-01  0.3258E-02  0.2419E-02
     -2.987  0.1873E-02  0.1500E-01  0.2244E-03  0.3037E-03  0.1257E-03  0.2700E-02  0.1961E-03  0.8313E-03  0.1645E-02  0.1399E-03  0.3732E-01  0.9053E-02  0.1449E-01  0.4616E-01  0.4978E-01  0.2687E-01  0.1533E-02  0.1679E-02
     -2.977  0.1608E-02  0.4133E-01  0.1308E-03  0.6954E-03  0.1016E-03  0.7265E-02  0.1515E-03  0.2675E-02  0.1448E-02  0.2518E-03  0.2348E-01  0.1920E-01  0.1413E-01  0.1195E+00  0.4374E-01  0.8635E-01  0.1427E-02  0.5240E-02
     -2.967  0.1929E-02  0.9425E-01  0.1616E-03  0.1542E-02  0.1210E-03  0.1647E-01  0.1889E-03  0.6183E-02  0.2212E-02  0.4924E-03  0.2976E-01  0.4184E-01  0.1822E-01  0.2680E+00  0.5618E-01  0.2002E+00  0.1858E-02  0.1211E-01
     -2.957  0.2263E-02  0.1303E+00  0.1901E-03  0.2419E-02  0.1411E-03  0.2280E-01  0.2256E-03  0.8189E-02  0.2972E-02  0.7334E-03  0.3568E-01  0.6979E-01  0.2239E-01  0.3768E+00  0.6867E-01  0.2661E+00  0.2283E-02  0.1653E-01
     -2.947  0.2620E-02  0.1268E+00  0.2232E-03  0.2618E-02  0.1626E-03  0.2226E-01  0.3019E-03  0.1022E-01  0.3987E-02  0.7985E-03  0.4237E-01  0.6184E-01  0.2658E-01  0.3677E+00  0.9428E-01  0.3296E+00  0.3060E-02  0.2090E-01
     -2.937  0.2979E-02  0.1059E+00  0.2575E-03  0.2053E-02  0.1842E-03  0.1895E-01  0.3910E-03  0.6252E-02  0.5013E-02  0.7933E-03  0.4924E-01  0.5393E-01  0.3056E-01  0.3318E+00  0.1244E+00  0.2069E+00  0.3950E-02  0.1329E-01
     -2.927  0.3348E-02  0.7639E-01  0.2930E-03  0.1491E-02  0.2063E-03  0.1358E-01  0.4787E-03  0.4437E-02  0.6039E-02  0.5773E-03  0.5639E-01  0.4081E-01  0.3460E-01  0.2383E+00  0.1545E+00  0.1467E+00  0.4865E-02  0.9699E-02
     -2.917  0.3731E-02  0.6064E-01  0.3281E-03  0.1220E-02  0.2293E-03  0.1073E-01  0.5403E-03  0.3577E-02  0.6902E-02  0.4458E-03  0.6377E-01  0.3363E-01  0.3869E-01  0.1889E+00  0.1762E+00  0.1185E+00  0.5547E-02  0.7878E-02
     -2.907  0.3537E-02  0.4932E-01  0.3237E-03  0.1048E-02  0.2140E-03  0.8711E-02  0.5242E-03  0.2920E-02  0.7512E-02  0.3656E-03  0.6462E-01  0.2884E-01  0.3642E-01  0.1546E+00  0.1756E+00  0.9726E-01  0.5594E-02  0.6492E-02
     -2.897  0.3103E-02  0.4221E-01  0.2999E-03  0.9690E-03  0.1833E-03  0.7507E-02  0.4932E-03  0.2469E-02  0.7435E-02  0.3515E-03  0.6110E-01  0.2644E-01  0.3159E-01  0.1362E+00  0.1682E+00  0.8257E-01  0.5480E-02  0.5661E-02
     -2.887  0.2688E-02  0.3819E-01  0.2735E-03  0.1046E-02  0.1545E-03  0.6829E-02  0.4574E-03  0.2305E-02  0.7281E-02  0.3814E-03  0.5703E-01  0.2844E-01  0.2710E-01  0.1259E+00  0.1591E+00  0.7736E-01  0.5296E-02  0.5617E-02
     -2.877  0.2305E-02  0.3672E-01  0.2328E-03  0.1170E-02  0.1293E-03  0.6594E-02  0.4015E-03  0.2261E-02  0.6881E-02  0.4666E-03  0.5003E-01  0.3180E-01  0.2322E-01  0.1233E+00  0.1427E+00  0.7613E-01  0.4813E-02  0.5765E-02
     -2.867  0.1935E-02  0.3939E-01  0.1967E-03  0.1315E-02  0.1056E-03  0.7131E-02  0.3506E-03  0.2308E-02  0.6460E-02  0.6198E-03  0.4385E-01  0.3540E-01  0.1971E-01  0.1366E+00  0.1275E+00  0.7829E-01  0.4384E-02  0.5998E-02
     -2.857  0.1668E-02  0.4428E-01  0.1713E-03  0.1542E-02  0.8834E-04  0.8064E-02  0.3120E-03  0.2543E-02  0.6177E-02  0.7813E-03  0.3977E-01  0.4206E-01  0.1728E-01  0.1576E+00  0.1163E+00  0.8632E-01  0.4080E-02  0.6743E-02
     -2.847  0.2160E-02  0.3636E-01  0.2321E-03  0.1574E-02  0.1167E-03  0.6628E-02  0.3347E-03  0.2396E-02  0.7406E-02  0.8129E-03  0.5537E-01  0.4508E-01  0.2110E-01  0.1319E+00  0.1264E+00  0.8008E-01  0.4582E-02  0.6611E-02
     -2.837  0.2841E-02  0.3447E-01  0.3200E-03  0.1859E-02  0.1564E-03  0.6356E-02  0.3612E-03  0.2501E-02  0.9136E-02  0.1015E-02  0.7800E-01  0.5464E-01  0.2631E-01  0.1296E+00  0.1383E+00  0.8256E-01  0.5240E-02  0.7100E-02
     -2.827  0.3590E-02  0.3424E-01  0.4176E-03  0.2326E-02  0.2004E-03  0.6422E-02  0.3870E-03  0.2743E-02  0.1105E-01  0.1304E-02  0.1032E+00  0.6977E-01  0.3201E-01  0.1351E+00  0.1500E+00  0.8961E-01  0.5940E-02  0.8026E-02
     -2.817  0.9111E-02  0.4487E-01  0.1025E-02  0.2616E-02  0.5337E-03  0.8381E-02  0.4679E-03  0.2686E-02  0.2685E-01  0.1371E-02  0.2566E+00  0.7626E-01  0.7727E-01  0.1788E+00  0.1886E+00  0.9195E-01  0.9345E-02  0.8244E-02
     -2.807  0.1196E-01  0.1567E-01  0.1360E-02  0.1009E-02  0.6928E-03  0.2879E-02  0.5460E-03  0.9707E-03  0.3824E-01  0.5311E-03  0.3450E+00  0.2990E-01  0.9731E-01  0.6124E-01  0.2357E+00  0.3327E-01  0.1441E-01  0.3202E-02
     -2.797  0.1324E-01  0.5511E-02  0.1614E-02  0.6155E-03  0.7712E-03  0.9967E-03  0.5323E-03  0.5627E-03  0.4661E-01  0.3856E-03  0.4152E+00  0.1942E-01  0.1042E+00  0.2182E-01  0.2364E+00  0.1810E-01  0.1764E-01  0.1944E-02
     -2.787  0.1070E-01  0.1721E-01  0.1255E-02  0.9646E-03  0.6170E-03  0.3364E-02  0.4702E-03  0.8194E-03  0.3858E-01  0.1031E-02  0.3244E+00  0.2712E-01  0.8723E-01  0.8081E-01  0.2192E+00  0.2637E-01  0.1807E-01  0.2441E-02
     -2.777  0.8175E-02  0.3243E-01  0.9257E-03  0.1549E-02  0.4604E-03  0.6394E-02  0.3996E-03  0.1232E-02  0.2371E-01  0.1986E-02  0.2393E+00  0.4171E-01  0.6719E-01  0.1559E+00  0.1960E+00  0.3988E-01  0.1452E-01  0.3461E-02
     -2.767  0.7788E-02  0.4198E-01  0.8453E-03  0.2197E-02  0.4299E-03  0.8319E-02  0.4235E-03  0.1862E-02  0.2158E-01  0.3170E-02  0.2193E+00  0.5966E-01  0.6552E-01  0.2068E+00  0.2183E+00  0.5831E-01  0.1557E-01  0.4750E-02
     -2.757  0.9195E-02  0.4645E-01  0.8311E-03  0.2612E-02  0.4845E-03  0.9359E-02  0.4832E-03  0.2423E-02  0.2364E-01  0.4207E-02  0.2174E+00  0.7128E-01  0.8244E-01  0.2394E+00  0.2683E+00  0.7285E-01  0.2182E-01  0.5528E-02
     -2.747  0.1882E-01  0.4416E-01  0.1537E-02  0.2470E-02  0.9810E-03  0.8925E-02  0.6826E-03  0.2367E-02  0.7396E-01  0.4054E-02  0.4342E+00  0.6808E-01  0.1716E+00  0.2304E+00  0.4037E+00  0.7045E-01  0.3530E-01  0.5353E-02
     -2.737  0.1498E-01  0.3848E-01  0.1317E-02  0.2153E-02  0.7739E-03  0.7736E-02  0.7424E-03  0.1977E-02  0.5657E-01  0.3399E-02  0.3654E+00  0.6036E-01  0.1473E+00  0.1992E+00  0.4297E+00  0.5925E-01  0.4094E-01  0.4671E-02
     -2.727  0.1395E-01  0.3224E-01  0.1261E-02  0.1846E-02  0.7146E-03  0.6445E-02  0.8587E-03  0.1555E-02  0.5209E-01  0.2741E-02  0.3480E+00  0.5280E-01  0.1402E+00  0.1652E+00  0.5143E+00  0.4721E-01  0.4823E-01  0.3917E-02
     -2.717  0.1064E-01  0.1226E+00  0.1071E-02  0.3054E-02  0.5401E-03  0.2382E-01  0.8911E-03  0.2571E-02  0.5538E-01  0.5948E-02  0.2970E+00  0.7401E-01  0.1127E+00  0.6196E+00  0.5067E+00  0.7713E-01  0.4907E-01  0.5369E-02
     -2.707  0.6629E-02  0.4952E-01  0.7411E-03  0.2355E-02  0.3329E-03  0.9785E-02  0.6629E-03  0.1515E-02  0.4814E-01  0.3686E-02  0.2095E+00  0.6671E-01  0.7697E-01  0.2590E+00  0.3654E+00  0.4497E-01  0.3873E-01  0.4071E-02
     -2.697  0.5175E-02  0.4101E-01  0.5182E-03  0.2487E-02  0.2526E-03  0.8053E-02  0.4263E-03  0.1423E-02  0.3701E-01  0.3652E-02  0.1503E+00  0.7448E-01  0.6369E-01  0.2150E+00  0.2450E+00  0.4286E-01  0.3187E-01  0.4148E-02
     -2.687  0.4028E-02  0.4163E-01  0.3017E-03  0.2935E-02  0.1840E-03  0.8155E-02  0.2834E-03  0.1681E-02  0.3771E-01  0.4220E-02  0.9055E-01  0.9131E-01  0.5631E-01  0.2217E+00  0.1722E+00  0.5044E-01  0.3888E-01  0.4999E-02
     -2.677  0.3465E-02  0.4235E-01  0.2232E-03  0.3362E-02  0.1491E-03  0.8259E-02  0.2693E-03  0.1951E-02  0.4512E-01  0.4734E-02  0.7051E-01  0.1073E+00  0.5583E-01  0.2274E+00  0.1691E+00  0.5890E-01  0.5209E-01  0.5899E-02
     -2.667  0.2945E-02  0.4489E-01  0.1914E-03  0.4207E-02  0.1248E-03  0.8668E-02  0.2232E-03  0.3491E-02  0.4844E-01  0.5318E-02  0.6254E-01  0.1397E+00  0.4673E-01  0.2401E+00  0.1437E+00  0.1098E+00  0.5932E-01  0.1095E-01
     -2.657  0.2437E-02  0.4246E-01  0.1627E-03  0.4347E-02  0.1016E-03  0.8170E-02  0.1770E-03  0.3197E-02  0.5142E-01  0.5483E-02  0.5550E-01  0.1451E+00  0.3772E-01  0.2271E+00  0.1174E+00  0.1014E+00  0.6687E-01  0.1032E-01
     -2.647  0.2164E-02  0.4015E-01  0.1457E-03  0.4496E-02  0.8837E-04  0.7711E-02  0.1535E-03  0.2922E-02  0.5605E-01  0.5678E-02  0.5171E-01  0.1507E+00  0.3458E-01  0.2155E+00  0.1063E+00  0.9350E-01  0.7567E-01  0.9727E-02
     -2.637  0.1930E-02  0.5771E-01  0.1308E-03  0.5249E-02  0.7694E-04  0.1053E-01  0.1334E-03  0.2852E-02  0.6120E-01  0.6639E-02  0.4853E-01  0.1756E+00  0.3218E-01  0.2876E+00  0.9740E-01  0.9315E-01  0.8502E-01  0.9659E-02
     -2.627  0.1770E-02  0.5088E-01  0.1192E-03  0.5248E-02  0.6872E-04  0.9406E-02  0.1158E-03  0.2617E-02  0.6758E-01  0.6672E-02  0.4641E-01  0.1760E+00  0.3072E-01  0.2610E+00  0.8967E-01  0.8507E-01  0.9547E-01  0.9058E-02
     -2.617  0.1624E-02  0.4535E-01  0.1113E-03  0.5491E-02  0.6193E-04  0.8549E-02  0.1039E-03  0.2433E-02  0.7357E-01  0.6981E-02  0.4515E-01  0.1844E+00  0.2929E-01  0.2420E+00  0.8481E-01  0.7882E-01  0.1057E+00  0.8762E-02
     -2.607  0.1486E-02  0.4390E-01  0.1047E-03  0.7241E-02  0.5577E-04  0.8629E-02  0.9403E-04  0.2413E-02  0.8000E-01  0.9231E-02  0.4423E-01  0.2441E+00  0.2794E-01  0.2537E+00  0.8094E-01  0.7757E-01  0.1168E+00  0.9598E-02
     -2.597  0.1372E-02  0.4358E-01  0.9999E-04  0.9178E-02  0.5050E-04  0.8933E-02  0.8635E-04  0.2438E-02  0.8980E-01  0.1178E-01  0.4395E-01  0.3103E+00  0.2683E-01  0.2722E+00  0.7930E-01  0.7763E-01  0.1341E+00  0.1056E-01
     -2.587  0.1266E-02  0.4822E-01  0.9560E-04  0.1540E-01  0.4566E-04  0.1017E-01  0.7920E-04  0.2772E-02  0.9985E-01  0.1976E-01  0.4375E-01  0.5321E+00  0.2584E-01  0.3181E+00  0.7800E-01  0.9231E-01  0.1519E+00  0.1439E-01
     -2.577  0.1283E-02  0.3974E-01  0.9551E-04  0.1155E-01  0.4595E-04  0.8073E-02  0.7661E-04  0.2461E-02  0.1062E+00  0.1463E-01  0.4489E-01  0.4014E+00  0.2612E-01  0.2478E+00  0.7988E-01  0.8489E-01  0.1635E+00  0.1234E-01
     -2.567  0.1301E-02  0.3510E-01  0.9548E-04  0.9528E-02  0.4629E-04  0.6960E-02  0.7397E-04  0.2376E-02  0.1127E+00  0.1218E-01  0.4612E-01  0.3333E+00  0.2644E-01  0.2124E+00  0.8186E-01  0.8282E-01  0.1754E+00  0.1123E-01
     -2.557  0.1414E-02  0.2981E-01  0.1010E-03  0.7631E-02  0.4959E-04  0.5771E-02  0.7119E-04  0.2455E-02  0.1293E+00  0.1012E-01  0.5180E-01  0.2696E+00  0.2871E-01  0.1764E+00  0.8945E-01  0.8581E-01  0.2030E+00  0.1006E-01
     -2.547  0.4138E-02  0.1836E-01  0.3037E-03  0.6015E-02  0.1435E-03  0.3542E-02  0.1142E-03  0.2878E-02  0.2197E+00  0.1031E-01  0.1643E+00  0.2200E+00  0.8615E-01  0.1170E+00  0.1516E+00  0.9617E-01  0.3123E+00  0.7149E-02
     -2.537  0.5004E-02  0.1426E-01  0.3369E-03  0.5742E-02  0.1664E-03  0.2737E-02  0.1053E-03  0.3138E-02  0.3028E+00  0.1072E-01  0.1991E+00  0.2137E+00  0.1184E+00  0.9540E-01  0.1802E+00  0.1041E+00  0.4214E+00  0.6582E-02
     -2.527  0.2541E-02  0.1313E-01  0.1600E-03  0.5827E-02  0.8277E-04  0.2492E-02  0.7941E-04  0.3466E-02  0.2513E+00  0.1161E-01  0.9578E-01  0.2190E+00  0.5561E-01  0.8962E-01  0.1504E+00  0.1146E+00  0.3997E+00  0.6452E-02
     -2.517  0.2626E-02  0.1223E-01  0.1616E-03  0.6099E-02  0.8499E-04  0.2264E-02  0.7728E-04  0.4039E-02  0.2815E+00  0.1304E-01  0.1000E+00  0.2320E+00  0.5724E-01  0.8466E-01  0.1608E+00  0.1333E+00  0.4522E+00  0.6635E-02
     -2.507  0.2736E-02  0.1141E-01  0.1647E-03  0.6418E-02  0.8802E-04  0.2048E-02  0.7550E-04  0.4611E-02  0.3138E+00  0.1456E-01  0.1054E+00  0.2468E+00  0.5956E-01  0.8003E-01  0.1722E+00  0.1521E+00  0.5077E+00  0.6816E-02
     -2.497  0.2877E-02  0.1067E-01  0.1860E-03  0.6790E-02  0.9187E-04  0.1843E-02  0.8243E-04  0.5183E-02  0.3999E+00  0.1617E-01  0.1322E+00  0.2638E+00  0.6583E-01  0.7576E-01  0.2383E+00  0.1708E+00  0.6572E+00  0.6999E-02
     -2.487  0.3062E-02  0.1057E-01  0.2081E-03  0.8334E-02  0.9642E-04  0.1718E-02  0.9055E-04  0.6142E-02  0.5237E+00  0.2000E-01  0.1649E+00  0.3287E+00  0.7421E-01  0.7575E-01  0.3276E+00  0.2021E+00  0.8755E+00  0.7845E-02
     -2.477  0.3224E-02  0.1252E-01  0.2054E-03  0.1345E-01  0.9977E-04  0.2335E-02  0.8875E-04  0.9577E-02  0.6526E+00  0.3471E-01  0.1787E+00  0.5268E+00  0.7960E-01  0.1208E+00  0.3826E+00  0.3080E+00  0.1108E+01  0.8814E-02
     -2.467  0.3366E-02  0.2411E-01  0.1697E-03  0.2131E-01  0.1024E-03  0.2869E-02  0.7609E-04  0.1860E-01  0.6472E+00  0.6125E-01  0.1463E+00  0.8500E+00  0.7284E-01  0.1515E+00  0.3133E+00  0.6139E+00  0.1105E+01  0.1393E-01
     -2.457  0.3604E-02  0.2617E-01  0.1551E-03  0.3487E-01  0.1081E-03  0.2411E-02  0.7259E-04  0.1821E-01  0.6448E+00  0.8199E-01  0.1293E+00  0.1444E+01  0.6904E-01  0.1453E+00  0.2752E+00  0.5891E+00  0.1107E+01  0.1274E-01
     -2.447  0.3857E-02  0.1195E-01  0.1409E-03  0.8753E-02  0.1142E-03  0.2012E-02  0.6967E-04  0.7875E-02  0.6447E+00  0.2495E-01  0.1124E+00  0.3491E+00  0.6543E-01  0.1032E+00  0.2405E+00  0.2575E+00  0.1115E+01  0.8103E-02
     -2.437  0.4636E-02  0.1416E-01  0.1470E-03  0.7394E-02  0.1508E-03  0.2355E-02  0.9147E-04  0.8558E-02  0.1204E+01  0.2284E-01  0.1259E+00  0.2975E+00  0.1044E+00  0.1167E+00  0.3573E+00  0.2828E+00  0.2098E+01  0.1001E-01
     -2.427  0.6697E-02  0.3392E-01  0.1653E-03  0.7685E-02  0.2410E-03  0.5130E-02  0.1386E-03  0.1313E-01  0.2515E+01  0.2743E-01  0.1740E+00  0.3188E+00  0.1847E+00  0.2197E+00  0.6091E+00  0.4419E+00  0.4322E+01  0.1703E-01
     -2.417  0.1052E-01  0.2434E-01  0.2188E-03  0.7011E-02  0.2919E-03  0.3808E-02  0.1335E-03  0.1076E-01  0.1697E+01  0.2423E-01  0.1832E+00  0.2883E+00  0.1139E+00  0.1716E+00  0.4653E+00  0.3623E+00  0.2984E+01  0.1282E-01
     -2.407  0.7923E-02  0.1159E-01  0.1781E-03  0.4565E-02  0.2333E-03  0.1628E-02  0.1243E-03  0.5641E-02  0.1641E+01  0.1427E-01  0.1656E+00  0.1903E+00  0.1016E+00  0.7504E-01  0.4276E+00  0.1919E+00  0.2781E+01  0.7053E-02
     -2.397  0.7232E-02  0.1050E-01  0.1653E-03  0.3941E-02  0.2057E-03  0.1258E-02  0.1236E-03  0.3967E-02  0.1351E+01  0.1109E-01  0.1383E+00  0.1687E+00  0.8763E-01  0.5242E-01  0.3165E+00  0.1373E+00  0.2206E+01  0.5425E-02
     -2.387  0.7191E-02  0.1013E-01  0.1578E-03  0.3589E-02  0.2002E-03  0.1178E-02  0.1296E-03  0.3540E-02  0.1232E+01  0.9901E-02  0.1141E+00  0.1554E+00  0.8025E-01  0.4767E-01  0.2605E+00  0.1235E+00  0.1948E+01  0.5102E-02
     -2.377  0.7267E-02  0.9754E-02  0.1500E-03  0.3233E-02  0.1956E-03  0.1100E-02  0.1264E-03  0.3134E-02  0.1167E+01  0.8743E-02  0.9922E-01  0.1417E+00  0.8139E-01  0.4310E-01  0.2188E+00  0.1105E+00  0.1799E+01  0.4767E-02
     -2.367  0.7736E-02  0.9366E-02  0.1521E-03  0.2896E-02  0.1966E-03  0.1022E-02  0.1175E-03  0.2750E-02  0.1149E+01  0.7655E-02  0.1059E+00  0.1288E+00  0.9050E-01  0.3875E-01  0.2117E+00  0.9818E-01  0.1756E+01  0.4427E-02
     -2.357  0.8428E-02  0.8965E-02  0.1585E-03  0.2578E-02  0.2027E-03  0.9465E-03  0.1154E-03  0.2388E-02  0.1147E+01  0.6638E-02  0.1125E+00  0.1165E+00  0.1011E+00  0.3460E-01  0.2120E+00  0.8653E-01  0.1728E+01  0.4081E-02
     -2.347  0.8545E-02  0.8587E-02  0.1542E-03  0.2440E-02  0.1994E-03  0.8777E-03  0.1107E-03  0.2070E-02  0.9720E+00  0.5923E-02  0.9801E-01  0.1120E+00  0.7316E-01  0.3089E-01  0.2100E+00  0.7659E-01  0.1508E+01  0.3868E-02
     -2.337  0.9009E-02  0.8293E-02  0.1570E-03  0.2551E-02  0.2034E-03  0.8244E-03  0.1098E-03  0.1819E-02  0.8443E+00  0.5616E-02  0.8858E-01  0.1186E+00  0.5266E-01  0.2791E-01  0.2102E+00  0.6926E-01  0.1354E+01  0.3900E-02
     -2.327  0.9797E-02  0.8703E-02  0.1669E-03  0.2835E-02  0.2152E-03  0.8673E-03  0.1145E-03  0.1865E-02  0.8368E+00  0.5975E-02  0.8966E-01  0.1319E+00  0.5323E-01  0.2905E-01  0.2167E+00  0.7229E-01  0.1337E+01  0.4281E-02
     -2.317  0.1066E-01  0.9158E-02  0.1769E-03  0.3097E-02  0.2275E-03  0.9142E-03  0.1192E-03  0.1930E-02  0.8314E+00  0.6331E-02  0.9075E-01  0.1442E+00  0.5406E-01  0.3032E-01  0.2253E+00  0.7607E-01  0.1327E+01  0.4644E-02
     -2.307  0.8984E-02  0.1003E-01  0.1287E-03  0.3384E-02  0.1770E-03  0.1002E-02  0.8996E-04  0.2040E-02  0.6835E+00  0.6686E-02  0.6897E-01  0.1583E+00  0.4175E-01  0.3281E-01  0.2155E+00  0.8218E-01  0.1097E+01  0.5203E-02
     -2.297  0.8209E-02  0.1096E-01  0.9496E-04  0.3575E-02  0.1432E-03  0.1088E-02  0.6899E-04  0.2179E-02  0.5632E+00  0.6916E-02  0.5349E-01  0.1681E+00  0.3418E-01  0.3511E-01  0.2114E+00  0.8987E-01  0.9191E+00  0.5671E-02
     -2.287  0.6947E-02  0.1207E-01  0.7125E-04  0.3477E-02  0.1116E-03  0.1173E-02  0.5128E-04  0.2356E-02  0.4553E+00  0.6927E-02  0.4688E-01  0.1645E+00  0.2813E-01  0.3749E-01  0.1726E+00  0.9876E-01  0.7326E+00  0.5791E-02
     -2.277  0.6906E-02  0.1315E-01  0.7028E-04  0.3338E-02  0.1072E-03  0.1241E-02  0.4746E-04  0.2576E-02  0.4217E+00  0.6928E-02  0.5131E-01  0.1591E+00  0.2792E-01  0.3912E-01  0.1715E+00  0.1101E+00  0.6618E+00  0.5905E-02
     -2.267  0.7554E-02  0.1423E-01  0.7715E-04  0.3236E-02  0.1133E-03  0.1301E-02  0.4832E-04  0.2803E-02  0.4122E+00  0.7036E-02  0.6226E-01  0.1554E+00  0.3118E-01  0.4043E-01  0.1950E+00  0.1218E+00  0.6369E+00  0.6070E-02
     -2.257  0.8372E-02  0.1540E-01  0.8547E-04  0.3136E-02  0.1199E-03  0.1388E-02  0.4958E-04  0.3023E-02  0.3858E+00  0.7150E-02  0.7575E-01  0.1519E+00  0.3442E-01  0.4294E-01  0.2188E+00  0.1330E+00  0.5770E+00  0.6273E-02
     -2.247  0.1331E-01  0.1843E-01  0.1516E-03  0.3069E-02  0.1887E-03  0.1647E-02  0.7181E-04  0.3425E-02  0.5115E+00  0.7470E-02  0.1610E+00  0.1514E+00  0.6471E-01  0.5094E-01  0.3448E+00  0.1532E+00  0.6774E+00  0.6869E-02
     -2.237  0.1153E-01  0.1319E-01  0.1172E-03  0.2254E-02  0.1489E-03  0.1250E-02  0.5823E-04  0.2865E-02  0.3652E+00  0.5955E-02  0.1336E+00  0.1093E+00  0.5070E-01  0.4074E-01  0.2872E+00  0.1278E+00  0.5001E+00  0.5423E-02
     -2.227  0.9471E-02  0.9115E-02  0.8342E-04  0.1792E-02  0.1076E-03  0.9085E-03  0.4555E-04  0.2368E-02  0.2518E+00  0.4576E-02  0.1076E+00  0.8649E-01  0.3985E-01  0.3129E-01  0.2434E+00  0.1056E+00  0.3563E+00  0.4450E-02
     -2.217  0.7579E-02  0.7634E-02  0.5999E-04  0.1523E-02  0.8127E-04  0.7838E-03  0.3841E-04  0.2048E-02  0.1924E+00  0.3955E-02  0.7782E-01  0.7334E-01  0.2985E-01  0.2786E-01  0.2123E+00  0.9151E-01  0.2851E+00  0.3865E-02
     -2.207  0.7214E-02  0.7967E-02  0.5393E-04  0.1427E-02  0.7380E-04  0.7751E-03  0.3678E-04  0.2270E-02  0.1623E+00  0.4408E-02  0.7255E-01  0.6881E-01  0.2773E-01  0.2726E-01  0.2087E+00  0.1018E+00  0.2448E+00  0.4055E-02
     -2.197  0.7106E-02  0.8375E-02  0.5022E-04  0.1324E-02  0.6949E-04  0.7620E-03  0.3709E-04  0.2560E-02  0.1409E+00  0.4997E-02  0.7116E-01  0.6410E-01  0.2663E-01  0.2638E-01  0.2107E+00  0.1152E+00  0.2181E+00  0.4382E-02
     -2.187  0.7823E-02  0.8778E-02  0.5248E-04  0.1221E-02  0.7240E-04  0.7490E-03  0.4139E-04  0.2840E-02  0.1325E+00  0.5558E-02  0.7578E-01  0.5944E-01  0.2876E-01  0.2548E-01  0.2241E+00  0.1283E+00  0.2182E+00  0.4727E-02
     -2.177  0.8859E-02  0.9524E-02  0.5836E-04  0.1207E-02  0.7927E-04  0.7718E-03  0.4713E-04  0.3224E-02  0.1336E+00  0.6281E-02  0.8765E-01  0.5980E-01  0.3223E-01  0.2608E-01  0.2468E+00  0.1461E+00  0.2321E+00  0.5217E-02
     -2.167  0.1015E-01  0.1136E-01  0.6656E-04  0.1370E-02  0.8904E-04  0.8825E-03  0.5384E-04  0.3827E-02  0.1396E+00  0.7463E-02  0.1087E+00  0.7080E-01  0.3703E-01  0.2999E-01  0.2767E+00  0.1746E+00  0.2528E+00  0.6017E-02
     -2.157  0.1144E-01  0.1751E-01  0.7441E-04  0.1611E-02  0.9858E-04  0.1322E-02  0.6074E-04  0.5101E-02  0.1445E+00  0.9136E-02  0.1305E+00  0.8846E-01  0.4184E-01  0.4442E-01  0.3082E+00  0.2389E+00  0.2733E+00  0.7399E-02
     -2.147  0.1289E-01  0.1307E-01  0.8300E-04  0.1024E-02  0.1091E-03  0.8952E-03  0.6835E-04  0.4264E-02  0.1499E+00  0.8322E-02  0.1537E+00  0.5542E-01  0.4755E-01  0.2913E-01  0.3419E+00  0.1989E+00  0.2984E+00  0.6358E-02
     -2.137  0.1372E-01  0.1350E-01  0.8687E-04  0.9087E-03  0.1128E-03  0.8905E-03  0.6976E-04  0.4389E-02  0.1473E+00  0.8517E-02  0.1813E+00  0.4962E-01  0.5168E-01  0.2865E-01  0.3667E+00  0.2064E+00  0.2888E+00  0.6522E-02
     -2.127  0.1591E-01  0.1390E-01  0.9056E-04  0.8100E-03  0.1224E-03  0.8885E-03  0.6992E-04  0.4495E-02  0.1440E+00  0.8688E-02  0.2082E+00  0.4467E-01  0.5548E-01  0.2833E-01  0.3856E+00  0.2129E+00  0.2766E+00  0.6691E-02
     -2.117  0.2338E-01  0.1370E-01  0.8296E-04  0.7195E-03  0.1445E-03  0.8675E-03  0.6985E-04  0.4330E-02  0.1221E+00  0.8358E-02  0.1799E+00  0.4014E-01  0.5915E-01  0.2788E-01  0.3048E+00  0.2065E+00  0.3217E+00  0.6621E-02
     -2.107  0.3372E-01  0.1191E-01  0.9683E-04  0.5716E-03  0.1968E-03  0.7633E-03  0.8295E-04  0.3477E-02  0.1300E+00  0.6986E-02  0.1967E+00  0.3262E-01  0.6950E-01  0.2502E-01  0.3439E+00  0.1668E+00  0.3966E+00  0.6053E-02
     -2.097  0.4163E-01  0.1055E-01  0.9901E-04  0.4558E-03  0.2308E-03  0.6810E-03  0.8082E-04  0.2822E-02  0.1130E+00  0.5984E-02  0.1841E+00  0.2679E-01  0.7529E-01  0.2260E-01  0.2577E+00  0.1362E+00  0.4646E+00  0.5645E-02
     -2.087  0.4370E-01  0.1002E-01  0.1007E-03  0.4170E-03  0.2359E-03  0.6397E-03  0.9820E-04  0.2620E-02  0.1084E+00  0.5739E-02  0.3023E+00  0.2501E-01  0.9814E-01  0.2128E-01  0.2438E+00  0.1271E+00  0.5096E+00  0.5534E-02
     -2.077  0.4137E-01  0.9369E-02  0.7691E-04  0.3882E-03  0.2085E-03  0.5881E-03  0.1007E-03  0.2435E-02  0.1040E+00  0.5532E-02  0.2254E+00  0.2373E-01  0.8132E-01  0.1953E-01  0.2169E+00  0.1188E+00  0.4845E+00  0.5477E-02
     -2.067  0.4350E-01  0.9744E-02  0.7392E-04  0.4083E-03  0.2130E-03  0.6222E-03  0.1066E-03  0.2456E-02  0.1136E+00  0.5831E-02  0.2289E+00  0.2556E-01  0.8317E-01  0.2173E-01  0.2155E+00  0.1204E+00  0.5067E+00  0.5877E-02
     -2.057  0.4636E-01  0.1307E-01  0.7259E-04  0.5285E-03  0.2217E-03  0.8913E-03  0.1128E-03  0.2840E-02  0.1243E+00  0.7246E-02  0.2335E+00  0.3404E-01  0.8604E-01  0.3397E-01  0.2147E+00  0.1398E+00  0.5354E+00  0.7074E-02
     -2.047  0.4919E-01  0.1755E-01  0.7108E-04  0.6540E-03  0.2299E-03  0.1232E-02  0.1189E-03  0.3204E-02  0.1356E+00  0.8796E-02  0.2382E+00  0.4332E-01  0.8872E-01  0.4816E-01  0.2142E+00  0.1587E+00  0.5627E+00  0.8195E-02
     -2.037  0.5019E-01  0.1853E-01  0.6371E-04  0.6962E-03  0.2294E-03  0.1267E-02  0.9924E-04  0.3203E-02  0.1242E+00  0.9441E-02  0.2350E+00  0.4727E-01  0.8032E-01  0.4876E-01  0.1837E+00  0.1601E+00  0.5284E+00  0.8379E-02
     -2.027  0.4890E-01  0.1212E-01  0.5372E-04  0.5156E-03  0.2222E-03  0.8034E-03  0.7201E-04  0.2543E-02  0.1066E+00  0.7013E-02  0.2157E+00  0.3518E-01  0.6708E-01  0.3078E-01  0.1410E+00  0.1278E+00  0.4684E+00  0.7579E-02
     -2.017  0.4634E-01  0.8979E-02  0.4227E-04  0.4177E-03  0.2174E-03  0.5934E-03  0.5710E-04  0.2135E-02  0.8753E-01  0.5493E-02  0.1829E+00  0.2872E-01  0.5351E-01  0.2312E-01  0.1011E+00  0.1082E+00  0.4297E+00  0.7429E-02
     -2.007  0.5045E-01  0.8550E-02  0.3274E-04  0.4109E-03  0.2317E-03  0.5611E-03  0.5142E-04  0.1985E-02  0.7506E-01  0.5111E-02  0.1572E+00  0.2886E-01  0.4855E-01  0.2205E-01  0.8265E-01  0.1018E+00  0.4374E+00  0.7765E-02
     -1.997  0.5100E-01  0.8539E-02  0.3008E-04  0.4224E-03  0.2414E-03  0.5502E-03  0.4834E-04  0.1901E-02  0.7614E-01  0.4933E-02  0.1490E+00  0.3050E-01  0.4875E-01  0.2160E-01  0.7475E-01  0.9855E-01  0.4311E+00  0.8322E-02
     -1.987  0.5058E-01  0.1156E-01  0.2918E-04  0.5811E-03  0.2526E-03  0.7164E-03  0.4632E-04  0.1963E-02  0.8089E-01  0.5685E-02  0.1473E+00  0.4525E-01  0.5079E-01  0.2789E-01  0.6879E-01  0.1033E+00  0.4230E+00  0.1067E-01
     -1.977  0.8613E-01  0.1382E-01  0.4889E-04  0.6749E-03  0.4562E-03  0.8063E-03  0.7502E-04  0.1894E-02  0.2647E+00  0.6352E-02  0.3578E+00  0.5571E-01  0.9525E-01  0.3050E-01  0.1453E+00  0.1012E+00  0.7109E+00  0.1196E-01
     -1.967  0.7720E-01  0.1792E-01  0.5492E-04  0.8599E-03  0.4723E-03  0.1026E-02  0.1203E-03  0.2059E-02  0.2591E+00  0.7790E-02  0.2752E+00  0.7306E-01  0.8485E-01  0.3889E-01  0.1564E+00  0.1113E+00  0.6290E+00  0.1454E-01
     -1.957  0.5688E-01  0.2292E-01  0.4500E-04  0.1112E-02  0.3922E-03  0.1283E-02  0.1277E-03  0.2268E-02  0.2869E+00  0.1008E-01  0.1398E+00  0.9648E-01  0.7467E-01  0.4915E-01  0.1184E+00  0.1241E+00  0.4189E+00  0.1766E-01
     -1.947  0.3818E-01  0.2458E-01  0.2819E-04  0.1237E-02  0.2473E-03  0.1315E-02  0.7479E-04  0.2316E-02  0.1965E+00  0.1164E-01  0.8733E-01  0.1081E+00  0.5140E-01  0.5046E-01  0.6874E-01  0.1273E+00  0.2318E+00  0.1887E-01
     -1.937  0.3472E-01  0.2558E-01  0.1646E-04  0.1331E-02  0.1877E-03  0.1285E-02  0.5737E-04  0.2311E-02  0.1896E+00  0.1364E-01  0.6239E-01  0.1166E+00  0.3880E-01  0.4898E-01  0.5573E-01  0.1271E+00  0.1628E+00  0.1924E-01
     -1.927  0.6019E-01  0.2758E-01  0.1624E-04  0.1499E-02  0.2826E-03  0.1360E-02  0.6437E-04  0.2439E-02  0.2654E+00  0.1507E-01  0.8514E-01  0.1320E+00  0.3675E-01  0.5265E-01  0.6453E-01  0.1343E+00  0.2616E+00  0.2141E-01
     -1.917  0.4026E-01  0.2736E-01  0.1781E-04  0.1323E-02  0.2024E-03  0.1302E-02  0.6441E-04  0.2030E-02  0.2733E+00  0.1542E-01  0.9466E-01  0.1174E+00  0.3442E-01  0.4859E-01  0.6738E-01  0.1116E+00  0.1408E+00  0.1834E-01
     -1.907  0.4282E-01  0.2823E-01  0.2160E-04  0.1337E-02  0.2163E-03  0.1308E-02  0.7591E-04  0.2068E-02  0.3245E+00  0.1642E-01  0.1188E+00  0.1182E+00  0.3655E-01  0.4768E-01  0.8168E-01  0.1140E+00  0.1297E+00  0.1898E-01
     -1.897  0.4684E-01  0.3160E-01  0.3383E-04  0.1501E-02  0.2563E-03  0.1404E-02  0.9758E-04  0.2501E-02  0.5592E+00  0.2006E-01  0.1775E+00  0.1344E+00  0.4991E-01  0.5158E-01  0.1228E+00  0.1385E+00  0.1010E+00  0.2106E-01
     -1.887  0.3209E-01  0.3731E-01  0.4100E-04  0.1775E-02  0.1996E-03  0.1583E-02  0.7622E-04  0.2746E-02  0.4344E+00  0.2484E-01  0.2280E+00  0.1597E+00  0.3559E-01  0.5752E-01  0.7653E-01  0.1528E+00  0.5676E-01  0.2250E-01
     -1.877  0.5403E-01  0.4572E-01  0.7413E-04  0.2164E-02  0.2889E-03  0.1781E-02  0.1366E-03  0.2446E-02  0.4627E+00  0.3286E-01  0.4136E+00  0.1896E+00  0.3431E-01  0.5840E-01  0.1016E+00  0.1360E+00  0.6177E-01  0.2077E-01
     -1.867  0.2621E-01  0.4401E-01  0.9699E-04  0.1988E-02  0.1236E-03  0.1595E-02  0.1823E-03  0.3299E-02  0.2066E+01  0.4107E-01  0.6995E+00  0.1603E+00  0.2947E-01  0.6041E-01  0.9920E-01  0.1767E+00  0.4922E+00  0.1723E-01
     -1.857  0.2367E-01  0.4414E-01  0.9002E-04  0.2223E-02  0.9335E-04  0.1618E-02  0.1645E-03  0.4644E-02  0.1546E+01  0.4574E-01  0.5612E+00  0.1861E+00  0.3699E-01  0.8110E-01  0.1028E+00  0.2528E+00  0.4439E+00  0.2725E-01
     -1.847  0.2756E-01  0.4621E-01  0.1091E-03  0.2208E-02  0.1033E-03  0.1554E-02  0.1863E-03  0.3755E-02  0.1750E+01  0.4734E-01  0.6366E+00  0.1864E+00  0.4708E-01  0.6568E-01  0.1199E+00  0.2072E+00  0.5418E+00  0.2354E-01
     -1.837  0.2570E-01  0.3596E-01  0.8303E-04  0.1654E-02  0.9355E-04  0.1202E-02  0.2351E-03  0.3434E-02  0.1046E+01  0.3808E-01  0.4412E+00  0.1429E+00  0.9516E-01  0.5709E-01  0.1547E+00  0.1921E+00  0.2751E+00  0.2456E-01
     -1.827  0.1379E-01  0.1693E-01  0.3868E-04  0.1245E-02  0.5053E-04  0.7613E-03  0.1213E-03  0.2177E-02  0.4854E+00  0.1310E-01  0.1972E+00  0.1262E+00  0.4599E-01  0.5881E-01  0.9303E-01  0.1310E+00  0.2011E+00  0.2481E-01
     -1.817  0.6868E-02  0.1545E-01  0.3682E-04  0.1709E-02  0.2901E-04  0.6508E-03  0.6332E-04  0.2229E-02  0.2600E+00  0.1564E-01  0.1243E+00  0.1603E+00  0.1447E-01  0.4842E-01  0.5283E-01  0.1433E+00  0.1715E+00  0.2430E-01
     -1.807  0.1040E-01  0.2038E-01  0.7773E-04  0.2587E-02  0.5705E-04  0.7823E-03  0.1303E-03  0.2553E-02  0.4763E+00  0.2240E-01  0.2165E+00  0.2372E+00  0.2266E-01  0.5163E-01  0.1223E+00  0.1697E+00  0.3418E+00  0.3222E-01
     -1.797  0.1310E-01  0.1682E-01  0.1090E-03  0.2023E-02  0.8809E-04  0.7579E-03  0.2223E-03  0.3288E-02  0.6276E+00  0.1626E-01  0.2843E+00  0.2012E+00  0.3748E-01  0.5616E-01  0.2164E+00  0.2205E+00  0.5590E+00  0.3380E-01
     -1.787  0.1484E-01  0.1433E-01  0.1286E-03  0.1682E-02  0.1177E-03  0.7163E-03  0.3149E-03  0.3440E-02  0.6134E+00  0.1286E-01  0.2924E+00  0.1775E+00  0.4446E-01  0.5750E-01  0.2957E+00  0.2299E+00  0.6188E+00  0.3660E-01
     -1.777  0.1550E-01  0.9145E-02  0.1326E-03  0.1204E-02  0.1365E-03  0.4595E-03  0.3525E-03  0.1738E-02  0.5098E+00  0.7969E-02  0.2657E+00  0.1245E+00  0.4433E-01  0.3696E-01  0.3183E+00  0.1159E+00  0.5868E+00  0.2621E-01
     -1.767  0.1600E-01  0.7243E-02  0.1265E-03  0.9651E-03  0.1382E-03  0.3616E-03  0.3025E-03  0.1357E-02  0.3287E+00  0.6478E-02  0.2280E+00  0.1004E+00  0.4087E-01  0.2897E-01  0.2408E+00  0.9125E-01  0.4506E+00  0.2214E-01
     -1.757  0.1950E-01  0.6950E-02  0.1478E-03  0.9805E-03  0.1668E-03  0.3319E-03  0.3598E-03  0.1813E-02  0.2993E+00  0.8539E-02  0.2454E+00  0.1062E+00  0.4649E-01  0.2717E-01  0.2722E+00  0.1241E+00  0.4844E+00  0.2741E-01
     -1.747  0.2786E-01  0.6035E-02  0.1753E-03  0.8881E-03  0.2212E-03  0.2672E-03  0.4391E-03  0.1595E-02  0.2320E+00  0.8596E-02  0.2529E+00  0.9777E-01  0.5846E-01  0.2169E-01  0.2903E+00  0.1106E+00  0.5015E+00  0.2379E-01
     -1.737  0.3519E-01  0.5395E-02  0.2112E-03  0.8192E-03  0.2855E-03  0.2236E-03  0.4915E-03  0.1480E-02  0.1967E+00  0.8962E-02  0.2748E+00  0.9154E-01  0.7760E-01  0.1815E-01  0.2945E+00  0.1038E+00  0.5090E+00  0.2122E-01
     -1.727  0.3600E-01  0.5137E-02  0.2090E-03  0.7770E-03  0.2892E-03  0.2089E-03  0.4526E-03  0.1473E-02  0.1838E+00  0.9720E-02  0.2621E+00  0.8776E-01  0.8006E-01  0.1714E-01  0.2578E+00  0.1038E+00  0.4845E+00  0.2022E-01
     -1.717  0.4207E-01  0.5055E-02  0.1984E-03  0.7626E-03  0.2981E-03  0.2005E-03  0.4243E-03  0.1580E-02  0.1824E+00  0.1146E-01  0.2408E+00  0.8761E-01  0.7822E-01  0.1669E-01  0.2276E+00  0.1119E+00  0.5795E+00  0.2015E-01
     -1.707  0.2462E-01  0.5345E-02  0.1124E-03  0.8090E-03  0.1971E-03  0.2049E-03  0.2447E-03  0.1996E-02  0.1542E+00  0.1575E-01  0.1397E+00  0.9582E-01  0.6370E-01  0.1733E-01  0.1242E+00  0.1422E+00  0.2815E+00  0.2242E-01
     -1.697  0.1640E-01  0.4788E-02  0.8942E-04  0.7217E-03  0.1672E-03  0.1771E-03  0.2096E-03  0.1743E-02  0.1232E+00  0.1524E-01  0.1164E+00  0.8610E-01  0.6511E-01  0.1509E-01  0.1052E+00  0.1249E+00  0.8337E-01  0.1973E-01
     -1.687  0.2342E-01  0.3926E-02  0.1009E-03  0.5783E-03  0.2274E-03  0.1342E-03  0.2597E-03  0.1146E-02  0.1484E+00  0.1317E-01  0.1360E+00  0.6848E-01  0.9242E-01  0.1119E-01  0.1226E+00  0.8318E-01  0.1091E+00  0.1396E-01
     -1.676  0.3110E-01  0.3937E-02  0.1023E-03  0.5771E-03  0.2514E-03  0.1315E-03  0.3012E-03  0.1165E-02  0.1050E+00  0.1446E-01  0.1012E+00  0.6918E-01  0.8903E-01  0.1113E-01  0.1351E+00  0.8502E-01  0.9947E-01  0.1409E-01
     -1.666  0.3715E-01  0.3954E-02  0.1039E-03  0.5762E-03  0.2592E-03  0.1292E-03  0.2497E-03  0.1182E-02  0.7164E-01  0.1577E-01  0.8051E-01  0.6992E-01  0.7920E-01  0.1111E-01  0.1055E+00  0.8666E-01  0.6572E-01  0.1425E-01
     -1.656  0.5924E-01  0.4020E-02  0.1544E-03  0.5658E-03  0.3263E-03  0.1265E-03  0.3507E-03  0.1184E-02  0.8124E-01  0.1790E-01  0.9583E-01  0.6968E-01  0.9320E-01  0.1093E-01  0.1319E+00  0.8742E-01  0.7142E-01  0.1538E-01
     -1.646  0.1197E+00  0.4086E-02  0.2429E-03  0.5489E-03  0.4475E-03  0.1232E-03  0.5787E-03  0.1188E-02  0.1466E+00  0.2069E-01  0.1358E+00  0.6914E-01  0.1256E+00  0.1076E-01  0.1856E+00  0.8857E-01  0.9022E-01  0.1802E-01
     -1.636  0.1739E+00  0.4128E-02  0.2882E-03  0.5472E-03  0.5615E-03  0.1182E-03  0.6710E-03  0.1170E-02  0.2457E+00  0.2455E-01  0.1904E+00  0.7080E-01  0.1636E+00  0.1069E-01  0.2037E+00  0.8840E-01  0.9347E-01  0.2423E-01
     -1.626  0.2287E+00  0.1610E-01  0.3293E-03  0.1645E-02  0.6724E-03  0.5636E-03  0.7398E-03  0.2112E-02  0.3209E+00  0.7369E-01  0.2347E+00  0.2035E+00  0.1979E+00  0.5444E-01  0.2136E+00  0.1598E+00  0.9374E-01  0.4591E-01
     -1.616  0.2758E+00  0.5611E-02  0.3606E-03  0.6154E-03  0.7577E-03  0.1803E-03  0.7710E-03  0.1260E-02  0.3416E+00  0.4502E-01  0.2495E+00  0.8462E-01  0.2170E+00  0.1813E-01  0.2152E+00  0.9482E-01  0.9127E-01  0.3248E-01
     -1.606  0.4523E+00  0.4691E-02  0.4602E-03  0.5158E-03  0.1154E-02  0.1458E-03  0.9646E-03  0.1221E-02  0.4045E+00  0.4899E-01  0.2937E+00  0.7371E-01  0.3175E+00  0.1452E-01  0.2479E+00  0.9133E-01  0.9890E-01  0.3266E-01
     -1.596  0.8713E+00  0.3427E-02  0.8403E-03  0.4017E-03  0.2086E-02  0.1000E-03  0.1764E-02  0.8912E-03  0.4517E+00  0.4343E-01  0.4228E+00  0.5931E-01  0.5153E+00  0.9629E-02  0.4406E+00  0.6882E-01  0.1082E+00  0.3002E-01
     -1.586  0.1245E+01  0.3473E-02  0.1086E-02  0.3794E-03  0.2732E-02  0.1027E-03  0.2309E-02  0.9861E-03  0.3964E+00  0.5541E-01  0.4640E+00  0.6101E-01  0.6342E+00  0.1058E-01  0.5649E+00  0.7618E-01  0.9080E-01  0.3310E-01
     -1.576  0.1435E+01  0.3521E-02  0.9841E-03  0.3817E-03  0.2833E-02  0.1051E-03  0.2182E-02  0.1030E-02  0.3083E+00  0.6859E-01  0.3881E+00  0.6332E-01  0.6632E+00  0.1128E-01  0.4960E+00  0.8001E-01  0.6462E-01  0.4405E-01
     -1.566  0.1405E+01  0.3909E-02  0.3087E-03  0.3749E-03  0.2166E-02  0.1111E-03  0.9682E-03  0.1112E-02  0.3813E+00  0.8851E-01  0.1431E+00  0.6875E-01  0.6000E+00  0.1233E-01  0.9718E-01  0.8914E-01  0.7006E-01  0.7760E-01
     -1.556  0.2570E+01  0.3281E-02  0.4457E-03  0.3166E-03  0.4021E-02  0.1044E-03  0.1489E-02  0.9467E-03  0.4636E+00  0.8712E-01  0.1961E+00  0.5811E-01  0.1115E+01  0.1306E-01  0.1469E+00  0.7624E-01  0.9457E-01  0.5956E-01
     -1.546  0.4560E+01  0.2541E-02  0.7142E-03  0.2494E-03  0.7201E-02  0.1001E-03  0.2235E-02  0.8564E-03  0.4871E+00  0.8116E-01  0.2965E+00  0.4728E-01  0.2025E+01  0.1423E-01  0.2363E+00  0.6968E-01  0.1596E+00  0.2574E-01
     -1.536  0.6052E+01  0.2649E-02  0.1221E-02  0.2489E-03  0.9477E-02  0.1068E-03  0.2369E-02  0.8935E-03  0.3589E+00  0.9267E-01  0.3472E+00  0.4887E-01  0.2686E+01  0.1581E-01  0.2788E+00  0.7474E-01  0.2539E+00  0.3122E-01
     -1.526  0.5010E+01  0.2762E-02  0.1492E-02  0.2477E-03  0.8172E-02  0.1138E-03  0.1306E-02  0.9251E-03  0.4130E+00  0.1047E+00  0.5021E+00  0.5020E-01  0.2456E+01  0.1742E-01  0.1787E+00  0.7955E-01  0.3277E+00  0.3704E-01
     -1.516  0.3774E+01  0.2900E-02  0.1505E-02  0.2465E-03  0.6621E-02  0.1215E-03  0.1287E-02  0.9465E-03  0.5044E+00  0.1187E+00  0.5742E+00  0.5117E-01  0.2089E+01  0.1894E-01  0.2235E+00  0.8367E-01  0.3604E+00  0.4331E-01
     -1.506  0.1883E+01  0.3060E-02  0.1459E-02  0.2452E-03  0.3582E-02  0.1300E-03  0.1305E-02  0.9610E-03  0.5366E+00  0.1343E+00  0.2382E+00  0.5185E-01  0.1041E+01  0.2048E-01  0.1884E+00  0.8748E-01  0.2866E+00  0.4999E-01
     -1.496  0.1644E+01  0.4688E-02  0.1548E-02  0.2904E-03  0.3114E-02  0.2054E-03  0.1627E-02  0.1156E-02  0.6330E+00  0.1933E+00  0.2501E+00  0.6532E-01  0.9104E+00  0.3259E-01  0.2266E+00  0.1132E+00  0.3146E+00  0.7648E-01
     -1.486  0.1046E+01  0.4543E-02  0.1221E-02  0.2353E-03  0.2156E-02  0.2026E-03  0.1555E-02  0.9905E-03  0.6796E+00  0.4381E+00  0.2162E+00  0.7945E-01  0.6275E+00  0.2977E-01  0.2050E+00  0.1120E+00  0.2714E+00  0.9310E-01
     -1.476  0.7413E+00  0.2728E-02  0.1029E-02  0.1627E-03  0.1557E-02  0.1153E-03  0.1343E-02  0.5943E-03  0.6942E+00  0.2449E+00  0.2054E+00  0.4432E-01  0.4497E+00  0.1803E-01  0.1708E+00  0.8121E-01  0.2711E+00  0.8362E-01
     -1.466  0.5289E+00  0.2288E-02  0.9098E-03  0.1555E-03  0.1110E-02  0.8150E-04  0.1119E-02  0.5390E-03  0.6749E+00  0.6326E-01  0.2017E+00  0.3620E-01  0.3161E+00  0.1493E-01  0.1404E+00  0.6794E-01  0.2758E+00  0.6157E-01
     -1.456  0.3676E+00  0.2871E-02  0.9400E-03  0.2189E-03  0.8409E-03  0.1015E-03  0.1236E-02  0.6990E-03  0.8106E+00  0.7944E-01  0.2144E+00  0.4693E-01  0.2355E+00  0.2044E-01  0.1507E+00  0.9749E-01  0.3304E+00  0.6452E-01
     -1.446  0.2262E+00  0.1053E-01  0.1314E-02  0.7025E-03  0.6415E-03  0.2849E-03  0.1526E-02  0.1369E-02  0.1313E+01  0.3587E+00  0.3118E+00  0.2674E+00  0.1662E+00  0.5544E-01  0.1867E+00  0.2184E+00  0.5964E+00  0.2069E+00
     -1.436  0.1404E+00  0.9891E-02  0.1709E-02  0.4399E-03  0.5189E-03  0.2277E-03  0.1805E-02  0.1024E-02  0.1751E+01  0.2674E+00  0.4002E+00  0.1876E+00  0.1226E+00  0.3773E-01  0.2198E+00  0.1690E+00  0.8464E+00  0.2288E+00
     -1.426  0.8215E-01  0.8642E-02  0.3337E-02  0.3426E-03  0.4247E-03  0.1977E-03  0.2112E-02  0.7775E-03  0.1858E+01  0.1767E+00  0.7637E+00  0.1472E+00  0.8541E-01  0.3257E-01  0.2101E+00  0.1236E+00  0.9821E+00  0.1666E+00
     -1.416  0.4742E-01  0.8540E-02  0.4054E-02  0.3205E-03  0.3085E-03  0.1956E-03  0.2216E-02  0.7082E-03  0.1650E+01  0.1367E+00  0.9093E+00  0.1336E+00  0.5647E-01  0.3211E-01  0.1730E+00  0.1095E+00  0.9678E+00  0.1423E+00
     -1.406  0.4368E-01  0.8429E-02  0.3662E-02  0.3006E-03  0.2629E-03  0.1927E-03  0.2452E-02  0.6331E-03  0.1975E+01  0.9864E-01  0.7633E+00  0.1201E+00  0.4852E-01  0.3160E-01  0.1860E+00  0.9506E-01  0.1178E+01  0.1151E+00
     -1.396  0.7860E-01  0.8477E-02  0.4568E-02  0.2869E-03  0.5231E-03  0.1890E-03  0.7428E-02  0.5488E-03  0.9122E+01  0.6768E-01  0.7631E+00  0.1090E+00  0.8914E-01  0.3105E-01  0.3867E+00  0.8046E-01  0.5272E+01  0.8568E-01
     -1.386  0.1353E+00  0.8262E-02  0.8589E-02  0.2663E-03  0.7517E-03  0.1757E-03  0.1131E-01  0.4926E-03  0.1228E+02  0.5218E-01  0.7968E+00  0.1000E+00  0.1444E+00  0.2931E-01  0.5939E+00  0.7133E-01  0.6697E+01  0.7195E-01
     -1.376  0.6698E-01  0.7950E-02  0.6370E-02  0.2437E-03  0.1067E-02  0.1605E-03  0.7201E-02  0.4376E-03  0.3328E+01  0.3752E-01  0.6639E+00  0.9030E-01  0.1532E+00  0.2731E-01  0.5864E+00  0.6237E-01  0.1879E+01  0.5873E-01
     -1.366  0.5260E-01  0.9594E-02  0.4902E-02  0.2476E-03  0.1209E-02  0.1910E-03  0.5236E-02  0.4259E-03  0.1787E+01  0.3109E-01  0.5663E+00  0.9871E-01  0.1543E+00  0.3113E-01  0.4737E+00  0.6009E-01  0.1071E+01  0.6494E-01
     -1.356  0.4866E-01  0.1373E-01  0.2907E-02  0.2647E-03  0.1338E-02  0.3078E-03  0.2384E-02  0.6997E-03  0.9951E+00  0.4514E-01  0.3497E+00  0.1164E+00  0.1603E+00  0.4549E-01  0.2211E+00  0.1154E+00  0.6398E+00  0.9157E-01
     -1.346  0.5287E-01  0.2454E-01  0.3093E-02  0.3567E-03  0.1520E-02  0.5188E-03  0.2396E-02  0.1174E-02  0.8221E+00  0.1119E+00  0.3639E+00  0.1843E+00  0.1777E+00  0.6992E-01  0.2249E+00  0.2093E+00  0.5299E+00  0.1828E+00
     -1.336  0.5835E-01  0.2505E-01  0.3340E-02  0.3389E-03  0.1737E-02  0.5291E-03  0.2540E-02  0.8770E-03  0.7116E+00  0.7931E-01  0.3863E+00  0.1691E+00  0.2009E+00  0.7067E-01  0.2447E+00  0.1627E+00  0.4677E+00  0.1710E+00
     -1.326  0.6385E-01  0.1977E-01  0.3580E-02  0.3087E-03  0.1956E-02  0.3790E-03  0.2684E-02  0.5987E-03  0.6041E+00  0.4263E-01  0.4076E+00  0.1418E+00  0.2241E+00  0.5524E-01  0.2642E+00  0.1054E+00  0.4069E+00  0.1097E+00
     -1.316  0.8421E-01  0.1868E-01  0.4411E-02  0.3081E-03  0.2696E-02  0.3321E-03  0.2892E-02  0.5181E-03  0.5131E+00  0.3315E-01  0.4878E+00  0.1388E+00  0.3037E+00  0.5116E-01  0.2834E+00  0.8911E-01  0.3511E+00  0.8790E-01
     -1.306  0.2032E+00  0.1783E-01  0.9348E-02  0.3044E-03  0.6447E-02  0.2920E-03  0.4208E-02  0.4701E-03  0.3949E+00  0.2937E-01  0.9938E+00  0.1359E+00  0.7107E+00  0.4730E-01  0.3884E+00  0.7971E-01  0.2823E+00  0.7083E-01
     -1.296  0.2223E+00  0.1754E-01  0.1057E-01  0.2942E-03  0.7629E-02  0.2724E-03  0.5240E-02  0.4377E-03  0.2494E+00  0.2795E-01  0.1075E+01  0.1316E+00  0.8318E+00  0.4498E-01  0.5102E+00  0.7453E-01  0.2248E+00  0.6249E-01
     -1.286  0.1609E+00  0.1742E-01  0.7973E-02  0.2805E-03  0.6174E-02  0.2604E-03  0.5403E-02  0.4074E-03  0.1726E+00  0.2623E-01  0.7818E+00  0.1266E+00  0.6776E+00  0.4334E-01  0.5696E+00  0.7022E-01  0.2038E+00  0.5681E-01
     -1.276  0.1250E+00  0.1719E-01  0.6484E-02  0.2643E-03  0.5138E-02  0.2467E-03  0.6998E-02  0.3751E-03  0.1339E+00  0.2418E-01  0.6221E+00  0.1207E+00  0.5717E+00  0.4140E-01  0.7856E+00  0.6550E-01  0.2278E+00  0.5070E-01
     -1.266  0.1073E+00  0.1689E-01  0.6329E-02  0.2468E-03  0.4361E-02  0.2322E-03  0.1005E-01  0.3420E-03  0.1213E+00  0.2212E-01  0.6228E+00  0.1143E+00  0.4869E+00  0.3927E-01  0.1159E+01  0.6062E-01  0.2905E+00  0.4468E-01
     -1.256  0.1219E+00  0.1650E-01  0.6645E-02  0.2273E-03  0.5129E-02  0.2164E-03  0.3531E-02  0.3065E-03  0.5519E-01  0.2000E-01  0.6204E+00  0.1071E+00  0.5049E+00  0.3685E-01  0.4049E+00  0.5536E-01  0.9441E-01  0.3859E-01
     -1.246  0.1349E+00  0.1571E-01  0.6251E-02  0.1982E-03  0.6609E-02  0.1920E-03  0.1155E-02  0.2623E-03  0.3084E-01  0.1734E-01  0.5185E+00  0.9603E-01  0.6593E+00  0.3297E-01  0.1358E+00  0.4910E-01  0.4254E-01  0.3284E-01
     -1.236  0.1130E+01  0.1489E-01  0.8209E-01  0.1752E-03  0.5547E-01  0.1754E-03  0.9379E-02  0.2288E-03  0.8990E-01  0.1624E-01  0.6849E+01  0.8656E-01  0.5048E+01  0.2997E-01  0.4929E+00  0.4438E-01  0.1886E+00  0.2927E-01
     -1.226  0.2640E+00  0.1542E-01  0.1732E-01  0.1619E-03  0.1509E-01  0.1688E-03  0.4690E-02  0.1938E-03  0.1783E-01  0.1627E-01  0.1327E+01  0.8370E-01  0.1471E+01  0.2913E-01  0.3278E+00  0.3919E-01  0.6743E-01  0.2644E-01
     -1.216  0.1334E+00  0.1649E-01  0.9370E-02  0.1611E-03  0.7791E-02  0.1681E-03  0.2874E-02  0.1765E-03  0.1324E-01  0.1645E-01  0.7494E+00  0.8610E-01  0.7543E+00  0.2991E-01  0.2221E+00  0.3647E-01  0.4673E-01  0.2448E-01
     -1.206  0.8460E-01  0.1758E-01  0.6508E-02  0.1641E-03  0.5083E-02  0.1695E-03  0.2031E-02  0.1689E-03  0.1094E-01  0.1657E-01  0.5434E+00  0.8966E-01  0.4902E+00  0.3109E-01  0.1590E+00  0.3524E-01  0.3189E-01  0.2327E-01
     -1.196  0.6717E-01  0.1858E-01  0.5624E-02  0.1662E-03  0.4168E-02  0.1710E-03  0.1949E-02  0.1628E-03  0.1072E-01  0.1661E-01  0.4827E+00  0.9274E-01  0.4017E+00  0.3216E-01  0.1551E+00  0.3433E-01  0.2829E-01  0.2229E-01
     -1.186  0.5430E-01  0.1966E-01  0.4919E-02  0.1688E-03  0.3508E-02  0.1732E-03  0.1896E-02  0.1573E-03  0.1072E-01  0.1670E-01  0.4341E+00  0.9615E-01  0.3387E+00  0.3335E-01  0.1549E+00  0.3351E-01  0.2614E-01  0.2138E-01
     -1.176  0.4426E-01  0.2081E-01  0.5282E-02  0.1720E-03  0.3314E-02  0.1761E-03  0.2159E-02  0.1524E-03  0.1728E-01  0.1681E-01  0.5358E+00  0.9988E-01  0.3395E+00  0.3466E-01  0.1897E+00  0.3279E-01  0.3266E-01  0.2053E-01
     -1.166  0.4643E-01  0.2294E-01  0.9263E-02  0.1793E-03  0.8260E-02  0.1867E-03  0.1167E-01  0.1819E-03  0.6139E-01  0.1777E-01  0.1419E+01  0.1065E+00  0.1067E+01  0.3710E-01  0.1123E+01  0.3982E-01  0.9176E-01  0.2204E-01
     -1.156  0.4321E-01  0.2558E-01  0.9496E-02  0.1840E-03  0.7498E-02  0.2005E-03  0.1174E-01  0.1958E-03  0.5713E-01  0.1894E-01  0.1395E+01  0.1120E+00  0.9383E+00  0.3932E-01  0.1160E+01  0.4359E-01  0.1145E+00  0.2424E-01
     -1.146  0.3061E-01  0.2835E-01  0.4431E-02  0.1919E-03  0.4888E-02  0.2163E-03  0.1662E-01  0.2045E-03  0.2868E-01  0.2011E-01  0.6096E+00  0.1188E+00  0.5339E+00  0.4188E-01  0.1602E+01  0.4591E-01  0.1479E+00  0.2665E-01
     -1.136  0.3196E-01  0.3138E-01  0.4465E-02  0.2020E-03  0.4362E-02  0.2344E-03  0.1353E-01  0.2164E-03  0.2365E-01  0.2143E-01  0.5129E+00  0.1266E+00  0.4297E+00  0.4477E-01  0.1306E+01  0.4885E-01  0.1366E+00  0.2959E-01
     -1.126  0.2218E-01  0.3530E-01  0.3535E-02  0.1763E-03  0.3079E-02  0.2652E-03  0.8525E-02  0.2811E-03  0.1706E-01  0.2263E-01  0.4100E+00  0.1156E+00  0.3132E+00  0.4464E-01  0.8058E+00  0.6172E-01  0.8758E-01  0.4014E-01
     -1.116  0.1679E-01  0.3912E-01  0.2964E-02  0.1164E-03  0.2431E-02  0.2917E-03  0.6558E-02  0.3186E-03  0.1350E-01  0.2201E-01  0.3463E+00  0.8448E-01  0.2503E+00  0.3965E-01  0.6085E+00  0.6885E-01  0.6759E-01  0.5085E-01
     -1.106  0.1206E-01  0.3655E-01  0.2410E-02  0.1094E-03  0.1853E-02  0.2262E-03  0.5165E-02  0.2129E-03  0.1033E-01  0.1713E-01  0.2834E+00  0.7629E-01  0.1919E+00  0.3034E-01  0.4668E+00  0.5074E-01  0.5345E-01  0.3281E-01
     -1.096  0.8490E-02  0.3842E-01  0.1964E-02  0.1050E-03  0.1354E-02  0.2270E-03  0.4020E-02  0.1859E-03  0.7846E-02  0.1586E-01  0.2289E+00  0.7393E-01  0.1394E+00  0.2997E-01  0.3482E+00  0.4424E-01  0.4426E-01  0.2867E-01
     -1.086  0.6473E-02  0.4006E-01  0.1570E-02  0.9842E-04  0.1041E-02  0.2271E-03  0.3375E-02  0.1601E-03  0.6288E-02  0.1443E-01  0.1795E+00  0.7020E-01  0.1047E+00  0.2920E-01  0.2893E+00  0.3796E-01  0.3768E-01  0.2521E-01
     -1.076  0.4439E-02  0.4135E-01  0.1208E-02  0.8961E-04  0.7185E-03  0.2258E-03  0.2813E-02  0.1356E-03  0.4950E-02  0.1281E-01  0.1354E+00  0.6518E-01  0.7085E-01  0.2794E-01  0.2378E+00  0.3189E-01  0.3051E-01  0.2241E-01
     -1.066  0.3043E-02  0.4255E-01  0.9560E-03  0.7953E-04  0.5006E-03  0.2243E-03  0.2388E-02  0.1118E-03  0.3954E-02  0.1114E-01  0.1051E+00  0.5918E-01  0.4884E-01  0.2642E-01  0.1977E+00  0.2592E-01  0.2460E-01  0.2008E-01
     -1.056  0.2898E-02  0.4654E-01  0.1156E-02  0.7684E-04  0.8157E-03  0.2389E-03  0.3584E-02  0.1094E-03  0.4501E-02  0.1103E-01  0.1391E+00  0.5888E-01  0.9394E-01  0.2688E-01  0.2779E+00  0.2556E-01  0.4559E-01  0.2074E-01
     -1.046  0.2697E-02  0.5176E-01  0.1364E-02  0.7734E-04  0.1108E-02  0.2600E-03  0.4720E-02  0.1147E-03  0.4918E-02  0.1154E-01  0.1756E+00  0.6105E-01  0.1402E+00  0.2818E-01  0.3480E+00  0.2732E-01  0.6645E-01  0.2243E-01
     -1.036  0.3085E-02  0.5728E-01  0.1571E-02  0.7814E-04  0.1493E-02  0.2822E-03  0.5600E-02  0.1201E-03  0.5091E-02  0.1208E-01  0.2152E+00  0.6340E-01  0.1955E+00  0.2949E-01  0.4049E+00  0.2914E-01  0.8038E-01  0.2425E-01
     -1.026  0.2999E-02  0.6714E-01  0.1357E-02  0.8725E-04  0.1388E-02  0.3227E-03  0.5259E-02  0.1424E-03  0.4170E-02  0.1379E-01  0.1901E+00  0.7159E-01  0.1828E+00  0.3224E-01  0.3701E+00  0.3648E-01  0.7483E-01  0.2989E-01
     -1.016  0.3058E-02  0.8643E-01  0.1185E-02  0.1167E-03  0.1325E-02  0.4030E-03  0.5168E-02  0.2099E-03  0.3592E-02  0.1800E-01  0.1701E+00  0.9524E-01  0.1749E+00  0.3911E-01  0.3543E+00  0.5762E-01  0.7257E-01  0.4571E-01
     -1.006  0.3453E-02  0.8825E-01  0.1169E-02  0.1082E-03  0.1390E-02  0.4065E-03  0.5381E-02  0.1921E-03  0.3380E-02  0.1745E-01  0.1709E+00  0.8945E-01  0.1848E+00  0.3772E-01  0.3565E+00  0.5329E-01  0.7509E-01  0.4497E-01
     -0.996  0.3871E-02  0.8820E-01  0.1075E-02  0.9771E-04  0.1255E-02  0.4022E-03  0.5199E-02  0.1732E-03  0.2805E-02  0.1666E-01  0.1525E+00  0.8185E-01  0.1689E+00  0.3574E-01  0.3240E+00  0.4869E-01  0.6937E-01  0.4392E-01
     -0.986  0.4308E-02  0.7921E-01  0.1006E-02  0.7963E-04  0.1204E-02  0.3595E-03  0.5068E-02  0.1466E-03  0.2662E-02  0.1450E-01  0.1435E+00  0.6665E-01  0.1638E+00  0.3099E-01  0.3092E+00  0.4232E-01  0.6740E-01  0.4218E-01
     -0.976  0.4791E-02  0.7272E-01  0.9342E-03  0.7461E-04  0.1154E-02  0.3335E-03  0.4940E-02  0.1796E-03  0.2534E-02  0.1620E-01  0.1340E+00  0.5642E-01  0.1586E+00  0.2438E-01  0.2949E+00  0.5877E-01  0.6534E-01  0.5587E-01
     -0.966  0.5243E-02  0.8198E-02  0.8808E-03  0.2074E-05  0.1070E-02  0.3889E-04  0.4779E-02  0.6048E-05  0.2307E-02  0.9022E-03  0.1241E+00  0.2743E-02  0.1469E+00  0.3747E-02  0.2815E+00  0.1229E-02  0.6223E-01  0.2052E-02
     -0.956  0.4982E-02  0.0000E+00  0.8068E-03  0.0000E+00  0.9909E-03  0.0000E+00  0.4550E-02  0.0000E+00  0.1915E-02  0.0000E+00  0.1125E+00  0.0000E+00  0.1358E+00  0.0000E+00  0.2621E+00  0.0000E+00  0.5812E-01  0.0000E+00
     -0.946  0.3683E-02  0.8245E+00  0.7063E-03  0.3552E-03  0.9232E-03  0.2795E-02  0.4269E-02  0.2021E-03  0.1422E-02  0.5310E-01  0.9891E-01  0.1929E+00  0.1262E+00  0.3485E-01  0.2385E+00  0.4371E-01  0.5313E-01  0.2308E-01
     -0.936  0.3749E-02  0.8740E+00  0.7117E-03  0.3253E-03  0.9697E-03  0.2847E-02  0.4729E-02  0.2909E-03  0.1330E-02  0.5069E-01  0.9413E-01  0.1685E+00  0.1304E+00  0.3127E-01  0.2617E+00  0.6500E-01  0.5632E-01  0.3862E-01
     -0.926  0.2592E-02  0.1003E+01  0.5957E-03  0.3450E-03  0.8275E-03  0.3186E-02  0.4070E-02  0.3474E-03  0.8162E-03  0.5579E-01  0.8279E-01  0.1794E+00  0.1149E+00  0.3406E-01  0.2147E+00  0.7676E-01  0.4753E-01  0.4631E-01
     -0.916  0.3453E-02  0.6635E+00  0.6744E-03  0.2111E-03  0.8642E-03  0.2016E-02  0.4388E-02  0.2400E-03  0.7471E-03  0.2921E-01  0.9331E-01  0.9695E-01  0.1247E+00  0.1693E-01  0.2251E+00  0.5178E-01  0.5016E-01  0.2323E-01
     -0.906  0.3332E-02  0.6723E+00  0.6727E-03  0.2024E-03  0.7481E-03  0.1973E-02  0.4446E-02  0.2418E-03  0.6633E-03  0.2904E-01  0.8941E-01  0.8977E-01  0.1115E+00  0.1331E-01  0.2233E+00  0.5244E-01  0.4960E-01  0.2767E-01
     -0.896  0.2452E-02  0.7855E+00  0.5163E-03  0.2164E-03  0.5179E-03  0.2231E-02  0.3425E-02  0.3080E-03  0.5097E-03  0.3209E-01  0.6601E-01  0.8481E-01  0.7842E-01  0.1019E-01  0.1710E+00  0.6720E-01  0.3762E-01  0.3610E-01
     -0.886  0.4815E-02  0.8209E+00  0.5230E-03  0.1983E-03  0.8976E-03  0.2288E-02  0.2489E-02  0.3331E-03  0.3758E-03  0.3169E-01  0.6858E-01  0.6567E-01  0.7337E-01  0.6704E-02  0.1308E+00  0.7308E-01  0.2421E-01  0.3767E-01
     -0.876  0.7470E-02  0.5258E+00  0.4524E-03  0.8324E-04  0.1466E-02  0.1476E-02  0.1541E-02  0.1718E-03  0.2240E-03  0.1482E-01  0.6701E-01  0.1352E-01  0.8150E-01  0.1156E-02  0.9057E-01  0.3501E-01  0.1104E-01  0.1187E-01
     -0.866  0.8840E-02  0.2462E-01  0.5262E-03  0.5752E-05  0.1774E-02  0.6809E-04  0.1827E-02  0.2078E-04  0.2789E-03  0.1313E-02  0.7703E-01  0.4039E-02  0.9682E-01  0.1808E-02  0.1064E+00  0.9331E-02  0.1327E-01  0.8301E-02
     -0.856  0.8795E-02  0.6154E-01  0.5996E-03  0.1489E-04  0.2007E-02  0.1707E-03  0.2119E-02  0.6512E-04  0.3407E-03  0.4104E-02  0.8418E-01  0.1292E-01  0.1101E+00  0.5591E-02  0.1197E+00  0.3052E-01  0.1619E-01  0.2797E-01
     -0.846  0.9786E-02  0.7879E-01  0.7270E-03  0.1842E-04  0.2386E-02  0.2045E-03  0.2684E-02  0.9205E-04  0.4605E-03  0.6230E-02  0.9834E-01  0.2095E-01  0.1306E+00  0.8747E-02  0.1487E+00  0.4663E-01  0.2120E-01  0.4493E-01
     -0.836  0.1085E-01  0.9576E-01  0.8795E-03  0.2070E-04  0.2917E-02  0.2271E-03  0.3439E-02  0.1038E-03  0.6735E-03  0.7709E-02  0.1146E+00  0.2719E-01  0.1584E+00  0.1115E-01  0.1876E+00  0.5647E-01  0.2764E-01  0.5738E-01
     -0.826  0.9676E-02  0.1240E+00  0.1107E-02  0.2445E-04  0.3049E-02  0.2798E-03  0.1896E-02  0.1203E-03  0.4915E-03  0.9446E-02  0.1386E+00  0.3373E-01  0.1709E+00  0.1369E-01  0.1009E+00  0.6815E-01  0.1606E-01  0.7022E-01
     -0.816  0.1011E-01  0.1541E+00  0.1391E-02  0.2824E-04  0.3602E-02  0.3358E-03  0.1798E-02  0.1363E-03  0.5229E-03  0.1123E-01  0.1715E+00  0.4045E-01  0.2055E+00  0.1631E-01  0.9267E-01  0.7986E-01  0.1683E-01  0.8296E-01
     -0.806  0.1056E-01  0.2404E+00  0.1683E-02  0.3968E-04  0.4215E-02  0.4900E-03  0.1884E-02  0.1555E-03  0.5767E-03  0.1423E-01  0.2061E+00  0.5737E-01  0.2443E+00  0.2416E-01  0.9426E-01  0.9695E-01  0.1940E-01  0.1008E+00
     -0.796  0.1044E-01  0.3461E+00  0.2218E-02  0.4518E-04  0.5045E-02  0.6575E-03  0.1990E-02  0.1238E-03  0.6153E-03  0.1516E-01  0.2624E+00  0.5754E-01  0.2987E+00  0.2662E-01  0.9779E-01  0.8133E-01  0.2183E-01  0.7603E-01
     -0.786  0.1024E-01  0.3838E+00  0.2356E-02  0.4472E-04  0.5833E-02  0.7176E-03  0.1678E-02  0.1281E-03  0.6881E-03  0.1628E-01  0.2888E+00  0.5651E-01  0.3469E+00  0.2445E-01  0.8755E-01  0.8489E-01  0.1789E-01  0.7557E-01
     -0.776  0.1820E-02  0.4477E+00  0.7068E-03  0.4544E-04  0.1599E-02  0.8268E-03  0.5210E-03  0.1363E-03  0.3082E-03  0.1786E-01  0.8301E-01  0.5589E-01  0.9847E-01  0.2227E-01  0.2581E-01  0.8921E-01  0.6062E-02  0.7539E-01
     -0.766  0.0000E+00  0.6842E+00  0.0000E+00  0.5310E-04  0.0000E+00  0.1258E-02  0.0000E+00  0.1726E-03  0.0000E+00  0.2130E-01  0.0000E+00  0.5954E-01  0.0000E+00  0.2044E-01  0.0000E+00  0.9740E-01  0.0000E+00  0.7633E-01
     -0.756  0.0000E+00  0.9283E+00  0.0000E+00  0.5809E-04  0.0000E+00  0.1716E-02  0.0000E+00  0.2841E-03  0.0000E+00  0.2790E-01  0.0000E+00  0.9708E-01  0.0000E+00  0.2929E-01  0.0000E+00  0.1640E+00  0.0000E+00  0.1161E+00
     -0.746  0.0000E+00  0.1018E+01  0.0000E+00  0.5622E-04  0.0000E+00  0.1873E-02  0.0000E+00  0.3610E-03  0.0000E+00  0.3083E-01  0.0000E+00  0.1305E+00  0.0000E+00  0.4076E-01  0.0000E+00  0.2228E+00  0.0000E+00  0.1492E+00
     -0.736  0.9034E-04  0.1477E+01  0.1059E-02  0.1448E-03  0.4398E-03  0.2645E-02  0.1432E-02  0.2552E-03  0.4028E-03  0.4699E-01  0.7459E-01  0.1047E+00  0.3700E-01  0.7500E-01  0.5160E-01  0.7526E-01  0.1434E-01  0.5637E-01
     -0.726  0.2390E-03  0.2026E+01  0.1540E-02  0.2535E-03  0.7538E-03  0.3578E-02  0.2010E-02  0.2969E-03  0.5923E-03  0.8753E-01  0.1113E+00  0.1440E+00  0.6208E-01  0.1358E+00  0.6998E-01  0.4110E-01  0.2028E-01  0.4469E-01
     -0.716  0.2514E-02  0.1563E+01  0.1498E-02  0.2387E-03  0.1274E-02  0.2655E-02  0.2552E-02  0.2588E-03  0.8346E-03  0.1424E+00  0.1059E+00  0.1599E+00  0.7947E-01  0.1361E+00  0.9316E-01  0.8382E-01  0.2177E-01  0.1040E+00
     -0.706  0.4444E-02  0.1374E+01  0.1830E-02  0.2427E-03  0.1973E-02  0.2236E-02  0.3581E-02  0.2288E-03  0.1213E-02  0.1869E+00  0.1265E+00  0.1614E+00  0.1114E+00  0.1310E+00  0.1336E+00  0.1095E+00  0.2843E-01  0.1447E+00
     -0.696  0.4633E-02  0.8363E+00  0.2099E-02  0.1758E-03  0.2304E-02  0.1340E-02  0.3952E-02  0.1833E-03  0.1027E-02  0.2041E+00  0.1426E+00  0.1753E+00  0.1288E+00  0.1063E+00  0.1466E+00  0.1674E+00  0.3202E-01  0.2132E+00
     -0.686  0.5015E-02  0.8945E+00  0.2420E-02  0.2199E-03  0.3084E-02  0.1266E-02  0.4391E-02  0.1627E-03  0.8853E-03  0.3058E+00  0.1606E+00  0.1846E+00  0.1674E+00  0.9702E-01  0.1644E+00  0.2595E+00  0.3589E-01  0.3407E+00
     -0.676  0.5135E-02  0.5272E+00  0.3045E-02  0.1329E-03  0.3494E-02  0.7825E-03  0.4946E-02  0.1649E-03  0.7475E-03  0.2018E+00  0.1985E+00  0.2264E+00  0.1943E+00  0.1013E+00  0.1772E+00  0.2232E+00  0.4226E-01  0.2658E+00
     -0.666  0.4591E-02  0.5724E+00  0.3931E-02  0.1265E-03  0.2799E-02  0.6634E-03  0.5424E-02  0.7260E-04  0.5619E-03  0.1931E+00  0.2567E+00  0.1139E+00  0.1763E+00  0.6991E-01  0.1764E+00  0.1441E+00  0.5025E-01  0.1941E+00
     -0.656  0.4504E-02  0.2359E+00  0.4156E-02  0.6107E-04  0.2445E-02  0.2578E-03  0.5510E-02  0.1625E-04  0.4330E-03  0.1131E+00  0.2697E+00  0.2493E-01  0.1636E+00  0.2194E-01  0.1733E+00  0.6340E-01  0.5242E-01  0.9717E-01
     -0.646  0.3762E-02  0.0000E+00  0.2771E-02  0.0000E+00  0.1677E-02  0.0000E+00  0.4082E-02  0.0000E+00  0.3153E-03  0.0000E+00  0.1696E+00  0.0000E+00  0.1008E+00  0.0000E+00  0.1316E+00  0.0000E+00  0.3644E-01  0.0000E+00
     -0.636  0.0000E+00  0.1874E+00  0.0000E+00  0.4671E-04  0.0000E+00  0.2525E-03  0.0000E+00  0.1950E-04  0.0000E+00  0.6890E-01  0.0000E+00  0.2231E-01  0.0000E+00  0.8171E-01  0.0000E+00  0.1333E-01  0.0000E+00  0.4875E-01
     -0.626  0.8992E-03  0.2001E+01  0.1569E-03  0.6521E-03  0.2013E-02  0.2806E-02  0.9400E-03  0.3052E-03  0.1500E-03  0.1471E+01  0.1504E-01  0.3964E+00  0.9379E-01  0.7577E+00  0.4401E-01  0.1628E+00  0.4477E-02  0.7687E+00
     -0.616  0.2336E-02  0.1997E+01  0.6339E-03  0.6736E-03  0.4135E-02  0.2817E-02  0.3075E-02  0.3474E-03  0.3068E-03  0.1791E+01  0.4012E-01  0.4473E+00  0.1866E+00  0.8153E+00  0.1278E+00  0.2310E+00  0.1546E-01  0.1012E+01
     -0.606  0.1224E-02  0.1193E+01  0.8509E-03  0.3740E-03  0.3389E-02  0.1412E-02  0.2345E-02  0.1496E-03  0.3693E-03  0.1209E+01  0.6504E-01  0.1540E+00  0.1710E+00  0.3659E+00  0.8589E-01  0.1761E+00  0.1346E-01  0.7305E+00
     -0.596  0.1139E-02  0.1380E+01  0.1301E-02  0.4742E-03  0.3682E-02  0.1587E-02  0.2731E-02  0.2306E-03  0.4501E-03  0.2146E+01  0.9795E-01  0.2277E+00  0.1978E+00  0.3773E+00  0.8954E-01  0.2691E+00  0.1733E-01  0.1310E+01
     -0.586  0.9439E-03  0.0000E+00  0.1315E-02  0.0000E+00  0.3292E-02  0.0000E+00  0.2589E-02  0.0000E+00  0.4668E-03  0.0000E+00  0.9795E-01  0.0000E+00  0.1820E+00  0.0000E+00  0.7987E-01  0.0000E+00  0.1703E-01  0.0000E+00
     -0.576  0.8162E-03  0.0000E+00  0.1313E-02  0.0000E+00  0.2927E-02  0.0000E+00  0.2476E-02  0.0000E+00  0.4612E-03  0.0000E+00  0.9622E-01  0.0000E+00  0.1657E+00  0.0000E+00  0.7221E-01  0.0000E+00  0.1668E-01  0.0000E+00
     -0.566  0.7729E-03  0.0000E+00  0.1370E-02  0.0000E+00  0.2724E-02  0.0000E+00  0.2527E-02  0.0000E+00  0.4591E-03  0.0000E+00  0.9827E-01  0.0000E+00  0.1572E+00  0.0000E+00  0.7051E-01  0.0000E+00  0.1722E-01  0.0000E+00
     -0.556  0.7304E-03  0.2073E+01  0.1416E-02  0.8303E-03  0.2520E-02  0.1319E-02  0.2563E-02  0.1719E-01  0.4548E-03  0.1245E+03  0.9955E-01  0.1379E+02  0.1483E+00  0.3874E+01  0.6860E-01  0.5663E+00  0.1764E-01  0.7020E+02
     -0.546  0.6861E-03  0.1226E+00  0.1518E-02  0.1005E-03  0.2375E-02  0.2234E-03  0.2683E-02  0.1033E-02  0.4790E-03  0.7187E+01  0.1046E+00  0.9195E+00  0.1435E+00  0.2903E+00  0.6712E-01  0.5664E-01  0.1854E-01  0.4122E+01
     -0.536  0.7760E-03  0.0000E+00  0.1729E-02  0.0000E+00  0.2253E-02  0.0000E+00  0.3118E-02  0.0000E+00  0.5164E-03  0.0000E+00  0.1134E+00  0.0000E+00  0.1398E+00  0.0000E+00  0.7472E-01  0.0000E+00  0.2126E-01  0.0000E+00
     -0.526  0.8286E-03  0.0000E+00  0.1860E-02  0.0000E+00  0.2132E-02  0.0000E+00  0.3440E-02  0.0000E+00  0.5262E-03  0.0000E+00  0.1174E+00  0.0000E+00  0.1343E+00  0.0000E+00  0.8098E-01  0.0000E+00  0.2300E-01  0.0000E+00
     -0.516  0.8682E-03  0.0000E+00  0.1963E-02  0.0000E+00  0.2044E-02  0.0000E+00  0.3710E-02  0.0000E+00  0.5298E-03  0.0000E+00  0.1202E+00  0.0000E+00  0.1299E+00  0.0000E+00  0.8639E-01  0.0000E+00  0.2430E-01  0.0000E+00
     -0.506  0.8937E-03  0.0000E+00  0.2031E-02  0.0000E+00  0.1962E-02  0.0000E+00  0.3904E-02  0.0000E+00  0.5229E-03  0.0000E+00  0.1210E+00  0.0000E+00  0.1253E+00  0.0000E+00  0.9035E-01  0.0000E+00  0.2503E-01  0.0000E+00
     -0.496  0.9627E-03  0.0000E+00  0.2165E-02  0.0000E+00  0.1987E-02  0.0000E+00  0.4190E-02  0.0000E+00  0.5345E-03  0.0000E+00  0.1264E+00  0.0000E+00  0.1273E+00  0.0000E+00  0.9523E-01  0.0000E+00  0.2633E-01  0.0000E+00
     -0.486  0.1102E-02  0.0000E+00  0.2359E-02  0.0000E+00  0.2176E-02  0.0000E+00  0.4512E-02  0.0000E+00  0.5805E-03  0.0000E+00  0.1377E+00  0.0000E+00  0.1394E+00  0.0000E+00  0.9905E-01  0.0000E+00  0.2817E-01  0.0000E+00
     -0.476  0.8756E-03  0.0000E+00  0.1394E-02  0.0000E+00  0.1630E-02  0.0000E+00  0.2486E-02  0.0000E+00  0.4229E-03  0.0000E+00  0.8969E-01  0.0000E+00  0.1035E+00  0.0000E+00  0.4905E-01  0.0000E+00  0.1665E-01  0.0000E+00
     -0.466  0.0000E+00  0.0000E+00  0.0000E+00  0.0000E+00  0.0000E+00  0.0000E+00  0.0000E+00  0.0000E+00  0.0000E+00  0.0000E+00  0.0000E+00  0.0000E+00  0.0000E+00  0.0000E+00  0.0000E+00  0.0000E+00  0.0000E+00  0.0000E+00
     -0.456  0.0000E+00  0.0000E+00  0.0000E+00  0.0000E+00  0.0000E+00  0.0000E+00  0.0000E+00  0.0000E+00  0.0000E+00  0.0000E+00  0.0000E+00  0.0000E+00  0.0000E+00  0.0000E+00  0.0000E+00  0.0000E+00  0.0000E+00  0.0000E+00
     -0.446  0.0000E+00  0.0000E+00  0.0000E+00  0.0000E+00  0.0000E+00  0.0000E+00  0.0000E+00  0.0000E+00  0.0000E+00  0.0000E+00  0.0000E+00  0.0000E+00  0.0000E+00  0.0000E+00  0.0000E+00  0.0000E+00  0.0000E+00  0.0000E+00
     -0.436  0.0000E+00  0.0000E+00  0.0000E+00  0.0000E+00  0.0000E+00  0.0000E+00  0.0000E+00  0.0000E+00  0.0000E+00  0.0000E+00  0.0000E+00  0.0000E+00  0.0000E+00  0.0000E+00  0.0000E+00  0.0000E+00  0.0000E+00  0.0000E+00
     -0.426  0.0000E+00  0.0000E+00  0.0000E+00  0.0000E+00  0.0000E+00  0.0000E+00  0.0000E+00  0.0000E+00  0.0000E+00  0.0000E+00  0.0000E+00  0.0000E+00  0.0000E+00  0.0000E+00  0.0000E+00  0.0000E+00  0.0000E+00  0.0000E+00
     -0.416  0.0000E+00  0.0000E+00  0.0000E+00  0.0000E+00  0.0000E+00  0.0000E+00  0.0000E+00  0.0000E+00  0.0000E+00  0.0000E+00  0.0000E+00  0.0000E+00  0.0000E+00  0.0000E+00  0.0000E+00  0.0000E+00  0.0000E+00  0.0000E+00
     -0.406  0.0000E+00  0.0000E+00  0.0000E+00  0.0000E+00  0.0000E+00  0.0000E+00  0.0000E+00  0.0000E+00  0.0000E+00  0.0000E+00  0.0000E+00  0.0000E+00  0.0000E+00  0.0000E+00  0.0000E+00  0.0000E+00  0.0000E+00  0.0000E+00
     -0.396  0.0000E+00  0.0000E+00  0.0000E+00  0.0000E+00  0.0000E+00  0.0000E+00  0.0000E+00  0.0000E+00  0.0000E+00  0.0000E+00  0.0000E+00  0.0000E+00  0.0000E+00  0.0000E+00  0.0000E+00  0.0000E+00  0.0000E+00  0.0000E+00
     -0.386  0.0000E+00  0.0000E+00  0.0000E+00  0.0000E+00  0.0000E+00  0.0000E+00  0.0000E+00  0.0000E+00  0.0000E+00  0.0000E+00  0.0000E+00  0.0000E+00  0.0000E+00  0.0000E+00  0.0000E+00  0.0000E+00  0.0000E+00  0.0000E+00
     -0.376  0.0000E+00  0.0000E+00  0.0000E+00  0.0000E+00  0.0000E+00  0.0000E+00  0.0000E+00  0.0000E+00  0.0000E+00  0.0000E+00  0.0000E+00  0.0000E+00  0.0000E+00  0.0000E+00  0.0000E+00  0.0000E+00  0.0000E+00  0.0000E+00
     -0.366  0.0000E+00  0.0000E+00  0.0000E+00  0.0000E+00  0.0000E+00  0.0000E+00  0.0000E+00  0.0000E+00  0.0000E+00  0.0000E+00  0.0000E+00  0.0000E+00  0.0000E+00  0.0000E+00  0.0000E+00  0.0000E+00  0.0000E+00  0.0000E+00
     -0.356  0.0000E+00  0.0000E+00  0.0000E+00  0.0000E+00  0.0000E+00  0.0000E+00  0.0000E+00  0.0000E+00  0.0000E+00  0.0000E+00  0.0000E+00  0.0000E+00  0.0000E+00  0.0000E+00  0.0000E+00  0.0000E+00  0.0000E+00  0.0000E+00
     -0.346  0.0000E+00  0.0000E+00  0.0000E+00  0.0000E+00  0.0000E+00  0.0000E+00  0.0000E+00  0.0000E+00  0.0000E+00  0.0000E+00  0.0000E+00  0.0000E+00  0.0000E+00  0.0000E+00  0.0000E+00  0.0000E+00  0.0000E+00  0.0000E+00
     -0.336  0.0000E+00  0.0000E+00  0.0000E+00  0.0000E+00  0.0000E+00  0.0000E+00  0.0000E+00  0.0000E+00  0.0000E+00  0.0000E+00  0.0000E+00  0.0000E+00  0.0000E+00  0.0000E+00  0.0000E+00  0.0000E+00  0.0000E+00  0.0000E+00
     -0.326  0.0000E+00  0.1856E-01  0.0000E+00  0.2680E-03  0.0000E+00  0.2768E-03  0.0000E+00  0.3750E-04  0.0000E+00  0.1312E-02  0.0000E+00  0.2628E+00  0.0000E+00  0.9661E-01  0.0000E+00  0.2120E-01  0.0000E+00  0.5368E-01
     -0.316  0.0000E+00  0.1148E+00  0.0000E+00  0.1432E-02  0.0000E+00  0.1617E-02  0.0000E+00  0.1907E-03  0.0000E+00  0.9947E-02  0.0000E+00  0.1272E+01  0.0000E+00  0.6449E+00  0.0000E+00  0.9138E-01  0.0000E+00  0.3234E+00
     -0.306  0.0000E+00  0.1366E+00  0.0000E+00  0.1704E-02  0.0000E+00  0.1929E-02  0.0000E+00  0.2312E-03  0.0000E+00  0.1272E-01  0.0000E+00  0.1437E+01  0.0000E+00  0.7848E+00  0.0000E+00  0.9724E-01  0.0000E+00  0.3862E+00
     -0.296  0.0000E+00  0.1191E+00  0.0000E+00  0.1516E-02  0.0000E+00  0.1705E-02  0.0000E+00  0.2141E-03  0.0000E+00  0.1132E-01  0.0000E+00  0.1207E+01  0.0000E+00  0.6973E+00  0.0000E+00  0.7526E-01  0.0000E+00  0.3392E+00
     -0.286  0.0000E+00  0.9196E-01  0.0000E+00  0.1251E-02  0.0000E+00  0.1350E-02  0.0000E+00  0.1831E-03  0.0000E+00  0.9719E-02  0.0000E+00  0.9727E+00  0.0000E+00  0.5388E+00  0.0000E+00  0.6318E-01  0.0000E+00  0.2656E+00
     -0.275  0.0000E+00  0.8646E-01  0.0000E+00  0.1220E-02  0.0000E+00  0.1297E-02  0.0000E+00  0.1852E-03  0.0000E+00  0.9469E-02  0.0000E+00  0.9060E+00  0.0000E+00  0.5135E+00  0.0000E+00  0.5852E-01  0.0000E+00  0.2522E+00
     -0.265  0.0000E+00  0.9597E-01  0.0000E+00  0.1357E-02  0.0000E+00  0.1452E-02  0.0000E+00  0.2107E-03  0.0000E+00  0.1066E-01  0.0000E+00  0.9555E+00  0.0000E+00  0.5813E+00  0.0000E+00  0.5952E-01  0.0000E+00  0.2811E+00
     -0.255  0.0000E+00  0.8917E-01  0.0000E+00  0.1317E-02  0.0000E+00  0.1375E-02  0.0000E+00  0.2094E-03  0.0000E+00  0.1098E-01  0.0000E+00  0.9016E+00  0.0000E+00  0.5444E+00  0.0000E+00  0.5762E-01  0.0000E+00  0.2644E+00
     -0.245  0.0000E+00  0.8246E-01  0.0000E+00  0.1274E-02  0.0000E+00  0.1295E-02  0.0000E+00  0.2073E-03  0.0000E+00  0.1106E-01  0.0000E+00  0.8484E+00  0.0000E+00  0.5061E+00  0.0000E+00  0.5562E-01  0.0000E+00  0.2474E+00
     -0.235  0.0000E+00  0.7584E-01  0.0000E+00  0.1230E-02  0.0000E+00  0.1215E-02  0.0000E+00  0.2048E-03  0.0000E+00  0.1108E-01  0.0000E+00  0.7954E+00  0.0000E+00  0.4680E+00  0.0000E+00  0.5354E-01  0.0000E+00  0.2306E+00
     -0.225  0.0000E+00  0.6731E-01  0.0000E+00  0.1181E-02  0.0000E+00  0.1105E-02  0.0000E+00  0.2026E-03  0.0000E+00  0.1079E-01  0.0000E+00  0.7251E+00  0.0000E+00  0.4173E+00  0.0000E+00  0.5085E-01  0.0000E+00  0.2083E+00
     -0.215  0.0000E+00  0.5819E-01  0.0000E+00  0.1133E-02  0.0000E+00  0.9850E-03  0.0000E+00  0.2007E-03  0.0000E+00  0.1035E-01  0.0000E+00  0.6497E+00  0.0000E+00  0.3625E+00  0.0000E+00  0.4799E-01  0.0000E+00  0.1843E+00
     -0.205  0.0000E+00  0.5233E-01  0.0000E+00  0.1110E-02  0.0000E+00  0.9110E-03  0.0000E+00  0.2010E-03  0.0000E+00  0.1044E-01  0.0000E+00  0.6114E+00  0.0000E+00  0.3263E+00  0.0000E+00  0.4746E-01  0.0000E+00  0.1697E+00
     -0.195  0.6786E-04  0.5058E-01  0.1173E-04  0.1153E-02  0.3905E-04  0.9024E-03  0.4252E-04  0.2126E-03  0.4667E-04  0.1173E-01  0.7243E-03  0.6143E+00  0.2012E-02  0.3167E+00  0.2490E-03  0.4930E-01  0.2075E-03  0.1679E+00
     -0.185  0.3596E-03  0.4960E-01  0.6972E-04  0.1199E-02  0.1876E-03  0.9033E-03  0.2169E-03  0.2244E-03  0.2177E-03  0.1304E-01  0.4025E-02  0.6192E+00  0.9884E-02  0.3120E+00  0.1316E-02  0.5074E-01  0.1065E-02  0.1681E+00
     -0.175  0.8275E-03  0.5071E-01  0.1941E-03  0.1248E-02  0.2972E-03  0.9312E-03  0.4340E-03  0.2360E-03  0.3083E-03  0.1442E-01  0.9722E-02  0.6288E+00  0.1719E-01  0.3214E+00  0.2861E-02  0.5146E-01  0.2144E-02  0.1736E+00
     -0.165  0.1344E-02  0.5183E-01  0.3340E-03  0.1298E-02  0.4036E-03  0.9596E-03  0.6661E-03  0.2478E-03  0.3907E-03  0.1584E-01  0.1598E-01  0.6381E+00  0.2460E-01  0.3310E+00  0.4540E-02  0.5211E-01  0.3297E-02  0.1793E+00
     -0.155  0.1900E-02  0.5015E-01  0.4858E-03  0.1303E-02  0.5095E-03  0.9402E-03  0.9113E-03  0.2516E-03  0.4704E-03  0.1589E-01  0.2266E-01  0.6262E+00  0.3220E-01  0.3196E+00  0.6327E-02  0.5158E-01  0.4514E-02  0.1756E+00
     -0.145  0.2534E-02  0.4800E-01  0.6641E-03  0.1302E-02  0.5483E-03  0.9122E-03  0.1148E-02  0.2541E-03  0.4721E-03  0.1559E-01  0.2938E-01  0.6125E+00  0.3706E-01  0.3041E+00  0.8160E-02  0.5104E-01  0.5604E-02  0.1703E+00
     -0.135  0.3694E-02  0.4583E-01  0.1006E-02  0.1302E-02  0.5642E-03  0.8834E-03  0.1519E-02  0.2565E-03  0.3896E-03  0.1514E-01  0.4154E-01  0.6005E+00  0.4345E-01  0.2877E+00  0.1102E-01  0.5069E-01  0.7276E-02  0.1648E+00
     -0.125  0.4751E-02  0.3462E-01  0.1291E-02  0.1161E-02  0.6722E-03  0.6737E-03  0.1910E-02  0.2229E-03  0.4375E-03  0.8508E-02  0.5258E-01  0.5425E+00  0.5333E-01  0.2019E+00  0.1385E-01  0.4945E-01  0.9094E-02  0.1241E+00
     -0.115  0.5848E-02  0.1694E-01  0.1585E-02  0.5950E-03  0.7788E-03  0.3295E-03  0.2312E-02  0.1130E-03  0.4832E-03  0.3712E-02  0.6392E-01  0.2796E+00  0.6330E-01  0.9679E-01  0.1676E-01  0.2595E-01  0.1095E-01  0.6046E-01
     -0.105  0.1008E-01  0.0000E+00  0.2661E-02  0.0000E+00  0.1165E-02  0.0000E+00  0.3966E-02  0.0000E+00  0.7308E-03  0.0000E+00  0.1046E+00  0.0000E+00  0.1002E+00  0.0000E+00  0.2887E-01  0.0000E+00  0.1842E-01  0.0000E+00
     -0.095  0.5272E-02  0.0000E+00  0.1452E-02  0.0000E+00  0.5697E-03  0.0000E+00  0.2098E-02  0.0000E+00  0.4021E-03  0.0000E+00  0.5413E-01  0.0000E+00  0.4988E-01  0.0000E+00  0.1539E-01  0.0000E+00  0.9490E-02  0.0000E+00
     -0.085  0.4150E-02  0.0000E+00  0.1192E-02  0.0000E+00  0.4087E-03  0.0000E+00  0.1591E-02  0.0000E+00  0.2706E-03  0.0000E+00  0.4270E-01  0.0000E+00  0.3706E-01  0.0000E+00  0.1160E-01  0.0000E+00  0.7066E-02  0.0000E+00
     -0.075  0.6541E-02  0.0000E+00  0.2133E-02  0.0000E+00  0.5397E-03  0.0000E+00  0.2290E-02  0.0000E+00  0.2334E-03  0.0000E+00  0.7196E-01  0.0000E+00  0.5325E-01  0.0000E+00  0.1637E-01  0.0000E+00  0.9980E-02  0.0000E+00
     -0.065  0.3977E-02  0.0000E+00  0.1235E-02  0.0000E+00  0.3198E-03  0.0000E+00  0.1440E-02  0.0000E+00  0.1894E-03  0.0000E+00  0.4120E-01  0.0000E+00  0.3163E-01  0.0000E+00  0.1041E-01  0.0000E+00  0.6187E-02  0.0000E+00
     -0.055  0.3318E-02  0.0000E+00  0.1027E-02  0.0000E+00  0.2553E-03  0.0000E+00  0.1211E-02  0.0000E+00  0.1657E-03  0.0000E+00  0.3365E-01  0.0000E+00  0.2566E-01  0.0000E+00  0.8800E-02  0.0000E+00  0.5140E-02  0.0000E+00
     -0.045  0.2951E-02  0.0000E+00  0.9262E-03  0.0000E+00  0.2154E-03  0.0000E+00  0.1075E-02  0.0000E+00  0.1455E-03  0.0000E+00  0.2974E-01  0.0000E+00  0.2214E-01  0.0000E+00  0.7836E-02  0.0000E+00  0.4506E-02  0.0000E+00
     -0.035  0.2581E-02  0.0000E+00  0.8246E-03  0.0000E+00  0.1767E-03  0.0000E+00  0.9386E-03  0.0000E+00  0.1257E-03  0.0000E+00  0.2585E-01  0.0000E+00  0.1867E-01  0.0000E+00  0.6870E-02  0.0000E+00  0.3876E-02  0.0000E+00
     -0.025  0.2356E-02  0.0000E+00  0.7634E-03  0.0000E+00  0.1495E-03  0.0000E+00  0.8538E-03  0.0000E+00  0.1115E-03  0.0000E+00  0.2336E-01  0.0000E+00  0.1635E-01  0.0000E+00  0.6269E-02  0.0000E+00  0.3468E-02  0.0000E+00
     -0.015  0.2247E-02  0.0000E+00  0.7349E-03  0.0000E+00  0.1310E-03  0.0000E+00  0.8103E-03  0.0000E+00  0.1019E-03  0.0000E+00  0.2198E-01  0.0000E+00  0.1492E-01  0.0000E+00  0.5965E-02  0.0000E+00  0.3236E-02  0.0000E+00
     -0.005  0.2133E-02  0.7036E-02  0.7053E-03  0.3910E-02  0.1126E-03  0.3890E-03  0.7657E-03  0.2815E-03  0.9257E-04  0.2495E+00  0.2058E-01  0.1604E+01  0.1348E-01  0.5000E+00  0.5655E-02  0.9558E-01  0.3001E-02  0.4191E-01
     0.005  0.2012E-02  0.1836E-01  0.6746E-03  0.4506E-02  0.9448E-04  0.8770E-03  0.7200E-03  0.2992E-03  0.8348E-04  0.3575E+00  0.1915E-01  0.1820E+01  0.1203E-01  0.8114E+00  0.5339E-02  0.1666E+00  0.2762E-02  0.1041E+00
     0.015  0.1859E-02  0.2932E-01  0.6634E-03  0.5209E-02  0.6503E-04  0.1484E-02  0.6394E-03  0.2881E-03  0.6914E-04  0.5027E+00  0.1764E-01  0.2034E+01  0.9763E-02  0.1199E+01  0.4747E-02  0.2425E+00  0.2350E-02  0.1757E+00
     0.025  0.0000E+00  0.4210E-01  0.0000E+00  0.6739E-02  0.0000E+00  0.2209E-02  0.0000E+00  0.3426E-03  0.0000E+00  0.6998E+00  0.0000E+00  0.2588E+01  0.0000E+00  0.1705E+01  0.0000E+00  0.3493E+00  0.0000E+00  0.2581E+00
     0.035  0.0000E+00  0.1461E+00  0.0000E+00  0.1827E-01  0.0000E+00  0.8361E-02  0.0000E+00  0.8066E-03  0.0000E+00  0.2281E+01  0.0000E+00  0.6807E+01  0.0000E+00  0.5916E+01  0.0000E+00  0.1283E+01  0.0000E+00  0.9593E+00
     0.045  0.0000E+00  0.2392E+00  0.0000E+00  0.2991E-01  0.0000E+00  0.1420E-01  0.0000E+00  0.8547E-03  0.0000E+00  0.4133E+01  0.0000E+00  0.1075E+02  0.0000E+00  0.9428E+01  0.0000E+00  0.1954E+01  0.0000E+00  0.1842E+01
     0.055  0.0000E+00  0.4057E-01  0.0000E+00  0.5544E-02  0.0000E+00  0.2567E-02  0.0000E+00  0.1268E-03  0.0000E+00  0.7809E+00  0.0000E+00  0.1965E+01  0.0000E+00  0.1679E+01  0.0000E+00  0.3303E+00  0.0000E+00  0.3479E+00
     0.065  0.0000E+00  0.0000E+00  0.0000E+00  0.0000E+00  0.0000E+00  0.0000E+00  0.0000E+00  0.0000E+00  0.0000E+00  0.0000E+00  0.0000E+00  0.0000E+00  0.0000E+00  0.0000E+00  0.0000E+00  0.0000E+00  0.0000E+00  0.0000E+00
     0.075  0.0000E+00  0.0000E+00  0.0000E+00  0.0000E+00  0.0000E+00  0.0000E+00  0.0000E+00  0.0000E+00  0.0000E+00  0.0000E+00  0.0000E+00  0.0000E+00  0.0000E+00  0.0000E+00  0.0000E+00  0.0000E+00  0.0000E+00  0.0000E+00
     0.085  0.0000E+00  0.0000E+00  0.0000E+00  0.0000E+00  0.0000E+00  0.0000E+00  0.0000E+00  0.0000E+00  0.0000E+00  0.0000E+00  0.0000E+00  0.0000E+00  0.0000E+00  0.0000E+00  0.0000E+00  0.0000E+00  0.0000E+00  0.0000E+00
     0.095  0.0000E+00  0.2349E+00  0.0000E+00  0.7897E-03  0.0000E+00  0.4563E-02  0.0000E+00  0.1480E-02  0.0000E+00  0.1715E+00  0.0000E+00  0.2085E+00  0.0000E+00  0.1434E+01  0.0000E+00  0.2789E+01  0.0000E+00  0.8768E+00
     0.105  0.0000E+00  0.1741E+00  0.0000E+00  0.1176E-02  0.0000E+00  0.2474E-02  0.0000E+00  0.1823E-02  0.0000E+00  0.1335E+00  0.0000E+00  0.3405E+00  0.0000E+00  0.6881E+00  0.0000E+00  0.2405E+01  0.0000E+00  0.5393E+00
     0.115  0.0000E+00  0.3198E+00  0.0000E+00  0.3037E-02  0.0000E+00  0.2920E-02  0.0000E+00  0.4722E-02  0.0000E+00  0.2427E+00  0.0000E+00  0.9449E+00  0.0000E+00  0.6713E+00  0.0000E+00  0.5097E+01  0.0000E+00  0.6536E+00
     0.125  0.0000E+00  0.6472E+00  0.0000E+00  0.7426E-02  0.0000E+00  0.3639E-02  0.0000E+00  0.1378E-01  0.0000E+00  0.9062E+00  0.0000E+00  0.2453E+01  0.0000E+00  0.7192E+00  0.0000E+00  0.1197E+02  0.0000E+00  0.7551E+00
     0.135  0.0000E+00  0.2403E+00  0.0000E+00  0.3857E-02  0.0000E+00  0.8503E-03  0.0000E+00  0.8399E-02  0.0000E+00  0.9928E+00  0.0000E+00  0.1269E+01  0.0000E+00  0.1849E+00  0.0000E+00  0.5316E+01  0.0000E+00  0.3950E+00
     0.145  0.0000E+00  0.1467E+00  0.0000E+00  0.3711E-02  0.0000E+00  0.2630E-03  0.0000E+00  0.5340E-02  0.0000E+00  0.6329E+00  0.0000E+00  0.1123E+01  0.0000E+00  0.3035E-01  0.0000E+00  0.3384E+01  0.0000E+00  0.2848E+00
     0.155  0.0000E+00  0.0000E+00  0.0000E+00  0.0000E+00  0.0000E+00  0.0000E+00  0.0000E+00  0.0000E+00  0.0000E+00  0.0000E+00  0.0000E+00  0.0000E+00  0.0000E+00  0.0000E+00  0.0000E+00  0.0000E+00  0.0000E+00  0.0000E+00
     0.165  0.0000E+00  0.1668E+00  0.0000E+00  0.2192E-02  0.0000E+00  0.5142E-03  0.0000E+00  0.2110E-01  0.0000E+00  0.6395E+01  0.0000E+00  0.7466E+00  0.0000E+00  0.1384E+00  0.0000E+00  0.4886E+01  0.0000E+00  0.5909E+01
     0.175  0.0000E+00  0.8436E-01  0.0000E+00  0.2532E-02  0.0000E+00  0.2393E-03  0.0000E+00  0.1021E-01  0.0000E+00  0.4886E+01  0.0000E+00  0.4221E+00  0.0000E+00  0.4104E+00  0.0000E+00  0.1754E+01  0.0000E+00  0.6846E+01
     0.185  0.0000E+00  0.1276E+00  0.0000E+00  0.4728E-02  0.0000E+00  0.2881E-03  0.0000E+00  0.1009E-01  0.0000E+00  0.8857E+01  0.0000E+00  0.5177E+00  0.0000E+00  0.1460E+01  0.0000E+00  0.1028E+01  0.0000E+00  0.1521E+02
     0.195  0.0000E+00  0.6151E-01  0.0000E+00  0.2910E-02  0.0000E+00  0.4204E-03  0.0000E+00  0.2307E-02  0.0000E+00  0.3697E+01  0.0000E+00  0.3557E+00  0.0000E+00  0.1227E+01  0.0000E+00  0.3749E+00  0.0000E+00  0.7371E+01
     0.205  0.0000E+00  0.0000E+00  0.0000E+00  0.0000E+00  0.0000E+00  0.0000E+00  0.0000E+00  0.0000E+00  0.0000E+00  0.0000E+00  0.0000E+00  0.0000E+00  0.0000E+00  0.0000E+00  0.0000E+00  0.0000E+00  0.0000E+00  0.0000E+00
     0.215  0.0000E+00  0.1257E+00  0.0000E+00  0.1266E-02  0.0000E+00  0.6330E-02  0.0000E+00  0.7662E-02  0.0000E+00  0.2267E+01  0.0000E+00  0.1898E+00  0.0000E+00  0.5336E+01  0.0000E+00  0.3840E+01  0.0000E+00  0.7267E+01
     0.225  0.0000E+00  0.6307E-01  0.0000E+00  0.3968E-03  0.0000E+00  0.3328E-02  0.0000E+00  0.5121E-02  0.0000E+00  0.7769E+00  0.0000E+00  0.6155E-01  0.0000E+00  0.2414E+01  0.0000E+00  0.1901E+01  0.0000E+00  0.2530E+01
     0.235  0.0000E+00  0.6336E-01  0.0000E+00  0.3653E-03  0.0000E+00  0.3402E-02  0.0000E+00  0.6036E-02  0.0000E+00  0.4865E+00  0.0000E+00  0.5508E-01  0.0000E+00  0.2153E+01  0.0000E+00  0.1791E+01  0.0000E+00  0.1637E+01
     0.245  0.0000E+00  0.7781E-01  0.0000E+00  0.4961E-03  0.0000E+00  0.4053E-02  0.0000E+00  0.7628E-02  0.0000E+00  0.4082E+00  0.0000E+00  0.6805E-01  0.0000E+00  0.2338E+01  0.0000E+00  0.1936E+01  0.0000E+00  0.1363E+01
     0.255  0.0000E+00  0.8313E-01  0.0000E+00  0.7226E-03  0.0000E+00  0.4495E-02  0.0000E+00  0.9372E-02  0.0000E+00  0.2919E+00  0.0000E+00  0.9331E-01  0.0000E+00  0.2399E+01  0.0000E+00  0.2114E+01  0.0000E+00  0.1035E+01
     0.265  0.0000E+00  0.7423E-01  0.0000E+00  0.8709E-03  0.0000E+00  0.4177E-02  0.0000E+00  0.9738E-02  0.0000E+00  0.1688E+00  0.0000E+00  0.1039E+00  0.0000E+00  0.2064E+01  0.0000E+00  0.1956E+01  0.0000E+00  0.6273E+00
     0.275  0.0000E+00  0.4285E-01  0.0000E+00  0.7477E-03  0.0000E+00  0.2405E-02  0.0000E+00  0.6236E-02  0.0000E+00  0.7853E-01  0.0000E+00  0.8637E-01  0.0000E+00  0.1123E+01  0.0000E+00  0.1139E+01  0.0000E+00  0.2728E+00
     0.285  0.0000E+00  0.3145E-01  0.0000E+00  0.6886E-03  0.0000E+00  0.1717E-02  0.0000E+00  0.4682E-02  0.0000E+00  0.4405E-01  0.0000E+00  0.7964E-01  0.0000E+00  0.7709E+00  0.0000E+00  0.8008E+00  0.0000E+00  0.1458E+00
     0.295  0.0000E+00  0.0000E+00  0.0000E+00  0.0000E+00  0.0000E+00  0.0000E+00  0.0000E+00  0.0000E+00  0.0000E+00  0.0000E+00  0.0000E+00  0.0000E+00  0.0000E+00  0.0000E+00  0.0000E+00  0.0000E+00  0.0000E+00  0.0000E+00
     0.305  0.0000E+00  0.0000E+00  0.0000E+00  0.0000E+00  0.0000E+00  0.0000E+00  0.0000E+00  0.0000E+00  0.0000E+00  0.0000E+00  0.0000E+00  0.0000E+00  0.0000E+00  0.0000E+00  0.0000E+00  0.0000E+00  0.0000E+00  0.0000E+00
     0.315  0.0000E+00  0.0000E+00  0.0000E+00  0.0000E+00  0.0000E+00  0.0000E+00  0.0000E+00  0.0000E+00  0.0000E+00  0.0000E+00  0.0000E+00  0.0000E+00  0.0000E+00  0.0000E+00  0.0000E+00  0.0000E+00  0.0000E+00  0.0000E+00
     0.325  0.0000E+00  0.0000E+00  0.0000E+00  0.0000E+00  0.0000E+00  0.0000E+00  0.0000E+00  0.0000E+00  0.0000E+00  0.0000E+00  0.0000E+00  0.0000E+00  0.0000E+00  0.0000E+00  0.0000E+00  0.0000E+00  0.0000E+00  0.0000E+00
     0.335  0.0000E+00  0.0000E+00  0.0000E+00  0.0000E+00  0.0000E+00  0.0000E+00  0.0000E+00  0.0000E+00  0.0000E+00  0.0000E+00  0.0000E+00  0.0000E+00  0.0000E+00  0.0000E+00  0.0000E+00  0.0000E+00  0.0000E+00  0.0000E+00
     0.345  0.0000E+00  0.0000E+00  0.0000E+00  0.0000E+00  0.0000E+00  0.0000E+00  0.0000E+00  0.0000E+00  0.0000E+00  0.0000E+00  0.0000E+00  0.0000E+00  0.0000E+00  0.0000E+00  0.0000E+00  0.0000E+00  0.0000E+00  0.0000E+00
     0.355  0.0000E+00  0.0000E+00  0.0000E+00  0.0000E+00  0.0000E+00  0.0000E+00  0.0000E+00  0.0000E+00  0.0000E+00  0.0000E+00  0.0000E+00  0.0000E+00  0.0000E+00  0.0000E+00  0.0000E+00  0.0000E+00  0.0000E+00  0.0000E+00
     0.365  0.0000E+00  0.0000E+00  0.0000E+00  0.0000E+00  0.0000E+00  0.0000E+00  0.0000E+00  0.0000E+00  0.0000E+00  0.0000E+00  0.0000E+00  0.0000E+00  0.0000E+00  0.0000E+00  0.0000E+00  0.0000E+00  0.0000E+00  0.0000E+00
     0.375  0.0000E+00  0.0000E+00  0.0000E+00  0.0000E+00  0.0000E+00  0.0000E+00  0.0000E+00  0.0000E+00  0.0000E+00  0.0000E+00  0.0000E+00  0.0000E+00  0.0000E+00  0.0000E+00  0.0000E+00  0.0000E+00  0.0000E+00  0.0000E+00
     0.385  0.0000E+00  0.0000E+00  0.0000E+00  0.0000E+00  0.0000E+00  0.0000E+00  0.0000E+00  0.0000E+00  0.0000E+00  0.0000E+00  0.0000E+00  0.0000E+00  0.0000E+00  0.0000E+00  0.0000E+00  0.0000E+00  0.0000E+00  0.0000E+00
     0.395  0.0000E+00  0.0000E+00  0.0000E+00  0.0000E+00  0.0000E+00  0.0000E+00  0.0000E+00  0.0000E+00  0.0000E+00  0.0000E+00  0.0000E+00  0.0000E+00  0.0000E+00  0.0000E+00  0.0000E+00  0.0000E+00  0.0000E+00  0.0000E+00
     0.405  0.0000E+00  0.0000E+00  0.0000E+00  0.0000E+00  0.0000E+00  0.0000E+00  0.0000E+00  0.0000E+00  0.0000E+00  0.0000E+00  0.0000E+00  0.0000E+00  0.0000E+00  0.0000E+00  0.0000E+00  0.0000E+00  0.0000E+00  0.0000E+00
     0.415  0.0000E+00  0.0000E+00  0.0000E+00  0.0000E+00  0.0000E+00  0.0000E+00  0.0000E+00  0.0000E+00  0.0000E+00  0.0000E+00  0.0000E+00  0.0000E+00  0.0000E+00  0.0000E+00  0.0000E+00  0.0000E+00  0.0000E+00  0.0000E+00
     0.425  0.0000E+00  0.0000E+00  0.0000E+00  0.0000E+00  0.0000E+00  0.0000E+00  0.0000E+00  0.0000E+00  0.0000E+00  0.0000E+00  0.0000E+00  0.0000E+00  0.0000E+00  0.0000E+00  0.0000E+00  0.0000E+00  0.0000E+00  0.0000E+00
     0.435  0.0000E+00  0.0000E+00  0.0000E+00  0.0000E+00  0.0000E+00  0.0000E+00  0.0000E+00  0.0000E+00  0.0000E+00  0.0000E+00  0.0000E+00  0.0000E+00  0.0000E+00  0.0000E+00  0.0000E+00  0.0000E+00  0.0000E+00  0.0000E+00
     0.445  0.0000E+00  0.0000E+00  0.0000E+00  0.0000E+00  0.0000E+00  0.0000E+00  0.0000E+00  0.0000E+00  0.0000E+00  0.0000E+00  0.0000E+00  0.0000E+00  0.0000E+00  0.0000E+00  0.0000E+00  0.0000E+00  0.0000E+00  0.0000E+00
     0.455  0.0000E+00  0.0000E+00  0.0000E+00  0.0000E+00  0.0000E+00  0.0000E+00  0.0000E+00  0.0000E+00  0.0000E+00  0.0000E+00  0.0000E+00  0.0000E+00  0.0000E+00  0.0000E+00  0.0000E+00  0.0000E+00  0.0000E+00  0.0000E+00
     0.465  0.0000E+00  0.0000E+00  0.0000E+00  0.0000E+00  0.0000E+00  0.0000E+00  0.0000E+00  0.0000E+00  0.0000E+00  0.0000E+00  0.0000E+00  0.0000E+00  0.0000E+00  0.0000E+00  0.0000E+00  0.0000E+00  0.0000E+00  0.0000E+00
     0.475  0.0000E+00  0.0000E+00  0.0000E+00  0.0000E+00  0.0000E+00  0.0000E+00  0.0000E+00  0.0000E+00  0.0000E+00  0.0000E+00  0.0000E+00  0.0000E+00  0.0000E+00  0.0000E+00  0.0000E+00  0.0000E+00  0.0000E+00  0.0000E+00
     0.485  0.0000E+00  0.0000E+00  0.0000E+00  0.0000E+00  0.0000E+00  0.0000E+00  0.0000E+00  0.0000E+00  0.0000E+00  0.0000E+00  0.0000E+00  0.0000E+00  0.0000E+00  0.0000E+00  0.0000E+00  0.0000E+00  0.0000E+00  0.0000E+00
     0.495  0.0000E+00  0.0000E+00  0.0000E+00  0.0000E+00  0.0000E+00  0.0000E+00  0.0000E+00  0.0000E+00  0.0000E+00  0.0000E+00  0.0000E+00  0.0000E+00  0.0000E+00  0.0000E+00  0.0000E+00  0.0000E+00  0.0000E+00  0.0000E+00
     0.505  0.0000E+00  0.0000E+00  0.0000E+00  0.0000E+00  0.0000E+00  0.0000E+00  0.0000E+00  0.0000E+00  0.0000E+00  0.0000E+00  0.0000E+00  0.0000E+00  0.0000E+00  0.0000E+00  0.0000E+00  0.0000E+00  0.0000E+00  0.0000E+00
     0.515  0.0000E+00  0.0000E+00  0.0000E+00  0.0000E+00  0.0000E+00  0.0000E+00  0.0000E+00  0.0000E+00  0.0000E+00  0.0000E+00  0.0000E+00  0.0000E+00  0.0000E+00  0.0000E+00  0.0000E+00  0.0000E+00  0.0000E+00  0.0000E+00
     0.525  0.0000E+00  0.0000E+00  0.0000E+00  0.0000E+00  0.0000E+00  0.0000E+00  0.0000E+00  0.0000E+00  0.0000E+00  0.0000E+00  0.0000E+00  0.0000E+00  0.0000E+00  0.0000E+00  0.0000E+00  0.0000E+00  0.0000E+00  0.0000E+00
     0.535  0.0000E+00  0.0000E+00  0.0000E+00  0.0000E+00  0.0000E+00  0.0000E+00  0.0000E+00  0.0000E+00  0.0000E+00  0.0000E+00  0.0000E+00  0.0000E+00  0.0000E+00  0.0000E+00  0.0000E+00  0.0000E+00  0.0000E+00  0.0000E+00
     0.545  0.0000E+00  0.0000E+00  0.0000E+00  0.0000E+00  0.0000E+00  0.0000E+00  0.0000E+00  0.0000E+00  0.0000E+00  0.0000E+00  0.0000E+00  0.0000E+00  0.0000E+00  0.0000E+00  0.0000E+00  0.0000E+00  0.0000E+00  0.0000E+00
     0.555  0.0000E+00  0.0000E+00  0.0000E+00  0.0000E+00  0.0000E+00  0.0000E+00  0.0000E+00  0.0000E+00  0.0000E+00  0.0000E+00  0.0000E+00  0.0000E+00  0.0000E+00  0.0000E+00  0.0000E+00  0.0000E+00  0.0000E+00  0.0000E+00
     0.565  0.0000E+00  0.0000E+00  0.0000E+00  0.0000E+00  0.0000E+00  0.0000E+00  0.0000E+00  0.0000E+00  0.0000E+00  0.0000E+00  0.0000E+00  0.0000E+00  0.0000E+00  0.0000E+00  0.0000E+00  0.0000E+00  0.0000E+00  0.0000E+00
     0.575  0.1491E-02  0.0000E+00  0.2333E-03  0.0000E+00  0.5266E-04  0.0000E+00  0.4932E-03  0.0000E+00  0.1548E-04  0.0000E+00  0.2442E-02  0.0000E+00  0.9551E-03  0.0000E+00  0.2756E-02  0.0000E+00  0.8159E-03  0.0000E+00
     0.585  0.7480E-03  0.0000E+00  0.1154E-03  0.0000E+00  0.3725E-04  0.0000E+00  0.2594E-03  0.0000E+00  0.1116E-04  0.0000E+00  0.1115E-02  0.0000E+00  0.3970E-03  0.0000E+00  0.1466E-02  0.0000E+00  0.4082E-03  0.0000E+00
     0.595  0.7438E-03  0.0000E+00  0.1156E-03  0.0000E+00  0.3951E-04  0.0000E+00  0.2574E-03  0.0000E+00  0.1107E-04  0.0000E+00  0.1104E-02  0.0000E+00  0.3865E-03  0.0000E+00  0.1438E-02  0.0000E+00  0.3994E-03  0.0000E+00
     0.605  0.7414E-03  0.0000E+00  0.1161E-03  0.0000E+00  0.4183E-04  0.0000E+00  0.2558E-03  0.0000E+00  0.1095E-04  0.0000E+00  0.1095E-02  0.0000E+00  0.3768E-03  0.0000E+00  0.1411E-02  0.0000E+00  0.3912E-03  0.0000E+00
     0.615  0.7409E-03  0.0000E+00  0.1169E-03  0.0000E+00  0.4423E-04  0.0000E+00  0.2544E-03  0.0000E+00  0.1081E-04  0.0000E+00  0.1089E-02  0.0000E+00  0.3681E-03  0.0000E+00  0.1385E-02  0.0000E+00  0.3837E-03  0.0000E+00
     0.625  0.7421E-03  0.0000E+00  0.1179E-03  0.0000E+00  0.4670E-04  0.0000E+00  0.2533E-03  0.0000E+00  0.1064E-04  0.0000E+00  0.1086E-02  0.0000E+00  0.3602E-03  0.0000E+00  0.1360E-02  0.0000E+00  0.3768E-03  0.0000E+00
     0.635  0.7451E-03  0.0000E+00  0.1192E-03  0.0000E+00  0.4924E-04  0.0000E+00  0.2524E-03  0.0000E+00  0.1044E-04  0.0000E+00  0.1085E-02  0.0000E+00  0.3531E-03  0.0000E+00  0.1336E-02  0.0000E+00  0.3706E-03  0.0000E+00
     0.645  0.7499E-03  0.1634E-02  0.1209E-03  0.7291E-04  0.5185E-04  0.5015E-05  0.2518E-03  0.1696E-03  0.1022E-04  0.8314E-03  0.1088E-02  0.4441E-02  0.3470E-03  0.4009E-02  0.1314E-02  0.9432E-02  0.3651E-03  0.1596E-02
     0.655  0.7604E-03  0.5758E-02  0.1232E-03  0.2917E-03  0.5475E-04  0.2032E-04  0.2538E-03  0.6737E-03  0.1019E-04  0.2822E-02  0.1097E-02  0.1695E-01  0.3435E-03  0.1527E-01  0.1307E-02  0.3596E-01  0.3635E-03  0.6130E-02
     0.665  0.7808E-03  0.3026E-02  0.1266E-03  0.1613E-03  0.5822E-04  0.1072E-04  0.2615E-03  0.3751E-03  0.1069E-04  0.1632E-02  0.1117E-02  0.8793E-02  0.3449E-03  0.7347E-02  0.1337E-02  0.1972E-01  0.3698E-03  0.3372E-02
     0.675  0.8012E-03  0.2911E-02  0.1301E-03  0.1591E-03  0.6173E-04  0.1050E-04  0.2692E-03  0.3630E-03  0.1118E-04  0.1522E-02  0.1137E-02  0.8516E-02  0.3462E-03  0.6943E-02  0.1366E-02  0.1872E-01  0.3761E-03  0.3182E-02
     0.685  0.8217E-03  0.2809E-02  0.1336E-03  0.1578E-03  0.6527E-04  0.1030E-04  0.2769E-03  0.3518E-03  0.1168E-04  0.1411E-02  0.1157E-02  0.8284E-02  0.3475E-03  0.6578E-02  0.1396E-02  0.1775E-01  0.3823E-03  0.3001E-02
     0.695  0.8422E-03  0.2720E-02  0.1371E-03  0.1573E-03  0.6884E-04  0.1013E-04  0.2846E-03  0.3414E-03  0.1218E-04  0.1299E-02  0.1177E-02  0.8097E-02  0.3487E-03  0.6251E-02  0.1425E-02  0.1680E-01  0.3885E-03  0.2830E-02
     0.705  0.8627E-03  0.2643E-02  0.1406E-03  0.1577E-03  0.7245E-04  0.9972E-05  0.2923E-03  0.3318E-03  0.1268E-04  0.1186E-02  0.1197E-02  0.7955E-02  0.3500E-03  0.5964E-02  0.1454E-02  0.1588E-01  0.3947E-03  0.2669E-02
     0.715  0.8833E-03  0.2633E-02  0.1441E-03  0.1605E-03  0.7610E-04  0.1007E-04  0.3001E-03  0.3316E-03  0.1319E-04  0.1137E-02  0.1218E-02  0.7967E-02  0.3512E-03  0.5827E-02  0.1483E-02  0.1554E-01  0.4008E-03  0.2608E-02
     0.725  0.9040E-03  0.2680E-02  0.1476E-03  0.1652E-03  0.7977E-04  0.1042E-04  0.3079E-03  0.3403E-03  0.1369E-04  0.1154E-02  0.1238E-02  0.8098E-02  0.3524E-03  0.5814E-02  0.1511E-02  0.1577E-01  0.4068E-03  0.2641E-02
     0.735  0.9639E-03  0.2727E-02  0.1524E-03  0.1699E-03  0.8898E-04  0.1078E-04  0.3205E-03  0.3490E-03  0.1444E-04  0.1170E-02  0.1275E-02  0.8229E-02  0.3592E-03  0.5798E-02  0.1566E-02  0.1599E-01  0.4163E-03  0.2672E-02
     0.745  0.1037E-02  0.2774E-02  0.1626E-03  0.1746E-03  0.9996E-04  0.1114E-04  0.3405E-03  0.3576E-03  0.1553E-04  0.1185E-02  0.1344E-02  0.8358E-02  0.3702E-03  0.5781E-02  0.1649E-02  0.1620E-01  0.4354E-03  0.2703E-02
     0.755  0.1116E-02  0.2820E-02  0.1765E-03  0.1793E-03  0.1118E-03  0.1151E-04  0.3655E-03  0.3663E-03  0.1685E-04  0.1200E-02  0.1434E-02  0.8486E-02  0.3833E-03  0.5762E-02  0.1749E-02  0.1641E-01  0.4609E-03  0.2733E-02
     0.765  0.1194E-02  0.2866E-02  0.1899E-03  0.1840E-03  0.1238E-03  0.1188E-04  0.3901E-03  0.3749E-03  0.1820E-04  0.1214E-02  0.1521E-02  0.8613E-02  0.3955E-03  0.5740E-02  0.1848E-02  0.1661E-01  0.4856E-03  0.2761E-02
     0.775  0.1271E-02  0.2911E-02  0.2029E-03  0.1887E-03  0.1359E-03  0.1226E-04  0.4143E-03  0.3835E-03  0.1956E-04  0.1228E-02  0.1604E-02  0.8739E-02  0.4067E-03  0.5717E-02  0.1944E-02  0.1681E-01  0.5096E-03  0.2789E-02
     0.785  0.1345E-02  0.2956E-02  0.2154E-03  0.1934E-03  0.1481E-03  0.1265E-04  0.4382E-03  0.3921E-03  0.2093E-04  0.1241E-02  0.1683E-02  0.8863E-02  0.4170E-03  0.5692E-02  0.2039E-02  0.1700E-01  0.5329E-03  0.2815E-02
     0.795  0.1419E-02  0.3059E-02  0.2276E-03  0.1994E-03  0.1604E-03  0.1337E-04  0.4618E-03  0.4033E-03  0.2232E-04  0.1265E-02  0.1759E-02  0.9071E-02  0.4264E-03  0.5712E-02  0.2132E-02  0.1732E-01  0.5554E-03  0.2849E-02
     0.805  0.1491E-02  0.3262E-02  0.2392E-03  0.2076E-03  0.1728E-03  0.1473E-04  0.4850E-03  0.4188E-03  0.2372E-04  0.1311E-02  0.1831E-02  0.9413E-02  0.4348E-03  0.5804E-02  0.2224E-02  0.1788E-01  0.5772E-03  0.2894E-02
     0.815  0.1561E-02  0.3460E-02  0.2505E-03  0.2154E-03  0.1853E-03  0.1616E-04  0.5078E-03  0.4339E-03  0.2514E-04  0.1358E-02  0.1899E-02  0.9742E-02  0.4423E-03  0.5884E-02  0.2313E-02  0.1841E-01  0.5983E-03  0.2936E-02
     0.825  0.1630E-02  0.3681E-02  0.2613E-03  0.2309E-03  0.1979E-03  0.1778E-04  0.5303E-03  0.4593E-03  0.2657E-04  0.1415E-02  0.1965E-02  0.1030E-01  0.4489E-03  0.6012E-02  0.2401E-02  0.1920E-01  0.6186E-03  0.3051E-02
     0.835  0.1136E-02  0.3919E-02  0.2615E-03  0.2532E-03  0.1326E-03  0.1960E-04  0.5063E-03  0.4940E-03  0.2172E-04  0.1483E-02  0.1822E-02  0.1105E-01  0.3834E-03  0.6174E-02  0.2124E-02  0.2021E-01  0.6018E-03  0.3233E-02
     0.845  0.1175E-02  0.4149E-02  0.2650E-03  0.2745E-03  0.1468E-03  0.2149E-04  0.5048E-03  0.5279E-03  0.2247E-04  0.1552E-02  0.1775E-02  0.1176E-01  0.3619E-03  0.6311E-02  0.2093E-02  0.2120E-01  0.5836E-03  0.3409E-02
     0.855  0.1064E-02  0.4371E-02  0.2017E-03  0.2948E-03  0.1430E-03  0.2345E-04  0.3754E-03  0.5611E-03  0.1940E-04  0.1622E-02  0.1293E-02  0.1243E-01  0.3015E-03  0.6422E-02  0.1566E-02  0.2215E-01  0.3846E-03  0.3579E-02
     0.865  0.1140E-02  0.4584E-02  0.2214E-03  0.3143E-03  0.1679E-03  0.2547E-04  0.4659E-03  0.5935E-03  0.3416E-04  0.1692E-02  0.1398E-02  0.1306E-01  0.3531E-03  0.6508E-02  0.1920E-02  0.2308E-01  0.4439E-03  0.3744E-02
     0.875  0.1100E-02  0.4788E-02  0.2175E-03  0.3329E-03  0.1610E-03  0.2757E-04  0.4344E-03  0.6252E-03  0.3175E-04  0.1764E-02  0.1344E-02  0.1364E-01  0.3347E-03  0.6568E-02  0.1776E-02  0.2398E-01  0.4165E-03  0.3903E-02
     0.885  0.1058E-02  0.3001E-02  0.2131E-03  0.3166E-03  0.1540E-03  0.1772E-04  0.4035E-03  0.5916E-03  0.2933E-04  0.1223E-02  0.1289E-02  0.1154E-01  0.3168E-03  0.5134E-02  0.1637E-02  0.1997E-01  0.3893E-03  0.3756E-02
     0.895  0.1015E-02  0.3105E-02  0.2082E-03  0.3335E-03  0.1470E-03  0.1927E-04  0.3732E-03  0.6205E-03  0.2687E-04  0.1241E-02  0.1232E-02  0.1198E-01  0.2993E-03  0.5146E-02  0.1503E-02  0.2048E-01  0.3624E-03  0.3890E-02
     0.905  0.9715E-03  0.3125E-02  0.2029E-03  0.3301E-03  0.1399E-03  0.2053E-04  0.3436E-03  0.6102E-03  0.2440E-04  0.1188E-02  0.1173E-02  0.1173E-01  0.2823E-03  0.4974E-02  0.1372E-02  0.1980E-01  0.3357E-03  0.3705E-02
     0.915  0.9293E-03  0.2822E-02  0.1970E-03  0.2427E-03  0.1336E-03  0.2076E-04  0.3186E-03  0.4403E-03  0.2252E-04  0.8545E-03  0.1113E-02  0.8582E-02  0.2675E-03  0.4107E-02  0.1265E-02  0.1440E-01  0.3121E-03  0.2209E-02
     0.925  0.8891E-03  0.2809E-02  0.1907E-03  0.2523E-03  0.1285E-03  0.2784E-04  0.3002E-03  0.5067E-03  0.2163E-04  0.1166E-02  0.1054E-02  0.8507E-02  0.2554E-03  0.3888E-02  0.1189E-02  0.1610E-01  0.2931E-03  0.2398E-02
     0.935  0.8470E-03  0.2682E-02  0.1839E-03  0.2449E-03  0.1231E-03  0.2587E-04  0.2813E-03  0.4709E-03  0.2074E-04  0.1038E-02  0.9933E-03  0.8127E-02  0.2430E-03  0.3722E-02  0.1111E-02  0.1473E-01  0.2737E-03  0.2221E-02
     0.945  0.8031E-03  0.2555E-02  0.1766E-03  0.2371E-03  0.1174E-03  0.2395E-04  0.2620E-03  0.4360E-03  0.1987E-04  0.9117E-03  0.9299E-03  0.7740E-02  0.2302E-03  0.3558E-02  0.1033E-02  0.1342E-01  0.2539E-03  0.2047E-02
     0.955  0.7574E-03  0.2428E-02  0.1689E-03  0.2290E-03  0.1113E-03  0.2207E-04  0.2421E-03  0.4020E-03  0.1901E-04  0.7880E-03  0.8641E-03  0.7345E-02  0.2171E-03  0.3396E-02  0.9539E-03  0.1216E-01  0.2338E-03  0.1875E-02
     0.965  0.7259E-03  0.2301E-02  0.1612E-03  0.2205E-03  0.1075E-03  0.2023E-04  0.2242E-03  0.3688E-03  0.1820E-04  0.6664E-03  0.8029E-03  0.6943E-02  0.2059E-03  0.3235E-02  0.8853E-03  0.1094E-01  0.2149E-03  0.1706E-02
     0.975  0.7118E-03  0.2193E-02  0.1538E-03  0.2122E-03  0.1063E-03  0.1935E-04  0.2087E-03  0.3482E-03  0.1744E-04  0.6082E-03  0.7477E-03  0.6573E-02  0.1970E-03  0.3100E-02  0.8297E-03  0.1024E-01  0.1978E-03  0.1595E-02
     0.985  0.7069E-03  0.2085E-02  0.1511E-03  0.2035E-03  0.1064E-03  0.1853E-04  0.1989E-03  0.3287E-03  0.1691E-04  0.5585E-03  0.7180E-03  0.6200E-02  0.1916E-03  0.2965E-02  0.7949E-03  0.9587E-02  0.1883E-03  0.1490E-02
     0.995  0.7059E-03  0.1975E-02  0.1503E-03  0.1944E-03  0.1069E-03  0.1768E-04  0.1914E-03  0.3089E-03  0.1649E-04  0.5099E-03  0.6989E-03  0.5818E-02  0.1877E-03  0.2828E-02  0.7689E-03  0.8937E-02  0.1819E-03  0.1385E-02
     1.005  0.7048E-03  0.1862E-02  0.1494E-03  0.1849E-03  0.1074E-03  0.1679E-04  0.1839E-03  0.2887E-03  0.1607E-04  0.4624E-03  0.6790E-03  0.5428E-02  0.1838E-03  0.2689E-02  0.7429E-03  0.8288E-02  0.1753E-03  0.1280E-02
     1.015  0.7033E-03  0.1746E-02  0.1484E-03  0.1750E-03  0.1079E-03  0.1587E-04  0.1763E-03  0.2682E-03  0.1564E-04  0.4161E-03  0.6583E-03  0.5029E-02  0.1798E-03  0.2547E-02  0.7168E-03  0.7639E-02  0.1687E-03  0.1175E-02
     1.025  0.7017E-03  0.1654E-02  0.1473E-03  0.1653E-03  0.1083E-03  0.1510E-04  0.1686E-03  0.2488E-03  0.1521E-04  0.3756E-03  0.6368E-03  0.4657E-02  0.1758E-03  0.2422E-02  0.6906E-03  0.7054E-02  0.1619E-03  0.1074E-02
     1.035  0.6998E-03  0.1618E-02  0.1460E-03  0.1566E-03  0.1088E-03  0.1475E-04  0.1608E-03  0.2325E-03  0.1478E-04  0.3462E-03  0.6145E-03  0.4357E-02  0.1717E-03  0.2340E-02  0.6643E-03  0.6615E-02  0.1550E-03  0.9820E-03
     1.045  0.7102E-03  0.1580E-02  0.1601E-03  0.1476E-03  0.1119E-03  0.1439E-04  0.1594E-03  0.2160E-03  0.1525E-04  0.3174E-03  0.6360E-03  0.4049E-02  0.1697E-03  0.2256E-02  0.6705E-03  0.6179E-02  0.1535E-03  0.8904E-03
     1.055  0.7267E-03  0.1565E-02  0.1804E-03  0.1445E-03  0.1164E-03  0.1419E-04  0.1620E-03  0.2066E-03  0.1618E-04  0.2952E-03  0.6762E-03  0.3906E-02  0.1701E-03  0.2223E-02  0.6921E-03  0.5915E-02  0.1548E-03  0.8477E-03
     1.065  0.8351E-03  0.1553E-02  0.2154E-03  0.1423E-03  0.1414E-03  0.1401E-04  0.2552E-03  0.1982E-03  0.2322E-04  0.2745E-03  0.7962E-03  0.3786E-02  0.2544E-03  0.2198E-02  0.9629E-03  0.5681E-02  0.1871E-03  0.8127E-03
     1.075  0.9719E-03  0.1540E-02  0.2547E-03  0.1398E-03  0.1755E-03  0.1382E-04  0.3511E-03  0.1898E-03  0.3026E-04  0.2540E-03  0.9319E-03  0.3661E-02  0.3369E-03  0.2173E-02  0.1239E-02  0.5448E-02  0.2238E-03  0.7772E-03
     1.085  0.1122E-02  0.1527E-02  0.2959E-03  0.1371E-03  0.2127E-03  0.1363E-04  0.4447E-03  0.1812E-03  0.3713E-04  0.2339E-03  0.1075E-02  0.3529E-02  0.4163E-03  0.2146E-02  0.1504E-02  0.5215E-02  0.2606E-03  0.7411E-03
     1.095  0.1260E-02  0.1513E-02  0.3523E-03  0.1342E-03  0.2488E-03  0.1343E-04  0.5560E-03  0.1725E-03  0.4547E-04  0.2140E-03  0.1277E-02  0.3393E-02  0.5027E-03  0.2118E-02  0.1800E-02  0.4983E-02  0.3048E-03  0.7045E-03
     1.105  0.1384E-02  0.1498E-02  0.4022E-03  0.1312E-03  0.2828E-03  0.1323E-04  0.6798E-03  0.1636E-03  0.5453E-04  0.1945E-03  0.1465E-02  0.3250E-02  0.5916E-03  0.2090E-02  0.2106E-02  0.4751E-02  0.3481E-03  0.6674E-03
     1.115  0.1439E-02  0.1551E-02  0.4389E-03  0.1337E-03  0.3058E-03  0.1670E-04  0.7977E-03  0.1999E-03  0.6313E-04  0.2180E-03  0.1619E-02  0.3241E-02  0.6672E-03  0.2366E-02  0.2362E-02  0.5425E-02  0.3822E-03  0.6582E-03
     1.126  0.1379E-02  0.1725E-02  0.4512E-03  0.1576E-03  0.3060E-03  0.2513E-04  0.7952E-03  0.2739E-03  0.6370E-04  0.2776E-03  0.1659E-02  0.3599E-02  0.6270E-03  0.2924E-02  0.2261E-02  0.6902E-02  0.3722E-03  0.7040E-03
     1.136  0.1190E-02  0.1937E-02  0.4326E-03  0.1884E-03  0.2756E-03  0.3443E-04  0.6658E-03  0.3489E-03  0.5475E-04  0.3381E-03  0.1560E-02  0.4073E-02  0.4799E-03  0.3503E-02  0.1861E-02  0.8385E-02  0.3219E-03  0.7609E-03
     1.146  0.1150E-02  0.2151E-02  0.4270E-03  0.2192E-03  0.2728E-03  0.4382E-04  0.6505E-03  0.4207E-03  0.5119E-04  0.3953E-03  0.1550E-02  0.4551E-02  0.4408E-03  0.4055E-02  0.1803E-02  0.9763E-02  0.3184E-03  0.8151E-03
     1.156  0.1122E-02  0.2301E-02  0.4222E-03  0.2421E-03  0.2730E-03  0.5286E-04  0.6519E-03  0.4940E-03  0.4813E-04  0.4529E-03  0.1553E-02  0.4873E-02  0.4141E-03  0.4523E-02  0.1786E-02  0.1106E-01  0.3213E-03  0.8456E-03
     1.166  0.1098E-02  0.2456E-02  0.4194E-03  0.2885E-03  0.2743E-03  0.6472E-04  0.6566E-03  0.5948E-03  0.4506E-04  0.5483E-03  0.1566E-02  0.5632E-02  0.3878E-03  0.5119E-02  0.1776E-02  0.1267E-01  0.3264E-03  0.9091E-03
     1.176  0.1079E-02  0.2501E-02  0.4186E-03  0.3394E-03  0.2769E-03  0.7751E-04  0.6647E-03  0.7042E-03  0.4199E-04  0.6654E-03  0.1588E-02  0.6484E-02  0.3620E-03  0.5646E-02  0.1773E-02  0.1418E-01  0.3337E-03  0.9608E-03
     1.186  0.1064E-02  0.2419E-02  0.4198E-03  0.3748E-03  0.2806E-03  0.8425E-04  0.6760E-03  0.7327E-03  0.3892E-04  0.7112E-03  0.1619E-02  0.7037E-02  0.3366E-03  0.5588E-02  0.1777E-02  0.1382E-01  0.3432E-03  0.9485E-03
     1.196  0.1078E-02  0.2122E-02  0.4339E-03  0.3547E-03  0.2913E-03  0.7699E-04  0.7211E-03  0.6330E-03  0.3622E-04  0.6236E-03  0.1714E-02  0.6573E-02  0.3186E-03  0.4654E-02  0.1857E-02  0.1141E-01  0.3700E-03  0.8305E-03
     1.206  0.1177E-02  0.2045E-02  0.4862E-03  0.3513E-03  0.3236E-03  0.7381E-04  0.8691E-03  0.5877E-03  0.3475E-04  0.5719E-03  0.1996E-02  0.6475E-02  0.3232E-03  0.4198E-02  0.2168E-02  0.1036E-01  0.4479E-03  0.8084E-03
     1.216  0.1104E-02  0.1976E-02  0.4937E-03  0.3490E-03  0.3126E-03  0.7296E-04  0.9174E-03  0.5758E-03  0.3259E-04  0.5379E-03  0.2028E-02  0.6427E-02  0.2977E-03  0.3885E-02  0.2244E-02  0.9972E-02  0.4699E-03  0.8118E-03
     1.226  0.8128E-03  0.1916E-02  0.4321E-03  0.3487E-03  0.2432E-03  0.7238E-04  0.8125E-03  0.5669E-03  0.2993E-04  0.5037E-03  0.1684E-02  0.6418E-02  0.2388E-03  0.3579E-02  0.1988E-02  0.9613E-02  0.4044E-03  0.8215E-03
     1.236  0.7580E-03  0.1866E-02  0.4074E-03  0.3502E-03  0.2314E-03  0.7205E-04  0.7765E-03  0.5609E-03  0.2863E-04  0.4694E-03  0.1578E-02  0.6449E-02  0.2257E-03  0.3280E-02  0.1894E-02  0.9287E-02  0.3818E-03  0.8375E-03
     1.246  0.7148E-03  0.1825E-02  0.3880E-03  0.3537E-03  0.2228E-03  0.7199E-04  0.7522E-03  0.5578E-03  0.2853E-04  0.4349E-03  0.1487E-02  0.6519E-02  0.2218E-03  0.2987E-02  0.1828E-02  0.8994E-02  0.3633E-03  0.8598E-03
     1.256  0.6804E-03  0.1793E-02  0.3727E-03  0.3591E-03  0.2168E-03  0.7220E-04  0.7361E-03  0.5576E-03  0.2926E-04  0.4002E-03  0.1409E-02  0.6628E-02  0.2242E-03  0.2702E-02  0.1783E-02  0.8734E-02  0.3477E-03  0.8883E-03
     1.266  0.8573E-03  0.1832E-02  0.4804E-03  0.3821E-03  0.3192E-03  0.7455E-04  0.8771E-03  0.5979E-03  0.3173E-04  0.3734E-03  0.1589E-02  0.7091E-02  0.2445E-03  0.2479E-02  0.2285E-02  0.8985E-02  0.4223E-03  0.9828E-03
     1.276  0.1106E-02  0.1899E-02  0.6082E-03  0.4206E-03  0.4602E-03  0.7828E-04  0.1045E-02  0.6919E-03  0.3489E-04  0.3595E-03  0.1806E-02  0.7818E-02  0.2719E-03  0.2304E-02  0.2885E-02  0.9958E-02  0.5102E-03  0.1147E-02
     1.286  0.1379E-02  0.1718E-02  0.7275E-03  0.4167E-03  0.6167E-03  0.7570E-04  0.1203E-02  0.7159E-03  0.3849E-04  0.3422E-03  0.1999E-02  0.7634E-02  0.3029E-03  0.2005E-02  0.3453E-02  0.1006E-01  0.5899E-03  0.1174E-02
     1.296  0.1701E-02  0.1504E-02  0.8596E-03  0.4020E-03  0.8096E-03  0.7305E-04  0.1377E-02  0.7258E-03  0.4642E-04  0.3399E-03  0.2219E-02  0.7215E-02  0.3590E-03  0.1777E-02  0.4056E-02  0.1007E-01  0.6701E-03  0.1156E-02
     1.306  0.2660E-02  0.1413E-02  0.1145E-02  0.3803E-03  0.1421E-02  0.7258E-04  0.1795E-02  0.7063E-03  0.6854E-04  0.3469E-03  0.2731E-02  0.6766E-02  0.5460E-03  0.1748E-02  0.5507E-02  0.9821E-02  0.8402E-03  0.1092E-02
     1.316  0.3338E-02  0.1389E-02  0.1367E-02  0.3711E-03  0.1881E-02  0.7716E-04  0.2118E-02  0.7069E-03  0.8024E-04  0.3600E-03  0.3126E-02  0.6442E-02  0.6627E-03  0.1738E-02  0.6635E-02  0.1001E-01  0.9704E-03  0.1066E-02
     1.326  0.1138E-02  0.1811E-02  0.5680E-03  0.4362E-03  0.6994E-03  0.1177E-03  0.1154E-02  0.8360E-03  0.5997E-04  0.4200E-03  0.1575E-02  0.6821E-02  0.4635E-03  0.1877E-02  0.3090E-02  0.1306E-01  0.4561E-03  0.1272E-02
     1.336  0.1075E-02  0.2278E-02  0.5347E-03  0.4934E-03  0.6783E-03  0.1633E-03  0.1129E-02  0.9540E-03  0.5834E-04  0.4830E-03  0.1470E-02  0.7131E-02  0.4592E-03  0.2027E-02  0.3007E-02  0.1591E-01  0.4349E-03  0.1448E-02
     1.346  0.1012E-02  0.2860E-02  0.5016E-03  0.5485E-03  0.6553E-03  0.2248E-03  0.1103E-02  0.1072E-02  0.5649E-04  0.5636E-03  0.1367E-02  0.7461E-02  0.4533E-03  0.2228E-02  0.2922E-02  0.1879E-01  0.4141E-03  0.1599E-02
     1.356  0.9492E-03  0.3775E-02  0.4689E-03  0.6613E-03  0.6304E-03  0.3438E-03  0.1077E-02  0.1284E-02  0.5442E-04  0.7719E-03  0.1265E-02  0.8592E-02  0.4458E-03  0.2807E-02  0.2836E-02  0.2340E-01  0.3939E-03  0.1816E-02
     1.366  0.8858E-03  0.4558E-02  0.4365E-03  0.7641E-03  0.6036E-03  0.4495E-03  0.1051E-02  0.1459E-02  0.5214E-04  0.8967E-03  0.1165E-02  0.9585E-02  0.4366E-03  0.3114E-02  0.2749E-02  0.2732E-01  0.3741E-03  0.2012E-02
     1.376  0.8510E-03  0.4180E-02  0.4098E-03  0.6940E-03  0.6001E-03  0.4225E-03  0.1035E-02  0.1364E-02  0.5063E-04  0.8392E-03  0.1079E-02  0.8704E-02  0.4356E-03  0.2920E-02  0.2695E-02  0.2526E-01  0.3578E-03  0.1822E-02
     1.386  0.8693E-03  0.2806E-02  0.3933E-03  0.5182E-03  0.6423E-03  0.3062E-03  0.1042E-02  0.1101E-02  0.5089E-04  0.7064E-03  0.1015E-02  0.6822E-02  0.4528E-03  0.2471E-02  0.2709E-02  0.1915E-01  0.3478E-03  0.1371E-02
     1.396  0.9026E-03  0.1760E-02  0.3941E-03  0.4031E-03  0.7038E-03  0.2228E-03  0.1125E-02  0.9310E-03  0.5750E-04  0.6124E-03  0.9875E-03  0.5596E-02  0.5153E-03  0.2142E-02  0.2892E-02  0.1511E-01  0.3529E-03  0.1078E-02
     1.406  0.9480E-03  0.1637E-02  0.4117E-03  0.3715E-03  0.7770E-03  0.2141E-03  0.1286E-02  0.9009E-03  0.6960E-04  0.5793E-03  0.9947E-03  0.5088E-02  0.6182E-03  0.2025E-02  0.3246E-02  0.1457E-01  0.3749E-03  0.1010E-02
     1.416  0.1291E-02  0.1516E-02  0.5814E-03  0.3402E-03  0.1072E-02  0.2046E-03  0.1531E-02  0.8696E-03  0.8558E-04  0.5440E-03  0.1424E-02  0.4587E-02  0.7411E-03  0.1903E-02  0.3756E-02  0.1400E-01  0.4604E-03  0.9451E-03
     1.426  0.1592E-02  0.1396E-02  0.6205E-03  0.3091E-03  0.1328E-02  0.1941E-03  0.9344E-03  0.8373E-03  0.4747E-04  0.5065E-03  0.1568E-02  0.4092E-02  0.4506E-03  0.1775E-02  0.2408E-02  0.1341E-01  0.3647E-03  0.8818E-03
     1.436  0.2087E-02  0.1405E-02  0.8151E-03  0.2979E-03  0.1730E-02  0.2098E-03  0.1084E-02  0.8656E-03  0.5704E-04  0.5296E-03  0.2096E-02  0.3848E-02  0.5251E-03  0.1860E-02  0.2719E-02  0.1381E-01  0.4453E-03  0.8516E-03
     1.446  0.2328E-02  0.1449E-02  0.8912E-03  0.2966E-03  0.1937E-02  0.2356E-03  0.1191E-02  0.9404E-03  0.6288E-04  0.5953E-03  0.2278E-02  0.3723E-02  0.5807E-03  0.2099E-02  0.2949E-02  0.1487E-01  0.4814E-03  0.8430E-03
     1.456  0.1986E-02  0.1494E-02  0.8299E-03  0.2978E-03  0.1643E-02  0.2606E-03  0.1037E-02  0.1022E-02  0.4732E-04  0.6594E-03  0.2103E-02  0.3622E-02  0.4280E-03  0.2339E-02  0.2432E-02  0.1599E-01  0.4378E-03  0.8432E-03
     1.466  0.2133E-02  0.1980E-02  0.8699E-03  0.4119E-03  0.1811E-02  0.3530E-03  0.1255E-02  0.1155E-02  0.5795E-04  0.7415E-03  0.2151E-02  0.4978E-02  0.5351E-03  0.2637E-02  0.2869E-02  0.1761E-01  0.4730E-03  0.9984E-03
     1.476  0.2320E-02  0.2285E-02  0.9403E-03  0.4305E-03  0.1988E-02  0.3812E-03  0.1431E-02  0.6838E-03  0.6568E-04  0.3847E-03  0.2280E-02  0.5250E-02  0.6071E-03  0.1262E-02  0.3214E-02  0.1102E-01  0.5127E-03  0.8385E-03
     1.486  0.2720E-02  0.2846E-02  0.1070E-02  0.5453E-03  0.2345E-02  0.4774E-03  0.1611E-02  0.7780E-03  0.7650E-04  0.4401E-03  0.2590E-02  0.6710E-02  0.6871E-03  0.1442E-02  0.3552E-02  0.1219E-01  0.5654E-03  0.9945E-03
     1.496  0.3567E-02  0.3148E-02  0.1302E-02  0.6028E-03  0.3077E-02  0.5333E-03  0.1840E-02  0.8596E-03  0.9431E-04  0.4849E-03  0.3211E-02  0.7356E-02  0.8002E-03  0.1599E-02  0.3961E-02  0.1323E-01  0.6457E-03  0.1081E-02
     1.506  0.4417E-02  0.2907E-02  0.1534E-02  0.6053E-03  0.3807E-02  0.4973E-03  0.2065E-02  0.8593E-03  0.1109E-03  0.4311E-03  0.3824E-02  0.7166E-02  0.9034E-03  0.1401E-02  0.4353E-02  0.1252E-01  0.7240E-03  0.1097E-02
     1.516  0.5277E-02  0.2845E-02  0.1766E-02  0.6282E-03  0.4538E-02  0.5007E-03  0.2284E-02  0.9129E-03  0.1266E-03  0.4513E-03  0.4439E-02  0.7266E-02  0.9969E-03  0.1495E-02  0.4721E-02  0.1259E-01  0.8009E-03  0.1127E-02
     1.526  0.5205E-02  0.3201E-02  0.1774E-02  0.7068E-03  0.4458E-02  0.5759E-03  0.2254E-02  0.1063E-02  0.1197E-03  0.5356E-03  0.4406E-02  0.8087E-02  0.9453E-03  0.1778E-02  0.4593E-02  0.1429E-01  0.7928E-03  0.1244E-02
     1.536  0.4466E-02  0.4191E-02  0.1584E-02  0.9079E-03  0.3846E-02  0.7516E-03  0.1936E-02  0.1237E-02  0.9702E-04  0.6458E-03  0.3824E-02  0.1060E-01  0.7816E-03  0.2085E-02  0.3916E-02  0.1603E-01  0.6920E-03  0.1472E-02
     1.546  0.2957E-02  0.5370E-02  0.1186E-02  0.1138E-02  0.2669E-02  0.9504E-03  0.1348E-02  0.1423E-02  0.6009E-04  0.7483E-03  0.2587E-02  0.1348E-01  0.5371E-03  0.2371E-02  0.2764E-02  0.1767E-01  0.4949E-03  0.1733E-02
     1.556  0.2734E-02  0.6548E-02  0.1136E-02  0.1367E-02  0.2495E-02  0.1148E-02  0.1221E-02  0.1602E-02  0.5134E-04  0.8424E-03  0.2413E-02  0.1631E-01  0.4654E-03  0.2633E-02  0.2483E-02  0.1918E-01  0.4608E-03  0.1982E-02
     1.566  0.2510E-02  0.6630E-02  0.1088E-02  0.1419E-02  0.2323E-02  0.1156E-02  0.1096E-02  0.1630E-02  0.4301E-04  0.8143E-03  0.2245E-02  0.1668E-01  0.3969E-03  0.2616E-02  0.2207E-02  0.1910E-01  0.4274E-03  0.2035E-02
     1.576  0.2305E-02  0.6530E-02  0.1046E-02  0.1441E-02  0.2165E-02  0.1135E-02  0.9756E-03  0.1635E-02  0.3523E-04  0.7756E-03  0.2096E-02  0.1663E-01  0.3323E-03  0.2569E-02  0.1943E-02  0.1883E-01  0.3967E-03  0.2053E-02
     1.586  0.2211E-02  0.6133E-02  0.1033E-02  0.1405E-02  0.2079E-02  0.1063E-02  0.8810E-03  0.1516E-02  0.2884E-04  0.6716E-03  0.2040E-02  0.1588E-01  0.2753E-03  0.2262E-02  0.1719E-02  0.1719E-01  0.3798E-03  0.1978E-02
     1.596  0.2205E-02  0.5267E-02  0.1062E-02  0.1269E-02  0.2121E-02  0.9175E-03  0.8256E-03  0.1249E-02  0.2746E-04  0.5097E-03  0.2050E-02  0.1398E-01  0.2672E-03  0.1770E-02  0.1577E-02  0.1389E-01  0.3724E-03  0.1756E-02
     1.606  0.2261E-02  0.3871E-02  0.1098E-02  0.1024E-02  0.2252E-02  0.7038E-03  0.8316E-03  0.9817E-03  0.3076E-04  0.3491E-03  0.2077E-02  0.1055E-01  0.3067E-03  0.1349E-02  0.1571E-02  0.1089E-01  0.3724E-03  0.1440E-02
     1.616  0.2277E-02  0.3508E-02  0.1108E-02  0.9754E-03  0.2355E-02  0.6492E-03  0.8321E-03  0.8806E-03  0.3239E-04  0.2835E-03  0.2043E-02  0.9795E-02  0.3286E-03  0.1158E-02  0.1548E-02  0.9543E-02  0.3649E-03  0.1354E-02
     1.626  0.2265E-02  0.3148E-02  0.1099E-02  0.9288E-03  0.2406E-02  0.5962E-03  0.8256E-03  0.7810E-03  0.3323E-04  0.2215E-03  0.1993E-02  0.9060E-02  0.3431E-03  0.9796E-03  0.1515E-02  0.8234E-02  0.3555E-03  0.1268E-02
     1.636  0.2237E-02  0.3040E-02  0.1084E-02  0.9254E-03  0.2427E-02  0.5956E-03  0.8167E-03  0.7166E-03  0.3367E-04  0.1889E-03  0.1938E-02  0.8763E-02  0.3536E-03  0.9113E-03  0.1479E-02  0.7284E-02  0.3458E-03  0.1219E-02
     1.646  0.2210E-02  0.3109E-02  0.1067E-02  0.9390E-03  0.2447E-02  0.6436E-03  0.8086E-03  0.7188E-03  0.3418E-04  0.2084E-03  0.1884E-02  0.8663E-02  0.3645E-03  0.1004E-02  0.1443E-02  0.7222E-02  0.3361E-03  0.1191E-02
     1.656  0.2182E-02  0.3062E-02  0.1050E-02  0.8931E-03  0.2468E-02  0.6711E-03  0.8012E-03  0.6974E-03  0.3475E-04  0.2165E-03  0.1829E-02  0.7945E-02  0.3756E-03  0.1043E-02  0.1409E-02  0.6921E-02  0.3264E-03  0.1087E-02
     1.666  0.2155E-02  0.3023E-02  0.1033E-02  0.8747E-03  0.2490E-02  0.6844E-03  0.7946E-03  0.6907E-03  0.3538E-04  0.2222E-03  0.1775E-02  0.7664E-02  0.3872E-03  0.1067E-02  0.1375E-02  0.6791E-02  0.3168E-03  0.1048E-02
     1.676  0.2129E-02  0.2984E-02  0.1015E-02  0.8598E-03  0.2511E-02  0.6951E-03  0.7887E-03  0.6860E-03  0.3607E-04  0.2275E-03  0.1721E-02  0.7447E-02  0.3990E-03  0.1088E-02  0.1341E-02  0.6678E-02  0.3072E-03  0.1018E-02
     1.686  0.2172E-02  0.2946E-02  0.1019E-02  0.8452E-03  0.2604E-02  0.7061E-03  0.8076E-03  0.6817E-03  0.3800E-04  0.2329E-03  0.1710E-02  0.7235E-02  0.4252E-03  0.1109E-02  0.1362E-02  0.6567E-02  0.3055E-03  0.9891E-03
     1.696  0.2222E-02  0.2909E-02  0.1025E-02  0.8307E-03  0.2706E-02  0.7175E-03  0.8292E-03  0.6780E-03  0.4005E-04  0.2387E-03  0.1703E-02  0.7028E-02  0.4533E-03  0.1131E-02  0.1388E-02  0.6459E-02  0.3047E-03  0.9602E-03
     1.706  0.2314E-02  0.2875E-02  0.1064E-02  0.8164E-03  0.2874E-02  0.7293E-03  0.8647E-03  0.6748E-03  0.4291E-04  0.2447E-03  0.1724E-02  0.6827E-02  0.4948E-03  0.1154E-02  0.1434E-02  0.6353E-02  0.3085E-03  0.9317E-03
     1.716  0.2460E-02  0.2842E-02  0.1167E-02  0.8023E-03  0.3120E-02  0.7414E-03  0.9041E-03  0.6721E-03  0.4788E-04  0.2509E-03  0.1812E-02  0.6630E-02  0.5537E-03  0.1177E-02  0.1486E-02  0.6249E-02  0.3174E-03  0.9036E-03
     1.726  0.3339E-02  0.2812E-02  0.1524E-02  0.7883E-03  0.4247E-02  0.7538E-03  0.1149E-02  0.6699E-03  0.6184E-04  0.2574E-03  0.2270E-02  0.6439E-02  0.7170E-03  0.1201E-02  0.1903E-02  0.6148E-02  0.3973E-03  0.8759E-03
     1.736  0.3500E-02  0.2787E-02  0.1665E-02  0.7758E-03  0.4467E-02  0.7681E-03  0.1259E-02  0.6697E-03  0.6687E-04  0.2644E-03  0.2443E-02  0.6256E-02  0.7571E-03  0.1225E-02  0.2055E-02  0.6060E-02  0.4256E-03  0.8496E-03
     1.746  0.3612E-02  0.2798E-02  0.1808E-02  0.7794E-03  0.4655E-02  0.7935E-03  0.1541E-02  0.6771E-03  0.8073E-04  0.2736E-03  0.2604E-02  0.6133E-02  0.8652E-03  0.1261E-02  0.2441E-02  0.6024E-02  0.4645E-03  0.8321E-03
     1.756  0.4250E-02  0.2877E-02  0.2213E-02  0.8105E-03  0.5561E-02  0.8357E-03  0.2333E-02  0.6946E-03  0.1162E-03  0.2886E-03  0.3104E-02  0.6177E-02  0.1235E-02  0.1335E-02  0.3596E-02  0.6105E-02  0.5985E-03  0.8306E-03
     1.766  0.5057E-02  0.2978E-02  0.2706E-02  0.8475E-03  0.6615E-02  0.8810E-03  0.3130E-02  0.7178E-03  0.1480E-03  0.3036E-03  0.3714E-02  0.6263E-02  0.1566E-02  0.1411E-02  0.4763E-02  0.6253E-02  0.7506E-03  0.8369E-03
     1.776  0.6165E-02  0.3350E-02  0.3466E-02  0.9176E-03  0.8029E-02  0.1001E-02  0.4062E-02  0.7771E-03  0.1822E-03  0.3361E-03  0.4638E-02  0.6633E-02  0.1916E-02  0.1526E-02  0.6146E-02  0.6784E-02  0.9506E-03  0.8848E-03
     1.786  0.5004E-02  0.4103E-02  0.2910E-02  0.1097E-02  0.6865E-02  0.1240E-02  0.3153E-02  0.9253E-03  0.1511E-03  0.4174E-03  0.3872E-02  0.7727E-02  0.1610E-02  0.1843E-02  0.4813E-02  0.8071E-02  0.7499E-03  0.1010E-02
     1.796  0.4762E-02  0.4121E-02  0.4368E-02  0.1141E-02  0.6853E-02  0.1250E-02  0.2709E-02  0.9923E-03  0.1920E-03  0.4366E-03  0.5631E-02  0.7837E-02  0.1703E-02  0.1956E-02  0.4167E-02  0.8493E-02  0.8336E-03  0.1027E-02
     1.806  0.3502E-02  0.4534E-02  0.2277E-02  0.1296E-02  0.5190E-02  0.1430E-02  0.1670E-02  0.1479E-02  0.1085E-03  0.6369E-03  0.2996E-02  0.8551E-02  0.1138E-02  0.2919E-02  0.2527E-02  0.1231E-01  0.4624E-03  0.1165E-02
     1.816  0.3057E-02  0.5453E-02  0.1986E-02  0.1585E-02  0.4706E-02  0.1775E-02  0.1148E-02  0.2168E-02  0.8899E-04  0.9013E-03  0.2578E-02  0.9912E-02  0.9585E-03  0.4163E-02  0.1734E-02  0.1792E-01  0.3618E-03  0.1446E-02
     1.826  0.4063E-02  0.6890E-02  0.3018E-02  0.2059E-02  0.6560E-02  0.2263E-02  0.1038E-02  0.2952E-02  0.9716E-04  0.1197E-02  0.3640E-02  0.1216E-01  0.1225E-02  0.5482E-02  0.1698E-02  0.2447E-01  0.5014E-03  0.1879E-02
     1.836  0.5187E-02  0.8437E-02  0.3093E-02  0.4494E-02  0.8419E-02  0.2799E-02  0.1045E-02  0.3861E-02  0.1051E-03  0.1774E-02  0.3708E-02  0.2543E-01  0.1474E-02  0.8736E-02  0.1706E-02  0.3131E-01  0.5034E-03  0.3361E-02
     1.846  0.5869E-02  0.5654E-02  0.2511E-02  0.2032E-02  0.9374E-02  0.1900E-02  0.1029E-02  0.2297E-02  0.9508E-04  0.9610E-03  0.2973E-02  0.1189E-01  0.1413E-02  0.4518E-02  0.1534E-02  0.1851E-01  0.4150E-03  0.1598E-02
     1.856  0.6200E-02  0.4502E-02  0.2677E-02  0.1675E-02  0.9854E-02  0.1585E-02  0.1056E-02  0.1576E-02  0.9186E-04  0.7217E-03  0.3094E-02  0.9867E-02  0.1327E-02  0.3323E-02  0.1463E-02  0.1269E-01  0.4182E-03  0.1236E-02
     1.866  0.7062E-02  0.3656E-02  0.2953E-02  0.1412E-02  0.1117E-01  0.1337E-02  0.1178E-02  0.9879E-03  0.9471E-04  0.5116E-03  0.3381E-02  0.8323E-02  0.1397E-02  0.2331E-02  0.1575E-02  0.7860E-02  0.4602E-03  0.9740E-03
     1.876  0.7598E-02  0.6182E-02  0.3167E-02  0.2678E-02  0.1198E-01  0.2267E-02  0.1243E-02  0.1175E-02  0.9447E-04  0.5484E-03  0.3581E-02  0.1404E-01  0.1416E-02  0.3144E-02  0.1633E-02  0.1015E-01  0.4860E-03  0.1904E-02
     1.886  0.7765E-02  0.7093E-02  0.3310E-02  0.2233E-02  0.1223E-01  0.2675E-02  0.1251E-02  0.9922E-03  0.9192E-04  0.5604E-03  0.3685E-02  0.1211E-01  0.1385E-02  0.3138E-02  0.1639E-02  0.8552E-02  0.4943E-03  0.1518E-02
     1.896  0.7923E-02  0.7535E-02  0.3454E-02  0.1989E-02  0.1246E-01  0.2836E-02  0.1259E-02  0.9549E-03  0.8939E-04  0.5320E-03  0.3790E-02  0.1101E-01  0.1354E-02  0.2856E-02  0.1644E-02  0.7671E-02  0.5027E-03  0.1338E-02
     1.906  0.8574E-02  0.8133E-02  0.4298E-02  0.1906E-02  0.1325E-01  0.3041E-02  0.1430E-02  0.9707E-03  0.1136E-03  0.4959E-03  0.4494E-02  0.1064E-01  0.1362E-02  0.2581E-02  0.1760E-02  0.7105E-02  0.5390E-03  0.1281E-02
     1.916  0.4783E-02  0.8826E-02  0.3647E-02  0.2017E-02  0.7727E-02  0.3294E-02  0.1153E-02  0.1014E-02  0.8432E-04  0.4823E-03  0.3948E-02  0.1120E-01  0.9319E-03  0.2539E-02  0.1500E-02  0.7083E-02  0.4757E-03  0.1342E-02
     1.926  0.4738E-02  0.9517E-02  0.4773E-02  0.2129E-02  0.8258E-02  0.3546E-02  0.1965E-02  0.1059E-02  0.9345E-04  0.4732E-03  0.5580E-02  0.1174E-01  0.1133E-02  0.2527E-02  0.2466E-02  0.7210E-02  0.7058E-03  0.1406E-02
     1.936  0.5631E-02  0.9763E-02  0.6123E-02  0.2188E-02  0.1064E-01  0.3635E-02  0.2963E-02  0.1061E-02  0.1194E-03  0.4515E-03  0.7381E-02  0.1187E-01  0.1575E-02  0.2443E-02  0.3535E-02  0.7161E-02  0.9358E-03  0.1417E-02
     1.946  0.3724E-02  0.1057E-01  0.3764E-02  0.2611E-02  0.7359E-02  0.3827E-02  0.1642E-02  0.1192E-02  0.8501E-04  0.5449E-03  0.4410E-02  0.1331E-01  0.1111E-02  0.2655E-02  0.1854E-02  0.7482E-02  0.5000E-03  0.1526E-02
     1.956  0.3579E-02  0.9430E-02  0.3261E-02  0.2492E-02  0.7094E-02  0.3516E-02  0.1365E-02  0.1049E-02  0.6810E-04  0.3985E-03  0.3752E-02  0.1281E-01  0.9738E-03  0.2238E-02  0.1505E-02  0.6813E-02  0.4218E-03  0.1466E-02
     1.966  0.3798E-02  0.7443E-02  0.3340E-02  0.3800E-02  0.7552E-02  0.3091E-02  0.1350E-02  0.1745E-02  0.6660E-04  0.4243E-03  0.3807E-02  0.2012E-01  0.9899E-03  0.2726E-02  0.1464E-02  0.1034E-01  0.4252E-03  0.2247E-02
     1.976  0.4017E-02  0.7088E-02  0.3439E-02  0.4538E-02  0.8004E-02  0.3148E-02  0.1338E-02  0.2007E-02  0.6540E-04  0.4724E-03  0.3876E-02  0.2389E-01  0.1003E-02  0.3227E-02  0.1427E-02  0.1154E-01  0.4302E-03  0.2565E-02
     1.986  0.4316E-02  0.5769E-02  0.3731E-02  0.3909E-02  0.8621E-02  0.2691E-02  0.1403E-02  0.1629E-02  0.6715E-04  0.4231E-03  0.4115E-02  0.2002E-01  0.1036E-02  0.2971E-02  0.1483E-02  0.9370E-02  0.4569E-03  0.2085E-02
     1.996  0.3948E-02  0.3627E-02  0.4037E-02  0.2500E-02  0.8032E-02  0.1806E-02  0.1439E-02  0.9800E-03  0.6908E-04  0.2886E-03  0.4330E-02  0.1271E-01  0.9916E-03  0.2051E-02  0.1542E-02  0.5312E-02  0.4826E-03  0.1200E-02
     2.006  0.1605E-02  0.3666E-02  0.3188E-02  0.2433E-02  0.3619E-02  0.1840E-02  0.1112E-02  0.8905E-03  0.5001E-04  0.2590E-03  0.3322E-02  0.1226E-01  0.5804E-03  0.1946E-02  0.1270E-02  0.4704E-02  0.3888E-03  0.1131E-02
     2.016  0.1225E-02  0.3795E-02  0.2542E-02  0.2468E-02  0.2903E-02  0.1923E-02  0.1036E-02  0.8398E-03  0.3940E-04  0.2467E-03  0.2644E-02  0.1233E-01  0.4807E-03  0.1945E-02  0.1154E-02  0.4324E-02  0.3287E-03  0.1113E-02
     2.026  0.1064E-02  0.3931E-02  0.2037E-02  0.2517E-02  0.2609E-02  0.1999E-02  0.9669E-03  0.8042E-03  0.3320E-04  0.2397E-03  0.2101E-02  0.1236E-01  0.4360E-03  0.1939E-02  0.1055E-02  0.4062E-02  0.2736E-03  0.1102E-02
     2.036  0.1286E-02  0.4198E-02  0.1836E-02  0.2666E-02  0.3241E-02  0.2162E-02  0.9610E-03  0.8436E-03  0.3379E-04  0.2506E-03  0.1838E-02  0.1281E-01  0.5562E-03  0.2054E-02  0.1085E-02  0.4250E-02  0.2391E-03  0.1141E-02
     2.046  0.2053E-02  0.1667E-02  0.1828E-02  0.2175E-02  0.5407E-02  0.9782E-03  0.1043E-02  0.7099E-03  0.4140E-04  0.1948E-03  0.1770E-02  0.9698E-02  0.9789E-03  0.1505E-02  0.1274E-02  0.3905E-02  0.2169E-03  0.9115E-03
     2.056  0.2965E-02  0.1403E-02  0.2315E-02  0.1844E-02  0.7888E-02  0.8654E-03  0.1320E-02  0.6980E-03  0.5326E-04  0.1682E-03  0.2249E-02  0.8155E-02  0.1430E-02  0.1301E-02  0.1680E-02  0.3806E-02  0.2655E-03  0.7981E-03
     2.066  0.2341E-02  0.1208E-02  0.1969E-02  0.1487E-02  0.6022E-02  0.7788E-03  0.1172E-02  0.6688E-03  0.4411E-04  0.1452E-03  0.1900E-02  0.6531E-02  0.9829E-03  0.1103E-02  0.1348E-02  0.3608E-02  0.2441E-03  0.6644E-03
     2.076  0.1831E-02  0.1240E-02  0.1732E-02  0.1290E-02  0.4534E-02  0.8117E-03  0.1273E-02  0.6704E-03  0.3432E-04  0.1461E-03  0.1610E-02  0.5558E-02  0.6435E-03  0.1080E-02  0.1313E-02  0.3697E-02  0.2537E-03  0.5777E-03
     2.086  0.1868E-02  0.1604E-02  0.1783E-02  0.1224E-02  0.4594E-02  0.1068E-02  0.1394E-02  0.7481E-03  0.3453E-04  0.1731E-03  0.1620E-02  0.5072E-02  0.6156E-03  0.1292E-02  0.1388E-02  0.4482E-02  0.2722E-03  0.5220E-03
     2.096  0.2455E-02  0.2031E-02  0.2195E-02  0.1172E-02  0.5767E-02  0.1371E-02  0.2010E-02  0.8434E-03  0.4176E-04  0.2057E-03  0.1980E-02  0.4643E-02  0.6787E-03  0.1554E-02  0.1888E-02  0.5432E-02  0.3686E-03  0.4654E-03
     2.106  0.4851E-02  0.5279E-02  0.3975E-02  0.1825E-02  0.1062E-01  0.3873E-02  0.5176E-02  0.1640E-02  0.7968E-04  0.4538E-03  0.3753E-02  0.7674E-02  0.1086E-02  0.4277E-02  0.4569E-02  0.1188E-01  0.8350E-03  0.6812E-03
     2.116  0.4092E-02  0.2317E-02  0.3476E-02  0.1218E-02  0.9162E-02  0.1508E-02  0.4241E-02  0.1032E-02  0.6819E-04  0.2141E-03  0.3209E-02  0.4774E-02  0.9646E-03  0.1553E-02  0.3773E-02  0.5960E-02  0.6996E-03  0.5689E-03
     2.126  0.3301E-02  0.1980E-02  0.2954E-02  0.1154E-02  0.7638E-02  0.1215E-02  0.3341E-02  0.1001E-02  0.5716E-04  0.1883E-03  0.2671E-02  0.4406E-02  0.8462E-03  0.1191E-02  0.3006E-02  0.5234E-02  0.5654E-03  0.5880E-03
     2.136  0.2487E-02  0.1995E-02  0.2414E-02  0.1171E-02  0.6074E-02  0.1202E-02  0.2479E-02  0.1077E-02  0.4668E-04  0.1901E-03  0.2142E-02  0.4376E-02  0.7344E-03  0.1141E-02  0.2268E-02  0.5410E-02  0.4327E-03  0.6291E-03
     2.146  0.1724E-02  0.2548E-02  0.1892E-02  0.1433E-02  0.4621E-02  0.1445E-02  0.1676E-02  0.1438E-02  0.3733E-04  0.2253E-03  0.1644E-02  0.5361E-02  0.6358E-03  0.1271E-02  0.1578E-02  0.6782E-02  0.3053E-03  0.8204E-03
     2.156  0.1218E-02  0.3266E-02  0.1471E-02  0.1807E-02  0.3650E-02  0.1774E-02  0.9717E-03  0.1995E-02  0.3022E-04  0.2785E-03  0.1229E-02  0.6811E-02  0.5611E-03  0.1477E-02  0.9680E-03  0.8985E-02  0.1906E-03  0.1103E-02
     2.166  0.9524E-03  0.5420E-02  0.1173E-02  0.3013E-02  0.3162E-02  0.2814E-02  0.5499E-03  0.4130E-02  0.2649E-04  0.4745E-03  0.9256E-03  0.1167E-01  0.5243E-03  0.2239E-02  0.5917E-03  0.1758E-01  0.1163E-03  0.2123E-02
     2.176  0.1055E-02  0.4359E-02  0.1063E-02  0.2500E-02  0.3695E-02  0.2338E-02  0.4364E-03  0.3268E-02  0.2391E-04  0.3863E-03  0.7817E-03  0.9436E-02  0.5871E-03  0.1869E-02  0.4890E-03  0.1413E-01  0.9063E-04  0.1707E-02
     2.186  0.1215E-02  0.2998E-02  0.1162E-02  0.1860E-02  0.4325E-02  0.1728E-02  0.4744E-03  0.2149E-02  0.2508E-04  0.2757E-03  0.8346E-03  0.6805E-02  0.6614E-03  0.1455E-02  0.5242E-03  0.9606E-02  0.9825E-04  0.1153E-02
     2.196  0.1383E-02  0.1645E-02  0.1257E-02  0.1245E-02  0.5004E-02  0.1134E-02  0.5161E-03  0.1093E-02  0.2621E-04  0.1687E-03  0.8841E-03  0.4402E-02  0.7422E-03  0.1085E-02  0.5625E-03  0.5321E-02  0.1056E-03  0.6074E-03
     2.206  0.1560E-02  0.1203E-02  0.1349E-02  0.9738E-03  0.5746E-02  0.9452E-03  0.5628E-03  0.8047E-03  0.2729E-04  0.1442E-03  0.9301E-03  0.3356E-02  0.8314E-03  0.9551E-03  0.6049E-03  0.4083E-02  0.1127E-03  0.4418E-03
     2.216  0.1738E-02  0.1023E-02  0.1437E-02  0.7482E-03  0.6500E-02  0.8821E-03  0.6097E-03  0.5908E-03  0.2834E-04  0.1219E-03  0.9733E-03  0.2449E-02  0.9219E-03  0.8768E-03  0.6472E-03  0.3155E-02  0.1194E-03  0.3063E-03
     2.226  0.4144E-02  0.9743E-03  0.3396E-02  0.6316E-03  0.1410E-01  0.9019E-03  0.1428E-02  0.4666E-03  0.4016E-04  0.1169E-03  0.2280E-02  0.1942E-02  0.1627E-02  0.8796E-03  0.1455E-02  0.2616E-02  0.3125E-03  0.2260E-03
     2.236  0.4266E-02  0.1046E-02  0.3613E-02  0.6217E-03  0.1510E-01  0.9920E-03  0.1704E-02  0.4437E-03  0.4850E-04  0.1200E-03  0.2438E-02  0.1830E-02  0.1792E-02  0.9299E-03  0.1630E-02  0.2516E-02  0.3514E-03  0.2083E-03
     2.246  0.4126E-02  0.1152E-02  0.3252E-02  0.6629E-03  0.1500E-01  0.1103E-02  0.1890E-02  0.4737E-03  0.4382E-04  0.1258E-03  0.2162E-02  0.1909E-02  0.1720E-02  0.9935E-03  0.1674E-02  0.2659E-02  0.3326E-03  0.2220E-03
     2.256  0.4095E-02  0.1261E-02  0.3127E-02  0.6998E-03  0.1517E-01  0.1222E-02  0.1987E-02  0.5103E-03  0.4192E-04  0.1316E-03  0.2035E-02  0.1974E-02  0.1697E-02  0.1061E-02  0.1681E-02  0.2829E-02  0.3225E-03  0.2343E-03
     2.266  0.4160E-02  0.1370E-02  0.3158E-02  0.7342E-03  0.1557E-01  0.1345E-02  0.2162E-02  0.5485E-03  0.4347E-04  0.1375E-03  0.2033E-02  0.2029E-02  0.1722E-02  0.1130E-02  0.1766E-02  0.3004E-02  0.3305E-03  0.2456E-03
     2.276  0.4214E-02  0.4012E-02  0.3183E-02  0.2135E-02  0.1599E-01  0.3415E-02  0.2348E-02  0.1345E-02  0.4584E-04  0.2119E-03  0.2020E-02  0.5687E-02  0.1754E-02  0.1825E-02  0.1853E-02  0.7171E-02  0.3364E-03  0.8476E-03
     2.286  0.4252E-02  0.3949E-02  0.3192E-02  0.2276E-02  0.1638E-01  0.3514E-02  0.2534E-02  0.1493E-02  0.4856E-04  0.2465E-03  0.1993E-02  0.6235E-02  0.1790E-02  0.2102E-02  0.1936E-02  0.7493E-02  0.3408E-03  0.9053E-03
     2.296  0.5401E-02  0.3584E-02  0.3098E-02  0.1963E-02  0.2115E-01  0.3263E-02  0.3784E-02  0.1491E-02  0.6311E-04  0.2168E-03  0.1920E-02  0.5426E-02  0.2350E-02  0.1948E-02  0.2673E-02  0.6898E-02  0.4041E-03  0.7940E-03
     2.306  0.2482E-02  0.3542E-02  0.2198E-02  0.1949E-02  0.1048E-01  0.3288E-02  0.1061E-02  0.1586E-02  0.2505E-04  0.2242E-03  0.1241E-02  0.5342E-02  0.9892E-03  0.2021E-02  0.7950E-03  0.7026E-02  0.1667E-03  0.7819E-03
     2.316  0.2819E-02  0.3377E-02  0.2391E-02  0.1837E-02  0.1221E-01  0.3204E-02  0.1319E-02  0.1620E-02  0.2505E-04  0.2210E-03  0.1330E-02  0.4952E-02  0.1051E-02  0.2000E-02  0.9120E-03  0.6878E-02  0.1836E-03  0.7333E-03
     2.326  0.3332E-02  0.3322E-02  0.2736E-02  0.1839E-02  0.1468E-01  0.3211E-02  0.1634E-02  0.1724E-02  0.2592E-04  0.2354E-03  0.1501E-02  0.4925E-02  0.1164E-02  0.2099E-02  0.1073E-02  0.7076E-02  0.2121E-03  0.7296E-03
     2.336  0.3854E-02  0.4716E-02  0.3104E-02  0.2174E-02  0.1720E-01  0.4542E-02  0.1947E-02  0.2507E-02  0.2693E-04  0.2776E-03  0.1681E-02  0.6198E-02  0.1279E-02  0.2729E-02  0.1232E-02  0.9748E-02  0.2411E-03  0.9648E-03
     2.346  0.4384E-02  0.2816E-02  0.3494E-02  0.1506E-02  0.1977E-01  0.2916E-02  0.2259E-02  0.1784E-02  0.2807E-04  0.2591E-03  0.1870E-02  0.3985E-02  0.1396E-02  0.2161E-02  0.1391E-02  0.6522E-02  0.2705E-03  0.6146E-03
     2.356  0.4922E-02  0.1543E-02  0.3906E-02  0.1073E-02  0.2240E-01  0.1579E-02  0.2569E-02  0.6853E-03  0.2936E-04  0.1073E-03  0.2069E-02  0.2477E-02  0.1517E-02  0.9275E-03  0.1548E-02  0.2916E-02  0.3004E-03  0.3319E-03
     2.366  0.5482E-02  0.1596E-02  0.4365E-02  0.1114E-02  0.2513E-01  0.1629E-02  0.2877E-02  0.7034E-03  0.3096E-04  0.1028E-03  0.2290E-02  0.2570E-02  0.1646E-02  0.8991E-03  0.1705E-02  0.2912E-02  0.3314E-03  0.3468E-03
     2.376  0.6059E-02  0.1883E-02  0.4860E-02  0.1308E-02  0.2796E-01  0.1881E-02  0.3185E-02  0.9218E-03  0.3281E-04  0.9719E-04  0.2528E-02  0.3056E-02  0.1781E-02  0.8653E-03  0.1861E-02  0.3419E-02  0.3634E-03  0.4306E-03
     2.386  0.6860E-02  0.2131E-02  0.5544E-02  0.1472E-02  0.3174E-01  0.2118E-02  0.3585E-02  0.1048E-02  0.3630E-04  0.9378E-04  0.2853E-02  0.3450E-02  0.1966E-02  0.8583E-03  0.2060E-02  0.3709E-02  0.4039E-03  0.4933E-03
     2.396  0.7991E-02  0.2379E-02  0.6489E-02  0.1642E-02  0.3711E-01  0.2355E-02  0.4315E-02  0.1174E-02  0.4337E-04  0.9050E-04  0.3296E-02  0.3847E-02  0.2219E-02  0.8511E-03  0.2405E-02  0.3998E-02  0.4600E-03  0.5559E-03
     2.406  0.8220E-02  0.2627E-02  0.6561E-02  0.1817E-02  0.3883E-01  0.2593E-02  0.4612E-02  0.1297E-02  0.4460E-04  0.8734E-04  0.3297E-02  0.4246E-02  0.2277E-02  0.8435E-03  0.2505E-02  0.4286E-02  0.4613E-03  0.6183E-03
     2.416  0.7956E-02  0.2874E-02  0.6068E-02  0.1997E-02  0.3874E-01  0.2832E-02  0.4465E-02  0.1419E-02  0.4123E-04  0.8432E-04  0.3002E-02  0.4648E-02  0.2264E-02  0.8355E-03  0.2361E-02  0.4573E-02  0.4184E-03  0.6807E-03
     2.426  0.7825E-02  0.3125E-02  0.5711E-02  0.2191E-02  0.3937E-01  0.3076E-02  0.4341E-02  0.1540E-02  0.3897E-04  0.8187E-04  0.2772E-02  0.5071E-02  0.2307E-02  0.8321E-03  0.2235E-02  0.4862E-02  0.3812E-03  0.7441E-03
     2.436  0.7850E-02  0.3390E-02  0.5535E-02  0.2392E-02  0.4069E-01  0.3338E-02  0.4214E-02  0.1659E-02  0.3816E-04  0.8030E-04  0.2626E-02  0.5493E-02  0.2395E-02  0.8356E-03  0.2115E-02  0.5160E-02  0.3499E-03  0.8071E-03
     2.446  0.8269E-02  0.4095E-02  0.5452E-02  0.2934E-02  0.4512E-01  0.3968E-02  0.4232E-02  0.1953E-02  0.3789E-04  0.8755E-04  0.2493E-02  0.6587E-02  0.2650E-02  0.8975E-03  0.2024E-02  0.6012E-02  0.3129E-03  0.9489E-03
     2.456  0.8735E-02  0.4399E-02  0.5388E-02  0.3338E-02  0.5001E-01  0.4257E-02  0.4256E-02  0.2285E-02  0.3781E-04  0.9494E-04  0.2364E-02  0.7398E-02  0.2933E-02  0.9110E-03  0.1930E-02  0.6869E-02  0.2745E-03  0.1066E-02
     2.466  0.8964E-02  0.4201E-02  0.5310E-02  0.3202E-02  0.5343E-01  0.4153E-02  0.4249E-02  0.2344E-02  0.3804E-04  0.9169E-04  0.2247E-02  0.7049E-02  0.3151E-02  0.8537E-03  0.1843E-02  0.6881E-02  0.2441E-03  0.1040E-02
     2.476  0.9279E-02  0.3908E-02  0.5278E-02  0.2894E-02  0.5758E-01  0.3982E-02  0.4285E-02  0.2167E-02  0.3860E-04  0.8365E-04  0.2145E-02  0.6344E-02  0.3414E-02  0.7994E-03  0.1768E-02  0.6224E-02  0.2149E-03  0.9410E-03
     2.486  0.9637E-02  0.3663E-02  0.5255E-02  0.2630E-02  0.6210E-01  0.3860E-02  0.4329E-02  0.1986E-02  0.3923E-04  0.7627E-04  0.2046E-02  0.5722E-02  0.3704E-02  0.7574E-03  0.1694E-02  0.5582E-02  0.1852E-03  0.8496E-03
     2.496  0.1030E-01  0.3496E-02  0.5418E-02  0.2412E-02  0.6797E-01  0.3821E-02  0.4672E-02  0.1813E-02  0.4133E-04  0.7190E-04  0.2049E-02  0.5187E-02  0.4056E-02  0.7492E-03  0.1772E-02  0.5016E-02  0.1765E-03  0.7666E-03
     2.506  0.1204E-01  0.3310E-02  0.6095E-02  0.2187E-02  0.8059E-01  0.3754E-02  0.5287E-02  0.1687E-02  0.4739E-04  0.6363E-04  0.2264E-02  0.4643E-02  0.4958E-02  0.6961E-03  0.1966E-02  0.4455E-02  0.1883E-03  0.6917E-03
     2.516  0.1367E-01  0.3114E-02  0.6824E-02  0.1966E-02  0.9275E-01  0.3687E-02  0.5985E-02  0.1549E-02  0.5390E-04  0.5944E-04  0.2493E-02  0.4120E-02  0.5789E-02  0.6848E-03  0.2186E-02  0.3929E-02  0.2018E-03  0.6181E-03
     2.527  0.1452E-01  0.2935E-02  0.7077E-02  0.1759E-02  0.1002E+00  0.3646E-02  0.6690E-02  0.1392E-02  0.5644E-04  0.5647E-04  0.2520E-02  0.3623E-02  0.6160E-02  0.6952E-03  0.2401E-02  0.3396E-02  0.2002E-03  0.5458E-03
     2.537  0.2179E-01  0.2770E-02  0.1008E-01  0.1559E-02  0.1442E+00  0.3634E-02  0.1152E-01  0.1227E-02  0.7651E-04  0.5355E-04  0.3596E-02  0.3137E-02  0.8839E-02  0.7163E-03  0.4201E-02  0.2845E-02  0.4115E-03  0.4740E-03
     2.547  0.1967E-01  0.2810E-02  0.9139E-02  0.1500E-02  0.1384E+00  0.3842E-02  0.1024E-01  0.1233E-02  0.7469E-04  0.5738E-04  0.3113E-02  0.2988E-02  0.8343E-02  0.7963E-03  0.3595E-02  0.2741E-02  0.2710E-03  0.4557E-03
     2.557  0.1967E-01  0.3377E-02  0.9139E-02  0.1674E-02  0.1400E+00  0.4936E-02  0.1026E-01  0.1360E-02  0.7543E-04  0.8938E-04  0.3064E-02  0.3346E-02  0.8414E-02  0.1288E-02  0.3564E-02  0.2922E-02  0.2517E-03  0.4806E-03
     2.567  0.1962E-01  0.3434E-02  0.9141E-02  0.1647E-02  0.1413E+00  0.5137E-02  0.1024E-01  0.1460E-02  0.7604E-04  0.8773E-04  0.3018E-02  0.3248E-02  0.8469E-02  0.1275E-02  0.3524E-02  0.3011E-02  0.2329E-03  0.4827E-03
     2.577  0.1955E-01  0.3484E-02  0.9146E-02  0.1620E-02  0.1423E+00  0.5325E-02  0.1019E-01  0.1566E-02  0.7655E-04  0.8603E-04  0.2974E-02  0.3149E-02  0.8508E-02  0.1258E-02  0.3473E-02  0.3108E-02  0.2147E-03  0.4855E-03
     2.587  0.2026E-01  0.3545E-02  0.9943E-02  0.1606E-02  0.1499E+00  0.5513E-02  0.1053E-01  0.1687E-02  0.8343E-04  0.8423E-04  0.3193E-02  0.3086E-02  0.8928E-02  0.1240E-02  0.3535E-02  0.3238E-02  0.2068E-03  0.4938E-03
     2.597  0.2102E-01  0.6997E-02  0.1081E-01  0.2338E-02  0.1580E+00  0.1024E-01  0.1088E-01  0.3739E-02  0.9072E-04  0.1559E-03  0.3435E-02  0.4838E-02  0.9381E-02  0.2084E-02  0.3603E-02  0.6704E-02  0.2001E-03  0.1005E-02
     2.607  0.2179E-01  0.4704E-02  0.1169E-01  0.1856E-02  0.1662E+00  0.7407E-02  0.1123E-01  0.2436E-02  0.9797E-04  0.1057E-03  0.3680E-02  0.3599E-02  0.9839E-02  0.1555E-02  0.3669E-02  0.4343E-02  0.1936E-03  0.6434E-03
     2.617  0.2470E-01  0.4598E-02  0.1320E-01  0.1810E-02  0.1906E+00  0.7359E-02  0.1270E-01  0.2375E-02  0.1124E-03  0.1022E-03  0.4123E-02  0.3463E-02  0.1131E-01  0.1534E-02  0.4115E-02  0.4178E-02  0.2003E-03  0.6159E-03
     2.627  0.2962E-01  0.4493E-02  0.1525E-01  0.1765E-02  0.2303E+00  0.7311E-02  0.1535E-01  0.2311E-02  0.1329E-03  0.9857E-04  0.4730E-02  0.3329E-02  0.1372E-01  0.1513E-02  0.4970E-02  0.4010E-02  0.2227E-03  0.5886E-03
     2.637  0.2821E-01  0.4389E-02  0.1565E-01  0.1723E-02  0.2233E+00  0.7263E-02  0.1513E-01  0.2244E-02  0.1342E-03  0.9493E-04  0.4866E-02  0.3198E-02  0.1330E-01  0.1493E-02  0.4862E-02  0.3839E-02  0.2379E-03  0.5616E-03
     2.647  0.2933E-01  0.4287E-02  0.1705E-01  0.1681E-02  0.2355E+00  0.7215E-02  0.1656E-01  0.2174E-02  0.1466E-03  0.9123E-04  0.5303E-02  0.3069E-02  0.1400E-01  0.1472E-02  0.5300E-02  0.3666E-02  0.2781E-03  0.5349E-03
     2.657  0.4714E-01  0.4186E-02  0.2189E-01  0.1641E-02  0.3789E+00  0.7167E-02  0.2888E-01  0.2101E-02  0.1989E-03  0.8749E-04  0.6699E-02  0.2942E-02  0.2252E-01  0.1451E-02  0.9390E-02  0.3490E-02  0.4473E-03  0.5085E-03
     2.667  0.2615E-01  0.4097E-02  0.1881E-01  0.1610E-02  0.2196E+00  0.7141E-02  0.1531E-01  0.2030E-02  0.1522E-03  0.8393E-04  0.5868E-02  0.2826E-02  0.1305E-01  0.1434E-02  0.4823E-02  0.3316E-02  0.2937E-03  0.4834E-03
     2.677  0.2587E-01  0.4275E-02  0.2000E-01  0.1749E-02  0.2204E+00  0.7638E-02  0.1462E-01  0.2042E-02  0.1559E-03  0.8595E-04  0.6179E-02  0.2919E-02  0.1294E-01  0.1494E-02  0.4508E-02  0.3259E-02  0.2634E-03  0.4824E-03
     2.687  0.2611E-01  0.4451E-02  0.2129E-01  0.1883E-02  0.2251E+00  0.8141E-02  0.1413E-01  0.2053E-02  0.1607E-03  0.8793E-04  0.6500E-02  0.3004E-02  0.1302E-01  0.1555E-02  0.4253E-02  0.3201E-02  0.2268E-03  0.4810E-03
     2.697  0.3137E-01  0.4750E-02  0.2558E-01  0.2059E-02  0.2766E+00  0.8921E-02  0.1672E-01  0.2103E-02  0.1870E-03  0.9366E-04  0.7692E-02  0.3140E-02  0.1594E-01  0.1669E-02  0.4944E-02  0.3185E-02  0.2204E-03  0.4845E-03
     2.707  0.7465E-01  0.5458E-02  0.5161E-01  0.2421E-02  0.6670E+00  0.1064E-01  0.4525E-01  0.2316E-02  0.4282E-03  0.1116E-03  0.1503E-01  0.3547E-02  0.3759E-01  0.1967E-02  0.1338E-01  0.3356E-02  0.3105E-03  0.5154E-03
     2.717  0.9481E-01  0.6358E-02  0.6752E-01  0.2775E-02  0.8664E+00  0.1278E-01  0.5711E-01  0.2652E-02  0.5419E-03  0.1247E-03  0.1953E-01  0.4041E-02  0.4892E-01  0.2368E-02  0.1661E-01  0.3704E-02  0.3314E-03  0.5719E-03
     2.727  0.8522E-01  0.7318E-02  0.6742E-01  0.3126E-02  0.8034E+00  0.1505E-01  0.4999E-01  0.3029E-02  0.4898E-03  0.1378E-03  0.1954E-01  0.4551E-02  0.4573E-01  0.2798E-02  0.1424E-01  0.4121E-02  0.3511E-03  0.6346E-03
     2.737  0.6385E-01  0.8335E-02  0.5676E-01  0.3476E-02  0.6207E+00  0.1745E-01  0.3683E-01  0.3457E-02  0.3775E-03  0.1512E-03  0.1646E-01  0.5079E-02  0.3556E-01  0.3255E-02  0.1031E-01  0.4620E-02  0.3306E-03  0.7043E-03
     2.747  0.6167E-01  0.9035E-02  0.5959E-01  0.3689E-02  0.6174E+00  0.1925E-01  0.3644E-01  0.3753E-02  0.3846E-03  0.1585E-03  0.1717E-01  0.5322E-02  0.3535E-01  0.3559E-02  0.1010E-01  0.4962E-02  0.3507E-03  0.7469E-03
     2.757  0.5676E-01  0.7629E-02  0.5868E-01  0.3504E-02  0.5801E+00  0.1683E-01  0.3421E-01  0.3177E-02  0.3724E-03  0.1416E-03  0.1683E-01  0.4666E-02  0.3323E-01  0.2966E-02  0.9393E-02  0.4208E-02  0.3556E-03  0.6390E-03
     2.767  0.4171E-01  0.6741E-02  0.4765E-01  0.3208E-02  0.4390E+00  0.1670E-01  0.2637E-01  0.2766E-02  0.2943E-03  0.1251E-03  0.1353E-01  0.3811E-02  0.2504E-01  0.2687E-02  0.7147E-02  0.3471E-02  0.3159E-03  0.5082E-03
     2.777  0.3413E-01  0.7063E-02  0.3932E-01  0.3241E-02  0.3651E+00  0.1853E-01  0.2249E-01  0.2866E-02  0.2420E-03  0.1244E-03  0.1108E-01  0.3624E-02  0.2082E-01  0.2880E-02  0.6061E-02  0.3453E-02  0.2639E-03  0.4868E-03
     2.787  0.2635E-01  0.7387E-02  0.2980E-01  0.3315E-02  0.2867E+00  0.2012E-01  0.1862E-01  0.2972E-02  0.1849E-03  0.1252E-03  0.8330E-02  0.3517E-02  0.1637E-01  0.3050E-02  0.4999E-02  0.3475E-02  0.2087E-03  0.4759E-03
     2.797  0.1954E-01  0.7752E-02  0.2114E-01  0.3391E-02  0.2177E+00  0.2182E-01  0.1535E-01  0.3097E-02  0.1338E-03  0.1256E-03  0.5837E-02  0.3416E-02  0.1247E-01  0.3241E-02  0.4113E-02  0.3517E-02  0.1615E-03  0.4676E-03
     2.807  0.1740E-01  0.8158E-02  0.1984E-01  0.3468E-02  0.1980E+00  0.2363E-01  0.1421E-01  0.3241E-02  0.1222E-03  0.1258E-03  0.5436E-02  0.3322E-02  0.1134E-01  0.3453E-02  0.3776E-02  0.3579E-02  0.1609E-03  0.4620E-03
     2.817  0.1579E-01  0.8774E-02  0.1879E-01  0.3673E-02  0.1831E+00  0.2589E-01  0.1346E-01  0.3467E-02  0.1132E-03  0.1339E-03  0.5113E-02  0.3410E-02  0.1050E-01  0.3767E-02  0.3559E-02  0.3742E-02  0.1639E-03  0.4708E-03
     2.827  0.1430E-01  0.9518E-02  0.1778E-01  0.3923E-02  0.1695E+00  0.2854E-01  0.1296E-01  0.3733E-02  0.1054E-03  0.1447E-03  0.4795E-02  0.3542E-02  0.9721E-02  0.4148E-02  0.3403E-02  0.3941E-02  0.1683E-03  0.4829E-03
     2.837  0.1322E-01  0.1040E-01  0.1712E-01  0.4209E-02  0.1609E+00  0.3173E-01  0.1308E-01  0.4053E-02  0.1018E-03  0.1602E-03  0.4572E-02  0.3662E-02  0.9206E-02  0.4622E-02  0.3399E-02  0.4180E-02  0.1759E-03  0.4904E-03
     2.847  0.1239E-01  0.1147E-01  0.1679E-01  0.4639E-02  0.1542E+00  0.3556E-01  0.1304E-01  0.4562E-02  0.9933E-04  0.1882E-03  0.4454E-02  0.3869E-02  0.8815E-02  0.5213E-02  0.3360E-02  0.4643E-02  0.1837E-03  0.5028E-03
     2.857  0.1180E-01  0.1243E-01  0.1725E-01  0.4973E-02  0.1503E+00  0.3909E-01  0.1338E-01  0.4960E-02  0.1017E-03  0.2051E-03  0.4522E-02  0.4047E-02  0.8575E-02  0.5747E-02  0.3400E-02  0.4967E-02  0.2009E-03  0.5195E-03
     2.867  0.1126E-01  0.1340E-01  0.1777E-01  0.5316E-02  0.1471E+00  0.4270E-01  0.1379E-01  0.5361E-02  0.1045E-03  0.2221E-03  0.4602E-02  0.4230E-02  0.8368E-02  0.6293E-02  0.3455E-02  0.5290E-02  0.2186E-03  0.5361E-03
     2.877  0.1086E-01  0.1454E-01  0.1832E-01  0.5658E-02  0.1450E+00  0.4711E-01  0.1422E-01  0.5813E-02  0.1076E-03  0.2412E-03  0.4693E-02  0.4355E-02  0.8225E-02  0.6974E-02  0.3521E-02  0.5629E-02  0.2359E-03  0.5455E-03
     2.887  0.1083E-01  0.1744E-01  0.1963E-01  0.6101E-02  0.1468E+00  0.5775E-01  0.1467E-01  0.7608E-02  0.1116E-03  0.2926E-03  0.4970E-02  0.4458E-02  0.8309E-02  0.8386E-02  0.3591E-02  0.7052E-02  0.2587E-03  0.5961E-03
     2.897  0.1069E-01  0.1887E-01  0.2152E-01  0.6435E-02  0.1484E+00  0.6304E-01  0.1528E-01  0.8236E-02  0.1166E-03  0.3174E-03  0.5367E-02  0.4582E-02  0.8386E-02  0.9093E-02  0.3677E-02  0.7452E-02  0.2923E-03  0.6064E-03
     2.907  0.1039E-01  0.2031E-01  0.2280E-01  0.6774E-02  0.1471E+00  0.6842E-01  0.1562E-01  0.8878E-02  0.1178E-03  0.3427E-03  0.5609E-02  0.4705E-02  0.8321E-02  0.9808E-02  0.3697E-02  0.7860E-02  0.3235E-03  0.6166E-03
     2.917  0.1009E-01  0.2177E-01  0.2354E-01  0.7119E-02  0.1449E+00  0.7391E-01  0.1583E-01  0.9534E-02  0.1179E-03  0.3684E-03  0.5727E-02  0.4829E-02  0.8214E-02  0.1053E-01  0.3697E-02  0.8275E-02  0.3467E-03  0.6267E-03
     2.927  0.9790E-02  0.2326E-01  0.2423E-01  0.7468E-02  0.1426E+00  0.7949E-01  0.1605E-01  0.1021E-01  0.1177E-03  0.3946E-03  0.5833E-02  0.4952E-02  0.8096E-02  0.1127E-01  0.3696E-02  0.8698E-02  0.3699E-03  0.6367E-03
     2.937  0.9471E-02  0.2476E-01  0.2489E-01  0.7823E-02  0.1400E+00  0.8516E-01  0.1627E-01  0.1089E-01  0.1172E-03  0.4213E-03  0.5928E-02  0.5075E-02  0.7968E-02  0.1201E-01  0.3695E-02  0.9128E-02  0.3931E-03  0.6467E-03
     2.947  0.9088E-02  0.2628E-01  0.2520E-01  0.8183E-02  0.1361E+00  0.9094E-01  0.1629E-01  0.1159E-01  0.1162E-03  0.4485E-03  0.5936E-02  0.5198E-02  0.7761E-02  0.1276E-01  0.3655E-02  0.9566E-02  0.4035E-03  0.6566E-03
     2.957  0.8513E-02  0.2691E-01  0.2424E-01  0.8360E-02  0.1292E+00  0.9479E-01  0.1501E-01  0.1210E-01  0.1040E-03  0.4618E-03  0.5633E-02  0.5268E-02  0.7375E-02  0.1332E-01  0.3344E-02  0.9928E-02  0.3762E-03  0.6735E-03
     2.967  0.7871E-02  0.2723E-01  0.2323E-01  0.8438E-02  0.1207E+00  0.9780E-01  0.1364E-01  0.1254E-01  0.9202E-04  0.4702E-03  0.5315E-02  0.5287E-02  0.6899E-02  0.1379E-01  0.3017E-02  0.1025E-01  0.3488E-03  0.6887E-03
     2.977  0.7179E-02  0.2752E-01  0.2250E-01  0.8516E-02  0.1101E+00  0.1008E+00  0.1288E-01  0.1296E-01  0.8680E-04  0.4782E-03  0.5065E-02  0.5303E-02  0.6285E-02  0.1425E-01  0.2828E-02  0.1055E-01  0.3365E-03  0.7026E-03
     2.987  0.6501E-02  0.2938E-01  0.2173E-01  0.9098E-02  0.9976E-01  0.1091E+00  0.1212E-01  0.1384E-01  0.8170E-04  0.5104E-03  0.4808E-02  0.5551E-02  0.5679E-02  0.1537E-01  0.2639E-02  0.1108E-01  0.3229E-03  0.7210E-03
     2.997  0.5811E-02  0.2978E-01  0.2108E-01  0.9024E-02  0.8975E-01  0.1127E+00  0.1159E-01  0.1387E-01  0.7627E-04  0.4997E-03  0.4558E-02  0.5303E-02  0.5095E-02  0.1551E-01  0.2487E-02  0.1058E-01  0.3174E-03  0.6789E-03
     3.007  0.5283E-02  0.3118E-01  0.2087E-01  0.9387E-02  0.8308E-01  0.1194E+00  0.1138E-01  0.1430E-01  0.7164E-04  0.5135E-03  0.4409E-02  0.5389E-02  0.4713E-02  0.1636E-01  0.2398E-02  0.1071E-01  0.3212E-03  0.6594E-03
     3.017  0.4705E-02  0.3365E-01  0.2064E-01  0.1024E-01  0.7588E-01  0.1325E+00  0.1120E-01  0.1487E-01  0.6647E-04  0.5350E-03  0.4248E-02  0.5667E-02  0.4312E-02  0.1815E-01  0.2298E-02  0.1082E-01  0.3259E-03  0.6225E-03
     3.027  0.4142E-02  0.3594E-01  0.2046E-01  0.1148E-01  0.6886E-01  0.1464E+00  0.1102E-01  0.1490E-01  0.6144E-04  0.5544E-03  0.4096E-02  0.6064E-02  0.3919E-02  0.2011E-01  0.2200E-02  0.1033E-01  0.3306E-03  0.5568E-03
     3.037  0.3066E-02  0.3988E-01  0.1304E-01  0.1435E-01  0.5112E-01  0.1710E+00  0.9428E-02  0.1454E-01  0.5311E-04  0.6023E-03  0.2469E-02  0.7134E-02  0.2782E-02  0.2369E-01  0.1765E-02  0.9051E-02  0.2083E-03  0.4440E-03
     3.047  0.2441E-02  0.4979E-01  0.1205E-01  0.1809E-01  0.4348E-01  0.2183E+00  0.9428E-02  0.1811E-01  0.4906E-04  0.7457E-03  0.2123E-02  0.8673E-02  0.2327E-02  0.3020E-01  0.1678E-02  0.1088E-01  0.2019E-03  0.4788E-03
     3.057  0.1800E-02  0.5621E-01  0.1103E-01  0.2100E-01  0.3576E-01  0.2517E+00  0.9210E-02  0.2039E-01  0.4403E-04  0.8473E-03  0.1815E-02  0.9890E-02  0.1887E-02  0.3474E-01  0.1559E-02  0.1195E-01  0.1949E-03  0.4812E-03
     3.067  0.1649E-02  0.6386E-01  0.1080E-01  0.2445E-01  0.3434E-01  0.2902E+00  0.9310E-02  0.2301E-01  0.4352E-04  0.9712E-03  0.1713E-02  0.1139E-01  0.1788E-02  0.4000E-01  0.1542E-02  0.1323E-01  0.1908E-03  0.4918E-03
     3.077  0.1549E-02  0.7130E-01  0.1073E-01  0.2823E-01  0.3351E-01  0.3287E+00  0.9612E-02  0.2540E-01  0.4406E-04  0.1092E-02  0.1647E-02  0.1308E-01  0.1725E-02  0.4529E-01  0.1562E-02  0.1432E-01  0.1906E-03  0.4993E-03
     3.087  0.1449E-02  0.6658E-01  0.1069E-01  0.2890E-01  0.3266E-01  0.3147E+00  0.9914E-02  0.2362E-01  0.4464E-04  0.1045E-02  0.1586E-02  0.1358E-01  0.1660E-02  0.4342E-01  0.1582E-02  0.1317E-01  0.1907E-03  0.4745E-03
     3.097  0.1349E-02  0.5142E-01  0.1068E-01  0.2513E-01  0.3178E-01  0.2537E+00  0.1022E-01  0.1878E-01  0.4523E-04  0.8571E-03  0.1530E-02  0.1198E-01  0.1595E-02  0.3513E-01  0.1602E-02  0.1048E-01  0.1910E-03  0.4113E-03
     3.107  0.1249E-02  0.5092E-01  0.1070E-01  0.2532E-01  0.3088E-01  0.2570E+00  0.1052E-01  0.1814E-01  0.4584E-04  0.8448E-03  0.1478E-02  0.1192E-01  0.1529E-02  0.3565E-01  0.1621E-02  0.9840E-02  0.1917E-03  0.3556E-03
     3.117  0.1199E-02  0.6352E-01  0.1091E-01  0.3280E-01  0.3053E-01  0.3288E+00  0.1092E-01  0.2099E-01  0.4733E-04  0.1024E-02  0.1451E-02  0.1516E-01  0.1488E-02  0.4572E-01  0.1657E-02  0.1078E-01  0.1932E-03  0.3379E-03
     3.127  0.1173E-02  0.7498E-01  0.1121E-01  0.4047E-01  0.3043E-01  0.3964E+00  0.1137E-01  0.2347E-01  0.4910E-04  0.1191E-02  0.1436E-02  0.1851E-01  0.1459E-02  0.5513E-01  0.1702E-02  0.1141E-01  0.1953E-03  0.3118E-03
     3.137  0.1144E-02  0.9346E-01  0.1150E-01  0.5362E-01  0.3025E-01  0.5012E+00  0.1183E-01  0.2862E-01  0.5066E-04  0.1495E-02  0.1420E-02  0.2456E-01  0.1428E-02  0.6921E-01  0.1747E-02  0.1352E-01  0.1979E-03  0.3723E-03
     3.147  0.1068E-02  0.9975E-01  0.1143E-01  0.6206E-01  0.2833E-01  0.5416E+00  0.1175E-01  0.3001E-01  0.5050E-04  0.1641E-02  0.1370E-02  0.2872E-01  0.1311E-02  0.7430E-01  0.1700E-02  0.1398E-01  0.1897E-03  0.4457E-03
     3.157  0.8320E-03  0.9131E-01  0.9055E-02  0.6215E-01  0.2067E-01  0.5026E+00  0.9603E-02  0.2689E-01  0.4287E-04  0.1570E-02  0.1095E-02  0.2910E-01  0.9295E-03  0.6845E-01  0.1312E-02  0.1230E-01  0.1343E-03  0.4624E-03
     3.167  0.6814E-03  0.2556E+00  0.7412E-02  0.1351E+00  0.1596E-01  0.1451E+01  0.8510E-02  0.1121E+00  0.3809E-04  0.5068E-02  0.8799E-03  0.5662E-01  0.7127E-03  0.1898E+00  0.1109E-02  0.5551E-01  0.1037E-03  0.4449E-03
     3.177  0.5335E-03  0.7952E-01  0.5910E-02  0.4571E-01  0.1125E-01  0.4567E+00  0.7458E-02  0.3633E-01  0.3387E-04  0.1654E-02  0.6809E-03  0.1954E-01  0.4999E-03  0.5963E-01  0.9165E-03  0.1830E-01  0.7588E-04  0.3194E-03
     3.187  0.4959E-03  0.8686E-01  0.5916E-02  0.5103E-01  0.1051E-01  0.5056E+00  0.7613E-02  0.4149E-01  0.3417E-04  0.1878E-02  0.6673E-03  0.2165E-01  0.4647E-03  0.6555E-01  0.9172E-03  0.2097E-01  0.7550E-04  0.3554E-03
     3.197  0.4701E-03  0.7301E-01  0.6589E-02  0.4425E-01  0.1025E-01  0.4300E+00  0.8070E-02  0.3702E-01  0.3523E-04  0.1622E-02  0.7070E-03  0.1880E-01  0.4518E-03  0.5566E-01  0.9525E-03  0.1885E-01  0.8231E-04  0.4229E-03
     3.207  0.2183E-03  0.6696E-01  0.8913E-02  0.4166E-01  0.7185E-02  0.4003E+00  0.8663E-02  0.3659E-01  0.3483E-04  0.1539E-02  0.6969E-03  0.1767E-01  0.2866E-03  0.5170E-01  0.9432E-03  0.1878E-01  0.9433E-04  0.5178E-03
     3.217  0.2043E-03  0.6573E-01  0.1038E-01  0.4113E-01  0.7267E-02  0.4001E+00  0.9358E-02  0.3942E-01  0.3602E-04  0.1576E-02  0.7665E-03  0.1723E-01  0.2896E-03  0.5140E-01  0.9886E-03  0.2041E-01  0.1058E-03  0.6169E-03
      3.227  0.1959E-03  0.4945E-01  0.1614E-01  0.3295E-01  0.8216E-02  0.3046E+00  0.1277E-01  0.3054E-01  0.4109E-04  0.1231E-02  0.1163E-02  0.1370E-01  0.3436E-03  0.3855E-01  0.1306E-02  0.1563E-01  0.1730E-03  0.4276E-03
      3.237  0.1888E-03  0.4266E-01  0.2444E-01  0.2939E-01  0.9463E-02  0.2636E+00  0.1501E-01  0.2676E-01  0.4953E-04  0.1087E-02  0.1734E-02  0.1220E-01  0.4200E-03  0.3321E-01  0.1477E-02  0.1369E-01  0.2302E-03  0.3600E-03
      3.247  0.1607E-03  0.3598E-01  0.3080E-01  0.2591E-01  0.9695E-02  0.2230E+00  0.1718E-01  0.2294E-01  0.5823E-04  0.9445E-03  0.2153E-02  0.1075E-01  0.4407E-03  0.2796E-01  0.1638E-02  0.1174E-01  0.2737E-03  0.2963E-03
      3.257  0.1369E-03  0.2943E-01  0.2936E-01  0.2251E-01  0.8596E-02  0.1829E+00  0.1541E-01  0.1907E-01  0.5156E-04  0.8043E-03  0.2010E-02  0.9373E-02  0.3929E-03  0.2280E-01  0.1448E-02  0.9788E-02  0.2542E-03  0.2365E-03
      3.267  0.1145E-03  0.2321E-01  0.2791E-01  0.1810E-01  0.7611E-02  0.1457E+00  0.1378E-01  0.1641E-01  0.4518E-04  0.6643E-03  0.1861E-02  0.7434E-02  0.3494E-03  0.1816E-01  0.1264E-02  0.8486E-02  0.2342E-03  0.2133E-03
      3.277  0.9355E-04  0.2114E-01  0.2652E-01  0.1733E-01  0.6752E-02  0.1343E+00  0.1231E-01  0.1593E-01  0.3914E-04  0.6294E-03  0.1709E-02  0.7099E-02  0.3108E-03  0.1669E-01  0.1089E-02  0.8259E-02  0.2140E-03  0.2331E-03
      3.287  0.7365E-04  0.1945E-01  0.2491E-01  0.1803E-01  0.5942E-02  0.1265E+00  0.1085E-01  0.1614E-01  0.3316E-04  0.6080E-03  0.1543E-02  0.7402E-02  0.2738E-03  0.1572E-01  0.9177E-03  0.8441E-02  0.1926E-03  0.3134E-03
      3.297  0.5479E-04  0.1804E-01  0.2308E-01  0.2066E-01  0.5182E-02  0.1215E+00  0.9393E-02  0.1692E-01  0.2724E-04  0.6035E-03  0.1364E-02  0.8539E-02  0.2385E-03  0.1509E-01  0.7500E-03  0.8978E-02  0.1701E-03  0.4553E-03
      3.307  0.3699E-04  0.1581E-01  0.2102E-01  0.2231E-01  0.4472E-02  0.1109E+00  0.7949E-02  0.1655E-01  0.2138E-04  0.5814E-03  0.1173E-02  0.9213E-02  0.2048E-03  0.1371E-01  0.5860E-03  0.8821E-02  0.1465E-03  0.5343E-03
      3.317  0.2424E-04  0.1398E-01  0.2050E-01  0.2293E-01  0.4011E-02  0.1009E+00  0.7071E-02  0.1595E-01  0.1800E-04  0.5663E-03  0.1087E-02  0.9425E-02  0.1831E-03  0.1233E-01  0.4712E-03  0.8504E-02  0.1333E-03  0.5582E-03
      3.327  0.2048E-04  0.1230E-01  0.2124E-01  0.2270E-01  0.3869E-02  0.9076E-01  0.6962E-02  0.1502E-01  0.1741E-04  0.5373E-03  0.1090E-02  0.9285E-02  0.1755E-03  0.1098E-01  0.4238E-03  0.7995E-02  0.1300E-03  0.5584E-03
      3.337  0.1695E-04  0.1042E-01  0.2166E-01  0.2055E-01  0.3737E-02  0.7729E-01  0.6846E-02  0.1282E-01  0.1655E-04  0.4555E-03  0.1071E-02  0.8355E-02  0.1683E-03  0.9377E-02  0.3771E-03  0.6783E-02  0.1253E-03  0.5098E-03
      3.347  0.1620E-04  0.8620E-02  0.1965E-01  0.1827E-01  0.3637E-02  0.6450E-01  0.6483E-02  0.1072E-01  0.1504E-04  0.3766E-03  0.9043E-03  0.7369E-02  0.1562E-03  0.7851E-02  0.3298E-03  0.5627E-02  0.1067E-03  0.4578E-03
      3.357  0.1568E-04  0.6918E-02  0.1787E-01  0.1586E-01  0.3558E-02  0.5238E-01  0.6249E-02  0.8732E-02  0.1392E-04  0.3005E-03  0.7546E-03  0.6329E-02  0.1465E-03  0.6405E-02  0.2912E-03  0.4527E-02  0.9014E-04  0.4025E-03
      3.367  0.1516E-04  0.5309E-02  0.1628E-01  0.1331E-01  0.3483E-02  0.4094E-01  0.6081E-02  0.6846E-02  0.1292E-04  0.2274E-03  0.6190E-03  0.5234E-02  0.1377E-03  0.5041E-02  0.2568E-03  0.3482E-02  0.7528E-04  0.3438E-03
      3.377  0.1464E-04  0.3889E-02  0.1490E-01  0.1168E-01  0.3414E-02  0.3117E-01  0.5979E-02  0.5186E-02  0.1204E-04  0.1681E-03  0.4976E-03  0.4506E-02  0.1297E-03  0.3861E-02  0.2264E-03  0.2559E-02  0.6213E-04  0.3023E-03
      3.387  0.1413E-04  0.2703E-02  0.1386E-01  0.1164E-01  0.3355E-02  0.2356E-01  0.5975E-02  0.3802E-02  0.1136E-04  0.1278E-03  0.3995E-03  0.4422E-02  0.1231E-03  0.2918E-02  0.2024E-03  0.1786E-02  0.5170E-04  0.2927E-03
      3.397  0.1383E-04  0.2081E-02  0.1436E-01  0.1083E-01  0.3360E-02  0.1947E-01  0.6303E-02  0.3264E-02  0.1153E-04  0.1085E-03  0.3957E-03  0.4029E-02  0.1229E-03  0.2396E-02  0.2023E-03  0.1444E-02  0.5162E-04  0.2672E-03
      3.407  0.1352E-04  0.1646E-02  0.1487E-01  0.9039E-02  0.3359E-02  0.1638E-01  0.6642E-02  0.2994E-02  0.1170E-04  0.9317E-04  0.3923E-03  0.3253E-02  0.1225E-03  0.1997E-02  0.2026E-03  0.1244E-02  0.5164E-04  0.2197E-03
      3.417  0.1359E-04  0.1513E-02  0.1690E-01  0.7589E-02  0.3448E-02  0.1511E-01  0.8650E-02  0.2920E-02  0.1319E-04  0.8539E-04  0.4388E-03  0.2621E-02  0.1264E-03  0.1836E-02  0.2651E-03  0.1147E-02  0.6353E-04  0.1787E-03
      3.427  0.1374E-04  0.1391E-02  0.1974E-01  0.6325E-02  0.3624E-02  0.1396E-01  0.1134E-01  0.2863E-02  0.1516E-04  0.7856E-04  0.5033E-03  0.2067E-02  0.1336E-03  0.1690E-02  0.3471E-03  0.1061E-02  0.8006E-04  0.1431E-03
      3.437  0.1406E-04  0.1302E-02  0.2258E-01  0.5605E-02  0.4141E-02  0.1318E-01  0.1365E-01  0.2858E-02  0.1678E-04  0.7452E-04  0.5512E-03  0.1734E-02  0.1521E-03  0.1591E-02  0.4041E-03  0.1010E-02  0.9240E-04  0.1222E-03
      3.447  0.1598E-04  0.1263E-02  0.2926E-01  0.5697E-02  0.7225E-02  0.1297E-01  0.1709E-01  0.2931E-02  0.2104E-04  0.7458E-04  0.6849E-03  0.1718E-02  0.2675E-03  0.1563E-02  0.4729E-03  0.1011E-02  0.1092E-03  0.1225E-03
      3.457  0.1907E-04  0.1223E-02  0.4035E-01  0.5796E-02  0.1220E-01  0.1274E-01  0.2162E-01  0.3004E-02  0.2797E-04  0.7462E-04  0.9308E-03  0.1705E-02  0.4451E-03  0.1534E-02  0.5793E-03  0.1012E-02  0.1321E-03  0.1230E-03
      3.467  0.2182E-04  0.1182E-02  0.4712E-01  0.5903E-02  0.1147E-01  0.1250E-01  0.2394E-01  0.3079E-02  0.3008E-04  0.7463E-04  0.9209E-03  0.1694E-02  0.3780E-03  0.1502E-02  0.5984E-03  0.1013E-02  0.1294E-03  0.1236E-03
      3.477  0.3216E-04  0.1150E-02  0.6018E-01  0.6070E-02  0.1068E-01  0.1237E-01  0.3479E-01  0.3224E-02  0.3403E-04  0.7551E-04  0.1096E-02  0.1711E-02  0.3455E-03  0.1486E-02  0.7853E-03  0.1045E-02  0.1656E-03  0.1279E-03
      3.487  0.3534E-04  0.1099E-02  0.6612E-01  0.7356E-02  0.9548E-02  0.1241E-01  0.3910E-01  0.4608E-02  0.3295E-04  0.8812E-04  0.1118E-02  0.2067E-02  0.2968E-03  0.1492E-02  0.8226E-03  0.1501E-02  0.1703E-03  0.1908E-03
      3.497  0.3393E-04  0.1060E-02  0.6494E-01  0.8653E-02  0.8012E-02  0.1283E-01  0.3981E-01  0.5799E-02  0.2914E-04  0.9803E-04  0.1004E-02  0.2413E-02  0.2391E-03  0.1561E-02  0.7823E-03  0.1875E-02  0.1575E-03  0.2503E-03
      3.507  0.3171E-04  0.1198E-02  0.6242E-01  0.1060E-01  0.6651E-02  0.1813E-01  0.3970E-01  0.6558E-02  0.2498E-04  0.1099E-03  0.8742E-03  0.2879E-02  0.1890E-03  0.2289E-02  0.7313E-03  0.2046E-02  0.1427E-03  0.2813E-03
      3.517  0.3017E-04  0.1348E-02  0.6152E-01  0.1234E-01  0.6441E-02  0.2355E-01  0.3917E-01  0.7233E-02  0.2295E-04  0.1228E-03  0.7895E-03  0.3256E-02  0.1761E-03  0.3000E-02  0.6932E-03  0.2177E-02  0.1323E-03  0.2925E-03
      3.527  0.2884E-04  0.1250E-02  0.6194E-01  0.1399E-01  0.6327E-02  0.2270E-01  0.3881E-01  0.1005E-01  0.2149E-04  0.1445E-03  0.7150E-03  0.3525E-02  0.1647E-03  0.2892E-02  0.6528E-03  0.2955E-02  0.1226E-03  0.3556E-03
      3.537  0.2831E-04  0.1084E-02  0.6663E-01  0.1395E-01  0.6449E-02  0.1997E-01  0.4099E-01  0.1024E-01  0.2168E-04  0.1369E-03  0.6707E-03  0.3385E-02  0.1569E-03  0.2582E-02  0.6507E-03  0.2948E-02  0.1194E-03  0.3445E-03
      3.547  0.2805E-04  0.8962E-03  0.7237E-01  0.1280E-01  0.6691E-02  0.1620E-01  0.4325E-01  0.9659E-02  0.2221E-04  0.1205E-03  0.6398E-03  0.3004E-02  0.1517E-03  0.2122E-02  0.6495E-03  0.2713E-02  0.1175E-03  0.3118E-03
      3.557  0.2761E-04  0.7238E-03  0.8104E-01  0.1168E-01  0.7166E-02  0.1275E-01  0.4632E-01  0.9097E-02  0.2298E-04  0.1044E-03  0.6118E-03  0.2637E-02  0.1492E-03  0.1689E-02  0.6490E-03  0.2488E-02  0.1161E-03  0.2801E-03
      3.567  0.2748E-04  0.5669E-03  0.9266E-01  0.1062E-01  0.7757E-02  0.9611E-02  0.5012E-01  0.8562E-02  0.2483E-04  0.8869E-04  0.6068E-03  0.2290E-02  0.1483E-03  0.1285E-02  0.6504E-03  0.2275E-02  0.1151E-03  0.2497E-03
      3.577  0.2733E-04  0.4959E-03  0.1048E+00  0.1017E-01  0.8369E-02  0.8670E-02  0.5409E-01  0.8362E-02  0.2644E-04  0.8128E-04  0.6019E-03  0.2120E-02  0.1474E-03  0.1161E-02  0.6513E-03  0.2191E-02  0.1144E-03  0.2373E-03
      3.587  0.3678E-04  0.4372E-03  0.1444E+00  0.9814E-02  0.1028E-01  0.8030E-02  0.7965E-01  0.8172E-02  0.3029E-04  0.7501E-04  0.7408E-03  0.1977E-02  0.1726E-03  0.1074E-02  0.8569E-03  0.2116E-02  0.1603E-03  0.2270E-03
      3.597  0.5144E-04  0.3799E-03  0.1918E+00  0.9470E-02  0.1279E-01  0.7400E-02  0.1104E+00  0.7944E-02  0.3531E-04  0.6874E-04  0.9348E-03  0.1838E-02  0.2203E-03  0.9892E-03  0.1105E-02  0.2031E-02  0.2185E-03  0.2164E-03
      3.607  0.1562E-03  0.3247E-03  0.3501E+00  0.9884E-02  0.3358E-01  0.6835E-02  0.1663E+00  0.8077E-02  0.6754E-04  0.6461E-04  0.1661E-02  0.1772E-02  0.6798E-03  0.9134E-03  0.1524E-02  0.1984E-02  0.3535E-03  0.2125E-03
      3.617  0.1546E-03  0.2719E-03  0.4025E+00  0.1055E-01  0.3305E-01  0.6318E-02  0.1911E+00  0.8339E-02  0.6956E-04  0.6168E-04  0.1682E-02  0.1735E-02  0.5615E-03  0.8428E-03  0.1521E-02  0.1966E-02  0.3550E-03  0.2113E-03
      3.627  0.1464E-03  0.2216E-03  0.4201E+00  0.1140E-01  0.3456E-01  0.5861E-02  0.1962E+00  0.8646E-02  0.7220E-04  0.5918E-04  0.1512E-02  0.1717E-02  0.4574E-03  0.7798E-03  0.1350E-02  0.1953E-02  0.3156E-03  0.2113E-03
      3.637  0.1498E-03  0.1793E-03  0.4290E+00  0.1232E-01  0.3857E-01  0.5474E-02  0.1965E+00  0.8962E-02  0.7642E-04  0.5703E-04  0.1358E-02  0.1710E-02  0.4195E-03  0.7249E-03  0.1180E-02  0.1941E-02  0.2786E-03  0.2120E-03
      3.647  0.1276E-03  0.1716E-03  0.2687E+00  0.1463E-01  0.2805E-01  0.5680E-02  0.1364E+00  0.9592E-02  0.6164E-04  0.6352E-04  0.7409E-03  0.1939E-02  0.2421E-03  0.7233E-03  0.5675E-03  0.1987E-02  0.1510E-03  0.2264E-03
      3.657  0.1298E-03  0.1733E-03  0.2412E+00  0.1950E-01  0.2886E-01  0.6889E-02  0.1307E+00  0.1270E-01  0.5950E-04  0.7628E-04  0.6085E-03  0.2462E-02  0.2217E-03  0.8431E-03  0.4741E-03  0.2483E-02  0.1254E-03  0.3044E-03
      3.667  0.1324E-03  0.1853E-03  0.2118E+00  0.2667E-01  0.2940E-01  0.9325E-02  0.1251E+00  0.1758E-01  0.5676E-04  0.9423E-04  0.4823E-03  0.3246E-02  0.2014E-03  0.1123E-02  0.3862E-03  0.3303E-02  0.1010E-03  0.4300E-03
      3.677  0.1354E-03  0.1941E-03  0.1805E+00  0.3624E-01  0.2967E-01  0.1218E-01  0.1197E+00  0.2202E-01  0.5343E-04  0.1118E-03  0.3622E-03  0.4240E-02  0.1813E-03  0.1478E-02  0.3037E-03  0.4000E-02  0.7802E-04  0.5554E-03
      3.687  0.3386E-03  0.2098E-03  0.2228E+00  0.4552E-01  0.6495E-01  0.1516E-01  0.3416E+00  0.2613E-01  0.1028E-03  0.1323E-03  0.3158E-03  0.5289E-02  0.2785E-03  0.1885E-02  0.5950E-03  0.4645E-02  0.1252E-03  0.6819E-03
      3.697  0.4032E-03  0.2142E-03  0.2503E+00  0.5436E-01  0.7817E-01  0.1794E-01  0.3503E+00  0.3052E-01  0.1145E-03  0.1423E-03  0.2606E-03  0.6183E-02  0.2820E-03  0.2287E-02  0.4761E-03  0.5338E-02  0.9933E-04  0.8128E-03
      3.707  0.4889E-03  0.1998E-03  0.2870E+00  0.6088E-01  0.9427E-01  0.1853E-01  0.3712E+00  0.3472E-01  0.1299E-03  0.1433E-03  0.2118E-03  0.6645E-02  0.2974E-03  0.2331E-02  0.3759E-03  0.5882E-02  0.7650E-04  0.8983E-03
      3.717  0.6520E-03  0.1670E-03  0.2857E+00  0.6490E-01  0.1138E+00  0.1694E-01  0.4333E+00  0.3649E-01  0.1577E-03  0.1340E-03  0.1821E-03  0.6545E-02  0.3508E-03  0.2065E-02  0.3802E-03  0.5751E-02  0.6182E-04  0.8862E-03
      3.727  0.8588E-03  0.1248E-03  0.2769E+00  0.6744E-01  0.1343E+00  0.1396E-01  0.5396E+00  0.3599E-01  0.1811E-03  0.1169E-03  0.1466E-03  0.6048E-02  0.3840E-03  0.1646E-02  0.3778E-03  0.4954E-02  0.4836E-04  0.7931E-03
      3.737  0.9426E-03  0.9299E-04  0.3029E+00  0.6492E-01  0.1252E+00  0.1140E-01  0.5927E+00  0.3579E-01  0.1805E-03  0.1048E-03  0.1442E-03  0.5259E-02  0.3193E-03  0.1312E-02  0.3616E-03  0.4318E-02  0.3705E-04  0.6876E-03
      3.747  0.1822E-02  0.7624E-04  0.5621E+00  0.6072E-01  0.2455E+00  0.9900E-02  0.9453E+00  0.3408E-01  0.3161E-03  0.9781E-04  0.2387E-03  0.4628E-02  0.5249E-03  0.1120E-02  0.4476E-03  0.3810E-02  0.4687E-04  0.6058E-03
      3.757  0.1328E-02  0.6254E-04  0.4262E+00  0.5614E-01  0.1844E+00  0.8497E-02  0.6568E+00  0.3215E-01  0.2194E-03  0.9154E-04  0.1522E-03  0.4008E-02  0.3055E-03  0.9389E-03  0.2921E-03  0.3275E-02  0.2979E-04  0.5238E-03
      3.767  0.8547E-03  0.4950E-04  0.2974E+00  0.5147E-01  0.1190E+00  0.7170E-02  0.3801E+00  0.3022E-01  0.1235E-03  0.8517E-04  0.1159E-03  0.3401E-02  0.1729E-03  0.7685E-03  0.1945E-03  0.2751E-02  0.1818E-04  0.4448E-03
      3.777  0.1086E-02  0.3912E-04  0.3544E+00  0.4821E-01  0.1457E+00  0.6574E-02  0.3902E+00  0.3082E-01  0.1194E-03  0.8610E-04  0.1742E-03  0.2918E-02  0.2189E-03  0.6720E-03  0.2267E-03  0.2438E-02  0.1903E-04  0.3915E-03
      3.787  0.1175E-02  0.3474E-04  0.4106E+00  0.4745E-01  0.1493E+00  0.6753E-02  0.4091E+00  0.3296E-01  0.1085E-03  0.9099E-04  0.3026E-03  0.2691E-02  0.2171E-03  0.6631E-03  0.3283E-03  0.2370E-02  0.3122E-04  0.3725E-03
      3.797  0.1177E-02  0.3399E-04  0.3922E+00  0.4831E-01  0.1375E+00  0.7330E-02  0.4644E+00  0.3597E-01  0.8913E-04  0.9754E-04  0.4508E-03  0.2603E-02  0.1758E-03  0.6952E-03  0.4453E-03  0.2455E-02  0.4694E-04  0.3722E-03
      3.807  0.8787E-03  0.3333E-04  0.3387E+00  0.4923E-01  0.1002E+00  0.7919E-02  0.3563E+00  0.3902E-01  0.6569E-04  0.1042E-03  0.4895E-03  0.2523E-02  0.1305E-03  0.7279E-03  0.4528E-03  0.2536E-02  0.4783E-04  0.3720E-03
      3.817  0.5696E-03  0.3274E-04  0.2281E+00  0.5021E-01  0.6361E-01  0.8520E-02  0.2159E+00  0.4213E-01  0.3519E-04  0.1110E-03  0.4306E-03  0.2451E-02  0.8810E-04  0.7610E-03  0.2977E-03  0.2612E-02  0.4111E-04  0.3719E-03
      3.827  0.4321E-03  0.3271E-04  0.1543E+00  0.5096E-01  0.4651E-01  0.8676E-02  0.1467E+00  0.4415E-01  0.2240E-04  0.1180E-03  0.3813E-03  0.2417E-02  0.8075E-04  0.7696E-03  0.2075E-03  0.2662E-02  0.3574E-04  0.3670E-03
      3.837  0.4031E-03  0.3662E-04  0.1386E+00  0.5452E-01  0.4086E-01  0.9398E-02  0.1357E+00  0.5249E-01  0.1864E-04  0.1473E-03  0.4264E-03  0.2508E-02  0.1027E-03  0.8477E-03  0.2124E-03  0.3108E-02  0.3697E-04  0.3842E-03
      3.847  0.3984E-03  0.3925E-04  0.1298E+00  0.5846E-01  0.3748E-01  0.9891E-02  0.1354E+00  0.5786E-01  0.1601E-04  0.1598E-03  0.4951E-03  0.2573E-02  0.1360E-03  0.8872E-03  0.2403E-03  0.3238E-02  0.4011E-04  0.3906E-03
      3.857  0.2457E-03  0.4147E-04  0.6798E-01  0.6272E-01  0.2399E-01  0.1026E-01  0.1013E+00  0.6231E-01  0.1107E-04  0.1651E-03  0.2943E-03  0.2623E-02  0.6994E-04  0.9084E-03  0.2300E-03  0.3257E-02  0.2815E-04  0.3948E-03
      3.867  0.1850E-03  0.4396E-04  0.5043E-01  0.6725E-01  0.1786E-01  0.1065E-01  0.9976E-01  0.6700E-01  0.7834E-05  0.1704E-03  0.3164E-03  0.2680E-02  0.5777E-04  0.9308E-03  0.3189E-03  0.3283E-02  0.3542E-04  0.4007E-03
      3.877  0.1957E-03  0.4671E-04  0.5214E-01  0.7207E-01  0.1799E-01  0.1105E-01  0.1126E+00  0.7194E-01  0.7778E-05  0.1756E-03  0.3692E-03  0.2745E-02  0.6274E-04  0.9544E-03  0.4030E-03  0.3315E-02  0.4137E-04  0.4081E-03
      3.887  0.1781E-03  0.4974E-04  0.4473E-01  0.7716E-01  0.1578E-01  0.1146E-01  0.8070E-01  0.7712E-01  0.7306E-05  0.1808E-03  0.2951E-03  0.2817E-02  0.5639E-04  0.9791E-03  0.2949E-03  0.3355E-02  0.3736E-04  0.4171E-03
      3.897  0.1749E-03  0.6112E-04  0.4314E-01  0.1372E+00  0.1510E-01  0.1566E-01  0.7690E-01  0.1218E+00  0.7153E-05  0.2322E-03  0.2973E-03  0.4612E-02  0.5597E-04  0.1239E-02  0.2978E-03  0.4527E-02  0.3824E-04  0.6525E-03
      3.907  0.1717E-03  0.7975E-04  0.4156E-01  0.2106E+00  0.1444E-01  0.2307E-01  0.7316E-01  0.1819E+00  0.7004E-05  0.3211E-03  0.2997E-03  0.6617E-02  0.5556E-04  0.1682E-02  0.3006E-03  0.5953E-02  0.3912E-04  0.9179E-03
      3.917  0.1684E-03  0.8736E-04  0.4000E-01  0.2203E+00  0.1378E-01  0.3008E-01  0.6946E-01  0.2110E+00  0.6859E-05  0.3979E-03  0.3021E-03  0.6564E-02  0.5518E-04  0.2119E-02  0.3033E-03  0.6453E-02  0.4000E-04  0.9273E-03
      3.928  0.1650E-03  0.9084E-04  0.3846E-01  0.2190E+00  0.1314E-01  0.3632E-01  0.6581E-01  0.2307E+00  0.6717E-05  0.4630E-03  0.3048E-03  0.6187E-02  0.5481E-04  0.2496E-02  0.3059E-03  0.6641E-02  0.4088E-04  0.8846E-03
      3.938  0.1616E-03  0.9558E-04  0.3693E-01  0.2150E+00  0.1250E-01  0.4629E-01  0.6221E-01  0.2520E+00  0.6580E-05  0.5563E-03  0.3076E-03  0.5656E-02  0.5447E-04  0.3112E-02  0.3084E-03  0.6737E-02  0.4176E-04  0.8100E-03
      3.948  0.1612E-03  0.9424E-04  0.3601E-01  0.1921E+00  0.1189E-01  0.5067E-01  0.5934E-01  0.2338E+00  0.6515E-05  0.5866E-03  0.3224E-03  0.4664E-02  0.5471E-04  0.3339E-02  0.3281E-03  0.5866E-02  0.4558E-04  0.6394E-03
      3.958  0.1612E-03  0.8282E-04  0.3516E-01  0.1408E+00  0.1130E-01  0.3965E-01  0.5656E-01  0.1831E+00  0.6467E-05  0.4806E-03  0.3386E-03  0.3111E-02  0.5509E-04  0.2544E-02  0.3497E-03  0.4409E-02  0.4972E-04  0.4249E-03
      3.968  0.1613E-03  0.8803E-04  0.3429E-01  0.1492E+00  0.1072E-01  0.4489E-01  0.5379E-01  0.2010E+00  0.6425E-05  0.5374E-03  0.3546E-03  0.3155E-02  0.5553E-04  0.2831E-02  0.3707E-03  0.4629E-02  0.5377E-04  0.4228E-03
      3.978  0.1614E-03  0.1646E-03  0.3341E-01  0.2046E+00  0.1015E-01  0.8106E-01  0.5102E-01  0.3398E+00  0.6391E-05  0.1077E-02  0.3703E-03  0.4023E-02  0.5603E-04  0.5029E-02  0.3912E-03  0.7391E-02  0.5775E-04  0.4515E-03
      3.988  0.1619E-03  0.1696E-03  0.3253E-01  0.2316E+00  0.9591E-02  0.8824E-01  0.4826E-01  0.2648E+00  0.6367E-05  0.1038E-02  0.3862E-03  0.4163E-02  0.5661E-04  0.4859E-02  0.4113E-03  0.5062E-02  0.6167E-04  0.3405E-03
      3.998  0.1655E-03  0.2536E-03  0.3172E-01  0.3110E+00  0.9138E-02  0.1148E+00  0.4552E-01  0.3004E+00  0.6387E-05  0.1310E-02  0.4060E-03  0.5304E-02  0.5749E-04  0.5986E-02  0.4327E-03  0.5125E-02  0.6590E-04  0.3443E-03
      4.008  0.1701E-03  0.3716E-03  0.3069E-01  0.4333E+00  0.8634E-02  0.1730E+00  0.4207E-01  0.4242E+00  0.6416E-05  0.1933E-02  0.4277E-03  0.6265E-02  0.5824E-04  0.8332E-02  0.4537E-03  0.6904E-02  0.7047E-04  0.3692E-03
      4.018  0.1752E-03  0.3855E-03  0.2949E-01  0.2702E+00  0.8099E-02  0.9296E-01  0.3820E-01  0.2382E+00  0.6475E-05  0.9452E-03  0.4526E-03  0.3345E-02  0.5893E-04  0.4330E-02  0.4774E-03  0.3449E-02  0.7584E-04  0.2310E-03
      4.028  0.1715E-03  0.4542E-03  0.2728E-01  0.2366E+00  0.7147E-02  0.9151E-01  0.3245E-01  0.1803E+00  0.6388E-05  0.7614E-03  0.4669E-03  0.2765E-02  0.5938E-04  0.3856E-02  0.4930E-03  0.1962E-02  0.7907E-04  0.1450E-03
      4.038  0.1555E-03  0.1023E-02  0.2038E-01  0.3863E+00  0.4564E-02  0.2382E+00  0.2305E-01  0.4164E+00  0.5957E-05  0.1820E-02  0.4768E-03  0.4518E-02  0.6157E-04  0.9465E-02  0.5492E-03  0.3894E-02  0.8568E-04  0.1527E-03
      4.048  0.1579E-03  0.5115E-03  0.1904E-01  0.2015E+00  0.4359E-02  0.1470E+00  0.2065E-01  0.3468E+00  0.6098E-05  0.1248E-02  0.4912E-03  0.2231E-02  0.6165E-04  0.5693E-02  0.5621E-03  0.3778E-02  0.8868E-04  4.0486E-04
      4.058  0.1603E-03  0.3822E-03  0.1771E-01  0.1915E+00  0.4154E-02  0.1482E+00  0.1831E-01  0.3594E+00  0.6236E-05  0.1203E-02  0.5056E-03  0.1977E-02  0.6170E-04  0.5447E-02  0.5753E-03  0.3537E-02  0.9172E-04  0.6477E-04
      4.068  0.1628E-03  0.3559E-03  0.1640E-01  0.1780E+00  0.3951E-02  0.1326E+00  0.1604E-01  0.3097E+00  0.6370E-05  0.1045E-02  0.5201E-03  0.1737E-02  0.6171E-04  0.4817E-02  0.5889E-03  0.2956E-02  0.9479E-04  0.5683E-04
      4.078  0.1650E-03  0.3336E-03  0.1519E-01  0.1650E+00  0.3787E-02  0.1185E+00  0.1442E-01  0.2667E+00  0.6481E-05  0.9065E-03  0.5298E-03  0.1516E-02  0.6152E-04  0.4253E-02  0.5995E-03  0.2469E-02  0.9691E-04  0.5050E-04
      4.088  0.1672E-03  0.3160E-03  0.1400E-01  0.1608E+00  0.3629E-02  0.1048E+00  0.1292E-01  0.2300E+00  0.6586E-05  0.7745E-03  0.5387E-03  0.1326E-02  0.6130E-04  0.3711E-02  0.6097E-03  0.2024E-02  0.9891E-04  0.4713E-04
      4.098  0.1705E-03  0.2986E-03  0.1086E-01  0.1550E+00  0.3483E-02  0.9000E-01  0.1158E-01  0.1910E+00  0.6899E-05  0.6346E-03  0.5432E-03  0.1134E-02  0.6277E-04  0.3130E-02  0.6325E-03  0.1575E-02  0.1013E-03  0.4525E-04
      4.108  0.2099E-03  0.2477E-03  0.1061E-01  0.1293E+00  0.3466E-02  0.6434E-01  0.1098E-01  0.1266E+00  0.6901E-05  0.4417E-03  0.5530E-03  0.9095E-03  0.6227E-04  0.2194E-02  0.6357E-03  0.1065E-02  0.1028E-03  0.4612E-04
      4.118  0.2728E-03  0.2058E-03  0.1040E-01  0.9842E-01  0.3454E-02  0.4575E-01  0.1041E-01  0.9315E-01  0.6901E-05  0.3016E-03  0.5637E-03  0.6769E-03  0.6186E-04  0.1551E-02  0.6399E-03  0.8510E-03  0.1046E-03  0.4986E-04
      4.128  0.3380E-03  0.1771E-03  0.1018E-01  0.7827E-01  0.3441E-02  0.3358E-01  0.9860E-02  0.6940E-01  0.6896E-05  0.2085E-03  0.5744E-03  0.5410E-03  0.6144E-04  0.1136E-02  0.6439E-03  0.7008E-03  0.1063E-03  0.5366E-04
      4.138  0.4054E-03  0.1628E-03  0.9968E-02  0.6831E-01  0.3426E-02  0.2741E-01  0.9319E-02  0.5510E-01  0.6885E-05  0.1588E-03  0.5850E-03  0.4826E-03  0.6101E-04  0.9180E-03  0.6476E-03  0.6101E-03  0.1080E-03  0.5702E-04
      4.148  0.4751E-03  0.1594E-03  0.9753E-02  0.6157E-01  0.3410E-02  0.2400E-01  0.8793E-02  0.4767E-01  0.6869E-05  0.1327E-03  0.5955E-03  0.4488E-03  0.6058E-04  0.7996E-03  0.6512E-03  0.5777E-03  0.1097E-03  0.5974E-04
      4.158  0.5501E-03  0.1562E-03  0.9612E-02  0.5502E-01  0.3427E-02  0.2073E-01  0.8513E-02  0.4057E-01  0.6951E-05  0.1079E-03  0.6106E-03  0.4178E-03  0.6055E-04  0.6867E-03  0.6601E-03  0.5485E-03  0.1123E-03  0.6243E-04
      4.168  0.6288E-03  0.1514E-03  0.9480E-02  0.4267E-01  0.3461E-02  0.1653E-01  0.8365E-02  0.3300E-01  0.7088E-05  0.8245E-04  0.6277E-03  0.3676E-03  0.6074E-04  0.5623E-03  0.6731E-03  0.5428E-03  0.1154E-03  0.6422E-04
      4.178  0.7099E-03  0.1738E-03  0.9347E-02  0.3782E-01  0.3495E-02  0.1520E-01  0.8218E-02  0.2954E-01  0.7220E-05  0.7291E-04  0.6451E-03  0.3609E-03  0.6094E-04  0.5239E-03  0.6860E-03  0.5428E-03  0.1186E-03  0.6699E-04
      4.188  0.7933E-03  0.2585E-03  0.9214E-02  0.3585E-01  0.3528E-02  0.1446E-01  0.8074E-02  0.2695E-01  0.7345E-05  0.6580E-04  0.6631E-03  0.3663E-03  0.6114E-04  0.4990E-03  0.6987E-03  0.5384E-03  0.1218E-03  0.7023E-04
      4.198  0.8829E-03  0.3476E-03  0.8976E-02  0.3415E-01  0.3596E-02  0.1382E-01  0.7910E-02  0.2470E-01  0.7541E-05  0.5995E-04  0.6908E-03  0.3746E-03  0.6325E-04  0.4785E-03  0.7220E-03  0.5370E-03  0.1275E-03  0.7351E-04
      4.208  0.1507E-02  0.4437E-03  0.1014E-01  0.3328E-01  0.4334E-02  0.1353E-01  0.1165E-01  0.2329E-01  0.1299E-04  0.5763E-04  0.8468E-03  0.3908E-03  0.9612E-04  0.4732E-03  0.1222E-02  0.5439E-03  0.1674E-03  0.7693E-04
      4.218  0.1584E-02  0.5449E-03  0.8331E-02  0.3272E-01  0.3123E-02  0.1343E-01  0.8402E-02  0.2277E-01  0.9153E-05  0.5725E-04  0.7916E-03  0.4102E-03  0.7075E-04  0.4753E-03  0.8513E-03  0.5618E-03  0.1514E-03  0.8088E-04
      4.228  0.1810E-02  0.6504E-03  0.8240E-02  0.3223E-01  0.3456E-02  0.1337E-01  0.8074E-02  0.2247E-01  0.1015E-04  0.5734E-04  0.9040E-03  0.4308E-03  0.7390E-04  0.4786E-03  0.8983E-03  0.5827E-03  0.1657E-03  0.8502E-04
      4.238  0.2058E-02  0.7598E-03  0.8648E-02  0.3168E-01  0.4011E-02  0.1328E-01  0.8238E-02  0.2215E-01  0.1164E-04  0.5733E-04  0.1097E-02  0.4516E-03  0.8204E-04  0.4806E-03  0.1031E-02  0.6034E-03  0.1961E-03  0.8918E-04
      4.248  0.2256E-02  0.8730E-03  0.8098E-02  0.3109E-01  0.4005E-02  0.1316E-01  0.6345E-02  0.2180E-01  0.1180E-04  0.5721E-04  0.1117E-02  0.4727E-03  0.6890E-04  0.4815E-03  0.9366E-03  0.6239E-03  0.1826E-03  0.9337E-04
      4.258  0.2401E-02  0.1258E-02  0.7763E-02  0.3310E-01  0.3736E-02  0.1589E-01  0.6048E-02  0.2898E-01  0.1177E-04  0.6448E-04  0.1096E-02  0.5752E-03  0.6269E-04  0.5131E-03  0.9302E-03  0.1028E-02  0.1844E-03  0.1194E-03
      4.268  0.2534E-02  0.1580E-02  0.7111E-02  0.2529E-01  0.3366E-02  0.9229E-02  0.5667E-02  0.2044E-01  0.1103E-04  0.4373E-04  0.9782E-03  0.5687E-03  0.5517E-04  0.3357E-03  0.8399E-03  0.7326E-03  0.1671E-03  0.1175E-03
      4.278  0.2664E-02  0.1795E-02  0.6299E-02  0.2234E-01  0.2948E-02  0.8002E-02  0.5238E-02  0.1957E-01  0.9908E-05  0.3960E-04  0.8142E-03  0.6470E-03  0.4706E-04  0.2950E-03  0.7063E-03  0.8076E-03  0.1401E-03  0.1365E-03
      4.288  0.2793E-02  0.2037E-02  0.5504E-02  0.2028E-01  0.2523E-02  0.7688E-02  0.4832E-02  0.1810E-01  0.8790E-05  0.3724E-04  0.6460E-03  0.7327E-03  0.3918E-04  0.3014E-03  0.5701E-03  0.8492E-03  0.1128E-03  0.1508E-03
      4.298  0.2949E-02  0.2270E-02  0.4903E-02  0.1748E-01  0.2258E-02  0.7197E-02  0.4537E-02  0.1328E-01  0.7813E-05  0.3790E-04  0.5097E-03  0.7823E-03  0.3351E-04  0.2746E-03  0.4461E-03  0.8155E-03  0.8784E-04  0.1404E-03
      4.308  0.3138E-02  0.2535E-02  0.4635E-02  0.1726E-01  0.2171E-02  0.7467E-02  0.4404E-02  0.1293E-01  0.7228E-05  0.4044E-04  0.4357E-03  0.9316E-03  0.3034E-04  0.2888E-03  0.3661E-03  0.9013E-03  0.7215E-04  0.1597E-03
      4.318  0.3566E-02  0.2790E-02  0.4716E-02  0.1693E-01  0.2206E-02  0.7474E-02  0.4465E-02  0.1254E-01  0.7154E-05  0.4310E-04  0.4285E-03  0.1032E-02  0.2913E-04  0.2893E-03  0.3527E-03  0.9724E-03  0.7081E-04  0.1758E-03
      4.328  0.3975E-02  0.3070E-02  0.4798E-02  0.1626E-01  0.2240E-02  0.6779E-02  0.4527E-02  0.1215E-01  0.7082E-05  0.4551E-04  0.4215E-03  0.1015E-02  0.2784E-04  0.2573E-03  0.3395E-03  0.1008E-02  0.6957E-04  0.1839E-03
      4.338  0.4366E-02  0.3391E-02  0.4892E-02  0.1471E-01  0.2281E-02  0.5825E-02  0.4609E-02  0.1163E-01  0.7042E-05  0.4272E-04  0.4159E-03  0.8680E-03  0.2675E-04  0.2164E-03  0.3289E-03  0.8540E-03  0.6870E-04  0.1584E-03
      4.348  0.8527E-02  0.3702E-02  0.6996E-02  0.1320E-01  0.3070E-02  0.4857E-02  0.6914E-02  0.1114E-01  0.8916E-05  0.3969E-04  0.4285E-03  0.7141E-03  0.3354E-04  0.1756E-03  0.3224E-03  0.6925E-03  0.6542E-04  0.1321E-03
      4.358  0.1116E-01  0.4019E-02  0.8773E-02  0.1194E-01  0.3507E-02  0.4080E-02  0.8607E-02  0.1077E-01  0.9879E-05  0.3652E-04  0.4380E-03  0.5805E-03  0.3765E-04  0.1442E-03  0.3253E-03  0.5325E-03  0.6355E-04  0.1069E-03
      4.368  0.1086E-01  0.4363E-02  0.8730E-02  0.1120E-01  0.3487E-02  0.3723E-02  0.8523E-02  0.1059E-01  0.1021E-04  0.3382E-04  0.4425E-03  0.5047E-03  0.3618E-04  0.1319E-03  0.3290E-03  0.3992E-03  0.6519E-04  0.8657E-04
      4.378  0.1044E-01  0.9064E-02  0.8670E-02  0.1436E-01  0.3428E-02  0.4310E-02  0.8477E-02  0.1381E-01  0.1074E-04  0.5828E-04  0.4463E-03  0.5580E-03  0.3468E-04  0.1777E-03  0.3285E-03  0.4078E-03  0.6642E-04  0.9260E-04
      4.388  0.1000E-01  0.8859E-02  0.8593E-02  0.1388E-01  0.3355E-02  0.4104E-02  0.8444E-02  0.1330E-01  0.1132E-04  0.5707E-04  0.4494E-03  0.5506E-03  0.3326E-04  0.1680E-03  0.3267E-03  0.3914E-03  0.6748E-04  0.9134E-04
      4.398  0.9558E-02  0.8643E-02  0.8496E-02  0.1339E-01  0.3279E-02  0.3901E-02  0.8397E-02  0.1279E-01  0.1189E-04  0.5582E-04  0.4516E-03  0.5429E-03  0.3194E-04  0.1583E-03  0.3250E-03  0.3752E-03  0.6844E-04  0.9009E-04
      4.408  0.9112E-02  0.8419E-02  0.8378E-02  0.1299E-01  0.3197E-02  0.3779E-02  0.8338E-02  0.1240E-01  0.1245E-04  0.5486E-04  0.4529E-03  0.5378E-03  0.3071E-04  0.1509E-03  0.3233E-03  0.3654E-03  0.6929E-04  0.8958E-04
      4.418  0.8665E-02  0.8189E-02  0.8240E-02  0.1277E-01  0.3112E-02  0.3757E-02  0.8267E-02  0.1212E-01  0.1300E-04  0.5462E-04  0.4533E-03  0.5382E-03  0.2956E-04  0.1464E-03  0.3216E-03  0.3634E-03  0.7004E-04  0.9030E-04
      4.428  0.8585E-02  0.7957E-02  0.8427E-02  0.1253E-01  0.3091E-02  0.3721E-02  0.8455E-02  0.1196E-01  0.1419E-04  0.5491E-04  0.4566E-03  0.5400E-03  0.2896E-04  0.1411E-03  0.3229E-03  0.3638E-03  0.7128E-04  0.9223E-04
      4.438  0.8910E-02  0.7758E-02  0.8997E-02  0.1229E-01  0.3138E-02  0.3688E-02  0.9023E-02  0.1189E-01  0.1600E-04  0.5544E-04  0.4619E-03  0.5425E-03  0.2901E-04  0.1359E-03  0.3275E-03  0.3656E-03  0.7286E-04  0.9484E-04
      4.448  0.9236E-02  0.7561E-02  0.9567E-02  0.1203E-01  0.3181E-02  0.3646E-02  0.9598E-02  0.1183E-01  0.1788E-04  0.5596E-04  0.4663E-03  0.5437E-03  0.2910E-04  0.1306E-03  0.3323E-03  0.3675E-03  0.7438E-04  0.9735E-04
      4.458  0.9793E-02  0.7498E-02  0.1041E-01  0.1200E-01  0.3247E-02  0.3632E-02  0.1048E-01  0.1185E-01  0.2043E-04  0.5821E-04  0.4681E-03  0.5470E-03  0.3033E-04  0.1271E-03  0.3509E-03  0.3712E-03  0.7589E-04  0.1003E-03
      4.468  0.1044E-01  0.7807E-02  0.1154E-01  0.1253E-01  0.3320E-02  0.3669E-02  0.1171E-01  0.1243E-01  0.2346E-04  0.6305E-04  0.4659E-03  0.5566E-03  0.3240E-04  0.1276E-03  0.3801E-03  0.3795E-03  0.7721E-04  0.1050E-03
      4.478  0.1098E-01  0.8201E-02  0.1264E-01  0.1319E-01  0.3376E-02  0.3710E-02  0.1285E-01  0.1316E-01  0.2638E-04  0.6839E-04  0.4639E-03  0.5666E-03  0.3474E-04  0.1288E-03  0.4128E-03  0.3887E-03  0.7869E-04  0.1099E-03
      4.488  0.1143E-01  0.8695E-02  0.1370E-01  0.1393E-01  0.3417E-02  0.3757E-02  0.1390E-01  0.1404E-01  0.2921E-04  0.7510E-04  0.4621E-03  0.5747E-03  0.3733E-04  0.1314E-03  0.4489E-03  0.4090E-03  0.8034E-04  0.1145E-03
      4.498  0.1149E-01  0.9334E-02  0.1470E-01  0.1477E-01  0.3387E-02  0.3812E-02  0.1485E-01  0.1496E-01  0.3262E-04  0.8272E-04  0.4594E-03  0.5846E-03  0.4671E-04  0.1348E-03  0.5135E-03  0.4356E-03  0.8269E-04  0.1190E-03
      4.508  0.1147E-01  0.9987E-02  0.1563E-01  0.1559E-01  0.3419E-02  0.3860E-02  0.1556E-01  0.1579E-01  0.3490E-04  0.9048E-04  0.4891E-03  0.5937E-03  0.5468E-04  0.1379E-03  0.5933E-03  0.4640E-03  0.8917E-04  0.1237E-03
      4.518  0.1098E-01  0.1061E-01  0.1648E-01  0.1637E-01  0.3426E-02  0.3899E-02  0.1619E-01  0.1655E-01  0.3622E-04  0.9791E-04  0.5587E-03  0.6030E-03  0.6489E-04  0.1407E-03  0.6685E-03  0.4946E-03  0.1004E-03  0.1285E-03
      4.528  0.1202E-01  0.1119E-01  0.1922E-01  0.1710E-01  0.3965E-02  0.3929E-02  0.1754E-01  0.1723E-01  0.4230E-04  0.1050E-03  0.5951E-03  0.6124E-03  0.5826E-04  0.1432E-03  0.5233E-03  0.5275E-03  0.1141E-03  0.1333E-03
      4.538  0.1896E-01  0.1150E-01  0.2960E-01  0.1771E-01  0.5855E-02  0.3940E-02  0.2605E-01  0.1778E-01  0.8431E-04  0.1118E-03  0.7585E-03  0.6224E-03  0.7872E-04  0.1504E-03  0.6731E-03  0.5933E-03  0.1640E-03  0.1387E-03
      4.548  0.2959E-01  0.1207E-01  0.4137E-01  0.1842E-01  0.7978E-02  0.4041E-02  0.3826E-01  0.1838E-01  0.1625E-03  0.1189E-03  0.8660E-03  0.6549E-03  0.8674E-04  0.1564E-03  0.7841E-03  0.6466E-03  0.2091E-03  0.1466E-03
      4.558  0.2015E-01  0.1254E-01  0.2671E-01  0.1899E-01  0.4799E-02  0.4139E-02  0.2604E-01  0.1886E-01  0.1445E-03  0.1226E-03  0.4853E-03  0.6974E-03  0.5093E-04  0.1616E-03  0.5019E-03  0.7239E-03  0.1238E-03  0.1599E-03
      4.568  0.1046E-01  0.1311E-01  0.1934E-01  0.1958E-01  0.2893E-02  0.4294E-02  0.1731E-01  0.1964E-01  0.6335E-04  0.1267E-03  0.4298E-03  0.7497E-03  0.4881E-04  0.1662E-03  0.4648E-03  0.7793E-03  0.9824E-04  0.1791E-03
      4.578  0.1182E-01  0.2226E-01  0.2208E-01  0.3869E-01  0.3120E-02  0.7523E-02  0.1648E-01  0.3003E-01  0.7910E-04  0.2007E-03  0.6845E-03  0.1571E-02  0.6729E-04  0.3038E-03  0.5653E-03  0.8657E-03  0.1353E-03  0.3545E-03
      4.588  0.1149E-01  0.2799E-01  0.1890E-01  0.3715E-01  0.3009E-02  0.8232E-02  0.1489E-01  0.4268E-01  0.8369E-04  0.4086E-03  0.7412E-03  0.1569E-02  0.6722E-04  0.3161E-03  0.5804E-03  0.1037E-02  0.1481E-03  0.4107E-03
      4.598  0.1122E-01  0.1337E-01  0.1625E-01  0.2019E-01  0.2934E-02  0.3975E-02  0.1328E-01  0.1948E-01  0.8830E-04  0.1310E-03  0.8051E-03  0.8219E-03  0.6759E-04  0.1565E-03  0.6011E-03  0.6246E-03  0.1628E-03  0.1920E-03
      4.608  0.1117E-01  0.1005E-01  0.1555E-01  0.1646E-01  0.2932E-02  0.2996E-02  0.1173E-01  0.1337E-01  0.9347E-04  0.1106E-03  0.8784E-03  0.6630E-03  0.6878E-04  0.1206E-03  0.6308E-03  0.5451E-03  0.1819E-03  0.1504E-03
      4.618  0.1083E-01  0.8260E-02  0.1474E-01  0.1440E-01  0.2897E-02  0.2589E-02  0.1003E-01  0.1152E-01  0.9815E-04  0.1009E-03  0.9440E-03  0.6012E-03  0.6970E-04  0.1112E-03  0.6572E-03  0.5399E-03  0.1984E-03  0.1416E-03
      4.628  0.8312E-02  0.9438E-02  0.1297E-01  0.3183E-01  0.2459E-02  0.3054E-02  0.9097E-02  0.1646E-01  0.8780E-04  0.1309E-03  0.8513E-03  0.8948E-03  0.6717E-04  0.1371E-03  0.6284E-03  0.8081E-03  0.1823E-03  0.3546E-03
      4.638  0.5177E-02  0.7006E-02  0.1063E-01  0.2537E-01  0.1819E-02  0.2492E-02  0.8257E-02  0.1609E-01  0.6645E-04  0.1215E-03  0.6717E-03  0.9502E-03  0.6380E-04  0.1224E-03  0.5654E-03  0.8383E-03  0.1526E-03  0.3438E-03
      4.648  0.2779E-02  0.5674E-02  0.8528E-02  0.2267E-01  0.1278E-02  0.2279E-02  0.8482E-02  0.1649E-01  0.5719E-04  0.1154E-03  0.5494E-03  0.9725E-03  0.1608E-03  0.1174E-03  0.1006E-02  0.8329E-03  0.1595E-03  0.3182E-03
      4.658  0.5525E-03  0.5142E-02  0.2054E-02  0.2084E-01  0.6129E-03  0.2225E-02  0.5484E-02  0.1769E-01  0.3514E-04  0.1168E-03  0.3904E-03  0.9941E-03  0.2647E-03  0.1153E-03  0.1490E-02  0.8288E-03  0.1547E-03  0.3016E-03
      4.668  0.7166E-03  0.4599E-02  0.2817E-02  0.1917E-01  0.5775E-03  0.2167E-02  0.5649E-02  0.1886E-01  0.4265E-04  0.1185E-03  0.4550E-03  0.1013E-02  0.3120E-03  0.1133E-03  0.1811E-02  0.8162E-03  0.2094E-03  0.2865E-03
      4.678  0.1469E-02  0.4048E-02  0.5723E-02  0.1765E-01  0.7436E-03  0.2112E-02  0.8771E-02  0.2009E-01  0.6446E-04  0.1208E-03  0.5234E-03  0.1035E-02  0.3381E-03  0.1177E-03  0.2003E-02  0.8238E-03  0.2625E-03  0.2749E-03
      4.688  0.1997E-02  0.2047E-02  0.7557E-02  0.8026E-02  0.9039E-03  0.1499E-02  0.1130E-01  0.1044E-01  0.8201E-04  0.9645E-04  0.6078E-03  0.7482E-03  0.3364E-03  0.3435E-03  0.2026E-02  0.1766E-02  0.2943E-03  0.2436E-03
      4.698  0.4295E-02  0.4506E-03  0.1289E-01  0.1853E-02  0.2038E-02  0.8524E-03  0.1849E-01  0.4675E-02  0.1561E-03  0.4165E-04  0.8842E-03  0.5709E-03  0.3604E-03  0.2355E-03  0.2130E-02  0.1340E-02  0.3651E-03  0.1765E-03
      4.708  0.9385E-02  0.7019E-03  0.2833E-01  0.5070E-02  0.2796E-02  0.8879E-03  0.3879E-01  0.6587E-02  0.2907E-03  0.7581E-04  0.1165E-02  0.7006E-03  0.4017E-03  0.4333E-03  0.2287E-02  0.2292E-02  0.5542E-03  0.2922E-03
      4.718  0.1461E-01  0.1221E-02  0.4447E-01  0.7679E-02  0.3659E-02  0.1166E-02  0.5855E-01  0.9133E-02  0.4408E-03  0.1034E-03  0.1444E-02  0.8922E-03  0.4521E-03  0.4407E-03  0.2484E-02  0.2378E-02  0.7447E-03  0.3487E-03
      4.728  0.2009E-01  0.2116E-02  0.6202E-01  0.1223E-01  0.4801E-02  0.1800E-02  0.7827E-01  0.1723E-01  0.6126E-03  0.1611E-03  0.1832E-02  0.1077E-02  0.5542E-03  0.4617E-03  0.3058E-02  0.2495E-02  0.9949E-03  0.4233E-03
      4.738  0.8192E-02  0.3198E-02  0.2458E-01  0.1747E-01  0.2638E-02  0.2268E-02  0.3152E-01  0.2688E-01  0.3798E-03  0.2329E-03  0.1368E-02  0.1178E-02  0.3039E-03  0.4939E-03  0.2196E-02  0.2646E-02  0.4881E-03  0.5199E-03
      4.748  0.4695E-02  0.7340E-02  0.1806E-01  0.3647E-01  0.2047E-02  0.3701E-02  0.2054E-01  0.5837E-01  0.2732E-03  0.4610E-03  0.1400E-02  0.1420E-02  0.2944E-03  0.6302E-03  0.2295E-02  0.3150E-02  0.5004E-03  0.8980E-03
      4.758  0.7551E-02  0.1124E-01  0.3307E-01  0.5721E-01  0.2427E-02  0.5248E-02  0.2727E-01  0.8765E-01  0.2810E-03  0.7226E-03  0.2472E-02  0.1630E-02  0.5795E-03  0.7816E-03  0.4638E-02  0.3712E-02  0.9972E-03  0.1261E-02
      4.768  0.6604E-02  0.1018E-01  0.2133E-01  0.4489E-01  0.2271E-02  0.4705E-02  0.1980E-01  0.7717E-01  0.2500E-03  0.7155E-03  0.1632E-02  0.1816E-02  0.3269E-03  0.6955E-03  0.2602E-02  0.3945E-02  0.7023E-03  0.1177E-02
      4.778  0.8097E-02  0.4465E-02  0.2222E-01  0.3043E-01  0.2703E-02  0.3532E-02  0.2039E-01  0.3393E-01  0.2685E-03  0.5818E-03  0.1884E-02  0.1538E-02  0.3530E-03  0.3569E-03  0.2927E-02  0.2125E-02  0.8073E-03  0.6313E-03
      4.788  0.9058E-02  0.3670E-02  0.2077E-01  0.2061E-01  0.2924E-02  0.3036E-02  0.1987E-01  0.2620E-01  0.3118E-03  0.3928E-03  0.2037E-02  0.1198E-02  0.3124E-03  0.3426E-03  0.2728E-02  0.2191E-02  0.7979E-03  0.6394E-03
      4.798  0.7835E-02  0.5646E-02  0.1498E-01  0.2878E-01  0.2396E-02  0.3405E-02  0.1559E-01  0.2797E-01  0.2834E-03  0.3964E-03  0.1598E-02  0.1690E-02  0.2220E-03  0.4543E-03  0.1979E-02  0.3137E-02  0.5844E-03  0.9187E-03
      4.808  0.4515E-02  0.8502E-02  0.5409E-02  0.4598E-01  0.1604E-02  0.3820E-02  0.7943E-02  0.3024E-01  0.1503E-03  0.4045E-03  0.1104E-02  0.2688E-02  0.1403E-03  0.5857E-03  0.1244E-02  0.4340E-02  0.3051E-03  0.1374E-02
      4.818  0.4480E-02  0.9578E-02  0.4416E-02  0.4684E-01  0.1520E-02  0.3386E-02  0.6188E-02  0.2737E-01  0.1033E-03  0.4514E-03  0.1060E-02  0.2380E-02  0.1365E-03  0.4464E-03  0.1181E-02  0.3415E-02  0.2893E-03  0.1382E-02
      4.828  0.5382E-02  0.7467E-02  0.4771E-02  0.2836E-01  0.1654E-02  0.2517E-02  0.6619E-02  0.1882E-01  0.1106E-03  0.3576E-03  0.1115E-02  0.1718E-02  0.1441E-03  0.2776E-03  0.1191E-02  0.2332E-02  0.3032E-03  0.9088E-03
      4.838  0.6272E-02  0.3483E-02  0.5151E-02  0.6173E-02  0.1787E-02  0.1442E-02  0.7070E-02  0.7316E-02  0.1182E-03  0.1344E-03  0.1172E-02  0.1081E-02  0.1522E-03  0.1301E-03  0.1201E-02  0.1264E-02  0.3173E-03  0.3400E-03
      4.848  0.7381E-02  0.4007E-02  0.5581E-02  0.5827E-02  0.2272E-02  0.1522E-02  0.8228E-02  0.7445E-02  0.1333E-03  0.1380E-03  0.1959E-02  0.1137E-02  0.1903E-03  0.1275E-03  0.1772E-02  0.1257E-02  0.4815E-03  0.3525E-03
      4.858  0.8274E-02  0.4786E-02  0.6044E-02  0.6004E-02  0.2449E-02  0.1646E-02  0.8776E-02  0.7780E-02  0.1428E-03  0.1456E-03  0.2113E-02  0.1206E-02  0.2087E-03  0.1305E-03  0.1825E-02  0.1276E-02  0.5163E-03  0.3698E-03
      4.868  0.8999E-02  0.5551E-02  0.6605E-02  0.6220E-02  0.2385E-02  0.1770E-02  0.8652E-02  0.8147E-02  0.1474E-03  0.1537E-03  0.1785E-02  0.1277E-02  0.2063E-03  0.1339E-03  0.1474E-02  0.1296E-02  0.4493E-03  0.3879E-03
      4.878  0.1043E-01  0.6389E-02  0.7919E-02  0.6513E-02  0.2495E-02  0.2077E-02  0.9801E-02  0.8759E-02  0.1882E-03  0.1650E-03  0.1458E-02  0.1831E-02  0.2201E-03  0.1465E-03  0.1250E-02  0.1600E-02  0.4252E-03  0.4919E-03
      4.888  0.1341E-01  0.7232E-02  0.1091E-01  0.6790E-02  0.2987E-02  0.2377E-02  0.1381E-01  0.9384E-02  0.3028E-03  0.1787E-03  0.1322E-02  0.2373E-02  0.2725E-03  0.1637E-03  0.1357E-02  0.1925E-02  0.5348E-03  0.6047E-03
      4.898  0.1957E-01  0.8137E-02  0.1654E-01  0.6949E-02  0.4680E-02  0.2697E-02  0.1960E-01  0.1054E-01  0.4148E-03  0.1967E-03  0.2263E-02  0.2925E-02  0.4081E-03  0.1861E-03  0.1784E-02  0.2361E-02  0.7741E-03  0.7382E-03
      4.908  0.2228E-01  0.8175E-02  0.1984E-01  0.7231E-02  0.5513E-02  0.1933E-02  0.2194E-01  0.8477E-02  0.4345E-03  0.1827E-03  0.3037E-02  0.1045E-02  0.4959E-03  0.1451E-03  0.2103E-02  0.8325E-03  0.8768E-03  0.3727E-03
      4.918  0.1797E-01  0.1146E-01  0.1626E-01  0.1101E-01  0.4206E-02  0.2793E-02  0.1787E-01  0.1815E-01  0.3746E-03  0.3123E-03  0.2579E-02  0.1605E-02  0.4665E-03  0.2006E-03  0.1894E-02  0.1284E-02  0.7177E-03  0.9212E-03
      4.928  0.2421E-01  0.1685E-01  0.2490E-01  0.1815E-01  0.5380E-02  0.3877E-02  0.2640E-01  0.2056E-01  0.5099E-03  0.7947E-03  0.3115E-02  0.2168E-02  0.7537E-03  0.2908E-03  0.2597E-02  0.1449E-02  0.1321E-02  0.8253E-03
      4.938  0.1631E-01  0.1578E-01  0.1919E-01  0.1517E-01  0.4673E-02  0.3471E-02  0.1921E-01  0.2031E-01  0.3274E-03  0.4691E-03  0.3624E-02  0.2213E-02  0.7793E-03  0.3306E-03  0.3291E-02  0.1325E-02  0.1241E-02  0.8763E-03
      4.948  0.1578E-01  0.1670E-01  0.1793E-01  0.1865E-01  0.4484E-02  0.4465E-02  0.1711E-01  0.2280E-01  0.3243E-03  0.5028E-03  0.3975E-02  0.2777E-02  0.9920E-03  0.4080E-03  0.3459E-02  0.1666E-02  0.1025E-02  0.1223E-02
      4.958  0.1656E-01  0.1789E-01  0.1979E-01  0.2440E-01  0.3686E-02  0.5995E-02  0.1640E-01  0.2452E-01  0.3071E-03  0.5497E-03  0.3523E-02  0.3055E-02  0.1026E-02  0.4870E-03  0.3245E-02  0.2407E-02  0.7722E-03  0.1580E-02
      4.968  0.1133E-01  0.1804E-01  0.1206E-01  0.2458E-01  0.2223E-02  0.6656E-02  0.1150E-01  0.2379E-01  0.2034E-03  0.5702E-03  0.1953E-02  0.4007E-02  0.7572E-03  0.7951E-03  0.2105E-02  0.3776E-02  0.4001E-03  0.1708E-02
      4.978  0.7322E-02  0.1517E-01  0.8287E-02  0.1988E-01  0.1327E-02  0.5459E-02  0.8244E-02  0.1946E-01  0.1479E-03  0.4861E-03  0.1341E-02  0.3768E-02  0.5593E-03  0.8888E-03  0.1927E-02  0.3485E-02  0.2837E-03  0.1273E-02
      4.988  0.6402E-02  0.1173E-01  0.7488E-02  0.1677E-01  0.1156E-02  0.3960E-02  0.8457E-02  0.1384E-01  0.1411E-03  0.3904E-03  0.1404E-02  0.2703E-02  0.5421E-03  0.8118E-03  0.2268E-02  0.2804E-02  0.3227E-03  0.8385E-03
      4.998  0.8386E-02  0.9579E-02  0.1065E-01  0.1531E-01  0.1268E-02  0.2741E-02  0.1386E-01  0.9402E-02  0.3062E-03  0.3133E-03  0.2000E-02  0.1742E-02  0.9328E-03  0.7312E-03  0.4023E-02  0.2178E-02  0.5391E-03  0.4351E-03
      5.008  0.9303E-02  0.9551E-02  0.1320E-01  0.1511E-01  0.1281E-02  0.2457E-02  0.1704E-01  0.9303E-02  0.5913E-03  0.3216E-03  0.1963E-02  0.1534E-02  0.1089E-02  0.7271E-03  0.4020E-02  0.2013E-02  0.6875E-03  0.3435E-03
      5.018  0.1874E-01  0.7832E-02  0.3005E-01  0.1275E-01  0.2413E-02  0.1916E-02  0.3304E-01  0.9881E-02  0.1503E-02  0.4043E-03  0.2896E-02  0.1384E-02  0.2097E-02  0.7331E-03  0.4474E-02  0.2218E-02  0.1680E-02  0.4737E-03
      5.028  0.1281E-01  0.7510E-02  0.2078E-01  0.1455E-01  0.1877E-02  0.1750E-02  0.2055E-01  0.1480E-01  0.1327E-02  0.8251E-03  0.2153E-02  0.1688E-02  0.1466E-02  0.1043E-02  0.3188E-02  0.3396E-02  0.1246E-02  0.9076E-03
      5.038  0.6822E-02  0.1029E-01  0.5847E-02  0.2333E-01  0.1295E-02  0.2046E-02  0.8337E-02  0.2454E-01  0.2660E-03  0.1560E-02  0.1948E-02  0.2377E-02  0.1110E-02  0.1734E-02  0.2623E-02  0.5316E-02  0.7371E-03  0.1726E-02
      5.048  0.1191E-01  0.1476E-01  0.1115E-01  0.3047E-01  0.1747E-02  0.2484E-02  0.1498E-01  0.3224E-01  0.4269E-03  0.2004E-02  0.2893E-02  0.2835E-02  0.1682E-02  0.2223E-02  0.3316E-02  0.5664E-02  0.1110E-02  0.2020E-02
      5.058  0.1889E-01  0.5007E-02  0.1438E-01  0.6289E-02  0.2074E-02  0.1348E-02  0.2327E-01  0.8810E-02  0.4131E-03  0.3351E-03  0.2861E-02  0.1867E-02  0.2208E-02  0.1047E-02  0.3420E-02  0.2892E-02  0.9629E-03  0.9064E-03
      5.068  0.2113E-01  0.6797E-02  0.1553E-01  0.8778E-02  0.2214E-02  0.1563E-02  0.2324E-01  0.1134E-01  0.4329E-03  0.5077E-03  0.2911E-02  0.2353E-02  0.2460E-02  0.1412E-02  0.3523E-02  0.3376E-02  0.8829E-03  0.1279E-02
      5.078  0.1733E-01  0.1025E-01  0.1286E-01  0.9370E-02  0.1811E-02  0.1535E-02  0.1873E-01  0.1566E-01  0.3832E-03  0.4438E-03  0.2294E-02  0.2083E-02  0.2143E-02  0.1687E-02  0.2472E-02  0.3230E-02  0.6597E-03  0.1121E-02
      5.088  0.1688E-01  0.1095E-01  0.1166E-01  0.1005E-01  0.1772E-02  0.1500E-02  0.1616E-01  0.1674E-01  0.5014E-03  0.4349E-03  0.2325E-02  0.2050E-02  0.2431E-02  0.1893E-02  0.2298E-02  0.3277E-02  0.5466E-03  0.1036E-02
      5.098  0.1612E-01  0.1023E-01  0.1169E-01  0.9841E-02  0.1584E-02  0.1398E-02  0.1549E-01  0.1634E-01  0.4662E-03  0.4208E-03  0.2135E-02  0.1912E-02  0.4434E-02  0.1978E-02  0.2385E-02  0.3151E-02  0.5089E-03  0.8595E-03
      5.108  0.1339E-01  0.1761E-01  0.1105E-01  0.1646E-01  0.1333E-02  0.1908E-02  0.1438E-01  0.2635E-01  0.3715E-03  0.5601E-03  0.1852E-02  0.2029E-02  0.5214E-02  0.6026E-02  0.2300E-02  0.2841E-02  0.4625E-03  0.7611E-03
      5.118  0.9174E-02  0.1662E-01  0.1382E-01  0.1593E-01  0.1023E-02  0.1784E-02  0.1395E-01  0.2357E-01  0.2521E-03  0.5706E-03  0.1672E-02  0.1958E-02  0.5441E-02  0.6343E-02  0.2327E-02  0.2693E-02  0.4210E-03  0.7077E-03
      5.128  0.5654E-02  0.1801E-01  0.1120E-01  0.1713E-01  0.8202E-03  0.1829E-02  0.1186E-01  0.2266E-01  0.2084E-03  0.7119E-03  0.1405E-02  0.2157E-02  0.2181E-02  0.7668E-02  0.1901E-02  0.2766E-02  0.3219E-03  0.6725E-03
      5.138  0.1005E-01  0.1386E-01  0.1426E-01  0.1688E-01  0.1281E-02  0.1404E-02  0.1975E-01  0.2093E-01  0.5006E-03  0.3995E-03  0.3164E-02  0.1706E-02  0.4043E-02  0.8216E-02  0.5186E-02  0.2506E-02  0.6528E-03  0.5561E-03
      5.148  0.8934E-02  0.8966E-02  0.1392E-01  0.9773E-02  0.1200E-02  0.1226E-02  0.1590E-01  0.1566E-01  0.5957E-03  0.4547E-03  0.2661E-02  0.1548E-02  0.3797E-02  0.3657E-02  0.2509E-02  0.2192E-02  0.5195E-03  0.5070E-03
      5.158  0.6915E-02  0.7149E-02  0.1170E-01  0.1174E-01  0.9823E-03  0.9764E-03  0.1486E-01  0.1391E-01  0.5138E-03  0.5189E-03  0.2063E-02  0.1365E-02  0.3019E-02  0.3679E-02  0.1973E-02  0.1900E-02  0.4096E-03  0.4683E-03
      5.168  0.6687E-02  0.1009E-01  0.1102E-01  0.1530E-01  0.9498E-03  0.1496E-02  0.1485E-01  0.2374E-01  0.4918E-03  0.7507E-03  0.1950E-02  0.3841E-02  0.2766E-02  0.4774E-02  0.1846E-02  0.6953E-02  0.3845E-03  0.1069E-02
      5.178  0.6528E-02  0.1018E-01  0.1041E-01  0.1658E-01  0.9978E-03  0.1563E-02  0.1452E-01  0.1850E-01  0.4570E-03  0.7595E-03  0.1984E-02  0.2803E-02  0.2572E-02  0.4598E-02  0.1725E-02  0.3131E-02  0.3752E-03  0.7480E-03
      5.188  0.6618E-02  0.7652E-02  0.9835E-02  0.1252E-01  0.1105E-02  0.1181E-02  0.1479E-01  0.1523E-01  0.4150E-03  0.6256E-03  0.2041E-02  0.2072E-02  0.2422E-02  0.3453E-02  0.1605E-02  0.2229E-02  0.3757E-03  0.5700E-03
      5.198  0.6709E-02  0.7476E-02  0.9131E-02  0.1181E-01  0.1217E-02  0.1081E-02  0.1495E-01  0.1492E-01  0.3646E-03  0.5741E-03  0.2077E-02  0.1882E-02  0.2272E-02  0.3151E-02  0.1473E-02  0.1919E-02  0.3728E-03  0.5013E-03
      5.208  0.7191E-02  0.7475E-02  0.1144E-01  0.1141E-01  0.1480E-02  0.1083E-02  0.1980E-01  0.1478E-01  0.3388E-03  0.5155E-03  0.2095E-02  0.1901E-02  0.2160E-02  0.2928E-02  0.1292E-02  0.1790E-02  0.3713E-03  0.4714E-03
      5.218  0.8018E-02  0.7618E-02  0.1570E-01  0.1109E-01  0.1013E-02  0.1138E-02  0.2124E-01  0.1500E-01  0.2878E-03  0.4467E-03  0.1545E-02  0.1947E-02  0.1999E-02  0.2750E-02  0.9009E-03  0.1672E-02  0.3125E-03  0.4526E-03
      5.228  0.5135E-02  0.7826E-02  0.3576E-02  0.1080E-01  0.3179E-03  0.1203E-02  0.7935E-02  0.1527E-01  0.1755E-03  0.3798E-03  0.7412E-03  0.1987E-02  0.1856E-02  0.2680E-02  0.4059E-03  0.1557E-02  0.1794E-03  0.4415E-03
      5.238  0.9908E-02  0.8036E-02  0.1976E-01  0.1052E-01  0.4140E-03  0.1267E-02  0.1761E-01  0.1553E-01  0.1301E-02  0.3192E-03  0.2054E-02  0.2008E-02  0.2025E-02  0.2702E-02  0.1210E-02  0.1438E-02  0.1231E-02  0.4356E-03
      5.248  0.1254E-01  0.9398E-02  0.3805E-01  0.1494E-01  0.6615E-03  0.1917E-02  0.2577E-01  0.2256E-01  0.1915E-02  0.3525E-03  0.3774E-02  0.2212E-02  0.2233E-02  0.2794E-02  0.1902E-02  0.1072E-02  0.2333E-02  0.4888E-03
      5.258  0.1044E-01  0.8245E-02  0.3187E-01  0.1191E-01  0.7834E-03  0.6849E-03  0.2019E-01  0.2934E-01  0.1288E-02  0.2091E-02  0.3403E-02  0.1702E-02  0.2336E-02  0.2800E-02  0.1840E-02  0.8127E-03  0.1509E-02  0.1757E-02
      5.268  0.8525E-02  0.8233E-02  0.2027E-01  0.1595E-01  0.7242E-03  0.4851E-03  0.1399E-01  0.1602E-01  0.7798E-03  0.1654E-02  0.2543E-02  0.1450E-02  0.2468E-02  0.2839E-02  0.1531E-02  0.6789E-03  0.9286E-03  0.1903E-02
      5.278  0.7075E-02  0.8352E-02  0.1227E-01  0.1310E-01  0.6340E-03  0.4788E-03  0.9679E-02  0.1102E-01  0.4523E-03  0.1326E-02  0.1892E-02  0.1239E-02  0.2625E-02  0.2977E-02  0.1282E-02  0.6851E-03  0.5298E-03  0.1356E-02
      5.288  0.5407E-01  0.9546E-02  0.2291E-01  0.2790E-01  0.1215E-02  0.7111E-03  0.1691E-01  0.1586E-01  0.1186E-02  0.1373E-02  0.3116E-02  0.1993E-02  0.4161E-02  0.3190E-02  0.2281E-02  0.1068E-02  0.1948E-02  0.1700E-02
      5.298  0.1305E+00  0.1433E-01  0.3375E-01  0.2425E-01  0.2243E-02  0.8592E-03  0.2854E-01  0.1527E-01  0.1255E-02  0.1345E-02  0.4914E-02  0.2115E-02  0.6405E-02  0.3505E-02  0.4554E-02  0.1220E-02  0.1802E-02  0.1743E-02
      5.308  0.2798E-01  0.2094E-01  0.1541E-01  0.2098E-01  0.9706E-03  0.9937E-03  0.1151E-01  0.1430E-01  0.7588E-03  0.1201E-02  0.2613E-02  0.2152E-02  0.5874E-02  0.3964E-02  0.2240E-02  0.1399E-02  0.7953E-03  0.1757E-02
      5.318  0.2635E-01  0.4836E-01  0.1521E-01  0.2000E-01  0.9612E-03  0.1601E-02  0.1316E-01  0.2069E-01  0.9852E-03  0.1187E-02  0.2982E-02  0.2656E-02  0.7103E-02  0.5709E-02  0.2585E-02  0.2456E-02  0.8314E-03  0.1914E-02
      5.329  0.2275E-01  0.6048E-01  0.1161E-01  0.2747E-01  0.9788E-03  0.1879E-02  0.1224E-01  0.2451E-01  0.7176E-03  0.1668E-02  0.3030E-02  0.3317E-02  0.4609E-02  0.1041E-01  0.1294E-02  0.3948E-02  0.7190E-03  0.2248E-02
      5.339  0.1945E-01  0.3117E-01  0.1002E-01  0.1921E-01  0.7761E-03  0.1363E-02  0.9773E-02  0.1816E-01  0.4768E-03  0.1521E-02  0.2816E-02  0.2998E-02  0.2712E-02  0.9815E-02  0.1419E-02  0.2552E-02  0.5701E-03  0.1358E-02
      5.349  0.2210E-01  0.2183E-01  0.1148E-01  0.1368E-01  0.8253E-03  0.1060E-02  0.1125E-01  0.1237E-01  0.6583E-03  0.9021E-03  0.3886E-02  0.2541E-02  0.3084E-02  0.5234E-02  0.1805E-02  0.1715E-02  0.7373E-03  0.8905E-03
      5.359  0.2091E-01  0.1915E-01  0.1069E-01  0.1107E-01  0.6967E-03  0.9211E-03  0.9723E-02  0.1015E-01  0.7061E-03  0.5439E-03  0.3408E-02  0.2301E-02  0.2368E-02  0.2731E-02  0.1530E-02  0.1389E-02  0.6441E-03  0.7200E-03
      5.369  0.2059E-01  0.1889E-01  0.1003E-01  0.1102E-01  0.5687E-03  0.9073E-03  0.8152E-02  0.1039E-01  0.6246E-03  0.5409E-03  0.2859E-02  0.2626E-02  0.1142E-02  0.2737E-02  0.1151E-02  0.1626E-02  0.5481E-03  0.7523E-03
      5.379  0.2149E-01  0.2153E-01  0.1050E-01  0.1171E-01  0.5299E-03  0.9101E-03  0.8046E-02  0.1174E-01  0.7093E-03  0.6567E-03  0.2926E-02  0.3074E-02  0.9402E-03  0.2711E-02  0.1127E-02  0.1740E-02  0.5832E-03  0.7768E-03
      5.389  0.2247E-01  0.2194E-01  0.1109E-01  0.1145E-01  0.5405E-03  0.7811E-03  0.8803E-02  0.1027E-01  0.7710E-03  0.6374E-03  0.2861E-02  0.2477E-02  0.8893E-03  0.1316E-02  0.1154E-02  0.1194E-02  0.6303E-03  0.5909E-03
      5.399  0.2505E-01  0.2054E-01  0.1300E-01  0.1158E-01  0.6278E-03  0.7558E-03  0.1113E-01  0.9864E-02  0.9081E-03  0.7150E-03  0.2954E-02  0.2575E-02  0.1107E-02  0.1152E-02  0.1302E-02  0.1134E-02  0.7371E-03  0.6007E-03
      5.409  0.3008E-01  0.1916E-01  0.1634E-01  0.1140E-01  0.8173E-03  0.7243E-03  0.1456E-01  0.9730E-02  0.1077E-02  0.7820E-03  0.3168E-02  0.2547E-02  0.1497E-02  0.1070E-02  0.1566E-02  0.1096E-02  0.8733E-03  0.6128E-03
      5.419  0.2718E-01  0.1887E-01  0.1818E-01  0.1128E-01  0.7429E-03  0.7296E-03  0.1649E-01  0.1033E-01  0.1147E-02  0.8238E-03  0.3171E-02  0.2367E-02  0.1420E-02  0.1068E-02  0.1594E-02  0.1058E-02  0.9528E-03  0.6540E-03
      5.429  0.2341E-01  0.1929E-01  0.2039E-01  0.1199E-01  0.6210E-03  0.7831E-03  0.1747E-01  0.1163E-01  0.1249E-02  0.9292E-03  0.3328E-02  0.2280E-02  0.1187E-02  0.1201E-02  0.1610E-02  0.1053E-02  0.1028E-02  0.7518E-03
      5.439  0.3166E-01  0.2359E-01  0.2706E-01  0.1684E-01  0.7625E-03  0.1093E-02  0.2753E-01  0.1582E-01  0.1735E-02  0.1421E-02  0.4251E-02  0.2470E-02  0.1551E-02  0.1933E-02  0.2312E-02  0.1218E-02  0.1486E-02  0.1077E-02
      5.449  0.2224E-01  0.3379E-01  0.1974E-01  0.2223E-01  0.6386E-03  0.1331E-02  0.2189E-01  0.2074E-01  0.1296E-02  0.2005E-02  0.3730E-02  0.2604E-02  0.1462E-02  0.3340E-02  0.1826E-02  0.1470E-02  0.1109E-02  0.1402E-02
      5.459  0.4279E-01  0.2124E-01  0.2778E-01  0.2757E-01  0.1253E-02  0.7844E-03  0.3530E-01  0.2372E-01  0.1576E-02  0.2438E-02  0.6310E-02  0.2409E-02  0.2027E-02  0.2210E-02  0.3764E-02  0.1217E-02  0.1561E-02  0.1823E-02
      5.469  0.4229E-01  0.1599E-01  0.1426E-01  0.1250E-01  0.1308E-02  0.5794E-03  0.1890E-01  0.1964E-01  0.8844E-03  0.1254E-02  0.5766E-02  0.2256E-02  0.2279E-02  0.1547E-02  0.2976E-02  0.1028E-02  0.1343E-02  0.1236E-02
      5.479  0.3201E-01  0.1632E-01  0.9775E-02  0.1236E-01  0.1162E-02  0.6635E-03  0.1255E-01  0.2123E-01  0.5901E-03  0.1233E-02  0.5319E-02  0.2517E-02  0.2052E-02  0.1922E-02  0.2188E-02  0.1146E-02  0.1142E-02  0.1590E-02
      5.489  0.2544E-01  0.1989E-01  0.1145E-01  0.1786E-01  0.1499E-02  0.1025E-02  0.1751E-01  0.2604E-01  0.7182E-03  0.1549E-02  0.6356E-02  0.3550E-02  0.1471E-02  0.2008E-02  0.2148E-02  0.1821E-02  0.9643E-03  0.2040E-02
      5.499  0.1543E-01  0.1553E-01  0.9922E-02  0.6698E-02  0.1084E-02  0.7215E-03  0.6608E-02  0.8044E-02  0.3831E-03  0.6505E-03  0.4248E-02  0.3185E-02  0.1180E-02  0.1324E-02  0.1908E-02  0.1429E-02  0.7032E-03  0.1480E-02
      5.509  0.1916E-01  0.2232E-01  0.1756E-01  0.8159E-02  0.1673E-02  0.1030E-02  0.8475E-02  0.8290E-02  0.5944E-03  0.7112E-03  0.5358E-02  0.4071E-02  0.1424E-02  0.1530E-02  0.2605E-02  0.1959E-02  0.1017E-02  0.1724E-02
      5.519  0.2417E-01  0.5015E-01  0.2075E-01  0.1312E-01  0.2541E-02  0.1954E-02  0.1686E-01  0.1267E-01  0.1423E-02  0.1006E-02  0.5757E-02  0.5976E-02  0.3569E-02  0.2586E-02  0.3844E-02  0.3321E-02  0.1628E-02  0.2120E-02
      5.529  0.2665E-01  0.1351E-01  0.2058E-01  0.7781E-02  0.2112E-02  0.9250E-03  0.1752E-01  0.5091E-02  0.2232E-02  0.5529E-03  0.4368E-02  0.3474E-02  0.8808E-02  0.1155E-02  0.4854E-02  0.1735E-02  0.1919E-02  0.1081E-02
      5.539  0.1915E-01  0.1574E-01  0.1658E-01  0.9229E-02  0.1009E-02  0.1138E-02  0.1500E-01  0.4946E-02  0.1086E-02  0.6453E-03  0.2943E-02  0.3489E-02  0.5871E-03  0.1248E-02  0.2525E-02  0.1850E-02  0.8844E-03  0.1099E-02
      5.549  0.2963E-01  0.2628E-01  0.2223E-01  0.1163E-01  0.1251E-02  0.2088E-02  0.2326E-01  0.7452E-02  0.1396E-02  0.1586E-02  0.3911E-02  0.3658E-02  0.8178E-03  0.9652E-02  0.3606E-02  0.3261E-02  0.1172E-02  0.1871E-02
      5.559  0.4147E-01  0.3065E-01  0.2772E-01  0.2346E-01  0.1572E-02  0.2556E-02  0.3137E-01  0.2547E-01  0.1713E-02  0.2545E-02  0.5198E-02  0.4393E-02  0.1078E-02  0.3245E-02  0.4716E-02  0.3554E-02  0.1515E-02  0.2299E-02
      5.569  0.5596E-01  0.2199E-01  0.3472E-01  0.1526E-01  0.2088E-02  0.9945E-03  0.3956E-01  0.1615E-01  0.2143E-02  0.1426E-02  0.7001E-02  0.2167E-02  0.1437E-02  0.7997E-03  0.6054E-02  0.2111E-02  0.2032E-02  0.1321E-02
      5.579  0.5514E-01  0.2977E-01  0.3240E-01  0.1838E-01  0.2252E-02  0.1085E-02  0.3898E-01  0.1980E-01  0.1907E-02  0.1721E-02  0.7769E-02  0.2625E-02  0.1501E-02  0.9232E-03  0.6290E-02  0.2382E-02  0.1873E-02  0.1583E-02
      5.589  0.3189E-01  0.3990E-01  0.2304E-01  0.2246E-01  0.2105E-02  0.1353E-02  0.2406E-01  0.2395E-01  0.1369E-02  0.2118E-02  0.8047E-02  0.3498E-02  0.9650E-03  0.1200E-02  0.5063E-02  0.2864E-02  0.1267E-02  0.2046E-02
      5.599  0.3035E-01  0.5188E-01  0.3198E-01  0.2847E-01  0.3179E-02  0.1565E-02  0.2775E-01  0.3261E-01  0.1644E-02  0.2469E-02  0.1071E-01  0.4247E-02  0.1271E-02  0.1502E-02  0.6375E-02  0.3681E-02  0.1431E-02  0.2252E-02
      5.609  0.3139E-01  0.4179E-01  0.3819E-01  0.2617E-01  0.4667E-02  0.1608E-02  0.2808E-01  0.3337E-01  0.1950E-02  0.1697E-02  0.1279E-01  0.4183E-02  0.1723E-02  0.1112E-02  0.7013E-02  0.3659E-02  0.1618E-02  0.1807E-02
      5.619  0.3093E-01  0.2774E-01  0.3544E-01  0.1849E-01  0.6052E-02  0.1624E-02  0.2759E-01  0.2226E-01  0.2181E-02  0.1235E-02  0.1476E-01  0.4659E-02  0.2411E-02  0.8964E-03  0.8268E-02  0.3357E-02  0.1744E-02  0.1357E-02
      5.629  0.2497E-01  0.2694E-01  0.2963E-01  0.1605E-01  0.6448E-02  0.2066E-02  0.2460E-01  0.1839E-01  0.2084E-02  0.1272E-02  0.1286E-01  0.5297E-02  0.2316E-02  0.1166E-02  0.7654E-02  0.3930E-02  0.1502E-02  0.1349E-02
      5.639  0.1866E-01  0.3368E-01  0.2178E-01  0.1748E-01  0.7284E-02  0.3172E-02  0.1839E-01  0.1519E-01  0.1617E-02  0.1499E-02  0.1034E-01  0.7944E-02  0.1842E-02  0.2337E-02  0.5534E-02  0.4674E-02  0.1232E-02  0.1625E-02
      5.649  0.1940E-01  0.4291E-01  0.2241E-01  0.4848E-01  0.1015E-01  0.9534E-02  0.1887E-01  0.4010E-01  0.1817E-02  0.2534E-02  0.1140E-01  0.1542E-01  0.2167E-02  0.4242E-02  0.5877E-02  0.8076E-02  0.1486E-02  0.2915E-02
      5.659  0.2034E-01  0.2013E-01  0.2236E-01  0.3597E-01  0.1322E-01  0.7435E-02  0.2042E-01  0.3169E-01  0.2132E-02  0.2139E-02  0.1289E-01  0.9692E-02  0.2840E-02  0.2977E-02  0.7119E-02  0.5681E-02  0.1832E-02  0.1880E-02
      5.669  0.2223E-01  0.1526E-01  0.2267E-01  0.2628E-01  0.1675E-01  0.6515E-02  0.2688E-01  0.2237E-01  0.2738E-02  0.1676E-02  0.1550E-01  0.8624E-02  0.4923E-02  0.2682E-02  0.1075E-01  0.4767E-02  0.2713E-02  0.1580E-02
      5.679  0.3206E-01  0.1615E-01  0.3033E-01  0.2137E-01  0.2250E-01  0.6907E-02  0.3352E-01  0.1839E-01  0.4413E-02  0.1765E-02  0.2380E-01  0.9783E-02  0.6880E-02  0.3394E-02  0.1535E-01  0.5250E-02  0.4383E-02  0.1701E-02
      5.689  0.1701E-01  0.2291E-01  0.1382E-01  0.2512E-01  0.2077E-01  0.1179E-01  0.2118E-01  0.2741E-01  0.1864E-02  0.2639E-02  0.7910E-02  0.1446E-01  0.2089E-02  0.6623E-02  0.9565E-02  0.1006E-01  0.1832E-02  0.2560E-02
      5.699  0.2049E-01  0.2977E-01  0.1512E-01  0.2872E-01  0.2643E-01  0.1708E-01  0.1892E-01  0.2737E-01  0.2457E-02  0.3119E-02  0.8032E-02  0.1822E-01  0.1770E-02  0.8245E-02  0.1139E-01  0.1028E-01  0.2218E-02  0.3683E-02
      5.709  0.3009E-01  0.2012E-01  0.1981E-01  0.2131E-01  0.4074E-01  0.2013E-01  0.1847E-01  0.2025E-01  0.4077E-02  0.2330E-02  0.1690E-01  0.1322E-01  0.2655E-02  0.4044E-02  0.1691E-01  0.7405E-02  0.3089E-02  0.2341E-02
      5.719  0.2556E-01  0.2015E-01  0.1458E-01  0.1771E-01  0.3071E-01  0.2532E-01  0.1353E-01  0.1850E-01  0.3989E-02  0.2120E-02  0.1959E-01  0.9236E-02  0.2199E-02  0.2593E-02  0.1384E-01  0.6957E-02  0.3024E-02  0.2029E-02
      5.729  0.2728E-01  0.3241E-01  0.1529E-01  0.2292E-01  0.2645E-01  0.4068E-01  0.1336E-01  0.2333E-01  0.4890E-02  0.4473E-02  0.2242E-01  0.1678E-01  0.2546E-02  0.3501E-02  0.1961E-01  0.1486E-01  0.4045E-02  0.3475E-02
      5.739  0.2349E-01  0.2947E-01  0.1012E-01  0.1772E-01  0.1572E-01  0.3769E-01  0.1024E-01  0.1931E-01  0.2448E-02  0.5050E-02  0.1428E-01  0.2263E-01  0.2036E-02  0.3294E-02  0.8241E-02  0.1619E-01  0.1791E-02  0.3671E-02
      5.749  0.2404E-01  0.2443E-01  0.1657E-01  0.1545E-01  0.1445E-01  0.3282E-01  0.1635E-01  0.1526E-01  0.2726E-02  0.5826E-02  0.1244E-01  0.3141E-01  0.2050E-02  0.3164E-02  0.8826E-02  0.2401E-01  0.2213E-02  0.5028E-02
      5.759  0.6571E-01  0.1768E-01  0.2691E-01  0.1133E-01  0.1857E-01  0.1932E-01  0.2393E-01  0.1084E-01  0.3613E-02  0.3956E-02  0.2290E-01  0.2136E-01  0.4505E-02  0.2418E-02  0.1448E-01  0.1701E-01  0.2812E-02  0.3133E-02
      5.769  0.2391E-01  0.1654E-01  0.2468E-01  0.1297E-01  0.1251E-01  0.1457E-01  0.2205E-01  0.1263E-01  0.2596E-02  0.3245E-02  0.8240E-02  0.1442E-01  0.2110E-02  0.1973E-02  0.9690E-02  0.1110E-01  0.2430E-02  0.2519E-02
      5.779  0.4383E-01  0.2065E-01  0.3156E-01  0.1769E-01  0.1593E-01  0.1306E-01  0.2944E-01  0.1741E-01  0.3144E-02  0.3918E-02  0.1273E-01  0.1425E-01  0.3360E-02  0.2370E-02  0.1138E-01  0.1326E-01  0.2587E-02  0.3248E-02
      5.789  0.3842E-01  0.1779E-01  0.2549E-01  0.1624E-01  0.1954E-01  0.1155E-01  0.3311E-01  0.1683E-01  0.3124E-02  0.3490E-02  0.1317E-01  0.1096E-01  0.4194E-02  0.2146E-02  0.1298E-01  0.1211E-01  0.2318E-02  0.3147E-02
      5.799  0.5361E-01  0.1958E-01  0.3341E-01  0.1731E-01  0.2931E-01  0.1296E-01  0.3769E-01  0.2010E-01  0.4139E-02  0.3554E-02  0.1657E-01  0.9229E-02  0.4847E-02  0.2597E-02  0.1494E-01  0.1155E-01  0.2735E-02  0.3177E-02
      5.809  0.3833E-01  0.1972E-01  0.2511E-01  0.1609E-01  0.2692E-01  0.1485E-01  0.2936E-01  0.2209E-01  0.2963E-02  0.3614E-02  0.1363E-01  0.1003E-01  0.6204E-02  0.2689E-02  0.1234E-01  0.9009E-02  0.2480E-02  0.2823E-02
      5.819  0.2402E-01  0.3621E-01  0.1751E-01  0.1972E-01  0.1683E-01  0.1948E-01  0.1544E-01  0.3131E-01  0.2060E-02  0.4253E-02  0.1019E-01  0.1196E-01  0.3210E-02  0.3280E-02  0.6930E-02  0.9478E-02  0.2259E-02  0.3116E-02
      5.829  0.2112E-01  0.5552E-01  0.1670E-01  0.2460E-01  0.9150E-02  0.2516E-01  0.1132E-01  0.3445E-01  0.1574E-02  0.4695E-02  0.1066E-01  0.1193E-01  0.1916E-02  0.4712E-02  0.6504E-02  0.1277E-01  0.2080E-02  0.3831E-02
      5.839  0.2406E-01  0.3247E-01  0.1769E-01  0.1729E-01  0.9090E-02  0.1977E-01  0.1023E-01  0.2256E-01  0.1587E-02  0.3976E-02  0.1188E-01  0.7975E-02  0.1819E-02  0.3128E-02  0.7920E-02  0.7297E-02  0.2115E-02  0.3224E-02
      5.849  0.2820E-01  0.1600E-01  0.1799E-01  0.1026E-01  0.1039E-01  0.4209E-02  0.1175E-01  0.7425E-02  0.1615E-02  0.9229E-03  0.1103E-01  0.2892E-02  0.2321E-02  0.1863E-02  0.8720E-02  0.1737E-02  0.1881E-02  0.1371E-02
      5.859  0.3694E-01  0.4179E-01  0.2112E-01  0.3779E-01  0.1165E-01  0.1151E-01  0.1809E-01  0.2955E-01  0.2713E-02  0.2070E-02  0.1609E-01  0.1371E-01  0.3642E-02  0.5285E-02  0.1227E-01  0.1024E-01  0.2506E-02  0.3898E-02
      5.869  0.4121E-01  0.3723E-01  0.2665E-01  0.3187E-01  0.1485E-01  0.8076E-02  0.2753E-01  0.1632E-01  0.4261E-02  0.1977E-02  0.2069E-01  0.1238E-01  0.6255E-02  0.2609E-02  0.1760E-01  0.7916E-02  0.3817E-02  0.3315E-02
      5.879  0.2142E-01  0.4155E-01  0.2224E-01  0.3232E-01  0.1177E-01  0.1038E-01  0.2269E-01  0.1956E-01  0.3522E-02  0.2699E-02  0.1467E-01  0.1250E-01  0.7402E-02  0.3415E-02  0.1133E-01  0.9092E-02  0.3623E-02  0.2760E-02
      5.889  0.1485E-01  0.3503E-01  0.2778E-01  0.2851E-01  0.1075E-01  0.9456E-02  0.2566E-01  0.1767E-01  0.2355E-02  0.3337E-02  0.1444E-01  0.1282E-01  0.4464E-02  0.5818E-02  0.1116E-01  0.8217E-02  0.3482E-02  0.2948E-02
      5.899  0.7427E-02  0.5769E-01  0.1109E-01  0.3235E-01  0.7966E-02  0.9742E-02  0.1262E-01  0.3811E-01  0.1290E-02  0.5256E-02  0.9005E-02  0.2463E-01  0.2260E-02  0.9577E-02  0.6613E-02  0.2144E-01  0.1229E-02  0.6490E-02
      5.909  0.1645E-01  0.2712E-01  0.1870E-01  0.2761E-01  0.2053E-01  0.5395E-02  0.1907E-01  0.3184E-01  0.1882E-02  0.3144E-02  0.1322E-01  0.1739E-01  0.3726E-02  0.3721E-02  0.9921E-02  0.1255E-01  0.1412E-02  0.2771E-02
      5.919  0.1500E-01  0.1517E-01  0.2029E-01  0.3485E-01  0.2157E-01  0.5364E-02  0.1645E-01  0.3315E-01  0.2270E-02  0.2104E-02  0.1091E-01  0.1521E-01  0.4125E-02  0.3655E-02  0.8827E-02  0.1054E-01  0.1153E-02  0.2905E-02
      5.929  0.1992E-01  0.8548E-02  0.2458E-01  0.9977E-02  0.2489E-01  0.5513E-02  0.2382E-01  0.1962E-01  0.3866E-02  0.1831E-02  0.1742E-01  0.1055E-01  0.4745E-02  0.2036E-02  0.1288E-01  0.8790E-02  0.3551E-02  0.1363E-02
      5.939  0.1928E-01  0.2336E-01  0.1916E-01  0.2991E-01  0.2349E-01  0.1297E-01  0.2057E-01  0.2327E-01  0.3999E-02  0.4204E-02  0.1563E-01  0.2059E-01  0.4266E-02  0.3787E-02  0.1338E-01  0.1517E-01  0.3130E-02  0.2668E-02
      5.949  0.1984E-01  0.2041E-01  0.1949E-01  0.2491E-01  0.2012E-01  0.1308E-01  0.1986E-01  0.1883E-01  0.3542E-02  0.4802E-02  0.1536E-01  0.1825E-01  0.4889E-02  0.4754E-02  0.1300E-01  0.1495E-01  0.3236E-02  0.2957E-02
      5.959  0.2303E-01  0.3226E-01  0.2207E-01  0.3295E-01  0.1977E-01  0.1859E-01  0.2095E-01  0.1938E-01  0.3485E-02  0.6495E-02  0.1584E-01  0.2173E-01  0.5688E-02  0.7181E-02  0.1464E-01  0.1888E-01  0.3572E-02  0.3647E-02
      5.969  0.3803E-01  0.3689E-01  0.3614E-01  0.2980E-01  0.2942E-01  0.2320E-01  0.2724E-01  0.2208E-01  0.4231E-02  0.7542E-02  0.2312E-01  0.2997E-01  0.8853E-02  0.8439E-02  0.2117E-01  0.2008E-01  0.5919E-02  0.7663E-02
      5.979  0.2523E-01  0.2487E-01  0.2436E-01  0.2075E-01  0.2008E-01  0.1671E-01  0.2170E-01  0.1669E-01  0.2961E-02  0.3794E-02  0.2215E-01  0.1829E-01  0.5708E-02  0.6971E-02  0.1487E-01  0.1389E-01  0.3931E-02  0.4629E-02
      5.989  0.1646E-01  0.2575E-01  0.2031E-01  0.1918E-01  0.1446E-01  0.1886E-01  0.1690E-01  0.1715E-01  0.2260E-02  0.3545E-02  0.2148E-01  0.1673E-01  0.3878E-02  0.7780E-02  0.1057E-01  0.1220E-01  0.2687E-02  0.4727E-02
      5.999  0.1711E-01  0.3327E-01  0.1871E-01  0.2467E-01  0.1508E-01  0.2841E-01  0.1700E-01  0.2196E-01  0.1958E-02  0.4483E-02  0.2384E-01  0.1791E-01  0.3106E-02  0.1179E-01  0.1320E-01  0.1262E-01  0.2802E-02  0.6669E-02
      6.009  0.1719E-01  0.4299E-01  0.1579E-01  0.2243E-01  0.1343E-01  0.3687E-01  0.1560E-01  0.2604E-01  0.1538E-02  0.6236E-02  0.1781E-01  0.2008E-01  0.2658E-02  0.1377E-01  0.1221E-01  0.1293E-01  0.2279E-02  0.7353E-02
      6.019  0.1684E-01  0.3667E-01  0.1268E-01  0.1763E-01  0.1208E-01  0.3047E-01  0.1421E-01  0.2012E-01  0.1336E-02  0.4624E-02  0.1373E-01  0.1902E-01  0.2417E-02  0.9375E-02  0.1271E-01  0.1128E-01  0.1845E-02  0.5677E-02
      6.029  0.1485E-01  0.3799E-01  0.8694E-02  0.1785E-01  0.8946E-02  0.3285E-01  0.1267E-01  0.1802E-01  0.1342E-02  0.5067E-02  0.1543E-01  0.3925E-01  0.2134E-02  0.6921E-02  0.1442E-01  0.1722E-01  0.1813E-02  0.5665E-02
      6.039  0.1537E-01  0.3499E-01  0.7600E-02  0.1240E-01  0.9276E-02  0.2986E-01  0.1106E-01  0.1512E-01  0.1799E-02  0.3831E-02  0.1757E-01  0.1614E-01  0.1879E-02  0.6363E-02  0.1436E-01  0.1291E-01  0.2576E-02  0.4689E-02
      6.049  0.1711E-01  0.4757E-01  0.7732E-02  0.1312E-01  0.1065E-01  0.3746E-01  0.1058E-01  0.1772E-01  0.2055E-02  0.4429E-02  0.1832E-01  0.2885E-01  0.2095E-02  0.7064E-02  0.1488E-01  0.2324E-01  0.2753E-02  0.5445E-02
      6.059  0.1550E-01  0.4668E-01  0.8655E-02  0.1259E-01  0.1146E-01  0.3563E-01  0.1062E-01  0.1891E-01  0.2260E-02  0.4019E-02  0.1866E-01  0.2690E-01  0.2481E-02  0.6579E-02  0.1568E-01  0.2598E-01  0.2573E-02  0.4778E-02
      6.069  0.1833E-01  0.3006E-01  0.1318E-01  0.1367E-01  0.1558E-01  0.2327E-01  0.1255E-01  0.2324E-01  0.2970E-02  0.4876E-02  0.2343E-01  0.2335E-01  0.3281E-02  0.4167E-02  0.1809E-01  0.3027E-01  0.2689E-02  0.5357E-02
      6.079  0.1768E-01  0.3010E-01  0.1454E-01  0.1386E-01  0.1709E-01  0.2577E-01  0.1181E-01  0.2182E-01  0.3758E-02  0.4891E-02  0.2170E-01  0.2570E-01  0.3439E-02  0.3630E-02  0.1626E-01  0.3589E-01  0.2690E-02  0.4063E-02
      6.089  0.1674E-01  0.3338E-01  0.6227E-02  0.1491E-01  0.1642E-01  0.2709E-01  0.9856E-02  0.2183E-01  0.2332E-02  0.6640E-02  0.8386E-02  0.2505E-01  0.3648E-02  0.4478E-02  0.9499E-02  0.3061E-01  0.2035E-02  0.4265E-02
      6.099  0.1823E-01  0.3413E-01  0.7084E-02  0.1602E-01  0.1977E-01  0.2615E-01  0.1070E-01  0.2391E-01  0.2696E-02  0.6980E-02  0.8419E-02  0.2328E-01  0.4280E-02  0.4880E-02  0.1016E-01  0.2435E-01  0.2303E-02  0.4252E-02
      6.109  0.1608E-01  0.2543E-01  0.9158E-02  0.8460E-02  0.1855E-01  0.1848E-01  0.1181E-01  0.8906E-02  0.2251E-02  0.3502E-02  0.8657E-02  0.1049E-01  0.3145E-02  0.3639E-02  0.1173E-01  0.1241E-01  0.2607E-02  0.2541E-02
      6.119  0.1508E-01  0.1915E-01  0.9558E-02  0.1004E-01  0.1838E-01  0.1682E-01  0.1110E-01  0.7988E-02  0.2057E-02  0.2880E-02  0.7885E-02  0.1174E-01  0.2629E-02  0.3064E-02  0.1086E-01  0.1147E-01  0.2611E-02  0.3074E-02
      6.129  0.1641E-01  0.1697E-01  0.1039E-01  0.1141E-01  0.1844E-01  0.1800E-01  0.7886E-02  0.8609E-02  0.1821E-02  0.2802E-02  0.6621E-02  0.1432E-01  0.2716E-02  0.2811E-02  0.7791E-02  0.1398E-01  0.2944E-02  0.3574E-02
      6.139  0.1416E-01  0.2088E-01  0.9338E-02  0.1235E-01  0.1989E-01  0.2259E-01  0.7649E-02  0.9330E-02  0.1635E-02  0.2793E-02  0.5778E-02  0.1699E-01  0.2375E-02  0.2653E-02  0.9437E-02  0.1499E-01  0.2651E-02  0.3098E-02
      6.149  0.1396E-01  0.2537E-01  0.9089E-02  0.1476E-01  0.2165E-01  0.2893E-01  0.7886E-02  0.1066E-01  0.1716E-02  0.2886E-02  0.5331E-02  0.1727E-01  0.2325E-02  0.2745E-02  0.1027E-01  0.1746E-01  0.2689E-02  0.3345E-02
      6.159  0.1636E-01  0.2254E-01  0.1057E-01  0.1469E-01  0.2666E-01  0.3349E-01  0.1111E-01  0.1027E-01  0.2436E-02  0.2725E-02  0.9012E-02  0.1550E-01  0.2575E-02  0.2490E-02  0.1395E-01  0.2005E-01  0.3199E-02  0.2893E-02
      6.169  0.2242E-01  0.2315E-01  0.1424E-01  0.1572E-01  0.3140E-01  0.3986E-01  0.1522E-01  0.1069E-01  0.3919E-02  0.2733E-02  0.1713E-01  0.1565E-01  0.2792E-02  0.2600E-02  0.1889E-01  0.2194E-01  0.3661E-02  0.2975E-02
      6.179  0.1258E-01  0.2790E-01  0.8013E-02  0.1854E-01  0.1635E-01  0.5450E-01  0.9331E-02  0.1292E-01  0.2178E-02  0.3474E-02  0.7966E-02  0.1995E-01  0.1309E-02  0.3635E-02  0.8302E-02  0.2721E-01  0.1989E-02  0.3697E-02
      6.189  0.9049E-02  0.3098E-01  0.6591E-02  0.2136E-01  0.1299E-01  0.5901E-01  0.7685E-02  0.1445E-01  0.1617E-02  0.4306E-02  0.5688E-02  0.2299E-01  0.8382E-03  0.4981E-02  0.5747E-02  0.3441E-01  0.1520E-02  0.3953E-02
      6.199  0.6724E-02  0.3135E-01  0.5763E-02  0.2137E-01  0.1061E-01  0.6591E-01  0.6526E-02  0.1350E-01  0.1338E-02  0.4678E-02  0.3785E-02  0.2183E-01  0.6623E-03  0.5770E-02  0.4203E-02  0.2588E-01  0.1217E-02  0.3568E-02
      6.209  0.6376E-02  0.2540E-01  0.6881E-02  0.1394E-01  0.1238E-01  0.4292E-01  0.6439E-02  0.1164E-01  0.1239E-02  0.3617E-02  0.3975E-02  0.3144E-01  0.8416E-03  0.2355E-02  0.5448E-02  0.2315E-01  0.1415E-02  0.3255E-02
      6.219  0.9975E-02  0.2121E-01  0.1243E-01  0.1751E-01  0.2401E-01  0.3823E-01  0.2936E-01  0.1635E-01  0.3144E-02  0.3668E-02  0.7606E-02  0.2373E-01  0.1526E-02  0.2498E-02  0.9002E-02  0.1442E-01  0.3056E-02  0.4530E-02
      6.229  0.1055E-01  0.2859E-01  0.1157E-01  0.2026E-01  0.1662E-01  0.4272E-01  0.1641E-01  0.2427E-01  0.2528E-02  0.4462E-02  0.4997E-02  0.1897E-01  0.1176E-02  0.3032E-02  0.7274E-02  0.1786E-01  0.2667E-02  0.5477E-02
      6.239  0.1190E-01  0.3174E-01  0.1349E-01  0.2035E-01  0.1744E-01  0.3757E-01  0.1451E-01  0.2605E-01  0.2350E-02  0.4745E-02  0.4130E-02  0.1461E-01  0.1199E-02  0.3467E-02  0.7512E-02  0.2383E-01  0.3128E-02  0.5796E-02
      6.249  0.1681E-01  0.2708E-01  0.1757E-01  0.1900E-01  0.2233E-01  0.2673E-01  0.1476E-01  0.3276E-01  0.2925E-02  0.3815E-02  0.4861E-02  0.1087E-01  0.1457E-02  0.3081E-02  0.8612E-02  0.2356E-01  0.4122E-02  0.4477E-02
      6.259  0.1192E-01  0.1821E-01  0.1512E-01  0.2216E-01  0.1301E-01  0.1342E-01  0.1286E-01  0.2479E-01  0.2439E-02  0.2369E-02  0.3946E-02  0.9651E-02  0.1410E-02  0.2474E-02  0.8089E-02  0.1563E-01  0.2884E-02  0.3854E-02
      6.269  0.9712E-02  0.1784E-01  0.1355E-01  0.2668E-01  0.8811E-02  0.1035E-01  0.1143E-01  0.1993E-01  0.2057E-02  0.2365E-02  0.3305E-02  0.9354E-02  0.1410E-02  0.2305E-02  0.8068E-02  0.1247E-01  0.2296E-02  0.3467E-02
      6.279  0.7844E-02  0.1542E-01  0.1135E-01  0.2061E-01  0.6741E-02  0.7831E-02  0.8923E-02  0.1661E-01  0.1660E-02  0.2397E-02  0.2546E-02  0.7262E-02  0.1261E-02  0.1920E-02  0.5371E-02  0.8990E-02  0.2028E-02  0.2676E-02
      6.289  0.9804E-02  0.1530E-01  0.1256E-01  0.1868E-01  0.6058E-02  0.7018E-02  0.8822E-02  0.1748E-01  0.1613E-02  0.2535E-02  0.2678E-02  0.5721E-02  0.1375E-02  0.1860E-02  0.3160E-02  0.6331E-02  0.2036E-02  0.2508E-02
      6.299  0.1423E-01  0.3033E-01  0.1163E-01  0.2638E-01  0.5311E-02  0.7796E-02  0.1086E-01  0.2610E-01  0.1703E-02  0.7101E-02  0.3329E-02  0.5940E-02  0.1098E-02  0.3076E-02  0.3644E-02  0.5895E-02  0.2026E-02  0.4733E-02
      6.309  0.1036E-01  0.2343E-01  0.8404E-02  0.1981E-01  0.5938E-02  0.7018E-02  0.9608E-02  0.2332E-01  0.1865E-02  0.4740E-02  0.2572E-02  0.5482E-02  0.7999E-03  0.2415E-02  0.4159E-02  0.4423E-02  0.1962E-02  0.4980E-02
      6.319  0.1321E-01  0.2203E-01  0.1003E-01  0.1916E-01  0.7832E-02  0.6800E-02  0.1269E-01  0.2475E-01  0.2485E-02  0.4888E-02  0.3242E-02  0.5309E-02  0.9613E-03  0.2399E-02  0.5688E-02  0.3884E-02  0.2672E-02  0.5863E-02
      6.329  0.1781E-01  0.2207E-01  0.1351E-01  0.2023E-01  0.1089E-01  0.6793E-02  0.1957E-01  0.2488E-01  0.4304E-02  0.5129E-02  0.5798E-02  0.5569E-02  0.1281E-02  0.2435E-02  0.8969E-02  0.4703E-02  0.4770E-02  0.6113E-02
      6.339  0.1402E-01  0.2270E-01  0.1240E-01  0.2185E-01  0.9020E-02  0.6582E-02  0.1386E-01  0.2570E-01  0.3466E-02  0.5253E-02  0.5256E-02  0.5563E-02  0.1168E-02  0.2472E-02  0.7097E-02  0.5838E-02  0.3910E-02  0.6502E-02
      6.349  0.1077E-01  0.1951E-01  0.1041E-01  0.2355E-01  0.6603E-02  0.6608E-02  0.8227E-02  0.2470E-01  0.2466E-02  0.5292E-02  0.3985E-02  0.5869E-02  0.1070E-02  0.2521E-02  0.4567E-02  0.5998E-02  0.2547E-02  0.7059E-02
      6.359  0.1113E-01  0.1497E-01  0.1069E-01  0.2070E-01  0.7951E-02  0.5834E-02  0.7977E-02  0.2023E-01  0.2854E-02  0.4657E-02  0.3762E-02  0.5164E-02  0.1260E-02  0.2061E-02  0.4180E-02  0.4690E-02  0.2412E-02  0.5854E-02
      6.369  0.9584E-02  0.1389E-01  0.8629E-02  0.2318E-01  0.3143E-02  0.6604E-02  0.5842E-02  0.2057E-01  0.1960E-02  0.5800E-02  0.3469E-02  0.5562E-02  0.8958E-03  0.2081E-02  0.3119E-02  0.4766E-02  0.1613E-02  0.5898E-02
      6.379  0.9307E-02  0.1275E-01  0.8175E-02  0.1986E-01  0.3010E-02  0.6318E-02  0.5687E-02  0.1878E-01  0.1855E-02  0.5607E-02  0.3211E-02  0.5439E-02  0.8705E-03  0.1792E-02  0.3096E-02  0.4733E-02  0.1587E-02  0.5583E-02
      6.389  0.8989E-02  0.1160E-01  0.7791E-02  0.1869E-01  0.2912E-02  0.5793E-02  0.5527E-02  0.1731E-01  0.1770E-02  0.5371E-02  0.2950E-02  0.5075E-02  0.8357E-03  0.1550E-02  0.3051E-02  0.4522E-02  0.1563E-02  0.5150E-02
      6.399  0.8429E-02  0.1104E-01  0.6931E-02  0.1838E-01  0.2654E-02  0.5505E-02  0.5318E-02  0.1668E-01  0.1436E-02  0.5268E-02  0.2660E-02  0.4873E-02  0.7501E-03  0.1370E-02  0.2907E-02  0.4494E-02  0.1443E-02  0.4825E-02
      6.409  0.7586E-02  0.1149E-01  0.5922E-02  0.1936E-01  0.2393E-02  0.5559E-02  0.5001E-02  0.1654E-01  0.1111E-02  0.5617E-02  0.2362E-02  0.4891E-02  0.6545E-03  0.1268E-02  0.2778E-02  0.4707E-02  0.1249E-02  0.4750E-02
      6.419  0.6718E-02  0.1231E-01  0.5476E-02  0.2081E-01  0.2332E-02  0.5923E-02  0.5239E-02  0.1699E-01  0.1056E-02  0.6474E-02  0.2167E-02  0.5500E-02  0.5659E-03  0.1285E-02  0.2433E-02  0.5249E-02  0.1125E-02  0.5234E-02
      6.429  0.5490E-02  0.1492E-01  0.5457E-02  0.2156E-01  0.2302E-02  0.6987E-02  0.5494E-02  0.1913E-01  0.1037E-02  0.6892E-02  0.1804E-02  0.6170E-02  0.4562E-03  0.1303E-02  0.2033E-02  0.5852E-02  0.1071E-02  0.6067E-02
      6.439  0.5125E-02  0.1673E-01  0.5312E-02  0.2008E-01  0.2180E-02  0.7515E-02  0.5588E-02  0.2121E-01  0.9619E-03  0.6910E-02  0.1662E-02  0.6187E-02  0.4186E-03  0.1270E-02  0.1460E-02  0.6171E-02  0.9844E-03  0.6045E-02
      6.449  0.5696E-02  0.1088E-01  0.5365E-02  0.1140E-01  0.2228E-02  0.5915E-02  0.5592E-02  0.1739E-01  0.7622E-03  0.3510E-02  0.1759E-02  0.3399E-02  0.3928E-03  0.8474E-03  0.9205E-03  0.4915E-02  0.8035E-03  0.3989E-02
      6.459  0.6069E-02  0.1156E-01  0.5686E-02  0.1470E-01  0.2525E-02  0.8357E-02  0.5581E-02  0.1919E-01  0.6673E-03  0.3393E-02  0.1778E-02  0.4319E-02  0.4801E-03  0.1252E-02  0.1012E-02  0.5464E-02  0.8835E-03  0.4133E-02
      6.469  0.6634E-02  0.1077E-01  0.6061E-02  0.1260E-01  0.2606E-02  0.7518E-02  0.5773E-02  0.1799E-01  0.5855E-03  0.3897E-02  0.1793E-02  0.5477E-02  0.5269E-03  0.1036E-02  0.1082E-02  0.5694E-02  0.9469E-03  0.4207E-02
      6.479  0.7418E-02  0.1138E-01  0.6740E-02  0.1463E-01  0.2719E-02  0.8224E-02  0.6229E-02  0.1954E-01  0.5246E-03  0.5160E-02  0.1819E-02  0.7620E-02  0.5821E-03  0.1620E-02  0.1173E-02  0.7161E-02  0.1026E-02  0.5286E-02
      6.489  0.8651E-02  0.1693E-01  0.8081E-02  0.2693E-01  0.2890E-02  0.1498E-01  0.7505E-02  0.3956E-01  0.5071E-03  0.1002E-01  0.1850E-02  0.1166E-01  0.6571E-03  0.3490E-02  0.1322E-02  0.1076E-01  0.1150E-02  0.7157E-02
      6.499  0.9775E-02  0.1644E-01  0.9445E-02  0.2395E-01  0.2945E-02  0.1216E-01  0.9207E-02  0.2713E-01  0.5215E-03  0.8474E-02  0.1904E-02  0.1027E-01  0.7712E-03  0.3219E-02  0.1487E-02  0.1035E-01  0.1266E-02  0.7021E-02
      6.509  0.1009E-01  0.1566E-01  0.9540E-02  0.2223E-01  0.3002E-02  0.1143E-01  0.9974E-02  0.2331E-01  0.5262E-03  0.7298E-02  0.1880E-02  0.8965E-02  0.8814E-03  0.2561E-02  0.1585E-02  0.9404E-02  0.1321E-02  0.6190E-02
      6.519  0.1023E-01  0.1456E-01  0.8594E-02  0.1805E-01  0.3082E-02  0.8423E-02  0.9797E-02  0.1919E-01  0.5083E-03  0.4924E-02  0.1777E-02  0.7133E-02  0.9907E-03  0.1114E-02  0.1621E-02  0.7185E-02  0.1299E-02  0.3672E-02
      6.529  0.1123E-01  0.1157E-01  0.8770E-02  0.1784E-01  0.3216E-02  0.6775E-02  0.9482E-02  0.1648E-01  0.4777E-03  0.3571E-02  0.1608E-02  0.5878E-02  0.1028E-02  0.1015E-02  0.1628E-02  0.5411E-02  0.1263E-02  0.2215E-02
      6.539  0.5594E-02  0.2034E-01  0.6529E-02  0.3078E-01  0.2415E-02  0.1244E-01  0.5414E-02  0.1868E-01  0.4004E-03  0.4432E-02  0.1105E-02  0.7648E-02  0.5092E-03  0.2839E-02  0.9135E-03  0.7806E-02  0.1013E-02  0.3409E-02
      6.549  0.5233E-02  0.2575E-01  0.6961E-02  0.2969E-01  0.2695E-02  0.1781E-01  0.5008E-02  0.2344E-01  0.4491E-03  0.6028E-02  0.1347E-02  0.9616E-02  0.6343E-03  0.3833E-02  0.1171E-02  0.1017E-01  0.1070E-02  0.5124E-02
      6.559  0.5223E-02  0.2394E-01  0.7770E-02  0.3222E-01  0.3740E-02  0.2072E-01  0.6595E-02  0.2391E-01  0.6195E-03  0.6431E-02  0.2072E-02  0.1144E-01  0.7010E-03  0.4046E-02  0.1780E-02  0.1489E-01  0.1096E-02  0.5787E-02
      6.569  0.8154E-02  0.1878E-01  0.9468E-02  0.2474E-01  0.4920E-02  0.1651E-01  0.9510E-02  0.1615E-01  0.9373E-03  0.3692E-02  0.2769E-02  0.1114E-01  0.8720E-03  0.3156E-02  0.2338E-02  0.9902E-02  0.1311E-02  0.4855E-02
      6.579  0.7985E-02  0.1681E-01  0.8021E-02  0.2280E-01  0.5254E-02  0.1515E-01  0.9671E-02  0.1253E-01  0.1253E-02  0.2517E-02  0.2478E-02  0.1031E-01  0.8860E-03  0.2256E-02  0.2227E-02  0.7251E-02  0.1336E-02  0.3334E-02
      6.589  0.5889E-02  0.1311E-01  0.6478E-02  0.1718E-01  0.5116E-02  0.1275E-01  0.7525E-02  0.1174E-01  0.1143E-02  0.2095E-02  0.1991E-02  0.6226E-02  0.7813E-03  0.2231E-02  0.1736E-02  0.5787E-02  0.1198E-02  0.2321E-02
      6.599  0.3767E-02  0.1629E-01  0.5141E-02  0.1859E-01  0.4121E-02  0.2290E-01  0.5268E-02  0.1499E-01  0.8077E-03  0.2382E-02  0.1439E-02  0.7254E-02  0.5578E-03  0.3727E-02  0.1164E-02  0.8091E-02  0.8274E-03  0.3009E-02
      6.609  0.3472E-02  0.1745E-01  0.4974E-02  0.1904E-01  0.3560E-02  0.2363E-01  0.5669E-02  0.1611E-01  0.9171E-03  0.2543E-02  0.1199E-02  0.7732E-02  0.5246E-03  0.4390E-02  0.1248E-02  0.9669E-02  0.6850E-03  0.3547E-02
      6.619  0.3221E-02  0.1947E-01  0.4274E-02  0.2152E-01  0.3355E-02  0.2464E-01  0.4805E-02  0.1904E-01  0.8859E-03  0.3375E-02  0.1164E-02  0.9786E-02  0.4629E-03  0.5073E-02  0.1027E-02  0.1330E-01  0.5917E-03  0.5066E-02
      6.629  0.3582E-02  0.2496E-01  0.4530E-02  0.2782E-01  0.3287E-02  0.2170E-01  0.4735E-02  0.2188E-01  0.9457E-03  0.3552E-02  0.1296E-02  0.1198E-01  0.4944E-03  0.6478E-02  0.1024E-02  0.1608E-01  0.5810E-03  0.6401E-02
      6.639  0.3923E-02  0.1306E-01  0.5673E-02  0.1808E-01  0.3315E-02  0.1357E-01  0.4960E-02  0.1540E-01  0.9552E-03  0.2249E-02  0.1477E-02  0.6819E-02  0.5476E-03  0.4789E-02  0.1057E-02  0.8414E-02  0.6091E-03  0.3283E-02
      6.649  0.3224E-02  0.1026E-01  0.5101E-02  0.1756E-01  0.3011E-02  0.1139E-01  0.4211E-02  0.1461E-01  0.7058E-03  0.2253E-02  0.1394E-02  0.5481E-02  0.4933E-03  0.4697E-02  0.1057E-02  0.6722E-02  0.5313E-03  0.2518E-02
      6.659  0.2990E-02  0.1036E-01  0.4672E-02  0.2082E-01  0.2725E-02  0.1139E-01  0.3818E-02  0.1575E-01  0.6544E-03  0.2563E-02  0.1314E-02  0.5560E-02  0.4835E-03  0.5319E-02  0.1036E-02  0.7009E-02  0.5129E-03  0.2687E-02
      6.669  0.2838E-02  0.1068E-01  0.4459E-02  0.2175E-01  0.2627E-02  0.1026E-01  0.3711E-02  0.1549E-01  0.6314E-03  0.2690E-02  0.1262E-02  0.5613E-02  0.4876E-03  0.5279E-02  0.1012E-02  0.5829E-02  0.4929E-03  0.3056E-02
      6.679  0.2684E-02  0.2658E-01  0.4249E-02  0.1822E-01  0.2538E-02  0.1115E-01  0.3616E-02  0.2340E-01  0.6096E-03  0.4296E-02  0.1217E-02  0.8961E-02  0.4921E-03  0.7677E-02  0.9822E-03  0.6741E-02  0.4715E-03  0.4335E-02
      6.689  0.2289E-02  0.1316E-01  0.3812E-02  0.1527E-01  0.2096E-02  0.8998E-02  0.3179E-02  0.1530E-01  0.5664E-03  0.3065E-02  0.1026E-02  0.4014E-02  0.4531E-03  0.4858E-02  0.8297E-03  0.6094E-02  0.4245E-03  0.3246E-02
      6.699  0.1946E-02  0.8497E-02  0.3424E-02  0.1579E-01  0.1774E-02  0.8430E-02  0.2870E-02  0.1313E-01  0.5359E-03  0.3004E-02  0.8942E-03  0.2872E-02  0.4333E-03  0.4181E-02  0.7059E-03  0.6962E-02  0.3990E-03  0.3186E-02
      6.709  0.1717E-02  0.1312E-01  0.3181E-02  0.2813E-01  0.1688E-02  0.2345E-01  0.3016E-02  0.2748E-01  0.5362E-03  0.4534E-02  0.8732E-03  0.2032E-01  0.4394E-03  0.7036E-02  0.6877E-03  0.2056E-01  0.4001E-03  0.7138E-02
      6.719  0.1430E-02  0.1432E-01  0.2792E-02  0.2500E-01  0.1599E-02  0.2051E-01  0.3121E-02  0.2896E-01  0.5131E-03  0.5903E-02  0.8462E-03  0.1206E-01  0.4141E-03  0.7539E-02  0.6627E-03  0.1839E-01  0.4032E-03  0.6981E-02
      6.730  0.1143E-02  0.1514E-01  0.2372E-02  0.2367E-01  0.1498E-02  0.1911E-01  0.3159E-02  0.2277E-01  0.4864E-03  0.5511E-02  0.8027E-03  0.9065E-02  0.3796E-03  0.7941E-02  0.6246E-03  0.1320E-01  0.3980E-03  0.5658E-02
      6.740  0.9049E-03  0.2045E-01  0.1922E-02  0.2884E-01  0.1351E-02  0.2191E-01  0.2879E-02  0.2042E-01  0.4774E-03  0.5530E-02  0.7254E-03  0.7966E-02  0.3366E-03  0.9169E-02  0.5604E-03  0.1089E-01  0.3637E-03  0.4731E-02
      6.750  0.7789E-03  0.2108E-01  0.1638E-02  0.2322E-01  0.1229E-02  0.2246E-01  0.2604E-02  0.1901E-01  0.4697E-03  0.4004E-02  0.6771E-03  0.6331E-02  0.3061E-03  0.1039E-01  0.5188E-03  0.5484E-02  0.3387E-03  0.3121E-02
      6.760  0.1535E-02  0.2199E-01  0.2119E-02  0.1869E-01  0.2706E-02  0.2127E-01  0.2792E-02  0.1517E-01  0.5287E-03  0.3134E-02  0.9266E-03  0.5411E-02  0.4395E-03  0.1024E-01  0.7511E-03  0.3657E-02  0.4568E-03  0.2574E-02
      6.770  0.2422E-02  0.1997E-01  0.3162E-02  0.1603E-01  0.5453E-02  0.1781E-01  0.3195E-02  0.1239E-01  0.5852E-03  0.2667E-02  0.1202E-02  0.4812E-02  0.6622E-03  0.8703E-02  0.1087E-02  0.3150E-02  0.6740E-03  0.2169E-02
      6.780  0.1587E-02  0.1734E-01  0.2740E-02  0.1331E-01  0.4093E-02  0.1404E-01  0.2837E-02  0.9602E-02  0.4930E-03  0.2194E-02  0.9488E-03  0.4082E-02  0.5622E-03  0.7037E-02  0.9709E-03  0.2681E-02  0.5522E-03  0.1789E-02
      6.790  0.2286E-02  0.1408E-01  0.3918E-02  0.1069E-01  0.4541E-02  0.1001E-01  0.3132E-02  0.7592E-02  0.5148E-03  0.1922E-02  0.1065E-02  0.3269E-02  0.8486E-03  0.5389E-02  0.1295E-02  0.2224E-02  0.5830E-03  0.1497E-02
      6.800  0.2697E-02  0.1060E-01  0.4598E-02  0.7796E-02  0.4686E-02  0.6311E-02  0.3326E-02  0.6426E-02  0.5026E-03  0.1758E-02  0.1011E-02  0.2443E-02  0.9367E-03  0.3579E-02  0.1465E-02  0.1743E-02  0.6050E-03  0.1165E-02
      6.810  0.2011E-02  0.8337E-02  0.3689E-02  0.5429E-02  0.4109E-02  0.3768E-02  0.2760E-02  0.5696E-02  0.4219E-03  0.1593E-02  0.8463E-03  0.1872E-02  0.7805E-03  0.2202E-02  0.1203E-02  0.1312E-02  0.5442E-03  0.8702E-03
      6.820  0.1512E-02  0.8210E-02  0.2750E-02  0.4939E-02  0.3422E-02  0.3515E-02  0.2405E-02  0.5476E-02  0.4051E-03  0.1493E-02  0.8023E-03  0.1754E-02  0.6564E-03  0.2117E-02  0.9223E-03  0.1208E-02  0.4391E-03  0.8125E-03
      6.830  0.1084E-02  0.8055E-02  0.2018E-02  0.4461E-02  0.2696E-02  0.3264E-02  0.1704E-02  0.5235E-02  0.3574E-03  0.1392E-02  0.6546E-03  0.1634E-02  0.5036E-03  0.2024E-02  0.5824E-03  0.1107E-02  0.3517E-03  0.7539E-03
      6.840  0.9903E-03  0.7871E-02  0.1800E-02  0.3994E-02  0.2349E-02  0.3016E-02  0.1678E-02  0.4974E-02  0.6165E-03  0.1290E-02  0.7972E-03  0.1513E-02  0.5220E-03  0.1925E-02  0.4280E-03  0.1009E-02  0.3310E-03  0.6946E-03
      6.850  0.7570E-03  0.7658E-02  0.1344E-02  0.3539E-02  0.1866E-02  0.2769E-02  0.1156E-02  0.4693E-02  0.3620E-03  0.1185E-02  0.5325E-03  0.1391E-02  0.3845E-03  0.1819E-02  0.3053E-03  0.9151E-03  0.2853E-03  0.6344E-03
      6.860  0.7228E-03  0.7416E-02  0.1189E-02  0.3094E-02  0.1718E-02  0.2525E-02  0.1003E-02  0.4392E-02  0.2813E-03  0.1079E-02  0.4733E-03  0.1267E-02  0.3381E-03  0.1707E-02  0.2818E-03  0.8242E-03  0.2952E-03  0.5734E-03
      6.870  0.7857E-03  0.4009E-01  0.1221E-02  0.8635E-02  0.1784E-02  0.1816E-01  0.1060E-02  0.1366E-01  0.2857E-03  0.2915E-02  0.5301E-03  0.3667E-02  0.3508E-03  0.8459E-02  0.3059E-03  0.2499E-02  0.3199E-03  0.9270E-03
      6.880  0.8416E-03  0.1719E-02  0.1252E-02  0.6032E-03  0.1848E-02  0.1086E-02  0.1120E-02  0.1156E-02  0.2921E-03  0.1038E-03  0.5957E-03  0.2191E-03  0.3625E-03  0.6551E-03  0.3301E-03  0.8237E-04  0.3461E-03  0.1442E-03
      6.890  0.8730E-03  0.0000E+00  0.1266E-02  0.0000E+00  0.1892E-02  0.0000E+00  0.1168E-02  0.0000E+00  0.2977E-03  0.0000E+00  0.6609E-03  0.0000E+00  0.3699E-03  0.0000E+00  0.3498E-03  0.0000E+00  0.3679E-03  0.0000E+00
      6.900  0.2583E-02  0.0000E+00  0.3956E-02  0.0000E+00  0.5435E-02  0.0000E+00  0.5084E-02  0.0000E+00  0.7447E-03  0.0000E+00  0.2971E-02  0.0000E+00  0.9011E-03  0.0000E+00  0.1399E-02  0.0000E+00  0.6086E-03  0.0000E+00
      6.910  0.1096E-02  0.0000E+00  0.1454E-02  0.0000E+00  0.3078E-02  0.0000E+00  0.1706E-02  0.0000E+00  0.4172E-03  0.0000E+00  0.1165E-02  0.0000E+00  0.4129E-03  0.0000E+00  0.4867E-03  0.0000E+00  0.4386E-03  0.0000E+00
      6.920  0.9969E-03  0.0000E+00  0.1327E-02  0.0000E+00  0.2969E-02  0.0000E+00  0.1497E-02  0.0000E+00  0.4157E-03  0.0000E+00  0.1144E-02  0.0000E+00  0.4000E-03  0.0000E+00  0.4606E-03  0.0000E+00  0.4397E-03  0.0000E+00
      6.930  0.8964E-03  0.0000E+00  0.1213E-02  0.0000E+00  0.2808E-02  0.0000E+00  0.1300E-02  0.0000E+00  0.4137E-03  0.0000E+00  0.1127E-02  0.0000E+00  0.3849E-03  0.0000E+00  0.4337E-03  0.0000E+00  0.4386E-03  0.0000E+00
      6.940  0.7218E-03  0.0000E+00  0.1100E-02  0.0000E+00  0.2583E-02  0.0000E+00  0.1092E-02  0.0000E+00  0.3840E-03  0.0000E+00  0.9369E-03  0.0000E+00  0.3952E-03  0.0000E+00  0.4034E-03  0.0000E+00  0.3990E-03  0.0000E+00
      6.950  0.4726E-03  0.0000E+00  0.8463E-03  0.0000E+00  0.1735E-02  0.0000E+00  0.7116E-03  0.0000E+00  0.2355E-03  0.0000E+00  0.5179E-03  0.0000E+00  0.3440E-03  0.0000E+00  0.3167E-03  0.0000E+00  0.2476E-03  0.0000E+00
      6.960  0.5258E-03  0.0000E+00  0.1516E-02  0.0000E+00  0.1538E-02  0.0000E+00  0.1134E-02  0.0000E+00  0.2593E-03  0.0000E+00  0.6446E-03  0.0000E+00  0.4619E-03  0.0000E+00  0.3721E-03  0.0000E+00  0.3993E-03  0.0000E+00
      6.970  0.4334E-03  0.0000E+00  0.1424E-02  0.0000E+00  0.1024E-02  0.0000E+00  0.9839E-03  0.0000E+00  0.1843E-03  0.0000E+00  0.5446E-03  0.0000E+00  0.3909E-03  0.0000E+00  0.3224E-03  0.0000E+00  0.3422E-03  0.0000E+00
      6.980  0.3382E-03  0.0000E+00  0.1213E-02  0.0000E+00  0.7083E-03  0.0000E+00  0.7678E-03  0.0000E+00  0.1261E-03  0.0000E+00  0.4411E-03  0.0000E+00  0.3072E-03  0.0000E+00  0.2683E-03  0.0000E+00  0.2717E-03  0.0000E+00
      6.990  0.2855E-03  0.0000E+00  0.1068E-02  0.0000E+00  0.6379E-03  0.0000E+00  0.6422E-03  0.0000E+00  0.1041E-03  0.0000E+00  0.3911E-03  0.0000E+00  0.2732E-03  0.0000E+00  0.2524E-03  0.0000E+00  0.2306E-03  0.0000E+00
      7.000  0.2329E-03  0.0000E+00  0.9082E-03  0.0000E+00  0.5650E-03  0.0000E+00  0.5228E-03  0.0000E+00  0.8286E-04  0.0000E+00  0.3410E-03  0.0000E+00  0.2380E-03  0.0000E+00  0.2327E-03  0.0000E+00  0.1897E-03  0.0000E+00
      7.010  0.1664E-03  0.0000E+00  0.6576E-03  0.0000E+00  0.4437E-03  0.0000E+00  0.3811E-03  0.0000E+00  0.5767E-04  0.0000E+00  0.2645E-03  0.0000E+00  0.1824E-03  0.0000E+00  0.1865E-03  0.0000E+00  0.1369E-03  0.0000E+00
      7.020  0.7020E-04  0.0000E+00  0.2600E-03  0.0000E+00  0.2004E-03  0.0000E+00  0.1694E-03  0.0000E+00  0.2389E-04  0.0000E+00  0.1194E-03  0.0000E+00  0.7992E-04  0.0000E+00  0.8234E-04  0.0000E+00  0.5796E-04  0.0000E+00
      7.030  0.0000E+00  0.0000E+00  0.0000E+00  0.0000E+00  0.0000E+00  0.0000E+00  0.0000E+00  0.0000E+00  0.0000E+00  0.0000E+00  0.0000E+00  0.0000E+00  0.0000E+00  0.0000E+00  0.0000E+00  0.0000E+00  0.0000E+00  0.0000E+00
      7.040  0.0000E+00  0.0000E+00  0.0000E+00  0.0000E+00  0.0000E+00  0.0000E+00  0.0000E+00  0.0000E+00  0.0000E+00  0.0000E+00  0.0000E+00  0.0000E+00  0.0000E+00  0.0000E+00  0.0000E+00  0.0000E+00  0.0000E+00  0.0000E+00
      7.050  0.0000E+00  0.0000E+00  0.0000E+00  0.0000E+00  0.0000E+00  0.0000E+00  0.0000E+00  0.0000E+00  0.0000E+00  0.0000E+00  0.0000E+00  0.0000E+00  0.0000E+00  0.0000E+00  0.0000E+00  0.0000E+00  0.0000E+00  0.0000E+00
      7.060  0.0000E+00  0.0000E+00  0.0000E+00  0.0000E+00  0.0000E+00  0.0000E+00  0.0000E+00  0.0000E+00  0.0000E+00  0.0000E+00  0.0000E+00  0.0000E+00  0.0000E+00  0.0000E+00  0.0000E+00  0.0000E+00  0.0000E+00  0.0000E+00
      7.070  0.0000E+00  0.0000E+00  0.0000E+00  0.0000E+00  0.0000E+00  0.0000E+00  0.0000E+00  0.0000E+00  0.0000E+00  0.0000E+00  0.0000E+00  0.0000E+00  0.0000E+00  0.0000E+00  0.0000E+00  0.0000E+00  0.0000E+00  0.0000E+00
      7.080  0.0000E+00  0.0000E+00  0.0000E+00  0.0000E+00  0.0000E+00  0.0000E+00  0.0000E+00  0.0000E+00  0.0000E+00  0.0000E+00  0.0000E+00  0.0000E+00  0.0000E+00  0.0000E+00  0.0000E+00  0.0000E+00  0.0000E+00  0.0000E+00
      7.090  0.0000E+00  0.0000E+00  0.0000E+00  0.0000E+00  0.0000E+00  0.0000E+00  0.0000E+00  0.0000E+00  0.0000E+00  0.0000E+00  0.0000E+00  0.0000E+00  0.0000E+00  0.0000E+00  0.0000E+00  0.0000E+00  0.0000E+00  0.0000E+00
      7.100  0.0000E+00  0.0000E+00  0.0000E+00  0.0000E+00  0.0000E+00  0.0000E+00  0.0000E+00  0.0000E+00  0.0000E+00  0.0000E+00  0.0000E+00  0.0000E+00  0.0000E+00  0.0000E+00  0.0000E+00  0.0000E+00  0.0000E+00  0.0000E+00
      7.110  0.0000E+00  0.0000E+00  0.0000E+00  0.0000E+00  0.0000E+00  0.0000E+00  0.0000E+00  0.0000E+00  0.0000E+00  0.0000E+00  0.0000E+00  0.0000E+00  0.0000E+00  0.0000E+00  0.0000E+00  0.0000E+00  0.0000E+00  0.0000E+00
      7.120  0.0000E+00  0.0000E+00  0.0000E+00  0.0000E+00  0.0000E+00  0.0000E+00  0.0000E+00  0.0000E+00  0.0000E+00  0.0000E+00  0.0000E+00  0.0000E+00  0.0000E+00  0.0000E+00  0.0000E+00  0.0000E+00  0.0000E+00  0.0000E+00
      7.130  0.0000E+00  0.0000E+00  0.0000E+00  0.0000E+00  0.0000E+00  0.0000E+00  0.0000E+00  0.0000E+00  0.0000E+00  0.0000E+00  0.0000E+00  0.0000E+00  0.0000E+00  0.0000E+00  0.0000E+00  0.0000E+00  0.0000E+00  0.0000E+00
      7.140  0.0000E+00  0.0000E+00  0.0000E+00  0.0000E+00  0.0000E+00  0.0000E+00  0.0000E+00  0.0000E+00  0.0000E+00  0.0000E+00  0.0000E+00  0.0000E+00  0.0000E+00  0.0000E+00  0.0000E+00  0.0000E+00  0.0000E+00  0.0000E+00
      7.150  0.0000E+00  0.0000E+00  0.0000E+00  0.0000E+00  0.0000E+00  0.0000E+00  0.0000E+00  0.0000E+00  0.0000E+00  0.0000E+00  0.0000E+00  0.0000E+00  0.0000E+00  0.0000E+00  0.0000E+00  0.0000E+00  0.0000E+00  0.0000E+00
      7.160  0.0000E+00  0.0000E+00  0.0000E+00  0.0000E+00  0.0000E+00  0.0000E+00  0.0000E+00  0.0000E+00  0.0000E+00  0.0000E+00  0.0000E+00  0.0000E+00  0.0000E+00  0.0000E+00  0.0000E+00  0.0000E+00  0.0000E+00  0.0000E+00
      7.170  0.0000E+00  0.0000E+00  0.0000E+00  0.0000E+00  0.0000E+00  0.0000E+00  0.0000E+00  0.0000E+00  0.0000E+00  0.0000E+00  0.0000E+00  0.0000E+00  0.0000E+00  0.0000E+00  0.0000E+00  0.0000E+00  0.0000E+00  0.0000E+00
      7.180  0.0000E+00  0.0000E+00  0.0000E+00  0.0000E+00  0.0000E+00  0.0000E+00  0.0000E+00  0.0000E+00  0.0000E+00  0.0000E+00  0.0000E+00  0.0000E+00  0.0000E+00  0.0000E+00  0.0000E+00  0.0000E+00  0.0000E+00  0.0000E+00
      7.190  0.0000E+00  0.0000E+00  0.0000E+00  0.0000E+00  0.0000E+00  0.0000E+00  0.0000E+00  0.0000E+00  0.0000E+00  0.0000E+00  0.0000E+00  0.0000E+00  0.0000E+00  0.0000E+00  0.0000E+00  0.0000E+00  0.0000E+00  0.0000E+00
      7.200  0.0000E+00  0.0000E+00  0.0000E+00  0.0000E+00  0.0000E+00  0.0000E+00  0.0000E+00  0.0000E+00  0.0000E+00  0.0000E+00  0.0000E+00  0.0000E+00  0.0000E+00  0.0000E+00  0.0000E+00  0.0000E+00  0.0000E+00  0.0000E+00
      7.210  0.0000E+00  0.0000E+00  0.0000E+00  0.0000E+00  0.0000E+00  0.0000E+00  0.0000E+00  0.0000E+00  0.0000E+00  0.0000E+00  0.0000E+00  0.0000E+00  0.0000E+00  0.0000E+00  0.0000E+00  0.0000E+00  0.0000E+00  0.0000E+00
      7.220  0.0000E+00  0.0000E+00  0.0000E+00  0.0000E+00  0.0000E+00  0.0000E+00  0.0000E+00  0.0000E+00  0.0000E+00  0.0000E+00  0.0000E+00  0.0000E+00  0.0000E+00  0.0000E+00  0.0000E+00  0.0000E+00  0.0000E+00  0.0000E+00
      7.230  0.0000E+00  0.0000E+00  0.0000E+00  0.0000E+00  0.0000E+00  0.0000E+00  0.0000E+00  0.0000E+00  0.0000E+00  0.0000E+00  0.0000E+00  0.0000E+00  0.0000E+00  0.0000E+00  0.0000E+00  0.0000E+00  0.0000E+00  0.0000E+00
      7.240  0.0000E+00  0.0000E+00  0.0000E+00  0.0000E+00  0.0000E+00  0.0000E+00  0.0000E+00  0.0000E+00  0.0000E+00  0.0000E+00  0.0000E+00  0.0000E+00  0.0000E+00  0.0000E+00  0.0000E+00  0.0000E+00  0.0000E+00  0.0000E+00
      7.250  0.0000E+00  0.0000E+00  0.0000E+00  0.0000E+00  0.0000E+00  0.0000E+00  0.0000E+00  0.0000E+00  0.0000E+00  0.0000E+00  0.0000E+00  0.0000E+00  0.0000E+00  0.0000E+00  0.0000E+00  0.0000E+00  0.0000E+00  0.0000E+00
      7.260  0.0000E+00  0.0000E+00  0.0000E+00  0.0000E+00  0.0000E+00  0.0000E+00  0.0000E+00  0.0000E+00  0.0000E+00  0.0000E+00  0.0000E+00  0.0000E+00  0.0000E+00  0.0000E+00  0.0000E+00  0.0000E+00  0.0000E+00  0.0000E+00
      7.270  0.0000E+00  0.0000E+00  0.0000E+00  0.0000E+00  0.0000E+00  0.0000E+00  0.0000E+00  0.0000E+00  0.0000E+00  0.0000E+00  0.0000E+00  0.0000E+00  0.0000E+00  0.0000E+00  0.0000E+00  0.0000E+00  0.0000E+00  0.0000E+00
      7.280  0.0000E+00  0.0000E+00  0.0000E+00  0.0000E+00  0.0000E+00  0.0000E+00  0.0000E+00  0.0000E+00  0.0000E+00  0.0000E+00  0.0000E+00  0.0000E+00  0.0000E+00  0.0000E+00  0.0000E+00  0.0000E+00  0.0000E+00  0.0000E+00
      7.290  0.0000E+00  0.0000E+00  0.0000E+00  0.0000E+00  0.0000E+00  0.0000E+00  0.0000E+00  0.0000E+00  0.0000E+00  0.0000E+00  0.0000E+00  0.0000E+00  0.0000E+00  0.0000E+00  0.0000E+00  0.0000E+00  0.0000E+00  0.0000E+00
      7.300  0.0000E+00  0.0000E+00  0.0000E+00  0.0000E+00  0.0000E+00  0.0000E+00  0.0000E+00  0.0000E+00  0.0000E+00  0.0000E+00  0.0000E+00  0.0000E+00  0.0000E+00  0.0000E+00  0.0000E+00  0.0000E+00  0.0000E+00  0.0000E+00
      7.310  0.0000E+00  0.0000E+00  0.0000E+00  0.0000E+00  0.0000E+00  0.0000E+00  0.0000E+00  0.0000E+00  0.0000E+00  0.0000E+00  0.0000E+00  0.0000E+00  0.0000E+00  0.0000E+00  0.0000E+00  0.0000E+00  0.0000E+00  0.0000E+00
      7.320  0.0000E+00  0.0000E+00  0.0000E+00  0.0000E+00  0.0000E+00  0.0000E+00  0.0000E+00  0.0000E+00  0.0000E+00  0.0000E+00  0.0000E+00  0.0000E+00  0.0000E+00  0.0000E+00  0.0000E+00  0.0000E+00  0.0000E+00  0.0000E+00
      7.330  0.0000E+00  0.0000E+00  0.0000E+00  0.0000E+00  0.0000E+00  0.0000E+00  0.0000E+00  0.0000E+00  0.0000E+00  0.0000E+00  0.0000E+00  0.0000E+00  0.0000E+00  0.0000E+00  0.0000E+00  0.0000E+00  0.0000E+00  0.0000E+00
      7.340  0.0000E+00  0.0000E+00  0.0000E+00  0.0000E+00  0.0000E+00  0.0000E+00  0.0000E+00  0.0000E+00  0.0000E+00  0.0000E+00  0.0000E+00  0.0000E+00  0.0000E+00  0.0000E+00  0.0000E+00  0.0000E+00  0.0000E+00  0.0000E+00
      7.350  0.0000E+00  0.0000E+00  0.0000E+00  0.0000E+00  0.0000E+00  0.0000E+00  0.0000E+00  0.0000E+00  0.0000E+00  0.0000E+00  0.0000E+00  0.0000E+00  0.0000E+00  0.0000E+00  0.0000E+00  0.0000E+00  0.0000E+00  0.0000E+00
      7.360  0.0000E+00  0.0000E+00  0.0000E+00  0.0000E+00  0.0000E+00  0.0000E+00  0.0000E+00  0.0000E+00  0.0000E+00  0.0000E+00  0.0000E+00  0.0000E+00  0.0000E+00  0.0000E+00  0.0000E+00  0.0000E+00  0.0000E+00  0.0000E+00
      7.370  0.0000E+00  0.0000E+00  0.0000E+00  0.0000E+00  0.0000E+00  0.0000E+00  0.0000E+00  0.0000E+00  0.0000E+00  0.0000E+00  0.0000E+00  0.0000E+00  0.0000E+00  0.0000E+00  0.0000E+00  0.0000E+00  0.0000E+00  0.0000E+00
      7.380  0.0000E+00  0.0000E+00  0.0000E+00  0.0000E+00  0.0000E+00  0.0000E+00  0.0000E+00  0.0000E+00  0.0000E+00  0.0000E+00  0.0000E+00  0.0000E+00  0.0000E+00  0.0000E+00  0.0000E+00  0.0000E+00  0.0000E+00  0.0000E+00
      7.390  0.0000E+00  0.0000E+00  0.0000E+00  0.0000E+00  0.0000E+00  0.0000E+00  0.0000E+00  0.0000E+00  0.0000E+00  0.0000E+00  0.0000E+00  0.0000E+00  0.0000E+00  0.0000E+00  0.0000E+00  0.0000E+00  0.0000E+00  0.0000E+00
      7.400  0.0000E+00  0.0000E+00  0.0000E+00  0.0000E+00  0.0000E+00  0.0000E+00  0.0000E+00  0.0000E+00  0.0000E+00  0.0000E+00  0.0000E+00  0.0000E+00  0.0000E+00  0.0000E+00  0.0000E+00  0.0000E+00  0.0000E+00  0.0000E+00
      7.410  0.0000E+00  0.0000E+00  0.0000E+00  0.0000E+00  0.0000E+00  0.0000E+00  0.0000E+00  0.0000E+00  0.0000E+00  0.0000E+00  0.0000E+00  0.0000E+00  0.0000E+00  0.0000E+00  0.0000E+00  0.0000E+00  0.0000E+00  0.0000E+00
      7.420  0.0000E+00  0.0000E+00  0.0000E+00  0.0000E+00  0.0000E+00  0.0000E+00  0.0000E+00  0.0000E+00  0.0000E+00  0.0000E+00  0.0000E+00  0.0000E+00  0.0000E+00  0.0000E+00  0.0000E+00  0.0000E+00  0.0000E+00  0.0000E+00
      7.430  0.0000E+00  0.0000E+00  0.0000E+00  0.0000E+00  0.0000E+00  0.0000E+00  0.0000E+00  0.0000E+00  0.0000E+00  0.0000E+00  0.0000E+00  0.0000E+00  0.0000E+00  0.0000E+00  0.0000E+00  0.0000E+00  0.0000E+00  0.0000E+00
      7.440  0.0000E+00  0.0000E+00  0.0000E+00  0.0000E+00  0.0000E+00  0.0000E+00  0.0000E+00  0.0000E+00  0.0000E+00  0.0000E+00  0.0000E+00  0.0000E+00  0.0000E+00  0.0000E+00  0.0000E+00  0.0000E+00  0.0000E+00  0.0000E+00
      7.450  0.0000E+00  0.0000E+00  0.0000E+00  0.0000E+00  0.0000E+00  0.0000E+00  0.0000E+00  0.0000E+00  0.0000E+00  0.0000E+00  0.0000E+00  0.0000E+00  0.0000E+00  0.0000E+00  0.0000E+00  0.0000E+00  0.0000E+00  0.0000E+00
      7.460  0.0000E+00  0.0000E+00  0.0000E+00  0.0000E+00  0.0000E+00  0.0000E+00  0.0000E+00  0.0000E+00  0.0000E+00  0.0000E+00  0.0000E+00  0.0000E+00  0.0000E+00  0.0000E+00  0.0000E+00  0.0000E+00  0.0000E+00  0.0000E+00
      7.470  0.0000E+00  0.0000E+00  0.0000E+00  0.0000E+00  0.0000E+00  0.0000E+00  0.0000E+00  0.0000E+00  0.0000E+00  0.0000E+00  0.0000E+00  0.0000E+00  0.0000E+00  0.0000E+00  0.0000E+00  0.0000E+00  0.0000E+00  0.0000E+00
      7.480  0.0000E+00  0.0000E+00  0.0000E+00  0.0000E+00  0.0000E+00  0.0000E+00  0.0000E+00  0.0000E+00  0.0000E+00  0.0000E+00  0.0000E+00  0.0000E+00  0.0000E+00  0.0000E+00  0.0000E+00  0.0000E+00  0.0000E+00  0.0000E+00
      7.490  0.0000E+00  0.0000E+00  0.0000E+00  0.0000E+00  0.0000E+00  0.0000E+00  0.0000E+00  0.0000E+00  0.0000E+00  0.0000E+00  0.0000E+00  0.0000E+00  0.0000E+00  0.0000E+00  0.0000E+00  0.0000E+00  0.0000E+00  0.0000E+00
      7.500  0.0000E+00  0.0000E+00  0.0000E+00  0.0000E+00  0.0000E+00  0.0000E+00  0.0000E+00  0.0000E+00  0.0000E+00  0.0000E+00  0.0000E+00  0.0000E+00  0.0000E+00  0.0000E+00  0.0000E+00  0.0000E+00  0.0000E+00  0.0000E+00
      7.510  0.0000E+00  0.0000E+00  0.0000E+00  0.0000E+00  0.0000E+00  0.0000E+00  0.0000E+00  0.0000E+00  0.0000E+00  0.0000E+00  0.0000E+00  0.0000E+00  0.0000E+00  0.0000E+00  0.0000E+00  0.0000E+00  0.0000E+00  0.0000E+00
      7.520  0.0000E+00  0.0000E+00  0.0000E+00  0.0000E+00  0.0000E+00  0.0000E+00  0.0000E+00  0.0000E+00  0.0000E+00  0.0000E+00  0.0000E+00  0.0000E+00  0.0000E+00  0.0000E+00  0.0000E+00  0.0000E+00  0.0000E+00  0.0000E+00
      7.530  0.0000E+00  0.0000E+00  0.0000E+00  0.0000E+00  0.0000E+00  0.0000E+00  0.0000E+00  0.0000E+00  0.0000E+00  0.0000E+00  0.0000E+00  0.0000E+00  0.0000E+00  0.0000E+00  0.0000E+00  0.0000E+00  0.0000E+00  0.0000E+00
      7.540  0.0000E+00  0.0000E+00  0.0000E+00  0.0000E+00  0.0000E+00  0.0000E+00  0.0000E+00  0.0000E+00  0.0000E+00  0.0000E+00  0.0000E+00  0.0000E+00  0.0000E+00  0.0000E+00  0.0000E+00  0.0000E+00  0.0000E+00  0.0000E+00
      7.550  0.0000E+00  0.0000E+00  0.0000E+00  0.0000E+00  0.0000E+00  0.0000E+00  0.0000E+00  0.0000E+00  0.0000E+00  0.0000E+00  0.0000E+00  0.0000E+00  0.0000E+00  0.0000E+00  0.0000E+00  0.0000E+00  0.0000E+00  0.0000E+00
      7.560  0.0000E+00  0.0000E+00  0.0000E+00  0.0000E+00  0.0000E+00  0.0000E+00  0.0000E+00  0.0000E+00  0.0000E+00  0.0000E+00  0.0000E+00  0.0000E+00  0.0000E+00  0.0000E+00  0.0000E+00  0.0000E+00  0.0000E+00  0.0000E+00
      7.570  0.0000E+00  0.0000E+00  0.0000E+00  0.0000E+00  0.0000E+00  0.0000E+00  0.0000E+00  0.0000E+00  0.0000E+00  0.0000E+00  0.0000E+00  0.0000E+00  0.0000E+00  0.0000E+00  0.0000E+00  0.0000E+00  0.0000E+00  0.0000E+00
      7.580  0.0000E+00  0.0000E+00  0.0000E+00  0.0000E+00  0.0000E+00  0.0000E+00  0.0000E+00  0.0000E+00  0.0000E+00  0.0000E+00  0.0000E+00  0.0000E+00  0.0000E+00  0.0000E+00  0.0000E+00  0.0000E+00  0.0000E+00  0.0000E+00
      7.590  0.0000E+00  0.0000E+00  0.0000E+00  0.0000E+00  0.0000E+00  0.0000E+00  0.0000E+00  0.0000E+00  0.0000E+00  0.0000E+00  0.0000E+00  0.0000E+00  0.0000E+00  0.0000E+00  0.0000E+00  0.0000E+00  0.0000E+00  0.0000E+00
      7.600  0.0000E+00  0.0000E+00  0.0000E+00  0.0000E+00  0.0000E+00  0.0000E+00  0.0000E+00  0.0000E+00  0.0000E+00  0.0000E+00  0.0000E+00  0.0000E+00  0.0000E+00  0.0000E+00  0.0000E+00  0.0000E+00  0.0000E+00  0.0000E+00
      7.610  0.0000E+00  0.0000E+00  0.0000E+00  0.0000E+00  0.0000E+00  0.0000E+00  0.0000E+00  0.0000E+00  0.0000E+00  0.0000E+00  0.0000E+00  0.0000E+00  0.0000E+00  0.0000E+00  0.0000E+00  0.0000E+00  0.0000E+00  0.0000E+00
      7.620  0.0000E+00  0.0000E+00  0.0000E+00  0.0000E+00  0.0000E+00  0.0000E+00  0.0000E+00  0.0000E+00  0.0000E+00  0.0000E+00  0.0000E+00  0.0000E+00  0.0000E+00  0.0000E+00  0.0000E+00  0.0000E+00  0.0000E+00  0.0000E+00
      7.630  0.0000E+00  0.0000E+00  0.0000E+00  0.0000E+00  0.0000E+00  0.0000E+00  0.0000E+00  0.0000E+00  0.0000E+00  0.0000E+00  0.0000E+00  0.0000E+00  0.0000E+00  0.0000E+00  0.0000E+00  0.0000E+00  0.0000E+00  0.0000E+00
      7.640  0.0000E+00  0.0000E+00  0.0000E+00  0.0000E+00  0.0000E+00  0.0000E+00  0.0000E+00  0.0000E+00  0.0000E+00  0.0000E+00  0.0000E+00  0.0000E+00  0.0000E+00  0.0000E+00  0.0000E+00  0.0000E+00  0.0000E+00  0.0000E+00
      7.650  0.0000E+00  0.0000E+00  0.0000E+00  0.0000E+00  0.0000E+00  0.0000E+00  0.0000E+00  0.0000E+00  0.0000E+00  0.0000E+00  0.0000E+00  0.0000E+00  0.0000E+00  0.0000E+00  0.0000E+00  0.0000E+00  0.0000E+00  0.0000E+00
      7.660  0.0000E+00  0.0000E+00  0.0000E+00  0.0000E+00  0.0000E+00  0.0000E+00  0.0000E+00  0.0000E+00  0.0000E+00  0.0000E+00  0.0000E+00  0.0000E+00  0.0000E+00  0.0000E+00  0.0000E+00  0.0000E+00  0.0000E+00  0.0000E+00
      7.670  0.0000E+00  0.0000E+00  0.0000E+00  0.0000E+00  0.0000E+00  0.0000E+00  0.0000E+00  0.0000E+00  0.0000E+00  0.0000E+00  0.0000E+00  0.0000E+00  0.0000E+00  0.0000E+00  0.0000E+00  0.0000E+00  0.0000E+00  0.0000E+00
      7.680  0.0000E+00  0.0000E+00  0.0000E+00  0.0000E+00  0.0000E+00  0.0000E+00  0.0000E+00  0.0000E+00  0.0000E+00  0.0000E+00  0.0000E+00  0.0000E+00  0.0000E+00  0.0000E+00  0.0000E+00  0.0000E+00  0.0000E+00  0.0000E+00
      7.690  0.0000E+00  0.0000E+00  0.0000E+00  0.0000E+00  0.0000E+00  0.0000E+00  0.0000E+00  0.0000E+00  0.0000E+00  0.0000E+00  0.0000E+00  0.0000E+00  0.0000E+00  0.0000E+00  0.0000E+00  0.0000E+00  0.0000E+00  0.0000E+00
      7.700  0.0000E+00  0.0000E+00  0.0000E+00  0.0000E+00  0.0000E+00  0.0000E+00  0.0000E+00  0.0000E+00  0.0000E+00  0.0000E+00  0.0000E+00  0.0000E+00  0.0000E+00  0.0000E+00  0.0000E+00  0.0000E+00  0.0000E+00  0.0000E+00
      7.710  0.0000E+00  0.0000E+00  0.0000E+00  0.0000E+00  0.0000E+00  0.0000E+00  0.0000E+00  0.0000E+00  0.0000E+00  0.0000E+00  0.0000E+00  0.0000E+00  0.0000E+00  0.0000E+00  0.0000E+00  0.0000E+00  0.0000E+00  0.0000E+00
      7.720  0.0000E+00  0.0000E+00  0.0000E+00  0.0000E+00  0.0000E+00  0.0000E+00  0.0000E+00  0.0000E+00  0.0000E+00  0.0000E+00  0.0000E+00  0.0000E+00  0.0000E+00  0.0000E+00  0.0000E+00  0.0000E+00  0.0000E+00  0.0000E+00
      7.730  0.0000E+00  0.0000E+00  0.0000E+00  0.0000E+00  0.0000E+00  0.0000E+00  0.0000E+00  0.0000E+00  0.0000E+00  0.0000E+00  0.0000E+00  0.0000E+00  0.0000E+00  0.0000E+00  0.0000E+00  0.0000E+00  0.0000E+00  0.0000E+00
      7.740  0.0000E+00  0.0000E+00  0.0000E+00  0.0000E+00  0.0000E+00  0.0000E+00  0.0000E+00  0.0000E+00  0.0000E+00  0.0000E+00  0.0000E+00  0.0000E+00  0.0000E+00  0.0000E+00  0.0000E+00  0.0000E+00  0.0000E+00  0.0000E+00
      7.750  0.0000E+00  0.0000E+00  0.0000E+00  0.0000E+00  0.0000E+00  0.0000E+00  0.0000E+00  0.0000E+00  0.0000E+00  0.0000E+00  0.0000E+00  0.0000E+00  0.0000E+00  0.0000E+00  0.0000E+00  0.0000E+00  0.0000E+00  0.0000E+00
      7.760  0.0000E+00  0.0000E+00  0.0000E+00  0.0000E+00  0.0000E+00  0.0000E+00  0.0000E+00  0.0000E+00  0.0000E+00  0.0000E+00  0.0000E+00  0.0000E+00  0.0000E+00  0.0000E+00  0.0000E+00  0.0000E+00  0.0000E+00  0.0000E+00
      7.770  0.0000E+00  0.0000E+00  0.0000E+00  0.0000E+00  0.0000E+00  0.0000E+00  0.0000E+00  0.0000E+00  0.0000E+00  0.0000E+00  0.0000E+00  0.0000E+00  0.0000E+00  0.0000E+00  0.0000E+00  0.0000E+00  0.0000E+00  0.0000E+00
      7.780  0.0000E+00  0.0000E+00  0.0000E+00  0.0000E+00  0.0000E+00  0.0000E+00  0.0000E+00  0.0000E+00  0.0000E+00  0.0000E+00  0.0000E+00  0.0000E+00  0.0000E+00  0.0000E+00  0.0000E+00  0.0000E+00  0.0000E+00  0.0000E+00
      7.790  0.0000E+00  0.0000E+00  0.0000E+00  0.0000E+00  0.0000E+00  0.0000E+00  0.0000E+00  0.0000E+00  0.0000E+00  0.0000E+00  0.0000E+00  0.0000E+00  0.0000E+00  0.0000E+00  0.0000E+00  0.0000E+00  0.0000E+00  0.0000E+00
      7.800  0.0000E+00  0.0000E+00  0.0000E+00  0.0000E+00  0.0000E+00  0.0000E+00  0.0000E+00  0.0000E+00  0.0000E+00  0.0000E+00  0.0000E+00  0.0000E+00  0.0000E+00  0.0000E+00  0.0000E+00  0.0000E+00  0.0000E+00  0.0000E+00
      7.810  0.0000E+00  0.0000E+00  0.0000E+00  0.0000E+00  0.0000E+00  0.0000E+00  0.0000E+00  0.0000E+00  0.0000E+00  0.0000E+00  0.0000E+00  0.0000E+00  0.0000E+00  0.0000E+00  0.0000E+00  0.0000E+00  0.0000E+00  0.0000E+00
      7.820  0.0000E+00  0.0000E+00  0.0000E+00  0.0000E+00  0.0000E+00  0.0000E+00  0.0000E+00  0.0000E+00  0.0000E+00  0.0000E+00  0.0000E+00  0.0000E+00  0.0000E+00  0.0000E+00  0.0000E+00  0.0000E+00  0.0000E+00  0.0000E+00
      7.830  0.0000E+00  0.0000E+00  0.0000E+00  0.0000E+00  0.0000E+00  0.0000E+00  0.0000E+00  0.0000E+00  0.0000E+00  0.0000E+00  0.0000E+00  0.0000E+00  0.0000E+00  0.0000E+00  0.0000E+00  0.0000E+00  0.0000E+00  0.0000E+00
      7.840  0.0000E+00  0.0000E+00  0.0000E+00  0.0000E+00  0.0000E+00  0.0000E+00  0.0000E+00  0.0000E+00  0.0000E+00  0.0000E+00  0.0000E+00  0.0000E+00  0.0000E+00  0.0000E+00  0.0000E+00  0.0000E+00  0.0000E+00  0.0000E+00
      7.850  0.0000E+00  0.0000E+00  0.0000E+00  0.0000E+00  0.0000E+00  0.0000E+00  0.0000E+00  0.0000E+00  0.0000E+00  0.0000E+00  0.0000E+00  0.0000E+00  0.0000E+00  0.0000E+00  0.0000E+00  0.0000E+00  0.0000E+00  0.0000E+00
      7.860  0.0000E+00  0.0000E+00  0.0000E+00  0.0000E+00  0.0000E+00  0.0000E+00  0.0000E+00  0.0000E+00  0.0000E+00  0.0000E+00  0.0000E+00  0.0000E+00  0.0000E+00  0.0000E+00  0.0000E+00  0.0000E+00  0.0000E+00  0.0000E+00
      7.870  0.0000E+00  0.0000E+00  0.0000E+00  0.0000E+00  0.0000E+00  0.0000E+00  0.0000E+00  0.0000E+00  0.0000E+00  0.0000E+00  0.0000E+00  0.0000E+00  0.0000E+00  0.0000E+00  0.0000E+00  0.0000E+00  0.0000E+00  0.0000E+00
      7.880  0.0000E+00  0.0000E+00  0.0000E+00  0.0000E+00  0.0000E+00  0.0000E+00  0.0000E+00  0.0000E+00  0.0000E+00  0.0000E+00  0.0000E+00  0.0000E+00  0.0000E+00  0.0000E+00  0.0000E+00  0.0000E+00  0.0000E+00  0.0000E+00
      7.890  0.0000E+00  0.0000E+00  0.0000E+00  0.0000E+00  0.0000E+00  0.0000E+00  0.0000E+00  0.0000E+00  0.0000E+00  0.0000E+00  0.0000E+00  0.0000E+00  0.0000E+00  0.0000E+00  0.0000E+00  0.0000E+00  0.0000E+00  0.0000E+00
      7.900  0.0000E+00  0.0000E+00  0.0000E+00  0.0000E+00  0.0000E+00  0.0000E+00  0.0000E+00  0.0000E+00  0.0000E+00  0.0000E+00  0.0000E+00  0.0000E+00  0.0000E+00  0.0000E+00  0.0000E+00  0.0000E+00  0.0000E+00  0.0000E+00
      7.910  0.0000E+00  0.0000E+00  0.0000E+00  0.0000E+00  0.0000E+00  0.0000E+00  0.0000E+00  0.0000E+00  0.0000E+00  0.0000E+00  0.0000E+00  0.0000E+00  0.0000E+00  0.0000E+00  0.0000E+00  0.0000E+00  0.0000E+00  0.0000E+00
      7.920  0.0000E+00  0.0000E+00  0.0000E+00  0.0000E+00  0.0000E+00  0.0000E+00  0.0000E+00  0.0000E+00  0.0000E+00  0.0000E+00  0.0000E+00  0.0000E+00  0.0000E+00  0.0000E+00  0.0000E+00  0.0000E+00  0.0000E+00  0.0000E+00
      7.930  0.0000E+00  0.0000E+00  0.0000E+00  0.0000E+00  0.0000E+00  0.0000E+00  0.0000E+00  0.0000E+00  0.0000E+00  0.0000E+00  0.0000E+00  0.0000E+00  0.0000E+00  0.0000E+00  0.0000E+00  0.0000E+00  0.0000E+00  0.0000E+00
      7.940  0.0000E+00  0.0000E+00  0.0000E+00  0.0000E+00  0.0000E+00  0.0000E+00  0.0000E+00  0.0000E+00  0.0000E+00  0.0000E+00  0.0000E+00  0.0000E+00  0.0000E+00  0.0000E+00  0.0000E+00  0.0000E+00  0.0000E+00  0.0000E+00
      7.950  0.0000E+00  0.0000E+00  0.0000E+00  0.0000E+00  0.0000E+00  0.0000E+00  0.0000E+00  0.0000E+00  0.0000E+00  0.0000E+00  0.0000E+00  0.0000E+00  0.0000E+00  0.0000E+00  0.0000E+00  0.0000E+00  0.0000E+00  0.0000E+00
      7.960  0.0000E+00  0.0000E+00  0.0000E+00  0.0000E+00  0.0000E+00  0.0000E+00  0.0000E+00  0.0000E+00  0.0000E+00  0.0000E+00  0.0000E+00  0.0000E+00  0.0000E+00  0.0000E+00  0.0000E+00  0.0000E+00  0.0000E+00  0.0000E+00
      7.970  0.0000E+00  0.0000E+00  0.0000E+00  0.0000E+00  0.0000E+00  0.0000E+00  0.0000E+00  0.0000E+00  0.0000E+00  0.0000E+00  0.0000E+00  0.0000E+00  0.0000E+00  0.0000E+00  0.0000E+00  0.0000E+00  0.0000E+00  0.0000E+00
      7.980  0.0000E+00  0.0000E+00  0.0000E+00  0.0000E+00  0.0000E+00  0.0000E+00  0.0000E+00  0.0000E+00  0.0000E+00  0.0000E+00  0.0000E+00  0.0000E+00  0.0000E+00  0.0000E+00  0.0000E+00  0.0000E+00  0.0000E+00  0.0000E+00
      7.990  0.0000E+00  0.0000E+00  0.0000E+00  0.0000E+00  0.0000E+00  0.0000E+00  0.0000E+00  0.0000E+00  0.0000E+00  0.0000E+00  0.0000E+00  0.0000E+00  0.0000E+00  0.0000E+00  0.0000E+00  0.0000E+00  0.0000E+00  0.0000E+00
      8.000  0.0000E+00  0.0000E+00  0.0000E+00  0.0000E+00  0.0000E+00  0.0000E+00  0.0000E+00  0.0000E+00  0.0000E+00  0.0000E+00  0.0000E+00  0.0000E+00  0.0000E+00  0.0000E+00  0.0000E+00  0.0000E+00  0.0000E+00  0.0000E+00
      8.010  0.0000E+00  0.0000E+00  0.0000E+00  0.0000E+00  0.0000E+00  0.0000E+00  0.0000E+00  0.0000E+00  0.0000E+00  0.0000E+00  0.0000E+00  0.0000E+00  0.0000E+00  0.0000E+00  0.0000E+00  0.0000E+00  0.0000E+00  0.0000E+00
      8.020  0.0000E+00  0.0000E+00  0.0000E+00  0.0000E+00  0.0000E+00  0.0000E+00  0.0000E+00  0.0000E+00  0.0000E+00  0.0000E+00  0.0000E+00  0.0000E+00  0.0000E+00  0.0000E+00  0.0000E+00  0.0000E+00  0.0000E+00  0.0000E+00
      8.030  0.0000E+00  0.0000E+00  0.0000E+00  0.0000E+00  0.0000E+00  0.0000E+00  0.0000E+00  0.0000E+00  0.0000E+00  0.0000E+00  0.0000E+00  0.0000E+00  0.0000E+00  0.0000E+00  0.0000E+00  0.0000E+00  0.0000E+00  0.0000E+00
      8.040  0.0000E+00  0.0000E+00  0.0000E+00  0.0000E+00  0.0000E+00  0.0000E+00  0.0000E+00  0.0000E+00  0.0000E+00  0.0000E+00  0.0000E+00  0.0000E+00  0.0000E+00  0.0000E+00  0.0000E+00  0.0000E+00  0.0000E+00  0.0000E+00
      8.050  0.0000E+00  0.0000E+00  0.0000E+00  0.0000E+00  0.0000E+00  0.0000E+00  0.0000E+00  0.0000E+00  0.0000E+00  0.0000E+00  0.0000E+00  0.0000E+00  0.0000E+00  0.0000E+00  0.0000E+00  0.0000E+00  0.0000E+00  0.0000E+00
      8.060  0.0000E+00  0.0000E+00  0.0000E+00  0.0000E+00  0.0000E+00  0.0000E+00  0.0000E+00  0.0000E+00  0.0000E+00  0.0000E+00  0.0000E+00  0.0000E+00  0.0000E+00  0.0000E+00  0.0000E+00  0.0000E+00  0.0000E+00  0.0000E+00
      8.070  0.0000E+00  0.0000E+00  0.0000E+00  0.0000E+00  0.0000E+00  0.0000E+00  0.0000E+00  0.0000E+00  0.0000E+00  0.0000E+00  0.0000E+00  0.0000E+00  0.0000E+00  0.0000E+00  0.0000E+00  0.0000E+00  0.0000E+00  0.0000E+00
      8.080  0.0000E+00  0.0000E+00  0.0000E+00  0.0000E+00  0.0000E+00  0.0000E+00  0.0000E+00  0.0000E+00  0.0000E+00  0.0000E+00  0.0000E+00  0.0000E+00  0.0000E+00  0.0000E+00  0.0000E+00  0.0000E+00  0.0000E+00  0.0000E+00
      8.090  0.0000E+00  0.0000E+00  0.0000E+00  0.0000E+00  0.0000E+00  0.0000E+00  0.0000E+00  0.0000E+00  0.0000E+00  0.0000E+00  0.0000E+00  0.0000E+00  0.0000E+00  0.0000E+00  0.0000E+00  0.0000E+00  0.0000E+00  0.0000E+00
      8.100  0.0000E+00  0.0000E+00  0.0000E+00  0.0000E+00  0.0000E+00  0.0000E+00  0.0000E+00  0.0000E+00  0.0000E+00  0.0000E+00  0.0000E+00  0.0000E+00  0.0000E+00  0.0000E+00  0.0000E+00  0.0000E+00  0.0000E+00  0.0000E+00
      8.110  0.0000E+00  0.0000E+00  0.0000E+00  0.0000E+00  0.0000E+00  0.0000E+00  0.0000E+00  0.0000E+00  0.0000E+00  0.0000E+00  0.0000E+00  0.0000E+00  0.0000E+00  0.0000E+00  0.0000E+00  0.0000E+00  0.0000E+00  0.0000E+00
      8.120  0.0000E+00  0.0000E+00  0.0000E+00  0.0000E+00  0.0000E+00  0.0000E+00  0.0000E+00  0.0000E+00  0.0000E+00  0.0000E+00  0.0000E+00  0.0000E+00  0.0000E+00  0.0000E+00  0.0000E+00  0.0000E+00  0.0000E+00  0.0000E+00
      8.131  0.0000E+00  0.0000E+00  0.0000E+00  0.0000E+00  0.0000E+00  0.0000E+00  0.0000E+00  0.0000E+00  0.0000E+00  0.0000E+00  0.0000E+00  0.0000E+00  0.0000E+00  0.0000E+00  0.0000E+00  0.0000E+00  0.0000E+00  0.0000E+00
      8.141  0.0000E+00  0.0000E+00  0.0000E+00  0.0000E+00  0.0000E+00  0.0000E+00  0.0000E+00  0.0000E+00  0.0000E+00  0.0000E+00  0.0000E+00  0.0000E+00  0.0000E+00  0.0000E+00  0.0000E+00  0.0000E+00  0.0000E+00  0.0000E+00
      8.151  0.0000E+00  0.0000E+00  0.0000E+00  0.0000E+00  0.0000E+00  0.0000E+00  0.0000E+00  0.0000E+00  0.0000E+00  0.0000E+00  0.0000E+00  0.0000E+00  0.0000E+00  0.0000E+00  0.0000E+00  0.0000E+00  0.0000E+00  0.0000E+00
      8.161  0.0000E+00  0.0000E+00  0.0000E+00  0.0000E+00  0.0000E+00  0.0000E+00  0.0000E+00  0.0000E+00  0.0000E+00  0.0000E+00  0.0000E+00  0.0000E+00  0.0000E+00  0.0000E+00  0.0000E+00  0.0000E+00  0.0000E+00  0.0000E+00
      8.171  0.0000E+00  0.0000E+00  0.0000E+00  0.0000E+00  0.0000E+00  0.0000E+00  0.0000E+00  0.0000E+00  0.0000E+00  0.0000E+00  0.0000E+00  0.0000E+00  0.0000E+00  0.0000E+00  0.0000E+00  0.0000E+00  0.0000E+00  0.0000E+00
      8.181  0.0000E+00  0.0000E+00  0.0000E+00  0.0000E+00  0.0000E+00  0.0000E+00  0.0000E+00  0.0000E+00  0.0000E+00  0.0000E+00  0.0000E+00  0.0000E+00  0.0000E+00  0.0000E+00  0.0000E+00  0.0000E+00  0.0000E+00  0.0000E+00
      8.191  0.0000E+00  0.0000E+00  0.0000E+00  0.0000E+00  0.0000E+00  0.0000E+00  0.0000E+00  0.0000E+00  0.0000E+00  0.0000E+00  0.0000E+00  0.0000E+00  0.0000E+00  0.0000E+00  0.0000E+00  0.0000E+00  0.0000E+00  0.0000E+00
      8.201  0.0000E+00  0.0000E+00  0.0000E+00  0.0000E+00  0.0000E+00  0.0000E+00  0.0000E+00  0.0000E+00  0.0000E+00  0.0000E+00  0.0000E+00  0.0000E+00  0.0000E+00  0.0000E+00  0.0000E+00  0.0000E+00  0.0000E+00  0.0000E+00
      8.211  0.0000E+00  0.0000E+00  0.0000E+00  0.0000E+00  0.0000E+00  0.0000E+00  0.0000E+00  0.0000E+00  0.0000E+00  0.0000E+00  0.0000E+00  0.0000E+00  0.0000E+00  0.0000E+00  0.0000E+00  0.0000E+00  0.0000E+00  0.0000E+00
      8.221  0.0000E+00  0.0000E+00  0.0000E+00  0.0000E+00  0.0000E+00  0.0000E+00  0.0000E+00  0.0000E+00  0.0000E+00  0.0000E+00  0.0000E+00  0.0000E+00  0.0000E+00  0.0000E+00  0.0000E+00  0.0000E+00  0.0000E+00  0.0000E+00
      8.231  0.0000E+00  0.0000E+00  0.0000E+00  0.0000E+00  0.0000E+00  0.0000E+00  0.0000E+00  0.0000E+00  0.0000E+00  0.0000E+00  0.0000E+00  0.0000E+00  0.0000E+00  0.0000E+00  0.0000E+00  0.0000E+00  0.0000E+00  0.0000E+00
      8.241  0.0000E+00  0.0000E+00  0.0000E+00  0.0000E+00  0.0000E+00  0.0000E+00  0.0000E+00  0.0000E+00  0.0000E+00  0.0000E+00  0.0000E+00  0.0000E+00  0.0000E+00  0.0000E+00  0.0000E+00  0.0000E+00  0.0000E+00  0.0000E+00
      8.251  0.0000E+00  0.0000E+00  0.0000E+00  0.0000E+00  0.0000E+00  0.0000E+00  0.0000E+00  0.0000E+00  0.0000E+00  0.0000E+00  0.0000E+00  0.0000E+00  0.0000E+00  0.0000E+00  0.0000E+00  0.0000E+00  0.0000E+00  0.0000E+00
      8.261  0.0000E+00  0.0000E+00  0.0000E+00  0.0000E+00  0.0000E+00  0.0000E+00  0.0000E+00  0.0000E+00  0.0000E+00  0.0000E+00  0.0000E+00  0.0000E+00  0.0000E+00  0.0000E+00  0.0000E+00  0.0000E+00  0.0000E+00  0.0000E+00
      8.271  0.0000E+00  0.0000E+00  0.0000E+00  0.0000E+00  0.0000E+00  0.0000E+00  0.0000E+00  0.0000E+00  0.0000E+00  0.0000E+00  0.0000E+00  0.0000E+00  0.0000E+00  0.0000E+00  0.0000E+00  0.0000E+00  0.0000E+00  0.0000E+00
      8.281  0.0000E+00  0.0000E+00  0.0000E+00  0.0000E+00  0.0000E+00  0.0000E+00  0.0000E+00  0.0000E+00  0.0000E+00  0.0000E+00  0.0000E+00  0.0000E+00  0.0000E+00  0.0000E+00  0.0000E+00  0.0000E+00  0.0000E+00  0.0000E+00
      8.291  0.0000E+00  0.0000E+00  0.0000E+00  0.0000E+00  0.0000E+00  0.0000E+00  0.0000E+00  0.0000E+00  0.0000E+00  0.0000E+00  0.0000E+00  0.0000E+00  0.0000E+00  0.0000E+00  0.0000E+00  0.0000E+00  0.0000E+00  0.0000E+00
      8.301  0.0000E+00  0.0000E+00  0.0000E+00  0.0000E+00  0.0000E+00  0.0000E+00  0.0000E+00  0.0000E+00  0.0000E+00  0.0000E+00  0.0000E+00  0.0000E+00  0.0000E+00  0.0000E+00  0.0000E+00  0.0000E+00  0.0000E+00  0.0000E+00
      8.311  0.0000E+00  0.0000E+00  0.0000E+00  0.0000E+00  0.0000E+00  0.0000E+00  0.0000E+00  0.0000E+00  0.0000E+00  0.0000E+00  0.0000E+00  0.0000E+00  0.0000E+00  0.0000E+00  0.0000E+00  0.0000E+00  0.0000E+00  0.0000E+00
      8.321  0.0000E+00  0.0000E+00  0.0000E+00  0.0000E+00  0.0000E+00  0.0000E+00  0.0000E+00  0.0000E+00  0.0000E+00  0.0000E+00  0.0000E+00  0.0000E+00  0.0000E+00  0.0000E+00  0.0000E+00  0.0000E+00  0.0000E+00  0.0000E+00
      8.331  0.0000E+00  0.0000E+00  0.0000E+00  0.0000E+00  0.0000E+00  0.0000E+00  0.0000E+00  0.0000E+00  0.0000E+00  0.0000E+00  0.0000E+00  0.0000E+00  0.0000E+00  0.0000E+00  0.0000E+00  0.0000E+00  0.0000E+00  0.0000E+00
      8.341  0.0000E+00  0.0000E+00  0.0000E+00  0.0000E+00  0.0000E+00  0.0000E+00  0.0000E+00  0.0000E+00  0.0000E+00  0.0000E+00  0.0000E+00  0.0000E+00  0.0000E+00  0.0000E+00  0.0000E+00  0.0000E+00  0.0000E+00  0.0000E+00
      8.351  0.0000E+00  0.0000E+00  0.0000E+00  0.0000E+00  0.0000E+00  0.0000E+00  0.0000E+00  0.0000E+00  0.0000E+00  0.0000E+00  0.0000E+00  0.0000E+00  0.0000E+00  0.0000E+00  0.0000E+00  0.0000E+00  0.0000E+00  0.0000E+00
      8.361  0.0000E+00  0.0000E+00  0.0000E+00  0.0000E+00  0.0000E+00  0.0000E+00  0.0000E+00  0.0000E+00  0.0000E+00  0.0000E+00  0.0000E+00  0.0000E+00  0.0000E+00  0.0000E+00  0.0000E+00  0.0000E+00  0.0000E+00  0.0000E+00
      8.371  0.0000E+00  0.0000E+00  0.0000E+00  0.0000E+00  0.0000E+00  0.0000E+00  0.0000E+00  0.0000E+00  0.0000E+00  0.0000E+00  0.0000E+00  0.0000E+00  0.0000E+00  0.0000E+00  0.0000E+00  0.0000E+00  0.0000E+00  0.0000E+00
      8.381  0.0000E+00  0.0000E+00  0.0000E+00  0.0000E+00  0.0000E+00  0.0000E+00  0.0000E+00  0.0000E+00  0.0000E+00  0.0000E+00  0.0000E+00  0.0000E+00  0.0000E+00  0.0000E+00  0.0000E+00  0.0000E+00  0.0000E+00  0.0000E+00
      8.391  0.0000E+00  0.0000E+00  0.0000E+00  0.0000E+00  0.0000E+00  0.0000E+00  0.0000E+00  0.0000E+00  0.0000E+00  0.0000E+00  0.0000E+00  0.0000E+00  0.0000E+00  0.0000E+00  0.0000E+00  0.0000E+00  0.0000E+00  0.0000E+00
      8.401  0.0000E+00  0.0000E+00  0.0000E+00  0.0000E+00  0.0000E+00  0.0000E+00  0.0000E+00  0.0000E+00  0.0000E+00  0.0000E+00  0.0000E+00  0.0000E+00  0.0000E+00  0.0000E+00  0.0000E+00  0.0000E+00  0.0000E+00  0.0000E+00
      8.411  0.0000E+00  0.0000E+00  0.0000E+00  0.0000E+00  0.0000E+00  0.0000E+00  0.0000E+00  0.0000E+00  0.0000E+00  0.0000E+00  0.0000E+00  0.0000E+00  0.0000E+00  0.0000E+00  0.0000E+00  0.0000E+00  0.0000E+00  0.0000E+00
      8.421  0.0000E+00  0.0000E+00  0.0000E+00  0.0000E+00  0.0000E+00  0.0000E+00  0.0000E+00  0.0000E+00  0.0000E+00  0.0000E+00  0.0000E+00  0.0000E+00  0.0000E+00  0.0000E+00  0.0000E+00  0.0000E+00  0.0000E+00  0.0000E+00
      8.431  0.0000E+00  0.0000E+00  0.0000E+00  0.0000E+00  0.0000E+00  0.0000E+00  0.0000E+00  0.0000E+00  0.0000E+00  0.0000E+00  0.0000E+00  0.0000E+00  0.0000E+00  0.0000E+00  0.0000E+00  0.0000E+00  0.0000E+00  0.0000E+00
      8.441  0.0000E+00  0.0000E+00  0.0000E+00  0.0000E+00  0.0000E+00  0.0000E+00  0.0000E+00  0.0000E+00  0.0000E+00  0.0000E+00  0.0000E+00  0.0000E+00  0.0000E+00  0.0000E+00  0.0000E+00  0.0000E+00  0.0000E+00  0.0000E+00
      8.451  0.0000E+00  0.0000E+00  0.0000E+00  0.0000E+00  0.0000E+00  0.0000E+00  0.0000E+00  0.0000E+00  0.0000E+00  0.0000E+00  0.0000E+00  0.0000E+00  0.0000E+00  0.0000E+00  0.0000E+00  0.0000E+00  0.0000E+00  0.0000E+00
      8.461  0.0000E+00  0.0000E+00  0.0000E+00  0.0000E+00  0.0000E+00  0.0000E+00  0.0000E+00  0.0000E+00  0.0000E+00  0.0000E+00  0.0000E+00  0.0000E+00  0.0000E+00  0.0000E+00  0.0000E+00  0.0000E+00  0.0000E+00  0.0000E+00
      8.471  0.0000E+00  0.0000E+00  0.0000E+00  0.0000E+00  0.0000E+00  0.0000E+00  0.0000E+00  0.0000E+00  0.0000E+00  0.0000E+00  0.0000E+00  0.0000E+00  0.0000E+00  0.0000E+00  0.0000E+00  0.0000E+00  0.0000E+00  0.0000E+00
      8.481  0.0000E+00  0.0000E+00  0.0000E+00  0.0000E+00  0.0000E+00  0.0000E+00  0.0000E+00  0.0000E+00  0.0000E+00  0.0000E+00  0.0000E+00  0.0000E+00  0.0000E+00  0.0000E+00  0.0000E+00  0.0000E+00  0.0000E+00  0.0000E+00
      8.491  0.0000E+00  0.0000E+00  0.0000E+00  0.0000E+00  0.0000E+00  0.0000E+00  0.0000E+00  0.0000E+00  0.0000E+00  0.0000E+00  0.0000E+00  0.0000E+00  0.0000E+00  0.0000E+00  0.0000E+00  0.0000E+00  0.0000E+00  0.0000E+00
      8.501  0.0000E+00  0.0000E+00  0.0000E+00  0.0000E+00  0.0000E+00  0.0000E+00  0.0000E+00  0.0000E+00  0.0000E+00  0.0000E+00  0.0000E+00  0.0000E+00  0.0000E+00  0.0000E+00  0.0000E+00  0.0000E+00  0.0000E+00  0.0000E+00
      8.511  0.0000E+00  0.0000E+00  0.0000E+00  0.0000E+00  0.0000E+00  0.0000E+00  0.0000E+00  0.0000E+00  0.0000E+00  0.0000E+00  0.0000E+00  0.0000E+00  0.0000E+00  0.0000E+00  0.0000E+00  0.0000E+00  0.0000E+00  0.0000E+00
      8.521  0.0000E+00  0.0000E+00  0.0000E+00  0.0000E+00  0.0000E+00  0.0000E+00  0.0000E+00  0.0000E+00  0.0000E+00  0.0000E+00  0.0000E+00  0.0000E+00  0.0000E+00  0.0000E+00  0.0000E+00  0.0000E+00  0.0000E+00  0.0000E+00
      8.531  0.0000E+00  0.0000E+00  0.0000E+00  0.0000E+00  0.0000E+00  0.0000E+00  0.0000E+00  0.0000E+00  0.0000E+00  0.0000E+00  0.0000E+00  0.0000E+00  0.0000E+00  0.0000E+00  0.0000E+00  0.0000E+00  0.0000E+00  0.0000E+00
      8.541  0.0000E+00  0.0000E+00  0.0000E+00  0.0000E+00  0.0000E+00  0.0000E+00  0.0000E+00  0.0000E+00  0.0000E+00  0.0000E+00  0.0000E+00  0.0000E+00  0.0000E+00  0.0000E+00  0.0000E+00  0.0000E+00  0.0000E+00  0.0000E+00
      8.551  0.0000E+00  0.0000E+00  0.0000E+00  0.0000E+00  0.0000E+00  0.0000E+00  0.0000E+00  0.0000E+00  0.0000E+00  0.0000E+00  0.0000E+00  0.0000E+00  0.0000E+00  0.0000E+00  0.0000E+00  0.0000E+00  0.0000E+00  0.0000E+00
      8.561  0.0000E+00  0.0000E+00  0.0000E+00  0.0000E+00  0.0000E+00  0.0000E+00  0.0000E+00  0.0000E+00  0.0000E+00  0.0000E+00  0.0000E+00  0.0000E+00  0.0000E+00  0.0000E+00  0.0000E+00  0.0000E+00  0.0000E+00  0.0000E+00
      8.571  0.0000E+00  0.0000E+00  0.0000E+00  0.0000E+00  0.0000E+00  0.0000E+00  0.0000E+00  0.0000E+00  0.0000E+00  0.0000E+00  0.0000E+00  0.0000E+00  0.0000E+00  0.0000E+00  0.0000E+00  0.0000E+00  0.0000E+00  0.0000E+00
      8.581  0.0000E+00  0.0000E+00  0.0000E+00  0.0000E+00  0.0000E+00  0.0000E+00  0.0000E+00  0.0000E+00  0.0000E+00  0.0000E+00  0.0000E+00  0.0000E+00  0.0000E+00  0.0000E+00  0.0000E+00  0.0000E+00  0.0000E+00  0.0000E+00
      8.591  0.0000E+00  0.0000E+00  0.0000E+00  0.0000E+00  0.0000E+00  0.0000E+00  0.0000E+00  0.0000E+00  0.0000E+00  0.0000E+00  0.0000E+00  0.0000E+00  0.0000E+00  0.0000E+00  0.0000E+00  0.0000E+00  0.0000E+00  0.0000E+00
      8.601  0.0000E+00  0.0000E+00  0.0000E+00  0.0000E+00  0.0000E+00  0.0000E+00  0.0000E+00  0.0000E+00  0.0000E+00  0.0000E+00  0.0000E+00  0.0000E+00  0.0000E+00  0.0000E+00  0.0000E+00  0.0000E+00  0.0000E+00  0.0000E+00
      8.611  0.0000E+00  0.0000E+00  0.0000E+00  0.0000E+00  0.0000E+00  0.0000E+00  0.0000E+00  0.0000E+00  0.0000E+00  0.0000E+00  0.0000E+00  0.0000E+00  0.0000E+00  0.0000E+00  0.0000E+00  0.0000E+00  0.0000E+00  0.0000E+00
      8.621  0.0000E+00  0.0000E+00  0.0000E+00  0.0000E+00  0.0000E+00  0.0000E+00  0.0000E+00  0.0000E+00  0.0000E+00  0.0000E+00  0.0000E+00  0.0000E+00  0.0000E+00  0.0000E+00  0.0000E+00  0.0000E+00  0.0000E+00  0.0000E+00
      8.631  0.0000E+00  0.0000E+00  0.0000E+00  0.0000E+00  0.0000E+00  0.0000E+00  0.0000E+00  0.0000E+00  0.0000E+00  0.0000E+00  0.0000E+00  0.0000E+00  0.0000E+00  0.0000E+00  0.0000E+00  0.0000E+00  0.0000E+00  0.0000E+00
      8.641  0.0000E+00  0.0000E+00  0.0000E+00  0.0000E+00  0.0000E+00  0.0000E+00  0.0000E+00  0.0000E+00  0.0000E+00  0.0000E+00  0.0000E+00  0.0000E+00  0.0000E+00  0.0000E+00  0.0000E+00  0.0000E+00  0.0000E+00  0.0000E+00
      8.651  0.0000E+00  0.0000E+00  0.0000E+00  0.0000E+00  0.0000E+00  0.0000E+00  0.0000E+00  0.0000E+00  0.0000E+00  0.0000E+00  0.0000E+00  0.0000E+00  0.0000E+00  0.0000E+00  0.0000E+00  0.0000E+00  0.0000E+00  0.0000E+00
      8.661  0.0000E+00  0.0000E+00  0.0000E+00  0.0000E+00  0.0000E+00  0.0000E+00  0.0000E+00  0.0000E+00  0.0000E+00  0.0000E+00  0.0000E+00  0.0000E+00  0.0000E+00  0.0000E+00  0.0000E+00  0.0000E+00  0.0000E+00  0.0000E+00
      8.671  0.0000E+00  0.0000E+00  0.0000E+00  0.0000E+00  0.0000E+00  0.0000E+00  0.0000E+00  0.0000E+00  0.0000E+00  0.0000E+00  0.0000E+00  0.0000E+00  0.0000E+00  0.0000E+00  0.0000E+00  0.0000E+00  0.0000E+00  0.0000E+00
      8.681  0.0000E+00  0.0000E+00  0.0000E+00  0.0000E+00  0.0000E+00  0.0000E+00  0.0000E+00  0.0000E+00  0.0000E+00  0.0000E+00  0.0000E+00  0.0000E+00  0.0000E+00  0.0000E+00  0.0000E+00  0.0000E+00  0.0000E+00  0.0000E+00
      8.691  0.0000E+00  0.0000E+00  0.0000E+00  0.0000E+00  0.0000E+00  0.0000E+00  0.0000E+00  0.0000E+00  0.0000E+00  0.0000E+00  0.0000E+00  0.0000E+00  0.0000E+00  0.0000E+00  0.0000E+00  0.0000E+00  0.0000E+00  0.0000E+00
      8.701  0.0000E+00  0.0000E+00  0.0000E+00  0.0000E+00  0.0000E+00  0.0000E+00  0.0000E+00  0.0000E+00  0.0000E+00  0.0000E+00  0.0000E+00  0.0000E+00  0.0000E+00  0.0000E+00  0.0000E+00  0.0000E+00  0.0000E+00  0.0000E+00
      8.711  0.0000E+00  0.0000E+00  0.0000E+00  0.0000E+00  0.0000E+00  0.0000E+00  0.0000E+00  0.0000E+00  0.0000E+00  0.0000E+00  0.0000E+00  0.0000E+00  0.0000E+00  0.0000E+00  0.0000E+00  0.0000E+00  0.0000E+00  0.0000E+00
      8.721  0.0000E+00  0.0000E+00  0.0000E+00  0.0000E+00  0.0000E+00  0.0000E+00  0.0000E+00  0.0000E+00  0.0000E+00  0.0000E+00  0.0000E+00  0.0000E+00  0.0000E+00  0.0000E+00  0.0000E+00  0.0000E+00  0.0000E+00  0.0000E+00
      8.731  0.0000E+00  0.0000E+00  0.0000E+00  0.0000E+00  0.0000E+00  0.0000E+00  0.0000E+00  0.0000E+00  0.0000E+00  0.0000E+00  0.0000E+00  0.0000E+00  0.0000E+00  0.0000E+00  0.0000E+00  0.0000E+00  0.0000E+00  0.0000E+00
      8.741  0.0000E+00  0.0000E+00  0.0000E+00  0.0000E+00  0.0000E+00  0.0000E+00  0.0000E+00  0.0000E+00  0.0000E+00  0.0000E+00  0.0000E+00  0.0000E+00  0.0000E+00  0.0000E+00  0.0000E+00  0.0000E+00  0.0000E+00  0.0000E+00
      8.751  0.0000E+00  0.0000E+00  0.0000E+00  0.0000E+00  0.0000E+00  0.0000E+00  0.0000E+00  0.0000E+00  0.0000E+00  0.0000E+00  0.0000E+00  0.0000E+00  0.0000E+00  0.0000E+00  0.0000E+00  0.0000E+00  0.0000E+00  0.0000E+00
      8.761  0.0000E+00  0.0000E+00  0.0000E+00  0.0000E+00  0.0000E+00  0.0000E+00  0.0000E+00  0.0000E+00  0.0000E+00  0.0000E+00  0.0000E+00  0.0000E+00  0.0000E+00  0.0000E+00  0.0000E+00  0.0000E+00  0.0000E+00  0.0000E+00
      8.771  0.0000E+00  0.0000E+00  0.0000E+00  0.0000E+00  0.0000E+00  0.0000E+00  0.0000E+00  0.0000E+00  0.0000E+00  0.0000E+00  0.0000E+00  0.0000E+00  0.0000E+00  0.0000E+00  0.0000E+00  0.0000E+00  0.0000E+00  0.0000E+00
      8.781  0.0000E+00  0.0000E+00  0.0000E+00  0.0000E+00  0.0000E+00  0.0000E+00  0.0000E+00  0.0000E+00  0.0000E+00  0.0000E+00  0.0000E+00  0.0000E+00  0.0000E+00  0.0000E+00  0.0000E+00  0.0000E+00  0.0000E+00  0.0000E+00
      8.791  0.0000E+00  0.0000E+00  0.0000E+00  0.0000E+00  0.0000E+00  0.0000E+00  0.0000E+00  0.0000E+00  0.0000E+00  0.0000E+00  0.0000E+00  0.0000E+00  0.0000E+00  0.0000E+00  0.0000E+00  0.0000E+00  0.0000E+00  0.0000E+00
      8.801  0.0000E+00  0.0000E+00  0.0000E+00  0.0000E+00  0.0000E+00  0.0000E+00  0.0000E+00  0.0000E+00  0.0000E+00  0.0000E+00  0.0000E+00  0.0000E+00  0.0000E+00  0.0000E+00  0.0000E+00  0.0000E+00  0.0000E+00  0.0000E+00
      8.811  0.0000E+00  0.0000E+00  0.0000E+00  0.0000E+00  0.0000E+00  0.0000E+00  0.0000E+00  0.0000E+00  0.0000E+00  0.0000E+00  0.0000E+00  0.0000E+00  0.0000E+00  0.0000E+00  0.0000E+00  0.0000E+00  0.0000E+00  0.0000E+00
      8.821  0.0000E+00  0.0000E+00  0.0000E+00  0.0000E+00  0.0000E+00  0.0000E+00  0.0000E+00  0.0000E+00  0.0000E+00  0.0000E+00  0.0000E+00  0.0000E+00  0.0000E+00  0.0000E+00  0.0000E+00  0.0000E+00  0.0000E+00  0.0000E+00
      8.831  0.0000E+00  0.0000E+00  0.0000E+00  0.0000E+00  0.0000E+00  0.0000E+00  0.0000E+00  0.0000E+00  0.0000E+00  0.0000E+00  0.0000E+00  0.0000E+00  0.0000E+00  0.0000E+00  0.0000E+00  0.0000E+00  0.0000E+00  0.0000E+00
      8.841  0.0000E+00  0.0000E+00  0.0000E+00  0.0000E+00  0.0000E+00  0.0000E+00  0.0000E+00  0.0000E+00  0.0000E+00  0.0000E+00  0.0000E+00  0.0000E+00  0.0000E+00  0.0000E+00  0.0000E+00  0.0000E+00  0.0000E+00  0.0000E+00
      8.851  0.0000E+00  0.0000E+00  0.0000E+00  0.0000E+00  0.0000E+00  0.0000E+00  0.0000E+00  0.0000E+00  0.0000E+00  0.0000E+00  0.0000E+00  0.0000E+00  0.0000E+00  0.0000E+00  0.0000E+00  0.0000E+00  0.0000E+00  0.0000E+00
      8.861  0.0000E+00  0.0000E+00  0.0000E+00  0.0000E+00  0.0000E+00  0.0000E+00  0.0000E+00  0.0000E+00  0.0000E+00  0.0000E+00  0.0000E+00  0.0000E+00  0.0000E+00  0.0000E+00  0.0000E+00  0.0000E+00  0.0000E+00  0.0000E+00
      8.871  0.0000E+00  0.0000E+00  0.0000E+00  0.0000E+00  0.0000E+00  0.0000E+00  0.0000E+00  0.0000E+00  0.0000E+00  0.0000E+00  0.0000E+00  0.0000E+00  0.0000E+00  0.0000E+00  0.0000E+00  0.0000E+00  0.0000E+00  0.0000E+00
      8.881  0.0000E+00  0.0000E+00  0.0000E+00  0.0000E+00  0.0000E+00  0.0000E+00  0.0000E+00  0.0000E+00  0.0000E+00  0.0000E+00  0.0000E+00  0.0000E+00  0.0000E+00  0.0000E+00  0.0000E+00  0.0000E+00  0.0000E+00  0.0000E+00
      8.891  0.0000E+00  0.0000E+00  0.0000E+00  0.0000E+00  0.0000E+00  0.0000E+00  0.0000E+00  0.0000E+00  0.0000E+00  0.0000E+00  0.0000E+00  0.0000E+00  0.0000E+00  0.0000E+00  0.0000E+00  0.0000E+00  0.0000E+00  0.0000E+00
      8.901  0.0000E+00  0.0000E+00  0.0000E+00  0.0000E+00  0.0000E+00  0.0000E+00  0.0000E+00  0.0000E+00  0.0000E+00  0.0000E+00  0.0000E+00  0.0000E+00  0.0000E+00  0.0000E+00  0.0000E+00  0.0000E+00  0.0000E+00  0.0000E+00
      8.911  0.0000E+00  0.0000E+00  0.0000E+00  0.0000E+00  0.0000E+00  0.0000E+00  0.0000E+00  0.0000E+00  0.0000E+00  0.0000E+00  0.0000E+00  0.0000E+00  0.0000E+00  0.0000E+00  0.0000E+00  0.0000E+00  0.0000E+00  0.0000E+00
      8.921  0.0000E+00  0.0000E+00  0.0000E+00  0.0000E+00  0.0000E+00  0.0000E+00  0.0000E+00  0.0000E+00  0.0000E+00  0.0000E+00  0.0000E+00  0.0000E+00  0.0000E+00  0.0000E+00  0.0000E+00  0.0000E+00  0.0000E+00  0.0000E+00
      8.931  0.0000E+00  0.0000E+00  0.0000E+00  0.0000E+00  0.0000E+00  0.0000E+00  0.0000E+00  0.0000E+00  0.0000E+00  0.0000E+00  0.0000E+00  0.0000E+00  0.0000E+00  0.0000E+00  0.0000E+00  0.0000E+00  0.0000E+00  0.0000E+00
      8.941  0.0000E+00  0.0000E+00  0.0000E+00  0.0000E+00  0.0000E+00  0.0000E+00  0.0000E+00  0.0000E+00  0.0000E+00  0.0000E+00  0.0000E+00  0.0000E+00  0.0000E+00  0.0000E+00  0.0000E+00  0.0000E+00  0.0000E+00  0.0000E+00
      8.951  0.0000E+00  0.0000E+00  0.0000E+00  0.0000E+00  0.0000E+00  0.0000E+00  0.0000E+00  0.0000E+00  0.0000E+00  0.0000E+00  0.0000E+00  0.0000E+00  0.0000E+00  0.0000E+00  0.0000E+00  0.0000E+00  0.0000E+00  0.0000E+00
      8.961  0.0000E+00  0.0000E+00  0.0000E+00  0.0000E+00  0.0000E+00  0.0000E+00  0.0000E+00  0.0000E+00  0.0000E+00  0.0000E+00  0.0000E+00  0.0000E+00  0.0000E+00  0.0000E+00  0.0000E+00  0.0000E+00  0.0000E+00  0.0000E+00
      8.971  0.0000E+00  0.0000E+00  0.0000E+00  0.0000E+00  0.0000E+00  0.0000E+00  0.0000E+00  0.0000E+00  0.0000E+00  0.0000E+00  0.0000E+00  0.0000E+00  0.0000E+00  0.0000E+00  0.0000E+00  0.0000E+00  0.0000E+00  0.0000E+00
      8.981  0.0000E+00  0.0000E+00  0.0000E+00  0.0000E+00  0.0000E+00  0.0000E+00  0.0000E+00  0.0000E+00  0.0000E+00  0.0000E+00  0.0000E+00  0.0000E+00  0.0000E+00  0.0000E+00  0.0000E+00  0.0000E+00  0.0000E+00  0.0000E+00
      8.991  0.0000E+00  0.0000E+00  0.0000E+00  0.0000E+00  0.0000E+00  0.0000E+00  0.0000E+00  0.0000E+00  0.0000E+00  0.0000E+00  0.0000E+00  0.0000E+00  0.0000E+00  0.0000E+00  0.0000E+00  0.0000E+00  0.0000E+00  0.0000E+00
      9.001  0.0000E+00  0.0000E+00  0.0000E+00  0.0000E+00  0.0000E+00  0.0000E+00  0.0000E+00  0.0000E+00  0.0000E+00  0.0000E+00  0.0000E+00  0.0000E+00  0.0000E+00  0.0000E+00  0.0000E+00  0.0000E+00  0.0000E+00  0.0000E+00
      9.011  0.0000E+00  0.0000E+00  0.0000E+00  0.0000E+00  0.0000E+00  0.0000E+00  0.0000E+00  0.0000E+00  0.0000E+00  0.0000E+00  0.0000E+00  0.0000E+00  0.0000E+00  0.0000E+00  0.0000E+00  0.0000E+00  0.0000E+00  0.0000E+00
      9.021  0.0000E+00  0.0000E+00  0.0000E+00  0.0000E+00  0.0000E+00  0.0000E+00  0.0000E+00  0.0000E+00  0.0000E+00  0.0000E+00  0.0000E+00  0.0000E+00  0.0000E+00  0.0000E+00  0.0000E+00  0.0000E+00  0.0000E+00  0.0000E+00
      9.031  0.0000E+00  0.0000E+00  0.0000E+00  0.0000E+00  0.0000E+00  0.0000E+00  0.0000E+00  0.0000E+00  0.0000E+00  0.0000E+00  0.0000E+00  0.0000E+00  0.0000E+00  0.0000E+00  0.0000E+00  0.0000E+00  0.0000E+00  0.0000E+00
      9.041  0.0000E+00  0.0000E+00  0.0000E+00  0.0000E+00  0.0000E+00  0.0000E+00  0.0000E+00  0.0000E+00  0.0000E+00  0.0000E+00  0.0000E+00  0.0000E+00  0.0000E+00  0.0000E+00  0.0000E+00  0.0000E+00  0.0000E+00  0.0000E+00
      9.051  0.0000E+00  0.0000E+00  0.0000E+00  0.0000E+00  0.0000E+00  0.0000E+00  0.0000E+00  0.0000E+00  0.0000E+00  0.0000E+00  0.0000E+00  0.0000E+00  0.0000E+00  0.0000E+00  0.0000E+00  0.0000E+00  0.0000E+00  0.0000E+00
      9.061  0.0000E+00  0.0000E+00  0.0000E+00  0.0000E+00  0.0000E+00  0.0000E+00  0.0000E+00  0.0000E+00  0.0000E+00  0.0000E+00  0.0000E+00  0.0000E+00  0.0000E+00  0.0000E+00  0.0000E+00  0.0000E+00  0.0000E+00  0.0000E+00
      9.071  0.0000E+00  0.0000E+00  0.0000E+00  0.0000E+00  0.0000E+00  0.0000E+00  0.0000E+00  0.0000E+00  0.0000E+00  0.0000E+00  0.0000E+00  0.0000E+00  0.0000E+00  0.0000E+00  0.0000E+00  0.0000E+00  0.0000E+00  0.0000E+00
      9.081  0.0000E+00  0.0000E+00  0.0000E+00  0.0000E+00  0.0000E+00  0.0000E+00  0.0000E+00  0.0000E+00  0.0000E+00  0.0000E+00  0.0000E+00  0.0000E+00  0.0000E+00  0.0000E+00  0.0000E+00  0.0000E+00  0.0000E+00  0.0000E+00
      9.091  0.0000E+00  0.0000E+00  0.0000E+00  0.0000E+00  0.0000E+00  0.0000E+00  0.0000E+00  0.0000E+00  0.0000E+00  0.0000E+00  0.0000E+00  0.0000E+00  0.0000E+00  0.0000E+00  0.0000E+00  0.0000E+00  0.0000E+00  0.0000E+00
      9.101  0.0000E+00  0.0000E+00  0.0000E+00  0.0000E+00  0.0000E+00  0.0000E+00  0.0000E+00  0.0000E+00  0.0000E+00  0.0000E+00  0.0000E+00  0.0000E+00  0.0000E+00  0.0000E+00  0.0000E+00  0.0000E+00  0.0000E+00  0.0000E+00
      9.111  0.0000E+00  0.0000E+00  0.0000E+00  0.0000E+00  0.0000E+00  0.0000E+00  0.0000E+00  0.0000E+00  0.0000E+00  0.0000E+00  0.0000E+00  0.0000E+00  0.0000E+00  0.0000E+00  0.0000E+00  0.0000E+00  0.0000E+00  0.0000E+00
      9.121  0.0000E+00  0.0000E+00  0.0000E+00  0.0000E+00  0.0000E+00  0.0000E+00  0.0000E+00  0.0000E+00  0.0000E+00  0.0000E+00  0.0000E+00  0.0000E+00  0.0000E+00  0.0000E+00  0.0000E+00  0.0000E+00  0.0000E+00  0.0000E+00
      9.131  0.0000E+00  0.0000E+00  0.0000E+00  0.0000E+00  0.0000E+00  0.0000E+00  0.0000E+00  0.0000E+00  0.0000E+00  0.0000E+00  0.0000E+00  0.0000E+00  0.0000E+00  0.0000E+00  0.0000E+00  0.0000E+00  0.0000E+00  0.0000E+00
      9.141  0.0000E+00  0.0000E+00  0.0000E+00  0.0000E+00  0.0000E+00  0.0000E+00  0.0000E+00  0.0000E+00  0.0000E+00  0.0000E+00  0.0000E+00  0.0000E+00  0.0000E+00  0.0000E+00  0.0000E+00  0.0000E+00  0.0000E+00  0.0000E+00
      9.151  0.0000E+00  0.0000E+00  0.0000E+00  0.0000E+00  0.0000E+00  0.0000E+00  0.0000E+00  0.0000E+00  0.0000E+00  0.0000E+00  0.0000E+00  0.0000E+00  0.0000E+00  0.0000E+00  0.0000E+00  0.0000E+00  0.0000E+00  0.0000E+00
      9.161  0.0000E+00  0.0000E+00  0.0000E+00  0.0000E+00  0.0000E+00  0.0000E+00  0.0000E+00  0.0000E+00  0.0000E+00  0.0000E+00  0.0000E+00  0.0000E+00  0.0000E+00  0.0000E+00  0.0000E+00  0.0000E+00  0.0000E+00  0.0000E+00
      9.171  0.0000E+00  0.0000E+00  0.0000E+00  0.0000E+00  0.0000E+00  0.0000E+00  0.0000E+00  0.0000E+00  0.0000E+00  0.0000E+00  0.0000E+00  0.0000E+00  0.0000E+00  0.0000E+00  0.0000E+00  0.0000E+00  0.0000E+00  0.0000E+00
      9.181  0.0000E+00  0.0000E+00  0.0000E+00  0.0000E+00  0.0000E+00  0.0000E+00  0.0000E+00  0.0000E+00  0.0000E+00  0.0000E+00  0.0000E+00  0.0000E+00  0.0000E+00  0.0000E+00  0.0000E+00  0.0000E+00  0.0000E+00  0.0000E+00
      9.191  0.0000E+00  0.0000E+00  0.0000E+00  0.0000E+00  0.0000E+00  0.0000E+00  0.0000E+00  0.0000E+00  0.0000E+00  0.0000E+00  0.0000E+00  0.0000E+00  0.0000E+00  0.0000E+00  0.0000E+00  0.0000E+00  0.0000E+00  0.0000E+00
      9.201  0.0000E+00  0.0000E+00  0.0000E+00  0.0000E+00  0.0000E+00  0.0000E+00  0.0000E+00  0.0000E+00  0.0000E+00  0.0000E+00  0.0000E+00  0.0000E+00  0.0000E+00  0.0000E+00  0.0000E+00  0.0000E+00  0.0000E+00  0.0000E+00
      9.211  0.0000E+00  0.0000E+00  0.0000E+00  0.0000E+00  0.0000E+00  0.0000E+00  0.0000E+00  0.0000E+00  0.0000E+00  0.0000E+00  0.0000E+00  0.0000E+00  0.0000E+00  0.0000E+00  0.0000E+00  0.0000E+00  0.0000E+00  0.0000E+00
      9.221  0.0000E+00  0.0000E+00  0.0000E+00  0.0000E+00  0.0000E+00  0.0000E+00  0.0000E+00  0.0000E+00  0.0000E+00  0.0000E+00  0.0000E+00  0.0000E+00  0.0000E+00  0.0000E+00  0.0000E+00  0.0000E+00  0.0000E+00  0.0000E+00
      9.231  0.0000E+00  0.0000E+00  0.0000E+00  0.0000E+00  0.0000E+00  0.0000E+00  0.0000E+00  0.0000E+00  0.0000E+00  0.0000E+00  0.0000E+00  0.0000E+00  0.0000E+00  0.0000E+00  0.0000E+00  0.0000E+00  0.0000E+00  0.0000E+00
      9.241  0.0000E+00  0.0000E+00  0.0000E+00  0.0000E+00  0.0000E+00  0.0000E+00  0.0000E+00  0.0000E+00  0.0000E+00  0.0000E+00  0.0000E+00  0.0000E+00  0.0000E+00  0.0000E+00  0.0000E+00  0.0000E+00  0.0000E+00  0.0000E+00
      9.251  0.0000E+00  0.0000E+00  0.0000E+00  0.0000E+00  0.0000E+00  0.0000E+00  0.0000E+00  0.0000E+00  0.0000E+00  0.0000E+00  0.0000E+00  0.0000E+00  0.0000E+00  0.0000E+00  0.0000E+00  0.0000E+00  0.0000E+00  0.0000E+00
      9.261  0.0000E+00  0.0000E+00  0.0000E+00  0.0000E+00  0.0000E+00  0.0000E+00  0.0000E+00  0.0000E+00  0.0000E+00  0.0000E+00  0.0000E+00  0.0000E+00  0.0000E+00  0.0000E+00  0.0000E+00  0.0000E+00  0.0000E+00  0.0000E+00
      9.271  0.0000E+00  0.0000E+00  0.0000E+00  0.0000E+00  0.0000E+00  0.0000E+00  0.0000E+00  0.0000E+00  0.0000E+00  0.0000E+00  0.0000E+00  0.0000E+00  0.0000E+00  0.0000E+00  0.0000E+00  0.0000E+00  0.0000E+00  0.0000E+00
      9.281  0.0000E+00  0.0000E+00  0.0000E+00  0.0000E+00  0.0000E+00  0.0000E+00  0.0000E+00  0.0000E+00  0.0000E+00  0.0000E+00  0.0000E+00  0.0000E+00  0.0000E+00  0.0000E+00  0.0000E+00  0.0000E+00  0.0000E+00  0.0000E+00
      9.291  0.0000E+00  0.0000E+00  0.0000E+00  0.0000E+00  0.0000E+00  0.0000E+00  0.0000E+00  0.0000E+00  0.0000E+00  0.0000E+00  0.0000E+00  0.0000E+00  0.0000E+00  0.0000E+00  0.0000E+00  0.0000E+00  0.0000E+00  0.0000E+00
      9.301  0.0000E+00  0.0000E+00  0.0000E+00  0.0000E+00  0.0000E+00  0.0000E+00  0.0000E+00  0.0000E+00  0.0000E+00  0.0000E+00  0.0000E+00  0.0000E+00  0.0000E+00  0.0000E+00  0.0000E+00  0.0000E+00  0.0000E+00  0.0000E+00
      9.311  0.0000E+00  0.0000E+00  0.0000E+00  0.0000E+00  0.0000E+00  0.0000E+00  0.0000E+00  0.0000E+00  0.0000E+00  0.0000E+00  0.0000E+00  0.0000E+00  0.0000E+00  0.0000E+00  0.0000E+00  0.0000E+00  0.0000E+00  0.0000E+00
      9.321  0.0000E+00  0.0000E+00  0.0000E+00  0.0000E+00  0.0000E+00  0.0000E+00  0.0000E+00  0.0000E+00  0.0000E+00  0.0000E+00  0.0000E+00  0.0000E+00  0.0000E+00  0.0000E+00  0.0000E+00  0.0000E+00  0.0000E+00  0.0000E+00
      9.331  0.0000E+00  0.0000E+00  0.0000E+00  0.0000E+00  0.0000E+00  0.0000E+00  0.0000E+00  0.0000E+00  0.0000E+00  0.0000E+00  0.0000E+00  0.0000E+00  0.0000E+00  0.0000E+00  0.0000E+00  0.0000E+00  0.0000E+00  0.0000E+00
      9.341  0.0000E+00  0.0000E+00  0.0000E+00  0.0000E+00  0.0000E+00  0.0000E+00  0.0000E+00  0.0000E+00  0.0000E+00  0.0000E+00  0.0000E+00  0.0000E+00  0.0000E+00  0.0000E+00  0.0000E+00  0.0000E+00  0.0000E+00  0.0000E+00
      9.351  0.0000E+00  0.0000E+00  0.0000E+00  0.0000E+00  0.0000E+00  0.0000E+00  0.0000E+00  0.0000E+00  0.0000E+00  0.0000E+00  0.0000E+00  0.0000E+00  0.0000E+00  0.0000E+00  0.0000E+00  0.0000E+00  0.0000E+00  0.0000E+00
      9.361  0.0000E+00  0.0000E+00  0.0000E+00  0.0000E+00  0.0000E+00  0.0000E+00  0.0000E+00  0.0000E+00  0.0000E+00  0.0000E+00  0.0000E+00  0.0000E+00  0.0000E+00  0.0000E+00  0.0000E+00  0.0000E+00  0.0000E+00  0.0000E+00
      9.371  0.0000E+00  0.0000E+00  0.0000E+00  0.0000E+00  0.0000E+00  0.0000E+00  0.0000E+00  0.0000E+00  0.0000E+00  0.0000E+00  0.0000E+00  0.0000E+00  0.0000E+00  0.0000E+00  0.0000E+00  0.0000E+00  0.0000E+00  0.0000E+00
      9.381  0.0000E+00  0.0000E+00  0.0000E+00  0.0000E+00  0.0000E+00  0.0000E+00  0.0000E+00  0.0000E+00  0.0000E+00  0.0000E+00  0.0000E+00  0.0000E+00  0.0000E+00  0.0000E+00  0.0000E+00  0.0000E+00  0.0000E+00  0.0000E+00
      9.391  0.0000E+00  0.0000E+00  0.0000E+00  0.0000E+00  0.0000E+00  0.0000E+00  0.0000E+00  0.0000E+00  0.0000E+00  0.0000E+00  0.0000E+00  0.0000E+00  0.0000E+00  0.0000E+00  0.0000E+00  0.0000E+00  0.0000E+00  0.0000E+00
      9.401  0.0000E+00  0.0000E+00  0.0000E+00  0.0000E+00  0.0000E+00  0.0000E+00  0.0000E+00  0.0000E+00  0.0000E+00  0.0000E+00  0.0000E+00  0.0000E+00  0.0000E+00  0.0000E+00  0.0000E+00  0.0000E+00  0.0000E+00  0.0000E+00
      9.411  0.0000E+00  0.0000E+00  0.0000E+00  0.0000E+00  0.0000E+00  0.0000E+00  0.0000E+00  0.0000E+00  0.0000E+00  0.0000E+00  0.0000E+00  0.0000E+00  0.0000E+00  0.0000E+00  0.0000E+00  0.0000E+00  0.0000E+00  0.0000E+00
      9.421  0.0000E+00  0.0000E+00  0.0000E+00  0.0000E+00  0.0000E+00  0.0000E+00  0.0000E+00  0.0000E+00  0.0000E+00  0.0000E+00  0.0000E+00  0.0000E+00  0.0000E+00  0.0000E+00  0.0000E+00  0.0000E+00  0.0000E+00  0.0000E+00
      9.431  0.0000E+00  0.0000E+00  0.0000E+00  0.0000E+00  0.0000E+00  0.0000E+00  0.0000E+00  0.0000E+00  0.0000E+00  0.0000E+00  0.0000E+00  0.0000E+00  0.0000E+00  0.0000E+00  0.0000E+00  0.0000E+00  0.0000E+00  0.0000E+00
      9.441  0.0000E+00  0.0000E+00  0.0000E+00  0.0000E+00  0.0000E+00  0.0000E+00  0.0000E+00  0.0000E+00  0.0000E+00  0.0000E+00  0.0000E+00  0.0000E+00  0.0000E+00  0.0000E+00  0.0000E+00  0.0000E+00  0.0000E+00  0.0000E+00
      9.451  0.0000E+00  0.0000E+00  0.0000E+00  0.0000E+00  0.0000E+00  0.0000E+00  0.0000E+00  0.0000E+00  0.0000E+00  0.0000E+00  0.0000E+00  0.0000E+00  0.0000E+00  0.0000E+00  0.0000E+00  0.0000E+00  0.0000E+00  0.0000E+00
      9.461  0.0000E+00  0.0000E+00  0.0000E+00  0.0000E+00  0.0000E+00  0.0000E+00  0.0000E+00  0.0000E+00  0.0000E+00  0.0000E+00  0.0000E+00  0.0000E+00  0.0000E+00  0.0000E+00  0.0000E+00  0.0000E+00  0.0000E+00  0.0000E+00
      9.471  0.0000E+00  0.0000E+00  0.0000E+00  0.0000E+00  0.0000E+00  0.0000E+00  0.0000E+00  0.0000E+00  0.0000E+00  0.0000E+00  0.0000E+00  0.0000E+00  0.0000E+00  0.0000E+00  0.0000E+00  0.0000E+00  0.0000E+00  0.0000E+00
      9.481  0.0000E+00  0.0000E+00  0.0000E+00  0.0000E+00  0.0000E+00  0.0000E+00  0.0000E+00  0.0000E+00  0.0000E+00  0.0000E+00  0.0000E+00  0.0000E+00  0.0000E+00  0.0000E+00  0.0000E+00  0.0000E+00  0.0000E+00  0.0000E+00
      9.491  0.0000E+00  0.0000E+00  0.0000E+00  0.0000E+00  0.0000E+00  0.0000E+00  0.0000E+00  0.0000E+00  0.0000E+00  0.0000E+00  0.0000E+00  0.0000E+00  0.0000E+00  0.0000E+00  0.0000E+00  0.0000E+00  0.0000E+00  0.0000E+00
      9.501  0.0000E+00  0.0000E+00  0.0000E+00  0.0000E+00  0.0000E+00  0.0000E+00  0.0000E+00  0.0000E+00  0.0000E+00  0.0000E+00  0.0000E+00  0.0000E+00  0.0000E+00  0.0000E+00  0.0000E+00  0.0000E+00  0.0000E+00  0.0000E+00
      9.511  0.0000E+00  0.0000E+00  0.0000E+00  0.0000E+00  0.0000E+00  0.0000E+00  0.0000E+00  0.0000E+00  0.0000E+00  0.0000E+00  0.0000E+00  0.0000E+00  0.0000E+00  0.0000E+00  0.0000E+00  0.0000E+00  0.0000E+00  0.0000E+00
      9.521  0.0000E+00  0.0000E+00  0.0000E+00  0.0000E+00  0.0000E+00  0.0000E+00  0.0000E+00  0.0000E+00  0.0000E+00  0.0000E+00  0.0000E+00  0.0000E+00  0.0000E+00  0.0000E+00  0.0000E+00  0.0000E+00  0.0000E+00  0.0000E+00
      9.532  0.0000E+00  0.0000E+00  0.0000E+00  0.0000E+00  0.0000E+00  0.0000E+00  0.0000E+00  0.0000E+00  0.0000E+00  0.0000E+00  0.0000E+00  0.0000E+00  0.0000E+00  0.0000E+00  0.0000E+00  0.0000E+00  0.0000E+00  0.0000E+00
      9.542  0.0000E+00  0.0000E+00  0.0000E+00  0.0000E+00  0.0000E+00  0.0000E+00  0.0000E+00  0.0000E+00  0.0000E+00  0.0000E+00  0.0000E+00  0.0000E+00  0.0000E+00  0.0000E+00  0.0000E+00  0.0000E+00  0.0000E+00  0.0000E+00
      9.552  0.0000E+00  0.0000E+00  0.0000E+00  0.0000E+00  0.0000E+00  0.0000E+00  0.0000E+00  0.0000E+00  0.0000E+00  0.0000E+00  0.0000E+00  0.0000E+00  0.0000E+00  0.0000E+00  0.0000E+00  0.0000E+00  0.0000E+00  0.0000E+00
      9.562  0.0000E+00  0.0000E+00  0.0000E+00  0.0000E+00  0.0000E+00  0.0000E+00  0.0000E+00  0.0000E+00  0.0000E+00  0.0000E+00  0.0000E+00  0.0000E+00  0.0000E+00  0.0000E+00  0.0000E+00  0.0000E+00  0.0000E+00  0.0000E+00
      9.572  0.0000E+00  0.0000E+00  0.0000E+00  0.0000E+00  0.0000E+00  0.0000E+00  0.0000E+00  0.0000E+00  0.0000E+00  0.0000E+00  0.0000E+00  0.0000E+00  0.0000E+00  0.0000E+00  0.0000E+00  0.0000E+00  0.0000E+00  0.0000E+00
      9.582  0.0000E+00  0.0000E+00  0.0000E+00  0.0000E+00  0.0000E+00  0.0000E+00  0.0000E+00  0.0000E+00  0.0000E+00  0.0000E+00  0.0000E+00  0.0000E+00  0.0000E+00  0.0000E+00  0.0000E+00  0.0000E+00  0.0000E+00  0.0000E+00
      9.592  0.0000E+00  0.0000E+00  0.0000E+00  0.0000E+00  0.0000E+00  0.0000E+00  0.0000E+00  0.0000E+00  0.0000E+00  0.0000E+00  0.0000E+00  0.0000E+00  0.0000E+00  0.0000E+00  0.0000E+00  0.0000E+00  0.0000E+00  0.0000E+00
      9.602  0.0000E+00  0.0000E+00  0.0000E+00  0.0000E+00  0.0000E+00  0.0000E+00  0.0000E+00  0.0000E+00  0.0000E+00  0.0000E+00  0.0000E+00  0.0000E+00  0.0000E+00  0.0000E+00  0.0000E+00  0.0000E+00  0.0000E+00  0.0000E+00
      9.612  0.0000E+00  0.0000E+00  0.0000E+00  0.0000E+00  0.0000E+00  0.0000E+00  0.0000E+00  0.0000E+00  0.0000E+00  0.0000E+00  0.0000E+00  0.0000E+00  0.0000E+00  0.0000E+00  0.0000E+00  0.0000E+00  0.0000E+00  0.0000E+00
      9.622  0.0000E+00  0.0000E+00  0.0000E+00  0.0000E+00  0.0000E+00  0.0000E+00  0.0000E+00  0.0000E+00  0.0000E+00  0.0000E+00  0.0000E+00  0.0000E+00  0.0000E+00  0.0000E+00  0.0000E+00  0.0000E+00  0.0000E+00  0.0000E+00
      9.632  0.0000E+00  0.0000E+00  0.0000E+00  0.0000E+00  0.0000E+00  0.0000E+00  0.0000E+00  0.0000E+00  0.0000E+00  0.0000E+00  0.0000E+00  0.0000E+00  0.0000E+00  0.0000E+00  0.0000E+00  0.0000E+00  0.0000E+00  0.0000E+00
      9.642  0.0000E+00  0.0000E+00  0.0000E+00  0.0000E+00  0.0000E+00  0.0000E+00  0.0000E+00  0.0000E+00  0.0000E+00  0.0000E+00  0.0000E+00  0.0000E+00  0.0000E+00  0.0000E+00  0.0000E+00  0.0000E+00  0.0000E+00  0.0000E+00
      9.652  0.0000E+00  0.0000E+00  0.0000E+00  0.0000E+00  0.0000E+00  0.0000E+00  0.0000E+00  0.0000E+00  0.0000E+00  0.0000E+00  0.0000E+00  0.0000E+00  0.0000E+00  0.0000E+00  0.0000E+00  0.0000E+00  0.0000E+00  0.0000E+00
      9.662  0.0000E+00  0.0000E+00  0.0000E+00  0.0000E+00  0.0000E+00  0.0000E+00  0.0000E+00  0.0000E+00  0.0000E+00  0.0000E+00  0.0000E+00  0.0000E+00  0.0000E+00  0.0000E+00  0.0000E+00  0.0000E+00  0.0000E+00  0.0000E+00
      9.672  0.0000E+00  0.0000E+00  0.0000E+00  0.0000E+00  0.0000E+00  0.0000E+00  0.0000E+00  0.0000E+00  0.0000E+00  0.0000E+00  0.0000E+00  0.0000E+00  0.0000E+00  0.0000E+00  0.0000E+00  0.0000E+00  0.0000E+00  0.0000E+00
      9.682  0.0000E+00  0.0000E+00  0.0000E+00  0.0000E+00  0.0000E+00  0.0000E+00  0.0000E+00  0.0000E+00  0.0000E+00  0.0000E+00  0.0000E+00  0.0000E+00  0.0000E+00  0.0000E+00  0.0000E+00  0.0000E+00  0.0000E+00  0.0000E+00
      9.692  0.0000E+00  0.0000E+00  0.0000E+00  0.0000E+00  0.0000E+00  0.0000E+00  0.0000E+00  0.0000E+00  0.0000E+00  0.0000E+00  0.0000E+00  0.0000E+00  0.0000E+00  0.0000E+00  0.0000E+00  0.0000E+00  0.0000E+00  0.0000E+00
      9.702  0.0000E+00  0.0000E+00  0.0000E+00  0.0000E+00  0.0000E+00  0.0000E+00  0.0000E+00  0.0000E+00  0.0000E+00  0.0000E+00  0.0000E+00  0.0000E+00  0.0000E+00  0.0000E+00  0.0000E+00  0.0000E+00  0.0000E+00  0.0000E+00
      9.712  0.0000E+00  0.0000E+00  0.0000E+00  0.0000E+00  0.0000E+00  0.0000E+00  0.0000E+00  0.0000E+00  0.0000E+00  0.0000E+00  0.0000E+00  0.0000E+00  0.0000E+00  0.0000E+00  0.0000E+00  0.0000E+00  0.0000E+00  0.0000E+00
      9.722  0.0000E+00  0.0000E+00  0.0000E+00  0.0000E+00  0.0000E+00  0.0000E+00  0.0000E+00  0.0000E+00  0.0000E+00  0.0000E+00  0.0000E+00  0.0000E+00  0.0000E+00  0.0000E+00  0.0000E+00  0.0000E+00  0.0000E+00  0.0000E+00
      9.732  0.0000E+00  0.0000E+00  0.0000E+00  0.0000E+00  0.0000E+00  0.0000E+00  0.0000E+00  0.0000E+00  0.0000E+00  0.0000E+00  0.0000E+00  0.0000E+00  0.0000E+00  0.0000E+00  0.0000E+00  0.0000E+00  0.0000E+00  0.0000E+00
      9.742  0.0000E+00  0.0000E+00  0.0000E+00  0.0000E+00  0.0000E+00  0.0000E+00  0.0000E+00  0.0000E+00  0.0000E+00  0.0000E+00  0.0000E+00  0.0000E+00  0.0000E+00  0.0000E+00  0.0000E+00  0.0000E+00  0.0000E+00  0.0000E+00
      9.752  0.0000E+00  0.0000E+00  0.0000E+00  0.0000E+00  0.0000E+00  0.0000E+00  0.0000E+00  0.0000E+00  0.0000E+00  0.0000E+00  0.0000E+00  0.0000E+00  0.0000E+00  0.0000E+00  0.0000E+00  0.0000E+00  0.0000E+00  0.0000E+00
      9.762  0.0000E+00  0.0000E+00  0.0000E+00  0.0000E+00  0.0000E+00  0.0000E+00  0.0000E+00  0.0000E+00  0.0000E+00  0.0000E+00  0.0000E+00  0.0000E+00  0.0000E+00  0.0000E+00  0.0000E+00  0.0000E+00  0.0000E+00  0.0000E+00
      9.772  0.0000E+00  0.0000E+00  0.0000E+00  0.0000E+00  0.0000E+00  0.0000E+00  0.0000E+00  0.0000E+00  0.0000E+00  0.0000E+00  0.0000E+00  0.0000E+00  0.0000E+00  0.0000E+00  0.0000E+00  0.0000E+00  0.0000E+00  0.0000E+00
      9.782  0.0000E+00  0.0000E+00  0.0000E+00  0.0000E+00  0.0000E+00  0.0000E+00  0.0000E+00  0.0000E+00  0.0000E+00  0.0000E+00  0.0000E+00  0.0000E+00  0.0000E+00  0.0000E+00  0.0000E+00  0.0000E+00  0.0000E+00  0.0000E+00
      9.792  0.0000E+00  0.0000E+00  0.0000E+00  0.0000E+00  0.0000E+00  0.0000E+00  0.0000E+00  0.0000E+00  0.0000E+00  0.0000E+00  0.0000E+00  0.0000E+00  0.0000E+00  0.0000E+00  0.0000E+00  0.0000E+00  0.0000E+00  0.0000E+00
      9.802  0.0000E+00  0.0000E+00  0.0000E+00  0.0000E+00  0.0000E+00  0.0000E+00  0.0000E+00  0.0000E+00  0.0000E+00  0.0000E+00  0.0000E+00  0.0000E+00  0.0000E+00  0.0000E+00  0.0000E+00  0.0000E+00  0.0000E+00  0.0000E+00
      9.812  0.0000E+00  0.0000E+00  0.0000E+00  0.0000E+00  0.0000E+00  0.0000E+00  0.0000E+00  0.0000E+00  0.0000E+00  0.0000E+00  0.0000E+00  0.0000E+00  0.0000E+00  0.0000E+00  0.0000E+00  0.0000E+00  0.0000E+00  0.0000E+00
      9.822  0.0000E+00  0.0000E+00  0.0000E+00  0.0000E+00  0.0000E+00  0.0000E+00  0.0000E+00  0.0000E+00  0.0000E+00  0.0000E+00  0.0000E+00  0.0000E+00  0.0000E+00  0.0000E+00  0.0000E+00  0.0000E+00  0.0000E+00  0.0000E+00
      9.832  0.0000E+00  0.0000E+00  0.0000E+00  0.0000E+00  0.0000E+00  0.0000E+00  0.0000E+00  0.0000E+00  0.0000E+00  0.0000E+00  0.0000E+00  0.0000E+00  0.0000E+00  0.0000E+00  0.0000E+00  0.0000E+00  0.0000E+00  0.0000E+00
      9.842  0.0000E+00  0.0000E+00  0.0000E+00  0.0000E+00  0.0000E+00  0.0000E+00  0.0000E+00  0.0000E+00  0.0000E+00  0.0000E+00  0.0000E+00  0.0000E+00  0.0000E+00  0.0000E+00  0.0000E+00  0.0000E+00  0.0000E+00  0.0000E+00
      9.852  0.0000E+00  0.0000E+00  0.0000E+00  0.0000E+00  0.0000E+00  0.0000E+00  0.0000E+00  0.0000E+00  0.0000E+00  0.0000E+00  0.0000E+00  0.0000E+00  0.0000E+00  0.0000E+00  0.0000E+00  0.0000E+00  0.0000E+00  0.0000E+00
      9.862  0.0000E+00  0.0000E+00  0.0000E+00  0.0000E+00  0.0000E+00  0.0000E+00  0.0000E+00  0.0000E+00  0.0000E+00  0.0000E+00  0.0000E+00  0.0000E+00  0.0000E+00  0.0000E+00  0.0000E+00  0.0000E+00  0.0000E+00  0.0000E+00
      9.872  0.0000E+00  0.0000E+00  0.0000E+00  0.0000E+00  0.0000E+00  0.0000E+00  0.0000E+00  0.0000E+00  0.0000E+00  0.0000E+00  0.0000E+00  0.0000E+00  0.0000E+00  0.0000E+00  0.0000E+00  0.0000E+00  0.0000E+00  0.0000E+00
      9.882  0.0000E+00  0.0000E+00  0.0000E+00  0.0000E+00  0.0000E+00  0.0000E+00  0.0000E+00  0.0000E+00  0.0000E+00  0.0000E+00  0.0000E+00  0.0000E+00  0.0000E+00  0.0000E+00  0.0000E+00  0.0000E+00  0.0000E+00  0.0000E+00
      9.892  0.0000E+00  0.0000E+00  0.0000E+00  0.0000E+00  0.0000E+00  0.0000E+00  0.0000E+00  0.0000E+00  0.0000E+00  0.0000E+00  0.0000E+00  0.0000E+00  0.0000E+00  0.0000E+00  0.0000E+00  0.0000E+00  0.0000E+00  0.0000E+00
      9.902  0.0000E+00  0.0000E+00  0.0000E+00  0.0000E+00  0.0000E+00  0.0000E+00  0.0000E+00  0.0000E+00  0.0000E+00  0.0000E+00  0.0000E+00  0.0000E+00  0.0000E+00  0.0000E+00  0.0000E+00  0.0000E+00  0.0000E+00  0.0000E+00
      9.912  0.0000E+00  0.0000E+00  0.0000E+00  0.0000E+00  0.0000E+00  0.0000E+00  0.0000E+00  0.0000E+00  0.0000E+00  0.0000E+00  0.0000E+00  0.0000E+00  0.0000E+00  0.0000E+00  0.0000E+00  0.0000E+00  0.0000E+00  0.0000E+00
      9.922  0.0000E+00  0.0000E+00  0.0000E+00  0.0000E+00  0.0000E+00  0.0000E+00  0.0000E+00  0.0000E+00  0.0000E+00  0.0000E+00  0.0000E+00  0.0000E+00  0.0000E+00  0.0000E+00  0.0000E+00  0.0000E+00  0.0000E+00  0.0000E+00
      9.932  0.0000E+00  0.0000E+00  0.0000E+00  0.0000E+00  0.0000E+00  0.0000E+00  0.0000E+00  0.0000E+00  0.0000E+00  0.0000E+00  0.0000E+00  0.0000E+00  0.0000E+00  0.0000E+00  0.0000E+00  0.0000E+00  0.0000E+00  0.0000E+00
      9.942  0.0000E+00  0.0000E+00  0.0000E+00  0.0000E+00  0.0000E+00  0.0000E+00  0.0000E+00  0.0000E+00  0.0000E+00  0.0000E+00  0.0000E+00  0.0000E+00  0.0000E+00  0.0000E+00  0.0000E+00  0.0000E+00  0.0000E+00  0.0000E+00
      9.952  0.0000E+00  0.0000E+00  0.0000E+00  0.0000E+00  0.0000E+00  0.0000E+00  0.0000E+00  0.0000E+00  0.0000E+00  0.0000E+00  0.0000E+00  0.0000E+00  0.0000E+00  0.0000E+00  0.0000E+00  0.0000E+00  0.0000E+00  0.0000E+00
      9.962  0.0000E+00  0.0000E+00  0.0000E+00  0.0000E+00  0.0000E+00  0.0000E+00  0.0000E+00  0.0000E+00  0.0000E+00  0.0000E+00  0.0000E+00  0.0000E+00  0.0000E+00  0.0000E+00  0.0000E+00  0.0000E+00  0.0000E+00  0.0000E+00
      9.972  0.0000E+00  0.0000E+00  0.0000E+00  0.0000E+00  0.0000E+00  0.0000E+00  0.0000E+00  0.0000E+00  0.0000E+00  0.0000E+00  0.0000E+00  0.0000E+00  0.0000E+00  0.0000E+00  0.0000E+00  0.0000E+00  0.0000E+00  0.0000E+00
      9.982  0.0000E+00  0.0000E+00  0.0000E+00  0.0000E+00  0.0000E+00  0.0000E+00  0.0000E+00  0.0000E+00  0.0000E+00  0.0000E+00  0.0000E+00  0.0000E+00  0.0000E+00  0.0000E+00  0.0000E+00  0.0000E+00  0.0000E+00  0.0000E+00
      9.992  0.0000E+00  0.0000E+00  0.0000E+00  0.0000E+00  0.0000E+00  0.0000E+00  0.0000E+00  0.0000E+00  0.0000E+00  0.0000E+00  0.0000E+00  0.0000E+00  0.0000E+00  0.0000E+00  0.0000E+00  0.0000E+00  0.0000E+00  0.0000E+00
      10.002  0.0000E+00  0.0000E+00  0.0000E+00  0.0000E+00  0.0000E+00  0.0000E+00  0.0000E+00  0.0000E+00  0.0000E+00  0.0000E+00  0.0000E+00  0.0000E+00  0.0000E+00  0.0000E+00  0.0000E+00  0.0000E+00  0.0000E+00  0.0000E+00
      10.012  0.0000E+00  0.0000E+00  0.0000E+00  0.0000E+00  0.0000E+00  0.0000E+00  0.0000E+00  0.0000E+00  0.0000E+00  0.0000E+00  0.0000E+00  0.0000E+00  0.0000E+00  0.0000E+00  0.0000E+00  0.0000E+00  0.0000E+00  0.0000E+00
      10.022  0.0000E+00  0.0000E+00  0.0000E+00  0.0000E+00  0.0000E+00  0.0000E+00  0.0000E+00  0.0000E+00  0.0000E+00  0.0000E+00  0.0000E+00  0.0000E+00  0.0000E+00  0.0000E+00  0.0000E+00  0.0000E+00  0.0000E+00  0.0000E+00
      10.032  0.0000E+00  0.0000E+00  0.0000E+00  0.0000E+00  0.0000E+00  0.0000E+00  0.0000E+00  0.0000E+00  0.0000E+00  0.0000E+00  0.0000E+00  0.0000E+00  0.0000E+00  0.0000E+00  0.0000E+00  0.0000E+00  0.0000E+00  0.0000E+00
      10.042  0.0000E+00  0.0000E+00  0.0000E+00  0.0000E+00  0.0000E+00  0.0000E+00  0.0000E+00  0.0000E+00  0.0000E+00  0.0000E+00  0.0000E+00  0.0000E+00  0.0000E+00  0.0000E+00  0.0000E+00  0.0000E+00  0.0000E+00  0.0000E+00
      10.052  0.0000E+00  0.0000E+00  0.0000E+00  0.0000E+00  0.0000E+00  0.0000E+00  0.0000E+00  0.0000E+00  0.0000E+00  0.0000E+00  0.0000E+00  0.0000E+00  0.0000E+00  0.0000E+00  0.0000E+00  0.0000E+00  0.0000E+00  0.0000E+00
      10.062  0.0000E+00  0.0000E+00  0.0000E+00  0.0000E+00  0.0000E+00  0.0000E+00  0.0000E+00  0.0000E+00  0.0000E+00  0.0000E+00  0.0000E+00  0.0000E+00  0.0000E+00  0.0000E+00  0.0000E+00  0.0000E+00  0.0000E+00  0.0000E+00
      10.072  0.0000E+00  0.0000E+00  0.0000E+00  0.0000E+00  0.0000E+00  0.0000E+00  0.0000E+00  0.0000E+00  0.0000E+00  0.0000E+00  0.0000E+00  0.0000E+00  0.0000E+00  0.0000E+00  0.0000E+00  0.0000E+00  0.0000E+00  0.0000E+00
      10.082  0.0000E+00  0.0000E+00  0.0000E+00  0.0000E+00  0.0000E+00  0.0000E+00  0.0000E+00  0.0000E+00  0.0000E+00  0.0000E+00  0.0000E+00  0.0000E+00  0.0000E+00  0.0000E+00  0.0000E+00  0.0000E+00  0.0000E+00  0.0000E+00
      10.092  0.0000E+00  0.0000E+00  0.0000E+00  0.0000E+00  0.0000E+00  0.0000E+00  0.0000E+00  0.0000E+00  0.0000E+00  0.0000E+00  0.0000E+00  0.0000E+00  0.0000E+00  0.0000E+00  0.0000E+00  0.0000E+00  0.0000E+00  0.0000E+00
      10.102  0.0000E+00  0.0000E+00  0.0000E+00  0.0000E+00  0.0000E+00  0.0000E+00  0.0000E+00  0.0000E+00  0.0000E+00  0.0000E+00  0.0000E+00  0.0000E+00  0.0000E+00  0.0000E+00  0.0000E+00  0.0000E+00  0.0000E+00  0.0000E+00
      10.112  0.0000E+00  0.0000E+00  0.0000E+00  0.0000E+00  0.0000E+00  0.0000E+00  0.0000E+00  0.0000E+00  0.0000E+00  0.0000E+00  0.0000E+00  0.0000E+00  0.0000E+00  0.0000E+00  0.0000E+00  0.0000E+00  0.0000E+00  0.0000E+00
      10.122  0.0000E+00  0.0000E+00  0.0000E+00  0.0000E+00  0.0000E+00  0.0000E+00  0.0000E+00  0.0000E+00  0.0000E+00  0.0000E+00  0.0000E+00  0.0000E+00  0.0000E+00  0.0000E+00  0.0000E+00  0.0000E+00  0.0000E+00  0.0000E+00
      10.132  0.0000E+00  0.0000E+00  0.0000E+00  0.0000E+00  0.0000E+00  0.0000E+00  0.0000E+00  0.0000E+00  0.0000E+00  0.0000E+00  0.0000E+00  0.0000E+00  0.0000E+00  0.0000E+00  0.0000E+00  0.0000E+00  0.0000E+00  0.0000E+00
      10.142  0.0000E+00  0.0000E+00  0.0000E+00  0.0000E+00  0.0000E+00  0.0000E+00  0.0000E+00  0.0000E+00  0.0000E+00  0.0000E+00  0.0000E+00  0.0000E+00  0.0000E+00  0.0000E+00  0.0000E+00  0.0000E+00  0.0000E+00  0.0000E+00
      10.152  0.0000E+00  0.0000E+00  0.0000E+00  0.0000E+00  0.0000E+00  0.0000E+00  0.0000E+00  0.0000E+00  0.0000E+00  0.0000E+00  0.0000E+00  0.0000E+00  0.0000E+00  0.0000E+00  0.0000E+00  0.0000E+00  0.0000E+00  0.0000E+00
      10.162  0.0000E+00  0.0000E+00  0.0000E+00  0.0000E+00  0.0000E+00  0.0000E+00  0.0000E+00  0.0000E+00  0.0000E+00  0.0000E+00  0.0000E+00  0.0000E+00  0.0000E+00  0.0000E+00  0.0000E+00  0.0000E+00  0.0000E+00  0.0000E+00
      10.172  0.0000E+00  0.0000E+00  0.0000E+00  0.0000E+00  0.0000E+00  0.0000E+00  0.0000E+00  0.0000E+00  0.0000E+00  0.0000E+00  0.0000E+00  0.0000E+00  0.0000E+00  0.0000E+00  0.0000E+00  0.0000E+00  0.0000E+00  0.0000E+00
      10.182  0.0000E+00  0.0000E+00  0.0000E+00  0.0000E+00  0.0000E+00  0.0000E+00  0.0000E+00  0.0000E+00  0.0000E+00  0.0000E+00  0.0000E+00  0.0000E+00  0.0000E+00  0.0000E+00  0.0000E+00  0.0000E+00  0.0000E+00  0.0000E+00
      10.192  0.0000E+00  0.0000E+00  0.0000E+00  0.0000E+00  0.0000E+00  0.0000E+00  0.0000E+00  0.0000E+00  0.0000E+00  0.0000E+00  0.0000E+00  0.0000E+00  0.0000E+00  0.0000E+00  0.0000E+00  0.0000E+00  0.0000E+00  0.0000E+00
      10.202  0.0000E+00  0.0000E+00  0.0000E+00  0.0000E+00  0.0000E+00  0.0000E+00  0.0000E+00  0.0000E+00  0.0000E+00  0.0000E+00  0.0000E+00  0.0000E+00  0.0000E+00  0.0000E+00  0.0000E+00  0.0000E+00  0.0000E+00  0.0000E+00
      10.212  0.0000E+00  0.0000E+00  0.0000E+00  0.0000E+00  0.0000E+00  0.0000E+00  0.0000E+00  0.0000E+00  0.0000E+00  0.0000E+00  0.0000E+00  0.0000E+00  0.0000E+00  0.0000E+00  0.0000E+00  0.0000E+00  0.0000E+00  0.0000E+00
      10.222  0.0000E+00  0.0000E+00  0.0000E+00  0.0000E+00  0.0000E+00  0.0000E+00  0.0000E+00  0.0000E+00  0.0000E+00  0.0000E+00  0.0000E+00  0.0000E+00  0.0000E+00  0.0000E+00  0.0000E+00  0.0000E+00  0.0000E+00  0.0000E+00
