      7.00000000     -7.00000000 1400     -2.28890772      1.00000000
     -4.711  0.4313E-01  0.2214E-01  0.1521E-03  0.1907E-03  0.9064E-02  0.6544E-02  0.3677E-03  0.3460E-03  0.8442E-03  0.2847E-03  0.6233E-02  0.5516E-02  0.1926E+00  0.5643E-01  0.1605E-01  0.9163E-02  0.1656E-02  0.4073E-04
     -4.701  0.4550E-01  0.2287E-01  0.1750E-03  0.1931E-03  0.9500E-02  0.6755E-02  0.4852E-03  0.3544E-03  0.9641E-03  0.2895E-03  0.7035E-02  0.5640E-02  0.2024E+00  0.5848E-01  0.2112E-01  0.9441E-02  0.2244E-02  0.4062E-04
     -4.691  0.4474E-01  0.1985E-01  0.1847E-03  0.1647E-03  0.9313E-02  0.5853E-02  0.4978E-03  0.3067E-03  0.9876E-03  0.2542E-03  0.7342E-02  0.4843E-02  0.2000E+00  0.5100E-01  0.2175E-01  0.8171E-02  0.2387E-02  0.3846E-04
     -4.681  0.4180E-01  0.1726E-01  0.1790E-03  0.1421E-03  0.8692E-02  0.5082E-02  0.4215E-03  0.2659E-03  0.9200E-03  0.2238E-03  0.7066E-02  0.4189E-02  0.1889E+00  0.4451E-01  0.1864E-01  0.7090E-02  0.2128E-02  0.3596E-04
     -4.671  0.3903E-01  0.1547E-01  0.1726E-03  0.1244E-03  0.8100E-02  0.4550E-02  0.3668E-03  0.2377E-03  0.8599E-03  0.1989E-03  0.6836E-02  0.3689E-02  0.1778E+00  0.4011E-01  0.1643E-01  0.6350E-02  0.1928E-02  0.3661E-04
     -4.661  0.3989E-01  0.1615E-01  0.1776E-03  0.1143E-03  0.8248E-02  0.4755E-02  0.3631E-03  0.2507E-03  0.8774E-03  0.1940E-03  0.6995E-02  0.3491E-02  0.1831E+00  0.4261E-01  0.1648E-01  0.6684E-02  0.2010E-02  0.5572E-04
     -4.651  0.4080E-01  0.1726E-01  0.1837E-03  0.1094E-03  0.8405E-02  0.5086E-02  0.3721E-03  0.2701E-03  0.9101E-03  0.1958E-03  0.7219E-02  0.3436E-02  0.1883E+00  0.4618E-01  0.1701E-01  0.7182E-02  0.2106E-02  0.7878E-04
     -4.641  0.4008E-01  0.1780E-01  0.1882E-03  0.9745E-04  0.8232E-02  0.5261E-02  0.3642E-03  0.2737E-03  0.9234E-03  0.1833E-03  0.7389E-02  0.3154E-02  0.1859E+00  0.4874E-01  0.1672E-01  0.7315E-02  0.2087E-02  0.1088E-03
     -4.631  0.3939E-01  0.2275E-01  0.1943E-03  0.1182E-03  0.8064E-02  0.6712E-02  0.3557E-03  0.3661E-03  0.9410E-03  0.2567E-03  0.7608E-02  0.3925E-02  0.1836E+00  0.6254E-01  0.1639E-01  0.9669E-02  0.2070E-02  0.1671E-03
     -4.621  0.3900E-01  0.2757E-01  0.2050E-03  0.1365E-03  0.7950E-02  0.8132E-02  0.3523E-03  0.4466E-03  0.9633E-03  0.3187E-03  0.7982E-02  0.4638E-02  0.1825E+00  0.7610E-01  0.1636E-01  0.1182E-01  0.2104E-02  0.2127E-03
     -4.611  0.3953E-01  0.2431E-01  0.2162E-03  0.1226E-03  0.8025E-02  0.7180E-02  0.3540E-03  0.3773E-03  0.9899E-03  0.2660E-03  0.8373E-02  0.4097E-02  0.1856E+00  0.6753E-01  0.1659E-01  0.1010E-01  0.2178E-02  0.1850E-03
     -4.601  0.8224E-01  0.2116E-01  0.2892E-03  0.1102E-03  0.1635E-01  0.6255E-02  0.5204E-03  0.3132E-03  0.1161E-02  0.2202E-03  0.1235E-01  0.3609E-02  0.3736E+00  0.5913E-01  0.2595E-01  0.8493E-02  0.2888E-02  0.1558E-03
     -4.591  0.3540E-01  0.1993E-01  0.2370E-03  0.1024E-03  0.7079E-02  0.5882E-02  0.2852E-03  0.2918E-03  0.9495E-03  0.2057E-03  0.9708E-02  0.3322E-02  0.1671E+00  0.5589E-01  0.1359E-01  0.7957E-02  0.1746E-02  0.1515E-03
     -4.581  0.3338E-01  0.2013E-01  0.2348E-03  0.9814E-04  0.6664E-02  0.5919E-02  0.2731E-03  0.2968E-03  0.9245E-03  0.2091E-03  0.9673E-02  0.3193E-02  0.1578E+00  0.5652E-01  0.1300E-01  0.8114E-02  0.1670E-02  0.1609E-03
     -4.571  0.3138E-01  0.1909E-01  0.2321E-03  0.9476E-04  0.6252E-02  0.5607E-02  0.2609E-03  0.2808E-03  0.8968E-03  0.2011E-03  0.9620E-02  0.3047E-02  0.1485E+00  0.5372E-01  0.1240E-01  0.7673E-02  0.1592E-02  0.1548E-03
     -4.561  0.2940E-01  0.1790E-01  0.2288E-03  0.9149E-04  0.5843E-02  0.5252E-02  0.2486E-03  0.2640E-03  0.8664E-03  0.1934E-03  0.9548E-02  0.2893E-02  0.1392E+00  0.5049E-01  0.1180E-01  0.7202E-02  0.1512E-02  0.1481E-03
     -4.551  0.2769E-01  0.1664E-01  0.2279E-03  0.8838E-04  0.5493E-02  0.4869E-02  0.2368E-03  0.2474E-03  0.8487E-03  0.1866E-03  0.9549E-02  0.2735E-02  0.1314E+00  0.4702E-01  0.1123E-01  0.6730E-02  0.1443E-02  0.1416E-03
     -4.541  0.2613E-01  0.1661E-01  0.2278E-03  0.8902E-04  0.5173E-02  0.4842E-02  0.2252E-03  0.2443E-03  0.8359E-03  0.1875E-03  0.9577E-02  0.2741E-02  0.1244E+00  0.4702E-01  0.1067E-01  0.6697E-02  0.1378E-02  0.1398E-03
     -4.531  0.2480E-01  0.1712E-01  0.3161E-03  0.9209E-04  0.4892E-02  0.4969E-02  0.2244E-03  0.2457E-03  0.9601E-03  0.1916E-03  0.1335E-01  0.2839E-02  0.1184E+00  0.4857E-01  0.1056E-01  0.6830E-02  0.1437E-02  0.1387E-03
     -4.521  0.2375E-01  0.1776E-01  0.4899E-03  0.9620E-04  0.4659E-02  0.5132E-02  0.2332E-03  0.2487E-03  0.1212E-02  0.1988E-03  0.2082E-01  0.2970E-02  0.1137E+00  0.5049E-01  0.1088E-01  0.7008E-02  0.1625E-02  0.1378E-03
     -4.511  0.2103E-01  0.2301E-01  0.6298E-03  0.1231E-03  0.4061E-02  0.6559E-02  0.2265E-03  0.3069E-03  0.1271E-02  0.2429E-03  0.2699E-01  0.4004E-02  0.9896E-01  0.6510E-01  0.1067E-01  0.8953E-02  0.1763E-02  0.1463E-03
     -4.501  0.2608E-01  0.2447E-01  0.6890E-03  0.1641E-03  0.4997E-02  0.6935E-02  0.2595E-03  0.3215E-03  0.1552E-02  0.2785E-03  0.3020E-01  0.4909E-02  0.1253E+00  0.6888E-01  0.1223E-01  0.9438E-02  0.1916E-02  0.1583E-03
     -4.491  0.3246E-01  0.2619E-01  0.7418E-03  0.2269E-03  0.6186E-02  0.7373E-02  0.3021E-03  0.3394E-03  0.1865E-02  0.3309E-03  0.3305E-01  0.6227E-02  0.1589E+00  0.7321E-01  0.1432E-01  0.1000E-01  0.2081E-02  0.1808E-03
     -4.481  0.3092E-01  0.2675E-01  0.7608E-03  0.2822E-03  0.5830E-02  0.7473E-02  0.3323E-03  0.3478E-03  0.1740E-02  0.3734E-03  0.3455E-01  0.7312E-02  0.1503E+00  0.7415E-01  0.1606E-01  0.1025E-01  0.2343E-02  0.2016E-03
     -4.471  0.2902E-01  0.2627E-01  0.7897E-03  0.2784E-03  0.5429E-02  0.7274E-02  0.3347E-03  0.3527E-03  0.1613E-02  0.3902E-03  0.3646E-01  0.7324E-02  0.1412E+00  0.7215E-01  0.1638E-01  0.1039E-01  0.2480E-02  0.1928E-03
     -4.461  0.2848E-01  0.2616E-01  0.8534E-03  0.2643E-03  0.5261E-02  0.7181E-02  0.3517E-03  0.3530E-03  0.1633E-02  0.3791E-03  0.3975E-01  0.7187E-02  0.1398E+00  0.7153E-01  0.1739E-01  0.1051E-01  0.2709E-02  0.1797E-03
     -4.451  0.3208E-01  0.2594E-01  0.7680E-03  0.2555E-03  0.5910E-02  0.7067E-02  0.3272E-03  0.3379E-03  0.1774E-02  0.3552E-03  0.3570E-01  0.7174E-02  0.1614E+00  0.7079E-01  0.1626E-01  0.1027E-01  0.2520E-02  0.1590E-03
     -4.441  0.3697E-01  0.2740E-01  0.6763E-03  0.2653E-03  0.6778E-02  0.7441E-02  0.3463E-03  0.3373E-03  0.1856E-02  0.3573E-03  0.3135E-01  0.7642E-02  0.1870E+00  0.7498E-01  0.1739E-01  0.1050E-01  0.2534E-02  0.1456E-03
     -4.431  0.4326E-01  0.3011E-01  0.5555E-03  0.2896E-03  0.7909E-02  0.8160E-02  0.3681E-03  0.3638E-03  0.1877E-02  0.3860E-03  0.2561E-01  0.8425E-02  0.2199E+00  0.8255E-01  0.1873E-01  0.1143E-01  0.2590E-02  0.1577E-03
     -4.421  0.4469E-01  0.2667E-01  0.4634E-03  0.2817E-03  0.8161E-02  0.7198E-02  0.3908E-03  0.3236E-03  0.1744E-02  0.3652E-03  0.2121E-01  0.7974E-02  0.2293E+00  0.7319E-01  0.2016E-01  0.1012E-01  0.2713E-02  0.1658E-03
     -4.411  0.4591E-01  0.2376E-01  0.4007E-03  0.2722E-03  0.8377E-02  0.6380E-02  0.4160E-03  0.2919E-03  0.1623E-02  0.3469E-03  0.1824E-01  0.7565E-02  0.2368E+00  0.6522E-01  0.2166E-01  0.9039E-02  0.2824E-02  0.1745E-03
     -4.401  0.4569E-01  0.2462E-01  0.4266E-03  0.2524E-03  0.8328E-02  0.6609E-02  0.4450E-03  0.2994E-03  0.1862E-02  0.3528E-03  0.1969E-01  0.7313E-02  0.2401E+00  0.6781E-01  0.2306E-01  0.9339E-02  0.3019E-02  0.1592E-03
     -4.391  0.4800E-01  0.2429E-01  0.4912E-03  0.2047E-03  0.8746E-02  0.6518E-02  0.4811E-03  0.2916E-03  0.2138E-02  0.3110E-03  0.2291E-01  0.6392E-02  0.2554E+00  0.6716E-01  0.2495E-01  0.9195E-02  0.3330E-02  0.1307E-03
     -4.381  0.5952E-01  0.2284E-01  0.6335E-03  0.1592E-03  0.1084E-01  0.6125E-02  0.5958E-03  0.2781E-03  0.2903E-02  0.2672E-03  0.2922E-01  0.5387E-02  0.3219E+00  0.6340E-01  0.3101E-01  0.8769E-02  0.4290E-02  0.1085E-03
     -4.371  0.7086E-01  0.1870E-01  0.8246E-03  0.1149E-03  0.1289E-01  0.5005E-02  0.7081E-03  0.2520E-03  0.3780E-02  0.2214E-03  0.3736E-01  0.4091E-02  0.3895E+00  0.5210E-01  0.3729E-01  0.7672E-02  0.5457E-02  0.1012E-03
     -4.361  0.7460E-01  0.1821E-01  0.9699E-03  0.9792E-04  0.1356E-01  0.4888E-02  0.6422E-03  0.2520E-03  0.4028E-02  0.2070E-03  0.4402E-01  0.3688E-02  0.4153E+00  0.5126E-01  0.3475E-01  0.7581E-02  0.5799E-02  0.1038E-03
     -4.351  0.7290E-01  0.1828E-01  0.1044E-02  0.9003E-04  0.1323E-01  0.4911E-02  0.5190E-03  0.2566E-03  0.3914E-02  0.2054E-03  0.4777E-01  0.3522E-02  0.4096E+00  0.5180E-01  0.2919E-01  0.7663E-02  0.5645E-02  0.1069E-03
     -4.341  0.5144E-01  0.1654E-01  0.9004E-03  0.7943E-04  0.9280E-02  0.4434E-02  0.3507E-03  0.2214E-03  0.2834E-02  0.1718E-03  0.4264E-01  0.3115E-02  0.2901E+00  0.4701E-01  0.2065E-01  0.6755E-02  0.4320E-02  0.9137E-04
     -4.331  0.5061E-01  0.1668E-01  0.1043E-02  0.8754E-04  0.9143E-02  0.4454E-02  0.3929E-03  0.2069E-03  0.3181E-02  0.1583E-03  0.4988E-01  0.3129E-02  0.2905E+00  0.4790E-01  0.2284E-01  0.6539E-02  0.4761E-02  0.1024E-03
     -4.321  0.4952E-01  0.1714E-01  0.1203E-02  0.1040E-03  0.8964E-02  0.4565E-02  0.4389E-03  0.2039E-03  0.3569E-02  0.1581E-03  0.5799E-01  0.3284E-02  0.2901E+00  0.4984E-01  0.2522E-01  0.6570E-02  0.5258E-02  0.1285E-03
     -4.311  0.5024E-01  0.1683E-01  0.1706E-02  0.1164E-03  0.9132E-02  0.4477E-02  0.7658E-03  0.1927E-03  0.4809E-02  0.1525E-03  0.8422E-01  0.3277E-02  0.3040E+00  0.4968E-01  0.4290E-01  0.6320E-02  0.7796E-02  0.1546E-03
     -4.301  0.4703E-01  0.1591E-01  0.1979E-02  0.1280E-03  0.8577E-02  0.4234E-02  0.1032E-02  0.1752E-03  0.5784E-02  0.1446E-03  0.9941E-01  0.3187E-02  0.2932E+00  0.4787E-01  0.5651E-01  0.5847E-02  0.9273E-02  0.1839E-03
     -4.291  0.2721E-01  0.1578E-01  0.1005E-02  0.1321E-03  0.4902E-02  0.4207E-02  0.8645E-03  0.1683E-03  0.3230E-02  0.1398E-03  0.5181E-01  0.3172E-02  0.1665E+00  0.4795E-01  0.4676E-01  0.5692E-02  0.6109E-02  0.1916E-03
     -4.281  0.3528E-01  0.1571E-01  0.1038E-02  0.1360E-03  0.6282E-02  0.4196E-02  0.6666E-03  0.1619E-03  0.3662E-02  0.1349E-03  0.5277E-01  0.3159E-02  0.2163E+00  0.4821E-01  0.3617E-01  0.5553E-02  0.5336E-02  0.1989E-03
     -4.271  0.5514E-01  0.1569E-01  0.1534E-02  0.1396E-03  0.9705E-02  0.4202E-02  0.5965E-03  0.1558E-03  0.5356E-02  0.1300E-03  0.7710E-01  0.3147E-02  0.3402E+00  0.4866E-01  0.3276E-01  0.5431E-02  0.6299E-02  0.2058E-03
     -4.261  0.6016E-01  0.1574E-01  0.1561E-02  0.1431E-03  0.1044E-01  0.4223E-02  0.5824E-03  0.1502E-03  0.5382E-02  0.1250E-03  0.7948E-01  0.3138E-02  0.3688E+00  0.4929E-01  0.3217E-01  0.5325E-02  0.6345E-02  0.2123E-03
     -4.251  0.5903E-01  0.1940E-01  0.1393E-02  0.1720E-03  0.1010E-01  0.5232E-02  0.5248E-03  0.1921E-03  0.4769E-02  0.1804E-03  0.7204E-01  0.3798E-02  0.3541E+00  0.6185E-01  0.2909E-01  0.6437E-02  0.5649E-02  0.2857E-03
     -4.241  0.5702E-01  0.2663E-01  0.1227E-02  0.2254E-03  0.9628E-02  0.7220E-02  0.4965E-03  0.2510E-03  0.4203E-02  0.2604E-03  0.6477E-01  0.5125E-02  0.3340E+00  0.8627E-01  0.2746E-01  0.8211E-02  0.5000E-02  0.4026E-03
     -4.231  0.5653E-01  0.3451E-01  0.1084E-02  0.2831E-03  0.9411E-02  0.9395E-02  0.5018E-03  0.2942E-03  0.3696E-02  0.3241E-03  0.5870E-01  0.6524E-02  0.3232E+00  0.1131E+00  0.2773E-01  0.9763E-02  0.4596E-02  0.5149E-03
     -4.221  0.5975E-01  0.3193E-01  0.1102E-02  0.2083E-03  0.9824E-02  0.8793E-02  0.5433E-03  0.2170E-03  0.3598E-02  0.2749E-03  0.6110E-01  0.4167E-02  0.3355E+00  0.1077E+00  0.3008E-01  0.7966E-02  0.4749E-02  0.3811E-03
     -4.211  0.6371E-01  0.1972E-01  0.1134E-02  0.1774E-03  0.1036E-01  0.5413E-02  0.5745E-03  0.1784E-03  0.3542E-02  0.1908E-03  0.6417E-01  0.2787E-02  0.3525E+00  0.6659E-01  0.3187E-01  0.6312E-02  0.4910E-02  0.3209E-03
     -4.201  0.6828E-01  0.1154E-01  0.1170E-02  0.1029E-03  0.1100E-01  0.3127E-02  0.5949E-03  0.1132E-03  0.3499E-02  0.7988E-04  0.6737E-01  0.1567E-02  0.3734E+00  0.3837E-01  0.3307E-01  0.4190E-02  0.5056E-02  0.1826E-03
     -4.191  0.7785E-01  0.1987E-01  0.1149E-02  0.1223E-03  0.1247E-01  0.5167E-02  0.4883E-03  0.2777E-03  0.3547E-02  0.2234E-03  0.6702E-01  0.2269E-02  0.4256E+00  0.6138E-01  0.2693E-01  0.9325E-02  0.4418E-02  0.1977E-03
     -4.181  0.3949E-01  0.2908E-01  0.5511E-03  0.2558E-03  0.6179E-02  0.7520E-02  0.2116E-03  0.4226E-03  0.1423E-02  0.4415E-03  0.3487E-01  0.4469E-02  0.1991E+00  0.9006E-01  0.1197E-01  0.1402E-01  0.1675E-02  0.3437E-03
     -4.171  0.3740E-01  0.3066E-01  0.5142E-03  0.1792E-03  0.5769E-02  0.7830E-02  0.2307E-03  0.4293E-03  0.1237E-02  0.3768E-03  0.3394E-01  0.3589E-02  0.1827E+00  0.9347E-01  0.1305E-01  0.1443E-01  0.1463E-02  0.2934E-03
     -4.161  0.6236E-01  0.3471E-01  0.1232E-02  0.1814E-03  0.9529E-02  0.8836E-02  0.8153E-03  0.4523E-03  0.3198E-02  0.3745E-03  0.8072E-01  0.3787E-02  0.3147E+00  0.1062E+00  0.4665E-01  0.1556E-01  0.5420E-02  0.3418E-03
     -4.151  0.5108E-01  0.3995E-01  0.1656E-02  0.1844E-03  0.7786E-02  0.1013E-01  0.1320E-02  0.4940E-03  0.4713E-02  0.3780E-03  0.1060E+00  0.4036E-02  0.2670E+00  0.1223E+00  0.7694E-01  0.1732E-01  0.8816E-02  0.4049E-03
     -4.141  0.4464E-01  0.4223E-01  0.1480E-02  0.1847E-03  0.6671E-02  0.1070E-01  0.1305E-02  0.4810E-03  0.4451E-02  0.3667E-03  0.9588E-01  0.4165E-02  0.2299E+00  0.1301E+00  0.7653E-01  0.1735E-01  0.7956E-02  0.4148E-03
     -4.131  0.3757E-01  0.4601E-01  0.1244E-02  0.1911E-03  0.5502E-02  0.1166E-01  0.1150E-02  0.4701E-03  0.3410E-02  0.3589E-03  0.8243E-01  0.4334E-02  0.1910E+00  0.1432E+00  0.6816E-01  0.1766E-01  0.6938E-02  0.4249E-03
     -4.121  0.2903E-01  0.5580E-01  0.9268E-03  0.2132E-03  0.4264E-02  0.1412E-01  0.1004E-02  0.5137E-03  0.2519E-02  0.3835E-03  0.6279E-01  0.4984E-02  0.1526E+00  0.1748E+00  0.5980E-01  0.2010E-01  0.5858E-02  0.4746E-03
     -4.111  0.2589E-01  0.5717E-01  0.7776E-03  0.2035E-03  0.3770E-02  0.1442E-01  0.8840E-03  0.5199E-03  0.2037E-02  0.4137E-03  0.5374E-01  0.4835E-02  0.1345E+00  0.1792E+00  0.5293E-01  0.2044E-01  0.5006E-02  0.4627E-03
     -4.101  0.2421E-01  0.3958E-01  0.6906E-03  0.1443E-03  0.3510E-02  0.9916E-02  0.8535E-03  0.3859E-03  0.1819E-02  0.3424E-03  0.4872E-01  0.3464E-02  0.1263E+00  0.1238E+00  0.5146E-01  0.1477E-01  0.4683E-02  0.3225E-03
     -4.091  0.2311E-01  0.1336E+00  0.6452E-03  0.5295E-03  0.3348E-02  0.3226E-01  0.8723E-03  0.1150E-02  0.1757E-02  0.1077E-02  0.4627E-01  0.2345E-01  0.1223E+00  0.3908E+00  0.5293E-01  0.4669E-01  0.4675E-02  0.3854E-03
     -4.081  0.2421E-01  0.2266E+00  0.7087E-03  0.9460E-03  0.3515E-02  0.5430E-01  0.1008E-02  0.2051E-02  0.2059E-02  0.1812E-02  0.5205E-01  0.4052E-01  0.1325E+00  0.6575E+00  0.6192E-01  0.8237E-01  0.5304E-02  0.7089E-03
     -4.071  0.2525E-01  0.1097E+00  0.7832E-03  0.3293E-03  0.3670E-02  0.2651E-01  0.1111E-02  0.1031E-02  0.2364E-02  0.6908E-03  0.5874E-01  0.1400E-01  0.1426E+00  0.3287E+00  0.6926E-01  0.3999E-01  0.5831E-02  0.6879E-03
     -4.061  0.2554E-01  0.9084E-01  0.8217E-03  0.2881E-03  0.3709E-02  0.2187E-01  0.1156E-02  0.8225E-03  0.2571E-02  0.6144E-03  0.6316E-01  0.1244E-01  0.1484E+00  0.2724E+00  0.7328E-01  0.3253E-01  0.5993E-02  0.4743E-03
     -4.051  0.2711E-01  0.8534E-01  0.9819E-03  0.2636E-03  0.3942E-02  0.2051E-01  0.1357E-02  0.7776E-03  0.3126E-02  0.5745E-03  0.7648E-01  0.1160E-01  0.1619E+00  0.2563E+00  0.8703E-01  0.3064E-01  0.7017E-02  0.4514E-03
     -4.041  0.2932E-01  0.7761E-01  0.1228E-02  0.2322E-03  0.4274E-02  0.1863E-01  0.1621E-02  0.7143E-03  0.3909E-02  0.5192E-03  0.9561E-01  0.1036E-01  0.1794E+00  0.2336E+00  0.1046E+00  0.2798E-01  0.8508E-02  0.4248E-03
     -4.031  0.3172E-01  0.5709E-01  0.1493E-02  0.1643E-03  0.4636E-02  0.1369E-01  0.1898E-02  0.5362E-03  0.4747E-02  0.3732E-03  0.1162E+00  0.6931E-02  0.1982E+00  0.1727E+00  0.1230E+00  0.2069E-01  0.1007E-01  0.3720E-03
     -4.021  0.3520E-01  0.4666E-01  0.1906E-02  0.1318E-03  0.5133E-02  0.1118E-01  0.2227E-02  0.4469E-03  0.5794E-02  0.3050E-03  0.1487E+00  0.5355E-02  0.2217E+00  0.1416E+00  0.1448E+00  0.1699E-01  0.1212E-01  0.3393E-03
     -4.010  0.3841E-01  0.3984E-01  0.2297E-02  0.1057E-03  0.5591E-02  0.9536E-02  0.2501E-02  0.3750E-03  0.6829E-02  0.2473E-03  0.1793E+00  0.4382E-02  0.2447E+00  0.1212E+00  0.1629E+00  0.1435E-01  0.1399E-01  0.2865E-03
     -4.000  0.4629E-01  0.3138E-01  0.3175E-02  0.7171E-04  0.6544E-02  0.7500E-02  0.2838E-02  0.2712E-03  0.8281E-02  0.1621E-03  0.2498E+00  0.3143E-02  0.2825E+00  0.9585E-01  0.1861E+00  0.1082E-01  0.1739E-01  0.1991E-03
     -3.990  0.4482E-01  0.2345E-01  0.3414E-02  0.4160E-04  0.6338E-02  0.5590E-02  0.3019E-02  0.1741E-03  0.8522E-02  0.8449E-04  0.2697E+00  0.2059E-02  0.2779E+00  0.7185E-01  0.1990E+00  0.7542E-02  0.1901E-01  0.1095E-03
     -3.980  0.3755E-01  0.1824E-01  0.3343E-02  0.3400E-04  0.5182E-02  0.4327E-02  0.2374E-02  0.1365E-03  0.6693E-02  0.6897E-04  0.2647E+00  0.1805E-02  0.2214E+00  0.5550E-01  0.1599E+00  0.5875E-02  0.1768E-01  0.7126E-04
     -3.970  0.3346E-01  0.2183E-01  0.3198E-02  0.4372E-04  0.4545E-02  0.5120E-02  0.1948E-02  0.1493E-03  0.5577E-02  0.8792E-04  0.2539E+00  0.2412E-02  0.1909E+00  0.6623E-01  0.1332E+00  0.6708E-02  0.1633E-01  0.5452E-04
     -3.960  0.1963E-01  0.6398E-01  0.2347E-02  0.1614E-03  0.2584E-02  0.1477E-01  0.1466E-02  0.4244E-03  0.2934E-02  0.2853E-03  0.1908E+00  0.7759E-02  0.1009E+00  0.1920E+00  0.1028E+00  0.1974E-01  0.1271E-01  0.1857E-03
     -3.950  0.1350E-01  0.9889E-01  0.1915E-02  0.3270E-03  0.1781E-02  0.2265E-01  0.1285E-02  0.6329E-03  0.3036E-02  0.5420E-03  0.1565E+00  0.1483E-01  0.7309E-01  0.2954E+00  0.9183E-01  0.2977E-01  0.1087E-01  0.2899E-03
     -3.940  0.1181E-01  0.1083E+00  0.2832E-02  0.4251E-03  0.1643E-02  0.2468E-01  0.2375E-02  0.6715E-03  0.5422E-02  0.6930E-03  0.2339E+00  0.1856E-01  0.8205E-01  0.3228E+00  0.1720E+00  0.3181E-01  0.1871E-01  0.3151E-03
     -3.930  0.1072E-01  0.1098E+00  0.3702E-02  0.4311E-03  0.1594E-02  0.2496E-01  0.3470E-02  0.6663E-03  0.8102E-02  0.7199E-03  0.3078E+00  0.1890E-01  0.9619E-01  0.3280E+00  0.2523E+00  0.3163E-01  0.2612E-01  0.3158E-03
     -3.920  0.9663E-02  0.1085E+00  0.4689E-02  0.4312E-03  0.1557E-02  0.2458E-01  0.4487E-02  0.6654E-03  0.1155E-01  0.7123E-03  0.3908E+00  0.1883E-01  0.1113E+00  0.3237E+00  0.3265E+00  0.3151E-01  0.3281E-01  0.3192E-03
     -3.910  0.1507E-01  0.1069E+00  0.7038E-02  0.4300E-03  0.2476E-02  0.2415E-01  0.7234E-02  0.6625E-03  0.1898E-01  0.6961E-03  0.5922E+00  0.1869E-01  0.1812E+00  0.3188E+00  0.5278E+00  0.3134E-01  0.5068E-01  0.3248E-03
     -3.900  0.2999E-01  0.9973E-01  0.1421E-01  0.3794E-03  0.4942E-02  0.2253E-01  0.1470E-01  0.6072E-03  0.3676E-01  0.5959E-03  0.1214E+01  0.1658E-01  0.3629E+00  0.2992E+00  0.1083E+01  0.2893E-01  0.1032E+00  0.3225E-03
     -3.890  0.3448E-01  0.8265E-01  0.1555E-01  0.2803E-03  0.5825E-02  0.1877E-01  0.1889E-01  0.5018E-03  0.4772E-01  0.4434E-03  0.1342E+01  0.1204E-01  0.4469E+00  0.2517E+00  0.1393E+01  0.2376E-01  0.1196E+00  0.3053E-03
     -3.880  0.1370E-01  0.5617E-01  0.6304E-02  0.1589E-03  0.2604E-02  0.1293E-01  0.1097E-01  0.3702E-03  0.3868E-01  0.2756E-03  0.5341E+00  0.5917E-02  0.2465E+00  0.1762E+00  0.8001E+00  0.1664E-01  0.5235E-01  0.2900E-03
     -3.870  0.9789E-02  0.3499E-01  0.4338E-02  0.8379E-04  0.1797E-02  0.8149E-02  0.8546E-02  0.2793E-03  0.3419E-01  0.1573E-03  0.3651E+00  0.2047E-02  0.1795E+00  0.1129E+00  0.6247E+00  0.1158E-01  0.3525E-01  0.2771E-03
     -3.860  0.7918E-02  0.2794E-01  0.2962E-02  0.9368E-04  0.1328E-02  0.6460E-02  0.6777E-02  0.2534E-03  0.3028E-01  0.1539E-03  0.2487E+00  0.2048E-02  0.1351E+00  0.8941E-01  0.4968E+00  0.1012E-01  0.2339E-01  0.2881E-03
     -3.850  0.7964E-02  0.2171E-01  0.2829E-02  0.1004E-03  0.1196E-02  0.4960E-02  0.5569E-02  0.2244E-03  0.2612E-01  0.1493E-03  0.2434E+00  0.2319E-02  0.1132E+00  0.6829E-01  0.4120E+00  0.8646E-02  0.1992E-01  0.2903E-03
     -3.840  0.8059E-02  0.1582E-01  0.2837E-02  0.1040E-03  0.1084E-02  0.3547E-02  0.4240E-02  0.1976E-03  0.2144E-01  0.1494E-03  0.2511E+00  0.2569E-02  0.9248E-01  0.4857E-01  0.3183E+00  0.7160E-02  0.1678E-01  0.2926E-03
     -3.830  0.9707E-02  0.1023E-01  0.3616E-02  0.1057E-03  0.1123E-02  0.2250E-02  0.3180E-02  0.1503E-03  0.1919E-01  0.1619E-03  0.3297E+00  0.2852E-02  0.7991E-01  0.3088E-01  0.2451E+00  0.4953E-02  0.1593E-01  0.2606E-03
     -3.820  0.1730E-01  0.6685E-02  0.6370E-02  0.1121E-03  0.1808E-02  0.1433E-02  0.4186E-02  0.1159E-03  0.2896E-01  0.1839E-03  0.5852E+00  0.3202E-02  0.1102E+00  0.1989E-01  0.3248E+00  0.3337E-02  0.2361E-01  0.2373E-03
     -3.810  0.3363E-01  0.8065E-02  0.1167E-01  0.1337E-03  0.3819E-02  0.1729E-02  0.9866E-02  0.1440E-03  0.5780E-01  0.2259E-03  0.1081E+01  0.3771E-02  0.2611E+00  0.2424E-01  0.7669E+00  0.4111E-02  0.4987E-01  0.2900E-03
     -3.800  0.4076E-01  0.9380E-02  0.1626E-01  0.1560E-03  0.4554E-02  0.2012E-02  0.1247E-01  0.1729E-03  0.7042E-01  0.2693E-03  0.1525E+01  0.4343E-02  0.3100E+00  0.2841E-01  0.9867E+00  0.4891E-02  0.7280E-01  0.3447E-03
     -3.790  0.3217E-01  0.1071E-01  0.1063E-01  0.1795E-03  0.3622E-02  0.2297E-02  0.9283E-02  0.2036E-03  0.6803E-01  0.3152E-03  0.9857E+00  0.4936E-02  0.2773E+00  0.3269E-01  0.7169E+00  0.5708E-02  0.3620E-01  0.4034E-03
     -3.780  0.3434E-01  0.1733E-01  0.1184E-01  0.2537E-03  0.3809E-02  0.3779E-02  0.1015E-01  0.3363E-03  0.7973E-01  0.4851E-03  0.1097E+01  0.6431E-02  0.3036E+00  0.5568E-01  0.7839E+00  0.9423E-02  0.3638E-01  0.6463E-03
     -3.770  0.3151E-01  0.2141E-01  0.8219E-02  0.3190E-03  0.3260E-02  0.4691E-02  0.6434E-02  0.4421E-03  0.5267E-01  0.6347E-03  0.7772E+00  0.7760E-02  0.2216E+00  0.7006E-01  0.5029E+00  0.1210E-01  0.2408E-01  0.8501E-03
     -3.760  0.2986E-01  0.2341E-01  0.6519E-02  0.3668E-03  0.2893E-02  0.5148E-02  0.4142E-02  0.4886E-03  0.3739E-01  0.7446E-03  0.6309E+00  0.8624E-02  0.1706E+00  0.7779E-01  0.3297E+00  0.1313E-01  0.1773E-01  0.9433E-03
     -3.750  0.2781E-01  0.2791E-01  0.5528E-02  0.4773E-03  0.2650E-02  0.6214E-02  0.3352E-02  0.6260E-03  0.2936E-01  0.1028E-02  0.5438E+00  0.1029E-01  0.1481E+00  0.9621E-01  0.2717E+00  0.1606E-01  0.1650E-01  0.1215E-02
     -3.740  0.2370E-01  0.3808E-01  0.4496E-02  0.7213E-03  0.2268E-02  0.8535E-02  0.2779E-02  0.9760E-03  0.2274E-01  0.1491E-02  0.4469E+00  0.1416E-01  0.1273E+00  0.1347E+00  0.2286E+00  0.2446E-01  0.1505E-01  0.1976E-02
     -3.730  0.1894E-01  0.5722E-01  0.3412E-02  0.1678E-02  0.1836E-02  0.1259E-01  0.2234E-02  0.1478E-02  0.1630E-01  0.2305E-02  0.3434E+00  0.3737E-01  0.1056E+00  0.1977E+00  0.1873E+00  0.3636E-01  0.1343E-01  0.3838E-02
     -3.720  0.1354E-01  0.4845E-01  0.2275E-02  0.1467E-02  0.1352E-02  0.1051E-01  0.1719E-02  0.1453E-02  0.1003E-01  0.2608E-02  0.2333E+00  0.3254E-01  0.8298E-01  0.1660E+00  0.1479E+00  0.3610E-01  0.1163E-01  0.3091E-02
     -3.710  0.1942E-01  0.2603E-01  0.5232E-02  0.6214E-03  0.2055E-02  0.5766E-02  0.4437E-02  0.8203E-03  0.1797E-01  0.1288E-02  0.5571E+00  0.1234E-01  0.1490E+00  0.9426E-01  0.4085E+00  0.1982E-01  0.3804E-01  0.1648E-02
     -3.700  0.1647E-01  0.2039E-01  0.2478E-02  0.4975E-03  0.1508E-02  0.4464E-02  0.2604E-02  0.6549E-03  0.1155E-01  0.9845E-03  0.2715E+00  0.1028E-01  0.9287E-01  0.7319E-01  0.2403E+00  0.1583E-01  0.1841E-01  0.1362E-02
     -3.690  0.1909E-01  0.1663E-01  0.2025E-02  0.3992E-03  0.1616E-02  0.3601E-02  0.2167E-02  0.5192E-03  0.1490E-01  0.7437E-03  0.2239E+00  0.8490E-02  0.9355E-01  0.5919E-01  0.1931E+00  0.1266E-01  0.8743E-02  0.1136E-02
     -3.680  0.2197E-01  0.1460E-01  0.2324E-02  0.3262E-03  0.1825E-02  0.3137E-02  0.2531E-02  0.4105E-03  0.1848E-01  0.5595E-03  0.2571E+00  0.6927E-02  0.1058E+00  0.5163E-01  0.2253E+00  0.1031E-01  0.8798E-02  0.9488E-03
     -3.670  0.2389E-01  0.1268E-01  0.2509E-02  0.2701E-03  0.1945E-02  0.2704E-02  0.2650E-02  0.3102E-03  0.2041E-01  0.3993E-03  0.2787E+00  0.5801E-02  0.1112E+00  0.4475E-01  0.2369E+00  0.8033E-02  0.8512E-02  0.7917E-03
     -3.660  0.2540E-01  0.1223E-01  0.2654E-02  0.2413E-03  0.2022E-02  0.2616E-02  0.2541E-02  0.2774E-03  0.2118E-01  0.4201E-03  0.2970E+00  0.5206E-02  0.1119E+00  0.4390E-01  0.2291E+00  0.7071E-02  0.7970E-02  0.6674E-03
     -3.650  0.2859E-01  0.1289E-01  0.2940E-02  0.3701E-03  0.2225E-02  0.2754E-02  0.2482E-02  0.3760E-03  0.2269E-01  0.5487E-03  0.3317E+00  0.8432E-02  0.1170E+00  0.4669E-01  0.2255E+00  0.9174E-02  0.7702E-02  0.9767E-03
     -3.640  0.3210E-01  0.1385E-01  0.3244E-02  0.4803E-03  0.2453E-02  0.2944E-02  0.2440E-02  0.4590E-03  0.2427E-01  0.6594E-03  0.3686E+00  0.1112E-01  0.1232E+00  0.5012E-01  0.2233E+00  0.1114E-01  0.7545E-02  0.1237E-02
     -3.630  0.3552E-01  0.1498E-01  0.3531E-02  0.6017E-03  0.2675E-02  0.3177E-02  0.2399E-02  0.5205E-03  0.2577E-01  0.7887E-03  0.4037E+00  0.1396E-01  0.1294E+00  0.5441E-01  0.2213E+00  0.1265E-01  0.7399E-02  0.1463E-02
     -3.620  0.3885E-01  0.1618E-01  0.3801E-02  0.7221E-03  0.2893E-02  0.3419E-02  0.2358E-02  0.5819E-03  0.2717E-01  0.9207E-03  0.4372E+00  0.1680E-01  0.1356E+00  0.5884E-01  0.2194E+00  0.1420E-01  0.7263E-02  0.1684E-02
     -3.610  0.4209E-01  0.1715E-01  0.4054E-02  0.8204E-03  0.3104E-02  0.3624E-02  0.2318E-02  0.6030E-03  0.2849E-01  0.1022E-02  0.4690E+00  0.1913E-01  0.1420E+00  0.6279E-01  0.2177E+00  0.1469E-01  0.7137E-02  0.1828E-02
     -3.600  0.3969E-01  0.1923E-01  0.3814E-02  0.9400E-03  0.2923E-02  0.4051E-02  0.2122E-02  0.6514E-03  0.2686E-01  0.1180E-02  0.4447E+00  0.2195E-01  0.1365E+00  0.7046E-01  0.2044E+00  0.1599E-01  0.6768E-02  0.2020E-02
     -3.590  0.2787E-01  0.2292E-01  0.2922E-02  0.1108E-02  0.2058E-02  0.4828E-02  0.1819E-02  0.7316E-03  0.2190E-01  0.1423E-02  0.3394E+00  0.2566E-01  0.1035E+00  0.8443E-01  0.1777E+00  0.1807E-01  0.6070E-02  0.2312E-02
     -3.580  0.2193E-01  0.2649E-01  0.2506E-02  0.1278E-02  0.1621E-02  0.5579E-02  0.1689E-02  0.8107E-03  0.1957E-01  0.1667E-02  0.2905E+00  0.2942E-01  0.8686E-01  0.9795E-01  0.1665E+00  0.2014E-01  0.5827E-02  0.2601E-02
     -3.570  0.1893E-01  0.2996E-01  0.2291E-02  0.1449E-02  0.1409E-02  0.6302E-02  0.1750E-02  0.8885E-03  0.1894E-01  0.1911E-02  0.2659E+00  0.3324E-01  0.8259E-01  0.1110E+00  0.1741E+00  0.2220E-01  0.6010E-02  0.2886E-02
     -3.560  0.1608E-01  0.3387E-01  0.2085E-02  0.1510E-02  0.1206E-02  0.7089E-02  0.1790E-02  0.9227E-03  0.1818E-01  0.2048E-02  0.2426E+00  0.3433E-01  0.7798E-01  0.1251E+00  0.1797E+00  0.2350E-01  0.6189E-02  0.2953E-02
     -3.550  0.1791E-01  0.3813E-01  0.2084E-02  0.1505E-02  0.1359E-02  0.7926E-02  0.2568E-02  0.9178E-03  0.2104E-01  0.2107E-02  0.2466E+00  0.3391E-01  0.9995E-01  0.1403E+00  0.2672E+00  0.2395E-01  0.9737E-02  0.2881E-02
     -3.540  0.3311E-01  0.4474E-01  0.2820E-02  0.1535E-02  0.2408E-02  0.9210E-02  0.3871E-02  0.9834E-03  0.3057E-01  0.2250E-02  0.3471E+00  0.3427E-01  0.1631E+00  0.1636E+00  0.4115E+00  0.2627E-01  0.1518E-01  0.2935E-02
     -3.530  0.3545E-01  0.7117E-01  0.2876E-02  0.1916E-02  0.2573E-02  0.1464E-01  0.4313E-02  0.1406E-02  0.3352E-01  0.3377E-02  0.3585E+00  0.4184E-01  0.1809E+00  0.2637E+00  0.4622E+00  0.3648E-01  0.1608E-01  0.3594E-02
     -3.520  0.3224E-01  0.8325E-01  0.2748E-02  0.2083E-02  0.2300E-02  0.1695E-01  0.4356E-02  0.1588E-02  0.3373E-01  0.3766E-02  0.3441E+00  0.4581E-01  0.1643E+00  0.3057E+00  0.4702E+00  0.4198E-01  0.1585E-01  0.3917E-02
     -3.510  0.2953E-01  0.7075E-01  0.2650E-02  0.1501E-02  0.2064E-02  0.1401E-01  0.4405E-02  0.1257E-02  0.3417E-01  0.2557E-02  0.3333E+00  0.3488E-01  0.1494E+00  0.2502E+00  0.4785E+00  0.3532E-01  0.1556E-01  0.3189E-02
     -3.500  0.2702E-01  0.6773E-01  0.2557E-02  0.1122E-02  0.1843E-02  0.1316E-01  0.4444E-02  0.1122E-02  0.3462E-01  0.2105E-02  0.3233E+00  0.2717E-01  0.1353E+00  0.2338E+00  0.4858E+00  0.3280E-01  0.1518E-01  0.2548E-02
     -3.490  0.2474E-01  0.5968E-01  0.2471E-02  0.7676E-03  0.1638E-02  0.1146E-01  0.4475E-02  0.8261E-03  0.3510E-01  0.1775E-02  0.3141E+00  0.2045E-01  0.1219E+00  0.2037E+00  0.4918E+00  0.2431E-01  0.1470E-01  0.1629E-02
     -3.480  0.4059E-01  0.5155E-01  0.3757E-02  0.6025E-03  0.2497E-02  0.9740E-02  0.5468E-02  0.4165E-03  0.4932E-01  0.1015E-02  0.5050E+00  0.1689E-01  0.1529E+00  0.1720E+00  0.6105E+00  0.1561E-01  0.1700E-01  0.1023E-02
     -3.470  0.6833E-01  0.4900E-01  0.6224E-02  0.5870E-03  0.3914E-02  0.9247E-02  0.1115E-01  0.3820E-03  0.1038E+00  0.1003E-02  0.8390E+00  0.1648E-01  0.2563E+00  0.1640E+00  0.1266E+01  0.1431E-01  0.2629E-01  0.9738E-03
     -3.460  0.6064E-01  0.4602E-01  0.6180E-02  0.6041E-03  0.3313E-02  0.8711E-02  0.1085E-01  0.3655E-03  0.1062E+00  0.1070E-02  0.8428E+00  0.1634E-01  0.2172E+00  0.1561E+00  0.1238E+01  0.1319E-01  0.2434E-01  0.9655E-03
     -3.450  0.3363E-01  0.4261E-01  0.3494E-02  0.6420E-03  0.1761E-02  0.8116E-02  0.6525E-02  0.3606E-03  0.6297E-01  0.1165E-02  0.4773E+00  0.1638E-01  0.1137E+00  0.1475E+00  0.7438E+00  0.1227E-01  0.1467E-01  0.9941E-03
     -3.440  0.2068E-01  0.3926E-01  0.1991E-02  0.6908E-03  0.1056E-02  0.7535E-02  0.3568E-02  0.3699E-03  0.3591E-01  0.1255E-02  0.2741E+00  0.1659E-01  0.6097E-01  0.1390E+00  0.4038E+00  0.1180E-01  0.8443E-02  0.1064E-02
     -3.430  0.1760E-01  0.3380E-01  0.1525E-02  0.7400E-03  0.8949E-03  0.6504E-02  0.2541E-02  0.4123E-03  0.2638E-01  0.1250E-02  0.2122E+00  0.1722E-01  0.4565E-01  0.1217E+00  0.2882E+00  0.1230E-01  0.6475E-02  0.1264E-02
     -3.420  0.1507E-01  0.2890E-01  0.1221E-02  0.6747E-03  0.7742E-03  0.5577E-02  0.2043E-02  0.3943E-03  0.2092E-01  0.1151E-02  0.1716E+00  0.1553E-01  0.3933E-01  0.1050E+00  0.2340E+00  0.1136E-01  0.5727E-02  0.1181E-02
     -3.410  0.1245E-01  0.2623E-01  0.9545E-03  0.7200E-03  0.6498E-03  0.5096E-02  0.1627E-02  0.3894E-03  0.1622E-01  0.1229E-02  0.1361E+00  0.1662E-01  0.3407E-01  0.9705E-01  0.1889E+00  0.1064E-01  0.5067E-02  0.1170E-02
     -3.400  0.9644E-02  0.2930E-01  0.6996E-03  0.1087E-02  0.5150E-03  0.5775E-02  0.1227E-02  0.4560E-03  0.1173E-01  0.1912E-02  0.1019E+00  0.2575E-01  0.2861E-01  0.1123E+00  0.1451E+00  0.1098E-01  0.4346E-02  0.1435E-02
     -3.390  0.9796E-02  0.2586E-01  0.5368E-03  0.1275E-02  0.5086E-03  0.5094E-02  0.9263E-03  0.4462E-03  0.9236E-02  0.2114E-02  0.8332E-01  0.3172E-01  0.2807E-01  0.9978E-01  0.1141E+00  0.1007E-01  0.3393E-02  0.1554E-02
     -3.380  0.1388E-01  0.9775E-02  0.5243E-03  0.5052E-03  0.6719E-03  0.1912E-02  0.7756E-03  0.1582E-03  0.9510E-02  0.7220E-03  0.9147E-01  0.1276E-01  0.3291E-01  0.3730E-01  0.1042E+00  0.3730E-02  0.2899E-02  0.6001E-03
     -3.370  0.1565E-01  0.1179E-02  0.5481E-03  0.1255E-03  0.7296E-03  0.2366E-03  0.7516E-03  0.9540E-04  0.1008E-01  0.1384E-03  0.1010E+00  0.3840E-02  0.3349E-01  0.5069E-02  0.1053E+00  0.1885E-02  0.2921E-02  0.3186E-03
     -3.360  0.1542E-01  0.6238E-02  0.5413E-03  0.8919E-03  0.7070E-03  0.1264E-02  0.7042E-03  0.6195E-03  0.9909E-02  0.7855E-03  0.1012E+00  0.2657E-01  0.3121E-01  0.2743E-01  0.9997E-01  0.1250E-01  0.2750E-02  0.2458E-02
     -3.350  0.1742E-01  0.2221E-01  0.7391E-03  0.1912E-02  0.7734E-03  0.4007E-02  0.8780E-03  0.1266E-02  0.1255E-01  0.1612E-02  0.1346E+00  0.6075E-01  0.3366E-01  0.8106E-01  0.1241E+00  0.2572E-01  0.3211E-02  0.5272E-02
     -3.340  0.4612E-01  0.5193E-01  0.2546E-02  0.3662E-02  0.1970E-02  0.8597E-02  0.2859E-02  0.1580E-02  0.4327E-01  0.3302E-02  0.4548E+00  0.1217E+00  0.7583E-01  0.1643E+00  0.4001E+00  0.3302E-01  0.1197E-01  0.8125E-02
     -3.330  0.3718E-01  0.1381E+00  0.1934E-02  0.8837E-02  0.1604E-02  0.2105E-01  0.2159E-02  0.2213E-02  0.3169E-01  0.8200E-02  0.3516E+00  0.3117E+00  0.7256E-01  0.3799E+00  0.3103E+00  0.4847E-01  0.1031E-01  0.1560E-01
     -3.320  0.3399E-01  0.2084E+00  0.1624E-02  0.1348E-01  0.1497E-02  0.3094E-01  0.1912E-02  0.2271E-02  0.2582E-01  0.1372E-01  0.2984E+00  0.4785E+00  0.7851E-01  0.5496E+00  0.2816E+00  0.5377E-01  0.1145E-01  0.2026E-01
     -3.310  0.7840E-01  0.5804E-01  0.2489E-02  0.4924E-02  0.4117E-02  0.8757E-02  0.3749E-02  0.1214E-02  0.2547E-01  0.4623E-02  0.4906E+00  0.1689E+00  0.3491E+00  0.1588E+00  0.6165E+00  0.2605E-01  0.5727E-01  0.8566E-02
     -3.300  0.5267E-01  0.1582E-01  0.1505E-02  0.1766E-02  0.2685E-02  0.2465E-02  0.2543E-02  0.7131E-03  0.1725E-01  0.1399E-02  0.2946E+00  0.5936E-01  0.2223E+00  0.4626E-01  0.4172E+00  0.1531E-01  0.3572E-01  0.3790E-02
     -3.290  0.3072E-01  0.4446E-02  0.8719E-03  0.6263E-03  0.1531E-02  0.8301E-03  0.1518E-02  0.5979E-03  0.1047E-01  0.3863E-03  0.1697E+00  0.2094E-01  0.1272E+00  0.1781E-01  0.2489E+00  0.1258E-01  0.2087E-01  0.2218E-02
     -3.280  0.7267E-02  0.3866E-02  0.2129E-03  0.5650E-03  0.3185E-03  0.7231E-03  0.3102E-03  0.5412E-03  0.3111E-02  0.3489E-03  0.3966E-01  0.1890E-01  0.2741E-01  0.1557E-01  0.5117E-01  0.1139E-01  0.3436E-02  0.2005E-02
     -3.270  0.1056E-01  0.4821E-02  0.5408E-03  0.6820E-03  0.4568E-03  0.8629E-03  0.5117E-03  0.5595E-03  0.9629E-02  0.4904E-03  0.1091E+00  0.2243E-01  0.4421E-01  0.1861E-01  0.7970E-01  0.1205E-01  0.3138E-02  0.2114E-02
     -3.260  0.2238E-01  0.9932E-02  0.1865E-02  0.1316E-02  0.1030E-02  0.1694E-02  0.1541E-02  0.7493E-03  0.3222E-01  0.1139E-02  0.3932E+00  0.4180E-01  0.1198E+00  0.3683E-01  0.2378E+00  0.1680E-01  0.8715E-02  0.3103E-02
     -3.250  0.1252E-01  0.5847E-01  0.3825E-03  0.2946E-02  0.4920E-03  0.9161E-02  0.4686E-03  0.1130E-02  0.7969E-02  0.3104E-02  0.7881E-01  0.9972E-01  0.4271E-01  0.1862E+00  0.7934E-01  0.2760E-01  0.3847E-02  0.5701E-02
     -3.240  0.1233E-01  0.1277E+00  0.3152E-03  0.4577E-02  0.4828E-03  0.1954E-01  0.4249E-03  0.1724E-02  0.6867E-02  0.5364E-02  0.6495E-01  0.1673E+00  0.4691E-01  0.3928E+00  0.7430E-01  0.4657E-01  0.4003E-02  0.8946E-02
     -3.230  0.1279E-01  0.4286E-01  0.3006E-03  0.3849E-02  0.4986E-03  0.6846E-02  0.4189E-03  0.1651E-02  0.6662E-02  0.3550E-02  0.6238E-01  0.1289E+00  0.5052E-01  0.1435E+00  0.7474E-01  0.3629E-01  0.4322E-02  0.8664E-02
     -3.220  0.1323E-01  0.4001E-01  0.2861E-03  0.4895E-02  0.5137E-03  0.6487E-02  0.4129E-03  0.1980E-02  0.6452E-02  0.4119E-02  0.5980E-01  0.1621E+00  0.5405E-01  0.1400E+00  0.7517E-01  0.4163E-01  0.4645E-02  0.1091E-01
     -3.210  0.1750E-01  0.8809E-01  0.5808E-03  0.7494E-02  0.7147E-03  0.1358E-01  0.8214E-03  0.2917E-02  0.7855E-02  0.6613E-02  0.1436E+00  0.2589E+00  0.8611E-01  0.2854E+00  0.1655E+00  0.6260E-01  0.1624E-01  0.1578E-01
     -3.200  0.2070E-01  0.4814E-01  0.6570E-03  0.1036E-01  0.8367E-03  0.7378E-02  0.1230E-02  0.3306E-02  0.9295E-02  0.8731E-02  0.1683E+00  0.3469E+00  0.9976E-01  0.1601E+00  0.2530E+00  0.6839E-01  0.2462E-01  0.2118E-01
     -3.190  0.1836E-01  0.4840E-01  0.3439E-03  0.1141E-01  0.7242E-03  0.7101E-02  0.5362E-03  0.3395E-02  0.7286E-02  0.9619E-02  0.7951E-01  0.3876E+00  0.8952E-01  0.1527E+00  0.1077E+00  0.6947E-01  0.8858E-02  0.2291E-01
     -3.180  0.1926E-01  0.5645E-01  0.3266E-03  0.1318E-01  0.7540E-03  0.8036E-02  0.5461E-03  0.3774E-02  0.7105E-02  0.1053E-01  0.7644E-01  0.4541E+00  0.9550E-01  0.1708E+00  0.1124E+00  0.7581E-01  0.9530E-02  0.2673E-01
     -3.170  0.2012E-01  0.6359E-01  0.3097E-03  0.1434E-01  0.7823E-03  0.8899E-02  0.5561E-03  0.4132E-02  0.6911E-02  0.1093E-01  0.7346E-01  0.5003E+00  0.1013E+00  0.1880E+00  0.1173E+00  0.8187E-01  0.1023E-01  0.2969E-01
     -3.160  0.2128E-01  0.6984E-01  0.3025E-03  0.1558E-01  0.8240E-03  0.9714E-02  0.5710E-03  0.4903E-02  0.6741E-02  0.1096E-01  0.7371E-01  0.5501E+00  0.1107E+00  0.2055E+00  0.1236E+00  0.9727E-01  0.1155E-01  0.3355E-01
     -3.150  0.2259E-01  0.4489E-01  0.3035E-03  0.7442E-02  0.8718E-03  0.6292E-02  0.5925E-03  0.2663E-02  0.6625E-02  0.7261E-02  0.7690E-01  0.2670E+00  0.1218E+00  0.1367E+00  0.1319E+00  0.5468E-01  0.1327E-01  0.1528E-01
     -3.140  0.2423E-01  0.4977E-01  0.3119E-03  0.8096E-02  0.9342E-03  0.6770E-02  0.6137E-03  0.2744E-02  0.6598E-02  0.8124E-02  0.8284E-01  0.2960E+00  0.1362E+00  0.1472E+00  0.1402E+00  0.5624E-01  0.1532E-01  0.1615E-01
     -3.130  0.2651E-01  0.5277E-01  0.3265E-03  0.8912E-02  0.1023E-02  0.6995E-02  0.6384E-03  0.2723E-02  0.6687E-02  0.9918E-02  0.9090E-01  0.3253E+00  0.1553E+00  0.1519E+00  0.1495E+00  0.5745E-01  0.1785E-01  0.1640E-01
     -3.120  0.2895E-01  0.5226E-01  0.3462E-03  0.7055E-02  0.1116E-02  0.6982E-02  0.6666E-03  0.2791E-02  0.6787E-02  0.9493E-02  0.1019E+00  0.2604E+00  0.1761E+00  0.1546E+00  0.1602E+00  0.6190E-01  0.2088E-01  0.1292E-01
     -3.110  0.3223E-01  0.5411E-01  0.3710E-03  0.6559E-02  0.1238E-02  0.7316E-02  0.7139E-03  0.3056E-02  0.6978E-02  0.1026E-01  0.1154E+00  0.2424E+00  0.2020E+00  0.1653E+00  0.1760E+00  0.6954E-01  0.2477E-01  0.1180E-01
     -3.100  0.3637E-01  0.5683E-01  0.3991E-03  0.6106E-02  0.1389E-02  0.7836E-02  0.7671E-03  0.3459E-02  0.7209E-02  0.1125E-01  0.1303E+00  0.2258E+00  0.2336E+00  0.1812E+00  0.1940E+00  0.8001E-01  0.2914E-01  0.1087E-01
     -3.090  0.4499E-01  0.6089E-01  0.5175E-03  0.5937E-02  0.1731E-02  0.8522E-02  0.8990E-03  0.3968E-02  0.7759E-02  0.1263E-01  0.1768E+00  0.2196E+00  0.3095E+00  0.2003E+00  0.2359E+00  0.9312E-01  0.4002E-01  0.1045E-01
     -3.080  0.6186E-01  0.6574E-01  0.8148E-03  0.5786E-02  0.2415E-02  0.9346E-02  0.1214E-02  0.4601E-02  0.8818E-02  0.1420E-01  0.2899E+00  0.2142E+00  0.4644E+00  0.2231E+00  0.3336E+00  0.1092E+00  0.6580E-01  0.1014E-01
     -3.070  0.5645E-01  0.7246E-01  0.6477E-03  0.5602E-02  0.2123E-02  0.1052E-01  0.1121E-02  0.5540E-02  0.9021E-02  0.1603E-01  0.2457E+00  0.2079E+00  0.3897E+00  0.2560E+00  0.3084E+00  0.1325E+00  0.5554E-01  0.1007E-01
     -3.060  0.1010E+00  0.8042E-01  0.7868E-03  0.5308E-02  0.3692E-02  0.1186E-01  0.1775E-02  0.6544E-02  0.1399E-01  0.1810E-01  0.3131E+00  0.1978E+00  0.6585E+00  0.2931E+00  0.4930E+00  0.1583E+00  0.8812E-01  0.9780E-02
     -3.050  0.8498E-01  0.9824E-01  0.7594E-03  0.5512E-02  0.3064E-02  0.1453E-01  0.1567E-02  0.8641E-02  0.1240E-01  0.2354E-01  0.3126E+00  0.2076E+00  0.5555E+00  0.3628E+00  0.4417E+00  0.2138E+00  0.7534E-01  0.1048E-01
     -3.040  0.6404E-01  0.8163E-01  0.7244E-03  0.3916E-02  0.2259E-02  0.1142E-01  0.1307E-02  0.5916E-02  0.1081E-01  0.1606E-01  0.3087E+00  0.1528E+00  0.4167E+00  0.2811E+00  0.3745E+00  0.1526E+00  0.5754E-01  0.7209E-02
     -3.030  0.4566E-01  0.7374E-01  0.7002E-03  0.3185E-02  0.1617E-02  0.9681E-02  0.9822E-03  0.4619E-02  0.9588E-02  0.1221E-01  0.3048E+00  0.1287E+00  0.3161E+00  0.2341E+00  0.2861E+00  0.1274E+00  0.4557E-01  0.5765E-02
     -3.020  0.3312E-01  0.7301E-01  0.6854E-03  0.2990E-02  0.1176E-02  0.9585E-02  0.7951E-03  0.4734E-02  0.8764E-02  0.1203E-01  0.3043E+00  0.1211E+00  0.2436E+00  0.2331E+00  0.2349E+00  0.1318E+00  0.3915E-01  0.5591E-02
     -3.010  0.2384E-01  0.7217E-01  0.6715E-03  0.2794E-02  0.8438E-03  0.9485E-02  0.6627E-03  0.4892E-02  0.8208E-02  0.1190E-01  0.3038E+00  0.1136E+00  0.1862E+00  0.2320E+00  0.1990E+00  0.1374E+00  0.3421E-01  0.5451E-02
     -3.000  0.2028E-01  0.7116E-01  0.6477E-03  0.2597E-02  0.7001E-03  0.9367E-02  0.5958E-03  0.5057E-02  0.7901E-02  0.1178E-01  0.2986E+00  0.1060E+00  0.1583E+00  0.2305E+00  0.1823E+00  0.1432E+00  0.3138E-01  0.5316E-02
     -2.990  0.1697E-01  0.6779E-01  0.6140E-03  0.2361E-02  0.5659E-03  0.8833E-02  0.5283E-03  0.4820E-02  0.7496E-02  0.1126E-01  0.2888E+00  0.9670E-01  0.1310E+00  0.2175E+00  0.1654E+00  0.1393E+00  0.2856E-01  0.4790E-02
     -2.980  0.1397E-01  0.5958E-01  0.5765E-03  0.2034E-02  0.4419E-03  0.7442E-02  0.4650E-03  0.3764E-02  0.7076E-02  0.9957E-02  0.2772E+00  0.8352E-01  0.1044E+00  0.1807E+00  0.1496E+00  0.1155E+00  0.2581E-01  0.3448E-02
     -2.970  0.1314E-01  0.5403E-01  0.6267E-03  0.1744E-02  0.3962E-03  0.6594E-02  0.4590E-03  0.3327E-02  0.7417E-02  0.9100E-02  0.3087E+00  0.7175E-01  0.1045E+00  0.1597E+00  0.1544E+00  0.1062E+00  0.2792E-01  0.2840E-02
     -2.960  0.1364E-01  0.4930E-01  0.7166E-03  0.1477E-02  0.3951E-03  0.5985E-02  0.4892E-03  0.3170E-02  0.8558E-02  0.8376E-02  0.3610E+00  0.6061E-01  0.1135E+00  0.1462E+00  0.1709E+00  0.1029E+00  0.3155E-01  0.2584E-02
     -2.950  0.1603E-01  0.4430E-01  0.1219E-02  0.1210E-02  0.4542E-03  0.5374E-02  0.6578E-03  0.3020E-02  0.1316E-01  0.7611E-02  0.6382E+00  0.4919E-01  0.1703E+00  0.1332E+00  0.2520E+00  0.9929E-01  0.5392E-01  0.2358E-02
     -2.940  0.1571E-01  0.4065E-01  0.1153E-02  0.9959E-03  0.4256E-03  0.4935E-02  0.6571E-03  0.2959E-02  0.1245E-01  0.7073E-02  0.6113E+00  0.3987E-01  0.1541E+00  0.1243E+00  0.2586E+00  0.9825E-01  0.5235E-01  0.2223E-02
     -2.930  0.1382E-01  0.4263E-01  0.8116E-03  0.9493E-03  0.3504E-03  0.5131E-02  0.4987E-03  0.3129E-02  0.1005E-01  0.7314E-02  0.4317E+00  0.3796E-01  0.1030E+00  0.1302E+00  0.1922E+00  0.1050E+00  0.3497E-01  0.2279E-02
     -2.920  0.1231E-01  0.4542E-01  0.5193E-03  0.9050E-03  0.2893E-03  0.5423E-02  0.3435E-03  0.3295E-02  0.8211E-02  0.7551E-02  0.2750E+00  0.3609E-01  0.6227E-01  0.1386E+00  0.1250E+00  0.1117E+00  0.1973E-01  0.2337E-02
     -2.910  0.1175E-01  0.5053E-01  0.4777E-03  0.8904E-03  0.2665E-03  0.5953E-02  0.3182E-03  0.3809E-02  0.7952E-02  0.8633E-02  0.2559E+00  0.3563E-01  0.5474E-01  0.1532E+00  0.1184E+00  0.1304E+00  0.1791E-01  0.2490E-02
     -2.900  0.1115E-01  0.6185E-01  0.4351E-03  0.9500E-03  0.2439E-03  0.7096E-02  0.2930E-03  0.5109E-02  0.7648E-02  0.1162E-01  0.2362E+00  0.3887E-01  0.4764E-01  0.1830E+00  0.1120E+00  0.1770E+00  0.1619E-01  0.2871E-02
     -2.890  0.1050E-01  0.7146E-01  0.3907E-03  0.1033E-02  0.2209E-03  0.8130E-02  0.2677E-03  0.6879E-02  0.7290E-02  0.1503E-01  0.2154E+00  0.4178E-01  0.4097E-01  0.2125E+00  0.1057E+00  0.2385E+00  0.1455E-01  0.3625E-02
     -2.880  0.1045E-01  0.8114E-01  0.3225E-03  0.1086E-02  0.1974E-03  0.8992E-02  0.2491E-03  0.8415E-02  0.7243E-02  0.1802E-01  0.1899E+00  0.4475E-01  0.3337E-01  0.2352E+00  0.1071E+00  0.2953E+00  0.1366E-01  0.4230E-02
     -2.870  0.1202E-01  0.7423E-01  0.3385E-03  0.9699E-03  0.2165E-03  0.8348E-02  0.5372E-03  0.8211E-02  0.8581E-02  0.1682E-01  0.2150E+00  0.3863E-01  0.4248E-01  0.2220E+00  0.2613E+00  0.2862E+00  0.2995E-01  0.4265E-02
     -2.860  0.1168E-01  0.6796E-01  0.2994E-03  0.8857E-03  0.1904E-03  0.7714E-02  0.3913E-03  0.8038E-02  0.8463E-02  0.1574E-01  0.1959E+00  0.3361E-01  0.2991E-01  0.2090E+00  0.1949E+00  0.2795E+00  0.2174E-01  0.4378E-02
     -2.850  0.1159E-01  0.6166E-01  0.2664E-03  0.7962E-03  0.1747E-03  0.7086E-02  0.2376E-03  0.7684E-02  0.7928E-02  0.1440E-01  0.1767E+00  0.2885E-01  0.2222E-01  0.1952E+00  0.1184E+00  0.2662E+00  0.1315E-01  0.4355E-02
     -2.840  0.1249E-01  0.5396E-01  0.2572E-03  0.6266E-03  0.1826E-03  0.6288E-02  0.2150E-03  0.5480E-02  0.7951E-02  0.1010E-01  0.1743E+00  0.2078E-01  0.2030E-01  0.1752E+00  0.1063E+00  0.1925E+00  0.1242E-01  0.3502E-02
     -2.830  0.1504E-01  0.5208E-01  0.2684E-03  0.6331E-03  0.2128E-03  0.6107E-02  0.2069E-03  0.5283E-02  0.8745E-02  0.9537E-02  0.1881E+00  0.2025E-01  0.1943E-01  0.1723E+00  0.1001E+00  0.1854E+00  0.1218E-01  0.3457E-02
     -2.820  0.1781E-01  0.5583E-01  0.2818E-03  0.6980E-03  0.2458E-03  0.6545E-02  0.1995E-03  0.5186E-02  0.9589E-02  0.9180E-02  0.2034E+00  0.2136E-01  0.1853E-01  0.1876E+00  0.9367E-01  0.1828E+00  0.1199E-01  0.3486E-02
     -2.810  0.2086E-01  0.6133E-01  0.2980E-03  0.7722E-03  0.2822E-03  0.7194E-02  0.1945E-03  0.5153E-02  0.1052E-01  0.8950E-02  0.2208E+00  0.2269E-01  0.1775E-01  0.2089E+00  0.8800E-01  0.1823E+00  0.1188E-01  0.3551E-02
     -2.800  0.2443E-01  0.7031E-01  0.3261E-03  0.8601E-03  0.3275E-03  0.8225E-02  0.2091E-03  0.5204E-02  0.1192E-01  0.8927E-02  0.2479E+00  0.2453E-01  0.1889E-01  0.2405E+00  0.9447E-01  0.1851E+00  0.1215E-01  0.3665E-02
     -2.790  0.2792E-01  0.8184E-01  0.3508E-03  0.9588E-03  0.3704E-03  0.9532E-02  0.2211E-03  0.5357E-02  0.1326E-01  0.9097E-02  0.2731E+00  0.2655E-01  0.1945E-01  0.2798E+00  0.9981E-01  0.1921E+00  0.1192E-01  0.3869E-02
     -2.780  0.1987E-01  0.6006E-01  0.2321E-03  0.9191E-03  0.2538E-03  0.6829E-02  0.1494E-03  0.5321E-02  0.1135E-01  0.8621E-02  0.1927E+00  0.2664E-01  0.1520E-01  0.2041E+00  0.7151E-01  0.1952E+00  0.2695E-01  0.4226E-02
     -2.770  0.1942E-01  0.3976E-01  0.2079E-03  0.7734E-03  0.2419E-03  0.4386E-02  0.1345E-03  0.5295E-02  0.1111E-01  0.8229E-02  0.1799E+00  0.2398E-01  0.1539E-01  0.1326E+00  0.6732E-01  0.1965E+00  0.4262E-01  0.4364E-02
     -2.760  0.1376E-01  0.3985E-01  0.1341E-03  0.9488E-03  0.1651E-03  0.4552E-02  0.1063E-03  0.6129E-02  0.7186E-02  0.9577E-02  0.1201E+00  0.2970E-01  0.1282E-01  0.1416E+00  0.6164E-01  0.2248E+00  0.4404E-01  0.4789E-02
     -2.750  0.1366E-01  0.4027E-01  0.1206E-03  0.1200E-02  0.1625E-03  0.4844E-02  0.1032E-03  0.7395E-02  0.7202E-02  0.1168E-01  0.1147E+00  0.3795E-01  0.1346E-01  0.1559E+00  0.6590E-01  0.2671E+00  0.4570E-01  0.5328E-02
     -2.740  0.1344E-01  0.4049E-01  0.1132E-03  0.1445E-02  0.1588E-03  0.5104E-02  0.1006E-03  0.8665E-02  0.7220E-02  0.1374E-01  0.1113E+00  0.4609E-01  0.1387E-01  0.1692E+00  0.6783E-01  0.3099E+00  0.4674E-01  0.5877E-02
     -2.730  0.1319E-01  0.3302E-01  0.1070E-03  0.1603E-02  0.1547E-03  0.4742E-02  0.9804E-04  0.9336E-02  0.7228E-02  0.1486E-01  0.1081E+00  0.5171E-01  0.1419E-01  0.1655E+00  0.6945E-01  0.3258E+00  0.4757E-01  0.5603E-02
     -2.720  0.1292E-01  0.3125E-01  0.1008E-03  0.1688E-02  0.1505E-03  0.4537E-02  0.9559E-04  0.9614E-02  0.7233E-02  0.1504E-01  0.1049E+00  0.5556E-01  0.1453E-01  0.1605E+00  0.7119E-01  0.3380E+00  0.4836E-01  0.6041E-02
     -2.710  0.1264E-01  0.2869E-01  0.9455E-04  0.1664E-02  0.1462E-03  0.4008E-02  0.9324E-04  0.8910E-02  0.7236E-02  0.1334E-01  0.1017E+00  0.5674E-01  0.1487E-01  0.1419E+00  0.7304E-01  0.3201E+00  0.4912E-01  0.6631E-02
     -2.700  0.1234E-01  0.2719E-01  0.8833E-04  0.1740E-02  0.1416E-03  0.3777E-02  0.9099E-04  0.9157E-02  0.7237E-02  0.1322E-01  0.9846E-01  0.6062E-01  0.1523E-01  0.1352E+00  0.7502E-01  0.3334E+00  0.4983E-01  0.7455E-02
     -2.690  0.1203E-01  0.2698E-01  0.8210E-04  0.1891E-02  0.1369E-03  0.3705E-02  0.8884E-04  0.9992E-02  0.7235E-02  0.1380E-01  0.9516E-01  0.6702E-01  0.1559E-01  0.1343E+00  0.7713E-01  0.3698E+00  0.5051E-01  0.8900E-02
     -2.680  0.1130E-01  0.2679E-01  0.7250E-04  0.2042E-02  0.1268E-03  0.3627E-02  0.7784E-04  0.1083E-01  0.6656E-02  0.1434E-01  0.8466E-01  0.7342E-01  0.1462E-01  0.1331E+00  0.6929E-01  0.4069E+00  0.4840E-01  0.1041E-01
     -2.670  0.1121E-01  0.2865E-01  0.6261E-04  0.2357E-02  0.1167E-03  0.3777E-02  0.7042E-04  0.1266E-01  0.6151E-02  0.1585E-01  0.7483E-01  0.8583E-01  0.1324E-01  0.1402E+00  0.6339E-01  0.4842E+00  0.6064E-01  0.1330E-01
     -2.660  0.1217E-01  0.2791E-01  0.5350E-04  0.2483E-02  0.1134E-03  0.3608E-02  0.6525E-04  0.1336E-01  0.6275E-02  0.1607E-01  0.6971E-01  0.9208E-01  0.1345E-01  0.1352E+00  0.5889E-01  0.5171E+00  0.8630E-01  0.1499E-01
     -2.650  0.1545E-01  0.2733E-01  0.4765E-04  0.2604E-02  0.1235E-03  0.3456E-02  0.6546E-04  0.1406E-01  0.7843E-02  0.1620E-01  0.7216E-01  0.9806E-01  0.1638E-01  0.1305E+00  0.6594E-01  0.5506E+00  0.1481E+00  0.1679E-01
     -2.640  0.1957E-01  0.2730E-01  0.4464E-04  0.2736E-02  0.1385E-03  0.3363E-02  0.7245E-04  0.1478E-01  0.1121E-01  0.1635E-01  0.7938E-01  0.1044E+00  0.2148E-01  0.1276E+00  0.8337E-01  0.5849E+00  0.2152E+00  0.1865E-01
     -2.630  0.2119E-01  0.2153E-01  0.4369E-04  0.2528E-02  0.1442E-03  0.2550E-02  0.7197E-04  0.1442E-01  0.1241E-01  0.1495E-01  0.8448E-01  0.1003E+00  0.2376E-01  0.9808E-01  0.8452E-01  0.5782E+00  0.2465E+00  0.1878E-01
     -2.620  0.2451E-01  0.2042E-01  0.4473E-04  0.2674E-02  0.1587E-03  0.2355E-02  0.7746E-04  0.1461E-01  0.1539E-01  0.1493E-01  0.9749E-01  0.1089E+00  0.2869E-01  0.9147E-01  0.9660E-01  0.5897E+00  0.3098E+00  0.1983E-01
     -2.609  0.2793E-01  0.1934E-01  0.4576E-04  0.2829E-02  0.1733E-03  0.2167E-02  0.8292E-04  0.1476E-01  0.1846E-01  0.1489E-01  0.1108E+00  0.1180E+00  0.3378E-01  0.8510E-01  0.1091E+00  0.5992E+00  0.3764E+00  0.2083E-01
     -2.599  0.3144E-01  0.1828E-01  0.4679E-04  0.3143E-02  0.1880E-03  0.2023E-02  0.8836E-04  0.1394E-01  0.2164E-01  0.1411E-01  0.1246E+00  0.1337E+00  0.3903E-01  0.8090E-01  0.1222E+00  0.5690E+00  0.4463E+00  0.2109E-01
     -2.589  0.3520E-01  0.2268E-01  0.4924E-04  0.6968E-02  0.2048E-03  0.2396E-02  0.9714E-04  0.1666E-01  0.2501E-01  0.1374E-01  0.1400E+00  0.2924E+00  0.4465E-01  0.1022E+00  0.1398E+00  0.6980E+00  0.5198E+00  0.4162E-01
     -2.579  0.3858E-01  0.2833E-01  0.4492E-04  0.1197E-01  0.2070E-03  0.2944E-02  0.7385E-04  0.1969E-01  0.2292E-01  0.1359E-01  0.1238E+00  0.5009E+00  0.3741E-01  0.1325E+00  0.1036E+00  0.8425E+00  0.6121E+00  0.6697E-01
     -2.569  0.4411E-01  0.2318E-01  0.4348E-04  0.1128E-01  0.2219E-03  0.2539E-02  0.5609E-04  0.1552E-01  0.2144E-01  0.1315E-01  0.1109E+00  0.4840E+00  0.3163E-01  0.1177E+00  0.7407E-01  0.6660E+00  0.7125E+00  0.5630E-01
     -2.559  0.5009E-01  0.1877E-01  0.4421E-04  0.1053E-01  0.2413E-03  0.2123E-02  0.5361E-04  0.1199E-01  0.2345E-01  0.1314E-01  0.1134E+00  0.4655E+00  0.3250E-01  0.1017E+00  0.7473E-01  0.5161E+00  0.8367E+00  0.4632E-01
     -2.549  0.5572E-01  0.1672E-01  0.4558E-04  0.1137E-01  0.2611E-03  0.1869E-02  0.5258E-04  0.1024E-01  0.2540E-01  0.1391E-01  0.1171E+00  0.5173E+00  0.3379E-01  0.9403E-01  0.7591E-01  0.4460E+00  0.9484E+00  0.4480E-01
     -2.539  0.6138E-01  0.1652E-01  0.4714E-04  0.1372E-01  0.2815E-03  0.2040E-02  0.5182E-04  0.1037E-01  0.2737E-01  0.1725E-01  0.1211E+00  0.6316E+00  0.3517E-01  0.1087E+00  0.7718E-01  0.4507E+00  0.1059E+01  0.4881E-01
     -2.529  0.6721E-01  0.1627E-01  0.4877E-04  0.1613E-01  0.3024E-03  0.2202E-02  0.5102E-04  0.1042E-01  0.2937E-01  0.2070E-01  0.1251E+00  0.7497E+00  0.3655E-01  0.1230E+00  0.7844E-01  0.4516E+00  0.1173E+01  0.5282E-01
     -2.519  0.7322E-01  0.1597E-01  0.5047E-04  0.1866E-01  0.3240E-03  0.2357E-02  0.5017E-04  0.1035E-01  0.3143E-01  0.2422E-01  0.1291E+00  0.8733E+00  0.3793E-01  0.1372E+00  0.7967E-01  0.4481E+00  0.1291E+01  0.5696E-01
     -2.509  0.7941E-01  0.1319E-01  0.5224E-04  0.1785E-01  0.3462E-03  0.1830E-02  0.4926E-04  0.9130E-02  0.3352E-01  0.2334E-01  0.1331E+00  0.8467E+00  0.3931E-01  0.1118E+00  0.8088E-01  0.3965E+00  0.1411E+01  0.5426E-01
     -2.499  0.8577E-01  0.1066E-01  0.5408E-04  0.1690E-01  0.3690E-03  0.1367E-02  0.4831E-04  0.7935E-02  0.3566E-01  0.2250E-01  0.1372E+00  0.8134E+00  0.4069E-01  0.8908E-01  0.8207E-01  0.3458E+00  0.1535E+01  0.5060E-01
     -2.489  0.9230E-01  0.9541E-02  0.5599E-04  0.1735E-01  0.3924E-03  0.1246E-02  0.4730E-04  0.7176E-02  0.3784E-01  0.2342E-01  0.1413E+00  0.8416E+00  0.4208E-01  0.8508E-01  0.8324E-01  0.3131E+00  0.1662E+01  0.4982E-01
     -2.479  0.9522E-01  0.8675E-02  0.5616E-04  0.1786E-01  0.4008E-03  0.1147E-02  0.4454E-04  0.6536E-02  0.3865E-01  0.2445E-01  0.1426E+00  0.8727E+00  0.4247E-01  0.8204E-01  0.8033E-01  0.2857E+00  0.1738E+01  0.4931E-01
     -2.469  0.1135E+00  0.8592E-02  0.6355E-04  0.1917E-01  0.4646E-03  0.1063E-02  0.4149E-04  0.6049E-02  0.4972E-01  0.2738E-01  0.1901E+00  0.9464E+00  0.5664E-01  0.8017E-01  0.7766E-01  0.2657E+00  0.2276E+01  0.4981E-01
     -2.459  0.1635E+00  0.9055E-02  0.7903E-04  0.2056E-01  0.6377E-03  0.9603E-03  0.3327E-04  0.5626E-02  0.6991E-01  0.3108E-01  0.2386E+00  0.1027E+01  0.7191E-01  0.7642E-01  0.8123E-01  0.2496E+00  0.3369E+01  0.5019E-01
     -2.449  0.2528E+00  0.9299E-02  0.1190E-03  0.1919E-01  0.9665E-03  0.7314E-03  0.4094E-04  0.4973E-02  0.8910E-01  0.3143E-01  0.3189E+00  0.9713E+00  0.1014E+00  0.6034E-01  0.9875E-01  0.2249E+00  0.5074E+01  0.4585E-01
     -2.439  0.1607E+00  0.1045E-01  0.7629E-04  0.2092E-01  0.6076E-03  0.6591E-03  0.2509E-04  0.4954E-02  0.5674E-01  0.3556E-01  0.1611E+00  0.1069E+01  0.5972E-01  0.5754E-01  0.7067E-01  0.2279E+00  0.3015E+01  0.4876E-01
     -2.429  0.6491E+00  0.1124E-01  0.2944E-03  0.1972E-01  0.2401E-02  0.5073E-03  0.1237E-03  0.4554E-02  0.1711E+00  0.3538E-01  0.3666E+00  0.1019E+01  0.1526E+00  0.4576E-01  0.3697E+00  0.2145E+00  0.9684E+01  0.4422E-01
     -2.419  0.2504E+00  0.9979E-02  0.1125E-03  0.1436E-01  0.9152E-03  0.3667E-03  0.4399E-04  0.3770E-02  0.7594E-01  0.2603E-01  0.1735E+00  0.7477E+00  0.7469E-01  0.3033E-01  0.1338E+00  0.1818E+00  0.3916E+01  0.3353E-01
     -2.409  0.2497E+00  0.9134E-02  0.1101E-03  0.1142E-01  0.9003E-03  0.3398E-03  0.4387E-04  0.3584E-02  0.7505E-01  0.1959E-01  0.1604E+00  0.5951E+00  0.7377E-01  0.2486E-01  0.1356E+00  0.1744E+00  0.3738E+01  0.2987E-01
     -2.399  0.2401E+00  0.9421E-02  0.9999E-04  0.1068E-01  0.8467E-03  0.3253E-03  0.4414E-04  0.3752E-02  0.6668E-01  0.1805E-01  0.1330E+00  0.5583E+00  0.6482E-01  0.2205E-01  0.1361E+00  0.1836E+00  0.3192E+01  0.2935E-01
     -2.389  0.2277E+00  0.9814E-02  0.8669E-04  0.1056E-01  0.7744E-03  0.3437E-03  0.4312E-04  0.4044E-02  0.5509E-01  0.1781E-01  0.7573E-01  0.5527E+00  0.5141E-01  0.2197E-01  0.1331E+00  0.1979E+00  0.2366E+01  0.2997E-01
     -2.379  0.1807E+00  0.1018E-01  0.5637E-04  0.1035E-01  0.5829E-03  0.3615E-03  0.3878E-04  0.4328E-02  0.2726E-01  0.1747E-01  0.5232E-01  0.5433E+00  0.2310E-01  0.2175E-01  0.1194E+00  0.2119E+00  0.1372E+01  0.3038E-01
     -2.369  0.2317E+00  0.1195E-01  0.6737E-04  0.1009E-01  0.7241E-03  0.3993E-03  0.4876E-04  0.5012E-02  0.3643E-01  0.1786E-01  0.7150E-01  0.5374E+00  0.3203E-01  0.2038E-01  0.1554E+00  0.2462E+00  0.1623E+01  0.3015E-01
     -2.359  0.2850E+00  0.8978E-02  0.7579E-04  0.4528E-02  0.8596E-03  0.2209E-03  0.5916E-04  0.2577E-02  0.4546E-01  0.1003E-01  0.8798E-01  0.2553E+00  0.4115E-01  0.7896E-02  0.2005E+00  0.1288E+00  0.1771E+01  0.1071E-01
     -2.349  0.1768E+00  0.5986E-02  0.4532E-04  0.2153E-02  0.5169E-03  0.1020E-03  0.3418E-04  0.7275E-03  0.3277E-01  0.5846E-02  0.6099E-01  0.1259E+00  0.2656E-01  0.1968E-02  0.1188E+00  0.3848E-01  0.1246E+01  0.3271E-02
     -2.339  0.9148E-01  0.7185E-02  0.2489E-04  0.2300E-02  0.2686E-03  0.1421E-03  0.1707E-04  0.9701E-03  0.2090E-01  0.6442E-02  0.2869E-01  0.1357E+00  0.1298E-01  0.2809E-02  0.6040E-01  0.5087E-01  0.6649E+00  0.4100E-02
     -2.329  0.2141E-01  0.8950E-02  0.7488E-05  0.2563E-02  0.6374E-04  0.1909E-03  0.3382E-05  0.1248E-02  0.6285E-02  0.7438E-02  0.1083E-01  0.1529E+00  0.6075E-02  0.3758E-02  0.1376E-01  0.6549E-01  0.2502E+00  0.5149E-02
     -2.319  0.1592E-01  0.1077E-01  0.5632E-05  0.2816E-02  0.4735E-04  0.2405E-03  0.2491E-05  0.1513E-02  0.4767E-02  0.8376E-02  0.8472E-02  0.1696E+00  0.4775E-02  0.4699E-02  0.1013E-01  0.7957E-01  0.1900E+00  0.6134E-02
     -2.309  0.1072E-01  0.1862E-01  0.3836E-05  0.4023E-02  0.3183E-04  0.4290E-03  0.1659E-05  0.2363E-02  0.3274E-02  0.1217E-01  0.6000E-02  0.2486E+00  0.3398E-02  0.7769E-02  0.6750E-02  0.1261E+00  0.1307E+00  0.9183E-02
     -2.299  0.5792E-02  0.2993E-01  0.2099E-05  0.5762E-02  0.1718E-04  0.6968E-03  0.8870E-06  0.3529E-02  0.1808E-02  0.1763E-01  0.3414E-02  0.3629E+00  0.1942E-02  0.1213E-01  0.3608E-02  0.1905E+00  0.7226E-01  0.1342E-01
     -2.289  0.5698E-01  0.4207E-01  0.3742E-05  0.7255E-02  0.9683E-04  0.9173E-03  0.7460E-05  0.4481E-02  0.1223E-01  0.2189E-01  0.1371E-01  0.4645E+00  0.4841E-02  0.1473E-01  0.4074E-01  0.2458E+00  0.1143E+00  0.1622E-01
     -2.279  0.7403E-01  0.5464E-01  0.3530E-05  0.8710E-02  0.1195E-03  0.1055E-02  0.9109E-05  0.5197E-02  0.1747E-01  0.2527E-01  0.1557E-01  0.5648E+00  0.4723E-02  0.1446E-01  0.4731E-01  0.2905E+00  0.7633E-01  0.1685E-01
     -2.269  0.9596E-01  0.2170E-02  0.4372E-05  0.3294E-03  0.1528E-03  0.4203E-04  0.1196E-04  0.1567E-03  0.2747E-01  0.1040E-02  0.1974E-01  0.2087E-01  0.5633E-02  0.5385E-03  0.5941E-01  0.9110E-02  0.7838E-01  0.7155E-03
     -2.259  0.1277E+00  0.1655E-02  0.5619E-05  0.1575E-03  0.1958E-03  0.4307E-04  0.1585E-04  0.1604E-03  0.4356E-01  0.5276E-03  0.2504E-01  0.1058E-01  0.7878E-02  0.8274E-03  0.7159E-01  0.9406E-02  0.9292E-01  0.5127E-03
     -2.249  0.1366E+00  0.3501E-02  0.5631E-05  0.2696E-03  0.2006E-03  0.1000E-03  0.1657E-04  0.3666E-03  0.4919E-01  0.9623E-03  0.2532E-01  0.1886E-01  0.8625E-02  0.2055E-02  0.7293E-01  0.2145E-01  0.9251E-01  0.1035E-02
     -2.239  0.1587E+00  0.6448E-02  0.5888E-05  0.5020E-03  0.2205E-03  0.1828E-03  0.1748E-04  0.6673E-03  0.5609E-01  0.1825E-02  0.2709E-01  0.3506E-01  0.1060E-01  0.3726E-02  0.7644E-01  0.3904E-01  0.9116E-01  0.1878E-02
     -2.229  0.1622E+00  0.1052E-01  0.5683E-05  0.7552E-03  0.2180E-03  0.2872E-03  0.1741E-04  0.1101E-02  0.5760E-01  0.2974E-02  0.2594E-01  0.5331E-01  0.1111E-01  0.6006E-02  0.7482E-01  0.6499E-01  0.8457E-01  0.2913E-02
     -2.219  0.1685E+00  0.1165E-01  0.5093E-05  0.7991E-03  0.2017E-03  0.3092E-03  0.1571E-04  0.1168E-02  0.5910E-01  0.3308E-02  0.2162E-01  0.5688E-01  0.1164E-01  0.6453E-02  0.6148E-01  0.6964E-01  0.6903E-01  0.2970E-02
     -2.209  0.1742E+00  0.1310E-01  0.4944E-05  0.8553E-03  0.2006E-03  0.3388E-03  0.1549E-04  0.1272E-02  0.5979E-01  0.3714E-02  0.2042E-01  0.6146E-01  0.1234E-01  0.7072E-02  0.5906E-01  0.7647E-01  0.6643E-01  0.3085E-02
     -2.199  0.1801E+00  0.1462E-01  0.4795E-05  0.9122E-03  0.2000E-03  0.3692E-03  0.1525E-04  0.1374E-02  0.6024E-01  0.4134E-02  0.1926E-01  0.6616E-01  0.1303E-01  0.7697E-02  0.5658E-01  0.8333E-01  0.6399E-01  0.3187E-02
     -2.189  0.1863E+00  0.1815E-01  0.4645E-05  0.1112E-02  0.1996E-03  0.4572E-03  0.1499E-04  0.1567E-02  0.6045E-01  0.5352E-02  0.1814E-01  0.8065E-01  0.1374E-01  0.9345E-02  0.5403E-01  0.9534E-01  0.6173E-01  0.3743E-02
     -2.179  0.2158E+00  0.2258E-01  0.4762E-05  0.1295E-02  0.2178E-03  0.5621E-03  0.1553E-04  0.2059E-02  0.6479E-01  0.6975E-02  0.1750E-01  0.9476E-01  0.1727E-01  0.1196E-01  0.5282E-01  0.1261E+00  0.6797E-01  0.4487E-02
     -2.169  0.2535E+00  0.2307E-01  0.4887E-05  0.1265E-02  0.2430E-03  0.5653E-03  0.1594E-04  0.2027E-02  0.6954E-01  0.6978E-02  0.1691E-01  0.9337E-01  0.2189E-01  0.1200E-01  0.5125E-01  0.1250E+00  0.6897E-01  0.4345E-02
     -2.159  0.2660E+00  0.2363E-01  0.4933E-05  0.1241E-02  0.2491E-03  0.5686E-03  0.1606E-04  0.1993E-02  0.7212E-01  0.6983E-02  0.1655E-01  0.9245E-01  0.2311E-01  0.1201E-01  0.5024E-01  0.1239E+00  0.6815E-01  0.4198E-02
     -2.149  0.2844E+00  0.2558E-01  0.5041E-05  0.1275E-02  0.2593E-03  0.5790E-03  0.1633E-04  0.1919E-02  0.7519E-01  0.7239E-02  0.1627E-01  0.9649E-01  0.2497E-01  0.1179E-01  0.4944E-01  0.1216E+00  0.6837E-01  0.3814E-02
     -2.139  0.3208E+00  0.2452E-01  0.5293E-05  0.1139E-02  0.2827E-03  0.5539E-03  0.1712E-04  0.1753E-02  0.8043E-01  0.6899E-02  0.1630E-01  0.8663E-01  0.2809E-01  0.1133E-01  0.4966E-01  0.1122E+00  0.7130E-01  0.3526E-02
     -2.129  0.3593E+00  0.2352E-01  0.5542E-05  0.1046E-02  0.3078E-03  0.5169E-03  0.1788E-04  0.1568E-02  0.8527E-01  0.6462E-02  0.1640E-01  0.8016E-01  0.3137E-01  0.1045E-01  0.4978E-01  0.1017E+00  0.7444E-01  0.3218E-02
     -2.119  0.3973E+00  0.2234E-01  0.5746E-05  0.9534E-03  0.3323E-03  0.4851E-03  0.1837E-04  0.1435E-02  0.8887E-01  0.6042E-02  0.1659E-01  0.7360E-01  0.3467E-01  0.9782E-02  0.4921E-01  0.9394E-01  0.7648E-01  0.2899E-02
     -2.109  0.4453E+00  0.2115E-01  0.5994E-05  0.8639E-03  0.3646E-03  0.4536E-03  0.1900E-04  0.1307E-02  0.9315E-01  0.5619E-02  0.1719E-01  0.6727E-01  0.3862E-01  0.9119E-02  0.4882E-01  0.8641E-01  0.7961E-01  0.2587E-02
     -2.099  0.5080E+00  0.2030E-01  0.6305E-05  0.7959E-03  0.4078E-03  0.4308E-03  0.1979E-04  0.1212E-02  0.9743E-01  0.5319E-02  0.1833E-01  0.6245E-01  0.4322E-01  0.8642E-02  0.4844E-01  0.8086E-01  0.8455E-01  0.2356E-02
     -2.089  0.7690E+00  0.2019E-01  0.8367E-05  0.7695E-03  0.6091E-03  0.4270E-03  0.2492E-04  0.1181E-02  0.1100E+00  0.5305E-02  0.2859E-01  0.6062E-01  0.5537E-01  0.8579E-02  0.5889E-01  0.7921E-01  0.1136E+00  0.2296E-02
     -2.079  0.7929E+00  0.2025E-01  0.7759E-05  0.7400E-03  0.6173E-03  0.4243E-03  0.2245E-04  0.1148E-02  0.9846E-01  0.5293E-02  0.2666E-01  0.5859E-01  0.5842E-01  0.8515E-02  0.4996E-01  0.7746E-01  0.1164E+00  0.2225E-02
     -2.069  0.8128E+00  0.2052E-01  0.7156E-05  0.7065E-03  0.6228E-03  0.4235E-03  0.2007E-04  0.1112E-02  0.8776E-01  0.5286E-02  0.2459E-01  0.5632E-01  0.6141E-01  0.8452E-02  0.4129E-01  0.7557E-01  0.1189E+00  0.2138E-02
     -2.059  0.3671E+00  0.2103E-01  0.3469E-05  0.6718E-03  0.2639E-03  0.4250E-03  0.8892E-05  0.1071E-02  0.5668E-01  0.5290E-02  0.5969E-02  0.5400E-01  0.3999E-01  0.8396E-02  0.1233E-01  0.7347E-01  0.5953E-01  0.2043E-02
     -2.049  0.3071E+00  0.2210E-01  0.3045E-05  0.6340E-03  0.2134E-03  0.4320E-03  0.7462E-05  0.1019E-02  0.5389E-01  0.5318E-02  0.3135E-02  0.5152E-01  0.3793E-01  0.8356E-02  0.8010E-02  0.7090E-01  0.5093E-01  0.1923E-02
     -2.039  0.4483E+00  0.2333E-01  0.5562E-05  0.5939E-03  0.3067E-03  0.4399E-03  0.1099E-04  0.9604E-03  0.1486E+00  0.5385E-02  0.4643E-02  0.4888E-01  0.4880E-01  0.8293E-02  0.1580E-01  0.6789E-01  0.6538E-01  0.1791E-02
     -2.029  0.5054E+00  0.2467E-01  0.7316E-05  0.5527E-03  0.3386E-03  0.4486E-03  0.1350E-04  0.8981E-03  0.2338E+00  0.5477E-02  0.5614E-02  0.4615E-01  0.5437E-01  0.8217E-02  0.2187E-01  0.6465E-01  0.7799E-01  0.1655E-02
     -2.019  0.8984E+00  0.2528E-01  0.1032E-04  0.5203E-03  0.5957E-03  0.4503E-03  0.2095E-04  0.8499E-03  0.3367E+00  0.5529E-02  0.7435E-02  0.4385E-01  0.9836E-01  0.8108E-02  0.3327E-01  0.6191E-01  0.1115E+00  0.1570E-02
     -2.009  0.1117E+01  0.2588E-01  0.1531E-04  0.4889E-03  0.7275E-03  0.4520E-03  0.3574E-04  0.8032E-03  0.6445E+00  0.5582E-02  0.1141E-01  0.4162E-01  0.1311E+00  0.8000E-02  0.5296E-01  0.5924E-01  0.1869E+00  0.1490E-02
     -1.999  0.1499E+01  0.2650E-01  0.2070E-04  0.4582E-03  0.9753E-03  0.4541E-03  0.5369E-04  0.7570E-03  0.8559E+00  0.5639E-02  0.1483E-01  0.3943E-01  0.1998E+00  0.7895E-02  0.7808E-01  0.5659E-01  0.2267E+00  0.1411E-02
     -1.989  0.1226E+01  0.2714E-01  0.2484E-04  0.4284E-03  0.7934E-03  0.4564E-03  0.5022E-04  0.7116E-03  0.1066E+01  0.5699E-02  0.1865E-01  0.3731E-01  0.1907E+00  0.7794E-02  0.7954E-01  0.5398E-01  0.2258E+00  0.1334E-02
     -1.979  0.1117E+01  0.2760E-01  0.3576E-04  0.4077E-03  0.6997E-03  0.4582E-03  0.5023E-04  0.6707E-03  0.1764E+01  0.5747E-02  0.3121E-01  0.3576E-01  0.1786E+00  0.7703E-02  0.1114E+00  0.5155E-01  0.2570E+00  0.1286E-02
     -1.969  0.8713E+00  0.2807E-01  0.1334E-04  0.3891E-03  0.5735E-03  0.4605E-03  0.3792E-04  0.6334E-03  0.1813E+00  0.5800E-02  0.9717E-02  0.3437E-01  0.1602E+00  0.7623E-02  0.2077E-01  0.4935E-01  0.1772E+00  0.1241E-02
     -1.959  0.9369E+00  0.2843E-01  0.1655E-04  0.3773E-03  0.6132E-03  0.4622E-03  0.4370E-04  0.6110E-03  0.2228E+00  0.5858E-02  0.1254E-01  0.3348E-01  0.1813E+00  0.7570E-02  0.2375E-01  0.4802E-01  0.2096E+00  0.1211E-02
     -1.949  0.9765E+00  0.2877E-01  0.1964E-04  0.3655E-03  0.6356E-03  0.4637E-03  0.5038E-04  0.5889E-03  0.2612E+00  0.5915E-02  0.1556E-01  0.3258E-01  0.1984E+00  0.7516E-02  0.2667E-01  0.4670E-01  0.2405E+00  0.1182E-02
     -1.939  0.1020E+01  0.3576E-01  0.2479E-04  0.3893E-03  0.6542E-03  0.5947E-03  0.7428E-04  0.6848E-03  0.3463E+00  0.8126E-02  0.2506E-01  0.3604E-01  0.2210E+00  0.1017E-01  0.2687E-01  0.5549E-01  0.3085E+00  0.2102E-02
     -1.929  0.4551E+00  0.4516E-01  0.1219E-04  0.4233E-03  0.3237E-03  0.7275E-03  0.6310E-04  0.7757E-03  0.3113E+00  0.1052E-01  0.1907E-01  0.4131E-01  0.1231E+00  0.1239E-01  0.1506E-01  0.6432E-01  0.1032E+00  0.3120E-02
     -1.919  0.2997E+00  0.4655E-01  0.1185E-04  0.3480E-03  0.2276E-03  0.6638E-03  0.7857E-04  0.6435E-03  0.3729E+00  0.1024E-01  0.2155E-01  0.3372E-01  0.1018E+00  0.9706E-02  0.1610E-01  0.5454E-01  0.8789E-01  0.2131E-02
     -1.909  0.2792E+00  0.4727E-01  0.1300E-04  0.2783E-03  0.2170E-03  0.6271E-03  0.9432E-04  0.5371E-03  0.5105E+00  0.1041E-01  0.2684E-01  0.2646E-01  0.1010E+00  0.7964E-02  0.1762E-01  0.4686E-01  0.9334E-01  0.1474E-02
     -1.899  0.2599E+00  0.5022E-01  0.1413E-04  0.2689E-03  0.2072E-03  0.6519E-03  0.1100E-03  0.5281E-03  0.6629E+00  0.1113E-01  0.3257E-01  0.2583E-01  0.1001E+00  0.7967E-02  0.1914E-01  0.4668E-01  0.9761E-01  0.1590E-02
     -1.889  0.2449E+00  0.5208E-01  0.1534E-04  0.2591E-03  0.2004E-03  0.6657E-03  0.1253E-03  0.5147E-03  0.8221E+00  0.1157E-01  0.3860E-01  0.2507E-01  0.9951E-01  0.7897E-02  0.2066E-01  0.4597E-01  0.1009E+00  0.1654E-02
     -1.879  0.2358E+00  0.5457E-01  0.1668E-04  0.2511E-03  0.1980E-03  0.6864E-03  0.1399E-03  0.5058E-03  0.9831E+00  0.1192E-01  0.4483E-01  0.2446E-01  0.9954E-01  0.7888E-02  0.2218E-01  0.4560E-01  0.1032E+00  0.1716E-02
     -1.869  0.2441E+00  0.5746E-01  0.2029E-04  0.2435E-03  0.2001E-03  0.7110E-03  0.2082E-03  0.4983E-03  0.3241E+01  0.1228E-01  0.1207E+00  0.2390E-01  0.1007E+00  0.7901E-02  0.4241E-01  0.4535E-01  0.1162E+00  0.1797E-02
     -1.859  0.2014E+00  0.5964E-01  0.2097E-04  0.2355E-03  0.1874E-03  0.7287E-03  0.1849E-03  0.4889E-03  0.1754E+01  0.1264E-01  0.7234E-01  0.2329E-01  0.9641E-01  0.7877E-02  0.2964E-01  0.4491E-01  0.9184E-01  0.1868E-02
     -1.849  0.1835E+00  0.6159E-01  0.2653E-04  0.2275E-03  0.1893E-03  0.7442E-03  0.2525E-03  0.4789E-03  0.1976E+01  0.1299E-01  0.7512E-01  0.2268E-01  0.9732E-01  0.7840E-02  0.2748E-01  0.4441E-01  0.8861E-01  0.1936E-02
     -1.839  0.2468E+00  0.8427E-01  0.3539E-04  0.2648E-03  0.2777E-03  0.9944E-03  0.5420E-03  0.5359E-03  0.4554E+01  0.1414E-01  0.1879E+00  0.2721E-01  0.1187E+00  0.9436E-02  0.3442E-01  0.5090E-01  0.1131E+00  0.2026E-02
     -1.829  0.1584E+00  0.9015E-01  0.3767E-04  0.2681E-03  0.1998E-03  0.1053E-02  0.2995E-03  0.5387E-03  0.2090E+01  0.1460E-01  0.9412E-01  0.2767E-01  0.9992E-01  0.9626E-02  0.3151E-01  0.5142E-01  0.9848E-01  0.2101E-02
     -1.819  0.1373E+00  0.9601E-01  0.4375E-04  0.2708E-03  0.1889E-03  0.1111E-02  0.2352E-03  0.5403E-03  0.1411E+01  0.1506E-01  0.6986E-01  0.2805E-01  0.9967E-01  0.9801E-02  0.3442E-01  0.5182E-01  0.1107E+00  0.2178E-02
     -1.809  0.1211E+00  0.1018E+00  0.4947E-04  0.2730E-03  0.1814E-03  0.1168E-02  0.1941E-03  0.5407E-03  0.9865E+00  0.1553E-01  0.5349E-01  0.2836E-01  0.9957E-01  0.9961E-02  0.3701E-01  0.5209E-01  0.1224E+00  0.2255E-02
     -1.799  0.1161E+00  0.1077E+00  0.5459E-04  0.2745E-03  0.1835E-03  0.1225E-02  0.1980E-03  0.5399E-03  0.9626E+00  0.1600E-01  0.5325E-01  0.2861E-01  0.1012E+00  0.1011E-01  0.3966E-01  0.5224E-01  0.1340E+00  0.2333E-02
     -1.789  0.1223E+00  0.1135E+00  0.6124E-04  0.2755E-03  0.2136E-03  0.1281E-02  0.2231E-03  0.5378E-03  0.9602E+00  0.1647E-01  0.5574E-01  0.2878E-01  0.1244E+00  0.1024E-01  0.4954E-01  0.5226E-01  0.1522E+00  0.2412E-02
     -1.779  0.1287E+00  0.1031E+00  0.6773E-04  0.2276E-03  0.2427E-03  0.1143E-02  0.2451E-03  0.4780E-03  0.9541E+00  0.1523E-01  0.5721E-01  0.2400E-01  0.1461E+00  0.8782E-02  0.5896E-01  0.4637E-01  0.1705E+00  0.2442E-02
     -1.769  0.1337E+00  0.8598E-01  0.7446E-04  0.1633E-03  0.2683E-03  0.9288E-03  0.2645E-03  0.3964E-03  0.9433E+00  0.1368E-01  0.5766E-01  0.1752E-01  0.1649E+00  0.6833E-02  0.6749E-01  0.3840E-01  0.1897E+00  0.2465E-02
     -1.759  0.1217E+00  0.6756E-01  0.7803E-04  0.9917E-04  0.2572E-03  0.7036E-03  0.2556E-03  0.3192E-03  0.8940E+00  0.1351E-01  0.5532E-01  0.1100E-01  0.1555E+00  0.4977E-02  0.6667E-01  0.3126E-01  0.1994E+00  0.2519E-02
     -1.749  0.1021E+00  0.5828E-01  0.8038E-04  0.6525E-04  0.2274E-03  0.5888E-03  0.2331E-03  0.2835E-03  0.8282E+00  0.1459E-01  0.5180E-01  0.7555E-02  0.1318E+00  0.4076E-02  0.6119E-01  0.2830E-01  0.2042E+00  0.2619E-02
     -1.739  0.8274E-01  0.6093E-01  0.8321E-04  0.6649E-04  0.1961E-03  0.6134E-03  0.2104E-03  0.2960E-03  0.7640E+00  0.1653E-01  0.4828E-01  0.7735E-02  0.1072E+00  0.4234E-02  0.5547E-01  0.2998E-01  0.2092E+00  0.2757E-02
     -1.729  0.6356E-01  0.6345E-01  0.8652E-04  0.6751E-04  0.1632E-03  0.6367E-03  0.1874E-03  0.3076E-03  0.7013E+00  0.1856E-01  0.4478E-01  0.7885E-02  0.8169E-01  0.4386E-02  0.4951E-01  0.3159E-01  0.2143E+00  0.2897E-02
     -1.719  0.5620E-01  0.6585E-01  0.9149E-04  0.6832E-04  0.1523E-03  0.6588E-03  0.1794E-03  0.3181E-03  0.6571E+00  0.2069E-01  0.4297E-01  0.8006E-02  0.7251E-01  0.4532E-02  0.4876E-01  0.3314E-01  0.2252E+00  0.3037E-02
     -1.709  0.5863E-01  0.9573E-01  0.9986E-04  0.9411E-04  0.1609E-03  0.9598E-03  0.1833E-03  0.3813E-03  0.6226E+00  0.2330E-01  0.4326E-01  0.1169E-01  0.7745E-01  0.6352E-02  0.5235E-01  0.3963E-01  0.2443E+00  0.4755E-02
     -1.699  0.9195E-01  0.1364E+00  0.1324E-03  0.1293E-03  0.2250E-03  0.1372E-02  0.2085E-03  0.4985E-03  0.5604E+00  0.3589E-01  0.4711E-01  0.1604E-01  0.1224E+00  0.9083E-02  0.8743E-01  0.5395E-01  0.4385E+00  0.6970E-02
     -1.689  0.1348E+00  0.1697E+00  0.1854E-03  0.1540E-03  0.3060E-03  0.1700E-02  0.2871E-03  0.5543E-03  0.4632E+00  0.3791E-01  0.5208E-01  0.1969E-01  0.1751E+00  0.1082E-01  0.1701E+00  0.5945E-01  0.7010E+00  0.9083E-02
     -1.679  0.1454E+00  0.1557E+00  0.2298E-03  0.1282E-03  0.3383E-03  0.1526E-02  0.3190E-03  0.4847E-03  0.4227E+00  0.3347E-01  0.5684E-01  0.1639E-01  0.1924E+00  0.8747E-02  0.1908E+00  0.5125E-01  0.8273E+00  0.8677E-02
     -1.669  0.1462E+00  0.1412E+00  0.2678E-03  0.1053E-03  0.3556E-03  0.1356E-02  0.3346E-03  0.4175E-03  0.3835E+00  0.2836E-01  0.5770E-01  0.1351E-01  0.1984E+00  0.6963E-02  0.1993E+00  0.4313E-01  0.9126E+00  0.8011E-02
     -1.659  0.1255E+00  0.1328E+00  0.2721E-03  0.9107E-04  0.3343E-03  0.1254E-02  0.3118E-03  0.3638E-03  0.3304E+00  0.2259E-01  0.4935E-01  0.1189E-01  0.1777E+00  0.5843E-02  0.1829E+00  0.3614E-01  0.8421E+00  0.7547E-02
     -1.649  0.1021E+00  0.1415E+00  0.2708E-03  0.8711E-04  0.3090E-03  0.1283E-02  0.2758E-03  0.3965E-03  0.2794E+00  0.1663E-01  0.4060E-01  0.1160E-01  0.1545E+00  0.4995E-02  0.1556E+00  0.3701E-01  0.7432E+00  0.7884E-02
     -1.639  0.8407E-01  0.2040E+00  0.7232E-03  0.1140E-03  0.5891E-03  0.1722E-02  0.3297E-03  0.6960E-03  0.2820E+00  0.1368E-01  0.4337E-01  0.1509E-01  0.2231E+00  0.5054E-02  0.1390E+00  0.6302E-01  0.9901E+00  0.1074E-01
     -1.629  0.7051E-01  0.2726E+00  0.9455E-03  0.1440E-03  0.7445E-03  0.2217E-02  0.2967E-03  0.1019E-02  0.2589E+00  0.1623E-01  0.3690E-01  0.1860E-01  0.2587E+00  0.5488E-02  0.1241E+00  0.9236E-01  0.1190E+01  0.1373E-01
     -1.619  0.5446E-01  0.2674E+00  0.6602E-03  0.1187E-03  0.5506E-03  0.2161E-02  0.2639E-03  0.8634E-03  0.2169E+00  0.1816E-01  0.2149E-01  0.1455E-01  0.1894E+00  0.4522E-02  0.1159E+00  0.7548E-01  0.1006E+01  0.1264E-01
     -1.609  0.3081E-01  0.3110E+00  0.1736E-03  0.1108E-03  0.1849E-03  0.2549E-02  0.2377E-03  0.8207E-03  0.1631E+00  0.2320E-01  0.8589E-02  0.1315E-01  0.6409E-01  0.4834E-02  0.8466E-01  0.6804E-01  0.4440E+00  0.1294E-01
     -1.599  0.1045E+00  0.3570E+00  0.5973E-03  0.1024E-03  0.1096E-02  0.2951E-02  0.3523E-03  0.7874E-03  0.1855E+00  0.2821E-01  0.1110E-01  0.1184E-01  0.4388E+00  0.5100E-02  0.1548E+00  0.6140E-01  0.7799E+00  0.1339E-01
     -1.589  0.1316E+00  0.4055E+00  0.1034E-02  0.9358E-04  0.1682E-02  0.3370E-02  0.5607E-03  0.7634E-03  0.3233E+00  0.3319E-01  0.1561E-01  0.1063E-01  0.6227E+00  0.5320E-02  0.2346E+00  0.5556E-01  0.1370E+01  0.1399E-01
     -1.579  0.1344E+00  0.7152E+00  0.9946E-03  0.1004E-03  0.1726E-02  0.5895E-02  0.6026E-03  0.1135E-02  0.3479E+00  0.4602E-01  0.1651E-01  0.1096E-01  0.6377E+00  0.6638E-02  0.2497E+00  0.7249E-01  0.1221E+01  0.2103E-01
     -1.569  0.1400E+00  0.3200E+00  0.8955E-03  0.6488E-04  0.1632E-02  0.2566E-02  0.6148E-03  0.5466E-03  0.3220E+00  0.3684E-01  0.1908E-01  0.7757E-02  0.6201E+00  0.4033E-02  0.2772E+00  0.3904E-01  0.9078E+00  0.1368E-01
     -1.559  0.1159E+00  0.2077E+00  0.7039E-03  0.4343E-04  0.1233E-02  0.1612E-02  0.5461E-03  0.3487E-03  0.2886E+00  0.3004E-01  0.2155E-01  0.5997E-02  0.4737E+00  0.3649E-02  0.2490E+00  0.2515E-01  0.6234E+00  0.1224E-01
     -1.549  0.1033E+00  0.2560E+00  0.6568E-03  0.4378E-04  0.1058E-02  0.1912E-02  0.4691E-03  0.4354E-03  0.2527E+00  0.3477E-01  0.2358E-01  0.6916E-02  0.4118E+00  0.4607E-02  0.2212E+00  0.3246E-01  0.4794E+00  0.1602E-01
     -1.539  0.8972E-01  0.3904E+00  0.6149E-03  0.5514E-04  0.9287E-03  0.2871E-02  0.4038E-03  0.6468E-03  0.2364E+00  0.5221E-01  0.2427E-01  0.1157E-01  0.3601E+00  0.6953E-02  0.1893E+00  0.4846E-01  0.3708E+00  0.2427E-01
     -1.529  0.7753E-01  0.4087E+00  0.5846E-03  0.5365E-04  0.8195E-03  0.2988E-02  0.3844E-03  0.6385E-03  0.2430E+00  0.6183E-01  0.2549E-01  0.1446E-01  0.3131E+00  0.8465E-02  0.1663E+00  0.4727E-01  0.2901E+00  0.2680E-01
     -1.519  0.6110E-01  0.4262E+00  0.5921E-03  0.5205E-04  0.7045E-03  0.3099E-02  0.3436E-03  0.6269E-03  0.2401E+00  0.7185E-01  0.2686E-01  0.1756E-01  0.2592E+00  0.1006E-01  0.1332E+00  0.4581E-01  0.2011E+00  0.2933E-01
     -1.509  0.4238E-01  0.4434E+00  0.5977E-03  0.5044E-04  0.5779E-03  0.3208E-02  0.2911E-03  0.6131E-03  0.2423E+00  0.8251E-01  0.2848E-01  0.2089E-01  0.1991E+00  0.1177E-01  0.9259E-01  0.4420E-01  0.1130E+00  0.3191E-01
     -1.499  0.3807E-01  0.4719E+00  0.5866E-03  0.5127E-04  0.5352E-03  0.3392E-02  0.2932E-03  0.6220E-03  0.2779E+00  0.9977E-01  0.3110E-01  0.2544E-01  0.1806E+00  0.1405E-01  0.8580E-01  0.4478E-01  0.7918E-01  0.3619E-01
     -1.489  0.3529E-01  0.4527E+00  0.5972E-03  0.4995E-04  0.5305E-03  0.3222E-02  0.3250E-03  0.5468E-03  0.3360E+00  0.1268E+00  0.3506E-01  0.3496E-01  0.1737E+00  0.1697E-01  0.8275E-01  0.4142E-01  0.5879E-01  0.4385E-01
     -1.479  0.1535E+00  0.4574E+00  0.2130E-02  0.5110E-04  0.2017E-02  0.3223E-02  0.1087E-02  0.5238E-03  0.5037E+00  0.1552E+00  0.8435E-01  0.4334E-01  0.7203E+00  0.1999E-01  0.3769E+00  0.4089E-01  0.1163E+00  0.5202E-01
     -1.469  0.8128E-01  0.4582E+00  0.1511E-02  0.5445E-04  0.1186E-02  0.3181E-02  0.5973E-03  0.5055E-03  0.3456E+00  0.1763E+00  0.6327E-01  0.5749E-01  0.4024E+00  0.2522E-01  0.2015E+00  0.3977E-01  0.7129E-01  0.6737E-01
     -1.459  0.8506E-01  0.4745E+00  0.1719E-02  0.5836E-04  0.1266E-02  0.3263E-02  0.5931E-03  0.4977E-03  0.2856E+00  0.1934E+00  0.6716E-01  0.7209E-01  0.4270E+00  0.3059E-01  0.2133E+00  0.3805E-01  0.6972E-01  0.8065E-01
     -1.449  0.8862E-01  0.4888E+00  0.1932E-02  0.6763E-04  0.1346E-02  0.3342E-02  0.5886E-03  0.4956E-03  0.2169E+00  0.2354E+00  0.7081E-01  0.9176E-01  0.4512E+00  0.3603E-01  0.2248E+00  0.3798E-01  0.6845E-01  0.9894E-01
     -1.439  0.9211E-01  0.4696E+00  0.2152E-02  0.7496E-04  0.1432E-02  0.3198E-02  0.6074E-03  0.4624E-03  0.1856E+00  0.2958E+00  0.7681E-01  0.1085E+00  0.4760E+00  0.3900E-01  0.2369E+00  0.3621E-01  0.6905E-01  0.1140E+00
     -1.429  0.9553E-01  0.2481E+00  0.2379E-02  0.5391E-04  0.1526E-02  0.1671E-02  0.6511E-03  0.2276E-03  0.2020E+00  0.2181E+00  0.8570E-01  0.7632E-01  0.5014E+00  0.2286E-01  0.2493E+00  0.1901E-01  0.7137E-01  0.9029E-01
     -1.419  0.9871E-01  0.1468E+00  0.3000E-02  0.4429E-04  0.1691E-02  0.9679E-03  0.7177E-03  0.1423E-03  0.2158E+00  0.1480E+00  0.1140E+00  0.5643E-01  0.5392E+00  0.1453E-01  0.2674E+00  0.1243E-01  0.6842E-01  0.7540E-01
     -1.409  0.1023E+00  0.1145E+00  0.3416E-02  0.3803E-04  0.1820E-02  0.7520E-03  0.7698E-03  0.1124E-03  0.2306E+00  0.9393E-01  0.1321E+00  0.4718E-01  0.5714E+00  0.1088E-01  0.2824E+00  0.9735E-02  0.7177E-01  0.6571E-01
     -1.399  0.1198E+00  0.9189E-01  0.5012E-02  0.3293E-04  0.2413E-02  0.5979E-03  0.1116E-02  0.8717E-04  0.4002E+00  0.7060E-01  0.2017E+00  0.4137E-01  0.7164E+00  0.9568E-02  0.3590E+00  0.7632E-02  0.9276E-01  0.5723E-01
     -1.389  0.9445E-01  0.2436E+00  0.4886E-02  0.1514E-03  0.2096E-02  0.1649E-02  0.9114E-03  0.3736E-03  0.3853E+00  0.1977E+01  0.1994E+00  0.2867E+00  0.5995E+00  0.6818E-01  0.2875E+00  0.2487E-01  0.7095E-01  0.3835E+00
     -1.379  0.8676E-01  0.2454E+00  0.5121E-02  0.1137E-03  0.2033E-02  0.1686E-02  0.9435E-03  0.4797E-03  0.4873E+00  0.2224E+01  0.2099E+00  0.2343E+00  0.5673E+00  0.7624E-01  0.2801E+00  0.2920E-01  0.6890E-01  0.2752E+00
     -1.369  0.8419E-01  0.2505E+00  0.5228E-02  0.1041E-03  0.2012E-02  0.1770E-02  0.1006E-02  0.3145E-03  0.6011E+00  0.1210E+01  0.2184E+00  0.1693E+00  0.5554E+00  0.8078E-01  0.2788E+00  0.3365E-01  0.6975E-01  0.2171E+00
     -1.359  0.8130E-01  0.1777E+00  0.5265E-02  0.7897E-04  0.1976E-02  0.1231E-02  0.1060E-02  0.1892E-03  0.7266E+00  0.6628E+00  0.2235E+00  0.1091E+00  0.5400E+00  0.5777E-01  0.2747E+00  0.2398E-01  0.7042E-01  0.1519E+00
     -1.349  0.7810E-01  0.1099E+00  0.5231E-02  0.6200E-04  0.1926E-02  0.7219E-03  0.1106E-02  0.1202E-03  0.8638E+00  0.3618E+00  0.2253E+00  0.7565E-01  0.5212E+00  0.3273E-01  0.2680E+00  0.1420E-01  0.7092E-01  0.1122E+00
     -1.339  0.7457E-01  0.9598E-01  0.5126E-02  0.6400E-04  0.1862E-02  0.6292E-03  0.1143E-02  0.1142E-03  0.1013E+01  0.3293E+00  0.2238E+00  0.6807E-01  0.4989E+00  0.2892E-01  0.2587E+00  0.1236E-01  0.7125E-01  0.1182E+00
     -1.329  0.6748E-01  0.5968E-01  0.4934E-02  0.3242E-04  0.1750E-02  0.3990E-03  0.1078E-02  0.8270E-04  0.9989E+00  0.2253E+00  0.2136E+00  0.4047E-01  0.4618E+00  0.1705E-01  0.2391E+00  0.8701E-02  0.6682E-01  0.5784E-01
     -1.319  0.4791E-01  0.1295E+00  0.4286E-02  0.2478E-03  0.1424E-02  0.9697E-03  0.8890E-03  0.1325E-03  0.7864E+00  0.6646E+00  0.1873E+00  0.1032E+00  0.3617E+00  0.6526E-01  0.1941E+00  0.3567E-01  0.5366E-01  0.3101E+00
     -1.309  0.1694E-01  0.1338E+00  0.2079E-02  0.1712E-03  0.4369E-03  0.9158E-03  0.6808E-03  0.1259E-03  0.6283E+00  0.5229E+00  0.8931E-01  0.7298E-01  0.1071E+00  0.6839E-01  0.1369E+00  0.2683E-01  0.2094E-01  0.2615E+00
     -1.299  0.1997E-01  0.1036E+00  0.2509E-02  0.1265E-03  0.4411E-03  0.6978E-03  0.9864E-03  0.1048E-03  0.1993E+01  0.4549E+00  0.2634E+00  0.5216E-01  0.1386E+00  0.5810E-01  0.9714E-01  0.2163E-01  0.3632E-01  0.2169E+00
     -1.289  0.2538E-01  0.1076E+00  0.3446E-02  0.1198E-03  0.5408E-03  0.6458E-03  0.9208E-03  0.9407E-04  0.2730E+01  0.3882E+00  0.4043E+00  0.3834E-01  0.1849E+00  0.6700E-01  0.7044E-01  0.3102E-01  0.5459E-01  0.2139E+00
     -1.279  0.2428E-01  0.1257E+00  0.4327E-02  0.1312E-03  0.5320E-03  0.7220E-03  0.7175E-03  0.1011E-03  0.3654E+01  0.4139E+00  0.4293E+00  0.3425E-01  0.1850E+00  0.8431E-01  0.1204E+00  0.4160E-01  0.7724E-01  0.2329E+00
     -1.269  0.5922E-01  0.1489E+00  0.1202E-01  0.1420E-03  0.1343E-02  0.8233E-03  0.1627E-02  0.1062E-03  0.1012E+02  0.4249E+00  0.1315E+01  0.3001E-01  0.5599E+00  0.1062E+00  0.4235E+00  0.5295E-01  0.2410E+00  0.2471E+00
     -1.259  0.3110E-01  0.1577E+00  0.1588E-01  0.8492E-04  0.1890E-02  0.8651E-03  0.1632E-02  0.1002E-03  0.1145E+02  0.2757E+00  0.1674E+01  0.1895E-01  0.6062E+00  0.1159E+00  0.6368E+00  0.3684E-01  0.2108E+00  0.1454E+00
     -1.249  0.8207E-02  0.1641E+00  0.1986E-01  0.7700E-04  0.1470E-02  0.8763E-03  0.1461E-02  0.9668E-04  0.3748E+01  0.2309E+00  0.1374E+01  0.1672E-01  0.2629E+00  0.1247E+00  0.2986E+00  0.3528E-01  0.7095E-01  0.1293E+00
     -1.239  0.0000E+00  0.1282E+00  0.0000E+00  0.4798E-04  0.0000E+00  0.6844E-03  0.0000E+00  0.7340E-04  0.0000E+00  0.1682E+00  0.0000E+00  0.1379E-01  0.0000E+00  0.9703E-01  0.0000E+00  0.2513E-01  0.0000E+00  0.8097E-01
     -1.229  0.0000E+00  0.1410E+00  0.0000E+00  0.3272E-04  0.0000E+00  0.7866E-03  0.0000E+00  0.6452E-04  0.0000E+00  0.1815E+00  0.0000E+00  0.2276E-01  0.0000E+00  0.9893E-01  0.0000E+00  0.2758E-01  0.0000E+00  0.5033E-01
     -1.219  0.0000E+00  0.7353E-01  0.0000E+00  0.1493E-04  0.0000E+00  0.3835E-03  0.0000E+00  0.3498E-04  0.0000E+00  0.7111E-01  0.0000E+00  0.1003E-01  0.0000E+00  0.5566E-01  0.0000E+00  0.1275E-01  0.0000E+00  0.2635E-01
     -1.208  0.0000E+00  0.0000E+00  0.0000E+00  0.0000E+00  0.0000E+00  0.0000E+00  0.0000E+00  0.0000E+00  0.0000E+00  0.0000E+00  0.0000E+00  0.0000E+00  0.0000E+00  0.0000E+00  0.0000E+00  0.0000E+00  0.0000E+00  0.0000E+00
     -1.198  0.0000E+00  0.0000E+00  0.0000E+00  0.0000E+00  0.0000E+00  0.0000E+00  0.0000E+00  0.0000E+00  0.0000E+00  0.0000E+00  0.0000E+00  0.0000E+00  0.0000E+00  0.0000E+00  0.0000E+00  0.0000E+00  0.0000E+00  0.0000E+00
     -1.188  0.1407E-02  0.0000E+00  0.2604E-03  0.0000E+00  0.3917E-03  0.0000E+00  0.1910E-02  0.0000E+00  0.1576E+00  0.0000E+00  0.2165E-01  0.0000E+00  0.6811E-01  0.0000E+00  0.1556E+00  0.0000E+00  0.1812E-01  0.0000E+00
     -1.178  0.7369E-02  0.0000E+00  0.1703E-02  0.0000E+00  0.1582E-02  0.0000E+00  0.7893E-02  0.0000E+00  0.5085E+00  0.0000E+00  0.1172E+00  0.0000E+00  0.2672E+00  0.0000E+00  0.6095E+00  0.0000E+00  0.7319E-01  0.0000E+00
     -1.168  0.1087E-01  0.0000E+00  0.3326E-02  0.0000E+00  0.1930E-02  0.0000E+00  0.9608E-02  0.0000E+00  0.4403E+00  0.0000E+00  0.2073E+00  0.0000E+00  0.3101E+00  0.0000E+00  0.6924E+00  0.0000E+00  0.8568E-01  0.0000E+00
     -1.158  0.1391E-01  0.0000E+00  0.4700E-02  0.0000E+00  0.2219E-02  0.0000E+00  0.1135E-01  0.0000E+00  0.2862E+00  0.0000E+00  0.2751E+00  0.0000E+00  0.3233E+00  0.0000E+00  0.7514E+00  0.0000E+00  0.8910E-01  0.0000E+00
     -1.148  0.1801E-01  0.0000E+00  0.6353E-02  0.0000E+00  0.2925E-02  0.0000E+00  0.1545E-01  0.0000E+00  0.2839E+00  0.0000E+00  0.3638E+00  0.0000E+00  0.4093E+00  0.0000E+00  0.9823E+00  0.0000E+00  0.1130E+00  0.0000E+00
     -1.138  0.4140E-01  0.0000E+00  0.1933E-01  0.0000E+00  0.7024E-02  0.0000E+00  0.4120E-01  0.0000E+00  0.4241E+00  0.0000E+00  0.1038E+01  0.0000E+00  0.9865E+00  0.0000E+00  0.2425E+01  0.0000E+00  0.2943E+00  0.0000E+00
     -1.128  0.1163E+00  0.0000E+00  0.7553E-01  0.0000E+00  0.1495E-01  0.0000E+00  0.7764E-01  0.0000E+00  0.5273E+00  0.0000E+00  0.4047E+01  0.0000E+00  0.1902E+01  0.0000E+00  0.4289E+01  0.0000E+00  0.5732E+00  0.0000E+00
     -1.118  0.3582E-01  0.0000E+00  0.1942E-01  0.0000E+00  0.6007E-02  0.0000E+00  0.2585E-01  0.0000E+00  0.9113E-01  0.0000E+00  0.1069E+01  0.0000E+00  0.5899E+00  0.0000E+00  0.1537E+01  0.0000E+00  0.1176E+00  0.0000E+00
     -1.108  0.1345E-01  0.2445E-04  0.6480E-02  0.6891E-08  0.3629E-02  0.1604E-06  0.1362E-01  0.4263E-06  0.1386E-01  0.8285E-03  0.3501E+00  0.3477E-04  0.2670E+00  0.3416E-04  0.8493E+00  0.3926E-04  0.1735E-01  0.2171E-04
     -1.098  0.6245E-02  0.1123E-02  0.2790E-02  0.3126E-06  0.1699E-02  0.7270E-05  0.6422E-02  0.1806E-04  0.5451E-02  0.3507E-01  0.1503E+00  0.1509E-02  0.1225E+00  0.1573E-02  0.3984E+00  0.1716E-02  0.7364E-02  0.9285E-03
     -1.088  0.0000E+00  0.2356E-02  0.0000E+00  0.6489E-06  0.0000E+00  0.1508E-04  0.0000E+00  0.3510E-04  0.0000E+00  0.6809E-01  0.0000E+00  0.3004E-02  0.0000E+00  0.3311E-02  0.0000E+00  0.3441E-02  0.0000E+00  0.1822E-02
     -1.078  0.0000E+00  0.3725E-02  0.0000E+00  0.1016E-05  0.0000E+00  0.2359E-04  0.0000E+00  0.5155E-04  0.0000E+00  0.9988E-01  0.0000E+00  0.4520E-02  0.0000E+00  0.5246E-02  0.0000E+00  0.5213E-02  0.0000E+00  0.2701E-02
     -1.068  0.0000E+00  0.5229E-02  0.0000E+00  0.1414E-05  0.0000E+00  0.3280E-04  0.0000E+00  0.6741E-04  0.0000E+00  0.1305E+00  0.0000E+00  0.6057E-02  0.0000E+00  0.7380E-02  0.0000E+00  0.7034E-02  0.0000E+00  0.3566E-02
     -1.058  0.0000E+00  0.4616E-01  0.0000E+00  0.5006E-04  0.0000E+00  0.2467E-03  0.0000E+00  0.1008E-03  0.0000E+00  0.1935E+00  0.0000E+00  0.8867E-02  0.0000E+00  0.9711E-01  0.0000E+00  0.4113E-01  0.0000E+00  0.5431E-02
     -1.048  0.0000E+00  0.2346E+00  0.0000E+00  0.2809E-03  0.0000E+00  0.1219E-02  0.0000E+00  0.2041E-03  0.0000E+00  0.3855E+00  0.0000E+00  0.1677E-01  0.0000E+00  0.5166E+00  0.0000E+00  0.1942E+00  0.0000E+00  0.1085E-01
     -1.038  0.0000E+00  0.2800E+00  0.0000E+00  0.3150E-03  0.0000E+00  0.1484E-02  0.0000E+00  0.2889E-03  0.0000E+00  0.5396E+00  0.0000E+00  0.2960E-01  0.0000E+00  0.6169E+00  0.0000E+00  0.2351E+00  0.0000E+00  0.2063E-01
     -1.028  0.8040E-02  0.4623E+00  0.1079E-02  0.5116E-03  0.5444E-04  0.2472E-02  0.2734E-03  0.3786E-03  0.1758E-02  0.6954E+00  0.6230E-01  0.4432E-01  0.6241E-02  0.1049E+01  0.1883E-01  0.3904E+00  0.3730E-02  0.3193E-01
     -1.018  0.6023E-01  0.3044E+00  0.8048E-02  0.3442E-03  0.4471E-03  0.1541E-02  0.2332E-02  0.3054E-03  0.1370E-01  0.5697E+00  0.4635E+00  0.3802E-01  0.5186E-01  0.7025E+00  0.1501E+00  0.2393E+00  0.2933E-01  0.2603E-01
     -1.008  0.1106E+00  0.2812E+00  0.1471E-01  0.3187E-03  0.8959E-03  0.1417E-02  0.4825E-02  0.2355E-03  0.2617E-01  0.4464E+00  0.8455E+00  0.2866E-01  0.1050E+00  0.6618E+00  0.2931E+00  0.2173E+00  0.5652E-01  0.2709E-01
     -0.998  0.1129E+00  0.2698E+00  0.1447E-01  0.3057E-03  0.1632E-02  0.1352E-02  0.1014E-01  0.2046E-03  0.3816E-01  0.3880E+00  0.8236E+00  0.2556E-01  0.1986E+00  0.6392E+00  0.4575E+00  0.2057E+00  0.8238E-01  0.2827E-01
     -0.988  0.1196E+00  0.2346E+00  0.1526E-01  0.2610E-03  0.1860E-02  0.1160E-02  0.1173E-01  0.1639E-03  0.4407E-01  0.3061E+00  0.8653E+00  0.2117E-01  0.2318E+00  0.5554E+00  0.5014E+00  0.1723E+00  0.9350E-01  0.2558E-01
     -0.978  0.1268E+00  0.1722E+00  0.1610E-01  0.1840E-03  0.2074E-02  0.8561E-03  0.1321E-01  0.1197E-03  0.4983E-01  0.2153E+00  0.9086E+00  0.1591E-01  0.2639E+00  0.4071E+00  0.5418E+00  0.1257E+00  0.1044E+00  0.2099E-01
     -0.968  0.1420E+00  0.9605E-01  0.1797E-01  0.9093E-04  0.2638E-02  0.4975E-03  0.1709E-01  0.7520E-04  0.6491E-01  0.1222E+00  0.1012E+01  0.1027E-01  0.3391E+00  0.2252E+00  0.6565E+00  0.7307E-01  0.1294E+00  0.1529E-01
     -0.958  0.1604E+00  0.8116E-01  0.1972E-01  0.7481E-04  0.3077E-02  0.4111E-03  0.2032E-01  0.6062E-04  0.7878E-01  0.9454E-01  0.1109E+01  0.8450E-02  0.4233E+00  0.1916E+00  0.7257E+00  0.5848E-01  0.1587E+00  0.1330E-01
     -0.948  0.1761E+00  0.6114E-01  0.2065E-01  0.5329E-04  0.3395E-02  0.2940E-03  0.2259E-01  0.4734E-04  0.8870E-01  0.7083E-01  0.1163E+01  0.6386E-02  0.4836E+00  0.1466E+00  0.7662E+00  0.3778E-01  0.1803E+00  0.8118E-02
     -0.938  0.1949E+00  0.4030E-01  0.2161E-01  0.3088E-04  0.3807E-02  0.1733E-03  0.2530E-01  0.3469E-04  0.1024E+00  0.4928E-01  0.1216E+01  0.4194E-02  0.5419E+00  0.9950E-01  0.8263E+00  0.1634E-01  0.2010E+00  0.2123E-02
     -0.928  0.1658E+00  0.3214E-01  0.1783E-01  0.2366E-04  0.3773E-02  0.1335E-03  0.2402E-01  0.2709E-04  0.1040E+00  0.3763E-01  0.9827E+00  0.2837E-02  0.4288E+00  0.8083E-01  0.8328E+00  0.1099E-01  0.1557E+00  0.1217E-02
     -0.918  0.1438E+00  0.2123E-01  0.1502E-01  0.1961E-04  0.3732E-02  0.9057E-04  0.2244E-01  0.1582E-04  0.1046E+00  0.2661E-01  0.7986E+00  0.2765E-02  0.3062E+00  0.5783E-01  0.8524E+00  0.9496E-02  0.1088E+00  0.1629E-02
     -0.908  0.1550E+00  0.5334E-01  0.1560E-01  0.8340E-04  0.4011E-02  0.2518E-03  0.2366E-01  0.3049E-04  0.1128E+00  0.1063E+00  0.8186E+00  0.1831E-01  0.2976E+00  0.1816E+00  0.9177E+00  0.4536E-01  0.1057E+00  0.1145E-01
     -0.898  0.1600E+00  0.8798E-01  0.1508E-01  0.1394E-03  0.4433E-02  0.4141E-03  0.2511E-01  0.5616E-04  0.1269E+00  0.2005E+00  0.7727E+00  0.3399E-01  0.2522E+00  0.3039E+00  0.1026E+01  0.7646E-01  0.8799E-01  0.2122E-01
     -0.888  0.1749E+00  0.1111E+00  0.1561E-01  0.1786E-03  0.4838E-02  0.5172E-03  0.2680E-01  0.7165E-04  0.1441E+00  0.2664E+00  0.7853E+00  0.4803E-01  0.2355E+00  0.3915E+00  0.1120E+01  0.9675E-01  0.8197E-01  0.3037E-01
     -0.878  0.6141E-01  0.1311E+00  0.5479E-02  0.2193E-03  0.1736E-02  0.5962E-03  0.9648E-02  0.8808E-04  0.5717E-01  0.3457E+00  0.2724E+00  0.6914E-01  0.8092E-01  0.4819E+00  0.3975E+00  0.1147E+00  0.2822E-01  0.4315E-01
     -0.868  0.0000E+00  0.6422E-01  0.0000E+00  0.1074E-03  0.0000E+00  0.2686E-03  0.0000E+00  0.8689E-04  0.0000E+00  0.3584E+00  0.0000E+00  0.6538E-01  0.0000E+00  0.2376E+00  0.0000E+00  0.5870E-01  0.0000E+00  0.4077E-01
     -0.858  0.5081E-02  0.6973E-01  0.4574E-03  0.1203E-03  0.4524E-03  0.2831E-03  0.2920E-02  0.9632E-04  0.1915E-01  0.4022E+00  0.2279E-01  0.8948E-01  0.2394E-01  0.2632E+00  0.9116E-01  0.6390E-01  0.6625E-02  0.5272E-01
     -0.848  0.1469E-01  0.5572E-01  0.1361E-02  0.9429E-04  0.1139E-02  0.1984E-03  0.7370E-02  0.9026E-04  0.4825E-01  0.4019E+00  0.6775E-01  0.1005E+00  0.6301E-01  0.2100E+00  0.2283E+00  0.4816E-01  0.1787E-01  0.6130E-01
     -0.838  0.2586E-01  0.5825E-01  0.2455E-02  0.9755E-04  0.1757E-02  0.1873E-03  0.1139E-01  0.8668E-04  0.7441E-01  0.4076E+00  0.1221E+00  0.1265E+00  0.1017E+00  0.2190E+00  0.3497E+00  0.4511E-01  0.2956E-01  0.7639E-01
     -0.828  0.3621E-01  0.6231E-01  0.3120E-02  0.1003E-03  0.1752E-02  0.1691E-03  0.1096E-01  0.8171E-04  0.7169E-01  0.4526E+00  0.1544E+00  0.1535E+00  0.1041E+00  0.2342E+00  0.3358E+00  0.3839E-01  0.3107E-01  0.9921E-01
     -0.818  0.4656E-01  0.6232E-01  0.3469E-02  0.9342E-04  0.1726E-02  0.1389E-03  0.1013E-01  0.8210E-04  0.6735E-01  0.5462E+00  0.1710E+00  0.1624E+00  0.9850E-01  0.2350E+00  0.3148E+00  0.2974E-01  0.3031E-01  0.1174E+00
     -0.808  0.4924E-01  0.6233E-01  0.3507E-02  0.8312E-04  0.1722E-02  0.1115E-03  0.9902E-02  0.8422E-04  0.6558E-01  0.6421E+00  0.1725E+00  0.1731E+00  0.9735E-01  0.2333E+00  0.3076E+00  0.2164E-01  0.3005E-01  0.1393E+00
     -0.798  0.5155E-01  0.6117E-01  0.3547E-02  0.6877E-04  0.1714E-02  0.9472E-04  0.9705E-02  0.6494E-04  0.6386E-01  0.4984E+00  0.1740E+00  0.1645E+00  0.9641E-01  0.2290E+00  0.3009E+00  0.1339E-01  0.2984E-01  0.1455E+00
     -0.788  0.6838E-01  0.1308E-01  0.4001E-02  0.1409E-04  0.2348E-02  0.1951E-04  0.1227E-01  0.1336E-04  0.8406E-01  0.1131E+00  0.1948E+00  0.3416E-01  0.1131E+00  0.4978E-01  0.3904E+00  0.2523E-02  0.3347E-01  0.3278E-01
     -0.778  0.6343E+00  0.0000E+00  0.2137E-01  0.0000E+00  0.1666E-01  0.0000E+00  0.6503E-01  0.0000E+00  0.3752E+00  0.0000E+00  0.1150E+01  0.0000E+00  0.6742E+00  0.0000E+00  0.2394E+01  0.0000E+00  0.1882E+00  0.0000E+00
     -0.768  0.3546E+00  0.0000E+00  0.1470E-01  0.0000E+00  0.8045E-02  0.0000E+00  0.3394E-01  0.0000E+00  0.2007E+00  0.0000E+00  0.7413E+00  0.0000E+00  0.3349E+00  0.0000E+00  0.1246E+01  0.0000E+00  0.1072E+00  0.0000E+00
     -0.758  0.1648E+00  0.0000E+00  0.8015E-02  0.0000E+00  0.4142E-02  0.0000E+00  0.1809E-01  0.0000E+00  0.1154E+00  0.0000E+00  0.3816E+00  0.0000E+00  0.1746E+00  0.0000E+00  0.6214E+00  0.0000E+00  0.5464E-01  0.0000E+00
     -0.748  0.1080E+00  0.0000E+00  0.5212E-02  0.0000E+00  0.2801E-02  0.0000E+00  0.1219E-01  0.0000E+00  0.8094E-01  0.0000E+00  0.2420E+00  0.0000E+00  0.1066E+00  0.0000E+00  0.4222E+00  0.0000E+00  0.3318E-01  0.0000E+00
     -0.738  0.6869E-01  0.0000E+00  0.3193E-02  0.0000E+00  0.1662E-02  0.0000E+00  0.7180E-02  0.0000E+00  0.4977E-01  0.0000E+00  0.1454E+00  0.0000E+00  0.5395E-01  0.0000E+00  0.2602E+00  0.0000E+00  0.1770E-01  0.0000E+00
     -0.728  0.3682E-01  0.0000E+00  0.1366E-02  0.0000E+00  0.7363E-03  0.0000E+00  0.3040E-02  0.0000E+00  0.2390E-01  0.0000E+00  0.6111E-01  0.0000E+00  0.1004E-01  0.0000E+00  0.1318E+00  0.0000E+00  0.4433E-02  0.0000E+00
     -0.718  0.1941E-01  0.0000E+00  0.4951E-03  0.0000E+00  0.4233E-03  0.0000E+00  0.1706E-02  0.0000E+00  0.1433E-01  0.0000E+00  0.2273E-01  0.0000E+00  0.2739E-02  0.0000E+00  0.7681E-01  0.0000E+00  0.7406E-03  0.0000E+00
     -0.708  0.7546E-02  0.0000E+00  0.1913E-03  0.0000E+00  0.1645E-03  0.0000E+00  0.6656E-03  0.0000E+00  0.5615E-02  0.0000E+00  0.8769E-02  0.0000E+00  0.1026E-02  0.0000E+00  0.2987E-01  0.0000E+00  0.2719E-03  0.0000E+00
     -0.698  0.0000E+00  0.0000E+00  0.0000E+00  0.0000E+00  0.0000E+00  0.0000E+00  0.0000E+00  0.0000E+00  0.0000E+00  0.0000E+00  0.0000E+00  0.0000E+00  0.0000E+00  0.0000E+00  0.0000E+00  0.0000E+00  0.0000E+00  0.0000E+00
     -0.688  0.0000E+00  0.0000E+00  0.0000E+00  0.0000E+00  0.0000E+00  0.0000E+00  0.0000E+00  0.0000E+00  0.0000E+00  0.0000E+00  0.0000E+00  0.0000E+00  0.0000E+00  0.0000E+00  0.0000E+00  0.0000E+00  0.0000E+00  0.0000E+00
     -0.678  0.0000E+00  0.0000E+00  0.0000E+00  0.0000E+00  0.0000E+00  0.0000E+00  0.0000E+00  0.0000E+00  0.0000E+00  0.0000E+00  0.0000E+00  0.0000E+00  0.0000E+00  0.0000E+00  0.0000E+00  0.0000E+00  0.0000E+00  0.0000E+00
     -0.668  0.0000E+00  0.0000E+00  0.0000E+00  0.0000E+00  0.0000E+00  0.0000E+00  0.0000E+00  0.0000E+00  0.0000E+00  0.0000E+00  0.0000E+00  0.0000E+00  0.0000E+00  0.0000E+00  0.0000E+00  0.0000E+00  0.0000E+00  0.0000E+00
     -0.658  0.0000E+00  0.0000E+00  0.0000E+00  0.0000E+00  0.0000E+00  0.0000E+00  0.0000E+00  0.0000E+00  0.0000E+00  0.0000E+00  0.0000E+00  0.0000E+00  0.0000E+00  0.0000E+00  0.0000E+00  0.0000E+00  0.0000E+00  0.0000E+00
     -0.648  0.1725E+00  0.0000E+00  0.5639E-01  0.0000E+00  0.6434E-02  0.0000E+00  0.1709E-02  0.0000E+00  0.4379E-01  0.0000E+00  0.7408E+00  0.0000E+00  0.1162E+01  0.0000E+00  0.2516E+00  0.0000E+00  0.2501E-01  0.0000E+00
     -0.638  0.2920E+00  0.0000E+00  0.7601E-01  0.0000E+00  0.1011E-01  0.0000E+00  0.1906E-02  0.0000E+00  0.6167E-01  0.0000E+00  0.9364E+00  0.0000E+00  0.1885E+01  0.0000E+00  0.3217E+00  0.0000E+00  0.2879E-01  0.0000E+00
     -0.628  0.2351E+00  0.0000E+00  0.6445E-01  0.0000E+00  0.8337E-02  0.0000E+00  0.1593E-02  0.0000E+00  0.5829E-01  0.0000E+00  0.7835E+00  0.0000E+00  0.1530E+01  0.0000E+00  0.2650E+00  0.0000E+00  0.2444E-01  0.0000E+00
     -0.618  0.2365E+00  0.0000E+00  0.7600E-01  0.0000E+00  0.8246E-02  0.0000E+00  0.2003E-02  0.0000E+00  0.8071E-01  0.0000E+00  0.9358E+00  0.0000E+00  0.1526E+01  0.0000E+00  0.3059E+00  0.0000E+00  0.3094E-01  0.0000E+00
     -0.608  0.1760E+00  0.0000E+00  0.5193E-01  0.0000E+00  0.5988E-02  0.0000E+00  0.8563E-03  0.0000E+00  0.5522E-01  0.0000E+00  0.6119E+00  0.0000E+00  0.1127E+01  0.0000E+00  0.1847E+00  0.0000E+00  0.1661E-01  0.0000E+00
     -0.598  0.6134E-01  0.0000E+00  0.1780E-01  0.0000E+00  0.2096E-02  0.0000E+00  0.1996E-03  0.0000E+00  0.1900E-01  0.0000E+00  0.2063E+00  0.0000E+00  0.3933E+00  0.0000E+00  0.5778E-01  0.0000E+00  0.5126E-02  0.0000E+00
     -0.588  0.0000E+00  0.0000E+00  0.0000E+00  0.0000E+00  0.0000E+00  0.0000E+00  0.0000E+00  0.0000E+00  0.0000E+00  0.0000E+00  0.0000E+00  0.0000E+00  0.0000E+00  0.0000E+00  0.0000E+00  0.0000E+00  0.0000E+00  0.0000E+00
     -0.578  0.0000E+00  0.0000E+00  0.0000E+00  0.0000E+00  0.0000E+00  0.0000E+00  0.0000E+00  0.0000E+00  0.0000E+00  0.0000E+00  0.0000E+00  0.0000E+00  0.0000E+00  0.0000E+00  0.0000E+00  0.0000E+00  0.0000E+00  0.0000E+00
     -0.568  0.0000E+00  0.0000E+00  0.0000E+00  0.0000E+00  0.0000E+00  0.0000E+00  0.0000E+00  0.0000E+00  0.0000E+00  0.0000E+00  0.0000E+00  0.0000E+00  0.0000E+00  0.0000E+00  0.0000E+00  0.0000E+00  0.0000E+00  0.0000E+00
     -0.558  0.0000E+00  0.6212E-01  0.0000E+00  0.6980E-04  0.0000E+00  0.2563E-03  0.0000E+00  0.2259E-04  0.0000E+00  0.1920E+02  0.0000E+00  0.5548E+00  0.0000E+00  0.4331E+00  0.0000E+00  0.6431E+00  0.0000E+00  0.4571E+00
     -0.548  0.7108E-02  0.7193E-01  0.2804E-02  0.1045E-03  0.1011E-03  0.3633E-03  0.3025E-03  0.4760E-04  0.5862E-02  0.3172E+02  0.3728E-01  0.1300E+01  0.2165E-01  0.7314E+00  0.1326E-01  0.1257E+01  0.1847E-02  0.7959E+00
     -0.538  0.1642E-01  0.1073E-01  0.5040E-02  0.1047E-04  0.7791E-03  0.4196E-04  0.1876E-02  0.1070E-04  0.1227E-01  0.5892E+01  0.7027E-01  0.2866E+00  0.6045E-01  0.1365E+00  0.4838E-01  0.2723E+00  0.4697E-02  0.1369E+00
     -0.528  0.3756E-01  0.0000E+00  0.7343E-02  0.0000E+00  0.2404E-02  0.0000E+00  0.5406E-02  0.0000E+00  0.2071E-01  0.0000E+00  0.1098E+00  0.0000E+00  0.8839E-01  0.0000E+00  0.1427E+00  0.0000E+00  0.8516E-02  0.0000E+00
     -0.518  0.4234E-01  0.0000E+00  0.4563E-02  0.0000E+00  0.2327E-02  0.0000E+00  0.4480E-02  0.0000E+00  0.1340E-01  0.0000E+00  0.6644E-01  0.0000E+00  0.5754E-01  0.0000E+00  0.1335E+00  0.0000E+00  0.5668E-02  0.0000E+00
     -0.508  0.4234E-01  0.0000E+00  0.4225E-02  0.0000E+00  0.1990E-02  0.0000E+00  0.3891E-02  0.0000E+00  0.1398E-01  0.0000E+00  0.6451E-01  0.0000E+00  0.5294E-01  0.0000E+00  0.1160E+00  0.0000E+00  0.6067E-02  0.0000E+00
     -0.498  0.2807E-01  0.0000E+00  0.3739E-02  0.0000E+00  0.1409E-02  0.0000E+00  0.2946E-02  0.0000E+00  0.1372E-01  0.0000E+00  0.6092E-01  0.0000E+00  0.4453E-01  0.0000E+00  0.7738E-01  0.0000E+00  0.6386E-02  0.0000E+00
     -0.488  0.2211E-01  0.0000E+00  0.3393E-02  0.0000E+00  0.1026E-02  0.0000E+00  0.2288E-02  0.0000E+00  0.1406E-01  0.0000E+00  0.5729E-01  0.0000E+00  0.3832E-01  0.0000E+00  0.5321E-01  0.0000E+00  0.7011E-02  0.0000E+00
     -0.478  0.1916E-01  0.0000E+00  0.3367E-02  0.0000E+00  0.8842E-03  0.0000E+00  0.2128E-02  0.0000E+00  0.1537E-01  0.0000E+00  0.5894E-01  0.0000E+00  0.3547E-01  0.0000E+00  0.4319E-01  0.0000E+00  0.7962E-02  0.0000E+00
     -0.468  0.1350E-01  0.1506E-01  0.2724E-02  0.6431E-04  0.6388E-03  0.2091E-03  0.1692E-02  0.1553E-04  0.1305E-01  0.1635E+00  0.4737E-01  0.4924E-01  0.2886E-01  0.4214E-01  0.3089E-01  0.3182E-01  0.6804E-02  0.5927E-01
     -0.458  0.1962E-01  0.2788E-01  0.5386E-02  0.1258E-03  0.1055E-02  0.4039E-03  0.3503E-02  0.2992E-04  0.2949E-01  0.4046E+00  0.9385E-01  0.9282E-01  0.5775E-01  0.8077E-01  0.4937E-01  0.6077E-01  0.1558E-01  0.1316E+00
     -0.448  0.0000E+00  0.5485E-01  0.0000E+00  0.2711E-03  0.0000E+00  0.8154E-03  0.0000E+00  0.6479E-04  0.0000E+00  0.9401E+00  0.0000E+00  0.1774E+00  0.0000E+00  0.1532E+00  0.0000E+00  0.1345E+00  0.0000E+00  0.3086E+00
     -0.438  0.0000E+00  0.5424E-01  0.0000E+00  0.2673E-03  0.0000E+00  0.7029E-03  0.0000E+00  0.6352E-04  0.0000E+00  0.1186E+01  0.0000E+00  0.2031E+00  0.0000E+00  0.1303E+00  0.0000E+00  0.1411E+00  0.0000E+00  0.3327E+00
     -0.428  0.0000E+00  0.4897E-01  0.0000E+00  0.1356E-03  0.0000E+00  0.4068E-03  0.0000E+00  0.4155E-04  0.0000E+00  0.6111E+00  0.0000E+00  0.1795E+00  0.0000E+00  0.1089E+00  0.0000E+00  0.7078E-01  0.0000E+00  0.1162E+00
     -0.418  0.0000E+00  0.4393E-01  0.0000E+00  0.1227E-03  0.0000E+00  0.3653E-03  0.0000E+00  0.3579E-04  0.0000E+00  0.3551E+00  0.0000E+00  0.1393E+00  0.0000E+00  0.1006E+00  0.0000E+00  0.5898E-01  0.0000E+00  0.8736E-01
     -0.408  0.0000E+00  0.4468E-01  0.0000E+00  0.1121E-03  0.0000E+00  0.3374E-03  0.0000E+00  0.3367E-04  0.0000E+00  0.2756E+00  0.0000E+00  0.1366E+00  0.0000E+00  0.1007E+00  0.0000E+00  0.5063E-01  0.0000E+00  0.6768E-01
     -0.398  0.0000E+00  0.4346E-01  0.0000E+00  0.1026E-03  0.0000E+00  0.3107E-03  0.0000E+00  0.3100E-04  0.0000E+00  0.2191E+00  0.0000E+00  0.1283E+00  0.0000E+00  0.9816E-01  0.0000E+00  0.4390E-01  0.0000E+00  0.5522E-01
     -0.388  0.0000E+00  0.4228E-01  0.0000E+00  0.9733E-04  0.0000E+00  0.2933E-03  0.0000E+00  0.2899E-04  0.0000E+00  0.1715E+00  0.0000E+00  0.1197E+00  0.0000E+00  0.9646E-01  0.0000E+00  0.4001E-01  0.0000E+00  0.4845E-01
     -0.378  0.0000E+00  0.3849E-01  0.0000E+00  0.8731E-04  0.0000E+00  0.2624E-03  0.0000E+00  0.2488E-04  0.0000E+00  0.1255E+00  0.0000E+00  0.1001E+00  0.0000E+00  0.9033E-01  0.0000E+00  0.3313E-01  0.0000E+00  0.4306E-01
     -0.368  0.0000E+00  0.2855E-01  0.0000E+00  0.6379E-04  0.0000E+00  0.1918E-03  0.0000E+00  0.1747E-04  0.0000E+00  0.8528E-01  0.0000E+00  0.6842E-01  0.0000E+00  0.6967E-01  0.0000E+00  0.2400E-01  0.0000E+00  0.3364E-01
     -0.358  0.0000E+00  0.1439E-01  0.0000E+00  0.3180E-04  0.0000E+00  0.9650E-04  0.0000E+00  0.8547E-05  0.0000E+00  0.4480E-01  0.0000E+00  0.3378E-01  0.0000E+00  0.3595E-01  0.0000E+00  0.1200E-01  0.0000E+00  0.1772E-01
     -0.348  0.0000E+00  0.1861E-02  0.0000E+00  0.4066E-05  0.0000E+00  0.1247E-04  0.0000E+00  0.1068E-05  0.0000E+00  0.6068E-02  0.0000E+00  0.4268E-02  0.0000E+00  0.4777E-02  0.0000E+00  0.1539E-02  0.0000E+00  0.2408E-02
     -0.338  0.0000E+00  0.0000E+00  0.0000E+00  0.0000E+00  0.0000E+00  0.0000E+00  0.0000E+00  0.0000E+00  0.0000E+00  0.0000E+00  0.0000E+00  0.0000E+00  0.0000E+00  0.0000E+00  0.0000E+00  0.0000E+00  0.0000E+00  0.0000E+00
     -0.328  0.0000E+00  0.0000E+00  0.0000E+00  0.0000E+00  0.0000E+00  0.0000E+00  0.0000E+00  0.0000E+00  0.0000E+00  0.0000E+00  0.0000E+00  0.0000E+00  0.0000E+00  0.0000E+00  0.0000E+00  0.0000E+00  0.0000E+00  0.0000E+00
     -0.318  0.0000E+00  0.0000E+00  0.0000E+00  0.0000E+00  0.0000E+00  0.0000E+00  0.0000E+00  0.0000E+00  0.0000E+00  0.0000E+00  0.0000E+00  0.0000E+00  0.0000E+00  0.0000E+00  0.0000E+00  0.0000E+00  0.0000E+00  0.0000E+00
     -0.308  0.0000E+00  0.1373E+00  0.0000E+00  0.3647E-03  0.0000E+00  0.7787E-03  0.0000E+00  0.1147E-03  0.0000E+00  0.5753E-01  0.0000E+00  0.2716E+00  0.0000E+00  0.2413E+00  0.0000E+00  0.1484E+00  0.0000E+00  0.9641E-01
     -0.298  0.0000E+00  0.2510E+00  0.0000E+00  0.6953E-03  0.0000E+00  0.1442E-02  0.0000E+00  0.2143E-03  0.0000E+00  0.7595E-01  0.0000E+00  0.4690E+00  0.0000E+00  0.4493E+00  0.0000E+00  0.2769E+00  0.0000E+00  0.2086E+00
     -0.288  0.0000E+00  0.1992E+00  0.0000E+00  0.5573E-03  0.0000E+00  0.1113E-02  0.0000E+00  0.1700E-03  0.0000E+00  0.5308E-01  0.0000E+00  0.3568E+00  0.0000E+00  0.3567E+00  0.0000E+00  0.2178E+00  0.0000E+00  0.1776E+00
     -0.278  0.0000E+00  0.1905E+00  0.0000E+00  0.5384E-03  0.0000E+00  0.1051E-02  0.0000E+00  0.1625E-03  0.0000E+00  0.3952E-01  0.0000E+00  0.3215E+00  0.0000E+00  0.3445E+00  0.0000E+00  0.2081E+00  0.0000E+00  0.1874E+00
     -0.268  0.0000E+00  0.2181E+00  0.0000E+00  0.6288E-03  0.0000E+00  0.1191E-02  0.0000E+00  0.1859E-03  0.0000E+00  0.3089E-01  0.0000E+00  0.3425E+00  0.0000E+00  0.3997E+00  0.0000E+00  0.2386E+00  0.0000E+00  0.2433E+00
     -0.258  0.0000E+00  0.2635E+00  0.0000E+00  0.7652E-03  0.0000E+00  0.1431E-02  0.0000E+00  0.2235E-03  0.0000E+00  0.3332E-01  0.0000E+00  0.4047E+00  0.0000E+00  0.4849E+00  0.0000E+00  0.2866E+00  0.0000E+00  0.3063E+00
     -0.248  0.0000E+00  0.3634E+00  0.0000E+00  0.1076E-02  0.0000E+00  0.1973E-02  0.0000E+00  0.3092E-03  0.0000E+00  0.3608E-01  0.0000E+00  0.5385E+00  0.0000E+00  0.6738E+00  0.0000E+00  0.3974E+00  0.0000E+00  0.4548E+00
     -0.238  0.3810E+00  0.1910E+00  0.6440E-02  0.5272E-03  0.2318E-01  0.9982E-03  0.4699E-03  0.1668E-03  0.3059E-01  0.1791E-01  0.1862E+00  0.2473E+00  0.2111E-01  0.3556E+00  0.8570E-01  0.2177E+00  0.4951E-01  0.2469E+00
     -0.228  0.1102E+00  0.2410E+00  0.1538E-02  0.6553E-03  0.6867E-02  0.1249E-02  0.3336E-03  0.2107E-03  0.7928E-02  0.1598E-01  0.4769E-01  0.2840E+00  0.6960E-02  0.4553E+00  0.2804E-01  0.2759E+00  0.1244E-01  0.3332E+00
     -0.218  0.5851E-01  0.2674E+00  0.7474E-03  0.7092E-03  0.3784E-02  0.1355E-02  0.2495E-03  0.2329E-03  0.3992E-02  0.1408E-01  0.2367E-01  0.2927E+00  0.3915E-02  0.5066E+00  0.1529E-01  0.3061E+00  0.6376E-02  0.3809E+00
     -0.208  0.4882E-01  0.2909E+00  0.6082E-03  0.7370E-03  0.3194E-02  0.1399E-02  0.2278E-03  0.2464E-03  0.3242E-02  0.1827E-01  0.1941E-01  0.3026E+00  0.3374E-02  0.5487E+00  0.1284E-01  0.3251E+00  0.5169E-02  0.4108E+00
     -0.198  0.4261E-01  0.2387E+00  0.5240E-03  0.5641E-03  0.2813E-02  0.1078E-02  0.2099E-03  0.1917E-03  0.2775E-02  0.1118E-01  0.1681E-01  0.2210E+00  0.2982E-02  0.4502E+00  0.1136E-01  0.2581E+00  0.4331E-02  0.3467E+00
     -0.188  0.3840E-01  0.2223E+00  0.4664E-03  0.5046E-03  0.2563E-02  0.9663E-03  0.1994E-03  0.1740E-03  0.2465E-02  0.8990E-02  0.1500E-01  0.1926E+00  0.2696E-02  0.4185E+00  0.1036E-01  0.2364E+00  0.3777E-02  0.3249E+00
     -0.178  0.3593E-01  0.2117E+00  0.4298E-03  0.4613E-03  0.2433E-02  0.8857E-03  0.1993E-03  0.1618E-03  0.2290E-02  0.7467E-02  0.1384E-01  0.1717E+00  0.2514E-02  0.3975E+00  0.9805E-02  0.2213E+00  0.3478E-02  0.3094E+00
     -0.168  0.3348E-01  0.2030E+00  0.3939E-03  0.4235E-03  0.2302E-02  0.8149E-03  0.1987E-03  0.1512E-03  0.2117E-02  0.6084E-02  0.1269E-01  0.1534E+00  0.2334E-02  0.3801E+00  0.9254E-02  0.2084E+00  0.3184E-02  0.2967E+00
     -0.158  0.3105E-01  0.2017E+00  0.3585E-03  0.4044E-03  0.2170E-02  0.7779E-03  0.1977E-03  0.1464E-03  0.1946E-02  0.4984E-02  0.1157E-01  0.1426E+00  0.2156E-02  0.3768E+00  0.8705E-02  0.2034E+00  0.2895E-02  0.2963E+00
     -0.148  0.2862E-01  0.2004E+00  0.3237E-03  0.3852E-03  0.2037E-02  0.7407E-03  0.1963E-03  0.1415E-03  0.1778E-02  0.3934E-02  0.1046E-01  0.1320E+00  0.1981E-02  0.3732E+00  0.8157E-02  0.1983E+00  0.2611E-02  0.2952E+00
     -0.138  0.2622E-01  0.2481E+00  0.2895E-03  0.4412E-03  0.1904E-02  0.8502E-03  0.1946E-03  0.1663E-03  0.1612E-02  0.3421E-02  0.9364E-02  0.1452E+00  0.1808E-02  0.4593E+00  0.7610E-02  0.2374E+00  0.2332E-02  0.3676E+00
     -0.128  0.1745E-01  0.0000E+00  0.1704E-03  0.0000E+00  0.1365E-02  0.0000E+00  0.1730E-03  0.0000E+00  0.1076E-02  0.0000E+00  0.5585E-02  0.0000E+00  0.1181E-02  0.0000E+00  0.5583E-02  0.0000E+00  0.1452E-02  0.0000E+00
     -0.118  0.1320E-01  0.0000E+00  0.1230E-03  0.0000E+00  0.1087E-02  0.0000E+00  0.1543E-03  0.0000E+00  0.8050E-03  0.0000E+00  0.4013E-02  0.0000E+00  0.9173E-03  0.0000E+00  0.4472E-02  0.0000E+00  0.1049E-02  0.0000E+00
     -0.108  0.1062E-01  0.0000E+00  0.9695E-04  0.0000E+00  0.9068E-03  0.0000E+00  0.1359E-03  0.0000E+00  0.6147E-03  0.0000E+00  0.3136E-02  0.0000E+00  0.7929E-03  0.0000E+00  0.3603E-02  0.0000E+00  0.8199E-03  0.0000E+00
     -0.098  0.9443E-02  0.0000E+00  0.8920E-04  0.0000E+00  0.8292E-03  0.0000E+00  0.1234E-03  0.0000E+00  0.5390E-03  0.0000E+00  0.2830E-02  0.0000E+00  0.7110E-03  0.0000E+00  0.3202E-02  0.0000E+00  0.7023E-03  0.0000E+00
     -0.088  0.8414E-02  0.0000E+00  0.8287E-04  0.0000E+00  0.7621E-03  0.0000E+00  0.1104E-03  0.0000E+00  0.4728E-03  0.0000E+00  0.2573E-02  0.0000E+00  0.6289E-03  0.0000E+00  0.2835E-02  0.0000E+00  0.5952E-03  0.0000E+00
     -0.078  0.7655E-02  0.0000E+00  0.7823E-04  0.0000E+00  0.7026E-03  0.0000E+00  0.7866E-04  0.0000E+00  0.4050E-03  0.0000E+00  0.2410E-02  0.0000E+00  0.4952E-03  0.0000E+00  0.2317E-02  0.0000E+00  0.4863E-03  0.0000E+00
     -0.068  0.7188E-02  0.0000E+00  0.7343E-04  0.0000E+00  0.6627E-03  0.0000E+00  0.7282E-04  0.0000E+00  0.3776E-03  0.0000E+00  0.2260E-02  0.0000E+00  0.4600E-03  0.0000E+00  0.2161E-02  0.0000E+00  0.4534E-03  0.0000E+00
     -0.058  0.6723E-02  0.0000E+00  0.6866E-04  0.0000E+00  0.6226E-03  0.0000E+00  0.6713E-04  0.0000E+00  0.3506E-03  0.0000E+00  0.2111E-02  0.0000E+00  0.4256E-03  0.0000E+00  0.2007E-02  0.0000E+00  0.4210E-03  0.0000E+00
     -0.048  0.6261E-02  0.0000E+00  0.6391E-04  0.0000E+00  0.5824E-03  0.0000E+00  0.6160E-04  0.0000E+00  0.3242E-03  0.0000E+00  0.1963E-02  0.0000E+00  0.3920E-03  0.0000E+00  0.1856E-02  0.0000E+00  0.3891E-03  0.0000E+00
     -0.038  0.5801E-02  0.0000E+00  0.5919E-04  0.0000E+00  0.5421E-03  0.0000E+00  0.5622E-04  0.0000E+00  0.2981E-03  0.0000E+00  0.1816E-02  0.0000E+00  0.3591E-03  0.0000E+00  0.1707E-02  0.0000E+00  0.3579E-03  0.0000E+00
     -0.028  0.5344E-02  0.0000E+00  0.5451E-04  0.0000E+00  0.5016E-03  0.0000E+00  0.5100E-04  0.0000E+00  0.2726E-03  0.0000E+00  0.1670E-02  0.0000E+00  0.3271E-03  0.0000E+00  0.1561E-02  0.0000E+00  0.3272E-03  0.0000E+00
     -0.018  0.4889E-02  0.0000E+00  0.4985E-04  0.0000E+00  0.4610E-03  0.0000E+00  0.4593E-04  0.0000E+00  0.2475E-03  0.0000E+00  0.1526E-02  0.0000E+00  0.2958E-03  0.0000E+00  0.1418E-02  0.0000E+00  0.2970E-03  0.0000E+00
     -0.008  0.4437E-02  0.5840E-01  0.4522E-04  0.1859E-04  0.4203E-03  0.4191E-04  0.4102E-04  0.1569E-04  0.2229E-03  0.3765E-02  0.1383E-02  0.9817E-02  0.2652E-03  0.1102E+00  0.1277E-02  0.1246E-01  0.2675E-03  0.2430E+00
     0.002  0.3987E-02  0.3947E+00  0.4062E-04  0.9210E-04  0.3794E-03  0.2459E-03  0.3626E-04  0.1113E-03  0.1987E-03  0.2158E-01  0.1241E-02  0.5935E-01  0.2355E-03  0.7036E+00  0.1139E-02  0.1327E+00  0.2385E-03  0.1420E+01
     0.012  0.3539E-02  0.5779E+00  0.3604E-04  0.1201E-03  0.3383E-03  0.2930E-03  0.3165E-04  0.1641E-03  0.1751E-03  0.4508E-01  0.1100E-02  0.9715E-01  0.2065E-03  0.9435E+00  0.1003E-02  0.3441E+00  0.2100E-03  0.3196E+01
     0.022  0.3095E-02  0.6102E+00  0.3150E-04  0.9210E-04  0.2971E-03  0.2783E-03  0.2720E-04  0.1770E-03  0.1518E-03  0.9117E-01  0.9600E-03  0.1231E+00  0.1783E-03  0.1020E+01  0.8702E-03  0.4299E+00  0.1821E-03  0.6077E+01
     0.032  0.2652E-02  0.5894E+00  0.2699E-04  0.6371E-04  0.2558E-03  0.2204E-03  0.2291E-04  0.3975E-03  0.1291E-03  0.4857E+00  0.8215E-03  0.6302E+00  0.1509E-03  0.9704E+00  0.7399E-03  0.1035E+01  0.1548E-03  0.2759E+02
     0.042  0.2212E-02  0.1318E-01  0.2250E-04  0.2206E-05  0.2143E-03  0.1961E-04  0.1877E-04  0.3167E-04  0.1068E-03  0.4785E-01  0.6841E-03  0.7895E-01  0.1242E-03  0.2275E-01  0.6122E-03  0.6473E-01  0.1281E-03  0.2466E+01
     0.052  0.1775E-02  0.3697E+00  0.1804E-04  0.3558E-05  0.1727E-03  0.6253E-03  0.1478E-04  0.1254E-03  0.8495E-04  0.2030E+00  0.5480E-03  0.6109E+00  0.9837E-04  0.8271E+00  0.4871E-03  0.8341E-01  0.1019E-03  0.8883E+01
     0.062  0.1340E-02  0.1206E+01  0.1361E-04  0.3864E-04  0.1310E-03  0.1549E-02  0.1095E-04  0.2974E-03  0.6359E-04  0.3295E+00  0.4130E-03  0.1151E+01  0.7326E-04  0.2684E+01  0.3647E-03  0.1718E+00  0.7625E-04  0.1421E+02
     0.072  0.9071E-03  0.8220E+00  0.9214E-05  0.1008E-03  0.8910E-04  0.7730E-03  0.7271E-05  0.1938E-03  0.4269E-04  0.9561E-01  0.2792E-03  0.4086E+00  0.4893E-04  0.1797E+01  0.2449E-03  0.5080E-01  0.5118E-04  0.3909E+01
     0.082  0.4771E-03  0.6726E+00  0.4844E-05  0.1838E-03  0.4707E-04  0.5596E-03  0.3749E-05  0.2501E-03  0.2226E-04  0.4382E-01  0.1466E-03  0.2118E+00  0.2538E-04  0.1507E+01  0.1277E-03  0.4267E-01  0.2668E-04  0.1815E+01
     0.092  0.4947E-04  0.5493E+00  0.5020E-06  0.2045E-03  0.4903E-05  0.4394E-03  0.3809E-06  0.2700E-03  0.2287E-05  0.2559E-01  0.1518E-04  0.1368E+00  0.2594E-05  0.1253E+01  0.1313E-04  0.3996E-01  0.2742E-05  0.1064E+01
     0.102  0.0000E+00  0.3177E+00  0.0000E+00  0.1794E-03  0.0000E+00  0.2570E-03  0.0000E+00  0.2678E-03  0.0000E+00  0.1377E-01  0.0000E+00  0.6842E-01  0.0000E+00  0.7467E+00  0.0000E+00  0.3568E-01  0.0000E+00  0.5525E+00
     0.112  0.0000E+00  0.9915E-01  0.0000E+00  0.1293E-03  0.0000E+00  0.1113E-03  0.0000E+00  0.2621E-03  0.0000E+00  0.8398E-02  0.0000E+00  0.2786E-01  0.0000E+00  0.2657E+00  0.0000E+00  0.3209E-01  0.0000E+00  0.2803E+00
     0.122  0.0000E+00  0.8640E-01  0.0000E+00  0.1207E-03  0.0000E+00  0.9953E-04  0.0000E+00  0.2460E-03  0.0000E+00  0.7469E-02  0.0000E+00  0.2411E-01  0.0000E+00  0.2350E+00  0.0000E+00  0.2957E-01  0.0000E+00  0.2417E+00
     0.132  0.0000E+00  0.7405E-01  0.0000E+00  0.1106E-03  0.0000E+00  0.8756E-04  0.0000E+00  0.2265E-03  0.0000E+00  0.6536E-02  0.0000E+00  0.2052E-01  0.0000E+00  0.2045E+00  0.0000E+00  0.2678E-01  0.0000E+00  0.2049E+00
     0.142  0.0000E+00  0.6210E-01  0.0000E+00  0.9894E-04  0.0000E+00  0.7540E-04  0.0000E+00  0.2036E-03  0.0000E+00  0.5599E-02  0.0000E+00  0.1708E-01  0.0000E+00  0.1742E+00  0.0000E+00  0.2370E-01  0.0000E+00  0.1699E+00
     0.152  0.0000E+00  0.5055E-01  0.0000E+00  0.8579E-04  0.0000E+00  0.6304E-04  0.0000E+00  0.1773E-03  0.0000E+00  0.4657E-02  0.0000E+00  0.1380E-01  0.0000E+00  0.1441E+00  0.0000E+00  0.2035E-01  0.0000E+00  0.1366E+00
     0.162  0.0000E+00  0.3940E-01  0.0000E+00  0.7112E-04  0.0000E+00  0.5049E-04  0.0000E+00  0.1475E-03  0.0000E+00  0.3710E-02  0.0000E+00  0.1067E-01  0.0000E+00  0.1142E+00  0.0000E+00  0.1671E-01  0.0000E+00  0.1052E+00
     0.172  0.0000E+00  0.2866E-01  0.0000E+00  0.5494E-04  0.0000E+00  0.3774E-04  0.0000E+00  0.1144E-03  0.0000E+00  0.2759E-02  0.0000E+00  0.7699E-02  0.0000E+00  0.8447E-01  0.0000E+00  0.1280E-01  0.0000E+00  0.7547E-01
     0.182  0.0000E+00  0.1832E-01  0.0000E+00  0.3726E-04  0.0000E+00  0.2480E-04  0.0000E+00  0.7780E-04  0.0000E+00  0.1804E-02  0.0000E+00  0.4877E-02  0.0000E+00  0.5492E-01  0.0000E+00  0.8612E-02  0.0000E+00  0.4756E-01
     0.193  0.0000E+00  0.8378E-02  0.0000E+00  0.1806E-04  0.0000E+00  0.1167E-04  0.0000E+00  0.3782E-04  0.0000E+00  0.8444E-03  0.0000E+00  0.2210E-02  0.0000E+00  0.2557E-01  0.0000E+00  0.4144E-02  0.0000E+00  0.2143E-01
     0.203  0.0000E+00  0.0000E+00  0.0000E+00  0.0000E+00  0.0000E+00  0.0000E+00  0.0000E+00  0.0000E+00  0.0000E+00  0.0000E+00  0.0000E+00  0.0000E+00  0.0000E+00  0.0000E+00  0.0000E+00  0.0000E+00  0.0000E+00  0.0000E+00
     0.213  0.0000E+00  0.0000E+00  0.0000E+00  0.0000E+00  0.0000E+00  0.0000E+00  0.0000E+00  0.0000E+00  0.0000E+00  0.0000E+00  0.0000E+00  0.0000E+00  0.0000E+00  0.0000E+00  0.0000E+00  0.0000E+00  0.0000E+00  0.0000E+00
     0.223  0.0000E+00  0.0000E+00  0.0000E+00  0.0000E+00  0.0000E+00  0.0000E+00  0.0000E+00  0.0000E+00  0.0000E+00  0.0000E+00  0.0000E+00  0.0000E+00  0.0000E+00  0.0000E+00  0.0000E+00  0.0000E+00  0.0000E+00  0.0000E+00
     0.233  0.0000E+00  0.0000E+00  0.0000E+00  0.0000E+00  0.0000E+00  0.0000E+00  0.0000E+00  0.0000E+00  0.0000E+00  0.0000E+00  0.0000E+00  0.0000E+00  0.0000E+00  0.0000E+00  0.0000E+00  0.0000E+00  0.0000E+00  0.0000E+00
     0.243  0.0000E+00  0.0000E+00  0.0000E+00  0.0000E+00  0.0000E+00  0.0000E+00  0.0000E+00  0.0000E+00  0.0000E+00  0.0000E+00  0.0000E+00  0.0000E+00  0.0000E+00  0.0000E+00  0.0000E+00  0.0000E+00  0.0000E+00  0.0000E+00
     0.253  0.0000E+00  0.0000E+00  0.0000E+00  0.0000E+00  0.0000E+00  0.0000E+00  0.0000E+00  0.0000E+00  0.0000E+00  0.0000E+00  0.0000E+00  0.0000E+00  0.0000E+00  0.0000E+00  0.0000E+00  0.0000E+00  0.0000E+00  0.0000E+00
     0.263  0.0000E+00  0.0000E+00  0.0000E+00  0.0000E+00  0.0000E+00  0.0000E+00  0.0000E+00  0.0000E+00  0.0000E+00  0.0000E+00  0.0000E+00  0.0000E+00  0.0000E+00  0.0000E+00  0.0000E+00  0.0000E+00  0.0000E+00  0.0000E+00
     0.273  0.0000E+00  0.0000E+00  0.0000E+00  0.0000E+00  0.0000E+00  0.0000E+00  0.0000E+00  0.0000E+00  0.0000E+00  0.0000E+00  0.0000E+00  0.0000E+00  0.0000E+00  0.0000E+00  0.0000E+00  0.0000E+00  0.0000E+00  0.0000E+00
     0.283  0.0000E+00  0.0000E+00  0.0000E+00  0.0000E+00  0.0000E+00  0.0000E+00  0.0000E+00  0.0000E+00  0.0000E+00  0.0000E+00  0.0000E+00  0.0000E+00  0.0000E+00  0.0000E+00  0.0000E+00  0.0000E+00  0.0000E+00  0.0000E+00
     0.293  0.0000E+00  0.1703E-01  0.0000E+00  0.2433E-02  0.0000E+00  0.7435E-03  0.0000E+00  0.1680E-01  0.0000E+00  0.5407E-01  0.0000E+00  0.2138E+00  0.0000E+00  0.2425E+00  0.0000E+00  0.1995E+01  0.0000E+00  0.9096E-01
     0.303  0.0000E+00  0.2267E-01  0.0000E+00  0.4822E-02  0.0000E+00  0.2877E-02  0.0000E+00  0.5623E-01  0.0000E+00  0.2082E+00  0.0000E+00  0.4759E+00  0.0000E+00  0.9783E+00  0.0000E+00  0.6413E+01  0.0000E+00  0.2635E+00
     0.313  0.0000E+00  0.5025E-01  0.0000E+00  0.2315E-01  0.0000E+00  0.7685E-02  0.0000E+00  0.1773E+00  0.0000E+00  0.5419E+00  0.0000E+00  0.2216E+01  0.0000E+00  0.2109E+01  0.0000E+00  0.2020E+02  0.0000E+00  0.8910E+00
     0.323  0.0000E+00  0.5282E-01  0.0000E+00  0.3186E-01  0.0000E+00  0.3369E-02  0.0000E+00  0.1143E+00  0.0000E+00  0.2350E+00  0.0000E+00  0.2685E+01  0.0000E+00  0.7646E+00  0.0000E+00  0.1303E+02  0.0000E+00  0.6867E+00
     0.333  0.0000E+00  0.3693E-02  0.0000E+00  0.2868E-02  0.0000E+00  0.2273E-03  0.0000E+00  0.8950E-02  0.0000E+00  0.1575E-01  0.0000E+00  0.2373E+00  0.0000E+00  0.4929E-01  0.0000E+00  0.1008E+01  0.0000E+00  0.5647E-01
     0.343  0.0000E+00  0.0000E+00  0.0000E+00  0.0000E+00  0.0000E+00  0.0000E+00  0.0000E+00  0.0000E+00  0.0000E+00  0.0000E+00  0.0000E+00  0.0000E+00  0.0000E+00  0.0000E+00  0.0000E+00  0.0000E+00  0.0000E+00  0.0000E+00
     0.353  0.0000E+00  0.0000E+00  0.0000E+00  0.0000E+00  0.0000E+00  0.0000E+00  0.0000E+00  0.0000E+00  0.0000E+00  0.0000E+00  0.0000E+00  0.0000E+00  0.0000E+00  0.0000E+00  0.0000E+00  0.0000E+00  0.0000E+00  0.0000E+00
     0.363  0.0000E+00  0.0000E+00  0.0000E+00  0.0000E+00  0.0000E+00  0.0000E+00  0.0000E+00  0.0000E+00  0.0000E+00  0.0000E+00  0.0000E+00  0.0000E+00  0.0000E+00  0.0000E+00  0.0000E+00  0.0000E+00  0.0000E+00  0.0000E+00
     0.373  0.0000E+00  0.0000E+00  0.0000E+00  0.0000E+00  0.0000E+00  0.0000E+00  0.0000E+00  0.0000E+00  0.0000E+00  0.0000E+00  0.0000E+00  0.0000E+00  0.0000E+00  0.0000E+00  0.0000E+00  0.0000E+00  0.0000E+00  0.0000E+00
     0.383  0.0000E+00  0.7726E-02  0.0000E+00  0.2925E+00  0.0000E+00  0.2272E-01  0.0000E+00  0.6367E-02  0.0000E+00  0.1060E+01  0.0000E+00  0.1809E+02  0.0000E+00  0.4720E+01  0.0000E+00  0.3945E+00  0.0000E+00  0.1539E+00
     0.393  0.0000E+00  0.4373E-01  0.0000E+00  0.3659E+00  0.0000E+00  0.4161E-01  0.0000E+00  0.1970E-01  0.0000E+00  0.1713E+01  0.0000E+00  0.2252E+02  0.0000E+00  0.6586E+01  0.0000E+00  0.1349E+01  0.0000E+00  0.1111E+00
     0.403  0.0000E+00  0.6080E-02  0.0000E+00  0.2571E-01  0.0000E+00  0.3577E-02  0.0000E+00  0.2677E-02  0.0000E+00  0.1441E+00  0.0000E+00  0.1565E+01  0.0000E+00  0.5154E+00  0.0000E+00  0.1973E+00  0.0000E+00  0.3817E-02
     0.413  0.0000E+00  0.0000E+00  0.0000E+00  0.0000E+00  0.0000E+00  0.0000E+00  0.0000E+00  0.0000E+00  0.0000E+00  0.0000E+00  0.0000E+00  0.0000E+00  0.0000E+00  0.0000E+00  0.0000E+00  0.0000E+00  0.0000E+00  0.0000E+00
     0.423  0.0000E+00  0.0000E+00  0.0000E+00  0.0000E+00  0.0000E+00  0.0000E+00  0.0000E+00  0.0000E+00  0.0000E+00  0.0000E+00  0.0000E+00  0.0000E+00  0.0000E+00  0.0000E+00  0.0000E+00  0.0000E+00  0.0000E+00  0.0000E+00
     0.433  0.0000E+00  0.0000E+00  0.0000E+00  0.0000E+00  0.0000E+00  0.0000E+00  0.0000E+00  0.0000E+00  0.0000E+00  0.0000E+00  0.0000E+00  0.0000E+00  0.0000E+00  0.0000E+00  0.0000E+00  0.0000E+00  0.0000E+00  0.0000E+00
     0.443  0.0000E+00  0.0000E+00  0.0000E+00  0.0000E+00  0.0000E+00  0.0000E+00  0.0000E+00  0.0000E+00  0.0000E+00  0.0000E+00  0.0000E+00  0.0000E+00  0.0000E+00  0.0000E+00  0.0000E+00  0.0000E+00  0.0000E+00  0.0000E+00
     0.453  0.0000E+00  0.0000E+00  0.0000E+00  0.0000E+00  0.0000E+00  0.0000E+00  0.0000E+00  0.0000E+00  0.0000E+00  0.0000E+00  0.0000E+00  0.0000E+00  0.0000E+00  0.0000E+00  0.0000E+00  0.0000E+00  0.0000E+00  0.0000E+00
     0.463  0.0000E+00  0.0000E+00  0.0000E+00  0.0000E+00  0.0000E+00  0.0000E+00  0.0000E+00  0.0000E+00  0.0000E+00  0.0000E+00  0.0000E+00  0.0000E+00  0.0000E+00  0.0000E+00  0.0000E+00  0.0000E+00  0.0000E+00  0.0000E+00
     0.473  0.0000E+00  0.0000E+00  0.0000E+00  0.0000E+00  0.0000E+00  0.0000E+00  0.0000E+00  0.0000E+00  0.0000E+00  0.0000E+00  0.0000E+00  0.0000E+00  0.0000E+00  0.0000E+00  0.0000E+00  0.0000E+00  0.0000E+00  0.0000E+00
     0.483  0.0000E+00  0.0000E+00  0.0000E+00  0.0000E+00  0.0000E+00  0.0000E+00  0.0000E+00  0.0000E+00  0.0000E+00  0.0000E+00  0.0000E+00  0.0000E+00  0.0000E+00  0.0000E+00  0.0000E+00  0.0000E+00  0.0000E+00  0.0000E+00
     0.493  0.0000E+00  0.0000E+00  0.0000E+00  0.0000E+00  0.0000E+00  0.0000E+00  0.0000E+00  0.0000E+00  0.0000E+00  0.0000E+00  0.0000E+00  0.0000E+00  0.0000E+00  0.0000E+00  0.0000E+00  0.0000E+00  0.0000E+00  0.0000E+00
     0.503  0.0000E+00  0.0000E+00  0.0000E+00  0.0000E+00  0.0000E+00  0.0000E+00  0.0000E+00  0.0000E+00  0.0000E+00  0.0000E+00  0.0000E+00  0.0000E+00  0.0000E+00  0.0000E+00  0.0000E+00  0.0000E+00  0.0000E+00  0.0000E+00
     0.513  0.0000E+00  0.0000E+00  0.0000E+00  0.0000E+00  0.0000E+00  0.0000E+00  0.0000E+00  0.0000E+00  0.0000E+00  0.0000E+00  0.0000E+00  0.0000E+00  0.0000E+00  0.0000E+00  0.0000E+00  0.0000E+00  0.0000E+00  0.0000E+00
     0.523  0.0000E+00  0.0000E+00  0.0000E+00  0.0000E+00  0.0000E+00  0.0000E+00  0.0000E+00  0.0000E+00  0.0000E+00  0.0000E+00  0.0000E+00  0.0000E+00  0.0000E+00  0.0000E+00  0.0000E+00  0.0000E+00  0.0000E+00  0.0000E+00
     0.533  0.0000E+00  0.0000E+00  0.0000E+00  0.0000E+00  0.0000E+00  0.0000E+00  0.0000E+00  0.0000E+00  0.0000E+00  0.0000E+00  0.0000E+00  0.0000E+00  0.0000E+00  0.0000E+00  0.0000E+00  0.0000E+00  0.0000E+00  0.0000E+00
     0.543  0.0000E+00  0.0000E+00  0.0000E+00  0.0000E+00  0.0000E+00  0.0000E+00  0.0000E+00  0.0000E+00  0.0000E+00  0.0000E+00  0.0000E+00  0.0000E+00  0.0000E+00  0.0000E+00  0.0000E+00  0.0000E+00  0.0000E+00  0.0000E+00
     0.553  0.0000E+00  0.0000E+00  0.0000E+00  0.0000E+00  0.0000E+00  0.0000E+00  0.0000E+00  0.0000E+00  0.0000E+00  0.0000E+00  0.0000E+00  0.0000E+00  0.0000E+00  0.0000E+00  0.0000E+00  0.0000E+00  0.0000E+00  0.0000E+00
     0.563  0.0000E+00  0.0000E+00  0.0000E+00  0.0000E+00  0.0000E+00  0.0000E+00  0.0000E+00  0.0000E+00  0.0000E+00  0.0000E+00  0.0000E+00  0.0000E+00  0.0000E+00  0.0000E+00  0.0000E+00  0.0000E+00  0.0000E+00  0.0000E+00
     0.573  0.0000E+00  0.0000E+00  0.0000E+00  0.0000E+00  0.0000E+00  0.0000E+00  0.0000E+00  0.0000E+00  0.0000E+00  0.0000E+00  0.0000E+00  0.0000E+00  0.0000E+00  0.0000E+00  0.0000E+00  0.0000E+00  0.0000E+00  0.0000E+00
     0.583  0.7061E-04  0.0000E+00  0.1123E-05  0.0000E+00  0.4137E-04  0.0000E+00  0.6758E-05  0.0000E+00  0.4532E-05  0.0000E+00  0.2112E-05  0.0000E+00  0.1747E-04  0.0000E+00  0.2307E-04  0.0000E+00  0.2417E-05  0.0000E+00
     0.593  0.2758E-03  0.0000E+00  0.4399E-05  0.0000E+00  0.1622E-03  0.0000E+00  0.2625E-04  0.0000E+00  0.1752E-04  0.0000E+00  0.8235E-05  0.0000E+00  0.6806E-04  0.0000E+00  0.8919E-04  0.0000E+00  0.9349E-05  0.0000E+00
     0.603  0.4823E-03  0.0000E+00  0.7720E-05  0.0000E+00  0.2846E-03  0.0000E+00  0.4566E-04  0.0000E+00  0.3034E-04  0.0000E+00  0.1438E-04  0.0000E+00  0.1188E-03  0.0000E+00  0.1544E-03  0.0000E+00  0.1620E-04  0.0000E+00
     0.613  0.6903E-03  0.0000E+00  0.1108E-04  0.0000E+00  0.4086E-03  0.0000E+00  0.6500E-04  0.0000E+00  0.4299E-04  0.0000E+00  0.2055E-04  0.0000E+00  0.1696E-03  0.0000E+00  0.2188E-03  0.0000E+00  0.2296E-04  0.0000E+00
     0.623  0.8997E-03  0.0000E+00  0.1449E-04  0.0000E+00  0.5343E-03  0.0000E+00  0.8425E-04  0.0000E+00  0.5546E-04  0.0000E+00  0.2674E-04  0.0000E+00  0.2205E-03  0.0000E+00  0.2823E-03  0.0000E+00  0.2963E-04  0.0000E+00
     0.633  0.1110E-02  0.0000E+00  0.1795E-04  0.0000E+00  0.6616E-03  0.0000E+00  0.1034E-03  0.0000E+00  0.6776E-04  0.0000E+00  0.3295E-04  0.0000E+00  0.2715E-03  0.0000E+00  0.3449E-03  0.0000E+00  0.3622E-04  0.0000E+00
     0.643  0.1323E-02  0.0000E+00  0.2144E-04  0.0000E+00  0.7906E-03  0.0000E+00  0.1225E-03  0.0000E+00  0.7989E-04  0.0000E+00  0.3918E-04  0.0000E+00  0.3226E-03  0.0000E+00  0.4066E-03  0.0000E+00  0.4273E-04  0.0000E+00
     0.653  0.1536E-02  0.0000E+00  0.2498E-04  0.0000E+00  0.9212E-03  0.0000E+00  0.1415E-03  0.0000E+00  0.9184E-04  0.0000E+00  0.4543E-04  0.0000E+00  0.3738E-03  0.0000E+00  0.4674E-03  0.0000E+00  0.4915E-04  0.0000E+00
     0.663  0.1751E-02  0.0000E+00  0.2856E-04  0.0000E+00  0.1053E-02  0.0000E+00  0.1604E-03  0.0000E+00  0.1036E-03  0.0000E+00  0.5171E-04  0.0000E+00  0.4251E-03  0.0000E+00  0.5273E-03  0.0000E+00  0.5548E-04  0.0000E+00
     0.673  0.1967E-02  0.8368E-05  0.3219E-04  0.3506E-07  0.1187E-02  0.8578E-06  0.1793E-03  0.1138E-05  0.1152E-03  0.4639E-05  0.5800E-04  0.3448E-05  0.4765E-03  0.1032E-04  0.5864E-03  0.4709E-04  0.6173E-04  0.2783E-05
     0.683  0.2185E-02  0.3859E-03  0.3586E-04  0.1615E-05  0.1323E-02  0.3966E-04  0.1980E-03  0.5199E-04  0.1267E-03  0.2114E-03  0.6432E-04  0.1585E-03  0.5280E-03  0.4695E-03  0.6446E-03  0.2143E-02  0.6789E-04  0.1268E-03
     0.693  0.2404E-02  0.7640E-03  0.3958E-04  0.3195E-05  0.1460E-02  0.7870E-04  0.2167E-03  0.1019E-03  0.1379E-03  0.4134E-03  0.7066E-04  0.3128E-03  0.5797E-03  0.9172E-03  0.7019E-03  0.4186E-02  0.7397E-04  0.2479E-03
     0.703  0.2625E-02  0.1143E-02  0.4334E-04  0.4775E-05  0.1599E-02  0.1180E-03  0.2353E-03  0.1510E-03  0.1490E-03  0.6106E-03  0.7703E-04  0.4664E-03  0.6314E-03  0.1353E-02  0.7583E-03  0.6176E-02  0.7996E-04  0.3661E-03
     0.713  0.2847E-02  0.1522E-02  0.4714E-04  0.6353E-05  0.1739E-02  0.1575E-03  0.2538E-03  0.1992E-03  0.1599E-03  0.8032E-03  0.8341E-04  0.6193E-03  0.6832E-03  0.1778E-02  0.8138E-03  0.8113E-02  0.8587E-04  0.4814E-03
     0.723  0.3070E-02  0.1902E-02  0.5099E-04  0.7932E-05  0.1881E-02  0.1973E-03  0.2723E-03  0.2465E-03  0.1707E-03  0.9910E-03  0.8982E-04  0.7714E-03  0.7351E-03  0.2191E-02  0.8684E-03  0.9997E-02  0.9169E-04  0.5938E-03
     0.733  0.3295E-02  0.2282E-02  0.5488E-04  0.9510E-05  0.2025E-02  0.2373E-03  0.2906E-03  0.2929E-03  0.1812E-03  0.1174E-02  0.9624E-04  0.9228E-03  0.7872E-03  0.2592E-02  0.9222E-03  0.1183E-01  0.9742E-04  0.7034E-03
     0.743  0.3521E-02  0.2663E-02  0.5881E-04  0.1109E-04  0.2170E-02  0.2776E-03  0.3089E-03  0.3385E-03  0.1916E-03  0.1353E-02  0.1027E-03  0.1073E-02  0.8393E-03  0.2982E-02  0.9751E-03  0.1361E-01  0.1031E-03  0.8101E-03
     0.753  0.3748E-02  0.3044E-02  0.6279E-04  0.1267E-04  0.2317E-02  0.3181E-03  0.3271E-03  0.3831E-03  0.2018E-03  0.1526E-02  0.1092E-03  0.1223E-02  0.8915E-03  0.3361E-02  0.1027E-02  0.1533E-01  0.1086E-03  0.9139E-03
     0.763  0.3977E-02  0.3426E-02  0.6681E-04  0.1424E-04  0.2466E-02  0.3589E-03  0.3452E-03  0.4269E-03  0.2119E-03  0.1695E-02  0.1157E-03  0.1373E-02  0.9439E-03  0.3728E-02  0.1078E-02  0.1700E-01  0.1141E-03  0.1015E-02
     0.773  0.4207E-02  0.3809E-02  0.7088E-04  0.1582E-04  0.2616E-02  0.3999E-03  0.3632E-03  0.4697E-03  0.2218E-03  0.1859E-02  0.1222E-03  0.1521E-02  0.9963E-03  0.4083E-02  0.1128E-02  0.1862E-01  0.1195E-03  0.1113E-02
     0.783  0.4439E-02  0.4192E-02  0.7499E-04  0.1739E-04  0.2768E-02  0.4412E-03  0.3812E-03  0.5117E-03  0.2315E-03  0.2019E-02  0.1287E-03  0.1669E-02  0.1049E-02  0.4427E-02  0.1178E-02  0.2019E-01  0.1248E-03  0.1208E-02
     0.793  0.5383E-02  0.4575E-02  0.1081E-03  0.1897E-04  0.3633E-02  0.4827E-03  0.4020E-03  0.5528E-03  0.2264E-03  0.2174E-02  0.1625E-03  0.1816E-02  0.1247E-02  0.4759E-02  0.1143E-02  0.2171E-01  0.1221E-03  0.1300E-02
     0.803  0.5640E-02  0.4960E-02  0.1198E-03  0.2054E-04  0.3973E-02  0.5244E-03  0.4165E-03  0.5931E-03  0.2240E-03  0.2324E-02  0.1732E-03  0.1962E-02  0.1331E-02  0.5080E-02  0.1143E-02  0.2317E-01  0.1207E-03  0.1390E-02
     0.813  0.5899E-02  0.5344E-02  0.1316E-03  0.2212E-04  0.4319E-02  0.5664E-03  0.4312E-03  0.6324E-03  0.2216E-03  0.2469E-02  0.1840E-03  0.2107E-02  0.1418E-02  0.5389E-02  0.1143E-02  0.2458E-01  0.1192E-03  0.1476E-02
     0.823  0.6162E-02  0.5730E-02  0.1437E-03  0.2369E-04  0.4670E-02  0.6087E-03  0.4462E-03  0.6708E-03  0.2193E-03  0.2610E-02  0.1950E-03  0.2252E-02  0.1505E-02  0.5687E-02  0.1144E-02  0.2593E-01  0.1178E-03  0.1560E-02
     0.833  0.6438E-02  0.6115E-02  0.1561E-03  0.2527E-04  0.5030E-02  0.6512E-03  0.4652E-03  0.7084E-03  0.2180E-03  0.2746E-02  0.2071E-03  0.2396E-02  0.1596E-02  0.5973E-02  0.1154E-02  0.2723E-01  0.1173E-03  0.1640E-02
     0.843  0.6744E-02  0.6502E-02  0.1690E-03  0.2684E-04  0.5410E-02  0.6939E-03  0.4948E-03  0.7451E-03  0.2204E-03  0.2877E-02  0.2214E-03  0.2540E-02  0.1699E-02  0.6247E-02  0.1190E-02  0.2848E-01  0.1192E-03  0.1718E-02
     0.853  0.7068E-02  0.6889E-02  0.1818E-03  0.2841E-04  0.5814E-02  0.7369E-03  0.5287E-03  0.7808E-03  0.2259E-03  0.3003E-02  0.2355E-03  0.2682E-02  0.1819E-02  0.6510E-02  0.1242E-02  0.2968E-01  0.1221E-03  0.1793E-02
     0.863  0.7390E-02  0.7276E-02  0.1947E-03  0.2999E-04  0.6221E-02  0.7801E-03  0.5630E-03  0.8157E-03  0.2314E-03  0.3125E-02  0.2497E-03  0.2824E-02  0.1940E-02  0.6762E-02  0.1295E-02  0.3082E-01  0.1249E-03  0.1865E-02
     0.873  0.7711E-02  0.7848E-02  0.2077E-03  0.3104E-04  0.6629E-02  0.8673E-03  0.5978E-03  0.8139E-03  0.2369E-03  0.3081E-02  0.2639E-03  0.2898E-02  0.2062E-02  0.6608E-02  0.1349E-02  0.3014E-01  0.1277E-03  0.1833E-02
     0.883  0.7988E-02  0.8417E-02  0.2203E-03  0.3089E-04  0.7016E-02  0.9844E-03  0.6368E-03  0.7725E-03  0.2420E-03  0.2857E-02  0.2769E-03  0.2843E-02  0.2177E-02  0.6039E-02  0.1405E-02  0.2752E-01  0.1296E-03  0.1687E-02
     0.893  0.8129E-02  0.8511E-02  0.2306E-03  0.3024E-04  0.7298E-02  0.1036E-02  0.6779E-03  0.7560E-03  0.2447E-03  0.2733E-02  0.2849E-03  0.2765E-02  0.2256E-02  0.5773E-02  0.1450E-02  0.2617E-01  0.1282E-03  0.1612E-02
     0.903  0.8367E-02  0.8621E-02  0.2417E-03  0.2968E-04  0.7607E-02  0.1089E-02  0.6999E-03  0.7422E-03  0.2474E-03  0.2617E-02  0.2957E-03  0.2694E-02  0.2341E-02  0.5525E-02  0.1478E-02  0.2489E-01  0.1293E-03  0.1543E-02
     0.913  0.8608E-02  0.8813E-02  0.2530E-03  0.3017E-04  0.7919E-02  0.1147E-02  0.7220E-03  0.7459E-03  0.2500E-03  0.2536E-02  0.3067E-03  0.2689E-02  0.2426E-02  0.5378E-02  0.1506E-02  0.2406E-01  0.1303E-03  0.1508E-02
     0.923  0.8850E-02  0.9003E-02  0.2645E-03  0.3061E-04  0.8234E-02  0.1205E-02  0.7443E-03  0.7501E-03  0.2527E-03  0.2456E-02  0.3177E-03  0.2681E-02  0.2513E-02  0.5236E-02  0.1534E-02  0.2324E-01  0.1313E-03  0.1473E-02
     0.933  0.9094E-02  0.9231E-02  0.2760E-03  0.3142E-04  0.8552E-02  0.1279E-02  0.7668E-03  0.7711E-03  0.2553E-03  0.2424E-02  0.3289E-03  0.2678E-02  0.2600E-02  0.5187E-02  0.1562E-02  0.2275E-01  0.1323E-03  0.1453E-02
     0.943  0.9340E-02  0.9412E-02  0.2877E-03  0.3197E-04  0.8874E-02  0.1349E-02  0.7894E-03  0.7911E-03  0.2579E-03  0.2377E-02  0.3402E-03  0.2651E-02  0.2688E-02  0.5104E-02  0.1590E-02  0.2210E-01  0.1333E-03  0.1421E-02
     0.953  0.9588E-02  0.9318E-02  0.2996E-03  0.3112E-04  0.9200E-02  0.1393E-02  0.8123E-03  0.7966E-03  0.2604E-03  0.2212E-02  0.3516E-03  0.2486E-02  0.2777E-02  0.4719E-02  0.1619E-02  0.2008E-01  0.1343E-03  0.1298E-02
     0.963  0.9838E-02  0.9484E-02  0.3116E-03  0.3111E-04  0.9528E-02  0.1441E-02  0.8352E-03  0.8092E-03  0.2630E-03  0.2217E-02  0.3631E-03  0.2470E-02  0.2866E-02  0.4744E-02  0.1647E-02  0.2011E-01  0.1352E-03  0.1299E-02
     0.973  0.1025E-01  0.9657E-02  0.3321E-03  0.3111E-04  0.1005E-01  0.1490E-02  0.8652E-03  0.8219E-03  0.2661E-03  0.2225E-02  0.3842E-03  0.2457E-02  0.3008E-02  0.4776E-02  0.1681E-02  0.2017E-01  0.1364E-03  0.1302E-02
     0.983  0.1080E-01  0.9830E-02  0.3605E-03  0.3110E-04  0.1075E-01  0.1540E-02  0.9015E-03  0.8345E-03  0.2696E-03  0.2232E-02  0.4139E-03  0.2443E-02  0.3197E-02  0.4808E-02  0.1721E-02  0.2022E-01  0.1376E-03  0.1305E-02
     0.993  0.1136E-01  0.1000E-01  0.3893E-03  0.3109E-04  0.1146E-01  0.1590E-02  0.9383E-03  0.8472E-03  0.2731E-03  0.2240E-02  0.4440E-03  0.2429E-02  0.3389E-02  0.4839E-02  0.1761E-02  0.2028E-01  0.1389E-03  0.1308E-02
     1.003  0.1193E-01  0.1018E-01  0.4186E-03  0.3107E-04  0.1218E-01  0.1640E-02  0.9756E-03  0.8599E-03  0.2766E-03  0.2246E-02  0.4746E-03  0.2414E-02  0.3584E-02  0.4869E-02  0.1802E-02  0.2033E-01  0.1401E-03  0.1310E-02
     1.013  0.1250E-01  0.1036E-01  0.4482E-03  0.3104E-04  0.1292E-01  0.1691E-02  0.1013E-02  0.8727E-03  0.2801E-03  0.2253E-02  0.5056E-03  0.2399E-02  0.3781E-02  0.4900E-02  0.1843E-02  0.2038E-01  0.1413E-03  0.1313E-02
     1.023  0.1307E-01  0.1053E-01  0.4783E-03  0.3101E-04  0.1366E-01  0.1742E-02  0.1052E-02  0.8854E-03  0.2835E-03  0.2259E-02  0.5371E-03  0.2383E-02  0.3981E-02  0.4929E-02  0.1884E-02  0.2042E-01  0.1425E-03  0.1315E-02
     1.033  0.1365E-01  0.1071E-01  0.5089E-03  0.3097E-04  0.1441E-01  0.1793E-02  0.1090E-02  0.8981E-03  0.2869E-03  0.2265E-02  0.5690E-03  0.2367E-02  0.4184E-02  0.4958E-02  0.1926E-02  0.2046E-01  0.1437E-03  0.1317E-02
     1.043  0.1423E-01  0.1089E-01  0.5399E-03  0.3092E-04  0.1517E-01  0.1846E-02  0.1130E-02  0.9108E-03  0.2903E-03  0.2271E-02  0.6013E-03  0.2351E-02  0.4389E-02  0.4987E-02  0.1968E-02  0.2050E-01  0.1448E-03  0.1319E-02
     1.053  0.1482E-01  0.1110E-01  0.5713E-03  0.3097E-04  0.1594E-01  0.1906E-02  0.1169E-02  0.9238E-03  0.2937E-03  0.2277E-02  0.6341E-03  0.2334E-02  0.4597E-02  0.5017E-02  0.2011E-02  0.2054E-01  0.1460E-03  0.1320E-02
     1.063  0.1599E-01  0.1152E-01  0.6315E-03  0.3162E-04  0.1743E-01  0.2013E-02  0.1273E-02  0.9381E-03  0.3035E-03  0.2288E-02  0.6946E-03  0.2322E-02  0.4967E-02  0.5065E-02  0.2136E-02  0.2061E-01  0.1512E-03  0.1323E-02
     1.073  0.1797E-01  0.1193E-01  0.7380E-03  0.3228E-04  0.2007E-01  0.2122E-02  0.1413E-02  0.9524E-03  0.3188E-03  0.2297E-02  0.8086E-03  0.2308E-02  0.5690E-02  0.5112E-02  0.2307E-02  0.2067E-01  0.1582E-03  0.1326E-02
     1.083  0.1881E-01  0.1235E-01  0.8168E-03  0.3295E-04  0.2167E-01  0.2232E-02  0.1473E-02  0.9668E-03  0.3158E-03  0.2307E-02  0.8992E-03  0.2294E-02  0.6160E-02  0.5158E-02  0.2356E-02  0.2073E-01  0.1537E-03  0.1329E-02
     1.093  0.1896E-01  0.1277E-01  0.8731E-03  0.3364E-04  0.2254E-01  0.2343E-02  0.1496E-02  0.9812E-03  0.3026E-03  0.2316E-02  0.9655E-03  0.2280E-02  0.6413E-02  0.5205E-02  0.2342E-02  0.2078E-01  0.1438E-03  0.1331E-02
     1.103  0.1921E-01  0.1319E-01  0.9350E-03  0.3434E-04  0.2354E-01  0.2456E-02  0.1518E-02  0.9956E-03  0.2884E-03  0.2324E-02  0.1038E-02  0.2265E-02  0.6697E-02  0.5252E-02  0.2322E-02  0.2083E-01  0.1335E-03  0.1333E-02
     1.113  0.1800E-01  0.1362E-01  0.8998E-03  0.3505E-04  0.2238E-01  0.2570E-02  0.1460E-02  0.1010E-02  0.2731E-03  0.2332E-02  0.1001E-02  0.2249E-02  0.6371E-02  0.5298E-02  0.2228E-02  0.2088E-01  0.1243E-03  0.1335E-02
     1.123  0.1652E-01  0.1415E-01  0.8460E-03  0.3606E-04  0.2083E-01  0.2707E-02  0.1389E-02  0.1031E-02  0.2584E-03  0.2342E-02  0.9430E-03  0.2241E-02  0.5934E-02  0.5351E-02  0.2128E-02  0.2096E-01  0.1157E-03  0.1341E-02
     1.133  0.1499E-01  0.1486E-01  0.7876E-03  0.3758E-04  0.1919E-01  0.2886E-02  0.1317E-02  0.1062E-02  0.2443E-03  0.2354E-02  0.8797E-03  0.2247E-02  0.5475E-02  0.5414E-02  0.2028E-02  0.2109E-01  0.1075E-03  0.1354E-02
     1.143  0.1342E-01  0.1573E-01  0.7247E-03  0.3985E-04  0.1748E-01  0.3114E-02  0.1244E-02  0.1100E-02  0.2308E-03  0.2383E-02  0.8111E-03  0.2253E-02  0.4995E-02  0.5536E-02  0.1930E-02  0.2136E-01  0.9963E-04  0.1372E-02
     1.153  0.1179E-01  0.1682E-01  0.6572E-03  0.4313E-04  0.1569E-01  0.3407E-02  0.1170E-02  0.1146E-02  0.2178E-03  0.2433E-02  0.7371E-03  0.2259E-02  0.4493E-02  0.5731E-02  0.1833E-02  0.2178E-01  0.9217E-04  0.1397E-02
     1.163  0.1012E-01  0.1777E-01  0.5852E-03  0.4629E-04  0.1381E-01  0.3685E-02  0.1095E-02  0.1184E-02  0.2055E-03  0.2475E-02  0.6578E-03  0.2223E-02  0.3970E-02  0.5912E-02  0.1737E-02  0.2212E-01  0.8509E-04  0.1411E-02
     1.173  0.2600E-01  0.1770E-01  0.1589E-02  0.4817E-04  0.3608E-01  0.3804E-02  0.1930E-02  0.1180E-02  0.2456E-03  0.2467E-02  0.1780E-02  0.1959E-02  0.1004E-01  0.5983E-02  0.2527E-02  0.2195E-01  0.9464E-04  0.1367E-02
     1.183  0.2290E-01  0.1668E-01  0.1428E-02  0.4868E-04  0.3235E-01  0.3697E-02  0.1748E-02  0.1139E-02  0.2177E-03  0.2269E-02  0.1600E-02  0.1642E-02  0.9003E-02  0.5644E-02  0.2282E-02  0.2036E-01  0.8261E-04  0.1262E-02
     1.193  0.1970E-01  0.1568E-01  0.1255E-02  0.4920E-04  0.2843E-01  0.3592E-02  0.1552E-02  0.1098E-02  0.1869E-03  0.2073E-02  0.1405E-02  0.1333E-02  0.7901E-02  0.5305E-02  0.2012E-02  0.1878E-01  0.6989E-04  0.1158E-02
     1.203  0.1690E-01  0.1469E-01  0.1097E-02  0.4963E-04  0.2487E-01  0.3433E-02  0.1366E-02  0.1065E-02  0.1576E-03  0.1909E-02  0.1225E-02  0.1171E-02  0.6898E-02  0.5021E-02  0.1752E-02  0.1752E-01  0.5821E-04  0.1084E-02
     1.213  0.1518E-01  0.1362E-01  0.9910E-03  0.4818E-04  0.2251E-01  0.3206E-02  0.1207E-02  0.1048E-02  0.1303E-03  0.1827E-02  0.1105E-02  0.1073E-02  0.6223E-02  0.4809E-02  0.1511E-02  0.1689E-01  0.4784E-04  0.1044E-02
     1.223  0.1315E-01  0.1252E-01  0.8626E-03  0.4652E-04  0.1959E-01  0.2970E-02  0.1047E-02  0.1032E-02  0.1112E-03  0.1747E-02  0.9611E-03  0.9782E-03  0.5411E-02  0.4599E-02  0.1305E-02  0.1629E-01  0.4039E-04  0.1005E-02
     1.233  0.1109E-01  0.1139E-01  0.7312E-03  0.4438E-04  0.1661E-01  0.2722E-02  0.8850E-03  0.9901E-03  0.9237E-04  0.1626E-02  0.8141E-03  0.8817E-03  0.4582E-02  0.4291E-02  0.1097E-02  0.1528E-01  0.3319E-04  0.9434E-03
     1.243  0.9002E-02  0.1022E-01  0.5966E-03  0.4149E-04  0.1355E-01  0.2461E-02  0.7200E-03  0.8886E-03  0.7387E-04  0.1413E-02  0.6639E-03  0.7777E-03  0.3735E-02  0.3770E-02  0.8879E-03  0.1338E-01  0.2625E-04  0.8291E-03
     1.253  0.6891E-02  0.9023E-02  0.4590E-03  0.3836E-04  0.1043E-01  0.2191E-02  0.5523E-03  0.7884E-03  0.5570E-04  0.1205E-02  0.5104E-03  0.6766E-03  0.2871E-02  0.3254E-02  0.6777E-03  0.1151E-01  0.1956E-04  0.7169E-03
     1.263  0.4756E-02  0.7803E-02  0.3183E-03  0.3500E-04  0.7231E-02  0.1911E-02  0.3819E-03  0.6897E-03  0.3786E-04  0.1001E-02  0.3537E-03  0.5783E-03  0.1989E-02  0.2742E-02  0.4662E-03  0.9678E-02  0.1314E-04  0.6068E-03
     1.273  0.2595E-02  0.6531E-02  0.1745E-03  0.3138E-04  0.3964E-02  0.1615E-02  0.2088E-03  0.6144E-03  0.2034E-04  0.8480E-03  0.1938E-03  0.4829E-03  0.1089E-02  0.2341E-02  0.2536E-03  0.8325E-02  0.6974E-05  0.5241E-03
     1.283  0.4083E-03  0.1691E-01  0.2759E-04  0.7854E-04  0.6268E-03  0.4603E-02  0.3292E-04  0.6770E-03  0.3153E-05  0.9412E-03  0.3062E-04  0.5600E-03  0.1721E-03  0.3438E-02  0.3979E-04  0.8893E-02  0.1067E-05  0.5521E-03
     1.293  0.0000E+00  0.1620E-01  0.0000E+00  0.7778E-04  0.0000E+00  0.4448E-02  0.0000E+00  0.6638E-03  0.0000E+00  0.8856E-03  0.0000E+00  0.5086E-03  0.0000E+00  0.3289E-02  0.0000E+00  0.8469E-02  0.0000E+00  0.5252E-03
     1.303  0.0000E+00  0.1541E-01  0.0000E+00  0.7655E-04  0.0000E+00  0.4266E-02  0.0000E+00  0.6549E-03  0.0000E+00  0.8342E-03  0.0000E+00  0.4593E-03  0.0000E+00  0.3140E-02  0.0000E+00  0.8094E-02  0.0000E+00  0.5017E-03
     1.313  0.6520E-04  0.1453E-01  0.1009E-04  0.7483E-04  0.1680E-03  0.4055E-02  0.6114E-05  0.6504E-03  0.5631E-06  0.7871E-03  0.1337E-04  0.4122E-03  0.5346E-04  0.2990E-02  0.6752E-05  0.7770E-02  0.1571E-06  0.4817E-03
     1.323  0.1923E-02  0.1357E-01  0.2960E-03  0.7264E-04  0.4959E-02  0.3816E-02  0.2061E-03  0.6502E-03  0.2078E-04  0.7442E-03  0.3889E-03  0.3673E-03  0.1566E-02  0.2840E-02  0.2403E-03  0.7496E-02  0.7605E-05  0.4652E-03
     1.333  0.6294E-02  0.1065E-01  0.8973E-03  0.5857E-04  0.1588E-01  0.2995E-02  0.9487E-03  0.5670E-03  0.1133E-03  0.6234E-03  0.1119E-02  0.2957E-03  0.4739E-02  0.2325E-02  0.1191E-02  0.6392E-02  0.5176E-04  0.3985E-03
     1.343  0.1085E-01  0.7143E-02  0.1514E-02  0.4024E-04  0.2724E-01  0.2005E-02  0.1752E-02  0.4277E-03  0.2136E-03  0.4566E-03  0.1853E-02  0.2108E-03  0.7963E-02  0.1648E-02  0.2215E-02  0.4754E-02  0.1014E-03  0.2979E-03
     1.353  0.1527E-01  0.3981E-02  0.2113E-02  0.2301E-04  0.3823E-01  0.1114E-02  0.2548E-02  0.2680E-03  0.3134E-03  0.2785E-03  0.2565E-02  0.1252E-03  0.1108E-01  0.9739E-03  0.3229E-02  0.2940E-02  0.1503E-03  0.1851E-03
     1.363  0.1968E-01  0.1160E-02  0.2716E-02  0.6899E-05  0.4921E-01  0.3235E-03  0.3346E-02  0.8786E-04  0.4132E-03  0.8907E-04  0.3282E-02  0.3905E-04  0.1418E-01  0.3020E-03  0.4243E-02  0.9526E-03  0.1982E-03  0.6025E-04
     1.373  0.2418E-01  0.0000E+00  0.3339E-02  0.0000E+00  0.6048E-01  0.0000E+00  0.4157E-02  0.0000E+00  0.5129E-03  0.0000E+00  0.4020E-02  0.0000E+00  0.1735E-01  0.0000E+00  0.5265E-02  0.0000E+00  0.2456E-03  0.0000E+00
     1.383  0.3000E-01  0.0000E+00  0.4115E-02  0.0000E+00  0.7476E-01  0.0000E+00  0.5508E-02  0.0000E+00  0.7128E-03  0.0000E+00  0.4971E-02  0.0000E+00  0.2145E-01  0.0000E+00  0.7030E-02  0.0000E+00  0.3567E-03  0.0000E+00
     1.393  0.3195E-01  0.8436E-03  0.4387E-02  0.2063E-04  0.7980E-01  0.4878E-03  0.5778E-02  0.1885E-04  0.7289E-03  0.3833E-04  0.5251E-02  0.3896E-04  0.2268E-01  0.3678E-03  0.7306E-02  0.2493E-03  0.3522E-03  0.6603E-05
     1.403  0.3348E-01  0.3243E-02  0.4657E-02  0.7112E-04  0.8432E-01  0.1823E-02  0.5723E-02  0.8769E-04  0.6724E-03  0.1111E-03  0.5491E-02  0.1680E-03  0.2366E-01  0.1175E-02  0.7092E-02  0.7482E-03  0.3017E-03  0.7359E-04
     1.413  0.3640E-01  0.8362E-02  0.5163E-02  0.1477E-03  0.9270E-01  0.4296E-02  0.5855E-02  0.2530E-03  0.6272E-03  0.3104E-03  0.5978E-02  0.5078E-03  0.2561E-01  0.2785E-02  0.7077E-02  0.2324E-02  0.2506E-03  0.2631E-03
     1.423  0.3868E-01  0.1380E-01  0.5591E-02  0.2319E-03  0.9952E-01  0.6886E-02  0.5920E-02  0.4789E-03  0.5801E-03  0.5747E-03  0.6381E-02  0.9378E-03  0.2716E-01  0.4599E-02  0.6997E-02  0.4514E-02  0.2000E-03  0.5004E-03
     1.433  0.3855E-01  0.1871E-01  0.5658E-02  0.3190E-03  0.1001E+00  0.9289E-02  0.5683E-02  0.7282E-03  0.5167E-03  0.8482E-03  0.6404E-02  0.1396E-02  0.2711E-01  0.6356E-02  0.6601E-02  0.6868E-02  0.1487E-03  0.7539E-03
     1.443  0.3843E-01  0.2319E-01  0.5728E-02  0.4322E-03  0.1006E+00  0.1156E-01  0.5598E-02  0.1273E-02  0.4878E-03  0.1377E-02  0.6455E-02  0.2294E-02  0.2714E-01  0.8592E-02  0.6445E-02  0.1167E-01  0.1257E-03  0.1282E-02
     1.453  0.3814E-01  0.2211E-01  0.5777E-02  0.4190E-03  0.1008E+00  0.1124E-01  0.5510E-02  0.1107E-02  0.4613E-03  0.1171E-02  0.6484E-02  0.1992E-02  0.2708E-01  0.7905E-02  0.6294E-02  0.9814E-02  0.1058E-03  0.1094E-02
     1.463  0.3907E-01  0.2113E-01  0.5994E-02  0.4060E-03  0.1040E+00  0.1096E-01  0.5619E-02  0.9486E-03  0.4558E-03  0.9772E-03  0.6708E-02  0.1691E-02  0.2787E-01  0.7271E-02  0.6376E-02  0.8049E-02  0.9354E-04  0.9099E-03
     1.473  0.4078E-01  0.2046E-01  0.6325E-02  0.3999E-03  0.1093E+00  0.1084E-01  0.5855E-02  0.8007E-03  0.4634E-03  0.7959E-03  0.7063E-02  0.1405E-02  0.2922E-01  0.6739E-02  0.6609E-02  0.6377E-02  0.8583E-04  0.7322E-03
     1.483  0.4246E-01  0.2103E-01  0.6655E-02  0.4487E-03  0.1146E+00  0.1162E-01  0.6090E-02  0.6882E-03  0.4711E-03  0.6264E-03  0.7418E-02  0.1203E-02  0.3056E-01  0.6561E-02  0.6843E-02  0.4782E-02  0.7830E-04  0.5686E-03
     1.493  0.4511E-01  0.2078E-01  0.7157E-02  0.4540E-03  0.1226E+00  0.1163E-01  0.6503E-02  0.6509E-03  0.4935E-03  0.5713E-03  0.7958E-02  0.1129E-02  0.3261E-01  0.6416E-02  0.7284E-02  0.4302E-02  0.7247E-04  0.5168E-03
     1.503  0.5157E-01  0.2066E-01  0.8358E-02  0.4620E-03  0.1418E+00  0.1169E-01  0.7597E-02  0.6326E-03  0.5757E-03  0.5375E-03  0.9271E-02  0.1096E-02  0.3767E-01  0.6348E-02  0.8523E-02  0.4022E-02  0.8103E-04  0.4879E-03
     1.513  0.7828E-01  0.2052E-01  0.1329E-01  0.4695E-03  0.2205E+00  0.1173E-01  0.1178E-01  0.6143E-03  0.8742E-03  0.5043E-03  0.1471E-01  0.1064E-02  0.5849E-01  0.6276E-02  0.1323E-01  0.3748E-02  0.1043E-03  0.4595E-03
     1.523  0.1101E+00  0.2035E-01  0.1905E-01  0.4766E-03  0.3138E+00  0.1176E-01  0.1675E-01  0.5960E-03  0.1231E-02  0.4717E-03  0.2104E-01  0.1033E-02  0.8313E-01  0.6200E-02  0.1880E-01  0.3480E-02  0.1362E-03  0.4315E-03
     1.533  0.1052E+00  0.2016E-01  0.1872E-01  0.4831E-03  0.3040E+00  0.1177E-01  0.1635E-01  0.5778E-03  0.1203E-02  0.4395E-03  0.2059E-01  0.1002E-02  0.8035E-01  0.6120E-02  0.1839E-01  0.3218E-02  0.1294E-03  0.4041E-03
     1.543  0.9364E-01  0.1996E-01  0.1725E-01  0.4892E-03  0.2753E+00  0.1178E-01  0.1496E-01  0.5596E-03  0.1104E-02  0.4080E-03  0.1887E-01  0.9715E-03  0.7254E-01  0.6036E-02  0.1687E-01  0.2961E-02  0.1156E-03  0.3772E-03
     1.553  0.4489E-01  0.1973E-01  0.8695E-02  0.4948E-03  0.1353E+00  0.1177E-01  0.7639E-02  0.5414E-03  0.5943E-03  0.3770E-03  0.9458E-02  0.9420E-03  0.3562E-01  0.5948E-02  0.8703E-02  0.2710E-02  0.8180E-04  0.3508E-03
     1.563  0.2574E-02  0.1968E-01  0.7015E-03  0.5118E-03  0.8973E-02  0.1189E-01  0.1218E-02  0.6085E-03  0.1655E-03  0.4193E-03  0.7631E-03  0.9483E-03  0.2585E-02  0.6080E-02  0.1564E-02  0.3135E-02  0.6892E-04  0.3708E-03
     1.573  0.3069E-02  0.1965E-01  0.8421E-03  0.5303E-03  0.1070E-01  0.1202E-01  0.1445E-02  0.6788E-03  0.1919E-03  0.4645E-03  0.9136E-03  0.9593E-03  0.3072E-02  0.6222E-02  0.1836E-02  0.3584E-02  0.8163E-04  0.3929E-03
     1.583  0.3591E-02  0.1962E-01  0.9929E-03  0.5492E-03  0.1252E-01  0.1215E-01  0.1675E-02  0.7452E-03  0.2180E-03  0.5064E-03  0.1074E-02  0.9719E-03  0.3582E-02  0.6357E-02  0.2107E-02  0.4000E-02  0.9438E-04  0.4131E-03
     1.594  0.3381E-02  0.1973E-01  0.1016E-02  0.5731E-03  0.1209E-01  0.1237E-01  0.1465E-02  0.8452E-03  0.1803E-03  0.5600E-03  0.1080E-02  0.1003E-02  0.3434E-02  0.6578E-02  0.1793E-02  0.4626E-02  0.8424E-04  0.4517E-03
     1.604  0.3471E-02  0.2033E-01  0.1089E-02  0.6146E-03  0.1269E-01  0.1290E-01  0.1489E-02  0.9857E-03  0.1708E-03  0.6342E-03  0.1140E-02  0.1085E-02  0.3542E-02  0.6995E-02  0.1767E-02  0.5480E-02  0.8270E-04  0.5153E-03
     1.614  0.5030E-02  0.2094E-01  0.1501E-02  0.6571E-03  0.1865E-01  0.1343E-01  0.1869E-02  0.1123E-02  0.1914E-03  0.7051E-03  0.1573E-02  0.1168E-02  0.5088E-02  0.7408E-02  0.2150E-02  0.6298E-02  0.8733E-04  0.5768E-03
     1.624  0.6774E-02  0.2157E-01  0.1960E-02  0.7006E-03  0.2534E-01  0.1397E-01  0.2305E-02  0.1257E-02  0.2165E-03  0.7727E-03  0.2055E-02  0.1253E-02  0.6824E-02  0.7817E-02  0.2594E-02  0.7081E-02  0.9297E-04  0.6361E-03
     1.634  0.8888E-02  0.2221E-01  0.2534E-02  0.7452E-03  0.3352E-01  0.1452E-01  0.2847E-02  0.1388E-02  0.2516E-03  0.8370E-03  0.2656E-02  0.1340E-02  0.8957E-02  0.8222E-02  0.3160E-02  0.7827E-02  0.1021E-03  0.6931E-03
     1.644  0.1363E-01  0.2322E-01  0.3863E-02  0.8030E-03  0.5186E-01  0.1532E-01  0.4016E-02  0.1526E-02  0.3406E-03  0.9003E-03  0.4058E-02  0.1443E-02  0.1380E-01  0.8721E-02  0.4441E-02  0.8557E-02  0.1263E-03  0.7497E-03
     1.654  0.1658E-01  0.2498E-01  0.4689E-02  0.8875E-03  0.6343E-01  0.1664E-01  0.4816E-02  0.1676E-02  0.4013E-03  0.9642E-03  0.4922E-02  0.1580E-02  0.1683E-01  0.9442E-02  0.5312E-02  0.9281E-02  0.1440E-03  0.8076E-03
     1.664  0.1637E-01  0.2675E-01  0.4673E-02  0.9837E-03  0.6308E-01  0.1800E-01  0.4936E-02  0.1710E-02  0.4118E-03  0.9213E-03  0.4888E-02  0.1737E-02  0.1672E-01  0.9988E-02  0.5429E-02  0.9039E-02  0.1525E-03  0.8104E-03
     1.674  0.1628E-01  0.2837E-01  0.4709E-02  0.1081E-02  0.6352E-01  0.1930E-01  0.5076E-02  0.1697E-02  0.4222E-03  0.8248E-03  0.4904E-02  0.1892E-02  0.1678E-01  0.1038E-01  0.5558E-02  0.8339E-02  0.1582E-03  0.7830E-03
     1.684  0.1622E-01  0.3792E-01  0.4754E-02  0.1541E-02  0.6407E-01  0.2679E-01  0.5220E-02  0.1966E-02  0.4327E-03  0.8024E-03  0.4928E-02  0.2546E-02  0.1688E-01  0.1365E-01  0.5690E-02  0.8386E-02  0.1636E-03  0.8218E-03
     1.694  0.1618E-01  0.4808E-01  0.4808E-02  0.1978E-02  0.6475E-01  0.3449E-01  0.5367E-02  0.2258E-02  0.4433E-03  0.8081E-03  0.4961E-02  0.3158E-02  0.1700E-01  0.1707E-01  0.5826E-02  0.8623E-02  0.1688E-03  0.8823E-03
     1.704  0.1616E-01  0.4943E-01  0.4870E-02  0.2106E-02  0.6554E-01  0.3590E-01  0.5518E-02  0.2345E-02  0.4539E-03  0.7793E-03  0.5002E-02  0.3375E-02  0.1715E-01  0.1765E-01  0.5966E-02  0.8642E-02  0.1737E-03  0.8944E-03
     1.714  0.1616E-01  0.4609E-01  0.4941E-02  0.2068E-02  0.6646E-01  0.3399E-01  0.5673E-02  0.2349E-02  0.4646E-03  0.7732E-03  0.5051E-02  0.3385E-02  0.1733E-01  0.1680E-01  0.6109E-02  0.8864E-02  0.1784E-03  0.9005E-03
     1.724  0.1619E-01  0.4274E-01  0.5021E-02  0.2024E-02  0.6749E-01  0.3206E-01  0.5832E-02  0.2331E-02  0.4753E-03  0.7615E-03  0.5109E-02  0.3375E-02  0.1754E-01  0.1589E-01  0.6256E-02  0.8893E-02  0.1829E-03  0.8902E-03
     1.734  0.1784E-01  0.3938E-01  0.5732E-02  0.1974E-02  0.7708E-01  0.3009E-01  0.6814E-02  0.2300E-02  0.5404E-03  0.7469E-03  0.5759E-02  0.3348E-02  0.1977E-01  0.1493E-01  0.7225E-02  0.8817E-02  0.1983E-03  0.8705E-03
     1.744  0.2028E-01  0.4053E-01  0.6801E-02  0.2160E-02  0.9086E-01  0.3165E-01  0.7769E-02  0.2393E-02  0.6032E-03  0.7404E-03  0.6735E-02  0.3656E-02  0.2301E-01  0.1542E-01  0.8187E-02  0.8823E-02  0.2056E-03  0.8662E-03
     1.754  0.2264E-01  0.4604E-01  0.7863E-02  0.2599E-02  0.1045E+00  0.3667E-01  0.8719E-02  0.2600E-02  0.6656E-03  0.7341E-03  0.7699E-02  0.4284E-02  0.2620E-01  0.1714E-01  0.9141E-02  0.8834E-02  0.2132E-03  0.8638E-03
     1.764  0.2539E-01  0.5963E-02  0.9155E-02  0.5716E-03  0.1224E+00  0.5546E-02  0.1019E-01  0.1583E-02  0.7602E-03  0.6896E-03  0.8851E-02  0.1496E-02  0.3029E-01  0.4426E-02  0.1053E-01  0.8319E-02  0.2225E-03  0.7373E-03
     1.774  0.2774E-01  0.6608E-02  0.1027E-01  0.6295E-03  0.1368E+00  0.6306E-02  0.1124E-01  0.1731E-02  0.8292E-03  0.7371E-03  0.9849E-02  0.1605E-02  0.3363E-01  0.4849E-02  0.1156E-01  0.8742E-02  0.2310E-03  0.7633E-03
     1.784  0.2919E-01  0.7061E-02  0.1106E-01  0.6724E-03  0.1468E+00  0.6847E-02  0.1193E-01  0.1788E-02  0.8712E-03  0.7448E-03  0.1054E-01  0.1680E-02  0.3594E-01  0.5106E-02  0.1221E-01  0.8859E-02  0.2377E-03  0.7737E-03
     1.794  0.2766E-01  0.8481E-02  0.1078E-01  0.7906E-03  0.1421E+00  0.8867E-02  0.1173E-01  0.1931E-02  0.8524E-03  0.7270E-03  0.1021E-01  0.1735E-02  0.3471E-01  0.5832E-02  0.1192E-01  0.8916E-02  0.2411E-03  0.7393E-03
     1.804  0.2528E-01  0.9133E-02  0.1023E-01  0.8522E-03  0.1336E+00  0.9701E-02  0.1135E-01  0.1991E-02  0.8228E-03  0.7280E-03  0.9605E-02  0.1822E-02  0.3252E-01  0.6172E-02  0.1145E-01  0.8961E-02  0.2456E-03  0.7399E-03
     1.814  0.2300E-01  0.9687E-02  0.9702E-02  0.9039E-03  0.1256E+00  0.1038E-01  0.1100E-01  0.2043E-02  0.7944E-03  0.7299E-03  0.9031E-02  0.1902E-02  0.3044E-01  0.6460E-02  0.1099E-01  0.9005E-02  0.2496E-03  0.7429E-03
     1.824  0.2082E-01  0.1028E-01  0.9207E-02  0.9631E-03  0.1179E+00  0.1111E-01  0.1066E-01  0.2100E-02  0.7673E-03  0.7328E-03  0.8486E-02  0.1999E-02  0.2848E-01  0.6770E-02  0.1055E-01  0.9062E-02  0.2529E-03  0.7487E-03
     1.834  0.1852E-01  0.1551E-01  0.8781E-02  0.1421E-02  0.1111E+00  0.1672E-01  0.1110E-01  0.2537E-02  0.7911E-03  0.8179E-03  0.7993E-02  0.2839E-02  0.2679E-01  0.9529E-02  0.1077E-01  0.1025E-01  0.2975E-03  0.8659E-03
     1.844  0.1712E-01  0.2412E-01  0.8438E-02  0.2133E-02  0.1057E+00  0.2595E-01  0.1091E-01  0.3250E-02  0.7686E-03  0.9652E-03  0.7619E-02  0.4112E-02  0.2539E-01  0.1414E-01  0.1048E-01  0.1226E-01  0.3000E-03  0.1049E-02
     1.854  0.1724E-01  0.3262E-01  0.9043E-02  0.2833E-02  0.1103E+00  0.3516E-01  0.1264E-01  0.3966E-02  0.8639E-03  0.1117E-02  0.8064E-02  0.5346E-02  0.2648E-01  0.1876E-01  0.1188E-01  0.1427E-01  0.3783E-03  0.1231E-02
     1.864  0.1636E-01  0.4100E-01  0.8967E-02  0.3518E-02  0.1083E+00  0.4436E-01  0.1343E-01  0.4686E-02  0.8953E-03  0.1274E-02  0.7925E-02  0.6543E-02  0.2595E-01  0.2338E-01  0.1240E-01  0.1629E-01  0.4190E-03  0.1412E-02
     1.874  0.1560E-01  0.4926E-01  0.8942E-02  0.4190E-02  0.1070E+00  0.5353E-01  0.1428E-01  0.5409E-02  0.9297E-03  0.1436E-02  0.7831E-02  0.7702E-02  0.2557E-01  0.2801E-01  0.1298E-01  0.1832E-01  0.4601E-03  0.1590E-02
     1.884  0.1497E-01  0.2599E-01  0.8969E-02  0.2549E-02  0.1065E+00  0.2955E-01  0.1519E-01  0.4410E-02  0.9674E-03  0.1311E-02  0.7783E-02  0.5173E-02  0.2536E-01  0.1764E-01  0.1362E-01  0.1713E-01  0.5017E-03  0.1510E-02
     1.894  0.6282E-02  0.1440E-01  0.3300E-02  0.1687E-02  0.4810E-01  0.1717E-01  0.7154E-02  0.4185E-02  0.4430E-03  0.1226E-02  0.2928E-02  0.3658E-02  0.1122E-01  0.1103E-01  0.6123E-02  0.1662E-01  0.2002E-03  0.1373E-02
     1.904  0.6771E-02  0.1471E-01  0.3593E-02  0.1695E-02  0.5202E-01  0.1800E-01  0.7878E-02  0.4380E-02  0.4835E-03  0.1237E-02  0.3178E-02  0.3593E-02  0.1212E-01  0.1160E-01  0.6706E-02  0.1716E-01  0.2214E-03  0.1379E-02
     1.914  0.3059E-01  0.1632E-01  0.1598E-01  0.2018E-02  0.2366E+00  0.2031E-01  0.2157E-01  0.5637E-02  0.1316E-02  0.1508E-02  0.1422E-01  0.4347E-02  0.5382E-01  0.1373E-01  0.1967E-01  0.2210E-01  0.2702E-03  0.1746E-02
     1.924  0.3601E-01  0.1653E-01  0.1898E-01  0.2063E-02  0.2818E+00  0.2091E-01  0.2538E-01  0.6295E-02  0.1540E-02  0.1637E-02  0.1685E-01  0.4473E-02  0.6392E-01  0.1464E-01  0.2311E-01  0.2472E-01  0.3052E-03  0.1918E-02
     1.934  0.3109E-01  0.1673E-01  0.1675E-01  0.2099E-02  0.2483E+00  0.2151E-01  0.2398E-01  0.6959E-02  0.1437E-02  0.1767E-02  0.1477E-01  0.4578E-02  0.5620E-01  0.1558E-01  0.2142E-01  0.2736E-01  0.3471E-03  0.2090E-02
     1.944  0.2428E-01  0.1702E-01  0.1352E-01  0.2134E-02  0.1995E+00  0.2227E-01  0.2173E-01  0.7532E-02  0.1278E-02  0.1886E-02  0.1178E-01  0.4631E-02  0.4497E-01  0.1630E-01  0.1888E-01  0.2938E-01  0.3899E-03  0.2207E-02
     1.954  0.1436E-01  0.1518E-01  0.8515E-02  0.1763E-02  0.1260E+00  0.2028E-01  0.1767E-01  0.5275E-02  0.9984E-03  0.1325E-02  0.7213E-02  0.3512E-02  0.2798E-01  0.1291E-01  0.1458E-01  0.1931E-01  0.4197E-03  0.1416E-02
     1.964  0.1690E-01  0.1385E-01  0.1035E-01  0.1619E-02  0.1561E+00  0.1869E-01  0.2245E-01  0.4827E-02  0.1228E-02  0.1215E-02  0.8659E-02  0.3148E-02  0.3414E-01  0.1130E-01  0.1822E-01  0.1705E-01  0.5355E-03  0.1223E-02
     1.974  0.1682E-01  0.1251E-01  0.1031E-01  0.1535E-02  0.1568E+00  0.1711E-01  0.2285E-01  0.4924E-02  0.1237E-02  0.1262E-02  0.8601E-02  0.3031E-02  0.3416E-01  0.1057E-01  0.1844E-01  0.1742E-01  0.5403E-03  0.1238E-02
     1.984  0.1667E-01  0.1105E-01  0.1025E-01  0.1448E-02  0.1567E+00  0.1533E-01  0.2323E-01  0.5016E-02  0.1244E-02  0.1306E-02  0.8518E-02  0.2921E-02  0.3404E-01  0.9760E-02  0.1864E-01  0.1778E-01  0.5463E-03  0.1257E-02
     1.994  0.1846E-01  0.9473E-02  0.1143E-01  0.1359E-02  0.1744E+00  0.1337E-01  0.3128E-01  0.5103E-02  0.1619E-02  0.1348E-02  0.9434E-02  0.2816E-02  0.3791E-01  0.8862E-02  0.2441E-01  0.1816E-01  0.7822E-03  0.1278E-02
     2.004  0.1708E-01  0.7874E-02  0.1041E-01  0.1263E-02  0.1671E+00  0.1142E-01  0.1942E-01  0.5074E-02  0.1016E-02  0.1351E-02  0.8549E-02  0.2693E-02  0.3515E-01  0.7906E-02  0.1569E-01  0.1809E-01  0.3126E-03  0.1274E-02
     2.014  0.1325E-01  0.7876E-02  0.8004E-02  0.1307E-02  0.1311E+00  0.1183E-01  0.1358E-01  0.4992E-02  0.7218E-03  0.1314E-02  0.6611E-02  0.2785E-02  0.2759E-01  0.8164E-02  0.1113E-01  0.1769E-01  0.1860E-03  0.1267E-02
     2.024  0.9173E-02  0.1039E-01  0.5473E-02  0.1794E-02  0.9161E-01  0.1595E-01  0.8448E-02  0.5478E-02  0.4574E-03  0.1355E-02  0.4564E-02  0.3668E-02  0.1939E-01  0.9994E-02  0.7039E-02  0.1885E-01  0.9919E-04  0.1382E-02
     2.034  0.9124E-02  0.1681E-01  0.5492E-02  0.3128E-02  0.9178E-01  0.2622E-01  0.8363E-02  0.7065E-02  0.4524E-03  0.1559E-02  0.4562E-02  0.6026E-02  0.1938E-01  0.1438E-01  0.6961E-02  0.2282E-01  0.9367E-04  0.1671E-02
     2.044  0.9061E-02  0.2390E-01  0.5509E-02  0.4572E-02  0.9182E-01  0.3773E-01  0.8272E-02  0.9448E-02  0.4473E-03  0.1988E-02  0.4558E-02  0.8685E-02  0.1935E-01  0.1988E-01  0.6879E-02  0.2970E-01  0.8836E-04  0.2155E-02
     2.054  0.8986E-02  0.2941E-01  0.5524E-02  0.5539E-02  0.9174E-01  0.4666E-01  0.8175E-02  0.1071E-01  0.4420E-03  0.2166E-02  0.4551E-02  0.1028E-01  0.1929E-01  0.2381E-01  0.6793E-02  0.3290E-01  0.8324E-04  0.2352E-02
     2.064  0.1192E-01  0.2943E-01  0.7532E-02  0.5355E-02  0.1293E+00  0.4578E-01  0.1186E-01  0.1367E-01  0.6214E-03  0.2628E-02  0.6177E-02  0.9403E-02  0.2696E-01  0.2121E-01  0.9673E-02  0.3994E-01  0.1047E-03  0.2296E-02
     2.074  0.1539E-01  0.1771E-01  0.9933E-02  0.3269E-02  0.1743E+00  0.2780E-01  0.1627E-01  0.7196E-02  0.8318E-03  0.1356E-02  0.8110E-02  0.5751E-02  0.3608E-01  0.1195E-01  0.1310E-01  0.2023E-01  0.1294E-03  0.1187E-02
     2.084  0.1865E-01  0.9258E-02  0.1223E-01  0.1775E-02  0.2173E+00  0.1544E-01  0.2046E-01  0.3043E-02  0.1026E-02  0.6022E-03  0.9940E-02  0.3346E-02  0.4472E-01  0.7426E-02  0.1634E-01  0.8828E-02  0.1504E-03  0.6833E-03
     2.094  0.8333E-01  0.8555E-02  0.4757E-01  0.1441E-02  0.1080E+01  0.1452E-01  0.9432E-01  0.2248E-02  0.3802E-02  0.4148E-03  0.3850E-01  0.2607E-02  0.2200E+00  0.6611E-02  0.7177E-01  0.6029E-02  0.8726E-03  0.4773E-03
     2.104  0.1281E-01  0.7948E-02  0.8539E-02  0.1111E-02  0.1493E+00  0.1375E-01  0.1466E-01  0.1604E-02  0.7078E-03  0.2564E-03  0.6829E-02  0.1884E-02  0.3061E-01  0.5959E-02  0.1125E-01  0.3761E-02  0.1347E-03  0.3035E-03
     2.114  0.9988E-02  0.8407E-02  0.6798E-02  0.1191E-02  0.1151E+00  0.1454E-01  0.1187E-01  0.1623E-02  0.5635E-03  0.2527E-03  0.5363E-02  0.1996E-02  0.2363E-01  0.6191E-02  0.8854E-02  0.3666E-02  0.1301E-03  0.2955E-03
     2.124  0.9104E-02  0.8823E-02  0.6249E-02  0.1268E-02  0.1046E+00  0.1527E-01  0.1104E-01  0.1638E-02  0.5230E-03  0.2491E-03  0.4909E-02  0.2104E-02  0.2149E-01  0.6398E-02  0.8157E-02  0.3570E-02  0.1278E-03  0.2878E-03
     2.134  0.8469E-02  0.9197E-02  0.5839E-02  0.1342E-02  0.9701E-01  0.1594E-01  0.1032E-01  0.1651E-02  0.4895E-03  0.2458E-03  0.4581E-02  0.2209E-02  0.1997E-01  0.6578E-02  0.7609E-02  0.3472E-02  0.1225E-03  0.2801E-03
     2.144  0.7838E-02  0.9527E-02  0.5573E-02  0.1414E-02  0.9091E-01  0.1654E-01  0.9768E-02  0.1661E-02  0.4636E-03  0.2427E-03  0.4319E-02  0.2310E-02  0.1870E-01  0.6732E-02  0.7163E-02  0.3373E-02  0.1230E-03  0.2727E-03
     2.154  0.7180E-02  0.9814E-02  0.5607E-02  0.1482E-02  0.9021E-01  0.1707E-01  0.9876E-02  0.1668E-02  0.4559E-03  0.2398E-03  0.4194E-02  0.2407E-02  0.1834E-01  0.6860E-02  0.7099E-02  0.3273E-02  0.1379E-03  0.2654E-03
     2.164  0.6553E-02  0.2228E-01  0.5918E-02  0.3758E-02  0.9629E-01  0.4386E-01  0.1064E-01  0.3539E-02  0.4625E-03  0.4552E-03  0.4222E-02  0.5932E-02  0.1923E-01  0.1736E-01  0.7437E-02  0.5674E-02  0.1645E-03  0.3329E-03
     2.174  0.6097E-02  0.3829E-01  0.6173E-02  0.6805E-02  0.1031E+00  0.7990E-01  0.1138E-01  0.6755E-02  0.4681E-03  0.8916E-03  0.4265E-02  0.1064E-01  0.2032E-01  0.3152E-01  0.7806E-02  0.1063E-01  0.1832E-03  0.5898E-03
     2.184  0.5587E-02  0.5470E-01  0.5748E-02  0.9845E-02  0.9847E-01  0.1180E+00  0.1070E-01  0.1027E-01  0.4330E-03  0.1372E-02  0.3968E-02  0.1526E-01  0.1938E-01  0.4643E-01  0.7326E-02  0.1591E-01  0.1704E-03  0.8682E-03
     2.194  0.5047E-02  0.7819E-01  0.5246E-02  0.1335E-01  0.9227E-01  0.1744E+00  0.9832E-02  0.1506E-01  0.3918E-03  0.1931E-02  0.3625E-02  0.2036E-01  0.1814E-01  0.6916E-01  0.6727E-02  0.2259E-01  0.1535E-03  0.1228E-02
     2.204  0.4341E-02  0.7297E-01  0.4572E-02  0.1303E-01  0.8467E-01  0.1658E+00  0.8770E-02  0.1473E-01  0.3355E-03  0.2011E-02  0.3187E-02  0.1984E-01  0.1656E-01  0.6555E-01  0.6004E-02  0.2243E-01  0.1238E-03  0.1145E-02
     2.214  0.5144E-02  0.3764E-01  0.6385E-02  0.6507E-02  0.1099E+00  0.8514E-01  0.1094E-01  0.9893E-02  0.4219E-03  0.1597E-02  0.4315E-02  0.9749E-02  0.2131E-01  0.3390E-01  0.7526E-02  0.1726E-01  0.1433E-03  0.1097E-02
     2.224  0.4909E-02  0.1860E-01  0.5946E-02  0.3675E-02  0.1124E+00  0.4321E-01  0.1084E-01  0.5455E-02  0.4009E-03  0.9678E-03  0.4080E-02  0.5649E-02  0.2157E-01  0.1750E-01  0.7412E-02  0.9781E-02  0.1242E-03  0.5756E-03
     2.234  0.4525E-02  0.1552E-01  0.5686E-02  0.3043E-02  0.1087E+00  0.3727E-01  0.1050E-01  0.4914E-02  0.3883E-03  0.8605E-03  0.3881E-02  0.4593E-02  0.2062E-01  0.1504E-01  0.7093E-02  0.8830E-02  0.1105E-03  0.5198E-03
     2.244  0.5639E-02  0.1280E-01  0.8300E-02  0.2491E-02  0.1464E+00  0.3249E-01  0.1436E-01  0.4398E-02  0.5639E-03  0.7377E-03  0.5577E-02  0.3640E-02  0.2716E-01  0.1293E-01  0.9645E-02  0.7804E-02  0.1190E-03  0.4527E-03
     2.254  0.5930E-02  0.1048E-01  0.9726E-02  0.2026E-02  0.1614E+00  0.2867E-01  0.1600E-01  0.3900E-02  0.6541E-03  0.6140E-03  0.6404E-02  0.2818E-02  0.2958E-01  0.1118E-01  0.1064E-01  0.6743E-02  0.1294E-03  0.3784E-03
     2.264  0.5202E-02  0.9591E-02  0.8935E-02  0.1813E-02  0.1461E+00  0.2816E-01  0.1473E-01  0.3643E-02  0.6070E-03  0.5177E-03  0.5833E-02  0.2378E-02  0.2648E-01  0.1069E-01  0.9700E-02  0.5980E-02  0.1109E-03  0.3136E-03
     2.274  0.4571E-02  0.1010E-01  0.8238E-02  0.1842E-02  0.1326E+00  0.3096E-01  0.1367E-01  0.3586E-02  0.5679E-03  0.4566E-03  0.5326E-02  0.2303E-02  0.2373E-01  0.1160E-01  0.8896E-02  0.5474E-02  0.9506E-04  0.2537E-03
     2.284  0.4284E-02  0.1132E-01  0.7867E-02  0.2028E-02  0.1271E+00  0.3575E-01  0.1329E-01  0.3683E-02  0.5513E-03  0.4153E-03  0.5058E-02  0.2450E-02  0.2257E-01  0.1325E-01  0.8561E-02  0.5162E-02  0.8931E-04  0.2013E-03
      2.294  0.4005E-02  0.1293E-01  0.7344E-02  0.2305E-02  0.1211E+00  0.4151E-01  0.1279E-01  0.4081E-02  0.5231E-03  0.4279E-03  0.4733E-02  0.2742E-02  0.2141E-01  0.1537E-01  0.8157E-02  0.5510E-02  0.8457E-04  0.1917E-03
      2.304  0.3715E-02  0.1484E-01  0.6796E-02  0.2674E-02  0.1147E+00  0.4797E-01  0.1224E-01  0.4705E-02  0.4935E-03  0.4909E-03  0.4394E-02  0.3183E-02  0.2018E-01  0.1779E-01  0.7723E-02  0.6363E-02  0.8011E-04  0.2228E-03
      2.314  0.3666E-02  0.1838E-01  0.6449E-02  0.3470E-02  0.1182E+00  0.6081E-01  0.1277E-01  0.5824E-02  0.4856E-03  0.5743E-03  0.4219E-02  0.4157E-02  0.2047E-01  0.2245E-01  0.7889E-02  0.7681E-02  0.7649E-04  0.2663E-03
      2.324  0.3339E-02  0.2205E-01  0.5645E-02  0.4333E-02  0.1141E+00  0.7444E-01  0.1256E-01  0.6971E-02  0.4509E-03  0.6324E-03  0.3734E-02  0.5196E-02  0.1936E-01  0.2721E-01  0.7524E-02  0.8882E-02  0.7349E-04  0.2893E-03
      2.334  0.2892E-02  0.2545E-01  0.4992E-02  0.5165E-02  0.1008E+00  0.8731E-01  0.1131E-01  0.8041E-02  0.4103E-03  0.6862E-03  0.3304E-02  0.6196E-02  0.1712E-01  0.3169E-01  0.6693E-02  0.9997E-02  0.7221E-04  0.3108E-03
      2.344  0.2442E-02  0.2744E-01  0.4344E-02  0.5775E-02  0.8700E-01  0.9577E-01  0.1003E-01  0.8552E-02  0.3706E-03  0.7019E-03  0.2871E-02  0.6961E-02  0.1482E-01  0.3476E-01  0.5846E-02  0.1042E-01  0.7058E-04  0.3193E-03
      2.354  0.2059E-02  0.2883E-01  0.3857E-02  0.6353E-02  0.7509E-01  0.1028E+00  0.9040E-02  0.8889E-02  0.3415E-03  0.7111E-03  0.2532E-02  0.7683E-02  0.1288E-01  0.3728E-01  0.5167E-02  0.1062E-01  0.7271E-04  0.3174E-03
      2.364  0.1671E-02  0.3047E-01  0.3390E-02  0.7066E-02  0.6277E-01  0.1115E+00  0.8097E-02  0.9731E-02  0.3144E-03  0.7818E-03  0.2198E-02  0.8466E-02  0.1089E-01  0.4001E-01  0.4498E-02  0.1145E-01  0.7646E-04  0.3046E-03
      2.374  0.1282E-02  0.3057E-01  0.2948E-02  0.7451E-02  0.5025E-01  0.1150E+00  0.7199E-02  0.1011E-01  0.2899E-03  0.8112E-03  0.1872E-02  0.8903E-02  0.8871E-02  0.4104E-01  0.3845E-02  0.1184E-01  0.8113E-04  0.3106E-03
      2.384  0.2016E-02  0.3133E-01  0.4543E-02  0.8286E-02  0.9013E-01  0.1236E+00  0.1820E-01  0.1141E-01  0.8015E-03  0.9102E-03  0.2876E-02  0.9795E-02  0.1564E-01  0.4341E-01  0.8551E-02  0.1352E-01  0.2899E-03  0.3570E-03
      2.394  0.1311E-02  0.3365E-01  0.4143E-02  0.9625E-02  0.7903E-01  0.1392E+00  0.9657E-02  0.1343E-01  0.3824E-03  2.3949E-02  0.2752E-02  0.1125E-01  0.1461E-01  0.4803E-01  0.4561E-02  0.1604E-01  0.1902E-03  0.4139E-03
      2.404  0.1314E-03  0.3613E-01  0.5669E-03  0.1098E-01  0.8032E-02  0.1552E+00  0.2309E-02  0.1527E-01  0.4510E-04  0.1184E-02  0.2223E-03  0.1273E-01  0.1243E-02  0.5290E-01  0.8303E-03  0.1820E-01  0.3096E-04  0.4538E-03
      2.414  0.1713E-03  0.3624E-01  0.7477E-03  0.1154E-01  0.1063E-01  0.1612E+00  0.2940E-02  0.1540E-01  0.5749E-04  0.1166E-02  0.2918E-03  0.1334E-01  0.1635E-02  0.5498E-01  0.1058E-02  0.1812E-01  0.3878E-04  0.4588E-03
      2.424  0.2095E-03  0.3524E-01  0.9297E-03  0.1158E-01  0.1319E-01  0.1613E+00  0.3574E-02  0.1530E-01  0.6987E-04  0.1129E-02  0.3605E-03  0.1332E-01  0.2019E-02  0.5475E-01  0.1285E-02  0.1778E-01  0.4652E-04  0.4395E-03
      2.434  0.2461E-03  0.3607E-01  0.1113E-02  0.1191E-01  0.1573E-01  0.1669E+00  0.4211E-02  0.1584E-01  0.8224E-04  0.1162E-02  0.4285E-03  0.1363E-01  0.2397E-02  0.5651E-01  0.1511E-02  0.1830E-01  0.5419E-04  0.4374E-03
      2.444  0.2810E-03  0.3687E-01  0.1297E-02  0.1223E-01  0.1823E-01  0.1724E+00  0.4852E-02  0.1638E-01  0.9459E-04  0.1194E-02  0.4959E-03  0.1393E-01  0.2767E-02  0.5822E-01  0.1736E-02  0.1881E-01  0.6179E-04  0.4358E-03
      2.454  0.3098E-03  0.3763E-01  0.1463E-02  0.1254E-01  0.2052E-01  0.1777E+00  0.5382E-02  0.1691E-01  0.1051E-03  0.1227E-02  0.5553E-03  0.1421E-01  0.3098E-02  0.5987E-01  0.1924E-02  0.1932E-01  0.6773E-04  0.4346E-03
      2.464  0.3271E-03  0.4692E-01  0.1602E-02  0.1531E-01  0.2236E-01  0.2227E+00  0.5730E-02  0.2121E-01  0.1115E-03  0.1528E-02  0.6007E-03  0.1716E-01  0.3347E-02  0.7466E-01  0.2047E-02  0.2399E-01  0.7080E-04  0.5240E-03
      2.474  0.3441E-03  0.4427E-01  0.1744E-02  0.1442E-01  0.2424E-01  0.2159E+00  0.6083E-02  0.2107E-01  0.1179E-03  0.1511E-02  0.6472E-03  0.1602E-01  0.3600E-02  0.7216E-01  0.2173E-02  0.2384E-01  0.7385E-04  0.5303E-03
      2.484  0.3447E-03  0.4504E-01  0.1821E-02  0.1526E-01  0.2499E-01  0.2278E+00  0.6286E-02  0.2263E-01  0.1207E-03  0.1608E-02  0.6631E-03  0.1681E-01  0.3691E-02  0.7560E-01  0.2228E-02  0.2539E-01  0.7580E-04  0.5109E-03
      2.494  0.3406E-03  0.4732E-01  0.1879E-02  0.1645E-01  0.2541E-01  0.2441E+00  0.6445E-02  0.2395E-01  0.1222E-03  0.1686E-02  0.6695E-03  0.1808E-01  0.3733E-02  0.8113E-01  0.2261E-02  0.2661E-01  0.7746E-04  0.5198E-03
      2.504  0.3361E-03  0.5290E-01  0.1935E-02  0.1881E-01  0.2580E-01  0.2801E+00  0.6604E-02  0.2719E-01  0.1237E-03  0.1872E-02  0.6751E-03  0.2052E-01  0.3773E-02  0.9278E-01  0.2294E-02  0.2980E-01  0.7913E-04  0.5320E-03
      2.514  0.3313E-03  0.6732E-01  0.1991E-02  0.2435E-01  0.2618E-01  0.3664E+00  0.6763E-02  0.3586E-01  0.1251E-03  0.2377E-02  0.6799E-03  0.2621E-01  0.3809E-02  0.1201E+00  0.2326E-02  0.3868E-01  0.8082E-04  0.5905E-03
      2.524  0.3262E-03  0.7363E-01  0.2047E-02  0.2620E-01  0.2655E-01  0.4089E+00  0.6922E-02  0.3934E-01  0.1265E-03  0.2407E-02  0.6838E-03  0.2769E-01  0.3843E-02  0.1322E+00  2.5247E-02  0.4122E-01  0.8251E-04  0.4975E-03
      2.534  0.3208E-03  0.7696E-01  0.2102E-02  0.2797E-01  0.2689E-01  0.4389E+00  0.7080E-02  0.4213E-01  0.1277E-03  0.2516E-02  0.6870E-03  0.2939E-01  0.3873E-02  0.1414E+00  0.2387E-02  0.4353E-01  0.8422E-04  0.4962E-03
      2.544  0.3150E-03  0.4870E-01  0.2156E-02  0.1746E-01  0.2722E-01  0.2807E+00  0.7238E-02  0.2745E-01  0.1289E-03  0.1586E-02  0.6893E-03  0.1822E-01  0.3901E-02  0.9003E-01  0.2416E-02  0.2817E-01  0.8594E-04  0.3583E-03
      2.554  0.3090E-03  0.2312E-01  0.2210E-02  0.8041E-02  0.2753E-01  0.1344E+00  0.7396E-02  0.1407E-01  0.1299E-03  0.7798E-03  0.6909E-03  0.8281E-02  0.3925E-02  0.4264E-01  0.2444E-02  0.1439E-01  0.8767E-04  0.2566E-03
      2.564  0.3026E-03  0.1439E-01  0.2264E-02  0.5302E-02  0.2782E-01  0.8625E-01  0.7553E-02  0.1006E-01  0.1309E-03  0.5976E-03  0.6916E-03  0.5536E-02  0.3947E-02  2.5640E-01  0.2471E-02  0.1049E-01  0.8942E-04  0.2690E-03
      2.574  0.2955E-03  0.1510E-01  0.2323E-02  0.5606E-02  0.2818E-01  0.9177E-01  0.7744E-02  0.1085E-01  0.1320E-03  0.6392E-03  0.6913E-03  0.5831E-02  0.3968E-02  0.2916E-01  0.2506E-02  0.1125E-01  0.9100E-04  0.2942E-03
      2.584  0.2873E-03  0.1572E-01  0.2386E-02  0.5877E-02  0.2860E-01  0.9678E-01  0.7927E-02  0.1160E-01  0.1328E-03  0.6793E-03  0.6906E-03  0.6089E-02  0.3991E-02  0.3066E-01  0.2535E-02  0.1198E-01  0.9184E-04  0.3200E-03
      2.594  0.2785E-03  0.1625E-01  0.2472E-02  0.6116E-02  0.2940E-01  0.1013E+00  0.8242E-02  0.1232E-01  0.1352E-03  0.7179E-03  0.6946E-03  0.6312E-02  0.4064E-02  0.3199E-01  0.2585E-02  0.1269E-01  0.9380E-04  0.3463E-03
      2.604  0.2767E-03  0.1669E-01  0.2597E-02  0.6322E-02  0.3368E-01  0.1053E+00  0.8905E-02  0.1302E-01  0.1411E-03  0.7550E-03  0.7150E-03  0.6500E-02  0.4668E-02  0.3315E-01  0.2697E-02  0.1337E-01  0.9929E-04  0.3731E-03
      2.614  0.2759E-03  0.1704E-01  0.2809E-02  0.6495E-02  0.3821E-01  0.1088E+00  0.9934E-02  0.1369E-01  0.1506E-03  0.7906E-03  0.7478E-03  0.6652E-02  0.5246E-02  0.3415E-01  0.2902E-02  0.1403E-01  0.1063E-03  0.4004E-03
      2.624  0.2241E-03  0.1731E-01  0.1021E-01  0.6636E-02  0.6262E-01  0.1118E+00  0.2292E-01  0.1434E-01  0.4624E-03  0.8248E-03  0.2235E-02  0.6769E-02  0.8370E-02  0.3498E-01  0.6029E-02  0.1465E-01  0.2835E-03  0.4283E-03
      2.634  0.1825E-03  0.1713E-01  0.4246E-02  0.6741E-02  0.4677E-01  0.1123E+00  0.2102E-01  0.1491E-01  0.3773E-03  0.8652E-03  0.9684E-03  0.6822E-02  0.6227E-02  0.3493E-01  0.4933E-02  0.1526E-01  0.2285E-03  0.4646E-03
      2.644  0.1111E-03  0.1654E-01  0.2144E-02  0.6908E-02  0.2436E-01  0.1105E+00  0.1059E-01  0.1535E-01  0.1834E-03  0.9088E-03  0.4601E-03  0.6898E-02  0.3234E-02  0.3407E-01  0.2452E-02  0.1574E-01  0.1102E-03  0.5041E-03
      2.654  0.7551E-04  0.1602E-01  0.1371E-02  0.7180E-02  0.1353E-01  0.1093E+00  0.4693E-02  0.1567E-01  0.6152E-04  0.9436E-03  0.2492E-03  0.7072E-02  0.1745E-02  0.3337E-01  0.1098E-02  0.1605E-01  0.4282E-04  0.5341E-03
      2.664  0.7489E-04  0.1556E-01  0.1530E-02  0.7557E-02  0.1499E-01  0.1086E+00  0.5139E-02  0.1586E-01  0.6666E-04  0.9698E-03  0.2682E-03  0.7343E-02  0.1913E-02  0.3285E-01  0.1186E-02  0.1619E-01  0.4581E-04  0.5545E-03
      2.674  0.7427E-04  0.1716E-01  0.1693E-02  0.1086E-01  0.1646E-01  0.1288E+00  0.5586E-02  0.1778E-01  0.7173E-04  0.1156E-02  0.2873E-03  0.1031E-01  0.2081E-02  0.3869E-01  0.1273E-02  0.1770E-01  0.4874E-04  0.6519E-03
      2.684  0.7364E-04  0.2359E-01  0.1860E-02  0.8717E-02  0.1792E-01  0.2033E+00  0.6034E-02  0.2747E-01  0.7674E-04  0.1378E-02  0.3065E-03  0.8190E-02  0.2247E-02  0.6217E-01  0.1360E-02  0.2559E-01  0.5162E-04  0.9922E-03
      2.694  0.7301E-04  0.2699E-01  0.2031E-02  0.9270E-02  0.1939E-01  0.2484E+00  0.6483E-02  0.2895E-01  0.8169E-04  0.1402E-02  0.3256E-03  0.8815E-02  0.2411E-02  0.7879E-01  0.1446E-02  0.2605E-01  0.5443E-04  0.1070E-02
      2.704  0.7238E-04  0.4942E-02  0.2207E-02  0.2279E-02  0.2085E-01  0.3670E-01  0.6933E-02  0.4758E-02  0.8658E-04  0.2467E-03  0.3449E-03  0.2236E-02  0.2574E-02  0.1107E-01  0.1531E-02  0.4399E-02  0.5718E-04  0.1158E-03
      2.714  0.7174E-04  0.5115E-02  0.2388E-02  0.2436E-02  0.2232E-01  0.3975E-01  0.7384E-02  0.5147E-02  0.9140E-04  0.2590E-03  0.3641E-03  0.2364E-02  0.2736E-02  0.1187E-01  0.1616E-02  0.4661E-02  0.5987E-04  0.1185E-03
      2.724  0.7111E-04  0.5650E-02  0.2572E-02  0.2812E-02  0.2379E-01  0.4718E-01  0.7836E-02  0.6071E-02  0.9617E-04  0.2958E-03  0.3834E-03  0.2683E-02  0.2897E-02  0.1393E-01  0.1700E-02  0.5348E-02  0.6250E-04  0.1289E-03
      2.734  0.7047E-04  0.6204E-02  0.2761E-02  0.3206E-02  0.2526E-01  0.5499E-01  0.8289E-02  0.7026E-02  0.1009E-03  0.3347E-03  0.4028E-03  0.3017E-02  0.3056E-02  0.1610E-01  0.1783E-02  0.6055E-02  0.6508E-04  0.1399E-03
      2.744  0.6983E-04  0.6723E-02  0.2954E-02  0.3584E-02  0.2672E-01  0.6249E-01  0.8744E-02  0.7961E-02  0.1055E-03  0.3730E-03  0.4222E-03  0.3334E-02  0.3214E-02  0.1818E-01  0.1866E-02  0.6745E-02  0.6759E-04  0.1512E-03
      2.754  0.6359E-04  0.7205E-02  0.7116E-02  0.3944E-02  0.3728E-01  0.6966E-01  0.1293E-01  0.8877E-02  0.1345E-03  0.4108E-03  0.5510E-03  0.3634E-02  0.4266E-02  0.2017E-01  0.2541E-02  0.7417E-02  0.7631E-04  0.1627E-03
      2.764  0.7692E-04  0.7652E-02  0.1049E-01  0.4287E-02  0.5315E-01  0.7651E-01  0.1826E-01  0.9773E-02  0.1814E-03  0.4480E-03  0.7839E-03  0.3917E-02  0.5938E-02  0.2205E-01  0.3505E-02  0.8071E-02  0.9384E-04  0.1744E-03
      2.774  0.9150E-04  0.8063E-02  0.1140E-01  0.4613E-02  0.5452E-01  0.8305E-01  0.1811E-01  0.1065E-01  0.1872E-03  0.4846E-03  0.8560E-03  0.4183E-02  0.6107E-02  0.2384E-01  0.3384E-02  0.8707E-02  0.9881E-04  0.1862E-03
      2.784  0.1198E-03  0.8438E-02  0.1289E-01  0.4921E-02  0.5512E-01  0.8926E-01  0.1828E-01  0.1151E-01  0.1941E-03  0.5206E-03  0.9384E-03  0.4432E-02  0.6179E-02  0.2553E-01  0.3228E-02  0.9325E-02  0.1063E-03  0.1983E-03
      2.794  0.1109E-03  0.8777E-02  0.1197E-01  0.5212E-02  0.4497E-01  0.9516E-01  0.1543E-01  0.1234E-01  0.1596E-03  0.5561E-03  0.7741E-03  0.4664E-02  0.5022E-02  0.2713E-01  0.2586E-02  0.9926E-02  0.9039E-04  0.2106E-03
      2.804  0.1012E-03  0.8239E-02  0.1100E-01  2.8045E-02  0.3470E-01  0.9610E-01  0.1246E-01  0.1312E-01  0.1255E-03  0.5694E-03  0.6153E-03  0.4514E-02  0.3866E-02  0.2709E-01  0.1935E-02  0.1013E-01  0.7411E-04  0.2196E-03
      2.814  0.9417E-04  0.8326E-02  0.1016E-01  0.5334E-02  0.2871E-01  0.9992E-01  0.1046E-01  0.1393E-01  0.1016E-03  0.5975E-03  0.5030E-03  0.4634E-02  0.3194E-02  0.2808E-01  0.1524E-02  0.1057E-01  0.6157E-04  0.2304E-03
      2.824  0.8808E-04  0.8380E-02  0.9597E-02  0.5497E-02  0.2493E-01  0.1034E+00  0.9888E-02  0.1472E-01  0.8918E-04  0.6252E-03  0.4193E-03  0.4739E-02  0.2731E-02  0.2896E-01  0.1375E-02  0.1099E-01  0.5501E-04  0.2416E-03
      2.834  0.8146E-04  0.8970E-02  0.9001E-02  0.6749E-02  0.2112E-01  0.1188E+00  0.9345E-02  0.1967E-01  0.7704E-04  0.8907E-03  0.3349E-03  0.5592E-02  0.2268E-02  0.3269E-01  0.1230E-02  0.1448E-01  0.4853E-04  0.3583E-03
      2.844  0.7432E-04  0.9515E-02  0.8369E-02  0.7618E-02  0.1729E-01  0.1363E+00  0.8828E-02  0.2307E-01  0.6516E-04  0.1033E-02  0.2498E-03  0.6199E-02  0.1805E-02  0.3724E-01  0.1090E-02  0.1660E-01  0.4213E-04  0.4061E-03
      2.854  0.7316E-04  0.1031E-01  0.8320E-02  0.8566E-02  0.1611E-01  0.1594E+00  0.8901E-02  0.2615E-01  0.6419E-04  0.1112E-02  0.2272E-03  0.6920E-02  0.1654E-02  0.4299E-01  0.1066E-02  0.1858E-01  0.4056E-04  0.4404E-03
      2.864  0.7945E-04  0.1045E-01  0.9554E-02  0.8912E-02  0.1694E-01  0.1729E+00  0.9966E-02  0.2676E-01  0.7568E-04  0.1095E-02  0.2569E-03  0.7175E-02  0.1712E-02  0.4645E-01  0.1157E-02  0.1876E-01  0.4531E-04  0.4316E-03
      2.874  0.8928E-04  0.8561E-02  0.1128E-01  0.7224E-02  0.1850E-01  0.1424E+00  0.1124E-01  0.2233E-01  0.8857E-04  0.8837E-03  0.3019E-03  0.5814E-02  0.1841E-02  0.3823E-01  0.1262E-02  0.1539E-01  0.5272E-04  0.3674E-03
      2.884  0.1006E-03  0.6749E-02  0.1342E-01  0.5625E-02  0.2031E-01  0.1129E+00  0.1262E-01  0.1785E-01  0.1029E-03  0.6682E-03  0.3491E-03  0.4532E-02  0.1990E-02  0.3032E-01  0.1377E-02  0.1201E-01  0.6104E-04  0.3005E-03
      2.894  0.1147E-03  0.5175E-02  0.1656E-01  0.4278E-02  0.2265E-01  0.8676E-01  0.1431E-01  0.1378E-01  0.1211E-03  0.4874E-03  0.4055E-03  0.3448E-02  0.2180E-02  0.2343E-01  0.1519E-02  0.8967E-02  0.7194E-04  0.2372E-03
      2.904  0.1333E-03  0.3933E-02  0.2017E-01  0.3267E-02  0.2584E-01  0.6512E-01  0.1629E-01  0.1071E-01  0.1408E-03  0.3755E-03  0.4705E-03  0.2618E-02  0.2440E-02  0.1779E-01  0.1690E-02  0.6730E-02  0.8442E-04  0.1921E-03
      2.914  0.1492E-03  0.3359E-02  0.2581E-01  0.2934E-02  0.2882E-01  0.5639E-01  0.1723E-01  0.1004E-01  0.1369E-03  0.3452E-03  0.4888E-03  0.2306E-02  0.2639E-02  0.1530E-01  0.1652E-02  0.6188E-02  0.9179E-04  0.1881E-03
      2.924  0.1635E-03  0.3136E-02  0.3747E-01  0.3318E-02  0.3095E-01  0.5664E-01  0.1958E-01  0.1054E-01  0.1355E-03  0.3592E-03  0.4257E-03  0.2481E-02  0.2588E-02  0.1515E-01  0.1693E-02  0.6417E-02  0.8617E-04  0.2095E-03
      2.934  0.1717E-03  0.2913E-02  0.4246E-01  0.3693E-02  0.3151E-01  0.5682E-01  0.1991E-01  0.1108E-01  0.1279E-03  0.3763E-03  0.4040E-03  0.2645E-02  0.2548E-02  0.1498E-01  0.1614E-02  0.6677E-02  0.8040E-04  0.2328E-03
      2.944  0.1621E-03  0.2816E-02  0.4598E-01  0.4212E-02  0.2841E-01  0.6148E-01  0.1950E-01  0.1198E-01  0.1097E-03  0.4099E-03  0.3638E-03  0.2910E-02  0.2153E-02  0.1611E-01  0.1320E-02  0.7163E-02  0.6836E-04  0.2687E-03
      2.954  0.1385E-03  0.2737E-02  0.4890E-01  0.4809E-02  0.2353E-01  0.6680E-01  0.1956E-01  0.1300E-01  0.9544E-04  0.4488E-03  0.3092E-03  0.3180E-02  0.1612E-02  0.1742E-01  0.1126E-02  0.7714E-02  0.5832E-04  0.3086E-03
      2.964  0.1357E-03  0.2650E-02  0.5209E-01  0.5428E-02  0.2284E-01  0.7192E-01  0.1912E-01  0.1412E-01  0.8990E-04  0.4912E-03  0.2925E-03  0.3437E-02  0.1518E-02  0.1867E-01  0.1063E-02  0.8304E-02  0.5534E-04  0.3514E-03
      2.974  0.1332E-03  0.2338E-02  0.5531E-01  0.5696E-02  0.2221E-01  0.7118E-01  0.1865E-01  0.1397E-01  0.8455E-04  0.4801E-03  0.2765E-03  0.3312E-02  0.1432E-02  0.1841E-01  0.1002E-02  0.8002E-02  0.5253E-04  0.3561E-03
      2.984  0.1307E-03  0.2021E-02  0.5856E-01  0.5378E-02  0.2157E-01  0.7085E-01  0.1815E-01  0.1467E-01  0.7925E-04  0.4936E-03  0.2608E-03  0.2845E-02  0.1347E-02  0.1804E-01  0.9409E-03  0.8156E-02  0.4974E-04  0.3655E-03
      2.995  0.1280E-03  0.1666E-02  0.6184E-01  0.5292E-02  0.2092E-01  0.6325E-01  0.1763E-01  0.1295E-01  0.7400E-04  0.4287E-03  0.2453E-03  0.2622E-02  0.1263E-02  0.1596E-01  0.8806E-03  0.6962E-02  0.4699E-04  0.3161E-03
      3.005  0.1253E-03  0.1320E-02  0.6514E-01  0.5206E-02  0.2026E-01  0.5545E-01  0.1708E-01  0.1128E-01  0.6880E-04  0.3672E-03  0.2299E-03  0.2397E-02  0.1179E-02  0.1387E-01  0.8205E-03  0.5811E-02  0.4427E-04  0.2705E-03
      3.015  0.1226E-03  0.1022E-02  0.6848E-01  0.4975E-02  0.1958E-01  0.4523E-01  0.1652E-01  0.9806E-02  0.6365E-04  0.3114E-03  0.2148E-03  0.2068E-02  0.1095E-02  0.1111E-01  0.7608E-03  0.4864E-02  0.4159E-04  0.2280E-03
      3.025  0.1197E-03  0.9421E-03  0.7184E-01  0.4995E-02  0.1890E-01  0.4254E-01  0.1593E-01  0.9454E-02  0.5855E-04  0.2928E-03  0.1999E-03  0.1955E-02  0.1012E-02  0.1039E-01  0.7013E-03  0.4578E-02  0.3894E-04  0.2164E-03
      3.035  0.1168E-03  0.8833E-03  0.7523E-01  0.5044E-02  0.1820E-01  0.4057E-01  0.1531E-01  0.9194E-02  0.5350E-04  0.2774E-03  0.1851E-03  0.1864E-02  0.9291E-03  0.9877E-02  0.6421E-03  0.4349E-02  0.3632E-04  0.2078E-03
      3.045  0.1138E-03  0.8259E-03  0.7864E-01  0.5095E-02  0.1749E-01  0.3861E-01  0.1468E-01  0.8936E-02  0.4850E-04  0.2621E-03  0.1706E-03  0.1774E-02  0.8470E-03  0.9364E-02  0.5832E-03  0.4121E-02  0.3373E-04  0.1993E-03
      3.055  0.1108E-03  0.7697E-03  0.8209E-01  0.5149E-02  0.1677E-01  0.3665E-01  0.1402E-01  0.8679E-02  0.4354E-04  0.2470E-03  0.1562E-03  0.1685E-02  0.7654E-03  0.8853E-02  0.5247E-03  0.3894E-02  0.3118E-04  0.1908E-03
      3.065  0.1083E-03  0.7149E-03  0.8558E-01  0.5206E-02  0.1610E-01  0.3469E-01  0.1337E-01  0.8422E-02  0.3882E-04  0.2319E-03  0.1430E-03  0.1598E-02  0.6898E-03  0.8345E-02  0.4695E-03  0.3669E-02  0.2874E-04  0.1824E-03
      3.075  0.1089E-03  0.6613E-03  0.8917E-01  0.5266E-02  0.1569E-01  0.3274E-01  0.1281E-01  0.8166E-02  0.3497E-04  0.2170E-03  0.1342E-03  0.1511E-02  0.6392E-03  0.7838E-02  0.4287E-03  0.3446E-02  0.2668E-04  0.1741E-03
      3.085  0.1095E-03  0.6091E-03  0.9279E-01  0.5328E-02  0.1526E-01  0.3078E-01  0.1224E-01  0.7911E-02  0.3116E-04  0.2022E-03  0.1257E-03  0.1426E-02  0.5890E-03  0.7334E-02  0.3882E-03  0.3224E-02  0.2465E-04  0.1658E-03
      3.095  0.1112E-03  0.5581E-03  0.9822E-01  0.5393E-02  0.1506E-01  0.2883E-01  0.1175E-01  0.7657E-02  0.2752E-04  0.1875E-03  0.1200E-03  0.1341E-02  0.5430E-03  0.6832E-02  0.3511E-03  0.3004E-02  0.2275E-04  0.1576E-03
      3.105  0.1173E-03  0.5085E-03  0.1108E+00  0.5460E-02  0.1578E-01  0.2688E-01  0.1145E-01  0.7404E-02  0.2414E-04  0.1730E-03  0.1232E-03  0.1257E-02  0.5127E-03  0.6332E-02  0.3198E-03  0.2785E-02  0.2127E-04  0.1494E-03
      3.115  0.1263E-03  0.4601E-03  0.1271E+00  0.5530E-02  0.1707E-01  0.2493E-01  0.1134E-01  0.7151E-02  0.2158E-04  0.1585E-03  0.1303E-03  0.1175E-02  0.4991E-03  0.5835E-02  0.2965E-03  0.2568E-02  0.2031E-04  0.1413E-03
      3.125  0.1363E-03  0.4131E-03  0.1441E+00  0.5603E-02  0.1858E-01  0.2298E-01  0.1147E-01  0.6899E-02  0.2008E-04  0.1442E-03  0.1387E-03  0.1094E-02  0.4983E-03  0.5339E-02  0.2826E-03  0.2353E-02  0.1987E-04  0.1333E-03
      3.135  0.1464E-03  0.3673E-03  0.1615E+00  0.5679E-02  0.2009E-01  0.2104E-01  0.1158E-01  0.6648E-02  0.1861E-04  0.1300E-03  0.1464E-03  0.1013E-02  0.4961E-03  0.4846E-02  0.2681E-03  0.2139E-02  0.1941E-04  0.1253E-03
      3.145  0.1804E-03  0.3229E-03  0.2073E+00  0.5757E-02  0.2334E-01  0.1910E-01  0.1282E-01  0.6398E-02  0.1832E-04  0.1159E-03  0.1839E-03  0.9340E-03  0.5219E-03  0.4355E-02  0.2585E-03  0.1927E-02  0.2103E-04  0.1174E-03
      3.155  0.2507E-03  0.2965E-03  0.3047E+00  0.5871E-02  0.2998E-01  0.1762E-01  0.1614E-01  0.6294E-02  0.1996E-04  0.1069E-03  0.2658E-03  0.8771E-03  0.5888E-03  0.3977E-02  0.2578E-03  0.1791E-02  0.2606E-04  0.1117E-03
      3.165  0.3136E-03  0.2730E-03  0.4070E+00  0.5991E-02  0.3714E-01  0.1620E-01  0.1963E-01  0.6211E-02  0.2153E-04  0.9858E-04  0.3359E-03  0.8235E-03  0.6413E-03  0.3613E-02  0.2574E-03  0.1667E-02  0.3078E-04  0.1064E-03
      3.175  0.3697E-03  0.2529E-03  0.5156E+00  0.6129E-02  0.4506E-01  0.1503E-01  0.2336E-01  0.6163E-02  0.2321E-04  0.9167E-04  0.3948E-03  0.7804E-03  0.6835E-03  0.3310E-02  0.2596E-03  0.1562E-02  0.3528E-04  0.1018E-03
      3.185  0.4463E-03  0.2427E-03  0.6678E+00  0.6397E-02  0.6065E-01  0.1474E-01  0.2712E-01  0.6267E-02  0.2619E-04  0.8842E-04  0.4251E-03  0.7775E-03  0.7685E-03  0.3210E-02  0.2565E-03  0.1522E-02  0.3742E-04  0.1008E-03
      3.195  0.5170E-03  0.2355E-03  0.5404E+00  0.6849E-02  0.4766E-01  0.1482E-01  0.2791E-01  0.6446E-02  0.1743E-04  0.8563E-04  0.3100E-03  0.8038E-03  0.6005E-03  0.3185E-02  0.2051E-03  0.1499E-02  0.2718E-04  0.1025E-03
      3.205  0.6348E-03  0.2295E-03  0.4790E+00  0.7388E-02  0.4262E-01  0.1507E-01  0.3254E-01  0.6654E-02  0.1531E-04  0.8310E-04  0.2221E-03  0.8419E-03  0.5595E-03  0.3194E-02  0.2181E-03  0.1484E-02  0.2688E-04  0.1050E-03
      3.215  0.6424E-03  0.2237E-03  0.3650E+00  0.7936E-02  0.3391E-01  0.1532E-01  0.3948E-01  0.6864E-02  0.1517E-04  0.8064E-04  0.1524E-03  0.8806E-03  0.4902E-03  0.3201E-02  0.2093E-03  0.1469E-02  0.2578E-04  0.1076E-03
      3.225  0.5693E-03  0.2186E-03  0.2380E+00  0.8638E-02  0.2508E-01  0.1564E-01  0.5305E-01  0.7138E-02  0.1582E-04  0.7913E-04  0.1049E-03  0.9419E-03  0.4154E-03  0.3225E-02  0.1581E-03  0.1464E-02  0.2070E-04  0.1127E-03
      3.235  0.6228E-03  0.2172E-03  0.2588E+00  0.1033E-01  0.3030E-01  0.1655E-01  0.8776E-01  0.7861E-02  0.2481E-04  0.8373E-04  0.1095E-03  0.1151E-02  0.4491E-03  0.3368E-02  0.1931E-03  0.1532E-02  0.2894E-04  0.1350E-03
      3.245  0.6806E-03  0.2159E-03  0.2823E+00  0.1202E-01  0.3633E-01  0.1749E-01  0.1277E+00  0.8624E-02  0.3532E-04  0.8850E-04  0.1163E-03  0.1355E-02  0.4849E-03  0.3516E-02  0.2302E-03  0.1607E-02  0.3844E-04  0.1566E-03
      3.255  0.7440E-03  0.2147E-03  0.3041E+00  0.1371E-01  0.4307E-01  0.1846E-01  0.1754E+00  0.9429E-02  0.4878E-04  0.9344E-04  0.1281E-03  0.1554E-02  0.5272E-03  0.3668E-02  0.2730E-03  0.1688E-02  0.5064E-04  0.1775E-03
      3.265  0.8398E-03  0.2137E-03  0.3150E+00  0.1540E-01  0.4960E-01  0.1947E-01  0.2308E+00  0.1027E-01  0.6471E-04  0.9855E-04  0.1438E-03  0.1748E-02  0.5844E-03  0.3824E-02  0.3188E-03  0.1777E-02  0.6387E-04  0.1978E-03
      3.275  0.9484E-03  0.2187E-03  0.3069E+00  0.1779E-01  0.5494E-01  0.2067E-01  0.2831E+00  0.1160E-01  0.7935E-04  0.1046E-03  0.1586E-03  0.1957E-02  0.6328E-03  0.3995E-02  0.3556E-03  0.1887E-02  0.7539E-04  0.2182E-03
      3.285  0.1046E-02  0.2273E-03  0.2742E+00  0.2060E-01  0.5702E-01  0.2198E-01  0.3173E+00  0.1321E-01  0.9011E-04  0.1113E-03  0.1706E-03  0.2173E-02  0.6485E-03  0.4177E-02  0.3664E-03  0.2011E-02  0.8268E-04  0.2382E-03
      3.295  0.1161E-02  0.2404E-03  0.2390E+00  0.2388E-01  0.5847E-01  0.2353E-01  0.3478E+00  0.1544E-01  0.1002E-03  0.1194E-03  0.1838E-03  0.2398E-02  0.6724E-03  0.4385E-02  0.3731E-03  0.2176E-02  0.8822E-04  0.2590E-03
      3.305  0.1293E-02  0.2562E-03  0.2078E+00  0.2754E-01  0.6139E-01  0.2562E-01  0.3803E+00  0.1802E-01  0.1137E-03  0.1288E-03  0.2020E-03  0.2643E-02  0.6867E-03  0.4687E-02  0.3516E-03  0.2389E-02  0.9701E-04  0.2843E-03
      3.315  0.1529E-02  0.2766E-03  0.1987E+00  0.3143E-01  0.6938E-01  0.2895E-01  0.4402E+00  0.2116E-01  0.1312E-03  0.1364E-03  0.2267E-03  0.2837E-02  0.7945E-03  0.5181E-02  0.3837E-03  0.2632E-02  0.1118E-03  0.3089E-03
      3.325  0.1757E-02  0.3226E-03  0.1854E+00  0.3450E-01  0.7643E-01  0.2670E-01  0.4923E+00  0.2242E-01  0.1476E-03  0.1034E-03  0.2445E-03  0.2261E-02  0.8904E-03  0.4494E-02  0.4089E-03  0.2217E-02  0.1208E-03  0.2244E-03
      3.335  0.2303E-02  0.3831E-03  0.1849E+00  0.4296E-01  0.8894E-01  0.2882E-01  0.5862E+00  0.2622E-01  0.1867E-03  0.1278E-03  0.2755E-03  0.2902E-02  0.1105E-02  0.4709E-02  0.4492E-03  0.2496E-02  0.1329E-03  0.2530E-03
      3.345  0.2876E-02  0.5131E-03  0.1930E+00  0.5725E-01  0.1175E+00  0.3405E-01  0.7846E+00  0.3138E-01  0.2995E-03  0.2062E-03  0.4162E-03  0.4316E-02  0.1280E-02  0.5478E-02  0.5454E-03  0.3078E-02  0.2021E-03  0.3006E-03
      3.355  0.1160E-02  0.4462E-03  0.1518E+00  0.5121E-01  0.9761E-01  0.2300E-01  0.6794E+00  0.3072E-01  0.2704E-03  0.9695E-04  0.4815E-03  0.3214E-02  0.6346E-03  0.3373E-02  0.4985E-03  0.2193E-02  0.2492E-03  0.2320E-03
      3.365  0.1170E-02  0.4574E-03  0.1058E+00  0.5021E-01  0.7326E-01  0.1919E-01  0.4876E+00  0.3171E-01  0.1776E-03  0.8937E-04  0.4145E-03  0.2785E-02  0.4210E-03  0.2623E-02  0.3339E-03  0.1967E-02  0.1814E-03  0.1872E-03
      3.375  0.1181E-02  0.4662E-03  0.1049E+00  0.4918E-01  0.4590E-01  0.1603E-01  0.2701E+00  0.3268E-01  0.1380E-03  0.8234E-04  0.3772E-03  0.2342E-02  0.4587E-03  0.1979E-02  0.3466E-03  0.1760E-02  0.1641E-03  0.1421E-03
      3.385  0.1356E-02  0.4724E-03  0.9933E-01  0.4811E-01  0.4269E-01  0.1352E-01  0.2135E+00  0.3363E-01  0.1295E-03  0.7586E-04  0.3536E-03  0.1884E-02  0.4854E-03  0.1442E-02  0.3681E-03  0.1571E-02  0.1501E-03  0.9670E-04
      3.395  0.5781E-03  0.4981E-03  0.3475E-01  0.5015E-01  0.1729E-01  0.1319E-01  0.9203E-01  0.3572E-01  0.7270E-04  0.7571E-04  0.1284E-03  0.1770E-02  0.2030E-03  0.1283E-02  0.2129E-03  0.1552E-02  0.6309E-04  0.8037E-04
      3.405  0.4540E-03  0.5382E-03  0.1977E-01  0.5426E-01  0.1238E-01  0.1398E-01  0.6729E-01  0.3860E-01  0.6178E-04  0.7942E-04  0.7826E-04  0.1883E-02  0.1544E-03  0.1321E-02  0.1839E-03  0.1633E-02  0.4440E-04  0.8277E-04
      3.415  0.4825E-03  0.6176E-03  0.1987E-01  0.5941E-01  0.1226E-01  0.1495E-01  0.6474E-01  0.4231E-01  0.6298E-04  0.8541E-04  0.8034E-04  0.2038E-02  0.1604E-03  0.1367E-02  0.1931E-03  0.1748E-02  0.4530E-04  0.8571E-04
      3.425  0.5113E-03  0.7369E-03  0.1994E-01  0.6560E-01  0.1215E-01  0.1610E-01  0.6222E-01  0.4683E-01  0.6419E-04  0.9341E-04  0.8241E-04  0.2234E-02  0.1664E-03  0.1422E-02  0.2023E-03  0.1894E-02  0.4620E-04  0.8914E-04
      3.435  0.5811E-03  0.8637E-03  0.2016E-01  0.7288E-01  0.1209E-01  0.1772E-01  0.5978E-01  0.5240E-01  0.6571E-04  0.1022E-03  0.8602E-04  0.2455E-02  0.1730E-03  0.1520E-02  0.2122E-03  0.2062E-02  0.4752E-04  0.9329E-04
      3.445  0.6530E-03  0.9962E-03  0.2035E-01  0.8041E-01  0.1202E-01  0.1938E-01  0.5738E-01  0.5817E-01  0.6724E-04  0.1109E-03  0.8956E-04  0.2680E-02  0.1798E-03  0.1619E-02  0.2221E-03  0.2231E-02  0.4883E-04  0.9738E-04
      3.455  0.7265E-03  0.1245E-02  0.2051E-01  0.1125E+00  0.1197E-01  0.2414E-01  0.5502E-01  0.7002E-01  0.6876E-04  0.1316E-03  0.9304E-04  0.3553E-02  0.1866E-03  0.1934E-02  0.2322E-03  0.2547E-02  0.5012E-04  0.1068E-03
      3.465  0.8017E-03  0.2067E-02  0.2062E-01  0.2406E+00  0.1191E-01  0.4114E-01  0.5269E-01  0.1317E+00  0.7029E-04  0.2070E-03  0.9645E-04  0.7167E-02  0.1934E-03  0.3077E-02  0.2423E-03  0.4209E-02  0.5140E-04  0.1702E-03
      3.475  0.8785E-03  0.3625E-02  0.2069E-01  0.2727E+00  0.1186E-01  0.7177E-01  0.5039E-01  0.2115E+00  0.7183E-04  0.2767E-03  0.9978E-04  0.8221E-02  0.2004E-03  0.4346E-02  0.2525E-03  0.5812E-02  0.5267E-04  0.2100E-03
      3.485  0.9570E-03  0.4934E-02  0.2072E-01  0.3019E+00  0.1181E-01  0.7356E-01  0.4813E-01  0.2437E+00  0.7336E-04  0.3194E-03  0.1030E-03  0.8852E-02  0.2074E-03  0.4466E-02  0.2628E-03  0.6741E-02  0.5392E-04  0.2068E-03
      3.495  0.1037E-02  0.5300E-02  0.2072E-01  0.3039E+00  0.1176E-01  0.7102E-01  0.4590E-01  0.2432E+00  0.7490E-04  0.3293E-03  0.1062E-03  0.8742E-02  0.2146E-03  0.4404E-02  0.2731E-03  0.6610E-02  0.5516E-04  0.1867E-03
      3.505  0.1169E-02  0.5245E-02  0.1966E-01  0.2786E+00  0.1149E-01  0.6755E-01  0.4375E-01  0.2379E+00  0.7557E-04  0.3050E-03  0.1082E-03  0.7949E-02  0.2186E-03  0.4161E-02  0.2819E-03  0.6334E-02  0.5564E-04  0.1707E-03
      3.515  0.1374E-02  0.5207E-02  0.1753E-01  0.2648E+00  0.1109E-01  0.6642E-01  0.4155E-01  0.2369E+00  0.7569E-04  0.2919E-03  0.1122E-03  0.7428E-02  0.2209E-03  0.4053E-02  0.2900E-03  0.6132E-02  0.5575E-04  0.1578E-03
      3.525  0.1718E-02  0.4501E-02  0.1504E-01  0.2357E+00  0.1136E-01  0.6839E-01  0.3918E-01  0.2610E+00  0.7700E-04  0.2780E-03  0.1199E-03  0.6339E-02  0.2346E-03  0.4103E-02  0.3073E-03  0.6517E-02  0.5633E-04  0.1423E-03
      3.535  0.2145E-02  0.1599E-02  0.1263E-01  0.1777E+00  0.1139E-01  0.5813E-01  0.3683E-01  0.2140E+00  0.7747E-04  0.1943E-03  0.1255E-03  0.4307E-02  0.2432E-03  0.3427E-02  0.3196E-03  0.5063E-02  0.5698E-04  0.1140E-03
      3.545  0.2560E-02  0.1567E-02  0.1083E-01  0.2035E+00  0.1136E-01  0.6650E-01  0.3515E-01  0.2343E+00  0.7886E-04  0.2174E-03  0.1314E-03  0.4850E-02  0.2524E-03  0.3854E-02  0.3381E-03  0.5417E-02  0.5900E-04  0.1332E-03
      3.555  0.3050E-02  0.2397E-02  0.9111E-02  0.3569E+00  0.1136E-01  0.1001E+00  0.3340E-01  0.3252E+00  0.8104E-04  0.3256E-03  0.1375E-03  0.8688E-02  0.2639E-03  0.5678E-02  0.3591E-03  0.7050E-02  0.6129E-04  0.2083E-03
      3.565  0.3774E-02  0.2455E-02  0.8606E-02  0.3600E+00  0.1155E-01  0.1027E+00  0.3104E-01  0.3332E+00  0.8530E-04  0.3583E-03  0.1470E-03  0.8655E-02  0.2803E-03  0.5764E-02  0.3903E-03  0.7151E-02  0.6623E-04  0.2072E-03
      3.575  0.4558E-02  0.2468E-02  0.8764E-02  0.3407E+00  0.1182E-01  0.1014E+00  0.2862E-01  0.3386E+00  0.8954E-04  0.3660E-03  0.1571E-03  0.8037E-02  0.2955E-03  0.5579E-02  0.4222E-03  0.7268E-02  0.7195E-04  0.2075E-03
      3.585  0.5375E-02  0.2206E-02  0.8913E-02  0.3108E+00  0.1211E-01  0.8451E-01  0.2627E-01  0.2686E+00  0.9343E-04  0.3144E-03  0.1660E-03  0.7302E-02  0.3096E-03  0.4600E-02  0.4520E-03  0.5484E-02  0.7724E-04  0.1764E-03
      3.595  0.6225E-02  0.1708E-02  0.9052E-02  0.1973E+00  0.1243E-01  0.5170E-01  0.2400E-01  0.1582E+00  0.9697E-04  0.1985E-03  0.1738E-03  0.4758E-02  0.3225E-03  0.2821E-02  0.4795E-03  0.2922E-02  0.8210E-04  0.1334E-03
      3.605  0.6743E-02  0.1624E-02  0.9446E-02  0.1257E+00  0.1249E-01  0.3856E-01  0.2282E-01  0.1129E+00  0.9692E-04  0.1606E-03  0.1762E-03  0.3068E-02  0.3237E-03  0.2079E-02  0.4883E-03  0.2034E-02  0.8427E-04  0.1052E-03
      3.615  0.7048E-02  0.1799E-02  0.9665E-02  0.7890E-01  0.1257E-01  0.2935E-01  0.2292E-01  0.8251E-01  0.9533E-04  0.1300E-03  0.1757E-03  0.1944E-02  0.3200E-03  0.1564E-02  0.4869E-03  0.1472E-02  0.8453E-04  0.8604E-04
      3.625  0.7284E-02  0.2120E-02  0.9790E-02  0.6060E-01  0.1267E-01  0.2493E-01  0.2336E-01  0.6930E-01  0.9346E-04  0.1083E-03  0.1746E-03  0.1462E-02  0.3153E-03  0.1313E-02  0.4833E-03  0.1204E-02  0.8428E-04  0.7534E-04
      3.635  0.7504E-02  0.2334E-02  0.9903E-02  0.5140E-01  0.1276E-01  0.2309E-01  0.2375E-01  0.6138E-01  0.9161E-04  0.9662E-04  0.1736E-03  0.1196E-02  0.3105E-03  0.1186E-02  0.4796E-03  0.9831E-03  0.8402E-04  0.6969E-04
      3.645  0.7707E-02  0.3089E-02  0.1000E-01  0.4269E-01  0.1283E-01  0.2086E-01  0.2410E-01  0.5024E-01  0.8978E-04  0.8033E-04  0.1727E-03  0.9674E-03  0.3057E-03  0.1008E-02  0.4760E-03  0.6440E-03  0.8375E-04  0.6788E-04
      3.655  0.7893E-02  0.3680E-02  0.1009E-01  0.4159E-01  0.1290E-01  0.2123E-01  0.2439E-01  0.4647E-01  0.8799E-04  0.7712E-04  0.1718E-03  0.9212E-03  0.3009E-03  0.1008E-02  0.4723E-03  0.5032E-03  0.8346E-04  0.6670E-04
      3.665  0.8063E-02  0.4108E-02  0.1017E-01  0.4129E-01  0.1294E-01  0.2166E-01  0.2464E-01  0.4497E-01  0.8621E-04  0.7455E-04  0.1710E-03  0.9059E-03  0.2961E-03  0.1018E-02  0.4687E-03  0.4498E-03  0.8315E-04  0.6717E-04
      3.675  0.8215E-02  0.4406E-02  0.1023E-01  0.4149E-01  0.1298E-01  0.2210E-01  0.2484E-01  0.4500E-01  0.8447E-04  0.7258E-04  0.1703E-03  0.9090E-03  0.2913E-03  0.1032E-02  0.4650E-03  0.4540E-03  0.8283E-04  0.6868E-04
      3.685  0.8369E-02  0.4699E-02  0.1030E-01  0.4161E-01  0.1300E-01  0.2253E-01  0.2499E-01  0.4499E-01  0.8290E-04  0.7072E-04  0.1706E-03  0.9110E-03  0.2869E-03  0.1047E-02  0.4624E-03  0.4582E-03  0.8272E-04  0.7023E-04
      3.695  0.7557E-02  0.5035E-02  0.9425E-02  0.4184E-01  0.1191E-01  0.2319E-01  0.2353E-01  0.4611E-01  0.7737E-04  0.7018E-04  0.1658E-03  0.9155E-03  0.2672E-03  0.1065E-02  0.4449E-03  0.4737E-03  0.7977E-04  0.7231E-04
      3.705  0.6140E-02  0.5407E-02  0.7685E-02  0.4216E-01  0.1046E-01  0.2401E-01  0.2139E-01  0.4810E-01  0.7040E-04  0.7089E-04  0.1554E-03  0.9222E-03  0.2432E-03  0.1087E-02  0.4169E-03  0.4991E-03  0.7268E-04  0.7487E-04
      3.715  0.4998E-02  0.5777E-02  0.5746E-02  0.4242E-01  0.9711E-02  0.2478E-01  0.2013E-01  0.4990E-01  0.6500E-04  0.7188E-04  0.1451E-03  0.9280E-03  0.2276E-03  0.1108E-02  0.3913E-03  0.5249E-03  0.6465E-04  0.7751E-04
      3.725  0.4396E-02  0.6151E-02  0.4679E-02  0.4267E-01  0.9119E-02  0.2551E-01  0.1970E-01  0.5156E-01  0.6236E-04  0.7328E-04  0.1409E-03  0.9338E-03  0.2177E-03  0.1130E-02  0.3792E-03  0.5518E-03  0.6099E-04  0.8038E-04
      3.735  0.4229E-02  0.6535E-02  0.4662E-02  0.4295E-01  0.8066E-02  0.2620E-01  0.1985E-01  0.5310E-01  0.6220E-04  0.7521E-04  0.1400E-03  0.9404E-03  0.2083E-03  0.1152E-02  0.3783E-03  0.5800E-03  0.6138E-04  0.8355E-04
      3.745  0.4036E-02  0.6916E-02  0.4643E-02  0.4316E-01  0.7023E-02  0.2685E-01  0.1997E-01  0.5445E-01  0.6208E-04  0.7740E-04  0.1402E-03  0.9459E-03  0.1994E-03  0.1174E-02  0.3781E-03  0.6089E-03  0.6144E-04  0.8681E-04
      3.755  0.4748E-02  0.5990E-02  0.5361E-02  0.3408E-01  0.7574E-02  0.2306E-01  0.2088E-01  0.4800E-01  0.6789E-04  0.7626E-04  0.1475E-03  0.7577E-03  0.2147E-03  0.1016E-02  0.4207E-03  0.5506E-03  0.6842E-04  0.8228E-04
      3.765  0.7437E-02  0.4996E-02  0.8359E-02  0.2635E-01  0.9453E-02  0.2037E-01  0.2332E-01  0.4284E-01  0.8274E-04  0.7632E-04  0.1654E-03  0.6180E-03  0.2869E-03  0.9130E-03  0.5435E-03  0.5328E-03  0.8384E-04  0.7584E-04
      3.775  0.1110E-01  0.3952E-02  0.1328E-01  0.1813E-01  0.1146E-01  0.1818E-01  0.2719E-01  0.3870E-01  0.1161E-03  0.7612E-04  0.1918E-03  0.4658E-03  0.3852E-03  0.8406E-03  0.7926E-03  0.5245E-03  0.1116E-03  0.6817E-04
      3.785  0.1363E-01  0.3799E-02  0.1653E-01  0.1711E-01  0.1225E-01  0.1650E-01  0.2999E-01  0.3817E-01  0.1359E-03  0.7979E-04  0.2104E-03  0.4447E-03  0.4323E-03  0.7568E-03  0.9317E-03  0.5360E-03  0.1274E-03  0.6885E-04
      3.795  0.1313E-01  0.3750E-02  0.1498E-01  0.1753E-01  0.1104E-01  0.1431E-01  0.2861E-01  0.3788E-01  0.1089E-03  0.8426E-04  0.2054E-03  0.4470E-03  0.3520E-03  0.6396E-03  0.7368E-03  0.5462E-03  0.1064E-03  0.7082E-04
      3.805  0.1215E-01  0.4320E-02  0.1282E-01  0.1934E-01  0.9552E-02  0.1329E-01  0.2697E-01  0.3765E-01  0.8231E-04  0.9499E-04  0.1867E-03  0.4799E-03  0.2728E-03  0.6043E-03  0.5548E-03  0.5941E-03  0.8426E-04  0.7580E-04
      3.815  0.9048E-02  0.5782E-02  0.8666E-02  0.2301E-01  0.6645E-02  0.1499E-01  0.2330E-01  0.3912E-01  0.5050E-04  0.1148E-03  0.1514E-03  0.5623E-03  0.1711E-03  0.7222E-03  0.3695E-03  0.6893E-03  0.5990E-04  0.8594E-04
      3.825  0.5707E-02  0.7675E-02  0.5205E-02  0.2862E-01  0.4359E-02  0.1689E-01  0.1892E-01  0.4253E-01  0.3461E-04  0.1458E-03  0.1262E-03  0.6917E-03  0.1190E-03  0.8482E-03  0.2661E-03  0.8272E-03  0.4536E-04  0.1024E-03
      3.835  0.3860E-02  0.9682E-02  0.3233E-02  0.3465E-01  0.3297E-02  0.1865E-01  0.1594E-01  0.4680E-01  0.2650E-04  0.1802E-03  0.1066E-03  0.8314E-03  0.9491E-04  0.9658E-03  0.2015E-03  0.9652E-03  0.3454E-04  0.1210E-03
      3.845  0.1213E-02  0.1086E-01  0.1433E-02  0.3750E-01  0.1734E-02  0.1897E-01  0.9448E-02  0.4862E-01  0.2021E-04  0.1939E-03  0.8022E-04  0.9055E-03  0.5117E-04  0.9851E-03  0.1217E-03  0.1025E-02  0.2341E-04  0.1321E-03
      3.855  0.6277E-03  0.1027E-01  0.1091E-02  0.3381E-01  0.1424E-02  0.1686E-01  0.7746E-02  0.4484E-01  0.1960E-04  0.1676E-03  0.7820E-04  0.8364E-03  0.4155E-04  0.8434E-03  0.1075E-03  0.9487E-03  0.2223E-04  0.1253E-03
      3.865  0.6480E-03  0.9017E-02  0.1125E-02  0.2761E-01  0.1447E-02  0.1334E-01  0.7787E-02  0.3944E-01  0.2020E-04  0.1272E-03  0.8198E-04  0.6869E-03  0.4308E-04  0.5979E-03  0.1112E-03  0.8351E-03  0.2301E-04  0.1117E-03
      3.875  0.6672E-03  0.5354E-02  0.1159E-02  0.1744E-01  0.1469E-02  0.7630E-02  0.7821E-02  0.2915E-01  0.2079E-04  0.7691E-04  0.8582E-04  0.4246E-03  0.4462E-04  0.3197E-03  0.1148E-03  0.6313E-03  0.2379E-04  0.9342E-04
      3.885  0.6855E-03  0.2857E-02  0.1193E-02  0.9766E-02  0.1490E-02  0.5205E-02  0.7851E-02  0.2176E-01  0.2140E-04  0.4388E-04  0.8972E-04  0.2051E-03  0.4618E-04  0.1998E-03  0.1185E-03  0.4090E-03  0.2458E-04  0.5351E-04
      3.895  0.5181E-02  0.2041E-02  0.6385E-02  0.7613E-02  0.4672E-02  0.4237E-02  0.1410E-01  0.1824E-01  0.1426E-03  0.3554E-04  0.4823E-03  0.1559E-03  0.2363E-03  0.1591E-03  0.5050E-03  0.3118E-03  0.9050E-04  0.4194E-04
      3.905  0.1358E-01  0.1249E-02  0.3362E-01  0.5636E-02  0.9660E-02  0.3331E-02  0.1602E-01  0.1438E-01  0.2938E-03  0.2864E-04  0.1149E-02  0.1190E-03  0.8155E-03  0.1233E-03  0.1496E-02  0.2263E-03  0.3313E-03  0.3409E-04
      3.915  0.1451E-01  0.4180E-03  0.3299E-01  0.3660E-02  0.9442E-02  0.2431E-02  0.2167E-01  0.1008E-01  0.3365E-03  0.2232E-04  0.1149E-02  0.8668E-04  0.9003E-03  0.9041E-04  0.1369E-02  0.1446E-03  0.3018E-03  0.2786E-04
      3.925  0.1125E-01  0.7580E-03  0.2316E-01  0.4253E-02  0.6388E-02  0.2998E-02  0.1534E-01  0.1007E-01  0.2550E-03  0.4478E-04  0.8390E-03  0.1180E-03  0.6523E-03  0.1110E-03  0.1018E-02  0.2195E-03  0.2342E-03  0.4245E-04
      3.935  0.9411E-02  0.2298E-02  0.1754E-01  0.6376E-02  0.4839E-02  0.4584E-02  0.1170E-01  0.1017E-01  0.2172E-03  0.1255E-03  0.7021E-03  0.2000E-03  0.5385E-03  0.1876E-03  0.8176E-03  0.3935E-03  0.2004E-03  0.8359E-04
      3.945  0.8392E-02  0.7263E-02  0.1557E-01  0.2251E-01  0.4533E-02  0.7875E-02  0.9856E-02  0.1367E-01  0.2000E-03  0.2608E-03  0.6923E-03  0.3620E-03  0.4964E-03  0.5957E-03  0.7755E-03  0.9527E-03  0.1930E-03  0.2686E-03
      3.955  0.7344E-02  0.1229E-01  0.1365E-01  0.4185E-01  0.4213E-02  0.1018E-01  0.8129E-02  0.2378E-01  0.1822E-03  0.3681E-03  0.6802E-03  0.4995E-03  0.4542E-03  0.8125E-03  0.7315E-03  0.1215E-02  0.1847E-03  0.3759E-03
      3.965  0.6267E-02  0.1210E-01  0.1179E-01  0.4364E-01  0.3880E-02  0.8851E-02  0.6523E-02  0.2242E-01  0.1641E-03  0.3342E-03  0.6657E-03  0.4783E-03  0.4119E-03  0.8034E-03  0.6857E-03  0.1047E-02  0.1756E-03  0.3715E-03
      3.975  0.5162E-02  0.1089E-01  0.9989E-02  0.3504E-01  0.3534E-02  0.7487E-02  0.5037E-02  0.2101E-01  0.1454E-03  0.3037E-03  0.6490E-03  0.4203E-03  0.3696E-03  0.5865E-03  0.6380E-03  0.8330E-03  0.1656E-03  0.3194E-03
      3.985  0.3777E-02  0.9297E-02  0.6066E-02  0.2974E-01  0.2166E-02  0.6413E-02  0.2520E-02  0.1725E-01  0.8275E-04  0.2745E-03  0.3883E-03  0.3961E-03  0.2119E-03  0.5257E-03  0.3310E-03  0.7753E-03  0.1116E-03  0.2925E-03
      3.995  0.6181E-02  0.7977E-02  0.1365E-01  0.2605E-01  0.2406E-02  0.5821E-02  0.5252E-02  0.1458E-01  0.7314E-04  0.2446E-03  0.1901E-03  0.3751E-03  0.2633E-03  0.4898E-03  0.2332E-03  0.7248E-03  0.9646E-04  0.2714E-03
      4.005  0.1113E-01  0.6627E-02  0.3185E-01  0.2250E-01  0.3266E-02  0.5225E-02  0.1519E-01  0.1209E-01  0.1067E-03  0.2135E-03  0.1214E-03  0.3542E-03  0.4395E-03  0.4533E-03  0.2979E-03  0.6715E-03  0.1116E-03  0.2483E-03
      4.015  0.1360E-01  0.5246E-02  0.3618E-01  0.1909E-01  0.4275E-02  0.4624E-02  0.2657E-01  0.9789E-02  0.1355E-03  0.1812E-03  0.1427E-03  0.3334E-03  0.5602E-03  0.4162E-03  0.3866E-03  0.6155E-03  0.1094E-03  0.2232E-03
      4.025  0.1417E-01  0.3836E-02  0.3701E-01  0.1581E-01  0.4902E-02  0.4019E-02  0.3086E-01  0.7669E-02  0.1501E-03  0.1476E-03  0.1591E-03  0.3128E-03  0.5937E-03  0.3785E-03  0.4271E-03  0.5567E-03  0.1029E-03  0.1961E-03
      4.035  0.1354E-01  0.2345E-02  0.3647E-01  0.1089E-01  0.5220E-02  0.2998E-02  0.3163E-01  0.4867E-02  0.1507E-03  0.9588E-04  0.1643E-03  0.2525E-03  0.5798E-03  0.2493E-03  0.4341E-03  0.4289E-03  0.9224E-04  0.1497E-03
      4.045  0.1301E-01  0.6833E-03  0.3596E-01  0.8024E-03  0.5575E-02  0.1709E-03  0.3235E-01  0.2250E-03  0.1513E-03  0.1001E-04  0.1719E-03  0.1161E-04  0.5690E-03  0.1825E-04  0.4515E-03  0.3352E-04  0.8928E-04  0.3272E-04
      4.055  0.1248E-01  0.3843E-02  0.3537E-01  0.1164E-01  0.5953E-02  0.2146E-02  0.3300E-01  0.5200E-02  0.1515E-03  0.3618E-04  0.1801E-03  0.1615E-03  0.5578E-03  0.3530E-04  0.4726E-03  0.8193E-04  0.8911E-04  0.5683E-04
      4.065  0.1191E-01  0.9648E-02  0.3467E-01  0.3274E-01  0.6350E-02  0.4485E-02  0.3359E-01  0.1681E-01  0.1513E-03  0.1068E-03  0.1883E-03  0.4153E-03  0.5445E-03  0.1110E-03  0.4942E-03  0.1797E-03  0.8904E-04  0.1332E-03
      4.075  0.1128E-01  0.1359E-01  0.3384E-01  0.3863E-01  0.6765E-02  0.6737E-02  0.3411E-01  0.3068E-01  0.1505E-03  0.1713E-03  0.1964E-03  0.4914E-03  0.5290E-03  0.1656E-03  0.5162E-03  0.2842E-03  0.8905E-04  0.1683E-03
      4.085  0.1051E-01  0.1349E-01  0.3268E-01  0.3912E-01  0.7096E-02  0.7379E-02  0.3405E-01  0.3239E-01  0.1479E-03  0.1804E-03  0.2019E-03  0.4936E-03  0.5080E-03  0.1902E-03  0.5335E-03  0.3282E-03  0.8885E-04  0.1708E-03
      4.095  0.9056E-02  0.1331E-01  0.2990E-01  0.3948E-01  0.6691E-02  0.8049E-02  0.2995E-01  0.3394E-01  0.1359E-03  0.1889E-03  0.1904E-03  0.4940E-03  0.4591E-03  0.2167E-03  0.5138E-03  0.3754E-03  0.8607E-04  0.1730E-03
      4.105  0.7168E-02  0.1303E-01  0.2403E-01  0.3971E-01  0.5915E-02  0.8747E-02  0.2342E-01  0.3535E-01  0.1177E-03  0.1970E-03  0.1639E-03  0.4926E-03  0.3803E-03  0.2451E-03  0.4551E-03  0.4255E-03  0.7793E-04  0.1747E-03
      4.115  0.5275E-02  0.1265E-01  0.1646E-01  0.3981E-01  0.5136E-02  0.9474E-02  0.1626E-01  0.3661E-01  0.9561E-04  0.2045E-03  0.1281E-03  0.4895E-03  0.2896E-03  0.2753E-03  0.3684E-03  0.4788E-03  0.6654E-04  0.1760E-03
      4.125  0.3493E-02  0.1219E-01  0.9396E-02  0.3979E-01  0.4416E-02  0.1023E-01  0.8936E-02  0.3773E-01  0.7280E-04  0.2114E-03  0.9431E-04  0.4845E-03  0.1996E-03  0.3074E-03  0.2731E-03  0.5351E-03  0.5479E-04  0.1770E-03
      4.135  0.2501E-02  0.1115E-01  0.5672E-02  0.3832E-01  0.5846E-02  0.1020E-01  0.5481E-02  0.3582E-01  0.9991E-04  0.2050E-03  0.1597E-03  0.4643E-03  0.1943E-03  0.3178E-03  0.4340E-03  0.5478E-03  0.7107E-04  0.1724E-03
      4.145  0.2534E-02  0.9726E-02  0.5493E-02  0.3595E-01  0.9225E-02  0.9593E-02  0.3422E-02  0.3182E-01  0.1216E-03  0.1925E-03  0.3004E-03  0.4341E-03  0.2025E-03  0.3126E-03  0.5127E-03  0.5423E-03  0.8631E-04  0.1631E-03
      4.155  0.2058E-02  0.8341E-02  0.3868E-02  0.3352E-01  0.8366E-02  0.8970E-02  0.2540E-02  0.2773E-01  0.8094E-04  0.1806E-03  0.2811E-03  0.4035E-03  0.1310E-03  0.3073E-03  0.2782E-03  0.5380E-03  0.6207E-04  0.1537E-03
      4.165  0.1612E-02  0.6992E-02  0.2504E-02  0.3100E-01  0.7461E-02  0.8331E-02  0.1812E-02  0.2355E-01  0.5185E-04  0.1693E-03  0.2708E-03  0.3724E-03  0.7651E-04  0.3020E-03  0.1064E-03  0.5349E-03  0.4330E-04  0.1441E-03
      4.175  0.1353E-02  0.5659E-02  0.2150E-02  0.2810E-01  0.6265E-02  0.7980E-02  0.1526E-02  0.1928E-01  0.4742E-04  0.1652E-03  0.2715E-03  0.3400E-03  0.6307E-04  0.3145E-03  0.8605E-04  0.5668E-03  0.3941E-04  0.1374E-03
      4.185  0.1107E-02  0.4359E-02  0.1854E-02  0.2195E-01  0.5066E-02  0.1128E-01  0.1241E-02  0.1521E-01  0.4296E-04  0.2010E-03  0.2742E-03  0.3052E-03  0.5075E-04  0.4572E-03  0.7069E-04  0.8115E-03  0.3572E-04  0.1542E-03
      4.195  0.1099E-01  0.3083E-02  0.3356E-01  0.1347E-01  0.7533E-02  0.1241E-01  0.6693E-01  0.1083E-01  0.2801E-03  0.1558E-03  0.5292E-03  0.2559E-03  0.8920E-03  0.3973E-03  0.6336E-03  0.6514E-03  0.5043E-03  0.1298E-03
      4.205  0.1225E-01  0.1697E-02  0.3736E-01  0.5532E-02  0.7763E-02  0.1042E-01  0.8568E-01  0.5998E-02  0.4481E-03  0.7945E-04  0.6384E-03  0.2030E-03  0.9587E-03  0.2234E-03  0.7949E-03  0.3092E-03  0.4894E-03  0.7710E-04
      4.215  0.7106E-02  0.9213E-03  0.2374E-01  0.2732E-02  0.5972E-02  0.8464E-02  0.5065E-01  0.2286E-02  0.3125E-03  0.5742E-04  0.5872E-03  0.1847E-03  0.5531E-03  0.1688E-03  0.5223E-03  0.2130E-03  0.3066E-03  0.5876E-04
      4.225  0.4176E-02  0.7097E-03  0.1724E-01  0.2126E-02  0.4737E-02  0.6730E-02  0.2206E-01  0.1268E-02  0.2450E-03  0.4934E-04  0.4786E-03  0.1840E-03  0.2990E-03  0.1327E-03  0.3169E-03  0.1642E-03  0.1836E-03  0.4914E-04
      4.235  0.4173E-02  0.5640E-03  0.1770E-01  0.1794E-02  0.4374E-02  0.5155E-02  0.2125E-01  0.9761E-03  0.2660E-03  0.4183E-04  0.4081E-03  0.1844E-03  0.3068E-03  0.9807E-04  0.3257E-03  0.1202E-03  0.1875E-03  0.4031E-04
      4.245  0.4664E-02  0.4841E-03  0.1874E-01  0.1727E-02  0.4097E-02  0.4122E-02  0.2311E-01  0.6619E-03  0.2987E-03  0.3505E-04  0.3287E-03  0.1978E-03  0.3565E-03  0.7397E-04  0.3652E-03  0.9002E-04  0.2046E-03  0.3368E-04
      4.255  0.5329E-02  0.8719E-02  0.1986E-01  0.3914E-01  0.3837E-02  0.6434E-02  0.2511E-01  0.4804E-01  0.3354E-03  0.3329E-03  0.2352E-03  0.5325E-03  0.4216E-03  0.3584E-03  0.4120E-03  0.3028E-03  0.2238E-03  0.4744E-03
      4.265  0.6151E-02  0.1463E-01  0.2145E-01  0.8219E-01  0.4215E-02  0.9520E-02  0.2709E-01  0.1044E+00  0.3817E-03  0.7638E-03  0.2591E-03  0.8586E-03  0.4916E-03  0.5440E-03  0.4642E-03  0.4865E-03  0.2499E-03  0.9253E-03
      4.275  0.6975E-02  0.5841E-02  0.2305E-01  0.3582E-01  0.4631E-02  0.6828E-02  0.2898E-01  0.5859E-01  0.4300E-03  0.4595E-03  0.2907E-03  0.4454E-03  0.5630E-03  0.2206E-03  0.5166E-03  0.2762E-03  0.2768E-03  0.4755E-03
      4.285  0.7789E-02  0.2514E-02  0.2463E-01  0.2491E-01  0.5049E-02  0.5539E-02  0.3077E-01  0.2776E-01  0.4795E-03  0.3499E-03  0.3228E-03  0.3035E-03  0.6355E-03  0.9491E-04  0.5688E-03  0.1929E-03  0.3040E-03  0.3000E-03
      4.295  0.8582E-02  0.3001E-02  0.2586E-01  0.2724E-01  0.5514E-02  0.5595E-02  0.3236E-01  0.3155E-01  0.5288E-03  0.4205E-03  0.3574E-03  0.2732E-03  0.7077E-03  0.1153E-03  0.6137E-03  0.2118E-03  0.3302E-03  0.3514E-03
      4.305  0.9337E-02  0.3490E-02  0.2650E-01  0.2945E-01  0.6034E-02  0.5653E-02  0.3378E-01  0.3510E-01  0.5783E-03  0.4941E-03  0.3941E-03  0.2352E-03  0.7758E-03  0.1364E-03  0.6511E-03  0.2319E-03  0.3488E-03  0.4033E-03
      4.315  0.1053E-01  0.4059E-02  0.2836E-01  0.3197E-01  0.6907E-02  0.6309E-02  0.3661E-01  0.3846E-01  0.7453E-03  0.5757E-03  0.4978E-03  0.2485E-03  0.9056E-03  0.1685E-03  0.7810E-03  0.2633E-03  0.3692E-03  0.4620E-03
      4.325  0.1241E-01  0.4639E-02  0.3225E-01  0.3447E-01  0.9078E-02  0.7027E-02  0.3656E-01  0.4158E-01  0.1099E-02  0.6607E-03  0.7512E-03  0.2669E-03  0.1400E-02  0.2025E-03  0.1156E-02  0.2964E-03  0.3993E-03  0.5224E-03
      4.335  0.9716E-02  0.5219E-02  0.2149E-01  0.3688E-01  0.6043E-02  0.7744E-02  0.1865E-01  0.4446E-01  0.7083E-03  0.7488E-03  0.5504E-03  0.2846E-03  0.1531E-02  0.2373E-03  0.7775E-03  0.3300E-03  0.2696E-03  0.5837E-03
      4.345  0.7066E-02  0.5799E-02  0.1364E-01  0.3811E-01  0.2468E-02  0.8569E-02  0.1237E-01  0.4688E-01  0.4818E-03  0.8358E-03  0.3413E-03  0.2971E-03  0.1289E-02  0.2721E-03  0.4610E-03  0.3532E-03  0.1423E-03  0.6447E-03
      4.355  0.6615E-02  0.6524E-02  0.1093E-01  0.3975E-01  0.1559E-02  0.9722E-02  0.1022E-01  0.5003E-01  0.3657E-03  0.1050E-02  0.2890E-03  0.3246E-03  0.1222E-02  0.3473E-03  0.3730E-03  0.4378E-03  0.1165E-03  0.7067E-03
      4.365  0.6681E-02  0.7624E-02  0.8947E-02  0.4241E-01  0.1286E-02  0.1206E-01  0.8891E-02  0.4634E-01  0.2560E-03  0.1450E-02  0.2594E-03  0.4134E-03  0.1208E-02  0.9897E-03  0.3230E-03  0.8794E-03  0.1083E-03  0.7731E-03
      4.375  0.6776E-02  0.6578E-02  0.7018E-02  0.3165E-01  0.1034E-02  0.9372E-02  0.7884E-02  0.2783E-01  0.1469E-03  0.1052E-02  0.2300E-03  0.3346E-03  0.1196E-02  0.1268E-02  0.2814E-03  0.7952E-03  0.1023E-03  0.5593E-03
      4.385  0.7164E-02  0.4385E-02  0.7068E-02  0.1867E-01  0.1096E-02  0.3575E-02  0.8364E-02  0.1738E-01  0.1515E-03  0.6568E-03  0.2428E-03  0.1807E-03  0.1224E-02  0.1092E-02  0.2780E-03  0.3895E-03  0.1026E-03  0.2729E-03
      4.396  0.1053E-01  0.3774E-02  0.1279E-01  0.1322E-01  0.2052E-02  0.1788E-02  0.1300E-01  0.1317E-01  0.2754E-03  0.4435E-03  0.4517E-03  0.1200E-03  0.1578E-02  0.1061E-02  0.4399E-03  0.2063E-03  0.2488E-03  0.1608E-03
      4.406  0.2649E-01  0.3840E-02  0.3891E-01  0.1011E-01  0.5916E-02  0.1478E-02  0.4410E-01  0.1168E-01  0.1109E-02  0.2863E-03  0.1302E-02  0.9033E-04  0.4191E-02  0.1051E-02  0.1113E-02  0.1559E-03  0.9390E-03  0.1355E-03
      4.416  0.1032E-01  0.3945E-02  0.1526E-01  0.7337E-02  0.2610E-02  0.1231E-02  0.1796E-01  0.1070E-01  0.4647E-03  0.1456E-03  0.7893E-03  0.6438E-04  0.2181E-02  0.1041E-02  0.4207E-03  0.1120E-03  0.4721E-03  0.1156E-03
      4.426  0.8424E-02  0.4191E-02  0.1259E-01  0.7051E-02  0.2369E-02  0.1282E-02  0.1490E-01  0.1124E-01  0.4443E-03  0.1462E-03  0.7616E-03  0.5991E-04  0.2033E-02  0.1038E-02  0.3609E-03  0.8856E-04  0.4158E-03  0.1098E-03
      4.436  0.8094E-02  0.5632E-02  0.1243E-01  0.1086E-01  0.2351E-02  0.1888E-02  0.1453E-01  0.1573E-01  0.4711E-03  0.2555E-03  0.7979E-03  0.8681E-04  0.2073E-02  0.1155E-02  0.3507E-03  0.1223E-03  0.4311E-03  0.3151E-03
      4.446  0.7761E-02  0.1112E-01  0.1226E-01  0.2322E-01  0.2332E-02  0.4226E-02  0.1415E-01  0.2947E-01  0.4991E-03  0.6553E-03  0.8342E-03  0.2053E-03  0.2114E-02  0.1755E-02  0.3406E-03  0.2340E-03  0.4465E-03  0.7959E-03
      4.456  0.7427E-02  0.1684E-01  0.1210E-01  0.3373E-01  0.2311E-02  0.6392E-02  0.1376E-01  0.4149E-01  0.5281E-03  0.9978E-03  0.8705E-03  0.3267E-03  0.2157E-02  0.2432E-02  0.3305E-03  0.3262E-03  0.4619E-03  0.1100E-02
      4.466  0.7091E-02  0.8406E-02  0.1194E-01  0.1731E-01  0.2290E-02  0.3573E-02  0.1334E-01  0.2028E-01  0.5582E-03  0.6357E-03  0.9068E-03  0.3303E-03  0.2200E-02  0.1673E-02  0.3203E-03  0.1888E-03  0.4773E-03  0.7266E-03
      4.476  0.6752E-02  0.7412E-02  0.1178E-01  0.1482E-01  0.2268E-02  0.3344E-02  0.1291E-01  0.1753E-01  0.5894E-03  0.6384E-03  0.9431E-03  0.3658E-03  0.2244E-02  0.1604E-02  0.3102E-03  0.1857E-03  0.4927E-03  0.7056E-03
      4.486  0.6412E-02  0.7095E-02  0.1162E-01  0.1442E-01  0.2244E-02  0.3317E-02  0.1247E-01  0.1695E-01  0.6217E-03  0.6794E-03  0.9795E-03  0.4038E-03  0.2290E-02  0.1594E-02  0.3002E-03  0.1838E-03  0.5082E-03  0.7406E-03
      4.496  0.6070E-02  0.6772E-02  0.1146E-01  0.1400E-01  0.2220E-02  0.3288E-02  0.1201E-01  0.1634E-01  0.6551E-03  0.7221E-03  0.1016E-02  0.4420E-03  0.2336E-02  0.1583E-02  0.2901E-03  0.1819E-03  0.5237E-03  0.7763E-03
      4.506  0.5725E-02  0.6443E-02  0.1130E-01  0.1356E-01  0.2194E-02  0.3256E-02  0.1153E-01  0.1570E-01  0.6896E-03  0.7665E-03  0.1052E-02  0.4805E-03  0.2384E-02  0.1568E-02  0.2800E-03  0.1801E-03  0.5392E-03  0.8126E-03
      4.516  0.5379E-02  0.6107E-02  0.1115E-01  0.1312E-01  0.2168E-02  0.3221E-02  0.1103E-01  0.1503E-01  0.7252E-03  0.8125E-03  0.1089E-02  0.5193E-03  0.2432E-02  0.1552E-02  0.2700E-03  0.1784E-03  0.5547E-03  0.8495E-03
      4.526  0.1817E-02  0.5765E-02  0.7341E-02  0.1267E-01  0.8981E-03  0.3184E-02  0.6320E-02  0.1433E-01  0.5520E-03  0.8603E-03  0.5518E-03  0.5582E-03  0.1570E-02  0.1532E-02  0.1566E-03  0.1768E-03  0.4080E-03  0.8870E-03
      4.536  0.2922E-02  0.5416E-02  0.1248E-01  0.1220E-01  0.7710E-02  0.3143E-02  0.1181E-01  0.1359E-01  0.7232E-03  0.9097E-03  0.2851E-02  0.5974E-03  0.4028E-02  0.1511E-02  0.4375E-03  0.1752E-03  0.5813E-03  0.9252E-03
      4.546  0.7890E-02  0.5071E-02  0.2605E-01  0.1173E-01  0.1673E-01  0.3102E-02  0.2635E-01  0.1283E-01  0.9380E-03  0.9612E-03  0.5710E-02  0.6377E-03  0.9427E-02  0.1513E-02  0.1332E-02  0.1743E-03  0.9687E-03  0.9643E-03
      4.556  0.1048E-01  0.4743E-02  0.3555E-01  0.1126E-01  0.1503E-01  0.3063E-02  0.3136E-01  0.1203E-01  0.1156E-02  0.1015E-02  0.6167E-02  0.6800E-03  0.1435E-01  0.1575E-02  0.1925E-02  0.1749E-03  0.1137E-02  0.1005E-02
      4.566  0.1390E-01  0.2562E-03  0.4715E-01  0.9395E-03  0.1527E-01  0.5591E-04  0.4359E-01  0.5767E-03  0.1491E-02  0.3629E-03  0.7509E-02  0.2893E-04  0.2367E-01  0.1914E-03  0.2732E-02  0.4209E-04  0.1549E-02  0.2028E-03
      4.576  0.1150E-01  0.5642E-03  0.3885E-01  0.4665E-02  0.1037E-01  0.3452E-02  0.2599E-01  0.2047E-02  0.1101E-02  0.4915E-03  0.5232E-02  0.9024E-03  0.2069E-01  0.1233E-02  0.1896E-02  0.1812E-03  0.1521E-02  0.3790E-03
      4.586  0.5917E-02  0.3729E-02  0.2200E-01  0.1657E-01  0.7265E-02  0.1142E-01  0.1249E-01  0.1675E-01  0.6971E-03  0.6772E-03  0.3544E-02  0.2772E-02  0.1039E-01  0.6965E-02  0.1040E-02  0.6998E-03  0.9583E-03  0.9048E-03
      4.596  0.3484E-02  0.1092E-01  0.1434E-01  0.3397E-01  0.5353E-02  0.1918E-01  0.6539E-02  0.4914E-01  0.4970E-03  0.1101E-02  0.2632E-02  0.4480E-02  0.6047E-02  0.2255E-01  0.5376E-03  0.1189E-02  0.6436E-03  0.1318E-02
      4.606  0.2648E-02  0.1128E-01  0.1012E-01  0.5109E-01  0.4157E-02  0.1418E-01  0.4611E-02  0.3682E-01  0.4447E-03  0.1320E-02  0.2026E-02  0.3838E-02  0.4269E-02  0.2439E-01  0.3904E-03  0.1123E-02  0.4985E-03  0.1539E-02
      4.616  0.1862E-02  0.1101E-01  0.5789E-02  0.6248E-01  0.3014E-02  0.1721E-01  0.2877E-02  0.3955E-01  0.3974E-03  0.1524E-02  0.1408E-02  0.4925E-02  0.2360E-02  0.2614E-01  0.2623E-03  0.1599E-02  0.3486E-03  0.1919E-02
      4.626  0.1741E-02  0.5621E-02  0.3237E-02  0.3760E-01  0.2209E-02  0.9287E-02  0.2227E-02  0.1817E-01  0.3829E-03  0.8577E-03  0.9747E-03  0.2685E-02  0.1377E-02  0.1548E-01  0.2143E-03  0.7418E-03  0.2674E-03  0.1189E-02
      4.636  0.2244E-02  0.2780E-02  0.2829E-02  0.2113E-01  0.1676E-02  0.6406E-02  0.2650E-02  0.7581E-02  0.3978E-03  0.5497E-03  0.7560E-03  0.1848E-02  0.1546E-02  0.7919E-02  0.2348E-03  0.3934E-03  0.2662E-03  0.7653E-03
      4.646  0.2816E-02  0.2083E-02  0.2434E-02  0.1479E-01  0.1129E-02  0.5134E-02  0.3200E-02  0.5286E-02  0.4154E-03  0.4885E-03  0.5267E-03  0.1471E-02  0.1754E-02  0.5680E-02  0.2600E-03  0.2886E-03  0.2678E-03  0.6252E-03
      4.656  0.3832E-02  0.1530E-02  0.2686E-02  0.8355E-02  0.1188E-02  0.3981E-02  0.4620E-02  0.3305E-02  0.4597E-03  0.4414E-03  0.5542E-03  0.1102E-02  0.2138E-02  0.3332E-02  0.3934E-03  0.1987E-03  0.2886E-03  0.4761E-03
      4.666  0.4980E-02  0.1458E-02  0.3247E-02  0.4014E-02  0.1548E-02  0.3214E-02  0.6200E-02  0.2373E-02  0.5118E-03  0.4263E-03  0.7175E-03  0.8442E-03  0.2551E-02  0.1829E-02  0.5410E-03  0.1542E-03  0.3161E-03  0.3791E-03
      4.676  0.6172E-02  0.1974E-02  0.3837E-02  0.3727E-02  0.1908E-02  0.2849E-02  0.7763E-02  0.2777E-02  0.5641E-03  0.4504E-03  0.8876E-03  0.7506E-03  0.2960E-02  0.2136E-02  0.6812E-03  0.1612E-03  0.3433E-03  0.3951E-03
      4.686  0.7408E-02  0.2517E-02  0.4456E-02  0.3439E-02  0.2269E-02  0.2473E-02  0.9311E-02  0.3223E-02  0.6165E-03  0.4749E-03  0.1064E-02  0.6489E-03  0.3364E-02  0.2448E-02  0.8142E-03  0.1680E-03  0.3704E-03  0.4099E-03
      4.696  0.9320E-02  0.3241E-02  0.5545E-02  0.3188E-02  0.2651E-02  0.2111E-02  0.1119E-01  0.3873E-02  0.6943E-03  0.5035E-03  0.1274E-02  0.5451E-03  0.3867E-02  0.2844E-02  0.9789E-03  0.1847E-03  0.4256E-03  0.4302E-03
      4.706  0.1144E-01  0.4518E-02  0.6911E-02  0.3080E-02  0.2845E-02  0.1826E-02  0.1285E-01  0.5096E-02  0.7764E-03  0.5454E-03  0.1417E-02  0.4550E-03  0.4416E-02  0.3504E-02  0.1146E-02  0.2344E-03  0.5014E-03  0.4729E-03
      4.716  0.1410E-01  0.6097E-02  0.8685E-02  0.3756E-02  0.3016E-02  0.2248E-02  0.1470E-01  0.6669E-02  0.8782E-03  0.6201E-03  0.1559E-02  0.5568E-03  0.5017E-02  0.4266E-02  0.1338E-02  0.3041E-03  0.5945E-03  0.5415E-03
      4.726  0.1713E-01  0.8052E-02  0.1081E-01  0.4981E-02  0.3208E-02  0.2749E-02  0.1680E-01  0.8730E-02  0.9983E-03  0.7247E-03  0.1718E-02  0.6762E-03  0.5641E-02  0.5120E-02  0.1552E-02  0.3968E-03  0.7009E-03  0.6522E-03
      4.736  0.1937E-01  0.1043E-01  0.1197E-01  0.6584E-02  0.3161E-02  0.3295E-02  0.1787E-01  0.1109E-01  0.1091E-02  0.8611E-03  0.1717E-02  0.8016E-03  0.6061E-02  0.6039E-02  0.1661E-02  0.4952E-03  0.7908E-03  0.7836E-03
      4.746  0.2149E-01  0.1272E-01  0.1260E-01  0.8293E-02  0.3023E-02  0.3701E-02  0.1788E-01  0.1334E-01  0.1161E-02  0.1000E-02  0.1570E-02  0.8958E-03  0.6235E-02  0.6922E-02  0.1641E-02  0.5886E-03  0.8718E-03  0.9261E-03
      4.756  0.2128E-01  0.1472E-01  0.1399E-01  0.1000E-01  0.2253E-02  0.3946E-02  0.1761E-01  0.1530E-01  0.1185E-02  0.1129E-02  0.1471E-02  0.9538E-03  0.6060E-02  0.7737E-02  0.1539E-02  0.6737E-03  0.9325E-03  0.1075E-02
      4.766  0.2220E-01  0.1669E-01  0.1556E-01  0.1180E-01  0.2071E-02  0.4203E-02  0.1830E-01  0.1722E-01  0.1238E-02  0.1260E-02  0.1459E-02  0.1014E-02  0.5997E-02  0.8522E-02  0.1635E-02  0.7560E-03  0.9943E-03  0.1228E-02
      4.776  0.2301E-01  0.1760E-01  0.1721E-01  0.1277E-01  0.1899E-02  0.4083E-02  0.1904E-01  0.1801E-01  0.1293E-02  0.1360E-02  0.1453E-02  0.9811E-03  0.5856E-02  0.8843E-02  0.1735E-02  0.7833E-03  0.1054E-02  0.1340E-02
      4.786  0.2409E-01  0.1576E-01  0.2227E-01  0.1328E-01  0.1763E-02  0.2992E-02  0.2252E-01  0.1661E-01  0.1390E-02  0.1384E-02  0.1613E-02  0.8036E-03  0.5684E-02  0.7997E-02  0.2018E-02  0.6713E-03  0.1143E-02  0.1397E-02
      4.796  0.2178E-01  0.1574E-01  0.2002E-01  0.1444E-01  0.1550E-02  0.2647E-02  0.2405E-01  0.1690E-01  0.1415E-02  0.1437E-02  0.1474E-02  0.7398E-03  0.5201E-02  0.7778E-02  0.2050E-02  0.6670E-03  0.1038E-02  0.1465E-02
      4.806  0.1750E-01  0.1581E-01  0.2228E-01  0.1553E-01  0.1375E-02  0.2383E-02  0.2357E-01  0.1712E-01  0.1281E-02  0.1479E-02  0.1499E-02  0.6756E-03  0.4084E-02  0.7435E-02  0.2139E-02  0.6708E-03  0.1238E-02  0.1499E-02
      4.816  0.1377E-01  0.1585E-01  0.1956E-01  0.1668E-01  0.1033E-02  0.2133E-02  0.1987E-01  0.1744E-01  0.1044E-02  0.1533E-02  0.1331E-02  0.6148E-03  0.3646E-02  0.7031E-02  0.1835E-02  0.6756E-03  0.1039E-02  0.1534E-02
      4.826  0.1397E-01  0.1607E-01  0.1835E-01  0.1808E-01  0.8182E-03  0.2030E-02  0.1883E-01  0.1796E-01  0.1025E-02  0.1638E-02  0.1286E-02  0.5615E-03  0.3901E-02  0.6471E-02  0.1879E-02  0.6894E-03  0.9525E-03  0.1621E-02
      4.836  0.1799E-01  0.1730E-01  0.1802E-01  0.2061E-01  0.8897E-03  0.2402E-02  0.1942E-01  0.1962E-01  0.1084E-02  0.1758E-02  0.1417E-02  0.5249E-03  0.4169E-02  0.5648E-02  0.2247E-02  0.7570E-03  0.9766E-03  0.1934E-02
      4.846  0.2212E-01  0.1613E-01  0.1768E-01  0.2390E-01  0.9635E-03  0.2661E-02  0.1969E-01  0.2121E-01  0.1138E-02  0.1544E-02  0.1610E-02  0.4650E-03  0.4310E-02  0.4590E-02  0.2578E-02  0.7152E-03  0.9805E-03  0.1843E-02
      4.856  0.2310E-01  0.1340E-01  0.1710E-01  0.2050E-01  0.1033E-02  0.2007E-02  0.1867E-01  0.1840E-01  0.1098E-02  0.1240E-02  0.1771E-02  0.3807E-03  0.4145E-02  0.4509E-02  0.2660E-02  0.5916E-03  0.8567E-03  0.1353E-02
      4.866  0.2475E-01  0.1077E-01  0.1717E-01  0.1770E-01  0.1137E-02  0.1255E-02  0.1825E-01  0.1610E-01  0.1123E-02  0.9910E-03  0.1969E-02  0.3385E-03  0.4001E-02  0.4461E-02  0.2808E-02  0.5231E-03  0.8185E-03  0.9448E-03
      4.876  0.2671E-01  0.1327E-01  0.1756E-01  0.1677E-01  0.1262E-02  0.1002E-02  0.1806E-01  0.1723E-01  0.1175E-02  0.9519E-03  0.2190E-02  0.4126E-03  0.3867E-02  0.4338E-02  0.2983E-02  0.8005E-03  0.8219E-03  0.8990E-03
      4.886  0.2833E-01  0.1619E-01  0.1788E-01  0.1682E-01  0.1378E-02  0.1074E-02  0.1777E-01  0.1827E-01  0.1217E-02  0.1017E-02  0.2403E-02  0.4875E-03  0.3718E-02  0.4159E-02  0.3140E-02  0.1009E-02  0.8191E-03  0.9986E-03
      4.896  0.2697E-01  0.1805E-01  0.1710E-01  0.1686E-01  0.1327E-02  0.1123E-02  0.1710E-01  0.1870E-01  0.1180E-02  0.1066E-02  0.2473E-02  0.5658E-03  0.3417E-02  0.3953E-02  0.3179E-02  0.1161E-02  0.7940E-03  0.1048E-02
      4.906  0.2563E-01  0.1897E-01  0.1634E-01  0.1694E-01  0.1276E-02  0.1155E-02  0.1645E-01  0.1862E-01  0.1141E-02  0.1099E-02  0.2546E-02  0.6487E-03  0.3118E-02  0.3722E-02  0.3220E-02  0.1266E-02  0.7685E-03  0.1052E-02
      4.916  0.2432E-01  0.1989E-01  0.1558E-01  0.1708E-01  0.1227E-02  0.1190E-02  0.1581E-01  0.1849E-01  0.1101E-02  0.1133E-02  0.2624E-02  0.7361E-03  0.2819E-02  0.3496E-02  0.3264E-02  0.1369E-02  0.7425E-03  0.1053E-02
      4.926  0.2304E-01  0.2081E-01  0.1484E-01  0.1728E-01  0.1178E-02  0.1228E-02  0.1519E-01  0.1832E-01  0.1058E-02  0.1166E-02  0.2705E-02  0.8278E-03  0.2521E-02  0.3275E-02  0.3310E-02  0.1470E-02  0.7161E-03  0.1051E-02
      4.936  0.2179E-01  0.2172E-01  0.1412E-01  0.1755E-01  0.1130E-02  0.1268E-02  0.1460E-01  0.1810E-01  0.1013E-02  0.1199E-02  0.2791E-02  0.9239E-03  0.2224E-02  0.3059E-02  0.3359E-02  0.1569E-02  0.6893E-03  0.1046E-02
      4.946  0.2057E-01  0.2069E-01  0.1340E-01  0.1693E-01  0.1084E-02  0.1231E-02  0.1402E-01  0.1750E-01  0.9659E-03  0.1168E-02  0.2881E-02  0.9713E-03  0.1927E-02  0.2745E-02  0.3410E-02  0.1605E-02  0.6621E-03  0.1020E-02
      4.956  0.1937E-01  0.1929E-01  0.1270E-01  0.1613E-01  0.1038E-02  0.1178E-02  0.1346E-01  0.1683E-01  0.9168E-03  0.1121E-02  0.2975E-02  0.1010E-02  0.1632E-02  0.2414E-02  0.3463E-02  0.1629E-02  0.6344E-03  0.9878E-03
      4.966  0.1942E-01  0.1792E-01  0.1426E-01  0.1535E-01  0.3281E-02  0.1126E-02  0.1581E-01  0.1617E-01  0.9639E-03  0.1071E-02  0.3572E-02  0.1050E-02  0.1454E-02  0.2086E-02  0.4111E-02  0.1654E-02  0.7203E-03  0.9541E-03
      4.976  0.2082E-01  0.1659E-01  0.1605E-01  0.1457E-01  0.5680E-02  0.1076E-02  0.2029E-01  0.1553E-01  0.1093E-02  0.1018E-02  0.4759E-02  0.1091E-02  0.1474E-02  0.1763E-02  0.5563E-02  0.1681E-02  0.9334E-03  0.9186E-03
      4.986  0.2108E-01  0.1529E-01  0.1572E-01  0.1381E-01  0.5532E-02  0.1028E-02  0.2015E-01  0.1490E-01  0.1100E-02  0.9626E-03  0.5139E-02  0.1135E-02  0.1329E-02  0.1443E-02  0.6054E-02  0.1709E-02  0.9744E-03  0.8814E-03
      4.996  0.2628E-01  0.1403E-01  0.3588E-01  0.1306E-01  0.5608E-02  0.9809E-03  0.3544E-01  0.1429E-01  0.2074E-02  0.9039E-03  0.8415E-02  0.1180E-02  0.2486E-02  0.1126E-02  0.9036E-02  0.1738E-02  0.3216E-02  0.8425E-03
      5.006  0.2924E-01  0.1410E-01  0.2696E-01  0.1426E-01  0.5444E-02  0.2699E-02  0.4951E-01  0.1675E-01  0.3111E-02  0.9686E-03  0.8354E-02  0.1396E-02  0.2865E-02  0.1041E-02  0.1144E-01  0.2015E-02  0.3403E-02  0.9100E-03
      5.016  0.2338E-01  0.1486E-01  0.9257E-02  0.1536E-01  0.4300E-02  0.4288E-02  0.1335E-01  0.1955E-01  0.9011E-03  0.1118E-02  0.5451E-02  0.1863E-02  0.1254E-02  0.1282E-02  0.6561E-02  0.2561E-02  0.7708E-03  0.1117E-02
      5.026  0.2317E-01  0.2196E-01  0.8889E-02  0.5613E-01  0.3888E-02  0.5883E-02  0.1289E-01  0.5369E-01  0.8897E-03  0.3866E-02  0.5593E-02  0.3443E-02  0.1218E-02  0.3356E-02  0.6714E-02  0.5186E-02  0.7606E-03  0.7915E-02
      5.036  0.2282E-01  0.1651E-01  0.8608E-02  0.1132E-01  0.3476E-02  0.4635E-02  0.1248E-01  0.3457E-01  0.8889E-03  0.2555E-02  0.5738E-02  0.2690E-02  0.1178E-02  0.1901E-02  0.6907E-02  0.3888E-02  0.7621E-03  0.1792E-02
      5.046  0.2292E-01  0.1599E-01  0.8423E-02  0.8732E-02  0.3102E-02  0.3739E-02  0.1213E-01  0.1304E-01  0.9123E-03  0.8926E-03  0.6018E-02  0.2516E-02  0.1185E-02  0.1527E-02  0.7198E-02  0.3435E-02  0.7669E-03  0.9052E-03
      5.056  0.2593E-01  0.1707E-01  0.9452E-02  0.8341E-02  0.3388E-02  0.3447E-02  0.1241E-01  0.1258E-01  0.1055E-02  0.8948E-03  0.7481E-02  0.2724E-02  0.1798E-02  0.1696E-02  0.8292E-02  0.3749E-02  0.8106E-03  0.9035E-03
      5.066  0.3008E-01  0.1635E-01  0.1063E-01  0.7880E-02  0.4381E-02  0.3075E-02  0.1297E-01  0.1191E-01  0.1205E-02  0.8709E-03  0.9088E-02  0.2809E-02  0.2412E-02  0.1620E-02  0.9513E-02  0.3844E-02  0.8631E-03  0.8775E-03
      5.076  0.3444E-01  0.1582E-01  0.1176E-01  0.7480E-02  0.5522E-02  0.2722E-02  0.1369E-01  0.1133E-01  0.1374E-02  0.8574E-03  0.1082E-01  0.2898E-02  0.2952E-02  0.1546E-02  0.1090E-01  0.3972E-02  0.9300E-03  0.8663E-03
      5.086  0.3891E-01  0.1564E-01  0.1283E-01  0.7284E-02  0.6692E-02  0.2406E-02  0.1443E-01  0.1083E-01  0.1547E-02  0.8666E-03  0.1264E-01  0.3107E-02  0.3410E-02  0.1651E-02  0.1239E-01  0.4207E-02  0.1002E-02  0.8616E-03
      5.096  0.4358E-01  0.1633E-01  0.1385E-01  0.7581E-02  0.7900E-02  0.2218E-02  0.1543E-01  0.1063E-01  0.1726E-02  0.9325E-03  0.1458E-01  0.3569E-02  0.3794E-02  0.2051E-02  0.1404E-01  0.4659E-02  0.1091E-02  0.8757E-03
      5.106  0.4838E-01  0.1742E-01  0.1482E-01  0.7964E-02  0.9116E-02  0.2215E-02  0.1651E-01  0.1054E-01  0.1907E-02  0.1008E-02  0.1662E-01  0.4075E-02  0.4097E-02  0.2447E-02  0.1582E-01  0.5153E-02  0.1188E-02  0.9033E-03
      5.116  0.4815E-01  0.1909E-01  0.1478E-01  0.8391E-02  0.1022E-01  0.2436E-02  0.1646E-01  0.1050E-01  0.1892E-02  0.1103E-02  0.1657E-01  0.4631E-02  0.3970E-02  0.2845E-02  0.1553E-01  0.5690E-02  0.1260E-02  0.9541E-03
      5.126  0.4663E-01  0.2087E-01  0.1473E-01  0.8798E-02  0.1266E-01  0.2700E-02  0.1680E-01  0.1049E-01  0.1864E-02  0.1199E-02  0.1623E-01  0.5213E-02  0.3651E-02  0.3207E-02  0.1559E-01  0.6257E-02  0.1368E-02  0.1010E-02
      5.136  0.5608E-01  0.2327E-01  0.1464E-01  0.9283E-02  0.2890E-01  0.3456E-02  0.1962E-01  0.1089E-01  0.2213E-02  0.1318E-02  0.2058E-01  0.5877E-02  0.2992E-02  0.3566E-02  0.2421E-01  0.6933E-02  0.1480E-02  0.1101E-02
      5.146  0.7984E-01  0.2587E-01  0.2097E-01  0.9757E-02  0.5074E-01  0.4394E-02  0.2181E-01  0.1136E-01  0.2907E-02  0.1444E-02  0.3997E-01  0.6584E-02  0.3310E-02  0.3892E-02  0.3140E-01  0.7660E-02  0.2431E-02  0.1201E-02
      5.156  0.3333E-01  0.2885E-01  0.1308E-01  0.1047E-01  0.1686E-01  0.5587E-02  0.1752E-01  0.1225E-01  0.2048E-02  0.1595E-02  0.2060E-01  0.7364E-02  0.1809E-02  0.4218E-02  0.2325E-01  0.8511E-02  0.1568E-02  0.1341E-02
      5.166  0.2812E-01  0.3202E-01  0.1382E-01  0.1133E-01  0.1264E-01  0.6931E-02  0.1838E-01  0.1328E-01  0.2048E-02  0.1766E-02  0.2189E-01  0.8189E-02  0.1868E-02  0.4519E-02  0.2194E-01  0.9430E-02  0.1699E-02  0.1497E-02
      5.176  0.2835E-01  0.3461E-01  0.1746E-01  0.1190E-01  0.1271E-01  0.8567E-02  0.2252E-01  0.1402E-01  0.2571E-02  0.1921E-02  0.2519E-01  0.8762E-02  0.2508E-02  0.4635E-02  0.2962E-01  0.1022E-01  0.2217E-02  0.1660E-02
      5.186  0.3002E-01  0.6223E-01  0.2053E-01  0.1393E-01  0.1210E-01  0.2508E-01  0.3087E-01  0.1632E-01  0.3203E-02  0.2980E-02  0.2673E-01  0.1794E-01  0.3393E-02  0.4960E-02  0.4664E-01  0.2207E-01  0.2991E-02  0.2619E-02
      5.196  0.2873E-01  0.7086E-01  0.2308E-01  0.1536E-01  0.1290E-01  0.3085E-01  0.3930E-01  0.1709E-01  0.3841E-02  0.2959E-02  0.2751E-01  0.2424E-01  0.3511E-02  0.4335E-02  0.5559E-01  0.2748E-01  0.3504E-02  0.2905E-02
      5.206  0.1560E-01  0.5470E-01  0.2164E-01  0.1320E-01  0.1084E-01  0.2605E-01  0.2512E-01  0.1591E-01  0.2721E-02  0.2327E-02  0.2570E-01  0.2348E-01  0.2504E-02  0.2934E-02  0.3265E-01  0.2430E-01  0.2677E-02  0.2219E-02
      5.216  0.8939E-02  0.4185E-01  0.1610E-01  0.1276E-01  0.8470E-02  0.1976E-01  0.1758E-01  0.1626E-01  0.2352E-02  0.2014E-02  0.2089E-01  0.1990E-01  0.2057E-02  0.2238E-02  0.1004E-01  0.2389E-01  0.1696E-02  0.1742E-02
      5.226  0.7586E-02  0.4184E-01  0.1410E-01  0.1447E-01  0.8180E-02  0.1969E-01  0.1620E-01  0.2004E-01  0.2316E-02  0.2356E-02  0.1932E-01  0.2266E-01  0.1734E-02  0.2608E-02  0.8079E-02  0.3379E-01  0.1599E-02  0.2222E-02
      5.236  0.6907E-02  0.4162E-01  0.1336E-01  0.1701E-01  0.8209E-02  0.2090E-01  0.1652E-01  0.2461E-01  0.2264E-02  0.2948E-02  0.1713E-01  0.2653E-01  0.1414E-02  0.2744E-02  0.8390E-02  0.4392E-01  0.1668E-02  0.2774E-02
      5.246  0.6369E-02  0.3853E-01  0.1319E-01  0.2013E-01  0.8123E-02  0.2015E-01  0.1668E-01  0.2581E-01  0.2203E-02  0.3100E-02  0.1434E-01  0.2813E-01  0.1107E-02  0.2717E-02  0.8657E-02  0.4000E-01  0.1734E-02  0.2878E-02
      5.256  0.5954E-02  0.4243E-01  0.1331E-01  0.2081E-01  0.7947E-02  0.1834E-01  0.1663E-01  0.2711E-01  0.2113E-02  0.3238E-02  0.1089E-01  0.3883E-01  0.8113E-03  0.4035E-02  0.8819E-02  0.3558E-01  0.1780E-02  0.3201E-02
      5.266  0.6369E-02  0.1881E-01  0.1425E-01  0.1447E-01  0.8129E-02  0.1401E-01  0.1666E-01  0.1868E-01  0.2062E-02  0.2466E-02  0.8064E-02  0.1713E-01  0.7971E-03  0.1942E-02  0.9612E-02  0.1760E-01  0.1882E-02  0.2001E-02
      5.276  0.9703E-02  0.1596E-01  0.1937E-01  0.1352E-01  0.9353E-02  0.1375E-01  0.1819E-01  0.1707E-01  0.2577E-02  0.2401E-02  0.1219E-01  0.1569E-01  0.2497E-02  0.1516E-02  0.1312E-01  0.1307E-01  0.2298E-02  0.1896E-02
      5.286  0.1587E-01  0.1328E-01  0.3007E-01  0.1267E-01  0.1373E-01  0.1344E-01  0.2247E-01  0.1544E-01  0.3567E-02  0.2317E-02  0.1757E-01  0.1405E-01  0.7559E-02  0.1124E-02  0.2253E-01  0.7908E-02  0.3581E-02  0.1783E-02
      5.296  0.1614E-01  0.1139E-01  0.2659E-01  0.1305E-01  0.9369E-02  0.1315E-01  0.2196E-01  0.1530E-01  0.3171E-02  0.2397E-02  0.1670E-01  0.1282E-01  0.7742E-02  0.8789E-03  0.2199E-01  0.6843E-02  0.2714E-02  0.1906E-02
      5.306  0.2185E-01  0.9793E-02  0.2562E-01  0.1382E-01  0.8720E-02  0.1279E-01  0.2220E-01  0.1559E-01  0.3086E-02  0.2508E-02  0.1666E-01  0.1153E-01  0.8051E-02  0.7459E-03  0.2392E-01  0.6999E-02  0.2801E-02  0.2098E-02
      5.316  0.2773E-01  0.1002E-01  0.2584E-01  0.1968E-01  0.8597E-02  0.1287E-01  0.2338E-01  0.1863E-01  0.3142E-02  0.3306E-02  0.1887E-01  0.1343E-01  0.9132E-02  0.4387E-02  0.2574E-01  0.1166E-01  0.2990E-02  0.2888E-02
      5.326  0.3384E-01  0.8984E-02  0.2620E-01  0.2237E-01  0.8742E-02  0.1131E-01  0.2492E-01  0.1959E-01  0.3259E-02  0.3283E-02  0.2176E-01  0.1141E-01  0.1041E-01  0.7325E-02  0.2777E-01  0.1362E-01  0.3228E-02  0.3035E-02
      5.336  0.2634E-01  0.8101E-02  0.1874E-01  0.2074E-01  0.6561E-02  0.8772E-02  0.2127E-01  0.1939E-01  0.2282E-02  0.2858E-02  0.8715E-02  0.7706E-02  0.4861E-02  0.8354E-02  0.2095E-01  0.1309E-01  0.2417E-02  0.2678E-02
      5.346  0.3952E-01  0.1065E-01  0.3270E-01  0.1829E-01  0.1019E-01  0.7039E-02  0.3224E-01  0.1770E-01  0.4113E-02  0.2600E-02  0.2242E-01  0.6757E-02  0.6204E-02  0.7221E-02  0.3072E-01  0.1088E-01  0.3720E-02  0.2608E-02
      5.356  0.4202E-01  0.1404E-01  0.3147E-01  0.1899E-01  0.1390E-01  0.6435E-02  0.3824E-01  0.1865E-01  0.4723E-02  0.2754E-02  0.2349E-01  0.7175E-02  0.6966E-02  0.8420E-02  0.3635E-01  0.1180E-01  0.4765E-02  0.2797E-02
      5.366  0.4503E-01  0.1722E-01  0.3014E-01  0.1891E-01  0.1591E-01  0.5747E-02  0.3544E-01  0.1917E-01  0.4889E-02  0.2896E-02  0.2549E-01  0.7443E-02  0.7464E-02  0.8932E-02  0.3765E-01  0.1225E-01  0.4800E-02  0.2925E-02
      5.376  0.3753E-01  0.1746E-01  0.2565E-01  0.1779E-01  0.1393E-01  0.5111E-02  0.2246E-01  0.1813E-01  0.3711E-02  0.2815E-02  0.2148E-01  0.6969E-02  0.7550E-02  0.7941E-02  0.2646E-01  0.1105E-01  0.3704E-02  0.2932E-02
      5.386  0.3487E-01  0.1623E-01  0.2283E-01  0.1628E-01  0.1360E-01  0.4519E-02  0.1879E-01  0.1658E-01  0.3515E-02  0.2628E-02  0.2002E-01  0.6028E-02  0.7631E-02  0.6361E-02  0.2411E-01  0.9202E-02  0.3198E-02  0.2874E-02
      5.396  0.3433E-01  0.1783E-01  0.2178E-01  0.2281E-01  0.1389E-01  0.4973E-02  0.1622E-01  0.1820E-01  0.3630E-02  0.3484E-02  0.1980E-01  0.8738E-02  0.8455E-02  0.5004E-02  0.2491E-01  0.9419E-02  0.3116E-02  0.3458E-02
      5.406  0.3265E-01  0.2900E-01  0.2193E-01  0.3285E-01  0.1416E-01  0.9020E-02  0.1617E-01  0.3199E-01  0.3563E-02  0.6549E-02  0.1970E-01  0.1567E-01  0.8628E-02  0.4104E-02  0.2420E-01  0.2647E-01  0.2997E-02  0.5659E-02
      5.416  0.3796E-01  0.2458E-01  0.2446E-01  0.2289E-01  0.2160E-01  0.7289E-02  0.2155E-01  0.2318E-01  0.4147E-02  0.4178E-02  0.2484E-01  0.1244E-01  0.1023E-01  0.4098E-02  0.2608E-01  0.1932E-01  0.3250E-02  0.5147E-02
      5.426  0.4366E-01  0.2518E-01  0.2858E-01  0.2069E-01  0.2963E-01  0.7930E-02  0.2746E-01  0.2073E-01  0.4674E-02  0.3894E-02  0.3013E-01  0.1348E-01  0.1256E-01  0.4849E-02  0.2858E-01  0.1934E-01  0.3554E-02  0.4977E-02
      5.436  0.5510E-01  0.2437E-01  0.3778E-01  0.1827E-01  0.4200E-01  0.8469E-02  0.3707E-01  0.1517E-01  0.5688E-02  0.3627E-02  0.3862E-01  0.1310E-01  0.1835E-01  0.5881E-02  0.3644E-01  0.1882E-01  0.4444E-02  0.4059E-02
      5.446  0.5630E-01  0.2204E-01  0.4269E-01  0.1706E-01  0.5018E-01  0.8040E-02  0.3879E-01  0.1065E-01  0.6139E-02  0.3438E-02  0.4359E-01  0.1149E-01  0.2000E-01  0.6427E-02  0.4153E-01  0.1646E-01  0.5031E-02  0.3141E-02
      5.456  0.3053E-01  0.2120E-01  0.3098E-01  0.1683E-01  0.3467E-01  0.8027E-02  0.2282E-01  0.1013E-01  0.2848E-02  0.3473E-02  0.2674E-01  0.1113E-01  0.1192E-01  0.6375E-02  0.2179E-01  0.1644E-01  0.2518E-02  0.3076E-02
      5.466  0.1666E-01  0.2312E-01  0.1918E-01  0.1744E-01  0.2337E-01  0.9223E-02  0.1895E-01  0.1248E-01  0.1599E-02  0.3548E-02  0.1927E-01  0.1175E-01  0.5979E-02  0.6652E-02  0.1203E-01  0.1801E-01  0.1351E-02  0.3112E-02
      5.476  0.1297E-01  0.3024E-01  0.1640E-01  0.2006E-01  0.1876E-01  0.1551E-01  0.1754E-01  0.1858E-01  0.1463E-02  0.4064E-02  0.1894E-01  0.1907E-01  0.4624E-02  0.7529E-02  0.1171E-01  0.2155E-01  0.1235E-02  0.3323E-02
      5.486  0.9536E-02  0.3637E-01  0.1378E-01  0.2290E-01  0.1402E-01  0.2177E-01  0.1621E-01  0.2533E-01  0.1361E-02  0.4488E-02  0.1884E-01  0.2427E-01  0.3440E-02  0.8995E-02  0.1164E-01  0.2638E-01  0.1135E-02  0.3524E-02
      5.496  0.7225E-02  0.4227E-01  0.1248E-01  0.2585E-01  0.9856E-02  0.2746E-01  0.1526E-01  0.3324E-01  0.1358E-02  0.5162E-02  0.1916E-01  0.2772E-01  0.2767E-02  0.1131E-01  0.1250E-01  0.3404E-01  0.1131E-02  0.3853E-02
      5.506  0.7257E-02  0.4844E-01  0.1254E-01  0.3010E-01  0.8449E-02  0.3144E-01  0.1510E-01  0.3948E-01  0.1483E-02  0.5587E-02  0.2024E-01  0.3036E-01  0.2778E-02  0.1447E-01  0.1410E-01  0.3998E-01  0.1254E-02  0.4230E-02
      5.516  0.1177E-01  0.4725E-01  0.1525E-01  0.3274E-01  0.1137E-01  0.3150E-01  0.1871E-01  0.3879E-01  0.2226E-02  0.5175E-02  0.2377E-01  0.2928E-01  0.3647E-02  0.1507E-01  0.2140E-01  0.4146E-01  0.1849E-02  0.4049E-02
      5.526  0.2102E-01  0.2962E-01  0.2091E-01  0.2382E-01  0.1682E-01  0.2195E-01  0.2475E-01  0.2589E-01  0.3512E-02  0.3253E-02  0.3121E-01  0.1999E-01  0.5276E-02  0.8793E-02  0.2969E-01  0.2933E-01  0.3137E-02  0.2608E-02
      5.536  0.3093E-01  0.1676E-01  0.2735E-01  0.1368E-01  0.2228E-01  0.1468E-01  0.3016E-01  0.1872E-01  0.4864E-02  0.1614E-02  0.3676E-01  0.1286E-01  0.7083E-02  0.3873E-02  0.3387E-01  0.1546E-01  0.4503E-02  0.1194E-02
      5.546  0.4064E-01  0.1354E-01  0.3014E-01  0.1169E-01  0.2523E-01  0.1187E-01  0.3321E-01  0.1655E-01  0.6400E-02  0.1448E-02  0.3168E-01  0.1192E-01  0.8324E-02  0.2941E-02  0.2947E-01  0.1408E-01  0.5910E-02  0.1065E-02
      5.556  0.4031E-01  0.1035E-01  0.2885E-01  0.9857E-02  0.2694E-01  0.8985E-02  0.3063E-01  0.1432E-01  0.6843E-02  0.1320E-02  0.2418E-01  0.1117E-01  0.8468E-02  0.2208E-02  0.2327E-01  0.1268E-01  0.5262E-02  0.9761E-03
      5.566  0.3862E-01  0.7473E-02  0.2571E-01  0.8499E-02  0.2857E-01  0.6415E-02  0.2601E-01  0.1273E-01  0.5985E-02  0.1234E-02  0.1687E-01  0.1085E-01  0.7598E-02  0.1831E-02  0.1590E-01  0.1175E-01  0.4144E-02  0.9688E-03
      5.576  0.1670E-01  0.5892E-02  0.1451E-01  0.8068E-02  0.2679E-01  0.5049E-02  0.1401E-01  0.1211E-01  0.2518E-02  0.1212E-02  0.1517E-01  0.1109E-01  0.3138E-02  0.1848E-02  0.2776E-01  0.1215E-01  0.2084E-02  0.1017E-02
      5.586  0.2061E-01  0.8097E-02  0.2938E-01  0.9478E-02  0.3469E-01  0.6800E-02  0.2068E-01  0.1296E-01  0.5045E-02  0.1412E-02  0.7199E-01  0.1222E-01  0.4032E-02  0.2312E-02  0.9502E-01  0.1532E-01  0.3111E-02  0.1214E-02
      5.596  0.2417E-01  0.3085E-01  0.1517E-01  0.3292E-01  0.3438E-01  0.2016E-01  0.1297E-01  0.2740E-01  0.2084E-02  0.5464E-02  0.1829E-01  0.4073E-01  0.4572E-02  0.5491E-02  0.1893E-01  0.3956E-01  0.2059E-02  0.5300E-02
      5.606  0.4598E-01  0.6126E-01  0.1715E-01  0.6756E-01  0.5807E-01  0.3548E-01  0.1554E-01  0.6356E-01  0.3287E-02  0.1300E-01  0.2280E-01  0.6833E-01  0.8084E-02  0.1144E-01  0.2331E-01  0.8717E-01  0.2566E-02  0.1283E-01
      5.616  0.4754E-01  0.3656E-01  0.1595E-01  0.4228E-01  0.5601E-01  0.2311E-01  0.1522E-01  0.4610E-01  0.3329E-02  0.1195E-01  0.2057E-01  0.4059E-01  0.8688E-02  0.9732E-02  0.2255E-01  0.2860E-01  0.2720E-02  0.7616E-02
      5.626  0.4759E-01  0.1085E-01  0.1515E-01  0.1675E-01  0.5241E-01  0.1426E-01  0.1482E-01  0.1549E-01  0.3418E-02  0.1784E-02  0.1930E-01  0.1142E-01  0.8984E-02  0.4492E-02  0.2126E-01  0.9502E-02  0.3020E-02  0.1924E-02
      5.636  0.4574E-01  0.1356E-01  0.1420E-01  0.1749E-01  0.4752E-01  0.1817E-01  0.1407E-01  0.1560E-01  0.3455E-02  0.2023E-02  0.1869E-01  0.1375E-01  0.9043E-02  0.5010E-02  0.1886E-01  0.1163E-01  0.3369E-02  0.2050E-02
      5.646  0.4272E-01  0.1653E-01  0.1299E-01  0.1800E-01  0.4160E-01  0.2233E-01  0.1325E-01  0.1567E-01  0.3537E-02  0.2232E-02  0.1837E-01  0.1625E-01  0.8979E-02  0.5525E-02  0.1602E-01  0.1365E-01  0.3722E-02  0.2209E-02
      5.656  0.4869E-01  0.2069E-01  0.1382E-01  0.1425E-01  0.4595E-01  0.2504E-01  0.1504E-01  0.1298E-01  0.4007E-02  0.2298E-02  0.2130E-01  0.1591E-01  0.1040E-01  0.5470E-02  0.1496E-01  0.1400E-01  0.4759E-02  0.2249E-02
      5.666  0.2294E-01  0.2852E-01  0.7994E-02  0.1005E-01  0.2221E-01  0.2869E-01  0.8371E-02  0.9377E-02  0.1817E-02  0.2374E-02  0.1072E-01  0.1640E-01  0.5685E-02  0.5947E-02  0.8645E-02  0.1431E-01  0.1834E-02  0.2389E-02
      5.676  0.2134E-01  0.3483E-01  0.8213E-02  0.1179E-01  0.2125E-01  0.3057E-01  0.8378E-02  0.1164E-01  0.1762E-02  0.2725E-02  0.1098E-01  0.2258E-01  0.5502E-02  0.6935E-02  0.8310E-02  0.1769E-01  0.1821E-02  0.2860E-02
      5.686  0.2002E-01  0.5231E-01  0.8860E-02  0.3386E-01  0.2077E-01  0.3610E-01  0.8552E-02  0.3614E-01  0.1724E-02  0.6486E-02  0.1193E-01  0.6148E-01  0.5364E-02  0.1160E-01  0.8352E-02  0.9275E-01  0.1837E-02  0.5654E-02
      5.696  0.1892E-01  0.5495E-01  0.9840E-02  0.3441E-01  0.2078E-01  0.3763E-01  0.8859E-02  0.2952E-01  0.1700E-02  0.8505E-02  0.1355E-01  0.6704E-01  0.5267E-02  0.1194E-01  0.8772E-02  0.8888E-01  0.1882E-02  0.6973E-02
      5.706  0.1812E-01  0.5509E-01  0.1088E-01  0.1700E-01  0.2099E-01  0.3453E-01  0.9333E-02  0.1759E-01  0.1803E-02  0.4296E-02  0.1554E-01  0.3039E-01  0.5313E-02  0.1184E-01  0.9468E-02  0.2809E-01  0.2038E-02  0.4883E-02
      5.716  0.1854E-01  0.5533E-01  0.1258E-01  0.1451E-01  0.2184E-01  0.3470E-01  0.1038E-01  0.1553E-01  0.2594E-02  0.3992E-02  0.1782E-01  0.2623E-01  0.5869E-02  0.1159E-01  0.1084E-01  0.2435E-01  0.2639E-02  0.4634E-02
      5.726  0.1817E-01  0.5517E-01  0.1247E-01  0.1240E-01  0.2079E-01  0.3525E-01  0.1096E-01  0.1356E-01  0.3397E-02  0.3622E-02  0.1565E-01  0.2306E-01  0.6010E-02  0.1119E-01  0.9443E-02  0.2109E-01  0.2835E-02  0.4375E-02
      5.736  0.1786E-01  0.4825E-01  0.1181E-01  0.1052E-01  0.1937E-01  0.3536E-01  0.1137E-01  0.1158E-01  0.3640E-02  0.2971E-02  0.1250E-01  0.2008E-01  0.6043E-02  0.1004E-01  0.7453E-02  0.1714E-01  0.3123E-02  0.3957E-02
      5.746  0.1835E-01  0.4417E-01  0.1108E-01  0.1001E-01  0.1827E-01  0.3680E-01  0.1225E-01  0.1065E-01  0.4121E-02  0.3527E-02  0.7003E-02  0.2017E-01  0.6173E-02  0.9702E-02  0.4280E-02  0.1483E-01  0.4524E-02  0.4077E-02
      5.756  0.1579E-01  0.3956E-01  0.1105E-01  0.1073E-01  0.1745E-01  0.3685E-01  0.1201E-01  0.1041E-01  0.4220E-02  0.4313E-02  0.6469E-02  0.2112E-01  0.5452E-02  0.9512E-02  0.4932E-02  0.1341E-01  0.4897E-02  0.4374E-02
      5.766  0.1334E-01  0.3652E-01  0.1160E-01  0.1131E-01  0.1655E-01  0.3695E-01  0.1211E-01  0.1081E-01  0.4582E-02  0.4684E-02  0.6361E-02  0.2403E-01  0.4738E-02  0.9274E-02  0.6220E-02  0.1369E-01  0.5487E-02  0.5000E-02
      5.776  0.1232E-01  0.3461E-01  0.1267E-01  0.1214E-01  0.1723E-01  0.3767E-01  0.1207E-01  0.1161E-01  0.4592E-02  0.5111E-02  0.7448E-02  0.2810E-01  0.4868E-02  0.9258E-02  0.6397E-02  0.1457E-01  0.5273E-02  0.6126E-02
      5.786  0.1176E-01  0.3025E-01  0.1362E-01  0.1169E-01  0.1800E-01  0.3386E-01  0.1271E-01  0.1172E-01  0.4467E-02  0.4928E-02  0.8209E-02  0.2484E-01  0.5041E-02  0.8358E-02  0.5908E-02  0.1529E-01  0.4893E-02  0.5973E-02
      5.797  0.1050E-01  0.2512E-01  0.1425E-01  0.1068E-01  0.1785E-01  0.2863E-01  0.1381E-01  0.1120E-01  0.4299E-02  0.4306E-02  0.7802E-02  0.1720E-01  0.4612E-02  0.7119E-02  0.5385E-02  0.1494E-01  0.4585E-02  0.5069E-02
      5.807  0.9764E-02  0.2038E-01  0.1517E-01  0.1045E-01  0.1954E-01  0.2494E-01  0.1459E-01  0.1079E-01  0.4496E-02  0.3885E-02  0.7867E-02  0.1337E-01  0.4553E-02  0.5969E-02  0.5537E-02  0.1593E-01  0.4455E-02  0.4673E-02
      5.817  0.9150E-02  0.1611E-01  0.1643E-01  0.1139E-01  0.2203E-01  0.2237E-01  0.1577E-01  0.1076E-01  0.4775E-02  0.3996E-02  0.7917E-02  0.1675E-01  0.4664E-02  0.4959E-02  0.5731E-02  0.1791E-01  0.4314E-02  0.4784E-02
      5.827  0.9632E-02  0.1632E-01  0.1841E-01  0.1207E-01  0.2488E-01  0.2227E-01  0.1805E-01  0.1018E-01  0.5259E-02  0.3982E-02  0.8220E-02  0.2057E-01  0.5107E-02  0.4664E-02  0.6178E-02  0.1243E-01  0.4312E-02  0.4613E-02
      5.837  0.1181E-01  0.1276E-01  0.2066E-01  0.1246E-01  0.2994E-01  0.1923E-01  0.2083E-01  0.1047E-01  0.4550E-02  0.3958E-02  0.7555E-02  0.2182E-01  0.6852E-02  0.3746E-02  0.6598E-02  0.1177E-01  0.3997E-02  0.4485E-02
      5.847  0.1093E-01  0.1162E-01  0.1730E-01  0.1294E-01  0.1660E-01  0.1921E-01  0.1571E-01  0.1103E-01  0.3249E-02  0.4048E-02  0.6047E-02  0.2292E-01  0.4754E-02  0.3369E-02  0.5592E-02  0.1200E-01  0.2822E-02  0.4444E-02
      5.857  0.1880E-01  0.1124E-01  0.1973E-01  0.1312E-01  0.1157E-01  0.2278E-01  0.1468E-01  0.1177E-01  0.2586E-02  0.3783E-02  0.6059E-02  0.1979E-01  0.3992E-02  0.3405E-02  0.5434E-02  0.1135E-01  0.2797E-02  0.4184E-02
      5.867  0.1933E-01  0.1260E-01  0.2084E-01  0.1361E-01  0.1133E-01  0.3044E-01  0.1600E-01  0.1335E-01  0.2826E-02  0.3673E-02  0.6229E-02  0.1443E-01  0.4127E-02  0.4058E-02  0.5711E-02  0.1036E-01  0.2947E-02  0.3679E-02
      5.877  0.1921E-01  0.1523E-01  0.2206E-01  0.1550E-01  0.1025E-01  0.3988E-01  0.1716E-01  0.1707E-01  0.3156E-02  0.4061E-02  0.6239E-02  0.1161E-01  0.4204E-02  0.5660E-02  0.6010E-02  0.1023E-01  0.3069E-02  0.3779E-02
      5.887  0.1929E-01  0.1540E-01  0.2523E-01  0.1525E-01  0.9672E-02  0.3216E-01  0.1845E-01  0.1426E-01  0.3604E-02  0.3592E-02  0.6561E-02  0.1075E-01  0.4481E-02  0.5216E-02  0.6300E-02  0.9497E-02  0.3256E-02  0.3501E-02
      5.897  0.1862E-01  0.1378E-01  0.3248E-01  0.1226E-01  0.1055E-01  0.1504E-01  0.1826E-01  0.1151E-01  0.4529E-02  0.2716E-02  0.9164E-02  0.9164E-02  0.4983E-02  0.3311E-02  0.6357E-02  0.8499E-02  0.3810E-02  0.2437E-02
      5.907  0.1697E-01  0.2268E-01  0.2885E-01  0.1520E-01  0.9051E-02  0.1513E-01  0.1705E-01  0.1349E-01  0.4532E-02  0.2938E-02  0.9072E-02  0.9436E-02  0.4531E-02  0.3051E-02  0.6311E-02  0.9244E-02  0.4132E-02  0.2972E-02
      5.917  0.1043E-01  0.2155E-01  0.1593E-01  0.1517E-01  0.4113E-02  0.1375E-01  0.1364E-01  0.1411E-01  0.2026E-02  0.3102E-02  0.4932E-02  0.9301E-02  0.2414E-02  0.3073E-02  0.5414E-02  0.9215E-02  0.2386E-02  0.3011E-02
      5.927  0.1137E-01  0.2885E-01  0.1527E-01  0.2423E-01  0.3848E-02  0.1777E-01  0.1392E-01  0.2235E-01  0.1950E-02  0.5427E-02  0.4340E-02  0.9915E-02  0.2207E-02  0.5151E-02  0.5365E-02  0.1045E-01  0.2188E-02  0.4164E-02
      5.937  0.1884E-01  0.2545E-01  0.2471E-01  0.2155E-01  0.5528E-02  0.1481E-01  0.1743E-01  0.1681E-01  0.3141E-02  0.5823E-02  0.5017E-02  0.1086E-01  0.2675E-02  0.4739E-02  0.6504E-02  0.9534E-02  0.3110E-02  0.3897E-02
      5.947  0.2149E-01  0.1828E-01  0.2955E-01  0.1975E-01  0.5898E-02  0.1248E-01  0.2176E-01  0.1611E-01  0.3207E-02  0.4223E-02  0.5331E-02  0.1065E-01  0.2807E-02  0.3941E-02  0.7105E-02  0.9080E-02  0.3462E-02  0.3842E-02
      5.957  0.2370E-01  0.1150E-01  0.3273E-01  0.1258E-01  0.6079E-02  0.4006E-02  0.2666E-01  0.1069E-01  0.3160E-02  0.2055E-02  0.5672E-02  0.6979E-02  0.2921E-02  0.1687E-02  0.7546E-02  0.7876E-02  0.3752E-02  0.2168E-02
      5.967  0.3620E-01  0.1191E-01  0.3798E-01  0.1380E-01  0.8660E-02  0.3831E-02  0.5621E-01  0.1137E-01  0.4553E-02  0.2116E-02  0.7420E-02  0.6848E-02  0.4012E-02  0.1729E-02  0.1076E-01  0.7810E-02  0.5652E-02  0.2253E-02
      5.977  0.2671E-01  0.1232E-01  0.3012E-01  0.1506E-01  0.5368E-02  0.3656E-02  0.4100E-01  0.1203E-01  0.3157E-02  0.2175E-02  0.6027E-02  0.6721E-02  0.3124E-02  0.1771E-02  0.7971E-02  0.7719E-02  0.3198E-02  0.2337E-02
      5.987  0.1818E-01  0.2620E-01  0.1772E-01  0.3521E-01  0.3805E-02  0.5902E-02  0.3005E-01  0.1826E-01  0.2476E-02  0.4941E-02  0.5043E-02  0.7370E-02  0.2429E-02  0.2772E-02  0.5988E-02  0.9202E-02  0.1977E-02  0.4141E-02
      5.997  0.1250E-01  0.2443E-01  0.1170E-01  0.3416E-01  0.2747E-02  0.6247E-02  0.1471E-01  0.2274E-01  0.1805E-02  0.3958E-02  0.4887E-02  0.7398E-02  0.2353E-02  0.2631E-02  0.4347E-02  0.8745E-02  0.1866E-02  0.4660E-02
      6.007  0.2007E-01  0.3097E-01  0.1955E-01  0.3464E-01  0.4906E-02  0.7382E-02  0.1925E-01  0.4419E-01  0.3179E-02  0.4950E-02  0.7759E-02  0.7687E-02  0.4207E-02  0.3454E-02  0.6709E-02  0.9098E-02  0.3323E-02  0.6079E-02
      6.017  0.2711E-01  0.2172E-01  0.2954E-01  0.2755E-01  0.7483E-02  0.4575E-02  0.2784E-01  0.3456E-01  0.4955E-02  0.3642E-02  0.1087E-01  0.6702E-02  0.5978E-02  0.2627E-02  0.9863E-02  0.7462E-02  0.4910E-02  0.3788E-02
      6.027  0.2975E-01  0.1817E-01  0.3921E-01  0.2102E-01  0.8702E-02  0.4235E-02  0.3508E-01  0.3359E-01  0.6472E-02  0.3443E-02  0.1236E-01  0.6181E-02  0.7221E-02  0.2700E-02  0.1215E-01  0.6198E-02  0.6409E-02  0.3130E-02
      6.037  0.2567E-01  0.7805E-02  0.4437E-01  0.8576E-02  0.9028E-02  0.1500E-02  0.3737E-01  0.1141E-01  0.7389E-02  0.1831E-02  0.1257E-01  0.5058E-02  0.7505E-02  0.1506E-02  0.1371E-01  0.4469E-02  0.7720E-02  0.1531E-02
      6.047  0.1826E-01  0.1146E-01  0.3602E-01  0.9396E-02  0.7498E-02  0.2002E-02  0.2979E-01  0.1207E-01  0.5686E-02  0.2424E-02  0.1032E-01  0.6185E-02  0.6483E-02  0.2209E-02  0.9893E-02  0.5184E-02  0.7291E-02  0.2287E-02
      6.057  0.1536E-01  0.2110E-01  0.2720E-01  0.1511E-01  0.7055E-02  0.3803E-02  0.2404E-01  0.1834E-01  0.4127E-02  0.4000E-02  0.6864E-02  0.8480E-02  0.5534E-02  0.3803E-02  0.6164E-02  0.7013E-02  0.6095E-02  0.3936E-02
      6.067  0.1276E-01  0.3427E-01  0.1857E-01  0.2541E-01  0.6352E-02  0.6731E-02  0.1720E-01  0.2865E-01  0.2903E-02  0.6392E-02  0.3401E-02  0.1099E-01  0.3984E-02  0.6190E-02  0.3868E-02  0.9081E-02  0.3982E-02  0.6408E-02
      6.077  0.1303E-01  0.4353E-01  0.1275E-01  0.3205E-01  0.5833E-02  0.9132E-02  0.1140E-01  0.3503E-01  0.2892E-02  0.8562E-02  0.2633E-02  0.1357E-01  0.2690E-02  0.7784E-02  0.2834E-02  0.1128E-01  0.2849E-02  0.8504E-02
      6.087  0.1534E-01  0.4369E-01  0.9829E-02  0.4090E-01  0.5772E-02  0.1007E-01  0.9603E-02  0.3984E-01  0.3594E-02  0.1100E-01  0.3372E-02  0.1672E-01  0.2174E-02  0.8901E-02  0.2736E-02  0.1299E-01  0.2770E-02  0.1073E-01
      6.097  0.1545E-01  0.2926E-01  0.1015E-01  0.2555E-01  0.6633E-02  0.7599E-02  0.9859E-02  0.3510E-01  0.3871E-02  0.6612E-02  0.3497E-02  0.9318E-02  0.2238E-02  0.6968E-02  0.2808E-02  0.1447E-01  0.2976E-02  0.1182E-01
      6.107  0.1657E-01  0.1084E-01  0.1213E-01  0.1262E-01  0.9329E-02  0.3916E-02  0.1235E-01  0.1191E-01  0.5146E-02  0.3458E-02  0.4941E-02  0.2529E-02  0.2487E-02  0.2621E-02  0.6597E-02  0.3440E-02  0.3705E-02  0.3454E-02
      6.117  0.2156E-01  0.8669E-02  0.1888E-01  0.6676E-02  0.1769E-01  0.3791E-02  0.2112E-01  0.6503E-02  0.9456E-02  0.2823E-02  0.1101E-01  0.1866E-02  0.3520E-02  0.1405E-02  0.1987E-01  0.2669E-02  0.6298E-02  0.1785E-02
      6.127  0.2205E-01  0.1111E-01  0.2145E-01  0.7038E-02  0.2317E-01  0.4606E-02  0.2428E-01  0.6942E-02  0.1094E-01  0.3795E-02  0.1540E-01  0.3056E-02  0.4348E-02  0.1563E-02  0.2341E-01  0.4188E-02  0.7664E-02  0.2297E-02
      6.137  0.2947E-01  0.1408E-01  0.4189E-01  0.7653E-02  0.6816E-01  0.5473E-02  0.4783E-01  0.7932E-02  0.1846E-01  0.4698E-02  0.3836E-01  0.5403E-02  0.8415E-02  0.1708E-02  0.3740E-01  0.5520E-02  0.1466E-01  0.3201E-02
      6.147  0.1843E-01  0.1523E-01  0.3365E-01  0.7968E-02  0.4232E-01  0.6336E-02  0.3637E-01  0.8420E-02  0.1092E-01  0.5241E-02  0.2883E-01  0.6505E-02  0.6534E-02  0.1753E-02  0.2515E-01  0.5986E-02  0.9754E-02  0.3773E-02
      6.157  0.1296E-01  0.1568E-01  0.3227E-01  0.8248E-02  0.2312E-01  0.7933E-02  0.2724E-01  0.8814E-02  0.7267E-02  0.5844E-02  0.1566E-01  0.6872E-02  0.4568E-02  0.1806E-02  0.1287E-01  0.6680E-02  0.5425E-02  0.4247E-02
      6.167  0.1185E-01  0.2023E-01  0.3199E-01  0.9700E-02  0.1807E-01  0.1556E-01  0.2976E-01  0.1137E-01  0.7408E-02  0.8296E-02  0.1708E-01  0.9615E-02  0.5103E-02  0.2381E-02  0.1253E-01  0.1268E-01  0.7495E-02  0.5954E-02
      6.177  0.1144E-01  0.2480E-01  0.2934E-01  0.1224E-01  0.1455E-01  0.2576E-01  0.3259E-01  0.1601E-01  0.7833E-02  0.9946E-02  0.1803E-01  0.1414E-01  0.5794E-02  0.3286E-02  0.1251E-01  0.1932E-01  0.9680E-02  0.8271E-02
      6.187  0.2272E-01  0.2795E-01  0.3369E-01  0.1552E-01  0.2035E-01  0.3555E-01  0.4765E-01  0.2138E-01  0.9669E-02  0.1090E-01  0.1778E-01  0.1853E-01  0.1132E-01  0.4437E-02  0.1714E-01  0.2592E-01  0.1753E-01  0.9850E-02
      6.197  0.1820E-01  0.3746E-01  0.4646E-01  0.3410E-01  0.1958E-01  0.5772E-01  0.4702E-01  0.4610E-01  0.1239E-01  0.1905E-01  0.1804E-01  0.3570E-01  0.1014E-01  0.9981E-02  0.1316E-01  0.5917E-01  0.1556E-01  0.1992E-01
      6.207  0.1363E-01  0.4241E-01  0.3085E-01  0.4042E-01  0.1715E-01  0.5902E-01  0.2171E-01  0.4869E-01  0.9199E-02  0.1631E-01  0.1068E-01  0.3977E-01  0.8080E-02  0.1264E-01  0.9756E-02  0.4979E-01  0.9332E-02  0.1958E-01
      6.217  0.1362E-01  0.3125E-01  0.3032E-01  0.2935E-01  0.1875E-01  0.3029E-01  0.2316E-01  0.3612E-01  0.9032E-02  0.8184E-02  0.9880E-02  0.2108E-01  0.8489E-02  0.8364E-02  0.9773E-02  0.2374E-01  0.8494E-02  0.1196E-01
      6.227  0.1234E-01  0.2960E-01  0.2594E-01  0.3034E-01  0.1875E-01  0.2576E-01  0.2284E-01  0.4048E-01  0.6719E-02  0.8194E-02  0.7175E-02  0.1601E-01  0.8023E-02  0.8272E-02  0.8438E-02  0.1611E-01  0.5501E-02  0.1659E-01
      6.237  0.9148E-02  0.4453E-01  0.1464E-01  0.5753E-01  0.1473E-01  0.3573E-01  0.1265E-01  0.7909E-01  0.4111E-02  0.2150E-01  0.4026E-02  0.4255E-01  0.5686E-02  0.1635E-01  0.4575E-02  0.2722E-01  0.3497E-02  0.4156E-01
      6.247  0.8015E-02  0.3183E-01  0.1071E-01  0.4808E-01  0.1122E-01  0.4080E-01  0.1014E-01  0.5598E-01  0.2814E-02  0.1740E-01  0.2800E-02  0.2090E-01  0.4783E-02  0.1287E-01  0.3256E-02  0.2283E-01  0.2360E-02  0.2131E-01
      6.257  0.6869E-02  0.1977E-01  0.6879E-02  0.2542E-01  0.5936E-02  0.2803E-01  0.7091E-02  0.3115E-01  0.1602E-02  0.8964E-02  0.1701E-02  0.1053E-01  0.3566E-02  0.8832E-02  0.1993E-02  0.1038E-01  0.1391E-02  0.9395E-02
      6.267  0.9244E-02  0.1033E-01  0.1324E-01  0.1199E-01  0.4155E-02  0.1373E-01  0.9097E-02  0.1306E-01  0.3836E-02  0.2683E-02  0.1010E-01  0.3814E-02  0.4959E-02  0.4383E-02  0.4084E-02  0.2051E-02  0.2026E-02  0.2951E-02
      6.277  0.1198E-01  0.8464E-02  0.1860E-01  0.9925E-02  0.6882E-02  0.1093E-01  0.1363E-01  0.1072E-01  0.4916E-02  0.1955E-02  0.1311E-01  0.2899E-02  0.7728E-02  0.3612E-02  0.6428E-02  0.1678E-02  0.3930E-02  0.1891E-02
      6.287  0.1477E-01  0.7247E-02  0.2336E-01  0.8119E-02  0.9878E-02  0.7721E-02  0.1865E-01  0.8577E-02  0.6077E-02  0.1424E-02  0.1554E-01  0.2171E-02  0.1069E-01  0.2943E-02  0.8744E-02  0.1409E-02  0.5948E-02  0.1236E-02
      6.297  0.1785E-01  0.7605E-02  0.2614E-01  0.1241E-01  0.1020E-01  0.7508E-02  0.2253E-01  0.7892E-02  0.5299E-02  0.5194E-02  0.1409E-01  0.4734E-02  0.9903E-02  0.4328E-02  0.8936E-02  0.2547E-02  0.5040E-02  0.9980E-03
      6.307  0.2064E-01  0.7283E-02  0.2501E-01  0.1360E-01  0.9153E-02  0.4899E-02  0.2714E-01  0.6665E-02  0.4108E-02  0.4830E-02  0.1180E-01  0.4560E-02  0.8648E-02  0.4291E-02  0.9940E-02  0.2710E-02  0.3705E-02  0.9563E-03
      6.317  0.2245E-01  0.1363E-01  0.2338E-01  0.3836E-01  0.8518E-02  0.1771E-01  0.2951E-01  0.1359E-01  0.3168E-02  0.9962E-02  0.1233E-01  0.1395E-01  0.9272E-02  0.1402E-01  0.1208E-01  0.7141E-02  0.3229E-02  0.7300E-02
      6.327  0.2258E-01  0.1191E-01  0.2310E-01  0.2376E-01  0.7647E-02  0.8703E-02  0.2781E-01  0.1352E-01  0.3398E-02  0.5345E-02  0.1283E-01  0.7590E-02  0.9531E-02  0.6620E-02  0.1150E-01  0.5911E-02  0.4113E-02  0.2765E-02
      6.337  0.2048E-01  0.1225E-01  0.2111E-01  0.2120E-01  0.6672E-02  0.6485E-02  0.2465E-01  0.1488E-01  0.3336E-02  0.3515E-02  0.1211E-01  0.6529E-02  0.8815E-02  0.3992E-02  0.1016E-01  0.6387E-02  0.3903E-02  0.2146E-02
      6.347  0.1843E-01  0.1380E-01  0.1895E-01  0.1908E-01  0.5731E-02  0.5241E-02  0.2150E-01  0.1723E-01  0.3277E-02  0.2683E-02  0.1111E-01  0.6104E-02  0.8183E-02  0.4101E-02  0.8499E-02  0.7148E-02  0.3684E-02  0.1959E-02
      6.357  0.1636E-01  0.1575E-01  0.1610E-01  0.1932E-01  0.4799E-02  0.5190E-02  0.1835E-01  0.1903E-01  0.3187E-02  0.5803E-02  0.9261E-02  0.8368E-02  0.7600E-02  0.4356E-02  0.6514E-02  0.1123E-01  0.3441E-02  0.3575E-02
      6.367  0.1509E-01  0.1926E-01  0.1423E-01  0.2129E-01  0.4329E-02  0.5237E-02  0.1704E-01  0.2263E-01  0.3250E-02  0.7819E-02  0.7932E-02  0.1443E-01  0.7467E-02  0.5169E-02  0.5633E-02  0.1541E-01  0.3353E-02  0.7477E-02
      6.377  0.1423E-01  0.1915E-01  0.1314E-01  0.2031E-01  0.4182E-02  0.5152E-02  0.1721E-01  0.2368E-01  0.3430E-02  0.6392E-02  0.7094E-02  0.1302E-01  0.7605E-02  0.5232E-02  0.5829E-02  0.1551E-01  0.3347E-02  0.5967E-02
      6.387  0.1280E-01  0.1876E-01  0.1191E-01  0.1951E-01  0.3533E-02  0.5171E-02  0.1658E-01  0.2459E-01  0.3569E-02  0.5062E-02  0.6187E-02  0.1186E-01  0.7451E-02  0.5342E-02  0.5561E-02  0.1568E-01  0.3259E-02  0.4318E-02
      6.397  0.1125E-01  0.1872E-01  0.1059E-01  0.1933E-01  0.2499E-02  0.5272E-02  0.1587E-01  0.2570E-01  0.3633E-02  0.4607E-02  0.5188E-02  0.1216E-01  0.7223E-02  0.5613E-02  0.5041E-02  0.1678E-01  0.3100E-02  0.3707E-02
      6.407  0.9163E-02  0.1885E-01  0.8221E-02  0.1952E-01  0.2402E-02  0.5405E-02  0.1335E-01  0.2674E-01  0.3026E-02  0.4703E-02  0.3911E-02  0.1327E-01  0.6430E-02  0.5973E-02  0.4848E-02  0.1835E-01  0.2713E-02  0.3725E-02
      6.417  0.9995E-02  0.2853E-01  0.7779E-02  0.3594E-01  0.3417E-02  0.5831E-02  0.1209E-01  0.4303E-01  0.2740E-02  0.5924E-02  0.2981E-02  0.1544E-01  0.7910E-02  0.8875E-02  0.6821E-02  0.2001E-01  0.2465E-02  0.4349E-02
      6.427  0.1075E-01  0.3326E-01  0.8335E-02  0.4815E-01  0.4748E-02  0.5706E-02  0.1405E-01  0.4784E-01  0.3006E-02  0.6581E-02  0.3327E-02  0.1638E-01  0.9018E-02  0.1067E-01  0.8553E-02  0.1719E-01  0.2365E-02  0.4878E-02
      6.437  0.1168E-01  0.4221E-01  0.9362E-02  0.6056E-01  0.6608E-02  0.7179E-02  0.1896E-01  0.5706E-01  0.3658E-02  0.8143E-02  0.4218E-02  0.2004E-01  0.1023E-01  0.1427E-01  0.1047E-01  0.1973E-01  0.2423E-02  0.6084E-02
      6.447  0.1286E-01  0.3478E-01  0.1151E-01  0.3561E-01  0.9329E-02  0.9048E-02  0.2533E-01  0.4486E-01  0.4187E-02  0.8185E-02  0.5111E-02  0.2052E-01  0.1153E-01  0.1421E-01  0.1231E-01  0.2179E-01  0.2563E-02  0.5508E-02
      6.457  0.1260E-01  0.5232E-01  0.1303E-01  0.4889E-01  0.1155E-01  0.1495E-01  0.2555E-01  0.6208E-01  0.3861E-02  0.1046E-01  0.4911E-02  0.2782E-01  0.1115E-01  0.2228E-01  0.1161E-01  0.3427E-01  0.2392E-02  0.7604E-02
      6.467  0.1252E-01  0.6267E-01  0.1427E-01  0.7031E-01  0.1365E-01  0.2630E-01  0.2653E-01  0.7061E-01  0.3595E-02  0.1151E-01  0.4976E-02  0.3165E-01  0.1077E-01  0.3030E-01  0.1121E-01  0.5183E-01  0.2371E-02  0.1166E-01
      6.477  0.1327E-01  0.4025E-01  0.1527E-01  0.5079E-01  0.1585E-01  0.2446E-01  0.2816E-01  0.4778E-01  0.3528E-02  0.8655E-02  0.5389E-02  0.3065E-01  0.1067E-01  0.1951E-01  0.1100E-01  0.2377E-01  0.2911E-02  0.7499E-02
      6.487  0.1450E-01  0.2580E-01  0.1676E-01  0.3766E-01  0.1740E-01  0.2427E-01  0.2931E-01  0.3423E-01  0.3454E-02  0.8023E-02  0.5928E-02  0.2792E-01  0.1097E-01  0.1419E-01  0.1053E-01  0.9958E-02  0.3413E-02  0.5531E-02
      6.497  0.1451E-01  0.9857E-02  0.1710E-01  0.1644E-01  0.1773E-01  0.6562E-02  0.2601E-01  0.1542E-01  0.3014E-02  0.4237E-02  0.6105E-02  0.7953E-02  0.1121E-01  0.5902E-02  0.8457E-02  0.5790E-02  0.3276E-02  0.3013E-02
      6.507  0.1301E-01  0.1084E-01  0.1595E-01  0.1746E-01  0.1459E-01  0.8320E-02  0.2254E-01  0.1741E-01  0.2701E-02  0.5925E-02  0.5760E-02  0.8896E-02  0.1042E-01  0.7081E-02  0.6498E-02  0.7259E-02  0.2743E-02  0.4058E-02
      6.517  0.1108E-01  0.1534E-01  0.1482E-01  0.2333E-01  0.1130E-01  0.1302E-01  0.1924E-01  0.2301E-01  0.2407E-02  0.7784E-02  0.5304E-02  0.1179E-01  0.9467E-02  0.1066E-01  0.4750E-02  0.1064E-01  0.2106E-02  0.5913E-02
      6.527  0.1033E-01  0.1861E-01  0.1446E-01  0.2937E-01  0.9343E-02  0.1673E-01  0.1687E-01  0.2484E-01  0.2262E-02  0.8218E-02  0.4959E-02  0.1526E-01  0.9029E-02  0.1368E-01  0.4012E-02  0.1114E-01  0.1798E-02  0.7489E-02
      6.537  0.1003E-01  0.2215E-01  0.1427E-01  0.4090E-01  0.8483E-02  0.2145E-01  0.1573E-01  0.3111E-01  0.2272E-02  0.9180E-02  0.4724E-02  0.2108E-01  0.8756E-02  0.1648E-01  0.3318E-02  0.1357E-01  0.1613E-02  0.1010E-01
      6.547  0.9371E-02  0.2475E-01  0.1390E-01  0.4633E-01  0.7648E-02  0.2412E-01  0.1468E-01  0.3557E-01  0.2272E-02  0.9077E-02  0.4702E-02  0.2388E-01  0.8135E-02  0.1685E-01  0.2772E-02  0.1514E-01  0.1470E-02  0.1039E-01
      6.557  0.8622E-02  0.1845E-01  0.1379E-01  0.1209E-01  0.7054E-02  0.1277E-01  0.1381E-01  0.2343E-01  0.2254E-02  0.3464E-02  0.4885E-02  0.8242E-02  0.7504E-02  0.1359E-01  0.2502E-02  0.9884E-02  0.1369E-02  0.5142E-02
      6.567  0.7923E-02  0.2302E-01  0.1379E-01  0.1510E-01  0.6750E-02  0.1630E-01  0.1345E-01  0.2998E-01  0.2241E-02  0.3979E-02  0.5045E-02  0.1180E-01  0.6932E-02  0.1659E-01  0.2733E-02  0.1353E-01  0.1293E-02  0.6710E-02
      6.577  0.7604E-02  0.1728E-01  0.1430E-01  0.1137E-01  0.7114E-02  0.1024E-01  0.1327E-01  0.2021E-01  0.2222E-02  0.2655E-02  0.5476E-02  0.7657E-02  0.6878E-02  0.1676E-01  0.3020E-02  0.6807E-02  0.1341E-02  0.4555E-02
      6.587  0.7541E-02  0.2072E-01  0.1482E-01  0.1362E-01  0.7804E-02  0.1227E-01  0.1323E-01  0.2396E-01  0.2230E-02  0.3157E-02  0.6044E-02  0.9406E-02  0.7104E-02  0.2011E-01  0.3354E-02  0.8342E-02  0.1461E-02  0.5315E-02
      6.597  0.7441E-02  0.2425E-01  0.1515E-01  0.1593E-01  0.8487E-02  0.1434E-01  0.1313E-01  0.2777E-01  0.2226E-02  0.3651E-02  0.6539E-02  0.1124E-01  0.7331E-02  0.2359E-01  0.3680E-02  0.9948E-02  0.1580E-02  0.6031E-02
      6.607  0.6696E-02  0.3608E-01  0.1445E-01  0.2638E-01  0.1099E-01  0.2352E-01  0.1292E-01  0.4477E-01  0.2115E-02  0.1091E-01  0.6670E-02  0.1917E-01  0.7436E-02  0.3535E-01  0.3914E-02  0.2050E-01  0.1915E-02  0.1081E-01
      6.617  0.7409E-02  0.5058E-01  0.1589E-01  0.4895E-01  0.1510E-01  0.3635E-01  0.1570E-01  0.7411E-01  0.2317E-02  0.1815E-01  0.7073E-02  0.3360E-01  0.8242E-02  0.4887E-01  0.4952E-02  0.3989E-01  0.2634E-02  0.2103E-01
      6.627  0.8691E-02  0.5645E-01  0.1821E-01  0.5734E-01  0.2070E-01  0.3778E-01  0.1996E-01  0.5411E-01  0.2604E-02  0.1351E-01  0.8125E-02  0.2823E-01  0.1021E-01  0.5625E-01  0.6429E-02  0.3747E-01  0.3598E-02  0.1667E-01
      6.637  0.9935E-02  0.1847E-01  0.1862E-01  0.1679E-01  0.2401E-01  0.1131E-01  0.2200E-01  0.1373E-01  0.2441E-02  0.4796E-02  0.9239E-02  0.8711E-02  0.1243E-01  0.1998E-01  0.6942E-02  0.8852E-02  0.4146E-02  0.6430E-02
      6.647  0.6876E-02  0.8617E-02  0.1184E-01  0.7828E-02  0.1737E-01  0.5038E-02  0.1300E-01  0.6490E-02  0.1329E-02  0.2653E-02  0.5531E-02  0.4469E-02  0.7912E-02  0.9365E-02  0.4048E-02  0.4188E-02  0.2705E-02  0.3679E-02
      6.657  0.3677E-02  0.2968E-02  0.3741E-02  0.3539E-02  0.4401E-02  0.3036E-02  0.3065E-02  0.2580E-02  0.4215E-03  0.1138E-02  0.4999E-03  0.3821E-02  0.3420E-02  0.6326E-02  0.1224E-02  0.1880E-02  0.3627E-03  0.1070E-02
      6.667  0.4087E-02  0.4770E-02  0.3907E-02  0.6759E-02  0.4684E-02  0.7308E-02  0.3264E-02  0.4495E-02  0.4810E-03  0.1723E-02  0.5237E-03  0.8042E-02  0.3936E-02  0.1379E-01  0.1233E-02  0.3550E-02  0.3858E-03  0.1646E-02
      6.677  0.4443E-02  0.6532E-02  0.4054E-02  0.9860E-02  0.5118E-02  0.1099E-01  0.3961E-02  0.6434E-02  0.5881E-03  0.2364E-02  0.7831E-03  0.1178E-01  0.4436E-02  0.1975E-01  0.1329E-02  0.5165E-02  0.5418E-03  0.2263E-02
      6.687  0.4875E-02  0.1217E-01  0.4281E-02  0.3276E-01  0.5662E-02  0.1900E-01  0.5078E-02  0.1957E-01  0.7219E-03  0.5335E-02  0.1214E-02  0.2594E-01  0.4975E-02  0.3485E-01  0.1501E-02  0.2058E-01  0.7985E-03  0.6422E-02
      6.697  0.5304E-02  0.2421E-01  0.4543E-02  0.7131E-01  0.6195E-02  0.3729E-01  0.6305E-02  0.5038E-01  0.8507E-03  0.1129E-01  0.1660E-02  0.9222E-01  0.5507E-02  0.5717E-01  0.1687E-02  0.4892E-01  0.1060E-02  0.1176E-01
      6.707  0.5731E-02  0.2152E-01  0.4841E-02  0.5491E-01  0.6717E-02  0.3623E-01  0.7642E-02  0.4338E-01  0.9745E-03  0.1005E-01  0.2122E-02  0.6887E-01  0.6033E-02  0.5094E-01  0.1890E-02  0.5034E-01  0.1327E-02  0.9783E-02
      6.717  0.7782E-02  0.4646E-02  0.7045E-02  0.1064E-01  0.8961E-02  0.9057E-02  0.1438E-01  0.7335E-02  0.1645E-02  0.1599E-02  0.3650E-02  0.5988E-02  0.8138E-02  0.9294E-02  0.2780E-02  0.1256E-01  0.2137E-02  0.3276E-02
      6.727  0.9179E-02  0.4554E-02  0.8589E-02  0.1191E-01  0.1095E-01  0.1024E-01  0.1969E-01  0.5361E-02  0.2129E-02  0.1414E-02  0.4808E-02  0.5818E-02  0.9797E-02  0.7561E-02  0.3558E-02  0.1419E-01  0.2675E-02  0.3275E-02
      6.737  0.1049E-01  0.3900E-02  0.1011E-01  0.6315E-02  0.1349E-01  0.5773E-02  0.2220E-01  0.2315E-02  0.2446E-02  0.8242E-03  0.5332E-02  0.2837E-02  0.1161E-01  0.2907E-02  0.4431E-02  0.6724E-02  0.2799E-02  0.1821E-02
      6.747  0.1432E-01  0.5103E-02  0.1266E-01  0.1236E-02  0.1851E-01  0.3934E-02  0.2734E-01  0.4148E-02  0.3058E-02  0.8093E-03  0.6090E-02  0.1891E-02  0.1694E-01  0.6963E-03  0.7077E-02  0.1436E-02  0.3421E-02  0.1206E-02
      6.757  0.1145E-01  0.7102E-02  0.1004E-01  0.2971E-02  0.1589E-01  0.9803E-02  0.2377E-01  0.8289E-02  0.3204E-02  0.1184E-02  0.6078E-02  0.3809E-02  0.1356E-01  0.1411E-02  0.5168E-02  0.2791E-02  0.2741E-02  0.1639E-02
      6.767  0.1126E-01  0.9710E-02  0.1018E-01  0.5111E-02  0.1693E-01  0.1739E-01  0.2512E-01  0.1178E-01  0.3294E-02  0.1605E-02  0.6157E-02  0.6036E-02  0.1335E-01  0.2345E-02  0.5752E-02  0.4618E-02  0.2523E-02  0.2121E-02
      6.777  0.1111E-01  0.1220E-01  0.1022E-01  0.7733E-02  0.1801E-01  0.2616E-01  0.2674E-01  0.1262E-01  0.3360E-02  0.1941E-02  0.6158E-02  0.8507E-02  0.1319E-01  0.3504E-02  0.6360E-02  0.6647E-02  0.2282E-02  0.2530E-02
      6.787  0.9756E-02  0.1291E-01  0.7208E-02  0.8597E-02  0.1539E-01  0.3083E-01  0.9459E-02  0.1213E-01  0.2174E-02  0.2054E-02  0.4163E-02  0.9643E-02  0.9558E-02  0.3981E-02  0.5321E-02  0.7256E-02  0.1718E-02  0.2501E-02
      6.797  0.9765E-02  0.1172E-01  0.6943E-02  0.8954E-02  0.1693E-01  0.3276E-01  0.6839E-02  0.1167E-01  0.1743E-02  0.1940E-02  0.3647E-02  0.1052E-01  0.9389E-02  0.4231E-02  0.5552E-02  0.7790E-02  0.1629E-02  0.2573E-02
      6.807  0.8491E-02  0.1505E-01  0.6507E-02  0.1049E-01  0.1609E-01  0.3613E-01  0.5200E-02  0.1195E-01  0.1206E-02  0.1882E-02  0.3323E-02  0.1227E-01  0.8080E-02  0.6717E-02  0.3602E-02  0.9453E-02  0.1273E-02  0.2980E-02
      6.817  0.7292E-02  0.1990E-01  0.6252E-02  0.1200E-01  0.1287E-01  0.3704E-01  0.3826E-02  0.1265E-01  0.1047E-02  0.1648E-02  0.3046E-02  0.1084E-01  0.6530E-02  0.7621E-02  0.2717E-02  0.8551E-02  0.9713E-03  0.2370E-02
      6.827  0.5627E-02  0.2630E-01  0.5525E-02  0.1383E-01  0.9871E-02  0.4328E-01  0.3005E-02  0.1350E-01  0.1027E-02  0.1780E-02  0.2922E-02  0.1137E-01  0.4738E-02  0.9364E-02  0.2639E-02  0.9191E-02  0.8481E-03  0.2372E-02
      6.837  0.3687E-02  0.3148E-01  0.4607E-02  0.1532E-01  0.7094E-02  0.5009E-01  0.2256E-02  0.1435E-01  0.1023E-02  0.1928E-02  0.2846E-02  0.1195E-01  0.2926E-02  0.1077E-01  0.2554E-02  0.9925E-02  0.7546E-03  0.2384E-02
      6.847  0.2969E-02  0.3542E-01  0.4380E-02  0.1646E-01  0.6251E-02  0.5746E-01  0.2043E-02  0.1519E-01  0.9750E-03  0.2093E-02  0.2737E-02  0.1257E-01  0.2403E-02  0.1183E-01  0.2433E-02  0.1075E-01  0.7059E-03  0.2404E-02
      6.857  0.2761E-02  0.3813E-01  0.4476E-02  0.1726E-01  0.6076E-02  0.6540E-01  0.2025E-02  0.1603E-01  0.9364E-03  0.2275E-02  0.2656E-02  0.1324E-01  0.2344E-02  0.1255E-01  0.2325E-02  0.1167E-01  0.6713E-03  0.2433E-02
      6.867  0.2556E-02  0.2888E-01  0.4586E-02  0.1472E-01  0.5888E-02  0.5650E-01  0.2009E-02  0.1323E-01  0.9002E-03  0.1998E-02  0.2579E-02  0.1253E-01  0.2288E-02  0.1035E-01  0.2221E-02  0.1083E-01  0.6342E-03  0.2183E-02
      6.877  0.2354E-02  0.1791E-01  0.4710E-02  0.1195E-01  0.5689E-02  0.4517E-01  0.1996E-02  0.1246E-01  0.8664E-03  0.2049E-02  0.2506E-02  0.1174E-01  0.2236E-02  0.9103E-02  0.2122E-02  0.1197E-01  0.5945E-03  0.2272E-02
      6.887  0.4235E-02  0.9529E-02  0.8809E-02  0.1101E-01  0.1859E-01  0.3789E-01  0.4751E-02  0.1364E-01  0.1230E-02  0.2745E-02  0.2485E-02  0.1248E-01  0.3993E-02  0.8654E-02  0.2714E-02  0.1183E-01  0.7996E-03  0.2550E-02
      6.897  0.5322E-02  0.5538E-02  0.9324E-02  0.1225E-01  0.1890E-01  0.2538E-01  0.5402E-02  0.1382E-01  0.1345E-02  0.3314E-02  0.2556E-02  0.1329E-01  0.4467E-02  0.8500E-02  0.2823E-02  0.1145E-01  0.7870E-03  0.2349E-02
      6.907  0.6509E-02  0.3610E-02  0.9830E-02  0.1317E-01  0.1910E-01  0.2033E-01  0.6039E-02  0.1408E-01  0.1464E-02  0.3795E-02  0.2634E-02  0.1343E-01  0.4943E-02  0.8663E-02  0.2936E-02  0.1094E-01  0.7727E-03  0.2262E-02
      6.917  0.7821E-02  0.4960E-02  0.1036E-01  0.1634E-01  0.1927E-01  0.2281E-01  0.6671E-02  0.3130E-01  0.1597E-02  0.5720E-02  0.2754E-02  0.1505E-01  0.5440E-02  0.1120E-01  0.3094E-02  0.1091E-01  0.7699E-03  0.2704E-02
      6.927  0.9274E-02  0.5215E-02  0.1095E-01  0.1694E-01  0.1946E-01  0.2156E-01  0.7302E-02  0.3054E-01  0.1755E-02  0.5667E-02  0.2943E-02  0.1288E-01  0.5972E-02  0.1072E-01  0.3325E-02  0.9830E-02  0.7894E-03  0.2593E-02
      6.937  0.9331E-02  0.5700E-02  0.1073E-01  0.1790E-01  0.1867E-01  0.2063E-01  0.7635E-02  0.2817E-01  0.1826E-02  0.5441E-02  0.3041E-02  0.1058E-01  0.6099E-02  0.1025E-01  0.3458E-02  0.8738E-02  0.7810E-03  0.2572E-02
      6.947  0.7914E-02  0.7057E-02  0.9835E-02  0.2032E-01  0.1636E-01  0.2107E-01  0.7332E-02  0.2618E-01  0.1722E-02  0.5420E-02  0.3046E-02  0.8673E-02  0.5500E-02  0.1062E-01  0.3336E-02  0.7826E-02  0.7223E-03  0.2919E-02
      6.957  0.7875E-02  0.8382E-02  0.9818E-02  0.2309E-01  0.1568E-01  0.2166E-01  0.7382E-02  0.2394E-01  0.1673E-02  0.5345E-02  0.3088E-02  0.6925E-02  0.5354E-02  0.1093E-01  0.3294E-02  0.6936E-02  0.7234E-03  0.3279E-02
      6.967  0.7767E-02  0.1010E-01  0.9785E-02  0.2712E-01  0.1496E-01  0.2319E-01  0.7359E-02  0.2227E-01  0.1614E-02  0.5460E-02  0.3147E-02  0.5818E-02  0.5190E-02  0.1167E-01  0.3243E-02  0.6187E-02  0.7282E-03  0.3944E-02
      6.977  0.7590E-02  0.1063E-01  0.9735E-02  0.2782E-01  0.1418E-01  0.2572E-01  0.7263E-02  0.1750E-01  0.1543E-02  0.4098E-02  0.3222E-02  0.5482E-02  0.5009E-02  0.1086E-01  0.3181E-02  0.5207E-02  0.7369E-03  0.4322E-02
      6.987  0.8622E-02  0.1267E-01  0.1091E-01  0.3420E-01  0.1433E-01  0.2811E-01  0.8286E-02  0.1704E-01  0.1917E-02  0.4533E-02  0.3541E-02  0.5635E-02  0.5188E-02  0.1207E-01  0.3539E-02  0.4969E-02  0.1159E-02  0.5475E-02
      6.997  0.4596E-02  0.1419E-01  0.8228E-02  0.3741E-01  0.1022E-01  0.2440E-01  0.5333E-02  0.1640E-01  0.9945E-03  0.5270E-02  0.3167E-02  0.5455E-02  0.3692E-02  0.1351E-01  0.2351E-02  0.4762E-02  0.4359E-03  0.6959E-02
      7.007  0.4022E-02  0.1483E-01  0.7950E-02  0.3658E-01  0.9480E-02  0.2101E-01  0.5032E-02  0.1508E-01  0.9029E-03  0.5881E-02  0.3212E-02  0.5060E-02  0.3362E-02  0.1473E-01  0.2251E-02  0.4459E-02  0.4121E-03  0.7651E-02
      7.017  0.3466E-02  0.8654E-02  0.7456E-02  0.1482E-01  0.8592E-02  0.9152E-02  0.4614E-02  0.1286E-01  0.8008E-03  0.4349E-02  0.3124E-02  0.3335E-02  0.2983E-02  0.8478E-02  0.2072E-02  0.3330E-02  0.3742E-03  0.4632E-02
      7.027  0.2927E-02  0.8052E-02  0.6110E-02  0.1000E-01  0.7084E-02  0.6955E-02  0.3765E-02  0.1882E-01  0.6864E-03  0.4953E-02  0.2582E-02  0.3203E-02  0.2470E-02  0.7210E-02  0.1686E-02  0.2963E-02  0.2984E-03  0.4686E-02
      7.037  0.2564E-02  0.1113E-01  0.4857E-02  0.1288E-01  0.5899E-02  0.7323E-02  0.3053E-02  0.4174E-01  0.6799E-03  0.6516E-02  0.2205E-02  0.4173E-02  0.2239E-02  0.1107E-01  0.1563E-02  0.3431E-02  0.2641E-03  0.6373E-02
      7.047  0.2243E-02  0.1289E-01  0.3640E-02  0.1438E-01  0.4813E-02  0.8227E-02  0.2345E-02  0.4398E-01  0.6628E-03  0.7215E-02  0.1843E-02  0.4694E-02  0.2023E-02  0.1379E-01  0.1461E-02  0.3914E-02  0.2372E-03  0.7232E-02
      7.057  0.2259E-02  0.1233E-01  0.3222E-02  0.1362E-01  0.4628E-02  0.8182E-02  0.2219E-02  0.3417E-01  0.7188E-03  0.6750E-02  0.1612E-02  0.4534E-02  0.2172E-02  0.1344E-01  0.1517E-02  0.4118E-02  0.2568E-03  0.7145E-02
      7.067  0.2300E-02  0.1173E-01  0.2830E-02  0.1257E-01  0.4453E-02  0.7809E-02  0.2084E-02  0.2480E-01  0.7550E-03  0.6343E-02  0.1383E-02  0.4137E-02  0.2298E-02  0.1213E-01  0.1560E-02  0.4442E-02  0.2757E-03  0.6574E-02
      7.077  0.2328E-02  0.1365E-01  0.2784E-02  0.1371E-01  0.4661E-02  0.8527E-02  0.2247E-02  0.2401E-01  0.8285E-03  0.6555E-02  0.1212E-02  0.4142E-02  0.2445E-02  0.1245E-01  0.1532E-02  0.5103E-02  0.2965E-03  0.6509E-02
      7.087  0.2224E-02  0.2930E-01  0.2883E-02  0.2489E-01  0.4884E-02  0.1452E-01  0.2500E-02  0.4530E-01  0.9072E-03  0.1002E-01  0.1107E-02  0.5937E-02  0.2479E-02  0.1753E-01  0.1472E-02  0.8282E-02  0.3021E-03  0.9311E-02
      7.097  0.1909E-02  0.3327E-01  0.2743E-02  0.2739E-01  0.4426E-02  0.1608E-01  0.2188E-02  0.5171E-01  0.7750E-03  0.1086E-01  0.9238E-03  0.6459E-02  0.2209E-02  0.1950E-01  0.1373E-02  0.1055E-01  0.2813E-03  0.1028E-01
      7.107  0.2289E-02  0.4499E-01  0.3092E-02  0.2505E-01  0.4906E-02  0.1069E-01  0.2213E-02  0.7161E-01  0.7597E-03  0.6936E-02  0.9638E-03  0.6872E-02  0.2346E-02  0.1709E-01  0.1489E-02  0.9422E-02  0.4005E-03  0.1005E-01
      7.117  0.3179E-02  0.1146E-01  0.4190E-02  0.1866E-01  0.6221E-02  0.5294E-02  0.2736E-02  0.4404E-01  0.8931E-03  0.5088E-02  0.1220E-02  0.5492E-02  0.2863E-02  0.1347E-01  0.1877E-02  0.5372E-02  0.7181E-03  0.4136E-02
      7.127  0.3819E-02  0.8839E-02  0.5077E-02  0.1385E-01  0.7080E-02  0.5858E-02  0.3100E-02  0.2597E-01  0.1007E-02  0.3672E-02  0.1397E-02  0.4005E-02  0.3264E-02  0.1187E-01  0.2197E-02  0.3710E-02  0.1002E-02  0.3283E-02
      7.137  0.3722E-02  0.8522E-02  0.5286E-02  0.1206E-01  0.7009E-02  0.6242E-02  0.2964E-02  0.1427E-01  0.9498E-03  0.2801E-02  0.1367E-02  0.4050E-02  0.3209E-02  0.1142E-01  0.2155E-02  0.3429E-02  0.9561E-03  0.3465E-02
      7.147  0.3626E-02  0.9178E-02  0.5488E-02  0.1312E-01  0.6934E-02  0.6971E-02  0.2834E-02  0.1430E-01  0.8924E-03  0.2975E-02  0.1336E-02  0.4421E-02  0.3154E-02  0.1250E-01  0.2115E-02  0.3912E-02  0.9148E-03  0.3690E-02
      7.157  0.3584E-02  0.9768E-02  0.5787E-02  0.1397E-01  0.7017E-02  0.7555E-02  0.2711E-02  0.1436E-01  0.8377E-03  0.3056E-02  0.1316E-02  0.4588E-02  0.3146E-02  0.1293E-01  0.2079E-02  0.4194E-02  0.8855E-03  0.3773E-02
      7.167  0.3622E-02  0.1012E-01  0.6282E-02  0.1413E-01  0.7391E-02  0.7760E-02  0.2593E-02  0.1408E-01  0.7886E-03  0.2915E-02  0.1305E-02  0.4217E-02  0.3225E-02  0.1144E-01  0.2023E-02  0.4039E-02  0.8863E-03  0.3544E-02
      7.177  0.3462E-02  0.1116E-01  0.6646E-02  0.1547E-01  0.7695E-02  0.8918E-02  0.2517E-02  0.1379E-01  0.7667E-03  0.2844E-02  0.1276E-02  0.4104E-02  0.3264E-02  0.1126E-01  0.1822E-02  0.3995E-02  0.9635E-03  0.3611E-02
      7.187  0.3548E-02  0.1269E-01  0.7190E-02  0.1792E-01  0.8271E-02  0.1071E-01  0.2475E-02  0.1367E-01  0.7468E-03  0.2864E-02  0.1281E-02  0.4278E-02  0.3387E-02  0.1231E-01  0.1662E-02  0.4099E-02  0.1070E-02  0.3866E-02
      7.198  0.3883E-02  0.1440E-01  0.7851E-02  0.2098E-01  0.8991E-02  0.1232E-01  0.2463E-02  0.1381E-01  0.7374E-03  0.3209E-02  0.1311E-02  0.4446E-02  0.3586E-02  0.1422E-01  0.1538E-02  0.4348E-02  0.1183E-02  0.4117E-02
      7.208  0.4427E-02  0.1524E-01  0.8604E-02  0.2214E-01  0.1068E-01  0.1233E-01  0.2512E-02  0.1375E-01  0.8040E-03  0.3870E-02  0.1484E-02  0.4536E-02  0.4032E-02  0.1621E-01  0.1441E-02  0.4690E-02  0.1275E-02  0.4314E-02
      7.218  0.3932E-02  0.1506E-01  0.8073E-02  0.1983E-01  0.9982E-02  0.1015E-01  0.2405E-02  0.1338E-01  0.7668E-03  0.4263E-02  0.1353E-02  0.4519E-02  0.3568E-02  0.1772E-01  0.1283E-02  0.4838E-02  0.1137E-02  0.4204E-02
      7.228  0.3481E-02  0.1445E-01  0.7544E-02  0.1948E-01  0.9283E-02  0.1024E-01  0.2296E-02  0.1352E-01  0.7270E-03  0.4608E-02  0.1234E-02  0.4242E-02  0.3117E-02  0.1987E-01  0.1127E-02  0.4883E-02  0.1006E-02  0.3745E-02
      7.238  0.3073E-02  0.1855E-01  0.7016E-02  0.2136E-01  0.8584E-02  0.9471E-02  0.2183E-02  0.1369E-01  0.6846E-03  0.3521E-02  0.1127E-02  0.4570E-02  0.2680E-02  0.2022E-01  0.9724E-03  0.5074E-02  0.8808E-03  0.2889E-02
      7.248  0.2709E-02  0.2676E-01  0.6565E-02  0.2668E-01  0.7988E-02  0.8966E-02  0.2114E-02  0.1420E-01  0.6544E-03  0.2654E-02  0.1059E-02  0.5154E-02  0.2408E-02  0.1950E-01  0.8664E-03  0.5422E-02  0.8165E-03  0.2559E-02
      7.258  0.1739E-02  0.1536E-01  0.4918E-02  0.1177E-01  0.6246E-02  0.5988E-02  0.1846E-02  0.1017E-01  0.5366E-03  0.2085E-02  0.9749E-03  0.3431E-02  0.1884E-02  0.1502E-01  0.7313E-03  0.2612E-02  0.7024E-03  0.1805E-02
      7.268  0.1665E-02  0.1207E-01  0.4610E-02  0.1003E-01  0.6250E-02  0.4649E-02  0.1853E-02  0.7938E-02  0.5053E-03  0.1859E-02  0.1037E-02  0.2473E-02  0.1911E-02  0.1047E-01  0.6664E-03  0.2274E-02  0.6929E-03  0.1503E-02
      7.278  0.1752E-02  0.1074E-01  0.4514E-02  0.9109E-02  0.6446E-02  0.4289E-02  0.1903E-02  0.7052E-02  0.4885E-03  0.1770E-02  0.1111E-02  0.2260E-02  0.2005E-02  0.9441E-02  0.6133E-03  0.2334E-02  0.6951E-03  0.1431E-02
      7.288  0.2584E-02  0.9512E-02  0.4882E-02  0.8204E-02  0.7069E-02  0.3969E-02  0.2262E-02  0.6234E-02  0.5709E-03  0.1688E-02  0.1278E-02  0.2071E-02  0.2252E-02  0.8494E-02  0.6154E-03  0.2384E-02  0.6848E-03  0.1365E-02
      7.298  0.3686E-02  0.8459E-02  0.4882E-02  0.7360E-02  0.6638E-02  0.3704E-02  0.2680E-02  0.5649E-02  0.6858E-03  0.1626E-02  0.1482E-02  0.1913E-02  0.2391E-02  0.7638E-02  0.6358E-03  0.2431E-02  0.6068E-03  0.1326E-02
      7.308  0.4898E-02  0.7554E-02  0.4879E-02  0.6560E-02  0.6160E-02  0.3487E-02  0.3190E-02  0.5237E-02  0.8216E-03  0.1580E-02  0.1701E-02  0.1782E-02  0.2592E-02  0.6870E-02  0.6717E-03  0.2472E-02  0.5759E-03  0.1309E-02
      7.318  0.5942E-02  0.6725E-02  0.8164E-02  0.5793E-02  0.8764E-02  0.3365E-02  0.6005E-02  0.4963E-02  0.1145E-02  0.1541E-02  0.2557E-02  0.1707E-02  0.4684E-02  0.6344E-02  0.1553E-02  0.2520E-02  0.9117E-03  0.1298E-02
      7.328  0.5042E-02  0.6129E-02  0.8021E-02  0.5507E-02  0.9530E-02  0.3897E-02  0.5273E-02  0.5187E-02  0.1179E-02  0.1559E-02  0.2300E-02  0.1890E-02  0.4522E-02  0.7289E-02  0.1698E-02  0.2829E-02  0.9395E-03  0.1470E-02
      7.338  0.4343E-02  0.8189E-02  0.7686E-02  0.9545E-02  0.9968E-02  0.8568E-02  0.4693E-02  0.7302E-02  0.1212E-02  0.2232E-02  0.2082E-02  0.3529E-02  0.4385E-02  0.1940E-01  0.1900E-02  0.4960E-02  0.9755E-03  0.3263E-02
      7.348  0.3314E-02  0.1277E-01  0.6154E-02  0.1930E-01  0.8697E-02  0.1382E-01  0.3908E-02  0.9742E-02  0.1076E-02  0.3325E-02  0.1804E-02  0.5838E-02  0.3620E-02  0.4878E-01  0.1753E-02  0.6176E-02  0.8908E-03  0.4522E-02
      7.358  0.2784E-02  0.8866E-02  0.5026E-02  0.1312E-01  0.7682E-02  0.1009E-01  0.3351E-02  0.7078E-02  0.9703E-03  0.3207E-02  0.1627E-02  0.5733E-02  0.3087E-02  0.2089E-01  0.1612E-02  0.4481E-02  0.8370E-03  0.2614E-02
      7.368  0.2300E-02  0.7129E-02  0.4046E-02  0.1158E-01  0.6614E-02  0.6865E-02  0.2798E-02  0.5792E-02  0.8596E-03  0.2551E-02  0.1430E-02  0.3750E-02  0.2613E-02  0.1694E-01  0.1448E-02  0.3233E-02  0.7753E-03  0.1877E-02
      7.378  0.1856E-02  0.6888E-02  0.3237E-02  0.1070E-01  0.5572E-02  0.6498E-02  0.2246E-02  0.6349E-02  0.7475E-03  0.2477E-02  0.1228E-02  0.3397E-02  0.2199E-02  0.1446E-01  0.1257E-02  0.3395E-02  0.7079E-03  0.1718E-02
      7.388  0.1430E-02  0.7289E-02  0.2483E-02  0.1191E-01  0.4559E-02  0.6586E-02  0.1715E-02  0.6909E-02  0.6385E-03  0.2307E-02  0.1035E-02  0.3210E-02  0.1806E-02  0.1772E-01  0.1068E-02  0.3677E-02  0.6406E-03  0.1731E-02
      7.398  0.1113E-02  0.8267E-02  0.1928E-02  0.1304E-01  0.3913E-02  0.6946E-02  0.1366E-02  0.7644E-02  0.5445E-03  0.2246E-02  0.9246E-03  0.3129E-02  0.1494E-02  0.2238E-01  0.9069E-03  0.4037E-02  0.5897E-03  0.1950E-02
      7.408  0.8182E-03  0.8462E-02  0.1442E-02  0.1072E-01  0.3265E-02  0.6983E-02  0.1027E-02  0.6089E-02  0.4526E-03  0.2185E-02  0.8163E-03  0.2830E-02  0.1192E-02  0.1756E-01  0.7418E-03  0.3218E-02  0.5294E-03  0.2157E-02
      7.418  0.7571E-03  0.8630E-02  0.1421E-02  0.1037E-01  0.3005E-02  0.6949E-02  0.8188E-03  0.5802E-02  0.4143E-03  0.2218E-02  0.7507E-03  0.2790E-02  0.1084E-02  0.1562E-01  0.6816E-03  0.3120E-02  0.5242E-03  0.2441E-02
      7.428  0.9380E-03  0.6591E-02  0.1816E-02  0.8391E-02  0.3150E-02  0.5043E-02  0.7679E-03  0.4341E-02  0.4345E-03  0.1779E-02  0.7312E-03  0.2123E-02  0.1168E-02  0.1113E-01  0.7138E-03  0.2390E-02  0.5662E-03  0.1820E-02
      7.438  0.1162E-02  0.4755E-02  0.2327E-02  0.6569E-02  0.3417E-02  0.3133E-02  0.8224E-03  0.3299E-02  0.4830E-03  0.1318E-02  0.7622E-03  0.1491E-02  0.1348E-02  0.7212E-02  0.8413E-03  0.1832E-02  0.6180E-03  0.1232E-02
      7.448  0.2988E-02  0.4709E-02  0.3768E-02  0.5912E-02  0.4118E-02  0.3134E-02  0.1272E-02  0.3323E-02  0.7110E-03  0.1324E-02  0.9519E-03  0.1440E-02  0.2127E-02  0.6147E-02  0.1071E-02  0.1824E-02  0.7136E-03  0.1259E-02
      7.458  0.5094E-02  0.4818E-02  0.5416E-02  0.5473E-02  0.4912E-02  0.3211E-02  0.1854E-02  0.3647E-02  0.1002E-02  0.1376E-02  0.1173E-02  0.1478E-02  0.3044E-02  0.5788E-02  0.1309E-02  0.1866E-02  0.8189E-03  0.1329E-02
      7.468  0.1122E-01  0.4626E-02  0.8335E-02  0.5355E-02  0.1110E-01  0.3510E-02  0.3506E-02  0.4024E-02  0.1673E-02  0.1472E-02  0.2031E-02  0.1504E-02  0.7752E-02  0.5344E-02  0.2428E-02  0.1947E-02  0.1197E-02  0.1313E-02
      7.478  0.4717E-02  0.4756E-02  0.6358E-02  0.5521E-02  0.6966E-02  0.4288E-02  0.2362E-02  0.4464E-02  0.1153E-02  0.1638E-02  0.1411E-02  0.1638E-02  0.5129E-02  0.5919E-02  0.1662E-02  0.2080E-02  0.1337E-02  0.1269E-02
      7.488  0.4254E-02  0.5063E-02  0.5961E-02  0.5696E-02  0.6099E-02  0.5103E-02  0.2253E-02  0.4540E-02  0.1102E-02  0.1729E-02  0.1278E-02  0.1836E-02  0.4314E-02  0.7349E-02  0.1526E-02  0.2086E-02  0.1207E-02  0.1242E-02
      7.498  0.3822E-02  0.5892E-02  0.5519E-02  0.6030E-02  0.5339E-02  0.5981E-02  0.2034E-02  0.4911E-02  0.1025E-02  0.2053E-02  0.1134E-02  0.2250E-02  0.3522E-02  0.9389E-02  0.1342E-02  0.2190E-02  0.1009E-02  0.1450E-02
      7.508  0.3835E-02  0.6922E-02  0.5524E-02  0.6070E-02  0.6386E-02  0.6038E-02  0.2235E-02  0.5533E-02  0.1183E-02  0.2746E-02  0.1257E-02  0.2929E-02  0.3390E-02  0.1010E-01  0.1348E-02  0.2295E-02  0.9703E-03  0.2064E-02
      7.518  0.4101E-02  0.5181E-02  0.5894E-02  0.5477E-02  0.8697E-02  0.4813E-02  0.2672E-02  0.4962E-02  0.1523E-02  0.2123E-02  0.1588E-02  0.2359E-02  0.3631E-02  0.7832E-02  0.1448E-02  0.1978E-02  0.1033E-02  0.1563E-02
      7.528  0.4363E-02  0.4321E-02  0.6717E-02  0.4975E-02  0.1100E-01  0.4325E-02  0.3124E-02  0.4832E-02  0.1894E-02  0.1918E-02  0.1999E-02  0.2121E-02  0.4122E-02  0.6760E-02  0.1610E-02  0.1858E-02  0.1216E-02  0.1382E-02
      7.538  0.3811E-02  0.3562E-02  0.5403E-02  0.4494E-02  0.7443E-02  0.4045E-02  0.2664E-02  0.4686E-02  0.1474E-02  0.1726E-02  0.1695E-02  0.1939E-02  0.3461E-02  0.5917E-02  0.1466E-02  0.1743E-02  0.1179E-02  0.1201E-02
      7.548  0.3269E-02  0.2998E-02  0.5050E-02  0.4147E-02  0.5751E-02  0.3672E-02  0.2202E-02  0.4946E-02  0.1274E-02  0.1532E-02  0.1686E-02  0.1809E-02  0.3205E-02  0.5178E-02  0.1385E-02  0.1556E-02  0.1138E-02  0.1063E-02
      7.558  0.2982E-02  0.2457E-02  0.5146E-02  0.3506E-02  0.4779E-02  0.3331E-02  0.2031E-02  0.4211E-02  0.1155E-02  0.1279E-02  0.1731E-02  0.1658E-02  0.3165E-02  0.4214E-02  0.1415E-02  0.1366E-02  0.1123E-02  0.9035E-03
      7.568  0.3252E-02  0.2249E-02  0.6083E-02  0.3096E-02  0.5382E-02  0.3079E-02  0.2669E-02  0.3820E-02  0.1230E-02  0.1138E-02  0.2037E-02  0.1625E-02  0.3535E-02  0.3413E-02  0.1844E-02  0.1231E-02  0.1366E-02  0.7857E-03
      7.578  0.3405E-02  0.2238E-02  0.6698E-02  0.2811E-02  0.5508E-02  0.2834E-02  0.2854E-02  0.3530E-02  0.1313E-02  0.1081E-02  0.2185E-02  0.1662E-02  0.3862E-02  0.2779E-02  0.1960E-02  0.1158E-02  0.1408E-02  0.7250E-03
      7.588  0.3232E-02  0.2430E-02  0.6719E-02  0.2764E-02  0.5023E-02  0.2698E-02  0.2571E-02  0.3395E-02  0.1289E-02  0.1096E-02  0.2113E-02  0.1790E-02  0.3936E-02  0.2551E-02  0.1746E-02  0.1142E-02  0.1279E-02  0.7118E-03
      7.598  0.2632E-02  0.3967E-02  0.5605E-02  0.3593E-02  0.4094E-02  0.3098E-02  0.2117E-02  0.4574E-02  0.1098E-02  0.1483E-02  0.1907E-02  0.2126E-02  0.3490E-02  0.3449E-02  0.1463E-02  0.1519E-02  0.1067E-02  0.9765E-03
      7.608  0.2022E-02  0.4665E-02  0.4292E-02  0.3987E-02  0.3187E-02  0.3615E-02  0.1661E-02  0.5211E-02  0.8722E-03  0.1827E-02  0.1604E-02  0.2524E-02  0.2967E-02  0.4387E-02  0.1230E-02  0.1990E-02  0.8475E-03  0.1230E-02
      7.618  0.2283E-02  0.4688E-02  0.3801E-02  0.4144E-02  0.3054E-02  0.3769E-02  0.1852E-02  0.5478E-02  0.9277E-03  0.1884E-02  0.1680E-02  0.2740E-02  0.4101E-02  0.4655E-02  0.1418E-02  0.2151E-02  0.8297E-03  0.1322E-02
      7.628  0.1164E-02  0.4601E-02  0.2183E-02  0.4253E-02  0.2179E-02  0.3810E-02  0.1221E-02  0.5688E-02  0.6413E-03  0.1859E-02  0.1252E-02  0.2905E-02  0.2311E-02  0.4778E-02  0.7510E-03  0.2224E-02  0.5078E-03  0.1371E-02
      7.638  0.1198E-02  0.4317E-02  0.2198E-02  0.4052E-02  0.2319E-02  0.3726E-02  0.1363E-02  0.5618E-02  0.6477E-03  0.1771E-02  0.1291E-02  0.2928E-02  0.2552E-02  0.4754E-02  0.7829E-03  0.2241E-02  0.5084E-03  0.1362E-02
      7.648  0.1234E-02  0.3722E-02  0.2218E-02  0.3379E-02  0.2454E-02  0.3423E-02  0.1509E-02  0.5074E-02  0.6544E-03  0.1593E-02  0.1329E-02  0.2712E-02  0.2796E-02  0.4495E-02  0.8158E-03  0.2164E-02  0.5082E-03  0.1256E-02
      7.658  0.1773E-02  0.3136E-02  0.2376E-02  0.2777E-02  0.2760E-02  0.3144E-02  0.1870E-02  0.4577E-02  0.7358E-03  0.1426E-02  0.1415E-02  0.2508E-02  0.3419E-02  0.4255E-02  0.9075E-03  0.2074E-02  0.6407E-03  0.1152E-02
      7.668  0.4540E-02  0.2679E-02  0.3673E-02  0.2334E-02  0.4868E-02  0.2863E-02  0.3688E-02  0.3891E-02  0.1271E-02  0.1254E-02  0.2215E-02  0.2127E-02  0.6876E-02  0.4128E-02  0.1456E-02  0.1948E-02  0.1161E-02  0.1026E-02
      7.678  0.3541E-02  0.2054E-02  0.3369E-02  0.1651E-02  0.3186E-02  0.2035E-02  0.2744E-02  0.2201E-02  0.1005E-02  0.9755E-03  0.1419E-02  0.1081E-02  0.4335E-02  0.3648E-02  0.1070E-02  0.1583E-02  0.8260E-03  0.7227E-03
      7.688  0.3552E-02  0.1909E-02  0.3464E-02  0.1656E-02  0.3302E-02  0.2023E-02  0.2913E-02  0.1938E-02  0.1017E-02  0.9297E-03  0.1480E-02  0.9615E-03  0.4481E-02  0.3735E-02  0.1110E-02  0.1533E-02  0.8224E-03  0.6810E-03
      7.698  0.3503E-02  0.2112E-02  0.3567E-02  0.1875E-02  0.3435E-02  0.2304E-02  0.3107E-02  0.2135E-02  0.1026E-02  0.9965E-03  0.1447E-02  0.1095E-02  0.4259E-02  0.4094E-02  0.1084E-02  0.1591E-02  0.8267E-03  0.7457E-03
      7.708  0.3322E-02  0.2132E-02  0.3781E-02  0.1843E-02  0.3457E-02  0.2274E-02  0.3090E-02  0.2187E-02  0.1030E-02  0.9099E-03  0.1410E-02  0.1148E-02  0.3933E-02  0.3800E-02  0.1025E-02  0.1429E-02  0.8161E-03  0.7363E-03
      7.718  0.3001E-02  0.2097E-02  0.4251E-02  0.1815E-02  0.3459E-02  0.2313E-02  0.3134E-02  0.2231E-02  0.1027E-02  0.8706E-03  0.1417E-02  0.1224E-02  0.3609E-02  0.3730E-02  0.9685E-03  0.1387E-02  0.8171E-03  0.7552E-03
      7.728  0.2688E-02  0.2060E-02  0.4523E-02  0.1796E-02  0.3370E-02  0.2363E-02  0.3225E-02  0.2262E-02  0.9779E-03  0.8287E-03  0.1411E-02  0.1307E-02  0.3362E-02  0.3655E-02  0.9375E-03  0.1351E-02  0.7722E-03  0.7711E-03
      7.738  0.2581E-02  0.2022E-02  0.5805E-02  0.1793E-02  0.3776E-02  0.2427E-02  0.3851E-02  0.2288E-02  0.1048E-02  0.7850E-03  0.1548E-02  0.1398E-02  0.3367E-02  0.3577E-02  0.1097E-02  0.1324E-02  0.8841E-03  0.7851E-03
      7.748  0.2328E-02  0.3391E-02  0.5709E-02  0.3751E-02  0.3166E-02  0.4174E-02  0.4387E-02  0.4431E-02  0.9689E-03  0.1118E-02  0.1556E-02  0.3518E-02  0.3319E-02  0.4717E-02  0.1504E-02  0.2129E-02  0.1122E-02  0.1102E-02
      7.758  0.1966E-02  0.2973E-02  0.3670E-02  0.3441E-02  0.2361E-02  0.3563E-02  0.3417E-02  0.4307E-02  0.8101E-03  0.1016E-02  0.1330E-02  0.2828E-02  0.2870E-02  0.4278E-02  0.1375E-02  0.1774E-02  0.8698E-03  0.1001E-02
      7.768  0.1574E-02  0.1846E-02  0.2450E-02  0.2470E-02  0.2135E-02  0.2241E-02  0.2678E-02  0.2990E-02  0.6370E-03  0.6263E-03  0.1065E-02  0.1493E-02  0.1974E-02  0.2911E-02  0.1116E-02  0.1230E-02  0.7143E-03  0.8651E-03
      7.778  0.1697E-02  0.1539E-02  0.2393E-02  0.2702E-02  0.2126E-02  0.1943E-02  0.2736E-02  0.3027E-02  0.6744E-03  0.6080E-03  0.1101E-02  0.1385E-02  0.1857E-02  0.2869E-02  0.1150E-02  0.1142E-02  0.7466E-03  0.8342E-03
      7.788  0.2635E-02  0.1385E-02  0.2966E-02  0.3069E-02  0.2571E-02  0.1756E-02  0.3868E-02  0.3061E-02  0.1074E-02  0.6480E-03  0.1369E-02  0.1323E-02  0.2322E-02  0.3111E-02  0.1625E-02  0.1131E-02  0.1156E-02  0.8553E-03
      7.798  0.3356E-02  0.1579E-02  0.3882E-02  0.3715E-02  0.3194E-02  0.1839E-02  0.4934E-02  0.3345E-02  0.1463E-02  0.7608E-03  0.1715E-02  0.1410E-02  0.2980E-02  0.3729E-02  0.2176E-02  0.1239E-02  0.1803E-02  0.9608E-03
      7.808  0.2483E-02  0.2364E-02  0.2247E-02  0.4647E-02  0.2391E-02  0.2248E-02  0.3844E-02  0.4136E-02  0.1121E-02  0.9562E-03  0.2120E-02  0.1712E-02  0.3520E-02  0.4834E-02  0.1958E-02  0.1435E-02  0.1641E-02  0.1151E-02
      7.818  0.1657E-02  0.3853E-02  0.1818E-02  0.6520E-02  0.1963E-02  0.3433E-02  0.2681E-02  0.6287E-02  0.6377E-03  0.1524E-02  0.1536E-02  0.2407E-02  0.2485E-02  0.7484E-02  0.1424E-02  0.1870E-02  0.1150E-02  0.1439E-02
      7.828  0.1887E-02  0.5535E-02  0.2202E-02  0.6101E-02  0.2321E-02  0.3918E-02  0.3257E-02  0.5347E-02  0.6374E-03  0.1334E-02  0.1927E-02  0.2474E-02  0.3097E-02  0.8379E-02  0.1539E-02  0.1821E-02  0.1248E-02  0.1433E-02
      7.838  0.1854E-02  0.4778E-02  0.2162E-02  0.5293E-02  0.2208E-02  0.3276E-02  0.3193E-02  0.4037E-02  0.6130E-03  0.9297E-03  0.1952E-02  0.1973E-02  0.3007E-02  0.7902E-02  0.1440E-02  0.1767E-02  0.1159E-02  0.1251E-02
      7.848  0.3691E-02  0.4226E-02  0.3900E-02  0.5050E-02  0.2725E-02  0.2984E-02  0.4061E-02  0.3484E-02  0.7701E-03  0.7668E-03  0.2557E-02  0.1902E-02  0.3594E-02  0.7576E-02  0.1703E-02  0.1754E-02  0.1351E-02  0.1158E-02
      7.858  0.4382E-02  0.2497E-02  0.5250E-02  0.3497E-02  0.3252E-02  0.1860E-02  0.4693E-02  0.2996E-02  0.1016E-02  0.6581E-03  0.2970E-02  0.1514E-02  0.4310E-02  0.5208E-02  0.1947E-02  0.8671E-03  0.1573E-02  0.8298E-03
      7.868  0.3611E-02  0.1954E-02  0.4680E-02  0.3764E-02  0.3123E-02  0.1692E-02  0.4329E-02  0.2813E-02  0.9390E-03  0.5962E-03  0.3136E-02  0.1470E-02  0.4793E-02  0.4558E-02  0.2032E-02  0.7400E-03  0.1458E-02  0.7212E-03
      7.878  0.2902E-02  0.1517E-02  0.3941E-02  0.3953E-02  0.2541E-02  0.1484E-02  0.3738E-02  0.2517E-02  0.8057E-03  0.5281E-03  0.2631E-02  0.1407E-02  0.4192E-02  0.3752E-02  0.1719E-02  0.6426E-03  0.1277E-02  0.6218E-03
      7.888  0.1780E-02  0.1586E-02  0.3329E-02  0.3841E-02  0.1812E-02  0.1574E-02  0.2828E-02  0.2452E-02  0.6367E-03  0.5456E-03  0.2240E-02  0.1494E-02  0.3140E-02  0.3421E-02  0.1643E-02  0.7020E-03  0.1159E-02  0.5890E-03
      7.898  0.1752E-02  0.2186E-02  0.3465E-02  0.4549E-02  0.1882E-02  0.1999E-02  0.3161E-02  0.2749E-02  0.6165E-03  0.7010E-03  0.2456E-02  0.1971E-02  0.3356E-02  0.3957E-02  0.1868E-02  0.8431E-03  0.1293E-02  0.6362E-03
      7.908  0.1843E-02  0.3335E-02  0.3778E-02  0.5602E-02  0.2028E-02  0.2596E-02  0.3572E-02  0.3949E-02  0.6539E-03  0.1228E-02  0.2616E-02  0.3105E-02  0.3509E-02  0.6177E-02  0.2076E-02  0.1257E-02  0.1408E-02  0.1167E-02
      7.918  0.1271E-02  0.2997E-02  0.3015E-02  0.4476E-02  0.1619E-02  0.2078E-02  0.2751E-02  0.2725E-02  0.5401E-03  0.8971E-03  0.1477E-02  0.1626E-02  0.2246E-02  0.4926E-02  0.1480E-02  0.9022E-03  0.1067E-02  0.7686E-03
      7.928  0.1163E-02  0.2935E-02  0.2770E-02  0.3431E-02  0.1511E-02  0.1947E-02  0.2555E-02  0.2358E-02  0.4944E-03  0.6900E-03  0.1344E-02  0.1214E-02  0.2058E-02  0.4350E-02  0.1273E-02  0.8157E-03  0.9807E-03  0.6586E-03
      7.938  0.1057E-02  0.2333E-02  0.2489E-02  0.2373E-02  0.1397E-02  0.1510E-02  0.2337E-02  0.1817E-02  0.4437E-03  0.5146E-03  0.1214E-02  0.8398E-03  0.1867E-02  0.3379E-02  0.1074E-02  0.6490E-03  0.8935E-03  0.5456E-03
      7.948  0.1452E-02  0.1809E-02  0.2829E-02  0.1571E-02  0.3343E-02  0.1161E-02  0.2555E-02  0.1471E-02  0.5015E-03  0.4090E-03  0.1308E-02  0.6613E-03  0.1902E-02  0.2668E-02  0.9699E-03  0.5338E-03  0.9179E-03  0.4573E-03
      7.958  0.4554E-02  0.1393E-02  0.7050E-02  0.1043E-02  0.1623E-01  0.8776E-03  0.4411E-02  0.1165E-02  0.9111E-03  0.3218E-03  0.2461E-02  0.5040E-03  0.2412E-02  0.2153E-02  0.1153E-02  0.4349E-03  0.1346E-02  0.3832E-03
      7.968  0.1184E-02  0.1210E-02  0.2323E-02  0.9339E-03  0.1516E-02  0.7693E-03  0.1971E-02  0.9698E-03  0.3851E-03  0.2717E-03  0.1004E-02  0.4346E-03  0.1503E-02  0.1970E-02  0.6534E-03  0.3776E-03  0.5163E-03  0.3382E-03
      7.978  0.1220E-02  0.1051E-02  0.2232E-02  0.8402E-03  0.1517E-02  0.6856E-03  0.1964E-02  0.8211E-03  0.4105E-03  0.2392E-03  0.9804E-03  0.4075E-03  0.1539E-02  0.1861E-02  0.6572E-03  0.3330E-03  0.5207E-03  0.3175E-03
      7.988  0.1269E-02  0.9328E-03  0.2154E-02  0.1094E-02  0.1520E-02  0.9287E-03  0.1973E-02  0.9142E-03  0.4401E-03  0.2375E-03  0.9653E-03  0.5781E-03  0.1604E-02  0.2018E-02  0.6689E-03  0.3435E-03  0.5271E-03  0.3401E-03
      7.998  0.1324E-02  0.8585E-03  0.2080E-02  0.1703E-02  0.1519E-02  0.1438E-02  0.1983E-02  0.1349E-02  0.4720E-03  0.2975E-03  0.9483E-03  0.9340E-03  0.1671E-02  0.2499E-02  0.6789E-03  0.4209E-03  0.5343E-03  0.4292E-03
      8.008  0.1570E-02  0.8147E-03  0.2154E-02  0.2154E-02  0.1569E-02  0.1734E-02  0.2062E-02  0.1781E-02  0.5274E-03  0.3817E-03  0.9496E-03  0.1156E-02  0.1771E-02  0.2863E-02  0.6985E-03  0.4858E-03  0.5510E-03  0.5197E-03
      8.018  0.1899E-02  0.8065E-03  0.2324E-02  0.2123E-02  0.1745E-02  0.1666E-02  0.2487E-02  0.2265E-02  0.6312E-03  0.4744E-03  0.9718E-03  0.1017E-02  0.1968E-02  0.2805E-02  0.7451E-03  0.5157E-03  0.6032E-03  0.5896E-03
      8.028  0.2270E-02  0.9974E-03  0.2470E-02  0.2215E-02  0.1957E-02  0.1923E-02  0.3094E-02  0.2809E-02  0.8016E-03  0.5488E-03  0.1066E-02  0.1030E-02  0.2327E-02  0.3529E-02  0.8248E-03  0.6059E-03  0.7187E-03  0.6748E-03
      8.038  0.2465E-02  0.1329E-02  0.2471E-02  0.2184E-02  0.1785E-02  0.2093E-02  0.2942E-02  0.2613E-02  0.7549E-03  0.5782E-03  0.1141E-02  0.1166E-02  0.2212E-02  0.4680E-02  0.7692E-03  0.7160E-03  0.6895E-03  0.6598E-03
      8.048  0.2485E-02  0.1184E-02  0.2459E-02  0.2264E-02  0.1531E-02  0.1619E-02  0.2598E-02  0.2087E-02  0.5640E-03  0.4456E-03  0.1159E-02  0.1032E-02  0.1753E-02  0.2935E-02  0.6530E-03  0.6765E-03  0.5365E-03  0.6592E-03
      8.058  0.2695E-02  0.1343E-02  0.2582E-02  0.2734E-02  0.1544E-02  0.1669E-02  0.2641E-02  0.1849E-02  0.5918E-03  0.3407E-03  0.1263E-02  0.1448E-02  0.2189E-02  0.2514E-02  0.7299E-03  0.6698E-03  0.5840E-03  0.6995E-03
      8.068  0.2914E-02  0.1284E-02  0.2707E-02  0.2250E-02  0.1577E-02  0.1544E-02  0.2659E-02  0.1521E-02  0.6193E-03  0.2789E-03  0.1384E-02  0.1091E-02  0.2880E-02  0.2329E-02  0.8300E-03  0.5751E-03  0.6420E-03  0.5419E-03
      8.078  0.3299E-02  0.1293E-02  0.2947E-02  0.1994E-02  0.1991E-02  0.1458E-02  0.2878E-02  0.1335E-02  0.6653E-03  0.2449E-03  0.1587E-02  0.8664E-03  0.4598E-02  0.2166E-02  0.1039E-02  0.5299E-03  0.7725E-03  0.4595E-03
      8.088  0.2852E-02  0.1363E-02  0.2581E-02  0.1873E-02  0.2299E-02  0.1518E-02  0.2747E-02  0.1346E-02  0.6663E-03  0.2427E-03  0.1084E-02  0.8195E-03  0.2669E-02  0.2168E-02  0.9092E-03  0.5847E-03  0.4942E-03  0.5005E-03
      8.098  0.2715E-02  0.2010E-02  0.2437E-02  0.2218E-02  0.2601E-02  0.1962E-02  0.2592E-02  0.1934E-02  0.7174E-03  0.3127E-03  0.1021E-02  0.9999E-03  0.2383E-02  0.2741E-02  0.8278E-03  0.8795E-03  0.4556E-03  0.8433E-03
      8.108  0.2441E-02  0.2279E-02  0.2273E-02  0.2271E-02  0.2680E-02  0.2018E-02  0.2380E-02  0.2199E-02  0.7305E-03  0.3430E-03  0.9793E-03  0.9417E-03  0.2102E-02  0.2887E-02  0.7484E-03  0.9882E-03  0.4517E-03  0.9476E-03
      8.118  0.2136E-02  0.2225E-02  0.2120E-02  0.2094E-02  0.2551E-02  0.1820E-02  0.2239E-02  0.2224E-02  0.6956E-03  0.3391E-03  0.9420E-03  0.7633E-03  0.2023E-02  0.2768E-02  0.7362E-03  0.9353E-03  0.4639E-03  0.8603E-03
      8.128  0.1947E-02  0.2308E-02  0.2058E-02  0.2117E-02  0.2484E-02  0.1783E-02  0.2224E-02  0.2425E-02  0.6855E-03  0.3589E-03  0.9229E-03  0.8012E-03  0.2145E-02  0.2779E-02  0.7782E-03  0.1016E-02  0.5016E-03  0.8745E-03
      8.138  0.1795E-02  0.2299E-02  0.2000E-02  0.2051E-02  0.2323E-02  0.1730E-02  0.2201E-02  0.2581E-02  0.6839E-03  0.3711E-03  0.8833E-03  0.7967E-03  0.2243E-02  0.2694E-02  0.8052E-03  0.1054E-02  0.5520E-03  0.8294E-03
      8.148  0.1770E-02  0.2136E-02  0.2095E-02  0.1893E-02  0.2294E-02  0.1626E-02  0.2294E-02  0.2600E-02  0.7311E-03  0.3853E-03  0.8822E-03  0.7628E-03  0.2378E-02  0.2454E-02  0.8597E-03  0.1044E-02  0.6365E-03  0.7779E-03
      8.158  0.1792E-02  0.1856E-02  0.3153E-02  0.1683E-02  0.2122E-02  0.1415E-02  0.2406E-02  0.2454E-02  0.6064E-03  0.3869E-03  0.1024E-02  0.6964E-03  0.2113E-02  0.2113E-02  0.1108E-02  0.9694E-03  0.7256E-03  0.6843E-03
      8.168  0.1950E-02  0.2451E-02  0.4184E-02  0.1923E-02  0.2747E-02  0.1771E-02  0.2870E-02  0.4043E-02  0.6303E-03  0.6312E-03  0.1256E-02  0.1141E-02  0.2353E-02  0.2731E-02  0.1294E-02  0.1493E-02  0.9256E-03  0.9819E-03
      8.178  0.1905E-02  0.2858E-02  0.4118E-02  0.2208E-02  0.2615E-02  0.1689E-02  0.2794E-02  0.5207E-02  0.5682E-03  0.7638E-03  0.1216E-02  0.1256E-02  0.2255E-02  0.2513E-02  0.1194E-02  0.1838E-02  0.9269E-03  0.1033E-02
      8.188  0.1985E-02  0.2776E-02  0.3922E-02  0.2324E-02  0.2563E-02  0.1662E-02  0.2779E-02  0.4754E-02  0.5682E-03  0.8635E-03  0.1249E-02  0.1263E-02  0.2376E-02  0.2400E-02  0.1172E-02  0.2007E-02  0.9758E-03  0.1162E-02
      8.198  0.2289E-02  0.1915E-02  0.4332E-02  0.1936E-02  0.2903E-02  0.1448E-02  0.2925E-02  0.3027E-02  0.6173E-03  0.9671E-03  0.1553E-02  0.9993E-03  0.2811E-02  0.2111E-02  0.1197E-02  0.1771E-02  0.1215E-02  0.1133E-02
      8.208  0.2302E-02  0.1637E-02  0.3950E-02  0.1997E-02  0.2623E-02  0.1463E-02  0.2741E-02  0.2517E-02  0.5761E-03  0.1082E-02  0.1446E-02  0.9105E-03  0.2686E-02  0.2075E-02  0.1140E-02  0.1797E-02  0.1189E-02  0.1146E-02
      8.218  0.2655E-02  0.1477E-02  0.4092E-02  0.1928E-02  0.2463E-02  0.1386E-02  0.2889E-02  0.2165E-02  0.5887E-03  0.1104E-02  0.1392E-02  0.8310E-03  0.2787E-02  0.1951E-02  0.1181E-02  0.1664E-02  0.1230E-02  0.1075E-02
      8.228  0.3177E-02  0.1364E-02  0.4548E-02  0.1855E-02  0.2618E-02  0.1323E-02  0.3334E-02  0.1844E-02  0.6946E-03  0.1121E-02  0.1440E-02  0.8179E-03  0.3186E-02  0.1846E-02  0.1317E-02  0.1534E-02  0.1367E-02  0.9997E-03
      8.238  0.3037E-02  0.1302E-02  0.4361E-02  0.1708E-02  0.2496E-02  0.1253E-02  0.3147E-02  0.1573E-02  0.7074E-03  0.1041E-02  0.1326E-02  0.9340E-03  0.3136E-02  0.1748E-02  0.1305E-02  0.1367E-02  0.1363E-02  0.8714E-03
      8.248  0.3032E-02  0.1101E-02  0.3051E-02  0.1196E-02  0.2855E-02  0.9654E-03  0.3899E-02  0.1265E-02  0.7776E-03  0.5553E-03  0.1734E-02  0.9011E-03  0.2961E-02  0.1423E-02  0.1523E-02  0.9349E-03  0.2422E-02  0.5268E-03
      8.258  0.9849E-03  0.1038E-02  0.1555E-02  0.1007E-02  0.1429E-02  0.8109E-03  0.1288E-02  0.1132E-02  0.4180E-03  0.3710E-03  0.5877E-03  0.8414E-03  0.2118E-02  0.1244E-02  0.6304E-03  0.7660E-03  0.4694E-03  0.3986E-03
      8.268  0.1046E-02  0.1110E-02  0.1591E-02  0.1051E-02  0.1448E-02  0.8235E-03  0.1351E-02  0.1087E-02  0.4473E-03  0.3683E-03  0.6196E-03  0.8482E-03  0.2185E-02  0.1300E-02  0.6393E-03  0.7653E-03  0.4674E-03  0.4023E-03
      8.278  0.1123E-02  0.1231E-02  0.1664E-02  0.1140E-02  0.1473E-02  0.8623E-03  0.1444E-02  0.1065E-02  0.4823E-03  0.3941E-03  0.6692E-03  0.8746E-03  0.2322E-02  0.1422E-02  0.6748E-03  0.7988E-03  0.4769E-03  0.4324E-03
      8.288  0.1227E-02  0.1222E-02  0.1731E-02  0.1186E-02  0.1462E-02  0.8686E-03  0.1504E-02  0.1014E-02  0.5153E-03  0.3833E-03  0.7279E-03  0.8752E-03  0.2466E-02  0.1515E-02  0.6989E-03  0.7896E-03  0.4756E-03  0.4326E-03
      8.298  0.1295E-02  0.1186E-02  0.1699E-02  0.1220E-02  0.1376E-02  0.8949E-03  0.1482E-02  0.9865E-03  0.5094E-03  0.3635E-03  0.7544E-03  0.8732E-03  0.2467E-02  0.1624E-02  0.6966E-03  0.7773E-03  0.4390E-03  0.4309E-03
      8.308  0.1365E-02  0.1155E-02  0.1702E-02  0.1266E-02  0.1357E-02  0.9280E-03  0.1501E-02  0.9689E-03  0.5160E-03  0.3478E-03  0.7916E-03  0.8812E-03  0.2540E-02  0.1767E-02  0.7213E-03  0.7798E-03  0.4253E-03  0.4339E-03
      8.318  0.1422E-02  0.1182E-02  0.1727E-02  0.1392E-02  0.1394E-02  0.1013E-02  0.1544E-02  0.1072E-02  0.5301E-03  0.3476E-03  0.8324E-03  0.1048E-02  0.2662E-02  0.2072E-02  0.7666E-03  0.8273E-03  0.4262E-03  0.4609E-03
      8.328  0.1467E-02  0.1232E-02  0.1756E-02  0.1553E-02  0.1432E-02  0.1120E-02  0.1588E-02  0.1219E-02  0.5411E-03  0.3507E-03  0.8707E-03  0.1270E-02  0.2769E-02  0.2390E-02  0.8139E-03  0.8729E-03  0.4272E-03  0.4938E-03
      8.338  0.2024E-02  0.1278E-02  0.2685E-02  0.1724E-02  0.1825E-02  0.1236E-02  0.2117E-02  0.1355E-02  0.5790E-03  0.3532E-03  0.1039E-02  0.1472E-02  0.3203E-02  0.2684E-02  0.1151E-02  0.9097E-03  0.5489E-03  0.5263E-03
      8.348  0.1698E-02  0.1335E-02  0.2035E-02  0.1876E-02  0.1919E-02  0.1373E-02  0.1948E-02  0.1529E-02  0.5754E-03  0.3580E-03  0.1127E-02  0.1652E-02  0.2890E-02  0.2950E-02  0.1060E-02  0.9251E-03  0.5643E-03  0.5902E-03
      8.358  0.2107E-02  0.1057E-02  0.2341E-02  0.1407E-02  0.2217E-02  0.1073E-02  0.2325E-02  0.1440E-02  0.6305E-03  0.2886E-03  0.1378E-02  0.1264E-02  0.3086E-02  0.2148E-02  0.1201E-02  0.6295E-03  0.6646E-03  0.5225E-03
      8.368  0.2072E-02  0.8487E-03  0.2211E-02  0.1091E-02  0.2291E-02  0.8593E-03  0.2451E-02  0.1159E-02  0.6429E-03  0.2307E-03  0.1284E-02  0.9504E-03  0.3031E-02  0.1655E-02  0.1168E-02  0.4814E-03  0.6558E-03  0.4154E-03
      8.378  0.1914E-02  0.6614E-03  0.1974E-02  0.7922E-03  0.2279E-02  0.6686E-03  0.2487E-02  0.8977E-03  0.6445E-03  0.1829E-03  0.1159E-02  0.6865E-03  0.2908E-02  0.1219E-02  0.1110E-02  0.3544E-03  0.6348E-03  0.3181E-03
      8.388  0.1341E-02  0.5128E-03  0.1384E-02  0.5841E-03  0.1597E-02  0.5099E-03  0.1815E-02  0.7284E-03  0.5068E-03  0.1469E-03  0.8939E-03  0.4954E-03  0.2252E-02  0.8679E-03  0.8566E-03  0.2600E-03  0.5557E-03  0.2517E-03
      8.398  0.9779E-03  0.3685E-03  0.9530E-03  0.3788E-03  0.9964E-03  0.3521E-03  0.1236E-02  0.5609E-03  0.3911E-03  0.1117E-03  0.7011E-03  0.3162E-03  0.1757E-02  0.5203E-03  0.6435E-03  0.1731E-03  0.4896E-03  0.1912E-03
      8.408  0.1588E-02  0.2740E-03  0.1289E-02  0.2729E-03  0.2065E-02  0.2546E-03  0.1951E-02  0.4141E-03  0.5584E-03  0.8750E-04  0.1069E-02  0.1939E-03  0.2234E-02  0.3597E-03  0.8753E-03  0.1342E-03  0.5971E-03  0.1541E-03
      8.418  0.1694E-02  0.2110E-03  0.1339E-02  0.2008E-03  0.2354E-02  0.1834E-03  0.2102E-02  0.3164E-03  0.5922E-03  0.6921E-04  0.1306E-02  0.1237E-03  0.2306E-02  0.2714E-03  0.9353E-03  0.1105E-03  0.6440E-03  0.1275E-03
      8.428  0.3042E-02  0.1841E-03  0.2063E-02  0.1557E-03  0.4813E-02  0.1447E-03  0.3147E-02  0.2668E-03  0.7625E-03  0.5811E-04  0.2087E-02  0.9809E-04  0.3721E-02  0.2305E-03  0.1785E-02  0.9507E-04  0.8528E-03  0.1131E-03
      8.438  0.3290E-02  0.1574E-03  0.2375E-02  0.1104E-03  0.5346E-02  0.1033E-03  0.3919E-02  0.2197E-03  0.7269E-03  0.4672E-04  0.3235E-02  0.7348E-04  0.3437E-02  0.1883E-03  0.2181E-02  0.7925E-04  0.8761E-03  0.9881E-04
      8.448  0.1208E-02  0.1317E-03  0.1194E-02  0.6754E-04  0.2405E-02  0.6170E-04  0.1823E-02  0.1763E-03  0.4523E-03  0.3553E-04  0.1362E-02  0.5098E-04  0.1623E-02  0.1467E-03  0.7396E-03  0.6367E-04  0.5173E-03  0.8488E-04
      8.458  0.9252E-03  0.1151E-03  0.1064E-02  0.5957E-04  0.1983E-02  0.5420E-04  0.1468E-02  0.1512E-03  0.3954E-03  0.3078E-04  0.1168E-02  0.4413E-04  0.1283E-02  0.1305E-03  0.5422E-03  0.5643E-04  0.4181E-03  0.7508E-04
      8.468  0.8736E-03  0.9829E-04  0.1024E-02  0.5173E-04  0.1838E-02  0.4680E-04  0.1467E-02  0.1269E-03  0.3875E-03  0.2606E-04  0.1123E-02  0.3747E-04  0.1207E-02  0.1145E-03  0.5389E-03  0.4929E-04  0.3814E-03  0.6503E-04
      8.478  0.1444E-02  0.8121E-04  0.1483E-02  0.4402E-04  0.2369E-02  0.3948E-04  0.2497E-02  0.1034E-03  0.5146E-03  0.2137E-04  0.1235E-02  0.3101E-04  0.1696E-02  0.9867E-04  0.9094E-03  0.4225E-04  0.5355E-03  0.5475E-04
      8.488  0.1776E-02  0.6389E-04  0.1910E-02  0.3644E-04  0.2792E-02  0.3225E-04  0.2877E-02  0.8085E-04  0.4852E-03  0.1671E-04  0.1376E-02  0.2475E-04  0.1766E-02  0.8304E-04  0.1182E-02  0.3530E-04  0.6012E-03  0.4423E-04
      8.498  0.1698E-02  0.4633E-04  0.1801E-02  0.2898E-04  0.2652E-02  0.2512E-04  0.2635E-02  0.5910E-04  0.4521E-03  0.1208E-04  0.1312E-02  0.1869E-04  0.1659E-02  0.6760E-04  0.1107E-02  0.2846E-04  0.5866E-03  0.3347E-04
      8.508  0.1477E-02  0.2853E-04  0.1640E-02  0.2165E-04  0.2334E-02  0.1807E-04  0.2352E-02  0.3820E-04  0.3845E-03  0.7487E-05  0.1134E-02  0.1283E-04  0.1494E-02  0.5234E-04  0.9860E-03  0.2171E-04  0.5094E-03  0.2247E-04
      8.518  0.1352E-02  0.1049E-04  0.1529E-02  0.1446E-04  0.2129E-02  0.1111E-04  0.2141E-02  0.1815E-04  0.3551E-03  0.2920E-05  0.1062E-02  0.7161E-05  0.1410E-02  0.3727E-04  0.8999E-03  0.1506E-04  0.4719E-03  0.1124E-04
      8.528  0.1115E-02  0.6497E-05  0.1208E-02  0.1043E-04  0.1742E-02  0.7805E-05  0.1754E-02  0.1241E-04  0.2934E-03  0.1823E-05  0.8166E-03  0.5034E-05  0.1153E-02  0.2742E-04  0.7379E-03  0.1098E-04  0.4278E-03  0.7720E-05
      8.538  0.9762E-03  0.4333E-05  0.1037E-02  0.6886E-05  0.1478E-02  0.5086E-05  0.1505E-02  0.8378E-05  0.2728E-03  0.1193E-05  0.7053E-03  0.3356E-05  0.1028E-02  0.1827E-04  0.6298E-03  0.7277E-05  0.4345E-03  0.5187E-05
      8.548  0.8067E-03  0.2177E-05  0.8802E-03  0.3425E-05  0.1212E-02  0.2496E-05  0.1281E-02  0.4261E-05  0.2592E-03  0.5884E-06  0.6175E-03  0.1686E-05  0.8934E-03  0.9174E-05  0.5254E-03  0.3634E-05  0.4543E-03  0.2626E-05
      8.558  0.6823E-03  0.3045E-07  0.7366E-03  0.4740E-07  0.1014E-02  0.3408E-07  0.1014E-02  0.6032E-07  0.2294E-03  0.8072E-08  0.5342E-03  0.2357E-07  0.7847E-03  0.1282E-06  0.4667E-03  0.5051E-07  0.4089E-03  0.3700E-07
      8.568  0.5611E-03  0.0000E+00  0.6210E-03  0.0000E+00  0.8335E-03  0.0000E+00  0.7022E-03  0.0000E+00  0.1926E-03  0.0000E+00  0.4712E-03  0.0000E+00  0.6631E-03  0.0000E+00  0.4180E-03  0.0000E+00  0.3053E-03  0.0000E+00
      8.578  0.5084E-03  0.0000E+00  0.5994E-03  0.0000E+00  0.8027E-03  0.0000E+00  0.6375E-03  0.0000E+00  0.1894E-03  0.0000E+00  0.4805E-03  0.0000E+00  0.6373E-03  0.0000E+00  0.4102E-03  0.0000E+00  0.2801E-03  0.0000E+00
      8.588  0.4622E-03  0.0000E+00  0.5693E-03  0.0000E+00  0.7987E-03  0.0000E+00  0.5775E-03  0.0000E+00  0.1805E-03  0.0000E+00  0.4666E-03  0.0000E+00  0.5953E-03  0.0000E+00  0.3939E-03  0.0000E+00  0.2571E-03  0.0000E+00
      8.599  0.6010E-03  0.0000E+00  0.1462E-02  0.0000E+00  0.1098E-02  0.0000E+00  0.1162E-02  0.0000E+00  0.3616E-03  0.0000E+00  0.7844E-03  0.0000E+00  0.1363E-02  0.0000E+00  0.5897E-03  0.0000E+00  0.6016E-03  0.0000E+00
      8.609  0.6226E-03  0.0000E+00  0.1531E-02  0.0000E+00  0.1502E-02  0.0000E+00  0.1388E-02  0.0000E+00  0.4474E-03  0.0000E+00  0.1045E-02  0.0000E+00  0.1345E-02  0.0000E+00  0.7988E-03  0.0000E+00  0.5521E-03  0.0000E+00
      8.619  0.5850E-03  0.0000E+00  0.1314E-02  0.0000E+00  0.1112E-02  0.0000E+00  0.1218E-02  0.0000E+00  0.4517E-03  0.0000E+00  0.8636E-03  0.0000E+00  0.1200E-02  0.0000E+00  0.6921E-03  0.0000E+00  0.4617E-03  0.0000E+00
      8.629  0.5748E-03  0.0000E+00  0.1281E-02  0.0000E+00  0.1054E-02  0.0000E+00  0.1154E-02  0.0000E+00  0.4499E-03  0.0000E+00  0.8680E-03  0.0000E+00  0.1205E-02  0.0000E+00  0.6556E-03  0.0000E+00  0.4383E-03  0.0000E+00
      8.639  0.5608E-03  0.0000E+00  0.1246E-02  0.0000E+00  0.9979E-03  0.0000E+00  0.1088E-02  0.0000E+00  0.4446E-03  0.0000E+00  0.8724E-03  0.0000E+00  0.1199E-02  0.0000E+00  0.6176E-03  0.0000E+00  0.4158E-03  0.0000E+00
      8.649  0.5052E-03  0.0000E+00  0.1070E-02  0.0000E+00  0.1131E-02  0.0000E+00  0.9097E-03  0.0000E+00  0.4012E-03  0.0000E+00  0.8908E-03  0.0000E+00  0.1004E-02  0.0000E+00  0.6134E-03  0.0000E+00  0.3698E-03  0.0000E+00
      8.659  0.3628E-03  0.0000E+00  0.8170E-03  0.0000E+00  0.8767E-03  0.0000E+00  0.6625E-03  0.0000E+00  0.3065E-03  0.0000E+00  0.6778E-03  0.0000E+00  0.7230E-03  0.0000E+00  0.4753E-03  0.0000E+00  0.2663E-03  0.0000E+00
      8.669  0.2482E-03  0.0000E+00  0.6077E-03  0.0000E+00  0.6140E-03  0.0000E+00  0.4447E-03  0.0000E+00  0.2322E-03  0.0000E+00  0.4716E-03  0.0000E+00  0.4537E-03  0.0000E+00  0.3447E-03  0.0000E+00  0.1768E-03  0.0000E+00
      8.679  0.1686E-03  0.0000E+00  0.4221E-03  0.0000E+00  0.3486E-03  0.0000E+00  0.2765E-03  0.0000E+00  0.1770E-03  0.0000E+00  0.2659E-03  0.0000E+00  0.2228E-03  0.0000E+00  0.2275E-03  0.0000E+00  0.1026E-03  0.0000E+00
      8.689  0.1097E-03  0.0000E+00  0.3007E-03  0.0000E+00  0.1989E-03  0.0000E+00  0.1871E-03  0.0000E+00  0.1189E-03  0.0000E+00  0.1605E-03  0.0000E+00  0.1321E-03  0.0000E+00  0.1505E-03  0.0000E+00  0.6295E-04  0.0000E+00
      8.699  0.6961E-04  0.0000E+00  0.2116E-03  0.0000E+00  0.1261E-03  0.0000E+00  0.1199E-03  0.0000E+00  0.7312E-04  0.0000E+00  0.1079E-03  0.0000E+00  0.8385E-04  0.0000E+00  0.9749E-04  0.0000E+00  0.3879E-04  0.0000E+00
      8.709  0.3144E-04  0.0000E+00  0.1056E-03  0.0000E+00  0.5600E-04  0.0000E+00  0.5195E-04  0.0000E+00  0.3198E-04  0.0000E+00  0.5147E-04  0.0000E+00  0.3768E-04  0.0000E+00  0.4204E-04  0.0000E+00  0.1658E-04  0.0000E+00
      8.719  0.0000E+00  0.0000E+00  0.0000E+00  0.0000E+00  0.0000E+00  0.0000E+00  0.0000E+00  0.0000E+00  0.0000E+00  0.0000E+00  0.0000E+00  0.0000E+00  0.0000E+00  0.0000E+00  0.0000E+00  0.0000E+00  0.0000E+00  0.0000E+00
      8.729  0.0000E+00  0.0000E+00  0.0000E+00  0.0000E+00  0.0000E+00  0.0000E+00  0.0000E+00  0.0000E+00  0.0000E+00  0.0000E+00  0.0000E+00  0.0000E+00  0.0000E+00  0.0000E+00  0.0000E+00  0.0000E+00  0.0000E+00  0.0000E+00
      8.739  0.0000E+00  0.0000E+00  0.0000E+00  0.0000E+00  0.0000E+00  0.0000E+00  0.0000E+00  0.0000E+00  0.0000E+00  0.0000E+00  0.0000E+00  0.0000E+00  0.0000E+00  0.0000E+00  0.0000E+00  0.0000E+00  0.0000E+00  0.0000E+00
      8.749  0.0000E+00  0.0000E+00  0.0000E+00  0.0000E+00  0.0000E+00  0.0000E+00  0.0000E+00  0.0000E+00  0.0000E+00  0.0000E+00  0.0000E+00  0.0000E+00  0.0000E+00  0.0000E+00  0.0000E+00  0.0000E+00  0.0000E+00  0.0000E+00
      8.759  0.0000E+00  0.0000E+00  0.0000E+00  0.0000E+00  0.0000E+00  0.0000E+00  0.0000E+00  0.0000E+00  0.0000E+00  0.0000E+00  0.0000E+00  0.0000E+00  0.0000E+00  0.0000E+00  0.0000E+00  0.0000E+00  0.0000E+00  0.0000E+00
      8.769  0.0000E+00  0.0000E+00  0.0000E+00  0.0000E+00  0.0000E+00  0.0000E+00  0.0000E+00  0.0000E+00  0.0000E+00  0.0000E+00  0.0000E+00  0.0000E+00  0.0000E+00  0.0000E+00  0.0000E+00  0.0000E+00  0.0000E+00  0.0000E+00
      8.779  0.0000E+00  0.0000E+00  0.0000E+00  0.0000E+00  0.0000E+00  0.0000E+00  0.0000E+00  0.0000E+00  0.0000E+00  0.0000E+00  0.0000E+00  0.0000E+00  0.0000E+00  0.0000E+00  0.0000E+00  0.0000E+00  0.0000E+00  0.0000E+00
      8.789  0.0000E+00  0.0000E+00  0.0000E+00  0.0000E+00  0.0000E+00  0.0000E+00  0.0000E+00  0.0000E+00  0.0000E+00  0.0000E+00  0.0000E+00  0.0000E+00  0.0000E+00  0.0000E+00  0.0000E+00  0.0000E+00  0.0000E+00  0.0000E+00
      8.799  0.0000E+00  0.0000E+00  0.0000E+00  0.0000E+00  0.0000E+00  0.0000E+00  0.0000E+00  0.0000E+00  0.0000E+00  0.0000E+00  0.0000E+00  0.0000E+00  0.0000E+00  0.0000E+00  0.0000E+00  0.0000E+00  0.0000E+00  0.0000E+00
      8.809  0.0000E+00  0.0000E+00  0.0000E+00  0.0000E+00  0.0000E+00  0.0000E+00  0.0000E+00  0.0000E+00  0.0000E+00  0.0000E+00  0.0000E+00  0.0000E+00  0.0000E+00  0.0000E+00  0.0000E+00  0.0000E+00  0.0000E+00  0.0000E+00
      8.819  0.0000E+00  0.0000E+00  0.0000E+00  0.0000E+00  0.0000E+00  0.0000E+00  0.0000E+00  0.0000E+00  0.0000E+00  0.0000E+00  0.0000E+00  0.0000E+00  0.0000E+00  0.0000E+00  0.0000E+00  0.0000E+00  0.0000E+00  0.0000E+00
      8.829  0.0000E+00  0.0000E+00  0.0000E+00  0.0000E+00  0.0000E+00  0.0000E+00  0.0000E+00  0.0000E+00  0.0000E+00  0.0000E+00  0.0000E+00  0.0000E+00  0.0000E+00  0.0000E+00  0.0000E+00  0.0000E+00  0.0000E+00  0.0000E+00
      8.839  0.0000E+00  0.0000E+00  0.0000E+00  0.0000E+00  0.0000E+00  0.0000E+00  0.0000E+00  0.0000E+00  0.0000E+00  0.0000E+00  0.0000E+00  0.0000E+00  0.0000E+00  0.0000E+00  0.0000E+00  0.0000E+00  0.0000E+00  0.0000E+00
      8.849  0.0000E+00  0.0000E+00  0.0000E+00  0.0000E+00  0.0000E+00  0.0000E+00  0.0000E+00  0.0000E+00  0.0000E+00  0.0000E+00  0.0000E+00  0.0000E+00  0.0000E+00  0.0000E+00  0.0000E+00  0.0000E+00  0.0000E+00  0.0000E+00
      8.859  0.0000E+00  0.0000E+00  0.0000E+00  0.0000E+00  0.0000E+00  0.0000E+00  0.0000E+00  0.0000E+00  0.0000E+00  0.0000E+00  0.0000E+00  0.0000E+00  0.0000E+00  0.0000E+00  0.0000E+00  0.0000E+00  0.0000E+00  0.0000E+00
      8.869  0.0000E+00  0.0000E+00  0.0000E+00  0.0000E+00  0.0000E+00  0.0000E+00  0.0000E+00  0.0000E+00  0.0000E+00  0.0000E+00  0.0000E+00  0.0000E+00  0.0000E+00  0.0000E+00  0.0000E+00  0.0000E+00  0.0000E+00  0.0000E+00
      8.879  0.0000E+00  0.0000E+00  0.0000E+00  0.0000E+00  0.0000E+00  0.0000E+00  0.0000E+00  0.0000E+00  0.0000E+00  0.0000E+00  0.0000E+00  0.0000E+00  0.0000E+00  0.0000E+00  0.0000E+00  0.0000E+00  0.0000E+00  0.0000E+00
      8.889  0.0000E+00  0.0000E+00  0.0000E+00  0.0000E+00  0.0000E+00  0.0000E+00  0.0000E+00  0.0000E+00  0.0000E+00  0.0000E+00  0.0000E+00  0.0000E+00  0.0000E+00  0.0000E+00  0.0000E+00  0.0000E+00  0.0000E+00  0.0000E+00
      8.899  0.0000E+00  0.0000E+00  0.0000E+00  0.0000E+00  0.0000E+00  0.0000E+00  0.0000E+00  0.0000E+00  0.0000E+00  0.0000E+00  0.0000E+00  0.0000E+00  0.0000E+00  0.0000E+00  0.0000E+00  0.0000E+00  0.0000E+00  0.0000E+00
      8.909  0.0000E+00  0.0000E+00  0.0000E+00  0.0000E+00  0.0000E+00  0.0000E+00  0.0000E+00  0.0000E+00  0.0000E+00  0.0000E+00  0.0000E+00  0.0000E+00  0.0000E+00  0.0000E+00  0.0000E+00  0.0000E+00  0.0000E+00  0.0000E+00
      8.919  0.0000E+00  0.0000E+00  0.0000E+00  0.0000E+00  0.0000E+00  0.0000E+00  0.0000E+00  0.0000E+00  0.0000E+00  0.0000E+00  0.0000E+00  0.0000E+00  0.0000E+00  0.0000E+00  0.0000E+00  0.0000E+00  0.0000E+00  0.0000E+00
      8.929  0.0000E+00  0.0000E+00  0.0000E+00  0.0000E+00  0.0000E+00  0.0000E+00  0.0000E+00  0.0000E+00  0.0000E+00  0.0000E+00  0.0000E+00  0.0000E+00  0.0000E+00  0.0000E+00  0.0000E+00  0.0000E+00  0.0000E+00  0.0000E+00
      8.939  0.0000E+00  0.0000E+00  0.0000E+00  0.0000E+00  0.0000E+00  0.0000E+00  0.0000E+00  0.0000E+00  0.0000E+00  0.0000E+00  0.0000E+00  0.0000E+00  0.0000E+00  0.0000E+00  0.0000E+00  0.0000E+00  0.0000E+00  0.0000E+00
      8.949  0.0000E+00  0.0000E+00  0.0000E+00  0.0000E+00  0.0000E+00  0.0000E+00  0.0000E+00  0.0000E+00  0.0000E+00  0.0000E+00  0.0000E+00  0.0000E+00  0.0000E+00  0.0000E+00  0.0000E+00  0.0000E+00  0.0000E+00  0.0000E+00
      8.959  0.0000E+00  0.0000E+00  0.0000E+00  0.0000E+00  0.0000E+00  0.0000E+00  0.0000E+00  0.0000E+00  0.0000E+00  0.0000E+00  0.0000E+00  0.0000E+00  0.0000E+00  0.0000E+00  0.0000E+00  0.0000E+00  0.0000E+00  0.0000E+00
      8.969  0.0000E+00  0.0000E+00  0.0000E+00  0.0000E+00  0.0000E+00  0.0000E+00  0.0000E+00  0.0000E+00  0.0000E+00  0.0000E+00  0.0000E+00  0.0000E+00  0.0000E+00  0.0000E+00  0.0000E+00  0.0000E+00  0.0000E+00  0.0000E+00
      8.979  0.0000E+00  0.0000E+00  0.0000E+00  0.0000E+00  0.0000E+00  0.0000E+00  0.0000E+00  0.0000E+00  0.0000E+00  0.0000E+00  0.0000E+00  0.0000E+00  0.0000E+00  0.0000E+00  0.0000E+00  0.0000E+00  0.0000E+00  0.0000E+00
      8.989  0.0000E+00  0.0000E+00  0.0000E+00  0.0000E+00  0.0000E+00  0.0000E+00  0.0000E+00  0.0000E+00  0.0000E+00  0.0000E+00  0.0000E+00  0.0000E+00  0.0000E+00  0.0000E+00  0.0000E+00  0.0000E+00  0.0000E+00  0.0000E+00
      8.999  0.0000E+00  0.0000E+00  0.0000E+00  0.0000E+00  0.0000E+00  0.0000E+00  0.0000E+00  0.0000E+00  0.0000E+00  0.0000E+00  0.0000E+00  0.0000E+00  0.0000E+00  0.0000E+00  0.0000E+00  0.0000E+00  0.0000E+00  0.0000E+00
      9.009  0.0000E+00  0.0000E+00  0.0000E+00  0.0000E+00  0.0000E+00  0.0000E+00  0.0000E+00  0.0000E+00  0.0000E+00  0.0000E+00  0.0000E+00  0.0000E+00  0.0000E+00  0.0000E+00  0.0000E+00  0.0000E+00  0.0000E+00  0.0000E+00
      9.019  0.0000E+00  0.0000E+00  0.0000E+00  0.0000E+00  0.0000E+00  0.0000E+00  0.0000E+00  0.0000E+00  0.0000E+00  0.0000E+00  0.0000E+00  0.0000E+00  0.0000E+00  0.0000E+00  0.0000E+00  0.0000E+00  0.0000E+00  0.0000E+00
      9.029  0.0000E+00  0.0000E+00  0.0000E+00  0.0000E+00  0.0000E+00  0.0000E+00  0.0000E+00  0.0000E+00  0.0000E+00  0.0000E+00  0.0000E+00  0.0000E+00  0.0000E+00  0.0000E+00  0.0000E+00  0.0000E+00  0.0000E+00  0.0000E+00
      9.039  0.0000E+00  0.0000E+00  0.0000E+00  0.0000E+00  0.0000E+00  0.0000E+00  0.0000E+00  0.0000E+00  0.0000E+00  0.0000E+00  0.0000E+00  0.0000E+00  0.0000E+00  0.0000E+00  0.0000E+00  0.0000E+00  0.0000E+00  0.0000E+00
      9.049  0.0000E+00  0.0000E+00  0.0000E+00  0.0000E+00  0.0000E+00  0.0000E+00  0.0000E+00  0.0000E+00  0.0000E+00  0.0000E+00  0.0000E+00  0.0000E+00  0.0000E+00  0.0000E+00  0.0000E+00  0.0000E+00  0.0000E+00  0.0000E+00
      9.059  0.0000E+00  0.0000E+00  0.0000E+00  0.0000E+00  0.0000E+00  0.0000E+00  0.0000E+00  0.0000E+00  0.0000E+00  0.0000E+00  0.0000E+00  0.0000E+00  0.0000E+00  0.0000E+00  0.0000E+00  0.0000E+00  0.0000E+00  0.0000E+00
      9.069  0.0000E+00  0.0000E+00  0.0000E+00  0.0000E+00  0.0000E+00  0.0000E+00  0.0000E+00  0.0000E+00  0.0000E+00  0.0000E+00  0.0000E+00  0.0000E+00  0.0000E+00  0.0000E+00  0.0000E+00  0.0000E+00  0.0000E+00  0.0000E+00
      9.079  0.0000E+00  0.0000E+00  0.0000E+00  0.0000E+00  0.0000E+00  0.0000E+00  0.0000E+00  0.0000E+00  0.0000E+00  0.0000E+00  0.0000E+00  0.0000E+00  0.0000E+00  0.0000E+00  0.0000E+00  0.0000E+00  0.0000E+00  0.0000E+00
      9.089  0.0000E+00  0.0000E+00  0.0000E+00  0.0000E+00  0.0000E+00  0.0000E+00  0.0000E+00  0.0000E+00  0.0000E+00  0.0000E+00  0.0000E+00  0.0000E+00  0.0000E+00  0.0000E+00  0.0000E+00  0.0000E+00  0.0000E+00  0.0000E+00
      9.099  0.0000E+00  0.0000E+00  0.0000E+00  0.0000E+00  0.0000E+00  0.0000E+00  0.0000E+00  0.0000E+00  0.0000E+00  0.0000E+00  0.0000E+00  0.0000E+00  0.0000E+00  0.0000E+00  0.0000E+00  0.0000E+00  0.0000E+00  0.0000E+00
      9.109  0.0000E+00  0.0000E+00  0.0000E+00  0.0000E+00  0.0000E+00  0.0000E+00  0.0000E+00  0.0000E+00  0.0000E+00  0.0000E+00  0.0000E+00  0.0000E+00  0.0000E+00  0.0000E+00  0.0000E+00  0.0000E+00  0.0000E+00  0.0000E+00
      9.119  0.0000E+00  0.0000E+00  0.0000E+00  0.0000E+00  0.0000E+00  0.0000E+00  0.0000E+00  0.0000E+00  0.0000E+00  0.0000E+00  0.0000E+00  0.0000E+00  0.0000E+00  0.0000E+00  0.0000E+00  0.0000E+00  0.0000E+00  0.0000E+00
      9.129  0.0000E+00  0.0000E+00  0.0000E+00  0.0000E+00  0.0000E+00  0.0000E+00  0.0000E+00  0.0000E+00  0.0000E+00  0.0000E+00  0.0000E+00  0.0000E+00  0.0000E+00  0.0000E+00  0.0000E+00  0.0000E+00  0.0000E+00  0.0000E+00
      9.139  0.0000E+00  0.0000E+00  0.0000E+00  0.0000E+00  0.0000E+00  0.0000E+00  0.0000E+00  0.0000E+00  0.0000E+00  0.0000E+00  0.0000E+00  0.0000E+00  0.0000E+00  0.0000E+00  0.0000E+00  0.0000E+00  0.0000E+00  0.0000E+00
      9.149  0.0000E+00  0.0000E+00  0.0000E+00  0.0000E+00  0.0000E+00  0.0000E+00  0.0000E+00  0.0000E+00  0.0000E+00  0.0000E+00  0.0000E+00  0.0000E+00  0.0000E+00  0.0000E+00  0.0000E+00  0.0000E+00  0.0000E+00  0.0000E+00
      9.159  0.0000E+00  0.0000E+00  0.0000E+00  0.0000E+00  0.0000E+00  0.0000E+00  0.0000E+00  0.0000E+00  0.0000E+00  0.0000E+00  0.0000E+00  0.0000E+00  0.0000E+00  0.0000E+00  0.0000E+00  0.0000E+00  0.0000E+00  0.0000E+00
      9.169  0.0000E+00  0.0000E+00  0.0000E+00  0.0000E+00  0.0000E+00  0.0000E+00  0.0000E+00  0.0000E+00  0.0000E+00  0.0000E+00  0.0000E+00  0.0000E+00  0.0000E+00  0.0000E+00  0.0000E+00  0.0000E+00  0.0000E+00  0.0000E+00
      9.179  0.0000E+00  0.0000E+00  0.0000E+00  0.0000E+00  0.0000E+00  0.0000E+00  0.0000E+00  0.0000E+00  0.0000E+00  0.0000E+00  0.0000E+00  0.0000E+00  0.0000E+00  0.0000E+00  0.0000E+00  0.0000E+00  0.0000E+00  0.0000E+00
      9.189  0.0000E+00  0.0000E+00  0.0000E+00  0.0000E+00  0.0000E+00  0.0000E+00  0.0000E+00  0.0000E+00  0.0000E+00  0.0000E+00  0.0000E+00  0.0000E+00  0.0000E+00  0.0000E+00  0.0000E+00  0.0000E+00  0.0000E+00  0.0000E+00
      9.199  0.0000E+00  0.0000E+00  0.0000E+00  0.0000E+00  0.0000E+00  0.0000E+00  0.0000E+00  0.0000E+00  0.0000E+00  0.0000E+00  0.0000E+00  0.0000E+00  0.0000E+00  0.0000E+00  0.0000E+00  0.0000E+00  0.0000E+00  0.0000E+00
      9.209  0.0000E+00  0.0000E+00  0.0000E+00  0.0000E+00  0.0000E+00  0.0000E+00  0.0000E+00  0.0000E+00  0.0000E+00  0.0000E+00  0.0000E+00  0.0000E+00  0.0000E+00  0.0000E+00  0.0000E+00  0.0000E+00  0.0000E+00  0.0000E+00
      9.219  0.0000E+00  0.0000E+00  0.0000E+00  0.0000E+00  0.0000E+00  0.0000E+00  0.0000E+00  0.0000E+00  0.0000E+00  0.0000E+00  0.0000E+00  0.0000E+00  0.0000E+00  0.0000E+00  0.0000E+00  0.0000E+00  0.0000E+00  0.0000E+00
      9.229  0.0000E+00  0.0000E+00  0.0000E+00  0.0000E+00  0.0000E+00  0.0000E+00  0.0000E+00  0.0000E+00  0.0000E+00  0.0000E+00  0.0000E+00  0.0000E+00  0.0000E+00  0.0000E+00  0.0000E+00  0.0000E+00  0.0000E+00  0.0000E+00
      9.239  0.0000E+00  0.0000E+00  0.0000E+00  0.0000E+00  0.0000E+00  0.0000E+00  0.0000E+00  0.0000E+00  0.0000E+00  0.0000E+00  0.0000E+00  0.0000E+00  0.0000E+00  0.0000E+00  0.0000E+00  0.0000E+00  0.0000E+00  0.0000E+00
      9.249  0.0000E+00  0.0000E+00  0.0000E+00  0.0000E+00  0.0000E+00  0.0000E+00  0.0000E+00  0.0000E+00  0.0000E+00  0.0000E+00  0.0000E+00  0.0000E+00  0.0000E+00  0.0000E+00  0.0000E+00  0.0000E+00  0.0000E+00  0.0000E+00
      9.259  0.0000E+00  0.0000E+00  0.0000E+00  0.0000E+00  0.0000E+00  0.0000E+00  0.0000E+00  0.0000E+00  0.0000E+00  0.0000E+00  0.0000E+00  0.0000E+00  0.0000E+00  0.0000E+00  0.0000E+00  0.0000E+00  0.0000E+00  0.0000E+00
      9.269  0.0000E+00  0.0000E+00  0.0000E+00  0.0000E+00  0.0000E+00  0.0000E+00  0.0000E+00  0.0000E+00  0.0000E+00  0.0000E+00  0.0000E+00  0.0000E+00  0.0000E+00  0.0000E+00  0.0000E+00  0.0000E+00  0.0000E+00  0.0000E+00
      9.279  0.0000E+00  0.0000E+00  0.0000E+00  0.0000E+00  0.0000E+00  0.0000E+00  0.0000E+00  0.0000E+00  0.0000E+00  0.0000E+00  0.0000E+00  0.0000E+00  0.0000E+00  0.0000E+00  0.0000E+00  0.0000E+00  0.0000E+00  0.0000E+00
      9.289  0.0000E+00  0.0000E+00  0.0000E+00  0.0000E+00  0.0000E+00  0.0000E+00  0.0000E+00  0.0000E+00  0.0000E+00  0.0000E+00  0.0000E+00  0.0000E+00  0.0000E+00  0.0000E+00  0.0000E+00  0.0000E+00  0.0000E+00  0.0000E+00
