      7.00000000     -7.00000000 1400     -2.39621097      1.00000000
     -4.604  0.4299E-01  0.1065E-01  0.1219E-02  0.5392E-03  0.8147E-02  0.2872E-02  0.7028E-04  0.1412E-04  0.3998E-03  0.4724E-04  0.4479E-01  0.1155E-01  0.1208E+00  0.2012E-01  0.2606E-02  0.2115E-03  0.3100E-02  0.7299E-03
     -4.594  0.4817E-01  0.1625E-01  0.1329E-02  0.7380E-03  0.9215E-02  0.4507E-02  0.8240E-04  0.2233E-04  0.4612E-03  0.6999E-04  0.4883E-01  0.1645E-01  0.1411E+00  0.3329E-01  0.3080E-02  0.3363E-03  0.3543E-02  0.9975E-03
     -4.584  0.5343E-01  0.1884E-01  0.1749E-02  0.8644E-03  0.1014E-01  0.5266E-02  0.1160E-03  0.2668E-04  0.6425E-03  0.8214E-04  0.6072E-01  0.1905E-01  0.1579E+00  0.3985E-01  0.4375E-02  0.4016E-03  0.5322E-02  0.1209E-02
     -4.574  0.5609E-01  0.2108E-01  0.1979E-02  0.1040E-02  0.1049E-01  0.5847E-02  0.1331E-03  0.3378E-04  0.7200E-03  0.1004E-03  0.6790E-01  0.2204E-01  0.1618E+00  0.4441E-01  0.5050E-02  0.5108E-03  0.6202E-02  0.1547E-02
     -4.564  0.5814E-01  0.2317E-01  0.2189E-02  0.1189E-02  0.1074E-01  0.6346E-02  0.1496E-03  0.4057E-04  0.8009E-03  0.1143E-03  0.7432E-01  0.2485E-01  0.1642E+00  0.4772E-01  0.5702E-02  0.6156E-03  0.7028E-02  0.1827E-02
     -4.554  0.7249E-01  0.2513E-01  0.2737E-02  0.1326E-02  0.1320E-01  0.6817E-02  0.1848E-03  0.4713E-04  0.1021E-02  0.1280E-03  0.9412E-01  0.2744E-01  0.1985E+00  0.5091E-01  0.7101E-02  0.7171E-03  0.8643E-02  0.2084E-02
     -4.544  0.8823E-01  0.2558E-01  0.3188E-02  0.1398E-02  0.1603E-01  0.6884E-02  0.2194E-03  0.5323E-04  0.1213E-02  0.1392E-03  0.1116E+00  0.2850E-01  0.2411E+00  0.5125E-01  0.8475E-02  0.8110E-03  0.9868E-02  0.2268E-02
     -4.534  0.5977E-01  0.3472E-01  0.2192E-02  0.1924E-02  0.1126E-01  0.9328E-02  0.1970E-03  0.9117E-04  0.9887E-03  0.2190E-03  0.7400E-01  0.3907E-01  0.1878E+00  0.6969E-01  0.7666E-02  0.1388E-02  0.7864E-02  0.3245E-02
     -4.524  0.4861E-01  0.2791E-01  0.1939E-02  0.1433E-02  0.8796E-02  0.7760E-02  0.1324E-03  0.7938E-04  0.7083E-03  0.1717E-03  0.6604E-01  0.2953E-01  0.1386E+00  0.6154E-01  0.5173E-02  0.1203E-02  0.6625E-02  0.2476E-02
     -4.514  0.4659E-01  0.2208E-01  0.1906E-02  0.1188E-02  0.8407E-02  0.5935E-02  0.1333E-03  0.4832E-04  0.7093E-03  0.1208E-03  0.6455E-01  0.2450E-01  0.1339E+00  0.4518E-01  0.5231E-02  0.7412E-03  0.6649E-02  0.1985E-02
     -4.504  0.4466E-01  0.2012E-01  0.1885E-02  0.1116E-02  0.8037E-02  0.5381E-02  0.1347E-03  0.4577E-04  0.7143E-03  0.1118E-03  0.6338E-01  0.2271E-01  0.1296E+00  0.4117E-01  0.5307E-02  0.7029E-03  0.6729E-02  0.1893E-02
     -4.494  0.4525E-01  0.2038E-01  0.1949E-02  0.1139E-02  0.8110E-02  0.5434E-02  0.1380E-03  0.4668E-04  0.7280E-03  0.1125E-03  0.6541E-01  0.2311E-01  0.1313E+00  0.4165E-01  0.5457E-02  0.7180E-03  0.7036E-02  0.1943E-02
     -4.484  0.4509E-01  0.2132E-01  0.1978E-02  0.1215E-02  0.8064E-02  0.5645E-02  0.1405E-03  0.4871E-04  0.7390E-03  0.1155E-03  0.6617E-01  0.2452E-01  0.1315E+00  0.4311E-01  0.5573E-02  0.7505E-03  0.7239E-02  0.2094E-02
     -4.474  0.4364E-01  0.2098E-01  0.1924E-02  0.1174E-02  0.7818E-02  0.5590E-02  0.1387E-03  0.4999E-04  0.7348E-03  0.1154E-03  0.6419E-01  0.2377E-01  0.1293E+00  0.4327E-01  0.5522E-02  0.7703E-03  0.7160E-02  0.2037E-02
     -4.464  0.4139E-01  0.2291E-01  0.1695E-02  0.1180E-02  0.7119E-02  0.6243E-02  0.8549E-04  0.6603E-04  0.4531E-03  0.1560E-03  0.5944E-01  0.2422E-01  0.1072E+00  0.5001E-01  0.3378E-02  0.1010E-02  0.5544E-02  0.2066E-02
     -4.454  0.3923E-01  0.2204E-01  0.1480E-02  0.1193E-02  0.6822E-02  0.5927E-02  0.8409E-04  0.6196E-04  0.4593E-03  0.1378E-03  0.5249E-01  0.2423E-01  0.1078E+00  0.4743E-01  0.3336E-02  0.9507E-03  0.4941E-02  0.2130E-02
     -4.444  0.3326E-01  0.2275E-01  0.1236E-02  0.1275E-02  0.5771E-02  0.6022E-02  0.7006E-04  0.6231E-04  0.3888E-03  0.1343E-03  0.4410E-01  0.2579E-01  0.9422E-01  0.4797E-01  0.2808E-02  0.9580E-03  0.4287E-02  0.2304E-02
     -4.434  0.2246E-01  0.2416E-01  0.6741E-03  0.1282E-02  0.3961E-02  0.6272E-02  0.4843E-04  0.4933E-04  0.2842E-03  0.1073E-03  0.2509E-01  0.2724E-01  0.7001E-01  0.4898E-01  0.1952E-02  0.7595E-03  0.2357E-02  0.2232E-02
     -4.424  0.2153E-01  0.2636E-01  0.4750E-03  0.1404E-02  0.3810E-02  0.6654E-02  0.3595E-04  0.3800E-04  0.2282E-03  0.8830E-04  0.1955E-01  0.3045E-01  0.6987E-01  0.4999E-01  0.1454E-02  0.5855E-03  0.1504E-02  0.2367E-02
     -4.414  0.2400E-01  0.2971E-01  0.4179E-03  0.1575E-02  0.4254E-02  0.7394E-02  0.3400E-04  0.3290E-04  0.2351E-03  0.7954E-04  0.1893E-01  0.3463E-01  0.7900E-01  0.5460E-01  0.1376E-02  0.5074E-03  0.1149E-02  0.2618E-02
     -4.404  0.2951E-01  0.1694E-01  0.4684E-03  0.6815E-03  0.5225E-02  0.4406E-02  0.3914E-04  0.2204E-04  0.2840E-03  0.5891E-04  0.2218E-01  0.1713E-01  0.9731E-01  0.3538E-01  0.1594E-02  0.3267E-03  0.1183E-02  0.1039E-02
     -4.394  0.3642E-01  0.1459E-01  0.5802E-03  0.5226E-03  0.6424E-02  0.3857E-02  0.4645E-04  0.2293E-04  0.3436E-03  0.5917E-04  0.2761E-01  0.1376E-01  0.1192E+00  0.3241E-01  0.1904E-02  0.3409E-03  0.1430E-02  0.7856E-03
     -4.384  0.4524E-01  0.1636E-01  0.7517E-03  0.5933E-03  0.7885E-02  0.4291E-02  0.5216E-04  0.2352E-04  0.3836E-03  0.6028E-04  0.3584E-01  0.1562E-01  0.1439E+00  0.3575E-01  0.2155E-02  0.3513E-03  0.1763E-02  0.8875E-03
     -4.374  0.5300E-01  0.1786E-01  0.9018E-03  0.6602E-03  0.9165E-02  0.4641E-02  0.5683E-04  0.2369E-04  0.4116E-03  0.5897E-04  0.4310E-01  0.1733E-01  0.1658E+00  0.3825E-01  0.2371E-02  0.3564E-03  0.2054E-02  0.9942E-03
     -4.364  0.5890E-01  0.1951E-01  0.1015E-02  0.7307E-03  0.1014E-01  0.5031E-02  0.5673E-04  0.2434E-04  0.4113E-03  0.5862E-04  0.4866E-01  0.1916E-01  0.1829E+00  0.4110E-01  0.2404E-02  0.3687E-03  0.2269E-02  0.1103E-02
     -4.354  0.6480E-01  0.2032E-01  0.1133E-02  0.7557E-03  0.1111E-01  0.5248E-02  0.5723E-04  0.2589E-04  0.4165E-03  0.6027E-04  0.5440E-01  0.1989E-01  0.2001E+00  0.4299E-01  0.2463E-02  0.3941E-03  0.2516E-02  0.1141E-02
     -4.344  0.7958E-01  0.2108E-01  0.1494E-02  0.7760E-03  0.1354E-01  0.5459E-02  0.8051E-04  0.2784E-04  0.5309E-03  0.6329E-04  0.7046E-01  0.2050E-01  0.2420E+00  0.4504E-01  0.3497E-02  0.4251E-03  0.3461E-02  0.1178E-02
     -4.334  0.9312E-01  0.2172E-01  0.1869E-02  0.7925E-03  0.1571E-01  0.5636E-02  0.1069E-03  0.2945E-04  0.6636E-03  0.6540E-04  0.8669E-01  0.2101E-01  0.2785E+00  0.4684E-01  0.4646E-02  0.4510E-03  0.4510E-02  0.1211E-02
     -4.324  0.7258E-01  0.2424E-01  0.1500E-02  0.8884E-03  0.1233E-01  0.6294E-02  0.1038E-03  0.3494E-04  0.6683E-03  0.7543E-04  0.6808E-01  0.2342E-01  0.2262E+00  0.5272E-01  0.4572E-02  0.5379E-03  0.4239E-02  0.1383E-02
     -4.314  0.6437E-01  0.2740E-01  0.1477E-02  0.1010E-02  0.1094E-01  0.7122E-02  0.1219E-03  0.4223E-04  0.8002E-03  0.8887E-04  0.6474E-01  0.2645E-01  0.2102E+00  0.6017E-01  0.5485E-02  0.6536E-03  0.5115E-02  0.1601E-02
     -4.304  0.5603E-01  0.4891E-01  0.1335E-02  0.1565E-02  0.9725E-02  0.1289E-01  0.1335E-03  0.7293E-04  0.9207E-03  0.1447E-03  0.5606E-01  0.4417E-01  0.2028E+00  0.1105E+00  0.6077E-02  0.1129E-02  0.5685E-02  0.2217E-02
     -4.294  0.4477E-01  0.1903E-01  0.1229E-02  0.7227E-03  0.7298E-02  0.5014E-02  0.1189E-03  0.4132E-04  0.7921E-03  0.8398E-04  0.5346E-01  0.1804E-01  0.1415E+00  0.4461E-01  0.5486E-02  0.6517E-03  0.4563E-02  0.1294E-02
     -4.284  0.5025E-01  0.1857E-01  0.1360E-02  0.7271E-03  0.8117E-02  0.4825E-02  0.1573E-03  0.3696E-04  0.1005E-02  0.7246E-04  0.5971E-01  0.1815E-01  0.1599E+00  0.4247E-01  0.7244E-02  0.5867E-03  0.5114E-02  0.1282E-02
     -4.274  0.4954E-01  0.1820E-01  0.1339E-02  0.7200E-03  0.8090E-02  0.4675E-02  0.1968E-03  0.3232E-04  0.1227E-02  0.6307E-04  0.5793E-01  0.1811E-01  0.1643E+00  0.4059E-01  0.9036E-02  0.5140E-03  0.5340E-02  0.1238E-02
     -4.264  0.4823E-01  0.1998E-01  0.1311E-02  0.7898E-03  0.7967E-02  0.5111E-02  0.2288E-03  0.3551E-04  0.1414E-02  0.7135E-04  0.5576E-01  0.1997E-01  0.1669E+00  0.4419E-01  0.1049E-01  0.5655E-03  0.5554E-02  0.1332E-02
     -4.254  0.4583E-01  0.2324E-01  0.1301E-02  0.9039E-03  0.7582E-02  0.5939E-02  0.2238E-03  0.4446E-04  0.1406E-02  0.9338E-04  0.5454E-01  0.2311E-01  0.1624E+00  0.5133E-01  0.1029E-01  0.7093E-03  0.5758E-02  0.1488E-02
     -4.244  0.4808E-01  0.2577E-01  0.1511E-02  0.9844E-03  0.7985E-02  0.6597E-02  0.2366E-03  0.5463E-04  0.1525E-02  0.1189E-03  0.6142E-01  0.2537E-01  0.1766E+00  0.5726E-01  0.1094E-01  0.8728E-03  0.7114E-02  0.1601E-02
     -4.234  0.4130E-01  0.2755E-01  0.1302E-02  0.1031E-02  0.6762E-02  0.7085E-02  0.1833E-03  0.6603E-04  0.1171E-02  0.1479E-03  0.5370E-01  0.2675E-01  0.1483E+00  0.6200E-01  0.8491E-02  0.1056E-02  0.5989E-02  0.1670E-02
     -4.224  0.3451E-01  0.2639E-01  0.1047E-02  0.9664E-03  0.5522E-02  0.6864E-02  0.1279E-03  0.7670E-04  0.8168E-03  0.1766E-03  0.4470E-01  0.2503E-01  0.1183E+00  0.6135E-01  0.5951E-02  0.1227E-02  0.4538E-02  0.1608E-02
     -4.214  0.2838E-01  0.2211E-01  0.7732E-03  0.8069E-03  0.4393E-02  0.5831E-02  0.7690E-04  0.6878E-04  0.5089E-03  0.1602E-03  0.3531E-01  0.2067E-01  0.9015E-01  0.5376E-01  0.3618E-02  0.1101E-02  0.2930E-02  0.1426E-02
     -4.204  0.2652E-01  0.1888E-01  0.6397E-03  0.6900E-03  0.4007E-02  0.4999E-02  0.5740E-04  0.5643E-04  0.3995E-03  0.1294E-03  0.3118E-01  0.1763E-01  0.7932E-01  0.4685E-01  0.2711E-02  0.9044E-03  0.2063E-02  0.1258E-02
     -4.194  0.2554E-01  0.1106E-01  0.5553E-03  0.4015E-03  0.3778E-02  0.2963E-02  0.4281E-04  0.3940E-04  0.3178E-03  0.8736E-04  0.2872E-01  0.1017E-01  0.7251E-01  0.2833E-01  0.2020E-02  0.6332E-03  0.1476E-02  0.7544E-03
     -4.184  0.2659E-01  0.4353E-02  0.5530E-03  0.1469E-03  0.3936E-02  0.1214E-02  0.5188E-04  0.2061E-04  0.3934E-03  0.4931E-04  0.2901E-01  0.3619E-02  0.7624E-01  0.1241E-01  0.2445E-02  0.3347E-03  0.1424E-02  0.3067E-03
     -4.174  0.2771E-01  0.4775E-02  0.5499E-03  0.1534E-03  0.4106E-02  0.1341E-02  0.6204E-04  0.2438E-04  0.4781E-03  0.5867E-04  0.2927E-01  0.3815E-02  0.8030E-01  0.1392E-01  0.2922E-02  0.3958E-03  0.1369E-02  0.3239E-03
     -4.164  0.5821E-01  0.9334E-02  0.2655E-02  0.3790E-03  0.9300E-02  0.2528E-02  0.4115E-03  0.4767E-04  0.2596E-02  0.1090E-03  0.1018E+00  0.8658E-02  0.2328E+00  0.2604E-01  0.1955E-01  0.7731E-03  0.1423E-01  0.8341E-03
     -4.154  0.6489E-01  0.2333E-01  0.1627E-02  0.9345E-03  0.9414E-02  0.5942E-02  0.1557E-03  0.8816E-04  0.1133E-02  0.2221E-03  0.8034E-01  0.2268E-01  0.1884E+00  0.5795E-01  0.7575E-02  0.1422E-02  0.5273E-02  0.1868E-02
     -4.144  0.1340E+00  0.2013E-01  0.2991E-02  0.9550E-03  0.1917E-01  0.4949E-02  0.2411E-03  0.5933E-04  0.2070E-02  0.1493E-03  0.1573E+00  0.2259E-01  0.3674E+00  0.4726E-01  0.1196E-01  0.9557E-03  0.7777E-02  0.1912E-02
     -4.134  0.1256E+00  0.2340E-01  0.2716E-02  0.1071E-02  0.1789E-01  0.5734E-02  0.2094E-03  0.5929E-04  0.1697E-02  0.1520E-03  0.1451E+00  0.2606E-01  0.3429E+00  0.5455E-01  0.1052E-01  0.9495E-03  0.6794E-02  0.2090E-02
     -4.124  0.9505E-01  0.1830E-01  0.2059E-02  0.8652E-03  0.1352E-01  0.4375E-02  0.1786E-03  0.3993E-04  0.1566E-02  0.1030E-03  0.1099E+00  0.2123E-01  0.2616E+00  0.4071E-01  0.9095E-02  0.6398E-03  0.5281E-02  0.1657E-02
     -4.114  0.7699E-01  0.1761E-01  0.1613E-02  0.7778E-03  0.1103E-01  0.4037E-02  0.1609E-03  0.2558E-04  0.1493E-02  0.7317E-04  0.8651E-01  0.2066E-01  0.2173E+00  0.3605E-01  0.8328E-02  0.4099E-03  0.4174E-02  0.1355E-02
     -4.104  0.1595E+00  0.1699E-01  0.2546E-02  0.7079E-03  0.2309E-01  0.3864E-02  0.2093E-03  0.2133E-04  0.2047E-02  0.6448E-04  0.1483E+00  0.1960E-01  0.4754E+00  0.3453E-01  0.1098E-01  0.3439E-03  0.5201E-02  0.1182E-02
     -4.094  0.1802E+00  0.1577E-01  0.2781E-02  0.6401E-03  0.2605E-01  0.3566E-02  0.2378E-03  0.2054E-04  0.2321E-02  0.6413E-04  0.1639E+00  0.1808E-01  0.5420E+00  0.3216E-01  0.1259E-01  0.3350E-03  0.5588E-02  0.1053E-02
     -4.084  0.1944E+00  0.1809E-01  0.3083E-02  0.7434E-03  0.2792E-01  0.4052E-02  0.3010E-03  0.2693E-04  0.2819E-02  0.8398E-04  0.1805E+00  0.2097E-01  0.5871E+00  0.3658E-01  0.1606E-01  0.4475E-03  0.6754E-02  0.1240E-02
     -4.074  0.2175E+00  0.2060E-01  0.3595E-02  0.8596E-03  0.3101E-01  0.4576E-02  0.3832E-03  0.3393E-04  0.3444E-02  0.1053E-03  0.2085E+00  0.2414E-01  0.6567E+00  0.4132E-01  0.2055E-01  0.5710E-03  0.8535E-02  0.1455E-02
     -4.064  0.2079E+00  0.2371E-01  0.3682E-02  0.1019E-02  0.2942E-01  0.5222E-02  0.4375E-03  0.4347E-04  0.3925E-02  0.1387E-03  0.2097E+00  0.2827E-01  0.6257E+00  0.4711E-01  0.2356E-01  0.7396E-03  0.9625E-02  0.1766E-02
     -4.054  0.1667E+00  0.2857E-01  0.3230E-02  0.1312E-02  0.2338E-01  0.6208E-02  0.4543E-03  0.6156E-04  0.3931E-02  0.2074E-03  0.1794E+00  0.3527E-01  0.4983E+00  0.5575E-01  0.2451E-01  0.1058E-02  0.9395E-02  0.2375E-02
     -4.044  0.1106E+00  0.3379E-01  0.2714E-02  0.1646E-02  0.1503E-01  0.7258E-02  0.5324E-03  0.8244E-04  0.4699E-02  0.2759E-03  0.1425E+00  0.4306E-01  0.3193E+00  0.6486E-01  0.2886E-01  0.1426E-02  0.9672E-02  0.3083E-02
     -4.034  0.9622E-01  0.3425E-01  0.1967E-02  0.1490E-02  0.1328E-01  0.7446E-02  0.4145E-03  0.6705E-04  0.3767E-02  0.2380E-03  0.1076E+00  0.4124E-01  0.2936E+00  0.6753E-01  0.2249E-01  0.1163E-02  0.6554E-02  0.2627E-02
     -4.024  0.8620E-01  0.3119E-01  0.1594E-02  0.1193E-02  0.1192E-01  0.6875E-02  0.3317E-03  0.5081E-04  0.3014E-02  0.1943E-03  0.8982E-01  0.3518E-01  0.2681E+00  0.6363E-01  0.1802E-01  0.8833E-03  0.5109E-02  0.1977E-02
     -4.014  0.9070E-01  0.2706E-01  0.1534E-02  0.9103E-03  0.1254E-01  0.6050E-02  0.3110E-03  0.3596E-04  0.2811E-02  0.1421E-03  0.8916E-01  0.2861E-01  0.2849E+00  0.5724E-01  0.1703E-01  0.6276E-03  0.4699E-02  0.1428E-02
     -4.004  0.9247E-01  0.2928E-01  0.1533E-02  0.8857E-03  0.1273E-01  0.6623E-02  0.3136E-03  0.4141E-04  0.2803E-02  0.1719E-03  0.9015E-01  0.2943E-01  0.2910E+00  0.6390E-01  0.1731E-01  0.7258E-03  0.4713E-02  0.1310E-02
     -3.994  0.1135E+00  0.4431E-01  0.1889E-02  0.1263E-02  0.1544E-01  0.1005E-01  0.3843E-03  0.5866E-04  0.3798E-02  0.2480E-03  0.1121E+00  0.4364E-01  0.3571E+00  0.9771E-01  0.2159E-01  0.1032E-02  0.5956E-02  0.1763E-02
     -3.984  0.1266E+00  0.4976E-01  0.2115E-02  0.1387E-02  0.1695E-01  0.1130E-01  0.4506E-03  0.7662E-04  0.4364E-02  0.3266E-03  0.1277E+00  0.4852E-01  0.3886E+00  0.1104E+00  0.2573E-01  0.1351E-02  0.6431E-02  0.1915E-02
     -3.974  0.1430E+00  0.5699E-01  0.2383E-02  0.1545E-02  0.1889E-01  0.1297E-01  0.5803E-03  0.9550E-04  0.5060E-02  0.4062E-03  0.1461E+00  0.5484E-01  0.4296E+00  0.1276E+00  0.3335E-01  0.1688E-02  0.6953E-02  0.2112E-02
     -3.964  0.1664E+00  0.6398E-01  0.2716E-02  0.1705E-02  0.2188E-01  0.1453E-01  0.7290E-03  0.6893E-04  0.5853E-02  0.2833E-03  0.1680E+00  0.6135E-01  0.5005E+00  0.1434E+00  0.4179E-01  0.1220E-02  0.7857E-02  0.2296E-02
     -3.954  0.1231E+00  0.9728E-01  0.2204E-02  0.2686E-02  0.1603E-01  0.2182E-01  0.4526E-03  0.1066E-03  0.4393E-02  0.4607E-03  0.1332E+00  0.9516E-01  0.3689E+00  0.2146E+00  0.2647E-01  0.1921E-02  0.7075E-02  0.3731E-02
     -3.944  0.1338E+00  0.1105E+00  0.2437E-02  0.3089E-02  0.1730E-01  0.2462E-01  0.4700E-03  0.1086E-03  0.4603E-02  0.4731E-03  0.1474E+00  0.1093E+00  0.4000E+00  0.2422E+00  0.2761E-01  0.1960E-02  0.7991E-02  0.4336E-02
     -3.934  0.1236E+00  0.9284E-01  0.2357E-02  0.2656E-02  0.1598E-01  0.2050E-01  0.4779E-03  0.1022E-03  0.4796E-02  0.4530E-03  0.1398E+00  0.9302E-01  0.3843E+00  0.2015E+00  0.2834E-01  0.1850E-02  0.8656E-02  0.3829E-02
     -3.924  0.6448E-01  0.7267E-01  0.1176E-02  0.2190E-02  0.8538E-02  0.1581E-01  0.3251E-03  0.9982E-04  0.3115E-02  0.4426E-03  0.6842E-01  0.7480E-01  0.2156E+00  0.1547E+00  0.1953E-01  0.1813E-02  0.4986E-02  0.3320E-02
     -3.914  0.5198E-01  0.9457E-01  0.9625E-03  0.2842E-02  0.6833E-02  0.2046E-01  0.2974E-03  0.1221E-03  0.2862E-02  0.4999E-03  0.5642E-01  0.9750E-01  0.1707E+00  0.2002E+00  0.1808E-01  0.2220E-02  0.3925E-02  0.4322E-02
     -3.903  0.3810E-01  0.1608E+00  0.7549E-03  0.4639E-02  0.4893E-02  0.3499E-01  0.2596E-03  0.1622E-03  0.2494E-02  0.5920E-03  0.4480E-01  0.1622E+00  0.1166E+00  0.3465E+00  0.1598E-01  0.2956E-02  0.2751E-02  0.6914E-02
     -3.893  0.2041E-01  0.5256E+00  0.3919E-03  0.1411E-01  0.2654E-02  0.1148E+00  0.2019E-03  0.4354E-03  0.1931E-02  0.1180E-02  0.2341E-01  0.5141E+00  0.6372E-01  0.1150E+01  0.1259E-01  0.7947E-02  0.1468E-02  0.2004E-01
     -3.883  0.1520E-01  0.4990E+00  0.3458E-03  0.1382E-01  0.2002E-02  0.1079E+00  0.1773E-03  0.3531E-03  0.1703E-02  0.9173E-03  0.1969E-01  0.4982E+00  0.5165E-01  0.1075E+01  0.1125E-01  0.6478E-02  0.1729E-02  0.1989E-01
     -3.873  0.1139E-01  0.4137E+00  0.4088E-03  0.1173E-01  0.1512E-02  0.8885E-01  0.1590E-03  0.2420E-03  0.1530E-02  0.6607E-03  0.2170E-01  0.4192E+00  0.4436E-01  0.8813E+00  0.1038E-01  0.4453E-02  0.2742E-02  0.1711E-01
     -3.863  0.8259E-02  0.2293E+00  0.5040E-03  0.6552E-02  0.1113E-02  0.4911E-01  0.1421E-03  0.1028E-03  0.1375E-02  0.3079E-03  0.2538E-01  0.2335E+00  0.4005E-01  0.4889E+00  0.9662E-02  0.1899E-02  0.3996E-02  0.9639E-02
     -3.853  0.1661E-01  0.8972E-01  0.1183E-02  0.2492E-02  0.2382E-02  0.1915E-01  0.2866E-03  0.2596E-04  0.2726E-02  0.7242E-04  0.5548E-01  0.9057E-01  0.1043E+00  0.1910E+00  0.1961E-01  0.4788E-03  0.1040E-01  0.3579E-02
     -3.843  0.1961E-01  0.3336E-01  0.1574E-02  0.9307E-03  0.2698E-02  0.7111E-02  0.3479E-03  0.1310E-04  0.3249E-02  0.3654E-04  0.7512E-01  0.3370E-01  0.1164E+00  0.7129E-01  0.2387E-01  0.2425E-03  0.1329E-01  0.1354E-02
     -3.833  0.2514E-01  0.3777E-02  0.2062E-02  0.1210E-03  0.3273E-02  0.7922E-03  0.4179E-03  0.8421E-05  0.3910E-02  0.2350E-04  0.1005E+00  0.3997E-02  0.1343E+00  0.8354E-02  0.2879E-01  0.1573E-03  0.1663E-01  0.2024E-03
     -3.823  0.3077E-01  0.4937E-02  0.2571E-02  0.1608E-03  0.3858E-02  0.1032E-02  0.4929E-03  0.1134E-04  0.4644E-02  0.3143E-04  0.1270E+00  0.5283E-02  0.1530E+00  0.1081E-01  0.3407E-01  0.2120E-03  0.2016E-01  0.2682E-03
     -3.813  0.3633E-01  0.6574E-02  0.3097E-02  0.2243E-03  0.4435E-02  0.1359E-02  0.5725E-03  0.1450E-04  0.5447E-02  0.4005E-04  0.1543E+00  0.7271E-02  0.1720E+00  0.1420E-01  0.3969E-01  0.2717E-03  0.2384E-01  0.3913E-03
     -3.803  0.4176E-01  0.8282E-02  0.3635E-02  0.2930E-03  0.4996E-02  0.1697E-02  0.6532E-03  0.1767E-04  0.6277E-02  0.4876E-04  0.1822E+00  0.9399E-02  0.1912E+00  0.1770E-01  0.4542E-01  0.3318E-03  0.2766E-01  0.5290E-03
     -3.793  0.5007E-01  0.1014E-01  0.5259E-02  0.3708E-03  0.5810E-02  0.2061E-02  0.8180E-03  0.2101E-04  0.8369E-02  0.5793E-04  0.2629E+00  0.1176E-01  0.2291E+00  0.2154E-01  0.5701E-01  0.3954E-03  0.3998E-01  0.6888E-03
     -3.783  0.5940E-01  0.1197E-01  0.8515E-02  0.4494E-03  0.6254E-02  0.2419E-02  0.9928E-03  0.2431E-04  0.1132E-01  0.6707E-04  0.4286E+00  0.1413E-01  0.2512E+00  0.2533E-01  0.6974E-01  0.4586E-03  0.6369E-01  0.8527E-03
     -3.773  0.4991E-01  0.1741E-01  0.6435E-02  0.6631E-03  0.5540E-02  0.3526E-02  0.8991E-03  0.5035E-04  0.1021E-01  0.1387E-03  0.3251E+00  0.2045E-01  0.2340E+00  0.3752E-01  0.6394E-01  0.9549E-03  0.4931E-01  0.1339E-02
     -3.763  0.4568E-01  0.2998E-01  0.5626E-02  0.1163E-02  0.5172E-02  0.6118E-02  0.7845E-03  0.1144E-03  0.8899E-02  0.3233E-03  0.2855E+00  0.3489E-01  0.2236E+00  0.6698E-01  0.5626E-01  0.2177E-02  0.4375E-01  0.2514E-02
     -3.753  0.4152E-01  0.3741E-01  0.4912E-02  0.1482E-02  0.4830E-02  0.7651E-02  0.6788E-03  0.1315E-03  0.7639E-02  0.3775E-03  0.2500E+00  0.4387E-01  0.2161E+00  0.8542E-01  0.4913E-01  0.2507E-02  0.3903E-01  0.3322E-02
     -3.743  0.3718E-01  0.6437E-01  0.4274E-02  0.2354E-02  0.4452E-02  0.1322E-01  0.5626E-03  0.1670E-03  0.6256E-02  0.5002E-03  0.2181E+00  0.7285E-01  0.2074E+00  0.1486E+00  0.4122E-01  0.3192E-02  0.3485E-01  0.5206E-02
     -3.733  0.2549E-01  0.7853E-01  0.3794E-02  0.2938E-02  0.3062E-02  0.1607E-01  0.4362E-03  0.1909E-03  0.4738E-02  0.5984E-03  0.1937E+00  0.9005E-01  0.1603E+00  0.1814E+00  0.3262E-01  0.3661E-02  0.3166E-01  0.6613E-02
     -3.723  0.2338E-01  0.7211E-01  0.3557E-02  0.2943E-02  0.2862E-02  0.1459E-01  0.4454E-03  0.1837E-03  0.4793E-02  0.6013E-03  0.1822E+00  0.8688E-01  0.1556E+00  0.1650E+00  0.3353E-01  0.3534E-02  0.3017E-01  0.6826E-02
     -3.713  0.2597E-01  0.7209E-01  0.6035E-02  0.3204E-02  0.3187E-02  0.1430E-01  0.7127E-03  0.1807E-03  0.7442E-02  0.6233E-03  0.3102E+00  0.9208E-01  0.2098E+00  0.1607E+00  0.5403E-01  0.3485E-02  0.5205E-01  0.7541E-02
     -3.703  0.1817E-01  0.9360E-01  0.2417E-02  0.4408E-02  0.2435E-02  0.1780E-01  0.4417E-03  0.1835E-03  0.5006E-02  0.6818E-03  0.1253E+00  0.1274E+00  0.1444E+00  0.1917E+00  0.3426E-01  0.3468E-02  0.2219E-01  0.1008E-01
     -3.693  0.2056E-01  0.4937E-01  0.6336E-02  0.2167E-02  0.2723E-02  0.9680E-02  0.8899E-03  0.9506E-04  0.9195E-02  0.2938E-03  0.3293E+00  0.6315E-01  0.2207E+00  0.1105E+00  0.6985E-01  0.1868E-02  0.5722E-01  0.5174E-02
     -3.683  0.1821E-01  0.3485E-01  0.4644E-02  0.1108E-02  0.2452E-02  0.7156E-02  0.7587E-03  0.6966E-04  0.8049E-02  0.1539E-03  0.2427E+00  0.3678E-01  0.1931E+00  0.8639E-01  0.6246E-01  0.1392E-02  0.4260E-01  0.2581E-02
     -3.673  0.1715E-01  0.3079E-01  0.3368E-02  0.1061E-02  0.2151E-02  0.6246E-02  0.9224E-03  0.6337E-04  0.9878E-02  0.1333E-03  0.1788E+00  0.3410E-01  0.1546E+00  0.7560E-01  0.7751E-01  0.1275E-02  0.3077E-01  0.2533E-02
     -3.663  0.1909E-01  0.3013E-01  0.2572E-02  0.1091E-02  0.2245E-02  0.6061E-02  0.1271E-02  0.6297E-04  0.1374E-01  0.1322E-03  0.1394E+00  0.3446E-01  0.1409E+00  0.7306E-01  0.1077E+00  0.1270E-02  0.2336E-01  0.2631E-02
     -3.653  0.2326E-01  0.3114E-01  0.1950E-02  0.1181E-02  0.2607E-02  0.6215E-02  0.1716E-02  0.6925E-04  0.1883E-01  0.1491E-03  0.1092E+00  0.3663E-01  0.1407E+00  0.7477E-01  0.1466E+00  0.1399E-02  0.1750E-01  0.2878E-02
     -3.643  0.2850E-01  0.3429E-01  0.2005E-02  0.1413E-02  0.3162E-02  0.6758E-02  0.2256E-02  0.8822E-04  0.2485E-01  0.1966E-03  0.1140E+00  0.4231E-01  0.1640E+00  0.8148E-01  0.1935E+00  0.1786E-02  0.1799E-01  0.3535E-02
     -3.633  0.3515E-01  0.3719E-01  0.2349E-02  0.1630E-02  0.3904E-02  0.7264E-02  0.2906E-02  0.1076E-03  0.3213E-01  0.2456E-03  0.1343E+00  0.4754E-01  0.2022E+00  0.8795E-01  0.2503E+00  0.2181E-02  0.2122E-01  0.4162E-02
     -3.623  0.3914E-01  0.4035E-01  0.2449E-02  0.1845E-02  0.4296E-02  0.7829E-02  0.3364E-02  0.1269E-03  0.3754E-01  0.2954E-03  0.1418E+00  0.5281E-01  0.2181E+00  0.9542E-01  0.2914E+00  0.2574E-02  0.2195E-01  0.4785E-02
     -3.613  0.4294E-01  0.4347E-01  0.2456E-02  0.2041E-02  0.4624E-02  0.8399E-02  0.3845E-02  0.1450E-03  0.4328E-01  0.3435E-03  0.1453E+00  0.5770E-01  0.2270E+00  0.1032E+00  0.3351E+00  0.2944E-02  0.2158E-01  0.5358E-02
     -3.603  0.6115E-01  0.4454E-01  0.2514E-02  0.2135E-02  0.6357E-02  0.8558E-02  0.6354E-02  0.1527E-03  0.7037E-01  0.3674E-03  0.1575E+00  0.5988E-01  0.2822E+00  0.1060E+00  0.5524E+00  0.3105E-02  0.2068E-01  0.5647E-02
     -3.593  0.5636E-01  0.4561E-01  0.2181E-02  0.2221E-02  0.5793E-02  0.8724E-02  0.5723E-02  0.1601E-03  0.6513E-01  0.3907E-03  0.1397E+00  0.6190E-01  0.2536E+00  0.1089E+00  0.5028E+00  0.3258E-02  0.1757E-01  0.5915E-02
     -3.583  0.3977E-01  0.4709E-01  0.1525E-02  0.2314E-02  0.4070E-02  0.8981E-02  0.4282E-02  0.1696E-03  0.4981E-01  0.4195E-03  0.9903E-01  0.6422E-01  0.1776E+00  0.1131E+00  0.3823E+00  0.3453E-02  0.1230E-01  0.6194E-02
     -3.573  0.1996E-01  0.6169E-01  0.8788E-03  0.2857E-02  0.2034E-02  0.1173E-01  0.2715E-02  0.2194E-03  0.3234E-01  0.5679E-03  0.5769E-01  0.8174E-01  0.8860E-01  0.1493E+00  0.2496E+00  0.4456E-02  0.7233E-02  0.7495E-02
     -3.563  0.1449E-01  0.6514E-01  0.7727E-03  0.2911E-02  0.1478E-02  0.1205E-01  0.2649E-02  0.1956E-03  0.3157E-01  0.5196E-03  0.5067E-01  0.8705E-01  0.6503E-01  0.1499E+00  0.2463E+00  0.3999E-02  0.6537E-02  0.7450E-02
     -3.553  0.1590E-01  0.6801E-01  0.8737E-03  0.2978E-02  0.1620E-02  0.1261E-01  0.3080E-02  0.2034E-03  0.3675E-01  0.5384E-03  0.5746E-01  0.8962E-01  0.7193E-01  0.1585E+00  0.2866E+00  0.4172E-02  0.7446E-02  0.7663E-02
     -3.543  0.1731E-01  0.7062E-01  0.9787E-03  0.3130E-02  0.1746E-02  0.1315E-01  0.3536E-02  0.2170E-03  0.4229E-01  0.5657E-03  0.6477E-01  0.9307E-01  0.7794E-01  0.1678E+00  0.3293E+00  0.4471E-02  0.8370E-02  0.8227E-02
     -3.533  0.1903E-01  0.7942E-01  0.1090E-02  0.3606E-02  0.1878E-02  0.1495E-01  0.4029E-02  0.2708E-03  0.4841E-01  0.6804E-03  0.7301E-01  0.1046E+00  0.8355E-01  0.1958E+00  0.3758E+00  0.5615E-02  0.9293E-02  0.9844E-02
     -3.523  0.2028E-01  0.1003E+00  0.1264E-02  0.4115E-02  0.2025E-02  0.1917E-01  0.6238E-02  0.4190E-03  0.7641E-01  0.1050E-02  0.8553E-01  0.1222E+00  0.1027E+00  0.2584E+00  0.5869E+00  0.8763E-02  0.1160E-01  0.1133E-01
     -3.513  0.3111E-01  0.9546E-01  0.2172E-02  0.3262E-02  0.3235E-02  0.1818E-01  0.1719E-01  0.3453E-03  0.2128E+00  0.8800E-03  0.1452E+00  0.1069E+00  0.1956E+00  0.2432E+00  0.1629E+01  0.7232E-02  0.2160E-01  0.8462E-02
     -3.503  0.3499E-01  0.8619E-01  0.2382E-02  0.2296E-02  0.3538E-02  0.1635E-01  0.1928E-01  0.2593E-03  0.2394E+00  0.6818E-03  0.1614E+00  0.8715E-01  0.2092E+00  0.2170E+00  0.1833E+01  0.5436E-02  0.2349E-01  0.5345E-02
     -3.493  0.6554E-01  0.7948E-01  0.1389E-02  0.1754E-02  0.6211E-02  0.1499E-01  0.9721E-02  0.2024E-03  0.1256E+00  0.5394E-03  0.1061E+00  0.7546E-01  0.3026E+00  0.1978E+00  0.9380E+00  0.4252E-02  0.1255E-01  0.3630E-02
     -3.483  0.6709E-01  0.7415E-01  0.2589E-02  0.1541E-02  0.6178E-02  0.1385E-01  0.1091E-01  0.1648E-03  0.1420E+00  0.4308E-03  0.1917E+00  0.6988E-01  0.3137E+00  0.1819E+00  0.1065E+01  0.3475E-02  0.2369E-01  0.3005E-02
     -3.473  0.6382E-01  0.6997E-01  0.3492E-02  0.1373E-02  0.5665E-02  0.1296E-01  0.1149E-01  0.1385E-03  0.1510E+00  0.3524E-03  0.2582E+00  0.6538E-01  0.2941E+00  0.1699E+00  0.1134E+01  0.2932E-02  0.3211E-01  0.2530E-02
     -3.463  0.4448E-01  0.6845E-01  0.3496E-02  0.1265E-02  0.3774E-02  0.1265E-01  0.8341E-02  0.1337E-03  0.1116E+00  0.3365E-03  0.2577E+00  0.6269E-01  0.2039E+00  0.1669E+00  0.8338E+00  0.2844E-02  0.3279E-01  0.2256E-02
     -3.453  0.3681E-01  0.7512E-01  0.3461E-02  0.1431E-02  0.3003E-02  0.1383E-01  0.7773E-02  0.1566E-03  0.1058E+00  0.3922E-03  0.2564E+00  0.6937E-01  0.1653E+00  0.1842E+00  0.7876E+00  0.3343E-02  0.3272E-01  0.2691E-02
     -3.443  0.3036E-01  0.8281E-01  0.3432E-02  0.1608E-02  0.2341E-02  0.1521E-01  0.7364E-02  0.1826E-03  0.1020E+00  0.4585E-03  0.2559E+00  0.7683E-01  0.1317E+00  0.2042E+00  0.7577E+00  0.3908E-02  0.3266E-01  0.3134E-02
     -3.433  0.2710E-01  0.9089E-01  0.3451E-02  0.1778E-02  0.1973E-02  0.1666E-01  0.7335E-02  0.2094E-03  0.1033E+00  0.5284E-03  0.2596E+00  0.8438E-01  0.1115E+00  0.2252E+00  0.7651E+00  0.4491E-02  0.3298E-01  0.3548E-02
     -3.423  0.2873E-01  0.1027E+00  0.3587E-02  0.1977E-02  0.2054E-02  0.1874E-01  0.8007E-02  0.2383E-03  0.1138E+00  0.6090E-03  0.2726E+00  0.9490E-01  0.1129E+00  0.2562E+00  0.8418E+00  0.5124E-02  0.3428E-01  0.3997E-02
     -3.413  0.3698E-01  0.1183E+00  0.3821E-02  0.2203E-02  0.2661E-02  0.2147E-01  0.1012E-01  0.2627E-03  0.1445E+00  0.6738E-03  0.2975E+00  0.1082E+00  0.1346E+00  0.2967E+00  0.1074E+01  0.5658E-02  0.3633E-01  0.4448E-02
     -3.403  0.4611E-01  0.1286E+00  0.4035E-02  0.2370E-02  0.3331E-02  0.2316E-01  0.1271E-01  0.2524E-03  0.1816E+00  0.6333E-03  0.3220E+00  0.1184E+00  0.1583E+00  0.3211E+00  0.1360E+01  0.5433E-02  0.3813E-01  0.4743E-02
     -3.393  0.4683E-01  0.1499E+00  0.3869E-02  0.2689E-02  0.3304E-02  0.2680E-01  0.1388E-01  0.2658E-03  0.2005E+00  0.6379E-03  0.3157E+00  0.1380E+00  0.1487E+00  0.3726E+00  0.1501E+01  0.5735E-02  0.3586E-01  0.5222E-02
     -3.383  0.4188E-01  0.1542E+00  0.3349E-02  0.2398E-02  0.2860E-02  0.2756E-01  0.1207E-01  0.2325E-03  0.1778E+00  0.5259E-03  0.2789E+00  0.1351E+00  0.1235E+00  0.3863E+00  0.1316E+01  0.5072E-02  0.3049E-01  0.4120E-02
     -3.373  0.2919E-01  0.4366E-01  0.2631E-02  0.6375E-03  0.2034E-02  0.7756E-02  0.8766E-02  0.6497E-04  0.1338E+00  0.1339E-03  0.2226E+00  0.3809E-01  0.1054E+00  0.1084E+00  0.9640E+00  0.1431E-02  0.2665E-01  0.9548E-03
     -3.363  0.1401E-01  0.6042E-02  0.3173E-02  0.6386E-04  0.8630E-03  0.1219E-02  0.6381E-02  0.4803E-04  0.1000E+00  0.1371E-03  0.2677E+00  0.3237E-02  0.8077E-01  0.2064E-01  0.7362E+00  0.1099E-02  0.3625E-01  0.2167E-03
     -3.353  0.1406E-01  0.9275E-02  0.3548E-02  0.1391E-03  0.8863E-03  0.1815E-02  0.7787E-02  0.9272E-04  0.1216E+00  0.2786E-03  0.3036E+00  0.6106E-02  0.9832E-01  0.3043E-01  0.9207E+00  0.2103E-02  0.4142E-01  0.4422E-03
     -3.343  0.1713E-01  0.1756E-01  0.4439E-02  0.3402E-03  0.1107E-02  0.3307E-02  0.7714E-02  0.2096E-03  0.1214E+00  0.6334E-03  0.3826E+00  0.1396E-01  0.1278E+00  0.5425E-01  0.9165E+00  0.4726E-02  0.5205E-01  0.1013E-02
     -3.333  0.2745E-01  0.2313E-01  0.6609E-02  0.5031E-03  0.2250E-02  0.4285E-02  0.8323E-02  0.2672E-03  0.1353E+00  0.8151E-03  0.5666E+00  0.1966E-01  0.2695E+00  0.6974E-01  0.9947E+00  0.6034E-02  0.8051E-01  0.1489E-02
     -3.323  0.4121E-01  0.4940E-01  0.1007E-01  0.1729E-02  0.4482E-02  0.8226E-02  0.1427E-01  0.5179E-03  0.2376E+00  0.1622E-02  0.8573E+00  0.6200E-01  0.5964E+00  0.1214E+00  0.1731E+01  0.1166E-01  0.1329E+00  0.4650E-02
     -3.313  0.2103E-01  0.6456E-01  0.5951E-02  0.2715E-02  0.2036E-02  0.1044E-01  0.7036E-02  0.8092E-03  0.1197E+00  0.2702E-02  0.5203E+00  0.9184E-01  0.2900E+00  0.1509E+00  0.8662E+00  0.1813E-01  0.7650E-01  0.7307E-02
     -3.303  0.1325E-01  0.5327E-01  0.4164E-02  0.2290E-02  0.9730E-03  0.8943E-02  0.4597E-02  0.7781E-03  0.8129E-01  0.2726E-02  0.3758E+00  0.7306E-01  0.1490E+00  0.1372E+00  0.5796E+00  0.1744E-01  0.5096E-01  0.6463E-02
     -3.293  0.1192E-01  0.4102E-01  0.4090E-02  0.1770E-02  0.9604E-03  0.7083E-02  0.4459E-02  0.6151E-03  0.8006E-01  0.2140E-02  0.3710E+00  0.5421E-01  0.1612E+00  0.1131E+00  0.5702E+00  0.1380E-01  0.5086E-01  0.5255E-02
     -3.283  0.1281E-01  0.2231E-01  0.1066E-02  0.7829E-03  0.9912E-03  0.4157E-02  0.2234E-02  0.2847E-03  0.4384E-01  0.8863E-03  0.1008E+00  0.2320E-01  0.9630E-01  0.7130E-01  0.2942E+00  0.6432E-02  0.1454E-01  0.2634E-02
     -3.273  0.1737E-01  0.1270E-01  0.1859E-02  0.4286E-03  0.1435E-02  0.2457E-02  0.3282E-02  0.1816E-03  0.6421E-01  0.5560E-03  0.1754E+00  0.1184E-01  0.1563E+00  0.4382E-01  0.4329E+00  0.4118E-02  0.2597E-01  0.1546E-02
     -3.263  0.2082E-01  0.4949E-02  0.2801E-02  0.1113E-03  0.1761E-02  0.1014E-02  0.4580E-02  0.9052E-04  0.8872E-01  0.2615E-03  0.2673E+00  0.2938E-02  0.2108E+00  0.1894E-01  0.6109E+00  0.2077E-02  0.3902E-01  0.4518E-03
     -3.253  0.3832E-01  0.3995E-01  0.6911E-02  0.3315E-02  0.3365E-02  0.6250E-02  0.9302E-02  0.3813E-03  0.1768E+00  0.1266E-02  0.6657E+00  0.8713E-01  0.4467E+00  0.1026E+00  0.1256E+01  0.8826E-02  0.9484E-01  0.1035E-01
     -3.243  0.2086E-01  0.4832E-01  0.3492E-02  0.3805E-02  0.1925E-02  0.7852E-02  0.3744E-02  0.4563E-03  0.7237E-01  0.1484E-02  0.3419E+00  0.9891E-01  0.2650E+00  0.1350E+00  0.5097E+00  0.1060E-01  0.4988E-01  0.1234E-01
     -3.233  0.5956E-02  0.4491E-01  0.8063E-03  0.4131E-02  0.4592E-03  0.7214E-02  0.8226E-03  0.4180E-03  0.1595E-01  0.1366E-02  0.8921E-01  0.1033E+00  0.5823E-01  0.1264E+00  0.1131E+00  0.9758E-02  0.1147E-01  0.1372E-01
     -3.223  0.4900E-02  0.3283E-01  0.7015E-03  0.4392E-02  0.3756E-03  0.5076E-02  0.6891E-03  0.3284E-03  0.1325E-01  0.1119E-02  0.7884E-01  0.1022E+00  0.4924E-01  0.9290E-01  0.9497E-01  0.7721E-02  0.1006E-01  0.1496E-01
     -3.213  0.4387E-02  0.3138E-01  0.6555E-03  0.4823E-02  0.3295E-03  0.4808E-02  0.6154E-03  0.3566E-03  0.1163E-01  0.1240E-02  0.7480E-01  0.1096E+00  0.4480E-01  0.9090E-01  0.8596E-01  0.8412E-02  0.9563E-02  0.1663E-01
     -3.203  0.4983E-02  0.3109E-01  0.7153E-03  0.5088E-02  0.3553E-03  0.4790E-02  0.6483E-03  0.4069E-03  0.1198E-01  0.1449E-02  0.8243E-01  0.1142E+00  0.4831E-01  0.9323E-01  0.9345E-01  0.9613E-02  0.1064E-01  0.1771E-01
     -3.193  0.6636E-02  0.2118E-01  0.8112E-03  0.1990E-02  0.4599E-03  0.4182E-02  0.7760E-03  0.3338E-03  0.1455E-01  0.1075E-02  0.9366E-01  0.4067E-01  0.5873E-01  0.8951E-01  0.1140E+00  0.8024E-02  0.1222E-01  0.7928E-02
     -3.183  0.8617E-02  0.2566E-01  0.9636E-03  0.2322E-02  0.5771E-03  0.4878E-02  0.9263E-03  0.4515E-03  0.1753E-01  0.1369E-02  0.1113E+00  0.4976E-01  0.6999E-01  0.1029E+00  0.1380E+00  0.1098E-01  0.1436E-01  0.9181E-02
     -3.173  0.1612E-01  0.3290E-01  0.1710E-02  0.2850E-02  0.1128E-02  0.6034E-02  0.1191E-02  0.5528E-03  0.2267E-01  0.1725E-02  0.1981E+00  0.6370E-01  0.1419E+00  0.1253E+00  0.1812E+00  0.1348E-01  0.2660E-01  0.1120E-01
     -3.163  0.1279E-01  0.3069E-01  0.1191E-02  0.2649E-02  0.8170E-03  0.5873E-02  0.8430E-03  0.5674E-03  0.1685E-01  0.1789E-02  0.1460E+00  0.5636E-01  0.9403E-01  0.1265E+00  0.1284E+00  0.1393E-01  0.1807E-01  0.1080E-01
     -3.153  0.8214E-02  0.2779E-01  0.9699E-03  0.2489E-02  0.5087E-03  0.5429E-02  0.6806E-03  0.5406E-03  0.1391E-01  0.1711E-02  0.1227E+00  0.5131E-01  0.6494E-01  0.1195E+00  0.1037E+00  0.1335E-01  0.1479E-01  0.1028E-01
     -3.143  0.8910E-02  0.2658E-01  0.2367E-02  0.2290E-02  0.6584E-03  0.5154E-02  0.1047E-02  0.5355E-03  0.2189E-01  0.1707E-02  0.2888E+00  0.4773E-01  0.1377E+00  0.1133E+00  0.1651E+00  0.1329E-01  0.3963E-01  0.9407E-02
     -3.133  0.9845E-02  0.2550E-01  0.3463E-02  0.2079E-02  0.8102E-03  0.4904E-02  0.1102E-02  0.5305E-03  0.2435E-01  0.1708E-02  0.4242E+00  0.4392E-01  0.1978E+00  0.1075E+00  0.1746E+00  0.1323E-01  0.5728E-01  0.8485E-02
     -3.123  0.9054E-02  0.2856E-01  0.1534E-02  0.2240E-02  0.5610E-03  0.5808E-02  0.6905E-03  0.6979E-03  0.1523E-01  0.2157E-02  0.2008E+00  0.4330E-01  0.9487E-01  0.1332E+00  0.1089E+00  0.1752E-01  0.2520E-01  0.9333E-02
     -3.113  0.9269E-02  0.2849E-01  0.1524E-02  0.2137E-02  0.5649E-03  0.5875E-02  0.6660E-03  0.7616E-03  0.1486E-01  0.2345E-02  0.2024E+00  0.3981E-01  0.9521E-01  0.1373E+00  0.1058E+00  0.1923E-01  0.2521E-01  0.8914E-02
     -3.103  0.9574E-02  0.1636E-01  0.1519E-02  0.1106E-02  0.5720E-03  0.2596E-02  0.6456E-03  0.3749E-03  0.1455E-01  0.1424E-02  0.2051E+00  0.2926E-01  0.9580E-01  0.5241E-01  0.1034E+00  0.9597E-02  0.2533E-01  0.3966E-02
     -3.093  0.9961E-02  0.1664E-01  0.1521E-02  0.1049E-02  0.5819E-03  0.2629E-02  0.6286E-03  0.3761E-03  0.1429E-01  0.1435E-02  0.2090E+00  0.2839E-01  0.9663E-01  0.5298E-01  0.1016E+00  0.9667E-02  0.2556E-01  0.3734E-02
     -3.083  0.1031E-01  0.1771E-01  0.1524E-02  0.1056E-02  0.5902E-03  0.2795E-02  0.6110E-03  0.3825E-03  0.1401E-01  0.1461E-02  0.2129E+00  0.2905E-01  0.9743E-01  0.5636E-01  0.9979E-01  0.9864E-02  0.2581E-01  0.3769E-02
     -3.073  0.1064E-01  0.1877E-01  0.1527E-02  0.1065E-02  0.5969E-03  0.2961E-02  0.5930E-03  0.3887E-03  0.1371E-01  0.1486E-02  0.2169E+00  0.2972E-01  0.9819E-01  0.5982E-01  0.9783E-01  0.1006E-01  0.2608E-01  0.3815E-02
     -3.063  0.1096E-01  0.1981E-01  0.1531E-02  0.1077E-02  0.6034E-03  0.3129E-02  0.5754E-03  0.3948E-03  0.1343E-01  0.1509E-02  0.2209E+00  0.3038E-01  0.9890E-01  0.6335E-01  0.9595E-01  0.1025E-01  0.2634E-01  0.3872E-02
     -3.053  0.1133E-01  0.2085E-01  0.1543E-02  0.1090E-02  0.6117E-03  0.3297E-02  0.5592E-03  0.4007E-03  0.1322E-01  0.1532E-02  0.2262E+00  0.3105E-01  0.9986E-01  0.6696E-01  0.9433E-01  0.1044E-01  0.2675E-01  0.3941E-02
     -3.043  0.1173E-01  0.4204E-01  0.1567E-02  0.1578E-02  0.6206E-03  0.7064E-02  0.5431E-03  0.5329E-03  0.1303E-01  0.1879E-02  0.2332E+00  0.4483E-01  0.1012E+00  0.1489E+00  0.9275E-01  0.1398E-01  0.2736E-01  0.6273E-02
     -3.033  0.1212E-01  0.2394E-01  0.1589E-02  0.1107E-02  0.6294E-03  0.3741E-02  0.5265E-03  0.4404E-03  0.1282E-01  0.1630E-02  0.2401E+00  0.3327E-01  0.1026E+00  0.7599E-01  0.9108E-01  0.1165E-01  0.2796E-01  0.4013E-02
     -3.023  0.1253E-01  0.2511E-01  0.1608E-02  0.1148E-02  0.6380E-03  0.3873E-02  0.5091E-03  0.4534E-03  0.1261E-01  0.1667E-02  0.2467E+00  0.3534E-01  0.1039E+00  0.7839E-01  0.8924E-01  0.1206E-01  0.2850E-01  0.4141E-02
     -3.013  0.1300E-01  0.2628E-01  0.1616E-02  0.1194E-02  0.6481E-03  0.3997E-02  0.4868E-03  0.4712E-03  0.1230E-01  0.1713E-02  0.2520E+00  0.3763E-01  0.1054E+00  0.8055E-01  0.8660E-01  0.1263E-01  0.2889E-01  0.4281E-02
     -3.003  0.1349E-01  0.2698E-01  0.1608E-02  0.1216E-02  0.6580E-03  0.4058E-02  0.4595E-03  0.5010E-03  0.1191E-01  0.1796E-02  0.2554E+00  0.3910E-01  0.1068E+00  0.8144E-01  0.8308E-01  0.1355E-01  0.2902E-01  0.4343E-02
     -2.993  0.1397E-01  0.2729E-01  0.1592E-02  0.1222E-02  0.6660E-03  0.4070E-02  0.4286E-03  0.5342E-03  0.1149E-01  0.1890E-02  0.2587E+00  0.3993E-01  0.1082E+00  0.8145E-01  0.7902E-01  0.1458E-01  0.2912E-01  0.4359E-02
     -2.983  0.1445E-01  0.2753E-01  0.1577E-02  0.1226E-02  0.6741E-03  0.4072E-02  0.3980E-03  0.5670E-03  0.1109E-01  0.1982E-02  0.2620E+00  0.4067E-01  0.1097E+00  0.8131E-01  0.7499E-01  0.1560E-01  0.2921E-01  0.4375E-02
     -2.973  0.1493E-01  0.2771E-01  0.1561E-02  0.1230E-02  0.6823E-03  0.4067E-02  0.3678E-03  0.5998E-03  0.1069E-01  0.2072E-02  0.2653E+00  0.4135E-01  0.1111E+00  0.8106E-01  0.7100E-01  0.1663E-01  0.2930E-01  0.4392E-02
     -2.963  0.1713E-01  0.2785E-01  0.1707E-02  0.1235E-02  0.7515E-03  0.4057E-02  0.3186E-03  0.6334E-03  0.1042E-01  0.2163E-02  0.3019E+00  0.4200E-01  0.1225E+00  0.8075E-01  0.6444E-01  0.1768E-01  0.3255E-01  0.4415E-02
     -2.953  0.1863E-01  0.2795E-01  0.1760E-02  0.1240E-02  0.8104E-03  0.4043E-02  0.2871E-03  0.6679E-03  0.1033E-01  0.2256E-02  0.3190E+00  0.4262E-01  0.1354E+00  0.8039E-01  0.6072E-01  0.1876E-01  0.3440E-01  0.4443E-02
     -2.943  0.2114E-01  0.2801E-01  0.1944E-02  0.1246E-02  0.9418E-03  0.4024E-02  0.2913E-03  0.7032E-03  0.1085E-01  0.2351E-02  0.3605E+00  0.4322E-01  0.1680E+00  0.7998E-01  0.6526E-01  0.1987E-01  0.3911E-01  0.4476E-02
     -2.933  0.2469E-01  0.2802E-01  0.2394E-02  0.1253E-02  0.1100E-02  0.4001E-02  0.3310E-03  0.7394E-03  0.1226E-01  0.2447E-02  0.4532E+00  0.4379E-01  0.2098E+00  0.7951E-01  0.7907E-01  0.2100E-01  0.4898E-01  0.4514E-02
     -2.923  0.3253E-01  0.2811E-01  0.3582E-02  0.1267E-02  0.1322E-02  0.3990E-02  0.4823E-03  0.7805E-03  0.1613E-01  0.2565E-02  0.6940E+00  0.4451E-01  0.2552E+00  0.7936E-01  0.1275E+00  0.2226E-01  0.7124E-01  0.4582E-02
     -2.913  0.2787E-01  0.2680E-01  0.2966E-02  0.1304E-02  0.1094E-02  0.3783E-02  0.3961E-03  0.8371E-03  0.1345E-01  0.2767E-02  0.5824E+00  0.4480E-01  0.2074E+00  0.7633E-01  0.1058E+00  0.2397E-01  0.5926E-01  0.4801E-02
     -2.903  0.1761E-01  0.2526E-01  0.1685E-02  0.1371E-02  0.7016E-03  0.3516E-02  0.1916E-03  0.9289E-03  0.9306E-02  0.3121E-02  0.3352E+00  0.4574E-01  0.1354E+00  0.7268E-01  0.4910E-01  0.2675E-01  0.3508E-01  0.5163E-02
     -2.893  0.1517E-01  0.3026E-01  0.1431E-02  0.2059E-02  0.6001E-03  0.4318E-02  0.1478E-03  0.1449E-02  0.8452E-02  0.4949E-02  0.2874E+00  0.6162E-01  0.1192E+00  0.9651E-01  0.3738E-01  0.4151E-01  0.3039E-01  0.7944E-02
     -2.883  0.1471E-01  0.3545E-01  0.1373E-02  0.2459E-02  0.5675E-03  0.5276E-02  0.1391E-03  0.1878E-02  0.8258E-02  0.6331E-02  0.2781E+00  0.6903E-01  0.1134E+00  0.1247E+00  0.3562E-01  0.5387E-01  0.2922E-01  0.9667E-02
     -2.873  0.1452E-01  0.2890E-01  0.1328E-02  0.2087E-02  0.5456E-03  0.4107E-02  0.1318E-03  0.1591E-02  0.8191E-02  0.5591E-02  0.2717E+00  0.6147E-01  0.1091E+00  0.9455E-01  0.3420E-01  0.4605E-01  0.2835E-01  0.8325E-02
     -2.863  0.1435E-01  0.2850E-01  0.1283E-02  0.2045E-02  0.5240E-03  0.4011E-02  0.1246E-03  0.1654E-02  0.8125E-02  0.5839E-02  0.2652E+00  0.6090E-01  0.1046E+00  0.9228E-01  0.3284E-01  0.4811E-01  0.2745E-01  0.8220E-02
     -2.853  0.1418E-01  0.2818E-01  0.1238E-02  0.2001E-02  0.5027E-03  0.3923E-02  0.1177E-03  0.1724E-02  0.8060E-02  0.6102E-02  0.2585E+00  0.6037E-01  0.9997E-01  0.9014E-01  0.3153E-01  0.5036E-01  0.2654E-01  0.8101E-02
     -2.843  0.1402E-01  0.2792E-01  0.1192E-02  0.1949E-02  0.4815E-03  0.3834E-02  0.1110E-03  0.1795E-02  0.7997E-02  0.6353E-02  0.2518E+00  0.5977E-01  0.9523E-01  0.8777E-01  0.3027E-01  0.5265E-01  0.2560E-01  0.7917E-02
     -2.833  0.1390E-01  0.2767E-01  0.1148E-02  0.1877E-02  0.4611E-03  0.3729E-02  0.1046E-03  0.1859E-02  0.7941E-02  0.6555E-02  0.2454E+00  0.5898E-01  0.9041E-01  0.8468E-01  0.2910E-01  0.5474E-01  0.2469E-01  0.7613E-02
     -2.823  0.1515E-01  0.2746E-01  0.9938E-03  0.1809E-02  0.4797E-03  0.3630E-02  0.1003E-03  0.1922E-02  0.8691E-02  0.6756E-02  0.2366E+00  0.5826E-01  0.8927E-01  0.8167E-01  0.3066E-01  0.5678E-01  0.2266E-01  0.7314E-02
     -2.813  0.1716E-01  0.2743E-01  0.1058E-02  0.1763E-02  0.5254E-03  0.3566E-02  0.1123E-03  0.1966E-02  0.1018E-01  0.6935E-02  0.2609E+00  0.5787E-01  0.9755E-01  0.7972E-01  0.3576E-01  0.5819E-01  0.2466E-01  0.7105E-02
     -2.803  0.1941E-01  0.2852E-01  0.1133E-02  0.1779E-02  0.5771E-03  0.3641E-02  0.1248E-03  0.2121E-02  0.1173E-01  0.7587E-02  0.2867E+00  0.5951E-01  0.1061E+00  0.8130E-01  0.4098E-01  0.6293E-01  0.2671E-01  0.7169E-02
     -2.793  0.2193E-01  0.5373E-01  0.1205E-02  0.2705E-02  0.6353E-03  0.6346E-02  0.1371E-03  0.3713E-02  0.1332E-01  0.1313E-01  0.3123E+00  0.1031E+00  0.1147E+00  0.1371E+00  0.4623E-01  0.1101E+00  0.2857E-01  0.1048E-01
     -2.783  0.2366E-01  0.5444E-01  0.1191E-02  0.2947E-02  0.6648E-03  0.6333E-02  0.1286E-03  0.4309E-02  0.1363E-01  0.1527E-01  0.3159E+00  0.1107E+00  0.1178E+00  0.1385E+00  0.4452E-01  0.1284E+00  0.2856E-01  0.1161E-01
     -2.773  0.2272E-01  0.4556E-01  0.1074E-02  0.2263E-02  0.6191E-03  0.5484E-02  0.1026E-03  0.3734E-02  0.1285E-01  0.1433E-01  0.2932E+00  0.8239E-01  0.1124E+00  0.1256E+00  0.3688E-01  0.1120E+00  0.2641E-01  0.9151E-02
     -2.763  0.2245E-01  0.4047E-01  0.9786E-03  0.2104E-02  0.5937E-03  0.4959E-02  0.8590E-04  0.3926E-02  0.1298E-01  0.1553E-01  0.2772E+00  0.7344E-01  0.1113E+00  0.1172E+00  0.3259E-01  0.1182E+00  0.2467E-01  0.8725E-02
     -2.753  0.2322E-01  0.3578E-01  0.9519E-03  0.1984E-02  0.6037E-03  0.4480E-02  0.8068E-04  0.4142E-02  0.1387E-01  0.1672E-01  0.2782E+00  0.6582E-01  0.1153E+00  0.1094E+00  0.3171E-01  0.1250E+00  0.2447E-01  0.8420E-02
     -2.743  0.2465E-01  0.3232E-01  0.9693E-03  0.1919E-02  0.6339E-03  0.4119E-02  0.8042E-04  0.4402E-02  0.1503E-01  0.1805E-01  0.2904E+00  0.6112E-01  0.1217E+00  0.1033E+00  0.3230E-01  0.1332E+00  0.2530E-01  0.8274E-02
     -2.733  0.2605E-01  0.3010E-01  0.9699E-03  0.1893E-02  0.6624E-03  0.3872E-02  0.7850E-04  0.4676E-02  0.1621E-01  0.1942E-01  0.2981E+00  0.5901E-01  0.1267E+00  0.9844E-01  0.3227E-01  0.1417E+00  0.2557E-01  0.8210E-02
     -2.723  0.2721E-01  0.2748E-01  0.9041E-03  0.1703E-02  0.6815E-03  0.3567E-02  0.6995E-04  0.4633E-02  0.1717E-01  0.1967E-01  0.2871E+00  0.5244E-01  0.1257E+00  0.9162E-01  0.2981E-01  0.1409E+00  0.2371E-01  0.7496E-02
     -2.713  0.2841E-01  0.2463E-01  0.9089E-03  0.1553E-02  0.7076E-03  0.3152E-02  0.7031E-04  0.4154E-02  0.1814E-01  0.1808E-01  0.2934E+00  0.4855E-01  0.1319E+00  0.8090E-01  0.3043E-01  0.1270E+00  0.2419E-01  0.6860E-02
     -2.703  0.2902E-01  0.2136E-01  0.8621E-03  0.1463E-02  0.7098E-03  0.2719E-02  0.6859E-04  0.3784E-02  0.2015E-01  0.1669E-01  0.2943E+00  0.4556E-01  0.1330E+00  0.7024E-01  0.3038E-01  0.1162E+00  0.2380E-01  0.6450E-02
     -2.693  0.1798E-01  0.2031E-01  0.5897E-03  0.1492E-02  0.4123E-03  0.2657E-02  0.4555E-04  0.3892E-02  0.1464E-01  0.1746E-01  0.2154E+00  0.4417E-01  0.7469E-01  0.7156E-01  0.2125E-01  0.1202E+00  0.1618E-01  0.6876E-02
     -2.683  0.1691E-01  0.2038E-01  0.5471E-03  0.1783E-02  0.3757E-03  0.2728E-02  0.4246E-04  0.4670E-02  0.1385E-01  0.2082E-01  0.2036E+00  0.5055E-01  0.6841E-01  0.7711E-01  0.2088E-01  0.1454E+00  0.1504E-01  0.8426E-02
     -2.673  0.1575E-01  0.1097E+00  0.5087E-03  0.6087E-02  0.3435E-03  0.1413E-01  0.3971E-04  0.8341E-02  0.1296E-01  0.3980E-01  0.1927E+00  0.1787E+00  0.6316E-01  0.3891E+00  0.2068E-01  0.2592E+00  0.1412E-01  0.2824E-01
     -2.663  0.1458E-01  0.5114E-01  0.4740E-03  0.3705E-02  0.3112E-03  0.6436E-02  0.3754E-04  0.7368E-02  0.1200E-01  0.3256E-01  0.1830E+00  0.1107E+00  0.5821E-01  0.1803E+00  0.2103E-01  0.2321E+00  0.1335E-01  0.1748E-01
     -2.653  0.1339E-01  0.3613E-01  0.4383E-03  0.3089E-02  0.2788E-03  0.4842E-02  0.3537E-04  0.7315E-02  0.1098E-01  0.3196E-01  0.1729E+00  0.8563E-01  0.5331E-01  0.1434E+00  0.2138E-01  0.2315E+00  0.1256E-01  0.1517E-01
     -2.643  0.1293E-01  0.3627E-01  0.4242E-03  0.3281E-02  0.2627E-03  0.4833E-02  0.3493E-04  0.7786E-02  0.1063E-01  0.3368E-01  0.1698E+00  0.9144E-01  0.5062E-01  0.1444E+00  0.2238E-01  0.2473E+00  0.1226E-01  0.1612E-01
     -2.633  0.1122E-01  0.2640E-01  0.3522E-03  0.2975E-02  0.2259E-03  0.3103E-02  0.3045E-04  0.6318E-02  0.9938E-02  0.2620E-01  0.1434E+00  0.9112E-01  0.4641E-01  0.9010E-01  0.2046E-01  0.2021E+00  0.1057E-01  0.1350E-01
     -2.623  0.1073E-01  0.2650E-01  0.3110E-03  0.3264E-02  0.2141E-03  0.3026E-02  0.2676E-04  0.7538E-02  0.9810E-02  0.3086E-01  0.1280E+00  0.1011E+00  0.4615E-01  0.8878E-01  0.1811E-01  0.2435E+00  0.9487E-02  0.1470E-01
     -2.613  0.1015E-01  0.2722E-01  0.2925E-03  0.3451E-02  0.2008E-03  0.3173E-02  0.2513E-04  0.1137E-01  0.9418E-02  0.4670E-01  0.1210E+00  0.1063E+00  0.4425E-01  0.9600E-01  0.1735E-01  0.3741E+00  0.9008E-02  0.1594E-01
     -2.603  0.9567E-02  0.2673E-01  0.2741E-03  0.3446E-02  0.1877E-03  0.3162E-02  0.2349E-04  0.1370E-01  0.9013E-02  0.5712E-01  0.1140E+00  0.1049E+00  0.4236E-01  0.9785E-01  0.1656E-01  0.4524E+00  0.8526E-02  0.1613E-01
     -2.593  0.1119E-01  0.2531E-01  0.2894E-03  0.3337E-02  0.1998E-03  0.3001E-02  0.2229E-04  0.1473E-01  0.1224E-01  0.6138E-01  0.1406E+00  0.1013E+00  0.4739E-01  0.9431E-01  0.1849E-01  0.4888E+00  0.9694E-02  0.1569E-01
     -2.583  0.1237E-01  0.2242E-01  0.2868E-03  0.3055E-02  0.2131E-03  0.2648E-02  0.2177E-04  0.1532E-01  0.1485E-01  0.6390E-01  0.1520E+00  0.9290E-01  0.5522E-01  0.8488E-01  0.1992E-01  0.5110E+00  0.1042E-01  0.1441E-01
     -2.573  0.1272E-01  0.1743E-01  0.2878E-03  0.2786E-02  0.2146E-03  0.2003E-02  0.2235E-04  0.1545E-01  0.1881E-01  0.6427E-01  0.1634E+00  0.8565E-01  0.6179E-01  0.6717E-01  0.2167E-01  0.5190E+00  0.1136E-01  0.1304E-01
     -2.563  0.1188E-01  0.4735E-01  0.2810E-03  0.5516E-02  0.1978E-03  0.5002E-02  0.2304E-04  0.4088E-01  0.2166E-01  0.1666E+00  0.1657E+00  0.1778E+00  0.6236E-01  0.1583E+00  0.2297E-01  0.1369E+01  0.1171E-01  0.2745E-01
     -2.553  0.1380E-01  0.1636E-01  0.3353E-03  0.2836E-02  0.2146E-03  0.2067E-02  0.2580E-04  0.2268E-01  0.2889E-01  0.9593E-01  0.2126E+00  0.8395E-01  0.7006E-01  0.7431E-01  0.2709E-01  0.7699E+00  0.1428E-01  0.1391E-01
     -2.543  0.1863E-01  0.1363E-01  0.4954E-03  0.2769E-02  0.2701E-03  0.1818E-02  0.3228E-04  0.2347E-01  0.4035E-01  0.9996E-01  0.3290E+00  0.8116E-01  0.8865E-01  0.6864E-01  0.3516E-01  0.8004E+00  0.2131E-01  0.1381E-01
     -2.533  0.2175E-01  0.1242E-01  0.6455E-03  0.2793E-02  0.3060E-03  0.1736E-02  0.3875E-04  0.2450E-01  0.5101E-01  0.1049E+00  0.4376E+00  0.8171E-01  0.1082E+00  0.6769E-01  0.4269E-01  0.8388E+00  0.2849E-01  0.1421E-01
     -2.523  0.1891E-01  0.1117E-01  0.4623E-03  0.2395E-02  0.2533E-03  0.1523E-02  0.3744E-04  0.2108E-01  0.4246E-01  0.9159E-01  0.3147E+00  0.7308E-01  0.7453E-01  0.5908E-01  0.4422E-01  0.7269E+00  0.1903E-01  0.1276E-01
     -2.513  0.1797E-01  0.1285E-01  0.4337E-03  0.2702E-02  0.2343E-03  0.1761E-02  0.4155E-04  0.2300E-01  0.4577E-01  0.1008E+00  0.3038E+00  0.8411E-01  0.7435E-01  0.6845E-01  0.5076E-01  0.7979E+00  0.1808E-01  0.1501E-01
     -2.502  0.1091E-01  0.1428E-01  0.2378E-03  0.2655E-02  0.1365E-03  0.1824E-02  0.3588E-04  0.2226E-01  0.4653E-01  0.9866E-01  0.1856E+00  0.8579E-01  0.5953E-01  0.6935E-01  0.4683E-01  0.7762E+00  0.1117E-01  0.1486E-01
     -2.492  0.7932E-02  0.2836E-01  0.1180E-03  0.1494E-01  0.9005E-04  0.5871E-02  0.2184E-04  0.4451E-01  0.3856E-01  0.2020E+00  0.1042E+00  0.4306E+00  0.3484E-01  0.2791E+00  0.2800E-01  0.1549E+01  0.5158E-02  0.7904E-01
     -2.482  0.7598E-02  0.2581E-01  0.9838E-04  0.1712E-01  0.7908E-04  0.5729E-02  0.1499E-04  0.4922E-01  0.4128E-01  0.2266E+00  0.9586E-01  0.5010E+00  0.2891E-01  0.2876E+00  0.1918E-01  0.1717E+01  0.4233E-02  0.8905E-01
     -2.472  0.1349E-01  0.2140E-01  0.1558E-03  0.7287E-02  0.1312E-03  0.3458E-02  0.2018E-04  0.2421E-01  0.4767E-01  0.1131E+00  0.1471E+00  0.2239E+00  0.3428E-01  0.1522E+00  0.3119E-01  0.8506E+00  0.4433E-02  0.3902E-01
     -2.462  0.2140E-01  0.1914E-01  0.2324E-03  0.5853E-02  0.2021E-03  0.2761E-02  0.2697E-04  0.1884E-01  0.5275E-01  0.8908E-01  0.2125E+00  0.1897E+00  0.3575E-01  0.1185E+00  0.4910E-01  0.6661E+00  0.4279E-02  0.3121E-01
     -2.452  0.8778E-02  0.1909E-01  0.8517E-04  0.5770E-02  0.8041E-04  0.2691E-02  0.1377E-04  0.1711E-01  0.4549E-01  0.8151E-01  0.8966E-01  0.1898E+00  0.2208E-01  0.1152E+00  0.2105E-01  0.6066E+00  0.2780E-02  0.3079E-01
     -2.442  0.6408E-02  0.1903E-01  0.5480E-04  0.5694E-02  0.5449E-04  0.2623E-02  0.6531E-05  0.1545E-01  0.4585E-01  0.7422E-01  0.6404E-01  0.1901E+00  0.1722E-01  0.1121E+00  0.9034E-02  0.5498E+00  0.2226E-02  0.3040E-01
     -2.432  0.6733E-02  0.1894E-01  0.5576E-04  0.5620E-02  0.5615E-04  0.2554E-02  0.6329E-05  0.1384E-01  0.4889E-01  0.6713E-01  0.6688E-01  0.1902E+00  0.1785E-01  0.1089E+00  0.9021E-02  0.4946E+00  0.2251E-02  0.3001E-01
     -2.422  0.7199E-02  0.1902E-01  0.5614E-04  0.5622E-02  0.5900E-04  0.2528E-02  0.6112E-05  0.1283E-01  0.5308E-01  0.6305E-01  0.6936E-01  0.1925E+00  0.1927E-01  0.1077E+00  0.9092E-02  0.4607E+00  0.2338E-02  0.3005E-01
     -2.412  0.8073E-02  0.1758E-01  0.5634E-04  0.5688E-02  0.6528E-04  0.2384E-02  0.5929E-05  0.1110E-01  0.6023E-01  0.5531E-01  0.7215E-01  0.1962E+00  0.2246E-01  0.1036E+00  0.9541E-02  0.4015E+00  0.2560E-02  0.3032E-01
     -2.402  0.8865E-02  0.1047E-01  0.5681E-04  0.6349E-02  0.7073E-04  0.1809E-02  0.5763E-05  0.8229E-02  0.6770E-01  0.4340E-01  0.7541E-01  0.2203E+00  0.2536E-01  0.9018E-01  0.1003E-01  0.3013E+00  0.2781E-02  0.3375E-01
     -2.392  0.9574E-02  0.9171E-02  0.5755E-04  0.7731E-02  0.7537E-04  0.1822E-02  0.5615E-05  0.7906E-02  0.7549E-01  0.4369E-01  0.7913E-01  0.2717E+00  0.2798E-01  0.9758E-01  0.1057E-01  0.2927E+00  0.3002E-02  0.4121E-01
     -2.382  0.1249E-01  0.1460E-01  0.7029E-04  0.9872E-02  0.9482E-04  0.2131E-02  0.6454E-05  0.9466E-02  0.1166E+00  0.5358E-01  0.9951E-01  0.3618E+00  0.3486E-01  0.1111E+00  0.1715E-01  0.3527E+00  0.3519E-02  0.5160E-01
     -2.372  0.2171E-01  0.1940E-01  0.8968E-04  0.1035E-01  0.1579E-03  0.2103E-02  0.9737E-05  0.9466E-02  0.2255E+00  0.5395E-01  0.1331E+00  0.3949E+00  0.6918E-01  0.1045E+00  0.3614E-01  0.3538E+00  0.5022E-02  0.5224E-01
     -2.362  0.2957E-01  0.2373E-01  0.9304E-04  0.1009E-01  0.2088E-03  0.1921E-02  0.1278E-04  0.8859E-02  0.3160E+00  0.5050E-01  0.1418E+00  0.4025E+00  0.9926E-01  0.8906E-01  0.5723E-01  0.3318E+00  0.6084E-02  0.4857E-01
     -2.352  0.1671E-01  0.2761E-01  0.4867E-04  0.9990E-02  0.1117E-03  0.1800E-02  0.5818E-05  0.8391E-02  0.1434E+00  0.4776E-01  0.8184E-01  0.4137E+00  0.5723E-01  0.7756E-01  0.1913E-01  0.3152E+00  0.4114E-02  0.4608E-01
     -2.342  0.1609E-01  0.2037E-01  0.4166E-04  0.6591E-02  0.1049E-03  0.1153E-02  0.5379E-05  0.5602E-02  0.1373E+00  0.3142E-01  0.7322E-01  0.2833E+00  0.5574E-01  0.4739E-01  0.1743E-01  0.2131E+00  0.4111E-02  0.2895E-01
     -2.332  0.1674E-01  0.1005E-01  0.4144E-04  0.4145E-02  0.1062E-03  0.8055E-03  0.5209E-05  0.4469E-02  0.1396E+00  0.2602E-01  0.7574E-01  0.1709E+00  0.5751E-01  0.3773E-01  0.1703E-01  0.1694E+00  0.4506E-02  0.2000E-01
     -2.322  0.2066E-01  0.8611E-02  0.4874E-04  0.3862E-02  0.1244E-03  0.7265E-03  0.5773E-05  0.3814E-02  0.1735E+00  0.2245E-01  0.1014E+00  0.1589E+00  0.7352E-01  0.3533E-01  0.1770E-01  0.1448E+00  0.7259E-02  0.1875E-01
     -2.312  0.5241E-01  0.7236E-02  0.1228E-03  0.3597E-02  0.2876E-03  0.6481E-03  0.1026E-04  0.3185E-02  0.4622E+00  0.1901E-01  0.2891E+00  0.1479E+00  0.1696E+00  0.3291E-01  0.2169E-01  0.1211E+00  0.1838E-01  0.1756E-01
     -2.302  0.7867E-02  0.1252E-01  0.1852E-04  0.7220E-02  0.4416E-04  0.1570E-02  0.1949E-05  0.4709E-02  0.4896E-01  0.2404E-01  0.3900E-01  0.2899E+00  0.2989E-01  0.8457E-01  0.4693E-02  0.1865E+00  0.3569E-02  0.3476E-01
     -2.292  0.3222E-02  0.1399E-01  0.6835E-05  0.8093E-02  0.1821E-04  0.1791E-02  0.7131E-06  0.4541E-02  0.1373E-01  0.2338E-01  0.1057E-01  0.3290E+00  0.1067E-01  0.9795E-01  0.1912E-02  0.1827E+00  0.1086E-02  0.3883E-01
     -2.282  0.0000E+00  0.1669E-01  0.0000E+00  0.8540E-02  0.0000E+00  0.1935E-02  0.0000E+00  0.4443E-02  0.0000E+00  0.2501E-01  0.0000E+00  0.3536E+00  0.0000E+00  0.1032E+00  0.0000E+00  0.1783E+00  0.0000E+00  0.4100E-01
     -2.272  0.1497E-02  0.1747E-01  0.1221E-05  0.8124E-02  0.4919E-05  0.2112E-02  0.2717E-06  0.4056E-02  0.4579E-01  0.2454E-01  0.2404E-02  0.3357E+00  0.2478E-02  0.1105E+00  0.7664E-02  0.1629E+00  0.2087E-03  0.3988E-01
     -2.262  0.5568E-02  0.1835E-01  0.3955E-05  0.7900E-02  0.1871E-04  0.2409E-02  0.1076E-05  0.3709E-02  0.1482E+00  0.2412E-01  0.7466E-02  0.3230E+00  0.1059E-01  0.1245E+00  0.2331E-01  0.1494E+00  0.7299E-03  0.4008E-01
     -2.252  0.1081E-01  0.1978E-01  0.7882E-05  0.8224E-02  0.3557E-04  0.2848E-02  0.1882E-05  0.3521E-02  0.3381E+00  0.2404E-01  0.2033E-01  0.3296E+00  0.2242E-01  0.1473E+00  0.4976E-01  0.1421E+00  0.1618E-02  0.4271E-01
     -2.242  0.1414E-01  0.1286E-01  0.1079E-04  0.9652E-02  0.4558E-04  0.2043E-02  0.2121E-05  0.2882E-02  0.4879E+00  0.1928E-01  0.2941E-01  0.4022E+00  0.2718E-01  0.1232E+00  0.7102E-01  0.1161E+00  0.2104E-02  0.4829E-01
     -2.232  0.1515E-01  0.1383E-01  0.1167E-04  0.6534E-02  0.4724E-04  0.1321E-02  0.1959E-05  0.2051E-02  0.5907E+00  0.1360E-01  0.3361E-01  0.2895E+00  0.2709E-01  0.7441E-01  0.8513E-01  0.8344E-01  0.2354E-02  0.3143E-01
     -2.222  0.1805E-01  0.1314E-01  0.1433E-04  0.4015E-02  0.5341E-04  0.1003E-02  0.2061E-05  0.1342E-02  0.6970E+00  0.8973E-02  0.4423E-01  0.1856E+00  0.3033E-01  0.5030E-01  0.1026E+00  0.5519E-01  0.2882E-02  0.1902E-01
     -2.212  0.1921E-01  0.1309E-01  0.1571E-04  0.2270E-02  0.5458E-04  0.8023E-03  0.2242E-05  0.8503E-03  0.7900E+00  0.5709E-02  0.5098E-01  0.1141E+00  0.3070E-01  0.3418E-01  0.1170E+00  0.3561E-01  0.3241E-02  0.1036E-01
     -2.202  0.1994E-01  0.1277E-01  0.1650E-04  0.1701E-02  0.5462E-04  0.6785E-03  0.2416E-05  0.5908E-03  0.8957E+00  0.3986E-02  0.5511E-01  0.9253E-01  0.3043E-01  0.2650E-01  0.1329E+00  0.2521E-01  0.3571E-02  0.7208E-02
     -2.192  0.2413E-01  0.1251E-01  0.2003E-04  0.1778E-02  0.6359E-04  0.7081E-03  0.2890E-05  0.5605E-03  0.1204E+01  0.3892E-02  0.6967E-01  0.9569E-01  0.3412E-01  0.2903E-01  0.1707E+00  0.2403E-01  0.4699E-02  0.7584E-02
     -2.182  0.2553E-01  0.1231E-01  0.2113E-04  0.1913E-02  0.6490E-04  0.7517E-03  0.3098E-05  0.5510E-03  0.1395E+01  0.3940E-02  0.7238E-01  0.1013E+00  0.3383E-01  0.3241E-01  0.1986E+00  0.2370E-01  0.5306E-02  0.8256E-02
     -2.172  0.2599E-01  0.1328E-01  0.2128E-04  0.2661E-02  0.6368E-04  0.9023E-03  0.3256E-05  0.5561E-03  0.1541E+01  0.4065E-02  0.7015E-01  0.1385E+00  0.3280E-01  0.4245E-01  0.2222E+00  0.2422E-01  0.5712E-02  0.1170E-01
     -2.162  0.2667E-01  0.1546E-01  0.2133E-04  0.3501E-02  0.6307E-04  0.1131E-02  0.3384E-05  0.6216E-03  0.1726E+01  0.4833E-02  0.6594E-01  0.1810E+00  0.3179E-01  0.5548E-01  0.2527E+00  0.2731E-01  0.6201E-02  0.1563E-01
     -2.152  0.2844E-01  0.1716E-01  0.2198E-04  0.4288E-02  0.6536E-04  0.1327E-02  0.3442E-05  0.6841E-03  0.1999E+01  0.5538E-02  0.6245E-01  0.2204E+00  0.3145E-01  0.6711E-01  0.2992E+00  0.3027E-01  0.6885E-02  0.1929E-01
     -2.142  0.6687E-01  0.1725E-01  0.5041E-04  0.4833E-02  0.1490E-03  0.1370E-02  0.4389E-05  0.7079E-03  0.6720E+01  0.5794E-02  0.9671E-01  0.2481E+00  0.3792E-01  0.7119E-01  0.1036E+01  0.3155E-01  0.1994E-01  0.2182E-01
     -2.132  0.2496E+00  0.1710E-01  0.1875E-03  0.5163E-02  0.5704E-03  0.1409E-02  0.1009E-04  0.7222E-03  0.3615E+02  0.5958E-02  0.9929E-01  0.2644E+00  0.3932E-01  0.7479E-01  0.5035E+01  0.3237E-01  0.9316E-01  0.2332E-01
     -2.122  0.3030E-01  0.1654E-01  0.2406E-04  0.5154E-02  0.6668E-04  0.1433E-02  0.3556E-05  0.7081E-03  0.3396E+01  0.5857E-02  0.6488E-01  0.2630E+00  0.3178E-01  0.7715E-01  0.5097E+00  0.3186E-01  0.1096E-01  0.2325E-01
     -2.112  0.1635E-01  0.1605E-01  0.1387E-04  0.5158E-02  0.3241E-04  0.1458E-02  0.3300E-05  0.6873E-03  0.1659E+01  0.5700E-02  0.5341E-01  0.2623E+00  0.3197E-01  0.7954E-01  0.2552E+00  0.3103E-01  0.6272E-02  0.2326E-01
     -2.102  0.1934E-01  0.1634E-01  0.1624E-04  0.5657E-02  0.3944E-04  0.1586E-02  0.3717E-05  0.8148E-03  0.2322E+01  0.6836E-02  0.5835E-01  0.2865E+00  0.3855E-01  0.8821E-01  0.3617E+00  0.3717E-01  0.7594E-02  0.2551E-01
     -2.092  0.1801E-01  0.1645E-01  0.1476E-04  0.6593E-02  0.3287E-04  0.1704E-02  0.4002E-05  0.9123E-03  0.1719E+01  0.7789E-02  0.5783E-01  0.3353E+00  0.3457E-01  0.9838E-01  0.2603E+00  0.4209E-01  0.6549E-02  0.2961E-01
     -2.082  0.2161E-01  0.1578E-01  0.1720E-04  0.6710E-02  0.3763E-04  0.1675E-02  0.4479E-05  0.8659E-03  0.1958E+01  0.7403E-02  0.6049E-01  0.3430E+00  0.3684E-01  0.9846E-01  0.2892E+00  0.4020E-01  0.7509E-02  0.3015E-01
     -2.072  0.2172E-01  0.1493E-01  0.1778E-04  0.6154E-02  0.3663E-04  0.1563E-02  0.4726E-05  0.8036E-03  0.1880E+01  0.6897E-02  0.6206E-01  0.3156E+00  0.3744E-01  0.9174E-01  0.2769E+00  0.3753E-01  0.7662E-02  0.2769E-01
     -2.062  0.2180E-01  0.1411E-01  0.1853E-04  0.5606E-02  0.3559E-04  0.1455E-02  0.4955E-05  0.7436E-03  0.1799E+01  0.6414E-02  0.6333E-01  0.2883E+00  0.3788E-01  0.8521E-01  0.2641E+00  0.3494E-01  0.7875E-02  0.2528E-01
     -2.052  0.2178E-01  0.1369E-01  0.1982E-04  0.5184E-02  0.3430E-04  0.1382E-02  0.5150E-05  0.6969E-03  0.1701E+01  0.6049E-02  0.6351E-01  0.2677E+00  0.3766E-01  0.8056E-01  0.2485E+00  0.3292E-01  0.8276E-02  0.2338E-01
     -2.042  0.2174E-01  0.1350E-01  0.2120E-04  0.4845E-02  0.3302E-04  0.1329E-02  0.5337E-05  0.6578E-03  0.1603E+01  0.5754E-02  0.6351E-01  0.2514E+00  0.3734E-01  0.7705E-01  0.2329E+00  0.3122E-01  0.8726E-02  0.2182E-01
     -2.032  0.2127E-01  0.1331E-01  0.2431E-04  0.4519E-02  0.3193E-04  0.1279E-02  0.5472E-05  0.6200E-03  0.1500E+01  0.5475E-02  0.6418E-01  0.2357E+00  0.3704E-01  0.7373E-01  0.2155E+00  0.2956E-01  0.1011E-01  0.2032E-01
     -2.022  0.2078E-01  0.1309E-01  0.2753E-04  0.4206E-02  0.3089E-04  0.1228E-02  0.5597E-05  0.5799E-03  0.1396E+01  0.5204E-02  0.6463E-01  0.2205E+00  0.3661E-01  0.7043E-01  0.1983E+00  0.2779E-01  0.1155E-01  0.1888E-01
     -2.012  0.2045E-01  0.1287E-01  0.3017E-04  0.3904E-02  0.3010E-04  0.1176E-02  0.5717E-05  0.5389E-03  0.1302E+01  0.4945E-02  0.6543E-01  0.2059E+00  0.3636E-01  0.6718E-01  0.1830E+00  0.2597E-01  0.1278E-01  0.1749E-01
     -2.002  0.2037E-01  0.1265E-01  0.3114E-04  0.3606E-02  0.2935E-04  0.1119E-02  0.5881E-05  0.4982E-03  0.1219E+01  0.4700E-02  0.6586E-01  0.1917E+00  0.3601E-01  0.6371E-01  0.1700E+00  0.2414E-01  0.1320E-01  0.1608E-01
     -1.992  0.2029E-01  0.1263E-01  0.3197E-04  0.3438E-02  0.2855E-04  0.1092E-02  0.6053E-05  0.4730E-03  0.1136E+01  0.4569E-02  0.6616E-01  0.1844E+00  0.3562E-01  0.6230E-01  0.1572E+00  0.2309E-01  0.1357E-01  0.1521E-01
     -1.982  0.2080E-01  0.1276E-01  0.3271E-04  0.3384E-02  0.2780E-04  0.1086E-02  0.6306E-05  0.4616E-03  0.1046E+01  0.4534E-02  0.6638E-01  0.1831E+00  0.3522E-01  0.6230E-01  0.1437E+00  0.2272E-01  0.1405E-01  0.1485E-01
     -1.972  0.2187E-01  0.1315E-01  0.3339E-04  0.3385E-02  0.2718E-04  0.1097E-02  0.6637E-05  0.4761E-03  0.9570E+00  0.4737E-02  0.6656E-01  0.1853E+00  0.3485E-01  0.6336E-01  0.1306E+00  0.2382E-01  0.1465E-01  0.1468E-01
     -1.962  0.2440E-01  0.1371E-01  0.3495E-04  0.3423E-02  0.2788E-04  0.1109E-02  0.8037E-05  0.5218E-03  0.9332E+00  0.5087E-02  0.6813E-01  0.1902E+00  0.3575E-01  0.6435E-01  0.1258E+00  0.2660E-01  0.1613E-01  0.1462E-01
     -1.952  0.3837E-01  0.1443E-01  0.4463E-04  0.3477E-02  0.3748E-04  0.1133E-02  0.2112E-04  0.5922E-03  0.1022E+01  0.5604E-02  0.8296E-01  0.1966E+00  0.4890E-01  0.6609E-01  0.1385E+00  0.3071E-01  0.2772E-01  0.1461E-01
     -1.942  0.4440E-01  0.1472E-01  0.4570E-04  0.3479E-02  0.3945E-04  0.1153E-02  0.2072E-04  0.6362E-03  0.7820E+00  0.6013E-02  0.7982E-01  0.1998E+00  0.4989E-01  0.6777E-01  0.1195E+00  0.3338E-01  0.3203E-01  0.1447E-01
     -1.932  0.5390E-01  0.1475E-01  0.4469E-04  0.3647E-02  0.4264E-04  0.1222E-02  0.1819E-04  0.7148E-03  0.6062E+00  0.7071E-02  0.7746E-01  0.2121E+00  0.5035E-01  0.7325E-01  0.9435E-01  0.3752E-01  0.3381E-01  0.1533E-01
     -1.922  0.6251E-01  0.1380E-01  0.4419E-04  0.3029E-02  0.4560E-04  0.1115E-02  0.1596E-04  0.5539E-03  0.4655E+00  0.6170E-02  0.7530E-01  0.1784E+00  0.5064E-01  0.6575E-01  0.7385E-01  0.2906E-01  0.3570E-01  0.1288E-01
     -1.912  0.6920E-01  0.1241E-01  0.4310E-04  0.1901E-02  0.4753E-04  0.8250E-03  0.1354E-04  0.2989E-03  0.3731E+00  0.4384E-02  0.7263E-01  0.1185E+00  0.5008E-01  0.4610E-01  0.5935E-01  0.1593E-01  0.3652E-01  0.7509E-02
     -1.902  0.7704E-01  0.1194E-01  0.4250E-04  0.1458E-02  0.5014E-04  0.7047E-03  0.1187E-04  0.2098E-03  0.2905E+00  0.3936E-02  0.7063E-01  0.9583E-01  0.5037E-01  0.3816E-01  0.4688E-01  0.1129E-01  0.3825E-01  0.5342E-02
     -1.892  0.8509E-01  0.1189E-01  0.4367E-04  0.1295E-02  0.5407E-04  0.6664E-03  0.1210E-04  0.2019E-03  0.2328E+00  0.4085E-02  0.7066E-01  0.8877E-01  0.5268E-01  0.3582E-01  0.4024E-01  0.1098E-01  0.4151E-01  0.4486E-02
     -1.882  0.9629E-01  0.1195E-01  0.4571E-04  0.1193E-02  0.6012E-04  0.6398E-03  0.1332E-04  0.1963E-03  0.1781E+00  0.4208E-02  0.7157E-01  0.8442E-01  0.5688E-01  0.3420E-01  0.3488E-01  0.1078E-01  0.4607E-01  0.3963E-02
     -1.872  0.1085E+00  0.1206E-01  0.5211E-04  0.1165E-02  0.6937E-04  0.6332E-03  0.1486E-04  0.1931E-03  0.1366E+00  0.4274E-02  0.7807E-01  0.8320E-01  0.6459E-01  0.3381E-01  0.3163E-01  0.1066E-01  0.5388E-01  0.3846E-02
     -1.862  0.1192E+00  0.1217E-01  0.6701E-04  0.1139E-02  0.8167E-04  0.6275E-03  0.1571E-04  0.1900E-03  0.1256E+00  0.4338E-02  0.9575E-01  0.8212E-01  0.7630E-01  0.3348E-01  0.3086E-01  0.1055E-01  0.6719E-01  0.3749E-02
     -1.852  0.1285E+00  0.1228E-01  0.7235E-04  0.1114E-02  0.8930E-04  0.6218E-03  0.1632E-04  0.1870E-03  0.1199E+00  0.4402E-02  0.1008E+00  0.8103E-01  0.8224E-01  0.3315E-01  0.3044E-01  0.1045E-01  0.7411E-01  0.3653E-02
     -1.842  0.1379E+00  0.1240E-01  0.7774E-04  0.1089E-02  0.9707E-04  0.6160E-03  0.1692E-04  0.1841E-03  0.1143E+00  0.4466E-02  0.1057E+00  0.7995E-01  0.8827E-01  0.3281E-01  0.3005E-01  0.1035E-01  0.8119E-01  0.3559E-02
     -1.832  0.1473E+00  0.1251E-01  0.8319E-04  0.1064E-02  0.1050E-03  0.6102E-03  0.1751E-04  0.1813E-03  0.1090E+00  0.4530E-02  0.1106E+00  0.7886E-01  0.9441E-01  0.3247E-01  0.2969E-01  0.1025E-01  0.8843E-01  0.3466E-02
     -1.822  0.1568E+00  0.1263E-01  0.8869E-04  0.1039E-02  0.1130E-03  0.6043E-03  0.1810E-04  0.1785E-03  0.1039E+00  0.4593E-02  0.1154E+00  0.7777E-01  0.1006E+00  0.3212E-01  0.2936E-01  0.1016E-01  0.9584E-01  0.3376E-02
     -1.812  0.1653E+00  0.1275E-01  0.7474E-04  0.1015E-02  0.1124E-03  0.5984E-03  0.1837E-04  0.1758E-03  0.9688E-01  0.4656E-02  0.9494E-01  0.7668E-01  0.9489E-01  0.3176E-01  0.2939E-01  0.1007E-01  0.9126E-01  0.3287E-02
     -1.802  0.1738E+00  0.1287E-01  0.5682E-04  0.9898E-03  0.1096E-03  0.5924E-03  0.1864E-04  0.1732E-03  0.9010E-01  0.4719E-02  0.6957E-01  0.7558E-01  0.8670E-01  0.3140E-01  0.2951E-01  0.9990E-02  0.8342E-01  0.3199E-02
     -1.792  0.1824E+00  0.1299E-01  0.3833E-04  0.9651E-03  0.1063E-03  0.5864E-03  0.1897E-04  0.1707E-03  0.8398E-01  0.4781E-02  0.4368E-01  0.7448E-01  0.7814E-01  0.3104E-01  0.2965E-01  0.9911E-02  0.7437E-01  0.3114E-02
     -1.782  0.1914E+00  0.1312E-01  0.2094E-04  0.9405E-03  0.1031E-03  0.5803E-03  0.1937E-04  0.1682E-03  0.7884E-01  0.4844E-02  0.1954E-01  0.7338E-01  0.7032E-01  0.3067E-01  0.2986E-01  0.9836E-02  0.6526E-01  0.3030E-02
     -1.772  0.2020E+00  0.1324E-01  0.2101E-04  0.9159E-03  0.1087E-03  0.5742E-03  0.2008E-04  0.1658E-03  0.7718E-01  0.4906E-02  0.1928E-01  0.7228E-01  0.7403E-01  0.3030E-01  0.3042E-01  0.9766E-02  0.6810E-01  0.2948E-02
     -1.762  0.2255E+00  0.1351E-01  0.2141E-04  0.8935E-03  0.1175E-03  0.5728E-03  0.2126E-04  0.1630E-03  0.7650E-01  0.4995E-02  0.1952E-01  0.7170E-01  0.7912E-01  0.3022E-01  0.3164E-01  0.9677E-02  0.7232E-01  0.2847E-02
     -1.752  0.2634E+00  0.1488E-01  0.2277E-04  0.8867E-03  0.1302E-03  0.6112E-03  0.2311E-04  0.1577E-03  0.7708E-01  0.5321E-02  0.2075E-01  0.7493E-01  0.8640E-01  0.3261E-01  0.3383E-01  0.9456E-02  0.7827E-01  0.2625E-02
     -1.742  0.3033E+00  0.1624E-01  0.2448E-04  0.9026E-03  0.1438E-03  0.6654E-03  0.2498E-04  0.1565E-03  0.7790E-01  0.5627E-02  0.2219E-01  0.7842E-01  0.9430E-01  0.3569E-01  0.3606E-01  0.9414E-02  0.8442E-01  0.2608E-02
     -1.732  0.3450E+00  0.1582E-01  0.2624E-04  0.8696E-03  0.1577E-03  0.6417E-03  0.2667E-04  0.1549E-03  0.7876E-01  0.5593E-02  0.2355E-01  0.7595E-01  0.1025E+00  0.3444E-01  0.3805E-01  0.9387E-02  0.9060E-01  0.2580E-02
     -1.722  0.3885E+00  0.1541E-01  0.2804E-04  0.8365E-03  0.1721E-03  0.6177E-03  0.2819E-04  0.1535E-03  0.7966E-01  0.5558E-02  0.2481E-01  0.7344E-01  0.1109E+00  0.3315E-01  0.3981E-01  0.9364E-02  0.9678E-01  0.2552E-02
     -1.712  0.6066E+00  0.1500E-01  0.4508E-04  0.8032E-03  0.2723E-03  0.5934E-03  0.4573E-04  0.1521E-03  0.1045E+00  0.5522E-02  0.3644E-01  0.7090E-01  0.1757E+00  0.3184E-01  0.6107E-01  0.9347E-02  0.1518E+00  0.2524E-02
     -1.702  0.6838E+00  0.1460E-01  0.5428E-04  0.7697E-03  0.3633E-03  0.5690E-03  0.6419E-04  0.1508E-03  0.1153E+00  0.5486E-02  0.4025E-01  0.6833E-01  0.2464E+00  0.3050E-01  0.7840E-01  0.9335E-02  0.1847E+00  0.2495E-02
     -1.692  0.5109E+00  0.1420E-01  0.4900E-04  0.7361E-03  0.3923E-03  0.5443E-03  0.7559E-04  0.1495E-03  0.1147E+00  0.5448E-02  0.3547E-01  0.6573E-01  0.2871E+00  0.2914E-01  0.8686E-01  0.9327E-02  0.1908E+00  0.2467E-02
     -1.682  0.1614E+01  0.1385E-01  0.6544E-04  0.7106E-03  0.9991E-03  0.5212E-03  0.1031E-03  0.1484E-03  0.1970E+00  0.5850E-02  0.4938E-01  0.6426E-01  0.7057E+00  0.2786E-01  0.1111E+00  0.9297E-02  0.5457E+00  0.2442E-02
     -1.672  0.2378E+01  0.1381E-01  0.7185E-04  0.7421E-03  0.1438E-02  0.5215E-03  0.1095E-03  0.1478E-03  0.2323E+00  0.7885E-02  0.5429E-01  0.7016E-01  0.1021E+01  0.2797E-01  0.1247E+00  0.9149E-02  0.7374E+00  0.2447E-02
     -1.662  0.1556E+01  0.1397E-01  0.4639E-04  0.7847E-03  0.8700E-03  0.5395E-03  0.5720E-04  0.1475E-03  0.1466E+00  0.9003E-02  0.5856E-01  0.7644E-01  0.6169E+00  0.2920E-01  0.6363E-01  0.9098E-02  0.3180E+00  0.2473E-02
     -1.652  0.2120E+01  0.1439E-01  0.4265E-04  0.7837E-03  0.1182E-02  0.5476E-03  0.5148E-04  0.2151E-03  0.1600E+00  0.1224E-01  0.6925E-01  0.7604E-01  0.8501E+00  0.3139E-01  0.5905E-01  0.1296E-01  0.3524E+00  0.2489E-02
     -1.642  0.2591E+01  0.1453E-01  0.5371E-04  0.7470E-03  0.1359E-02  0.5226E-03  0.1298E-03  0.2382E-03  0.2007E+00  0.1302E-01  0.1038E+00  0.7321E-01  0.9914E+00  0.3047E-01  0.1162E+00  0.1448E-01  0.4257E+00  0.2715E-02
     -1.632  0.1611E+01  0.1472E-01  0.5674E-04  0.7090E-03  0.8356E-03  0.4964E-03  0.1560E-03  0.2582E-03  0.1795E+00  0.1361E-01  0.1043E+00  0.7031E-01  0.6077E+00  0.2937E-01  0.1233E+00  0.1587E-01  0.3985E+00  0.2968E-02
     -1.622  0.1458E+01  0.1526E-01  0.6201E-04  0.6697E-03  0.7774E-03  0.4715E-03  0.1563E-03  0.2782E-03  0.1645E+00  0.1432E-01  0.1088E+00  0.6783E-01  0.5675E+00  0.2811E-01  0.1135E+00  0.1751E-01  0.4292E+00  0.3334E-02
     -1.612  0.1100E+01  0.1937E-01  0.6242E-04  0.6307E-03  0.6685E-03  0.4871E-03  0.9136E-04  0.3009E-03  0.1198E+00  0.1545E-01  0.8281E-01  0.6720E-01  0.4891E+00  0.2727E-01  0.5345E-01  0.1979E-01  0.4093E+00  0.4128E-02
     -1.602  0.9586E+00  0.2248E-01  0.7597E-04  0.5960E-03  0.6055E-03  0.4986E-03  0.9106E-04  0.3149E-03  0.1027E+00  0.1597E-01  0.8409E-01  0.6520E-01  0.4445E+00  0.2666E-01  0.4423E-01  0.2107E-01  0.4870E+00  0.4758E-02
     -1.592  0.8307E+00  0.2434E-01  0.1149E-03  0.5681E-03  0.5682E-03  0.5052E-03  0.1047E-03  0.3248E-03  0.1028E+00  0.1629E-01  0.9413E-01  0.6287E-01  0.4189E+00  0.2647E-01  0.4279E-01  0.2193E-01  0.7088E+00  0.5267E-02
     -1.582  0.7719E+00  0.2647E-01  0.1479E-03  0.5648E-03  0.5589E-03  0.5261E-03  0.1302E-03  0.3362E-03  0.1046E+00  0.1720E-01  0.1116E+00  0.6350E-01  0.4118E+00  0.2702E-01  0.5241E-01  0.2283E-01  0.1074E+01  0.5820E-02
     -1.572  0.7311E+00  0.2919E-01  0.1728E-03  0.5683E-03  0.5446E-03  0.5599E-03  0.1466E-03  0.3507E-03  0.1009E+00  0.1844E-01  0.1305E+00  0.6531E-01  0.3998E+00  0.2791E-01  0.5939E-01  0.2395E-01  0.1499E+01  0.6390E-02
     -1.562  0.6514E+00  0.3311E-01  0.2046E-03  0.5386E-03  0.4973E-03  0.5963E-03  0.1497E-03  0.3421E-03  0.9050E-01  0.1798E-01  0.1441E+00  0.6511E-01  0.3603E+00  0.2687E-01  0.6118E-01  0.2403E-01  0.1914E+01  0.6749E-02
     -1.552  0.5080E+00  0.3453E-01  0.2447E-03  0.4794E-03  0.4089E-03  0.5713E-03  0.1113E-03  0.2865E-03  0.7003E-01  0.1497E-01  0.1208E+00  0.6086E-01  0.2849E+00  0.2287E-01  0.4529E-01  0.2099E-01  0.1809E+01  0.6950E-02
     -1.542  0.2798E+00  0.3624E-01  0.2209E-03  0.4167E-03  0.2923E-03  0.5467E-03  0.6391E-04  0.2286E-03  0.4039E-01  0.1221E-01  0.4866E-01  0.5675E-01  0.1941E+00  0.1884E-01  0.2722E-01  0.1787E-01  0.8861E+00  0.7415E-02
     -1.532  0.2400E+00  0.4200E-01  0.2309E-03  0.4148E-03  0.2673E-03  0.5835E-03  0.5660E-04  0.2126E-03  0.3696E-01  0.1227E-01  0.4110E-01  0.5914E-01  0.1739E+00  0.1829E-01  0.2360E-01  0.1707E-01  0.8507E+00  0.8666E-02
     -1.522  0.4822E+00  0.5699E-01  0.1010E-02  0.4709E-03  0.2991E-03  0.7172E-03  0.1686E-03  0.2097E-03  0.1106E+00  0.1278E-01  0.1422E+00  0.6878E-01  0.1831E+00  0.1972E-01  0.7522E-01  0.1700E-01  0.6061E+01  0.1093E-01
     -1.512  0.3950E+00  0.4876E-01  0.1078E-02  0.3886E-03  0.2909E-03  0.6245E-03  0.2477E-03  0.1907E-03  0.1581E+00  0.1233E-01  0.1151E+00  0.5849E-01  0.1701E+00  0.1707E-01  0.1019E+00  0.1579E-01  0.5545E+01  0.1004E-01
     -1.502  0.2368E+00  0.3843E-01  0.8409E-03  0.2993E-03  0.2520E-03  0.5162E-03  0.2499E-03  0.1708E-03  0.1435E+00  0.1145E-01  0.6069E-01  0.4680E-01  0.1423E+00  0.1437E-01  0.8901E-01  0.1452E-01  0.3228E+01  0.9007E-02
     -1.492  0.1798E+00  0.2625E-01  0.8122E-03  0.2050E-03  0.2238E-03  0.3962E-03  0.2601E-03  0.1517E-03  0.1435E+00  0.1048E-01  0.4711E-01  0.3415E-01  0.1215E+00  0.1181E-01  0.8134E-01  0.1332E-01  0.2671E+01  0.7868E-02
     -1.482  0.1275E+00  0.2108E-01  0.7900E-03  0.1565E-03  0.1925E-03  0.3429E-03  0.2706E-03  0.1391E-03  0.1393E+00  0.9847E-02  0.3676E-01  0.2796E-01  0.9987E-01  0.1037E-01  0.7341E-01  0.1259E-01  0.2150E+01  0.7612E-02
     -1.472  0.8836E-01  0.2146E-01  0.7878E-03  0.1403E-03  0.1768E-03  0.3381E-03  0.2814E-03  0.1288E-03  0.1428E+00  0.8872E-02  0.3664E-01  0.2628E-01  0.8681E-01  0.9592E-02  0.7312E-01  0.1179E-01  0.1825E+01  0.7901E-02
     -1.462  0.6663E-01  0.2179E-01  0.8411E-03  0.1244E-03  0.1900E-03  0.3327E-03  0.3019E-03  0.1190E-03  0.1410E+00  0.7848E-02  0.3693E-01  0.2462E-01  0.9076E-01  0.8830E-02  0.7674E-01  0.1099E-01  0.1714E+01  0.8179E-02
     -1.452  0.5567E-01  0.2216E-01  0.8341E-03  0.1108E-03  0.1923E-03  0.3286E-03  0.3145E-03  0.1109E-03  0.1208E+00  0.6957E-02  0.3357E-01  0.2319E-01  0.9013E-01  0.8216E-02  0.7779E-01  0.1029E-01  0.1502E+01  0.8471E-02
     -1.442  0.4326E-01  0.1471E-01  0.7409E-03  0.8123E-04  0.1758E-03  0.1954E-03  0.2878E-03  0.5722E-04  0.9373E-01  0.4972E-02  0.2744E-01  0.1627E-01  0.8087E-01  0.5547E-02  0.6857E-01  0.5545E-02  0.1185E+01  0.7782E-02
     -1.432  0.2974E-01  0.1187E-01  0.6104E-03  0.6720E-04  0.1461E-03  0.1445E-03  0.2341E-03  0.3796E-04  0.6672E-01  0.4261E-02  0.2068E-01  0.1311E-01  0.6570E-01  0.4366E-02  0.5333E-01  0.3880E-02  0.8726E+00  0.7252E-02
     -1.422  0.2062E-01  0.1132E-01  0.4908E-03  0.6129E-04  0.1143E-03  0.1338E-03  0.1804E-03  0.3394E-04  0.5885E-01  0.4032E-02  0.1680E-01  0.1198E-01  0.5008E-01  0.4020E-02  0.3918E-01  0.3518E-02  0.6548E+00  0.6986E-02
     -1.412  0.1211E-01  0.1076E-01  0.3856E-03  0.5547E-04  0.8309E-04  0.1234E-03  0.1326E-03  0.3007E-04  0.5315E-01  0.3803E-02  0.1278E-01  0.1087E-01  0.3443E-01  0.3677E-02  0.2789E-01  0.3169E-02  0.4858E+00  0.6691E-02
     -1.402  0.8120E-02  0.1021E-01  0.3221E-03  0.4976E-04  0.6424E-04  0.1131E-03  0.1148E-03  0.2634E-04  0.4799E-01  0.3574E-02  0.9352E-02  0.9774E-02  0.2437E-01  0.3338E-02  0.2345E-01  0.2835E-02  0.3771E+00  0.6369E-02
     -1.392  0.5959E-02  0.9649E-02  0.2800E-03  0.4415E-04  0.5259E-04  0.1032E-03  0.1062E-03  0.2275E-04  0.4365E-01  0.3345E-02  0.6900E-02  0.8691E-02  0.1806E-01  0.3002E-02  0.2107E-01  0.2514E-02  0.3049E+00  0.6018E-02
     -1.382  0.5153E-02  0.9090E-02  0.2592E-03  0.3864E-04  0.4893E-04  0.9341E-04  0.9922E-04  0.1931E-04  0.4072E-01  0.3117E-02  0.6429E-02  0.7623E-02  0.1653E-01  0.2670E-02  0.1928E-01  0.2209E-02  0.2753E+00  0.5638E-02
     -1.372  0.4386E-02  0.8529E-02  0.2381E-03  0.3323E-04  0.4532E-04  0.8389E-04  0.9248E-04  0.1601E-04  0.3777E-01  0.2889E-02  0.5950E-02  0.6569E-02  0.1504E-01  0.2341E-02  0.1751E-01  0.1917E-02  0.2460E+00  0.5231E-02
     -1.362  0.3657E-02  0.7967E-02  0.2168E-03  0.2792E-04  0.4175E-04  0.7460E-04  0.8595E-04  0.1285E-04  0.3481E-01  0.2661E-02  0.5463E-02  0.5529E-02  0.1360E-01  0.2016E-02  0.1577E-01  0.1640E-02  0.2172E+00  0.4795E-02
     -1.352  0.2967E-02  0.7403E-02  0.1953E-03  0.2272E-04  0.3822E-04  0.6555E-04  0.7963E-04  0.9839E-05  0.3183E-01  0.2434E-02  0.4967E-02  0.4504E-02  0.1219E-01  0.1694E-02  0.1407E-01  0.1376E-02  0.1888E+00  0.4331E-02
     -1.342  0.2315E-02  0.1364E-01  0.1736E-03  0.2491E-04  0.3473E-04  0.1031E-03  0.7351E-04  0.9364E-05  0.2883E-01  0.3631E-02  0.4463E-02  0.5550E-02  0.1083E-01  0.1727E-02  0.1239E-01  0.1993E-02  0.1608E+00  0.7521E-02
     -1.332  0.1812E-02  0.8885E-02  0.1818E-03  0.1534E-04  0.3910E-04  0.6650E-04  0.8590E-04  0.5957E-05  0.3550E-01  0.2356E-02  0.4928E-02  0.3308E-02  0.1157E-01  0.1045E-02  0.1227E-01  0.1333E-02  0.1383E+00  0.4481E-02
     -1.322  0.1444E-02  0.4135E-02  0.2061E-03  0.6729E-05  0.4722E-04  0.3064E-04  0.1082E-03  0.2705E-05  0.4316E-01  0.1092E-02  0.6058E-02  0.1396E-02  0.1318E-01  0.4485E-03  0.1350E-01  0.6367E-03  0.1172E+00  0.1890E-02
     -1.312  0.6808E-03  0.0000E+00  0.8024E-04  0.0000E+00  0.2074E-04  0.0000E+00  0.5020E-04  0.0000E+00  0.1935E-01  0.0000E+00  0.2340E-02  0.0000E+00  0.5927E-02  0.0000E+00  0.5484E-02  0.0000E+00  0.4680E-01  0.0000E+00
     -1.302  0.0000E+00  0.2916E+00  0.0000E+00  0.6169E-03  0.0000E+00  0.1375E-02  0.0000E+00  0.7308E-05  0.0000E+00  0.6872E-02  0.0000E+00  0.6420E-01  0.0000E+00  0.4064E-01  0.0000E+00  0.1731E-02  0.0000E+00  0.1910E+00
     -1.292  0.0000E+00  0.3184E+00  0.0000E+00  0.6250E-03  0.0000E+00  0.1500E-02  0.0000E+00  0.8719E-05  0.0000E+00  0.9586E-02  0.0000E+00  0.5968E-01  0.0000E+00  0.4315E-01  0.0000E+00  0.1985E-02  0.0000E+00  0.1852E+00
     -1.282  0.0000E+00  0.3456E+00  0.0000E+00  0.6328E-03  0.0000E+00  0.1628E-02  0.0000E+00  0.1010E-04  0.0000E+00  0.1230E-01  0.0000E+00  0.5500E-01  0.0000E+00  0.4560E-01  0.0000E+00  0.2242E-02  0.0000E+00  0.1789E+00
     -1.272  0.0000E+00  0.3928E+00  0.0000E+00  0.6336E-03  0.0000E+00  0.1843E-02  0.0000E+00  0.1276E-04  0.0000E+00  0.1741E-01  0.0000E+00  0.4402E-01  0.0000E+00  0.5006E-01  0.0000E+00  0.2481E-02  0.0000E+00  0.1547E+00
     -1.262  0.1726E-01  0.5261E+00  0.5532E-03  0.7444E-03  0.1050E-02  0.2455E-02  0.1213E-02  0.1500E-04  0.1677E+01  0.2285E-01  0.7720E-01  0.3755E-01  0.2518E+00  0.6352E-01  0.3181E+00  0.2875E-02  0.9755E-01  0.1491E+00
     -1.252  0.1148E-01  0.7394E+00  0.4987E-03  0.9440E-03  0.5810E-03  0.3434E-02  0.5437E-03  0.1616E-04  0.5342E+00  0.2722E-01  0.3879E-01  0.3394E-01  0.1434E+00  0.7979E-01  0.1328E+00  0.3441E-02  0.1410E+00  0.1491E+00
     -1.242  0.1758E-01  0.1963E+01  0.7060E-03  0.2223E-02  0.7633E-03  0.8997E-02  0.6433E-03  0.4127E-04  0.5263E+00  0.7883E-01  0.5220E-01  0.4562E-01  0.1938E+00  0.1514E+00  0.1492E+00  0.1111E-01  0.2263E+00  0.2106E+00
     -1.232  0.2029E-01  0.2817E+01  0.7429E-03  0.2971E-02  0.7259E-03  0.1275E-01  0.5423E-03  0.4117E-04  0.3657E+00  0.1103E+00  0.5329E-01  0.3499E-01  0.1915E+00  0.2278E+00  0.1373E+00  0.7024E-02  0.2750E+00  0.2324E+00
     -1.222  0.2053E-01  0.6615E+00  0.7431E-03  0.8391E-03  0.7426E-03  0.2809E-02  0.4937E-03  0.8677E-05  0.2924E+00  0.4021E-01  0.4798E-01  0.2234E-01  0.1923E+00  0.1092E+00  0.1122E+00  0.3028E-02  0.2930E+00  0.1534E+00
     -1.212  0.1726E-01  0.5926E+00  0.7337E-03  0.7749E-03  0.7679E-03  0.2458E-02  0.4131E-03  0.5687E-05  0.2416E+00  0.2801E-01  0.3513E-01  0.1988E-01  0.1842E+00  0.1266E+00  0.8147E-01  0.2025E-02  0.2834E+00  0.1850E+00
     -1.202  0.2115E-01  0.0000E+00  0.8515E-03  0.0000E+00  0.9529E-03  0.0000E+00  0.4984E-03  0.0000E+00  0.2865E+00  0.0000E+00  0.3877E-01  0.0000E+00  0.2275E+00  0.0000E+00  0.8538E-01  0.0000E+00  0.3416E+00  0.0000E+00
     -1.192  0.2258E-01  0.0000E+00  0.9458E-03  0.0000E+00  0.1053E-02  0.0000E+00  0.5709E-03  0.0000E+00  0.2951E+00  0.0000E+00  0.3972E-01  0.0000E+00  0.2464E+00  0.0000E+00  0.7875E-01  0.0000E+00  0.3821E+00  0.0000E+00
     -1.182  0.2360E-01  0.2107E+00  0.1043E-02  0.1630E-03  0.1147E-02  0.1106E-02  0.6544E-03  0.2551E-04  0.3026E+00  0.4509E-01  0.3996E-01  0.1648E-01  0.2624E+00  0.2446E+00  0.7234E-01  0.7572E-02  0.4226E+00  0.1604E+01
     -1.172  0.2083E-01  0.1443E+00  0.1066E-02  0.1340E-03  0.1183E-02  0.7112E-03  0.7183E-03  0.2694E-04  0.2992E+00  0.6100E-01  0.3277E-01  0.1178E-01  0.2577E+00  0.1550E+00  0.6523E-01  0.1183E-01  0.4095E+00  0.1206E+01
     -1.162  0.1785E-01  0.1798E+00  0.1095E-02  0.2437E-03  0.1221E-02  0.6990E-03  0.7877E-03  0.2980E-04  0.2947E+00  0.8567E-01  0.2576E-01  0.1123E-01  0.2521E+00  0.1225E+00  0.5768E-01  0.1714E-01  0.3952E+00  0.1145E+01
     -1.152  0.9640E-02  0.2034E+01  0.2600E-03  0.3075E-02  0.1696E-03  0.6007E-02  0.2202E-03  0.5181E-04  0.5879E-01  0.1205E+00  0.1417E-01  0.3675E-01  0.5743E-01  0.3338E+00  0.2466E-01  0.2666E-01  0.2091E+00  0.2548E+01
     -1.142  0.7792E-02  0.8729E+00  0.1665E-03  0.1262E-02  0.8044E-04  0.2695E-02  0.1540E-03  0.3743E-04  0.3367E-01  0.5357E-01  0.1051E-01  0.1775E-01  0.3764E-01  0.2189E+00  0.1850E-01  0.1922E-01  0.1734E+00  0.1032E+01
     -1.132  0.6029E-02  0.5527E+00  0.1257E-03  0.7863E-03  0.5510E-04  0.1731E-02  0.1304E-03  0.2726E-04  0.2507E-01  0.2214E-01  0.7132E-02  0.1130E-01  0.2816E-01  0.1683E+00  0.1398E-01  0.1099E-01  0.1440E+00  0.6637E+00
     -1.122  0.3155E-02  0.5014E+00  0.6333E-04  0.7083E-03  0.2845E-04  0.1562E-02  0.7122E-04  0.2318E-04  0.1369E-01  0.1125E-01  0.3500E-02  0.1029E-01  0.1481E-01  0.1648E+00  0.7203E-02  0.7852E-02  0.7684E-01  0.5262E+00
     -1.112  0.3960E-03  0.7569E+00  0.7634E-05  0.1113E-02  0.3520E-05  0.2230E-02  0.9329E-05  0.4048E-04  0.1794E-02  0.6881E-01  0.4090E-03  0.1445E-01  0.1869E-02  0.2811E+00  0.8895E-03  0.1736E-01  0.9843E-02  0.6569E+00
     -1.101  0.0000E+00  0.3894E+00  0.0000E+00  0.7621E-03  0.0000E+00  0.8577E-03  0.0000E+00  0.3732E-04  0.0000E+00  0.9896E-01  0.0000E+00  0.4340E-02  0.0000E+00  0.9916E-01  0.0000E+00  0.2528E-01  0.0000E+00  0.4075E+00
     -1.091  0.0000E+00  0.3365E+00  0.0000E+00  0.7125E-03  0.0000E+00  0.6906E-03  0.0000E+00  0.3406E-04  0.0000E+00  0.9636E-01  0.0000E+00  0.4325E-02  0.0000E+00  0.9042E-01  0.0000E+00  0.2523E-01  0.0000E+00  0.4386E+00
     -1.081  0.0000E+00  0.1994E+00  0.0000E+00  0.4233E-03  0.0000E+00  0.4370E-03  0.0000E+00  0.1907E-04  0.0000E+00  0.9924E-01  0.0000E+00  0.4046E-02  0.0000E+00  0.6730E-01  0.0000E+00  0.1863E-01  0.0000E+00  0.2930E+00
     -1.071  0.0000E+00  0.2127E+00  0.0000E+00  0.4899E-03  0.0000E+00  0.4435E-03  0.0000E+00  0.2195E-04  0.0000E+00  0.1161E+00  0.0000E+00  0.5205E-02  0.0000E+00  0.7579E-01  0.0000E+00  0.2231E-01  0.0000E+00  0.3862E+00
     -1.061  0.9814E-02  0.1917E+00  0.6018E-03  0.5045E-03  0.7912E-04  0.3526E-03  0.3809E-02  0.2297E-04  0.2171E+00  0.1289E+00  0.4439E-01  0.5616E-02  0.3002E-01  0.7397E-01  0.1928E+00  0.2902E-01  0.2103E+00  0.4470E+00
     -1.051  0.1710E-01  0.1902E+00  0.1056E-02  0.5112E-03  0.5879E-03  0.3633E-03  0.1911E-01  0.2272E-04  0.9476E+00  0.1551E+00  0.8986E-01  0.8006E-02  0.1226E+00  0.8792E-01  0.8703E+00  0.3572E-01  0.3369E+00  0.4784E+00
     -1.041  0.1614E-01  0.2283E+00  0.1266E-02  0.7436E-03  0.8057E-03  0.3957E-03  0.1845E-01  0.2507E-04  0.7107E+00  0.1661E+00  0.9870E-01  0.1609E-01  0.1477E+00  0.1120E+00  0.8800E+00  0.4152E-01  0.3276E+00  0.8374E+00
     -1.031  0.3309E-01  0.1714E+00  0.1095E-01  0.5972E-03  0.9386E-02  0.3020E-03  0.1023E+00  0.3527E-04  0.2312E+01  0.1566E+00  0.5039E+00  0.1570E-01  0.1177E+01  0.1046E+00  0.5270E+01  0.5239E-01  0.1199E+01  0.7152E+00
     -1.021  0.9633E-02  0.1616E+00  0.1492E-02  0.5367E-03  0.4331E-03  0.3142E-03  0.1964E-01  0.3992E-04  0.4975E+00  0.1638E+00  0.1948E+00  0.1596E-01  0.6725E-01  0.1124E+00  0.9893E+00  0.5935E-01  0.1853E+00  0.6346E+00
     -1.011  0.9142E-02  0.1479E+00  0.1707E-02  0.4740E-03  0.2872E-03  0.2975E-03  0.1613E-01  0.4363E-04  0.3765E+00  0.1651E+00  0.2856E+00  0.1437E-01  0.5289E-01  0.1105E+00  0.8165E+00  0.6425E-01  0.3428E+00  0.5365E+00
     -1.001  0.8808E-02  0.1141E+00  0.2054E-02  0.3633E-03  0.1808E-03  0.2097E-03  0.1338E-01  0.4554E-04  0.2906E+00  0.1522E+00  0.4121E+00  0.8551E-02  0.4473E-01  0.8471E-01  0.6769E+00  0.6474E-01  0.5653E+00  0.3615E+00
     -0.991  0.7161E-02  0.7713E-01  0.2597E-02  0.2437E-03  0.1280E-03  0.1275E-03  0.1047E-01  0.4754E-04  0.2026E+00  0.1379E+00  0.6171E+00  0.3650E-02  0.4527E-01  0.5727E-01  0.5353E+00  0.6470E-01  0.9396E+00  0.2002E+00
     -0.981  0.5058E-02  0.4588E-01  0.3538E-02  0.1600E-03  0.2752E-03  0.5443E-04  0.2912E-01  0.3926E-04  0.2384E+00  0.6455E-01  0.9389E+00  0.9945E-03  0.6683E-01  0.3139E-01  0.1663E+01  0.4248E-01  0.1845E+01  0.1052E+00
     -0.971  0.2698E-01  0.2700E-01  0.4188E-01  0.1010E-03  0.3303E-02  0.3035E-04  0.4307E-01  0.3590E-04  0.4515E+00  0.5342E-01  0.1026E+02  0.5540E-03  0.1192E+01  0.1902E-01  0.2343E+01  0.3782E-01  0.1857E+02  0.6770E-01
     -0.961  0.7392E-02  0.0000E+00  0.2050E-02  0.0000E+00  0.1940E-03  0.0000E+00  0.8568E-02  0.0000E+00  0.1133E+00  0.0000E+00  0.5146E+00  0.0000E+00  0.8716E-01  0.0000E+00  0.4132E+00  0.0000E+00  0.9945E+00  0.0000E+00
     -0.951  0.2815E-01  0.3343E-03  0.5568E-02  0.8574E-06  0.3392E-03  0.2301E-05  0.1545E-01  0.2542E-05  0.1286E+00  0.1055E-01  0.9695E+00  0.2693E-03  0.8171E-01  0.6152E-03  0.8036E+00  0.5105E-02  0.8994E+00  0.2625E-02
     -0.941  0.3435E-01  0.6642E-02  0.5674E-02  0.1842E-04  0.3947E-03  0.4505E-04  0.2651E-01  0.5304E-04  0.1474E+00  0.2016E+00  0.8640E+00  0.5471E-02  0.6511E-01  0.1220E-01  0.1440E+01  0.1019E+00  0.5738E+00  0.5257E-01
     -0.931  0.3806E-01  0.1035E-01  0.5753E-02  0.2301E-04  0.4464E-03  0.6993E-04  0.3323E-01  0.4662E-04  0.1466E+00  0.1554E+00  0.7918E+00  0.1045E-01  0.5580E-01  0.2140E-01  0.1835E+01  0.8452E-01  0.4091E+00  0.6964E-01
     -0.921  0.4025E-01  0.1363E-01  0.5804E-02  0.2653E-04  0.4867E-03  0.9517E-04  0.3094E-01  0.4101E-04  0.1137E+00  0.1157E+00  0.7160E+00  0.1417E-01  0.4575E-01  0.2909E-01  0.1716E+01  0.6781E-01  0.2566E+00  0.9312E-01
     -0.911  0.4396E-01  0.1737E-01  0.5955E-02  0.3230E-04  0.5620E-03  0.1254E-03  0.2595E-01  0.3996E-04  0.7522E-01  0.9454E-01  0.6527E+00  0.1863E-01  0.4503E-01  0.3793E-01  0.1431E+01  0.6034E-01  0.1468E+00  0.1234E+00
     -0.901  0.4428E-01  0.2570E-01  0.5912E-02  0.4221E-04  0.7409E-03  0.2178E-03  0.1956E-01  0.5354E-04  0.5475E-01  0.8651E-01  0.5774E+00  0.3261E-01  0.5761E-01  0.6083E-01  0.1060E+01  0.6788E-01  0.1042E+00  0.2123E+00
     -0.891  0.4566E-01  0.3291E-01  0.5767E-02  0.5143E-04  0.9123E-03  0.2911E-03  0.1885E-01  0.6905E-04  0.5185E-01  0.8330E-01  0.4794E+00  0.4426E-01  0.6737E-01  0.7986E-01  0.1013E+01  0.7895E-01  0.6473E-01  0.2806E+00
     -0.881  0.4647E-01  0.4162E-01  0.5855E-02  0.6571E-04  0.1050E-02  0.3365E-03  0.1789E-01  0.9264E-04  0.4842E-01  0.9208E-01  0.4482E+00  0.5182E-01  0.7577E-01  0.9795E-01  0.9530E+00  0.1010E+00  0.6505E-01  0.3127E+00
     -0.871  0.7842E-01  0.1020E+00  0.1173E-01  0.1105E-03  0.1991E-02  0.1052E-02  0.2602E-01  0.3076E-03  0.6719E-01  0.1863E+00  0.7788E+00  0.1616E+00  0.1230E+00  0.2698E+00  0.1382E+01  0.2901E+00  0.2007E+00  0.9462E+00
     -0.861  0.6541E-01  0.6966E-01  0.8723E-02  0.1250E-03  0.1950E-02  0.3106E-03  0.1978E-01  0.2634E-03  0.4850E-01  0.1568E+00  0.5624E+00  0.5595E-01  0.1353E+00  0.1359E+00  0.1024E+01  0.2654E+00  0.1437E+00  0.2100E+00
     -0.851  0.7009E-01  0.9265E-01  0.8795E-02  0.2374E-03  0.2300E-02  0.2073E-03  0.2055E-01  0.2893E-03  0.4910E-01  0.1684E+00  0.5445E+00  0.5180E-01  0.1710E+00  0.1642E+00  0.1046E+01  0.3061E+00  0.1516E+00  0.1989E+00
     -0.841  0.6866E-01  0.4992E-01  0.9034E-02  0.1363E-03  0.2659E-02  0.1178E-03  0.1910E-01  0.1141E-03  0.4501E-01  0.9267E-01  0.5258E+00  0.3327E-01  0.1929E+00  0.9256E-01  0.9591E+00  0.1353E+00  0.1584E+00  0.1194E+00
     -0.831  0.6275E-01  0.2810E-01  0.9141E-02  0.7753E-04  0.2975E-02  0.8035E-04  0.1640E-01  0.4955E-04  0.3819E-01  0.5336E-01  0.4933E+00  0.2455E-01  0.2045E+00  0.5469E-01  0.8130E+00  0.6628E-01  0.1606E+00  0.7326E-01
     -0.821  0.6853E-01  0.1397E-01  0.1079E-01  0.3881E-04  0.3580E-02  0.5312E-04  0.1480E-01  0.2862E-04  0.3390E-01  0.3544E-01  0.5509E+00  0.1774E-01  0.2248E+00  0.2882E-01  0.7218E+00  0.4083E-01  0.1920E+00  0.4232E-01
     -0.811  0.2915E-01  0.1099E-02  0.5711E-02  0.2717E-05  0.1803E-02  0.2718E-04  0.5880E-02  0.1188E-04  0.1356E-01  0.1881E-01  0.2664E+00  0.1086E-01  0.9364E-01  0.4655E-02  0.2804E+00  0.1915E-01  0.1067E+00  0.1191E-01
     -0.801  0.0000E+00  0.4031E-03  0.0000E+00  0.1015E-05  0.0000E+00  0.1099E-04  0.0000E+00  0.4385E-05  0.0000E+00  0.7433E-02  0.0000E+00  0.4418E-02  0.0000E+00  0.1810E-02  0.0000E+00  0.7365E-02  0.0000E+00  0.4736E-02
     -0.791  0.0000E+00  0.0000E+00  0.0000E+00  0.0000E+00  0.0000E+00  0.0000E+00  0.0000E+00  0.0000E+00  0.0000E+00  0.0000E+00  0.0000E+00  0.0000E+00  0.0000E+00  0.0000E+00  0.0000E+00  0.0000E+00  0.0000E+00  0.0000E+00
     -0.781  0.0000E+00  0.0000E+00  0.0000E+00  0.0000E+00  0.0000E+00  0.0000E+00  0.0000E+00  0.0000E+00  0.0000E+00  0.0000E+00  0.0000E+00  0.0000E+00  0.0000E+00  0.0000E+00  0.0000E+00  0.0000E+00  0.0000E+00  0.0000E+00
     -0.771  0.0000E+00  0.0000E+00  0.0000E+00  0.0000E+00  0.0000E+00  0.0000E+00  0.0000E+00  0.0000E+00  0.0000E+00  0.0000E+00  0.0000E+00  0.0000E+00  0.0000E+00  0.0000E+00  0.0000E+00  0.0000E+00  0.0000E+00  0.0000E+00
     -0.761  0.0000E+00  0.0000E+00  0.0000E+00  0.0000E+00  0.0000E+00  0.0000E+00  0.0000E+00  0.0000E+00  0.0000E+00  0.0000E+00  0.0000E+00  0.0000E+00  0.0000E+00  0.0000E+00  0.0000E+00  0.0000E+00  0.0000E+00  0.0000E+00
     -0.751  0.1297E+00  0.0000E+00  0.1719E-01  0.0000E+00  0.8114E-02  0.0000E+00  0.1338E-01  0.0000E+00  0.2433E-01  0.0000E+00  0.7655E+00  0.0000E+00  0.5169E+00  0.0000E+00  0.5747E+00  0.0000E+00  0.3647E+00  0.0000E+00
     -0.741  0.1718E+00  0.0000E+00  0.1950E-01  0.0000E+00  0.8799E-02  0.0000E+00  0.1245E-01  0.0000E+00  0.2226E-01  0.0000E+00  0.9272E+00  0.0000E+00  0.5539E+00  0.0000E+00  0.5260E+00  0.0000E+00  0.4183E+00  0.0000E+00
     -0.731  0.1493E+00  0.0000E+00  0.2022E-01  0.0000E+00  0.1133E-01  0.0000E+00  0.1079E-01  0.0000E+00  0.2174E-01  0.0000E+00  0.8202E+00  0.0000E+00  0.6976E+00  0.0000E+00  0.4495E+00  0.0000E+00  0.4204E+00  0.0000E+00
     -0.721  0.1256E+00  0.0000E+00  0.2372E-01  0.0000E+00  0.1705E-01  0.0000E+00  0.9806E-02  0.0000E+00  0.2426E-01  0.0000E+00  0.7347E+00  0.0000E+00  0.1042E+01  0.0000E+00  0.4010E+00  0.0000E+00  0.4698E+00  0.0000E+00
     -0.711  0.1231E+00  0.0000E+00  0.2924E-01  0.0000E+00  0.2397E-01  0.0000E+00  0.8446E-02  0.0000E+00  0.2611E-01  0.0000E+00  0.7443E+00  0.0000E+00  0.1443E+01  0.0000E+00  0.3350E+00  0.0000E+00  0.5578E+00  0.0000E+00
     -0.701  0.1179E+00  0.0000E+00  0.2210E-01  0.0000E+00  0.1582E-01  0.0000E+00  0.5735E-02  0.0000E+00  0.1393E-01  0.0000E+00  0.6645E+00  0.0000E+00  0.8318E+00  0.0000E+00  0.2243E+00  0.0000E+00  0.4187E+00  0.0000E+00
     -0.691  0.1293E+00  0.0000E+00  0.2377E-01  0.0000E+00  0.1653E-01  0.0000E+00  0.5296E-02  0.0000E+00  0.1151E-01  0.0000E+00  0.7219E+00  0.0000E+00  0.7885E+00  0.0000E+00  0.2040E+00  0.0000E+00  0.4429E+00  0.0000E+00
     -0.681  0.1470E+00  0.0000E+00  0.2772E-01  0.0000E+00  0.1915E-01  0.0000E+00  0.5393E-02  0.0000E+00  0.1061E-01  0.0000E+00  0.8254E+00  0.0000E+00  0.8423E+00  0.0000E+00  0.2048E+00  0.0000E+00  0.5083E+00  0.0000E+00
     -0.671  0.1164E+00  0.0000E+00  0.2032E-01  0.0000E+00  0.1293E-01  0.0000E+00  0.2831E-02  0.0000E+00  0.6944E-02  0.0000E+00  0.6305E+00  0.0000E+00  0.5413E+00  0.0000E+00  0.1066E+00  0.0000E+00  0.3926E+00  0.0000E+00
     -0.661  0.1979E+00  0.0000E+00  0.3485E-01  0.0000E+00  0.2082E-01  0.0000E+00  0.2611E-02  0.0000E+00  0.6725E-02  0.0000E+00  0.1070E+01  0.0000E+00  0.7300E+00  0.0000E+00  0.9691E-01  0.0000E+00  0.6827E+00  0.0000E+00
     -0.651  0.1005E+00  0.0000E+00  0.1386E-01  0.0000E+00  0.6241E-02  0.0000E+00  0.8644E-03  0.0000E+00  0.1439E-02  0.0000E+00  0.5022E+00  0.0000E+00  0.1303E+00  0.0000E+00  0.3360E-01  0.0000E+00  0.2886E+00  0.0000E+00
     -0.641  0.9024E-02  0.0000E+00  0.1246E-02  0.0000E+00  0.5521E-03  0.0000E+00  0.6585E-04  0.0000E+00  0.1053E-03  0.0000E+00  0.4506E-01  0.0000E+00  0.1043E-01  0.0000E+00  0.2616E-02  0.0000E+00  0.2596E-01  0.0000E+00
     -0.631  0.0000E+00  0.0000E+00  0.0000E+00  0.0000E+00  0.0000E+00  0.0000E+00  0.0000E+00  0.0000E+00  0.0000E+00  0.0000E+00  0.0000E+00  0.0000E+00  0.0000E+00  0.0000E+00  0.0000E+00  0.0000E+00  0.0000E+00  0.0000E+00
     -0.621  0.0000E+00  0.0000E+00  0.0000E+00  0.0000E+00  0.0000E+00  0.0000E+00  0.0000E+00  0.0000E+00  0.0000E+00  0.0000E+00  0.0000E+00  0.0000E+00  0.0000E+00  0.0000E+00  0.0000E+00  0.0000E+00  0.0000E+00  0.0000E+00
     -0.611  0.0000E+00  0.0000E+00  0.0000E+00  0.0000E+00  0.0000E+00  0.0000E+00  0.0000E+00  0.0000E+00  0.0000E+00  0.0000E+00  0.0000E+00  0.0000E+00  0.0000E+00  0.0000E+00  0.0000E+00  0.0000E+00  0.0000E+00  0.0000E+00
     -0.601  0.5953E+00  0.0000E+00  0.1759E-02  0.0000E+00  0.1303E-01  0.0000E+00  0.3786E-02  0.0000E+00  0.5259E-02  0.0000E+00  0.9620E+00  0.0000E+00  0.2681E+01  0.0000E+00  0.1217E+00  0.0000E+00  0.5676E-01  0.0000E+00
     -0.591  0.3628E+00  0.0000E+00  0.2148E-02  0.0000E+00  0.9649E-02  0.0000E+00  0.3158E-02  0.0000E+00  0.5258E-02  0.0000E+00  0.5705E+00  0.0000E+00  0.1731E+01  0.0000E+00  0.1004E+00  0.0000E+00  0.5266E-01  0.0000E+00
     -0.581  0.4934E+00  0.0000E+00  0.3157E-02  0.0000E+00  0.1325E-01  0.0000E+00  0.3605E-02  0.0000E+00  0.7265E-02  0.0000E+00  0.7634E+00  0.0000E+00  0.2352E+01  0.0000E+00  0.1142E+00  0.0000E+00  0.7820E-01  0.0000E+00
     -0.571  0.5749E+00  0.0000E+00  0.4368E-02  0.0000E+00  0.1985E-01  0.0000E+00  0.3310E-02  0.0000E+00  0.9642E-02  0.0000E+00  0.8152E+00  0.0000E+00  0.3168E+01  0.0000E+00  0.1042E+00  0.0000E+00  0.8357E-01  0.0000E+00
     -0.561  0.5992E+00  0.0000E+00  0.3877E-02  0.0000E+00  0.1596E-01  0.0000E+00  0.3137E-02  0.0000E+00  0.1132E-01  0.0000E+00  0.8681E+00  0.0000E+00  0.2842E+01  0.0000E+00  0.9780E-01  0.0000E+00  0.9920E-01  0.0000E+00
     -0.551  0.2269E+00  0.0000E+00  0.2240E-02  0.0000E+00  0.7811E-02  0.0000E+00  0.1390E-02  0.0000E+00  0.6313E-02  0.0000E+00  0.3079E+00  0.0000E+00  0.1205E+01  0.0000E+00  0.4183E-01  0.0000E+00  0.4301E-01  0.0000E+00
     -0.541  0.8481E-01  0.0000E+00  0.1363E-02  0.0000E+00  0.5644E-02  0.0000E+00  0.5592E-03  0.0000E+00  0.4775E-02  0.0000E+00  0.8346E-01  0.0000E+00  0.7095E+00  0.0000E+00  0.1568E-01  0.0000E+00  0.1047E-01  0.0000E+00
     -0.531  0.5814E-01  0.0000E+00  0.9707E-03  0.0000E+00  0.4014E-02  0.0000E+00  0.3798E-03  0.0000E+00  0.3685E-02  0.0000E+00  0.5462E-01  0.0000E+00  0.4998E+00  0.0000E+00  0.1042E-01  0.0000E+00  0.6829E-02  0.0000E+00
     -0.521  0.3225E-01  0.1275E-02  0.5602E-03  0.1025E-05  0.2332E-02  0.8513E-05  0.2111E-03  0.6618E-06  0.2397E-02  0.4322E-03  0.2825E-01  0.3102E-02  0.2873E+00  0.2373E-02  0.5607E-02  0.2846E-02  0.3395E-02  0.2501E-01
     -0.511  0.5877E-02  0.4224E-02  0.1030E-03  0.3891E-05  0.4285E-03  0.3327E-04  0.3751E-04  0.2572E-05  0.4518E-03  0.2075E-02  0.5076E-02  0.1107E-01  0.5271E-01  0.7653E-02  0.9836E-03  0.1105E-01  0.6067E-03  0.1061E+00
     -0.501  0.0000E+00  0.1786E-01  0.0000E+00  0.2921E-04  0.0000E+00  0.2277E-03  0.0000E+00  0.1801E-04  0.0000E+00  0.4585E-01  0.0000E+00  0.4914E-01  0.0000E+00  0.2353E-01  0.0000E+00  0.8791E-01  0.0000E+00  0.1355E+01
     -0.491  0.0000E+00  0.9603E-02  0.0000E+00  0.1721E-04  0.0000E+00  0.1037E-03  0.0000E+00  0.1212E-04  0.0000E+00  0.2111E-01  0.0000E+00  0.2219E-01  0.0000E+00  0.2289E-01  0.0000E+00  0.5733E-01  0.0000E+00  0.7398E+00
     -0.481  0.0000E+00  0.4314E-02  0.0000E+00  0.1371E-04  0.0000E+00  0.7131E-04  0.0000E+00  0.1150E-04  0.0000E+00  0.1398E-01  0.0000E+00  0.1120E-01  0.0000E+00  0.1214E-01  0.0000E+00  0.5692E-01  0.0000E+00  0.5217E+00
     -0.471  0.0000E+00  0.3047E-02  0.0000E+00  0.1607E-04  0.0000E+00  0.7140E-04  0.0000E+00  0.1633E-04  0.0000E+00  0.1121E-01  0.0000E+00  0.7663E-02  0.0000E+00  0.1012E-01  0.0000E+00  0.8817E-01  0.0000E+00  0.4402E+00
     -0.461  0.0000E+00  0.1583E-02  0.0000E+00  0.8744E-05  0.0000E+00  0.3348E-04  0.0000E+00  0.1124E-04  0.0000E+00  0.3569E-02  0.0000E+00  0.3335E-02  0.0000E+00  0.8024E-02  0.0000E+00  0.6367E-01  0.0000E+00  0.1209E+00
     -0.451  0.0000E+00  0.0000E+00  0.0000E+00  0.0000E+00  0.0000E+00  0.0000E+00  0.0000E+00  0.0000E+00  0.0000E+00  0.0000E+00  0.0000E+00  0.0000E+00  0.0000E+00  0.0000E+00  0.0000E+00  0.0000E+00  0.0000E+00  0.0000E+00
     -0.441  0.0000E+00  0.2125E-02  0.0000E+00  0.1653E-04  0.0000E+00  0.2735E-04  0.0000E+00  0.2244E-05  0.0000E+00  0.1672E-01  0.0000E+00  0.1720E-01  0.0000E+00  0.4121E-02  0.0000E+00  0.1537E-01  0.0000E+00  0.1049E+01
     -0.431  0.0000E+00  0.6584E-02  0.0000E+00  0.4598E-04  0.0000E+00  0.6461E-04  0.0000E+00  0.9660E-05  0.0000E+00  0.4596E-01  0.0000E+00  0.9540E-01  0.0000E+00  0.2290E-01  0.0000E+00  0.7146E-01  0.0000E+00  0.3432E+01
     -0.421  0.0000E+00  0.7172E-02  0.0000E+00  0.5411E-04  0.0000E+00  0.6721E-04  0.0000E+00  0.1344E-04  0.0000E+00  0.8093E-01  0.0000E+00  0.3420E+00  0.0000E+00  0.2761E-01  0.0000E+00  0.5825E-01  0.0000E+00  0.7064E+01
     -0.411  0.3218E-02  0.6280E-02  0.1623E-03  0.4755E-04  0.1634E-03  0.7349E-04  0.2574E-03  0.1068E-04  0.7919E-03  0.7454E-01  0.7513E-02  0.3955E+00  0.9461E-02  0.2279E-01  0.5868E-02  0.4468E-01  0.1793E-02  0.6546E+01
     -0.401  0.7925E-02  0.4960E-02  0.4796E-03  0.2900E-04  0.4699E-03  0.6906E-04  0.6812E-03  0.5015E-05  0.2173E-02  0.3551E-01  0.1955E-01  0.3150E+00  0.2385E-01  0.2453E-01  0.1542E-01  0.2568E-01  0.5208E-02  0.3703E+01
     -0.391  0.4978E-01  0.0000E+00  0.7587E-02  0.0000E+00  0.4767E-02  0.0000E+00  0.1975E-02  0.0000E+00  0.8733E-02  0.0000E+00  0.2022E+00  0.0000E+00  0.6883E-01  0.0000E+00  0.4176E-01  0.0000E+00  0.8523E-01  0.0000E+00
     -0.381  0.5108E-01  0.8503E-03  0.6268E-02  0.1751E-04  0.4274E-02  0.1066E-03  0.2826E-02  0.1278E-05  0.1039E-01  0.4811E-02  0.1812E+00  0.7385E+00  0.7864E-01  0.2370E-01  0.6024E-01  0.6953E-02  0.6924E-01  0.3813E+01
     -0.371  0.2030E-01  0.4001E-02  0.3105E-02  0.7108E-04  0.2195E-02  0.4546E-03  0.1295E-02  0.5855E-05  0.4368E-02  0.9707E-02  0.7676E-01  0.3635E+01  0.4169E-01  0.2147E+00  0.2733E-01  0.3654E-01  0.3303E-01  0.1639E+02
     -0.361  0.9576E-02  0.2854E-02  0.1276E-02  0.5850E-04  0.1014E-02  0.4296E-03  0.1295E-02  0.4408E-05  0.2941E-02  0.1929E-02  0.2982E-01  0.3809E+01  0.2445E-01  0.3136E+00  0.2741E-01  0.3565E-01  0.1322E-01  0.1451E+02
     -0.351  0.7824E-02  0.0000E+00  0.8671E-03  0.0000E+00  0.6513E-03  0.0000E+00  0.1576E-02  0.0000E+00  0.2962E-02  0.0000E+00  0.2131E-01  0.0000E+00  0.1240E-01  0.0000E+00  0.3315E-01  0.0000E+00  0.9150E-02  0.0000E+00
     -0.341  0.5475E-02  0.0000E+00  0.4387E-03  0.0000E+00  0.3584E-03  0.0000E+00  0.1556E-02  0.0000E+00  0.2638E-02  0.0000E+00  0.1118E-01  0.0000E+00  0.8380E-02  0.0000E+00  0.3267E-01  0.0000E+00  0.4716E-02  0.0000E+00
     -0.331  0.0000E+00  0.0000E+00  0.0000E+00  0.0000E+00  0.0000E+00  0.0000E+00  0.0000E+00  0.0000E+00  0.0000E+00  0.0000E+00  0.0000E+00  0.0000E+00  0.0000E+00  0.0000E+00  0.0000E+00  0.0000E+00  0.0000E+00  0.0000E+00
     -0.321  0.0000E+00  0.0000E+00  0.0000E+00  0.0000E+00  0.0000E+00  0.0000E+00  0.0000E+00  0.0000E+00  0.0000E+00  0.0000E+00  0.0000E+00  0.0000E+00  0.0000E+00  0.0000E+00  0.0000E+00  0.0000E+00  0.0000E+00  0.0000E+00
     -0.311  0.8898E-02  0.0000E+00  0.1628E-02  0.0000E+00  0.1473E-02  0.0000E+00  0.9659E-03  0.0000E+00  0.2213E-02  0.0000E+00  0.2796E-01  0.0000E+00  0.2190E-01  0.0000E+00  0.1843E-01  0.0000E+00  0.1516E-01  0.0000E+00
     -0.301  0.1115E-01  0.0000E+00  0.2999E-02  0.0000E+00  0.2551E-02  0.0000E+00  0.9438E-03  0.0000E+00  0.2746E-02  0.0000E+00  0.4615E-01  0.0000E+00  0.4357E-01  0.0000E+00  0.1741E-01  0.0000E+00  0.2612E-01  0.0000E+00
     -0.291  0.1316E-01  0.0000E+00  0.4367E-02  0.0000E+00  0.3636E-02  0.0000E+00  0.9191E-03  0.0000E+00  0.3248E-02  0.0000E+00  0.6348E-01  0.0000E+00  0.6609E-01  0.0000E+00  0.1635E-01  0.0000E+00  0.3685E-01  0.0000E+00
     -0.281  0.1870E-01  0.0000E+00  0.1166E-01  0.0000E+00  0.9992E-02  0.0000E+00  0.1199E-02  0.0000E+00  0.5604E-02  0.0000E+00  0.1332E+00  0.0000E+00  0.2241E+00  0.0000E+00  0.1960E-01  0.0000E+00  0.9149E-01  0.0000E+00
     -0.271  0.1085E-01  0.0000E+00  0.7327E-02  0.0000E+00  0.6515E-02  0.0000E+00  0.9056E-03  0.0000E+00  0.3104E-02  0.0000E+00  0.7275E-01  0.0000E+00  0.1639E+00  0.0000E+00  0.1558E-01  0.0000E+00  0.5538E-01  0.0000E+00
     -0.261  0.1037E-01  0.5243E-02  0.7312E-02  0.1030E-03  0.6462E-02  0.3028E-03  0.9010E-03  0.5048E-04  0.2713E-02  0.6290E-02  0.7057E-01  0.1712E+00  0.1671E+00  0.3170E-01  0.1572E-01  0.4635E+00  0.5405E-01  0.5833E-01
     -0.251  0.1003E-01  0.1309E-01  0.4395E-02  0.1560E-03  0.3884E-02  0.4798E-03  0.9589E-03  0.9004E-04  0.1863E-02  0.1429E-01  0.4197E-01  0.2845E+00  0.1112E+00  0.1388E+00  0.1735E-01  0.7825E+00  0.3152E-01  0.9810E-01
     -0.241  0.5820E-02  0.1379E-01  0.1932E-02  0.1774E-03  0.1658E-02  0.4436E-03  0.8401E-03  0.6365E-04  0.1183E-02  0.1440E-01  0.1691E-01  0.3987E+00  0.5760E-01  0.1124E+00  0.1552E-01  0.4403E+00  0.1279E-01  0.1100E+00
     -0.231  0.6213E-03  0.1676E-01  0.1971E-03  0.1532E-03  0.1697E-03  0.3392E-03  0.1130E-03  0.4758E-04  0.1533E-03  0.1223E-01  0.1613E-02  0.2920E+00  0.6294E-02  0.1159E+00  0.2080E-02  0.2780E+00  0.1251E-02  0.6289E-01
     -0.221  0.0000E+00  0.1743E-01  0.0000E+00  0.1510E-03  0.0000E+00  0.3249E-03  0.0000E+00  0.4322E-04  0.0000E+00  0.1085E-01  0.0000E+00  0.2741E+00  0.0000E+00  0.1092E+00  0.0000E+00  0.2291E+00  0.0000E+00  0.5182E-01
     -0.211  0.0000E+00  0.1801E-01  0.0000E+00  0.1505E-03  0.0000E+00  0.3166E-03  0.0000E+00  0.4038E-04  0.0000E+00  0.9901E-02  0.0000E+00  0.2619E+00  0.0000E+00  0.1049E+00  0.0000E+00  0.1957E+00  0.0000E+00  0.4344E-01
     -0.201  0.0000E+00  0.1878E-01  0.0000E+00  0.1512E-03  0.0000E+00  0.3146E-03  0.0000E+00  0.3958E-04  0.0000E+00  0.9856E-02  0.0000E+00  0.2564E+00  0.0000E+00  0.1070E+00  0.0000E+00  0.1802E+00  0.0000E+00  0.3838E-01
     -0.191  0.0000E+00  0.1940E-01  0.0000E+00  0.1512E-03  0.0000E+00  0.3110E-03  0.0000E+00  0.3861E-04  0.0000E+00  0.9788E-02  0.0000E+00  0.2499E+00  0.0000E+00  0.1086E+00  0.0000E+00  0.1648E+00  0.0000E+00  0.3349E-01
     -0.181  0.0000E+00  0.2691E-01  0.0000E+00  0.1547E-03  0.0000E+00  0.3291E-03  0.0000E+00  0.3504E-04  0.0000E+00  0.9522E-02  0.0000E+00  0.2444E+00  0.0000E+00  0.1244E+00  0.0000E+00  0.1319E+00  0.0000E+00  0.2715E-01
     -0.171  0.0000E+00  0.3284E-01  0.0000E+00  0.1539E-03  0.0000E+00  0.3403E-03  0.0000E+00  0.3190E-04  0.0000E+00  0.9223E-02  0.0000E+00  0.2337E+00  0.0000E+00  0.1351E+00  0.0000E+00  0.1097E+00  0.0000E+00  0.2267E-01
     -0.161  0.0000E+00  0.3831E-01  0.0000E+00  0.1520E-03  0.0000E+00  0.3500E-03  0.0000E+00  0.2891E-04  0.0000E+00  0.8887E-02  0.0000E+00  0.2222E+00  0.0000E+00  0.1441E+00  0.0000E+00  0.8969E-01  0.0000E+00  0.1856E-01
     -0.151  0.0000E+00  0.4534E-01  0.0000E+00  0.1539E-03  0.0000E+00  0.3739E-03  0.0000E+00  0.2678E-04  0.0000E+00  0.8528E-02  0.0000E+00  0.2158E+00  0.0000E+00  0.1555E+00  0.0000E+00  0.7417E-01  0.0000E+00  0.1465E-01
     -0.141  0.0000E+00  0.5480E-01  0.0000E+00  0.1640E-03  0.0000E+00  0.4209E-03  0.0000E+00  0.2598E-04  0.0000E+00  0.8137E-02  0.0000E+00  0.2212E+00  0.0000E+00  0.1703E+00  0.0000E+00  0.6457E-01  0.0000E+00  0.1170E-01
     -0.131  0.0000E+00  0.7182E-01  0.0000E+00  0.1865E-03  0.0000E+00  0.5154E-03  0.0000E+00  0.2546E-04  0.0000E+00  0.6896E-02  0.0000E+00  0.2420E+00  0.0000E+00  0.1932E+00  0.0000E+00  0.5371E-01  0.0000E+00  0.9489E-02
     -0.121  0.0000E+00  0.6733E-01  0.0000E+00  0.1704E-03  0.0000E+00  0.4778E-03  0.0000E+00  0.2263E-04  0.0000E+00  0.5963E-02  0.0000E+00  0.2203E+00  0.0000E+00  0.1769E+00  0.0000E+00  0.4667E-01  0.0000E+00  0.8499E-02
     -0.111  0.0000E+00  0.6175E-01  0.0000E+00  0.1526E-03  0.0000E+00  0.4338E-03  0.0000E+00  0.1976E-04  0.0000E+00  0.5061E-02  0.0000E+00  0.1967E+00  0.0000E+00  0.1588E+00  0.0000E+00  0.3980E-01  0.0000E+00  0.7471E-02
     -0.101  0.0000E+00  0.5509E-01  0.0000E+00  0.1332E-03  0.0000E+00  0.3834E-03  0.0000E+00  0.1683E-04  0.0000E+00  0.4190E-02  0.0000E+00  0.1712E+00  0.0000E+00  0.1389E+00  0.0000E+00  0.3311E-01  0.0000E+00  0.6407E-02
     -0.091  0.0000E+00  0.4734E-01  0.0000E+00  0.1122E-03  0.0000E+00  0.3268E-03  0.0000E+00  0.1384E-04  0.0000E+00  0.3350E-02  0.0000E+00  0.1438E+00  0.0000E+00  0.1173E+00  0.0000E+00  0.2661E-01  0.0000E+00  0.5307E-02
     -0.081  0.0000E+00  0.3849E-01  0.0000E+00  0.8956E-04  0.0000E+00  0.2637E-03  0.0000E+00  0.1081E-04  0.0000E+00  0.2540E-02  0.0000E+00  0.1146E+00  0.0000E+00  0.9383E-01  0.0000E+00  0.2028E-01  0.0000E+00  0.4170E-02
     -0.071  0.0000E+00  0.2857E-01  0.0000E+00  0.6534E-04  0.0000E+00  0.1944E-03  0.0000E+00  0.7714E-05  0.0000E+00  0.1761E-02  0.0000E+00  0.8339E-01  0.0000E+00  0.6859E-01  0.0000E+00  0.1414E-01  0.0000E+00  0.2996E-02
     -0.061  0.0000E+00  0.1755E-01  0.0000E+00  0.3952E-04  0.0000E+00  0.1187E-03  0.0000E+00  0.4568E-05  0.0000E+00  0.1012E-02  0.0000E+00  0.5031E-01  0.0000E+00  0.4155E-01  0.0000E+00  0.8174E-02  0.0000E+00  0.1785E-02
     -0.051  0.0000E+00  0.5444E-02  0.0000E+00  0.1208E-04  0.0000E+00  0.3660E-04  0.0000E+00  0.1369E-05  0.0000E+00  0.2942E-03  0.0000E+00  0.1535E-01  0.0000E+00  0.1273E-01  0.0000E+00  0.2390E-02  0.0000E+00  0.5382E-03
     -0.041  0.0000E+00  0.0000E+00  0.0000E+00  0.0000E+00  0.0000E+00  0.0000E+00  0.0000E+00  0.0000E+00  0.0000E+00  0.0000E+00  0.0000E+00  0.0000E+00  0.0000E+00  0.0000E+00  0.0000E+00  0.0000E+00  0.0000E+00  0.0000E+00
     -0.031  0.0000E+00  0.0000E+00  0.0000E+00  0.0000E+00  0.0000E+00  0.0000E+00  0.0000E+00  0.0000E+00  0.0000E+00  0.0000E+00  0.0000E+00  0.0000E+00  0.0000E+00  0.0000E+00  0.0000E+00  0.0000E+00  0.0000E+00  0.0000E+00
     -0.021  0.0000E+00  0.0000E+00  0.0000E+00  0.0000E+00  0.0000E+00  0.0000E+00  0.0000E+00  0.0000E+00  0.0000E+00  0.0000E+00  0.0000E+00  0.0000E+00  0.0000E+00  0.0000E+00  0.0000E+00  0.0000E+00  0.0000E+00  0.0000E+00
     -0.011  0.8028E-02  0.8743E+01  0.1647E-03  0.6786E-02  0.1576E-02  0.4353E-01  0.4055E-02  0.6556E-04  0.3793E-02  0.2008E+00  0.1942E-02  0.1143E+02  0.4746E-02  0.2125E+02  0.5420E-01  0.7385E-01  0.1962E-02  0.5794E+00
     -0.001  0.2075E-01  0.2829E+01  0.1045E-02  0.1142E-02  0.3743E-02  0.1333E-01  0.1354E-01  0.6347E-04  0.1249E-01  0.7255E-01  0.8243E-02  0.2427E+01  0.1629E-01  0.8107E+01  0.1811E+00  0.8096E-01  0.6183E-02  0.1629E+00
     0.009  0.3715E-01  0.3278E+00  0.3941E-02  0.3739E-03  0.1062E-01  0.1576E-02  0.1687E-01  0.2355E-04  0.1711E-01  0.1776E-01  0.3203E-01  0.3342E+00  0.7440E-01  0.1116E+01  0.2203E+00  0.3127E-01  0.2592E-01  0.1709E-01
     0.019  0.1421E-01  0.1677E-01  0.2165E-02  0.2461E-04  0.4629E-02  0.8109E-04  0.6179E-02  0.1554E-05  0.6121E-02  0.1132E-02  0.1597E-01  0.1786E-01  0.3724E-01  0.6177E-01  0.7999E-01  0.2097E-02  0.1300E-01  0.8348E-03
     0.029  0.1305E-01  0.0000E+00  0.1965E-02  0.0000E+00  0.4317E-02  0.0000E+00  0.5136E-02  0.0000E+00  0.5074E-02  0.0000E+00  0.1466E-01  0.0000E+00  0.3384E-01  0.0000E+00  0.6605E-01  0.0000E+00  0.1199E-01  0.0000E+00
     0.039  0.1195E-01  0.0000E+00  0.1735E-02  0.0000E+00  0.3987E-02  0.0000E+00  0.4124E-02  0.0000E+00  0.4044E-02  0.0000E+00  0.1320E-01  0.0000E+00  0.2993E-01  0.0000E+00  0.5261E-01  0.0000E+00  0.1085E-01  0.0000E+00
     0.049  0.1119E-01  0.0000E+00  0.1624E-02  0.0000E+00  0.3788E-02  0.0000E+00  0.3525E-02  0.0000E+00  0.3446E-02  0.0000E+00  0.1244E-01  0.0000E+00  0.2798E-01  0.0000E+00  0.4461E-01  0.0000E+00  0.1024E-01  0.0000E+00
     0.059  0.9778E-02  0.0000E+00  0.1555E-02  0.0000E+00  0.3531E-02  0.0000E+00  0.2818E-02  0.0000E+00  0.2786E-02  0.0000E+00  0.1169E-01  0.0000E+00  0.2676E-01  0.0000E+00  0.3531E-01  0.0000E+00  0.9650E-02  0.0000E+00
     0.069  0.8026E-02  0.0000E+00  0.1444E-02  0.0000E+00  0.3180E-02  0.0000E+00  0.2089E-02  0.0000E+00  0.2113E-02  0.0000E+00  0.1052E-01  0.0000E+00  0.2493E-01  0.0000E+00  0.2586E-01  0.0000E+00  0.8757E-02  0.0000E+00
     0.079  0.6940E-02  0.0000E+00  0.1320E-02  0.0000E+00  0.2910E-02  0.0000E+00  0.1655E-02  0.0000E+00  0.1710E-02  0.0000E+00  0.9422E-02  0.0000E+00  0.2298E-01  0.0000E+00  0.2025E-01  0.0000E+00  0.7914E-02  0.0000E+00
     0.089  0.6002E-02  0.0000E+00  0.1199E-02  0.0000E+00  0.2637E-02  0.0000E+00  0.1335E-02  0.0000E+00  0.1399E-02  0.0000E+00  0.8385E-02  0.0000E+00  0.2092E-01  0.0000E+00  0.1616E-01  0.0000E+00  0.7083E-02  0.0000E+00
     0.099  0.5187E-02  0.0000E+00  0.1083E-02  0.0000E+00  0.2367E-02  0.0000E+00  0.1097E-02  0.0000E+00  0.1152E-02  0.0000E+00  0.7410E-02  0.0000E+00  0.1878E-01  0.0000E+00  0.1316E-01  0.0000E+00  0.6272E-02  0.0000E+00
     0.109  0.4813E-02  0.0000E+00  0.9761E-03  0.0000E+00  0.2208E-02  0.0000E+00  0.9390E-03  0.0000E+00  0.9793E-03  0.0000E+00  0.6647E-02  0.0000E+00  0.1697E-01  0.0000E+00  0.1117E-01  0.0000E+00  0.5646E-02  0.0000E+00
     0.119  0.4466E-02  0.0000E+00  0.8649E-03  0.0000E+00  0.2050E-02  0.0000E+00  0.7861E-03  0.0000E+00  0.8095E-03  0.0000E+00  0.5878E-02  0.0000E+00  0.1509E-01  0.0000E+00  0.9254E-02  0.0000E+00  0.5010E-02  0.0000E+00
     0.129  0.4262E-02  0.0000E+00  0.6424E-03  0.0000E+00  0.1820E-02  0.0000E+00  0.5813E-03  0.0000E+00  0.5337E-03  0.0000E+00  0.4632E-02  0.0000E+00  0.1121E-01  0.0000E+00  0.6794E-02  0.0000E+00  0.3924E-02  0.0000E+00
     0.139  0.3983E-02  0.0000E+00  0.5924E-03  0.0000E+00  0.1701E-02  0.0000E+00  0.5317E-03  0.0000E+00  0.4843E-03  0.0000E+00  0.4283E-02  0.0000E+00  0.1034E-01  0.0000E+00  0.6209E-02  0.0000E+00  0.3627E-02  0.0000E+00
     0.149  0.3698E-02  0.0000E+00  0.5426E-03  0.0000E+00  0.1579E-02  0.0000E+00  0.4830E-03  0.0000E+00  0.4364E-03  0.0000E+00  0.3935E-02  0.0000E+00  0.9480E-02  0.0000E+00  0.5636E-02  0.0000E+00  0.3331E-02  0.0000E+00
     0.159  0.3406E-02  0.0000E+00  0.4932E-03  0.0000E+00  0.1454E-02  0.0000E+00  0.4353E-03  0.0000E+00  0.3901E-03  0.0000E+00  0.3586E-02  0.0000E+00  0.8623E-02  0.0000E+00  0.5076E-02  0.0000E+00  0.3035E-02  0.0000E+00
     0.169  0.3107E-02  0.0000E+00  0.4440E-03  0.0000E+00  0.1326E-02  0.0000E+00  0.3886E-03  0.0000E+00  0.3452E-03  0.0000E+00  0.3238E-02  0.0000E+00  0.7769E-02  0.0000E+00  0.4527E-02  0.0000E+00  0.2739E-02  0.0000E+00
     0.179  0.2801E-02  0.0000E+00  0.3952E-03  0.0000E+00  0.1196E-02  0.0000E+00  0.3428E-03  0.0000E+00  0.3019E-03  0.0000E+00  0.2890E-02  0.0000E+00  0.6919E-02  0.0000E+00  0.3991E-02  0.0000E+00  0.2444E-02  0.0000E+00
     0.189  0.2489E-02  0.0000E+00  0.3466E-03  0.0000E+00  0.1062E-02  0.0000E+00  0.2980E-03  0.0000E+00  0.2601E-03  0.0000E+00  0.2542E-02  0.0000E+00  0.6073E-02  0.0000E+00  0.3467E-02  0.0000E+00  0.2149E-02  0.0000E+00
     0.199  0.2170E-02  0.0000E+00  0.2983E-03  0.0000E+00  0.9260E-03  0.0000E+00  0.2542E-03  0.0000E+00  0.2198E-03  0.0000E+00  0.2194E-02  0.0000E+00  0.5231E-02  0.0000E+00  0.2955E-02  0.0000E+00  0.1854E-02  0.0000E+00
     0.209  0.1844E-02  0.3474E-01  0.2503E-03  0.2340E-03  0.7869E-03  0.6878E-04  0.2114E-03  0.2016E-02  0.1810E-03  0.7419E+02  0.1846E-02  0.4088E-01  0.4393E-02  0.1163E+00  0.2455E-02  0.5639E+01  0.1560E-02  0.1481E+00
     0.219  0.1512E-02  0.0000E+00  0.2026E-03  0.0000E+00  0.6450E-03  0.0000E+00  0.1695E-03  0.0000E+00  0.1437E-03  0.0000E+00  0.1499E-02  0.0000E+00  0.3559E-02  0.0000E+00  0.1967E-02  0.0000E+00  0.1266E-02  0.0000E+00
     0.229  0.1173E-02  0.0000E+00  0.1552E-03  0.0000E+00  0.5003E-03  0.0000E+00  0.1286E-03  0.0000E+00  0.1079E-03  0.0000E+00  0.1151E-02  0.0000E+00  0.2728E-02  0.0000E+00  0.1491E-02  0.0000E+00  0.9720E-03  0.0000E+00
     0.239  0.8272E-03  0.0000E+00  0.1081E-03  0.0000E+00  0.3527E-03  0.0000E+00  0.8873E-04  0.0000E+00  0.7363E-04  0.0000E+00  0.8040E-03  0.0000E+00  0.1901E-02  0.0000E+00  0.1028E-02  0.0000E+00  0.6786E-03  0.0000E+00
     0.249  0.4746E-03  0.0000E+00  0.6124E-04  0.0000E+00  0.2024E-03  0.0000E+00  0.4980E-04  0.0000E+00  0.4086E-04  0.0000E+00  0.4569E-03  0.0000E+00  0.1078E-02  0.0000E+00  0.5763E-03  0.0000E+00  0.3855E-03  0.0000E+00
     0.259  0.1154E-03  0.0000E+00  0.1470E-04  0.0000E+00  0.4918E-04  0.0000E+00  0.1184E-04  0.0000E+00  0.9601E-05  0.0000E+00  0.1100E-03  0.0000E+00  0.2590E-03  0.0000E+00  0.1369E-03  0.0000E+00  0.9279E-04  0.0000E+00
     0.269  0.0000E+00  0.0000E+00  0.0000E+00  0.0000E+00  0.0000E+00  0.0000E+00  0.0000E+00  0.0000E+00  0.0000E+00  0.0000E+00  0.0000E+00  0.0000E+00  0.0000E+00  0.0000E+00  0.0000E+00  0.0000E+00  0.0000E+00  0.0000E+00
     0.279  0.0000E+00  0.0000E+00  0.0000E+00  0.0000E+00  0.0000E+00  0.0000E+00  0.0000E+00  0.0000E+00  0.0000E+00  0.0000E+00  0.0000E+00  0.0000E+00  0.0000E+00  0.0000E+00  0.0000E+00  0.0000E+00  0.0000E+00  0.0000E+00
     0.289  0.0000E+00  0.0000E+00  0.0000E+00  0.0000E+00  0.0000E+00  0.0000E+00  0.0000E+00  0.0000E+00  0.0000E+00  0.0000E+00  0.0000E+00  0.0000E+00  0.0000E+00  0.0000E+00  0.0000E+00  0.0000E+00  0.0000E+00  0.0000E+00
     0.300  0.0000E+00  0.0000E+00  0.0000E+00  0.0000E+00  0.0000E+00  0.0000E+00  0.0000E+00  0.0000E+00  0.0000E+00  0.0000E+00  0.0000E+00  0.0000E+00  0.0000E+00  0.0000E+00  0.0000E+00  0.0000E+00  0.0000E+00  0.0000E+00
     0.310  0.0000E+00  0.0000E+00  0.0000E+00  0.0000E+00  0.0000E+00  0.0000E+00  0.0000E+00  0.0000E+00  0.0000E+00  0.0000E+00  0.0000E+00  0.0000E+00  0.0000E+00  0.0000E+00  0.0000E+00  0.0000E+00  0.0000E+00  0.0000E+00
     0.320  0.0000E+00  0.0000E+00  0.0000E+00  0.0000E+00  0.0000E+00  0.0000E+00  0.0000E+00  0.0000E+00  0.0000E+00  0.0000E+00  0.0000E+00  0.0000E+00  0.0000E+00  0.0000E+00  0.0000E+00  0.0000E+00  0.0000E+00  0.0000E+00
     0.330  0.0000E+00  0.0000E+00  0.0000E+00  0.0000E+00  0.0000E+00  0.0000E+00  0.0000E+00  0.0000E+00  0.0000E+00  0.0000E+00  0.0000E+00  0.0000E+00  0.0000E+00  0.0000E+00  0.0000E+00  0.0000E+00  0.0000E+00  0.0000E+00
     0.340  0.0000E+00  0.3239E-01  0.0000E+00  0.5085E-02  0.0000E+00  0.1343E-02  0.0000E+00  0.6792E-02  0.0000E+00  0.6196E-01  0.0000E+00  0.7059E+00  0.0000E+00  0.3059E+00  0.0000E+00  0.1194E+01  0.0000E+00  0.1005E+00
     0.350  0.0000E+00  0.9535E-01  0.0000E+00  0.2540E-01  0.0000E+00  0.6649E-02  0.0000E+00  0.1429E-01  0.0000E+00  0.1393E+00  0.0000E+00  0.3260E+01  0.0000E+00  0.1640E+01  0.0000E+00  0.2426E+01  0.0000E+00  0.4760E+00
     0.360  0.0000E+00  0.8450E-01  0.0000E+00  0.3234E-01  0.0000E+00  0.8465E-02  0.0000E+00  0.2050E-01  0.0000E+00  0.1986E+00  0.0000E+00  0.3832E+01  0.0000E+00  0.2190E+01  0.0000E+00  0.3302E+01  0.0000E+00  0.5720E+00
     0.370  0.0000E+00  0.7177E-01  0.0000E+00  0.4197E-01  0.0000E+00  0.1092E-01  0.0000E+00  0.3276E-01  0.0000E+00  0.3346E+00  0.0000E+00  0.4604E+01  0.0000E+00  0.2947E+01  0.0000E+00  0.5019E+01  0.0000E+00  0.7064E+00
     0.380  0.0000E+00  0.3036E-01  0.0000E+00  0.2656E-01  0.0000E+00  0.6846E-02  0.0000E+00  0.4879E-01  0.0000E+00  0.5461E+00  0.0000E+00  0.2706E+01  0.0000E+00  0.1931E+01  0.0000E+00  0.7239E+01  0.0000E+00  0.4280E+00
     0.390  0.0000E+00  0.2474E-02  0.0000E+00  0.2906E-02  0.0000E+00  0.7640E-03  0.0000E+00  0.5425E-02  0.0000E+00  0.6386E-01  0.0000E+00  0.2905E+00  0.0000E+00  0.2096E+00  0.0000E+00  0.7868E+00  0.0000E+00  0.4721E-01
     0.400  0.0000E+00  0.0000E+00  0.0000E+00  0.0000E+00  0.0000E+00  0.0000E+00  0.0000E+00  0.0000E+00  0.0000E+00  0.0000E+00  0.0000E+00  0.0000E+00  0.0000E+00  0.0000E+00  0.0000E+00  0.0000E+00  0.0000E+00  0.0000E+00
     0.410  0.0000E+00  0.0000E+00  0.0000E+00  0.0000E+00  0.0000E+00  0.0000E+00  0.0000E+00  0.0000E+00  0.0000E+00  0.0000E+00  0.0000E+00  0.0000E+00  0.0000E+00  0.0000E+00  0.0000E+00  0.0000E+00  0.0000E+00  0.0000E+00
     0.420  0.0000E+00  0.1555E-02  0.0000E+00  0.1838E-02  0.0000E+00  0.5079E-03  0.0000E+00  0.1564E-01  0.0000E+00  0.1369E+00  0.0000E+00  0.1805E+00  0.0000E+00  0.1235E+00  0.0000E+00  0.2088E+01  0.0000E+00  0.2932E-01
     0.430  0.0000E+00  0.5992E-02  0.0000E+00  0.7093E-02  0.0000E+00  0.2129E-02  0.0000E+00  0.3197E-01  0.0000E+00  0.2881E+00  0.0000E+00  0.6339E+00  0.0000E+00  0.4691E+00  0.0000E+00  0.4118E+01  0.0000E+00  0.1088E+00
     0.440  0.0000E+00  0.9579E-02  0.0000E+00  0.1103E-01  0.0000E+00  0.3425E-02  0.0000E+00  0.4048E-01  0.0000E+00  0.3678E+00  0.0000E+00  0.9541E+00  0.0000E+00  0.7215E+00  0.0000E+00  0.5099E+01  0.0000E+00  0.1671E+00
     0.450  0.0000E+00  0.2072E-01  0.0000E+00  0.1620E-01  0.0000E+00  0.5607E-02  0.0000E+00  0.5612E-01  0.0000E+00  0.5071E+00  0.0000E+00  0.1352E+01  0.0000E+00  0.1021E+01  0.0000E+00  0.6767E+01  0.0000E+00  0.2447E+00
     0.460  0.0000E+00  0.2793E-01  0.0000E+00  0.2454E-01  0.0000E+00  0.8478E-02  0.0000E+00  0.3607E-01  0.0000E+00  0.3289E+00  0.0000E+00  0.1995E+01  0.0000E+00  0.1535E+01  0.0000E+00  0.4265E+01  0.0000E+00  0.3656E+00
     0.470  0.0000E+00  0.2353E-01  0.0000E+00  0.2084E-01  0.0000E+00  0.7455E-02  0.0000E+00  0.1664E-01  0.0000E+00  0.1540E+00  0.0000E+00  0.1646E+01  0.0000E+00  0.1298E+01  0.0000E+00  0.1917E+01  0.0000E+00  0.3062E+00
     0.480  0.0000E+00  0.1942E-01  0.0000E+00  0.1399E-01  0.0000E+00  0.5318E-02  0.0000E+00  0.9236E-02  0.0000E+00  0.8200E-01  0.0000E+00  0.1090E+01  0.0000E+00  0.8504E+00  0.0000E+00  0.1040E+01  0.0000E+00  0.2061E+00
     0.490  0.0000E+00  0.1509E-01  0.0000E+00  0.8320E-02  0.0000E+00  0.3371E-02  0.0000E+00  0.6054E-02  0.0000E+00  0.4968E-01  0.0000E+00  0.6539E+00  0.0000E+00  0.4889E+00  0.0000E+00  0.6777E+00  0.0000E+00  0.1247E+00
     0.500  0.0000E+00  0.8534E-02  0.0000E+00  0.4330E-02  0.0000E+00  0.1796E-02  0.0000E+00  0.3152E-02  0.0000E+00  0.2509E-01  0.0000E+00  0.3416E+00  0.0000E+00  0.2518E+00  0.0000E+00  0.3513E+00  0.0000E+00  0.6529E-01
     0.510  0.0000E+00  0.8708E-03  0.0000E+00  0.4085E-03  0.0000E+00  0.1735E-03  0.0000E+00  0.2975E-03  0.0000E+00  0.2295E-02  0.0000E+00  0.3237E-01  0.0000E+00  0.2352E-01  0.0000E+00  0.3302E-01  0.0000E+00  0.6200E-02
     0.520  0.0000E+00  0.0000E+00  0.0000E+00  0.0000E+00  0.0000E+00  0.0000E+00  0.0000E+00  0.0000E+00  0.0000E+00  0.0000E+00  0.0000E+00  0.0000E+00  0.0000E+00  0.0000E+00  0.0000E+00  0.0000E+00  0.0000E+00  0.0000E+00
     0.530  0.0000E+00  0.0000E+00  0.0000E+00  0.0000E+00  0.0000E+00  0.0000E+00  0.0000E+00  0.0000E+00  0.0000E+00  0.0000E+00  0.0000E+00  0.0000E+00  0.0000E+00  0.0000E+00  0.0000E+00  0.0000E+00  0.0000E+00  0.0000E+00
     0.540  0.0000E+00  0.0000E+00  0.0000E+00  0.0000E+00  0.0000E+00  0.0000E+00  0.0000E+00  0.0000E+00  0.0000E+00  0.0000E+00  0.0000E+00  0.0000E+00  0.0000E+00  0.0000E+00  0.0000E+00  0.0000E+00  0.0000E+00  0.0000E+00
     0.550  0.0000E+00  0.0000E+00  0.0000E+00  0.0000E+00  0.0000E+00  0.0000E+00  0.0000E+00  0.0000E+00  0.0000E+00  0.0000E+00  0.0000E+00  0.0000E+00  0.0000E+00  0.0000E+00  0.0000E+00  0.0000E+00  0.0000E+00  0.0000E+00
     0.560  0.0000E+00  0.0000E+00  0.0000E+00  0.0000E+00  0.0000E+00  0.0000E+00  0.0000E+00  0.0000E+00  0.0000E+00  0.0000E+00  0.0000E+00  0.0000E+00  0.0000E+00  0.0000E+00  0.0000E+00  0.0000E+00  0.0000E+00  0.0000E+00
     0.570  0.0000E+00  0.0000E+00  0.0000E+00  0.0000E+00  0.0000E+00  0.0000E+00  0.0000E+00  0.0000E+00  0.0000E+00  0.0000E+00  0.0000E+00  0.0000E+00  0.0000E+00  0.0000E+00  0.0000E+00  0.0000E+00  0.0000E+00  0.0000E+00
     0.580  0.0000E+00  0.0000E+00  0.0000E+00  0.0000E+00  0.0000E+00  0.0000E+00  0.0000E+00  0.0000E+00  0.0000E+00  0.0000E+00  0.0000E+00  0.0000E+00  0.0000E+00  0.0000E+00  0.0000E+00  0.0000E+00  0.0000E+00  0.0000E+00
     0.590  0.0000E+00  0.0000E+00  0.0000E+00  0.0000E+00  0.0000E+00  0.0000E+00  0.0000E+00  0.0000E+00  0.0000E+00  0.0000E+00  0.0000E+00  0.0000E+00  0.0000E+00  0.0000E+00  0.0000E+00  0.0000E+00  0.0000E+00  0.0000E+00
     0.600  0.0000E+00  0.0000E+00  0.0000E+00  0.0000E+00  0.0000E+00  0.0000E+00  0.0000E+00  0.0000E+00  0.0000E+00  0.0000E+00  0.0000E+00  0.0000E+00  0.0000E+00  0.0000E+00  0.0000E+00  0.0000E+00  0.0000E+00  0.0000E+00
     0.610  0.0000E+00  0.0000E+00  0.0000E+00  0.0000E+00  0.0000E+00  0.0000E+00  0.0000E+00  0.0000E+00  0.0000E+00  0.0000E+00  0.0000E+00  0.0000E+00  0.0000E+00  0.0000E+00  0.0000E+00  0.0000E+00  0.0000E+00  0.0000E+00
     0.620  0.0000E+00  0.0000E+00  0.0000E+00  0.0000E+00  0.0000E+00  0.0000E+00  0.0000E+00  0.0000E+00  0.0000E+00  0.0000E+00  0.0000E+00  0.0000E+00  0.0000E+00  0.0000E+00  0.0000E+00  0.0000E+00  0.0000E+00  0.0000E+00
     0.630  0.0000E+00  0.0000E+00  0.0000E+00  0.0000E+00  0.0000E+00  0.0000E+00  0.0000E+00  0.0000E+00  0.0000E+00  0.0000E+00  0.0000E+00  0.0000E+00  0.0000E+00  0.0000E+00  0.0000E+00  0.0000E+00  0.0000E+00  0.0000E+00
     0.640  0.0000E+00  0.0000E+00  0.0000E+00  0.0000E+00  0.0000E+00  0.0000E+00  0.0000E+00  0.0000E+00  0.0000E+00  0.0000E+00  0.0000E+00  0.0000E+00  0.0000E+00  0.0000E+00  0.0000E+00  0.0000E+00  0.0000E+00  0.0000E+00
     0.650  0.0000E+00  0.0000E+00  0.0000E+00  0.0000E+00  0.0000E+00  0.0000E+00  0.0000E+00  0.0000E+00  0.0000E+00  0.0000E+00  0.0000E+00  0.0000E+00  0.0000E+00  0.0000E+00  0.0000E+00  0.0000E+00  0.0000E+00  0.0000E+00
     0.660  0.0000E+00  0.0000E+00  0.0000E+00  0.0000E+00  0.0000E+00  0.0000E+00  0.0000E+00  0.0000E+00  0.0000E+00  0.0000E+00  0.0000E+00  0.0000E+00  0.0000E+00  0.0000E+00  0.0000E+00  0.0000E+00  0.0000E+00  0.0000E+00
     0.670  0.0000E+00  0.0000E+00  0.0000E+00  0.0000E+00  0.0000E+00  0.0000E+00  0.0000E+00  0.0000E+00  0.0000E+00  0.0000E+00  0.0000E+00  0.0000E+00  0.0000E+00  0.0000E+00  0.0000E+00  0.0000E+00  0.0000E+00  0.0000E+00
     0.680  0.5790E-04  0.0000E+00  0.1042E-04  0.0000E+00  0.2152E-04  0.0000E+00  0.5433E-05  0.0000E+00  0.4549E-05  0.0000E+00  0.1189E-04  0.0000E+00  0.3031E-04  0.0000E+00  0.2489E-04  0.0000E+00  0.6704E-05  0.0000E+00
     0.690  0.2710E-03  0.0000E+00  0.4834E-04  0.0000E+00  0.1017E-03  0.0000E+00  0.2507E-04  0.0000E+00  0.2091E-04  0.0000E+00  0.5516E-04  0.0000E+00  0.1404E-03  0.0000E+00  0.1146E-03  0.0000E+00  0.3095E-04  0.0000E+00
     0.700  0.4880E-03  0.0000E+00  0.8630E-04  0.0000E+00  0.1849E-03  0.0000E+00  0.4450E-04  0.0000E+00  0.3698E-04  0.0000E+00  0.9845E-04  0.0000E+00  0.2502E-03  0.0000E+00  0.2029E-03  0.0000E+00  0.5495E-04  0.0000E+00
     0.710  0.7087E-03  0.0000E+00  0.1243E-03  0.0000E+00  0.2710E-03  0.0000E+00  0.6371E-04  0.0000E+00  0.5275E-04  0.0000E+00  0.1418E-03  0.0000E+00  0.3597E-03  0.0000E+00  0.2898E-03  0.0000E+00  0.7871E-04  0.0000E+00
     0.720  0.9333E-03  0.0000E+00  0.1623E-03  0.0000E+00  0.3601E-03  0.0000E+00  0.8272E-04  0.0000E+00  0.6822E-04  0.0000E+00  0.1851E-03  0.0000E+00  0.4689E-03  0.0000E+00  0.3753E-03  0.0000E+00  0.1022E-03  0.0000E+00
     0.730  0.1162E-02  0.0000E+00  0.2004E-03  0.0000E+00  0.4521E-03  0.0000E+00  0.1015E-03  0.0000E+00  0.8339E-04  0.0000E+00  0.2284E-03  0.0000E+00  0.5777E-03  0.0000E+00  0.4595E-03  0.0000E+00  0.1255E-03  0.0000E+00
     0.740  0.1394E-02  0.0000E+00  0.2385E-03  0.0000E+00  0.5470E-03  0.0000E+00  0.1201E-03  0.0000E+00  0.9827E-04  0.0000E+00  0.2718E-03  0.0000E+00  0.6863E-03  0.0000E+00  0.5422E-03  0.0000E+00  0.1486E-03  0.0000E+00
     0.750  0.1630E-02  0.3362E-03  0.2766E-03  0.4851E-04  0.6449E-03  0.2332E-04  0.1385E-03  0.5102E-04  0.1128E-03  0.4303E-03  0.3152E-03  0.8733E-03  0.7945E-03  0.1617E-02  0.6235E-03  0.2314E-02  0.1713E-03  0.2624E-03
     0.760  0.1869E-02  0.6841E-03  0.3148E-03  0.9692E-04  0.7458E-03  0.4789E-04  0.1566E-03  0.1018E-03  0.1271E-03  0.8538E-03  0.3586E-03  0.1741E-02  0.9024E-03  0.3212E-02  0.7035E-03  0.4600E-02  0.1939E-03  0.5234E-03
     0.770  0.2113E-02  0.1040E-02  0.3530E-03  0.1446E-03  0.8496E-03  0.7339E-04  0.1746E-03  0.1517E-03  0.1411E-03  0.1265E-02  0.4020E-03  0.2592E-02  0.1010E-02  0.4763E-02  0.7820E-03  0.6827E-02  0.2162E-03  0.7795E-03
     0.780  0.2360E-02  0.1402E-02  0.3912E-03  0.1915E-03  0.9564E-03  0.9983E-04  0.1923E-03  0.2007E-03  0.1548E-03  0.1664E-02  0.4455E-03  0.3425E-02  0.1117E-02  0.6270E-02  0.8592E-03  0.8994E-02  0.2383E-03  0.1031E-02
     0.790  0.2611E-02  0.1773E-02  0.4294E-03  0.2376E-03  0.1066E-02  0.1272E-03  0.2098E-03  0.2488E-03  0.1682E-03  0.2050E-02  0.4889E-03  0.4241E-02  0.1224E-02  0.7734E-02  0.9350E-03  0.1110E-01  0.2601E-03  0.1277E-02
     0.800  0.2866E-02  0.2150E-02  0.4677E-03  0.2830E-03  0.1179E-02  0.1555E-03  0.2272E-03  0.2960E-03  0.1813E-03  0.2424E-02  0.5324E-03  0.5040E-02  0.1331E-02  0.9154E-02  0.1009E-02  0.1315E-01  0.2817E-03  0.1518E-02
     0.810  0.3125E-02  0.2535E-02  0.5061E-03  0.3276E-03  0.1294E-02  0.1848E-03  0.2443E-03  0.3423E-03  0.1940E-03  0.2785E-02  0.5759E-03  0.5821E-02  0.1437E-02  0.1053E-01  0.1082E-02  0.1514E-01  0.3031E-03  0.1754E-02
     0.820  0.3388E-02  0.2928E-02  0.5444E-03  0.3715E-03  0.1413E-02  0.2150E-03  0.2612E-03  0.3877E-03  0.2065E-03  0.3134E-02  0.6194E-03  0.6585E-02  0.1543E-02  0.1186E-01  0.1154E-02  0.1707E-01  0.3242E-03  0.1986E-02
     0.830  0.3654E-02  0.3328E-02  0.5828E-03  0.4147E-03  0.1534E-02  0.2462E-03  0.2778E-03  0.4322E-03  0.2187E-03  0.3471E-02  0.6630E-03  0.7332E-02  0.1649E-02  0.1315E-01  0.1224E-02  0.1893E-01  0.3450E-03  0.2212E-02
     0.840  0.3924E-02  0.3735E-02  0.6212E-03  0.4570E-03  0.1659E-02  0.2782E-03  0.2943E-03  0.4758E-03  0.2306E-03  0.3795E-02  0.7066E-03  0.8062E-02  0.1755E-02  0.1440E-01  0.1293E-02  0.2074E-01  0.3657E-03  0.2434E-02
     0.850  0.4198E-02  0.4150E-02  0.6597E-03  0.4987E-03  0.1786E-02  0.3113E-03  0.3106E-03  0.5185E-03  0.2422E-03  0.4106E-02  0.7501E-03  0.8774E-02  0.1860E-02  0.1560E-01  0.1360E-02  0.2249E-01  0.3860E-03  0.2650E-02
     0.860  0.4476E-02  0.4572E-02  0.6982E-03  0.5395E-03  0.1917E-02  0.3452E-03  0.3266E-03  0.5603E-03  0.2535E-03  0.4405E-02  0.7937E-03  0.9470E-02  0.1965E-02  0.1676E-01  0.1426E-02  0.2418E-01  0.4062E-03  0.2862E-02
     0.870  0.5308E-02  0.5002E-02  0.7705E-03  0.5797E-03  0.2524E-02  0.3801E-03  0.3272E-03  0.6012E-03  0.2482E-03  0.4692E-02  0.8747E-03  0.1015E-01  0.2149E-02  0.1787E-01  0.1411E-02  0.2581E-01  0.4072E-03  0.3069E-02
     0.880  0.6146E-02  0.5439E-02  0.8444E-03  0.6190E-03  0.3144E-02  0.4160E-03  0.3270E-03  0.6412E-03  0.2427E-03  0.4966E-02  0.9577E-03  0.1081E-01  0.2342E-02  0.1894E-01  0.1392E-02  0.2739E-01  0.4086E-03  0.3271E-02
     0.890  0.6913E-02  0.5883E-02  0.9157E-03  0.6577E-03  0.3726E-02  0.4528E-03  0.3256E-03  0.6803E-03  0.2371E-03  0.5228E-02  0.1039E-02  0.1145E-01  0.2529E-02  0.1997E-01  0.1369E-02  0.2890E-01  0.4111E-03  0.3468E-02
     0.900  0.7262E-02  0.6427E-02  0.9655E-03  0.6807E-03  0.4040E-02  0.5167E-03  0.3198E-03  0.6984E-03  0.2310E-03  0.5291E-02  0.1100E-02  0.1177E-01  0.2631E-02  0.2036E-01  0.1332E-02  0.2935E-01  0.4166E-03  0.3571E-02
     0.910  0.7613E-02  0.7161E-02  0.1027E-02  0.6739E-03  0.4348E-02  0.6360E-03  0.3172E-03  0.6748E-03  0.2274E-03  0.4974E-02  0.1177E-02  0.1147E-01  0.2738E-02  0.1957E-01  0.1306E-02  0.2775E-01  0.4284E-03  0.3497E-02
     0.920  0.7965E-02  0.7891E-02  0.1099E-02  0.6681E-03  0.4650E-02  0.7574E-03  0.3176E-03  0.6505E-03  0.2261E-03  0.4660E-02  0.1268E-02  0.1118E-01  0.2852E-02  0.1882E-01  0.1292E-02  0.2613E-01  0.4462E-03  0.3428E-02
     0.930  0.8318E-02  0.8242E-02  0.1172E-02  0.6727E-03  0.4955E-02  0.8240E-03  0.3178E-03  0.6265E-03  0.2247E-03  0.4421E-02  0.1361E-02  0.1100E-01  0.2966E-02  0.1836E-01  0.1278E-02  0.2476E-01  0.4642E-03  0.3386E-02
     0.940  0.8673E-02  0.8526E-02  0.1246E-02  0.6868E-03  0.5263E-02  0.8776E-03  0.3179E-03  0.6081E-03  0.2232E-03  0.4238E-02  0.1454E-02  0.1092E-01  0.3081E-02  0.1810E-01  0.1262E-02  0.2365E-01  0.4823E-03  0.3374E-02
     0.950  0.9059E-02  0.8824E-02  0.1326E-02  0.7141E-03  0.5606E-02  0.9274E-03  0.3189E-03  0.5997E-03  0.2227E-03  0.4126E-02  0.1554E-02  0.1101E-01  0.3233E-02  0.1809E-01  0.1248E-02  0.2292E-01  0.5045E-03  0.3408E-02
     0.960  0.9507E-02  0.9121E-02  0.1419E-02  0.7417E-03  0.6018E-02  0.9773E-03  0.3220E-03  0.5910E-03  0.2243E-03  0.4014E-02  0.1668E-02  0.1109E-01  0.3460E-02  0.1808E-01  0.1238E-02  0.2219E-01  0.5352E-03  0.3442E-02
     0.970  0.9954E-02  0.9417E-02  0.1513E-02  0.7696E-03  0.6433E-02  0.1028E-02  0.3248E-03  0.5821E-03  0.2259E-03  0.3903E-02  0.1783E-02  0.1117E-01  0.3689E-02  0.1807E-01  0.1227E-02  0.2145E-01  0.5664E-03  0.3475E-02
     0.980  0.1034E-01  0.9728E-02  0.1624E-02  0.8020E-03  0.6823E-02  0.1083E-02  0.3181E-03  0.5736E-03  0.2195E-03  0.3793E-02  0.1911E-02  0.1130E-01  0.3925E-02  0.1815E-01  0.1173E-02  0.2069E-01  0.6054E-03  0.3528E-02
     0.990  0.1066E-01  0.1009E-01  0.1740E-02  0.8478E-03  0.7184E-02  0.1156E-02  0.3050E-03  0.5673E-03  0.2081E-03  0.3694E-02  0.2042E-02  0.1160E-01  0.4143E-02  0.1853E-01  0.1094E-02  0.1986E-01  0.6457E-03  0.3645E-02
     1.000  0.1101E-01  0.1044E-01  0.1812E-02  0.8945E-03  0.7512E-02  0.1228E-02  0.3025E-03  0.5606E-03  0.2062E-03  0.3594E-02  0.2126E-02  0.1190E-01  0.4265E-02  0.1893E-01  0.1079E-02  0.1902E-01  0.6587E-03  0.3763E-02
     1.010  0.1136E-01  0.1061E-01  0.1885E-02  0.9459E-03  0.7844E-02  0.1291E-02  0.2999E-03  0.5100E-03  0.2043E-03  0.3109E-02  0.2211E-02  0.1175E-01  0.4388E-02  0.1832E-01  0.1064E-02  0.1624E-01  0.6717E-03  0.3763E-02
     1.020  0.1172E-01  0.1084E-01  0.1959E-02  0.9754E-03  0.8179E-02  0.1342E-02  0.2971E-03  0.4941E-03  0.2022E-03  0.2969E-02  0.2296E-02  0.1174E-01  0.4511E-02  0.1825E-01  0.1049E-02  0.1541E-01  0.6847E-03  0.3778E-02
     1.030  0.1207E-01  0.1109E-01  0.2033E-02  0.9985E-03  0.8519E-02  0.1390E-02  0.2942E-03  0.4884E-03  0.2001E-03  0.2929E-02  0.2383E-02  0.1178E-01  0.4636E-02  0.1835E-01  0.1033E-02  0.1514E-01  0.6978E-03  0.3798E-02
     1.040  0.1246E-01  0.1134E-01  0.2111E-02  0.1022E-02  0.8884E-02  0.1438E-02  0.2912E-03  0.4825E-03  0.1978E-03  0.2888E-02  0.2474E-02  0.1182E-01  0.4769E-02  0.1845E-01  0.1016E-02  0.1487E-01  0.7109E-03  0.3818E-02
     1.050  0.1336E-01  0.1159E-01  0.2255E-02  0.1045E-02  0.9742E-02  0.1487E-02  0.2889E-03  0.4763E-03  0.1957E-03  0.2845E-02  0.2647E-02  0.1185E-01  0.5072E-02  0.1854E-01  0.1001E-02  0.1458E-01  0.7281E-03  0.3837E-02
     1.060  0.1428E-01  0.1185E-01  0.2403E-02  0.1068E-02  0.1061E-01  0.1536E-02  0.2864E-03  0.4698E-03  0.1934E-03  0.2801E-02  0.2823E-02  0.1188E-01  0.5377E-02  0.1862E-01  0.9845E-03  0.1429E-01  0.7455E-03  0.3855E-02
     1.070  0.1521E-01  0.1210E-01  0.2553E-02  0.1092E-02  0.1150E-01  0.1586E-02  0.2837E-03  0.4632E-03  0.1911E-03  0.2756E-02  0.3004E-02  0.1191E-01  0.5686E-02  0.1871E-01  0.9676E-03  0.1400E-01  0.7632E-03  0.3873E-02
     1.080  0.1614E-01  0.1239E-01  0.2707E-02  0.1116E-02  0.1240E-01  0.1643E-02  0.2808E-03  0.4564E-03  0.1887E-03  0.2709E-02  0.3188E-02  0.1194E-01  0.5997E-02  0.1879E-01  0.9499E-03  0.1369E-01  0.7810E-03  0.3890E-02
     1.090  0.1673E-01  0.1298E-01  0.2818E-02  0.1146E-02  0.1306E-01  0.1764E-02  0.2755E-03  0.4499E-03  0.1848E-03  0.2658E-02  0.3323E-02  0.1197E-01  0.6247E-02  0.1894E-01  0.9222E-03  0.1337E-01  0.7948E-03  0.3912E-02
     1.100  0.1574E-01  0.1357E-01  0.2733E-02  0.1176E-02  0.1260E-01  0.1886E-02  0.2605E-03  0.4431E-03  0.1752E-03  0.2606E-02  0.3227E-02  0.1200E-01  0.6214E-02  0.1908E-01  0.8552E-03  0.1304E-01  0.7899E-03  0.3933E-02
     1.110  0.1474E-01  0.1416E-01  0.2647E-02  0.1206E-02  0.1213E-01  0.2010E-02  0.2459E-03  0.4361E-03  0.1657E-03  0.2554E-02  0.3128E-02  0.1203E-01  0.6172E-02  0.1922E-01  0.7896E-03  0.1271E-01  0.7851E-03  0.3952E-02
     1.120  0.1373E-01  0.1477E-01  0.2559E-02  0.1237E-02  0.1164E-01  0.2136E-02  0.2316E-03  0.4289E-03  0.1565E-03  0.2499E-02  0.3028E-02  0.1205E-01  0.6123E-02  0.1935E-01  0.7255E-03  0.1237E-01  0.7803E-03  0.3971E-02
     1.130  0.1922E-01  0.1513E-01  0.3542E-02  0.1263E-02  0.1655E-01  0.2232E-02  0.2473E-03  0.4189E-03  0.1662E-03  0.2432E-02  0.4245E-02  0.1205E-01  0.7555E-02  0.1945E-01  0.7410E-03  0.1193E-01  0.9181E-03  0.3981E-02
     1.140  0.1852E-01  0.1405E-01  0.3483E-02  0.1259E-02  0.1621E-01  0.2133E-02  0.2403E-03  0.3938E-03  0.1611E-03  0.2288E-02  0.4173E-02  0.1191E-01  0.7498E-02  0.1936E-01  0.7167E-03  0.1093E-01  0.9113E-03  0.3952E-02
     1.150  0.1781E-01  0.1350E-01  0.3421E-02  0.1283E-02  0.1584E-01  0.2132E-02  0.2335E-03  0.3721E-03  0.1560E-03  0.2155E-02  0.4098E-02  0.1187E-01  0.7428E-02  0.1939E-01  0.6931E-03  0.9955E-02  0.9050E-03  0.3953E-02
     1.160  0.1706E-01  0.1431E-01  0.3357E-02  0.1362E-02  0.1544E-01  0.2384E-02  0.2269E-03  0.3537E-03  0.1510E-03  0.2025E-02  0.4019E-02  0.1196E-01  0.7346E-02  0.1963E-01  0.6700E-03  0.8913E-02  0.8990E-03  0.3995E-02
     1.170  0.1629E-01  0.1471E-01  0.3289E-02  0.1407E-02  0.1500E-01  0.2539E-02  0.2204E-03  0.3368E-03  0.1461E-03  0.1913E-02  0.3935E-02  0.1192E-01  0.7253E-02  0.1969E-01  0.6475E-03  0.8132E-02  0.8935E-03  0.3996E-02
     1.180  0.1601E-01  0.1420E-01  0.3314E-02  0.1413E-02  0.1513E-01  0.2483E-02  0.2189E-03  0.3293E-03  0.1446E-03  0.1864E-02  0.3963E-02  0.1187E-01  0.7427E-02  0.1962E-01  0.6359E-03  0.7897E-02  0.9058E-03  0.3983E-02
     1.190  0.1623E-01  0.1368E-01  0.3433E-02  0.1419E-02  0.1585E-01  0.2424E-02  0.2216E-03  0.3218E-03  0.1458E-03  0.1814E-02  0.4108E-02  0.1183E-01  0.7861E-02  0.1955E-01  0.6338E-03  0.7662E-02  0.9342E-03  0.3970E-02
     1.200  0.1651E-01  0.1343E-01  0.3562E-02  0.1451E-02  0.1662E-01  0.2436E-02  0.2239E-03  0.3185E-03  0.1465E-03  0.1785E-02  0.4264E-02  0.1192E-01  0.8296E-02  0.1978E-01  0.6310E-03  0.7485E-02  0.9619E-03  0.4009E-02
     1.210  0.2105E-01  0.1325E-01  0.4362E-02  0.1487E-02  0.2163E-01  0.2462E-02  0.2326E-03  0.3158E-03  0.1506E-03  0.1756E-02  0.5270E-02  0.1203E-01  0.1003E-01  0.2005E-01  0.6445E-03  0.7315E-02  0.1044E-02  0.4054E-02
     1.220  0.2584E-01  0.1307E-01  0.5204E-02  0.1522E-02  0.2693E-01  0.2489E-02  0.2412E-03  0.3127E-03  0.1540E-03  0.1725E-02  0.6331E-02  0.1214E-01  0.1186E-01  0.2029E-01  0.6575E-03  0.7141E-02  0.1128E-02  0.4095E-02
     1.230  0.3074E-01  0.1290E-01  0.6068E-02  0.1558E-02  0.3239E-01  0.2516E-02  0.2492E-03  0.3094E-03  0.1567E-03  0.1690E-02  0.7420E-02  0.1223E-01  0.1374E-01  0.2050E-01  0.6696E-03  0.6964E-02  0.1211E-02  0.4132E-02
     1.240  0.3574E-01  0.1274E-01  0.6951E-02  0.1593E-02  0.3801E-01  0.2544E-02  0.2568E-03  0.3057E-03  0.1586E-03  0.1653E-02  0.8538E-02  0.1231E-01  0.1565E-01  0.2069E-01  0.6806E-03  0.6783E-02  0.1293E-02  0.4164E-02
     1.250  0.4016E-01  0.1239E-01  0.7767E-02  0.1587E-02  0.4299E-01  0.2541E-02  0.2312E-03  0.2814E-03  0.1433E-03  0.1518E-02  0.9587E-02  0.1200E-01  0.1698E-01  0.2001E-01  0.5966E-03  0.6109E-02  0.1339E-02  0.4047E-02
     1.260  0.3897E-01  0.1198E-01  0.7864E-02  0.1573E-02  0.4188E-01  0.2527E-02  0.1754E-03  0.2522E-03  0.1134E-03  0.1361E-02  0.9721E-02  0.1161E-01  0.1575E-01  0.1913E-01  0.4429E-03  0.5324E-02  0.1325E-02  0.3896E-02
     1.270  0.3020E-01  0.1336E-01  0.6853E-02  0.1614E-02  0.3250E-01  0.2904E-02  0.1225E-03  0.2288E-03  0.8586E-04  0.1220E-02  0.8417E-02  0.1127E-01  0.1172E-01  0.1853E-01  0.3107E-03  0.4663E-02  0.1256E-02  0.3764E-02
     1.280  0.2564E-01  0.1502E-01  0.6053E-02  0.1681E-02  0.2753E-01  0.3309E-02  0.1080E-03  0.2190E-03  0.7643E-04  0.1159E-02  0.7403E-02  0.1115E-01  0.9931E-02  0.1833E-01  0.2744E-03  0.4435E-02  0.1157E-02  0.3713E-02
     1.290  0.2102E-01  0.1665E-01  0.5062E-02  0.1751E-02  0.2256E-01  0.3709E-02  0.8987E-04  0.2096E-03  0.6267E-04  0.1099E-02  0.6180E-02  0.1106E-01  0.7973E-02  0.1816E-01  0.2270E-03  0.4213E-02  0.9623E-03  0.3666E-02
     1.300  0.1643E-01  0.1821E-01  0.4047E-02  0.1775E-02  0.1763E-01  0.4101E-02  0.7186E-04  0.1986E-03  0.4901E-04  0.1018E-02  0.4931E-02  0.1057E-01  0.6071E-02  0.1742E-01  0.1800E-03  0.3952E-02  0.7623E-03  0.3489E-02
     1.310  0.1234E-01  0.1961E-01  0.3064E-02  0.1655E-02  0.1382E-01  0.4472E-02  0.5582E-04  0.1822E-03  0.3616E-04  0.8718E-03  0.3732E-02  0.8851E-02  0.4513E-02  0.1492E-01  0.1333E-03  0.3556E-02  0.5198E-03  0.2908E-02
     1.320  0.8307E-02  0.2098E-01  0.2060E-02  0.1538E-02  0.1060E-01  0.4838E-02  0.4296E-04  0.1660E-03  0.2480E-04  0.7287E-03  0.2506E-02  0.7171E-02  0.3235E-02  0.1249E-01  0.9028E-04  0.3169E-02  0.2512E-03  0.2340E-02
     1.330  0.7283E-02  0.2207E-01  0.1831E-02  0.1437E-02  0.1062E-01  0.5151E-02  0.4550E-04  0.1492E-03  0.2362E-04  0.6071E-03  0.2216E-02  0.5840E-02  0.3137E-02  0.1061E-01  0.8557E-04  0.2799E-02  0.1421E-03  0.1888E-02
     1.340  0.9366E-02  0.2867E-01  0.2395E-02  0.1737E-02  0.1381E-01  0.6889E-02  0.6301E-04  0.1592E-03  0.3172E-04  0.5503E-03  0.2894E-02  0.5945E-02  0.4091E-02  0.1117E-01  0.1192E-03  0.2925E-02  0.1904E-03  0.1856E-02
     1.350  0.1068E-01  0.2266E-01  0.2790E-02  0.1446E-02  0.1593E-01  0.5431E-02  0.7956E-04  0.1224E-03  0.3834E-04  0.4110E-03  0.3364E-02  0.4879E-02  0.4728E-02  0.8568E-02  0.1517E-03  0.2221E-02  0.2282E-03  0.1488E-02
     1.360  0.1197E-01  0.1228E-01  0.3188E-02  0.8408E-03  0.1805E-01  0.2910E-02  0.9648E-04  0.6766E-04  0.4499E-04  0.2322E-03  0.3838E-02  0.2916E-02  0.5362E-02  0.4743E-02  0.1849E-03  0.1217E-02  0.2666E-03  0.8790E-03
     1.370  0.1326E-01  0.2405E-02  0.3589E-02  0.1765E-03  0.2018E-01  0.5634E-03  0.1138E-03  0.1353E-04  0.5165E-04  0.4745E-04  0.4315E-02  0.6274E-03  0.5993E-02  0.9500E-03  0.2188E-03  0.2411E-03  0.3056E-03  0.1872E-03
     1.380  0.1453E-01  0.0000E+00  0.3994E-02  0.0000E+00  0.2230E-01  0.0000E+00  0.1314E-03  0.0000E+00  0.5834E-04  0.0000E+00  0.4795E-02  0.0000E+00  0.6620E-02  0.0000E+00  0.2535E-03  0.0000E+00  0.3452E-03  0.0000E+00
     1.390  0.1578E-01  0.1909E-02  0.4401E-02  0.8123E-04  0.2443E-01  0.7847E-03  0.1494E-03  0.3253E-04  0.6506E-04  0.1001E-03  0.5279E-02  0.1085E-03  0.7244E-02  0.8399E-03  0.2889E-03  0.4018E-03  0.3853E-03  0.4364E-04
     1.400  0.1703E-01  0.4282E-02  0.4812E-02  0.1843E-03  0.2655E-01  0.1776E-02  0.1678E-03  0.7232E-04  0.7179E-04  0.2223E-03  0.5766E-02  0.2596E-03  0.7865E-02  0.1941E-02  0.3251E-03  0.8877E-03  0.4260E-03  0.1041E-03
     1.410  0.1826E-01  0.7078E-02  0.5225E-02  0.3038E-03  0.2867E-01  0.2933E-02  0.1866E-03  0.1306E-03  0.7855E-04  0.3908E-03  0.6257E-02  0.4926E-03  0.8483E-02  0.3471E-02  0.3620E-03  0.1599E-02  0.4673E-03  0.2047E-03
     1.420  0.2001E-01  0.9957E-02  0.5862E-02  0.4331E-03  0.3191E-01  0.4135E-02  0.3018E-03  0.2030E-03  0.1182E-03  0.5919E-03  0.7000E-02  0.7689E-03  0.9716E-02  0.5178E-02  0.5870E-03  0.2485E-02  0.5631E-03  0.3223E-03
     1.430  0.2195E-01  0.1227E-01  0.6581E-02  0.5561E-03  0.3558E-01  0.5155E-02  0.4437E-03  0.3607E-03  0.1666E-03  0.9909E-03  0.7843E-02  0.1204E-02  0.1119E-01  0.7204E-02  0.8627E-03  0.4455E-02  0.6798E-03  0.5034E-03
     1.440  0.2396E-01  0.1418E-01  0.7328E-02  0.6738E-03  0.3943E-01  0.6035E-02  0.5870E-03  0.5691E-03  0.2151E-03  0.1502E-02  0.8724E-02  0.1733E-02  0.1275E-01  0.9309E-02  0.1140E-02  0.7061E-02  0.8037E-03  0.7165E-03
     1.450  0.2660E-01  0.1585E-01  0.8280E-02  0.7899E-03  0.4459E-01  0.6843E-02  0.7513E-03  0.7830E-03  0.2719E-03  0.2019E-02  0.9868E-02  0.2273E-02  0.1487E-01  0.1126E-01  0.1453E-02  0.9725E-02  0.9607E-03  0.9233E-03
     1.460  0.3200E-01  0.1766E-01  0.1010E-01  0.9480E-03  0.5525E-01  0.7808E-02  0.1007E-02  0.1040E-02  0.3662E-03  0.2658E-02  0.1211E-01  0.2974E-02  0.1909E-01  0.1345E-01  0.1930E-02  0.1288E-01  0.1228E-02  0.1164E-02
     1.470  0.3986E-01  0.2232E-01  0.1283E-01  0.1495E-02  0.7079E-01  0.1067E-01  0.1532E-02  0.1633E-02  0.5356E-03  0.4302E-02  0.1545E-01  0.4965E-02  0.2477E-01  0.1828E-01  0.2956E-02  0.1986E-01  0.1598E-02  0.1704E-02
     1.480  0.6071E-01  0.2381E-01  0.2024E-01  0.1832E-02  0.1123E+00  0.1172E-01  0.2430E-02  0.2251E-02  0.8630E-03  0.5388E-02  0.2446E-01  0.7033E-02  0.3817E-01  0.2091E-01  0.4691E-02  0.2756E-01  0.2381E-02  0.2249E-02
     1.490  0.7291E-01  0.2422E-01  0.2485E-01  0.1959E-02  0.1373E+00  0.1228E-01  0.3603E-02  0.1538E-02  0.1149E-02  0.3582E-02  0.2998E-01  0.6334E-02  0.4655E-01  0.1763E-01  0.7087E-02  0.1831E-01  0.2988E-02  0.1794E-02
     1.500  0.7277E-01  0.2434E-01  0.2500E-01  0.1985E-02  0.1378E+00  0.1242E-01  0.2815E-02  0.1480E-02  0.8988E-03  0.3427E-02  0.3012E-01  0.6170E-02  0.4456E-01  0.1723E-01  0.5519E-02  0.1754E-01  0.2767E-02  0.1712E-02
     1.510  0.7249E-01  0.2442E-01  0.2514E-01  0.2008E-02  0.1381E+00  0.1255E-01  0.2067E-02  0.1422E-02  0.6652E-03  0.3275E-02  0.3023E-01  0.6008E-02  0.4290E-01  0.1683E-01  0.4036E-02  0.1677E-01  0.2589E-02  0.1633E-02
     1.520  0.7473E-01  0.2448E-01  0.2619E-01  0.2030E-02  0.1430E+00  0.1266E-01  0.1753E-02  0.1365E-02  0.5665E-03  0.3124E-02  0.3143E-01  0.5848E-02  0.4347E-01  0.1643E-01  0.3400E-02  0.1602E-01  0.2613E-02  0.1555E-02
     1.530  0.7829E-01  0.2449E-01  0.2774E-01  0.2048E-02  0.1505E+00  0.1275E-01  0.1508E-02  0.1308E-02  0.4861E-03  0.2977E-02  0.3323E-01  0.5690E-02  0.4481E-01  0.1602E-01  0.2900E-02  0.1527E-01  0.2693E-02  0.1478E-02
     1.540  0.8710E-01  0.2448E-01  0.3120E-01  0.2065E-02  0.1679E+00  0.1282E-01  0.1401E-02  0.1252E-02  0.4420E-03  0.2831E-02  0.3732E-01  0.5533E-02  0.4901E-01  0.1562E-01  0.2672E-02  0.1453E-01  0.2957E-02  0.1403E-02
     1.550  0.9596E-01  0.2443E-01  0.3470E-01  0.2079E-02  0.1856E+00  0.1288E-01  0.1294E-02  0.1196E-02  0.3989E-03  0.2688E-02  0.4146E-01  0.5378E-02  0.5328E-01  0.1521E-01  0.2444E-02  0.1381E-01  0.3227E-02  0.1330E-02
     1.560  0.1498E+00  0.2434E-01  0.5562E-01  0.2091E-02  0.2925E+00  0.1291E-01  0.1309E-02  0.1141E-02  0.3909E-03  0.2547E-02  0.6621E-01  0.5225E-02  0.8179E-01  0.1479E-01  0.2402E-02  0.1309E-01  0.5081E-02  0.1258E-02
     1.570  0.1708E+00  0.2435E-01  0.6422E-01  0.2131E-02  0.3382E+00  0.1300E-01  0.1294E-02  0.1092E-02  0.3759E-03  0.2419E-02  0.7626E-01  0.5159E-02  0.9457E-01  0.1447E-01  0.2328E-02  0.1243E-01  0.5852E-02  0.1213E-02
     1.580  0.4075E+00  0.2457E-01  0.1581E+00  0.2223E-02  0.8237E+00  0.1318E-01  0.2410E-02  0.1054E-02  0.6799E-03  0.2311E-02  0.1867E+00  0.5246E-02  0.2273E+00  0.1430E-01  0.4184E-02  0.1187E-01  0.1443E-01  0.1215E-02
     1.590  0.1293E-02  0.2477E-01  0.8260E-03  0.2319E-02  0.2749E-02  0.1336E-01  0.7304E-04  0.1017E-02  0.2791E-04  0.2207E-02  0.8280E-03  0.5352E-02  0.8758E-03  0.1414E-01  0.1154E-03  0.1132E-01  0.1549E-03  0.1223E-02
     1.600  0.3936E-02  0.2497E-01  0.2457E-02  0.2419E-02  0.8371E-02  0.1353E-01  0.2290E-03  0.9820E-03  0.8706E-04  0.2108E-02  0.2470E-02  0.5477E-02  0.2676E-02  0.1400E-01  0.3625E-03  0.1080E-01  0.4498E-03  0.1236E-02
     1.610  0.6609E-02  0.2517E-01  0.4032E-02  0.2523E-02  0.1414E-01  0.1371E-01  0.3850E-03  0.9716E-03  0.1462E-03  0.2080E-02  0.4073E-02  0.5627E-02  0.4500E-02  0.1391E-01  0.6041E-03  0.1046E-01  0.7125E-03  0.1257E-02
     1.620  0.8239E-02  0.2542E-01  0.4860E-02  0.2636E-02  0.1795E-01  0.1392E-01  0.4568E-03  0.9754E-03  0.1749E-03  0.2089E-02  0.4962E-02  0.5805E-02  0.5588E-02  0.1387E-01  0.6921E-03  0.1025E-01  0.8005E-03  0.1286E-02
     1.630  0.1522E-01  0.2634E-01  0.7936E-02  0.2807E-02  0.3381E-01  0.1448E-01  0.5666E-03  0.1002E-02  0.2236E-03  0.2136E-02  0.8395E-02  0.6083E-02  0.1003E-01  0.1413E-01  0.8187E-03  0.1028E-01  0.1077E-02  0.1329E-02
     1.640  0.1881E-01  0.2727E-01  0.9620E-02  0.2984E-02  0.4212E-01  0.1505E-01  0.6322E-03  0.1029E-02  0.2528E-03  0.2184E-02  0.1024E-01  0.6380E-02  0.1249E-01  0.1442E-01  0.8852E-03  0.1032E-01  0.1247E-02  0.1379E-02
     1.650  0.1820E-01  0.2876E-01  0.9495E-02  0.3226E-02  0.4099E-01  0.1594E-01  0.6419E-03  0.1064E-02  0.2573E-03  0.2248E-02  0.1005E-01  0.6788E-02  0.1234E-01  0.1494E-01  0.8786E-03  0.1044E-01  0.1254E-02  0.1443E-02
     1.660  0.1759E-01  0.3033E-01  0.9353E-02  0.3480E-02  0.3985E-01  0.1687E-01  0.6547E-03  0.1101E-02  0.2629E-03  0.2315E-02  0.9851E-02  0.7226E-02  0.1218E-01  0.1551E-01  0.8767E-03  0.1057E-01  0.1258E-02  0.1514E-02
     1.670  0.1602E-01  0.3191E-01  0.8397E-02  0.3739E-02  0.3684E-01  0.1781E-01  0.6843E-03  0.1139E-02  0.2715E-03  0.2384E-02  0.8836E-02  0.7679E-02  0.1149E-01  0.1610E-01  0.8906E-03  0.1071E-01  0.1095E-02  0.1588E-02
     1.680  0.1622E-01  0.3307E-01  0.8794E-02  0.3880E-02  0.3776E-01  0.1871E-01  0.7258E-03  0.1186E-02  0.2872E-03  0.2473E-02  0.9186E-02  0.7745E-02  0.1185E-01  0.1658E-01  0.9330E-03  0.1079E-01  0.1169E-02  0.1533E-02
     1.690  0.1646E-01  0.3537E-01  0.9211E-02  0.4297E-02  0.3877E-01  0.2037E-01  0.7677E-03  0.1249E-02  0.3027E-03  0.2581E-02  0.9556E-02  0.8654E-02  0.1223E-01  0.1858E-01  0.9754E-03  0.1103E-01  0.1245E-02  0.1719E-02
     1.701  0.1672E-01  0.3788E-01  0.9646E-02  0.4832E-02  0.3987E-01  0.2216E-01  0.8098E-03  0.1308E-02  0.3182E-03  0.2684E-02  0.9944E-02  0.9974E-02  0.1262E-01  0.2111E-01  0.1018E-02  0.1126E-01  0.1320E-02  0.2028E-02
     1.711  0.1701E-01  0.5178E-01  0.1010E-01  0.6798E-02  0.4106E-01  0.3128E-01  0.8522E-03  0.1536E-02  0.3336E-03  0.3041E-02  0.1035E-01  0.1337E-01  0.1302E-01  0.2800E-01  0.1061E-02  0.1267E-01  0.1396E-02  0.2484E-02
     1.721  0.1732E-01  0.7140E-01  0.1057E-01  0.9343E-02  0.4233E-01  0.4371E-01  0.8948E-03  0.1843E-02  0.3490E-03  0.3505E-02  0.1078E-01  0.1746E-01  0.1343E-01  0.3674E-01  0.1103E-02  0.1477E-01  0.1473E-02  0.2954E-02
     1.731  0.1767E-01  0.6895E-01  0.1106E-01  0.9504E-02  0.4368E-01  0.4273E-01  0.9378E-03  0.1800E-02  0.3642E-03  0.3456E-02  0.1123E-01  0.1829E-01  0.1385E-01  0.3681E-01  0.1146E-02  0.1419E-01  0.1550E-02  0.3212E-02
     1.741  0.1804E-01  0.6445E-01  0.1157E-01  0.9424E-02  0.4513E-01  0.4048E-01  0.9810E-03  0.1710E-02  0.3793E-03  0.3346E-02  0.1169E-01  0.1876E-01  0.1429E-01  0.3603E-01  0.1189E-02  0.1329E-01  0.1628E-02  0.3432E-02
     1.751  0.1844E-01  0.5985E-01  0.1210E-01  0.9312E-02  0.4666E-01  0.3816E-01  0.1024E-02  0.1621E-02  0.3944E-03  0.3233E-02  0.1218E-01  0.1916E-01  0.1473E-01  0.3523E-01  0.1232E-02  0.1239E-01  0.1706E-02  0.3643E-02
     1.761  0.1886E-01  0.5515E-01  0.1265E-01  0.9170E-02  0.4828E-01  0.3575E-01  0.1068E-02  0.1531E-02  0.4094E-03  0.3117E-02  0.1268E-01  0.1949E-01  0.1519E-01  0.3441E-01  0.1275E-02  0.1149E-01  0.1784E-02  0.3846E-02
     1.771  0.2075E-01  0.6628E-01  0.1436E-01  0.1137E-01  0.5445E-01  0.4414E-01  0.1146E-02  0.1528E-02  0.4303E-03  0.3097E-02  0.1436E-01  0.2362E-01  0.1659E-01  0.4020E-01  0.1351E-02  0.1130E-01  0.1971E-02  0.4447E-02
     1.781  0.2428E-01  0.2450E-01  0.1758E-01  0.6391E-02  0.6576E-01  0.1714E-01  0.1279E-02  0.1013E-02  0.4616E-03  0.2056E-02  0.1748E-01  0.1671E-01  0.1907E-01  0.2537E-01  0.1483E-02  0.6962E-02  0.2322E-02  0.4146E-02
     1.791  0.2958E-01  0.1266E-01  0.2286E-01  0.5124E-02  0.8255E-01  0.9522E-02  0.1487E-02  0.8824E-03  0.4970E-03  0.1785E-02  0.2239E-01  0.1523E-01  0.2271E-01  0.2169E-01  0.1682E-02  0.5799E-02  0.2927E-02  0.4198E-02
     1.801  0.3421E-01  0.1338E-01  0.2740E-01  0.5471E-02  0.9754E-01  0.1020E-01  0.1583E-02  0.8897E-03  0.5057E-03  0.1789E-02  0.2665E-01  0.1617E-01  0.2585E-01  0.2307E-01  0.1759E-02  0.5800E-02  0.3428E-02  0.4447E-02
     1.811  0.3520E-01  0.1412E-01  0.2887E-01  0.5814E-02  0.1015E+00  0.1088E-01  0.1624E-02  0.8978E-03  0.5129E-03  0.1795E-02  0.2791E-01  0.1710E-01  0.2649E-01  0.2443E-01  0.1789E-02  0.5805E-02  0.3601E-02  0.4688E-02
     1.821  0.3478E-01  0.1486E-01  0.2866E-01  0.6155E-02  0.1031E+00  0.1158E-01  0.1638E-02  0.9066E-03  0.4999E-03  0.1802E-02  0.2765E-01  0.1800E-01  0.2521E-01  0.2576E-01  0.1771E-02  0.5813E-02  0.3317E-02  0.4921E-02
     1.831  0.3281E-01  0.1616E-01  0.2759E-01  0.5854E-02  0.9844E-01  0.1294E-01  0.1644E-02  0.9212E-03  0.4929E-03  0.1795E-02  0.2643E-01  0.1579E-01  0.2405E-01  0.2265E-01  0.1755E-02  0.5811E-02  0.3194E-02  0.4104E-02
     1.841  0.3038E-01  0.1745E-01  0.2631E-01  0.5601E-02  0.9244E-01  0.1405E-01  0.1672E-02  0.9518E-03  0.4940E-03  0.1804E-02  0.2497E-01  0.1368E-01  0.2265E-01  0.1927E-01  0.1762E-02  0.5860E-02  0.3070E-02  0.3296E-02
     1.851  0.2779E-01  0.1091E+00  0.2497E-01  0.2126E-01  0.8615E-01  0.8432E-01  0.1719E-02  0.2410E-02  0.5017E-03  0.5141E-02  0.2342E-01  0.3843E-01  0.2121E-01  0.6274E-01  0.1790E-02  0.1390E-01  0.2944E-02  0.6012E-02
     1.861  0.2517E-01  0.5037E-01  0.2363E-01  0.1104E-01  0.7988E-01  0.4122E-01  0.1777E-02  0.1584E-02  0.5130E-03  0.3176E-02  0.2188E-01  0.2116E-01  0.1979E-01  0.3574E-01  0.1828E-02  0.8975E-02  0.2820E-02  0.3806E-02
     1.871  0.2263E-01  0.4460E-01  0.2241E-01  0.1047E-01  0.7387E-01  0.3694E-01  0.1852E-02  0.1590E-02  0.5295E-03  0.3120E-02  0.2042E-01  0.2054E-01  0.1846E-01  0.3317E-01  0.1883E-02  0.8907E-02  0.2715E-02  0.3826E-02
     1.881  0.1970E-01  0.3927E-01  0.2112E-01  0.9989E-02  0.6754E-01  0.3294E-01  0.2014E-02  0.1594E-02  0.5739E-03  0.3050E-02  0.1878E-01  0.2008E-01  0.1742E-01  0.3069E-01  0.2009E-02  0.8833E-02  0.2617E-02  0.3865E-02
     1.891  0.1761E-01  0.3438E-01  0.1999E-01  0.9601E-02  0.6258E-01  0.2922E-01  0.2074E-02  0.1596E-02  0.5783E-03  0.2968E-02  0.1746E-01  0.1978E-01  0.1658E-01  0.2829E-01  0.2045E-02  0.8753E-02  0.2517E-02  0.3924E-02
     1.901  0.1579E-01  0.3017E-01  0.1887E-01  0.9519E-02  0.5792E-01  0.2605E-01  0.2089E-02  0.1562E-02  0.5661E-03  0.2813E-02  0.1619E-01  0.2003E-01  0.1573E-01  0.2575E-01  0.2040E-02  0.8478E-02  0.2407E-02  0.4055E-02
     1.911  0.1402E-01  0.2693E-01  0.1796E-01  0.9808E-02  0.5360E-01  0.2364E-01  0.2165E-02  0.1529E-02  0.5693E-03  0.2649E-02  0.1506E-01  0.2100E-01  0.1515E-01  0.2364E-01  0.2089E-02  0.8210E-02  0.2338E-02  0.4312E-02
     1.921  0.1156E-01  0.2964E-01  0.1856E-01  0.1119E-01  0.4945E-01  0.2632E-01  0.2984E-02  0.1621E-02  0.7392E-03  0.2705E-02  0.1460E-01  0.2385E-01  0.1578E-01  0.2611E-01  0.2848E-02  0.8555E-02  0.2598E-02  0.4864E-02
     1.931  0.9293E-02  0.3271E-01  0.1606E-01  0.1261E-01  0.4206E-01  0.2976E-01  0.2685E-02  0.1731E-02  0.6639E-03  0.2775E-02  0.1226E-01  0.2670E-01  0.1435E-01  0.2938E-01  0.2523E-02  0.8955E-02  0.2291E-02  0.5407E-02
     1.941  0.7428E-02  0.3574E-01  0.1313E-01  0.1406E-01  0.3511E-01  0.3322E-01  0.2180E-02  0.1860E-02  0.5336E-03  0.2873E-02  0.9863E-02  0.2964E-01  0.1244E-01  0.3280E-01  0.2023E-02  0.9441E-02  0.1884E-02  0.5969E-02
     1.951  0.5870E-02  0.4266E-01  0.1065E-01  0.1761E-01  0.2910E-01  0.4064E-01  0.1679E-02  0.2575E-02  0.4022E-03  0.3754E-02  0.7878E-02  0.3745E-01  0.1046E-01  0.4118E-01  0.1533E-02  0.1304E-01  0.1527E-02  0.7569E-02
     1.961  0.4529E-02  0.3692E-01  0.8389E-02  0.1531E-01  0.2369E-01  0.3623E-01  0.1164E-02  0.2186E-02  0.2664E-03  0.3156E-02  0.6141E-02  0.3273E-01  0.8311E-02  0.3827E-01  0.1040E-02  0.1095E-01  0.1186E-02  0.6723E-02
     1.971  0.4520E-02  0.2839E-01  0.8397E-02  0.1150E-01  0.2402E-01  0.2891E-01  0.1117E-02  0.1570E-02  0.2490E-03  0.2238E-02  0.6132E-02  0.2455E-01  0.8295E-02  0.3121E-01  0.9842E-03  0.7749E-02  0.1173E-02  0.5140E-02
     1.981  0.4810E-02  0.2102E-01  0.8932E-02  0.8262E-02  0.2573E-01  0.2242E-01  0.1193E-02  0.1106E-02  0.2629E-03  0.1534E-02  0.6510E-02  0.1765E-01  0.8856E-02  0.2483E-01  0.1042E-02  0.5365E-02  0.1237E-02  0.3825E-02
     1.991  0.1223E-01  0.1653E-01  0.1814E-01  0.6780E-02  0.6198E-01  0.1872E-01  0.1292E-02  0.1055E-02  0.2797E-03  0.1444E-02  0.1444E-01  0.1510E-01  0.1584E-01  0.2461E-01  0.1129E-02  0.5023E-02  0.1924E-02  0.3546E-02
     2.001  0.3623E-01  0.1459E-01  0.4795E-01  0.6313E-02  0.1796E+00  0.1708E-01  0.1457E-02  0.1030E-02  0.3047E-03  0.1391E-02  0.4021E-01  0.1440E-01  0.3793E-01  0.2478E-01  0.1300E-02  0.4824E-02  0.4095E-02  0.3533E-02
     2.011  0.5203E-01  0.1374E-01  0.6817E-01  0.6293E-02  0.2612E+00  0.1630E-01  0.2097E-02  0.1016E-02  0.4299E-03  0.1351E-02  0.5729E-01  0.1452E-01  0.5467E-01  0.2510E-01  0.1853E-02  0.4678E-02  0.5579E-02  0.3635E-02
     2.021  0.3133E-01  0.1289E-01  0.4304E-01  0.6307E-02  0.1645E+00  0.1577E-01  0.2499E-02  0.1059E-02  0.5169E-03  0.1380E-02  0.3515E-01  0.1466E-01  0.3808E-01  0.2589E-01  0.2135E-02  0.4762E-02  0.3790E-02  0.3741E-02
     2.031  0.2504E-01  0.1211E-01  0.3591E-01  0.6341E-02  0.1399E+00  0.1556E-01  0.3419E-02  0.1158E-02  0.7117E-03  0.1474E-02  0.2833E-01  0.1479E-01  0.3677E-01  0.2721E-01  0.2843E-02  0.5064E-02  0.3399E-02  0.3844E-02
     2.041  0.2304E-01  0.1143E-01  0.3506E-01  0.6360E-02  0.1388E+00  0.1558E-01  0.4934E-02  0.1259E-02  0.1033E-02  0.1573E-02  0.2637E-01  0.1490E-01  0.4156E-01  0.2886E-01  0.4023E-02  0.5367E-02  0.3573E-02  0.3953E-02
     2.051  0.2577E-01  0.1331E-01  0.4228E-01  0.6809E-02  0.1549E+00  0.1942E-01  0.5712E-02  0.1440E-02  0.1206E-02  0.1795E-02  0.3100E-01  0.1578E-01  0.4570E-01  0.3490E-01  0.4590E-02  0.6015E-02  0.4292E-02  0.4260E-02
     2.061  0.2534E-01  0.1551E-01  0.4444E-01  0.7311E-02  0.1506E+00  0.2369E-01  0.5691E-02  0.1651E-02  0.1241E-02  0.2059E-02  0.3193E-01  0.1675E-01  0.4242E-01  0.4132E-01  0.4518E-02  0.6793E-02  0.4515E-02  0.4585E-02
     2.071  0.1834E-01  0.3888E-01  0.3075E-01  0.2275E-01  0.1134E+00  0.5199E-01  0.3876E-02  0.2982E-02  0.8316E-03  0.3807E-02  0.2244E-01  0.4760E-01  0.3217E-01  0.7381E-01  0.3018E-02  0.1179E-01  0.3055E-02  0.1055E-01
     2.081  0.1404E-01  0.3348E-01  0.2374E-01  0.1722E-01  0.8296E-01  0.5127E-01  0.1752E-02  0.3559E-02  0.3439E-03  0.4508E-02  0.1780E-01  0.3727E-01  0.2003E-01  0.8249E-01  0.1313E-02  0.1398E-01  0.2092E-02  0.9366E-02
     2.091  0.1353E-01  0.3250E-01  0.2208E-01  0.1466E-01  0.8036E-01  0.5335E-01  0.1645E-02  0.3759E-02  0.3129E-03  0.4829E-02  0.1683E-01  0.3212E-01  0.1839E-01  0.8661E-01  0.1231E-02  0.1456E-01  0.1830E-02  0.8672E-02
     2.101  0.1327E-01  0.8874E-02  0.2128E-01  0.5657E-02  0.7905E-01  0.1307E-01  0.1621E-02  0.7368E-03  0.3013E-03  0.9134E-03  0.1638E-01  0.1165E-01  0.1730E-01  0.1924E-01  0.1207E-02  0.2817E-02  0.1682E-02  0.2636E-02
     2.111  0.1338E-01  0.6866E-02  0.2159E-01  0.3509E-02  0.8023E-01  0.1100E-01  0.1700E-02  0.6738E-03  0.3152E-03  0.8050E-03  0.1659E-01  0.6995E-02  0.1738E-01  0.1507E-01  0.1255E-02  0.2560E-02  0.1690E-02  0.1603E-02
     2.121  0.1686E-01  0.7176E-02  0.2940E-01  0.3480E-02  0.1009E+00  0.1153E-01  0.2224E-02  0.7158E-03  0.4001E-03  0.8467E-03  0.2196E-01  0.6812E-02  0.2022E-01  0.1512E-01  0.1641E-02  0.2695E-02  0.2282E-02  0.1537E-02
     2.131  0.2477E-01  0.7525E-02  0.4984E-01  0.3527E-02  0.1456E+00  0.1210E-01  0.3940E-02  0.7670E-03  0.6885E-03  0.8993E-03  0.3536E-01  0.6803E-02  0.2625E-01  0.1532E-01  0.2895E-02  0.2865E-02  0.3973E-02  0.1514E-02
     2.141  0.2804E-01  0.1002E-01  0.5848E-01  0.3809E-02  0.1658E+00  0.1688E-01  0.4556E-02  0.9547E-03  0.7931E-03  0.1094E-02  0.4096E-01  0.7046E-02  0.2882E-01  0.1993E-01  0.3309E-02  0.3532E-02  0.4618E-02  0.1581E-02
     2.151  0.3451E-01  0.1465E-01  0.7379E-01  0.4550E-02  0.2071E+00  0.2559E-01  0.5475E-02  0.1361E-02  0.9574E-03  0.1487E-02  0.5133E-01  0.7848E-02  0.3288E-01  0.2776E-01  0.3852E-02  0.4965E-02  0.5467E-02  0.1743E-02
     2.161  0.2612E-01  0.1608E-01  0.5225E-01  0.5279E-02  0.1670E+00  0.2768E-01  0.4194E-02  0.1619E-02  0.7310E-03  0.1719E-02  0.3701E-01  0.8767E-02  0.2902E-01  0.2762E-01  0.2867E-02  0.5759E-02  0.3759E-02  0.1781E-02
     2.171  0.1179E-01  0.1749E-01  0.2286E-01  0.6054E-02  0.7245E-01  0.2965E-01  0.2743E-02  0.1877E-02  0.4450E-03  0.1948E-02  0.1627E-01  0.9745E-02  0.1379E-01  0.2722E-01  0.1799E-02  0.6550E-02  0.1759E-02  0.1814E-02
     2.181  0.1032E-01  0.2999E-01  0.1986E-01  0.1648E-01  0.6345E-01  0.4460E-01  0.2496E-02  0.6210E-02  0.4024E-03  0.6606E-02  0.1415E-01  0.2698E-01  0.1224E-01  0.3600E-01  0.1609E-02  0.2084E-01  0.1528E-02  0.4913E-02
     2.191  0.9740E-02  0.4991E-01  0.1885E-01  0.2035E-01  0.6003E-01  0.7939E-01  0.2369E-02  0.3563E-02  0.3821E-03  0.3704E-02  0.1341E-01  0.2953E-01  0.1158E-01  0.4588E-01  0.1519E-02  0.1187E-01  0.1452E-02  0.3360E-02
     2.201  0.9046E-02  0.7219E-01  0.1864E-01  0.3053E-01  0.5833E-01  0.1155E+00  0.2453E-02  0.3983E-02  0.4001E-03  0.3908E-02  0.1298E-01  0.4376E-01  0.1126E-01  0.5778E-01  0.1557E-02  0.1337E-01  0.1442E-02  0.4404E-02
     2.211  0.8294E-02  0.7973E-01  0.1934E-01  0.3486E-01  0.5768E-01  0.1280E+00  0.2635E-02  0.3970E-02  0.4357E-03  0.3855E-02  0.1295E-01  0.4960E-01  0.1088E-01  0.6064E-01  0.1649E-02  0.1317E-01  0.1491E-02  0.4831E-02
     2.221  0.7658E-02  0.1047E+00  0.2037E-01  0.4563E-01  0.5769E-01  0.1703E+00  0.2795E-02  0.3931E-02  0.4671E-03  0.3997E-02  0.1312E-01  0.6338E-01  0.1051E-01  0.7554E-01  0.1726E-02  0.1267E-01  0.1562E-02  0.5464E-02
     2.231  0.7228E-02  0.7901E-01  0.2127E-01  0.3609E-01  0.5758E-01  0.1328E+00  0.2847E-02  0.3033E-02  0.4753E-03  0.2975E-02  0.1333E-01  0.5003E-01  0.1009E-01  0.5875E-01  0.1744E-02  0.9634E-02  0.1625E-02  0.4544E-02
     2.241  0.6988E-02  0.4380E-01  0.2175E-01  0.2230E-01  0.5671E-01  0.7415E-01  0.2759E-02  0.2450E-02  0.4536E-03  0.2313E-02  0.1342E-01  0.3135E-01  0.9569E-02  0.3405E-01  0.1685E-02  0.7721E-02  0.1663E-02  0.3432E-02
     2.251  0.6776E-02  0.2101E-01  0.2227E-01  0.1337E-01  0.5602E-01  0.3626E-01  0.2663E-02  0.1994E-02  0.4306E-03  0.1811E-02  0.1353E-01  0.1918E-01  0.9070E-02  0.1788E-01  0.1622E-02  0.6243E-02  0.1701E-02  0.2672E-02
     2.261  0.6486E-02  0.1766E-01  0.2229E-01  0.1220E-01  0.5437E-01  0.3144E-01  0.2435E-02  0.1660E-02  0.3862E-03  0.1486E-02  0.1329E-01  0.1730E-01  0.8563E-02  0.1529E-01  0.1449E-02  0.5165E-02  0.1702E-02  0.2498E-02
     2.271  0.6433E-02  0.1540E-01  0.2338E-01  0.1157E-01  0.5442E-01  0.2837E-01  0.2357E-02  0.1333E-02  0.3615E-03  0.1171E-02  0.1370E-01  0.1619E-01  0.8290E-02  0.1342E-01  0.1392E-02  0.4127E-02  0.1806E-02  0.2399E-02
     2.281  0.7236E-02  0.1551E-01  0.2755E-01  0.1252E-01  0.6399E-01  0.2905E-01  0.2497E-02  0.1138E-02  0.3735E-03  0.9810E-03  0.1595E-01  0.1741E-01  0.9533E-02  0.1312E-01  0.1450E-02  0.3506E-02  0.2115E-02  0.2616E-02
     2.291  0.7246E-02  0.1721E-01  0.2884E-01  0.1423E-01  0.6699E-01  0.3285E-01  0.2451E-02  0.1049E-02  0.3532E-03  0.9139E-03  0.1652E-01  0.1964E-01  0.9965E-02  0.1477E-01  0.1397E-02  0.3166E-02  0.2216E-02  0.2962E-02
     2.301  0.7507E-02  0.1905E-01  0.3031E-01  0.1604E-01  0.7345E-01  0.3691E-01  0.2574E-02  0.1009E-02  0.3598E-03  0.8723E-03  0.1735E-01  0.2203E-01  0.1116E-01  0.1664E-01  0.1451E-02  0.2987E-02  0.2292E-02  0.3342E-02
     2.311  0.8619E-02  0.2234E-01  0.3487E-01  0.1912E-01  0.9184E-01  0.4366E-01  0.3181E-02  0.1103E-02  0.4279E-03  0.9266E-03  0.1992E-01  0.2613E-01  0.1499E-01  0.1953E-01  0.1799E-02  0.3235E-02  0.2590E-02  0.3954E-02
     2.321  0.9694E-02  0.2597E-01  0.4229E-01  0.2268E-01  0.1049E+00  0.5095E-01  0.3663E-02  0.1216E-02  0.4849E-03  0.9999E-03  0.2365E-01  0.3086E-01  0.1581E-01  0.2241E-01  0.2008E-02  0.3539E-02  0.3112E-02  0.4645E-02
     2.331  0.8790E-02  0.2836E-01  0.3890E-01  0.2499E-01  0.9856E-01  0.5580E-01  0.3333E-02  0.1156E-02  0.4359E-03  0.9165E-03  0.2169E-01  0.3374E-01  0.1467E-01  0.2319E-01  0.1810E-02  0.3373E-02  0.2795E-02  0.4936E-02
     2.341  0.7618E-02  0.2949E-01  0.3397E-01  0.2579E-01  0.8888E-01  0.5837E-01  0.3012E-02  0.9893E-03  0.3923E-03  0.7533E-03  0.1885E-01  0.3447E-01  0.1344E-01  0.2261E-01  0.1620E-02  0.2901E-02  0.2411E-02  0.4818E-02
     2.351  0.6921E-02  0.3144E-01  0.3105E-01  0.2737E-01  0.8321E-01  0.6314E-01  0.2766E-02  0.8614E-03  0.3565E-03  0.6152E-03  0.1720E-01  0.3622E-01  0.1264E-01  0.2309E-01  0.1474E-02  0.2537E-02  0.2174E-02  0.4846E-02
     2.361  0.6326E-02  0.3947E-01  0.2857E-01  0.3451E-01  0.7841E-01  0.8263E-01  0.2530E-02  0.8782E-03  0.3213E-03  0.5632E-03  0.1579E-01  0.4495E-01  0.1197E-01  0.2838E-01  0.1336E-02  0.2533E-02  0.1973E-02  0.5659E-02
     2.371  0.6011E-02  0.6966E-01  0.2774E-01  0.6147E-01  0.7898E-01  0.1501E+00  0.2585E-02  0.1113E-02  0.3225E-03  0.6734E-03  0.1529E-01  0.7885E-01  0.1204E-01  0.4645E-01  0.1326E-02  0.3043E-02  0.1869E-02  0.9237E-02
     2.381  0.5409E-02  0.5720E-01  0.2547E-01  0.5103E-01  0.7613E-01  0.1324E+00  0.2479E-02  0.1448E-02  0.3058E-03  0.8122E-03  0.1400E-01  0.6457E-01  0.1192E-01  0.4319E-01  0.1241E-02  0.3831E-02  0.1681E-02  0.7340E-02
     2.391  0.4696E-02  0.4296E-01  0.2245E-01  0.3845E-01  0.6834E-01  0.1086E+00  0.2149E-02  0.1435E-02  0.2606E-03  0.7604E-03  0.1225E-01  0.4769E-01  0.1101E-01  0.3730E-01  0.1074E-02  0.3671E-02  0.1483E-02  0.5138E-02
      2.401  0.4010E-02  0.4297E-01  0.1949E-01  0.3809E-01  0.6060E-01  0.1138E+00  0.1812E-02  0.1512E-02  0.2147E-03  0.7803E-03  0.1054E-01  0.4672E-01  0.1010E-01  0.4034E-01  0.9056E-03  0.3803E-02  0.1291E-02  0.4876E-02
      2.411  0.3352E-02  0.4699E-01  0.1660E-01  0.4113E-01  0.5306E-01  0.1269E+00  0.1477E-02  0.1613E-02  0.1693E-03  0.8199E-03  0.8884E-02  0.5017E-01  0.9206E-02  0.4601E-01  0.7399E-03  0.4023E-02  0.1103E-02  0.5172E-02
      2.421  0.2819E-02  0.4715E-01  0.1425E-01  0.4106E-01  0.4668E-01  0.1293E+00  0.1170E-02  0.1598E-02  0.1275E-03  0.8059E-03  0.7518E-02  0.4977E-01  0.8458E-02  0.4692E-01  0.5926E-03  0.3944E-02  0.9540E-03  0.5043E-02
      2.431  0.2373E-02  0.4723E-01  0.1233E-01  0.4093E-01  0.4161E-01  0.1315E+00  0.9010E-03  0.1582E-02  0.8995E-04  0.7911E-03  0.6360E-02  0.4929E-01  0.7937E-02  0.4778E-01  0.4600E-03  0.3861E-02  0.8336E-03  0.4910E-02
      2.441  0.2386E-02  0.4724E-01  0.1258E-01  0.4072E-01  0.4329E-01  0.1334E+00  0.9235E-03  0.1563E-02  0.8987E-04  0.7754E-03  0.6414E-02  0.4873E-01  0.8269E-02  0.4860E-01  0.4611E-03  0.3774E-02  0.8383E-03  0.4772E-02
      2.451  0.2629E-02  0.4716E-01  0.1445E-01  0.4044E-01  0.4965E-01  0.1351E+00  0.1043E-02  0.1543E-02  0.9573E-04  0.7588E-03  0.7131E-02  0.4809E-01  0.9509E-02  0.4938E-01  0.5011E-03  0.3684E-02  0.9379E-03  0.4630E-02
      2.461  0.4192E-02  0.4701E-01  0.2976E-01  0.4008E-01  0.8215E-01  0.1366E+00  0.2310E-02  0.1521E-02  0.1969E-03  0.7414E-03  0.1380E-01  0.4737E-01  0.1513E-01  0.5012E-01  0.1036E-02  0.3590E-02  0.2005E-02  0.4484E-02
      2.471  0.5510E-02  0.4656E-01  0.4209E-01  0.3959E-01  0.1236E+00  0.1375E+00  0.2146E-02  0.1482E-02  0.1679E-03  0.7149E-03  0.1948E-01  0.4641E-01  0.2358E-01  0.5061E-01  0.9661E-03  0.3445E-02  0.2833E-02  0.4320E-02
      2.481  0.3326E-02  0.6924E-01  0.2245E-01  0.6070E-01  0.8013E-01  0.2103E+00  0.1447E-02  0.1962E-02  0.1116E-03  0.9050E-03  0.1123E-01  0.6920E-01  0.1442E-01  0.7093E-01  0.6259E-03  0.4281E-02  0.1374E-02  0.5858E-02
      2.491  0.2660E-03  0.8144E-01  0.3232E-02  0.7481E-01  0.6783E-02  0.2499E+00  0.5545E-03  0.2171E-02  0.4520E-04  0.9764E-03  0.1091E-02  0.8452E-01  0.1503E-02  0.8069E-01  0.1669E-03  0.4599E-02  0.1763E-03  0.7208E-02
      2.501  0.4355E-03  0.6584E-01  0.4903E-02  0.6166E-01  0.1086E-01  0.2054E+00  0.7586E-03  0.1779E-02  0.6121E-04  0.7942E-03  0.1762E-02  0.6947E-01  0.2124E-02  0.6813E-01  0.2324E-03  0.3774E-02  0.2550E-03  0.6151E-02
      2.511  0.5933E-03  0.5108E-01  0.6538E-02  0.4861E-01  0.1472E-01  0.1639E+00  0.9678E-03  0.1402E-02  0.7749E-04  0.6183E-03  0.2404E-02  0.5454E-01  0.2718E-02  0.5717E-01  0.2988E-03  0.2983E-02  0.3323E-03  0.5066E-02
      2.521  0.7393E-03  0.4040E-01  0.8138E-02  0.3867E-01  0.1836E-01  0.1362E+00  0.1182E-02  0.1146E-02  0.9403E-04  0.4925E-03  0.3017E-02  0.4296E-01  0.3285E-02  0.5201E-01  0.3661E-03  0.2410E-02  0.4080E-03  0.4241E-02
      2.531  0.8673E-03  0.4640E-01  0.9653E-02  0.4463E-01  0.2159E-01  0.1597E+00  0.1392E-02  0.1325E-02  0.1100E-03  0.5540E-03  0.3581E-02  0.4906E-01  0.3778E-02  0.6115E-01  0.4314E-03  0.2674E-02  0.4791E-03  0.4773E-02
      2.541  0.9300E-03  0.1123E+00  0.1053E-01  0.1150E+00  0.2329E-01  0.3965E+00  0.1568E-02  0.3135E-02  0.1220E-03  0.1183E-02  0.3899E-02  0.1243E+00  0.3976E-02  0.1380E+00  0.4830E-03  0.6412E-02  0.5159E-03  0.1134E-01
      2.551  0.9795E-03  0.2529E-01  0.1128E-01  0.2551E-01  0.2471E-01  0.9036E-01  0.1743E-02  0.7997E-03  0.1336E-03  0.3368E-03  0.4170E-02  0.2732E-01  0.4124E-02  0.3519E-01  0.5340E-03  0.1377E-02  0.5462E-03  0.2649E-02
      2.561  0.1024E-02  0.1360E-01  0.1201E-01  0.1412E-01  0.2606E-01  0.4974E-01  0.1923E-02  0.6659E-03  0.1455E-03  0.2699E-03  0.4428E-02  0.1477E-01  0.4260E-02  0.2060E-01  0.5860E-03  0.1060E-02  0.5753E-03  0.1458E-02
      2.571  0.1010E-02  0.1384E-01  0.1223E-01  0.1526E-01  0.2612E-01  0.5092E-01  0.2041E-02  0.7463E-03  0.1528E-03  0.3009E-03  0.4460E-02  0.1584E-01  0.4262E-02  0.2057E-01  0.6153E-03  0.1179E-02  0.5834E-03  0.1588E-02
      2.581  0.9940E-03  0.1435E-01  0.1245E-01  0.1660E-01  0.2616E-01  0.5316E-01  0.2158E-02  0.8343E-03  0.1600E-03  0.3347E-03  0.4487E-02  0.1712E-01  0.4260E-02  0.2097E-01  0.6439E-03  0.1312E-02  0.5910E-03  0.1734E-02
      2.591  0.9766E-03  0.1486E-01  0.1265E-01  0.1796E-01  0.2616E-01  0.5544E-01  0.2273E-02  0.9226E-03  0.1671E-03  0.3683E-03  0.4509E-02  0.1840E-01  0.4255E-02  0.2139E-01  0.6717E-03  0.1444E-02  0.5981E-03  0.1878E-02
      2.601  0.9579E-03  0.1536E-01  0.1284E-01  0.1932E-01  0.2613E-01  0.5776E-01  0.2388E-02  0.1011E-02  0.1740E-03  0.4017E-03  0.4527E-02  0.1967E-01  0.4247E-02  0.2181E-01  0.6987E-03  0.1576E-02  0.6048E-03  0.2021E-02
      2.611  0.9377E-03  0.1663E-01  0.1303E-01  0.2193E-01  0.2607E-01  0.6347E-01  0.2502E-02  0.1279E-02  0.1808E-03  0.4963E-03  0.4539E-02  0.2213E-01  0.4235E-02  0.2332E-01  0.7249E-03  0.2005E-02  0.6109E-03  0.2288E-02
      2.621  0.9160E-03  0.2076E-01  0.1320E-01  0.2865E-01  0.2598E-01  0.8204E-01  0.2615E-02  0.2055E-02  0.1875E-03  0.7662E-03  0.4546E-02  0.2855E-01  0.4221E-02  0.2910E-01  0.7504E-03  0.3274E-02  0.6166E-03  0.2920E-02
      2.631  0.8929E-03  0.2400E-01  0.1336E-01  0.3373E-01  0.2586E-01  0.9743E-01  0.2726E-02  0.2629E-02  0.1941E-03  0.9682E-03  0.4548E-02  0.3336E-01  0.4203E-02  0.3405E-01  0.7751E-03  0.4194E-02  0.6218E-03  0.3363E-02
      2.641  0.8684E-03  0.2257E-01  0.1351E-01  0.3285E-01  0.2570E-01  0.9245E-01  0.2837E-02  0.2827E-02  0.2005E-03  0.1043E-02  0.4545E-02  0.3232E-01  0.4181E-02  0.3282E-01  0.7990E-03  0.4487E-02  0.6266E-03  0.3352E-02
      2.651  0.8425E-03  0.2119E-01  0.1365E-01  0.3197E-01  2.6512E-01  0.8781E-01  0.2947E-02  0.3020E-02  0.2067E-03  0.1118E-02  0.4537E-02  0.3127E-01  0.4157E-02  0.3167E-01  0.8222E-03  0.4767E-02  0.6308E-03  0.3328E-02
      2.661  0.8250E-03  0.1915E-01  0.1428E-01  0.2937E-01  0.2546E-01  0.8315E-01  0.3122E-02  0.3331E-02  0.2177E-03  0.1231E-02  0.4643E-02  0.2852E-01  0.4136E-02  0.3290E-01  0.8602E-03  0.5156E-02  0.6575E-03  0.3148E-02
      2.671  0.7359E-03  0.1914E-01  0.1825E-01  0.3276E-01  0.2949E-01  0.8217E-01  0.6485E-02  0.2516E-02  0.4190E-03  0.9575E-03  0.5082E-02  0.3131E-01  0.6080E-02  0.2913E-01  0.1716E-02  0.3694E-02  0.8575E-03  0.3457E-02
      2.681  0.1467E-02  0.1672E-01  0.4850E-01  0.2905E-01  0.8419E-01  0.7550E-01  0.8217E-02  0.2014E-02  0.5828E-03  0.7865E-03  0.1429E-01  0.2750E-01  0.1388E-01  0.2704E-01  0.1871E-02  0.2836E-02  0.2263E-02  0.3071E-02
      2.691  0.5403E-03  0.1474E-01  0.1978E-01  0.2574E-01  0.3460E-01  0.7185E-01  0.3933E-02  0.1976E-02  0.2606E-03  0.7704E-03  0.4671E-02  0.2408E-01  0.7802E-02  0.2753E-01  0.9494E-03  0.2740E-02  0.1029E-02  0.2776E-02
      2.701  0.4411E-03  0.1396E-01  0.1582E-01  0.2463E-01  0.3082E-01  0.7308E-01  0.3142E-02  0.1897E-02  0.1968E-03  0.7352E-03  0.3645E-02  0.2269E-01  0.6950E-02  0.2936E-01  0.7440E-03  0.2590E-02  0.8220E-03  0.2667E-02
      2.711  0.3374E-03  0.1388E-01  0.1092E-01  0.2576E-01  0.2232E-01  0.7482E-01  0.2109E-02  0.1786E-02  0.1203E-03  0.6923E-03  0.2575E-02  0.2352E-01  0.4755E-02  0.2990E-01  0.4787E-03  0.2406E-02  0.5441E-03  0.2792E-02
      2.721  0.2462E-03  0.1404E-01  0.5892E-02  0.2777E-01  0.1258E-01  0.7673E-01  0.1249E-02  0.1673E-02  0.5556E-04  0.6478E-03  0.1591E-02  0.2518E-01  0.2022E-02  0.2986E-01  0.2547E-03  0.2225E-02  0.2358E-03  0.2997E-02
      2.731  0.2477E-03  0.1415E-01  0.6179E-02  0.2961E-01  0.1338E-01  0.7832E-01  0.1419E-02  0.1550E-02  0.5890E-04  0.5940E-03  0.1664E-02  0.2669E-01  0.2028E-02  0.2946E-01  0.2766E-03  0.2031E-02  0.2358E-03  0.3160E-02
      2.741  0.2540E-03  0.9297E-02  0.6815E-02  0.1725E-01  0.1488E-01  0.5083E-01  0.1653E-02  0.9977E-03  0.6630E-04  0.3549E-03  0.1798E-02  0.1558E-01  0.2226E-02  0.1981E-01  0.3132E-03  0.1296E-02  0.2566E-03  0.1802E-02
      2.751  0.2596E-03  0.6458E-02  0.7451E-02  0.1038E-01  0.1635E-01  0.3408E-01  0.1891E-02  0.6603E-03  0.7378E-04  0.1852E-03  0.1930E-02  0.9324E-02  0.2421E-02  0.1243E-01  0.3499E-03  0.8299E-03  0.2773E-03  0.9378E-03
      2.761  0.2644E-03  0.6649E-02  0.8088E-02  0.1088E-01  0.1779E-01  0.3555E-01  0.2133E-02  0.7022E-03  0.8133E-04  0.1725E-03  0.2058E-02  0.9597E-02  0.2613E-02  0.1139E-01  0.3867E-03  0.8410E-03  0.2981E-03  0.8380E-03
      2.771  0.2685E-03  0.7485E-02  0.8727E-02  0.1279E-01  0.1920E-01  0.4185E-01  0.2379E-02  0.8637E-03  0.8897E-04  0.2045E-03  0.2183E-02  0.1110E-01  0.2801E-02  0.1308E-01  0.4237E-03  0.1010E-02  0.3188E-03  0.9577E-03
      2.781  0.2717E-03  0.8252E-02  0.9366E-02  0.1460E-01  0.2058E-01  0.4776E-01  0.2629E-02  0.1028E-02  0.9668E-04  0.2371E-03  0.2304E-02  0.1252E-01  0.2987E-02  0.1468E-01  0.4608E-03  0.1181E-02  0.3395E-03  0.1074E-02
      2.791  0.2742E-03  0.8949E-02  0.1001E-01  0.1633E-01  0.2193E-01  0.5328E-01  0.2882E-02  0.1196E-02  0.1045E-03  0.2703E-03  0.2423E-02  0.1386E-01  0.3170E-02  0.1618E-01  0.4981E-03  0.1354E-02  0.3602E-03  0.1187E-02
      2.801  0.2760E-03  0.9577E-02  0.1065E-01  0.1796E-01  0.2325E-01  0.5840E-01  0.3140E-02  0.1367E-02  0.1124E-03  0.3040E-03  0.2538E-02  0.1511E-01  0.3349E-02  0.1758E-01  0.5355E-03  0.1529E-02  0.3809E-03  0.1297E-02
      2.811  0.2770E-03  0.1014E-01  0.1129E-01  0.1951E-01  0.2455E-01  0.6313E-01  0.3401E-02  0.1541E-02  0.1203E-03  0.3383E-03  0.2651E-02  0.1627E-01  0.3525E-02  0.1888E-01  0.5731E-03  0.1706E-02  0.4015E-03  0.1403E-02
      2.821  0.2662E-03  0.9839E-02  0.1254E-01  0.2064E-01  0.2573E-01  0.6450E-01  0.3674E-02  0.1747E-02  0.1276E-03  0.3706E-03  0.2737E-02  0.1691E-01  0.3612E-02  0.1857E-01  0.6089E-03  0.1876E-02  0.4186E-03  0.1483E-02
      2.831  0.2404E-03  0.1045E-01  0.1381E-01  0.2414E-01  0.2681E-01  0.7040E-01  0.3932E-02  0.2686E-02  0.1336E-03  0.5725E-03  0.2758E-02  0.1921E-01  0.3728E-02  0.2078E-01  0.6378E-03  0.2888E-02  0.4314E-03  0.1859E-02
      2.841  0.2373E-03  0.1029E-01  0.1928E-01  0.2458E-01  0.3309E-01  0.7229E-01  0.6790E-02  0.2899E-02  0.2221E-03  0.6055E-03  0.3253E-02  0.1923E-01  0.5050E-02  0.2192E-01  0.1080E-02  0.3047E-02  0.6134E-03  0.1903E-02
      2.851  0.2360E-03  0.1025E-01  0.2362E-01  0.2513E-01  0.4412E-01  0.7665E-01  0.9474E-02  0.3004E-02  0.3091E-03  0.6262E-03  0.3933E-02  0.1934E-01  0.6656E-02  0.2383E-01  0.1363E-02  0.3085E-02  0.7482E-03  0.1925E-02
      2.861  0.2253E-03  0.1001E-01  0.2446E-01  0.2551E-01  0.4597E-01  0.7901E-01  0.9202E-02  0.3009E-02  0.2937E-03  0.6219E-03  0.4217E-02  0.1931E-01  0.6508E-02  0.2478E-01  0.1287E-02  0.3018E-02  0.7483E-03  0.1938E-02
      2.871  0.2322E-03  0.9341E-02  0.2863E-01  0.2504E-01  0.5084E-01  0.7690E-01  0.8744E-02  0.2892E-02  0.2690E-03  0.5815E-03  0.5299E-02  0.1862E-01  0.6232E-02  0.2386E-01  0.1183E-02  0.2837E-02  0.8385E-03  0.1871E-02
      2.881  0.1900E-03  0.9194E-02  0.2391E-01  0.2609E-01  0.4158E-01  0.7778E-01  0.7013E-02  0.2892E-02  0.2075E-03  0.5651E-03  0.4393E-02  0.1912E-01  0.4885E-02  0.2343E-01  0.9037E-03  0.2801E-02  0.6688E-03  0.1920E-02
      2.891  0.1579E-03  0.9879E-02  0.2009E-01  0.3226E-01  0.3435E-01  0.8509E-01  0.5826E-02  0.3369E-02  0.1634E-03  0.6272E-03  0.3611E-02  0.2308E-01  0.3946E-02  0.2341E-01  0.7229E-03  0.3276E-02  0.5390E-03  0.2350E-02
      2.901  0.1309E-03  0.7370E-02  0.1659E-01  0.2442E-01  0.2833E-01  0.6429E-01  0.4916E-02  0.2676E-02  0.1290E-03  0.4914E-03  0.2881E-02  0.1735E-01  0.3236E-02  0.1810E-01  0.5888E-03  0.2541E-02  0.4256E-03  0.1798E-02
      2.911  0.1099E-03  0.5188E-02  0.1350E-01  0.1656E-01  0.2369E-01  0.4670E-01  0.4422E-02  0.2002E-02  0.1122E-03  0.3668E-03  0.2213E-02  0.1173E-01  0.2792E-02  0.1413E-01  0.5076E-03  0.1822E-02  0.3314E-03  0.1227E-02
      2.921  0.9086E-04  0.4616E-02  0.1055E-01  0.1469E-01  0.1946E-01  0.4339E-01  0.3950E-02  0.1886E-02  0.9635E-04  0.3430E-03  0.1592E-02  0.1029E-01  0.2381E-02  0.1378E-01  0.4318E-03  0.1664E-02  0.2423E-03  0.1120E-02
      2.931  0.8223E-04  0.4088E-02  0.1004E-01  0.1291E-01  0.1810E-01  0.4049E-01  0.3768E-02  0.1776E-02  0.8713E-04  0.3199E-03  0.1440E-02  0.8914E-02  0.2209E-02  0.1349E-01  0.3937E-03  0.1517E-02  0.2218E-03  0.1012E-02
      2.941  0.7642E-04  0.3913E-02  0.1041E-01  0.1347E-01  0.1740E-01  0.4080E-01  0.3796E-02  0.1961E-02  0.8272E-04  0.3483E-03  0.1418E-02  0.9088E-02  0.2109E-02  0.1391E-01  0.3829E-03  0.1648E-02  0.2231E-03  0.1098E-02
      2.951  0.7257E-04  0.3818E-02  0.1187E-01  0.1466E-01  0.1970E-01  0.4240E-01  0.4300E-02  0.2201E-02  0.8870E-04  0.3850E-03  0.1618E-02  0.9638E-02  0.2334E-02  0.1462E-01  0.4222E-03  0.1817E-02  0.2507E-03  0.1223E-02
      2.961  0.7027E-04  0.3751E-02  0.1426E-01  0.1598E-01  0.2397E-01  0.4439E-01  0.5311E-02  0.2453E-02  0.1047E-03  0.4216E-03  0.1978E-02  0.1028E-01  0.2778E-02  0.1537E-01  0.5134E-03  0.1990E-02  0.3027E-03  0.1351E-02
      2.971  0.6866E-04  0.3717E-02  0.1692E-01  0.1749E-01  0.2822E-01  0.4685E-01  0.6608E-02  0.2756E-02  0.1227E-03  0.4588E-03  0.2352E-02  0.1102E-01  0.3226E-02  0.1618E-01  0.6163E-03  0.2168E-02  0.3607E-03  0.1481E-02
      2.981  0.6752E-04  0.3710E-02  0.1978E-01  0.1914E-01  0.3244E-01  0.4969E-01  0.8070E-02  0.3084E-02  0.1425E-03  0.4961E-03  0.2734E-02  0.1185E-01  0.3677E-02  0.1703E-01  0.7304E-03  0.2350E-02  0.4244E-03  0.1614E-02
      2.991  0.7473E-04  0.3726E-02  0.2121E-01  0.2003E-01  0.3189E-01  0.5487E-01  0.1045E-01  0.3656E-02  0.1427E-03  0.5346E-03  0.2570E-02  0.1220E-01  0.3655E-02  0.1876E-01  0.7810E-03  0.2610E-02  0.4246E-03  0.1656E-02
      3.001  0.8121E-04  0.3803E-02  0.2202E-01  0.2105E-01  0.3140E-01  0.6229E-01  0.1344E-01  0.4688E-02  0.1523E-03  0.5762E-03  0.2518E-02  0.1255E-01  0.3506E-02  0.2091E-01  0.8744E-03  0.3034E-02  0.4116E-03  0.1649E-02
      3.011  0.8569E-04  0.3489E-02  0.2286E-01  0.2118E-01  0.2873E-01  0.6004E-01  0.1493E-01  0.5053E-02  0.1456E-03  0.5862E-03  0.2469E-02  0.1224E-01  0.3117E-02  0.1956E-01  0.8530E-03  0.3028E-02  0.4035E-03  0.1575E-02
      3.021  0.8245E-04  0.2957E-02  0.2179E-01  0.1959E-01  0.2568E-01  0.5176E-01  0.1566E-01  0.4937E-02  0.1362E-03  0.5417E-03  0.2267E-02  0.1098E-01  0.2722E-02  0.1670E-01  0.8080E-03  0.2807E-02  0.3702E-03  0.1427E-02
      3.031  0.8086E-04  0.2443E-02  0.1993E-01  0.1808E-01  0.2093E-01  0.4382E-01  0.1633E-01  0.4791E-02  0.1092E-03  0.4937E-03  0.1928E-02  0.9766E-02  0.2203E-02  0.1400E-01  0.6679E-03  0.2566E-02  0.3162E-03  0.1288E-02
      3.041  0.8100E-04  0.1920E-02  0.1957E-01  0.1654E-01  0.1980E-01  0.3557E-01  0.1664E-01  0.4475E-02  0.1032E-03  0.4086E-03  0.1844E-02  0.8418E-02  0.2069E-02  0.1148E-01  0.6365E-03  0.2122E-02  0.3023E-03  0.1136E-02
      3.051  0.8097E-04  0.1830E-02  0.1929E-01  0.1623E-01  0.1890E-01  0.3416E-01  0.1692E-01  0.4459E-02  0.9907E-04  0.3936E-03  0.1775E-02  0.8153E-02  0.1958E-02  0.1094E-01  0.6144E-03  0.2048E-02  0.2910E-03  0.1097E-02
      3.061  0.8083E-04  0.1742E-02  0.1899E-01  0.1591E-01  0.1801E-01  0.3276E-01  0.1718E-01  0.4438E-02  0.9485E-04  0.3783E-03  0.1706E-02  0.7891E-02  0.1849E-02  0.1042E-01  0.5917E-03  0.1973E-02  0.2796E-03  0.1058E-02
      3.071  0.8059E-04  0.1655E-02  0.1869E-01  0.1560E-01  0.1713E-01  0.3138E-01  0.1742E-01  0.4413E-02  0.9059E-04  0.3628E-03  0.1637E-02  0.7631E-02  0.1741E-02  0.9896E-02  0.5684E-03  0.1896E-02  0.2682E-03  0.1020E-02
      3.081  0.8025E-04  0.1570E-02  0.1837E-01  0.1529E-01  0.1627E-01  0.3002E-01  0.1765E-01  0.4382E-02  0.8628E-04  0.3472E-03  0.1568E-02  0.7375E-02  0.1635E-02  0.9381E-02  0.5444E-03  0.1818E-02  0.2568E-03  0.9815E-03
      3.091  0.7981E-04  0.1487E-02  0.1804E-01  0.1498E-01  0.1540E-01  0.2867E-01  0.1786E-01  0.4347E-02  0.8192E-04  0.3313E-03  0.1498E-02  0.7120E-02  0.1529E-02  0.8872E-02  0.5198E-03  0.1738E-02  0.2453E-03  0.9435E-03
      3.102  0.7927E-04  0.1405E-02  0.1769E-01  0.1466E-01  0.1455E-01  0.2734E-01  0.1805E-01  0.4308E-02  0.7750E-04  0.3152E-03  0.1429E-02  0.6869E-02  0.1426E-02  0.8368E-02  0.4947E-03  0.1656E-02  0.2338E-03  0.9058E-03
      3.112  0.7863E-04  0.1325E-02  0.1734E-01  0.1435E-01  0.1371E-01  0.2602E-01  0.1823E-01  0.4264E-02  0.7304E-04  0.2990E-03  0.1360E-02  0.6620E-02  0.1324E-02  0.7869E-02  0.4688E-03  0.1574E-02  0.2223E-03  0.8685E-03
      3.122  0.7789E-04  0.1247E-02  0.1697E-01  0.1404E-01  0.1287E-01  0.2472E-01  0.1838E-01  0.4215E-02  0.6852E-04  0.2825E-03  0.1290E-02  0.6374E-02  0.1223E-02  0.7377E-02  0.4424E-03  0.1489E-02  0.2107E-03  0.8314E-03
      3.132  0.7705E-04  0.1170E-02  0.1659E-01  0.1374E-01  0.1205E-01  0.2344E-01  0.1852E-01  0.4161E-02  0.6396E-04  0.2659E-03  0.1220E-02  0.6131E-02  0.1123E-02  0.6890E-02  0.4154E-03  0.1404E-02  0.1991E-03  0.7946E-03
      3.142  0.7611E-04  0.1095E-02  0.1619E-01  0.1343E-01  0.1123E-01  0.2218E-01  0.1865E-01  0.4103E-02  0.5934E-04  0.2490E-03  0.1150E-02  0.5890E-02  0.1025E-02  0.6408E-02  0.3877E-03  0.1316E-02  0.1875E-03  0.7582E-03
      3.152  0.7507E-04  0.1021E-02  0.1578E-01  0.1312E-01  0.1042E-01  0.2093E-01  0.1876E-01  0.4040E-02  0.5468E-04  0.2319E-03  0.1080E-02  0.5652E-02  0.9283E-03  0.5932E-02  0.3594E-03  0.1227E-02  0.1759E-03  0.7220E-03
      3.162  0.7393E-04  0.9498E-03  0.1536E-01  0.1282E-01  0.9623E-02  0.1970E-01  0.1885E-01  0.3972E-02  0.4996E-04  0.2147E-03  0.1010E-02  0.5416E-02  0.8330E-03  0.5462E-02  0.3305E-03  0.1137E-02  0.1642E-03  0.6861E-03
      3.172  0.7304E-04  0.8827E-03  0.1497E-01  0.1253E-01  0.8921E-02  0.1852E-01  0.1895E-01  0.3902E-02  0.4584E-04  0.1977E-03  0.9448E-03  0.5194E-02  0.7488E-03  0.5010E-02  0.3030E-03  0.1048E-02  0.1533E-03  0.6520E-03
      3.182  0.7261E-04  0.8332E-03  0.1464E-01  0.1234E-01  0.8375E-02  0.1753E-01  0.1911E-01  0.3842E-02  0.4272E-04  0.1833E-03  0.8867E-03  0.5027E-02  0.6820E-03  0.4630E-02  0.2782E-03  0.9688E-03  0.1435E-03  0.6260E-03
      3.192  0.7209E-04  0.7848E-03  0.1429E-01  0.1214E-01  0.7838E-02  0.1656E-01  0.1924E-01  0.3777E-02  0.3957E-04  0.1686E-03  0.8281E-03  0.4862E-02  0.6167E-03  0.4255E-02  0.2527E-03  0.8883E-03  0.1337E-03  0.6002E-03
      3.202  0.7271E-04  0.7368E-03  0.1422E-01  0.1203E-01  0.7525E-02  0.1562E-01  0.1963E-01  0.3718E-02  0.3771E-04  0.1545E-03  0.7971E-03  0.4724E-02  0.5732E-03  0.3889E-02  0.2393E-03  0.8102E-03  0.1284E-03  0.5787E-03
      3.212  0.7611E-04  0.7117E-03  0.1465E-01  0.1242E-01  0.7374E-02  0.1538E-01  0.2029E-01  0.3831E-02  0.3684E-04  0.1538E-03  0.7967E-03  0.4781E-02  0.5428E-03  0.3728E-02  0.2354E-03  0.8034E-03  0.1277E-03  0.5844E-03
      3.222  0.8297E-04  0.7014E-03  0.1554E-01  0.1354E-01  0.7332E-02  0.1588E-01  0.2118E-01  0.4064E-02  0.3648E-04  0.1616E-03  0.8153E-03  0.5087E-02  0.5148E-03  0.3705E-02  0.2350E-03  0.8329E-03  0.1294E-03  0.6227E-03
      3.232  0.9252E-04  0.7095E-03  0.1658E-01  0.1577E-01  0.7311E-02  0.1739E-01  0.2237E-01  0.4446E-02  0.3657E-04  0.1794E-03  0.8392E-03  0.5752E-02  0.4857E-03  0.3847E-02  0.2369E-03  0.9012E-03  0.1316E-03  0.7083E-03
      3.242  0.1140E-03  0.7148E-03  0.1978E-01  0.1798E-01  0.8625E-02  0.1880E-01  0.2538E-01  0.4846E-02  0.4136E-04  0.1978E-03  0.9550E-03  0.6395E-02  0.5035E-03  0.3996E-02  0.2724E-03  0.9733E-03  0.1446E-03  0.7936E-03
      3.252  0.1414E-03  0.7178E-03  0.2429E-01  0.2019E-01  0.1053E-01  0.2016E-01  0.2939E-01  0.5354E-02  0.4841E-04  0.2179E-03  0.1114E-02  0.7017E-02  0.5447E-03  0.4163E-02  0.3236E-03  0.1058E-02  0.1636E-03  0.8790E-03
      3.262  0.1694E-03  0.7193E-03  0.2912E-01  0.2244E-01  0.1240E-01  0.2159E-01  0.3414E-01  0.6235E-02  0.5562E-04  0.2433E-03  0.1271E-02  0.7625E-02  0.5872E-03  0.4370E-02  0.3748E-03  0.1179E-02  0.1834E-03  0.9652E-03
      3.272  0.1992E-03  0.7181E-03  0.3450E-01  0.2466E-01  0.1434E-01  0.2292E-01  0.4216E-01  0.7145E-02  0.6386E-04  0.2691E-03  0.1430E-02  0.8211E-02  0.6375E-03  0.4584E-02  0.4301E-03  0.1305E-02  0.2050E-03  0.1051E-02
      3.282  0.2279E-03  0.7141E-03  0.3957E-01  0.2687E-01  0.1604E-01  0.2417E-01  0.5030E-01  0.8084E-02  0.7108E-04  0.2953E-03  0.1567E-02  0.8774E-02  0.6834E-03  0.4806E-02  0.4764E-03  0.1435E-02  0.2242E-03  0.1137E-02
      3.292  0.2480E-03  0.7042E-03  0.4076E-01  0.2882E-01  0.1645E-01  0.2519E-01  0.5763E-01  0.9001E-02  0.7228E-04  0.3197E-03  0.1571E-02  0.9243E-02  0.6713E-03  0.4996E-02  0.4725E-03  0.1555E-02  0.2223E-03  0.1211E-02
      3.302  0.2694E-03  0.6559E-03  0.4210E-01  0.2807E-01  0.1684E-01  0.2474E-01  0.6529E-01  0.9657E-02  0.7323E-04  0.3171E-03  0.1580E-02  0.8889E-02  0.6604E-03  0.4724E-02  0.4692E-03  0.1525E-02  0.2211E-03  0.1151E-02
      3.312  0.2935E-03  0.6086E-03  0.4402E-01  0.2753E-01  0.1739E-01  0.2433E-01  0.7349E-01  0.1047E-01  0.7406E-04  0.3134E-03  0.1588E-02  0.8592E-02  0.6495E-03  0.4464E-02  0.4674E-03  0.1504E-02  0.2209E-03  0.1098E-02
      3.322  0.2946E-03  0.5409E-03  0.4373E-01  0.2584E-01  0.1615E-01  0.2264E-01  0.8178E-01  0.1179E-01  0.6808E-04  0.2990E-03  0.1456E-02  0.7893E-02  0.5611E-03  0.4007E-02  0.4365E-03  0.1523E-02  0.2042E-03  0.9915E-03
      3.332  0.3180E-03  0.4073E-03  0.4674E-01  0.2204E-01  0.1613E-01  0.1815E-01  0.9530E-01  0.1346E-01  0.6541E-04  0.2699E-03  0.1406E-02  0.6261E-02  0.5059E-03  0.3188E-02  0.4451E-03  0.1577E-02  0.2022E-03  0.7934E-03
      3.342  0.4588E-03  0.3483E-03  0.6132E-01  0.2390E-01  0.1708E-01  0.1773E-01  0.1164E+00  0.1546E-01  0.7136E-04  0.2912E-03  0.1725E-02  0.6335E-02  0.4517E-03  0.3103E-02  0.5329E-03  0.1835E-02  0.2463E-03  0.8470E-03
      3.352  0.4514E-03  0.3611E-03  0.5749E-01  0.3971E-01  0.1819E-01  0.2446E-01  0.1290E+00  0.1931E-01  0.7455E-04  0.4197E-03  0.1519E-02  0.1046E-01  0.4641E-03  0.3628E-02  0.5274E-03  0.2504E-02  0.2193E-03  0.1350E-02
      3.362  0.4541E-03  0.3736E-03  0.5446E-01  0.3734E-01  0.1975E-01  0.2594E-01  0.1431E+00  0.2107E-01  0.7899E-04  0.4829E-03  0.1331E-02  0.9599E-02  0.4889E-03  0.4068E-02  0.5299E-03  0.2611E-02  0.1940E-03  0.1253E-02
      3.372  0.4541E-03  0.5343E-03  0.5187E-01  0.3657E-01  0.2122E-01  0.4253E-01  0.1566E+00  0.2536E-01  0.8138E-04  0.8375E-03  0.1151E-02  0.8711E-02  0.5029E-03  0.7031E-02  0.5245E-03  0.3104E-02  0.1698E-03  0.1044E-02
      3.382  0.4514E-03  0.2735E-03  0.4974E-01  0.1085E-01  0.2261E-01  0.1097E-01  0.1696E+00  0.1825E-01  0.8171E-04  0.1730E-03  0.9776E-03  0.2037E-02  0.5061E-03  0.2245E-02  0.5110E-03  0.1310E-02  0.1465E-03  0.2860E-03
      3.392  0.1856E-03  0.2742E-03  0.3358E-01  0.1118E-01  0.1572E-01  0.1126E-01  0.1545E+00  0.1973E-01  0.3499E-04  0.1800E-03  0.3951E-03  0.2017E-02  0.2593E-03  0.2276E-02  0.2514E-03  0.1389E-02  0.7530E-04  0.2845E-03
      3.402  0.1646E-03  0.2751E-03  0.3342E-01  0.1150E-01  0.1564E-01  0.1155E-01  0.1656E+00  0.2124E-01  0.3057E-04  0.1869E-03  0.3306E-03  0.1997E-02  0.2364E-03  0.2307E-02  0.2372E-03  0.1469E-02  0.6907E-04  0.2829E-03
      3.412  0.1749E-03  0.2763E-03  0.3541E-01  0.1183E-01  0.1671E-01  0.1184E-01  0.1801E+00  0.2278E-01  0.3091E-04  0.1938E-03  0.3218E-03  0.1977E-02  0.2360E-03  0.2338E-02  0.2484E-03  0.1549E-02  0.6956E-04  0.2813E-03
      3.422  0.2666E-03  0.2777E-03  0.4468E-01  0.1217E-01  0.2007E-01  0.1214E-01  0.4750E+00  0.2435E-01  0.3470E-04  0.2005E-03  0.5919E-03  0.1957E-02  0.2881E-03  0.2367E-02  0.5631E-03  0.1630E-02  0.1364E-03  0.2797E-03
      3.432  0.4080E-03  0.2793E-03  0.7600E-01  0.1250E-01  0.3387E-01  0.1244E-01  0.6506E+00  0.2594E-01  0.3858E-04  0.2073E-03  0.4332E-03  0.1936E-02  0.3139E-03  0.2397E-02  0.4651E-03  0.1711E-02  0.1239E-03  0.2780E-03
      3.442  0.6291E-03  0.2937E-03  0.8551E-01  0.1299E-01  0.4176E-01  0.1295E-01  0.5894E+00  0.2814E-01  0.3641E-04  0.2164E-03  0.4152E-03  0.1922E-02  0.3632E-03  0.2454E-02  0.4752E-03  0.1818E-02  0.9736E-04  0.2768E-03
      3.452  0.7982E-03  0.3138E-03  0.9789E-01  0.1355E-01  0.4956E-01  0.1354E-01  0.6096E+00  0.3062E-01  0.3915E-04  0.2265E-03  0.4425E-03  0.1911E-02  0.4178E-03  0.2520E-02  0.5037E-03  0.1935E-02  0.9356E-04  0.2758E-03
      3.462  0.9553E-03  0.3350E-03  0.1164E+00  0.1413E-01  0.5939E-01  0.1412E-01  0.7058E+00  0.3317E-01  0.4551E-04  0.2366E-03  0.4778E-03  0.1899E-02  0.4789E-03  0.2585E-02  0.5571E-03  0.2054E-02  0.1005E-03  0.2747E-03
      3.472  0.1102E-02  0.3579E-03  0.1661E+00  0.1474E-01  0.8587E-01  0.1473E-01  0.9639E+00  0.3583E-01  0.6018E-04  0.2468E-03  0.4847E-03  0.1889E-02  0.5403E-03  0.2650E-02  0.6694E-03  0.2179E-02  0.1162E-03  0.2737E-03
      3.482  0.6489E-03  0.3869E-03  0.1829E+00  0.1566E-01  0.9266E-01  0.1559E-01  0.7526E+00  0.3901E-01  0.5147E-04  0.2593E-03  0.3423E-03  0.1891E-02  0.3684E-03  0.2733E-02  0.5106E-03  0.2335E-02  0.1355E-03  0.2735E-03
      3.492  0.4375E-03  0.4172E-03  0.1708E+00  0.1660E-01  0.8591E-01  0.1644E-01  0.3236E+00  0.4227E-01  0.3058E-04  0.2717E-03  0.2384E-03  0.1892E-02  0.2387E-03  0.2815E-02  0.2058E-03  0.2494E-02  0.1520E-03  0.2732E-03
      3.502  0.5160E-03  0.4699E-03  0.1834E+00  0.1807E-01  0.9200E-01  0.1754E-01  0.2355E+00  0.4662E-01  0.3049E-04  0.2879E-03  0.2513E-03  0.1911E-02  0.2726E-03  0.2940E-02  0.1577E-03  0.2696E-02  0.1761E-03  0.2766E-03
      3.512  0.6307E-03  0.5364E-03  0.2119E+00  0.1983E-01  0.1054E+00  0.1875E-01  0.1745E+00  0.5164E-01  0.3233E-04  0.3059E-03  0.2708E-03  0.1936E-02  0.3250E-03  0.3084E-02  0.1254E-03  0.2925E-02  0.2077E-03  0.2814E-03
      3.522  0.8269E-03  0.6091E-03  0.2694E+00  0.2163E-01  0.1323E+00  0.1998E-01  0.1434E+00  0.5704E-01  0.3791E-04  0.3249E-03  0.2945E-03  0.1961E-02  0.3924E-03  0.3224E-02  0.1104E-03  0.3172E-02  0.2518E-03  0.2857E-03
      3.532  0.8524E-03  0.8820E-03  0.2574E+00  0.2615E-01  0.1234E+00  0.2297E-01  0.9516E-01  0.7484E-01  0.3730E-04  0.3957E-03  0.2772E-03  0.2070E-02  0.4386E-03  0.3574E-02  0.9334E-04  0.4132E-02  0.2395E-03  0.2955E-03
      3.542  0.9070E-03  0.1164E-02  0.2515E+00  0.3315E-01  0.1251E+00  0.2896E-01  0.7645E-01  0.1183E+00  0.4907E-04  0.5312E-03  0.2916E-03  0.2428E-02  0.5265E-03  0.4169E-02  0.1056E-03  0.6274E-02  0.2601E-03  0.3523E-03
      3.552  0.8469E-03  0.1524E-02  0.2093E+00  0.4304E-01  0.1073E+00  0.3788E-01  0.6668E-01  0.1926E+00  0.5099E-04  0.7320E-03  0.2991E-03  0.3114E-02  0.5589E-03  0.5233E-02  0.1115E-03  0.9446E-02  0.2645E-03  0.4765E-03
      3.562  0.7930E-03  0.2078E-02  0.1661E+00  0.5326E-01  0.8862E-01  0.4660E-01  0.5765E-01  0.2809E+00  0.5280E-04  0.9198E-03  0.3075E-03  0.3721E-02  0.5904E-03  0.6221E-02  0.1177E-03  0.1277E-01  0.2679E-03  0.5935E-03
      3.572  0.7759E-03  0.2589E-02  0.1289E+00  0.5941E-01  0.6872E-01  0.4932E-01  0.5140E-01  0.3109E+00  0.5521E-04  0.9080E-03  0.3051E-03  0.3775E-02  0.6267E-03  0.6433E-02  0.1238E-03  0.1331E-01  0.2629E-03  0.6159E-03
      3.582  0.1086E-02  0.2871E-02  0.1754E+00  0.6370E-01  0.7320E-01  0.5066E-01  0.4796E-01  0.3075E+00  0.8724E-04  0.8643E-03  0.3587E-03  0.3688E-02  0.1151E-02  0.6448E-02  0.2293E-03  0.1278E-01  0.3917E-03  0.6060E-03
      3.592  0.1118E-02  0.3059E-02  0.1387E+00  0.6655E-01  0.5665E-01  0.5129E-01  0.4490E-01  0.2929E+00  0.7897E-04  0.8115E-03  0.3649E-03  0.3510E-02  0.1158E-02  0.6319E-02  0.2005E-03  0.1194E-01  0.3753E-03  0.5734E-03
      3.602  0.1255E-02  0.3079E-02  0.1106E+00  0.6582E-01  0.4762E-01  0.5053E-01  0.4569E-01  0.2686E+00  0.7469E-04  0.7339E-03  0.3878E-03  0.3162E-02  0.1146E-02  0.5852E-02  0.1840E-03  0.1077E-01  0.3615E-03  0.5038E-03
      3.612  0.1384E-02  0.3199E-02  0.1059E+00  0.7044E-01  0.4573E-01  0.5271E-01  0.4721E-01  0.2525E+00  0.7600E-04  0.6654E-03  0.4064E-03  0.2773E-02  0.1213E-02  0.5430E-02  0.1879E-03  0.9820E-02  0.3755E-03  0.4166E-03
      3.622  0.1478E-02  0.2815E-02  0.1014E+00  0.6850E-01  0.4427E-01  0.5101E-01  0.4880E-01  0.2128E+00  0.7795E-04  0.5216E-03  0.4202E-03  0.2232E-02  0.1250E-02  0.4566E-02  0.1912E-03  0.7887E-02  0.3855E-03  0.3139E-03
      3.632  0.1577E-02  0.2419E-02  0.9705E-01  0.6788E-01  0.4285E-01  0.4972E-01  0.5017E-01  0.1869E+00  0.7984E-04  0.3960E-03  0.4344E-03  0.1754E-02  0.1287E-02  0.3702E-02  0.1949E-03  0.6422E-02  0.3955E-03  0.2344E-03
      3.642  0.1688E-02  0.2505E-02  0.9330E-01  0.8277E-01  0.4171E-01  0.5972E-01  0.5133E-01  0.1972E+00  0.8196E-04  0.3514E-03  0.4529E-03  0.1614E-02  0.1333E-02  0.3591E-02  0.1998E-03  0.6227E-02  0.4092E-03  0.2040E-03
      3.652  0.2118E-02  0.3390E-02  0.8603E-01  0.1045E+00  0.3843E-01  0.7602E-01  0.4290E-01  0.2917E+00  0.7729E-04  0.5382E-03  0.4521E-03  0.1565E-02  0.1335E-02  0.4061E-02  0.2000E-03  0.9199E-02  0.4055E-03  0.1978E-03
      3.662  0.2624E-02  0.3831E-02  0.8005E-01  0.1146E+00  0.3611E-01  0.8179E-01  0.3827E-01  0.3323E+00  0.7578E-04  0.6298E-03  0.4629E-03  0.1550E-02  0.1348E-02  0.4105E-02  0.2054E-03  0.1056E-01  0.4066E-03  0.1941E-03
      3.672  0.3246E-02  0.4235E-02  0.7384E-01  0.1240E+00  0.3342E-01  0.8642E-01  0.3484E-01  0.3695E+00  0.7484E-04  0.7186E-03  0.4687E-03  0.1539E-02  0.1353E-02  0.4097E-02  0.2092E-03  0.1184E-01  0.4043E-03  0.1916E-03
      3.682  0.3863E-02  0.3720E-02  0.6892E-01  0.1158E+00  0.3165E-01  0.7310E-01  0.3118E-01  0.2476E+00  0.7372E-04  0.4524E-03  0.4779E-03  0.1403E-02  0.1359E-02  0.3155E-02  0.2114E-03  0.7551E-02  0.4048E-03  0.1670E-03
      3.692  0.4476E-02  0.3349E-02  0.6508E-01  0.1043E+00  0.3063E-01  0.6014E-01  0.2733E-01  0.1803E+00  0.7254E-04  0.2973E-03  0.4901E-03  0.1168E-02  0.1365E-02  0.2246E-02  0.2129E-03  0.5134E-02  0.4078E-03  0.1460E-03
      3.702  0.5099E-02  0.2969E-02  0.6131E-01  0.9194E-01  0.2963E-01  0.4671E-01  0.2434E-01  0.1264E+00  0.7178E-04  0.1905E-03  0.5018E-03  0.9439E-03  0.1369E-02  0.1493E-02  0.2145E-03  0.3312E-02  0.4101E-03  0.1244E-03
      3.712  0.5709E-02  0.3001E-02  0.5778E-01  0.8387E-01  0.2871E-01  0.3920E-01  0.2353E-01  0.1036E+00  0.7219E-04  0.1461E-03  0.5148E-03  0.7374E-03  0.1376E-02  0.9927E-03  0.2164E-03  0.2514E-02  0.4134E-03  0.1137E-03
      3.722  0.6866E-02  0.3369E-02  0.5487E-01  0.8794E-01  0.2799E-01  0.4022E-01  0.2487E-01  0.9737E-01  0.7523E-04  0.1431E-03  0.5431E-03  0.7509E-03  0.1443E-02  0.9990E-03  0.2212E-03  0.2356E-02  0.4308E-03  0.1249E-03
      3.732  0.7683E-02  0.3766E-02  0.5241E-01  0.9248E-01  0.2738E-01  0.4199E-01  0.2569E-01  0.9057E-01  0.7619E-04  0.1427E-03  0.5506E-03  0.7900E-03  0.1449E-02  0.1060E-02  0.2234E-03  0.2210E-02  0.4315E-03  0.1385E-03
      3.742  0.8077E-02  0.4357E-02  0.5079E-01  0.9338E-01  0.2699E-01  0.4350E-01  0.2580E-01  0.8404E-01  0.7469E-04  0.1469E-03  0.5412E-03  0.8464E-03  0.1409E-02  0.1165E-02  0.2212E-03  0.2061E-02  0.4191E-03  0.1577E-03
      3.752  0.8447E-02  0.5061E-02  0.4920E-01  0.9123E-01  0.2663E-01  0.4441E-01  0.2585E-01  0.8503E-01  0.7324E-04  0.1506E-03  0.5323E-03  0.8592E-03  0.1371E-02  0.1274E-02  0.2193E-03  0.2023E-02  0.4072E-03  0.1830E-03
      3.762  0.8794E-02  0.6221E-02  0.4764E-01  0.9327E-01  0.2630E-01  0.4681E-01  0.2583E-01  0.8717E-01  0.7182E-04  0.1647E-03  0.5237E-03  0.9481E-03  0.1334E-02  0.1433E-02  0.2176E-03  0.2030E-02  0.3958E-03  0.2175E-03
      3.772  0.9118E-02  0.8045E-02  0.4613E-01  0.9960E-01  0.2599E-01  0.5088E-01  0.2574E-01  0.9089E-01  0.7045E-04  0.1941E-03  0.5156E-03  0.1084E-02  0.1300E-02  0.1673E-02  0.2160E-03  0.2116E-02  0.3850E-03  0.2729E-03
      3.782  0.9417E-02  0.1015E-01  0.4466E-01  0.1072E+00  0.2572E-01  0.5556E-01  0.2558E-01  0.9475E-01  0.6913E-04  0.2317E-03  0.5079E-03  0.1229E-02  0.1267E-02  0.1951E-02  0.2147E-03  0.2235E-02  0.3747E-03  0.3407E-03
      3.792  0.9359E-02  0.1192E-01  0.4281E-01  0.1092E+00  0.2524E-01  0.5800E-01  0.2448E-01  0.9610E-01  0.6634E-04  0.2572E-03  0.4901E-03  0.1325E-02  0.1215E-02  0.2197E-02  0.2100E-03  0.2268E-02  0.3586E-03  0.4024E-03
      3.802  0.6758E-02  0.1054E-01  0.3798E-01  0.9489E-01  0.2289E-01  0.5375E-01  0.1670E-01  0.8042E-01  0.5126E-04  0.2240E-03  0.4030E-03  0.1171E-02  0.1019E-02  0.1971E-02  0.1790E-03  0.1872E-02  0.2991E-03  0.3740E-03
      3.812  0.5057E-02  0.8821E-02  0.3475E-01  0.8038E-01  0.2100E-01  0.4926E-01  0.9446E-02  0.6419E-01  0.3814E-04  0.1848E-03  0.3599E-03  0.9822E-03  0.9524E-03  0.1713E-02  0.1452E-03  0.1470E-02  0.2746E-03  0.3355E-03
      3.822  0.4779E-02  0.7057E-02  0.3434E-01  0.6689E-01  0.2089E-01  0.4503E-01  0.7364E-02  0.4784E-01  0.3521E-04  0.1426E-03  0.3552E-03  0.7840E-03  0.9613E-03  0.1473E-02  0.1376E-03  0.1066E-02  0.2743E-03  0.2980E-03
      3.832  0.5084E-02  0.3977E-02  0.3534E-01  0.4905E-01  0.2167E-01  0.3739E-01  0.7575E-02  0.1839E-01  0.3714E-04  0.6337E-04  0.3698E-03  0.4592E-03  0.1006E-02  0.1062E-02  0.1452E-03  0.3660E-03  0.2844E-03  0.2404E-03
      3.842  0.5393E-02  0.4273E-02  0.3631E-01  0.5011E-01  0.2245E-01  0.3924E-01  0.7789E-02  0.1901E-01  0.3918E-04  0.6776E-04  0.3844E-03  0.4944E-03  0.1052E-02  0.1151E-02  0.1532E-03  0.3742E-03  0.2945E-03  0.2635E-03
      3.852  0.5701E-02  0.4566E-02  0.3721E-01  0.5103E-01  0.2322E-01  0.4106E-01  0.8006E-02  0.1962E-01  0.4126E-04  0.7222E-04  0.3987E-03  0.5305E-03  0.1097E-02  0.1241E-02  0.1614E-03  0.3822E-03  0.3042E-03  0.2869E-03
      3.862  0.6608E-02  0.4815E-02  0.3814E-01  0.5105E-01  0.2427E-01  0.4100E-01  0.9780E-02  0.2006E-01  0.4677E-04  0.7591E-04  0.4112E-03  0.5485E-03  0.1156E-02  0.1294E-02  0.1761E-03  0.3880E-03  0.3150E-03  0.3067E-03
      3.872  0.7626E-02  0.4992E-02  0.3913E-01  0.4986E-01  0.2516E-01  0.3811E-01  0.1189E-01  0.2021E-01  0.5269E-04  0.7836E-04  0.4233E-03  0.5370E-03  0.1223E-02  0.1286E-02  0.1910E-03  0.3905E-03  0.3268E-03  0.3210E-03
      3.882  0.8645E-02  0.5016E-02  0.4017E-01  0.4808E-01  0.2588E-01  0.3456E-01  0.1403E-01  0.1979E-01  0.5836E-04  0.7986E-04  0.4359E-03  0.5198E-03  0.1297E-02  0.1185E-02  0.2051E-03  0.3832E-03  0.3396E-03  0.3299E-03
      3.892  0.1315E-01  0.5058E-02  0.5016E-01  0.4667E-01  0.3331E-01  0.3196E-01  0.2115E-01  0.1962E-01  0.7263E-04  0.8207E-04  0.4925E-03  0.5231E-03  0.1680E-02  0.1072E-02  0.2855E-03  0.3793E-03  0.3926E-03  0.3408E-03
      3.902  0.1575E-01  0.6266E-02  0.5531E-01  0.5054E-01  0.3715E-01  0.3843E-01  0.2415E-01  0.2558E-01  0.7981E-04  0.9626E-04  0.5201E-03  0.6949E-03  0.1859E-02  0.1226E-02  0.3191E-03  0.4710E-03  0.4186E-03  0.3939E-03
      3.912  0.2022E-01  0.8862E-02  0.6940E-01  0.6002E-01  0.4228E-01  0.4918E-01  0.2344E-01  0.3828E-01  0.9076E-04  0.1245E-03  0.6406E-03  0.9664E-03  0.2385E-02  0.1675E-02  0.3757E-03  0.6692E-03  0.5203E-03  0.4986E-03
      3.922  0.1585E-01  0.9938E-02  0.5703E-01  0.6152E-01  0.3266E-01  0.5075E-01  0.1726E-01  0.4222E-01  0.7786E-04  0.1362E-03  0.5503E-03  0.1068E-02  0.1937E-02  0.1864E-02  0.2894E-03  0.7122E-03  0.4450E-03  0.5528E-03
      3.932  0.3318E-02  0.1059E-01  0.2202E-01  0.6207E-01  0.1262E-01  0.5041E-01  0.5600E-02  0.4397E-01  0.4562E-04  0.1446E-03  0.2933E-03  0.1137E-02  0.8111E-03  0.1983E-02  0.1132E-03  0.7138E-03  0.2323E-03  0.6016E-03
      3.942  0.2151E-02  0.1115E-01  0.1774E-01  0.6375E-01  0.1016E-01  0.5002E-01  0.2920E-02  0.4539E-01  0.4354E-04  0.1544E-03  0.2760E-03  0.1217E-02  0.7056E-03  0.2088E-02  0.1085E-03  0.7092E-03  0.2080E-03  0.6577E-03
      3.952  0.2091E-02  0.8505E-02  0.1435E-01  0.5457E-01  0.9095E-02  0.3920E-01  0.1973E-02  0.3021E-01  0.5622E-04  0.1637E-03  0.3171E-03  0.1118E-02  0.7052E-03  0.1546E-02  0.1275E-03  0.5508E-03  0.2176E-03  0.5764E-03
      3.962  0.3506E-02  0.5385E-02  0.1542E-01  0.2743E-01  0.1268E-01  0.2401E-01  0.4357E-02  0.1303E-01  0.1045E-03  0.2044E-03  0.5300E-03  0.8118E-03  0.1046E-02  0.1090E-02  0.2209E-03  0.3876E-03  0.3341E-03  0.5296E-03
      3.972  0.7268E-02  0.4676E-02  0.1729E-01  0.2115E-01  0.1773E-01  0.1999E-01  0.9447E-02  0.7508E-02  0.2075E-03  0.2206E-03  0.9458E-03  0.7108E-03  0.1847E-02  0.9102E-03  0.4234E-03  0.3117E-03  0.5975E-03  0.5018E-03
      3.982  0.1084E-01  0.5830E-02  0.2508E-01  0.2619E-01  0.2152E-01  0.2276E-01  0.1629E-01  0.9874E-02  0.2701E-03  0.2512E-03  0.1125E-02  0.7652E-03  0.2290E-02  0.9445E-03  0.5340E-03  0.3550E-03  0.7096E-03  0.5357E-03
      3.992  0.1193E-01  0.7059E-02  0.3078E-01  0.3134E-01  0.2117E-01  0.2547E-01  0.1862E-01  0.1238E-01  0.2652E-03  0.2820E-03  0.1086E-02  0.8145E-03  0.2441E-02  0.9715E-03  0.5426E-03  0.3997E-03  0.6981E-03  0.5653E-03
      4.002  0.1303E-01  0.8362E-02  0.3604E-01  0.3660E-01  0.2013E-01  0.2814E-01  0.1988E-01  0.1502E-01  0.2461E-03  0.3129E-03  0.9959E-03  0.8586E-03  0.2522E-02  0.9912E-03  0.5288E-03  0.4458E-03  0.6595E-03  0.5908E-03
      4.012  0.1210E-01  0.9557E-02  0.3164E-01  0.4306E-01  0.1736E-01  0.3141E-01  0.1832E-01  0.1761E-01  0.2020E-03  0.3472E-03  0.8313E-03  0.9168E-03  0.2336E-02  0.1052E-02  0.4629E-03  0.4972E-03  0.5473E-03  0.6260E-03
      4.022  0.1087E-01  0.1061E-01  0.2993E-01  0.4964E-01  0.1625E-01  0.3445E-01  0.1647E-01  0.1978E-01  0.1885E-03  0.3749E-03  0.7874E-03  0.9581E-03  0.2304E-02  0.1126E-02  0.4554E-03  0.5446E-03  0.5120E-03  0.6536E-03
      4.032  0.9448E-02  0.1049E-01  0.2735E-01  0.5468E-01  0.1511E-01  0.3629E-01  0.1386E-01  0.2017E-01  0.1768E-03  0.3761E-03  0.7493E-03  0.8816E-03  0.2230E-02  0.1184E-02  0.4463E-03  0.5819E-03  0.4821E-03  0.6178E-03
      4.042  0.7989E-02  0.9977E-02  0.2448E-01  0.5707E-01  0.1398E-01  0.3679E-01  0.1112E-01  0.1997E-01  0.1652E-03  0.3676E-03  0.7120E-03  0.8301E-03  0.2127E-02  0.1253E-02  0.4335E-03  0.5934E-03  0.4534E-03  0.5934E-03
      4.052  0.6551E-02  0.1122E-01  0.2167E-01  0.7251E-01  0.1285E-01  0.4164E-01  0.8612E-02  0.2647E-01  0.1532E-03  0.3981E-03  0.6723E-03  0.8802E-03  0.2013E-02  0.1716E-02  0.4203E-03  0.6890E-03  0.4224E-03  0.6606E-03
      4.062  0.5135E-02  0.7090E-02  0.1892E-01  0.5566E-01  0.1171E-01  0.3381E-01  0.6348E-02  0.1409E-01  0.1409E-03  0.3107E-03  0.6302E-03  0.7412E-03  0.1888E-02  0.1602E-02  0.4068E-03  0.5256E-03  0.3890E-03  0.5935E-03
      4.072  0.3775E-02  0.5189E-02  0.1263E-01  0.3787E-01  0.8645E-02  0.2470E-01  0.4346E-02  0.8848E-02  0.1085E-03  0.2317E-03  0.4467E-03  0.5357E-03  0.1322E-02  0.1093E-02  0.3199E-03  0.3893E-03  0.2710E-03  0.4375E-03
      4.082  0.2421E-02  0.3645E-02  0.5490E-02  0.2185E-01  0.4336E-02  0.1523E-01  0.2476E-02  0.5375E-02  0.5928E-04  0.1554E-03  0.1923E-03  0.3278E-03  0.5962E-03  0.6434E-03  0.1712E-03  0.2530E-03  0.1175E-03  0.2744E-03
      4.092  0.7806E-02  0.2113E-02  0.1162E-01  0.2989E-02  0.6366E-02  0.2819E-02  0.4858E-02  0.2026E-02  0.4412E-04  0.5233E-04  0.7623E-04  0.6755E-04  0.5834E-03  0.8225E-04  0.4413E-04  0.4968E-04  0.4810E-04  0.5196E-04
      4.102  0.1179E-01  0.1328E-02  0.1892E-01  0.1524E-02  0.9342E-02  0.1563E-02  0.9178E-02  0.1327E-02  0.5990E-04  0.3104E-04  0.1207E-03  0.2417E-04  0.9291E-03  0.2796E-04  0.6858E-04  0.2786E-04  0.8750E-04  0.1536E-04
      4.112  0.1608E-01  0.1126E-02  0.2468E-01  0.1257E-02  0.1214E-01  0.1336E-02  0.1680E-01  0.1101E-02  0.8000E-04  0.2706E-04  0.1706E-03  0.1872E-04  0.1311E-02  0.2123E-04  0.1227E-03  0.2331E-04  0.1251E-03  0.1077E-04
      4.122  0.2208E-01  0.9736E-03  0.3253E-01  0.1050E-02  0.1608E-01  0.1144E-02  0.3238E-01  0.9026E-03  0.1008E-03  0.2328E-04  0.2223E-03  0.1563E-04  0.1764E-02  0.1799E-04  0.2074E-03  0.1941E-04  0.1545E-03  0.9113E-05
      4.132  0.2094E-01  0.4831E-02  0.3206E-01  0.8839E-02  0.1567E-01  0.6043E-02  0.3224E-01  0.3712E-02  0.9834E-04  0.4020E-04  0.2352E-03  0.6436E-04  0.1741E-02  0.1288E-03  0.2183E-03  0.7326E-04  0.1651E-03  0.6644E-04
      4.142  0.1968E-01  0.1034E-01  0.3152E-01  0.2044E-01  0.1522E-01  0.1336E-01  0.3209E-01  0.9644E-02  0.9591E-04  0.8851E-04  0.2492E-03  0.1598E-03  0.1713E-02  0.3864E-03  0.2303E-03  0.1625E-03  0.1768E-03  0.1573E-03
      4.152  0.1844E-01  0.1369E-01  0.3099E-01  0.2661E-01  0.1483E-01  0.1707E-01  0.3199E-01  0.1674E-01  0.9461E-04  0.1230E-03  0.2651E-03  0.2433E-03  0.1689E-02  0.6524E-03  0.2450E-03  0.2206E-03  0.1900E-03  0.2306E-03
      4.162  0.1725E-01  0.1684E-01  0.3046E-01  0.3171E-01  0.1452E-01  0.2020E-01  0.3195E-01  0.2446E-01  0.9462E-04  0.1512E-03  0.2831E-03  0.3297E-03  0.1669E-02  0.9653E-03  0.2624E-03  0.2805E-03  0.2049E-03  0.3067E-03
      4.172  0.1596E-01  0.2280E-01  0.2988E-01  0.4260E-01  0.1418E-01  0.2772E-01  0.3188E-01  0.4212E-01  0.9472E-04  0.2123E-03  0.3021E-03  0.4672E-03  0.1644E-02  0.1366E-02  0.2810E-03  0.4310E-03  0.2209E-03  0.3930E-03
      4.182  0.1457E-01  0.2318E-01  0.2923E-01  0.4610E-01  0.1380E-01  0.3147E-01  0.3178E-01  0.4761E-01  0.9490E-04  0.2443E-03  0.3222E-03  0.5977E-03  0.1616E-02  0.1677E-02  0.3007E-03  0.5497E-03  0.2378E-03  0.4804E-03
      4.192  0.1280E-01  0.2160E-01  0.2798E-01  0.4582E-01  0.1294E-01  0.3128E-01  0.3050E-01  0.4684E-01  0.9282E-04  0.2503E-03  0.3397E-03  0.6787E-03  0.1562E-02  0.1912E-02  0.3104E-03  0.5942E-03  0.2541E-03  0.5489E-03
      4.202  0.1021E-01  0.1860E-01  0.2504E-01  0.4220E-01  0.1081E-01  0.2827E-01  0.2551E-01  0.4218E-01  0.8456E-04  0.2364E-03  0.3474E-03  0.7097E-03  0.1448E-02  0.2047E-02  0.2891E-03  0.5758E-03  0.2665E-03  0.5800E-03
      4.212  0.7201E-02  0.1513E-01  0.1992E-01  0.3720E-01  0.8583E-02  0.2546E-01  0.1968E-01  0.3701E-01  0.7657E-04  0.2234E-03  0.3383E-03  0.7200E-03  0.1260E-02  0.2097E-02  0.2644E-03  0.5531E-03  0.2584E-03  0.5740E-03
      4.222  0.4379E-02  0.1103E-01  0.1155E-01  0.3020E-01  0.6651E-02  0.2233E-01  0.1315E-01  0.2995E-01  0.7142E-04  0.2236E-03  0.3183E-03  0.7247E-03  0.1056E-02  0.2147E-02  0.2385E-03  0.5541E-03  0.2291E-03  0.5501E-03
      4.232  0.3319E-02  0.8291E-02  0.9238E-02  0.2520E-01  0.6865E-02  0.1943E-01  0.9692E-02  0.2422E-01  0.7980E-04  0.2220E-03  0.3477E-03  0.5996E-03  0.1084E-02  0.1787E-02  0.2680E-03  0.5156E-03  0.2451E-03  0.4209E-03
      4.242  0.2541E-02  0.6094E-02  0.8214E-02  0.2006E-01  0.7541E-02  0.1654E-01  0.6730E-02  0.2010E-01  0.9074E-04  0.2204E-03  0.3726E-03  0.4716E-03  0.1112E-02  0.1378E-02  0.3048E-03  0.4689E-03  0.2585E-03  0.2932E-03
      4.252  0.1982E-02  0.4023E-02  0.7177E-02  0.1478E-01  0.7809E-02  0.1342E-01  0.3790E-02  0.1632E-01  0.1026E-03  0.2183E-03  0.3267E-03  0.3496E-03  0.9356E-03  0.9941E-03  0.3263E-03  0.4218E-03  0.2092E-03  0.1805E-03
      4.262  0.1672E-02  0.2003E-02  0.5872E-02  0.9599E-02  0.7539E-02  0.9666E-02  0.1504E-02  0.1263E-01  0.1116E-03  0.2161E-03  0.2516E-03  0.2579E-03  0.6816E-03  0.7082E-03  0.3266E-03  0.3861E-03  0.1381E-03  0.1215E-03
      4.272  0.1509E-02  0.1392E-02  0.5155E-02  0.7122E-02  0.6905E-02  0.7821E-02  0.1479E-02  0.9889E-02  0.1206E-03  0.2178E-03  0.2119E-03  0.2205E-03  0.5460E-03  0.5253E-03  0.3364E-03  0.3718E-03  0.1040E-03  0.9736E-04
      4.282  0.2341E-02  0.1021E-02  0.1194E-01  0.5033E-02  0.7121E-02  0.6611E-02  0.1953E-01  0.7074E-02  0.1655E-03  0.2213E-03  0.2142E-03  0.2041E-03  0.5941E-03  0.3980E-03  0.4469E-03  0.3699E-03  0.1516E-03  0.8485E-04
      4.292  0.3754E-02  0.7066E-03  0.2199E-01  0.3222E-02  0.7977E-02  0.5375E-02  0.4233E-01  0.4774E-02  0.2261E-03  0.2111E-03  0.2323E-03  0.1792E-03  0.7256E-03  0.2750E-03  0.5850E-03  0.3502E-03  0.2221E-03  0.6954E-04
      4.302  0.5516E-02  0.4422E-03  0.3289E-01  0.1990E-02  0.9392E-02  0.3376E-02  0.6324E-01  0.3353E-02  0.2951E-03  0.1353E-03  0.2704E-03  0.1107E-03  0.9402E-03  0.1594E-03  0.7265E-03  0.2281E-03  0.3005E-03  0.4180E-04
      4.312  0.7524E-02  0.1931E-03  0.4445E-01  0.8890E-03  0.1105E-01  0.1282E-02  0.8233E-01  0.1790E-02  0.3668E-03  0.5153E-04  0.3098E-03  0.4034E-04  0.1184E-02  0.5729E-04  0.8605E-03  0.8875E-04  0.3765E-03  0.1526E-04
      4.322  0.5361E-02  0.3080E-04  0.2328E-01  0.1669E-03  0.7903E-02  0.5615E-04  0.5103E-01  0.4285E-03  0.2687E-03  0.1615E-05  0.2471E-03  0.8476E-06  0.9817E-03  0.3776E-05  0.5699E-03  0.3322E-05  0.2398E-03  0.7031E-06
      4.332  0.3992E-02  0.4501E-04  0.1600E-01  0.7373E-03  0.5556E-02  0.1386E-03  0.2213E-01  0.1446E-02  0.1483E-03  0.5175E-05  0.1898E-03  0.1884E-05  0.7954E-03  0.2131E-05  0.2707E-03  0.4488E-05  0.1583E-03  0.7156E-05
      4.342  0.4192E-02  0.1450E-02  0.1705E-01  0.2176E-01  0.4982E-02  0.4228E-02  0.2380E-01  0.3996E-01  0.1249E-03  0.1600E-03  0.1885E-03  0.5601E-04  0.8162E-03  0.6615E-04  0.1799E-03  0.1289E-03  0.1673E-03  0.2040E-03
      4.352  0.4577E-02  0.3149E-02  0.1849E-01  0.4376E-01  0.5456E-02  0.8761E-02  0.2576E-01  0.7512E-01  0.1435E-03  0.3355E-03  0.2148E-03  0.1134E-03  0.9179E-03  0.1392E-03  0.2009E-03  0.2525E-03  0.1894E-03  0.3963E-03
      4.362  0.4956E-02  0.4971E-02  0.1991E-01  0.6139E-01  0.5923E-02  0.1274E-01  0.2763E-01  0.1022E+00  0.1626E-03  0.5114E-03  0.2416E-03  0.1666E-03  0.1021E-02  0.2507E-03  0.2220E-03  0.3643E-03  0.2118E-03  0.5459E-03
      4.372  0.5330E-02  0.4000E-02  0.2129E-01  0.3414E-01  0.6382E-02  0.9725E-02  0.2943E-01  0.6277E-01  0.1823E-03  0.4480E-03  0.2688E-03  0.1628E-03  0.1125E-02  0.4948E-03  0.2431E-03  0.3106E-03  0.2346E-03  0.3554E-03
      4.382  0.5995E-02  0.4171E-02  0.2383E-01  0.3061E-01  0.6948E-02  0.1093E-01  0.3169E-01  0.4143E-01  0.2158E-03  0.4184E-03  0.3137E-03  0.3659E-03  0.1267E-02  0.1408E-02  0.2674E-03  0.3223E-03  0.2668E-03  0.5012E-03
      4.392  0.6800E-02  0.5152E-02  0.2684E-01  0.3619E-01  0.7568E-02  0.1431E-01  0.3412E-01  0.4572E-01  0.2562E-03  0.5928E-03  0.3670E-03  0.8244E-03  0.1430E-02  0.3146E-02  0.2932E-03  0.5163E-03  0.3037E-03  0.9138E-03
      4.402  0.9568E-02  0.5823E-02  0.3629E-01  0.3971E-01  0.1216E-01  0.1572E-01  0.3875E-01  0.5095E-01  0.3860E-03  0.7248E-03  0.1000E-02  0.8723E-03  0.3971E-02  0.3313E-02  0.5113E-03  0.5820E-03  0.7726E-03  0.1009E-02
      4.412  0.1337E-01  0.6613E-02  0.4776E-01  0.4396E-01  0.1661E-01  0.1718E-01  0.5367E-01  0.5671E-01  0.6123E-03  0.8792E-03  0.1402E-02  0.9148E-03  0.5330E-02  0.3469E-02  0.7566E-03  0.6501E-03  0.1115E-02  0.1106E-02
      4.422  0.1350E-01  0.7675E-02  0.4794E-01  0.4983E-01  0.1607E-01  0.1885E-01  0.4805E-01  0.6348E-01  0.5773E-03  0.1075E-02  0.1334E-02  0.9554E-03  0.5128E-02  0.3641E-02  0.6991E-03  0.7251E-03  0.1028E-02  0.1214E-02
      4.432  0.1065E-01  0.8210E-02  0.3752E-01  0.5339E-01  0.1215E-01  0.1898E-01  0.3455E-01  0.6580E-01  0.4562E-03  0.1194E-02  0.1019E-02  0.9091E-03  0.4098E-02  0.3514E-02  0.4972E-03  0.7512E-03  0.7417E-03  0.1200E-02
      4.442  0.7632E-02  0.7715E-02  0.2838E-01  0.5080E-01  0.7571E-02  0.1654E-01  0.2235E-01  0.5524E-01  0.3410E-03  0.1063E-02  0.6833E-03  0.7424E-03  0.3076E-02  0.3031E-02  0.2907E-03  0.6594E-03  0.4445E-03  0.9803E-03
      4.452  0.6269E-02  0.4023E-02  0.2416E-01  0.3776E-01  0.5455E-02  0.8977E-02  0.1612E-01  0.2473E-01  0.2757E-03  0.4882E-03  0.5315E-03  0.3429E-03  0.2439E-02  0.2169E-02  0.1853E-03  0.1821E-03  0.3274E-03  0.5188E-03
      4.462  0.5345E-02  0.2890E-02  0.2093E-01  0.2432E-01  0.3892E-02  0.5141E-02  0.1196E-01  0.1419E-01  0.2256E-03  0.3618E-03  0.4132E-03  0.1937E-03  0.1879E-02  0.1521E-02  0.1057E-03  0.1222E-03  0.2455E-03  0.2866E-03
      4.472  0.5189E-02  0.2986E-02  0.1901E-01  0.2170E-01  0.3021E-02  0.4368E-02  0.1058E-01  0.1151E-01  0.2299E-03  0.3529E-03  0.3775E-03  0.1659E-03  0.1578E-02  0.1401E-02  0.8761E-04  0.1101E-03  0.2205E-03  0.2471E-03
      4.482  0.5515E-02  0.3268E-02  0.1880E-01  0.2054E-01  0.2933E-02  0.4177E-02  0.1036E-01  0.1008E-01  0.2439E-03  0.3613E-03  0.3733E-03  0.1586E-03  0.1526E-02  0.1373E-02  0.8456E-04  0.1052E-03  0.2195E-03  0.2367E-03
      4.492  0.6636E-02  0.3595E-02  0.2041E-01  0.1952E-01  0.3531E-02  0.4085E-02  0.1116E-01  0.9431E-02  0.3754E-03  0.3802E-03  0.3956E-03  0.1521E-03  0.1739E-02  0.1339E-02  0.1078E-03  0.1038E-03  0.2361E-03  0.2318E-03
      4.503  0.2234E-01  0.4003E-02  0.5299E-01  0.1886E-01  0.1295E-01  0.4251E-02  0.4104E-01  0.1030E-01  0.1161E-02  0.4196E-03  0.1178E-02  0.1485E-03  0.5283E-02  0.1300E-02  0.5301E-03  0.1097E-03  0.1329E-02  0.2356E-03
      4.513  0.1234E-01  0.7135E-02  0.2886E-01  0.2693E-01  0.8069E-02  0.8124E-02  0.2268E-01  0.2030E-01  0.8498E-03  0.9637E-03  0.6986E-03  0.2894E-03  0.4065E-02  0.1985E-02  0.5004E-03  0.2339E-03  0.8176E-03  0.6193E-03
      4.523  0.1065E-01  0.2367E-01  0.2312E-01  0.6952E-01  0.7998E-02  0.2939E-01  0.1946E-01  0.5086E-01  0.8444E-03  0.2953E-02  0.6568E-03  0.1248E-02  0.4289E-02  0.6288E-02  0.5942E-03  0.8389E-03  0.7623E-03  0.2376E-02
      4.533  0.9517E-02  0.1630E-01  0.2050E-01  0.4596E-01  0.8010E-02  0.2565E-01  0.1807E-01  0.3465E-01  0.8201E-03  0.2485E-02  0.6383E-03  0.1571E-02  0.4663E-02  0.6668E-02  0.6591E-03  0.1126E-02  0.7643E-03  0.2108E-02
      4.543  0.8251E-02  0.7914E-02  0.1780E-01  0.2410E-01  0.7770E-02  0.1045E-01  0.1686E-01  0.2775E-01  0.7767E-03  0.1320E-02  0.6115E-03  0.5416E-03  0.4992E-02  0.4229E-02  0.7084E-03  0.5654E-03  0.7541E-03  0.1278E-02
      4.553  0.4325E-02  0.7119E-02  0.1277E-01  0.2073E-01  0.4035E-02  0.9767E-02  0.1427E-01  0.2572E-01  0.4957E-03  0.1441E-02  0.3830E-03  0.5730E-03  0.3545E-02  0.4601E-02  0.3922E-03  0.8061E-03  0.5409E-03  0.1143E-02
      4.563  0.3862E-02  0.1922E-02  0.1220E-01  0.1191E-01  0.3887E-02  0.4944E-02  0.1333E-01  0.6867E-02  0.4975E-03  0.7749E-03  0.3616E-03  0.2571E-03  0.3681E-02  0.3135E-02  0.4095E-03  0.1992E-03  0.5136E-03  0.6559E-03
      4.573  0.3394E-02  0.8076E-03  0.1163E-01  0.6361E-02  0.3741E-02  0.2363E-02  0.1237E-01  0.4950E-02  0.4991E-03  0.4838E-03  0.3401E-03  0.1705E-03  0.3824E-02  0.2453E-02  0.4273E-03  0.1385E-03  0.4866E-03  0.5066E-03
      4.583  0.1706E-02  0.7320E-03  0.9640E-02  0.5972E-02  0.2633E-02  0.2089E-02  0.8396E-02  0.4653E-02  0.3690E-03  0.4524E-03  0.1819E-03  0.1477E-03  0.3491E-02  0.2390E-02  0.2357E-03  0.1220E-03  0.3603E-03  0.4745E-03
      4.593  0.6807E-03  0.6572E-03  0.6494E-02  0.5568E-02  0.1392E-02  0.1824E-02  0.6931E-02  0.4350E-02  0.2041E-03  0.4210E-03  0.1089E-03  0.1259E-03  0.2851E-02  0.2310E-02  0.1424E-03  0.1063E-03  0.2709E-03  0.4414E-03
      4.603  0.5425E-03  0.5832E-03  0.5762E-02  0.5149E-02  0.1130E-02  0.1569E-02  0.6413E-02  0.4044E-02  0.1704E-03  0.3895E-03  0.9298E-04  0.1049E-03  0.2631E-02  0.2216E-02  0.1197E-03  0.9128E-04  0.2330E-03  0.4071E-03
      4.613  0.7636E-03  0.8960E-03  0.5580E-02  0.5821E-02  0.1149E-02  0.2222E-02  0.6851E-02  0.5121E-02  0.1705E-03  0.4935E-03  0.1201E-03  0.1982E-03  0.2650E-02  0.2760E-02  0.1182E-03  0.1811E-03  0.2327E-03  0.4515E-03
      4.623  0.1540E-02  0.1720E-02  0.6601E-02  0.7727E-02  0.1885E-02  0.3881E-02  0.8485E-02  0.8336E-02  0.2632E-03  0.7160E-03  0.2955E-03  0.3619E-03  0.3257E-02  0.4051E-02  0.2139E-03  0.3111E-03  0.3152E-03  0.5760E-03
      4.633  0.4140E-02  0.2603E-02  0.7959E-02  0.1044E-01  0.3378E-02  0.5853E-02  0.2004E-01  0.1167E-01  0.6946E-03  0.9372E-03  0.6315E-03  0.5939E-03  0.5061E-02  0.5627E-02  0.7664E-03  0.4324E-03  0.5357E-03  0.7640E-03
      4.643  0.6951E-02  0.3432E-02  0.9988E-02  0.1258E-01  0.5336E-02  0.7902E-02  0.3048E-01  0.1413E-01  0.1207E-02  0.1137E-02  0.1074E-02  0.8135E-03  0.7003E-02  0.6975E-02  0.1330E-02  0.5342E-03  0.9217E-03  0.9499E-03
      4.653  0.1183E-01  0.3693E-02  0.2748E-01  0.1363E-01  0.8759E-02  0.7260E-02  0.4344E-01  0.1418E-01  0.1920E-02  0.1102E-02  0.2061E-02  0.9759E-03  0.1327E-01  0.7545E-02  0.2000E-02  0.4976E-03  0.1642E-02  0.1143E-02
      4.663  0.1173E-01  0.1448E-01  0.3351E-01  0.3970E-01  0.8783E-02  0.1460E-01  0.3944E-01  0.1091E+00  0.1585E-02  0.2858E-02  0.2694E-02  0.2039E-02  0.1391E-01  0.2546E-01  0.1838E-02  0.1285E-02  0.1920E-02  0.2354E-02
      4.673  0.1088E-01  0.1110E-01  0.3900E-01  0.3895E-01  0.8192E-02  0.9163E-02  0.3037E-01  0.6042E-01  0.1091E-02  0.2405E-02  0.3345E-02  0.1649E-02  0.1411E-01  0.2054E-01  0.1424E-02  0.8334E-03  0.2202E-02  0.2220E-02
      4.683  0.3921E-02  0.6065E-02  0.1382E-01  0.2544E-01  0.4706E-02  0.6356E-02  0.7633E-02  0.2239E-01  0.3722E-03  0.1167E-02  0.1283E-02  0.1082E-02  0.4044E-02  0.1217E-01  0.4944E-03  0.4589E-03  0.8216E-03  0.1637E-02
      4.693  0.2746E-02  0.1367E-02  0.6266E-02  0.6757E-02  0.3792E-02  0.3206E-02  0.3417E-02  0.3899E-02  0.2603E-03  0.5133E-03  0.7341E-03  0.3847E-03  0.1941E-02  0.2628E-02  0.2727E-03  0.1712E-03  0.4538E-03  0.5572E-03
      4.703  0.2937E-02  0.1582E-02  0.5954E-02  0.6483E-02  0.3571E-02  0.3041E-02  0.3221E-02  0.3614E-02  0.2611E-03  0.5246E-03  0.7355E-03  0.4190E-03  0.1961E-02  0.2740E-02  0.2562E-03  0.1701E-03  0.4619E-03  0.5825E-03
      4.713  0.3244E-02  0.1806E-02  0.5818E-02  0.6216E-02  0.3379E-02  0.2869E-02  0.3048E-02  0.3350E-02  0.2652E-03  0.5345E-03  0.7697E-03  0.4499E-03  0.2040E-02  0.2847E-02  0.2452E-03  0.1704E-03  0.4839E-03  0.6055E-03
      4.723  0.3876E-02  0.2284E-02  0.6414E-02  0.6909E-02  0.3333E-02  0.2898E-02  0.3207E-02  0.3451E-02  0.2837E-03  0.5699E-03  0.8885E-03  0.5168E-03  0.2293E-02  0.3309E-02  0.2689E-03  0.2031E-03  0.5320E-03  0.6437E-03
      4.733  0.4690E-02  0.3019E-02  0.7221E-02  0.8670E-02  0.3363E-02  0.3048E-02  0.3476E-02  0.4029E-02  0.3097E-03  0.6234E-03  0.1035E-02  0.6454E-03  0.2607E-02  0.4006E-02  0.3090E-03  0.2608E-03  0.5878E-03  0.7139E-03
      4.743  0.5541E-02  0.3827E-02  0.7994E-02  0.1044E-01  0.3396E-02  0.3222E-02  0.3751E-02  0.4640E-02  0.3363E-03  0.6808E-03  0.1179E-02  0.7831E-03  0.2906E-02  0.4695E-02  0.3507E-03  0.3263E-03  0.6424E-03  0.7894E-03
      4.753  0.6428E-02  0.4664E-02  0.8733E-02  0.1199E-01  0.3432E-02  0.3398E-02  0.4031E-02  0.5182E-02  0.3633E-03  0.7390E-03  0.1320E-02  0.9168E-03  0.3189E-02  0.5326E-02  0.3941E-03  0.3957E-03  0.6958E-03  0.8634E-03
      4.763  0.7352E-02  0.5395E-02  0.9438E-02  0.1287E-01  0.3472E-02  0.3417E-02  0.4317E-02  0.5557E-02  0.3908E-03  0.7856E-03  0.1458E-02  0.1021E-02  0.3457E-02  0.5744E-02  0.4391E-03  0.4381E-03  0.7480E-03  0.9230E-03
      4.773  0.8312E-02  0.5819E-02  0.1011E-01  0.1248E-01  0.3515E-02  0.3036E-02  0.4609E-02  0.5650E-02  0.4188E-03  0.8018E-03  0.1594E-02  0.1055E-02  0.3710E-02  0.5734E-02  0.4857E-03  0.4043E-03  0.7990E-03  0.9462E-03
      4.783  0.8913E-02  0.6301E-02  0.1030E-01  0.1214E-01  0.3340E-02  0.2766E-02  0.4862E-02  0.5771E-02  0.4508E-03  0.8210E-03  0.1666E-02  0.1090E-02  0.3850E-02  0.5743E-02  0.4983E-03  0.3783E-03  0.8327E-03  0.9687E-03
      4.793  0.9148E-02  0.6885E-02  0.1003E-01  0.1097E-01  0.2944E-02  0.2767E-02  0.5083E-02  0.5516E-02  0.4884E-03  0.8218E-03  0.1669E-02  0.1051E-02  0.3889E-02  0.5567E-02  0.4774E-03  0.3467E-03  0.8482E-03  0.9451E-03
      4.803  0.9436E-02  0.7232E-02  0.9908E-02  0.9360E-02  0.2726E-02  0.2677E-02  0.5369E-02  0.5040E-02  0.5311E-03  0.8017E-03  0.1688E-02  0.9405E-03  0.3957E-02  0.5272E-02  0.4672E-03  0.3077E-03  0.8667E-03  0.8876E-03
      4.813  0.9926E-02  0.7415E-02  0.9696E-02  0.8175E-02  0.2671E-02  0.2422E-02  0.5577E-02  0.4758E-02  0.5806E-03  0.7738E-03  0.1680E-02  0.8263E-03  0.4011E-02  0.5076E-02  0.4622E-03  0.2752E-03  0.8757E-03  0.8425E-03
      4.823  0.1288E-01  0.9079E-02  0.9582E-02  0.7391E-02  0.2678E-02  0.2242E-02  0.6165E-02  0.4957E-02  0.6872E-03  0.8026E-03  0.1645E-02  0.7391E-03  0.4110E-02  0.5064E-02  0.5123E-03  0.2691E-03  0.8890E-03  0.8277E-03
      4.833  0.1555E-01  0.1072E-01  0.9207E-02  0.7117E-02  0.2517E-02  0.2146E-02  0.6759E-02  0.5293E-02  0.7581E-03  0.8317E-03  0.1520E-02  0.6964E-03  0.4132E-02  0.5033E-02  0.5596E-03  0.2796E-03  0.8715E-03  0.8124E-03
      4.843  0.1950E-01  0.1301E-01  0.9328E-02  0.7336E-02  0.2294E-02  0.2183E-02  0.8394E-02  0.6040E-02  0.8518E-03  0.8925E-03  0.1452E-02  0.6970E-03  0.4146E-02  0.5053E-02  0.6775E-03  0.3085E-03  0.8693E-03  0.8155E-03
      4.853  0.2390E-01  0.1590E-01  0.1043E-01  0.7745E-02  0.2361E-02  0.2271E-02  0.1046E-01  0.7145E-02  0.9578E-03  0.9866E-03  0.1538E-02  0.7139E-03  0.4209E-02  0.5094E-02  0.8315E-03  0.3483E-03  0.9028E-03  0.8319E-03
      4.863  0.2834E-01  0.1877E-01  0.1163E-01  0.8189E-02  0.2445E-02  0.2368E-02  0.1272E-01  0.8331E-02  0.1067E-02  0.1085E-02  0.1640E-02  0.7348E-03  0.4243E-02  0.5112E-02  0.9950E-03  0.3896E-03  0.9392E-03  0.8496E-03
      4.873  0.3281E-01  0.2164E-01  0.1295E-01  0.8667E-02  0.2544E-02  0.2475E-02  0.1518E-01  0.9596E-02  0.1180E-02  0.1188E-02  0.1756E-02  0.7595E-03  0.4245E-02  0.5106E-02  0.1168E-02  0.4325E-03  0.9785E-03  0.8687E-03
      4.883  0.3721E-01  0.2451E-01  0.1434E-01  0.9190E-02  0.2653E-02  0.2593E-02  0.1781E-01  0.1095E-01  0.1295E-02  0.1298E-02  0.1884E-02  0.7890E-03  0.4216E-02  0.5084E-02  0.1348E-02  0.4773E-03  0.1021E-02  0.8951E-03
      4.893  0.2945E-01  0.2737E-01  0.1213E-01  0.9769E-02  0.1986E-02  0.2726E-02  0.1822E-01  0.1240E-01  0.1258E-02  0.1420E-02  0.1500E-02  0.8244E-03  0.3614E-02  0.5056E-02  0.1284E-02  0.5245E-03  0.9315E-03  0.9371E-03
      4.903  0.2693E-01  0.3022E-01  0.1538E-01  0.1038E-01  0.1927E-02  0.2869E-02  0.1922E-01  0.1392E-01  0.1149E-02  0.1545E-02  0.1495E-02  0.8639E-03  0.3294E-02  0.5003E-02  0.1320E-02  0.5733E-03  0.9802E-03  0.9810E-03
      4.913  0.2423E-01  0.2606E-01  0.1517E-01  0.9746E-02  0.1733E-02  0.2423E-02  0.1873E-01  0.1490E-01  0.1010E-02  0.1611E-02  0.1331E-02  0.7669E-03  0.2925E-02  0.4317E-02  0.1288E-02  0.5266E-03  0.9916E-03  0.9707E-03
      4.923  0.1992E-01  0.2582E-01  0.1532E-01  0.1109E-01  0.1532E-02  0.2436E-02  0.1812E-01  0.1451E-01  0.9847E-03  0.1625E-02  0.1313E-02  0.7653E-03  0.2647E-02  0.3844E-02  0.1189E-02  0.5247E-03  0.1074E-02  0.1117E-02
      4.933  0.1830E-01  0.2573E-01  0.1912E-01  0.1422E-01  0.1495E-02  0.2475E-02  0.1902E-01  0.1633E-01  0.1020E-02  0.1758E-02  0.1396E-02  0.8191E-03  0.2716E-02  0.3556E-02  0.1331E-02  0.5588E-03  0.1177E-02  0.1591E-02
      4.943  0.1805E-01  0.1932E-01  0.1912E-01  0.1472E-01  0.1412E-02  0.2005E-02  0.1908E-01  0.1877E-01  0.1073E-02  0.1636E-02  0.1450E-02  0.7276E-03  0.2976E-02  0.3717E-02  0.1367E-02  0.5320E-03  0.1338E-02  0.1740E-02
      4.953  0.1783E-01  0.1770E-01  0.1927E-01  0.1597E-01  0.1389E-02  0.1799E-02  0.1881E-01  0.1829E-01  0.1063E-02  0.1570E-02  0.1558E-02  0.7124E-03  0.2808E-02  0.3876E-02  0.1362E-02  0.5563E-03  0.1358E-02  0.1820E-02
      4.963  0.2003E-01  0.1562E-01  0.2044E-01  0.1699E-01  0.1455E-02  0.1643E-02  0.1986E-01  0.1730E-01  0.1122E-02  0.1423E-02  0.1874E-02  0.6824E-03  0.2701E-02  0.3652E-02  0.1454E-02  0.5523E-03  0.1449E-02  0.1730E-02
      4.973  0.2207E-01  0.1420E-01  0.2155E-01  0.1667E-01  0.1500E-02  0.1465E-02  0.2063E-01  0.1675E-01  0.1175E-02  0.1297E-02  0.2196E-02  0.6763E-03  0.2603E-02  0.3441E-02  0.1536E-02  0.5326E-03  0.1530E-02  0.1640E-02
      4.983  0.2303E-01  0.1648E-01  0.2268E-01  0.1795E-01  0.1496E-02  0.1539E-02  0.2082E-01  0.1875E-01  0.1182E-02  0.1406E-02  0.2489E-02  0.8438E-03  0.2499E-02  0.3354E-02  0.1600E-02  0.5991E-03  0.1586E-02  0.1788E-02
      4.993  0.2470E-01  0.1743E-01  0.2419E-01  0.1932E-01  0.1535E-02  0.1586E-02  0.2131E-01  0.1941E-01  0.1225E-02  0.1423E-02  0.2828E-02  0.9689E-03  0.2408E-02  0.3230E-02  0.1697E-02  0.6391E-03  0.1693E-02  0.1907E-02
      5.003  0.2414E-01  0.1843E-01  0.2363E-01  0.2066E-01  0.1525E-02  0.1626E-02  0.2086E-01  0.2001E-01  0.1189E-02  0.1435E-02  0.2872E-02  0.1102E-02  0.2236E-02  0.3117E-02  0.1690E-02  0.6785E-03  0.1641E-02  0.2035E-02
      5.013  0.2289E-01  0.1906E-01  0.2242E-01  0.2154E-01  0.1498E-02  0.1652E-02  0.2011E-01  0.2038E-01  0.1126E-02  0.1429E-02  0.2823E-02  0.1207E-02  0.2040E-02  0.2980E-02  0.1649E-02  0.7084E-03  0.1537E-02  0.2118E-02
      5.023  0.2166E-01  0.1726E-01  0.2122E-01  0.2007E-01  0.1471E-02  0.1629E-02  0.1936E-01  0.1975E-01  0.1061E-02  0.1341E-02  0.2778E-02  0.1107E-02  0.1848E-02  0.2632E-02  0.1607E-02  0.6861E-03  0.1433E-02  0.1897E-02
      5.033  0.2045E-01  0.1752E-01  0.2006E-01  0.2131E-01  0.1443E-02  0.2401E-02  0.1862E-01  0.2176E-01  0.9964E-03  0.1457E-02  0.2736E-02  0.1323E-02  0.1659E-02  0.2633E-02  0.1565E-02  0.8538E-03  0.1329E-02  0.1850E-02
      5.043  0.2109E-01  0.2072E-01  0.2222E-01  0.2315E-01  0.2716E-02  0.2809E-02  0.2070E-01  0.2361E-01  0.1069E-02  0.1685E-02  0.3502E-02  0.1769E-02  0.2029E-02  0.2829E-02  0.1889E-02  0.1073E-02  0.1468E-02  0.1896E-02
      5.053  0.2166E-01  0.2047E-01  0.2332E-01  0.2347E-01  0.3087E-02  0.2889E-02  0.2163E-01  0.2343E-01  0.1117E-02  0.1707E-02  0.4153E-02  0.1955E-02  0.2211E-02  0.2621E-02  0.2148E-02  0.1195E-02  0.1581E-02  0.1898E-02
      5.063  0.2089E-01  0.1924E-01  0.2344E-01  0.2273E-01  0.3168E-02  0.2722E-02  0.2152E-01  0.2253E-01  0.1105E-02  0.1619E-02  0.4478E-02  0.2001E-02  0.2084E-02  0.2335E-02  0.2292E-02  0.1225E-02  0.1601E-02  0.1813E-02
      5.073  0.2010E-01  0.1818E-01  0.2291E-01  0.2190E-01  0.3103E-02  0.2564E-02  0.2080E-01  0.2165E-01  0.1067E-02  0.1526E-02  0.4699E-02  0.2050E-02  0.1883E-02  0.2066E-02  0.2389E-02  0.1254E-02  0.1556E-02  0.1722E-02
      5.083  0.1991E-01  0.1728E-01  0.2222E-01  0.2109E-01  0.2947E-02  0.2421E-02  0.1990E-01  0.2083E-01  0.1017E-02  0.1436E-02  0.4929E-02  0.2109E-02  0.1675E-02  0.1817E-02  0.2482E-02  0.1287E-02  0.1501E-02  0.1630E-02
      5.093  0.2220E-01  0.1660E-01  0.2416E-01  0.2030E-01  0.3072E-02  0.2303E-02  0.2372E-01  0.1996E-01  0.1258E-02  0.1355E-02  0.5532E-02  0.2190E-02  0.2177E-02  0.1596E-02  0.2972E-02  0.1329E-02  0.1735E-02  0.1539E-02
      5.103  0.2635E-01  0.1709E-01  0.2934E-01  0.2070E-01  0.3361E-02  0.2383E-02  0.2894E-01  0.2004E-01  0.1563E-02  0.1383E-02  0.6374E-02  0.2356E-02  0.3396E-02  0.1703E-02  0.3592E-02  0.1431E-02  0.2321E-02  0.1640E-02
      5.113  0.3161E-01  0.2231E-01  0.3272E-01  0.2853E-01  0.3524E-02  0.3309E-02  0.3720E-01  0.3044E-01  0.1990E-02  0.2515E-02  0.7102E-02  0.2875E-02  0.5102E-02  0.3993E-02  0.4587E-02  0.1835E-02  0.2819E-02  0.2735E-02
      5.123  0.2623E-01  0.2576E-01  0.2162E-01  0.3013E-01  0.2535E-02  0.3477E-02  0.2039E-01  0.3579E-01  0.1075E-02  0.2954E-02  0.6437E-02  0.3075E-02  0.3248E-02  0.5774E-02  0.3303E-02  0.2154E-02  0.1969E-02  0.3230E-02
      5.133  0.2218E-01  0.1987E-01  0.1408E-01  0.2103E-01  0.2056E-02  0.2404E-02  0.1107E-01  0.1762E-01  0.6736E-03  0.1301E-02  0.6170E-02  0.2896E-02  0.1251E-02  0.3056E-02  0.2761E-02  0.1693E-02  0.1224E-02  0.2154E-02
      5.143  0.2331E-01  0.1645E-01  0.1410E-01  0.1312E-01  0.2130E-02  0.1961E-02  0.1081E-01  0.1180E-01  0.6782E-03  0.9029E-03  0.6609E-02  0.2918E-02  0.1305E-02  0.1638E-02  0.2900E-02  0.1594E-02  0.1252E-02  0.1135E-02
      5.153  0.2481E-01  0.1718E-01  0.1421E-01  0.1297E-01  0.2378E-02  0.2123E-02  0.1080E-01  0.1154E-01  0.7102E-03  0.9199E-03  0.7119E-02  0.3159E-02  0.1383E-02  0.1748E-02  0.3104E-02  0.1710E-02  0.1310E-02  0.1171E-02
      5.163  0.2627E-01  0.1778E-01  0.1456E-01  0.1276E-01  0.2722E-02  0.2289E-02  0.1084E-01  0.1125E-01  0.8419E-03  0.9319E-03  0.7933E-02  0.3397E-02  0.1799E-02  0.1851E-02  0.3384E-02  0.1819E-02  0.1422E-02  0.1203E-02
      5.173  0.2824E-01  0.1892E-01  0.1519E-01  0.1319E-01  0.3174E-02  0.2711E-02  0.1094E-01  0.1112E-01  0.1032E-02  0.1255E-02  0.9112E-02  0.3922E-02  0.2433E-02  0.2995E-02  0.3737E-02  0.2094E-02  0.1586E-02  0.1348E-02
      5.183  0.3042E-01  0.2007E-01  0.1591E-01  0.1365E-01  0.3694E-02  0.3201E-02  0.1115E-01  0.1104E-01  0.1210E-02  0.1589E-02  0.1043E-01  0.4550E-02  0.3006E-02  0.4164E-02  0.4123E-02  0.2421E-02  0.1766E-02  0.1522E-02
      5.193  0.3287E-01  0.2113E-01  0.1675E-01  0.1404E-01  0.4357E-02  0.3712E-02  0.1157E-01  0.1093E-01  0.1382E-02  0.1864E-02  0.1192E-01  0.5225E-02  0.3521E-02  0.5174E-02  0.4568E-02  0.2754E-02  0.1967E-02  0.1690E-02
      5.203  0.3543E-01  0.2232E-01  0.1759E-01  0.1443E-01  0.5056E-02  0.4318E-02  0.1199E-01  0.1084E-01  0.1536E-02  0.2092E-02  0.1351E-01  0.5981E-02  0.3966E-02  0.6045E-02  0.5027E-02  0.3113E-02  0.2174E-02  0.1860E-02
      5.213  0.3809E-01  0.2364E-01  0.1844E-01  0.1486E-01  0.5788E-02  0.4991E-02  0.1243E-01  0.1079E-01  0.1670E-02  0.2270E-02  0.1520E-01  0.6808E-02  0.4343E-02  0.6740E-02  0.5499E-02  0.3492E-02  0.2388E-02  0.2029E-02
      5.223  0.3800E-01  0.2094E-01  0.1748E-01  0.1163E-01  0.6218E-02  0.4463E-02  0.1300E-01  0.8894E-02  0.1636E-02  0.1662E-02  0.1496E-01  0.5590E-02  0.4113E-02  0.4667E-02  0.5831E-02  0.3024E-02  0.2411E-02  0.1630E-02
      5.233  0.2837E-01  0.1670E-01  0.1318E-01  0.7260E-02  0.5203E-02  0.2767E-02  0.1218E-01  0.6354E-02  0.1156E-02  0.7822E-03  0.9427E-02  0.3838E-02  0.2243E-02  0.1220E-02  0.5365E-02  0.2254E-02  0.1573E-02  0.9500E-03
      5.243  0.2811E-01  0.1808E-01  0.1298E-01  0.7568E-02  0.5958E-02  0.3117E-02  0.1287E-01  0.7108E-02  0.1093E-02  0.8623E-03  0.9104E-02  0.4259E-02  0.1446E-02  0.1238E-02  0.6123E-02  0.2509E-02  0.1482E-02  0.1045E-02
      5.253  0.4419E-01  0.1966E-01  0.1905E-01  0.8013E-02  0.1400E-01  0.3496E-02  0.1679E-01  0.7941E-02  0.1603E-02  0.9650E-03  0.1631E-01  0.4767E-02  0.1369E-02  0.1260E-02  0.1132E-01  0.2867E-02  0.2224E-02  0.1155E-02
      5.263  0.7617E-01  0.2435E-01  0.3076E-01  0.1003E-01  0.2780E-01  0.5028E-02  0.2362E-01  0.9494E-02  0.2816E-02  0.1333E-02  0.3524E-01  0.6146E-02  0.1784E-02  0.1442E-02  0.2497E-01  0.4465E-02  0.3779E-02  0.1507E-02
      5.273  0.7512E-01  0.3180E-01  0.2884E-01  0.1269E-01  0.2693E-01  0.7908E-02  0.2164E-01  0.1169E-01  0.2810E-02  0.1775E-02  0.4613E-01  0.9316E-02  0.1706E-02  0.1617E-02  0.2636E-01  0.6695E-02  0.4118E-02  0.2099E-02
      5.283  0.6903E-01  0.4084E-01  0.2711E-01  0.1487E-01  0.2377E-01  0.1141E-01  0.2469E-01  0.1404E-01  0.3080E-02  0.2243E-02  0.5468E-01  0.1356E-01  0.1789E-02  0.1777E-02  0.2743E-01  0.1030E-01  0.4546E-02  0.2587E-02
      5.293  0.6029E-01  0.4955E-01  0.2549E-01  0.1625E-01  0.2264E-01  0.1526E-01  0.2775E-01  0.1543E-01  0.3344E-02  0.2625E-02  0.5484E-01  0.1878E-01  0.2073E-02  0.1869E-02  0.2738E-01  0.1511E-01  0.4815E-02  0.2938E-02
      5.303  0.5092E-01  0.5609E-01  0.2462E-01  0.1827E-01  0.2301E-01  0.1797E-01  0.3114E-01  0.1679E-01  0.3670E-02  0.2927E-02  0.5288E-01  0.2739E-01  0.2519E-02  0.1860E-02  0.2784E-01  0.2234E-01  0.5303E-02  0.3469E-02
      5.313  0.3885E-01  0.6145E-01  0.2612E-01  0.2023E-01  0.1883E-01  0.2062E-01  0.3684E-01  0.2243E-01  0.4442E-02  0.3547E-02  0.4262E-01  0.4218E-01  0.3036E-02  0.2360E-02  0.3067E-01  0.2947E-01  0.5482E-02  0.4377E-02
      5.323  0.2331E-01  0.6722E-01  0.2137E-01  0.2302E-01  0.1370E-01  0.2697E-01  0.2939E-01  0.3032E-01  0.3994E-02  0.4469E-02  0.2181E-01  0.5271E-01  0.2193E-02  0.2759E-02  0.3415E-01  0.3473E-01  0.4122E-02  0.5570E-02
      5.333  0.1760E-01  0.7244E-01  0.1537E-01  0.3000E-01  0.1176E-01  0.3348E-01  0.2510E-01  0.3459E-01  0.3155E-02  0.5775E-02  0.1448E-01  0.6365E-01  0.1736E-02  0.3225E-02  0.2736E-01  0.4286E-01  0.3386E-02  0.7209E-02
      5.343  0.1441E-01  0.5591E-01  0.1079E-01  0.2176E-01  0.1131E-01  0.2618E-01  0.1973E-01  0.3160E-01  0.2551E-02  0.4173E-02  0.1060E-01  0.5420E-01  0.1336E-02  0.3141E-02  0.2026E-01  0.2686E-01  0.2741E-02  0.6378E-02
      5.353  0.1079E-01  0.3637E-01  0.7783E-02  0.1657E-01  0.1194E-01  0.1954E-01  0.1570E-01  0.2048E-01  0.2063E-02  0.3608E-02  0.7596E-02  0.2882E-01  0.1122E-02  0.1917E-02  0.1214E-01  0.2695E-01  0.2240E-02  0.4410E-02
      5.363  0.9264E-02  0.3395E-01  0.6933E-02  0.1977E-01  0.1209E-01  0.1849E-01  0.1339E-01  0.1866E-01  0.1897E-02  0.4329E-02  0.6529E-02  0.3197E-01  0.1283E-02  0.2508E-02  0.6979E-02  0.3942E-01  0.2052E-02  0.4762E-02
      5.373  0.1179E-01  0.2258E-01  0.9608E-02  0.1234E-01  0.1201E-01  0.1663E-01  0.1472E-01  0.1618E-01  0.2374E-02  0.2995E-02  0.8981E-02  0.1935E-01  0.2561E-02  0.2344E-02  0.9078E-02  0.1971E-01  0.2573E-02  0.3551E-02
      5.383  0.1546E-01  0.1931E-01  0.1329E-01  0.1137E-01  0.1166E-01  0.1588E-01  0.1636E-01  0.1493E-01  0.2959E-02  0.2967E-02  0.1234E-01  0.1657E-01  0.4294E-02  0.2814E-02  0.1174E-01  0.1725E-01  0.3293E-02  0.3318E-02
      5.393  0.1548E-01  0.1729E-01  0.1539E-01  0.1123E-01  0.1083E-01  0.1526E-01  0.1734E-01  0.1427E-01  0.3147E-02  0.3014E-02  0.1339E-01  0.1502E-01  0.4974E-02  0.3398E-02  0.1296E-01  0.1503E-01  0.3333E-02  0.3198E-02
      5.403  0.1479E-01  0.1497E-01  0.1671E-01  0.1112E-01  0.1002E-01  0.1427E-01  0.1791E-01  0.1389E-01  0.3199E-02  0.3052E-02  0.1406E-01  0.1298E-01  0.5305E-02  0.4004E-02  0.1372E-01  0.1229E-01  0.3276E-02  0.3029E-02
      5.413  0.1862E-01  0.1240E-01  0.1854E-01  0.1148E-01  0.9267E-02  0.1320E-01  0.1863E-01  0.1347E-01  0.3442E-02  0.3101E-02  0.1524E-01  0.1073E-01  0.5944E-02  0.4434E-02  0.1471E-01  0.9423E-02  0.3478E-02  0.2916E-02
      5.423  0.2511E-01  0.1277E-01  0.2185E-01  0.1298E-01  0.9094E-02  0.1227E-01  0.2001E-01  0.1416E-01  0.3624E-02  0.3336E-02  0.1896E-01  0.1103E-01  0.6628E-02  0.4843E-02  0.1683E-01  0.9810E-02  0.3806E-02  0.3114E-02
      5.433  0.2277E-01  0.1780E-01  0.2092E-01  0.1642E-01  0.8728E-02  0.1146E-01  0.1983E-01  0.1624E-01  0.3514E-02  0.3596E-02  0.1702E-01  0.1230E-01  0.5808E-02  0.6348E-02  0.1535E-01  0.1102E-01  0.3563E-02  0.3383E-02
      5.443  0.2262E-01  0.1699E-01  0.2398E-01  0.1554E-01  0.9093E-02  0.1018E-01  0.2093E-01  0.1587E-01  0.3757E-02  0.3462E-02  0.1800E-01  0.1034E-01  0.5439E-02  0.5460E-02  0.1575E-01  0.9367E-02  0.3650E-02  0.3239E-02
      5.453  0.2540E-01  0.1502E-01  0.3417E-01  0.1417E-01  0.9869E-02  0.9289E-02  0.2616E-01  0.1560E-01  0.4878E-02  0.3263E-02  0.2287E-01  0.8477E-02  0.5600E-02  0.4290E-02  0.2031E-01  0.7362E-02  0.4276E-02  0.2972E-02
      5.463  0.2921E-01  0.1399E-01  0.4046E-01  0.1592E-01  0.1333E-01  0.8936E-02  0.4330E-01  0.1624E-01  0.1007E-01  0.3444E-02  0.2518E-01  0.8103E-02  0.6062E-02  0.3712E-02  0.3902E-01  0.7123E-02  0.5708E-02  0.2977E-02
      5.473  0.3157E-01  0.1656E-01  0.3778E-01  0.2551E-01  0.1335E-01  0.1123E-01  0.5212E-01  0.2443E-01  0.7046E-02  0.6292E-02  0.3115E-01  0.1183E-01  0.8793E-02  0.5055E-02  0.3586E-01  0.1490E-01  0.6292E-02  0.4382E-02
      5.483  0.3107E-01  0.2514E-01  0.3100E-01  0.3931E-01  0.1195E-01  0.1333E-01  0.3863E-01  0.5553E-01  0.5532E-02  0.1371E-01  0.2590E-01  0.1841E-01  0.7344E-02  0.7879E-02  0.3039E-01  0.2795E-01  0.5261E-02  0.8187E-02
      5.493  0.2529E-01  0.1953E-01  0.2167E-01  0.2874E-01  0.9844E-02  0.1016E-01  0.2508E-01  0.3044E-01  0.4324E-02  0.6077E-02  0.1978E-01  0.1448E-01  0.6179E-02  0.7253E-02  0.2352E-01  0.1439E-01  0.3807E-02  0.6643E-02
      5.503  0.2320E-01  0.1747E-01  0.1945E-01  0.2241E-01  0.9349E-02  0.9234E-02  0.2237E-01  0.2433E-01  0.3912E-02  0.4963E-02  0.1807E-01  0.1290E-01  0.5677E-02  0.6940E-02  0.2107E-01  0.1236E-01  0.3389E-02  0.5550E-02
      5.513  0.2264E-01  0.1557E-01  0.1842E-01  0.1652E-01  0.9322E-02  0.8323E-02  0.2077E-01  0.1852E-01  0.3692E-02  0.3952E-02  0.1788E-01  0.1151E-01  0.5459E-02  0.6809E-02  0.1979E-01  0.1060E-01  0.3272E-02  0.4304E-02
      5.523  0.2872E-01  0.1459E-01  0.2044E-01  0.1419E-01  0.1127E-01  0.7922E-02  0.2129E-01  0.1605E-01  0.4147E-02  0.3467E-02  0.2142E-01  0.1087E-01  0.5812E-02  0.6694E-02  0.2306E-01  0.9511E-02  0.3674E-02  0.3629E-02
      5.533  0.3763E-01  0.1398E-01  0.2496E-01  0.1393E-01  0.1436E-01  0.7776E-02  0.2291E-01  0.1552E-01  0.4910E-02  0.3276E-02  0.2580E-01  0.1048E-01  0.6939E-02  0.6420E-02  0.2861E-01  0.8892E-02  0.4329E-02  0.3453E-02
      5.543  0.4155E-01  0.1755E-01  0.2977E-01  0.1522E-01  0.1638E-01  0.8417E-02  0.2367E-01  0.1598E-01  0.5107E-02  0.3428E-02  0.2819E-01  0.1186E-01  0.8263E-02  0.6450E-02  0.2946E-01  0.1187E-01  0.4717E-02  0.3490E-02
      5.553  0.4167E-01  0.2745E-01  0.3057E-01  0.1964E-01  0.1742E-01  0.1051E-01  0.2331E-01  0.1914E-01  0.4777E-02  0.4296E-02  0.2739E-01  0.2040E-01  0.8787E-02  0.6963E-02  0.2647E-01  0.2045E-01  0.4634E-02  0.4210E-02
      5.563  0.3404E-01  0.4808E-01  0.2835E-01  0.2936E-01  0.1564E-01  0.1480E-01  0.1875E-01  0.2663E-01  0.3868E-02  0.6240E-02  0.1929E-01  0.4554E-01  0.7573E-02  0.8526E-02  0.2108E-01  0.3509E-01  0.3565E-02  0.6309E-02
      5.573  0.2900E-01  0.4678E-01  0.2611E-01  0.3000E-01  0.1445E-01  0.1344E-01  0.1560E-01  0.2750E-01  0.3295E-02  0.6249E-02  0.1644E-01  0.3676E-01  0.6745E-02  0.8865E-02  0.1751E-01  0.3637E-01  0.3247E-02  0.5337E-02
      5.583  0.2380E-01  0.4460E-01  0.2306E-01  0.3044E-01  0.1302E-01  0.1302E-01  0.1292E-01  0.2634E-01  0.2694E-02  0.5934E-02  0.1381E-01  0.3136E-01  0.5642E-02  0.8851E-02  0.1429E-01  0.3474E-01  0.2838E-02  0.4645E-02
      5.593  0.1772E-01  0.4013E-01  0.1841E-01  0.2849E-01  0.1068E-01  0.1218E-01  0.1051E-01  0.2277E-01  0.1840E-02  0.5205E-02  0.1117E-01  0.2675E-01  0.4101E-02  0.7814E-02  0.9939E-02  0.3075E-01  0.2000E-02  0.3998E-02
      5.603  0.1477E-01  0.3427E-01  0.1723E-01  0.2520E-01  0.9690E-02  0.1104E-01  0.9756E-02  0.1850E-01  0.1671E-02  0.4329E-02  0.1053E-01  0.2231E-01  0.3457E-02  0.6162E-02  0.1011E-01  0.2621E-01  0.1787E-02  0.3285E-02
      5.613  0.1178E-01  0.2611E-01  0.1604E-01  0.1756E-01  0.8642E-02  0.9335E-02  0.9161E-02  0.1473E-01  0.1540E-02  0.3425E-02  0.1002E-01  0.1770E-01  0.2794E-02  0.3674E-02  0.1067E-01  0.2101E-01  0.1565E-02  0.2193E-02
      5.623  0.8707E-02  0.2235E-01  0.1481E-01  0.1559E-01  0.7510E-02  0.8721E-02  0.8641E-02  0.1244E-01  0.1410E-02  0.2998E-02  0.9621E-02  0.1554E-01  0.2110E-02  0.2898E-02  0.1139E-01  0.1880E-01  0.1331E-02  0.1894E-02
      5.633  0.7486E-02  0.1891E-01  0.1460E-01  0.1395E-01  0.7319E-02  0.7729E-02  0.1126E-01  0.1085E-01  0.1583E-02  0.2691E-02  0.1061E-01  0.1375E-01  0.1661E-02  0.2332E-02  0.1290E-01  0.1711E-01  0.1285E-02  0.1700E-02
      5.643  0.9849E-02  0.1545E-01  0.1841E-01  0.1241E-01  0.9906E-02  0.6601E-02  0.1439E-01  0.9567E-02  0.2088E-02  0.2439E-02  0.1555E-01  0.1209E-01  0.2124E-02  0.1878E-02  0.1585E-01  0.1564E-01  0.1883E-02  0.1568E-02
      5.653  0.1604E-01  0.1207E-01  0.2668E-01  0.1099E-01  0.1702E-01  0.5353E-02  0.2257E-01  0.8607E-02  0.3919E-02  0.2240E-02  0.2100E-01  0.1053E-01  0.4192E-02  0.1476E-02  0.2641E-01  0.1436E-01  0.2805E-02  0.1477E-02
      5.663  0.3441E-01  0.9553E-02  0.4075E-01  0.1142E-01  0.4222E-01  0.4361E-02  0.3724E-01  0.9894E-02  0.7312E-02  0.2248E-02  0.2869E-01  0.1067E-01  0.7083E-02  0.1485E-02  0.3697E-01  0.1380E-01  0.5123E-02  0.1677E-02
      5.673  0.4702E-01  0.1135E-01  0.5241E-01  0.1639E-01  0.4361E-01  0.4217E-02  0.3943E-01  0.1461E-01  0.6809E-02  0.2667E-02  0.3800E-01  0.1455E-01  0.7282E-02  0.2203E-02  0.2650E-01  0.1509E-01  0.7404E-02  0.2303E-02
      5.683  0.3399E-01  0.1538E-01  0.3674E-01  0.1782E-01  0.3265E-01  0.6591E-02  0.2089E-01  0.2143E-01  0.3456E-02  0.5218E-02  0.2693E-01  0.1659E-01  0.5468E-02  0.3635E-02  0.1664E-01  0.2258E-01  0.7121E-02  0.3348E-02
      5.693  0.2163E-01  0.2191E-01  0.1882E-01  0.2285E-01  0.2479E-01  0.1170E-01  0.1610E-01  0.2908E-01  0.2472E-02  0.7652E-02  0.1824E-01  0.2170E-01  0.2903E-02  0.5111E-02  0.6938E-02  0.3141E-01  0.3274E-02  0.5309E-02
      5.703  0.1971E-01  0.6185E-01  0.1460E-01  0.7968E-01  0.2383E-01  0.2934E-01  0.1674E-01  0.5396E-01  0.2943E-02  0.1447E-01  0.1764E-01  0.6902E-01  0.2542E-02  0.9959E-02  0.1809E-01  0.6566E-01  0.2741E-02  0.1814E-01
      5.713  0.2302E-01  0.2751E-01  0.2598E-01  0.2651E-01  0.3283E-01  0.1826E-01  0.2877E-01  0.3085E-01  0.6484E-02  0.6464E-02  0.6147E-01  0.1899E-01  0.3275E-02  0.4471E-02  0.6680E-01  0.3310E-01  0.4703E-02  0.5880E-02
      5.723  0.2810E-01  0.2554E-01  0.2084E-01  0.2117E-01  0.4245E-01  0.1661E-01  0.2319E-01  0.2583E-01  0.5362E-02  0.5506E-02  0.4197E-01  0.1679E-01  0.4103E-02  0.3639E-02  0.4343E-01  0.2783E-01  0.3964E-02  0.4798E-02
      5.733  0.2885E-01  0.2071E-01  0.1616E-01  0.1427E-01  0.4109E-01  0.1278E-01  0.1743E-01  0.1500E-01  0.3380E-02  0.3824E-02  0.2293E-01  0.1373E-01  0.4453E-02  0.2823E-02  0.1842E-01  0.1006E-01  0.2932E-02  0.3196E-02
      5.743  0.2955E-01  0.2127E-01  0.1545E-01  0.1163E-01  0.4073E-01  0.1537E-01  0.1643E-01  0.1222E-01  0.3358E-02  0.3586E-02  0.2014E-01  0.1272E-01  0.4750E-02  0.2948E-02  0.1629E-01  0.9606E-02  0.2954E-02  0.2826E-02
      5.753  0.3011E-01  0.2201E-01  0.1474E-01  0.1033E-01  0.4019E-01  0.1801E-01  0.1527E-01  0.9892E-02  0.3364E-02  0.3308E-02  0.1766E-01  0.1333E-01  0.5012E-02  0.3135E-02  0.1432E-01  0.9285E-02  0.3034E-02  0.2574E-02
      5.763  0.3049E-01  0.2356E-01  0.1450E-01  0.9817E-02  0.4024E-01  0.2036E-01  0.1469E-01  0.8804E-02  0.3415E-02  0.3233E-02  0.1795E-01  0.1477E-01  0.5222E-02  0.3358E-02  0.1369E-01  0.9422E-02  0.3353E-02  0.2465E-02
      5.773  0.3073E-01  0.2550E-01  0.1437E-01  0.1246E-01  0.4042E-01  0.2256E-01  0.1431E-01  0.1251E-01  0.3478E-02  0.3537E-02  0.1869E-01  0.2495E-01  0.5402E-02  0.4488E-02  0.1338E-01  0.1502E-01  0.3722E-02  0.2997E-02
      5.783  0.3074E-01  0.3540E-01  0.1419E-01  0.2585E-01  0.4081E-01  0.2526E-01  0.1396E-01  0.3444E-01  0.3546E-02  0.1104E-01  0.1917E-01  0.6367E-01  0.5529E-02  0.8326E-02  0.1297E-01  0.7345E-01  0.4068E-02  0.9441E-02
      5.793  0.3144E-01  0.3405E-01  0.1403E-01  0.1649E-01  0.4196E-01  0.2466E-01  0.1357E-01  0.1651E-01  0.3676E-02  0.4533E-02  0.1950E-01  0.2194E-01  0.5766E-02  0.7946E-02  0.1248E-01  0.1843E-01  0.4569E-02  0.3702E-02
      5.803  0.3646E-01  0.3619E-01  0.1409E-01  0.1616E-01  0.4816E-01  0.2747E-01  0.1266E-01  0.1603E-01  0.3758E-02  0.4813E-02  0.2005E-01  0.2265E-01  0.6831E-02  0.8270E-02  0.1200E-01  0.1692E-01  0.5253E-02  0.4739E-02
      5.813  0.3026E-01  0.3728E-01  0.2080E-01  0.2506E-01  0.4916E-01  0.2906E-01  0.1224E-01  0.1950E-01  0.3478E-02  0.7005E-02  0.2295E-01  0.4328E-01  0.7144E-02  0.8852E-02  0.2086E-01  0.2969E-01  0.4291E-02  0.8490E-02
      5.823  0.2683E-01  0.3687E-01  0.2037E-01  0.2741E-01  0.4864E-01  0.3213E-01  0.1198E-01  0.2000E-01  0.3007E-02  0.8169E-02  0.1809E-01  0.4329E-01  0.6632E-02  0.9739E-02  0.1285E-01  0.3732E-01  0.3380E-02  0.8814E-02
      5.833  0.2340E-01  0.3447E-01  0.1479E-01  0.2009E-01  0.3967E-01  0.3123E-01  0.1081E-01  0.1437E-01  0.2608E-02  0.4576E-02  0.9864E-02  0.2478E-01  0.5944E-02  0.8939E-02  0.7758E-02  0.1611E-01  0.2625E-02  0.5073E-02
      5.843  0.2555E-01  0.3274E-01  0.1820E-01  0.1615E-01  0.6818E-01  0.3038E-01  0.1367E-01  0.1173E-01  0.5118E-02  0.4025E-02  0.3030E-01  0.1872E-01  0.8014E-02  0.8220E-02  0.2707E-01  0.1213E-01  0.6661E-02  0.4143E-02
      5.853  0.2438E-01  0.3890E-01  0.1744E-01  0.1624E-01  0.6271E-01  0.3743E-01  0.1297E-01  0.1131E-01  0.4801E-02  0.4774E-02  0.2559E-01  0.1820E-01  0.7634E-02  0.9576E-02  0.1873E-01  0.1358E-01  0.5187E-02  0.4455E-02
      5.863  0.2236E-01  0.4728E-01  0.1623E-01  0.1718E-01  0.4824E-01  0.4587E-01  0.1267E-01  0.1119E-01  0.4610E-02  0.5482E-02  0.1314E-01  0.1814E-01  0.7255E-02  0.1158E-01  0.1220E-01  0.1474E-01  0.4678E-02  0.4705E-02
      5.873  0.2049E-01  0.4427E-01  0.1654E-01  0.1709E-01  0.4410E-01  0.4416E-01  0.1310E-01  0.1102E-01  0.4900E-02  0.5755E-02  0.1104E-01  0.1573E-01  0.6873E-02  0.1125E-01  0.1082E-01  0.1349E-01  0.5219E-02  0.4745E-02
      5.883  0.1827E-01  0.3797E-01  0.1671E-01  0.2388E-01  0.3990E-01  0.6881E-01  0.1348E-01  0.1324E-01  0.5129E-02  0.8360E-02  0.9068E-02  0.7366E-01  0.6285E-02  0.9890E-02  0.9530E-02  0.4700E-01  0.5788E-02  0.7805E-02
      5.893  0.1514E-01  0.2934E-01  0.1588E-01  0.1733E-01  0.3752E-01  0.4956E-01  0.1377E-01  0.1158E-01  0.5082E-02  0.6811E-02  0.8100E-02  0.2477E-01  0.5287E-02  0.8116E-02  0.8785E-02  0.2329E-01  0.5374E-02  0.6733E-02
      5.904  0.1214E-01  0.1907E-01  0.1519E-01  0.1509E-01  0.3642E-01  0.4235E-01  0.1467E-01  0.1131E-01  0.5252E-02  0.5756E-02  0.7683E-02  0.1948E-01  0.4352E-02  0.5496E-02  0.8507E-02  0.1930E-01  0.4948E-02  0.5761E-02
      5.914  0.1212E-01  0.1672E-01  0.1904E-01  0.1407E-01  0.5061E-01  0.4090E-01  0.1713E-01  0.1187E-01  0.5875E-02  0.5475E-02  0.8083E-02  0.1664E-01  0.4534E-02  0.4579E-02  0.8907E-02  0.1797E-01  0.5329E-02  0.5229E-02
      5.924  0.1291E-01  0.1501E-01  0.2214E-01  0.1332E-01  0.5889E-01  0.3985E-01  0.1999E-01  0.1276E-01  0.6580E-02  0.5358E-02  0.8617E-02  0.1439E-01  0.4867E-02  0.3853E-02  0.9301E-02  0.1767E-01  0.5805E-02  0.4801E-02
      5.934  0.1316E-01  0.2279E-01  0.2419E-01  0.2282E-01  0.5367E-01  0.8542E-01  0.1900E-01  0.2101E-01  0.6436E-02  0.7324E-02  0.8661E-02  0.1634E-01  0.4871E-02  0.6124E-02  0.8622E-02  0.2240E-01  0.4935E-02  0.6683E-02
      5.944  0.9327E-02  0.1681E-01  0.1006E-01  0.1976E-01  0.1377E-01  0.5640E-01  0.9776E-02  0.1584E-01  0.3057E-02  0.5820E-02  0.6419E-02  0.1411E-01  0.1831E-02  0.4348E-02  0.6536E-02  0.1896E-01  0.2255E-02  0.5933E-02
      5.954  0.1080E-01  0.1285E-01  0.1181E-01  0.1058E-01  0.1393E-01  0.2124E-01  0.9941E-02  0.1062E-01  0.2648E-02  0.4112E-02  0.6210E-02  0.1210E-01  0.1971E-02  0.2441E-02  0.5781E-02  0.1594E-01  0.2365E-02  0.3033E-02
      5.964  0.1505E-01  0.1576E-01  0.1688E-01  0.1245E-01  0.1565E-01  0.2293E-01  0.1214E-01  0.1247E-01  0.2882E-02  0.4913E-02  0.6641E-02  0.1212E-01  0.2285E-02  0.2669E-02  0.5762E-02  0.1526E-01  0.2827E-02  0.3658E-02
      5.974  0.1989E-01  0.2742E-01  0.2305E-01  0.2719E-01  0.1729E-01  0.5475E-01  0.1433E-01  0.2021E-01  0.3229E-02  0.8978E-02  0.7183E-02  0.1638E-01  0.2625E-02  0.5682E-02  0.5877E-02  0.1390E-01  0.3361E-02  0.9887E-02
      5.984  0.3413E-01  0.2498E-01  0.4153E-01  0.2115E-01  0.6587E-01  0.7214E-01  0.2305E-01  0.1600E-01  0.6985E-02  0.7410E-02  0.9343E-02  0.1112E-01  0.4726E-02  0.7709E-02  0.7101E-02  0.1159E-01  0.7614E-02  0.6005E-02
      5.994  0.1638E-01  0.1059E-01  0.1669E-01  0.6689E-02  0.2813E-01  0.1000E-01  0.1610E-01  0.6769E-02  0.4822E-02  0.2187E-02  0.6294E-02  0.7644E-02  0.2701E-02  0.1157E-02  0.6967E-02  0.8324E-02  0.3579E-02  0.1932E-02
      6.004  0.8878E-02  0.1139E-01  0.1015E-01  0.7562E-02  0.6297E-02  0.9901E-02  0.1006E-01  0.7470E-02  0.1845E-02  0.2290E-02  0.4380E-02  0.7599E-02  0.1711E-02  0.1242E-02  0.4107E-02  0.8214E-02  0.1824E-02  0.2048E-02
      6.014  0.9551E-02  0.1218E-01  0.1116E-01  0.8462E-02  0.6191E-02  0.9769E-02  0.1085E-01  0.8187E-02  0.1918E-02  0.2393E-02  0.4485E-02  0.7551E-02  0.1755E-02  0.1325E-02  0.4175E-02  0.8093E-02  0.1918E-02  0.2162E-02
      6.024  0.1050E-01  0.1297E-01  0.1233E-01  0.9387E-02  0.6082E-02  0.9607E-02  0.1197E-01  0.8921E-02  0.2000E-02  0.2495E-02  0.4608E-02  0.7498E-02  0.1815E-02  0.1407E-02  0.4264E-02  0.7961E-02  0.2016E-02  0.2275E-02
      6.034  0.1532E-01  0.1402E-01  0.1535E-01  0.1056E-01  0.6001E-02  0.9652E-02  0.1705E-01  0.9803E-02  0.2289E-02  0.2623E-02  0.5033E-02  0.7478E-02  0.2138E-02  0.1504E-02  0.4596E-02  0.7841E-02  0.2209E-02  0.2423E-02
      6.044  0.3980E-01  0.2114E-01  0.4669E-01  0.1674E-01  0.1518E-01  0.1359E-01  0.3869E-01  0.1434E-01  0.4704E-02  0.3343E-02  0.1099E-01  0.8198E-02  0.3273E-02  0.1929E-02  0.8000E-02  0.8192E-02  0.6686E-02  0.3315E-02
      6.054  0.5910E-01  0.3192E-01  0.6146E-01  0.2649E-01  0.1563E-01  0.1667E-01  0.6196E-01  0.2127E-01  0.6326E-02  0.4406E-02  0.1368E-01  0.9230E-02  0.3720E-02  0.2436E-02  0.1102E-01  0.8968E-02  0.8224E-02  0.4849E-02
      6.064  0.4191E-01  0.4066E-01  0.4484E-01  0.3437E-01  0.7170E-02  0.1730E-01  0.3942E-01  0.2719E-01  0.4206E-02  0.5186E-02  0.9806E-02  0.1003E-01  0.2449E-02  0.2778E-02  0.7075E-02  0.9407E-02  0.5488E-02  0.6106E-02
      6.074  0.2283E-01  0.4533E-01  0.2148E-01  0.3846E-01  0.3535E-02  0.1610E-01  0.1705E-01  0.3175E-01  0.2831E-02  0.5592E-02  0.5507E-02  0.1041E-01  0.2105E-02  0.2925E-02  0.4226E-02  0.9484E-02  0.2180E-02  0.6627E-02
      6.084  0.1496E-01  0.5175E-01  0.1494E-01  0.4194E-01  0.2353E-02  0.1324E-01  0.1196E-01  0.4364E-01  0.2229E-02  0.6127E-02  0.4353E-02  0.1053E-01  0.1693E-02  0.3078E-02  0.3669E-02  0.9511E-02  0.1898E-02  0.6713E-02
      6.094  0.4983E-02  0.2232E-01  0.1339E-01  0.2129E-01  0.2055E-02  0.6987E-02  0.9813E-02  0.2056E-01  0.1751E-02  0.3681E-02  0.4157E-02  0.7034E-02  0.1199E-02  0.1919E-02  0.3790E-02  0.6163E-02  0.1984E-02  0.3265E-02
      6.104  0.6598E-02  0.1541E-01  0.1859E-01  0.1536E-01  0.2908E-02  0.5323E-02  0.1397E-01  0.1418E-01  0.2199E-02  0.3398E-02  0.5297E-02  0.6049E-02  0.1696E-02  0.1845E-02  0.4640E-02  0.5505E-02  0.2646E-02  0.2546E-02
      6.114  0.8210E-02  0.1183E-01  0.2387E-01  0.1368E-01  0.3782E-02  0.5009E-02  0.1833E-01  0.1217E-01  0.2679E-02  0.3065E-02  0.6506E-02  0.5659E-02  0.2202E-02  0.1711E-02  0.5529E-02  0.5488E-02  0.3358E-02  0.2633E-02
      6.124  0.1903E-01  0.7944E-02  0.3700E-01  0.1361E-01  0.5373E-02  0.4865E-02  0.2832E-01  0.1087E-01  0.4531E-02  0.2711E-02  0.8378E-02  0.5598E-02  0.3973E-02  0.1689E-02  0.8555E-02  0.5685E-02  0.5178E-02  0.2977E-02
      6.134  0.2115E-01  0.7983E-02  0.5060E-01  0.1586E-01  0.7134E-02  0.5189E-02  0.3952E-01  0.1223E-01  0.6872E-02  0.2869E-02  0.1118E-01  0.6032E-02  0.5149E-02  0.1956E-02  0.1330E-01  0.6129E-02  0.7344E-02  0.3571E-02
      6.144  0.2263E-01  0.9453E-02  0.5555E-01  0.1875E-01  0.9522E-02  0.5602E-02  0.4859E-01  0.1450E-01  0.7692E-02  0.3213E-02  0.1422E-01  0.6613E-02  0.5813E-02  0.2319E-02  0.1508E-01  0.6643E-02  0.8815E-02  0.4270E-02
      6.154  0.2442E-01  0.4921E-01  0.5404E-01  0.4844E-01  0.1184E-01  0.6845E-02  0.4716E-01  0.3427E-01  0.7902E-02  0.1160E-01  0.1486E-01  0.1163E-01  0.5821E-02  0.6842E-02  0.1317E-01  0.1437E-01  0.8507E-02  0.1025E-01
      6.164  0.2201E-01  0.2233E-01  0.4374E-01  0.3302E-01  0.1270E-01  0.7195E-02  0.3602E-01  0.2827E-01  0.7848E-02  0.7385E-02  0.1247E-01  0.1051E-01  0.5105E-02  0.4757E-02  0.9071E-02  0.1208E-01  0.6851E-02  0.7887E-02
      6.174  0.1961E-01  0.2391E-01  0.3846E-01  0.3428E-01  0.1391E-01  0.8236E-02  0.3211E-01  0.3122E-01  0.7949E-02  0.8062E-02  0.1200E-01  0.1166E-01  0.4571E-02  0.5258E-02  0.9013E-02  0.1315E-01  0.6960E-02  0.9221E-02
      6.184  0.1509E-01  0.2497E-01  0.1760E-01  0.3253E-01  0.1004E-01  0.9477E-02  0.1460E-01  0.2792E-01  0.4060E-02  0.8432E-02  0.4233E-02  0.1114E-01  0.2643E-02  0.5235E-02  0.3528E-02  0.1093E-01  0.2900E-02  0.8795E-02
      6.194  0.1406E-01  0.1665E-01  0.1459E-01  0.2643E-01  0.1157E-01  0.9146E-02  0.1268E-01  0.1988E-01  0.3009E-02  0.8277E-02  0.3419E-02  0.1195E-01  0.2053E-02  0.3943E-02  0.3251E-02  0.7901E-02  0.3144E-02  0.7812E-02
      6.204  0.1537E-01  0.1454E-01  0.1810E-01  0.2119E-01  0.1804E-01  0.9625E-02  0.1534E-01  0.1631E-01  0.5522E-02  0.6706E-02  0.6039E-02  0.9311E-02  0.1987E-02  0.3247E-02  0.7786E-02  0.6601E-02  0.5885E-02  0.6806E-02
      6.214  0.2183E-01  0.1282E-01  0.3178E-01  0.1632E-01  0.3939E-01  0.1029E-01  0.2582E-01  0.1263E-01  0.1075E-01  0.5143E-02  0.1567E-01  0.7120E-02  0.2701E-02  0.2573E-02  0.1714E-01  0.5720E-02  0.1246E-01  0.6072E-02
      6.224  0.2425E-01  0.1141E-01  0.4331E-01  0.1196E-01  0.4834E-01  0.1134E-01  0.3457E-01  0.9158E-02  0.1361E-01  0.3578E-02  0.2201E-01  0.5548E-02  0.3742E-02  0.1953E-02  0.2063E-01  0.5251E-02  0.1486E-01  0.5526E-02
      6.234  0.2560E-01  0.1561E-01  0.5564E-01  0.1720E-01  0.5758E-01  0.1638E-01  0.4296E-01  0.1081E-01  0.1577E-01  0.6076E-02  0.2869E-01  0.9414E-02  0.4971E-02  0.2149E-02  0.2344E-01  0.1055E-01  0.1731E-01  0.7815E-02
      6.244  0.2264E-01  0.1641E-01  0.7082E-01  0.2366E-01  0.6676E-01  0.2228E-01  0.4259E-01  0.1309E-01  0.1660E-01  0.8100E-02  0.2728E-01  0.1301E-01  0.5364E-02  0.2485E-02  0.2303E-01  0.1290E-01  0.1704E-01  0.1085E-01
      6.254  0.1816E-01  0.1834E-01  0.6392E-01  0.3627E-01  0.4714E-01  0.3006E-01  0.4408E-01  0.1852E-01  0.1207E-01  0.1175E-01  0.2222E-01  0.1854E-01  0.6035E-02  0.3508E-02  0.1924E-01  0.1752E-01  0.1516E-01  0.1576E-01
      6.264  0.1443E-01  0.2121E-01  0.4243E-01  0.5110E-01  0.2807E-01  0.3989E-01  0.3625E-01  0.2525E-01  0.8268E-02  0.1538E-01  0.1692E-01  0.2509E-01  0.4895E-02  0.4733E-02  0.1448E-01  0.2167E-01  0.1256E-01  0.1982E-01
      6.274  0.1377E-01  0.2427E-01  0.2380E-01  0.6431E-01  0.1879E-01  0.5119E-01  0.3360E-01  0.3493E-01  0.7805E-02  0.1813E-01  0.1424E-01  0.3209E-01  0.4491E-02  0.6121E-02  0.1492E-01  0.2484E-01  0.1158E-01  0.2193E-01
      6.284  0.2305E-01  0.2553E-01  0.3467E-01  0.6753E-01  0.3556E-01  0.5245E-01  0.5077E-01  0.5201E-01  0.1226E-01  0.1879E-01  0.1586E-01  0.3558E-01  0.8613E-02  0.7611E-02  0.2781E-01  0.2685E-01  0.1506E-01  0.2312E-01
      6.294  0.1871E-01  0.2121E-01  0.2776E-01  0.3731E-01  0.3932E-01  0.3212E-01  0.4402E-01  0.3943E-01  0.1184E-01  0.1376E-01  0.1473E-01  0.1942E-01  0.9572E-02  0.5520E-02  0.2513E-01  0.1574E-01  0.1023E-01  0.1235E-01
      6.304  0.1829E-01  0.2155E-01  0.2225E-01  0.2350E-01  0.4089E-01  0.2937E-01  0.2943E-01  0.4070E-01  0.8531E-02  0.1541E-01  0.1083E-01  0.1732E-01  0.9160E-02  0.5101E-02  0.1703E-01  0.1995E-01  0.6720E-02  0.1228E-01
      6.314  0.1545E-01  0.3974E-01  0.1771E-01  0.4051E-01  0.3406E-01  0.4512E-01  0.2024E-01  0.5199E-01  0.5591E-02  0.2037E-01  0.6799E-02  0.2247E-01  0.7239E-02  0.1141E-01  0.1023E-01  0.2734E-01  0.4373E-02  0.1766E-01
      6.324  0.1143E-01  0.2729E-01  0.1302E-01  0.2759E-01  0.1397E-01  0.3630E-01  0.1478E-01  0.4032E-01  0.3307E-02  0.1451E-01  0.3338E-02  0.1539E-01  0.4757E-02  0.9484E-02  0.5978E-02  0.2005E-01  0.3265E-02  0.1001E-01
      6.334  0.1057E-01  0.1884E-01  0.1159E-01  0.1503E-01  0.1295E-01  0.2893E-01  0.1439E-01  0.2336E-01  0.2606E-02  0.8018E-02  0.2981E-02  0.7038E-02  0.4917E-02  0.7123E-02  0.5352E-02  0.1084E-01  0.2775E-02  0.5375E-02
      6.344  0.1044E-01  0.1895E-01  0.1162E-01  0.1479E-01  0.1232E-01  0.3415E-01  0.1480E-01  0.2091E-01  0.2330E-02  0.6264E-02  0.2970E-02  0.5822E-02  0.5485E-02  0.7873E-02  0.5509E-02  0.1051E-01  0.2564E-02  0.4385E-02
      6.354  0.1041E-01  0.1689E-01  0.1171E-01  0.1428E-01  0.1148E-01  0.3130E-01  0.1520E-01  0.2072E-01  0.2062E-02  0.5610E-02  0.2977E-02  0.5463E-02  0.6160E-02  0.7691E-02  0.5699E-02  0.1188E-01  0.2360E-02  0.4188E-02
      6.364  0.1056E-01  0.1499E-01  0.1191E-01  0.1397E-01  0.1044E-01  0.2785E-01  0.1562E-01  0.2112E-01  0.1843E-02  0.5136E-02  0.3030E-02  0.5441E-02  0.6949E-02  0.8070E-02  0.5963E-02  0.1343E-01  0.2219E-02  0.4173E-02
      6.374  0.1112E-01  0.1418E-01  0.1269E-01  0.1484E-01  0.1003E-01  0.2555E-01  0.1754E-01  0.2372E-01  0.1922E-02  0.5262E-02  0.3437E-02  0.7350E-02  0.1133E-01  0.1058E-01  0.7804E-02  0.1591E-01  0.2217E-02  0.4642E-02
      6.384  0.1250E-01  0.1782E-01  0.1423E-01  0.2025E-01  0.1097E-01  0.2813E-01  0.2042E-01  0.2967E-01  0.2121E-02  0.6701E-02  0.3926E-02  0.1496E-01  0.1562E-01  0.1954E-01  0.9968E-02  0.1900E-01  0.2416E-02  0.5849E-02
      6.394  0.1871E-01  0.1225E-01  0.2484E-01  0.1680E-01  0.1289E-01  0.1545E-01  0.3029E-01  0.2208E-01  0.2831E-02  0.3882E-02  0.6572E-02  0.6128E-02  0.1097E-01  0.4036E-02  0.8575E-02  0.9361E-02  0.4028E-02  0.3747E-02
      6.404  0.3059E-01  0.1093E-01  0.4126E-01  0.1553E-01  0.1502E-01  0.1300E-01  0.2533E-01  0.1999E-01  0.2583E-02  0.3454E-02  0.1115E-01  0.5079E-02  0.1094E-01  0.3639E-02  0.6941E-02  0.8307E-02  0.3534E-02  0.3266E-02
      6.414  0.1423E-01  0.9548E-02  0.1532E-01  0.1393E-01  0.7872E-02  0.1078E-01  0.1485E-01  0.1719E-01  0.1789E-02  0.3146E-02  0.5307E-02  0.4614E-02  0.5181E-02  0.3196E-02  0.6186E-02  0.7438E-02  0.2198E-02  0.2712E-02
      6.424  0.1584E-01  0.7809E-02  0.1616E-01  0.1156E-01  0.8001E-02  0.8508E-02  0.1620E-01  0.1355E-01  0.1969E-02  0.2782E-02  0.5523E-02  0.4053E-02  0.5598E-02  0.2663E-02  0.6772E-02  0.6515E-02  0.2470E-02  0.2060E-02
      6.434  0.1746E-01  0.6446E-02  0.1718E-01  0.9577E-02  0.8196E-02  0.7609E-02  0.1766E-01  0.1071E-01  0.2156E-02  0.2499E-02  0.5845E-02  0.3639E-02  0.6020E-02  0.2280E-02  0.7368E-02  0.5845E-02  0.2748E-02  0.1614E-02
      6.444  0.1920E-01  0.7804E-02  0.1867E-01  0.9178E-02  0.8602E-02  0.7447E-02  0.1933E-01  0.1023E-01  0.2372E-02  0.2960E-02  0.6521E-02  0.4707E-02  0.6506E-02  0.2177E-02  0.8023E-02  0.6315E-02  0.3098E-02  0.2668E-02
      6.454  0.1648E-01  0.1426E-01  0.1793E-01  0.1241E-01  0.7476E-02  0.7764E-02  0.1622E-01  0.1480E-01  0.2347E-02  0.5364E-02  0.6398E-02  0.8114E-02  0.5580E-02  0.2633E-02  0.6477E-02  0.9229E-02  0.3162E-02  0.5759E-02
      6.464  0.1335E-01  0.1766E-01  0.1529E-01  0.1691E-01  0.5574E-02  0.8824E-02  0.1235E-01  0.1753E-01  0.2034E-02  0.6497E-02  0.5775E-02  0.1200E-01  0.4529E-02  0.3379E-02  0.3775E-02  0.1067E-01  0.3010E-02  0.6125E-02
      6.474  0.1371E-01  0.1938E-01  0.1473E-01  0.2029E-01  0.5141E-02  0.8970E-02  0.1268E-01  0.1766E-01  0.1903E-02  0.6018E-02  0.5663E-02  0.1441E-01  0.4532E-02  0.4075E-02  0.3091E-02  0.9907E-02  0.2935E-02  0.5723E-02
      6.484  0.1451E-01  0.2151E-01  0.1489E-01  0.2366E-01  0.5174E-02  0.8891E-02  0.1339E-01  0.1809E-01  0.1872E-02  0.5547E-02  0.5700E-02  0.1638E-01  0.4609E-02  0.4940E-02  0.2703E-02  0.9216E-02  0.2817E-02  0.5441E-02
      6.494  0.1879E-01  0.2410E-01  0.2040E-01  0.2704E-01  0.7484E-02  0.8735E-02  0.1859E-01  0.1909E-01  0.2872E-02  0.5108E-02  0.6966E-02  0.1797E-01  0.5647E-02  0.6027E-02  0.3950E-02  0.8860E-02  0.3071E-02  0.5301E-02
      6.504  0.2378E-01  0.2724E-01  0.2740E-01  0.3064E-01  0.1051E-01  0.9848E-02  0.2682E-01  0.2108E-01  0.4549E-02  0.5075E-02  0.8393E-02  0.1942E-01  0.7184E-02  0.7326E-02  0.5795E-02  0.9173E-02  0.3322E-02  0.5374E-02
      6.514  0.2483E-01  0.5770E-01  0.3321E-01  0.6327E-01  0.2934E-01  0.1977E-01  0.1598E-01  0.3361E-01  0.6512E-02  0.7931E-02  0.9245E-02  0.2691E-01  0.1257E-01  0.1431E-01  0.6776E-02  0.1248E-01  0.4417E-02  0.7627E-02
      6.524  0.1894E-01  0.8837E-01  0.2706E-01  0.9948E-01  0.1829E-01  0.2768E-01  0.1261E-01  0.5994E-01  0.4498E-02  0.9150E-02  0.8770E-02  0.2960E-01  0.7907E-02  0.2273E-01  0.5275E-02  0.2116E-01  0.3438E-02  0.1230E-01
      6.534  0.1696E-01  0.1476E+00  0.2388E-01  0.1503E+00  0.1535E-01  0.4379E-01  0.1124E-01  0.1330E+00  0.4120E-02  0.1092E-01  0.8932E-02  0.3696E-01  0.6852E-02  0.3994E-01  0.4873E-02  0.4098E-01  0.3321E-02  0.1886E-01
      6.544  0.1488E-01  0.6435E-01  0.1991E-01  0.6841E-01  0.1239E-01  0.1165E-01  0.1004E-01  0.7016E-01  0.3904E-02  0.7520E-02  0.9070E-02  0.1407E-01  0.5920E-02  0.1594E-01  0.4537E-02  0.1833E-01  0.3209E-02  0.7466E-02
      6.554  0.1279E-01  0.2109E-01  0.1627E-01  0.3541E-01  0.9614E-02  0.7084E-02  0.9243E-02  0.3125E-01  0.3336E-02  0.5415E-02  0.8028E-02  0.6956E-02  0.4978E-02  0.7462E-02  0.4324E-02  0.9265E-02  0.2926E-02  0.3652E-02
      6.564  0.1184E-01  0.7511E-02  0.1526E-01  0.1422E-01  0.9693E-02  0.6335E-02  0.9054E-02  0.2099E-01  0.2930E-02  0.3874E-02  0.6788E-02  0.3222E-02  0.4692E-02  0.4753E-02  0.4436E-02  0.9180E-02  0.2965E-02  0.2837E-02
      6.574  0.1145E-01  0.8325E-02  0.1504E-01  0.1471E-01  0.9857E-02  0.1005E-01  0.9274E-02  0.2559E-01  0.2731E-02  0.5805E-02  0.6038E-02  0.3215E-02  0.4594E-02  0.5933E-02  0.4704E-02  0.1372E-01  0.2953E-02  0.3248E-02
      6.584  0.1119E-01  0.1088E-01  0.1481E-01  0.1888E-01  0.9965E-02  0.1940E-01  0.9509E-02  0.3587E-01  0.2555E-02  0.9992E-02  0.5333E-02  0.5594E-02  0.4527E-02  0.1042E-01  0.4911E-02  0.2330E-01  0.2944E-02  0.5278E-02
      6.594  0.1102E-01  0.1203E-01  0.1457E-01  0.2052E-01  0.1000E-01  0.2456E-01  0.9770E-02  0.3917E-01  0.2401E-02  0.1128E-01  0.4669E-02  0.8127E-02  0.4484E-02  0.1349E-01  0.5116E-02  0.2548E-01  0.2921E-02  0.7150E-02
      6.604  0.9743E-02  0.1145E-01  0.1223E-01  0.1886E-01  0.7451E-02  0.1804E-01  0.9180E-02  0.3406E-01  0.2089E-02  0.7788E-02  0.3338E-02  0.1003E-01  0.3972E-02  0.1078E-01  0.4724E-02  0.1850E-01  0.2186E-02  0.6125E-02
      6.614  0.9467E-02  0.1698E-01  0.1144E-01  0.2384E-01  0.6536E-02  0.2425E-01  0.9275E-02  0.3578E-01  0.1969E-02  0.8441E-02  0.2831E-02  0.1514E-01  0.3868E-02  0.1568E-01  0.4662E-02  0.1719E-01  0.1942E-02  0.8283E-02
      6.624  0.9650E-02  0.1446E-01  0.1117E-01  0.1841E-01  0.6198E-02  0.1850E-01  0.9668E-02  0.3052E-01  0.1944E-02  0.6629E-02  0.2585E-02  0.1200E-01  0.3995E-02  0.1307E-01  0.4696E-02  0.1310E-01  0.1896E-02  0.6645E-02
      6.634  0.1019E-01  0.1131E-01  0.1094E-01  0.1050E-01  0.5989E-02  0.1298E-01  0.1012E-01  0.2114E-01  0.2019E-02  0.4289E-02  0.2440E-02  0.7482E-02  0.4337E-02  0.9313E-02  0.4740E-02  0.7674E-02  0.1943E-02  0.4636E-02
      6.644  0.1061E-01  0.9962E-02  0.1048E-01  0.7985E-02  0.5752E-02  0.1142E-01  0.1021E-01  0.1795E-01  0.2073E-02  0.3390E-02  0.2301E-02  0.6115E-02  0.4649E-02  0.7749E-02  0.4750E-02  0.5687E-02  0.1964E-02  0.3742E-02
      6.654  0.1134E-01  0.1153E-01  0.1032E-01  0.9063E-02  0.5766E-02  0.1327E-01  0.1044E-01  0.1894E-01  0.2204E-02  0.3814E-02  0.2366E-02  0.6097E-02  0.5071E-02  0.8745E-02  0.4792E-02  0.5703E-02  0.2038E-02  0.3496E-02
      6.664  0.1221E-01  0.1518E-01  0.1027E-01  0.1228E-01  0.5868E-02  0.1759E-01  0.1072E-01  0.2251E-01  0.2349E-02  0.4812E-02  0.2506E-02  0.6918E-02  0.5541E-02  0.1164E-01  0.4838E-02  0.6920E-02  0.2128E-02  0.3596E-02
      6.674  0.1285E-01  0.2072E-01  0.1005E-01  0.1759E-01  0.5839E-02  0.2380E-01  0.1066E-01  0.2921E-01  0.2363E-02  0.6387E-02  0.2614E-02  0.9155E-02  0.5912E-02  0.1589E-01  0.4705E-02  0.9506E-02  0.2203E-02  0.4385E-02
      6.684  0.1323E-01  0.2645E-01  0.9579E-02  0.2343E-01  0.5703E-02  0.3033E-01  0.1032E-01  0.3679E-01  0.2250E-02  0.7782E-02  0.2677E-02  0.1186E-01  0.6200E-02  0.2031E-01  0.4371E-02  0.1230E-01  0.2266E-02  0.5268E-02
      6.694  0.1364E-01  0.3200E-01  0.9068E-02  0.3102E-01  0.5626E-02  0.3711E-01  0.1004E-01  0.5547E-01  0.2136E-02  0.1508E-01  0.2741E-02  0.1905E-01  0.6541E-02  0.2493E-01  0.4015E-02  0.1658E-01  0.2332E-02  0.6591E-02
      6.704  0.1468E-01  0.3892E-01  0.9190E-02  0.5019E-01  0.6162E-02  0.5011E-01  0.1059E-01  0.7016E-01  0.2237E-02  0.1670E-01  0.2956E-02  0.2547E-01  0.7168E-02  0.2921E-01  0.4320E-02  0.2748E-01  0.2559E-02  0.1689E-01
      6.714  0.1732E-01  0.3319E-01  0.1117E-01  0.3450E-01  0.8816E-02  0.3650E-01  0.1306E-01  0.5178E-01  0.2913E-02  0.1088E-01  0.3851E-02  0.1664E-01  0.8719E-02  0.2845E-01  0.6051E-02  0.1698E-01  0.3308E-02  0.1116E-01
      6.724  0.1755E-01  0.3124E-01  0.1195E-01  0.1554E-01  0.1028E-01  0.2976E-01  0.1312E-01  0.2997E-01  0.3019E-02  0.6653E-02  0.5041E-02  0.7232E-02  0.9347E-02  0.2806E-01  0.6225E-02  0.7514E-02  0.3573E-02  0.3022E-02
      6.734  0.1692E-01  0.2258E-01  0.1224E-01  0.1193E-01  0.1068E-01  0.2266E-01  0.1255E-01  0.1459E-01  0.3060E-02  0.4377E-02  0.5829E-02  0.4680E-02  0.9212E-02  0.2153E-01  0.5709E-02  0.4938E-02  0.3733E-02  0.2412E-02
      6.744  0.1575E-01  0.2050E-01  0.1225E-01  0.1862E-01  0.1028E-01  0.2600E-01  0.1152E-01  0.1611E-01  0.2998E-02  0.6114E-02  0.6519E-02  0.1884E-01  0.8666E-02  0.2292E-01  0.4894E-02  0.7872E-02  0.3725E-02  0.4201E-02
      6.754  0.1441E-01  0.1726E-01  0.1235E-01  0.1971E-01  0.9994E-02  0.2841E-01  0.1068E-01  0.1772E-01  0.2975E-02  0.6851E-02  0.7261E-02  0.2002E-01  0.8049E-02  0.2076E-01  0.4129E-02  0.1826E-01  0.3713E-02  0.5542E-02
      6.764  0.1361E-01  0.1272E-01  0.1127E-01  0.2085E-01  0.8854E-02  0.2827E-01  0.9564E-02  0.1706E-01  0.2737E-02  0.7404E-02  0.6685E-02  0.2046E-01  0.7208E-02  0.1774E-01  0.3432E-02  0.2564E-01  0.3246E-02  0.6897E-02
      6.774  0.1200E-01  0.1539E-01  0.9161E-02  0.2401E-01  0.7307E-02  0.3587E-01  0.8096E-02  0.2218E-01  0.2267E-02  0.8531E-02  0.4963E-02  0.2147E-01  0.5961E-02  0.2288E-01  0.2740E-02  0.3420E-01  0.2524E-02  0.8605E-02
      6.784  0.9099E-02  0.1754E-01  0.6568E-02  0.2750E-01  0.5907E-02  0.4398E-01  0.6922E-02  0.2873E-01  0.1753E-02  0.9495E-02  0.2941E-02  0.2338E-01  0.4513E-02  0.2839E-01  0.1911E-02  0.4448E-01  0.1766E-02  0.1023E-01
      6.794  0.8326E-02  0.1561E-01  0.6185E-02  0.2733E-01  0.6638E-02  0.4176E-01  0.7128E-02  0.2593E-01  0.1645E-02  0.7637E-02  0.2339E-02  0.2116E-01  0.4040E-02  0.2690E-01  0.1749E-02  0.3517E-01  0.1577E-02  0.8328E-02
      6.804  0.7792E-02  0.1318E-01  0.6368E-02  0.3283E-01  0.7546E-02  0.3987E-01  0.7759E-02  0.2203E-01  0.1590E-02  0.6545E-02  0.2532E-02  0.2357E-01  0.3930E-02  0.2004E-01  0.1673E-02  0.2841E-01  0.1532E-02  0.6844E-02
      6.814  0.7475E-02  0.5379E-02  0.6794E-02  0.4406E-02  0.8488E-02  0.7489E-02  0.9004E-02  0.8269E-02  0.1558E-02  0.2327E-02  0.2607E-02  0.3001E-02  0.4784E-02  0.6194E-02  0.1653E-02  0.9066E-02  0.1464E-02  0.1938E-02
      6.824  0.7167E-02  0.3894E-02  0.7618E-02  0.2347E-02  0.9673E-02  0.1862E-02  0.9957E-02  0.1935E-02  0.1528E-02  0.1356E-02  0.2575E-02  0.1128E-02  0.6748E-02  0.1743E-02  0.1681E-02  0.1513E-02  0.1356E-02  0.1025E-02
      6.834  0.6872E-02  0.4728E-02  0.7576E-02  0.3021E-02  0.9922E-02  0.2509E-02  0.9421E-02  0.4319E-02  0.1521E-02  0.1706E-02  0.2549E-02  0.1732E-02  0.6619E-02  0.2027E-02  0.1777E-02  0.2951E-02  0.1347E-02  0.1022E-02
      6.844  0.6702E-02  0.6460E-02  0.7576E-02  0.4578E-02  0.1018E-01  0.3877E-02  0.8963E-02  0.1025E-01  0.1525E-02  0.2510E-02  0.2524E-02  0.3768E-02  0.6527E-02  0.2826E-02  0.1896E-02  0.5659E-02  0.1357E-02  0.1212E-02
      6.854  0.6956E-02  0.6500E-02  0.7700E-02  0.5619E-02  0.9666E-02  0.4292E-02  0.8669E-02  0.1015E-01  0.1617E-02  0.2478E-02  0.2469E-02  0.4426E-02  0.6718E-02  0.3013E-02  0.2245E-02  0.5722E-02  0.1474E-02  0.1301E-02
      6.864  0.6486E-02  0.6520E-02  0.7462E-02  0.6619E-02  0.9571E-02  0.4742E-02  0.8287E-02  0.1005E-01  0.1578E-02  0.2513E-02  0.2372E-02  0.4844E-02  0.6603E-02  0.3160E-02  0.2358E-02  0.5731E-02  0.1407E-02  0.1426E-02
      6.874  0.6094E-02  0.6543E-02  0.7364E-02  0.7665E-02  0.9776E-02  0.5213E-02  0.8120E-02  0.9932E-02  0.1617E-02  0.2545E-02  0.2374E-02  0.5273E-02  0.6580E-02  0.3306E-02  0.2422E-02  0.5714E-02  0.1326E-02  0.1557E-02
      6.884  0.5711E-02  0.6568E-02  0.7287E-02  0.8756E-02  0.1002E-01  0.5705E-02  0.7951E-02  0.9789E-02  0.1656E-02  0.2577E-02  0.2387E-02  0.5713E-02  0.6540E-02  0.3449E-02  0.2479E-02  0.5672E-02  0.1246E-02  0.1695E-02
      6.894  0.5337E-02  0.1545E-01  0.7231E-02  0.1255E-01  0.1031E-01  0.8025E-02  0.7778E-02  0.1082E-01  0.1696E-02  0.3276E-02  0.2411E-02  0.8029E-02  0.6482E-02  0.7560E-02  0.2527E-02  0.7919E-02  0.1168E-02  0.2108E-02
      6.904  0.5091E-02  0.2327E-01  0.7283E-02  0.1686E-01  0.1067E-01  0.1076E-01  0.7668E-02  0.1213E-01  0.1769E-02  0.4005E-02  0.2468E-02  0.1088E-01  0.6449E-02  0.1130E-01  0.2625E-02  0.1082E-01  0.1125E-02  0.2602E-02
      6.914  0.4970E-02  0.2840E-01  0.7483E-02  0.1921E-01  0.1108E-01  0.1321E-01  0.7852E-02  0.1312E-01  0.1866E-02  0.4466E-02  0.2492E-02  0.1268E-01  0.6883E-02  0.1373E-01  0.2796E-02  0.1386E-01  0.1130E-02  0.2717E-02
      6.924  0.4823E-02  0.3113E-01  0.7630E-02  0.1962E-01  0.1121E-01  0.1533E-01  0.8141E-02  0.1372E-01  0.1863E-02  0.4592E-02  0.2447E-02  0.1281E-01  0.7533E-02  0.1498E-01  0.2968E-02  0.1703E-01  0.1126E-02  0.2570E-02
      6.934  0.4725E-02  0.1926E-01  0.7814E-02  0.1938E-01  0.1145E-01  0.1867E-01  0.8537E-02  0.1499E-01  0.1818E-02  0.4149E-02  0.2430E-02  0.1301E-01  0.8264E-02  0.1034E-01  0.3154E-02  0.1768E-01  0.1120E-02  0.2622E-02
      6.944  0.4727E-02  0.1305E-01  0.8199E-02  0.1831E-01  0.1232E-01  0.2031E-01  0.9051E-02  0.1401E-01  0.1819E-02  0.3729E-02  0.2498E-02  0.1266E-01  0.9137E-02  0.7374E-02  0.3573E-02  0.1568E-01  0.1141E-02  0.2634E-02
      6.954  0.4897E-02  0.1066E-01  0.8849E-02  0.1811E-01  0.1373E-01  0.2165E-01  0.9786E-02  0.1307E-01  0.1998E-02  0.3441E-02  0.2703E-02  0.1184E-01  0.1013E-01  0.5980E-02  0.4020E-02  0.1474E-01  0.1192E-02  0.2586E-02
      6.964  0.3605E-02  0.1047E-01  0.7350E-02  0.1908E-01  0.1178E-01  0.2463E-01  0.7556E-02  0.1241E-01  0.1759E-02  0.3386E-02  0.2163E-02  0.1133E-01  0.7274E-02  0.5561E-02  0.3625E-02  0.1411E-01  0.1107E-02  0.2710E-02
      6.974  0.2647E-02  0.1174E-01  0.4985E-02  0.2050E-01  0.9583E-02  0.2818E-01  0.5083E-02  0.1197E-01  0.1478E-02  0.3472E-02  0.1220E-02  0.1121E-01  0.4934E-02  0.5794E-02  0.2839E-02  0.1349E-01  0.1028E-02  0.2885E-02
      6.984  0.2408E-02  0.1314E-01  0.4412E-02  0.2205E-01  0.9434E-02  0.3195E-01  0.4484E-02  0.1155E-01  0.1475E-02  0.3578E-02  0.9835E-03  0.1110E-01  0.4476E-02  0.6043E-02  0.2460E-02  0.1280E-01  0.1047E-02  0.3086E-02
      6.994  0.2364E-02  0.2815E-01  0.4586E-02  0.3515E-01  0.8993E-02  0.5449E-01  0.4704E-02  0.1540E-01  0.1499E-02  0.4579E-02  0.9883E-03  0.1241E-01  0.4137E-02  0.8518E-02  0.2222E-02  0.1256E-01  0.1038E-02  0.4662E-02
      7.004  0.2395E-02  0.2704E-01  0.4938E-02  0.3395E-01  0.8632E-02  0.5225E-01  0.5152E-02  0.1430E-01  0.1541E-02  0.4411E-02  0.1050E-02  0.1210E-01  0.3852E-02  0.8761E-02  0.2072E-02  0.1174E-01  0.1046E-02  0.4436E-02
      7.014  0.2452E-02  0.3485E-01  0.5322E-02  0.7215E-01  0.8247E-02  0.6342E-01  0.5671E-02  0.2756E-01  0.1578E-02  0.8790E-02  0.1116E-02  0.1317E-01  0.3578E-02  0.1577E-01  0.1918E-02  0.1172E-01  0.1050E-02  0.1056E-01
      7.024  0.2448E-02  0.3401E-01  0.5198E-02  0.5295E-01  0.6996E-02  0.4903E-01  0.6217E-02  0.2284E-01  0.1491E-02  0.7588E-02  0.1088E-02  0.1083E-01  0.3182E-02  0.1172E-01  0.1571E-02  0.9194E-02  0.9678E-03  0.7381E-02
      7.034  0.3334E-02  0.3851E-01  0.7370E-02  0.5010E-01  0.6253E-02  0.4888E-01  0.1168E-01  0.2339E-01  0.2253E-02  0.8075E-02  0.1918E-02  0.1046E-01  0.3455E-02  0.1270E-01  0.1473E-02  0.8737E-02  0.1019E-02  0.7132E-02
      7.044  0.2943E-02  0.3390E-01  0.5887E-02  0.3866E-01  0.4964E-02  0.3870E-01  0.1184E-01  0.1818E-01  0.2066E-02  0.6397E-02  0.1698E-02  0.8520E-02  0.2984E-02  0.1201E-01  0.1214E-02  0.6768E-02  0.8515E-03  0.6017E-02
      7.054  0.2728E-02  0.2361E-01  0.4827E-02  0.2815E-01  0.4414E-02  0.2812E-01  0.1301E-01  0.1509E-01  0.1878E-02  0.5263E-02  0.1545E-02  0.7281E-02  0.2879E-02  0.1045E-01  0.1197E-02  0.5575E-02  0.7619E-03  0.4805E-02
      7.064  0.3035E-02  0.1649E-01  0.4744E-02  0.2112E-01  0.5318E-02  0.2082E-01  0.1575E-01  0.1326E-01  0.1990E-02  0.4647E-02  0.1545E-02  0.6178E-02  0.3537E-02  0.9265E-02  0.1675E-02  0.4535E-02  0.8629E-03  0.3926E-02
      7.074  0.2995E-02  0.1632E-01  0.4672E-02  0.2004E-01  0.5509E-02  0.1937E-01  0.1765E-01  0.1279E-01  0.2020E-02  0.4486E-02  0.1478E-02  0.5500E-02  0.3829E-02  0.8870E-02  0.1744E-02  0.3743E-02  0.9263E-03  0.3674E-02
      7.084  0.2715E-02  0.1642E-01  0.4293E-02  0.1941E-01  0.5407E-02  0.1837E-01  0.1716E-01  0.1242E-01  0.1910E-02  0.4333E-02  0.1190E-02  0.5014E-02  0.3738E-02  0.8574E-02  0.1648E-02  0.3021E-02  0.9577E-03  0.3533E-02
      7.094  0.2126E-02  0.1656E-01  0.3503E-02  0.1890E-01  0.4966E-02  0.1763E-01  0.1147E-01  0.1217E-01  0.1588E-02  0.4213E-02  0.6819E-03  0.4675E-02  0.2911E-02  0.8332E-02  0.1348E-02  0.2603E-02  0.9574E-03  0.3460E-02
      7.104  0.1925E-02  0.1668E-01  0.3380E-02  0.1860E-01  0.5034E-02  0.1716E-01  0.9760E-02  0.1216E-01  0.1492E-02  0.4225E-02  0.5689E-03  0.4462E-02  0.2713E-02  0.8336E-02  0.1266E-02  0.2417E-02  0.1003E-02  0.3535E-02
      7.114  0.1838E-02  0.1681E-01  0.3413E-02  0.1834E-01  0.5279E-02  0.1664E-01  0.9306E-02  0.1216E-01  0.1450E-02  0.4236E-02  0.5415E-03  0.4241E-02  0.2698E-02  0.8332E-02  0.1238E-02  0.2234E-02  0.1047E-02  0.3611E-02
      7.124  0.1770E-02  0.1771E-01  0.3463E-02  0.1982E-01  0.6153E-02  0.1732E-01  0.8284E-02  0.1365E-01  0.1384E-02  0.5002E-02  0.5313E-03  0.4159E-02  0.2637E-02  0.9013E-02  0.1223E-02  0.2341E-02  0.1051E-02  0.4266E-02
      7.134  0.1710E-02  0.1766E-01  0.3636E-02  0.2170E-01  0.7284E-02  0.1784E-01  0.8112E-02  0.1556E-01  0.1394E-02  0.6004E-02  0.5174E-03  0.4042E-02  0.2784E-02  0.1013E-01  0.1312E-02  0.2530E-02  0.1137E-02  0.4974E-02
      7.144  0.1880E-02  0.1421E-01  0.3902E-02  0.2140E-01  0.8756E-02  0.1610E-01  0.7955E-02  0.1636E-01  0.1398E-02  0.6707E-02  0.5102E-03  0.3543E-02  0.2942E-02  0.1100E-01  0.1425E-02  0.2527E-02  0.1268E-02  0.5331E-02
      7.154  0.4775E-02  0.1456E-01  0.5277E-02  0.2355E-01  0.1660E-01  0.1782E-01  0.9765E-02  0.1806E-01  0.1579E-02  0.7409E-02  0.5813E-03  0.3724E-02  0.3860E-02  0.1222E-01  0.2179E-02  0.2755E-02  0.1814E-02  0.5779E-02
      7.164  0.8324E-02  0.1506E-01  0.8201E-02  0.2533E-01  0.2342E-01  0.1933E-01  0.1282E-01  0.1877E-01  0.2093E-02  0.7768E-02  0.7580E-03  0.3815E-02  0.5852E-02  0.1329E-01  0.2971E-02  0.2966E-02  0.2245E-02  0.5925E-02
      7.174  0.1119E-01  0.1560E-01  0.1116E-01  0.2717E-01  0.1935E-01  0.2083E-01  0.1299E-01  0.1942E-01  0.2423E-02  0.8085E-02  0.8837E-03  0.3904E-02  0.6889E-02  0.1438E-01  0.1872E-02  0.3175E-02  0.1898E-02  0.6060E-02
      7.184  0.1120E-01  0.1877E-01  0.1214E-01  0.3343E-01  0.1820E-01  0.2505E-01  0.1257E-01  0.2185E-01  0.2658E-02  0.8999E-02  0.1125E-02  0.4572E-02  0.6524E-02  0.1735E-01  0.2067E-02  0.3686E-02  0.1694E-02  0.6975E-02
      7.194  0.7069E-02  0.2256E-01  0.1058E-01  0.4030E-01  0.1355E-01  0.2975E-01  0.9442E-02  0.2446E-01  0.2501E-02  0.1127E-01  0.1330E-02  0.5525E-02  0.4442E-02  0.2202E-01  0.2143E-02  0.4559E-02  0.1364E-02  0.8108E-02
      7.204  0.4996E-02  0.2081E-01  0.8821E-02  0.3312E-01  0.1114E-01  0.2296E-01  0.8737E-02  0.2120E-01  0.2302E-02  0.8740E-02  0.1476E-02  0.4855E-02  0.3403E-02  0.1942E-01  0.2180E-02  0.3871E-02  0.1263E-02  0.7440E-02
      7.214  0.3303E-02  0.1755E-01  0.5615E-02  0.2764E-01  0.7726E-02  0.1868E-01  0.6910E-02  0.1841E-01  0.1813E-02  0.7009E-02  0.1390E-02  0.3974E-02  0.2401E-02  0.1717E-01  0.1955E-02  0.3525E-02  0.1054E-02  0.6150E-02
      7.224  0.3473E-02  0.7546E-02  0.3953E-02  0.1213E-01  0.6956E-02  0.8797E-02  0.6782E-02  0.8811E-02  0.1622E-02  0.4233E-02  0.1414E-02  0.1671E-02  0.2449E-02  0.9746E-02  0.1970E-02  0.1712E-02  0.1006E-02  0.2955E-02
      7.234  0.4348E-02  0.5277E-02  0.4773E-02  0.9231E-02  0.9039E-02  0.6918E-02  0.7836E-02  0.7220E-02  0.1832E-02  0.3776E-02  0.1660E-02  0.1294E-02  0.2876E-02  0.9597E-02  0.2347E-02  0.1627E-02  0.1156E-02  0.2248E-02
      7.244  0.4655E-02  0.5083E-02  0.4672E-02  0.8601E-02  0.9750E-02  0.7467E-02  0.7839E-02  0.7333E-02  0.1734E-02  0.3791E-02  0.1654E-02  0.1541E-02  0.2827E-02  0.1148E-01  0.2408E-02  0.1843E-02  0.1134E-02  0.2263E-02
      7.254  0.4091E-02  0.4994E-02  0.4087E-02  0.8153E-02  0.8984E-02  0.8099E-02  0.6831E-02  0.8709E-02  0.1481E-02  0.3771E-02  0.1502E-02  0.1860E-02  0.2327E-02  0.1382E-01  0.2201E-02  0.2201E-02  0.9425E-03  0.2341E-02
      7.264  0.3517E-02  0.5792E-02  0.3749E-02  0.9006E-02  0.8496E-02  0.9925E-02  0.6038E-02  0.1483E-01  0.1316E-02  0.3823E-02  0.1424E-02  0.2385E-02  0.1959E-02  0.1910E-01  0.2067E-02  0.3094E-02  0.7915E-03  0.3152E-02
      7.274  0.1421E-01  0.6581E-02  0.8150E-02  0.1033E-01  0.3455E-01  0.1157E-01  0.1913E-01  0.2258E-01  0.1755E-02  0.3932E-02  0.3455E-02  0.2931E-02  0.8921E-02  0.2395E-01  0.5499E-02  0.4069E-02  0.4168E-02  0.4004E-02
      7.284  0.7424E-02  0.7498E-02  0.7447E-02  0.1103E-01  0.1443E-01  0.1363E-01  0.7740E-02  0.2546E-01  0.1279E-02  0.4314E-02  0.1653E-02  0.3055E-02  0.4407E-02  0.2638E-01  0.2246E-02  0.4292E-02  0.2212E-02  0.4172E-02
      7.294  0.6629E-02  0.7444E-02  0.8200E-02  0.1470E-01  0.1295E-01  0.1702E-01  0.6627E-02  0.2317E-01  0.1095E-02  0.4479E-02  0.1400E-02  0.3122E-02  0.3602E-02  0.2560E-01  0.1732E-02  0.4086E-02  0.1910E-02  0.3836E-02
      7.305  0.5878E-02  0.7172E-02  0.8920E-02  0.1425E-01  0.1131E-01  0.1754E-01  0.5656E-02  0.2139E-01  0.9265E-03  0.4421E-02  0.1163E-02  0.2980E-02  0.2828E-02  0.2433E-01  0.1308E-02  0.3854E-02  0.1639E-02  0.3642E-02
      7.315  0.5187E-02  0.7680E-02  0.9702E-02  0.1444E-01  0.9430E-02  0.2061E-01  0.5120E-02  0.2044E-01  0.9107E-03  0.4552E-02  0.9838E-03  0.3110E-02  0.1966E-02  0.2526E-01  0.1114E-02  0.4102E-02  0.1289E-02  0.3723E-02
      7.325  0.4858E-02  0.6913E-02  0.1014E-01  0.1314E-01  0.8354E-02  0.2084E-01  0.5162E-02  0.1773E-01  0.1045E-02  0.4512E-02  0.1014E-02  0.3080E-02  0.1612E-02  0.2280E-01  0.1535E-02  0.3922E-02  0.1326E-02  0.3440E-02
      7.335  0.4617E-02  0.6935E-02  0.1049E-01  0.1266E-01  0.7664E-02  0.2127E-01  0.5271E-02  0.1864E-01  0.1160E-02  0.4801E-02  0.1070E-02  0.3084E-02  0.1473E-02  0.2309E-01  0.1939E-02  0.3973E-02  0.1484E-02  0.3460E-02
      7.345  0.4374E-02  0.7010E-02  0.1078E-01  0.1205E-01  0.7062E-02  0.2204E-01  0.5390E-02  0.1910E-01  0.1265E-02  0.5177E-02  0.1113E-02  0.3063E-02  0.1375E-02  0.2380E-01  0.2304E-02  0.4011E-02  0.1641E-02  0.3444E-02
      7.355  0.4128E-02  0.7301E-02  0.1100E-01  0.1108E-01  0.6547E-02  0.2436E-01  0.5521E-02  0.1788E-01  0.1360E-02  0.5389E-02  0.1144E-02  0.3033E-02  0.1319E-02  0.2585E-01  0.2631E-02  0.4026E-02  0.1796E-02  0.3337E-02
      7.365  0.4495E-02  0.7577E-02  0.1140E-01  0.1028E-01  0.7780E-02  0.2704E-01  0.7835E-02  0.1596E-01  0.1906E-02  0.5157E-02  0.1433E-02  0.3046E-02  0.1771E-02  0.2813E-01  0.3516E-02  0.3973E-02  0.2128E-02  0.3243E-02
      7.375  0.4855E-02  0.2694E-02  0.1086E-01  0.4030E-02  0.9197E-02  0.5242E-02  0.9127E-02  0.5114E-02  0.2250E-02  0.1726E-02  0.1549E-02  0.1384E-02  0.2423E-02  0.1083E-01  0.3960E-02  0.1111E-02  0.2205E-02  0.1334E-02
      7.385  0.5365E-02  0.2036E-02  0.1000E-01  0.2325E-02  0.1102E-01  0.2856E-02  0.9828E-02  0.2409E-02  0.2285E-02  0.1328E-02  0.1567E-02  0.1092E-02  0.3127E-02  0.9322E-02  0.3601E-02  0.7293E-03  0.2116E-02  0.9081E-03
      7.395  0.6088E-02  0.2112E-02  0.9019E-02  0.2434E-02  0.1183E-01  0.2930E-02  0.1015E-01  0.2579E-02  0.2501E-02  0.1403E-02  0.1852E-02  0.1146E-02  0.3629E-02  0.9655E-02  0.4012E-02  0.7612E-03  0.2070E-02  0.9324E-03
      7.405  0.6921E-02  0.2214E-02  0.8057E-02  0.2598E-02  0.1249E-01  0.3039E-02  0.1029E-01  0.2818E-02  0.2728E-02  0.1482E-02  0.2171E-02  0.1236E-02  0.4108E-02  0.1003E-01  0.4438E-02  0.8270E-03  0.1981E-02  0.9708E-03
      7.415  0.6941E-02  0.2488E-02  0.7108E-02  0.3078E-02  0.1179E-01  0.3355E-02  0.9439E-02  0.3450E-02  0.2611E-02  0.1606E-02  0.2133E-02  0.1512E-02  0.4047E-02  0.1074E-01  0.4193E-02  0.1072E-02  0.1856E-02  0.1092E-02
      7.425  0.5400E-02  0.2875E-02  0.6463E-02  0.4087E-02  0.1060E-01  0.3870E-02  0.7198E-02  0.4224E-02  0.2337E-02  0.1791E-02  0.1424E-02  0.1947E-02  0.3279E-02  0.1252E-01  0.2900E-02  0.1323E-02  0.1686E-02  0.1308E-02
      7.435  0.5671E-02  0.3397E-02  0.6599E-02  0.5674E-02  0.1191E-01  0.4519E-02  0.6905E-02  0.5184E-02  0.2493E-02  0.2021E-02  0.1482E-02  0.2509E-02  0.3552E-02  0.1496E-01  0.2875E-02  0.1574E-02  0.1837E-02  0.1580E-02
      7.445  0.5730E-02  0.3853E-02  0.6464E-02  0.7110E-02  0.1270E-01  0.5091E-02  0.7063E-02  0.6014E-02  0.2554E-02  0.2098E-02  0.1660E-02  0.2928E-02  0.3663E-02  0.1603E-01  0.3044E-02  0.1802E-02  0.1952E-02  0.1821E-02
      7.455  0.2450E-02  0.9466E-02  0.2608E-02  0.2421E-01  0.6385E-02  0.1129E-01  0.3339E-02  0.1069E-01  0.1254E-02  0.4063E-02  0.9629E-03  0.4316E-02  0.1768E-02  0.2392E-01  0.1591E-02  0.2798E-02  0.1018E-02  0.4349E-02
      7.465  0.1767E-02  0.9056E-02  0.2247E-02  0.1566E-01  0.4936E-02  0.9776E-02  0.2377E-02  0.1148E-01  0.9176E-03  0.4160E-02  0.6725E-03  0.4014E-02  0.1486E-02  0.1901E-01  0.9610E-03  0.3605E-02  0.6829E-03  0.2844E-02
      7.475  0.2151E-02  0.7120E-02  0.3154E-02  0.1066E-01  0.5220E-02  0.7773E-02  0.2583E-02  0.8429E-02  0.8526E-03  0.2942E-02  0.7486E-03  0.3217E-02  0.1789E-02  0.1517E-01  0.9157E-03  0.3084E-02  0.6696E-03  0.2424E-02
      7.485  0.2608E-02  0.5877E-02  0.4337E-02  0.8079E-02  0.5677E-02  0.6534E-02  0.2957E-02  0.7118E-02  0.8261E-03  0.2188E-02  0.8871E-03  0.2626E-02  0.2204E-02  0.1239E-01  0.9180E-03  0.2544E-02  0.6632E-03  0.2117E-02
      7.495  0.2967E-02  0.4377E-02  0.5549E-02  0.5792E-02  0.6041E-02  0.5415E-02  0.3379E-02  0.6007E-02  0.8134E-03  0.1541E-02  0.1041E-02  0.2100E-02  0.2601E-02  0.9735E-02  0.9073E-03  0.1947E-02  0.6437E-03  0.1813E-02
      7.505  0.3069E-02  0.4139E-02  0.6587E-02  0.5879E-02  0.6145E-02  0.5230E-02  0.3748E-02  0.5896E-02  0.7959E-03  0.1337E-02  0.1158E-02  0.2060E-02  0.2836E-02  0.8670E-02  0.8650E-03  0.1863E-02  0.5844E-03  0.1705E-02
      7.515  0.2725E-02  0.4246E-02  0.6199E-02  0.6535E-02  0.5240E-02  0.5686E-02  0.3462E-02  0.6126E-02  0.6861E-03  0.1312E-02  0.9561E-03  0.2083E-02  0.2548E-02  0.8558E-02  0.7226E-03  0.1855E-02  0.4548E-03  0.1802E-02
      7.525  0.2611E-02  0.5164E-02  0.5494E-02  0.1354E-01  0.4811E-02  0.7173E-02  0.3605E-02  0.8648E-02  0.7564E-03  0.2028E-02  0.9293E-03  0.3560E-02  0.2267E-02  0.1159E-01  0.8817E-03  0.2764E-02  0.4433E-03  0.2648E-02
      7.535  0.2997E-02  0.5807E-02  0.4378E-02  0.1629E-01  0.4451E-02  0.8256E-02  0.4623E-02  0.1115E-01  0.8936E-03  0.2523E-02  0.1300E-02  0.4712E-02  0.2077E-02  0.1361E-01  0.1300E-02  0.3423E-02  0.4975E-03  0.3203E-02
      7.545  0.3742E-02  0.5896E-02  0.3756E-02  0.1760E-01  0.4380E-02  0.8645E-02  0.5476E-02  0.1190E-01  0.9552E-03  0.2794E-02  0.1749E-02  0.5418E-02  0.2195E-02  0.1453E-01  0.1536E-02  0.3634E-02  0.6180E-03  0.3301E-02
      7.555  0.4759E-02  0.3812E-02  0.3421E-02  0.8596E-02  0.4515E-02  0.4849E-02  0.6441E-02  0.6394E-02  0.1020E-02  0.8053E-03  0.2271E-02  0.1731E-02  0.2407E-02  0.7756E-02  0.1861E-02  0.2129E-02  0.8538E-03  0.9806E-03
      7.565  0.6664E-02  0.3630E-02  0.3668E-02  0.8057E-02  0.5484E-02  0.4791E-02  0.7461E-02  0.5629E-02  0.1124E-02  0.7402E-03  0.2664E-02  0.1601E-02  0.2808E-02  0.7301E-02  0.2123E-02  0.1784E-02  0.1042E-02  0.8905E-03
      7.575  0.9485E-02  0.3499E-02  0.5131E-02  0.7650E-02  0.8040E-02  0.4790E-02  0.8488E-02  0.5193E-02  0.1214E-02  0.7191E-03  0.2730E-02  0.1515E-02  0.3490E-02  0.7124E-02  0.2288E-02  0.1603E-02  0.1130E-02  0.8331E-03
      7.585  0.7932E-02  0.3388E-02  0.6015E-02  0.7309E-02  0.9307E-02  0.4817E-02  0.8498E-02  0.4930E-02  0.1268E-02  0.7284E-03  0.2734E-02  0.1464E-02  0.3656E-02  0.7108E-02  0.2771E-02  0.1493E-02  0.1701E-02  0.7932E-03
      7.595  0.6151E-02  0.4091E-02  0.6354E-02  0.7221E-02  0.7497E-02  0.5751E-02  0.7588E-02  0.5853E-02  0.8656E-03  0.8862E-03  0.1493E-02  0.1557E-02  0.2865E-02  0.8961E-02  0.1972E-02  0.1533E-02  0.1197E-02  0.8491E-03
      7.605  0.6542E-02  0.6130E-02  0.6415E-02  0.4312E-02  0.8213E-02  0.6160E-02  0.8093E-02  0.9653E-02  0.8640E-03  0.1199E-02  0.1543E-02  0.1238E-02  0.3074E-02  0.1221E-01  0.2073E-02  0.1827E-02  0.1217E-02  0.1179E-02
      7.615  0.6154E-02  0.1224E-01  0.5253E-02  0.6805E-02  0.7758E-02  0.1061E-01  0.8173E-02  0.1284E-01  0.8530E-03  0.1571E-02  0.1406E-02  0.2761E-02  0.3042E-02  0.1826E-01  0.1997E-02  0.3189E-02  0.1221E-02  0.3216E-02
      7.625  0.5502E-02  0.3784E-02  0.5302E-02  0.4893E-02  0.6706E-02  0.4195E-02  0.8505E-02  0.5086E-02  0.9329E-03  0.1063E-02  0.1284E-02  0.2238E-02  0.2831E-02  0.7170E-02  0.1995E-02  0.1295E-02  0.1225E-02  0.1591E-02
      7.635  0.4710E-02  0.3435E-02  0.5593E-02  0.8860E-02  0.5348E-02  0.4470E-02  0.8286E-02  0.5552E-02  0.9946E-03  0.1597E-02  0.1180E-02  0.3491E-02  0.2748E-02  0.7139E-02  0.1906E-02  0.1412E-02  0.1225E-02  0.1937E-02
      7.645  0.2974E-02  0.3815E-02  0.4185E-02  0.1321E-01  0.3096E-02  0.5504E-02  0.5088E-02  0.7467E-02  0.9105E-03  0.2227E-02  0.9691E-03  0.4826E-02  0.2285E-02  0.8366E-02  0.1324E-02  0.1631E-02  0.8011E-03  0.2410E-02
      7.655  0.3600E-02  0.3928E-02  0.4447E-02  0.1412E-01  0.3069E-02  0.5652E-02  0.5303E-02  0.7235E-02  0.1038E-02  0.2184E-02  0.1270E-02  0.5126E-02  0.2764E-02  0.8398E-02  0.1584E-02  0.1572E-02  0.8985E-03  0.2527E-02
      7.665  0.4466E-02  0.3300E-02  0.5341E-02  0.8418E-02  0.3735E-02  0.4165E-02  0.6152E-02  0.4977E-02  0.1235E-02  0.1439E-02  0.1708E-02  0.3114E-02  0.3477E-02  0.6221E-02  0.1996E-02  0.1180E-02  0.1042E-02  0.1755E-02
      7.675  0.5215E-02  0.3297E-02  0.6877E-02  0.4377E-02  0.4212E-02  0.3873E-02  0.6633E-02  0.3356E-02  0.1652E-02  0.9708E-03  0.1986E-02  0.1586E-02  0.3890E-02  0.5523E-02  0.2429E-02  0.8585E-03  0.1099E-02  0.1314E-02
      7.685  0.5702E-02  0.2542E-02  0.9234E-02  0.3049E-02  0.4630E-02  0.2592E-02  0.6560E-02  0.2487E-02  0.1998E-02  0.7893E-03  0.2082E-02  0.9926E-03  0.4041E-02  0.4823E-02  0.2760E-02  0.5917E-03  0.1092E-02  0.7720E-03
      7.695  0.5453E-02  0.1770E-02  0.1116E-01  0.2231E-02  0.4785E-02  0.1107E-02  0.6175E-02  0.1567E-02  0.1973E-02  0.6666E-03  0.2019E-02  0.6055E-03  0.3908E-02  0.4129E-02  0.2717E-02  0.4151E-03  0.1041E-02  0.3132E-03
      7.705  0.6424E-02  0.1934E-02  0.1952E-01  0.2375E-02  0.5337E-02  0.1182E-02  0.8471E-02  0.1702E-02  0.2402E-02  0.6750E-03  0.2429E-02  0.6671E-03  0.4533E-02  0.4227E-02  0.3335E-02  0.4539E-03  0.1087E-02  0.3229E-03
      7.715  0.5625E-02  0.2127E-02  0.1801E-01  0.2526E-02  0.5287E-02  0.1256E-02  0.8928E-02  0.1801E-02  0.2080E-02  0.6614E-03  0.2365E-02  0.7383E-03  0.4100E-02  0.4223E-02  0.2501E-02  0.4893E-03  0.1093E-02  0.3322E-03
      7.725  0.4284E-02  0.2406E-02  0.1414E-01  0.2815E-02  0.6690E-02  0.1413E-02  0.9109E-02  0.1881E-02  0.1496E-02  0.6733E-03  0.3318E-02  0.8278E-03  0.4186E-02  0.4401E-02  0.2185E-02  0.5227E-03  0.1077E-02  0.3573E-03
      7.735  0.4006E-02  0.3399E-02  0.1237E-01  0.3950E-02  0.7227E-02  0.1971E-02  0.8544E-02  0.2372E-02  0.1341E-02  0.7807E-03  0.3391E-02  0.1061E-02  0.4118E-02  0.4819E-02  0.2087E-02  0.6462E-03  0.1057E-02  0.4935E-03
      7.745  0.2236E-02  0.4529E-02  0.8131E-02  0.4883E-02  0.6058E-02  0.2837E-02  0.5210E-02  0.3097E-02  0.1013E-02  0.1013E-02  0.2681E-02  0.1332E-02  0.3014E-02  0.5437E-02  0.1749E-02  0.8216E-03  0.7883E-03  0.6828E-03
      7.755  0.1740E-02  0.5385E-02  0.7265E-02  0.5514E-02  0.5677E-02  0.3683E-02  0.4140E-02  0.3652E-02  0.8531E-03  0.1229E-02  0.2313E-02  0.1544E-02  0.2584E-02  0.6129E-02  0.1597E-02  0.9851E-03  0.7146E-03  0.8802E-03
      7.765  0.1515E-02  0.5422E-02  0.6626E-02  0.5165E-02  0.5312E-02  0.4106E-02  0.3495E-02  0.3737E-02  0.7899E-03  0.1198E-02  0.2055E-02  0.1578E-02  0.2238E-02  0.6174E-02  0.1524E-02  0.1010E-02  0.7022E-03  0.1058E-02
      7.775  0.1739E-02  0.5558E-02  0.6571E-02  0.5069E-02  0.6353E-02  0.4361E-02  0.3639E-02  0.3818E-02  0.8856E-03  0.1079E-02  0.2258E-02  0.1573E-02  0.2557E-02  0.5981E-02  0.1748E-02  0.1038E-02  0.8398E-03  0.1205E-02
      7.785  0.2106E-02  0.5271E-02  0.7336E-02  0.4778E-02  0.4629E-02  0.3985E-02  0.4079E-02  0.3794E-02  0.9117E-03  0.9130E-03  0.2196E-02  0.1489E-02  0.2218E-02  0.5367E-02  0.2047E-02  0.9878E-03  0.1045E-02  0.1191E-02
      7.795  0.2791E-02  0.4994E-02  0.7385E-02  0.4527E-02  0.5314E-02  0.3631E-02  0.4750E-02  0.3828E-02  0.1141E-02  0.7681E-03  0.3238E-02  0.1433E-02  0.2559E-02  0.4745E-02  0.2155E-02  0.9463E-03  0.1290E-02  0.1185E-02
      7.805  0.3263E-02  0.4442E-02  0.6987E-02  0.3978E-02  0.5167E-02  0.3147E-02  0.4647E-02  0.3623E-02  0.1308E-02  0.6236E-03  0.3390E-02  0.1334E-02  0.2286E-02  0.3948E-02  0.1987E-02  0.8663E-03  0.1513E-02  0.1121E-02
      7.815  0.4738E-02  0.2167E-02  0.7995E-02  0.1493E-02  0.4957E-02  0.1757E-02  0.4983E-02  0.1396E-02  0.1728E-02  0.4082E-03  0.3163E-02  0.8328E-03  0.2217E-02  0.1974E-02  0.1891E-02  0.4490E-03  0.2012E-02  0.7202E-03
      7.825  0.3664E-02  0.2262E-02  0.9068E-02  0.1688E-02  0.5489E-02  0.1857E-02  0.5355E-02  0.1452E-02  0.1377E-02  0.4521E-03  0.2302E-02  0.9002E-03  0.2234E-02  0.2077E-02  0.1926E-02  0.4952E-03  0.1394E-02  0.8239E-03
      7.835  0.3250E-02  0.2548E-02  0.5621E-02  0.2099E-02  0.4060E-02  0.2107E-02  0.3838E-02  0.1588E-02  0.1108E-02  0.5587E-03  0.2037E-02  0.1021E-02  0.1501E-02  0.2397E-02  0.1002E-02  0.5885E-03  0.1144E-02  0.9926E-03
      7.845  0.3325E-02  0.2885E-02  0.5291E-02  0.2721E-02  0.4198E-02  0.2485E-02  0.3702E-02  0.1964E-02  0.1091E-02  0.7238E-03  0.1945E-02  0.1228E-02  0.1588E-02  0.2811E-02  0.9748E-03  0.7462E-03  0.1102E-02  0.1228E-02
      7.855  0.3385E-02  0.6445E-02  0.4891E-02  0.8529E-02  0.4281E-02  0.6874E-02  0.3551E-02  0.6000E-02  0.1063E-02  0.2067E-02  0.1769E-02  0.4331E-02  0.1663E-02  0.6648E-02  0.9385E-03  0.2317E-02  0.1043E-02  0.3206E-02
      7.865  0.3532E-02  0.7439E-02  0.4687E-02  0.8565E-02  0.4365E-02  0.7144E-02  0.3717E-02  0.5526E-02  0.1060E-02  0.2151E-02  0.1635E-02  0.3721E-02  0.1776E-02  0.7257E-02  0.9173E-03  0.2194E-02  0.1012E-02  0.3047E-02
      7.875  0.4487E-02  0.5312E-02  0.5061E-02  0.4857E-02  0.4664E-02  0.4369E-02  0.5284E-02  0.2977E-02  0.1180E-02  0.1234E-02  0.1710E-02  0.2246E-02  0.2181E-02  0.5171E-02  0.1005E-02  0.1166E-02  0.1173E-02  0.1858E-02
      7.885  0.4244E-02  0.3804E-02  0.4192E-02  0.3625E-02  0.3949E-02  0.3389E-02  0.5067E-02  0.2031E-02  0.8068E-03  0.9808E-03  0.1438E-02  0.1525E-02  0.1803E-02  0.3886E-02  0.9743E-03  0.8331E-03  0.1177E-02  0.1396E-02
      7.895  0.3074E-02  0.3511E-02  0.3530E-02  0.3540E-02  0.2684E-02  0.3314E-02  0.3693E-02  0.2156E-02  0.8579E-03  0.9730E-03  0.1514E-02  0.1445E-02  0.1417E-02  0.3516E-02  0.8425E-03  0.9265E-03  0.1121E-02  0.1447E-02
      7.905  0.3105E-02  0.3306E-02  0.3427E-02  0.3651E-02  0.2661E-02  0.3362E-02  0.3716E-02  0.2551E-02  0.9149E-03  0.9722E-03  0.1584E-02  0.1535E-02  0.1499E-02  0.3110E-02  0.8623E-03  0.1189E-02  0.1236E-02  0.1607E-02
      7.915  0.3018E-02  0.3323E-02  0.3254E-02  0.3726E-02  0.2617E-02  0.3601E-02  0.3538E-02  0.2796E-02  0.9449E-03  0.1015E-02  0.1606E-02  0.1575E-02  0.1482E-02  0.3068E-02  0.8728E-03  0.1325E-02  0.1272E-02  0.1694E-02
      7.925  0.2834E-02  0.5881E-02  0.3025E-02  0.4355E-02  0.2541E-02  0.6145E-02  0.3207E-02  0.3975E-02  0.9440E-03  0.1263E-02  0.1569E-02  0.1915E-02  0.1398E-02  0.3723E-02  0.8747E-03  0.1469E-02  0.1236E-02  0.2095E-02
      7.935  0.3422E-02  0.3907E-02  0.3857E-02  0.3190E-02  0.3008E-02  0.4415E-02  0.4260E-02  0.3291E-02  0.1174E-02  0.1088E-02  0.1652E-02  0.2170E-02  0.2143E-02  0.3445E-02  0.1096E-02  0.1201E-02  0.1874E-02  0.1504E-02
      7.945  0.3241E-02  0.5272E-02  0.3895E-02  0.4584E-02  0.2887E-02  0.4744E-02  0.4019E-02  0.3716E-02  0.1151E-02  0.1383E-02  0.1553E-02  0.2731E-02  0.2155E-02  0.3384E-02  0.1030E-02  0.1119E-02  0.1761E-02  0.1652E-02
      7.955  0.3045E-02  0.3187E-02  0.3837E-02  0.3220E-02  0.2740E-02  0.2564E-02  0.3745E-02  0.2585E-02  0.1112E-02  0.8545E-03  0.1451E-02  0.1173E-02  0.2146E-02  0.2729E-02  0.9430E-03  0.9063E-03  0.1649E-02  0.1035E-02
      7.965  0.3022E-02  0.2865E-02  0.4028E-02  0.3317E-02  0.2801E-02  0.2216E-02  0.3554E-02  0.2955E-02  0.1119E-02  0.1112E-02  0.1446E-02  0.1023E-02  0.2172E-02  0.2619E-02  0.9653E-03  0.9628E-03  0.1644E-02  0.8636E-03
      7.975  0.2988E-02  0.2598E-02  0.4261E-02  0.3116E-02  0.2959E-02  0.2076E-02  0.3359E-02  0.2951E-02  0.1126E-02  0.1142E-02  0.1467E-02  0.9437E-03  0.2199E-02  0.2610E-02  0.1012E-02  0.9470E-03  0.1660E-02  0.7393E-03
      7.985  0.2855E-02  0.2281E-02  0.4312E-02  0.2859E-02  0.3074E-02  0.2026E-02  0.3223E-02  0.3054E-02  0.1088E-02  0.1071E-02  0.1445E-02  0.9671E-03  0.2222E-02  0.2616E-02  0.1024E-02  0.8978E-03  0.1678E-02  0.6219E-03
      7.995  0.2751E-02  0.2093E-02  0.4266E-02  0.2880E-02  0.3201E-02  0.2334E-02  0.3141E-02  0.3603E-02  0.1050E-02  0.1091E-02  0.1431E-02  0.1252E-02  0.2276E-02  0.2834E-02  0.1072E-02  0.9171E-03  0.1728E-02  0.5645E-03
      8.005  0.2542E-02  0.2004E-02  0.3890E-02  0.3780E-02  0.3081E-02  0.3987E-02  0.2959E-02  0.4875E-02  0.9396E-03  0.1168E-02  0.1317E-02  0.1937E-02  0.2154E-02  0.4140E-02  0.1065E-02  0.1236E-02  0.1708E-02  0.7855E-03
      8.015  0.2284E-02  0.1784E-02  0.2833E-02  0.3469E-02  0.2193E-02  0.3754E-02  0.2448E-02  0.4694E-02  0.6898E-03  0.1067E-02  0.8554E-03  0.1787E-02  0.1719E-02  0.3728E-02  0.9576E-03  0.1231E-02  0.1590E-02  0.7489E-03
      8.025  0.2326E-02  0.1781E-02  0.2835E-02  0.3550E-02  0.2405E-02  0.3786E-02  0.2497E-02  0.5191E-02  0.7037E-03  0.1004E-02  0.9439E-03  0.1825E-02  0.1734E-02  0.3606E-02  0.1040E-02  0.1381E-02  0.1681E-02  0.8049E-03
      8.035  0.2305E-02  0.1948E-02  0.2739E-02  0.3628E-02  0.2505E-02  0.3778E-02  0.2434E-02  0.5293E-02  0.6681E-03  0.8885E-03  0.9645E-03  0.1996E-02  0.1702E-02  0.3270E-02  0.1062E-02  0.1439E-02  0.1724E-02  0.9062E-03
      8.045  0.2271E-02  0.2360E-02  0.2640E-02  0.3442E-02  0.2584E-02  0.3698E-02  0.2348E-02  0.5005E-02  0.6318E-03  0.9766E-03  0.9988E-03  0.2057E-02  0.1661E-02  0.3146E-02  0.1079E-02  0.1522E-02  0.1763E-02  0.1090E-02
      8.055  0.2252E-02  0.3198E-02  0.2562E-02  0.3512E-02  0.2659E-02  0.3797E-02  0.2265E-02  0.5056E-02  0.6020E-03  0.1157E-02  0.1054E-02  0.2188E-02  0.1625E-02  0.3378E-02  0.1094E-02  0.1736E-02  0.1812E-02  0.1549E-02
      8.065  0.2521E-02  0.2825E-02  0.2935E-02  0.3102E-02  0.2910E-02  0.2806E-02  0.2462E-02  0.4269E-02  0.6436E-03  0.9875E-03  0.1211E-02  0.1747E-02  0.1732E-02  0.2024E-02  0.1170E-02  0.1148E-02  0.1796E-02  0.7582E-03
      8.075  0.2633E-02  0.2355E-02  0.3219E-02  0.3050E-02  0.3011E-02  0.2170E-02  0.2541E-02  0.3411E-02  0.6813E-03  0.8343E-03  0.1348E-02  0.1337E-02  0.1783E-02  0.1527E-02  0.1204E-02  0.9363E-03  0.1541E-02  0.5821E-03
      8.085  0.2810E-02  0.2014E-02  0.3462E-02  0.2832E-02  0.3038E-02  0.1850E-02  0.2598E-02  0.2922E-02  0.7721E-03  0.7232E-03  0.1570E-02  0.1107E-02  0.1921E-02  0.1263E-02  0.1299E-02  0.8725E-03  0.1264E-02  0.4715E-03
      8.095  0.3090E-02  0.1887E-02  0.3817E-02  0.2686E-02  0.3306E-02  0.1869E-02  0.2706E-02  0.2683E-02  0.9224E-03  0.6617E-03  0.1952E-02  0.1055E-02  0.2112E-02  0.1176E-02  0.1496E-02  0.9201E-03  0.1123E-02  0.4312E-03
      8.105  0.3658E-02  0.1794E-02  0.4805E-02  0.2519E-02  0.3959E-02  0.1935E-02  0.3009E-02  0.2485E-02  0.1220E-02  0.5972E-03  0.2537E-02  0.1006E-02  0.2414E-02  0.1101E-02  0.1844E-02  0.9411E-03  0.1418E-02  0.3905E-03
      8.115  0.4743E-02  0.2853E-02  0.7310E-02  0.5493E-02  0.5224E-02  0.2561E-02  0.3638E-02  0.3772E-02  0.1668E-02  0.1298E-02  0.3333E-02  0.2123E-02  0.2902E-02  0.1842E-02  0.2515E-02  0.1454E-02  0.1979E-02  0.7639E-03
      8.125  0.4049E-02  0.2972E-02  0.7708E-02  0.6402E-02  0.6044E-02  0.2856E-02  0.3575E-02  0.4005E-02  0.1382E-02  0.1512E-02  0.2941E-02  0.2586E-02  0.2240E-02  0.2134E-02  0.2211E-02  0.1662E-02  0.1805E-02  0.8589E-03
      8.135  0.6169E-02  0.2737E-02  0.9197E-02  0.5733E-02  0.8927E-02  0.2967E-02  0.5777E-02  0.3650E-02  0.1271E-02  0.1508E-02  0.3406E-02  0.2538E-02  0.2964E-02  0.2121E-02  0.3267E-02  0.1673E-02  0.2488E-02  0.7501E-03
      8.145  0.2159E-02  0.2434E-02  0.4267E-02  0.4591E-02  0.4265E-02  0.3075E-02  0.3586E-02  0.2994E-02  0.9835E-03  0.1397E-02  0.2108E-02  0.2405E-02  0.2629E-02  0.2149E-02  0.2307E-02  0.1550E-02  0.1469E-02  0.6986E-03
      8.155  0.1897E-02  0.2306E-02  0.3142E-02  0.3895E-02  0.3869E-02  0.3272E-02  0.3112E-02  0.2682E-02  0.8488E-03  0.1353E-02  0.1570E-02  0.2369E-02  0.2512E-02  0.2345E-02  0.1947E-02  0.1422E-02  0.1076E-02  0.7076E-03
      8.165  0.1710E-02  0.2961E-02  0.2652E-02  0.4878E-02  0.3322E-02  0.4740E-02  0.3013E-02  0.3521E-02  0.7820E-03  0.1451E-02  0.1209E-02  0.2566E-02  0.2256E-02  0.4019E-02  0.1566E-02  0.1899E-02  0.8457E-03  0.1171E-02
      8.175  0.1601E-02  0.2254E-02  0.2547E-02  0.3296E-02  0.2785E-02  0.3665E-02  0.2805E-02  0.2913E-02  0.7305E-03  0.1180E-02  0.1029E-02  0.2407E-02  0.1975E-02  0.3552E-02  0.1406E-02  0.1127E-02  0.7177E-03  0.1003E-02
      8.185  0.1581E-02  0.1647E-02  0.2566E-02  0.1667E-02  0.2514E-02  0.1648E-02  0.2695E-02  0.1387E-02  0.7177E-03  0.4197E-03  0.9468E-03  0.9206E-03  0.1836E-02  0.1388E-02  0.1397E-02  0.4537E-03  0.6541E-03  0.5622E-03
      8.195  0.2005E-02  0.1538E-02  0.2850E-02  0.1543E-02  0.2797E-02  0.1528E-02  0.2925E-02  0.1273E-02  0.7932E-03  0.3759E-03  0.1096E-02  0.8235E-03  0.2189E-02  0.1319E-02  0.1560E-02  0.4057E-03  0.7363E-03  0.5361E-03
      8.205  0.2842E-02  0.1443E-02  0.3402E-02  0.1498E-02  0.3428E-02  0.1446E-02  0.3271E-02  0.1219E-02  0.8999E-03  0.3417E-03  0.1365E-02  0.7491E-03  0.2864E-02  0.1258E-02  0.1860E-02  0.3920E-03  0.9302E-03  0.5172E-03
      8.215  0.3062E-02  0.1425E-02  0.3513E-02  0.1596E-02  0.3526E-02  0.1472E-02  0.3325E-02  0.1328E-02  0.9319E-03  0.3703E-03  0.1324E-02  0.7287E-03  0.2917E-02  0.1243E-02  0.1940E-02  0.4310E-03  0.9438E-03  0.5266E-03
      8.225  0.3061E-02  0.1405E-02  0.3680E-02  0.1677E-02  0.4198E-02  0.1508E-02  0.3816E-02  0.1435E-02  0.1030E-02  0.3995E-03  0.1214E-02  0.7132E-03  0.3152E-02  0.1228E-02  0.2186E-02  0.4741E-03  0.9329E-03  0.5343E-03
      8.235  0.2427E-02  0.1612E-02  0.3006E-02  0.2034E-02  0.3461E-02  0.1968E-02  0.3027E-02  0.1813E-02  0.8677E-03  0.5140E-03  0.1030E-02  0.8599E-03  0.2608E-02  0.1374E-02  0.1799E-02  0.6447E-03  0.7572E-03  0.6409E-03
      8.245  0.2124E-02  0.2078E-02  0.2965E-02  0.2505E-02  0.2911E-02  0.2855E-02  0.2744E-02  0.2454E-02  0.8050E-03  0.7209E-03  0.1002E-02  0.1172E-02  0.2257E-02  0.1732E-02  0.1557E-02  0.9450E-03  0.6933E-03  0.8204E-03
      8.255  0.2099E-02  0.3136E-02  0.3014E-02  0.3338E-02  0.2715E-02  0.3572E-02  0.2541E-02  0.3132E-02  0.7318E-03  0.1028E-02  0.9798E-03  0.1466E-02  0.2011E-02  0.2121E-02  0.1366E-02  0.1319E-02  0.6707E-03  0.1315E-02
      8.265  0.2208E-02  0.3119E-02  0.3203E-02  0.3558E-02  0.2743E-02  0.3843E-02  0.2603E-02  0.3592E-02  0.6903E-03  0.1186E-02  0.9924E-03  0.1686E-02  0.1877E-02  0.2320E-02  0.1258E-02  0.1481E-02  0.6775E-03  0.1444E-02
      8.275  0.2832E-02  0.2266E-02  0.3944E-02  0.2859E-02  0.3402E-02  0.3527E-02  0.3660E-02  0.3539E-02  0.8506E-03  0.1086E-02  0.1266E-02  0.1588E-02  0.2235E-02  0.1943E-02  0.1518E-02  0.1479E-02  0.8153E-03  0.1129E-02
      8.285  0.2931E-02  0.2049E-02  0.4080E-02  0.2451E-02  0.3605E-02  0.3348E-02  0.4006E-02  0.3533E-02  0.9111E-03  0.1052E-02  0.1432E-02  0.1331E-02  0.2340E-02  0.1613E-02  0.1640E-02  0.1385E-02  0.8832E-03  0.1122E-02
      8.295  0.2916E-02  0.1420E-02  0.4107E-02  0.1331E-02  0.3767E-02  0.2292E-02  0.4265E-02  0.2241E-02  0.9684E-03  0.6475E-03  0.1588E-02  0.8489E-03  0.2403E-02  0.1036E-02  0.1754E-02  0.8365E-03  0.9395E-03  0.7031E-03
      8.305  0.2971E-02  0.1266E-02  0.4419E-02  0.1195E-02  0.4285E-02  0.2036E-02  0.4893E-02  0.1934E-02  0.1102E-02  0.5688E-03  0.1839E-02  0.7319E-03  0.2568E-02  0.9375E-03  0.2024E-02  0.7547E-03  0.1034E-02  0.6270E-03
      8.315  0.2890E-02  0.1136E-02  0.4533E-02  0.1087E-02  0.4639E-02  0.1865E-02  0.5000E-02  0.1702E-02  0.1108E-02  0.4978E-03  0.1766E-02  0.6568E-03  0.2655E-02  0.9022E-03  0.2180E-02  0.6825E-03  0.1043E-02  0.5663E-03
      8.325  0.2424E-02  0.1002E-02  0.4407E-02  0.9742E-03  0.4270E-02  0.1693E-02  0.4771E-02  0.1442E-02  0.1062E-02  0.4226E-03  0.1371E-02  0.5810E-03  0.2534E-02  0.8715E-03  0.2271E-02  0.6096E-03  0.9239E-03  0.5076E-03
      8.335  0.1621E-02  0.8880E-03  0.3329E-02  0.8631E-03  0.2330E-02  0.1537E-02  0.2559E-02  0.1163E-02  0.6446E-03  0.3624E-03  0.9389E-03  0.5310E-03  0.1644E-02  0.8482E-03  0.1454E-02  0.5436E-03  0.6232E-03  0.4574E-03
      8.345  0.1188E-02  0.7777E-03  0.2287E-02  0.7482E-03  0.1452E-02  0.1387E-02  0.1696E-02  0.8565E-03  0.4447E-03  0.3046E-03  0.6445E-03  0.4891E-03  0.1159E-02  0.8290E-03  0.9063E-03  0.4778E-03  0.4275E-03  0.4111E-03
      8.355  0.1042E-02  0.7759E-03  0.1712E-02  0.7294E-03  0.1067E-02  0.1370E-02  0.1400E-02  0.7759E-03  0.3593E-03  0.2985E-03  0.5416E-03  0.4931E-03  0.9691E-03  0.8451E-03  0.6508E-03  0.4804E-03  0.3588E-03  0.4096E-03
      8.365  0.1405E-02  0.8219E-03  0.3609E-02  0.7532E-03  0.1450E-02  0.1409E-02  0.2255E-02  0.7984E-03  0.6559E-03  0.3147E-03  0.1105E-02  0.5162E-03  0.1484E-02  0.8745E-03  0.1015E-02  0.5131E-03  0.4797E-03  0.4266E-03
      8.375  0.1370E-02  0.2173E-02  0.3355E-02  0.2534E-02  0.1386E-02  0.2992E-02  0.2320E-02  0.2934E-02  0.7038E-03  0.6616E-03  0.1073E-02  0.2404E-02  0.1570E-02  0.3387E-02  0.1141E-02  0.1320E-02  0.5414E-03  0.8397E-03
      8.385  0.1303E-02  0.1276E-02  0.3106E-02  0.1110E-02  0.1305E-02  0.1606E-02  0.2382E-02  0.1265E-02  0.7215E-03  0.4200E-03  0.1024E-02  0.8684E-03  0.1621E-02  0.1169E-02  0.1232E-02  0.7471E-03  0.6132E-03  0.6766E-03
      8.395  0.1263E-02  0.8993E-03  0.2715E-02  0.8358E-03  0.1298E-02  0.1237E-02  0.2315E-02  0.9986E-03  0.6556E-03  0.3342E-03  0.9316E-03  0.5960E-03  0.1539E-02  0.8627E-03  0.1164E-02  0.5491E-03  0.6043E-03  0.5079E-03
      8.405  0.1210E-02  0.4908E-03  0.2106E-02  0.5515E-03  0.1291E-02  0.8466E-03  0.2201E-02  0.7534E-03  0.5445E-03  0.2392E-03  0.8369E-03  0.3675E-03  0.1416E-02  0.5881E-03  0.9717E-03  0.3337E-03  0.4846E-03  0.3010E-03
      8.415  0.1483E-02  0.2279E-03  0.2218E-02  0.3455E-03  0.1534E-02  0.5352E-03  0.3183E-02  0.5804E-03  0.5903E-03  0.1756E-03  0.9190E-03  0.2348E-03  0.1658E-02  0.3777E-03  0.1057E-02  0.1984E-03  0.5889E-03  0.1244E-03
      8.425  0.1841E-02  0.1418E-03  0.2645E-02  0.2489E-03  0.1839E-02  0.3185E-03  0.4123E-02  0.5130E-03  0.6960E-03  0.1508E-03  0.1091E-02  0.1759E-03  0.2038E-02  0.2218E-03  0.1200E-02  0.1244E-03  0.7467E-03  0.8126E-04
      8.435  0.1487E-02  0.1256E-03  0.2902E-02  0.2193E-03  0.1771E-02  0.2937E-03  0.3263E-02  0.4833E-03  0.7133E-03  0.1478E-03  0.1074E-02  0.1407E-03  0.2220E-02  0.1754E-03  0.1229E-02  0.1114E-03  0.6802E-03  0.8105E-04
      8.445  0.1024E-02  0.1084E-03  0.2401E-02  0.1838E-03  0.1325E-02  0.2605E-03  0.2218E-02  0.4291E-03  0.6059E-03  0.1379E-03  0.8168E-03  0.1063E-03  0.1896E-02  0.1295E-03  0.9852E-03  0.9409E-04  0.4966E-03  0.7790E-04
      8.455  0.7470E-03  0.7699E-04  0.1679E-02  0.1224E-03  0.9694E-03  0.1822E-03  0.1594E-02  0.2852E-03  0.4733E-03  0.9674E-04  0.5647E-03  0.6841E-04  0.1549E-02  0.8165E-04  0.7695E-03  0.6145E-04  0.3544E-03  0.5734E-04
      8.465  0.6190E-03  0.4063E-04  0.1077E-02  0.6084E-04  0.7340E-03  0.9485E-04  0.1224E-02  0.1414E-03  0.3659E-03  0.5051E-04  0.4361E-03  0.3280E-04  0.1321E-02  0.3828E-04  0.6024E-03  0.2993E-04  0.2704E-03  0.3119E-04
      8.475  0.5855E-03  0.0000E+00  0.9859E-03  0.0000E+00  0.7021E-03  0.0000E+00  0.1173E-02  0.0000E+00  0.3361E-03  0.0000E+00  0.4326E-03  0.0000E+00  0.1259E-02  0.0000E+00  0.5333E-03  0.0000E+00  0.2358E-03  0.0000E+00
      8.485  0.1089E-02  0.0000E+00  0.3321E-02  0.0000E+00  0.1611E-02  0.0000E+00  0.2189E-02  0.0000E+00  0.6007E-03  0.0000E+00  0.9472E-03  0.0000E+00  0.2100E-02  0.0000E+00  0.9968E-03  0.0000E+00  0.3685E-03  0.0000E+00
      8.495  0.1345E-02  0.0000E+00  0.4230E-02  0.0000E+00  0.1961E-02  0.0000E+00  0.2816E-02  0.0000E+00  0.7902E-03  0.0000E+00  0.1234E-02  0.0000E+00  0.2444E-02  0.0000E+00  0.1177E-02  0.0000E+00  0.4340E-03  0.0000E+00
      8.505  0.1436E-02  0.0000E+00  0.4030E-02  0.0000E+00  0.1899E-02  0.0000E+00  0.3452E-02  0.0000E+00  0.9334E-03  0.0000E+00  0.1323E-02  0.0000E+00  0.2531E-02  0.0000E+00  0.1214E-02  0.0000E+00  0.5504E-03  0.0000E+00
      8.515  0.1272E-02  0.0000E+00  0.3163E-02  0.0000E+00  0.1663E-02  0.0000E+00  0.2975E-02  0.0000E+00  0.8449E-03  0.0000E+00  0.1154E-02  0.0000E+00  0.2102E-02  0.0000E+00  0.1061E-02  0.0000E+00  0.4833E-03  0.0000E+00
      8.525  0.1161E-02  0.0000E+00  0.2814E-02  0.0000E+00  0.1549E-02  0.0000E+00  0.2725E-02  0.0000E+00  0.7978E-03  0.0000E+00  0.1065E-02  0.0000E+00  0.1910E-02  0.0000E+00  0.9849E-03  0.0000E+00  0.4445E-03  0.0000E+00
      8.535  0.1047E-02  0.0000E+00  0.2543E-02  0.0000E+00  0.1447E-02  0.0000E+00  0.2487E-02  0.0000E+00  0.7359E-03  0.0000E+00  0.9670E-03  0.0000E+00  0.1741E-02  0.0000E+00  0.9019E-03  0.0000E+00  0.4133E-03  0.0000E+00
      8.545  0.8384E-03  0.0000E+00  0.1886E-02  0.0000E+00  0.1131E-02  0.0000E+00  0.1990E-02  0.0000E+00  0.5673E-03  0.0000E+00  0.7770E-03  0.0000E+00  0.1203E-02  0.0000E+00  0.7007E-03  0.0000E+00  0.3483E-03  0.0000E+00
      8.555  0.7410E-03  0.0000E+00  0.1566E-02  0.0000E+00  0.9930E-03  0.0000E+00  0.1761E-02  0.0000E+00  0.4898E-03  0.0000E+00  0.6642E-03  0.0000E+00  0.1005E-02  0.0000E+00  0.6043E-03  0.0000E+00  0.3164E-03  0.0000E+00
      8.565  0.6654E-03  0.0000E+00  0.1339E-02  0.0000E+00  0.8987E-03  0.0000E+00  0.1581E-02  0.0000E+00  0.4241E-03  0.0000E+00  0.5606E-03  0.0000E+00  0.8696E-03  0.0000E+00  0.5241E-03  0.0000E+00  0.2923E-03  0.0000E+00
      8.575  0.1100E-02  0.0000E+00  0.1608E-02  0.0000E+00  0.1242E-02  0.0000E+00  0.1834E-02  0.0000E+00  0.5728E-03  0.0000E+00  0.6111E-03  0.0000E+00  0.1144E-02  0.0000E+00  0.5770E-03  0.0000E+00  0.4122E-03  0.0000E+00
      8.585  0.9876E-03  0.0000E+00  0.1405E-02  0.0000E+00  0.1166E-02  0.0000E+00  0.1759E-02  0.0000E+00  0.5081E-03  0.0000E+00  0.6144E-03  0.0000E+00  0.1023E-02  0.0000E+00  0.4958E-03  0.0000E+00  0.3988E-03  0.0000E+00
      8.595  0.9355E-03  0.0000E+00  0.1631E-02  0.0000E+00  0.2039E-02  0.0000E+00  0.2165E-02  0.0000E+00  0.4952E-03  0.0000E+00  0.8929E-03  0.0000E+00  0.1064E-02  0.0000E+00  0.5239E-03  0.0000E+00  0.4341E-03  0.0000E+00
      8.605  0.8979E-03  0.0000E+00  0.1845E-02  0.0000E+00  0.2569E-02  0.0000E+00  0.2433E-02  0.0000E+00  0.5363E-03  0.0000E+00  0.1026E-02  0.0000E+00  0.1017E-02  0.0000E+00  0.5191E-03  0.0000E+00  0.4251E-03  0.0000E+00
      8.615  0.7307E-03  0.0000E+00  0.1314E-02  0.0000E+00  0.1659E-02  0.0000E+00  0.1771E-02  0.0000E+00  0.4547E-03  0.0000E+00  0.7064E-03  0.0000E+00  0.7596E-03  0.0000E+00  0.3989E-03  0.0000E+00  0.3131E-03  0.0000E+00
      8.625  0.5482E-03  0.0000E+00  0.8436E-03  0.0000E+00  0.8792E-03  0.0000E+00  0.1072E-02  0.0000E+00  0.3142E-03  0.0000E+00  0.4217E-03  0.0000E+00  0.5237E-03  0.0000E+00  0.2882E-03  0.0000E+00  0.2100E-03  0.0000E+00
      8.635  0.3917E-03  0.0000E+00  0.4838E-03  0.0000E+00  0.3000E-03  0.0000E+00  0.4841E-03  0.0000E+00  0.1902E-03  0.0000E+00  0.1829E-03  0.0000E+00  0.3387E-03  0.0000E+00  0.1987E-03  0.0000E+00  0.1355E-03  0.0000E+00
      8.645  0.3563E-03  0.0000E+00  0.4264E-03  0.0000E+00  0.2563E-03  0.0000E+00  0.4315E-03  0.0000E+00  0.1657E-03  0.0000E+00  0.1606E-03  0.0000E+00  0.2871E-03  0.0000E+00  0.1715E-03  0.0000E+00  0.1233E-03  0.0000E+00
      8.655  0.3201E-03  0.0000E+00  0.3694E-03  0.0000E+00  0.2141E-03  0.0000E+00  0.3788E-03  0.0000E+00  0.1416E-03  0.0000E+00  0.1380E-03  0.0000E+00  0.2361E-03  0.0000E+00  0.1448E-03  0.0000E+00  0.1106E-03  0.0000E+00
      8.665  0.2830E-03  0.0000E+00  0.3128E-03  0.0000E+00  0.1732E-03  0.0000E+00  0.3260E-03  0.0000E+00  0.1180E-03  0.0000E+00  0.1152E-03  0.0000E+00  0.1857E-03  0.0000E+00  0.1185E-03  0.0000E+00  0.9750E-04  0.0000E+00
      8.675  0.2511E-03  0.0000E+00  0.2658E-03  0.0000E+00  0.1431E-03  0.0000E+00  0.2842E-03  0.0000E+00  0.9934E-04  0.0000E+00  0.9741E-04  0.0000E+00  0.1534E-03  0.0000E+00  0.9763E-04  0.0000E+00  0.8613E-04  0.0000E+00
      8.685  0.1015E-03  0.0000E+00  0.1269E-03  0.0000E+00  0.6490E-04  0.0000E+00  0.7784E-04  0.0000E+00  0.5365E-04  0.0000E+00  0.5871E-04  0.0000E+00  0.5846E-04  0.0000E+00  0.4960E-04  0.0000E+00  0.3268E-04  0.0000E+00
      8.695  0.8272E-04  0.0000E+00  0.1010E-03  0.0000E+00  0.5037E-04  0.0000E+00  0.6067E-04  0.0000E+00  0.4272E-04  0.0000E+00  0.4787E-04  0.0000E+00  0.4649E-04  0.0000E+00  0.3927E-04  0.0000E+00  0.2685E-04  0.0000E+00
      8.706  0.6304E-04  0.0000E+00  0.7521E-04  0.0000E+00  0.3654E-04  0.0000E+00  0.4421E-04  0.0000E+00  0.3181E-04  0.0000E+00  0.3649E-04  0.0000E+00  0.3459E-04  0.0000E+00  0.2907E-04  0.0000E+00  0.2061E-04  0.0000E+00
      8.716  0.4242E-04  0.0000E+00  0.4947E-04  0.0000E+00  0.2340E-04  0.0000E+00  0.2845E-04  0.0000E+00  0.2093E-04  0.0000E+00  0.2456E-04  0.0000E+00  0.2273E-04  0.0000E+00  0.1901E-04  0.0000E+00  0.1397E-04  0.0000E+00
      8.726  0.2088E-04  0.0000E+00  0.2380E-04  0.0000E+00  0.1095E-04  0.0000E+00  0.1338E-04  0.0000E+00  0.1008E-04  0.0000E+00  0.1209E-04  0.0000E+00  0.1093E-04  0.0000E+00  0.9098E-05  0.0000E+00  0.6922E-05  0.0000E+00
      8.736  0.0000E+00  0.0000E+00  0.0000E+00  0.0000E+00  0.0000E+00  0.0000E+00  0.0000E+00  0.0000E+00  0.0000E+00  0.0000E+00  0.0000E+00  0.0000E+00  0.0000E+00  0.0000E+00  0.0000E+00  0.0000E+00  0.0000E+00  0.0000E+00
      8.746  0.0000E+00  0.0000E+00  0.0000E+00  0.0000E+00  0.0000E+00  0.0000E+00  0.0000E+00  0.0000E+00  0.0000E+00  0.0000E+00  0.0000E+00  0.0000E+00  0.0000E+00  0.0000E+00  0.0000E+00  0.0000E+00  0.0000E+00  0.0000E+00
      8.756  0.0000E+00  0.0000E+00  0.0000E+00  0.0000E+00  0.0000E+00  0.0000E+00  0.0000E+00  0.0000E+00  0.0000E+00  0.0000E+00  0.0000E+00  0.0000E+00  0.0000E+00  0.0000E+00  0.0000E+00  0.0000E+00  0.0000E+00  0.0000E+00
      8.766  0.0000E+00  0.0000E+00  0.0000E+00  0.0000E+00  0.0000E+00  0.0000E+00  0.0000E+00  0.0000E+00  0.0000E+00  0.0000E+00  0.0000E+00  0.0000E+00  0.0000E+00  0.0000E+00  0.0000E+00  0.0000E+00  0.0000E+00  0.0000E+00
      8.776  0.0000E+00  0.0000E+00  0.0000E+00  0.0000E+00  0.0000E+00  0.0000E+00  0.0000E+00  0.0000E+00  0.0000E+00  0.0000E+00  0.0000E+00  0.0000E+00  0.0000E+00  0.0000E+00  0.0000E+00  0.0000E+00  0.0000E+00  0.0000E+00
      8.786  0.0000E+00  0.0000E+00  0.0000E+00  0.0000E+00  0.0000E+00  0.0000E+00  0.0000E+00  0.0000E+00  0.0000E+00  0.0000E+00  0.0000E+00  0.0000E+00  0.0000E+00  0.0000E+00  0.0000E+00  0.0000E+00  0.0000E+00  0.0000E+00
      8.796  0.0000E+00  0.0000E+00  0.0000E+00  0.0000E+00  0.0000E+00  0.0000E+00  0.0000E+00  0.0000E+00  0.0000E+00  0.0000E+00  0.0000E+00  0.0000E+00  0.0000E+00  0.0000E+00  0.0000E+00  0.0000E+00  0.0000E+00  0.0000E+00
      8.806  0.0000E+00  0.0000E+00  0.0000E+00  0.0000E+00  0.0000E+00  0.0000E+00  0.0000E+00  0.0000E+00  0.0000E+00  0.0000E+00  0.0000E+00  0.0000E+00  0.0000E+00  0.0000E+00  0.0000E+00  0.0000E+00  0.0000E+00  0.0000E+00
      8.816  0.0000E+00  0.0000E+00  0.0000E+00  0.0000E+00  0.0000E+00  0.0000E+00  0.0000E+00  0.0000E+00  0.0000E+00  0.0000E+00  0.0000E+00  0.0000E+00  0.0000E+00  0.0000E+00  0.0000E+00  0.0000E+00  0.0000E+00  0.0000E+00
      8.826  0.0000E+00  0.0000E+00  0.0000E+00  0.0000E+00  0.0000E+00  0.0000E+00  0.0000E+00  0.0000E+00  0.0000E+00  0.0000E+00  0.0000E+00  0.0000E+00  0.0000E+00  0.0000E+00  0.0000E+00  0.0000E+00  0.0000E+00  0.0000E+00
      8.836  0.0000E+00  0.0000E+00  0.0000E+00  0.0000E+00  0.0000E+00  0.0000E+00  0.0000E+00  0.0000E+00  0.0000E+00  0.0000E+00  0.0000E+00  0.0000E+00  0.0000E+00  0.0000E+00  0.0000E+00  0.0000E+00  0.0000E+00  0.0000E+00
      8.846  0.0000E+00  0.0000E+00  0.0000E+00  0.0000E+00  0.0000E+00  0.0000E+00  0.0000E+00  0.0000E+00  0.0000E+00  0.0000E+00  0.0000E+00  0.0000E+00  0.0000E+00  0.0000E+00  0.0000E+00  0.0000E+00  0.0000E+00  0.0000E+00
      8.856  0.0000E+00  0.0000E+00  0.0000E+00  0.0000E+00  0.0000E+00  0.0000E+00  0.0000E+00  0.0000E+00  0.0000E+00  0.0000E+00  0.0000E+00  0.0000E+00  0.0000E+00  0.0000E+00  0.0000E+00  0.0000E+00  0.0000E+00  0.0000E+00
      8.866  0.0000E+00  0.0000E+00  0.0000E+00  0.0000E+00  0.0000E+00  0.0000E+00  0.0000E+00  0.0000E+00  0.0000E+00  0.0000E+00  0.0000E+00  0.0000E+00  0.0000E+00  0.0000E+00  0.0000E+00  0.0000E+00  0.0000E+00  0.0000E+00
      8.876  0.0000E+00  0.0000E+00  0.0000E+00  0.0000E+00  0.0000E+00  0.0000E+00  0.0000E+00  0.0000E+00  0.0000E+00  0.0000E+00  0.0000E+00  0.0000E+00  0.0000E+00  0.0000E+00  0.0000E+00  0.0000E+00  0.0000E+00  0.0000E+00
      8.886  0.0000E+00  0.0000E+00  0.0000E+00  0.0000E+00  0.0000E+00  0.0000E+00  0.0000E+00  0.0000E+00  0.0000E+00  0.0000E+00  0.0000E+00  0.0000E+00  0.0000E+00  0.0000E+00  0.0000E+00  0.0000E+00  0.0000E+00  0.0000E+00
      8.896  0.0000E+00  0.0000E+00  0.0000E+00  0.0000E+00  0.0000E+00  0.0000E+00  0.0000E+00  0.0000E+00  0.0000E+00  0.0000E+00  0.0000E+00  0.0000E+00  0.0000E+00  0.0000E+00  0.0000E+00  0.0000E+00  0.0000E+00  0.0000E+00
      8.906  0.0000E+00  0.0000E+00  0.0000E+00  0.0000E+00  0.0000E+00  0.0000E+00  0.0000E+00  0.0000E+00  0.0000E+00  0.0000E+00  0.0000E+00  0.0000E+00  0.0000E+00  0.0000E+00  0.0000E+00  0.0000E+00  0.0000E+00  0.0000E+00
      8.916  0.0000E+00  0.0000E+00  0.0000E+00  0.0000E+00  0.0000E+00  0.0000E+00  0.0000E+00  0.0000E+00  0.0000E+00  0.0000E+00  0.0000E+00  0.0000E+00  0.0000E+00  0.0000E+00  0.0000E+00  0.0000E+00  0.0000E+00  0.0000E+00
      8.926  0.0000E+00  0.0000E+00  0.0000E+00  0.0000E+00  0.0000E+00  0.0000E+00  0.0000E+00  0.0000E+00  0.0000E+00  0.0000E+00  0.0000E+00  0.0000E+00  0.0000E+00  0.0000E+00  0.0000E+00  0.0000E+00  0.0000E+00  0.0000E+00
      8.936  0.0000E+00  0.0000E+00  0.0000E+00  0.0000E+00  0.0000E+00  0.0000E+00  0.0000E+00  0.0000E+00  0.0000E+00  0.0000E+00  0.0000E+00  0.0000E+00  0.0000E+00  0.0000E+00  0.0000E+00  0.0000E+00  0.0000E+00  0.0000E+00
      8.946  0.0000E+00  0.0000E+00  0.0000E+00  0.0000E+00  0.0000E+00  0.0000E+00  0.0000E+00  0.0000E+00  0.0000E+00  0.0000E+00  0.0000E+00  0.0000E+00  0.0000E+00  0.0000E+00  0.0000E+00  0.0000E+00  0.0000E+00  0.0000E+00
      8.956  0.0000E+00  0.0000E+00  0.0000E+00  0.0000E+00  0.0000E+00  0.0000E+00  0.0000E+00  0.0000E+00  0.0000E+00  0.0000E+00  0.0000E+00  0.0000E+00  0.0000E+00  0.0000E+00  0.0000E+00  0.0000E+00  0.0000E+00  0.0000E+00
      8.966  0.0000E+00  0.0000E+00  0.0000E+00  0.0000E+00  0.0000E+00  0.0000E+00  0.0000E+00  0.0000E+00  0.0000E+00  0.0000E+00  0.0000E+00  0.0000E+00  0.0000E+00  0.0000E+00  0.0000E+00  0.0000E+00  0.0000E+00  0.0000E+00
      8.976  0.0000E+00  0.0000E+00  0.0000E+00  0.0000E+00  0.0000E+00  0.0000E+00  0.0000E+00  0.0000E+00  0.0000E+00  0.0000E+00  0.0000E+00  0.0000E+00  0.0000E+00  0.0000E+00  0.0000E+00  0.0000E+00  0.0000E+00  0.0000E+00
      8.986  0.0000E+00  0.0000E+00  0.0000E+00  0.0000E+00  0.0000E+00  0.0000E+00  0.0000E+00  0.0000E+00  0.0000E+00  0.0000E+00  0.0000E+00  0.0000E+00  0.0000E+00  0.0000E+00  0.0000E+00  0.0000E+00  0.0000E+00  0.0000E+00
      8.996  0.0000E+00  0.0000E+00  0.0000E+00  0.0000E+00  0.0000E+00  0.0000E+00  0.0000E+00  0.0000E+00  0.0000E+00  0.0000E+00  0.0000E+00  0.0000E+00  0.0000E+00  0.0000E+00  0.0000E+00  0.0000E+00  0.0000E+00  0.0000E+00
      9.006  0.0000E+00  0.0000E+00  0.0000E+00  0.0000E+00  0.0000E+00  0.0000E+00  0.0000E+00  0.0000E+00  0.0000E+00  0.0000E+00  0.0000E+00  0.0000E+00  0.0000E+00  0.0000E+00  0.0000E+00  0.0000E+00  0.0000E+00  0.0000E+00
      9.016  0.0000E+00  0.0000E+00  0.0000E+00  0.0000E+00  0.0000E+00  0.0000E+00  0.0000E+00  0.0000E+00  0.0000E+00  0.0000E+00  0.0000E+00  0.0000E+00  0.0000E+00  0.0000E+00  0.0000E+00  0.0000E+00  0.0000E+00  0.0000E+00
      9.026  0.0000E+00  0.0000E+00  0.0000E+00  0.0000E+00  0.0000E+00  0.0000E+00  0.0000E+00  0.0000E+00  0.0000E+00  0.0000E+00  0.0000E+00  0.0000E+00  0.0000E+00  0.0000E+00  0.0000E+00  0.0000E+00  0.0000E+00  0.0000E+00
      9.036  0.0000E+00  0.0000E+00  0.0000E+00  0.0000E+00  0.0000E+00  0.0000E+00  0.0000E+00  0.0000E+00  0.0000E+00  0.0000E+00  0.0000E+00  0.0000E+00  0.0000E+00  0.0000E+00  0.0000E+00  0.0000E+00  0.0000E+00  0.0000E+00
      9.046  0.0000E+00  0.0000E+00  0.0000E+00  0.0000E+00  0.0000E+00  0.0000E+00  0.0000E+00  0.0000E+00  0.0000E+00  0.0000E+00  0.0000E+00  0.0000E+00  0.0000E+00  0.0000E+00  0.0000E+00  0.0000E+00  0.0000E+00  0.0000E+00
      9.056  0.0000E+00  0.0000E+00  0.0000E+00  0.0000E+00  0.0000E+00  0.0000E+00  0.0000E+00  0.0000E+00  0.0000E+00  0.0000E+00  0.0000E+00  0.0000E+00  0.0000E+00  0.0000E+00  0.0000E+00  0.0000E+00  0.0000E+00  0.0000E+00
      9.066  0.0000E+00  0.0000E+00  0.0000E+00  0.0000E+00  0.0000E+00  0.0000E+00  0.0000E+00  0.0000E+00  0.0000E+00  0.0000E+00  0.0000E+00  0.0000E+00  0.0000E+00  0.0000E+00  0.0000E+00  0.0000E+00  0.0000E+00  0.0000E+00
      9.076  0.0000E+00  0.0000E+00  0.0000E+00  0.0000E+00  0.0000E+00  0.0000E+00  0.0000E+00  0.0000E+00  0.0000E+00  0.0000E+00  0.0000E+00  0.0000E+00  0.0000E+00  0.0000E+00  0.0000E+00  0.0000E+00  0.0000E+00  0.0000E+00
      9.086  0.0000E+00  0.0000E+00  0.0000E+00  0.0000E+00  0.0000E+00  0.0000E+00  0.0000E+00  0.0000E+00  0.0000E+00  0.0000E+00  0.0000E+00  0.0000E+00  0.0000E+00  0.0000E+00  0.0000E+00  0.0000E+00  0.0000E+00  0.0000E+00
      9.096  0.0000E+00  0.0000E+00  0.0000E+00  0.0000E+00  0.0000E+00  0.0000E+00  0.0000E+00  0.0000E+00  0.0000E+00  0.0000E+00  0.0000E+00  0.0000E+00  0.0000E+00  0.0000E+00  0.0000E+00  0.0000E+00  0.0000E+00  0.0000E+00
      9.106  0.0000E+00  0.0000E+00  0.0000E+00  0.0000E+00  0.0000E+00  0.0000E+00  0.0000E+00  0.0000E+00  0.0000E+00  0.0000E+00  0.0000E+00  0.0000E+00  0.0000E+00  0.0000E+00  0.0000E+00  0.0000E+00  0.0000E+00  0.0000E+00
      9.116  0.0000E+00  0.0000E+00  0.0000E+00  0.0000E+00  0.0000E+00  0.0000E+00  0.0000E+00  0.0000E+00  0.0000E+00  0.0000E+00  0.0000E+00  0.0000E+00  0.0000E+00  0.0000E+00  0.0000E+00  0.0000E+00  0.0000E+00  0.0000E+00
      9.126  0.0000E+00  0.0000E+00  0.0000E+00  0.0000E+00  0.0000E+00  0.0000E+00  0.0000E+00  0.0000E+00  0.0000E+00  0.0000E+00  0.0000E+00  0.0000E+00  0.0000E+00  0.0000E+00  0.0000E+00  0.0000E+00  0.0000E+00  0.0000E+00
      9.136  0.0000E+00  0.0000E+00  0.0000E+00  0.0000E+00  0.0000E+00  0.0000E+00  0.0000E+00  0.0000E+00  0.0000E+00  0.0000E+00  0.0000E+00  0.0000E+00  0.0000E+00  0.0000E+00  0.0000E+00  0.0000E+00  0.0000E+00  0.0000E+00
      9.146  0.0000E+00  0.0000E+00  0.0000E+00  0.0000E+00  0.0000E+00  0.0000E+00  0.0000E+00  0.0000E+00  0.0000E+00  0.0000E+00  0.0000E+00  0.0000E+00  0.0000E+00  0.0000E+00  0.0000E+00  0.0000E+00  0.0000E+00  0.0000E+00
      9.156  0.0000E+00  0.0000E+00  0.0000E+00  0.0000E+00  0.0000E+00  0.0000E+00  0.0000E+00  0.0000E+00  0.0000E+00  0.0000E+00  0.0000E+00  0.0000E+00  0.0000E+00  0.0000E+00  0.0000E+00  0.0000E+00  0.0000E+00  0.0000E+00
      9.166  0.0000E+00  0.0000E+00  0.0000E+00  0.0000E+00  0.0000E+00  0.0000E+00  0.0000E+00  0.0000E+00  0.0000E+00  0.0000E+00  0.0000E+00  0.0000E+00  0.0000E+00  0.0000E+00  0.0000E+00  0.0000E+00  0.0000E+00  0.0000E+00
      9.176  0.0000E+00  0.0000E+00  0.0000E+00  0.0000E+00  0.0000E+00  0.0000E+00  0.0000E+00  0.0000E+00  0.0000E+00  0.0000E+00  0.0000E+00  0.0000E+00  0.0000E+00  0.0000E+00  0.0000E+00  0.0000E+00  0.0000E+00  0.0000E+00
      9.186  0.0000E+00  0.0000E+00  0.0000E+00  0.0000E+00  0.0000E+00  0.0000E+00  0.0000E+00  0.0000E+00  0.0000E+00  0.0000E+00  0.0000E+00  0.0000E+00  0.0000E+00  0.0000E+00  0.0000E+00  0.0000E+00  0.0000E+00  0.0000E+00
      9.196  0.0000E+00  0.0000E+00  0.0000E+00  0.0000E+00  0.0000E+00  0.0000E+00  0.0000E+00  0.0000E+00  0.0000E+00  0.0000E+00  0.0000E+00  0.0000E+00  0.0000E+00  0.0000E+00  0.0000E+00  0.0000E+00  0.0000E+00  0.0000E+00
      9.206  0.0000E+00  0.0000E+00  0.0000E+00  0.0000E+00  0.0000E+00  0.0000E+00  0.0000E+00  0.0000E+00  0.0000E+00  0.0000E+00  0.0000E+00  0.0000E+00  0.0000E+00  0.0000E+00  0.0000E+00  0.0000E+00  0.0000E+00  0.0000E+00
      9.216  0.0000E+00  0.0000E+00  0.0000E+00  0.0000E+00  0.0000E+00  0.0000E+00  0.0000E+00  0.0000E+00  0.0000E+00  0.0000E+00  0.0000E+00  0.0000E+00  0.0000E+00  0.0000E+00  0.0000E+00  0.0000E+00  0.0000E+00  0.0000E+00
      9.226  0.0000E+00  0.0000E+00  0.0000E+00  0.0000E+00  0.0000E+00  0.0000E+00  0.0000E+00  0.0000E+00  0.0000E+00  0.0000E+00  0.0000E+00  0.0000E+00  0.0000E+00  0.0000E+00  0.0000E+00  0.0000E+00  0.0000E+00  0.0000E+00
      9.236  0.0000E+00  0.0000E+00  0.0000E+00  0.0000E+00  0.0000E+00  0.0000E+00  0.0000E+00  0.0000E+00  0.0000E+00  0.0000E+00  0.0000E+00  0.0000E+00  0.0000E+00  0.0000E+00  0.0000E+00  0.0000E+00  0.0000E+00  0.0000E+00
      9.246  0.0000E+00  0.0000E+00  0.0000E+00  0.0000E+00  0.0000E+00  0.0000E+00  0.0000E+00  0.0000E+00  0.0000E+00  0.0000E+00  0.0000E+00  0.0000E+00  0.0000E+00  0.0000E+00  0.0000E+00  0.0000E+00  0.0000E+00  0.0000E+00
      9.256  0.0000E+00  0.0000E+00  0.0000E+00  0.0000E+00  0.0000E+00  0.0000E+00  0.0000E+00  0.0000E+00  0.0000E+00  0.0000E+00  0.0000E+00  0.0000E+00  0.0000E+00  0.0000E+00  0.0000E+00  0.0000E+00  0.0000E+00  0.0000E+00
      9.266  0.0000E+00  0.0000E+00  0.0000E+00  0.0000E+00  0.0000E+00  0.0000E+00  0.0000E+00  0.0000E+00  0.0000E+00  0.0000E+00  0.0000E+00  0.0000E+00  0.0000E+00  0.0000E+00  0.0000E+00  0.0000E+00  0.0000E+00  0.0000E+00
      9.276  0.0000E+00  0.0000E+00  0.0000E+00  0.0000E+00  0.0000E+00  0.0000E+00  0.0000E+00  0.0000E+00  0.0000E+00  0.0000E+00  0.0000E+00  0.0000E+00  0.0000E+00  0.0000E+00  0.0000E+00  0.0000E+00  0.0000E+00  0.0000E+00
      9.286  0.0000E+00  0.0000E+00  0.0000E+00  0.0000E+00  0.0000E+00  0.0000E+00  0.0000E+00  0.0000E+00  0.0000E+00  0.0000E+00  0.0000E+00  0.0000E+00  0.0000E+00  0.0000E+00  0.0000E+00  0.0000E+00  0.0000E+00  0.0000E+00
      9.296  0.0000E+00  0.0000E+00  0.0000E+00  0.0000E+00  0.0000E+00  0.0000E+00  0.0000E+00  0.0000E+00  0.0000E+00  0.0000E+00  0.0000E+00  0.0000E+00  0.0000E+00  0.0000E+00  0.0000E+00  0.0000E+00  0.0000E+00  0.0000E+00
      9.306  0.0000E+00  0.0000E+00  0.0000E+00  0.0000E+00  0.0000E+00  0.0000E+00  0.0000E+00  0.0000E+00  0.0000E+00  0.0000E+00  0.0000E+00  0.0000E+00  0.0000E+00  0.0000E+00  0.0000E+00  0.0000E+00  0.0000E+00  0.0000E+00
      9.316  0.0000E+00  0.0000E+00  0.0000E+00  0.0000E+00  0.0000E+00  0.0000E+00  0.0000E+00  0.0000E+00  0.0000E+00  0.0000E+00  0.0000E+00  0.0000E+00  0.0000E+00  0.0000E+00  0.0000E+00  0.0000E+00  0.0000E+00  0.0000E+00
      9.326  0.0000E+00  0.0000E+00  0.0000E+00  0.0000E+00  0.0000E+00  0.0000E+00  0.0000E+00  0.0000E+00  0.0000E+00  0.0000E+00  0.0000E+00  0.0000E+00  0.0000E+00  0.0000E+00  0.0000E+00  0.0000E+00  0.0000E+00  0.0000E+00
      9.336  0.0000E+00  0.0000E+00  0.0000E+00  0.0000E+00  0.0000E+00  0.0000E+00  0.0000E+00  0.0000E+00  0.0000E+00  0.0000E+00  0.0000E+00  0.0000E+00  0.0000E+00  0.0000E+00  0.0000E+00  0.0000E+00  0.0000E+00  0.0000E+00
      9.346  0.0000E+00  0.0000E+00  0.0000E+00  0.0000E+00  0.0000E+00  0.0000E+00  0.0000E+00  0.0000E+00  0.0000E+00  0.0000E+00  0.0000E+00  0.0000E+00  0.0000E+00  0.0000E+00  0.0000E+00  0.0000E+00  0.0000E+00  0.0000E+00
      9.356  0.0000E+00  0.0000E+00  0.0000E+00  0.0000E+00  0.0000E+00  0.0000E+00  0.0000E+00  0.0000E+00  0.0000E+00  0.0000E+00  0.0000E+00  0.0000E+00  0.0000E+00  0.0000E+00  0.0000E+00  0.0000E+00  0.0000E+00  0.0000E+00
      9.366  0.0000E+00  0.0000E+00  0.0000E+00  0.0000E+00  0.0000E+00  0.0000E+00  0.0000E+00  0.0000E+00  0.0000E+00  0.0000E+00  0.0000E+00  0.0000E+00  0.0000E+00  0.0000E+00  0.0000E+00  0.0000E+00  0.0000E+00  0.0000E+00
      9.376  0.0000E+00  0.0000E+00  0.0000E+00  0.0000E+00  0.0000E+00  0.0000E+00  0.0000E+00  0.0000E+00  0.0000E+00  0.0000E+00  0.0000E+00  0.0000E+00  0.0000E+00  0.0000E+00  0.0000E+00  0.0000E+00  0.0000E+00  0.0000E+00
      9.386  0.0000E+00  0.0000E+00  0.0000E+00  0.0000E+00  0.0000E+00  0.0000E+00  0.0000E+00  0.0000E+00  0.0000E+00  0.0000E+00  0.0000E+00  0.0000E+00  0.0000E+00  0.0000E+00  0.0000E+00  0.0000E+00  0.0000E+00  0.0000E+00
      9.396  0.0000E+00  0.0000E+00  0.0000E+00  0.0000E+00  0.0000E+00  0.0000E+00  0.0000E+00  0.0000E+00  0.0000E+00  0.0000E+00  0.0000E+00  0.0000E+00  0.0000E+00  0.0000E+00  0.0000E+00  0.0000E+00  0.0000E+00  0.0000E+00
