      7.00000000     -7.00000000 1400     -2.39596425      1.00000000
     -4.604  0.2841E-01  0.8701E-02  0.1633E-03  0.3269E-04  0.6350E-02  0.2927E-02  0.1072E-03  0.2255E-04  0.3824E-04  0.4551E-05  0.7703E-02  0.5401E-03  0.1056E+00  0.2671E-01  0.4902E-02  0.3835E-03  0.3619E-04  0.4810E-05
     -4.594  0.2814E-01  0.8947E-02  0.1629E-03  0.3050E-04  0.6267E-02  0.3002E-02  0.1102E-03  0.2327E-04  0.3796E-04  0.4189E-05  0.7701E-02  0.5033E-03  0.1048E+00  0.2749E-01  0.5057E-02  0.3954E-03  0.3803E-04  0.4770E-05
     -4.584  0.2786E-01  0.9410E-02  0.1621E-03  0.3030E-04  0.6185E-02  0.3151E-02  0.1131E-03  0.2420E-04  0.3765E-04  0.4153E-05  0.7688E-02  0.4993E-03  0.1040E+00  0.2894E-01  0.5200E-02  0.4114E-03  0.3971E-04  0.5154E-05
     -4.574  0.2759E-01  0.1046E-01  0.1612E-03  0.3438E-04  0.6102E-02  0.3496E-02  0.1156E-03  0.2593E-04  0.3729E-04  0.4763E-05  0.7663E-02  0.5663E-03  0.1033E+00  0.3219E-01  0.5332E-02  0.4417E-03  0.4122E-04  0.6569E-05
     -4.564  0.2744E-01  0.1162E-01  0.1601E-03  0.3899E-04  0.6048E-02  0.3883E-02  0.1181E-03  0.2782E-04  0.3700E-04  0.5483E-05  0.7633E-02  0.6423E-03  0.1030E+00  0.3580E-01  0.5458E-02  0.4745E-03  0.4259E-04  0.8020E-05
     -4.554  0.2819E-01  0.1351E-01  0.1601E-03  0.5718E-04  0.6193E-02  0.4514E-02  0.1212E-03  0.3754E-04  0.3752E-04  0.9309E-05  0.7659E-02  0.9457E-03  0.1060E+00  0.4174E-01  0.5612E-02  0.6372E-03  0.4402E-04  0.1116E-04
     -4.544  0.2790E-01  0.1570E-01  0.1638E-03  0.8016E-04  0.6115E-02  0.5243E-02  0.1241E-03  0.5721E-04  0.3812E-04  0.1492E-04  0.7856E-02  0.1330E-02  0.1051E+00  0.4864E-01  0.5763E-02  0.9715E-03  0.4548E-04  0.1545E-04
     -4.534  0.3626E-01  0.1620E-01  0.2916E-03  0.8012E-04  0.7901E-02  0.5400E-02  0.1599E-03  0.6059E-04  0.6499E-04  0.1525E-04  0.1408E-01  0.1327E-02  0.1368E+00  0.5025E-01  0.7462E-02  0.1029E-02  0.6697E-04  0.1670E-04
     -4.524  0.2825E-01  0.1618E-01  0.1856E-03  0.7993E-04  0.6138E-02  0.5384E-02  0.1207E-03  0.6374E-04  0.4123E-04  0.1552E-04  0.9016E-02  0.1322E-02  0.1069E+00  0.5023E-01  0.5679E-02  0.1081E-02  0.4439E-04  0.1783E-04
     -4.514  0.2416E-01  0.1607E-01  0.1554E-03  0.7975E-04  0.5225E-02  0.5338E-02  0.8561E-04  0.6655E-04  0.3191E-04  0.1581E-04  0.7604E-02  0.1317E-02  0.9166E-01  0.4994E-01  0.4009E-02  0.1128E-02  0.2851E-04  0.1885E-04
     -4.504  0.2239E-01  0.1591E-01  0.1486E-03  0.7961E-04  0.4829E-02  0.5280E-02  0.8301E-04  0.6906E-04  0.3054E-04  0.1614E-04  0.7295E-02  0.1313E-02  0.8518E-01  0.4954E-01  0.3902E-02  0.1170E-02  0.2674E-04  0.1976E-04
     -4.494  0.2240E-01  0.1643E-01  0.1476E-03  0.9539E-04  0.4818E-02  0.5438E-02  0.8195E-04  0.7704E-04  0.2950E-04  0.1986E-04  0.7264E-02  0.1567E-02  0.8535E-01  0.5123E-01  0.3848E-02  0.1293E-02  0.2542E-04  0.2391E-04
     -4.484  0.2002E-01  0.1481E-01  0.1286E-03  0.6958E-04  0.4303E-02  0.4886E-02  0.7745E-04  0.5922E-04  0.2596E-04  0.1419E-04  0.6334E-02  0.1148E-02  0.7645E-01  0.4626E-01  0.3643E-02  0.1008E-02  0.2294E-04  0.1767E-04
     -4.474  0.2042E-01  0.1548E-01  0.1379E-03  0.6701E-04  0.4363E-02  0.5092E-02  0.1010E-03  0.5171E-04  0.2968E-04  0.1321E-04  0.6861E-02  0.1107E-02  0.7790E-01  0.4838E-01  0.4732E-02  0.8826E-03  0.3700E-04  0.1619E-04
     -4.464  0.2694E-01  0.1231E-01  0.1409E-03  0.6110E-04  0.5717E-02  0.4038E-02  0.1124E-03  0.4042E-04  0.2943E-04  0.1154E-04  0.7098E-02  0.1014E-02  0.1037E+00  0.3849E-01  0.5405E-02  0.6870E-03  0.3253E-04  0.1370E-04
     -4.454  0.2474E-01  0.1252E-01  0.1236E-03  0.6417E-04  0.5214E-02  0.4096E-02  0.1012E-03  0.4345E-04  0.2691E-04  0.1207E-04  0.6289E-02  0.1068E-02  0.9584E-01  0.3920E-01  0.4912E-02  0.7346E-03  0.2905E-04  0.1545E-04
     -4.444  0.1832E-01  0.1401E-01  0.9468E-04  0.7659E-04  0.3814E-02  0.4563E-02  0.7791E-04  0.5717E-04  0.2256E-04  0.1549E-04  0.4882E-02  0.1282E-02  0.7146E-01  0.4392E-01  0.3812E-02  0.9634E-03  0.2581E-04  0.2477E-04
     -4.434  0.1455E-01  0.1635E-01  0.8373E-04  0.9476E-04  0.2978E-02  0.5291E-02  0.5857E-04  0.5142E-04  0.2039E-04  0.2011E-04  0.4373E-02  0.1599E-02  0.5727E-01  0.5142E-01  0.2897E-02  0.8813E-03  0.2507E-04  0.2796E-04
     -4.424  0.1541E-01  0.1616E-01  0.9153E-04  0.8847E-04  0.3129E-02  0.5205E-02  0.5461E-04  0.4798E-04  0.2162E-04  0.1707E-04  0.4826E-02  0.1494E-02  0.6083E-01  0.5119E-01  0.2731E-02  0.8229E-03  0.2722E-04  0.2100E-04
     -4.414  0.1643E-01  0.1653E-01  0.1037E-03  0.8127E-04  0.3313E-02  0.5300E-02  0.5338E-04  0.4506E-04  0.2244E-04  0.1482E-04  0.5530E-02  0.1382E-02  0.6491E-01  0.5258E-01  0.2719E-02  0.7790E-03  0.3080E-04  0.1594E-04
     -4.404  0.1838E-01  0.1559E-01  0.1228E-03  0.6641E-04  0.3691E-02  0.4983E-02  0.5658E-04  0.4151E-04  0.2574E-04  0.1217E-04  0.6582E-02  0.1144E-02  0.7266E-01  0.4973E-01  0.2911E-02  0.7267E-03  0.3577E-04  0.1270E-04
     -4.394  0.2094E-01  0.1578E-01  0.1412E-03  0.6597E-04  0.4197E-02  0.5028E-02  0.6212E-04  0.3888E-04  0.3014E-04  0.1184E-04  0.7591E-02  0.1140E-02  0.8289E-01  0.5044E-01  0.3217E-02  0.6840E-03  0.4067E-04  0.1274E-04
     -4.384  0.2336E-01  0.1613E-01  0.1509E-03  0.6699E-04  0.4674E-02  0.5119E-02  0.6589E-04  0.3645E-04  0.3348E-04  0.1176E-04  0.8146E-02  0.1160E-02  0.9259E-01  0.5161E-01  0.3447E-02  0.6445E-03  0.4348E-04  0.1329E-04
     -4.374  0.2712E-01  0.1109E-01  0.1689E-03  0.5297E-04  0.5421E-02  0.3494E-02  0.7625E-04  0.2630E-04  0.3917E-04  0.1003E-04  0.9159E-02  0.9171E-03  0.1076E+00  0.3563E-01  0.4062E-02  0.4656E-03  0.4713E-04  0.1219E-04
     -4.364  0.3261E-01  0.6257E-02  0.2007E-03  0.4355E-04  0.6522E-02  0.1938E-02  0.9938E-04  0.1960E-04  0.4838E-04  0.9356E-05  0.1093E-01  0.7530E-03  0.1296E+00  0.2028E-01  0.5391E-02  0.3472E-03  0.5335E-04  0.1135E-04
     -4.354  0.2346E-01  0.6786E-02  0.1985E-03  0.4821E-04  0.4686E-02  0.2099E-02  0.1135E-03  0.1974E-04  0.5280E-04  0.1031E-04  0.1088E-01  0.8349E-03  0.9368E-01  0.2202E-01  0.6260E-02  0.3523E-03  0.3860E-04  0.1218E-04
     -4.344  0.2282E-01  0.7457E-02  0.1760E-03  0.5426E-04  0.4544E-02  0.2305E-02  0.1182E-03  0.2188E-04  0.4749E-04  0.1160E-04  0.9671E-02  0.9392E-03  0.9122E-01  0.2421E-01  0.6565E-02  0.3910E-03  0.3967E-04  0.1364E-04
     -4.334  0.2295E-01  0.7037E-02  0.1604E-03  0.4008E-04  0.4551E-02  0.2170E-02  0.1384E-03  0.2138E-04  0.4445E-04  0.1016E-04  0.8878E-02  0.6954E-03  0.9198E-01  0.2301E-01  0.7895E-02  0.3803E-03  0.4450E-04  0.1144E-04
     -4.324  0.2497E-01  0.7771E-02  0.1807E-03  0.4623E-04  0.4934E-02  0.2396E-02  0.1665E-03  0.2524E-04  0.4803E-04  0.1184E-04  0.1008E-01  0.8011E-03  0.1002E+00  0.2541E-01  0.9606E-02  0.4472E-03  0.5465E-04  0.1337E-04
     -4.314  0.2731E-01  0.9062E-02  0.2353E-03  0.5440E-04  0.5358E-02  0.2797E-02  0.2027E-03  0.3196E-04  0.5126E-04  0.1400E-04  0.1329E-01  0.9394E-03  0.1102E+00  0.2963E-01  0.1188E-01  0.5592E-03  0.6807E-04  0.1517E-04
     -4.304  0.2452E-01  0.1088E-01  0.2200E-03  0.6302E-04  0.4763E-02  0.3362E-02  0.1720E-03  0.4023E-04  0.3881E-04  0.1624E-04  0.1257E-01  0.1084E-02  0.9938E-01  0.3557E-01  0.1026E-01  0.6948E-03  0.6516E-04  0.1694E-04
     -4.294  0.2128E-01  0.1307E-01  0.2156E-03  0.7353E-04  0.4107E-02  0.4039E-02  0.1449E-03  0.5000E-04  0.3221E-04  0.1846E-04  0.1246E-01  0.1262E-02  0.8672E-01  0.4270E-01  0.8918E-02  0.8553E-03  0.5731E-04  0.1944E-04
     -4.284  0.2164E-01  0.1812E-01  0.2458E-03  0.8461E-04  0.4165E-02  0.5601E-02  0.1550E-03  0.5842E-04  0.3444E-04  0.1967E-04  0.1429E-01  0.1454E-02  0.8851E-01  0.5917E-01  0.9696E-02  0.9969E-03  0.6029E-04  0.2076E-04
     -4.274  0.2481E-01  0.8854E-02  0.3288E-03  0.4921E-04  0.4756E-02  0.2716E-02  0.3421E-03  0.3325E-04  0.5761E-04  0.1089E-04  0.1923E-01  0.8523E-03  0.1020E+00  0.2901E-01  0.2117E-01  0.5979E-03  0.7110E-04  0.1750E-04
     -4.264  0.2728E-01  0.1034E-01  0.3988E-03  0.6107E-04  0.5214E-02  0.3165E-02  0.4361E-03  0.3297E-04  0.7056E-04  0.1145E-04  0.2343E-01  0.1066E-02  0.1126E+00  0.3388E-01  0.2707E-01  0.5995E-03  0.8158E-04  0.2238E-04
     -4.254  0.2081E-01  0.1154E-01  0.3340E-03  0.7433E-04  0.3962E-02  0.3529E-02  0.3669E-03  0.3214E-04  0.6447E-04  0.1260E-04  0.1970E-01  0.1306E-02  0.8631E-01  0.3782E-01  0.2282E-01  0.5883E-03  0.7281E-04  0.2610E-04
     -4.244  0.1725E-01  0.1109E-01  0.2840E-03  0.8435E-04  0.3264E-02  0.3388E-02  0.3191E-03  0.3241E-04  0.5124E-04  0.1362E-04  0.1683E-01  0.1486E-02  0.7189E-01  0.3642E-01  0.1994E-01  0.5923E-03  0.6067E-04  0.2697E-04
     -4.234  0.1865E-01  0.1094E-01  0.2901E-03  0.9548E-04  0.3511E-02  0.3339E-02  0.2997E-03  0.3559E-04  0.4725E-04  0.1528E-04  0.1728E-01  0.1684E-02  0.7794E-01  0.3599E-01  0.1886E-01  0.6469E-03  0.5953E-04  0.2821E-04
     -4.224  0.1873E-01  0.1088E-01  0.2500E-03  0.1101E-03  0.3520E-02  0.3317E-02  0.2477E-03  0.4340E-04  0.3874E-04  0.1802E-04  0.1496E-01  0.1942E-02  0.7836E-01  0.3586E-01  0.1572E-01  0.7866E-03  0.5029E-04  0.3004E-04
     -4.214  0.1841E-01  0.1178E-01  0.2081E-03  0.1380E-03  0.3455E-02  0.3588E-02  0.1993E-03  0.6902E-04  0.3035E-04  0.2391E-04  0.1252E-01  0.2430E-02  0.7712E-01  0.3893E-01  0.1278E-01  0.1251E-02  0.4101E-04  0.3391E-04
     -4.204  0.1783E-01  0.1282E-01  0.1637E-03  0.1665E-03  0.3338E-02  0.3902E-02  0.1644E-03  0.9224E-04  0.2207E-04  0.2937E-04  0.9921E-02  0.2930E-02  0.7478E-01  0.4250E-01  0.1067E-01  0.1670E-02  0.3170E-04  0.3799E-04
     -4.194  0.1526E-01  0.1470E-01  0.9705E-04  0.1822E-03  0.2844E-02  0.4459E-02  0.1518E-03  0.1018E-03  0.1181E-04  0.2960E-04  0.5949E-02  0.3212E-02  0.6418E-01  0.4888E-01  0.9911E-02  0.1835E-02  0.2034E-04  0.4041E-04
     -4.184  0.1718E-01  0.1348E-01  0.9883E-04  0.1567E-03  0.3193E-02  0.4087E-02  0.1806E-03  0.9334E-04  0.1209E-04  0.2314E-04  0.6085E-02  0.2760E-02  0.7246E-01  0.4484E-01  0.1178E-01  0.1675E-02  0.2083E-04  0.3459E-04
     -4.174  0.1981E-01  0.1116E-01  0.1034E-03  0.1377E-03  0.3665E-02  0.3370E-02  0.2006E-03  0.8357E-04  0.1230E-04  0.1735E-04  0.6420E-02  0.2421E-02  0.8385E-01  0.3716E-01  0.1318E-01  0.1491E-02  0.2312E-04  0.3096E-04
     -4.164  0.2974E-01  0.6070E-02  0.1701E-03  0.4903E-04  0.5437E-02  0.1831E-02  0.6067E-03  0.4232E-04  0.4010E-04  0.7272E-05  0.1069E-01  0.8734E-03  0.1272E+00  0.2032E-01  0.4047E-01  0.7583E-03  0.5203E-04  0.1222E-04
     -4.154  0.2642E-01  0.5700E-02  0.1943E-03  0.3736E-04  0.4801E-02  0.1712E-02  0.6334E-03  0.7090E-04  0.4517E-04  0.7535E-05  0.1228E-01  0.6731E-03  0.1136E+00  0.1917E-01  0.4238E-01  0.1281E-02  0.5247E-04  0.9651E-05
     -4.144  0.2080E-01  0.5834E-02  0.1188E-03  0.3137E-04  0.3755E-02  0.1745E-02  0.4560E-03  0.9725E-04  0.3071E-04  0.8237E-05  0.7521E-02  0.5739E-03  0.8971E-01  0.1968E-01  0.3054E-01  0.1762E-02  0.2914E-04  0.8314E-05
     -4.134  0.2124E-01  0.2719E-01  0.1127E-03  0.1472E-03  0.3809E-02  0.8106E-02  0.4940E-03  0.2149E-03  0.3110E-04  0.2172E-04  0.7175E-02  0.2688E-02  0.9199E-01  0.9180E-01  0.3315E-01  0.3872E-02  0.2651E-04  0.3005E-04
     -4.124  0.2368E-01  0.2829E-01  0.9759E-04  0.1748E-03  0.4171E-02  0.8420E-02  0.5039E-03  0.2373E-03  0.2992E-04  0.2289E-04  0.6304E-02  0.3201E-02  0.1029E+00  0.9562E-01  0.3432E-01  0.4271E-02  0.2037E-04  0.3653E-04
     -4.114  0.2062E-01  0.1335E-01  0.7187E-04  0.8575E-04  0.3603E-02  0.3974E-02  0.2550E-03  0.1373E-03  0.1409E-04  0.1187E-04  0.4705E-02  0.1553E-02  0.8983E-01  0.4522E-01  0.1790E-01  0.2471E-02  0.1248E-04  0.1850E-04
     -4.104  0.3381E-01  0.9560E-02  0.1304E-03  0.6347E-04  0.5853E-02  0.2838E-02  0.5182E-03  0.1283E-03  0.7795E-04  0.1028E-04  0.8750E-02  0.1149E-02  0.1457E+00  0.3238E-01  0.3574E-01  0.2344E-02  0.6324E-04  0.1366E-04
     -4.094  0.4405E-01  0.8777E-02  0.1692E-03  0.6702E-04  0.7567E-02  0.2597E-02  0.6434E-03  0.1496E-03  0.1295E-03  0.1110E-04  0.1143E-01  0.1211E-02  0.1901E+00  0.2984E-01  0.4458E-01  0.2750E-02  0.8384E-04  0.1386E-04
     -4.084  0.5728E-01  0.6986E-02  0.1830E-03  0.3985E-04  0.9762E-02  0.2052E-02  0.6526E-03  0.1954E-03  0.1434E-03  0.1393E-04  0.1243E-01  0.7187E-03  0.2482E+00  0.2384E-01  0.4614E-01  0.3624E-02  0.6493E-04  0.1006E-04
     -4.074  0.8194E-01  0.4872E-02  0.2372E-03  0.2216E-04  0.1394E-01  0.1424E-02  0.8511E-03  0.1730E-03  0.1948E-03  0.1255E-04  0.1616E-01  0.3988E-03  0.3556E+00  0.1668E-01  0.6077E-01  0.3236E-02  0.6230E-04  0.6207E-05
     -4.064  0.1118E+00  0.5322E-02  0.2267E-03  0.2402E-04  0.1900E-01  0.1544E-02  0.7953E-03  0.1500E-03  0.1350E-03  0.1139E-04  0.1554E-01  0.4358E-03  0.4860E+00  0.1825E-01  0.5744E-01  0.2811E-02  0.3773E-04  0.7307E-05
     -4.054  0.1492E+00  0.7017E-02  0.2072E-03  0.3164E-04  0.2528E-01  0.2020E-02  0.6280E-03  0.1282E-03  0.7300E-04  0.1076E-04  0.1429E-01  0.5790E-03  0.6493E+00  0.2409E-01  0.4634E-01  0.2407E-02  0.2045E-04  0.1063E-04
     -4.044  0.1592E+00  0.9620E-02  0.1851E-03  0.4293E-04  0.2690E-01  0.2755E-02  0.5588E-03  0.1063E-03  0.5827E-04  0.1307E-04  0.1279E-01  0.7926E-03  0.6939E+00  0.3302E-01  0.4178E-01  0.2003E-02  0.1820E-04  0.1534E-04
     -4.034  0.1617E+00  0.1694E-01  0.1527E-03  0.7362E-04  0.2721E-01  0.4835E-02  0.5188E-03  0.1329E-03  0.4626E-04  0.2947E-04  0.1056E-01  0.1372E-02  0.7061E+00  0.5808E-01  0.3933E-01  0.2529E-02  0.1762E-04  0.2785E-04
     -4.024  0.1685E+00  0.1391E-01  0.1302E-03  0.7108E-04  0.2822E-01  0.3947E-02  0.5258E-03  0.1330E-03  0.3986E-04  0.3534E-04  0.9055E-02  0.1327E-02  0.7372E+00  0.4776E-01  0.4055E-01  0.2531E-02  0.1907E-04  0.2322E-04
     -4.014  0.1970E+00  0.1146E-01  0.1263E-03  0.6665E-04  0.3285E-01  0.3230E-02  0.5898E-03  0.1364E-03  0.4161E-04  0.3852E-04  0.8862E-02  0.1245E-02  0.8647E+00  0.3946E-01  0.4674E-01  0.2593E-02  0.2140E-04  0.1917E-04
     -4.004  0.6531E-01  0.1015E-01  0.9283E-04  0.6044E-04  0.1087E-01  0.2856E-02  0.3253E-03  0.1336E-03  0.2606E-04  0.3470E-04  0.6767E-02  0.1129E-02  0.2858E+00  0.3515E-01  0.2473E-01  0.2532E-02  0.1808E-04  0.1667E-04
     -3.994  0.6831E-01  0.1035E-01  0.1867E-03  0.5581E-04  0.1128E-01  0.2910E-02  0.4669E-03  0.1392E-03  0.4725E-04  0.3134E-04  0.1380E-01  0.1042E-02  0.2994E+00  0.3599E-01  0.3567E-01  0.2634E-02  0.3181E-04  0.1541E-04
     -3.984  0.8312E-01  0.1054E-01  0.3277E-03  0.4255E-04  0.1365E-01  0.2958E-02  0.6950E-03  0.1369E-03  0.7776E-04  0.2554E-04  0.2429E-01  0.7947E-03  0.3648E+00  0.3678E-01  0.5322E-01  0.2592E-02  0.5245E-04  0.1300E-04
     -3.974  0.8294E-01  0.1092E-01  0.3598E-03  0.3414E-04  0.1354E-01  0.3060E-02  0.6980E-03  0.1343E-03  0.8672E-04  0.2189E-04  0.2676E-01  0.6379E-03  0.3646E+00  0.3820E-01  0.5378E-01  0.2542E-02  0.6105E-04  0.1170E-04
     -3.964  0.7990E-01  0.1110E-01  0.2897E-03  0.3220E-04  0.1296E-01  0.3108E-02  0.5866E-03  0.1299E-03  0.7799E-04  0.1982E-04  0.2163E-01  0.6008E-03  0.3518E+00  0.3897E-01  0.4576E-01  0.2450E-02  0.6066E-04  0.1123E-04
     -3.954  0.8568E-01  0.1109E-01  0.3255E-03  0.2961E-04  0.1382E-01  0.3099E-02  0.6136E-03  0.1204E-03  0.8799E-04  0.1738E-04  0.2438E-01  0.5528E-03  0.3776E+00  0.3907E-01  0.4811E-01  0.2263E-02  0.7156E-04  0.1061E-04
     -3.944  0.8163E-01  0.1305E-01  0.3315E-03  0.3032E-04  0.1310E-01  0.3618E-02  0.5940E-03  0.1198E-03  0.9440E-04  0.1604E-04  0.2498E-01  0.5713E-03  0.3601E+00  0.4612E-01  0.4667E-01  0.2260E-02  0.7866E-04  0.1072E-04
     -3.934  0.7075E-01  0.1525E-01  0.2838E-03  0.3054E-04  0.1126E-01  0.4198E-02  0.4988E-03  0.1096E-03  0.8746E-04  0.1292E-04  0.2151E-01  0.5822E-03  0.3128E+00  0.5407E-01  0.3942E-01  0.2075E-02  0.7494E-04  0.1025E-04
     -3.924  0.6753E-01  0.1743E-01  0.2565E-03  0.2898E-04  0.1068E-01  0.4763E-02  0.4587E-03  0.9477E-04  0.8432E-04  0.9030E-05  0.1955E-01  0.5591E-03  0.2995E+00  0.6193E-01  0.3647E-01  0.1803E-02  0.7692E-04  0.8612E-05
     -3.914  0.5764E-01  0.1696E-01  0.2086E-03  0.2967E-04  0.9077E-02  0.4598E-02  0.3778E-03  0.8686E-04  0.7645E-04  0.8636E-05  0.1597E-01  0.5769E-03  0.2562E+00  0.6017E-01  0.3011E-01  0.1686E-02  0.6597E-04  0.6837E-05
     -3.903  0.4628E-01  0.1752E-01  0.1580E-03  0.3243E-04  0.7263E-02  0.4717E-02  0.2945E-03  0.8545E-04  0.6628E-04  0.9236E-05  0.1216E-01  0.6359E-03  0.2061E+00  0.6200E-01  0.2353E-01  0.1691E-02  0.5143E-04  0.6177E-05
     -3.893  0.3361E-01  0.2014E-01  0.1056E-03  0.3797E-04  0.5257E-02  0.5407E-02  0.2088E-03  0.9452E-04  0.5280E-04  0.1101E-04  0.8181E-02  0.7491E-03  0.1500E+00  0.7119E-01  0.1672E-01  0.1890E-02  0.3556E-04  0.6939E-05
     -3.883  0.2086E-01  0.2831E-01  0.5760E-04  0.6971E-04  0.3253E-02  0.7593E-02  0.1248E-03  0.1451E-03  0.3709E-04  0.2003E-04  0.4530E-02  0.1385E-02  0.9331E-01  0.9997E-01  0.1003E-01  0.2926E-02  0.2051E-04  0.1250E-04
     -3.873  0.7119E-02  0.4777E-01  0.2746E-04  0.1043E-03  0.1089E-02  0.1279E-01  0.4957E-04  0.1860E-03  0.1905E-04  0.2743E-04  0.2309E-02  0.2068E-02  0.3176E-01  0.1688E+00  0.4124E-02  0.3762E-02  0.6619E-05  0.2037E-04
     -3.863  0.5223E-02  0.6975E-01  0.2839E-04  0.1290E-03  0.7938E-03  0.1866E-01  0.4150E-04  0.2123E-03  0.1568E-04  0.3085E-04  0.2476E-02  0.2556E-02  0.2336E-01  0.2467E+00  0.3547E-02  0.4291E-02  0.8480E-05  0.2627E-04
     -3.853  0.3529E-02  0.8752E-01  0.3790E-04  0.1297E-03  0.5283E-03  0.2336E-01  0.4429E-04  0.2516E-03  0.1373E-04  0.3416E-04  0.3426E-02  0.2572E-02  0.1587E-01  0.3098E+00  0.3979E-02  0.5052E-02  0.1362E-04  0.2954E-04
     -3.843  0.1712E-02  0.1056E+00  0.4766E-04  0.1291E-03  0.2453E-03  0.2810E-01  0.4801E-04  0.3317E-03  0.1116E-04  0.4333E-04  0.4404E-02  0.2568E-02  0.7830E-02  0.3741E+00  0.4493E-02  0.6609E-02  0.1876E-04  0.3524E-04
     -3.833  0.2427E-02  0.1152E+00  0.6899E-04  0.1171E-03  0.3473E-03  0.3057E-01  0.7206E-04  0.3268E-03  0.1586E-04  0.4272E-04  0.6426E-02  0.2335E-02  0.1112E-01  0.4089E+00  0.6778E-02  0.6480E-02  0.2600E-04  0.3495E-04
     -3.823  0.3241E-02  0.1216E+00  0.9540E-04  0.1046E-03  0.4622E-03  0.3219E-01  0.1019E-03  0.3005E-03  0.2137E-04  0.3889E-04  0.9015E-02  0.2094E-02  0.1487E-01  0.4321E+00  0.9667E-02  0.5934E-02  0.3353E-04  0.3233E-04
     -3.813  0.4048E-02  0.1211E+00  0.1227E-03  0.9015E-04  0.5757E-03  0.3195E-01  0.1333E-03  0.2616E-03  0.2684E-04  0.3353E-04  0.1169E-01  0.1819E-02  0.1861E-01  0.4307E+00  0.1270E-01  0.5141E-02  0.4108E-04  0.2820E-04
     -3.803  0.4849E-02  0.1206E+00  0.1508E-03  0.8251E-04  0.6880E-03  0.3174E-01  0.1662E-03  0.2349E-03  0.3228E-04  0.3007E-04  0.1446E-01  0.1678E-02  0.2233E-01  0.4294E+00  0.1589E-01  0.4594E-02  0.4865E-04  0.2555E-04
     -3.793  0.5724E-02  0.1201E+00  0.1880E-03  0.7863E-04  0.8093E-03  0.3153E-01  0.2043E-03  0.2154E-03  0.3937E-04  0.2774E-04  0.1812E-01  0.1612E-02  0.2641E-01  0.4282E+00  0.1958E-01  0.4192E-02  0.5742E-04  0.2351E-04
     -3.783  0.1082E-01  0.1179E+00  0.4046E-03  0.7227E-04  0.1516E-02  0.3084E-01  0.3327E-03  0.1830E-03  0.7818E-04  0.2339E-04  0.3892E-01  0.1496E-02  0.5040E-01  0.4212E+00  0.3211E-01  0.3538E-02  0.9377E-04  0.1990E-04
     -3.773  0.1727E-01  0.1171E+00  0.6649E-03  0.6632E-04  0.2411E-02  0.3050E-01  0.4741E-03  0.1453E-03  0.1242E-03  0.1826E-04  0.6406E-01  0.1388E-02  0.8080E-01  0.4194E+00  0.4605E-01  0.2775E-02  0.1326E-03  0.1548E-04
     -3.763  0.2420E-01  0.6468E-01  0.9705E-03  0.3803E-04  0.3365E-02  0.1678E-01  0.6287E-03  0.7040E-04  0.1787E-03  0.9260E-05  0.9383E-01  0.7961E-03  0.1134E+00  0.2318E+00  0.6144E-01  0.1357E-02  0.1736E-03  0.1075E-04
     -3.753  0.3067E-01  0.1030E-01  0.1302E-02  0.2560E-04  0.4252E-02  0.2641E-02  0.7842E-03  0.3237E-04  0.2374E-03  0.6326E-05  0.1261E+00  0.5358E-03  0.1439E+00  0.3701E-01  0.7696E-01  0.6460E-03  0.2143E-03  0.1027E-04
     -3.743  0.4080E-01  0.5519E-02  0.1900E-02  0.2893E-04  0.5630E-02  0.1392E-02  0.1008E-02  0.3387E-04  0.3142E-03  0.7234E-05  0.1844E+00  0.6070E-03  0.1914E+00  0.1991E-01  0.9933E-01  0.6818E-03  0.2513E-03  0.1147E-04
     -3.733  0.3416E-01  0.6567E-02  0.1508E-02  0.3577E-04  0.4678E-02  0.1654E-02  0.1291E-02  0.3844E-04  0.2778E-03  0.8839E-05  0.1481E+00  0.7538E-03  0.1607E+00  0.2371E-01  0.1273E+00  0.7769E-03  0.2529E-03  0.1291E-04
     -3.723  0.2995E-01  0.7527E-02  0.1425E-02  0.4701E-04  0.4038E-02  0.1889E-02  0.1688E-02  0.4148E-04  0.2943E-03  0.1124E-04  0.1419E+00  0.9972E-03  0.1417E+00  0.2723E-01  0.1672E+00  0.8456E-03  0.2901E-03  0.1465E-04
     -3.713  0.3238E-01  0.8447E-02  0.1433E-02  0.5908E-04  0.4338E-02  0.2114E-02  0.1336E-02  0.4441E-04  0.2670E-03  0.1379E-04  0.1446E+00  0.1258E-02  0.1543E+00  0.3060E-01  0.1343E+00  0.9123E-03  0.3000E-03  0.1650E-04
     -3.703  0.2829E-01  0.2484E-01  0.9168E-03  0.9544E-04  0.3770E-02  0.6230E-02  0.7670E-03  0.1261E-03  0.1954E-03  0.2106E-04  0.9489E-01  0.2034E-02  0.1350E+00  0.8946E-01  0.7924E-01  0.2504E-02  0.2226E-03  0.2393E-04
     -3.693  0.2963E-01  0.2595E-01  0.9249E-03  0.1322E-03  0.3933E-02  0.6500E-02  0.7576E-03  0.1406E-03  0.1950E-03  0.2910E-04  0.9641E-01  0.2818E-02  0.1414E+00  0.9387E-01  0.7942E-01  0.2825E-02  0.2135E-03  0.3375E-04
     -3.683  0.3464E-01  0.1319E-01  0.1027E-02  0.1640E-03  0.4571E-02  0.3275E-02  0.8678E-03  0.7993E-04  0.2064E-03  0.3566E-04  0.1079E+00  0.3524E-02  0.1657E+00  0.4803E-01  0.9313E-01  0.1694E-02  0.2228E-03  0.3246E-04
     -3.673  0.3903E-01  0.1575E-01  0.1161E-02  0.2054E-03  0.5128E-02  0.3909E-02  0.1005E-02  0.8874E-04  0.2213E-03  0.4200E-04  0.1226E+00  0.4413E-02  0.1870E+00  0.5743E-01  0.1097E+00  0.1887E-02  0.2379E-03  0.3796E-04
     -3.663  0.4147E-01  0.3144E-01  0.1412E-02  0.3098E-03  0.5391E-02  0.7797E-02  0.1304E-02  0.1221E-03  0.2431E-03  0.5237E-04  0.1508E+00  0.6645E-02  0.1994E+00  0.1148E+00  0.1460E+00  0.2630E-02  0.2524E-03  0.5765E-04
     -3.653  0.4519E-01  0.2936E-01  0.1747E-02  0.3383E-03  0.5820E-02  0.7261E-02  0.1660E-02  0.1292E-03  0.2747E-03  0.5857E-04  0.1884E+00  0.7276E-02  0.2181E+00  0.1074E+00  0.1886E+00  0.2801E-02  0.2782E-03  0.6190E-04
     -3.643  0.5179E-01  0.2736E-01  0.2306E-02  0.3626E-03  0.6607E-02  0.6749E-02  0.2267E-02  0.1355E-03  0.3416E-03  0.6466E-04  0.2521E+00  0.7815E-02  0.2509E+00  0.1003E+00  0.2607E+00  0.2957E-02  0.3338E-03  0.6577E-04
     -3.633  0.4736E-01  0.1503E-01  0.2920E-02  0.1251E-03  0.5987E-02  0.3677E-02  0.3025E-02  0.9701E-04  0.3803E-03  0.3265E-04  0.3246E+00  0.2700E-02  0.2302E+00  0.5517E-01  0.3518E+00  0.2126E-02  0.3330E-03  0.4879E-04
     -3.623  0.5181E-01  0.1355E-01  0.3753E-02  0.1200E-03  0.6497E-02  0.3299E-02  0.4078E-02  0.9167E-04  0.4621E-03  0.3350E-04  0.4218E+00  0.2598E-02  0.2530E+00  0.4986E-01  0.4759E+00  0.2020E-02  0.3998E-03  0.4929E-04
     -3.613  0.5754E-01  0.1259E-01  0.4530E-02  0.1180E-03  0.7129E-02  0.3049E-02  0.5245E-02  0.8743E-04  0.5313E-03  0.3457E-04  0.5141E+00  0.2560E-02  0.2829E+00  0.4640E-01  0.6153E+00  0.1934E-02  0.4515E-03  0.5039E-04
     -3.603  0.6943E-01  0.1237E-01  0.5189E-02  0.1229E-03  0.8557E-02  0.2985E-02  0.5790E-02  0.8758E-04  0.5667E-03  0.3659E-04  0.5947E+00  0.2669E-02  0.3429E+00  0.4566E-01  0.6858E+00  0.1940E-02  0.5795E-03  0.5328E-04
     -3.593  0.7047E-01  0.1224E-01  0.5362E-02  0.1276E-03  0.8664E-02  0.2941E-02  0.5980E-02  0.8616E-04  0.5569E-03  0.3833E-04  0.6200E+00  0.2776E-02  0.3484E+00  0.4524E-01  0.7125E+00  0.1912E-02  0.6332E-03  0.5587E-04
     -3.583  0.5011E-01  0.1220E-01  0.2804E-02  0.1322E-03  0.6128E-02  0.2919E-02  0.3718E-02  0.8317E-04  0.2761E-03  0.3979E-04  0.3301E+00  0.2881E-02  0.2488E+00  0.4513E-01  0.4561E+00  0.1851E-02  0.4140E-03  0.5815E-04
     -3.573  0.4112E-01  0.1260E-01  0.2394E-02  0.1228E-03  0.5036E-02  0.2996E-02  0.3188E-02  0.7039E-04  0.2245E-03  0.4027E-04  0.2852E+00  0.2687E-02  0.2038E+00  0.4673E-01  0.3948E+00  0.1590E-02  0.3025E-03  0.5653E-04
     -3.563  0.3117E-01  0.1280E-01  0.1982E-02  0.1294E-03  0.3832E-02  0.3029E-02  0.2596E-02  0.7139E-04  0.1769E-03  0.4247E-04  0.2398E+00  0.2846E-02  0.1540E+00  0.4747E-01  0.3256E+00  0.1624E-02  0.2032E-03  0.5650E-04
     -3.553  0.2663E-01  0.1302E-01  0.1781E-02  0.1650E-03  0.3275E-02  0.3073E-02  0.2344E-02  0.8847E-04  0.1469E-03  0.4879E-04  0.2180E+00  0.3642E-02  0.1316E+00  0.4830E-01  0.2974E+00  0.2003E-02  0.1523E-03  0.6481E-04
     -3.543  0.2313E-01  0.1308E-01  0.1607E-02  0.1944E-03  0.2831E-02  0.3078E-02  0.2157E-02  0.1036E-03  0.1191E-03  0.5372E-04  0.1994E+00  0.4302E-02  0.1145E+00  0.4855E-01  0.2770E+00  0.2337E-02  0.1107E-03  0.7183E-04
     -3.533  0.1964E-01  0.1319E-01  0.1430E-02  0.2185E-03  0.2388E-02  0.3089E-02  0.1953E-02  0.1193E-03  0.9319E-04  0.5720E-04  0.1802E+00  0.4847E-02  0.9750E-01  0.4897E-01  0.2544E+00  0.2679E-02  0.7134E-04  0.7959E-04
     -3.523  0.1820E-01  0.1417E-01  0.1686E-02  0.2554E-03  0.2174E-02  0.3300E-02  0.2249E-02  0.1552E-03  0.8738E-04  0.6247E-04  0.2157E+00  0.5672E-02  0.9055E-01  0.5268E-01  0.2963E+00  0.3463E-02  0.4609E-04  0.1030E-03
     -3.513  0.1872E-01  0.1651E-01  0.2158E-02  0.3405E-03  0.2187E-02  0.3832E-02  0.2808E-02  0.1975E-03  0.9333E-04  0.7943E-04  0.2796E+00  0.7591E-02  0.9334E-01  0.6155E-01  0.3728E+00  0.4387E-02  0.4483E-04  0.1448E-03
     -3.503  0.2094E-01  0.2323E-01  0.2743E-02  0.3750E-03  0.2404E-02  0.5360E-02  0.3595E-02  0.2103E-03  0.1063E-03  0.9004E-04  0.3580E+00  0.8397E-02  0.1047E+00  0.8673E-01  0.4786E+00  0.4672E-02  0.5328E-04  0.1413E-03
     -3.493  0.2398E-01  0.3172E-01  0.4245E-02  0.4224E-03  0.2711E-02  0.7291E-02  0.6332E-02  0.2269E-03  0.1242E-03  0.1041E-03  0.5611E+00  0.9496E-02  0.1203E+00  0.1186E+00  0.8477E+00  0.5042E-02  0.7055E-04  0.1393E-03
     -3.483  0.2395E-01  0.3386E-01  0.4738E-02  0.4466E-03  0.2647E-02  0.7761E-02  0.8598E-02  0.2374E-03  0.1053E-03  0.1139E-03  0.6340E+00  0.1006E-01  0.1199E+00  0.1268E+00  0.1157E+01  0.5293E-02  0.8967E-04  0.1327E-03
     -3.473  0.4489E-01  0.3965E-01  0.2025E-02  0.5233E-03  0.4863E-02  0.9058E-02  0.4200E-02  0.3131E-03  0.1383E-03  0.1466E-03  0.2742E+00  0.1178E-01  0.2309E+00  0.1488E+00  0.5755E+00  0.7043E-02  0.1604E-03  0.1538E-03
     -3.463  0.4643E-01  0.4869E-01  0.1618E-02  0.6084E-03  0.5009E-02  0.1108E-01  0.3341E-02  0.4225E-03  0.1287E-03  0.1894E-03  0.2207E+00  0.1371E-01  0.2394E+00  0.1835E+00  0.4614E+00  0.9568E-02  0.1619E-03  0.1805E-03
     -3.453  0.4744E-01  0.6413E-01  0.1232E-02  0.6221E-03  0.5099E-02  0.1453E-01  0.2570E-02  0.4703E-03  0.1177E-03  0.2100E-03  0.1697E+00  0.1410E-01  0.2453E+00  0.2428E+00  0.3590E+00  0.1069E-01  0.1630E-03  0.1795E-03
     -3.443  0.6135E-01  0.6995E-01  0.4265E-02  0.4706E-03  0.6551E-02  0.1582E-01  0.3650E-02  0.3885E-03  0.1682E-03  0.1806E-03  0.6102E+00  0.1069E-01  0.3156E+00  0.2659E+00  0.5238E+00  0.8889E-02  0.2362E-03  0.1429E-03
     -3.433  0.1309E-01  0.7150E-01  0.4404E-02  0.2957E-03  0.1380E-02  0.1613E-01  0.3024E-02  0.3354E-03  0.1027E-03  0.1339E-03  0.6409E+00  0.6727E-02  0.6521E-01  0.2719E+00  0.4384E+00  0.7694E-02  0.9397E-04  0.1201E-03
     -3.423  0.2349E-01  0.6643E-01  0.5504E-02  0.1610E-03  0.2470E-02  0.1494E-01  0.5751E-02  0.2589E-03  0.1617E-03  0.8764E-04  0.8097E+00  0.3689E-02  0.1175E+00  0.2527E+00  0.8401E+00  0.5936E-02  0.1753E-03  0.7656E-04
     -3.413  0.3582E-01  0.6291E-01  0.7066E-02  0.1036E-03  0.3736E-02  0.1411E-01  0.7145E-02  0.2406E-03  0.2240E-03  0.6627E-04  0.1053E+01  0.2399E-02  0.1817E+00  0.2394E+00  0.1055E+01  0.5511E-02  0.2420E-03  0.5653E-04
     -3.403  0.4051E-01  0.6329E-01  0.6137E-02  0.1117E-03  0.4192E-02  0.1415E-01  0.7350E-02  0.2801E-03  0.2129E-03  0.6881E-04  0.9338E+00  0.2595E-02  0.2077E+00  0.2410E+00  0.1101E+01  0.6421E-02  0.2673E-03  0.5865E-04
     -3.393  0.5020E-01  0.6269E-01  0.6081E-02  0.1264E-03  0.5174E-02  0.1397E-01  0.8579E-02  0.3291E-03  0.2371E-03  0.7275E-04  0.9354E+00  0.2948E-02  0.2560E+00  0.2389E+00  0.1301E+01  0.7550E-02  0.3351E-03  0.6089E-04
     -3.383  0.5195E-01  0.5785E-01  0.6071E-02  0.2008E-03  0.5340E-02  0.1282E-01  0.9465E-02  0.4371E-03  0.2671E-03  0.9133E-04  0.9430E+00  0.4722E-02  0.2638E+00  0.2207E+00  0.1452E+01  0.1004E-01  0.4081E-03  0.6828E-04
     -3.373  0.4082E-01  0.5111E-01  0.6111E-02  0.2506E-03  0.4173E-02  0.1127E-01  0.9862E-02  0.3845E-03  0.3203E-03  0.1015E-03  0.9615E+00  0.5914E-02  0.2072E+00  0.1953E+00  0.1542E+01  0.8905E-02  0.3748E-03  0.7490E-04
     -3.363  0.2606E-01  0.4862E-01  0.6682E-02  0.3079E-03  0.2656E-02  0.1068E-01  0.9775E-02  0.3557E-03  0.4827E-03  0.1151E-03  0.1090E+01  0.7281E-02  0.1336E+00  0.1862E+00  0.1560E+01  0.8313E-02  0.4066E-03  0.8594E-04
     -3.353  0.1579E-01  0.4803E-01  0.8467E-02  0.4286E-03  0.1531E-02  0.1048E-01  0.6699E-02  0.4058E-03  0.6600E-03  0.1444E-03  0.1398E+01  0.1016E-01  0.8552E-01  0.1843E+00  0.1105E+01  0.9531E-02  0.3808E-03  0.1077E-03
     -3.343  0.1233E-01  0.4690E-01  0.4821E-02  0.9469E-03  0.1179E-02  0.1010E-01  0.3511E-02  0.5344E-03  0.4582E-03  0.2326E-03  0.8110E+00  0.2248E-01  0.6661E-01  0.1808E+00  0.5862E+00  0.1270E-01  0.2797E-03  0.1988E-03
     -3.333  0.1778E-01  0.6483E-01  0.5762E-02  0.1261E-03  0.1679E-02  0.1385E-01  0.2725E-02  0.3922E-03  0.5420E-03  0.9070E-04  0.9974E+00  0.3042E-02  0.9452E-01  0.2504E+00  0.4637E+00  0.9211E-02  0.3714E-03  0.9237E-04
     -3.323  0.4022E-01  0.5331E-01  0.1107E-01  0.1164E-03  0.3817E-02  0.1133E-01  0.4220E-02  0.4113E-03  0.9487E-03  0.6377E-04  0.1951E+01  0.2840E-02  0.2105E+00  0.2066E+00  0.7280E+00  0.9661E-02  0.8805E-03  0.1090E-03
     -3.313  0.3788E-01  0.4871E-01  0.1162E-01  0.1146E-03  0.3574E-02  0.1031E-01  0.3848E-02  0.3876E-03  0.9845E-03  0.5371E-04  0.2062E+01  0.2779E-02  0.1991E+00  0.1891E+00  0.6721E+00  0.9198E-02  0.8663E-03  0.1018E-03
     -3.303  0.3325E-01  0.2700E-01  0.1094E-01  0.1255E-03  0.3124E-02  0.5650E-02  0.3422E-02  0.5224E-03  0.9065E-03  0.4353E-04  0.1955E+01  0.3015E-02  0.1754E+00  0.1048E+00  0.6058E+00  0.1292E-01  0.8130E-03  0.6016E-04
     -3.293  0.1229E-01  0.3583E-01  0.4125E-02  0.1561E-03  0.1153E-02  0.7488E-02  0.1533E-02  0.7157E-03  0.3539E-03  0.5586E-04  0.7469E+00  0.3774E-02  0.6576E-01  0.1395E+00  0.2756E+00  0.1785E-01  0.3096E-03  0.6745E-04
     -3.283  0.8095E-02  0.3258E-01  0.2488E-02  0.1485E-03  0.7480E-03  0.6792E-02  0.1334E-02  0.7003E-03  0.2934E-03  0.4767E-04  0.4685E+00  0.3599E-02  0.4356E-01  0.1269E+00  0.2491E+00  0.1753E-01  0.2424E-03  0.6191E-04
     -3.273  0.1215E-01  0.2731E-01  0.6201E-02  0.1264E-03  0.1086E-02  0.5666E-02  0.2801E-02  0.6450E-03  0.7917E-03  0.4012E-04  0.1186E+01  0.3073E-02  0.6661E-01  0.1064E+00  0.5368E+00  0.1625E-01  0.6548E-03  0.5099E-04
     -3.263  0.1560E-01  0.2955E-01  0.6806E-02  0.1176E-03  0.1375E-02  0.6096E-02  0.3510E-02  0.6630E-03  0.8781E-03  0.3417E-04  0.1311E+01  0.2875E-02  0.8462E-01  0.1155E+00  0.6785E+00  0.1669E-01  0.8474E-03  0.4794E-04
     -3.253  0.3780E-01  0.4193E-01  0.1043E-01  0.2649E-03  0.3285E-02  0.8595E-02  0.8427E-02  0.9313E-03  0.1682E-02  0.3459E-04  0.2045E+01  0.6621E-02  0.2034E+00  0.1646E+00  0.1665E+01  0.2343E-01  0.1867E-02  0.5847E-04
     -3.243  0.3089E-01  0.3091E-01  0.7857E-02  0.2825E-03  0.2631E-02  0.6317E-02  0.4664E-02  0.8160E-03  0.1253E-02  0.2505E-04  0.1561E+01  0.7121E-02  0.1689E+00  0.1214E+00  0.9286E+00  0.2079E-01  0.1797E-02  0.3991E-04
     -3.233  0.9904E-02  0.5147E-02  0.1222E-02  0.2720E-04  0.7721E-03  0.1072E-02  0.5665E-03  0.3064E-03  0.3841E-03  0.1233E-04  0.2510E+00  0.6704E-03  0.5568E-01  0.2001E-01  0.1163E+00  0.8029E-02  0.6722E-03  0.1723E-04
     -3.223  0.8451E-02  0.7209E-02  0.9317E-03  0.5748E-04  0.6491E-03  0.1468E-02  0.4721E-03  0.3141E-03  0.3182E-03  0.1666E-04  0.1929E+00  0.1458E-02  0.4754E-01  0.2811E-01  0.9793E-01  0.8231E-02  0.5884E-03  0.2374E-04
     -3.213  0.1432E-01  0.1272E-01  0.1158E-02  0.1324E-03  0.1137E-02  0.2553E-02  0.8514E-03  0.3697E-03  0.4206E-03  0.2773E-04  0.2466E+00  0.3383E-02  0.7946E-01  0.4971E-01  0.1793E+00  0.9646E-02  0.9110E-03  0.4319E-04
     -3.203  0.1930E-01  0.1415E-01  0.1437E-02  0.1567E-03  0.1548E-02  0.2819E-02  0.1214E-02  0.3818E-03  0.5405E-03  0.3300E-04  0.3124E+00  0.4037E-02  0.1067E+00  0.5536E-01  0.2578E+00  0.9984E-02  0.1239E-02  0.5331E-04
     -3.193  0.3919E-01  0.1867E-01  0.2241E-02  0.2108E-03  0.3134E-02  0.3681E-02  0.2138E-02  0.4165E-03  0.1186E-02  0.3949E-04  0.5013E+00  0.5448E-02  0.2175E+00  0.7314E-01  0.4694E+00  0.1091E-01  0.1972E-02  0.8737E-04
     -3.183  0.1862E-01  0.2838E-01  0.1303E-02  0.2926E-03  0.1440E-02  0.5548E-02  0.9379E-03  0.5254E-03  0.9762E-03  0.5430E-04  0.2932E+00  0.7568E-02  0.1039E+00  0.1115E+00  0.2119E+00  0.1381E-01  0.1247E-02  0.1426E-03
     -3.173  0.2524E-01  0.2340E-01  0.1406E-02  0.2732E-03  0.1907E-02  0.4541E-02  0.1878E-02  0.5528E-03  0.1245E-02  0.6905E-04  0.3234E+00  0.7119E-02  0.1413E+00  0.9193E-01  0.4405E+00  0.1463E-01  0.1541E-02  0.1415E-03
     -3.163  0.2483E-01  0.1829E-01  0.1244E-02  0.2949E-03  0.1839E-02  0.3489E-02  0.1909E-02  0.4777E-03  0.1233E-02  0.5517E-04  0.2901E+00  0.7752E-02  0.1394E+00  0.7182E-01  0.4559E+00  0.1280E-01  0.1487E-02  0.8334E-04
     -3.153  0.2157E-01  0.3263E-01  0.1081E-02  0.5276E-03  0.1573E-02  0.6174E-02  0.1559E-02  0.5673E-03  0.1136E-02  0.8777E-04  0.2546E+00  0.1384E-01  0.1215E+00  0.1283E+00  0.3754E+00  0.1523E-01  0.1358E-02  0.1212E-03
     -3.143  0.1856E-01  0.3890E-01  0.9829E-03  0.5307E-03  0.1336E-02  0.7328E-02  0.1214E-02  0.5885E-03  0.1084E-02  0.8532E-04  0.2338E+00  0.1407E-01  0.1048E+00  0.1535E+00  0.2941E+00  0.1591E-01  0.1291E-02  0.1217E-03
     -3.133  0.1606E-01  0.5154E-01  0.9071E-03  0.5956E-03  0.1139E-02  0.9671E-02  0.9414E-03  0.6239E-03  0.1047E-02  0.8524E-04  0.2184E+00  0.1595E-01  0.9096E-01  0.2040E+00  0.2292E+00  0.1696E-01  0.1252E-02  0.1210E-03
     -3.123  0.1652E-01  0.2899E-01  0.8853E-03  0.5502E-03  0.1161E-02  0.5351E-02  0.9185E-03  0.6443E-03  0.1104E-02  0.8271E-04  0.2160E+00  0.1479E-01  0.9376E-01  0.1150E+00  0.2266E+00  0.1764E-01  0.1322E-02  0.1146E-03
     -3.113  0.1699E-01  0.2910E-01  0.8634E-03  0.5929E-03  0.1182E-02  0.5342E-02  0.8956E-03  0.6699E-03  0.1160E-02  0.8634E-04  0.2136E+00  0.1601E-01  0.9658E-01  0.1156E+00  0.2239E+00  0.1842E-01  0.1394E-02  0.1206E-03
     -3.103  0.1745E-01  0.2921E-01  0.8417E-03  0.6355E-03  0.1203E-02  0.5334E-02  0.8729E-03  0.6953E-03  0.1216E-02  0.8997E-04  0.2112E+00  0.1722E-01  0.9940E-01  0.1162E+00  0.2213E+00  0.1920E-01  0.1467E-02  0.1266E-03
     -3.093  0.1801E-01  0.2954E-01  0.8220E-03  0.6796E-03  0.1229E-02  0.5373E-02  0.8531E-03  0.7512E-03  0.1274E-02  0.9467E-04  0.2094E+00  0.1848E-01  0.1027E+00  0.1176E+00  0.2195E+00  0.2078E-01  0.1544E-02  0.1339E-03
     -3.083  0.1863E-01  0.2987E-01  0.8039E-03  0.7238E-03  0.1260E-02  0.5411E-02  0.8355E-03  0.8078E-03  0.1336E-02  0.9941E-04  0.2080E+00  0.1975E-01  0.1065E+00  0.1191E+00  0.2184E+00  0.2239E-01  0.1623E-02  0.1413E-03
     -3.073  0.1926E-01  0.3019E-01  0.7858E-03  0.7682E-03  0.1290E-02  0.5447E-02  0.8178E-03  0.8650E-03  0.1397E-02  0.1042E-03  0.2067E+00  0.2101E-01  0.1102E+00  0.1205E+00  0.2173E+00  0.2401E-01  0.1705E-02  0.1487E-03
     -3.063  0.1986E-01  0.3050E-01  0.7662E-03  0.8126E-03  0.1319E-02  0.5482E-02  0.7989E-03  0.9228E-03  0.1474E-02  0.1090E-03  0.2048E+00  0.2229E-01  0.1138E+00  0.1219E+00  0.2160E+00  0.2566E-01  0.1796E-02  0.1563E-03
     -3.053  0.2032E-01  0.3112E-01  0.7431E-03  0.8801E-03  0.1337E-02  0.5574E-02  0.7764E-03  0.1013E-02  0.1588E-02  0.1156E-03  0.2019E+00  0.2421E-01  0.1167E+00  0.1245E+00  0.2139E+00  0.2823E-01  0.1912E-02  0.1674E-03
     -3.043  0.2063E-01  0.3212E-01  0.7178E-03  0.9944E-03  0.1345E-02  0.5729E-02  0.7505E-03  0.1156E-02  0.1712E-02  0.1254E-03  0.1985E+00  0.2745E-01  0.1186E+00  0.1287E+00  0.2113E+00  0.3236E-01  0.2036E-02  0.1817E-03
     -3.033  0.2086E-01  0.3328E-01  0.6908E-03  0.1134E-02  0.1347E-02  0.5910E-02  0.7219E-03  0.1326E-02  0.1850E-02  0.1368E-03  0.1945E+00  0.3140E-01  0.1201E+00  0.1335E+00  0.2083E+00  0.3732E-01  0.2163E-02  0.1973E-03
     -3.023  0.2118E-01  0.3441E-01  0.6662E-03  0.1275E-02  0.1353E-02  0.6085E-02  0.6904E-03  0.1501E-02  0.2018E-02  0.1486E-03  0.1919E+00  0.3541E-01  0.1223E+00  0.1383E+00  0.2056E+00  0.4240E-01  0.2303E-02  0.2130E-03
     -3.013  0.2161E-01  0.3551E-01  0.6313E-03  0.1418E-02  0.1361E-02  0.6254E-02  0.6576E-03  0.1679E-02  0.2206E-02  0.1607E-03  0.1875E+00  0.3948E-01  0.1252E+00  0.1429E+00  0.2031E+00  0.4761E-01  0.2454E-02  0.2290E-03
     -3.003  0.2204E-01  0.3755E-01  0.5961E-03  0.1566E-02  0.1369E-02  0.6588E-02  0.6258E-03  0.1926E-02  0.2398E-02  0.1810E-03  0.1830E+00  0.4370E-01  0.1281E+00  0.1513E+00  0.2009E+00  0.5476E-01  0.2606E-02  0.2530E-03
     -2.993  0.2245E-01  0.4829E-01  0.5614E-03  0.2045E-02  0.1375E-02  0.8412E-02  0.5949E-03  0.3141E-02  0.2593E-02  0.2508E-03  0.1786E+00  0.5725E-01  0.1309E+00  0.1947E+00  0.1989E+00  0.8917E-01  0.2760E-02  0.3458E-03
     -2.983  0.2490E-01  0.5203E-01  0.5437E-03  0.2273E-02  0.1484E-02  0.9015E-02  0.5955E-03  0.3401E-02  0.3042E-02  0.2810E-03  0.1815E+00  0.6379E-01  0.1462E+00  0.2104E+00  0.2101E+00  0.9687E-01  0.3161E-02  0.3779E-03
     -2.973  0.2732E-01  0.5188E-01  0.5852E-03  0.2052E-02  0.1602E-02  0.8933E-02  0.6605E-03  0.3402E-02  0.3666E-02  0.2990E-03  0.2045E+00  0.5784E-01  0.1608E+00  0.2102E+00  0.2433E+00  0.9733E-01  0.3837E-02  0.3693E-03
     -2.963  0.3891E-01  0.4953E-01  0.6925E-03  0.1721E-02  0.2229E-02  0.8483E-02  0.1002E-02  0.3317E-02  0.6040E-02  0.3051E-03  0.2609E+00  0.4877E-01  0.2317E+00  0.2010E+00  0.3990E+00  0.9532E-01  0.5990E-02  0.3429E-03
     -2.953  0.5557E-01  0.4268E-01  0.7882E-03  0.1364E-02  0.3155E-02  0.7287E-02  0.1487E-02  0.2807E-02  0.8997E-02  0.2711E-03  0.3072E+00  0.3896E-01  0.3328E+00  0.1734E+00  0.6183E+00  0.8102E-01  0.8712E-02  0.2889E-03
     -2.943  0.4783E-01  0.3839E-01  0.6647E-03  0.1207E-02  0.2698E-02  0.6524E-02  0.1294E-02  0.2370E-02  0.8377E-02  0.2445E-03  0.2616E+00  0.3469E-01  0.2867E+00  0.1561E+00  0.5441E+00  0.6883E-01  0.7913E-02  0.2518E-03
     -2.933  0.3672E-01  0.3556E-01  0.5255E-03  0.1043E-02  0.2052E-02  0.6005E-02  0.9447E-03  0.1950E-02  0.6863E-02  0.2196E-03  0.2083E+00  0.3025E-01  0.2203E+00  0.1448E+00  0.3994E+00  0.5713E-01  0.6411E-02  0.2165E-03
     -2.923  0.2693E-01  0.3319E-01  0.4069E-03  0.9278E-03  0.1485E-02  0.5570E-02  0.5653E-03  0.1645E-02  0.5073E-02  0.2007E-03  0.1630E+00  0.2718E-01  0.1613E+00  0.1352E+00  0.2386E+00  0.4863E-01  0.4781E-02  0.1906E-03
     -2.913  0.2410E-01  0.3170E-01  0.3658E-03  0.8706E-03  0.1315E-02  0.5287E-02  0.4513E-03  0.1457E-02  0.4739E-02  0.1902E-03  0.1483E+00  0.2572E-01  0.1442E+00  0.1292E+00  0.1915E+00  0.4349E-01  0.4450E-02  0.1759E-03
     -2.903  0.2321E-01  0.3355E-01  0.3452E-03  0.9230E-03  0.1255E-02  0.5566E-02  0.4276E-03  0.1437E-02  0.4928E-02  0.1951E-03  0.1417E+00  0.2738E-01  0.1389E+00  0.1368E+00  0.1836E+00  0.4312E-01  0.4563E-02  0.1788E-03
     -2.893  0.2251E-01  0.3529E-01  0.3271E-03  0.9767E-03  0.1206E-02  0.5828E-02  0.4063E-03  0.1414E-02  0.5140E-02  0.2001E-03  0.1364E+00  0.2909E-01  0.1347E+00  0.1440E+00  0.1767E+00  0.4266E-01  0.4702E-02  0.1820E-03
     -2.883  0.2189E-01  0.3697E-01  0.3106E-03  0.1045E-02  0.1163E-02  0.6075E-02  0.3863E-03  0.1384E-02  0.5368E-02  0.2074E-03  0.1319E+00  0.3127E-01  0.1310E+00  0.1509E+00  0.1704E+00  0.4201E-01  0.4856E-02  0.1898E-03
     -2.873  0.2277E-01  0.3859E-01  0.3007E-03  0.1120E-02  0.1189E-02  0.6313E-02  0.3864E-03  0.1366E-02  0.6133E-02  0.2167E-03  0.1316E+00  0.3366E-01  0.1362E+00  0.1576E+00  0.1764E+00  0.4170E-01  0.5511E-02  0.1996E-03
     -2.863  0.2377E-01  0.4311E-01  0.2926E-03  0.1783E-02  0.1221E-02  0.7015E-02  0.3904E-03  0.1674E-02  0.7021E-02  0.2840E-03  0.1323E+00  0.5353E-01  0.1421E+00  0.1765E+00  0.1848E+00  0.5124E-01  0.6260E-02  0.2783E-03
     -2.853  0.2434E-01  0.4958E-01  0.2665E-03  0.2533E-02  0.1218E-02  0.8021E-02  0.3712E-03  0.2176E-02  0.8095E-02  0.4032E-03  0.1292E+00  0.7612E-01  0.1459E+00  0.2035E+00  0.1881E+00  0.6670E-01  0.7145E-02  0.4083E-03
     -2.843  0.2511E-01  0.5328E-01  0.2413E-03  0.2826E-02  0.1221E-02  0.8573E-02  0.3559E-03  0.2808E-02  0.9570E-02  0.5414E-03  0.1273E+00  0.8537E-01  0.1509E+00  0.2187E+00  0.1960E+00  0.8624E-01  0.8301E-02  0.5694E-03
     -2.833  0.2617E-01  0.4991E-01  0.2420E-03  0.2742E-02  0.1255E-02  0.7990E-02  0.3702E-03  0.2980E-02  0.1079E-01  0.5300E-03  0.1324E+00  0.8318E-01  0.1576E+00  0.2052E+00  0.2105E+00  0.9181E-01  0.9250E-02  0.5244E-03
     -2.823  0.2605E-01  0.4664E-01  0.2355E-03  0.2632E-02  0.1232E-02  0.7424E-02  0.3574E-03  0.3151E-02  0.1172E-01  0.5157E-03  0.1332E+00  0.8026E-01  0.1570E+00  0.1920E+00  0.2077E+00  0.9740E-01  0.9981E-02  0.4778E-03
     -2.813  0.2539E-01  0.4332E-01  0.2242E-03  0.2477E-02  0.1185E-02  0.6851E-02  0.3348E-03  0.3281E-02  0.1238E-01  0.4888E-03  0.1315E+00  0.7594E-01  0.1532E+00  0.1787E+00  0.1987E+00  0.1017E+00  0.1050E-01  0.4323E-03
     -2.803  0.2204E-01  0.3946E-01  0.1832E-03  0.2226E-02  0.1012E-02  0.6190E-02  0.2591E-03  0.3230E-02  0.1071E-01  0.4101E-03  0.1170E+00  0.6867E-01  0.1327E+00  0.1627E+00  0.1575E+00  0.1006E+00  0.9268E-02  0.4116E-03
     -2.793  0.2214E-01  0.3399E-01  0.1896E-03  0.1724E-02  0.9885E-03  0.5276E-02  0.2378E-03  0.2527E-02  0.1269E-01  0.3016E-03  0.1311E+00  0.5365E-01  0.1336E+00  0.1404E+00  0.1495E+00  0.7927E-01  0.1091E-01  0.3283E-03
     -2.783  0.2338E-01  0.3175E-01  0.1913E-03  0.1574E-02  0.1021E-02  0.4899E-02  0.2293E-03  0.2233E-02  0.1323E-01  0.2965E-03  0.1369E+00  0.4924E-01  0.1412E+00  0.1315E+00  0.1490E+00  0.7051E-01  0.1123E-01  0.2905E-03
     -2.773  0.2480E-01  0.3253E-01  0.1948E-03  0.1626E-02  0.1061E-02  0.4986E-02  0.2225E-03  0.2230E-02  0.1378E-01  0.3320E-03  0.1439E+00  0.5110E-01  0.1500E+00  0.1350E+00  0.1493E+00  0.7074E-01  0.1155E-01  0.2950E-03
     -2.763  0.2549E-01  0.3655E-01  0.1982E-03  0.1702E-02  0.1065E-02  0.5510E-02  0.2082E-03  0.2317E-02  0.1413E-01  0.3926E-03  0.1502E+00  0.5388E-01  0.1544E+00  0.1517E+00  0.1458E+00  0.7403E-01  0.1138E-01  0.3290E-03
     -2.753  0.2632E-01  0.3008E-01  0.2014E-03  0.1359E-02  0.1079E-02  0.4499E-02  0.1959E-03  0.1977E-02  0.1427E-01  0.3051E-03  0.1566E+00  0.4374E-01  0.1596E+00  0.1249E+00  0.1425E+00  0.6387E-01  0.1118E-01  0.2769E-03
     -2.743  0.2786E-01  0.2999E-01  0.2066E-03  0.1409E-02  0.1129E-02  0.4457E-02  0.1913E-03  0.2037E-02  0.1449E-01  0.3147E-03  0.1646E+00  0.4560E-01  0.1692E+00  0.1246E+00  0.1432E+00  0.6614E-01  0.1133E-01  0.2830E-03
     -2.733  0.2519E-01  0.2982E-01  0.1893E-03  0.1464E-02  0.1018E-02  0.4404E-02  0.1765E-03  0.2108E-02  0.1441E-01  0.3247E-03  0.1570E+00  0.4762E-01  0.1527E+00  0.1241E+00  0.1413E+00  0.6878E-01  0.1146E-01  0.2890E-03
     -2.723  0.2062E-01  0.3003E-01  0.1664E-03  0.1581E-02  0.8302E-03  0.4409E-02  0.1569E-03  0.2216E-02  0.1572E-01  0.3432E-03  0.1464E+00  0.5160E-01  0.1243E+00  0.1250E+00  0.1384E+00  0.7255E-01  0.1299E-01  0.3118E-03
     -2.713  0.1888E-01  0.3025E-01  0.1613E-03  0.1720E-02  0.7428E-03  0.4417E-02  0.1479E-03  0.2338E-02  0.1860E-01  0.3648E-03  0.1468E+00  0.5629E-01  0.1138E+00  0.1261E+00  0.1383E+00  0.7680E-01  0.1597E-01  0.3390E-03
     -2.703  0.1657E-01  0.3032E-01  0.1051E-03  0.1872E-02  0.6310E-03  0.4390E-02  0.1186E-03  0.2479E-02  0.1899E-01  0.3866E-03  0.9646E-01  0.6141E-01  0.1000E+00  0.1265E+00  0.1175E+00  0.8172E-01  0.1601E-01  0.3661E-03
     -2.693  0.1588E-01  0.2258E-01  0.1027E-03  0.1616E-02  0.6010E-03  0.3242E-02  0.1147E-03  0.2257E-02  0.2075E-01  0.2878E-03  0.9627E-01  0.5325E-01  0.9593E-01  0.9382E-01  0.1177E+00  0.7452E-01  0.1767E-01  0.3197E-03
     -2.683  0.1559E-01  0.1832E-01  0.8794E-04  0.1552E-02  0.5757E-03  0.2613E-02  0.1130E-03  0.1992E-02  0.2241E-01  0.2401E-03  0.8537E-01  0.5161E-01  0.9420E-01  0.7608E-01  0.1223E+00  0.6595E-01  0.1957E-01  0.2545E-03
     -2.673  0.1497E-01  0.1646E-01  0.8234E-04  0.1482E-02  0.5465E-03  0.2330E-02  0.1096E-03  0.1682E-02  0.2417E-01  0.2178E-03  0.8217E-01  0.4948E-01  0.9052E-01  0.6841E-01  0.1234E+00  0.5592E-01  0.2137E-01  0.2081E-03
     -2.663  0.1434E-01  0.1581E-01  0.7680E-04  0.1445E-02  0.5169E-03  0.2230E-02  0.1063E-03  0.1632E-02  0.2596E-01  0.2093E-03  0.7903E-01  0.4835E-01  0.8676E-01  0.6572E-01  0.1246E+00  0.5441E-01  0.2322E-01  0.1982E-03
     -2.653  0.1249E-01  0.1518E-01  0.6971E-04  0.1408E-02  0.4449E-03  0.2130E-02  0.9749E-04  0.1584E-02  0.2725E-01  0.2013E-03  0.7484E-01  0.4718E-01  0.7608E-01  0.6307E-01  0.1204E+00  0.5296E-01  0.2448E-01  0.1886E-03
     -2.643  0.1140E-01  0.1453E-01  0.6317E-04  0.1428E-02  0.3928E-03  0.2016E-02  0.8837E-04  0.1553E-02  0.2814E-01  0.1969E-03  0.7137E-01  0.4814E-01  0.6987E-01  0.6023E-01  0.1153E+00  0.5221E-01  0.2465E-01  0.1819E-03
     -2.633  0.1113E-01  0.1370E-01  0.5769E-04  0.1466E-02  0.3556E-03  0.1862E-02  0.7751E-04  0.1560E-02  0.3187E-01  0.1930E-03  0.7230E-01  0.4977E-01  0.6902E-01  0.5654E-01  0.1123E+00  0.5282E-01  0.2605E-01  0.1765E-03
     -2.623  0.1128E-01  0.1323E-01  0.5290E-04  0.1718E-02  0.3328E-03  0.1755E-02  0.6408E-04  0.1612E-02  0.3404E-01  0.1968E-03  0.7234E-01  0.5878E-01  0.7049E-01  0.5443E-01  0.1032E+00  0.5495E-01  0.2651E-01  0.1706E-03
     -2.613  0.1132E-01  0.1423E-01  0.4710E-04  0.2254E-02  0.3227E-03  0.1856E-02  0.5517E-04  0.1753E-02  0.3454E-01  0.2276E-03  0.6665E-01  0.7748E-01  0.7063E-01  0.5859E-01  0.9156E-01  0.6015E-01  0.2583E-01  0.1769E-03
     -2.603  0.1252E-01  0.1645E-01  0.4101E-04  0.3026E-02  0.3380E-03  0.2090E-02  0.4619E-04  0.2106E-02  0.3950E-01  0.3019E-03  0.6085E-01  0.1046E+00  0.7748E-01  0.6799E-01  0.7964E-01  0.7293E-01  0.2874E-01  0.2060E-03
     -2.593  0.1670E-01  0.1902E-01  0.3516E-04  0.3809E-02  0.4184E-03  0.2369E-02  0.4708E-04  0.2441E-02  0.7793E-01  0.3748E-03  0.5663E-01  0.1322E+00  0.1017E+00  0.7879E-01  0.9165E-01  0.8513E-01  0.5988E-01  0.2326E-03
     -2.583  0.1856E-01  0.2158E-01  0.3021E-04  0.3925E-02  0.4477E-03  0.2659E-02  0.4654E-04  0.2700E-02  0.1227E+00  0.4163E-03  0.5268E-01  0.1377E+00  0.1123E+00  0.8938E-01  0.9873E-01  0.9491E-01  0.9890E-01  0.2532E-03
     -2.573  0.2025E-01  0.2440E-01  0.2696E-04  0.4339E-02  0.4775E-03  0.2988E-02  0.4497E-04  0.2976E-02  0.1371E+00  0.4680E-03  0.5066E-01  0.1528E+00  0.1220E+00  0.1010E+00  0.1017E+00  0.1051E+00  0.1105E+00  0.2771E-03
     -2.563  0.2197E-01  0.2747E-01  0.2383E-04  0.4796E-02  0.5080E-03  0.3350E-02  0.4342E-04  0.3284E-02  0.1515E+00  0.5217E-03  0.4879E-01  0.1694E+00  0.1318E+00  0.1136E+00  0.1048E+00  0.1163E+00  0.1222E+00  0.3058E-03
     -2.553  0.7637E-01  0.3058E-01  0.1275E-03  0.5244E-02  0.1788E-02  0.3714E-02  0.7023E-04  0.3592E-02  0.3100E+00  0.5731E-03  0.3134E+00  0.1857E+00  0.4555E+00  0.1264E+00  0.1880E+00  0.1275E+00  0.2734E+00  0.3332E-03
     -2.543  0.2718E-01  0.3251E-01  0.1469E-04  0.5431E-02  0.5875E-03  0.3931E-02  0.2782E-04  0.3750E-02  0.2466E+00  0.6036E-03  0.3920E-01  0.1930E+00  0.1588E+00  0.1342E+00  0.8668E-01  0.1335E+00  0.2080E+00  0.3498E-03
     -2.533  0.1971E-01  0.3412E-01  0.6238E-05  0.5884E-02  0.4099E-03  0.4088E-02  0.2373E-04  0.3670E-02  0.2618E+00  0.5808E-03  0.1942E-01  0.2108E+00  0.1149E+00  0.1405E+00  0.8155E-01  0.1315E+00  0.2200E+00  0.3426E-03
     -2.523  0.5118E-01  0.4308E-01  0.1025E-04  0.7619E-02  0.1063E-02  0.5107E-02  0.4882E-04  0.4079E-02  0.5063E+00  0.5979E-03  0.3964E-01  0.2752E+00  0.2971E+00  0.1770E+00  0.1726E+00  0.1472E+00  0.4280E+00  0.3547E-03
     -2.513  0.4056E-01  0.5373E-01  0.9045E-05  0.9030E-02  0.8216E-03  0.6296E-02  0.6668E-04  0.4773E-02  0.5602E+00  0.6196E-03  0.3756E-01  0.3282E+00  0.2370E+00  0.2198E+00  0.2651E+00  0.1737E+00  0.4808E+00  0.3738E-03
     -2.502  0.1703E-01  0.6209E-01  0.5165E-05  0.1030E-01  0.3385E-03  0.7211E-02  0.1990E-04  0.5895E-02  0.4178E+00  0.6438E-03  0.1856E-01  0.3767E+00  0.9896E-01  0.2525E+00  0.7611E-01  0.2165E+00  0.3636E+00  0.3971E-03
     -2.492  0.1318E-01  0.5755E-01  0.3540E-05  0.7895E-02  0.2573E-03  0.6612E-02  0.1127E-04  0.5769E-02  0.4385E+00  0.4961E-03  0.1107E-01  0.2905E+00  0.7640E-01  0.2339E+00  0.4152E-01  0.2129E+00  0.3817E+00  0.3722E-03
     -2.482  0.1337E-01  0.5958E-01  0.3518E-05  0.7676E-02  0.2580E-03  0.6798E-02  0.1090E-04  0.5909E-02  0.4903E+00  0.4651E-03  0.1120E-01  0.2840E+00  0.7743E-01  0.2424E+00  0.4067E-01  0.2194E+00  0.4289E+00  0.3643E-03
     -2.472  0.1305E-01  0.5648E-01  0.3430E-05  0.6621E-02  0.2488E-03  0.6355E-02  0.1002E-04  0.6349E-02  0.5301E+00  0.3851E-03  0.1084E-01  0.2472E+00  0.7555E-01  0.2273E+00  0.3797E-01  0.2373E+00  0.4638E+00  0.3752E-03
     -2.462  0.1237E-01  0.5358E-01  0.3290E-05  0.6339E-02  0.2331E-03  0.5993E-02  0.8829E-05  0.6325E-02  0.5586E+00  0.3484E-03  0.1014E-01  0.2374E+00  0.7171E-01  0.2156E+00  0.3416E-01  0.2375E+00  0.4876E+00  0.3516E-03
     -2.452  0.2362E-01  0.5124E-01  0.6649E-05  0.6163E-02  0.4198E-03  0.5694E-02  0.1813E-04  0.6391E-02  0.8400E+00  0.3119E-03  0.4003E-01  0.2316E+00  0.1318E+00  0.2059E+00  0.8755E-01  0.2411E+00  0.7429E+00  0.3187E-03
     -2.442  0.2899E-01  0.8854E-01  0.7431E-05  0.7968E-02  0.4936E-03  0.9743E-02  0.1857E-04  0.1076E-01  0.1069E+01  0.4151E-03  0.4422E-01  0.3024E+00  0.1614E+00  0.3531E+00  0.9373E-01  0.4067E+00  0.9375E+00  0.4201E-03
     -2.432  0.3298E-01  0.9091E-01  0.7319E-05  0.1305E-01  0.5390E-03  0.9918E-02  0.1596E-04  0.1084E-01  0.1258E+01  0.4826E-03  0.3894E-01  0.4962E+00  0.1839E+00  0.3634E+00  0.8178E-01  0.4135E+00  0.1099E+01  0.6772E-03
     -2.422  0.3136E-01  0.5402E-01  0.6914E-05  0.8067E-02  0.4917E-03  0.5829E-02  0.1249E-04  0.7286E-02  0.1341E+01  0.4127E-03  0.3458E-01  0.3104E+00  0.1755E+00  0.2163E+00  0.6772E-01  0.2810E+00  0.1183E+01  0.7265E-03
     -2.412  0.2623E-01  0.3565E-01  0.5921E-05  0.2187E-01  0.3875E-03  0.3753E-02  0.8045E-05  0.1183E-01  0.1243E+01  0.5022E-03  0.3002E-01  0.8512E+00  0.1463E+00  0.1414E+00  0.4877E-01  0.4630E+00  0.1108E+01  0.6488E-03
     -2.402  0.2508E-01  0.3510E-01  0.5929E-05  0.1799E-01  0.3556E-03  0.3649E-02  0.6192E-05  0.1034E-01  0.1277E+01  0.5005E-03  0.2962E-01  0.7038E+00  0.1381E+00  0.1395E+00  0.4055E-01  0.4071E+00  0.1157E+01  0.7660E-03
     -2.392  0.2347E-01  0.3338E-01  0.5963E-05  0.1225E-01  0.3210E-03  0.3434E-02  0.5226E-05  0.8681E-02  0.1254E+01  0.4543E-03  0.3092E-01  0.4837E+00  0.1269E+00  0.1324E+00  0.3667E-01  0.3447E+00  0.1155E+01  0.8744E-03
     -2.382  0.2089E-01  0.3298E-01  0.5559E-05  0.1269E-01  0.2763E-03  0.3361E-02  0.4483E-05  0.9070E-02  0.1136E+01  0.4922E-03  0.3095E-01  0.5027E+00  0.1103E+00  0.1309E+00  0.3285E-01  0.3622E+00  0.1063E+01  0.1001E-02
     -2.372  0.2343E-01  0.3264E-01  0.2077E-04  0.1309E-01  0.2860E-03  0.3294E-02  0.7004E-05  0.9476E-02  0.6424E+01  0.5305E-03  0.3212E-01  0.5208E+00  0.1187E+00  0.1295E+00  0.3549E-01  0.3803E+00  0.6042E+01  0.1133E-02
     -2.362  0.3022E-01  0.3350E-01  0.1032E-04  0.1349E-01  0.3426E-03  0.3353E-02  0.5351E-05  0.1001E-01  0.2647E+01  0.5805E-03  0.3991E-01  0.5385E+00  0.1436E+00  0.1329E+00  0.3594E-01  0.4035E+00  0.2591E+01  0.1270E-02
     -2.352  0.2359E-01  0.3100E-01  0.8875E-05  0.1156E-01  0.2533E-03  0.3058E-02  0.5043E-05  0.9257E-02  0.2701E+01  0.5753E-03  0.1585E-01  0.4629E+00  0.1252E+00  0.1227E+00  0.6098E-01  0.3751E+00  0.2614E+01  0.1083E-02
     -2.342  0.3011E-01  0.3394E-01  0.1181E-04  0.1225E-01  0.3137E-03  0.3308E-02  0.8763E-05  0.1124E-01  0.3553E+01  0.7593E-03  0.4346E-01  0.4931E+00  0.1552E+00  0.1342E+00  0.1200E+00  0.4586E+00  0.3235E+01  0.1124E-02
     -2.332  0.2637E-01  0.6475E-01  0.1401E-04  0.2499E-01  0.2552E-03  0.6291E-02  0.7994E-05  0.3545E-01  0.4168E+01  0.2181E-02  0.7070E-01  0.1018E+01  0.1285E+00  0.2532E+00  0.1012E+00  0.1454E+01  0.3596E+01  0.1728E-02
     -2.322  0.1737E-01  0.8613E-01  0.7753E-05  0.2739E-01  0.1569E-03  0.8279E-02  0.4086E-05  0.2858E-01  0.2226E+01  0.2036E-02  0.4381E-01  0.1130E+01  0.8759E-01  0.3444E+00  0.5464E-01  0.1184E+01  0.1962E+01  0.4266E-02
     -2.312  0.2237E-01  0.4700E-01  0.7173E-05  0.1621E-01  0.1977E-03  0.4468E-02  0.3968E-05  0.1906E-01  0.1930E+01  0.1604E-02  0.5346E-01  0.6711E+00  0.1131E+00  0.1870E+00  0.5426E-01  0.7942E+00  0.1724E+01  0.2196E-02
     -2.302  0.1427E-01  0.5912E-01  0.4349E-05  0.1918E-01  0.1223E-03  0.5549E-02  0.2732E-05  0.2319E-01  0.9863E+00  0.2425E-02  0.3757E-01  0.7981E+00  0.6609E-01  0.2342E+00  0.3095E-01  0.9730E+00  0.9059E+00  0.3387E-02
     -2.292  0.4014E-02  0.3216E-01  0.2199E-05  0.1110E-01  0.3035E-04  0.2917E-02  0.1785E-05  0.1699E-01  0.2565E+00  0.2384E-02  0.1605E-01  0.4643E+00  0.1823E-01  0.1259E+00  0.1144E-01  0.7192E+00  0.2349E+00  0.1547E-02
     -2.282  0.2146E-02  0.8080E-02  0.2409E-05  0.2496E-02  0.1325E-04  0.7086E-03  0.2156E-05  0.4737E-02  0.1137E+00  0.1189E-02  0.1804E-01  0.1046E+00  0.1114E-01  0.3096E-01  0.1184E-01  0.1993E+00  0.1038E+00  0.5011E-03
     -2.272  0.4073E-02  0.1546E-01  0.3727E-05  0.4324E-02  0.2376E-04  0.1355E-02  0.3469E-05  0.6234E-02  0.1446E+00  0.1853E-02  0.2868E-01  0.1845E+00  0.2059E-01  0.5979E-01  0.1677E-01  0.2659E+00  0.1328E+00  0.8146E-03
     -2.262  0.6371E-02  0.2393E-01  0.5025E-05  0.7069E-02  0.3430E-04  0.2088E-02  0.5109E-05  0.7807E-02  0.1677E+00  0.2480E-02  0.3861E-01  0.3046E+00  0.3156E-01  0.9272E-01  0.2117E-01  0.3366E+00  0.1535E+00  0.1300E-02
     -2.252  0.7845E-02  0.3608E-01  0.5851E-05  0.1115E-01  0.4026E-04  0.3115E-02  0.5944E-05  0.8606E-02  0.1707E+00  0.3337E-02  0.4199E-01  0.4851E+00  0.3808E-01  0.1396E+00  0.2389E-01  0.3756E+00  0.1574E+00  0.2165E-02
     -2.242  0.1251E-01  0.3026E-01  0.8393E-05  0.7695E-02  0.5965E-04  0.2597E-02  0.8082E-05  0.5663E-02  0.1994E+00  0.2595E-02  0.5290E-01  0.3383E+00  0.5857E-01  0.1169E+00  0.3308E-01  0.2503E+00  0.1829E+00  0.1870E-02
     -2.232  0.1391E-01  0.1279E-01  0.9134E-05  0.4251E-02  0.6365E-04  0.1071E-02  0.9151E-05  0.3166E-02  0.1942E+00  0.1359E-02  0.5356E-01  0.1896E+00  0.6491E-01  0.4946E-01  0.3440E-01  0.1435E+00  0.1759E+00  0.9925E-03
     -2.222  0.1516E-01  0.1065E-01  0.9751E-05  0.3712E-02  0.6701E-04  0.8824E-03  0.1015E-04  0.2749E-02  0.1865E+00  0.1145E-02  0.5343E-01  0.1667E+00  0.7058E-01  0.4124E-01  0.3519E-01  0.1256E+00  0.1671E+00  0.9472E-03
     -2.212  0.1861E-01  0.9915E-02  0.1197E-04  0.3511E-02  0.7859E-04  0.8153E-03  0.1209E-04  0.2582E-02  0.1987E+00  0.1064E-02  0.6131E-01  0.1582E+00  0.8675E-01  0.3837E-01  0.3961E-01  0.1184E+00  0.1798E+00  0.9193E-03
     -2.202  0.1989E-01  0.9187E-02  0.1314E-04  0.3297E-02  0.8200E-04  0.7493E-03  0.1351E-04  0.2405E-02  0.1945E+00  0.9816E-03  0.6236E-01  0.1491E+00  0.9239E-01  0.3553E-01  0.4114E-01  0.1106E+00  0.1751E+00  0.8857E-03
     -2.192  0.1936E-01  0.8470E-02  0.1386E-04  0.3070E-02  0.7772E-04  0.6845E-03  0.1559E-04  0.2218E-02  0.1734E+00  0.8985E-03  0.5953E-01  0.1394E+00  0.8964E-01  0.3273E-01  0.4224E-01  0.1024E+00  0.1570E+00  0.8462E-03
     -2.182  0.1861E-01  0.8219E-02  0.1466E-04  0.3034E-02  0.7243E-04  0.6554E-03  0.1793E-04  0.2147E-02  0.1531E+00  0.8612E-03  0.5687E-01  0.1385E+00  0.8589E-01  0.3160E-01  0.4361E-01  0.9960E-01  0.1396E+00  0.9063E-03
     -2.172  0.1869E-01  0.8304E-02  0.1579E-04  0.3056E-02  0.7049E-04  0.6519E-03  0.2029E-04  0.2147E-02  0.1410E+00  0.8567E-03  0.5579E-01  0.1402E+00  0.8591E-01  0.3169E-01  0.4534E-01  0.1002E+00  0.1275E+00  0.1006E-02
     -2.162  0.1852E-01  0.8513E-02  0.1698E-04  0.3026E-02  0.6737E-04  0.6580E-03  0.2291E-04  0.2158E-02  0.1296E+00  0.8633E-03  0.5484E-01  0.1396E+00  0.8478E-01  0.3222E-01  0.4741E-01  0.1013E+00  0.1159E+00  0.1091E-02
     -2.152  0.1706E-01  0.1388E-01  0.1761E-04  0.4413E-02  0.5753E-04  0.1046E-02  0.3099E-04  0.4009E-02  0.1197E+00  0.1536E-02  0.5079E-01  0.2066E+00  0.7705E-01  0.5241E-01  0.5679E-01  0.1902E+00  0.1079E+00  0.1917E-02
     -2.142  0.1651E-01  0.1281E-01  0.1832E-04  0.2049E-02  0.5332E-04  0.9428E-03  0.3334E-04  0.2762E-02  0.1132E+00  0.1112E-02  0.5007E-01  0.9643E-01  0.7400E-01  0.4642E-01  0.5917E-01  0.1315E+00  0.1022E+00  0.1263E-02
     -2.132  0.1610E-01  0.2794E-01  0.1908E-04  0.2494E-02  0.4998E-04  0.2000E-02  0.3420E-04  0.4452E-02  0.1085E+00  0.2063E-02  0.4993E-01  0.1197E+00  0.7154E-01  0.1002E+00  0.5975E-01  0.2135E+00  0.9749E-01  0.1934E-02
     -2.122  0.1572E-01  0.3085E-01  0.1986E-04  0.2641E-02  0.4673E-04  0.2178E-02  0.3486E-04  0.3888E-02  0.1041E+00  0.2097E-02  0.4982E-01  0.1280E+00  0.6917E-01  0.1103E+00  0.6005E-01  0.1872E+00  0.9292E-01  0.2071E-02
     -2.112  0.1536E-01  0.4009E-01  0.2064E-04  0.3342E-02  0.4359E-04  0.2795E-02  0.3534E-04  0.4047E-02  0.9996E-01  0.2456E-02  0.4973E-01  0.1636E+00  0.6690E-01  0.1428E+00  0.6007E-01  0.1961E+00  0.8844E-01  0.2567E-02
     -2.102  0.1500E-01  0.3968E-01  0.2169E-04  0.3929E-02  0.3982E-04  0.2753E-02  0.3584E-04  0.4029E-02  0.9752E-01  0.2770E-02  0.4882E-01  0.1931E+00  0.6413E-01  0.1416E+00  0.5948E-01  0.1968E+00  0.8488E-01  0.2801E-02
     -2.092  0.1456E-01  0.3829E-01  0.2258E-04  0.4463E-02  0.3555E-04  0.2642E-02  0.3621E-04  0.3910E-02  0.9813E-01  0.3121E-02  0.4639E-01  0.2202E+00  0.6075E-01  0.1372E+00  0.5793E-01  0.1927E+00  0.8302E-01  0.3052E-02
     -2.082  0.1414E-01  0.3495E-01  0.2343E-04  0.4360E-02  0.3139E-04  0.2384E-02  0.3634E-04  0.3424E-02  0.9921E-01  0.3685E-02  0.4392E-01  0.2165E+00  0.5741E-01  0.1253E+00  0.5596E-01  0.1717E+00  0.8134E-01  0.3224E-02
     -2.072  0.1373E-01  0.3120E-01  0.2425E-04  0.3897E-02  0.2736E-04  0.2106E-02  0.3623E-04  0.3138E-02  0.1008E+00  0.3765E-02  0.4140E-01  0.1946E+00  0.5411E-01  0.1116E+00  0.5358E-01  0.1587E+00  0.7986E-01  0.3132E-02
     -2.062  0.1332E-01  0.2492E-01  0.2487E-04  0.3480E-02  0.2383E-04  0.1666E-02  0.3566E-04  0.2821E-02  0.1014E+00  0.3587E-02  0.3927E-01  0.1743E+00  0.5102E-01  0.8893E-01  0.5075E-01  0.1436E+00  0.7812E-01  0.2946E-02
     -2.052  0.1361E-01  0.2200E-01  0.2584E-04  0.3166E-02  0.2225E-04  0.1456E-02  0.3999E-04  0.2649E-02  0.1079E+00  0.3489E-02  0.3826E-01  0.1591E+00  0.5096E-01  0.7825E-01  0.5504E-01  0.1355E+00  0.8411E-01  0.2865E-02
     -2.042  0.1403E-01  0.2102E-01  0.2750E-04  0.2911E-02  0.2070E-04  0.1378E-02  0.4612E-04  0.2544E-02  0.1184E+00  0.3425E-02  0.3831E-01  0.1468E+00  0.5140E-01  0.7450E-01  0.6140E-01  0.1307E+00  0.9387E-01  0.2842E-02
     -2.032  0.1442E-01  0.2009E-01  0.3033E-04  0.2666E-02  0.1895E-04  0.1304E-02  0.5327E-04  0.2438E-02  0.1302E+00  0.3348E-02  0.3913E-01  0.1350E+00  0.5147E-01  0.7092E-01  0.6787E-01  0.1258E+00  0.1068E+00  0.2823E-02
     -2.022  0.1485E-01  0.1920E-01  0.3315E-04  0.2433E-02  0.1744E-04  0.1233E-02  0.6002E-04  0.2330E-02  0.1429E+00  0.3256E-02  0.4008E-01  0.1237E+00  0.5165E-01  0.6752E-01  0.7371E-01  0.1207E+00  0.1202E+00  0.2808E-02
     -2.012  0.1531E-01  0.1837E-01  0.3610E-04  0.2210E-02  0.1601E-04  0.1166E-02  0.6645E-04  0.2221E-02  0.1562E+00  0.3150E-02  0.4114E-01  0.1130E+00  0.5191E-01  0.6430E-01  0.7890E-01  0.1156E+00  0.1338E+00  0.2795E-02
     -2.002  0.1586E-01  0.1759E-01  0.3884E-04  0.1998E-02  0.1490E-04  0.1102E-02  0.7217E-04  0.2110E-02  0.1701E+00  0.3029E-02  0.4214E-01  0.1028E+00  0.5249E-01  0.6126E-01  0.8322E-01  0.1104E+00  0.1471E+00  0.2787E-02
     -1.992  0.1605E-01  0.1681E-01  0.4121E-04  0.1799E-02  0.1372E-04  0.1038E-02  0.6613E-04  0.1985E-02  0.1741E+00  0.2903E-02  0.4237E-01  0.9326E-01  0.5111E-01  0.5820E-01  0.7074E-01  0.1044E+00  0.1537E+00  0.2800E-02
     -1.982  0.1589E-01  0.1601E-01  0.4272E-04  0.1612E-02  0.1235E-04  0.9728E-03  0.6543E-04  0.1846E-02  0.1701E+00  0.2772E-02  0.4173E-01  0.8428E-01  0.4893E-01  0.5512E-01  0.6702E-01  0.9776E-01  0.1606E+00  0.2840E-02
     -1.972  0.1578E-01  0.1580E-01  0.4412E-04  0.1523E-02  0.1113E-04  0.9480E-03  0.6475E-04  0.1772E-02  0.1665E+00  0.2813E-02  0.4106E-01  0.8016E-01  0.4683E-01  0.5417E-01  0.6339E-01  0.9452E-01  0.1670E+00  0.2930E-02
     -1.962  0.1591E-01  0.1572E-01  0.4630E-04  0.1454E-02  0.1012E-04  0.9307E-03  0.6494E-04  0.1712E-02  0.1688E+00  0.2915E-02  0.4087E-01  0.7705E-01  0.4523E-01  0.5367E-01  0.6042E-01  0.9212E-01  0.1761E+00  0.3060E-02
     -1.952  0.1607E-01  0.1551E-01  0.4856E-04  0.1362E-02  0.9147E-05  0.8984E-03  0.6531E-04  0.1614E-02  0.1718E+00  0.3088E-02  0.4076E-01  0.7291E-01  0.4369E-01  0.5259E-01  0.5764E-01  0.8783E-01  0.1859E+00  0.3424E-02
     -1.942  0.1626E-01  0.1532E-01  0.5091E-04  0.1271E-02  0.8215E-05  0.8675E-03  0.6586E-04  0.1516E-02  0.1757E+00  0.3261E-02  0.4073E-01  0.6883E-01  0.4220E-01  0.5158E-01  0.5506E-01  0.8355E-01  0.1962E+00  0.3797E-02
     -1.932  0.1645E-01  0.1818E-01  0.5326E-04  0.1260E-02  0.7383E-05  0.1006E-02  0.6639E-04  0.2163E-02  0.1795E+00  0.5108E-02  0.4071E-01  0.6890E-01  0.4066E-01  0.6067E-01  0.5248E-01  0.1215E+00  0.2066E+00  0.4734E-02
     -1.922  0.1711E-01  0.2599E-01  0.5723E-04  0.1357E-02  0.6874E-05  0.1402E-02  0.6898E-04  0.3234E-02  0.1959E+00  0.7458E-02  0.4185E-01  0.7523E-01  0.3996E-01  0.8510E-01  0.5134E-01  0.1836E+00  0.2311E+00  0.6990E-02
     -1.912  0.1817E-01  0.2483E-01  0.6283E-04  0.1277E-02  0.6520E-05  0.1312E-02  0.7402E-04  0.2659E-02  0.2218E+00  0.7255E-02  0.4390E-01  0.7154E-01  0.3983E-01  0.8024E-01  0.5162E-01  0.1516E+00  0.2687E+00  0.7369E-02
     -1.902  0.2008E-01  0.2091E-01  0.6955E-04  0.1097E-02  0.6482E-05  0.1077E-02  0.8238E-04  0.2011E-02  0.2511E+00  0.7439E-02  0.4630E-01  0.6212E-01  0.4038E-01  0.6686E-01  0.5341E-01  0.1154E+00  0.3115E+00  0.6991E-02
     -1.892  0.2361E-01  0.1697E-01  0.7917E-04  0.8948E-03  0.6670E-05  0.8429E-03  0.9378E-04  0.1483E-02  0.3138E+00  0.7890E-02  0.5022E-01  0.5142E-01  0.4329E-01  0.5350E-01  0.5681E-01  0.8587E-01  0.3733E+00  0.6630E-02
     -1.882  0.3747E-01  0.1361E-01  0.1266E-03  0.7158E-03  0.7280E-05  0.6426E-03  0.1341E-03  0.1038E-02  0.6829E+00  0.8261E-02  0.7552E-01  0.4185E-01  0.6375E-01  0.4208E-01  0.7717E-01  0.6106E-01  0.6881E+00  0.6361E-02
     -1.872  0.3212E-01  0.1360E-01  0.1048E-03  0.6312E-03  0.6676E-05  0.6126E-03  0.1206E-03  0.9317E-03  0.5755E+00  0.9201E-02  0.6023E-01  0.3758E-01  0.4912E-01  0.4108E-01  0.6440E-01  0.5570E-01  0.6315E+00  0.6737E-02
     -1.862  0.2482E-01  0.1368E-01  0.8612E-04  0.5830E-03  0.6146E-05  0.5960E-03  0.1118E-03  0.8797E-03  0.2942E+00  0.9946E-02  0.4600E-01  0.3514E-01  0.3165E-01  0.4062E-01  0.5340E-01  0.5313E-01  0.4167E+00  0.7139E-02
     -1.852  0.2701E-01  0.1357E-01  0.1051E-03  0.5525E-03  0.6687E-05  0.5790E-03  0.1358E-03  0.8443E-03  0.3376E+00  0.1045E-01  0.5386E-01  0.3356E-01  0.3176E-01  0.3986E-01  0.6232E-01  0.5128E-01  0.4726E+00  0.7525E-02
     -1.842  0.2848E-01  0.1365E-01  0.1098E-03  0.5329E-03  0.6971E-05  0.5725E-03  0.1445E-03  0.8197E-03  0.3680E+00  0.1091E-01  0.5488E-01  0.3253E-01  0.3201E-01  0.3969E-01  0.6496E-01  0.5002E-01  0.5011E+00  0.7974E-02
     -1.832  0.3165E-01  0.1374E-01  0.1201E-03  0.5135E-03  0.7660E-05  0.5661E-03  0.1648E-03  0.7953E-03  0.8177E+00  0.1137E-01  0.5901E-01  0.3151E-01  0.3291E-01  0.3953E-01  0.7079E-01  0.4877E-01  0.9852E+00  0.8427E-02
     -1.822  0.3687E-01  0.1384E-01  0.1324E-03  0.4944E-03  0.8855E-05  0.5599E-03  0.2327E-03  0.7710E-03  0.9997E+00  0.1183E-01  0.6415E-01  0.3050E-01  0.4229E-01  0.3938E-01  0.1021E+00  0.4752E-01  0.1266E+01  0.8885E-02
     -1.812  0.4319E-01  0.1393E-01  0.1935E-03  0.4754E-03  0.9907E-05  0.5539E-03  0.3020E-03  0.7469E-03  0.1116E+01  0.1229E-01  0.9070E-01  0.2949E-01  0.4135E-01  0.3925E-01  0.1298E+00  0.4627E-01  0.1637E+01  0.9347E-02
     -1.802  0.4834E-01  0.1404E-01  0.2215E-03  0.4566E-03  0.1053E-04  0.5480E-03  0.3026E-03  0.7229E-03  0.1144E+01  0.1274E-01  0.1006E+00  0.2850E-01  0.3934E-01  0.3912E-01  0.1249E+00  0.4503E-01  0.1798E+01  0.9813E-02
     -1.792  0.5680E-01  0.1414E-01  0.1060E-03  0.4380E-03  0.1153E-04  0.5422E-03  0.2164E-03  0.6990E-03  0.6651E+00  0.1319E-01  0.4477E-01  0.2752E-01  0.4135E-01  0.3900E-01  0.8033E-01  0.4379E-01  0.7727E+00  0.1028E-01
     -1.782  0.6534E-01  0.1425E-01  0.8918E-04  0.4196E-03  0.1258E-04  0.5367E-03  0.1986E-03  0.6753E-03  0.5431E+00  0.1365E-01  0.3550E-01  0.2654E-01  0.4240E-01  0.3890E-01  0.6844E-01  0.4256E-01  0.5873E+00  0.1076E-01
     -1.772  0.7700E-01  0.1437E-01  0.8884E-04  0.4014E-03  0.1404E-04  0.5312E-03  0.2118E-03  0.6516E-03  0.4900E+00  0.1410E-01  0.3340E-01  0.2557E-01  0.4491E-01  0.3880E-01  0.6858E-01  0.4133E-01  0.5150E+00  0.1124E-01
     -1.762  0.9061E-01  0.1449E-01  0.9211E-04  0.3834E-03  0.1573E-04  0.5260E-03  0.2331E-03  0.6282E-03  0.4556E+00  0.1455E-01  0.3238E-01  0.2461E-01  0.4778E-01  0.3872E-01  0.7107E-01  0.4010E-01  0.4657E+00  0.1172E-01
     -1.752  0.1036E+00  0.1461E-01  0.9628E-04  0.3656E-03  0.1748E-04  0.5209E-03  0.2598E-03  0.6048E-03  0.4386E+00  0.1500E-01  0.3189E-01  0.2366E-01  0.5062E-01  0.3864E-01  0.7587E-01  0.3888E-01  0.4319E+00  0.1221E-01
     -1.742  0.1259E+00  0.1484E-01  0.1015E-03  0.3586E-03  0.2042E-04  0.5182E-03  0.2942E-03  0.5862E-03  0.4339E+00  0.1598E-01  0.3184E-01  0.2362E-01  0.5533E-01  0.3881E-01  0.8338E-01  0.3821E-01  0.4038E+00  0.1326E-01
     -1.732  0.1820E+00  0.1533E-01  0.1124E-03  0.3696E-03  0.2691E-04  0.5225E-03  0.3346E-03  0.5748E-03  0.4765E+00  0.1789E-01  0.3400E-01  0.2509E-01  0.6732E-01  0.3963E-01  0.9320E-01  0.3838E-01  0.3906E+00  0.1526E-01
     -1.722  0.2362E+00  0.1564E-01  0.1101E-03  0.3730E-03  0.3091E-04  0.5159E-03  0.3532E-03  0.5625E-03  0.5257E+00  0.1988E-01  0.3149E-01  0.2599E-01  0.6795E-01  0.3983E-01  0.9598E-01  0.3843E-01  0.3511E+00  0.1752E-01
     -1.712  0.2435E+00  0.1536E-01  0.1117E-03  0.3388E-03  0.2981E-04  0.4987E-03  0.3710E-03  0.5280E-03  0.5645E+00  0.1988E-01  0.3093E-01  0.2362E-01  0.6375E-01  0.3868E-01  0.9949E-01  0.3621E-01  0.3441E+00  0.1721E-01
     -1.702  0.2639E+00  0.1510E-01  0.1142E-03  0.3053E-03  0.2820E-04  0.4826E-03  0.3910E-03  0.4938E-03  0.5439E+00  0.1985E-01  0.3049E-01  0.2130E-01  0.5834E-01  0.3762E-01  0.1027E+00  0.3400E-01  0.3254E+00  0.1690E-01
     -1.692  0.2849E+00  0.1488E-01  0.1168E-03  0.2727E-03  0.2817E-04  0.4675E-03  0.4471E-03  0.4598E-03  0.5058E+00  0.1977E-01  0.2963E-01  0.1904E-01  0.5487E-01  0.3664E-01  0.1150E+00  0.3179E-01  0.2941E+00  0.1659E-01
     -1.682  0.2843E+00  0.1474E-01  0.1196E-03  0.2410E-03  0.2634E-04  0.4555E-03  0.4470E-03  0.4330E-03  0.4435E+00  0.1974E-01  0.2930E-01  0.1683E-01  0.4989E-01  0.3589E-01  0.1130E+00  0.3001E-01  0.2785E+00  0.1631E-01
     -1.672  0.2816E+00  0.1464E-01  0.1224E-03  0.2102E-03  0.2445E-04  0.4447E-03  0.4447E-03  0.4067E-03  0.3834E+00  0.1968E-01  0.2898E-01  0.1468E-01  0.4539E-01  0.3523E-01  0.1105E+00  0.2826E-01  0.2622E+00  0.1604E-01
     -1.662  0.2840E+00  0.1476E-01  0.1272E-03  0.1785E-03  0.2348E-04  0.4398E-03  0.4481E-03  0.4003E-03  0.3373E+00  0.2315E-01  0.2912E-01  0.1257E-01  0.4319E-01  0.3516E-01  0.1092E+00  0.2797E-01  0.2491E+00  0.1874E-01
     -1.652  0.3122E+00  0.1547E-01  0.1373E-03  0.1482E-03  0.2588E-04  0.4504E-03  0.4591E-03  0.4065E-03  0.3301E+00  0.3009E-01  0.3059E-01  0.1063E-01  0.4780E-01  0.3648E-01  0.1099E+00  0.2854E-01  0.2419E+00  0.2521E-01
     -1.642  0.3521E+00  0.1732E-01  0.1481E-03  0.1259E-03  0.2992E-04  0.4914E-03  0.4616E-03  0.3974E-03  0.3144E+00  0.3518E-01  0.3236E-01  0.9174E-02  0.5586E-01  0.4015E-01  0.1084E+00  0.2796E-01  0.2308E+00  0.2934E-01
     -1.632  0.3828E+00  0.2311E-01  0.1567E-03  0.1233E-03  0.3356E-04  0.6353E-03  0.4452E-03  0.3893E-03  0.2789E+00  0.4661E-01  0.3371E-01  0.9258E-02  0.6404E-01  0.5174E-01  0.1021E+00  0.2773E-01  0.2122E+00  0.3487E-01
     -1.622  0.4265E+00  0.2614E-01  0.1693E-03  0.1167E-03  0.4365E-04  0.6967E-03  0.4628E-03  0.3808E-03  0.2425E+00  0.5201E-01  0.3585E-01  0.8907E-02  0.8025E-01  0.5697E-01  0.1018E+00  0.2769E-01  0.2009E+00  0.3976E-01
     -1.612  0.5414E+00  0.2912E-01  0.1993E-03  0.1100E-03  0.7162E-04  0.7550E-03  0.5722E-03  0.3818E-03  0.2225E+00  0.5973E-01  0.4124E-01  0.8564E-02  0.1223E+00  0.6206E-01  0.1183E+00  0.2846E-01  0.2134E+00  0.4536E-01
     -1.602  0.8539E+00  0.3104E-01  0.4431E-03  0.1036E-03  0.1074E-03  0.7867E-03  0.7755E-03  0.3600E-03  0.3402E+00  0.6231E-01  0.8800E-01  0.8181E-02  0.1918E+00  0.6496E-01  0.1523E+00  0.2716E-01  0.2286E+00  0.4670E-01
     -1.592  0.1466E+01  0.3321E-01  0.7977E-03  0.9791E-04  0.1729E-03  0.8245E-03  0.1073E-02  0.3382E-03  0.5240E+00  0.6466E-01  0.1539E+00  0.7854E-02  0.3286E+00  0.6842E-01  0.2008E+00  0.2584E-01  0.2695E+00  0.4752E-01
     -1.582  0.1976E+01  0.3578E-01  0.7183E-03  0.9508E-04  0.2749E-03  0.8737E-03  0.1049E-02  0.3230E-03  0.3998E+00  0.6845E-01  0.1344E+00  0.7753E-02  0.5223E+00  0.7293E-01  0.1882E+00  0.2500E-01  0.2795E+00  0.4979E-01
     -1.572  0.2263E+02  0.3738E-01  0.1370E-02  0.8403E-04  0.3604E-02  0.8704E-03  0.3159E-02  0.2950E-03  0.6989E+00  0.6639E-01  0.2539E+00  0.6938E-02  0.7145E+01  0.7429E-01  0.4899E+00  0.2307E-01  0.5416E+00  0.5109E-01
     -1.562  0.6851E+01  0.3999E-01  0.1828E-02  0.8602E-04  0.1380E-02  0.9021E-03  0.2697E-02  0.3012E-03  0.5610E+00  0.7853E-01  0.3288E+00  0.7208E-02  0.2629E+01  0.7953E-01  0.5019E+00  0.2452E-01  0.5246E+00  0.6415E-01
     -1.552  0.1599E+01  0.4196E-01  0.1382E-02  0.8494E-04  0.4543E-03  0.9195E-03  0.2404E-02  0.3031E-03  0.3140E+00  0.8907E-01  0.2336E+00  0.7216E-02  0.7949E+00  0.8318E-01  0.4221E+00  0.2546E-01  0.3587E+00  0.7541E-01
     -1.542  0.1154E+01  0.4516E-01  0.1266E-02  0.8245E-04  0.3817E-03  0.9576E-03  0.2624E-02  0.2930E-03  0.2806E+00  0.1000E+00  0.2093E+00  0.7112E-02  0.6277E+00  0.8766E-01  0.4448E+00  0.2504E-01  0.3622E+00  0.8454E-01
     -1.532  0.7590E+00  0.4340E-01  0.1199E-02  0.7484E-04  0.3073E-03  0.9038E-03  0.2811E-02  0.2422E-03  0.2407E+00  0.8685E-01  0.1925E+00  0.6511E-02  0.4644E+00  0.8352E-01  0.4631E+00  0.2146E-01  0.3329E+00  0.7898E-01
     -1.522  0.5309E+00  0.4045E-01  0.1309E-02  0.6903E-04  0.2766E-03  0.8277E-03  0.3058E-02  0.1962E-03  0.2432E+00  0.8302E-01  0.2057E+00  0.6084E-02  0.3796E+00  0.7735E-01  0.4935E+00  0.1830E-01  0.3486E+00  0.7581E-01
     -1.512  0.3631E+00  0.3693E-01  0.1459E-02  0.6483E-04  0.2622E-03  0.7479E-03  0.3348E-02  0.1744E-03  0.2489E+00  0.7955E-01  0.2253E+00  0.5771E-02  0.3241E+00  0.7021E-01  0.5312E+00  0.1654E-01  0.3708E+00  0.7202E-01
     -1.502  0.2600E+00  0.3287E-01  0.1658E-02  0.6015E-04  0.2628E-03  0.6587E-03  0.2812E-02  0.1498E-03  0.2421E+00  0.7403E-01  0.2509E+00  0.5409E-02  0.3003E+00  0.6208E-01  0.4377E+00  0.1446E-01  0.3406E+00  0.6676E-01
     -1.492  0.1735E+00  0.2757E-01  0.2067E-02  0.5044E-04  0.2826E-03  0.5396E-03  0.2084E-02  0.1215E-03  0.2442E+00  0.6240E-01  0.3023E+00  0.4593E-02  0.2952E+00  0.5084E-01  0.3059E+00  0.1199E-01  0.3015E+00  0.5655E-01
     -1.482  0.1451E+00  0.2196E-01  0.2556E-02  0.4032E-04  0.3190E-03  0.4152E-03  0.2089E-02  0.9358E-04  0.2777E+00  0.4983E-01  0.3681E+00  0.3739E-02  0.3194E+00  0.3899E-01  0.3015E+00  0.9496E-02  0.3186E+00  0.4523E-01
     -1.472  0.6386E-01  0.1638E-01  0.1194E-02  0.3286E-04  0.1718E-03  0.2974E-03  0.1727E-02  0.7531E-04  0.1105E+00  0.4074E-01  0.1617E+00  0.3099E-02  0.1540E+00  0.2798E-01  0.2402E+00  0.7888E-02  0.2610E+00  0.3657E-01
     -1.462  0.6318E-01  0.1511E-01  0.1384E-02  0.4594E-04  0.1899E-03  0.2638E-03  0.1810E-02  0.8561E-04  0.1148E+00  0.5622E-01  0.1850E+00  0.4392E-02  0.1654E+00  0.2465E-01  0.2482E+00  0.9307E-02  0.2770E+00  0.7773E-01
     -1.452  0.6244E-01  0.3463E-01  0.1581E-02  0.1706E-03  0.2088E-03  0.5821E-03  0.1899E-02  0.2014E-03  0.1191E+00  0.2025E+00  0.2090E+00  0.1667E-01  0.1774E+00  0.5342E-01  0.2571E+00  0.2312E-01  0.2931E+00  0.3776E+00
     -1.442  0.6162E-01  0.2523E-01  0.1784E-02  0.1432E-03  0.2287E-03  0.4127E-03  0.1994E-02  0.1672E-03  0.1233E+00  0.2068E+00  0.2335E+00  0.1439E-01  0.1900E+00  0.3888E-01  0.2666E+00  0.1991E-01  0.3093E+00  0.3102E+00
     -1.432  0.5922E-01  0.2794E-01  0.1978E-02  0.3378E-03  0.2405E-03  0.4443E-03  0.2087E-02  0.2345E-03  0.1159E+00  0.3937E+00  0.2569E+00  0.3474E-01  0.1970E+00  0.4386E-01  0.2760E+00  0.3005E-01  0.2996E+00  0.6916E+00
     -1.422  0.4408E-01  0.2627E-01  0.1775E-02  0.2429E-03  0.1934E-03  0.4042E-03  0.1931E-02  0.1850E-03  0.8093E-01  0.2519E+00  0.2281E+00  0.2530E-01  0.1568E+00  0.3885E-01  0.2505E+00  0.2320E-01  0.2184E+00  0.4353E+00
     -1.412  0.1239E-01  0.2127E-01  0.6990E-03  0.1777E-03  0.9438E-04  0.3106E-03  0.1167E-02  0.1423E-03  0.5218E-01  0.1610E+00  0.8790E-01  0.1890E-01  0.6432E-01  0.2908E-01  0.1407E+00  0.1761E-01  0.9935E-01  0.2648E+00
     -1.402  0.1039E-01  0.2146E-01  0.6451E-03  0.1633E-03  0.8548E-04  0.3000E-03  0.1190E-02  0.1314E-03  0.4564E-01  0.1275E+00  0.8017E-01  0.1774E-01  0.5704E-01  0.2775E-01  0.1410E+00  0.1609E-01  0.8766E-01  0.2084E+00
     -1.392  0.8438E-02  0.2185E-01  0.5895E-03  0.2058E-03  0.7651E-04  0.2932E-03  0.1206E-02  0.1511E-03  0.3925E-01  0.1268E+00  0.7230E-01  0.2266E-01  0.4981E-01  0.2726E-01  0.1406E+00  0.1829E-01  0.7616E-01  0.2303E+00
     -1.382  0.6550E-02  0.2117E-01  0.5323E-03  0.2192E-03  0.6747E-04  0.2745E-03  0.1216E-02  0.1545E-03  0.3300E-01  0.1065E+00  0.6430E-01  0.2436E-01  0.4262E-01  0.2571E-01  0.1395E+00  0.1861E-01  0.6485E-01  0.2178E+00
     -1.372  0.4722E-02  0.1880E-01  0.4735E-03  0.1300E-03  0.5835E-04  0.2353E-03  0.1219E-02  0.9874E-04  0.2689E-01  0.5428E-01  0.5617E-01  0.1484E-01  0.3548E-01  0.2214E-01  0.1375E+00  0.1241E-01  0.5373E-01  0.1052E+00
     -1.362  0.2124E-02  0.1729E-01  0.2211E-03  0.1197E-03  0.2661E-04  0.2105E-03  0.6646E-03  0.8455E-04  0.1250E-01  0.4415E-01  0.2614E-01  0.1381E-01  0.1633E-01  0.1984E-01  0.7435E-01  0.1073E-01  0.2432E-01  0.9051E-01
     -1.352  0.0000E+00  0.1613E-01  0.0000E+00  0.1228E-03  0.0000E+00  0.1902E-03  0.0000E+00  0.8734E-04  0.0000E+00  0.4035E-01  0.0000E+00  0.1433E-01  0.0000E+00  0.1787E-01  0.0000E+00  0.1113E-01  0.0000E+00  0.8180E-01
     -1.342  0.6855E-02  0.1790E-01  0.3973E-02  0.2750E-03  0.9155E-03  0.1962E-03  0.1552E-01  0.3112E-03  0.9501E+01  0.1077E+00  0.4148E+00  0.3284E-01  0.3106E+00  0.1828E-01  0.1491E+01  0.3979E-01  0.1018E+02  0.1315E+00
     -1.332  0.2895E-01  0.1908E-01  0.4465E-01  0.2923E-03  0.5245E-03  0.1969E-03  0.2291E-01  0.3687E-03  0.1761E+02  0.1170E+00  0.4538E+01  0.3551E-01  0.2658E+00  0.1790E-01  0.2225E+01  0.4769E-01  0.1944E+02  0.1251E+00
     -1.322  0.6523E-02  0.2016E-01  0.6494E-02  0.3082E-03  0.2969E-04  0.2002E-03  0.5776E-02  0.4292E-03  0.2941E+01  0.1293E+00  0.6532E+00  0.3794E-01  0.2960E-01  0.1788E-01  0.5625E+00  0.5600E-01  0.3163E+01  0.1223E+00
     -1.312  0.1820E-02  0.2022E-01  0.2769E-02  0.3260E-03  0.8582E-04  0.1965E-03  0.5504E-03  0.4960E-03  0.6786E-01  0.1453E+00  0.2629E+00  0.4042E-01  0.3787E-01  0.1762E-01  0.5121E-01  0.6509E-01  0.7829E-01  0.1267E+00
     -1.302  0.4067E-02  0.2032E-01  0.6504E-02  0.3385E-03  0.2078E-03  0.1935E-03  0.1338E-02  0.5589E-03  0.1414E+00  0.1596E+00  0.6143E+00  0.4230E-01  0.8932E-01  0.1744E-01  0.1236E+00  0.7388E-01  0.1626E+00  0.1286E+00
     -1.292  0.6119E-02  0.2101E-01  0.1030E-01  0.3099E-03  0.3387E-03  0.1914E-03  0.2191E-02  0.6568E-03  0.1960E+00  0.1686E+00  0.9682E+00  0.3949E-01  0.1421E+00  0.1686E-01  0.2010E+00  0.9013E-01  0.2245E+00  0.1096E+00
     -1.282  0.1297E-01  0.2130E-01  0.3189E-01  0.2751E-03  0.1138E-02  0.1853E-03  0.1068E-01  0.6140E-03  0.2689E+00  0.1593E+00  0.2916E+01  0.3541E-01  0.4186E+00  0.1598E-01  0.9415E+00  0.8609E-01  0.3077E+00  0.9596E-01
     -1.272  0.1482E-01  0.2279E-01  0.5845E-01  0.2487E-03  0.1575E-02  0.1884E-03  0.2176E-01  0.5789E-03  0.4021E+00  0.1541E+00  0.5248E+01  0.3250E-01  0.5385E+00  0.1586E-01  0.1884E+01  0.8307E-01  0.4938E+00  0.8640E-01
     -1.262  0.7294E-02  0.2667E-01  0.1026E+00  0.2562E-03  0.1210E-02  0.2110E-03  0.3455E-01  0.6210E-03  0.7894E+00  0.1670E+00  0.9011E+01  0.3422E-01  0.3221E+00  0.1748E-01  0.2945E+01  0.9069E-01  0.1052E+01  0.8575E-01
     -1.252  0.1582E-02  0.2287E-01  0.2413E-01  0.1998E-03  0.3963E-03  0.1687E-03  0.1138E-01  0.6340E-03  0.1242E+00  0.1462E+00  0.2086E+01  0.2720E-01  0.9218E-01  0.1261E-01  0.9548E+00  0.9440E-01  0.1997E+00  0.6000E-01
     -1.242  0.0000E+00  0.2237E-01  0.0000E+00  0.1808E-03  0.0000E+00  0.1585E-03  0.0000E+00  0.6523E-03  0.0000E+00  0.1434E+00  0.0000E+00  0.2466E-01  0.0000E+00  0.1111E-01  0.0000E+00  0.9836E-01  0.0000E+00  0.5371E-01
     -1.232  0.0000E+00  0.2200E-01  0.0000E+00  0.1615E-03  0.0000E+00  0.1496E-03  0.0000E+00  0.6707E-03  0.0000E+00  0.1408E+00  0.0000E+00  0.2208E-01  0.0000E+00  0.9730E-02  0.0000E+00  0.1024E+00  0.0000E+00  0.4755E-01
     -1.222  0.0000E+00  0.2176E-01  0.0000E+00  0.1420E-03  0.0000E+00  0.1418E-03  0.0000E+00  0.6894E-03  0.0000E+00  0.1384E+00  0.0000E+00  0.1944E-01  0.0000E+00  0.8471E-02  0.0000E+00  0.1065E+00  0.0000E+00  0.4151E-01
     -1.212  0.0000E+00  0.2305E-01  0.0000E+00  0.1315E-03  0.0000E+00  0.1457E-03  0.0000E+00  0.6584E-03  0.0000E+00  0.1312E+00  0.0000E+00  0.1824E-01  0.0000E+00  0.8191E-02  0.0000E+00  0.1030E+00  0.0000E+00  0.3715E-01
     -1.202  0.0000E+00  0.2613E-01  0.0000E+00  0.1349E-03  0.0000E+00  0.1631E-03  0.0000E+00  0.6113E-03  0.0000E+00  0.1255E+00  0.0000E+00  0.1916E-01  0.0000E+00  0.9024E-02  0.0000E+00  0.9719E-01  0.0000E+00  0.3664E-01
     -1.192  0.0000E+00  0.2117E-01  0.0000E+00  0.1121E-03  0.0000E+00  0.1292E-03  0.0000E+00  0.4644E-03  0.0000E+00  0.9649E-01  0.0000E+00  0.1653E-01  0.0000E+00  0.7545E-02  0.0000E+00  0.7542E-01  0.0000E+00  0.3446E-01
     -1.182  0.0000E+00  0.1885E-01  0.0000E+00  0.1051E-03  0.0000E+00  0.1145E-03  0.0000E+00  0.3819E-03  0.0000E+00  0.8310E-01  0.0000E+00  0.1591E-01  0.0000E+00  0.6868E-02  0.0000E+00  0.6292E-01  0.0000E+00  0.3438E-01
     -1.172  0.0000E+00  0.1627E-01  0.0000E+00  0.9886E-04  0.0000E+00  0.9831E-04  0.0000E+00  0.2989E-03  0.0000E+00  0.6983E-01  0.0000E+00  0.1541E-01  0.0000E+00  0.6069E-02  0.0000E+00  0.5020E-01  0.0000E+00  0.3450E-01
     -1.162  0.0000E+00  0.6126E-02  0.0000E+00  0.2267E-04  0.0000E+00  0.3468E-04  0.0000E+00  0.1037E-03  0.0000E+00  0.2260E-01  0.0000E+00  0.3630E-02  0.0000E+00  0.2018E-02  0.0000E+00  0.1799E-01  0.0000E+00  0.1007E-01
     -1.152  0.1136E-03  0.0000E+00  0.1436E-01  0.0000E+00  0.5710E-04  0.0000E+00  0.1676E-01  0.0000E+00  0.1753E+00  0.0000E+00  0.1005E+01  0.0000E+00  0.1448E-01  0.0000E+00  0.1158E+01  0.0000E+00  0.1797E+00  0.0000E+00
     -1.142  0.2299E-03  0.0000E+00  0.1059E-01  0.0000E+00  0.1492E-03  0.0000E+00  0.1810E-01  0.0000E+00  0.1359E+00  0.0000E+00  0.7231E+00  0.0000E+00  0.2863E-01  0.0000E+00  0.1212E+01  0.0000E+00  0.1323E+00  0.0000E+00
     -1.132  0.3738E-03  0.0000E+00  0.1060E-01  0.0000E+00  0.2195E-03  0.0000E+00  0.2071E-01  0.0000E+00  0.1390E+00  0.0000E+00  0.7157E+00  0.0000E+00  0.4183E-01  0.0000E+00  0.1366E+01  0.0000E+00  0.1301E+00  0.0000E+00
     -1.122  0.5363E-03  0.0000E+00  0.1152E-01  0.0000E+00  0.3114E-03  0.0000E+00  0.2831E-01  0.0000E+00  0.1585E+00  0.0000E+00  0.7665E+00  0.0000E+00  0.5682E-01  0.0000E+00  0.1836E+01  0.0000E+00  0.1378E+00  0.0000E+00
     -1.112  0.8907E-03  0.0000E+00  0.1082E-01  0.0000E+00  0.4305E-03  0.0000E+00  0.3343E-01  0.0000E+00  0.1618E+00  0.0000E+00  0.7070E+00  0.0000E+00  0.7673E-01  0.0000E+00  0.2122E+01  0.0000E+00  0.1238E+00  0.0000E+00
     -1.101  0.1173E-02  0.3195E-02  0.8908E-02  0.1565E-04  0.5327E-03  0.1219E-04  0.3560E-01  0.1795E-04  0.1546E+00  0.1282E-02  0.5693E+00  0.3016E-02  0.9225E-01  0.1412E-03  0.2206E+01  0.3454E-02  0.1041E+00  0.1171E-02
     -1.091  0.1072E-02  0.1284E-01  0.7504E-02  0.5679E-04  0.5182E-03  0.4914E-04  0.3038E-01  0.6164E-04  0.1376E+00  0.4369E-02  0.4712E+00  0.1100E-01  0.8858E-01  0.5795E-03  0.1852E+01  0.1191E-01  0.9710E-01  0.4422E-02
     -1.081  0.1014E-02  0.2436E-01  0.6857E-02  0.9824E-04  0.5229E-03  0.9346E-04  0.2562E-01  0.1007E-03  0.1277E+00  0.7070E-02  0.4244E+00  0.1911E-01  0.8925E-01  0.1117E-02  0.1535E+01  0.1952E-01  0.9792E-01  0.7946E-02
     -1.071  0.1124E-02  0.4461E-01  0.6909E-02  0.1354E-03  0.5711E-03  0.1661E-03  0.2279E-01  0.1287E-03  0.1208E+00  0.8961E-02  0.4205E+00  0.2647E-01  0.9892E-01  0.1782E-02  0.1345E+01  0.2513E-01  0.9621E-01  0.1146E-01
     -1.061  0.1019E-02  0.9019E-01  0.6718E-02  0.1564E-03  0.4924E-03  0.3165E-03  0.1587E-01  0.1341E-03  0.9183E-01  0.9306E-02  0.4022E+00  0.3076E-01  0.8716E-01  0.2536E-02  0.9227E+00  0.2652E-01  0.7870E-01  0.1404E-01
     -1.051  0.7346E-03  0.1394E+00  0.4571E-02  0.1754E-03  0.3258E-03  0.4775E-03  0.1069E-01  0.1386E-03  0.6185E-01  0.9639E-02  0.2687E+00  0.3467E-01  0.5715E-01  0.3235E-02  0.6073E+00  0.2778E-01  0.5163E-01  0.1639E-01
     -1.041  0.0000E+00  0.1923E+00  0.0000E+00  0.1924E-03  0.0000E+00  0.6489E-03  0.0000E+00  0.1423E-03  0.0000E+00  0.9960E-02  0.0000E+00  0.3820E-01  0.0000E+00  0.3877E-02  0.0000E+00  0.2889E-01  0.0000E+00  0.1851E-01
     -1.031  0.0000E+00  0.2489E+00  0.0000E+00  0.2074E-03  0.0000E+00  0.8309E-03  0.0000E+00  0.1452E-03  0.0000E+00  0.1027E-01  0.0000E+00  0.4135E-01  0.0000E+00  0.4463E-02  0.0000E+00  0.2986E-01  0.0000E+00  0.2040E-01
     -1.021  0.0000E+00  0.5200E+00  0.0000E+00  0.2462E-03  0.0000E+00  0.1697E-02  0.0000E+00  0.1504E-03  0.0000E+00  0.1147E-01  0.0000E+00  0.4902E-01  0.0000E+00  0.5730E-02  0.0000E+00  0.3152E-01  0.0000E+00  0.2729E-01
     -1.011  0.0000E+00  0.1182E+01  0.0000E+00  0.3017E-03  0.0000E+00  0.3722E-02  0.0000E+00  0.1501E-03  0.0000E+00  0.1408E-01  0.0000E+00  0.6090E-01  0.0000E+00  0.9029E-02  0.0000E+00  0.3376E-01  0.0000E+00  0.3751E-01
     -1.001  0.0000E+00  0.1269E+01  0.0000E+00  0.2701E-03  0.0000E+00  0.3891E-02  0.0000E+00  0.1406E-03  0.0000E+00  0.1500E-01  0.0000E+00  0.5486E-01  0.0000E+00  0.1019E-01  0.0000E+00  0.3243E-01  0.0000E+00  0.3156E-01
     -0.991  0.0000E+00  0.1367E+01  0.0000E+00  0.2395E-03  0.0000E+00  0.4092E-02  0.0000E+00  0.1283E-03  0.0000E+00  0.1549E-01  0.0000E+00  0.4900E-01  0.0000E+00  0.1234E-01  0.0000E+00  0.3037E-01  0.0000E+00  0.2620E-01
     -0.981  0.3096E-02  0.1548E+01  0.2897E-02  0.2116E-03  0.2563E-02  0.4517E-02  0.1933E-02  0.1106E-03  0.1303E-02  0.1529E-01  0.1433E+00  0.4355E-01  0.4503E+00  0.1796E-01  0.1072E+00  0.2695E-01  0.6517E-02  0.2205E-01
     -0.971  0.4929E-02  0.2743E+01  0.5009E-02  0.2422E-03  0.4177E-02  0.7795E-02  0.4048E-02  0.1239E-03  0.3889E-02  0.1794E-01  0.2443E+00  0.4862E-01  0.7244E+00  0.4386E-01  0.2168E+00  0.3212E-01  0.9959E-02  0.2046E-01
     -0.961  0.4600E-02  0.1023E+02  0.5194E-02  0.2999E-03  0.3992E-02  0.2831E-01  0.4864E-02  0.1835E-03  0.5373E-02  0.3799E-01  0.2500E+00  0.6388E-01  0.6822E+00  0.2277E+00  0.2535E+00  0.5088E-01  0.9088E-02  0.2944E-01
     -0.951  0.4688E-02  0.0000E+00  0.1251E-01  0.0000E+00  0.4216E-02  0.0000E+00  0.1309E-01  0.0000E+00  0.1511E-01  0.0000E+00  0.5969E+00  0.0000E+00  0.7060E+00  0.0000E+00  0.6439E+00  0.0000E+00  0.1636E-01  0.0000E+00
     -0.941  0.3999E-02  0.0000E+00  0.8275E-02  0.0000E+00  0.3841E-02  0.0000E+00  0.7964E-02  0.0000E+00  0.9580E-02  0.0000E+00  0.3881E+00  0.0000E+00  0.6235E+00  0.0000E+00  0.3881E+00  0.0000E+00  0.1109E-01  0.0000E+00
     -0.931  0.4223E-02  0.0000E+00  0.8072E-02  0.0000E+00  0.4256E-02  0.0000E+00  0.6949E-02  0.0000E+00  0.8554E-02  0.0000E+00  0.3761E+00  0.0000E+00  0.6762E+00  0.0000E+00  0.3358E+00  0.0000E+00  0.1115E-01  0.0000E+00
     -0.921  0.7923E-02  0.0000E+00  0.9461E-02  0.0000E+00  0.8943E-02  0.0000E+00  0.6396E-02  0.0000E+00  0.9897E-02  0.0000E+00  0.4381E+00  0.0000E+00  0.1381E+01  0.0000E+00  0.3088E+00  0.0000E+00  0.1436E-01  0.0000E+00
     -0.911  0.8139E-02  0.0000E+00  0.8875E-02  0.0000E+00  0.9696E-02  0.0000E+00  0.6464E-02  0.0000E+00  0.1034E-01  0.0000E+00  0.4026E+00  0.0000E+00  0.1464E+01  0.0000E+00  0.3041E+00  0.0000E+00  0.1175E-01  0.0000E+00
     -0.901  0.7649E-02  0.2273E+01  0.6233E-02  0.7100E-04  0.9340E-02  0.5483E-02  0.5367E-02  0.2649E-04  0.8923E-02  0.1123E-01  0.2732E+00  0.2534E-01  0.1380E+01  0.3718E+00  0.2512E+00  0.7063E-02  0.7237E-02  0.1848E-01
     -0.891  0.6240E-02  0.8922E+00  0.4823E-02  0.7715E-04  0.7599E-02  0.2135E-02  0.4546E-02  0.3271E-04  0.6782E-02  0.1124E-01  0.2092E+00  0.2739E-01  0.1116E+01  0.1726E+00  0.2112E+00  0.9827E-02  0.5081E-02  0.1747E-01
     -0.881  0.4714E-02  0.7459E+00  0.3519E-02  0.1008E-03  0.5660E-02  0.1774E-02  0.3773E-02  0.4552E-04  0.4657E-02  0.1438E-01  0.1508E+00  0.3593E-01  0.8266E+00  0.1645E+00  0.1738E+00  0.1407E-01  0.3108E-02  0.2202E-01
     -0.871  0.3892E-02  0.7407E+00  0.2721E-02  0.1274E-03  0.4527E-02  0.1751E-02  0.3556E-02  0.6001E-04  0.3119E-02  0.1772E-01  0.1134E+00  0.4586E-01  0.6551E+00  0.1819E+00  0.1614E+00  0.1865E-01  0.1507E-02  0.2785E-01
     -0.861  0.1518E-02  0.6916E+00  0.1047E-02  0.1773E-03  0.1724E-02  0.1622E-02  0.1540E-02  0.8334E-04  0.1041E-02  0.2587E-01  0.4248E-01  0.6421E-01  0.2476E+00  0.2005E+00  0.6881E-01  0.2673E-01  0.3678E-03  0.3676E-01
     -0.851  0.0000E+00  0.6412E+00  0.0000E+00  0.2878E-03  0.0000E+00  0.1474E-02  0.0000E+00  0.1464E-03  0.0000E+00  0.5344E-01  0.0000E+00  0.1079E+00  0.0000E+00  0.2504E+00  0.0000E+00  0.4886E-01  0.0000E+00  0.6498E-01
     -0.841  0.0000E+00  0.6426E+00  0.0000E+00  0.3286E-03  0.0000E+00  0.1472E-02  0.0000E+00  0.1737E-03  0.0000E+00  0.6675E-01  0.0000E+00  0.1267E+00  0.0000E+00  0.2834E+00  0.0000E+00  0.5861E-01  0.0000E+00  0.8088E-01
     -0.831  0.0000E+00  0.6453E+00  0.0000E+00  0.3679E-03  0.0000E+00  0.1473E-02  0.0000E+00  0.1988E-03  0.0000E+00  0.7958E-01  0.0000E+00  0.1455E+00  0.0000E+00  0.3191E+00  0.0000E+00  0.6764E-01  0.0000E+00  0.9819E-01
     -0.821  0.1728E-03  0.9105E+00  0.6525E-04  0.7698E-03  0.1585E-03  0.2082E-02  0.2653E-05  0.3451E-03  0.2840E-04  0.2475E+00  0.2432E-02  0.3183E+00  0.2023E-01  0.5475E+00  0.6628E-04  0.1221E+00  0.9156E-04  0.2820E+00
     -0.811  0.1436E-02  0.4388E+00  0.5069E-03  0.1830E-03  0.1328E-02  0.9919E-03  0.2322E-04  0.8420E-04  0.2253E-03  0.6165E-01  0.1883E-01  0.8404E-01  0.1688E+00  0.2709E+00  0.5761E-03  0.2502E-01  0.7074E-03  0.1125E+00
     -0.801  0.2731E-02  0.1625E-02  0.8987E-03  0.3924E-06  0.2547E-02  0.3661E-05  0.4635E-04  0.2577E-06  0.4089E-03  0.1418E-03  0.3325E-01  0.2067E-03  0.3223E+00  0.1028E-02  0.1143E-02  0.6742E-04  0.1247E-02  0.3681E-03
     -0.791  0.4389E-02  0.0000E+00  0.1211E-02  0.0000E+00  0.4084E-02  0.0000E+00  0.9658E-04  0.0000E+00  0.6010E-03  0.0000E+00  0.4448E-01  0.0000E+00  0.5135E+00  0.0000E+00  0.2405E-02  0.0000E+00  0.1618E-02  0.0000E+00
     -0.781  0.6429E-02  0.0000E+00  0.1493E-02  0.0000E+00  0.5933E-02  0.0000E+00  0.1789E-03  0.0000E+00  0.8115E-03  0.0000E+00  0.5425E-01  0.0000E+00  0.7408E+00  0.0000E+00  0.4543E-02  0.0000E+00  0.1856E-02  0.0000E+00
     -0.771  0.6933E-02  0.0000E+00  0.1548E-02  0.0000E+00  0.6545E-02  0.0000E+00  0.2147E-03  0.0000E+00  0.7837E-03  0.0000E+00  0.5521E-01  0.0000E+00  0.8016E+00  0.0000E+00  0.5777E-02  0.0000E+00  0.1819E-02  0.0000E+00
     -0.761  0.7930E-02  0.0000E+00  0.1733E-02  0.0000E+00  0.7654E-02  0.0000E+00  0.2837E-03  0.0000E+00  0.8257E-03  0.0000E+00  0.6057E-01  0.0000E+00  0.9231E+00  0.0000E+00  0.7750E-02  0.0000E+00  0.1941E-02  0.0000E+00
     -0.751  0.8915E-02  0.0000E+00  0.1935E-02  0.0000E+00  0.8753E-02  0.0000E+00  0.3584E-03  0.0000E+00  0.8705E-03  0.0000E+00  0.6646E-01  0.0000E+00  0.1042E+01  0.0000E+00  0.9875E-02  0.0000E+00  0.2079E-02  0.0000E+00
     -0.741  0.9900E-02  0.0000E+00  0.2169E-02  0.0000E+00  0.9850E-02  0.0000E+00  0.4387E-03  0.0000E+00  0.9234E-03  0.0000E+00  0.7345E-01  0.0000E+00  0.1161E+01  0.0000E+00  0.1215E-01  0.0000E+00  0.2256E-02  0.0000E+00
     -0.731  0.1255E-01  0.0000E+00  0.2238E-02  0.0000E+00  0.1282E-01  0.0000E+00  0.5737E-03  0.0000E+00  0.1065E-02  0.0000E+00  0.7467E-01  0.0000E+00  0.1486E+01  0.0000E+00  0.1678E-01  0.0000E+00  0.2352E-02  0.0000E+00
     -0.721  0.1092E-01  0.0000E+00  0.1220E-02  0.0000E+00  0.1091E-01  0.0000E+00  0.7355E-03  0.0000E+00  0.8896E-03  0.0000E+00  0.4075E-01  0.0000E+00  0.1246E+01  0.0000E+00  0.1979E-01  0.0000E+00  0.1069E-02  0.0000E+00
     -0.711  0.1297E-01  0.0000E+00  0.1167E-02  0.0000E+00  0.1304E-01  0.0000E+00  0.9740E-03  0.0000E+00  0.1027E-02  0.0000E+00  0.3869E-01  0.0000E+00  0.1469E+01  0.0000E+00  0.2589E-01  0.0000E+00  0.8765E-03  0.0000E+00
     -0.701  0.1429E-01  0.0000E+00  0.1111E-02  0.0000E+00  0.1466E-01  0.0000E+00  0.1067E-02  0.0000E+00  0.1011E-02  0.0000E+00  0.3671E-01  0.0000E+00  0.1628E+01  0.0000E+00  0.2780E-01  0.0000E+00  0.8479E-03  0.0000E+00
     -0.691  0.1926E-01  0.0000E+00  0.8290E-03  0.0000E+00  0.2117E-01  0.0000E+00  0.7839E-03  0.0000E+00  0.6693E-03  0.0000E+00  0.2775E-01  0.0000E+00  0.2304E+01  0.0000E+00  0.1955E-01  0.0000E+00  0.9926E-03  0.0000E+00
     -0.681  0.6518E-02  0.0000E+00  0.4615E-03  0.0000E+00  0.7240E-02  0.0000E+00  0.5120E-03  0.0000E+00  0.1721E-03  0.0000E+00  0.1529E-01  0.0000E+00  0.7764E+00  0.0000E+00  0.1158E-01  0.0000E+00  0.7943E-03  0.0000E+00
     -0.671  0.3761E-02  0.0000E+00  0.3266E-03  0.0000E+00  0.4310E-02  0.0000E+00  0.3462E-03  0.0000E+00  0.9509E-04  0.0000E+00  0.1073E-01  0.0000E+00  0.4570E+00  0.0000E+00  0.7771E-02  0.0000E+00  0.6714E-03  0.0000E+00
     -0.661  0.1456E-02  0.0000E+00  0.1704E-03  0.0000E+00  0.1697E-02  0.0000E+00  0.1687E-03  0.0000E+00  0.4312E-04  0.0000E+00  0.5544E-02  0.0000E+00  0.1784E+00  0.0000E+00  0.3810E-02  0.0000E+00  0.4064E-03  0.0000E+00
     -0.651  0.6434E-03  0.0000E+00  0.7706E-04  0.0000E+00  0.7509E-03  0.0000E+00  0.7715E-04  0.0000E+00  0.1905E-04  0.0000E+00  0.2497E-02  0.0000E+00  0.7869E-01  0.0000E+00  0.1743E-02  0.0000E+00  0.1873E-03  0.0000E+00
     -0.641  0.0000E+00  0.0000E+00  0.0000E+00  0.0000E+00  0.0000E+00  0.0000E+00  0.0000E+00  0.0000E+00  0.0000E+00  0.0000E+00  0.0000E+00  0.0000E+00  0.0000E+00  0.0000E+00  0.0000E+00  0.0000E+00  0.0000E+00  0.0000E+00
     -0.631  0.0000E+00  0.0000E+00  0.0000E+00  0.0000E+00  0.0000E+00  0.0000E+00  0.0000E+00  0.0000E+00  0.0000E+00  0.0000E+00  0.0000E+00  0.0000E+00  0.0000E+00  0.0000E+00  0.0000E+00  0.0000E+00  0.0000E+00  0.0000E+00
     -0.621  0.0000E+00  0.0000E+00  0.0000E+00  0.0000E+00  0.0000E+00  0.0000E+00  0.0000E+00  0.0000E+00  0.0000E+00  0.0000E+00  0.0000E+00  0.0000E+00  0.0000E+00  0.0000E+00  0.0000E+00  0.0000E+00  0.0000E+00  0.0000E+00
     -0.611  0.0000E+00  0.1277E-01  0.0000E+00  0.1286E-03  0.0000E+00  0.3716E-04  0.0000E+00  0.4616E-03  0.0000E+00  0.3632E+02  0.0000E+00  0.3753E-01  0.0000E+00  0.2503E-01  0.0000E+00  0.8574E-02  0.0000E+00  0.4041E+02
     -0.601  0.0000E+00  0.0000E+00  0.0000E+00  0.0000E+00  0.0000E+00  0.0000E+00  0.0000E+00  0.0000E+00  0.0000E+00  0.0000E+00  0.0000E+00  0.0000E+00  0.0000E+00  0.0000E+00  0.0000E+00  0.0000E+00  0.0000E+00  0.0000E+00
     -0.591  0.0000E+00  0.0000E+00  0.0000E+00  0.0000E+00  0.0000E+00  0.0000E+00  0.0000E+00  0.0000E+00  0.0000E+00  0.0000E+00  0.0000E+00  0.0000E+00  0.0000E+00  0.0000E+00  0.0000E+00  0.0000E+00  0.0000E+00  0.0000E+00
     -0.581  0.0000E+00  0.0000E+00  0.0000E+00  0.0000E+00  0.0000E+00  0.0000E+00  0.0000E+00  0.0000E+00  0.0000E+00  0.0000E+00  0.0000E+00  0.0000E+00  0.0000E+00  0.0000E+00  0.0000E+00  0.0000E+00  0.0000E+00  0.0000E+00
     -0.571  0.0000E+00  0.0000E+00  0.0000E+00  0.0000E+00  0.0000E+00  0.0000E+00  0.0000E+00  0.0000E+00  0.0000E+00  0.0000E+00  0.0000E+00  0.0000E+00  0.0000E+00  0.0000E+00  0.0000E+00  0.0000E+00  0.0000E+00  0.0000E+00
     -0.561  0.0000E+00  0.0000E+00  0.0000E+00  0.0000E+00  0.0000E+00  0.0000E+00  0.0000E+00  0.0000E+00  0.0000E+00  0.0000E+00  0.0000E+00  0.0000E+00  0.0000E+00  0.0000E+00  0.0000E+00  0.0000E+00  0.0000E+00  0.0000E+00
     -0.551  0.0000E+00  0.0000E+00  0.0000E+00  0.0000E+00  0.0000E+00  0.0000E+00  0.0000E+00  0.0000E+00  0.0000E+00  0.0000E+00  0.0000E+00  0.0000E+00  0.0000E+00  0.0000E+00  0.0000E+00  0.0000E+00  0.0000E+00  0.0000E+00
     -0.541  0.0000E+00  0.0000E+00  0.0000E+00  0.0000E+00  0.0000E+00  0.0000E+00  0.0000E+00  0.0000E+00  0.0000E+00  0.0000E+00  0.0000E+00  0.0000E+00  0.0000E+00  0.0000E+00  0.0000E+00  0.0000E+00  0.0000E+00  0.0000E+00
     -0.531  0.0000E+00  0.0000E+00  0.0000E+00  0.0000E+00  0.0000E+00  0.0000E+00  0.0000E+00  0.0000E+00  0.0000E+00  0.0000E+00  0.0000E+00  0.0000E+00  0.0000E+00  0.0000E+00  0.0000E+00  0.0000E+00  0.0000E+00  0.0000E+00
     -0.521  0.0000E+00  0.0000E+00  0.0000E+00  0.0000E+00  0.0000E+00  0.0000E+00  0.0000E+00  0.0000E+00  0.0000E+00  0.0000E+00  0.0000E+00  0.0000E+00  0.0000E+00  0.0000E+00  0.0000E+00  0.0000E+00  0.0000E+00  0.0000E+00
     -0.511  0.8765E-04  0.0000E+00  0.1023E-03  0.0000E+00  0.7082E-04  0.0000E+00  0.2380E-04  0.0000E+00  0.1257E-03  0.0000E+00  0.2414E-02  0.0000E+00  0.6233E-02  0.0000E+00  0.5775E-03  0.0000E+00  0.3506E-04  0.0000E+00
     -0.501  0.2171E-03  0.0000E+00  0.2399E-03  0.0000E+00  0.1693E-03  0.0000E+00  0.5941E-04  0.0000E+00  0.3102E-03  0.0000E+00  0.5634E-02  0.0000E+00  0.1492E-01  0.0000E+00  0.1431E-02  0.0000E+00  0.8284E-04  0.0000E+00
     -0.491  0.4705E-03  0.0000E+00  0.4065E-03  0.0000E+00  0.3348E-03  0.0000E+00  0.1424E-03  0.0000E+00  0.5339E-03  0.0000E+00  0.9462E-02  0.0000E+00  0.2959E-01  0.0000E+00  0.3341E-02  0.0000E+00  0.1819E-03  0.0000E+00
     -0.481  0.5857E-03  0.0000E+00  0.4826E-03  0.0000E+00  0.3508E-03  0.0000E+00  0.1733E-03  0.0000E+00  0.6005E-03  0.0000E+00  0.1114E-01  0.0000E+00  0.3125E-01  0.0000E+00  0.3911E-02  0.0000E+00  0.2191E-03  0.0000E+00
     -0.471  0.6016E-03  0.0000E+00  0.4592E-03  0.0000E+00  0.3606E-03  0.0000E+00  0.1744E-03  0.0000E+00  0.5722E-03  0.0000E+00  0.1053E-01  0.0000E+00  0.3182E-01  0.0000E+00  0.3842E-02  0.0000E+00  0.2069E-03  0.0000E+00
     -0.461  0.6165E-03  0.0000E+00  0.4098E-03  0.0000E+00  0.3913E-03  0.0000E+00  0.2142E-03  0.0000E+00  0.5113E-03  0.0000E+00  0.9326E-02  0.0000E+00  0.3405E-01  0.0000E+00  0.4627E-02  0.0000E+00  0.2260E-03  0.0000E+00
     -0.451  0.8214E-03  0.0000E+00  0.4075E-03  0.0000E+00  0.5166E-03  0.0000E+00  0.3660E-03  0.0000E+00  0.5787E-03  0.0000E+00  0.9193E-02  0.0000E+00  0.4507E-01  0.0000E+00  0.7941E-02  0.0000E+00  0.3265E-03  0.0000E+00
     -0.441  0.1521E-02  0.0000E+00  0.7037E-03  0.0000E+00  0.8754E-03  0.0000E+00  0.7129E-03  0.0000E+00  0.1333E-02  0.0000E+00  0.1562E-01  0.0000E+00  0.7630E-01  0.0000E+00  0.1505E-01  0.0000E+00  0.5460E-03  0.0000E+00
     -0.431  0.8268E-03  0.0000E+00  0.3961E-03  0.0000E+00  0.5247E-03  0.0000E+00  0.1574E-03  0.0000E+00  0.4073E-03  0.0000E+00  0.8720E-02  0.0000E+00  0.4413E-01  0.0000E+00  0.3078E-02  0.0000E+00  0.1362E-03  0.0000E+00
     -0.421  0.1828E-03  0.0000E+00  0.8380E-04  0.0000E+00  0.1173E-03  0.0000E+00  0.2727E-04  0.0000E+00  0.7302E-04  0.0000E+00  0.1841E-02  0.0000E+00  0.9839E-02  0.0000E+00  0.5225E-03  0.0000E+00  0.2444E-04  0.0000E+00
     -0.411  0.0000E+00  0.1040E-01  0.0000E+00  0.1652E-06  0.0000E+00  0.9922E-04  0.0000E+00  0.3764E-06  0.0000E+00  0.2059E-03  0.0000E+00  0.2327E-02  0.0000E+00  0.6585E-01  0.0000E+00  0.4306E-02  0.0000E+00  0.7722E-03
     -0.401  0.0000E+00  0.2163E-01  0.0000E+00  0.3789E-06  0.0000E+00  0.2120E-03  0.0000E+00  0.9030E-06  0.0000E+00  0.6221E-03  0.0000E+00  0.5174E-02  0.0000E+00  0.1396E+00  0.0000E+00  0.9625E-02  0.0000E+00  0.1487E-02
     -0.391  0.5972E-03  0.3548E-01  0.2801E-03  0.2057E-05  0.4032E-03  0.3614E-03  0.1400E-04  0.1934E-05  0.7979E-04  0.1880E-02  0.5874E-02  0.1867E-01  0.3274E-01  0.2357E+00  0.2643E-03  0.1612E-01  0.3328E-04  0.2169E-02
     -0.381  0.9279E-03  0.5287E-01  0.4400E-03  0.4210E-05  0.6152E-03  0.5524E-03  0.3104E-04  0.3539E-05  0.1722E-03  0.3918E-02  0.9142E-02  0.3753E-01  0.4972E-01  0.3582E+00  0.6105E-03  0.2558E-01  0.7103E-04  0.3047E-02
     -0.371  0.5966E-03  0.6954E-01  0.2796E-03  0.5549E-05  0.3688E-03  0.7472E-03  0.2925E-04  0.5420E-05  0.1695E-03  0.6193E-02  0.5650E-02  0.5329E-01  0.2948E-01  0.4807E+00  0.5986E-03  0.3768E-01  0.6476E-04  0.3941E-02
     -0.361  0.6897E-03  0.1831E+00  0.3151E-03  0.8495E-05  0.4162E-03  0.2200E-02  0.2884E-04  0.9032E-05  0.1886E-03  0.7369E-02  0.6313E-02  0.1281E+00  0.3322E-01  0.1374E+01  0.5964E-03  0.8012E-01  0.6807E-04  0.6749E-02
     -0.351  0.8229E-03  0.3510E+00  0.3643E-03  0.1657E-04  0.4818E-03  0.4329E-02  0.2785E-04  0.2007E-04  0.2182E-03  0.1042E-01  0.7231E-02  0.2994E+00  0.3845E-01  0.2680E+01  0.5883E-03  0.1265E+00  0.7359E-04  0.2006E-01
     -0.341  0.1673E-02  0.2753E-01  0.6567E-03  0.1199E-05  0.8906E-03  0.3918E-03  0.3142E-04  0.2089E-05  0.4020E-03  0.4898E-02  0.1274E-01  0.2478E-01  0.7158E-01  0.2293E+00  0.6857E-03  0.3890E-01  0.1137E-03  0.7938E-03
     -0.331  0.3280E-02  0.2411E-02  0.1196E-02  0.1252E-06  0.1684E-02  0.3570E-04  0.3848E-04  0.3080E-06  0.6912E-03  0.9485E-03  0.2288E-01  0.2592E-02  0.1354E+00  0.2047E-01  0.8767E-03  0.5688E-02  0.1899E-03  0.6609E-04
     -0.321  0.2323E-02  0.4158E-03  0.9219E-03  0.6101E-08  0.1226E-02  0.6839E-05  0.2899E-04  0.9210E-07  0.3936E-03  0.8195E-04  0.1749E-01  0.7654E-04  0.9725E-01  0.3630E-02  0.7925E-03  0.1457E-02  0.1019E-03  0.1693E-03
     -0.311  0.1453E-02  0.1229E+00  0.6260E-03  0.1434E-05  0.7283E-03  0.1750E-02  0.9684E-05  0.6406E-05  0.2206E-03  0.1283E-02  0.1167E-01  0.3588E-01  0.5790E-01  0.1005E+01  0.2987E-03  0.3030E-01  0.4025E-04  0.5274E-02
     -0.301  0.0000E+00  0.1672E+00  0.0000E+00  0.2348E-05  0.0000E+00  0.2437E-02  0.0000E+00  0.9500E-05  0.0000E+00  0.1872E-02  0.0000E+00  0.6128E-01  0.0000E+00  0.1384E+01  0.0000E+00  0.4144E-01  0.0000E+00  0.8500E-02
     -0.291  0.0000E+00  0.1444E+00  0.0000E+00  0.2484E-05  0.0000E+00  0.2162E-02  0.0000E+00  0.9431E-05  0.0000E+00  0.1999E-02  0.0000E+00  0.5455E-01  0.0000E+00  0.1207E+01  0.0000E+00  0.3879E-01  0.0000E+00  0.7340E-02
     -0.281  0.0000E+00  0.2786E+00  0.0000E+00  0.4696E-05  0.0000E+00  0.4136E-02  0.0000E+00  0.1854E-04  0.0000E+00  0.2903E-02  0.0000E+00  0.7241E-01  0.0000E+00  0.2309E+01  0.0000E+00  0.4679E-01  0.0000E+00  0.6566E-02
     -0.271  0.0000E+00  0.2788E+00  0.0000E+00  0.5921E-05  0.0000E+00  0.4298E-02  0.0000E+00  0.2053E-04  0.0000E+00  0.3651E-02  0.0000E+00  0.9245E-01  0.0000E+00  0.2362E+01  0.0000E+00  0.4042E-01  0.0000E+00  0.6738E-02
     -0.261  0.0000E+00  0.1719E+00  0.0000E+00  0.3886E-05  0.0000E+00  0.2752E-02  0.0000E+00  0.1334E-04  0.0000E+00  0.2400E-02  0.0000E+00  0.5693E-01  0.0000E+00  0.1486E+01  0.0000E+00  0.3245E-01  0.0000E+00  0.4963E-02
     -0.251  0.0000E+00  0.7118E-01  0.0000E+00  0.6648E-06  0.0000E+00  0.1159E-02  0.0000E+00  0.5950E-05  0.0000E+00  0.1526E-02  0.0000E+00  0.6938E-02  0.0000E+00  0.6143E+00  0.0000E+00  0.2422E-01  0.0000E+00  0.2736E-02
     -0.241  0.0000E+00  0.3560E-01  0.0000E+00  0.3130E-06  0.0000E+00  0.5862E-03  0.0000E+00  0.3077E-05  0.0000E+00  0.6892E-03  0.0000E+00  0.3492E-02  0.0000E+00  0.3089E+00  0.0000E+00  0.1110E-01  0.0000E+00  0.1314E-02
     -0.231  0.0000E+00  0.0000E+00  0.0000E+00  0.0000E+00  0.0000E+00  0.0000E+00  0.0000E+00  0.0000E+00  0.0000E+00  0.0000E+00  0.0000E+00  0.0000E+00  0.0000E+00  0.0000E+00  0.0000E+00  0.0000E+00  0.0000E+00  0.0000E+00
     -0.221  0.0000E+00  0.0000E+00  0.0000E+00  0.0000E+00  0.0000E+00  0.0000E+00  0.0000E+00  0.0000E+00  0.0000E+00  0.0000E+00  0.0000E+00  0.0000E+00  0.0000E+00  0.0000E+00  0.0000E+00  0.0000E+00  0.0000E+00  0.0000E+00
     -0.211  0.0000E+00  0.0000E+00  0.0000E+00  0.0000E+00  0.0000E+00  0.0000E+00  0.0000E+00  0.0000E+00  0.0000E+00  0.0000E+00  0.0000E+00  0.0000E+00  0.0000E+00  0.0000E+00  0.0000E+00  0.0000E+00  0.0000E+00  0.0000E+00
     -0.201  0.2220E-02  0.0000E+00  0.4189E-03  0.0000E+00  0.3140E-03  0.0000E+00  0.1046E-02  0.0000E+00  0.1053E-03  0.0000E+00  0.6065E-02  0.0000E+00  0.2559E-01  0.0000E+00  0.1587E-01  0.0000E+00  0.4606E-03  0.0000E+00
     -0.191  0.1740E-02  0.1930E-02  0.3480E-03  0.1526E-07  0.3674E-03  0.3830E-04  0.6593E-03  0.1706E-06  0.5944E-04  0.1810E-04  0.4999E-02  0.8550E-04  0.2893E-01  0.1806E-01  0.9900E-02  0.1491E-03  0.2113E-03  0.6156E-04
     -0.181  0.2103E-02  0.1013E+00  0.3394E-03  0.7603E-06  0.4766E-03  0.2037E-02  0.6811E-03  0.9515E-05  0.4593E-04  0.1001E-02  0.4792E-02  0.5163E-02  0.3808E-01  0.9548E+00  0.1015E-01  0.8490E-02  0.1920E-03  0.2998E-02
     -0.171  0.2125E-02  0.2110E+00  0.2651E-03  0.1414E-05  0.5185E-03  0.4382E-02  0.6109E-03  0.2182E-04  0.2970E-04  0.2335E-02  0.3691E-02  0.1314E-01  0.4157E-01  0.2023E+01  0.9068E-02  0.1939E-01  0.1576E-03  0.4919E-02
     -0.161  0.2079E-02  0.3411E+00  0.2451E-03  0.2683E-05  0.5118E-03  0.7246E-02  0.5617E-03  0.3844E-04  0.2494E-04  0.3880E-02  0.3384E-02  0.2219E-01  0.4106E-01  0.3303E+01  0.8271E-02  0.3544E-01  0.1320E-03  0.6470E-02
     -0.151  0.1889E-02  0.7015E+00  0.2149E-03  0.5060E-05  0.4591E-03  0.1498E-01  0.4667E-03  0.9275E-04  0.1880E-04  0.5817E-02  0.2928E-02  0.6143E-01  0.3693E-01  0.6748E+01  0.6770E-02  0.8737E-01  0.9167E-04  0.1558E-01
     -0.141  0.1678E-02  0.4586E+00  0.1971E-03  0.3007E-05  0.4171E-03  0.9936E-02  0.4137E-03  0.6131E-04  0.1678E-04  0.3655E-02  0.2658E-02  0.3631E-01  0.3308E-01  0.4428E+01  0.5916E-02  0.5500E-01  0.8054E-04  0.9159E-02
     -0.131  0.1632E-02  0.4822E+00  0.1920E-03  0.2866E-05  0.4052E-03  0.1072E-01  0.3980E-03  0.6909E-04  0.1614E-04  0.2844E-02  0.2574E-02  0.3819E-01  0.3206E-01  0.4704E+01  0.5654E-02  0.5778E-01  0.7706E-04  0.7101E-02
     -0.121  0.1586E-02  0.2638E+00  0.1867E-03  0.1222E-05  0.3931E-03  0.6013E-02  0.3822E-03  0.2832E-04  0.1549E-04  0.9097E-03  0.2490E-02  0.1955E-01  0.3104E-01  0.2600E+01  0.5392E-02  0.1288E-01  0.7359E-04  0.2157E-02
     -0.111  0.1538E-02  0.0000E+00  0.1812E-03  0.0000E+00  0.3809E-03  0.0000E+00  0.3664E-03  0.0000E+00  0.1484E-04  0.0000E+00  0.2404E-02  0.0000E+00  0.3000E-01  0.0000E+00  0.5133E-02  0.0000E+00  0.7013E-04  0.0000E+00
     -0.101  0.1490E-02  0.0000E+00  0.1756E-03  0.0000E+00  0.3685E-03  0.0000E+00  0.3507E-03  0.0000E+00  0.1418E-04  0.0000E+00  0.2317E-02  0.0000E+00  0.2896E-01  0.0000E+00  0.4875E-02  0.0000E+00  0.6668E-04  0.0000E+00
     -0.091  0.1442E-02  0.0000E+00  0.1699E-03  0.0000E+00  0.3560E-03  0.0000E+00  0.3349E-03  0.0000E+00  0.1352E-04  0.0000E+00  0.2228E-02  0.0000E+00  0.2790E-01  0.0000E+00  0.4619E-02  0.0000E+00  0.6324E-04  0.0000E+00
     -0.081  0.1393E-02  0.0000E+00  0.1641E-03  0.0000E+00  0.3433E-03  0.0000E+00  0.3191E-03  0.0000E+00  0.1286E-04  0.0000E+00  0.2139E-02  0.0000E+00  0.2684E-01  0.0000E+00  0.4364E-02  0.0000E+00  0.5981E-04  0.0000E+00
     -0.071  0.1343E-02  0.0000E+00  0.1580E-03  0.0000E+00  0.3305E-03  0.0000E+00  0.3034E-03  0.0000E+00  0.1220E-04  0.0000E+00  0.2048E-02  0.0000E+00  0.2577E-01  0.0000E+00  0.4111E-02  0.0000E+00  0.5638E-04  0.0000E+00
     -0.061  0.1292E-02  0.0000E+00  0.1519E-03  0.0000E+00  0.3175E-03  0.0000E+00  0.2876E-03  0.0000E+00  0.1153E-04  0.0000E+00  0.1955E-02  0.0000E+00  0.2470E-01  0.0000E+00  0.3860E-02  0.0000E+00  0.5297E-04  0.0000E+00
     -0.051  0.1187E-02  0.0000E+00  0.1105E-03  0.0000E+00  0.2841E-03  0.0000E+00  0.2302E-03  0.0000E+00  0.7834E-05  0.0000E+00  0.1398E-02  0.0000E+00  0.2226E-01  0.0000E+00  0.3066E-02  0.0000E+00  0.3997E-04  0.0000E+00
     -0.041  0.1064E-02  0.0000E+00  0.8913E-04  0.0000E+00  0.2465E-03  0.0000E+00  0.1847E-03  0.0000E+00  0.6507E-05  0.0000E+00  0.1110E-02  0.0000E+00  0.1938E-01  0.0000E+00  0.2431E-02  0.0000E+00  0.3033E-04  0.0000E+00
     -0.031  0.8944E-03  0.0000E+00  0.7395E-04  0.0000E+00  0.1965E-03  0.0000E+00  0.1357E-03  0.0000E+00  0.5150E-05  0.0000E+00  0.9048E-03  0.0000E+00  0.1546E-01  0.0000E+00  0.1754E-02  0.0000E+00  0.2113E-04  0.0000E+00
     -0.021  0.7371E-03  0.0000E+00  0.6516E-04  0.0000E+00  0.1539E-03  0.0000E+00  0.1002E-03  0.0000E+00  0.4375E-05  0.0000E+00  0.7849E-03  0.0000E+00  0.1199E-01  0.0000E+00  0.1254E-02  0.0000E+00  0.1824E-04  0.0000E+00
     -0.011  0.6973E-03  0.0000E+00  0.6079E-04  0.0000E+00  0.1447E-03  0.0000E+00  0.9280E-04  0.0000E+00  0.4071E-05  0.0000E+00  0.7311E-03  0.0000E+00  0.1128E-01  0.0000E+00  0.1161E-02  0.0000E+00  0.1694E-04  0.0000E+00
     -0.001  0.6572E-03  0.6568E-01  0.5650E-04  0.3725E-03  0.1356E-03  0.1351E-02  0.8560E-04  0.6403E-03  0.3772E-05  0.5393E+00  0.6784E-03  0.4949E+00  0.1057E-01  0.5538E+00  0.1071E-02  0.7427E+00  0.1567E-04  0.4427E+00
     0.009  0.6168E-03  0.5888E-01  0.5228E-04  0.3232E-03  0.1265E-03  0.1402E-02  0.7860E-04  0.6961E-03  0.3481E-05  0.8085E+00  0.6267E-03  0.3797E+00  0.9872E-02  0.5374E+00  0.9834E-03  0.7079E+00  0.1443E-04  0.6784E+00
     0.019  0.5761E-03  0.5002E-01  0.4815E-04  0.2882E-03  0.1174E-03  0.1237E-02  0.7180E-04  0.6357E-03  0.3196E-05  0.8662E+00  0.5761E-03  0.3201E+00  0.9172E-02  0.4665E+00  0.8983E-03  0.6082E+00  0.1322E-04  0.7344E+00
     0.029  0.5351E-03  0.5485E-01  0.4409E-04  0.2761E-03  0.1084E-03  0.1369E-02  0.6520E-04  0.7047E-03  0.2917E-05  0.1066E+01  0.5266E-03  0.2953E+00  0.8474E-02  0.5155E+00  0.8157E-03  0.6541E+00  0.1205E-04  0.9110E+00
     0.039  0.4939E-03  0.6273E-01  0.4010E-04  0.3297E-03  0.9940E-04  0.1573E-02  0.5881E-04  0.9614E-03  0.2646E-05  0.2697E+01  0.4782E-03  0.3309E+00  0.7779E-02  0.5910E+00  0.7356E-03  0.8374E+00  0.1090E-04  0.2358E+01
     0.049  0.4523E-03  0.7639E-01  0.3620E-04  0.3712E-03  0.9047E-04  0.1921E-02  0.5261E-04  0.1509E-02  0.2380E-05  0.6727E+01  0.4308E-03  0.3493E+00  0.7087E-02  0.7216E+00  0.6581E-03  0.1230E+01  0.9789E-05  0.5938E+01
     0.059  0.4104E-03  0.6795E-01  0.3237E-04  0.1798E-02  0.8159E-04  0.1664E-02  0.4662E-04  0.1647E-02  0.2122E-05  0.3112E+02  0.3846E-03  0.1369E+01  0.6397E-02  0.6212E+00  0.5831E-03  0.1146E+01  0.8705E-05  0.2815E+02
     0.069  0.3682E-03  0.2728E-01  0.2862E-04  0.9059E-03  0.7276E-04  0.7026E-03  0.4084E-04  0.1285E-02  0.1869E-05  0.2838E+01  0.3393E-03  0.5985E+00  0.5709E-02  0.2560E+00  0.5107E-03  0.8175E+00  0.7653E-05  0.2598E+01
     0.079  0.3258E-03  0.2293E-01  0.2494E-04  0.8454E-03  0.6397E-04  0.5706E-03  0.3525E-04  0.1307E-02  0.1624E-05  0.1438E+01  0.2952E-03  0.5303E+00  0.5024E-02  0.2125E+00  0.4408E-03  0.8039E+00  0.6632E-05  0.1323E+01
     0.089  0.2830E-03  0.1902E-01  0.2135E-04  0.8564E-03  0.5524E-04  0.4710E-03  0.2987E-04  0.1323E-02  0.1385E-05  0.8476E+00  0.2521E-03  0.5197E+00  0.4342E-02  0.1759E+00  0.3734E-03  0.7935E+00  0.5642E-05  0.7858E+00
     0.099  0.2399E-03  0.1491E-01  0.1783E-04  0.1069E-02  0.4655E-04  0.3654E-03  0.2469E-04  0.1601E-02  0.1152E-05  0.3026E+00  0.2101E-03  0.6174E+00  0.3662E-02  0.1372E+00  0.3086E-03  0.9181E+00  0.4683E-05  0.2919E+00
     0.109  0.1966E-03  0.8139E-02  0.1439E-04  0.7299E-03  0.3790E-04  0.1991E-03  0.1971E-04  0.1054E-02  0.9262E-06  0.1728E+00  0.1692E-03  0.4150E+00  0.2985E-02  0.7478E-01  0.2463E-03  0.5934E+00  0.3755E-05  0.1672E+00
     0.119  0.1529E-03  0.2633E-02  0.1102E-04  0.2969E-03  0.2931E-04  0.6427E-04  0.1493E-04  0.4161E-03  0.7068E-06  0.5909E-01  0.1293E-03  0.1666E+00  0.2310E-02  0.2415E-01  0.1866E-03  0.2303E+00  0.2858E-05  0.5736E-01
     0.129  0.1090E-03  0.0000E+00  0.7733E-05  0.0000E+00  0.2076E-04  0.0000E+00  0.1036E-04  0.0000E+00  0.4940E-06  0.0000E+00  0.9055E-04  0.0000E+00  0.1637E-02  0.0000E+00  0.1294E-03  0.0000E+00  0.1992E-05  0.0000E+00
     0.139  0.6474E-04  0.0000E+00  0.4522E-05  0.0000E+00  0.1226E-04  0.0000E+00  0.5986E-05  0.0000E+00  0.2877E-06  0.0000E+00  0.5283E-04  0.0000E+00  0.9676E-03  0.0000E+00  0.7479E-04  0.0000E+00  0.1157E-05  0.0000E+00
     0.149  0.2020E-04  0.0000E+00  0.1389E-05  0.0000E+00  0.3801E-05  0.0000E+00  0.1816E-05  0.0000E+00  0.8800E-07  0.0000E+00  0.1619E-04  0.0000E+00  0.3004E-03  0.0000E+00  0.2269E-04  0.0000E+00  0.3528E-06  0.0000E+00
     0.159  0.0000E+00  0.0000E+00  0.0000E+00  0.0000E+00  0.0000E+00  0.0000E+00  0.0000E+00  0.0000E+00  0.0000E+00  0.0000E+00  0.0000E+00  0.0000E+00  0.0000E+00  0.0000E+00  0.0000E+00  0.0000E+00  0.0000E+00  0.0000E+00
     0.169  0.0000E+00  0.0000E+00  0.0000E+00  0.0000E+00  0.0000E+00  0.0000E+00  0.0000E+00  0.0000E+00  0.0000E+00  0.0000E+00  0.0000E+00  0.0000E+00  0.0000E+00  0.0000E+00  0.0000E+00  0.0000E+00  0.0000E+00  0.0000E+00
     0.179  0.0000E+00  0.0000E+00  0.0000E+00  0.0000E+00  0.0000E+00  0.0000E+00  0.0000E+00  0.0000E+00  0.0000E+00  0.0000E+00  0.0000E+00  0.0000E+00  0.0000E+00  0.0000E+00  0.0000E+00  0.0000E+00  0.0000E+00  0.0000E+00
     0.189  0.0000E+00  0.3396E-01  0.0000E+00  0.1439E+00  0.0000E+00  0.6975E-03  0.0000E+00  0.8045E-01  0.0000E+00  0.2694E+00  0.0000E+00  0.5536E+02  0.0000E+00  0.3242E+00  0.0000E+00  0.2986E+02  0.0000E+00  0.3129E+00
     0.199  0.0000E+00  0.9168E-02  0.0000E+00  0.8994E-02  0.0000E+00  0.2817E-03  0.0000E+00  0.3818E-01  0.0000E+00  0.3952E-01  0.0000E+00  0.3256E+01  0.0000E+00  0.7755E-01  0.0000E+00  0.1356E+02  0.0000E+00  0.6736E-01
     0.209  0.0000E+00  0.2145E-01  0.0000E+00  0.9336E-02  0.0000E+00  0.6433E-03  0.0000E+00  0.2203E-01  0.0000E+00  0.1814E-01  0.0000E+00  0.3223E+01  0.0000E+00  0.1823E+00  0.0000E+00  0.7449E+01  0.0000E+00  0.3109E-01
     0.219  0.0000E+00  0.2322E-01  0.0000E+00  0.7677E-02  0.0000E+00  0.6862E-03  0.0000E+00  0.1613E-01  0.0000E+00  0.1330E-01  0.0000E+00  0.2593E+01  0.0000E+00  0.1995E+00  0.0000E+00  0.5340E+01  0.0000E+00  0.2192E-01
     0.229  0.0000E+00  0.1105E-01  0.0000E+00  0.1605E-02  0.0000E+00  0.3174E-03  0.0000E+00  0.2849E-02  0.0000E+00  0.2744E-02  0.0000E+00  0.5113E+00  0.0000E+00  0.9559E-01  0.0000E+00  0.9049E+00  0.0000E+00  0.4197E-02
     0.239  0.0000E+00  0.9433E-02  0.0000E+00  0.1088E-02  0.0000E+00  0.2698E-03  0.0000E+00  0.1734E-02  0.0000E+00  0.1525E-02  0.0000E+00  0.3414E+00  0.0000E+00  0.8051E-01  0.0000E+00  0.5443E+00  0.0000E+00  0.2308E-02
     0.249  0.0000E+00  0.8353E-02  0.0000E+00  0.9044E-03  0.0000E+00  0.2384E-03  0.0000E+00  0.1426E-02  0.0000E+00  0.1259E-02  0.0000E+00  0.2829E+00  0.0000E+00  0.7114E-01  0.0000E+00  0.4476E+00  0.0000E+00  0.1904E-02
     0.259  0.0000E+00  0.7188E-02  0.0000E+00  0.7308E-03  0.0000E+00  0.2048E-03  0.0000E+00  0.1138E-02  0.0000E+00  0.1009E-02  0.0000E+00  0.2277E+00  0.0000E+00  0.6110E-01  0.0000E+00  0.3573E+00  0.0000E+00  0.1525E-02
     0.269  0.0000E+00  0.5938E-02  0.0000E+00  0.5667E-03  0.0000E+00  0.1689E-03  0.0000E+00  0.8715E-03  0.0000E+00  0.7758E-03  0.0000E+00  0.1759E+00  0.0000E+00  0.5039E-01  0.0000E+00  0.2735E+00  0.0000E+00  0.1172E-02
     0.279  0.0000E+00  0.4604E-02  0.0000E+00  0.4123E-03  0.0000E+00  0.1307E-03  0.0000E+00  0.6251E-03  0.0000E+00  0.5593E-03  0.0000E+00  0.1274E+00  0.0000E+00  0.3900E-01  0.0000E+00  0.1962E+00  0.0000E+00  0.8437E-03
     0.289  0.0000E+00  0.3184E-02  0.0000E+00  0.2675E-03  0.0000E+00  0.9025E-04  0.0000E+00  0.3993E-03  0.0000E+00  0.3592E-03  0.0000E+00  0.8229E-01  0.0000E+00  0.2693E-01  0.0000E+00  0.1253E+00  0.0000E+00  0.5414E-03
     0.300  0.0000E+00  0.1680E-02  0.0000E+00  0.1323E-03  0.0000E+00  0.4754E-04  0.0000E+00  0.1942E-03  0.0000E+00  0.1757E-03  0.0000E+00  0.4050E-01  0.0000E+00  0.1419E-01  0.0000E+00  0.6094E-01  0.0000E+00  0.2645E-03
     0.310  0.0000E+00  0.9099E-04  0.0000E+00  0.6710E-05  0.0000E+00  0.2571E-05  0.0000E+00  0.9670E-05  0.0000E+00  0.8811E-05  0.0000E+00  0.2043E-02  0.0000E+00  0.7673E-03  0.0000E+00  0.3035E-02  0.0000E+00  0.1324E-04
     0.320  0.0000E+00  0.0000E+00  0.0000E+00  0.0000E+00  0.0000E+00  0.0000E+00  0.0000E+00  0.0000E+00  0.0000E+00  0.0000E+00  0.0000E+00  0.0000E+00  0.0000E+00  0.0000E+00  0.0000E+00  0.0000E+00  0.0000E+00  0.0000E+00
     0.330  0.0000E+00  0.0000E+00  0.0000E+00  0.0000E+00  0.0000E+00  0.0000E+00  0.0000E+00  0.0000E+00  0.0000E+00  0.0000E+00  0.0000E+00  0.0000E+00  0.0000E+00  0.0000E+00  0.0000E+00  0.0000E+00  0.0000E+00  0.0000E+00
     0.340  0.0000E+00  0.0000E+00  0.0000E+00  0.0000E+00  0.0000E+00  0.0000E+00  0.0000E+00  0.0000E+00  0.0000E+00  0.0000E+00  0.0000E+00  0.0000E+00  0.0000E+00  0.0000E+00  0.0000E+00  0.0000E+00  0.0000E+00  0.0000E+00
     0.350  0.0000E+00  0.0000E+00  0.0000E+00  0.0000E+00  0.0000E+00  0.0000E+00  0.0000E+00  0.0000E+00  0.0000E+00  0.0000E+00  0.0000E+00  0.0000E+00  0.0000E+00  0.0000E+00  0.0000E+00  0.0000E+00  0.0000E+00  0.0000E+00
     0.360  0.0000E+00  0.0000E+00  0.0000E+00  0.0000E+00  0.0000E+00  0.0000E+00  0.0000E+00  0.0000E+00  0.0000E+00  0.0000E+00  0.0000E+00  0.0000E+00  0.0000E+00  0.0000E+00  0.0000E+00  0.0000E+00  0.0000E+00  0.0000E+00
     0.370  0.0000E+00  0.0000E+00  0.0000E+00  0.0000E+00  0.0000E+00  0.0000E+00  0.0000E+00  0.0000E+00  0.0000E+00  0.0000E+00  0.0000E+00  0.0000E+00  0.0000E+00  0.0000E+00  0.0000E+00  0.0000E+00  0.0000E+00  0.0000E+00
     0.380  0.0000E+00  0.0000E+00  0.0000E+00  0.0000E+00  0.0000E+00  0.0000E+00  0.0000E+00  0.0000E+00  0.0000E+00  0.0000E+00  0.0000E+00  0.0000E+00  0.0000E+00  0.0000E+00  0.0000E+00  0.0000E+00  0.0000E+00  0.0000E+00
     0.390  0.0000E+00  0.0000E+00  0.0000E+00  0.0000E+00  0.0000E+00  0.0000E+00  0.0000E+00  0.0000E+00  0.0000E+00  0.0000E+00  0.0000E+00  0.0000E+00  0.0000E+00  0.0000E+00  0.0000E+00  0.0000E+00  0.0000E+00  0.0000E+00
     0.400  0.0000E+00  0.0000E+00  0.0000E+00  0.0000E+00  0.0000E+00  0.0000E+00  0.0000E+00  0.0000E+00  0.0000E+00  0.0000E+00  0.0000E+00  0.0000E+00  0.0000E+00  0.0000E+00  0.0000E+00  0.0000E+00  0.0000E+00  0.0000E+00
     0.410  0.0000E+00  0.0000E+00  0.0000E+00  0.0000E+00  0.0000E+00  0.0000E+00  0.0000E+00  0.0000E+00  0.0000E+00  0.0000E+00  0.0000E+00  0.0000E+00  0.0000E+00  0.0000E+00  0.0000E+00  0.0000E+00  0.0000E+00  0.0000E+00
     0.420  0.0000E+00  0.0000E+00  0.0000E+00  0.0000E+00  0.0000E+00  0.0000E+00  0.0000E+00  0.0000E+00  0.0000E+00  0.0000E+00  0.0000E+00  0.0000E+00  0.0000E+00  0.0000E+00  0.0000E+00  0.0000E+00  0.0000E+00  0.0000E+00
     0.430  0.0000E+00  0.0000E+00  0.0000E+00  0.0000E+00  0.0000E+00  0.0000E+00  0.0000E+00  0.0000E+00  0.0000E+00  0.0000E+00  0.0000E+00  0.0000E+00  0.0000E+00  0.0000E+00  0.0000E+00  0.0000E+00  0.0000E+00  0.0000E+00
     0.440  0.0000E+00  0.0000E+00  0.0000E+00  0.0000E+00  0.0000E+00  0.0000E+00  0.0000E+00  0.0000E+00  0.0000E+00  0.0000E+00  0.0000E+00  0.0000E+00  0.0000E+00  0.0000E+00  0.0000E+00  0.0000E+00  0.0000E+00  0.0000E+00
     0.450  0.0000E+00  0.0000E+00  0.0000E+00  0.0000E+00  0.0000E+00  0.0000E+00  0.0000E+00  0.0000E+00  0.0000E+00  0.0000E+00  0.0000E+00  0.0000E+00  0.0000E+00  0.0000E+00  0.0000E+00  0.0000E+00  0.0000E+00  0.0000E+00
     0.460  0.0000E+00  0.0000E+00  0.0000E+00  0.0000E+00  0.0000E+00  0.0000E+00  0.0000E+00  0.0000E+00  0.0000E+00  0.0000E+00  0.0000E+00  0.0000E+00  0.0000E+00  0.0000E+00  0.0000E+00  0.0000E+00  0.0000E+00  0.0000E+00
     0.470  0.0000E+00  0.0000E+00  0.0000E+00  0.0000E+00  0.0000E+00  0.0000E+00  0.0000E+00  0.0000E+00  0.0000E+00  0.0000E+00  0.0000E+00  0.0000E+00  0.0000E+00  0.0000E+00  0.0000E+00  0.0000E+00  0.0000E+00  0.0000E+00
     0.480  0.0000E+00  0.0000E+00  0.0000E+00  0.0000E+00  0.0000E+00  0.0000E+00  0.0000E+00  0.0000E+00  0.0000E+00  0.0000E+00  0.0000E+00  0.0000E+00  0.0000E+00  0.0000E+00  0.0000E+00  0.0000E+00  0.0000E+00  0.0000E+00
     0.490  0.0000E+00  0.0000E+00  0.0000E+00  0.0000E+00  0.0000E+00  0.0000E+00  0.0000E+00  0.0000E+00  0.0000E+00  0.0000E+00  0.0000E+00  0.0000E+00  0.0000E+00  0.0000E+00  0.0000E+00  0.0000E+00  0.0000E+00  0.0000E+00
     0.500  0.0000E+00  0.0000E+00  0.0000E+00  0.0000E+00  0.0000E+00  0.0000E+00  0.0000E+00  0.0000E+00  0.0000E+00  0.0000E+00  0.0000E+00  0.0000E+00  0.0000E+00  0.0000E+00  0.0000E+00  0.0000E+00  0.0000E+00  0.0000E+00
     0.510  0.0000E+00  0.0000E+00  0.0000E+00  0.0000E+00  0.0000E+00  0.0000E+00  0.0000E+00  0.0000E+00  0.0000E+00  0.0000E+00  0.0000E+00  0.0000E+00  0.0000E+00  0.0000E+00  0.0000E+00  0.0000E+00  0.0000E+00  0.0000E+00
     0.520  0.0000E+00  0.0000E+00  0.0000E+00  0.0000E+00  0.0000E+00  0.0000E+00  0.0000E+00  0.0000E+00  0.0000E+00  0.0000E+00  0.0000E+00  0.0000E+00  0.0000E+00  0.0000E+00  0.0000E+00  0.0000E+00  0.0000E+00  0.0000E+00
     0.530  0.0000E+00  0.0000E+00  0.0000E+00  0.0000E+00  0.0000E+00  0.0000E+00  0.0000E+00  0.0000E+00  0.0000E+00  0.0000E+00  0.0000E+00  0.0000E+00  0.0000E+00  0.0000E+00  0.0000E+00  0.0000E+00  0.0000E+00  0.0000E+00
     0.540  0.0000E+00  0.0000E+00  0.0000E+00  0.0000E+00  0.0000E+00  0.0000E+00  0.0000E+00  0.0000E+00  0.0000E+00  0.0000E+00  0.0000E+00  0.0000E+00  0.0000E+00  0.0000E+00  0.0000E+00  0.0000E+00  0.0000E+00  0.0000E+00
     0.550  0.0000E+00  0.0000E+00  0.0000E+00  0.0000E+00  0.0000E+00  0.0000E+00  0.0000E+00  0.0000E+00  0.0000E+00  0.0000E+00  0.0000E+00  0.0000E+00  0.0000E+00  0.0000E+00  0.0000E+00  0.0000E+00  0.0000E+00  0.0000E+00
     0.560  0.0000E+00  0.0000E+00  0.0000E+00  0.0000E+00  0.0000E+00  0.0000E+00  0.0000E+00  0.0000E+00  0.0000E+00  0.0000E+00  0.0000E+00  0.0000E+00  0.0000E+00  0.0000E+00  0.0000E+00  0.0000E+00  0.0000E+00  0.0000E+00
     0.570  0.0000E+00  0.0000E+00  0.0000E+00  0.0000E+00  0.0000E+00  0.0000E+00  0.0000E+00  0.0000E+00  0.0000E+00  0.0000E+00  0.0000E+00  0.0000E+00  0.0000E+00  0.0000E+00  0.0000E+00  0.0000E+00  0.0000E+00  0.0000E+00
     0.580  0.0000E+00  0.0000E+00  0.0000E+00  0.0000E+00  0.0000E+00  0.0000E+00  0.0000E+00  0.0000E+00  0.0000E+00  0.0000E+00  0.0000E+00  0.0000E+00  0.0000E+00  0.0000E+00  0.0000E+00  0.0000E+00  0.0000E+00  0.0000E+00
     0.590  0.0000E+00  0.0000E+00  0.0000E+00  0.0000E+00  0.0000E+00  0.0000E+00  0.0000E+00  0.0000E+00  0.0000E+00  0.0000E+00  0.0000E+00  0.0000E+00  0.0000E+00  0.0000E+00  0.0000E+00  0.0000E+00  0.0000E+00  0.0000E+00
     0.600  0.0000E+00  0.0000E+00  0.0000E+00  0.0000E+00  0.0000E+00  0.0000E+00  0.0000E+00  0.0000E+00  0.0000E+00  0.0000E+00  0.0000E+00  0.0000E+00  0.0000E+00  0.0000E+00  0.0000E+00  0.0000E+00  0.0000E+00  0.0000E+00
     0.610  0.0000E+00  0.0000E+00  0.0000E+00  0.0000E+00  0.0000E+00  0.0000E+00  0.0000E+00  0.0000E+00  0.0000E+00  0.0000E+00  0.0000E+00  0.0000E+00  0.0000E+00  0.0000E+00  0.0000E+00  0.0000E+00  0.0000E+00  0.0000E+00
     0.620  0.0000E+00  0.0000E+00  0.0000E+00  0.0000E+00  0.0000E+00  0.0000E+00  0.0000E+00  0.0000E+00  0.0000E+00  0.0000E+00  0.0000E+00  0.0000E+00  0.0000E+00  0.0000E+00  0.0000E+00  0.0000E+00  0.0000E+00  0.0000E+00
     0.630  0.0000E+00  0.0000E+00  0.0000E+00  0.0000E+00  0.0000E+00  0.0000E+00  0.0000E+00  0.0000E+00  0.0000E+00  0.0000E+00  0.0000E+00  0.0000E+00  0.0000E+00  0.0000E+00  0.0000E+00  0.0000E+00  0.0000E+00  0.0000E+00
     0.640  0.0000E+00  0.0000E+00  0.0000E+00  0.0000E+00  0.0000E+00  0.0000E+00  0.0000E+00  0.0000E+00  0.0000E+00  0.0000E+00  0.0000E+00  0.0000E+00  0.0000E+00  0.0000E+00  0.0000E+00  0.0000E+00  0.0000E+00  0.0000E+00
     0.650  0.0000E+00  0.0000E+00  0.0000E+00  0.0000E+00  0.0000E+00  0.0000E+00  0.0000E+00  0.0000E+00  0.0000E+00  0.0000E+00  0.0000E+00  0.0000E+00  0.0000E+00  0.0000E+00  0.0000E+00  0.0000E+00  0.0000E+00  0.0000E+00
     0.660  0.0000E+00  0.0000E+00  0.0000E+00  0.0000E+00  0.0000E+00  0.0000E+00  0.0000E+00  0.0000E+00  0.0000E+00  0.0000E+00  0.0000E+00  0.0000E+00  0.0000E+00  0.0000E+00  0.0000E+00  0.0000E+00  0.0000E+00  0.0000E+00
     0.670  0.6624E-06  0.0000E+00  0.1136E-05  0.0000E+00  0.4604E-07  0.0000E+00  0.1657E-05  0.0000E+00  0.5272E-07  0.0000E+00  0.5405E-05  0.0000E+00  0.9604E-06  0.0000E+00  0.7783E-05  0.0000E+00  0.9790E-07  0.0000E+00
     0.680  0.8427E-05  0.0000E+00  0.1425E-04  0.0000E+00  0.5848E-06  0.0000E+00  0.2077E-04  0.0000E+00  0.6595E-06  0.0000E+00  0.6764E-04  0.0000E+00  0.1222E-04  0.0000E+00  0.9725E-04  0.0000E+00  0.1224E-05  0.0000E+00
     0.690  0.1638E-04  0.0000E+00  0.2732E-04  0.0000E+00  0.1135E-05  0.0000E+00  0.3976E-04  0.0000E+00  0.1260E-05  0.0000E+00  0.1293E-03  0.0000E+00  0.2377E-04  0.0000E+00  0.1857E-03  0.0000E+00  0.2338E-05  0.0000E+00
     0.700  0.2451E-04  0.0000E+00  0.4036E-04  0.0000E+00  0.1696E-05  0.0000E+00  0.5863E-04  0.0000E+00  0.1856E-05  0.0000E+00  0.1904E-03  0.0000E+00  0.3559E-04  0.0000E+00  0.2731E-03  0.0000E+00  0.3440E-05  0.0000E+00
     0.710  0.3283E-04  0.0000E+00  0.5335E-04  0.0000E+00  0.2269E-05  0.0000E+00  0.7739E-04  0.0000E+00  0.2445E-05  0.0000E+00  0.2510E-03  0.0000E+00  0.4769E-04  0.0000E+00  0.3594E-03  0.0000E+00  0.4530E-05  0.0000E+00
     0.720  0.4134E-04  0.0000E+00  0.6630E-04  0.0000E+00  0.2853E-05  0.0000E+00  0.9603E-04  0.0000E+00  0.3028E-05  0.0000E+00  0.3111E-03  0.0000E+00  0.6008E-04  0.0000E+00  0.4447E-03  0.0000E+00  0.5607E-05  0.0000E+00
     0.730  0.5004E-04  0.0000E+00  0.7921E-04  0.0000E+00  0.3448E-05  0.0000E+00  0.1146E-03  0.0000E+00  0.3606E-05  0.0000E+00  0.3705E-03  0.0000E+00  0.7274E-04  0.0000E+00  0.5289E-03  0.0000E+00  0.6673E-05  0.0000E+00
     0.740  0.5892E-04  0.0000E+00  0.9208E-04  0.0000E+00  0.4054E-05  0.0000E+00  0.1330E-03  0.0000E+00  0.4178E-05  0.0000E+00  0.4295E-03  0.0000E+00  0.8568E-04  0.0000E+00  0.6121E-03  0.0000E+00  0.7727E-05  0.0000E+00
     0.750  0.6798E-04  0.0000E+00  0.1049E-03  0.0000E+00  0.4672E-05  0.0000E+00  0.1512E-03  0.0000E+00  0.4744E-05  0.0000E+00  0.4878E-03  0.0000E+00  0.9890E-04  0.0000E+00  0.6942E-03  0.0000E+00  0.8769E-05  0.0000E+00
     0.760  0.7723E-04  0.1145E-05  0.1177E-03  0.1025E-05  0.5301E-05  0.6070E-08  0.1694E-03  0.1498E-05  0.5304E-05  0.3874E-06  0.5457E-03  0.5356E-04  0.1124E-03  0.2778E-05  0.7753E-03  0.7687E-04  0.9798E-05  0.6130E-06
     0.770  0.8667E-04  0.2263E-04  0.1304E-03  0.1989E-04  0.5942E-05  0.1190E-06  0.1875E-03  0.2904E-04  0.5859E-05  0.7484E-05  0.6029E-03  0.1035E-02  0.1262E-03  0.5494E-04  0.8553E-03  0.1483E-02  0.1082E-04  0.1185E-04
     0.780  0.9629E-04  0.4472E-04  0.1431E-03  0.3862E-04  0.6593E-05  0.2333E-06  0.2054E-03  0.5629E-04  0.6408E-05  0.1445E-04  0.6597E-03  0.1998E-02  0.1403E-03  0.1086E-03  0.9343E-03  0.2860E-02  0.1182E-04  0.2289E-04
     0.790  0.1061E-03  0.6740E-04  0.1558E-03  0.5720E-04  0.7256E-05  0.3490E-06  0.2232E-03  0.8322E-04  0.6950E-05  0.2130E-04  0.7158E-03  0.2945E-02  0.1546E-03  0.1638E-03  0.1012E-02  0.4208E-02  0.1281E-04  0.3373E-04
     0.800  0.1161E-03  0.9068E-04  0.1684E-03  0.7564E-04  0.7930E-05  0.4661E-06  0.2409E-03  0.1099E-03  0.7487E-05  0.2802E-04  0.7714E-03  0.3874E-02  0.1692E-03  0.2205E-03  0.1089E-02  0.5527E-02  0.1380E-04  0.4439E-04
     0.810  0.1263E-03  0.1146E-03  0.1810E-03  0.9394E-04  0.8616E-05  0.5845E-06  0.2585E-03  0.1362E-03  0.8019E-05  0.3461E-04  0.8265E-03  0.4786E-02  0.1841E-03  0.2788E-03  0.1165E-02  0.6817E-02  0.1477E-04  0.5485E-04
     0.820  0.1366E-03  0.1390E-03  0.1935E-03  0.1121E-03  0.9313E-05  0.7042E-06  0.2760E-03  0.1622E-03  0.8544E-05  0.4108E-04  0.8810E-03  0.5680E-02  0.1993E-03  0.3385E-03  0.1240E-02  0.8078E-02  0.1572E-04  0.6512E-04
     0.830  0.1472E-03  0.1641E-03  0.2060E-03  0.1301E-03  0.1002E-04  0.8253E-06  0.2933E-03  0.1879E-03  0.9064E-05  0.4742E-04  0.9350E-03  0.6557E-02  0.2148E-03  0.3998E-03  0.1314E-02  0.9310E-02  0.1667E-04  0.7520E-04
     0.840  0.1579E-03  0.1898E-03  0.2185E-03  0.1480E-03  0.1074E-04  0.9478E-06  0.3106E-03  0.2133E-03  0.9577E-05  0.5363E-04  0.9884E-03  0.7416E-02  0.2305E-03  0.4626E-03  0.1386E-02  0.1051E-01  0.1760E-04  0.8508E-04
     0.850  0.1689E-03  0.2160E-03  0.2309E-03  0.1657E-03  0.1147E-04  0.1072E-05  0.3277E-03  0.2384E-03  0.1009E-04  0.5972E-04  0.1041E-02  0.8258E-02  0.2465E-03  0.5269E-03  0.1458E-02  0.1169E-01  0.1852E-04  0.9477E-04
     0.860  0.1800E-03  0.2429E-03  0.2433E-03  0.1833E-03  0.1221E-04  0.1197E-05  0.3447E-03  0.2632E-03  0.1059E-04  0.6569E-04  0.1094E-02  0.9083E-02  0.2628E-03  0.5927E-03  0.1528E-02  0.1283E-01  0.1943E-04  0.1043E-03
     0.870  0.1913E-03  0.2703E-03  0.2556E-03  0.2007E-03  0.1297E-04  0.1323E-05  0.3616E-03  0.2877E-03  0.1108E-04  0.7152E-04  0.1145E-02  0.9891E-02  0.2794E-03  0.6601E-03  0.1598E-02  0.1395E-01  0.2033E-04  0.1136E-03
     0.880  0.2028E-03  0.2984E-03  0.2679E-03  0.2180E-03  0.1373E-04  0.1451E-05  0.3783E-03  0.3119E-03  0.1157E-04  0.7723E-04  0.1197E-02  0.1068E-01  0.2963E-03  0.7290E-03  0.1667E-02  0.1504E-01  0.2121E-04  0.1227E-03
     0.890  0.2144E-03  0.3270E-03  0.2802E-03  0.2351E-03  0.1451E-04  0.1581E-05  0.3950E-03  0.3358E-03  0.1206E-04  0.8282E-04  0.1247E-02  0.1145E-01  0.3134E-03  0.7994E-03  0.1734E-02  0.1609E-01  0.2209E-04  0.1316E-03
     0.900  0.2263E-03  0.3563E-03  0.2924E-03  0.2521E-03  0.1529E-04  0.1711E-05  0.4115E-03  0.3594E-03  0.1254E-04  0.8828E-04  0.1297E-02  0.1221E-01  0.3308E-03  0.8713E-03  0.1800E-02  0.1712E-01  0.2295E-04  0.1403E-03
     0.910  0.2383E-03  0.3861E-03  0.3046E-03  0.2690E-03  0.1609E-04  0.1843E-05  0.4279E-03  0.3827E-03  0.1301E-04  0.9361E-04  0.1347E-02  0.1295E-01  0.3486E-03  0.9447E-03  0.1866E-02  0.1812E-01  0.2380E-04  0.1489E-03
     0.920  0.3023E-03  0.4165E-03  0.3334E-03  0.2857E-03  0.2951E-04  0.1976E-05  0.4022E-03  0.4056E-03  0.1240E-04  0.9882E-04  0.1357E-02  0.1367E-01  0.3815E-03  0.1020E-02  0.1672E-02  0.1909E-01  0.2281E-04  0.1572E-03
     0.930  0.3944E-03  0.4476E-03  0.3417E-03  0.3023E-03  0.4388E-04  0.2111E-05  0.4069E-03  0.4283E-03  0.1143E-04  0.1039E-03  0.1271E-02  0.1437E-01  0.4583E-03  0.1096E-02  0.1525E-02  0.2004E-01  0.2114E-04  0.1654E-03
     0.940  0.4075E-03  0.4792E-03  0.3495E-03  0.3187E-03  0.4747E-04  0.2247E-05  0.4086E-03  0.4507E-03  0.1148E-04  0.1089E-03  0.1289E-02  0.1506E-01  0.4611E-03  0.1174E-02  0.1524E-02  0.2095E-01  0.2136E-04  0.1733E-03
     0.950  0.4207E-03  0.5114E-03  0.3572E-03  0.3350E-03  0.5111E-04  0.2385E-05  0.4102E-03  0.4727E-03  0.1153E-04  0.1137E-03  0.1306E-02  0.1572E-01  0.4639E-03  0.1254E-02  0.1523E-02  0.2183E-01  0.2158E-04  0.1811E-03
     0.960  0.4340E-03  0.5443E-03  0.3651E-03  0.3512E-03  0.5479E-04  0.2523E-05  0.4118E-03  0.4945E-03  0.1158E-04  0.1184E-03  0.1323E-02  0.1638E-01  0.4666E-03  0.1335E-02  0.1521E-02  0.2269E-01  0.2181E-04  0.1887E-03
     0.970  0.4473E-03  0.5777E-03  0.3729E-03  0.3672E-03  0.5851E-04  0.2664E-05  0.4132E-03  0.5159E-03  0.1163E-04  0.1230E-03  0.1341E-02  0.1701E-01  0.4692E-03  0.1417E-02  0.1519E-02  0.2352E-01  0.2203E-04  0.1960E-03
     0.980  0.4607E-03  0.6117E-03  0.3808E-03  0.3830E-03  0.6227E-04  0.2805E-05  0.4145E-03  0.5370E-03  0.1167E-04  0.1274E-03  0.1358E-02  0.1763E-01  0.4717E-03  0.1501E-02  0.1517E-02  0.2431E-01  0.2225E-04  0.2032E-03
     0.990  0.4742E-03  0.7222E-03  0.3888E-03  0.3859E-03  0.6607E-04  0.4848E-05  0.4157E-03  0.4983E-03  0.1171E-04  0.1167E-03  0.1375E-02  0.1606E-01  0.4742E-03  0.1646E-02  0.1514E-02  0.2087E-01  0.2247E-04  0.1840E-03
     1.000  0.4877E-03  0.8889E-03  0.3968E-03  0.3842E-03  0.6991E-04  0.7056E-05  0.4168E-03  0.4792E-03  0.1176E-04  0.1007E-03  0.1392E-02  0.1395E-01  0.4766E-03  0.1920E-02  0.1511E-02  0.1744E-01  0.2268E-04  0.1631E-03
     1.010  0.5013E-03  0.9521E-03  0.4048E-03  0.3870E-03  0.7380E-04  0.8030E-05  0.4179E-03  0.4545E-03  0.1180E-04  0.9104E-04  0.1409E-02  0.1300E-01  0.4789E-03  0.2013E-02  0.1508E-02  0.1539E-01  0.2290E-04  0.1522E-03
     1.020  0.5150E-03  0.9770E-03  0.4128E-03  0.3944E-03  0.7773E-04  0.8748E-05  0.4188E-03  0.4551E-03  0.1183E-04  0.9126E-04  0.1427E-02  0.1308E-01  0.4812E-03  0.2030E-02  0.1504E-02  0.1531E-01  0.2312E-04  0.1533E-03
     1.030  0.5288E-03  0.1002E-02  0.4209E-03  0.4018E-03  0.8170E-04  0.9475E-05  0.4196E-03  0.4556E-03  0.1187E-04  0.9147E-04  0.1444E-02  0.1317E-01  0.4834E-03  0.2047E-02  0.1499E-02  0.1523E-01  0.2334E-04  0.1543E-03
     1.040  0.5426E-03  0.1027E-02  0.4290E-03  0.4092E-03  0.8571E-04  0.1021E-04  0.4203E-03  0.4559E-03  0.1191E-04  0.9166E-04  0.1461E-02  0.1325E-01  0.4855E-03  0.2063E-02  0.1495E-02  0.1514E-01  0.2355E-04  0.1553E-03
     1.050  0.5565E-03  0.1052E-02  0.4372E-03  0.4166E-03  0.8977E-04  0.1096E-04  0.4209E-03  0.4561E-03  0.1194E-04  0.9184E-04  0.1478E-02  0.1333E-01  0.4875E-03  0.2079E-02  0.1489E-02  0.1505E-01  0.2377E-04  0.1563E-03
     1.060  0.5704E-03  0.1077E-02  0.4454E-03  0.4240E-03  0.9386E-04  0.1172E-04  0.4214E-03  0.4561E-03  0.1197E-04  0.9200E-04  0.1495E-02  0.1341E-01  0.4895E-03  0.2095E-02  0.1484E-02  0.1495E-01  0.2398E-04  0.1573E-03
     1.070  0.5844E-03  0.1103E-02  0.4536E-03  0.4315E-03  0.9800E-04  0.1248E-04  0.4218E-03  0.4560E-03  0.1200E-04  0.9215E-04  0.1512E-02  0.1349E-01  0.4914E-03  0.2110E-02  0.1478E-02  0.1485E-01  0.2420E-04  0.1583E-03
     1.080  0.5985E-03  0.1128E-02  0.4619E-03  0.4390E-03  0.1022E-03  0.1326E-04  0.4221E-03  0.4558E-03  0.1203E-04  0.9229E-04  0.1530E-02  0.1357E-01  0.4932E-03  0.2125E-02  0.1471E-02  0.1474E-01  0.2441E-04  0.1592E-03
     1.090  0.6127E-03  0.1154E-02  0.4702E-03  0.4465E-03  0.1064E-03  0.1405E-04  0.4223E-03  0.4554E-03  0.1205E-04  0.9241E-04  0.1547E-02  0.1364E-01  0.4950E-03  0.2140E-02  0.1465E-02  0.1462E-01  0.2462E-04  0.1602E-03
     1.100  0.6269E-03  0.1179E-02  0.4785E-03  0.4540E-03  0.1107E-03  0.1485E-04  0.4224E-03  0.4549E-03  0.1208E-04  0.9251E-04  0.1564E-02  0.1372E-01  0.4967E-03  0.2154E-02  0.1457E-02  0.1451E-01  0.2483E-04  0.1611E-03
     1.110  0.6412E-03  0.1205E-02  0.4869E-03  0.4615E-03  0.1150E-03  0.1565E-04  0.4223E-03  0.4542E-03  0.1210E-04  0.9260E-04  0.1581E-02  0.1379E-01  0.4983E-03  0.2168E-02  0.1450E-02  0.1438E-01  0.2505E-04  0.1621E-03
     1.120  0.6611E-03  0.1230E-02  0.4997E-03  0.4691E-03  0.1215E-03  0.1647E-04  0.4240E-03  0.4534E-03  0.1218E-04  0.9268E-04  0.1608E-02  0.1386E-01  0.5007E-03  0.2182E-02  0.1446E-02  0.1425E-01  0.2533E-04  0.1630E-03
     1.130  0.6958E-03  0.1256E-02  0.5215E-03  0.4767E-03  0.1333E-03  0.1730E-04  0.4315E-03  0.4525E-03  0.1234E-04  0.9274E-04  0.1658E-02  0.1393E-01  0.5068E-03  0.2196E-02  0.1455E-02  0.1412E-01  0.2584E-04  0.1639E-03
     1.140  0.7396E-03  0.1282E-02  0.5482E-03  0.4843E-03  0.1483E-03  0.1813E-04  0.4425E-03  0.4514E-03  0.1255E-04  0.9278E-04  0.1718E-02  0.1400E-01  0.5151E-03  0.2209E-02  0.1472E-02  0.1398E-01  0.2650E-04  0.1647E-03
     1.150  0.7837E-03  0.1307E-02  0.5751E-03  0.4919E-03  0.1636E-03  0.1898E-04  0.4533E-03  0.4502E-03  0.1275E-04  0.9282E-04  0.1778E-02  0.1406E-01  0.5231E-03  0.2222E-02  0.1489E-02  0.1384E-01  0.2715E-04  0.1656E-03
     1.160  0.8282E-03  0.1333E-02  0.6023E-03  0.4995E-03  0.1791E-03  0.1983E-04  0.4638E-03  0.4489E-03  0.1295E-04  0.9283E-04  0.1839E-02  0.1413E-01  0.5308E-03  0.2234E-02  0.1504E-02  0.1369E-01  0.2780E-04  0.1665E-03
     1.170  0.8729E-03  0.1359E-02  0.6296E-03  0.5071E-03  0.1950E-03  0.2070E-04  0.4740E-03  0.4474E-03  0.1315E-04  0.9284E-04  0.1900E-02  0.1419E-01  0.5382E-03  0.2246E-02  0.1518E-02  0.1354E-01  0.2845E-04  0.1673E-03
     1.180  0.9179E-03  0.1395E-02  0.6572E-03  0.5188E-03  0.2112E-03  0.2212E-04  0.4839E-03  0.4472E-03  0.1334E-04  0.9313E-04  0.1961E-02  0.1432E-01  0.5453E-03  0.2264E-02  0.1532E-02  0.1339E-01  0.2909E-04  0.1684E-03
     1.190  0.9632E-03  0.1441E-02  0.6849E-03  0.5328E-03  0.2276E-03  0.2399E-04  0.4936E-03  0.4485E-03  0.1353E-04  0.9363E-04  0.2022E-02  0.1448E-01  0.5521E-03  0.2288E-02  0.1544E-02  0.1326E-01  0.2973E-04  0.1698E-03
     1.200  0.1009E-02  0.1514E-02  0.7129E-03  0.5540E-03  0.2444E-03  0.2700E-04  0.5029E-03  0.4545E-03  0.1371E-04  0.9450E-04  0.2083E-02  0.1475E-01  0.5586E-03  0.2332E-02  0.1555E-02  0.1320E-01  0.3037E-04  0.1723E-03
     1.210  0.1009E-02  0.1595E-02  0.6980E-03  0.5785E-03  0.2496E-03  0.3043E-04  0.4894E-03  0.4612E-03  0.1303E-04  0.9538E-04  0.2014E-02  0.1507E-01  0.5466E-03  0.2382E-02  0.1491E-02  0.1313E-01  0.2893E-04  0.1753E-03
     1.220  0.9746E-03  0.1676E-02  0.6619E-03  0.6032E-03  0.2481E-03  0.3396E-04  0.4584E-03  0.4674E-03  0.1175E-04  0.9624E-04  0.1879E-02  0.1539E-01  0.5102E-03  0.2430E-02  0.1371E-02  0.1306E-01  0.2643E-04  0.1782E-03
     1.230  0.9128E-03  0.1757E-02  0.6113E-03  0.6280E-03  0.2431E-03  0.3756E-04  0.4193E-03  0.4733E-03  0.1032E-04  0.9707E-04  0.1701E-02  0.1571E-01  0.4468E-03  0.2478E-02  0.1223E-02  0.1297E-01  0.2323E-04  0.1811E-03
     1.240  0.8504E-03  0.1839E-02  0.5608E-03  0.6529E-03  0.2378E-03  0.4125E-04  0.3803E-03  0.4787E-03  0.8903E-05  0.9789E-04  0.1525E-02  0.1602E-01  0.3843E-03  0.2524E-02  0.1076E-02  0.1287E-01  0.2010E-04  0.1839E-03
     1.250  0.7974E-03  0.1921E-02  0.5233E-03  0.6779E-03  0.2307E-03  0.4503E-04  0.3526E-03  0.4837E-03  0.8054E-05  0.9868E-04  0.1407E-02  0.1634E-01  0.3353E-03  0.2569E-02  0.9816E-03  0.1277E-01  0.1828E-04  0.1868E-03
     1.260  0.7518E-03  0.1973E-02  0.4915E-03  0.6958E-03  0.2218E-03  0.4820E-04  0.3303E-03  0.4759E-03  0.7457E-05  0.9558E-04  0.1313E-02  0.1645E-01  0.3053E-03  0.2578E-02  0.9131E-03  0.1232E-01  0.1691E-04  0.1857E-03
     1.270  0.7080E-03  0.1925E-02  0.4615E-03  0.6637E-03  0.2119E-03  0.4877E-04  0.3095E-03  0.4436E-03  0.6919E-05  0.8626E-04  0.1228E-02  0.1531E-01  0.2819E-03  0.2473E-02  0.8518E-03  0.1117E-01  0.1568E-04  0.1704E-03
     1.280  0.6639E-03  0.1789E-02  0.4313E-03  0.6095E-03  0.2017E-03  0.4870E-04  0.2886E-03  0.3995E-03  0.6387E-05  0.7459E-04  0.1142E-02  0.1362E-01  0.2589E-03  0.2198E-02  0.7908E-03  0.9673E-02  0.1446E-04  0.1485E-03
     1.290  0.6192E-03  0.1652E-02  0.4009E-03  0.5552E-03  0.1910E-03  0.4856E-04  0.2676E-03  0.3555E-03  0.5860E-05  0.6309E-04  0.1056E-02  0.1195E-01  0.2362E-03  0.1926E-02  0.7300E-03  0.8188E-02  0.1326E-04  0.1269E-03
     1.300  0.5741E-03  0.1528E-02  0.3703E-03  0.5062E-03  0.1798E-03  0.4807E-04  0.2466E-03  0.3195E-03  0.5339E-05  0.5475E-04  0.9701E-03  0.1053E-01  0.2140E-03  0.1686E-02  0.6695E-03  0.7029E-02  0.1207E-04  0.1097E-03
     1.310  0.5286E-03  0.1432E-02  0.3395E-03  0.4732E-03  0.1682E-03  0.4684E-04  0.2256E-03  0.2964E-03  0.4823E-05  0.5009E-04  0.8844E-03  0.9721E-02  0.1921E-03  0.1530E-02  0.6093E-03  0.6415E-02  0.1089E-04  0.1006E-03
     1.320  0.4826E-03  0.1349E-02  0.3084E-03  0.4448E-03  0.1562E-03  0.4518E-04  0.2046E-03  0.2772E-03  0.4313E-05  0.4647E-04  0.7986E-03  0.9079E-02  0.1706E-03  0.1422E-02  0.5493E-03  0.5968E-02  0.9728E-05  0.9332E-04
     1.330  0.4361E-03  0.1266E-02  0.2772E-03  0.4163E-03  0.1437E-03  0.4340E-04  0.1835E-03  0.2580E-03  0.3808E-05  0.4291E-04  0.7129E-03  0.8441E-02  0.1496E-03  0.1316E-02  0.4896E-03  0.5526E-02  0.8577E-05  0.8618E-04
     1.340  0.3892E-03  0.1182E-02  0.2458E-03  0.3877E-03  0.1307E-03  0.4150E-04  0.1624E-03  0.2389E-03  0.3308E-05  0.3939E-04  0.6272E-03  0.7807E-02  0.1289E-03  0.1211E-02  0.4301E-03  0.5089E-02  0.7440E-05  0.7914E-04
     1.350  0.9343E-03  0.1097E-02  0.4357E-03  0.3591E-03  0.4426E-03  0.3949E-04  0.1846E-03  0.2199E-03  0.3669E-05  0.3592E-04  0.1018E-02  0.7177E-02  0.1400E-03  0.1108E-02  0.4532E-03  0.4657E-02  0.1165E-04  0.7220E-04
     1.360  0.1139E-02  0.1012E-02  0.4805E-03  0.3303E-03  0.5607E-03  0.3735E-04  0.1705E-03  0.2010E-03  0.3400E-05  0.3249E-04  0.1103E-02  0.6551E-02  0.1461E-03  0.1006E-02  0.4036E-03  0.4230E-02  0.1279E-04  0.6536E-04
     1.370  0.1049E-02  0.9268E-03  0.4313E-03  0.3015E-03  0.5224E-03  0.3510E-04  0.1474E-03  0.1821E-03  0.2940E-05  0.2912E-04  0.9874E-03  0.5928E-02  0.1298E-03  0.9046E-03  0.3489E-03  0.3807E-02  0.1151E-04  0.5861E-04
     1.380  0.9522E-03  0.8407E-03  0.3817E-03  0.2726E-03  0.4791E-03  0.3273E-04  0.1255E-03  0.1634E-03  0.2503E-05  0.2579E-04  0.8711E-03  0.5310E-02  0.1136E-03  0.8048E-03  0.2970E-03  0.3389E-02  0.1022E-04  0.5196E-04
     1.390  0.8477E-03  0.7541E-03  0.3316E-03  0.2437E-03  0.4307E-03  0.3025E-04  0.1047E-03  0.1447E-03  0.2090E-05  0.2251E-04  0.7545E-03  0.4695E-02  0.9761E-04  0.7063E-03  0.2479E-03  0.2975E-02  0.8902E-05  0.4540E-04
     1.400  0.7356E-03  0.6670E-03  0.2810E-03  0.2146E-03  0.3772E-03  0.2764E-04  0.8516E-04  0.1262E-03  0.1700E-05  0.1928E-04  0.6375E-03  0.4084E-02  0.8183E-04  0.6090E-03  0.2016E-03  0.2567E-02  0.7566E-05  0.3895E-04
     1.410  0.6160E-03  0.1770E-02  0.2300E-03  0.3475E-03  0.3185E-03  0.1288E-03  0.6679E-04  0.1194E-03  0.1334E-05  0.2128E-04  0.5203E-03  0.5710E-02  0.6625E-04  0.9467E-03  0.1581E-03  0.2012E-02  0.6210E-05  0.5661E-04
     1.420  0.4889E-03  0.1655E-02  0.1785E-03  0.3143E-03  0.2548E-03  0.1224E-03  0.4960E-04  0.1055E-03  0.9907E-06  0.1894E-04  0.4026E-03  0.5146E-02  0.5086E-04  0.8702E-03  0.1174E-03  0.1778E-02  0.4833E-05  0.5146E-04
     1.430  0.3542E-03  0.1532E-02  0.1266E-03  0.2814E-03  0.1860E-03  0.1148E-03  0.3359E-04  0.9229E-04  0.6713E-06  0.1668E-04  0.2846E-03  0.4592E-02  0.3567E-04  0.7920E-03  0.7955E-04  0.1555E-02  0.3436E-05  0.4632E-04
     1.440  0.2701E-03  0.1399E-02  0.8876E-04  0.2489E-03  0.1657E-03  0.1063E-03  0.1405E-03  0.7964E-04  0.1465E-05  0.1451E-04  0.1863E-03  0.4047E-02  0.4227E-04  0.7120E-03  0.2764E-03  0.1342E-02  0.2332E-05  0.4118E-04
     1.450  0.3066E-02  0.1257E-02  0.6071E-03  0.2168E-03  0.1829E-02  0.9676E-04  0.3185E-02  0.6761E-04  0.3293E-04  0.1242E-04  0.1171E-02  0.3512E-02  0.5365E-03  0.6302E-03  0.6423E-02  0.1139E-02  0.2163E-04  0.3606E-04
     1.460  0.3540E-02  0.1107E-02  0.8825E-03  0.1850E-03  0.2483E-02  0.8619E-04  0.4093E-02  0.5620E-04  0.4052E-04  0.1042E-04  0.1652E-02  0.2987E-02  0.4337E-03  0.5466E-03  0.8204E-02  0.9466E-03  0.2401E-04  0.3094E-04
     1.470  0.1808E-02  0.9473E-03  0.4734E-03  0.1536E-03  0.1481E-02  0.7460E-04  0.1501E-02  0.4539E-04  0.1509E-04  0.8493E-05  0.8430E-03  0.2471E-02  0.2093E-03  0.4612E-03  0.2884E-02  0.7646E-03  0.1202E-04  0.2583E-04
     1.480  0.1791E-02  0.7790E-03  0.4705E-03  0.1226E-03  0.1490E-02  0.6199E-04  0.1472E-02  0.3520E-04  0.1477E-04  0.6652E-05  0.8326E-03  0.1965E-02  0.2029E-03  0.3741E-03  0.2816E-02  0.5929E-03  0.1180E-04  0.2073E-04
     1.490  0.1772E-02  0.6018E-03  0.4674E-03  0.9200E-04  0.1497E-02  0.4837E-04  0.1444E-02  0.2563E-04  0.1445E-04  0.4894E-05  0.8220E-03  0.1468E-02  0.1965E-03  0.2851E-03  0.2748E-02  0.4316E-03  0.1157E-04  0.1564E-04
     1.500  0.1754E-02  0.4156E-03  0.4642E-03  0.6174E-04  0.1504E-02  0.3372E-04  0.1415E-02  0.1667E-04  0.1414E-04  0.3219E-05  0.8112E-03  0.9815E-03  0.1902E-03  0.1944E-03  0.2681E-02  0.2807E-03  0.1134E-04  0.1055E-04
     1.510  0.1735E-02  0.2206E-03  0.4609E-03  0.3185E-04  0.1510E-02  0.1806E-04  0.1387E-02  0.8323E-05  0.1382E-04  0.1627E-05  0.8003E-03  0.5044E-03  0.1840E-03  0.1019E-03  0.2615E-02  0.1401E-03  0.1112E-04  0.5474E-05
     1.520  0.1715E-02  0.5341E-02  0.4574E-03  0.5818E-03  0.1514E-02  0.5254E-03  0.1359E-02  0.2365E-02  0.1351E-04  0.1181E-03  0.7892E-03  0.7441E-02  0.1779E-03  0.2899E-02  0.2549E-02  0.3156E-01  0.1089E-04  0.1267E-03
     1.530  0.1695E-02  0.4592E-02  0.4537E-03  0.6236E-03  0.1518E-02  0.5370E-03  0.1332E-02  0.2923E-02  0.1320E-04  0.1377E-03  0.7780E-03  0.7670E-02  0.1718E-03  0.2148E-02  0.2484E-02  0.3871E-01  0.1066E-04  0.1093E-03
     1.540  0.1674E-02  0.2517E-02  0.4499E-03  0.3360E-03  0.1521E-02  0.3356E-03  0.1304E-02  0.1260E-02  0.1289E-04  0.5268E-04  0.7666E-03  0.3922E-02  0.1658E-03  0.1172E-02  0.2419E-02  0.1603E-01  0.1043E-04  0.4295E-04
     1.550  0.1699E-02  0.2484E-02  0.4967E-03  0.3324E-03  0.1562E-02  0.3374E-03  0.1283E-02  0.1233E-02  0.1266E-04  0.5153E-04  0.8407E-03  0.3851E-02  0.1629E-03  0.1138E-02  0.2364E-02  0.1561E-01  0.1055E-04  0.4204E-04
     1.560  0.1735E-02  0.2450E-02  0.5537E-03  0.3287E-03  0.1612E-02  0.3389E-03  0.1264E-02  0.1206E-02  0.1246E-04  0.5038E-04  0.9313E-03  0.3781E-02  0.1605E-03  0.1104E-02  0.2312E-02  0.1519E-01  0.1073E-04  0.4113E-04
     1.570  0.1778E-02  0.2415E-02  0.6116E-03  0.3249E-03  0.1672E-02  0.3403E-03  0.1274E-02  0.1180E-02  0.1232E-04  0.4923E-04  0.1023E-02  0.3710E-02  0.1586E-03  0.1071E-02  0.2308E-02  0.1478E-01  0.1096E-04  0.4023E-04
     1.580  0.1836E-02  0.2380E-02  0.6746E-03  0.3211E-03  0.1747E-02  0.3414E-03  0.1307E-02  0.1153E-02  0.1229E-04  0.4809E-04  0.1120E-02  0.3638E-02  0.1576E-03  0.1037E-02  0.2339E-02  0.1437E-01  0.1131E-04  0.3932E-04
     1.590  0.1901E-02  0.2344E-02  0.7399E-03  0.3171E-03  0.1829E-02  0.3422E-03  0.1343E-02  0.1127E-02  0.1231E-04  0.4695E-04  0.1220E-02  0.3567E-02  0.1569E-03  0.1004E-02  0.2375E-02  0.1396E-01  0.1171E-04  0.3842E-04
     1.600  0.1966E-02  0.2319E-02  0.8048E-03  0.3211E-03  0.1913E-02  0.3445E-03  0.1380E-02  0.1102E-02  0.1233E-04  0.4594E-04  0.1318E-02  0.3583E-02  0.1560E-03  0.9750E-03  0.2411E-02  0.1356E-01  0.1211E-04  0.3779E-04
     1.610  0.2033E-02  0.2363E-02  0.8694E-03  0.3693E-03  0.1998E-02  0.3578E-03  0.1418E-02  0.1084E-02  0.1236E-04  0.4572E-04  0.1415E-02  0.4078E-02  0.1551E-03  0.9700E-03  0.2447E-02  0.1324E-01  0.1251E-04  0.3885E-04
     1.620  0.2101E-02  0.2419E-02  0.9336E-03  0.4184E-03  0.2085E-02  0.3728E-03  0.1456E-02  0.1072E-02  0.1238E-04  0.4560E-04  0.1511E-02  0.4577E-02  0.1540E-03  0.9684E-03  0.2484E-02  0.1296E-01  0.1291E-04  0.4012E-04
     1.630  0.2169E-02  0.2483E-02  0.9974E-03  0.4723E-03  0.2173E-02  0.3894E-03  0.1494E-02  0.1102E-02  0.1241E-04  0.4585E-04  0.1606E-02  0.5108E-02  0.1528E-03  0.9716E-03  0.2521E-02  0.1312E-01  0.1330E-04  0.4143E-04
     1.640  0.2239E-02  0.2548E-02  0.1061E-02  0.5255E-03  0.2264E-02  0.4063E-03  0.1533E-02  0.1131E-02  0.1245E-04  0.4611E-04  0.1699E-02  0.5628E-02  0.1515E-03  0.9745E-03  0.2558E-02  0.1327E-01  0.1369E-04  0.4275E-04
     1.650  0.2309E-02  0.2615E-02  0.1124E-02  0.5781E-03  0.2355E-02  0.4236E-03  0.1572E-02  0.1161E-02  0.1248E-04  0.4638E-04  0.1791E-02  0.6137E-02  0.1501E-03  0.9770E-03  0.2596E-02  0.1342E-01  0.1408E-04  0.4406E-04
     1.660  0.2381E-02  0.2683E-02  0.1187E-02  0.6301E-03  0.2449E-02  0.4413E-03  0.1611E-02  0.1190E-02  0.1252E-04  0.4665E-04  0.1881E-02  0.6634E-02  0.1485E-03  0.9792E-03  0.2634E-02  0.1358E-01  0.1447E-04  0.4536E-04
     1.670  0.2453E-02  0.2752E-02  0.1249E-02  0.6815E-03  0.2544E-02  0.4594E-03  0.1651E-02  0.1220E-02  0.1256E-04  0.4692E-04  0.1971E-02  0.7120E-02  0.1469E-03  0.9810E-03  0.2672E-02  0.1373E-01  0.1486E-04  0.4667E-04
     1.680  0.2526E-02  0.2823E-02  0.1311E-02  0.7322E-03  0.2641E-02  0.4779E-03  0.1692E-02  0.1250E-02  0.1261E-04  0.4720E-04  0.2059E-02  0.7595E-02  0.1451E-03  0.9825E-03  0.2710E-02  0.1388E-01  0.1524E-04  0.4797E-04
     1.690  0.2601E-02  0.2895E-02  0.1373E-02  0.7824E-03  0.2739E-02  0.4967E-03  0.1733E-02  0.1280E-02  0.1265E-04  0.4749E-04  0.2145E-02  0.8058E-02  0.1432E-03  0.9837E-03  0.2749E-02  0.1402E-01  0.1562E-04  0.4927E-04
     1.701  0.2992E-02  0.2968E-02  0.1478E-02  0.8320E-03  0.3228E-02  0.5159E-03  0.2007E-02  0.1311E-02  0.1369E-04  0.4778E-04  0.2253E-02  0.8510E-02  0.1363E-03  0.9845E-03  0.3099E-02  0.1417E-01  0.1752E-04  0.5056E-04
     1.711  0.3234E-02  0.3043E-02  0.1552E-02  0.8809E-03  0.3642E-02  0.5355E-03  0.2177E-02  0.1341E-02  0.1406E-04  0.4807E-04  0.2313E-02  0.8951E-02  0.1361E-03  0.9850E-03  0.3305E-02  0.1432E-01  0.1845E-04  0.5185E-04
     1.721  0.3473E-02  0.3119E-02  0.1635E-02  0.9292E-03  0.4063E-02  0.5555E-03  0.2363E-02  0.1372E-02  0.1444E-04  0.4837E-04  0.2387E-02  0.9381E-02  0.1377E-03  0.9851E-03  0.3529E-02  0.1446E-01  0.1938E-04  0.5314E-04
     1.731  0.3603E-02  0.3196E-02  0.1626E-02  0.9770E-03  0.4351E-02  0.5759E-03  0.2465E-02  0.1402E-02  0.1472E-04  0.4868E-04  0.2350E-02  0.9799E-02  0.1439E-03  0.9849E-03  0.3641E-02  0.1461E-01  0.1951E-04  0.5442E-04
     1.741  0.3749E-02  0.3274E-02  0.1658E-02  0.1024E-02  0.4680E-02  0.5966E-03  0.2522E-02  0.1433E-02  0.1500E-04  0.4899E-04  0.2359E-02  0.1021E-01  0.1515E-03  0.9844E-03  0.3671E-02  0.1475E-01  0.1974E-04  0.5570E-04
     1.751  0.4002E-02  0.3354E-02  0.1847E-02  0.1071E-02  0.5253E-02  0.6177E-03  0.2440E-02  0.1464E-02  0.1541E-04  0.4930E-04  0.2534E-02  0.1060E-01  0.1682E-03  0.9835E-03  0.3446E-02  0.1489E-01  0.2007E-04  0.5698E-04
     1.761  0.4168E-02  0.3917E-02  0.1896E-02  0.1135E-02  0.5722E-02  0.7431E-03  0.2494E-02  0.1657E-02  0.1556E-04  0.5403E-04  0.2556E-02  0.1084E-01  0.1867E-03  0.1036E-02  0.3460E-02  0.1634E-01  0.1999E-04  0.6538E-04
     1.771  0.4330E-02  0.4216E-02  0.1907E-02  0.1207E-02  0.6366E-02  0.8345E-03  0.2584E-02  0.1781E-02  0.1529E-04  0.5533E-04  0.2525E-02  0.1115E-01  0.2199E-03  0.1031E-02  0.3499E-02  0.1719E-01  0.1940E-04  0.6845E-04
     1.781  0.4632E-02  0.4517E-02  0.1916E-02  0.1297E-02  0.7495E-02  0.9309E-03  0.2659E-02  0.1923E-02  0.1503E-04  0.5654E-04  0.2485E-02  0.1162E-01  0.2963E-03  0.1023E-02  0.3535E-02  0.1818E-01  0.1895E-04  0.7111E-04
     1.791  0.5253E-02  0.4585E-02  0.2212E-02  0.1353E-02  0.8809E-02  0.9913E-03  0.3124E-02  0.2011E-02  0.1596E-04  0.5559E-04  0.2805E-02  0.1173E-01  0.3537E-03  0.9774E-03  0.4035E-02  0.1870E-01  0.2029E-04  0.7009E-04
     1.801  0.5707E-02  0.4659E-02  0.2445E-02  0.1426E-02  0.9968E-02  0.1066E-02  0.3451E-02  0.2121E-02  0.1607E-04  0.5673E-04  0.3023E-02  0.1194E-01  0.4055E-03  0.9233E-03  0.4372E-02  0.1932E-01  0.2027E-04  0.6897E-04
     1.811  0.6471E-02  0.4701E-02  0.2852E-02  0.1417E-02  0.1168E-01  0.1114E-02  0.4261E-02  0.2198E-02  0.1761E-04  0.5628E-04  0.3443E-02  0.1165E-01  0.4936E-03  0.8944E-03  0.5281E-02  0.1972E-01  0.2095E-04  0.6778E-04
     1.821  0.6169E-02  0.4807E-02  0.2763E-02  0.1360E-02  0.1150E-01  0.1259E-02  0.3974E-02  0.1895E-02  0.1549E-04  0.5215E-04  0.3287E-02  0.1087E-01  0.5100E-03  0.8079E-03  0.4881E-02  0.1573E-01  0.1909E-04  0.6651E-04
     1.831  0.5862E-02  0.4857E-02  0.2660E-02  0.1352E-02  0.1129E-01  0.1318E-02  0.3675E-02  0.1945E-02  0.1349E-04  0.5160E-04  0.3118E-02  0.1058E-01  0.5237E-03  0.7763E-03  0.4469E-02  0.1587E-01  0.1733E-04  0.6534E-04
     1.841  0.5550E-02  0.4913E-02  0.2544E-02  0.1350E-02  0.1105E-01  0.1378E-02  0.3362E-02  0.1994E-02  0.1162E-04  0.5113E-04  0.2935E-02  0.1035E-01  0.5346E-03  0.7454E-03  0.4045E-02  0.1600E-01  0.1566E-04  0.6421E-04
     1.851  0.5232E-02  0.5029E-02  0.2415E-02  0.1377E-02  0.1079E-01  0.1454E-02  0.3035E-02  0.2068E-02  0.9873E-05  0.5120E-04  0.2739E-02  0.1034E-01  0.5429E-03  0.7234E-03  0.3608E-02  0.1631E-01  0.1409E-04  0.6407E-04
     1.861  0.4909E-02  0.5872E-02  0.2273E-02  0.1615E-02  0.1050E-01  0.1840E-02  0.2695E-02  0.2558E-02  0.8251E-05  0.5149E-04  0.2529E-02  0.1177E-01  0.5483E-03  0.6977E-03  0.3159E-02  0.1927E-01  0.1262E-04  0.6619E-04
     1.871  0.4580E-02  0.7040E-02  0.2118E-02  0.1895E-02  0.1018E-01  0.2347E-02  0.2341E-02  0.3299E-02  0.6755E-05  0.5634E-04  0.2305E-02  0.1339E-01  0.5511E-03  0.6713E-03  0.2698E-02  0.2407E-01  0.1124E-04  0.7090E-04
     1.881  0.4804E-02  0.6562E-02  0.2214E-02  0.1857E-02  0.1080E-01  0.2256E-02  0.2412E-02  0.3082E-02  0.6732E-05  0.4938E-04  0.2385E-02  0.1292E-01  0.5904E-03  0.5967E-03  0.2754E-02  0.2228E-01  0.1134E-04  0.6428E-04
     1.891  0.5104E-02  0.6066E-02  0.2347E-02  0.1815E-02  0.1156E-01  0.2153E-02  0.2535E-02  0.2857E-02  0.6881E-05  0.4291E-04  0.2509E-02  0.1242E-01  0.6357E-03  0.5272E-03  0.2875E-02  0.2046E-01  0.1160E-04  0.5807E-04
     1.901  0.5409E-02  0.5553E-02  0.2485E-02  0.1767E-02  0.1234E-01  0.2036E-02  0.2658E-02  0.2626E-02  0.7024E-05  0.3692E-04  0.2637E-02  0.1190E-01  0.6823E-03  0.4627E-03  0.2993E-02  0.1861E-01  0.1185E-04  0.5228E-04
     1.911  0.5721E-02  0.5023E-02  0.2627E-02  0.1715E-02  0.1313E-01  0.1907E-02  0.2779E-02  0.2386E-02  0.7160E-05  0.3141E-04  0.2770E-02  0.1135E-01  0.7301E-03  0.4033E-03  0.3108E-02  0.1673E-01  0.1209E-04  0.4690E-04
     1.921  0.6038E-02  0.4474E-02  0.2774E-02  0.1657E-02  0.1395E-01  0.1766E-02  0.2899E-02  0.2139E-02  0.7289E-05  0.2638E-04  0.2908E-02  0.1078E-01  0.7793E-03  0.3490E-03  0.3220E-02  0.1481E-01  0.1231E-04  0.4194E-04
     1.931  0.2799E-01  0.3909E-02  0.1502E-01  0.1595E-02  0.6052E-01  0.1611E-02  0.1020E-01  0.1884E-02  0.1871E-04  0.2184E-04  0.1567E-01  0.1017E-01  0.2883E-02  0.2997E-03  0.1092E-01  0.1285E-01  0.3094E-04  0.3739E-04
     1.941  0.1358E-01  0.3896E-02  0.6513E-02  0.1640E-02  0.3178E-01  0.1644E-02  0.4774E-02  0.1883E-02  0.1064E-04  0.2095E-04  0.6714E-02  0.1034E-01  0.1781E-02  0.2868E-03  0.5050E-02  0.1272E-01  0.1676E-04  0.3664E-04
     1.951  0.1343E-01  0.4078E-02  0.5657E-02  0.1726E-02  0.3241E-01  0.1745E-02  0.4316E-02  0.1969E-02  0.9997E-05  0.2120E-04  0.5733E-02  0.1078E-01  0.1822E-02  0.2848E-03  0.4479E-02  0.1321E-01  0.1480E-04  0.3708E-04
     1.961  0.1548E-01  0.4264E-02  0.6340E-02  0.1814E-02  0.3774E-01  0.1848E-02  0.4464E-02  0.2055E-02  0.1063E-04  0.2145E-04  0.6371E-02  0.1124E-01  0.2123E-02  0.2825E-03  0.4562E-02  0.1368E-01  0.1548E-04  0.3747E-04
     1.971  0.1684E-01  0.4454E-02  0.6736E-02  0.1905E-02  0.4149E-01  0.1954E-02  0.4513E-02  0.2139E-02  0.1117E-04  0.2170E-04  0.6713E-02  0.1171E-01  0.2352E-02  0.2799E-03  0.4543E-02  0.1413E-01  0.1509E-04  0.3783E-04
     1.981  0.1263E-01  0.1672E-01  0.5336E-02  0.7750E-02  0.3209E-01  0.7314E-02  0.3844E-02  0.5335E-02  0.1052E-04  0.4055E-04  0.5242E-02  0.4689E-01  0.1894E-02  0.5055E-03  0.3811E-02  0.3373E-01  0.9397E-05  0.6600E-04
     1.991  0.6295E-02  0.1450E-01  0.3025E-02  0.8944E-02  0.1724E-01  0.6514E-02  0.1935E-02  0.6019E-02  0.6491E-05  0.4877E-04  0.2932E-02  0.5374E-01  0.1119E-02  0.4942E-03  0.1853E-02  0.3748E-01  0.6328E-05  0.7215E-04
     2.001  0.7003E-02  0.9214E-02  0.3299E-02  0.3795E-02  0.1925E-01  0.4375E-02  0.2051E-02  0.3321E-02  0.6740E-05  0.3012E-04  0.3178E-02  0.2234E-01  0.1252E-02  0.2926E-03  0.1944E-02  0.2036E-01  0.6654E-05  0.4374E-04
     2.011  0.7815E-02  0.1078E-01  0.3605E-02  0.4380E-02  0.2153E-01  0.5182E-02  0.2202E-02  0.3464E-02  0.7017E-05  0.3293E-04  0.3451E-02  0.2550E-01  0.1401E-02  0.3008E-03  0.2071E-02  0.2085E-01  0.6975E-05  0.4661E-04
     2.021  0.9596E-02  0.1246E-01  0.4039E-02  0.4930E-02  0.2683E-01  0.6049E-02  0.2544E-02  0.3586E-02  0.7147E-05  0.3564E-04  0.3809E-02  0.2843E-01  0.1763E-02  0.3088E-03  0.2360E-02  0.2121E-01  0.7466E-05  0.4972E-04
     2.031  0.1335E-01  0.1244E-01  0.4758E-02  0.4890E-02  0.3852E-01  0.6134E-02  0.3438E-02  0.3511E-02  0.7593E-05  0.3718E-04  0.4369E-02  0.2795E-01  0.2594E-02  0.2969E-03  0.3132E-02  0.2046E-01  0.8360E-05  0.4386E-04
     2.041  0.1681E-01  0.6255E-02  0.5722E-02  0.3066E-02  0.5049E-01  0.3181E-02  0.4499E-02  0.2324E-02  0.7431E-05  0.2795E-04  0.5083E-02  0.1725E-01  0.3554E-02  0.2216E-03  0.4010E-02  0.1338E-01  0.9473E-05  0.2252E-04
     2.051  0.1975E-01  0.4578E-02  0.7759E-02  0.2194E-02  0.6201E-01  0.2426E-02  0.6132E-02  0.1575E-02  0.9058E-05  0.2199E-04  0.6712E-02  0.1227E-01  0.4573E-02  0.1782E-03  0.5398E-02  0.8869E-02  0.1057E-04  0.2097E-04
     2.061  0.1527E-01  0.5136E-02  0.5249E-02  0.2407E-02  0.5087E-01  0.2739E-02  0.4570E-02  0.1694E-02  0.6613E-05  0.2308E-04  0.4444E-02  0.1335E-01  0.3950E-02  0.1849E-03  0.3987E-02  0.9443E-02  0.7417E-05  0.2192E-04
     2.071  0.1035E-01  0.5710E-02  0.2984E-02  0.2616E-02  0.3701E-01  0.3063E-02  0.2540E-02  0.1816E-02  0.4018E-05  0.2400E-04  0.2473E-02  0.1438E-01  0.3062E-02  0.1907E-03  0.2182E-02  0.1003E-01  0.4385E-05  0.2276E-04
     2.081  0.9063E-02  0.8245E-02  0.2448E-02  0.3088E-02  0.3320E-01  0.4550E-02  0.2034E-02  0.2465E-02  0.3378E-05  0.2445E-04  0.2009E-02  0.1648E-01  0.2800E-02  0.2213E-03  0.1733E-02  0.1320E-01  0.3582E-05  0.2561E-04
     2.091  0.8542E-02  0.1089E-01  0.2273E-02  0.3721E-02  0.3146E-01  0.6144E-02  0.1939E-02  0.3374E-02  0.3228E-05  0.2515E-04  0.1859E-02  0.1931E-01  0.2662E-02  0.2657E-03  0.1648E-02  0.1766E-01  0.3378E-05  0.2940E-04
     2.101  0.8055E-02  0.1399E-01  0.2111E-02  0.5922E-02  0.2980E-01  0.8159E-02  0.1861E-02  0.5169E-02  0.3118E-05  0.2963E-04  0.1720E-02  0.2958E-01  0.2526E-02  0.3624E-03  0.1577E-02  0.2637E-01  0.3221E-05  0.3703E-04
     2.111  0.9233E-02  0.9834E-02  0.2344E-02  0.4224E-02  0.3405E-01  0.6124E-02  0.2589E-02  0.4243E-02  0.4407E-05  0.1937E-04  0.1882E-02  0.2058E-01  0.2837E-02  0.2955E-03  0.2141E-02  0.2131E-01  0.4304E-05  0.2609E-04
     2.121  0.1044E-01  0.5183E-02  0.2703E-02  0.1716E-02  0.3850E-01  0.3697E-02  0.3928E-02  0.1699E-02  0.6369E-05  0.8653E-05  0.2132E-02  0.7957E-02  0.3173E-02  0.1888E-03  0.3171E-02  0.8388E-02  0.5591E-05  0.8990E-05
     2.131  0.1117E-01  0.4969E-02  0.2986E-02  0.1628E-02  0.4159E-01  0.3565E-02  0.4175E-02  0.1642E-02  0.6771E-05  0.8382E-05  0.2317E-02  0.7523E-02  0.3439E-02  0.1831E-03  0.3327E-02  0.8089E-02  0.6211E-05  0.8664E-05
     2.141  0.1219E-01  0.4748E-02  0.3356E-02  0.1539E-02  0.4584E-01  0.3425E-02  0.4487E-02  0.1585E-02  0.7243E-05  0.8112E-05  0.2567E-02  0.7092E-02  0.3793E-02  0.1768E-03  0.3528E-02  0.7790E-02  0.7053E-05  0.8347E-05
     2.151  0.1142E-01  0.4519E-02  0.3359E-02  0.1450E-02  0.4343E-01  0.3276E-02  0.4549E-02  0.1527E-02  0.7277E-05  0.7844E-05  0.2536E-02  0.6663E-02  0.3629E-02  0.1698E-03  0.3528E-02  0.7489E-02  0.7053E-05  0.8040E-05
     2.161  0.1052E-01  0.4284E-02  0.3343E-02  0.1362E-02  0.4051E-01  0.3118E-02  0.4596E-02  0.1467E-02  0.7283E-05  0.7578E-05  0.2491E-02  0.6238E-02  0.3421E-02  0.1621E-03  0.3516E-02  0.7187E-02  0.7007E-05  0.7742E-05
     2.171  0.1032E-01  0.4923E-02  0.3695E-02  0.1501E-02  0.4145E-01  0.3550E-02  0.4944E-02  0.1742E-02  0.8101E-05  0.1000E-04  0.2711E-02  0.6744E-02  0.3613E-02  0.1578E-03  0.3721E-02  0.8286E-02  0.7352E-05  0.1161E-04
     2.181  0.1071E-01  0.6162E-02  0.4249E-02  0.1891E-02  0.4600E-01  0.4409E-02  0.5394E-02  0.3113E-02  0.9267E-05  0.1843E-04  0.3074E-02  0.8272E-02  0.4197E-02  0.1648E-03  0.3991E-02  0.1402E-01  0.7715E-05  0.2036E-04
     2.191  0.1141E-01  0.7396E-02  0.4056E-02  0.2358E-02  0.5256E-01  0.5353E-02  0.4930E-02  0.3485E-02  0.8055E-05  0.2088E-04  0.2888E-02  0.1009E-01  0.4960E-02  0.2025E-03  0.3585E-02  0.1542E-01  0.7511E-05  0.2533E-04
     2.201  0.1402E-01  0.7201E-02  0.4315E-02  0.2451E-02  0.6985E-01  0.5284E-02  0.4788E-02  0.3624E-02  0.7331E-05  0.2190E-04  0.2996E-02  0.1033E-01  0.6806E-02  0.2155E-03  0.3400E-02  0.1579E-01  0.7988E-05  0.2657E-04
     2.211  0.1857E-01  0.6939E-02  0.5073E-02  0.2538E-02  0.9699E-01  0.5162E-02  0.4920E-02  0.3744E-02  0.8376E-05  0.2284E-04  0.3469E-02  0.1055E-01  0.9717E-02  0.2264E-03  0.3456E-02  0.1606E-01  0.9562E-05  0.2772E-04
     2.221  0.2039E-01  0.6420E-02  0.4883E-02  0.2538E-02  0.1100E+00  0.4841E-02  0.4525E-02  0.3594E-02  0.8766E-05  0.2221E-04  0.3312E-02  0.1040E-01  0.1118E-01  0.2221E-03  0.3133E-02  0.1524E-01  0.9239E-05  0.2664E-04
     2.231  0.2441E-01  0.5936E-02  0.4888E-02  0.2585E-02  0.1360E+00  0.4555E-02  0.4447E-02  0.3467E-02  0.1026E-04  0.2200E-04  0.3290E-02  0.1044E-01  0.1408E-01  0.2202E-03  0.3015E-02  0.1451E-01  0.9669E-05  0.2578E-04
     2.241  0.2883E-01  0.6015E-02  0.4840E-02  0.3114E-02  0.1641E+00  0.4859E-02  0.4492E-02  0.3887E-02  0.1220E-04  0.2758E-04  0.3236E-02  0.1239E-01  0.1714E-01  0.2759E-03  0.2983E-02  0.1596E-01  0.1037E-04  0.2962E-04
     2.251  0.3002E-01  0.5892E-02  0.4496E-02  0.2968E-02  0.1746E+00  0.5095E-02  0.4161E-02  0.3350E-02  0.1306E-04  0.2349E-04  0.2978E-02  0.1154E-01  0.1841E-01  0.3176E-03  0.2716E-02  0.1342E-01  0.1063E-04  0.2835E-04
     2.261  0.2955E-01  0.7213E-02  0.4125E-02  0.3443E-02  0.1758E+00  0.6653E-02  0.3681E-02  0.3600E-02  0.1256E-04  0.2626E-04  0.2708E-02  0.1305E-01  0.1870E-01  0.4386E-03  0.2382E-02  0.1410E-01  0.9680E-05  0.3206E-04
     2.271  0.2685E-01  0.7537E-02  0.3029E-02  0.3514E-02  0.1667E+00  0.7178E-02  0.2660E-02  0.3572E-02  0.9499E-05  0.2793E-04  0.1953E-02  0.1314E-01  0.1800E-01  0.5221E-03  0.1691E-02  0.1379E-01  0.8240E-05  0.3120E-04
     2.281  0.2963E-01  0.8137E-02  0.2759E-02  0.3644E-02  0.1898E+00  0.7981E-02  0.2412E-02  0.3669E-02  0.9747E-05  0.3103E-04  0.1748E-02  0.1346E-01  0.2062E-01  0.6362E-03  0.1484E-02  0.1394E-01  0.8862E-05  0.3127E-04
     2.291  0.2832E-01  0.8856E-02  0.2525E-02  0.3776E-02  0.1846E+00  0.8876E-02  0.1941E-02  0.3813E-02  0.9293E-05  0.3486E-04  0.1576E-02  0.1378E-01  0.2018E-01  0.7462E-03  0.1179E-02  0.1428E-01  0.9556E-05  0.3182E-04
     2.301  0.2804E-01  0.9268E-02  0.2396E-02  0.3864E-02  0.1851E+00  0.9452E-02  0.1586E-02  0.3846E-02  0.9058E-05  0.3772E-04  0.1477E-02  0.1395E-01  0.2030E-01  0.8239E-03  0.9583E-03  0.1423E-01  0.1085E-04  0.3208E-04
     2.311  0.2793E-01  0.8484E-02  0.2307E-02  0.3463E-02  0.1861E+00  0.8916E-02  0.1262E-02  0.3334E-02  0.8840E-05  0.3379E-04  0.1405E-02  0.1232E-01  0.2048E-01  0.8104E-03  0.7611E-03  0.1221E-01  0.1238E-04  0.2916E-04
     2.321  0.5446E-01  0.7555E-02  0.3245E-02  0.3060E-02  0.3697E+00  0.8224E-02  0.1339E-02  0.2813E-02  0.1691E-04  0.2975E-04  0.1872E-02  0.1073E-01  0.4121E-01  0.7790E-03  0.7898E-03  0.1022E-01  0.1420E-04  0.2663E-04
     2.331  0.3613E-01  0.6909E-02  0.1970E-02  0.2763E-02  0.2571E+00  0.7773E-02  0.9743E-03  0.2347E-02  0.8880E-05  0.2678E-04  0.1099E-02  0.9539E-02  0.2896E-01  0.7578E-03  0.5703E-03  0.8468E-02  0.9503E-05  0.2569E-04
     2.341  0.4345E-01  0.6844E-02  0.2292E-02  0.2867E-02  0.3151E+00  0.7941E-02  0.1177E-02  0.2514E-02  0.1049E-04  0.2846E-04  0.1249E-02  0.9597E-02  0.3580E-01  0.7623E-03  0.6828E-03  0.8723E-02  0.9923E-05  0.2636E-04
     2.351  0.6998E-01  0.6749E-02  0.3599E-02  0.2781E-02  0.5275E+00  0.7952E-02  0.1963E-02  0.2233E-02  0.1441E-04  0.2844E-04  0.1913E-02  0.9220E-02  0.6128E-01  0.7805E-03  0.1125E-02  0.7712E-02  0.1505E-04  0.2817E-04
     2.361  0.1011E+00  0.6592E-02  0.4946E-02  0.2671E-02  0.7802E+00  0.7890E-02  0.2841E-02  0.1943E-02  0.1878E-04  0.2804E-04  0.2587E-02  0.8766E-02  0.9179E-01  0.7931E-03  0.1613E-02  0.6674E-02  0.2016E-04  0.2893E-04
     2.371  0.1268E+00  0.6315E-02  0.6013E-02  0.2501E-02  0.9968E+00  0.7686E-02  0.3620E-02  0.1627E-02  0.2319E-04  0.2676E-04  0.3108E-02  0.8111E-02  0.1183E+00  0.7885E-03  0.2041E-02  0.5558E-02  0.2352E-04  0.2804E-04
     2.381  0.1040E+00  0.5942E-02  0.3876E-02  0.2277E-02  0.8512E+00  0.7375E-02  0.2806E-02  0.1289E-02  0.1462E-04  0.2458E-04  0.1914E-02  0.7289E-02  0.1033E+00  0.7683E-03  0.1607E-02  0.4367E-02  0.1561E-04  0.2656E-04
     2.391  0.1306E+00  0.5564E-02  0.4242E-02  0.2039E-02  0.1100E+01  0.7056E-02  0.3131E-02  0.9533E-03  0.1112E-04  0.2220E-04  0.1997E-02  0.6429E-02  0.1350E+00  0.7464E-03  0.1839E-02  0.3195E-02  0.1156E-04  0.2489E-04
      2.401  0.2907E-01  0.5412E-02  0.1575E-02  0.1839E-02  0.2600E+00  0.6979E-02  0.1037E-02  0.6646E-03  0.5961E-05  0.2031E-04  0.7710E-03  0.5721E-02  0.3236E-01  0.7431E-03  0.5514E-03  0.2215E-02  0.6906E-05  0.2420E-04
      2.411  0.3492E-01  0.5443E-02  0.1799E-02  0.1775E-02  0.3186E+00  0.7129E-02  0.1166E-02  0.5582E-03  0.6944E-05  0.1937E-04  0.8672E-03  0.5463E-02  0.3966E-01  0.7636E-03  0.6134E-03  0.1835E-02  0.7460E-05  0.2359E-04
      2.421  0.3684E-01  0.6170E-02  0.1940E-02  0.1818E-02  0.3418E+00  0.9061E-02  0.1168E-02  0.5717E-03  0.6901E-05  0.1950E-04  0.9297E-03  0.5516E-02  0.4267E-01  0.1127E-02  0.6071E-03  0.1815E-02  0.7720E-05  0.2320E-04
      2.431  0.3778E-01  0.9254E-02  0.2061E-02  0.2354E-02  0.3563E+00  0.1495E-01  0.1143E-02  0.7567E-03  0.6627E-05  0.2522E-04  0.9844E-03  0.7010E-02  0.4463E-01  0.2010E-02  0.5872E-03  0.2285E-02  0.7869E-05  0.2949E-04
      2.441  0.7019E-01  0.4400E-01  0.6011E-02  0.6389E-02  0.7137E+00  0.6488E-01  0.1879E-02  0.3744E-02  0.1259E-04  0.1728E-03  0.2848E-02  0.1888E-01  0.9183E-01  0.7538E-02  0.9581E-03  0.1140E-01  0.1813E-04  0.1130E-03
      2.451  0.6783E-01  0.1472E-01  0.6020E-02  0.3964E-02  0.7044E+00  0.2692E-01  0.1869E-02  0.1696E-02  0.1162E-04  0.5420E-04  0.2822E-02  0.1126E-01  0.9031E-01  0.4004E-02  0.9355E-03  0.4921E-02  0.1774E-04  0.4261E-04
      2.461  0.3436E-01  0.1016E-01  0.2921E-02  0.3156E-02  0.3628E+00  0.2329E-01  0.1054E-02  0.8061E-03  0.7825E-05  0.2034E-04  0.1334E-02  0.8706E-02  0.4677E-01  0.4148E-02  0.5020E-03  0.2178E-02  0.9764E-05  0.2363E-04
      2.471  0.2355E-01  0.8384E-02  0.2157E-02  0.7908E-03  0.2527E+00  0.2345E-01  0.8820E-03  0.6074E-03  0.6071E-05  0.5897E-05  0.9515E-03  0.2036E-02  0.3255E-01  0.4716E-02  0.3975E-03  0.1539E-02  0.7067E-05  0.5664E-05
      2.481  0.1619E-01  0.1009E-01  0.2033E-02  0.9346E-03  0.1797E+00  0.2830E-01  0.1148E-02  0.7273E-03  0.4958E-05  0.6929E-05  0.8077E-03  0.2400E-02  0.2299E-01  0.5697E-02  0.4619E-03  0.1836E-02  0.5084E-05  0.6773E-05
      2.491  0.7217E-02  0.1183E-01  0.2220E-02  0.1075E-02  0.8397E-01  0.3327E-01  0.1514E-02  0.8484E-03  0.1815E-05  0.7953E-05  0.7921E-03  0.2751E-02  0.1076E-01  0.6706E-02  0.5548E-03  0.2134E-02  0.3179E-05  0.7869E-05
      2.501  0.8812E-02  0.1361E-01  0.2786E-02  0.1212E-02  0.1036E+00  0.3837E-01  0.1835E-02  0.9707E-03  0.2375E-05  0.8971E-05  0.9957E-03  0.3091E-02  0.1330E-01  0.7741E-02  0.6617E-03  0.2432E-02  0.3688E-05  0.8952E-05
      2.511  0.9369E-02  0.1524E-01  0.3029E-02  0.1332E-02  0.1112E+00  0.4312E-01  0.2028E-02  0.1088E-02  0.2710E-05  0.9867E-05  0.1078E-02  0.3381E-02  0.1430E-01  0.8714E-02  0.7220E-03  0.2711E-02  0.4063E-05  0.9975E-05
      2.521  0.9626E-02  0.1627E-01  0.3171E-02  0.1396E-02  0.1152E+00  0.4627E-01  0.2185E-02  0.1182E-02  0.2982E-05  0.1022E-04  0.1122E-02  0.3523E-02  0.1486E-01  0.9371E-02  0.7697E-03  0.2914E-02  0.4399E-05  0.1080E-04
      2.531  0.9677E-02  0.1685E-01  0.3294E-02  0.1405E-02  0.1168E+00  0.4798E-01  0.2345E-02  0.1231E-02  0.3226E-05  0.1029E-04  0.1159E-02  0.3519E-02  0.1511E-01  0.9717E-02  0.8176E-03  0.2993E-02  0.4776E-05  0.1116E-04
      2.541  0.9408E-02  0.1736E-01  0.3384E-02  0.1407E-02  0.1145E+00  0.4952E-01  0.2509E-02  0.1275E-02  0.3411E-05  0.1032E-04  0.1184E-02  0.3496E-02  0.1484E-01  0.1002E-01  0.8650E-03  0.3056E-02  0.5231E-05  0.1148E-04
      2.551  0.9128E-02  0.1787E-01  0.3472E-02  0.1408E-02  0.1121E+00  0.5102E-01  0.2677E-02  0.1319E-02  0.3595E-05  0.1034E-04  0.1207E-02  0.3472E-02  0.1454E-01  0.1032E-01  0.9134E-03  0.3119E-02  0.5706E-05  0.1180E-04
      2.561  0.8838E-02  0.1837E-01  0.3558E-02  0.1409E-02  0.1095E+00  0.5250E-01  0.2849E-02  0.1365E-02  0.3779E-05  0.1034E-04  0.1231E-02  0.3446E-02  0.1423E-01  0.1062E-01  0.9629E-03  0.3183E-02  0.6202E-05  0.1214E-04
      2.571  0.8536E-02  0.1887E-01  0.3642E-02  0.1409E-02  0.1068E+00  0.5396E-01  0.3027E-02  0.1410E-02  0.3962E-05  0.1033E-04  0.1253E-02  0.3419E-02  0.1389E-01  0.1091E-01  0.1013E-02  0.3246E-02  0.6719E-05  0.1249E-04
      2.581  0.8224E-02  0.1936E-01  0.3724E-02  0.1408E-02  0.1039E+00  0.5539E-01  0.3208E-02  0.1457E-02  0.4143E-05  0.1030E-04  0.1274E-02  0.3389E-02  0.1354E-01  0.1119E-01  0.1065E-02  0.3310E-02  0.7257E-05  0.1285E-04
      2.591  0.7901E-02  0.1984E-01  0.3805E-02  0.1407E-02  0.1008E+00  0.5679E-01  0.3394E-02  0.1504E-02  0.4324E-05  0.1025E-04  0.1295E-02  0.3357E-02  0.1316E-01  0.1146E-01  0.1117E-02  0.3373E-02  0.7816E-05  0.1323E-04
      2.601  0.7568E-02  0.2032E-01  0.3884E-02  0.1405E-02  0.9763E-01  0.5817E-01  0.3585E-02  0.1552E-02  0.4504E-05  0.1019E-04  0.1315E-02  0.3324E-02  0.1276E-01  0.1173E-01  0.1171E-02  0.3437E-02  0.8396E-05  0.1361E-04
      2.611  0.7129E-02  0.2079E-01  0.3930E-02  0.1402E-02  0.9316E-01  0.5952E-01  0.3790E-02  0.1600E-02  0.4736E-05  0.1012E-04  0.1321E-02  0.3289E-02  0.1219E-01  0.1199E-01  0.1227E-02  0.3501E-02  0.9025E-05  0.1402E-04
      2.621  0.6633E-02  0.2419E-01  0.3939E-02  0.1540E-02  0.8813E-01  0.6845E-01  0.4000E-02  0.1783E-02  0.5036E-05  0.1052E-04  0.1311E-02  0.3515E-02  0.1155E-01  0.1366E-01  0.1284E-02  0.3803E-02  0.9615E-05  0.1690E-04
      2.631  0.6157E-02  0.2787E-01  0.3931E-02  0.1733E-02  0.8350E-01  0.7830E-01  0.4205E-02  0.2035E-02  0.5370E-05  0.1080E-04  0.1295E-02  0.3823E-02  0.1097E-01  0.1550E-01  0.1340E-02  0.4224E-02  0.1012E-04  0.1980E-04
      2.641  0.5380E-02  0.3181E-01  0.4606E-02  0.2005E-02  0.8176E-01  0.8952E-01  0.6610E-02  0.2337E-02  0.8267E-05  0.1119E-04  0.1441E-02  0.4270E-02  0.1099E-01  0.1766E-01  0.2057E-02  0.4735E-02  0.1354E-04  0.2276E-04
      2.651  0.4105E-02  0.3694E-01  0.4641E-02  0.2426E-02  0.6705E-01  0.1055E+00  0.5422E-02  0.2708E-02  0.7258E-05  0.1175E-04  0.1343E-02  0.4973E-02  0.9069E-02  0.2088E-01  0.1644E-02  0.5370E-02  0.1336E-04  0.2624E-04
      2.661  0.3329E-02  0.3939E-01  0.5424E-02  0.2507E-02  0.6242E-01  0.1152E+00  0.4296E-02  0.2513E-02  0.6184E-05  0.1127E-04  0.1487E-02  0.4938E-02  0.8603E-02  0.2295E-01  0.1250E-02  0.4979E-02  0.1207E-04  0.2144E-04
      2.671  0.3039E-02  0.1074E+00  0.5544E-02  0.7772E-02  0.5818E-01  0.3162E+00  0.3746E-02  0.8232E-02  0.5380E-05  0.2819E-04  0.1473E-02  0.1425E-01  0.8037E-02  0.6322E-01  0.1055E-02  0.1554E-01  0.1085E-04  0.4662E-04
      2.681  0.2848E-02  0.2689E-01  0.5492E-02  0.1532E-02  0.5405E-01  0.9860E-01  0.3396E-02  0.6860E-03  0.4762E-05  0.4442E-05  0.1417E-02  0.2756E-02  0.7446E-02  0.2147E-01  0.9253E-03  0.1265E-02  0.9794E-05  0.8320E-05
      2.691  0.2656E-02  0.3324E-01  0.5403E-02  0.1940E-02  0.4965E-01  0.1239E+00  0.3081E-02  0.8787E-03  0.4193E-05  0.5314E-05  0.1350E-02  0.3427E-02  0.6811E-02  0.2706E-01  0.8066E-03  0.1564E-02  0.8734E-05  0.1003E-04
      2.701  0.2463E-02  0.3987E-01  0.5275E-02  0.2330E-02  0.4499E-01  0.1504E+00  0.2802E-02  0.1070E-02  0.3674E-05  0.6165E-05  0.1273E-02  0.4061E-02  0.6131E-02  0.3294E-01  0.6984E-03  0.1858E-02  0.7669E-05  0.1166E-04
      2.711  0.2268E-02  0.4678E-01  0.5109E-02  0.2703E-02  0.4007E-01  0.1782E+00  0.2560E-02  0.1261E-02  0.3205E-05  0.6994E-05  0.1185E-02  0.4659E-02  0.5407E-02  0.3909E-01  0.6008E-03  0.2147E-02  0.6599E-05  0.1321E-04
      2.721  0.2072E-02  0.6424E-01  0.4905E-02  0.3119E-02  0.3488E-01  0.2440E+00  0.2352E-02  0.1492E-02  0.2786E-05  0.8471E-05  0.1087E-02  0.5271E-02  0.4640E-02  0.5348E-01  0.5138E-03  0.2502E-02  0.5523E-05  0.1506E-04
      2.731  0.1957E-02  0.9848E-01  0.5052E-02  0.3612E-02  0.3258E-01  0.3715E+00  0.2389E-02  0.1778E-02  0.2725E-05  0.1075E-04  0.1086E-02  0.5932E-02  0.4299E-02  0.8139E-01  0.4984E-03  0.2938E-02  0.5293E-05  0.1760E-04
      2.741  0.1913E-02  0.1377E+00  0.5544E-02  0.4140E-02  0.3302E-01  0.5208E+00  0.2623E-02  0.2053E-02  0.2955E-05  0.1263E-04  0.1179E-02  0.6683E-02  0.4366E-02  0.1146E+00  0.5404E-03  0.3343E-02  0.5826E-05  0.2096E-04
      2.751  0.1867E-02  0.1222E+00  0.6044E-02  0.4306E-02  0.3340E-01  0.4708E+00  0.2861E-02  0.2156E-02  0.3188E-05  0.1178E-04  0.1273E-02  0.6984E-02  0.4426E-02  0.1038E+00  0.5829E-03  0.3456E-02  0.6364E-05  0.2099E-04
      2.761  0.1819E-02  0.1134E+00  0.6551E-02  0.4513E-02  0.3374E-01  0.4481E+00  0.3104E-02  0.2561E-02  0.3425E-05  0.1232E-04  0.1367E-02  0.7290E-02  0.4479E-02  0.9923E-01  0.6259E-03  0.4002E-02  0.6907E-05  0.2281E-04
      2.771  0.1769E-02  0.1091E+00  0.7066E-02  0.4430E-02  0.3402E-01  0.4460E+00  0.3350E-02  0.3152E-02  0.3665E-05  0.1399E-04  0.1462E-02  0.6990E-02  0.4526E-02  0.9953E-01  0.6695E-03  0.4789E-02  0.7454E-05  0.2254E-04
      2.781  0.1716E-02  0.1098E+00  0.7588E-02  0.4193E-02  0.3426E-01  0.4575E+00  0.3602E-02  0.3217E-02  0.3909E-05  0.1438E-04  0.1557E-02  0.6531E-02  0.4567E-02  0.1027E+00  0.7136E-03  0.4850E-02  0.8007E-05  0.2064E-04
      2.791  0.1544E-02  0.1868E+00  0.1116E-01  0.5772E-02  0.3424E-01  0.7939E+00  0.4797E-02  0.4714E-02  0.4970E-05  0.2679E-04  0.2138E-02  0.8417E-02  0.4603E-02  0.1782E+00  0.9023E-03  0.7030E-02  0.1089E-04  0.2200E-04
      2.801  0.1147E-02  0.9294E-01  0.1697E-01  0.3413E-02  0.3351E-01  0.4070E+00  0.7390E-02  0.2452E-02  0.6876E-05  0.1306E-04  0.2983E-02  0.4969E-02  0.4578E-02  0.9240E-01  0.1283E-02  0.3600E-02  0.1566E-04  0.1536E-04
      2.811  0.8914E-03  0.6472E-01  0.2109E-01  0.2607E-02  0.3654E-01  0.2909E+00  0.1008E-01  0.1895E-02  0.8777E-05  0.9497E-05  0.3463E-02  0.3766E-02  0.5011E-02  0.6674E-01  0.1653E-02  0.2746E-02  0.1912E-04  0.1219E-04
      2.821  0.7678E-03  0.5517E-01  0.2109E-01  0.2386E-02  0.3660E-01  0.2525E+00  0.1122E-01  0.1587E-02  0.9473E-05  0.7699E-05  0.3283E-02  0.3370E-02  0.5041E-02  0.5816E-01  0.1767E-02  0.2260E-02  0.1881E-04  0.1005E-04
      2.831  0.6603E-03  0.4826E-01  0.1880E-01  0.2337E-02  0.3184E-01  0.2234E+00  0.1052E-01  0.1389E-02  0.8595E-05  0.6453E-05  0.2794E-02  0.3192E-02  0.4390E-02  0.5150E-01  0.1600E-02  0.1925E-02  0.1621E-04  0.8586E-05
      2.841  0.5355E-03  0.4649E-01  0.1603E-01  0.2723E-02  0.2545E-01  0.2191E+00  0.9257E-02  0.1398E-02  0.7198E-05  0.6206E-05  0.2246E-02  0.3519E-02  0.3503E-02  0.5051E-01  0.1352E-02  0.1838E-02  0.1309E-04  0.9275E-05
      2.851  0.4242E-03  0.5335E-01  0.1341E-01  0.3919E-02  0.1966E-01  0.2598E+00  0.7979E-02  0.1774E-02  0.5809E-05  0.7419E-05  0.1735E-02  0.4728E-02  0.2699E-02  0.6000E-01  0.1106E-02  0.2177E-02  0.1016E-04  0.1289E-04
      2.861  0.3581E-03  0.6094E-01  0.1193E-01  0.5420E-02  0.1650E-01  0.3035E+00  0.6742E-02  0.2329E-02  0.4617E-05  0.9473E-05  0.1444E-02  0.6317E-02  0.2260E-02  0.7020E-01  0.8764E-03  0.2757E-02  0.8335E-05  0.1798E-04
      2.871  0.3055E-03  0.6933E-01  0.1111E-01  0.9221E-02  0.1404E-01  0.3558E+00  0.5859E-02  0.4199E-02  0.3719E-05  0.1652E-04  0.1285E-02  0.1025E-01  0.1918E-02  0.8287E-01  0.7143E-03  0.4588E-02  0.7172E-05  0.3594E-04
      2.881  0.2735E-03  0.6442E-01  0.1084E-01  0.9166E-02  0.1260E-01  0.3378E+00  0.5488E-02  0.4163E-02  0.3324E-05  0.1632E-04  0.1230E-02  0.9694E-02  0.1719E-02  0.7899E-01  0.6478E-03  0.4357E-02  0.6726E-05  0.3519E-04
      2.891  0.2508E-03  0.6103E-01  0.1086E-01  0.9047E-02  0.1186E-01  0.3260E+00  0.5439E-02  0.4149E-02  0.3252E-05  0.1583E-04  0.1221E-02  0.9154E-02  0.1619E-02  0.7640E-01  0.6318E-03  0.4199E-02  0.6724E-05  0.3303E-04
      2.901  0.2309E-03  0.5979E-01  0.1120E-01  0.9248E-02  0.1172E-01  0.3303E+00  0.5642E-02  0.4570E-02  0.3420E-05  0.1677E-04  0.1250E-02  0.8835E-02  0.1605E-02  0.7769E-01  0.6482E-03  0.4442E-02  0.7052E-05  0.3205E-04
      2.911  0.2117E-03  0.6177E-01  0.1172E-01  0.9405E-02  0.1174E-01  0.3511E+00  0.6021E-02  0.4998E-02  0.3860E-05  0.1847E-04  0.1300E-02  0.8656E-02  0.1616E-02  0.8288E-01  0.6866E-03  0.4731E-02  0.7571E-05  0.3164E-04
      2.921  0.1938E-03  0.5366E-01  0.1263E-01  0.8797E-02  0.1218E-01  0.3097E+00  0.6922E-02  0.4668E-02  0.4918E-05  0.1671E-04  0.1398E-02  0.7778E-02  0.1696E-02  0.7325E-01  0.7902E-03  0.4217E-02  0.8565E-05  0.2796E-04
      2.931  0.1761E-03  0.3379E-01  0.1423E-01  0.6584E-02  0.1347E-01  0.1950E+00  0.8310E-02  0.3257E-02  0.6115E-05  0.9621E-05  0.1575E-02  0.5375E-02  0.1893E-02  0.4608E-01  0.9537E-03  0.2604E-02  0.1010E-04  0.1740E-04
      2.941  0.1580E-03  0.2666E-01  0.1619E-01  0.5717E-02  0.1466E-01  0.1540E+00  0.9880E-02  0.3053E-02  0.6863E-05  0.8189E-05  0.1767E-02  0.4455E-02  0.2065E-02  0.3645E-01  0.1096E-02  0.2365E-02  0.1163E-04  0.1406E-04
      2.951  0.1382E-03  0.2366E-01  0.1819E-01  0.5587E-02  0.1514E-01  0.1368E+00  0.1150E-01  0.2940E-02  0.6888E-05  0.7679E-05  0.1910E-02  0.4300E-02  0.2117E-02  0.3237E-01  0.1157E-02  0.2245E-02  0.1251E-04  0.1352E-04
      2.961  0.1166E-03  0.2110E-01  0.2041E-01  2.9616E-02  0.1530E-01  0.1228E+00  0.1274E-01  0.2995E-02  0.6657E-05  0.8075E-05  0.1963E-02  0.4333E-02  0.2119E-02  0.2906E-01  0.1145E-02  0.2282E-02  0.1220E-04  0.1400E-04
      2.971  0.9598E-04  0.1902E-01  0.2230E-01  0.6006E-02  0.1539E-01  0.1130E+00  0.1379E-01  0.3423E-02  0.6567E-05  0.1057E-04  0.2072E-02  0.4601E-02  0.2125E-02  0.2682E-01  0.1150E-02  0.2660E-02  0.1283E-04  0.1690E-04
      2.981  0.7192E-04  0.1733E-01  0.2125E-01  0.6546E-02  0.1328E-01  0.1060E+00  0.1453E-01  0.3964E-02  0.6043E-05  0.1330E-04  0.1824E-02  0.5029E-02  0.1844E-02  0.2528E-01  0.1017E-02  0.3136E-02  0.1187E-04  0.2018E-04
      2.991  0.4787E-04  0.1575E-01  0.1805E-01  0.7221E-02  0.9371E-02  0.9976E-01  0.1597E-01  0.4545E-02  0.5065E-05  0.1594E-04  0.1267E-02  0.5538E-02  0.1335E-02  0.2393E-01  0.8393E-03  0.3640E-02  0.8705E-05  0.2353E-04
      3.001  0.4554E-04  0.1446E-01  0.1795E-01  0.8103E-02  0.8936E-02  0.9583E-01  0.1617E-01  0.5154E-02  0.4887E-05  0.1751E-04  0.1216E-02  0.6171E-02  0.1274E-02  0.2311E-01  0.8063E-03  0.4065E-02  0.8377E-05  0.2639E-04
      3.011  0.4328E-04  0.1288E-01  0.1785E-01  0.8605E-02  0.8506E-02  0.8984E-01  0.1637E-01  0.5529E-02  0.4709E-05  0.1731E-04  0.1164E-02  0.6267E-02  0.1215E-02  0.2177E-01  0.7729E-03  0.4172E-02  0.8051E-05  0.2614E-04
      3.021  0.4110E-04  0.1158E-01  0.1772E-01  0.9344E-02  0.8082E-02  0.8595E-01  0.1655E-01  0.5781E-02  0.4532E-05  0.1749E-04  0.1112E-02  0.6579E-02  0.1156E-02  0.2095E-01  0.7390E-03  0.4199E-02  0.7725E-05  0.2647E-04
      3.031  0.3899E-04  0.1056E-01  0.1759E-01  0.1030E-01  0.7663E-02  0.8443E-01  0.1672E-01  0.6163E-02  0.4353E-05  0.1838E-04  0.1060E-02  0.7090E-02  0.1099E-02  0.2072E-01  0.7047E-03  0.4326E-02  0.7399E-05  0.2812E-04
      3.041  0.3696E-04  0.8075E-02  0.1745E-01  0.9705E-02  0.7251E-02  0.6800E-01  0.1688E-01  0.5617E-02  0.4175E-05  0.1519E-04  0.1008E-02  0.6331E-02  0.1042E-02  0.1680E-01  0.6698E-03  0.3576E-02  0.7075E-05  0.2582E-04
      3.051  0.3499E-04  0.5701E-02  0.1729E-01  0.7774E-02  0.6843E-02  0.4832E-01  0.1703E-01  0.4899E-02  0.3996E-05  0.1290E-04  0.9554E-03  0.4537E-02  0.9857E-03  0.1201E-01  0.6345E-03  0.2825E-02  0.6751E-05  0.1984E-04
      3.061  0.3310E-04  0.5317E-02  0.1713E-01  0.7686E-02  0.6442E-02  0.4550E-01  0.1717E-01  0.4923E-02  0.3818E-05  0.1240E-04  0.9025E-03  0.4356E-02  0.9305E-03  0.1133E-01  0.5988E-03  0.2710E-02  0.6427E-05  0.1897E-04
      3.071  0.3128E-04  0.4986E-02  0.1695E-01  0.7632E-02  0.6046E-02  0.4312E-01  0.1729E-01  0.4960E-02  0.3639E-05  0.1193E-04  0.8494E-03  0.4207E-02  0.8762E-03  0.1075E-01  0.5625E-03  0.2606E-02  0.6104E-05  0.1823E-04
      3.081  0.2954E-04  0.4663E-02  0.1676E-01  0.7574E-02  0.5656E-02  0.4079E-01  0.1741E-01  0.4996E-02  0.3459E-05  0.1146E-04  0.7960E-03  0.4057E-02  0.8227E-03  0.1019E-01  0.5258E-03  0.2501E-02  0.5782E-05  0.1750E-04
      3.091  0.2857E-04  0.4346E-02  0.1673E-01  0.7511E-02  0.5326E-02  0.3850E-01  0.1763E-01  0.5029E-02  0.3336E-05  0.1099E-04  0.7580E-03  0.3905E-02  0.7776E-03  0.9639E-02  0.4993E-03  0.2395E-02  0.5567E-05  0.1677E-04
      3.102  0.2812E-04  0.4036E-02  0.1681E-01  0.7443E-02  0.5036E-02  0.3624E-01  0.1794E-01  0.5061E-02  0.3252E-05  0.1052E-04  0.7308E-03  0.3751E-02  0.7382E-03  0.9096E-02  0.4799E-03  0.2288E-02  0.5427E-05  0.1603E-04
      3.112  0.2770E-04  0.3734E-02  0.1688E-01  0.7371E-02  0.4748E-02  0.3404E-01  0.1824E-01  0.5091E-02  0.3170E-05  0.1005E-04  0.7036E-03  0.3596E-02  0.6993E-03  0.8564E-02  0.4603E-03  0.2180E-02  0.5291E-05  0.1530E-04
      3.122  0.2731E-04  0.3439E-02  0.1695E-01  0.7294E-02  0.4464E-02  0.3187E-01  0.1854E-01  0.5120E-02  0.3089E-05  0.9579E-05  0.6767E-03  0.3439E-02  0.6607E-03  0.8042E-02  0.4405E-03  0.2070E-02  0.5159E-05  0.1458E-04
      3.132  0.2694E-04  0.3151E-02  0.1701E-01  0.7212E-02  0.4182E-02  0.2974E-01  0.1882E-01  0.5147E-02  0.3009E-05  0.9112E-05  0.6498E-03  0.3280E-02  0.6226E-03  0.7529E-02  0.4205E-03  0.1959E-02  0.5030E-05  0.1385E-04
      3.142  0.2661E-04  0.2870E-02  0.1707E-01  0.7125E-02  0.3903E-02  0.2766E-01  0.1911E-01  0.5172E-02  0.2931E-05  0.8645E-05  0.6231E-03  0.3119E-02  0.5849E-03  0.7027E-02  0.4003E-03  0.1847E-02  0.4905E-05  0.1312E-04
      3.152  0.2631E-04  0.2596E-02  0.1713E-01  0.7034E-02  0.3626E-02  0.2562E-01  0.1939E-01  0.5195E-02  0.2854E-05  0.8179E-05  0.5965E-03  0.2957E-02  0.5477E-03  0.6534E-02  0.3800E-03  0.1734E-02  0.4784E-05  0.1240E-04
      3.162  0.2605E-04  0.2329E-02  0.1718E-01  0.6937E-02  0.3353E-02  0.2362E-01  0.1966E-01  0.5216E-02  0.2778E-05  0.7713E-05  0.5700E-03  0.2792E-02  0.5109E-03  0.6052E-02  0.3595E-03  0.1620E-02  0.4667E-05  0.1168E-04
      3.172  0.2630E-04  0.2120E-02  0.1756E-01  0.6886E-02  0.3119E-02  0.2198E-01  0.2020E-01  0.5274E-02  0.2785E-05  0.7337E-05  0.5538E-03  0.2659E-02  0.4797E-03  0.5654E-02  0.3471E-03  0.1527E-02  0.4606E-05  0.1109E-04
      3.182  0.2731E-04  0.2001E-02  0.1890E-01  0.6916E-02  0.3082E-02  0.2089E-01  0.2141E-01  0.5397E-02  0.2928E-05  0.7116E-05  0.5691E-03  0.2582E-02  0.4751E-03  0.5389E-02  0.3562E-03  0.1474E-02  0.4760E-05  0.1073E-04
      3.192  0.2868E-04  0.1884E-02  0.2079E-01  0.6945E-02  0.3070E-02  0.1981E-01  0.2281E-01  0.5520E-02  0.3135E-05  0.6901E-05  0.5996E-03  0.2504E-02  0.4748E-03  0.5126E-02  0.3691E-03  0.1420E-02  0.5028E-05  0.1038E-04
      3.202  0.3011E-04  0.1768E-02  0.2277E-01  0.6973E-02  0.3058E-02  0.1874E-01  0.2424E-01  0.5645E-02  0.3345E-05  0.6692E-05  0.6315E-03  0.2425E-02  0.4746E-03  0.4866E-02  0.3822E-03  0.1367E-02  0.5299E-05  0.1004E-04
      3.212  0.3498E-04  0.1655E-02  0.2567E-01  0.6999E-02  0.3205E-02  0.1769E-01  0.2741E-01  0.5771E-02  0.3941E-05  0.6490E-05  0.6838E-03  0.2347E-02  0.5062E-03  0.4608E-02  0.4270E-03  0.1314E-02  0.5864E-05  0.9712E-05
      3.222  0.4586E-04  0.1544E-02  0.3044E-01  0.7024E-02  0.3642E-02  0.1664E-01  0.3378E-01  0.5899E-02  0.5187E-05  0.6294E-05  0.7801E-03  0.2269E-02  0.5940E-03  0.4353E-02  0.5305E-03  0.1261E-02  0.7002E-05  0.9388E-05
      3.232  0.5801E-04  0.1438E-02  0.3672E-01  0.7131E-02  0.4120E-02  0.1565E-01  0.4238E-01  0.6075E-02  0.6486E-05  0.6242E-05  0.8926E-03  0.2216E-02  0.6837E-03  0.4111E-02  0.6434E-03  0.1225E-02  0.8492E-05  0.9156E-05
      3.242  0.7029E-04  0.1367E-02  0.4363E-01  0.7500E-02  0.4604E-02  0.1513E-01  0.5173E-01  0.6390E-02  0.7766E-05  0.6424E-05  0.1015E-02  0.2258E-02  0.7717E-03  0.3987E-02  0.7606E-03  0.1246E-02  0.1011E-04  0.9255E-05
      3.252  0.8247E-04  0.1314E-02  0.5042E-01  0.8010E-02  0.5073E-02  0.1486E-01  0.6146E-01  0.6768E-02  0.8984E-05  0.6715E-05  0.1127E-02  0.2354E-02  0.8556E-03  0.3931E-02  0.8804E-03  0.1294E-02  0.1171E-04  0.9542E-05
      3.262  0.9459E-04  0.1261E-02  0.5725E-01  0.8548E-02  0.5532E-02  0.1460E-01  0.7160E-01  0.7167E-02  0.1015E-04  0.7054E-05  0.1234E-02  0.2457E-02  0.9362E-03  0.3877E-02  0.1004E-02  0.1348E-02  0.1334E-04  0.9860E-05
      3.272  0.9892E-04  0.1215E-02  0.5757E-01  0.9631E-02  0.5476E-02  0.1479E-01  0.8299E-01  0.8199E-02  0.1022E-04  0.9092E-05  0.1169E-02  0.2721E-02  0.9033E-03  0.3963E-02  0.9928E-03  0.1571E-02  0.1287E-04  0.1133E-04
      3.282  0.1018E-03  0.1169E-02  0.5930E-01  0.1101E-01  0.5309E-02  0.1505E-01  0.8891E-01  0.9599E-02  0.1041E-04  0.1117E-04  0.1137E-02  0.3025E-02  0.8617E-03  0.4067E-02  0.1006E-02  0.1838E-02  0.1299E-04  0.1310E-04
      3.292  0.9383E-04  0.1124E-02  0.6077E-01  0.1268E-01  0.3892E-02  0.1536E-01  0.8794E-01  0.1135E-01  0.8683E-05  0.1329E-04  0.1083E-02  0.3367E-02  0.6007E-03  0.4186E-02  0.8301E-03  0.2147E-02  0.1167E-04  0.1515E-04
      3.302  0.1115E-03  0.1080E-02  0.6928E-01  0.1445E-01  0.3732E-02  0.1572E-01  0.1040E+00  0.1319E-01  0.9143E-05  0.1540E-04  0.1102E-02  0.3732E-02  0.5555E-03  0.4318E-02  0.8554E-03  0.2476E-02  0.1211E-04  0.1730E-04
      3.312  0.1743E-03  0.1050E-02  0.1059E+00  0.1633E-01  0.5366E-02  0.1620E-01  0.1329E+00  0.1513E-01  0.1529E-04  0.1752E-04  0.1666E-02  0.4135E-02  0.7822E-03  0.4480E-02  0.1162E-02  0.2828E-02  0.2020E-04  0.1956E-04
      3.322  0.2026E-03  0.1034E-02  0.1094E+00  0.1834E-01  0.6285E-02  0.1679E-01  0.1403E+00  0.1716E-01  0.1722E-04  0.1964E-04  0.1492E-02  0.4574E-02  0.7840E-03  0.4671E-02  0.1030E-02  0.3203E-02  0.2410E-04  0.2193E-04
      3.332  0.1746E-03  0.1017E-02  0.8572E-01  0.2044E-01  0.4709E-02  0.1743E-01  0.1339E+00  0.1929E-01  0.1267E-04  0.2175E-04  0.8766E-03  0.5037E-02  0.5621E-03  0.4873E-02  0.7172E-03  0.3597E-02  0.1807E-04  0.2439E-04
      3.342  0.1474E-03  0.9736E-03  0.6786E-01  0.2123E-01  0.2937E-02  0.1752E-01  0.1307E+00  0.2198E-01  0.8109E-05  0.2117E-04  0.3767E-03  0.4911E-02  0.3496E-03  0.4889E-02  0.4635E-03  0.3754E-02  0.1093E-04  0.2322E-04
      3.352  0.1525E-03  0.8490E-03  0.6968E-01  0.2165E-01  0.2368E-02  0.1579E-01  0.1392E+00  0.2335E-01  0.7470E-05  0.1995E-04  0.2612E-03  0.4695E-02  0.2965E-03  0.4395E-02  0.4073E-03  0.3632E-02  0.8790E-05  0.2152E-04
      3.362  0.1683E-03  0.6773E-03  0.7786E-01  0.2236E-01  0.2426E-02  0.1158E-01  0.1521E+00  0.2556E-01  0.8152E-05  0.1474E-04  0.2686E-03  0.4514E-02  0.2949E-03  0.3156E-02  0.4166E-03  0.3107E-02  0.9368E-05  0.2004E-04
      3.372  0.1845E-03  0.6182E-03  0.8633E-01  0.2603E-01  0.2478E-02  0.1090E-01  0.1653E+00  0.2968E-01  0.8852E-05  0.1638E-04  0.2758E-03  0.5050E-02  0.2925E-03  0.2961E-02  0.4254E-03  0.3619E-02  0.9943E-05  0.2204E-04
      3.382  0.2011E-03  0.5717E-03  0.9510E-01  0.2981E-01  0.2524E-02  0.1044E-01  0.1789E+00  0.3356E-01  0.9571E-05  0.1852E-04  0.2830E-03  0.5618E-02  0.2891E-03  0.2824E-02  0.4340E-03  0.4069E-02  0.1052E-04  0.2382E-04
      3.392  0.2335E-03  0.6035E-03  0.1056E+00  0.6855E-01  0.2532E-02  0.1558E-01  0.2044E+00  0.5877E-01  0.1051E-04  0.5631E-04  0.2914E-03  0.1485E-01  0.2770E-03  0.4725E-02  0.4426E-03  0.9915E-02  0.1108E-04  0.5169E-04
      3.402  0.3955E-03  0.4900E-03  0.1893E+00  0.3850E-01  0.3385E-02  0.8478E-02  0.4156E+00  0.4692E-01  0.2029E-04  0.1848E-04  0.4504E-03  0.6658E-02  0.3969E-03  0.2361E-02  0.5354E-03  0.6121E-02  0.2002E-04  0.2537E-04
      3.412  0.5958E-03  0.4282E-03  0.2340E+00  0.2349E-01  0.4537E-02  0.6429E-02  0.6303E+00  0.3713E-01  0.3021E-04  0.9894E-05  0.5439E-03  0.2565E-02  0.5029E-03  0.1752E-02  0.7510E-03  0.3154E-02  0.2686E-04  0.1467E-04
      3.422  0.7232E-03  0.4028E-03  0.2574E+00  0.2149E-01  0.5809E-02  0.5943E-02  0.5787E+00  0.3676E-01  0.2820E-04  0.8650E-05  0.4262E-03  0.1758E-02  0.5944E-03  0.1603E-02  0.7028E-03  0.2530E-02  0.2324E-04  0.1292E-04
      3.432  0.1102E-02  0.3869E-03  0.5311E+00  0.2312E-01  0.9681E-02  0.5778E-02  0.7839E+00  0.3947E-01  0.4110E-04  0.9088E-05  0.6521E-03  0.1845E-02  0.8445E-03  0.1552E-02  0.8863E-03  0.2654E-02  0.3834E-04  0.1359E-04
      3.442  0.1237E-02  0.3713E-03  0.5360E+00  0.2479E-01  0.9939E-02  0.5612E-02  0.9247E+00  0.4224E-01  0.4826E-04  0.9533E-05  0.6087E-03  0.1934E-02  0.8761E-03  0.1501E-02  0.9843E-03  0.2780E-02  0.3720E-04  0.1427E-04
      3.452  0.9831E-03  0.3562E-03  0.4602E+00  0.2649E-01  0.7879E-02  0.5445E-02  0.7581E+00  0.4506E-01  0.4477E-04  0.9983E-05  0.5132E-03  0.2024E-02  0.6813E-03  0.1450E-02  0.7373E-03  0.2908E-02  0.3132E-04  0.1494E-04
      3.462  0.6495E-03  0.3414E-03  0.4028E+00  0.2823E-01  0.5095E-02  0.5278E-02  0.5171E+00  0.4793E-01  0.3967E-04  0.1044E-04  0.4239E-03  0.2116E-02  0.4155E-03  0.1398E-02  0.4560E-03  0.3036E-02  0.2549E-04  0.1562E-04
      3.472  0.8197E-03  0.3409E-03  0.5951E+00  0.3050E-01  0.5402E-02  0.5341E-02  0.3395E+00  0.5225E-01  0.5244E-04  0.1117E-04  0.5838E-03  0.2230E-02  0.3860E-03  0.1403E-02  0.2998E-03  0.3226E-02  0.2944E-04  0.1635E-04
      3.482  0.8646E-03  0.3423E-03  0.4275E+00  0.3285E-01  0.5069E-02  0.5403E-02  0.2130E+00  0.5678E-01  0.3626E-04  0.1192E-04  0.3627E-03  0.2348E-02  0.3550E-03  0.1408E-02  0.2147E-03  0.3424E-02  0.2276E-04  0.1709E-04
      3.492  0.1026E-02  0.3449E-03  0.4603E+00  0.3526E-01  0.5938E-02  0.5453E-02  0.1953E+00  0.6146E-01  0.3868E-04  0.1268E-04  0.3546E-03  0.2469E-02  0.4084E-03  0.1409E-02  0.2162E-03  0.3626E-02  0.2522E-04  0.1783E-04
      3.502  0.1254E-02  0.3489E-03  0.5196E+00  0.3774E-01  0.7179E-02  0.5491E-02  0.1805E+00  0.6627E-01  0.4123E-04  0.1344E-04  0.3546E-03  0.2592E-02  0.4836E-03  0.1406E-02  0.2229E-03  0.3834E-02  0.2975E-04  0.1858E-04
      3.512  0.1684E-02  0.3541E-03  0.6577E+00  0.4028E-01  0.9708E-02  0.5517E-02  0.1686E+00  0.7124E-01  0.4435E-04  0.1421E-04  0.3702E-03  0.2717E-02  0.6399E-03  0.1399E-02  0.2432E-03  0.4047E-02  0.4162E-04  0.1932E-04
      3.522  0.1226E-02  0.3667E-03  0.3954E+00  0.4357E-01  0.6812E-02  0.5560E-02  0.1190E+00  0.7678E-01  0.3052E-04  0.1533E-04  0.2673E-03  0.2873E-02  0.4833E-03  0.1393E-02  0.1959E-03  0.4280E-02  0.2055E-04  0.2041E-04
      3.532  0.3350E-03  0.4685E-03  0.1007E+00  0.6735E-01  0.2180E-02  0.6142E-02  0.7460E-01  0.1300E+00  0.1497E-04  0.2207E-04  0.2304E-03  0.4419E-02  0.1711E-03  0.1521E-02  0.1708E-03  0.6353E-02  0.3810E-05  0.3539E-04
      3.542  0.3480E-03  0.6435E-03  0.9728E-01  0.9861E-01  0.2265E-02  0.6752E-02  0.7394E-01  0.2190E+00  0.1518E-04  0.3250E-04  0.2444E-03  0.6380E-02  0.1774E-03  0.1642E-02  0.1797E-03  0.9908E-02  0.3776E-05  0.5477E-04
      3.552  0.3792E-03  0.8636E-03  0.9402E-01  0.1099E+00  0.2368E-02  0.7149E-02  0.7375E-01  0.2355E+00  0.1544E-04  0.3756E-04  0.2599E-03  0.7033E-02  0.1842E-03  0.1596E-02  0.1894E-03  0.1084E-01  0.3769E-05  0.5656E-04
      3.562  0.4155E-03  0.1273E-02  0.9089E-01  0.1612E+00  0.2476E-02  0.8916E-02  0.7355E-01  0.2772E+00  0.1569E-04  0.4480E-04  0.2763E-03  0.8897E-02  0.1911E-03  0.1807E-02  0.1993E-03  0.1263E-01  0.3771E-05  0.6312E-04
      3.572  0.4525E-03  0.1533E-02  0.8787E-01  0.2249E+00  0.2584E-02  0.1124E-01  0.7317E-01  0.2925E+00  0.1593E-04  0.5001E-04  0.2933E-03  0.1130E-01  0.1978E-03  0.2138E-02  0.2094E-03  0.1336E-01  0.3778E-05  0.7232E-04
      3.582  0.4903E-03  0.1825E-02  0.8495E-01  0.2776E+00  0.2692E-02  0.1329E-01  0.7261E-01  0.3173E+00  0.1615E-04  0.5402E-04  0.3109E-03  0.1302E-01  0.2044E-03  0.2451E-02  0.2196E-03  0.1446E-01  0.3788E-05  0.7935E-04
      3.592  0.5289E-03  0.1904E-02  0.8214E-01  0.2314E+00  0.2801E-02  0.1216E-01  0.7188E-01  0.3205E+00  0.1635E-04  0.5156E-04  0.3291E-03  0.1077E-01  0.2110E-03  0.2241E-02  0.2299E-03  0.1433E-01  0.3802E-05  0.6554E-04
      3.602  0.6106E-03  0.1999E-02  0.7851E-01  0.2209E+00  0.2916E-02  0.1189E-01  0.7072E-01  0.3182E+00  0.1645E-04  0.5230E-04  0.3485E-03  0.1012E-01  0.2152E-03  0.2162E-02  0.2392E-03  0.1391E-01  0.3810E-05  0.6034E-04
      3.612  0.7299E-03  0.2277E-02  0.7434E-01  0.2780E+00  0.3035E-02  0.1217E-01  0.6919E-01  0.3720E+00  0.1645E-04  0.7452E-04  0.3690E-03  0.1225E-01  0.2175E-03  0.2059E-02  0.2474E-03  0.1515E-01  0.3812E-05  0.6510E-04
      3.622  0.8908E-03  0.1791E-02  0.6951E-01  0.2916E+00  0.3150E-02  0.9950E-02  0.6527E-01  0.3364E+00  0.1614E-04  0.8258E-04  0.3884E-03  0.1218E-01  0.2164E-03  0.1581E-02  0.2541E-03  0.1270E-01  0.3843E-05  0.6713E-04
      3.632  0.1482E-02  0.1735E-02  0.5740E-01  0.2905E+00  0.3467E-02  0.9136E-02  0.4609E-01  0.3194E+00  0.1313E-04  0.8669E-04  0.3794E-03  0.1170E-01  0.2029E-03  0.1385E-02  0.2460E-03  0.1137E-01  0.3941E-05  0.6858E-04
      3.642  0.2021E-02  0.1698E-02  0.4434E-01  0.2940E+00  0.3883E-02  0.8822E-02  0.3061E-01  0.2958E+00  0.1135E-04  0.8963E-04  0.4136E-03  0.1148E-01  0.2035E-03  0.1295E-02  0.2492E-03  0.9906E-02  0.3976E-05  0.7136E-04
      3.652  0.2401E-02  0.1859E-02  0.4019E-01  0.3168E+00  0.4110E-02  0.9841E-02  0.2146E-01  0.2901E+00  0.1031E-04  0.9513E-04  0.4190E-03  0.1205E-01  0.1964E-03  0.1448E-02  0.2468E-03  0.9395E-02  0.4159E-05  0.7700E-04
      3.662  0.2603E-02  0.1967E-02  0.4163E-01  0.3312E+00  0.4248E-02  0.1042E-01  0.2174E-01  0.2787E+00  0.1036E-04  0.9825E-04  0.4343E-03  0.1223E-01  0.1924E-03  0.1525E-02  0.2476E-03  0.8746E-02  0.4425E-05  0.8090E-04
      3.672  0.2808E-02  0.1472E-02  0.4299E-01  0.2460E+00  0.4389E-02  0.7661E-02  0.2199E-01  0.2246E+00  0.1042E-04  0.8498E-04  0.4494E-03  0.7958E-02  0.1885E-03  0.1099E-02  0.2485E-03  0.6668E-02  0.4697E-05  0.5212E-04
      3.682  0.3014E-02  0.5870E-03  0.4427E-01  0.1378E+00  0.4532E-02  0.4639E-02  0.2222E-01  0.1444E+00  0.1048E-04  0.6302E-04  0.4642E-03  0.3342E-02  0.1847E-03  0.7230E-03  0.2496E-03  0.3780E-02  0.4975E-05  0.2188E-04
      3.692  0.3222E-02  0.5939E-03  0.4546E-01  0.1398E+00  0.4678E-02  0.4647E-02  0.2242E-01  0.1348E+00  0.1054E-04  0.6298E-04  0.4789E-03  0.3053E-02  0.1810E-03  0.7181E-03  0.2508E-03  0.3406E-02  0.5260E-05  0.2233E-04
      3.702  0.3431E-02  0.7977E-03  0.4657E-01  0.1134E+00  0.4826E-02  0.4177E-02  0.2259E-01  0.1104E+00  0.1061E-04  0.5470E-04  0.4933E-03  0.2113E-02  0.1774E-03  0.5871E-03  0.2521E-03  0.2689E-02  0.5551E-05  0.1944E-04
      3.712  0.3642E-02  0.1041E-02  0.4760E-01  0.9232E-01  0.4976E-02  0.4097E-02  0.2274E-01  0.8204E-01  0.1068E-04  0.4653E-04  0.5075E-03  0.1528E-02  0.1740E-03  0.5295E-03  0.2536E-03  0.1753E-02  0.5849E-05  0.1685E-04
      3.722  0.3854E-02  0.1539E-02  0.4855E-01  0.9098E-01  0.5129E-02  0.4554E-02  0.2285E-01  0.7586E-01  0.1075E-04  0.4450E-04  0.5214E-03  0.1450E-02  0.1706E-03  0.5227E-03  0.2553E-03  0.1616E-02  0.6154E-05  0.1674E-04
      3.732  0.4068E-02  0.2101E-02  0.4941E-01  0.8871E-01  0.5283E-02  0.5106E-02  0.2294E-01  0.6921E-01  0.1083E-04  0.4173E-04  0.5352E-03  0.1360E-02  0.1674E-03  0.5204E-03  0.2570E-03  0.1483E-02  0.6465E-05  0.1676E-04
      3.742  0.4284E-02  0.2578E-02  0.5018E-01  0.8482E-01  0.5441E-02  0.5568E-02  0.2301E-01  0.6232E-01  0.1091E-04  0.3937E-04  0.5487E-03  0.1275E-02  0.1643E-03  0.5218E-03  0.2589E-03  0.1341E-02  0.6782E-05  0.1632E-04
      3.752  0.4501E-02  0.3108E-02  0.5088E-01  0.7826E-01  0.5600E-02  0.5985E-02  0.2304E-01  0.5416E-01  0.1099E-04  0.3623E-04  0.5620E-03  0.1220E-02  0.1613E-03  0.5091E-03  0.2610E-03  0.1206E-02  0.7106E-05  0.1544E-04
      3.762  0.4720E-02  0.3580E-02  0.5149E-01  0.7788E-01  0.5762E-02  0.6454E-02  0.2305E-01  0.5443E-01  0.1108E-04  0.3614E-04  0.5751E-03  0.1254E-02  0.1584E-03  0.5070E-03  0.2632E-03  0.1245E-02  0.7436E-05  0.1611E-04
      3.772  0.4959E-02  0.4038E-02  0.5205E-01  0.7792E-01  0.5942E-02  0.6920E-02  0.2303E-01  0.5515E-01  0.1119E-04  0.3626E-04  0.5887E-03  0.1292E-02  0.1557E-03  0.5063E-03  0.2660E-03  0.1290E-02  0.7791E-05  0.1692E-04
      3.782  0.5233E-02  0.4495E-02  0.5260E-01  0.7791E-01  0.6151E-02  0.7387E-02  0.2300E-01  0.5571E-01  0.1133E-04  0.3638E-04  0.6036E-03  0.1329E-02  0.1534E-03  0.5064E-03  0.2700E-03  0.1332E-02  0.8185E-05  0.1774E-04
      3.792  0.5109E-02  0.4951E-02  0.5202E-01  0.7785E-01  0.5922E-02  0.7855E-02  0.2012E-01  0.5612E-01  0.1100E-04  0.3649E-04  0.5944E-03  0.1365E-02  0.1339E-03  0.5070E-03  0.2634E-03  0.1372E-02  0.8422E-05  0.1859E-04
      3.802  0.4898E-02  0.5406E-02  0.5117E-01  0.7774E-01  0.5616E-02  0.8325E-02  0.1693E-01  0.5636E-01  0.1057E-04  0.3661E-04  0.5828E-03  0.1401E-02  0.1142E-03  0.5084E-03  0.2546E-03  0.1408E-02  0.8625E-05  0.1947E-04
      3.812  0.4607E-02  0.5861E-02  0.4954E-01  0.7759E-01  0.5243E-02  0.8797E-02  0.1343E-01  0.5644E-01  0.9904E-05  0.3672E-04  0.5644E-03  0.1436E-02  0.9819E-04  0.5104E-03  0.2413E-03  0.1441E-02  0.8729E-05  0.2036E-04
      3.822  0.4360E-02  0.6102E-02  0.4702E-01  0.7668E-01  0.4872E-02  0.9018E-02  0.9610E-02  0.5403E-01  0.9020E-05  0.3626E-04  0.5324E-03  0.1428E-02  0.8408E-04  0.4973E-03  0.2210E-03  0.1416E-02  0.8687E-05  0.2108E-04
      3.832  0.6444E-02  0.5839E-02  0.4666E-01  0.7419E-01  0.6612E-02  0.8663E-02  0.1153E-01  0.4657E-01  0.9916E-05  0.3451E-04  0.5467E-03  0.1333E-02  0.9265E-04  0.4552E-03  0.2357E-03  0.1267E-02  0.1090E-04  0.2139E-04
      3.842  0.9235E-02  0.5507E-02  0.4960E-01  0.7196E-01  0.9103E-02  0.8252E-02  0.1400E-01  0.3903E-01  0.1262E-04  0.3269E-04  0.6156E-03  0.1245E-02  0.1092E-03  0.4199E-03  0.2774E-03  0.1109E-02  0.1506E-04  0.2178E-04
      3.852  0.1178E-01  0.4990E-02  0.5321E-01  0.6919E-01  0.1140E-01  0.7661E-02  0.1636E-01  0.3120E-01  0.1601E-04  0.3069E-04  0.7177E-03  0.1158E-02  0.1251E-03  0.4006E-03  0.3303E-03  0.9347E-03  0.1894E-04  0.2212E-04
      3.862  0.1273E-01  0.4315E-02  0.5457E-01  0.6577E-01  0.1232E-01  0.6896E-02  0.1727E-01  0.2307E-01  0.1744E-04  0.2874E-04  0.7943E-03  0.1067E-02  0.1316E-03  0.3896E-03  0.3619E-03  0.7545E-03  0.2042E-04  0.2226E-04
      3.872  0.1357E-01  0.3581E-02  0.5432E-01  0.6245E-01  0.1308E-01  0.6056E-02  0.1780E-01  0.1482E-01  0.1825E-04  0.2706E-04  0.8292E-03  0.9772E-03  0.1315E-03  0.3783E-03  0.3746E-03  0.5777E-03  0.2171E-04  0.2230E-04
      3.882  0.1437E-01  0.3699E-02  0.5370E-01  0.6394E-01  0.1382E-01  0.6241E-02  0.1821E-01  0.1418E-01  0.1896E-04  0.2766E-04  0.8631E-03  0.1008E-02  0.1310E-03  0.3936E-03  0.3853E-03  0.5856E-03  0.2301E-04  0.2349E-04
      3.892  0.1498E-01  0.4488E-02  0.5226E-01  0.7163E-01  0.1439E-01  0.7296E-02  0.1839E-01  0.1565E-01  0.1914E-04  0.3060E-04  0.8730E-03  0.1122E-02  0.1285E-03  0.4628E-03  0.3916E-03  0.7099E-03  0.2390E-04  0.2848E-04
      3.902  0.7909E-02  0.6155E-02  0.3194E-01  0.8464E-01  0.7648E-02  0.9453E-02  0.9900E-02  0.1757E-01  0.8269E-05  0.3536E-04  0.3700E-03  0.1369E-02  0.6801E-04  0.5607E-03  0.1988E-03  0.8900E-03  0.1428E-04  0.3884E-04
      3.912  0.3855E-02  0.8118E-02  0.1855E-01  0.9837E-01  0.3921E-02  0.1195E-01  0.4602E-02  0.1982E-01  0.1160E-04  0.4124E-04  0.1781E-03  0.1678E-02  0.8472E-04  0.6587E-03  0.2154E-03  0.1106E-02  0.9405E-05  0.5007E-04
      3.922  0.3906E-02  0.1007E-01  0.1153E-01  0.1102E+00  0.3927E-02  0.1436E-01  0.5859E-02  0.2225E-01  0.2180E-04  0.4724E-04  0.2573E-03  0.1996E-02  0.1958E-03  0.7406E-03  0.4474E-03  0.1334E-02  0.2119E-04  0.6012E-04
      3.932  0.5777E-02  0.1095E-01  0.1371E-01  0.1047E+00  0.5242E-02  0.1540E-01  0.9163E-02  0.2422E-01  0.3178E-04  0.5062E-04  0.3831E-03  0.2285E-02  0.2976E-03  0.7338E-03  0.5924E-03  0.1512E-02  0.3028E-04  0.6032E-04
      3.942  0.8432E-02  0.9839E-02  0.1543E-01  0.8982E-01  0.6722E-02  0.1391E-01  0.1325E-01  0.2389E-01  0.4462E-04  0.4522E-04  0.4785E-03  0.2052E-02  0.4108E-03  0.6455E-03  0.6862E-03  0.1460E-02  0.3967E-04  0.5222E-04
      3.952  0.1114E-01  0.7037E-02  0.2068E-01  0.6132E-01  0.8011E-02  0.9782E-02  0.1876E-01  0.1727E-01  0.5543E-04  0.3876E-04  0.5334E-03  0.1445E-02  0.5025E-03  0.4668E-03  0.7182E-03  0.9626E-03  0.4796E-04  0.3915E-04
      3.962  0.1388E-01  0.3213E-02  0.2623E-01  0.2864E-01  0.9257E-02  0.4278E-02  0.2443E-01  0.7005E-02  0.6576E-04  0.3777E-04  0.5857E-03  0.6029E-03  0.5923E-03  0.3124E-03  0.7368E-03  0.4641E-03  0.5653E-04  0.2569E-04
      3.972  0.1457E-01  0.3861E-02  0.2857E-01  0.1991E-01  0.9255E-02  0.4518E-02  0.2678E-01  0.8715E-02  0.6468E-04  0.5495E-04  0.6039E-03  0.4655E-03  0.6146E-03  0.4826E-03  0.7165E-03  0.6436E-03  0.6053E-04  0.5211E-04
      3.982  0.1377E-01  0.5896E-02  0.2674E-01  0.2184E-01  0.8773E-02  0.5693E-02  0.2672E-01  0.1268E-01  0.5977E-04  0.7703E-04  0.6553E-03  0.4674E-03  0.5972E-03  0.5679E-03  0.7101E-03  0.7292E-03  0.5703E-04  0.6763E-04
      3.992  0.1278E-01  0.7610E-02  0.2465E-01  0.2685E-01  0.8287E-02  0.6512E-02  0.2608E-01  0.1685E-01  0.5483E-04  0.9505E-04  0.7232E-03  0.4577E-03  0.5727E-03  0.5974E-03  0.6939E-03  0.7351E-03  0.5240E-04  0.8165E-04
      4.002  0.1105E-01  0.9438E-02  0.2134E-01  0.3214E-01  0.7430E-02  0.7367E-02  0.2250E-01  0.2127E-01  0.4829E-04  0.1142E-03  0.7437E-03  0.4462E-03  0.5131E-03  0.6226E-03  0.6500E-03  0.7371E-03  0.4684E-04  0.9643E-04
      4.012  0.8576E-02  0.1119E-01  0.1656E-01  0.3755E-01  0.6150E-02  0.8134E-02  0.1609E-01  0.2562E-01  0.3994E-04  0.1312E-03  0.6745E-03  0.4243E-03  0.4162E-03  0.6386E-03  0.5757E-03  0.7171E-03  0.3989E-04  0.1113E-03
      4.022  0.6192E-02  0.1194E-01  0.1132E-01  0.4164E-01  0.4613E-02  0.8389E-02  0.9773E-02  0.2805E-01  0.3048E-04  0.1335E-03  0.5156E-03  0.4021E-03  0.3002E-03  0.6486E-03  0.4536E-03  0.6480E-03  0.3112E-04  0.1229E-03
      4.032  0.4011E-02  0.1185E-01  0.3927E-02  0.4302E-01  0.2429E-02  0.8267E-02  0.3059E-02  0.2827E-01  0.1935E-04  0.1221E-03  0.6188E-04  0.4500E-03  0.1267E-03  0.6579E-03  0.7137E-04  0.5995E-03  0.1877E-04  0.1293E-03
      4.042  0.3264E-02  0.1079E-01  0.3145E-02  0.3977E-01  0.1940E-02  0.7653E-02  0.2564E-02  0.2725E-01  0.1605E-04  0.1076E-03  0.4750E-04  0.5025E-03  0.1047E-03  0.6359E-03  0.5415E-04  0.5410E-03  0.1377E-04  0.1134E-03
      4.052  0.2475E-02  0.9601E-02  0.2375E-02  0.3634E-01  0.1429E-02  0.6969E-02  0.2088E-02  0.2606E-01  0.1254E-04  0.9322E-04  0.3360E-04  0.5613E-03  0.8168E-04  0.6088E-03  0.3784E-04  0.4813E-03  0.8386E-05  0.9380E-04
      4.062  0.1646E-02  0.8138E-02  0.1620E-02  0.3253E-01  0.8943E-03  0.6130E-02  0.1632E-02  0.2363E-01  0.8821E-05  0.7786E-04  0.2018E-04  0.6100E-03  0.5768E-04  0.5685E-03  0.2247E-04  0.4214E-03  0.2619E-05  0.7278E-04
      4.072  0.1024E-01  0.5168E-02  0.1884E-01  0.2128E-01  0.5631E-02  0.4050E-02  0.8646E-02  0.1356E-01  0.3675E-04  0.5376E-04  0.8637E-04  0.4496E-03  0.4159E-03  0.3783E-03  0.6176E-04  0.3107E-03  0.3031E-04  0.4531E-04
      4.082  0.1372E-01  0.2504E-02  0.2418E-01  0.5144E-02  0.7597E-02  0.1626E-02  0.1457E-01  0.3402E-02  0.4689E-04  0.2916E-04  0.1421E-03  0.8269E-04  0.5654E-03  0.8016E-04  0.9448E-04  0.1001E-03  0.4033E-04  0.1303E-04
      4.092  0.1634E-01  0.1740E-02  0.2819E-01  0.2175E-02  0.9088E-02  0.9923E-03  0.1940E-01  0.1992E-02  0.5148E-04  0.1872E-04  0.1972E-03  0.2564E-04  0.6813E-03  0.2892E-04  0.1270E-03  0.3428E-04  0.4791E-04  0.3660E-05
      4.102  0.2209E-01  0.1390E-02  0.3751E-01  0.1712E-02  0.1229E-01  0.7716E-03  0.3422E-01  0.1575E-02  0.6034E-04  0.1256E-04  0.2805E-03  0.1960E-04  0.9284E-03  0.2224E-04  0.1953E-03  0.2493E-04  0.5607E-04  0.2353E-05
      4.112  0.2103E-01  0.5181E-02  0.3693E-01  0.1041E-01  0.1180E-01  0.3070E-02  0.3394E-01  0.3968E-02  0.5746E-04  0.3795E-04  0.3197E-03  0.7166E-04  0.8897E-03  0.9796E-04  0.2115E-03  0.4545E-04  0.5474E-04  0.2497E-04
      4.122  0.1986E-01  0.1030E-01  0.3624E-01  0.2169E-01  0.1127E-01  0.6188E-02  0.3363E-01  0.1096E-01  0.5440E-04  0.6912E-04  0.3617E-03  0.1434E-03  0.8458E-03  0.2058E-03  0.2289E-03  0.8530E-04  0.5336E-04  0.6009E-04
      4.132  0.1860E-01  0.1210E-01  0.3544E-01  0.2473E-01  0.1069E-01  0.7323E-02  0.3331E-01  0.1444E-01  0.5116E-04  0.7672E-04  0.4065E-03  0.1879E-03  0.7965E-03  0.2548E-03  0.2475E-03  0.1177E-03  0.5193E-04  0.7173E-04
      4.142  0.1729E-01  0.1374E-01  0.3459E-01  0.2757E-01  0.1010E-01  0.8373E-02  0.3303E-01  0.1773E-01  0.4802E-04  0.8188E-04  0.4546E-03  0.2349E-03  0.7441E-03  0.3028E-03  0.2680E-03  0.1506E-03  0.5051E-04  0.8139E-04
      4.152  0.1602E-01  0.1534E-01  0.3377E-01  0.3044E-01  0.9525E-02  0.9399E-02  0.3283E-01  0.2102E-01  0.4543E-04  0.8597E-04  0.5070E-03  0.2846E-03  0.6919E-03  0.3517E-03  0.2912E-03  0.1849E-03  0.4923E-04  0.8927E-04
      4.162  0.1450E-01  0.1890E-01  0.3222E-01  0.3760E-01  0.8792E-02  0.1160E-01  0.3250E-01  0.3160E-01  0.4253E-04  0.9293E-04  0.5628E-03  0.3670E-03  0.6283E-03  0.4419E-03  0.3135E-03  0.2552E-03  0.4653E-04  0.9328E-04
      4.172  0.1255E-01  0.1768E-01  0.2908E-01  0.3669E-01  0.7764E-02  0.1100E-01  0.3191E-01  0.3127E-01  0.3914E-04  0.8682E-04  0.6234E-03  0.4235E-03  0.5460E-03  0.4370E-03  0.3323E-03  0.2752E-03  0.4078E-04  0.9046E-04
      4.182  0.1056E-01  0.1657E-01  0.2576E-01  0.3592E-01  0.6711E-02  0.1047E-01  0.3134E-01  0.3109E-01  0.3566E-04  0.8261E-04  0.6875E-03  0.4868E-03  0.4604E-03  0.4335E-03  0.3521E-03  0.2996E-03  0.3522E-04  0.8794E-04
      4.192  0.7461E-02  0.1536E-01  0.2010E-01  0.3506E-01  0.4982E-02  0.9882E-02  0.2487E-01  0.3091E-01  0.3019E-04  0.7832E-04  0.6959E-03  0.5544E-03  0.3312E-03  0.4283E-03  0.3575E-03  0.3257E-03  0.2803E-04  0.8538E-04
      4.202  0.4254E-02  0.1402E-01  0.1398E-01  0.3399E-01  0.3269E-02  0.9223E-02  0.1655E-01  0.3070E-01  0.2309E-04  0.7391E-04  0.7546E-03  0.6258E-03  0.2003E-03  0.4200E-03  0.4088E-03  0.3531E-03  0.2157E-04  0.8232E-04
      4.212  0.2292E-02  0.1225E-01  0.9347E-02  0.3133E-01  0.2300E-02  0.8222E-02  0.9364E-02  0.3014E-01  0.1797E-04  0.6886E-04  0.8337E-03  0.6900E-03  0.1299E-03  0.3901E-03  0.5007E-03  0.3762E-03  0.1724E-04  0.7288E-04
      4.222  0.1497E-02  0.1041E-01  0.6793E-02  0.2855E-01  0.1817E-02  0.7185E-02  0.7019E-02  0.2962E-01  0.1534E-04  0.6376E-04  0.8399E-03  0.7584E-03  0.9909E-04  0.3578E-03  0.5438E-03  0.4006E-03  0.1395E-04  0.6375E-04
      4.232  0.8573E-03  0.8199E-02  0.4212E-02  0.2489E-01  0.1407E-02  0.5890E-02  0.4792E-02  0.2761E-01  0.1285E-04  0.5736E-04  0.8292E-03  0.8023E-03  0.7246E-04  0.3146E-03  0.5831E-03  0.4213E-03  0.1092E-04  0.5415E-04
      4.242  0.6024E-03  0.5657E-02  0.3141E-02  0.2038E-01  0.1217E-02  0.4362E-02  0.3150E-02  0.2397E-01  0.1117E-04  0.4980E-04  0.7819E-03  0.8170E-03  0.5834E-04  0.2606E-03  0.6284E-03  0.4387E-03  0.9538E-05  0.4409E-04
      4.252  0.4383E-03  0.4256E-02  0.2564E-02  0.1695E-01  0.1097E-02  0.3578E-02  0.1813E-02  0.2011E-01  0.1017E-04  0.4239E-04  0.7478E-03  0.8785E-03  0.4670E-04  0.2415E-03  0.6798E-03  0.5093E-03  0.8499E-05  0.3805E-04
      4.262  0.7332E-03  0.2917E-02  0.5437E-02  0.1341E-01  0.1143E-02  0.2838E-02  0.8988E-02  0.1600E-01  0.1783E-04  0.3519E-04  0.6963E-03  0.9287E-03  0.6252E-04  0.2223E-03  0.7082E-03  0.5859E-03  0.2815E-04  0.3225E-04
      4.272  0.2004E-02  0.2012E-02  0.1642E-01  0.1057E-01  0.1726E-02  0.2255E-02  0.3118E-01  0.1196E-01  0.4649E-04  0.3009E-04  0.8360E-03  0.9236E-03  0.1434E-03  0.1977E-03  0.9240E-03  0.6119E-03  0.9350E-04  0.2712E-04
      4.282  0.3399E-02  0.1287E-02  0.2725E-01  0.7938E-02  0.2148E-02  0.1755E-02  0.5111E-01  0.7832E-02  0.7572E-04  0.2557E-04  0.6700E-03  0.9084E-03  0.2510E-03  0.1720E-03  0.8612E-03  0.6243E-03  0.1537E-03  0.2258E-04
      4.292  0.4974E-02  0.8485E-03  0.3864E-01  0.5602E-02  0.2606E-02  0.1418E-02  0.6923E-01  0.4960E-02  0.1068E-03  0.2259E-04  0.4342E-03  0.8682E-03  0.3775E-03  0.1493E-03  0.6830E-03  0.6538E-03  0.2103E-03  0.1871E-04
      4.302  0.6640E-02  0.6303E-03  0.4836E-01  0.3858E-02  0.3145E-02  0.1228E-02  0.8351E-01  0.3934E-02  0.1363E-03  0.2080E-04  0.2319E-03  0.8341E-03  0.5125E-03  0.1308E-03  0.4564E-03  0.6999E-03  0.2522E-03  0.1526E-04
      4.312  0.4021E-02  0.4729E-03  0.2388E-01  0.2706E-02  0.2187E-02  0.1099E-02  0.4498E-01  0.2886E-02  0.9376E-04  0.1942E-04  0.2392E-03  0.8096E-03  0.3101E-03  0.1149E-03  0.2743E-03  0.7506E-03  0.1254E-03  0.1263E-04
      4.322  0.3503E-02  0.3168E-03  0.2065E-01  0.2117E-02  0.2003E-02  0.9777E-03  0.2427E-01  0.1933E-02  0.6956E-04  0.1658E-04  0.3002E-03  0.8142E-03  0.2789E-03  0.8549E-04  0.1891E-03  0.8105E-03  0.9555E-04  0.1138E-04
      4.332  0.3891E-02  0.7618E-03  0.2260E-01  0.1250E-01  0.2234E-02  0.1236E-02  0.2675E-01  0.1985E-01  0.8162E-04  0.5894E-04  0.3514E-03  0.1009E-02  0.3157E-03  0.7733E-04  0.2139E-03  0.9834E-03  0.1103E-03  0.8918E-04
      4.342  0.4274E-02  0.1795E-02  0.2449E-01  0.3229E-01  0.2463E-02  0.1377E-02  0.2913E-01  0.5191E-01  0.9400E-04  0.1408E-03  0.4038E-03  0.6677E-03  0.3528E-03  0.1099E-03  0.2386E-03  0.7288E-03  0.1253E-03  0.2293E-03
      4.352  0.4653E-02  0.3031E-02  0.2634E-01  0.5348E-01  0.2690E-02  0.1643E-02  0.3142E-01  0.8134E-01  0.1067E-03  0.2252E-03  0.4573E-03  0.3743E-03  0.3903E-03  0.1573E-03  0.2633E-03  0.4273E-03  0.1406E-03  0.3637E-03
      4.362  0.5234E-02  0.4306E-02  0.2856E-01  0.6515E-01  0.3295E-02  0.2129E-02  0.3390E-01  0.1002E+00  0.1245E-03  0.2866E-03  0.5997E-03  0.2479E-03  0.6335E-03  0.2186E-03  0.3598E-03  0.2511E-03  0.1631E-03  0.4294E-03
      4.372  0.7035E-02  0.2573E-02  0.3518E-01  0.3277E-01  0.4837E-02  0.1590E-02  0.4043E-01  0.5520E-01  0.1883E-03  0.1930E-03  0.8662E-03  0.2938E-03  0.1118E-02  0.1369E-03  0.6120E-03  0.1769E-03  0.2146E-03  0.2364E-03
      4.382  0.8696E-02  0.2340E-02  0.4191E-01  0.2791E-01  0.5758E-02  0.1550E-02  0.4752E-01  0.3084E-01  0.2475E-03  0.1455E-03  0.1018E-02  0.3652E-03  0.1315E-02  0.1365E-03  0.7101E-03  0.1374E-03  0.2683E-03  0.1924E-03
      4.392  0.1047E-01  0.2650E-02  0.4912E-01  0.3088E-01  0.6702E-02  0.1767E-02  0.5528E-01  0.3455E-01  0.3117E-03  0.1778E-03  0.1174E-02  0.4270E-03  0.1524E-02  0.1567E-03  0.8061E-03  0.1604E-03  0.3275E-03  0.2287E-03
      4.402  0.1147E-01  0.2958E-02  0.5035E-01  0.3373E-01  0.7107E-02  0.1983E-02  0.5684E-01  0.3807E-01  0.3392E-03  0.2114E-03  0.1214E-02  0.4897E-03  0.1653E-02  0.1770E-03  0.8150E-03  0.1831E-03  0.3394E-03  0.2661E-03
      4.412  0.9650E-02  0.3948E-02  0.4071E-01  0.3947E-01  0.5955E-02  0.3452E-02  0.4387E-01  0.4402E-01  0.2827E-03  0.3117E-03  0.1004E-02  0.8930E-03  0.1486E-02  0.1041E-02  0.6338E-03  0.5607E-03  0.2742E-03  0.3666E-03
      4.422  0.7960E-02  0.5031E-02  0.3176E-01  0.4732E-01  0.4795E-02  0.4154E-02  0.3224E-01  0.5200E-01  0.2312E-03  0.4228E-03  0.7726E-03  0.1059E-02  0.1337E-02  0.1154E-02  0.4544E-03  0.6441E-03  0.2139E-03  0.4702E-03
      4.432  0.6400E-02  0.6255E-02  0.2348E-01  0.5595E-01  0.3628E-02  0.4898E-02  0.2195E-01  0.6070E-01  0.1846E-03  0.5484E-03  0.5205E-03  0.1228E-02  0.1208E-02  0.1273E-02  0.2767E-03  0.7201E-03  0.1585E-03  0.5860E-03
      4.442  0.5700E-02  0.7540E-02  0.1774E-01  0.6493E-01  0.2960E-02  0.5645E-02  0.1641E-01  0.6988E-01  0.1716E-03  0.6835E-03  0.3036E-03  0.1396E-02  0.1159E-02  0.1387E-02  0.1813E-03  0.7880E-03  0.1134E-03  0.7119E-03
      4.452  0.5488E-02  0.7715E-02  0.1554E-01  0.5867E-01  0.2623E-02  0.5536E-02  0.1358E-01  0.6411E-01  0.1730E-03  0.6527E-03  0.1856E-03  0.1334E-02  0.1172E-02  0.1391E-02  0.1351E-03  0.7109E-03  0.9760E-04  0.6341E-03
      4.462  0.5638E-02  0.6659E-02  0.1540E-01  0.4687E-01  0.2566E-02  0.4712E-02  0.1219E-01  0.4932E-01  0.1812E-03  0.5324E-03  0.1246E-03  0.1121E-02  0.1222E-02  0.1288E-02  0.1094E-03  0.5447E-03  0.9688E-04  0.5012E-03
      4.472  0.6148E-02  0.5691E-02  0.1648E-01  0.3586E-01  0.2797E-02  0.3859E-02  0.1226E-01  0.3596E-01  0.1964E-03  0.4206E-03  0.1160E-03  0.8665E-03  0.1306E-02  0.1192E-02  0.1082E-03  0.3612E-03  0.1063E-03  0.3740E-03
      4.482  0.6679E-02  0.4871E-02  0.1757E-01  0.2593E-01  0.3041E-02  0.3025E-02  0.1244E-01  0.2454E-01  0.2126E-03  0.3246E-03  0.1078E-03  0.5772E-03  0.1395E-02  0.1110E-02  0.1079E-03  0.1756E-03  0.1174E-03  0.2540E-03
      4.492  0.1940E-01  0.4732E-02  0.4766E-01  0.2073E-01  0.9746E-02  0.2659E-02  0.3886E-01  0.1981E-01  0.7364E-03  0.3100E-03  0.6694E-03  0.3993E-03  0.4092E-02  0.1107E-02  0.5469E-03  0.1238E-03  0.6335E-03  0.1841E-03
      4.503  0.2049E-01  0.4821E-02  0.5240E-01  0.1967E-01  0.1085E-01  0.2560E-02  0.4513E-01  0.1683E-01  0.7662E-03  0.3129E-03  0.8397E-03  0.3035E-03  0.4543E-02  0.1132E-02  0.9331E-03  0.8638E-04  0.7909E-03  0.1649E-03
      4.513  0.1737E-01  0.5195E-02  0.3582E-01  0.2055E-01  0.1003E-01  0.2731E-02  0.4205E-01  0.1596E-01  0.6223E-03  0.3338E-03  0.7964E-03  0.2692E-03  0.4121E-02  0.1184E-02  0.1976E-02  0.7237E-04  0.6339E-03  0.1740E-03
      4.523  0.1253E-01  0.7372E-02  0.2940E-01  0.2678E-01  0.8068E-02  0.4088E-02  0.3121E-01  0.2123E-01  0.5579E-03  0.6144E-03  0.7882E-03  0.4556E-03  0.3414E-02  0.1625E-02  0.2387E-02  0.1356E-03  0.4858E-03  0.3339E-03
      4.533  0.2529E-02  0.1470E-01  0.1613E-01  0.4918E-01  0.1869E-02  0.8868E-02  0.1142E-01  0.3723E-01  0.2879E-03  0.1180E-02  0.4431E-03  0.1035E-02  0.2110E-02  0.3146E-02  0.4060E-03  0.3799E-03  0.2270E-03  0.8977E-03
      4.543  0.2236E-02  0.1527E-01  0.1522E-01  0.5178E-01  0.1736E-02  0.9809E-02  0.1138E-01  0.4097E-01  0.2706E-03  0.1182E-02  0.4434E-03  0.1014E-02  0.2266E-02  0.3426E-02  0.3830E-03  0.5671E-03  0.2157E-03  0.1089E-02
      4.553  0.1949E-02  0.1206E-01  0.1427E-01  0.3278E-01  0.1608E-02  0.8484E-02  0.1135E-01  0.3541E-01  0.2529E-03  0.9279E-03  0.4431E-03  0.9143E-03  0.2426E-02  0.3111E-02  0.3615E-03  0.1498E-02  0.2040E-03  0.8776E-03
      4.563  0.1667E-02  0.9818E-02  0.1330E-01  0.2816E-01  0.1484E-02  0.7606E-02  0.1134E-01  0.2913E-01  0.2349E-03  0.8272E-03  0.4421E-03  0.8687E-03  0.2589E-02  0.3219E-02  0.3414E-03  0.1923E-02  0.1919E-03  0.7706E-03
      4.573  0.1019E-02  0.6234E-02  0.9640E-02  0.2088E-01  0.9996E-03  0.5034E-02  0.1110E-01  0.2186E-01  0.1659E-03  0.6509E-03  0.2814E-03  0.7410E-03  0.2670E-02  0.3299E-02  0.2980E-03  0.2180E-02  0.1601E-03  0.6182E-03
      4.583  0.2345E-02  0.2112E-02  0.9700E-02  0.1570E-01  0.1644E-02  0.1929E-02  0.1454E-01  0.9742E-02  0.2340E-03  0.5090E-03  0.3924E-03  0.4448E-03  0.3373E-02  0.3095E-02  0.3720E-03  0.6741E-03  0.1849E-03  0.3834E-03
      4.593  0.4127E-02  0.1571E-02  0.1047E-01  0.1456E-01  0.2543E-02  0.1583E-02  0.1892E-01  0.8172E-02  0.3319E-03  0.4779E-03  0.5662E-03  0.3882E-03  0.4354E-02  0.3266E-02  0.4716E-03  0.3502E-03  0.2559E-03  0.3385E-03
      4.603  0.6077E-02  0.1353E-02  0.1152E-01  0.1351E-01  0.3666E-02  0.1444E-02  0.2290E-01  0.7982E-02  0.4627E-03  0.4508E-03  0.8373E-03  0.3707E-03  0.5609E-02  0.3468E-02  0.5952E-03  0.2820E-03  0.3629E-03  0.3132E-03
      4.613  0.8494E-02  0.5995E-03  0.1300E-01  0.9651E-02  0.5306E-02  0.7389E-03  0.2673E-01  0.6727E-02  0.6643E-03  0.3158E-03  0.1279E-02  0.1850E-03  0.7306E-02  0.3489E-02  0.7721E-03  0.1711E-03  0.5168E-03  0.2566E-03
      4.623  0.1055E-01  0.1053E-02  0.1202E-01  0.9282E-02  0.6652E-02  0.9622E-03  0.2775E-01  0.7376E-02  0.8638E-03  0.3251E-03  0.1732E-02  0.2656E-03  0.8371E-02  0.3734E-02  0.9240E-03  0.1321E-03  0.6811E-03  0.2700E-03
      4.633  0.1828E-01  0.4059E-02  0.3351E-01  0.1102E-01  0.1085E-01  0.2918E-02  0.3835E-01  0.2049E-01  0.1426E-02  0.6372E-03  0.3340E-02  0.6004E-03  0.1586E-01  0.5721E-02  0.1344E-02  0.1577E-03  0.1099E-02  0.4594E-03
      4.643  0.1491E-01  0.6926E-02  0.3688E-01  0.1207E-01  0.8290E-02  0.4847E-02  0.3019E-01  0.3142E-01  0.1065E-02  0.1018E-02  0.3311E-02  0.1022E-02  0.1481E-01  0.7700E-02  0.1049E-02  0.2263E-03  0.1244E-02  0.7477E-03
      4.653  0.9785E-02  0.9464E-02  0.3114E-01  0.1323E-01  0.5133E-02  0.6608E-02  0.1855E-01  0.4005E-01  0.5404E-03  0.1384E-02  0.2820E-02  0.1480E-02  0.1062E-01  0.9188E-02  0.7046E-03  0.3185E-03  0.1115E-02  0.1123E-02
      4.663  0.2881E-02  0.1272E-01  0.7056E-02  0.3070E-01  0.1432E-02  0.9090E-02  0.7900E-02  0.5425E-01  0.3703E-03  0.2297E-02  0.1146E-02  0.2072E-02  0.2868E-02  0.1526E-01  0.3142E-03  0.4523E-03  0.4213E-03  0.1782E-02
      4.673  0.1933E-02  0.1180E-01  0.4756E-02  0.3790E-01  0.9552E-03  0.8250E-02  0.5680E-02  0.4464E-01  0.3222E-03  0.1831E-02  0.1022E-02  0.2420E-02  0.1933E-02  0.1481E-01  0.2635E-03  0.4702E-03  0.2956E-03  0.2067E-02
      4.683  0.1551E-02  0.9499E-02  0.4272E-02  0.3801E-01  0.7616E-03  0.6738E-02  0.4297E-02  0.2796E-01  0.2829E-03  0.1096E-02  0.9857E-03  0.2547E-02  0.1672E-02  0.1342E-01  0.2670E-03  0.4501E-03  0.2604E-03  0.1738E-02
      4.693  0.1441E-02  0.3952E-02  0.4145E-02  0.1600E-01  0.6851E-03  0.2623E-02  0.3598E-02  0.1333E-01  0.2585E-03  0.6085E-03  0.9768E-03  0.2074E-02  0.1574E-02  0.5460E-02  0.2943E-03  0.3267E-03  0.2419E-03  0.6666E-03
      4.703  0.1707E-02  0.2009E-02  0.4318E-02  0.1107E-01  0.7518E-03  0.1266E-02  0.3822E-02  0.6056E-02  0.2653E-03  0.4451E-03  0.9713E-03  0.1826E-02  0.1671E-02  0.3306E-02  0.3399E-03  0.2553E-03  0.2480E-03  0.4384E-03
      4.713  0.1982E-02  0.1247E-02  0.4479E-02  0.5768E-02  0.8204E-03  0.7147E-03  0.4051E-02  0.3779E-02  0.2719E-03  0.3800E-03  0.9625E-03  0.1438E-02  0.1766E-02  0.1930E-02  0.3864E-03  0.2050E-03  0.2538E-03  0.3543E-03
      4.723  0.2264E-02  0.1152E-02  0.4627E-02  0.3771E-02  0.8908E-03  0.5953E-03  0.4285E-02  0.3098E-02  0.2783E-03  0.3647E-03  0.9506E-03  0.1194E-02  0.1859E-02  0.1609E-02  0.4337E-03  0.1993E-03  0.2594E-03  0.3480E-03
      4.733  0.2556E-02  0.1374E-02  0.4762E-02  0.3752E-02  0.9632E-03  0.6382E-03  0.4524E-02  0.3191E-02  0.2843E-03  0.3700E-03  0.9355E-03  0.1150E-02  0.1952E-02  0.1682E-02  0.4819E-03  0.2301E-03  0.2647E-03  0.3527E-03
      4.743  0.2855E-02  0.1674E-02  0.4884E-02  0.4039E-02  0.1037E-02  0.7037E-03  0.4768E-02  0.3426E-02  0.2901E-03  0.3786E-03  0.9172E-03  0.1140E-02  0.2043E-02  0.1823E-02  0.5309E-03  0.2802E-03  0.2697E-03  0.3600E-03
      4.753  0.3163E-02  0.1985E-02  0.4993E-02  0.4309E-02  0.1114E-02  0.7719E-03  0.5018E-02  0.3664E-02  0.2957E-03  0.3870E-03  0.8957E-03  0.1127E-02  0.2133E-02  0.1965E-02  0.5808E-03  0.3314E-03  0.2744E-03  0.3671E-03
      4.763  0.3479E-02  0.2307E-02  0.5090E-02  0.4560E-02  0.1192E-02  0.8428E-03  0.5272E-02  0.3903E-02  0.3009E-03  0.3951E-03  0.8710E-03  0.1110E-02  0.2221E-02  0.2106E-02  0.6316E-03  0.3837E-03  0.2789E-03  0.3739E-03
      4.773  0.3868E-02  0.2641E-02  0.5160E-02  0.4795E-02  0.1169E-02  0.9164E-03  0.5329E-02  0.4145E-02  0.3124E-03  0.4031E-03  0.7746E-03  0.1090E-02  0.2282E-02  0.2247E-02  0.5708E-03  0.4371E-03  0.3015E-03  0.3805E-03
      4.783  0.4077E-02  0.2986E-02  0.4928E-02  0.5011E-02  0.1079E-02  0.9928E-03  0.5134E-02  0.4390E-02  0.3171E-03  0.4108E-03  0.6283E-03  0.1066E-02  0.2300E-02  0.2388E-02  0.4867E-03  0.4915E-03  0.3196E-03  0.3867E-03
      4.793  0.4216E-02  0.3341E-02  0.4767E-02  0.5211E-02  0.9943E-03  0.1072E-02  0.4948E-02  0.4636E-02  0.3198E-03  0.4183E-03  0.5555E-03  0.1039E-02  0.2328E-02  0.2529E-02  0.4237E-03  0.5471E-03  0.3333E-03  0.3927E-03
      4.803  0.4449E-02  0.3708E-02  0.4515E-02  0.5392E-02  0.8901E-03  0.1154E-02  0.4854E-02  0.4885E-02  0.3207E-03  0.4256E-03  0.4856E-03  0.1009E-02  0.2379E-02  0.2670E-02  0.3785E-03  0.6038E-03  0.3347E-03  0.3983E-03
      4.813  0.6995E-02  0.4771E-02  0.4916E-02  0.5743E-02  0.9214E-03  0.1284E-02  0.5726E-02  0.5434E-02  0.3496E-03  0.4522E-03  0.4522E-03  0.9805E-03  0.2606E-02  0.2904E-02  0.4032E-03  0.6697E-03  0.3541E-03  0.4178E-03
      4.823  0.1020E-01  0.6972E-02  0.5735E-02  0.6484E-02  0.1047E-02  0.1436E-02  0.6927E-02  0.6309E-02  0.3806E-03  0.5167E-03  0.4617E-03  0.9202E-03  0.2795E-02  0.3248E-02  0.4717E-03  0.6825E-03  0.3696E-03  0.4918E-03
      4.833  0.1544E-01  0.8922E-02  0.7442E-02  0.6783E-02  0.1344E-02  0.1434E-02  0.9616E-02  0.6791E-02  0.4498E-03  0.5726E-03  0.5263E-03  0.7557E-03  0.3031E-02  0.3455E-02  0.6278E-03  0.5815E-03  0.3976E-03  0.5750E-03
      4.843  0.2074E-01  0.1196E-01  0.9287E-02  0.7390E-02  0.1656E-02  0.1499E-02  0.1260E-01  0.7879E-02  0.5215E-03  0.6532E-03  0.5975E-03  0.6587E-03  0.3229E-02  0.3733E-02  0.7990E-03  0.5214E-03  0.4244E-03  0.6474E-03
      4.853  0.2608E-01  0.1501E-01  0.1127E-01  0.7785E-02  0.1982E-02  0.1527E-02  0.1587E-01  0.9007E-02  0.5956E-03  0.7246E-03  0.6751E-03  0.5426E-03  0.3389E-02  0.3982E-02  0.9852E-03  0.4711E-03  0.4499E-03  0.6926E-03
      4.863  0.3148E-01  0.1807E-01  0.1339E-01  0.8660E-02  0.2322E-02  0.1684E-02  0.1944E-01  0.1037E-01  0.6722E-03  0.7966E-03  0.7593E-03  0.5089E-03  0.3511E-02  0.4155E-02  0.1186E-02  0.4783E-03  0.4741E-03  0.7233E-03
      4.873  0.3693E-01  0.2105E-01  0.1564E-01  0.9526E-02  0.2676E-02  0.1857E-02  0.2331E-01  0.1180E-01  0.7513E-03  0.8599E-03  0.8499E-03  0.4917E-03  0.3595E-02  0.4233E-02  0.1403E-02  0.4963E-03  0.4971E-03  0.7478E-03
      4.883  0.3963E-01  0.2402E-01  0.1795E-01  0.1042E-01  0.2879E-02  0.2039E-02  0.3204E-01  0.1332E-01  0.8256E-03  0.9236E-03  0.9601E-03  0.4780E-03  0.3558E-02  0.4274E-02  0.1840E-02  0.5171E-03  0.5156E-03  0.7702E-03
      4.893  0.3069E-01  0.2699E-01  0.2043E-01  0.1137E-01  0.2275E-02  0.2230E-02  0.2309E-01  0.1494E-01  0.6061E-03  0.9902E-03  0.1009E-02  0.4671E-03  0.2817E-02  0.4292E-02  0.1437E-02  0.5402E-03  0.4520E-03  0.7958E-03
      4.903  0.2530E-01  0.2995E-01  0.1918E-01  0.1237E-01  0.1919E-02  0.2431E-02  0.2123E-01  0.1667E-01  0.5213E-03  0.1061E-02  0.9221E-03  0.4590E-03  0.2498E-02  0.4295E-02  0.1307E-02  0.5657E-03  0.4049E-03  0.8284E-03
      4.913  0.2352E-01  0.2629E-01  0.2319E-01  0.1198E-01  0.1822E-02  0.2078E-02  0.2225E-01  0.1705E-01  0.5985E-03  0.1037E-02  0.1053E-02  0.4306E-03  0.2393E-02  0.3710E-02  0.1334E-02  0.5188E-03  0.5700E-03  0.6888E-03
      4.923  0.2262E-01  0.2711E-01  0.2325E-01  0.1344E-01  0.1718E-02  0.2158E-02  0.2189E-01  0.1585E-01  0.6114E-03  0.9188E-03  0.1036E-02  0.4002E-03  0.2323E-02  0.3336E-02  0.1310E-02  0.4916E-03  0.6279E-03  0.6533E-03
      4.933  0.2240E-01  0.2528E-01  0.2386E-01  0.1508E-01  0.1630E-02  0.2012E-02  0.2241E-01  0.1767E-01  0.6571E-03  0.8102E-03  0.1040E-02  0.3691E-03  0.2433E-02  0.2913E-02  0.1315E-02  0.4971E-03  0.7472E-03  0.7359E-03
      4.943  0.2346E-01  0.2240E-01  0.2546E-01  0.1705E-01  0.1625E-02  0.1740E-02  0.2382E-01  0.2060E-01  0.7317E-03  0.8993E-03  0.1101E-02  0.3403E-03  0.2681E-02  0.2789E-02  0.1357E-02  0.4847E-03  0.9219E-03  0.9574E-03
      4.953  0.2980E-01  0.2334E-01  0.2810E-01  0.2058E-01  0.2048E-02  0.1733E-02  0.2656E-01  0.2214E-01  0.9037E-03  0.1011E-02  0.1226E-02  0.3375E-03  0.2727E-02  0.3078E-02  0.1549E-02  0.4981E-03  0.1047E-02  0.1186E-02
      4.963  0.3094E-01  0.2279E-01  0.3008E-01  0.2114E-01  0.2139E-02  0.1700E-02  0.2719E-01  0.2189E-01  0.9621E-03  0.1013E-02  0.1310E-02  0.3388E-03  0.2657E-02  0.2880E-02  0.1611E-02  0.4948E-03  0.1142E-02  0.1201E-02
      4.973  0.2797E-01  0.2262E-01  0.2842E-01  0.2202E-01  0.1961E-02  0.1702E-02  0.2574E-01  0.2201E-01  0.8896E-03  0.1026E-02  0.1276E-02  0.3483E-03  0.2430E-02  0.2694E-02  0.1559E-02  0.5034E-03  0.1063E-02  0.1258E-02
      4.983  0.2505E-01  0.2601E-01  0.2682E-01  0.2455E-01  0.1787E-02  0.1999E-02  0.2435E-01  0.2460E-01  0.8204E-03  0.1193E-02  0.1247E-02  0.4073E-03  0.2206E-02  0.2585E-02  0.1514E-02  0.5789E-03  0.9882E-03  0.1399E-02
      4.993  0.2212E-01  0.2972E-01  0.2526E-01  0.2777E-01  0.1610E-02  0.2318E-02  0.2300E-01  0.2647E-01  0.7524E-03  0.1385E-02  0.1220E-02  0.4626E-03  0.1985E-02  0.2516E-02  0.1472E-02  0.6464E-03  0.9144E-03  0.1616E-02
      5.003  0.1978E-01  0.2710E-01  0.2377E-01  0.2677E-01  0.1473E-02  0.2148E-02  0.2178E-01  0.2536E-01  0.6904E-03  0.1300E-02  0.1198E-02  0.4681E-03  0.1782E-02  0.2284E-02  0.1438E-02  0.6411E-03  0.8430E-03  0.1524E-02
      5.013  0.1856E-01  0.2450E-01  0.2237E-01  0.2578E-01  0.1416E-02  0.1976E-02  0.2075E-01  0.2427E-01  0.6378E-03  0.1216E-02  0.1183E-02  0.4735E-03  0.1613E-02  0.2059E-02  0.1418E-02  0.6369E-03  0.7756E-03  0.1431E-02
      5.023  0.2509E-01  0.2190E-01  0.2423E-01  0.2479E-01  0.2503E-02  0.1802E-02  0.2352E-01  0.2320E-01  0.7248E-03  0.1133E-02  0.2369E-02  0.4787E-03  0.2036E-02  0.1839E-02  0.2370E-02  0.6335E-03  0.8503E-03  0.1338E-02
      5.033  0.2281E-01  0.1932E-01  0.2336E-01  0.2380E-01  0.2400E-02  0.1626E-02  0.2304E-01  0.2215E-01  0.6882E-03  0.1050E-02  0.2340E-02  0.4838E-03  0.1798E-02  0.1625E-02  0.2452E-02  0.6311E-03  0.7995E-03  0.1244E-02
      5.043  0.2032E-01  0.1674E-01  0.2235E-01  0.2281E-01  0.2244E-02  0.1449E-02  0.2243E-01  0.2112E-01  0.6506E-03  0.9671E-03  0.2213E-02  0.4887E-03  0.1533E-02  0.1417E-02  0.2479E-02  0.6297E-03  0.7441E-03  0.1149E-02
      5.053  0.1808E-01  0.1476E-01  0.2141E-01  0.2190E-01  0.2081E-02  0.1321E-02  0.2150E-01  0.2020E-01  0.6141E-03  0.8930E-03  0.2028E-02  0.4957E-03  0.1250E-02  0.1223E-02  0.2421E-02  0.6320E-03  0.6903E-03  0.1057E-02
      5.063  0.1822E-01  0.1839E-01  0.2070E-01  0.2284E-01  0.2057E-02  0.2179E-02  0.2089E-01  0.2168E-01  0.5872E-03  0.9929E-03  0.2063E-02  0.1358E-02  0.1136E-02  0.1423E-02  0.2507E-02  0.1205E-02  0.6483E-03  0.1139E-02
      5.073  0.1836E-01  0.1715E-01  0.1996E-01  0.2254E-01  0.2027E-02  0.2141E-02  0.2020E-01  0.2139E-01  0.5595E-03  0.9652E-03  0.2095E-02  0.1448E-02  0.1026E-02  0.1263E-02  0.2589E-02  0.1311E-02  0.6044E-03  0.1090E-02
      5.083  0.2015E-01  0.1548E-01  0.2318E-01  0.2200E-01  0.2236E-02  0.2073E-02  0.2472E-01  0.2082E-01  0.7749E-03  0.9265E-03  0.2500E-02  0.1492E-02  0.1795E-02  0.1077E-02  0.3079E-02  0.1373E-02  0.6969E-03  0.1027E-02
      5.093  0.2486E-01  0.1401E-01  0.3474E-01  0.2138E-01  0.2656E-02  0.1969E-02  0.3309E-01  0.2017E-01  0.1074E-02  0.8872E-03  0.3474E-02  0.1478E-02  0.3580E-02  0.9059E-03  0.4050E-02  0.1447E-02  0.1191E-02  0.9572E-03
      5.103  0.2840E-01  0.1421E-01  0.3714E-01  0.2514E-01  0.2836E-02  0.2029E-02  0.3876E-01  0.2358E-01  0.1215E-02  0.1165E-02  0.3995E-02  0.1602E-02  0.5154E-02  0.1551E-02  0.4816E-02  0.1571E-02  0.1329E-02  0.1099E-02
      5.113  0.2048E-01  0.2002E-01  0.1547E-01  0.4205E-01  0.1870E-02  0.2433E-02  0.1594E-01  0.3504E-01  0.5054E-03  0.2045E-02  0.2183E-02  0.2086E-02  0.1672E-02  0.4850E-02  0.2807E-02  0.2169E-02  0.5375E-03  0.2362E-02
      5.123  0.1949E-01  0.2367E-01  0.1150E-01  0.3979E-01  0.1855E-02  0.2506E-02  0.1238E-01  0.4260E-01  0.3782E-03  0.2328E-02  0.1910E-02  0.2354E-02  0.6925E-03  0.6903E-02  0.2633E-02  0.2574E-02  0.3859E-03  0.2223E-02
      5.133  0.2056E-01  0.1334E-01  0.1155E-01  0.1248E-01  0.2000E-02  0.1632E-02  0.1265E-01  0.1193E-01  0.3899E-03  0.5777E-03  0.1986E-02  0.1463E-02  0.7272E-03  0.6764E-03  0.2802E-02  0.1719E-02  0.3975E-03  0.5913E-03
      5.143  0.2123E-01  0.1502E-01  0.1163E-01  0.1245E-01  0.2204E-02  0.1696E-02  0.1299E-01  0.1209E-01  0.4026E-03  0.6010E-03  0.2066E-02  0.1560E-02  0.7644E-03  0.7691E-03  0.2977E-02  0.1894E-02  0.4135E-03  0.6087E-03
      5.153  0.2179E-01  0.1642E-01  0.1180E-01  0.1235E-01  0.2471E-02  0.1749E-02  0.1341E-01  0.1220E-01  0.4195E-03  0.6183E-03  0.2156E-02  0.1650E-02  0.8106E-03  0.8469E-03  0.3174E-02  0.2048E-02  0.4330E-03  0.6263E-03
      5.163  0.2232E-01  0.1698E-01  0.1193E-01  0.1216E-01  0.2748E-02  0.1811E-02  0.1380E-01  0.1221E-01  0.4349E-03  0.6268E-03  0.2246E-02  0.1712E-02  0.8547E-03  0.8886E-03  0.3373E-02  0.2179E-02  0.4507E-03  0.6371E-03
      5.173  0.2363E-01  0.1747E-01  0.1269E-01  0.1205E-01  0.3222E-02  0.2018E-02  0.1472E-01  0.1234E-01  0.6135E-03  0.6459E-03  0.2479E-02  0.1783E-02  0.1745E-02  0.9349E-03  0.3890E-02  0.2344E-02  0.5022E-03  0.6559E-03
      5.183  0.2559E-01  0.1846E-01  0.1380E-01  0.1226E-01  0.3903E-02  0.2364E-02  0.1626E-01  0.1273E-01  0.8530E-03  0.7635E-03  0.2857E-02  0.1922E-02  0.2918E-02  0.1367E-02  0.4766E-02  0.2621E-02  0.5756E-03  0.7024E-03
      5.193  0.2754E-01  0.1924E-01  0.1468E-01  0.1247E-01  0.4668E-02  0.2734E-02  0.1778E-01  0.1314E-01  0.1016E-02  0.8865E-03  0.3277E-02  0.2068E-02  0.3688E-02  0.1811E-02  0.5761E-02  0.2929E-02  0.6397E-03  0.7497E-03
      5.203  0.2742E-01  0.1996E-01  0.1335E-01  0.1264E-01  0.4669E-02  0.3124E-02  0.1779E-01  0.1355E-01  0.9208E-03  0.9950E-03  0.3139E-02  0.2219E-02  0.3134E-02  0.2186E-02  0.5533E-02  0.3256E-02  0.6385E-03  0.7961E-03
      5.213  0.2396E-01  0.2077E-01  0.1130E-01  0.1284E-01  0.4197E-02  0.3544E-02  0.1614E-01  0.1402E-01  0.6198E-03  0.1096E-02  0.2774E-02  0.2381E-02  0.1724E-02  0.2503E-02  0.4720E-02  0.3610E-02  0.5246E-03  0.8457E-03
      5.223  0.2373E-01  0.2155E-01  0.1146E-01  0.1299E-01  0.4254E-02  0.3985E-02  0.1655E-01  0.1448E-01  0.5553E-03  0.1180E-02  0.2708E-02  0.2551E-02  0.1308E-02  0.2757E-02  0.4754E-02  0.3981E-02  0.5046E-03  0.8930E-03
      5.233  0.2407E-01  0.2240E-01  0.1152E-01  0.1314E-01  0.4439E-02  0.4468E-02  0.1685E-01  0.1510E-01  0.5253E-03  0.1252E-02  0.2487E-02  0.2740E-02  0.1017E-02  0.2954E-02  0.4722E-02  0.4403E-02  0.4975E-03  0.9495E-03
      5.243  0.3590E-01  0.2293E-01  0.1674E-01  0.1258E-01  0.8846E-02  0.4793E-02  0.2206E-01  0.1560E-01  0.7868E-03  0.1256E-02  0.4149E-02  0.2829E-02  0.1481E-02  0.2836E-02  0.8968E-02  0.4613E-02  0.7352E-03  0.9912E-03
      5.253  0.4732E-01  0.2090E-01  0.2024E-01  0.1067E-01  0.1387E-01  0.4521E-02  0.2709E-01  0.1413E-01  0.1008E-02  0.9949E-03  0.6365E-02  0.2576E-02  0.1785E-02  0.1771E-02  0.1420E-01  0.4102E-02  0.9201E-03  0.8754E-03
      5.263  0.5674E-01  0.2420E-01  0.2294E-01  0.1191E-01  0.1815E-01  0.5895E-02  0.3045E-01  0.1523E-01  0.1133E-02  0.1081E-02  0.1039E-01  0.2805E-02  0.1882E-02  0.1590E-02  0.1811E-01  0.5751E-02  0.1160E-02  0.9557E-03
      5.273  0.5999E-01  0.3148E-01  0.2418E-01  0.1377E-01  0.1962E-01  0.8977E-02  0.3854E-01  0.1728E-01  0.1300E-02  0.1275E-02  0.1417E-01  0.4018E-02  0.2021E-02  0.1523E-02  0.2973E-01  0.8770E-02  0.1553E-02  0.1144E-02
      5.283  0.5543E-01  0.4165E-01  0.2315E-01  0.1625E-01  0.2147E-01  0.1289E-01  0.3732E-01  0.2023E-01  0.1337E-02  0.1490E-02  0.1593E-01  0.6572E-02  0.2029E-02  0.1691E-02  0.3185E-01  0.1283E-01  0.1624E-02  0.1457E-02
      5.293  0.4979E-01  0.4891E-01  0.2160E-01  0.1788E-01  0.2364E-01  0.1557E-01  0.3324E-01  0.2197E-01  0.1286E-02  0.1563E-02  0.1718E-01  0.9496E-02  0.2008E-02  0.1755E-02  0.3181E-01  0.1708E-01  0.1626E-02  0.1643E-02
      5.303  0.4634E-01  0.5120E-01  0.2278E-01  0.1829E-01  0.2655E-01  0.1657E-01  0.2873E-01  0.2509E-01  0.1413E-02  0.1641E-02  0.1861E-01  0.1317E-01  0.2140E-02  0.1793E-02  0.3366E-01  0.2679E-01  0.1618E-02  0.1815E-02
      5.313  0.4968E-01  0.5510E-01  0.3091E-01  0.2088E-01  0.2852E-01  0.1971E-01  0.2784E-01  0.3290E-01  0.1770E-02  0.1880E-02  0.3031E-01  0.1743E-01  0.3214E-02  0.1786E-02  0.3747E-01  0.3520E-01  0.2315E-02  0.2066E-02
      5.323  0.2649E-01  0.5568E-01  0.2119E-01  0.2171E-01  0.1734E-01  0.2378E-01  0.1833E-01  0.3297E-01  0.1469E-02  0.1931E-02  0.2320E-01  0.2033E-01  0.2590E-02  0.1788E-02  0.2566E-01  0.3778E-01  0.1598E-02  0.2160E-02
      5.333  0.2040E-01  0.6050E-01  0.1757E-01  0.2678E-01  0.1607E-01  0.2743E-01  0.1545E-01  0.3025E-01  0.1492E-02  0.2048E-02  0.2572E-01  0.2345E-01  0.2462E-02  0.1929E-02  0.1565E-01  0.4418E-01  0.1350E-02  0.2158E-02
      5.343  0.1723E-01  0.7519E-01  0.1541E-01  0.4084E-01  0.1491E-01  0.2982E-01  0.1503E-01  0.3575E-01  0.1348E-02  0.2431E-02  0.2120E-01  0.4321E-01  0.2061E-02  0.3415E-02  0.1253E-01  0.5826E-01  0.1211E-02  0.3124E-02
      5.353  0.1446E-01  0.3445E-01  0.1349E-01  0.2190E-01  0.1385E-01  0.1693E-01  0.1480E-01  0.2183E-01  0.1218E-02  0.1953E-02  0.1628E-01  0.3276E-01  0.1752E-02  0.2644E-02  0.9249E-02  0.2759E-01  0.1097E-02  0.1978E-02
      5.363  0.1277E-01  0.2577E-01  0.1236E-01  0.1723E-01  0.1313E-01  0.1601E-01  0.1516E-01  0.1832E-01  0.1136E-02  0.1756E-02  0.1172E-01  0.2936E-01  0.1630E-02  0.2039E-02  0.8699E-02  0.1836E-01  0.1049E-02  0.1658E-02
      5.373  0.1202E-01  0.1821E-01  0.1159E-01  0.1330E-01  0.1249E-01  0.1502E-01  0.1555E-01  0.1503E-01  0.1084E-02  0.1570E-02  0.9072E-02  0.2214E-01  0.1657E-02  0.1486E-02  0.8315E-02  0.1015E-01  0.1038E-02  0.1401E-02
      5.383  0.1147E-01  0.1516E-01  0.1068E-01  0.1190E-01  0.1175E-01  0.1418E-01  0.1566E-01  0.1464E-01  0.1028E-02  0.1527E-02  0.6999E-02  0.1633E-01  0.1748E-02  0.1503E-02  0.7893E-02  0.1017E-01  0.1036E-02  0.1369E-02
      5.393  0.1141E-01  0.1364E-01  0.1034E-01  0.1119E-01  0.1116E-01  0.1353E-01  0.1598E-01  0.1477E-01  0.1022E-02  0.1527E-02  0.5786E-02  0.1287E-01  0.1911E-02  0.1736E-02  0.7874E-02  0.1035E-01  0.1064E-02  0.1390E-02
      5.403  0.1188E-01  0.1319E-01  0.1096E-01  0.1103E-01  0.1066E-01  0.1302E-01  0.1654E-01  0.1525E-01  0.1083E-02  0.1557E-02  0.6102E-02  0.1164E-01  0.2108E-02  0.2112E-02  0.8319E-02  0.1063E-01  0.1132E-02  0.1450E-02
      5.413  0.1220E-01  0.1275E-01  0.1156E-01  0.1105E-01  0.1004E-01  0.1242E-01  0.1708E-01  0.1573E-01  0.1142E-02  0.1546E-02  0.6296E-02  0.1016E-01  0.2266E-02  0.2439E-02  0.8696E-02  0.1050E-01  0.1188E-02  0.1513E-02
      5.423  0.1635E-01  0.1231E-01  0.1208E-01  0.1106E-01  0.9623E-02  0.1168E-01  0.1771E-01  0.1630E-01  0.1212E-02  0.1525E-02  0.6723E-02  0.8297E-02  0.2565E-02  0.2706E-02  0.9138E-02  0.1009E-01  0.1254E-02  0.1557E-02
      5.433  0.3540E-01  0.1171E-01  0.1573E-01  0.1131E-01  0.9901E-02  0.1076E-01  0.2223E-01  0.1669E-01  0.1387E-02  0.1511E-02  0.8652E-02  0.7374E-02  0.3905E-02  0.2785E-02  0.1322E-01  0.9604E-02  0.1469E-02  0.1605E-02
      5.443  0.4003E-01  0.1259E-01  0.1684E-01  0.1184E-01  0.9324E-02  0.9952E-02  0.2627E-01  0.1718E-01  0.1526E-02  0.1554E-02  0.9224E-02  0.7344E-02  0.3763E-02  0.2768E-02  0.1487E-01  0.9258E-02  0.1649E-02  0.1675E-02
      5.453  0.4210E-01  0.2082E-01  0.1763E-01  0.1231E-01  0.8982E-02  0.9499E-02  0.2852E-01  0.1890E-01  0.1661E-02  0.1689E-02  0.9532E-02  0.7649E-02  0.3475E-02  0.3264E-02  0.1626E-01  0.9833E-02  0.1773E-02  0.1805E-02
      5.463  0.5014E-01  0.2491E-01  0.3406E-01  0.1420E-01  0.1004E-01  0.9119E-02  0.4529E-01  0.1968E-01  0.3205E-02  0.1788E-02  0.1796E-01  0.8263E-02  0.4236E-02  0.3492E-02  0.2738E-01  0.1078E-01  0.2960E-02  0.1957E-02
      5.473  0.4763E-01  0.2640E-01  0.3771E-01  0.1480E-01  0.1090E-01  0.8449E-02  0.3346E-01  0.1947E-01  0.3358E-02  0.1864E-02  0.2339E-01  0.7832E-02  0.4132E-02  0.3300E-02  0.2332E-01  0.1052E-01  0.2523E-02  0.2055E-02
      5.483  0.4052E-01  0.2769E-01  0.2411E-01  0.1630E-01  0.9306E-02  0.7677E-02  0.2444E-01  0.2368E-01  0.1976E-02  0.2288E-02  0.1420E-01  0.8139E-02  0.3694E-02  0.3042E-02  0.1817E-01  0.1215E-01  0.2046E-02  0.2454E-02
      5.493  0.3596E-01  0.3161E-01  0.1812E-01  0.2345E-01  0.8710E-02  0.6763E-02  0.1891E-01  0.3535E-01  0.1647E-02  0.4067E-02  0.1121E-01  0.1100E-01  0.3290E-02  0.3028E-02  0.1590E-01  0.1894E-01  0.1593E-02  0.3718E-02
      5.503  0.3258E-01  0.3533E-01  0.1660E-01  0.2648E-01  0.8622E-02  0.6883E-02  0.1679E-01  0.3567E-01  0.1559E-02  0.3896E-02  0.1012E-01  0.1379E-01  0.3088E-02  0.3309E-02  0.1482E-01  0.2183E-01  0.1514E-02  0.4495E-02
      5.513  0.4637E-01  0.2976E-01  0.2121E-01  0.2350E-01  0.1155E-01  0.6668E-02  0.2199E-01  0.1977E-01  0.1983E-02  0.3362E-02  0.1476E-01  0.1413E-01  0.3902E-02  0.3519E-02  0.1894E-01  0.1544E-01  0.1842E-02  0.3419E-02
      5.523  0.5497E-01  0.3133E-01  0.2611E-01  0.2207E-01  0.1313E-01  0.6716E-02  0.2578E-01  0.1429E-01  0.2246E-02  0.3189E-02  0.1773E-01  0.1621E-01  0.4971E-02  0.4383E-02  0.2028E-01  0.1441E-01  0.2248E-02  0.2923E-02
      5.533  0.5474E-01  0.2933E-01  0.2852E-01  0.1457E-01  0.1426E-01  0.6284E-02  0.2765E-01  0.1383E-01  0.2338E-02  0.2650E-02  0.1792E-01  0.1148E-01  0.5843E-02  0.4901E-02  0.2066E-01  0.1389E-01  0.2475E-02  0.2690E-02
      5.543  0.5576E-01  0.2729E-01  0.3170E-01  0.1452E-01  0.1487E-01  0.6121E-02  0.3010E-01  0.1359E-01  0.2622E-02  0.2547E-02  0.1908E-01  0.1040E-01  0.7146E-02  0.4689E-02  0.2161E-01  0.1296E-01  0.2887E-02  0.2584E-02
      5.553  0.5612E-01  0.3898E-01  0.3346E-01  0.1819E-01  0.1515E-01  0.8418E-02  0.3082E-01  0.1842E-01  0.2777E-02  0.2855E-02  0.2001E-01  0.1355E-01  0.7801E-02  0.4903E-02  0.2226E-01  0.1927E-01  0.3063E-02  0.2808E-02
      5.563  0.5464E-01  0.5025E-01  0.3471E-01  0.2478E-01  0.1557E-01  0.1097E-01  0.2981E-01  0.2428E-01  0.2679E-02  0.3153E-02  0.2033E-01  0.2144E-01  0.7913E-02  0.5439E-02  0.2234E-01  0.2286E-01  0.3007E-02  0.3154E-02
      5.573  0.5186E-01  0.5150E-01  0.3471E-01  0.2691E-01  0.1569E-01  0.1214E-01  0.2880E-01  0.2720E-01  0.2514E-02  0.3095E-02  0.2024E-01  0.2163E-01  0.7784E-02  0.5923E-02  0.2192E-01  0.2340E-01  0.2860E-02  0.3187E-02
      5.583  0.4155E-01  0.5388E-01  0.2736E-01  0.2921E-01  0.1349E-01  0.1244E-01  0.2574E-01  0.3079E-01  0.2082E-02  0.3230E-02  0.1793E-01  0.2273E-01  0.6208E-02  0.6686E-02  0.1837E-01  0.2458E-01  0.2281E-02  0.3380E-02
      5.593  0.2307E-01  0.5304E-01  0.1866E-01  0.3071E-01  0.9408E-02  0.1264E-01  0.1561E-01  0.3223E-01  0.1301E-02  0.3150E-02  0.1365E-01  0.2310E-01  0.3257E-02  0.6892E-02  0.1111E-01  0.2543E-01  0.1138E-02  0.3374E-02
      5.603  0.1489E-01  0.4877E-01  0.1553E-01  0.3144E-01  0.7205E-02  0.1251E-01  0.1218E-01  0.3060E-01  0.9688E-03  0.2844E-02  0.1203E-01  0.2245E-01  0.2030E-02  0.6491E-02  0.9326E-02  0.2531E-01  0.7061E-03  0.3175E-02
      5.613  0.1088E-01  0.4507E-01  0.1415E-01  0.3242E-01  0.5611E-02  0.1243E-01  0.1110E-01  0.2937E-01  0.8329E-03  0.2528E-02  0.1140E-01  0.2181E-01  0.1396E-02  0.6175E-02  0.9619E-02  0.2521E-01  0.6027E-03  0.2949E-02
      5.623  0.1004E-01  0.3824E-01  0.1454E-01  0.2623E-01  0.4819E-02  0.1110E-01  0.1349E-01  0.2760E-01  0.1000E-02  0.2062E-02  0.1288E-01  0.1949E-01  0.1189E-02  0.5012E-02  0.1170E-01  0.2154E-01  0.7157E-03  0.2228E-02
      5.633  0.1235E-01  0.2815E-01  0.1893E-01  0.2003E-01  0.5606E-02  0.9012E-02  0.1636E-01  0.2154E-01  0.1345E-02  0.1463E-02  0.1617E-01  0.1592E-01  0.1449E-02  0.3250E-02  0.1469E-01  0.1646E-01  0.1254E-02  0.1440E-02
      5.643  0.1441E-01  0.1683E-01  0.1953E-01  0.1497E-01  0.6653E-02  0.6738E-02  0.1763E-01  0.1429E-01  0.1501E-02  0.9216E-03  0.1711E-01  0.1201E-01  0.2105E-02  0.1623E-02  0.1705E-01  0.1178E-01  0.1735E-02  0.7485E-03
      5.653  0.2059E-01  0.1185E-01  0.2416E-01  0.1282E-01  0.1073E-01  0.5188E-02  0.2064E-01  0.1195E-01  0.1829E-02  0.7895E-03  0.2469E-01  0.1033E-01  0.3394E-02  0.1124E-02  0.2066E-01  0.1113E-01  0.2657E-02  0.5791E-03
      5.663  0.2397E-01  0.1020E-01  0.2626E-01  0.1295E-01  0.1266E-01  0.4148E-02  0.2195E-01  0.1354E-01  0.2037E-02  0.9798E-03  0.2693E-01  0.1110E-01  0.3863E-02  0.1111E-02  0.2067E-01  0.1276E-01  0.2983E-02  0.7103E-03
      5.673  0.3020E-01  0.1308E-01  0.2909E-01  0.1633E-01  0.1657E-01  0.3635E-02  0.2373E-01  0.1617E-01  0.2362E-02  0.1460E-02  0.2848E-01  0.1361E-01  0.4211E-02  0.1498E-02  0.1927E-01  0.1564E-01  0.3280E-02  0.1093E-02
      5.683  0.3041E-01  0.1660E-01  0.2624E-01  0.1670E-01  0.1594E-01  0.4837E-02  0.2173E-01  0.1716E-01  0.2408E-02  0.1881E-02  0.2338E-01  0.1617E-01  0.3779E-02  0.1711E-02  0.1508E-01  0.1803E-01  0.3254E-02  0.1492E-02
      5.693  0.3101E-01  0.2422E-01  0.2339E-01  0.2266E-01  0.1568E-01  0.9794E-02  0.1953E-01  0.2629E-01  0.2419E-02  0.3050E-02  0.1889E-01  0.2123E-01  0.3446E-02  0.3642E-02  0.1146E-01  0.3422E-01  0.3213E-02  0.3583E-02
      5.703  0.2645E-01  0.4196E-01  0.1711E-01  0.4171E-01  0.1442E-01  0.2140E-01  0.1579E-01  0.3738E-01  0.1885E-02  0.4734E-02  0.1543E-01  0.4169E-01  0.2595E-02  0.5519E-02  0.1581E-01  0.4695E-01  0.2559E-02  0.6840E-02
      5.713  0.2523E-01  0.4917E-01  0.1393E-01  0.4570E-01  0.1551E-01  0.2403E-01  0.1558E-01  0.3803E-01  0.1690E-02  0.5564E-02  0.1689E-01  0.4206E-01  0.2020E-02  0.5471E-02  0.2323E-01  0.3745E-01  0.1841E-02  0.7714E-02
      5.723  0.3005E-01  0.3795E-01  0.1489E-01  0.2770E-01  0.2231E-01  0.1546E-01  0.1660E-01  0.2882E-01  0.1898E-02  0.4730E-02  0.2190E-01  0.2662E-01  0.2756E-02  0.3451E-02  0.3294E-01  0.1964E-01  0.1933E-02  0.4806E-02
      5.733  0.4145E-01  0.2619E-01  0.2418E-01  0.1330E-01  0.3188E-01  0.1017E-01  0.2604E-01  0.1357E-01  0.2423E-02  0.2210E-02  0.4889E-01  0.1595E-01  0.4239E-02  0.1705E-02  0.4660E-01  0.8530E-02  0.2524E-02  0.2285E-02
      5.743  0.4090E-01  0.2723E-01  0.1594E-01  0.9515E-02  0.3137E-01  0.1216E-01  0.2051E-01  0.1091E-01  0.2231E-02  0.2055E-02  0.2793E-01  0.1463E-01  0.4515E-02  0.2013E-02  0.2569E-01  0.9466E-02  0.2387E-02  0.2041E-02
      5.753  0.3966E-01  0.2766E-01  0.1205E-01  0.7234E-02  0.3022E-01  0.1342E-01  0.1593E-01  0.7860E-02  0.2258E-02  0.1827E-02  0.1859E-01  0.1420E-01  0.4680E-02  0.2313E-02  0.1484E-01  0.9545E-02  0.2415E-02  0.1860E-02
      5.763  0.3816E-01  0.2960E-01  0.1090E-01  0.7161E-02  0.2946E-01  0.1460E-01  0.1478E-01  0.7617E-02  0.2288E-02  0.1816E-02  0.1660E-01  0.1598E-01  0.4838E-02  0.2683E-02  0.1285E-01  0.1297E-01  0.2520E-02  0.1906E-02
      5.773  0.3594E-01  0.3361E-01  0.9880E-02  0.1253E-01  0.2871E-01  0.1690E-01  0.1393E-01  0.1676E-01  0.2277E-02  0.2288E-02  0.1475E-01  0.2660E-01  0.4910E-02  0.3476E-02  0.1152E-01  0.3594E-01  0.2595E-02  0.2601E-02
      5.783  0.3945E-01  0.3955E-01  0.9224E-02  0.2695E-01  0.3193E-01  0.2427E-01  0.1313E-01  0.4103E-01  0.2492E-02  0.3184E-02  0.1428E-01  0.5515E-01  0.6274E-02  0.6743E-02  0.1106E-01  0.5364E-01  0.3191E-02  0.3941E-02
      5.793  0.3626E-01  0.4186E-01  0.2061E-01  0.2233E-01  0.3523E-01  0.2207E-01  0.1380E-01  0.2515E-01  0.2502E-02  0.4218E-02  0.6215E-01  0.4630E-01  0.6136E-02  0.6555E-02  0.1792E-01  0.4117E-01  0.3786E-02  0.4798E-02
      5.803  0.2980E-01  0.4175E-01  0.1489E-01  0.1668E-01  0.3574E-01  0.2206E-01  0.1337E-01  0.2083E-01  0.2382E-02  0.3887E-02  0.1307E-01  0.3404E-01  0.5506E-02  0.6637E-02  0.1103E-01  0.3022E-01  0.2267E-02  0.4526E-02
      5.813  0.2430E-01  0.3996E-01  0.1125E-01  0.1175E-01  0.2839E-01  0.2147E-01  0.1195E-01  0.1621E-01  0.2109E-02  0.3417E-02  0.8804E-02  0.2234E-01  0.4519E-02  0.6554E-02  0.8146E-02  0.1777E-01  0.1832E-02  0.3823E-02
      5.823  0.2211E-01  0.3797E-01  0.1052E-01  0.9783E-02  0.2717E-01  0.2107E-01  0.1131E-01  0.1403E-01  0.2016E-02  0.3204E-02  0.7472E-02  0.1760E-01  0.4296E-02  0.6419E-02  0.7196E-02  0.1405E-01  0.1756E-02  0.3567E-02
      5.833  0.2257E-01  0.3808E-01  0.1109E-01  0.1423E-01  0.3215E-01  0.2534E-01  0.1177E-01  0.2111E-01  0.3329E-02  0.3364E-02  0.9579E-02  0.2265E-01  0.4668E-02  0.7377E-02  0.8324E-02  0.5293E-01  0.3468E-02  0.9117E-02
      5.843  0.2049E-01  0.3490E-01  0.1168E-01  0.1570E-01  0.4388E-01  0.2745E-01  0.1156E-01  0.1357E-01  0.3953E-02  0.3187E-02  0.1807E-01  0.1595E-01  0.4635E-02  0.7491E-02  0.1553E-01  0.1924E-01  0.4790E-02  0.4088E-02
      5.853  0.2073E-01  0.3488E-01  0.1304E-01  0.1505E-01  0.5105E-01  0.2844E-01  0.1253E-01  0.1284E-01  0.4391E-02  0.3944E-02  0.2167E-01  0.1440E-01  0.5083E-02  0.7626E-02  0.1731E-01  0.1353E-01  0.4692E-02  0.4045E-02
      5.863  0.2216E-01  0.3296E-01  0.1506E-01  0.1200E-01  0.4840E-01  0.2680E-01  0.1391E-01  0.1215E-01  0.5073E-02  0.4509E-02  0.1639E-01  0.1170E-01  0.5703E-02  0.6903E-02  0.1393E-01  0.1106E-01  0.4085E-02  0.3945E-02
      5.873  0.2125E-01  0.3139E-01  0.1600E-01  0.1407E-01  0.4414E-01  0.3167E-01  0.1480E-01  0.1247E-01  0.5695E-02  0.6018E-02  0.1361E-01  0.2164E-01  0.5747E-02  0.6805E-02  0.1167E-01  0.1415E-01  0.4516E-02  0.4164E-02
      5.883  0.2043E-01  0.3030E-01  0.1688E-01  0.1589E-01  0.4015E-01  0.3776E-01  0.1578E-01  0.1298E-01  0.6127E-02  0.7287E-02  0.1102E-01  0.3125E-01  0.5807E-02  0.6811E-02  0.9553E-02  0.1841E-01  0.5012E-02  0.4747E-02
      5.893  0.1599E-01  0.2971E-01  0.1614E-01  0.1735E-01  0.3511E-01  0.4553E-01  0.1528E-01  0.1369E-01  0.5759E-02  0.8309E-02  0.9228E-02  0.4011E-01  0.5110E-02  0.6933E-02  0.7865E-02  0.2390E-01  0.4758E-02  0.5527E-02
      5.904  0.1182E-01  0.3407E-01  0.1585E-01  0.1624E-01  0.3155E-01  0.5193E-01  0.1429E-01  0.1494E-01  0.5350E-02  0.8101E-02  0.8566E-02  0.3182E-01  0.4406E-02  0.7523E-02  0.6797E-02  0.2542E-01  0.4616E-02  0.6591E-02
      5.914  0.1097E-01  0.2878E-01  0.1701E-01  0.1587E-01  0.4051E-01  0.4711E-01  0.1955E-01  0.1467E-01  0.5981E-02  0.7603E-02  0.8584E-02  0.2744E-01  0.5220E-02  0.6480E-02  0.6936E-02  0.2190E-01  0.4695E-02  0.6374E-02
      5.924  0.1321E-01  0.2260E-01  0.3487E-01  0.1559E-01  0.6776E-01  0.4121E-01  0.1619E-01  0.1405E-01  0.5599E-02  0.6829E-02  0.1001E-01  0.2319E-01  0.7803E-02  0.5297E-02  0.7260E-02  0.1817E-01  0.7955E-02  0.5802E-02
      5.934  0.9512E-02  0.1685E-01  0.1113E-01  0.1547E-01  0.1423E-01  0.3599E-01  0.7171E-02  0.1331E-01  0.3033E-02  0.6062E-02  0.7279E-02  0.2023E-01  0.1913E-02  0.4190E-02  0.5576E-02  0.1518E-01  0.2074E-02  0.5284E-02
      5.944  0.1231E-01  0.1334E-01  0.1235E-01  0.1681E-01  0.2014E-01  0.4795E-01  0.8436E-02  0.2167E-01  0.3210E-02  0.7063E-02  0.7221E-02  0.1975E-01  0.2326E-02  0.4195E-02  0.5556E-02  0.1427E-01  0.2218E-02  0.5157E-02
      5.954  0.1606E-01  0.1586E-01  0.1307E-01  0.3351E-01  0.2592E-01  0.8231E-01  0.1027E-01  0.2212E-01  0.3250E-02  0.7322E-02  0.7045E-02  0.2171E-01  0.2896E-02  0.4803E-02  0.5341E-02  0.1424E-01  0.2493E-02  0.7380E-02
      5.964  0.1931E-01  0.9679E-02  0.1311E-01  0.1045E-01  0.4395E-01  0.1248E-01  0.1213E-01  0.6716E-02  0.3267E-02  0.2599E-02  0.6567E-02  0.1410E-01  0.3841E-02  0.1661E-02  0.5104E-02  0.9934E-02  0.2805E-02  0.2167E-02
      5.974  0.3072E-01  0.1153E-01  0.1426E-01  0.1095E-01  0.1100E+00  0.1256E-01  0.1831E-01  0.7386E-02  0.4771E-02  0.2325E-02  0.6319E-02  0.1227E-01  0.7014E-02  0.1723E-02  0.5360E-02  0.9107E-02  0.3496E-02  0.2083E-02
      5.984  0.1626E-01  0.1468E-01  0.1150E-01  0.1176E-01  0.8417E-02  0.1637E-01  0.1153E-01  0.8353E-02  0.1776E-02  0.2390E-02  0.4782E-02  0.1128E-01  0.1952E-02  0.1997E-02  0.4290E-02  0.8835E-02  0.1895E-02  0.2273E-02
      5.994  0.1293E-01  0.1960E-01  0.1261E-01  0.1272E-01  0.7832E-02  0.2192E-01  0.1200E-01  0.1009E-01  0.1511E-02  0.2862E-02  0.4648E-02  0.1145E-01  0.1545E-02  0.2435E-02  0.4248E-02  0.8818E-02  0.1553E-02  0.2841E-02
      6.004  0.1317E-01  0.2411E-01  0.1390E-01  0.1273E-01  0.7655E-02  0.3440E-01  0.1323E-01  0.1199E-01  0.1531E-02  0.3057E-02  0.4611E-02  0.1091E-01  0.1509E-02  0.3047E-02  0.4275E-02  0.8535E-02  0.1541E-02  0.3168E-02
      6.014  0.1878E-01  0.3061E-01  0.2028E-01  0.1308E-01  0.8120E-02  0.5709E-01  0.1984E-01  0.1447E-01  0.1804E-02  0.3515E-02  0.4955E-02  0.1031E-01  0.1588E-02  0.4285E-02  0.4954E-02  0.8356E-02  0.1927E-02  0.3660E-02
      6.024  0.2541E-01  0.2612E-01  0.2778E-01  0.1126E-01  0.8610E-02  0.4178E-01  0.2712E-01  0.1204E-01  0.2103E-02  0.2670E-02  0.5332E-02  0.8211E-02  0.1667E-02  0.2988E-02  0.5651E-02  0.7320E-02  0.2367E-02  0.2797E-02
      6.034  0.4401E-01  0.1801E-01  0.3893E-01  0.1135E-01  0.9916E-02  0.8217E-02  0.4279E-01  0.1161E-01  0.2487E-02  0.2184E-02  0.5909E-02  0.7520E-02  0.2755E-02  0.1265E-02  0.7001E-02  0.6739E-02  0.3188E-02  0.2375E-02
      6.044  0.5320E-01  0.1639E-01  0.4257E-01  0.1224E-01  0.1024E-01  0.7818E-02  0.5731E-01  0.1225E-01  0.2980E-02  0.2134E-02  0.6595E-02  0.7202E-02  0.3401E-02  0.1166E-02  0.7874E-02  0.6514E-02  0.3241E-02  0.2154E-02
      6.054  0.8973E-01  0.2794E-01  0.6532E-01  0.2017E-01  0.1254E-01  0.9930E-02  0.1115E+00  0.1914E-01  0.5432E-02  0.2813E-02  0.9729E-02  0.7060E-02  0.5422E-02  0.1502E-02  0.1214E-01  0.7198E-02  0.4014E-02  0.3252E-02
      6.064  0.2302E-01  0.4239E-01  0.1732E-01  0.2812E-01  0.4379E-02  0.1129E-01  0.3752E-01  0.2789E-01  0.2733E-02  0.3683E-02  0.4282E-02  0.7137E-02  0.1203E-02  0.1897E-02  0.5073E-02  0.7678E-02  0.1559E-02  0.4278E-02
      6.074  0.5070E-02  0.4911E-01  0.9670E-02  0.2888E-01  0.1911E-02  0.1101E-01  0.9195E-02  0.3422E-01  0.1212E-02  0.4206E-02  0.2574E-02  0.7426E-02  0.8390E-03  0.2137E-02  0.2460E-02  0.7508E-02  0.1344E-02  0.4218E-02
      6.084  0.7776E-02  0.6084E-01  0.1219E-01  0.3182E-01  0.2511E-02  0.1115E-01  0.1190E-01  0.4283E-01  0.1523E-02  0.5268E-02  0.2797E-02  0.7891E-02  0.1313E-02  0.2549E-02  0.2837E-02  0.7554E-02  0.1596E-02  0.4484E-02
      6.094  0.1020E-01  0.7255E-01  0.1748E-01  0.3174E-01  0.3300E-02  0.1094E-01  0.1511E-01  0.5286E-01  0.1912E-02  0.6614E-02  0.3447E-02  0.8143E-02  0.1825E-02  0.3064E-02  0.3362E-02  0.7376E-02  0.2010E-02  0.4527E-02
      6.104  0.1222E-01  0.3045E-01  0.2373E-01  0.1713E-01  0.3958E-02  0.4778E-02  0.1784E-01  0.2288E-01  0.2264E-02  0.3529E-02  0.4201E-02  0.5029E-02  0.2307E-02  0.1858E-02  0.3817E-02  0.4258E-02  0.2460E-02  0.2965E-02
      6.114  0.1349E-01  0.7836E-02  0.2530E-01  0.9872E-02  0.4184E-02  0.2543E-02  0.1889E-01  0.8932E-02  0.2494E-02  0.1579E-02  0.4414E-02  0.3648E-02  0.2602E-02  0.1093E-02  0.4015E-02  0.3435E-02  0.2720E-02  0.2174E-02
      6.124  0.1365E-01  0.6861E-02  0.2656E-01  0.1287E-01  0.4263E-02  0.3111E-02  0.1965E-01  0.1185E-01  0.2673E-02  0.1866E-02  0.4635E-02  0.4062E-02  0.2800E-02  0.1352E-02  0.4298E-02  0.3850E-02  0.2977E-02  0.2502E-02
      6.134  0.1390E-01  0.1055E-01  0.2790E-01  0.1894E-01  0.4722E-02  0.3866E-02  0.2157E-01  0.1663E-01  0.2896E-02  0.2510E-02  0.4907E-02  0.4744E-02  0.2954E-02  0.1930E-02  0.4832E-02  0.4533E-02  0.3318E-02  0.3204E-02
      6.144  0.1418E-01  0.1297E-01  0.2909E-01  0.2508E-01  0.5282E-02  0.4442E-02  0.2362E-01  0.2007E-01  0.3154E-02  0.3124E-02  0.5205E-02  0.5458E-02  0.3110E-02  0.2417E-02  0.5453E-02  0.5122E-02  0.3701E-02  0.3906E-02
      6.154  0.1444E-01  0.1299E-01  0.3016E-01  0.2654E-01  0.5965E-02  0.4810E-02  0.2567E-01  0.2144E-01  0.3461E-02  0.3544E-02  0.5528E-02  0.5908E-02  0.3264E-02  0.2684E-02  0.6164E-02  0.5726E-02  0.4117E-02  0.4462E-02
      6.164  0.1432E-01  0.1310E-01  0.2817E-01  0.2764E-01  0.6935E-02  0.5689E-02  0.2847E-01  0.2388E-01  0.3826E-02  0.4019E-02  0.5615E-02  0.6499E-02  0.3581E-02  0.2974E-02  0.6563E-02  0.6701E-02  0.5096E-02  0.5177E-02
      6.174  0.1472E-01  0.1301E-01  0.2543E-01  0.2860E-01  0.7647E-02  0.6639E-02  0.2170E-01  0.2609E-01  0.3663E-02  0.4601E-02  0.4555E-02  0.7122E-02  0.2292E-02  0.3244E-02  0.3720E-02  0.7875E-02  0.3016E-02  0.6001E-02
      6.184  0.1419E-01  0.1282E-01  0.2563E-01  0.2950E-01  0.8957E-02  0.7526E-02  0.2164E-01  0.3042E-01  0.4266E-02  0.5382E-02  0.5181E-02  0.7997E-02  0.2256E-02  0.3782E-02  0.4080E-02  0.1087E-01  0.3138E-02  0.8021E-02
      6.194  0.1306E-01  0.1156E-01  0.2416E-01  0.2316E-01  0.1025E-01  0.7833E-02  0.2020E-01  0.2085E-01  0.4395E-02  0.5015E-02  0.5252E-02  0.5886E-02  0.2029E-02  0.2302E-02  0.4298E-02  0.4407E-02  0.3151E-02  0.4908E-02
      6.204  0.1170E-01  0.1057E-01  0.2088E-01  0.2277E-01  0.1130E-01  0.8628E-02  0.1702E-01  0.2037E-01  0.3789E-02  0.6192E-02  0.4686E-02  0.6682E-02  0.1499E-02  0.2247E-02  0.4265E-02  0.4986E-02  0.2911E-02  0.5285E-02
      6.214  0.1058E-01  0.8922E-02  0.1679E-01  0.1950E-01  0.1224E-01  0.8874E-02  0.1390E-01  0.1676E-01  0.3125E-02  0.6147E-02  0.3869E-02  0.6017E-02  0.1008E-02  0.1825E-02  0.3633E-02  0.5316E-02  0.2183E-02  0.5245E-02
      6.224  0.1538E-01  0.7311E-02  0.1419E-01  0.1480E-01  0.1385E-01  0.8760E-02  0.1117E-01  0.1272E-01  0.3755E-02  0.5701E-02  0.5328E-02  0.4894E-02  0.6621E-03  0.1308E-02  0.5093E-02  0.4904E-02  0.3050E-02  0.4541E-02
      6.234  0.1608E-01  0.8043E-02  0.1597E-01  0.9569E-02  0.2750E-01  0.8903E-02  0.1511E-01  0.9433E-02  0.6035E-02  0.5550E-02  0.7487E-02  0.4446E-02  0.7178E-03  0.8137E-03  0.1354E-01  0.4122E-02  0.4127E-02  0.2999E-02
      6.244  0.1615E-01  0.1741E-01  0.1916E-01  0.1016E-01  0.3420E-01  0.1117E-01  0.1775E-01  0.9543E-02  0.6461E-02  0.6897E-02  0.1164E-01  0.8977E-02  0.1167E-02  0.9032E-03  0.1609E-01  0.7957E-02  0.6038E-02  0.4752E-02
      6.254  0.1998E-01  0.1754E-01  0.4279E-01  0.1074E-01  0.6695E-01  0.1477E-01  0.3634E-01  0.1049E-01  0.1253E-01  0.7862E-02  0.2919E-01  0.1056E-01  0.2455E-02  0.9107E-03  0.4711E-01  0.1003E-01  0.1496E-01  0.5499E-02
      6.264  0.1514E-01  0.1841E-01  0.4320E-01  0.1280E-01  0.4929E-01  0.1988E-01  0.3745E-01  0.1261E-01  0.1154E-01  0.9719E-02  0.3848E-01  0.1266E-01  0.2969E-02  0.1027E-02  0.4898E-01  0.1336E-01  0.2057E-01  0.6738E-02
      6.274  0.1103E-01  0.1976E-01  0.3858E-01  0.1676E-01  0.3525E-01  0.2559E-01  0.5345E-01  0.1584E-01  0.8459E-02  0.1211E-01  0.3475E-01  0.1493E-01  0.2847E-02  0.1300E-02  0.3078E-01  0.1771E-01  0.1540E-01  0.8452E-02
      6.284  0.7762E-02  0.2058E-01  0.2012E-01  0.2161E-01  0.2195E-01  0.2976E-01  0.3656E-01  0.1999E-01  0.4148E-02  0.1375E-01  0.1361E-01  0.1676E-01  0.1822E-02  0.1670E-02  0.1162E-01  0.2146E-01  0.5547E-02  0.1012E-01
      6.294  0.1073E-01  0.2704E-01  0.3092E-01  0.5151E-01  0.2603E-01  0.5007E-01  0.2979E-01  0.6482E-01  0.6963E-02  0.1888E-01  0.1132E-01  0.4036E-01  0.2386E-02  0.4203E-02  0.1031E-01  0.7239E-01  0.1160E-01  0.5229E-01
      6.304  0.1020E-01  0.2555E-01  0.2900E-01  0.5613E-01  0.2726E-01  0.4525E-01  0.1966E-01  0.5220E-01  0.7641E-02  0.1569E-01  0.8834E-02  0.3077E-01  0.2656E-02  0.3984E-02  0.8229E-02  0.4112E-01  0.1123E-01  0.2254E-01
      6.314  0.9622E-02  0.3389E-01  0.2868E-01  0.5238E-01  0.3131E-01  0.4473E-01  0.2010E-01  0.5606E-01  0.8654E-02  0.2161E-01  0.9419E-02  0.2696E-01  0.3048E-02  0.5288E-02  0.6995E-02  0.2311E-01  0.9899E-02  0.1797E-01
      6.324  0.8515E-02  0.3924E-01  0.2476E-01  0.5838E-01  0.3148E-01  0.6768E-01  0.1960E-01  0.5916E-01  0.9500E-02  0.2524E-01  0.9651E-02  0.3604E-01  0.3285E-02  0.7953E-02  0.5717E-02  0.2635E-01  0.7946E-02  0.2052E-01
      6.334  0.6835E-02  0.3336E-01  0.1840E-01  0.4751E-01  0.2809E-01  0.6338E-01  0.1743E-01  0.4458E-01  0.7850E-02  0.1850E-01  0.7935E-02  0.3221E-01  0.2975E-02  0.7531E-02  0.4368E-02  0.2001E-01  0.6081E-02  0.1462E-01
      6.344  0.6233E-02  0.2663E-01  0.1735E-01  0.3355E-01  0.2634E-01  0.5561E-01  0.1630E-01  0.2755E-01  0.4903E-02  0.1270E-01  0.6444E-02  0.2567E-01  0.2755E-02  0.6501E-02  0.4872E-02  0.1371E-01  0.4662E-02  0.1006E-01
      6.354  0.7281E-02  0.1713E-01  0.1998E-01  0.2005E-01  0.2682E-01  0.4045E-01  0.1974E-01  0.1752E-01  0.2880E-02  0.6341E-02  0.6307E-02  0.1204E-01  0.3439E-02  0.4369E-02  0.8330E-02  0.7020E-02  0.3949E-02  0.5325E-02
      6.364  0.9528E-02  0.1353E-01  0.1939E-01  0.1496E-01  0.2354E-01  0.3396E-01  0.2086E-01  0.1375E-01  0.2421E-02  0.3368E-02  0.5759E-02  0.7321E-02  0.4158E-02  0.3554E-02  0.8718E-02  0.4465E-02  0.3444E-02  0.3884E-02
      6.374  0.1297E-01  0.1199E-01  0.1714E-01  0.1337E-01  0.1908E-01  0.2951E-01  0.2001E-01  0.1254E-01  0.2234E-02  0.2490E-02  0.4615E-02  0.5944E-02  0.4511E-02  0.3203E-02  0.6235E-02  0.3769E-02  0.2941E-02  0.3092E-02
      6.384  0.2190E-01  0.1073E-01  0.2557E-01  0.1221E-01  0.1827E-01  0.2457E-01  0.3494E-01  0.1175E-01  0.2875E-02  0.1935E-02  0.5346E-02  0.5028E-02  0.7220E-02  0.2903E-02  0.7340E-02  0.3271E-02  0.4630E-02  0.2363E-02
      6.394  0.2472E-01  0.1537E-01  0.2567E-01  0.2142E-01  0.1687E-01  0.2784E-01  0.3344E-01  0.2275E-01  0.2740E-02  0.4022E-02  0.5131E-02  0.1195E-01  0.7701E-02  0.1435E-01  0.7268E-02  0.9957E-02  0.4064E-02  0.4131E-02
      6.404  0.2503E-01  0.1613E-01  0.2418E-01  0.2248E-01  0.1543E-01  0.2132E-01  0.3025E-01  0.2264E-01  0.2433E-02  0.3010E-02  0.4823E-02  0.9638E-02  0.7823E-02  0.1119E-01  0.6935E-02  0.8660E-02  0.3477E-02  0.2965E-02
      6.414  0.2251E-01  0.2081E-01  0.1908E-01  0.4110E-01  0.1387E-01  0.1623E-01  0.2628E-01  0.3208E-01  0.2072E-02  0.3860E-02  0.4456E-02  0.1086E-01  0.7403E-02  0.6296E-02  0.6247E-02  0.8431E-02  0.2721E-02  0.3157E-02
      6.424  0.1910E-01  0.2096E-01  0.1408E-01  0.2692E-01  0.1236E-01  0.1035E-01  0.2216E-01  0.2888E-01  0.1725E-02  0.2221E-02  0.4074E-02  0.7793E-02  0.6658E-02  0.5118E-02  0.5599E-02  0.7429E-02  0.2001E-02  0.2231E-02
      6.434  0.1952E-01  0.2079E-01  0.1302E-01  0.2521E-01  0.1283E-01  0.8902E-02  0.2112E-01  0.2741E-01  0.1594E-02  0.2054E-02  0.4103E-02  0.7858E-02  0.6778E-02  0.5313E-02  0.5640E-02  0.8109E-02  0.1686E-02  0.1991E-02
      6.444  0.1824E-01  0.2026E-01  0.1075E-01  0.2394E-01  0.9268E-02  0.7761E-02  0.1879E-01  0.2629E-01  0.1307E-02  0.1952E-02  0.3447E-02  0.8289E-02  0.5779E-02  0.5543E-02  0.5505E-02  0.8961E-02  0.1391E-02  0.1834E-02
      6.454  0.1733E-01  0.1939E-01  0.9971E-02  0.2269E-01  0.9329E-02  0.6566E-02  0.1728E-01  0.2509E-01  0.1168E-02  0.1887E-02  0.3517E-02  0.8697E-02  0.5359E-02  0.5711E-02  0.5356E-02  0.9727E-02  0.1166E-02  0.1719E-02
      6.464  0.1756E-01  0.2383E-01  0.1226E-01  0.2529E-01  0.1067E-01  0.7398E-02  0.1855E-01  0.2656E-01  0.1625E-02  0.4961E-02  0.4884E-02  0.1339E-01  0.5600E-02  0.6502E-02  0.5925E-02  0.1395E-01  0.1334E-02  0.4674E-02
      6.474  0.1796E-01  0.4113E-01  0.1543E-01  0.3476E-01  0.1226E-01  0.9008E-02  0.2039E-01  0.3351E-01  0.2267E-02  0.1164E-01  0.6270E-02  0.2132E-01  0.5930E-02  0.8219E-02  0.6589E-02  0.2193E-01  0.1650E-02  0.1011E-01
      6.484  0.1236E-01  0.4170E-01  0.1590E-01  0.3545E-01  0.5594E-02  0.9590E-02  0.1591E-01  0.3253E-01  0.2436E-02  0.8057E-02  0.5311E-02  0.1882E-01  0.4696E-02  0.8747E-02  0.4410E-02  0.1811E-01  0.1571E-02  0.7477E-02
      6.494  0.1087E-01  0.4427E-01  0.2007E-01  0.3637E-01  0.5255E-02  0.1009E-01  0.1610E-01  0.3305E-01  0.2835E-02  0.5941E-02  0.6066E-02  0.1640E-01  0.4765E-02  0.9736E-02  0.4458E-02  0.1512E-01  0.1938E-02  0.5687E-02
      6.504  0.1476E-01  0.5223E-01  0.2594E-01  0.4042E-01  0.6830E-02  0.1134E-01  0.2090E-01  0.3771E-01  0.3330E-02  0.5233E-02  0.7212E-02  0.1501E-01  0.6438E-02  0.1195E-01  0.5529E-02  0.1404E-01  0.2486E-02  0.4731E-02
      6.514  0.1866E-01  0.1428E+00  0.3177E-01  0.7189E-01  0.8509E-02  0.2927E-01  0.2546E-01  0.1110E+00  0.3824E-02  0.6882E-02  0.8233E-02  0.1602E-01  0.8155E-02  0.3162E-01  0.6493E-02  0.2567E-01  0.3011E-02  0.1314E-01
      6.524  0.2365E-01  0.1105E+00  0.3807E-01  0.9708E-01  0.1087E-01  0.4209E-01  0.3073E-01  0.1088E+00  0.4496E-02  0.1127E-01  0.9066E-02  0.2022E-01  0.1043E-01  0.3479E-01  0.7528E-02  0.3222E-01  0.3831E-02  0.1319E-01
      6.534  0.2967E-01  0.6688E-01  0.4422E-01  0.6835E-01  0.1385E-01  0.2751E-01  0.3626E-01  0.8435E-01  0.5428E-02  0.1073E-01  0.9435E-02  0.1852E-01  0.1320E-01  0.2774E-01  0.8641E-02  0.1598E-01  0.4656E-02  0.9611E-02
      6.544  0.3209E-01  0.5376E-01  0.4798E-01  0.8296E-01  0.1539E-01  0.2595E-01  0.3830E-01  0.7422E-01  0.5875E-02  0.8466E-02  0.9195E-02  0.2531E-01  0.1435E-01  0.2969E-01  0.8843E-02  0.8965E-02  0.4646E-02  0.1234E-01
      6.554  0.3987E-01  0.2222E-02  0.5797E-01  0.4978E-01  0.2843E-01  0.7278E-02  0.4117E-01  0.5889E-01  0.7327E-02  0.2957E-02  0.1376E-01  0.7090E-02  0.1883E-01  0.2418E-02  0.8601E-02  0.7643E-02  0.4920E-02  0.3722E-02
      6.564  0.2057E-01  0.2289E-02  0.2902E-01  0.3923E-01  0.1660E-01  0.8074E-02  0.2139E-01  0.4661E-01  0.4577E-02  0.2630E-02  0.8586E-02  0.7249E-02  0.9991E-02  0.2636E-02  0.5619E-02  0.7349E-02  0.3293E-02  0.3453E-02
      6.574  0.1924E-01  0.2376E-02  0.2621E-01  0.3001E-01  0.1539E-01  0.8866E-02  0.1942E-01  0.3213E-01  0.4325E-02  0.2355E-02  0.8126E-02  0.7421E-02  0.9459E-02  0.2837E-02  0.5291E-02  0.6826E-02  0.2900E-02  0.3210E-02
      6.584  0.1788E-01  0.2799E-02  0.2360E-01  0.2699E-01  0.1406E-01  0.1414E-01  0.1754E-01  0.1904E-01  0.4007E-02  0.2669E-02  0.7664E-02  0.1055E-01  0.8885E-02  0.3727E-02  0.4957E-02  0.7866E-02  0.2491E-02  0.3495E-02
      6.594  0.1409E-01  0.3688E-02  0.1773E-01  0.3509E-01  0.1096E-01  0.2529E-01  0.1290E-01  0.2469E-01  0.3076E-02  0.3800E-02  0.6412E-02  0.1775E-01  0.6746E-02  0.5617E-02  0.3426E-02  0.1228E-01  0.1651E-02  0.5337E-02
      6.604  0.9527E-02  0.9220E-02  0.1091E-01  0.6266E-01  0.7565E-02  0.7218E-01  0.8415E-02  0.5790E-01  0.1997E-02  0.1114E-01  0.4640E-02  0.2987E-01  0.4400E-02  0.1643E-01  0.1816E-02  0.4669E-01  0.8808E-03  0.1138E-01
      6.614  0.9210E-02  0.1222E-01  0.8461E-02  0.4565E-01  0.6243E-02  0.5857E-01  0.7782E-02  0.5050E-01  0.1622E-02  0.7849E-02  0.3725E-02  0.3189E-01  0.4488E-02  0.1586E-01  0.1635E-02  0.2933E-01  0.8529E-03  0.1248E-01
      6.624  0.1213E-01  0.7284E-02  0.8220E-02  0.2237E-01  0.6122E-02  0.2389E-01  0.8772E-02  0.2272E-01  0.1694E-02  0.4965E-02  0.3577E-02  0.1125E-01  0.6147E-02  0.6487E-02  0.1740E-02  0.1268E-01  0.1085E-02  0.6422E-02
      6.634  0.1495E-01  0.5179E-02  0.8057E-02  0.1552E-01  0.6065E-02  0.1611E-01  0.9968E-02  0.1545E-01  0.1773E-02  0.3437E-02  0.3452E-02  0.7997E-02  0.7673E-02  0.4331E-02  0.1834E-02  0.8954E-02  0.1287E-02  0.4388E-02
      6.644  0.1761E-01  0.6851E-02  0.7911E-02  0.1401E-01  0.6037E-02  0.1160E-01  0.1135E-01  0.1104E-01  0.1843E-02  0.2561E-02  0.3326E-02  0.6129E-02  0.9040E-02  0.5462E-02  0.1913E-02  0.6281E-02  0.1456E-02  0.2954E-02
      6.654  0.2010E-01  0.1579E-01  0.7783E-02  0.1840E-01  0.6040E-02  0.1494E-01  0.1291E-01  0.1332E-01  0.1907E-02  0.4065E-02  0.3199E-02  0.6642E-02  0.1025E-01  0.1251E-01  0.1976E-02  0.6853E-02  0.1591E-02  0.3007E-02
      6.664  0.2651E-01  0.2603E-01  0.9808E-02  0.2407E-01  0.8357E-02  0.1989E-01  0.1784E-01  0.1718E-01  0.2732E-02  0.5546E-02  0.4481E-02  0.8361E-02  0.1279E-01  0.2032E-01  0.2016E-02  0.7805E-02  0.1893E-02  0.3502E-02
      6.674  0.2064E-01  0.3727E-01  0.7192E-02  0.3001E-01  0.9717E-02  0.2536E-01  0.1414E-01  0.2196E-01  0.2136E-02  0.6871E-02  0.2329E-02  0.1061E-01  0.1647E-01  0.2865E-01  0.2416E-02  0.9042E-02  0.1745E-02  0.4124E-02
      6.684  0.2339E-01  0.4923E-01  0.1187E-01  0.3545E-01  0.1734E-01  0.3054E-01  0.1972E-01  0.2714E-01  0.3919E-02  0.7801E-02  0.3718E-02  0.1304E-01  0.2418E-01  0.3734E-01  0.3887E-02  0.1035E-01  0.2318E-02  0.4777E-02
      6.694  0.1917E-01  0.6174E-01  0.1153E-01  0.4071E-01  0.1365E-01  0.3556E-01  0.1802E-01  0.3362E-01  0.3984E-02  0.8980E-02  0.3531E-02  0.1644E-01  0.1982E-01  0.4636E-01  0.3618E-02  0.1211E-01  0.2086E-02  0.5661E-02
      6.704  0.9866E-02  0.7496E-01  0.7535E-02  0.4593E-01  0.6434E-02  0.4042E-01  0.1002E-01  0.4085E-01  0.2846E-02  0.1087E-01  0.2251E-02  0.2018E-01  0.9848E-02  0.5583E-01  0.2492E-02  0.1422E-01  0.1404E-02  0.6526E-02
      6.714  0.7893E-02  0.4765E-01  0.6645E-02  0.3957E-01  0.4732E-02  0.3295E-01  0.7663E-02  0.4132E-01  0.2253E-02  0.1282E-01  0.1789E-02  0.2161E-01  0.7271E-02  0.3676E-01  0.2334E-02  0.1437E-01  0.1280E-02  0.8026E-02
      6.724  0.7955E-02  0.2510E-01  0.6658E-02  0.6453E-01  0.4488E-02  0.2799E-01  0.7650E-02  0.4037E-01  0.2202E-02  0.1581E-01  0.1808E-02  0.3056E-01  0.7125E-02  0.1791E-01  0.2330E-02  0.2488E-01  0.1307E-02  0.2215E-01
      6.734  0.7960E-02  0.5950E-02  0.6655E-02  0.1776E-01  0.4258E-02  0.6999E-02  0.7605E-02  0.7414E-02  0.2152E-02  0.4053E-02  0.1817E-02  0.6742E-02  0.6965E-02  0.4651E-02  0.2318E-02  0.7081E-02  0.1328E-02  0.5395E-02
      6.744  0.7909E-02  0.4843E-02  0.6635E-02  0.5116E-02  0.4043E-02  0.4900E-02  0.7527E-02  0.5756E-02  0.2101E-02  0.2436E-02  0.1815E-02  0.4480E-02  0.6790E-02  0.4697E-02  0.2298E-02  0.5513E-02  0.1343E-02  0.1873E-02
      6.754  0.7805E-02  0.8687E-02  0.6607E-02  0.6445E-02  0.3846E-02  0.7025E-02  0.7420E-02  0.7704E-02  0.2051E-02  0.2870E-02  0.1805E-02  0.6124E-02  0.6604E-02  0.6694E-02  0.2272E-02  0.7905E-02  0.1352E-02  0.2330E-02
      6.764  0.7740E-02  0.1278E-01  0.6765E-02  0.7858E-02  0.3756E-02  0.9272E-02  0.7455E-02  0.9704E-02  0.2072E-02  0.3275E-02  0.1819E-02  0.7846E-02  0.6460E-02  0.8790E-02  0.2275E-02  0.1025E-01  0.1377E-02  0.2782E-02
      6.774  0.6790E-02  0.1663E-01  0.6340E-02  0.1150E-01  0.3883E-02  0.1327E-01  0.7702E-02  0.1465E-01  0.2299E-02  0.4342E-02  0.1897E-02  0.1056E-01  0.5622E-02  0.1065E-01  0.2061E-02  0.1461E-01  0.1355E-02  0.3889E-02
      6.784  0.5621E-02  0.1935E-01  0.5592E-02  0.1259E-01  0.3762E-02  0.1938E-01  0.7398E-02  0.1550E-01  0.2248E-02  0.4185E-02  0.1863E-02  0.1229E-01  0.4676E-02  0.1286E-01  0.1769E-02  0.1746E-01  0.1262E-02  0.3931E-02
      6.794  0.4359E-02  0.3039E-01  0.4478E-02  0.2477E-01  0.3147E-02  0.3143E-01  0.5966E-02  0.2303E-01  0.1880E-02  0.5391E-02  0.1562E-02  0.3142E-01  0.3694E-02  0.2751E-01  0.1384E-02  0.2605E-01  0.1030E-02  0.5953E-02
      6.804  0.3118E-02  0.3177E-01  0.3401E-02  0.3313E-01  0.2504E-02  0.4968E-01  0.4539E-02  0.3056E-01  0.1514E-02  0.6808E-02  0.1262E-02  0.3955E-01  0.2730E-02  0.2995E-01  0.9846E-03  0.3030E-01  0.7934E-03  0.6684E-02
      6.814  0.1899E-02  0.2572E-01  0.2361E-02  0.1926E-01  0.1833E-02  0.3092E-01  0.3115E-02  0.1941E-01  0.1150E-02  0.4771E-02  0.9622E-03  0.2493E-01  0.1784E-02  0.2085E-01  0.5703E-03  0.1881E-01  0.5534E-03  0.4319E-02
      6.824  0.1106E-02  0.2091E-01  0.1700E-02  0.1463E-01  0.1496E-02  0.2620E-01  0.2159E-02  0.1460E-01  0.8774E-03  0.4163E-02  0.7335E-03  0.2029E-01  0.1135E-02  0.1689E-01  0.3474E-03  0.1434E-01  0.4114E-03  0.3560E-02
      6.834  0.7210E-03  0.1243E-01  0.1308E-02  0.7542E-02  0.1244E-02  0.1503E-01  0.1612E-02  0.7579E-02  0.6578E-03  0.2911E-02  0.5800E-03  0.8980E-02  0.7409E-03  0.9187E-02  0.2851E-03  0.9001E-02  0.3085E-03  0.2217E-02
      6.844  0.4566E-03  0.9354E-02  0.9940E-03  0.7634E-02  0.1117E-02  0.1421E-01  0.1270E-02  0.6504E-02  0.4518E-03  0.2279E-02  0.4530E-03  0.7638E-02  0.3862E-03  0.6722E-02  0.2314E-03  0.7819E-02  0.2871E-03  0.1750E-02
      6.854  0.1441E-02  0.8347E-02  0.1414E-02  0.7472E-02  0.2228E-02  0.1620E-01  0.2620E-02  0.1050E-01  0.4813E-03  0.2249E-02  0.6277E-03  0.7674E-02  0.6382E-03  0.5038E-02  0.2612E-03  0.8112E-02  0.9878E-03  0.1586E-02
      6.864  0.2681E-02  0.9365E-02  0.1905E-02  0.7351E-02  0.3529E-02  0.1639E-01  0.3981E-02  0.1004E-01  0.6069E-03  0.1969E-02  0.8945E-03  0.6605E-02  0.1103E-02  0.5028E-02  0.3191E-03  0.7773E-02  0.1584E-02  0.1473E-02
      6.874  0.4031E-02  0.1086E-01  0.2348E-02  0.7829E-02  0.4952E-02  0.1773E-01  0.5192E-02  0.1025E-01  0.7542E-03  0.1963E-02  0.1206E-02  0.6915E-02  0.1624E-02  0.5736E-02  0.3907E-03  0.8002E-02  0.2038E-02  0.1477E-02
      6.884  0.5542E-02  0.1222E-01  0.8373E-02  0.8323E-02  0.6982E-02  0.1907E-01  0.6392E-02  0.1047E-01  0.9860E-03  0.1960E-02  0.2110E-02  0.7251E-02  0.2901E-02  0.6383E-02  0.9060E-03  0.8244E-02  0.1947E-02  0.1485E-02
      6.894  0.5323E-02  0.1353E-01  0.1078E-01  0.8941E-02  0.6247E-02  0.2042E-01  0.5692E-02  0.1088E-01  0.8598E-03  0.1990E-02  0.2062E-02  0.7607E-02  0.2921E-02  0.6997E-02  0.1042E-02  0.8484E-02  0.1574E-02  0.1554E-02
      6.904  0.4746E-02  0.1473E-01  0.5186E-02  0.9630E-02  0.4669E-02  0.2178E-01  0.4125E-02  0.1139E-01  0.6257E-03  0.2035E-02  0.1340E-02  0.7981E-02  0.2274E-02  0.7568E-02  0.6673E-03  0.8731E-02  0.1225E-02  0.1649E-02
      6.914  0.9549E-02  0.1577E-01  0.5827E-02  0.1035E-01  0.5504E-02  0.2313E-01  0.4889E-02  0.1192E-01  0.8501E-03  0.2083E-02  0.1736E-02  0.8375E-02  0.5468E-02  0.8084E-02  0.9512E-03  0.8990E-02  0.1230E-02  0.1745E-02
      6.924  0.1705E-01  0.1667E-01  0.6924E-02  0.1109E-01  0.6922E-02  0.2449E-01  0.6377E-02  0.1249E-01  0.1334E-02  0.2132E-02  0.2462E-02  0.8789E-02  0.1116E-01  0.8545E-02  0.1400E-02  0.9262E-02  0.1328E-02  0.1843E-02
      6.934  0.2070E-01  0.1742E-01  0.8047E-02  0.1187E-01  0.8871E-02  0.2584E-01  0.7623E-02  0.1308E-01  0.1689E-02  0.2183E-02  0.3261E-02  0.9223E-02  0.1365E-01  0.8951E-02  0.1713E-02  0.9547E-02  0.1423E-02  0.1942E-02
      6.944  0.2568E-01  0.1831E-01  0.9561E-02  0.1367E-01  0.1169E-01  0.2962E-01  0.9137E-02  0.1523E-01  0.2193E-02  0.2261E-02  0.4251E-02  0.1013E-01  0.1613E-01  0.1030E-01  0.2238E-02  0.1241E-01  0.1598E-02  0.2149E-02
      6.954  0.2285E-01  0.1864E-01  0.8965E-02  0.1564E-01  0.1215E-01  0.3346E-01  0.8409E-02  0.1703E-01  0.2063E-02  0.2593E-02  0.3547E-02  0.1139E-01  0.1208E-01  0.1109E-01  0.2652E-02  0.1283E-01  0.1574E-02  0.2373E-02
      6.964  0.2071E-01  0.1713E-01  0.9028E-02  0.1665E-01  0.1259E-01  0.3801E-01  0.7673E-02  0.1895E-01  0.2049E-02  0.3144E-02  0.3155E-02  0.1230E-01  0.1001E-01  0.1076E-01  0.3191E-02  0.1353E-01  0.1586E-02  0.2542E-02
      6.974  0.1645E-01  0.1604E-01  0.8475E-02  0.1539E-01  0.1088E-01  0.3861E-01  0.7522E-02  0.1809E-01  0.1544E-02  0.2968E-02  0.2920E-02  0.1130E-01  0.8936E-02  0.9882E-02  0.2911E-02  0.1315E-01  0.1470E-02  0.2345E-02
      6.984  0.1495E-01  0.1371E-01  0.8376E-02  0.1417E-01  0.1051E-01  0.3838E-01  0.7372E-02  0.1695E-01  0.1414E-02  0.2790E-02  0.2813E-02  0.1084E-01  0.8512E-02  0.8526E-02  0.2924E-02  0.1229E-01  0.1396E-02  0.2308E-02
      6.994  0.1347E-01  0.1312E-01  0.7891E-02  0.1263E-01  0.1019E-01  0.3780E-01  0.6983E-02  0.1559E-01  0.1287E-02  0.2576E-02  0.2682E-02  0.9814E-02  0.8100E-02  0.7994E-02  0.2825E-02  0.1102E-01  0.1283E-02  0.2300E-02
      7.004  0.1197E-01  0.1384E-01  0.7100E-02  0.1171E-01  0.9899E-02  0.3832E-01  0.6336E-02  0.1508E-01  0.1160E-02  0.2437E-02  0.2535E-02  0.8788E-02  0.7624E-02  0.8585E-02  0.2599E-02  0.1076E-01  0.1138E-02  0.2676E-02
      7.014  0.1073E-01  0.1512E-01  0.6440E-02  0.1191E-01  0.9705E-02  0.3956E-01  0.5794E-02  0.1540E-01  0.1040E-02  0.2395E-02  0.2425E-02  0.8484E-02  0.7108E-02  0.9660E-02  0.2396E-02  0.1061E-01  0.1027E-02  0.3283E-02
      7.024  0.9871E-02  0.1572E-01  0.5907E-02  0.1141E-01  0.9710E-02  0.3915E-01  0.5456E-02  0.1475E-01  0.9369E-03  0.2303E-02  0.2340E-02  0.7501E-02  0.6653E-02  0.9289E-02  0.2275E-02  0.8639E-02  0.9515E-03  0.3188E-02
      7.034  0.9043E-02  0.1800E-01  0.5369E-02  0.1269E-01  0.9619E-02  0.4745E-01  0.5099E-02  0.1509E-01  0.8400E-03  0.2398E-02  0.2233E-02  0.6352E-02  0.6220E-02  0.9749E-02  0.2178E-02  0.5978E-02  0.8718E-03  0.4160E-02
      7.044  0.8094E-02  0.1902E-01  0.4732E-02  0.1305E-01  0.9026E-02  0.4900E-01  0.4406E-02  0.1532E-01  0.7255E-03  0.2497E-02  0.1953E-02  0.5314E-02  0.5671E-02  0.9661E-02  0.2083E-02  0.4816E-02  0.7275E-03  0.4307E-02
      7.054  0.7131E-02  0.1884E-01  0.4247E-02  0.1354E-01  0.8451E-02  0.4839E-01  0.3827E-02  0.1566E-01  0.6403E-03  0.2579E-02  0.1612E-02  0.4346E-02  0.5050E-02  0.9686E-02  0.2026E-02  0.4045E-02  0.5797E-03  0.4545E-02
      7.064  0.6121E-02  0.1750E-01  0.3685E-02  0.1370E-01  0.7454E-02  0.4538E-01  0.3166E-02  0.1535E-01  0.5547E-03  0.2582E-02  0.1208E-02  0.3428E-02  0.4345E-02  0.9630E-02  0.1914E-02  0.3361E-02  0.4250E-03  0.4759E-02
      7.074  0.5408E-02  0.1635E-01  0.3194E-02  0.1403E-01  0.6767E-02  0.4270E-01  0.2779E-02  0.1496E-01  0.5196E-03  0.2620E-02  0.1074E-02  0.2711E-02  0.3907E-02  0.9713E-02  0.1755E-02  0.2844E-02  0.4119E-03  0.5009E-02
      7.084  0.5472E-02  0.1531E-01  0.3764E-02  0.1442E-01  0.7624E-02  0.4025E-01  0.3954E-02  0.1444E-01  0.6898E-03  0.2699E-02  0.1615E-02  0.2304E-02  0.4076E-02  0.9862E-02  0.1926E-02  0.2444E-02  0.5697E-03  0.5335E-02
      7.094  0.6487E-02  0.1347E-01  0.3896E-02  0.1443E-01  0.9659E-02  0.3504E-01  0.5532E-02  0.1283E-01  0.7783E-03  0.2728E-02  0.1903E-02  0.1903E-02  0.5193E-02  0.9895E-02  0.2089E-02  0.2061E-02  0.8212E-03  0.5579E-02
      7.104  0.7739E-02  0.1065E-01  0.4044E-02  0.1420E-01  0.1191E-01  0.2830E-01  0.7158E-02  0.1116E-01  0.8760E-03  0.2776E-02  0.2176E-02  0.1636E-02  0.6433E-02  0.9956E-02  0.2257E-02  0.1766E-02  0.1112E-02  0.5768E-02
      7.114  0.9339E-02  0.1138E-01  0.4390E-02  0.1555E-01  0.1460E-01  0.2782E-01  0.9019E-02  0.1201E-01  0.1039E-02  0.3081E-02  0.2517E-02  0.1701E-02  0.7883E-02  0.1057E-01  0.2536E-02  0.1715E-02  0.1450E-02  0.6120E-02
      7.124  0.9282E-02  0.1416E-01  0.4048E-02  0.2033E-01  0.1472E-01  0.3118E-01  0.8675E-02  0.1424E-01  0.1041E-02  0.3500E-02  0.2273E-02  0.2364E-02  0.6233E-02  0.1390E-01  0.2079E-02  0.2184E-02  0.1189E-02  0.7405E-02
      7.134  0.9884E-02  0.2335E-01  0.4111E-02  0.2814E-01  0.1485E-01  0.4903E-01  0.8521E-02  0.2120E-01  0.9713E-03  0.5170E-02  0.2159E-02  0.4254E-02  0.5638E-02  0.2425E-01  0.1808E-02  0.4040E-02  0.1159E-02  0.1188E-01
      7.144  0.1066E-01  0.2907E-01  0.4357E-02  0.3257E-01  0.1440E-01  0.5617E-01  0.8355E-02  0.2993E-01  0.9481E-03  0.7860E-02  0.2078E-02  0.6062E-02  0.5590E-02  0.2905E-01  0.1686E-02  0.7130E-02  0.1240E-02  0.1440E-01
      7.154  0.1084E-01  0.1663E-01  0.4593E-02  0.2701E-01  0.1384E-01  0.3462E-01  0.8237E-02  0.1887E-01  0.9150E-03  0.4163E-02  0.1963E-02  0.3316E-02  0.5496E-02  0.1787E-01  0.1571E-02  0.3177E-02  0.1279E-02  0.6295E-02
      7.164  0.9060E-02  0.1253E-01  0.4495E-02  0.2100E-01  0.1234E-01  0.2790E-01  0.8129E-02  0.1609E-01  0.7956E-03  0.3363E-02  0.1754E-02  0.2457E-02  0.4877E-02  0.1382E-01  0.1339E-02  0.2110E-02  0.1117E-02  0.3837E-02
      7.174  0.1296E-01  0.1209E-01  0.6540E-02  0.2054E-01  0.1375E-01  0.2677E-01  0.9274E-02  0.1665E-01  0.2194E-02  0.3458E-02  0.2640E-02  0.2465E-02  0.7819E-02  0.1374E-01  0.2107E-02  0.2154E-02  0.1783E-02  0.3444E-02
      7.184  0.8425E-02  0.1312E-01  0.5106E-02  0.2234E-01  0.1060E-01  0.2789E-01  0.8050E-02  0.1853E-01  0.1271E-02  0.4096E-02  0.1921E-02  0.3622E-02  0.5367E-02  0.1650E-01  0.1577E-02  0.2652E-02  0.1240E-02  0.3555E-02
      7.194  0.6725E-02  0.1317E-01  0.4501E-02  0.2362E-01  0.8786E-02  0.2932E-01  0.7355E-02  0.2019E-01  0.1013E-02  0.4174E-02  0.1663E-02  0.3722E-02  0.4541E-02  0.1828E-01  0.1429E-02  0.2865E-02  0.1066E-02  0.3479E-02
      7.204  0.5876E-02  0.1333E-01  0.4335E-02  0.2443E-01  0.7380E-02  0.2893E-01  0.6831E-02  0.2170E-01  0.9741E-03  0.4297E-02  0.1552E-02  0.4138E-02  0.4198E-02  0.1958E-01  0.1400E-02  0.3244E-02  0.1025E-02  0.3421E-02
      7.214  0.5172E-02  0.1356E-01  0.3920E-02  0.2518E-01  0.6417E-02  0.2867E-01  0.5962E-02  0.2313E-01  0.9306E-03  0.4424E-02  0.1401E-02  0.4669E-02  0.3767E-02  0.2102E-01  0.1321E-02  0.3659E-02  0.9369E-03  0.3357E-02
      7.224  0.4457E-02  0.1397E-01  0.3456E-02  0.2637E-01  0.5507E-02  0.2829E-01  0.5014E-02  0.2434E-01  0.8867E-03  0.4651E-02  0.1236E-02  0.5688E-02  0.3303E-02  0.2340E-01  0.1234E-02  0.4198E-02  0.8450E-03  0.3181E-02
      7.234  0.3768E-02  0.1497E-01  0.2976E-02  0.2751E-01  0.4670E-02  0.2724E-01  0.4033E-02  0.2791E-01  0.8452E-03  0.4574E-02  0.1065E-02  0.5678E-02  0.2834E-02  0.2299E-01  0.1145E-02  0.4169E-02  0.7572E-03  0.3243E-02
      7.244  0.3628E-02  0.1618E-01  0.2729E-02  0.2994E-01  0.4295E-02  0.2653E-01  0.3400E-02  0.3142E-01  0.8275E-03  0.4629E-02  0.9503E-03  0.6108E-02  0.2652E-02  0.2343E-01  0.1070E-02  0.4423E-02  0.7110E-03  0.3316E-02
      7.254  0.3520E-02  0.1314E-01  0.2490E-02  0.2499E-01  0.4071E-02  0.2307E-01  0.2736E-02  0.2491E-01  0.8110E-03  0.4441E-02  0.8356E-03  0.5068E-02  0.2488E-02  0.2145E-01  0.9979E-03  0.4181E-02  0.6707E-03  0.2885E-02
      7.264  0.3409E-02  0.1182E-01  0.2226E-02  0.2202E-01  0.3911E-02  0.2090E-01  0.2028E-02  0.2246E-01  0.7941E-03  0.4135E-02  0.7153E-03  0.4715E-02  0.2312E-02  0.2037E-01  0.9227E-03  0.3873E-02  0.6304E-03  0.2787E-02
      7.274  0.3128E-02  0.1056E-01  0.1930E-02  0.1908E-01  0.3733E-02  0.1874E-01  0.1268E-02  0.1988E-01  0.7557E-03  0.3791E-02  0.5630E-03  0.4395E-02  0.2064E-02  0.1930E-01  0.8385E-03  0.3505E-02  0.5853E-03  0.2706E-02
      7.284  0.2956E-02  0.9473E-02  0.1709E-02  0.1669E-01  0.3904E-02  0.1664E-01  0.1017E-02  0.1785E-01  0.7264E-03  0.3630E-02  0.4993E-03  0.4287E-02  0.1877E-02  0.1852E-01  0.7740E-03  0.3238E-02  0.5638E-03  0.2656E-02
      7.294  0.2829E-02  0.1395E-01  0.1600E-02  0.2031E-01  0.4081E-02  0.2229E-01  0.9143E-03  0.2299E-01  0.7204E-03  0.5415E-02  0.4644E-03  0.5934E-02  0.1758E-02  0.2759E-01  0.7526E-03  0.4026E-02  0.5584E-03  0.2975E-02
      7.305  0.2745E-02  0.8364E-02  0.1623E-02  0.1480E-01  0.4252E-02  0.1610E-01  0.9734E-03  0.1256E-01  0.7386E-03  0.3204E-02  0.4581E-03  0.3840E-02  0.1724E-02  0.1778E-01  0.7803E-03  0.2510E-02  0.5705E-03  0.2191E-02
      7.315  0.2688E-02  0.7872E-02  0.1660E-02  0.1521E-01  0.4677E-02  0.1640E-01  0.1057E-02  0.1164E-01  0.7636E-03  0.3133E-02  0.4622E-03  0.3829E-02  0.1700E-02  0.1800E-01  0.8113E-03  0.2461E-02  0.5856E-03  0.2189E-02
      7.325  0.2684E-02  0.7383E-02  0.1726E-02  0.1557E-01  0.5303E-02  0.1671E-01  0.1161E-02  0.1075E-01  0.7989E-03  0.3046E-02  0.4817E-03  0.3839E-02  0.1689E-02  0.1824E-01  0.8465E-03  0.2407E-02  0.6050E-03  0.2191E-02
      7.335  0.2793E-02  0.6695E-02  0.1848E-02  0.1406E-01  0.6033E-02  0.1515E-01  0.1276E-02  0.9458E-02  0.8517E-03  0.2723E-02  0.5270E-03  0.3365E-02  0.1702E-02  0.1590E-01  0.8880E-03  0.2165E-02  0.6316E-03  0.1938E-02
      7.345  0.2872E-02  0.6023E-02  0.1970E-02  0.1240E-01  0.6808E-02  0.1346E-01  0.1404E-02  0.8237E-02  0.8966E-03  0.2379E-02  0.5806E-03  0.2871E-02  0.1675E-02  0.1348E-01  0.9379E-03  0.1939E-02  0.6531E-03  0.1705E-02
      7.355  0.2869E-02  0.5772E-02  0.2024E-02  0.1092E-01  0.7495E-02  0.1230E-01  0.1485E-02  0.7481E-02  0.8526E-03  0.2065E-02  0.6219E-03  0.2453E-02  0.1622E-02  0.1154E-01  0.9149E-03  0.1810E-02  0.6408E-03  0.1539E-02
      7.365  0.2847E-02  0.5719E-02  0.2050E-02  0.1022E-01  0.8113E-02  0.1189E-01  0.1549E-02  0.7084E-02  0.7758E-03  0.1884E-02  0.6492E-03  0.2271E-02  0.1585E-02  0.1079E-01  0.8660E-03  0.1761E-02  0.6213E-03  0.1496E-02
      7.375  0.2816E-02  0.6038E-02  0.2068E-02  0.1045E-01  0.8700E-02  0.1234E-01  0.1620E-02  0.7305E-02  0.6958E-03  0.1903E-02  0.6707E-03  0.2325E-02  0.1550E-02  0.1115E-01  0.8195E-03  0.1778E-02  0.6030E-03  0.1562E-02
      7.385  0.2775E-02  0.6175E-02  0.2079E-02  0.1049E-01  0.9256E-02  0.1239E-01  0.1696E-02  0.7488E-02  0.6124E-03  0.1911E-02  0.6862E-03  0.2322E-02  0.1516E-02  0.1137E-01  0.7757E-03  0.1761E-02  0.5857E-03  0.1598E-02
      7.395  0.2620E-02  0.5923E-02  0.1994E-02  0.1019E-01  0.9178E-02  0.1173E-01  0.1736E-02  0.7372E-02  0.5489E-03  0.1854E-02  0.6581E-03  0.2183E-02  0.1508E-02  0.1116E-01  0.7229E-03  0.1695E-02  0.5564E-03  0.1575E-02
      7.405  0.2673E-02  0.5676E-02  0.1975E-02  0.9878E-02  0.9179E-02  0.1109E-01  0.1855E-02  0.7226E-02  0.6499E-03  0.1802E-02  0.6453E-03  0.2049E-02  0.1594E-02  0.1092E-01  0.7174E-03  0.1635E-02  0.5564E-03  0.1556E-02
      7.415  0.2770E-02  0.5492E-02  0.1989E-02  0.9642E-02  0.9229E-02  0.1052E-01  0.2000E-02  0.7062E-02  0.7923E-03  0.1775E-02  0.6443E-03  0.1934E-02  0.1714E-02  0.1072E-01  0.7233E-03  0.1598E-02  0.5627E-03  0.1550E-02
      7.425  0.2838E-02  0.5449E-02  0.2015E-02  0.9882E-02  0.9268E-02  0.9872E-02  0.2146E-02  0.7224E-02  0.9285E-03  0.1815E-02  0.6499E-03  0.1812E-02  0.1846E-02  0.1045E-01  0.7264E-03  0.1547E-02  0.5654E-03  0.1573E-02
      7.435  0.2776E-02  0.5369E-02  0.2108E-02  0.9493E-02  0.8927E-02  0.9386E-02  0.2134E-02  0.7228E-02  0.1034E-02  0.1874E-02  0.6592E-03  0.1712E-02  0.1932E-02  0.1007E-01  0.7399E-03  0.1583E-02  0.5601E-03  0.1506E-02
      7.445  0.2475E-02  0.5223E-02  0.2022E-02  0.8221E-02  0.8063E-02  0.9142E-02  0.2002E-02  0.6792E-02  0.1101E-02  0.1947E-02  0.6261E-03  0.1659E-02  0.1882E-02  0.9740E-02  0.6352E-03  0.1722E-02  0.4882E-03  0.1388E-02
      7.455  0.1935E-02  0.5509E-02  0.1696E-02  0.8255E-02  0.6632E-02  0.1013E-01  0.1789E-02  0.6920E-02  0.9921E-03  0.2305E-02  0.5601E-03  0.1840E-02  0.1642E-02  0.1002E-01  0.4913E-03  0.2068E-02  0.3816E-03  0.1534E-02
      7.465  0.1572E-02  0.5927E-02  0.1316E-02  0.8664E-02  0.5891E-02  0.1155E-01  0.1685E-02  0.7364E-02  0.8145E-03  0.2528E-02  0.5870E-03  0.2121E-02  0.1375E-02  0.1097E-01  0.4102E-03  0.2534E-02  0.3186E-03  0.1742E-02
      7.475  0.1061E-02  0.6644E-02  0.6903E-03  0.1005E-01  0.4986E-02  0.1367E-01  0.1053E-02  0.8223E-02  0.3681E-03  0.2723E-02  0.5157E-03  0.2482E-02  0.8287E-03  0.1241E-01  0.2779E-03  0.3044E-02  0.2495E-03  0.2048E-02
      7.485  0.1102E-02  0.7526E-02  0.5128E-03  0.1276E-01  0.5313E-02  0.1610E-01  0.9409E-03  0.9372E-02  0.2287E-03  0.2849E-02  0.5720E-03  0.2986E-02  0.7705E-03  0.1427E-01  0.2727E-03  0.3405E-02  0.3405E-03  0.2339E-02
      7.495  0.1480E-02  0.7635E-02  0.7023E-03  0.1221E-01  0.6476E-02  0.1480E-01  0.1327E-02  0.7960E-02  0.2791E-03  0.2776E-02  0.7626E-03  0.2730E-02  0.1048E-02  0.1470E-01  0.4087E-03  0.2502E-02  0.5778E-03  0.1944E-02
      7.505  0.8868E-02  0.7241E-02  0.3840E-02  0.1219E-01  0.1569E-01  0.1483E-01  0.6272E-02  0.7662E-02  0.1073E-02  0.2836E-02  0.1685E-02  0.2668E-02  0.7478E-02  0.1464E-01  0.1802E-02  0.2375E-02  0.1560E-02  0.1859E-02
      7.515  0.5406E-02  0.6485E-02  0.3603E-02  0.1207E-01  0.1276E-01  0.1360E-01  0.4215E-02  0.6969E-02  0.1022E-02  0.2911E-02  0.1692E-02  0.2588E-02  0.3768E-02  0.1368E-01  0.1731E-02  0.2226E-02  0.1457E-02  0.1747E-02
      7.525  0.3623E-02  0.3565E-02  0.3706E-02  0.7205E-02  0.9935E-02  0.7801E-02  0.3247E-02  0.4410E-02  0.9396E-03  0.1435E-02  0.1688E-02  0.1590E-02  0.2414E-02  0.8896E-02  0.1745E-02  0.1629E-02  0.1355E-02  0.1136E-02
      7.535  0.2849E-02  0.2765E-02  0.4106E-02  0.6196E-02  0.8319E-02  0.6466E-02  0.2642E-02  0.3650E-02  0.8652E-03  0.1099E-02  0.1704E-02  0.1336E-02  0.1894E-02  0.7742E-02  0.1720E-02  0.1254E-02  0.1282E-02  0.9346E-03
      7.545  0.2915E-02  0.2444E-02  0.4863E-02  0.5736E-02  0.7922E-02  0.5847E-02  0.2704E-02  0.3344E-02  0.8512E-03  0.9712E-03  0.1783E-02  0.1240E-02  0.2109E-02  0.7124E-02  0.1740E-02  0.1006E-02  0.1285E-02  0.8228E-03
      7.555  0.2634E-02  0.2274E-02  0.2705E-02  0.5771E-02  0.5869E-02  0.5518E-02  0.2308E-02  0.3269E-02  0.5873E-03  0.1035E-02  0.1360E-02  0.1302E-02  0.1536E-02  0.7168E-02  0.1049E-02  0.8319E-03  0.9332E-03  0.7835E-03
      7.565  0.2678E-02  0.3038E-02  0.2250E-02  0.1248E-01  0.5244E-02  0.7526E-02  0.2201E-02  0.5219E-02  0.4730E-03  0.2545E-02  0.1261E-02  0.2968E-02  0.1433E-02  0.1033E-01  0.7106E-03  0.9191E-03  0.7016E-03  0.1248E-02
      7.575  0.2896E-02  0.3225E-02  0.2489E-02  0.1092E-01  0.5410E-02  0.7436E-02  0.2370E-02  0.5019E-02  0.4744E-03  0.2117E-02  0.1258E-02  0.2717E-02  0.1578E-02  0.8845E-02  0.6612E-03  0.7750E-03  0.6594E-03  0.1191E-02
      7.585  0.3146E-02  0.3227E-02  0.2413E-02  0.8724E-02  0.5487E-02  0.7052E-02  0.2225E-02  0.4472E-02  0.4504E-03  0.1561E-02  0.1492E-02  0.2283E-02  0.1693E-02  0.7396E-02  0.6315E-03  0.6385E-03  0.4512E-03  0.1008E-02
      7.595  0.3455E-02  0.3552E-02  0.2578E-02  0.6989E-02  0.5570E-02  0.7370E-02  0.2187E-02  0.4597E-02  0.4275E-03  0.1328E-02  0.1467E-02  0.2140E-02  0.1843E-02  0.7168E-02  0.6107E-03  0.5884E-03  0.4381E-03  0.9289E-03
      7.605  0.3567E-02  0.3278E-02  0.2642E-02  0.5189E-02  0.5560E-02  0.6475E-02  0.2053E-02  0.3816E-02  0.3915E-03  0.1072E-02  0.1354E-02  0.1747E-02  0.1829E-02  0.6305E-02  0.5745E-03  0.5048E-03  0.4227E-03  0.7494E-03
      7.615  0.3687E-02  0.2642E-02  0.2687E-02  0.4094E-02  0.5576E-02  0.5213E-02  0.1889E-02  0.4586E-02  0.3575E-03  0.8949E-03  0.1224E-02  0.1496E-02  0.1789E-02  0.5239E-02  0.5361E-03  0.8679E-03  0.4113E-03  0.6708E-03
      7.625  0.2352E-02  0.1993E-02  0.2642E-02  0.3499E-02  0.3916E-02  0.3469E-02  0.1571E-02  0.5443E-02  0.3499E-03  0.7671E-03  0.5929E-03  0.1301E-02  0.1676E-02  0.4143E-02  0.6196E-03  0.1026E-02  0.3053E-03  0.5917E-03
      7.635  0.5276E-02  0.1621E-02  0.8618E-02  0.3047E-02  0.1134E-01  0.2247E-02  0.6366E-02  0.5366E-02  0.9942E-03  0.7300E-03  0.9818E-03  0.1148E-02  0.3169E-02  0.3332E-02  0.4022E-02  0.1007E-02  0.1808E-02  0.5356E-03
      7.645  0.1995E-02  0.1723E-02  0.3451E-02  0.3018E-02  0.4834E-02  0.2308E-02  0.2239E-02  0.5466E-02  0.3491E-03  0.7988E-03  0.4985E-03  0.1135E-02  0.1646E-02  0.3203E-02  0.2064E-02  0.1019E-02  0.6411E-03  0.5603E-03
      7.655  0.1691E-02  0.2366E-02  0.3246E-02  0.4013E-02  0.4418E-02  0.2958E-02  0.2012E-02  0.5807E-02  0.3172E-03  0.1146E-02  0.4795E-03  0.1262E-02  0.1480E-02  0.3430E-02  0.1951E-02  0.1254E-02  0.6233E-03  0.7629E-03
      7.665  0.2432E-02  0.2311E-02  0.3265E-02  0.3586E-02  0.5355E-02  0.2817E-02  0.2287E-02  0.5724E-02  0.3805E-03  0.1089E-02  0.6715E-03  0.1171E-02  0.1848E-02  0.3312E-02  0.2433E-02  0.1177E-02  0.7038E-03  0.7454E-03
      7.675  0.3743E-02  0.2074E-02  0.3326E-02  0.3079E-02  0.6498E-02  0.2547E-02  0.2786E-02  0.5440E-02  0.4608E-03  0.9749E-03  0.9095E-03  0.1041E-02  0.2494E-02  0.2938E-02  0.2844E-02  0.1026E-02  0.7833E-03  0.6669E-03
      7.685  0.4409E-02  0.1781E-02  0.3276E-02  0.2509E-02  0.7234E-02  0.2281E-02  0.3316E-02  0.4850E-02  0.5287E-03  0.8648E-03  0.1083E-02  0.8996E-03  0.2847E-02  0.2685E-02  0.2794E-02  0.8207E-03  0.7946E-03  0.6079E-03
      7.695  0.4991E-02  0.1638E-02  0.3230E-02  0.2221E-02  0.7825E-02  0.2162E-02  0.3994E-02  0.4321E-02  0.6020E-03  0.8252E-03  0.1286E-02  0.8322E-03  0.3189E-02  0.2572E-02  0.2829E-02  0.7129E-03  0.7943E-03  0.5921E-03
      7.705  0.5645E-02  0.4187E-02  0.3714E-02  0.3305E-02  0.8989E-02  0.3455E-02  0.4907E-02  0.3978E-02  0.7257E-03  0.1058E-02  0.1517E-02  0.1307E-02  0.3625E-02  0.4814E-02  0.3110E-02  0.9661E-03  0.8983E-03  0.9941E-03
      7.715  0.5561E-02  0.3668E-02  0.3700E-02  0.3094E-02  0.9275E-02  0.3198E-02  0.5156E-02  0.3440E-02  0.7844E-03  0.1009E-02  0.1536E-02  0.1197E-02  0.3632E-02  0.4522E-02  0.3184E-02  0.8647E-03  0.9429E-03  0.9372E-03
      7.725  0.4529E-02  0.3143E-02  0.3163E-02  0.2842E-02  0.8302E-02  0.2955E-02  0.4201E-02  0.2938E-02  0.6914E-03  0.9625E-03  0.1292E-02  0.1103E-02  0.2951E-02  0.4152E-02  0.2726E-02  0.7686E-03  0.8858E-03  0.8772E-03
      7.735  0.4044E-02  0.2807E-02  0.3663E-02  0.2688E-02  0.8360E-02  0.2801E-02  0.2984E-02  0.2486E-02  0.6025E-03  0.9351E-03  0.1123E-02  0.1055E-02  0.2251E-02  0.3964E-02  0.2152E-02  0.6994E-03  0.8574E-03  0.8430E-03
      7.745  0.2116E-02  0.2858E-02  0.1781E-02  0.3303E-02  0.4048E-02  0.2744E-02  0.1399E-02  0.2227E-02  0.2571E-03  0.8655E-03  0.7491E-03  0.1158E-02  0.1187E-02  0.3962E-02  0.6432E-03  0.7313E-03  0.2449E-03  0.9247E-03
      7.755  0.1608E-02  0.3519E-02  0.1286E-02  0.5717E-02  0.3288E-02  0.3072E-02  0.9751E-03  0.2702E-02  0.1880E-03  0.7542E-03  0.5385E-03  0.1565E-02  0.8048E-03  0.3775E-02  0.4291E-03  0.1052E-02  0.1787E-03  0.1303E-02
      7.765  0.1312E-02  0.3461E-02  0.1131E-02  0.4955E-02  0.3087E-02  0.2827E-02  0.8027E-03  0.2480E-02  0.1566E-03  0.7766E-03  0.4348E-03  0.1379E-02  0.5055E-03  0.3771E-02  0.3112E-03  0.9251E-03  0.1613E-03  0.1178E-02
      7.775  0.1265E-02  0.3508E-02  0.1260E-02  0.4570E-02  0.3424E-02  0.2640E-02  0.9409E-03  0.2410E-02  0.1859E-03  0.8062E-03  0.5267E-03  0.1317E-02  0.4913E-03  0.3776E-02  0.3342E-03  0.9066E-03  0.1778E-03  0.1146E-02
      7.785  0.1271E-02  0.3830E-02  0.1428E-02  0.4666E-02  0.3800E-02  0.2818E-02  0.1125E-02  0.2542E-02  0.2231E-03  0.9781E-03  0.6503E-03  0.1380E-02  0.5209E-03  0.4050E-02  0.3705E-03  0.1032E-02  0.1979E-03  0.1207E-02
      7.795  0.1533E-02  0.2796E-02  0.3391E-02  0.3964E-02  0.6076E-02  0.2868E-02  0.2003E-02  0.2370E-02  0.4139E-03  0.1112E-02  0.1289E-02  0.1095E-02  0.8563E-03  0.3697E-02  0.7316E-03  0.9111E-03  0.4479E-03  0.9922E-03
      7.805  0.1486E-02  0.2817E-02  0.3268E-02  0.3854E-02  0.6153E-02  0.3110E-02  0.2000E-02  0.2404E-02  0.4134E-03  0.1306E-02  0.1285E-02  0.1097E-02  0.8944E-03  0.3875E-02  0.7470E-03  0.1049E-02  0.4644E-03  0.9514E-03
      7.815  0.1393E-02  0.2791E-02  0.2990E-02  0.3893E-02  0.5632E-02  0.3416E-02  0.1952E-02  0.2600E-02  0.3930E-03  0.1498E-02  0.1222E-02  0.1116E-02  0.8481E-03  0.4074E-02  0.7304E-03  0.1199E-02  0.4511E-03  0.9042E-03
      7.825  0.1242E-02  0.2803E-02  0.3663E-02  0.4154E-02  0.6124E-02  0.3845E-02  0.2269E-02  0.3319E-02  0.4678E-03  0.1620E-02  0.1289E-02  0.1175E-02  0.9838E-03  0.4852E-02  0.8622E-03  0.1231E-02  0.5585E-03  0.8198E-03
      7.835  0.1960E-02  0.2459E-02  0.4650E-02  0.3639E-02  0.8868E-02  0.3538E-02  0.3490E-02  0.3539E-02  0.7281E-03  0.1562E-02  0.1816E-02  0.1108E-02  0.1457E-02  0.4726E-02  0.1196E-02  0.1116E-02  0.6991E-03  0.7220E-03
      7.845  0.1737E-02  0.2215E-02  0.4214E-02  0.3424E-02  0.7593E-02  0.3338E-02  0.2919E-02  0.3681E-02  0.5727E-03  0.1346E-02  0.1502E-02  0.1115E-02  0.1292E-02  0.4615E-02  0.1074E-02  0.1004E-02  0.5979E-03  0.6713E-03
      7.855  0.1416E-02  0.2057E-02  0.3802E-02  0.3465E-02  0.6443E-02  0.3251E-02  0.2422E-02  0.3620E-02  0.4465E-03  0.1073E-02  0.1216E-02  0.1175E-02  0.1109E-02  0.4521E-02  0.9706E-03  0.9291E-03  0.5159E-03  0.6582E-03
      7.865  0.1424E-02  0.2073E-02  0.3873E-02  0.3809E-02  0.5956E-02  0.3322E-02  0.2320E-02  0.3423E-02  0.4101E-03  0.9623E-03  0.1223E-02  0.1406E-02  0.1094E-02  0.4584E-02  0.9375E-03  0.1057E-02  0.4804E-03  0.7618E-03
      7.875  0.1354E-02  0.2286E-02  0.3259E-02  0.4030E-02  0.5401E-02  0.3671E-02  0.2023E-02  0.3166E-02  0.3781E-03  0.9840E-03  0.1094E-02  0.1930E-02  0.1042E-02  0.5229E-02  0.8248E-03  0.1340E-02  0.4179E-03  0.1422E-02
      7.885  0.1445E-02  0.2551E-02  0.3566E-02  0.4319E-02  0.6692E-02  0.4171E-02  0.2072E-02  0.3396E-02  0.5609E-03  0.1120E-02  0.1432E-02  0.2167E-02  0.1905E-02  0.5562E-02  0.1060E-02  0.1513E-02  0.4989E-03  0.1754E-02
      7.895  0.1291E-02  0.3149E-02  0.3168E-02  0.4987E-02  0.4988E-02  0.5767E-02  0.1617E-02  0.4518E-02  0.4454E-03  0.1384E-02  0.1178E-02  0.2939E-02  0.1522E-02  0.5625E-02  0.9248E-03  0.1537E-02  0.4830E-03  0.1864E-02
      7.905  0.1273E-02  0.2010E-02  0.2897E-02  0.3004E-02  0.4044E-02  0.3785E-02  0.1320E-02  0.3062E-02  0.3670E-03  0.9528E-03  0.9632E-03  0.1750E-02  0.1328E-02  0.3607E-02  0.8306E-03  0.9845E-03  0.4867E-03  0.1370E-02
      7.915  0.1412E-02  0.1789E-02  0.2995E-02  0.2570E-02  0.3924E-02  0.3458E-02  0.1298E-02  0.2760E-02  0.3721E-03  0.8722E-03  0.9627E-03  0.1509E-02  0.1428E-02  0.3271E-02  0.8785E-03  0.9454E-03  0.5329E-03  0.1210E-02
      7.925  0.1519E-02  0.1717E-02  0.3022E-02  0.2426E-02  0.3750E-02  0.3443E-02  0.1309E-02  0.2563E-02  0.3782E-03  0.8360E-03  0.9698E-03  0.1432E-02  0.1482E-02  0.3058E-02  0.9057E-03  0.9284E-03  0.5596E-03  0.1059E-02
      7.935  0.1608E-02  0.1671E-02  0.2950E-02  0.2378E-02  0.3564E-02  0.3518E-02  0.1322E-02  0.2457E-02  0.3754E-03  0.8270E-03  0.9533E-03  0.1386E-02  0.1521E-02  0.2924E-02  0.9103E-03  0.9492E-03  0.5526E-03  0.9368E-03
      7.945  0.1697E-02  0.1640E-02  0.2900E-02  0.2316E-02  0.3388E-02  0.3479E-02  0.1376E-02  0.2394E-02  0.3893E-03  0.8225E-03  0.9494E-03  0.1311E-02  0.1563E-02  0.2764E-02  0.9310E-03  0.9488E-03  0.5440E-03  0.8350E-03
      7.955  0.1776E-02  0.1586E-02  0.2850E-02  0.2105E-02  0.3255E-02  0.3246E-02  0.1425E-02  0.2311E-02  0.4060E-03  0.8060E-03  0.9459E-03  0.1180E-02  0.1602E-02  0.2494E-02  0.9459E-03  0.9015E-03  0.5342E-03  0.7273E-03
      7.965  0.1949E-02  0.1471E-02  0.2873E-02  0.1887E-02  0.3405E-02  0.2985E-02  0.1492E-02  0.2200E-02  0.4316E-03  0.7794E-03  0.1000E-02  0.1068E-02  0.1738E-02  0.2243E-02  0.9682E-03  0.8643E-03  0.5306E-03  0.6220E-03
      7.975  0.2364E-02  0.1313E-02  0.3096E-02  0.1803E-02  0.3945E-02  0.2802E-02  0.1630E-02  0.2041E-02  0.4746E-03  0.7402E-03  0.1179E-02  0.1031E-02  0.2099E-02  0.2115E-02  0.1038E-02  0.8430E-03  0.5451E-03  0.5303E-03
      7.985  0.2574E-02  0.1218E-02  0.3316E-02  0.1864E-02  0.4353E-02  0.2720E-02  0.1746E-02  0.2000E-02  0.5214E-03  0.7378E-03  0.1311E-02  0.1073E-02  0.2335E-02  0.2050E-02  0.1098E-02  0.9151E-03  0.5585E-03  0.5327E-03
      7.995  0.2386E-02  0.1221E-02  0.3288E-02  0.2067E-02  0.4137E-02  0.2736E-02  0.1863E-02  0.2095E-02  0.5516E-03  0.7618E-03  0.1311E-02  0.1177E-02  0.2105E-02  0.2064E-02  0.1095E-02  0.1064E-02  0.5681E-03  0.6198E-03
      8.005  0.2292E-02  0.1231E-02  0.3602E-02  0.2296E-02  0.4452E-02  0.2760E-02  0.2225E-02  0.2231E-02  0.6244E-03  0.7850E-03  0.1369E-02  0.1280E-02  0.1924E-02  0.2083E-02  0.1134E-02  0.1202E-02  0.6311E-03  0.6993E-03
      8.015  0.1838E-02  0.1248E-02  0.2375E-02  0.2345E-02  0.2640E-02  0.2729E-02  0.1578E-02  0.2172E-02  0.3548E-03  0.7967E-03  0.9476E-03  0.1335E-02  0.1450E-02  0.2203E-02  0.8094E-03  0.1235E-02  0.4883E-03  0.7277E-03
      8.025  0.1914E-02  0.1286E-02  0.2516E-02  0.2391E-02  0.2797E-02  0.2641E-02  0.1806E-02  0.2016E-02  0.3589E-03  0.7667E-03  0.1021E-02  0.1422E-02  0.1448E-02  0.2336E-02  0.8110E-03  0.1202E-02  0.5304E-03  0.7224E-03
      8.035  0.1925E-02  0.2094E-02  0.2630E-02  0.2690E-02  0.2981E-02  0.3262E-02  0.2024E-02  0.2013E-02  0.3913E-03  0.7400E-03  0.1097E-02  0.1409E-02  0.1456E-02  0.2022E-02  0.8736E-03  0.1166E-02  0.5671E-03  0.1135E-02
      8.045  0.1922E-02  0.3790E-02  0.2755E-02  0.3716E-02  0.3177E-02  0.5418E-02  0.2220E-02  0.2347E-02  0.4206E-03  0.8884E-03  0.1188E-02  0.1625E-02  0.1497E-02  0.2213E-02  0.9357E-03  0.1262E-02  0.5917E-03  0.2064E-02
      8.055  0.1907E-02  0.2868E-02  0.2872E-02  0.3377E-02  0.3371E-02  0.4730E-02  0.2398E-02  0.2334E-02  0.4441E-03  0.9136E-03  0.1291E-02  0.1516E-02  0.1564E-02  0.2360E-02  0.9901E-03  0.1173E-02  0.6062E-03  0.1513E-02
      8.065  0.2227E-02  0.2318E-02  0.3872E-02  0.2953E-02  0.5503E-02  0.4013E-02  0.3428E-02  0.2190E-02  0.5686E-03  0.8657E-03  0.2250E-02  0.1360E-02  0.2097E-02  0.2513E-02  0.1419E-02  0.1116E-02  0.8905E-03  0.9929E-03
      8.075  0.1949E-02  0.1415E-02  0.3244E-02  0.2071E-02  0.3952E-02  0.2457E-02  0.2902E-02  0.1861E-02  0.5479E-03  0.6500E-03  0.1694E-02  0.1136E-02  0.1857E-02  0.2199E-02  0.1113E-02  0.1004E-02  0.6903E-03  0.4733E-03
      8.085  0.1906E-02  0.1101E-02  0.3092E-02  0.1761E-02  0.3703E-02  0.1777E-02  0.2853E-02  0.1952E-02  0.5568E-03  0.5483E-03  0.1579E-02  0.9948E-03  0.1796E-02  0.1767E-02  0.1051E-02  0.9714E-03  0.6402E-03  0.4397E-03
      8.095  0.1872E-02  0.8765E-03  0.2960E-02  0.1388E-02  0.3466E-02  0.1238E-02  0.2764E-02  0.1919E-02  0.5549E-03  0.4142E-03  0.1472E-02  0.8436E-03  0.1734E-02  0.1188E-02  0.9899E-03  0.9587E-03  0.5968E-03  0.4361E-03
      8.105  0.1800E-02  0.1020E-02  0.2791E-02  0.1457E-02  0.3252E-02  0.1454E-02  0.2608E-02  0.2204E-02  0.5491E-03  0.4431E-03  0.1364E-02  0.1067E-02  0.1676E-02  0.1278E-02  0.9145E-03  0.1016E-02  0.5507E-03  0.4937E-03
      8.115  0.1150E-02  0.1165E-02  0.2096E-02  0.1467E-02  0.2844E-02  0.1733E-02  0.1885E-02  0.2278E-02  0.3291E-03  0.4426E-03  0.1151E-02  0.1315E-02  0.1380E-02  0.1408E-02  0.6348E-03  0.9869E-03  0.2796E-03  0.5269E-03
      8.125  0.1134E-02  0.1156E-02  0.2065E-02  0.1369E-02  0.2973E-02  0.1681E-02  0.1899E-02  0.2061E-02  0.3231E-03  0.3873E-03  0.1171E-02  0.1232E-02  0.1412E-02  0.1286E-02  0.6348E-03  0.8950E-03  0.2690E-03  0.5084E-03
      8.135  0.1212E-02  0.1150E-02  0.2226E-02  0.1273E-02  0.3428E-02  0.1627E-02  0.2192E-02  0.1946E-02  0.3732E-03  0.3759E-03  0.1226E-02  0.1144E-02  0.1518E-02  0.1178E-02  0.6705E-03  0.8118E-03  0.3108E-03  0.4931E-03
      8.145  0.1465E-02  0.1472E-02  0.2700E-02  0.1408E-02  0.4676E-02  0.2268E-02  0.2986E-02  0.2990E-02  0.5489E-03  0.1116E-02  0.1410E-02  0.1233E-02  0.1912E-02  0.1874E-02  0.7918E-03  0.1037E-02  0.4391E-03  0.7911E-03
      8.155  0.1597E-02  0.9740E-03  0.2760E-02  0.1185E-02  0.5316E-02  0.1638E-02  0.3269E-02  0.1729E-02  0.6015E-03  0.7047E-03  0.1499E-02  0.8982E-03  0.2201E-02  0.1209E-02  0.8684E-03  0.6000E-03  0.4717E-03  0.5364E-03
      8.165  0.1616E-02  0.8177E-03  0.2533E-02  0.1053E-02  0.5343E-02  0.1382E-02  0.3216E-02  0.1440E-02  0.5387E-03  0.6107E-03  0.1460E-02  0.7285E-03  0.2313E-02  0.1054E-02  0.8784E-03  0.5111E-03  0.4465E-03  0.4730E-03
      8.175  0.1658E-02  0.6566E-03  0.2380E-02  0.9063E-03  0.5404E-02  0.1105E-02  0.3194E-02  0.1193E-02  0.4867E-03  0.5230E-03  0.1437E-02  0.5774E-03  0.2467E-02  0.9301E-03  0.9036E-03  0.4378E-03  0.4275E-03  0.4017E-03
      8.185  0.1365E-02  0.1126E-02  0.2138E-02  0.1832E-02  0.3992E-02  0.1775E-02  0.2453E-02  0.2162E-02  0.4133E-03  0.8818E-03  0.1276E-02  0.1093E-02  0.1976E-02  0.1434E-02  0.8344E-03  0.8308E-03  0.3285E-03  0.6315E-03
      8.195  0.1587E-02  0.1353E-02  0.2789E-02  0.2396E-02  0.3772E-02  0.2213E-02  0.2648E-02  0.2217E-02  0.4097E-03  0.9307E-03  0.1302E-02  0.1274E-02  0.1757E-02  0.1668E-02  0.1100E-02  0.9484E-03  0.3278E-03  0.6694E-03
      8.205  0.2084E-02  0.1417E-02  0.3442E-02  0.2649E-02  0.4314E-02  0.2538E-02  0.2952E-02  0.2190E-02  0.4404E-03  0.9184E-03  0.1339E-02  0.1379E-02  0.1713E-02  0.1819E-02  0.1448E-02  0.1000E-02  0.3706E-03  0.6689E-03
      8.215  0.2045E-02  0.2273E-02  0.2824E-02  0.4392E-02  0.4063E-02  0.4368E-02  0.2238E-02  0.5572E-02  0.4147E-03  0.1157E-02  0.1190E-02  0.3078E-02  0.1562E-02  0.2863E-02  0.1289E-02  0.1604E-02  0.3267E-03  0.1090E-02
      8.225  0.1687E-02  0.1374E-02  0.2195E-02  0.2797E-02  0.3826E-02  0.2773E-02  0.2011E-02  0.2524E-02  0.3869E-03  0.9189E-03  0.1037E-02  0.1674E-02  0.1436E-02  0.2070E-02  0.1076E-02  0.1031E-02  0.2997E-03  0.6762E-03
      8.235  0.1431E-02  0.1508E-02  0.1724E-02  0.3139E-02  0.3532E-02  0.2914E-02  0.1810E-02  0.2704E-02  0.3832E-03  0.1040E-02  0.1069E-02  0.1940E-02  0.1470E-02  0.2200E-02  0.9359E-03  0.1185E-02  0.2772E-03  0.6844E-03
      8.245  0.1374E-02  0.1489E-02  0.1564E-02  0.2962E-02  0.3213E-02  0.2895E-02  0.1677E-02  0.2655E-02  0.4031E-03  0.1035E-02  0.1255E-02  0.1896E-02  0.1510E-02  0.2194E-02  0.9117E-03  0.1126E-02  0.2673E-03  0.6717E-03
      8.255  0.1262E-02  0.1318E-02  0.1398E-02  0.2471E-02  0.2837E-02  0.2541E-02  0.1505E-02  0.2268E-02  0.4105E-03  0.9632E-03  0.1387E-02  0.1701E-02  0.1526E-02  0.1835E-02  0.8486E-03  0.9792E-03  0.2495E-03  0.5489E-03
      8.265  0.1220E-02  0.1239E-02  0.1736E-02  0.2180E-02  0.3308E-02  0.2360E-02  0.1540E-02  0.2151E-02  0.4330E-03  0.9449E-03  0.1343E-02  0.1586E-02  0.1466E-02  0.1647E-02  0.8796E-03  0.8886E-03  0.2326E-03  0.4943E-03
      8.275  0.1314E-02  0.1201E-02  0.2047E-02  0.1964E-02  0.3600E-02  0.2245E-02  0.1636E-02  0.2087E-02  0.4760E-03  0.9394E-03  0.1537E-02  0.1488E-02  0.1630E-02  0.1501E-02  0.9515E-03  0.8103E-03  0.2487E-03  0.4595E-03
      8.285  0.1339E-02  0.1336E-02  0.2193E-02  0.1881E-02  0.3620E-02  0.2261E-02  0.1629E-02  0.2180E-02  0.4934E-03  0.9902E-03  0.1584E-02  0.1463E-02  0.1760E-02  0.1400E-02  0.9687E-03  0.7687E-03  0.2532E-03  0.4477E-03
      8.295  0.1378E-02  0.1174E-02  0.2336E-02  0.1553E-02  0.3722E-02  0.1996E-02  0.1666E-02  0.1942E-02  0.4997E-03  0.8532E-03  0.1607E-02  0.1201E-02  0.1847E-02  0.1174E-02  0.9852E-03  0.6465E-03  0.2619E-03  0.4105E-03
      8.305  0.2737E-02  0.1019E-02  0.4608E-02  0.1218E-02  0.6546E-02  0.1739E-02  0.2800E-02  0.1628E-02  0.5697E-03  0.6594E-03  0.2731E-02  0.8440E-03  0.1817E-02  0.1018E-02  0.1500E-02  0.5171E-03  0.3921E-03  0.3956E-03
      8.315  0.1982E-02  0.1568E-02  0.3513E-02  0.1690E-02  0.6277E-02  0.2294E-02  0.2334E-02  0.1900E-02  0.5220E-03  0.7840E-03  0.2245E-02  0.1278E-02  0.1851E-02  0.1444E-02  0.1308E-02  0.6577E-03  0.3954E-03  0.6348E-03
      8.325  0.1547E-02  0.1542E-02  0.2834E-02  0.1712E-02  0.5232E-02  0.2295E-02  0.2056E-02  0.1963E-02  0.4838E-03  0.8401E-03  0.1775E-02  0.1293E-02  0.1837E-02  0.1427E-02  0.1044E-02  0.6669E-03  0.3766E-03  0.6196E-03
      8.335  0.1030E-02  0.1399E-02  0.1896E-02  0.1597E-02  0.3224E-02  0.1986E-02  0.1669E-02  0.1763E-02  0.4188E-03  0.8388E-03  0.1296E-02  0.1188E-02  0.1594E-02  0.1233E-02  0.7351E-03  0.5990E-03  0.2753E-03  0.5237E-03
      8.345  0.6858E-03  0.1296E-02  0.1289E-02  0.1496E-02  0.1904E-02  0.1843E-02  0.1376E-02  0.1613E-02  0.3906E-03  0.8116E-03  0.9952E-03  0.1107E-02  0.1385E-02  0.1169E-02  0.5346E-03  0.5598E-03  0.1994E-03  0.4836E-03
      8.355  0.9402E-03  0.1450E-02  0.4059E-02  0.1557E-02  0.5084E-02  0.1691E-02  0.2155E-02  0.2373E-02  0.7092E-03  0.1042E-02  0.2006E-02  0.1470E-02  0.2132E-02  0.1112E-02  0.1395E-02  0.5966E-03  0.5562E-03  0.6012E-03
      8.365  0.8562E-03  0.1190E-02  0.2451E-02  0.1303E-02  0.3165E-02  0.1358E-02  0.1949E-02  0.1992E-02  0.5544E-03  0.9112E-03  0.1420E-02  0.1241E-02  0.1687E-02  0.8929E-03  0.8428E-03  0.5020E-03  0.3362E-03  0.5064E-03
      8.375  0.9084E-03  0.1008E-02  0.2555E-02  0.1186E-02  0.3210E-02  0.1235E-02  0.2007E-02  0.1705E-02  0.5790E-03  0.8187E-03  0.1448E-02  0.1069E-02  0.1640E-02  0.8292E-03  0.8539E-03  0.4485E-03  0.3405E-03  0.4498E-03
      8.385  0.9615E-03  0.8377E-03  0.2631E-02  0.1079E-02  0.3220E-02  0.1112E-02  0.2004E-02  0.1413E-02  0.5968E-03  0.7067E-03  0.1467E-02  0.8937E-03  0.1576E-02  0.7708E-03  0.8781E-03  0.3953E-03  0.3410E-03  0.3924E-03
      8.395  0.1009E-02  0.5110E-03  0.2767E-02  0.7639E-03  0.3171E-02  0.6614E-03  0.2037E-02  0.6254E-03  0.6195E-03  0.2594E-03  0.1481E-02  0.4215E-03  0.1536E-02  0.5831E-03  0.9111E-03  0.2431E-03  0.3410E-03  0.2451E-03
      8.405  0.1143E-02  0.4975E-03  0.2969E-02  0.9474E-03  0.3264E-02  0.6317E-03  0.2122E-02  0.6482E-03  0.6461E-03  0.2631E-03  0.1508E-02  0.4335E-03  0.1563E-02  0.6485E-03  0.9619E-03  0.2678E-03  0.3465E-03  0.2555E-03
      8.415  0.2656E-02  0.5978E-03  0.4304E-02  0.1942E-02  0.6145E-02  0.6775E-03  0.2963E-02  0.8326E-03  0.7621E-03  0.3989E-03  0.1879E-02  0.5421E-03  0.2452E-02  0.9825E-03  0.1472E-02  0.4211E-03  0.4575E-03  0.3388E-03
      8.425  0.2033E-02  0.4447E-03  0.4456E-02  0.1306E-02  0.4050E-02  0.5657E-03  0.3138E-02  0.6369E-03  0.7231E-03  0.2553E-03  0.1732E-02  0.4285E-03  0.1822E-02  0.7592E-03  0.1406E-02  0.2740E-03  0.4121E-03  0.2635E-03
      8.435  0.1109E-02  0.3286E-03  0.2068E-02  0.7906E-03  0.3142E-02  0.4823E-03  0.1581E-02  0.4473E-03  0.5751E-03  0.1592E-03  0.1266E-02  0.3223E-03  0.1635E-02  0.5548E-03  0.7083E-03  0.1442E-03  0.3289E-03  0.1946E-03
      8.445  0.1090E-02  0.3103E-03  0.2075E-02  0.7104E-03  0.3112E-02  0.4703E-03  0.1593E-02  0.4117E-03  0.5567E-03  0.1453E-03  0.1232E-02  0.3047E-03  0.1601E-02  0.5369E-03  0.6987E-03  0.1334E-03  0.3247E-03  0.1843E-03
      8.455  0.1023E-02  0.2921E-03  0.1791E-02  0.6327E-03  0.2931E-02  0.4566E-03  0.1368E-02  0.3771E-03  0.4755E-03  0.1318E-03  0.1155E-02  0.2871E-03  0.1475E-02  0.5188E-03  0.6431E-03  0.1227E-03  0.2944E-03  0.1738E-03
      8.465  0.9486E-03  0.2741E-03  0.1626E-02  0.5576E-03  0.2766E-02  0.4413E-03  0.1243E-02  0.3437E-03  0.4164E-03  0.1187E-03  0.1083E-02  0.2696E-03  0.1424E-02  0.5005E-03  0.5987E-03  0.1120E-03  0.2878E-03  0.1632E-03
      8.475  0.9909E-03  0.2469E-03  0.2389E-02  0.4811E-03  0.3902E-02  0.4010E-03  0.1713E-02  0.2966E-03  0.4582E-03  0.1040E-03  0.1245E-02  0.2358E-03  0.1729E-02  0.4547E-03  0.8950E-03  0.9912E-04  0.3709E-03  0.1464E-03
      8.485  0.1036E-02  0.2180E-03  0.2977E-02  0.4071E-03  0.4318E-02  0.3560E-03  0.1916E-02  0.2501E-03  0.5273E-03  0.8937E-04  0.1346E-02  0.2003E-03  0.1951E-02  0.4021E-03  0.1016E-02  0.8608E-04  0.4300E-03  0.1285E-03
      8.495  0.1036E-02  0.1886E-03  0.3185E-02  0.3360E-03  0.4197E-02  0.3092E-03  0.1793E-02  0.2059E-03  0.5274E-03  0.7512E-04  0.1297E-02  0.1648E-03  0.1973E-02  0.3459E-03  0.9700E-03  0.7321E-04  0.4385E-03  0.1103E-03
      8.505  0.9208E-03  0.1586E-03  0.2393E-02  0.2678E-03  0.3674E-02  0.2605E-03  0.1534E-02  0.1642E-03  0.4407E-03  0.6125E-04  0.1192E-02  0.1293E-03  0.1677E-02  0.2861E-03  0.8397E-03  0.6050E-04  0.3909E-03  0.9178E-04
      8.515  0.6587E-03  0.1183E-03  0.1533E-02  0.1875E-03  0.3021E-02  0.1929E-03  0.1212E-02  0.1187E-03  0.2940E-03  0.4425E-04  0.8987E-03  0.9203E-04  0.1297E-02  0.2122E-03  0.7003E-03  0.4277E-04  0.2949E-03  0.6803E-04
      8.525  0.5912E-03  0.6294E-04  0.1329E-02  0.8970E-04  0.2914E-02  0.9929E-04  0.1201E-02  0.6316E-04  0.2738E-03  0.2232E-04  0.7466E-03  0.5246E-04  0.1205E-02  0.1217E-03  0.6695E-03  0.1980E-04  0.2706E-03  0.3561E-04
      8.535  0.6150E-03  0.1527E-04  0.1322E-02  0.1448E-04  0.2914E-02  0.1849E-04  0.1455E-02  0.1427E-04  0.2897E-03  0.4523E-05  0.8104E-03  0.1635E-04  0.1158E-02  0.3890E-04  0.6947E-03  0.3109E-05  0.3164E-03  0.6319E-05
      8.545  0.6668E-03  0.0000E+00  0.1381E-02  0.0000E+00  0.2942E-02  0.0000E+00  0.1808E-02  0.0000E+00  0.3166E-03  0.0000E+00  0.8956E-03  0.0000E+00  0.1133E-02  0.0000E+00  0.7332E-03  0.0000E+00  0.3800E-03  0.0000E+00
      8.555  0.9028E-03  0.0000E+00  0.1787E-02  0.0000E+00  0.3386E-02  0.0000E+00  0.2610E-02  0.0000E+00  0.7005E-03  0.0000E+00  0.1046E-02  0.0000E+00  0.1183E-02  0.0000E+00  0.1022E-02  0.0000E+00  0.6212E-03  0.0000E+00
      8.565  0.1177E-02  0.0000E+00  0.2292E-02  0.0000E+00  0.4046E-02  0.0000E+00  0.3613E-02  0.0000E+00  0.1024E-02  0.0000E+00  0.1210E-02  0.0000E+00  0.1267E-02  0.0000E+00  0.1341E-02  0.0000E+00  0.8063E-03  0.0000E+00
      8.575  0.1320E-02  0.0000E+00  0.2490E-02  0.0000E+00  0.3722E-02  0.0000E+00  0.4083E-02  0.0000E+00  0.9397E-03  0.0000E+00  0.1425E-02  0.0000E+00  0.1318E-02  0.0000E+00  0.1313E-02  0.0000E+00  0.7458E-03  0.0000E+00
      8.585  0.1511E-02  0.0000E+00  0.2824E-02  0.0000E+00  0.3585E-02  0.0000E+00  0.4978E-02  0.0000E+00  0.1056E-02  0.0000E+00  0.1847E-02  0.0000E+00  0.1441E-02  0.0000E+00  0.1454E-02  0.0000E+00  0.7087E-03  0.0000E+00
      8.595  0.1279E-02  0.0000E+00  0.2405E-02  0.0000E+00  0.3084E-02  0.0000E+00  0.4151E-02  0.0000E+00  0.8766E-03  0.0000E+00  0.1602E-02  0.0000E+00  0.1246E-02  0.0000E+00  0.1345E-02  0.0000E+00  0.5737E-03  0.0000E+00
      8.605  0.8980E-03  0.0000E+00  0.1725E-02  0.0000E+00  0.2467E-02  0.0000E+00  0.2215E-02  0.0000E+00  0.4470E-03  0.0000E+00  0.9452E-03  0.0000E+00  0.9445E-03  0.0000E+00  0.9387E-03  0.0000E+00  0.3972E-03  0.0000E+00
      8.615  0.8858E-03  0.0000E+00  0.1653E-02  0.0000E+00  0.2304E-02  0.0000E+00  0.2018E-02  0.0000E+00  0.4053E-03  0.0000E+00  0.9119E-03  0.0000E+00  0.9019E-03  0.0000E+00  0.8997E-03  0.0000E+00  0.3666E-03  0.0000E+00
      8.625  0.8594E-03  0.0000E+00  0.1605E-02  0.0000E+00  0.2184E-02  0.0000E+00  0.1847E-02  0.0000E+00  0.3693E-03  0.0000E+00  0.8846E-03  0.0000E+00  0.8557E-03  0.0000E+00  0.8566E-03  0.0000E+00  0.3338E-03  0.0000E+00
      8.635  0.8827E-03  0.0000E+00  0.1698E-02  0.0000E+00  0.2152E-02  0.0000E+00  0.1778E-02  0.0000E+00  0.3563E-03  0.0000E+00  0.8988E-03  0.0000E+00  0.8666E-03  0.0000E+00  0.8348E-03  0.0000E+00  0.3030E-03  0.0000E+00
      8.645  0.9671E-03  0.0000E+00  0.1934E-02  0.0000E+00  0.2211E-02  0.0000E+00  0.1765E-02  0.0000E+00  0.3668E-03  0.0000E+00  0.9623E-03  0.0000E+00  0.9154E-03  0.0000E+00  0.8379E-03  0.0000E+00  0.2827E-03  0.0000E+00
      8.655  0.9901E-03  0.0000E+00  0.2138E-02  0.0000E+00  0.2203E-02  0.0000E+00  0.1753E-02  0.0000E+00  0.3764E-03  0.0000E+00  0.9988E-03  0.0000E+00  0.9339E-03  0.0000E+00  0.8190E-03  0.0000E+00  0.2630E-03  0.0000E+00
      8.665  0.7930E-03  0.0000E+00  0.1717E-02  0.0000E+00  0.1935E-02  0.0000E+00  0.1490E-02  0.0000E+00  0.3179E-03  0.0000E+00  0.8618E-03  0.0000E+00  0.8005E-03  0.0000E+00  0.6801E-03  0.0000E+00  0.2281E-03  0.0000E+00
      8.675  0.6482E-03  0.0000E+00  0.1336E-02  0.0000E+00  0.1707E-02  0.0000E+00  0.1262E-02  0.0000E+00  0.2703E-03  0.0000E+00  0.7334E-03  0.0000E+00  0.6914E-03  0.0000E+00  0.5617E-03  0.0000E+00  0.1968E-03  0.0000E+00
      8.685  0.5739E-03  0.0000E+00  0.1234E-02  0.0000E+00  0.1572E-02  0.0000E+00  0.1385E-02  0.0000E+00  0.2233E-03  0.0000E+00  0.6683E-03  0.0000E+00  0.6189E-03  0.0000E+00  0.5110E-03  0.0000E+00  0.1898E-03  0.0000E+00
      8.695  0.4841E-03  0.0000E+00  0.1110E-02  0.0000E+00  0.1334E-02  0.0000E+00  0.1471E-02  0.0000E+00  0.1871E-03  0.0000E+00  0.5837E-03  0.0000E+00  0.5128E-03  0.0000E+00  0.4626E-03  0.0000E+00  0.1770E-03  0.0000E+00
      8.706  0.5005E-03  0.0000E+00  0.1131E-02  0.0000E+00  0.1420E-02  0.0000E+00  0.1500E-02  0.0000E+00  0.1684E-03  0.0000E+00  0.5861E-03  0.0000E+00  0.5380E-03  0.0000E+00  0.4538E-03  0.0000E+00  0.1862E-03  0.0000E+00
      8.716  0.4779E-03  0.0000E+00  0.1079E-02  0.0000E+00  0.1352E-02  0.0000E+00  0.1282E-02  0.0000E+00  0.1529E-03  0.0000E+00  0.5405E-03  0.0000E+00  0.5098E-03  0.0000E+00  0.4313E-03  0.0000E+00  0.1672E-03  0.0000E+00
      8.726  0.4755E-03  0.0000E+00  0.1032E-02  0.0000E+00  0.1285E-02  0.0000E+00  0.9914E-03  0.0000E+00  0.1494E-03  0.0000E+00  0.4965E-03  0.0000E+00  0.4975E-03  0.0000E+00  0.4218E-03  0.0000E+00  0.1459E-03  0.0000E+00
      8.736  0.4862E-03  0.0000E+00  0.9762E-03  0.0000E+00  0.1194E-02  0.0000E+00  0.6883E-03  0.0000E+00  0.1608E-03  0.0000E+00  0.4544E-03  0.0000E+00  0.4898E-03  0.0000E+00  0.4220E-03  0.0000E+00  0.1240E-03  0.0000E+00
      8.746  0.4576E-03  0.0000E+00  0.8887E-03  0.0000E+00  0.1126E-02  0.0000E+00  0.6408E-03  0.0000E+00  0.1618E-03  0.0000E+00  0.4317E-03  0.0000E+00  0.4524E-03  0.0000E+00  0.4042E-03  0.0000E+00  0.1155E-03  0.0000E+00
      8.756  0.3761E-03  0.0000E+00  0.5290E-03  0.0000E+00  0.8295E-03  0.0000E+00  0.4461E-03  0.0000E+00  0.1107E-03  0.0000E+00  0.3252E-03  0.0000E+00  0.3477E-03  0.0000E+00  0.2720E-03  0.0000E+00  0.9241E-04  0.0000E+00
      8.766  0.3346E-03  0.0000E+00  0.3942E-03  0.0000E+00  0.7047E-03  0.0000E+00  0.3644E-03  0.0000E+00  0.9412E-04  0.0000E+00  0.2815E-03  0.0000E+00  0.2892E-03  0.0000E+00  0.2194E-03  0.0000E+00  0.8197E-04  0.0000E+00
      8.776  0.2690E-03  0.0000E+00  0.2947E-03  0.0000E+00  0.5792E-03  0.0000E+00  0.2984E-03  0.0000E+00  0.7789E-04  0.0000E+00  0.2358E-03  0.0000E+00  0.2213E-03  0.0000E+00  0.1633E-03  0.0000E+00  0.6913E-04  0.0000E+00
      8.786  0.2000E-03  0.0000E+00  0.1934E-03  0.0000E+00  0.4303E-03  0.0000E+00  0.2305E-03  0.0000E+00  0.5964E-04  0.0000E+00  0.1804E-03  0.0000E+00  0.1534E-03  0.0000E+00  0.1044E-03  0.0000E+00  0.5510E-04  0.0000E+00
      8.796  0.1362E-03  0.0000E+00  0.9816E-04  0.0000E+00  0.2731E-03  0.0000E+00  0.1652E-03  0.0000E+00  0.4253E-04  0.0000E+00  0.1202E-03  0.0000E+00  0.9293E-04  0.0000E+00  0.4933E-04  0.0000E+00  0.4125E-04  0.0000E+00
      8.806  0.9078E-04  0.0000E+00  0.4604E-04  0.0000E+00  0.1693E-03  0.0000E+00  0.1142E-03  0.0000E+00  0.3135E-04  0.0000E+00  0.7524E-04  0.0000E+00  0.5706E-04  0.0000E+00  0.1946E-04  0.0000E+00  0.2958E-04  0.0000E+00
      8.816  0.5044E-04  0.0000E+00  0.2918E-04  0.0000E+00  0.1074E-03  0.0000E+00  0.6708E-04  0.0000E+00  0.2084E-04  0.0000E+00  0.4292E-04  0.0000E+00  0.3498E-04  0.0000E+00  0.1123E-04  0.0000E+00  0.1701E-04  0.0000E+00
      8.826  0.1633E-04  0.0000E+00  0.1086E-04  0.0000E+00  0.4000E-04  0.0000E+00  0.2315E-04  0.0000E+00  0.8090E-05  0.0000E+00  0.1434E-04  0.0000E+00  0.1261E-04  0.0000E+00  0.3802E-05  0.0000E+00  0.5734E-05  0.0000E+00
      8.836  0.0000E+00  0.0000E+00  0.0000E+00  0.0000E+00  0.0000E+00  0.0000E+00  0.0000E+00  0.0000E+00  0.0000E+00  0.0000E+00  0.0000E+00  0.0000E+00  0.0000E+00  0.0000E+00  0.0000E+00  0.0000E+00  0.0000E+00  0.0000E+00
      8.846  0.0000E+00  0.0000E+00  0.0000E+00  0.0000E+00  0.0000E+00  0.0000E+00  0.0000E+00  0.0000E+00  0.0000E+00  0.0000E+00  0.0000E+00  0.0000E+00  0.0000E+00  0.0000E+00  0.0000E+00  0.0000E+00  0.0000E+00  0.0000E+00
      8.856  0.0000E+00  0.0000E+00  0.0000E+00  0.0000E+00  0.0000E+00  0.0000E+00  0.0000E+00  0.0000E+00  0.0000E+00  0.0000E+00  0.0000E+00  0.0000E+00  0.0000E+00  0.0000E+00  0.0000E+00  0.0000E+00  0.0000E+00  0.0000E+00
      8.866  0.0000E+00  0.0000E+00  0.0000E+00  0.0000E+00  0.0000E+00  0.0000E+00  0.0000E+00  0.0000E+00  0.0000E+00  0.0000E+00  0.0000E+00  0.0000E+00  0.0000E+00  0.0000E+00  0.0000E+00  0.0000E+00  0.0000E+00  0.0000E+00
      8.876  0.0000E+00  0.0000E+00  0.0000E+00  0.0000E+00  0.0000E+00  0.0000E+00  0.0000E+00  0.0000E+00  0.0000E+00  0.0000E+00  0.0000E+00  0.0000E+00  0.0000E+00  0.0000E+00  0.0000E+00  0.0000E+00  0.0000E+00  0.0000E+00
      8.886  0.0000E+00  0.0000E+00  0.0000E+00  0.0000E+00  0.0000E+00  0.0000E+00  0.0000E+00  0.0000E+00  0.0000E+00  0.0000E+00  0.0000E+00  0.0000E+00  0.0000E+00  0.0000E+00  0.0000E+00  0.0000E+00  0.0000E+00  0.0000E+00
      8.896  0.0000E+00  0.0000E+00  0.0000E+00  0.0000E+00  0.0000E+00  0.0000E+00  0.0000E+00  0.0000E+00  0.0000E+00  0.0000E+00  0.0000E+00  0.0000E+00  0.0000E+00  0.0000E+00  0.0000E+00  0.0000E+00  0.0000E+00  0.0000E+00
      8.906  0.0000E+00  0.0000E+00  0.0000E+00  0.0000E+00  0.0000E+00  0.0000E+00  0.0000E+00  0.0000E+00  0.0000E+00  0.0000E+00  0.0000E+00  0.0000E+00  0.0000E+00  0.0000E+00  0.0000E+00  0.0000E+00  0.0000E+00  0.0000E+00
      8.916  0.0000E+00  0.0000E+00  0.0000E+00  0.0000E+00  0.0000E+00  0.0000E+00  0.0000E+00  0.0000E+00  0.0000E+00  0.0000E+00  0.0000E+00  0.0000E+00  0.0000E+00  0.0000E+00  0.0000E+00  0.0000E+00  0.0000E+00  0.0000E+00
      8.926  0.0000E+00  0.0000E+00  0.0000E+00  0.0000E+00  0.0000E+00  0.0000E+00  0.0000E+00  0.0000E+00  0.0000E+00  0.0000E+00  0.0000E+00  0.0000E+00  0.0000E+00  0.0000E+00  0.0000E+00  0.0000E+00  0.0000E+00  0.0000E+00
      8.936  0.0000E+00  0.0000E+00  0.0000E+00  0.0000E+00  0.0000E+00  0.0000E+00  0.0000E+00  0.0000E+00  0.0000E+00  0.0000E+00  0.0000E+00  0.0000E+00  0.0000E+00  0.0000E+00  0.0000E+00  0.0000E+00  0.0000E+00  0.0000E+00
      8.946  0.0000E+00  0.0000E+00  0.0000E+00  0.0000E+00  0.0000E+00  0.0000E+00  0.0000E+00  0.0000E+00  0.0000E+00  0.0000E+00  0.0000E+00  0.0000E+00  0.0000E+00  0.0000E+00  0.0000E+00  0.0000E+00  0.0000E+00  0.0000E+00
      8.956  0.0000E+00  0.0000E+00  0.0000E+00  0.0000E+00  0.0000E+00  0.0000E+00  0.0000E+00  0.0000E+00  0.0000E+00  0.0000E+00  0.0000E+00  0.0000E+00  0.0000E+00  0.0000E+00  0.0000E+00  0.0000E+00  0.0000E+00  0.0000E+00
      8.966  0.0000E+00  0.0000E+00  0.0000E+00  0.0000E+00  0.0000E+00  0.0000E+00  0.0000E+00  0.0000E+00  0.0000E+00  0.0000E+00  0.0000E+00  0.0000E+00  0.0000E+00  0.0000E+00  0.0000E+00  0.0000E+00  0.0000E+00  0.0000E+00
      8.976  0.0000E+00  0.0000E+00  0.0000E+00  0.0000E+00  0.0000E+00  0.0000E+00  0.0000E+00  0.0000E+00  0.0000E+00  0.0000E+00  0.0000E+00  0.0000E+00  0.0000E+00  0.0000E+00  0.0000E+00  0.0000E+00  0.0000E+00  0.0000E+00
      8.986  0.0000E+00  0.0000E+00  0.0000E+00  0.0000E+00  0.0000E+00  0.0000E+00  0.0000E+00  0.0000E+00  0.0000E+00  0.0000E+00  0.0000E+00  0.0000E+00  0.0000E+00  0.0000E+00  0.0000E+00  0.0000E+00  0.0000E+00  0.0000E+00
      8.996  0.0000E+00  0.0000E+00  0.0000E+00  0.0000E+00  0.0000E+00  0.0000E+00  0.0000E+00  0.0000E+00  0.0000E+00  0.0000E+00  0.0000E+00  0.0000E+00  0.0000E+00  0.0000E+00  0.0000E+00  0.0000E+00  0.0000E+00  0.0000E+00
      9.006  0.0000E+00  0.0000E+00  0.0000E+00  0.0000E+00  0.0000E+00  0.0000E+00  0.0000E+00  0.0000E+00  0.0000E+00  0.0000E+00  0.0000E+00  0.0000E+00  0.0000E+00  0.0000E+00  0.0000E+00  0.0000E+00  0.0000E+00  0.0000E+00
      9.016  0.0000E+00  0.0000E+00  0.0000E+00  0.0000E+00  0.0000E+00  0.0000E+00  0.0000E+00  0.0000E+00  0.0000E+00  0.0000E+00  0.0000E+00  0.0000E+00  0.0000E+00  0.0000E+00  0.0000E+00  0.0000E+00  0.0000E+00  0.0000E+00
      9.026  0.0000E+00  0.0000E+00  0.0000E+00  0.0000E+00  0.0000E+00  0.0000E+00  0.0000E+00  0.0000E+00  0.0000E+00  0.0000E+00  0.0000E+00  0.0000E+00  0.0000E+00  0.0000E+00  0.0000E+00  0.0000E+00  0.0000E+00  0.0000E+00
      9.036  0.0000E+00  0.0000E+00  0.0000E+00  0.0000E+00  0.0000E+00  0.0000E+00  0.0000E+00  0.0000E+00  0.0000E+00  0.0000E+00  0.0000E+00  0.0000E+00  0.0000E+00  0.0000E+00  0.0000E+00  0.0000E+00  0.0000E+00  0.0000E+00
      9.046  0.0000E+00  0.0000E+00  0.0000E+00  0.0000E+00  0.0000E+00  0.0000E+00  0.0000E+00  0.0000E+00  0.0000E+00  0.0000E+00  0.0000E+00  0.0000E+00  0.0000E+00  0.0000E+00  0.0000E+00  0.0000E+00  0.0000E+00  0.0000E+00
      9.056  0.0000E+00  0.0000E+00  0.0000E+00  0.0000E+00  0.0000E+00  0.0000E+00  0.0000E+00  0.0000E+00  0.0000E+00  0.0000E+00  0.0000E+00  0.0000E+00  0.0000E+00  0.0000E+00  0.0000E+00  0.0000E+00  0.0000E+00  0.0000E+00
      9.066  0.0000E+00  0.0000E+00  0.0000E+00  0.0000E+00  0.0000E+00  0.0000E+00  0.0000E+00  0.0000E+00  0.0000E+00  0.0000E+00  0.0000E+00  0.0000E+00  0.0000E+00  0.0000E+00  0.0000E+00  0.0000E+00  0.0000E+00  0.0000E+00
      9.076  0.0000E+00  0.0000E+00  0.0000E+00  0.0000E+00  0.0000E+00  0.0000E+00  0.0000E+00  0.0000E+00  0.0000E+00  0.0000E+00  0.0000E+00  0.0000E+00  0.0000E+00  0.0000E+00  0.0000E+00  0.0000E+00  0.0000E+00  0.0000E+00
      9.086  0.0000E+00  0.0000E+00  0.0000E+00  0.0000E+00  0.0000E+00  0.0000E+00  0.0000E+00  0.0000E+00  0.0000E+00  0.0000E+00  0.0000E+00  0.0000E+00  0.0000E+00  0.0000E+00  0.0000E+00  0.0000E+00  0.0000E+00  0.0000E+00
      9.096  0.0000E+00  0.0000E+00  0.0000E+00  0.0000E+00  0.0000E+00  0.0000E+00  0.0000E+00  0.0000E+00  0.0000E+00  0.0000E+00  0.0000E+00  0.0000E+00  0.0000E+00  0.0000E+00  0.0000E+00  0.0000E+00  0.0000E+00  0.0000E+00
      9.106  0.0000E+00  0.0000E+00  0.0000E+00  0.0000E+00  0.0000E+00  0.0000E+00  0.0000E+00  0.0000E+00  0.0000E+00  0.0000E+00  0.0000E+00  0.0000E+00  0.0000E+00  0.0000E+00  0.0000E+00  0.0000E+00  0.0000E+00  0.0000E+00
      9.116  0.0000E+00  0.0000E+00  0.0000E+00  0.0000E+00  0.0000E+00  0.0000E+00  0.0000E+00  0.0000E+00  0.0000E+00  0.0000E+00  0.0000E+00  0.0000E+00  0.0000E+00  0.0000E+00  0.0000E+00  0.0000E+00  0.0000E+00  0.0000E+00
      9.126  0.0000E+00  0.0000E+00  0.0000E+00  0.0000E+00  0.0000E+00  0.0000E+00  0.0000E+00  0.0000E+00  0.0000E+00  0.0000E+00  0.0000E+00  0.0000E+00  0.0000E+00  0.0000E+00  0.0000E+00  0.0000E+00  0.0000E+00  0.0000E+00
      9.136  0.0000E+00  0.0000E+00  0.0000E+00  0.0000E+00  0.0000E+00  0.0000E+00  0.0000E+00  0.0000E+00  0.0000E+00  0.0000E+00  0.0000E+00  0.0000E+00  0.0000E+00  0.0000E+00  0.0000E+00  0.0000E+00  0.0000E+00  0.0000E+00
      9.146  0.0000E+00  0.0000E+00  0.0000E+00  0.0000E+00  0.0000E+00  0.0000E+00  0.0000E+00  0.0000E+00  0.0000E+00  0.0000E+00  0.0000E+00  0.0000E+00  0.0000E+00  0.0000E+00  0.0000E+00  0.0000E+00  0.0000E+00  0.0000E+00
      9.156  0.0000E+00  0.0000E+00  0.0000E+00  0.0000E+00  0.0000E+00  0.0000E+00  0.0000E+00  0.0000E+00  0.0000E+00  0.0000E+00  0.0000E+00  0.0000E+00  0.0000E+00  0.0000E+00  0.0000E+00  0.0000E+00  0.0000E+00  0.0000E+00
      9.166  0.0000E+00  0.0000E+00  0.0000E+00  0.0000E+00  0.0000E+00  0.0000E+00  0.0000E+00  0.0000E+00  0.0000E+00  0.0000E+00  0.0000E+00  0.0000E+00  0.0000E+00  0.0000E+00  0.0000E+00  0.0000E+00  0.0000E+00  0.0000E+00
      9.176  0.0000E+00  0.0000E+00  0.0000E+00  0.0000E+00  0.0000E+00  0.0000E+00  0.0000E+00  0.0000E+00  0.0000E+00  0.0000E+00  0.0000E+00  0.0000E+00  0.0000E+00  0.0000E+00  0.0000E+00  0.0000E+00  0.0000E+00  0.0000E+00
      9.186  0.0000E+00  0.0000E+00  0.0000E+00  0.0000E+00  0.0000E+00  0.0000E+00  0.0000E+00  0.0000E+00  0.0000E+00  0.0000E+00  0.0000E+00  0.0000E+00  0.0000E+00  0.0000E+00  0.0000E+00  0.0000E+00  0.0000E+00  0.0000E+00
      9.196  0.0000E+00  0.0000E+00  0.0000E+00  0.0000E+00  0.0000E+00  0.0000E+00  0.0000E+00  0.0000E+00  0.0000E+00  0.0000E+00  0.0000E+00  0.0000E+00  0.0000E+00  0.0000E+00  0.0000E+00  0.0000E+00  0.0000E+00  0.0000E+00
      9.206  0.0000E+00  0.0000E+00  0.0000E+00  0.0000E+00  0.0000E+00  0.0000E+00  0.0000E+00  0.0000E+00  0.0000E+00  0.0000E+00  0.0000E+00  0.0000E+00  0.0000E+00  0.0000E+00  0.0000E+00  0.0000E+00  0.0000E+00  0.0000E+00
      9.216  0.0000E+00  0.0000E+00  0.0000E+00  0.0000E+00  0.0000E+00  0.0000E+00  0.0000E+00  0.0000E+00  0.0000E+00  0.0000E+00  0.0000E+00  0.0000E+00  0.0000E+00  0.0000E+00  0.0000E+00  0.0000E+00  0.0000E+00  0.0000E+00
      9.226  0.0000E+00  0.0000E+00  0.0000E+00  0.0000E+00  0.0000E+00  0.0000E+00  0.0000E+00  0.0000E+00  0.0000E+00  0.0000E+00  0.0000E+00  0.0000E+00  0.0000E+00  0.0000E+00  0.0000E+00  0.0000E+00  0.0000E+00  0.0000E+00
      9.236  0.0000E+00  0.0000E+00  0.0000E+00  0.0000E+00  0.0000E+00  0.0000E+00  0.0000E+00  0.0000E+00  0.0000E+00  0.0000E+00  0.0000E+00  0.0000E+00  0.0000E+00  0.0000E+00  0.0000E+00  0.0000E+00  0.0000E+00  0.0000E+00
      9.246  0.0000E+00  0.0000E+00  0.0000E+00  0.0000E+00  0.0000E+00  0.0000E+00  0.0000E+00  0.0000E+00  0.0000E+00  0.0000E+00  0.0000E+00  0.0000E+00  0.0000E+00  0.0000E+00  0.0000E+00  0.0000E+00  0.0000E+00  0.0000E+00
      9.256  0.0000E+00  0.0000E+00  0.0000E+00  0.0000E+00  0.0000E+00  0.0000E+00  0.0000E+00  0.0000E+00  0.0000E+00  0.0000E+00  0.0000E+00  0.0000E+00  0.0000E+00  0.0000E+00  0.0000E+00  0.0000E+00  0.0000E+00  0.0000E+00
      9.266  0.0000E+00  0.0000E+00  0.0000E+00  0.0000E+00  0.0000E+00  0.0000E+00  0.0000E+00  0.0000E+00  0.0000E+00  0.0000E+00  0.0000E+00  0.0000E+00  0.0000E+00  0.0000E+00  0.0000E+00  0.0000E+00  0.0000E+00  0.0000E+00
      9.276  0.0000E+00  0.0000E+00  0.0000E+00  0.0000E+00  0.0000E+00  0.0000E+00  0.0000E+00  0.0000E+00  0.0000E+00  0.0000E+00  0.0000E+00  0.0000E+00  0.0000E+00  0.0000E+00  0.0000E+00  0.0000E+00  0.0000E+00  0.0000E+00
      9.286  0.0000E+00  0.0000E+00  0.0000E+00  0.0000E+00  0.0000E+00  0.0000E+00  0.0000E+00  0.0000E+00  0.0000E+00  0.0000E+00  0.0000E+00  0.0000E+00  0.0000E+00  0.0000E+00  0.0000E+00  0.0000E+00  0.0000E+00  0.0000E+00
      9.296  0.0000E+00  0.0000E+00  0.0000E+00  0.0000E+00  0.0000E+00  0.0000E+00  0.0000E+00  0.0000E+00  0.0000E+00  0.0000E+00  0.0000E+00  0.0000E+00  0.0000E+00  0.0000E+00  0.0000E+00  0.0000E+00  0.0000E+00  0.0000E+00
      9.306  0.0000E+00  0.0000E+00  0.0000E+00  0.0000E+00  0.0000E+00  0.0000E+00  0.0000E+00  0.0000E+00  0.0000E+00  0.0000E+00  0.0000E+00  0.0000E+00  0.0000E+00  0.0000E+00  0.0000E+00  0.0000E+00  0.0000E+00  0.0000E+00
      9.316  0.0000E+00  0.0000E+00  0.0000E+00  0.0000E+00  0.0000E+00  0.0000E+00  0.0000E+00  0.0000E+00  0.0000E+00  0.0000E+00  0.0000E+00  0.0000E+00  0.0000E+00  0.0000E+00  0.0000E+00  0.0000E+00  0.0000E+00  0.0000E+00
      9.326  0.0000E+00  0.0000E+00  0.0000E+00  0.0000E+00  0.0000E+00  0.0000E+00  0.0000E+00  0.0000E+00  0.0000E+00  0.0000E+00  0.0000E+00  0.0000E+00  0.0000E+00  0.0000E+00  0.0000E+00  0.0000E+00  0.0000E+00  0.0000E+00
      9.336  0.0000E+00  0.0000E+00  0.0000E+00  0.0000E+00  0.0000E+00  0.0000E+00  0.0000E+00  0.0000E+00  0.0000E+00  0.0000E+00  0.0000E+00  0.0000E+00  0.0000E+00  0.0000E+00  0.0000E+00  0.0000E+00  0.0000E+00  0.0000E+00
      9.346  0.0000E+00  0.0000E+00  0.0000E+00  0.0000E+00  0.0000E+00  0.0000E+00  0.0000E+00  0.0000E+00  0.0000E+00  0.0000E+00  0.0000E+00  0.0000E+00  0.0000E+00  0.0000E+00  0.0000E+00  0.0000E+00  0.0000E+00  0.0000E+00
      9.356  0.0000E+00  0.0000E+00  0.0000E+00  0.0000E+00  0.0000E+00  0.0000E+00  0.0000E+00  0.0000E+00  0.0000E+00  0.0000E+00  0.0000E+00  0.0000E+00  0.0000E+00  0.0000E+00  0.0000E+00  0.0000E+00  0.0000E+00  0.0000E+00
      9.366  0.0000E+00  0.0000E+00  0.0000E+00  0.0000E+00  0.0000E+00  0.0000E+00  0.0000E+00  0.0000E+00  0.0000E+00  0.0000E+00  0.0000E+00  0.0000E+00  0.0000E+00  0.0000E+00  0.0000E+00  0.0000E+00  0.0000E+00  0.0000E+00
      9.376  0.0000E+00  0.0000E+00  0.0000E+00  0.0000E+00  0.0000E+00  0.0000E+00  0.0000E+00  0.0000E+00  0.0000E+00  0.0000E+00  0.0000E+00  0.0000E+00  0.0000E+00  0.0000E+00  0.0000E+00  0.0000E+00  0.0000E+00  0.0000E+00
      9.386  0.0000E+00  0.0000E+00  0.0000E+00  0.0000E+00  0.0000E+00  0.0000E+00  0.0000E+00  0.0000E+00  0.0000E+00  0.0000E+00  0.0000E+00  0.0000E+00  0.0000E+00  0.0000E+00  0.0000E+00  0.0000E+00  0.0000E+00  0.0000E+00
      9.396  0.0000E+00  0.0000E+00  0.0000E+00  0.0000E+00  0.0000E+00  0.0000E+00  0.0000E+00  0.0000E+00  0.0000E+00  0.0000E+00  0.0000E+00  0.0000E+00  0.0000E+00  0.0000E+00  0.0000E+00  0.0000E+00  0.0000E+00  0.0000E+00
