PATH,substrate,ID_local,E_tot_SR,target_MAE,Feature_PT6_div3000,target_top_p_y:z,target_top_p_y:x,target_top_p_z:x,target_top_d_xy:yz,target_top_d_xy:z2-r2,target_top_d_xy:xz,target_top_d_xy:x2-y2,target_top_d_yz:z2-r2,target_top_d_yz:xz,target_top_d_yz:x2-y2,target_top_d_z2-r2:xz,target_top_d_z2-r2:x2-y2,target_top_d_xz:x2-y2,target_bottom_p_y:z,target_bottom_p_y:x,target_bottom_p_z:x,target_bottom_d_xy:yz,target_bottom_d_xy:z2-r2,target_bottom_d_xy:xz,target_bottom_d_xy:x2-y2,target_bottom_d_yz:z2-r2,target_bottom_d_yz:xz,target_bottom_d_yz:x2-y2,target_bottom_d_z2-r2:xz,target_bottom_d_z2-r2:x2-y2,target_bottom_d_xz:x2-y2,target_ecos_top,target_ecos_bottom
03_NCL_OsPd_vacuum/,implicit,1,-455.67786,133.039999999994,0.96655863,-5.96000000000008e-05,0.0011086,7.740000000000004e-05,0.0171937,0.0,0.0236154999999999,0.0183760999999999,0.0151712999999999,0.0042991,0.0088526,0.014709,0.0,0.0029956,0.0005325,0.0001558,0.00028,-0.0016935,0.0,-0.0024628,-0.0009737999999999,-0.0047995,0.0031066999999999,-0.0002992,-0.0040161,0.0,0.0003124,0.2126784,-0.0197153
03_NCL_OsPd_vacuum/,implicit,2,-454.49082,64.6300000000224,1.00851708533333,7.63999999999999e-05,-0.0003384,-0.0003965999999999,0.0019479999999999,0.0,0.0191293999999999,0.0103471999999999,0.0374213,-0.0111767999999999,0.0218282,0.0011968,0.0,0.0052967999999999,-7.199999999999958e-06,1.2100000000000025e-05,-2.059999999999996e-05,8.639999999999999e-05,0.0,-0.0032012,-0.0013898,-0.0108014,-0.0025142,-0.0032218,0.0008511,0.0,-0.0003822999999999,0.1706644,-0.041178
03_NCL_OsPd_vacuum/,implicit,3,-454.10196,36.4299999999957,1.15234381666667,0.000211,-0.0005875,-0.0001643,-0.0058247999999999,0.0,-0.0092462,0.0407535,0.0396067,-0.0274813,0.0153756999999999,0.0017242,0.0,-0.0004338,-0.0004163999999999,-0.0005703,-0.0001999,0.000225,0.0,-0.0002214999999999,4.699999999999843e-06,-0.009531,-0.0051991,-0.0017486,0.0014042999999999,0.0,-0.0003573,0.1078664,-0.0332204
03_NCL_OsPd_vacuum/,implicit,4,-454.12106,45.6300000000169,0.637575190666667,0.0001543999999999,-0.0004437,-0.0001313,-0.0039315,0.0,0.0103929,0.0414147,0.0330531,-0.0230824,-0.0043476999999999,0.0069311999999999,0.0,0.0026979999999999,-0.00042,-0.0004402,-8.67000000000001e-05,-9.850000000000006e-05,0.0,-0.001572,0.0001273,-0.0074799,-0.00417,-0.000584,-0.0007054,0.0,-0.0005095999999999,0.1254156999999999,-0.0318783
03_NCL_OsPd_vacuum/,implicit,5,-454.05198,52.319999999952,0.934126222,0.0002154,-0.0004426,-0.0002009999999999,-2.7999999999996777e-05,0.0,0.0180248,0.0463268,0.04154,-0.0223372,-0.0091076999999999,9.099999999998e-06,0.0,-0.0035776,-0.0005447,-0.0004334,-3.429999999999991e-05,-0.0002117999999999,0.0,-0.0025878999999999,-0.0001263,-0.009287,-0.004137,-0.0003933999999999,0.0009094,0.0,-3.499999999999998e-05,0.1408445,-0.0337629
03_NCL_OsPd_vacuum/,implicit,6,-454.19471,53.0300000000352,1.33119162533333,0.0001641999999999,-0.0004927,-0.0003348,-0.0045930999999999,0.0,-0.0053079,0.033164,0.039074,-0.0203379,0.0158661,-0.0002261,0.0,0.0078478999999999,-0.0004801,-0.0003348,-0.0001276999999999,0.000366,0.0,-0.0010658,-0.0002944,-0.0098536,-0.0040479,-0.0022979,0.0016389,0.0,-0.0012289,0.1296473999999999,-0.0354523
03_NCL_OsPd_vacuum/,implicit,7,-454.31407,27.1800000000439,1.12064259133333,-7.470000000000046e-05,-0.0006329999999999,2.920000000000006e-05,0.011393,0.0,-0.0014893,0.0227686999999999,0.0137983,-0.0232678,0.0022445,0.0188868,0.0,-0.0014678,-0.000176,-0.0003771,-0.0001560999999999,-0.0016388,0.0,-0.0005006,-0.0006845999999999,-0.002672,-0.0050564999999999,-0.000664,-0.0053945,0.0,-0.0008479,0.0843758,-0.036336
03_NCL_OsPd_vacuum/,implicit,8,-454.12809,52.9799999999909,0.668633805333333,4.6000000000000034e-05,-0.000309,1.650000000000002e-05,-0.0062152,0.0,0.0074481999999999,0.0483967,0.0209761999999999,-0.0213782999999999,-0.0039686999999999,0.020867,0.0,0.0052829,-0.0003742,-0.0004925,-0.0002334999999999,-0.0001158999999999,0.0,-0.0011124,0.0002646,-0.0039651,-0.003467,-0.0005720999999999,-0.0043343,0.0,-0.0009992,0.1423246,-0.030803
03_NCL_OsPd_vacuum/,implicit,9,-453.96711,43.8500000000204,1.235366738,4.579999999999949e-05,-0.0005026999999999,8.170000000000052e-05,0.0026567,0.0,0.0097726,0.0515835,0.0223262999999999,-0.0268982,-0.0110621,0.0239001,0.0,-0.0049085999999999,-0.0003204,-0.0005735,-0.0003694,-0.0009004999999999,0.0,-0.0013252,3.519999999999999e-05,-0.0043054,-0.0048386,0.0001725999999999,-0.0048157,0.0,-0.0003093,0.1339908999999999,-0.0351006
03_NCL_OsPd_vacuum/,implicit,10,-454.02999,64.0999999999963,1.22039790233333,0.0001431,-0.000474,-0.000183,-0.0048045,0.0,-0.0025155,0.0413338999999999,0.0438348999999999,-0.0210087999999999,0.018803,-0.0006145,0.0,0.0017577,-0.0002724,-0.0001732,-1.0699999999999987e-05,0.0005268,0.0,-0.000521,-0.0001021,-0.0096578,-0.0041837,-0.0023821999999999,0.000886,0.0,-0.0005022,0.1525442,-0.0327856
03_NCL_OsPd_vacuum/,implicit,11,-453.92876,42.2300000000178,1.31636942666667,-7.369999999999946e-05,-0.0007873,-8.100000000000468e-06,0.0118177,0.0,0.0063294,0.0415764,0.020019,-0.0252814,-0.0041278999999999,0.0239558,0.0,-0.0057585999999999,-0.0002058999999999,-0.0002431,-0.0002496,-0.0014812,0.0,-0.0010282999999999,-0.0001720999999999,-0.0039713,-0.0056339,-0.0003471,-0.0051018,0.0,-0.0002722,0.1353223999999999,-0.0374127
03_NCL_OsPd_vacuum/,implicit,12,-454.06818,52.1200000000022,0.607188842333333,7.300000000000015e-05,-0.0003945999999999,-4.3699999999999815e-05,-0.0102143999999999,0.0,-0.0019982,0.053831,0.0270168999999999,-0.0223538999999999,0.0035216999999999,0.0144456,0.0,0.0083996,-0.0003511,-0.000462,-0.0001705999999999,0.0002317,0.0,-0.0005274,0.0003645,-0.0053812,-0.0039545,-0.0011066,-0.0025778999999999,0.0,-0.0011930999999999,0.1445659999999999,-0.0302566999999999
03_NCL_OsPd_vacuum/,implicit,13,-453.94799,39.6600000000262,1.15648093833333,-0.0001629999999999,-0.0005849999999999,0.0002333,-0.0132486,0.0,-0.007629,0.0556745,0.0010731,-0.0289139,-0.0006583,0.0449624,0.0,0.0133995,-0.0001298999999999,-0.0006519,-0.0005519,4.02e-05,0.0,0.0003543,0.0004783,0.0009798,-0.0052702,-0.0004012,-0.0096198,0.0,-0.0017313,0.1282906,-0.0330069
03_NCL_OsPd_vacuum/,implicit,14,-453.93713,38.189999999986,1.297180396,4.489999999999963e-05,-0.0005733,3.4900000000000035e-05,-0.0081296,0.0,-0.0139559,0.0612533,0.0222976,-0.0278745,0.0087654999999999,0.0217114999999999,0.0,0.0023810999999999,-0.0003018999999999,-0.0005811,-0.0003091,-4.0099999999999945e-05,0.0,0.0002981,0.0003611999999999,-0.0041661,-0.0051663,-0.0012903,-0.0039526,0.0,-0.000822,0.1319108,-0.0319403
03_NCL_OsPd_vacuum/,implicit,15,-455.60719,101.150000000018,0.278724955,-0.0005401,-4.960000000000034e-05,-0.0001045,0.028865,0.0,0.0003344999999999,0.0019855,0.0017543,-0.0005641,0.0052402999999999,0.0330602,0.0,0.0267466,-9.060000000000014e-05,9.160000000000006e-05,0.0006589999999999,-0.003103,0.0,0.0004207,-0.0012807999999999,0.0019001,0.0001759,0.0001635,-0.0114872,0.0,-0.0029056,0.193456,-0.0309126
03_NCL_OsPd_vacuum/,implicit,16,-454.42279,32.2100000000205,1.01323099166667,6.71999999999999e-05,-0.0003421999999999,-0.0002478,0.0014528,0.0,0.0100547,0.0089862,0.0285172,-0.0122309,0.0113276,0.002429,0.0,0.0033375999999999,0.0001212999999999,2.919999999999995e-05,-3.830000000000001e-05,-0.0001851999999999,0.0,-0.0022104,-0.001419,-0.0085598,-0.0030461,-0.0021606999999999,0.0004787,0.0,-0.0003419,0.1067032,-0.0346641
03_NCL_OsPd_vacuum/,implicit,17,-454.04829,30.7999999999993,1.04618359466667,-0.0001139,-0.0004404,0.0002411999999999,-0.0133161999999999,0.0,-0.0073596,0.0470904,0.0031189999999999,-0.0278408,-0.0003787999999999,0.0377061,0.0,0.0138796,-0.0001667,-0.0003908,-0.0001987,-0.0001885999999999,0.0,0.0002500999999999,0.0001126,0.0013143,-0.0048902,-0.0004502,-0.0096822,0.0,-0.0017117,0.1051727999999999,-0.032004
03_NCL_OsPd_vacuum/,implicit,18,-454.05271,35.9100000000012,0.965477312,0.0002250999999999,-0.0003489,-0.000107,5.410000000000137e-05,0.0,0.0171557,0.0482454,0.034131,-0.0236399999999999,-0.015034,0.0028002,0.0,-0.0063923,-0.0002657,-0.0003006,-7.039999999999998e-05,-0.0003955999999999,0.0,-0.0023049,5.210000000000024e-05,-0.0082271999999999,-0.0040531,-0.0001725999999999,0.0008585999999999,0.0,0.0001018,0.1141786,-0.0295556999999999
03_NCL_OsPd_vacuum/,implicit,19,-453.98195,41.5999999999599,1.12239477133333,0.0002123999999999,-0.0003943,-0.0001368,3.320000000000059e-05,0.0,0.0166696,0.0509831999999999,0.0371251,-0.0228318999999999,-0.0156082,0.0014585,0.0,-0.0048266,-0.0003142,-0.0002587,-3.5799999999999894e-05,-0.0002420999999999,0.0,-0.0025074,-0.0002015,-0.008436,-0.0042523,-0.0001537999999999,0.0008733,0.0,-0.0001639999999999,0.1253681999999999,-0.0313856
03_NCL_OsPd_vacuum/,implicit,20,-454.12342,42.1100000000365,1.02103072666667,-4.239999999999973e-05,-0.0002521,0.0001282,0.0009589,0.0,-0.0055266999999999,0.0363015999999999,0.0053954,-0.0182497,3.169999999999909e-05,0.0269761999999999,0.0,0.0110121,-8.359999999999986e-05,-0.0001854999999999,-5.419999999999991e-05,-0.0009865,0.0,0.0002973,-0.0002035,-0.0001256,-0.0032078999999999,-0.000271,-0.0078407999999999,0.0,-0.0020009,0.1134667,-0.0293247999999999
03_NCL_OsPd_vacuum/,implicit,21,-454.23959,28.0999999999949,1.00724181,0.0001923,-0.0004833,-0.0001800999999999,-0.0034900999999999,0.0,-0.0070023999999999,0.0267238999999999,0.0340378,-0.0241294999999999,0.016222,0.0006554,0.0,0.0003032999999999,-0.0001697999999999,-0.0002527999999999,-0.0001200999999999,0.0001892999999999,0.0,-0.0005987,-0.0006645,-0.0105936,-0.0049365,-0.0021214,0.0019321,0.0,-0.0004058999999999,0.0856989999999999,-0.0354841999999999
03_NCL_OsPd_vacuum/,implicit,22,-454.06244,42.4199999999928,0.636604026,-6.77999999999998e-05,-0.0003161,8.99000000000004e-05,-0.0015376999999999,0.0,-0.0047648,0.0455371,0.0026835,-0.0220399,0.0016445999999999,0.0345112,0.0,-0.0010147,-8.360000000000008e-05,-0.0002567,-0.0001153,-0.0008252,0.0,-0.0002299,9.740000000000008e-05,0.0008559,-0.0036918,-0.0004006999999999,-0.007968,0.0,-0.0010521999999999,0.1094505999999999,-0.0273402999999999
03_NCL_OsPd_vacuum/,implicit,23,-453.89436,35.5099999999879,1.20601423,0.0002405,-0.0003895,-6.77999999999998e-05,0.0003996999999999,0.0,0.0146095999999999,0.0591106999999999,0.0416853,-0.0267921,-0.0198204,0.0013094999999999,0.0,-0.0082542,-0.0002996,-0.0003709,-4.849999999999993e-05,-0.0004471,0.0,-0.0019582,-3.0500000000000145e-05,-0.0094627,-0.0045771,0.0004131,0.0008726,0.0,0.0001792999999999,0.1240624,-0.0314585999999999
03_NCL_OsPd_vacuum/,implicit,24,-453.96939,52.470000000028,1.10798358333333,0.0001402,-0.0004323,-0.0001292999999999,-0.0051635999999999,0.0,-0.0081921,0.0511906,0.0427149999999999,-0.021821,0.0155267,-0.0006369999999999,0.0,0.0013062999999999,-7.35e-05,-5.539999999999994e-05,-4.000000000000097e-07,0.0002167,0.0,-0.0004859,-4.649999999999967e-05,-0.0094371,-0.0044064,-0.0018697,0.0009458,0.0,-0.0003213999999999,0.149007,-0.0310674999999999
03_NCL_OsPd_vacuum/,implicit,25,-453.85347,42.4300000000244,1.222279344,0.0002036999999999,-0.0006342,-0.0001686999999999,-0.0041942,0.0,-0.0109424,0.0387523999999999,0.0445612,-0.026262,0.0154792,-0.0008013,0.0,-0.0006134999999999,-0.0002235,-0.0001254999999999,-3.6400000000000126e-05,0.0002705999999999,0.0,-0.000157,-0.0004772999999999,-0.0104765,-0.0057313,-0.0023547999999999,0.0013755,0.0,-0.0004054999999999,0.1107603999999999,-0.0366832
03_NCL_OsPd_vacuum/,implicit,26,-453.99931,40.2199999999766,0.680685666333333,4.44e-05,-0.0004016,3.3999999999997574e-06,-0.0132672,0.0,-0.0124065,0.0576401,0.0187736999999999,-0.0231363,0.0077427999999999,0.0180987999999999,0.0,0.0091529,-0.0001681,-0.000249,-0.0001271,-6.530000000000012e-05,0.0,-3.5299999999999936e-05,0.0001020999999999,-0.0033864,-0.0043081,-0.0011442,-0.0032738,0.0,-0.0014387,0.1244893999999999,-0.0281872
03_NCL_OsPd_vacuum/,implicit,27,-453.89685,29.6500000000037,1.14660155533333,7.799999999999994e-05,-0.0004653,7.27000000000002e-05,-0.0159212,0.0,-0.016593,0.0630952,0.0210819,-0.0288612,0.006926,0.0199198,0.0,0.0069598,-0.0001878999999999,-0.0004303999999999,-0.0001742,0.0003223999999999,0.0,0.0003757999999999,0.0002793999999999,-0.0038926,-0.0050332,-0.0010811,-0.0036138999999999,0.0,-0.001135,0.1125853,-0.0291411
03_NCL_OsPd_vacuum/,implicit,28,-453.86614,30.5700000000115,1.09919620666667,-5.91000000000003e-05,-0.0004393999999999,0.0002243999999999,0.0141941,0.0,-0.0004289999999999,0.0679342999999999,0.0021932999999999,-0.0281911,-0.0107152999999999,0.0405522999999999,0.0,-0.0230272999999999,-3.729999999999988e-05,-0.000405,-0.0003342999999999,-0.0018929999999999,0.0,-0.0004982999999999,0.0002338,0.0006559,-0.0048958,0.0004383999999999,-0.0084271,0.0,0.0003991,0.1244741999999999,-0.0295273
03_NCL_OsPd_vacuum/,implicit,29,-455.60549,156.040000000019,0.998058656666667,0.0002933999999999,0.0020100999999999,0.0002467,0.01074,0.0,0.0286166999999999,0.0306878,0.0137402,0.0065595999999999,0.0115899,0.0065391,0.0,-0.0024954,0.0003198,4.589999999999998e-05,0.0001110999999999,-0.0010746,0.0,-0.0029465,-0.0003347999999999,-0.0043621,0.0038859,-0.0007419,-0.001677,0.0,0.0009455,0.217056,-0.0116572999999999
03_NCL_OsPd_vacuum/,implicit,30,-454.4064,87.5700000000279,1.30851636133333,7.260000000000079e-05,-0.0001086,-0.000478,0.0015276999999999,0.0,0.0243818,0.0138801,0.0407964,-0.0086314999999999,0.0257835,0.0014185,0.0,0.0051994,-0.0002701,-8.609999999999998e-05,-2.9900000000000025e-05,0.0002339,0.0,-0.0034988,-0.0014208,-0.0110522,-0.0014824999999999,-0.0035515,0.0006541,0.0,-0.0002441999999999,0.2076840000000001,-0.041496
03_NCL_OsPd_vacuum/,implicit,31,-454.01625,42.6199999999994,1.20926097,0.0001819999999999,-0.0007605999999999,-0.0002344,-0.0045897999999999,0.0,-0.0040893,0.0355107999999999,0.0405577,-0.0266605,0.0167933,0.0016071999999999,0.0,0.0002126999999999,-0.0006902,-0.0008109999999999,-0.0002240999999999,0.0002082,0.0,-0.0004794,7.560000000000032e-05,-0.0094584,-0.0053903,-0.0019801999999999,0.0010977,0.0,-0.000387,0.1170582,-0.0360785
03_NCL_OsPd_vacuum/,implicit,32,-454.05291,56.6699999999969,1.17244305466667,-0.0001625999999999,-0.0004583999999999,0.0001651999999999,-0.0033007999999999,0.0,-0.0049352,0.0398117999999999,0.0027222999999999,-0.0216311,0.0008794999999999,0.0397174,0.0,0.0207706,-0.0001613,-0.000663,-0.0005633999999999,-0.0005065,0.0,0.0005082999999999,0.0002604,0.0004048,-0.0039661,-0.000414,-0.0094463,0.0,-0.0026663,0.1471577,-0.0344265
03_NCL_OsPd_vacuum/,implicit,33,-453.9856,63.570000000027,1.404525131,-0.0001594999999999,-0.0004147999999999,0.0001246999999999,-0.0009105,0.0,-0.0056702,0.0418542,0.0014233,-0.0203252999999999,0.0008802,0.0401391,0.0,0.0206889,-0.0001007999999999,-0.0006484,-0.0006244,-0.0007135999999999,0.0,0.0006847,0.0002887999999999,0.0005171,-0.0037292,-0.0004091,-0.0092024,0.0,-0.0028215,0.1552599,-0.0335178
03_NCL_OsPd_vacuum/,implicit,34,-454.12649,67.6100000000019,0.896148748333333,0.0001692999999999,-0.0004604999999999,-0.0003863999999999,-0.0038037999999999,0.0,0.0035419,0.031569,0.0407827,-0.0183498,0.016464,6.009999999999349e-05,0.0,0.0073122,-0.0007454999999999,-0.0005352,-0.0001230999999999,0.0004058,0.0,-0.0014679,-0.0001625,-0.0100182,-0.0035251,-0.0023597999999999,0.0011156999999999,0.0,-0.0010601,0.1537975,-0.0369515
03_NCL_OsPd_vacuum/,implicit,35,-454.2447,36.830000000009,1.23908583,-0.0001835999999999,-0.0007885,-3.829999999999979e-05,0.0144156,0.0,0.0007933,0.0213592999999999,0.0114038,-0.0225354,0.0025085,0.0236029,0.0,0.0018887999999999,-0.0002405,-0.0005699,-0.0003453,-0.0019622,0.0,-0.000608,-0.0005671999999999,-0.0019937,-0.0050560999999999,-0.0005375,-0.00617,0.0,-0.0009777,0.1048529,-0.0380564
03_NCL_OsPd_vacuum/,implicit,36,-454.0619,63.8700000000085,0.897946251,-0.0001419,-0.0002918,0.0001682,-0.0045034,0.0,-0.0070038,0.0450449,0.0016091,-0.0194316,0.0018107999999999,0.0389999,0.0,0.0207788,-0.000134,-0.0006975,-0.0005984,-0.0003814999999999,0.0,0.0007697,0.0005105999999999,0.0005357999999999,-0.0032213,-0.0005382,-0.0087432,0.0,-0.0026508,0.1540783999999999,-0.0302977
03_NCL_OsPd_vacuum/,implicit,37,-453.8952,50.3800000000183,0.866179356666667,-0.0002111999999999,-0.0005795999999999,0.0002587,-0.0074001999999999,0.0,-0.0067226999999999,0.042147,0.0017437,-0.0254529,0.0019116999999999,0.0444605,0.0,0.0178556,-0.0001359,-0.0008361999999999,-0.0008497,-0.0005014,0.0,0.0004817,0.000302,0.000616,-0.0047419,-0.0005408999999999,-0.0100039,0.0,-0.0023019,0.1360213,-0.0370242999999999
03_NCL_OsPd_vacuum/,implicit,38,-453.95492,77.6099999999929,1.11123755066667,0.0001671999999999,-0.0004475,-0.0002333,-0.005586,0.0,0.0021954999999999,0.0415476,0.0441074,-0.0191998,0.0225988,-0.0004587,0.0,0.0031175,-0.000542,-0.0003404,-2.0800000000000072e-05,0.000718,0.0,-0.0007616,-2.849999999999988e-05,-0.009683,-0.0037635999999999,-0.0027439,0.0008065999999999,0.0,-0.0006052,0.1756176,-0.0339287
03_NCL_OsPd_vacuum/,implicit,39,-453.86184,59.8299999999767,1.27761919266667,-0.0001169999999999,-0.0008681,-5.740000000000085e-05,0.0003049999999999,0.0,-0.0001167999999999,0.0334817,0.0209771,-0.0233103,0.0096962999999999,0.0221797999999999,0.0,0.0091717,-0.0003349999999999,-0.0003931999999999,-0.0003377,-0.0004075999999999,0.0,-0.0001792999999999,-0.0006575,-0.0043356,-0.0052307,-0.0018036,-0.0047278,0.0,-0.0013492,0.1426840999999999,-0.0395142
03_NCL_OsPd_vacuum/,implicit,40,-454.00345,63.8800000000401,1.11110410866667,3.470000000000036e-05,-0.0004150999999999,-4.7700000000000346e-05,-0.0068885,0.0,-0.0002142,0.0495266,0.025354,-0.0214414,0.0053545,0.01816,0.0,0.0104869,-0.0004967999999999,-0.0007189,-0.0003309999999999,0.0001382,0.0,-0.0003641,0.0005341999999999,-0.0050374,-0.0038271,-0.0011667,-0.0035199,0.0,-0.0014448,0.1598197999999999,-0.0324685
03_NCL_OsPd_vacuum/,implicit,41,-453.8583,45.9299999999985,1.35455116666667,0.0002247999999999,-0.0007553,-0.0002439,-0.0063807,0.0,-0.0088643999999999,0.0491773999999999,0.0451192,-0.0282332999999999,0.0152256,0.0004679999999999,0.0,0.0005721,-0.0008714,-0.0009279,-0.0001587,0.000376,0.0,-0.0001271,0.0005244999999999,-0.0095493,-0.0055142,-0.0019253,0.0010105,0.0,-0.0005378999999999,0.1326195,-0.0354015
03_NCL_OsPd_vacuum/,implicit,42,-453.86883,46.9499999999812,1.41278231433333,0.0002236,-0.0007055999999999,-0.0002190999999999,-0.0060354999999999,0.0,-0.0104932999999999,0.0535118,0.0459588,-0.0274301,0.0158335,0.0001783,0.0,0.0001629,-0.00086,-0.0008611,-0.0001154999999999,0.0003231,0.0,-8.799999999999997e-06,0.0004255999999999,-0.0095566,-0.0053155,-0.002127,0.0009241,0.0,-0.0004468999999999,0.1419709,-0.0352373
03_NCL_OsPd_vacuum/,implicit,43,-455.6115,121.129999999994,0.78091697,0.0001529,0.0008032999999999,0.0004375999999999,0.007122,0.0,0.0224168,0.0138281999999999,0.0220540999999999,0.0039566,0.0149607,0.0043485999999999,0.0,0.0055274,0.0003918999999999,0.000137,0.0002448,0.000873,0.0,-0.0025971,-0.0008487,-0.0058433,0.0033616,-0.0020044,-0.0024074,0.0,-5.8299999999999953e-05,0.1912162,-0.0175015
03_NCL_OsPd_vacuum/,implicit,44,-455.63107,122.790000000009,0.615808673333333,0.0001022,0.0006739999999999,0.0001746,0.0193408,0.0,0.0112293,0.007755,0.0174448,0.0031376,0.0096544,0.0206274,0.0,0.01631,0.0002988,0.0001066999999999,0.0002439999999999,-0.0018343,0.0,-0.0022832,-0.0009677999999999,-0.0036948999999999,0.0025077,-0.0001053,-0.0071262,0.0,-0.0009870999999999,0.2129006,-0.0276831
03_NCL_OsPd_vacuum/,implicit,45,-455.57202,103.760000000023,0.573197756666667,-9.600000000000232e-06,5.520000000000004e-05,-1.1500000000000224e-05,0.0285635,0.0,0.0005526,0.0053037,0.0114253,-0.0010628,0.0056261999999999,0.0399546,0.0,0.0174884999999999,6.87000000000001e-05,4.3199999999999966e-05,0.0001869,-0.0032979,0.0,-0.0002299,-0.0014536,-0.0001429,0.001223,-0.0002314,-0.0114749,0.0,-0.00332,0.2157713999999999,-0.0372576
03_NCL_OsPd_vacuum/,implicit,46,-453.9228,39.7600000000011,1.14679116,0.0001031999999999,-0.0004682999999999,0.0001170999999999,0.0075847999999999,0.0,0.0069401,0.0540053,0.0223295999999999,-0.0210821,-0.0106800999999999,0.0216328999999999,0.0,-0.0097994,-0.0003782,-0.0005789,-0.0003073999999999,-0.0015336999999999,0.0,-0.0010601,-0.0011317999999999,-0.0041776,-0.0029509,-7.260000000000003e-05,-0.003665,0.0,-0.0001292,0.1413663,-0.0319707
03_NCL_OsPd_vacuum/,implicit,47,-455.58316,107.770000000016,0.616875606666667,-7.689999999999954e-05,0.0001774,0.0002217,0.0056151999999999,0.0,0.0319719,0.0024085,0.0391390999999999,0.0005725,0.0187641999999999,0.0089327,0.0,-0.0013728999999999,0.0003355999999999,5.570000000000011e-05,-4.960000000000034e-05,-0.0003479,0.0,-0.0030527,-0.0010362999999999,-0.0119059,0.0014328,-0.0043366,-0.0003617,0.0,0.0010248,0.2127069000000001,-0.0364839
03_NCL_OsPd_vacuum/,implicit,48,-454.40494,56.3899999999649,0.783176967333333,0.0002158,-0.0003435,-0.0003508,0.0036942999999999,0.0,0.0253330999999999,0.0083332,0.0386108,-0.0080147999999999,0.0097375999999999,-4.0399999999996e-05,0.0,0.0026474999999999,-0.0002748,-1.4899999999999984e-05,-8.500000000000044e-06,-1.7599999999999994e-05,0.0,-0.0033083,-0.0014374,-0.0110991,-0.0016289,-0.0033022,-0.0003845,0.0,0.0002006,0.1596455999999999,-0.042551
03_NCL_OsPd_vacuum/,implicit,49,-454.47293,58.1400000000372,1.00040093433333,0.0001976,-0.0003306999999999,-0.0003335999999999,0.0031737,0.0,0.0202694,0.0098729999999999,0.0402639,-0.0107245999999999,0.0147262,0.0019455,0.0,0.0040041,-0.0001198999999999,-1.0400000000000036e-05,-1.6700000000000135e-05,-0.0001603,0.0,-0.0033476,-0.0016014999999999,-0.0104327,-0.0022482999999999,-0.0032613,0.0001819999999999,0.0,-0.0001699,0.1661288,-0.0423729
03_NCL_OsPd_vacuum/,implicit,50,-454.47819,46.7799999999556,1.02661329,-0.0003885999999999,-0.0003978,3.2100000000000184e-05,0.0173849999999999,0.0,0.0014747999999999,0.0121486999999999,0.0006521999999999,-0.0122442999999999,0.0045394999999999,0.0406126,0.0,0.0108426,-4.349999999999992e-05,-5.630000000000001e-05,-0.0001099,-0.0026747,0.0,2.9999999999999374e-07,-0.0024902,-0.0007999999999999,-0.0017966,-8.799999999999997e-06,-0.0099086,0.0,-0.0031303999999999,0.1493135,-0.0420378
03_NCL_OsPd_vacuum/,implicit,51,-454.49726,53.6199999999667,1.05451879133333,-0.0003921,-0.0004297,5.4099999999999634e-05,0.0130695999999999,0.0,0.0016352,0.0129777999999999,0.0025504999999999,-0.014071,0.0049365,0.040498,0.0,0.0179860999999999,-4.560000000000002e-05,-3.0100000000000027e-05,-5.520000000000004e-05,-0.0029195,0.0,-0.000157,-0.0021991999999999,0.0004632,-0.0026514,-0.0003533,-0.01019,0.0,-0.0029656,0.1576294999999999,-0.0422074999999999
03_NCL_OsPd_vacuum/,implicit,52,-454.46189,53.9699999999925,0.969259046666667,0.0001141,-0.0003251,-0.0003370999999999,0.0003574,0.0,0.0101362999999999,0.0094275,0.0413294,-0.009736,0.0207565,0.0006709999999999,0.0,0.0077816,-9.479999999999992e-05,-3.630000000000007e-05,-1.4400000000000131e-05,0.0003288,0.0,-0.0029075,-0.0020621,-0.0102309,-0.0016977,-0.0034789,-0.0006774,0.0,-0.0003573,0.1603508999999999,-0.0424566
03_NCL_OsPd_vacuum/,implicit,53,-454.0744,42.4000000000433,0.904642664,0.0002554,-0.0004956,-0.0001322,-0.0006264,0.0,-0.0082167,0.0284289999999999,0.0420039,-0.0170424,0.0153178999999999,-0.0039698999999999,0.0,0.0016024999999999,-0.0005524,-0.0005432,-0.0001173,0.0005218,0.0,-0.0001674999999999,-0.0009471999999999,-0.0102152,-0.0032197,-0.0018535,0.0002186,0.0,-0.0001323999999999,0.1142505999999999,-0.0340161
03_NCL_OsPd_vacuum/,implicit,54,-454.09473,39.0699999999811,1.082199518,-0.0001441,-0.0005487,0.0002512,-0.0081906,0.0,-0.0049873999999999,0.0331786,0.0008234999999999,-0.0220300999999999,0.0019592,0.0387462,0.0,0.0153303,-0.0001656,-0.0005539,-0.0004006999999999,-0.0006251,0.0,0.0003495999999999,-0.0005612999999999,0.0003293,-0.0043757,-0.0002486999999999,-0.0094289,0.0,-0.0019074,0.1087768,-0.0351770999999999
03_NCL_OsPd_vacuum/,implicit,55,-454.09154,38.2999999999925,1.01397449833333,0.0001707,-0.0005585,-0.0001812,0.0008862999999999,0.0,0.0160073,0.0504831,0.0302076,-0.013978,-0.0167942,0.0017797999999999,0.0,0.0005911,-0.00048,-0.0005656,-0.0001313,-0.0005791,0.0,-0.0022284,-0.000171,-0.0073598,-0.004122,0.0003978,0.0005371,0.0,0.0001038999999999,0.1372279,-0.0291972
03_NCL_OsPd_vacuum/,implicit,56,-454.10353,40.2899999999704,0.880221735666667,2.199999999999945e-06,-0.000547,1.1800000000000178e-05,-0.0068101999999999,0.0,-0.0047252999999999,0.0359126999999999,0.0180678,-0.0196594,0.0076054,0.0164584999999999,0.0,0.0089408,-0.0002802,-0.0005556,-0.0002605999999999,8.109999999999997e-05,0.0,-7.90000000000003e-06,-0.0006091999999999,-0.0040127,-0.0047082,-0.0011473999999999,-0.0037916,0.0,-0.0012373,0.1105142999999999,-0.0330593
03_NCL_OsPd_vacuum/,implicit,57,-454.09796,42.2399999999925,1.06998611333333,-8.100000000000468e-06,-0.0004749999999999,3.7899999999999566e-05,-0.0024577999999999,0.0,-0.0097373,0.0319805,0.0193378,-0.0145295,0.0110549,0.0140512,0.0,0.0077862,-0.0002895999999999,-0.0005438,-0.0002902,-0.0003168,0.0,0.0003574999999999,-0.0011424999999999,-0.0042699,-0.003616,-0.0011451999999999,-0.0039662,0.0,-0.0010156,0.1140816,-0.0324767
03_NCL_OsPd_vacuum/,implicit,58,-454.07789,50.7200000000125,1.117300569,-0.0001508,-0.0003554999999999,0.0002379,-0.006172,0.0,-0.0056808,0.032979,0.0028591999999999,-0.0146023,0.0029644999999999,0.0362527,0.0,0.0182138999999999,-0.0001046,-0.0004923999999999,-0.0003994,-0.0013982999999999,0.0,0.0003570999999999,-0.0015190999999999,-8.16e-05,-0.0033324,-0.0002965999999999,-0.0080858,0.0,-0.0025813,0.1330917,-0.0358687
03_NCL_OsPd_vacuum/,implicit,59,-454.09677,51.9400000000019,1.06281573433333,0.0002460999999999,-0.0003936,-0.0001535999999999,-0.0010991,0.0,0.0138809999999999,0.0357147999999999,0.0407399,-0.0170211,-0.0043898999999999,-0.0006099,0.0,-0.0018738,-0.0006043,-0.0004479,-3.779999999999994e-05,-5.180000000000007e-05,0.0,-0.0024741999999999,-0.0005569999999999,-0.0086133,-0.0035121999999999,-0.0008623,0.0008435,0.0,0.0001457,0.1300818999999999,-0.0323429
03_NCL_OsPd_vacuum/,implicit,60,-454.11078,55.1599999999439,1.09329469466667,8.220000000000015e-05,-0.0003284999999999,-8.07999999999998e-05,-0.0069541,0.0,0.0062626999999999,0.0306184999999999,0.0178277999999999,-0.0094071,0.0046487999999999,0.0164307,0.0,0.0098235999999999,-0.0003955,-0.000426,-0.0001870999999999,0.000113,0.0,-0.0009773,-0.0008798,-0.0046132,-0.0032004,-0.0006126,-0.0032292,0.0,-0.0013234,0.1378471999999999,-0.0314631
03_NCL_OsPd_vacuum/,implicit,61,-454.12644,51.2200000000007,0.972144015333333,0.0002182999999999,-0.0004356,-0.0002250999999999,0.0006912999999999,0.0,0.0180616,0.0384472999999999,0.0381367,-0.0168541,-0.0068417999999999,-0.0010780999999999,0.0,-0.0019631999999999,-0.0005422999999999,-0.0004436999999999,-5.489999999999987e-05,-0.0001181999999999,0.0,-0.0024721,-0.0004312,-0.0085793,-0.0035646,-0.0006539,0.0004719,0.0,0.0001268,0.1363144,-0.0325228999999999
03_NCL_OsPd_vacuum/,implicit,62,-454.11702,47.3299999999881,0.661285586666667,0.0002395999999999,-0.0004797,-0.0001958,-2.000000000002e-06,0.0,0.0047413,0.0328186,0.0396409999999999,-0.0144023,0.0051676,-0.0045974,0.0,0.0041438,-0.0005418,-0.000437,-9.64999999999998e-05,0.0003957,0.0,-0.0015235,-0.0008203,-0.0090188,-0.0029574,-0.0014949,6.429999999999999e-05,0.0,-0.0001087,0.1341489,-0.0330779999999999
03_NCL_OsPd_vacuum/,implicit,63,-453.99827,49.9599999999987,1.10689338466667,-8.810000000000068e-05,-0.0003375999999999,0.0002871999999999,-0.0067975,0.0,-0.0066796,0.0363547999999999,0.0022457,-0.0168834,0.0013484999999999,0.0378923,0.0,0.0185676,-8.65000000000001e-05,-0.0005367,-0.0004872999999999,-0.0015265,0.0,0.0005095,-0.0016417999999999,0.0004529,-0.0030597,-0.0002349999999999,-0.0077028999999999,0.0,-0.0027341,0.1318196,-0.0340962999999999
03_NCL_OsPd_vacuum/,implicit,64,-454.02891,44.1900000000146,0.740204646666667,0.0002345999999999,-0.0003656,-0.0001688,-0.0027288,0.0,0.0076707999999999,0.0296683,0.0398145,-0.0175846,0.0013814999999999,0.0009393999999999,0.0,-0.0027200999999999,-0.0005604,-0.0004644,-6.600000000000009e-05,0.0001023,0.0,-0.0023972,-0.0006424999999999,-0.0075861,-0.0028215999999999,-0.0012496,0.0006414999999999,0.0,9.870000000000008e-05,0.1122821,-0.0298911
03_NCL_OsPd_vacuum/,implicit,65,-454.03857,53.6199999999667,1.04041998,-0.0001238,-0.0003874,0.0001762,-0.0043476,0.0,0.0003773999999999,0.0297528,-0.0026655,-0.0145091,0.0043605,0.0429353999999999,0.0,0.0118691999999999,-0.0001080999999999,-0.0004595999999999,-0.0005023999999999,-0.0005225,0.0,0.0005216999999999,-0.0009922999999999,-0.0009004,-0.0026140999999999,2.480000000000006e-05,-0.0089153,0.0,-0.0027911999999999,0.134876,-0.0345187
03_NCL_OsPd_vacuum/,implicit,66,-454.06185,54.5199999999682,1.179550086,0.0002098999999999,-0.0004175,-0.0002246999999999,0.0005026,0.0,0.0164449,0.0395555,0.0399339,-0.0175526999999999,-0.0049015999999999,-0.0016622999999999,0.0,-0.0024991,-0.0006019,-0.0004703,-4.330000000000002e-05,3.499999999999998e-05,0.0,-0.0025006,-0.0007645999999999,-0.0090074,-0.0033144999999999,-0.0006408999999999,0.0003248,0.0,0.0001554999999999,0.1387779999999999,-0.0336563999999999
03_NCL_OsPd_vacuum/,implicit,67,-454.05285,54.0399999999863,1.26268552666667,0.0002482999999999,-0.0004416999999999,-0.0002119,0.0032189999999999,0.0,0.0183365,0.0346871999999999,0.0398011,-0.0144984,-0.0060443999999999,-0.0043586,0.0,-9.179999999999604e-05,-0.0006213,-0.0004392,-4.549999999999997e-05,0.0002455,0.0,-0.0024373999999999,-0.000746,-0.0089136,-0.0025743,-0.0010507,-0.0004027,0.0,0.0002843,0.1412909,-0.033402
03_NCL_OsPd_vacuum/,implicit,68,-454.12657,53.04000000001,0.974723528666667,0.000229,-0.0004207999999999,-0.0002229999999999,-0.003165,0.0,-0.0041585,0.0238205999999999,0.0415078,-0.0138875,0.0162876,-0.0007444999999999,0.0,0.0058081,-0.0005999,-0.0003445,-7.949999999999993e-05,0.0003479,0.0,-0.0012918,-0.0011834,-0.0100174,-0.0027714,-0.002695,0.000902,0.0,-0.0008376,0.1301079,-0.0371410999999999
03_NCL_OsPd_vacuum/,implicit,69,-454.16794,48.3399999999961,1.00129818333333,0.0001349,-0.0004590999999999,-0.0002776,-0.0034680999999999,0.0,-0.0031934999999999,0.026441,0.0336748,-0.0152462999999999,0.0195855,0.0003686999999999,0.0,0.0037725,-0.0005051,-0.0003884,-0.0001139999999999,0.0002574999999999,0.0,-0.0011872,-0.0009051,-0.009731,-0.0038929999999999,-0.0023078,0.0020229,0.0,-0.0011652,0.1226657999999999,-0.0358329
03_NCL_OsPd_vacuum/,implicit,70,-454.17621,46.9699999999875,0.910029145,-0.0002322,-0.0004364,0.000177,-0.0015446,0.0,0.0014424999999999,0.0211196,-0.0049654999999999,-0.0138874999999999,0.0059602999999999,0.039185,0.0,0.0130535999999999,-0.0001410999999999,-0.000452,-0.0003796999999999,-0.0006886999999999,0.0,0.0009408999999999,-0.0012829,-0.0017999,-0.0022066,7.459999999999997e-05,-0.0084897999999999,0.0,-0.0028653,0.1197430999999999,-0.0345813
03_NCL_OsPd_vacuum/,implicit,71,-454.20795,45.3600000000165,0.957868763333333,8.009999999999962e-05,-0.0005016,-0.0003454999999999,-0.0037759,0.0,-0.0037084,0.0281564999999999,0.0326515,-0.016646,0.0176264,3.33e-05,0.0,0.0045552999999999,-0.0004529,-0.0003968999999999,-0.0001562,0.000474,0.0,-0.0010815999999999,-0.0010528,-0.0090863,-0.0038630999999999,-0.0020517,0.0014152,0.0,-0.0011503,0.1162516,-0.0348056
03_NCL_OsPd_vacuum/,implicit,72,-454.19961,55.8800000000019,0.926170016666667,-0.0001198,-0.0002842,0.0001444,-0.000359,0.0,-0.0048778,0.0345565,0.0026231,-0.0137803999999999,0.0010813,0.0322781,0.0,0.0201731999999999,-8.960000000000001e-05,-0.0003699,-0.0002673,-0.0015007,0.0,0.000538,-0.001565,0.0003535,-0.0027354,-0.0002096,-0.0072403,0.0,-0.0027383,0.1428701,-0.0316495
03_NCL_OsPd_vacuum/,implicit,73,-454.25616,33.5900000000038,0.980856717333333,-4.259999999999941e-05,-0.0004112999999999,0.0002427,0.0125668999999999,0.0,-0.0002716999999999,0.0189762999999999,0.0116697,-0.0144313999999999,0.0027413,0.0263277,0.0,-0.0051878999999999,-0.000177,-0.000361,-0.0002248,-0.0024169,0.0,-0.0004459,-0.0014822999999999,-0.0026330999999999,-0.0034497,-0.0003894,-0.0046367,0.0,-0.0013836,0.1043593,-0.0352008
03_NCL_OsPd_vacuum/,implicit,74,-454.28328,37.7400000000421,1.04764536833333,-6.339999999999991e-05,-0.0005519,4.200000000000037e-05,0.0131477999999999,0.0,0.0092364999999999,0.0252635,0.0155374,-0.0170926,-0.0015114999999999,0.0193630999999999,0.0,-0.0032341,-0.0002399,-0.0003877999999999,-0.0002367,-0.0017027,0.0,-0.001028,-0.0004144,-0.0040478,-0.0043336,-0.0002141,-0.0053669,0.0,-0.0002862,0.1202735999999999,-0.0365161
03_NCL_OsPd_vacuum/,implicit,75,-454.26228,41.499999999985,0.81080297,-1.4999999999997654e-06,-0.0005073999999999,-1.5799999999999842e-05,0.0108769999999999,0.0,0.0090834,0.0170348,0.0123216999999999,-0.0117962,0.0033204,0.0175407,0.0,-0.0001172999999999,-0.0002385999999999,-0.0004009,-0.0002298,-0.0014452999999999,0.0,-0.0007916,-0.0011235999999999,-0.0046806,-0.0038377999999999,-0.0005826,-0.0048899,0.0,-0.0006008,0.1154794999999999,-0.0376429999999999
03_NCL_OsPd_vacuum/,implicit,76,-454.29909,38.2700000000114,1.05856397333333,0.0001649999999999,-0.0005918,-0.000203,-0.0008096,0.0,0.0023524,0.0230455,0.0347805,-0.0193323999999999,0.0145878999999999,-0.0001064999999999,0.0,0.0001344999999999,-0.0003955,-0.0004181,-0.0001258999999999,5.239999999999997e-05,0.0,-0.0009442,-0.0012376,-0.0102535,-0.0044834,-0.002075,0.0010804999999999,0.0,-0.0002186,0.108045,-0.0380378
03_NCL_OsPd_vacuum/,implicit,77,-454.29308,36.0600000000204,0.995425787666667,-3.94000000000002e-05,-0.0004968,0.0001576,0.0089987999999999,0.0,-0.0024873,0.0226270999999999,0.0127744,-0.0160501,0.0060833,0.0239347999999999,0.0,-0.0025231,-0.0001951999999999,-0.0004188,-0.0001946999999999,-0.0018276999999999,0.0,-0.0002479,-0.001552,-0.0030794,-0.0035356,-0.0006931999999999,-0.0047554,0.0,-0.001366,0.1059586999999999,-0.0357317
03_NCL_OsPd_vacuum/,implicit,78,-454.10908,56.6799999999716,0.782138881333333,6.280000000000001e-05,-0.0002863,6.16000000000002e-05,-0.0045446999999999,0.0,-0.0085127999999999,0.0377769,0.0255015999999999,-0.013178,0.0087988,0.0142537,0.0,0.0103597999999999,-0.0003507,-0.0004652,-0.00026,-0.0003357,0.0,-0.0001539999999999,-0.0009171,-0.0051132,-0.0025787,-0.001424,-0.0023643,0.0,-0.0014286999999999,0.1405864999999999,-0.0307832
03_NCL_OsPd_vacuum/,implicit,79,-454.1156,52.9399999999782,0.787987574,5.199999999999996e-05,-0.0003372,4.939999999999979e-05,-0.0078791,0.0,-0.0021694,0.0397411999999999,0.0208802,-0.0185581,0.0072867,0.0194366,0.0,0.0093543999999999,-0.0003385,-0.0005191999999999,-0.000265,2.289999999999996e-05,0.0,-0.0003212999999999,-0.0003048,-0.0051244,-0.0029118999999999,-0.0010316,-0.0035177,0.0,-0.0015514,0.1357133999999999,-0.0317256
03_NCL_OsPd_vacuum/,implicit,80,-454.0934,41.9500000000426,1.054547261,-7.259999999999992e-05,-0.0004099,9.49999999999996e-06,0.0018835999999999,0.0,0.0121998,0.0315298,0.0119907999999999,-0.0143938999999999,-0.0035777999999999,0.0188575,0.0,-0.0023575999999999,-0.0003976999999999,-0.0006151,-0.0003231,-0.0006887,0.0,-0.0008937,-0.0012922999999999,-0.0047425,-0.0029891,0.0001583,-0.0032769,0.0,-0.0009162,0.1113180999999999,-0.0319541
03_NCL_OsPd_vacuum/,implicit,81,-454.11615,44.5399999999836,1.06663666333333,0.0001774,-0.0004225999999999,-0.0002246,-0.0061516999999999,0.0,-0.0085996,0.0384042,0.0372548,-0.0202255,0.0152576,-6.440000000000612e-05,0.0,0.0031374,-0.0005388,-0.0006,-0.0001770999999999,0.0003038999999999,0.0,-0.0008083,-0.0005312999999999,-0.0090983,-0.0035288999999999,-0.0016186999999999,0.0010672,0.0,-0.0005311999999999,0.1170862,-0.0321232
03_NCL_OsPd_vacuum/,implicit,82,-454.1074,52.06000000004,1.07228823566667,0.0002513999999999,-0.0003532999999999,-0.0001252999999999,-0.0017371999999999,0.0,0.0059709,0.0335277,0.0422164,-0.016903,0.0019589999999999,-0.0015872999999999,0.0,0.0018693999999999,-0.0005518,-0.0005239999999999,-4.19000000000001e-05,0.0003863,0.0,-0.0016892,-0.001047,-0.0089062,-0.0022830999999999,-0.0014942,-0.0004716999999999,0.0,-1.7100000000000036e-05,0.1301776,-0.0332796999999999
03_NCL_OsPd_vacuum/,implicit,83,-453.9433,40.9900000000221,1.15194477,-0.0001096999999999,-0.0004411999999999,0.0003254,-0.0088799999999999,0.0,-0.0075713,0.0340815,0.0020146,-0.0205862,0.0008994999999999,0.0397176999999999,0.0,0.0152842,-9.689999999999992e-05,-0.0006113,-0.0005759,-0.0017804,0.0,0.0002542,-0.001588,0.000556,-0.0032950999999999,-0.0001766,-0.0074758999999999,0.0,-0.0024091,0.1094688999999999,-0.0343982
03_NCL_OsPd_vacuum/,implicit,84,-453.95961,41.7899999999918,1.200053819,-0.0001228999999999,-0.0004639999999999,0.0002833,-0.0109198,0.0,-0.0056161,0.0467687,-2.209999999999712e-05,-0.0224349,0.0008205999999999,0.0435109999999999,0.0,0.0151992,-0.0001043,-0.0006174,-0.000616,-0.0006123,0.0,0.0006105,-0.0005427,0.0004318,-0.0038874,-0.0003733999999999,-0.0094354,0.0,-0.0023371999999999,0.1340061,-0.0349678
03_NCL_OsPd_vacuum/,implicit,85,-453.94671,32.8000000000088,1.150065248,0.0001391999999999,-0.0004137999999999,4.689999999999989e-05,-0.0090032,0.0,-0.004737,0.0305592999999999,0.0201146,-0.0176534999999999,0.0026278999999999,0.0177367999999999,0.0,0.0054081999999999,-0.0003003,-0.0004897,-0.0003343999999999,0.0001061999999999,0.0,-0.000837,-0.0004853,-0.0026666,-0.0020179,-0.0009853,-0.0034164,0.0,-0.0009050999999999,0.0896506999999999,-0.0246635
03_NCL_OsPd_vacuum/,implicit,86,-453.95947,45.5699999999979,1.16470954833333,-0.0001425,-0.0004691999999999,0.0002529999999999,-0.0088467999999999,0.0,-0.0060491,0.0459929,0.0006266999999999,-0.0206568,0.0018921,0.0404207999999999,0.0,0.0159517,-9.040000000000004e-05,-0.0005731,-0.0005933,-0.0004946,0.0,0.0004915,-0.0003410999999999,0.000248,-0.0039423,-0.0003917,-0.0094592,0.0,-0.0022362,0.1379452999999999,-0.034765
03_NCL_OsPd_vacuum/,implicit,87,-453.95789,46.8799999999874,1.11795060933333,-0.0001597999999999,-0.0004248999999999,0.0002106,-0.0035820999999999,0.0,-0.0069467,0.0346819,0.0017437,-0.0135814,0.0014745,0.0293101,0.0,0.020517,-9.769999999999984e-05,-0.0006215,-0.0005884999999999,-0.0010332,0.0,0.0003338,-0.0012602999999999,0.0006059,-0.0039334999999999,-0.0003769,-0.0084678,0.0,-0.0021371,0.1264857999999999,-0.0351534
03_NCL_OsPd_vacuum/,implicit,88,-453.98398,60.450000000003,1.09704687233333,0.0002279999999999,-0.0004663999999999,-0.0001407,-0.0005920999999999,0.0,-0.0046949999999999,0.0261969,0.0469055,-0.0146478,0.0155078,-0.0022116999999999,0.0,0.00589,-0.0004787,-0.0002499,-3.950000000000015e-05,0.0005666,0.0,-0.0004488999999999,-0.0011083999999999,-0.0097699,-0.0033031,-0.0028577,-0.0004196,0.0,-0.0002584,0.1439488,-0.0367348
03_NCL_OsPd_vacuum/,implicit,89,-454.00443,56.9900000000416,1.197213312,-8.549999999999964e-05,-0.0005938999999999,-8.599999999999233e-06,0.013508,0.0,0.0093506,0.0344704,0.0198982,-0.0200529,-0.0051302,0.0251974999999999,0.0,-0.0059782,-0.0002225999999999,-0.0002220999999999,-0.0002696999999999,-0.0015419,0.0,-0.0009549,-0.0006783,-0.0044836,-0.0040998,-0.0002704,-0.0048007,0.0,-0.0005972999999999,0.1411506,-0.0362821
03_NCL_OsPd_vacuum/,implicit,90,-453.98149,37.3899999999594,1.05330886,3.600000000000044e-05,-0.0004169999999999,4.259999999999941e-05,0.0037693999999999,0.0,0.0075727999999999,0.0224955999999999,0.0186379,-0.0138383999999999,-0.0030636,0.0184126,0.0,-0.0014329,-0.0001801999999999,-0.0002293999999999,-0.0002512,-0.0008863999999999,0.0,-0.0008712,-0.0003531999999999,-0.0029679999999999,-0.002515,-0.0008136999999999,-0.0037535,0.0,-0.0004535999999999,0.1044302,-0.0265514
03_NCL_OsPd_vacuum/,implicit,91,-454.00753,57.8800000000115,1.11357720833333,0.0001561,-0.0004663999999999,-0.0002186999999999,-0.0030941,0.0,-0.0024459,0.0366689,0.0410397,-0.0172731,0.0176267,-0.0026499,0.0,0.0023648,-0.0003083,-0.0002236999999999,-3.1400000000000004e-05,0.0005578,0.0,-0.0006414999999999,-0.0005418999999999,-0.009316,-0.0038758,-0.0022603,0.0004412,0.0,-0.0003089,0.1434164,-0.0330178
03_NCL_OsPd_vacuum/,implicit,92,-453.99844,56.3599999999838,1.01486807,0.0002102,-0.0004229,-0.000255,-0.0006051999999999,0.0,-0.0049278,0.0312388,0.0454299,-0.0144792,0.0160141,-0.0056487999999999,0.0,0.0062147999999999,-0.0003788999999999,-0.0002553999999999,-5.089999999999999e-05,0.0007094,0.0,-0.0006434,-0.0004559999999999,-0.0096779999999999,-0.0027802999999999,-0.0023933,-0.0007696,0.0,-4.839999999999988e-05,0.1455378,-0.0334892
03_NCL_OsPd_vacuum/,implicit,93,-453.86218,33.0400000000282,1.07871024833333,4.889999999999929e-05,-0.0006717999999999,7.500000000000041e-05,0.0095381,0.0,0.0064747999999999,0.0342428,0.0204442,-0.0188103999999999,-0.0046109,0.0220329,0.0,-0.0054412999999999,-0.0003053,-0.0003388999999999,-0.0002852,-0.0014141,0.0,-0.0009722999999999,-0.0012437999999999,-0.0042942,-0.0044211,-0.0007120999999999,-0.0048838,0.0,-0.0006282,0.126645,-0.0389983
03_NCL_OsPd_vacuum/,implicit,94,-453.89308,41.0400000000095,1.16051682666667,-4.99999999999997e-05,-0.0007384,-1.0299999999999546e-05,0.0071363999999999,0.0,0.0118525,0.0302612999999999,0.0220333,-0.0224318,-0.0059069999999999,0.0223321999999999,0.0,-0.003484,-0.0003051,-0.0002991,-0.0002657999999999,-0.001086,0.0,-0.0009912,-0.0007616,-0.0053268,-0.0048403,-0.0006485,-0.0048037999999999,0.0,-0.0005319,0.1219883,-0.0397200999999999
03_NCL_OsPd_vacuum/,implicit,95,-453.8786,45.6499999999664,1.00140497833333,0.0002555,-0.0005789,-0.0001754,-0.0053428,0.0,0.0073166999999999,0.017998,0.0356557,-0.0145204,0.0152299999999999,0.000298,0.0,-0.0014877999999999,-0.0004988999999999,-0.0003263,-6.119999999999997e-05,0.0003191999999999,0.0,-0.0015493,-0.0016559,-0.0093105,-0.0047934,-0.0021628,0.0008119999999999,0.0,-0.0003,0.1092973999999999,-0.0390545
03_NCL_OsPd_vacuum/,implicit,96,-453.91675,48.3800000000088,1.138302231,8.300000000000148e-06,-0.0006742,-1.1800000000000178e-05,0.0017118999999999,0.0,-0.0042227999999999,0.0323808,0.0186156,-0.0182171999999999,0.0108912,0.0172792,0.0,0.0044390999999999,-0.0002173999999999,-0.0002703,-0.0002385,-0.0002731999999999,0.0,-4.320000000000008e-05,-0.0011301,-0.0041476,-0.0051476,-0.0017638999999999,-0.004297,0.0,-0.0008775,0.1244001,-0.0368124
03_NCL_OsPd_vacuum/,implicit,97,-453.90884,42.2099999999546,1.07172814533333,6.299999999999882e-06,-0.0005130999999999,-0.0001641,0.0122586,0.0,0.0051063,0.0259607,0.0211861,-0.0101564999999999,-0.0013964999999999,0.0061023,0.0,0.0032703,-0.0002731,-0.0002902,-0.0002431,-0.0007453,0.0,-0.0010179999999999,-0.0011923999999999,-0.0044432,-0.0040552999999999,-0.0006708,-0.0047977,0.0,0.0005174,0.1233208,-0.0344234999999999
03_NCL_OsPd_vacuum/,implicit,98,-454.02704,39.7699999999759,1.07678289333333,-6.27000000000006e-05,-0.0003060999999999,0.0002602999999999,-0.0030896999999999,0.0,-0.0036049,0.02824,0.0016441999999999,-0.0157403,-0.0011691999999999,0.0349352999999999,0.0,-0.0013825,-8.589999999999987e-05,-0.0004308,-0.0004243,-0.0019355,0.0,0.0001837,-0.0005107,0.0001528,-0.0014165999999999,0.0002651,-0.0042812,0.0,-0.0017697,0.0794492,-0.0205062
03_NCL_OsPd_vacuum/,implicit,99,-454.05632,52.3900000000026,0.589938208,3.970000000000015e-05,-0.0003833999999999,2.760000000000002e-05,-0.0093107,0.0,-0.0053494999999999,0.0492096,0.0199816,-0.0184393,0.007408,0.0193305999999999,0.0,0.011563,-0.000323,-0.00049,-0.0002692,0.0001229,0.0,-0.0002263,-2.8700000000000427e-05,-0.0042179,-0.0032495,-0.0010822,-0.0040591,0.0,-0.0014487,0.1481544,-0.0305432999999999
03_NCL_OsPd_vacuum/,implicit,100,-454.05083,52.8499999999781,0.680399716,3.320000000000059e-05,-0.0003601999999999,-1.2700000000000038e-05,-0.008725,0.0,-0.0038934,0.0366528999999999,0.0136785999999999,-0.0131259999999999,0.0119512999999999,0.0212211,0.0,0.0080942,-0.0003469,-0.0005131,-0.0002994999999999,6.840000000000004e-05,0.0,-0.000404,-0.0007073999999999,-0.0039185,-0.0031477,-0.0009841,-0.003572,0.0,-0.0015837,0.1310281999999999,-0.0308168
03_NCL_OsPd_vacuum/,implicit,101,-454.06272,54.1299999999865,0.736757141,0.0001876,-0.0003426,-0.0001426999999999,-0.0019757,0.0,0.0106933999999999,0.0425248999999999,0.0391258,-0.0176196,-0.0028690999999999,0.0002198,0.0,-0.001395,-0.0005409,-0.0005181,-5.830000000000006e-05,-3.4599999999999974e-05,0.0,-0.0018155,-0.0002837,-0.0082706,-0.0033512,-0.0008279,0.0002931999999999,0.0,-1.4300000000000077e-05,0.1368135999999999,-0.0308431999999999
03_NCL_OsPd_vacuum/,implicit,102,-454.04499,53.5399999999981,0.66012249,5.819999999999957e-05,-0.0003764,8.200000000000741e-06,-0.005417,0.0,-0.0010799,0.0423444,0.0225374,-0.0134682999999999,0.0023946,0.013019,0.0,0.0134488,-0.0003583,-0.0004892,-0.0002293,-0.0003223,0.0,-0.0004865,-0.001034,-0.0041621,-0.0031476,-0.0009945,-0.0032769999999999,0.0,-0.0013674,0.1469384,-0.0317359
03_NCL_OsPd_vacuum/,implicit,103,-453.92648,41.2299999999846,1.15113073533333,9.010000000000008e-05,-0.0005119,6.700000000000022e-05,0.0101114999999999,0.0,0.005659,0.0459566,0.0235459999999999,-0.0189702,-0.0071904,0.0164184,0.0,-0.0082411,-0.0004132999999999,-0.0006387999999999,-0.0003112,-0.0012345,0.0,-0.0009901,-0.0009989999999999,-0.0046113,-0.0036011,-0.0002046,-0.0037753,0.0,0.0002176,0.1338701,-0.0331229
03_NCL_OsPd_vacuum/,implicit,104,-453.93798,40.6899999999837,1.20063012066667,-0.0001409999999999,-0.0005345999999999,0.000258,-0.0100411,0.0,-0.0056089,0.0510739999999999,-0.0008929999999999,-0.0230227,-4.9699999999999744e-05,0.0437614999999999,0.0,0.0115389999999999,-0.0001063999999999,-0.0006669,-0.0005885999999999,-0.0004138,0.0,0.0004147,-0.0002168,0.0005604,-0.0044323,-0.0002078,-0.0092961,0.0,-0.0017253,0.1326828999999999,-0.0333581
03_NCL_OsPd_vacuum/,implicit,105,-453.92892,42.1799999999735,1.19335639566667,-0.0001470999999999,-0.000513,0.0002776,-0.0137534,0.0,-0.0026277999999999,0.0451686999999999,-0.0045043999999999,-0.0190468,0.0031565999999999,0.0466363,0.0,0.0134799,-0.0001006999999999,-0.000627,-0.0006404,0.0001202999999999,0.0,0.000581,-0.0005886999999999,-0.0002248999999999,-0.0032292,-4.949999999999996e-05,-0.0097942,0.0,-0.0020546,0.1362529,-0.0332156
03_NCL_OsPd_vacuum/,implicit,106,-453.94058,39.8400000000265,1.156416014,7.120000000000043e-05,-0.0005322999999999,5.6699999999999806e-05,-0.0082352,0.0,0.0005251,0.0520723,0.0212834,-0.0220069,-0.0030474,0.0172083,0.0,0.0069462999999999,-0.0003588999999999,-0.0006659999999999,-0.0002972,2.9700000000000017e-05,0.0,-0.0004967,-0.0001686999999999,-0.0041862,-0.0046944,-0.0005262999999999,-0.0035249,0.0,-0.0010852,0.128683,-0.0319501
03_NCL_OsPd_vacuum/,implicit,107,-453.93324,40.5900000000088,1.12256323166667,0.0002980999999999,-0.000531,-0.0001608,-0.0028914999999999,0.0,-0.0149676999999999,0.0453832,0.0466341,-0.0195761,0.0135289,-0.0046352,0.0,0.0040475999999999,-0.0006335999999999,-0.0006288999999999,-0.0001154999999999,0.0006477,0.0,0.0001313,-0.0006425,-0.00982,-0.0032760999999999,-0.0020273,-0.0002707,0.0,-7.870000000000002e-05,0.1342596,-0.0334284
03_NCL_OsPd_vacuum/,implicit,108,-453.90977,39.4800000000259,0.992139795333333,0.0002669,-0.0005282999999999,-0.0001796999999999,-0.0035854999999999,0.0,-0.0162356,0.0481501,0.0479543,-0.0204905999999999,0.0131914999999999,-0.0043317999999999,0.0,0.0034916,-0.0006368999999999,-0.0006172,-8.739999999999996e-05,0.0005786,0.0,0.0001627999999999,-0.0007429999999999,-0.009266,-0.0031248,-0.0021883,-0.0003357,0.0,3.079999999999999e-05,0.1354056,-0.0324541
03_NCL_OsPd_vacuum/,implicit,109,-453.92014,40.1600000000144,1.15926428933333,0.0002507999999999,-0.0005576,-0.0001646,-0.0062691,0.0,-0.0134309,0.0537392,0.0433144999999999,-0.0232604,0.0150140999999999,-0.0010672,0.0,0.0008638999999999,-0.0006213,-0.0006429,-9.129999999999987e-05,0.0003926999999999,0.0,-0.0001162999999999,-0.0003169999999999,-0.0090347,-0.0044113999999999,-0.0020408,0.0005678,0.0,-0.0002305999999999,0.1368652999999999,-0.0330917
03_NCL_OsPd_vacuum/,implicit,110,-453.91369,34.8999999999933,1.12229574066667,0.0001206,-0.0004928999999999,5.620000000000017e-05,-0.0032257999999999,0.0,-0.0129707999999999,0.0526384,0.0167414,-0.0199538999999999,0.0053537,0.0200438,0.0,-0.0010284,-0.0002789,-0.0005416,-0.0003562,-0.0003266,0.0,-0.0002255999999999,-0.0001437999999999,-0.0023485,-0.002474,-0.001388,-0.0040957,0.0,-0.0004055,0.1145647,-0.0251687
03_NCL_OsPd_vacuum/,implicit,111,-453.92038,40.9199999999714,1.04208195433333,-0.0001548,-0.0005416999999999,0.0002588,-0.0116118999999999,0.0,-0.0059789,0.0552168999999999,-4.3100000000004246e-05,-0.0236574,0.0005415999999999,0.0448026,0.0,0.0104488,-8.989999999999996e-05,-0.0006383,-0.0006132999999999,-0.0005258,0.0,0.0003222,-0.0004733999999999,0.0003884,-0.0044322,-0.0003067,-0.0091962,0.0,-0.0016879,0.1385623,-0.0345063
04_NCL_OsPt_vacuum/,implicit,1,-456.59688,110.959999999977,0.830848306666667,0.000706,0.0030591999999999,6.450000000000032e-05,0.0047899,0.0,0.0068651,0.048887,0.0033158999999999,0.0008464,0.0148035,0.0008051,0.0,0.0101209,0.0002496,0.0004212999999999,-0.0001255,-0.0010979,0.0,-0.0003662999999999,-0.0006887,-0.0067942,0.0063148999999999,-0.0045486999999999,-0.0016716999999999,0.0,-0.0024016999999999,0.1885268,-0.0214176999999999
04_NCL_OsPt_vacuum/,implicit,2,-454.97451,70.4700000000003,1.01943273333333,-0.0016627999999999,1.6600000000000295e-05,-0.0018088,0.0113621,0.0,0.0110881,0.0308227999999999,0.009447,-0.0083387,0.0180115,0.0062781,0.0,0.0174885999999999,0.0003742999999999,0.0003858999999999,0.0004717999999999,-0.0013802999999999,0.0,-0.0014523,-0.0108614999999999,-0.0048170999999999,-0.002272,-0.0055062,-0.0005215999999999,0.0,-0.0037714999999999,0.1854091,-0.0587003999999999
04_NCL_OsPt_vacuum/,implicit,3,-454.67414,-48.2400000000212,0.908593403333333,-0.0010019,-0.002105,-0.0011016,0.0157455,0.0,0.0038851999999999,0.0072492999999999,0.0041054999999999,-0.0321129,-0.0001353,0.0008511,0.0,0.0026107,-0.0009872,-0.0027493999999999,-0.0008190999999999,-0.0115894,0.0,-0.0042476999999999,-0.0030294999999999,0.004801,-0.0239727,-0.000587,0.0026542999999999,0.0,-0.0039769,-0.0040185999999999,-0.0890069
04_NCL_OsPt_vacuum/,implicit,4,-454.66082,-7.20999999998639,0.83258901,-0.0011555,-0.0015174999999999,-0.0012854,0.0060991,0.0,0.0142648,0.023132,0.0077564999999999,-0.0223938999999999,0.0038376,0.0023704,0.0,0.0069193,-0.0007995,-0.001532,-0.0008511,-0.0032692,0.0,-0.0085022999999999,-0.0025140999999999,-0.0045504,-0.0159043,-0.0044126,0.0079663,0.0,-0.0021568,0.0760547999999999,-0.0730523
04_NCL_OsPt_vacuum/,implicit,5,-454.54227,12.4400000000264,0.794253596666667,-0.0010569999999999,-0.0012098,-0.0008636,0.0019479,0.0,0.0195379,0.0382532999999999,0.0122009,-0.0195227999999999,0.0006282,-0.0028996,0.0,0.0061548999999999,-0.0007434999999999,-0.0014117999999999,-0.000271,-0.0001256999999999,0.0,-0.010023,-0.0012894,-0.0069962,-0.0135728,-0.0041445,0.0087565,0.0,-0.0009311999999999,0.1063397999999999,-0.0615050999999999
04_NCL_OsPt_vacuum/,implicit,6,-454.76802,26.0099999999852,0.659355773333333,-0.0008916999999999,-0.0008966,-0.0015221,0.0179886999999999,0.0,0.0088428,0.0205382999999999,0.0015781999999999,-0.0134868999999999,0.0030177,0.0041239,0.0,0.0141579,-0.0004101999999999,-0.0005742999999999,1.810000000000006e-05,-0.0094842,0.0,-0.0003493999999999,-0.0035748999999999,0.0048565,-0.0094614999999999,0.0011861,-0.0006181,0.0,-0.0076236999999999,0.1069004,-0.0520710999999999
04_NCL_OsPt_vacuum/,implicit,7,-454.92496,-32.7599999999961,0.975597233333333,-0.0012875,-0.0018243,-0.0014037,0.0162817,0.0,0.0054122,-0.0029232,0.0081318999999999,-0.0235511,0.0087806999999999,-0.0009841999999999,0.0,0.0195969,-0.0013501999999999,-0.0016908,-0.0005804,-0.0094249,0.0,9.299999999998546e-06,-0.0067542,0.0073990999999999,-0.0187428,-0.0024533999999999,-0.0003826999999999,0.0,-0.0115518999999999,0.0524588,-0.0910455
04_NCL_OsPt_vacuum/,implicit,8,-454.73286,21.6100000000097,0.976596943333333,-0.0006111,-0.0007967,-0.0007409,0.0020131999999999,0.0,0.0141531999999999,0.0300724999999999,0.0065555999999999,-0.0141768,0.0097717999999999,0.0004732,0.0,0.0053913,-0.0004879999999999,-0.0009218,-0.0003169,-0.0004989999999999,0.0,-0.0079922999999999,-0.0006599,-0.0042489,-0.0097279,-0.0055553999999999,0.0058565,0.0,-0.0004231,0.1042103999999999,-0.0499534
04_NCL_OsPt_vacuum/,implicit,9,-454.47878,-21.3800000000219,1.13902964333333,-0.0010064999999999,-0.0017994999999999,-0.0011631,-0.0004138,0.0,0.0021951999999999,0.0362887999999999,5.539999999999712e-05,-0.0301943999999999,0.003018,0.009098,0.0,0.0089798999999999,-0.0007163999999999,-0.0026400999999999,-0.0007927999999999,-0.0058559,0.0,-0.0027198,-0.0011784,0.0082364,-0.0205166,-0.0025253999999999,-0.0041964,0.0,-0.0069164999999999,0.0501156999999999,-0.0796439000000001
04_NCL_OsPt_vacuum/,implicit,10,-454.5002,41.8999999999983,0.924585636666667,-0.0010298,-0.0008357,-0.0015137,0.0159558,0.0,0.0019028999999999,0.0534375,-0.0031725999999999,-0.0185766999999999,0.0021428999999999,0.0161855,0.0,0.0110919,0.0002597999999999,-0.0002556999999999,0.0002006999999999,-0.0066086999999999,0.0,-0.0002787999999999,-0.0013104999999999,0.0072549,-0.0111300999999999,0.0010530999999999,-0.0095306,0.0,-0.0047976,0.1511764,-0.0502868999999999
04_NCL_OsPt_vacuum/,implicit,11,-454.3422,55.3999999999633,1.28468083333333,-0.0012702,-0.0017743,-0.0014663999999999,0.0129914999999999,0.0,-0.0003032999999999,0.0307362,0.0023094,-0.0182035999999999,0.0017869999999999,0.0033584,0.0,0.0099103,-0.0004379,-0.0004907999999999,-0.0001000999999999,-0.0084414,0.0,-0.0005342,-0.0053076999999999,0.0065678,-0.0147359999999999,0.0011047,-0.0019955,0.0,-0.0048946,0.0761501,-0.0585314999999999
04_NCL_OsPt_vacuum/,implicit,12,-454.61427,14.0700000000038,0.714317453333333,-0.0007926,-0.0012131,-0.0010795,0.0143929,0.0,0.0070287999999999,0.0488943999999999,0.0018163999999999,-0.0234301,-0.0003161999999999,0.009815,0.0,-0.0005067999999999,-0.0005325999999999,-0.0016932,-0.0003826999999999,-0.0084095,0.0,-0.0042399999999999,0.000535,0.0041628,-0.0153504999999999,0.0004366,-0.0032602,0.0,-0.0022138,0.1092187999999999,-0.0618962
04_NCL_OsPt_vacuum/,implicit,13,-454.45935,-34.8500000000058,1.21650754,-0.0010106,-0.0021856999999999,-0.001028,-0.0063386999999999,0.0,-0.0018607999999999,0.0298549999999999,0.0040249999999999,-0.035348,0.0058184,0.0035601999999999,0.0,0.0073527,-0.0008796,-0.0032858999999999,-0.0007896,-0.0006183999999999,0.0,-0.0031887,-0.0014110999999999,0.0023923999999999,-0.0251467999999999,-0.0073216,0.0036845,0.0,-0.0068913,0.0056791999999999,-0.0869126999999999
04_NCL_OsPt_vacuum/,implicit,14,-454.43007,-19.8800000000006,1.17979167333333,-0.0009531,-0.0020200999999999,-0.0011400999999999,-0.0060500999999999,0.0,-0.0028234999999999,0.0476126,-0.0005568999999999,-0.0333909,0.0024406,0.0133786,0.0,0.0119946,-0.0007302,-0.0029348,-0.0008955999999999,-0.0029102,0.0,0.0004273,0.0006434999999999,0.0083906,-0.0230004,-0.003946,-0.0065390999999999,0.0,-0.0096578,0.0569832999999999,-0.0823049
04_NCL_OsPt_vacuum/,implicit,15,-456.50483,106.179999999995,0.885985236666667,0.0006237999999999,0.0025318,-1.5599999999999295e-05,0.0056409999999999,0.0,0.0072251,0.0372117,0.0042457,-0.0011597999999999,0.0164593,0.0035369,0.0,0.011066,0.0004110999999999,0.0009555,-0.0001061,-0.0016591999999999,0.0,-0.0003074999999999,-0.003386,-0.0077397999999999,0.0060348,-0.0044978,-0.002931,0.0,-0.0021593999999999,0.1747315,-0.0307706999999999
04_NCL_OsPt_vacuum/,implicit,16,-454.8887,36.7200000000025,0.994400996666667,-0.0014956,-0.0004791999999999,-0.0013903,0.0105054999999999,0.0,0.0118374,0.0252269999999999,0.0100571,-0.0104407999999999,0.0189403,0.0040451999999999,0.0,0.0137723,0.0006879,0.0005627999999999,0.0005007999999999,-0.0012307999999999,0.0,-0.0041613,-0.0102924,-0.0061412999999999,-0.0059009999999999,-0.0062244,0.0030629,0.0,-0.0018307,0.1611579,-0.0619347
04_NCL_OsPt_vacuum/,implicit,17,-454.58567,-64.7799999999847,1.03678542,-0.0007278,-0.0016842,-0.0007447,0.0019464,0.0,-0.004264,0.0007996999999999,0.0054675,-0.0326649,0.0053959,-0.0017445999999999,0.0,0.0068589,-0.0009744999999999,-0.001935,-0.0006833999999999,-0.0058433,0.0,-0.0016273,-0.0063871,0.0043837,-0.0240453999999999,-0.0054760999999999,0.005121,0.0,-0.0076396,-0.0427239,-0.0902141
04_NCL_OsPt_vacuum/,implicit,18,-454.57253,-19.0299999999866,0.90532061,-0.000806,-0.001188,-0.0009211999999999,0.0037827,0.0,0.0176025,0.0239440999999999,0.0026824,-0.022659,-0.00369,0.0042071999999999,0.0,0.0026442,-0.0004636,-0.0009479999999999,-0.0006651999999999,-0.0035026,0.0,-0.0108584999999999,-0.0031646,-0.0019315999999999,-0.0159615,-0.002769,0.0073936,0.0,-0.0001913,0.0511979,-0.0661248999999999
04_NCL_OsPt_vacuum/,implicit,19,-454.45391,-6.63000000002967,0.71951276,-0.0008294,-0.0012964,-0.0009306999999999,0.0014675,0.0,0.0153396999999999,0.0323188,0.0040330999999999,-0.0229728999999999,-0.0026281999999999,0.0022141,0.0,0.0033399,-0.0003009999999999,-0.0008583999999999,-0.0004003999999999,-0.0011422999999999,0.0,-0.0104268,-0.0059923999999999,-0.0013151999999999,-0.0169563,-0.0034788,0.0080717,0.0,-0.0022082,0.0601110999999999,-0.0700160999999999
04_NCL_OsPt_vacuum/,implicit,20,-454.67625,1.17000000000189,1.27628297666667,-0.0005393999999999,-0.0008828999999999,-0.0007869999999999,0.0083578999999999,0.0,0.0037567,0.0143176,-1.6500000000002624e-05,-0.011944,0.0113215999999999,-0.0027278,0.0,0.0099613,-0.0001943,-9.140000000000016e-05,9.189999999999891e-05,-0.0039207999999999,0.0,-0.001066,-0.0039386999999999,0.0028311999999999,-0.0108248,-0.0047718999999999,0.0074563,0.0,-0.0063608,0.0616349999999999,-0.0415786
04_NCL_OsPt_vacuum/,implicit,21,-454.83104,-44.0399999999954,0.852956613333333,-0.0010562999999999,-0.0016067999999999,-0.0009144999999999,0.0092953,0.0,0.0073028999999999,-0.0060763999999999,0.0111127,-0.0259849999999999,0.0103545999999999,-0.0047509999999999,0.0,0.0118264,-0.0012069,-0.0012071,-0.0005544,-0.0048005999999999,0.0,-0.0036284999999999,-0.0066553999999999,0.0042862,-0.0209429,-0.0066944,0.0039266999999999,0.0,-0.008417,0.0190035,-0.0917886
04_NCL_OsPt_vacuum/,implicit,22,-454.64798,1.50999999999613,0.89008364,-0.0005823,-0.0008752999999999,-0.0007477,0.0021943999999999,0.0,0.0145185,0.0245859,0.0023812,-0.0167184999999999,-0.0027913999999999,0.0032501,0.0,0.0023707999999999,-0.0003585,-0.000472,-0.0002702,-0.0019928,0.0,-0.0087659,-0.0030966,-0.0009288,-0.0122333999999999,-0.0030211999999999,0.0057462,0.0,-0.0007569,0.0551713999999999,-0.0523004999999999
04_NCL_OsPt_vacuum/,implicit,23,-454.39184,-32.5500000000147,1.18698491666667,-0.0007515,-0.0014577,-0.0008090999999999,-0.0002523999999999,0.0,-0.0002203999999999,0.0373431999999999,0.0021375,-0.0309462,0.0001564,0.0048278,0.0,0.0004753,-0.000596,-0.0017789,-0.0004644999999999,-0.0077502,0.0,-0.0034472999999999,-0.0028376999999999,0.0073251999999999,-0.0207395,-0.0015397,-0.0016057,0.0,-0.0046512,0.0210057999999999,-0.0761710999999999
04_NCL_OsPt_vacuum/,implicit,24,-454.4109,23.1600000000185,1.28893865666667,-0.0009198,-0.0010283,-0.0011655,0.0103077,0.0,0.0019519999999999,0.0475062,-0.0014271,-0.0201784,0.0023963,0.0136577,0.0,0.0080544,0.0001361,0.0001054999999999,0.0004142999999999,-0.0048021999999999,0.0,-0.0004029,-0.002376,0.0074779999999999,-0.0136783,-0.0009776999999999,-0.0077138,0.0,-0.0044763,0.1183104999999999,-0.0525865
04_NCL_OsPt_vacuum/,implicit,25,-454.23862,-1.12000000001444,1.15595305666667,-0.0009345999999999,-0.0012808,-0.0005709,-0.000643,0.0,0.0001576,0.0293945,0.0054954999999999,-0.0179869,0.0133936999999999,0.0013571,0.0,0.011539,-8.769999999999958e-05,-0.0001549,7.890000000000327e-05,0.0007207,0.0,-0.0010723999999999,-0.0027077999999999,0.0007693,-0.0150371999999999,-0.0081371,0.0026624999999999,0.0,-0.0035731999999999,0.0798427999999999,-0.0530778
04_NCL_OsPt_vacuum/,implicit,26,-454.52961,-9.52999999998383,0.574627233333333,-0.000642,-0.0011933999999999,-0.0006604,0.0073119999999999,0.0,0.0036928999999999,0.0275371999999999,0.0063999999999999,-0.0242858999999999,0.0001235999999999,-0.0011143999999999,0.0,0.0003404,-0.0006073,-0.0008669,-0.0001012,-0.0074883999999999,0.0,-0.0039299,-0.0058614,0.0027813,-0.0175712999999999,-0.00228,0.0064969999999999,0.0,-0.0032934,0.0350198999999999,-0.065443
04_NCL_OsPt_vacuum/,implicit,27,-454.36993,-29.4499999999971,1.03227821166667,-0.0007726,-0.0017205,-0.0008158,0.0054095,0.0,0.0053472,0.048143,0.0075885999999999,-0.0361078,-0.0074082,0.0060431999999999,0.0,-0.006664,-0.0008149,-0.002375,-0.0006976999999999,-0.0066739999999999,0.0,-0.0065164999999999,0.0015312999999999,0.0010251999999999,-0.0241679999999999,-0.0019068999999999,0.0016825999999999,0.0,-0.0018436999999999,0.0380852,-0.081515
04_NCL_OsPt_vacuum/,implicit,28,-454.34182,-26.6799999999989,1.12827179666667,-0.0007548999999999,-0.0016208,-0.0008604,-0.0119807,0.0,-0.0047903,0.0530955999999999,-0.0002428,-0.0334226,0.0017046,0.0132164,0.0,0.0095549,-0.0005862999999999,-0.0019573999999999,-0.0006023,-0.0024767,0.0,0.0002968999999999,0.0001058999999999,0.0093034,-0.0224243999999999,-0.0037695,-0.006768,0.0,-0.0094478,0.0477983,-0.0766525999999999
04_NCL_OsPt_vacuum/,implicit,29,-456.47844,110.000000000014,0.872763723333333,0.000802,0.0036285999999999,0.0002352999999999,0.0035931,0.0,0.0057406999999999,0.0560483,0.0019905,0.0026335,0.0121251,-0.0012659,0.0,0.0082891,8.489999999999887e-05,-9.759999999999976e-05,-0.0001125,-0.0006469999999999,0.0,-0.0004673,0.0022022999999999,-0.0051423999999999,0.006418,-0.0042311,-0.0005449,0.0,-0.0024422999999999,0.1876409,-0.0099599
04_NCL_OsPt_vacuum/,implicit,30,-454.858,116.399999999999,1.16892858666667,-0.0013466999999999,0.0012566,-0.0021375,0.0160012,0.0,0.0039929,0.0389166,0.0067167,-0.0044722,0.0110548999999999,0.0106495999999999,0.0,0.0235857,9.540000000000244e-05,2.83000000000002e-05,0.0003592999999999,-0.0038538,0.0,0.0033399,-0.0088846999999999,-0.0028250999999999,0.0024298999999999,-0.0021855999999999,-0.0063408999999999,0.0,-0.0077194,0.2084361,-0.0511134999999999
04_NCL_OsPt_vacuum/,implicit,31,-454.55486,-35.4800000000068,1.14687542666667,-0.0012823,-0.0024339,-0.0015413999999999,0.0080778999999999,0.0,0.0043728,0.0107904,0.0005646999999999,-0.0295985,0.0069946,0.0074163999999999,0.0,0.0187783,-0.0011047,-0.0037773,-0.0012412,-0.0067580999999999,0.0,-0.0012359999999999,-0.0020164,0.0074936,-0.0223616,-0.003476,-0.0023772999999999,0.0,-0.0103879,0.0442777999999999,-0.0944855999999999
04_NCL_OsPt_vacuum/,implicit,32,-454.54252,15.8800000000383,0.934824266666667,-0.0011681,-0.0016011999999999,-0.0013436999999999,0.005011,0.0,0.0205633,0.026011,0.0081863,-0.019333,0.0094051999999999,0.0003862,0.0,0.0078190999999999,-0.0012484,-0.0022382,-0.0009979999999999,-0.0016427,0.0,-0.0099102,-0.0013190999999999,-0.0038879999999999,-0.0139112,-0.0062801,0.0088333,0.0,-0.0009653,0.1078721999999999,-0.0671358999999999
04_NCL_OsPt_vacuum/,implicit,33,-454.42014,29.9400000000105,1.12861638,-0.0014558,-0.0013224999999999,-0.0011371999999999,0.0026639,0.0,0.0216693,0.0394946,0.0133502,-0.0208316,0.0064348,-0.0025888,0.0,0.0049998,-0.0011878999999999,-0.0026734999999999,-0.0003877999999999,-0.0006142,0.0,-0.0111489,-0.0017044999999999,-0.0072863,-0.0136161999999999,-0.005012,0.0076981,0.0,0.0003294999999999,0.1225536,-0.071208
04_NCL_OsPt_vacuum/,implicit,34,-454.64454,52.3099999999772,0.751177733333333,-0.0012570999999999,-0.0005314999999999,-0.0013549999999999,0.0094904999999999,0.0,0.0050101999999999,0.0274346,0.0049109999999999,-0.0116425,0.0134259999999999,0.0020783,0.0,0.0196642,-0.0007015,-0.001409,-0.0004769,-0.0018751,0.0,0.0002976,-0.0023262,-0.0014763999999999,-0.0067552,-0.0055033,0.0020574999999999,0.0,-0.0084217,0.1344579,-0.0531802999999999
04_NCL_OsPt_vacuum/,implicit,35,-454.80242,-25.5999999999972,1.10454534333333,-0.0015436,-0.0018071999999999,-0.001736,0.0271611999999999,0.0,0.0090217,0.0032288999999999,0.0047359,-0.0186122,0.0081196,-0.0001161999999999,0.0,0.0165099999999999,-0.0010831,-0.0020660999999999,-0.0006135999999999,-0.0124326,0.0,-0.0020777,-0.0058592999999999,0.0060873,-0.0147324,-0.0004221999999999,0.0018004,0.0,-0.0082937,0.0899235999999999,-0.0793861
04_NCL_OsPt_vacuum/,implicit,36,-454.61856,35.8699999999885,0.932330976666667,-0.0008281,-0.0010376,-0.0013309999999999,0.0141975,0.0,0.0086214,0.0339616,-0.0007269,-0.0168997,0.0006034,0.0095572999999999,0.0,0.0114752999999999,-0.0004772,-0.0020946999999999,-0.0007388999999999,-0.0078815,0.0,-0.002075,0.0004725,0.0048098,-0.0108793999999999,0.0010431,-0.0037891999999999,0.0,-0.0065391,0.1151868999999999,-0.0562993
04_NCL_OsPt_vacuum/,implicit,37,-454.35877,-6.70999999999822,1.15756080666667,-0.0011378999999999,-0.0019937,-0.0014746,0.0115649,0.0,0.0046553999999999,0.0336642,-0.0004216,-0.0270608,0.0037534,0.0091093,0.0,0.0077442,-0.000691,-0.0035382999999999,-0.0010842999999999,-0.0085797,0.0,-0.0029218,-0.0010639999999999,0.0070432,-0.0187764,-0.0014026,-0.0035464,0.0,-0.0056148,0.0768058,-0.0803522999999999
04_NCL_OsPt_vacuum/,implicit,38,-454.38252,68.5699999999656,1.10691438333333,-0.0009349,-0.0001410999999999,-0.001701,0.0197687,0.0,0.0012850999999999,0.0568227999999999,-0.0033692,-0.0146238999999999,-6.189999999999668e-05,0.0169857999999999,0.0,0.014253,0.0003870999999999,-0.0007872,-6.990000000000121e-05,-0.0076416,0.0,0.0004602,0.0003651,0.0057632,-0.0069460999999999,0.0025503,-0.010421,0.0,-0.005402,0.1765664999999999,-0.0434833999999999
04_NCL_OsPt_vacuum/,implicit,39,-454.20168,31.6500000000133,1.38957989,-0.0016857999999999,-0.001676,-0.0021390999999999,0.0199869999999999,0.0,0.0034428999999999,0.0466706999999999,-0.0011992,-0.0193331,0.00375,0.0120126,0.0,0.0125984999999999,2.9799999999999965e-05,-0.0010890999999999,-0.0002506999999999,-0.0083534,0.0,-0.0009722,-0.0015241,0.0078063999999999,-0.0131904,0.00123,-0.0061686,0.0,-0.0053289,0.1448568999999999,-0.0556225
04_NCL_OsPt_vacuum/,implicit,40,-454.49865,28.0199999999695,1.10025013666667,-0.0008323,-0.0011392,-0.0013171999999999,0.0155721999999999,0.0,0.00474,0.0454764999999999,0.0002763999999999,-0.0203779999999999,7.279999999999787e-05,0.0106674,0.0,0.0056727999999999,-0.0005643,-0.0025924,-0.0007169,-0.0081888,0.0,-0.0021404999999999,-0.0003192999999999,0.0042395,-0.0128688999999999,0.0011102,-0.0042794,0.0,-0.0040337999999999,0.1176228999999999,-0.0607088
04_NCL_OsPt_vacuum/,implicit,41,-454.33701,-20.2899999999886,1.18771022666667,-0.0011690999999999,-0.0026306999999999,-0.0015955,0.0150903,0.0,0.0041029,0.0369801999999999,0.0005001,-0.0339321,-0.0008962999999999,0.0089843,0.0,-2.409999999999912e-05,-0.0009589999999999,-0.0046755999999999,-0.0011406,-0.010533,0.0,-0.0042466999999999,0.0025326999999999,0.0065344999999999,-0.0244729999999999,-3.550000000000081e-05,-0.0024812999999999,0.0,-0.0032980999999999,0.0508201,-0.0855509000000001
04_NCL_OsPt_vacuum/,implicit,42,-454.3107,-8.84000000002061,1.17260395666667,-0.0012801,-0.0023910999999999,-0.0012999,0.0042721,0.0,-0.0013067,0.044795,0.0052318999999999,-0.031758,0.0095632,0.0059489999999999,0.0,0.0053847999999999,-0.0010620999999999,-0.0041896999999999,-0.0010229,-0.0036570999999999,0.0,-0.0017114999999999,0.0021800999999999,0.0018656,-0.0224995,-0.0061715999999999,0.0007201,0.0,-0.0053442,0.0743205,-0.0817860999999999
04_NCL_OsPt_vacuum/,implicit,43,-456.51317,91.8100000000095,0.585796078,0.000641,0.0018444,0.0004915,0.0065789,0.0,0.0099052,0.0399072,0.0117121999999999,-0.0044879999999999,0.0023956,0.0111530999999999,0.0,0.0115395999999999,0.0001507999999999,0.0002748999999999,-0.000264,-0.0001398999999999,0.0,-0.0015329999999999,-0.0007052,-0.0079581,0.0080407999999999,-0.0033766,-0.0067315,0.0,-0.0018428999999999,0.1833614999999999,-0.0281694
04_NCL_OsPt_vacuum/,implicit,44,-456.49312,101.179999999999,0.590526906666667,0.0008579,0.0025056,8.269999999999979e-05,0.0054631,0.0,0.0081875,0.0351507,0.0111615999999999,-0.0056152,0.0122141999999999,0.0083774,0.0,0.0089226999999999,0.0004285,0.0005011999999999,-0.0004547,-0.0013601999999999,0.0,-0.0011144999999999,-0.0025174999999999,-0.0087195,0.0071679999999999,-0.0037643999999999,-0.0047741999999999,0.0,-0.0025957999999999,0.1746165999999999,-0.0344057999999999
04_NCL_OsPt_vacuum/,implicit,45,-456.31106,106.119999999976,0.666357806666667,0.0011459999999999,0.0021361999999999,-0.0006109,0.0155083,0.0,0.0043435,0.0181901,0.0115902999999999,-0.0060249999999999,0.0143437,0.0169399,0.0,0.0051836999999999,0.0008803,0.0006790999999999,-0.0004059999999999,-0.0048805999999999,0.0,0.0005544,-0.0048652999999999,-0.0060734,0.0055469999999999,-0.0033233,-0.0101419,0.0,-0.0043320999999999,0.1654919000000001,-0.0527237
04_NCL_OsPt_vacuum/,implicit,46,-454.32416,41.4799999999786,0.91330562,-0.0014333,-0.0014084,-0.0006408999999999,-0.0016179999999999,0.0,0.0106645,0.0171042,0.0109302,-0.0151352999999999,0.01558,0.0088484999999999,0.0,0.000536,-0.0008609,-0.0010474999999999,-0.0005982,-0.0010109,0.0,-0.0080874,-0.001004,-0.0070114,-0.0135558,-0.0092237999999999,0.0083885999999999,0.0,-0.0018243999999999,0.0868546,-0.0716716
04_NCL_OsPt_vacuum/,implicit,47,-456.3724,95.670000000041,0.635020083333333,9.210000000000034e-05,0.0019799,0.0007498999999999,0.0057524,0.0,0.0112188,0.0217012999999999,0.0176604999999999,-0.0090101,0.0137983,0.0141079999999999,0.0,0.0079065999999999,-0.0003768,0.0006010999999999,0.0003719999999999,-0.0033437999999999,0.0,-0.0025827,-0.0039452,-0.0149212999999999,0.0065358999999999,-0.0062019,-0.0037488999999999,0.0,0.0012303,0.1719156,-0.0527625999999999
04_NCL_OsPt_vacuum/,implicit,48,-454.87015,37.0899999999779,0.815781623333333,-0.0009189999999999,2.249999999999995e-05,-0.0005743,0.0035855999999999,0.0,0.0126626999999999,0.0138144999999999,0.0090739,-0.0032827,0.0077966,0.0060478999999999,0.0,0.0052902999999999,-0.0002488,-0.0002058,4.24999999999974e-05,-0.0011597999999999,0.0,-0.0040972,-0.0020472,-0.0049805999999999,-0.0005177,-0.0044382,0.0010468,0.0,0.0018896999999999,0.1070358,-0.029433
04_NCL_OsPt_vacuum/,implicit,49,-454.95298,52.8699999999844,0.9406665,-0.0007819,0.0003424999999999,-0.0017111,0.0145547999999999,0.0,0.0007906,0.0178210999999999,0.0025083,-0.0024561999999999,0.0039368,0.0181546,0.0,0.0224865,7.819999999999702e-05,5.239999999999932e-05,0.0006101,-0.0069407,0.0,0.0056609,-0.0052412,0.0033154,-0.0005863,0.0014486,-0.0064970999999999,0.0,-0.0086422,0.1512917,-0.0334840999999999
04_NCL_OsPt_vacuum/,implicit,50,-454.95665,36.3699999999767,0.93468139,-0.0014463999999999,-0.0001533999999999,-0.0013445,0.0181495,0.0,0.0106909999999999,0.0195033,0.0129481,-0.0087366,0.009798,0.0098408999999999,0.0,0.0055394999999999,0.0003005999999999,8.770000000000132e-05,0.0003253,-0.0065048999999999,0.0,-0.0029289999999999,-0.0098925999999999,-0.0041165,-0.0007811999999999,-0.0005871,-0.0018204999999999,0.0,-0.0011566,0.1495786,-0.0541492999999999
04_NCL_OsPt_vacuum/,implicit,51,-454.98716,41.2099999999782,0.92145874,-0.0007494,0.0005611,-0.0010335,0.0203801999999999,0.0,0.0028865,0.0197008999999999,0.0024227,-0.0017993,-0.0017322999999999,0.0142912,0.0,0.0123428,2.2500000000001685e-05,0.0001223999999999,0.0004385999999999,-0.0087742999999999,0.0,0.0015427,-0.0037048999999999,0.0035332,0.0009713,0.0056234,-0.0060591,0.0,-0.0044805,0.134542,-0.0215294999999999
04_NCL_OsPt_vacuum/,implicit,52,-454.91049,42.3999999999865,0.9401362,-0.0020057,-0.0004179,-0.0010553999999999,0.0055593999999999,0.0,0.020798,0.0149828999999999,0.0172131,-0.0073168999999999,0.0127232,0.0085791,0.0,0.0128021,0.0003673,-5.10000000000007e-05,0.0001040999999999,0.0017159,0.0,-0.0080239,-0.008915,-0.0060110999999999,-0.0027290999999999,-0.0076401,0.0004876,0.0,-0.0013126,0.1637237999999999,-0.0640157999999999
04_NCL_OsPt_vacuum/,implicit,53,-454.54895,-0.0999999999748979,0.92662678,-0.0004853,-0.0008124,-0.0003465999999999,0.0049307999999999,0.0,0.0043082,0.0284318999999999,0.0063201999999999,-0.0128704,0.0014063999999999,0.0163335999999999,0.0,-0.0072602999999999,-0.0006541,-0.0014101,-0.0004841,-0.0077095999999999,0.0,-0.0037821,-0.0003382999999999,0.0006562999999999,-0.0097074999999999,-0.0010017,0.0011464999999999,0.0,-0.0030573,0.0799120999999999,-0.0526839999999999
04_NCL_OsPt_vacuum/,implicit,54,-454.5895,15.9100000000194,0.970414103333333,-0.0009642,-0.0011416,-0.0005983999999999,0.0028609999999999,0.0,0.0093681,0.0396003,0.0183927,-0.0169493,-0.0001037,0.0009925999999999,0.0,0.0041416,-0.0005287,-0.0015072999999999,-0.0003197999999999,-0.0014389999999999,0.0,-0.0085911,0.0009177999999999,-0.0040619,-0.0136715999999999,-0.0059524,0.0061070999999999,0.0,-0.0019462999999999,0.1111982,-0.0619868999999999
04_NCL_OsPt_vacuum/,implicit,55,-454.58077,20.6000000000017,0.68314973,-0.0005108999999999,-0.0008094999999999,-0.0006386,-0.0028874999999999,0.0,-0.0045679999999999,0.0428747,0.0143184,-0.0160103,0.0046927,0.0083646999999999,0.0,0.0103215,-0.0004344,-0.0018073,-0.0005740999999999,0.0004269999999999,0.0,-0.0031477,0.0028692,0.0016591,-0.0100054,-0.006808,-0.0006289,0.0,-0.0059628,0.110294,-0.0488267999999999
04_NCL_OsPt_vacuum/,implicit,56,-454.65915,-33.5699999999974,1.04678218333333,-0.0013577,-0.0018858999999999,-0.0010781999999999,0.0052426999999999,0.0,0.0065002,0.0119943999999999,0.010082,-0.0222266,0.012553,-0.0030164,0.0,0.0047914,-0.0011771,-0.0025591,-0.0008434,-0.0007951,0.0,-0.0054861,-0.0056238999999999,-0.0067173,-0.0184912,-0.0080064999999999,0.0062455999999999,0.0,-0.0014249999999999,0.0431968999999999,-0.0897580999999999
04_NCL_OsPt_vacuum/,implicit,57,-454.6028,22.640000000024,0.605848493333333,-0.0006265999999999,-0.0008386,-0.0007566999999999,-0.0051272999999999,0.0,0.0019246999999999,0.0440771,0.0087838,-0.0187591,0.0032056,0.0111437999999999,0.0,0.010053,-0.000438,-0.0016871999999999,-0.0003763999999999,-0.0017583,0.0,-0.0018916,0.0008278,-0.0001764,-0.0111443,-0.0043326999999999,0.0010172999999999,0.0,-0.0065993999999999,0.1061598,-0.0531181
04_NCL_OsPt_vacuum/,implicit,58,-454.61463,5.51000000001523,1.03479220666667,-0.000725,-0.0010861,-0.0008204,0.0017989999999999,0.0,0.0089944,0.0095475999999999,0.0127579,-0.0112113999999999,0.0070098,0.011705,0.0,0.0067348,-0.0017698,-0.0013734,-0.0003589999999999,-0.004097,0.0,-0.0047012,-0.0024904,-0.0013714999999999,-0.0122408,-0.0057483,0.0009753,0.0,-0.0065209,0.0894113999999999,-0.0793941999999999
04_NCL_OsPt_vacuum/,implicit,59,-454.63682,5.38999999997714,0.929559156666667,-0.0010049999999999,-0.0010362999999999,-0.0008224999999999,0.0014441999999999,0.0,0.0152648,0.0162598,0.0170345999999999,-0.0117463,-0.0014728999999999,0.0061707999999999,0.0,0.0037922999999999,-0.0008657,-0.0011871,-0.0008056999999999,-0.0029976,0.0,-0.0124471,0.0013828999999999,-0.0035166999999999,-0.0136419999999999,-0.0046733999999999,0.008403,0.0,-0.0018151999999999,0.0877666,-0.0643295
04_NCL_OsPt_vacuum/,implicit,60,-454.63512,14.1399999999976,1.11395945666667,-0.0008479999999999,-0.0009216,-0.0011111999999999,0.0001397999999999,0.0,0.006121,0.0204979,0.0138843999999999,-0.0076505,0.0108183999999999,0.0033742,0.0,0.0030501999999999,-0.0006298999999999,-0.0012306,-0.0007851,0.000388,0.0,-0.0057818,-0.0021659,-0.0078992,-0.0092654,-0.0048845,0.0072399,0.0,-0.0023944999999999,0.094709,-0.0548178999999999
04_NCL_OsPt_vacuum/,implicit,61,-454.65771,11.5800000000377,0.731448213333333,-0.0009383,-0.0012006,-0.0010845,0.0023418999999999,0.0,0.0192155,0.0279606,0.0062807999999999,-0.0129475,0.0046129,0.0031418,0.0,0.0036913,-0.0006012999999999,-0.0010974,-0.0005242999999999,-0.0018675999999999,0.0,-0.0084689999999999,-0.002797,-0.0062054,-0.0103189999999999,-0.0030744999999999,0.0079804,0.0,-0.0006178,0.1021473,-0.055186
04_NCL_OsPt_vacuum/,implicit,62,-454.64179,-0.0500000000442924,0.854020543333333,-0.0006671999999999,-0.0009646999999999,-0.0003421999999999,-0.0017903999999999,0.0,0.0177946,0.0156694,0.0101112,-0.0091124,0.0048414999999999,0.0073180999999999,0.0,0.0015649,-0.0009062999999999,-0.0011069,-0.0004771,-0.0013100999999999,0.0,-0.0099327,0.0029052999999999,-0.0060542999999999,-0.0101887999999999,-0.0058654999999999,0.0090469,0.0,-0.0027627,0.0888453999999999,-0.0533040999999999
04_NCL_OsPt_vacuum/,implicit,63,-454.46125,-9.23000000000229,1.05410189,-0.0011378,-0.0012071999999999,-0.0006617999999999,-0.0017062,0.0,0.0165346,0.0263144999999999,0.0181257,-0.0171048,-0.0010230999999999,0.0040777,0.0,0.0050943999999999,-0.0011167,-0.0020012,-0.0003707,-0.0019750999999999,0.0,-0.0109874999999999,-0.0042705,-0.0064287999999999,-0.0136204999999999,-0.0055867999999999,0.0063865,0.0,-0.0035709,0.0946122,-0.0870843
04_NCL_OsPt_vacuum/,implicit,64,-454.51038,0.129999999955999,0.834991323333333,-0.0011743,-0.0013465999999999,-0.0010604,0.0028849,0.0,0.008502,0.0229503,0.0153057999999999,-0.0176343,0.0062693999999999,-0.007112,0.0,0.007726,-0.0005961999999999,-0.0017613999999999,-0.0002621,0.0016884999999999,0.0,-0.0095693999999999,-0.0035675,-0.0045289999999999,-0.0144185,-0.0083981,0.0076235999999999,0.0,-0.0015408,0.0706218,-0.0706618
04_NCL_OsPt_vacuum/,implicit,65,-454.50499,4.9200000000269,0.725616266666667,-0.0009,-0.0010664,-0.0010079,-0.0035186999999999,0.0,-0.0008706999999999,0.0286679,0.0103615999999999,-0.0137662999999999,0.0079759,0.0039707,0.0,0.0104318,-0.0005335999999999,-0.0015011,-0.0003974999999999,0.0011582999999999,0.0,-0.0035467999999999,-0.0003571999999999,-0.0024134,-0.0103819,-0.0052793,0.0047036,0.0,-0.0059677999999999,0.0805557,-0.0490335
04_NCL_OsPt_vacuum/,implicit,66,-454.54941,15.9000000000447,0.78433056,-0.0010754,-0.0012441,-0.0011179999999999,-0.0027639999999999,0.0,0.0055946,0.036047,0.014537,-0.0182239,0.0105678999999999,0.0006291,0.0,0.0045068,-0.0007608999999999,-0.0016345,-0.0003277999999999,0.0011759,0.0,-0.0066574,-0.0019236,-0.0074726,-0.0115988999999999,-0.0068922,0.0075517999999999,0.0,-0.0025561,0.0949134999999999,-0.0621923999999999
04_NCL_OsPt_vacuum/,implicit,67,-454.52926,19.3100000000186,0.732820933333333,-0.0009810999999999,-0.0012388,-0.0008944,0.0010758,0.0,0.0212742,0.0378224999999999,0.0131334,-0.0147875,-0.0009843,0.000713,0.0,0.0011411999999999,-0.0009552999999999,-0.0016889,-0.000258,-0.0002692,0.0,-0.0112392,-0.0002451,-0.0064597999999999,-0.009609,-0.0046245,0.0042036,0.0,0.0015195,0.1125480999999999,-0.0592518
04_NCL_OsPt_vacuum/,implicit,68,-454.67093,16.050000000007,0.7970736,-0.0006443,-0.0007685,-0.0009254,0.0098962999999999,0.0,0.007421,0.0128589,0.003792,-0.0084362,0.0024590999999999,0.0171341,0.0,0.0054841,-0.0007605,-0.0010051,-0.0002311,-0.0082326,0.0,-0.0022037,-0.0038301,0.0054864999999999,-0.0082413,-7.290000000000074e-05,-0.0040759999999999,0.0,-0.0057445,0.0965424,-0.0578228
04_NCL_OsPt_vacuum/,implicit,69,-454.73369,2.18000000000984,0.980199906666667,-0.0009604,-0.0009932,-0.0008211,0.0076682999999999,0.0,0.0053856,0.0141779999999999,0.0111674,-0.0137875,0.0136826999999999,-0.0054219999999999,0.0,0.0083673,-0.0005883999999999,-0.0008308999999999,-0.0002139999999999,0.0005773999999999,0.0,-0.0050438,-0.0042386,-0.0009189999999999,-0.0095926,-0.0106103,0.0085505,0.0,-0.0025439999999999,0.0769305,-0.0509072999999999
04_NCL_OsPt_vacuum/,implicit,70,-454.7436,-23.8599999999565,0.79676674,-0.0005822,-0.0007885,-0.0008017,0.0205258,0.0,0.0017761999999999,-0.0016513999999999,0.0152466999999999,-0.0121686,-0.0040462999999999,-0.0004969,0.0,0.0073333,-0.0005579,-0.0008786999999999,-0.0002047,-0.0103171999999999,0.0,-0.0031630999999999,-0.0038653,0.0049914,-0.0082353999999999,-0.0012058,0.0028548999999999,0.0,-0.0058969999999999,0.0486934,-0.0529579
04_NCL_OsPt_vacuum/,implicit,71,-454.77864,6.54000000002952,0.92074705,-0.0008952,-0.0008205,-0.0006671999999999,0.0029465,0.0,0.0061387,0.0129623999999999,0.0130322,-0.0148713,0.0167252,-0.0006523999999999,0.0,0.0067212,-0.0004648999999999,-0.0012165,-0.0005987,0.0013714999999999,0.0,-0.00655,-0.0022006,-0.0016965999999999,-0.0096952,-0.0116065999999999,0.0093303,0.0,-0.0026217999999999,0.0812393999999999,-0.0518986
04_NCL_OsPt_vacuum/,implicit,72,-454.75771,13.2999999999583,0.871980563333333,-0.000908,-0.0007951,-0.0008757,0.001149,0.0,0.0045609999999999,0.0192815999999999,0.0064075,-0.0096431,0.0131973,0.0074527,0.0,0.0096736999999999,-0.0005478,-0.0010539999999999,-0.0003524999999999,-0.0009589999999999,0.0,-0.0023661,-0.0041787,-0.0011648,-0.0063842,-0.0053545,0.0016772,0.0,-0.004838,0.0990018999999999,-0.0510448
04_NCL_OsPt_vacuum/,implicit,73,-454.85511,-39.4099999999753,0.918844866666667,-0.0018183999999999,-0.0014631,-0.0010860999999999,0.0048443999999999,0.0,0.0205885,-0.0002488999999999,0.0232577999999999,-0.0163353999999999,0.0088778999999999,0.0005848999999999,0.0,0.0047151999999999,-0.0020126,-0.0017228,-0.0005094,0.0010417,0.0,-0.0082954999999999,-0.0103154999999999,-0.0040156,-0.0117813,-0.0116783,0.0033796999999999,0.0,-0.0016939,0.0838335,-0.0952075
04_NCL_OsPt_vacuum/,implicit,74,-454.87949,-30.5200000000241,0.849501533333333,-0.0014486,-0.0016541,-0.0013481,0.0094441,0.0,0.0071623,-0.0054700999999999,0.0109728,-0.0169506,0.0133595,0.0018473999999999,0.0,0.0149106,-0.0013315999999999,-0.0016883999999999,-0.0006862999999999,-0.0045945999999999,0.0,-0.0041604,-0.0066284,0.0027586,-0.016013,-0.007015,0.0011374999999999,0.0,-0.0068563999999999,0.0616501999999999,-0.0901560999999999
04_NCL_OsPt_vacuum/,implicit,75,-454.84148,-22.7199999999925,0.715414876666667,-0.0011123999999999,-0.0014848,-0.0012957,0.0111491,0.0,-0.0013677999999999,-0.0050064999999999,0.0117447,-0.0114429,0.0073888,0.0064455,0.0,0.0114866999999999,-0.0009671999999999,-0.0017727,-0.0010755,-0.0057973,0.0,-0.0037768999999999,-0.0050229,0.0011596999999999,-0.0142694,-0.0051031999999999,0.0009853,0.0,-0.0054512,0.05301,-0.0821822000000001
04_NCL_OsPt_vacuum/,implicit,76,-454.90089,-23.1899999999996,0.936284313333333,-0.0011812,-0.0016508,-0.0009052999999999,0.007497,0.0,0.0061651,-0.0032626999999999,0.0196054999999999,-0.0194099,0.0122183999999999,0.0023261,0.0,0.0049552,-0.001551,-0.0019395,-0.0011091,-0.0011218999999999,0.0,-0.0083145,-0.0059632999999999,-0.0009462999999999,-0.0172232,-0.0110309,0.0063273999999999,0.0,-0.0022030999999999,0.0527145999999999,-0.0901508999999999
04_NCL_OsPt_vacuum/,implicit,77,-454.89405,-22.4499999999921,1.02595256666667,-0.0016427,-0.0017231,-0.0011678999999999,0.0052713,0.0,0.0094817999999999,0.0062366999999999,0.0174293999999999,-0.0177803999999999,0.0149425999999999,-0.0005935999999999,0.0,0.0038812,-0.0016928,-0.0021504999999999,-0.0007999999999999,0.0004196,0.0,-0.0072468,-0.0082134,-0.0042709999999999,-0.0145491,-0.0113263,0.0025348,0.0,-0.000658,0.0686700999999999,-0.0959069
04_NCL_OsPt_vacuum/,implicit,78,-454.70916,26.360000000011,0.732225693333333,-0.0008025999999999,-0.0008470999999999,-0.0004952,-0.002519,0.0,0.0115788,0.0261079,0.0078532,-0.0083414999999999,0.0016435,0.0151263999999999,0.0,0.0088218999999999,-0.000795,-0.0010171999999999,-0.0004305,-0.0042243,0.0,-0.0046043999999999,0.0002493,0.0004627,-0.0103981,-0.0033698999999999,0.0016334,0.0,-0.0064551,0.1162526,-0.0578983999999999
04_NCL_OsPt_vacuum/,implicit,79,-454.71135,17.9200000000037,0.5979693,-0.0004371,-0.0008002999999999,-0.0005951999999999,-0.0026605999999999,0.0,0.0040655999999999,0.0208293999999999,0.0056362999999999,-0.0101874,0.0025264999999999,0.0159507999999999,0.0,0.0165397,-0.0006044,-0.0007904,-0.0003880999999999,-0.0040208999999999,0.0,-0.0013883,0.0028274,0.0062947,-0.0106936999999999,-0.00324,-0.0039801,0.0,-0.0113321,0.1017354999999999,-0.054632
04_NCL_OsPt_vacuum/,implicit,80,-454.67829,-1.03999999998905,0.907854713333333,-0.0003457,-0.0007812999999999,-0.0001203999999999,0.0051796,0.0,0.0072342,0.0133816,0.0169329999999999,-0.0133309,0.0034777999999999,-0.0023297,0.0,0.0027994,-0.0008013,-0.0014284999999999,-0.0004236999999999,-0.0017735999999999,0.0,-0.0077951,-0.0014720999999999,-0.0032683999999999,-0.0099213999999999,-0.0070271,0.010021,0.0,-0.0009972999999999,0.0641952,-0.0497748
04_NCL_OsPt_vacuum/,implicit,81,-454.70039,-1.21999999998934,0.9431139,-0.0001914,-0.0008679999999999,-0.0006592999999999,0.0136793,0.0,0.0069578999999999,0.0150604,0.005641,-0.0153113,-0.0016188999999999,0.0067424999999999,0.0,0.0028596999999999,-0.0006136999999999,-0.0010584,-0.0002523999999999,-0.0099678,0.0,-0.0056941999999999,-0.0006253,0.0083029999999999,-0.0111337,0.0001299999999999,-0.0011383999999999,0.0,-0.0039675,0.0645836,-0.0520365999999999
04_NCL_OsPt_vacuum/,implicit,82,-454.69267,3.96999999998116,1.00394738333333,-0.0001695,-0.0008012,-0.0004996,0.0084865999999999,0.0,0.0115466,0.0113917,-0.0025881,-0.0108837999999999,0.0012069999999999,0.0236185,0.0,-0.0026334,-0.0005389,-0.0010466999999999,-0.0006374999999999,-0.0101243,0.0,-0.0054338,-0.0006699,0.0072592999999999,-0.0101383,0.0019867999999999,-0.0031396999999999,0.0,-0.0053171999999999,0.0773493,-0.0556001999999999
04_NCL_OsPt_vacuum/,implicit,83,-454.44618,-27.1299999999997,1.01606949666667,-0.0005578999999999,-0.0009306,0.0001294,-0.0042349999999999,0.0,0.0095329,0.0348653,0.0129419,-0.0193192,-0.0045656999999999,0.0100598,0.0,-0.0097606,-0.0009571999999999,-0.0020724,-0.0006145,-0.0028450999999999,0.0,-0.006675,-0.0047368,-0.0087174,-0.0113349999999999,-0.0032585,0.010614,0.0,-0.0034003,0.0563206,-0.0679966
04_NCL_OsPt_vacuum/,implicit,84,-454.46495,-33.4799999999973,1.04816654,-0.0009987,-0.001697,-0.0013536999999999,-0.0049653999999999,0.0,0.0025424999999999,0.0331955,-0.0034761999999999,-0.0252358,0.0039461,0.0075859,0.0,0.0131005,-0.000733,-0.0029007,-0.0009819,-0.0030724999999999,0.0,-0.0017515,-0.0064268,0.0058765,-0.0163181,-0.0014108999999999,-0.007177,0.0,-0.0059693,0.0452871999999999,-0.0817302999999999
04_NCL_OsPt_vacuum/,implicit,85,-454.57556,16.2500000000136,1.06536672666667,-0.0008143999999999,-0.0010521999999999,-0.0006104999999999,-0.0026101,0.0,0.0038355999999999,0.0342623,0.0173793999999999,-0.0149784,0.0087852,0.0048451999999999,0.0,0.005122,-0.0009052,-0.0015249,-0.0001795999999999,9.45999999999985e-05,0.0,-0.0040636,0.0015577999999999,-0.0078096999999999,-0.0110437,-0.008067,0.0064168,0.0,-0.0056520999999999,0.1083284999999999,-0.0623529999999999
04_NCL_OsPt_vacuum/,implicit,86,-454.43914,-17.8599999999847,1.16439579,-0.0007947,-0.0016499,-0.0008447,0.008595,0.0,0.0079672,0.0152004,0.0107027,-0.0252555999999999,-0.0003329,0.0105222,0.0,-0.0002839,-0.0009390999999999,-0.0028072,-0.0008362999999999,-0.0075578,0.0,-0.0069364,0.0008194999999999,0.0003328999999999,-0.0184942,-0.0018220999999999,0.0009954,0.0,-0.0022357999999999,0.0476518,-0.0789623999999999
04_NCL_OsPt_vacuum/,implicit,87,-454.45585,9.050000000002,0.86853154,-0.0004808,-0.0004539,0.0002510999999999,-0.0044956,0.0,0.01452,0.0132439999999999,0.0124738,-0.0073194,-0.0026780999999999,0.0038727,0.0,-0.0030564,-0.0006268,-0.0006602999999999,-0.0001948,0.0008357999999999,0.0,-0.0075381999999999,0.0051326,-0.0096177,-0.0047949,-0.0037865999999999,0.0093323999999999,0.0,-0.0011377,0.0517544,-0.0261124
04_NCL_OsPt_vacuum/,implicit,88,-454.38813,-20.780000000002,1.0100301,-0.0012544,-0.0016297999999999,-0.0013083999999999,0.0043808,0.0,-0.0053292999999999,0.0335404,0.0180158,-0.0197034,0.00919,-0.0171462999999999,0.0,0.0079741,-0.0009885999999999,-0.0027388,-0.0003195999999999,0.0038654999999999,0.0,-0.0040316999999999,-0.0068464,-0.0071859999999999,-0.0127531,-0.0079489,-0.0026416999999999,0.0,0.0035805999999999,0.0534586,-0.0760170999999999
04_NCL_OsPt_vacuum/,implicit,89,-454.38657,-6.91000000000486,1.06383351,4.099999999999937e-06,-0.0009453999999999,-0.0005645999999999,-0.0051523999999999,0.0,-0.0053341,0.0440994,0.0067515,-0.0170688,-0.0029066999999999,0.0188671999999999,0.0,0.0109117,-0.0002716,-0.0017518999999999,-0.0009404,-0.0024565999999999,0.0,-0.0002318999999999,0.0019395,0.0092438,-0.0102519999999999,-0.0041524,-0.0109946999999999,0.0,-0.007604,0.0973239,-0.0549441
04_NCL_OsPt_vacuum/,implicit,90,-454.41533,-21.7499999999973,1.05420327333333,-0.0010369,-0.0018465,-0.0009919,-0.0051941,0.0,0.0005853,0.0447653,0.0029867999999999,-0.0273027,0.0024752,0.0060059,0.0,0.0066687999999999,-0.0008079,-0.003111,-0.0007928999999999,-0.0010824,0.0,-0.0009895999999999,-0.0036361999999999,0.000467,-0.0196927,-0.0039891,-9.469999999999618e-05,0.0,-0.0061841999999999,0.0542306,-0.0798273999999999
04_NCL_OsPt_vacuum/,implicit,91,-454.40046,1.35999999997694,1.05190701333333,-0.0001682,-0.0003426,0.0005120999999999,-0.0080904,0.0,-0.0068339,0.0282236,0.0174972,-0.0093623,0.0095511,0.0030427,0.0,-0.0034813999999999,-0.0008067999999999,-0.0009053,-0.0001082,0.0009712999999999,0.0,0.0007832,0.0016054,-0.0128298999999999,-0.0058186,-0.0084357999999999,0.0109679999999999,0.0,-0.0064680999999999,0.0610958,-0.0420895999999999
04_NCL_OsPt_vacuum/,implicit,92,-454.42707,17.6999999999907,0.718546206666667,-0.0014866999999999,-0.0011180999999999,-0.0009995,0.0067114,0.0,0.0172566,0.0320743999999999,0.0150392,-0.0150977999999999,0.0024427,-0.001893,0.0,0.0072545,-4.409999999999831e-05,-0.0007186999999999,-0.0001757,0.0008423,0.0,-0.0074509,-0.0026598,-0.0067905,-0.0097836999999999,-0.0050227999999999,0.0001683999999999,0.0,-0.0002383,0.1203670999999999,-0.0637478999999999
04_NCL_OsPt_vacuum/,implicit,93,-454.25065,45.7600000000298,0.90659932,-0.0013436999999999,-0.002345,-0.0013856999999999,0.0043979999999999,0.0,0.0085193,0.0244290999999999,0.002159,-0.0183624,-0.0012374999999999,-0.0005576999999999,0.0,0.0016265999999999,-0.0007018,-0.0013784,-0.0007239,-0.0001815999999999,0.0,-0.0075488,-0.0059878999999999,0.0038338999999999,-0.0180233,-0.0052016,0.0015193,0.0,-0.0013775999999999,0.0318004,-0.0715436999999999
04_NCL_OsPt_vacuum/,implicit,94,-454.28385,-9.30000000005293,1.07419412333333,-0.0015967,-0.0020235,-0.0010749,0.0013687,0.0,0.0034353999999999,0.03081,0.0161745,-0.0223142,0.0148739999999999,0.0014298999999999,0.0,0.0015946999999999,-0.0004298,-0.0010349999999999,-0.0001231,-0.0004105,0.0,-0.0037634,-0.0034515,-0.0081243999999999,-0.0191357999999999,-0.0099007,0.0102322,0.0,-0.0034197999999999,0.0853557999999999,-0.0791237
04_NCL_OsPt_vacuum/,implicit,95,-454.24725,-3.28999999999269,0.905852146666667,-0.0011339999999999,-0.0017235,-0.0013246,0.0098609,0.0,-0.0043766,0.0238321999999999,0.0124362999999999,-0.0162940999999999,0.0093587,0.0086668999999999,0.0,0.0040596999999999,-0.0002937999999999,-0.0009962,-0.000399,-0.0041672,0.0,-0.0017019,-0.0026429999999999,0.0018621,-0.0150723,-0.0074409,-0.0007754999999999,0.0,-0.0042308,0.0867238999999999,-0.0717170999999999
04_NCL_OsPt_vacuum/,implicit,96,-454.31389,11.5499999999997,1.02347925333333,-0.001533,-0.0013777,-0.0006841,0.0006735,0.0,0.0065748999999999,0.0340718,0.0091276,-0.0172991,0.021604,0.0012672999999999,0.0,0.0017761,-0.0002366999999999,-0.0005780999999999,-7.439999999999877e-05,0.0006954999999999,0.0,-0.0036053999999999,-0.0022578,-0.0083560999999999,-0.0118584,-0.0081897999999999,0.008936,0.0,-0.0008969999999999,0.108402,-0.0528446999999999
05_NCL_OsPd_Ir/,implicit,1,-429.64027,85.4299999999739,0.464779495333333,0.0004692999999999,0.0003522,-0.0005141,0.0047470999999999,0.0,0.0372644,-0.0182977999999999,0.038377,0.0013386999999999,0.034379,0.0054567999999999,0.0,0.0095931,0.0006529999999999,0.0001579999999999,2.4699999999999896e-05,0.0002640999999999,0.0,-0.003663,-0.0024263999999999,-0.0135436,0.0012842999999999,-0.0036841,0.0004015999999999,0.0,-0.0002898,0.2263311999999999,-0.0416423999999999
05_NCL_OsPd_Ir/,implicit,2,-428.53729,75.2399999999511,1.01603111666667,-5.340000000000032e-05,-0.0001003999999999,-8.630000000000009e-05,0.0155749,0.0,0.0128697,-0.0003118,0.0203440999999999,-0.0083927999999999,0.0102067,0.0189075999999999,0.0,0.0149322999999999,8.450000000000016e-05,5.220000000000008e-05,0.0001292,-0.0018475,0.0,-0.0015334,-0.0021994,-0.0050207,-0.0015847,-0.001016,-0.0046534,0.0,-0.0014973,0.1677809,-0.0381732
05_NCL_OsPd_Ir/,implicit,3,-428.10674,31.9600000000264,0.970528642333333,0.0001664999999999,-0.0005042,-0.0001570999999999,-0.0007588999999999,0.0,0.0109753,0.0155839,0.0333653,-0.0232981,0.0083203999999999,0.0034006999999999,0.0,-0.0016370999999999,-0.0002179,-0.0003582,-0.0001808,-0.0002003999999999,0.0,-0.0016752,-0.000647,-0.0089405,-0.004724,-0.0013344999999999,0.000843,0.0,-9.460000000000002e-05,0.0909132999999999,-0.0350603
05_NCL_OsPd_Ir/,implicit,4,-428.14081,51.9400000000019,0.791280635333333,-8.19000000000002e-05,-0.0002283,0.0001662,0.0017733,0.0,-0.0027917999999999,0.0202510999999999,0.0050357,-0.0164925,0.0015274,0.0333375999999999,0.0,0.0205092999999999,-0.0001245,-0.00026,-7.640000000000012e-05,-0.0010454,0.0,0.0003974,-0.0005938,-7.59e-05,-0.0028032,-0.0003066,-0.0088467,0.0,-0.0027301,0.1260122,-0.0329299999999999
05_NCL_OsPd_Ir/,implicit,5,-428.03355,64.5700000000034,0.830691835666667,-0.0001095,-0.0002112999999999,8.030000000000016e-05,0.0055002,0.0,-0.0027661,0.0276697,0.0024334,-0.0156438,0.0003829,0.0342232,0.0,0.018877,-6.750000000000007e-05,-0.0002770999999999,-0.0001113,-0.0012626999999999,0.0,0.0005276,-0.0006031999999999,0.0003631,-0.0027585999999999,-0.0001654,-0.0081126,0.0,-0.002761,0.1408722,-0.0304577999999999
05_NCL_OsPd_Ir/,implicit,6,-428.19777,53.4699999999475,0.52315726,-0.0001046,-0.0002516,-2.879999999999984e-05,0.0234496999999999,0.0,0.0076279999999999,0.0114727,0.0058869,-0.0125025,-0.0055001,0.0248764,0.0,0.0008990999999999,-8.590000000000008e-05,-0.0001643999999999,3.240000000000014e-05,-0.0027171,0.0,-0.0007933,-0.0007902,-0.0001991,-0.0024206999999999,0.0005132,-0.0074132,0.0,-0.0016232,0.1116502,-0.0313231
05_NCL_OsPd_Ir/,implicit,7,-428.27713,32.8199999999583,1.08913659666667,0.0001442999999999,-0.0005167,-0.0002538999999999,0.0002862,0.0,0.005391,0.0004982,0.0347197,-0.0189320999999999,0.0234825,-0.0007563999999999,0.0,0.0025712999999999,-0.0003086,-0.0002505999999999,-0.0001276999999999,8.140000000000003e-05,0.0,-0.0012902,-0.0015402999999999,-0.0104581,-0.0042984,-0.0030500999999999,0.0017491,0.0,-0.0004829999999999,0.0932682999999999,-0.0399526
05_NCL_OsPd_Ir/,implicit,8,-428.17714,48.6900000000219,0.917377854333333,4.279999999999996e-05,-0.0001865,-7.560000000000032e-05,-0.0020036999999999,0.0,-0.0142934,0.0193186,0.0178499,-0.0126261,0.0114925,0.0113125999999999,0.0,0.0192192999999999,-9.180000000000016e-05,-0.0001839,5.380000000000012e-05,-0.0007427,0.0,0.0003622,-0.0005980999999999,-0.0039386,-0.002169,-0.0012383,-0.0024686,0.0,-0.0020867,0.1001008999999999,-0.0262036
05_NCL_OsPd_Ir/,implicit,9,-427.91871,41.6000000000167,0.904727676666667,-0.0001096,-0.0004391999999999,0.0001454,0.0091663,0.0,-0.0015682999999999,0.0280505999999999,0.0074188999999999,-0.0217867,0.0026045999999999,0.0316839,0.0,-0.0010692,-9.040000000000004e-05,-0.0003373,-0.0003229,-0.0019046,0.0,-0.0007096,-0.0009402999999999,-0.0008409,-0.0041382,-0.0003155,-0.0076737,0.0,-0.0011371999999999,0.1081931,-0.0368216
05_NCL_OsPd_Ir/,implicit,10,-428.09678,74.1199999999935,0.702001545333333,-8.599999999999927e-05,-0.0001313999999999,0.0001009999999999,0.0198019,0.0,0.0098129,0.0280630999999999,0.0086389999999999,-0.0139033,0.0009586999999999,0.0295932,0.0,-0.0004424999999999,0.0001015999999999,1.11e-05,-2.4300000000000103e-05,-0.0017725,0.0,-0.0010633,-0.0003579,-0.0016697,-0.0024357999999999,0.0001841999999999,-0.0062106999999999,0.0,-0.00057,0.1648130999999999,-0.0276145
05_NCL_OsPd_Ir/,implicit,11,-427.93249,64.0399999999772,1.28837411,-4.540000000000013e-05,-0.0005339999999999,-0.000107,-0.0003456,0.0,0.0049966,0.020737,0.0280291,-0.0181729,0.0162194,0.0128539999999999,0.0,0.0094939999999999,-1.6399999999999965e-05,-4.0800000000000016e-05,-5.739999999999999e-05,-0.0003130999999999,0.0,-0.0007386,-0.0010428,-0.0068067,-0.0040369,-0.0023933,-0.002393,0.0,-0.0008849,0.1462506999999999,-0.0374478
05_NCL_OsPd_Ir/,implicit,12,-428.051,62.1600000000058,0.819961153,-9.55000000000001e-05,-0.0002024,0.0001086999999999,0.0103147,0.0,0.0020277999999999,0.0346176999999999,0.0015007999999999,-0.016985,-0.0035931,0.0361045,0.0,0.0074539,-2.22e-05,-0.0002872,-0.0001582,-0.0016224999999999,0.0,-0.0002012,-0.0006376,0.0002002,-0.0029543,0.0002936,-0.0076264,0.0,-0.0016334,0.1425041999999999,-0.0292984999999999
05_NCL_OsPd_Ir/,implicit,13,-427.87814,40.2000000000271,1.13583871,0.0002573,-0.0005192,-0.0001803999999999,-0.0045726999999999,0.0,-0.011066,0.0354103,0.0438878999999999,-0.026814,0.0162189,0.0006342,0.0,0.0023812999999999,-0.0004786,-0.0005013,-0.0001256,0.0001905,0.0,-0.0005127,-0.0002057999999999,-0.0094759,-0.0051295,-0.0019564,0.0011012,0.0,-0.0006584,0.1112748,-0.0355046
05_NCL_OsPd_Ir/,implicit,14,-427.85434,45.1600000000099,1.46481428133333,0.0002380999999999,-0.0005148,-0.0001836999999999,-0.0054947999999999,0.0,-0.0100895999999999,0.0404257,0.0462345,-0.0266497,0.0164758,-0.0003107999999999,0.0,0.0015603,-0.0005519,-0.0004863,-9.679999999999995e-05,0.0002081,0.0,-0.0004473999999999,-0.0003581,-0.0091415,-0.0050427,-0.0022611999999999,0.0010531,0.0,-0.0004487,0.1233820000000001,-0.0351465
05_NCL_OsPd_Ir/,implicit,15,-429.5524,127.830000000017,0.619842496666667,0.0001617,0.0010101999999999,-8.470000000000005e-05,0.0222462,0.0,0.0234716,-0.0044208999999999,0.0244214999999999,0.0047960999999999,0.0173156,0.0214438,0.0,0.0184683,8.780000000000029e-05,0.0001401,0.0002524,-0.001944,0.0,-0.0020445999999999,-0.0029446999999999,-0.0067786999999999,0.0029168,-0.0014661,-0.0059258,0.0,-0.0015441,0.2576586,-0.0385019
05_NCL_OsPd_Ir/,implicit,16,-428.44956,97.4699999999871,1.28276408333333,0.0001562999999999,0.0001759999999999,-0.0002908,0.0069695,0.0,0.0264829,0.0037397999999999,0.0339954,-0.0054777,0.0239125,0.0089419999999999,0.0,0.0058072999999999,-0.0001432,-6.41000000000001e-05,-1.97000000000001e-05,-0.0002612,0.0,-0.0034831,-0.0017103,-0.0088962,-0.0005142,-0.0024051,-0.0013408999999999,0.0,-0.0001883,0.2088262,-0.0380528
05_NCL_OsPd_Ir/,implicit,17,-428.02763,38.0000000000109,1.23640394666667,0.0001413999999999,-0.0006386999999999,-0.0002383999999999,-0.0020155999999999,0.0,0.0063863999999999,0.0095103,0.0353810999999999,-0.0224853,0.0199539,0.0013028,0.0,0.0022342,-0.0004973,-0.0005333,-0.0002252,0.000103,0.0,-0.0013847999999999,-0.0011874999999999,-0.0087857,-0.0048167999999999,-0.002205,0.0014083,0.0,-0.0004221,0.0990641999999999,-0.0370934
05_NCL_OsPd_Ir/,implicit,18,-428.06454,64.7599999999784,0.980002986666667,0.0002491,-0.0004311,-0.0003987999999999,-0.0003874999999999,0.0,0.0158181999999999,0.0158326999999999,0.0418888,-0.0172785,0.0106462999999999,0.0008104,0.0,0.0059011999999999,-0.0008212,-0.0004305999999999,-0.0001221,-0.0001922,0.0,-0.0025367,-0.0004330999999999,-0.0098448,-0.0032659,-0.0017634,0.0012409,0.0,-0.0005831,0.1453011,-0.037505
05_NCL_OsPd_Ir/,implicit,19,-427.95527,76.8699999999853,0.897027701,-0.0001068,-0.0001186999999999,8.13000000000003e-05,0.006555,0.0,-0.0054369,0.0251512,0.0033847999999999,-0.0138791999999999,0.0026258,0.0344533,0.0,0.0271623,-0.0001094,-0.0004619,-0.0003588999999999,-0.0012369999999999,0.0,0.0010309,-0.0004098,6.399999999999939e-06,-0.0023125,-0.0004341999999999,-0.0077575,0.0,-0.0034401,0.1597448,-0.0309679
05_NCL_OsPd_Ir/,implicit,20,-428.11569,74.3299999999749,0.916727741,-0.0001212999999999,2.9799999999999965e-05,9.879999999999958e-05,0.0139803,0.0,-0.0044568,0.0126060999999999,0.0038306,-0.0095472999999999,0.0029478999999999,0.0294514,0.0,0.0279453,-0.0001112999999999,-0.0003206,-0.000306,-0.0017709,0.0,0.0009658,-0.000536,0.0001085999999999,-0.0014084,-0.0003562,-0.0076304,0.0,-0.0034184,0.1535296,-0.0295674
05_NCL_OsPd_Ir/,implicit,21,-428.19117,44.7300000000155,1.16865176333333,2.5400000000000075e-05,-0.0006500999999999,-0.0003224999999999,0.0043625,0.0,0.0225280999999999,-0.0025363,0.0387108,-0.0178872,0.0171426999999999,0.0013548,0.0,0.0033455,-0.0005616999999999,-0.0003786,-0.0001605,-0.0005151,0.0,-0.0025734,-0.0012748,-0.0104637,-0.0042079,-0.0029008,0.0006549,0.0,-0.0003764999999999,0.1321481999999999,-0.0455162
05_NCL_OsPd_Ir/,implicit,22,-428.10252,65.9299999999803,0.684114812,-2.160000000000009e-05,-1.3600000000000764e-05,0.0001031999999999,0.0139108,0.0,0.0069809,0.0184545,0.0081662,-0.0101645,-0.0017463,0.0240515999999999,0.0,0.0100343,-0.0001373,-0.0003717,-0.0002518999999999,-0.0018192,0.0,-0.0007227,-0.0004162,-0.0012374,-0.0014488,0.0001836,-0.0056263,0.0,-0.0013571,0.1395116,-0.0264104
05_NCL_OsPd_Ir/,implicit,23,-427.83871,58.179999999993,1.28387997333333,-0.0002420999999999,-0.0004063999999999,0.0002449,0.0014454999999999,0.0,-0.0032896,0.0230726,0.0029489,-0.0200228,0.0044195999999999,0.0422269,0.0,0.021001,-0.0001609999999999,-0.0005815,-0.0007518,-0.001434,0.0,0.000393,-0.0006253999999999,0.0004133999999999,-0.0036943,-0.0006580999999999,-0.0098687999999999,0.0,-0.0027216,0.1427965999999999,-0.0393806
05_NCL_OsPd_Ir/,implicit,24,-428.01998,90.8799999999701,0.929685405333333,-5.970000000000107e-05,1.6599999999999428e-05,4.4900000000000495e-05,0.0176299999999999,0.0,0.0144572,0.0238302,0.0157541,-0.0114559,0.0063478999999999,0.0238172,0.0,0.0028427,1.020000000000014e-05,-8.529999999999996e-05,-0.0001637,-0.0015714,0.0,-0.0015746,-0.0003598999999999,-0.0032972,-0.0017606,-0.0002383999999999,-0.00486,0.0,-0.0004569999999999,0.1864506,-0.0287159
05_NCL_OsPd_Ir/,implicit,25,-427.84992,71.5000000000146,1.36103232333333,-0.0004261,-0.0004453,0.0002108,0.0274003,0.0,0.0033288,0.0181175,0.0006054999999999,-0.0144995,0.0020741999999999,0.0416311,0.0,0.0113628999999999,-8.000000000000194e-07,-0.0001334,-0.0003982,-0.0026705,0.0,-0.0004634,-0.000765,0.0007511999999999,-0.0029833,0.0001387,-0.0102043999999999,0.0,-0.0019202,0.1787206,-0.037299
05_NCL_OsPd_Ir/,implicit,26,-427.97631,74.4199999999751,0.855765034333333,3.0200000000000192e-05,-0.0001504,-2.760000000000002e-05,0.0107278,0.0,0.0155118999999999,0.0315897,0.0216103999999999,-0.0157125,-0.0025319999999999,0.0173754,0.0,0.0021626999999999,-0.0003465,-0.0004848999999999,-0.0001568999999999,-0.0013874999999999,0.0,-0.001947,-0.0004889999999999,-0.0040635,-0.0026792999999999,-1.5299999999999992e-05,-0.0034885,0.0,-0.0003306999999999,0.1611712,-0.0307784999999999
05_NCL_OsPd_Ir/,implicit,27,-427.80122,48.0699999999956,1.214636396,-0.0002229,-0.0005901999999999,0.0002221,-0.0006167,0.0,-0.0044361,0.0262772999999999,0.0020882,-0.0248083999999999,0.0016135999999999,0.0416911,0.0,0.0197345,-0.0001996999999999,-0.0007082,-0.0007017,-0.0008323,0.0,0.0003332,-0.0002460999999999,0.0007673,-0.0049136,-0.000508,-0.0092335,0.0,-0.0023807,0.1219053,-0.0372465
05_NCL_OsPd_Ir/,implicit,28,-427.77702,51.6900000000078,1.50273813166667,0.0002173,-0.0005882999999999,-0.000212,-0.001316,0.0,0.0111554,0.0345588999999999,0.0449435,-0.0245809,0.0041777,-0.0004897999999999,0.0,-0.0015247,-0.0008396,-0.0007028,-7.939999999999987e-05,-0.0001173999999999,0.0,-0.0017051,-0.0001403,-0.0090037,-0.0048273,-0.0015581999999999,0.0008619,0.0,-0.0001051999999999,0.1326826999999999,-0.0364341
05_NCL_OsPd_Ir/,implicit,29,-429.57673,50.6899999999746,0.333128503333333,0.0004018999999999,5.4200000000000775e-05,-0.0004090999999999,0.0075823,0.0,0.0336721,-0.0282438999999999,0.0343683,-0.0001681,0.0306444,0.0048508999999999,0.0,0.0117992,0.0008901,0.0001137,8.099999999999991e-05,-1.029999999999998e-05,0.0,-0.0032708,-0.0015796,-0.0135748,2.71999999999998e-05,-0.0032866,0.0004843,0.0,-0.0005834999999999,0.1891044,-0.0414188
05_NCL_OsPd_Ir/,implicit,30,-428.47689,61.5999999999985,0.945114080666667,-0.0001951,-0.000226,0.0001548,0.0209969999999999,0.0,0.0034153999999999,-0.0002199999999999,0.0030272999999999,-0.0100251999999999,0.0023491,0.0337043999999999,0.0,0.0165278,-3.1099999999999834e-05,0.0001007,0.0003641,-0.0029690999999999,0.0,-0.0001477999999999,-0.0019989,0.0005709,-0.002368,1.929999999999998e-05,-0.0101768,0.0,-0.0025126,0.1390192,-0.0382984999999999
05_NCL_OsPd_Ir/,implicit,31,-428.05221,3.57999999999947,0.983986685333333,1.1300000000000546e-05,-0.0004077,0.0001803999999999,0.0045556999999999,0.0,-0.0066564999999999,0.0152834,0.0108902999999999,-0.0234207,0.0010194,0.0139134,0.0,0.003299,-5.78e-05,-0.0002289999999999,5.319999999999999e-05,-0.0014868999999999,0.0,-2.8299999999999983e-05,-0.0010295999999999,-0.0014449,-0.0046228,-0.000551,-0.0054504,0.0,-0.0013823,0.0373362999999999,-0.0324596
05_NCL_OsPd_Ir/,implicit,32,-428.08532,39.4100000000321,0.683223683333333,0.0002019999999999,-0.0003679999999999,-0.0002055999999999,-0.0049594999999999,0.0,0.0027054,0.0254185,0.0330068,-0.0204852,0.0036892999999999,0.0013572,0.0,0.0073167,-0.0002459,-0.0001117,-0.0001077,-9.289999999999991e-05,0.0,-0.0016405,-0.0001873999999999,-0.0080779,-0.003976,-0.0014179,0.0018974,0.0,-0.0010479,0.0953553,-0.030017
05_NCL_OsPd_Ir/,implicit,33,-427.97749,56.3000000000216,0.559407567333333,9.200000000000008e-06,-0.0004596,-0.0001984999999999,0.0004375999999999,0.0,-0.0062518999999999,0.0343537,0.0201629,-0.0199857,0.0106392,0.0136265,0.0,0.0026248,-0.0001364,-8.7e-05,5.319999999999999e-05,-0.0008468999999999,0.0,-0.0013263,-0.0004581999999999,-0.0039663,-0.0043660999999999,-0.0012523999999999,-0.0026334999999999,0.0,-0.0012514,0.1099160999999999,-0.0325429
05_NCL_OsPd_Ir/,implicit,34,-428.13914,47.0599999999877,1.05366312333333,-3.33e-05,-0.0001291999999999,9.449999999999997e-05,0.0090761,0.0,-0.0013601999999999,0.0124690999999999,0.0077469,-0.0112939999999999,-0.0005330999999999,0.0191165,0.0,0.0173931,-7.290000000000009e-05,-6.659999999999994e-05,0.0001513,-0.0017364,0.0,0.0002946,-0.0008058,-0.0005349999999999,-0.0020453999999999,-0.0001214999999999,-0.0070974,0.0,-0.0025088,0.1050929999999999,-0.0290877
05_NCL_OsPd_Ir/,implicit,35,-428.21423,24.2700000000013,0.914847883333333,0.0001553999999999,-0.0004431,-0.0002030999999999,0.0002992999999999,0.0,0.0163571,0.0066956,0.0338920999999999,-0.0204306,0.0086517,-0.0016918999999999,0.0,-0.0015507,-0.0001628999999999,-0.0001587999999999,-0.0001225,-0.0001027999999999,0.0,-0.0018660999999999,-0.000896,-0.0103505,-0.0046026999999999,-0.0024694,0.0025109,0.0,4.72999999999999e-05,0.0834633,-0.036347
05_NCL_OsPd_Ir/,implicit,36,-428.12379,38.3999999999673,0.374694898666667,-4.740000000000039e-05,-0.000192,2.3500000000000083e-05,0.0086474999999999,0.0,0.0049306,0.0220342,0.0036467999999999,-0.0128268,0.0015519,0.0198296,0.0,-0.0086822,1.0500000000000093e-05,-5.3099999999999935e-05,0.0001483999999999,-0.0015266,0.0,-0.0010903,-0.0005628,0.0003217,-0.0023296,-6.619999999999998e-05,-0.0055810999999999,0.0,-0.0007053,0.0778312999999999,-0.0228688
05_NCL_OsPd_Ir/,implicit,37,-427.86234,31.0499999999934,1.22264697866667,-3.4900000000000035e-05,-0.0003476999999999,0.0001592999999999,0.0055593999999999,0.0,-0.0052305999999999,0.0310528,0.0086163999999999,-0.0216583999999999,0.0028473,0.0261548,0.0,-0.0035691,-5.36e-05,-0.0001788999999999,-0.0001116999999999,-0.0017521999999999,0.0,-0.0005804,-0.00098,-0.0009168999999999,-0.0040176,-0.0003068999999999,-0.0067491999999999,0.0,-0.0010305,0.0870987999999999,-0.0333557
05_NCL_OsPd_Ir/,implicit,38,-428.04068,60.7099999999718,0.8756336,-0.0001444,-0.0002552,0.0001448999999999,0.0216133,0.0,0.002545,0.029001,0.0006117,-0.0155246999999999,-0.0037909,0.0359641,0.0,-0.0035246999999999,4.450000000000005e-05,6.990000000000002e-05,0.0001874999999999,-0.0019203,0.0,-0.0003028999999999,-0.0004786,0.0005379,-0.0030565,0.0003765,-0.008079,0.0,-0.00106,0.1332805,-0.0273621999999999
05_NCL_OsPd_Ir/,implicit,39,-427.87074,42.9500000000189,1.20684296666667,-0.0002358999999999,-0.0004822999999999,0.0002023,0.0205515,0.0,0.0020841,0.0237223,0.0005966,-0.018344,-0.0019161,0.0358559,0.0,-0.0020881,-8.900000000000054e-06,2.059999999999996e-05,7.700000000000025e-06,-0.0020411,0.0,-0.0002611,-0.0005542,0.0011569,-0.0042653,-8.589999999999997e-05,-0.0090965,0.0,-0.0013681,0.1198924,-0.032992
05_NCL_OsPd_Ir/,implicit,40,-427.99735,52.7399999999716,0.751462767,-9.30000000000002e-05,-0.0002392,0.0001294,-0.0097956999999999,0.0,-0.0044231999999999,0.0414699999999999,0.0011401,-0.0187276,0.0028573,0.0364396,0.0,0.0163977,-4.7599999999999856e-05,-0.0001581,-1.0700000000000206e-05,-0.0005737,0.0,0.0004978,-0.0002851999999999,0.0004734999999999,-0.0033776,-0.0005209,-0.007642,0.0,-0.0021483,0.1303109999999999,-0.0275858999999999
05_NCL_OsPd_Ir/,implicit,41,-427.82267,20.150000000001,1.21799580833333,2.8000000000000247e-05,-0.0004158,0.0001914,0.0082167,0.0,-0.0059495,0.0353446,0.0133004999999999,-0.0260370999999999,-0.0014523,0.0178861999999999,0.0,-0.0073779,-0.0001134,-0.0002969999999999,-3.63999999999998e-05,-0.0015895,0.0,-0.0003658999999999,-0.0004276,-0.001638,-0.0048943,-0.0004223,-0.0050588,0.0,-0.0005881,0.0674694,-0.0308624999999999
05_NCL_OsPd_Ir/,implicit,42,-427.79959,33.2500000000095,1.41994302033333,-9.30000000000002e-05,-0.0004347,0.0001799999999999,0.0143329,0.0,0.0003413999999999,0.0486497999999999,0.0036594999999999,-0.0259037,-0.007483,0.0333761,0.0,-0.0179097,-6.47e-05,-0.0002775,-0.0001652,-0.0019984,0.0,-0.0004381,-0.0001827,0.0005979,-0.0048475,5.3099999999999935e-05,-0.0071374,0.0,-5.009999999999997e-05,0.0974310999999999,-0.0290215
05_NCL_OsPd_Ir/,implicit,43,-429.57106,78.6899999999946,0.567731003333333,0.0003047999999999,0.0001742,-2.8999999999999512e-05,-0.0013583999999999,0.0,0.029519,-0.0091553,0.0463348,-0.0002519,0.0278302,0.0050212,0.0,0.008105,0.0005590999999999,0.0001528,0.0001359,0.0011324,0.0,-0.0035415,-0.0025772,-0.0119604,0.0016243,-0.004125,-0.0003007,0.0,-0.0008462999999999,0.2129893,-0.0394925
05_NCL_OsPd_Ir/,implicit,44,-429.60421,76.1400000000094,0.499744328,-0.0002472999999999,0.0002551,0.0004220999999999,0.0292331999999999,0.0,0.0040827,-0.0111115999999999,0.0098019999999999,-0.0010949999999999,0.0064733999999999,0.0412732999999999,0.0,0.0309243999999999,-1.000000000002735e-07,0.0001559999999999,0.0007084,-0.0032779999999999,0.0,-4.600000000000003e-06,-0.0019392,-0.000703,0.0014058999999999,-4.29e-05,-0.0130073,0.0,-0.0039648,0.2200245,-0.0413393
05_NCL_OsPd_Ir/,implicit,45,-429.55566,74.739999999963,0.536937573333333,-3.1200000000000325e-05,0.0001172,0.0001715999999999,0.029034,0.0,0.0033874999999999,-0.0042632999999999,0.0117107999999999,-0.0023304,0.0055920999999999,0.0405738,0.0,0.0223041,1.090000000000032e-05,0.0001741,0.0005402,-0.0028694,0.0,-2.41e-05,-0.0023562999999999,-0.0022643999999999,0.0013585999999999,-0.0002940999999999,-0.0119558999999999,0.0,-0.0040614,0.2125323999999999,-0.0434832999999999
05_NCL_OsPd_Ir/,implicit,46,-429.59346,79.9400000000219,0.527557286666667,0.0004729999999999,0.0001377,-0.0005830999999999,0.0040400999999999,0.0,0.0327756,-0.0094176999999999,0.0430512,-0.0017652999999999,0.0267431,0.0069772999999999,0.0,0.0055814999999999,0.0004140999999999,0.0001547,6.599999999999835e-06,-9.30000000000001e-06,0.0,-0.003665,-0.0023198,-0.0136793,0.0010466,-0.0036209,0.0003821,0.0,5.730000000000001e-05,0.2160268,-0.0424656999999999
05_NCL_OsPd_Ir/,implicit,47,-429.54086,66.5400000000318,0.589187193333333,0.0005508,-0.0001403,-0.000443,0.0008969,0.0,0.0406521,-0.0056409,0.0409576,-0.0065844,0.0213513,0.0097189999999999,0.0,0.0028871999999999,0.0001548999999999,0.0001248,7.599999999999968e-06,-0.0002594,0.0,-0.0036114,-0.0021119999999999,-0.0147697,0.0008606,-0.0040478,0.0002421999999999,0.0,-9.500000000000014e-06,0.2084131,-0.0468395
05_NCL_OsPd_Ir/,implicit,48,-428.47416,68.3300000000031,0.825260913333333,0.0003957,-0.0001399999999999,-0.0002067,0.0027715999999999,0.0,0.0284137,0.0009591,0.0419957,-0.0059995,0.0157327,0.0019465999999999,0.0,0.0010399,-0.000132,9.00000000000011e-06,8.100000000000034e-06,-0.0001428999999999,0.0,-0.0033292,-0.0014894,-0.0121421,-0.0007665999999999,-0.0033372,-4.23e-05,0.0,0.0004682,0.1738174,-0.0417931999999999
05_NCL_OsPd_Ir/,implicit,49,-428.49476,77.1500000000174,0.845021654666667,-5.659999999999953e-05,1.2200000000000403e-05,-1.6399999999999748e-05,0.0168022,0.0,0.0133385999999999,0.0028592,0.0125585,-0.0053717999999999,0.0072959,0.0221631,0.0,0.0138464999999999,6.459999999999994e-05,5.849999999999996e-05,0.000144,-0.0023325,0.0,-0.0012848,-0.0020172,-0.0040277,-0.0004851999999999,-0.0003663,-0.0054712,0.0,-0.0013151,0.1668627999999999,-0.0340661
05_NCL_OsPd_Ir/,implicit,50,-428.46893,40.4599999999959,0.89584624,-6.489999999999968e-05,-4.890000000000016e-05,-0.0001860999999999,0.0128307999999999,0.0,0.0143275,0.0002689,0.0229314,0.0005166,0.0137637,0.0167939,0.0,0.0083407,6.790000000000008e-05,-3.799999999999984e-06,4.579999999999992e-05,-0.0012947,0.0,-0.001516,-6.299999999999969e-05,-0.0035483,8.23e-05,-0.0008874,-0.0034433,0.0,-0.0010961,0.1789469999999999,-0.0233130999999999
05_NCL_OsPd_Ir/,implicit,51,-428.50786,73.4299999999735,1.12723978866667,-0.0002865999999999,-0.0002237999999999,0.0002532999999999,0.0151469,0.0,0.0001258999999999,0.0012218999999999,0.0030519999999999,-0.0090196,0.0081843999999999,0.0425650999999999,0.0,0.0261329,-5.660000000000018e-05,9.89999999999997e-06,-1.810000000000006e-05,-0.0031983,0.0,0.0004607,-0.0015137999999999,0.0001992,-0.00167,-0.0006173,-0.0107346,0.0,-0.0031828,0.1743044999999999,-0.0406431999999999
05_NCL_OsPd_Ir/,implicit,52,-428.49997,71.420000000046,0.990841201,7.129999999999984e-05,-0.0003652,-0.0004066,0.0046198,0.0,0.023816,-0.0041686999999999,0.0421963999999999,-0.0073251,0.0099814,0.0056020999999999,0.0,0.0042566999999999,-5.170000000000001e-05,-4.150000000000009e-05,-0.0001865,-0.0009352,0.0,-0.0033168,-0.0022729999999999,-0.0098125,-0.0022744999999999,-0.0029576,-0.0004431,0.0,-0.0001,0.1565559,-0.0447848
05_NCL_OsPd_Ir/,implicit,53,-428.06496,-12.6000000000204,0.527804931766667,0.0004155,-5.909999999999943e-05,0.0004216999999999,0.0055453999999999,0.0,0.0033774,-0.0206134,-0.0058129999999999,-0.0149845,0.0097347999999999,0.0003946999999999,0.0,0.0045603,1.3500000000000055e-05,0.0003766,3.3799999999999846e-05,-0.0006316,0.0,-0.0007507,0.0053881,-3.189999999999964e-05,0.0013283,2.550000000000013e-05,0.0003314,0.0,-8.070000000000017e-05,-0.0340402999999999,0.0120043999999999
05_NCL_OsPd_Ir/,implicit,54,-428.10209,-11.3900000000058,0.358485859533333,0.0004558,-0.0001242999999999,0.0002617,0.0041429999999999,0.0,0.0083626,-0.0174774,0.0018808999999999,-0.0157308,0.0036529,-0.0102329999999999,0.0,0.0114471999999999,-0.0002604,0.0002785999999999,3.500000000000031e-06,-0.0007769,0.0,-0.0005945,0.0045759,0.0014817,0.0011254,-0.0004662,-0.0012457,0.0,0.0002648,-0.0267231,0.0087724
05_NCL_OsPd_Ir/,implicit,55,-427.82389,48.4400000000278,1.04682913466667,0.0002718,-0.0003742,-0.000128,-0.0043255999999999,0.0,-0.0001210999999999,0.0317256999999999,0.0358021,-0.0152214,0.0128308,0.0014707999999999,0.0,0.0001079999999999,-0.0005631,-0.0005246999999999,-8.909999999999994e-05,0.0001625,0.0,-0.0015931,-0.0014583,-0.0073458,-0.0039463,-0.001916,0.0006597,0.0,-0.0002656999999999,0.1240778999999999,-0.0337599
05_NCL_OsPd_Ir/,implicit,56,-428.0635,30.5000000000177,0.85181914,-9.620000000000028e-05,-0.000268,0.0001667999999999,0.0177514,0.0,0.0046006999999999,-0.009152,-0.0012879999999999,3.720000000000112e-05,-0.000802,0.0275042,0.0,-0.0005335999999999,-4.000000000000097e-06,-8.850000000000004e-05,-0.0007768,-0.001526,0.0,-0.0005446,1.1599999999999631e-05,-0.0020053,0.0011273,-0.000276,-0.0051129999999999,0.0,-0.0024163,0.0758408999999999,-0.0232230999999999
05_NCL_OsPd_Ir/,implicit,57,-428.0789,48.3199999999897,1.14850723233333,0.0001200999999999,-0.000186,8.539999999999937e-05,0.0140298,0.0,0.0055431999999999,0.0113308999999999,0.0242571,-0.0121628,-0.0072598,0.0266459,0.0,-0.0057966,-2.539999999999986e-05,-0.0001262999999999,-0.0004162,-0.0013901999999999,0.0,-0.001514,-0.0012764,-0.0022238,0.0003736,-0.0010238,-0.0045918,0.0,-0.0016072,0.1132142999999999,-0.0276435
05_NCL_OsPd_Ir/,implicit,58,-428.11925,45.2300000000037,1.19821167266667,9.710000000000014e-05,-0.0001800999999999,0.0001445,-0.0073104999999999,0.0,0.0019550999999999,0.0099130999999999,0.0176011999999999,-0.0118718,0.0056381,0.0219869,0.0,0.0037522,-0.0002596,-0.0002284,-7.58e-05,-0.0009283,0.0,-0.0008998,-0.0012246999999999,-0.0046730999999999,-0.001188,-0.0005512,-0.0028504,0.0,-0.0020314,0.0834515,-0.0298213
05_NCL_OsPd_Ir/,implicit,59,-428.1185,42.410000000018,1.11568187433333,5.889999999999975e-05,-0.0003383,-5.400000000000023e-06,0.0088601,0.0,0.0018374999999999,0.0135277999999999,0.0186211999999999,-0.0147635,0.0074851999999999,0.0182656,0.0,0.0022211,-0.0003064999999999,-0.0002473,-0.0001882999999999,-0.0013415999999999,0.0,-0.0010261,-0.0012496,-0.0055868,-0.0030548,-0.0006683,-0.0026978,0.0,-0.0018677,0.1115401,-0.0364692999999999
05_NCL_OsPd_Ir/,implicit,60,-428.10231,37.0100000000093,0.599763069,0.0001993999999999,-0.0002799,-0.0001405999999999,0.0013179999999999,0.0,0.0175268,0.0150217,0.0277429,-0.0129573,0.0012702999999999,0.0021713,0.0,-0.003573,-0.0003765,-0.0003924999999999,-9.509999999999989e-05,-0.0003056999999999,0.0,-0.0026978,-0.0022304,-0.0083690999999999,-0.0027545,-0.0005137,0.0005715,0.0,0.0002807,0.0965994,-0.0337660999999999
05_NCL_OsPd_Ir/,implicit,61,-428.12922,45.7299999999918,0.735042466666667,7.099999999999988e-05,-0.0002469999999999,2.1500000000000685e-05,0.0027522,0.0,0.010346,0.0202226999999999,0.0196731,-0.0154244999999999,0.0001202,0.014308,0.0,0.0074591,-0.0002871,-0.0003279999999999,-0.0001115,-0.0005223,0.0,-0.0013069,-0.0013489,-0.0050604,-0.0026916,-0.000462,-0.0043395,0.0,-0.0012206,0.118604,-0.0353576
05_NCL_OsPd_Ir/,implicit,62,-428.13861,55.0799999999754,1.17952141066667,0.0002443999999999,-0.0003689,-0.0002125,-0.0007135999999999,0.0,0.0105285999999999,0.0139978,0.0386576999999999,-0.0107185999999999,0.0096166,-0.0019109,0.0,0.0059855,-0.0004992,-0.0002058999999999,-8.949999999999995e-05,0.0002832999999999,0.0,-0.0020559,-0.0009216999999999,-0.0086417,-0.0025839,-0.0018251,0.0009344,0.0,-0.0005695,0.1302121,-0.0323493
05_NCL_OsPd_Ir/,implicit,63,-427.99426,56.790000000035,1.17033588533333,-7.729999999999976e-05,-0.0002152999999999,0.0002276,-0.0037473,0.0,-0.0038699999999999,0.0265853,0.0035076999999999,-0.0149486,0.0020262999999999,0.0397902999999999,0.0,0.0181115,-9.159999999999984e-05,-0.0003189,-0.0002226999999999,-0.0020929,0.0,0.0005551999999999,-0.002028,0.0001965,-0.0021333,-0.0001248,-0.0067028999999999,0.0,-0.0031625,0.1347800999999999,-0.0322518
05_NCL_OsPd_Ir/,implicit,64,-428.00114,47.7300000000014,0.947896839333333,-0.0001298999999999,-0.0002446999999999,5.66000000000004e-05,0.0100767,0.0,-0.0023651,0.0125225,0.0026885,-0.0102351,-0.0012816,0.0328794,0.0,0.0130968999999999,-0.0001166999999999,-0.0002459,-0.0001394,-0.0017523,0.0,0.0003782,-0.0006665999999999,-0.0003042999999999,-0.0015926999999999,0.0001245,-0.0059012,0.0,-0.0025647,0.1141282999999999,-0.0255623
05_NCL_OsPd_Ir/,implicit,65,-427.98767,50.0499999999988,0.874879414666667,-0.0001111999999999,-0.0004269,-0.0001825999999999,0.0045354,0.0,0.0013771999999999,0.0170977,0.0098764,-0.0111168,0.0105495,0.0217463,0.0,0.003526,-0.0002552999999999,-0.0003011999999999,-0.0001736999999999,-0.0009286,0.0,-0.0010307,-0.0013043,-0.0040786,-0.0035775,-0.0007407,-0.0034043,0.0,-0.0023682,0.1137414999999999,-0.0363263
05_NCL_OsPd_Ir/,implicit,66,-428.02351,61.4099999999667,0.850206479,6.159999999999933e-05,-0.0002562,-7.900000000000008e-05,-0.0011645999999999,0.0,0.0017783,0.0250521999999999,0.0193536,-0.0130998999999999,0.0044279,0.0163919,0.0,0.0152734999999999,-0.0002829,-0.0003237,-4.02e-05,-0.0004088,0.0,-0.0006062,-0.0013981,-0.0038,-0.0028761,-0.0010444,-0.0041325,0.0,-0.002044,0.1354786,-0.0339135999999999
05_NCL_OsPd_Ir/,implicit,67,-428.03929,63.9400000000023,0.818375712,0.0002364999999999,-0.0003524,-0.0002405,0.0008120999999999,0.0,0.0212476,0.0220318,0.0441536,-0.0126193,-0.0026394999999999,-0.0018842,0.0,0.0019497,-0.0006141,-0.0002441999999999,-8.700000000000157e-06,0.0001366999999999,0.0,-0.0028428999999999,-0.0006282,-0.0085294999999999,-0.0024799,-0.0021466999999999,0.0006946,0.0,-0.0002456,0.1453911999999999,-0.0338166
05_NCL_OsPd_Ir/,implicit,68,-428.15136,50.8899999999812,0.997281798666667,-0.0001145,-0.0001702999999999,0.0001133,0.0152537,0.0,0.0052618999999999,0.0118665,0.0030576,-0.0098682,-0.0027935,0.0357349999999999,0.0,-0.0002843999999999,-5.0799999999999934e-05,-0.0002171,-0.0001156999999999,-0.0031839,0.0,-0.0004632,-0.0016505999999999,0.0002976,-0.0020637,0.0003928,-0.0064389,0.0,-0.0021789,0.1161144,-0.0313445
05_NCL_OsPd_Ir/,implicit,69,-428.15644,61.2900000000423,0.582747986666667,-2.799999999999938e-05,-0.0002076999999999,-7.609999999999995e-05,0.0141117,0.0,0.0124484,0.0070353999999999,0.0110584,-0.0070214,0.0036471,0.0177355,0.0,0.0013594,-0.0001451,-0.0001559,-8.000000000000194e-07,-0.0019202,0.0,-0.0017825999999999,-0.0008089999999999,-0.0020633,-0.0022497,-0.0004207,-0.0049964,0.0,-0.0006878,0.1201255,-0.0304629
05_NCL_OsPd_Ir/,implicit,70,-428.14179,68.8900000000103,1.30868946266667,-8.999999999998592e-07,-5.240000000000019e-05,0.0001209,0.0068333,0.0,0.00166,0.0118826,-0.0009004999999999,-0.0037102,0.0042767,0.0329629,0.0,0.0205501,-6.230000000000016e-05,-0.000181,-0.0001075,-0.0012694,0.0,0.0006529,-0.0005292999999999,0.0002823,-0.0012374,-0.0002398,-0.0078743,0.0,-0.0030027,0.1472449,-0.027137
05_NCL_OsPd_Ir/,implicit,71,-428.18467,65.1100000000042,1.23535249333333,0.0002347,-0.0004067,-0.0003997,-0.0024761999999999,0.0,0.0026387,0.0137379999999999,0.0417411,-0.0136091999999999,0.0164792,-0.000211,0.0,0.0097632,-0.0004799999999999,-0.0001872,-0.0001112,0.0001258,0.0,-0.0018384999999999,-0.0012267999999999,-0.0100290999999999,-0.0028196999999999,-0.002779,0.0017659,0.0,-0.000958,0.1349838,-0.0370753999999999
05_NCL_OsPd_Ir/,implicit,72,-428.19589,50.7000000000062,1.21342675333333,-8.519999999999969e-05,-0.0002713999999999,0.0001511999999999,0.0166701,0.0,0.0051728999999999,0.0071324,0.0031675,-0.0091434,-0.0034063,0.03585,0.0,0.0004733,-7.999999999999999e-05,-0.00021,-7.82999999999999e-05,-0.0030642,0.0,-0.0005849,-0.0005720999999999,-1.2700000000000038e-05,-0.0017989999999999,0.0004554999999999,-0.0055358,0.0,-0.0021719,0.1114218,-0.0273069999999999
05_NCL_OsPd_Ir/,implicit,73,-428.2465,21.5499999999906,0.907453833333333,-0.0001012,-0.0003059999999999,0.0003649999999999,0.0206851999999999,0.0,0.0016687,-0.0043901,0.0037996,-0.0101045999999999,0.0008015,0.032102,0.0,-0.0009446999999999,-7.649999999999996e-05,-0.0002235,-0.0001307,-0.0033928,0.0,-0.0002201,-0.0013182999999999,-0.0010454,-0.0029519999999999,0.000479,-0.0059379,0.0,-0.0023645,0.0871505999999999,-0.0343655
05_NCL_OsPd_Ir/,implicit,74,-428.25717,20.3999999999951,0.937533561666667,-0.0001216,-0.0004378999999999,0.0001737,0.0224525,0.0,0.0052229,-0.0029792999999999,0.0043266999999999,-0.0126141,-0.0029109,0.0226084999999999,0.0,0.0037294999999999,-0.0001125999999999,-0.0002551999999999,-0.0001038,-0.0030534,0.0,-0.0003055,-0.0012132999999999,-0.0007413999999999,-0.0037742,0.0002893,-0.0078573,0.0,-0.0016627999999999,0.0789,-0.0375806
05_NCL_OsPd_Ir/,implicit,75,-428.23655,35.6700000000387,0.696029543333333,-1.989999999999978e-05,-0.0003617999999999,6.349999999999932e-05,0.0167753,0.0,0.00494,-0.0011600999999999,0.0084575999999999,-0.0083025,0.0035116,0.0212325999999999,0.0,0.0069994999999999,-0.0001478,-0.0002457,-0.0001744999999999,-0.0020211,0.0,-0.0003715,-0.0012382,-0.0026638,-0.0030164,-0.0006904999999999,-0.0070101,0.0,-0.0015176999999999,0.1042714999999999,-0.0381947
05_NCL_OsPd_Ir/,implicit,76,-428.26403,30.7900000000245,1.00831042666667,-9.140000000000016e-05,-0.0003150999999999,0.0003245,0.0217330999999999,0.0,0.0026809,0.0009716999999999,0.0041569999999999,-0.0116513,-0.0012577,0.0306426,0.0,0.0026575999999999,-8.760000000000018e-05,-0.0002106999999999,-0.0001922,-0.0031516,0.0,-0.0001685999999999,-0.0010581,-0.0006444999999999,-0.0028824999999999,0.0002131,-0.0077472,0.0,-0.0021064,0.0997035,-0.0360719
05_NCL_OsPd_Ir/,implicit,77,-428.25325,35.000000000025,1.08168052133333,-9.270000000000023e-05,-0.0002312999999999,0.0004642999999999,0.0184668,0.0,0.0011392999999999,0.0049068,0.0034107999999999,-0.0128364,-0.0005176,0.0429467,0.0,-0.0029099999999999,-5.950000000000009e-05,-0.0002235,-0.0002693,-0.0037227999999999,0.0,-0.0001118999999999,-0.0016084999999999,-0.0006737,-0.0024145,0.0004440999999999,-0.0067799,0.0,-0.0026898,0.1094933,-0.0362182
05_NCL_OsPd_Ir/,implicit,78,-428.17132,59.6299999999701,0.850810936666667,-1.1200000000000272e-05,-4.9699999999999744e-05,0.0001581,0.0042082,0.0,0.0049158999999999,0.0215835,0.0060534,-0.0092533999999999,-0.0006400999999999,0.0293891,0.0,0.0066810999999999,3.0500000000000145e-05,-0.0001398999999999,-8.090000000000007e-05,-0.0019292,0.0,-0.0002795999999999,-0.0013065999999999,-0.0012048,-0.0006757,-4.5200000000000014e-05,-0.0039271,0.0,-0.0016275999999999,0.1260700999999999,-0.0223723
05_NCL_OsPd_Ir/,implicit,79,-428.1831,56.4099999999712,0.75657345,1.1599999999999631e-05,-0.0001505,-9.059999999999972e-05,-0.0005366999999999,0.0,-0.0095693999999999,0.0187236,0.0108358999999999,-0.0076686,0.0120691,0.0132338,0.0,0.0190346,-5.3099999999999935e-05,-0.000157,4.840000000000009e-05,-0.0007308,0.0,0.0005293,-0.0007533,-0.0034679,-0.0014911999999999,-0.0009964,-0.0031843999999999,0.0,-0.0018935999999999,0.1117856999999999,-0.0243002
05_NCL_OsPd_Ir/,implicit,80,-428.18634,59.0400000000386,0.939648483333333,6.679999999999967e-05,-0.0002179999999999,-0.0002065,-0.0039124,0.0,-0.0014538,0.0092131,0.0129039999999999,-0.0050412999999999,0.0128475999999999,0.0152227999999999,0.0,0.0144622999999999,-0.0002173999999999,-0.000138,-1.5700000000000002e-05,-0.0002998,0.0,-0.000616,-0.0009926,-0.003121,-0.0022507,-0.0014438,-0.0024829,0.0,-0.0021485,0.1077696999999999,-0.0274532
05_NCL_OsPd_Ir/,implicit,81,-428.18263,56.3300000000027,0.719018444,0.0002757,-5.700000000000019e-05,-5.9000000000000025e-05,0.0021711999999999,0.0,0.0150181,0.0232123999999999,0.0414665,-0.0113529,-0.0071554,0.0023119,0.0,-0.0016200999999999,-0.0004577999999999,-0.0001945999999999,0.0001079999999999,-0.0004519,0.0,-0.0025303,-0.000539,-0.0079773,-0.0009556999999999,-0.0012366,0.000128,0.0,0.0002866,0.1284225,-0.0276409
05_NCL_OsPd_Ir/,implicit,82,-428.16659,46.4399999999614,1.06701030433333,0.0001913,-0.0003121,-0.0002047999999999,-0.0057489,0.0,0.0006251999999999,0.0136869,0.0351136,-0.0114778,0.011215,0.0023066,0.0,0.0053844,-0.0004510999999999,-0.0001335,-8.869999999999993e-05,-8.420000000000001e-05,0.0,-0.0016865,-0.0012872,-0.0076605,-0.0017348999999999,-0.0017894999999999,0.0014412,0.0,-0.000762,0.1015585,-0.028474
05_NCL_OsPd_Ir/,implicit,83,-427.8952,12.0000000000005,1.25700818333333,0.0001218,-0.0003493,8.580000000000046e-05,0.0009686,0.0,-0.0075818,0.0233520999999999,0.0233087,-0.0197354,0.0081371,0.0203533,0.0,0.0026658,-0.0002349999999999,-0.00037,-0.0001861,-0.0015035,0.0,-0.0008606999999999,-0.0018415999999999,-0.0043862,-0.0025250999999999,-0.0010169,-0.0037993,0.0,-0.0012564,0.1026533,-0.0359617
05_NCL_OsPd_Ir/,implicit,84,-427.90212,32.1800000000394,1.35929844666667,-8.149999999999998e-05,-0.0003862999999999,0.0002106,0.0075071999999999,0.0,-0.0037351,0.0236708999999999,0.0076497,-0.0201569,0.0037072,0.0297828999999999,0.0,0.0020556,-0.0001309999999999,-0.0003803,-0.0003358,-0.0020554,0.0,-0.0004005,-0.0016499,-0.0016110999999999,-0.003208,-0.00025,-0.0070635,0.0,-0.0014484,0.1004481999999999,-0.037068
05_NCL_OsPd_Ir/,implicit,85,-427.89321,26.869999999974,1.24687981066667,6.350000000000019e-05,-0.0003823999999999,9.950000000000064e-05,-0.0008165,0.0,-0.0074793,0.0168465,0.0162881,-0.016406,0.0079981,0.017913,0.0,0.0041107,-0.0001482,-0.0003764,-0.0002982,-0.0007685999999999,0.0,-0.0011963,-0.0013239,-0.0025035,-0.0021242,-0.0009676999999999,-0.0042028,0.0,-0.0009387,0.0764698999999999,-0.0296969
05_NCL_OsPd_Ir/,implicit,86,-427.91286,44.4699999999898,1.24934837666667,4.819999999999998e-05,-0.0003897,6.659999999999999e-05,0.0038373,0.0,-0.0007953999999999,0.0209405,0.0196455,-0.0179497,0.0070919,0.0188117999999999,0.0,-0.0022341999999999,-0.0001528,-0.0003513,-0.0002633,-0.0010921,0.0,-0.0014648,-0.0009656999999999,-0.0033275,-0.0029536,-0.0009181,-0.0034676,0.0,-0.0007236,0.0981452999999999,-0.0313604
05_NCL_OsPd_Ir/,implicit,87,-427.9154,52.2900000000277,0.985962011,1.4100000000000395e-05,-0.0003281999999999,3.500000000000031e-06,0.0089461999999999,0.0,0.0123523,0.0258852,0.0191217999999999,-0.0135389,-0.0039445999999999,0.0160899,0.0,0.0024244999999999,-0.0001938999999999,-0.0003542999999999,-0.0002267,-0.0012719,0.0,-0.0014689,-0.0016607999999999,-0.0041786,-0.0027373,-0.0001999999999999,-0.0047792,0.0,-0.0005480999999999,0.1340517,-0.0352394
05_NCL_OsPd_Ir/,implicit,88,-428.05851,59.9100000000021,1.214629128,7.63999999999999e-05,-4.49999999999999e-05,0.0001305,0.0020253,0.0,0.0088171999999999,0.0175698,0.0136835999999999,-0.0074131,0.0009041999999999,0.022246,0.0,0.004928,-2.569999999999981e-05,-1.380000000000001e-05,-7.229999999999997e-05,-0.0012599999999999,0.0,-0.0005278,-0.0004223999999999,-0.0026604,-0.0005466,-0.0004908,-0.0026278,0.0,-0.0009336,0.1258458,-0.0191623
05_NCL_OsPd_Ir/,implicit,89,-428.09134,77.2799999999734,1.05808647533333,-2.5400000000000075e-05,-0.0001828999999999,-4.079999999999969e-05,0.0097094,0.0,0.013786,0.0223541,0.0196152,-0.0103523,0.0026363,0.0166661,0.0,0.0070507,7.680000000000013e-05,3.669999999999997e-05,1.0800000000000046e-05,-0.0013216999999999,0.0,-0.0010592,-0.0006224999999999,-0.0049235,-0.0017962,-0.0003835,-0.0032673,0.0,-0.0003748999999999,0.1624329000000001,-0.027249
05_NCL_OsPd_Ir/,implicit,90,-428.06905,71.8499999999835,1.02107365333333,-0.0001123999999999,-0.0001786,0.0002145999999999,0.0235699,0.0,0.0054584,0.015487,-0.0013596,-0.0071074,0.0007633,0.0369633,0.0,0.0026413,4.840000000000009e-05,-1.999999999999984e-05,-0.0001392,-0.0021151,0.0,-0.0002466,-0.0002605,-3.880000000000008e-05,-0.0018112999999999,0.0002457,-0.0081578,0.0,-0.0013733,0.1526798,-0.0277371999999999
05_NCL_OsPd_Ir/,implicit,91,-428.07407,72.4099999999908,0.921580485666667,-3.950000000000047e-05,-0.0001150999999999,3.300000000000004e-05,0.0121173999999999,0.0,0.0098424,0.0243163999999999,0.0119645,-0.0093195,0.0069837999999999,0.0207249,0.0,-0.0005307999999999,9.57e-05,1.3999999999999256e-06,-2.5499999999999915e-05,-0.0010699,0.0,-0.0011672,-0.0005999999999999,-0.0029213999999999,-0.0025644,-0.0003596999999999,-0.0042853,0.0,-0.0004343,0.1519552,-0.0266611999999999
05_NCL_OsPd_Ir/,implicit,92,-428.03986,70.7199999999943,0.80943829,0.0001137999999999,-0.0003425999999999,-0.000252,0.0040773,0.0,0.0178062,0.0139844,0.0417402,-0.0100308999999999,0.0035227999999999,5.000000000005e-07,0.0,0.0036353,-5.50000000000008e-06,-4.070000000000007e-05,-4.260000000000006e-05,-0.0002532,0.0,-0.0018745999999999,-0.0010531,-0.0092269,-0.0026482,-0.0019595,-0.000125,0.0,-2.3599999999999923e-05,0.1485099999999999,-0.0345059
05_NCL_OsPd_Ir/,implicit,93,-427.86394,49.0299999999593,1.13043239666667,-0.0002856,-0.0004599,0.0002310999999999,0.0178671,0.0,0.002415,0.017614,-0.0003105,-0.0120429999999999,-0.0002542999999999,0.0419421,0.0,0.0023512,-2.030000000000001e-05,-7.6e-05,-0.0002200999999999,-0.0026063,0.0,-0.0002368,-0.0014450999999999,0.0012310999999999,-0.0040358,-0.0002087,-0.0083635,0.0,-0.0019961,0.1381341,-0.0359549
05_NCL_OsPd_Ir/,implicit,94,-427.89814,54.589999999962,1.20654355333333,-0.0003194,-0.0004967999999999,0.0001960999999999,0.0222027999999999,0.0,0.0034789999999999,0.0163031999999999,-0.0016998,-0.0141118,0.0009103,0.0423310999999999,0.0,0.0031221999999999,-2.000000000000005e-05,-6.170000000000004e-05,-0.0002089999999999,-0.0024521,0.0,-0.0001874999999999,-0.0007831,0.0010198,-0.0038459999999999,-0.000138,-0.009383,0.0,-0.0019099999999999,0.1438338,-0.0359411
05_NCL_OsPd_Ir/,implicit,95,-427.83752,45.3899999999976,1.21274333066667,0.0002282999999999,-0.0004408999999999,-0.0001161,-0.0026166,0.0,0.0081878,0.0338693,0.0403818,-0.0210916,-0.0008581999999999,0.0018259999999999,0.0,-0.0017823,-0.0005612,-0.0004748,-6.500000000000017e-05,-5.060000000000004e-05,0.0,-0.0013119,-0.0008836999999999,-0.0080231,-0.0041275999999999,-0.001455,0.0005896,0.0,-0.0003698,0.1151747,-0.0334666
05_NCL_OsPd_Ir/,implicit,96,-427.84496,47.4600000000009,1.04121004333333,8.830000000000036e-05,-0.0004104,0.0001153999999999,-0.0062194999999999,0.0,-0.0075187999999999,0.0293982999999999,0.0224027,-0.0194473,0.0077319999999999,0.0207135,0.0,0.0084179999999999,-0.0003151,-0.0004303999999999,-0.0002333999999999,-0.0006931,0.0,0.0001055999999999,-0.0018291,-0.0037985999999999,-0.0031208,-0.0014099,-0.0030873999999999,0.0,-0.0015398,0.1105443,-0.0327044
05_NCL_OsPd_Ir/,implicit,97,-427.8954,56.1000000000149,1.03980659333333,0.0001602,-0.0004216,-0.0003051,0.0048234999999999,0.0,0.0200542999999999,0.0069795999999999,0.0397288,-0.0095085999999999,0.0059072,-0.001485,0.0,0.0037993,-0.0002256999999999,-8.300000000000007e-05,-5.249999999999981e-05,-0.0001555999999999,0.0,-0.0018474,-0.0009093,-0.0102513,-0.0028705,-0.0027318999999999,-0.0005954,0.0,0.0002183,0.1394655,-0.0390086
05_NCL_OsPd_Ir/,implicit,98,-428.0251,52.4599999999964,0.979539039333333,-0.0001455999999999,-0.0003952,-4.049999999999974e-05,0.0150482999999999,0.0,0.0061639999999999,0.0204715,0.0032571,-0.0112937,-0.0036323999999999,0.0278671999999999,0.0,-0.0032509,-0.0001340999999999,-0.0003198,-0.0001957999999999,-0.0025044,0.0,-0.0012274999999999,-0.0020941999999999,-0.0001220999999999,-0.0036771999999999,0.0001959,-0.0064654,0.0,-0.000764,0.1080998,-0.0346177
05_NCL_OsPd_Ir/,implicit,99,-428.03508,53.6500000000046,0.954076072,7.590000000000027e-05,-0.0004007999999999,-0.0002134,0.0024224999999999,0.0,0.0198081,0.0268502999999999,0.0345965,-0.0149431,-0.0062748,0.0006764999999999,0.0,-0.0013353,-0.0003378999999999,-0.0002690999999999,-6.039999999999995e-05,-0.0003309,0.0,-0.0026797,-0.0011957,-0.0067645,-0.0040839,-0.0009376,0.0007672,0.0,-0.0006502999999999,0.1225245999999999,-0.0330857
05_NCL_OsPd_Ir/,implicit,100,-428.02238,27.0300000000248,0.928299256666667,0.0001834,-0.0001829,-5.119999999999951e-05,0.0017643999999999,0.0,0.0002570999999999,0.0130081999999999,0.0256845,-0.0132603,-0.0116673999999999,0.0010275,0.0,-0.0005586,-0.0003593,-0.0003332999999999,-4.1699999999999984e-05,-0.0001229999999999,0.0,-0.0021661,-0.0007596,-0.0029882999999999,-0.000926,-0.0010065999999999,0.0003835,0.0,0.0001301999999999,0.0324088999999999,-0.0163803
05_NCL_OsPd_Ir/,implicit,101,-428.04031,55.6300000000078,0.797505631,0.0001472,-0.0003630999999999,-0.0002425999999999,0.0028119999999999,0.0,0.0187403999999999,0.0315966,0.0378180999999999,-0.0175069,-0.0070021,-0.0005461,0.0,-0.0027654,-0.0004339999999999,-0.0003096999999999,-2.440000000000016e-05,4.7900000000000026e-05,0.0,-0.0025199999999999,-0.0015045,-0.0075382999999999,-0.0027579999999999,-0.0010671,5.809999999999995e-05,0.0,-0.0002526,0.1253763,-0.0326054999999999
05_NCL_OsPd_Ir/,implicit,102,-428.03431,57.9100000000494,0.874027761666667,0.0001883,-0.0002949999999999,-0.0001544,0.0021533999999999,0.0,0.0213126,0.0277740999999999,0.0417834999999999,-0.0138082,-0.0087993999999999,-0.0008039,0.0,-0.0017963,-0.0005526999999999,-0.0002753,3.900000000000041e-06,-8.5e-05,0.0,-0.0025021,-0.0006807,-0.0075994999999999,-0.002225,-0.0017813999999999,0.0002800999999999,0.0,-2.2799999999999985e-05,0.1351098999999999,-0.0308806999999999
05_NCL_OsPd_Ir/,implicit,103,-427.85903,35.539999999969,1.14406452166667,-2.700000000000012e-05,-0.0003412999999999,0.0004102,0.0131012,0.0,0.0017521,0.0266599999999999,0.0043841,-0.0196441999999999,-0.0056077999999999,0.0417672,0.0,-0.017207,-3.150000000000006e-05,-0.0002661,-0.0001709999999999,-0.0032565,0.0,-0.0002913999999999,-0.0006321,-4.990000000000001e-05,-0.0019211,0.0003631,-0.0043218,0.0,-0.0014617,0.0904952,-0.0240803
05_NCL_OsPd_Ir/,implicit,104,-427.871,29.6999999999912,1.23793775666667,-5.780000000000021e-05,-0.0004612,0.0003106,0.0163171,0.0,7.769999999999999e-05,0.0262439,0.0054353999999999,-0.0217941,-0.0051686,0.0322285,0.0,-0.0098559,-8.839999999999998e-05,-0.0003895,-0.0002019,-0.002512,0.0,-0.0002832,-0.0008405,-0.0003047,-0.0036988999999999,0.0001709,-0.0065752,0.0,-0.0008947,0.086551,-0.0312366
05_NCL_OsPd_Ir/,implicit,105,-427.85934,26.5600000000177,1.09846902733333,0.0001277999999999,-0.0004098999999999,0.000134,0.0060097,0.0,-0.002429,0.0199121,0.0170639,-0.0191267,-0.002676,0.0187389999999999,0.0,-0.0033508,-0.0001873,-0.0003788,-0.0002578999999999,-0.0009506,0.0,-0.0009039,-0.0006322999999999,-0.0018506,-0.0024529,-0.0006960999999999,-0.0047269,0.0,-0.0002714,0.0679881,-0.0266171
05_NCL_OsPd_Ir/,implicit,106,-427.87013,27.0700000000375,1.14191142733333,-2.5600000000000626e-05,-0.0004024,0.0002836999999999,0.0059708,0.0,-0.0019062999999999,0.0261862,0.0062707,-0.0202257999999999,-0.0008946,0.0300819999999999,0.0,-0.0091825999999999,-4.589999999999998e-05,-0.0003941,-0.0003158,-0.0015313,0.0,-0.0005478,-0.0001505,-0.0004634,-0.0029965,-0.0003048,-0.0052788,0.0,-0.0008618,0.0723123,-0.0257817
05_NCL_OsPd_Ir/,implicit,107,-427.86257,38.2299999999987,1.08584481133333,-3.660000000000035e-05,-0.0003629,0.0003896999999999,0.0150634,0.0,0.0015462,0.0312214,0.0045946999999999,-0.0189585,-0.0062077,0.0394681,0.0,-0.0143705,-6.330000000000007e-05,-0.0003906,-0.0003482,-0.0027651999999999,0.0,-0.00041,-0.0010067,-2.68e-05,-0.0030023999999999,0.0002096999999999,-0.00603,0.0,-0.0012506,0.104694,-0.0301684999999999
05_NCL_OsPd_Ir/,implicit,108,-427.82926,41.3300000000163,1.06310992633333,9.270000000000023e-05,-0.0004478999999999,1.72000000000002e-05,-0.0049795,0.0,-0.0107481,0.0305702999999999,0.0256974,-0.0182572999999999,0.0101535999999999,0.0130769,0.0,0.0095902,-0.0003273999999999,-0.0004804,-0.0002433999999999,-0.0003202,0.0,-7.780000000000005e-05,-0.0012728999999999,-0.0043381999999999,-0.0033307999999999,-0.0015049,-0.0031164,0.0,-0.0008935,0.1095309999999999,-0.0318114
05_NCL_OsPd_Ir/,implicit,109,-427.83929,43.3199999999943,1.22536352866667,-0.0001162,-0.0004545,0.0001919999999999,0.0172663,0.0,0.0019783999999999,0.0351673,0.000944,-0.0207537,-0.0058898,0.0378282999999999,0.0,-0.0112045,-6.630000000000004e-05,-0.0004751,-0.0004289999999999,-0.0022656,0.0,-0.0005248999999999,-0.0008139999999999,-2.1900000000000044e-05,-0.0039815,0.000668,-0.0078513,0.0,-0.000218,0.1099149999999999,-0.0319593
06_NCL_OsPt_Ir/,implicit,1,-430.22165,126.230000000021,0.891448,-0.0015682,0.0016198,-0.0004764,0.0056447,0.0,0.0340421,0.0265536999999999,0.0177569999999999,-0.0018637,0.0280754,0.0029622999999999,0.0,-0.0076026,0.0022197,0.0015574,0.0006849999999999,0.0033789,0.0,-0.0098414,-0.0118816,-0.0172152,0.0066655,-0.0062586999999999,-0.0010239,0.0,0.0049547,0.2102882999999999,-0.0535191
06_NCL_OsPt_Ir/,implicit,2,-429.01613,75.4800000000273,0.869090946666667,-0.0010179999999999,0.0003602,-0.0016559999999999,0.0207065,0.0,0.0055967,0.0250069,0.0046276999999999,-0.0077707,0.0083351999999999,0.0141875,0.0,0.0270659,0.0004465,0.0006106999999999,0.0010871,-0.0068843999999999,0.0,0.0027043,-0.0101959,0.0002829,-0.0010367999999999,8.829999999999949e-05,-0.0105705,0.0,-0.0072056999999999,0.1908838,-0.0613472
06_NCL_OsPt_Ir/,implicit,3,-428.76328,-75.6900000000087,0.931313556666667,-0.0010276,-0.0013841,-0.0011184999999999,0.0153692999999999,0.0,0.0066933999999999,-0.0214075999999999,0.0047123999999999,-0.0228575,0.0128928,-0.0004471999999999,0.0,0.0185133,-0.0008714,-0.0014844999999999,-0.0006052,-0.0080399999999999,0.0,-0.0023121,-0.0079102,0.0037017999999999,-0.0171926,-0.0040754999999999,0.0015171,0.0,-0.0086039,0.0198774,-0.0917527
06_NCL_OsPt_Ir/,implicit,4,-428.7685,2.31000000002268,1.03665142,-0.0007720999999999,-0.0009658,-0.0011782,0.0088254,0.0,0.0185788,0.0018994999999999,0.0039741,-0.0134834999999999,0.0065287,0.0033702,0.0,0.0127718,-0.0007556,-0.0004805,-0.0003688999999999,-0.0030757,0.0,-0.0060295,-0.007914,-0.0011195999999999,-0.0100218,-0.0038478999999999,0.0031655999999999,0.0,-0.0040446999999999,0.0790978,-0.0689853
06_NCL_OsPt_Ir/,implicit,5,-428.60435,32.1700000000078,0.883726913333333,-0.0009008,-0.000813,-0.0011950999999999,0.0064227,0.0,0.0184505999999999,0.0282626999999999,0.0095743999999999,-0.0164743,0.0055390999999999,0.0035083,0.0,0.0139854999999999,-0.0006170999999999,-0.0007655,6.489999999999968e-05,-0.001922,0.0,-0.0063095,-0.0070983,-0.0027121999999999,-0.010659,-0.0034236999999999,0.001851,0.0,-0.0042446,0.1327203999999999,-0.0716717999999999
06_NCL_OsPt_Ir/,implicit,6,-428.85847,22.420000000011,1.08841443333333,-0.0007037,-0.0004678,-0.0012403,0.0225761,0.0,0.0127229999999999,0.0033735,0.0034094,-0.0078693999999999,0.0018620999999999,0.0023873999999999,0.0,0.0106246,-0.0004368,-0.0001917999999999,0.0002248,-0.0111967,0.0,-0.0011423999999999,-0.006075,0.0018867,-0.0056105,0.0032557,-0.0005325,0.0,-0.0055775,0.09335,-0.0507913999999999
06_NCL_OsPt_Ir/,implicit,7,-428.93673,-58.5500000000252,0.811468826666667,-0.0014,-0.0012314,-0.0014261999999999,0.0316618,0.0,0.0110523,-0.0178041,0.0081769,-0.0165459,0.0101628,-0.0039346999999999,0.0,0.0191917,-0.0008785,-0.0009464999999999,-0.0003347999999999,-0.0131107999999999,0.0,-0.0008739999999999,-0.0082500999999999,0.0072873999999999,-0.0129721,6.659999999999999e-05,0.0006015,0.0,-0.0099806,0.0758065,-0.0787839
06_NCL_OsPt_Ir/,implicit,8,-428.90749,7.47999999998683,0.419718013333333,-0.0006836,-0.0006972999999999,-0.0009927,0.0165148,0.0,0.0131697,-0.0067800999999999,0.0046795999999999,-0.0069248,0.0006385999999999,0.0033950999999999,0.0,0.0103106999999999,-0.0006318999999999,0.0002703,-0.0001210999999999,-0.0072657,0.0,-0.0027475,-0.0073163,-0.0001021,-0.0068437,0.0012419,-4.199999999995874e-06,0.0,-0.0057121999999999,0.0652595999999999,-0.0584653
06_NCL_OsPt_Ir/,implicit,9,-428.49109,-17.0899999999961,0.906188766666667,-0.0009143999999999,-0.0012041,-0.0010329,0.0170014,0.0,0.0074810999999999,0.0129548,0.0019027,-0.0203853,0.0046064999999999,0.0061666999999999,0.0,0.0060467,-0.0004739999999999,-0.0009397999999999,-0.0003313999999999,-0.010652,0.0,-0.0034896,-0.0085444,0.0057060999999999,-0.014174,6.909999999999902e-05,-0.0031001,0.0,-0.0044107,0.0652466,-0.0806814
06_NCL_OsPt_Ir/,implicit,10,-428.6454,79.9699999999461,1.04629176666667,-0.0008063999999999,0.000305,-0.0011038,0.0250106,0.0,0.0062328,0.0431576999999999,-0.0018168999999999,-0.0107382,0.00139,0.0194072999999999,0.0,0.0149562,0.0005827,0.0005864,0.0008202,-0.0064073,0.0,-0.0004552999999999,-0.0028397999999999,0.0046156,-0.0030916,0.0025239,-0.0121622,0.0,-0.0039998,0.1919888,-0.0396544
06_NCL_OsPt_Ir/,implicit,11,-428.43105,57.6700000000301,1.58491358,-0.0012211999999999,-0.0002001999999999,-0.0013978,0.0291757999999999,0.0,0.0055698999999999,0.0389105,-0.0007740999999999,-0.0120526,-0.0015387,0.0170574,0.0,0.0150914,0.0004272999999999,0.0002853,0.00057,-0.0088410999999999,0.0,-0.0011397,-0.002985,0.0065575999999999,-0.0046433999999999,0.0064981,-0.0118865,0.0,-0.0048360999999999,0.1772407,-0.0399868999999999
06_NCL_OsPt_Ir/,implicit,12,-428.68435,31.1299999999619,1.10894935666667,-0.0006757999999999,-0.0008116,-0.0012607,0.007857,0.0,0.0074863999999999,0.0299957,0.0005066999999999,-0.0181075,0.0046208,0.0165151,0.0,0.020281,-0.0003750999999999,-0.0006510999999999,0.0001069999999999,-0.0049327999999999,0.0,-0.0002865,-0.0060193999999999,0.0053083,-0.0116562,-0.0005511999999999,-0.0074822,0.0,-0.0091485,0.1328147,-0.0713753999999999
06_NCL_OsPt_Ir/,implicit,13,-428.45651,-58.4800000000314,1.27111044666667,-0.0009382,-0.0016492,-0.0009859,0.0100057,0.0,0.0023773,0.0026279999999999,0.0046011,-0.0299936,0.0059569999999999,0.0041939,0.0,0.0088433999999999,-0.0008062999999999,-0.0022709,-0.0008455999999999,-0.008065,0.0,-0.0032809,-0.0058402,0.0020936999999999,-0.0211731,-0.0034867999999999,0.0021716,0.0,-0.0054655999999999,0.0100788,-0.0939381999999999
06_NCL_OsPt_Ir/,implicit,14,-428.42426,-14.9700000000053,1.33057332666667,-0.0009327999999999,-0.0016074,-0.000963,-0.0013028999999999,0.0,0.0017721,0.0295338,0.0069796999999999,-0.0295894,0.0096008,0.0067820999999999,0.0,0.0116391999999999,-0.0008003,-0.0020992,-0.000694,-0.0017599999999999,0.0,-0.0021977,-0.0034157,0.0008418999999999,-0.0204151,-0.0065202,0.0012913999999999,0.0,-0.0069986,0.0638246,-0.0855348999999999
06_NCL_OsPt_Ir/,implicit,15,-430.13733,158.180000000016,1.36990604333333,-0.0007644,0.0030623,0.0006878,0.0200155999999999,0.0,0.0151722,0.0364231999999999,0.0040737,0.0003988,0.0100851,0.0035415999999999,0.0,0.0060189999999999,0.0001721,0.0007373999999999,0.0003184,-0.0033071,0.0,-0.005119,-0.0078599,-0.0026451,0.0071487999999999,0.0003113999999999,-0.0085409,0.0,-0.0017874999999999,0.1974299,-0.041143
06_NCL_OsPt_Ir/,implicit,16,-428.90583,113.530000000026,0.925769886666667,-0.0008126,0.0014222999999999,-0.0016477999999999,0.0276928,0.0,0.0013799,0.0326539,0.0016925999999999,-0.0035284,0.0027442,0.0162672,0.0,0.0289842,0.0002921999999999,0.0002071,0.0004854999999999,-0.0089152,0.0,0.0040476999999999,-0.008618,0.0019623,0.0031144,0.0027943999999999,-0.0124987,0.0,-0.00885,0.2136964,-0.0519566999999999
06_NCL_OsPt_Ir/,implicit,17,-428.6507,-47.4200000000451,1.11112605666667,-0.0013728999999999,-0.0013725,-0.0015607,0.0222852999999999,0.0,0.0134297,-0.0236787,0.0052164999999999,-0.0173627,0.0188668,0.0009161999999999,0.0,0.0246415,-0.0010613,-0.0017819,-0.0006642,-0.0083909,0.0,-0.0031198,-0.0087244,0.0032063999999999,-0.0132190999999999,-0.0049961,0.0011503,0.0,-0.0094453,0.0800169,-0.0940921999999999
06_NCL_OsPt_Ir/,implicit,18,-428.65897,27.3300000000063,0.97911969,-0.0012306,-0.0012884999999999,-0.0019652999999999,0.0133695,0.0,0.0175712,0.0043857999999999,0.0050537999999999,-0.0135645,0.0089673,0.0045721,0.0,0.0157378,-0.0010477,-0.0009984,-0.0007039,-0.0048009,0.0,-0.0051277,-0.0105308999999999,-0.0014706999999999,-0.0096641999999999,-0.0036245,0.0032724999999999,0.0,-0.0053454,0.1032174,-0.0800840999999999
06_NCL_OsPt_Ir/,implicit,19,-428.49593,54.6700000000442,1.14545500666667,-0.0010810999999999,-0.000473,-0.0012106,0.0109111,0.0,0.0210940999999999,0.0274847999999999,0.0119155,-0.0133891,0.0092106999999999,0.0009283999999999,0.0,0.0094453,-0.0009564999999999,-0.0015075999999999,-0.0001164,-0.0033362999999999,0.0,-0.0084429999999999,-0.0063737999999999,-0.0051657999999999,-0.0075295,-0.0034606,0.0030092999999999,0.0,-0.0007907,0.1496720999999999,-0.069342
06_NCL_OsPt_Ir/,implicit,20,-428.74157,49.1900000000101,0.889791943333333,-0.0010721999999999,-0.0003813,-0.0014968999999999,0.0252154,0.0,0.007024,0.0070889999999999,0.0036116999999999,-0.007269,0.0065196999999999,0.0063153999999999,0.0,0.0235286,-0.0006946,-0.0006442,-0.0003559999999999,-0.0102298,0.0,0.0016568,-0.0066149,0.0018835999999999,-0.0045174,0.0010620999999999,-0.0025916999999999,0.0,-0.0101523,0.1381687999999999,-0.0623967999999999
06_NCL_OsPt_Ir/,implicit,21,-428.81371,-17.9899999999975,0.943722313333333,-0.0018539999999999,-0.0009458,-0.0018691999999999,0.0355794,0.0,0.0126422,-0.0076017999999999,0.0050832999999999,-0.0102672,0.0122922,0.0003878,0.0,0.0250989999999999,-0.0008313999999999,-0.0010712999999999,-0.0005237999999999,-0.0136739,0.0,-0.0008065999999999,-0.0085938999999999,0.0066805,-0.0072631,0.0011254999999999,-1.8999999999998185e-05,0.0,-0.0100814999999999,0.1370917999999999,-0.0701179
06_NCL_OsPt_Ir/,implicit,22,-428.79866,29.2800000000284,0.669562846666667,-0.0007674,-0.0007081,-0.0011631999999999,0.0233068,0.0,0.0126260999999999,-0.0001263999999999,0.0031472999999999,-0.0073238999999999,0.0018168,0.0057491,0.0,0.0144948,-0.0008042,-0.0002474,-0.0005923,-0.0096102999999999,0.0,-0.0020055,-0.0065470999999999,0.0011081,-0.0060629999999999,0.0017441999999999,-0.001368,0.0,-0.0069353999999999,0.1021039,-0.0626417999999999
06_NCL_OsPt_Ir/,implicit,23,-428.37814,7.15999999999895,1.03750172666667,-0.0011986,-0.0010714,-0.0012300999999999,0.0136353,0.0,0.0087878,0.0147961999999999,0.0062695,-0.0161540999999999,0.0107563,0.0055064999999999,0.0,0.0080067999999999,-0.0005269,-0.0014646,-0.0004525999999999,-0.0043275,0.0,-0.0039402,-0.0053253999999999,6.740000000000218e-05,-0.0106338,-0.0038341,-0.0005814,0.0,-0.0034748,0.0962081,-0.0689876999999999
06_NCL_OsPt_Ir/,implicit,24,-428.53849,111.779999999953,0.960379176666667,-0.0006058,0.0013641999999999,-0.00109,0.0279241999999999,0.0,0.0046075,0.0485990999999999,-0.0020538999999999,-0.0059098,-0.0017431,0.0201452,0.0,0.0186188999999999,0.0006678999999999,0.0002385999999999,0.0004361999999999,-0.0075671,0.0,3.5600000000000215e-05,-0.0018933,0.0032543999999999,0.0015541999999999,0.0037841999999999,-0.0131954999999999,0.0,-0.0044072999999999,0.2197131,-0.0341840999999999
06_NCL_OsPt_Ir/,implicit,25,-428.31509,98.6700000000269,1.50439351333333,-0.0011976,0.0008818,-0.0017138999999999,0.0331969,0.0,0.0052951,0.045198,-0.0007000999999999,-0.0063777,-0.0061285999999999,0.0189176,0.0,0.0211743,0.0006138,5.1799999999999416e-05,0.0003500999999999,-0.0102774,0.0,-0.0004241,-0.002704,0.0045302,0.0014006,0.008817,-0.0133283999999999,0.0,-0.0055603,0.2170912,-0.0330616
06_NCL_OsPt_Ir/,implicit,26,-428.58067,49.7799999999984,1.12003496666667,-0.0010679,-0.0005649999999999,-0.0011155999999999,0.0121561999999999,0.0,0.0176053,0.0313523,0.0125307,-0.0152999,0.0069841999999999,0.0041281999999999,0.0,0.0111074999999999,-0.0007504999999999,-0.001468,-7.859999999999812e-05,-0.0039135,0.0,-0.0064012,-0.0055008,-0.0040798,-0.008964,-0.0021585,0.0009271,0.0,-0.0028149999999999,0.1556322,-0.0704059
06_NCL_OsPt_Ir/,implicit,27,-428.34352,-38.3899999999926,1.34165045333333,-0.0013330999999999,-0.0017911,-0.0013845,0.013144,0.0,0.0065975999999999,0.0057396,0.0051283,-0.0259843999999999,0.0116877999999999,0.0047790999999999,0.0,0.0130281,-0.0008176,-0.0030150999999999,-0.0008780999999999,-0.0067104999999999,0.0,-0.003768,-0.0047029999999999,0.0009761,-0.0185246,-0.0048156,0.0013941,0.0,-0.0062242,0.0592231999999999,-0.0941729999999999
06_NCL_OsPt_Ir/,implicit,28,-428.31566,-2.21999999996569,0.834691533333333,-0.0013507,-0.0017911999999999,-0.0011159,0.0043761,0.0,0.0115655,0.0260598,0.0159740999999999,-0.027207,0.0157901,-0.002003,0.0,0.0054058999999999,-0.0014267999999999,-0.0031053,-0.0007284,-0.0008535,0.0,-0.0070811,-0.0028976999999999,-0.0068015999999999,-0.0188414999999999,-0.0093146,0.0080438,0.0,-0.0020856999999999,0.0914078,-0.0901849
06_NCL_OsPt_Ir/,implicit,29,-430.14007,86.1499999999751,0.617956233333333,-0.0014027999999999,0.0005059,-0.0011283,0.0053486999999999,0.0,0.0319672,0.014629,0.0150785999999999,-0.0029943999999999,0.0270640999999999,0.0053474999999999,0.0,0.0006967999999999,0.0028650999999999,0.0013757,0.0008007999999999,0.0032564999999999,0.0,-0.0081292,-0.0100548,-0.017974,0.0037179999999999,-0.0071980999999999,0.0034377999999999,0.0,0.003758,0.1902237999999999,-0.0482882999999999
06_NCL_OsPt_Ir/,implicit,30,-428.93695,50.0999999999863,0.902559633333333,-0.0015467,-0.00084,-0.0014416999999999,0.0128303,0.0,0.0185317999999999,0.0176141,0.0093228999999999,-0.0114381999999999,0.0131511999999999,0.0046599,0.0,0.0105526999999999,0.0009107999999999,0.0003449,0.0003403,-0.003494,0.0,-0.0066660999999999,-0.0092795999999999,-0.0052409999999999,-0.0076758,-0.0046042,0.0029807999999999,0.0,-0.0005566999999999,0.1427922999999999,-0.0658811999999999
06_NCL_OsPt_Ir/,implicit,31,-428.68306,-92.8900000000112,0.75101256,-0.0006934999999999,-0.0012529,-0.0007838,0.0099508,0.0,0.0007363,-0.0230622999999999,0.0088615,-0.0263947,0.0095727,-0.0059283,0.0,0.0126196,-0.0010787,-0.0011378999999999,-0.0004055,-0.007792,0.0,-0.0024354999999999,-0.0073884,0.0041823999999999,-0.0196334,-0.0037456,0.0019638999999999,0.0,-0.0080461,-0.032749,-0.0910337999999999
06_NCL_OsPt_Ir/,implicit,32,-428.68678,-17.5199999999904,0.805571716666667,-0.0005139999999999,-0.0006835,-0.0008557,0.0089894999999999,0.0,0.0171232999999999,-0.0022739999999999,0.0046228999999999,-0.0102342,0.0006136999999999,0.0014896,0.0,0.0091579,-0.0005620999999999,8.48000000000012e-05,-3.649999999999834e-05,-0.0039358,0.0,-0.0061703999999999,-0.0106422999999999,-0.0015894,-0.0086044999999999,-0.0013617999999999,0.0020913,0.0,-0.0031661,0.0548711,-0.0677858
06_NCL_OsPt_Ir/,implicit,33,-428.52316,9.43000000000893,0.835340643333333,-0.0007049,-0.0010987,-0.0009586999999999,-0.0009337,0.0,0.0168003999999999,0.0190333999999999,0.0056998,-0.0167285,0.0038028,-0.0006416,0.0,0.0126995999999999,-0.0002921999999999,-4.130000000000106e-05,-0.0002474999999999,0.0024716,0.0,-0.0072983,-0.0085150999999999,-0.0014149999999999,-0.0140453,-0.0061858,0.0088565,0.0,-0.0066138999999999,0.0739398999999999,-0.0666529999999999
06_NCL_OsPt_Ir/,implicit,34,-428.77348,2.63999999998532,1.07227000666667,-0.0005041999999999,-0.0008335,-0.0010261999999999,0.0189624,0.0,0.0128878,-0.0052372,0.0028356,-0.0075272,0.0015309,-0.0051114,0.0,0.0073259,-0.0003505,0.0003490999999999,0.0005854,-0.0116829,0.0,-0.0018431999999999,-0.0067236999999999,0.0040623,-0.0089537,0.0023801,0.0045373,0.0,-0.0055093999999999,0.0466063999999999,-0.0462985
06_NCL_OsPt_Ir/,implicit,35,-428.84717,-83.0199999999763,0.676613656666667,-0.0010209,-0.0012398,-0.0010169,0.0275872,0.0,0.0081252,-0.0236689999999999,0.0125919999999999,-0.0207069,0.0064907999999999,-0.0098713,0.0,0.0119314999999999,-0.000862,-0.0006808999999999,-0.0001198999999999,-0.0121108,0.0,-0.0003858,-0.0073727,0.0084479999999999,-0.01688,-0.0008636999999999,0.0006656999999999,0.0,-0.0104675,0.0184041999999999,-0.0812593999999999
06_NCL_OsPt_Ir/,implicit,36,-428.82855,6.9700000000239,0.236038186666667,-0.0003747999999999,-0.0008595,-0.0003836999999999,0.0041186,0.0,-0.0026359999999999,-0.0034042999999999,0.0016744,-0.0048151,0.0155305,-0.0065451,0.0,0.0140361999999999,-9.279999999999704e-05,0.0007805999999999,-0.0005769,0.0006681,0.0,-0.0047840999999999,-0.0066753,-0.003894,-0.0092168,-0.0088059,0.0159144999999999,0.0,-0.0018310999999999,0.0326824,-0.0370274999999999
06_NCL_OsPt_Ir/,implicit,37,-428.40963,-28.630000000021,0.947317453333333,-0.0006771,-0.0009722999999999,-0.0007020999999999,0.0150663999999999,0.0,0.0056888,0.0201712,0.0030854,-0.0224974,0.0003112,0.0038921999999999,0.0,-0.0019233999999999,-0.0003908,-0.0005801,-0.0001317,-0.0109347999999999,0.0,-0.0029387,-0.0089308999999999,0.0050730999999999,-0.0151311999999999,0.0009049999999999,-0.0018814999999999,0.0,-0.0032718999999999,0.0428855,-0.076427
06_NCL_OsPt_Ir/,implicit,38,-428.56678,56.0599999999454,1.15084271666667,-0.0007003,-0.0001438999999999,-0.0009751999999999,0.0226747999999999,0.0,0.0055519,0.0401567,-0.001731,-0.0134876,0.0014836,0.0196799999999999,0.0,0.009884,0.0005142999999999,0.0007221999999999,0.0011683,-0.0059056,0.0,-0.0003781999999999,-0.0025099,0.0052606,-0.0061146999999999,0.0017690999999999,-0.011959,0.0,-0.0036516,0.1647862999999999,-0.042169
06_NCL_OsPt_Ir/,implicit,39,-428.34386,39.8399999999697,1.29517641,-0.0015003999999999,-0.0009189,-0.0010167,0.0083431999999999,0.0,0.0100713,0.0339250999999999,0.0064627,-0.0177978,0.0140213,0.0083947999999999,0.0,0.0122447999999999,0.0006270999999999,0.0004126,0.0005440999999999,-0.0021974999999999,0.0,-0.0024283,-0.0043158,0.0017631999999999,-0.0118148999999999,-0.0043212,-0.0027527,0.0,-0.0023711,0.144459,-0.0537093999999999
06_NCL_OsPt_Ir/,implicit,40,-428.60555,0.499999999988177,0.655616298,-0.0005734,-0.0008822,-0.0006635,-0.0004947999999999,0.0,0.0158368,0.0173183,0.0037042,-0.0185553,0.0038225999999999,0.0026018,0.0,0.0074791999999999,-0.0001064999999999,-9.950000000000064e-05,-0.0004383999999999,0.0011711,0.0,-0.0076561999999999,-0.0059359999999999,6.560000000000593e-05,-0.0141232999999999,-0.0048848999999999,0.0066125999999999,0.0,-0.0054593,0.0591874,-0.0617095999999999
06_NCL_OsPt_Ir/,implicit,41,-428.37389,-35.8999999999696,1.144116085,-0.0007393999999999,-0.0014253,-0.0006905,0.0017044,0.0,0.0103754,0.0220724999999999,0.0024901999999999,-0.0318994,-0.0033112,0.0099871,0.0,0.0024313999999999,-0.0005175,-0.00153,-0.0009323,-0.0052315999999999,0.0,-0.0060942999999999,-0.0012993999999999,0.0021691999999999,-0.0219235999999999,-0.0025722999999999,0.0009361,0.0,-0.003307,0.0219907,-0.080605
06_NCL_OsPt_Ir/,implicit,42,-428.33072,-26.4900000000239,1.27744907333333,-0.0006670999999999,-0.0013548,-0.0006103,-0.0029933,0.0,-0.0017022,0.0231110999999999,0.009213,-0.0308685,0.0101576999999999,0.0025643999999999,0.0,0.0036548999999999,-0.0006078,-0.0013729999999999,-0.0006508,-0.0005129999999999,0.0,-0.0043815,-0.0050092,-0.0016784999999999,-0.0214066999999999,-0.0087034,0.007045,0.0,-0.0045074,0.0210097,-0.0835723
06_NCL_OsPt_Ir/,implicit,43,-430.12763,118.220000000008,0.795589826666667,-0.0018692,0.0005704,-8.99999999999998e-05,-0.0026277999999999,0.0,0.0268237999999999,0.011886,0.0264670999999999,-0.0013258,0.02409,0.0016058,0.0,0.013081,0.0019217999999999,0.0011138,0.0015697,0.0103804999999999,0.0,-0.007947,-0.0090801,-0.014204,0.0064598,-0.0101971,-0.0009986999999999,0.0,-0.0025803,0.1972226,-0.0471234999999999
06_NCL_OsPt_Ir/,implicit,44,-430.17234,116.809999999987,0.771509266666667,-0.0008874999999999,0.000868,-0.0009790999999999,0.0132583,0.0,0.0068155,0.0214659,0.0120976,-0.0036493,0.0123172,0.0137843,0.0,0.0265214999999999,0.0011365999999999,0.0012925,0.0019478999999999,-0.0005464999999999,0.0,0.0016636,-0.0109437999999999,-0.0073718,0.0074355999999999,-0.0010260999999999,-0.0122103999999999,0.0,-0.0077623,0.203225,-0.0527692999999999
06_NCL_OsPt_Ir/,implicit,45,-430.12401,122.659999999996,0.470063153333333,0.0007044,0.0015248,0.0001578,0.0258011999999999,0.0,-6.130000000000024e-05,0.0369995,-0.0067476,-0.0072378,0.0043804999999999,0.0226871,0.0,0.0204146,0.0012893999999999,0.0014698,0.0018335999999999,-0.0054439,0.0,0.0053609,-0.0065163,-0.0043423999999999,0.0114266999999999,0.0034071,-0.0201507,0.0,-0.0071931,0.1972469,-0.0377176999999999
06_NCL_OsPt_Ir/,implicit,46,-428.31102,68.2899999999904,1.18344071333333,-0.0021689,-0.0011116,-0.0008246999999999,0.0096928,0.0,0.0184715999999999,0.0186459999999999,0.0180241999999999,-0.0086020999999999,0.0114994,0.0004038,0.0,0.0044857999999999,0.0003709,2.480000000000017e-05,-1.5899999999999248e-05,0.0006951,0.0,-0.0083236,-0.005894,-0.0082633999999999,-0.0071266,-0.0073388999999999,5.8499999999996055e-05,0.0,0.0052495999999999,0.1370327,-0.0611267999999999
06_NCL_OsPt_Ir/,implicit,47,-430.09385,113.900000000001,1.01618914666667,-0.0004968,0.0016157999999999,0.0009207,0.0059903,0.0,0.0362136,0.0309969999999999,0.0151303,-0.0001735,0.0210223999999999,-0.0029153999999999,0.0,-0.0177744,0.0011263999999999,0.0006891,0.0001749,-0.003365,0.0,-0.0116104,-0.0031217999999999,-0.0213879999999999,0.0080991999999999,-0.0044933,2.5600000000000626e-05,0.0,0.0136925,0.1810596,-0.0403415999999999
06_NCL_OsPt_Ir/,implicit,48,-428.9264,58.4299999999871,0.898898816666667,-0.0012215,-0.0004248999999999,-0.0006874999999999,0.0049401999999999,0.0,0.0233506,0.0118961999999999,0.0198231,-0.0080858,0.0184623,0.0105571,0.0,0.0074144,0.0002489,0.0001054,0.0003195999999999,-0.0013864999999999,0.0,-0.007934,-0.0046752999999999,-0.0149468999999999,-0.0029052999999999,-0.0094774,0.0026424,0.0,0.0020301,0.1720485,-0.0719576
06_NCL_OsPt_Ir/,implicit,49,-428.97141,79.1699999999764,0.720731143333333,-0.0012055999999999,1.1800000000001046e-05,-0.0008837999999999,0.0044731999999999,0.0,0.0209046,0.0230681999999999,0.0195356,-0.0087697,0.0255221,0.0068625999999999,0.0,0.0070621,0.0006635,0.0005514999999999,0.0003416,0.0016278,0.0,-0.0051194999999999,-0.0089401999999999,-0.0191416999999999,0.0004264,-0.0091558,0.0029753,0.0,0.0018388,0.193162,-0.0678642999999999
06_NCL_OsPt_Ir/,implicit,50,-428.93998,73.8999999999805,0.718032956666667,-0.0003639999999999,0.0001973999999999,-0.0013030999999999,0.0262827,0.0,0.0015112999999999,0.0271429999999999,-0.0024331,-0.0086938,0.0036018,0.0195455,0.0,0.0226287,0.0004726999999999,0.0004063,0.0006251999999999,-0.0097236999999999,0.0,0.0058414999999999,-0.0072054999999999,-0.002034,0.0043068,0.0038392,-0.0141596,0.0,-0.0088996,0.1762331,-0.0530607999999999
06_NCL_OsPt_Ir/,implicit,51,-428.99109,72.7200000000039,1.07694750333333,-0.0014501,-0.0001732,-0.0009519,0.0064465999999999,0.0,0.0175657999999999,0.0169749999999999,0.0144815,-0.0060431999999999,0.0220368,0.0076977,0.0,0.0117393999999999,0.0005852999999999,0.0001052999999999,0.0002461999999999,0.0012285999999999,0.0,-0.0059349,-0.0046272,-0.0065751,-0.0029809999999999,-0.0081135999999999,-0.0019842999999999,0.0,-0.0018840999999999,0.1766487,-0.05987
06_NCL_OsPt_Ir/,implicit,52,-428.96649,51.7899999999827,1.04759811,-0.0016945,-0.0003392999999999,-0.0006173999999999,0.0048867,0.0,0.0195636,0.0079329999999999,0.0227697999999999,-0.0069958999999999,0.016376,0.0086971,0.0,0.0096563,0.0006864999999999,-1.2700000000000903e-05,0.0002688,0.0031912,0.0,-0.0075794,-0.0056326999999999,-0.0110788999999999,-0.0041194,-0.0090856,0.0013905,0.0,-0.001473,0.1604706999999999,-0.0668890999999999
06_NCL_OsPt_Ir/,implicit,53,-428.68328,9.70999999998412,0.625686415833333,0.0011642,0.0012437,0.0014618,0.004022,0.0,0.0120023,-0.0025699,-0.0132146999999999,-0.0073823,0.0053228999999999,0.0218101,0.0,0.0114977999999999,-0.000942,-0.0007831999999999,-0.0018057999999999,-0.0042071999999999,0.0,0.0002611999999999,0.0102804,-0.0042762,0.0007287999999999,-0.0012734999999999,-0.0036056,0.0,-0.0013183,0.0707160999999999,-0.0138827
06_NCL_OsPt_Ir/,implicit,54,-428.7402,4.87999999995736,0.591945546,0.0006817999999999,0.0008168999999999,0.0004455999999999,0.0080129,0.0,-0.0014926999999999,-0.0079692999999999,0.0024408,-0.0009575,0.0059128999999999,0.0100006,0.0,0.0050852,-0.0010454999999999,-0.0011878999999999,-0.0020493,-0.0027887,0.0,-0.0016974,0.0080120999999999,0.0018747,0.0001498999999999,-0.0020409,-0.0125055999999999,0.0,-0.0030285,0.0459542,-0.0326144
06_NCL_OsPt_Ir/,implicit,55,-430.02978,38.5599999999613,0.392929950566667,0.0016973999999999,-0.0005627,0.0010147999999999,0.0123320999999999,0.0,0.0033159,-0.016472,-0.0013658999999999,-0.0014225999999999,0.0005881999999999,0.0044483999999999,0.0,0.0119150999999999,0.0006716,0.0008544,0.0009177999999999,-0.0014101999999999,0.0,-0.0006372,0.0096751,0.0002015,-0.0001675,-0.0001423999999999,0.0009974,0.0,-0.0027646999999999,0.0309778,0.0163919
06_NCL_OsPt_Ir/,implicit,56,-428.69796,5.32999999995809,0.85191305,0.0005107999999999,0.0004356999999999,-6.499999999999562e-06,0.0169317,0.0,-0.0005148999999999,-0.0063664999999999,0.0022749999999999,-0.0004904999999999,-0.0047779,0.0017488999999999,0.0,0.001929,-3.300000000000178e-05,-0.0002342999999999,-0.0016357,-0.0086361999999999,0.0,0.0008080999999999,0.0119298999999999,0.0034737,0.0011973,0.0020948,-0.0114218999999999,0.0,-0.0039495,0.0233499,-0.0128136
06_NCL_OsPt_Ir/,implicit,57,-428.37192,63.2100000000264,1.21212257333333,-0.0013032999999999,-0.0004315999999999,-0.0013997999999999,0.0189298,0.0,0.000936,0.0347543,-0.0015213,-0.0102537,0.0067484999999999,0.0226345,0.0,0.021055,0.0003684,0.0002801999999999,0.0004498999999999,-0.0065867,0.0,0.0018928,-0.0052784,0.0049437999999999,-0.0037864999999999,0.0020339999999999,-0.0120053,0.0,-0.0051499999999999,0.1802968999999999,-0.0456754999999999
06_NCL_OsPt_Ir/,implicit,58,-428.75237,-19.4500000000062,1.13047072,-0.0010372,-0.0009762999999999,-0.0011308,0.0001404999999999,0.0,0.0130033,0.0025605999999999,0.0177362,-0.0118782,0.0107044,0.0036496,0.0,0.0076632,-0.0012998,-0.0005014,-0.0002868999999999,-0.0010717,0.0,-0.0085338999999999,-0.0080582999999999,-0.0080785999999999,-0.007331,-0.0077804,0.0067516999999999,0.0,-0.0017137999999999,0.0808705,-0.0758084000000001
06_NCL_OsPt_Ir/,implicit,59,-428.75336,-36.0599999999636,1.03185925333333,-0.0008954999999999,-0.0010003,-0.0010932,0.0097679,0.0,0.0109399999999999,-0.0024008999999999,0.0116195999999999,-0.0165389,0.0087919999999999,0.0007544,0.0,0.0114575999999999,-0.0009023999999999,-0.0009534,-0.0003596,-0.0035996999999999,0.0,-0.0048647999999999,-0.0092015999999999,-0.004713,-0.009293,-0.0053456999999999,0.0054120999999999,0.0,-0.0048167999999999,0.0628048999999999,-0.0772755
06_NCL_OsPt_Ir/,implicit,60,-428.72197,-52.6399999999967,0.806270823333333,-0.0008159999999999,-0.0010084,-0.0010282,0.017866,0.0,0.0036339,0.0023931,0.0100779999999999,-0.0206745,-0.0009474,0.0032616,0.0,0.0089500999999999,-0.0008219,-0.0016058,-0.0003575999999999,-0.0092436999999999,0.0,-0.001852,-0.0102171,-0.0016724,-0.0083759,0.0003168,0.0008823,0.0,-0.0062203,0.0434156999999999,-0.0783348
06_NCL_OsPt_Ir/,implicit,61,-428.74633,-14.3699999999853,0.954197473333333,-0.0007733999999999,-0.0010561999999999,-0.0007847,0.0007902,0.0,0.0175325,0.0019163999999999,0.0119806,-0.0170913999999999,0.0162751999999999,-0.0058086,0.0,0.0113112999999999,-0.0008879,-0.0007061,-0.0007227999999999,0.0039538,0.0,-0.0084207999999999,-0.0109954,-0.0083473999999999,-0.0081065999999999,-0.009617,0.0100080999999999,0.0,0.0001144,0.0685839,-0.0674553999999999
06_NCL_OsPt_Ir/,implicit,62,-428.74808,10.1400000000353,0.896098653333333,-0.0008043,-0.0010592,-0.0011999,0.0011457999999999,0.0,0.0081986,1.4500000000000624e-05,0.0071116999999999,-0.0075183,0.0121987,0.0144671,0.0,0.0137942999999999,-0.0008586,-0.0005617,-0.0003687,-0.0030329,0.0,-0.0029693999999999,-0.0015358,-0.0026575,-0.0084602,-0.0040796,-0.0004614999999999,0.0,-0.0073191,0.0926979999999999,-0.0646103
06_NCL_OsPt_Ir/,implicit,63,-428.34065,48.7400000000093,0.9468403,-0.0009366,-0.0007217999999999,-0.0014282,0.0261429,0.0,0.0072301,0.0215389,0.0016960999999999,-0.0074011,0.0069102999999999,0.0167561,0.0,0.0087382,0.000203,3.0199999999999325e-05,0.0001444999999999,-0.0081603,0.0,-0.0003777,-0.0002780999999999,0.0030409,-0.0065653999999999,0.0011984999999999,-0.0089991999999999,0.0,-0.0055864,0.1570502999999999,-0.0507002
06_NCL_OsPt_Ir/,implicit,64,-428.54819,8.10999999998785,0.83794086,-0.0008345,-0.0008137999999999,-0.0007645999999999,0.0003029999999999,0.0,0.0116278,0.0166863999999999,0.0211293999999999,-0.0140298999999999,0.0117489,-0.0066201999999999,0.0,0.0085242,-0.0008488,-0.0010328,-0.0001644999999999,0.0041465,0.0,-0.0089979,-0.0073006,-0.007365,-0.0105474,-0.009574,0.0080371,0.0,-0.0009636,0.0939132999999999,-0.0692217
06_NCL_OsPt_Ir/,implicit,65,-428.40336,55.3400000000011,1.06727205666667,-0.0013904999999999,-0.0003048,-0.0008416999999999,-0.0005913,0.0,0.0127642,0.0342839999999999,0.0156242,-0.0133543,0.0258981,0.0023323999999999,0.0,0.0074594,0.0005102999999999,0.0002040999999999,0.0001488,0.0039699,0.0,-0.0043774,-0.0021204999999999,-0.0096937999999999,-0.004017,-0.0091661,0.0023228999999999,0.0,-0.0013623999999999,0.1637591,-0.0471624
06_NCL_OsPt_Ir/,implicit,66,-428.57542,24.7299999999768,0.956390823333333,-0.0007933999999999,-0.0010394,-0.0012098,-0.0006601,0.0,0.0070951999999999,0.0192958,0.0138254,-0.0148098,0.0128474,0.0038291999999999,0.0,0.0134229,-0.0007547999999999,-0.0009461,-9.870000000000018e-05,0.0018074,0.0,-0.0048832,-0.0045284999999999,-0.0042050999999999,-0.0114855999999999,-0.0078605,0.0033470999999999,0.0,-0.0064696,0.1036068,-0.0721553999999999
06_NCL_OsPt_Ir/,implicit,67,-428.6028,35.4099999999562,0.93048117,-0.0006042999999999,-0.0005122,-0.0004761999999999,0.0025482,0.0,0.0190801,0.0208191999999999,0.0186107999999999,-0.0108269,-0.0003565999999999,0.0064467,0.0,0.005288,-0.0012087,-0.0010542999999999,-0.0001619999999999,-0.0019939999999999,0.0,-0.0079966,0.0022461,-0.006169,-0.0075415,-0.0060340999999999,0.0046876,0.0,-0.0021651,0.1200335999999999,-0.0547832
06_NCL_OsPt_Ir/,implicit,68,-428.79556,12.2400000000198,0.8651757,-0.0010331999999999,-0.0008288,-0.0008799,0.0015427,0.0,0.0050414999999999,0.0017591,0.0107003999999999,-0.00785,0.01687,0.0051083999999999,0.0,0.0129292,-0.0007857,-0.0001770999999999,-0.0002663999999999,-0.0006049999999999,0.0,-0.0022994,-0.0071861,-0.0026306999999999,-0.0059755,-0.0085152,0.0025977,0.0,-0.0040061,0.0867189,-0.0596986
06_NCL_OsPt_Ir/,implicit,69,-428.80461,31.9499999999948,0.62773722,-0.0007343999999999,-0.0003918,-0.0007527,0.0014648999999999,0.0,0.0142282,0.0032436999999999,0.0151988999999999,-0.0046313,0.0164749,0.0005309999999999,0.0,0.0069922999999999,-0.0009291999999999,-0.0004558999999999,-0.0005025999999999,0.0025906,0.0,-0.0078662,-0.0065344,-0.0076448,-0.0059542999999999,-0.0106571999999999,0.0074618999999999,0.0,0.0004146999999999,0.1032473,-0.0601544
06_NCL_OsPt_Ir/,implicit,70,-428.77131,44.3500000000086,0.81213043,-0.0007522,-0.0006643,-0.0015407,0.0110198999999999,0.0,0.00964,0.0039437,0.0091649999999999,-0.0041543,0.0102752,0.0115588999999999,0.0,0.0153319999999999,-0.0006309,-0.0005055999999999,-0.0004982,-0.0045912999999999,0.0,-0.0021743,-0.0056691999999999,-0.0027616999999999,-0.0070361,-0.0027234999999999,0.0008478999999999,0.0,-0.0070104999999999,0.1276466,-0.0655069
06_NCL_OsPt_Ir/,implicit,71,-428.82062,39.8999999999887,0.669188583333333,-0.0007808999999999,-0.0003185,-0.0009781,0.0133356999999999,0.0,0.0113889999999999,0.0090275,0.008472,-0.0044778,0.0060241,0.0128356999999999,0.0,0.0117138,-0.0004714999999999,-0.0002405999999999,-0.0001592999999999,-0.0079404,0.0,-0.0016217,-0.0036449999999999,-0.003575,-0.0047636999999999,-0.0009502,0.0008162,0.0,-0.0055632999999999,0.1324849999999999,-0.0562289
06_NCL_OsPt_Ir/,implicit,72,-428.83194,20.0299999999629,1.04334488333333,-0.0007844,-0.0003629,-0.0006503999999999,-0.0001597999999999,0.0,0.0042209,-0.000239,0.016803,-0.0027790999999999,0.0123446,0.0147270999999999,0.0,0.0113880999999999,-0.0008529999999999,-0.0006496999999999,-0.0002319999999999,-0.0037836,0.0,-0.0011771999999999,9.140000000000537e-05,-0.0095261,-0.0048840999999999,-0.0057954999999999,0.0044483999999999,0.0,-0.0066176999999999,0.1090162,-0.0579579999999999
06_NCL_OsPt_Ir/,implicit,73,-428.90774,-25.1499999999965,0.7688286,-0.0017999999999999,-0.0011707,-0.0011025999999999,0.0083803,0.0,0.0225794,-0.0205180999999999,0.0206116999999999,-0.0088015,0.0220552,0.0063201,0.0,0.0056644,-0.0016077,-0.0009674,-0.0006860999999999,-0.0006402999999999,0.0,-0.0098928,-0.0064487,-0.0029201,-0.010856,-0.0126538,0.0043004999999999,0.0,-0.0025371,0.1044372,-0.0898187999999999
06_NCL_OsPt_Ir/,implicit,74,-428.91711,-54.4500000000312,0.60941462,-0.0011976,-0.000959,-0.0012372,0.0274352,0.0,0.0090482999999999,-0.0276689,0.0054033999999999,-0.0062006999999999,0.0055465999999999,0.0074084,0.0,0.0158674999999999,-0.0005028,-0.0006884,-0.0004553999999999,-0.0140948,0.0,-0.0011378999999999,-0.0036459,0.0073032,-0.0110007999999999,0.002248,-0.0027066,0.0,-0.0091686,0.0668918,-0.0677001999999999
06_NCL_OsPt_Ir/,implicit,75,-428.86598,-37.9800000000046,0.601911533333333,-0.0011602,-0.0009550999999999,-0.0014608,0.025744,0.0,0.0068452,-0.0239455999999999,0.0067271,-0.0035251,0.0042344999999999,0.0121149,0.0,0.0096593,-0.0003706,-0.0007609,-0.0008925,-0.0136272999999999,0.0,-0.0025008,-0.000424,0.0036317,-0.0110216,0.0008545,-0.0017355,0.0,-0.0075720999999999,0.0685561,-0.0688381999999999
06_NCL_OsPt_Ir/,implicit,76,-428.90152,-38.9799999999809,0.8924358,-0.001586,-0.0012523999999999,-0.0010512,0.0113153,0.0,0.0180054999999999,-0.0174013,0.0212841,-0.0121285,0.0194881,0.0043373,0.0,0.0100489999999999,-0.0013736999999999,-0.0010711,-0.0009992,-0.0016893999999999,0.0,-0.0090631,-0.0068503999999999,-0.0035009999999999,-0.0132972,-0.0129796,0.0071618999999999,0.0,-0.0029139,0.1021197999999999,-0.0931532
06_NCL_OsPt_Ir/,implicit,77,-428.86796,-38.7299999999868,1.01585335333333,-0.0019442,-0.0012567999999999,-0.0011824,0.0062022999999999,0.0,0.0232655999999999,-0.0025368999999999,0.0253241999999999,-0.0143451999999999,0.0094546,0.0054879,0.0,0.0037409,-0.0018092,-0.0013686,-0.0005963,0.0006272999999999,0.0,-0.0085623999999999,-0.0095981,-0.0023584999999999,-0.0107293999999999,-0.0135705999999999,0.0030768999999999,0.0,-0.0021310999999999,0.1044199999999999,-0.0940399
06_NCL_OsPt_Ir/,implicit,78,-428.8993,20.5799999999954,0.746335323333333,-0.0007258999999999,-0.0005614,-0.000542,-0.003068,0.0,2.360000000000556e-05,0.0005516999999999,0.0112432,-0.0043659,0.0146748,0.0105684,0.0,0.0138363,-0.0003914,0.0004384999999999,-4.65000000000014e-05,-0.0019814,0.0,-0.0006743999999999,-0.0013763999999999,-0.0057163,-0.0055772,-0.0062106,0.0027975,0.0,-0.0063750999999999,0.0832692999999999,-0.0502266
06_NCL_OsPt_Ir/,implicit,79,-428.91707,30.0200000000359,0.634633446666667,-0.0006664,-0.0005960999999999,-0.0009422,0.0048383,0.0,0.0070347999999999,-0.0010242,0.0099084999999999,-0.0067494,0.0101786,0.0080183,0.0,0.0182733,-0.0004387999999999,0.0001560999999999,-1.1299999999998813e-05,-0.0034692,0.0,-0.0024967999999999,-0.0034156999999999,-5.659999999999693e-05,-0.0074731999999999,-0.0047352999999999,0.0013405,0.0,-0.0077518999999999,0.0965468,-0.0567040999999999
06_NCL_OsPt_Ir/,implicit,80,-428.92356,31.3400000000001,0.992416506666667,-0.0001121,-0.000589,-0.0009223999999999,0.0058083,0.0,0.005908,0.0018608999999999,0.01385,-0.0053658,0.0025966,0.0112354999999999,0.0,0.0126810999999999,-0.0008848999999999,4.309999999999904e-05,-0.0003806999999999,-0.0035362999999999,0.0,-0.0030334,-0.0010536999999999,0.0036295,-0.007345,-0.0022885,-0.0043323,0.0,-0.0078821,0.0939019999999999,-0.0541285999999999
06_NCL_OsPt_Ir/,implicit,81,-428.91699,22.1300000000042,0.814642646666667,-0.0003942999999999,-0.0004764,-0.0004749999999999,0.0089531999999999,0.0,0.0125801999999999,-0.0029630999999999,0.0203393,-0.0009198999999999,0.0075853,-0.0021126999999999,0.0,-0.0016747,-0.0009304999999999,0.0002875999999999,-0.0003159,-0.0013372,0.0,-0.0094177999999999,0.0003160999999999,-0.0076253999999999,-0.0051406,-0.0072987999999999,0.0057144,0.0,0.0032915999999999,0.0808833000000001,-0.0449128999999999
06_NCL_OsPt_Ir/,implicit,82,-428.37328,20.6900000000019,0.827282653333333,-0.0013196999999999,-0.0006652999999999,-0.0010309999999999,0.0102201999999999,0.0,0.0082185999999999,0.0175087999999999,0.0104240999999999,-0.0131446,0.0088233,0.0142235999999999,0.0,0.0078221,0.0001164,-4.939999999999979e-05,0.0001585,-0.0030863,0.0,-0.0031311,-0.0018364,-0.0018662999999999,-0.0053040999999999,-0.0021685999999999,-0.0057425,0.0,-0.0035801999999999,0.1221604,-0.0529802
06_NCL_OsPt_Ir/,implicit,83,-428.46525,-22.5299999999606,1.13821936666667,-0.0010531999999999,-0.0010769999999999,-0.0009506999999999,0.0030213,0.0,0.0157045,0.0164717999999999,0.014084,-0.0207239,0.0001012999999999,0.0003903999999999,0.0,0.0054352,-0.0007408999999999,-0.0018904,-0.0005773999999999,-0.0009183999999999,0.0,-0.0076716,-0.0119968,-0.002744,-0.0096095,-0.0043007,-0.0021552999999999,0.0,-0.0004843,0.0628073,-0.0861786999999999
06_NCL_OsPt_Ir/,implicit,84,-428.47128,-21.0100000000466,1.17015407333333,-0.0010151,-0.0011022,-0.0008621,0.0048392999999999,0.0,0.0117101,0.0108255999999999,0.0124196999999999,-0.0223126,0.0034117,0.0047389999999999,0.0,0.0059180999999999,-0.0006811999999999,-0.0016398999999999,-0.0006535,-0.0040208999999999,0.0,-0.0072183999999999,-0.0101978999999999,-0.0022814,-0.0123235999999999,-0.0038673,0.0011188999999999,0.0,-0.0022956,0.0571422999999999,-0.0881208999999999
06_NCL_OsPt_Ir/,implicit,85,-428.62864,6.05999999999085,0.873144933333333,-0.0004957,-0.0005966,-0.0005847999999999,0.0126684,0.0,0.0044681,0.0187504,0.0014592,-0.0104585999999999,-0.0017421,0.0200451,0.0,0.0004332999999999,-0.0004101,-0.0011283,-0.0004224999999999,-0.0086137,0.0,-0.001458,-0.0051893999999999,0.0028123999999999,-0.0081627999999999,0.0017378999999999,-0.0052829999999999,0.0,-0.0038326999999999,0.0878935999999999,-0.0598999999999999
06_NCL_OsPt_Ir/,implicit,86,-428.4719,-2.52000000000407,1.00709023333333,-0.0009261,-0.0009436,-0.0006581,0.0063738,0.0,0.0142341999999999,0.0252449999999999,0.0210032999999999,-0.0185432999999999,0.0038991999999999,-0.0010762999999999,0.0,0.0019424999999999,-0.0007783999999999,-0.0013544999999999,-0.0006170999999999,2.2700000000000498e-05,0.0,-0.0098197,-0.0068627999999999,-0.0065637999999999,-0.0109284999999999,-0.0066656,0.0056346999999999,0.0,0.0007249,0.1011007999999999,-0.0744162999999999
06_NCL_OsPt_Ir/,implicit,87,-428.46683,10.530000000017,1.09670679,-0.0008927,-0.0008361999999999,-0.0007144999999999,-0.0016386,0.0,0.0150299999999999,0.0161798,0.0138474999999999,-0.0129432999999999,0.0054223,0.0091616999999999,0.0,0.004508,-0.0006087999999999,-0.0008007,-6.890000000000021e-05,-0.0003376,0.0,-0.0061207,-0.0012836999999999,-0.0060431999999999,-0.0076003,-0.0054139999999999,0.0022324999999999,0.0,-0.0038091,0.094248,-0.0597088
06_NCL_OsPt_Ir/,implicit,88,-428.56849,66.1799999999744,0.809998653333333,-0.0009605,-0.0001494,4.5999999999999167e-05,0.0054385,0.0,0.0114379999999999,0.0251181,0.0265513,-0.008777,0.0165642,0.0084926,0.0,0.0100444999999999,0.0005013999999999,0.0002453999999999,0.0005679999999999,-0.0009651,0.0,-0.0036700999999999,-0.0028274999999999,-0.0135426,-0.0035641,-0.0068658,-0.0006706,0.0,0.0012694999999999,0.1876125,-0.0590431
06_NCL_OsPt_Ir/,implicit,89,-428.63398,79.0799999999763,0.767708633333333,-0.0006435,0.0002000999999999,-0.0002541,0.0123649999999999,0.0,0.0121713999999999,0.0336324,0.0142474999999999,-0.0083668,0.015043,0.0107845999999999,0.0,0.0057144999999999,0.0006986,0.0003658999999999,0.0005373,-0.0027941,0.0,-0.0038866,-0.0002082,-0.0057369,-0.0024889999999999,-0.0030539999999999,-0.0041525999999999,0.0,0.0007090999999999,0.1897879999999999,-0.0400212999999999
06_NCL_OsPt_Ir/,implicit,90,-428.6054,68.4400000000096,0.748175166666667,-0.0001418,-2.000000000000005e-05,-0.0008143999999999,0.0255581999999999,0.0,0.0062703999999999,0.0281762999999999,0.0017789999999999,-0.0069307,0.0046548999999999,0.0236688999999999,0.0,0.0056836,0.000358,0.0001209999999999,0.0003143,-0.0071683999999999,0.0,-0.0002766999999999,0.0010610999999999,0.0015969999999999,-0.0024072999999999,0.0009233,-0.0125138,0.0,-0.004468,0.1757684,-0.0449186
06_NCL_OsPt_Ir/,implicit,91,-428.61762,72.5500000000352,0.873195013333333,-0.0010285,0.0001409,-0.0006978,0.0144322,0.0,0.0140756999999999,0.0367543999999999,0.0099836999999999,-0.008417,0.0075600999999999,0.0101535999999999,0.0,0.0043208,0.0007495999999999,0.0004339999999999,0.0004726999999999,-0.0026476999999999,0.0,-0.0036656,-0.0017648999999999,-0.0042135,-0.0025304999999999,-0.0001087999999999,-0.0030267,0.0,-0.0010179,0.174556,-0.0346385999999999
06_NCL_OsPt_Ir/,implicit,92,-428.54877,50.360000000012,0.825341113333333,-0.0011571999999999,-0.0002925999999999,-0.000614,0.0082949,0.0,0.0196827,0.0231152,0.0204117,-0.0090903,0.0084985,0.0046328999999999,0.0,0.0074088,0.0008349999999999,0.0001835999999999,0.0001856,0.0002634,0.0,-0.0060036,-0.0020302,-0.0101409,-0.0048666999999999,-0.0050317,-0.0003154,0.0,-0.0010041,0.1617805,-0.0558501
06_NCL_OsPt_Ir/,implicit,93,-428.64588,7.60999999999967,0.858096575333333,-0.0007613,-0.0007656,-0.0007221,0.0006233999999999,0.0,0.0120599,0.0194519999999999,0.0159319,-0.0127032,0.0078936,-0.0030663999999999,0.0,0.0060712,-0.0004599,-0.0008162999999999,-0.0002044999999999,0.0017620999999999,0.0,-0.0066008,-0.0063589,-0.0056714,-0.0100399,-0.0057831,0.0048006,0.0,-0.0016073999999999,0.0880264,-0.0619587
06_NCL_OsPt_Ir/,implicit,94,-428.66099,13.0900000000338,0.76970351,-0.000657,-0.0008648,-0.0010216,-0.0032068,0.0,0.0065113,0.0198186999999999,0.0112415,-0.0167509,0.0108322,0.0085206999999999,0.0,0.0141203,-0.0005134,-0.0007279,-8.170000000000052e-05,0.0010282,0.0,-0.0033473,-0.0060751,-0.0021998999999999,-0.01096,-0.0057965,0.0005246,0.0,-0.0075293,0.0970872,-0.0713568999999999
06_NCL_OsPt_Ir/,implicit,95,-428.66117,22.1199999999726,0.911691703333333,-0.0007638,-0.0007276,-0.0004965,0.0002436999999999,0.0,0.0216069999999999,0.0232673999999999,0.0243511999999999,-0.0146304999999999,-0.0040884,-0.0005195999999999,0.0,0.0030664,-0.0015213999999999,-0.0011067999999999,-0.0002474,0.0013817,0.0,-0.0087224,-0.0007837999999999,-0.0061791,-0.0084543,-0.0084330999999999,0.0056452,0.0,-0.0015659999999999,0.1026184,-0.0599747999999999
06_NCL_OsPt_Ir/,implicit,96,-428.44547,-42.00000000003,1.09142994,-0.0008698,-0.0015646999999999,-0.0007779,0.0049906,0.0,0.0102034999999999,0.0067402999999999,0.0247433999999999,-0.0264163,0.0043384999999999,-0.0054376,0.0,0.0029985,-0.0017489,-0.0023358,-0.0006607999999999,0.0008929999999999,0.0,-0.0071681,-0.006291,-0.0060438999999999,-0.0179725,-0.0094359999999999,0.0063674,0.0,-0.0017552,0.0378965,-0.0923036999999999
06_NCL_OsPt_Ir/,implicit,97,-428.40255,-15.9800000000132,1.1065039,-0.0008996,-0.0015139,-0.0009869,0.0139116999999999,0.0,0.0048878,0.0261823,-0.0013255,-0.0225761,0.0005283,0.0072187999999999,0.0,0.0001705,-0.0007557999999999,-0.0020187,-0.0006555999999999,-0.0081754,0.0,-0.0007185,-0.0074598999999999,0.0023984999999999,-0.0158725999999999,0.0007278,-0.0041969999999999,0.0,-0.003253,0.0511947999999999,-0.0799596999999999
06_NCL_OsPt_Ir/,implicit,98,-428.37978,1.16000000002714,0.82769349,-0.0004338,-0.0009575,-0.0007563,0.0011729,0.0,-0.0011292999999999,0.0101399,0.007399,-0.0169737,0.0019585,0.0229001,0.0,0.0139304,-0.0002786999999999,-0.0014432999999999,-0.0010873999999999,-0.0045271999999999,0.0,-6.959999999999952e-05,0.0006755999999999,0.0072428,-0.0108707,-0.0028179,-0.0096312,0.0,-0.0090146,0.0745006,-0.0636442999999999
06_NCL_OsPt_Ir/,implicit,99,-428.39424,-14.2900000000168,1.05066726,-0.0007870999999999,-0.0013189,-0.0007493,-0.0015095,0.0,0.0007458,0.0335809,0.0205732,-0.0226613999999999,0.0105118,0.0004481999999999,0.0,0.0024617,-0.0014477999999999,-0.0023448999999999,-0.0004177999999999,0.0014176999999999,0.0,-0.0032212,-0.0075339,-0.0088685,-0.0137897,-0.0093228,0.0048385,0.0,-0.0030115999999999,0.0825905,-0.0874042
08_NCL_IrPd_vacuum/,implicit,1,-454.38294,27.3799999999937,0.30946751,-5.699999999999976e-05,-0.0025292,-0.0002089999999999,-0.0146857999999999,0.0,-0.0093466,0.0375119999999999,-0.0001754999999999,-0.0246593999999999,-0.0001238,-0.0013733999999999,0.0,0.0075508999999999,0.0001239999999999,-0.0001371999999999,5.870000000000007e-05,-0.0010826999999999,0.0,-0.0001757,0.0020808,0.000217,-0.0121665,-0.0002785,0.0002338,0.0,-0.0002165,-0.0161938999999999,-0.0226856
08_NCL_IrPd_vacuum/,implicit,2,-453.06671,36.1200000000395,0.0780205803333333,7.370000000000033e-05,-0.0019329,-6.77999999999998e-05,-0.006447,0.0,-0.0106644,0.0818214999999999,0.0016738999999999,-0.0274950999999999,-0.0098234,0.0027352999999999,0.0,-0.016051,0.0001546999999999,0.0001004,0.0001120999999999,-0.0006261999999999,0.0,-0.0002693999999999,0.0031133,-0.0019494,-0.0110215,-0.0011386,-0.0007667999999999,0.0,-0.0002637999999999,0.0276452,-0.0251106
08_NCL_IrPd_vacuum/,implicit,3,-452.68987,46.5399999999931,-0.063612803,7.010000000000002e-05,-0.0005000999999999,4.589999999999976e-05,-0.0104792,0.0,-0.0102321,0.0814295999999999,0.004226,-0.0172033999999999,-0.0120779,0.0009153999999999,0.0,-0.0116484,0.0002887,-7.400000000000001e-05,0.0002869999999999,-0.0002764,0.0,-0.0001054,0.0021642999999999,-0.0041382,-0.0044394,0.0007567,-0.0029026,0.0,0.0003404999999999,0.0490916999999999,-0.0161975999999999
08_NCL_IrPd_vacuum/,implicit,4,-452.67432,45.4399999999851,0.0258403156666667,2.480000000000017e-05,-0.0001585,0.0001352,-0.0107748,0.0,-0.0077555999999999,0.0725813,-0.0307631,0.0145738999999999,-0.0100188,0.0040562999999999,0.0,-0.0026154999999999,0.0007766,0.0005365999999999,0.0001070999999999,-0.0002452,0.0,-0.0012799,0.0017231,-0.000174,0.0004101,0.0009231999999999,0.0003264,0.0,0.0005561,0.0585702000000001,0.0073203999999999
08_NCL_IrPd_vacuum/,implicit,5,-452.5992,14.4700000000171,0.042697753,-4.290000000000023e-05,-0.0004615999999999,0.0001671999999999,-0.0067973999999999,0.0,-0.010268,0.0779121,-0.0340497999999999,0.007237,-0.0154557,0.0005865999999999,0.0,-0.0142905999999999,0.0003784999999999,0.0005166,2.329999999999997e-05,0.0003898999999999,0.0,-0.0009153,0.002051,0.0041898,-0.0018831999999999,0.0005162999999999,0.0008851,0.0,0.0003198,0.0090744,0.0129435
08_NCL_IrPd_vacuum/,implicit,6,-452.78748,40.8199999999965,0.076253745,9.779999999999944e-05,-0.0004931,9.509999999999989e-05,-0.0144024,0.0,-0.0124148,0.0881087999999999,-0.0066964999999999,-0.0023732999999999,-0.0119633,-0.0045247999999999,0.0,-0.0055214,0.0002315,0.0002951,0.0002633,0.0001758999999999,0.0,-0.0008361,0.0024302999999999,-0.0025114,-0.002824,0.0006691,-0.0003552999999999,0.0,3.479999999999998e-05,0.0598239999999998,-0.0048532999999999
08_NCL_IrPd_vacuum/,implicit,7,-452.91066,36.5899999999897,0.080558369,2.179999999999977e-05,-0.0007624999999999,0.0001763999999999,-0.015529,0.0,-0.0049387999999999,0.0799122,0.0125407,-0.023553,-0.0138282,-0.0013774,0.0,-0.0098499,1.730000000000004e-05,-0.0001181,0.0003381,0.0004450999999999,0.0,0.0001853,0.0023301,-0.0027374,-0.0064096,0.0001185999999999,-0.0053058,0.0,-0.0015559999999999,0.0456251,-0.0253851
08_NCL_IrPd_vacuum/,implicit,8,-452.70324,48.4799999999837,0.017878956,3.959999999999988e-05,-0.0001399,-1.4300000000000077e-05,-0.0044153,0.0,-0.0130701,0.0772185,-0.0247147999999999,0.0140933999999999,-0.0157083,-0.0033248999999999,0.0,-0.0057595,0.0005767999999999,0.0005282,0.0001285999999999,0.0003374999999999,0.0,0.0003102999999999,0.0017194,-0.0001163,0.0003826999999999,0.0003076999999999,0.001648,0.0,-0.0002622,0.0484088,0.0111213999999999
08_NCL_IrPd_vacuum/,implicit,9,-452.51526,64.3900000000031,0.118779072333333,0.0002445,6.299999999999882e-06,0.0001402,-0.0014422,0.0,-0.0064373999999999,0.0748511,0.0021585999999999,0.0234754,-0.0104602,-0.0418208,0.0,-0.0125386,0.0001115999999999,0.0006746,0.0007044,-0.0011252,0.0,-0.0001629,0.0015137,-0.0004944999999999,0.0021809999999999,0.0008717,0.0035574,0.0,0.0007533,0.056354,0.0171703
08_NCL_IrPd_vacuum/,implicit,10,-452.60495,21.8899999999849,0.0161888856666667,-0.0001724,-0.0012545999999999,-0.0002475999999999,-0.0083988,0.0,-0.0120159,0.0840823,-0.0034985,-0.0259973,-0.0079726999999999,-0.0091315,0.0,-0.0096540999999999,0.0001578999999999,0.0001319999999999,0.000131,-0.0007055,0.0,-0.0002768999999999,0.0013736999999999,-0.0002711,-0.0085394,0.0003385,0.0010588999999999,0.0,0.0002861999999999,0.0114777999999999,-0.0126295999999999
08_NCL_IrPd_vacuum/,implicit,11,-452.45388,13.6100000000283,0.033704769,-0.0001077999999999,-0.0012479,-6.029999999999924e-05,-0.0149637999999999,0.0,-0.0049481,0.0920054,0.0093096,-0.0278891,-0.0160546,-0.0191379,0.0,-0.0108084999999999,7.470000000000003e-05,7.760000000000004e-05,0.0003358,0.0004246,0.0,0.0001850999999999,0.0015742,-0.0017504999999999,-0.0090171,-0.0003054999999999,0.0005312,0.0,-0.0015800999999999,0.0121941999999999,-0.0189003
08_NCL_IrPd_vacuum/,implicit,12,-452.65927,18.4700000000362,-0.0402661906666667,-0.0001888,-0.0007801,-0.0001367,-0.006869,0.0,-0.0109966999999999,0.0790606,-0.0214789,-0.0180819,-0.0075185999999999,0.0002000999999999,0.0,-0.008339,0.0002123999999999,0.0001702,9.129999999999987e-05,-0.0004322,0.0,-0.0002944,0.0022478,0.002128,-0.0059371,0.000263,-0.0005276,0.0,0.000273,0.0097423,-0.0036114
08_NCL_IrPd_vacuum/,implicit,13,-452.50137,36.2599999999702,-0.145221746666667,-5.789999999999962e-05,-0.0005790999999999,2.530000000000067e-05,-0.0074749999999999,0.0,-0.017976,0.0878018,-0.0183511,-0.0196616999999999,-0.0135982,0.0076812999999999,0.0,-0.0117339,0.0002531999999999,-9.680000000000002e-05,4.159999999999993e-05,-5.790000000000005e-05,0.0,0.00025,0.0025490999999999,0.0002756999999999,-0.0051259999999999,0.0003105,-0.0019008,0.0,0.0001393,0.012151,-0.0067239999999999
08_NCL_IrPd_vacuum/,implicit,14,-452.47924,11.0900000000242,-0.112820553333333,0.0002926999999999,0.0001984999999999,0.0002171999999999,-0.0147523,0.0,-0.0064111,0.0679471,0.0043703999999999,0.0224552,-0.0144248,-0.0340218,0.0,-0.0136869,2.3500000000000083e-05,0.0004233,0.000379,0.0004692,0.0,0.0002548999999999,0.0012341,0.0004632,0.0030317,6.130000000000003e-05,0.0038357999999999,0.0,-0.0002167,0.0243682999999999,0.019919
08_NCL_IrPd_vacuum/,implicit,15,-454.38289,27.2600000000125,0.315002633333333,-9.840000000000022e-05,-0.002559,-0.0001624,-0.0129576999999999,0.0,-0.0120149999999999,0.0364897999999999,-0.0018021,-0.0249326999999999,0.0002567,0.0009887,0.0,0.008849,6.079999999999974e-05,-0.0001395,0.0001315999999999,-0.0011427,0.0,1.1300000000000112e-05,0.0020463,0.0010695,-0.0123224,-0.0002362,-0.0007656999999999,0.0,-0.0004372999999999,-0.0158861999999999,-0.0234488
08_NCL_IrPd_vacuum/,implicit,16,-453.03347,36.6799999999898,0.0967689346666667,8.38000000000002e-05,-0.0016181,-7.619999999999936e-05,-0.0089385,0.0,-0.0084126,0.0854330999999999,0.0018096999999999,-0.0244359,-0.0131882,0.0011795,0.0,-0.0134244,0.0001583999999999,0.0001256,6.180000000000009e-05,-4.8799999999999885e-05,0.0,-0.0006603,0.0032814999999999,-0.0025412,-0.010187,-0.001036,-5.479999999999981e-05,0.0,-0.0006277,0.0368245,-0.0230571
08_NCL_IrPd_vacuum/,implicit,17,-452.6899,46.5599999999995,-0.065672335,7.069999999999993e-05,-0.0004994999999999,4.640000000000026e-05,-0.0104637999999999,0.0,-0.0102193,0.0814242,0.004208,-0.0171855,-0.0120796999999999,0.0009489999999999,0.0,-0.0116501,0.0002889999999999,-7.34e-05,0.0002863,-0.0002766,0.0,-0.0001057,0.0021623,-0.0041443,-0.0044342,0.000757,-0.0029048,0.0,0.0003412,0.0492008999999999,-0.0162066999999999
08_NCL_IrPd_vacuum/,implicit,18,-452.67478,45.0900000000161,0.035925161,1.880000000000024e-05,-0.0001635,0.0001365999999999,-0.0105622999999999,0.0,-0.0079642,0.0727748,-0.0301221,0.0145169,-0.0101275999999999,0.0035319,0.0,-0.0025887,0.0007609999999999,0.0005388999999999,0.0001259999999999,-0.0002065999999999,0.0,-0.0012121,0.0017742,-8.699999999999984e-05,0.0003768999999999,0.0008367,0.0002106999999999,0.0,0.0004473,0.0589014999999999,0.0071321
08_NCL_IrPd_vacuum/,implicit,19,-452.59949,17.5600000000031,0.0099552294666666,2.619999999999966e-05,-0.0003034999999999,0.0001467999999999,-0.0056477,0.0,-0.0071748999999999,0.0662134,-0.0255955999999999,0.0058019999999999,-0.0132108999999999,0.0003826999999999,0.0,-0.0115806,0.0001964999999999,0.0003345,1.899999999999992e-05,-0.0001341999999999,0.0,-0.0008451,0.0019652,0.0031221,-0.0011652,0.0006835,0.0005154,0.0,0.0005189,0.0181166000000001,0.0104216999999999
08_NCL_IrPd_vacuum/,implicit,20,-452.78752,40.9099999999967,0.0877097766666667,7.439999999999964e-05,-0.0004734999999999,0.0001331999999999,-0.0140932,0.0,-0.0094387,0.0878901,-0.0064492,-0.0020825,-0.0123283,-0.0046182,0.0,-0.007998,0.0002177,0.0002974,0.0003232999999999,0.0002957,0.0,-0.0007321999999999,0.0024097,-0.0019037,-0.0026951,0.0005421999999999,-0.0011993999999999,0.0,-7.210000000000007e-05,0.0612326999999999,-0.0050329999999999
08_NCL_IrPd_vacuum/,implicit,21,-452.88063,35.6799999999566,0.0487865823333333,4.760000000000007e-05,-0.000717,9.61e-05,-0.0176796,0.0,-0.0058533,0.0812765,0.0107069,-0.0225829,-0.0123202,-0.0038415,0.0,-0.0092224,5.579999999999995e-05,-0.0001064999999999,0.0002810999999999,0.000433,0.0,-3.729999999999988e-05,0.0024456,-0.0034814,-0.006361,0.0001563,-0.0033399,0.0,-0.0011844,0.0398205,-0.0222769999999999
08_NCL_IrPd_vacuum/,implicit,22,-452.6747,47.8400000000079,-0.0081587243333333,2.7999999999998512e-06,-0.0001240999999999,3.499999999999944e-05,-0.0149026999999999,0.0,-0.0023244,0.0801858,-0.0091216999999999,0.0157309999999999,-0.0115118999999999,-0.0228048,0.0,-0.0134094,0.0003239,0.0005212,0.0004366999999999,0.0007544,0.0,0.0001361,0.0017678,0.0004185,0.0005858,-0.0001013999999999,0.0013552,0.0,2.1900000000000044e-05,0.043511,0.0124401999999999
08_NCL_IrPd_vacuum/,implicit,23,-452.48428,68.7399999999911,0.111996234,0.0002376,5.339999999999989e-05,0.0001276999999999,-0.0028399999999999,0.0,-0.0065495,0.0759548999999999,0.0003621999999999,0.0251696999999999,-0.0105123,-0.0424122999999999,0.0,-0.0128307,0.0001107999999999,0.0006626,0.0006525,-0.0012377,0.0,-2.760000000000002e-05,0.0014397,-0.0003256999999999,0.0026646,0.0009251,0.0042213,0.0,0.0008499,0.0535213000000001,0.0198707999999999
08_NCL_IrPd_vacuum/,implicit,24,-452.56579,20.4100000000267,0.0272154246666667,-0.0001242999999999,-0.0011947999999999,-0.0002138,-0.0078949,0.0,-0.0142266999999999,0.0862899999999999,-0.0128147999999999,-0.0264685,-0.0081508,0.0004696,0.0,-0.0116693,0.0002871999999999,0.0001124,2.2799999999999904e-05,-0.0003993,0.0,7.109999999999994e-05,0.0016003,0.0001464999999999,-0.0088358,9.399999999999903e-06,0.0002590999999999,0.0,-7.899999999999986e-05,0.0080033999999999,-0.0136109
08_NCL_IrPd_vacuum/,implicit,25,-452.43293,30.179999999973,0.027665901,-3.859999999999975e-05,-0.0011403999999999,-0.0001237,-0.0040678,0.0,-0.0117378,0.0779113,0.0154466999999999,-0.0246575,-0.0080441,-0.0205023,0.0,-0.0087927,-5.539999999999994e-05,5.630000000000001e-05,0.0002822999999999,-0.0014709,0.0,-7.280000000000003e-05,0.0017863,-0.0020968,-0.0085425,0.0003009,0.0018873999999999,0.0,-0.0004434,0.0285060000000001,-0.0167374
08_NCL_IrPd_vacuum/,implicit,26,-452.60434,20.1700000000073,-0.025369174,-5.55e-05,-0.0004177999999999,4.8099999999999705e-05,-0.0091440999999999,0.0,-0.0145034999999999,0.0733034,-0.0224005999999999,0.0007852999999999,-0.0079686,-0.0014350999999999,0.0,-0.0087301,0.0002290999999999,0.0003059,0.0001047,-0.0004309999999999,0.0,-0.0003319,0.0022619,0.0029901,-0.0023844999999999,0.0002571999999999,8.529999999999996e-05,0.0,0.0003139,0.0189634,0.0068014999999999
08_NCL_IrPd_vacuum/,implicit,27,-452.48635,55.6500000000142,-0.161868355,0.0003348,0.0001134,9.529999999999957e-05,0.0030454999999999,0.0,-0.0083276,0.0613601999999999,0.0119456999999999,0.0214428,-0.011874,-0.0392282999999999,0.0,-0.0118220999999999,6.41000000000001e-05,0.0004940999999999,0.0005066,-0.0020899,0.0,-0.0001679999999999,0.0010283,-0.0020551,0.002443,0.0010770999999999,0.0041747999999999,0.0,0.0006328,0.0541715,0.0122153
08_NCL_IrPd_vacuum/,implicit,28,-452.44701,-11.889999999994,-0.120892935333333,3.249999999999954e-05,-0.0003982,1.479999999999971e-05,-0.0138139999999999,0.0,-0.0104209999999999,0.0721922,-0.0214211999999999,0.0047999999999999,-0.0027442999999999,-0.0137956,0.0,-0.0037237,0.0003646,0.0003494,0.000268,0.0007425999999999,0.0,0.000867,0.0015637999999999,0.0021994,-0.0017907,-0.0009282999999999,0.00191,0.0,-0.0013754,0.0214433999999998,0.0083413999999999
08_NCL_IrPd_vacuum/,implicit,29,-454.3829,27.2300000000314,0.315891876666667,-8.850000000000004e-05,-0.0025543,-0.000173,-0.0133277,0.0,-0.0113932,0.0366137,-0.0013951999999999,-0.0248977,0.0001794,0.0004525,0.0,0.0085605,7.529999999999993e-05,-0.0001398,0.0001155999999999,-0.0011327,0.0,-3.669999999999976e-05,0.0020505,0.0008724,-0.0123053,-0.0002428,-0.0005392,0.0,-0.0003871999999999,-0.0160473,-0.0233395
08_NCL_IrPd_vacuum/,implicit,30,-453.05347,35.9500000000139,0.15618828,0.0001101999999999,-0.00222,-0.0001581999999999,-0.0148755,0.0,-0.0075455,0.0814724,0.0070434,-0.029653,-0.012811,-0.0005354,0.0,-0.0088414999999999,0.0002834,8.410000000000004e-05,1.540000000000005e-05,-0.0002441,0.0,-0.0016779999999999,0.0031059,-0.0038725,-0.0114928999999999,-0.0002458,0.0009732,0.0,3.23000000000003e-05,0.0239709999999999,-0.0260776999999999
08_NCL_IrPd_vacuum/,implicit,31,-452.68988,46.510000000012,-0.065924064,7.059999999999966e-05,-0.0004982,4.620000000000058e-05,-0.0104381,0.0,-0.0102341999999999,0.0814446,0.0041302999999999,-0.0171523,-0.0120889,0.00097,0.0,-0.0116565,0.0002900999999999,-7.290000000000004e-05,0.0002853999999999,-0.0002783,0.0,-0.0001072,0.002162,-0.0041464,-0.0044285999999999,0.0007570999999999,-0.0028972,0.0,0.0003428,0.0491867999999999,-0.0161868
08_NCL_IrPd_vacuum/,implicit,32,-452.67447,45.0799999999845,0.0378558033333333,1.860000000000056e-05,-0.0001643,0.0001374,-0.0105406,0.0,-0.0078867,0.0726301,-0.0300421,0.0145095,-0.0100917999999999,0.0034671,0.0,-0.0026289999999999,0.0007586999999999,0.0005395,0.0001285999999999,-0.0002033,0.0,-0.0012099,0.0017822,-7.570000000000016e-05,0.0003718999999999,0.0008264999999999,0.0001905999999999,0.0,0.0004369999999999,0.0588164999999998,0.0070918999999999
08_NCL_IrPd_vacuum/,implicit,33,-452.5996,14.2899999999599,-0.0341048966666667,-7.069999999999993e-05,-0.0004806,0.0001755,-0.0074509,0.0,-0.0096142,0.0770683,-0.0325758,0.0061935,-0.0145023,-0.0006382999999999,0.0,-0.0126055999999999,0.0003879,0.0005306,6.829999999999987e-05,0.0003981,0.0,-0.0011565,0.0022492,0.0038201999999999,-0.0020808,0.000557,0.0007533999999999,0.0,0.0004598999999999,0.0109983999999998,0.0119739999999999
08_NCL_IrPd_vacuum/,implicit,34,-452.78752,40.7399999999711,0.0876036186666667,8.579999999999959e-05,-0.0004835999999999,0.0001146999999999,-0.0142381,0.0,-0.0108598,0.0878862,-0.0065983,-0.0022307,-0.0121443999999999,-0.0045487,0.0,-0.0067615,0.0002244,0.0002966,0.0002933,0.0002376999999999,0.0,-0.0007861,0.0024212,-0.0021921,-0.0027541999999999,0.0006055,-0.0007828,0.0,-2.120000000000008e-05,0.0604435999999999,-0.0049150999999999
08_NCL_IrPd_vacuum/,implicit,35,-452.90693,38.0099999999857,0.08916689,2.360000000000036e-05,-0.0007779999999999,0.0002000999999999,-0.0150902,0.0,-0.0047079999999999,0.0796120999999999,0.0132583,-0.0237812,-0.0141935,-0.0006893,0.0,-0.0100032,1.0000000000000026e-05,-0.0001194999999999,0.0003384,0.0004883999999999,0.0,0.0002412,0.0023005,-0.0027508,-0.0063797,0.0001004999999999,-0.005637,0.0,-0.0016367,0.0477008000000001,-0.0260893999999999
08_NCL_IrPd_vacuum/,implicit,36,-452.69309,48.4200000000214,0.008652672,2.88000000000007e-05,-0.0001391999999999,-1.020000000000014e-05,-0.0056625999999999,0.0,-0.0132992,0.0753238,-0.0260636999999999,0.0137732999999999,-0.0142201,-0.0027188,0.0,-0.0043349,0.0006111,0.0005350999999999,0.0001248,0.0002917999999999,0.0,0.0001272999999999,0.0016604999999999,8.820000000000008e-05,0.0004147,0.0004098,0.0016562,0.0,-0.0001235999999999,0.0453542,0.0115922
08_NCL_IrPd_vacuum/,implicit,37,-452.51133,48.090000000002,0.118781082666667,0.0001599,-0.0001491,0.0001445999999999,-0.0159662,0.0,-0.0073624999999999,0.0857412,-0.0058866,0.0172411,-0.0132564,-0.0329176,0.0,-0.0174197,0.0001939999999999,0.0006187,0.0006295,0.0004496,0.0,-7.909999999999992e-05,0.0020573,0.0007295,0.0008982999999999,0.0005195999999999,0.0021012999999999,0.0,0.0006572,0.0206575999999998,0.0175513999999999
08_NCL_IrPd_vacuum/,implicit,38,-452.60316,21.7399999999657,0.119074565201667,-0.0002160999999999,-0.001198,-0.0002335999999999,-0.0116692,0.0,-0.0058239999999999,0.0836775999999999,0.0052678999999999,-0.0245659999999999,-0.011708,-0.0206466,0.0,-0.0069623999999999,4.7999999999999866e-05,0.0001459,0.000253,8.350000000000002e-05,0.0,-0.0001789999999999,0.0011808,-0.0007765,-0.0079470999999999,-0.0001592,0.0019647999999999,0.0,-0.0001058999999999,0.0118434999999998,-0.0109831999999999
08_NCL_IrPd_vacuum/,implicit,39,-452.44994,32.4100000000271,0.03268449,-5.449999999999986e-05,-0.0012518,-0.0001113999999999,-0.0017230999999999,0.0,-0.0132040999999999,0.0775519,0.0136522,-0.0250148,-0.0074465,-0.0174755,0.0,-0.0073672,-2.1100000000000025e-05,8.839999999999998e-05,0.0003106,-0.0013053,0.0,0.0001019999999999,0.0016014999999999,-0.0017610999999999,-0.0085475,0.0002887999999999,0.0007872999999999,0.0,-0.0008147999999999,0.0351106000000001,-0.0185429999999999
08_NCL_IrPd_vacuum/,implicit,40,-452.65932,-13.4100000000217,-0.036616127,0.0002307999999999,0.0001306,0.0002446999999999,-0.0072796,0.0,-0.0110146,0.0673125,-0.0249528,0.016124,-0.0104885,-0.0020870999999999,0.0,-0.0091567,0.0002779999999999,0.0002953,4.950000000000007e-05,1.739999999999988e-05,0.0,3.0999999999999995e-05,0.0012937999999999,0.0023665,0.0017240999999999,0.0008361,0.0006536999999999,0.0,-5.060000000000004e-05,0.0381268000000001,0.0149895
08_NCL_IrPd_vacuum/,implicit,41,-452.48485,4.41999999998188,-0.143477125333333,0.0001413,-0.000106,0.0002024999999999,-0.0087392999999999,0.0,-0.019405,0.0691784999999999,-0.0323496,0.0131504,-0.009872,0.0052332,0.0,-0.0100518,0.0004936999999999,0.0004528,0.0001147999999999,0.0003256,0.0,0.0007119,0.0013945,0.0022565,0.0006558999999999,-0.0001145,-0.0001823,0.0,-0.0001565,0.0147641999999998,0.0119048
08_NCL_IrPd_vacuum/,implicit,42,-452.47457,23.1300000000374,-0.0378934076666667,-6.730000000000017e-05,-0.0007583,-0.000191,-0.0168438,0.0,-0.0064177999999999,0.0848228999999999,0.0122625,-0.0243358999999999,-0.0118974999999999,-0.0279333999999999,0.0,-0.0104762,-5.749999999999983e-05,-0.0001141,0.0002539999999999,0.0004457,0.0,8.799999999999997e-05,0.0024555999999999,-0.0016673999999999,-0.0063304,-0.0001803,0.0030938,0.0,-8.750000000000012e-05,-0.0036719,-0.0042001
08_NCL_IrPd_vacuum/,implicit,43,-454.32547,38.2700000000114,0.22851664,0.0002953,-0.0006981,0.0007934,0.0015751999999999,0.0,0.0149507,0.0351923999999999,-0.0005287,0.0085469999999999,-0.0186722999999999,0.0077052999999999,0.0,-0.0247312,0.0001970999999999,-5.6500000000000127e-05,-9.330000000000015e-05,-1.5299999999999776e-05,0.0,-0.0001687999999999,0.0017913999999999,-0.000943,-0.0058629999999999,5.919999999999992e-05,0.0033266,0.0,-0.0024064,0.048858,-0.008344
08_NCL_IrPd_vacuum/,implicit,44,-454.3432,35.3000000000065,0.186005226666667,-2.799999999999938e-05,-0.0012877,0.0004578999999999,0.0076654999999999,0.0,0.0045766,0.048197,-0.0022586,-0.0119825,-0.0224942,0.0151895,0.0,-0.0238195999999999,-6.730000000000017e-05,-0.0001747,1.3299999999999944e-05,-0.0003593999999999,0.0,3.839999999999996e-05,0.0025921,0.0025547999999999,-0.0076733999999999,0.0001819999999999,-0.0014372,0.0,-0.0024394,0.0284314999999999,-0.0135418
08_NCL_IrPd_vacuum/,implicit,45,-454.28714,35.8999999999696,0.15236996,-0.0003229,-0.0012843,0.0002295999999999,0.0089245,0.0,-0.0006994999999999,0.0316992,-0.0062894,-0.0116071,-0.0106622,0.0118604999999999,0.0,-0.005492,-8.770000000000002e-05,5.50000000000008e-06,0.0001478999999999,-0.0001302999999999,0.0,0.0006773,0.0022392999999999,0.0007336,-0.0075234,8.890000000000005e-05,-0.0073101999999999,0.0,-0.0021918999999999,0.0327128000000001,-0.0267023
08_NCL_IrPd_vacuum/,implicit,46,-452.63227,49.7100000000046,0.0626499336666667,-0.0001891999999999,-0.0004185999999999,-0.0002720999999999,-0.0141301,0.0,-0.0007907999999999,0.0647374,-0.0049696,0.0099029,-0.0102682999999999,-0.0294945999999999,0.0,-0.0134329999999999,-0.0001418999999999,1.0999999999999723e-06,0.0001483999999999,0.0009699,0.0,2.5099999999999905e-05,0.0016576999999999,0.0010246,-0.0045144,-0.0008096,0.0037457,0.0,-8.719999999999995e-05,0.0013479,0.0040388999999999
08_NCL_IrPd_vacuum/,implicit,47,-454.29827,40.3099999999768,0.220261756666667,0.0001745,-0.0010910999999999,0.0001729,-0.0130566,0.0,-0.01234,0.0453064,0.0156115,-0.0114478,0.0049811,0.0032741,0.0,-0.0003467,0.0001550999999999,-6.420000000000015e-05,3.840000000000007e-05,-3.940000000000001e-05,0.0,0.0004265999999999,0.0023727999999999,-0.0066469,-0.0070718999999999,-0.0018912,0.0017909,0.0,-0.0010389,0.0624766000000001,-0.0239378
08_NCL_IrPd_vacuum/,implicit,48,-453.0038,39.3700000000194,0.105699426,0.0002178,-0.0013116,-0.0001555,-0.0022765999999999,0.0,-0.0151275,0.0513095999999999,0.0074445999999999,-0.0100929999999999,-0.0063732999999999,-0.0072686,0.0,0.0017150999999999,0.0001444,0.0001941,8.550000000000007e-05,0.0003306,0.0,-0.0009262999999999,0.0019913,-0.0042895999999999,-0.0080757,-0.0009334,-0.0005295,0.0,-0.0002006,0.0361617999999999,-0.0244184999999999
08_NCL_IrPd_vacuum/,implicit,49,-453.05453,42.5400000000309,0.0865397,0.0003604,-0.0014415,-0.0002138999999999,-0.0058518,0.0,-0.0161788,0.0699766,0.0062578999999999,-0.0147081,-0.0044616999999999,-0.0036107,0.0,-0.0083302,0.0001912,0.0001553,6.639999999999988e-05,0.000801,0.0,-0.0003310999999999,0.0023634999999999,-0.0037572,-0.008013,-0.0021013,-0.0002684,0.0,-0.0009512,0.0435963999999999,-0.0236897999999999
08_NCL_IrPd_vacuum/,implicit,50,-453.05433,50.2999999999929,0.107054343333333,0.0002712,-0.0011138999999999,0.0001846999999999,-0.0089615,0.0,-0.0027275,0.0603208,0.0022763999999999,-0.0047492999999999,-0.0102845999999999,0.0070193,0.0,-0.0142713,7.740000000000004e-05,0.0001191,0.0002260999999999,0.0001354,0.0,-0.0008791999999999,0.0026178,-0.0011875,-0.0073836999999999,-0.0009708,-0.0026555999999999,0.0,-0.0011277999999999,0.0559285999999998,-0.0220572
08_NCL_IrPd_vacuum/,implicit,51,-453.07213,45.9000000000174,0.129113238333333,0.0005257999999999,-0.0013926,-0.0001809999999999,-0.0094312,0.0,-0.0090025,0.0710268,0.0160203,-0.0132815999999999,-0.0149625,-0.0053361999999999,0.0,-0.0100733,0.0004188,0.0001026,-2.769999999999986e-05,6.709999999999984e-05,0.0,-0.0017251999999999,0.0029615,-0.0064947,-0.0083097999999999,-0.0009973,0.0028482,0.0,0.0004335,0.0478244000000001,-0.0214460999999999
08_NCL_IrPd_vacuum/,implicit,52,-453.04495,50.2099999999928,0.169623901333333,0.000517,-0.0010539,-0.0001695,-0.001888,0.0,-0.0026329,0.0637997999999999,0.0149157,-0.0054538,-0.0172910999999999,-0.0094534,0.0,-0.0103387,0.0004203,0.0001664,-1.6199999999999635e-05,0.000107,0.0,-0.0016374,0.0021418,-0.008007,-0.0058677,-0.0010071,0.0021936,0.0,0.0007965,0.0619027,-0.0214199
08_NCL_IrPd_vacuum/,implicit,53,-452.65371,54.3499999999995,0.0805049326666667,6.849999999999998e-05,-0.0003233,-4.760000000000007e-05,-0.0025929999999999,0.0,-0.0115401,0.0663492,0.0021333,0.0057472999999999,-0.0120202,-0.0128135,0.0,-0.0060763999999999,0.0001368999999999,-8.529999999999996e-05,0.0003328999999999,0.0008908999999999,0.0,0.0008398999999999,0.0015152,-0.0018978,-0.0035015,-0.0005292999999999,-0.002619,0.0,-0.0004916,0.0577689000000001,-0.0108173
08_NCL_IrPd_vacuum/,implicit,54,-452.67806,45.880000000011,0.0077745680666666,-5.199999999999996e-05,-0.0004757,1.7800000000000107e-05,-0.0069674,0.0,-0.0068602,0.0656792,-0.0091656,-0.0063806,-0.0066941,0.0015386999999999,0.0,-0.0083922,0.0004005,-0.0001305,0.0001908999999999,-0.0001736,0.0,0.0001509999999999,0.0017062999999999,-0.0043095,-0.0043213999999999,0.0009281,-0.003229,0.0,0.0004276,0.0444953000000001,-0.0167194
08_NCL_IrPd_vacuum/,implicit,55,-452.67689,37.0800000000031,0.0687449866666667,-0.0002103,-0.000566,-3.63999999999998e-05,-0.0077671,0.0,-0.0056444,0.059192,-0.0242993,-0.0016195999999999,-0.0026136,0.0053192999999999,0.0,-0.007934,0.0005807,-0.000138,1.0000000000001327e-06,-0.0001,0.0,8.51999999999999e-05,0.0011960999999999,-0.0037605,-0.0042857,0.0007909999999999,-0.0012595,0.0,0.0002964,0.0276411,-0.0131871999999999
08_NCL_IrPd_vacuum/,implicit,56,-452.68957,45.6300000000169,0.027498907,-4.089999999999997e-05,-0.0005218,-3.199999999999991e-05,-0.0070398,0.0,-0.0074525,0.0672548,-0.0006214999999999,-0.0104399,-0.007032,-0.0033347999999999,0.0,-0.0060011999999999,0.0002364,-7.939999999999998e-05,0.0002697999999999,0.0010176,0.0,0.0010689,0.0012506999999999,-0.0029919,-0.0040876,-0.0003404999999999,-0.0027421999999999,0.0,-0.0006165,0.0494772000000001,-0.0140291
08_NCL_IrPd_vacuum/,implicit,57,-452.67922,46.1800000000494,0.0601749386666667,5.24999999999996e-05,-0.0003665,-0.0002366,0.0062253999999999,0.0,-0.0177647,0.0560268,-0.0075424,0.0093085,-0.0104104999999999,-0.0171079999999999,0.0,0.001242,0.0003683999999999,-2.689999999999995e-05,0.0004139999999999,0.0010181,0.0,0.0006025,0.0015881999999999,-0.0025154,-0.0031816,5.159999999999995e-05,-0.0038783999999999,0.0,0.0006947,0.0388531,-0.0097298
08_NCL_IrPd_vacuum/,implicit,58,-452.63351,38.880000000006,0.06246804,-1.2000000000000724e-05,-0.0001150999999999,-0.0001948999999999,0.0042609,0.0,-0.0104439999999999,0.0490103999999999,-0.0261775999999999,0.0171334999999999,-0.0093592,-0.0057133999999999,0.0,0.0036522,0.0005387,0.0003939,0.0001478999999999,-0.0001878,0.0,-0.0011933,0.0024868,0.0010399,-0.0005999999999999,0.0005097,-0.0010575,0.0,0.0007009,0.0440817,0.0055581999999999
08_NCL_IrPd_vacuum/,implicit,59,-452.66137,21.410000000003,0.0913195876666667,3.3800000000000496e-05,-0.0003947,0.0001047,-0.0029292,0.0,-0.0142561999999999,0.0733949,-0.0335971,0.0111005999999999,-0.0187444,-0.0017387,0.0,-0.0115762999999999,0.0003857,0.0004948,-0.0002112,0.0003094999999999,0.0,0.0001549999999999,0.0023604999999999,0.0041028,-0.0015849,0.0001566,0.0032884999999999,0.0,-0.0003398999999999,0.0027950999999999,0.0182350999999999
08_NCL_IrPd_vacuum/,implicit,60,-452.67756,69.0000000000168,-0.0152452177333333,0.0001945999999999,-0.0002025999999999,0.0004429999999999,-0.0185676,0.0,-0.0061629999999999,0.0706854999999999,-0.0073344999999999,0.0152614,-0.0078084,-0.0130722999999999,0.0,-0.0113659999999999,-0.0002281,0.0002832999999999,0.0003616,-0.0002401,0.0,-0.0009793,0.0012800999999999,0.0040698,-0.0013755,0.0004325,-0.0031294,0.0,0.0013732,0.0441403999999998,0.0036959
08_NCL_IrPd_vacuum/,implicit,61,-452.47601,17.060000000015,0.0374022266666667,-0.0001602,-0.0002812999999999,6.619999999999977e-05,-0.0267855,0.0,-0.0060366999999999,0.0770999,-0.0121713999999999,0.0149817,-0.0055552999999999,-0.0204786,0.0,-0.0146929999999999,-7.959999999999998e-05,-0.000129,0.0001220999999999,5.319999999999999e-05,0.0,5.189999999999991e-05,0.0020362999999999,0.0031926,-0.003965,9.909999999999996e-05,0.0031866,0.0,-6.360000000000003e-05,0.0119711999999998,0.0090085
08_NCL_IrPd_vacuum/,implicit,62,-452.67703,43.0399999999622,0.0518268026666667,5.5999999999997024e-06,-0.0001212,5.929999999999998e-05,0.0032886,0.0,-0.0049437,0.0573228999999999,-0.0320276,0.0141932,-0.0119228,0.0040714999999999,0.0,-0.0040962,0.0006562999999999,0.0003777,-2.030000000000001e-05,4.869999999999999e-05,0.0,-0.0011572,0.0015232,0.0007328,0.0003643999999999,0.0009753,-0.0003845,0.0,0.000716,0.0516589,0.0076646
08_NCL_IrPd_vacuum/,implicit,63,-452.54232,23.7399999999752,0.0732740326666667,0.0001202,-0.0001808,3.739999999999993e-05,-0.007737,0.0,-0.0124582,0.0748793999999999,-0.0241097,0.0220257999999999,-0.0120334999999999,-0.0184788,0.0,-0.0119734999999999,0.0002582,0.0004133999999999,1.899999999999992e-05,0.000163,0.0,-0.000748,0.0025772,0.0015174,-0.0003883999999999,0.0006951999999999,0.0053913,0.0,0.0004633,0.0201825999999998,0.0207231
08_NCL_IrPd_vacuum/,implicit,64,-452.57458,40.8400000000029,0.0345691736666667,0.0001708999999999,-0.0002149,0.0001678,-0.0022693999999999,0.0,-0.0066421999999999,0.0632235999999999,-0.0241211,0.0193804,-0.0110901,-0.0098584999999999,0.0,-0.0051545999999999,0.0001342,0.0003999,0.00012,0.0004955999999999,0.0,-1.889999999999997e-05,0.0026079999999999,0.0035299,-0.0017063,-0.0005709,0.0005146,0.0,-0.0005783,0.0471838999999998,0.0098550999999999
08_NCL_IrPd_vacuum/,implicit,65,-452.59748,41.7500000000359,0.0509146065,0.0004108999999999,-0.0001136,5.119999999999951e-05,-0.0123567,0.0,-0.0231509999999999,0.0769474,-0.0115409,0.0228089999999999,-0.0162606,-0.0139118,0.0,-0.0016621,-2.3599999999999923e-05,0.000183,0.0001383,-0.0003315,0.0,-0.0019092999999999,0.0020574,0.0034521,-0.0031259,9.99e-05,0.0020981,0.0,0.0007211,0.0424435999999999,0.0067189999999999
08_NCL_IrPd_vacuum/,implicit,66,-452.62481,30.7299999999486,0.163116886666667,0.0003049999999999,-0.0002106999999999,7.27999999999996e-05,-0.0016205,0.0,-0.0183797,0.0724460999999999,-0.0177444,0.0153584999999999,-0.0195427,-0.0020797999999999,0.0,-0.0087642,7.050000000000003e-05,0.0001779,-1.8400000000000014e-05,0.0001398999999999,0.0,-0.0008798,0.0016363999999999,0.0038254,-0.0024556,-7.689999999999997e-05,0.0005209,0.0,-0.0001641999999999,0.0396809,0.0055523
08_NCL_IrPd_vacuum/,implicit,67,-452.61515,5.69999999999027,0.136867276666667,-0.0001572,-0.0003520999999999,7.210000000000029e-05,0.0009125999999999,0.0,-0.0081845999999999,0.056062,-0.0320148,0.0099595999999999,-0.0109463999999999,-0.0019021999999999,0.0,-0.0063464,0.0004036999999999,0.0003832,0.0001235999999999,1.400000000000034e-06,0.0,-0.0009358999999999,0.001378,0.0037649,-0.0017312999999999,0.0008329999999999,-0.0008065,0.0,0.0005195,0.0142058,0.0078670999999999
08_NCL_IrPd_vacuum/,implicit,68,-452.71595,39.6600000000262,0.0919619253333334,7.599999999999968e-05,-0.0004039,-0.0002636,0.0002698,0.0,-0.0163479,0.0533649999999999,-0.0091567999999999,0.0083622,-0.0064204999999999,-0.0154561999999999,0.0,0.0083439999999999,0.0002291999999999,0.0003816,0.0002321,0.0003286,0.0,-0.0013564,0.0024143,-0.0018716,-0.0025445,0.0006862,-0.0009148,0.0,0.000802,0.0447362,-0.0032266999999999
08_NCL_IrPd_vacuum/,implicit,69,-452.76293,40.6299999999646,0.068867855,0.000127,-0.0004421,0.0001238,-0.0070898999999999,0.0,-0.0064044,0.0733846,0.0019459999999999,-0.0009158999999999,-0.0128748999999999,-0.012189,0.0,-0.0057979,9.909999999999996e-05,0.0003046999999999,0.0004062999999999,0.0006265,0.0,-0.0009419,0.0022217,-0.0002502999999999,-0.0028694999999999,3.709999999999998e-05,-0.0041611,0.0,-0.0002507999999999,0.0597343000000001,-0.0095560999999999
08_NCL_IrPd_vacuum/,implicit,70,-452.48585,32.8099999999836,-0.0459195543333333,-3.0200000000000192e-05,-0.0002591,-2.160000000000009e-05,-0.0069642,0.0,-0.0168565,0.0746525,-0.0259675,0.0146548,-0.0117275,-0.0111910999999999,0.0,-0.0073197999999999,0.0003602,0.0001026,0.0001434999999999,4.080000000000013e-05,0.0,6.959999999999996e-05,0.0023294,0.0010022999999999,-0.0029691,0.0006421,0.0001827,0.0,0.0005433999999999,0.0179394999999999,0.0048947
08_NCL_IrPd_vacuum/,implicit,71,-452.47333,52.9500000000098,-0.0152316881666667,9.999999999992654e-07,-5.36e-05,-8.0999999999996e-06,0.0017296999999999,0.0,0.0012053,0.0559188999999999,-0.0104665,0.0298036999999999,-0.0048525,-0.0378977999999999,0.0,-0.0082089999999999,9.209999999999992e-05,0.000197,0.0005055,-0.0017055,0.0,0.0001863,0.0020623,-0.0009209,-0.0021797,0.0009667,0.0029223,0.0,0.0008745,0.0543420999999999,0.0060012
08_NCL_IrPd_vacuum/,implicit,72,-452.78174,44.749999999965,0.0975352646666667,0.0002282999999999,-0.0004328999999999,-7.88000000000004e-05,-0.0033318,0.0,-0.0203714999999999,0.0649184999999999,-0.0084652999999999,0.0069610999999999,-0.0078935,-0.0093526,0.0,0.0072865999999999,0.0002268999999999,0.000206,9.770000000000004e-05,0.0006915,0.0,-0.0006878,0.0017313999999999,-0.0047095,-0.0021893,0.0004713999999999,-0.0005839,0.0,0.0007701,0.0589359999999998,-0.007951
08_NCL_IrPd_vacuum/,implicit,73,-452.86579,61.5399999999795,0.0957826043333333,0.0002859,-0.000614,-0.0002342999999999,0.0083098,0.0,-0.0014613,0.037471,-0.0002845,0.0052395,-0.0065488,-0.0140882,0.0,0.0031763,0.0002903999999999,-0.0001009,9.059999999999993e-05,0.0008138,0.0,-0.0014619,0.0019007,-0.0077658,-0.0053007,0.0013093,-0.0025461,0.0,0.0007956,0.0625029999999999,-0.02395
08_NCL_IrPd_vacuum/,implicit,74,-452.88328,42.3200000000179,0.0812792423333333,-1.6600000000000295e-05,-0.0007334999999999,1.5399999999999615e-05,-0.0086101999999999,0.0,-0.0051403999999999,0.0618672,0.0040976999999999,-0.0105782999999999,-0.0071811999999999,-0.0066774,0.0,-0.0056553999999999,7.280000000000003e-05,-0.0001386,0.0002944999999999,-1.9599999999999823e-05,0.0,-0.0001220999999999,0.0018623999999999,-0.0036292,-0.0059772,0.0008796,-0.0049375,0.0,-0.0007379999999999,0.0427750999999998,-0.0249061
08_NCL_IrPd_vacuum/,implicit,75,-452.85654,38.250000000005,0.04048509,-0.0002297999999999,-0.0005972,0.0001190999999999,-0.0150170999999999,0.0,0.0036769,0.0561146999999999,-0.0106495999999999,0.0010898999999999,-0.0006894999999999,-0.0053401,0.0,-0.0082537999999999,0.0001257,-0.0001434,0.000252,0.0003136,0.0,0.0006713,0.0011609999999999,-0.0042172,-0.0049054,0.001203,-0.0035397,0.0,-0.0011652,0.0404473,-0.0204886
08_NCL_IrPd_vacuum/,implicit,76,-452.8902,55.4600000000391,0.0855508333333333,-3.129999999999973e-05,-0.0006397,0.0002082,-0.0090261999999999,0.0,-0.006499,0.0664376,0.0058264999999999,-0.0105255999999999,-0.0034461999999999,0.0010894,0.0,-0.0121157999999999,-2.92999999999999e-05,-0.0001422,0.0002852999999999,-0.0017425,0.0,0.0001177,0.0020858,-0.0020043,-0.0056592,0.0007544,-0.0050281,0.0,-0.0007963999999999,0.0625553999999999,-0.0243176
08_NCL_IrPd_vacuum/,implicit,77,-452.88192,50.2099999999928,0.093270631,6.350000000000019e-05,-0.0005905,9.460000000000024e-05,-0.0120680999999999,0.0,-0.0110184999999999,0.0634996,-0.0011459,0.0029269,-0.0047994999999999,-0.0070443999999999,0.0,-0.0085734,7.54000000000002e-05,-0.0001346999999999,0.000228,-0.0005280999999999,0.0,-9.429999999999984e-05,0.0020538,-0.0021397,-0.0048413,0.0006828,-0.002149,0.0,-0.0007461,0.0426881999999999,-0.0151866
08_NCL_IrPd_vacuum/,implicit,78,-452.48279,97.2399999999993,0.0674309423333333,0.0003408999999999,-0.0002469999999999,-0.0001571999999999,-0.0049367,0.0,-0.0297466,0.0814722,-0.005556,0.0196355,-0.0151344,-0.0156407999999999,0.0,0.0082072999999999,0.0001729999999999,-5.210000000000002e-05,-2.999999999999531e-07,0.0007646,0.0,0.000489,0.0020314,-0.0052347,-0.0030697,0.0005535,0.00011,0.0,0.0009183,0.0764747000000001,-0.0066342
08_NCL_IrPd_vacuum/,implicit,79,-452.68938,43.2100000000446,0.0863648366666667,9.05000000000003e-05,-9.779999999999988e-05,-3.169999999999996e-05,-0.0073288,0.0,-0.0058496,0.0673646,-0.0063628,0.0141717,-0.0104065,-0.0217086999999999,0.0,-0.00619,0.0002785,0.0005265,0.0004609999999999,0.0010357,0.0,-0.0002897999999999,0.0017987999999999,0.0014758,0.0005408,-0.0003348999999999,-0.0007115,0.0,0.0001154,0.0473019999999999,0.0097921999999999
08_NCL_IrPd_vacuum/,implicit,80,-452.4564,38.7000000000057,0.04019926,-0.0001022999999999,-0.0003638,3.319999999999972e-05,-0.0144772,0.0,-0.0084307,0.0714139,-0.0162937999999999,0.011769,-0.0086785999999999,-0.0123045999999999,0.0,-0.0127806999999999,0.0001300999999999,-0.0001079,0.000108,-0.0004039,0.0,-0.0002944999999999,0.0015449,0.0016981,-0.0047707999999999,0.0004077,0.0013048,0.0,-4.659999999999994e-05,0.0195690999999997,-0.0008605
08_NCL_IrPd_vacuum/,implicit,81,-452.69271,87.53999999999,0.0451040733333333,0.0004689999999999,1.5999999999999955e-05,4.709999999999957e-05,-0.004053,0.0,-0.0269295,0.1016538999999999,-0.0016728,0.0063614,-0.0264125999999999,-0.0045971,0.0,-0.005939,0.0004767,0.0004669999999999,9.39999999999999e-05,-0.0004557999999999,0.0,-4.330000000000002e-05,0.002091,-0.0026848,0.0003614999999999,0.0001914999999999,0.0039577,0.0,-0.0007666,0.0778871000000001,0.0073775999999999
08_NCL_IrPd_vacuum/,implicit,82,-452.46855,26.7499999999927,-0.065867865,-9.840000000000022e-05,-0.0005313,-0.0001321999999999,-0.0188424999999999,0.0,-0.0045206999999999,0.0770544,-0.0016742,-0.0018595999999999,-0.0078196,-0.0271036999999999,0.0,-0.0098239,0.0,-7.920000000000003e-05,0.0002412,0.0001941,0.0,0.0001199,0.0018115,-0.0010458,-0.0053618,0.0002089,0.0032258999999999,0.0,-9.209999999999992e-05,0.0092962,-0.001555
08_NCL_IrPd_vacuum/,implicit,83,-452.45767,26.1399999999981,-0.0061768746666666,-0.0001629999999999,-0.0003589,-0.0001426999999999,-0.0131820999999999,0.0,-0.0009441999999999,0.0593394,-0.0106108,0.0115478,-0.0046853999999999,-0.0272567999999999,0.0,-0.0078976,4.200000000000016e-05,-6.22e-05,0.0002267,0.0002378,0.0,0.0002899,0.0012228,-0.0008553,-0.0040769,0.0005842,0.0029976,0.0,0.0003491,0.0112915,0.0019111999999999
08_NCL_IrPd_vacuum/,implicit,84,-452.49246,44.6999999999775,0.0948494356666667,0.0001682,-0.0001063999999999,0.0001184,-0.0188983,0.0,-0.0118968999999999,0.0786306,-0.0073828999999999,0.016966,-0.010189,-0.0292335,0.0,-0.0132551,0.0002192999999999,0.0005885,0.000515,0.0004541999999999,0.0,-0.0001735,0.0021917,-4.649999999999999e-05,0.000899,0.0006079,0.0037845,0.0,0.000743,0.0098416999999999,0.0195657999999999
08_NCL_IrPd_vacuum/,implicit,85,-452.49004,66.2800000000061,-0.0213059863333333,0.0001342999999999,9.15e-05,0.0003283,-0.0223616,0.0,-0.0074426,0.0671835,-0.001447,0.0174358999999999,-0.0042176999999999,-0.0339083,0.0,-0.0129053,6.959999999999996e-05,0.000461,0.0004324999999999,0.0008303999999999,0.0,-0.0003817,0.0017771999999999,0.0024330999999999,0.0011982,0.0001251,0.0004312999999999,0.0,0.0015793,0.0057819999999999,0.0179118
08_NCL_IrPd_vacuum/,implicit,86,-452.46725,35.1699999999937,0.0115893253333333,-1.5000000000006328e-06,-0.0003594,4.999999999999796e-06,-0.0221242,0.0,-0.0071011,0.0812766,-0.0013916999999999,0.0048949,-0.0124837999999999,-0.0189340999999999,0.0,-0.0166185,-1.2199999999999971e-05,-4.429999999999994e-05,0.0001794999999999,-0.0003859,0.0,-0.0001724999999999,0.0021147,0.0003264999999999,-0.0042737,-2.3099999999999857e-05,0.0037771999999999,0.0,0.0002566,0.0143243000000001,0.0034853999999999
08_NCL_IrPd_vacuum/,implicit,87,-452.45257,46.7500000000314,0.0334767233333333,-0.0001384,-0.0001453,2.3499999999999216e-05,-0.0010716999999999,0.0,0.0030229,0.0583766,-0.0417155999999999,0.0254278999999999,-0.0094838,-0.005761,0.0,-0.0053329,0.0004201,4.2000000000000045e-05,-6.809999999999997e-05,0.0001189,0.0,-0.0017151999999999,0.0021145999999999,0.0049618,-0.0034837,0.0009007,-0.0004824999999999,0.0,0.0010034,0.0464046999999998,0.0076241
08_NCL_IrPd_vacuum/,implicit,88,-452.54199,37.8599999999665,0.0728607653333333,3.9000000000002574e-06,-0.0005125999999999,9.470000000000053e-05,-0.0078883999999999,0.0,-0.0116277999999999,0.0703574999999999,-0.0126599,0.0124303,-0.0093552,-0.0076017,0.0,-0.0130291999999999,0.0002006999999999,0.0001327,-5.319999999999999e-05,-0.0007225,0.0,-0.0001987999999999,0.0012309999999999,0.0007692999999999,-0.0057882,5.200000000000126e-06,0.0017907,0.0,0.0002514,0.0404233,-0.004763
08_NCL_IrPd_vacuum/,implicit,89,-452.55866,27.6000000000067,0.0675919966666667,-0.0002146999999999,-0.0008862999999999,-0.0001016999999999,-0.0163765,0.0,-0.0085628,0.0736156,-0.0089703,-0.0025106999999999,-0.0019789999999999,-0.0131747,0.0,-0.0087253,0.0001112999999999,0.0001482999999999,0.0001276999999999,-0.0006079,0.0,-0.0003494,0.0014797999999999,-0.0005869,-0.0072365999999999,0.0004025999999999,0.0017570999999999,0.0,0.0002772,0.0242278,-0.0089532999999999
08_NCL_IrPd_vacuum/,implicit,90,-452.53681,28.9999999999964,0.0453681707666667,-0.0002157,-0.0007317,-0.0001365,-0.0116714,0.0,0.0035718999999999,0.0651791999999999,-0.0104114,0.008604,-0.0063139,-0.019696,0.0,-0.0151699,5.800000000000011e-05,0.0001784,0.0003524,0.0001505999999999,0.0,0.0001766999999999,0.0013139999999999,-0.0010224,-0.0068543,0.0001146,0.0013739,0.0,-0.0007734,0.0260173999999999,-0.0098626
08_NCL_IrPd_vacuum/,implicit,91,-452.58003,30.9300000000121,0.0210224053333333,-0.0001147999999999,-0.0006996999999999,5.970000000000021e-05,-0.0179997,0.0,-0.0093978,0.0767981999999999,-0.0052009999999999,-0.0028643,-0.0035378,-0.0131139,0.0,-0.0089307999999999,8.829999999999992e-05,0.0001383,0.0004075,-0.0005846,0.0,0.0003999,0.0012263999999999,-5.140000000000006e-05,-0.0061203,0.0002052999999999,0.0003880999999999,0.0,-0.0006871,0.0299960999999999,-0.0091791999999999
08_NCL_IrPd_vacuum/,implicit,92,-452.57018,39.04,0.0776858546666667,-2.320000000000013e-05,-0.0005107999999999,0.0003328999999999,-0.027585,0.0,-0.0043615,0.0801854999999999,-0.0026467999999999,0.0060982,-0.0077373999999999,-0.0036945999999999,0.0,-0.0172903,8.949999999999974e-05,0.0001205,0.0002033,-0.0003423,0.0,0.0004594,0.0009729999999999,-0.0002519999999999,-0.0057282999999999,-0.0002590999999999,0.0031245,0.0,-0.0016126,0.0455337,-0.0064482
08_NCL_IrPd_vacuum/,implicit,93,-452.37865,36.0599999999636,0.03573199,-7.199999999999741e-06,-0.0004394,0.0005319,-0.0330241,0.0,-0.0072542,0.0736089,-0.0047529,0.0098482,-0.0021424999999999,-0.0023205999999999,0.0,-0.0198999999999999,1.4300000000000077e-05,9.179999999999995e-05,0.0001368,-0.0005874,0.0,0.0001744999999999,0.0016386,0.0011188,-0.0050694999999999,-0.0004297999999999,0.0033834,0.0,-0.0011542,0.0282957999999999,-0.0013651
08_NCL_IrPd_vacuum/,implicit,94,-452.414,22.0300000000293,0.062661988,-6.049999999999979e-05,-0.0007463,4.700000000000017e-05,-0.0174604,0.0,-0.0051012,0.0717965999999999,-0.0015716,-0.0007109,-0.0074012999999999,-0.0153704999999999,0.0,-0.0115439,7.300000000000015e-06,7.200000000000002e-05,0.0002214,0.0002226999999999,0.0,0.0002153999999999,0.001444,-0.000195,-0.0063567999999999,-0.0003011999999999,0.0013333,0.0,-0.0010338,0.0237538999999999,-0.0087409
08_NCL_IrPd_vacuum/,implicit,95,-452.40542,25.3299999999967,0.03771519,-0.000187,-0.0006424,6.009999999999956e-05,-0.0163939999999999,0.0,0.0047572999999999,0.0696968,-0.0136049,0.0124246,-0.0068406999999999,-0.01875,0.0,-0.0170516,3.860000000000018e-05,9.889999999999996e-05,0.0002498999999999,0.0006138,0.0,0.0005688,0.000856,-0.0003067,-0.0059469999999999,5.119999999999994e-05,0.0012540999999999,0.0,-0.00124,0.0269363,-0.0075249
08_NCL_IrPd_vacuum/,implicit,96,-452.44768,30.5599999999799,0.0070374633333333,2.760000000000002e-05,-0.0007375,0.0002782,-0.0218657,0.0,-0.002033,0.0834812999999999,0.0010164,-0.0077497999999999,-0.0112364,-0.0043624999999999,0.0,-0.0190306,0.0001223999999999,6.47e-05,0.0002509,-0.0003805,0.0,8.390000000000003e-05,0.0012367,-0.0012568,-0.0064024,0.0001724,0.0009104999999999,0.0,-0.0023235,0.0355763,-0.0150435999999999
08_NCL_IrPd_vacuum/,implicit,97,-452.44632,38.9600000000314,0.0553021046666667,3.2799999999999496e-05,-0.0004269,0.0006198,-0.0302418,0.0,-0.0022592,0.0767396,-0.0037657999999999,0.0068688999999999,-0.0047832999999999,0.0024017,0.0,-0.0201633,0.0001065,5.59e-05,0.0002014,-0.0009018,0.0,0.0002039,0.00116,-0.0002187999999999,-0.005464,8.789999999999991e-05,0.0015075,0.0,-0.0029951,0.0500452,-0.0125126
08_NCL_IrPd_vacuum/,implicit,98,-452.61561,32.0100000000139,0.0602694563333333,-0.0001170999999999,-0.000514,-0.0001027999999999,-0.0008614999999999,0.0,-0.0122960999999999,0.0666536,-0.0226624,0.0111665999999999,-0.0131702999999999,-0.0088547999999999,0.0,-0.0071079999999999,0.0002517999999999,0.0001223,5.729999999999993e-05,-6.659999999999999e-05,0.0,0.0005935,0.0018688,0.0021840999999999,-0.0054467,-0.0001723,-0.0002548999999999,0.0,-0.0001257999999999,0.0242656999999999,-0.001977
08_NCL_IrPd_vacuum/,implicit,99,-452.64442,-8.80999999998267,0.061080658,0.0002395,0.0001849,0.000125,-0.0064303,0.0,-0.0105479999999999,0.0678101999999999,-0.0160629999999999,0.0213538,-0.0118918999999999,-0.0176756,0.0,-0.0107555999999999,0.0001151999999999,0.0002081,-2.500000000000115e-06,-0.0003087999999999,0.0,-0.0007485,0.0013787999999999,0.0024275,0.0016251999999999,0.0005099999999999,0.0047521,0.0,0.0006143,0.0326976999999999,0.021143
08_NCL_IrPd_vacuum/,implicit,100,-452.6368,37.5300000000038,0.110735719366667,0.0001422,-0.0002243,-1.989999999999978e-05,-0.0080176,0.0,-0.0175056,0.0728332,-0.012325,0.0180091,-0.0149691,-0.0142304999999999,0.0,-0.0065324,9.590000000000012e-05,0.0001708999999999,0.0001167,-0.0005711,0.0,-0.001055,0.0014841999999999,0.0030023,-0.0032051999999999,-8.05999999999999e-05,0.0014483999999999,0.0,0.0007531,0.0343203999999999,0.0043190999999999
08_NCL_IrPd_vacuum/,implicit,101,-452.64702,28.1300000000329,0.0636111746666667,-4.629999999999999e-05,-0.0004844999999999,-6.590000000000068e-05,-0.0066283,0.0,-0.0130033999999999,0.0755286,-0.0201182,0.0037803,-0.0114478999999999,-0.0063796,0.0,-0.0092071,0.0002129999999999,0.000215,0.0001107,-0.0004623999999999,0.0,-0.000584,0.001896,0.0029197,-0.0044933,0.0002267,0.0009715,0.0,0.0002477999999999,0.0238555999999998,0.0025214999999999
09_NCL_IrPt_vacuum/,implicit,1,-455.30192,12.8400000000397,0.111563865666667,4.7700000000000346e-05,0.0015815,0.0002371999999999,-0.0058891,0.0,-0.0077185,0.07072,-0.0190600999999999,-3.030000000000393e-05,-0.0021639999999999,-0.0290467,0.0,-0.0076731999999999,-0.0007320999999999,0.0002319,-0.0003398999999999,0.0024108,0.0,0.0007185999999999,-0.0013092999999999,0.0080550999999999,0.0066924,1.1799999999999313e-05,0.0096897999999999,0.0,0.0004409,0.0020087999999998,0.0517396
09_NCL_IrPt_vacuum/,implicit,2,-453.5451,63.0700000000388,0.173639343333333,-0.000739,-0.0003629,-0.0006966,0.0007015,0.0,-0.0068237,0.0481242,-0.0205985,-0.0103991,0.0001239999999999,-0.0201632999999999,0.0,0.0021836,-4.169999999999868e-05,0.0001581,0.0001805,-0.0014702,0.0,0.0005304999999999,-0.0036559999999999,0.0151177999999999,-0.0051249,0.0020136999999999,0.0119318,0.0,0.0002012,-0.0172991999999998,0.0396817999999999
09_NCL_IrPt_vacuum/,implicit,3,-453.24884,10.3799999999978,0.0383734706666667,-0.0005338,-0.0026902,-0.0007301999999999,-0.0083446,0.0,-0.0100757,0.0620869,0.0143907,-0.0491368,-0.0103673999999999,-0.0043515,0.0,-0.0105637,-0.0011157,-0.002283,-0.0008472999999999,-0.008737,0.0,-0.0036731999999999,0.0131468,0.0054461,-0.0390405,-0.0014466999999999,0.0095521,0.0,-0.0054958,-0.0406324,-0.0689881999999999
09_NCL_IrPt_vacuum/,implicit,4,-453.199,24.4199999999637,0.0287379506666667,-0.0003502999999999,-0.0014127,-0.0001808,-0.0062283,0.0,-0.0071667,0.0595415,-0.0164943,-0.0149132999999999,-0.0066554,-0.0114987,0.0,-0.0050173999999999,-0.0004568,0.0001162999999999,-0.0008272999999999,-0.0022815,0.0,-0.003855,0.0082924999999999,0.0093644999999999,-0.0171491999999999,-0.0013607999999999,0.0202328999999999,0.0,-0.000545,-0.0207527,0.0230615
09_NCL_IrPt_vacuum/,implicit,5,-453.14757,28.9000000000215,-0.014557912,-0.0006220999999999,-0.0013855999999999,-0.0004660999999999,-0.0068198,0.0,-0.0016957999999999,0.0471835999999999,-0.0158972,-0.0254304,-0.0072681999999999,0.0060595999999999,0.0,-0.0041428999999999,-4.749999999999893e-05,-0.0008070999999999,-0.0004565999999999,-0.0028624,0.0,-0.0073130999999999,0.004583,0.0102070999999999,-0.0188022999999999,-3.1799999999998496e-05,0.0047734,0.0,0.0019572999999999,-0.0209693999999998,-0.0175999
09_NCL_IrPt_vacuum/,implicit,6,-453.34828,44.6999999999775,0.09489323,-0.0002406999999999,-0.0003676999999999,-0.0002155,-0.0006152999999999,0.0,-0.0003535999999999,0.0471747999999999,-0.0010164,-0.0061055,-0.0020651,0.0079858,0.0,-0.0007125999999999,0.0003143,0.0006978,0.0012625,-0.0060115999999999,0.0,-0.0031336999999999,0.0100986,0.0041946999999999,-0.0049698999999999,0.0029449,-0.0142775,0.0,0.0001655999999999,0.0869359,-0.0174288
09_NCL_IrPt_vacuum/,implicit,7,-453.50772,0.479999999981828,0.18201216,-0.0006756,-0.0033986999999999,-0.0008549,-0.0096285,0.0,-0.0094575,0.0605150999999999,0.0113684999999999,-0.0501661,-0.0115269,-0.0051022,0.0,-0.0066474,-0.0007462,-0.0016779999999999,-0.0009116,-0.0077465999999999,0.0,-0.0026146,0.0139467,0.0064467999999999,-0.0445797,-0.0029654,0.0119226999999999,0.0,-0.0080868,-0.0511481999999999,-0.0740256
09_NCL_IrPt_vacuum/,implicit,8,-453.30659,52.660000000003,0.0995611866666667,-8.489999999999973e-05,-0.000509,-0.0001608,-0.0050571999999999,0.0,-0.0026635999999999,0.0527411,-0.0159909,0.0021107,-0.0057205999999999,-0.0085538999999999,0.0,-0.0084644,0.0009566,0.0010618,0.0009236999999999,-1.0399999999997215e-05,0.0,0.0005925999999999,0.0062674999999999,0.0085753999999999,-0.0042709,-0.002463,0.0058819999999999,0.0,-0.0035827,0.0152928000000001,0.0278651999999999
09_NCL_IrPt_vacuum/,implicit,9,-453.00355,17.6400000000285,-0.0004206899999999,-0.0002829999999999,-0.0011773,-0.0002116,-0.0047452999999999,0.0,0.0001063,0.0466319,-0.0081852999999999,-0.0198432,-0.0104622,0.0055840999999999,0.0,-0.0095811,1.0400000000000686e-05,-0.0006099,-0.0004249999999999,-0.0032900999999999,0.0,-0.0093389,0.0065816999999999,0.0057258999999999,-0.0162976,0.0001893999999999,0.0058495,0.0,0.0033526,-0.0043334000000001,-0.0165037
09_NCL_IrPt_vacuum/,implicit,10,-453.13578,34.0400000000045,0.105612428333333,-0.0006102,-0.0012636,-0.0007088,-0.0015381,0.0,-0.0063587999999999,0.0519783,-0.0053586,-0.0228188999999999,-0.0030124999999999,-0.0092279,0.0,-0.0046584999999999,-0.0001102,0.0001227999999999,7.069999999999993e-05,-0.0010194999999999,0.0,0.0006819999999999,0.0024726999999999,0.0073321999999999,-0.0160964,-0.0019009,0.008209,0.0,-0.001721,-0.0071552999999999,-0.003917
09_NCL_IrPt_vacuum/,implicit,11,-452.88657,10.1999999999975,0.129953446666667,-0.0009912,-0.0023771999999999,-0.0009965,-0.002284,0.0,-0.0069175999999999,0.0574603999999999,-0.0036686999999999,-0.0290388,-0.0108804999999999,-0.0146149,0.0,0.0037243,-0.0002215999999999,-0.0001263,0.0002435,-0.0008609,0.0,0.0021500999999999,0.0038915,0.0126558,-0.0257536999999999,-0.0018842999999999,0.0104947999999999,0.0,-0.0084106,-0.0211695999999999,-0.0156432999999999
09_NCL_IrPt_vacuum/,implicit,12,-453.26312,32.2999999999638,-0.0490519566666667,-0.0004575,-0.0012791999999999,-0.0004029,-0.0026998999999999,0.0,-0.0009014,0.0478289,-0.0125223999999999,-0.0219366,-0.0058209999999999,0.0026868,0.0,-0.0084570999999999,-8.829999999999949e-05,-0.0003377999999999,-0.0001862999999999,-0.0023325,0.0,-0.0045403,0.0055855,0.0090118,-0.0172517,-0.0008167,0.0038543,0.0,0.0005103999999999,-0.0079245000000001,-0.0131832
09_NCL_IrPt_vacuum/,implicit,13,-453.01973,3.95999999994956,-0.0787750066666667,-0.0008209999999999,-0.0026650999999999,-0.0005888999999999,-0.008115,0.0,-0.0041142,0.0554128,-0.0029671,-0.0529751,-0.0145846999999999,0.0181884,0.0,-0.0119176999999999,-0.0006289,-0.002632,-0.0010445999999999,-0.0061201,0.0,-0.0116225,0.0116614999999999,0.0092997999999999,-0.0396626999999999,-0.0021078999999999,0.0030099,0.0,0.0004720999999999,-0.0502946,-0.0787506999999999
09_NCL_IrPt_vacuum/,implicit,14,-452.9841,24.2400000000202,-0.0294139833333333,-0.0002948999999999,-0.0011216999999999,-0.0002735999999999,-0.0034958,0.0,-0.0054893999999999,0.0387671,0.0023007,-0.0221952,-0.0027738,0.001265,0.0,-0.0015074999999999,-0.0002714999999999,-0.0009963999999999,-0.0003217999999999,0.0028100999999999,0.0,0.0016163,0.0070893999999999,0.0022914999999999,-0.0165068,-0.0065752999999999,0.0041099,0.0,-0.0070417,0.0103614999999999,-0.0275925999999999
09_NCL_IrPt_vacuum/,implicit,15,-455.26432,37.1099999999842,0.094326731,-0.0003277,0.0007738,-0.0001678,0.0069485999999999,0.0,-0.0094777,0.048057,-0.0147434,-0.0037795,-0.011169,-0.0213399999999999,0.0,-0.0020598999999999,-0.0004844,0.0002921999999999,-0.0001705999999999,-0.0004733999999999,0.0,0.002013,-0.0034228,0.0075188999999999,0.0027553999999999,0.0016700999999999,0.0075090999999999,0.0,-0.0013888999999999,-0.0145716,0.0316376
09_NCL_IrPt_vacuum/,implicit,16,-453.50549,40.5499999999961,0.113638633333333,-0.0011393999999999,-0.0012756999999999,-0.0011549999999999,-0.0006932999999999,0.0,0.0001886999999999,0.0522566999999999,-0.0228498999999999,-0.0126370999999999,0.0039351,-0.0235061,0.0,-0.0008297,0.0004832999999999,5.4499999999998994e-05,8.769999999999958e-05,-0.0013166,0.0,-0.0020171,-0.0010701999999999,0.0151764,-0.011032,0.0013805999999999,0.0209711,0.0,0.0024172,-0.0154115000000001,0.0502700999999999
09_NCL_IrPt_vacuum/,implicit,17,-453.20247,4.97000000001435,0.0160190793333333,-0.0006773,-0.0023989,-0.0004391999999999,-0.0072933999999999,0.0,-0.0050989999999999,0.0591274,-0.0070295,-0.0457802999999999,-0.0129855,0.0147732999999999,0.0,-0.0109357,-0.0007756,-0.0022476999999999,-0.0011601,-0.0055644,0.0,-0.0116555,0.0136229999999999,0.0112456,-0.0371811,-0.0032991999999999,0.0054534,0.0,-0.0002162999999999,-0.0374759999999999,-0.0635559
09_NCL_IrPt_vacuum/,implicit,18,-453.16225,24.3600000000015,0.0192771076666667,-0.0001952999999999,-0.0013685999999999,-0.0001965999999999,-0.0057608,0.0,-0.0057194999999999,0.0557447,-0.0098666,-0.0161855,-0.0061892,-0.0124410999999999,0.0,-0.0062397,-0.0008250999999999,-0.0001651,-0.0007612999999999,-0.0038,0.0,-0.0053233999999999,0.0095931999999999,0.0069847,-0.0180776999999999,-0.0009312,0.0197858999999999,0.0,0.0001834999999999,-0.0168362000000001,0.0133268
09_NCL_IrPt_vacuum/,implicit,19,-453.07225,18.8400000000115,0.038132822,-0.0008213999999999,-0.0020024,-0.0007371,-0.0065991,0.0,-0.0029420999999999,0.0494554,-0.0120208,-0.0374226,-0.0101998999999999,0.0057941999999999,0.0,-0.0065059,-0.0002469999999999,-0.0017026999999999,-0.0007519999999999,-0.0044901,0.0,-0.0092702,0.006457,0.0115603999999999,-0.0287779,-0.000982,0.011069,0.0,0.0011959999999999,-0.0480038999999998,-0.0318783999999999
09_NCL_IrPt_vacuum/,implicit,20,-453.31718,22.9699999999866,0.124565343333333,3.819999999999952e-05,-0.0002596999999999,-0.0003404,-0.0019491,0.0,0.0023149999999999,0.0577578,0.0082953,-3.349999999999881e-05,-0.0066900999999999,-0.0227822,0.0,-0.0023795,0.0001373999999999,0.0007935,0.0007881999999999,0.0008094999999999,0.0,0.0028021,0.0072028,-0.0048007,-0.0021098,-0.0007041,0.0129112,0.0,-0.0043698,0.0679433999999998,0.0269201999999999
09_NCL_IrPt_vacuum/,implicit,21,-453.47326,1.9100000000094,0.172003294666667,-0.0006648,-0.0031633,-0.0007436999999999,-0.0092392,0.0,-0.0107757999999999,0.0611633,0.0076616,-0.0492159,-0.0093128,0.001614,0.0,-0.0080736,-0.0007507,-0.0016927999999999,-0.0009958,-0.0052395,0.0,-0.0023911999999999,0.0152539999999999,0.0056855,-0.0443814,-0.0078506,0.0114498,0.0,-0.0077473999999999,-0.0414999999999999,-0.0773201
09_NCL_IrPt_vacuum/,implicit,22,-453.24914,56.8999999999846,0.130120403333333,1.0099999999999866e-05,-9.179999999999952e-05,6.400000000000156e-06,-0.0049101,0.0,-0.0027134,0.0512065,-0.0087803,0.0087187999999999,-0.0039542,-0.0056078,0.0,-0.0079125,0.0014421,0.0012376,0.0014122999999999,-0.0026138999999999,0.0,-0.0018215,0.0067839999999999,0.0050855,0.0010626999999999,-0.0002891999999999,0.0018471,0.0,-0.0011660999999999,0.0519436999999998,0.0259613
09_NCL_IrPt_vacuum/,implicit,23,-452.96575,18.509999999992,0.03855193,-0.0003809,-0.0011862,-0.0002322999999999,-0.0029244,0.0,0.0006932,0.0427492999999999,-0.0087156,-0.0210592,-0.0092408,0.0070483999999999,0.0,-0.0079288,-0.0001225,-0.0008993999999999,-0.0004763,-0.0040573,0.0,-0.0099959999999999,0.0078382,0.0072630999999999,-0.0173115999999999,0.0003831,0.0047473999999999,0.0,0.0033417999999999,-0.0023542999999999,-0.0185795
09_NCL_IrPt_vacuum/,implicit,24,-453.07979,24.8599999999897,0.126284673433333,-0.0006845,-0.0016941999999999,-0.0008054,-0.0035481999999999,0.0,-0.0064867999999999,0.053122,-0.0035135999999999,-0.0280765999999999,-0.0037721,-0.0088266999999999,0.0,-0.0042857,-0.000195,-0.0001657999999999,5.299999999999749e-06,-0.0010042999999999,0.0,0.0007197,0.0035221,0.009218,-0.0223285999999999,-0.0037396999999999,0.0098257,0.0,-0.0036043,-0.0171434999999999,-0.0154935999999999
09_NCL_IrPt_vacuum/,implicit,25,-452.84918,6.16999999999734,0.130514616566667,-0.0008425999999999,-0.0021192,-0.0007876,-0.0022421999999999,0.0,-0.005309,0.0545691,-0.0081143999999999,-0.0223072999999999,-0.0088593,-0.0153794,0.0,0.0032885999999999,-0.0003942,-0.0001765999999999,0.0001969999999999,-0.0010963999999999,0.0,0.0020148,0.0052365999999999,0.0167907,-0.0231694999999999,-0.0031850999999999,0.0099232,0.0,-0.0085577999999999,-0.0162063999999999,-0.0048346
09_NCL_IrPt_vacuum/,implicit,26,-452.97484,24.7600000000148,0.0433789983333333,-0.0003995999999999,-0.0010994999999999,0.0004041,-0.0111142,0.0,-0.0024193999999999,0.0490121,-0.0198218999999999,-0.0101358,-0.0058455999999999,0.0249080999999999,0.0,-0.0124739,-6.650000000000059e-05,-0.0017323999999999,-0.0011584999999999,-0.008283,0.0,-0.0080565,0.0088772,0.0105511999999999,-0.0215156,0.0001327999999999,0.0051001,0.0,-0.0022687,0.0220286999999999,-0.0368401999999999
09_NCL_IrPt_vacuum/,implicit,27,-452.97519,2.900000000011,-0.125149983333333,-0.0008496,-0.0026698,-0.0005994999999999,-0.0078335,0.0,-0.0046723,0.0539443,-0.0034925,-0.0542222999999999,-0.0149328999999999,0.0185352,0.0,-0.0118474,-0.0006492999999999,-0.0029563,-0.0010684,-0.0069168,0.0,-0.013172,0.0130100999999999,0.0113104,-0.0416287,-0.002587,0.0038726,0.0,0.0004577,-0.0572804,-0.0806553999999999
09_NCL_IrPt_vacuum/,implicit,28,-452.93909,6.69000000004871,-0.123078543333333,-0.0007244999999999,-0.0024422,-0.0007536999999999,-0.0129823999999999,0.0,-0.0112375,0.0500065,0.0114293,-0.0502632,-0.0081118,0.0003193999999999,0.0,-0.0043083999999999,-0.0008920999999999,-0.0027525,-0.0005614999999999,-0.0017858,0.0,-0.0009871,0.0097635999999999,0.0065083,-0.0376466,-0.0069815999999999,0.0091552999999999,0.0,-0.00898,-0.0581372000000001,-0.0703201999999999
09_NCL_IrPt_vacuum/,implicit,29,-452.99312,20.1399999999694,-0.01427537,-6.000000000000016e-05,-0.0012464999999999,-8.580000000000046e-05,-0.0119852,0.0,-0.0145209,0.0554251,0.0060768999999999,-0.0203908,-0.0042180999999999,0.0047426,0.0,-0.0049220999999999,-0.0006794,-0.0015542,-0.0005849999999999,-0.0016122999999999,0.0,-0.0005135,0.0104869,0.0070500999999999,-0.0222874,-0.0084682999999999,0.0074256,0.0,-0.0076232999999999,0.0176301,-0.0367217
09_NCL_IrPt_vacuum/,implicit,30,-453.53713,62.059999999974,0.306152953333333,-0.0006892,-0.0002529,-0.0007028,-0.0033564999999999,0.0,0.0019256,0.0465962,-0.0260113999999999,-0.0102247,0.0007516999999999,-0.0278388,0.0,-0.0075567999999999,5.709999999999743e-05,0.0001074999999999,-0.0002634,-0.0009346,0.0,-0.0026515999999999,-0.0011878,0.0133792,-0.0056172999999999,0.0005089,0.0164261,0.0,0.0022158,-0.0547188,0.0440798
09_NCL_IrPt_vacuum/,implicit,31,-453.24492,10.310000000004,0.04731319,-0.0005384999999999,-0.002731,-0.0007436,-0.0075604,0.0,-0.010119,0.0626603999999999,0.0144557,-0.0490264,-0.0102206,-0.0039804,0.0,-0.0111677999999999,-0.0011045,-0.0022393999999999,-0.0008372999999999,-0.0091538,0.0,-0.0038978999999999,0.0127875999999999,0.0050197999999999,-0.0387342,-0.0009956,0.0091437,0.0,-0.0046231999999999,-0.0379428999999998,-0.0692691999999999
09_NCL_IrPt_vacuum/,implicit,32,-453.18857,30.6499999999801,0.0724799286666667,-0.0004649,-0.0007498,-0.0002177999999999,-0.0028234,0.0,-0.0041099,0.0499618,-0.0149996,-0.0078082999999999,-0.004735,0.0089364,0.0,0.000518,0.001057,0.0006975999999999,0.0005570999999999,-0.0026763999999999,0.0,-0.0019963999999999,0.0111052999999999,0.0017397,-0.0084551,-0.0010608,-0.0018682,0.0,3.870000000000262e-05,0.0470155000000001,-0.0017232
09_NCL_IrPt_vacuum/,implicit,33,-453.14739,28.5299999999893,-0.014359472,-0.0006218999999999,-0.0013848,-0.0004653,-0.0067824,0.0,-0.0017177999999999,0.0471733,-0.0159033999999999,-0.0253843999999999,-0.0071733,0.0059671,0.0,-0.0041128999999999,-4.5199999999998713e-05,-0.0008184,-0.0004631999999999,-0.0028197999999999,0.0,-0.0072627,0.0046440999999999,0.0102548999999999,-0.0188227,-0.0001396999999999,0.0048945,0.0,0.0018928999999999,-0.0208121000000001,-0.0173703999999998
09_NCL_IrPt_vacuum/,implicit,34,-453.33545,48.6900000000219,0.0952617916666667,-0.0001207999999999,-0.0001654,-0.000196,-0.0006638999999999,0.0,0.0005079999999999,0.0473259,0.0008652,-0.0037951,-0.0058960999999999,0.0015093,0.0,-0.0007885,0.0003598,0.0007049999999999,0.0013965,-7.760000000000059e-05,0.0,0.0015107999999999,0.0089961,0.0020262,-0.0024984,-0.0006887999999999,-0.0098214,0.0,-0.0042347999999999,0.0771654000000001,-0.0046538999999999
09_NCL_IrPt_vacuum/,implicit,35,-453.50253,2.15999999994665,0.181611886666667,-0.000733,-0.0034444999999999,-0.0008175,-0.0086637,0.0,-0.0107159,0.0611638999999999,0.008837,-0.0509509,-0.0095849,0.0006354,0.0,-0.0080473,-0.0008131,-0.0017099999999999,-0.0009647,-0.0055676999999999,0.0,-0.002162,0.0139017999999999,0.0052040999999999,-0.0444443,-0.0063289999999999,0.0110272,0.0,-0.0070344999999999,-0.0446429,-0.0777841999999999
09_NCL_IrPt_vacuum/,implicit,36,-453.29483,55.3500000000327,0.134058153333333,-0.0002515999999999,-0.0004756,-0.0001644,-0.0051216,0.0,-0.0048174,0.0565593999999999,-0.0272021999999999,0.0031892,-0.0081264,-0.0002356999999999,0.0,-0.0056571,0.0014686999999999,0.0011591999999999,0.0006482,0.0014815,0.0,0.000782,0.0068696,0.0096371999999999,-0.0030859999999999,-0.0029123999999999,0.0041799,0.0,-0.0030386999999999,0.0153932000000001,0.0343788999999999
09_NCL_IrPt_vacuum/,implicit,37,-452.99699,9.81000000001586,0.03515981,-0.0005627999999999,-0.0019972,-0.0005472,-0.0072920999999999,0.0,-0.0030787999999999,0.0542566999999999,-0.0094506999999999,-0.0341205,-0.0114369,0.0041432,0.0,-0.0096380999999999,-0.000135,-0.0011562999999999,-0.0008301,-0.0049788,0.0,-0.0107932,0.0065229,0.0087988,-0.0270165,-0.0007816,0.0113421,0.0,0.0027784999999999,-0.0394483999999999,-0.0324984999999999
09_NCL_IrPt_vacuum/,implicit,38,-453.13519,34.8500000000058,0.107701567833333,-0.0005954,-0.0012183999999999,-0.0007083999999999,-0.0012085,0.0,-0.0066558,0.0520138,-0.0048127,-0.0224356,-0.0033165999999999,-0.0096617,0.0,-0.0043553999999999,-0.0001201,0.0001577999999999,8.410000000000015e-05,-0.0011911,0.0,0.0007390999999999,0.0023692,0.0069608999999999,-0.0155185,-0.0015709,0.0080854,0.0,-0.0016898,-0.0059093999999999,-0.0033877999999999
09_NCL_IrPt_vacuum/,implicit,39,-452.88476,13.0499999999643,0.20161896,-0.0009759999999999,-0.0024120999999999,-0.0010289,-0.00254,0.0,-0.0072599,0.0573719,-0.0028731999999999,-0.0305439,-0.0116534999999999,-0.0133730999999999,0.0,0.0037893999999999,-0.0001577,-4.9699999999999744e-05,0.0002844,-0.0007629,0.0,0.0022101999999999,0.0032477999999999,0.0115217999999999,-0.0261454,-0.0016923,0.0103584,0.0,-0.0078871999999999,-0.0229983999999998,-0.0181448999999999
09_NCL_IrPt_vacuum/,implicit,40,-453.26312,32.6100000000338,-0.0467470603333333,-0.0004076999999999,-0.0012901,-0.0004602,-0.0046078999999999,0.0,-0.0040522,0.0493433,-0.0105144,-0.0226734999999999,-0.0028520999999999,0.001097,0.0,-0.0081,-0.0001344999999999,-0.0004685,-0.0002258999999999,0.0006371,0.0,0.0003299,0.0062008999999999,0.0083791999999999,-0.0175513999999999,-0.0047449,0.0047836999999999,0.0,-0.0036135,-0.0090352999999998,-0.0128163
09_NCL_IrPt_vacuum/,implicit,41,-453.01712,4.16999999998779,-0.07465524,-0.0008259999999999,-0.0026994,-0.0005966,-0.0081732,0.0,-0.0039359999999999,0.0556587,-0.0029570999999999,-0.0528964,-0.0144093,0.0179756,0.0,-0.0118834,-0.000626,-0.0026155,-0.0010445,-0.006015,0.0,-0.0114536,0.0115598999999999,0.0090401,-0.0394720999999999,-0.0020190999999999,0.0028596,0.0,0.0005162,-0.0494858999999999,-0.0785402
09_NCL_IrPt_vacuum/,implicit,42,-453.02147,24.1800000000012,-0.0220801366666667,-0.0002877,-0.0011026,-0.0002902,-0.0033866999999999,0.0,-0.0030596999999999,0.0399014,0.0044164999999999,-0.0218172,-0.0055483999999999,-0.0020275,0.0,-0.0026528999999999,-0.0003067,-0.0009908,-0.0002714999999999,0.0031191999999999,0.0,0.0011753,0.0061456,0.0015292,-0.0160243,-0.0053059999999999,0.0052481999999999,0.0,-0.0074316999999999,0.0082902999999998,-0.026227
09_NCL_IrPt_vacuum/,implicit,43,-455.22596,49.2399999999975,0.0538539233333333,0.0001938,0.0007848999999999,0.0006024,0.008898,0.0,0.0117676,0.0072612999999999,-0.0119369999999999,0.0137470999999999,-0.0074223999999999,-0.0022258,0.0,-0.0039697999999999,-0.0001127,0.0003095999999999,0.0001767999999999,0.0028542,0.0,-0.0013042999999999,0.0011560999999999,0.0055052,0.0031081,-0.0009182,-0.0012204,0.0,-0.0023345,0.0354007,0.0144402
09_NCL_IrPt_vacuum/,implicit,44,-455.21376,26.7599999999675,0.0637655033333333,-0.0001467999999999,0.0007051999999999,9.159999999999984e-05,-0.0010336999999999,0.0,-0.0035403,0.0457391,-0.0160804999999999,-0.0081074,-0.0142232,-0.0007014999999999,0.0,-0.0055458999999999,-1.1399999999994748e-05,0.0003342999999999,-7.220000000000143e-05,0.0006495,0.0,0.0027601,-0.0027143999999999,0.0052642999999999,0.0031486999999999,0.0021761999999999,0.0044164,0.0,-0.0035624999999999,-0.0056863999999998,0.0247777999999999
09_NCL_IrPt_vacuum/,implicit,45,-455.06925,11.0300000000052,0.0041504006566666,0.0001702999999999,0.0006439,0.0001311999999999,0.004323,0.0,0.0043354999999999,0.0164532,-0.0087624999999999,0.0033962,-0.0046164,-0.0077389,0.0,-0.0060217999999999,0.0006531999999999,0.000268,0.0004477,0.0002664999999999,0.0,0.0012478999999999,-0.0013144,0.0019495999999999,0.0037183,0.0008830999999999,0.0017076,0.0,-0.0003932999999999,0.0046275,0.0188682999999999
09_NCL_IrPt_vacuum/,implicit,46,-452.96421,22.199999999998,0.0612708953333333,0.0003228,-0.0008165999999999,-0.0003205999999999,-0.0018782999999999,0.0,-0.0106244999999999,0.0462547999999999,0.0202362,-0.0079597999999999,-0.0113948,-0.0198367,0.0,-0.0054847,-0.0010154999999999,-0.0013874999999999,-8.14000000000023e-05,-0.0066429,0.0,-0.0061208999999999,0.0105583,0.0045067999999999,-0.0164742999999999,-0.0020703,0.0093229,0.0,0.0012058999999999,0.0169957,-0.0163976
09_NCL_IrPt_vacuum/,implicit,47,-452.97086,20.3799999999887,0.103346447,-0.0001396,-0.0012031,0.0004089,-0.0190425,0.0,-0.0020668,0.0608169,-0.0021037,-0.0152975,-0.0052371,0.0231854999999999,0.0,-0.0263774,-0.0006056,-0.0019619,-0.0010987,-0.0137954,0.0,-0.0034223999999999,0.0088652,0.0050764,-0.0231983,0.0024465,0.0134347999999999,0.0,-0.0070579999999999,0.0258874999999998,-0.0426349
09_NCL_IrPt_vacuum/,implicit,48,-453.44543,46.9799999999623,0.249919403333333,-0.0008147,-0.0005122,-0.0006015999999999,0.0089134,0.0,-2.699999999997843e-06,0.0271432,-0.009297,-0.0048848999999999,-0.0079295,-0.0077426,0.0,-0.0017590999999999,0.0005435,0.0003583,0.0002915999999999,-0.0004556999999999,0.0,-0.0014406999999999,-0.0008130999999999,0.0094723999999999,-0.0009984,0.0016422,0.0061417,0.0,0.0021066,0.005025,0.0336963
09_NCL_IrPt_vacuum/,implicit,49,-453.51778,54.649999999981,0.246110726666667,-0.001013,-0.0006956,-0.0007524,0.0015210999999999,0.0,-0.0015707,0.0379984999999999,-0.0082214,-0.0064979,-0.0027914999999999,-0.0169097,0.0,0.0019385,0.0005828999999999,0.0003276999999999,0.0001379999999999,0.0016286,0.0,-0.0039777,-0.0021245,0.0110134,-0.0042028,0.0007572,0.0102961999999999,0.0,0.0025998999999999,0.0060118,0.0340783999999999
09_NCL_IrPt_vacuum/,implicit,50,-453.50433,53.3300000000168,0.243260216666667,-0.0008393,-0.0004908999999999,-0.000687,0.001922,0.0,-0.0015821999999999,0.0494216999999999,-0.0082044999999999,-0.0016174,-0.0016973999999999,-0.0033089,0.0,-0.000886,0.0008596999999999,0.0007053,0.0012659999999999,-0.0026353999999999,0.0,0.0033782,-0.0002858999999999,0.0060970999999999,-0.0005256999999999,0.0051217999999999,0.0006352999999999,0.0,0.0023637999999999,0.0640596999999998,0.0339606999999999
09_NCL_IrPt_vacuum/,implicit,51,-453.53679,60.4599999999778,0.265754773333333,-0.001,-0.0009266999999999,-0.0008356999999999,-0.0021599,0.0,0.0029496,0.0589531999999999,-0.0231341999999999,-0.0071925999999999,-0.0060488,-0.004988,0.0,-0.0092138,0.0003426,0.0001301,0.0003632,0.0001542,0.0,0.002673,-0.0003081,0.018753,-0.0082175999999999,0.0011772999999999,0.0146938,0.0,-0.0041843,0.0128059,0.0511544999999999
09_NCL_IrPt_vacuum/,implicit,52,-453.49493,52.4300000000153,0.277001333333333,-0.0008318999999999,-0.0006227999999999,-0.0005697,-0.0109499999999999,0.0,0.0021814,0.0395421,-0.0129656999999999,0.0011897,0.0018939999999999,-1.7000000000003124e-05,0.0,-0.0007411,0.0004978999999999,0.0004586999999999,0.0006931,0.0005219999999999,0.0,0.0008284999999999,-0.0006926,0.0086804,-0.0035531,0.0023771999999999,0.0094081999999999,0.0,-0.00208,0.0362176999999999,0.0342802999999999
09_NCL_IrPt_vacuum/,implicit,53,-453.19128,33.8999999999601,0.11842797,-0.0003605,-0.0011508,0.0002989999999999,-0.0078371999999999,0.0,-0.002387,0.0494974,-0.0193486,-0.0055692999999999,-0.0055217999999999,0.0143324,0.0,-0.0080925999999999,-0.0001936,-0.0015643,-0.0012354,-0.006598,0.0,-0.0090472,0.0110624,0.0110209,-0.0223026,1.3999999999986246e-06,0.0039177,0.0,-0.0005012999999999,0.027722,-0.0308798
09_NCL_IrPt_vacuum/,implicit,54,-453.22494,24.6100000000524,0.0517674866666667,0.0004518,-0.0002246999999999,0.0007297,-0.0200491,0.0,-0.0087036999999999,0.031253,0.0094042999999999,-0.0099348,-0.0035775,0.0214688999999999,0.0,-0.0138769999999999,-0.0007332999999999,-0.0006779999999999,-0.0010430999999999,-0.0074632,0.0,-0.0024206,0.0078408999999999,0.0075995999999999,-0.0104467,-0.0026612999999999,0.0100118,0.0,-0.0048391999999999,0.0138821999999998,-0.0096663999999999
09_NCL_IrPt_vacuum/,implicit,55,-453.21,20.9899999999834,0.0828189386666667,0.0003216,-0.0012723,-0.0003604999999999,-0.0068131,0.0,-0.0086046,0.0585806999999999,0.016048,-0.0109982999999999,-0.0152021,-0.0165964999999999,0.0,-0.0061448999999999,-0.0015488999999999,-0.0017813999999999,-0.0004713,-0.0035517999999999,0.0,-0.0038782,0.0092654,0.007551,-0.0217891,-0.0046444,0.0110568999999999,0.0,-0.0054182,0.0179154999999999,-0.0304202
09_NCL_IrPt_vacuum/,implicit,56,-453.23715,20.3300000000013,0.0887153333333333,5.819999999999957e-05,-0.0013999,-5.210000000000024e-05,-0.0108336,0.0,-0.0075398999999999,0.0626045,0.0086130999999999,-0.0209023,-0.0114820999999999,-0.0007816,0.0,-0.0107713,-0.0011228999999999,-0.001505,-0.0009368,-0.0067259999999999,0.0,-0.0035908,0.0117188,0.0089997999999999,-0.0227684,-0.0022130999999999,0.0111348,0.0,-0.0065938,0.0150262000000001,-0.0272068
09_NCL_IrPt_vacuum/,implicit,57,-453.21122,25.6599999999594,0.124046693333333,-0.0003516,-0.0012531,0.0003584,-0.0108723,0.0,-0.0008985999999999,0.0578145999999999,-0.0233067999999999,-0.0078493,-0.0065004,0.0180277,0.0,-0.0128047999999999,-0.0002313999999999,-0.0017223999999999,-0.0016741,-0.0069248,0.0,-0.0099601,0.0091132,0.0106995999999999,-0.0229365,0.0006922,0.0057012999999999,0.0,-0.0008625,0.0247271,-0.0362112
09_NCL_IrPt_vacuum/,implicit,58,-453.14907,24.8500000000149,0.100463306666667,-0.0005171999999999,-0.0006527999999999,-0.0003629,0.0038987,0.0,-0.0014950999999999,0.0297231,-0.0227918999999999,-0.0046348,-0.0017189999999999,0.0012874,0.0,0.0046197,0.0010699,-5.60999999999999e-05,0.0004387,-0.0006106999999999,0.0,-0.0075409999999999,0.0036993,0.0086806,-0.0050621,0.0019811999999999,-0.0099575,0.0,0.0040825,0.0147098999999999,-0.0065503999999999
09_NCL_IrPt_vacuum/,implicit,59,-452.94132,24.9999999999773,0.109015073666667,-0.0003553999999999,-0.0010004,0.0002712,-0.009814,0.0,0.0024924,0.0504781,-0.0158988999999999,-0.0107135,-0.0087989,0.0234177,0.0,-0.0161911,-1.7999999999997185e-06,-0.0017027999999999,-0.001117,-0.0066599,0.0,-0.00857,0.0065911,0.0075121,-0.0201427,0.0006502,0.0037569,0.0,-0.0023637,0.0277742999999999,-0.0440951999999998
09_NCL_IrPt_vacuum/,implicit,60,-453.21044,41.8199999999729,0.0731789733333333,-0.0006093,-0.0008977999999999,-0.0005705,-0.0091100999999999,0.0,0.0104789,0.026503,-0.0107767,-0.0083058,0.0050385999999999,-0.0058101,0.0,-0.004558,-9.059999999999972e-05,-0.0008909,-4.4900000000000495e-05,0.0003391,0.0,0.0038496999999999,-0.0001748,-0.0056573,-0.0095143,0.0005760999999999,0.0046302,0.0,-0.0035242999999999,0.0027638999999999,-0.021004
09_NCL_IrPt_vacuum/,implicit,61,-453.21781,38.2199999999671,0.145237793333333,-0.0004689,-0.0007309999999999,-0.0002247999999999,-0.009003,0.0,0.007875,0.0387142999999999,-0.0005879,-0.0095108,0.0033784,0.0047408999999999,0.0,-0.0053161,0.000314,0.0002935,0.0009517999999999,-0.0035233,0.0,0.0045734999999999,0.0064092,-0.0047277999999999,-0.0106033999999999,0.0005868999999999,-0.0014904999999999,0.0,-0.0066821999999999,0.0577324000000001,-0.0277960999999999
09_NCL_IrPt_vacuum/,implicit,62,-453.19495,32.4600000000146,0.151844563333333,-0.0003927,-0.0011526,0.0001136,-0.008295,0.0,-0.0011602,0.0585239999999999,-0.0174979,-0.0109317,-0.0064376,0.0122246,0.0,-0.0132492,0.0003399,-0.0002055,-0.0006765,-0.0055172,0.0,-0.0075244,0.0080303999999999,0.0080952,-0.01397,4.269999999999968e-05,0.0124232999999999,0.0,-0.0010473,0.0234903000000001,-1.840000000008501e-05
09_NCL_IrPt_vacuum/,implicit,63,-453.03713,21.3100000000281,0.151788026666667,-0.0006338,-0.0012978999999999,-0.0005075999999999,-0.0072671999999999,0.0,-0.0024508999999999,0.0447018999999999,-0.0208036,-0.0081743999999999,-0.0065308999999999,-0.0001801,0.0,-0.005715,-7.979999999999793e-05,-0.0014263,-0.0008615,-0.0040801999999999,0.0,-0.0076664,-0.0011262999999999,0.0089129,-0.0190152,0.0020624,0.0045086,0.0,0.0022329,-0.0177187,-0.0330775999999999
09_NCL_IrPt_vacuum/,implicit,64,-453.10535,27.4299999999812,0.0599600826666667,-0.0004953,-0.0011643,-0.0006177,-0.0056287,0.0,-0.0042144999999999,0.0416408,-0.0086924,-0.0130288,-0.0053564999999999,-0.0105291,0.0,0.0002214,-0.0002797,-0.0009008999999999,-0.0001410999999999,-0.0018520999999999,0.0,-0.0042312,0.0005730999999999,0.0042823,-0.0164553,0.0009292,0.0052309999999999,0.0,0.0015135,-0.0157301,-0.0226623999999999
09_NCL_IrPt_vacuum/,implicit,65,-453.11273,34.8599999999806,0.0352897796666667,-0.0004029,-0.0009841,-0.0003582,-0.0088739999999999,0.0,-0.0093888,0.0468104,-0.0143509,-0.0021629999999999,-0.0093826,0.0001359999999999,0.0,-0.0022330999999999,-0.000229,-0.0008021,-0.0003016,-0.001743,0.0,-0.0043372999999999,0.0001154999999999,0.0071547,-0.0161683,0.0005027999999999,0.0048785999999999,0.0,0.0006665999999999,-0.0023819,-0.0205265
09_NCL_IrPt_vacuum/,implicit,66,-452.965,23.4399999999937,0.00484188,-0.0002233999999999,-0.0010064999999999,0.0001128999999999,-0.0121764,0.0,0.0011455,0.0498396999999999,0.0012844999999999,-0.0182758999999999,-0.0061665,0.0117622999999999,0.0,-0.0182173,-0.0004033,-0.0012535,-0.0005342,-0.0076863999999999,0.0,-0.0007727,0.0091752999999999,-0.0004495,-0.0180514999999999,0.0008630999999999,0.0128454,0.0,-0.0072495,0.0161573000000001,-0.0270335999999999
09_NCL_IrPt_vacuum/,implicit,67,-453.1305,39.1900000000192,0.130623366666667,-0.0006775999999999,-0.0012541,-0.0007923999999999,0.0057181,0.0,-0.0013074999999999,0.0279654,-0.0168468999999999,-0.0048394999999999,-0.0080007,-0.0150361,0.0,0.0040557,6.159999999999846e-05,-0.0007610999999999,-0.0001350999999999,0.0023987999999999,0.0,-0.0063594,0.0008630999999999,0.0097218999999999,-0.0130662,0.0001089,-0.0009648999999999,0.0,0.0043668,-0.0220317999999999,-0.0075315
09_NCL_IrPt_vacuum/,implicit,68,-453.23883,35.2000000000316,0.1594261,-0.0004623,-0.0007526,-0.0002372,-0.0049131,0.0,-0.0073978,0.0508785,-0.0174857,0.0015907,-0.0039186,-0.0023641999999999,0.0,-0.0048717,0.0009039999999999,0.00059,-0.0003728999999999,-0.0020764,0.0,-0.0059495999999999,0.0101807,0.0084593999999999,-0.0076679,-0.0006864,0.0075635999999999,0.0,0.0007936,0.0201321,0.0234761
09_NCL_IrPt_vacuum/,implicit,69,-453.31865,37.8399999999601,0.178775276666667,-7.479999999999987e-05,-0.0009471999999999,0.0001662999999999,-0.0083637,0.0,-0.0169513,0.0635414999999999,-0.0098893999999999,-0.0104763,-0.0091677,0.01367,0.0,-0.0029157999999999,0.0005117999999999,0.0004959,-0.0003236999999999,-0.0015458999999999,0.0,-0.0053367999999999,0.0146734,0.0143442,-0.0132673999999999,-0.006544,0.0019129,0.0,-0.0016772999999999,0.0371828,0.0064861999999999
09_NCL_IrPt_vacuum/,implicit,70,-453.34173,22.9300000000308,0.215061713333333,0.0001604,-0.0010371,-5.9000000000000025e-05,-0.0028624,0.0,-0.0112126,0.0512269,0.0094208,-0.0180181999999999,-0.0113766,0.0060209999999999,0.0,-0.0039317999999999,-7.820000000000049e-05,-0.0002436,-6.289999999999768e-05,-0.0047767999999999,0.0,-0.0038956999999999,0.0079713,0.0112956,-0.0128095999999999,-0.0044353999999999,-0.0028866,0.0,-0.0014399,0.0366625,-0.0227233
09_NCL_IrPt_vacuum/,implicit,71,-453.36759,29.9400000000105,0.206093556666667,-6.52000000000005e-05,-0.0009157,5.259999999999987e-05,-0.0095185,0.0,0.0001658,0.0557617,0.0038212,-0.0119108,-0.0036693999999999,0.0061496,0.0,-0.0109344,-2.009999999999859e-05,0.0002663999999999,0.0003468,-0.0089848999999999,0.0,-0.0013851,0.0110908,-0.0007206,-0.012712,0.0020506999999999,0.0068299,0.0,-0.0052337999999999,0.0578737999999999,-0.0169438
09_NCL_IrPt_vacuum/,implicit,72,-453.33642,36.76999999999,0.188039646666667,-0.0006042999999999,-0.0004273999999999,-8.559999999999991e-05,-0.0042024,0.0,-0.0023705,0.0418617,-0.0228112999999999,-0.000438,0.0010658,0.0079805,0.0,0.0043225,0.0007938,0.0002955,0.0002756999999999,-0.0016158,0.0,-0.0060371,0.0059313,0.0088694,-0.0024438999999999,0.0008888999999999,-0.0014935999999999,0.0,0.0010145999999999,0.0485822,0.0129578999999999
09_NCL_IrPt_vacuum/,implicit,73,-453.4442,34.6600000000308,0.171049763333333,-0.0001572,-0.0013417,0.0005951999999999,-0.0130062,0.0,-0.0027259999999999,0.0405330999999999,-0.0094002999999999,-0.0059652,0.0010526,0.0161315,0.0,-0.0083282,-0.0002184999999999,-0.0011464,-0.0015650999999999,-0.0083457,0.0,-0.0101657,0.0140436,0.003858,-0.0246143,-0.0007331999999999,0.009641,0.0,-0.0011699,0.0347751,-0.0408323999999999
09_NCL_IrPt_vacuum/,implicit,74,-453.47067,21.0500000000025,0.165550006666667,-0.0002210999999999,-0.0013961,0.0003037,-0.014844,0.0,-0.0084855,0.0557575999999999,-0.0021077999999999,-0.0173332,0.0006323999999999,0.0129113,0.0,-0.0090582999999999,-0.0004457,-0.0009862999999999,-0.0011705,-0.0071794,0.0,-0.0010674,0.0126326,0.0022193,-0.0222072,-0.0040602,0.0106051,0.0,-0.0047195,0.0323176,-0.0327581999999999
09_NCL_IrPt_vacuum/,implicit,75,-453.42276,24.1599999999949,0.110789033333333,0.0005658999999999,-0.001424,-0.0002103,-0.0012057,0.0,-0.0121043999999999,0.0602607,0.0177497999999999,-0.0137615,-0.0181986,-0.0098021,0.0,-0.0080743,-0.001145,-0.0013116999999999,-0.0004742999999999,-0.0074671,0.0,-0.0077813,0.0124888999999999,0.0110985999999999,-0.0253684999999999,-0.006036,0.0089798999999999,0.0,-0.0010346,0.0275910000000001,-0.0361019
09_NCL_IrPt_vacuum/,implicit,76,-453.46814,20.7599999999957,0.192701916666667,0.0001108999999999,-0.0015906,-7.360000000000005e-05,-0.0092533999999999,0.0,-0.0084054,0.0585503,0.0097986999999999,-0.0192781,-0.0091575999999999,0.0021524,0.0,-0.0106774,-0.0005857,-0.001034,-0.0007029999999999,-0.0096087,0.0,-0.003013,0.0137566999999999,0.0075161999999999,-0.0247335,-0.0012145999999999,0.0087343,0.0,-0.0058082999999999,0.0243523000000001,-0.0333867999999999
09_NCL_IrPt_vacuum/,implicit,77,-453.44518,24.9900000000025,0.164521473333333,-0.0001992,-0.0013819,0.000524,-0.0098449,0.0,-0.0106391,0.058085,-0.0036329,-0.0078391,-0.00764,0.0135496999999999,0.0,-0.0116707,-0.0004175,-0.0012693999999999,-0.0013227999999999,-0.0016022999999999,0.0,-0.0017188999999999,0.0133193999999999,0.0028980999999999,-0.0242351,-0.0095109,0.0097945999999999,0.0,-0.005755,0.0386214000000001,-0.0396397
09_NCL_IrPt_vacuum/,implicit,78,-452.93712,20.8499999999958,0.0091028416666666,-0.0001651999999999,-0.0011767,-0.0004183999999999,-0.0055666999999999,0.0,-0.0049169999999999,0.0457093999999999,0.0073341999999999,-0.0093827,-0.0109936999999999,-0.0130302,0.0,-0.0055837,-0.0008781999999999,-0.0016002999999999,-0.0001345999999999,-0.0015722,0.0,-0.0018334,0.0037821999999999,0.002473,-0.0197016,-0.0030663,0.0096316,0.0,-0.0047476,0.0036184999999999,-0.0352947
09_NCL_IrPt_vacuum/,implicit,79,-453.27031,51.680000000033,0.160532756666667,3.600000000000044e-05,-0.0002996,-8.619999999999982e-05,-0.0043831,0.0,-0.0128867,0.0498850999999999,-0.0128481,0.0027227,-0.0034961,0.0110499,0.0,0.0003301999999999,0.0011885,0.0011828999999999,0.0007000999999999,0.0020587,0.0,-0.0010579,0.0069470999999999,0.0082905999999999,-0.0069332,-0.0055757999999999,-0.0052789999999999,0.0,-0.0032210999999999,0.0600483,-0.0033983
09_NCL_IrPt_vacuum/,implicit,80,-453.25255,32.1100000000456,0.109167188,0.0001307,-0.0007603999999999,5.840000000000012e-05,-0.0043398,0.0,-0.0082601999999999,0.0536936,0.0058117,-0.0112006999999999,-0.0098852,0.0041435999999999,0.0,-0.0054441,-0.0001448,0.0002336,0.0003245,-0.0062894,0.0,-0.0036988,0.0122562,0.0123722,-0.0124552999999999,-0.0029762,-0.005462,0.0,-0.0023546,0.0478952000000001,-0.0163892999999999
09_NCL_IrPt_vacuum/,implicit,81,-453.26777,33.7700000000041,0.133900836666667,-7.909999999999948e-05,-0.0007028999999999,0.0001403999999999,-0.0089317,0.0,-0.0121519,0.0697428,-0.0159874,-0.0048821999999999,-0.0122843999999999,0.0178817,0.0,-0.0055911999999999,0.0010726999999999,0.0012044999999999,0.0004896999999999,-0.0015681999999999,0.0,-0.0040485,0.0144468,0.0066064999999999,-0.0102850999999999,-0.0033268999999999,0.0005541999999999,0.0,-0.0038031,0.0543077999999999,0.0026855999999999
09_NCL_IrPt_vacuum/,implicit,82,-453.25158,46.9400000000064,0.0848563533333333,-0.0001989,-0.00053,0.0004236999999999,-0.0041858,0.0,0.0001791999999999,0.0486593,-0.0120935,-0.0012121,-0.0063971999999999,0.0144465,0.0,-0.0150377,0.0007606999999999,0.0006955999999999,0.0003907,-0.0058292,0.0,-0.0025317,0.0074337,0.0074354999999999,-0.0133064999999999,-0.0004813999999999,0.0063602999999999,0.0,-0.0061978999999999,0.0481070999999999,-0.0105403
09_NCL_IrPt_vacuum/,implicit,83,-452.94955,18.1900000000041,0.0977847233333333,-0.0001821,-0.0011032999999999,0.0002526,-0.0154374,0.0,-0.0025629,0.0572752,-0.0012526,-0.018537,-0.0058097999999999,0.0154826,0.0,-0.0207165999999999,-2.009999999999859e-05,-0.0013738999999999,-0.0004483,-0.0093251999999999,0.0,-0.0067486,0.0113626,0.0021250999999999,-0.0178103,0.000375,0.0145768,0.0,-0.0038687,0.0148174999999999,-0.0223107999999999
09_NCL_IrPt_vacuum/,implicit,84,-452.97592,15.4600000000187,0.0870343113333333,3.729999999999966e-05,-0.0010714999999999,-0.000197,-0.0041554,0.0,-0.0108667,0.0528687999999999,0.0018115,-0.0171489999999999,-0.012819,0.0022025999999999,0.0,-0.0066732,-0.0004194999999999,-0.0009634999999999,-0.0004206,-0.0036402999999999,0.0,-0.009391,0.0093391,0.0130729,-0.0175542,-0.0037304,0.0029667999999999,0.0,0.0011278,0.0079763999999999,-0.0192256999999999
09_NCL_IrPt_vacuum/,implicit,85,-452.9756,21.5000000000032,0.08690514,0.0003606,-0.0009074,-0.0001624,-0.0040165,0.0,-0.0142029999999999,0.0565172999999999,0.0179465,-0.0112058999999999,-0.0192359,-0.0062665,0.0,-0.0052593999999999,-0.0008430999999999,-0.0013491,-0.0002786,-0.0029983999999999,0.0,-0.0088888,0.0062443999999999,0.0122221,-0.0173871,-0.0057195,0.0044517999999999,0.0,0.0003355,0.0271350999999999,-0.0284214
09_NCL_IrPt_vacuum/,implicit,86,-453.00679,20.9699999999771,0.110888382666667,-7.33000000000001e-05,-0.0011635999999999,-0.0001508,-0.0050633999999999,0.0,-0.0099671999999999,0.0533422,0.0003689,-0.0194413999999999,-0.0139836999999999,0.0067143,0.0,-0.0078899,-0.0004644,-0.0012681,-0.0007210999999999,-0.0035227999999999,0.0,-0.009929,0.0078234999999999,0.0143256,-0.0188490999999999,-0.0044759999999999,0.0047616,0.0,0.0009697999999999,0.0053844,-0.0226998999999999
09_NCL_IrPt_vacuum/,implicit,87,-452.9968,27.6599999999689,0.202645213333333,-0.0004010999999999,-0.0012425,3.9000000000002574e-06,-0.0081382999999999,0.0,0.0002704999999999,0.046624,-0.0104331,-0.0175433999999999,-0.0066468999999999,0.0138072,0.0,-0.012221,3.5100000000003184e-05,-0.0014327,-0.0008598,-0.0055652999999999,0.0,-0.0092329,0.0052931999999999,0.0078909,-0.0169163999999999,-8.99999999999998e-05,0.0092199999999999,0.0,-4.410000000000004e-05,0.0081587999999999,-0.0234039999999999
09_NCL_IrPt_vacuum/,implicit,88,-453.03692,42.98,0.109882996666667,-9.999999999940613e-08,4.500000000000164e-06,1.000000000002735e-07,6.969999999999893e-05,0.0,4.399999999998155e-06,-0.0001320999999999,9.700000000001374e-06,2.689999999999637e-05,1.7000000000003124e-05,-3.8399999999994e-05,0.0,9.20000000000018e-05,1.7999999999997185e-06,0.0,4.199999999999343e-06,4.600000000000437e-06,0.0,-3.599999999999437e-06,-5.999999999992123e-06,-9.700000000001374e-06,7.850000000000218e-05,3.070000000000156e-05,-3.3100000000001184e-05,0.0,1.2200000000000403e-05,0.0001074,0.0001595
09_NCL_IrPt_vacuum/,implicit,89,-453.06471,35.2499999999623,0.114814075666667,-0.0006478,-0.0011015,-0.0007604,0.0048181999999999,0.0,-0.0045079999999999,0.0362808,-0.0081410999999999,-0.0087155999999999,0.0002149,-0.0210032,0.0,0.0018072,-2.4699999999999028e-05,0.0002078999999999,0.0003163,0.0005434,0.0,0.0009284999999999,0.0006126,0.0057818999999999,-0.0129696,-0.0019647999999999,0.0053538,0.0,0.0001156999999999,-0.0035127999999999,-0.0021976
09_NCL_IrPt_vacuum/,implicit,90,-452.99335,19.0599999999677,0.237771933333333,-6.96999999999998e-05,-0.0012716,-0.0001616,-0.0159182,0.0,-0.013842,0.056727,0.0187388,-0.0229096,-0.0105035999999999,-0.0008052999999999,0.0,-0.0065616,-0.0008889999999999,-0.0016952,-0.0003304,-0.0037213,0.0,-0.0011571,0.008479,0.0035818,-0.0230906,-0.0046557,0.0107386999999999,0.0,-0.0080649,0.0068452000000001,-0.04161
09_NCL_IrPt_vacuum/,implicit,91,-453.07012,34.2800000000238,0.0841597146666667,-0.0004933999999999,-0.0009812,-0.0004347,-0.0097541,0.0,-0.0036722,0.0497588,-0.0063372,-0.0124710999999999,-0.0015761,-0.0010124999999999,0.0,-0.0088017,-9.390000000000091e-05,0.0001528999999999,0.0001895999999999,-0.0036366,0.0,0.0010266,0.0023903,0.0037389,-0.0156467,0.0007277,0.0102072,0.0,-0.0029238,0.0084488999999998,-0.0077355999999999
09_NCL_IrPt_vacuum/,implicit,92,-453.04607,41.6799999999853,0.07205462,-0.0004527999999999,-0.0008847999999999,-0.0003614999999999,0.0034011,0.0,-0.00419,0.0412707999999999,-0.0036809,-8.210000000000162e-05,-0.0102020999999999,-0.0114932999999999,0.0,-0.0062903999999999,0.0003396,0.0001857,-0.0001378999999999,0.0018582999999999,0.0,-0.0001872999999999,0.0028697,0.0070206999999999,-0.0144623999999999,-0.0039262,0.0022669999999999,0.0,-0.000772,0.0140678,-0.0098893999999999
09_NCL_IrPt_vacuum/,implicit,93,-452.76369,14.8999999999546,0.0259812666666667,-0.0005906999999999,-0.0017226,-0.0002260999999999,-0.0131474,0.0,0.0006083999999999,0.0448165,-0.009494,-0.0061180999999999,-0.0027282,0.0048716,0.0,-0.0102313999999999,0.0002451,-0.0001758999999999,-0.0004373,-0.0025100999999999,0.0,-0.0075222,0.0077392,0.0046068999999999,-0.0248764,-0.0008448999999999,0.0142709,0.0,-0.001308,0.0120760999999998,-0.0216254999999999
09_NCL_IrPt_vacuum/,implicit,94,-452.80843,13.9100000000099,0.0928995966666667,-0.0004198999999999,-0.0017054,-0.0005593,-0.0090922999999999,0.0,-0.0090359,0.0545382,0.0037587999999999,-0.0173767999999999,-0.002887,0.0005811999999999,0.0,-0.0044096,-1.16000000000005e-05,-0.0001094,4.679999999999962e-05,-0.0004632,0.0,0.0006444,0.0048720999999999,0.0042832999999999,-0.0238061999999999,-0.0047305,0.0094110999999999,0.0,-0.0064379,0.0267839999999999,-0.0326026999999999
09_NCL_IrPt_vacuum/,implicit,95,-452.78955,13.9800000000037,0.11604585,-0.0005724,-0.0017423999999999,-0.0006861,-0.0026166,0.0,-0.004676,0.0452442999999999,-0.0049669,-0.0053614999999999,-0.0101428,-0.0040882,0.0,-0.0069922999999999,-0.0003265999999999,-0.0001364,0.0001114,-0.0009760999999999,0.0,0.0016804999999999,0.0044920999999999,0.0115186999999999,-0.021804,-0.0019284999999999,0.0056963,0.0,-0.0071759999999999,0.0067984,-0.0176969
09_NCL_IrPt_vacuum/,implicit,96,-452.86047,18.4200000000487,0.130723683333333,-0.0006363,-0.0011979,-0.0003141999999999,-0.0167037,0.0,0.0035355,0.0494837999999999,-0.0041585999999999,-0.0101734999999999,0.0009525,0.0033083,0.0,-0.0097616999999999,0.0003462,0.0001314999999999,0.0003620999999999,-0.0013255,0.0,0.0023792999999999,0.0046888999999999,-0.0021171,-0.0149112999999999,-0.0008295999999999,0.0160292,0.0,-0.0067931,0.0286684999999999,-0.0040788999999999
09_NCL_IrPt_vacuum/,implicit,97,-452.85636,32.4400000000082,0.16239124,-0.0001445999999999,-0.0006424999999999,0.0003087,-0.0152606999999999,0.0,0.0033092,0.0465654,0.007127,0.0002437999999999,-0.000605,0.0148908999999999,0.0,-0.0119087,0.0008531999999999,0.0002203999999999,-0.0002678,-0.0028187,0.0,-0.0067879999999999,0.0081672,-0.0110324,-0.0149313,-0.0016023,0.0110503,0.0,-0.0013483,0.0877666999999999,-0.0369956
09_NCL_IrPt_vacuum/,implicit,98,-453.17842,29.5299999999656,0.121703419333333,-0.0004177,-0.0009729999999999,-0.0002495,-0.0055538999999999,0.0,-7.700000000000068e-05,0.0445348999999999,-0.0160402,-0.0059598999999999,-0.0060257,0.0025629999999999,0.0,-0.0062833,-0.0001029999999999,-0.0008739,-0.0005283999999999,-0.0023657999999999,0.0,-0.0068035,0.0015175,0.0070353999999999,-0.015925,0.0006285,0.0008943999999999,0.0,0.0016264,0.0110353,-0.0297948
09_NCL_IrPt_vacuum/,implicit,99,-453.23335,30.8499999999867,0.0738250266666667,-0.0006867999999999,-0.0012318,-0.0004841,-0.0063958999999999,0.0,0.0024512,0.0417731999999999,-0.0233996,-0.0130006999999999,-0.0021832999999999,-0.0003026,0.0,-0.0040384,-3.3100000000001184e-05,-0.0006067,-0.0003439,-0.0033861999999999,0.0,-0.0040333999999999,0.0020934999999999,0.0062552999999999,-0.0162758,0.0023693,0.0041423,0.0,0.0014091,-0.0149977000000001,-0.016819
09_NCL_IrPt_vacuum/,implicit,100,-453.21488,41.0200000000032,0.0064178623333333,-0.0004377999999999,-0.0009398,-0.0003213,-0.006052,0.0,-0.0059328,0.0442479,-0.0187231,0.0003099,-0.0080861999999999,-0.0033019999999999,0.0,-0.0020371,-7.530000000000037e-05,-0.0004702,-0.0002085999999999,-0.0026417999999999,0.0,-0.0033534999999999,0.0018567,0.0071007999999999,-0.0151008,0.0014337,0.0048658999999999,0.0,0.0004489999999999,-0.0025494999999999,-0.0122879999999999
09_NCL_IrPt_vacuum/,implicit,101,-452.96998,20.9600000000023,0.136486695333333,-0.0003067999999999,-0.0011126,0.0001786,-0.0144843999999999,0.0,-0.0123448999999999,0.0549947,-0.0019384,-0.0144922,-0.005766,0.0149109,0.0,-0.0114692,-0.0003960999999999,-0.0018921,-0.0008735999999999,-0.0033004999999999,0.0,0.0009387,0.0051057999999999,0.0063162,-0.0217935999999999,-0.0053072999999999,0.0075628999999999,0.0,-0.0089217,0.0163395000000001,-0.0451226
09_NCL_IrPt_vacuum/,implicit,102,-453.20452,38.1600000000049,0.107373667333333,-0.0004872,-0.0011026,-0.0006668999999999,0.0056551,0.0,-0.0027320999999999,0.0304219,-0.0134408999999999,-0.0026786999999999,-0.0064826,-0.0151323,0.0,-1.1400000000001688e-05,-3.54000000000014e-05,-0.0005476999999999,-0.0001566999999999,0.0039311,0.0,-0.0027615,-0.0005943,0.0089509,-0.0139239999999999,-0.003436,-0.0012362999999999,0.0,0.0014985999999999,-0.0133153999999999,-0.0166227000000001
10_NCL_IrPd_Ir/,implicit,1,-428.2715,58.0099999999675,0.326206726666667,0.0009014999999999,-0.0022016,-0.0002766,-0.0081125,0.0,-0.0067981,0.0812766,0.0279795,-0.0307789,-0.00282,-0.0054521,0.0,-0.0178569,0.0008931,-0.0002309,-9.890000000000028e-05,0.0007449,0.0,-0.0001464,0.0038934999999999,-0.0120504999999999,-0.0117501,-0.0016131,0.0035814999999999,0.0,-0.0004056999999999,0.0717217999999999,-0.034365
10_NCL_IrPd_Ir/,implicit,2,-427.04132,35.759999999982,0.162579678333333,8.589999999999987e-05,-0.0017279,-8.359999999999965e-05,-0.005617,0.0,-0.0046957,0.0772872999999999,0.0032781999999999,-0.0224828999999999,-0.0175043,-0.0004182,0.0,-0.0153613999999999,0.0001764,0.0001223,6.400000000000156e-06,0.0003996999999999,0.0,-0.000321,0.0028615999999999,-0.0023637,-0.0093891,-0.0002849,0.0003069,0.0,-0.0007786,0.0255205999999998,-0.0185281
10_NCL_IrPd_Ir/,implicit,3,-426.71306,42.4399999999991,0.0230102176666667,1.549999999999989e-05,-0.0005803,2.3699999999999763e-05,-0.0101851999999999,0.0,-0.0065899,0.0871046,0.0091762999999999,-0.0248024,-0.014554,-0.0010104999999999,0.0,-0.0117189,0.0001022999999999,-0.0001172999999999,0.0002466,-0.0008450999999999,0.0,-0.0008947,0.0020804,-0.0032186,-0.0058721999999999,0.0007849999999999,-0.0034562,0.0,-7.17999999999999e-05,0.0537579999999999,-0.0225232
10_NCL_IrPd_Ir/,implicit,4,-426.69634,46.5300000000184,0.0618875483333333,5.400000000000023e-05,-0.0002992999999999,3.670000000000062e-05,-0.0092195999999999,0.0,-0.0109204,0.083094,-0.0174148999999999,0.0034306999999999,-0.0139013,0.0016271999999999,0.0,-0.0040430999999999,0.0006681,0.0004268999999999,0.0001428,-0.0003484,0.0,-0.0008818999999999,0.0018541999999999,-0.0034788,-0.0016388,0.0009902,0.0009766,0.0,0.0004022999999999,0.0648884,-0.0017737999999999
10_NCL_IrPd_Ir/,implicit,5,-426.59914,30.9700000000248,-0.0187846887333333,-0.0001657999999999,-0.0006297,-0.0001072,-0.0120086,0.0,-0.0024349,0.0783353,-0.0212856,-0.0170407,-0.0095853999999999,0.0039338,0.0,-0.0060409,0.0002062999999999,0.0001248999999999,3.400000000000191e-06,0.0003756999999999,0.0,-0.0012037,0.0018502999999999,0.0015535,-0.0051237,0.0001602999999999,-0.000376,0.0,0.0001663,0.0259401999999999,-0.0045256999999999
10_NCL_IrPd_Ir/,implicit,6,-426.78279,54.5099999999934,0.11131496,0.0001959,-0.0003987999999999,0.0001251999999999,-0.0132106999999999,0.0,-0.0083396999999999,0.0923107,0.0009316999999999,-0.0038177,-0.0146963999999999,-0.0016106,0.0,-0.0090215999999999,0.0001214,0.0002397,0.0002691999999999,0.0003176999999999,0.0,-0.0006150999999999,0.0023162,-0.0046608,-0.0026096999999999,0.0005051999999999,-0.0013141,0.0,-0.0001067999999999,0.0849356999999999,-0.0110738
10_NCL_IrPd_Ir/,implicit,7,-426.85563,41.0700000000475,0.138478138333333,2.939999999999974e-05,-0.0007321,0.0001488,-0.0140485999999999,0.0,-0.0067329,0.0817227999999999,0.0116807,-0.0257291999999999,-0.0123974,0.0023612,0.0,-0.0066464,5.099999999999636e-06,-0.0001254,0.0002441999999999,5.230000000000013e-05,0.0,-2.510000000000012e-05,0.0024224999999999,-0.0028703,-0.0066330999999999,0.0002952999999999,-0.0053687,0.0,-0.0013288,0.0593124999999998,-0.0266644999999999
10_NCL_IrPd_Ir/,implicit,8,-426.77705,57.4599999999919,0.0760444966666667,0.0001464999999999,-0.0001786999999999,-3.590000000000017e-05,-0.0074906999999999,0.0,-0.0183919,0.0876351,-0.0071905,0.0077413999999999,-0.0163068,-0.0056056,0.0,-0.0027934999999999,0.0004624999999999,0.0004211,0.0001573,0.0002107,0.0,9.829999999999996e-05,0.0018096999999999,-0.0046827,-0.0004882,0.0004608,0.0018103999999999,0.0,-3.880000000000008e-05,0.0750587999999998,0.0004422
10_NCL_IrPd_Ir/,implicit,9,-426.4091,46.449999999993,0.062853679,9.24000000000003e-05,-0.0003438999999999,0.0008694999999999,-0.0259538,0.0,-0.0030171,0.0777231999999999,0.0006902,0.0056072,-0.0038449,0.0071231999999999,0.0,-0.0188976,0.0001486999999999,0.0001405999999999,0.0001792,-0.0010092,0.0,0.0001599999999999,0.0009115999999999,-0.0005574999999999,-0.0044469,9.520000000000016e-05,-0.0013922,0.0,-0.0031542,0.080097,-0.0178496999999999
10_NCL_IrPd_Ir/,implicit,10,-426.61598,13.5399999999777,0.189150754333333,-0.000165,-0.0011603,-0.0001235999999999,-0.0099844,0.0,-0.0067935,0.0906216,0.0067112,-0.0239667,-0.0134493,-0.0247755999999999,0.0,-0.0090791,5.529999999999988e-05,0.0001981999999999,0.0005611999999999,4.220000000000005e-05,0.0,0.0003206,0.0008999999999999,-0.0005894999999999,-0.0079610999999999,-0.0003952999999999,0.0004752999999999,0.0,-0.0004810999999999,0.0156709999999999,-0.0137484999999999
10_NCL_IrPd_Ir/,implicit,11,-426.42363,14.5899999999983,-0.0138056455,-3.739999999999993e-05,-0.0010249999999999,0.0001196999999999,-0.0122345999999999,0.0,-0.004712,0.0795832,0.0059185999999999,-0.0202378,-0.0111214,-0.0096561,0.0,-0.0089106,0.0001594999999999,0.0001497,0.0003171999999999,0.0003788999999999,0.0,0.0002389999999999,0.0010569999999999,-0.0010588999999999,-0.0070803999999999,-0.0001827,-0.0024443,0.0,-0.0021257,0.0353726,-0.0211815
10_NCL_IrPd_Ir/,implicit,12,-426.65003,35.7300000000009,0.0013600233333333,-0.0001029,-0.0005337,-0.0001338999999999,-0.0147522999999999,0.0,-0.0069752,0.0804221,0.0051965,-0.0183695,-0.0074646999999999,-0.0200565,0.0,-0.0049686999999999,-4.3599999999999976e-05,4.180000000000004e-05,0.0002022,0.0005857,0.0,0.0004465999999999,0.0017735,0.0001526,-0.0047055,-0.0006386999999999,0.0006968999999999,0.0,-0.0007772,0.0245225999999998,-0.0045321
10_NCL_IrPd_Ir/,implicit,13,-426.4465,33.6700000000292,-0.0206229859,-2.140000000000041e-05,-0.0005945,-1.370000000000017e-05,-0.018573,0.0,-0.0074089999999999,0.0870335999999999,0.0165103999999999,-0.0245846999999999,-0.0118381,-0.0191043,0.0,-0.0068387,-6.280000000000001e-05,-0.0001174999999999,0.0003374,0.000666,0.0,0.0004188,0.0021889,-0.0018835,-0.0058385999999999,-0.0001949,-0.0015179999999999,0.0,-0.0009723,0.0291337,-0.0139532
10_NCL_IrPd_Ir/,implicit,14,-426.38779,28.8600000000088,-0.0992889443333333,-0.0001061999999999,-0.0005801,-8.310000000000001e-05,-0.0085623,0.0,-0.0074085,0.0829173,-0.007909,-0.0238227999999999,-0.0129931,-0.0040483999999999,0.0,-0.0123482999999999,9.140000000000016e-05,-0.000112,7.12e-05,-0.0004889,0.0,-0.000693,0.0019607999999999,0.0004214,-0.0056022,0.0006011,9.400000000000012e-06,0.0,0.0005572999999999,0.0101106000000001,-0.0063667999999999
10_NCL_IrPd_Ir/,implicit,15,-428.26037,57.7499999999986,0.330971533333333,0.0009441999999999,-0.0023556,-0.0002889999999999,-0.0087550999999999,0.0,-0.007034,0.0805661,0.0286972999999999,-0.0316319,-0.0019162,-0.0061095,0.0,-0.0179728999999999,0.0009755999999999,-0.000271,-0.0001308,0.0008175,0.0,-0.0001149999999999,0.0038010999999999,-0.0118815999999999,-0.0117941,-0.0015804999999999,0.0036550999999999,0.0,-0.0004035,0.0682871,-0.0338542999999999
10_NCL_IrPd_Ir/,implicit,16,-427.02134,36.1700000000269,0.189442786666667,0.0001260999999999,-0.0018558,-0.0001125,-0.0042577999999999,0.0,-0.0021339,0.0713724,0.0049929,-0.0237014,-0.0180258,-0.0004905,0.0,-0.0150387,0.000258,9.219999999999996e-05,-8.999999999999894e-06,0.0003031,0.0,-0.0006007999999999,0.0027612,-0.0029074,-0.0092873,-6.100000000000029e-05,0.0005368,0.0,-0.0006287,0.0217502,-0.0190858999999999
10_NCL_IrPd_Ir/,implicit,17,-426.70335,44.6299999999837,0.006892847,-1.72000000000002e-05,-0.0006149,4.5299999999999854e-05,-0.0155397,0.0,-0.0086259999999999,0.0868190999999999,0.0161406999999999,-0.0250469,-0.0127549999999999,-0.0074432,0.0,-0.0049684,-3.5700000000000055e-05,-0.0001269,0.0004068999999999,0.0002711,0.0,0.0003726999999999,0.0020255,-0.0018931,-0.005899,5.6999999999999976e-05,-0.0046073,0.0,-0.0013088,0.0559878,-0.0214752
10_NCL_IrPd_Ir/,implicit,18,-426.68586,47.4900000000389,0.0836485286666667,5.520000000000004e-05,-0.0002921,3.430000000000013e-05,-0.0099243999999999,0.0,-0.0112900999999999,0.083197,-0.015517,0.0033875,-0.0134374,0.0006478999999999,0.0,-0.0033494999999999,0.0007157999999999,0.0004424999999999,0.0001583999999999,-0.0002973,0.0,-0.0008127,0.0018511,-0.0036921,-0.0014774999999999,0.0009885,0.001041,0.0,0.0003760999999999,0.0670224000000001,-0.0014126
10_NCL_IrPd_Ir/,implicit,19,-426.59373,25.2999999999588,-0.06638275242,-0.0002161999999999,-0.0007022,-0.0001208,-0.0079925999999999,0.0,-0.0031149,0.0774135,-0.0257286,-0.0184036,-0.0111554,0.0083074,0.0,-0.0081472999999999,0.00021,0.0001363,-2.689999999999984e-05,-0.0001063999999999,0.0,-0.0014038,0.0017619,0.0019683,-0.0054550999999999,0.0004734999999999,-0.000661,0.0,0.0006065,0.0202786999999999,-0.0049932999999999
10_NCL_IrPd_Ir/,implicit,20,-426.76576,57.0299999999975,0.118563743333333,0.0003403,-0.0003795,3.129999999999973e-05,-0.0156474999999999,0.0,-0.0165972,0.0915701999999999,0.0044329,-0.0048842999999999,-0.0117101999999999,-0.0024890999999999,0.0,-0.0013253999999999,0.0002189,0.0002318999999999,0.0001732,0.0002742999999999,0.0,-0.0008312999999999,0.0021582999999999,-0.0074383,-0.0024897999999999,0.000754,0.0008357,0.0,0.000165,0.0866833999999998,-0.011896
10_NCL_IrPd_Ir/,implicit,21,-426.84371,44.6699999999964,0.16195888,-2.140000000000041e-05,-0.0008289,0.0002452999999999,-0.0154791999999999,0.0,-0.0073561999999999,0.0869762,0.0110217,-0.0263747999999999,-0.0143015999999999,0.0050575999999999,0.0,-0.0051884999999999,-1.6499999999999588e-05,-0.0001213999999999,0.0002655,0.0005774999999999,0.0,0.0004518999999999,0.0024448999999999,-0.0016778,-0.0070157,-1.6699999999999918e-05,-0.0071129,0.0,-0.0019318,0.0675000999999999,-0.0283059
10_NCL_IrPd_Ir/,implicit,22,-426.76323,58.969999999988,0.0857268756666667,0.0001409,-0.0001902,-3.959999999999988e-05,-0.007833,0.0,-0.017776,0.0878351999999999,-0.0054214999999999,0.0067134,-0.0164133999999999,-0.0056997999999999,0.0,-0.0031588999999999,0.0004666,0.0004267999999999,0.0001586,0.0002714,0.0,0.0001477999999999,0.0018715,-0.0046559,-0.0005179,0.0004452999999999,0.0016789,0.0,-6.030000000000011e-05,0.0763139999999999,0.0004658
10_NCL_IrPd_Ir/,implicit,23,-426.43694,42.8400000000124,0.0187962303333333,0.0001387999999999,-0.0001267,-2.050000000000056e-05,-0.0035385999999999,0.0,-0.0138216,0.0736735,-0.0242901999999999,0.0149229999999999,-0.0117098999999999,-0.0068537,0.0,-0.0109635,0.0005287999999999,0.0005208999999999,8.889999999999983e-05,0.0009212999999999,0.0,0.0005562,0.0014535,0.0002666,0.0006124,0.0003791,0.0018985,0.0,0.0001126,0.0348208,0.0146775
10_NCL_IrPd_Ir/,implicit,24,-426.59793,15.8400000000256,0.104708031,-0.0001695999999999,-0.0012096,-0.000134,-0.008516,0.0,-0.0077139,0.0899695,0.0058909999999999,-0.0240068,-0.0136046999999999,-0.0235603999999999,0.0,-0.0090185999999999,5.849999999999996e-05,0.0001932999999999,0.0005873999999999,-5.529999999999988e-05,0.0,0.0003210999999999,0.0008449,-0.000472,-0.0076385,-0.0002726,0.0005322,0.0,-0.0003666999999999,0.0158536,-0.0125353
10_NCL_IrPd_Ir/,implicit,25,-426.41154,16.7200000000207,0.066791751,-3.500000000000031e-05,-0.0010132,0.0001254999999999,-0.01004,0.0,-0.0036853999999999,0.0745348,0.0050127999999999,-0.0185243,-0.0111401999999999,-0.0079903,0.0,-0.0088160999999999,0.0001699,0.0001435,0.0002963999999999,0.0004746999999999,0.0,0.0003116,0.0009255,-0.0009003999999999,-0.0064490999999999,-0.0002302,-0.0026306999999999,0.0,-0.002114,0.0368573,-0.0200054
10_NCL_IrPd_Ir/,implicit,26,-426.6416,36.7200000000025,-0.0627162313333333,-0.0001231,-0.0005181999999999,-7.350000000000065e-05,-0.0091038,0.0,-0.0036617999999999,0.0807091,-0.0206255999999999,-0.0176096,-0.0120001999999999,0.0063814,0.0,-0.0099614999999999,0.0002209999999999,4.5999999999999925e-05,-3.959999999999988e-05,-5.849999999999996e-05,0.0,-0.0011558999999999,0.001608,0.0010804,-0.0044135,0.0004290999999999,-0.0003057,0.0,0.0005703,0.0268264999999998,-0.0040373
10_NCL_IrPd_Ir/,implicit,27,-426.43846,34.5400000000495,0.0112742856666667,-2.2799999999999904e-05,-0.0006136,-9.900000000000186e-06,-0.017197,0.0,-0.0074406999999999,0.0867043,0.0143444,-0.0247138999999999,-0.0124714,-0.0158096999999999,0.0,-0.0068966,-3.750000000000021e-05,-0.0001207,0.000321,0.0005892,0.0,0.0003657,0.0021293999999999,-0.001841,-0.0057918,-1.9699999999999883e-05,-0.0016871,0.0,-0.0008157999999999,0.0317461999999999,-0.0138165
10_NCL_IrPd_Ir/,implicit,28,-426.37929,-7.97999999997501,-0.0863359106666667,-9.30000000000028e-06,-0.0004453,7.050000000000025e-05,-0.0091162,0.0,-0.0084932,0.0816345,-0.0135181,-0.0167096,-0.0142872,0.0031317,0.0,-0.0140762999999999,8.110000000000018e-05,1.860000000000002e-05,-5.000000000000013e-05,-0.0005811,0.0,-0.0004221999999999,0.0018301,0.000969,-0.0044731,0.0007335999999999,-0.0006551,0.0,0.0006946999999999,0.0163629999999999,-0.0037084
10_NCL_IrPd_Ir/,implicit,29,-428.22886,57.0600000000354,0.26446642,0.0006864,-0.0018750999999999,-0.0001682999999999,-0.0168642,0.0,-0.0038003999999999,0.0842933999999999,0.0227034,-0.0284347,-0.0077384999999999,-0.0016946999999999,0.0,-0.008905,0.0006762,-0.0001654,-2.609999999999982e-05,-8.69e-05,0.0,-0.0015868999999999,0.0041259,-0.0108469999999999,-0.0114376,-7.12e-05,0.0022865,0.0,0.000353,0.0764043,-0.0335591
10_NCL_IrPd_Ir/,implicit,30,-427.0179,38.6399999999867,0.142864423333333,-0.0001139,-0.0015535,0.0001561,-0.0075241,0.0,-0.0069681,0.0851070999999999,-0.0016803,-0.0203053,-0.0160629,0.0033151,0.0,-0.0169203,-0.0001094,0.00017,0.0003130999999999,0.0001992999999999,0.0,0.0002613999999999,0.0029178999999999,0.0012014999999999,-0.0091688,-0.000335,-0.0032521,0.0,-0.0010531,0.0348994999999998,-0.0177105
10_NCL_IrPd_Ir/,implicit,31,-426.66587,39.1700000000128,-0.0517181256666667,7.000000000000062e-06,-0.0005113,5.569999999999967e-05,-0.0167969,0.0,-0.0076265,0.0871239999999999,0.0164976999999999,-0.0235587999999999,-0.0122261,-0.0110484,0.0,-0.0067445,-6.299999999999882e-06,-0.0001060999999999,0.0003726999999999,3.2899999999999987e-05,0.0,2.849999999999988e-05,0.002216,-0.0023602,-0.0057351,1.9600000000000043e-05,-0.0043576,0.0,-0.0012058,0.0503437999999998,-0.0222025
10_NCL_IrPd_Ir/,implicit,32,-426.65334,44.9600000000032,0.034632212,4.900000000000043e-05,-0.0003419,4.0000000000000105e-05,-0.0084678,0.0,-0.0106884999999999,0.0838488,-0.0187907,0.0017482,-0.0145541,0.0023071999999999,0.0,-0.0066037999999999,0.0005628,0.0003886,0.0001307,-0.000405,0.0,-0.0009143999999999,0.0019739,-0.0030767,-0.0022527,0.0009754,0.0007311,0.0,0.0004703999999999,0.057093,-0.0028320999999999
10_NCL_IrPd_Ir/,implicit,33,-426.61434,33.960000000036,0.135613276766667,-0.0001016,-0.0004632,-0.0001084999999999,-0.0162527,0.0,-0.005556,0.0688015,-0.0011378,0.0006484,-0.007814,-0.0222964999999999,0.0,-0.0029003,-1.0899999999999884e-05,3.390000000000001e-05,0.0001948,0.0005714,0.0,0.0005445,0.0011214,0.0001914,-0.0045986,-0.0003814999999999,0.0012257,0.0,-0.0006078,0.025638,-0.0034316
10_NCL_IrPd_Ir/,implicit,34,-426.74383,52.9199999999719,0.09753674,5.9500000000000525e-05,-0.0003543,0.0003296,-0.0150682,0.0,-0.0017767999999999,0.0909032999999999,-0.0003652999999999,-0.0015813,-0.0132007,-0.0029883999999999,0.0,-0.0133196,9.61e-05,0.0002943,0.0005322999999999,0.0005979,0.0,-0.0001204999999999,0.0022699,-0.0011726,-0.0024569,0.000127,-0.0057542999999999,0.0,-0.0006106,0.0852755999999999,-0.0123949
10_NCL_IrPd_Ir/,implicit,35,-426.80248,37.2199999999907,0.0712524133333333,9.999999999940613e-08,-0.0006630999999999,0.0002120999999999,-0.0176057,0.0,-0.0065497,0.0874529,0.0131494,-0.0249346999999999,-0.0129431,-0.0023061999999999,0.0,-0.0069941,-1.9400000000000143e-05,-0.0001113,0.0002583,0.0006061999999999,0.0,0.0004457999999999,0.0024958,-0.00199,-0.0067285,-0.0002452999999999,-0.006262,0.0,-0.0021257,0.057636,-0.0273521
10_NCL_IrPd_Ir/,implicit,36,-426.73358,54.8300000000381,0.0512287666666667,0.0001553999999999,-0.0001811,-2.8000000000000247e-05,-0.0068904999999999,0.0,-0.0192665,0.0880434,-0.0096889,0.0085466,-0.0163533999999999,-0.0052253,0.0,-0.0031479,0.0004319,0.0004099,0.0001583,0.0001388999999999,0.0,4.02e-05,0.0017996,-0.0046922,-0.0006429,0.0004384,0.0018931,0.0,-2.22e-05,0.0719272000000001,-9.409999999999974e-05
10_NCL_IrPd_Ir/,implicit,37,-426.41368,43.5600000000136,0.125664303333333,8.519999999999969e-05,-0.0002408,0.0001702999999999,-0.0184978,0.0,-0.0001205,0.0885015,0.0004788999999999,0.0142349,-0.0150199999999999,-0.0327166,0.0,-0.0193547,0.0001216999999999,0.0005785,0.0005935999999999,0.0016489,0.0,0.0005486,0.0018621999999999,0.0006321,-0.0002556999999999,-0.0003394999999999,0.0002106,0.0,-0.0005374,0.0350405,0.0101272
10_NCL_IrPd_Ir/,implicit,38,-426.5897,10.2899999999977,0.0349035269333333,-0.0001582,-0.0011089,-8.660000000000004e-05,-0.0119819,0.0,-0.0059583999999999,0.0926980999999999,0.0070444999999999,-0.0239673,-0.0134244999999999,-0.025753,0.0,-0.0096980999999999,5.499999999999993e-05,0.0002087999999999,0.0005851,9.85999999999999e-05,0.0,0.0003186,0.0010197999999999,-0.0006115,-0.0084136,-0.0005132999999999,2.600000000000172e-06,0.0,-0.0006035,0.0152107999999999,-0.0157065999999999
10_NCL_IrPd_Ir/,implicit,39,-426.39426,13.7399999999843,0.0743378443333333,-1.1499999999999358e-05,-0.0010474999999999,0.0001656,-0.0199962999999999,0.0,-0.0082799,0.0887644,0.0066244,-0.0197217,-0.0125989999999999,-0.0098945999999999,0.0,-0.0109577999999999,4.150000000000009e-05,0.0001434,0.0003126,3.2200000000000024e-05,0.0,8.890000000000005e-05,0.0011984999999999,-0.0006185,-0.0075966,-0.0003161,-0.0015702,0.0,-0.0012482,0.0260922000000001,-0.0190648
10_NCL_IrPd_Ir/,implicit,40,-426.59747,28.0399999999759,-0.0428425844333333,-9.839999999999936e-05,-0.0004521999999999,-6.72999999999993e-05,-0.008836,0.0,-0.0054077,0.0815776,-0.0219946999999999,-0.0158878,-0.0127178999999999,0.0048100999999999,0.0,-0.0108077,0.0002102,5.769999999999999e-05,-2.150000000000025e-05,-0.0001976,0.0,-0.0013092,0.0016518999999999,0.0011628,-0.0045062,0.0004068,-2.930000000000012e-05,0.0,0.0005751999999999,0.0202360000000001,-0.0039983999999999
10_NCL_IrPd_Ir/,implicit,41,-426.40148,30.1900000000046,0.012369625,-6.600000000000703e-06,-0.0005486,-7.399999999999421e-06,-0.0201002,0.0,-0.0071185999999999,0.0874897,0.0176865999999999,-0.0235164999999999,-0.0111986999999999,-0.0222244999999999,0.0,-0.0075286999999999,-6.020000000000005e-05,-0.0001104999999999,0.0003357,0.0007294,0.0,0.0004503,0.0023686,-0.0021021,-0.0058167,-0.0003661999999999,-0.0011444,0.0,-0.0010536999999999,0.0258532,-0.0135395999999999
10_NCL_IrPd_Ir/,implicit,42,-426.34335,23.8699999999881,-0.108021907666667,-0.0001168,-0.0005498999999999,-6.839999999999971e-05,-0.0085971,0.0,-0.0080647999999999,0.0835006999999999,-0.0107507,-0.0226256,-0.0126287,-0.003032,0.0,-0.0123697999999999,9.849999999999985e-05,-9.729999999999998e-05,7.249999999999986e-05,-0.0005862,0.0,-0.0006855,0.0021809999999999,0.0009046,-0.0056856,0.0005466,-0.0002655999999999,0.0,0.0006371999999999,0.0093942,-0.0057596999999999
10_NCL_IrPd_Ir/,implicit,43,-428.20062,62.310000000025,0.2354344,0.0012148999999999,-0.0012288999999999,-0.0001931,-0.0026824999999999,0.0,0.0048778,0.0537634,0.0373678,-0.0155838,-0.0116206,-0.0095259,0.0,-0.0088606,0.0008359999999999,-5.6900000000000136e-05,0.0001088,0.0001208999999999,0.0,-0.0022344,0.0021912999999999,-0.0146522,-0.0070081,-0.0005656,0.0008138,0.0,0.001545,0.0950569000000001,-0.0378026999999999
10_NCL_IrPd_Ir/,implicit,44,-428.24357,53.6200000000235,0.2051064,0.0003699,-0.0017142,0.0002298,-0.0062158,0.0,0.0011298,0.0633114999999999,0.0137928999999999,-0.0255003999999999,-0.0132427,0.0093986999999999,0.0,-0.0063666999999999,0.0004301,-0.0001299,0.0004234,-0.0009281,0.0,-0.0014291999999999,0.0027366,-0.0061063,-0.0092091,0.0004316,-0.0057076,0.0,0.000837,0.0703857000000001,-0.0373032
10_NCL_IrPd_Ir/,implicit,45,-428.19548,54.9800000000005,0.154879923333333,0.0006740999999999,-0.0012496999999999,0.0003165999999999,-0.0157508999999999,0.0,-0.0018493,0.0568022,0.0123299,-0.0163336,-0.0061756999999999,0.0148915999999999,0.0,-0.0013398,0.0004781999999999,-0.0001241999999999,0.0002447,-0.0014452999999999,0.0,-0.0014066999999999,0.0029868,-0.0050736,-0.0089537,-0.0001428,-0.0049199,0.0,0.0009743,0.0846308,-0.0347645
10_NCL_IrPd_Ir/,implicit,46,-428.22736,54.4200000000501,0.249240586666667,0.0010802,-0.0016298,-0.0002092,-0.0074191,0.0,-0.0126394999999999,0.0616938999999999,0.0298724,-0.0231059,0.0006967,-0.0041868999999999,0.0,-0.0080932,0.0007195999999999,-0.0001321,-1.0199999999999706e-05,0.0011694,0.0,-0.0003913999999999,0.0032295,-0.0104581,-0.0097927,-0.0023004,0.0015026,0.0,-0.0007711,0.072119,-0.03447
10_NCL_IrPd_Ir/,implicit,47,-428.17104,40.0900000000206,0.23007453,0.0006249,-0.0014133999999999,-0.0005749,0.0012261,0.0,-0.0144888999999999,0.0432319999999999,0.0202593999999999,-0.0181754999999999,0.0055419999999999,-0.0117591999999999,0.0,0.0004752,0.0004958,4.040000000000012e-05,1.899999999999992e-06,0.0027074,0.0,0.0004511999999999,0.0019666999999999,-0.0113521,-0.008605,-0.0023432,-0.0011603999999999,0.0,-0.0016251,0.0498955,-0.0388451
10_NCL_IrPd_Ir/,implicit,48,-426.99224,38.6700000000246,0.185284503333333,0.0002541,-0.0011806,-0.0001495999999999,-0.003921,0.0,-0.0127124999999999,0.0565539999999999,0.0019384,-0.0080319,0.0001291,-0.0068661999999999,0.0,-0.0029518,0.0002116,0.0002166,-1.6000000000000389e-06,0.0010833,0.0,0.0002358,0.0015087,-0.0044575,-0.0071363,-0.0018736999999999,-3.079999999999988e-05,0.0,-0.0009844999999999,0.046124,-0.0224571
10_NCL_IrPd_Ir/,implicit,49,-427.00203,43.2500000000005,0.103302226666667,0.000532,-0.0012161,0.0002062999999999,-0.0156531,0.0,-0.0117753,0.0723419,0.0092392,-0.0132964,-0.009408,0.0036738,0.0,-0.0036259,0.0002574,0.0001055,-7.200000000000175e-06,-0.0008803,0.0,-0.0016949,0.0025931999999999,-0.0023559,-0.0077029,-0.0011780999999999,0.0015418,0.0,-1.6799999999999975e-05,0.0620366000000001,-0.0186765
10_NCL_IrPd_Ir/,implicit,50,-426.98102,42.1900000000051,0.145974206666667,0.0002853999999999,-0.0010528999999999,0.0002145,-0.0057774999999999,0.0,-0.0095339,0.0568731999999999,-0.0006975,-0.0066056,-0.0033442,0.0065175999999999,0.0,-0.0072217999999999,2.040000000000028e-05,0.0001748,0.0002143,-0.0022777,0.0,-0.0008604999999999,0.0015551,0.0013052,-0.0067109,-0.0006571999999999,-0.0028216,0.0,0.0006579,0.0593143,-0.0188001
10_NCL_IrPd_Ir/,implicit,51,-427.02134,34.219999999948,0.193260853333333,-0.0001647999999999,-0.0014163,2.239999999999968e-05,-0.0032563999999999,0.0,0.0038578,0.0605405,-0.0026623999999999,-0.0122724,-0.0141837,-0.0047986,0.0,-0.0124599999999999,0.0001881999999999,0.0002122999999999,1.540000000000005e-05,-0.0002108,0.0,0.0002618,0.0018501,-0.0036151,-0.0077313999999999,0.0004143,0.0003814,0.0,-0.0004680999999999,0.0264128000000001,-0.0174033
10_NCL_IrPd_Ir/,implicit,52,-427.0146,51.46000000002,0.157383796666667,0.0005084,-0.0008746,0.0001735,-0.0009602999999999,0.0,-0.0030748999999999,0.0657812999999999,0.0122252,-0.0023457999999999,-0.0222981,-0.0031353999999999,0.0,-0.0135263,0.0003323999999999,0.000186,-9.580000000000004e-05,0.0001257999999999,0.0,-0.0001643,0.002038,-0.0061972,-0.0057886999999999,-0.0006458,0.0024555,0.0,-0.0007857999999999,0.0649462999999999,-0.0170794999999999
10_NCL_IrPd_Ir/,implicit,53,-426.62585,32.4299999999766,0.0085352693666666,-8.429999999999983e-05,-0.0005459,-8.179999999999993e-05,-0.0052681999999999,0.0,-0.0155729,0.074405,-0.0225024999999999,-0.0095713999999999,-0.0109017,0.0074258999999999,0.0,-0.0068004,0.0001919,5.13e-05,-2.499999999999985e-05,0.0002053999999999,0.0,-0.0003972999999999,0.0014867999999999,0.0017143,-0.005179,-0.0002703,-0.000766,0.0,0.0001344999999999,0.0210036,-0.0057069
10_NCL_IrPd_Ir/,implicit,54,-426.60621,36.329999999964,0.030662079,5.400000000000023e-06,-0.000405,-3.650000000000008e-05,-0.0062993999999999,0.0,-0.0184679,0.0739102,-0.0197205999999999,0.0034022999999999,-0.0137694,0.0053851,0.0,-0.0080618,0.0001739,8.090000000000007e-05,-4.800000000000117e-06,0.0003814,0.0,-0.0005413,0.001344,0.0024019,-0.0047605,-0.0003338,-0.0003943,0.0,-5.999999999999062e-07,0.0318848,-0.0033064999999999
10_NCL_IrPd_Ir/,implicit,55,-426.63027,30.6600000000117,0.038820119,-0.0001594,-0.0004623999999999,-0.000166,-0.0015861999999999,0.0,-0.0080428,0.0729363,-0.0331236999999999,-0.0004064999999999,-0.0098327,0.0004485,0.0,-0.0091296999999999,0.0002823,0.0001198,-5.140000000000006e-05,0.0006683,0.0,-0.0002573999999999,0.0015817,0.0022272999999999,-0.004389,-5.339999999999989e-05,-0.0002200999999999,0.0,0.0001539,0.0209505,0.0001242
10_NCL_IrPd_Ir/,implicit,56,-426.5524,51.9199999999955,0.0795553986666667,-0.0002119999999999,8.600000000000014e-05,0.0004412999999999,-0.0251054,0.0,0.0074639,0.0381658,0.016198,0.0128392999999999,0.0037946,-0.0094001999999999,0.0,-0.009636,0.0003561999999999,-4.4800000000000005e-05,0.0003359999999999,0.0005179,0.0,0.0011381,0.0008483,-0.0006284,-0.0003522,0.0003932,-0.0059992,0.0,-0.0003013,0.0692707000000001,-0.0074725
10_NCL_IrPd_Ir/,implicit,57,-426.62227,38.8399999999933,0.103835007166667,-0.0001070999999999,-0.0002746,-0.0001917,0.0007267,0.0,-0.0059837,0.063191,-0.0300285,0.0152331999999999,-0.0114306,-0.0134753,0.0,-0.0027615,0.0003004,0.0001155,-1.520000000000037e-05,0.0006182,0.0,-0.0007078,0.0014508,0.001591,-0.0027352,0.0005625999999999,0.0003086,0.0,0.0007078,0.0297959999999999,0.0043932
10_NCL_IrPd_Ir/,implicit,58,-426.42447,42.6100000000247,0.0840577261,-1.829999999999974e-05,-0.0003906,-0.0001418,0.0075417999999999,0.0,-0.0178523,0.0644629,-0.0169785999999999,0.0079035,-0.0117114999999999,-0.0111023,0.0,-0.0038958,0.0003216,-0.0001029,5.119999999999994e-05,0.0010936,0.0,0.0006334,0.0013390999999999,-0.0010137,-0.0042864,-0.000608,-0.0019974,0.0,0.0001639,0.0356338,-0.008811
10_NCL_IrPd_Ir/,implicit,59,-426.66809,54.2100000000119,0.0699827966666667,8.19000000000002e-05,-0.0002569999999999,5.889999999999975e-05,-0.0092189,0.0,-0.0057272999999999,0.0737374999999999,-0.0044065999999999,0.0070951,-0.0111052,-0.0126442999999999,0.0,-0.0040834999999999,0.0002496,0.0003635,0.0003855,-0.0001078999999999,0.0,-0.0014416,0.0021657,-0.0009594999999999,-0.0022948,0.0003362,-0.0033733,0.0,-0.0002689999999999,0.067061,-0.0098911
10_NCL_IrPd_Ir/,implicit,60,-426.66183,52.6499999999714,0.117810643333333,8.38999999999996e-05,-0.0002791,0.0001913,-0.0149052,0.0,0.0022717,0.0699095,-0.0025133,0.0004993,-0.0073330999999999,-0.0011287999999999,0.0,-0.0085867,0.0002078,0.0002172999999999,0.0003092999999999,-0.0003573999999999,0.0,-0.0009801,0.0011231999999999,-0.0020499999999999,-0.0025894,0.0006128,-0.0048795,0.0,-0.0009597,0.0764187999999999,-0.0186913
10_NCL_IrPd_Ir/,implicit,61,-426.6891,50.6099999999492,-0.006157952,0.0002234,-0.0003811,8.869999999999972e-05,-0.0074778,0.0,-0.0050009999999999,0.0825308,-0.009444,-0.0068228,-0.0172922,0.0103753999999999,0.0,-0.0067427,0.0005257999999999,0.0003474999999999,7.710000000000009e-05,-8.29999999999993e-06,0.0,-0.0018253,0.0011002,-0.0039625,-0.0025299,0.000839,-0.0007589999999999,0.0,0.0007557,0.0801134999999999,-0.0108793
10_NCL_IrPd_Ir/,implicit,62,-426.69757,39.8200000000202,0.0418853713333333,3.3699999999999355e-05,-0.0004163,-6.589999999999981e-05,0.0037529999999999,0.0,-0.0082491999999999,0.0632731,-0.0149094,0.0025956999999999,-0.0131319999999999,-0.0028579999999999,0.0,-8.500000000000174e-05,0.0005198,0.0002676,1.7699999999999834e-05,0.0005931,0.0,-0.0009133999999999,0.0005627999999999,-0.002982,-0.0016926999999999,0.0005213,-0.001674,0.0,0.0010665,0.0598791999999999,-0.0074269999999999
10_NCL_IrPd_Ir/,implicit,63,-426.54422,30.2300000000173,0.111603762,-0.0001784,-0.0005222999999999,-0.0002791,0.0002004999999999,0.0,-0.0059096999999999,0.0597794,-0.0244867,0.0046310999999999,-0.0094021,-0.0135339,0.0,-0.0011921,0.0001599999999999,6.419999999999993e-05,1.1699999999999903e-05,-0.0004362999999999,0.0,-0.0011725,0.0011667,0.0013511999999999,-0.0046389,0.0006812,-0.0013675999999999,0.0,0.0015809,0.0182132000000001,-0.0051987
10_NCL_IrPd_Ir/,implicit,64,-426.55647,30.0399999999854,0.0084790345,-0.0001563,-0.0006214,-0.0001070999999999,-0.0060669,0.0,-0.0056653999999999,0.0740681,-0.0235229,-0.0110108,-0.0145902,0.0072465999999999,0.0,-0.0076834999999999,0.0001897,7.489999999999992e-05,-3.479999999999976e-05,-0.0004142,0.0,-0.0016767,0.0016364,0.0022023,-0.0056433,0.0005004,-0.0009518,0.0,0.0008048999999999,0.0237804999999999,-0.0066241
10_NCL_IrPd_Ir/,implicit,65,-426.54165,37.5000000000227,0.044740723,7.859999999999985e-05,-0.0003886,-1.6999999999999654e-05,-0.0070155999999999,0.0,-0.0183175999999999,0.0749799999999999,-0.0124272,0.0062513,-0.0199389,0.002345,0.0,-0.00645,0.0001299,0.0001033,1.0500000000000093e-05,-0.0001208999999999,0.0,-0.0017914,0.0013306,0.0026594,-0.0047195,7.590000000000006e-05,-0.0001679999999999,0.0,0.0005354,0.0382001,-0.0039098999999999
10_NCL_IrPd_Ir/,implicit,66,-426.57852,29.3500000000222,0.155979692666667,-0.0001383,-0.0005264,-0.0001764999999999,-0.0039717999999999,0.0,-0.0061517999999999,0.0732844,-0.0281972,0.001431,-0.0142384999999999,-0.0001498,0.0,-0.0067621999999999,0.0002540999999999,0.0001461999999999,-5.990000000000032e-05,0.0004291,0.0,-0.0014575999999999,0.0014998999999999,0.0027209,-0.0048452,0.0003434999999999,-0.0001145,0.0,0.0006814,0.0288061000000001,-0.0008042
10_NCL_IrPd_Ir/,implicit,67,-426.59174,30.3900000000112,0.0823872466666667,-0.0001779999999999,-0.0004104,-0.0003994999999999,0.0017778999999999,0.0,-0.0012537,0.0564795999999999,-0.0317410999999999,0.0155097,-0.0105326999999999,-0.0149509,0.0,0.0019836999999999,0.0002883,0.0001442,-0.0001578999999999,0.001142,0.0,-0.0014934,0.0012884,0.0019889,-0.0036316,0.0005131,0.0002981,0.0,0.0011641,0.0325688000000001,0.0030883999999999
10_NCL_IrPd_Ir/,implicit,68,-426.43874,38.0999999999858,-0.0034403585133333,-4.930000000000039e-05,-0.0005173999999999,-8.999999999998592e-07,-0.0194942,0.0,-0.0046272,0.0782934999999999,0.0075165999999999,-0.0106941,-0.0098144999999999,-0.0165712,0.0,-0.0085480999999999,-3.989999999999983e-05,-0.0001663,0.0002686,0.0002933999999999,0.0,0.0003338,0.001675,-0.0012186,-0.0052677,-3.509999999999993e-05,-0.0008155,0.0,-0.0009357999999999,0.0309858999999999,-0.0118156999999999
10_NCL_IrPd_Ir/,implicit,69,-426.42728,39.1700000000128,0.0702673336666667,-0.0001251,-0.0004010999999999,-1.370000000000017e-05,-0.0181483,0.0,0.0048666999999999,0.0664005999999999,-0.0087600999999999,0.0063707,-0.0040868,-0.0176609999999999,0.0,-0.0107528999999999,2.620000000000009e-05,-0.0001701,0.0002803999999999,0.0006114,0.0,0.0007952,0.0011136,-0.0018346999999999,-0.0044636,0.0002914,-0.0009517,0.0,-0.0009170999999999,0.0353780999999999,-0.0104384
10_NCL_IrPd_Ir/,implicit,70,-426.43557,36.609999999996,0.0940726116,-6.720000000000077e-05,-0.0004586999999999,2.380000000000004e-05,-0.0202335,0.0,-0.0033276,0.0762642999999999,-0.0001558,-0.0058922999999999,-0.006737,-0.0144899,0.0,-0.0078395,1.620000000000007e-05,-0.0001246999999999,0.0002495999999999,0.0004206,0.0,0.0004669999999999,0.0016991999999999,-0.0014018,-0.0049145,0.0002096999999999,-0.0011764,0.0,-0.0008652999999999,0.0341727999999998,-0.0108409
10_NCL_IrPd_Ir/,implicit,71,-426.42265,46.2899999999991,0.1394310359,-1.600000000000039e-05,-0.0003616,-3.979999999999956e-05,-0.0069166999999999,0.0,-0.0081991,0.0662102,-0.0128507,0.0119160999999999,-0.0082680999999999,-0.0136054999999999,0.0,-0.0083386,0.0001667999999999,-6.559999999999997e-05,0.0002106999999999,-0.0004927,0.0,-0.0005035999999999,0.0015528,-0.0005884999999999,-0.0042333,0.0007269999999999,-0.0010995,0.0,0.0005916,0.0390604999999999,-0.0074684999999999
10_NCL_IrPd_Ir/,implicit,72,-426.77366,48.2000000000085,0.14535654,0.0002518999999999,-0.0004163,-0.0001164,-0.0010478999999999,0.0,-0.0132438,0.0634362,-0.0014617999999999,0.0046905,-0.0091116999999999,-0.0125624,0.0,0.0042366,0.0001304999999999,0.0001903,0.0001348999999999,0.0005866,0.0,-0.0013772,0.0013751,-0.0054250999999999,-0.0026153,0.0004139,-0.0009533,0.0,0.0009938,0.0693093,-0.0130917
10_NCL_IrPd_Ir/,implicit,73,-426.82976,48.5999999999649,0.150721133333333,1.2599999999999764e-05,-0.0006424,-1.249999999999949e-05,-0.00026,0.0,-0.0068358999999999,0.0565139999999999,0.0064146999999999,-0.0054401999999999,-0.0079824,-0.0125323999999999,0.0,0.0031352,6.999999999999628e-06,-0.0001633999999999,0.0003163999999999,0.0003097,0.0,-0.0001206,0.0015276999999999,-0.0025253,-0.0059920999999999,0.0002627,-0.0065372999999999,0.0,-0.0010154,0.0647415,-0.0278613999999999
10_NCL_IrPd_Ir/,implicit,74,-426.84114,45.9799999999859,0.111104396666667,-2.869999999999956e-05,-0.0006803,0.0001403,-0.0087214,0.0,-0.0033816999999999,0.069914,0.0036517,-0.0119118,-0.0084877,-0.0029152999999999,0.0,-0.0039473,2.8800000000000263e-05,-0.0001225,0.0002986999999999,0.0002627,0.0,0.0001220999999999,0.0019274999999999,-0.0030326,-0.0059764,0.0006027999999999,-0.0068475,0.0,-0.0011645999999999,0.0672633999999998,-0.0278023
10_NCL_IrPd_Ir/,implicit,75,-426.80861,47.4499999999694,0.168384286666667,-0.0002342,-0.0005616,0.0002516999999999,-0.0146003,0.0,0.0082923,0.0607765,-0.0125247,0.0028405999999999,-0.0014016,0.0007971999999999,0.0,-0.0101822,0.000112,-8.429999999999993e-05,0.0003145999999999,0.0005356,0.0,0.0008747,0.0016132,-0.0031286,-0.0046958,0.0009717,-0.0061557,0.0,-0.0017971,0.0669075000000001,-0.0228799999999999
10_NCL_IrPd_Ir/,implicit,76,-426.83256,47.5100000000452,0.157376955,-9.319999999999988e-05,-0.0006562999999999,0.0002443,-0.0166229,0.0,-0.0026145,0.0739354999999999,-0.001822,-0.0075318,-0.0066972,0.0010248999999999,0.0,-0.007651,2.960000000000029e-05,-9.65e-05,0.0002726,0.0003587999999999,0.0,0.0006065999999999,0.0023314,-0.0012848,-0.006037,0.0002573,-0.0058425,0.0,-0.0021062,0.0630319999999999,-0.0230214
10_NCL_IrPd_Ir/,implicit,77,-426.80946,49.6099999999728,0.158897683333333,-7.460000000000019e-05,-0.0005788,0.0001832999999999,-0.0109525,0.0,-0.0060483999999999,0.0681583999999999,-0.0019456999999999,0.0010259999999999,-0.0082099,-0.0043817,0.0,-0.007158,-7.100000000000335e-06,-0.0001136,0.0002631,0.0001614999999999,0.0,0.000428,0.0022664,0.0007134999999999,-0.0060859999999999,-0.0001941,-0.0044741,0.0,-0.0024109,0.0600362,-0.0189064
10_NCL_IrPd_Ir/,implicit,78,-426.36872,38.9900000000125,0.055480703,-9.219999999999976e-05,-0.0003974999999999,-4.950000000000007e-05,-0.0085443999999999,0.0,-0.0060554,0.0684888999999999,-0.0152851999999999,0.0054239999999999,-0.0098601,-0.0106817,0.0,-0.0115419999999999,0.0001106,-0.0001409,7.919999999999997e-05,-0.0004694,0.0,-0.0006079,0.0010673999999999,0.0006851,-0.0047624,0.0005877,0.0003982999999999,0.0,0.0004082999999999,0.0228098999999999,-0.005288
10_NCL_IrPd_Ir/,implicit,79,-426.3786,31.1300000000188,-0.0075505003533333,-0.0001142,-0.0004817,-0.0001339999999999,-0.0073439999999999,0.0,-0.0080710999999999,0.0737824,-0.0113724,-0.0052776,-0.0100293,-0.0154326,0.0,-0.0078772,7.250000000000008e-05,-0.0001019,0.0001171,-0.0004326,0.0,-0.0005445999999999,0.0013739,0.0002879999999999,-0.0050119,0.0006942,0.0003603,0.0,0.0008183999999999,0.0152969,-0.004733
10_NCL_IrPd_Ir/,implicit,80,-426.36443,41.5000000000418,0.0120028163333333,-0.0001134,-0.0002811999999999,-7.039999999999998e-05,-0.0163245,0.0,0.0039685999999999,0.0652840999999999,-0.0129367,0.0154798,-0.0046741,-0.023631,0.0,-0.0135276,2.920000000000006e-05,-3.830000000000001e-05,0.0002845,0.0003581,0.0,0.0005606,0.0013816999999999,-0.0003704,-0.0037652,0.0003239,0.0017879,0.0,-0.000325,0.0263470999999999,0.0004540999999999
10_NCL_IrPd_Ir/,implicit,81,-426.37569,40.4199999999833,0.05883433,1.899999999999992e-06,-0.0003528999999999,4.4700000000000815e-05,-0.0117926,0.0,-0.0108741,0.0810662,-0.0090864,0.0009752,-0.0166888,-0.0023947999999999,0.0,-0.016389,8.21000000000001e-05,-4.500000000000001e-05,4.7199999999999846e-05,-0.0008185,0.0,-0.0008211999999999,0.0016766,0.0015389,-0.0043589,0.0003583,0.0005313999999999,0.0,0.0005122,0.0290186999999999,-0.0025938
10_NCL_IrPd_Ir/,implicit,82,-426.76316,47.0100000000002,0.103770261666667,0.0001181,-0.0001721,-4.800000000000117e-06,-0.0015654,0.0,-0.0126961999999999,0.0634892,-0.0132631,0.007897,-0.0090973,-0.0052351999999999,0.0,0.0023802999999999,0.0003716,0.0003998,0.0002016,0.0002239,0.0,-0.0006696999999999,0.0016199,-0.0033718,-0.0005195999999999,0.0003096999999999,-0.0001298,0.0,0.0004182,0.0637012999999999,-0.0022920999999999
10_NCL_IrPd_Ir/,implicit,83,-426.40335,52.8000000000475,0.09476138,0.0001053,-0.0001212999999999,0.0001265,-0.0049109,0.0,-0.0109326,0.0713261,-0.0251904,0.0181905,-0.0151945999999999,-0.0079791999999999,0.0,-0.0141354999999999,0.0004356999999999,0.0005939,0.0003133,-0.0001085999999999,0.0,-0.0014788,0.0023068,0.0006965999999999,0.0004044999999999,0.0007179,0.0009771,0.0,0.0004141,0.0225679999999999,0.0105446999999999
10_NCL_IrPd_Ir/,implicit,84,-426.41578,48.2700000000023,0.0770196373333333,0.0001796999999999,-1.4999999999997654e-06,0.0002718,-0.02309,0.0,0.0011423999999999,0.083114,0.0035947,0.0189442,-0.0117192,-0.0247542999999999,0.0,-0.0202059,0.0002057999999999,0.0005882,0.0004869999999999,0.0014168,0.0,0.0004613,0.0020265999999999,-0.000217,0.0008181999999999,-0.0002502999999999,0.0001692,0.0,-0.0007568,0.0549519999999998,0.0098984
10_NCL_IrPd_Ir/,implicit,85,-426.4053,26.9400000000246,0.006680281,-2.77999999999997e-05,-0.0002086,0.0001443999999999,-0.024174,0.0,0.0033761,0.0654619,-0.0023477999999999,0.0116014,-0.0031362999999999,-0.0282972999999999,0.0,-0.0097868999999999,8.820000000000008e-05,0.0003499,0.0003840999999999,0.000881,0.0,0.0009881,0.0011413,0.0001748999999999,-0.0006310999999999,-0.0003074,-0.0008399,0.0,-0.0008137,0.0252101,0.0028304999999999
10_NCL_IrPd_Ir/,implicit,86,-426.36382,40.6900000000405,0.0638391453333333,-0.0001041,-0.0002517999999999,-0.0001381999999999,0.0082945,0.0,-0.016305,0.0648368,-0.0285307,0.017806,-0.0149498,-0.0132464999999999,0.0,-0.0057137999999999,0.0003224,5.499999999999971e-06,-3.5999999999998707e-06,0.0010165,0.0,0.0005521,0.001383,0.0026187,-0.0036187,-0.0004602999999999,-0.0005899999999999,0.0,0.0002711,0.0233948999999999,0.0029935
10_NCL_IrPd_Ir/,implicit,87,-426.44932,21.9800000000419,0.0211766183333333,4.49999999999999e-05,-0.0003473,0.0001070999999999,-0.0010923999999999,0.0,-0.0197605,0.0579080999999999,-0.0278909999999999,0.0052875,-0.0044981,0.0027362999999999,0.0,-0.0037488,0.0002037999999999,0.0001937,-4.110000000000008e-05,0.0005072,0.0,0.0007831,0.0006607,0.0012874999999999,-0.0016183999999999,-0.0001964,-0.0002187999999999,0.0,-0.0005379,0.0174916,0.0020464999999999
10_NCL_IrPd_Ir/,implicit,88,-426.58693,39.3899999999689,0.039456589,6.209999999999983e-05,-0.0003674999999999,0.0006332,-0.0258958,0.0,-0.0085023,0.0824272999999999,-0.0006976,0.0075254999999999,-0.0026036999999999,-0.0025456,0.0,-0.0192928,-5.05000000000002e-05,0.0001546,0.0002993,-0.0016168,0.0,-4.26999999999999e-05,0.0007796999999999,0.0001137,-0.0046311,-0.0004435,0.0020099,0.0,-0.000293,0.0614856999999999,-0.0074409
10_NCL_IrPd_Ir/,implicit,89,-426.61689,32.1700000000078,0.0856043843333333,5.199999999999996e-05,-0.0005134,0.0003527,-0.0171475,0.0,-0.008056,0.0835369,7.830000000000337e-05,0.001925,-0.0077082,-0.0122335999999999,0.0,-0.0156702,-9.730000000000024e-05,0.0001322,0.0004005999999999,-0.0008903,0.0,3.979999999999999e-05,0.0007901999999999,0.0010480999999999,-0.0050089,-0.0005429,0.0007644,0.0,-9.920000000000004e-05,0.0492318,-0.0069267999999999
10_NCL_IrPd_Ir/,implicit,90,-426.60421,36.4799999999832,0.0318326871666667,0.0002923999999999,-0.0004809,6.030000000000011e-05,-0.0078253,0.0,-0.0195424999999999,0.0717659,-0.0059363,0.0055865999999999,-0.0086351,-0.0017549,0.0,-0.0062351,0.0001537999999999,0.0001174,-1.0599999999999932e-05,-0.0001784,0.0,-0.0003627999999999,0.0007084999999999,0.001636,-0.0051181,-0.0011688,8.859999999999988e-05,0.0,0.0001781999999999,0.0545902999999998,-0.0079125999999999
10_NCL_IrPd_Ir/,implicit,91,-426.60463,19.2700000000059,0.0447536806666667,-0.0002979,-0.0008467,-4.109999999999965e-05,-0.0166530999999999,0.0,0.001771,0.0756968999999999,-0.0081142,-0.0017631,-0.0046896999999999,-0.0184238,0.0,-0.011549,0.0001354,0.0001972,0.0003581999999999,0.0001501999999999,0.0,0.0007861,0.0005688999999999,-0.0010826,-0.0062743,0.0002147,0.0013601999999999,0.0,-0.0008599,0.0301787,-0.0088916
10_NCL_IrPd_Ir/,implicit,92,-426.56908,39.4100000000321,0.110795867566667,3.0200000000000192e-05,-0.0003178,0.0005249,-0.0290625999999999,0.0,-0.0037585,0.0780604,-0.0020007,0.0116037,-0.0037898,-0.0005022999999999,0.0,-0.0220516,6.149999999999992e-05,0.0001446,0.0002253999999999,-0.0003938,0.0,0.0005649,0.0006611999999999,7.58999999999994e-05,-0.0038554,-9.920000000000004e-05,0.002279,0.0,-0.0017789999999999,0.0574714,-0.0042295
10_NCL_IrPd_Ir/,implicit,93,-426.34939,38.9800000000378,0.0573123573333333,0.000192,-0.0006031999999999,0.0003934999999999,-0.0203933,0.0,-0.0185408,0.0632639999999999,-0.003485,0.0091916999999999,0.0043350999999999,-0.0074504999999999,0.0,-0.0085512,0.0004685999999999,0.0001453999999999,0.0001958,-0.001331,0.0,-0.0001859,0.0014386,-0.0031675,-0.005465,0.0011978,0.0021248,0.0,0.0003823,0.0367045999999999,-0.0083927999999999
10_NCL_IrPd_Ir/,implicit,94,-426.38778,20.4600000000141,0.0115076432333333,-6.489999999999968e-05,-0.0008694,0.0002884999999999,-0.0220894,0.0,-0.0112877,0.0712290999999999,-0.0026719999999999,-0.0029683999999999,-0.0027869,-0.0074772,0.0,-0.0103825,-5.4500000000000295e-05,0.0001083999999999,0.0002838999999999,-0.0005008999999999,0.0,0.0002044,0.0010433999999999,0.0012516,-0.0063932999999999,-0.0003005,0.0004073,0.0,-0.0005558999999999,0.0218385,-0.0090121999999999
10_NCL_IrPd_Ir/,implicit,95,-426.38207,21.9500000000039,0.074494337,-0.0002006999999999,-0.000764,0.0001719,-0.0159489,0.0,0.0013344999999999,0.0655471,-0.0132451,0.0068498999999999,-0.0051027999999999,-0.0116240999999999,0.0,-0.0137154999999999,-8.529999999999974e-05,0.0001803999999999,0.0002931999999999,0.0002612999999999,0.0,0.0005472,0.0001813,0.0011351999999999,-0.0053025,0.0001088,-0.0008411,0.0,-0.0010221,0.0266043,-0.0090871
10_NCL_IrPd_Ir/,implicit,96,-426.41814,36.1499999999637,0.0507450263333333,2.689999999999984e-05,-0.0005909999999999,0.0004875,-0.0168222,0.0,0.0009583,0.0726034,-0.0008799999999999,-0.0002814,-0.0084396,-0.0018534,0.0,-0.0173167,0.0001006,0.0001554999999999,0.0002307999999999,-0.0003707999999999,0.0,0.0003440999999999,0.0006712999999999,-0.0007999999999999,-0.0044703999999999,0.000215,-0.0012435,0.0,-0.0022600999999999,0.0557836999999998,-0.0148548
11_NCL_IrPt_Ir/,implicit,1,-428.85591,50.8000000000379,0.622186866666667,-0.0012079,-0.0007045,-0.0014652999999999,-0.0123998,0.0,0.0162833,0.0466695,-0.0349658999999999,-0.0061389,0.012944,-0.0211112,0.0,-0.0118034999999999,0.0012735,0.0006710999999999,0.002084,0.0052873999999999,0.0,9.060000000000318e-05,-0.003803,0.0221517,-0.0036675999999999,-0.0028596,0.0132631,0.0,0.0021009999999999,-0.0278000999999998,0.0731841
11_NCL_IrPt_Ir/,implicit,2,-427.52205,42.8400000000124,0.288532146666667,-0.0012659999999999,-0.0011327999999999,-0.0012813,0.0029806999999999,0.0,0.0035151999999999,0.0483253999999999,-0.0236794,-0.0104363999999999,0.002586,-0.0245335,0.0,-0.0022589999999999,0.0002507999999999,0.0001406999999999,0.0001139999999999,-0.002925,0.0,-0.0036659999999999,0.0001180999999999,0.015184,-0.0086858999999999,0.0013822999999999,0.0169715,0.0,0.0026729999999999,-0.0143622000000001,0.0431148999999999
11_NCL_IrPt_Ir/,implicit,3,-426.89885,33.9700000000107,0.209765676666667,-0.0009717,-0.0012066999999999,-0.0009943,0.0046161,0.0,-0.0083295,0.0500925999999999,-0.0135153,-0.010825,-0.0020698999999999,-0.0204392999999999,0.0,0.001108,-0.0001911,0.0003855999999999,0.0006200999999999,-0.0014519,0.0,0.0008468999999999,-0.0001932999999999,0.0136840999999999,-0.0107007,0.0010521,0.0081439,0.0,0.0014092999999999,-0.0050698999999998,0.0272099
11_NCL_IrPt_Ir/,implicit,4,-427.29822,24.3199999999888,0.129601623333333,0.0001789999999999,-0.0009574,-0.0001241999999999,-0.0081506,0.0,-0.0026896,0.0676663999999999,-0.0012605,-0.0075645,-0.0134237,-0.0193403,0.0,-0.0125216,-0.0010410999999999,0.0006589,-0.0002223999999999,-0.0004607,0.0,-0.0038278,0.008665,0.0067423,-0.0114505,-0.0008809999999999,0.011866,0.0,-0.0004185,0.0036262999999998,0.0192605
11_NCL_IrPt_Ir/,implicit,5,-427.22817,30.8599999999615,0.0028554585666666,-0.0006122999999999,-0.001177,-0.0004787,-0.0052566999999999,0.0,-0.0006130999999999,0.0530759,-0.0185161999999999,-0.0237036999999999,-0.0094293999999999,0.0041865,0.0,-0.0043509,4.320000000000018e-05,-0.0005491999999999,-0.0003423999999999,-0.0025299999999999,0.0,-0.0063039,0.0046853999999999,0.0082862999999999,-0.0169134,0.0007023999999999,0.0044557,0.0,0.0009599999999999,-0.0137507999999999,-0.0150117
11_NCL_IrPt_Ir/,implicit,6,-427.42496,47.4199999999883,0.177428426666667,-0.0003960999999999,-0.0003766,-0.0001702,-0.0113075,0.0,-0.010955,0.0670298,-0.0229511,0.0001451999999999,-0.0012470999999999,0.0040956,0.0,0.0060383,0.0008647999999999,0.0007648999999999,0.0005890999999999,-0.0007387999999999,0.0,-0.0037579,0.0107128,0.0015569,-0.0028091,0.0004375,0.0011975999999999,0.0,0.000334,0.0598102,0.0183039999999999
11_NCL_IrPt_Ir/,implicit,7,-427.50023,-2.0399999999654,0.2392806,-0.0007057,-0.0032669,-0.0008158999999999,-0.0106708999999999,0.0,-0.0088232,0.0670833999999999,0.0094471999999999,-0.0500633,-0.0143963,-0.0048927,0.0,-0.0035304999999999,-0.0005662999999999,-0.0012640999999999,-0.0007434,-0.0045543,0.0,-0.0012219,0.0143765999999999,0.0063776,-0.0441385,-0.0044854,0.0092363999999999,0.0,-0.0108995999999999,-0.0412700999999999,-0.075766
11_NCL_IrPt_Ir/,implicit,8,-427.47995,68.3300000000031,0.138837793333333,-0.0003201999999999,-0.000513,-0.0002209,-0.0049525999999999,0.0,-0.010533,0.0768964,-0.0253299,0.0077180999999999,-0.0128799,-0.0063625,0.0,-0.0021567,0.0013594,0.0016229,0.0005997999999999,-0.0001326999999999,0.0,-0.0003816999999999,0.0092152,0.0028265,-0.0020850999999999,0.0001298999999999,0.0065844,0.0,-0.0011294,0.0426920000000001,0.0372183999999999
11_NCL_IrPt_Ir/,implicit,9,-427.011,38.1699999999796,0.107998562,-7.999999999995858e-07,-0.0006874,-0.0003264,-0.0108415,0.0,-0.0075768,0.0617147,0.0120542,-0.0107432999999999,-0.0083857999999999,-0.021344,0.0,-0.0063646,1.2000000000001593e-05,0.0004892,0.0007666999999999,0.0005707,0.0,0.0018569999999999,0.0046748,-0.0017054999999999,-0.0098176999999999,-0.002456,0.0074178,0.0,-0.0040453999999999,0.0149960999999998,-0.0044725000000001
11_NCL_IrPt_Ir/,implicit,10,-427.2131,37.0199999999841,0.108724202,-0.0007802999999999,-0.000995,-0.0009002999999999,0.0019912999999999,0.0,-0.0071186,0.057841,-0.0116281999999999,-0.0188467999999999,-0.001966,-0.0187626999999999,0.0,-0.0027964,-0.0002307,0.0004572999999999,0.0002582999999999,-0.0030552,0.0,-0.0002442999999999,0.0013234999999999,0.0097424,-0.0121962,0.0008691,0.0103307999999999,0.0,-0.0003368,-0.0079232,0.0138366999999999
11_NCL_IrPt_Ir/,implicit,11,-426.95196,32.7199999999834,0.140274088,-0.001124,-0.0013060999999999,-0.0009645999999999,-0.0004495999999999,0.0,-0.0049108,0.0574520999999999,-0.0163026,-0.0152870999999999,-0.0020931999999999,-0.0238569,0.0,0.0044353999999999,-3.320000000000059e-05,0.0003675,0.0006797,0.0013207999999999,0.0,0.0020388,0.0012267,0.0172337,-0.0124698,-0.0020622999999999,0.0101977,0.0,-0.0025411,-0.0088148999999999,0.0319169999999999
11_NCL_IrPt_Ir/,implicit,12,-427.33683,30.3500000000554,-0.0486977586666667,-0.0005082,-0.0011633999999999,-0.0004204,-0.0030826,0.0,-0.0003768999999999,0.0535728,-0.0141479,-0.0234803,-0.0074608,0.0025489,0.0,-0.0067904999999999,-5.269999999999928e-05,-0.0003987999999999,-0.0002411,-0.0027271999999999,0.0,-0.005353,0.0047253,0.0071550999999999,-0.0172606,-0.0001969,0.0043491999999999,0.0,0.0005884999999999,-0.0026188,-0.0188244
11_NCL_IrPt_Ir/,implicit,13,-427.03565,5.83000000000311,-0.0125032616666667,-0.000664,-0.0022562,-0.0005818,-0.0076922999999999,0.0,-0.0102704999999999,0.0624600999999999,0.0018378,-0.0498581,-0.0092296999999999,0.0113623,0.0,-0.0125883,-0.0005744999999999,-0.0020087,-0.0007937,-0.0057535,0.0,-0.0057924,0.0103792999999999,0.0049584999999999,-0.035847,-0.0036979,0.0039895,0.0,-0.0017689999999999,-0.0349614,-0.0738189
11_NCL_IrPt_Ir/,implicit,14,-427.0088,19.9400000000196,0.0292824866666667,-0.0002133,-0.0010091,-0.0004037999999999,-0.0029746999999999,0.0,-0.0031707999999999,0.048355,0.0125556999999999,-0.023554,-0.0080802,-0.0135510999999999,0.0,-0.0031475,-0.0004257,-0.000824,0.0001442,-0.0009577999999999,0.0,0.0001609,0.0057917,-0.0007885,-0.016296,-0.0018203,0.0076943999999999,0.0,-0.0054015,0.0096122,-0.0254455999999999
11_NCL_IrPt_Ir/,implicit,15,-428.78591,10.6299999999919,0.33392902,0.0002976999999999,0.0012654999999999,-0.0002349999999999,-0.0250157999999999,0.0,0.0153264,0.0317208999999999,-0.0145701999999999,0.0010179999999999,0.0173868,-0.0116049999999999,0.0,-0.0162877,-0.0002011,0.0007744,-0.0001682999999999,0.0036375,0.0,-0.0033942999999999,-0.0051914,0.0016436999999999,0.0059909999999999,-0.0031698,0.0033322,0.0,0.0059996,-0.0013964999999998,0.0185071
11_NCL_IrPt_Ir/,implicit,16,-427.49893,36.549999999977,0.307742423333333,-0.0013115,-0.0009519,-0.0013283,0.0011929,0.0,-0.0025823999999999,0.0547117,-0.0279953,-0.0097632,0.0019703,-0.0327849999999999,0.0,-0.0012176999999999,0.0006542,8.870000000000058e-05,1.5999999999998654e-05,-0.0012082999999999,0.0,-0.0003808,0.0013809,0.0154928,-0.0068042999999999,0.0011721,0.0208081999999999,0.0,0.0015983,-0.0401203999999999,0.0656356999999999
11_NCL_IrPt_Ir/,implicit,17,-426.86978,30.8999999999742,0.216513346666667,-0.0008576999999999,-0.0008494,-0.0005958999999999,0.0024522,0.0,0.0026182,0.0367022,-0.0186334999999999,0.0038503999999999,0.0037730999999999,-0.0135905,0.0,-0.0044306,0.000127,0.0004989,0.0006647,-0.0007573999999999,0.0,0.0023821,0.0020691,0.0061166999999999,-0.0069208,0.0012763,0.0066359,0.0,-0.0024232,0.0208768999999999,0.0193383999999999
11_NCL_IrPt_Ir/,implicit,18,-426.92768,31.9900000000075,0.170988626666667,-0.0005919,-0.0005923999999999,-0.0003429999999999,-0.0121404,0.0,0.0001552,0.0594557,-0.005221,-0.0043639,-0.0006392999999999,-0.0040310999999999,0.0,-0.0083279,0.0005137999999999,0.0005642,0.0005187999999999,-0.0002936,0.0,0.0009809,0.0025995999999999,0.0029971,-0.0071841,0.0004597,0.0087039999999999,0.0,-0.0023155999999999,0.0467198999999998,0.0150898
11_NCL_IrPt_Ir/,implicit,19,-427.22099,32.6900000000023,0.0318294528666667,-0.0006164,-0.0011635,-0.0004771,-0.0055834,0.0,-0.0004187999999999,0.0523852999999999,-0.0179899999999999,-0.0231574,-0.0090983,0.0040356,0.0,-0.0041390999999999,5.039999999999906e-05,-0.0005681999999999,-0.0003475,-0.0022381,0.0,-0.0060561,0.0045498999999999,0.0077920999999999,-0.0162221,0.00074,0.0040472999999999,0.0,0.0009737,-0.0124457,-0.0145572999999999
11_NCL_IrPt_Ir/,implicit,20,-427.40084,50.6699999999682,0.186727356666667,-0.0004315999999999,-0.0003013,-0.0001997999999999,-0.0127304999999999,0.0,-0.0106241,0.0671692999999999,-0.0234088999999999,0.0006313999999999,0.0002159999999999,0.0010714,0.0,0.0062881,0.0009500999999999,0.0007251999999999,0.0005573999999999,1.2899999999999716e-05,0.0,-0.0034017,0.0102987999999999,0.0020963,-0.0017974,0.0002162999999999,0.0027835999999999,0.0,0.0001844999999999,0.05536,0.0252525999999999
11_NCL_IrPt_Ir/,implicit,22,-427.46736,71.1900000000014,0.112487873333333,-0.0003422999999999,-0.0005249999999999,-0.0002477999999999,-0.0046275999999999,0.0,-0.0088713,0.0764469,-0.0237899999999999,0.0065891,-0.0132183,-0.0080747,0.0,-0.0039915,0.0013557,0.0016135,0.0006193999999999,0.0001309999999999,0.0,-0.0001267999999999,0.0091892,0.0032801999999999,-0.0019601999999999,0.0001572999999999,0.0067107,0.0,-0.001066,0.0386952,0.0398078
11_NCL_IrPt_Ir/,implicit,23,-426.99979,38.6199999999803,0.0629285576666667,-2.869999999999956e-05,-0.0006991,-0.0003297999999999,-0.0110582,0.0,-0.0067835,0.058241,0.0043945999999999,-0.0113125,-0.0044705999999999,-0.0154259999999999,0.0,-0.0062395999999999,8.599999999999927e-05,0.0004481,0.0006333999999999,-0.0021918,0.0,-0.0021099999999999,0.0040086,0.0003876,-0.0098059,-0.0006143999999999,0.0061653,0.0,-0.0010199,0.0125751999999998,-0.0080256
11_NCL_IrPt_Ir/,implicit,24,-427.1907,41.4100000000417,0.153494153333333,-0.0007704,-0.0008425999999999,-0.0008879999999999,0.0018329999999999,0.0,-0.0058508999999999,0.0583374999999999,-0.0148102,-0.016612,-0.0015948,-0.0181833,0.0,-0.004177,-0.0002156999999999,0.000524,0.0002093999999999,-0.0015783,0.0,0.0007062,0.0012208999999999,0.0098966,-0.0098557999999999,-0.0003134,0.0096686999999999,0.0,-0.0005728,-0.0071175999999999,0.0193795999999999
11_NCL_IrPt_Ir/,implicit,25,-426.93957,38.5200000000054,0.163734026666667,-0.0009903,-0.0010619,-0.0008472,-0.0002542999999999,0.0,-0.0053949,0.0517149,-0.0156887,-0.0134173,-0.0038552999999999,-0.0221864,0.0,0.0052607,-0.0001442,0.0003762999999999,0.000556,0.0010702999999999,0.0,0.0021940999999999,0.0009322,0.0152441,-0.0099481999999999,-0.0016379,0.0090734,0.0,-0.0031547,-0.0134415999999999,0.0291225
11_NCL_IrPt_Ir/,implicit,26,-427.32682,32.4400000000082,0.0108120023333333,-0.000533,-0.0011679,-0.0004234,-0.0040935,0.0,-0.0002926,0.0534075,-0.0132083999999999,-0.0239793,-0.0076045,0.0032481,0.0,-0.0063008,-4.849999999999993e-05,-0.0005121,-0.0002957999999999,-0.002561,0.0,-0.0054282999999999,0.0045317,0.0063355999999999,-0.0168803,7.010000000000002e-05,0.0037099999999999,0.0,0.0008684,-0.0018951999999998,-0.0204199999999999
11_NCL_IrPt_Ir/,implicit,27,-427.02501,6.1099999999783,0.001281133,-0.0006884999999999,-0.0023087,-0.0005696,-0.0076373,0.0,-0.0089776,0.0625666,0.000157,-0.0495803,-0.0095547,0.0126399999999999,0.0,-0.0127676,-0.0005362,-0.0020459,-0.0008604,-0.0051931999999999,0.0,-0.0060004,0.0109655999999999,0.0046522999999999,-0.0352986999999999,-0.0033165,0.0031439999999999,0.0,-0.0012700999999999,-0.0334414,-0.0715194
11_NCL_IrPt_Ir/,implicit,28,-427.00179,13.590000000022,0.0247565416666667,-0.0004376,-0.0017172999999999,-0.0006112,-0.0100215999999999,0.0,-0.0099188999999999,0.0574886,0.0172624999999999,-0.0424955,-0.0104801,-0.0079781,0.0,-0.0043752999999999,-0.0008361999999999,-0.0018145,-0.0002086999999999,-0.0024652,0.0,8.350000000000024e-05,0.0066394,0.0003725,-0.027705,-0.0028807,0.0066890999999999,0.0,-0.0060120999999999,-0.026569,-0.0562755999999999
11_NCL_IrPt_Ir/,implicit,29,-428.80951,-16.3299999999822,0.58444712,0.0011506999999999,0.0023067999999999,0.0002783999999999,0.0100791999999999,0.0,0.0163838,-0.0032526,0.0298461,0.0220565,0.0117324,0.0157954,0.0,-0.0050624,0.0033502999999999,0.0007457999999999,0.0016195999999999,0.0066824,0.0,0.0023978,0.0015387,-0.0361902999999999,0.0253847999999999,-0.0021519,-0.0058655999999999,0.0,0.0037231,0.2026282999999999,0.0024697
11_NCL_IrPt_Ir/,implicit,30,-427.48994,34.3100000000049,0.407964466666667,-0.0013699,-0.0013544999999999,-0.0013768999999999,-0.0019103999999999,0.0,0.0015832999999999,0.0584434,-0.0276864,-0.0120805,0.0031511,-0.0281563999999999,0.0,0.0020307,0.0008725999999999,0.0001034,0.0001686,-0.0019177,0.0,-0.0034555,0.0020432999999999,0.0155621999999999,-0.0110223999999999,0.0021592999999999,0.0212257,0.0,0.0031041,-0.0174533000000001,0.0576867
11_NCL_IrPt_Ir/,implicit,31,-427.29458,1.77999999999656,0.0736561483333333,-0.0005250999999999,-0.0022324999999999,-0.0006934,-0.0094648,0.0,-0.0098314,0.0674523,0.0115578,-0.0472071,-0.0117284999999999,-0.0063307999999999,0.0,-0.0097609,-0.0008348,-0.0015683,-0.0004971999999999,-0.0095901,0.0,-0.0055298,0.0137717,0.0066950999999999,-0.0377366,-0.0012496999999999,0.0079141999999999,0.0,-0.0045164,-0.0375285,-0.066284
11_NCL_IrPt_Ir/,implicit,32,-427.24967,21.4499999999589,0.0900773783333334,0.0002605,-0.0009535999999999,-0.0001927,-0.0102136,0.0,-0.0023995,0.065788,0.0105687,-0.0100057,-0.0117206,-0.0249932,0.0,-0.0131440999999999,-0.0012153999999999,0.0005094999999999,0.0001209,0.0009487999999999,0.0,0.0001341999999999,0.0094616,0.0045957999999999,-0.0130866,-0.0032782,0.0100606,0.0,-0.0053133,0.0059881999999999,0.0058762999999999
11_NCL_IrPt_Ir/,implicit,33,-427.14018,24.4000000000142,-0.026906072,-0.0006023,-0.0012305,-0.0004885999999999,-0.0036894999999999,0.0,-0.0007512999999999,0.0535097999999999,-0.0213063,-0.024582,-0.0097473,0.0046574999999999,0.0,-0.0046138,4.689999999999903e-05,-0.0005217999999999,-0.0003625,-0.0035199999999999,0.0,-0.0073320999999999,0.0053525999999999,0.0108025,-0.0193194999999999,0.0003145,0.0065587,0.0,0.0007716,-0.0176891999999999,-0.0144178
11_NCL_IrPt_Ir/,implicit,34,-426.89173,26.960000000031,0.129093093333333,4.629999999999999e-05,-0.0002122,0.0003617999999999,-0.0327393,0.0,-0.0010535,0.0643876999999999,0.0098913999999999,0.0022208999999999,0.0051604999999999,0.0141627999999999,0.0,-0.014282,0.0008336999999999,0.0005944,0.0002118999999999,-0.0021230999999999,0.0,-0.0001243,0.0066813999999999,-0.0107947,-0.0089546,0.0006408,0.0141155,0.0,-0.0070651,0.0958892,-0.0119681
11_NCL_IrPt_Ir/,implicit,35,-427.26258,30.5200000000241,0.115805742,-0.0005206999999999,-0.0008911999999999,-0.0005265999999999,-0.0009873,0.0,0.0007304,0.0379892,-0.0184043,-0.0039411999999999,-0.003438,-0.0085013999999999,0.0,0.0011304999999999,-8.280000000000093e-05,-0.0007684,-0.0002874999999999,-0.0011597999999999,0.0,-0.0072648,9.7899999999998e-05,0.0062172999999999,-0.0140086999999999,0.0010699999999999,-0.0011929999999999,0.0,0.0043397999999999,0.0052788999999999,-0.0260796999999999
11_NCL_IrPt_Ir/,implicit,36,-427.28391,27.8400000000261,0.014758011,-0.0002085,-0.0008187,-0.0002354999999999,-0.0086804,0.0,-0.0046338,0.0564312999999999,0.0012202999999999,-0.0185351999999999,-0.0098978,0.0026317,0.0,-0.0069188999999999,-0.0004943999999999,-0.0009233,-0.0004003999999999,-0.0021183,0.0,-0.0033551,0.0014926999999999,0.002266,-0.0152887999999999,-8.690000000000087e-05,0.0025974,0.0,-0.0014524999999999,0.0207089,-0.0355275999999999
11_NCL_IrPt_Ir/,implicit,37,-427.24132,29.2699999999968,0.0374920453333333,-0.0003821999999999,-0.0007783,-0.0003007,-0.0057898,0.0,-0.0021356,0.0447237,-0.0109005,-0.0041872,-0.0076559999999999,-0.0020412999999999,0.0,-0.0036616,-0.0001822,-0.0007550999999999,-0.0003051,-0.0015470999999999,0.0,-0.0022089999999999,-0.0011566999999999,0.0007665999999999,-0.01405,0.0014897,0.0036544,0.0,-0.0007312999999999,0.013781,-0.0300514999999998
11_NCL_IrPt_Ir/,implicit,38,-427.17228,29.8200000000293,0.12326707,-0.0008409,-0.0012392999999999,-0.0009285999999999,-8.700000000000027e-05,0.0,-0.0054995999999999,0.0607946999999999,-0.0135578999999999,-0.0217351999999999,-0.0011154,-0.0165062,0.0,-0.0046222999999999,-3.6099999999997245e-05,0.0003201999999999,0.0001302999999999,-0.0020323,0.0,-2.6499999999998747e-05,0.0016778,0.0109746,-0.0158567,-0.000806,0.0115092,0.0,-0.0010936,-0.0106754999999998,0.0095220999999999
11_NCL_IrPt_Ir/,implicit,39,-426.90146,14.5199999999477,0.0367302,-0.0009294999999999,-0.0013946999999999,-0.0008362,-0.0018283,0.0,-0.0054939,0.0630156,-0.0083181999999999,-0.0158778,-0.0020386,-0.0225666999999999,0.0,0.0032896,0.0002138,0.0003455999999999,0.0007748999999999,0.0006168,0.0,0.0010403,0.0026724999999999,0.0122914999999999,-0.0146715,-0.0016993,0.0091573,0.0,-0.0020032999999999,0.0140426999999998,0.0174771
11_NCL_IrPt_Ir/,implicit,40,-427.25605,24.7599999999579,-0.0478109243333333,-0.0004831999999999,-0.0011797,-0.000445,-0.0024029999999999,0.0,-0.0020360999999999,0.0546426999999999,-0.0138868999999999,-0.0249619,-0.0076521999999999,0.000918,0.0,-0.0075704999999999,-7.510000000000155e-05,-0.0004036999999999,-0.0002015,-0.0038928999999999,0.0,-0.0055178999999999,0.0054586,0.0085495,-0.0195145999999999,-0.0005409,0.0062086999999999,0.0,0.0001395999999999,-0.0101156,-0.0195807999999999
11_NCL_IrPt_Ir/,implicit,41,-426.97068,5.51999999998998,0.026167078,-0.0007353,-0.0021761,-0.0004802,-0.0082557,0.0,-0.0038654,0.0614664,-0.0049021,-0.0500722,-0.0150809999999999,0.0184027,0.0,-0.0113664,-0.0003885999999999,-0.0020012999999999,-0.0008920999999999,-0.0066458,0.0,-0.0126057,0.0128257999999999,0.0072629999999999,-0.0372014,-0.0016736,0.0037715,0.0,0.0007571999999999,-0.0341303999999998,-0.0735819999999999
11_NCL_IrPt_Ir/,implicit,42,-426.89458,-56.1999999999898,-0.119388753333333,0.0003131999999999,-0.0002927999999999,0.0001352999999999,-0.0157052,0.0,-0.0152423,0.054997,0.0100501999999999,-0.0107914,-0.0085162999999999,0.0027810999999999,0.0,-0.0036293999999999,-0.0001563,-0.0003921999999999,-0.0002829999999999,0.0012263999999999,0.0,0.0030105999999999,0.0055712999999999,0.0002718,-0.0068338999999999,-0.0049417,0.0036175999999999,0.0,-0.0053478,0.0281987000000001,-0.0085140999999999
11_NCL_IrPt_Ir/,implicit,43,-428.77631,65.6299999999987,0.47144429,-8.820000000000008e-05,0.0001962999999999,-0.0011713,-0.010203,0.0,0.0302159,0.0293134999999999,0.0174353,0.0022485,0.003358,-0.0271987999999999,0.0,-0.0124149999999999,0.0034322999999999,0.0019023,0.0023755999999999,0.0079282,0.0,-0.0065558,-0.0059741999999999,-0.014174,0.0117173,-3.610000000000072e-05,0.0031122999999999,0.0,0.00975,0.0633825000000001,0.0269556
11_NCL_IrPt_Ir/,implicit,44,-428.81607,25.289999999984,0.460145166666667,0.000378,0.0009081999999999,-0.0002603,-0.0170817,0.0,0.0058403,0.0199482,-0.0039561,-0.0010082,0.0117174999999999,-0.0148688999999999,0.0,-0.003341,0.0002089,0.000781,0.0003690999999999,0.0044291999999999,0.0,-0.001357,-0.0045431999999999,0.0031491,0.0060531999999999,-0.0031642999999999,0.0067721999999999,0.0,0.0015221999999999,-0.0034480000000001,0.0284408999999999
11_NCL_IrPt_Ir/,implicit,45,-428.73114,25.1700000000028,0.0639313058333333,0.0009656999999999,0.0012436,0.0003641,-0.0103591,0.0,-0.0062292,0.0125713,0.0017672,0.0080233,0.0088456,-0.0108286,0.0,0.0055178,0.0006157,0.0007535,-7.309999999999955e-05,0.0009148999999999,0.0,-0.0009951,-0.002929,0.0021977999999999,0.006426,-0.0023848,0.0017587999999999,0.0,0.0014014,0.0237635,0.0153717999999999
11_NCL_IrPt_Ir/,implicit,46,-428.77534,23.0899999999679,0.157319276666667,0.0004619,0.0014592,0.0006499999999999,0.0088304,0.0,-0.008085,0.0017409,-0.0117849,0.0179942,0.0018870999999999,-0.012366,0.0,0.0110117,-9.510000000000074e-05,0.0008662,-0.0001156,-0.0039460999999999,0.0,-8.879999999999999e-05,-0.0038047999999999,0.0028598999999999,0.0073608999999999,0.0010893999999999,0.0004241,0.0,0.0027201999999999,0.0235988,0.0145412
11_NCL_IrPt_Ir/,implicit,47,-427.29571,36.9499999999903,0.0759883681,-0.0003197,-0.0007333999999999,-0.0003709999999999,-0.0010525,0.0,-0.002131,0.0467534,-0.0030792999999999,-0.0097825999999999,-0.0096391,-0.0099792,0.0,-0.0015931999999999,-6.710000000000049e-05,-0.0005852,-2.940000000000234e-05,-0.0003324999999999,0.0,-0.0026825,0.0016064999999999,0.0010386999999999,-0.0121216,0.0007250999999999,0.0032730999999999,0.0,0.0004001999999999,0.0161446,-0.0175491999999999
11_NCL_IrPt_Ir/,implicit,48,-427.4334,34.5500000000243,0.322276936666667,-0.0009127,-0.0006544999999999,-0.0008462999999999,0.0064205999999999,0.0,0.0001189,0.0374278,-0.0130406,-0.0013127999999999,-0.0082062,-0.0084206999999999,0.0,-0.0018305999999999,0.0008254999999999,0.0003233,0.0003599999999999,-0.0013250999999999,0.0,-0.0012982999999999,0.0009786999999999,0.0100253,-0.0030412,0.0009438,0.0100197,0.0,0.0011065999999999,0.0174854000000002,0.0378365
11_NCL_IrPt_Ir/,implicit,49,-427.47631,43.2500000000005,0.26623865,-0.0007192999999999,-0.0004556,-0.0007207,0.0030152,0.0,-0.0063938,0.0472148,-0.0182014,0.0063737,-0.0032966,-0.0213490999999999,0.0,-0.0042383999999999,0.0001865999999999,3.200000000000078e-05,3.349999999999881e-05,-0.0037581,0.0,-0.0012841999999999,0.0021057,0.0172254,-0.0077308,-0.0007232999999999,0.0183924,0.0,0.0011691999999999,0.0024579,0.0512966999999999
11_NCL_IrPt_Ir/,implicit,50,-427.44839,41.1899999999719,0.22036666,-0.0004495,-0.0005522,-0.0006293999999999,0.0038212999999999,0.0,-0.0071578999999999,0.0337929999999999,-0.01009,0.0060736999999999,-0.0023009999999999,-0.0084276999999999,0.0,-0.0028112999999999,0.0002754,0.0002515,0.0004519999999999,-0.0034188,0.0,-0.0001834,0.0022525999999999,0.0139495,-0.0054784,-0.0019638999999999,0.0085937,0.0,0.0014312,0.0225375000000001,0.0323225
11_NCL_IrPt_Ir/,implicit,51,-427.49411,112.330000000043,0.310226886666667,-0.0013874,-0.0008142,-0.0008771,0.0010282999999999,0.0,-0.0005842,0.0603345999999999,-0.0391407,0.0030753999999999,-0.009222,-0.0282209999999999,0.0,0.0018647999999999,0.0009824,0.0005625999999999,0.0017012999999999,7.619999999999849e-05,0.0,0.0012452,-0.0006567999999999,0.0209944,-0.0123095999999999,0.0031158,0.0052463999999999,0.0,-0.0005972999999999,-0.0278866999999998,0.0407212999999999
11_NCL_IrPt_Ir/,implicit,52,-427.46658,39.6200000000135,0.274648556666667,-0.0005539,-0.0004264,-0.0002523999999999,-0.0142143999999999,0.0,0.0041811,0.0525263,-0.0092302,0.0054390999999999,-0.0033137999999999,0.0012922,0.0,-0.0100091999999999,0.0004762999999999,0.0003972999999999,0.0006373999999999,-9.200000000000874e-06,0.0,0.0006241999999999,0.0025178,0.0053471,-0.0043513999999999,0.0004166999999999,0.0116264999999999,0.0,-0.0035932,0.0508767000000001,0.0281787
11_NCL_IrPt_Ir/,implicit,53,-427.28714,48.4600000000341,0.0448653674333333,-0.0004248,-0.0006848,-0.0004832,0.0031354999999999,0.0,-0.0008541,0.0366231999999999,-0.0193568,0.0049937,-0.0068342,-0.0146702,0.0,0.0030656999999999,0.0001846999999999,-0.0002914,-0.0001049,0.0014769999999999,0.0,-0.0050365999999999,0.0026084999999999,0.0065995,-0.0101589999999999,9.479999999999904e-05,0.0014291999999999,0.0,0.0029406,0.0090198999999999,-0.0005147
11_NCL_IrPt_Ir/,implicit,54,-427.00003,25.4400000000032,0.0609892813333333,-0.0004251,-0.0011403,0.0002168999999999,-0.0096446,0.0,-0.003322,0.0538506,-0.0157054,-0.0082515,-0.0077110999999999,0.0169449999999999,0.0,-0.0108909999999999,-1.0099999999999e-05,-0.001523,-0.0010774999999999,-0.0060565999999999,0.0,-0.0074872,0.0085819999999999,0.0057470999999999,-0.0221148,-0.0005889999999999,0.004422,0.0,-0.0016046,0.0278429,-0.0434231
11_NCL_IrPt_Ir/,implicit,55,-428.33039,10.2800000000229,0.024646416,-1.0899999999997715e-05,-0.0001411,0.0008694999999999,0.0012763,0.0,-0.0011075,-0.0058307999999999,0.0011883,0.0010306999999999,0.0022059999999999,0.0017917,0.0,0.0039404999999999,0.000348,0.0006715,0.0016715999999999,-0.001126,0.0,-0.0011573999999999,0.0028813999999999,0.0002042,-0.0001892999999999,-0.0004965999999999,0.0019821,0.0,0.0007495,0.0104250999999999,0.0110779999999999
11_NCL_IrPt_Ir/,implicit,56,-427.16183,15.2100000000246,0.110468876666667,0.0019497999999999,0.0007979,0.0016187,-0.0026885,0.0,0.0012004,0.0252802999999999,-0.0072244999999999,0.007547,-0.0071881,0.0238943999999999,0.0,0.0100708999999999,-0.0025664999999999,-0.0015199,-0.0011639999999999,-0.0003668,0.0,-0.0050399,0.0018118999999999,0.0147407999999999,-0.0017639,-0.0063771999999999,-0.0226769,0.0,-0.0019489999999999,0.1105161999999999,-0.0537434
11_NCL_IrPt_Ir/,implicit,57,-427.02232,21.6700000000287,0.0182562803333333,-0.0002031999999999,-0.0010923,-2.3299999999999536e-05,-0.0085572,0.0,-0.0136754,0.0610004,-0.0020416999999999,-0.0203926,-0.0074212999999999,0.0126348999999999,0.0,-0.0089297,-0.0003754999999999,-0.0013609999999999,-0.0007914,-0.0048664,0.0,-0.0046240999999999,0.0119758999999999,0.0061429,-0.0199671999999999,-0.004413,0.0046029999999999,0.0,-0.0016047,0.0225964999999999,-0.0305633
11_NCL_IrPt_Ir/,implicit,58,-427.258,31.0599999999681,0.141331893333333,-0.0002142,-0.0008676999999999,8.790000000000013e-05,-0.0089668,0.0,-0.0061984,0.0634446999999999,-0.0278521,-0.0007611,-0.0107354,-0.0049794,0.0,-0.0120818,0.0004036,0.0009851,-0.0005842999999999,-0.003906,0.0,-0.0083137,0.0098077,0.0150006999999999,-0.0113577999999999,0.0007091,0.0123658999999999,0.0,-0.0005993999999999,-0.0182489999999999,0.0290223
11_NCL_IrPt_Ir/,implicit,59,-427.27679,28.220000000033,0.14984252,-0.0002243,-0.0011342999999999,0.0001020999999999,-0.020207,0.0,-0.0087430999999999,0.0720898999999999,-0.0051417,-0.0128453,-0.0090284,-0.0012503999999999,0.0,-0.0104273,-0.0002535,0.0005463999999999,-7.580000000000087e-05,-0.0004504999999999,0.0,0.0002083,0.0109034,0.0100301999999999,-0.0175167,-0.0038674,0.0058455,0.0,-0.0073740999999999,0.0063798000000001,-0.0040082
11_NCL_IrPt_Ir/,implicit,60,-427.27683,16.2200000000325,0.123373916666667,-4.690000000000076e-05,-0.0012012,-0.0003143,-0.0114346,0.0,-0.0114931,0.0630598,0.0131407999999999,-0.0188125,-0.0131114,-0.0108547,0.0,-0.001469,-0.0004475,-0.0004331,0.0001070999999999,-0.0012490999999999,0.0,-0.0020105999999999,0.0071616999999999,0.0095229,-0.0166099999999999,-0.0054282,0.0003961,0.0,-0.0056090999999999,0.0149257,-0.0291996999999999
11_NCL_IrPt_Ir/,implicit,61,-427.29678,23.0300000000057,0.110602045333333,-0.0001154,-0.0009917,-4.279999999999996e-05,-0.0120235999999999,0.0,-0.0024543,0.0599992,0.0078828999999999,-0.0182248,-0.0070955,-0.0014303999999999,0.0,-0.0075656999999999,-0.0001484999999999,0.0001838999999999,0.0004924,-0.0041901,0.0,0.0017986,0.0101926999999999,0.0008543,-0.0130324,-0.0016475,0.0084018999999999,0.0,-0.010011,0.0358757999999999,-0.0142111999999999
11_NCL_IrPt_Ir/,implicit,62,-427.29743,27.4499999999875,0.179182943333333,-0.0004325,-0.0009681999999999,0.0002107999999999,-0.0098038,0.0,-0.0006380999999999,0.0648395,-0.0235108,-0.0059231,-0.0055123999999999,0.0098575,0.0,-0.0116274999999999,0.0008602,0.0004381,-0.0003599999999999,-0.0040217,0.0,-0.0067849,0.0070560999999999,0.0075175,-0.0113365999999999,0.0005398999999999,0.0117635,0.0,-0.0013930999999999,0.0329825999999999,0.0085584
11_NCL_IrPt_Ir/,implicit,63,-427.13661,26.2799999999856,0.127753,-0.0006253,-0.0009558999999999,-0.0007339,0.0019684,0.0,-0.0007047,0.031228,-0.0220159999999999,-0.0032443999999999,-0.0030695999999999,-0.0162911,0.0,0.0071477,3.199999999999731e-05,-0.0007583,-0.0002582,0.0001191,0.0,-0.0080592,-0.0023155,0.0070635,-0.0129023,0.0016939,-0.0019646999999999,0.0,0.0060262,-0.0145933999999998,-0.0226469
11_NCL_IrPt_Ir/,implicit,64,-427.15486,26.3500000000363,0.0004855933333333,-0.0003690999999999,-0.0009958999999999,-0.0003702,-0.0065737,0.0,-0.0081958,0.0552001,-0.0073711999999999,-0.0191303,-0.0126720999999999,0.0044756999999999,0.0,-0.0036372999999999,-0.0002596,-0.0008403999999999,-0.0004258,-0.0018899999999999,0.0,-0.0083436,0.0023785,0.0091293999999999,-0.0161864999999999,-0.0004205,0.0019062999999999,0.0,0.0024031,0.0007204,-0.0250977999999999
11_NCL_IrPt_Ir/,implicit,65,-427.11403,33.6000000000354,0.09941177,-0.0001815,-0.0007891999999999,-0.0002767,-0.007836,0.0,-0.0120537999999999,0.054444,-0.0032879999999999,-0.0045687,-0.0155467999999999,0.0002917,0.0,-0.0027908999999999,-0.0004308999999999,-0.0007991,-0.0003423999999999,-0.0015617999999999,0.0,-0.0066336999999999,0.0007886,0.0066695,-0.0156528,-0.0005065999999999,0.0034527999999999,0.0,0.0010987,0.0148074,-0.0278349999999999
11_NCL_IrPt_Ir/,implicit,66,-427.18248,38.2699999999545,0.121293456833333,-0.0004569999999999,-0.0009153,-0.0005145,0.000398,0.0,-0.0051812999999999,0.045544,-0.0124631,-0.0066166999999999,-0.0114897,-0.0087269999999999,0.0,0.0006222999999999,6.180000000000074e-05,-0.0004180999999999,-0.0001302,-0.0004112999999999,0.0,-0.0060731,0.0030408999999999,0.0078588999999999,-0.0135287999999999,0.0001807999999999,0.0036247,0.0,0.0022124,0.0003995000000001,-0.0071636999999999
11_NCL_IrPt_Ir/,implicit,67,-427.20265,43.990000000008,0.040011679,-0.0005405999999999,-0.0007863,-0.0007153999999999,0.0034879,0.0,7.98000000000014e-05,0.0338823,-0.0213715,0.0046309999999999,-0.0066698,-0.0179687,0.0,0.0047118,0.0003064,-0.0002824999999999,-7.390000000000174e-05,0.0019177,0.0,-0.0054350999999999,0.0024194,0.0072243999999999,-0.0094325,0.0007494,0.0026923,0.0,0.003767,-0.0025192,0.0077047999999999
11_NCL_IrPt_Ir/,implicit,68,-426.99412,18.7500000000114,0.115187998666667,0.0002211,-0.0010598,-0.0003940999999999,-0.0045732999999999,0.0,-0.0094026,0.0606501,0.0180624,-0.0101465999999999,-0.0155704,-0.0156636,0.0,-0.0076126,-0.0012061,-0.00165,-0.0001612,-0.0055646999999999,0.0,-0.0052707,0.0074356,0.0051165999999999,-0.0212803999999999,-0.0029067999999999,0.0062021,0.0,-0.0027337999999999,0.0290213999999999,-0.0440386999999999
11_NCL_IrPt_Ir/,implicit,69,-427.00844,19.5499999999811,0.121147401333333,-0.0001076999999999,-0.0011149999999999,7.799999999999994e-05,-0.0081133,0.0,-0.0058707,0.0634209,-0.0001754,-0.022023,-0.0174289,0.0196681999999999,0.0,-0.0128476999999999,-0.0003725,-0.0014471999999999,-0.0010369999999999,-0.0046625999999999,0.0,-0.0107997,0.0106346,0.0087715,-0.0223909,-0.0028268999999999,0.0026042999999999,0.0,-0.0001440999999999,0.0309706999999999,-0.0433410999999999
11_NCL_IrPt_Ir/,implicit,70,-426.97516,22.8799999999865,0.131894346666667,-0.0003994999999999,-0.0011082999999999,0.0001111999999999,-0.0088008,0.0,-0.0036374999999999,0.0554835999999999,-0.0170542999999999,-0.0043609,-0.0085944999999999,0.0109961999999999,0.0,-0.0123857999999999,-9.659999999999876e-05,-0.0015049999999999,-0.00119,-0.0055002,0.0,-0.0074246,0.006886,0.0060614999999999,-0.0222735,0.00021,0.0029812999999999,0.0,-0.0005631999999999,0.0204984999999999,-0.0448286999999999
11_NCL_IrPt_Ir/,implicit,71,-426.9623,25.9899999999789,0.158249531,-0.0004212,-0.0009066,0.0001203999999999,-0.00913,0.0,0.0027397999999999,0.0517236,-0.0177588,-0.0085558999999999,-0.0079109,0.0194278,0.0,-0.0141295999999999,-2.490000000000131e-05,-0.0016722,-0.0011179,-0.0055747,0.0,-0.0081625999999999,0.0058462999999999,0.0060366999999999,-0.0194274,0.0009943999999999,0.0020712999999999,0.0,-0.0012413,0.0303967,-0.0445444
11_NCL_IrPt_Ir/,implicit,72,-427.38457,30.8200000000056,0.23820861,-0.0004978999999999,-0.0006659999999999,-0.0001478,-0.0088288,0.0,-0.0068021999999999,0.0566117999999999,-0.0226798,0.0011691999999999,-0.0008871,0.0006907,0.0,0.0024869999999999,0.0008219999999999,0.0003846,-7.039999999999824e-05,-0.0020274,0.0,-0.0060179999999999,0.0064806,0.0070649,-0.0070232,0.0006398999999999,0.0064122,0.0,-0.0002798,0.0408979,0.0127706
11_NCL_IrPt_Ir/,implicit,73,-427.47577,21.4200000000346,0.236602193333333,-0.0002389,-0.0013298,0.0003718,-0.0132624,0.0,-0.0102098,0.0557226999999999,-0.0006093,-0.0102637,0.0001930999999999,0.0123968,0.0,-0.0112105,-0.0004632999999999,-0.0009816,-0.0011511,-0.0012445,0.0,-0.0016127999999999,0.0128298,-0.0028672,-0.0214838,-0.0092491999999999,0.0122919999999999,0.0,-0.0051386999999999,0.0431194000000001,-0.0381405999999999
11_NCL_IrPt_Ir/,implicit,74,-427.4865,17.2099999999773,0.253934756666667,2.6900000000000708e-05,-0.0015176999999999,-0.0001064999999999,-0.0118208999999999,0.0,-0.0084106,0.0626922999999999,0.0102686999999999,-0.0189333999999999,-0.0101008,-0.0020876999999999,0.0,-0.0052354,-0.0004181,-0.0006698,-0.0003315999999999,-0.0029145,0.0,-0.0005265999999999,0.0146349999999999,0.0053593999999999,-0.0232958,-0.0056809,0.0098448,0.0,-0.0100116,0.0295501,-0.0280190999999999
11_NCL_IrPt_Ir/,implicit,75,-427.42178,24.189999999976,0.224784983333333,0.0003354999999999,-0.0014666,-0.0003521,0.0004658999999999,0.0,-0.0097275,0.0603586999999999,0.0130486999999999,-0.0093393999999999,-0.0133751,-0.0174884,0.0,-0.0073537,-0.0007948,-0.0008601999999999,-0.0001751,-0.0111968,0.0,-0.0049327,0.0130739999999999,0.0091815,-0.0248542,-0.0014648,0.0065392,0.0,-0.0026609,0.0302122999999999,-0.0362896
11_NCL_IrPt_Ir/,implicit,76,-427.45,22.4100000000362,0.236764353333333,6.899999999999788e-06,-0.0014694999999999,0.0002140999999999,-0.0100038,0.0,-0.0107284,0.0636442,0.0056966999999999,-0.0181155999999999,-0.0095182,0.0113198,0.0,-0.0098455,-0.0005469999999999,-0.0008956999999999,-0.0011377999999999,-0.0016829,0.0,-0.0050521,0.0140861999999999,0.0021790999999999,-0.0252699999999999,-0.0085837,0.0082803,0.0,-0.0025286999999999,0.0424014,-0.0423045999999999
11_NCL_IrPt_Ir/,implicit,77,-427.40092,24.6300000000019,0.253191176666667,-0.0001333,-0.0011998,0.0005791,-0.0099071,0.0,-0.0112106,0.0587708999999999,0.0001656,-0.0058492,-0.0063375,0.0104838,0.0,-0.0107423,-0.000421,-0.0010612999999999,-0.0014996999999999,-0.0008066,0.0,-0.0017294,0.0133222999999999,-0.0013772999999999,-0.0235249999999999,-0.0095767,0.0099759999999999,0.0,-0.0047481999999999,0.0492395999999999,-0.0428937
11_NCL_IrPt_Ir/,implicit,78,-426.9891,20.0600000000009,0.012093335,-0.0002517999999999,-0.0010901999999999,-0.0001438,-0.0183659999999999,0.0,-0.0035601999999999,0.0583428999999999,0.0047312,-0.0198467999999999,-0.0071010999999999,0.0021612,0.0,-0.0110323,-0.0005952,-0.0014127,-0.0003905999999999,-0.0021123,0.0,0.0018197,0.0080922,0.0003157,-0.0203345,-0.0031973999999999,0.0120143999999999,0.0,-0.0102401,0.0076857999999999,-0.0320819
11_NCL_IrPt_Ir/,implicit,79,-426.96431,27.3300000000063,0.0286305886666667,-0.0004418,-0.0011181,-0.0004136,-0.009658,0.0,-0.003461,0.0490664999999999,-0.0126821999999999,-0.0014783999999999,-0.0089474999999999,-0.0080719,0.0,-0.005474,-0.0005583,-0.0014293,-0.0003172999999999,-0.0028119999999999,0.0,-0.0018606,0.0037388,0.0026114,-0.0222842999999999,-0.0001386999999999,0.0060841,0.0,-0.0028295999999999,-0.0053594000000001,-0.0395918
11_NCL_IrPt_Ir/,implicit,80,-426.98745,23.46,0.0983932716666667,-0.0001356999999999,-0.0011391,-0.0003327,-0.0117872999999999,0.0,-0.0132462,0.0607077,0.0151876999999999,-0.0178094,-0.0134111999999999,-0.0081347999999999,0.0,-0.0073739999999999,-0.0009156999999999,-0.0015482,-0.0002923,-0.0004255,0.0,-0.0005929999999999,0.0073682999999999,0.0024157,-0.0237041999999999,-0.0056239,0.0073917999999999,0.0,-0.0067278999999999,0.0050491999999999,-0.0453101
11_NCL_IrPt_Ir/,implicit,81,-426.95641,23.7700000000132,0.145526866333333,-0.000245,-0.0010555,-0.0003129,-0.012894,0.0,-0.0114443999999999,0.0570449999999999,0.0122077,-0.0083621,-0.0088139999999999,-0.0171163,0.0,-0.0073258999999999,-0.0007944,-0.0016725999999999,-6.939999999999724e-05,-0.0004066999999999,0.0,0.0015201999999999,0.0024853999999999,-0.0001072,-0.0219065,-0.0032067,0.0080427,0.0,-0.0071282,0.0033654,-0.0464875999999999
11_NCL_IrPt_Ir/,implicit,82,-427.45187,40.1899999999955,0.157418806666667,-0.0002264999999999,-0.0006185,-2.5899999999999708e-05,-0.0096666,0.0,-0.0114875,0.0681184,-0.0235611999999999,0.0009735999999999,-0.0061246999999999,0.0017739999999999,0.0,-0.0039161999999999,0.0008794,0.0010355999999999,8.050000000000071e-05,-0.0008714,0.0,-0.0031983,0.0069971,0.0020709,-0.0067823,0.0001931,0.0091946,0.0,-0.0025248,0.0304777,0.0141483999999999
11_NCL_IrPt_Ir/,implicit,83,-426.94583,25.4099999999653,0.142812826666667,0.0002908999999999,-0.0004431,0.0001738,-0.0085106,0.0,-0.0020318,0.0549322,-0.0002854,0.0054277,-0.0115118,-0.0073173999999999,0.0,-0.0203900999999999,0.0001433,0.000932,0.0001372,-0.0036246999999999,0.0,-0.0083882,0.0070303,-0.0016076999999999,-0.0084136,0.0007045,0.0117967,0.0,0.0013617999999999,0.0206688999999999,0.0001433
11_NCL_IrPt_Ir/,implicit,84,-426.96761,21.0500000000025,0.10213173,-1.2100000000000131e-05,-0.0004463,-0.0002062,-0.0101403,0.0,-0.0009202999999999,0.053509,-0.0104382999999999,0.0084102,-0.0053342,-0.0149776999999999,0.0,-0.0090326,0.0004603999999999,0.0009426,0.0002663999999999,-0.0030571,0.0,-0.0038464999999999,0.0047988999999999,-0.0002598,-0.0061570999999999,0.0019658999999999,0.0060176999999999,0.0,0.0026937,0.0208223999999999,0.0076502999999999
11_NCL_IrPt_Ir/,implicit,85,-426.95582,17.9299999999785,0.102345668,-0.0006026,-0.0008109,-0.0005065,-0.0090234999999999,0.0,0.0004508,0.0410803,-0.01715,0.0018519,0.0028924,-0.0153949,0.0,-0.0039066999999999,0.0001607,0.0001328,0.0002009999999999,-0.0056653,0.0,-0.0005788,-0.0004669,0.0016375,-0.0102939999999999,0.0035682999999999,0.0082335999999999,0.0,0.0014747999999999,-0.0022393999999998,-0.0031921999999999
11_NCL_IrPt_Ir/,implicit,86,-427.01122,28.0900000000202,0.0033055953333333,-0.0001038999999999,-0.0009332999999999,-0.0004163999999999,-0.0111428999999999,0.0,-0.0064292999999999,0.0591647999999999,0.0147378999999999,-0.0214544,-0.0065991999999999,-0.0137965,0.0,-0.0063439,-0.0003899999999999,-0.0002663999999999,0.0005685999999999,-0.002683,0.0,-0.0001383,0.0037191,0.0014009999999999,-0.0131387999999999,-0.0021869,0.0091414,0.0,-0.0045700999999999,0.0133655999999999,-0.0170867999999999
11_NCL_IrPt_Ir/,implicit,87,-427.04589,25.8999999999787,0.0477976533333333,-0.0003764,-0.000962,-0.0002936,-0.0051958999999999,0.0,-0.0088939,0.0479229999999999,-0.0170585999999999,-0.0171488,0.0011994999999999,0.0070867999999999,0.0,-0.0055577999999999,9.769999999999918e-05,-0.0007810999999999,-0.0005303,0.0009822999999999,0.0,-0.0002058999999999,0.0007761,0.0066605,-0.0109086999999999,-0.0036958,0.0020862,0.0,-0.0027442999999999,0.0014452,-0.0165267
11_NCL_IrPt_Ir/,implicit,88,-427.1459,44.7800000000029,0.0896440113333333,-0.0005176999999999,-0.0005438999999999,-0.0002991,-0.0085411999999999,0.0,-0.0081306,0.0526687,-0.0085985999999999,0.0012693,-0.0020383,-0.0094507,0.0,-0.0065146,-1.910000000000106e-05,0.0004899999999999,0.0003444,-0.0036443999999999,0.0,-0.0009849999999999,0.00085,0.0081299999999999,-0.0084814999999999,0.0014316,0.0090016,0.0,0.0009659999999999,0.0186071000000001,0.0161668999999999
11_NCL_IrPt_Ir/,implicit,89,-427.20977,42.0700000000238,0.16512091,-0.0004655999999999,-0.0005974,-0.0004814999999999,-0.0020792999999999,0.0,-0.0065778,0.0557953999999999,-0.0103735999999999,-0.0047005,-0.0043608999999999,-0.0102571,0.0,-0.0097923,-0.0001356999999999,0.0003897,0.0001857999999999,-0.0027627,0.0,-1.4900000000001716e-05,0.0016028,0.0089607999999999,-0.0095202,-0.0002313,0.0094177,0.0,-0.0002996999999999,0.0122189000000001,0.0151846999999999
11_NCL_IrPt_Ir/,implicit,90,-427.18408,40.4800000000023,0.12615401,-0.0004038999999999,-0.0005852999999999,-0.0005024999999999,-0.0014798999999999,0.0,-0.0053636999999999,0.0478423999999999,-0.013681,0.0006403,-0.0006070999999999,-0.0084695999999999,0.0,-0.0087931999999999,-1.5000000000015e-06,0.0003738999999999,0.0001428999999999,-0.000812,0.0,0.0013752999999999,0.0021965999999999,0.0077586999999999,-0.0078572,-0.0019128,0.0068252999999999,0.0,-0.0011184,0.0171924000000001,0.0139413999999999
11_NCL_IrPt_Ir/,implicit,91,-427.19082,36.6699999999582,0.082271658,-0.0006937,-0.0008690999999999,-0.0007926999999999,-0.000352,0.0,-0.0041444999999999,0.0477145999999999,-0.0163270999999999,-0.0049903999999999,0.0017082,-0.0177731999999999,0.0,-0.0022088999999999,0.0001095,0.0004548,0.0001342,-0.0012712,0.0,0.0007508999999999,0.0019475999999999,0.0075874,-0.0103688,-0.0007827,0.009484,0.0,-0.0007606999999999,0.0025421000000001,0.0145697999999999
11_NCL_IrPt_Ir/,implicit,92,-427.11746,41.4100000000417,0.07562674,-0.0004025999999999,-0.0005256,-0.0003429,-0.0111662,0.0,-0.006464,0.0542361,-0.0078201,0.0036626,-0.0021081999999999,-0.0067337999999999,0.0,-0.0089033999999999,-9.419999999999916e-05,0.0005024,0.000171,-0.0024840999999999,0.0,0.0007281999999999,0.0017826999999999,0.0065352999999999,-0.0103936999999999,0.000618,0.0105104,0.0,-0.0020005999999999,0.0268638999999999,0.0117504999999999
11_NCL_IrPt_Ir/,implicit,93,-426.83366,34.8099999999931,0.26201642,-0.0009247999999999,-0.0011393,-0.0008246999999999,-0.0055750999999999,0.0,-0.0093076999999999,0.0524593999999999,-0.0102991999999999,-0.00496,-0.0045422999999999,-0.0195560999999999,0.0,0.0006079,-0.0001335,0.0003781999999999,0.0005771999999999,-0.0008981999999999,0.0,0.0007959999999999,-0.001584,0.0144464,-0.0133737,5.81000000000019e-05,0.0108434999999999,0.0,0.0006021,-0.0081238999999999,0.0234240999999999
