      7.00000000     -7.00000000 1400     -3.13759445      1.00000000
     -3.862  0.3734E-01  0.2649E+00  0.1140E-02  0.2968E-02  0.4647E-02  0.6272E-01  0.3026E-02  0.4946E-02  0.9786E-02  0.5876E-02  0.6748E-01  0.9419E-01  0.9167E-01  0.6653E+00  0.1633E+00  0.1360E+00  0.4772E-02  0.1367E-02
     -3.852  0.2292E-01  0.1972E+00  0.7332E-03  0.2271E-02  0.2864E-02  0.4713E-01  0.2107E-02  0.2829E-02  0.6466E-02  0.3591E-02  0.4349E-01  0.7248E-01  0.5874E-01  0.5101E+00  0.1141E+00  0.8348E-01  0.3866E-02  0.9677E-03
     -3.842  0.1641E-01  0.1765E+00  0.5334E-03  0.2049E-02  0.1996E-02  0.4151E-01  0.1964E-02  0.3012E-02  0.5547E-02  0.3844E-02  0.3167E-01  0.6538E-01  0.4101E-01  0.4452E+00  0.1077E+00  0.8602E-01  0.4433E-02  0.7636E-03
     -3.832  0.1278E-01  0.1428E+00  0.4264E-03  0.1695E-02  0.1515E-02  0.3349E-01  0.1990E-02  0.2469E-02  0.5141E-02  0.3273E-02  0.2543E-01  0.5434E-01  0.3128E-01  0.3615E+00  0.1097E+00  0.7068E-01  0.4993E-02  0.6278E-03
     -3.822  0.1072E-01  0.1577E+00  0.4132E-03  0.1926E-02  0.1247E-02  0.3681E-01  0.1971E-02  0.2735E-02  0.5049E-02  0.3749E-02  0.2484E-01  0.6136E-01  0.2588E-01  0.3977E+00  0.1088E+00  0.7879E-01  0.4954E-02  0.7432E-03
     -3.812  0.8834E-02  0.1709E+00  0.4015E-03  0.2126E-02  0.1005E-02  0.3972E-01  0.1931E-02  0.3014E-02  0.4945E-02  0.4215E-02  0.2430E-01  0.6738E-01  0.2104E-01  0.4292E+00  0.1067E+00  0.8702E-01  0.4820E-02  0.8598E-03
     -3.802  0.7187E-02  0.2379E+00  0.3955E-03  0.2943E-02  0.7953E-03  0.5480E-01  0.1872E-02  0.4407E-02  0.4838E-02  0.6107E-02  0.2409E-01  0.9324E-01  0.1695E-01  0.5922E+00  0.1036E+00  0.1272E+00  0.4609E-02  0.1352E-02
     -3.792  0.6853E-02  0.2546E+00  0.4097E-03  0.3464E-02  0.7517E-03  0.5812E-01  0.1844E-02  0.4927E-02  0.4922E-02  0.7126E-02  0.2503E-01  0.1073E+00  0.1610E-01  0.6260E+00  0.1021E+00  0.1417E+00  0.4502E-02  0.1595E-02
     -3.782  0.7103E-02  0.1114E+00  0.4900E-03  0.1458E-02  0.7638E-03  0.2541E-01  0.2166E-02  0.2476E-02  0.5921E-02  0.3320E-02  0.3001E-01  0.4535E-01  0.1677E-01  0.2739E+00  0.1201E+00  0.6834E-01  0.5071E-02  0.9058E-03
     -3.772  0.7656E-02  0.9924E-01  0.6759E-03  0.1400E-02  0.8287E-03  0.2233E-01  0.2595E-02  0.2428E-02  0.7286E-02  0.3320E-02  0.4160E-01  0.4283E-01  0.2046E-01  0.2402E+00  0.1443E+00  0.6600E-01  0.6353E-02  0.9242E-03
     -3.762  0.1075E-01  0.8829E-01  0.1320E-02  0.1298E-02  0.1226E-02  0.1966E-01  0.3358E-02  0.2315E-02  0.1058E-01  0.3194E-02  0.8203E-01  0.3939E-01  0.3507E-01  0.2115E+00  0.1876E+00  0.6235E-01  0.9438E-02  0.9014E-03
     -3.752  0.1103E-01  0.7171E-01  0.1417E-02  0.1010E-02  0.1313E-02  0.1592E-01  0.3350E-02  0.2028E-02  0.1141E-01  0.2728E-02  0.8691E-01  0.3088E-01  0.4283E-01  0.1715E+00  0.1874E+00  0.5380E-01  0.9195E-02  0.7703E-03
     -3.742  0.7634E-02  0.6443E-01  0.1033E-02  0.9286E-03  0.8750E-03  0.1422E-01  0.2509E-02  0.1955E-02  0.8559E-02  0.2662E-02  0.6429E-01  0.2820E-01  0.2767E-01  0.1528E+00  0.1410E+00  0.5124E-01  0.5954E-02  0.7157E-03
     -3.732  0.4954E-02  0.2405E+00  0.8559E-03  0.3040E-02  0.5584E-03  0.5280E-01  0.1999E-02  0.5703E-02  0.7044E-02  0.8580E-02  0.5322E-01  0.9877E-01  0.1949E-01  0.5837E+00  0.1122E+00  0.1618E+00  0.4400E-02  0.1052E-02
     -3.722  0.3868E-02  0.2735E+00  0.7884E-03  0.3963E-02  0.4436E-03  0.5931E-01  0.1648E-02  0.7163E-02  0.6172E-02  0.1103E-01  0.4909E-01  0.1252E+00  0.1703E-01  0.6534E+00  0.9268E-01  0.1992E+00  0.3530E-02  0.1378E-02
     -3.712  0.3475E-02  0.1843E+00  0.7536E-03  0.2731E-02  0.4162E-03  0.3963E-01  0.1369E-02  0.5344E-02  0.5530E-02  0.7853E-02  0.4715E-01  0.8563E-01  0.1711E-01  0.4346E+00  0.7732E-01  0.1451E+00  0.2900E-02  0.1250E-02
     -3.702  0.3088E-02  0.1428E+00  0.5971E-03  0.2117E-02  0.3755E-03  0.3057E-01  0.1148E-02  0.4497E-02  0.4517E-02  0.6478E-02  0.3779E-01  0.6623E-01  0.1572E-01  0.3352E+00  0.6572E-01  0.1198E+00  0.2417E-02  0.1047E-02
     -3.692  0.2934E-02  0.9745E-01  0.5143E-03  0.1436E-02  0.3565E-03  0.2078E-01  0.9707E-03  0.3518E-02  0.3777E-02  0.4820E-02  0.3302E-01  0.4475E-01  0.1438E-01  0.2285E+00  0.5611E-01  0.9076E-01  0.2144E-02  0.8970E-03
     -3.682  0.2750E-02  0.7468E-01  0.4300E-03  0.1102E-02  0.3352E-03  0.1575E-01  0.7852E-03  0.3183E-02  0.3022E-02  0.4199E-02  0.2798E-01  0.3410E-01  0.1307E-01  0.1732E+00  0.4592E-01  0.7965E-01  0.1888E-02  0.8542E-03
     -3.672  0.2571E-02  0.6732E-01  0.3498E-03  0.9810E-03  0.3158E-03  0.1419E-01  0.6250E-03  0.2998E-02  0.2398E-02  0.3936E-02  0.2317E-01  0.3026E-01  0.1209E-01  0.1591E+00  0.3724E-01  0.7387E-01  0.1644E-02  0.8324E-03
     -3.662  0.2744E-02  0.6114E-01  0.3787E-03  0.9443E-03  0.3348E-03  0.1251E-01  0.5717E-03  0.3597E-02  0.2322E-02  0.4427E-02  0.2618E-01  0.2906E-01  0.1284E-01  0.1371E+00  0.3471E-01  0.8604E-01  0.1607E-02  0.9147E-03
     -3.652  0.2456E-02  0.2473E-01  0.4809E-03  0.4024E-03  0.2840E-03  0.5044E-02  0.6158E-03  0.1307E-02  0.2710E-02  0.1643E-02  0.3430E-01  0.1233E-01  0.1155E-01  0.5543E-01  0.3804E-01  0.3204E-01  0.1646E-02  0.3793E-03
     -3.642  0.3321E-02  0.1986E-01  0.5844E-03  0.3546E-03  0.3777E-03  0.4032E-02  0.8966E-03  0.1080E-02  0.3410E-02  0.1377E-02  0.4308E-01  0.1045E-01  0.1529E-01  0.4512E-01  0.5700E-01  0.2630E-01  0.2638E-02  0.3811E-03
     -3.632  0.2918E-02  0.1938E-01  0.5445E-03  0.3647E-03  0.3294E-03  0.3860E-02  0.6057E-03  0.1277E-02  0.2806E-02  0.1554E-02  0.4142E-01  0.1051E-01  0.1322E-01  0.4329E-01  0.3934E-01  0.3028E-01  0.1791E-02  0.5128E-03
     -3.622  0.2930E-02  0.1645E-01  0.5967E-03  0.3474E-03  0.3269E-03  0.3234E-02  0.5542E-03  0.1184E-02  0.2845E-02  0.1448E-02  0.4618E-01  0.9794E-02  0.1299E-01  0.3637E-01  0.3657E-01  0.2777E-01  0.1718E-02  0.5153E-03
     -3.612  0.3216E-02  0.1474E-01  0.6984E-03  0.3561E-03  0.3557E-03  0.2886E-02  0.5870E-03  0.9769E-03  0.3146E-02  0.1324E-02  0.5453E-01  0.9879E-02  0.1387E-01  0.3266E-01  0.3907E-01  0.2327E-01  0.1932E-02  0.4135E-03
     -3.602  0.3511E-02  0.1484E-01  0.8057E-03  0.3927E-03  0.3857E-03  0.2895E-02  0.6210E-03  0.9553E-03  0.3456E-02  0.1359E-02  0.6333E-01  0.1082E-01  0.1479E-01  0.3286E-01  0.4165E-01  0.2290E-01  0.2164E-02  0.4188E-03
     -3.592  0.4729E-02  0.1517E-01  0.1065E-02  0.4343E-03  0.4983E-03  0.2946E-02  0.8036E-03  0.9598E-03  0.4884E-02  0.1416E-02  0.8310E-01  0.1191E-01  0.1809E-01  0.3352E-01  0.5414E-01  0.2310E-01  0.2453E-02  0.4435E-03
     -3.582  0.6857E-02  0.1556E-01  0.1296E-02  0.4792E-03  0.7009E-03  0.3012E-02  0.1061E-02  0.9627E-03  0.6559E-02  0.1474E-02  0.1008E+00  0.1309E-01  0.2429E-01  0.3437E-01  0.7202E-01  0.2328E-01  0.2741E-02  0.4718E-03
     -3.572  0.1106E-01  0.2010E-01  0.1274E-02  0.5640E-03  0.1205E-02  0.3943E-02  0.1357E-02  0.1025E-02  0.6749E-02  0.1660E-02  0.1014E+00  0.1553E-01  0.4699E-01  0.4595E-01  0.9396E-01  0.2542E-01  0.3789E-02  0.5151E-03
     -3.562  0.6834E-02  0.4386E-01  0.1288E-02  0.8691E-03  0.7404E-03  0.8722E-02  0.1215E-02  0.1606E-02  0.6590E-02  0.2779E-02  0.1036E+00  0.2468E-01  0.3046E-01  0.1035E+00  0.8439E-01  0.4235E-01  0.3547E-02  0.6605E-03
     -3.552  0.3174E-02  0.2982E-01  0.1285E-02  0.7458E-03  0.3233E-03  0.5868E-02  0.1071E-02  0.1283E-02  0.6398E-02  0.2228E-02  0.1046E+00  0.2071E-01  0.1412E-01  0.6938E-01  0.7494E-01  0.3294E-01  0.3246E-02  0.6334E-03
     -3.542  0.3241E-02  0.1781E-01  0.1415E-02  0.6284E-03  0.3328E-03  0.3410E-02  0.1188E-02  0.1006E-02  0.7089E-02  0.1755E-02  0.1157E+00  0.1713E-01  0.1536E-01  0.3969E-01  0.8348E-01  0.2499E-01  0.3588E-02  0.6051E-03
     -3.532  0.3286E-02  0.1342E-01  0.1546E-02  0.6297E-03  0.3406E-03  0.2490E-02  0.1296E-02  0.9052E-03  0.7778E-02  0.1649E-02  0.1270E+00  0.1697E-01  0.1653E-01  0.2844E-01  0.9147E-01  0.2224E-01  0.3913E-02  0.5982E-03
     -3.522  0.3242E-02  0.1256E-01  0.1674E-02  0.6403E-03  0.3359E-03  0.2317E-02  0.1262E-02  0.8566E-03  0.8150E-02  0.1617E-02  0.1405E+00  0.1721E-01  0.1665E-01  0.2661E-01  0.8942E-01  0.2109E-01  0.3721E-02  0.5996E-03
     -3.512  0.3061E-02  0.1173E-01  0.1693E-02  0.6494E-03  0.3224E-03  0.2151E-02  0.1090E-02  0.8078E-03  0.7796E-02  0.1584E-02  0.1445E+00  0.1742E-01  0.1611E-01  0.2486E-01  0.7768E-01  0.1995E-01  0.3327E-02  0.5980E-03
     -3.502  0.2831E-02  0.1087E-01  0.1648E-02  0.6339E-03  0.3023E-03  0.1984E-02  0.9037E-03  0.7587E-03  0.7190E-02  0.1526E-02  0.1433E+00  0.1700E-01  0.1511E-01  0.2306E-01  0.6493E-01  0.1880E-01  0.2889E-02  0.5771E-03
     -3.492  0.2192E-02  0.1003E-01  0.1298E-02  0.6045E-03  0.2343E-03  0.1826E-02  0.7565E-03  0.7042E-03  0.5854E-02  0.1444E-02  0.1135E+00  0.1623E-01  0.1224E-01  0.2143E-01  0.5467E-01  0.1757E-01  0.2434E-02  0.5578E-03
     -3.482  0.1778E-02  0.9162E-02  0.1033E-02  0.5670E-03  0.1925E-03  0.1669E-02  0.6565E-03  0.6454E-03  0.4811E-02  0.1345E-02  0.9042E-01  0.1524E-01  0.1066E-01  0.1982E-01  0.4777E-01  0.1625E-01  0.2186E-02  0.5408E-03
     -3.472  0.1429E-02  0.8815E-02  0.1006E-02  0.5587E-03  0.1654E-03  0.1607E-02  0.7423E-03  0.6245E-03  0.5203E-02  0.1316E-02  0.8761E-01  0.1503E-01  0.1247E-01  0.1930E-01  0.5510E-01  0.1582E-01  0.2464E-02  0.5473E-03
     -3.462  0.1120E-02  0.8779E-02  0.1274E-02  0.6070E-03  0.1548E-03  0.1587E-02  0.9969E-03  0.6590E-03  0.7116E-02  0.1411E-02  0.1101E+00  0.1632E-01  0.1858E-01  0.1923E-01  0.7543E-01  0.1670E-01  0.3407E-02  0.5792E-03
     -3.452  0.8600E-03  0.8995E-02  0.1341E-02  0.7410E-03  0.1524E-03  0.1594E-02  0.1174E-02  0.7411E-03  0.8077E-02  0.1627E-02  0.1165E+00  0.1995E-01  0.2384E-01  0.1984E-01  0.9009E-01  0.1877E-01  0.3924E-02  0.6592E-03
     -3.442  0.1003E-02  0.9234E-02  0.1535E-02  0.8332E-03  0.2115E-03  0.1609E-02  0.1728E-02  0.8288E-03  0.9543E-02  0.1806E-02  0.1374E+00  0.2259E-01  0.3279E-01  0.2040E-01  0.1353E+00  0.2092E-01  0.5986E-02  0.7405E-03
     -3.432  0.1076E-02  0.9218E-02  0.1606E-02  0.8777E-03  0.2382E-03  0.1602E-02  0.2057E-02  0.8389E-03  0.1016E-01  0.1872E-02  0.1473E+00  0.2387E-01  0.3662E-01  0.2065E-01  0.1634E+00  0.2120E-01  0.7241E-02  0.7432E-03
     -3.422  0.1100E-02  0.9148E-02  0.1615E-02  0.9217E-03  0.2440E-03  0.1584E-02  0.2223E-02  0.8494E-03  0.1040E-01  0.1937E-02  0.1505E+00  0.2515E-01  0.3750E-01  0.2079E-01  0.1787E+00  0.2146E-01  0.7806E-02  0.7468E-03
     -3.412  0.1125E-02  0.8977E-02  0.1625E-02  0.9556E-03  0.2497E-03  0.1544E-02  0.2384E-02  0.8519E-03  0.1064E-01  0.1967E-02  0.1537E+00  0.2627E-01  0.3834E-01  0.2060E-01  0.1936E+00  0.2153E-01  0.8345E-02  0.7628E-03
     -3.402  0.1149E-02  0.9072E-02  0.1654E-02  0.9891E-03  0.2544E-03  0.1554E-02  0.2513E-02  0.8491E-03  0.1098E-01  0.1993E-02  0.1586E+00  0.2743E-01  0.3919E-01  0.2096E-01  0.2057E+00  0.2156E-01  0.8755E-02  0.7714E-03
     -3.392  0.1533E-02  0.7538E-02  0.1836E-02  0.8470E-03  0.3124E-03  0.1291E-02  0.2761E-02  0.7303E-03  0.1207E-01  0.1670E-02  0.1775E+00  0.2355E-01  0.4585E-01  0.1765E-01  0.2278E+00  0.1852E-01  0.9881E-02  0.6919E-03
     -3.382  0.2274E-02  0.4730E-02  0.2156E-02  0.5733E-03  0.4237E-03  0.8100E-03  0.2982E-02  0.5610E-03  0.1340E-01  0.1148E-02  0.2092E+00  0.1579E-01  0.5806E-01  0.1135E-01  0.2483E+00  0.1393E-01  0.1161E-01  0.5546E-03
     -3.372  0.2894E-02  0.2537E-02  0.2483E-02  0.3792E-03  0.5240E-03  0.4378E-03  0.3245E-02  0.4669E-03  0.1478E-01  0.8125E-03  0.2419E+00  0.1004E-01  0.6999E-01  0.6586E-02  0.2727E+00  0.1117E-01  0.1365E-01  0.4900E-03
     -3.362  0.3411E-02  0.2888E-02  0.3031E-02  0.4469E-03  0.6664E-03  0.5041E-03  0.4446E-02  0.5078E-03  0.1988E-01  0.9045E-03  0.2951E+00  0.1183E-01  0.9487E-01  0.7712E-02  0.3774E+00  0.1218E-01  0.1794E-01  0.5841E-03
     -3.352  0.3373E-02  0.3205E-02  0.3189E-02  0.5110E-03  0.7383E-03  0.5624E-03  0.5817E-02  0.5452E-03  0.2529E-01  0.9914E-03  0.3134E+00  0.1356E-01  0.1139E+00  0.8709E-02  0.4990E+00  0.1311E-01  0.2066E-01  0.6785E-03
     -3.342  0.2901E-02  0.3652E-02  0.2826E-02  0.5940E-03  0.6555E-03  0.6421E-03  0.5720E-02  0.6270E-03  0.2387E-01  0.1141E-02  0.2849E+00  0.1585E-01  0.1031E+00  0.1007E-01  0.4967E+00  0.1504E-01  0.2001E-01  0.8139E-03
     -3.332  0.2645E-02  0.4104E-02  0.2610E-02  0.6834E-03  0.5869E-03  0.7219E-03  0.5167E-02  0.7104E-03  0.2114E-01  0.1296E-02  0.2692E+00  0.1831E-01  0.9115E-01  0.1145E-01  0.4537E+00  0.1701E-01  0.1922E-01  0.9560E-03
     -3.322  0.2279E-02  0.4523E-02  0.2230E-02  0.7762E-03  0.4642E-03  0.7950E-03  0.3597E-02  0.7938E-03  0.1593E-01  0.1454E-02  0.2376E+00  0.2088E-01  0.6887E-01  0.1274E-01  0.3218E+00  0.1897E-01  0.1498E-01  0.1106E-02
     -3.312  0.2575E-02  0.4911E-02  0.2929E-02  0.8725E-03  0.5296E-03  0.8619E-03  0.4279E-02  0.8779E-03  0.1902E-01  0.1613E-02  0.3180E+00  0.2354E-01  0.8103E-01  0.1395E-01  0.3897E+00  0.2094E-01  0.2029E-01  0.1266E-02
     -3.302  0.2724E-02  0.5292E-02  0.3248E-02  0.9740E-03  0.5580E-03  0.9273E-03  0.4568E-02  0.9604E-03  0.2135E-01  0.1775E-02  0.3587E+00  0.2636E-01  0.8722E-01  0.1516E-01  0.4201E+00  0.2287E-01  0.2165E-01  0.1429E-02
     -3.292  0.2772E-02  0.5588E-02  0.3228E-02  0.1085E-02  0.5596E-03  0.9747E-03  0.4517E-02  0.1043E-02  0.2233E-01  0.1949E-02  0.3631E+00  0.2943E-01  0.8826E-01  0.1610E-01  0.4186E+00  0.2480E-01  0.2075E-01  0.1594E-02
     -3.282  0.2907E-02  0.5845E-02  0.3763E-02  0.1197E-02  0.5828E-03  0.1015E-02  0.4742E-02  0.1104E-02  0.2524E-01  0.2103E-02  0.4309E+00  0.3251E-01  0.9412E-01  0.1690E-01  0.4435E+00  0.2628E-01  0.2222E-01  0.1739E-02
     -3.272  0.3054E-02  0.5833E-02  0.4712E-02  0.1192E-02  0.6077E-03  0.1037E-02  0.5084E-02  0.9917E-03  0.2976E-01  0.2191E-02  0.5489E+00  0.3237E-01  0.1015E+00  0.1771E-01  0.4798E+00  0.2356E-01  0.2473E-01  0.1763E-02
     -3.262  0.3233E-02  0.5777E-02  0.5651E-02  0.1156E-02  0.6314E-03  0.1065E-02  0.5322E-02  0.8619E-03  0.3377E-01  0.2315E-02  0.6662E+00  0.3129E-01  0.1078E+00  0.1882E-01  0.5066E+00  0.2022E-01  0.2716E-01  0.1805E-02
     -3.252  0.3415E-02  0.6586E-02  0.5644E-02  0.1208E-02  0.6293E-03  0.1261E-02  0.4974E-02  0.7800E-03  0.3179E-01  0.2825E-02  0.6746E+00  0.3248E-01  0.1056E+00  0.2317E-01  0.4829E+00  0.1791E-01  0.2722E-01  0.2054E-02
     -3.242  0.2923E-02  0.5987E-02  0.4162E-02  0.1259E-02  0.4965E-03  0.1158E-02  0.3471E-02  0.7416E-03  0.2226E-01  0.2582E-02  0.5023E+00  0.3348E-01  0.8279E-01  0.2174E-01  0.3479E+00  0.1709E-01  0.2024E-01  0.2121E-02
     -3.232  0.3820E-02  0.4386E-02  0.3956E-02  0.1221E-02  0.6165E-03  0.8785E-03  0.3644E-02  0.7079E-03  0.2391E-01  0.1927E-02  0.4835E+00  0.3170E-01  0.9944E-01  0.1727E-01  0.3709E+00  0.1617E-01  0.1998E-01  0.2127E-02
     -3.222  0.4937E-02  0.3537E-02  0.4183E-02  0.1301E-02  0.7917E-03  0.7389E-03  0.4198E-02  0.7297E-03  0.2942E-01  0.1756E-02  0.5122E+00  0.3280E-01  0.1274E+00  0.1520E-01  0.4287E+00  0.1696E-01  0.2065E-01  0.2207E-02
     -3.212  0.4571E-02  0.4049E-02  0.3632E-02  0.1570E-02  0.7082E-03  0.8341E-03  0.3578E-02  0.8945E-03  0.2485E-01  0.2124E-02  0.4480E+00  0.3976E-01  0.1136E+00  0.1726E-01  0.3673E+00  0.2097E-01  0.1765E-01  0.2623E-02
     -3.202  0.4650E-02  0.4508E-02  0.3362E-02  0.1810E-02  0.6945E-03  0.9090E-03  0.3224E-02  0.1084E-02  0.2327E-01  0.2453E-02  0.4166E+00  0.4623E-01  0.1109E+00  0.1880E-01  0.3326E+00  0.2547E-01  0.1568E-01  0.3129E-02
     -3.192  0.5140E-02  0.4871E-02  0.3223E-02  0.2022E-02  0.7478E-03  0.9659E-03  0.3128E-02  0.1264E-02  0.2342E-01  0.2743E-02  0.4005E+00  0.5202E-01  0.1183E+00  0.1997E-01  0.3248E+00  0.2964E-01  0.1462E-01  0.3672E-02
     -3.182  0.3875E-02  0.5214E-02  0.2736E-02  0.2229E-02  0.5247E-03  0.1019E-02  0.1833E-02  0.1443E-02  0.1847E-01  0.3037E-02  0.3407E+00  0.5770E-01  0.8627E-01  0.2107E-01  0.1874E+00  0.3377E-01  0.9834E-02  0.4212E-02
     -3.172  0.3482E-02  0.5537E-02  0.2498E-02  0.2432E-02  0.4336E-03  0.1070E-02  0.1207E-02  0.1620E-02  0.1588E-01  0.3336E-02  0.3145E+00  0.6326E-01  0.7343E-01  0.2212E-01  0.1222E+00  0.3787E-01  0.8162E-02  0.4750E-02
     -3.161  0.3799E-02  0.5972E-02  0.2464E-02  0.2705E-02  0.4538E-03  0.1143E-02  0.1065E-02  0.1896E-02  0.1489E-01  0.3819E-02  0.3154E+00  0.7082E-01  0.7596E-01  0.2366E-01  0.1087E+00  0.4401E-01  0.8135E-02  0.5600E-02
     -3.151  0.4098E-02  0.6815E-02  0.2433E-02  0.3072E-02  0.4725E-03  0.1283E-02  0.9232E-03  0.2381E-02  0.1388E-01  0.4667E-02  0.3168E+00  0.8147E-01  0.7843E-01  0.2645E-01  0.9528E-01  0.5498E-01  0.8069E-02  0.6755E-02
     -3.141  0.4379E-02  0.8505E-02  0.2437E-02  0.4347E-02  0.4939E-03  0.1640E-02  0.8522E-03  0.4873E-02  0.1332E-01  0.9464E-02  0.3222E+00  0.1179E+00  0.8221E-01  0.3694E-01  0.8864E-01  0.1115E+00  0.8050E-02  0.9573E-02
     -3.131  0.4668E-02  0.1171E-01  0.2467E-02  0.3996E-02  0.5171E-03  0.2349E-02  0.7961E-03  0.7734E-02  0.1291E-01  0.1401E-01  0.3312E+00  0.1103E+00  0.8669E-01  0.5358E-01  0.8343E-01  0.1732E+00  0.8056E-02  0.1342E-01
     -3.121  0.4982E-02  0.5676E-02  0.2533E-02  0.2481E-02  0.5434E-03  0.1028E-02  0.7435E-03  0.4142E-02  0.1265E-01  0.6837E-02  0.3453E+00  0.6810E-01  0.9206E-01  0.2294E-01  0.7859E-01  0.9514E-01  0.8104E-02  0.7677E-02
     -3.111  0.3562E-02  0.5452E-02  0.1826E-02  0.1909E-02  0.3893E-03  0.8837E-03  0.5531E-03  0.3454E-02  0.9600E-02  0.6564E-02  0.2539E+00  0.5255E-01  0.6860E-01  0.1810E-01  0.5867E-01  0.8243E-01  0.6275E-02  0.5557E-02
     -3.101  0.4335E-02  0.5649E-02  0.2219E-02  0.2072E-02  0.4657E-03  0.8597E-03  0.8724E-03  0.4315E-02  0.9905E-02  0.9219E-02  0.3174E+00  0.5775E-01  0.8412E-01  0.1781E-01  0.1024E+00  0.1042E+00  0.1266E-01  0.5566E-02
     -3.091  0.4106E-02  0.7865E-02  0.2065E-02  0.3215E-02  0.4325E-03  0.1404E-02  0.8429E-03  0.9533E-02  0.9144E-02  0.1933E-01  0.2981E+00  0.8876E-01  0.7895E-01  0.3584E-01  0.1031E+00  0.2273E+00  0.1333E-01  0.9173E-02
     -3.081  0.3673E-02  0.7561E-02  0.1790E-02  0.3167E-02  0.3774E-03  0.1428E-02  0.7046E-03  0.1025E-01  0.7829E-02  0.2030E-01  0.2611E+00  0.8821E-01  0.6972E-01  0.3903E-01  0.8935E-01  0.2450E+00  0.1215E-01  0.7573E-02
     -3.071  0.3084E-02  0.5817E-02  0.1475E-02  0.2600E-02  0.3090E-03  0.1020E-02  0.5443E-03  0.6004E-02  0.6131E-02  0.1318E-01  0.2179E+00  0.7441E-01  0.5824E-01  0.2624E-01  0.7191E-01  0.1455E+00  0.9962E-02  0.4028E-02
     -3.061  0.1337E-02  0.4296E-02  0.5282E-03  0.2072E-02  0.1233E-03  0.7954E-03  0.3182E-03  0.6509E-02  0.3311E-02  0.1435E-01  0.8115E-01  0.5809E-01  0.2268E-01  0.2291E-01  0.4548E-01  0.1585E+00  0.4011E-02  0.3367E-02
     -3.051  0.1145E-02  0.6226E-02  0.4844E-03  0.2668E-02  0.1042E-03  0.1084E-02  0.3191E-03  0.9213E-02  0.3570E-02  0.2119E-01  0.7763E-01  0.7460E-01  0.2074E-01  0.3114E-01  0.4691E-01  0.2277E+00  0.2799E-02  0.4576E-02
     -3.041  0.1485E-02  0.4377E-02  0.6146E-03  0.1761E-02  0.1382E-03  0.7761E-03  0.3914E-03  0.4467E-02  0.4441E-02  0.1048E-01  0.9995E-01  0.4905E-01  0.2789E-01  0.2027E-01  0.5735E-01  0.1106E+00  0.3410E-02  0.3006E-02
     -3.031  0.1819E-02  0.3566E-02  0.7436E-03  0.1428E-02  0.1708E-03  0.6505E-03  0.4625E-03  0.3254E-02  0.5291E-02  0.7454E-02  0.1225E+00  0.3957E-01  0.3478E-01  0.1671E-01  0.6784E-01  0.8033E-01  0.4049E-02  0.2686E-02
     -3.021  0.2388E-02  0.3285E-02  0.9255E-03  0.1076E-02  0.2174E-03  0.6081E-03  0.5365E-03  0.2282E-02  0.6415E-02  0.4684E-02  0.1579E+00  0.2958E-01  0.4448E-01  0.1490E-01  0.7996E-01  0.5615E-01  0.4764E-02  0.2548E-02
     -3.011  0.3025E-02  0.3078E-02  0.1097E-02  0.8232E-03  0.2677E-03  0.5602E-03  0.6148E-03  0.1642E-02  0.7571E-02  0.3261E-02  0.1920E+00  0.2260E-01  0.5463E-01  0.1322E-01  0.9308E-01  0.4045E-01  0.5476E-02  0.2085E-02
     -3.001  0.3690E-02  0.2861E-02  0.1260E-02  0.6667E-03  0.3196E-03  0.5023E-03  0.6981E-03  0.1327E-02  0.8756E-02  0.2759E-02  0.2250E+00  0.1836E-01  0.6501E-01  0.1159E-01  0.1071E+00  0.3288E-01  0.6186E-02  0.1682E-02
     -2.991  0.4099E-02  0.2784E-02  0.1361E-02  0.6547E-03  0.3518E-03  0.5113E-03  0.7543E-03  0.1156E-02  0.9598E-02  0.2627E-02  0.2481E+00  0.1804E-01  0.7226E-01  0.1242E-01  0.1177E+00  0.2940E-01  0.6466E-02  0.1141E-02
     -2.981  0.4715E-02  0.2672E-02  0.1550E-02  0.6047E-03  0.4201E-03  0.5091E-03  0.1220E-02  0.1166E-02  0.1185E-01  0.2715E-02  0.2936E+00  0.1674E-01  0.8684E-01  0.1300E-01  0.1933E+00  0.2978E-01  0.8809E-02  0.7582E-03
     -2.971  0.7976E-02  0.2749E-02  0.2196E-02  0.6288E-03  0.7100E-03  0.5527E-03  0.2322E-02  0.1237E-02  0.2033E-01  0.2896E-02  0.4314E+00  0.1742E-01  0.1450E+00  0.1472E-01  0.3711E+00  0.3161E-01  0.1630E-01  0.5431E-03
     -2.961  0.1728E-02  0.3556E-02  0.7998E-03  0.8445E-03  0.1746E-03  0.7632E-03  0.1150E-02  0.1435E-02  0.5704E-02  0.3490E-02  0.1861E+00  0.2309E-01  0.3993E-01  0.2065E-01  0.1898E+00  0.3654E-01  0.6318E-02  0.5983E-03
     -2.951  0.2044E-02  0.4588E-02  0.9585E-03  0.9858E-03  0.2029E-03  0.9612E-03  0.1314E-02  0.1307E-02  0.6390E-02  0.3678E-02  0.2252E+00  0.2694E-01  0.4625E-01  0.2499E-01  0.2188E+00  0.3337E-01  0.7491E-02  0.7493E-03
     -2.941  0.2533E-02  0.5449E-02  0.1166E-02  0.9443E-03  0.2418E-03  0.1035E-02  0.1478E-02  0.7214E-03  0.7454E-02  0.3213E-02  0.2759E+00  0.2615E-01  0.5464E-01  0.2444E-01  0.2485E+00  0.1899E-01  0.8677E-02  0.9928E-03
     -2.931  0.3145E-02  0.4032E-02  0.1503E-02  0.7412E-03  0.2849E-03  0.7575E-03  0.1644E-02  0.4901E-03  0.9090E-02  0.2584E-02  0.3602E+00  0.2094E-01  0.6455E-01  0.1766E-01  0.2822E+00  0.1312E-01  0.9797E-02  0.7099E-03
     -2.921  0.5093E-02  0.2057E-02  0.1981E-02  0.4645E-03  0.4019E-03  0.3966E-03  0.1730E-02  0.2978E-03  0.1075E-01  0.1650E-02  0.4784E+00  0.1327E-01  0.8472E-01  0.9415E-02  0.3061E+00  0.7944E-02  0.1219E-01  0.4111E-03
     -2.911  0.7255E-02  0.6584E-03  0.2487E-02  0.1815E-03  0.5558E-03  0.1327E-03  0.2074E-02  0.1662E-03  0.1355E-01  0.6907E-03  0.6111E+00  0.5210E-02  0.1171E+00  0.3414E-02  0.3851E+00  0.4437E-02  0.1271E-01  0.1648E-03
     -2.901  0.9223E-02  0.1142E-02  0.2843E-02  0.1692E-03  0.7259E-03  0.1778E-03  0.2586E-02  0.2043E-03  0.1679E-01  0.5217E-03  0.7168E+00  0.5450E-02  0.1560E+00  0.4312E-02  0.4943E+00  0.5937E-02  0.1323E-01  0.2943E-03
     -2.891  0.9740E-02  0.2644E-02  0.3329E-02  0.5051E-03  0.7653E-03  0.4092E-03  0.2622E-02  0.3938E-03  0.1807E-01  0.1115E-02  0.8542E+00  0.1620E-01  0.1728E+00  0.9797E-02  0.5169E+00  0.1164E-01  0.1378E-01  0.9475E-03
     -2.881  0.7602E-02  0.4310E-02  0.3437E-02  0.8944E-03  0.6112E-03  0.6783E-03  0.2379E-02  0.6118E-03  0.1767E-01  0.1925E-02  0.9066E+00  0.2849E-01  0.1542E+00  0.1644E-01  0.4851E+00  0.1798E-01  0.1302E-01  0.1681E-02
     -2.871  0.5497E-02  0.6287E-02  0.3550E-02  0.9477E-03  0.4679E-03  0.9861E-03  0.2286E-02  0.7114E-03  0.1842E-01  0.2448E-02  0.9606E+00  0.3028E-01  0.1338E+00  0.2363E-01  0.4859E+00  0.2099E-01  0.1471E-01  0.1849E-02
     -2.861  0.6896E-02  0.4979E-02  0.4572E-02  0.9437E-03  0.5827E-03  0.8061E-03  0.3225E-02  0.6892E-03  0.2440E-01  0.2170E-02  0.1263E+01  0.2990E-01  0.1756E+00  0.2005E-01  0.7027E+00  0.2002E-01  0.2090E-01  0.1795E-02
     -2.851  0.7606E-02  0.2433E-02  0.4021E-02  0.9211E-03  0.6403E-03  0.4497E-03  0.3494E-02  0.6229E-03  0.2252E-01  0.1720E-02  0.1125E+01  0.2890E-01  0.1969E+00  0.1272E-01  0.7583E+00  0.1743E-01  0.2186E-01  0.1689E-02
     -2.841  0.7448E-02  0.2224E-02  0.3116E-02  0.9149E-03  0.6135E-03  0.4262E-03  0.3060E-02  0.6314E-03  0.1815E-01  0.1714E-02  0.8761E+00  0.2866E-01  0.1893E+00  0.1239E-01  0.6619E+00  0.1757E-01  0.2005E-01  0.1683E-02
     -2.831  0.6181E-02  0.2028E-02  0.1935E-02  0.9069E-03  0.4997E-03  0.4041E-03  0.2277E-02  0.6395E-03  0.1179E-01  0.1707E-02  0.5459E+00  0.2838E-01  0.1523E+00  0.1208E-01  0.4942E+00  0.1769E-01  0.1648E-01  0.1673E-02
     -2.821  0.5348E-02  0.1843E-02  0.1199E-02  0.8971E-03  0.4219E-03  0.3834E-03  0.1706E-02  0.6471E-03  0.8333E-02  0.1699E-02  0.3405E+00  0.2804E-01  0.1295E+00  0.1180E-01  0.3736E+00  0.1781E-01  0.1464E-01  0.1659E-02
     -2.811  0.8081E-02  0.1670E-02  0.2034E-02  0.8856E-03  0.5863E-03  0.3640E-03  0.1850E-02  0.6541E-03  0.1344E-01  0.1691E-02  0.5871E+00  0.2765E-01  0.1952E+00  0.1153E-01  0.4162E+00  0.1791E-01  0.1923E-01  0.1641E-02
     -2.801  0.8614E-02  0.1508E-02  0.2271E-02  0.8724E-03  0.6144E-03  0.3460E-03  0.1954E-02  0.6606E-03  0.1504E-01  0.1681E-02  0.6623E+00  0.2722E-01  0.2091E+00  0.1129E-01  0.4548E+00  0.1800E-01  0.2171E-01  0.1619E-02
     -2.791  0.9652E-02  0.1365E-02  0.2412E-02  0.8635E-03  0.6829E-03  0.3303E-03  0.2178E-02  0.6676E-03  0.1752E-01  0.1671E-02  0.7096E+00  0.2695E-01  0.2351E+00  0.1109E-01  0.5157E+00  0.1812E-01  0.2520E-01  0.1606E-02
     -2.781  0.8820E-02  0.1261E-02  0.2014E-02  0.8830E-03  0.6205E-03  0.3197E-03  0.1980E-02  0.6788E-03  0.1509E-01  0.1663E-02  0.6034E+00  0.2771E-01  0.2132E+00  0.1099E-01  0.4733E+00  0.1836E-01  0.2639E-01  0.1648E-02
     -2.771  0.6458E-02  0.1234E-02  0.1272E-02  0.9037E-03  0.4471E-03  0.3238E-03  0.1511E-02  0.7089E-03  0.1015E-01  0.1666E-02  0.3959E+00  0.2852E-01  0.1536E+00  0.1131E-01  0.3732E+00  0.1913E-01  0.2797E-01  0.1715E-02
     -2.761  0.5577E-02  0.1261E-02  0.9896E-03  0.9253E-03  0.3798E-03  0.3381E-03  0.1294E-02  0.7535E-03  0.7945E-02  0.1680E-02  0.3203E+00  0.2937E-01  0.1317E+00  0.1193E-01  0.3299E+00  0.2031E-01  0.2950E-01  0.1799E-02
     -2.751  0.4607E-02  0.1370E-02  0.7275E-03  0.1123E-02  0.3068E-03  0.3765E-03  0.1077E-02  0.8758E-03  0.6154E-02  0.2071E-02  0.2520E+00  0.3653E-01  0.1107E+00  0.1339E-01  0.2931E+00  0.2349E-01  0.3281E-01  0.2101E-02
     -2.741  0.3960E-02  0.1494E-02  0.6430E-03  0.1289E-02  0.2594E-03  0.4159E-03  0.8999E-03  0.1074E-02  0.5589E-02  0.2468E-02  0.2308E+00  0.4276E-01  0.9628E-01  0.1486E-01  0.2533E+00  0.2857E-01  0.3241E-01  0.2569E-02
     -2.731  0.3481E-02  0.4672E-02  0.5933E-03  0.2255E-02  0.2263E-03  0.1268E-02  0.7907E-03  0.2579E-02  0.5517E-02  0.4996E-02  0.2176E+00  0.7300E-01  0.8522E-01  0.4460E-01  0.2256E+00  0.6980E-01  0.3102E-01  0.4546E-02
     -2.721  0.2979E-02  0.9338E-02  0.5413E-03  0.3440E-02  0.1913E-03  0.2497E-02  0.6770E-03  0.4768E-02  0.5415E-02  0.8017E-02  0.2030E+00  0.1100E+00  0.7350E-01  0.8778E-01  0.1963E+00  0.1300E+00  0.3009E-01  0.6565E-02
     -2.711  0.2475E-02  0.1052E-01  0.4913E-03  0.3688E-02  0.1564E-03  0.2763E-02  0.5625E-03  0.5106E-02  0.5330E-02  0.9214E-02  0.1888E+00  0.1186E+00  0.6169E-01  0.9701E-01  0.1661E+00  0.1388E+00  0.2890E-01  0.6845E-02
     -2.701  0.1968E-02  0.8238E-02  0.4433E-03  0.3114E-02  0.1215E-03  0.2174E-02  0.4472E-03  0.4197E-02  0.5261E-02  0.7453E-02  0.1750E+00  0.1016E+00  0.4979E-01  0.7638E-01  0.1352E+00  0.1156E+00  0.2743E-01  0.5263E-02
     -2.691  0.1476E-02  0.7494E-02  0.3900E-03  0.3097E-02  0.8738E-04  0.1971E-02  0.3332E-03  0.3883E-02  0.5446E-02  0.7705E-02  0.1605E+00  0.1028E+00  0.3814E-01  0.6912E-01  0.1044E+00  0.1079E+00  0.2653E-01  0.4932E-02
     -2.681  0.1025E-02  0.6540E-02  0.3661E-03  0.3010E-02  0.5326E-04  0.1715E-02  0.2341E-03  0.3497E-02  0.6038E-02  0.7664E-02  0.1712E+00  0.1013E+00  0.2717E-01  0.5999E-01  0.8211E-01  0.9805E-01  0.3268E-01  0.4686E-02
     -2.671  0.9220E-03  0.5526E-02  0.3773E-03  0.2742E-02  0.3939E-04  0.1442E-02  0.2167E-03  0.2982E-02  0.8262E-02  0.6877E-02  0.2087E+00  0.9307E-01  0.2394E-01  0.5037E-01  0.8757E-01  0.8486E-01  0.4654E-01  0.4217E-02
     -2.661  0.3246E-02  0.4688E-02  0.5977E-03  0.2503E-02  0.1383E-03  0.1211E-02  0.5513E-03  0.2600E-02  0.1796E-01  0.6088E-02  0.3440E+00  0.8564E-01  0.7025E-01  0.4223E-01  0.2018E+00  0.7533E-01  0.1012E+00  0.4021E-02
     -2.651  0.3526E-02  0.4818E-02  0.5516E-03  0.2683E-02  0.1499E-03  0.1259E-02  0.5175E-03  0.3201E-02  0.1855E-01  0.9135E-02  0.3266E+00  0.9196E-01  0.7943E-01  0.4350E-01  0.1894E+00  0.9436E-01  0.1187E+00  0.4462E-02
     -2.641  0.3764E-02  0.4374E-02  0.5196E-03  0.2549E-02  0.1598E-03  0.1123E-02  0.4947E-03  0.3007E-02  0.1946E-01  0.8533E-02  0.3148E+00  0.8767E-01  0.8727E-01  0.3873E-01  0.1810E+00  0.8932E-01  0.1276E+00  0.4646E-02
     -2.631  0.3147E-02  0.4690E-02  0.4324E-03  0.2779E-02  0.1317E-03  0.1147E-02  0.4057E-03  0.3093E-02  0.1780E-01  0.8689E-02  0.2715E+00  0.9563E-01  0.7515E-01  0.3918E-01  0.1555E+00  0.9259E-01  0.1140E+00  0.5710E-02
     -2.621  0.4973E-02  0.4822E-02  0.4944E-03  0.3393E-02  0.2064E-03  0.1126E-02  0.5393E-03  0.3498E-02  0.2122E-01  0.8666E-02  0.3562E+00  0.1167E+00  0.1225E+00  0.3826E-01  0.2040E+00  0.1061E+00  0.2176E+00  0.8508E-02
     -2.611  0.4431E-02  0.4779E-02  0.4391E-03  0.3844E-02  0.1792E-03  0.1079E-02  0.4794E-03  0.3840E-02  0.2139E-01  0.8320E-02  0.3202E+00  0.1322E+00  0.1085E+00  0.3661E-01  0.1845E+00  0.1178E+00  0.1992E+00  0.1075E-01
     -2.601  0.3703E-02  0.4872E-02  0.3733E-03  0.3992E-02  0.1456E-03  0.1075E-02  0.4116E-03  0.4060E-02  0.2126E-01  0.7731E-02  0.2713E+00  0.1377E+00  0.8999E-01  0.3666E-01  0.1631E+00  0.1258E+00  0.1665E+00  0.1174E-01
     -2.591  0.2991E-02  0.4561E-02  0.3116E-03  0.3010E-02  0.1141E-03  0.9903E-03  0.3491E-03  0.3354E-02  0.2186E-01  0.6335E-02  0.2225E+00  0.1043E+00  0.7242E-01  0.3417E-01  0.1450E+00  0.1041E+00  0.1303E+00  0.8629E-02
     -2.581  0.2592E-02  0.3941E-02  0.2686E-03  0.1583E-02  0.9523E-04  0.8429E-03  0.3091E-03  0.2200E-02  0.2546E-01  0.4554E-02  0.1910E+00  0.5564E-01  0.6302E-01  0.2954E-01  0.1368E+00  0.6769E-01  0.1080E+00  0.3817E-02
     -2.571  0.2692E-02  0.3944E-02  0.2304E-03  0.1523E-02  0.9577E-04  0.8248E-03  0.2946E-03  0.2089E-02  0.2912E-01  0.3928E-02  0.1718E+00  0.5390E-01  0.6681E-01  0.2911E-01  0.1344E+00  0.6463E-01  0.1170E+00  0.3705E-02
     -2.561  0.2640E-02  0.4512E-02  0.1881E-03  0.1618E-02  0.9194E-04  0.9108E-03  0.2405E-03  0.1913E-02  0.1365E-01  0.3213E-02  0.1377E+00  0.5790E-01  0.6621E-01  0.3300E-01  0.1024E+00  0.6025E-01  0.1221E+00  0.3522E-02
     -2.551  0.3073E-02  0.4351E-02  0.2792E-03  0.1529E-02  0.1036E-03  0.8669E-03  0.2606E-03  0.1803E-02  0.1365E-01  0.2915E-02  0.2213E+00  0.5515E-01  0.8649E-01  0.3167E-01  0.1197E+00  0.5723E-01  0.1472E+00  0.3315E-02
     -2.541  0.3264E-02  0.4191E-02  0.3259E-03  0.1443E-02  0.1078E-03  0.8279E-03  0.2729E-03  0.1722E-02  0.1351E-01  0.2750E-02  0.2688E+00  0.5242E-01  0.9732E-01  0.3048E-01  0.1323E+00  0.5504E-01  0.1625E+00  0.3098E-02
     -2.531  0.3180E-02  0.4018E-02  0.2865E-03  0.1351E-02  0.1031E-03  0.7864E-03  0.2754E-03  0.1642E-02  0.1339E-01  0.2587E-02  0.2391E+00  0.4948E-01  0.9175E-01  0.2919E-01  0.1375E+00  0.5288E-01  0.1616E+00  0.2871E-02
     -2.521  0.3189E-02  0.8757E-02  0.2522E-03  0.2010E-02  0.9941E-04  0.1672E-02  0.2861E-03  0.2524E-02  0.1387E-01  0.4528E-02  0.2159E+00  0.7224E-01  0.8654E-01  0.6192E-01  0.1500E+00  0.8002E-01  0.1682E+00  0.3669E-02
     -2.511  0.3439E-02  0.1311E-01  0.2245E-03  0.2550E-02  0.1017E-03  0.2463E-02  0.2999E-03  0.3495E-02  0.1565E-01  0.5942E-02  0.1924E+00  0.9074E-01  0.8588E-01  0.9154E-01  0.1632E+00  0.1106E+00  0.1876E+00  0.4937E-02
     -2.501  0.3630E-02  0.1328E-01  0.1804E-03  0.2578E-02  0.9843E-04  0.2499E-02  0.2739E-03  0.3968E-02  0.1608E-01  0.6131E-02  0.1472E+00  0.9273E-01  0.8065E-01  0.9369E-01  0.1511E+00  0.1273E+00  0.2136E+00  0.5342E-02
     -2.491  0.3621E-02  0.1055E-01  0.1544E-03  0.2327E-02  0.9452E-04  0.2004E-02  0.2528E-03  0.3554E-02  0.1585E-01  0.5265E-02  0.1204E+00  0.8614E-01  0.7786E-01  0.7654E-01  0.1427E+00  0.1167E+00  0.2155E+00  0.4298E-02
     -2.481  0.3728E-02  0.1080E-01  0.1572E-03  0.2358E-02  0.9444E-04  0.2040E-02  0.2431E-03  0.3622E-02  0.1623E-01  0.5289E-02  0.1189E+00  0.8841E-01  0.8353E-01  0.7917E-01  0.1436E+00  0.1205E+00  0.2352E+00  0.3962E-02
     -2.471  0.3846E-02  0.1187E-01  0.1631E-03  0.2509E-02  0.9449E-04  0.2218E-02  0.2321E-03  0.3780E-02  0.1651E-01  0.5566E-02  0.1180E+00  0.9472E-01  0.9094E-01  0.8684E-01  0.1446E+00  0.1267E+00  0.2629E+00  0.3980E-02
     -2.461  0.3696E-02  0.1264E-01  0.1452E-03  0.2663E-02  0.8493E-04  0.2332E-02  0.2104E-03  0.3789E-02  0.1593E-01  0.5654E-02  0.1083E+00  0.1014E+00  0.7987E-01  0.9200E-01  0.1360E+00  0.1280E+00  0.2555E+00  0.3974E-02
     -2.451  0.3634E-02  0.1786E-01  0.1322E-03  0.3213E-02  0.7758E-04  0.3298E-02  0.1947E-03  0.5296E-02  0.1602E-01  0.8232E-02  0.1023E+00  0.1230E+00  0.7059E-01  0.1339E+00  0.1305E+00  0.1839E+00  0.2543E+00  0.4685E-02
     -2.441  0.3621E-02  0.1657E-01  0.1229E-03  0.3251E-02  0.7177E-04  0.3002E-02  0.1827E-03  0.4524E-02  0.1651E-01  0.7323E-02  0.9852E-01  0.1251E+00  0.6274E-01  0.1211E+00  0.1269E+00  0.1561E+00  0.2557E+00  0.4493E-02
     -2.431  0.4655E-02  0.1525E-01  0.1403E-03  0.3300E-02  0.8673E-04  0.2689E-02  0.2173E-03  0.3711E-02  0.2262E-01  0.6243E-02  0.1120E+00  0.1275E+00  0.7288E-01  0.1073E+00  0.1582E+00  0.1267E+00  0.3149E+00  0.4374E-02
     -2.421  0.5442E-02  0.1555E-01  0.1486E-03  0.3452E-02  0.9702E-04  0.2696E-02  0.2476E-03  0.3530E-02  0.2666E-01  0.6060E-02  0.1231E+00  0.1339E+00  0.7367E-01  0.1076E+00  0.1865E+00  0.1201E+00  0.3353E+00  0.4450E-02
     -2.411  0.5540E-02  0.1662E-01  0.1415E-03  0.3676E-02  0.9426E-04  0.2861E-02  0.2428E-03  0.3682E-02  0.2709E-01  0.6428E-02  0.1205E+00  0.1434E+00  0.6667E-01  0.1148E+00  0.1880E+00  0.1258E+00  0.3360E+00  0.4622E-02
     -2.401  0.3667E-02  0.1889E-01  0.9321E-04  0.4724E-02  0.5454E-04  0.3230E-02  0.1311E-03  0.3997E-02  0.1873E-01  0.7110E-02  0.7560E-01  0.1888E+00  0.3781E-01  0.1315E+00  0.1075E+00  0.1384E+00  0.3200E+00  0.5082E-02
     -2.391  0.3710E-02  0.3370E-01  0.1016E-03  0.9399E-02  0.5192E-04  0.5654E-02  0.1195E-03  0.6385E-02  0.2197E-01  0.1363E-01  0.7523E-01  0.3826E+00  0.3776E-01  0.2338E+00  0.1038E+00  0.2219E+00  0.3991E+00  0.9287E-02
     -2.381  0.4033E-02  0.2203E-01  0.1182E-03  0.6566E-02  0.5447E-04  0.3623E-02  0.1210E-03  0.4443E-02  0.2720E-01  0.7346E-02  0.8103E-01  0.2736E+00  0.4164E-01  0.1505E+00  0.1103E+00  0.1595E+00  0.4952E+00  0.6006E-02
     -2.371  0.4327E-02  0.2036E-01  0.1306E-03  0.5637E-02  0.5582E-04  0.3257E-02  0.1203E-03  0.3989E-02  0.3200E-01  0.6950E-02  0.8399E-01  0.2348E+00  0.4265E-01  0.1360E+00  0.1137E+00  0.1447E+00  0.5607E+00  0.5699E-02
     -2.361  0.4627E-02  0.1842E-01  0.1428E-03  0.4031E-02  0.5698E-04  0.2851E-02  0.1190E-03  0.3398E-02  0.3706E-01  0.6675E-02  0.8732E-01  0.1663E+00  0.4347E-01  0.1189E+00  0.1167E+00  0.1234E+00  0.6218E+00  0.5017E-02
     -2.351  0.5297E-02  0.1700E-01  0.1687E-03  0.2769E-02  0.6119E-04  0.2529E-02  0.1223E-03  0.2894E-02  0.4843E-01  0.6729E-02  0.9843E-01  0.1124E+00  0.4559E-01  0.1054E+00  0.1269E+00  0.1058E+00  0.7168E+00  0.4448E-02
     -2.341  0.7272E-02  0.1719E-01  0.2303E-03  0.2535E-02  0.7751E-04  0.2492E-02  0.1392E-03  0.2697E-02  0.7753E-01  0.7691E-02  0.1311E+00  0.1030E+00  0.5239E-01  0.1049E+00  0.1575E+00  0.1006E+00  0.9353E+00  0.4325E-02
     -2.331  0.7238E-02  0.2039E-01  0.1519E-03  0.3030E-02  0.7327E-04  0.2941E-02  0.1037E-03  0.3029E-02  0.7494E-01  0.1271E-01  0.1144E+00  0.1248E+00  0.4734E-01  0.1278E+00  0.1199E+00  0.1166E+00  0.9278E+00  0.5315E-02
     -2.321  0.9999E-02  0.2313E-01  0.1454E-03  0.3408E-02  0.9774E-04  0.3260E-02  0.1119E-03  0.3129E-02  0.1028E+00  0.1672E-01  0.1365E+00  0.1410E+00  0.5851E-01  0.1425E+00  0.1362E+00  0.1239E+00  0.1111E+01  0.6481E-02
     -2.311  0.1241E-01  0.2410E-01  0.1291E-03  0.3379E-02  0.1154E-03  0.3311E-02  0.1093E-03  0.3016E-02  0.1168E+00  0.1819E-01  0.1206E+00  0.1395E+00  0.6341E-01  0.1442E+00  0.1467E+00  0.1222E+00  0.9776E+00  0.7021E-02
     -2.301  0.1465E-01  0.1354E-01  0.1299E-03  0.2097E-02  0.1294E-03  0.1767E-02  0.1009E-03  0.2367E-02  0.1142E+00  0.1026E-01  0.1091E+00  0.8699E-01  0.6765E-01  0.7375E-01  0.1450E+00  0.9888E-01  0.9799E+00  0.4106E-02
     -2.291  0.1629E-01  0.1250E-01  0.1385E-03  0.2339E-02  0.1406E-03  0.1547E-02  0.9283E-04  0.3929E-02  0.8752E-01  0.9286E-02  0.9833E-01  0.9785E-01  0.7328E-01  0.6279E-01  0.1326E+00  0.1673E+00  0.1087E+01  0.5305E-02
     -2.281  0.2187E-01  0.1422E-01  0.1867E-03  0.3515E-02  0.1847E-03  0.1666E-02  0.1204E-03  0.8195E-02  0.1075E+00  0.8163E-02  0.1112E+00  0.1487E+00  0.1017E+00  0.6655E-01  0.1978E+00  0.3507E+00  0.1437E+01  0.9303E-02
     -2.271  0.2762E-01  0.1712E-01  0.2496E-03  0.4115E-02  0.2285E-03  0.1873E-02  0.1611E-03  0.8740E-02  0.1353E+00  0.7182E-02  0.1247E+00  0.1751E+00  0.1516E+00  0.7416E-01  0.2866E+00  0.3793E+00  0.1951E+01  0.9889E-02
     -2.261  0.3392E-01  0.1943E-01  0.2052E-03  0.4023E-02  0.2627E-03  0.2020E-02  0.1302E-03  0.7107E-02  0.8733E-01  0.6155E-02  0.1207E+00  0.1723E+00  0.1222E+00  0.7957E-01  0.2536E+00  0.3140E+00  0.1467E+01  0.8327E-02
     -2.251  0.5497E-01  0.2061E-01  0.2280E-03  0.3740E-02  0.4168E-03  0.2029E-02  0.1278E-03  0.6270E-02  0.7556E-01  0.5720E-02  0.1536E+00  0.1614E+00  0.1175E+00  0.7836E-01  0.2484E+00  0.2809E+00  0.1363E+01  0.7347E-02
     -2.241  0.7563E-01  0.3252E-01  0.2579E-03  0.5333E-02  0.5655E-03  0.3113E-02  0.1234E-03  0.6474E-02  0.6469E-01  0.6966E-02  0.1874E+00  0.2312E+00  0.1046E+00  0.1215E+00  0.2377E+00  0.3019E+00  0.1309E+01  0.8476E-02
     -2.231  0.6541E-01  0.3319E-01  0.2130E-03  0.4882E-02  0.4681E-03  0.2985E-02  0.1013E-03  0.6082E-02  0.5999E-01  0.7325E-02  0.1772E+00  0.2152E+00  0.8509E-01  0.1139E+00  0.2123E+00  0.2851E+00  0.1132E+01  0.8643E-02
     -2.221  0.7609E-01  0.3671E-01  0.2095E-03  0.3978E-02  0.5260E-03  0.3040E-02  0.9595E-04  0.5175E-02  0.6414E-01  0.7934E-02  0.1959E+00  0.1794E+00  0.8225E-01  0.1100E+00  0.1983E+00  0.2429E+00  0.1000E+01  0.8648E-02
     -2.211  0.1046E+00  0.3695E-01  0.2516E-03  0.3195E-02  0.7208E-03  0.2759E-02  0.1357E-03  0.4359E-02  0.7960E-01  0.7169E-02  0.2626E+00  0.1484E+00  0.1290E+00  0.9251E-01  0.3228E+00  0.2057E+00  0.1121E+01  0.7983E-02
     -2.201  0.1015E+00  0.3574E-01  0.2136E-03  0.2833E-02  0.6632E-03  0.2534E-02  0.9231E-04  0.3875E-02  0.8129E-01  0.6582E-02  0.2513E+00  0.1349E+00  0.9166E-01  0.8177E-01  0.1742E+00  0.1830E+00  0.8845E+00  0.7735E-02
     -2.191  0.1188E+00  0.3660E-01  0.2249E-03  0.2693E-02  0.7576E-03  0.2454E-02  0.1006E-03  0.3446E-02  0.9891E-01  0.6845E-02  0.2898E+00  0.1337E+00  0.1109E+00  0.7581E-01  0.1854E+00  0.1632E+00  0.9245E+00  0.7896E-02
     -2.181  0.1211E+00  0.4659E-01  0.2207E-03  0.2963E-02  0.7658E-03  0.2920E-02  0.1039E-03  0.3068E-02  0.1087E+00  0.9150E-02  0.3173E+00  0.1578E+00  0.9987E-01  0.8503E-01  0.1803E+00  0.1488E+00  0.8276E+00  0.8136E-02
     -2.171  0.1058E+00  0.5503E-01  0.2209E-03  0.3717E-02  0.6800E-03  0.3236E-02  0.1170E-03  0.2628E-02  0.1858E+00  0.1130E-01  0.3443E+00  0.2104E+00  0.6775E-01  0.8959E-01  0.1723E+00  0.1295E+00  0.8790E+00  0.8270E-02
     -2.161  0.9022E-01  0.6294E-01  0.2290E-03  0.4852E-02  0.5896E-03  0.3440E-02  0.1489E-03  0.2378E-02  0.3374E+00  0.1318E-01  0.3772E+00  0.2862E+00  0.5896E-01  0.8915E-01  0.1942E+00  0.1186E+00  0.1029E+01  0.7974E-02
     -2.151  0.1381E+00  0.5948E-01  0.2896E-03  0.5231E-02  0.8784E-03  0.3104E-02  0.2320E-03  0.2024E-02  0.4679E+00  0.1217E-01  0.6161E+00  0.3137E+00  0.1130E+00  0.7669E-01  0.3335E+00  0.1000E+00  0.1070E+01  0.6985E-02
     -2.141  0.1005E+00  0.5140E-01  0.2173E-03  0.5368E-02  0.6434E-03  0.2496E-02  0.1901E-03  0.1733E-02  0.4332E+00  0.1011E-01  0.4598E+00  0.3268E+00  0.1167E+00  0.5712E-01  0.3115E+00  0.8370E-01  0.8771E+00  0.5868E-02
     -2.131  0.6523E-01  0.4895E-01  0.1530E-03  0.5479E-02  0.4238E-03  0.2249E-02  0.1382E-03  0.1562E-02  0.3300E+00  0.9597E-02  0.3101E+00  0.3383E+00  0.9716E-01  0.4807E-01  0.2367E+00  0.7513E-01  0.6638E+00  0.5262E-02
     -2.121  0.2900E-01  0.3479E-01  0.8392E-04  0.8272E-02  0.1898E-03  0.1361E-02  0.8221E-04  0.1397E-02  0.2283E+00  0.1609E-01  0.1796E+00  0.5143E+00  0.7190E-01  0.4028E-01  0.1465E+00  0.7128E-01  0.4607E+00  0.5650E-02
     -2.111  0.2549E-01  0.2535E-01  0.6360E-04  0.7091E-02  0.1469E-03  0.1025E-02  0.5275E-04  0.1474E-02  0.1222E+00  0.1947E-01  0.1255E+00  0.4447E+00  0.3937E-01  0.3930E-01  0.1013E+00  0.7573E-01  0.4124E+00  0.6593E-02
     -2.101  0.2567E-01  0.1987E-01  0.6392E-04  0.4242E-02  0.1393E-03  0.8571E-03  0.4953E-04  0.1702E-02  0.1164E+00  0.1272E-01  0.1210E+00  0.2671E+00  0.3931E-01  0.2797E-01  0.1001E+00  0.8444E-01  0.4663E+00  0.6658E-02
     -2.091  0.2611E-01  0.1836E-01  0.6472E-04  0.4074E-02  0.1327E-03  0.8179E-03  0.4640E-04  0.2087E-02  0.1104E+00  0.1280E-01  0.1170E+00  0.2561E+00  0.3900E-01  0.2847E-01  0.9862E-01  0.1029E+00  0.5242E+00  0.7820E-02
     -2.081  0.2712E-01  0.1706E-01  0.6783E-04  0.3933E-02  0.1304E-03  0.7876E-03  0.4425E-04  0.2477E-02  0.1115E+00  0.1289E-01  0.1187E+00  0.2469E+00  0.4156E-01  0.2917E-01  0.9809E-01  0.1216E+00  0.6009E+00  0.9004E-02
     -2.071  0.3081E-01  0.1591E-01  0.8496E-04  0.3787E-02  0.1548E-03  0.7697E-03  0.4893E-04  0.2889E-02  0.1644E+00  0.1302E-01  0.1600E+00  0.2372E+00  0.6797E-01  0.3033E-01  0.1068E+00  0.1414E+00  0.7950E+00  0.1023E-01
     -2.061  0.3466E-01  0.1541E-01  0.9995E-04  0.3649E-02  0.1743E-03  0.7932E-03  0.5211E-04  0.3335E-02  0.2023E+00  0.1337E-01  0.1944E+00  0.2283E+00  0.8960E-01  0.3283E-01  0.1152E+00  0.1630E+00  0.9812E+00  0.1151E-01
     -2.051  0.3769E-01  0.1494E-01  0.1050E-03  0.3523E-02  0.1711E-03  0.8223E-03  0.4941E-04  0.3799E-02  0.1845E+00  0.1375E-01  0.1941E+00  0.2201E+00  0.8692E-01  0.3579E-01  0.1172E+00  0.1856E+00  0.1086E+01  0.1270E-01
     -2.041  0.4194E-01  0.1277E-01  0.1120E-03  0.3075E-02  0.1703E-03  0.7791E-03  0.4651E-04  0.3907E-02  0.1643E+00  0.1368E-01  0.1944E+00  0.1911E+00  0.8241E-01  0.3642E-01  0.1172E+00  0.1898E+00  0.1210E+01  0.1355E-01
     -2.031  0.4738E-01  0.1254E-01  0.1199E-03  0.3041E-02  0.1725E-03  0.8766E-03  0.4178E-04  0.4772E-02  0.1342E+00  0.1509E-01  0.1908E+00  0.1871E+00  0.7365E-01  0.4528E-01  0.1072E+00  0.2314E+00  0.1334E+01  0.1571E-01
     -2.021  0.4908E-01  0.1160E-01  0.1213E-03  0.3173E-02  0.1684E-03  0.9709E-03  0.3814E-04  0.5763E-02  0.1196E+00  0.1752E-01  0.1886E+00  0.1923E+00  0.6996E-01  0.5612E-01  0.9304E-01  0.2748E+00  0.1332E+01  0.2235E-01
     -2.011  0.5559E-01  0.8721E-02  0.1346E-03  0.2620E-02  0.1766E-03  0.8196E-03  0.3644E-04  0.4645E-02  0.1122E+00  0.1784E-01  0.2035E+00  0.1575E+00  0.6884E-01  0.5192E-01  0.8290E-01  0.2242E+00  0.1468E+01  0.1922E-01
     -2.001  0.4542E-01  0.6235E-02  0.1076E-03  0.1979E-02  0.1577E-03  0.7061E-03  0.2531E-04  0.3589E-02  0.7925E-01  0.1838E-01  0.1607E+00  0.1196E+00  0.5905E-01  0.4907E-01  0.5372E-01  0.1804E+00  0.1085E+01  0.1387E-01
     -1.991  0.4835E-01  0.3821E-02  0.1280E-03  0.1698E-02  0.1539E-03  0.5901E-03  0.2232E-04  0.2963E-02  0.7935E-01  0.1994E-01  0.2133E+00  0.1029E+00  0.7519E-01  0.4698E-01  0.7247E-01  0.1509E+00  0.1193E+01  0.9692E-02
     -1.981  0.8919E-01  0.3443E-02  0.2102E-03  0.1832E-02  0.2403E-03  0.5677E-03  0.3097E-04  0.2813E-02  0.7042E-01  0.2156E-01  0.2728E+00  0.1118E+00  0.6559E-01  0.4680E-01  0.9446E-01  0.1434E+00  0.2204E+01  0.8960E-02
     -1.971  0.6928E-01  0.3050E-02  0.1435E-03  0.1848E-02  0.1859E-03  0.5219E-03  0.2370E-04  0.2621E-02  0.3837E-01  0.2098E-01  0.1619E+00  0.1136E+00  0.3484E-01  0.4400E-01  0.4577E-01  0.1336E+00  0.1556E+01  0.8137E-02
     -1.961  0.5903E-01  0.2666E-02  0.1155E-03  0.1725E-02  0.1602E-03  0.4620E-03  0.1986E-04  0.2376E-02  0.3056E-01  0.1915E-01  0.1216E+00  0.1067E+00  0.2396E-01  0.3927E-01  0.3279E-01  0.1214E+00  0.1268E+01  0.7082E-02
     -1.951  0.4801E-01  0.2300E-02  0.9085E-04  0.1572E-02  0.1249E-03  0.3971E-03  0.1607E-04  0.2112E-02  0.1868E-01  0.1674E-01  0.9034E-01  0.9803E-01  0.1362E-01  0.3388E-01  0.2180E-01  0.1082E+00  0.9809E+00  0.6149E-02
     -1.941  0.3766E-01  0.9645E-02  0.6965E-04  0.4762E-02  0.9580E-04  0.1508E-02  0.1259E-04  0.9793E-02  0.1196E-01  0.7890E-01  0.6617E-01  0.2895E+00  0.7361E-02  0.1233E+00  0.1416E-01  0.4773E+00  0.7423E+00  0.5890E-01
     -1.931  0.3857E-01  0.7886E-02  0.6882E-04  0.7484E-02  0.9988E-04  0.1050E-02  0.1319E-04  0.7533E-02  0.1765E-01  0.7681E-01  0.6498E-01  0.4626E+00  0.1256E-01  0.1045E+00  0.2765E-01  0.3516E+00  0.7427E+00  0.6634E-01
     -1.921  0.4941E-01  0.1161E-01  0.8295E-04  0.1261E-01  0.1315E-03  0.1137E-02  0.1561E-04  0.8552E-02  0.2828E-01  0.9184E-01  0.7801E-01  0.7742E+00  0.2378E-01  0.1255E+00  0.5446E-01  0.4083E+00  0.8958E+00  0.8552E-01
     -1.911  0.5638E-01  0.1264E-01  0.9214E-04  0.1565E-01  0.1494E-03  0.1090E-02  0.1560E-04  0.7134E-02  0.3138E-01  0.8598E-01  0.8686E-01  0.9593E+00  0.2853E-01  0.1270E+00  0.6380E-01  0.3634E+00  0.9598E+00  0.7635E-01
     -1.901  0.5393E-01  0.2020E-01  0.8455E-04  0.2986E-01  0.1432E-03  0.2036E-02  0.1269E-04  0.1034E-01  0.3100E-01  0.1405E+00  0.7918E-01  0.1886E+01  0.2971E-01  0.2128E+00  0.6330E-01  0.5760E+00  0.8507E+00  0.1082E+00
     -1.891  0.1406E+00  0.7350E-02  0.1916E-03  0.1317E-01  0.4078E-03  0.1358E-02  0.2648E-04  0.4598E-02  0.9847E-01  0.1003E+00  0.1677E+00  0.8300E+00  0.1139E+00  0.1438E+00  0.2167E+00  0.2367E+00  0.2226E+01  0.5785E-01
     -1.881  0.1683E+00  0.3867E-02  0.2352E-03  0.4115E-02  0.4675E-03  0.7130E-03  0.2955E-04  0.2585E-02  0.9875E-01  0.5181E-01  0.2122E+00  0.2571E+00  0.1229E+00  0.6722E-01  0.2342E+00  0.1258E+00  0.2513E+01  0.2490E-01
     -1.871  0.4791E+00  0.3874E-02  0.6891E-03  0.3266E-02  0.1183E-02  0.6560E-03  0.5685E-04  0.2233E-02  0.1248E+00  0.4528E-01  0.6459E+00  0.2051E+00  0.2206E+00  0.5917E-01  0.4189E+00  0.1099E+00  0.6301E+01  0.1942E-01
     -1.861  0.1473E+00  0.3300E-02  0.2175E-03  0.2941E-02  0.3934E-03  0.4938E-03  0.2397E-04  0.1349E-02  0.8170E-01  0.3287E-01  0.2051E+00  0.1857E+00  0.1067E+00  0.4479E-01  0.2145E+00  0.7046E-01  0.1959E+01  0.1620E-01
     -1.851  0.1403E+00  0.3643E-02  0.2028E-03  0.3706E-02  0.3984E-03  0.5531E-03  0.3015E-04  0.1189E-02  0.1160E+00  0.3803E-01  0.1917E+00  0.2346E+00  0.1298E+00  0.5147E-01  0.2523E+00  0.6480E-01  0.1840E+01  0.1984E-01
     -1.841  0.1477E+00  0.3952E-02  0.2165E-03  0.3891E-02  0.4133E-03  0.5952E-03  0.3728E-04  0.1413E-02  0.1433E+00  0.4290E-01  0.2055E+00  0.2456E+00  0.1457E+00  0.5445E-01  0.2944E+00  0.7598E-01  0.1863E+01  0.2443E-01
     -1.831  0.9881E-01  0.4275E-02  0.1521E-03  0.4048E-02  0.2221E-03  0.6321E-03  0.1344E-04  0.1653E-02  0.9219E-01  0.4737E-01  0.1449E+00  0.2547E+00  0.5405E-01  0.5673E-01  0.1221E+00  0.8808E-01  0.1164E+01  0.2944E-01
     -1.821  0.5137E-01  0.8884E-02  0.8277E-04  0.1120E-01  0.1025E-03  0.1489E-02  0.8705E-05  0.3409E-02  0.7265E-01  0.1654E+00  0.8224E-01  0.6930E+00  0.2098E-01  0.1293E+00  0.5380E-01  0.1780E+00  0.5504E+00  0.8357E-01
     -1.811  0.4570E-01  0.1320E-01  0.7821E-04  0.1992E-01  0.8398E-04  0.2349E-02  0.1135E-04  0.5217E-02  0.7090E-01  0.2876E+00  0.7621E-01  0.1235E+01  0.1739E-01  0.2043E+00  0.5440E-01  0.2722E+00  0.4674E+00  0.1699E+00
     -1.801  0.5021E-01  0.1145E-01  0.8945E-04  0.7851E-02  0.9262E-04  0.1534E-02  0.1616E-04  0.4441E-02  0.8006E-01  0.1349E+00  0.8395E-01  0.4898E+00  0.2191E-01  0.1205E+00  0.6470E-01  0.2327E+00  0.4783E+00  0.8322E-01
     -1.791  0.5580E-01  0.1208E-01  0.1052E-03  0.6604E-02  0.1078E-03  0.1468E-02  0.2842E-04  0.4789E-02  0.9782E-01  0.1182E+00  0.9647E-01  0.4133E+00  0.3259E-01  0.1099E+00  0.8989E-01  0.2528E+00  0.4629E+00  0.8659E-01
     -1.781  0.5421E-01  0.1077E-01  0.1009E-03  0.4715E-02  0.9988E-04  0.1152E-02  0.2665E-04  0.4392E-02  0.8788E-01  0.8507E-01  0.8884E-01  0.2959E+00  0.2991E-01  0.8059E-01  0.7702E-01  0.2352E+00  0.4112E+00  0.7849E-01
     -1.771  0.5324E-01  0.9780E-02  0.9787E-04  0.3603E-02  0.9321E-04  0.9546E-03  0.2561E-04  0.4013E-02  0.8051E-01  0.6459E-01  0.8277E-01  0.2270E+00  0.2787E-01  0.6455E-01  0.6647E-01  0.2167E+00  0.3647E+00  0.7031E-01
     -1.760  0.5736E-01  0.8319E-02  0.1152E-03  0.2628E-02  0.8938E-04  0.7488E-03  0.2657E-04  0.3372E-02  0.8402E-01  0.4632E-01  0.8928E-01  0.1666E+00  0.2884E-01  0.4966E-01  0.5813E-01  0.1839E+00  0.3289E+00  0.5814E-01
     -1.750  0.5586E-01  0.7169E-02  0.1090E-03  0.2169E-02  0.8386E-04  0.6178E-03  0.2743E-04  0.2909E-02  0.7690E-01  0.3682E-01  0.8167E-01  0.1385E+00  0.2710E-01  0.4123E-01  0.5207E-01  0.1600E+00  0.2793E+00  0.5046E-01
     -1.740  0.5330E-01  0.6180E-02  0.9274E-04  0.1755E-02  0.7913E-04  0.4987E-03  0.2783E-04  0.2572E-02  0.6187E-01  0.2922E-01  0.6874E-01  0.1133E+00  0.2410E-01  0.3331E-01  0.4708E-01  0.1424E+00  0.2304E+00  0.4470E-01
     -1.730  0.5572E-01  0.4493E-02  0.9032E-04  0.1327E-02  0.8108E-04  0.3398E-03  0.3000E-04  0.1867E-02  0.5685E-01  0.2158E-01  0.6613E-01  0.8719E-01  0.2420E-01  0.2420E-01  0.4728E-01  0.1040E+00  0.2128E+00  0.3558E-01
     -1.720  0.5998E-01  0.3873E-02  0.9438E-04  0.1286E-02  0.8526E-04  0.2817E-03  0.3299E-04  0.1595E-02  0.5760E-01  0.2140E-01  0.6798E-01  0.8542E-01  0.2567E-01  0.2100E-01  0.4934E-01  0.8988E-01  0.2058E+00  0.3403E-01
     -1.710  0.7462E-01  0.3528E-02  0.9689E-04  0.1283E-02  0.8860E-04  0.2497E-03  0.4648E-04  0.1397E-02  0.5871E-01  0.2177E-01  0.6620E-01  0.8588E-01  0.2863E-01  0.1938E-01  0.5415E-01  0.8015E-01  0.1560E+00  0.3320E-01
     -1.700  0.8938E-01  0.2868E-02  0.9976E-04  0.1008E-02  0.1033E-03  0.1827E-03  0.5534E-04  0.9959E-03  0.7777E-01  0.1797E-01  0.6768E-01  0.6900E-01  0.3531E-01  0.1468E-01  0.6058E-01  0.5926E-01  0.1450E+00  0.2653E-01
     -1.690  0.1087E+00  0.2497E-02  0.1038E-03  0.8639E-03  0.1222E-03  0.1381E-03  0.6511E-04  0.7931E-03  0.9687E-01  0.1517E-01  0.6970E-01  0.6037E-01  0.4367E-01  0.1112E-01  0.6751E-01  0.4911E-01  0.1353E+00  0.2376E-01
     -1.680  0.1447E+00  0.2595E-02  0.1124E-03  0.8925E-03  0.1581E-03  0.1320E-03  0.8031E-04  0.8157E-03  0.1191E+00  0.1560E-01  0.7385E-01  0.6282E-01  0.5867E-01  0.1036E-01  0.7865E-01  0.5135E-01  0.1364E+00  0.2560E-01
     -1.670  0.1809E+00  0.2848E-02  0.1176E-03  0.9630E-03  0.1866E-03  0.1383E-03  0.9742E-04  0.8908E-03  0.1384E+00  0.1722E-01  0.7566E-01  0.6800E-01  0.7117E-01  0.1058E-01  0.8995E-01  0.5647E-01  0.1361E+00  0.2843E-01
     -1.660  0.2168E+00  0.3175E-02  0.1206E-03  0.1025E-02  0.1968E-03  0.1479E-03  0.1196E-03  0.9697E-03  0.1612E+00  0.1886E-01  0.7495E-01  0.7273E-01  0.7904E-01  0.1102E-01  0.1005E+00  0.6189E-01  0.1330E+00  0.3115E-01
     -1.650  0.2526E+00  0.3990E-02  0.1296E-03  0.1076E-02  0.2080E-03  0.1778E-03  0.1405E-03  0.1098E-02  0.1879E+00  0.2148E-01  0.7788E-01  0.7680E-01  0.8696E-01  0.1258E-01  0.1101E+00  0.7107E-01  0.1368E+00  0.3431E-01
     -1.640  0.2680E+00  0.5299E-02  0.1254E-03  0.1161E-02  0.1973E-03  0.2395E-03  0.1438E-03  0.1321E-02  0.1842E+00  0.2976E-01  0.7463E-01  0.8249E-01  0.8385E-01  0.1733E-01  0.1032E+00  0.8608E-01  0.1207E+00  0.3889E-01
     -1.630  0.2825E+00  0.7029E-02  0.1167E-03  0.1249E-02  0.1890E-03  0.3201E-03  0.1457E-03  0.1608E-02  0.1698E+00  0.3958E-01  0.6996E-01  0.8799E-01  0.8203E-01  0.2358E-01  0.9534E-01  0.1054E+00  0.1049E+00  0.4440E-01
     -1.620  0.3060E+00  0.8661E-02  0.1087E-03  0.1250E-02  0.1947E-03  0.3871E-03  0.1484E-03  0.1814E-02  0.1289E+00  0.4458E-01  0.6509E-01  0.8833E-01  0.8605E-01  0.2812E-01  0.8929E-01  0.1194E+00  0.9749E-01  0.4764E-01
     -1.610  0.3422E+00  0.9862E-02  0.1077E-03  0.1147E-02  0.2096E-03  0.4317E-03  0.1562E-03  0.1869E-02  0.1096E+00  0.4454E-01  0.6322E-01  0.8269E-01  0.9391E-01  0.3060E-01  0.8834E-01  0.1226E+00  0.9619E-01  0.4702E-01
     -1.600  0.3875E+00  0.1111E-01  0.1106E-03  0.1039E-02  0.2289E-03  0.4788E-03  0.1687E-03  0.1923E-02  0.1152E+00  0.4487E-01  0.6395E-01  0.7665E-01  0.1039E+00  0.3331E-01  0.9088E-01  0.1256E+00  0.9772E-01  0.4624E-01
     -1.590  0.4351E+00  0.8935E-02  0.1134E-03  0.8471E-03  0.2492E-03  0.3410E-03  0.1811E-03  0.1390E-02  0.1202E+00  0.3399E-01  0.6466E-01  0.6530E-01  0.1143E+00  0.2219E-01  0.9317E-01  0.9179E-01  0.9960E-01  0.3522E-01
     -1.580  0.4849E+00  0.7886E-02  0.1163E-03  0.7355E-03  0.2705E-03  0.2754E-03  0.1934E-03  0.1147E-02  0.1246E+00  0.2576E-01  0.6535E-01  0.5866E-01  0.1251E+00  0.1739E-01  0.9521E-01  0.7629E-01  0.1018E+00  0.2994E-01
     -1.570  0.6318E+00  0.8601E-02  0.1295E-03  0.6936E-03  0.3245E-03  0.2982E-03  0.2184E-03  0.1181E-02  0.1715E+00  0.2333E-01  0.7365E-01  0.5665E-01  0.1533E+00  0.1967E-01  0.9838E-01  0.7820E-01  0.1225E+00  0.3030E-01
     -1.560  0.1970E+01  0.1262E-01  0.2692E-03  0.6698E-03  0.9907E-03  0.4675E-03  0.4944E-03  0.1527E-02  0.3477E+00  0.3001E-01  0.1546E+00  0.5627E-01  0.4632E+00  0.3096E-01  0.1877E+00  0.9853E-01  0.2943E+00  0.3459E-01
     -1.550  0.2051E+01  0.1860E-01  0.2368E-03  0.6810E-03  0.8172E-03  0.7000E-03  0.4516E-03  0.1952E-02  0.4078E+00  0.4199E-01  0.1541E+00  0.5891E-01  0.4148E+00  0.4555E-01  0.1504E+00  0.1239E+00  0.3598E+00  0.4057E-01
     -1.540  0.2028E+01  0.2309E-01  0.1779E-03  0.6839E-03  0.7969E-03  0.8292E-03  0.4230E-03  0.2086E-02  0.2637E+00  0.4999E-01  0.1063E+00  0.6206E-01  0.4238E+00  0.5315E-01  0.9092E-01  0.1333E+00  0.3890E+00  0.4297E-01
     -1.530  0.2668E+01  0.2351E-01  0.2021E-03  0.6290E-03  0.9902E-03  0.7959E-03  0.6756E-03  0.1891E-02  0.1819E+00  0.4629E-01  0.1018E+00  0.5831E-01  0.5600E+00  0.5127E-01  0.1075E+00  0.1223E+00  0.5705E+00  0.3917E-01
     -1.520  0.1917E+01  0.2372E-01  0.2196E-03  0.5892E-03  0.6923E-03  0.7637E-03  0.7279E-03  0.1731E-02  0.1582E+00  0.4283E-01  0.9213E-01  0.5537E-01  0.4123E+00  0.4953E-01  0.1345E+00  0.1135E+00  0.4454E+00  0.3625E-01
     -1.510  0.5307E+01  0.2546E-01  0.4525E-03  0.6001E-03  0.1161E-02  0.7993E-03  0.1105E-02  0.1738E-02  0.3066E+00  0.5304E-01  0.2501E+00  0.5596E-01  0.8235E+00  0.5285E-01  0.1997E+00  0.1166E+00  0.1419E+01  0.3700E-01
     -1.500  0.1394E+01  0.2973E-01  0.2670E-03  0.6784E-03  0.4052E-03  0.9075E-03  0.6917E-03  0.1884E-02  0.1648E+00  0.8648E-01  0.9107E-01  0.6159E-01  0.2692E+00  0.6001E-01  0.1354E+00  0.1323E+00  0.3546E+00  0.4158E-01
     -1.490  0.8658E+00  0.3342E-01  0.2406E-03  0.7582E-03  0.2837E-03  0.9384E-03  0.5391E-03  0.1854E-02  0.1451E+00  0.1100E+00  0.7233E-01  0.6734E-01  0.1813E+00  0.5746E-01  0.1079E+00  0.1383E+00  0.2228E+00  0.4325E-01
     -1.480  0.5740E+00  0.2658E-01  0.2055E-03  0.5329E-03  0.2118E-03  0.6010E-03  0.3931E-03  0.1142E-02  0.1425E+00  0.4598E-01  0.5407E-01  0.5125E-01  0.1273E+00  0.3126E-01  0.7891E-01  0.8445E-01  0.1518E+00  0.2716E-01
     -1.470  0.4368E+00  0.2747E-01  0.1852E-03  0.5169E-03  0.1713E-03  0.5802E-03  0.2823E-03  0.1040E-02  0.1478E+00  0.4061E-01  0.4369E-01  0.5027E-01  0.9677E-01  0.2910E-01  0.5594E-01  0.7849E-01  0.1178E+00  0.2542E-01
     -1.460  0.3667E+00  0.3116E-01  0.2002E-03  0.5104E-03  0.1535E-03  0.5898E-03  0.2770E-03  0.9499E-03  0.1597E+00  0.3508E-01  0.4425E-01  0.5073E-01  0.8391E-01  0.2725E-01  0.5694E-01  0.7475E-01  0.1006E+00  0.2377E-01
     -1.450  0.3048E+00  0.3637E-01  0.2177E-03  0.4966E-03  0.1390E-03  0.6171E-03  0.2723E-03  0.8659E-03  0.1719E+00  0.2998E-01  0.4549E-01  0.5089E-01  0.7289E-01  0.2553E-01  0.5776E-01  0.7191E-01  0.8514E-01  0.2206E-01
     -1.440  0.2545E+00  0.3919E-01  0.2423E-03  0.4749E-03  0.1308E-03  0.6260E-03  0.2698E-03  0.8104E-03  0.1846E+00  0.2622E-01  0.4861E-01  0.4949E-01  0.6518E-01  0.2429E-01  0.5856E-01  0.6896E-01  0.7233E-01  0.2076E-01
     -1.430  0.2076E+00  0.4042E-01  0.2672E-03  0.4542E-03  0.1230E-03  0.6192E-03  0.2661E-03  0.7619E-03  0.1973E+00  0.2276E-01  0.5191E-01  0.4771E-01  0.5787E-01  0.2319E-01  0.5901E-01  0.6543E-01  0.6040E-01  0.1963E-01
     -1.420  0.1751E+00  0.4255E-01  0.2941E-03  0.4464E-03  0.1184E-03  0.6217E-03  0.2657E-03  0.7273E-03  0.2098E+00  0.2210E-01  0.5613E-01  0.4725E-01  0.5296E-01  0.2226E-01  0.6008E-01  0.6318E-01  0.5204E-01  0.1898E-01
     -1.410  0.1521E+00  0.4596E-01  0.3227E-03  0.4536E-03  0.1160E-03  0.6328E-03  0.2682E-03  0.7018E-03  0.2222E+00  0.2257E-01  0.6104E-01  0.4844E-01  0.4967E-01  0.2150E-01  0.6167E-01  0.6165E-01  0.4607E-01  0.1875E-01
     -1.400  0.1303E+00  0.4942E-01  0.3520E-03  0.4605E-03  0.1137E-03  0.6435E-03  0.2700E-03  0.6754E-03  0.2346E+00  0.2299E-01  0.6611E-01  0.4962E-01  0.4651E-01  0.2072E-01  0.6315E-01  0.6001E-01  0.4038E-01  0.1849E-01
     -1.390  0.1124E+00  0.5294E-01  0.3968E-03  0.4681E-03  0.1193E-03  0.6539E-03  0.2915E-03  0.6487E-03  0.2493E+00  0.2335E-01  0.7393E-01  0.5090E-01  0.4608E-01  0.1994E-01  0.6887E-01  0.5831E-01  0.3631E-01  0.1824E-01
     -1.380  0.9596E-01  0.5686E-01  0.4486E-03  0.4938E-03  0.1271E-03  0.6684E-03  0.3177E-03  0.6330E-03  0.2641E+00  0.2355E-01  0.8312E-01  0.5430E-01  0.4641E-01  0.1947E-01  0.7537E-01  0.5764E-01  0.3274E-01  0.1883E-01
     -1.370  0.8033E-01  0.6072E-01  0.5044E-03  0.5170E-03  0.1354E-03  0.6820E-03  0.3440E-03  0.6149E-03  0.2786E+00  0.2374E-01  0.9316E-01  0.5748E-01  0.4693E-01  0.1906E-01  0.8167E-01  0.5666E-01  0.2939E-01  0.1934E-01
     -1.360  0.7217E-01  0.6429E-01  0.4483E-03  0.5383E-03  0.9877E-04  0.6950E-03  0.2539E-03  0.5988E-03  0.2831E+00  0.2408E-01  0.8221E-01  0.6049E-01  0.3405E-01  0.1881E-01  0.6443E-01  0.5562E-01  0.2564E-01  0.1988E-01
     -1.350  0.6692E-01  0.6773E-01  0.3774E-03  0.5495E-03  0.5640E-04  0.7052E-03  0.1629E-03  0.5697E-03  0.2998E+00  0.2442E-01  0.6749E-01  0.6241E-01  0.1984E-01  0.1863E-01  0.4636E-01  0.5321E-01  0.2272E-01  0.1999E-01
     -1.340  0.6467E-01  0.7115E-01  0.3725E-03  0.5595E-03  0.4160E-04  0.7142E-03  0.1374E-03  0.5384E-03  0.3319E+00  0.2471E-01  0.6516E-01  0.6429E-01  0.1435E-01  0.1843E-01  0.4171E-01  0.5050E-01  0.2187E-01  0.2007E-01
     -1.330  0.6935E-01  0.7458E-01  0.6352E-03  0.5697E-03  0.6693E-04  0.7223E-03  0.1614E-03  0.5063E-03  0.5639E+00  0.2496E-01  0.1057E+00  0.6624E-01  0.2282E-01  0.1822E-01  0.5670E-01  0.4763E-01  0.2733E-01  0.2019E-01
     -1.320  0.7471E-01  0.7820E-01  0.7261E-03  0.5822E-03  0.6735E-04  0.7320E-03  0.1677E-03  0.4756E-03  0.6377E+00  0.2516E-01  0.1228E+00  0.6851E-01  0.2831E-01  0.1803E-01  0.6435E-01  0.4485E-01  0.3039E-01  0.2040E-01
     -1.310  0.8485E-01  0.8037E-01  0.9559E-03  0.5613E-03  0.7059E-04  0.7250E-03  0.2064E-03  0.4339E-03  0.7515E+00  0.2518E-01  0.1721E+00  0.6656E-01  0.3604E-01  0.1676E-01  0.8730E-01  0.4098E-01  0.3570E-01  0.1894E-01
     -1.300  0.4040E+00  0.8513E-01  0.2866E-02  0.4785E-03  0.1511E-03  0.7310E-03  0.5134E-03  0.3574E-03  0.1303E+01  0.2524E-01  0.5182E+00  0.5685E-01  0.2228E+00  0.1423E-01  0.2660E+00  0.3397E-01  0.1344E+00  0.1426E-01
     -1.290  0.3012E+00  0.3707E+00  0.2677E-02  0.2372E-02  0.1661E-03  0.2359E-02  0.5560E-03  0.8885E-03  0.1383E+01  0.7839E-01  0.5122E+00  0.3035E+00  0.1916E+00  0.1708E-01  0.2792E+00  0.8048E-01  0.1079E+00  0.1786E-01
     -1.280  0.1769E+00  0.3329E+00  0.2349E-02  0.1891E-02  0.1329E-03  0.2098E-02  0.4150E-03  0.8768E-03  0.1250E+01  0.6860E-01  0.4766E+00  0.2438E+00  0.1156E+00  0.1489E-01  0.2366E+00  0.8417E-01  0.7864E-01  0.1579E-01
     -1.270  0.2312E+00  0.2742E+00  0.2925E-02  0.1343E-02  0.3305E-03  0.1697E-02  0.6403E-03  0.8313E-03  0.1574E+01  0.6013E-01  0.6082E+00  0.1733E+00  0.2283E+00  0.1292E-01  0.3333E+00  0.8215E-01  0.1044E+00  0.1467E-01
     -1.260  0.3327E+00  0.2911E+00  0.3089E-02  0.1371E-02  0.5414E-03  0.1702E-02  0.7206E-03  0.9751E-03  0.1449E+01  0.6183E-01  0.6650E+00  0.1788E+00  0.4051E+00  0.1168E-01  0.3941E+00  0.9741E-01  0.1400E+00  0.1480E-01
     -1.250  0.2742E+00  0.4245E+00  0.2298E-02  0.2532E-02  0.4407E-03  0.2215E-02  0.5559E-03  0.1865E-02  0.1602E+01  0.1160E+00  0.5340E+00  0.3402E+00  0.3419E+00  0.2950E-01  0.3606E+00  0.1857E+00  0.1291E+00  0.2151E-01
     -1.240  0.2510E+00  0.4461E+00  0.1753E-02  0.2582E-02  0.4424E-03  0.2252E-02  0.4652E-03  0.2067E-02  0.1860E+01  0.1323E+00  0.4177E+00  0.3520E+00  0.3426E+00  0.3520E-01  0.3205E+00  0.2021E+00  0.1245E+00  0.2599E-01
     -1.230  0.2973E+00  0.4529E+00  0.1836E-02  0.2214E-02  0.5461E-03  0.2251E-02  0.4836E-03  0.2071E-02  0.2650E+01  0.1190E+00  0.4329E+00  0.3086E+00  0.4422E+00  0.3239E-01  0.3672E+00  0.2025E+00  0.1474E+00  0.2580E-01
     -1.220  0.3159E+00  0.5140E+00  0.1722E-02  0.2379E-02  0.6718E-03  0.2455E-02  0.5041E-03  0.2387E-02  0.3784E+01  0.1287E+00  0.4194E+00  0.3361E+00  0.5347E+00  0.3466E-01  0.4028E+00  0.2326E+00  0.1637E+00  0.2589E-01
     -1.210  0.2274E+00  0.2153E+00  0.9742E-03  0.1529E-02  0.7402E-03  0.9174E-03  0.4582E-03  0.1270E-02  0.5138E+01  0.8799E-01  0.2284E+00  0.2303E+00  0.5436E+00  0.3154E-01  0.3160E+00  0.1316E+00  0.1102E+00  0.1949E-01
     -1.200  0.2093E+00  0.1818E+00  0.7735E-03  0.1435E-02  0.9674E-03  0.7531E-03  0.5168E-03  0.1233E-02  0.6005E+01  0.8839E-01  0.1509E+00  0.2246E+00  0.6732E+00  0.3622E-01  0.2791E+00  0.1355E+00  0.6948E-01  0.2083E-01
     -1.190  0.4089E-01  0.1049E+00  0.1988E-03  0.1201E-02  0.4871E-03  0.4383E-03  0.4603E-03  0.8002E-03  0.2155E+01  0.5842E-01  0.8215E-01  0.2046E+00  0.1979E+00  0.3980E-01  0.1832E+00  0.9802E-01  0.3714E-01  0.1836E-01
     -1.180  0.1907E-01  0.9273E-01  0.1225E-03  0.1169E-02  0.2695E-03  0.3908E-03  0.2736E-03  0.7071E-03  0.1376E+01  0.5382E-01  0.5150E-01  0.2032E+00  0.9488E-01  0.3991E-01  0.1174E+00  0.8948E-01  0.2320E-01  0.1957E-01
     -1.170  0.1541E-02  0.8191E-01  0.9987E-05  0.1136E-02  0.1451E-04  0.3485E-03  0.3822E-04  0.6148E-03  0.2295E+00  0.4976E-01  0.9528E-02  0.2010E+00  0.4582E-02  0.3941E-01  0.2420E-01  0.8064E-01  0.4349E-02  0.2089E-01
     -1.160  0.3013E-01  0.7551E-01  0.8560E-03  0.1158E-02  0.3731E-03  0.3248E-03  0.3490E-03  0.5381E-03  0.1184E+02  0.4763E-01  0.5948E+00  0.2087E+00  0.1134E+00  0.4055E-01  0.7418E+00  0.7421E-01  0.2739E+00  0.2394E-01
     -1.150  0.3191E-01  0.7080E-01  0.1646E-02  0.1184E-02  0.6719E-03  0.3093E-03  0.7110E-03  0.4629E-03  0.7717E+01  0.4591E-01  0.4907E+00  0.2166E+00  0.1531E+00  0.4125E-01  0.5467E+00  0.6801E-01  0.2034E+00  0.2740E-01
     -1.140  0.3152E-01  0.6779E-01  0.2165E-02  0.1207E-02  0.8970E-03  0.3026E-03  0.8761E-03  0.3942E-03  0.5279E+01  0.4471E-01  0.4198E+00  0.2237E+00  0.1956E+00  0.4150E-01  0.4344E+00  0.6257E-01  0.1575E+00  0.3097E-01
     -1.130  0.3013E-01  0.7177E-01  0.1854E-02  0.1290E-02  0.9592E-03  0.3337E-03  0.5552E-03  0.4109E-03  0.4137E+01  0.4784E-01  0.3263E+00  0.2421E+00  0.2109E+00  0.4602E-01  0.3270E+00  0.6814E-01  0.1336E+00  0.3503E-01
     -1.120  0.3094E-01  0.7167E-01  0.1122E-02  0.1164E-02  0.9667E-03  0.3303E-03  0.3194E-03  0.3806E-03  0.3310E+01  0.5140E-01  0.1770E+00  0.2127E+00  0.2054E+00  0.4263E-01  0.2763E+00  0.6279E-01  0.1216E+00  0.3222E-01
     -1.110  0.4613E-02  0.6349E-01  0.6966E-03  0.7226E-03  0.3671E-03  0.2508E-03  0.3216E-03  0.2920E-03  0.1596E+01  0.5821E-01  0.1407E+00  0.1119E+00  0.6861E-01  0.2906E-01  0.1378E+00  0.4083E-01  0.4884E-01  0.1750E-01
     -1.100  0.4163E-02  0.4674E-01  0.7755E-03  0.4987E-03  0.4216E-03  0.1759E-03  0.3647E-03  0.2087E-03  0.1428E+01  0.5010E-01  0.1450E+00  0.7618E-01  0.7846E-01  0.2104E-01  0.1372E+00  0.2666E-01  0.4574E-01  0.1200E-01
     -1.090  0.1471E-02  0.1753E-01  0.2011E-03  0.1358E-03  0.1613E-03  0.6193E-04  0.2349E-03  0.1025E-03  0.3587E+00  0.2192E-01  0.3542E-01  0.2177E-01  0.3300E-01  0.8750E-02  0.6954E-01  0.1155E-01  0.1123E-01  0.4109E-02
     -1.080  0.3759E-03  0.1205E-01  0.5198E-04  0.8701E-04  0.4355E-04  0.4065E-04  0.7189E-04  0.7039E-04  0.9516E-01  0.1554E-01  0.9640E-02  0.1361E-01  0.9024E-02  0.5881E-02  0.2026E-01  0.7461E-02  0.2892E-02  0.2525E-02
     -1.070  0.0000E+00  0.6105E-02  0.0000E+00  0.4111E-04  0.0000E+00  0.1970E-04  0.0000E+00  0.3564E-04  0.0000E+00  0.8097E-02  0.0000E+00  0.6265E-02  0.0000E+00  0.2917E-02  0.0000E+00  0.3557E-02  0.0000E+00  0.1139E-02
     -1.060  0.0000E+00  0.0000E+00  0.0000E+00  0.0000E+00  0.0000E+00  0.0000E+00  0.0000E+00  0.0000E+00  0.0000E+00  0.0000E+00  0.0000E+00  0.0000E+00  0.0000E+00  0.0000E+00  0.0000E+00  0.0000E+00  0.0000E+00  0.0000E+00
     -1.050  0.0000E+00  0.0000E+00  0.0000E+00  0.0000E+00  0.0000E+00  0.0000E+00  0.0000E+00  0.0000E+00  0.0000E+00  0.0000E+00  0.0000E+00  0.0000E+00  0.0000E+00  0.0000E+00  0.0000E+00  0.0000E+00  0.0000E+00  0.0000E+00
     -1.040  0.0000E+00  0.3459E+00  0.0000E+00  0.1265E-04  0.0000E+00  0.1526E-02  0.0000E+00  0.1311E-03  0.0000E+00  0.3307E-02  0.0000E+00  0.9855E-02  0.0000E+00  0.4736E-02  0.0000E+00  0.2533E-02  0.0000E+00  0.6375E-03
     -1.030  0.0000E+00  0.3621E+01  0.0000E+00  0.4513E-03  0.0000E+00  0.1500E-01  0.0000E+00  0.2068E-02  0.0000E+00  0.1114E+00  0.0000E+00  0.9074E-01  0.0000E+00  0.1239E+00  0.0000E+00  0.6882E-01  0.0000E+00  0.1310E-01
     -1.020  0.0000E+00  0.2230E+01  0.0000E+00  0.2349E-03  0.0000E+00  0.9020E-02  0.0000E+00  0.1726E-02  0.0000E+00  0.1550E+00  0.0000E+00  0.1192E+00  0.0000E+00  0.9460E-01  0.0000E+00  0.8192E-01  0.0000E+00  0.1398E-01
     -1.010  0.0000E+00  0.1977E+01  0.0000E+00  0.1544E-03  0.0000E+00  0.7594E-02  0.0000E+00  0.1698E-02  0.0000E+00  0.6009E-01  0.0000E+00  0.7954E-01  0.0000E+00  0.1010E+00  0.0000E+00  0.8085E-01  0.0000E+00  0.1171E-01
     -1.000  0.1669E-02  0.2828E+01  0.7858E-03  0.3515E-03  0.1246E-02  0.9889E-02  0.6124E-02  0.2794E-02  0.2116E+00  0.3150E-01  0.6795E-01  0.5851E-01  0.2013E+00  0.2307E+00  0.4721E+00  0.1416E+00  0.2729E-01  0.1157E-01
     -0.990  0.4765E-02  0.0000E+00  0.7827E-03  0.0000E+00  0.9705E-03  0.0000E+00  0.4312E-02  0.0000E+00  0.5395E+00  0.0000E+00  0.9553E-01  0.0000E+00  0.1531E+00  0.0000E+00  0.3672E+00  0.0000E+00  0.2715E-01  0.0000E+00
     -0.980  0.1902E-02  0.0000E+00  0.7104E-03  0.0000E+00  0.6217E-03  0.0000E+00  0.3243E-02  0.0000E+00  0.2069E+00  0.0000E+00  0.6035E-01  0.0000E+00  0.9446E-01  0.0000E+00  0.2717E+00  0.0000E+00  0.1439E-01  0.0000E+00
     -0.970  0.1926E-02  0.4104E-01  0.8277E-03  0.5849E-05  0.6134E-03  0.1169E-03  0.3202E-02  0.1271E-03  0.1709E+00  0.5249E-02  0.6132E-01  0.4688E-02  0.9034E-01  0.6975E-02  0.2705E+00  0.1433E-01  0.1218E-01  0.2802E-02
     -0.960  0.2102E-02  0.8723E-01  0.1051E-02  0.1441E-04  0.6219E-03  0.2441E-03  0.3522E-02  0.2857E-03  0.1975E+00  0.1293E-01  0.7267E-01  0.1097E-01  0.8949E-01  0.1564E-01  0.3142E+00  0.3269E-01  0.1175E-01  0.6563E-02
     -0.950  0.2166E-02  0.1136E+00  0.1102E-02  0.2444E-04  0.6057E-03  0.3094E-03  0.3305E-02  0.4028E-03  0.1693E+00  0.2061E-01  0.7413E-01  0.1696E-01  0.8516E-01  0.2262E-01  0.2911E+00  0.4722E-01  0.1068E-01  0.9922E-02
     -0.940  0.2232E-02  0.1313E+00  0.1135E-02  0.3529E-04  0.5889E-03  0.3472E-03  0.3073E-02  0.5014E-03  0.1430E+00  0.2813E-01  0.7457E-01  0.2272E-01  0.8080E-01  0.2917E-01  0.2673E+00  0.6022E-01  0.9570E-02  0.1303E-01
     -0.930  0.2504E-02  0.1352E+00  0.1232E-02  0.4542E-04  0.6001E-03  0.3482E-03  0.2905E-02  0.5558E-03  0.1149E+00  0.3549E-01  0.7683E-01  0.2808E-01  0.7916E-01  0.3247E-01  0.2477E+00  0.6817E-01  0.8215E-02  0.1567E-01
     -0.920  0.2774E-02  0.1263E+00  0.1328E-02  0.5069E-04  0.6112E-03  0.3179E-03  0.2776E-02  0.5545E-03  0.9495E-01  0.3958E-01  0.7975E-01  0.3010E-01  0.7791E-01  0.3314E-01  0.2331E+00  0.6979E-01  0.7148E-02  0.1639E-01
     -0.910  0.2966E-02  0.1157E+00  0.1412E-02  0.5413E-04  0.6159E-03  0.2840E-03  0.2690E-02  0.5416E-03  0.8371E-01  0.4237E-01  0.8325E-01  0.3078E-01  0.7661E-01  0.3362E-01  0.2241E+00  0.7013E-01  0.6505E-02  0.1643E-01
     -0.900  0.3394E-02  0.1052E+00  0.1493E-02  0.5756E-04  0.6227E-03  0.2508E-03  0.2623E-02  0.5281E-03  0.7267E-01  0.4521E-01  0.8670E-01  0.3149E-01  0.7566E-01  0.3404E-01  0.2170E+00  0.7034E-01  0.5841E-02  0.1646E-01
     -0.890  0.5613E-02  0.8896E-01  0.1594E-02  0.6194E-04  0.6402E-03  0.1921E-03  0.2679E-02  0.5419E-03  0.5959E-01  0.4946E-01  0.9365E-01  0.3236E-01  0.7747E-01  0.3795E-01  0.2227E+00  0.7796E-01  0.5176E-02  0.1705E-01
     -0.880  0.8771E-02  0.7567E-01  0.1736E-02  0.6428E-04  0.6582E-03  0.1535E-03  0.2767E-02  0.5215E-03  0.4662E-01  0.5144E-01  0.1042E+00  0.3363E-01  0.8097E-01  0.3818E-01  0.2347E+00  0.7910E-01  0.4595E-02  0.1738E-01
     -0.870  0.1313E-01  0.6590E-01  0.1841E-02  0.6583E-04  0.6411E-03  0.1309E-03  0.2773E-02  0.4842E-03  0.3675E-01  0.5218E-01  0.1155E+00  0.3477E-01  0.8437E-01  0.3649E-01  0.2476E+00  0.7579E-01  0.4250E-02  0.1735E-01
     -0.860  0.1526E-01  0.5654E-01  0.1707E-02  0.6735E-04  0.5832E-03  0.1092E-03  0.2601E-02  0.4480E-03  0.3136E-01  0.5266E-01  0.1102E+00  0.3592E-01  0.8064E-01  0.3493E-01  0.2389E+00  0.7257E-01  0.3685E-02  0.1732E-01
     -0.850  0.1697E-01  0.4250E-01  0.1550E-02  0.8037E-04  0.5142E-03  0.6930E-04  0.2475E-02  0.4207E-03  0.2570E-01  0.6531E-01  0.1037E+00  0.4103E-01  0.7527E-01  0.3607E-01  0.2321E+00  0.7208E-01  0.3357E-02  0.1829E-01
     -0.840  0.1850E-01  0.3886E-01  0.1384E-02  0.8882E-04  0.4424E-03  0.6319E-04  0.2354E-02  0.4037E-03  0.2030E-01  0.7066E-01  0.9670E-01  0.4546E-01  0.6932E-01  0.3651E-01  0.2253E+00  0.7133E-01  0.3064E-02  0.1924E-01
     -0.830  0.1994E-01  0.3502E-01  0.1213E-02  0.1063E-03  0.3700E-03  0.5822E-04  0.2230E-02  0.3910E-03  0.1524E-01  0.7922E-01  0.8941E-01  0.5579E-01  0.6312E-01  0.3753E-01  0.2180E+00  0.7201E-01  0.2759E-02  0.2169E-01
     -0.820  0.8705E-01  0.3803E-01  0.2349E-02  0.1101E-03  0.8100E-03  0.6021E-04  0.6523E-02  0.4544E-03  0.1855E-01  0.7986E-01  0.2351E+00  0.6134E-01  0.2200E+00  0.4643E-01  0.7171E+00  0.8904E-01  0.8523E-02  0.2350E-01
     -0.810  0.3066E+00  0.5246E-01  0.1920E-02  0.1115E-03  0.9707E-02  0.9837E-04  0.6654E-02  0.5662E-03  0.1691E+00  0.8411E-01  0.3608E+00  0.7260E-01  0.2169E+01  0.6013E-01  0.1182E+01  0.1187E+00  0.3670E-01  0.2501E-01
     -0.800  0.3029E+00  0.6171E-01  0.2183E-02  0.1065E-03  0.1209E-01  0.1174E-03  0.7250E-02  0.6671E-03  0.1606E+00  0.8024E-01  0.3346E+00  0.7916E-01  0.2450E+01  0.7235E-01  0.1253E+01  0.1458E+00  0.3372E-01  0.2598E-01
     -0.790  0.6475E+00  0.5055E-01  0.3812E-02  0.1038E-03  0.2927E-01  0.8115E-04  0.1726E-01  0.6274E-03  0.3159E+00  0.6665E-01  0.6535E+00  0.7933E-01  0.5614E+01  0.8286E-01  0.2873E+01  0.1394E+00  0.6464E-01  0.2448E-01
     -0.780  0.3240E+00  0.3441E-01  0.1425E-02  0.7710E-04  0.1554E-01  0.5089E-04  0.9429E-02  0.4489E-03  0.1654E+00  0.4451E-01  0.2977E+00  0.6096E-01  0.2899E+01  0.6846E-01  0.1523E+01  0.9955E-01  0.2837E-01  0.1726E-01
     -0.770  0.1565E-01  0.4087E-03  0.4770E-03  0.9442E-06  0.2347E-02  0.5670E-06  0.2787E-03  0.5349E-05  0.2606E-01  0.4846E-03  0.8099E-02  0.7608E-03  0.3350E+00  0.8700E-03  0.5635E-01  0.1166E-02  0.1276E-02  0.2109E-03
     -0.760  0.6283E-02  0.4454E-01  0.1730E-03  0.7469E-04  0.9269E-03  0.1280E-03  0.1135E-03  0.5527E-04  0.1012E-01  0.9642E-01  0.2746E-02  0.8240E-01  0.1322E+00  0.2539E-01  0.2316E-01  0.1053E-01  0.4622E-03  0.1818E-01
     -0.750  0.0000E+00  0.7106E-01  0.0000E+00  0.1628E-03  0.0000E+00  0.2018E-03  0.0000E+00  0.1950E-03  0.0000E+00  0.2385E+00  0.0000E+00  0.1552E+00  0.0000E+00  0.6800E-01  0.0000E+00  0.5072E-01  0.0000E+00  0.3390E-01
     -0.740  0.0000E+00  0.6891E-01  0.0000E+00  0.3068E-03  0.0000E+00  0.1297E-03  0.0000E+00  0.6475E-03  0.0000E+00  0.3341E+00  0.0000E+00  0.2350E+00  0.0000E+00  0.1598E+00  0.0000E+00  0.1803E+00  0.0000E+00  0.8306E-01
     -0.730  0.2684E+00  0.4972E-01  0.1053E-02  0.1628E-03  0.8607E-02  0.1327E-03  0.1194E-01  0.5231E-03  0.6118E-01  0.2521E+00  0.2790E+00  0.1400E+00  0.1718E+01  0.1102E+00  0.1500E+01  0.1882E+00  0.1271E-01  0.4102E-01
     -0.720  0.1716E+00  0.1540E-01  0.3122E-03  0.4052E-04  0.8551E-02  0.5349E-04  0.6340E-02  0.2988E-04  0.3599E-01  0.8912E-01  0.1032E+00  0.4058E-01  0.1497E+01  0.1811E-01  0.8605E+00  0.1035E-01  0.1022E-01  0.6302E-02
     -0.710  0.2346E+00  0.0000E+00  0.7863E-03  0.0000E+00  0.1509E-01  0.0000E+00  0.6714E-02  0.0000E+00  0.3192E-01  0.0000E+00  0.7467E-01  0.0000E+00  0.2437E+01  0.0000E+00  0.1038E+01  0.0000E+00  0.1454E-01  0.0000E+00
     -0.700  0.1510E+00  0.0000E+00  0.1004E-02  0.0000E+00  0.1090E-01  0.0000E+00  0.4132E-02  0.0000E+00  0.1438E-01  0.0000E+00  0.2290E-01  0.0000E+00  0.1685E+01  0.0000E+00  0.6751E+00  0.0000E+00  0.6796E-02  0.0000E+00
     -0.690  0.8177E-01  0.0000E+00  0.1019E-02  0.0000E+00  0.5978E-02  0.0000E+00  0.2766E-02  0.0000E+00  0.6703E-02  0.0000E+00  0.2570E-02  0.0000E+00  0.9062E+00  0.0000E+00  0.4190E+00  0.0000E+00  0.1189E-02  0.0000E+00
     -0.680  0.0000E+00  0.0000E+00  0.0000E+00  0.0000E+00  0.0000E+00  0.0000E+00  0.0000E+00  0.0000E+00  0.0000E+00  0.0000E+00  0.0000E+00  0.0000E+00  0.0000E+00  0.0000E+00  0.0000E+00  0.0000E+00  0.0000E+00  0.0000E+00
     -0.670  0.0000E+00  0.0000E+00  0.0000E+00  0.0000E+00  0.0000E+00  0.0000E+00  0.0000E+00  0.0000E+00  0.0000E+00  0.0000E+00  0.0000E+00  0.0000E+00  0.0000E+00  0.0000E+00  0.0000E+00  0.0000E+00  0.0000E+00  0.0000E+00
     -0.660  0.0000E+00  0.0000E+00  0.0000E+00  0.0000E+00  0.0000E+00  0.0000E+00  0.0000E+00  0.0000E+00  0.0000E+00  0.0000E+00  0.0000E+00  0.0000E+00  0.0000E+00  0.0000E+00  0.0000E+00  0.0000E+00  0.0000E+00  0.0000E+00
     -0.650  0.0000E+00  0.0000E+00  0.0000E+00  0.0000E+00  0.0000E+00  0.0000E+00  0.0000E+00  0.0000E+00  0.0000E+00  0.0000E+00  0.0000E+00  0.0000E+00  0.0000E+00  0.0000E+00  0.0000E+00  0.0000E+00  0.0000E+00  0.0000E+00
     -0.640  0.0000E+00  0.0000E+00  0.0000E+00  0.0000E+00  0.0000E+00  0.0000E+00  0.0000E+00  0.0000E+00  0.0000E+00  0.0000E+00  0.0000E+00  0.0000E+00  0.0000E+00  0.0000E+00  0.0000E+00  0.0000E+00  0.0000E+00  0.0000E+00
     -0.630  0.0000E+00  0.0000E+00  0.0000E+00  0.0000E+00  0.0000E+00  0.0000E+00  0.0000E+00  0.0000E+00  0.0000E+00  0.0000E+00  0.0000E+00  0.0000E+00  0.0000E+00  0.0000E+00  0.0000E+00  0.0000E+00  0.0000E+00  0.0000E+00
     -0.620  0.0000E+00  0.0000E+00  0.0000E+00  0.0000E+00  0.0000E+00  0.0000E+00  0.0000E+00  0.0000E+00  0.0000E+00  0.0000E+00  0.0000E+00  0.0000E+00  0.0000E+00  0.0000E+00  0.0000E+00  0.0000E+00  0.0000E+00  0.0000E+00
     -0.610  0.0000E+00  0.0000E+00  0.0000E+00  0.0000E+00  0.0000E+00  0.0000E+00  0.0000E+00  0.0000E+00  0.0000E+00  0.0000E+00  0.0000E+00  0.0000E+00  0.0000E+00  0.0000E+00  0.0000E+00  0.0000E+00  0.0000E+00  0.0000E+00
     -0.600  0.0000E+00  0.0000E+00  0.0000E+00  0.0000E+00  0.0000E+00  0.0000E+00  0.0000E+00  0.0000E+00  0.0000E+00  0.0000E+00  0.0000E+00  0.0000E+00  0.0000E+00  0.0000E+00  0.0000E+00  0.0000E+00  0.0000E+00  0.0000E+00
     -0.590  0.0000E+00  0.0000E+00  0.0000E+00  0.0000E+00  0.0000E+00  0.0000E+00  0.0000E+00  0.0000E+00  0.0000E+00  0.0000E+00  0.0000E+00  0.0000E+00  0.0000E+00  0.0000E+00  0.0000E+00  0.0000E+00  0.0000E+00  0.0000E+00
     -0.580  0.0000E+00  0.0000E+00  0.0000E+00  0.0000E+00  0.0000E+00  0.0000E+00  0.0000E+00  0.0000E+00  0.0000E+00  0.0000E+00  0.0000E+00  0.0000E+00  0.0000E+00  0.0000E+00  0.0000E+00  0.0000E+00  0.0000E+00  0.0000E+00
     -0.570  0.0000E+00  0.0000E+00  0.0000E+00  0.0000E+00  0.0000E+00  0.0000E+00  0.0000E+00  0.0000E+00  0.0000E+00  0.0000E+00  0.0000E+00  0.0000E+00  0.0000E+00  0.0000E+00  0.0000E+00  0.0000E+00  0.0000E+00  0.0000E+00
     -0.560  0.0000E+00  0.0000E+00  0.0000E+00  0.0000E+00  0.0000E+00  0.0000E+00  0.0000E+00  0.0000E+00  0.0000E+00  0.0000E+00  0.0000E+00  0.0000E+00  0.0000E+00  0.0000E+00  0.0000E+00  0.0000E+00  0.0000E+00  0.0000E+00
     -0.550  0.0000E+00  0.0000E+00  0.0000E+00  0.0000E+00  0.0000E+00  0.0000E+00  0.0000E+00  0.0000E+00  0.0000E+00  0.0000E+00  0.0000E+00  0.0000E+00  0.0000E+00  0.0000E+00  0.0000E+00  0.0000E+00  0.0000E+00  0.0000E+00
     -0.540  0.0000E+00  0.0000E+00  0.0000E+00  0.0000E+00  0.0000E+00  0.0000E+00  0.0000E+00  0.0000E+00  0.0000E+00  0.0000E+00  0.0000E+00  0.0000E+00  0.0000E+00  0.0000E+00  0.0000E+00  0.0000E+00  0.0000E+00  0.0000E+00
     -0.530  0.7113E-03  0.0000E+00  0.5643E-02  0.0000E+00  0.7791E-02  0.0000E+00  0.2739E-01  0.0000E+00  0.1132E+00  0.0000E+00  0.1231E+00  0.0000E+00  0.5071E+00  0.0000E+00  0.7210E+00  0.0000E+00  0.4176E-01  0.0000E+00
     -0.520  0.2891E-02  0.0000E+00  0.2000E-01  0.0000E+00  0.1150E-01  0.0000E+00  0.5053E-01  0.0000E+00  0.1609E+00  0.0000E+00  0.5686E+00  0.0000E+00  0.7667E+00  0.0000E+00  0.1336E+01  0.0000E+00  0.1208E+00  0.0000E+00
     -0.510  0.3911E-02  0.0000E+00  0.3317E-01  0.0000E+00  0.1162E-01  0.0000E+00  0.5490E-01  0.0000E+00  0.1602E+00  0.0000E+00  0.9623E+00  0.0000E+00  0.7697E+00  0.0000E+00  0.1449E+01  0.0000E+00  0.1583E+00  0.0000E+00
     -0.500  0.4704E-02  0.0000E+00  0.4105E-01  0.0000E+00  0.1074E-01  0.0000E+00  0.5965E-01  0.0000E+00  0.1423E+00  0.0000E+00  0.1204E+01  0.0000E+00  0.7235E+00  0.0000E+00  0.1569E+01  0.0000E+00  0.1957E+00  0.0000E+00
     -0.490  0.3136E-02  0.0000E+00  0.3169E-01  0.0000E+00  0.7686E-02  0.0000E+00  0.3662E-01  0.0000E+00  0.1012E+00  0.0000E+00  0.8918E+00  0.0000E+00  0.4912E+00  0.0000E+00  0.9490E+00  0.0000E+00  0.1202E+00  0.0000E+00
     -0.480  0.2580E-02  0.0000E+00  0.2215E-01  0.0000E+00  0.5339E-02  0.0000E+00  0.2974E-01  0.0000E+00  0.6722E-01  0.0000E+00  0.6302E+00  0.0000E+00  0.3493E+00  0.0000E+00  0.7650E+00  0.0000E+00  0.9844E-01  0.0000E+00
     -0.470  0.1605E-02  0.0000E+00  0.1546E-01  0.0000E+00  0.3414E-02  0.0000E+00  0.1759E-01  0.0000E+00  0.4183E-01  0.0000E+00  0.4166E+00  0.0000E+00  0.2125E+00  0.0000E+00  0.4384E+00  0.0000E+00  0.5862E-01  0.0000E+00
     -0.460  0.1483E-02  0.0000E+00  0.1418E-01  0.0000E+00  0.3095E-02  0.0000E+00  0.1629E-01  0.0000E+00  0.3742E-01  0.0000E+00  0.3804E+00  0.0000E+00  0.1922E+00  0.0000E+00  0.4035E+00  0.0000E+00  0.5439E-01  0.0000E+00
     -0.450  0.1359E-02  0.0000E+00  0.1286E-01  0.0000E+00  0.2784E-02  0.0000E+00  0.1499E-01  0.0000E+00  0.3315E-01  0.0000E+00  0.3434E+00  0.0000E+00  0.1726E+00  0.0000E+00  0.3688E+00  0.0000E+00  0.5004E-01  0.0000E+00
     -0.440  0.1232E-02  0.2279E-02  0.1152E-01  0.1678E-04  0.2483E-02  0.1566E-03  0.1369E-01  0.1693E-03  0.2904E-01  0.9461E+02  0.3058E+00  0.3682E+01  0.1536E+00  0.5687E+00  0.3343E+00  0.5616E+01  0.4559E-01  0.1942E+01
     -0.430  0.1102E-02  0.2228E-02  0.1014E-01  0.4503E-05  0.2191E-02  0.7879E-04  0.1240E-01  0.7517E-04  0.2506E-01  0.4019E+02  0.2675E+00  0.1456E+01  0.1352E+00  0.2046E+00  0.3001E+00  0.2179E+01  0.4102E-01  0.7596E+00
     -0.420  0.1350E-02  0.0000E+00  0.1457E-01  0.0000E+00  0.2174E-02  0.0000E+00  0.1337E-01  0.0000E+00  0.2408E-01  0.0000E+00  0.3735E+00  0.0000E+00  0.1285E+00  0.0000E+00  0.3196E+00  0.0000E+00  0.5231E-01  0.0000E+00
     -0.410  0.1180E-02  0.0000E+00  0.1435E-01  0.0000E+00  0.1513E-02  0.0000E+00  0.1062E-01  0.0000E+00  0.1702E-01  0.0000E+00  0.3652E+00  0.0000E+00  0.8625E-01  0.0000E+00  0.2524E+00  0.0000E+00  0.4852E-01  0.0000E+00
     -0.400  0.5772E-03  0.0000E+00  0.7369E-02  0.0000E+00  0.6524E-03  0.0000E+00  0.4914E-02  0.0000E+00  0.7437E-02  0.0000E+00  0.1873E+00  0.0000E+00  0.3647E-01  0.0000E+00  0.1172E+00  0.0000E+00  0.2429E-01  0.0000E+00
     -0.390  0.0000E+00  0.0000E+00  0.0000E+00  0.0000E+00  0.0000E+00  0.0000E+00  0.0000E+00  0.0000E+00  0.0000E+00  0.0000E+00  0.0000E+00  0.0000E+00  0.0000E+00  0.0000E+00  0.0000E+00  0.0000E+00  0.0000E+00  0.0000E+00
     -0.380  0.0000E+00  0.0000E+00  0.0000E+00  0.0000E+00  0.0000E+00  0.0000E+00  0.0000E+00  0.0000E+00  0.0000E+00  0.0000E+00  0.0000E+00  0.0000E+00  0.0000E+00  0.0000E+00  0.0000E+00  0.0000E+00  0.0000E+00  0.0000E+00
     -0.370  0.0000E+00  0.0000E+00  0.0000E+00  0.0000E+00  0.0000E+00  0.0000E+00  0.0000E+00  0.0000E+00  0.0000E+00  0.0000E+00  0.0000E+00  0.0000E+00  0.0000E+00  0.0000E+00  0.0000E+00  0.0000E+00  0.0000E+00  0.0000E+00
     -0.359  0.6449E-03  0.0000E+00  0.1334E-01  0.0000E+00  0.1932E-02  0.0000E+00  0.1075E-01  0.0000E+00  0.1821E-01  0.0000E+00  0.3055E+00  0.0000E+00  0.9775E-01  0.0000E+00  0.2322E+00  0.0000E+00  0.4061E-01  0.0000E+00
     -0.349  0.1022E-02  0.0000E+00  0.2069E-01  0.0000E+00  0.3220E-02  0.0000E+00  0.1728E-01  0.0000E+00  0.2999E-01  0.0000E+00  0.4679E+00  0.0000E+00  0.1621E+00  0.0000E+00  0.3702E+00  0.0000E+00  0.6277E-01  0.0000E+00
     -0.339  0.1281E-02  0.0000E+00  0.2540E-01  0.0000E+00  0.3762E-02  0.0000E+00  0.2051E-01  0.0000E+00  0.3478E-01  0.0000E+00  0.5705E+00  0.0000E+00  0.1863E+00  0.0000E+00  0.4381E+00  0.0000E+00  0.7665E-01  0.0000E+00
     -0.329  0.1700E-02  0.0000E+00  0.3077E-01  0.0000E+00  0.2942E-02  0.0000E+00  0.1917E-01  0.0000E+00  0.2743E-01  0.0000E+00  0.6820E+00  0.0000E+00  0.1308E+00  0.0000E+00  0.4080E+00  0.0000E+00  0.9069E-01  0.0000E+00
     -0.319  0.2149E-02  0.0000E+00  0.3786E-01  0.0000E+00  0.3676E-02  0.0000E+00  0.2123E-01  0.0000E+00  0.3420E-01  0.0000E+00  0.8212E+00  0.0000E+00  0.1549E+00  0.0000E+00  0.4467E+00  0.0000E+00  0.1047E+00  0.0000E+00
     -0.309  0.2199E-02  0.0000E+00  0.3721E-01  0.0000E+00  0.4182E-02  0.0000E+00  0.2028E-01  0.0000E+00  0.3816E-01  0.0000E+00  0.7888E+00  0.0000E+00  0.1723E+00  0.0000E+00  0.4199E+00  0.0000E+00  0.9678E-01  0.0000E+00
     -0.299  0.2204E-02  0.0000E+00  0.3527E-01  0.0000E+00  0.4429E-02  0.0000E+00  0.1918E-01  0.0000E+00  0.3953E-01  0.0000E+00  0.7327E+00  0.0000E+00  0.1788E+00  0.0000E+00  0.3912E+00  0.0000E+00  0.8825E-01  0.0000E+00
     -0.289  0.2186E-02  0.1903E-03  0.3240E-01  0.8690E-05  0.4639E-02  0.1597E-05  0.1774E-01  0.2031E-05  0.4025E-01  0.2380E-01  0.6568E+00  0.7625E-02  0.1834E+00  0.4218E-02  0.3554E+00  0.5751E-02  0.7741E-01  0.9270E-02
     -0.279  0.2432E-02  0.3000E-02  0.3100E-01  0.1103E-03  0.5543E-02  0.2143E-04  0.2341E-01  0.2780E-04  0.4566E-01  0.2902E+00  0.6160E+00  0.9298E-01  0.2261E+00  0.5199E-01  0.4552E+00  0.7822E-01  0.8301E-01  0.1158E+00
     -0.269  0.3121E-02  0.3351E-02  0.3761E-01  0.1643E-03  0.7389E-02  0.3353E-04  0.3057E-01  0.4091E-04  0.5914E-01  0.3025E+00  0.7333E+00  0.1475E+00  0.2984E+00  0.5818E-01  0.5852E+00  0.9538E-01  0.1014E+00  0.1877E+00
     -0.259  0.3390E-02  0.3222E-02  0.4095E-01  0.1626E-03  0.8130E-02  0.4321E-04  0.2172E-01  0.4241E-04  0.6430E-01  0.2409E+00  0.7632E+00  0.1415E+00  0.2989E+00  0.4898E-01  0.4060E+00  0.9051E-01  0.8003E-01  0.1860E+00
     -0.249  0.3601E-02  0.3002E-02  0.4366E-01  0.1381E-03  0.8825E-02  0.4247E-04  0.1801E-01  0.3737E-04  0.6937E-01  0.1818E+00  0.7948E+00  0.1161E+00  0.3117E+00  0.4047E-01  0.3310E+00  0.7708E-01  0.7107E-01  0.1568E+00
     -0.239  0.3995E-02  0.2826E-02  0.4560E-01  0.1032E-03  0.9298E-02  0.3634E-04  0.1449E-01  0.2985E-04  0.7167E-01  0.1226E+00  0.8119E+00  0.8266E-01  0.3124E+00  0.3122E-01  0.2605E+00  0.6037E-01  0.6405E-01  0.1148E+00
     -0.229  0.5029E-02  0.2888E-02  0.4609E-01  0.8563E-04  0.9809E-02  0.3579E-04  0.1170E-01  0.2564E-04  0.7137E-01  0.9364E-01  0.7998E+00  0.6621E-01  0.3081E+00  0.2935E-01  0.2025E+00  0.5180E-01  0.5831E-01  0.9507E-01
     -0.219  0.0000E+00  0.2885E-02  0.0000E+00  0.8004E-04  0.0000E+00  0.3868E-04  0.0000E+00  0.2451E-04  0.0000E+00  0.7207E-01  0.0000E+00  0.6223E-01  0.0000E+00  0.2814E-01  0.0000E+00  0.4684E-01  0.0000E+00  0.9067E-01
     -0.209  0.0000E+00  0.3027E-02  0.0000E+00  0.7724E-04  0.0000E+00  0.3976E-04  0.0000E+00  0.2393E-04  0.0000E+00  0.6622E-01  0.0000E+00  0.5927E-01  0.0000E+00  0.2862E-01  0.0000E+00  0.4564E-01  0.0000E+00  0.8745E-01
     -0.199  0.0000E+00  0.3163E-02  0.0000E+00  0.7437E-04  0.0000E+00  0.4073E-04  0.0000E+00  0.2335E-04  0.0000E+00  0.6064E-01  0.0000E+00  0.5628E-01  0.0000E+00  0.2906E-01  0.0000E+00  0.4447E-01  0.0000E+00  0.8410E-01
     -0.189  0.0000E+00  0.3786E-02  0.0000E+00  0.6524E-04  0.0000E+00  0.4653E-04  0.0000E+00  0.2105E-04  0.0000E+00  0.5503E-01  0.0000E+00  0.4795E-01  0.0000E+00  0.3273E-01  0.0000E+00  0.4114E-01  0.0000E+00  0.7278E-01
     -0.179  0.0000E+00  0.5395E-02  0.0000E+00  0.6746E-04  0.0000E+00  0.7208E-04  0.0000E+00  0.2166E-04  0.0000E+00  0.5195E-01  0.0000E+00  0.5006E-01  0.0000E+00  0.4384E-01  0.0000E+00  0.4102E-01  0.0000E+00  0.7945E-01
     -0.169  0.0000E+00  0.5748E-02  0.0000E+00  0.6430E-04  0.0000E+00  0.7460E-04  0.0000E+00  0.2072E-04  0.0000E+00  0.4794E-01  0.0000E+00  0.4741E-01  0.0000E+00  0.4545E-01  0.0000E+00  0.3912E-01  0.0000E+00  0.7538E-01
     -0.159  0.0000E+00  0.5777E-02  0.0000E+00  0.5927E-04  0.0000E+00  0.6961E-04  0.0000E+00  0.1903E-04  0.0000E+00  0.4278E-01  0.0000E+00  0.4275E-01  0.0000E+00  0.4422E-01  0.0000E+00  0.3640E-01  0.0000E+00  0.6737E-01
     -0.149  0.0000E+00  0.5778E-02  0.0000E+00  0.5462E-04  0.0000E+00  0.6400E-04  0.0000E+00  0.1727E-04  0.0000E+00  0.3741E-01  0.0000E+00  0.3838E-01  0.0000E+00  0.4272E-01  0.0000E+00  0.3352E-01  0.0000E+00  0.5991E-01
     -0.139  0.0000E+00  0.5985E-02  0.0000E+00  0.5230E-04  0.0000E+00  0.6306E-04  0.0000E+00  0.1675E-04  0.0000E+00  0.3364E-01  0.0000E+00  0.3597E-01  0.0000E+00  0.4319E-01  0.0000E+00  0.3228E-01  0.0000E+00  0.5563E-01
     -0.129  0.0000E+00  0.6311E-02  0.0000E+00  0.5148E-04  0.0000E+00  0.6384E-04  0.0000E+00  0.1693E-04  0.0000E+00  0.3089E-01  0.0000E+00  0.3460E-01  0.0000E+00  0.4470E-01  0.0000E+00  0.3211E-01  0.0000E+00  0.5299E-01
     -0.119  0.0000E+00  0.6661E-02  0.0000E+00  0.5132E-04  0.0000E+00  0.6396E-04  0.0000E+00  0.1726E-04  0.0000E+00  0.2843E-01  0.0000E+00  0.3356E-01  0.0000E+00  0.4630E-01  0.0000E+00  0.3231E-01  0.0000E+00  0.5080E-01
     -0.109  0.0000E+00  0.2518E-02  0.0000E+00  0.1786E-04  0.0000E+00  0.2464E-04  0.0000E+00  0.5173E-05  0.0000E+00  0.8600E-02  0.0000E+00  0.1211E-01  0.0000E+00  0.1690E-01  0.0000E+00  0.9818E-02  0.0000E+00  0.1859E-01
     -0.099  0.0000E+00  0.0000E+00  0.0000E+00  0.0000E+00  0.0000E+00  0.0000E+00  0.0000E+00  0.0000E+00  0.0000E+00  0.0000E+00  0.0000E+00  0.0000E+00  0.0000E+00  0.0000E+00  0.0000E+00  0.0000E+00  0.0000E+00  0.0000E+00
     -0.089  0.0000E+00  0.0000E+00  0.0000E+00  0.0000E+00  0.0000E+00  0.0000E+00  0.0000E+00  0.0000E+00  0.0000E+00  0.0000E+00  0.0000E+00  0.0000E+00  0.0000E+00  0.0000E+00  0.0000E+00  0.0000E+00  0.0000E+00  0.0000E+00
     -0.079  0.0000E+00  0.0000E+00  0.0000E+00  0.0000E+00  0.0000E+00  0.0000E+00  0.0000E+00  0.0000E+00  0.0000E+00  0.0000E+00  0.0000E+00  0.0000E+00  0.0000E+00  0.0000E+00  0.0000E+00  0.0000E+00  0.0000E+00  0.0000E+00
     -0.069  0.0000E+00  0.0000E+00  0.0000E+00  0.0000E+00  0.0000E+00  0.0000E+00  0.0000E+00  0.0000E+00  0.0000E+00  0.0000E+00  0.0000E+00  0.0000E+00  0.0000E+00  0.0000E+00  0.0000E+00  0.0000E+00  0.0000E+00  0.0000E+00
     -0.059  0.0000E+00  0.0000E+00  0.0000E+00  0.0000E+00  0.0000E+00  0.0000E+00  0.0000E+00  0.0000E+00  0.0000E+00  0.0000E+00  0.0000E+00  0.0000E+00  0.0000E+00  0.0000E+00  0.0000E+00  0.0000E+00  0.0000E+00  0.0000E+00
     -0.049  0.1347E-02  0.0000E+00  0.2188E-02  0.0000E+00  0.1066E-02  0.0000E+00  0.4561E-03  0.0000E+00  0.2603E-02  0.0000E+00  0.2698E-01  0.0000E+00  0.1765E-01  0.0000E+00  0.7220E-02  0.0000E+00  0.1959E-02  0.0000E+00
     -0.039  0.3900E-02  0.0000E+00  0.6533E-02  0.0000E+00  0.3142E-02  0.0000E+00  0.1379E-02  0.0000E+00  0.7677E-02  0.0000E+00  0.8036E-01  0.0000E+00  0.5227E-01  0.0000E+00  0.2177E-01  0.0000E+00  0.5873E-02  0.0000E+00
     -0.029  0.9226E-02  0.0000E+00  0.1608E-01  0.0000E+00  0.7494E-02  0.0000E+00  0.3846E-02  0.0000E+00  0.1838E-01  0.0000E+00  0.1966E+00  0.0000E+00  0.1264E+00  0.0000E+00  0.5960E-01  0.0000E+00  0.1554E-01  0.0000E+00
     -0.019  0.5632E-02  0.0000E+00  0.1267E-01  0.0000E+00  0.5602E-02  0.0000E+00  0.2735E-02  0.0000E+00  0.1379E-01  0.0000E+00  0.1520E+00  0.0000E+00  0.9610E-01  0.0000E+00  0.4177E-01  0.0000E+00  0.1134E-01  0.0000E+00
     -0.009  0.6235E-02  0.0000E+00  0.1513E-01  0.0000E+00  0.6309E-02  0.0000E+00  0.2735E-02  0.0000E+00  0.1637E-01  0.0000E+00  0.1802E+00  0.0000E+00  0.1057E+00  0.0000E+00  0.4144E-01  0.0000E+00  0.1413E-01  0.0000E+00
     0.001  0.7252E-02  0.4915E+02  0.1854E-01  0.1435E-01  0.7357E-02  0.3506E+00  0.2783E-02  0.5731E-01  0.2006E-01  0.4175E+01  0.2192E+00  0.1517E+02  0.1197E+00  0.1550E+03  0.4181E-01  0.5436E+02  0.1804E-01  0.5812E+01
     0.011  0.6832E-02  0.8620E+00  0.1826E-01  0.2581E-03  0.7036E-02  0.6113E-02  0.2600E-02  0.1071E-02  0.1956E-01  0.8341E-01  0.2140E+00  0.2627E+00  0.1132E+00  0.2681E+01  0.3859E-01  0.1010E+01  0.1824E-01  0.9613E-01
     0.021  0.5025E-02  0.0000E+00  0.1452E-01  0.0000E+00  0.5450E-02  0.0000E+00  0.2276E-02  0.0000E+00  0.1508E-01  0.0000E+00  0.1672E+00  0.0000E+00  0.8786E-01  0.0000E+00  0.3285E-01  0.0000E+00  0.1491E-01  0.0000E+00
     0.031  0.4119E-02  0.0000E+00  0.1259E-01  0.0000E+00  0.4685E-02  0.0000E+00  0.2181E-02  0.0000E+00  0.1283E-01  0.0000E+00  0.1432E+00  0.0000E+00  0.7616E-01  0.0000E+00  0.3100E-01  0.0000E+00  0.1307E-01  0.0000E+00
     0.041  0.3746E-02  0.0000E+00  0.1175E-01  0.0000E+00  0.4331E-02  0.0000E+00  0.2138E-02  0.0000E+00  0.1191E-01  0.0000E+00  0.1326E+00  0.0000E+00  0.7035E-01  0.0000E+00  0.3000E-01  0.0000E+00  0.1240E-01  0.0000E+00
     0.051  0.5825E-02  0.0000E+00  0.1949E-01  0.0000E+00  0.7271E-02  0.0000E+00  0.3349E-02  0.0000E+00  0.1955E-01  0.0000E+00  0.2166E+00  0.0000E+00  0.1166E+00  0.0000E+00  0.4675E-01  0.0000E+00  0.2013E-01  0.0000E+00
     0.061  0.3854E-02  0.0000E+00  0.1303E-01  0.0000E+00  0.4863E-02  0.0000E+00  0.2664E-02  0.0000E+00  0.1294E-01  0.0000E+00  0.1438E+00  0.0000E+00  0.7866E-01  0.0000E+00  0.3636E-01  0.0000E+00  0.1381E-01  0.0000E+00
     0.071  0.2319E-02  0.0000E+00  0.8003E-02  0.0000E+00  0.2966E-02  0.0000E+00  0.2040E-02  0.0000E+00  0.7830E-02  0.0000E+00  0.8719E-01  0.0000E+00  0.4864E-01  0.0000E+00  0.2708E-01  0.0000E+00  0.8856E-02  0.0000E+00
     0.081  0.2124E-02  0.0000E+00  0.7821E-02  0.0000E+00  0.2849E-02  0.0000E+00  0.2217E-02  0.0000E+00  0.7590E-02  0.0000E+00  0.8406E-01  0.0000E+00  0.4708E-01  0.0000E+00  0.2876E-01  0.0000E+00  0.8912E-02  0.0000E+00
     0.091  0.1852E-02  0.0000E+00  0.7076E-02  0.0000E+00  0.2571E-02  0.0000E+00  0.2193E-02  0.0000E+00  0.6753E-02  0.0000E+00  0.7549E-01  0.0000E+00  0.4278E-01  0.0000E+00  0.2813E-01  0.0000E+00  0.8175E-02  0.0000E+00
     0.101  0.1578E-02  0.0000E+00  0.6268E-02  0.0000E+00  0.2283E-02  0.0000E+00  0.2138E-02  0.0000E+00  0.5842E-02  0.0000E+00  0.6637E-01  0.0000E+00  0.3828E-01  0.0000E+00  0.2717E-01  0.0000E+00  0.7324E-02  0.0000E+00
     0.111  0.1316E-02  0.0000E+00  0.5484E-02  0.0000E+00  0.2013E-02  0.0000E+00  0.2082E-02  0.0000E+00  0.4947E-02  0.0000E+00  0.5755E-01  0.0000E+00  0.3403E-01  0.0000E+00  0.2624E-01  0.0000E+00  0.6475E-02  0.0000E+00
     0.121  0.5278E-03  0.0000E+00  0.2209E-02  0.0000E+00  0.8176E-03  0.0000E+00  0.8374E-03  0.0000E+00  0.2023E-02  0.0000E+00  0.2304E-01  0.0000E+00  0.1367E-01  0.0000E+00  0.1045E-01  0.0000E+00  0.2648E-02  0.0000E+00
     0.131  0.0000E+00  0.0000E+00  0.0000E+00  0.0000E+00  0.0000E+00  0.0000E+00  0.0000E+00  0.0000E+00  0.0000E+00  0.0000E+00  0.0000E+00  0.0000E+00  0.0000E+00  0.0000E+00  0.0000E+00  0.0000E+00  0.0000E+00  0.0000E+00
     0.141  0.0000E+00  0.0000E+00  0.0000E+00  0.0000E+00  0.0000E+00  0.0000E+00  0.0000E+00  0.0000E+00  0.0000E+00  0.0000E+00  0.0000E+00  0.0000E+00  0.0000E+00  0.0000E+00  0.0000E+00  0.0000E+00  0.0000E+00  0.0000E+00
     0.151  0.0000E+00  0.0000E+00  0.0000E+00  0.0000E+00  0.0000E+00  0.0000E+00  0.0000E+00  0.0000E+00  0.0000E+00  0.0000E+00  0.0000E+00  0.0000E+00  0.0000E+00  0.0000E+00  0.0000E+00  0.0000E+00  0.0000E+00  0.0000E+00
     0.161  0.0000E+00  0.0000E+00  0.0000E+00  0.0000E+00  0.0000E+00  0.0000E+00  0.0000E+00  0.0000E+00  0.0000E+00  0.0000E+00  0.0000E+00  0.0000E+00  0.0000E+00  0.0000E+00  0.0000E+00  0.0000E+00  0.0000E+00  0.0000E+00
     0.171  0.0000E+00  0.0000E+00  0.0000E+00  0.0000E+00  0.0000E+00  0.0000E+00  0.0000E+00  0.0000E+00  0.0000E+00  0.0000E+00  0.0000E+00  0.0000E+00  0.0000E+00  0.0000E+00  0.0000E+00  0.0000E+00  0.0000E+00  0.0000E+00
     0.181  0.0000E+00  0.0000E+00  0.0000E+00  0.0000E+00  0.0000E+00  0.0000E+00  0.0000E+00  0.0000E+00  0.0000E+00  0.0000E+00  0.0000E+00  0.0000E+00  0.0000E+00  0.0000E+00  0.0000E+00  0.0000E+00  0.0000E+00  0.0000E+00
     0.191  0.0000E+00  0.0000E+00  0.0000E+00  0.0000E+00  0.0000E+00  0.0000E+00  0.0000E+00  0.0000E+00  0.0000E+00  0.0000E+00  0.0000E+00  0.0000E+00  0.0000E+00  0.0000E+00  0.0000E+00  0.0000E+00  0.0000E+00  0.0000E+00
     0.201  0.0000E+00  0.0000E+00  0.0000E+00  0.0000E+00  0.0000E+00  0.0000E+00  0.0000E+00  0.0000E+00  0.0000E+00  0.0000E+00  0.0000E+00  0.0000E+00  0.0000E+00  0.0000E+00  0.0000E+00  0.0000E+00  0.0000E+00  0.0000E+00
     0.211  0.0000E+00  0.0000E+00  0.0000E+00  0.0000E+00  0.0000E+00  0.0000E+00  0.0000E+00  0.0000E+00  0.0000E+00  0.0000E+00  0.0000E+00  0.0000E+00  0.0000E+00  0.0000E+00  0.0000E+00  0.0000E+00  0.0000E+00  0.0000E+00
     0.221  0.0000E+00  0.0000E+00  0.0000E+00  0.0000E+00  0.0000E+00  0.0000E+00  0.0000E+00  0.0000E+00  0.0000E+00  0.0000E+00  0.0000E+00  0.0000E+00  0.0000E+00  0.0000E+00  0.0000E+00  0.0000E+00  0.0000E+00  0.0000E+00
     0.231  0.0000E+00  0.0000E+00  0.0000E+00  0.0000E+00  0.0000E+00  0.0000E+00  0.0000E+00  0.0000E+00  0.0000E+00  0.0000E+00  0.0000E+00  0.0000E+00  0.0000E+00  0.0000E+00  0.0000E+00  0.0000E+00  0.0000E+00  0.0000E+00
     0.241  0.0000E+00  0.0000E+00  0.0000E+00  0.0000E+00  0.0000E+00  0.0000E+00  0.0000E+00  0.0000E+00  0.0000E+00  0.0000E+00  0.0000E+00  0.0000E+00  0.0000E+00  0.0000E+00  0.0000E+00  0.0000E+00  0.0000E+00  0.0000E+00
     0.251  0.0000E+00  0.1244E+00  0.0000E+00  0.1676E-03  0.0000E+00  0.1401E-02  0.0000E+00  0.8604E-03  0.0000E+00  0.4746E+00  0.0000E+00  0.1959E+01  0.0000E+00  0.6196E+00  0.0000E+00  0.9502E+00  0.0000E+00  0.2673E+02
     0.261  0.0000E+00  0.2479E+00  0.0000E+00  0.9575E-04  0.0000E+00  0.2607E-02  0.0000E+00  0.7587E-03  0.0000E+00  0.9329E+00  0.0000E+00  0.5512E+01  0.0000E+00  0.9952E+00  0.0000E+00  0.1690E+01  0.0000E+00  0.6549E+02
     0.271  0.0000E+00  0.3599E-01  0.0000E+00  0.4287E-04  0.0000E+00  0.2885E-03  0.0000E+00  0.5935E-04  0.0000E+00  0.1181E+00  0.0000E+00  0.9552E+00  0.0000E+00  0.1075E+00  0.0000E+00  0.2180E+00  0.0000E+00  0.9964E+01
     0.281  0.0000E+00  0.0000E+00  0.0000E+00  0.0000E+00  0.0000E+00  0.0000E+00  0.0000E+00  0.0000E+00  0.0000E+00  0.0000E+00  0.0000E+00  0.0000E+00  0.0000E+00  0.0000E+00  0.0000E+00  0.0000E+00  0.0000E+00  0.0000E+00
     0.291  0.0000E+00  0.0000E+00  0.0000E+00  0.0000E+00  0.0000E+00  0.0000E+00  0.0000E+00  0.0000E+00  0.0000E+00  0.0000E+00  0.0000E+00  0.0000E+00  0.0000E+00  0.0000E+00  0.0000E+00  0.0000E+00  0.0000E+00  0.0000E+00
     0.301  0.0000E+00  0.0000E+00  0.0000E+00  0.0000E+00  0.0000E+00  0.0000E+00  0.0000E+00  0.0000E+00  0.0000E+00  0.0000E+00  0.0000E+00  0.0000E+00  0.0000E+00  0.0000E+00  0.0000E+00  0.0000E+00  0.0000E+00  0.0000E+00
     0.311  0.0000E+00  0.0000E+00  0.0000E+00  0.0000E+00  0.0000E+00  0.0000E+00  0.0000E+00  0.0000E+00  0.0000E+00  0.0000E+00  0.0000E+00  0.0000E+00  0.0000E+00  0.0000E+00  0.0000E+00  0.0000E+00  0.0000E+00  0.0000E+00
     0.321  0.0000E+00  0.0000E+00  0.0000E+00  0.0000E+00  0.0000E+00  0.0000E+00  0.0000E+00  0.0000E+00  0.0000E+00  0.0000E+00  0.0000E+00  0.0000E+00  0.0000E+00  0.0000E+00  0.0000E+00  0.0000E+00  0.0000E+00  0.0000E+00
     0.331  0.0000E+00  0.0000E+00  0.0000E+00  0.0000E+00  0.0000E+00  0.0000E+00  0.0000E+00  0.0000E+00  0.0000E+00  0.0000E+00  0.0000E+00  0.0000E+00  0.0000E+00  0.0000E+00  0.0000E+00  0.0000E+00  0.0000E+00  0.0000E+00
     0.341  0.0000E+00  0.0000E+00  0.0000E+00  0.0000E+00  0.0000E+00  0.0000E+00  0.0000E+00  0.0000E+00  0.0000E+00  0.0000E+00  0.0000E+00  0.0000E+00  0.0000E+00  0.0000E+00  0.0000E+00  0.0000E+00  0.0000E+00  0.0000E+00
     0.351  0.0000E+00  0.0000E+00  0.0000E+00  0.0000E+00  0.0000E+00  0.0000E+00  0.0000E+00  0.0000E+00  0.0000E+00  0.0000E+00  0.0000E+00  0.0000E+00  0.0000E+00  0.0000E+00  0.0000E+00  0.0000E+00  0.0000E+00  0.0000E+00
     0.361  0.0000E+00  0.0000E+00  0.0000E+00  0.0000E+00  0.0000E+00  0.0000E+00  0.0000E+00  0.0000E+00  0.0000E+00  0.0000E+00  0.0000E+00  0.0000E+00  0.0000E+00  0.0000E+00  0.0000E+00  0.0000E+00  0.0000E+00  0.0000E+00
     0.371  0.0000E+00  0.0000E+00  0.0000E+00  0.0000E+00  0.0000E+00  0.0000E+00  0.0000E+00  0.0000E+00  0.0000E+00  0.0000E+00  0.0000E+00  0.0000E+00  0.0000E+00  0.0000E+00  0.0000E+00  0.0000E+00  0.0000E+00  0.0000E+00
     0.381  0.0000E+00  0.7440E-03  0.0000E+00  0.9898E-04  0.0000E+00  0.1747E-03  0.0000E+00  0.2265E-02  0.0000E+00  0.7586E-02  0.0000E+00  0.1937E-01  0.0000E+00  0.7146E-01  0.0000E+00  0.3251E+00  0.0000E+00  0.1252E+00
     0.391  0.0000E+00  0.1660E-02  0.0000E+00  0.2615E-03  0.0000E+00  0.4660E-03  0.0000E+00  0.5692E-02  0.0000E+00  0.2024E-01  0.0000E+00  0.4785E-01  0.0000E+00  0.1804E+00  0.0000E+00  0.8102E+00  0.0000E+00  0.2777E+00
     0.401  0.0000E+00  0.1799E-02  0.0000E+00  0.2937E-03  0.0000E+00  0.5768E-03  0.0000E+00  0.6831E-02  0.0000E+00  0.2585E-01  0.0000E+00  0.4649E-01  0.0000E+00  0.2101E+00  0.0000E+00  0.9415E+00  0.0000E+00  0.2598E+00
     0.411  0.0000E+00  0.2024E-02  0.0000E+00  0.3358E-03  0.0000E+00  0.6961E-03  0.0000E+00  0.8105E-02  0.0000E+00  0.3161E-01  0.0000E+00  0.4798E-01  0.0000E+00  0.2448E+00  0.0000E+00  0.1094E+01  0.0000E+00  0.2650E+00
     0.421  0.0000E+00  0.1718E-02  0.0000E+00  0.3601E-03  0.0000E+00  0.6627E-03  0.0000E+00  0.6680E-02  0.0000E+00  0.2693E-01  0.0000E+00  0.4470E-01  0.0000E+00  0.2072E+00  0.0000E+00  0.8807E+00  0.0000E+00  0.2098E+00
     0.431  0.0000E+00  0.1604E-02  0.0000E+00  0.3931E-03  0.0000E+00  0.6804E-03  0.0000E+00  0.6123E-02  0.0000E+00  0.2547E-01  0.0000E+00  0.4335E-01  0.0000E+00  0.1927E+00  0.0000E+00  0.7831E+00  0.0000E+00  0.1773E+00
     0.441  0.0000E+00  0.1935E-02  0.0000E+00  0.4422E-03  0.0000E+00  0.8036E-03  0.0000E+00  0.7395E-02  0.0000E+00  0.3072E-01  0.0000E+00  0.4584E-01  0.0000E+00  0.2249E+00  0.0000E+00  0.9226E+00  0.0000E+00  0.1885E+00
     0.451  0.0000E+00  0.2203E-02  0.0000E+00  0.5304E-03  0.0000E+00  0.1049E-02  0.0000E+00  0.9211E-02  0.0000E+00  0.3942E-01  0.0000E+00  0.4830E-01  0.0000E+00  0.2776E+00  0.0000E+00  0.1110E+01  0.0000E+00  0.1987E+00
     0.461  0.0000E+00  0.2370E-02  0.0000E+00  0.6322E-03  0.0000E+00  0.1304E-02  0.0000E+00  0.1087E-01  0.0000E+00  0.4762E-01  0.0000E+00  0.5254E-01  0.0000E+00  0.3285E+00  0.0000E+00  0.1277E+01  0.0000E+00  0.2103E+00
     0.471  0.0000E+00  0.2460E-02  0.0000E+00  0.7230E-03  0.0000E+00  0.1533E-02  0.0000E+00  0.1228E-01  0.0000E+00  0.5460E-01  0.0000E+00  0.5639E-01  0.0000E+00  0.3714E+00  0.0000E+00  0.1410E+01  0.0000E+00  0.2181E+00
     0.481  0.0000E+00  0.2543E-02  0.0000E+00  0.8006E-03  0.0000E+00  0.1834E-02  0.0000E+00  0.1476E-01  0.0000E+00  0.6503E-01  0.0000E+00  0.5997E-01  0.0000E+00  0.4338E+00  0.0000E+00  0.1639E+01  0.0000E+00  0.2326E+00
     0.491  0.0000E+00  0.2794E-02  0.0000E+00  0.8865E-03  0.0000E+00  0.2160E-02  0.0000E+00  0.1767E-01  0.0000E+00  0.7712E-01  0.0000E+00  0.6446E-01  0.0000E+00  0.5080E+00  0.0000E+00  0.1927E+01  0.0000E+00  0.2587E+00
     0.501  0.0000E+00  0.3051E-02  0.0000E+00  0.1406E-02  0.0000E+00  0.3594E-02  0.0000E+00  0.2637E-01  0.0000E+00  0.1208E+00  0.0000E+00  0.8132E-01  0.0000E+00  0.7811E+00  0.0000E+00  0.2769E+01  0.0000E+00  0.3213E+00
     0.511  0.0000E+00  0.2486E-02  0.0000E+00  0.9682E-03  0.0000E+00  0.2146E-02  0.0000E+00  0.1684E-01  0.0000E+00  0.7351E-01  0.0000E+00  0.5965E-01  0.0000E+00  0.4703E+00  0.0000E+00  0.1723E+01  0.0000E+00  0.2059E+00
     0.521  0.2118E-03  0.2067E-02  0.3510E-04  0.1021E-02  0.9608E-04  0.1939E-02  0.1366E-03  0.1384E-01  0.2137E-03  0.6262E-01  0.1828E-03  0.5832E-01  0.5062E-03  0.3998E+00  0.8668E-03  0.1387E+01  0.1376E-03  0.1573E+00
     0.531  0.2270E-02  0.1627E-02  0.3794E-03  0.1051E-02  0.1111E-02  0.1645E-02  0.1398E-02  0.1025E-01  0.2077E-02  0.4833E-01  0.2240E-02  0.5644E-01  0.5367E-02  0.3089E+00  0.9174E-02  0.9801E+00  0.1458E-02  0.1008E+00
     0.541  0.1034E-02  0.1418E-02  0.1826E-03  0.1009E-02  0.5113E-03  0.1490E-02  0.6148E-03  0.9277E-02  0.8924E-03  0.4355E-01  0.1095E-02  0.5280E-01  0.2266E-02  0.2743E+00  0.3996E-02  0.8583E+00  0.6346E-03  0.8340E-01
     0.551  0.9904E-03  0.1188E-02  0.1798E-03  0.9845E-03  0.4882E-03  0.1358E-02  0.5999E-03  0.8167E-02  0.8631E-03  0.3910E-01  0.1060E-02  0.5032E-01  0.2157E-02  0.2442E+00  0.3846E-02  0.7414E+00  0.6215E-03  0.6858E-01
     0.561  0.9463E-03  0.9595E-03  0.1772E-03  0.9755E-03  0.4646E-03  0.1231E-02  0.5860E-03  0.6960E-02  0.8353E-03  0.3458E-01  0.1026E-02  0.4872E-01  0.2050E-02  0.2143E+00  0.3700E-02  0.6203E+00  0.6101E-03  0.5385E-01
     0.571  0.9015E-03  0.7375E-03  0.1748E-03  0.9741E-03  0.4407E-03  0.1102E-02  0.5731E-03  0.5716E-02  0.8090E-03  0.3005E-01  0.9923E-03  0.4756E-01  0.1946E-02  0.1842E+00  0.3557E-02  0.4976E+00  0.6002E-03  0.3924E-01
     0.581  0.8561E-03  0.4620E-03  0.1726E-03  0.8121E-03  0.4162E-03  0.8216E-03  0.5611E-03  0.3835E-02  0.7843E-03  0.2174E-01  0.9591E-03  0.3896E-01  0.1845E-02  0.1315E+00  0.3418E-02  0.3260E+00  0.5920E-03  0.2265E-01
     0.591  0.8100E-03  0.8877E-04  0.1706E-03  0.1865E-03  0.3914E-03  0.1757E-03  0.5501E-03  0.7628E-03  0.7611E-03  0.4586E-02  0.9263E-03  0.8882E-02  0.1746E-02  0.2745E-01  0.3283E-02  0.6425E-01  0.5853E-03  0.4121E-02
     0.601  0.8114E-03  0.0000E+00  0.1751E-03  0.0000E+00  0.3918E-03  0.0000E+00  0.5577E-03  0.0000E+00  0.7666E-03  0.0000E+00  0.9393E-03  0.0000E+00  0.1733E-02  0.0000E+00  0.3290E-02  0.0000E+00  0.5969E-03  0.0000E+00
     0.611  0.8331E-03  0.6551E-02  0.1822E-03  0.4262E-01  0.4030E-03  0.4543E-02  0.5730E-03  0.1348E-02  0.7839E-03  0.1252E+00  0.9717E-03  0.2705E+01  0.1754E-02  0.4812E+00  0.3355E-02  0.1177E+00  0.6159E-03  0.3521E-01
     0.621  0.8547E-03  0.3136E-01  0.1893E-03  0.1342E+00  0.4142E-03  0.1479E-01  0.5882E-03  0.7499E-02  0.8012E-03  0.3446E+00  0.1004E-02  0.8346E+01  0.1775E-02  0.1370E+01  0.3420E-02  0.6743E+00  0.6349E-03  0.2710E+00
     0.631  0.8761E-03  0.5566E-01  0.1965E-03  0.1821E+00  0.4252E-03  0.2071E-01  0.6033E-03  0.2839E-01  0.8183E-03  0.4468E+00  0.1036E-02  0.1121E+02  0.1795E-02  0.1845E+01  0.3483E-02  0.2348E+01  0.6539E-03  0.6855E+00
     0.641  0.8974E-03  0.4824E-01  0.2037E-03  0.1612E+00  0.4362E-03  0.9895E-02  0.6183E-03  0.2502E-01  0.8353E-03  0.1759E+00  0.1068E-02  0.1008E+02  0.1814E-02  0.6330E+00  0.3544E-02  0.2327E+01  0.6728E-03  0.8345E+00
     0.651  0.9185E-03  0.0000E+00  0.2109E-03  0.0000E+00  0.4471E-03  0.0000E+00  0.6332E-03  0.0000E+00  0.8523E-03  0.0000E+00  0.1099E-02  0.0000E+00  0.1833E-02  0.0000E+00  0.3604E-02  0.0000E+00  0.6918E-03  0.0000E+00
     0.661  0.9394E-03  0.0000E+00  0.2181E-03  0.0000E+00  0.4580E-03  0.0000E+00  0.6480E-03  0.0000E+00  0.8691E-03  0.0000E+00  0.1130E-02  0.0000E+00  0.1850E-02  0.0000E+00  0.3663E-02  0.0000E+00  0.7108E-03  0.0000E+00
     0.671  0.9602E-03  0.2735E-03  0.2253E-03  0.1275E-02  0.4687E-03  0.1293E-03  0.6627E-03  0.4087E-03  0.8859E-03  0.3172E-02  0.1162E-02  0.6958E-01  0.1867E-02  0.1210E-01  0.3721E-02  0.2705E-01  0.7298E-03  0.6769E-02
     0.681  0.9808E-03  0.8942E-03  0.2326E-03  0.3894E-02  0.4794E-03  0.4183E-03  0.6774E-03  0.1459E-02  0.9025E-03  0.1018E-01  0.1192E-02  0.2116E+00  0.1882E-02  0.3971E-01  0.3777E-02  0.9543E-01  0.7487E-03  0.2244E-01
     0.691  0.1011E-02  0.1511E-02  0.2433E-03  0.6109E-02  0.4921E-03  0.6993E-03  0.6954E-03  0.2675E-02  0.9338E-03  0.1687E-01  0.1237E-02  0.3305E+00  0.1900E-02  0.6731E-01  0.3844E-02  0.1731E+00  0.7685E-03  0.3845E-01
     0.701  0.1058E-02  0.1977E-02  0.2617E-03  0.7308E-02  0.5119E-03  0.9176E-03  0.7301E-03  0.3755E-02  0.9888E-03  0.2221E-01  0.1316E-02  0.3916E+00  0.1943E-02  0.9025E-01  0.3984E-02  0.2388E+00  0.8073E-03  0.5026E-01
     0.711  0.1118E-02  0.2153E-02  0.2900E-03  0.7138E-02  0.5446E-03  0.1024E-02  0.8001E-03  0.4316E-02  0.1058E-02  0.2541E-01  0.1446E-02  0.3752E+00  0.2054E-02  0.1041E+00  0.4288E-02  0.2668E+00  0.9002E-03  0.5326E-01
     0.721  0.1177E-02  0.1567E-02  0.3179E-03  0.4315E-02  0.5769E-03  0.6943E-03  0.8672E-03  0.3348E-02  0.1125E-02  0.1787E-01  0.1575E-02  0.2191E+00  0.2156E-02  0.7191E-01  0.4576E-02  0.1977E+00  0.9928E-03  0.3818E-01
     0.731  0.1235E-02  0.1591E-02  0.3454E-03  0.4021E-02  0.6087E-03  0.6692E-03  0.9314E-03  0.3383E-02  0.1191E-02  0.1727E-01  0.1704E-02  0.2015E+00  0.2251E-02  0.6897E-01  0.4848E-02  0.1968E+00  0.1085E-02  0.3821E-01
     0.741  0.1292E-02  0.1619E-02  0.3724E-03  0.3736E-02  0.6400E-03  0.6450E-03  0.9928E-03  0.3418E-02  0.1254E-02  0.1664E-01  0.1830E-02  0.1846E+00  0.2337E-02  0.6599E-01  0.5102E-02  0.1960E+00  0.1177E-02  0.3835E-01
     0.751  0.1348E-02  0.1679E-02  0.3991E-03  0.3651E-02  0.6709E-03  0.6462E-03  0.1051E-02  0.3542E-02  0.1316E-02  0.1709E-01  0.1956E-02  0.1770E+00  0.2415E-02  0.6630E-01  0.5340E-02  0.2000E+00  0.1268E-02  0.3923E-01
     0.761  0.1403E-02  0.1744E-02  0.4254E-03  0.3611E-02  0.7013E-03  0.6504E-03  0.1107E-02  0.3673E-02  0.1376E-02  0.1770E-01  0.2080E-02  0.1715E+00  0.2484E-02  0.6692E-01  0.5561E-02  0.2045E+00  0.1359E-02  0.4026E-01
     0.771  0.1457E-02  0.1803E-02  0.4513E-03  0.3565E-02  0.7312E-03  0.6509E-03  0.1160E-02  0.3786E-02  0.1434E-02  0.1818E-01  0.2203E-02  0.1660E+00  0.2546E-02  0.6692E-01  0.5765E-02  0.2082E+00  0.1450E-02  0.4125E-01
     0.781  0.1455E-02  0.1859E-02  0.4533E-03  0.3513E-02  0.7189E-03  0.6476E-03  0.1137E-02  0.3883E-02  0.1455E-02  0.1851E-01  0.2179E-02  0.1603E+00  0.2430E-02  0.6631E-01  0.5582E-02  0.2109E+00  0.1400E-02  0.4221E-01
     0.791  0.1127E-02  0.1887E-02  0.3086E-03  0.3300E-02  0.5456E-03  0.6261E-03  0.8599E-03  0.3899E-02  0.9182E-03  0.1768E-01  0.1350E-02  0.1474E+00  0.1771E-02  0.6320E-01  0.4117E-02  0.2096E+00  0.8546E-03  0.4265E-01
     0.801  0.2136E-02  0.1838E-02  0.4772E-03  0.2494E-02  0.1131E-02  0.5567E-03  0.9580E-03  0.3672E-02  0.1298E-02  0.1336E-01  0.1960E-02  0.1078E+00  0.2434E-02  0.5382E-01  0.4802E-02  0.1955E+00  0.8851E-03  0.4110E-01
     0.811  0.1943E-02  0.1869E-02  0.4345E-03  0.2257E-02  0.1027E-02  0.5410E-03  0.8947E-03  0.3593E-02  0.1187E-02  0.1238E-01  0.1736E-02  0.9500E-01  0.2197E-02  0.5120E-01  0.4394E-02  0.1876E+00  0.8003E-03  0.4077E-01
     0.821  0.1700E-02  0.1922E-02  0.3842E-03  0.2196E-02  0.8936E-03  0.5391E-03  0.8335E-03  0.3562E-02  0.1065E-02  0.1228E-01  0.1494E-02  0.9048E-01  0.1948E-02  0.5034E-01  0.3992E-02  0.1818E+00  0.7223E-03  0.4089E-01
     0.831  0.1433E-02  0.4643E-02  0.3328E-03  0.4362E-02  0.7496E-03  0.1034E-02  0.7783E-03  0.6099E-02  0.9409E-03  0.1854E-01  0.1257E-02  0.1666E+00  0.1699E-02  0.7140E-01  0.3615E-02  0.2957E+00  0.6527E-03  0.8639E-01
     0.841  0.1320E-02  0.3120E-02  0.3094E-03  0.2661E-02  0.6912E-03  0.6813E-03  0.7474E-03  0.3938E-02  0.8809E-03  0.1370E-01  0.1146E-02  0.9578E-01  0.1586E-02  0.5043E-01  0.3423E-02  0.1808E+00  0.6122E-03  0.5342E-01
     0.851  0.1269E-02  0.1692E-02  0.2967E-03  0.1289E-02  0.6679E-03  0.4082E-03  0.7235E-03  0.2428E-02  0.8454E-03  0.1018E-01  0.1082E-02  0.4370E-01  0.1525E-02  0.3611E-01  0.3294E-02  0.1068E+00  0.5803E-03  0.2281E-01
     0.861  0.1219E-02  0.1640E-02  0.2841E-03  0.1196E-02  0.6448E-03  0.3835E-03  0.6989E-03  0.2291E-02  0.8100E-03  0.9440E-02  0.1018E-02  0.4002E-01  0.1464E-02  0.3310E-01  0.3163E-02  0.9891E-01  0.5484E-03  0.2159E-01
     0.871  0.1169E-02  0.1578E-02  0.2714E-03  0.1094E-02  0.6221E-03  0.3550E-03  0.6736E-03  0.2119E-02  0.7745E-03  0.8531E-02  0.9553E-03  0.3606E-01  0.1404E-02  0.2941E-01  0.3031E-02  0.8945E-01  0.5163E-03  0.2019E-01
     0.881  0.1119E-02  0.1516E-02  0.2587E-03  0.9936E-03  0.5997E-03  0.3269E-03  0.6476E-03  0.1945E-02  0.7389E-03  0.7633E-02  0.8930E-03  0.3220E-01  0.1344E-02  0.2577E-01  0.2897E-02  0.8006E-01  0.4840E-03  0.1880E-01
     0.891  0.1069E-02  0.1454E-02  0.2460E-03  0.9051E-03  0.5777E-03  0.3051E-03  0.6208E-03  0.1798E-02  0.7034E-03  0.6949E-02  0.8313E-03  0.2885E-01  0.1285E-02  0.2311E-01  0.2762E-02  0.7265E-01  0.4517E-03  0.1750E-01
     0.901  0.1018E-02  0.1394E-02  0.2333E-03  0.8295E-03  0.5559E-03  0.2905E-03  0.5933E-03  0.1683E-02  0.6678E-03  0.6504E-02  0.7702E-03  0.2605E-01  0.1226E-02  0.2153E-01  0.2625E-02  0.6750E-01  0.4191E-03  0.1630E-01
     0.911  0.9680E-03  0.1333E-02  0.2205E-03  0.7555E-03  0.5345E-03  0.2762E-03  0.5650E-03  0.1569E-02  0.6321E-03  0.6063E-02  0.7098E-03  0.2332E-01  0.1168E-02  0.1997E-01  0.2487E-02  0.6242E-01  0.3865E-03  0.1511E-01
     0.921  0.9177E-03  0.1272E-02  0.2078E-03  0.6828E-03  0.5134E-03  0.2623E-03  0.5360E-03  0.1455E-02  0.5965E-03  0.5626E-02  0.6499E-03  0.2066E-01  0.1111E-02  0.1843E-01  0.2347E-02  0.5740E-01  0.3537E-03  0.1393E-01
     0.931  0.8720E-03  0.1210E-02  0.1979E-03  0.6116E-03  0.4928E-03  0.2487E-03  0.5134E-03  0.1341E-02  0.5718E-03  0.5192E-02  0.6013E-03  0.1808E-01  0.1061E-02  0.1691E-01  0.2233E-02  0.5246E-01  0.3253E-03  0.1276E-01
     0.941  0.8311E-03  0.1148E-02  0.1935E-03  0.5419E-03  0.4742E-03  0.2355E-03  0.5087E-03  0.1227E-02  0.5607E-03  0.4763E-02  0.5770E-03  0.1557E-01  0.1036E-02  0.1541E-01  0.2196E-02  0.4759E-01  0.3178E-03  0.1160E-01
     0.951  0.7901E-03  0.1085E-02  0.1891E-03  0.4736E-03  0.4555E-03  0.2227E-03  0.5037E-03  0.1114E-02  0.5496E-03  0.4338E-02  0.5528E-03  0.1313E-01  0.1012E-02  0.1393E-01  0.2158E-02  0.4278E-01  0.3099E-03  0.1045E-01
     0.961  0.7490E-03  0.1025E-02  0.1848E-03  0.4186E-03  0.4368E-03  0.2125E-03  0.4985E-03  0.1016E-02  0.5385E-03  0.4060E-02  0.5289E-03  0.1118E-01  0.9873E-03  0.1288E-01  0.2120E-02  0.3861E-01  0.3017E-03  0.9363E-02
     0.971  0.7078E-03  0.9658E-03  0.1805E-03  0.3665E-03  0.4182E-03  0.2031E-03  0.4929E-03  0.9216E-03  0.5275E-03  0.3806E-02  0.5050E-03  0.9348E-02  0.9634E-03  0.1190E-01  0.2082E-02  0.3459E-01  0.2931E-03  0.8294E-02
     0.981  0.6665E-03  0.9367E-03  0.1761E-03  0.3418E-03  0.3996E-03  0.2014E-03  0.4871E-03  0.8748E-03  0.5166E-03  0.3674E-02  0.4814E-03  0.8366E-02  0.9397E-03  0.1145E-01  0.2044E-02  0.3245E-01  0.2841E-03  0.8058E-02
     0.991  0.6251E-03  0.9078E-03  0.1718E-03  0.3180E-03  0.3809E-03  0.2001E-03  0.4810E-03  0.8281E-03  0.5057E-03  0.3543E-02  0.4579E-03  0.7426E-02  0.9162E-03  0.1101E-01  0.2005E-02  0.3035E-01  0.2747E-03  0.7830E-02
     1.001  0.6393E-03  0.8783E-03  0.1761E-03  0.2942E-03  0.4563E-03  0.1990E-03  0.5390E-03  0.7801E-03  0.5033E-03  0.3410E-02  0.4649E-03  0.6502E-02  0.1118E-02  0.1056E-01  0.2269E-02  0.2824E-01  0.2751E-03  0.7584E-02
     1.011  0.8795E-03  0.8482E-03  0.2927E-03  0.2705E-03  0.7409E-03  0.1981E-03  0.7804E-03  0.7307E-03  0.5522E-03  0.3273E-02  0.8771E-03  0.5595E-02  0.1694E-02  0.1009E-01  0.3236E-02  0.2612E-01  0.3879E-03  0.7318E-02
     1.021  0.1305E-02  0.8050E-03  0.5118E-03  0.2462E-03  0.1123E-02  0.1937E-03  0.1050E-02  0.6762E-03  0.6195E-03  0.3099E-02  0.1632E-02  0.4795E-02  0.2299E-02  0.9524E-02  0.4274E-02  0.2397E-01  0.5181E-03  0.6948E-02
     1.031  0.1739E-02  0.7292E-03  0.7279E-03  0.2206E-03  0.1511E-02  0.1800E-03  0.1315E-02  0.6120E-03  0.6839E-03  0.2830E-02  0.2370E-02  0.4253E-02  0.2896E-02  0.8704E-02  0.5285E-02  0.2181E-01  0.6445E-03  0.6346E-02
     1.042  0.2183E-02  0.6975E-03  0.9419E-03  0.2615E-03  0.1907E-02  0.1681E-03  0.1577E-02  0.5569E-03  0.7480E-03  0.2678E-02  0.3093E-02  0.5116E-02  0.3489E-02  0.8163E-02  0.6280E-02  0.1981E-01  0.7688E-03  0.5757E-02
     1.052  0.3038E-02  0.8391E-03  0.1282E-02  0.5623E-03  0.2677E-02  0.1649E-03  0.2062E-02  0.5365E-03  0.8902E-03  0.2986E-02  0.4223E-02  0.1140E-01  0.4643E-02  0.8715E-02  0.8123E-02  0.1836E-01  0.9819E-03  0.5203E-02
     1.062  0.3939E-02  0.1063E-02  0.1625E-02  0.1002E-02  0.3518E-02  0.2156E-03  0.2583E-02  0.9648E-03  0.1035E-02  0.3520E-02  0.5361E-02  0.2126E-01  0.5900E-02  0.1116E-01  0.1010E-01  0.2964E-01  0.1224E-02  0.7458E-02
     1.072  0.4693E-02  0.1353E-02  0.1884E-02  0.1446E-02  0.4259E-02  0.2839E-03  0.2894E-02  0.1465E-02  0.1083E-02  0.4127E-02  0.6193E-02  0.3105E-01  0.6823E-02  0.1407E-01  0.1127E-01  0.4256E-01  0.1360E-02  0.9790E-02
     1.082  0.4713E-02  0.1658E-02  0.1856E-02  0.1862E-02  0.4336E-02  0.3571E-03  0.2711E-02  0.1998E-02  0.9757E-03  0.4591E-02  0.6029E-02  0.4014E-01  0.6646E-02  0.1679E-01  0.1054E-01  0.5555E-01  0.1221E-02  0.1167E-01
     1.092  0.4602E-02  0.1972E-02  0.1793E-02  0.2235E-02  0.4278E-02  0.4372E-03  0.2532E-02  0.2542E-02  0.8616E-03  0.5019E-02  0.5787E-02  0.4822E-01  0.6356E-02  0.1951E-01  0.9795E-02  0.6878E-01  0.1097E-02  0.1350E-01
     1.102  0.4576E-02  0.2206E-02  0.1765E-02  0.2476E-02  0.4278E-02  0.5470E-03  0.2463E-02  0.3074E-02  0.8536E-03  0.5297E-02  0.5624E-02  0.5319E-01  0.6252E-02  0.2235E-01  0.9499E-02  0.8183E-01  0.1019E-02  0.1443E-01
     1.112  0.4857E-02  0.2298E-02  0.1780E-02  0.2489E-02  0.4370E-02  0.7020E-03  0.2562E-02  0.3446E-02  0.9191E-03  0.5552E-02  0.5536E-02  0.5261E-01  0.6024E-02  0.2538E-01  0.9559E-02  0.9175E-01  0.9896E-03  0.1391E-01
     1.122  0.5196E-02  0.2646E-02  0.1797E-02  0.2842E-02  0.4464E-02  0.1188E-02  0.2694E-02  0.5220E-02  0.9959E-03  0.6857E-02  0.5444E-02  0.5972E-01  0.5740E-02  0.3751E-01  0.9671E-02  0.1398E+00  0.9679E-03  0.1735E-01
     1.132  0.5574E-02  0.2746E-02  0.1817E-02  0.2850E-02  0.4568E-02  0.1361E-02  0.2837E-02  0.5702E-02  0.1078E-02  0.7274E-02  0.5354E-02  0.5905E-01  0.5441E-02  0.4134E-01  0.9801E-02  0.1515E+00  0.9443E-03  0.1677E-01
     1.142  0.5991E-02  0.2729E-02  0.1840E-02  0.2678E-02  0.4685E-02  0.1279E-02  0.2992E-02  0.5432E-02  0.1166E-02  0.7044E-02  0.5265E-02  0.5462E-01  0.5127E-02  0.3885E-01  0.9947E-02  0.1419E+00  0.9187E-03  0.1521E-01
     1.152  0.6016E-02  0.2781E-02  0.1769E-02  0.2507E-02  0.4578E-02  0.1200E-02  0.2749E-02  0.5252E-02  0.1156E-02  0.6992E-02  0.4872E-02  0.5007E-01  0.4439E-02  0.3687E-01  0.8848E-02  0.1340E+00  0.7489E-03  0.1376E-01
     1.162  0.5283E-02  0.2986E-02  0.1607E-02  0.2369E-02  0.4159E-02  0.1144E-02  0.1884E-02  0.5210E-02  0.9739E-03  0.7319E-02  0.4265E-02  0.4584E-01  0.3513E-02  0.3595E-01  0.6030E-02  0.1293E+00  0.4130E-03  0.1239E-01
     1.172  0.5249E-02  0.3140E-02  0.1608E-02  0.2231E-02  0.4188E-02  0.1102E-02  0.1781E-02  0.5114E-02  0.9557E-03  0.7546E-02  0.4228E-02  0.4179E-01  0.3408E-02  0.3499E-01  0.5657E-02  0.1241E+00  0.3964E-03  0.1097E-01
     1.182  0.5225E-02  0.3275E-02  0.1611E-02  0.2098E-02  0.4224E-02  0.1061E-02  0.1683E-02  0.5000E-02  0.9393E-03  0.7720E-02  0.4201E-02  0.3791E-01  0.3312E-02  0.3393E-01  0.5300E-02  0.1186E+00  0.3817E-03  0.9600E-02
     1.192  0.5235E-02  0.3452E-02  0.1635E-02  0.2010E-02  0.4284E-02  0.1042E-02  0.1608E-02  0.4942E-02  0.9436E-03  0.7913E-02  0.4217E-02  0.3501E-01  0.3235E-02  0.3315E-01  0.5012E-02  0.1148E+00  0.3712E-03  0.8611E-02
     1.202  0.5574E-02  0.3483E-02  0.1855E-02  0.1931E-02  0.4582E-02  0.1016E-02  0.1757E-02  0.4581E-02  0.1150E-02  0.7632E-02  0.4649E-02  0.3260E-01  0.3342E-02  0.3077E-01  0.5354E-02  0.1053E+00  0.4032E-03  0.7242E-02
     1.212  0.5917E-02  0.3368E-02  0.2077E-02  0.1838E-02  0.4881E-02  0.9523E-03  0.1902E-02  0.3926E-02  0.1351E-02  0.6926E-02  0.5087E-02  0.3018E-01  0.3442E-02  0.2664E-01  0.5683E-02  0.8957E-01  0.4365E-03  0.5607E-02
     1.222  0.6662E-02  0.3303E-02  0.2429E-02  0.1786E-02  0.5661E-02  0.9284E-03  0.2111E-02  0.3651E-02  0.1587E-02  0.6512E-02  0.5857E-02  0.2882E-01  0.3924E-02  0.2451E-01  0.6230E-02  0.8269E-01  0.5217E-03  0.5221E-02
     1.232  0.8530E-02  0.3240E-02  0.3266E-02  0.1735E-02  0.7391E-02  0.9040E-03  0.2361E-02  0.3381E-02  0.2052E-02  0.6111E-02  0.7690E-02  0.2749E-01  0.4603E-02  0.2241E-01  0.6760E-02  0.7593E-01  0.5913E-03  0.4838E-02
     1.242  0.9191E-02  0.3458E-02  0.3836E-02  0.1903E-02  0.7699E-02  0.9524E-03  0.2894E-02  0.3416E-02  0.2567E-02  0.6620E-02  0.8820E-02  0.2908E-01  0.4652E-02  0.2201E-01  0.8090E-02  0.7522E-01  0.6889E-03  0.4823E-02
     1.252  0.9250E-02  0.4336E-02  0.4055E-02  0.2570E-02  0.7550E-02  0.1155E-02  0.3285E-02  0.3926E-02  0.2870E-02  0.8770E-02  0.9116E-02  0.3709E-01  0.4524E-02  0.2420E-01  0.9041E-02  0.8371E-01  0.7101E-03  0.5510E-02
     1.262  0.8366E-02  0.5317E-02  0.3577E-02  0.3251E-02  0.6963E-02  0.1491E-02  0.2783E-02  0.4444E-02  0.2474E-02  0.1041E-01  0.7982E-02  0.4552E-01  0.4001E-02  0.2629E-01  0.7573E-02  0.9125E-01  0.6028E-03  0.6666E-02
     1.272  0.7518E-02  0.5319E-02  0.3115E-02  0.3355E-02  0.6400E-02  0.1434E-02  0.2273E-02  0.4601E-02  0.2062E-02  0.1152E-01  0.6908E-02  0.4566E-01  0.3486E-02  0.2709E-01  0.6082E-02  0.9204E-01  0.4990E-03  0.6574E-02
     1.282  0.6706E-02  0.5298E-02  0.2669E-02  0.3433E-02  0.5861E-02  0.1372E-02  0.1755E-02  0.4830E-02  0.1635E-02  0.1274E-01  0.5895E-02  0.4528E-01  0.2978E-02  0.2837E-01  0.4568E-02  0.9403E-01  0.3987E-03  0.6422E-02
     1.292  0.6187E-02  0.5058E-02  0.2446E-02  0.3290E-02  0.5462E-02  0.1266E-02  0.1553E-02  0.4683E-02  0.1472E-02  0.1278E-01  0.5332E-02  0.4223E-01  0.2634E-02  0.2742E-01  0.3938E-02  0.8929E-01  0.3485E-03  0.5876E-02
     1.302  0.6894E-02  0.4443E-02  0.2646E-02  0.2772E-02  0.6176E-02  0.1076E-02  0.1577E-02  0.3674E-02  0.1603E-02  0.1020E-01  0.5647E-02  0.3495E-01  0.2751E-02  0.2129E-01  0.3840E-02  0.6924E-01  0.3278E-03  0.4664E-02
     1.312  0.8565E-02  0.3879E-02  0.3126E-02  0.2310E-02  0.7770E-02  0.8823E-03  0.1723E-02  0.2731E-02  0.1905E-02  0.7670E-02  0.6534E-02  0.2835E-01  0.3161E-02  0.1560E-01  0.3966E-02  0.5034E-01  0.3112E-03  0.3528E-02
     1.322  0.2749E-02  0.4129E-02  0.1376E-02  0.2325E-02  0.2480E-02  0.8798E-03  0.9700E-03  0.2444E-02  0.8420E-03  0.7449E-02  0.2852E-02  0.2750E-01  0.1182E-02  0.1347E-01  0.2377E-02  0.4335E-01  0.2601E-03  0.3000E-02
     1.332  0.3599E-02  0.4957E-02  0.1740E-02  0.2590E-02  0.3274E-02  0.9946E-03  0.1187E-02  0.2404E-02  0.9503E-03  0.8234E-02  0.3638E-02  0.2951E-01  0.1449E-02  0.1252E-01  0.2847E-02  0.4056E-01  0.2967E-03  0.2657E-02
     1.342  0.4748E-02  0.1669E-02  0.2203E-02  0.1275E-02  0.4359E-02  0.3545E-03  0.1457E-02  0.1466E-02  0.1068E-02  0.4229E-02  0.4657E-02  0.1423E-01  0.1793E-02  0.8086E-02  0.3430E-02  0.2409E-01  0.3337E-03  0.2183E-02
     1.352  0.5886E-02  0.1912E-02  0.2653E-02  0.1471E-02  0.5454E-02  0.4115E-03  0.1731E-02  0.1637E-02  0.1189E-02  0.4701E-02  0.5644E-02  0.1622E-01  0.2155E-02  0.9060E-02  0.4023E-02  0.2631E-01  0.3685E-03  0.2494E-02
     1.362  0.7015E-02  0.2572E-02  0.3091E-02  0.1885E-02  0.6559E-02  0.5366E-03  0.2010E-02  0.1938E-02  0.1311E-02  0.5342E-02  0.6599E-02  0.2066E-01  0.2536E-02  0.1055E-01  0.4626E-02  0.3020E-01  0.4010E-03  0.2864E-02
     1.372  0.8144E-02  0.3325E-02  0.3479E-02  0.2332E-02  0.7791E-02  0.6852E-03  0.2243E-02  0.2283E-02  0.1425E-02  0.6008E-02  0.7399E-02  0.2548E-01  0.2973E-02  0.1218E-01  0.5086E-02  0.3472E-01  0.4198E-03  0.3233E-02
     1.382  0.9303E-02  0.4056E-02  0.3733E-02  0.2747E-02  0.9410E-02  0.8409E-03  0.2356E-02  0.2638E-02  0.1506E-02  0.6646E-02  0.7797E-02  0.2997E-01  0.3637E-02  0.1379E-01  0.5215E-02  0.3944E-01  0.4080E-03  0.3581E-02
     1.392  0.1011E-01  0.4667E-02  0.3744E-02  0.2890E-02  0.1079E-01  0.1022E-02  0.2281E-02  0.2847E-02  0.1419E-02  0.6774E-02  0.7688E-02  0.3123E-01  0.4155E-02  0.1434E-01  0.4884E-02  0.4185E-01  0.3639E-03  0.3369E-02
     1.402  0.1130E-01  0.5178E-02  0.4121E-02  0.2834E-02  0.1235E-01  0.1236E-02  0.2644E-02  0.2796E-02  0.1540E-02  0.6272E-02  0.8345E-02  0.3012E-01  0.4924E-02  0.1327E-01  0.5650E-02  0.4047E-01  0.4351E-03  0.2948E-02
     1.412  0.1244E-01  0.5796E-02  0.4515E-02  0.2939E-02  0.1388E-01  0.1473E-02  0.3033E-02  0.2914E-02  0.1645E-02  0.6297E-02  0.9038E-02  0.3071E-01  0.5661E-02  0.1327E-01  0.6490E-02  0.4151E-01  0.5191E-03  0.2936E-02
     1.422  0.1341E-01  0.6416E-02  0.4874E-02  0.3164E-02  0.1523E-01  0.1693E-02  0.3420E-02  0.3373E-02  0.1754E-02  0.6745E-02  0.9670E-02  0.3252E-01  0.6394E-02  0.1477E-01  0.7399E-02  0.4706E-01  0.5964E-03  0.3476E-02
     1.432  0.1429E-01  0.6971E-02  0.5202E-02  0.3388E-02  0.1647E-01  0.1890E-02  0.3821E-02  0.3806E-02  0.1858E-02  0.7085E-02  0.1023E-01  0.3436E-01  0.7077E-02  0.1605E-01  0.8334E-02  0.5215E-01  0.6768E-03  0.4024E-02
     1.442  0.1485E-01  0.7683E-02  0.5395E-02  0.3783E-02  0.1728E-01  0.2182E-02  0.4166E-02  0.4448E-02  0.1933E-02  0.7540E-02  0.1052E-01  0.3826E-01  0.7484E-02  0.1808E-01  0.9084E-02  0.6139E-01  0.7217E-03  0.4993E-02
     1.452  0.1441E-01  0.8149E-02  0.5291E-02  0.4060E-02  0.1696E-01  0.2395E-02  0.4393E-02  0.5120E-02  0.1932E-02  0.7931E-02  0.1021E-01  0.4095E-01  0.7239E-02  0.2020E-01  0.9508E-02  0.7102E-01  0.7219E-03  0.5946E-02
     1.462  0.1279E-01  0.7892E-02  0.4701E-02  0.3916E-02  0.1531E-01  0.2270E-02  0.4153E-02  0.5305E-02  0.1655E-02  0.8011E-02  0.9008E-02  0.3899E-01  0.6436E-02  0.2040E-01  0.8943E-02  0.7215E-01  0.6817E-03  0.5813E-02
     1.472  0.1112E-01  0.7067E-02  0.4096E-02  0.3496E-02  0.1359E-01  0.2051E-02  0.3874E-02  0.5236E-02  0.1374E-02  0.7339E-02  0.7778E-02  0.3463E-01  0.5573E-02  0.1957E-01  0.8283E-02  0.7037E-01  0.6364E-03  0.5538E-02
     1.482  0.9282E-02  0.6250E-02  0.3430E-02  0.3085E-02  0.1192E-01  0.1834E-02  0.3459E-02  0.5169E-02  0.1065E-02  0.6707E-02  0.6356E-02  0.3037E-01  0.4677E-02  0.1877E-01  0.7301E-02  0.6863E-01  0.5908E-03  0.5254E-02
     1.492  0.7578E-02  0.5323E-02  0.2762E-02  0.2615E-02  0.1058E-01  0.1585E-02  0.3007E-02  0.4872E-02  0.7637E-03  0.5873E-02  0.4943E-02  0.2540E-01  0.4024E-02  0.1716E-01  0.6280E-02  0.6377E-01  0.5470E-03  0.4864E-02
     1.502  0.7617E-02  0.4064E-02  0.2734E-02  0.1994E-02  0.1084E-01  0.1305E-02  0.2919E-02  0.4240E-02  0.7212E-03  0.4677E-02  0.4806E-02  0.1883E-01  0.3876E-02  0.1421E-01  0.5958E-02  0.5465E-01  0.4969E-03  0.4381E-02
     1.512  0.7742E-02  0.3423E-02  0.2743E-02  0.1597E-02  0.1119E-01  0.1142E-02  0.2858E-02  0.3506E-02  0.6977E-03  0.3711E-02  0.4732E-02  0.1449E-01  0.3763E-02  0.1145E-01  0.5687E-02  0.4388E-01  0.4481E-03  0.3427E-02
     1.522  0.8196E-02  0.3395E-02  0.2892E-02  0.1547E-02  0.1210E-01  0.1161E-02  0.2789E-02  0.3251E-02  0.6832E-03  0.3456E-02  0.4928E-02  0.1362E-01  0.3895E-02  0.1046E-01  0.5457E-02  0.4013E-01  0.4426E-03  0.3191E-02
     1.532  0.8707E-02  0.3579E-02  0.3063E-02  0.1619E-02  0.1311E-01  0.1237E-02  0.2721E-02  0.3080E-02  0.6688E-03  0.3344E-02  0.5167E-02  0.1389E-01  0.4072E-02  0.9789E-02  0.5244E-02  0.3742E-01  0.4458E-03  0.3109E-02
     1.542  0.9533E-02  0.3777E-02  0.3280E-02  0.1696E-02  0.1493E-01  0.1317E-02  0.2682E-02  0.2899E-02  0.6553E-03  0.3223E-02  0.5453E-02  0.1417E-01  0.4422E-02  0.9086E-02  0.5011E-02  0.3458E-01  0.4287E-03  0.3021E-02
     1.552  0.1001E-01  0.3926E-02  0.3412E-02  0.1722E-02  0.1601E-01  0.1437E-02  0.2633E-02  0.2584E-02  0.6364E-03  0.2979E-02  0.5632E-02  0.1403E-01  0.4646E-02  0.7978E-02  0.4838E-02  0.2988E-01  0.4247E-03  0.2676E-02
     1.562  0.1041E-01  0.3996E-02  0.3528E-02  0.1738E-02  0.1694E-01  0.1501E-02  0.2580E-02  0.2480E-02  0.6160E-03  0.2859E-02  0.5792E-02  0.1400E-01  0.4845E-02  0.7596E-02  0.4678E-02  0.2843E-01  0.4248E-03  0.2608E-02
     1.572  0.1082E-01  0.4067E-02  0.3646E-02  0.1754E-02  0.1788E-01  0.1565E-02  0.2527E-02  0.2376E-02  0.5954E-03  0.2738E-02  0.5954E-02  0.1397E-01  0.5048E-02  0.7216E-02  0.4517E-02  0.2700E-01  0.4253E-03  0.2544E-02
     1.582  0.1123E-01  0.4142E-02  0.3765E-02  0.1771E-02  0.1884E-01  0.1632E-02  0.2473E-02  0.2273E-02  0.5746E-03  0.2616E-02  0.6120E-02  0.1395E-01  0.5256E-02  0.6836E-02  0.4355E-02  0.2559E-01  0.4264E-03  0.2485E-02
     1.592  0.1165E-01  0.4219E-02  0.3886E-02  0.1788E-02  0.1982E-01  0.1699E-02  0.2418E-02  0.2171E-02  0.5535E-03  0.2494E-02  0.6288E-02  0.1393E-01  0.5470E-02  0.6457E-02  0.4193E-02  0.2419E-01  0.4280E-03  0.2429E-02
     1.602  0.1209E-01  0.4299E-02  0.4009E-02  0.1805E-02  0.2082E-01  0.1769E-02  0.2363E-02  0.2069E-02  0.5323E-03  0.2370E-02  0.6459E-02  0.1391E-01  0.5688E-02  0.6078E-02  0.4030E-02  0.2281E-01  0.4300E-03  0.2379E-02
     1.612  0.1253E-01  0.4382E-02  0.4134E-02  0.1823E-02  0.2184E-01  0.1839E-02  0.2307E-02  0.1968E-02  0.5108E-03  0.2246E-02  0.6632E-02  0.1390E-01  0.5911E-02  0.5701E-02  0.3866E-02  0.2145E-01  0.4325E-03  0.2332E-02
     1.622  0.1297E-01  0.4467E-02  0.4261E-02  0.1841E-02  0.2287E-01  0.1912E-02  0.2250E-02  0.1868E-02  0.4891E-03  0.2121E-02  0.6809E-02  0.1388E-01  0.6139E-02  0.5325E-02  0.3702E-02  0.2010E-01  0.4356E-03  0.2290E-02
     1.632  0.1350E-01  0.4580E-02  0.4425E-02  0.1879E-02  0.2400E-01  0.1991E-02  0.2262E-02  0.1824E-02  0.4850E-03  0.2063E-02  0.7041E-02  0.1403E-01  0.6411E-02  0.5145E-02  0.3670E-02  0.1940E-01  0.4501E-03  0.2308E-02
     1.642  0.1868E-01  0.4756E-02  0.6247E-02  0.1939E-02  0.3362E-01  0.2109E-02  0.2810E-02  0.1840E-02  0.6014E-03  0.2067E-02  0.9842E-02  0.1429E-01  0.9030E-02  0.5161E-02  0.4453E-02  0.1927E-01  0.6094E-03  0.2372E-02
     1.652  0.2469E-01  0.5021E-02  0.8286E-02  0.2043E-02  0.4510E-01  0.2266E-02  0.3331E-02  0.1865E-02  0.7237E-03  0.2089E-02  0.1298E-01  0.1472E-01  0.1232E-01  0.5172E-02  0.5173E-02  0.1911E-01  0.8045E-03  0.2476E-02
     1.662  0.2758E-01  0.7933E-02  0.9248E-02  0.3299E-02  0.5097E-01  0.3767E-02  0.3552E-02  0.2555E-02  0.7824E-03  0.2913E-02  0.1436E-01  0.2274E-01  0.1402E-01  0.8057E-02  0.5420E-02  0.2538E-01  0.9446E-03  0.3817E-02
     1.672  0.3142E-01  0.8009E-02  0.1060E-01  0.3388E-02  0.5837E-01  0.3879E-02  0.4165E-02  0.2592E-02  0.9216E-03  0.2900E-02  0.1626E-01  0.2315E-01  0.1591E-01  0.8021E-02  0.6265E-02  0.2553E-01  0.1140E-02  0.4155E-02
     1.682  0.3765E-01  0.8057E-02  0.1289E-01  0.3463E-02  0.7035E-01  0.3967E-02  0.5119E-02  0.2634E-02  0.1104E-02  0.2898E-02  0.1963E-01  0.2348E-01  0.1902E-01  0.7962E-02  0.7637E-02  0.2573E-01  0.1436E-02  0.4469E-02
     1.692  0.5778E-01  0.8808E-02  0.2020E-01  0.4004E-02  0.1076E+00  0.4346E-02  0.7850E-02  0.2906E-02  0.1890E-02  0.3401E-02  0.3066E-01  0.2729E-01  0.2788E-01  0.8052E-02  0.1121E-01  0.2776E-01  0.2075E-02  0.5240E-02
     1.702  0.5087E-01  0.1230E-01  0.1761E-01  0.5623E-02  0.9732E-01  0.6222E-02  0.6538E-02  0.4755E-02  0.1512E-02  0.5609E-02  0.2682E-01  0.3793E-01  0.2635E-01  0.1215E-01  0.9347E-02  0.4374E-01  0.1949E-02  0.8579E-02
     1.712  0.2252E-01  0.1599E-01  0.7404E-02  0.7569E-02  0.4437E-01  0.8436E-02  0.3622E-02  0.6006E-02  0.9515E-03  0.6868E-02  0.1115E-01  0.5103E-01  0.1238E-01  0.1575E-01  0.5275E-02  0.5569E-01  0.9841E-03  0.1185E-01
     1.722  0.1321E-01  0.1434E-01  0.4082E-02  0.7061E-02  0.2679E-01  0.8238E-02  0.2047E-02  0.4984E-02  0.6722E-03  0.5757E-02  0.5959E-02  0.4842E-01  0.7207E-02  0.1495E-01  0.2872E-02  0.4808E-01  0.5267E-03  0.1197E-01
     1.732  0.1323E-01  0.9967E-02  0.4002E-02  0.4803E-02  0.2727E-01  0.5669E-02  0.2218E-02  0.2439E-02  0.5699E-03  0.2575E-02  0.5698E-02  0.3253E-01  0.7203E-02  0.7480E-02  0.3106E-02  0.2441E-01  0.5754E-03  0.7116E-02
     1.742  0.1442E-01  0.5304E-02  0.4359E-02  0.1923E-02  0.2981E-01  0.2792E-02  0.2538E-02  0.1325E-02  0.6108E-03  0.1511E-02  0.6134E-02  0.1145E-01  0.7708E-02  0.3213E-02  0.3504E-02  0.1095E-01  0.5966E-03  0.2805E-02
     1.752  0.3797E-01  0.5533E-02  0.1076E-01  0.1973E-02  0.7942E-01  0.2907E-02  0.7482E-02  0.1386E-02  0.1402E-02  0.1545E-02  0.1446E-01  0.1160E-01  0.2029E-01  0.3209E-02  0.1034E-01  0.1122E-01  0.1266E-02  0.2889E-02
     1.762  0.3718E-01  0.8493E-02  0.9948E-02  0.3215E-02  0.7784E-01  0.4431E-02  0.7517E-02  0.2483E-02  0.1216E-02  0.2833E-02  0.1296E-01  0.1821E-01  0.1816E-01  0.5444E-02  0.9940E-02  0.1972E-01  0.1016E-02  0.4254E-02
     1.772  0.4105E-01  0.1121E-01  0.1047E-01  0.3783E-02  0.8695E-01  0.5814E-02  0.8437E-02  0.3030E-02  0.1238E-02  0.3165E-02  0.1324E-01  0.2080E-01  0.1964E-01  0.6038E-02  0.1086E-01  0.2324E-01  0.9869E-03  0.4714E-02
     1.782  0.3981E-01  0.1315E-01  0.9566E-02  0.4017E-02  0.8628E-01  0.6737E-02  0.8484E-02  0.3061E-02  0.1118E-02  0.2968E-02  0.1195E-01  0.2100E-01  0.1917E-01  0.5106E-02  0.1068E-01  0.2204E-01  0.7459E-03  0.5112E-02
     1.792  0.3768E-01  0.1345E-01  0.8964E-02  0.3858E-02  0.8265E-01  0.6868E-02  0.8106E-02  0.2813E-02  0.1017E-02  0.2623E-02  0.1107E-01  0.1916E-01  0.1829E-01  0.3656E-02  0.1013E-01  0.1876E-01  0.6723E-03  0.4987E-02
     1.802  0.3406E-01  0.1416E-01  0.8040E-02  0.3871E-02  0.7522E-01  0.7295E-02  0.7419E-02  0.2924E-02  0.9310E-03  0.2552E-02  0.9894E-02  0.1890E-01  0.1664E-01  0.3531E-02  0.9249E-02  0.1910E-01  0.6105E-03  0.4664E-02
     1.812  0.3041E-01  0.1432E-01  0.7127E-02  0.3805E-02  0.6763E-01  0.7448E-02  0.6700E-02  0.2918E-02  0.8450E-03  0.2424E-02  0.8741E-02  0.1837E-01  0.1497E-01  0.3402E-02  0.8333E-02  0.1887E-01  0.5531E-03  0.4305E-02
     1.822  0.2724E-01  0.1460E-01  0.6305E-02  0.3797E-02  0.6106E-01  0.7656E-02  0.6003E-02  0.2929E-02  0.7873E-03  0.2399E-02  0.7726E-02  0.1826E-01  0.1355E-01  0.3369E-02  0.7409E-02  0.1885E-01  0.5396E-03  0.4453E-02
     1.832  0.2552E-01  0.1471E-01  0.5728E-02  0.3727E-02  0.5768E-01  0.7733E-02  0.5411E-02  0.2880E-02  0.7901E-03  0.2346E-02  0.7066E-02  0.1808E-01  0.1286E-01  0.3299E-02  0.6502E-02  0.1838E-01  0.6316E-03  0.4979E-02
     1.842  0.2313E-01  0.1400E-01  0.5628E-02  0.3640E-02  0.5373E-01  0.7431E-02  0.5144E-02  0.2824E-02  0.6727E-03  0.2019E-02  0.6959E-02  0.1729E-01  0.1183E-01  0.2869E-02  0.6316E-02  0.1760E-01  0.4381E-03  0.3408E-02
     1.852  0.2455E-01  0.1852E-01  0.6661E-02  0.4817E-02  0.6155E-01  0.1003E-01  0.4481E-02  0.3822E-02  0.7409E-03  0.2387E-02  0.8231E-02  0.2253E-01  0.1499E-01  0.3664E-02  0.5468E-02  0.2312E-01  0.1047E-02  0.4359E-02
     1.862  0.1003E-01  0.1571E-01  0.2619E-02  0.4386E-02  0.2500E-01  0.8858E-02  0.2411E-02  0.3194E-02  0.4647E-03  0.2073E-02  0.3160E-02  0.2113E-01  0.5622E-02  0.3701E-02  0.2902E-02  0.1942E-01  0.3795E-03  0.4800E-02
     1.872  0.1019E-01  0.9850E-02  0.2603E-02  0.2554E-02  0.2567E-01  0.5399E-02  0.2554E-02  0.2276E-02  0.4835E-03  0.1582E-02  0.3084E-02  0.1155E-01  0.5618E-02  0.2069E-02  0.3048E-02  0.1344E-01  0.3555E-03  0.2600E-02
     1.882  0.1023E-01  0.5755E-02  0.2568E-02  0.1672E-02  0.2603E-01  0.3249E-02  0.2669E-02  0.1462E-02  0.5004E-03  0.1142E-02  0.2986E-02  0.7615E-02  0.5549E-02  0.1475E-02  0.3164E-02  0.8426E-02  0.3309E-03  0.1879E-02
     1.892  0.1030E-01  0.5731E-02  0.2541E-02  0.1583E-02  0.2648E-01  0.3236E-02  0.2777E-02  0.1494E-02  0.5176E-03  0.1147E-02  0.2898E-02  0.6844E-02  0.5496E-02  0.1280E-02  0.3268E-02  0.8458E-02  0.3067E-03  0.1620E-02
     1.902  0.1040E-01  0.5728E-02  0.2521E-02  0.1499E-02  0.2700E-01  0.3244E-02  0.2879E-02  0.1517E-02  0.5350E-03  0.1151E-02  0.2821E-02  0.6103E-02  0.5461E-02  0.1086E-02  0.3359E-02  0.8436E-02  0.2829E-03  0.1374E-02
     1.912  0.1053E-01  0.5760E-02  0.2509E-02  0.1431E-02  0.2760E-01  0.3279E-02  0.2974E-02  0.1546E-02  0.5527E-03  0.1170E-02  0.2755E-02  0.5436E-02  0.5442E-02  0.9183E-03  0.3439E-02  0.8462E-02  0.2594E-03  0.1158E-02
     1.922  0.1193E-01  0.5974E-02  0.2767E-02  0.1406E-02  0.3253E-01  0.3503E-02  0.3413E-02  0.1630E-02  0.5947E-03  0.1249E-02  0.2993E-02  0.4918E-02  0.6323E-02  0.9946E-03  0.3826E-02  0.8816E-02  0.2791E-03  0.1153E-02
     1.932  0.1112E-01  0.6676E-02  0.2475E-02  0.1603E-02  0.3300E-01  0.4124E-02  0.2650E-02  0.1799E-02  0.2999E-03  0.1417E-02  0.2692E-02  0.5543E-02  0.6905E-02  0.1396E-02  0.2825E-02  0.9649E-02  0.1982E-03  0.1451E-02
     1.942  0.1038E-01  0.5225E-02  0.2344E-02  0.1307E-02  0.3582E-01  0.3513E-02  0.1568E-02  0.1380E-02  0.1690E-03  0.9279E-03  0.2288E-02  0.4792E-02  0.8347E-02  0.1667E-02  0.1415E-02  0.7566E-02  0.1921E-03  0.1395E-02
     1.952  0.2130E-01  0.3768E-02  0.4876E-02  0.1023E-02  0.7368E-01  0.2885E-02  0.2630E-02  0.9469E-03  0.2940E-03  0.5169E-03  0.4761E-02  0.4109E-02  0.1757E-01  0.1915E-02  0.2213E-02  0.5350E-02  0.3765E-03  0.1299E-02
     1.962  0.4792E-01  0.3005E-02  0.1159E-01  0.9425E-03  0.1601E+00  0.2867E-02  0.5792E-02  0.6146E-03  0.1084E-02  0.3956E-03  0.1154E-01  0.3991E-02  0.3734E-01  0.2726E-02  0.4483E-02  0.3750E-02  0.6636E-03  0.1619E-02
     1.972  0.5310E-01  0.8940E-02  0.1265E-01  0.3537E-02  0.1797E+00  0.8191E-02  0.6798E-02  0.8025E-03  0.1284E-02  0.1263E-02  0.1235E-01  0.1534E-01  0.4148E-01  0.6571E-02  0.5258E-02  0.5290E-02  0.7115E-03  0.3621E-02
     1.982  0.5556E-01  0.9815E-02  0.1294E-01  0.3581E-02  0.1910E+00  0.9084E-02  0.7496E-02  0.9691E-03  0.1351E-02  0.1387E-02  0.1239E-01  0.1551E-01  0.4370E-01  0.7526E-02  0.5834E-02  0.6287E-02  0.7235E-03  0.3974E-02
     1.992  0.5212E-01  0.6251E-02  0.1194E-01  0.2305E-02  0.1829E+00  0.5972E-02  0.7393E-02  0.9554E-03  0.1058E-02  0.1107E-02  0.1131E-01  0.9975E-02  0.4142E-01  0.5309E-02  0.5865E-02  0.5816E-02  0.6365E-03  0.3026E-02
     2.002  0.4991E-01  0.4140E-02  0.1111E-01  0.1500E-02  0.1785E+00  0.4108E-02  0.7701E-02  0.9731E-03  0.9060E-03  0.9176E-03  0.1042E-01  0.6280E-02  0.4000E-01  0.3889E-02  0.6216E-02  0.5602E-02  0.5456E-03  0.1976E-02
     2.012  0.5413E-01  0.3961E-02  0.1184E-01  0.1363E-02  0.1946E+00  0.3951E-02  0.8824E-02  0.1043E-02  0.1082E-02  0.9696E-03  0.1105E-01  0.5574E-02  0.4357E-01  0.3716E-02  0.7161E-02  0.5815E-02  0.5849E-03  0.1842E-02
     2.022  0.5948E-01  0.6366E-02  0.1289E-01  0.1898E-02  0.2147E+00  0.6082E-02  0.9944E-02  0.2697E-02  0.1209E-02  0.2093E-02  0.1200E-01  0.7691E-02  0.4786E-01  0.6189E-02  0.8066E-02  0.1441E-01  0.6305E-03  0.2626E-02
     2.032  0.6451E-01  0.7158E-02  0.1386E-01  0.2095E-02  0.2338E+00  0.6732E-02  0.1091E-01  0.2947E-02  0.1256E-02  0.2353E-02  0.1285E-01  0.8400E-02  0.5160E-01  0.6224E-02  0.8819E-02  0.1534E-01  0.6513E-03  0.2938E-02
     2.042  0.9101E-01  0.7562E-02  0.1940E-01  0.2177E-02  0.3316E+00  0.7081E-02  0.1496E-01  0.3007E-02  0.1431E-02  0.2453E-02  0.1781E-01  0.8638E-02  0.7221E-01  0.6029E-02  0.1196E-01  0.1534E-01  0.7252E-03  0.3134E-02
     2.052  0.1844E+00  0.6301E-02  0.3878E-01  0.1790E-02  0.6765E+00  0.6058E-02  0.2950E-01  0.2295E-02  0.2146E-02  0.1967E-02  0.3505E-01  0.6865E-02  0.1453E+00  0.4983E-02  0.2326E-01  0.1163E-01  0.9191E-03  0.2479E-02
     2.062  0.1071E+00  0.5089E-02  0.2252E-01  0.1404E-02  0.3977E+00  0.5075E-02  0.1784E-01  0.1615E-02  0.1190E-02  0.1457E-02  0.2030E-01  0.5136E-02  0.8408E-01  0.3984E-02  0.1403E-01  0.8119E-02  0.4524E-03  0.1825E-02
     2.072  0.3883E-01  0.3964E-02  0.7839E-02  0.1024E-02  0.1496E+00  0.4202E-02  0.6866E-02  0.9722E-03  0.3281E-03  0.9244E-03  0.7153E-02  0.3465E-02  0.3097E-01  0.3061E-02  0.5363E-02  0.4803E-02  0.1252E-03  0.1172E-02
     2.082  0.5158E-01  0.3477E-02  0.1020E-01  0.9068E-03  0.2001E+00  0.3919E-02  0.9258E-02  0.5862E-03  0.4099E-03  0.6351E-03  0.9185E-02  0.2867E-02  0.4104E-01  0.2614E-02  0.7150E-02  0.2790E-02  0.1292E-03  0.8825E-03
     2.092  0.9760E-01  0.3334E-02  0.1840E-01  0.9068E-03  0.3912E+00  0.3920E-02  0.1815E-01  0.3802E-03  0.7232E-03  0.5435E-03  0.1595E-01  0.2743E-02  0.7946E-01  0.2431E-02  0.1393E-01  0.1639E-02  0.2696E-03  0.7967E-03
     2.102  0.1105E+00  0.3711E-02  0.2121E-01  0.1023E-02  0.4470E+00  0.4438E-02  0.2129E-01  0.4181E-03  0.8278E-03  0.4947E-03  0.1842E-01  0.2926E-02  0.8900E-01  0.2518E-02  0.1611E-01  0.1439E-02  0.2908E-03  0.8386E-03
     2.112  0.1272E+00  0.4416E-02  0.2476E-01  0.1197E-02  0.5188E+00  0.5388E-02  0.2515E-01  0.5203E-03  0.9859E-03  0.5339E-03  0.2157E-01  0.3331E-02  0.1018E+00  0.2953E-02  0.1887E-01  0.1746E-02  0.3587E-03  0.9165E-03
     2.122  0.1155E+00  0.5130E-02  0.2256E-01  0.1375E-02  0.4784E+00  0.6356E-02  0.2323E-01  0.6259E-03  0.9225E-03  0.5742E-03  0.1955E-01  0.3738E-02  0.9333E-01  0.3393E-02  0.1740E-01  0.2062E-02  0.4090E-03  0.9960E-03
     2.132  0.1181E+00  0.5914E-02  0.2320E-01  0.1570E-02  0.5030E+00  0.7420E-02  0.2255E-01  0.7598E-03  0.9739E-03  0.6256E-03  0.2003E-01  0.4165E-02  0.9859E-01  0.3842E-02  0.1635E-01  0.2442E-02  0.3870E-03  0.1074E-02
     2.142  0.9207E-01  0.9350E-02  0.1814E-01  0.2426E-02  0.3961E+00  0.1162E-01  0.1755E-01  0.1273E-02  0.8883E-03  0.8200E-03  0.1564E-01  0.6350E-02  0.7764E-01  0.5873E-02  0.1255E-01  0.4160E-02  0.3021E-03  0.2671E-02
     2.152  0.6801E-01  0.1387E-01  0.1345E-01  0.3537E-02  0.2957E+00  0.1686E-01  0.1299E-01  0.1870E-02  0.7770E-03  0.1123E-02  0.1155E-01  0.9516E-02  0.5799E-01  0.7454E-02  0.9134E-02  0.6010E-02  0.2192E-03  0.2720E-02
     2.162  0.4449E-01  0.1667E-01  0.8845E-02  0.4165E-02  0.1962E+00  0.2049E-01  0.8574E-02  0.2264E-02  0.6461E-03  0.1291E-02  0.7534E-02  0.1090E-01  0.3857E-01  0.8536E-02  0.5880E-02  0.7006E-02  0.1419E-03  0.2323E-02
     2.172  0.2495E-01  0.1756E-01  0.4711E-02  0.4258E-02  0.1102E+00  0.2195E-01  0.5340E-02  0.2497E-02  0.4126E-03  0.1354E-02  0.3983E-02  0.1057E-01  0.2140E-01  0.9081E-02  0.3676E-02  0.7534E-02  0.8018E-04  0.2195E-02
     2.182  0.3146E-01  0.1819E-01  0.5306E-02  0.4358E-02  0.1454E+00  0.2323E-01  0.7493E-02  0.2726E-02  0.5664E-03  0.1402E-02  0.4271E-02  0.1037E-01  0.2806E-01  0.9339E-02  0.5097E-02  0.7982E-02  0.9457E-04  0.2028E-02
     2.192  0.3729E-01  0.1903E-01  0.6151E-02  0.4489E-02  0.1771E+00  0.2471E-01  0.9371E-02  0.2872E-02  0.7242E-03  0.1472E-02  0.4863E-02  0.1041E-01  0.3369E-01  0.9977E-02  0.6243E-02  0.8320E-02  0.1301E-03  0.1974E-02
     2.202  0.4167E-01  0.2101E-01  0.6701E-02  0.4868E-02  0.2023E+00  0.2747E-01  0.1069E-01  0.3299E-02  0.8280E-03  0.1631E-02  0.5243E-02  0.1098E-01  0.3821E-01  0.1104E-01  0.6995E-02  0.9463E-02  0.1681E-03  0.1963E-02
     2.212  0.5143E-01  0.2167E-01  0.8008E-02  0.4922E-02  0.2600E+00  0.2892E-01  0.1350E-01  0.3177E-02  0.9193E-03  0.1548E-02  0.6163E-02  0.1092E-01  0.4768E-01  0.1155E-01  0.8405E-02  0.8657E-02  0.3052E-03  0.1719E-02
     2.222  0.5422E-01  0.1337E-01  0.7870E-02  0.2906E-02  0.2796E+00  0.1973E-01  0.1459E-01  0.1556E-02  0.9374E-03  0.7507E-03  0.5881E-02  0.5959E-02  0.5113E-01  0.8254E-02  0.9047E-02  0.3922E-02  0.3370E-03  0.9061E-03
     2.232  0.4534E-01  0.1499E-01  0.6499E-02  0.3156E-02  0.2380E+00  0.2288E-01  0.1190E-01  0.1725E-02  0.7681E-03  0.7643E-03  0.4836E-02  0.6265E-02  0.4376E-01  0.9465E-02  0.7315E-02  0.4192E-02  0.2962E-03  0.8684E-03
     2.242  0.4038E-01  0.1588E-01  0.5845E-02  0.3279E-02  0.2147E+00  0.2480E-01  0.1023E-01  0.1822E-02  0.6656E-03  0.7593E-03  0.4377E-02  0.6370E-02  0.3960E-01  0.1019E-01  0.6228E-02  0.4343E-02  0.2695E-03  0.8312E-03
     2.252  0.3580E-01  0.1697E-01  0.5242E-02  0.3445E-02  0.1933E+00  0.2705E-01  0.8806E-02  0.1996E-02  0.5791E-03  0.7701E-03  0.3955E-02  0.6567E-02  0.3572E-01  0.1106E-01  0.5300E-02  0.4730E-02  0.2459E-03  0.8242E-03
     2.262  0.4233E-01  0.1870E-01  0.6285E-02  0.3725E-02  0.2358E+00  0.3037E-01  0.9876E-02  0.2328E-02  0.6478E-03  0.8112E-03  0.4754E-02  0.6981E-02  0.4323E-01  0.1243E-01  0.5710E-02  0.5645E-02  0.2685E-03  0.8938E-03
     2.272  0.2711E-01  0.2066E-01  0.3964E-02  0.4052E-02  0.1522E+00  0.3412E-01  0.6996E-02  0.2662E-02  0.4958E-03  0.8553E-03  0.2986E-02  0.7483E-02  0.2730E-01  0.1399E-01  0.4091E-02  0.6551E-02  0.2039E-03  0.9944E-03
     2.282  0.1552E-01  0.2288E-01  0.2252E-02  0.4431E-02  0.8567E-01  0.3832E-01  0.4483E-02  0.2990E-02  0.3284E-03  0.9008E-03  0.1695E-02  0.8085E-02  0.1514E-01  0.1576E-01  0.2688E-02  0.7407E-02  0.9027E-04  0.1104E-02
     2.292  0.1462E-01  0.2531E-01  0.2115E-02  0.4851E-02  0.8195E-01  0.4289E-01  0.4321E-02  0.3308E-02  0.3149E-03  0.9471E-03  0.1596E-02  0.8764E-02  0.1440E-01  0.1771E-01  0.2575E-02  0.8209E-02  0.9475E-04  0.1223E-02
     2.302  0.1430E-01  0.2910E-01  0.2051E-02  0.5569E-02  0.8211E-01  0.4975E-01  0.4316E-02  0.3701E-02  0.3168E-03  0.1027E-02  0.1546E-02  0.1003E-01  0.1437E-01  0.2072E-01  0.2551E-02  0.9126E-02  0.1050E-03  0.1476E-02
     2.312  0.1401E-01  0.3691E-01  0.1992E-02  0.7112E-02  0.8240E-01  0.6346E-01  0.4342E-02  0.4305E-02  0.3215E-03  0.1191E-02  0.1499E-02  0.1287E-01  0.1436E-01  0.2693E-01  0.2546E-02  0.1030E-01  0.1158E-03  0.1988E-02
     2.322  0.1372E-01  0.4089E-01  0.1934E-02  0.7766E-02  0.8268E-01  0.7105E-01  0.4394E-02  0.4537E-02  0.3285E-03  0.1219E-02  0.1454E-02  0.1379E-01  0.1433E-01  0.3005E-01  0.2558E-02  0.1040E-01  0.1271E-03  0.1875E-02
     2.332  0.1351E-01  0.4264E-01  0.1891E-02  0.8051E-02  0.8327E-01  0.7486E-01  0.4492E-02  0.4608E-02  0.3389E-03  0.1190E-02  0.1420E-02  0.1412E-01  0.1434E-01  0.3146E-01  0.2600E-02  0.1026E-01  0.1390E-03  0.1673E-02
     2.342  0.1374E-01  0.4502E-01  0.1924E-02  0.8297E-02  0.8598E-01  0.8081E-01  0.4746E-02  0.4551E-02  0.3593E-03  0.1013E-02  0.1445E-02  0.1402E-01  0.1468E-01  0.3364E-01  0.2740E-02  0.9516E-02  0.1529E-03  0.1427E-02
     2.352  0.1375E-01  0.4391E-01  0.1933E-02  0.7960E-02  0.8719E-01  0.8075E-01  0.4960E-02  0.4257E-02  0.3724E-03  0.8256E-03  0.1457E-02  0.1301E-01  0.1471E-01  0.3326E-01  0.2858E-02  0.8374E-02  0.1660E-03  0.1210E-02
     2.362  0.2709E-01  0.4145E-01  0.3814E-02  0.7411E-02  0.1840E+00  0.7828E-01  0.9476E-02  0.3923E-02  0.5153E-03  0.6596E-03  0.2777E-02  0.1170E-01  0.3021E-01  0.3187E-01  0.5202E-02  0.7283E-02  0.3814E-03  0.1013E-02
     2.372  0.1608E-01  0.3975E-01  0.2339E-02  0.6994E-02  0.1067E+00  0.7712E-01  0.6295E-02  0.3702E-02  0.3968E-03  0.5381E-03  0.1786E-02  0.1064E-01  0.1722E-01  0.3109E-01  0.3555E-02  0.6506E-02  0.2555E-03  0.8687E-03
     2.382  0.1409E-01  0.4144E-01  0.2018E-02  0.7164E-02  0.9362E-01  0.8174E-01  0.5642E-02  0.3799E-02  0.3482E-03  0.5157E-03  0.1539E-02  0.1063E-01  0.1506E-01  0.3285E-01  0.3181E-02  0.6374E-02  0.2250E-03  0.8158E-03
     2.392  0.1228E-01  0.4183E-01  0.1717E-02  0.7284E-02  0.8163E-01  0.8354E-01  0.5023E-02  0.3841E-02  0.3026E-03  0.5166E-03  0.1301E-02  0.1083E-01  0.1309E-01  0.3334E-01  0.2819E-02  0.6272E-02  0.1953E-03  0.7695E-03
     2.402  0.1061E-01  0.5161E-01  0.1429E-02  0.9256E-02  0.7059E-01  0.1034E+00  0.4428E-02  0.4713E-02  0.2577E-03  0.6777E-03  0.1068E-02  0.1424E-01  0.1126E-01  0.4119E-01  0.2459E-02  0.7629E-02  0.1663E-03  0.8895E-03
     2.412  0.9121E-02  0.4623E-01  0.1161E-02  0.8053E-02  0.6090E-01  0.9591E-01  0.3868E-02  0.4708E-02  0.2156E-03  0.6085E-03  0.8422E-03  0.1177E-01  0.9657E-02  0.3697E-01  0.2110E-02  0.7415E-02  0.1392E-03  0.7400E-03
     2.422  0.8345E-02  0.4351E-01  0.1033E-02  0.7410E-02  0.5636E-01  0.9282E-01  0.3640E-02  0.4901E-02  0.2027E-03  0.5985E-03  0.7381E-03  0.1031E-01  0.8878E-02  0.3461E-01  0.1965E-02  0.7500E-02  0.1309E-03  0.6424E-03
     2.432  0.7711E-02  0.4368E-01  0.9583E-03  0.7449E-02  0.5301E-01  0.9474E-01  0.3495E-02  0.5331E-02  0.2027E-03  0.6531E-03  0.6869E-03  0.1028E-01  0.8302E-02  0.3454E-01  0.1879E-02  0.8205E-02  0.1295E-03  0.6624E-03
     2.443  0.7180E-02  0.4373E-01  0.9006E-03  0.7473E-02  0.5014E-01  0.9637E-01  0.3369E-02  0.5785E-02  0.2035E-03  0.7135E-03  0.6473E-03  0.1023E-01  0.7817E-02  0.3427E-01  0.1806E-02  0.8944E-02  0.1280E-03  0.6809E-03
     2.453  0.6857E-02  0.4630E-01  0.8753E-03  0.7896E-02  0.4826E-01  0.1028E+00  0.3285E-02  0.6446E-02  0.2056E-03  0.7956E-03  0.6295E-03  0.1072E-01  0.7522E-02  0.3594E-01  0.1759E-02  0.9964E-02  0.1264E-03  0.7311E-03
     2.463  0.6491E-02  0.5057E-01  0.8160E-03  0.8579E-02  0.4755E-01  0.1124E+00  0.3396E-02  0.7251E-02  0.2111E-03  0.8931E-03  0.5855E-03  0.1156E-01  0.7281E-02  0.3890E-01  0.1799E-02  0.1117E-01  0.1303E-03  0.8007E-03
     2.473  0.6170E-02  0.5530E-01  0.7620E-03  0.9295E-02  0.4742E-01  0.1235E+00  0.3578E-02  0.8064E-02  0.2182E-03  0.9872E-03  0.5451E-03  0.1230E-01  0.7085E-02  0.4231E-01  0.1869E-02  0.1223E-01  0.1368E-03  0.8359E-03
     2.483  0.5797E-02  0.5965E-01  0.7253E-03  0.9784E-02  0.4627E-01  0.1354E+00  0.3631E-02  0.8347E-02  0.2245E-03  0.9592E-03  0.5187E-03  0.1227E-01  0.6793E-02  0.4626E-01  0.1872E-02  0.1186E-01  0.1422E-03  0.6917E-03
     2.493  0.5671E-02  0.5966E-01  0.7869E-03  0.9685E-02  0.4739E-01  0.1367E+00  0.3979E-02  0.8198E-02  0.2820E-03  0.8959E-03  0.5698E-03  0.1190E-01  0.7050E-02  0.4670E-01  0.2039E-02  0.1131E-01  0.1830E-03  0.6194E-03
     2.503  0.5897E-02  0.5919E-01  0.8833E-03  0.9509E-02  0.5188E-01  0.1370E+00  0.4650E-02  0.7995E-02  0.3535E-03  0.8311E-03  0.6390E-03  0.1144E-01  0.7620E-02  0.4680E-01  0.2349E-02  0.1070E-01  0.2279E-03  0.5517E-03
     2.513  0.5009E-02  0.5825E-01  0.7553E-03  0.9257E-02  0.4424E-01  0.1362E+00  0.3797E-02  0.7740E-02  0.2857E-03  0.7646E-03  0.5407E-03  0.1091E-01  0.6415E-02  0.4656E-01  0.1892E-02  0.1005E-01  0.1854E-03  0.4887E-03
     2.523  0.4426E-02  0.5843E-01  0.6926E-03  0.9139E-02  0.3951E-01  0.1385E+00  0.3389E-02  0.7652E-02  0.2624E-03  0.7121E-03  0.4944E-03  0.1050E-01  0.5722E-02  0.4742E-01  0.1676E-02  0.9642E-02  0.1714E-03  0.4421E-03
     2.533  0.3941E-02  0.6382E-01  0.6403E-03  0.9833E-02  0.3569E-01  0.1530E+00  0.3102E-02  0.8381E-02  0.2461E-03  0.7363E-03  0.4556E-03  0.1105E-01  0.5154E-02  0.5224E-01  0.1522E-02  0.1040E-01  0.1621E-03  0.4426E-03
     2.543  0.3473E-02  0.6738E-01  0.5882E-03  0.1039E-01  0.3199E-01  0.1627E+00  0.2828E-02  0.8828E-02  0.2299E-03  0.7565E-03  0.4167E-03  0.1162E-01  0.4601E-02  0.5534E-01  0.1375E-02  0.1079E-01  0.1531E-03  0.4433E-03
     2.553  0.3019E-02  0.7140E-01  0.5364E-03  0.1112E-01  0.2839E-01  0.1737E+00  0.2567E-02  0.9297E-02  0.2138E-03  0.7742E-03  0.3777E-03  0.1248E-01  0.4064E-02  0.5869E-01  0.1234E-02  0.1114E-01  0.1443E-03  0.4401E-03
     2.563  0.2581E-02  0.9432E-01  0.4849E-03  0.1480E-01  0.2491E-01  0.2344E+00  0.2319E-02  0.1200E-01  0.1978E-03  0.9744E-03  0.3385E-03  0.1642E-01  0.3541E-02  0.7935E-01  0.1100E-02  0.1403E-01  0.1357E-03  0.5845E-03
     2.573  0.2165E-02  0.1208E+00  0.4343E-03  0.1883E-01  0.2156E-01  0.3060E+00  0.2086E-02  0.1500E-01  0.1818E-03  0.1219E-02  0.2998E-03  0.2043E-01  0.3038E-02  0.1041E+00  0.9735E-03  0.1708E-01  0.1273E-03  0.7067E-03
     2.583  0.1866E-02  0.1196E+00  0.3970E-03  0.1817E-01  0.1880E-01  0.3071E+00  0.1885E-02  0.1542E-01  0.1662E-03  0.1189E-02  0.2703E-03  0.1908E-01  0.2636E-02  0.1031E+00  0.8680E-03  0.1740E-01  0.1187E-03  0.6420E-03
     2.593  0.1728E-02  0.1182E+00  0.3898E-03  0.1750E-01  0.1797E-01  0.3079E+00  0.1895E-02  0.1578E-01  0.1660E-03  0.1166E-02  0.2627E-03  0.1775E-01  0.2438E-02  0.1021E+00  0.8396E-03  0.1760E-01  0.1290E-03  0.5763E-03
     2.603  0.1678E-02  0.1143E+00  0.4015E-03  0.1650E-01  0.1826E-01  0.3037E+00  0.2015E-02  0.1494E-01  0.1722E-03  0.9928E-03  0.2689E-03  0.1590E-01  0.2359E-02  0.1007E+00  0.8541E-03  0.1580E-01  0.1478E-03  0.4426E-03
     2.613  0.1623E-02  0.1332E+00  0.4155E-03  0.1908E-01  0.1842E-01  0.3568E+00  0.2102E-02  0.1733E-01  0.1790E-03  0.1072E-02  0.2760E-03  0.1815E-01  0.2341E-02  0.1181E+00  0.8781E-03  0.1811E-01  0.1584E-03  0.4661E-03
     2.623  0.1617E-02  0.1535E+00  0.4413E-03  0.2188E-01  0.1914E-01  0.4150E+00  0.2233E-02  0.2002E-01  0.1893E-03  0.1162E-02  0.2903E-03  0.2056E-01  0.2404E-02  0.1368E+00  0.9248E-03  0.2066E-01  0.1702E-03  0.4998E-03
     2.633  0.1585E-02  0.4083E+00  0.4509E-03  0.5278E-01  0.1950E-01  0.1116E+01  0.2332E-02  0.6162E-01  0.1966E-03  0.2509E-02  0.2949E-03  0.4405E-01  0.2432E-02  0.3569E+00  0.9613E-03  0.6764E-01  0.1776E-03  0.8572E-03
     2.643  0.1526E-02  0.2059E+00  0.4369E-03  0.2743E-01  0.1939E-01  0.5745E+00  0.2383E-02  0.2947E-01  0.1976E-03  0.1313E-02  0.2844E-03  0.2375E-01  0.2408E-02  0.1853E+00  0.9802E-03  0.3114E-01  0.1792E-03  0.5901E-03
     2.653  0.1457E-02  0.1615E+00  0.4052E-03  0.2149E-01  0.1903E-01  0.4583E+00  0.2373E-02  0.2303E-01  0.1891E-03  0.1054E-02  0.2597E-03  0.1857E-01  0.2353E-02  0.1478E+00  0.9753E-03  0.2407E-01  0.1743E-03  0.5347E-03
     2.663  0.1268E-02  0.1200E+00  0.3627E-03  0.1597E-01  0.1690E-01  0.3475E+00  0.2016E-02  0.1737E-01  0.1563E-03  0.8456E-03  0.2322E-03  0.1377E-01  0.2073E-02  0.1114E+00  0.8055E-03  0.1808E-01  0.1505E-03  0.5088E-03
     2.673  0.1172E-02  0.1089E+00  0.3285E-03  0.1442E-01  0.1605E-01  0.3184E+00  0.1952E-02  0.1589E-01  0.1454E-03  0.7655E-03  0.2061E-03  0.1239E-01  0.1956E-02  0.1019E+00  0.7699E-03  0.1656E-01  0.1437E-03  0.5083E-03
     2.683  0.1075E-02  0.1010E+00  0.2946E-03  0.1330E-01  0.1518E-01  0.2980E+00  0.1905E-02  0.1489E-01  0.1361E-03  0.7001E-03  0.1799E-03  0.1138E-01  0.1833E-02  0.9515E-01  0.7391E-03  0.1557E-01  0.1378E-03  0.5099E-03
     2.693  0.7825E-03  0.9085E-01  0.2454E-03  0.1191E-01  0.1132E-01  0.2704E+00  0.1649E-02  0.1350E-01  0.1268E-03  0.6271E-03  0.1406E-03  0.1016E-01  0.1449E-02  0.8620E-01  0.6477E-03  0.1413E-01  0.1071E-03  0.5023E-03
     2.703  0.5113E-03  0.7667E-01  0.2155E-03  0.1005E-01  0.7740E-02  0.2303E+00  0.1392E-02  0.1145E-01  0.1200E-03  0.5375E-03  0.1158E-03  0.8624E-02  0.1108E-02  0.7338E-01  0.5627E-03  0.1197E-01  0.7712E-04  0.4827E-03
     2.713  0.4837E-03  0.6432E-01  0.2232E-03  0.8433E-02  0.7655E-02  0.1949E+00  0.1442E-02  0.9715E-02  0.1244E-03  0.4790E-03  0.1180E-03  0.7274E-02  0.1085E-02  0.6212E-01  0.5738E-03  0.1021E-01  0.7921E-04  0.4584E-03
     2.723  0.4566E-03  0.5451E-01  0.2312E-03  0.7131E-02  0.7573E-02  0.1668E+00  0.1492E-02  0.8343E-02  0.1288E-03  0.4469E-03  0.1204E-03  0.6170E-02  0.1064E-02  0.5322E-01  0.5849E-03  0.8863E-02  0.8131E-04  0.4294E-03
     2.733  0.4299E-03  0.4632E-01  0.2394E-03  0.6038E-02  0.7491E-02  0.1431E+00  0.1543E-02  0.7217E-02  0.1332E-03  0.4240E-03  0.1228E-03  0.5235E-02  0.1042E-02  0.4576E-01  0.5962E-03  0.7794E-02  0.8342E-04  0.3984E-03
     2.743  0.4096E-03  0.3842E-01  0.2456E-03  0.5000E-02  0.7456E-02  0.1202E+00  0.1612E-02  0.6090E-02  0.1383E-03  0.4028E-03  0.1233E-03  0.4359E-02  0.1012E-02  0.3857E-01  0.6155E-03  0.6708E-02  0.8535E-04  0.3632E-03
     2.753  0.4105E-03  0.3183E-01  0.2524E-03  0.4142E-02  0.7870E-02  0.1012E+00  0.1718E-02  0.5143E-02  0.1483E-03  0.3878E-03  0.1235E-03  0.3637E-02  0.1010E-02  0.3262E-01  0.6451E-03  0.5776E-02  0.8843E-04  0.3358E-03
     2.763  0.4176E-03  0.2802E-01  0.2623E-03  0.3626E-02  0.8442E-02  0.9114E-01  0.1844E-02  0.4745E-02  0.1613E-03  0.3829E-03  0.1244E-03  0.3168E-02  0.1016E-02  0.2910E-01  0.6810E-03  0.5388E-02  0.9189E-04  0.3380E-03
     2.773  0.4154E-03  0.2516E-01  0.2655E-03  0.3140E-02  0.8641E-02  0.8536E-01  0.1959E-02  0.4686E-02  0.1687E-03  0.3989E-03  0.1227E-03  0.2633E-02  0.1019E-02  0.2651E-01  0.7150E-03  0.5398E-02  0.9562E-04  0.3541E-03
     2.783  0.4099E-03  0.2482E-01  0.2682E-03  0.3082E-02  0.8660E-02  0.8577E-01  0.2018E-02  0.4719E-02  0.1715E-03  0.4166E-03  0.1220E-03  0.2561E-02  0.1017E-02  0.2646E-01  0.7294E-03  0.5423E-02  0.9850E-04  0.3801E-03
     2.793  0.4014E-03  0.2265E-01  0.2749E-03  0.2865E-02  0.8655E-02  0.8083E-01  0.2092E-02  0.4347E-02  0.1750E-03  0.4332E-03  0.1243E-03  0.2428E-02  0.1018E-02  0.2502E-01  0.7429E-03  0.4939E-02  0.1013E-03  0.4003E-03
     2.803  0.3983E-03  0.2078E-01  0.3087E-03  0.2689E-02  0.8939E-02  0.7669E-01  0.2210E-02  0.4040E-02  0.1844E-03  0.4530E-03  0.1400E-03  0.2343E-02  0.1046E-02  0.2380E-01  0.7738E-03  0.4566E-02  0.1057E-03  0.4177E-03
     2.813  0.3971E-03  0.2025E-01  0.3625E-03  0.2657E-02  0.9416E-02  0.7583E-01  0.2346E-02  0.3980E-02  0.1965E-03  0.4715E-03  0.1646E-03  0.2348E-02  0.1091E-02  0.2354E-01  0.8108E-03  0.4494E-02  0.1107E-03  0.4422E-03
     2.823  0.3957E-03  0.1977E-01  0.4013E-03  0.2621E-02  0.9764E-02  0.7500E-01  0.2442E-02  0.3942E-02  0.2071E-03  0.4894E-03  0.1807E-03  0.2344E-02  0.1125E-02  0.2328E-01  0.8326E-03  0.4446E-02  0.1163E-03  0.4594E-03
     2.833  0.3941E-03  0.1935E-01  0.4314E-03  0.2577E-02  0.1004E-01  0.7414E-01  0.2515E-02  0.3931E-02  0.2169E-03  0.5057E-03  0.1914E-03  0.2330E-02  0.1153E-02  0.2302E-01  0.8449E-03  0.4431E-02  0.1225E-03  0.4653E-03
     2.843  0.3888E-03  0.1890E-01  0.4293E-03  0.2526E-02  0.1015E-01  0.7317E-01  0.2591E-02  0.3921E-02  0.2245E-03  0.5224E-03  0.1943E-03  0.2310E-02  0.1162E-02  0.2272E-01  0.8568E-03  0.4417E-02  0.1225E-03  0.4713E-03
     2.853  0.3828E-03  0.1842E-01  0.4242E-03  0.2470E-02  0.1023E-01  0.7208E-01  0.2670E-02  0.3910E-02  0.2320E-03  0.5394E-03  0.1961E-03  0.2285E-02  0.1170E-02  0.2239E-01  0.8690E-03  0.4406E-02  0.1218E-03  0.4773E-03
     2.863  0.3765E-03  0.1778E-01  0.4196E-03  0.2393E-02  0.1030E-01  0.7017E-01  0.2751E-02  0.3790E-02  0.2395E-03  0.5236E-03  0.1976E-03  0.2243E-02  0.1176E-02  0.2171E-01  0.8816E-03  0.4256E-02  0.1211E-03  0.4516E-03
     2.873  0.3699E-03  0.1710E-01  0.4156E-03  0.2309E-02  0.1036E-01  0.6808E-01  0.2836E-02  0.3661E-02  0.2472E-03  0.5045E-03  0.1988E-03  0.2195E-02  0.1181E-02  0.2095E-01  0.8945E-03  0.4098E-02  0.1205E-03  0.4223E-03
     2.883  0.3603E-03  0.1640E-01  0.4105E-03  0.2221E-02  0.1032E-01  0.6589E-01  0.2832E-02  0.3540E-02  0.2468E-03  0.4863E-03  0.1992E-03  0.2141E-02  0.1165E-02  0.2016E-01  0.8864E-03  0.3948E-02  0.1155E-03  0.3934E-03
     2.893  0.2893E-03  0.1312E-01  0.3758E-03  0.1797E-02  0.8662E-02  0.5278E-01  0.2510E-02  0.2883E-02  0.2086E-03  0.3929E-03  0.1855E-03  0.1756E-02  0.1004E-02  0.1646E-01  0.7667E-03  0.3235E-02  0.9475E-04  0.2989E-03
     2.903  0.2561E-03  0.1253E-01  0.3644E-03  0.1715E-02  0.7982E-02  0.5087E-01  0.2318E-02  0.2787E-02  0.1847E-03  0.3663E-03  0.1800E-03  0.1692E-02  0.9257E-03  0.1577E-01  0.6972E-03  0.3105E-02  0.8258E-04  0.2776E-03
     2.913  0.2438E-03  0.1194E-01  0.3663E-03  0.1632E-02  0.7812E-02  0.4894E-01  0.2227E-02  0.2697E-02  0.1719E-03  0.3399E-03  0.1793E-03  0.1627E-02  0.8851E-03  0.1508E-01  0.6645E-03  0.2981E-02  0.7620E-04  0.2574E-03
     2.923  0.2288E-03  0.1130E-01  0.3693E-03  0.1545E-02  0.7572E-02  0.4697E-01  0.2140E-02  0.2648E-02  0.1598E-03  0.3352E-03  0.1779E-03  0.1561E-02  0.8349E-03  0.1445E-01  0.6323E-03  0.2918E-02  0.7010E-04  0.2577E-03
     2.933  0.2154E-03  0.1043E-01  0.3766E-03  0.1435E-02  0.7412E-02  0.4413E-01  0.2116E-02  0.2573E-02  0.1535E-03  0.3306E-03  0.1768E-03  0.1480E-02  0.8010E-03  0.1354E-01  0.6135E-03  0.2837E-02  0.6722E-04  0.2577E-03
     2.943  0.2039E-03  0.9499E-02  0.3890E-03  0.1317E-02  0.7346E-02  0.4102E-01  0.2150E-02  0.2499E-02  0.1524E-03  0.3254E-03  0.1762E-03  0.1393E-02  0.7841E-03  0.1254E-01  0.6067E-03  0.2760E-02  0.6737E-04  0.2575E-03
     2.953  0.1923E-03  0.8450E-02  0.4088E-03  0.1184E-02  0.7315E-02  0.3753E-01  0.2218E-02  0.2434E-02  0.1510E-03  0.3197E-03  0.1767E-03  0.1298E-02  0.7698E-03  0.1142E-01  0.6042E-03  0.2689E-02  0.6908E-04  0.2610E-03
     2.963  0.1806E-03  0.7482E-02  0.4296E-03  0.1057E-02  0.7280E-02  0.3449E-01  0.2301E-02  0.2462E-02  0.1497E-03  0.3203E-03  0.1775E-03  0.1207E-02  0.7541E-03  0.1040E-01  0.6042E-03  0.2703E-02  0.7106E-04  0.2810E-03
     2.973  0.1707E-03  0.6083E-02  0.4566E-03  0.7530E-03  0.7314E-02  0.2901E-01  0.2461E-02  0.2339E-02  0.1506E-03  0.2758E-03  0.1810E-03  0.7862E-03  0.7448E-03  0.8460E-02  0.6185E-03  0.2316E-02  0.7609E-04  0.2982E-03
     2.983  0.1622E-03  0.5141E-02  0.4832E-03  0.6067E-03  0.7381E-02  0.2560E-01  0.2661E-02  0.2267E-02  0.1522E-03  0.2568E-03  0.1856E-03  0.6344E-03  0.7387E-03  0.7325E-02  0.6420E-03  0.2174E-02  0.8320E-04  0.3062E-03
     2.993  0.1393E-03  0.4486E-02  0.4555E-03  0.5144E-03  0.6732E-02  0.2332E-01  0.2359E-02  0.2244E-02  0.1334E-03  0.2478E-03  0.1384E-03  0.5479E-03  0.6431E-03  0.6557E-02  0.5072E-03  0.2110E-02  0.8603E-04  0.3154E-03
     3.003  0.1269E-03  0.4276E-02  0.4503E-03  0.4826E-03  0.6439E-02  0.2266E-01  0.2305E-02  0.2267E-02  0.1244E-03  0.2487E-03  0.1224E-03  0.5104E-03  0.5965E-03  0.6277E-02  0.4664E-03  0.2089E-02  0.8786E-04  0.3244E-03
     3.013  0.1232E-03  0.4070E-02  0.4532E-03  0.4518E-03  0.6390E-02  0.2200E-01  0.2324E-02  0.2292E-02  0.1223E-03  0.2499E-03  0.1167E-03  0.4746E-03  0.5784E-03  0.6002E-02  0.4552E-03  0.2071E-02  0.8996E-04  0.3327E-03
     3.023  0.1214E-03  0.3867E-02  0.4583E-03  0.4219E-03  0.6389E-02  0.2136E-01  0.2358E-02  0.2318E-02  0.1228E-03  0.2513E-03  0.1124E-03  0.4403E-03  0.5641E-03  0.5731E-02  0.4488E-03  0.2056E-02  0.9213E-04  0.3404E-03
     3.033  0.1196E-03  0.3781E-02  0.4641E-03  0.4038E-03  0.6390E-02  0.2115E-01  0.2396E-02  0.2392E-02  0.1235E-03  0.2538E-03  0.1085E-03  0.4156E-03  0.5498E-03  0.5551E-02  0.4435E-03  0.2080E-02  0.9406E-04  0.3485E-03
     3.043  0.1203E-03  0.3746E-02  0.4789E-03  0.3905E-03  0.6467E-02  0.2112E-01  0.2457E-02  0.2484E-02  0.1245E-03  0.2575E-03  0.1057E-03  0.3939E-03  0.5340E-03  0.5413E-02  0.4427E-03  0.2116E-02  0.9596E-04  0.3565E-03
     3.053  0.1214E-03  0.3713E-02  0.4933E-03  0.3776E-03  0.6566E-02  0.2113E-01  0.2521E-02  0.2572E-02  0.1261E-03  0.2623E-03  0.1029E-03  0.3717E-03  0.5184E-03  0.5280E-02  0.4423E-03  0.2148E-02  0.9774E-04  0.3642E-03
     3.063  0.1228E-03  0.3682E-02  0.5059E-03  0.3650E-03  0.6676E-02  0.2115E-01  0.2585E-02  0.2658E-02  0.1283E-03  0.2683E-03  0.9972E-04  0.3490E-03  0.5033E-03  0.5154E-02  0.4417E-03  0.2175E-02  0.9938E-04  0.3715E-03
     3.073  0.1242E-03  0.3269E-02  0.5165E-03  0.3050E-03  0.6798E-02  0.1868E-01  0.2650E-02  0.2456E-02  0.1309E-03  0.2327E-03  0.9630E-04  0.2935E-03  0.4887E-03  0.4426E-02  0.4408E-03  0.2006E-02  0.1009E-03  0.2781E-03
     3.083  0.1104E-03  0.2421E-02  0.4764E-03  0.2234E-03  0.6038E-02  0.1324E-01  0.2504E-02  0.1818E-02  0.1181E-03  0.1589E-03  0.8465E-04  0.2144E-03  0.4044E-03  0.3245E-02  0.4124E-03  0.1525E-02  0.7856E-04  0.1636E-03
     3.093  0.7383E-04  0.1938E-02  0.2987E-03  0.1840E-03  0.3868E-02  0.1023E-01  0.1962E-02  0.1450E-02  0.7867E-04  0.1254E-03  0.5654E-04  0.1766E-03  0.2637E-03  0.2640E-02  0.3228E-03  0.1265E-02  0.4368E-04  0.1099E-03
     3.103  0.5294E-04  0.1891E-02  0.2024E-03  0.1803E-03  0.2651E-02  0.1011E-01  0.1675E-02  0.1496E-02  0.6005E-04  0.1307E-03  0.4063E-04  0.1763E-03  0.2021E-03  0.2595E-02  0.2780E-03  0.1307E-02  0.2836E-04  0.1132E-03
     3.113  0.5243E-04  0.1840E-02  0.2077E-03  0.1865E-03  0.2675E-02  0.1004E-01  0.1761E-02  0.1569E-02  0.6260E-04  0.1388E-03  0.4117E-04  0.1904E-03  0.2025E-03  0.2571E-02  0.2909E-03  0.1377E-02  0.2942E-04  0.1167E-03
     3.123  0.5230E-04  0.1813E-02  0.2420E-03  0.2161E-03  0.2815E-02  0.1035E-01  0.1950E-02  0.1769E-02  0.6771E-04  0.1579E-03  0.4500E-04  0.2383E-03  0.2123E-03  0.2664E-02  0.3207E-03  0.1573E-02  0.3116E-04  0.1241E-03
     3.133  0.5228E-04  0.1787E-02  0.3224E-03  0.2473E-03  0.3097E-02  0.1068E-01  0.2277E-02  0.1972E-02  0.7617E-04  0.1767E-03  0.5478E-04  0.2896E-03  0.2333E-03  0.2754E-02  0.3719E-03  0.1772E-02  0.3366E-04  0.1313E-03
      3.143  0.5148E-04  0.1548E-02  0.4333E-03  0.2548E-03  0.3403E-02  0.1024E-01  0.2646E-02  0.2161E-02  0.8554E-04  0.1949E-03  0.6948E-04  0.3291E-03  0.2557E-03  0.2604E-02  0.4276E-03  0.1957E-02  0.3600E-04  0.1426E-03
      3.153  0.4600E-04  0.1244E-02  0.5512E-03  0.2586E-03  0.3658E-02  0.9594E-02  0.3048E-02  0.2352E-02  0.9471E-04  0.2130E-03  0.8512E-04  0.3709E-03  0.2677E-03  0.2387E-02  0.4837E-03  0.2135E-02  0.4006E-04  0.1596E-03
      3.163  0.4210E-04  0.1144E-02  0.6786E-03  0.3387E-03  0.3988E-02  0.9705E-02  0.3454E-02  0.2747E-02  0.1040E-03  0.2377E-03  0.1020E-03  0.5177E-03  0.2857E-03  0.2426E-02  0.5398E-03  0.2506E-02  0.4484E-04  0.1734E-03
      3.173  0.3893E-04  0.1058E-02  0.8759E-03  0.3518E-03  0.4364E-02  0.9639E-02  0.4016E-02  0.2596E-02  0.1147E-03  0.2313E-03  0.1322E-03  0.5275E-03  0.3090E-03  0.2397E-02  0.6232E-03  0.2380E-02  0.4906E-04  0.1697E-03
      3.183  0.3542E-04  0.9795E-03  0.9698E-03  0.3647E-03  0.4627E-02  0.9648E-02  0.4114E-02  0.2453E-02  0.1160E-03  0.2241E-03  0.1435E-03  0.5372E-03  0.3209E-03  0.2386E-02  0.6343E-03  0.2260E-02  0.4926E-04  0.1663E-03
      3.193  0.3253E-04  0.9120E-03  0.1003E-02  0.3775E-03  0.4870E-02  0.9575E-02  0.3978E-02  0.2326E-02  0.1130E-03  0.2115E-03  0.1431E-03  0.5485E-03  0.3299E-03  0.2346E-02  0.6092E-03  0.2139E-02  0.4834E-04  0.1631E-03
      3.203  0.3000E-04  0.8306E-03  0.1071E-02  0.3710E-03  0.5218E-02  0.8941E-02  0.3917E-02  0.2145E-02  0.1102E-03  0.1868E-03  0.1458E-03  0.5363E-03  0.3445E-03  0.2164E-02  0.5922E-03  0.1952E-02  0.4817E-04  0.1551E-03
      3.213  0.2710E-04  0.7510E-03  0.1097E-02  0.3620E-03  0.5064E-02  0.8313E-02  0.3679E-02  0.1964E-02  0.9922E-04  0.1627E-03  0.1444E-03  0.5201E-03  0.3267E-03  0.1983E-02  0.5474E-03  0.1765E-02  0.4621E-04  0.1475E-03
      3.223  0.2416E-04  0.6732E-03  0.1104E-02  0.3503E-03  0.4765E-02  0.7690E-02  0.3387E-02  0.1784E-02  0.8632E-04  0.1391E-03  0.1408E-03  0.4998E-03  0.2999E-03  0.1805E-02  0.4945E-03  0.1578E-02  0.4382E-04  0.1403E-03
      3.233  0.2133E-04  0.5973E-03  0.1105E-02  0.3361E-03  0.4465E-02  0.7073E-02  0.3092E-02  0.1604E-02  0.7374E-04  0.1160E-03  0.1361E-03  0.4755E-03  0.2733E-03  0.1629E-02  0.4414E-03  0.1392E-02  0.4153E-04  0.1335E-03
      3.243  0.1862E-04  0.5412E-03  0.1098E-02  0.3210E-03  0.4165E-02  0.6586E-02  0.2796E-02  0.1431E-02  0.6145E-04  0.9816E-04  0.1304E-03  0.4485E-03  0.2469E-03  0.1488E-02  0.3882E-03  0.1213E-02  0.3936E-04  0.1281E-03
      3.253  0.1613E-04  0.4980E-03  0.1088E-02  0.3045E-03  0.3874E-02  0.6183E-02  0.2498E-02  0.1262E-02  0.5016E-04  0.8411E-04  0.1238E-03  0.4184E-03  0.2216E-03  0.1370E-02  0.3351E-03  0.1038E-02  0.3737E-04  0.1238E-03
      3.263  0.1432E-04  0.5376E-03  0.1083E-02  0.3791E-03  0.3635E-02  0.6812E-02  0.2202E-02  0.1268E-02  0.4258E-04  0.7449E-04  0.1171E-03  0.5132E-03  0.2004E-03  0.1430E-02  0.2834E-03  0.1008E-02  0.3578E-04  0.1308E-03
      3.273  0.1308E-04  0.6866E-03  0.1073E-02  0.4748E-03  0.3410E-02  0.8780E-02  0.1969E-02  0.1397E-02  0.3550E-04  0.6719E-04  0.1095E-03  0.6206E-03  0.1802E-03  0.1691E-02  0.2402E-03  0.1067E-02  0.3476E-04  0.1545E-03
      3.283  0.1937E-04  0.4363E-03  0.2058E-02  0.2470E-03  0.5637E-02  0.5493E-02  0.2411E-02  0.9305E-03  0.3546E-04  0.4942E-04  0.1873E-03  0.3156E-03  0.2410E-03  0.1090E-02  0.2903E-03  0.6628E-03  0.4469E-04  0.1203E-03
      3.293  0.1227E-04  0.2591E-03  0.1087E-02  0.1314E-03  0.3305E-02  0.3277E-02  0.1595E-02  0.6702E-03  0.2390E-04  0.4136E-04  0.9191E-04  0.1692E-03  0.1484E-03  0.7200E-03  0.1676E-03  0.4568E-03  0.3460E-04  0.9350E-04
      3.303  0.7097E-05  0.2526E-03  0.5047E-03  0.1382E-03  0.1792E-02  0.3244E-02  0.1224E-02  0.6759E-03  0.1866E-04  0.4200E-04  0.4701E-04  0.1734E-03  0.9744E-04  0.7108E-03  0.1110E-03  0.4511E-03  0.2697E-04  0.9522E-04
      3.313  0.6869E-05  0.2458E-03  0.5314E-03  0.1450E-03  0.1776E-02  0.3208E-02  0.1254E-02  0.6810E-03  0.1873E-04  0.4282E-04  0.4809E-04  0.1772E-03  0.9568E-04  0.7020E-03  0.1086E-03  0.4450E-03  0.2737E-04  0.9678E-04
      3.323  0.6645E-05  0.2387E-03  0.5572E-03  0.1516E-03  0.1760E-02  0.3170E-02  0.1286E-02  0.6855E-03  0.1887E-04  0.4381E-04  0.4902E-04  0.1805E-03  0.9406E-04  0.6936E-03  0.1062E-03  0.4386E-03  0.2772E-04  0.9817E-04
      3.333  0.6426E-05  0.2324E-03  0.5819E-03  0.1584E-03  0.1744E-02  0.3144E-02  0.1318E-02  0.6923E-03  0.1908E-04  0.4525E-04  0.4980E-04  0.1838E-03  0.9259E-04  0.6891E-03  0.1038E-03  0.4345E-03  0.2801E-04  0.9958E-04
      3.343  0.6251E-05  0.2332E-03  0.6068E-03  0.1665E-03  0.1740E-02  0.3241E-02  0.1358E-02  0.7278E-03  0.1955E-04  0.4963E-04  0.5060E-04  0.1892E-03  0.9197E-04  0.7165E-03  0.1024E-03  0.4508E-03  0.2835E-04  0.1043E-03
      3.353  0.6263E-05  0.3227E-03  0.6365E-03  0.4121E-03  0.1790E-02  0.5819E-02  0.1424E-02  0.1067E-02  0.2092E-04  0.1168E-03  0.5206E-04  0.3898E-03  0.9483E-04  0.1292E-02  0.1058E-03  0.5852E-03  0.2907E-04  0.1736E-03
      3.363  0.8314E-05  0.4649E-03  0.1910E-02  0.8531E-03  0.3978E-02  0.9851E-02  0.2148E-02  0.1564E-02  0.5541E-04  0.1927E-03  0.1186E-03  0.7682E-03  0.1937E-03  0.2219E-02  0.1392E-03  0.7994E-03  0.4844E-04  0.2620E-03
      3.373  0.1189E-04  0.5550E-03  0.4314E-02  0.1049E-02  0.7713E-02  0.1284E-01  0.3022E-02  0.2189E-02  0.8778E-04  0.2054E-03  0.2519E-03  0.9487E-03  0.3710E-03  0.3091E-02  0.1820E-03  0.1096E-02  0.7154E-04  0.4656E-03
      3.383  0.1483E-04  0.5094E-03  0.4261E-02  0.8858E-03  0.8293E-02  0.1139E-01  0.3879E-02  0.1955E-02  0.8782E-04  0.1814E-03  0.2421E-03  0.8060E-03  0.4140E-03  0.2654E-02  0.2144E-03  0.9637E-03  0.1006E-03  0.4118E-03
      3.393  0.1988E-04  0.4505E-03  0.4293E-02  0.7097E-03  0.9373E-02  0.9672E-02  0.5439E-02  0.1756E-02  0.9995E-04  0.1587E-03  0.2318E-03  0.6467E-03  0.4787E-03  0.2176E-02  0.2815E-03  0.8438E-03  0.1548E-03  0.3524E-03
      3.403  0.1754E-04  0.3595E-03  0.3323E-02  0.5568E-03  0.7574E-02  0.7328E-02  0.4619E-02  0.1503E-02  0.8546E-04  0.1363E-03  0.1749E-03  0.5065E-03  0.3674E-03  0.1580E-02  0.2298E-03  0.6953E-03  0.1233E-03  0.2382E-03
      3.413  0.1513E-04  0.3632E-03  0.2550E-02  0.5091E-03  0.5777E-02  0.7142E-02  0.4017E-02  0.1823E-02  0.7354E-04  0.1372E-03  0.1317E-03  0.4641E-03  0.2670E-03  0.1441E-02  0.1858E-03  0.8008E-03  0.8632E-04  0.2306E-03
      3.423  0.1491E-04  0.3990E-03  0.2320E-02  0.4662E-03  0.5004E-02  0.7667E-02  0.4370E-02  0.2272E-02  0.7055E-04  0.1408E-03  0.1180E-03  0.4273E-03  0.2148E-03  0.1441E-02  0.1883E-03  0.9622E-03  0.6771E-04  0.2665E-03
      3.433  0.1845E-04  0.3877E-03  0.2308E-02  0.4214E-03  0.5851E-02  0.7414E-02  0.6013E-02  0.2422E-02  0.7431E-04  0.1365E-03  0.1103E-03  0.3850E-03  0.2259E-03  0.1362E-02  0.2508E-03  0.1021E-02  0.8193E-04  0.2746E-03
      3.443  0.1909E-04  0.3177E-03  0.2167E-02  0.3739E-03  0.5707E-02  0.6132E-02  0.6476E-02  0.2126E-02  0.7236E-04  0.1229E-03  0.9957E-04  0.3353E-03  0.2133E-03  0.1169E-02  0.2676E-03  0.9140E-03  0.8445E-04  0.2457E-03
      3.453  0.1704E-04  0.2650E-03  0.1908E-02  0.3294E-03  0.4736E-02  0.5135E-02  0.5735E-02  0.1874E-02  0.6600E-04  0.1127E-03  0.8655E-04  0.2900E-03  0.1792E-03  0.1004E-02  0.2338E-03  0.8101E-03  0.7662E-04  0.2225E-03
      3.463  0.1551E-04  0.2226E-03  0.1694E-02  0.2888E-03  0.4044E-02  0.4326E-02  0.5168E-02  0.1685E-02  0.6174E-04  0.1057E-03  0.7525E-04  0.2497E-03  0.1533E-03  0.8662E-03  0.2054E-03  0.7271E-03  0.7035E-04  0.2025E-03
      3.473  0.1448E-04  0.1867E-03  0.1508E-02  0.2612E-03  0.3497E-02  0.3656E-02  0.4790E-02  0.1514E-02  0.5885E-04  0.1004E-03  0.6524E-04  0.2202E-03  0.1339E-03  0.7521E-03  0.1852E-03  0.6493E-03  0.6484E-04  0.1833E-03
      3.483  0.1353E-04  0.1574E-03  0.1380E-02  0.2849E-03  0.3043E-02  0.3156E-02  0.4456E-02  0.1486E-02  0.5670E-04  0.9839E-04  0.5764E-04  0.2138E-03  0.1171E-03  0.6563E-03  0.1654E-03  0.6060E-03  0.5931E-04  0.1679E-03
      3.493  0.1390E-04  0.1369E-03  0.1660E-02  0.3714E-03  0.2641E-02  0.2882E-02  0.4579E-02  0.1627E-02  0.5496E-04  0.1020E-03  0.5339E-04  0.2383E-03  0.1013E-03  0.5852E-03  0.1486E-03  0.6093E-03  0.5432E-04  0.1575E-03
      3.503  0.1589E-04  0.1280E-03  0.2572E-02  0.4535E-03  0.2481E-02  0.2798E-02  0.5532E-02  0.1923E-02  0.5647E-04  0.1072E-03  0.5725E-04  0.2641E-03  0.8878E-04  0.5360E-03  0.1430E-03  0.6682E-03  0.5164E-04  0.1549E-03
      3.513  0.1869E-04  0.1221E-03  0.3494E-02  0.5311E-03  0.2474E-02  0.2760E-02  0.6927E-02  0.2280E-02  0.5848E-04  0.1133E-03  0.6152E-04  0.2897E-03  0.8040E-04  0.4936E-03  0.1510E-03  0.7481E-03  0.5121E-04  0.1543E-03
      3.523  0.2178E-04  0.1199E-03  0.4415E-02  0.6021E-03  0.2496E-02  0.2777E-02  0.8497E-02  0.2722E-02  0.6074E-04  0.1220E-03  0.6589E-04  0.3161E-03  0.7323E-04  0.4632E-03  0.1632E-03  0.8539E-03  0.5129E-04  0.1573E-03
      3.533  0.2505E-04  0.1246E-03  0.5339E-02  0.6780E-03  0.2534E-02  0.3001E-02  0.1017E-01  0.3260E-02  0.6328E-04  0.1348E-03  0.7057E-04  0.3580E-03  0.6735E-04  0.4757E-03  0.1772E-03  0.9943E-03  0.5188E-04  0.1650E-03
      3.543  0.2886E-04  0.1345E-03  0.6342E-02  0.7627E-03  0.2759E-02  0.3452E-02  0.1230E-01  0.3851E-02  0.7025E-04  0.1469E-03  0.8024E-04  0.4117E-03  0.6829E-04  0.5116E-03  0.2034E-03  0.1161E-02  0.5449E-04  0.1786E-03
      3.553  0.3303E-04  0.1462E-03  0.7354E-02  0.8777E-03  0.3000E-02  0.4026E-02  0.1456E-01  0.4459E-02  0.7740E-04  0.1579E-03  0.9044E-04  0.4724E-03  0.6949E-04  0.5623E-03  0.2318E-03  0.1336E-02  0.5755E-04  0.1967E-03
      3.563  0.4106E-04  0.1573E-03  0.8841E-02  0.9954E-03  0.3818E-02  0.4625E-02  0.1724E-01  0.5047E-02  0.8575E-04  0.1669E-03  0.1067E-03  0.5323E-03  0.7555E-04  0.6187E-03  0.2704E-03  0.1505E-02  0.6402E-04  0.2169E-03
      3.573  0.5190E-04  0.1678E-03  0.1137E-01  0.1110E-02  0.4792E-02  0.5246E-02  0.2001E-01  0.5615E-02  0.9369E-04  0.1739E-03  0.1278E-03  0.5904E-03  0.8311E-04  0.6803E-03  0.3084E-03  0.1667E-02  0.7198E-04  0.2390E-03
      3.583  0.6335E-04  0.2052E-03  0.1397E-01  0.1164E-02  0.5838E-02  0.7040E-02  0.2277E-01  0.6405E-02  0.1004E-03  0.1737E-03  0.1486E-03  0.6316E-03  0.9177E-04  0.9869E-03  0.3445E-03  0.1862E-02  0.8095E-04  0.4094E-03
      3.593  0.9002E-04  0.1394E-03  0.1751E-01  0.1116E-02  0.8384E-02  0.4680E-02  0.2709E-01  0.5046E-02  0.1040E-03  0.1341E-03  0.1748E-03  0.5098E-03  0.1323E-03  0.6392E-03  0.3752E-03  0.1370E-02  0.1255E-03  0.2584E-03
      3.603  0.9638E-04  0.1001E-03  0.2044E-01  0.1145E-02  0.8164E-02  0.3272E-02  0.2763E-01  0.4412E-02  0.8646E-04  0.1197E-03  0.1799E-03  0.4613E-03  0.1246E-03  0.4292E-03  0.3338E-03  0.1127E-02  0.1166E-03  0.1776E-03
      3.613  0.8161E-04  0.8672E-04  0.2362E-01  0.1195E-02  0.4417E-02  0.3179E-02  0.2469E-01  0.4167E-02  0.6999E-04  0.1121E-03  0.1785E-03  0.4394E-03  0.6105E-04  0.3966E-03  0.2464E-03  0.1015E-02  0.7063E-04  0.1468E-03
      3.623  0.9056E-04  0.7329E-04  0.2799E-01  0.1245E-02  0.4822E-02  0.3099E-02  0.2548E-01  0.3936E-02  0.6606E-04  0.1051E-03  0.1945E-03  0.4168E-03  0.5562E-04  0.3667E-03  0.2276E-03  0.9075E-03  0.6302E-04  0.1170E-03
      3.633  0.9991E-04  0.5522E-04  0.3251E-01  0.1325E-02  0.5257E-02  0.2934E-02  0.2633E-01  0.3680E-02  0.6223E-04  0.9664E-04  0.2109E-03  0.3695E-03  0.5055E-04  0.3279E-03  0.2094E-03  0.7941E-03  0.5575E-04  0.8496E-04
      3.643  0.1135E-03  0.4654E-04  0.3860E-01  0.1364E-02  0.5730E-02  0.3027E-02  0.2750E-01  0.3580E-02  0.5791E-04  0.9581E-04  0.2328E-03  0.3648E-03  0.4503E-04  0.3222E-03  0.1913E-03  0.7327E-03  0.4907E-04  0.6158E-04
      3.653  0.1273E-03  0.4605E-04  0.4404E-01  0.1416E-02  0.6504E-02  0.3271E-02  0.3009E-01  0.3696E-02  0.5550E-04  0.1010E-03  0.2538E-03  0.3698E-03  0.4517E-04  0.3491E-03  0.1845E-03  0.7354E-03  0.4540E-04  0.6063E-04
      3.663  0.1361E-03  0.2654E-04  0.4679E-01  0.1215E-02  0.7435E-02  0.2600E-02  0.3312E-01  0.2297E-02  0.5690E-04  0.7419E-04  0.2666E-03  0.2553E-03  0.5161E-04  0.2869E-03  0.1910E-03  0.3540E-03  0.4688E-04  0.5205E-04
      3.673  0.1402E-03  0.2400E-04  0.4815E-01  0.1237E-02  0.7608E-02  0.2479E-02  0.3165E-01  0.2269E-02  0.5080E-04  0.7186E-04  0.2674E-03  0.2477E-03  0.5544E-04  0.2752E-03  0.1518E-03  0.3269E-03  0.4323E-04  0.4877E-04
      3.683  0.1449E-03  0.2162E-04  0.5010E-01  0.1258E-02  0.7747E-02  0.2349E-02  0.3311E-01  0.2244E-02  0.4872E-04  0.6929E-04  0.2749E-03  0.2403E-03  0.6032E-04  0.2621E-03  0.1477E-03  0.3009E-03  0.4261E-04  0.4562E-04
      3.693  0.1492E-03  0.1953E-04  0.5214E-01  0.1286E-02  0.7916E-02  0.2217E-02  0.3528E-01  0.2285E-02  0.4797E-04  0.6727E-04  0.2842E-03  0.2342E-03  0.6567E-04  0.2489E-03  0.1520E-03  0.2852E-03  0.4260E-04  0.4300E-04
      3.703  0.1659E-03  0.2005E-04  0.5713E-01  0.1433E-02  0.8471E-02  0.2199E-02  0.4233E-01  0.3386E-02  0.6015E-04  0.8131E-04  0.3107E-03  0.2464E-03  0.7336E-04  0.2563E-03  0.1754E-03  0.4245E-03  0.4851E-04  0.4767E-04
      3.713  0.1847E-03  0.2035E-04  0.6276E-01  0.1580E-02  0.9060E-02  0.2166E-02  0.4994E-01  0.4324E-02  0.7608E-04  0.9811E-04  0.3412E-03  0.2585E-03  0.8167E-04  0.2591E-03  0.2006E-03  0.5284E-03  0.5484E-04  0.5164E-04
      3.723  0.2035E-03  0.2126E-04  0.6855E-01  0.1717E-02  0.9616E-02  0.2189E-02  0.5728E-01  0.5100E-02  0.9379E-04  0.1190E-03  0.3733E-03  0.2718E-03  0.9024E-04  0.2650E-03  0.2245E-03  0.6047E-03  0.6059E-04  0.5595E-04
      3.733  0.2202E-03  0.2068E-04  0.7352E-01  0.1858E-02  0.9960E-02  0.2297E-02  0.6289E-01  0.4566E-02  0.1129E-03  0.8380E-04  0.4015E-03  0.2553E-03  0.9501E-04  0.2555E-03  0.2422E-03  0.3857E-03  0.6537E-04  0.5778E-04
      3.743  0.2482E-03  0.2133E-04  0.8163E-01  0.1961E-02  0.1076E-01  0.2316E-02  0.6673E-01  0.4866E-02  0.9150E-04  0.8312E-04  0.4386E-03  0.2545E-03  0.1032E-03  0.2513E-03  0.2423E-03  0.3802E-03  0.6558E-04  0.5809E-04
      3.753  0.2651E-03  0.2200E-04  0.8776E-01  0.2064E-02  0.1093E-01  0.2335E-02  0.6981E-01  0.5170E-02  0.9313E-04  0.8244E-04  0.4767E-03  0.2537E-03  0.1065E-03  0.2469E-03  0.2506E-03  0.3748E-03  0.6844E-04  0.5836E-04
      3.763  0.2824E-03  0.2270E-04  0.9405E-01  0.2169E-02  0.1109E-01  0.2354E-02  0.7284E-01  0.5479E-02  0.9475E-04  0.8177E-04  0.5162E-03  0.2528E-03  0.1096E-03  0.2423E-03  0.2587E-03  0.3693E-03  0.7136E-04  0.5860E-04
      3.773  0.3001E-03  0.2391E-04  0.1005E+00  0.2300E-02  0.1124E-01  0.2421E-02  0.7580E-01  0.6056E-02  0.9637E-04  0.8122E-04  0.5570E-03  0.2536E-03  0.1125E-03  0.2401E-03  0.2667E-03  0.3651E-03  0.7434E-04  0.5973E-04
      3.783  0.3439E-03  0.2670E-04  0.1170E+00  0.2513E-02  0.1282E-01  0.2635E-02  0.8758E-01  0.7485E-02  0.1107E-03  0.8104E-04  0.6525E-03  0.2592E-03  0.1335E-03  0.2452E-03  0.3026E-03  0.3646E-03  0.8641E-04  0.6373E-04
      3.793  0.4011E-03  0.2959E-04  0.1387E+00  0.2729E-02  0.1509E-01  0.2854E-02  0.1038E+00  0.8961E-02  0.1301E-03  0.8086E-04  0.7773E-03  0.2646E-03  0.1638E-03  0.2500E-03  0.3530E-03  0.3642E-03  0.1025E-03  0.6763E-04
      3.803  0.4623E-03  0.3258E-04  0.1618E+00  0.2950E-02  0.1748E-01  0.3078E-02  0.1212E+00  0.1048E-01  0.1497E-03  0.8067E-04  0.9120E-03  0.2699E-03  0.1971E-03  0.2545E-03  0.4078E-03  0.3638E-03  0.1191E-03  0.7143E-04
      3.813  0.5274E-03  0.3568E-04  0.1864E+00  0.3174E-02  0.2001E-01  0.3307E-02  0.1397E+00  0.1205E-01  0.1695E-03  0.8049E-04  0.1057E-02  0.2749E-03  0.2332E-03  0.2586E-03  0.4670E-03  0.3636E-03  0.1363E-03  0.7515E-04
      3.823  0.5963E-03  0.3888E-04  0.2125E+00  0.3402E-02  0.2268E-01  0.3541E-02  0.1595E+00  0.1367E-01  0.1894E-03  0.8031E-04  0.1211E-02  0.2798E-03  0.2721E-03  0.2625E-03  0.5306E-03  0.3633E-03  0.1541E-03  0.7877E-04
      3.833  0.1811E-02  0.4219E-04  0.6935E+00  0.3633E-02  0.4690E-01  0.3780E-02  0.3693E+00  0.1533E-01  0.3765E-03  0.8013E-04  0.3755E-02  0.2846E-03  0.4302E-03  0.2659E-03  0.1164E-02  0.3632E-03  0.4071E-03  0.8229E-04
      3.844  0.2025E-02  0.4560E-04  0.7712E+00  0.3869E-02  0.6688E-01  0.4023E-02  0.5774E+00  0.1704E-01  0.4806E-03  0.7995E-04  0.4421E-02  0.2891E-03  0.9234E-03  0.2691E-03  0.2010E-02  0.3631E-03  0.4900E-03  0.8573E-04
      3.854  0.2179E-02  0.5082E-04  0.8910E+00  0.4333E-02  0.9168E-01  0.4289E-02  0.8081E+00  0.1993E-01  0.6075E-03  0.7940E-04  0.5960E-02  0.2933E-03  0.1543E-02  0.2717E-03  0.2763E-02  0.3645E-03  0.6330E-03  0.8891E-04
      3.864  0.2714E-02  0.5935E-04  0.1238E+01  0.5036E-02  0.1605E+00  0.4605E-02  0.1224E+01  0.2461E-01  0.8952E-03  0.7980E-04  0.7968E-02  0.2985E-03  0.2782E-02  0.2741E-03  0.4145E-02  0.3643E-03  0.7889E-03  0.9196E-04
      3.874  0.3863E-02  0.6822E-04  0.1652E+01  0.5763E-02  0.2532E+00  0.4928E-02  0.1860E+01  0.2948E-01  0.1254E-02  0.8012E-04  0.1144E-01  0.3031E-03  0.4859E-02  0.2761E-03  0.6243E-02  0.3645E-03  0.1080E-02  0.9475E-04
      3.884  0.1784E-02  0.7532E-04  0.9090E+00  0.6366E-02  0.1439E+00  0.5101E-02  0.5368E+00  0.3395E-01  0.7178E-03  0.8023E-04  0.6512E-02  0.3013E-03  0.2933E-02  0.2675E-03  0.1899E-02  0.3605E-03  0.2786E-03  0.9326E-04
      3.894  0.3882E-03  0.9220E-04  0.2491E+00  0.7750E-02  0.5198E-01  0.5992E-02  0.2542E+00  0.4651E-01  0.3071E-03  0.8630E-04  0.2068E-02  0.3391E-03  0.1322E-02  0.2891E-03  0.9144E-03  0.3816E-03  0.1201E-03  0.9283E-04
      3.904  0.8203E-03  0.1063E-03  0.4338E+00  0.8636E-02  0.8437E-01  0.6432E-02  0.4497E+00  0.5529E-01  0.5494E-03  0.8818E-04  0.3764E-02  0.3383E-03  0.2280E-02  0.2857E-03  0.2031E-02  0.3979E-03  0.2282E-03  0.9167E-04
      3.914  0.5578E-03  0.1239E-03  0.3072E+00  0.9690E-02  0.6303E-01  0.7062E-02  0.3535E+00  0.6743E-01  0.4589E-03  0.9290E-04  0.2907E-02  0.3387E-03  0.1863E-02  0.2820E-03  0.1743E-02  0.4255E-03  0.2044E-03  0.9155E-04
      3.924  0.4388E-03  0.1481E-03  0.2450E+00  0.1108E-01  0.5085E-01  0.8076E-02  0.2887E+00  0.8630E-01  0.4054E-03  0.1033E-03  0.2466E-02  0.3437E-03  0.1589E-02  0.2796E-03  0.1479E-02  0.4781E-03  0.1770E-03  0.9323E-04
      3.934  0.3287E-03  0.1644E-03  0.1825E+00  0.1192E-01  0.3795E-01  0.8525E-02  0.2161E+00  0.9650E-01  0.3363E-03  0.1074E-03  0.1926E-02  0.3338E-03  0.1243E-02  0.2676E-03  0.1183E-02  0.4902E-03  0.1450E-03  0.9062E-04
      3.944  0.2351E-03  0.1821E-03  0.1247E+00  0.1287E-01  0.2576E-01  0.9083E-02  0.1486E+00  0.1079E+00  0.2577E-03  0.1149E-03  0.1340E-02  0.3252E-03  0.8710E-03  0.2604E-03  0.8893E-03  0.5068E-03  0.1117E-03  0.8855E-04
      3.954  0.1790E-03  0.2006E-03  0.8759E-01  0.1390E-01  0.1727E-01  0.9719E-02  0.1081E+00  0.1198E+00  0.2078E-03  0.1219E-03  0.1029E-02  0.3176E-03  0.6517E-03  0.2570E-03  0.6934E-03  0.5253E-03  0.9039E-04  0.8683E-04
      3.964  0.1364E-03  0.2121E-03  0.6386E-01  0.1442E-01  0.1221E-01  0.9759E-02  0.8015E-01  0.1249E+00  0.1747E-03  0.1146E-03  0.8250E-03  0.2939E-03  0.5138E-03  0.2403E-03  0.5538E-03  0.5281E-03  0.7455E-04  0.8220E-04
      3.974  0.1090E-03  0.2221E-03  0.5038E-01  0.1486E-01  0.9811E-02  0.9663E-02  0.6206E-01  0.1282E+00  0.1565E-03  0.1052E-03  0.6941E-03  0.2684E-03  0.4366E-03  0.2218E-03  0.4665E-03  0.5269E-03  0.6335E-04  0.7714E-04
      3.984  0.8840E-04  0.2404E-03  0.3952E-01  0.1614E-01  0.8226E-02  0.9776E-02  0.5009E-01  0.1320E+00  0.1443E-03  0.9794E-04  0.5899E-03  0.2479E-03  0.3830E-03  0.2086E-03  0.4202E-03  0.5252E-03  0.5524E-04  0.7363E-04
      3.994  0.7905E-04  0.2592E-03  0.3344E-01  0.1750E-01  0.7399E-02  0.9876E-02  0.4434E-01  0.1354E+00  0.1386E-03  0.9103E-04  0.5316E-03  0.2283E-03  0.3511E-03  0.1962E-03  0.4054E-03  0.5221E-03  0.5126E-04  0.7018E-04
      4.004  0.7895E-04  0.2785E-03  0.3133E-01  0.1893E-01  0.6878E-02  0.9956E-02  0.4166E-01  0.1383E+00  0.1368E-03  0.8445E-04  0.5083E-03  0.2097E-03  0.3300E-03  0.1846E-03  0.4006E-03  0.5175E-03  0.5017E-04  0.6675E-04
      4.014  0.9674E-04  0.4356E-03  0.2931E-01  0.2269E-01  0.6382E-02  0.1429E-01  0.3912E-01  0.2043E+00  0.1352E-03  0.8495E-04  0.4863E-03  0.2007E-03  0.3109E-03  0.1826E-03  0.3971E-03  0.6488E-03  0.4928E-04  0.6991E-04
      4.024  0.1321E-03  0.6069E-03  0.2738E-01  0.4533E-01  0.5912E-02  0.2809E-01  0.3670E-01  0.3278E+00  0.1337E-03  0.9020E-04  0.4656E-03  0.2019E-03  0.2934E-03  0.2075E-03  0.3945E-03  0.7811E-03  0.4856E-04  0.6142E-04
      4.034  0.1686E-03  0.4400E-03  0.2551E-01  0.6460E-01  0.5458E-02  0.2378E-01  0.3433E-01  0.2118E+00  0.1323E-03  0.5927E-04  0.4453E-03  0.1631E-03  0.2764E-03  0.1922E-03  0.3915E-03  0.5665E-03  0.4783E-04  0.4343E-04
      4.044  0.2063E-03  0.1322E-02  0.2369E-01  0.1240E+00  0.5022E-02  0.4405E-01  0.3201E-01  0.4929E+00  0.1310E-03  0.1968E-03  0.4253E-03  0.3041E-03  0.2599E-03  0.3771E-03  0.3882E-03  0.1522E-02  0.4708E-04  0.5679E-04
      4.054  0.2468E-03  0.2122E-02  0.2234E-01  0.1933E+00  0.4701E-02  0.6305E-01  0.3020E-01  0.7020E+00  0.1306E-03  0.2377E-03  0.4120E-03  0.4140E-03  0.2484E-03  0.4998E-03  0.3867E-03  0.1777E-02  0.4665E-04  0.8082E-04
      4.064  0.2904E-03  0.2359E-02  0.2151E-01  0.2440E+00  0.4506E-02  0.7182E-01  0.2895E-01  0.7343E+00  0.1312E-03  0.2242E-03  0.4065E-03  0.4407E-03  0.2427E-03  0.5448E-03  0.3875E-03  0.1691E-02  0.4659E-04  0.9603E-04
      4.074  0.3353E-03  0.1258E-02  0.2068E-01  0.2268E+00  0.4312E-02  0.4938E-01  0.2767E-01  0.3586E+00  0.1319E-03  0.1562E-03  0.4011E-03  0.2368E-03  0.2368E-03  0.3509E-03  0.3875E-03  0.7470E-03  0.4648E-04  0.4850E-04
      4.084  0.3817E-03  0.1429E-02  0.1938E-01  0.3377E+00  0.4053E-02  0.6717E-01  0.2618E-01  0.3582E+00  0.1322E-03  0.1701E-03  0.3921E-03  0.2276E-03  0.2281E-03  0.4031E-03  0.3860E-03  0.6552E-03  0.4627E-04  0.4912E-04
      4.094  0.4304E-03  0.2121E-02  0.1784E-01  0.5643E+00  0.3827E-02  0.1160E+00  0.2531E-01  0.3325E+00  0.1328E-03  0.2221E-03  0.3852E-03  0.2934E-03  0.2223E-03  0.6534E-03  0.3925E-03  0.4295E-03  0.4743E-04  0.6772E-04
      4.104  0.5221E-03  0.1998E-02  0.1727E-01  0.3841E+00  0.3726E-02  0.8071E-01  0.2477E-01  0.2202E+00  0.1538E-03  0.1965E-03  0.4241E-03  0.2688E-03  0.2486E-03  0.6038E-03  0.4580E-03  0.2768E-03  0.5198E-04  0.1014E-03
      4.114  0.7745E-03  0.2507E-02  0.1813E-01  0.5134E+00  0.3715E-02  0.1006E+00  0.2362E-01  0.2227E+00  0.2078E-03  0.2599E-03  0.5030E-03  0.3519E-03  0.3175E-03  0.5886E-03  0.5817E-03  0.4034E-03  0.5904E-04  0.1512E-03
      4.124  0.1005E-02  0.1474E-02  0.1343E-01  0.3970E+00  0.3012E-02  0.6803E-01  0.1734E-01  0.1021E+00  0.1358E-03  0.2399E-03  0.3668E-03  0.2780E-03  0.1833E-03  0.3987E-03  0.3407E-03  0.3226E-03  0.4831E-04  0.1479E-03
      4.134  0.1099E-02  0.2311E-02  0.1161E-01  0.3914E+00  0.2738E-02  0.5920E-01  0.1463E-01  0.1307E+00  0.1422E-03  0.2474E-03  0.3615E-03  0.3085E-03  0.1683E-03  0.5121E-03  0.3228E-03  0.3282E-03  0.4850E-04  0.1820E-03
      4.144  0.1212E-02  0.3097E-02  0.1027E-01  0.8243E+00  0.2647E-02  0.1146E+00  0.1291E-01  0.1588E+00  0.1538E-03  0.5148E-03  0.3686E-03  0.6172E-03  0.1651E-03  0.6821E-03  0.3416E-03  0.7112E-03  0.5580E-04  0.3159E-03
      4.154  0.1338E-02  0.2450E-02  0.8920E-02  0.5995E+00  0.2584E-02  0.8143E-01  0.1181E-01  0.1178E+00  0.1634E-03  0.4391E-03  0.3719E-03  0.5460E-03  0.1645E-03  0.5244E-03  0.3626E-03  0.5707E-03  0.6342E-04  0.2350E-03
      4.164  0.1449E-02  0.1391E-02  0.6735E-02  0.1789E+00  0.2162E-02  0.3246E-01  0.9844E-02  0.6280E-01  0.1368E-03  0.2015E-03  0.3183E-03  0.2720E-03  0.1563E-03  0.2354E-03  0.3130E-03  0.1907E-03  0.5887E-04  0.1070E-03
      4.174  0.1532E-02  0.8438E-03  0.5386E-02  0.8647E-01  0.1727E-02  0.1458E-01  0.8257E-02  0.1883E-01  0.9881E-04  0.1230E-03  0.2534E-03  0.1979E-03  0.1335E-03  0.1250E-03  0.2559E-03  0.1342E-03  0.4986E-04  0.6844E-04
      4.184  0.1647E-02  0.9848E-03  0.4922E-02  0.7657E-01  0.1406E-02  0.1258E-01  0.6787E-02  0.1592E-01  0.7454E-04  0.1064E-03  0.2291E-03  0.1743E-03  0.1216E-03  0.1097E-03  0.2141E-03  0.1215E-03  0.4204E-04  0.5300E-04
      4.194  0.1771E-02  0.1140E-02  0.4811E-02  0.6834E-01  0.1216E-02  0.1140E-01  0.5889E-02  0.1505E-01  0.6771E-04  0.9005E-04  0.2201E-03  0.1631E-03  0.1108E-03  0.1004E-03  0.1951E-03  0.1161E-03  0.3657E-04  0.4968E-04
      4.204  0.1898E-02  0.1303E-02  0.4732E-02  0.6058E-01  0.1039E-02  0.1027E-01  0.5065E-02  0.1422E-01  0.6245E-04  0.7221E-04  0.2123E-03  0.1513E-03  0.9957E-04  0.9114E-04  0.1785E-03  0.1103E-03  0.3127E-04  0.4606E-04
      4.214  0.2028E-02  0.1475E-02  0.4665E-02  0.5328E-01  0.8899E-03  0.9199E-02  0.4389E-02  0.1341E-01  0.5747E-04  0.5288E-04  0.2047E-03  0.1390E-03  0.8920E-04  0.8202E-04  0.1642E-03  0.1040E-03  0.2663E-04  0.4214E-04
      4.224  0.2161E-02  0.1662E-02  0.4647E-02  0.5080E-01  0.8832E-03  0.8876E-02  0.4431E-02  0.1320E-01  0.5370E-04  0.4734E-04  0.1993E-03  0.1341E-03  0.8684E-04  0.8217E-04  0.1607E-03  0.1063E-03  0.2602E-04  0.4070E-04
      4.234  0.2298E-02  0.1859E-02  0.4633E-02  0.4992E-01  0.8774E-03  0.8785E-02  0.4472E-02  0.1318E-01  0.4991E-04  0.4720E-04  0.1938E-03  0.1318E-03  0.8443E-04  0.8588E-04  0.1571E-03  0.1120E-03  0.2540E-04  0.4018E-04
      4.244  0.2437E-02  0.2063E-02  0.4625E-02  0.4896E-01  0.8725E-03  0.8663E-02  0.4512E-02  0.1316E-01  0.4609E-04  0.4710E-04  0.1884E-03  0.1292E-03  0.8194E-04  0.8983E-04  0.1534E-03  0.1179E-03  0.2478E-04  0.3961E-04
      4.254  0.2900E-02  0.2275E-02  0.4985E-02  0.4794E-01  0.9292E-03  0.8509E-02  0.4739E-02  0.1311E-01  0.4556E-04  0.4705E-04  0.1975E-03  0.1262E-03  0.8596E-04  0.9402E-04  0.1574E-03  0.1240E-03  0.2501E-04  0.3899E-04
      4.264  0.3451E-02  0.2520E-02  0.5451E-02  0.4570E-01  0.1002E-02  0.8053E-02  0.5033E-02  0.1296E-01  0.4591E-04  0.4651E-04  0.2103E-03  0.1248E-03  0.9139E-04  0.9792E-04  0.1641E-03  0.1279E-03  0.2543E-04  0.3851E-04
      4.274  0.4849E-02  0.2911E-02  0.6774E-02  0.4368E-01  0.1183E-02  0.7497E-02  0.5671E-02  0.1295E-01  0.4931E-04  0.4643E-04  0.2452E-03  0.1283E-03  0.9741E-04  0.1060E-03  0.1836E-03  0.1334E-03  0.2580E-04  0.3932E-04
      4.284  0.6361E-02  0.3488E-02  0.8305E-02  0.4301E-01  0.1393E-02  0.7040E-02  0.6448E-02  0.1327E-01  0.5259E-04  0.4839E-04  0.2860E-03  0.1369E-03  0.1037E-03  0.1201E-03  0.2005E-03  0.1440E-03  0.2652E-04  0.4152E-04
      4.294  0.9727E-02  0.4060E-02  0.1254E-01  0.4236E-01  0.1856E-02  0.6608E-02  0.7721E-02  0.1366E-01  0.6195E-04  0.5031E-04  0.3903E-03  0.1455E-03  0.1065E-03  0.1343E-03  0.2110E-03  0.1546E-03  0.2897E-04  0.4379E-04
      4.304  0.9941E-02  0.4626E-02  0.1289E-01  0.4173E-01  0.1909E-02  0.6202E-02  0.8166E-02  0.1412E-01  0.6294E-04  0.5219E-04  0.4066E-03  0.1542E-03  0.1159E-03  0.1485E-03  0.2179E-03  0.1650E-03  0.3049E-04  0.4614E-04
      4.314  0.9905E-02  0.5188E-02  0.1299E-01  0.4113E-01  0.1918E-02  0.5821E-02  0.8410E-02  0.1465E-01  0.6297E-04  0.5404E-04  0.4139E-03  0.1629E-03  0.1224E-03  0.1629E-03  0.2196E-03  0.1754E-03  0.3162E-04  0.4855E-04
      4.324  0.9862E-02  0.6008E-02  0.1308E-01  0.4096E-01  0.1925E-02  0.5311E-02  0.8644E-02  0.1542E-01  0.6302E-04  0.5707E-04  0.4211E-03  0.1731E-03  0.1292E-03  0.1797E-03  0.2213E-03  0.1860E-03  0.3271E-04  0.5116E-04
      4.334  0.9812E-02  0.7424E-02  0.1316E-01  0.4260E-01  0.1932E-02  0.4631E-02  0.8866E-02  0.1650E-01  0.6310E-04  0.6336E-04  0.4280E-03  0.1890E-03  0.1362E-03  0.2037E-03  0.2231E-03  0.1968E-03  0.3378E-04  0.5458E-04
      4.344  0.9756E-02  0.7660E-02  0.1322E-01  0.4175E-01  0.1938E-02  0.4489E-02  0.9078E-02  0.1685E-01  0.6320E-04  0.6555E-04  0.4347E-03  0.1982E-03  0.1435E-03  0.2172E-03  0.2249E-03  0.2050E-03  0.3482E-04  0.5713E-04
      4.354  0.9693E-02  0.7692E-02  0.1326E-01  0.3990E-01  0.1943E-02  0.4293E-02  0.9279E-02  0.1681E-01  0.6332E-04  0.6717E-04  0.4413E-03  0.2042E-03  0.1510E-03  0.2282E-03  0.2268E-03  0.2110E-03  0.3583E-04  0.5900E-04
      4.364  0.9624E-02  0.7727E-02  0.1329E-01  0.3810E-01  0.1948E-02  0.4104E-02  0.9468E-02  0.1677E-01  0.6347E-04  0.6888E-04  0.4476E-03  0.2099E-03  0.1588E-03  0.2394E-03  0.2288E-03  0.2170E-03  0.3681E-04  0.6078E-04
      4.374  0.9820E-02  0.8614E-02  0.1378E-01  0.3731E-01  0.1997E-02  0.4264E-02  0.9864E-02  0.1829E-01  0.6490E-04  0.1486E-03  0.4645E-03  0.3838E-03  0.1672E-03  0.4007E-03  0.2324E-03  0.3447E-03  0.3837E-04  0.8246E-04
      4.384  0.1020E-01  0.8575E-02  0.1455E-01  0.3590E-01  0.2083E-02  0.4155E-02  0.1054E-01  0.1830E-01  0.6684E-04  0.1410E-03  0.4902E-03  0.3622E-03  0.1775E-03  0.3849E-03  0.2388E-03  0.3247E-03  0.4038E-04  0.8255E-04
      4.394  0.1315E-01  0.8430E-02  0.1709E-01  0.3446E-01  0.2693E-02  0.4015E-02  0.1502E-01  0.1809E-01  0.1209E-03  0.1347E-03  0.5945E-03  0.3428E-03  0.2599E-03  0.3705E-03  0.3211E-03  0.3079E-03  0.4890E-04  0.8327E-04
      4.404  0.1230E-01  0.8210E-02  0.1740E-01  0.3288E-01  0.2569E-02  0.3830E-02  0.1286E-01  0.1761E-01  0.1114E-03  0.1274E-03  0.6087E-03  0.3274E-03  0.2419E-03  0.3652E-03  0.2830E-03  0.2989E-03  0.5284E-04  0.8557E-04
      4.414  0.1316E-01  0.8486E-02  0.1900E-01  0.3150E-01  0.2827E-02  0.3532E-02  0.1327E-01  0.1695E-01  0.1164E-03  0.1210E-03  0.6648E-03  0.3187E-03  0.2618E-03  0.3634E-03  0.2865E-03  0.3071E-03  0.6057E-04  0.9124E-04
      4.424  0.1371E-01  0.9412E-02  0.2035E-01  0.3257E-01  0.3097E-02  0.3796E-02  0.1362E-01  0.1704E-01  0.1187E-03  0.1134E-03  0.7167E-03  0.3241E-03  0.2901E-03  0.4163E-03  0.2975E-03  0.3368E-03  0.7003E-04  0.1071E-03
      4.434  0.1432E-01  0.1057E-01  0.2170E-01  0.3434E-01  0.3395E-02  0.4275E-02  0.1406E-01  0.1788E-01  0.1214E-03  0.1225E-03  0.7682E-03  0.3598E-03  0.3205E-03  0.5043E-03  0.3103E-03  0.3884E-03  0.7974E-04  0.1285E-03
      4.444  0.1505E-01  0.1172E-01  0.2308E-01  0.3588E-01  0.3726E-02  0.4747E-02  0.1457E-01  0.1884E-01  0.1247E-03  0.1359E-03  0.8198E-03  0.4007E-03  0.3513E-03  0.5997E-03  0.3242E-03  0.4443E-03  0.8952E-04  0.1506E-03
      4.454  0.1637E-01  0.1282E-01  0.2478E-01  0.3753E-01  0.4177E-02  0.5213E-02  0.1605E-01  0.1982E-01  0.1383E-03  0.1496E-03  0.8893E-03  0.4467E-03  0.3942E-03  0.7509E-03  0.3474E-03  0.5178E-03  0.1016E-03  0.1746E-03
      4.464  0.1836E-01  0.1403E-01  0.2804E-01  0.4067E-01  0.4981E-02  0.5816E-02  0.1786E-01  0.2113E-01  0.1565E-03  0.1615E-03  0.1059E-02  0.5251E-03  0.6559E-03  0.1173E-02  0.4524E-03  0.6651E-03  0.1254E-03  0.2100E-03
      4.474  0.2243E-01  0.1400E-01  0.3424E-01  0.4025E-01  0.6255E-02  0.5382E-02  0.2040E-01  0.2131E-01  0.1852E-03  0.1568E-03  0.1279E-02  0.5040E-03  0.7724E-03  0.1105E-02  0.5071E-03  0.6134E-03  0.1655E-03  0.1898E-03
      4.484  0.2156E-01  0.1416E-01  0.3305E-01  0.3995E-01  0.5546E-02  0.4902E-02  0.1968E-01  0.2100E-01  0.1679E-03  0.1531E-03  0.1245E-02  0.4836E-03  0.7346E-03  0.1044E-02  0.4815E-03  0.5669E-03  0.1469E-03  0.1780E-03
      4.494  0.1388E-01  0.1425E-01  0.2131E-01  0.3942E-01  0.2763E-02  0.4376E-02  0.1388E-01  0.2053E-01  0.1193E-03  0.1493E-03  0.9319E-03  0.4591E-03  0.6368E-03  0.9814E-03  0.4173E-03  0.5172E-03  0.7633E-04  0.1665E-03
      4.504  0.1228E-01  0.1436E-01  0.2100E-01  0.3893E-01  0.2371E-02  0.3812E-02  0.1125E-01  0.1989E-01  0.9092E-04  0.1449E-03  0.9586E-03  0.4317E-03  0.6433E-03  0.9199E-03  0.4207E-03  0.4603E-03  0.7903E-04  0.1557E-03
      4.514  0.1717E-01  0.1360E-01  0.3028E-01  0.3746E-01  0.3130E-02  0.3153E-02  0.1615E-01  0.1817E-01  0.9832E-04  0.1253E-03  0.1332E-02  0.4045E-03  0.7311E-03  0.8684E-03  0.5019E-03  0.3964E-03  0.1027E-03  0.1481E-03
      4.524  0.2065E-01  0.1337E-01  0.3656E-01  0.3689E-01  0.3717E-02  0.3032E-02  0.1970E-01  0.1693E-01  0.1122E-03  0.1044E-03  0.1616E-02  0.4194E-03  0.8111E-03  0.8815E-03  0.5666E-03  0.3764E-03  0.1227E-03  0.1643E-03
      4.534  0.1417E-01  0.1842E-01  0.2907E-01  0.4250E-01  0.2928E-02  0.3837E-02  0.1388E-01  0.1922E-01  0.1026E-03  0.1205E-03  0.1348E-02  0.4864E-03  0.7136E-03  0.9789E-03  0.4759E-03  0.4537E-03  0.8786E-04  0.2480E-03
      4.544  0.8617E-02  0.1537E-01  0.2241E-01  0.3915E-01  0.2276E-02  0.3447E-02  0.9145E-02  0.1899E-01  0.9367E-04  0.1392E-03  0.1089E-02  0.5125E-03  0.5416E-03  0.7849E-03  0.3711E-03  0.3888E-03  0.6105E-04  0.1655E-03
      4.554  0.8279E-02  0.1488E-01  0.2237E-01  0.4018E-01  0.2243E-02  0.3522E-02  0.9465E-02  0.2101E-01  0.9838E-04  0.1734E-03  0.1107E-02  0.6261E-03  0.5094E-03  0.6991E-03  0.3719E-03  0.3808E-03  0.6569E-04  0.1276E-03
      4.564  0.7966E-02  0.2065E-01  0.2244E-01  0.5025E-01  0.2209E-02  0.4793E-02  0.1040E-01  0.3258E-01  0.1063E-03  0.2301E-03  0.1118E-02  0.8949E-03  0.4575E-03  0.6458E-03  0.3785E-03  0.4072E-03  0.7284E-04  0.1606E-03
      4.574  0.6453E-02  0.1194E-01  0.2090E-01  0.3183E-01  0.1966E-02  0.3179E-02  0.9031E-02  0.2154E-01  0.8728E-04  0.1531E-03  0.9414E-03  0.6904E-03  0.4686E-03  0.6724E-03  0.3411E-03  0.4093E-03  0.7342E-04  0.1366E-03
      4.584  0.4778E-02  0.6839E-02  0.1905E-01  0.2063E-01  0.1688E-02  0.2114E-02  0.7726E-02  0.1293E-01  0.6699E-04  0.6814E-04  0.7269E-03  0.3739E-03  0.4731E-03  0.6931E-03  0.3033E-03  0.3610E-03  0.7303E-04  0.1085E-03
      4.594  0.3359E-02  0.2817E-02  0.1755E-01  0.1017E-01  0.1456E-02  0.1182E-02  0.6925E-02  0.7161E-02  0.5577E-04  0.3984E-04  0.5433E-03  0.1806E-03  0.4732E-03  0.5364E-03  0.2816E-03  0.2494E-03  0.7506E-04  0.7957E-04
      4.604  0.2129E-02  0.1568E-02  0.5206E-02  0.6368E-02  0.1021E-02  0.9517E-03  0.7260E-02  0.6176E-02  0.4918E-04  0.3518E-04  0.2319E-03  0.1147E-03  0.3260E-03  0.4498E-03  0.2052E-03  0.1992E-03  0.5271E-04  0.6849E-04
      4.614  0.2287E-02  0.1493E-02  0.5305E-02  0.6101E-02  0.1085E-02  0.9773E-03  0.8498E-02  0.6690E-02  0.5418E-04  0.3847E-04  0.2344E-03  0.1139E-03  0.3152E-03  0.4357E-03  0.2088E-03  0.1957E-03  0.5768E-04  0.6984E-04
      4.624  0.2899E-02  0.1457E-02  0.6320E-02  0.6159E-02  0.1392E-02  0.1051E-02  0.1444E-01  0.7794E-02  0.7166E-04  0.4878E-04  0.2564E-03  0.1189E-03  0.3347E-03  0.4306E-03  0.2647E-03  0.2039E-03  0.6803E-04  0.7239E-04
      4.634  0.4325E-02  0.1449E-02  0.1045E-01  0.6338E-02  0.1975E-02  0.1151E-02  0.2831E-01  0.9068E-02  0.1365E-03  0.6063E-04  0.3565E-03  0.1240E-03  0.3824E-03  0.4290E-03  0.4476E-03  0.2219E-03  0.9036E-04  0.7666E-04
      4.644  0.6192E-02  0.1624E-02  0.1800E-01  0.7120E-02  0.2713E-02  0.1540E-02  0.4198E-01  0.1092E-01  0.2168E-03  0.7817E-04  0.5184E-03  0.1348E-03  0.4533E-03  0.4649E-03  0.6319E-03  0.3572E-03  0.1288E-03  0.1019E-03
      4.654  0.8683E-02  0.1971E-02  0.2939E-01  0.8793E-02  0.3817E-02  0.2396E-02  0.5471E-01  0.1711E-01  0.3003E-03  0.1156E-03  0.7629E-03  0.1579E-03  0.5806E-03  0.4788E-03  0.8636E-03  0.4238E-03  0.2059E-03  0.1329E-03
      4.664  0.1170E-01  0.2113E-02  0.4406E-01  0.9376E-02  0.4908E-02  0.2430E-02  0.6227E-01  0.1870E-01  0.3613E-03  0.1315E-03  0.1090E-02  0.1644E-03  0.7349E-03  0.4874E-03  0.9405E-03  0.4397E-03  0.3004E-03  0.1358E-03
      4.674  0.1469E-01  0.2708E-02  0.5991E-01  0.1232E-01  0.6025E-02  0.3317E-02  0.6864E-01  0.2912E-01  0.4214E-03  0.1612E-03  0.1446E-02  0.1803E-03  0.9065E-03  0.5404E-03  0.1006E-02  0.4881E-03  0.4009E-03  0.1418E-03
      4.684  0.1434E-01  0.5819E-02  0.4932E-01  0.2796E-01  0.6014E-02  0.5920E-02  0.6847E-01  0.5724E-01  0.4459E-03  0.2562E-03  0.1255E-02  0.2874E-03  0.8831E-03  0.7601E-03  0.1001E-02  0.6578E-03  0.3416E-03  0.1810E-03
      4.694  0.6680E-02  0.6871E-02  0.2787E-01  0.3999E-01  0.4166E-02  0.5575E-02  0.2215E-01  0.5428E-01  0.1416E-03  0.2694E-03  0.7572E-03  0.3481E-03  0.6911E-03  0.7946E-03  0.5042E-03  0.5701E-03  0.2539E-03  0.2214E-03
      4.704  0.6674E-02  0.8058E-02  0.2996E-01  0.6373E-01  0.4319E-02  0.5609E-02  0.1969E-01  0.5258E-01  0.1521E-03  0.2870E-03  0.8171E-03  0.4378E-03  0.7372E-03  0.8314E-03  0.5441E-03  0.5150E-03  0.2822E-03  0.3091E-03
      4.714  0.6480E-02  0.9080E-02  0.2827E-01  0.8678E-01  0.4501E-02  0.5231E-02  0.1793E-01  0.4806E-01  0.1627E-03  0.2741E-03  0.7922E-03  0.4995E-03  0.7561E-03  0.7785E-03  0.5793E-03  0.4506E-03  0.2821E-03  0.4221E-03
      4.724  0.7278E-02  0.1111E-01  0.2599E-01  0.1141E+00  0.5459E-02  0.7186E-02  0.1953E-01  0.5438E-01  0.2014E-03  0.3375E-03  0.7692E-03  0.6293E-03  0.8605E-03  0.9928E-03  0.6724E-03  0.5043E-03  0.2756E-03  0.5643E-03
      4.734  0.8370E-02  0.1103E-01  0.2374E-01  0.9852E-01  0.6389E-02  0.9755E-02  0.2292E-01  0.6246E-01  0.2598E-03  0.4415E-03  0.7735E-03  0.6018E-03  0.9662E-03  0.1265E-02  0.7199E-03  0.6565E-03  0.2883E-03  0.6366E-03
      4.744  0.1047E-01  0.7110E-02  0.2129E-01  0.5309E-01  0.6985E-02  0.7604E-02  0.3151E-01  0.4858E-01  0.4003E-03  0.3484E-03  0.8059E-03  0.4156E-03  0.1042E-02  0.1315E-02  0.7225E-03  0.5392E-03  0.3205E-03  0.5156E-03
      4.754  0.6812E-02  0.6025E-02  0.1371E-01  0.4082E-01  0.3488E-02  0.5677E-02  0.1565E-01  0.3660E-01  0.1785E-03  0.2550E-03  0.4922E-03  0.3107E-03  0.7804E-03  0.1105E-02  0.5230E-03  0.3866E-03  0.2241E-03  0.4506E-03
      4.764  0.6342E-02  0.5634E-02  0.6268E-02  0.3330E-01  0.3043E-02  0.5003E-02  0.1473E-01  0.3114E-01  0.1739E-03  0.2336E-03  0.3218E-03  0.2711E-03  0.7671E-03  0.1007E-02  0.4982E-03  0.3398E-03  0.1508E-03  0.4179E-03
      4.774  0.7389E-02  0.5630E-02  0.6837E-02  0.2693E-01  0.3395E-02  0.4916E-02  0.1551E-01  0.2773E-01  0.1986E-03  0.2618E-03  0.3528E-03  0.2767E-03  0.8585E-03  0.1026E-02  0.5302E-03  0.3543E-03  0.1683E-03  0.4114E-03
      4.784  0.9232E-02  0.5935E-02  0.8917E-02  0.2066E-01  0.4252E-02  0.5955E-02  0.1807E-01  0.2507E-01  0.2908E-03  0.2981E-03  0.4499E-03  0.2957E-03  0.1152E-02  0.1026E-02  0.6489E-03  0.3943E-03  0.2547E-03  0.4307E-03
      4.794  0.1112E-01  0.6801E-02  0.1064E-01  0.1644E-01  0.6522E-02  0.7637E-02  0.1848E-01  0.2717E-01  0.3367E-03  0.4251E-03  0.5919E-03  0.4045E-03  0.1466E-02  0.1318E-02  0.7653E-03  0.5933E-03  0.3211E-03  0.5286E-03
      4.804  0.1213E-01  0.6835E-02  0.1064E-01  0.1354E-01  0.7855E-02  0.7743E-02  0.1718E-01  0.2491E-01  0.3351E-03  0.4101E-03  0.5552E-03  0.3105E-03  0.1509E-02  0.1053E-02  0.7490E-03  0.5657E-03  0.3312E-03  0.4855E-03
      4.814  0.1265E-01  0.6861E-02  0.1168E-01  0.1387E-01  0.8374E-02  0.7699E-02  0.1714E-01  0.2365E-01  0.3839E-03  0.4206E-03  0.5559E-03  0.2709E-03  0.1538E-02  0.9214E-03  0.7487E-03  0.5313E-03  0.3479E-03  0.4902E-03
      4.824  0.1242E-01  0.7000E-02  0.1281E-01  0.1524E-01  0.8347E-02  0.7770E-02  0.1729E-01  0.2408E-01  0.4376E-03  0.4728E-03  0.5669E-03  0.2857E-03  0.1553E-02  0.9081E-03  0.7216E-03  0.5418E-03  0.3646E-03  0.5472E-03
      4.834  0.1288E-01  0.7149E-02  0.1580E-01  0.1691E-01  0.8735E-02  0.7735E-02  0.2153E-01  0.2513E-01  0.5518E-03  0.5350E-03  0.7139E-03  0.3075E-03  0.1732E-02  0.9077E-03  0.8596E-03  0.5527E-03  0.4702E-03  0.6157E-03
      4.844  0.1394E-01  0.7423E-02  0.1962E-01  0.1884E-01  0.9234E-02  0.7399E-02  0.2774E-01  0.2633E-01  0.7013E-03  0.5977E-03  0.9213E-03  0.3378E-03  0.1922E-02  0.9764E-03  0.1061E-02  0.5735E-03  0.6033E-03  0.6772E-03
      4.854  0.1661E-01  0.7954E-02  0.2438E-01  0.1828E-01  0.7576E-02  0.6706E-02  0.2494E-01  0.2297E-01  0.9882E-03  0.5742E-03  0.9448E-03  0.3179E-03  0.2448E-02  0.1051E-02  0.9697E-03  0.4746E-03  0.3445E-03  0.5424E-03
      4.864  0.1889E-01  0.9266E-02  0.2569E-01  0.1887E-01  0.7102E-02  0.6603E-02  0.2392E-01  0.2195E-01  0.9657E-03  0.6207E-03  0.9999E-03  0.3231E-03  0.3235E-02  0.1247E-02  0.8840E-03  0.4444E-03  0.2840E-03  0.4205E-03
      4.874  0.1728E-01  0.1380E-01  0.2215E-01  0.2690E-01  0.7409E-02  0.8481E-02  0.1817E-01  0.2919E-01  0.5473E-03  0.9998E-03  0.9903E-03  0.4292E-03  0.3323E-02  0.2095E-02  0.8434E-03  0.6472E-03  0.3127E-03  0.4846E-03
      4.884  0.1848E-01  0.1811E-01  0.2003E-01  0.3959E-01  0.9414E-02  0.1143E-01  0.1807E-01  0.2746E-01  0.4922E-03  0.9218E-03  0.1035E-02  0.7163E-03  0.4140E-02  0.3036E-02  0.9223E-03  0.9505E-03  0.3274E-03  0.6861E-03
      4.894  0.1740E-01  0.2081E-01  0.1650E-01  0.3950E-01  0.1026E-01  0.1310E-01  0.1647E-01  0.3525E-01  0.4460E-03  0.9069E-03  0.9702E-03  0.8465E-03  0.4406E-02  0.3501E-02  0.8516E-03  0.9810E-03  0.3275E-03  0.9373E-03
      4.904  0.1260E-01  0.1130E-01  0.1202E-01  0.2132E-01  0.8081E-02  0.9505E-02  0.1090E-01  0.1767E-01  0.3760E-03  0.6172E-03  0.7296E-03  0.5557E-03  0.3604E-02  0.2401E-02  0.5599E-03  0.6109E-03  0.2320E-03  0.4654E-03
      4.914  0.1045E-01  0.8678E-02  0.9796E-02  0.1738E-01  0.7126E-02  0.7978E-02  0.8598E-02  0.1341E-01  0.3460E-03  0.5520E-03  0.6155E-03  0.4810E-03  0.3280E-02  0.2093E-02  0.4554E-03  0.5364E-03  0.1950E-03  0.3775E-03
      4.924  0.9391E-02  0.6454E-02  0.8528E-02  0.1390E-01  0.6623E-02  0.6645E-02  0.7566E-02  0.9732E-02  0.3382E-03  0.4956E-03  0.5523E-03  0.4045E-03  0.3152E-02  0.1823E-02  0.4229E-03  0.4747E-03  0.1766E-03  0.2978E-03
      4.934  0.8485E-02  0.4788E-02  0.7357E-02  0.1105E-01  0.6135E-02  0.5640E-02  0.6713E-02  0.6786E-02  0.3378E-03  0.4575E-03  0.4888E-03  0.3188E-03  0.3045E-02  0.1541E-02  0.4024E-03  0.4041E-03  0.1593E-03  0.2138E-03
      4.944  0.7520E-02  0.3704E-02  0.6098E-02  0.9654E-02  0.5647E-02  0.4954E-02  0.5712E-02  0.4897E-02  0.3212E-03  0.4298E-03  0.4039E-03  0.2587E-03  0.2781E-02  0.1314E-02  0.3525E-03  0.3807E-03  0.1350E-03  0.2198E-03
      4.954  0.6748E-02  0.4867E-02  0.6236E-02  0.1245E-01  0.5070E-02  0.4171E-02  0.5247E-02  0.5934E-02  0.3144E-03  0.4053E-03  0.3798E-03  0.4535E-03  0.2430E-02  0.1480E-02  0.3607E-03  0.5182E-03  0.1923E-03  0.4718E-03
      4.964  0.1108E-01  0.8417E-02  0.1591E-01  0.1472E-01  0.6159E-02  0.5724E-02  0.1079E-01  0.9120E-02  0.7318E-03  0.8303E-03  0.1292E-02  0.6953E-03  0.3706E-02  0.2751E-02  0.9319E-03  0.7001E-03  0.8242E-03  0.1001E-02
      4.974  0.2335E-01  0.1271E-01  0.2463E-01  0.2019E-01  0.9251E-02  0.7766E-02  0.3157E-01  0.1572E-01  0.1830E-02  0.1266E-02  0.2467E-02  0.9717E-03  0.7757E-02  0.4276E-02  0.2059E-02  0.8556E-03  0.1630E-02  0.1518E-02
      4.984  0.1991E-01  0.1310E-01  0.1261E-01  0.2480E-01  0.7584E-02  0.8281E-02  0.2464E-01  0.2394E-01  0.8969E-03  0.8905E-03  0.1699E-02  0.9601E-03  0.6959E-02  0.4798E-02  0.1399E-02  0.7424E-03  0.8457E-03  0.1821E-02
      4.994  0.1769E-01  0.1474E-01  0.1153E-01  0.1729E-01  0.7381E-02  0.1013E-01  0.2130E-01  0.2782E-01  0.8021E-03  0.6992E-03  0.1564E-02  0.9342E-03  0.8089E-02  0.5587E-02  0.1126E-02  0.8488E-03  0.7951E-03  0.1214E-02
      5.004  0.1200E-01  0.1111E-01  0.1013E-01  0.1539E-01  0.6465E-02  0.8419E-02  0.1638E-01  0.2120E-01  0.6803E-03  0.9364E-03  0.1252E-02  0.8064E-03  0.8106E-02  0.7043E-02  0.8580E-03  0.5766E-03  0.5430E-03  0.9824E-03
      5.014  0.4576E-02  0.7748E-02  0.1098E-01  0.1224E-01  0.4410E-02  0.6402E-02  0.1184E-01  0.1732E-01  0.3351E-03  0.9170E-03  0.8762E-03  0.6826E-03  0.7930E-02  0.7844E-02  0.6481E-03  0.5004E-03  0.2773E-03  0.6128E-03
      5.024  0.3486E-02  0.5046E-02  0.9073E-02  0.1085E-01  0.2808E-02  0.5189E-02  0.1178E-01  0.1263E-01  0.2709E-03  0.7423E-03  0.6832E-03  0.6126E-03  0.5030E-02  0.7220E-02  0.6043E-03  0.4472E-03  0.2190E-03  0.3678E-03
      5.034  0.2778E-02  0.6001E-02  0.7141E-02  0.1822E-01  0.1832E-02  0.4486E-02  0.9674E-02  0.1252E-01  0.2064E-03  0.5247E-03  0.5188E-03  0.7670E-03  0.2359E-02  0.5979E-02  0.5427E-03  0.6082E-03  0.1413E-03  0.2722E-03
      5.044  0.2577E-02  0.4287E-02  0.6758E-02  0.1027E-01  0.1606E-02  0.2950E-02  0.8514E-02  0.7425E-02  0.1606E-03  0.3997E-03  0.4745E-03  0.5378E-03  0.2042E-02  0.3061E-02  0.5541E-03  0.4797E-03  0.1194E-03  0.1976E-03
      5.054  0.3827E-02  0.5655E-02  0.6902E-02  0.1032E-01  0.1591E-02  0.2962E-02  0.8667E-02  0.7995E-02  0.2964E-03  0.5739E-03  0.4889E-03  0.5901E-03  0.3042E-02  0.5258E-02  0.6196E-03  0.5593E-03  0.1541E-03  0.2608E-03
      5.064  0.4912E-02  0.5049E-02  0.7214E-02  0.8837E-02  0.1594E-02  0.2473E-02  0.8530E-02  0.6241E-02  0.4008E-03  0.4816E-03  0.5094E-03  0.5250E-03  0.3435E-02  0.4865E-02  0.6406E-03  0.6256E-03  0.1789E-03  0.2643E-03
      5.074  0.5085E-02  0.4849E-02  0.7350E-02  0.7836E-02  0.1613E-02  0.2280E-02  0.8303E-02  0.5644E-02  0.3891E-03  0.4510E-03  0.5102E-03  0.4848E-03  0.3231E-02  0.4314E-02  0.6610E-03  0.6066E-03  0.1802E-03  0.2552E-03
      5.084  0.5287E-02  0.4620E-02  0.7672E-02  0.6777E-02  0.1645E-02  0.2069E-02  0.8087E-02  0.5463E-02  0.3793E-03  0.4169E-03  0.5293E-03  0.4309E-03  0.3076E-02  0.3849E-02  0.7100E-03  0.5063E-03  0.1813E-03  0.2415E-03
      5.094  0.5410E-02  0.4416E-02  0.7517E-02  0.5959E-02  0.1605E-02  0.1979E-02  0.7659E-02  0.6090E-02  0.3552E-03  0.3838E-03  0.4983E-03  0.4105E-03  0.2872E-02  0.3552E-02  0.6416E-03  0.4834E-03  0.1765E-03  0.2385E-03
      5.104  0.5539E-02  0.4204E-02  0.7388E-02  0.5189E-02  0.1573E-02  0.1998E-02  0.7223E-02  0.6938E-02  0.3305E-03  0.3536E-03  0.4725E-03  0.4135E-03  0.2746E-02  0.3337E-02  0.5766E-03  0.4980E-03  0.1750E-03  0.2398E-03
      5.114  0.5710E-02  0.4006E-02  0.7380E-02  0.4375E-02  0.1667E-02  0.2026E-02  0.6858E-02  0.7969E-02  0.3077E-03  0.3170E-03  0.4714E-03  0.4211E-03  0.2710E-02  0.3043E-02  0.5807E-03  0.4966E-03  0.1815E-03  0.2394E-03
      5.124  0.6420E-02  0.4179E-02  0.8648E-02  0.3988E-02  0.1960E-02  0.1566E-02  0.6946E-02  0.1184E-01  0.2905E-03  0.2919E-03  0.5808E-03  0.3972E-03  0.2932E-02  0.2829E-02  0.6399E-03  0.4168E-03  0.2149E-03  0.2575E-03
      5.134  0.5872E-02  0.4239E-02  0.1072E-01  0.5038E-02  0.2254E-02  0.1418E-02  0.6809E-02  0.1072E-01  0.2747E-03  0.2522E-03  0.7086E-03  0.4016E-03  0.2822E-02  0.2733E-02  0.6666E-03  0.4405E-03  0.2115E-03  0.2321E-03
      5.144  0.5475E-02  0.3940E-02  0.1137E-01  0.5274E-02  0.1956E-02  0.1293E-02  0.7067E-02  0.8823E-02  0.2808E-03  0.2331E-03  0.6939E-03  0.3746E-03  0.2765E-02  0.2549E-02  0.6093E-03  0.4116E-03  0.2007E-03  0.1926E-03
      5.154  0.5331E-02  0.5209E-02  0.1225E-01  0.7679E-02  0.1379E-02  0.1362E-02  0.1147E-01  0.8714E-02  0.5720E-03  0.4725E-03  0.7344E-03  0.3657E-03  0.2822E-02  0.2998E-02  0.7941E-03  0.4949E-03  0.2873E-03  0.3489E-03
      5.164  0.5582E-02  0.6998E-02  0.1343E-01  0.1131E-01  0.1495E-02  0.1581E-02  0.1888E-01  0.1027E-01  0.9959E-03  0.7820E-03  0.8287E-03  0.4413E-03  0.3042E-02  0.3711E-02  0.1201E-02  0.6370E-03  0.4282E-03  0.5637E-03
      5.174  0.1054E-01  0.8336E-02  0.3241E-01  0.1661E-01  0.1679E-02  0.1863E-02  0.2847E-01  0.1532E-01  0.1833E-02  0.1117E-02  0.1960E-02  0.5514E-03  0.3497E-02  0.4187E-02  0.2029E-02  0.7957E-03  0.1705E-02  0.7919E-03
      5.184  0.1343E-01  0.9656E-02  0.2730E-01  0.2589E-01  0.1924E-02  0.2086E-02  0.2672E-01  0.2892E-01  0.1595E-02  0.2260E-02  0.1903E-02  0.8439E-03  0.3911E-02  0.4021E-02  0.2010E-02  0.1182E-02  0.2054E-02  0.2252E-02
      5.194  0.1479E-01  0.1181E-01  0.2206E-01  0.3172E-01  0.2319E-02  0.2329E-02  0.2051E-01  0.3669E-01  0.8910E-03  0.2191E-02  0.1397E-02  0.9809E-03  0.4499E-02  0.4145E-02  0.1607E-02  0.1470E-02  0.6550E-03  0.2409E-02
      5.204  0.2342E-01  0.1225E-01  0.2088E-01  0.3978E-01  0.2735E-02  0.2915E-02  0.2020E-01  0.2524E-01  0.8617E-03  0.1084E-02  0.1555E-02  0.1026E-02  0.5146E-02  0.5597E-02  0.1762E-02  0.1217E-02  0.5784E-03  0.1520E-02
      5.214  0.5966E-01  0.1667E-01  0.2690E-01  0.4239E-01  0.4570E-02  0.3783E-02  0.2569E-01  0.2475E-01  0.1547E-02  0.8807E-03  0.2680E-02  0.1219E-02  0.8449E-02  0.7304E-02  0.2981E-02  0.1204E-02  0.8448E-03  0.9807E-03
      5.224  0.5245E-01  0.2328E-01  0.1773E-01  0.3229E-01  0.3113E-02  0.3533E-02  0.2181E-01  0.2407E-01  0.1736E-02  0.1032E-02  0.1768E-02  0.1327E-02  0.7832E-02  0.7905E-02  0.2727E-02  0.1353E-02  0.9403E-03  0.1131E-02
      5.234  0.4691E-01  0.2808E-01  0.1360E-01  0.2468E-01  0.2238E-02  0.2923E-02  0.1457E-01  0.2245E-01  0.1113E-02  0.2265E-02  0.1385E-02  0.1082E-02  0.4901E-02  0.5400E-02  0.1936E-02  0.1899E-02  0.6846E-03  0.1339E-02
      5.245  0.3251E-01  0.3386E-01  0.1063E-01  0.2071E-01  0.2177E-02  0.4161E-02  0.1051E-01  0.2275E-01  0.5600E-03  0.1629E-02  0.1049E-02  0.9771E-03  0.4022E-02  0.7662E-02  0.1236E-02  0.1953E-02  0.5075E-03  0.1470E-02
      5.255  0.3561E-01  0.2481E-01  0.1423E-01  0.1740E-01  0.2781E-02  0.3869E-02  0.1377E-01  0.1623E-01  0.6010E-03  0.1195E-02  0.1503E-02  0.9429E-03  0.5151E-02  0.7873E-02  0.1499E-02  0.1737E-02  0.1411E-02  0.1165E-02
      5.265  0.2871E-01  0.3739E-01  0.1182E-01  0.1602E-01  0.2890E-02  0.3065E-02  0.1162E-01  0.1378E-01  0.6400E-03  0.7584E-03  0.1269E-02  0.1213E-02  0.4923E-02  0.6699E-02  0.1439E-02  0.1654E-02  0.9326E-03  0.1820E-02
      5.275  0.2840E-01  0.3201E-01  0.9412E-02  0.9918E-02  0.2333E-02  0.1592E-02  0.9640E-02  0.1054E-01  0.6428E-03  0.4345E-03  0.1123E-02  0.9971E-03  0.3191E-02  0.2803E-02  0.1231E-02  0.9238E-03  0.5517E-03  0.9410E-03
      5.285  0.2716E-01  0.3732E-01  0.7516E-02  0.9004E-02  0.1776E-02  0.1891E-02  0.8013E-02  0.1106E-01  0.5683E-03  0.4984E-03  0.1025E-02  0.1130E-02  0.1900E-02  0.2480E-02  0.9289E-03  0.7861E-03  0.3615E-03  0.6572E-03
      5.295  0.2460E-01  0.3501E-01  0.6466E-02  0.8500E-02  0.1857E-02  0.2138E-02  0.7409E-02  0.1007E-01  0.5376E-03  0.5865E-03  0.9398E-03  0.1140E-02  0.1752E-02  0.2430E-02  0.7934E-03  0.7419E-03  0.3141E-03  0.4789E-03
      5.305  0.2181E-01  0.2703E-01  0.6423E-02  0.7067E-02  0.1962E-02  0.2343E-02  0.7161E-02  0.8570E-02  0.5124E-03  0.5704E-03  0.8958E-03  0.1022E-02  0.1767E-02  0.2495E-02  0.7270E-03  0.6584E-03  0.2883E-03  0.4103E-03
      5.315  0.1916E-01  0.2106E-01  0.6682E-02  0.6531E-02  0.2164E-02  0.2657E-02  0.7073E-02  0.7560E-02  0.4851E-03  0.5648E-03  0.8768E-03  0.9686E-03  0.2003E-02  0.2785E-02  0.6682E-03  0.6249E-03  0.2674E-03  0.3877E-03
      5.325  0.1921E-01  0.1928E-01  0.7700E-02  0.7018E-02  0.2507E-02  0.2933E-02  0.7396E-02  0.6736E-02  0.5134E-03  0.5821E-03  0.9667E-03  0.8794E-03  0.2672E-02  0.2719E-02  0.6729E-03  0.6621E-03  0.2696E-03  0.4187E-03
      5.335  0.3357E-01  0.2006E-01  0.9799E-02  0.8194E-02  0.2876E-02  0.3093E-02  0.7871E-02  0.6059E-02  0.5644E-03  0.6187E-03  0.1286E-02  0.8326E-03  0.4076E-02  0.2712E-02  0.8678E-03  0.6530E-03  0.3056E-03  0.4511E-03
      5.345  0.2967E-01  0.1283E-01  0.1160E-01  0.7532E-02  0.2926E-02  0.2745E-02  0.8176E-02  0.5951E-02  0.6179E-03  0.6178E-03  0.1296E-02  0.6888E-03  0.3651E-02  0.2446E-02  0.9038E-03  0.5642E-03  0.3895E-03  0.4699E-03
      5.355  0.2692E-01  0.1326E-01  0.1372E-01  0.8362E-02  0.3141E-02  0.2811E-02  0.9091E-02  0.6528E-02  0.6939E-03  0.6565E-03  0.1356E-02  0.7053E-03  0.3728E-02  0.2550E-02  0.9734E-03  0.5763E-03  0.5139E-03  0.5303E-03
      5.365  0.2752E-01  0.1373E-01  0.1788E-01  0.9218E-02  0.3623E-02  0.2874E-02  0.1250E-01  0.7143E-02  0.8444E-03  0.6930E-03  0.1553E-02  0.7273E-03  0.4073E-02  0.2654E-02  0.1182E-02  0.5882E-03  0.7643E-03  0.5933E-03
      5.375  0.2648E-01  0.1400E-01  0.1613E-01  0.1081E-01  0.2588E-02  0.2417E-02  0.1795E-01  0.1090E-01  0.9318E-03  0.7912E-03  0.1757E-02  0.8233E-03  0.1181E-02  0.1117E-02  0.1241E-02  0.7104E-03  0.1000E-02  0.9257E-03
      5.385  0.3292E-01  0.1831E-01  0.1771E-01  0.1298E-01  0.2256E-02  0.2180E-02  0.1904E-01  0.1374E-01  0.9616E-03  0.8966E-03  0.2387E-02  0.1133E-02  0.1708E-02  0.8099E-03  0.1435E-02  0.9184E-03  0.1439E-02  0.1271E-02
      5.395  0.3584E-01  0.2949E-01  0.2635E-01  0.2526E-01  0.2962E-02  0.2633E-02  0.3161E-01  0.2461E-01  0.1527E-02  0.1516E-02  0.3714E-02  0.2078E-02  0.2207E-02  0.1400E-02  0.2663E-02  0.2032E-02  0.2819E-02  0.2790E-02
      5.405  0.1835E-01  0.3574E-01  0.2261E-01  0.2588E-01  0.2029E-02  0.3647E-02  0.1281E-01  0.4592E-01  0.6223E-03  0.2632E-02  0.2376E-02  0.2867E-02  0.1316E-02  0.2534E-02  0.1706E-02  0.2416E-02  0.8976E-03  0.4134E-02
      5.415  0.3092E-01  0.2724E-01  0.2133E-01  0.4334E-01  0.3638E-02  0.3415E-02  0.1509E-01  0.2028E-01  0.1082E-02  0.1884E-02  0.2785E-02  0.2485E-02  0.2739E-02  0.2226E-02  0.1793E-02  0.2161E-02  0.1169E-02  0.2422E-02
      5.425  0.2331E-01  0.1764E-01  0.1725E-01  0.2465E-01  0.2994E-02  0.2559E-02  0.1283E-01  0.1459E-01  0.1294E-02  0.1543E-02  0.2396E-02  0.1793E-02  0.2653E-02  0.2086E-02  0.2051E-02  0.1435E-02  0.1085E-02  0.1645E-02
      5.435  0.1654E-01  0.1008E-01  0.1129E-01  0.9750E-02  0.1931E-02  0.1442E-02  0.1152E-01  0.8343E-02  0.9992E-03  0.9848E-03  0.1449E-02  0.7698E-03  0.2191E-02  0.1883E-02  0.1484E-02  0.6967E-03  0.8020E-03  0.1045E-02
      5.445  0.1675E-01  0.1317E-01  0.1210E-01  0.8568E-02  0.2116E-02  0.1445E-02  0.1260E-01  0.8188E-02  0.1592E-02  0.1197E-02  0.1540E-02  0.8732E-03  0.3091E-02  0.2740E-02  0.1490E-02  0.5636E-03  0.7765E-03  0.7069E-03
      5.455  0.1979E-01  0.1935E-01  0.8946E-02  0.7133E-02  0.1085E-02  0.1171E-02  0.1121E-01  0.7580E-02  0.4987E-03  0.3696E-03  0.1341E-02  0.8715E-03  0.1381E-02  0.1735E-02  0.1461E-02  0.6215E-03  0.5726E-03  0.5251E-03
      5.465  0.2623E-01  0.2617E-01  0.1222E-01  0.9008E-02  0.1337E-02  0.1575E-02  0.1335E-01  0.1047E-01  0.7260E-03  0.5907E-03  0.1790E-02  0.1141E-02  0.1743E-02  0.2296E-02  0.1853E-02  0.9059E-03  0.7409E-03  0.7838E-03
      5.475  0.3417E-01  0.3127E-01  0.1642E-01  0.1566E-01  0.1923E-02  0.2500E-02  0.1531E-01  0.1426E-01  0.1072E-02  0.1082E-02  0.2326E-02  0.1729E-02  0.2230E-02  0.2793E-02  0.2457E-02  0.1426E-02  0.1001E-02  0.1344E-02
      5.485  0.3753E-01  0.2883E-01  0.1445E-01  0.1075E-01  0.3073E-02  0.2195E-02  0.2473E-01  0.1365E-01  0.1125E-02  0.9850E-03  0.2341E-02  0.1593E-02  0.2630E-02  0.2545E-02  0.3829E-02  0.1499E-02  0.1268E-02  0.1352E-02
      5.495  0.3426E-01  0.2769E-01  0.1360E-01  0.1062E-01  0.4005E-02  0.2260E-02  0.2838E-01  0.1383E-01  0.1054E-02  0.1054E-02  0.2491E-02  0.1665E-02  0.2284E-02  0.2260E-02  0.4057E-02  0.1794E-02  0.1208E-02  0.1561E-02
      5.505  0.3711E-01  0.3110E-01  0.1457E-01  0.1402E-01  0.5659E-02  0.3560E-02  0.2365E-01  0.1611E-01  0.1344E-02  0.1570E-02  0.3410E-02  0.2227E-02  0.2177E-02  0.2302E-02  0.3988E-02  0.2341E-02  0.1239E-02  0.1928E-02
      5.515  0.4436E-01  0.2921E-01  0.1764E-01  0.1050E-01  0.5453E-02  0.2786E-02  0.2179E-01  0.1420E-01  0.1382E-02  0.1351E-02  0.4064E-02  0.2144E-02  0.2127E-02  0.1694E-02  0.4459E-02  0.2068E-02  0.1176E-02  0.1295E-02
      5.525  0.5803E-01  0.3062E-01  0.2329E-01  0.1207E-01  0.6458E-02  0.2621E-02  0.2283E-01  0.1435E-01  0.1684E-02  0.1258E-02  0.4860E-02  0.2306E-02  0.2512E-02  0.1638E-02  0.5131E-02  0.1975E-02  0.1305E-02  0.1167E-02
      5.535  0.5989E-01  0.3313E-01  0.2249E-01  0.1517E-01  0.6972E-02  0.2901E-02  0.2470E-01  0.1797E-01  0.1496E-02  0.1353E-02  0.5636E-02  0.2506E-02  0.2766E-02  0.1868E-02  0.4744E-02  0.2288E-02  0.1395E-02  0.1261E-02
      5.545  0.4678E-01  0.3549E-01  0.2027E-01  0.1812E-01  0.6517E-02  0.3246E-02  0.2284E-01  0.2139E-01  0.1308E-02  0.1460E-02  0.5059E-02  0.2675E-02  0.2600E-02  0.2199E-02  0.4709E-02  0.2621E-02  0.1115E-02  0.1379E-02
      5.555  0.4469E-01  0.3740E-01  0.2032E-01  0.2062E-01  0.7988E-02  0.3753E-02  0.2325E-01  0.2476E-01  0.1415E-02  0.1564E-02  0.4919E-02  0.2909E-02  0.3195E-02  0.2554E-02  0.5332E-02  0.2942E-02  0.1191E-02  0.1491E-02
      5.565  0.4262E-01  0.3423E-01  0.1986E-01  0.2029E-01  0.9924E-02  0.4283E-02  0.2340E-01  0.2652E-01  0.1519E-02  0.1587E-02  0.4606E-02  0.2717E-02  0.3692E-02  0.2818E-02  0.6001E-02  0.2982E-02  0.1274E-02  0.1419E-02
      5.575  0.4015E-01  0.3473E-01  0.1968E-01  0.2114E-01  0.1181E-01  0.4815E-02  0.2434E-01  0.2858E-01  0.1571E-02  0.1646E-02  0.4670E-02  0.2983E-02  0.4027E-02  0.3103E-02  0.6635E-02  0.3193E-02  0.1372E-02  0.1463E-02
      5.585  0.4030E-01  0.3385E-01  0.2118E-01  0.2059E-01  0.1459E-01  0.6343E-02  0.2525E-01  0.2735E-01  0.1743E-02  0.1773E-02  0.5191E-02  0.3217E-02  0.4520E-02  0.3366E-02  0.7394E-02  0.3590E-02  0.1571E-02  0.1579E-02
      5.595  0.4141E-01  0.3219E-01  0.2317E-01  0.2005E-01  0.1743E-01  0.7937E-02  0.2734E-01  0.2531E-01  0.2021E-02  0.1762E-02  0.5832E-02  0.3313E-02  0.5524E-02  0.3732E-02  0.8536E-02  0.3914E-02  0.1829E-02  0.1591E-02
      5.605  0.3838E-01  0.4230E-01  0.3277E-01  0.2621E-01  0.1653E-01  0.1085E-01  0.2874E-01  0.2851E-01  0.2542E-02  0.2129E-02  0.8187E-02  0.4480E-02  0.8478E-02  0.6584E-02  0.1068E-01  0.5110E-02  0.2343E-02  0.2182E-02
      5.615  0.3187E-01  0.3442E-01  0.2241E-01  0.2681E-01  0.1989E-01  0.1108E-01  0.2083E-01  0.2570E-01  0.2269E-02  0.1908E-02  0.6922E-02  0.4537E-02  0.5554E-02  0.7332E-02  0.9334E-02  0.5278E-02  0.1946E-02  0.2056E-02
      5.625  0.2691E-01  0.3234E-01  0.1776E-01  0.3105E-01  0.2317E-01  0.1212E-01  0.1764E-01  0.2200E-01  0.2266E-02  0.1907E-02  0.6552E-02  0.5303E-02  0.4854E-02  0.7820E-02  0.1169E-01  0.5728E-02  0.1946E-02  0.2008E-02
      5.635  0.2657E-01  0.2784E-01  0.1327E-01  0.2288E-01  0.2968E-01  0.1569E-01  0.1525E-01  0.2079E-01  0.2373E-02  0.2129E-02  0.7946E-02  0.5046E-02  0.4730E-02  0.6404E-02  0.1472E-01  0.7455E-02  0.2101E-02  0.1851E-02
      5.645  0.2400E-01  0.3700E-01  0.9943E-02  0.1959E-01  0.2761E-01  0.2838E-01  0.1627E-01  0.2132E-01  0.2237E-02  0.2778E-02  0.1001E-01  0.7918E-02  0.4615E-02  0.6879E-02  0.1528E-01  0.1161E-01  0.1805E-02  0.2492E-02
      5.655  0.1893E-01  0.4251E-01  0.1180E-01  0.1551E-01  0.2336E-01  0.3840E-01  0.2042E-01  0.2253E-01  0.2650E-02  0.3438E-02  0.1405E-01  0.1211E-01  0.5889E-02  0.7130E-02  0.3147E-01  0.1808E-01  0.2109E-02  0.2628E-02
      5.665  0.1368E-01  0.2186E-01  0.8930E-02  0.8703E-02  0.1465E-01  0.2165E-01  0.1754E-01  0.1406E-01  0.1591E-02  0.2285E-02  0.9691E-02  0.8300E-02  0.4315E-02  0.3553E-02  0.1704E-01  0.1200E-01  0.1652E-02  0.1443E-02
      5.675  0.2987E-01  0.1824E-01  0.1654E-01  0.6892E-02  0.2556E-01  0.1971E-01  0.3609E-01  0.1075E-01  0.4980E-02  0.1906E-02  0.2197E-01  0.7859E-02  0.1501E-01  0.2653E-02  0.5189E-01  0.1257E-01  0.2381E-02  0.1162E-02
      5.685  0.1895E-01  0.1733E-01  0.1295E-01  0.6511E-02  0.1672E-01  0.2711E-01  0.2511E-01  0.9943E-02  0.2309E-02  0.3085E-02  0.1599E-01  0.1623E-01  0.6639E-02  0.3911E-02  0.2674E-01  0.4159E-01  0.2373E-02  0.1506E-02
      5.695  0.1771E-01  0.1675E-01  0.1974E-01  0.9371E-02  0.1985E-01  0.2005E-01  0.2655E-01  0.1317E-01  0.3541E-02  0.3635E-02  0.1457E-01  0.2057E-01  0.6223E-02  0.4964E-02  0.2240E-01  0.4757E-01  0.2707E-02  0.2796E-02
      5.705  0.2801E-01  0.1548E-01  0.3510E-01  0.1536E-01  0.2239E-01  0.1842E-01  0.2767E-01  0.2044E-01  0.6104E-02  0.3544E-02  0.1192E-01  0.1776E-01  0.4790E-02  0.4582E-02  0.1581E-01  0.3572E-01  0.3327E-02  0.3012E-02
      5.715  0.4196E-01  0.1464E-01  0.3106E-01  0.2578E-01  0.3425E-01  0.1947E-01  0.3138E-01  0.2721E-01  0.4640E-02  0.5220E-02  0.1438E-01  0.1539E-01  0.6267E-02  0.4238E-02  0.1807E-01  0.2038E-01  0.3780E-02  0.3815E-02
      5.725  0.3887E-01  0.2022E-01  0.2481E-01  0.2605E-01  0.2634E-01  0.2721E-01  0.2077E-01  0.2908E-01  0.3030E-02  0.6078E-02  0.1088E-01  0.1970E-01  0.7522E-02  0.7939E-02  0.1072E-01  0.2305E-01  0.2753E-02  0.5877E-02
      5.735  0.4590E-01  0.2006E-01  0.2343E-01  0.2338E-01  0.2038E-01  0.2612E-01  0.1849E-01  0.2943E-01  0.2201E-02  0.4064E-02  0.1185E-01  0.1487E-01  0.8345E-02  0.4808E-02  0.1028E-01  0.1641E-01  0.2758E-02  0.4767E-02
      5.745  0.4827E-01  0.2053E-01  0.1790E-01  0.1721E-01  0.1003E-01  0.1853E-01  0.1568E-01  0.2130E-01  0.1331E-02  0.2685E-02  0.1017E-01  0.9153E-02  0.6447E-02  0.4726E-02  0.9092E-02  0.8116E-02  0.1788E-02  0.3813E-02
      5.755  0.5628E-01  0.1960E-01  0.1831E-01  0.1259E-01  0.1046E-01  0.8415E-02  0.1805E-01  0.1122E-01  0.1413E-02  0.1318E-02  0.1010E-01  0.6924E-02  0.1019E-01  0.3006E-02  0.8067E-02  0.4750E-02  0.1948E-02  0.2293E-02
      5.765  0.2595E-01  0.2841E-01  0.1052E-01  0.1071E-01  0.6594E-02  0.2831E-02  0.1055E-01  0.1177E-01  0.7973E-03  0.1465E-02  0.5578E-02  0.4055E-02  0.4548E-02  0.4717E-02  0.5692E-02  0.4301E-02  0.1403E-02  0.1626E-02
      5.775  0.4815E-01  0.1526E-01  0.2307E-01  0.7566E-02  0.1277E-01  0.2233E-02  0.1755E-01  0.9353E-02  0.2080E-02  0.1212E-02  0.1492E-01  0.3685E-02  0.8918E-02  0.5845E-02  0.1265E-01  0.3385E-02  0.3230E-02  0.1817E-02
      5.785  0.5057E-01  0.2090E-01  0.2169E-01  0.9648E-02  0.1416E-01  0.3024E-02  0.2179E-01  0.1033E-01  0.2616E-02  0.1412E-02  0.1573E-01  0.4633E-02  0.1065E-01  0.5040E-02  0.1648E-01  0.4530E-02  0.3358E-02  0.1977E-02
      5.795  0.4266E-01  0.7578E-01  0.1686E-01  0.2837E-01  0.1605E-01  0.8862E-02  0.1927E-01  0.2333E-01  0.2232E-02  0.3158E-02  0.1507E-01  0.1507E-01  0.1320E-01  0.1052E-01  0.1832E-01  0.1476E-01  0.3058E-02  0.4051E-02
      5.805  0.3162E-01  0.5707E-01  0.1638E-01  0.2398E-01  0.9744E-02  0.9227E-02  0.1606E-01  0.2614E-01  0.1797E-02  0.2993E-02  0.1009E-01  0.9308E-02  0.4916E-02  0.9476E-02  0.9887E-02  0.1393E-01  0.1913E-02  0.3296E-02
      5.815  0.4052E-01  0.5493E-01  0.2115E-01  0.2401E-01  0.1527E-01  0.9337E-02  0.1961E-01  0.2539E-01  0.2845E-02  0.2812E-02  0.1118E-01  0.9574E-02  0.6609E-02  0.7795E-02  0.1158E-01  0.1449E-01  0.2507E-02  0.2905E-02
      5.825  0.4812E-01  0.5404E-01  0.2510E-01  0.3093E-01  0.1831E-01  0.8911E-02  0.2309E-01  0.2643E-01  0.3790E-02  0.3014E-02  0.1169E-01  0.1162E-01  0.7836E-02  0.5691E-02  0.1366E-01  0.1390E-01  0.3056E-02  0.3094E-02
      5.835  0.5027E-01  0.4575E-01  0.2739E-01  0.3111E-01  0.2068E-01  0.7338E-02  0.2500E-01  0.2726E-01  0.4174E-02  0.3326E-02  0.1103E-01  0.1175E-01  0.8066E-02  0.6115E-02  0.1305E-01  0.1325E-01  0.3348E-02  0.3403E-02
      5.845  0.2632E-01  0.4490E-01  0.2738E-01  0.4301E-01  0.1317E-01  0.6838E-02  0.1811E-01  0.4102E-01  0.3293E-02  0.4946E-02  0.7370E-02  0.1468E-01  0.6197E-02  0.7247E-02  0.1030E-01  0.1527E-01  0.2201E-02  0.4891E-02
      5.855  0.2217E-01  0.2358E-01  0.2321E-01  0.2306E-01  0.1081E-01  0.5014E-02  0.1891E-01  0.2037E-01  0.3363E-02  0.1891E-02  0.7494E-02  0.6700E-02  0.6787E-02  0.4664E-02  0.1062E-01  0.5268E-02  0.2308E-02  0.2534E-02
      5.865  0.3202E-01  0.2612E-01  0.1949E-01  0.3156E-01  0.2144E-01  0.6296E-02  0.2759E-01  0.2284E-01  0.3558E-02  0.3360E-02  0.1187E-01  0.9248E-02  0.9649E-02  0.7183E-02  0.1312E-01  0.1305E-01  0.3758E-02  0.3105E-02
      5.875  0.4096E-01  0.3051E-01  0.1530E-01  0.1955E-01  0.3022E-01  0.1156E-01  0.2992E-01  0.2097E-01  0.2968E-02  0.2872E-02  0.1464E-01  0.8867E-02  0.1130E-01  0.7878E-02  0.1490E-01  0.1199E-01  0.4216E-02  0.3006E-02
      5.885  0.3207E-01  0.3663E-01  0.1304E-01  0.1565E-01  0.1999E-01  0.1714E-01  0.2220E-01  0.2480E-01  0.2110E-02  0.2983E-02  0.9953E-02  0.1012E-01  0.7943E-02  0.9540E-02  0.1180E-01  0.1308E-01  0.2509E-02  0.3354E-02
      5.895  0.2930E-01  0.4457E-01  0.1312E-01  0.1746E-01  0.1783E-01  0.2261E-01  0.2059E-01  0.2872E-01  0.1753E-02  0.3276E-02  0.9667E-02  0.1561E-01  0.7285E-02  0.1209E-01  0.1162E-01  0.1455E-01  0.2225E-02  0.5031E-02
      5.905  0.2984E-01  0.3918E-01  0.1551E-01  0.1866E-01  0.2025E-01  0.1796E-01  0.2165E-01  0.2772E-01  0.2054E-02  0.2901E-02  0.1079E-01  0.1363E-01  0.7146E-02  0.1211E-01  0.1334E-01  0.1257E-01  0.2346E-02  0.3850E-02
      5.915  0.2979E-01  0.4400E-01  0.1393E-01  0.1569E-01  0.2295E-01  0.2706E-01  0.1875E-01  0.2286E-01  0.2613E-02  0.2397E-02  0.1179E-01  0.1217E-01  0.6603E-02  0.1098E-01  0.1530E-01  0.1100E-01  0.2582E-02  0.3190E-02
      5.925  0.3005E-01  0.4204E-01  0.1325E-01  0.1252E-01  0.2428E-01  0.2733E-01  0.1216E-01  0.1689E-01  0.2221E-02  0.2432E-02  0.1215E-01  0.9911E-02  0.6190E-02  0.9878E-02  0.1480E-01  0.1017E-01  0.2175E-02  0.2652E-02
      5.935  0.3209E-01  0.3428E-01  0.1295E-01  0.1035E-01  0.2824E-01  0.2135E-01  0.1047E-01  0.1259E-01  0.2620E-02  0.2929E-02  0.1623E-01  0.9240E-02  0.7177E-02  0.7502E-02  0.1942E-01  0.1153E-01  0.2214E-02  0.2270E-02
      5.945  0.3299E-01  0.3398E-01  0.1217E-01  0.8449E-02  0.2897E-01  0.2001E-01  0.1040E-01  0.1096E-01  0.3274E-02  0.3279E-02  0.2090E-01  0.9331E-02  0.8060E-02  0.6884E-02  0.2249E-01  0.1372E-01  0.2427E-02  0.2164E-02
      5.955  0.3542E-01  0.3671E-01  0.1244E-01  0.7593E-02  0.3087E-01  0.2012E-01  0.1152E-01  0.1017E-01  0.4024E-02  0.3902E-02  0.2690E-01  0.1046E-01  0.9098E-02  0.6918E-02  0.2622E-01  0.1663E-01  0.2682E-02  0.2655E-02
      5.965  0.3564E-01  0.3906E-01  0.1392E-01  0.8790E-02  0.3311E-01  0.2003E-01  0.1547E-01  0.9694E-02  0.5449E-02  0.4090E-02  0.3645E-01  0.1298E-01  0.1072E-01  0.7814E-02  0.3018E-01  0.1883E-01  0.3424E-02  0.3266E-02
      5.975  0.3268E-01  0.4619E-01  0.1557E-01  0.1106E-01  0.3676E-01  0.2143E-01  0.1938E-01  0.1210E-01  0.6004E-02  0.5243E-02  0.3276E-01  0.1829E-01  0.1142E-01  0.1084E-01  0.4154E-01  0.2048E-01  0.4191E-02  0.4867E-02
      5.985  0.2716E-01  0.4277E-01  0.1454E-01  0.1173E-01  0.3564E-01  0.2062E-01  0.1786E-01  0.1067E-01  0.4611E-02  0.5472E-02  0.2330E-01  0.1771E-01  0.9030E-02  0.9817E-02  0.4035E-01  0.2085E-01  0.4501E-02  0.5283E-02
      5.995  0.1645E-01  0.4810E-01  0.1364E-01  0.1941E-01  0.2577E-01  0.2313E-01  0.1338E-01  0.1509E-01  0.2999E-02  0.6389E-02  0.1925E-01  0.2098E-01  0.5778E-02  0.1310E-01  0.3026E-01  0.3078E-01  0.4600E-02  0.7201E-02
      6.005  0.1358E-01  0.3875E-01  0.1427E-01  0.1768E-01  0.2412E-01  0.2729E-01  0.1216E-01  0.1496E-01  0.2346E-02  0.5281E-02  0.1791E-01  0.2440E-01  0.4755E-02  0.1068E-01  0.2806E-01  0.2865E-01  0.3937E-02  0.6752E-02
      6.015  0.1492E-01  0.4428E-01  0.1717E-01  0.1859E-01  0.2664E-01  0.3845E-01  0.1467E-01  0.1506E-01  0.2712E-02  0.4384E-02  0.1932E-01  0.2492E-01  0.4762E-02  0.1172E-01  0.3162E-01  0.3483E-01  0.3462E-02  0.5638E-02
      6.025  0.1370E-01  0.3390E-01  0.1427E-01  0.1450E-01  0.2198E-01  0.3253E-01  0.9473E-02  0.2856E-01  0.2028E-02  0.4581E-02  0.1364E-01  0.2162E-01  0.4173E-02  0.9279E-02  0.1819E-01  0.6227E-01  0.2540E-02  0.4076E-02
      6.035  0.1288E-01  0.1588E-01  0.1352E-01  0.1167E-01  0.2018E-01  0.1730E-01  0.8674E-02  0.1484E-01  0.1942E-02  0.2965E-02  0.1289E-01  0.1611E-01  0.3735E-02  0.4943E-02  0.1434E-01  0.3052E-01  0.2260E-02  0.2375E-02
      6.045  0.1233E-01  0.2343E-01  0.1446E-01  0.2028E-01  0.2452E-01  0.2979E-01  0.9448E-02  0.2137E-01  0.2550E-02  0.4957E-02  0.1303E-01  0.2506E-01  0.3198E-02  0.6195E-02  0.1333E-01  0.3656E-01  0.2156E-02  0.4340E-02
      6.055  0.1089E-01  0.1804E-01  0.1363E-01  0.2527E-01  0.1949E-01  0.2540E-01  0.7830E-02  0.1639E-01  0.2227E-02  0.4059E-02  0.1301E-01  0.2448E-01  0.2102E-02  0.4596E-02  0.1104E-01  0.3483E-01  0.1920E-02  0.4956E-02
      6.065  0.1044E-01  0.1293E-01  0.1348E-01  0.1362E-01  0.1815E-01  0.2022E-01  0.8039E-02  0.7461E-02  0.2115E-02  0.1657E-02  0.1380E-01  0.1903E-01  0.1815E-02  0.2978E-02  0.1103E-01  0.1822E-01  0.1766E-02  0.1847E-02
      6.075  0.2814E-01  0.1372E-01  0.3172E-01  0.1455E-01  0.3513E-01  0.2129E-01  0.1767E-01  0.7855E-02  0.3848E-02  0.1797E-02  0.3775E-01  0.2023E-01  0.3671E-02  0.3030E-02  0.2548E-01  0.1982E-01  0.3582E-02  0.1956E-02
      6.085  0.8542E-02  0.1589E-01  0.1719E-01  0.1472E-01  0.3470E-01  0.2893E-01  0.1505E-01  0.1031E-01  0.3044E-02  0.2486E-02  0.1127E-01  0.2112E-01  0.1966E-02  0.3862E-02  0.1172E-01  0.2390E-01  0.2330E-02  0.2583E-02
      6.095  0.9172E-02  0.1837E-01  0.1689E-01  0.1583E-01  0.3212E-01  0.4365E-01  0.1504E-01  0.1239E-01  0.2648E-02  0.3049E-02  0.1197E-01  0.1882E-01  0.2364E-02  0.6563E-02  0.1397E-01  0.2585E-01  0.1753E-02  0.2677E-02
      6.105  0.1655E-01  0.2381E-01  0.2560E-01  0.2033E-01  0.3820E-01  0.4982E-01  0.1870E-01  0.1531E-01  0.3246E-02  0.4019E-02  0.1613E-01  0.1809E-01  0.3245E-02  0.4495E-02  0.2313E-01  0.2810E-01  0.2703E-02  0.3146E-02
      6.115  0.2033E-01  0.2565E-01  0.3024E-01  0.1867E-01  0.4813E-01  0.3544E-01  0.3669E-01  0.1506E-01  0.4422E-02  0.3155E-02  0.1225E-01  0.2029E-01  0.3980E-02  0.2387E-02  0.1251E-01  0.2865E-01  0.3780E-02  0.3227E-02
      6.125  0.1333E-01  0.4398E-01  0.1731E-01  0.2382E-01  0.3220E-01  0.7259E-01  0.2363E-01  0.3550E-01  0.3356E-02  0.7022E-02  0.1426E-01  0.3943E-01  0.2592E-02  0.4926E-02  0.8144E-02  0.5674E-01  0.2470E-02  0.5092E-02
      6.135  0.4530E-02  0.4651E-01  0.6242E-02  0.2478E-01  0.1270E-01  0.7582E-01  0.1014E-01  0.2875E-01  0.1540E-02  0.4611E-02  0.1536E-01  0.3191E-01  0.8084E-03  0.7585E-02  0.5254E-02  0.4328E-01  0.9594E-03  0.5115E-02
      6.145  0.1420E-01  0.1099E-01  0.1819E-01  0.9954E-02  0.6605E-02  0.1963E-01  0.1471E-01  0.4549E-02  0.1507E-02  0.9299E-03  0.8381E-02  0.1350E-01  0.1612E-02  0.2312E-02  0.3020E-02  0.7799E-02  0.1424E-02  0.1041E-02
      6.155  0.2872E-01  0.1553E-01  0.4255E-01  0.1764E-01  0.1467E-01  0.1133E-01  0.3316E-01  0.9320E-02  0.3863E-02  0.1638E-02  0.1230E-01  0.1870E-01  0.4648E-02  0.1944E-02  0.8790E-02  0.8701E-02  0.4973E-02  0.1483E-02
      6.165  0.2497E-01  0.3287E-01  0.3779E-01  0.3880E-01  0.1718E-01  0.2085E-01  0.3503E-01  0.2060E-01  0.5589E-02  0.3931E-02  0.9707E-02  0.2720E-01  0.6927E-02  0.5429E-02  0.9255E-02  0.1498E-01  0.5496E-02  0.3965E-02
      6.175  0.1220E-01  0.3024E-01  0.1679E-01  0.3809E-01  0.1063E-01  0.1894E-01  0.2242E-01  0.2234E-01  0.3129E-02  0.4242E-02  0.6061E-02  0.2523E-01  0.2909E-02  0.5719E-02  0.5180E-02  0.1748E-01  0.2982E-02  0.4246E-02
      6.185  0.5784E-02  0.3062E-01  0.9279E-02  0.3331E-01  0.6926E-02  0.2110E-01  0.9150E-02  0.2734E-01  0.1210E-02  0.4412E-02  0.3942E-02  0.2642E-01  0.1356E-02  0.6180E-02  0.2145E-02  0.1878E-01  0.1526E-02  0.4763E-02
      6.195  0.4382E-02  0.4448E-02  0.7041E-02  0.3615E-02  0.6195E-02  0.2411E-02  0.7183E-02  0.3244E-02  0.8194E-03  0.4796E-03  0.3069E-02  0.5005E-02  0.1048E-02  0.9091E-03  0.1409E-02  0.2320E-02  0.1186E-02  0.1125E-02
      6.205  0.4314E-02  0.9232E-02  0.6498E-02  0.1036E-01  0.5610E-02  0.3400E-02  0.8404E-02  0.2979E-01  0.8211E-03  0.3260E-02  0.2517E-02  0.4935E-02  0.1063E-02  0.1969E-02  0.1334E-02  0.3660E-02  0.9711E-03  0.2684E-02
      6.215  0.6479E-02  0.1207E-01  0.8661E-02  0.1275E-01  0.7656E-02  0.3279E-02  0.1159E-01  0.1914E-01  0.1420E-02  0.2601E-02  0.2332E-02  0.4845E-02  0.1877E-02  0.2129E-02  0.1530E-02  0.3280E-02  0.1058E-02  0.2756E-02
      6.225  0.1379E-01  0.1631E-01  0.8504E-02  0.1603E-01  0.3847E-02  0.3638E-02  0.1448E-01  0.1889E-01  0.1602E-02  0.2730E-02  0.3083E-02  0.6159E-02  0.2403E-02  0.2783E-02  0.1611E-02  0.3405E-02  0.1330E-02  0.3153E-02
      6.235  0.1339E-01  0.2157E-01  0.7542E-02  0.1512E-01  0.3859E-02  0.3725E-02  0.1269E-01  0.2581E-01  0.1654E-02  0.3170E-02  0.3291E-02  0.1136E-01  0.2486E-02  0.5617E-02  0.1391E-02  0.3649E-02  0.1399E-02  0.3074E-02
      6.245  0.1528E-01  0.2098E-01  0.8801E-02  0.1755E-01  0.4099E-02  0.4077E-02  0.1340E-01  0.1996E-01  0.1832E-02  0.3797E-02  0.3771E-02  0.5859E-02  0.2946E-02  0.3889E-02  0.1432E-02  0.3170E-02  0.1527E-02  0.3792E-02
      6.255  0.1761E-01  0.2729E-01  0.1213E-01  0.2375E-01  0.4407E-02  0.5959E-02  0.1289E-01  0.2655E-01  0.1991E-02  0.5369E-02  0.3873E-02  0.6989E-02  0.3403E-02  0.5501E-02  0.1519E-02  0.3936E-02  0.1550E-02  0.5672E-02
      6.265  0.1706E-01  0.2741E-01  0.1341E-01  0.2701E-01  0.4723E-02  0.7141E-02  0.1122E-01  0.2517E-01  0.2138E-02  0.5976E-02  0.3487E-02  0.6978E-02  0.3345E-02  0.5688E-02  0.1533E-02  0.4600E-02  0.1447E-02  0.6163E-02
      6.275  0.1545E-01  0.2436E-01  0.1279E-01  0.2371E-01  0.4945E-02  0.7174E-02  0.9438E-02  0.2276E-01  0.2176E-02  0.5555E-02  0.3024E-02  0.6100E-02  0.3070E-02  0.4747E-02  0.1495E-02  0.4722E-02  0.1374E-02  0.6103E-02
      6.285  0.1302E-01  0.2189E-01  0.1068E-01  0.2160E-01  0.4428E-02  0.6935E-02  0.7563E-02  0.2128E-01  0.1956E-02  0.5416E-02  0.2459E-02  0.5400E-02  0.2527E-02  0.3966E-02  0.1370E-02  0.4623E-02  0.1202E-02  0.5606E-02
      6.295  0.1076E-01  0.1717E-01  0.9240E-02  0.1970E-01  0.4126E-02  0.7043E-02  0.6237E-02  0.1949E-01  0.1834E-02  0.5356E-02  0.2047E-02  0.5102E-02  0.2134E-02  0.3210E-02  0.1370E-02  0.4404E-02  0.1213E-02  0.5352E-02
      6.305  0.7905E-02  0.1454E-01  0.7860E-02  0.1808E-01  0.3355E-02  0.6797E-02  0.5057E-02  0.1769E-01  0.1600E-02  0.5227E-02  0.1696E-02  0.4740E-02  0.1795E-02  0.2503E-02  0.1234E-02  0.4155E-02  0.1241E-02  0.5002E-02
      6.315  0.6185E-02  0.1354E-01  0.7364E-02  0.1765E-01  0.3401E-02  0.6969E-02  0.4865E-02  0.1655E-01  0.1665E-02  0.5496E-02  0.1552E-02  0.4820E-02  0.1739E-02  0.2095E-02  0.1287E-02  0.4077E-02  0.1351E-02  0.4894E-02
      6.325  0.6061E-02  0.1288E-01  0.7525E-02  0.1798E-01  0.2882E-02  0.7659E-02  0.5365E-02  0.1648E-01  0.1682E-02  0.6196E-02  0.1721E-02  0.5079E-02  0.1702E-02  0.1981E-02  0.1205E-02  0.4487E-02  0.1179E-02  0.5368E-02
      6.335  0.9183E-02  0.1291E-01  0.9671E-02  0.1894E-01  0.3731E-02  0.8680E-02  0.7337E-02  0.1657E-01  0.2550E-02  0.7182E-02  0.2216E-02  0.5611E-02  0.2373E-02  0.1976E-02  0.1422E-02  0.4963E-02  0.1325E-02  0.5891E-02
      6.345  0.8556E-02  0.1259E-01  0.8757E-02  0.1832E-01  0.3760E-02  0.7273E-02  0.7518E-02  0.1497E-01  0.2258E-02  0.7200E-02  0.1939E-02  0.5448E-02  0.2166E-02  0.1802E-02  0.1486E-02  0.4999E-02  0.1293E-02  0.5484E-02
      6.355  0.6515E-02  0.1556E-01  0.6110E-02  0.2843E-01  0.3328E-02  0.1102E-01  0.7121E-02  0.3014E-01  0.1639E-02  0.1135E-01  0.1297E-02  0.8784E-02  0.1604E-02  0.2436E-02  0.1500E-02  0.8362E-02  0.1166E-02  0.8310E-02
      6.365  0.6101E-02  0.4443E-01  0.4867E-02  0.4811E-01  0.3178E-02  0.1311E-01  0.7272E-02  0.4042E-01  0.1455E-02  0.1640E-01  0.1063E-02  0.1488E-01  0.1407E-02  0.4192E-02  0.1547E-02  0.1799E-01  0.1146E-02  0.2364E-01
      6.375  0.6247E-02  0.1194E-01  0.4825E-02  0.2794E-01  0.3149E-02  0.9226E-02  0.7362E-02  0.4411E-01  0.1476E-02  0.6718E-02  0.1116E-02  0.7336E-02  0.1410E-02  0.4897E-02  0.1598E-02  0.1060E-01  0.1206E-02  0.1062E-01
      6.385  0.6367E-02  0.1870E-01  0.4792E-02  0.3776E-01  0.3110E-02  0.1424E-01  0.7469E-02  0.4464E-01  0.1502E-02  0.8658E-02  0.1176E-02  0.9364E-02  0.1406E-02  0.8411E-02  0.1647E-02  0.2319E-01  0.1267E-02  0.1861E-01
      6.395  0.6890E-02  0.2125E-01  0.5608E-02  0.2380E-01  0.3597E-02  0.1316E-01  0.1054E-01  0.3741E-01  0.1613E-02  0.7503E-02  0.1815E-02  0.5529E-02  0.1539E-02  0.7150E-02  0.2153E-02  0.1837E-01  0.1600E-02  0.9471E-02
      6.405  0.8420E-02  0.1879E-01  0.6460E-02  0.2004E-01  0.3810E-02  0.1147E-01  0.1221E-01  0.3071E-01  0.2498E-02  0.5789E-02  0.1962E-02  0.4738E-02  0.1611E-02  0.6314E-02  0.2535E-02  0.1225E-01  0.1995E-02  0.6304E-02
      6.415  0.1180E-01  0.2173E-01  0.8550E-02  0.1963E-01  0.4190E-02  0.1361E-01  0.1772E-01  0.2865E-01  0.4189E-02  0.6476E-02  0.2286E-02  0.6210E-02  0.1806E-02  0.7392E-02  0.3259E-02  0.1271E-01  0.3121E-02  0.6629E-02
      6.425  0.1068E-01  0.2334E-01  0.8890E-02  0.2012E-01  0.4165E-02  0.1703E-01  0.1761E-01  0.2830E-01  0.3230E-02  0.8431E-02  0.2234E-02  0.1104E-01  0.1596E-02  0.8865E-02  0.2762E-02  0.1209E-01  0.3163E-02  0.7880E-02
      6.435  0.7536E-02  0.2402E-01  0.6797E-02  0.1809E-01  0.3657E-02  0.1787E-01  0.9782E-02  0.2934E-01  0.2019E-02  0.8245E-02  0.1735E-02  0.1333E-01  0.1264E-02  0.9633E-02  0.1886E-02  0.1138E-01  0.1765E-02  0.7222E-02
      6.445  0.8921E-02  0.2557E-01  0.6493E-02  0.1751E-01  0.2713E-02  0.2040E-01  0.1040E-01  0.3002E-01  0.1709E-02  0.8362E-02  0.1406E-02  0.1529E-01  0.2094E-02  0.1103E-01  0.1274E-02  0.1193E-01  0.9617E-03  0.7051E-02
      6.455  0.1195E-01  0.2572E-01  0.8953E-02  0.1999E-01  0.2483E-02  0.2236E-01  0.1729E-01  0.3032E-01  0.1960E-02  0.8516E-02  0.1282E-02  0.1768E-01  0.3497E-02  0.1253E-01  0.1197E-02  0.1318E-01  0.9002E-03  0.7036E-02
      6.465  0.8793E-02  0.2713E-01  0.7318E-02  0.2248E-01  0.2416E-02  0.2659E-01  0.1134E-01  0.3278E-01  0.1546E-02  0.9491E-02  0.1165E-02  0.2599E-01  0.2554E-02  0.1453E-01  0.1043E-02  0.1564E-01  0.7052E-03  0.8259E-02
      6.475  0.8044E-02  0.2032E-01  0.7053E-02  0.1938E-01  0.2569E-02  0.1424E-01  0.9883E-02  0.2446E-01  0.1450E-02  0.5288E-02  0.1269E-02  0.1281E-01  0.2314E-02  0.9842E-02  0.1039E-02  0.1097E-01  0.6624E-03  0.5090E-02
      6.485  0.7455E-02  0.1559E-01  0.6934E-02  0.1579E-01  0.2843E-02  0.9743E-02  0.8632E-02  0.1456E-01  0.1363E-02  0.3850E-02  0.1425E-02  0.8316E-02  0.2125E-02  0.6473E-02  0.1051E-02  0.9098E-02  0.6253E-03  0.3636E-02
      6.495  0.6786E-02  0.1555E-01  0.6775E-02  0.1479E-01  0.3060E-02  0.9120E-02  0.7416E-02  0.1448E-01  0.1299E-02  0.3598E-02  0.1535E-02  0.8096E-02  0.1928E-02  0.5940E-02  0.1053E-02  0.8996E-02  0.5912E-03  0.3418E-02
      6.505  0.5603E-02  0.1662E-01  0.5348E-02  0.1479E-01  0.2786E-02  0.8465E-02  0.5730E-02  0.1488E-01  0.1118E-02  0.3536E-02  0.1423E-02  0.8145E-02  0.1613E-02  0.5684E-02  0.9519E-03  0.9321E-02  0.4855E-03  0.3367E-02
      6.515  0.4179E-02  0.3024E-01  0.4076E-02  0.2458E-01  0.2661E-02  0.2366E-01  0.4457E-02  0.1896E-01  0.9683E-03  0.5847E-02  0.1354E-02  0.1326E-01  0.1170E-02  0.9046E-02  0.8841E-03  0.1387E-01  0.4187E-03  0.6880E-02
      6.525  0.3049E-02  0.2527E-01  0.3218E-02  0.2049E-01  0.2557E-02  0.1502E-01  0.3519E-02  0.2044E-01  0.8769E-03  0.4491E-02  0.1350E-02  0.1112E-01  0.8084E-03  0.7108E-02  0.8677E-03  0.1288E-01  0.3987E-03  0.4899E-02
      6.535  0.2797E-02  0.2591E-01  0.3378E-02  0.2102E-01  0.2543E-02  0.1532E-01  0.3269E-02  0.2210E-01  0.8382E-03  0.4452E-02  0.1373E-02  0.1131E-01  0.8036E-03  0.7095E-02  0.8197E-03  0.1276E-01  0.3822E-03  0.4692E-02
      6.545  0.2963E-02  0.2246E-01  0.5348E-02  0.1859E-01  0.2715E-02  0.1487E-01  0.3231E-02  0.2033E-01  0.8646E-03  0.3796E-02  0.1426E-02  0.1105E-01  0.9268E-03  0.5963E-02  0.7919E-03  0.1166E-01  0.3905E-03  0.4088E-02
      6.555  0.3385E-02  0.2176E-01  0.7230E-02  0.1834E-01  0.3022E-02  0.1498E-01  0.3455E-02  0.1982E-01  0.9755E-03  0.3529E-02  0.1528E-02  0.1170E-01  0.1212E-02  0.5540E-02  0.7988E-03  0.1125E-01  0.4236E-03  0.3698E-02
      6.565  0.4087E-02  0.2390E-01  0.9310E-02  0.2217E-01  0.3877E-02  0.1674E-01  0.4213E-02  0.2375E-01  0.1337E-02  0.3856E-02  0.2024E-02  0.1523E-01  0.1606E-02  0.5778E-02  0.9301E-03  0.1249E-01  0.4821E-03  0.3491E-02
      6.575  0.4545E-02  0.2239E-01  0.1053E-01  0.1969E-01  0.4306E-02  0.1130E-01  0.4223E-02  0.1594E-01  0.1412E-02  0.2751E-02  0.2067E-02  0.1176E-01  0.1838E-02  0.5687E-02  0.9498E-03  0.7266E-02  0.4751E-03  0.2654E-02
      6.585  0.4614E-02  0.1573E-01  0.1096E-01  0.9907E-02  0.3843E-02  0.4098E-02  0.3816E-02  0.8560E-02  0.1195E-02  0.1185E-02  0.1503E-02  0.5277E-02  0.1854E-02  0.4907E-02  0.8118E-03  0.3640E-02  0.4202E-03  0.1485E-02
      6.595  0.4991E-02  0.1337E-01  0.1168E-01  0.6705E-02  0.3577E-02  0.3202E-02  0.3748E-02  0.7291E-02  0.1138E-02  0.8522E-03  0.1228E-02  0.3440E-02  0.1949E-02  0.4581E-02  0.7758E-03  0.3340E-02  0.4024E-03  0.7838E-03
      6.605  0.4227E-02  0.1269E-01  0.6939E-02  0.5750E-02  0.3503E-02  0.3133E-02  0.3059E-02  0.6767E-02  0.8003E-03  0.7920E-03  0.9518E-03  0.3004E-02  0.1528E-02  0.4636E-02  0.7722E-03  0.3119E-02  0.3365E-03  0.7135E-03
      6.615  0.4454E-02  0.1218E-01  0.5955E-02  0.4887E-02  0.3815E-02  0.3100E-02  0.3127E-02  0.6292E-02  0.7911E-03  0.7277E-03  0.1063E-02  0.2597E-02  0.1656E-02  0.4704E-02  0.8502E-03  0.2909E-02  0.3567E-03  0.6451E-03
      6.625  0.5699E-02  0.1589E-01  0.5541E-02  0.5262E-02  0.4744E-02  0.4051E-02  0.3772E-02  0.6678E-02  0.9379E-03  0.6591E-03  0.1628E-02  0.2340E-02  0.2177E-02  0.5439E-02  0.9880E-03  0.2897E-02  0.4648E-03  0.6077E-03
      6.635  0.6343E-02  0.1969E-01  0.4877E-02  0.5831E-02  0.5054E-02  0.5038E-02  0.4250E-02  0.6914E-02  0.1012E-02  0.6003E-03  0.1882E-02  0.2080E-02  0.2433E-02  0.5920E-02  0.1149E-02  0.2857E-02  0.6566E-03  0.5753E-03
      6.646  0.5992E-02  0.2300E-01  0.3945E-02  0.6571E-02  0.4788E-02  0.6028E-02  0.4094E-02  0.6887E-02  0.9762E-03  0.5674E-03  0.1841E-02  0.1845E-02  0.2330E-02  0.5939E-02  0.1165E-02  0.2818E-02  0.6426E-03  0.5490E-03
      6.656  0.7194E-02  0.2598E-01  0.3991E-02  0.7482E-02  0.6015E-02  0.7117E-02  0.4455E-02  0.6665E-02  0.1087E-02  0.5215E-03  0.1967E-02  0.1680E-02  0.2499E-02  0.5672E-02  0.1568E-02  0.2787E-02  0.6925E-03  0.5426E-03
      6.666  0.3751E-02  0.9339E-02  0.2495E-02  0.2534E-02  0.2345E-02  0.2755E-02  0.3132E-02  0.2708E-02  0.6489E-03  0.1867E-03  0.1325E-02  0.6754E-03  0.1511E-02  0.2368E-02  0.8312E-03  0.1174E-02  0.4704E-03  0.2214E-03
      6.676  0.3415E-02  0.0000E+00  0.2143E-02  0.0000E+00  0.1761E-02  0.0000E+00  0.2916E-02  0.0000E+00  0.4628E-03  0.0000E+00  0.9887E-03  0.0000E+00  0.1389E-02  0.0000E+00  0.7933E-03  0.0000E+00  0.3879E-03  0.0000E+00
      6.686  0.3495E-02  0.0000E+00  0.2347E-02  0.0000E+00  0.2052E-02  0.0000E+00  0.3257E-02  0.0000E+00  0.4587E-03  0.0000E+00  0.1176E-02  0.0000E+00  0.1444E-02  0.0000E+00  0.9029E-03  0.0000E+00  0.5347E-03  0.0000E+00
      6.696  0.3830E-02  0.0000E+00  0.3071E-02  0.0000E+00  0.2989E-02  0.0000E+00  0.4123E-02  0.0000E+00  0.5387E-03  0.0000E+00  0.1808E-02  0.0000E+00  0.1579E-02  0.0000E+00  0.1103E-02  0.0000E+00  0.7152E-03  0.0000E+00
      6.706  0.4148E-02  0.0000E+00  0.3581E-02  0.0000E+00  0.3686E-02  0.0000E+00  0.4628E-02  0.0000E+00  0.5844E-03  0.0000E+00  0.2200E-02  0.0000E+00  0.1715E-02  0.0000E+00  0.1253E-02  0.0000E+00  0.8397E-03  0.0000E+00
      6.716  0.4478E-02  0.0000E+00  0.3524E-02  0.0000E+00  0.3439E-02  0.0000E+00  0.4497E-02  0.0000E+00  0.5260E-03  0.0000E+00  0.2039E-02  0.0000E+00  0.1867E-02  0.0000E+00  0.1205E-02  0.0000E+00  0.8215E-03  0.0000E+00
      6.726  0.4564E-02  0.0000E+00  0.3432E-02  0.0000E+00  0.3181E-02  0.0000E+00  0.4324E-02  0.0000E+00  0.4900E-03  0.0000E+00  0.1904E-02  0.0000E+00  0.1941E-02  0.0000E+00  0.1143E-02  0.0000E+00  0.7931E-03  0.0000E+00
      6.736  0.4318E-02  0.0000E+00  0.3172E-02  0.0000E+00  0.2893E-02  0.0000E+00  0.4006E-02  0.0000E+00  0.4545E-03  0.0000E+00  0.1760E-02  0.0000E+00  0.1900E-02  0.0000E+00  0.1055E-02  0.0000E+00  0.7464E-03  0.0000E+00
      6.746  0.4031E-02  0.0000E+00  0.2917E-02  0.0000E+00  0.2603E-02  0.0000E+00  0.3689E-02  0.0000E+00  0.4192E-03  0.0000E+00  0.1618E-02  0.0000E+00  0.1840E-02  0.0000E+00  0.9624E-03  0.0000E+00  0.6993E-03  0.0000E+00
      6.756  0.3737E-02  0.0000E+00  0.2696E-02  0.0000E+00  0.2317E-02  0.0000E+00  0.3369E-02  0.0000E+00  0.3898E-03  0.0000E+00  0.1475E-02  0.0000E+00  0.1783E-02  0.0000E+00  0.8779E-03  0.0000E+00  0.6647E-03  0.0000E+00
      6.766  0.3498E-02  0.0000E+00  0.2477E-02  0.0000E+00  0.2102E-02  0.0000E+00  0.3038E-02  0.0000E+00  0.3831E-03  0.0000E+00  0.1275E-02  0.0000E+00  0.1800E-02  0.0000E+00  0.8673E-03  0.0000E+00  0.6542E-03  0.0000E+00
      6.776  0.3169E-02  0.0000E+00  0.2194E-02  0.0000E+00  0.1834E-02  0.0000E+00  0.2726E-02  0.0000E+00  0.3659E-03  0.0000E+00  0.1083E-02  0.0000E+00  0.1789E-02  0.0000E+00  0.8548E-03  0.0000E+00  0.6401E-03  0.0000E+00
      6.786  0.2592E-02  0.0000E+00  0.1893E-02  0.0000E+00  0.1386E-02  0.0000E+00  0.2312E-02  0.0000E+00  0.3034E-03  0.0000E+00  0.9673E-03  0.0000E+00  0.1552E-02  0.0000E+00  0.6831E-03  0.0000E+00  0.5702E-03  0.0000E+00
      6.796  0.1938E-02  0.0000E+00  0.1583E-02  0.0000E+00  0.1006E-02  0.0000E+00  0.1712E-02  0.0000E+00  0.2269E-03  0.0000E+00  0.7838E-03  0.0000E+00  0.1126E-02  0.0000E+00  0.4931E-03  0.0000E+00  0.4780E-03  0.0000E+00
      6.806  0.1775E-02  0.0000E+00  0.1645E-02  0.0000E+00  0.1776E-02  0.0000E+00  0.1633E-02  0.0000E+00  0.2765E-03  0.0000E+00  0.1250E-02  0.0000E+00  0.1015E-02  0.0000E+00  0.4662E-03  0.0000E+00  0.5190E-03  0.0000E+00
      6.816  0.1074E-02  0.0000E+00  0.1059E-02  0.0000E+00  0.1107E-02  0.0000E+00  0.8420E-03  0.0000E+00  0.1698E-03  0.0000E+00  0.4655E-03  0.0000E+00  0.4498E-03  0.0000E+00  0.3280E-03  0.0000E+00  0.2942E-03  0.0000E+00
      6.826  0.1005E-02  0.0000E+00  0.1011E-02  0.0000E+00  0.1035E-02  0.0000E+00  0.8125E-03  0.0000E+00  0.1607E-03  0.0000E+00  0.4311E-03  0.0000E+00  0.4206E-03  0.0000E+00  0.3051E-03  0.0000E+00  0.2691E-03  0.0000E+00
      6.836  0.9381E-03  0.0000E+00  0.9656E-03  0.0000E+00  0.9663E-03  0.0000E+00  0.7822E-03  0.0000E+00  0.1507E-03  0.0000E+00  0.3977E-03  0.0000E+00  0.3927E-03  0.0000E+00  0.2822E-03  0.0000E+00  0.2452E-03  0.0000E+00
      6.846  0.8719E-03  0.0000E+00  0.9229E-03  0.0000E+00  0.9023E-03  0.0000E+00  0.7511E-03  0.0000E+00  0.1399E-03  0.0000E+00  0.3652E-03  0.0000E+00  0.3658E-03  0.0000E+00  0.2591E-03  0.0000E+00  0.2224E-03  0.0000E+00
      6.856  0.8068E-03  0.0000E+00  0.8831E-03  0.0000E+00  0.8427E-03  0.0000E+00  0.7192E-03  0.0000E+00  0.1283E-03  0.0000E+00  0.3338E-03  0.0000E+00  0.3400E-03  0.0000E+00  0.2359E-03  0.0000E+00  0.2007E-03  0.0000E+00
      6.866  0.7430E-03  0.0000E+00  0.8462E-03  0.0000E+00  0.7875E-03  0.0000E+00  0.6864E-03  0.0000E+00  0.1158E-03  0.0000E+00  0.3034E-03  0.0000E+00  0.3153E-03  0.0000E+00  0.2126E-03  0.0000E+00  0.1801E-03  0.0000E+00
      6.876  0.6803E-03  0.0000E+00  0.8121E-03  0.0000E+00  0.7367E-03  0.0000E+00  0.6528E-03  0.0000E+00  0.1025E-03  0.0000E+00  0.2739E-03  0.0000E+00  0.2918E-03  0.0000E+00  0.1892E-03  0.0000E+00  0.1607E-03  0.0000E+00
      6.886  0.6188E-03  0.0000E+00  0.7809E-03  0.0000E+00  0.6903E-03  0.0000E+00  0.6184E-03  0.0000E+00  0.8827E-04  0.0000E+00  0.2455E-03  0.0000E+00  0.2693E-03  0.0000E+00  0.1657E-03  0.0000E+00  0.1424E-03  0.0000E+00
      6.896  0.5670E-03  0.0000E+00  0.7599E-03  0.0000E+00  0.6612E-03  0.0000E+00  0.5842E-03  0.0000E+00  0.7884E-04  0.0000E+00  0.2245E-03  0.0000E+00  0.2501E-03  0.0000E+00  0.1491E-03  0.0000E+00  0.1298E-03  0.0000E+00
      6.906  0.5119E-03  0.0000E+00  0.7225E-03  0.0000E+00  0.6299E-03  0.0000E+00  0.5318E-03  0.0000E+00  0.7429E-04  0.0000E+00  0.2076E-03  0.0000E+00  0.2285E-03  0.0000E+00  0.1384E-03  0.0000E+00  0.1199E-03  0.0000E+00
      6.916  0.4581E-03  0.0000E+00  0.6825E-03  0.0000E+00  0.5969E-03  0.0000E+00  0.4805E-03  0.0000E+00  0.6965E-04  0.0000E+00  0.1911E-03  0.0000E+00  0.2073E-03  0.0000E+00  0.1276E-03  0.0000E+00  0.1100E-03  0.0000E+00
      6.926  0.4055E-03  0.0000E+00  0.6399E-03  0.0000E+00  0.5620E-03  0.0000E+00  0.4303E-03  0.0000E+00  0.6491E-04  0.0000E+00  0.1749E-03  0.0000E+00  0.1864E-03  0.0000E+00  0.1166E-03  0.0000E+00  0.1001E-03  0.0000E+00
      6.936  0.3542E-03  0.0000E+00  0.5947E-03  0.0000E+00  0.5254E-03  0.0000E+00  0.3812E-03  0.0000E+00  0.6007E-04  0.0000E+00  0.1591E-03  0.0000E+00  0.1659E-03  0.0000E+00  0.1055E-03  0.0000E+00  0.9026E-04  0.0000E+00
      6.946  0.3042E-03  0.0000E+00  0.5469E-03  0.0000E+00  0.4870E-03  0.0000E+00  0.3331E-03  0.0000E+00  0.5513E-04  0.0000E+00  0.1437E-03  0.0000E+00  0.1457E-03  0.0000E+00  0.9423E-04  0.0000E+00  0.8044E-04  0.0000E+00
      6.956  0.2554E-03  0.0000E+00  0.4966E-03  0.0000E+00  0.4468E-03  0.0000E+00  0.2862E-03  0.0000E+00  0.5010E-04  0.0000E+00  0.1287E-03  0.0000E+00  0.1259E-03  0.0000E+00  0.8283E-04  0.0000E+00  0.7064E-04  0.0000E+00
      6.966  0.2079E-03  0.0000E+00  0.4437E-03  0.0000E+00  0.4048E-03  0.0000E+00  0.2404E-03  0.0000E+00  0.4497E-04  0.0000E+00  0.1140E-03  0.0000E+00  0.1064E-03  0.0000E+00  0.7129E-04  0.0000E+00  0.6087E-04  0.0000E+00
      6.976  0.1617E-03  0.0000E+00  0.3882E-03  0.0000E+00  0.3611E-03  0.0000E+00  0.1957E-03  0.0000E+00  0.3974E-04  0.0000E+00  0.9968E-04  0.0000E+00  0.8726E-04  0.0000E+00  0.5961E-04  0.0000E+00  0.5112E-04  0.0000E+00
      6.986  0.9932E-04  0.0000E+00  0.2529E-03  0.0000E+00  0.2624E-03  0.0000E+00  0.1304E-03  0.0000E+00  0.2851E-04  0.0000E+00  0.6732E-04  0.0000E+00  0.5568E-04  0.0000E+00  0.3909E-04  0.0000E+00  0.3259E-04  0.0000E+00
      6.996  0.1443E-04  0.0000E+00  0.3379E-04  0.0000E+00  0.4408E-04  0.0000E+00  0.2093E-04  0.0000E+00  0.4713E-05  0.0000E+00  0.9786E-05  0.0000E+00  0.7960E-05  0.0000E+00  0.5802E-05  0.0000E+00  0.4435E-05  0.0000E+00
      7.006  0.0000E+00  0.0000E+00  0.0000E+00  0.0000E+00  0.0000E+00  0.0000E+00  0.0000E+00  0.0000E+00  0.0000E+00  0.0000E+00  0.0000E+00  0.0000E+00  0.0000E+00  0.0000E+00  0.0000E+00  0.0000E+00  0.0000E+00  0.0000E+00
      7.016  0.0000E+00  0.0000E+00  0.0000E+00  0.0000E+00  0.0000E+00  0.0000E+00  0.0000E+00  0.0000E+00  0.0000E+00  0.0000E+00  0.0000E+00  0.0000E+00  0.0000E+00  0.0000E+00  0.0000E+00  0.0000E+00  0.0000E+00  0.0000E+00
      7.026  0.0000E+00  0.0000E+00  0.0000E+00  0.0000E+00  0.0000E+00  0.0000E+00  0.0000E+00  0.0000E+00  0.0000E+00  0.0000E+00  0.0000E+00  0.0000E+00  0.0000E+00  0.0000E+00  0.0000E+00  0.0000E+00  0.0000E+00  0.0000E+00
      7.036  0.0000E+00  0.0000E+00  0.0000E+00  0.0000E+00  0.0000E+00  0.0000E+00  0.0000E+00  0.0000E+00  0.0000E+00  0.0000E+00  0.0000E+00  0.0000E+00  0.0000E+00  0.0000E+00  0.0000E+00  0.0000E+00  0.0000E+00  0.0000E+00
      7.046  0.0000E+00  0.0000E+00  0.0000E+00  0.0000E+00  0.0000E+00  0.0000E+00  0.0000E+00  0.0000E+00  0.0000E+00  0.0000E+00  0.0000E+00  0.0000E+00  0.0000E+00  0.0000E+00  0.0000E+00  0.0000E+00  0.0000E+00  0.0000E+00
      7.056  0.0000E+00  0.0000E+00  0.0000E+00  0.0000E+00  0.0000E+00  0.0000E+00  0.0000E+00  0.0000E+00  0.0000E+00  0.0000E+00  0.0000E+00  0.0000E+00  0.0000E+00  0.0000E+00  0.0000E+00  0.0000E+00  0.0000E+00  0.0000E+00
      7.066  0.0000E+00  0.0000E+00  0.0000E+00  0.0000E+00  0.0000E+00  0.0000E+00  0.0000E+00  0.0000E+00  0.0000E+00  0.0000E+00  0.0000E+00  0.0000E+00  0.0000E+00  0.0000E+00  0.0000E+00  0.0000E+00  0.0000E+00  0.0000E+00
      7.076  0.0000E+00  0.0000E+00  0.0000E+00  0.0000E+00  0.0000E+00  0.0000E+00  0.0000E+00  0.0000E+00  0.0000E+00  0.0000E+00  0.0000E+00  0.0000E+00  0.0000E+00  0.0000E+00  0.0000E+00  0.0000E+00  0.0000E+00  0.0000E+00
      7.086  0.0000E+00  0.0000E+00  0.0000E+00  0.0000E+00  0.0000E+00  0.0000E+00  0.0000E+00  0.0000E+00  0.0000E+00  0.0000E+00  0.0000E+00  0.0000E+00  0.0000E+00  0.0000E+00  0.0000E+00  0.0000E+00  0.0000E+00  0.0000E+00
      7.096  0.0000E+00  0.0000E+00  0.0000E+00  0.0000E+00  0.0000E+00  0.0000E+00  0.0000E+00  0.0000E+00  0.0000E+00  0.0000E+00  0.0000E+00  0.0000E+00  0.0000E+00  0.0000E+00  0.0000E+00  0.0000E+00  0.0000E+00  0.0000E+00
      7.106  0.0000E+00  0.0000E+00  0.0000E+00  0.0000E+00  0.0000E+00  0.0000E+00  0.0000E+00  0.0000E+00  0.0000E+00  0.0000E+00  0.0000E+00  0.0000E+00  0.0000E+00  0.0000E+00  0.0000E+00  0.0000E+00  0.0000E+00  0.0000E+00
      7.116  0.0000E+00  0.0000E+00  0.0000E+00  0.0000E+00  0.0000E+00  0.0000E+00  0.0000E+00  0.0000E+00  0.0000E+00  0.0000E+00  0.0000E+00  0.0000E+00  0.0000E+00  0.0000E+00  0.0000E+00  0.0000E+00  0.0000E+00  0.0000E+00
      7.126  0.0000E+00  0.0000E+00  0.0000E+00  0.0000E+00  0.0000E+00  0.0000E+00  0.0000E+00  0.0000E+00  0.0000E+00  0.0000E+00  0.0000E+00  0.0000E+00  0.0000E+00  0.0000E+00  0.0000E+00  0.0000E+00  0.0000E+00  0.0000E+00
      7.136  0.0000E+00  0.0000E+00  0.0000E+00  0.0000E+00  0.0000E+00  0.0000E+00  0.0000E+00  0.0000E+00  0.0000E+00  0.0000E+00  0.0000E+00  0.0000E+00  0.0000E+00  0.0000E+00  0.0000E+00  0.0000E+00  0.0000E+00  0.0000E+00
      7.146  0.0000E+00  0.0000E+00  0.0000E+00  0.0000E+00  0.0000E+00  0.0000E+00  0.0000E+00  0.0000E+00  0.0000E+00  0.0000E+00  0.0000E+00  0.0000E+00  0.0000E+00  0.0000E+00  0.0000E+00  0.0000E+00  0.0000E+00  0.0000E+00
      7.156  0.0000E+00  0.0000E+00  0.0000E+00  0.0000E+00  0.0000E+00  0.0000E+00  0.0000E+00  0.0000E+00  0.0000E+00  0.0000E+00  0.0000E+00  0.0000E+00  0.0000E+00  0.0000E+00  0.0000E+00  0.0000E+00  0.0000E+00  0.0000E+00
      7.166  0.0000E+00  0.0000E+00  0.0000E+00  0.0000E+00  0.0000E+00  0.0000E+00  0.0000E+00  0.0000E+00  0.0000E+00  0.0000E+00  0.0000E+00  0.0000E+00  0.0000E+00  0.0000E+00  0.0000E+00  0.0000E+00  0.0000E+00  0.0000E+00
      7.176  0.0000E+00  0.0000E+00  0.0000E+00  0.0000E+00  0.0000E+00  0.0000E+00  0.0000E+00  0.0000E+00  0.0000E+00  0.0000E+00  0.0000E+00  0.0000E+00  0.0000E+00  0.0000E+00  0.0000E+00  0.0000E+00  0.0000E+00  0.0000E+00
      7.186  0.0000E+00  0.0000E+00  0.0000E+00  0.0000E+00  0.0000E+00  0.0000E+00  0.0000E+00  0.0000E+00  0.0000E+00  0.0000E+00  0.0000E+00  0.0000E+00  0.0000E+00  0.0000E+00  0.0000E+00  0.0000E+00  0.0000E+00  0.0000E+00
      7.196  0.0000E+00  0.0000E+00  0.0000E+00  0.0000E+00  0.0000E+00  0.0000E+00  0.0000E+00  0.0000E+00  0.0000E+00  0.0000E+00  0.0000E+00  0.0000E+00  0.0000E+00  0.0000E+00  0.0000E+00  0.0000E+00  0.0000E+00  0.0000E+00
      7.206  0.0000E+00  0.0000E+00  0.0000E+00  0.0000E+00  0.0000E+00  0.0000E+00  0.0000E+00  0.0000E+00  0.0000E+00  0.0000E+00  0.0000E+00  0.0000E+00  0.0000E+00  0.0000E+00  0.0000E+00  0.0000E+00  0.0000E+00  0.0000E+00
      7.216  0.0000E+00  0.0000E+00  0.0000E+00  0.0000E+00  0.0000E+00  0.0000E+00  0.0000E+00  0.0000E+00  0.0000E+00  0.0000E+00  0.0000E+00  0.0000E+00  0.0000E+00  0.0000E+00  0.0000E+00  0.0000E+00  0.0000E+00  0.0000E+00
      7.226  0.0000E+00  0.0000E+00  0.0000E+00  0.0000E+00  0.0000E+00  0.0000E+00  0.0000E+00  0.0000E+00  0.0000E+00  0.0000E+00  0.0000E+00  0.0000E+00  0.0000E+00  0.0000E+00  0.0000E+00  0.0000E+00  0.0000E+00  0.0000E+00
      7.236  0.0000E+00  0.0000E+00  0.0000E+00  0.0000E+00  0.0000E+00  0.0000E+00  0.0000E+00  0.0000E+00  0.0000E+00  0.0000E+00  0.0000E+00  0.0000E+00  0.0000E+00  0.0000E+00  0.0000E+00  0.0000E+00  0.0000E+00  0.0000E+00
      7.246  0.0000E+00  0.0000E+00  0.0000E+00  0.0000E+00  0.0000E+00  0.0000E+00  0.0000E+00  0.0000E+00  0.0000E+00  0.0000E+00  0.0000E+00  0.0000E+00  0.0000E+00  0.0000E+00  0.0000E+00  0.0000E+00  0.0000E+00  0.0000E+00
      7.256  0.0000E+00  0.0000E+00  0.0000E+00  0.0000E+00  0.0000E+00  0.0000E+00  0.0000E+00  0.0000E+00  0.0000E+00  0.0000E+00  0.0000E+00  0.0000E+00  0.0000E+00  0.0000E+00  0.0000E+00  0.0000E+00  0.0000E+00  0.0000E+00
      7.266  0.0000E+00  0.0000E+00  0.0000E+00  0.0000E+00  0.0000E+00  0.0000E+00  0.0000E+00  0.0000E+00  0.0000E+00  0.0000E+00  0.0000E+00  0.0000E+00  0.0000E+00  0.0000E+00  0.0000E+00  0.0000E+00  0.0000E+00  0.0000E+00
      7.276  0.0000E+00  0.0000E+00  0.0000E+00  0.0000E+00  0.0000E+00  0.0000E+00  0.0000E+00  0.0000E+00  0.0000E+00  0.0000E+00  0.0000E+00  0.0000E+00  0.0000E+00  0.0000E+00  0.0000E+00  0.0000E+00  0.0000E+00  0.0000E+00
      7.286  0.0000E+00  0.0000E+00  0.0000E+00  0.0000E+00  0.0000E+00  0.0000E+00  0.0000E+00  0.0000E+00  0.0000E+00  0.0000E+00  0.0000E+00  0.0000E+00  0.0000E+00  0.0000E+00  0.0000E+00  0.0000E+00  0.0000E+00  0.0000E+00
      7.296  0.0000E+00  0.0000E+00  0.0000E+00  0.0000E+00  0.0000E+00  0.0000E+00  0.0000E+00  0.0000E+00  0.0000E+00  0.0000E+00  0.0000E+00  0.0000E+00  0.0000E+00  0.0000E+00  0.0000E+00  0.0000E+00  0.0000E+00  0.0000E+00
      7.306  0.0000E+00  0.0000E+00  0.0000E+00  0.0000E+00  0.0000E+00  0.0000E+00  0.0000E+00  0.0000E+00  0.0000E+00  0.0000E+00  0.0000E+00  0.0000E+00  0.0000E+00  0.0000E+00  0.0000E+00  0.0000E+00  0.0000E+00  0.0000E+00
      7.316  0.0000E+00  0.0000E+00  0.0000E+00  0.0000E+00  0.0000E+00  0.0000E+00  0.0000E+00  0.0000E+00  0.0000E+00  0.0000E+00  0.0000E+00  0.0000E+00  0.0000E+00  0.0000E+00  0.0000E+00  0.0000E+00  0.0000E+00  0.0000E+00
      7.326  0.0000E+00  0.0000E+00  0.0000E+00  0.0000E+00  0.0000E+00  0.0000E+00  0.0000E+00  0.0000E+00  0.0000E+00  0.0000E+00  0.0000E+00  0.0000E+00  0.0000E+00  0.0000E+00  0.0000E+00  0.0000E+00  0.0000E+00  0.0000E+00
      7.336  0.0000E+00  0.0000E+00  0.0000E+00  0.0000E+00  0.0000E+00  0.0000E+00  0.0000E+00  0.0000E+00  0.0000E+00  0.0000E+00  0.0000E+00  0.0000E+00  0.0000E+00  0.0000E+00  0.0000E+00  0.0000E+00  0.0000E+00  0.0000E+00
      7.346  0.0000E+00  0.0000E+00  0.0000E+00  0.0000E+00  0.0000E+00  0.0000E+00  0.0000E+00  0.0000E+00  0.0000E+00  0.0000E+00  0.0000E+00  0.0000E+00  0.0000E+00  0.0000E+00  0.0000E+00  0.0000E+00  0.0000E+00  0.0000E+00
      7.356  0.0000E+00  0.0000E+00  0.0000E+00  0.0000E+00  0.0000E+00  0.0000E+00  0.0000E+00  0.0000E+00  0.0000E+00  0.0000E+00  0.0000E+00  0.0000E+00  0.0000E+00  0.0000E+00  0.0000E+00  0.0000E+00  0.0000E+00  0.0000E+00
      7.366  0.0000E+00  0.0000E+00  0.0000E+00  0.0000E+00  0.0000E+00  0.0000E+00  0.0000E+00  0.0000E+00  0.0000E+00  0.0000E+00  0.0000E+00  0.0000E+00  0.0000E+00  0.0000E+00  0.0000E+00  0.0000E+00  0.0000E+00  0.0000E+00
      7.376  0.0000E+00  0.0000E+00  0.0000E+00  0.0000E+00  0.0000E+00  0.0000E+00  0.0000E+00  0.0000E+00  0.0000E+00  0.0000E+00  0.0000E+00  0.0000E+00  0.0000E+00  0.0000E+00  0.0000E+00  0.0000E+00  0.0000E+00  0.0000E+00
      7.386  0.0000E+00  0.0000E+00  0.0000E+00  0.0000E+00  0.0000E+00  0.0000E+00  0.0000E+00  0.0000E+00  0.0000E+00  0.0000E+00  0.0000E+00  0.0000E+00  0.0000E+00  0.0000E+00  0.0000E+00  0.0000E+00  0.0000E+00  0.0000E+00
      7.396  0.0000E+00  0.0000E+00  0.0000E+00  0.0000E+00  0.0000E+00  0.0000E+00  0.0000E+00  0.0000E+00  0.0000E+00  0.0000E+00  0.0000E+00  0.0000E+00  0.0000E+00  0.0000E+00  0.0000E+00  0.0000E+00  0.0000E+00  0.0000E+00
      7.406  0.0000E+00  0.0000E+00  0.0000E+00  0.0000E+00  0.0000E+00  0.0000E+00  0.0000E+00  0.0000E+00  0.0000E+00  0.0000E+00  0.0000E+00  0.0000E+00  0.0000E+00  0.0000E+00  0.0000E+00  0.0000E+00  0.0000E+00  0.0000E+00
      7.416  0.0000E+00  0.0000E+00  0.0000E+00  0.0000E+00  0.0000E+00  0.0000E+00  0.0000E+00  0.0000E+00  0.0000E+00  0.0000E+00  0.0000E+00  0.0000E+00  0.0000E+00  0.0000E+00  0.0000E+00  0.0000E+00  0.0000E+00  0.0000E+00
      7.426  0.0000E+00  0.0000E+00  0.0000E+00  0.0000E+00  0.0000E+00  0.0000E+00  0.0000E+00  0.0000E+00  0.0000E+00  0.0000E+00  0.0000E+00  0.0000E+00  0.0000E+00  0.0000E+00  0.0000E+00  0.0000E+00  0.0000E+00  0.0000E+00
      7.436  0.0000E+00  0.0000E+00  0.0000E+00  0.0000E+00  0.0000E+00  0.0000E+00  0.0000E+00  0.0000E+00  0.0000E+00  0.0000E+00  0.0000E+00  0.0000E+00  0.0000E+00  0.0000E+00  0.0000E+00  0.0000E+00  0.0000E+00  0.0000E+00
      7.446  0.0000E+00  0.0000E+00  0.0000E+00  0.0000E+00  0.0000E+00  0.0000E+00  0.0000E+00  0.0000E+00  0.0000E+00  0.0000E+00  0.0000E+00  0.0000E+00  0.0000E+00  0.0000E+00  0.0000E+00  0.0000E+00  0.0000E+00  0.0000E+00
      7.456  0.0000E+00  0.0000E+00  0.0000E+00  0.0000E+00  0.0000E+00  0.0000E+00  0.0000E+00  0.0000E+00  0.0000E+00  0.0000E+00  0.0000E+00  0.0000E+00  0.0000E+00  0.0000E+00  0.0000E+00  0.0000E+00  0.0000E+00  0.0000E+00
      7.466  0.0000E+00  0.0000E+00  0.0000E+00  0.0000E+00  0.0000E+00  0.0000E+00  0.0000E+00  0.0000E+00  0.0000E+00  0.0000E+00  0.0000E+00  0.0000E+00  0.0000E+00  0.0000E+00  0.0000E+00  0.0000E+00  0.0000E+00  0.0000E+00
      7.476  0.0000E+00  0.0000E+00  0.0000E+00  0.0000E+00  0.0000E+00  0.0000E+00  0.0000E+00  0.0000E+00  0.0000E+00  0.0000E+00  0.0000E+00  0.0000E+00  0.0000E+00  0.0000E+00  0.0000E+00  0.0000E+00  0.0000E+00  0.0000E+00
      7.486  0.0000E+00  0.0000E+00  0.0000E+00  0.0000E+00  0.0000E+00  0.0000E+00  0.0000E+00  0.0000E+00  0.0000E+00  0.0000E+00  0.0000E+00  0.0000E+00  0.0000E+00  0.0000E+00  0.0000E+00  0.0000E+00  0.0000E+00  0.0000E+00
      7.496  0.0000E+00  0.0000E+00  0.0000E+00  0.0000E+00  0.0000E+00  0.0000E+00  0.0000E+00  0.0000E+00  0.0000E+00  0.0000E+00  0.0000E+00  0.0000E+00  0.0000E+00  0.0000E+00  0.0000E+00  0.0000E+00  0.0000E+00  0.0000E+00
      7.506  0.0000E+00  0.0000E+00  0.0000E+00  0.0000E+00  0.0000E+00  0.0000E+00  0.0000E+00  0.0000E+00  0.0000E+00  0.0000E+00  0.0000E+00  0.0000E+00  0.0000E+00  0.0000E+00  0.0000E+00  0.0000E+00  0.0000E+00  0.0000E+00
      7.516  0.0000E+00  0.0000E+00  0.0000E+00  0.0000E+00  0.0000E+00  0.0000E+00  0.0000E+00  0.0000E+00  0.0000E+00  0.0000E+00  0.0000E+00  0.0000E+00  0.0000E+00  0.0000E+00  0.0000E+00  0.0000E+00  0.0000E+00  0.0000E+00
      7.526  0.0000E+00  0.0000E+00  0.0000E+00  0.0000E+00  0.0000E+00  0.0000E+00  0.0000E+00  0.0000E+00  0.0000E+00  0.0000E+00  0.0000E+00  0.0000E+00  0.0000E+00  0.0000E+00  0.0000E+00  0.0000E+00  0.0000E+00  0.0000E+00
      7.536  0.0000E+00  0.0000E+00  0.0000E+00  0.0000E+00  0.0000E+00  0.0000E+00  0.0000E+00  0.0000E+00  0.0000E+00  0.0000E+00  0.0000E+00  0.0000E+00  0.0000E+00  0.0000E+00  0.0000E+00  0.0000E+00  0.0000E+00  0.0000E+00
      7.546  0.0000E+00  0.0000E+00  0.0000E+00  0.0000E+00  0.0000E+00  0.0000E+00  0.0000E+00  0.0000E+00  0.0000E+00  0.0000E+00  0.0000E+00  0.0000E+00  0.0000E+00  0.0000E+00  0.0000E+00  0.0000E+00  0.0000E+00  0.0000E+00
      7.556  0.0000E+00  0.0000E+00  0.0000E+00  0.0000E+00  0.0000E+00  0.0000E+00  0.0000E+00  0.0000E+00  0.0000E+00  0.0000E+00  0.0000E+00  0.0000E+00  0.0000E+00  0.0000E+00  0.0000E+00  0.0000E+00  0.0000E+00  0.0000E+00
      7.566  0.0000E+00  0.0000E+00  0.0000E+00  0.0000E+00  0.0000E+00  0.0000E+00  0.0000E+00  0.0000E+00  0.0000E+00  0.0000E+00  0.0000E+00  0.0000E+00  0.0000E+00  0.0000E+00  0.0000E+00  0.0000E+00  0.0000E+00  0.0000E+00
      7.576  0.0000E+00  0.0000E+00  0.0000E+00  0.0000E+00  0.0000E+00  0.0000E+00  0.0000E+00  0.0000E+00  0.0000E+00  0.0000E+00  0.0000E+00  0.0000E+00  0.0000E+00  0.0000E+00  0.0000E+00  0.0000E+00  0.0000E+00  0.0000E+00
      7.586  0.0000E+00  0.0000E+00  0.0000E+00  0.0000E+00  0.0000E+00  0.0000E+00  0.0000E+00  0.0000E+00  0.0000E+00  0.0000E+00  0.0000E+00  0.0000E+00  0.0000E+00  0.0000E+00  0.0000E+00  0.0000E+00  0.0000E+00  0.0000E+00
      7.596  0.0000E+00  0.0000E+00  0.0000E+00  0.0000E+00  0.0000E+00  0.0000E+00  0.0000E+00  0.0000E+00  0.0000E+00  0.0000E+00  0.0000E+00  0.0000E+00  0.0000E+00  0.0000E+00  0.0000E+00  0.0000E+00  0.0000E+00  0.0000E+00
      7.606  0.0000E+00  0.0000E+00  0.0000E+00  0.0000E+00  0.0000E+00  0.0000E+00  0.0000E+00  0.0000E+00  0.0000E+00  0.0000E+00  0.0000E+00  0.0000E+00  0.0000E+00  0.0000E+00  0.0000E+00  0.0000E+00  0.0000E+00  0.0000E+00
      7.616  0.0000E+00  0.0000E+00  0.0000E+00  0.0000E+00  0.0000E+00  0.0000E+00  0.0000E+00  0.0000E+00  0.0000E+00  0.0000E+00  0.0000E+00  0.0000E+00  0.0000E+00  0.0000E+00  0.0000E+00  0.0000E+00  0.0000E+00  0.0000E+00
      7.626  0.0000E+00  0.0000E+00  0.0000E+00  0.0000E+00  0.0000E+00  0.0000E+00  0.0000E+00  0.0000E+00  0.0000E+00  0.0000E+00  0.0000E+00  0.0000E+00  0.0000E+00  0.0000E+00  0.0000E+00  0.0000E+00  0.0000E+00  0.0000E+00
      7.636  0.0000E+00  0.0000E+00  0.0000E+00  0.0000E+00  0.0000E+00  0.0000E+00  0.0000E+00  0.0000E+00  0.0000E+00  0.0000E+00  0.0000E+00  0.0000E+00  0.0000E+00  0.0000E+00  0.0000E+00  0.0000E+00  0.0000E+00  0.0000E+00
      7.646  0.0000E+00  0.0000E+00  0.0000E+00  0.0000E+00  0.0000E+00  0.0000E+00  0.0000E+00  0.0000E+00  0.0000E+00  0.0000E+00  0.0000E+00  0.0000E+00  0.0000E+00  0.0000E+00  0.0000E+00  0.0000E+00  0.0000E+00  0.0000E+00
      7.656  0.0000E+00  0.0000E+00  0.0000E+00  0.0000E+00  0.0000E+00  0.0000E+00  0.0000E+00  0.0000E+00  0.0000E+00  0.0000E+00  0.0000E+00  0.0000E+00  0.0000E+00  0.0000E+00  0.0000E+00  0.0000E+00  0.0000E+00  0.0000E+00
      7.666  0.0000E+00  0.0000E+00  0.0000E+00  0.0000E+00  0.0000E+00  0.0000E+00  0.0000E+00  0.0000E+00  0.0000E+00  0.0000E+00  0.0000E+00  0.0000E+00  0.0000E+00  0.0000E+00  0.0000E+00  0.0000E+00  0.0000E+00  0.0000E+00
      7.676  0.0000E+00  0.0000E+00  0.0000E+00  0.0000E+00  0.0000E+00  0.0000E+00  0.0000E+00  0.0000E+00  0.0000E+00  0.0000E+00  0.0000E+00  0.0000E+00  0.0000E+00  0.0000E+00  0.0000E+00  0.0000E+00  0.0000E+00  0.0000E+00
      7.686  0.0000E+00  0.0000E+00  0.0000E+00  0.0000E+00  0.0000E+00  0.0000E+00  0.0000E+00  0.0000E+00  0.0000E+00  0.0000E+00  0.0000E+00  0.0000E+00  0.0000E+00  0.0000E+00  0.0000E+00  0.0000E+00  0.0000E+00  0.0000E+00
      7.696  0.0000E+00  0.0000E+00  0.0000E+00  0.0000E+00  0.0000E+00  0.0000E+00  0.0000E+00  0.0000E+00  0.0000E+00  0.0000E+00  0.0000E+00  0.0000E+00  0.0000E+00  0.0000E+00  0.0000E+00  0.0000E+00  0.0000E+00  0.0000E+00
      7.706  0.0000E+00  0.0000E+00  0.0000E+00  0.0000E+00  0.0000E+00  0.0000E+00  0.0000E+00  0.0000E+00  0.0000E+00  0.0000E+00  0.0000E+00  0.0000E+00  0.0000E+00  0.0000E+00  0.0000E+00  0.0000E+00  0.0000E+00  0.0000E+00
      7.716  0.0000E+00  0.0000E+00  0.0000E+00  0.0000E+00  0.0000E+00  0.0000E+00  0.0000E+00  0.0000E+00  0.0000E+00  0.0000E+00  0.0000E+00  0.0000E+00  0.0000E+00  0.0000E+00  0.0000E+00  0.0000E+00  0.0000E+00  0.0000E+00
      7.726  0.0000E+00  0.0000E+00  0.0000E+00  0.0000E+00  0.0000E+00  0.0000E+00  0.0000E+00  0.0000E+00  0.0000E+00  0.0000E+00  0.0000E+00  0.0000E+00  0.0000E+00  0.0000E+00  0.0000E+00  0.0000E+00  0.0000E+00  0.0000E+00
      7.736  0.0000E+00  0.0000E+00  0.0000E+00  0.0000E+00  0.0000E+00  0.0000E+00  0.0000E+00  0.0000E+00  0.0000E+00  0.0000E+00  0.0000E+00  0.0000E+00  0.0000E+00  0.0000E+00  0.0000E+00  0.0000E+00  0.0000E+00  0.0000E+00
      7.746  0.0000E+00  0.0000E+00  0.0000E+00  0.0000E+00  0.0000E+00  0.0000E+00  0.0000E+00  0.0000E+00  0.0000E+00  0.0000E+00  0.0000E+00  0.0000E+00  0.0000E+00  0.0000E+00  0.0000E+00  0.0000E+00  0.0000E+00  0.0000E+00
      7.756  0.0000E+00  0.0000E+00  0.0000E+00  0.0000E+00  0.0000E+00  0.0000E+00  0.0000E+00  0.0000E+00  0.0000E+00  0.0000E+00  0.0000E+00  0.0000E+00  0.0000E+00  0.0000E+00  0.0000E+00  0.0000E+00  0.0000E+00  0.0000E+00
      7.766  0.0000E+00  0.0000E+00  0.0000E+00  0.0000E+00  0.0000E+00  0.0000E+00  0.0000E+00  0.0000E+00  0.0000E+00  0.0000E+00  0.0000E+00  0.0000E+00  0.0000E+00  0.0000E+00  0.0000E+00  0.0000E+00  0.0000E+00  0.0000E+00
      7.776  0.0000E+00  0.0000E+00  0.0000E+00  0.0000E+00  0.0000E+00  0.0000E+00  0.0000E+00  0.0000E+00  0.0000E+00  0.0000E+00  0.0000E+00  0.0000E+00  0.0000E+00  0.0000E+00  0.0000E+00  0.0000E+00  0.0000E+00  0.0000E+00
      7.786  0.0000E+00  0.0000E+00  0.0000E+00  0.0000E+00  0.0000E+00  0.0000E+00  0.0000E+00  0.0000E+00  0.0000E+00  0.0000E+00  0.0000E+00  0.0000E+00  0.0000E+00  0.0000E+00  0.0000E+00  0.0000E+00  0.0000E+00  0.0000E+00
      7.796  0.0000E+00  0.0000E+00  0.0000E+00  0.0000E+00  0.0000E+00  0.0000E+00  0.0000E+00  0.0000E+00  0.0000E+00  0.0000E+00  0.0000E+00  0.0000E+00  0.0000E+00  0.0000E+00  0.0000E+00  0.0000E+00  0.0000E+00  0.0000E+00
      7.806  0.0000E+00  0.0000E+00  0.0000E+00  0.0000E+00  0.0000E+00  0.0000E+00  0.0000E+00  0.0000E+00  0.0000E+00  0.0000E+00  0.0000E+00  0.0000E+00  0.0000E+00  0.0000E+00  0.0000E+00  0.0000E+00  0.0000E+00  0.0000E+00
      7.816  0.0000E+00  0.0000E+00  0.0000E+00  0.0000E+00  0.0000E+00  0.0000E+00  0.0000E+00  0.0000E+00  0.0000E+00  0.0000E+00  0.0000E+00  0.0000E+00  0.0000E+00  0.0000E+00  0.0000E+00  0.0000E+00  0.0000E+00  0.0000E+00
      7.826  0.0000E+00  0.0000E+00  0.0000E+00  0.0000E+00  0.0000E+00  0.0000E+00  0.0000E+00  0.0000E+00  0.0000E+00  0.0000E+00  0.0000E+00  0.0000E+00  0.0000E+00  0.0000E+00  0.0000E+00  0.0000E+00  0.0000E+00  0.0000E+00
      7.836  0.0000E+00  0.0000E+00  0.0000E+00  0.0000E+00  0.0000E+00  0.0000E+00  0.0000E+00  0.0000E+00  0.0000E+00  0.0000E+00  0.0000E+00  0.0000E+00  0.0000E+00  0.0000E+00  0.0000E+00  0.0000E+00  0.0000E+00  0.0000E+00
      7.846  0.0000E+00  0.0000E+00  0.0000E+00  0.0000E+00  0.0000E+00  0.0000E+00  0.0000E+00  0.0000E+00  0.0000E+00  0.0000E+00  0.0000E+00  0.0000E+00  0.0000E+00  0.0000E+00  0.0000E+00  0.0000E+00  0.0000E+00  0.0000E+00
      7.856  0.0000E+00  0.0000E+00  0.0000E+00  0.0000E+00  0.0000E+00  0.0000E+00  0.0000E+00  0.0000E+00  0.0000E+00  0.0000E+00  0.0000E+00  0.0000E+00  0.0000E+00  0.0000E+00  0.0000E+00  0.0000E+00  0.0000E+00  0.0000E+00
      7.866  0.0000E+00  0.0000E+00  0.0000E+00  0.0000E+00  0.0000E+00  0.0000E+00  0.0000E+00  0.0000E+00  0.0000E+00  0.0000E+00  0.0000E+00  0.0000E+00  0.0000E+00  0.0000E+00  0.0000E+00  0.0000E+00  0.0000E+00  0.0000E+00
      7.876  0.0000E+00  0.0000E+00  0.0000E+00  0.0000E+00  0.0000E+00  0.0000E+00  0.0000E+00  0.0000E+00  0.0000E+00  0.0000E+00  0.0000E+00  0.0000E+00  0.0000E+00  0.0000E+00  0.0000E+00  0.0000E+00  0.0000E+00  0.0000E+00
      7.886  0.0000E+00  0.0000E+00  0.0000E+00  0.0000E+00  0.0000E+00  0.0000E+00  0.0000E+00  0.0000E+00  0.0000E+00  0.0000E+00  0.0000E+00  0.0000E+00  0.0000E+00  0.0000E+00  0.0000E+00  0.0000E+00  0.0000E+00  0.0000E+00
      7.896  0.0000E+00  0.0000E+00  0.0000E+00  0.0000E+00  0.0000E+00  0.0000E+00  0.0000E+00  0.0000E+00  0.0000E+00  0.0000E+00  0.0000E+00  0.0000E+00  0.0000E+00  0.0000E+00  0.0000E+00  0.0000E+00  0.0000E+00  0.0000E+00
      7.906  0.0000E+00  0.0000E+00  0.0000E+00  0.0000E+00  0.0000E+00  0.0000E+00  0.0000E+00  0.0000E+00  0.0000E+00  0.0000E+00  0.0000E+00  0.0000E+00  0.0000E+00  0.0000E+00  0.0000E+00  0.0000E+00  0.0000E+00  0.0000E+00
      7.916  0.0000E+00  0.0000E+00  0.0000E+00  0.0000E+00  0.0000E+00  0.0000E+00  0.0000E+00  0.0000E+00  0.0000E+00  0.0000E+00  0.0000E+00  0.0000E+00  0.0000E+00  0.0000E+00  0.0000E+00  0.0000E+00  0.0000E+00  0.0000E+00
      7.926  0.0000E+00  0.0000E+00  0.0000E+00  0.0000E+00  0.0000E+00  0.0000E+00  0.0000E+00  0.0000E+00  0.0000E+00  0.0000E+00  0.0000E+00  0.0000E+00  0.0000E+00  0.0000E+00  0.0000E+00  0.0000E+00  0.0000E+00  0.0000E+00
      7.936  0.0000E+00  0.0000E+00  0.0000E+00  0.0000E+00  0.0000E+00  0.0000E+00  0.0000E+00  0.0000E+00  0.0000E+00  0.0000E+00  0.0000E+00  0.0000E+00  0.0000E+00  0.0000E+00  0.0000E+00  0.0000E+00  0.0000E+00  0.0000E+00
      7.946  0.0000E+00  0.0000E+00  0.0000E+00  0.0000E+00  0.0000E+00  0.0000E+00  0.0000E+00  0.0000E+00  0.0000E+00  0.0000E+00  0.0000E+00  0.0000E+00  0.0000E+00  0.0000E+00  0.0000E+00  0.0000E+00  0.0000E+00  0.0000E+00
      7.956  0.0000E+00  0.0000E+00  0.0000E+00  0.0000E+00  0.0000E+00  0.0000E+00  0.0000E+00  0.0000E+00  0.0000E+00  0.0000E+00  0.0000E+00  0.0000E+00  0.0000E+00  0.0000E+00  0.0000E+00  0.0000E+00  0.0000E+00  0.0000E+00
      7.966  0.0000E+00  0.0000E+00  0.0000E+00  0.0000E+00  0.0000E+00  0.0000E+00  0.0000E+00  0.0000E+00  0.0000E+00  0.0000E+00  0.0000E+00  0.0000E+00  0.0000E+00  0.0000E+00  0.0000E+00  0.0000E+00  0.0000E+00  0.0000E+00
      7.976  0.0000E+00  0.0000E+00  0.0000E+00  0.0000E+00  0.0000E+00  0.0000E+00  0.0000E+00  0.0000E+00  0.0000E+00  0.0000E+00  0.0000E+00  0.0000E+00  0.0000E+00  0.0000E+00  0.0000E+00  0.0000E+00  0.0000E+00  0.0000E+00
      7.986  0.0000E+00  0.0000E+00  0.0000E+00  0.0000E+00  0.0000E+00  0.0000E+00  0.0000E+00  0.0000E+00  0.0000E+00  0.0000E+00  0.0000E+00  0.0000E+00  0.0000E+00  0.0000E+00  0.0000E+00  0.0000E+00  0.0000E+00  0.0000E+00
      7.996  0.0000E+00  0.0000E+00  0.0000E+00  0.0000E+00  0.0000E+00  0.0000E+00  0.0000E+00  0.0000E+00  0.0000E+00  0.0000E+00  0.0000E+00  0.0000E+00  0.0000E+00  0.0000E+00  0.0000E+00  0.0000E+00  0.0000E+00  0.0000E+00
      8.006  0.0000E+00  0.0000E+00  0.0000E+00  0.0000E+00  0.0000E+00  0.0000E+00  0.0000E+00  0.0000E+00  0.0000E+00  0.0000E+00  0.0000E+00  0.0000E+00  0.0000E+00  0.0000E+00  0.0000E+00  0.0000E+00  0.0000E+00  0.0000E+00
      8.016  0.0000E+00  0.0000E+00  0.0000E+00  0.0000E+00  0.0000E+00  0.0000E+00  0.0000E+00  0.0000E+00  0.0000E+00  0.0000E+00  0.0000E+00  0.0000E+00  0.0000E+00  0.0000E+00  0.0000E+00  0.0000E+00  0.0000E+00  0.0000E+00
      8.026  0.0000E+00  0.0000E+00  0.0000E+00  0.0000E+00  0.0000E+00  0.0000E+00  0.0000E+00  0.0000E+00  0.0000E+00  0.0000E+00  0.0000E+00  0.0000E+00  0.0000E+00  0.0000E+00  0.0000E+00  0.0000E+00  0.0000E+00  0.0000E+00
      8.036  0.0000E+00  0.0000E+00  0.0000E+00  0.0000E+00  0.0000E+00  0.0000E+00  0.0000E+00  0.0000E+00  0.0000E+00  0.0000E+00  0.0000E+00  0.0000E+00  0.0000E+00  0.0000E+00  0.0000E+00  0.0000E+00  0.0000E+00  0.0000E+00
      8.047  0.0000E+00  0.0000E+00  0.0000E+00  0.0000E+00  0.0000E+00  0.0000E+00  0.0000E+00  0.0000E+00  0.0000E+00  0.0000E+00  0.0000E+00  0.0000E+00  0.0000E+00  0.0000E+00  0.0000E+00  0.0000E+00  0.0000E+00  0.0000E+00
      8.057  0.0000E+00  0.0000E+00  0.0000E+00  0.0000E+00  0.0000E+00  0.0000E+00  0.0000E+00  0.0000E+00  0.0000E+00  0.0000E+00  0.0000E+00  0.0000E+00  0.0000E+00  0.0000E+00  0.0000E+00  0.0000E+00  0.0000E+00  0.0000E+00
      8.067  0.0000E+00  0.0000E+00  0.0000E+00  0.0000E+00  0.0000E+00  0.0000E+00  0.0000E+00  0.0000E+00  0.0000E+00  0.0000E+00  0.0000E+00  0.0000E+00  0.0000E+00  0.0000E+00  0.0000E+00  0.0000E+00  0.0000E+00  0.0000E+00
      8.077  0.0000E+00  0.0000E+00  0.0000E+00  0.0000E+00  0.0000E+00  0.0000E+00  0.0000E+00  0.0000E+00  0.0000E+00  0.0000E+00  0.0000E+00  0.0000E+00  0.0000E+00  0.0000E+00  0.0000E+00  0.0000E+00  0.0000E+00  0.0000E+00
      8.087  0.0000E+00  0.0000E+00  0.0000E+00  0.0000E+00  0.0000E+00  0.0000E+00  0.0000E+00  0.0000E+00  0.0000E+00  0.0000E+00  0.0000E+00  0.0000E+00  0.0000E+00  0.0000E+00  0.0000E+00  0.0000E+00  0.0000E+00  0.0000E+00
      8.097  0.0000E+00  0.0000E+00  0.0000E+00  0.0000E+00  0.0000E+00  0.0000E+00  0.0000E+00  0.0000E+00  0.0000E+00  0.0000E+00  0.0000E+00  0.0000E+00  0.0000E+00  0.0000E+00  0.0000E+00  0.0000E+00  0.0000E+00  0.0000E+00
      8.107  0.0000E+00  0.0000E+00  0.0000E+00  0.0000E+00  0.0000E+00  0.0000E+00  0.0000E+00  0.0000E+00  0.0000E+00  0.0000E+00  0.0000E+00  0.0000E+00  0.0000E+00  0.0000E+00  0.0000E+00  0.0000E+00  0.0000E+00  0.0000E+00
      8.117  0.0000E+00  0.0000E+00  0.0000E+00  0.0000E+00  0.0000E+00  0.0000E+00  0.0000E+00  0.0000E+00  0.0000E+00  0.0000E+00  0.0000E+00  0.0000E+00  0.0000E+00  0.0000E+00  0.0000E+00  0.0000E+00  0.0000E+00  0.0000E+00
      8.127  0.0000E+00  0.0000E+00  0.0000E+00  0.0000E+00  0.0000E+00  0.0000E+00  0.0000E+00  0.0000E+00  0.0000E+00  0.0000E+00  0.0000E+00  0.0000E+00  0.0000E+00  0.0000E+00  0.0000E+00  0.0000E+00  0.0000E+00  0.0000E+00
      8.137  0.0000E+00  0.0000E+00  0.0000E+00  0.0000E+00  0.0000E+00  0.0000E+00  0.0000E+00  0.0000E+00  0.0000E+00  0.0000E+00  0.0000E+00  0.0000E+00  0.0000E+00  0.0000E+00  0.0000E+00  0.0000E+00  0.0000E+00  0.0000E+00
      8.147  0.0000E+00  0.0000E+00  0.0000E+00  0.0000E+00  0.0000E+00  0.0000E+00  0.0000E+00  0.0000E+00  0.0000E+00  0.0000E+00  0.0000E+00  0.0000E+00  0.0000E+00  0.0000E+00  0.0000E+00  0.0000E+00  0.0000E+00  0.0000E+00
      8.157  0.0000E+00  0.0000E+00  0.0000E+00  0.0000E+00  0.0000E+00  0.0000E+00  0.0000E+00  0.0000E+00  0.0000E+00  0.0000E+00  0.0000E+00  0.0000E+00  0.0000E+00  0.0000E+00  0.0000E+00  0.0000E+00  0.0000E+00  0.0000E+00
      8.167  0.0000E+00  0.0000E+00  0.0000E+00  0.0000E+00  0.0000E+00  0.0000E+00  0.0000E+00  0.0000E+00  0.0000E+00  0.0000E+00  0.0000E+00  0.0000E+00  0.0000E+00  0.0000E+00  0.0000E+00  0.0000E+00  0.0000E+00  0.0000E+00
      8.177  0.0000E+00  0.0000E+00  0.0000E+00  0.0000E+00  0.0000E+00  0.0000E+00  0.0000E+00  0.0000E+00  0.0000E+00  0.0000E+00  0.0000E+00  0.0000E+00  0.0000E+00  0.0000E+00  0.0000E+00  0.0000E+00  0.0000E+00  0.0000E+00
      8.187  0.0000E+00  0.0000E+00  0.0000E+00  0.0000E+00  0.0000E+00  0.0000E+00  0.0000E+00  0.0000E+00  0.0000E+00  0.0000E+00  0.0000E+00  0.0000E+00  0.0000E+00  0.0000E+00  0.0000E+00  0.0000E+00  0.0000E+00  0.0000E+00
      8.197  0.0000E+00  0.0000E+00  0.0000E+00  0.0000E+00  0.0000E+00  0.0000E+00  0.0000E+00  0.0000E+00  0.0000E+00  0.0000E+00  0.0000E+00  0.0000E+00  0.0000E+00  0.0000E+00  0.0000E+00  0.0000E+00  0.0000E+00  0.0000E+00
      8.207  0.0000E+00  0.0000E+00  0.0000E+00  0.0000E+00  0.0000E+00  0.0000E+00  0.0000E+00  0.0000E+00  0.0000E+00  0.0000E+00  0.0000E+00  0.0000E+00  0.0000E+00  0.0000E+00  0.0000E+00  0.0000E+00  0.0000E+00  0.0000E+00
      8.217  0.0000E+00  0.0000E+00  0.0000E+00  0.0000E+00  0.0000E+00  0.0000E+00  0.0000E+00  0.0000E+00  0.0000E+00  0.0000E+00  0.0000E+00  0.0000E+00  0.0000E+00  0.0000E+00  0.0000E+00  0.0000E+00  0.0000E+00  0.0000E+00
      8.227  0.0000E+00  0.0000E+00  0.0000E+00  0.0000E+00  0.0000E+00  0.0000E+00  0.0000E+00  0.0000E+00  0.0000E+00  0.0000E+00  0.0000E+00  0.0000E+00  0.0000E+00  0.0000E+00  0.0000E+00  0.0000E+00  0.0000E+00  0.0000E+00
      8.237  0.0000E+00  0.0000E+00  0.0000E+00  0.0000E+00  0.0000E+00  0.0000E+00  0.0000E+00  0.0000E+00  0.0000E+00  0.0000E+00  0.0000E+00  0.0000E+00  0.0000E+00  0.0000E+00  0.0000E+00  0.0000E+00  0.0000E+00  0.0000E+00
      8.247  0.0000E+00  0.0000E+00  0.0000E+00  0.0000E+00  0.0000E+00  0.0000E+00  0.0000E+00  0.0000E+00  0.0000E+00  0.0000E+00  0.0000E+00  0.0000E+00  0.0000E+00  0.0000E+00  0.0000E+00  0.0000E+00  0.0000E+00  0.0000E+00
      8.257  0.0000E+00  0.0000E+00  0.0000E+00  0.0000E+00  0.0000E+00  0.0000E+00  0.0000E+00  0.0000E+00  0.0000E+00  0.0000E+00  0.0000E+00  0.0000E+00  0.0000E+00  0.0000E+00  0.0000E+00  0.0000E+00  0.0000E+00  0.0000E+00
      8.267  0.0000E+00  0.0000E+00  0.0000E+00  0.0000E+00  0.0000E+00  0.0000E+00  0.0000E+00  0.0000E+00  0.0000E+00  0.0000E+00  0.0000E+00  0.0000E+00  0.0000E+00  0.0000E+00  0.0000E+00  0.0000E+00  0.0000E+00  0.0000E+00
      8.277  0.0000E+00  0.0000E+00  0.0000E+00  0.0000E+00  0.0000E+00  0.0000E+00  0.0000E+00  0.0000E+00  0.0000E+00  0.0000E+00  0.0000E+00  0.0000E+00  0.0000E+00  0.0000E+00  0.0000E+00  0.0000E+00  0.0000E+00  0.0000E+00
      8.287  0.0000E+00  0.0000E+00  0.0000E+00  0.0000E+00  0.0000E+00  0.0000E+00  0.0000E+00  0.0000E+00  0.0000E+00  0.0000E+00  0.0000E+00  0.0000E+00  0.0000E+00  0.0000E+00  0.0000E+00  0.0000E+00  0.0000E+00  0.0000E+00
      8.297  0.0000E+00  0.0000E+00  0.0000E+00  0.0000E+00  0.0000E+00  0.0000E+00  0.0000E+00  0.0000E+00  0.0000E+00  0.0000E+00  0.0000E+00  0.0000E+00  0.0000E+00  0.0000E+00  0.0000E+00  0.0000E+00  0.0000E+00  0.0000E+00
      8.307  0.0000E+00  0.0000E+00  0.0000E+00  0.0000E+00  0.0000E+00  0.0000E+00  0.0000E+00  0.0000E+00  0.0000E+00  0.0000E+00  0.0000E+00  0.0000E+00  0.0000E+00  0.0000E+00  0.0000E+00  0.0000E+00  0.0000E+00  0.0000E+00
      8.317  0.0000E+00  0.0000E+00  0.0000E+00  0.0000E+00  0.0000E+00  0.0000E+00  0.0000E+00  0.0000E+00  0.0000E+00  0.0000E+00  0.0000E+00  0.0000E+00  0.0000E+00  0.0000E+00  0.0000E+00  0.0000E+00  0.0000E+00  0.0000E+00
      8.327  0.0000E+00  0.0000E+00  0.0000E+00  0.0000E+00  0.0000E+00  0.0000E+00  0.0000E+00  0.0000E+00  0.0000E+00  0.0000E+00  0.0000E+00  0.0000E+00  0.0000E+00  0.0000E+00  0.0000E+00  0.0000E+00  0.0000E+00  0.0000E+00
      8.337  0.0000E+00  0.0000E+00  0.0000E+00  0.0000E+00  0.0000E+00  0.0000E+00  0.0000E+00  0.0000E+00  0.0000E+00  0.0000E+00  0.0000E+00  0.0000E+00  0.0000E+00  0.0000E+00  0.0000E+00  0.0000E+00  0.0000E+00  0.0000E+00
      8.347  0.0000E+00  0.0000E+00  0.0000E+00  0.0000E+00  0.0000E+00  0.0000E+00  0.0000E+00  0.0000E+00  0.0000E+00  0.0000E+00  0.0000E+00  0.0000E+00  0.0000E+00  0.0000E+00  0.0000E+00  0.0000E+00  0.0000E+00  0.0000E+00
      8.357  0.0000E+00  0.0000E+00  0.0000E+00  0.0000E+00  0.0000E+00  0.0000E+00  0.0000E+00  0.0000E+00  0.0000E+00  0.0000E+00  0.0000E+00  0.0000E+00  0.0000E+00  0.0000E+00  0.0000E+00  0.0000E+00  0.0000E+00  0.0000E+00
      8.367  0.0000E+00  0.0000E+00  0.0000E+00  0.0000E+00  0.0000E+00  0.0000E+00  0.0000E+00  0.0000E+00  0.0000E+00  0.0000E+00  0.0000E+00  0.0000E+00  0.0000E+00  0.0000E+00  0.0000E+00  0.0000E+00  0.0000E+00  0.0000E+00
      8.377  0.0000E+00  0.0000E+00  0.0000E+00  0.0000E+00  0.0000E+00  0.0000E+00  0.0000E+00  0.0000E+00  0.0000E+00  0.0000E+00  0.0000E+00  0.0000E+00  0.0000E+00  0.0000E+00  0.0000E+00  0.0000E+00  0.0000E+00  0.0000E+00
      8.387  0.0000E+00  0.0000E+00  0.0000E+00  0.0000E+00  0.0000E+00  0.0000E+00  0.0000E+00  0.0000E+00  0.0000E+00  0.0000E+00  0.0000E+00  0.0000E+00  0.0000E+00  0.0000E+00  0.0000E+00  0.0000E+00  0.0000E+00  0.0000E+00
      8.397  0.0000E+00  0.0000E+00  0.0000E+00  0.0000E+00  0.0000E+00  0.0000E+00  0.0000E+00  0.0000E+00  0.0000E+00  0.0000E+00  0.0000E+00  0.0000E+00  0.0000E+00  0.0000E+00  0.0000E+00  0.0000E+00  0.0000E+00  0.0000E+00
      8.407  0.0000E+00  0.0000E+00  0.0000E+00  0.0000E+00  0.0000E+00  0.0000E+00  0.0000E+00  0.0000E+00  0.0000E+00  0.0000E+00  0.0000E+00  0.0000E+00  0.0000E+00  0.0000E+00  0.0000E+00  0.0000E+00  0.0000E+00  0.0000E+00
      8.417  0.0000E+00  0.0000E+00  0.0000E+00  0.0000E+00  0.0000E+00  0.0000E+00  0.0000E+00  0.0000E+00  0.0000E+00  0.0000E+00  0.0000E+00  0.0000E+00  0.0000E+00  0.0000E+00  0.0000E+00  0.0000E+00  0.0000E+00  0.0000E+00
      8.427  0.0000E+00  0.0000E+00  0.0000E+00  0.0000E+00  0.0000E+00  0.0000E+00  0.0000E+00  0.0000E+00  0.0000E+00  0.0000E+00  0.0000E+00  0.0000E+00  0.0000E+00  0.0000E+00  0.0000E+00  0.0000E+00  0.0000E+00  0.0000E+00
      8.437  0.0000E+00  0.0000E+00  0.0000E+00  0.0000E+00  0.0000E+00  0.0000E+00  0.0000E+00  0.0000E+00  0.0000E+00  0.0000E+00  0.0000E+00  0.0000E+00  0.0000E+00  0.0000E+00  0.0000E+00  0.0000E+00  0.0000E+00  0.0000E+00
      8.447  0.0000E+00  0.0000E+00  0.0000E+00  0.0000E+00  0.0000E+00  0.0000E+00  0.0000E+00  0.0000E+00  0.0000E+00  0.0000E+00  0.0000E+00  0.0000E+00  0.0000E+00  0.0000E+00  0.0000E+00  0.0000E+00  0.0000E+00  0.0000E+00
      8.457  0.0000E+00  0.0000E+00  0.0000E+00  0.0000E+00  0.0000E+00  0.0000E+00  0.0000E+00  0.0000E+00  0.0000E+00  0.0000E+00  0.0000E+00  0.0000E+00  0.0000E+00  0.0000E+00  0.0000E+00  0.0000E+00  0.0000E+00  0.0000E+00
      8.467  0.0000E+00  0.0000E+00  0.0000E+00  0.0000E+00  0.0000E+00  0.0000E+00  0.0000E+00  0.0000E+00  0.0000E+00  0.0000E+00  0.0000E+00  0.0000E+00  0.0000E+00  0.0000E+00  0.0000E+00  0.0000E+00  0.0000E+00  0.0000E+00
      8.477  0.0000E+00  0.0000E+00  0.0000E+00  0.0000E+00  0.0000E+00  0.0000E+00  0.0000E+00  0.0000E+00  0.0000E+00  0.0000E+00  0.0000E+00  0.0000E+00  0.0000E+00  0.0000E+00  0.0000E+00  0.0000E+00  0.0000E+00  0.0000E+00
      8.487  0.0000E+00  0.0000E+00  0.0000E+00  0.0000E+00  0.0000E+00  0.0000E+00  0.0000E+00  0.0000E+00  0.0000E+00  0.0000E+00  0.0000E+00  0.0000E+00  0.0000E+00  0.0000E+00  0.0000E+00  0.0000E+00  0.0000E+00  0.0000E+00
      8.497  0.0000E+00  0.0000E+00  0.0000E+00  0.0000E+00  0.0000E+00  0.0000E+00  0.0000E+00  0.0000E+00  0.0000E+00  0.0000E+00  0.0000E+00  0.0000E+00  0.0000E+00  0.0000E+00  0.0000E+00  0.0000E+00  0.0000E+00  0.0000E+00
      8.507  0.0000E+00  0.0000E+00  0.0000E+00  0.0000E+00  0.0000E+00  0.0000E+00  0.0000E+00  0.0000E+00  0.0000E+00  0.0000E+00  0.0000E+00  0.0000E+00  0.0000E+00  0.0000E+00  0.0000E+00  0.0000E+00  0.0000E+00  0.0000E+00
      8.517  0.0000E+00  0.0000E+00  0.0000E+00  0.0000E+00  0.0000E+00  0.0000E+00  0.0000E+00  0.0000E+00  0.0000E+00  0.0000E+00  0.0000E+00  0.0000E+00  0.0000E+00  0.0000E+00  0.0000E+00  0.0000E+00  0.0000E+00  0.0000E+00
      8.527  0.0000E+00  0.0000E+00  0.0000E+00  0.0000E+00  0.0000E+00  0.0000E+00  0.0000E+00  0.0000E+00  0.0000E+00  0.0000E+00  0.0000E+00  0.0000E+00  0.0000E+00  0.0000E+00  0.0000E+00  0.0000E+00  0.0000E+00  0.0000E+00
      8.537  0.0000E+00  0.0000E+00  0.0000E+00  0.0000E+00  0.0000E+00  0.0000E+00  0.0000E+00  0.0000E+00  0.0000E+00  0.0000E+00  0.0000E+00  0.0000E+00  0.0000E+00  0.0000E+00  0.0000E+00  0.0000E+00  0.0000E+00  0.0000E+00
      8.547  0.0000E+00  0.0000E+00  0.0000E+00  0.0000E+00  0.0000E+00  0.0000E+00  0.0000E+00  0.0000E+00  0.0000E+00  0.0000E+00  0.0000E+00  0.0000E+00  0.0000E+00  0.0000E+00  0.0000E+00  0.0000E+00  0.0000E+00  0.0000E+00
      8.557  0.0000E+00  0.0000E+00  0.0000E+00  0.0000E+00  0.0000E+00  0.0000E+00  0.0000E+00  0.0000E+00  0.0000E+00  0.0000E+00  0.0000E+00  0.0000E+00  0.0000E+00  0.0000E+00  0.0000E+00  0.0000E+00  0.0000E+00  0.0000E+00
      8.567  0.0000E+00  0.0000E+00  0.0000E+00  0.0000E+00  0.0000E+00  0.0000E+00  0.0000E+00  0.0000E+00  0.0000E+00  0.0000E+00  0.0000E+00  0.0000E+00  0.0000E+00  0.0000E+00  0.0000E+00  0.0000E+00  0.0000E+00  0.0000E+00
      8.577  0.0000E+00  0.0000E+00  0.0000E+00  0.0000E+00  0.0000E+00  0.0000E+00  0.0000E+00  0.0000E+00  0.0000E+00  0.0000E+00  0.0000E+00  0.0000E+00  0.0000E+00  0.0000E+00  0.0000E+00  0.0000E+00  0.0000E+00  0.0000E+00
      8.587  0.0000E+00  0.0000E+00  0.0000E+00  0.0000E+00  0.0000E+00  0.0000E+00  0.0000E+00  0.0000E+00  0.0000E+00  0.0000E+00  0.0000E+00  0.0000E+00  0.0000E+00  0.0000E+00  0.0000E+00  0.0000E+00  0.0000E+00  0.0000E+00
      8.597  0.0000E+00  0.0000E+00  0.0000E+00  0.0000E+00  0.0000E+00  0.0000E+00  0.0000E+00  0.0000E+00  0.0000E+00  0.0000E+00  0.0000E+00  0.0000E+00  0.0000E+00  0.0000E+00  0.0000E+00  0.0000E+00  0.0000E+00  0.0000E+00
      8.607  0.0000E+00  0.0000E+00  0.0000E+00  0.0000E+00  0.0000E+00  0.0000E+00  0.0000E+00  0.0000E+00  0.0000E+00  0.0000E+00  0.0000E+00  0.0000E+00  0.0000E+00  0.0000E+00  0.0000E+00  0.0000E+00  0.0000E+00  0.0000E+00
      8.617  0.0000E+00  0.0000E+00  0.0000E+00  0.0000E+00  0.0000E+00  0.0000E+00  0.0000E+00  0.0000E+00  0.0000E+00  0.0000E+00  0.0000E+00  0.0000E+00  0.0000E+00  0.0000E+00  0.0000E+00  0.0000E+00  0.0000E+00  0.0000E+00
      8.627  0.0000E+00  0.0000E+00  0.0000E+00  0.0000E+00  0.0000E+00  0.0000E+00  0.0000E+00  0.0000E+00  0.0000E+00  0.0000E+00  0.0000E+00  0.0000E+00  0.0000E+00  0.0000E+00  0.0000E+00  0.0000E+00  0.0000E+00  0.0000E+00
      8.637  0.0000E+00  0.0000E+00  0.0000E+00  0.0000E+00  0.0000E+00  0.0000E+00  0.0000E+00  0.0000E+00  0.0000E+00  0.0000E+00  0.0000E+00  0.0000E+00  0.0000E+00  0.0000E+00  0.0000E+00  0.0000E+00  0.0000E+00  0.0000E+00
      8.647  0.0000E+00  0.0000E+00  0.0000E+00  0.0000E+00  0.0000E+00  0.0000E+00  0.0000E+00  0.0000E+00  0.0000E+00  0.0000E+00  0.0000E+00  0.0000E+00  0.0000E+00  0.0000E+00  0.0000E+00  0.0000E+00  0.0000E+00  0.0000E+00
      8.657  0.0000E+00  0.0000E+00  0.0000E+00  0.0000E+00  0.0000E+00  0.0000E+00  0.0000E+00  0.0000E+00  0.0000E+00  0.0000E+00  0.0000E+00  0.0000E+00  0.0000E+00  0.0000E+00  0.0000E+00  0.0000E+00  0.0000E+00  0.0000E+00
      8.667  0.0000E+00  0.0000E+00  0.0000E+00  0.0000E+00  0.0000E+00  0.0000E+00  0.0000E+00  0.0000E+00  0.0000E+00  0.0000E+00  0.0000E+00  0.0000E+00  0.0000E+00  0.0000E+00  0.0000E+00  0.0000E+00  0.0000E+00  0.0000E+00
      8.677  0.0000E+00  0.0000E+00  0.0000E+00  0.0000E+00  0.0000E+00  0.0000E+00  0.0000E+00  0.0000E+00  0.0000E+00  0.0000E+00  0.0000E+00  0.0000E+00  0.0000E+00  0.0000E+00  0.0000E+00  0.0000E+00  0.0000E+00  0.0000E+00
      8.687  0.0000E+00  0.0000E+00  0.0000E+00  0.0000E+00  0.0000E+00  0.0000E+00  0.0000E+00  0.0000E+00  0.0000E+00  0.0000E+00  0.0000E+00  0.0000E+00  0.0000E+00  0.0000E+00  0.0000E+00  0.0000E+00  0.0000E+00  0.0000E+00
      8.697  0.0000E+00  0.0000E+00  0.0000E+00  0.0000E+00  0.0000E+00  0.0000E+00  0.0000E+00  0.0000E+00  0.0000E+00  0.0000E+00  0.0000E+00  0.0000E+00  0.0000E+00  0.0000E+00  0.0000E+00  0.0000E+00  0.0000E+00  0.0000E+00
      8.707  0.0000E+00  0.0000E+00  0.0000E+00  0.0000E+00  0.0000E+00  0.0000E+00  0.0000E+00  0.0000E+00  0.0000E+00  0.0000E+00  0.0000E+00  0.0000E+00  0.0000E+00  0.0000E+00  0.0000E+00  0.0000E+00  0.0000E+00  0.0000E+00
      8.717  0.0000E+00  0.0000E+00  0.0000E+00  0.0000E+00  0.0000E+00  0.0000E+00  0.0000E+00  0.0000E+00  0.0000E+00  0.0000E+00  0.0000E+00  0.0000E+00  0.0000E+00  0.0000E+00  0.0000E+00  0.0000E+00  0.0000E+00  0.0000E+00
      8.727  0.0000E+00  0.0000E+00  0.0000E+00  0.0000E+00  0.0000E+00  0.0000E+00  0.0000E+00  0.0000E+00  0.0000E+00  0.0000E+00  0.0000E+00  0.0000E+00  0.0000E+00  0.0000E+00  0.0000E+00  0.0000E+00  0.0000E+00  0.0000E+00
      8.737  0.0000E+00  0.0000E+00  0.0000E+00  0.0000E+00  0.0000E+00  0.0000E+00  0.0000E+00  0.0000E+00  0.0000E+00  0.0000E+00  0.0000E+00  0.0000E+00  0.0000E+00  0.0000E+00  0.0000E+00  0.0000E+00  0.0000E+00  0.0000E+00
      8.747  0.0000E+00  0.0000E+00  0.0000E+00  0.0000E+00  0.0000E+00  0.0000E+00  0.0000E+00  0.0000E+00  0.0000E+00  0.0000E+00  0.0000E+00  0.0000E+00  0.0000E+00  0.0000E+00  0.0000E+00  0.0000E+00  0.0000E+00  0.0000E+00
      8.757  0.0000E+00  0.0000E+00  0.0000E+00  0.0000E+00  0.0000E+00  0.0000E+00  0.0000E+00  0.0000E+00  0.0000E+00  0.0000E+00  0.0000E+00  0.0000E+00  0.0000E+00  0.0000E+00  0.0000E+00  0.0000E+00  0.0000E+00  0.0000E+00
      8.767  0.0000E+00  0.0000E+00  0.0000E+00  0.0000E+00  0.0000E+00  0.0000E+00  0.0000E+00  0.0000E+00  0.0000E+00  0.0000E+00  0.0000E+00  0.0000E+00  0.0000E+00  0.0000E+00  0.0000E+00  0.0000E+00  0.0000E+00  0.0000E+00
      8.777  0.0000E+00  0.0000E+00  0.0000E+00  0.0000E+00  0.0000E+00  0.0000E+00  0.0000E+00  0.0000E+00  0.0000E+00  0.0000E+00  0.0000E+00  0.0000E+00  0.0000E+00  0.0000E+00  0.0000E+00  0.0000E+00  0.0000E+00  0.0000E+00
      8.787  0.0000E+00  0.0000E+00  0.0000E+00  0.0000E+00  0.0000E+00  0.0000E+00  0.0000E+00  0.0000E+00  0.0000E+00  0.0000E+00  0.0000E+00  0.0000E+00  0.0000E+00  0.0000E+00  0.0000E+00  0.0000E+00  0.0000E+00  0.0000E+00
      8.797  0.0000E+00  0.0000E+00  0.0000E+00  0.0000E+00  0.0000E+00  0.0000E+00  0.0000E+00  0.0000E+00  0.0000E+00  0.0000E+00  0.0000E+00  0.0000E+00  0.0000E+00  0.0000E+00  0.0000E+00  0.0000E+00  0.0000E+00  0.0000E+00
      8.807  0.0000E+00  0.0000E+00  0.0000E+00  0.0000E+00  0.0000E+00  0.0000E+00  0.0000E+00  0.0000E+00  0.0000E+00  0.0000E+00  0.0000E+00  0.0000E+00  0.0000E+00  0.0000E+00  0.0000E+00  0.0000E+00  0.0000E+00  0.0000E+00
      8.817  0.0000E+00  0.0000E+00  0.0000E+00  0.0000E+00  0.0000E+00  0.0000E+00  0.0000E+00  0.0000E+00  0.0000E+00  0.0000E+00  0.0000E+00  0.0000E+00  0.0000E+00  0.0000E+00  0.0000E+00  0.0000E+00  0.0000E+00  0.0000E+00
      8.827  0.0000E+00  0.0000E+00  0.0000E+00  0.0000E+00  0.0000E+00  0.0000E+00  0.0000E+00  0.0000E+00  0.0000E+00  0.0000E+00  0.0000E+00  0.0000E+00  0.0000E+00  0.0000E+00  0.0000E+00  0.0000E+00  0.0000E+00  0.0000E+00
      8.837  0.0000E+00  0.0000E+00  0.0000E+00  0.0000E+00  0.0000E+00  0.0000E+00  0.0000E+00  0.0000E+00  0.0000E+00  0.0000E+00  0.0000E+00  0.0000E+00  0.0000E+00  0.0000E+00  0.0000E+00  0.0000E+00  0.0000E+00  0.0000E+00
      8.847  0.0000E+00  0.0000E+00  0.0000E+00  0.0000E+00  0.0000E+00  0.0000E+00  0.0000E+00  0.0000E+00  0.0000E+00  0.0000E+00  0.0000E+00  0.0000E+00  0.0000E+00  0.0000E+00  0.0000E+00  0.0000E+00  0.0000E+00  0.0000E+00
      8.857  0.0000E+00  0.0000E+00  0.0000E+00  0.0000E+00  0.0000E+00  0.0000E+00  0.0000E+00  0.0000E+00  0.0000E+00  0.0000E+00  0.0000E+00  0.0000E+00  0.0000E+00  0.0000E+00  0.0000E+00  0.0000E+00  0.0000E+00  0.0000E+00
      8.867  0.0000E+00  0.0000E+00  0.0000E+00  0.0000E+00  0.0000E+00  0.0000E+00  0.0000E+00  0.0000E+00  0.0000E+00  0.0000E+00  0.0000E+00  0.0000E+00  0.0000E+00  0.0000E+00  0.0000E+00  0.0000E+00  0.0000E+00  0.0000E+00
      8.877  0.0000E+00  0.0000E+00  0.0000E+00  0.0000E+00  0.0000E+00  0.0000E+00  0.0000E+00  0.0000E+00  0.0000E+00  0.0000E+00  0.0000E+00  0.0000E+00  0.0000E+00  0.0000E+00  0.0000E+00  0.0000E+00  0.0000E+00  0.0000E+00
      8.887  0.0000E+00  0.0000E+00  0.0000E+00  0.0000E+00  0.0000E+00  0.0000E+00  0.0000E+00  0.0000E+00  0.0000E+00  0.0000E+00  0.0000E+00  0.0000E+00  0.0000E+00  0.0000E+00  0.0000E+00  0.0000E+00  0.0000E+00  0.0000E+00
      8.897  0.0000E+00  0.0000E+00  0.0000E+00  0.0000E+00  0.0000E+00  0.0000E+00  0.0000E+00  0.0000E+00  0.0000E+00  0.0000E+00  0.0000E+00  0.0000E+00  0.0000E+00  0.0000E+00  0.0000E+00  0.0000E+00  0.0000E+00  0.0000E+00
      8.907  0.0000E+00  0.0000E+00  0.0000E+00  0.0000E+00  0.0000E+00  0.0000E+00  0.0000E+00  0.0000E+00  0.0000E+00  0.0000E+00  0.0000E+00  0.0000E+00  0.0000E+00  0.0000E+00  0.0000E+00  0.0000E+00  0.0000E+00  0.0000E+00
      8.917  0.0000E+00  0.0000E+00  0.0000E+00  0.0000E+00  0.0000E+00  0.0000E+00  0.0000E+00  0.0000E+00  0.0000E+00  0.0000E+00  0.0000E+00  0.0000E+00  0.0000E+00  0.0000E+00  0.0000E+00  0.0000E+00  0.0000E+00  0.0000E+00
      8.927  0.0000E+00  0.0000E+00  0.0000E+00  0.0000E+00  0.0000E+00  0.0000E+00  0.0000E+00  0.0000E+00  0.0000E+00  0.0000E+00  0.0000E+00  0.0000E+00  0.0000E+00  0.0000E+00  0.0000E+00  0.0000E+00  0.0000E+00  0.0000E+00
      8.937  0.0000E+00  0.0000E+00  0.0000E+00  0.0000E+00  0.0000E+00  0.0000E+00  0.0000E+00  0.0000E+00  0.0000E+00  0.0000E+00  0.0000E+00  0.0000E+00  0.0000E+00  0.0000E+00  0.0000E+00  0.0000E+00  0.0000E+00  0.0000E+00
      8.947  0.0000E+00  0.0000E+00  0.0000E+00  0.0000E+00  0.0000E+00  0.0000E+00  0.0000E+00  0.0000E+00  0.0000E+00  0.0000E+00  0.0000E+00  0.0000E+00  0.0000E+00  0.0000E+00  0.0000E+00  0.0000E+00  0.0000E+00  0.0000E+00
      8.957  0.0000E+00  0.0000E+00  0.0000E+00  0.0000E+00  0.0000E+00  0.0000E+00  0.0000E+00  0.0000E+00  0.0000E+00  0.0000E+00  0.0000E+00  0.0000E+00  0.0000E+00  0.0000E+00  0.0000E+00  0.0000E+00  0.0000E+00  0.0000E+00
      8.967  0.0000E+00  0.0000E+00  0.0000E+00  0.0000E+00  0.0000E+00  0.0000E+00  0.0000E+00  0.0000E+00  0.0000E+00  0.0000E+00  0.0000E+00  0.0000E+00  0.0000E+00  0.0000E+00  0.0000E+00  0.0000E+00  0.0000E+00  0.0000E+00
      8.977  0.0000E+00  0.0000E+00  0.0000E+00  0.0000E+00  0.0000E+00  0.0000E+00  0.0000E+00  0.0000E+00  0.0000E+00  0.0000E+00  0.0000E+00  0.0000E+00  0.0000E+00  0.0000E+00  0.0000E+00  0.0000E+00  0.0000E+00  0.0000E+00
      8.987  0.0000E+00  0.0000E+00  0.0000E+00  0.0000E+00  0.0000E+00  0.0000E+00  0.0000E+00  0.0000E+00  0.0000E+00  0.0000E+00  0.0000E+00  0.0000E+00  0.0000E+00  0.0000E+00  0.0000E+00  0.0000E+00  0.0000E+00  0.0000E+00
      8.997  0.0000E+00  0.0000E+00  0.0000E+00  0.0000E+00  0.0000E+00  0.0000E+00  0.0000E+00  0.0000E+00  0.0000E+00  0.0000E+00  0.0000E+00  0.0000E+00  0.0000E+00  0.0000E+00  0.0000E+00  0.0000E+00  0.0000E+00  0.0000E+00
      9.007  0.0000E+00  0.0000E+00  0.0000E+00  0.0000E+00  0.0000E+00  0.0000E+00  0.0000E+00  0.0000E+00  0.0000E+00  0.0000E+00  0.0000E+00  0.0000E+00  0.0000E+00  0.0000E+00  0.0000E+00  0.0000E+00  0.0000E+00  0.0000E+00
      9.017  0.0000E+00  0.0000E+00  0.0000E+00  0.0000E+00  0.0000E+00  0.0000E+00  0.0000E+00  0.0000E+00  0.0000E+00  0.0000E+00  0.0000E+00  0.0000E+00  0.0000E+00  0.0000E+00  0.0000E+00  0.0000E+00  0.0000E+00  0.0000E+00
      9.027  0.0000E+00  0.0000E+00  0.0000E+00  0.0000E+00  0.0000E+00  0.0000E+00  0.0000E+00  0.0000E+00  0.0000E+00  0.0000E+00  0.0000E+00  0.0000E+00  0.0000E+00  0.0000E+00  0.0000E+00  0.0000E+00  0.0000E+00  0.0000E+00
      9.037  0.0000E+00  0.0000E+00  0.0000E+00  0.0000E+00  0.0000E+00  0.0000E+00  0.0000E+00  0.0000E+00  0.0000E+00  0.0000E+00  0.0000E+00  0.0000E+00  0.0000E+00  0.0000E+00  0.0000E+00  0.0000E+00  0.0000E+00  0.0000E+00
      9.047  0.0000E+00  0.0000E+00  0.0000E+00  0.0000E+00  0.0000E+00  0.0000E+00  0.0000E+00  0.0000E+00  0.0000E+00  0.0000E+00  0.0000E+00  0.0000E+00  0.0000E+00  0.0000E+00  0.0000E+00  0.0000E+00  0.0000E+00  0.0000E+00
      9.057  0.0000E+00  0.0000E+00  0.0000E+00  0.0000E+00  0.0000E+00  0.0000E+00  0.0000E+00  0.0000E+00  0.0000E+00  0.0000E+00  0.0000E+00  0.0000E+00  0.0000E+00  0.0000E+00  0.0000E+00  0.0000E+00  0.0000E+00  0.0000E+00
      9.067  0.0000E+00  0.0000E+00  0.0000E+00  0.0000E+00  0.0000E+00  0.0000E+00  0.0000E+00  0.0000E+00  0.0000E+00  0.0000E+00  0.0000E+00  0.0000E+00  0.0000E+00  0.0000E+00  0.0000E+00  0.0000E+00  0.0000E+00  0.0000E+00
      9.077  0.0000E+00  0.0000E+00  0.0000E+00  0.0000E+00  0.0000E+00  0.0000E+00  0.0000E+00  0.0000E+00  0.0000E+00  0.0000E+00  0.0000E+00  0.0000E+00  0.0000E+00  0.0000E+00  0.0000E+00  0.0000E+00  0.0000E+00  0.0000E+00
      9.087  0.0000E+00  0.0000E+00  0.0000E+00  0.0000E+00  0.0000E+00  0.0000E+00  0.0000E+00  0.0000E+00  0.0000E+00  0.0000E+00  0.0000E+00  0.0000E+00  0.0000E+00  0.0000E+00  0.0000E+00  0.0000E+00  0.0000E+00  0.0000E+00
      9.097  0.0000E+00  0.0000E+00  0.0000E+00  0.0000E+00  0.0000E+00  0.0000E+00  0.0000E+00  0.0000E+00  0.0000E+00  0.0000E+00  0.0000E+00  0.0000E+00  0.0000E+00  0.0000E+00  0.0000E+00  0.0000E+00  0.0000E+00  0.0000E+00
      9.107  0.0000E+00  0.0000E+00  0.0000E+00  0.0000E+00  0.0000E+00  0.0000E+00  0.0000E+00  0.0000E+00  0.0000E+00  0.0000E+00  0.0000E+00  0.0000E+00  0.0000E+00  0.0000E+00  0.0000E+00  0.0000E+00  0.0000E+00  0.0000E+00
      9.117  0.0000E+00  0.0000E+00  0.0000E+00  0.0000E+00  0.0000E+00  0.0000E+00  0.0000E+00  0.0000E+00  0.0000E+00  0.0000E+00  0.0000E+00  0.0000E+00  0.0000E+00  0.0000E+00  0.0000E+00  0.0000E+00  0.0000E+00  0.0000E+00
      9.127  0.0000E+00  0.0000E+00  0.0000E+00  0.0000E+00  0.0000E+00  0.0000E+00  0.0000E+00  0.0000E+00  0.0000E+00  0.0000E+00  0.0000E+00  0.0000E+00  0.0000E+00  0.0000E+00  0.0000E+00  0.0000E+00  0.0000E+00  0.0000E+00
      9.137  0.0000E+00  0.0000E+00  0.0000E+00  0.0000E+00  0.0000E+00  0.0000E+00  0.0000E+00  0.0000E+00  0.0000E+00  0.0000E+00  0.0000E+00  0.0000E+00  0.0000E+00  0.0000E+00  0.0000E+00  0.0000E+00  0.0000E+00  0.0000E+00
      9.147  0.0000E+00  0.0000E+00  0.0000E+00  0.0000E+00  0.0000E+00  0.0000E+00  0.0000E+00  0.0000E+00  0.0000E+00  0.0000E+00  0.0000E+00  0.0000E+00  0.0000E+00  0.0000E+00  0.0000E+00  0.0000E+00  0.0000E+00  0.0000E+00
      9.157  0.0000E+00  0.0000E+00  0.0000E+00  0.0000E+00  0.0000E+00  0.0000E+00  0.0000E+00  0.0000E+00  0.0000E+00  0.0000E+00  0.0000E+00  0.0000E+00  0.0000E+00  0.0000E+00  0.0000E+00  0.0000E+00  0.0000E+00  0.0000E+00
      9.167  0.0000E+00  0.0000E+00  0.0000E+00  0.0000E+00  0.0000E+00  0.0000E+00  0.0000E+00  0.0000E+00  0.0000E+00  0.0000E+00  0.0000E+00  0.0000E+00  0.0000E+00  0.0000E+00  0.0000E+00  0.0000E+00  0.0000E+00  0.0000E+00
      9.177  0.0000E+00  0.0000E+00  0.0000E+00  0.0000E+00  0.0000E+00  0.0000E+00  0.0000E+00  0.0000E+00  0.0000E+00  0.0000E+00  0.0000E+00  0.0000E+00  0.0000E+00  0.0000E+00  0.0000E+00  0.0000E+00  0.0000E+00  0.0000E+00
      9.187  0.0000E+00  0.0000E+00  0.0000E+00  0.0000E+00  0.0000E+00  0.0000E+00  0.0000E+00  0.0000E+00  0.0000E+00  0.0000E+00  0.0000E+00  0.0000E+00  0.0000E+00  0.0000E+00  0.0000E+00  0.0000E+00  0.0000E+00  0.0000E+00
      9.197  0.0000E+00  0.0000E+00  0.0000E+00  0.0000E+00  0.0000E+00  0.0000E+00  0.0000E+00  0.0000E+00  0.0000E+00  0.0000E+00  0.0000E+00  0.0000E+00  0.0000E+00  0.0000E+00  0.0000E+00  0.0000E+00  0.0000E+00  0.0000E+00
      9.207  0.0000E+00  0.0000E+00  0.0000E+00  0.0000E+00  0.0000E+00  0.0000E+00  0.0000E+00  0.0000E+00  0.0000E+00  0.0000E+00  0.0000E+00  0.0000E+00  0.0000E+00  0.0000E+00  0.0000E+00  0.0000E+00  0.0000E+00  0.0000E+00
      9.217  0.0000E+00  0.0000E+00  0.0000E+00  0.0000E+00  0.0000E+00  0.0000E+00  0.0000E+00  0.0000E+00  0.0000E+00  0.0000E+00  0.0000E+00  0.0000E+00  0.0000E+00  0.0000E+00  0.0000E+00  0.0000E+00  0.0000E+00  0.0000E+00
      9.227  0.0000E+00  0.0000E+00  0.0000E+00  0.0000E+00  0.0000E+00  0.0000E+00  0.0000E+00  0.0000E+00  0.0000E+00  0.0000E+00  0.0000E+00  0.0000E+00  0.0000E+00  0.0000E+00  0.0000E+00  0.0000E+00  0.0000E+00  0.0000E+00
      9.237  0.0000E+00  0.0000E+00  0.0000E+00  0.0000E+00  0.0000E+00  0.0000E+00  0.0000E+00  0.0000E+00  0.0000E+00  0.0000E+00  0.0000E+00  0.0000E+00  0.0000E+00  0.0000E+00  0.0000E+00  0.0000E+00  0.0000E+00  0.0000E+00
      9.247  0.0000E+00  0.0000E+00  0.0000E+00  0.0000E+00  0.0000E+00  0.0000E+00  0.0000E+00  0.0000E+00  0.0000E+00  0.0000E+00  0.0000E+00  0.0000E+00  0.0000E+00  0.0000E+00  0.0000E+00  0.0000E+00  0.0000E+00  0.0000E+00
      9.257  0.0000E+00  0.0000E+00  0.0000E+00  0.0000E+00  0.0000E+00  0.0000E+00  0.0000E+00  0.0000E+00  0.0000E+00  0.0000E+00  0.0000E+00  0.0000E+00  0.0000E+00  0.0000E+00  0.0000E+00  0.0000E+00  0.0000E+00  0.0000E+00
      9.267  0.0000E+00  0.0000E+00  0.0000E+00  0.0000E+00  0.0000E+00  0.0000E+00  0.0000E+00  0.0000E+00  0.0000E+00  0.0000E+00  0.0000E+00  0.0000E+00  0.0000E+00  0.0000E+00  0.0000E+00  0.0000E+00  0.0000E+00  0.0000E+00
      9.277  0.0000E+00  0.0000E+00  0.0000E+00  0.0000E+00  0.0000E+00  0.0000E+00  0.0000E+00  0.0000E+00  0.0000E+00  0.0000E+00  0.0000E+00  0.0000E+00  0.0000E+00  0.0000E+00  0.0000E+00  0.0000E+00  0.0000E+00  0.0000E+00
      9.287  0.0000E+00  0.0000E+00  0.0000E+00  0.0000E+00  0.0000E+00  0.0000E+00  0.0000E+00  0.0000E+00  0.0000E+00  0.0000E+00  0.0000E+00  0.0000E+00  0.0000E+00  0.0000E+00  0.0000E+00  0.0000E+00  0.0000E+00  0.0000E+00
      9.297  0.0000E+00  0.0000E+00  0.0000E+00  0.0000E+00  0.0000E+00  0.0000E+00  0.0000E+00  0.0000E+00  0.0000E+00  0.0000E+00  0.0000E+00  0.0000E+00  0.0000E+00  0.0000E+00  0.0000E+00  0.0000E+00  0.0000E+00  0.0000E+00
      9.307  0.0000E+00  0.0000E+00  0.0000E+00  0.0000E+00  0.0000E+00  0.0000E+00  0.0000E+00  0.0000E+00  0.0000E+00  0.0000E+00  0.0000E+00  0.0000E+00  0.0000E+00  0.0000E+00  0.0000E+00  0.0000E+00  0.0000E+00  0.0000E+00
      9.317  0.0000E+00  0.0000E+00  0.0000E+00  0.0000E+00  0.0000E+00  0.0000E+00  0.0000E+00  0.0000E+00  0.0000E+00  0.0000E+00  0.0000E+00  0.0000E+00  0.0000E+00  0.0000E+00  0.0000E+00  0.0000E+00  0.0000E+00  0.0000E+00
      9.327  0.0000E+00  0.0000E+00  0.0000E+00  0.0000E+00  0.0000E+00  0.0000E+00  0.0000E+00  0.0000E+00  0.0000E+00  0.0000E+00  0.0000E+00  0.0000E+00  0.0000E+00  0.0000E+00  0.0000E+00  0.0000E+00  0.0000E+00  0.0000E+00
      9.337  0.0000E+00  0.0000E+00  0.0000E+00  0.0000E+00  0.0000E+00  0.0000E+00  0.0000E+00  0.0000E+00  0.0000E+00  0.0000E+00  0.0000E+00  0.0000E+00  0.0000E+00  0.0000E+00  0.0000E+00  0.0000E+00  0.0000E+00  0.0000E+00
      9.347  0.0000E+00  0.0000E+00  0.0000E+00  0.0000E+00  0.0000E+00  0.0000E+00  0.0000E+00  0.0000E+00  0.0000E+00  0.0000E+00  0.0000E+00  0.0000E+00  0.0000E+00  0.0000E+00  0.0000E+00  0.0000E+00  0.0000E+00  0.0000E+00
      9.357  0.0000E+00  0.0000E+00  0.0000E+00  0.0000E+00  0.0000E+00  0.0000E+00  0.0000E+00  0.0000E+00  0.0000E+00  0.0000E+00  0.0000E+00  0.0000E+00  0.0000E+00  0.0000E+00  0.0000E+00  0.0000E+00  0.0000E+00  0.0000E+00
      9.367  0.0000E+00  0.0000E+00  0.0000E+00  0.0000E+00  0.0000E+00  0.0000E+00  0.0000E+00  0.0000E+00  0.0000E+00  0.0000E+00  0.0000E+00  0.0000E+00  0.0000E+00  0.0000E+00  0.0000E+00  0.0000E+00  0.0000E+00  0.0000E+00
      9.377  0.0000E+00  0.0000E+00  0.0000E+00  0.0000E+00  0.0000E+00  0.0000E+00  0.0000E+00  0.0000E+00  0.0000E+00  0.0000E+00  0.0000E+00  0.0000E+00  0.0000E+00  0.0000E+00  0.0000E+00  0.0000E+00  0.0000E+00  0.0000E+00
      9.387  0.0000E+00  0.0000E+00  0.0000E+00  0.0000E+00  0.0000E+00  0.0000E+00  0.0000E+00  0.0000E+00  0.0000E+00  0.0000E+00  0.0000E+00  0.0000E+00  0.0000E+00  0.0000E+00  0.0000E+00  0.0000E+00  0.0000E+00  0.0000E+00
      9.397  0.0000E+00  0.0000E+00  0.0000E+00  0.0000E+00  0.0000E+00  0.0000E+00  0.0000E+00  0.0000E+00  0.0000E+00  0.0000E+00  0.0000E+00  0.0000E+00  0.0000E+00  0.0000E+00  0.0000E+00  0.0000E+00  0.0000E+00  0.0000E+00
      9.407  0.0000E+00  0.0000E+00  0.0000E+00  0.0000E+00  0.0000E+00  0.0000E+00  0.0000E+00  0.0000E+00  0.0000E+00  0.0000E+00  0.0000E+00  0.0000E+00  0.0000E+00  0.0000E+00  0.0000E+00  0.0000E+00  0.0000E+00  0.0000E+00
      9.417  0.0000E+00  0.0000E+00  0.0000E+00  0.0000E+00  0.0000E+00  0.0000E+00  0.0000E+00  0.0000E+00  0.0000E+00  0.0000E+00  0.0000E+00  0.0000E+00  0.0000E+00  0.0000E+00  0.0000E+00  0.0000E+00  0.0000E+00  0.0000E+00
      9.427  0.0000E+00  0.0000E+00  0.0000E+00  0.0000E+00  0.0000E+00  0.0000E+00  0.0000E+00  0.0000E+00  0.0000E+00  0.0000E+00  0.0000E+00  0.0000E+00  0.0000E+00  0.0000E+00  0.0000E+00  0.0000E+00  0.0000E+00  0.0000E+00
      9.437  0.0000E+00  0.0000E+00  0.0000E+00  0.0000E+00  0.0000E+00  0.0000E+00  0.0000E+00  0.0000E+00  0.0000E+00  0.0000E+00  0.0000E+00  0.0000E+00  0.0000E+00  0.0000E+00  0.0000E+00  0.0000E+00  0.0000E+00  0.0000E+00
      9.448  0.0000E+00  0.0000E+00  0.0000E+00  0.0000E+00  0.0000E+00  0.0000E+00  0.0000E+00  0.0000E+00  0.0000E+00  0.0000E+00  0.0000E+00  0.0000E+00  0.0000E+00  0.0000E+00  0.0000E+00  0.0000E+00  0.0000E+00  0.0000E+00
      9.458  0.0000E+00  0.0000E+00  0.0000E+00  0.0000E+00  0.0000E+00  0.0000E+00  0.0000E+00  0.0000E+00  0.0000E+00  0.0000E+00  0.0000E+00  0.0000E+00  0.0000E+00  0.0000E+00  0.0000E+00  0.0000E+00  0.0000E+00  0.0000E+00
      9.468  0.0000E+00  0.0000E+00  0.0000E+00  0.0000E+00  0.0000E+00  0.0000E+00  0.0000E+00  0.0000E+00  0.0000E+00  0.0000E+00  0.0000E+00  0.0000E+00  0.0000E+00  0.0000E+00  0.0000E+00  0.0000E+00  0.0000E+00  0.0000E+00
      9.478  0.0000E+00  0.0000E+00  0.0000E+00  0.0000E+00  0.0000E+00  0.0000E+00  0.0000E+00  0.0000E+00  0.0000E+00  0.0000E+00  0.0000E+00  0.0000E+00  0.0000E+00  0.0000E+00  0.0000E+00  0.0000E+00  0.0000E+00  0.0000E+00
      9.488  0.0000E+00  0.0000E+00  0.0000E+00  0.0000E+00  0.0000E+00  0.0000E+00  0.0000E+00  0.0000E+00  0.0000E+00  0.0000E+00  0.0000E+00  0.0000E+00  0.0000E+00  0.0000E+00  0.0000E+00  0.0000E+00  0.0000E+00  0.0000E+00
      9.498  0.0000E+00  0.0000E+00  0.0000E+00  0.0000E+00  0.0000E+00  0.0000E+00  0.0000E+00  0.0000E+00  0.0000E+00  0.0000E+00  0.0000E+00  0.0000E+00  0.0000E+00  0.0000E+00  0.0000E+00  0.0000E+00  0.0000E+00  0.0000E+00
      9.508  0.0000E+00  0.0000E+00  0.0000E+00  0.0000E+00  0.0000E+00  0.0000E+00  0.0000E+00  0.0000E+00  0.0000E+00  0.0000E+00  0.0000E+00  0.0000E+00  0.0000E+00  0.0000E+00  0.0000E+00  0.0000E+00  0.0000E+00  0.0000E+00
      9.518  0.0000E+00  0.0000E+00  0.0000E+00  0.0000E+00  0.0000E+00  0.0000E+00  0.0000E+00  0.0000E+00  0.0000E+00  0.0000E+00  0.0000E+00  0.0000E+00  0.0000E+00  0.0000E+00  0.0000E+00  0.0000E+00  0.0000E+00  0.0000E+00
      9.528  0.0000E+00  0.0000E+00  0.0000E+00  0.0000E+00  0.0000E+00  0.0000E+00  0.0000E+00  0.0000E+00  0.0000E+00  0.0000E+00  0.0000E+00  0.0000E+00  0.0000E+00  0.0000E+00  0.0000E+00  0.0000E+00  0.0000E+00  0.0000E+00
      9.538  0.0000E+00  0.0000E+00  0.0000E+00  0.0000E+00  0.0000E+00  0.0000E+00  0.0000E+00  0.0000E+00  0.0000E+00  0.0000E+00  0.0000E+00  0.0000E+00  0.0000E+00  0.0000E+00  0.0000E+00  0.0000E+00  0.0000E+00  0.0000E+00
      9.548  0.0000E+00  0.0000E+00  0.0000E+00  0.0000E+00  0.0000E+00  0.0000E+00  0.0000E+00  0.0000E+00  0.0000E+00  0.0000E+00  0.0000E+00  0.0000E+00  0.0000E+00  0.0000E+00  0.0000E+00  0.0000E+00  0.0000E+00  0.0000E+00
      9.558  0.0000E+00  0.0000E+00  0.0000E+00  0.0000E+00  0.0000E+00  0.0000E+00  0.0000E+00  0.0000E+00  0.0000E+00  0.0000E+00  0.0000E+00  0.0000E+00  0.0000E+00  0.0000E+00  0.0000E+00  0.0000E+00  0.0000E+00  0.0000E+00
      9.568  0.0000E+00  0.0000E+00  0.0000E+00  0.0000E+00  0.0000E+00  0.0000E+00  0.0000E+00  0.0000E+00  0.0000E+00  0.0000E+00  0.0000E+00  0.0000E+00  0.0000E+00  0.0000E+00  0.0000E+00  0.0000E+00  0.0000E+00  0.0000E+00
      9.578  0.0000E+00  0.0000E+00  0.0000E+00  0.0000E+00  0.0000E+00  0.0000E+00  0.0000E+00  0.0000E+00  0.0000E+00  0.0000E+00  0.0000E+00  0.0000E+00  0.0000E+00  0.0000E+00  0.0000E+00  0.0000E+00  0.0000E+00  0.0000E+00
      9.588  0.0000E+00  0.0000E+00  0.0000E+00  0.0000E+00  0.0000E+00  0.0000E+00  0.0000E+00  0.0000E+00  0.0000E+00  0.0000E+00  0.0000E+00  0.0000E+00  0.0000E+00  0.0000E+00  0.0000E+00  0.0000E+00  0.0000E+00  0.0000E+00
      9.598  0.0000E+00  0.0000E+00  0.0000E+00  0.0000E+00  0.0000E+00  0.0000E+00  0.0000E+00  0.0000E+00  0.0000E+00  0.0000E+00  0.0000E+00  0.0000E+00  0.0000E+00  0.0000E+00  0.0000E+00  0.0000E+00  0.0000E+00  0.0000E+00
      9.608  0.0000E+00  0.0000E+00  0.0000E+00  0.0000E+00  0.0000E+00  0.0000E+00  0.0000E+00  0.0000E+00  0.0000E+00  0.0000E+00  0.0000E+00  0.0000E+00  0.0000E+00  0.0000E+00  0.0000E+00  0.0000E+00  0.0000E+00  0.0000E+00
      9.618  0.0000E+00  0.0000E+00  0.0000E+00  0.0000E+00  0.0000E+00  0.0000E+00  0.0000E+00  0.0000E+00  0.0000E+00  0.0000E+00  0.0000E+00  0.0000E+00  0.0000E+00  0.0000E+00  0.0000E+00  0.0000E+00  0.0000E+00  0.0000E+00
      9.628  0.0000E+00  0.0000E+00  0.0000E+00  0.0000E+00  0.0000E+00  0.0000E+00  0.0000E+00  0.0000E+00  0.0000E+00  0.0000E+00  0.0000E+00  0.0000E+00  0.0000E+00  0.0000E+00  0.0000E+00  0.0000E+00  0.0000E+00  0.0000E+00
      9.638  0.0000E+00  0.0000E+00  0.0000E+00  0.0000E+00  0.0000E+00  0.0000E+00  0.0000E+00  0.0000E+00  0.0000E+00  0.0000E+00  0.0000E+00  0.0000E+00  0.0000E+00  0.0000E+00  0.0000E+00  0.0000E+00  0.0000E+00  0.0000E+00
      9.648  0.0000E+00  0.0000E+00  0.0000E+00  0.0000E+00  0.0000E+00  0.0000E+00  0.0000E+00  0.0000E+00  0.0000E+00  0.0000E+00  0.0000E+00  0.0000E+00  0.0000E+00  0.0000E+00  0.0000E+00  0.0000E+00  0.0000E+00  0.0000E+00
      9.658  0.0000E+00  0.0000E+00  0.0000E+00  0.0000E+00  0.0000E+00  0.0000E+00  0.0000E+00  0.0000E+00  0.0000E+00  0.0000E+00  0.0000E+00  0.0000E+00  0.0000E+00  0.0000E+00  0.0000E+00  0.0000E+00  0.0000E+00  0.0000E+00
      9.668  0.0000E+00  0.0000E+00  0.0000E+00  0.0000E+00  0.0000E+00  0.0000E+00  0.0000E+00  0.0000E+00  0.0000E+00  0.0000E+00  0.0000E+00  0.0000E+00  0.0000E+00  0.0000E+00  0.0000E+00  0.0000E+00  0.0000E+00  0.0000E+00
      9.678  0.0000E+00  0.0000E+00  0.0000E+00  0.0000E+00  0.0000E+00  0.0000E+00  0.0000E+00  0.0000E+00  0.0000E+00  0.0000E+00  0.0000E+00  0.0000E+00  0.0000E+00  0.0000E+00  0.0000E+00  0.0000E+00  0.0000E+00  0.0000E+00
      9.688  0.0000E+00  0.0000E+00  0.0000E+00  0.0000E+00  0.0000E+00  0.0000E+00  0.0000E+00  0.0000E+00  0.0000E+00  0.0000E+00  0.0000E+00  0.0000E+00  0.0000E+00  0.0000E+00  0.0000E+00  0.0000E+00  0.0000E+00  0.0000E+00
      9.698  0.0000E+00  0.0000E+00  0.0000E+00  0.0000E+00  0.0000E+00  0.0000E+00  0.0000E+00  0.0000E+00  0.0000E+00  0.0000E+00  0.0000E+00  0.0000E+00  0.0000E+00  0.0000E+00  0.0000E+00  0.0000E+00  0.0000E+00  0.0000E+00
      9.708  0.0000E+00  0.0000E+00  0.0000E+00  0.0000E+00  0.0000E+00  0.0000E+00  0.0000E+00  0.0000E+00  0.0000E+00  0.0000E+00  0.0000E+00  0.0000E+00  0.0000E+00  0.0000E+00  0.0000E+00  0.0000E+00  0.0000E+00  0.0000E+00
      9.718  0.0000E+00  0.0000E+00  0.0000E+00  0.0000E+00  0.0000E+00  0.0000E+00  0.0000E+00  0.0000E+00  0.0000E+00  0.0000E+00  0.0000E+00  0.0000E+00  0.0000E+00  0.0000E+00  0.0000E+00  0.0000E+00  0.0000E+00  0.0000E+00
      9.728  0.0000E+00  0.0000E+00  0.0000E+00  0.0000E+00  0.0000E+00  0.0000E+00  0.0000E+00  0.0000E+00  0.0000E+00  0.0000E+00  0.0000E+00  0.0000E+00  0.0000E+00  0.0000E+00  0.0000E+00  0.0000E+00  0.0000E+00  0.0000E+00
      9.738  0.0000E+00  0.0000E+00  0.0000E+00  0.0000E+00  0.0000E+00  0.0000E+00  0.0000E+00  0.0000E+00  0.0000E+00  0.0000E+00  0.0000E+00  0.0000E+00  0.0000E+00  0.0000E+00  0.0000E+00  0.0000E+00  0.0000E+00  0.0000E+00
      9.748  0.0000E+00  0.0000E+00  0.0000E+00  0.0000E+00  0.0000E+00  0.0000E+00  0.0000E+00  0.0000E+00  0.0000E+00  0.0000E+00  0.0000E+00  0.0000E+00  0.0000E+00  0.0000E+00  0.0000E+00  0.0000E+00  0.0000E+00  0.0000E+00
      9.758  0.0000E+00  0.0000E+00  0.0000E+00  0.0000E+00  0.0000E+00  0.0000E+00  0.0000E+00  0.0000E+00  0.0000E+00  0.0000E+00  0.0000E+00  0.0000E+00  0.0000E+00  0.0000E+00  0.0000E+00  0.0000E+00  0.0000E+00  0.0000E+00
      9.768  0.0000E+00  0.0000E+00  0.0000E+00  0.0000E+00  0.0000E+00  0.0000E+00  0.0000E+00  0.0000E+00  0.0000E+00  0.0000E+00  0.0000E+00  0.0000E+00  0.0000E+00  0.0000E+00  0.0000E+00  0.0000E+00  0.0000E+00  0.0000E+00
      9.778  0.0000E+00  0.0000E+00  0.0000E+00  0.0000E+00  0.0000E+00  0.0000E+00  0.0000E+00  0.0000E+00  0.0000E+00  0.0000E+00  0.0000E+00  0.0000E+00  0.0000E+00  0.0000E+00  0.0000E+00  0.0000E+00  0.0000E+00  0.0000E+00
      9.788  0.0000E+00  0.0000E+00  0.0000E+00  0.0000E+00  0.0000E+00  0.0000E+00  0.0000E+00  0.0000E+00  0.0000E+00  0.0000E+00  0.0000E+00  0.0000E+00  0.0000E+00  0.0000E+00  0.0000E+00  0.0000E+00  0.0000E+00  0.0000E+00
      9.798  0.0000E+00  0.0000E+00  0.0000E+00  0.0000E+00  0.0000E+00  0.0000E+00  0.0000E+00  0.0000E+00  0.0000E+00  0.0000E+00  0.0000E+00  0.0000E+00  0.0000E+00  0.0000E+00  0.0000E+00  0.0000E+00  0.0000E+00  0.0000E+00
      9.808  0.0000E+00  0.0000E+00  0.0000E+00  0.0000E+00  0.0000E+00  0.0000E+00  0.0000E+00  0.0000E+00  0.0000E+00  0.0000E+00  0.0000E+00  0.0000E+00  0.0000E+00  0.0000E+00  0.0000E+00  0.0000E+00  0.0000E+00  0.0000E+00
      9.818  0.0000E+00  0.0000E+00  0.0000E+00  0.0000E+00  0.0000E+00  0.0000E+00  0.0000E+00  0.0000E+00  0.0000E+00  0.0000E+00  0.0000E+00  0.0000E+00  0.0000E+00  0.0000E+00  0.0000E+00  0.0000E+00  0.0000E+00  0.0000E+00
      9.828  0.0000E+00  0.0000E+00  0.0000E+00  0.0000E+00  0.0000E+00  0.0000E+00  0.0000E+00  0.0000E+00  0.0000E+00  0.0000E+00  0.0000E+00  0.0000E+00  0.0000E+00  0.0000E+00  0.0000E+00  0.0000E+00  0.0000E+00  0.0000E+00
      9.838  0.0000E+00  0.0000E+00  0.0000E+00  0.0000E+00  0.0000E+00  0.0000E+00  0.0000E+00  0.0000E+00  0.0000E+00  0.0000E+00  0.0000E+00  0.0000E+00  0.0000E+00  0.0000E+00  0.0000E+00  0.0000E+00  0.0000E+00  0.0000E+00
      9.848  0.0000E+00  0.0000E+00  0.0000E+00  0.0000E+00  0.0000E+00  0.0000E+00  0.0000E+00  0.0000E+00  0.0000E+00  0.0000E+00  0.0000E+00  0.0000E+00  0.0000E+00  0.0000E+00  0.0000E+00  0.0000E+00  0.0000E+00  0.0000E+00
      9.858  0.0000E+00  0.0000E+00  0.0000E+00  0.0000E+00  0.0000E+00  0.0000E+00  0.0000E+00  0.0000E+00  0.0000E+00  0.0000E+00  0.0000E+00  0.0000E+00  0.0000E+00  0.0000E+00  0.0000E+00  0.0000E+00  0.0000E+00  0.0000E+00
      9.868  0.0000E+00  0.0000E+00  0.0000E+00  0.0000E+00  0.0000E+00  0.0000E+00  0.0000E+00  0.0000E+00  0.0000E+00  0.0000E+00  0.0000E+00  0.0000E+00  0.0000E+00  0.0000E+00  0.0000E+00  0.0000E+00  0.0000E+00  0.0000E+00
      9.878  0.0000E+00  0.0000E+00  0.0000E+00  0.0000E+00  0.0000E+00  0.0000E+00  0.0000E+00  0.0000E+00  0.0000E+00  0.0000E+00  0.0000E+00  0.0000E+00  0.0000E+00  0.0000E+00  0.0000E+00  0.0000E+00  0.0000E+00  0.0000E+00
      9.888  0.0000E+00  0.0000E+00  0.0000E+00  0.0000E+00  0.0000E+00  0.0000E+00  0.0000E+00  0.0000E+00  0.0000E+00  0.0000E+00  0.0000E+00  0.0000E+00  0.0000E+00  0.0000E+00  0.0000E+00  0.0000E+00  0.0000E+00  0.0000E+00
      9.898  0.0000E+00  0.0000E+00  0.0000E+00  0.0000E+00  0.0000E+00  0.0000E+00  0.0000E+00  0.0000E+00  0.0000E+00  0.0000E+00  0.0000E+00  0.0000E+00  0.0000E+00  0.0000E+00  0.0000E+00  0.0000E+00  0.0000E+00  0.0000E+00
      9.908  0.0000E+00  0.0000E+00  0.0000E+00  0.0000E+00  0.0000E+00  0.0000E+00  0.0000E+00  0.0000E+00  0.0000E+00  0.0000E+00  0.0000E+00  0.0000E+00  0.0000E+00  0.0000E+00  0.0000E+00  0.0000E+00  0.0000E+00  0.0000E+00
      9.918  0.0000E+00  0.0000E+00  0.0000E+00  0.0000E+00  0.0000E+00  0.0000E+00  0.0000E+00  0.0000E+00  0.0000E+00  0.0000E+00  0.0000E+00  0.0000E+00  0.0000E+00  0.0000E+00  0.0000E+00  0.0000E+00  0.0000E+00  0.0000E+00
      9.928  0.0000E+00  0.0000E+00  0.0000E+00  0.0000E+00  0.0000E+00  0.0000E+00  0.0000E+00  0.0000E+00  0.0000E+00  0.0000E+00  0.0000E+00  0.0000E+00  0.0000E+00  0.0000E+00  0.0000E+00  0.0000E+00  0.0000E+00  0.0000E+00
      9.938  0.0000E+00  0.0000E+00  0.0000E+00  0.0000E+00  0.0000E+00  0.0000E+00  0.0000E+00  0.0000E+00  0.0000E+00  0.0000E+00  0.0000E+00  0.0000E+00  0.0000E+00  0.0000E+00  0.0000E+00  0.0000E+00  0.0000E+00  0.0000E+00
      9.948  0.0000E+00  0.0000E+00  0.0000E+00  0.0000E+00  0.0000E+00  0.0000E+00  0.0000E+00  0.0000E+00  0.0000E+00  0.0000E+00  0.0000E+00  0.0000E+00  0.0000E+00  0.0000E+00  0.0000E+00  0.0000E+00  0.0000E+00  0.0000E+00
      9.958  0.0000E+00  0.0000E+00  0.0000E+00  0.0000E+00  0.0000E+00  0.0000E+00  0.0000E+00  0.0000E+00  0.0000E+00  0.0000E+00  0.0000E+00  0.0000E+00  0.0000E+00  0.0000E+00  0.0000E+00  0.0000E+00  0.0000E+00  0.0000E+00
      9.968  0.0000E+00  0.0000E+00  0.0000E+00  0.0000E+00  0.0000E+00  0.0000E+00  0.0000E+00  0.0000E+00  0.0000E+00  0.0000E+00  0.0000E+00  0.0000E+00  0.0000E+00  0.0000E+00  0.0000E+00  0.0000E+00  0.0000E+00  0.0000E+00
      9.978  0.0000E+00  0.0000E+00  0.0000E+00  0.0000E+00  0.0000E+00  0.0000E+00  0.0000E+00  0.0000E+00  0.0000E+00  0.0000E+00  0.0000E+00  0.0000E+00  0.0000E+00  0.0000E+00  0.0000E+00  0.0000E+00  0.0000E+00  0.0000E+00
      9.988  0.0000E+00  0.0000E+00  0.0000E+00  0.0000E+00  0.0000E+00  0.0000E+00  0.0000E+00  0.0000E+00  0.0000E+00  0.0000E+00  0.0000E+00  0.0000E+00  0.0000E+00  0.0000E+00  0.0000E+00  0.0000E+00  0.0000E+00  0.0000E+00
      9.998  0.0000E+00  0.0000E+00  0.0000E+00  0.0000E+00  0.0000E+00  0.0000E+00  0.0000E+00  0.0000E+00  0.0000E+00  0.0000E+00  0.0000E+00  0.0000E+00  0.0000E+00  0.0000E+00  0.0000E+00  0.0000E+00  0.0000E+00  0.0000E+00
      10.008  0.0000E+00  0.0000E+00  0.0000E+00  0.0000E+00  0.0000E+00  0.0000E+00  0.0000E+00  0.0000E+00  0.0000E+00  0.0000E+00  0.0000E+00  0.0000E+00  0.0000E+00  0.0000E+00  0.0000E+00  0.0000E+00  0.0000E+00  0.0000E+00
      10.018  0.0000E+00  0.0000E+00  0.0000E+00  0.0000E+00  0.0000E+00  0.0000E+00  0.0000E+00  0.0000E+00  0.0000E+00  0.0000E+00  0.0000E+00  0.0000E+00  0.0000E+00  0.0000E+00  0.0000E+00  0.0000E+00  0.0000E+00  0.0000E+00
      10.028  0.0000E+00  0.0000E+00  0.0000E+00  0.0000E+00  0.0000E+00  0.0000E+00  0.0000E+00  0.0000E+00  0.0000E+00  0.0000E+00  0.0000E+00  0.0000E+00  0.0000E+00  0.0000E+00  0.0000E+00  0.0000E+00  0.0000E+00  0.0000E+00
      10.038  0.0000E+00  0.0000E+00  0.0000E+00  0.0000E+00  0.0000E+00  0.0000E+00  0.0000E+00  0.0000E+00  0.0000E+00  0.0000E+00  0.0000E+00  0.0000E+00  0.0000E+00  0.0000E+00  0.0000E+00  0.0000E+00  0.0000E+00  0.0000E+00
      10.048  0.0000E+00  0.0000E+00  0.0000E+00  0.0000E+00  0.0000E+00  0.0000E+00  0.0000E+00  0.0000E+00  0.0000E+00  0.0000E+00  0.0000E+00  0.0000E+00  0.0000E+00  0.0000E+00  0.0000E+00  0.0000E+00  0.0000E+00  0.0000E+00
      10.058  0.0000E+00  0.0000E+00  0.0000E+00  0.0000E+00  0.0000E+00  0.0000E+00  0.0000E+00  0.0000E+00  0.0000E+00  0.0000E+00  0.0000E+00  0.0000E+00  0.0000E+00  0.0000E+00  0.0000E+00  0.0000E+00  0.0000E+00  0.0000E+00
      10.068  0.0000E+00  0.0000E+00  0.0000E+00  0.0000E+00  0.0000E+00  0.0000E+00  0.0000E+00  0.0000E+00  0.0000E+00  0.0000E+00  0.0000E+00  0.0000E+00  0.0000E+00  0.0000E+00  0.0000E+00  0.0000E+00  0.0000E+00  0.0000E+00
      10.078  0.0000E+00  0.0000E+00  0.0000E+00  0.0000E+00  0.0000E+00  0.0000E+00  0.0000E+00  0.0000E+00  0.0000E+00  0.0000E+00  0.0000E+00  0.0000E+00  0.0000E+00  0.0000E+00  0.0000E+00  0.0000E+00  0.0000E+00  0.0000E+00
      10.088  0.0000E+00  0.0000E+00  0.0000E+00  0.0000E+00  0.0000E+00  0.0000E+00  0.0000E+00  0.0000E+00  0.0000E+00  0.0000E+00  0.0000E+00  0.0000E+00  0.0000E+00  0.0000E+00  0.0000E+00  0.0000E+00  0.0000E+00  0.0000E+00
      10.098  0.0000E+00  0.0000E+00  0.0000E+00  0.0000E+00  0.0000E+00  0.0000E+00  0.0000E+00  0.0000E+00  0.0000E+00  0.0000E+00  0.0000E+00  0.0000E+00  0.0000E+00  0.0000E+00  0.0000E+00  0.0000E+00  0.0000E+00  0.0000E+00
      10.108  0.0000E+00  0.0000E+00  0.0000E+00  0.0000E+00  0.0000E+00  0.0000E+00  0.0000E+00  0.0000E+00  0.0000E+00  0.0000E+00  0.0000E+00  0.0000E+00  0.0000E+00  0.0000E+00  0.0000E+00  0.0000E+00  0.0000E+00  0.0000E+00
      10.118  0.0000E+00  0.0000E+00  0.0000E+00  0.0000E+00  0.0000E+00  0.0000E+00  0.0000E+00  0.0000E+00  0.0000E+00  0.0000E+00  0.0000E+00  0.0000E+00  0.0000E+00  0.0000E+00  0.0000E+00  0.0000E+00  0.0000E+00  0.0000E+00
      10.128  0.0000E+00  0.0000E+00  0.0000E+00  0.0000E+00  0.0000E+00  0.0000E+00  0.0000E+00  0.0000E+00  0.0000E+00  0.0000E+00  0.0000E+00  0.0000E+00  0.0000E+00  0.0000E+00  0.0000E+00  0.0000E+00  0.0000E+00  0.0000E+00
      10.138  0.0000E+00  0.0000E+00  0.0000E+00  0.0000E+00  0.0000E+00  0.0000E+00  0.0000E+00  0.0000E+00  0.0000E+00  0.0000E+00  0.0000E+00  0.0000E+00  0.0000E+00  0.0000E+00  0.0000E+00  0.0000E+00  0.0000E+00  0.0000E+00
