      7.00000000     -7.00000000 1400     -3.16505870      1.00000000
     -3.835  0.3153E-01  0.1548E+00  0.7848E-03  0.6322E-03  0.5371E-02  0.3950E-01  0.5118E-03  0.3234E-03  0.6172E-04  0.4980E-04  0.4481E-01  0.1255E-01  0.1367E+00  0.4490E+00  0.2912E-01  0.6105E-02  0.1306E-03  0.3867E-04
     -3.825  0.3817E-01  0.1303E+00  0.9659E-03  0.5133E-03  0.6485E-02  0.3317E-01  0.6266E-03  0.2725E-03  0.6686E-04  0.4091E-04  0.5533E-01  0.1019E-01  0.1668E+00  0.3803E+00  0.3580E-01  0.5144E-02  0.1310E-03  0.2941E-04
     -3.815  0.5523E-01  0.1291E+00  0.1858E-02  0.4719E-03  0.9327E-02  0.3278E-01  0.7919E-03  0.2620E-03  0.8141E-04  0.3731E-04  0.1081E+00  0.9389E-02  0.2445E+00  0.3790E+00  0.4567E-01  0.4951E-02  0.1400E-03  0.2889E-04
     -3.805  0.3954E-01  0.1351E+00  0.1960E-02  0.4624E-03  0.6647E-02  0.3425E-01  0.5409E-03  0.2589E-03  0.6913E-04  0.3455E-04  0.1159E+00  0.9223E-02  0.1766E+00  0.3985E+00  0.3176E-01  0.4909E-02  0.1047E-03  0.3156E-04
     -3.795  0.2990E-01  0.1421E+00  0.1726E-02  0.4656E-03  0.5023E-02  0.3595E-01  0.5106E-03  0.2644E-03  0.6008E-04  0.3210E-04  0.1027E+00  0.9310E-02  0.1342E+00  0.4205E+00  0.3016E-01  0.5031E-02  0.9389E-04  0.3489E-04
     -3.785  0.2606E-01  0.1834E+00  0.1548E-02  0.5809E-03  0.4376E-02  0.4633E-01  0.4886E-03  0.3026E-03  0.5446E-04  0.3346E-04  0.9245E-01  0.1164E-01  0.1180E+00  0.5458E+00  0.2901E-01  0.5760E-02  0.8225E-04  0.4007E-04
     -3.775  0.2947E-01  0.2938E+00  0.1724E-02  0.1239E-02  0.4932E-02  0.7409E-01  0.5786E-03  0.4908E-03  0.5851E-04  0.4145E-04  0.1036E+00  0.2492E-01  0.1361E+00  0.8785E+00  0.3441E-01  0.9362E-02  0.9263E-04  0.5574E-04
     -3.765  0.3456E-01  0.4520E+00  0.1995E-02  0.2014E-02  0.5769E-02  0.1139E+00  0.6944E-03  0.7802E-03  0.6589E-04  0.5454E-04  0.1204E+00  0.4054E-01  0.1622E+00  0.1356E+01  0.4139E-01  0.1487E-01  0.1144E-03  0.7512E-04
     -3.755  0.2731E-01  0.3891E+00  0.1715E-02  0.1159E-02  0.4563E-02  0.9783E-01  0.6470E-03  0.6207E-03  0.6076E-04  0.4513E-04  0.1038E+00  0.2329E-01  0.1291E+00  0.1173E+01  0.3880E-01  0.1177E-01  0.1043E-03  0.7482E-04
     -3.745  0.2733E-01  0.2951E+00  0.1829E-02  0.7767E-03  0.4565E-02  0.7408E-01  0.7462E-03  0.5071E-03  0.7151E-04  0.3745E-04  0.1112E+00  0.1567E-01  0.1318E+00  0.8944E+00  0.4543E-01  0.9647E-02  0.1711E-03  0.7139E-04
     -3.735  0.4757E-01  0.8324E-01  0.2454E-02  0.2451E-03  0.7944E-02  0.2078E-01  0.1361E-02  0.2217E-03  0.1178E-03  0.1128E-04  0.1499E+00  0.5000E-02  0.2356E+00  0.2550E+00  0.8393E-01  0.4273E-02  0.3654E-03  0.3555E-04
     -3.725  0.3925E-01  0.1028E+00  0.1850E-02  0.3076E-03  0.6581E-02  0.2562E-01  0.2185E-02  0.2688E-03  0.1680E-03  0.1522E-04  0.1147E+00  0.6284E-02  0.1981E+00  0.3155E+00  0.1366E+00  0.5176E-02  0.4091E-03  0.4390E-04
     -3.715  0.3475E-01  0.1516E+00  0.1884E-02  0.5999E-03  0.5831E-02  0.3779E-01  0.2322E-02  0.3783E-03  0.2074E-03  0.4861E-04  0.1182E+00  0.1233E-01  0.1767E+00  0.4671E+00  0.1458E+00  0.7251E-02  0.4534E-03  0.7412E-04
     -3.705  0.2990E-01  0.1972E+00  0.1753E-02  0.1120E-02  0.5018E-02  0.4912E-01  0.1989E-02  0.5459E-03  0.2180E-03  0.1103E-03  0.1110E+00  0.2301E-01  0.1529E+00  0.6108E+00  0.1255E+00  0.1048E-01  0.4581E-03  0.1111E-03
     -3.695  0.2872E-01  0.2336E+00  0.1857E-02  0.1718E-02  0.4822E-02  0.5806E-01  0.1486E-02  0.6735E-03  0.2824E-03  0.2016E-03  0.1186E+00  0.3527E-01  0.1481E+00  0.7271E+00  0.9515E-01  0.1294E-01  0.5103E-03  0.1280E-03
     -3.685  0.2383E-01  0.1509E+00  0.1250E-02  0.1674E-02  0.3976E-02  0.3749E-01  0.9704E-03  0.4200E-03  0.1437E-03  0.1147E-03  0.8082E-01  0.3448E-01  0.1234E+00  0.4743E+00  0.6251E-01  0.8088E-02  0.3807E-03  0.6408E-04
     -3.675  0.2314E-01  0.1325E+00  0.1308E-02  0.1668E-02  0.3850E-02  0.3287E-01  0.9733E-03  0.3713E-03  0.8513E-04  0.6961E-04  0.8535E-01  0.3437E-01  0.1209E+00  0.4195E+00  0.6331E-01  0.7189E-02  0.3355E-03  0.3560E-04
     -3.665  0.2357E-01  0.6361E-01  0.1610E-02  0.3179E-03  0.3906E-02  0.1575E-01  0.1025E-02  0.2446E-03  0.8833E-04  0.1821E-04  0.1056E+00  0.6624E-02  0.1242E+00  0.2051E+00  0.6733E-01  0.4956E-02  0.3546E-03  0.9199E-05
     -3.655  0.3642E-01  0.4023E-01  0.4659E-02  0.1814E-03  0.6059E-02  0.9911E-02  0.1972E-02  0.2820E-03  0.2164E-03  0.1309E-04  0.3074E+00  0.3849E-02  0.1964E+00  0.1332E+00  0.1321E+00  0.5705E-02  0.6771E-03  0.6170E-05
     -3.645  0.2929E-01  0.6277E-01  0.1292E-02  0.2243E-03  0.4774E-02  0.1543E-01  0.9769E-03  0.3747E-03  0.1693E-03  0.2149E-04  0.8568E-01  0.4758E-02  0.1596E+00  0.2081E+00  0.6563E-01  0.7599E-02  0.4175E-03  0.7617E-05
     -3.635  0.2304E-01  0.1463E+00  0.1273E-02  0.4307E-03  0.3731E-02  0.3587E-01  0.7501E-03  0.6015E-03  0.1311E-03  0.6232E-04  0.8493E-01  0.9168E-02  0.1251E+00  0.4833E+00  0.5098E-01  0.1231E-01  0.3379E-03  0.2324E-04
     -3.625  0.2274E-01  0.1787E+00  0.1251E-02  0.5492E-03  0.3636E-02  0.4374E-01  0.9675E-03  0.7449E-03  0.1234E-03  0.7119E-04  0.8439E-01  0.1171E-01  0.1239E+00  0.5906E+00  0.6669E-01  0.1527E-01  0.3218E-03  0.3384E-04
     -3.615  0.2382E-01  0.1998E+00  0.1287E-02  0.7223E-03  0.3786E-02  0.4877E-01  0.1110E-02  0.8413E-03  0.1376E-03  0.7359E-04  0.8757E-01  0.1543E-01  0.1299E+00  0.6605E+00  0.7710E-01  0.1724E-01  0.3276E-03  0.4884E-04
     -3.605  0.2452E-01  0.2736E+00  0.1325E-02  0.1549E-02  0.3882E-02  0.6660E-01  0.1244E-02  0.1222E-02  0.1530E-03  0.1251E-03  0.9083E-01  0.3309E-01  0.1341E+00  0.9065E+00  0.8695E-01  0.2510E-01  0.3343E-03  0.8573E-04
     -3.595  0.1394E-01  0.3035E+00  0.8170E-03  0.1821E-02  0.2186E-02  0.7370E-01  0.1168E-02  0.8777E-03  0.1358E-03  0.1672E-03  0.5662E-01  0.3901E-01  0.7560E-01  0.1011E+01  0.8189E-01  0.1814E-01  0.2193E-03  0.1012E-03
     -3.585  0.9151E-02  0.2916E+00  0.6760E-03  0.1397E-02  0.1418E-02  0.7079E-01  0.1193E-02  0.6651E-03  0.1477E-03  0.1765E-03  0.4741E-01  0.3004E-01  0.4935E-01  0.9767E+00  0.8407E-01  0.1376E-01  0.1812E-03  0.9097E-04
     -3.575  0.8878E-02  0.1286E+00  0.7485E-03  0.9831E-03  0.1371E-02  0.3101E-01  0.1366E-02  0.3131E-03  0.1808E-03  0.5653E-04  0.5290E-01  0.2127E-01  0.4924E-01  0.4298E+00  0.9677E-01  0.6539E-02  0.1931E-03  0.7955E-04
     -3.565  0.9288E-02  0.1519E+00  0.8339E-03  0.9690E-03  0.1431E-02  0.3651E-01  0.1568E-02  0.4672E-03  0.2165E-03  0.5191E-04  0.5920E-01  0.2100E-01  0.5270E-01  0.5108E+00  0.1114E+00  0.9819E-02  0.2137E-03  0.8434E-04
     -3.555  0.1231E-01  0.1595E+00  0.9772E-03  0.1068E-02  0.1881E-02  0.3827E-01  0.2600E-02  0.8730E-03  0.2967E-03  0.6452E-04  0.7035E-01  0.2316E-01  0.7190E-01  0.5389E+00  0.1867E+00  0.1841E-01  0.2910E-03  0.7802E-04
     -3.545  0.1354E-01  0.1231E+00  0.1055E-02  0.8115E-03  0.2057E-02  0.2948E-01  0.2316E-02  0.9521E-03  0.3339E-03  0.6597E-04  0.7664E-01  0.1761E-01  0.8027E-01  0.4164E+00  0.1675E+00  0.2014E-01  0.3264E-03  0.6238E-04
     -3.535  0.1238E-01  0.9649E-01  0.9477E-03  0.6320E-03  0.1866E-02  0.2304E-01  0.2012E-02  0.1032E-02  0.3430E-03  0.7444E-04  0.6964E-01  0.1375E-01  0.7357E-01  0.3274E+00  0.1467E+00  0.2188E-01  0.3532E-03  0.4940E-04
     -3.525  0.9638E-02  0.9568E-01  0.7244E-03  0.5739E-03  0.1450E-02  0.2279E-01  0.1602E-02  0.1168E-02  0.2881E-03  0.1015E-03  0.5381E-01  0.1255E-01  0.5796E-01  0.3273E+00  0.1184E+00  0.2482E-01  0.3545E-03  0.4536E-04
     -3.515  0.8630E-02  0.1022E+00  0.6379E-03  0.6758E-03  0.1300E-02  0.2431E-01  0.1495E-02  0.1325E-02  0.2888E-03  0.1354E-03  0.4794E-01  0.1484E-01  0.5323E-01  0.3519E+00  0.1119E+00  0.2820E-01  0.3880E-03  0.5469E-04
     -3.505  0.8835E-02  0.9141E-01  0.5939E-03  0.6222E-03  0.1332E-02  0.2170E-01  0.1493E-02  0.1224E-02  0.3384E-03  0.1493E-03  0.4544E-01  0.1373E-01  0.5626E-01  0.3185E+00  0.1129E+00  0.2612E-01  0.4419E-03  0.5326E-04
     -3.495  0.9348E-02  0.6833E-01  0.5664E-03  0.4496E-03  0.1408E-02  0.1621E-01  0.1470E-02  0.8466E-03  0.4036E-03  0.1232E-03  0.4420E-01  0.9972E-02  0.6103E-01  0.2433E+00  0.1122E+00  0.1815E-01  0.5142E-03  0.3651E-04
     -3.485  0.6535E-02  0.7283E-01  0.4602E-03  0.4532E-03  0.9802E-03  0.1725E-01  0.1240E-02  0.8037E-03  0.3323E-03  0.1376E-03  0.3658E-01  0.1008E-01  0.4346E-01  0.2607E+00  0.9607E-01  0.1728E-01  0.3345E-03  0.4342E-04
     -3.475  0.6027E-02  0.8380E-01  0.4381E-03  0.4640E-03  0.8987E-03  0.1981E-01  0.1298E-02  0.7658E-03  0.3309E-03  0.1625E-03  0.3555E-01  0.1034E-01  0.4079E-01  0.3017E+00  0.1028E+00  0.1651E-01  0.2826E-03  0.5305E-04
     -3.465  0.6321E-02  0.9106E-01  0.4568E-03  0.4759E-03  0.9381E-03  0.2148E-01  0.1445E-02  0.7568E-03  0.3635E-03  0.1866E-03  0.3776E-01  0.1061E-01  0.4338E-01  0.3299E+00  0.1162E+00  0.1634E-01  0.3157E-03  0.6338E-04
     -3.455  0.6376E-02  0.4546E-01  0.5159E-03  0.2986E-03  0.9418E-03  0.1070E-01  0.1601E-02  0.6225E-03  0.3895E-03  0.1391E-03  0.4338E-01  0.6669E-02  0.4433E-01  0.1665E+00  0.1302E+00  0.1348E-01  0.3732E-03  0.3183E-04
     -3.445  0.6227E-02  0.3925E-01  0.5758E-03  0.2615E-03  0.9143E-03  0.9228E-02  0.1718E-02  0.6030E-03  0.3951E-03  0.1362E-03  0.4906E-01  0.5868E-02  0.4364E-01  0.1448E+00  0.1409E+00  0.1311E-01  0.4079E-03  0.3152E-04
     -3.435  0.6066E-02  0.3308E-01  0.6313E-03  0.2264E-03  0.8846E-03  0.7762E-02  0.1817E-02  0.5867E-03  0.3944E-03  0.1329E-03  0.5439E-01  0.5111E-02  0.4282E-01  0.1232E+00  0.1502E+00  0.1282E-01  0.4351E-03  0.3131E-04
     -3.425  0.5906E-02  0.3028E-01  0.6911E-03  0.2193E-03  0.8549E-03  0.7090E-02  0.1916E-02  0.5786E-03  0.3918E-03  0.1359E-03  0.6013E-01  0.4978E-02  0.4199E-01  0.1137E+00  0.1595E+00  0.1270E-01  0.4632E-03  0.3203E-04
     -3.415  0.5574E-02  0.2857E-01  0.7451E-03  0.2168E-03  0.8014E-03  0.6681E-02  0.1897E-02  0.5734E-03  0.3870E-03  0.1404E-03  0.6535E-01  0.4953E-02  0.4021E-01  0.1081E+00  0.1590E+00  0.1265E-01  0.5008E-03  0.3284E-04
     -3.405  0.4735E-02  0.2745E-01  0.7522E-03  0.2209E-03  0.6798E-03  0.6411E-02  0.1571E-02  0.5741E-03  0.3720E-03  0.1467E-03  0.6626E-01  0.5081E-02  0.3505E-01  0.1047E+00  0.1324E+00  0.1272E-01  0.5313E-03  0.3426E-04
     -3.395  0.4166E-02  0.2662E-01  0.1499E-02  0.2493E-03  0.5965E-03  0.6211E-02  0.1615E-02  0.5839E-03  0.4080E-03  0.1497E-03  0.1326E+00  0.5771E-02  0.3166E-01  0.1024E+00  0.1384E+00  0.1297E-01  0.7048E-03  0.3987E-04
     -3.385  0.7626E-02  0.2567E-01  0.9379E-02  0.2835E-03  0.1074E-02  0.5983E-02  0.4228E-02  0.5950E-03  0.1715E-02  0.1507E-03  0.8210E+00  0.6597E-02  0.5713E-01  0.9946E-01  0.3704E+00  0.1323E-01  0.1877E-02  0.4623E-04
     -3.375  0.7946E-02  0.2476E-01  0.6210E-02  0.3201E-03  0.1124E-02  0.5766E-02  0.4448E-02  0.6074E-03  0.1663E-02  0.1514E-03  0.5487E+00  0.7478E-02  0.6273E-01  0.9673E-01  0.3905E+00  0.1352E-01  0.1580E-02  0.5273E-04
     -3.365  0.6203E-02  0.2358E-01  0.4947E-02  0.3492E-03  0.8838E-03  0.5484E-02  0.3357E-02  0.6102E-03  0.1300E-02  0.1439E-03  0.4401E+00  0.8189E-02  0.5015E-01  0.9288E-01  0.2963E+00  0.1361E-01  0.1423E-02  0.5487E-04
     -3.355  0.4521E-02  0.2196E-01  0.3719E-02  0.3700E-03  0.6508E-03  0.5101E-02  0.2269E-02  0.5950E-03  0.9161E-03  0.1295E-03  0.3339E+00  0.8716E-02  0.3779E-01  0.8727E-01  0.2017E+00  0.1330E-01  0.1245E-02  0.5027E-04
     -3.345  0.4336E-02  0.2092E-01  0.2971E-02  0.4030E-03  0.6275E-03  0.4852E-02  0.1797E-02  0.6111E-03  0.8145E-03  0.1356E-03  0.2696E+00  0.9518E-02  0.3719E-01  0.8386E-01  0.1616E+00  0.1367E-01  0.1171E-02  0.4859E-04
     -3.335  0.4777E-02  0.2174E-01  0.2576E-02  0.4667E-03  0.6914E-03  0.5033E-02  0.1619E-02  0.6854E-03  0.7806E-03  0.1643E-03  0.2374E+00  0.1104E-01  0.4177E-01  0.8809E-01  0.1479E+00  0.1536E-01  0.1179E-02  0.4691E-04
     -3.325  0.8800E-03  0.2277E-01  0.1792E-02  0.5350E-03  0.1347E-03  0.5263E-02  0.8157E-03  0.7711E-03  0.3580E-03  0.1973E-03  0.1672E+00  0.1266E-01  0.8054E-02  0.9311E-01  0.7642E-01  0.1733E-01  0.5646E-03  0.4469E-04
     -3.315  0.8050E-03  0.2307E-01  0.1592E-02  0.5976E-03  0.1245E-03  0.5324E-02  0.7770E-03  0.8451E-03  0.3277E-03  0.2274E-03  0.1503E+00  0.1416E-01  0.7648E-02  0.9524E-01  0.7370E-01  0.1904E-01  0.5324E-03  0.4186E-04
     -3.305  0.1175E-02  0.5109E-01  0.2119E-02  0.1074E-02  0.1828E-03  0.1177E-01  0.1193E-02  0.2031E-02  0.3452E-03  0.5317E-03  0.2026E+00  0.2553E-01  0.1140E-01  0.2149E+00  0.1147E+00  0.4613E-01  0.6975E-03  0.1006E-03
     -3.295  0.1214E-02  0.4504E-02  0.2154E-02  0.2703E-03  0.1888E-03  0.1030E-02  0.1236E-02  0.3979E-03  0.3520E-03  0.6175E-04  0.2072E+00  0.6533E-02  0.1195E-01  0.1930E-01  0.1196E+00  0.9135E-02  0.7335E-03  0.2651E-04
     -3.285  0.1241E-02  0.1593E-01  0.2187E-02  0.4164E-02  0.1929E-03  0.3636E-02  0.1271E-02  0.1694E-02  0.3600E-03  0.4862E-03  0.2116E+00  0.1000E+00  0.1239E-01  0.6839E-01  0.1238E+00  0.3908E-01  0.7676E-03  0.2068E-03
     -3.275  0.1237E-02  0.1066E-01  0.2162E-02  0.3119E-02  0.1916E-03  0.2429E-02  0.1287E-02  0.1243E-02  0.3668E-03  0.3684E-03  0.2104E+00  0.7516E-01  0.1250E-01  0.4598E-01  0.1263E+00  0.2876E-01  0.7853E-03  0.1590E-03
     -3.265  0.1203E-02  0.8643E-02  0.2020E-02  0.2728E-02  0.1848E-03  0.1966E-02  0.1300E-02  0.8924E-03  0.3736E-03  0.3190E-03  0.1979E+00  0.6587E-01  0.1230E-01  0.3760E-01  0.1287E+00  0.2066E-01  0.7817E-03  0.1385E-03
     -3.255  0.1276E-02  0.8309E-02  0.1989E-02  0.2394E-02  0.1936E-03  0.1888E-02  0.1431E-02  0.8197E-03  0.4104E-03  0.3056E-03  0.1967E+00  0.5797E-01  0.1325E-01  0.3663E-01  0.1434E+00  0.1905E-01  0.8539E-03  0.1350E-03
     -3.245  0.1208E-02  0.7571E-02  0.1869E-02  0.1898E-02  0.1824E-03  0.1719E-02  0.1407E-02  0.6583E-03  0.4094E-03  0.2537E-03  0.1860E+00  0.4605E-01  0.1271E-01  0.3390E-01  0.1423E+00  0.1535E-01  0.8415E-03  0.1192E-03
     -3.235  0.1141E-02  0.6474E-02  0.1758E-02  0.1366E-02  0.1710E-03  0.1469E-02  0.1424E-02  0.4907E-03  0.4104E-03  0.1891E-03  0.1761E+00  0.3323E-01  0.1215E-01  0.2949E-01  0.1456E+00  0.1151E-01  0.8295E-03  0.1013E-03
     -3.225  0.1085E-02  0.5403E-02  0.1664E-02  0.9539E-03  0.1609E-03  0.1225E-02  0.1656E-02  0.3728E-03  0.4269E-03  0.1380E-03  0.1682E+00  0.2328E-01  0.1171E-01  0.2498E-01  0.1730E+00  0.8813E-02  0.8366E-03  0.8538E-04
     -3.215  0.1032E-02  0.4937E-02  0.1571E-02  0.7530E-03  0.1521E-03  0.1118E-02  0.1929E-02  0.3409E-03  0.4445E-03  0.1220E-03  0.1602E+00  0.1843E-01  0.1137E-01  0.2298E-01  0.2050E+00  0.8111E-02  0.8551E-03  0.7837E-04
     -3.205  0.9695E-03  0.6260E-02  0.1473E-02  0.7712E-03  0.1419E-03  0.1416E-02  0.2210E-02  0.3963E-03  0.4592E-03  0.1192E-03  0.1514E+00  0.1896E-01  0.1091E-01  0.2942E-01  0.2378E+00  0.9461E-02  0.8630E-03  0.9308E-04
     -3.195  0.9298E-03  0.7589E-02  0.1333E-02  0.8503E-03  0.1357E-03  0.1716E-02  0.2469E-02  0.4965E-03  0.4952E-03  0.1202E-03  0.1386E+00  0.2101E-01  0.1085E-01  0.3591E-01  0.2696E+00  0.1187E-01  0.8902E-03  0.1105E-03
     -3.185  0.9126E-03  0.1096E-01  0.1137E-02  0.1064E-02  0.1357E-03  0.2475E-02  0.2690E-02  0.8029E-03  0.5002E-03  0.1499E-03  0.1192E+00  0.2641E-01  0.1133E-01  0.5237E-01  0.2976E+00  0.1922E-01  0.9167E-03  0.1533E-03
     -3.175  0.3644E-02  0.1499E-01  0.5022E-02  0.4525E-02  0.4914E-03  0.3409E-02  0.6499E-02  0.2735E-02  0.1174E-02  0.2660E-03  0.5506E+00  0.1130E+00  0.4747E-01  0.7350E-01  0.7224E+00  0.6505E-01  0.3064E-02  0.3152E-03
     -3.165  0.3253E-02  0.9403E-02  0.4249E-02  0.2331E-02  0.4457E-03  0.2121E-02  0.6646E-02  0.1657E-02  0.1175E-02  0.2074E-03  0.4687E+00  0.5835E-01  0.4302E-01  0.4574E-01  0.7456E+00  0.3979E-01  0.2724E-02  0.1390E-03
     -3.155  0.2396E-02  0.9383E-02  0.3088E-02  0.3214E-02  0.3357E-03  0.2109E-02  0.5417E-02  0.2066E-02  0.9789E-03  0.2581E-03  0.3439E+00  0.8078E-01  0.3253E-01  0.4572E-01  0.6137E+00  0.4975E-01  0.2248E-02  0.1355E-03
     -3.145  0.1809E-02  0.6321E-02  0.2732E-02  0.1651E-02  0.2606E-03  0.1417E-02  0.5336E-02  0.1496E-02  0.9167E-03  0.2132E-03  0.3068E+00  0.4169E-01  0.2570E-01  0.3102E-01  0.6094E+00  0.3652E-01  0.1986E-02  0.1283E-03
     -3.134  0.1699E-02  0.5276E-02  0.2583E-02  0.1341E-02  0.2473E-03  0.1179E-02  0.5323E-02  0.1250E-02  0.9595E-03  0.2082E-03  0.2924E+00  0.3397E-01  0.2450E-01  0.2605E-01  0.6122E+00  0.3077E-01  0.1879E-02  0.1255E-03
     -3.124  0.1441E-02  0.4586E-02  0.1801E-02  0.1074E-02  0.2174E-03  0.1022E-02  0.4104E-02  0.1042E-02  0.8797E-03  0.1929E-03  0.2085E+00  0.2730E-01  0.2145E-01  0.2284E-01  0.4781E+00  0.2584E-01  0.1559E-02  0.1236E-03
     -3.114  0.1141E-02  0.3521E-02  0.1514E-02  0.8319E-03  0.1761E-03  0.7836E-03  0.3699E-02  0.8204E-03  0.8686E-03  0.1550E-03  0.1789E+00  0.2122E-01  0.1749E-01  0.1772E-01  0.4354E+00  0.2049E-01  0.1238E-02  0.1111E-03
     -3.104  0.1209E-02  0.2343E-02  0.1480E-02  0.6253E-03  0.1894E-03  0.5203E-03  0.3589E-02  0.6036E-03  0.9990E-03  0.1076E-03  0.1771E+00  0.1602E-01  0.1889E-01  0.1198E-01  0.4264E+00  0.1522E-01  0.1334E-02  0.9421E-04
     -3.094  0.1186E-02  0.1469E-02  0.1429E-02  0.5640E-03  0.1883E-03  0.3257E-03  0.3427E-02  0.5392E-03  0.1052E-02  0.7338E-04  0.1730E+00  0.1451E-01  0.1885E-01  0.7709E-02  0.4108E+00  0.1367E-01  0.1349E-02  0.8238E-04
     -3.084  0.1083E-02  0.1340E-02  0.1324E-02  0.5452E-03  0.1737E-03  0.2971E-03  0.3067E-02  0.5814E-03  0.1002E-02  0.6886E-04  0.1622E+00  0.1409E-01  0.1736E-01  0.7189E-02  0.3716E+00  0.1480E-01  0.1272E-02  0.9179E-04
     -3.074  0.9764E-03  0.1431E-02  0.1211E-02  0.5399E-03  0.1584E-03  0.3180E-03  0.2684E-02  0.6730E-03  0.9360E-03  0.7459E-04  0.1503E+00  0.1402E-01  0.1577E-01  0.7798E-02  0.3295E+00  0.1717E-01  0.1192E-02  0.1096E-03
     -3.064  0.8726E-03  0.3899E-02  0.1097E-02  0.1035E-02  0.1435E-03  0.8734E-03  0.2313E-02  0.1367E-02  0.8605E-03  0.2790E-03  0.1382E+00  0.2746E-01  0.1421E-01  0.2189E-01  0.2887E+00  0.3491E-01  0.1112E-02  0.3964E-03
     -3.054  0.7983E-03  0.2747E-02  0.1016E-02  0.6431E-03  0.1318E-03  0.6169E-03  0.2041E-02  0.1121E-02  0.7925E-03  0.1794E-03  0.1292E+00  0.1712E-01  0.1299E-01  0.1581E-01  0.2567E+00  0.2882E-01  0.1070E-02  0.2268E-03
     -3.044  0.6478E-03  0.2778E-02  0.7038E-03  0.7722E-03  0.1004E-03  0.6212E-03  0.1652E-02  0.1191E-02  0.5805E-03  0.1585E-03  0.9365E-01  0.2073E-01  0.1002E-01  0.1620E-01  0.2180E+00  0.3077E-01  0.1141E-02  0.1985E-03
     -3.034  0.5307E-03  0.3471E-02  0.6361E-03  0.1343E-02  0.8050E-04  0.7783E-03  0.1519E-02  0.1185E-02  0.4551E-03  0.1948E-03  0.8754E-01  0.3630E-01  0.8214E-02  0.2060E-01  0.2064E+00  0.3085E-01  0.1088E-02  0.2166E-03
     -3.024  0.4555E-03  0.4207E-02  0.6811E-03  0.1946E-02  0.6844E-04  0.9453E-03  0.1532E-02  0.1199E-02  0.3881E-03  0.2350E-03  0.9611E-01  0.5276E-01  0.7098E-02  0.2523E-01  0.2134E+00  0.3143E-01  0.1068E-02  0.2486E-03
     -3.014  0.3775E-03  0.4816E-02  0.6126E-03  0.2537E-02  0.5559E-04  0.1083E-02  0.1282E-02  0.1191E-02  0.3103E-03  0.2706E-03  0.8741E-01  0.6892E-01  0.5863E-02  0.2909E-01  0.1817E+00  0.3145E-01  0.1019E-02  0.2808E-03
     -3.004  0.3379E-03  0.5750E-02  0.6514E-03  0.3386E-02  0.4914E-04  0.1290E-02  0.9005E-03  0.1333E-02  0.2648E-03  0.3432E-03  0.9419E-01  0.9217E-01  0.5373E-02  0.3479E-01  0.1300E+00  0.3546E-01  0.1099E-02  0.3542E-03
     -2.994  0.5496E-03  0.7730E-02  0.1808E-02  0.4786E-02  0.8835E-04  0.1722E-02  0.9723E-03  0.2199E-02  0.5149E-03  0.4895E-03  0.2693E+00  0.1309E+00  0.1076E-01  0.4686E-01  0.1437E+00  0.5893E-01  0.2417E-02  0.5408E-03
     -2.984  0.5162E-03  0.8132E-02  0.2086E-02  0.4951E-02  0.8190E-04  0.1797E-02  0.9516E-03  0.4088E-02  0.6583E-03  0.6383E-03  0.3171E+00  0.1366E+00  0.1088E-01  0.4942E-01  0.1428E+00  0.1097E+00  0.2875E-02  0.6093E-03
     -2.974  0.3948E-03  0.6166E-02  0.1809E-02  0.3990E-02  0.6300E-04  0.1353E-02  0.7479E-03  0.4792E-02  0.6624E-03  0.6378E-03  0.2785E+00  0.1107E+00  0.8734E-02  0.3737E-01  0.1137E+00  0.1288E+00  0.2379E-02  0.5087E-03
     -2.964  0.2891E-03  0.4688E-02  0.1441E-02  0.3049E-02  0.4650E-04  0.1024E-02  0.5935E-03  0.4231E-02  0.6467E-03  0.5634E-03  0.2260E+00  0.8521E-01  0.6760E-02  0.2867E-01  0.9213E-01  0.1143E+00  0.1835E-02  0.4110E-03
     -2.954  0.1304E-03  0.5324E-02  0.2792E-03  0.2699E-02  0.2285E-04  0.1153E-02  0.4349E-03  0.5433E-02  0.2730E-03  0.7305E-03  0.5201E-01  0.7606E-01  0.3440E-02  0.3269E-01  0.6906E-01  0.1472E+00  0.6160E-03  0.4053E-03
     -2.944  0.1497E-03  0.4032E-02  0.3337E-03  0.2475E-02  0.2681E-04  0.8724E-03  0.4943E-03  0.4859E-02  0.3424E-03  0.6451E-03  0.6280E-01  0.6991E-01  0.4090E-02  0.2488E-01  0.7950E-01  0.1320E+00  0.7503E-03  0.3578E-03
     -2.934  0.1675E-03  0.3155E-02  0.4008E-03  0.2266E-02  0.3068E-04  0.6816E-03  0.5419E-03  0.4401E-02  0.4386E-03  0.5817E-03  0.7581E-01  0.6419E-01  0.4783E-02  0.1961E-01  0.8863E-01  0.1198E+00  0.9451E-03  0.3219E-03
     -2.924  0.1866E-03  0.2421E-02  0.4757E-03  0.2071E-02  0.3480E-04  0.5222E-03  0.5945E-03  0.3926E-02  0.5498E-03  0.5314E-03  0.9030E-01  0.5886E-01  0.5528E-02  0.1529E-01  0.9879E-01  0.1072E+00  0.1159E-02  0.2962E-03
     -2.914  0.2074E-03  0.1742E-02  0.5546E-03  0.1672E-02  0.3923E-04  0.3739E-03  0.6505E-03  0.3327E-02  0.6695E-03  0.4740E-03  0.1056E+00  0.4779E-01  0.6326E-02  0.1130E-01  0.1096E+00  0.9116E-01  0.1377E-02  0.2489E-03
     -2.904  0.2378E-03  0.4083E-03  0.6559E-03  0.1591E-03  0.4527E-04  0.8980E-04  0.7522E-03  0.1875E-03  0.8329E-03  0.9991E-04  0.1248E+00  0.4622E-02  0.7423E-02  0.2980E-02  0.1284E+00  0.5222E-02  0.1679E-02  0.5877E-04
     -2.894  0.3072E-03  0.5588E-03  0.8076E-03  0.2133E-03  0.5798E-04  0.1228E-03  0.1224E-02  0.2551E-03  0.1223E-02  0.1354E-03  0.1527E+00  0.6201E-02  0.1004E-01  0.4071E-02  0.2129E+00  0.7105E-02  0.2600E-02  0.8005E-04
     -2.884  0.2984E-03  0.7928E-03  0.7778E-03  0.2921E-03  0.5892E-04  0.1736E-03  0.1894E-02  0.3957E-03  0.1587E-02  0.1811E-03  0.1493E+00  0.8501E-02  0.1083E-01  0.5744E-02  0.3377E+00  0.1101E-01  0.3415E-02  0.1121E-03
     -2.874  0.2585E-03  0.1670E-02  0.6997E-03  0.5523E-03  0.5369E-04  0.3651E-03  0.1720E-02  0.9411E-03  0.1514E-02  0.3529E-03  0.1366E+00  0.1608E-01  0.1012E-01  0.1220E-01  0.3099E+00  0.2612E-01  0.3218E-02  0.2434E-03
     -2.864  0.2320E-03  0.1388E-02  0.6518E-03  0.4408E-03  0.4999E-04  0.3030E-03  0.1597E-02  0.8938E-03  0.1479E-02  0.2893E-03  0.1289E+00  0.1294E-01  0.9621E-02  0.1028E-01  0.2907E+00  0.2493E-01  0.3163E-02  0.1707E-03
     -2.854  0.2103E-03  0.1481E-02  0.6128E-03  0.4699E-03  0.4663E-04  0.3241E-03  0.1494E-02  0.9379E-03  0.1454E-02  0.3235E-03  0.1226E+00  0.1384E-01  0.9146E-02  0.1110E-01  0.2749E+00  0.2624E-01  0.3180E-02  0.1823E-03
     -2.844  0.1874E-03  0.1575E-02  0.5690E-03  0.5000E-03  0.4286E-04  0.3457E-03  0.1392E-02  0.9860E-03  0.1420E-02  0.3577E-03  0.1154E+00  0.1477E-01  0.8585E-02  0.1194E-01  0.2593E+00  0.2768E-01  0.3188E-02  0.1935E-03
     -2.834  0.1736E-03  0.1857E-02  0.5810E-03  0.6738E-03  0.4157E-04  0.4100E-03  0.1304E-02  0.1108E-02  0.1431E-02  0.4918E-03  0.1195E+00  0.2002E-01  0.8434E-02  0.1443E-01  0.2465E+00  0.3123E-01  0.3268E-02  0.2108E-03
     -2.824  0.1652E-03  0.1795E-02  0.6096E-03  0.6899E-03  0.4156E-04  0.3976E-03  0.1238E-02  0.1122E-02  0.1499E-02  0.4947E-03  0.1269E+00  0.2056E-01  0.8524E-02  0.1419E-01  0.2383E+00  0.3171E-01  0.3389E-02  0.2135E-03
     -2.814  0.1600E-03  0.1622E-02  0.6464E-03  0.6561E-03  0.4226E-04  0.3600E-03  0.1189E-02  0.1108E-02  0.1620E-02  0.4529E-03  0.1361E+00  0.1962E-01  0.8758E-02  0.1303E-01  0.2338E+00  0.3141E-01  0.3556E-02  0.2104E-03
     -2.804  0.1603E-03  0.1507E-02  0.1013E-02  0.6422E-03  0.4563E-04  0.3347E-03  0.1280E-02  0.1116E-02  0.1994E-02  0.4384E-03  0.2190E+00  0.1926E-01  0.9357E-02  0.1225E-01  0.2605E+00  0.3174E-01  0.4234E-02  0.2082E-03
     -2.794  0.1726E-03  0.1438E-02  0.1667E-02  0.6072E-03  0.5539E-04  0.3203E-03  0.1520E-02  0.1163E-02  0.2749E-02  0.4302E-03  0.3662E+00  0.1830E-01  0.1147E-01  0.1198E-01  0.3222E+00  0.3330E-01  0.5989E-02  0.2106E-03
     -2.784  0.1770E-03  0.1382E-02  0.2361E-02  0.5753E-03  0.6261E-04  0.3085E-03  0.1692E-02  0.1414E-02  0.3466E-02  0.4307E-03  0.5248E+00  0.1742E-01  0.1265E-01  0.1179E-01  0.3689E+00  0.4095E-01  0.7442E-02  0.2129E-03
     -2.774  0.2213E-03  0.1330E-02  0.7271E-02  0.5455E-03  0.1157E-03  0.2972E-03  0.3840E-02  0.1846E-02  0.8907E-02  0.4383E-03  0.1638E+01  0.1659E-01  0.2019E-01  0.1161E-01  0.8823E+00  0.5400E-01  0.1227E-01  0.2139E-03
     -2.764  0.1976E-03  0.1274E-02  0.4448E-02  0.5366E-03  0.9527E-04  0.2855E-03  0.3191E-02  0.2195E-02  0.7016E-02  0.4440E-03  0.1020E+01  0.1639E-01  0.1851E-01  0.1138E-01  0.7424E+00  0.6459E-01  0.1087E-01  0.2204E-03
     -2.754  0.2399E-03  0.1280E-02  0.5556E-02  0.6863E-03  0.1196E-03  0.2899E-03  0.3365E-02  0.2604E-02  0.7562E-02  0.4857E-03  0.1282E+01  0.2116E-01  0.2307E-01  0.1196E-01  0.7883E+00  0.7707E-01  0.1327E-01  0.2953E-03
     -2.744  0.2194E-03  0.1246E-02  0.6185E-02  0.7925E-03  0.1254E-03  0.2857E-03  0.2956E-02  0.2751E-02  0.7350E-02  0.5036E-03  0.1443E+01  0.2466E-01  0.2417E-01  0.1222E-01  0.6958E+00  0.8188E-01  0.1524E-01  0.3484E-03
     -2.734  0.1695E-03  0.1122E-02  0.4626E-02  0.7795E-03  0.9630E-04  0.2599E-03  0.2334E-02  0.2598E-02  0.6431E-02  0.4785E-03  0.1091E+01  0.2451E-01  0.1928E-01  0.1151E-01  0.5518E+00  0.7783E-01  0.1328E-01  0.3467E-03
     -2.724  0.1802E-03  0.1026E-02  0.4401E-02  0.7543E-03  0.8842E-04  0.2396E-03  0.5624E-02  0.2433E-02  0.7037E-02  0.4462E-03  0.1057E+01  0.2393E-01  0.1905E-01  0.1089E-01  0.1360E+01  0.7319E-01  0.1910E-01  0.3385E-03
     -2.714  0.1203E-03  0.9182E-03  0.2878E-02  0.7775E-03  0.5860E-04  0.2163E-03  0.2450E-02  0.2238E-02  0.5677E-02  0.4278E-03  0.7044E+00  0.2506E-01  0.1263E-01  0.1028E-01  0.5969E+00  0.6771E-01  0.1213E-01  0.3446E-03
     -2.704  0.8634E-04  0.8180E-03  0.1899E-02  0.7876E-03  0.3809E-04  0.1939E-03  0.1986E-02  0.1821E-02  0.5158E-02  0.4117E-03  0.4776E+00  0.2559E-01  0.8792E-02  0.9455E-02  0.4927E+00  0.5540E-01  0.1041E-01  0.3392E-03
     -2.694  0.5933E-04  0.7438E-03  0.1211E-02  0.8079E-03  0.2365E-04  0.1775E-03  0.1510E-02  0.1275E-02  0.4623E-02  0.4132E-03  0.3146E+00  0.2646E-01  0.6029E-02  0.8823E-02  0.3845E+00  0.3920E-01  0.9005E-02  0.3500E-03
     -2.684  0.4958E-04  0.6882E-03  0.9233E-03  0.8322E-03  0.1835E-04  0.1649E-03  0.1257E-02  0.1007E-02  0.4660E-02  0.4512E-03  0.2474E+00  0.2747E-01  0.5082E-02  0.8314E-02  0.3273E+00  0.3130E-01  0.8874E-02  0.3734E-03
     -2.674  0.4538E-04  0.6425E-03  0.8644E-03  0.8421E-03  0.1656E-04  0.1539E-03  0.1128E-02  0.1008E-02  0.4972E-02  0.5001E-03  0.2363E+00  0.2797E-01  0.4798E-02  0.7818E-02  0.2982E+00  0.3145E-01  0.9293E-02  0.3943E-03
     -2.664  0.4133E-04  0.5882E-03  0.8062E-03  0.8409E-03  0.1482E-04  0.1410E-03  0.1003E-02  0.9996E-03  0.5284E-02  0.5213E-03  0.2252E+00  0.2811E-01  0.4532E-02  0.7233E-02  0.2701E+00  0.3139E-01  0.9718E-02  0.3889E-03
     -2.654  0.3810E-04  0.5270E-03  0.7671E-03  0.8199E-03  0.1341E-04  0.1267E-03  0.8999E-03  0.9730E-03  0.5682E-02  0.5145E-03  0.2194E+00  0.2761E-01  0.4326E-02  0.6578E-02  0.2470E+00  0.3080E-01  0.1022E-01  0.3579E-03
     -2.644  0.3606E-04  0.4673E-03  0.7422E-03  0.8055E-03  0.1224E-04  0.1127E-03  0.8264E-03  0.9607E-03  0.6163E-02  0.5111E-03  0.2174E+00  0.2732E-01  0.4194E-02  0.5929E-02  0.2319E+00  0.3066E-01  0.1085E-01  0.3300E-03
     -2.634  0.3524E-04  0.4260E-03  0.7263E-03  0.9077E-03  0.1143E-04  0.1028E-03  0.7644E-03  0.1049E-02  0.6599E-02  0.5658E-03  0.2174E+00  0.3099E-01  0.4113E-02  0.5469E-02  0.2189E+00  0.3376E-01  0.1142E-01  0.3475E-03
     -2.624  0.5016E-04  0.3869E-03  0.1290E-02  0.1025E-02  0.2686E-04  0.9333E-04  0.8814E-03  0.1169E-02  0.1082E-01  0.6324E-03  0.4074E+00  0.3522E-01  0.1258E-01  0.5034E-02  0.2649E+00  0.3785E-01  0.2483E-01  0.3659E-03
     -2.614  0.6379E-04  0.3590E-03  0.1472E-02  0.1185E-02  0.3336E-04  0.8643E-04  0.9193E-03  0.1366E-02  0.1289E-01  0.7368E-03  0.4736E+00  0.4091E-01  0.1760E-01  0.4752E-02  0.2863E+00  0.4451E-01  0.3141E-01  0.3903E-03
     -2.604  0.6760E-04  0.3313E-03  0.1251E-02  0.1355E-02  0.2643E-04  0.7951E-04  0.7899E-03  0.1573E-02  0.1288E-01  0.8405E-03  0.4066E+00  0.4698E-01  0.1400E-01  0.4466E-02  0.2527E+00  0.5148E-01  0.3089E-01  0.4128E-03
     -2.594  0.7210E-04  0.3572E-03  0.1029E-02  0.1596E-02  0.1890E-04  0.8535E-04  0.6752E-03  0.1846E-02  0.1308E-01  0.9639E-03  0.3387E+00  0.5545E-01  0.9915E-02  0.4858E-02  0.2240E+00  0.6054E-01  0.3061E-01  0.4555E-03
     -2.584  0.7927E-04  0.4189E-03  0.8840E-03  0.1974E-02  0.1455E-04  0.1000E-03  0.6166E-03  0.2261E-02  0.1423E-01  0.1149E-02  0.2966E+00  0.6882E-01  0.7822E-02  0.5825E-02  0.2109E+00  0.7446E-01  0.3357E-01  0.5125E-03
     -2.574  0.8853E-04  0.4553E-03  0.8244E-03  0.2327E-02  0.1356E-04  0.1085E-03  0.5877E-03  0.3070E-02  0.1593E-01  0.1476E-02  0.2827E+00  0.8148E-01  0.7798E-02  0.6560E-02  0.2064E+00  0.1019E+00  0.3880E-01  0.5850E-03
     -2.564  0.1014E-03  0.5333E-03  0.7706E-03  0.2642E-02  0.1271E-04  0.1270E-03  0.5611E-03  0.3824E-02  0.1819E-01  0.1739E-02  0.2699E+00  0.9284E-01  0.7808E-02  0.7740E-02  0.2027E+00  0.1275E+00  0.4511E-01  0.6231E-03
     -2.554  0.1211E-03  0.5292E-03  0.7580E-03  0.2200E-02  0.1217E-04  0.1276E-03  0.5568E-03  0.3894E-02  0.2100E-01  0.1943E-02  0.2727E+00  0.7805E-01  0.7957E-02  0.7886E-02  0.2082E+00  0.1304E+00  0.5348E-01  0.5173E-03
     -2.544  0.1433E-03  0.5597E-03  0.7491E-03  0.2512E-02  0.1175E-04  0.1344E-03  0.5634E-03  0.4466E-02  0.2404E-01  0.2178E-02  0.2764E+00  0.8950E-01  0.8172E-02  0.8323E-02  0.2175E+00  0.1500E+00  0.6249E-01  0.5758E-03
     -2.534  0.1713E-03  0.5623E-03  0.7538E-03  0.2793E-02  0.1163E-04  0.1347E-03  0.5943E-03  0.4802E-02  0.2751E-01  0.2435E-02  0.2851E+00  0.9999E-01  0.8626E-02  0.8405E-02  0.2356E+00  0.1618E+00  0.7268E-01  0.6428E-03
     -2.524  0.1865E-03  0.5519E-03  0.7358E-03  0.3050E-02  0.1136E-04  0.1331E-03  0.5867E-03  0.5741E-02  0.2761E-01  0.2757E-02  0.2853E+00  0.1095E+00  0.9068E-02  0.8440E-02  0.2379E+00  0.1939E+00  0.7396E-01  0.7387E-03
     -2.514  0.1900E-03  0.4498E-03  0.7001E-03  0.3363E-02  0.1088E-04  0.1101E-03  0.5469E-03  0.5306E-02  0.2481E-01  0.2929E-02  0.2785E+00  0.1214E+00  0.9494E-02  0.7302E-02  0.2275E+00  0.1801E+00  0.6666E-01  0.8268E-03
     -2.504  0.2283E-03  0.3651E-03  0.6537E-03  0.3480E-02  0.1030E-04  0.8967E-04  0.5145E-03  0.3278E-02  0.2235E-01  0.2768E-02  0.2698E+00  0.1262E+00  0.9895E-02  0.6198E-02  0.2217E+00  0.1118E+00  0.6651E-01  0.7641E-03
     -2.494  0.2526E-03  0.3277E-03  0.6503E-03  0.4261E-02  0.1031E-04  0.8022E-04  0.5021E-03  0.3107E-02  0.2252E-01  0.3025E-02  0.2763E+00  0.1555E+00  0.1055E-01  0.5829E-02  0.2229E+00  0.1064E+00  0.6779E-01  0.8347E-03
     -2.484  0.2871E-03  0.3412E-03  0.6623E-03  0.5145E-02  0.1048E-04  0.8261E-04  0.5016E-03  0.2984E-02  0.2523E-01  0.3381E-02  0.2903E+00  0.1885E+00  0.1133E-01  0.6122E-02  0.2301E+00  0.1026E+00  0.7474E-01  0.9279E-03
     -2.474  0.3230E-03  0.4374E-03  0.6732E-03  0.8911E-02  0.1070E-04  0.1020E-03  0.5021E-03  0.3115E-02  0.2803E-01  0.4425E-02  0.3046E+00  0.3272E+00  0.1214E-01  0.7742E-02  0.2377E+00  0.1074E+00  0.8210E-01  0.1440E-02
     -2.464  0.3742E-03  0.3733E-03  0.6834E-03  0.7576E-02  0.1129E-04  0.8744E-04  0.5529E-03  0.2660E-02  0.3209E-01  0.4243E-02  0.3198E+00  0.2791E+00  0.1350E-01  0.6757E-02  0.2683E+00  0.9217E-01  0.9307E-01  0.1164E-02
     -2.454  0.4411E-03  0.2556E-03  0.6905E-03  0.4406E-02  0.1245E-04  0.6020E-04  0.6206E-03  0.2176E-02  0.3848E-01  0.3508E-02  0.3410E+00  0.1634E+00  0.1579E-01  0.4700E-02  0.3100E+00  0.7598E-01  0.1072E+00  0.7245E-03
     -2.444  0.4031E-03  0.2781E-03  0.5028E-03  0.5315E-02  0.9965E-05  0.6918E-04  0.5696E-03  0.3163E-02  0.3272E-01  0.1075E-01  0.2668E+00  0.1986E+00  0.1356E-01  0.5757E-02  0.2997E+00  0.1114E+00  0.8861E-01  0.1603E-02
     -2.434  0.3727E-03  0.2723E-03  0.3617E-03  0.4309E-02  0.7543E-05  0.7317E-04  0.5027E-03  0.3646E-02  0.2584E-01  0.1104E-01  0.2103E+00  0.1613E+00  0.1104E-01  0.6498E-02  0.2767E+00  0.1287E+00  0.7325E-01  0.1565E-02
     -2.424  0.3656E-03  0.2404E-03  0.3208E-03  0.2488E-02  0.6958E-05  0.7032E-04  0.4648E-03  0.2911E-02  0.2450E-01  0.7632E-02  0.1991E+00  0.9346E-01  0.1003E-01  0.6732E-02  0.2654E+00  0.1031E+00  0.7304E-01  0.1061E-02
     -2.414  0.3877E-03  0.2682E-03  0.3209E-03  0.2510E-02  0.7266E-05  0.8162E-04  0.4537E-03  0.2896E-02  0.2350E-01  0.8792E-02  0.2077E+00  0.9466E-01  0.9551E-02  0.8121E-02  0.2679E+00  0.1032E+00  0.8173E-01  0.1330E-02
     -2.404  0.4369E-03  0.2899E-03  0.3551E-03  0.2479E-02  0.8124E-05  0.9002E-04  0.4653E-03  0.2724E-02  0.2393E-01  0.9360E-02  0.2396E+00  0.9397E-01  0.9930E-02  0.9163E-02  0.2864E+00  0.9768E-01  0.9728E-01  0.1605E-02
     -2.394  0.4836E-03  0.2872E-03  0.3880E-03  0.2362E-02  0.8975E-05  0.8693E-04  0.4798E-03  0.2225E-02  0.2414E-01  0.8339E-02  0.2714E+00  0.9010E-01  0.1026E-01  0.8829E-02  0.3073E+00  0.8051E-01  0.1140E+00  0.1911E-02
     -2.384  0.9323E-03  0.3099E-03  0.5348E-03  0.2255E-02  0.1336E-04  0.9204E-04  0.6699E-03  0.1925E-02  0.3218E-01  0.8236E-02  0.4067E+00  0.8670E-01  0.1417E-01  0.9280E-02  0.4685E+00  0.7020E-01  0.2277E+00  0.2165E-02
     -2.374  0.8686E-03  0.2952E-03  0.4946E-03  0.2154E-02  0.1342E-04  0.8893E-04  0.5753E-03  0.1588E-02  0.3146E-01  0.7563E-02  0.3792E+00  0.8340E-01  0.1188E-01  0.9127E-02  0.4061E+00  0.5838E-01  0.2367E+00  0.1965E-02
     -2.364  0.1206E-02  0.1919E-03  0.6302E-03  0.1570E-02  0.1927E-04  0.5982E-04  0.6635E-03  0.1145E-02  0.6334E-01  0.4381E-02  0.4872E+00  0.6104E-01  0.1788E-01  0.6523E-02  0.4839E+00  0.4257E-01  0.3607E+00  0.1322E-02
     -2.354  0.5957E-03  0.1566E-03  0.2806E-03  0.1766E-02  0.9322E-05  0.4882E-04  0.3986E-03  0.1723E-02  0.2195E-01  0.3657E-02  0.2196E+00  0.6965E-01  0.6219E-02  0.5692E-02  0.2847E+00  0.6514E-01  0.1744E+00  0.2202E-02
     -2.344  0.4594E-03  0.1193E-03  0.1488E-03  0.1533E-02  0.5209E-05  0.3552E-04  0.3066E-03  0.1170E-02  0.1906E-01  0.2291E-02  0.1246E+00  0.6079E-01  0.3231E-02  0.4430E-02  0.2310E+00  0.4461E-01  0.1481E+00  0.2278E-02
     -2.334  0.3227E-03  0.1158E-03  0.1131E-03  0.1527E-02  0.3124E-05  0.3406E-04  0.2422E-03  0.1070E-02  0.1876E-01  0.2242E-02  0.1024E+00  0.6102E-01  0.2583E-02  0.4491E-02  0.1947E+00  0.4113E-01  0.1186E+00  0.2532E-02
     -2.324  0.3772E-03  0.1250E-03  0.1183E-03  0.1599E-02  0.3605E-05  0.3687E-04  0.2242E-03  0.1153E-02  0.2209E-01  0.2679E-02  0.1157E+00  0.6440E-01  0.2646E-02  0.5045E-02  0.1895E+00  0.4454E-01  0.1460E+00  0.3023E-02
     -2.314  0.6238E-03  0.1334E-03  0.1968E-03  0.1638E-02  0.5369E-05  0.3945E-04  0.2707E-03  0.1230E-02  0.3520E-01  0.3107E-02  0.2105E+00  0.6643E-01  0.4370E-02  0.5583E-02  0.2403E+00  0.4772E-01  0.2121E+00  0.3541E-02
     -2.304  0.1081E-02  0.1813E-03  0.3397E-03  0.9321E-02  0.8582E-05  0.4439E-04  0.3471E-03  0.1477E-02  0.5932E-01  0.8760E-02  0.3818E+00  0.3837E+00  0.7480E-02  0.6636E-02  0.3258E+00  0.5809E-01  0.3310E+00  0.4173E-02
     -2.294  0.1021E-02  0.1815E-03  0.3617E-03  0.9351E-02  0.9455E-05  0.3917E-04  0.3429E-03  0.1268E-02  0.4997E-01  0.8568E-02  0.4194E+00  0.3868E+00  0.6866E-02  0.5789E-02  0.3319E+00  0.5023E-01  0.3340E+00  0.4257E-02
     -2.284  0.1538E-02  0.1987E-03  0.4593E-03  0.5571E-02  0.1544E-04  0.4843E-04  0.3680E-03  0.1768E-02  0.5408E-01  0.7593E-02  0.5476E+00  0.2323E+00  0.8228E-02  0.7130E-02  0.3769E+00  0.7066E-01  0.4383E+00  0.5511E-02
     -2.274  0.2668E-02  0.1224E-03  0.6741E-03  0.4112E-02  0.2762E-04  0.2582E-04  0.3914E-03  0.1148E-02  0.5714E-01  0.4366E-02  0.8413E+00  0.1727E+00  0.1105E-01  0.4041E-02  0.4356E+00  0.4633E-01  0.6595E+00  0.4059E-02
     -2.264  0.1746E-02  0.1006E-03  0.6296E-03  0.3572E-02  0.1907E-04  0.1905E-04  0.3370E-03  0.9935E-03  0.5561E-01  0.3365E-02  0.8451E+00  0.1507E+00  0.7403E-02  0.3148E-02  0.3942E+00  0.4037E-01  0.6323E+00  0.3847E-02
     -2.254  0.7042E-03  0.8289E-04  0.2353E-03  0.3285E-02  0.6875E-05  0.1359E-04  0.2042E-03  0.9632E-03  0.4295E-01  0.2894E-02  0.3234E+00  0.1392E+00  0.3153E-02  0.2432E-02  0.2485E+00  0.3935E-01  0.3877E+00  0.3406E-02
     -2.244  0.6609E-03  0.7057E-04  0.4138E-04  0.3054E-02  0.4115E-05  0.9462E-05  0.1573E-03  0.9986E-03  0.4258E-01  0.2535E-02  0.6365E-01  0.1302E+00  0.1813E-02  0.1957E-02  0.2096E+00  0.4112E-01  0.3476E+00  0.3170E-02
     -2.234  0.2464E-02  0.7061E-04  0.2020E-03  0.2899E-02  0.1216E-04  0.9341E-05  0.2615E-03  0.1069E-02  0.2245E+00  0.2363E-02  0.3837E+00  0.1245E+00  0.4682E-02  0.2033E-02  0.4061E+00  0.4437E-01  0.1364E+01  0.3229E-02
     -2.224  0.4092E-02  0.8027E-04  0.3212E-03  0.2675E-02  0.1997E-04  0.1128E-04  0.4019E-03  0.1248E-02  0.4012E+00  0.2324E-02  0.6250E+00  0.1162E+00  0.8547E-02  0.2418E-02  0.6567E+00  0.5226E-01  0.2207E+01  0.3732E-02
     -2.214  0.3222E-02  0.9258E-04  0.2855E-03  0.2464E-02  0.2252E-04  0.1376E-04  0.4944E-03  0.1483E-02  0.3112E+00  0.2339E-02  0.5723E+00  0.1085E+00  0.8505E-02  0.2898E-02  0.8604E+00  0.6271E-01  0.1680E+01  0.4423E-02
     -2.204  0.3419E-02  0.9893E-04  0.1904E-03  0.2354E-02  0.2071E-04  0.1554E-04  0.3661E-03  0.1634E-02  0.2890E+00  0.2358E-02  0.4306E+00  0.1047E+00  0.6126E-02  0.3254E-02  0.7124E+00  0.6969E-01  0.1600E+01  0.4740E-02
     -2.194  0.3517E-02  0.1041E-03  0.1395E-03  0.2278E-02  0.2147E-04  0.1716E-04  0.3875E-03  0.1760E-02  0.2379E+00  0.2414E-02  0.3516E+00  0.1022E+00  0.6006E-02  0.3582E-02  0.7986E+00  0.7552E-01  0.1426E+01  0.4968E-02
     -2.184  0.2759E-02  0.1138E-03  0.1300E-03  0.2270E-02  0.1897E-04  0.1911E-04  0.3715E-03  0.1911E-02  0.1625E+00  0.2574E-02  0.3346E+00  0.1026E+00  0.4949E-02  0.3994E-02  0.7868E+00  0.8243E-01  0.1130E+01  0.5605E-02
     -2.174  0.2616E-02  0.1171E-03  0.1482E-03  0.2235E-02  0.2391E-04  0.1982E-04  0.2385E-03  0.1999E-02  0.1564E+00  0.2553E-02  0.3358E+00  0.1017E+00  0.3759E-02  0.4205E-02  0.5248E+00  0.8662E-01  0.1594E+01  0.5869E-02
     -2.164  0.2610E-02  0.1119E-03  0.1592E-03  0.2083E-02  0.2613E-04  0.1860E-04  0.2006E-03  0.1957E-02  0.1446E+00  0.2405E-02  0.3600E+00  0.9537E-01  0.3501E-02  0.3966E-02  0.4673E+00  0.8539E-01  0.1686E+01  0.5450E-02
     -2.154  0.2093E-02  0.1062E-03  0.1241E-03  0.1928E-02  0.1920E-04  0.1719E-04  0.1672E-03  0.1917E-02  0.1212E+00  0.2241E-02  0.3180E+00  0.8894E-01  0.3022E-02  0.3676E-02  0.4062E+00  0.8424E-01  0.1142E+01  0.4991E-02
     -2.144  0.1949E-02  0.1203E-03  0.1012E-03  0.1575E-02  0.1853E-04  0.1093E-04  0.1373E-03  0.2164E-02  0.1048E+00  0.2461E-02  0.2660E+00  0.7291E-01  0.2863E-02  0.2522E-02  0.3470E+00  0.9589E-01  0.9542E+00  0.5780E-02
     -2.134  0.1931E-02  0.2983E-03  0.7756E-04  0.5486E-02  0.1862E-04  0.2071E-04  0.1139E-03  0.1309E-01  0.8989E-01  0.6316E-02  0.2132E+00  0.2611E+00  0.3018E-02  0.3139E-02  0.2988E+00  0.5841E+00  0.7953E+00  0.1435E-01
     -2.124  0.2060E-02  0.2832E-03  0.7274E-04  0.5245E-02  0.1924E-04  0.2092E-04  0.1031E-03  0.1342E-01  0.8951E-01  0.6666E-02  0.2073E+00  0.2521E+00  0.3294E-02  0.3087E-02  0.2808E+00  0.6024E+00  0.7421E+00  0.1427E-01
     -2.114  0.2249E-02  0.2300E-03  0.7273E-04  0.3296E-02  0.2050E-04  0.1549E-04  0.9670E-04  0.8879E-02  0.9434E-01  0.5233E-02  0.2120E+00  0.1589E+00  0.3596E-02  0.2388E-02  0.2728E+00  0.3995E+00  0.7407E+00  0.1178E-01
     -2.104  0.2438E-02  0.1883E-03  0.7372E-04  0.1952E-02  0.2176E-04  0.1145E-04  0.9360E-04  0.5458E-02  0.1012E+00  0.4271E-02  0.2225E+00  0.9475E-01  0.3921E-02  0.1816E-02  0.2730E+00  0.2468E+00  0.7443E+00  0.9771E-02
     -2.094  0.2567E-02  0.1997E-03  0.7370E-04  0.1594E-02  0.2245E-04  0.1318E-04  0.8944E-04  0.4469E-02  0.1088E+00  0.5186E-02  0.2333E+00  0.7830E-01  0.4173E-02  0.2047E-02  0.2730E+00  0.2042E+00  0.7329E+00  0.8544E-02
     -2.084  0.2686E-02  0.2378E-03  0.7360E-04  0.1689E-02  0.2308E-04  0.1577E-04  0.8518E-04  0.4462E-02  0.1164E+00  0.6332E-02  0.2444E+00  0.8293E-01  0.4412E-02  0.2331E-02  0.2733E+00  0.2044E+00  0.7215E+00  0.8414E-02
     -2.074  0.3683E-02  0.3010E-03  0.7720E-04  0.1981E-02  0.2895E-04  0.2050E-04  0.6827E-04  0.4778E-02  0.1246E+00  0.7836E-02  0.2690E+00  0.9750E-01  0.5138E-02  0.3106E-02  0.2488E+00  0.2200E+00  0.8591E+00  0.9687E-02
     -2.064  0.2506E-02  0.4227E-03  0.5157E-04  0.2518E-02  0.1913E-04  0.2886E-04  0.5093E-04  0.5760E-02  0.9361E-01  0.1055E-01  0.1849E+00  0.1251E+00  0.3414E-02  0.4415E-02  0.1983E+00  0.2676E+00  0.6049E+00  0.1259E-01
     -2.054  0.1729E-02  0.3493E-03  0.3742E-04  0.2014E-02  0.1401E-04  0.2400E-04  0.4101E-04  0.3923E-02  0.8345E-01  0.1019E-01  0.1469E+00  0.1003E+00  0.1840E-02  0.2787E-02  0.1842E+00  0.1828E+00  0.4803E+00  0.6568E-02
     -2.044  0.1895E-02  0.3473E-03  0.4022E-04  0.1847E-02  0.1561E-04  0.2387E-04  0.4456E-04  0.3371E-02  0.1254E+00  0.1062E-01  0.1898E+00  0.9232E-01  0.1688E-02  0.2778E-02  0.2240E+00  0.1577E+00  0.6271E+00  0.5703E-02
     -2.034  0.2143E-02  0.3462E-03  0.4572E-04  0.1658E-02  0.1753E-04  0.2366E-04  0.5150E-04  0.2817E-02  0.1924E+00  0.1101E-01  0.2502E+00  0.8309E-01  0.1804E-02  0.2770E-02  0.2755E+00  0.1324E+00  0.8547E+00  0.4965E-02
     -2.024  0.1354E-02  0.3824E-03  0.2452E-04  0.1607E-02  0.9505E-05  0.2496E-04  0.2700E-04  0.2474E-02  0.1019E+00  0.1208E-01  0.1299E+00  0.8135E-01  0.1283E-02  0.2798E-02  0.1584E+00  0.1173E+00  0.4126E+00  0.4925E-02
     -2.014  0.1283E-02  0.4272E-03  0.2115E-04  0.1582E-02  0.8047E-05  0.2665E-04  0.2166E-04  0.2261E-02  0.9782E-01  0.1315E-01  0.1188E+00  0.8072E-01  0.1182E-02  0.2827E-02  0.1392E+00  0.1080E+00  0.4072E+00  0.4994E-02
     -2.004  0.1235E-02  0.4194E-03  0.1895E-04  0.1322E-02  0.7051E-05  0.2571E-04  0.1903E-04  0.2087E-02  0.9059E-01  0.1299E-01  0.1099E+00  0.6755E-01  0.1071E-02  0.2677E-02  0.1295E+00  0.1002E+00  0.3859E+00  0.4252E-02
     -1.994  0.1193E-02  0.4495E-03  0.1696E-04  0.1266E-02  0.6119E-05  0.2669E-04  0.1667E-04  0.1957E-02  0.8263E-01  0.1340E-01  0.1011E+00  0.6493E-01  0.9596E-03  0.2665E-02  0.1200E+00  0.9444E-01  0.3644E+00  0.3999E-02
     -1.984  0.2043E-02  0.6620E-03  0.1537E-04  0.1334E-02  0.7556E-05  0.3817E-04  0.1391E-04  0.2208E-02  0.1202E+00  0.1577E-01  0.1008E+00  0.6930E-01  0.1358E-02  0.3289E-02  0.1100E+00  0.1081E+00  0.3736E+00  0.6051E-02
     -1.974  0.2777E-02  0.1688E-02  0.6215E-05  0.2498E-02  0.8113E-05  0.9290E-04  0.2658E-05  0.3276E-02  0.1354E+00  0.2084E-01  0.5503E-01  0.1323E+00  0.1625E-02  0.5833E-02  0.2857E-01  0.1636E+00  0.1264E+00  0.1127E-01
     -1.964  0.5717E-02  0.2308E-02  0.2455E-04  0.3011E-02  0.1543E-04  0.1263E-03  0.6956E-05  0.3529E-02  0.3899E+00  0.2150E-01  0.1805E+00  0.1608E+00  0.4056E-02  0.6405E-02  0.6663E-01  0.1770E+00  0.5593E+00  0.1299E-01
     -1.954  0.7007E-02  0.2316E-02  0.5553E-04  0.3070E-02  0.2306E-04  0.1201E-03  0.1352E-04  0.3270E-02  0.6502E+00  0.2252E-01  0.2959E+00  0.1664E+00  0.6687E-02  0.5717E-02  0.1172E+00  0.1659E+00  0.1682E+01  0.1222E-01
     -1.944  0.5571E-02  0.2247E-02  0.3939E-04  0.2955E-02  0.1878E-04  0.1136E-03  0.1226E-04  0.2640E-02  0.4721E+00  0.2466E-01  0.2259E+00  0.1632E+00  0.5470E-02  0.4732E-02  0.1086E+00  0.1366E+00  0.1235E+01  0.9887E-02
     -1.934  0.4736E-02  0.2045E-02  0.3358E-04  0.2509E-02  0.1692E-04  0.1020E-03  0.1227E-04  0.2089E-02  0.3729E+00  0.2163E-01  0.1805E+00  0.1400E+00  0.4838E-02  0.4152E-02  0.1093E+00  0.1096E+00  0.1141E+01  0.8972E-02
     -1.924  0.6238E-02  0.2012E-02  0.3730E-04  0.2292E-02  0.2530E-04  0.9885E-04  0.1499E-04  0.2103E-02  0.4543E+00  0.1780E-01  0.1685E+00  0.1285E+00  0.8579E-02  0.4116E-02  0.1323E+00  0.1113E+00  0.1453E+01  0.9350E-02
     -1.914  0.8800E-02  0.2004E-02  0.4885E-04  0.2227E-02  0.3534E-04  0.9627E-04  0.2757E-04  0.2290E-02  0.5316E+00  0.1588E-01  0.2028E+00  0.1259E+00  0.8582E-02  0.4151E-02  0.2286E+00  0.1222E+00  0.2239E+01  0.1016E-01
     -1.904  0.5483E-02  0.2105E-02  0.2758E-04  0.2263E-02  0.2240E-04  0.9778E-04  0.2123E-04  0.2595E-02  0.2515E+00  0.1459E-01  0.1181E+00  0.1293E+00  0.7446E-02  0.4280E-02  0.1745E+00  0.1398E+00  0.1169E+01  0.1195E-01
     -1.894  0.3369E-02  0.3719E-02  0.1435E-04  0.2960E-02  0.1687E-04  0.1677E-03  0.5363E-05  0.3997E-02  0.1919E+00  0.3202E-01  0.5634E-01  0.1720E+00  0.7207E-02  0.6708E-02  0.4651E-01  0.2176E+00  0.6399E+00  0.1869E-01
     -1.884  0.3599E-02  0.1726E-02  0.1479E-04  0.2148E-02  0.1803E-04  0.8736E-04  0.5542E-05  0.3385E-02  0.1828E+00  0.8493E-02  0.5986E-01  0.1266E+00  0.7524E-02  0.5467E-02  0.4668E-01  0.1865E+00  0.6661E+00  0.1277E-01
     -1.874  0.5319E-02  0.1879E-02  0.2784E-04  0.2340E-02  0.2568E-04  0.1117E-03  0.1117E-04  0.3919E-02  0.2717E+00  0.1136E-01  0.1367E+00  0.1394E+00  0.1121E-01  0.1003E-01  0.8645E-01  0.2180E+00  0.1238E+01  0.1071E-01
     -1.864  0.9019E-02  0.1378E-02  0.4391E-04  0.2302E-02  0.4177E-04  0.7090E-04  0.1765E-04  0.4015E-02  0.3548E+00  0.1481E-01  0.1631E+00  0.1401E+00  0.1944E-01  0.5529E-02  0.1254E+00  0.2265E+00  0.2129E+01  0.1720E-01
     -1.854  0.1008E-01  0.7179E-03  0.6986E-04  0.7771E-03  0.4137E-04  0.2173E-04  0.2701E-04  0.1842E-02  0.5782E+00  0.1504E-01  0.2241E+00  0.4690E-01  0.2682E-01  0.6193E-04  0.1747E+00  0.1037E+00  0.3992E+01  0.2433E-01
     -1.844  0.8002E-02  0.6093E-03  0.3844E-04  0.2946E-02  0.3491E-04  0.1904E-04  0.1816E-04  0.2860E-02  0.1610E+00  0.1942E-01  0.8816E-01  0.1795E+00  0.1862E-01  0.1940E-03  0.1114E+00  0.1623E+00  0.1610E+01  0.1908E-01
     -1.834  0.9138E-02  0.4709E-03  0.3963E-04  0.4652E-02  0.3858E-04  0.1619E-04  0.1809E-04  0.3236E-02  0.1301E+00  0.1787E-01  0.8545E-01  0.2889E+00  0.2080E-01  0.1013E-02  0.1062E+00  0.1867E+00  0.1342E+01  0.1394E-01
     -1.824  0.4992E-02  0.7799E-03  0.1615E-04  0.5506E-02  0.2033E-04  0.3132E-04  0.1236E-04  0.5535E-02  0.7899E-01  0.2069E-01  0.5985E-01  0.3434E+00  0.9320E-02  0.2176E-02  0.6679E-01  0.3211E+00  0.4589E+00  0.1595E-01
     -1.814  0.1154E-01  0.9561E-03  0.3684E-04  0.9028E-02  0.3642E-04  0.3793E-04  0.3151E-04  0.1211E-01  0.2712E+00  0.2967E-01  0.1768E+00  0.5671E+00  0.9926E-02  0.3309E-02  0.1524E+00  0.7068E+00  0.6481E+00  0.2103E-01
     -1.804  0.7661E-02  0.1236E-02  0.2677E-04  0.1170E-01  0.2847E-04  0.4654E-04  0.1772E-04  0.1479E-01  0.2159E+00  0.3711E-01  0.1189E+00  0.7355E+00  0.8180E-02  0.2994E-02  0.8144E-01  0.8647E+00  0.6920E+00  0.3145E-01
     -1.794  0.9997E-02  0.7515E-03  0.3676E-04  0.6504E-02  0.3895E-04  0.2697E-04  0.2304E-04  0.7556E-02  0.2735E+00  0.2041E-01  0.1422E+00  0.4132E+00  0.9917E-02  0.2043E-02  0.8273E-01  0.4449E+00  0.1076E+01  0.2062E-01
     -1.784  0.6790E-02  0.4527E-03  0.2807E-04  0.4065E-02  0.2380E-04  0.1561E-04  0.1322E-04  0.3697E-02  0.3137E+00  0.1293E-01  0.9797E-01  0.2610E+00  0.5559E-02  0.1457E-02  0.4690E-01  0.2190E+00  0.8263E+00  0.1384E-01
     -1.774  0.9706E-02  0.3709E-03  0.3464E-04  0.2016E-02  0.2892E-04  0.1111E-04  0.2372E-04  0.3221E-02  0.3884E+00  0.1127E-01  0.1060E+00  0.1302E+00  0.4740E-02  0.8175E-03  0.6196E-01  0.1937E+00  0.1194E+01  0.1079E-01
     -1.764  0.1654E-01  0.6570E-03  0.5768E-04  0.7687E-02  0.4800E-04  0.2638E-04  0.2935E-04  0.5019E-02  0.6562E+00  0.3807E-01  0.1459E+00  0.5132E+00  0.7064E-02  0.3151E-02  0.6911E-01  0.3102E+00  0.2051E+01  0.4700E-01
     -1.754  0.2928E-01  0.1742E-02  0.1015E-03  0.2759E-01  0.8200E-04  0.5618E-04  0.4444E-04  0.1727E-01  0.1401E+01  0.1223E+00  0.2313E+00  0.1832E+01  0.1130E-01  0.5241E-02  0.9755E-01  0.1066E+01  0.4058E+01  0.7542E-01
     -1.744  0.6843E-02  0.1126E-02  0.5819E-04  0.9185E-02  0.1739E-04  0.3238E-04  0.2544E-04  0.1171E-01  0.2310E+00  0.8832E-01  0.1015E+00  0.6088E+00  0.4520E-02  0.3604E-02  0.5215E-01  0.7305E+00  0.5693E+00  0.5426E-01
     -1.733  0.6653E-02  0.6670E-03  0.6869E-04  0.2886E-02  0.1642E-04  0.1737E-04  0.2510E-04  0.5876E-02  0.2283E+00  0.9653E-01  0.1099E+00  0.1939E+00  0.4251E-02  0.3663E-02  0.4809E-01  0.3709E+00  0.5616E+00  0.5584E-01
     -1.723  0.7036E-02  0.9541E-03  0.7895E-04  0.2434E-02  0.1638E-04  0.1404E-04  0.2598E-04  0.7395E-02  0.2280E+00  0.1604E+00  0.1189E+00  0.1668E+00  0.4199E-02  0.5660E-02  0.4775E-01  0.4726E+00  0.5776E+00  0.7601E-01
     -1.713  0.7826E-02  0.9586E-04  0.9058E-04  0.1590E-02  0.1695E-04  0.1491E-05  0.2740E-04  0.1305E-02  0.2283E+00  0.4931E-02  0.1298E+00  0.1125E+00  0.4286E-02  0.9104E-03  0.4778E-01  0.8333E-01  0.6002E+00  0.8281E-02
     -1.703  0.8835E-02  0.4162E-03  0.1034E-03  0.2394E-02  0.1781E-04  0.4917E-05  0.2931E-04  0.2521E-02  0.2285E+00  0.1481E-01  0.1424E+00  0.1707E+00  0.4442E-02  0.1540E-02  0.4822E-01  0.1643E+00  0.6292E+00  0.1271E-01
     -1.693  0.9720E-02  0.8063E-03  0.1227E-03  0.3434E-02  0.1872E-04  0.9634E-05  0.3116E-04  0.4757E-02  0.2132E+00  0.2972E-01  0.1604E+00  0.2451E+00  0.4498E-02  0.2134E-02  0.4761E-01  0.3133E+00  0.6193E+00  0.2003E-01
     -1.683  0.1624E-01  0.1359E-02  0.1993E-03  0.4466E-02  0.3050E-04  0.1644E-04  0.5184E-04  0.8004E-02  0.3345E+00  0.4767E-01  0.2483E+00  0.3194E+00  0.7695E-02  0.2430E-02  0.7014E-01  0.5313E+00  0.9344E+00  0.2983E-01
     -1.673  0.2643E-01  0.1231E-02  0.3422E-03  0.3940E-02  0.4680E-04  0.1427E-04  0.9202E-04  0.8066E-02  0.4245E+00  0.3650E-01  0.3982E+00  0.2837E+00  0.1255E-01  0.1843E-02  0.1131E+00  0.5381E+00  0.1351E+01  0.2552E-01
     -1.663  0.2899E-01  0.5433E-03  0.3656E-03  0.2117E-02  0.4905E-04  0.6987E-05  0.9519E-04  0.2943E-02  0.3340E+00  0.2010E-01  0.4258E+00  0.1567E+00  0.1187E-01  0.9380E-03  0.1140E+00  0.1970E+00  0.1043E+01  0.1108E-01
     -1.653  0.2364E-01  0.5049E-03  0.3302E-03  0.2137E-02  0.3942E-04  0.6640E-05  0.8670E-04  0.3136E-02  0.2246E+00  0.2167E-01  0.3522E+00  0.1604E+00  0.8631E-02  0.1011E-02  0.8726E-01  0.2125E+00  0.7310E+00  0.1068E-01
     -1.643  0.2405E-01  0.5143E-03  0.3347E-03  0.2264E-02  0.3650E-04  0.6926E-05  0.7867E-04  0.3411E-02  0.1586E+00  0.2400E-01  0.3407E+00  0.1718E+00  0.8085E-02  0.1082E-02  0.6919E-01  0.2333E+00  0.5038E+00  0.1040E-01
     -1.633  0.2784E-01  0.5418E-03  0.3646E-03  0.2435E-02  0.3955E-04  0.7447E-05  0.8701E-04  0.3666E-02  0.1401E+00  0.2657E-01  0.3600E+00  0.1862E+00  0.8812E-02  0.1149E-02  0.7355E-01  0.2526E+00  0.4681E+00  0.1017E-01
     -1.623  0.3149E-01  0.6909E-03  0.4486E-03  0.2848E-02  0.4237E-04  0.9459E-05  0.9845E-04  0.4047E-02  0.1207E+00  0.3204E-01  0.4145E+00  0.2200E+00  0.9469E-02  0.1343E-02  0.7829E-01  0.2819E+00  0.3946E+00  0.1062E-01
     -1.613  0.3565E-01  0.1432E-02  0.6211E-03  0.3632E-02  0.4598E-04  0.2029E-04  0.1168E-03  0.5731E-02  0.1018E+00  0.4970E-01  0.5378E+00  0.2842E+00  0.1015E-01  0.2072E-02  0.8570E-01  0.4080E+00  0.3552E+00  0.1334E-01
     -1.603  0.4330E-01  0.2357E-02  0.4977E-03  0.4436E-02  0.4598E-04  0.3379E-04  0.1216E-03  0.7226E-02  0.8541E-01  0.6866E-01  0.4157E+00  0.3529E+00  0.1127E-01  0.2810E-02  0.8735E-01  0.5244E+00  0.3223E+00  0.1645E-01
     -1.593  0.5849E-01  0.2541E-02  0.2636E-03  0.4777E-02  0.4626E-04  0.3684E-04  0.1332E-03  0.7171E-02  0.7326E-01  0.6822E-01  0.2052E+00  0.3863E+00  0.1346E-01  0.2743E-02  0.9235E-01  0.5282E+00  0.3181E+00  0.1698E-01
     -1.583  0.8077E-01  0.1535E-02  0.1988E-03  0.3420E-02  0.6182E-04  0.2072E-04  0.1472E-03  0.3540E-02  0.7794E-01  0.4317E-01  0.1473E+00  0.2819E+00  0.1800E-01  0.1434E-02  0.1022E+00  0.2636E+00  0.4322E+00  0.8312E-02
     -1.573  0.1458E+00  0.1198E-02  0.2600E-03  0.2444E-02  0.1060E-03  0.1644E-04  0.1898E-03  0.2494E-02  0.1163E+00  0.2653E-01  0.1854E+00  0.2070E+00  0.3181E-01  0.1023E-02  0.1276E+00  0.1882E+00  0.7885E+00  0.5822E-02
     -1.563  0.1712E+00  0.1181E-02  0.2733E-03  0.2369E-02  0.1183E-03  0.1600E-04  0.2156E-03  0.2303E-02  0.1126E+00  0.2547E-01  0.1861E+00  0.2025E+00  0.3690E-01  0.9281E-03  0.1405E+00  0.1754E+00  0.7789E+00  0.5345E-02
     -1.553  0.1507E+00  0.1224E-02  0.2335E-03  0.2407E-02  0.9525E-04  0.1698E-04  0.2268E-03  0.2341E-02  0.9780E-01  0.2486E-01  0.1532E+00  0.2081E+00  0.3113E-01  0.8737E-03  0.1425E+00  0.1810E+00  0.6190E+00  0.7552E-02
     -1.543  0.1469E+00  0.1254E-02  0.2235E-03  0.2456E-02  0.8558E-04  0.1771E-04  0.2420E-03  0.2368E-02  0.8809E-01  0.2420E-01  0.1407E+00  0.2147E+00  0.2951E-01  0.8336E-03  0.1483E+00  0.1857E+00  0.5101E+00  0.9618E-02
     -1.533  0.1544E+00  0.1379E-02  0.2302E-03  0.2573E-02  0.8517E-04  0.1932E-04  0.2615E-03  0.2375E-02  0.8235E-01  0.2484E-01  0.1405E+00  0.2278E+00  0.3061E-01  0.8626E-03  0.1577E+00  0.1889E+00  0.4398E+00  0.1226E-01
     -1.523  0.1934E+00  0.1917E-02  0.2218E-03  0.2883E-02  0.7590E-04  0.2633E-04  0.2616E-03  0.2435E-02  0.6836E-01  0.4387E-01  0.1276E+00  0.2584E+00  0.3391E-01  0.9250E-03  0.1537E+00  0.1965E+00  0.3126E+00  0.1495E-01
     -1.513  0.3443E+00  0.2512E-02  0.1855E-03  0.3243E-02  0.7388E-04  0.3407E-04  0.2546E-03  0.2515E-02  0.5163E-01  0.6511E-01  0.9772E-01  0.2936E+00  0.5027E-01  0.9993E-03  0.1432E+00  0.2058E+00  0.1732E+00  0.1753E-01
     -1.503  0.3831E+00  0.3204E-02  0.1719E-03  0.3994E-02  0.7264E-04  0.4358E-04  0.2603E-03  0.2989E-02  0.4799E-01  0.8151E-01  0.8919E-01  0.3652E+00  0.5412E-01  0.1166E-02  0.1436E+00  0.2468E+00  0.1437E+00  0.2222E-01
     -1.493  0.4183E+00  0.4096E-02  0.1579E-03  0.4877E-02  0.7115E-04  0.5612E-04  0.2652E-03  0.3850E-02  0.4457E-01  0.9037E-01  0.8092E-01  0.4502E+00  0.5754E-01  0.1409E-02  0.1435E+00  0.3198E+00  0.1169E+00  0.2953E-01
     -1.483  0.5607E+00  0.3270E-02  0.1523E-03  0.4092E-02  0.8061E-04  0.4446E-04  0.2875E-03  0.3392E-02  0.4174E-01  0.5963E-01  0.7552E-01  0.3851E+00  0.7433E-01  0.1136E-02  0.1506E+00  0.2855E+00  0.8654E-01  0.2557E-01
     -1.473  0.6775E+00  0.1697E-02  0.1388E-03  0.2563E-02  0.8810E-04  0.2157E-04  0.2798E-03  0.1711E-02  0.3497E-01  0.2959E-01  0.6667E-01  0.2464E+00  0.8787E-01  0.6917E-03  0.1423E+00  0.1463E+00  0.7519E-01  0.1032E-01
     -1.463  0.9351E+00  0.1664E-02  0.1547E-03  0.2487E-02  0.1141E-03  0.2085E-04  0.2304E-03  0.1588E-02  0.7296E-01  0.2715E-01  0.6930E-01  0.2413E+00  0.1200E+00  0.6653E-03  0.1163E+00  0.1373E+00  0.7491E-01  0.9200E-02
     -1.453  0.1254E+01  0.1660E-02  0.1832E-03  0.2428E-02  0.1470E-03  0.2050E-04  0.1871E-03  0.1491E-02  0.1084E+00  0.2578E-01  0.7503E-01  0.2375E+00  0.1603E+00  0.6460E-03  0.9343E-01  0.1303E+00  0.7650E-01  0.8221E-02
     -1.443  0.2165E+01  0.1664E-02  0.4058E-03  0.2413E-02  0.2450E-03  0.2040E-04  0.1539E-03  0.1453E-02  0.1601E+00  0.2455E-01  0.1342E+00  0.2383E+00  0.2785E+00  0.6306E-03  0.7683E-01  0.1281E+00  0.9097E-01  0.7806E-02
     -1.433  0.2282E+01  0.1674E-02  0.2666E-03  0.2545E-02  0.2320E-03  0.2035E-04  0.1043E-03  0.1433E-02  0.1192E+00  0.2343E-01  0.9353E-01  0.2561E+00  0.2853E+00  0.6327E-03  0.5098E-01  0.1276E+00  0.8615E-01  0.7371E-02
     -1.423  0.1330E+02  0.1741E-02  0.3479E-03  0.2615E-02  0.1226E-02  0.2082E-04  0.1944E-03  0.1405E-02  0.1420E+00  0.2241E-01  0.9432E-01  0.2677E+00  0.1628E+01  0.6263E-03  0.8205E-01  0.1265E+00  0.2805E+00  0.6999E-02
     -1.413  0.2864E+01  0.2033E-02  0.2127E-03  0.2704E-02  0.2316E-03  0.2337E-04  0.9752E-03  0.1383E-02  0.8343E-01  0.2228E-01  0.1075E+00  0.2816E+00  0.3399E+00  0.6257E-03  0.3434E+00  0.1260E+00  0.1127E+00  0.6793E-02
     -1.403  0.9866E+00  0.2327E-02  0.9391E-04  0.2741E-02  0.7563E-04  0.2592E-04  0.1364E-03  0.1355E-02  0.2936E-01  0.2211E-01  0.3307E-01  0.2895E+00  0.1156E+00  0.6210E-03  0.4015E-01  0.1248E+00  0.4322E-01  0.6587E-02
     -1.393  0.1026E+01  0.2605E-02  0.1258E-03  0.2611E-02  0.7120E-04  0.2831E-04  0.1652E-03  0.1309E-02  0.4349E-01  0.2190E-01  0.4267E-01  0.2778E+00  0.1175E+00  0.6000E-03  0.4752E-01  0.1218E+00  0.5316E-01  0.6386E-02
     -1.383  0.9761E+00  0.2895E-02  0.2344E-03  0.2479E-02  0.6312E-04  0.3080E-04  0.1872E-03  0.1263E-02  0.5801E-01  0.2171E-01  0.8192E-01  0.2656E+00  0.1088E+00  0.5794E-03  0.5236E-01  0.1189E+00  0.6540E-01  0.6185E-02
     -1.373  0.8632E+00  0.3266E-02  0.2909E-03  0.2186E-02  0.5522E-04  0.3366E-04  0.2060E-03  0.1188E-02  0.7030E-01  0.2065E-01  0.9854E-01  0.2382E+00  0.9516E-01  0.5244E-03  0.5598E-01  0.1139E+00  0.6668E-01  0.5289E-02
     -1.363  0.7496E+00  0.3623E-02  0.3159E-03  0.1929E-02  0.4838E-04  0.3655E-04  0.2269E-03  0.1153E-02  0.8424E-01  0.1964E-01  0.1030E+00  0.2149E+00  0.8221E-01  0.4669E-03  0.6007E-01  0.1152E+00  0.6478E-01  0.4739E-02
     -1.353  0.6360E+00  0.3851E-02  0.2801E-03  0.1732E-02  0.4210E-04  0.3812E-04  0.2352E-03  0.1079E-02  0.9111E-01  0.1815E-01  0.8862E-01  0.1954E+00  0.6992E-01  0.4163E-03  0.6143E-01  0.1111E+00  0.5932E-01  0.4443E-02
     -1.343  0.5279E+00  0.4154E-02  0.2332E-03  0.1559E-02  0.3617E-04  0.4048E-04  0.2376E-03  0.1000E-02  0.9531E-01  0.1791E-01  0.7129E-01  0.1779E+00  0.5833E-01  0.3782E-03  0.6142E-01  0.1042E+00  0.5365E-01  0.4250E-02
     -1.333  0.4261E+00  0.4478E-02  0.1866E-03  0.1396E-02  0.3052E-04  0.4313E-04  0.2366E-03  0.9239E-03  0.9848E-01  0.1782E-01  0.5452E-01  0.1611E+00  0.4739E-01  0.3546E-03  0.6060E-01  0.9725E-01  0.4846E-01  0.4203E-02
     -1.323  0.3153E+00  0.4815E-02  0.1445E-03  0.1234E-02  0.2412E-04  0.4590E-04  0.2231E-03  0.8476E-03  0.1141E+00  0.1777E-01  0.3905E-01  0.1442E+00  0.3531E-01  0.3319E-03  0.5610E-01  0.9028E-01  0.4908E-01  0.4157E-02
     -1.313  0.2202E+00  0.6194E-02  0.1830E-03  0.1367E-02  0.1801E-04  0.5824E-04  0.3575E-03  0.7814E-03  0.1611E+00  0.1700E-01  0.4851E-01  0.1650E+00  0.2358E-01  0.3984E-03  0.9140E-01  0.8426E-01  0.8849E-01  0.4264E-02
     -1.303  0.1678E+00  0.7160E-02  0.1453E-03  0.1396E-02  0.1276E-04  0.6618E-04  0.2253E-03  0.7306E-03  0.1675E+00  0.1684E-01  0.3774E-01  0.1711E+00  0.1786E-01  0.4099E-03  0.5520E-01  0.7974E-01  0.6601E-01  0.4319E-02
     -1.293  0.1510E+00  0.8162E-02  0.1362E-03  0.1426E-02  0.1148E-04  0.7441E-04  0.1851E-03  0.6799E-03  0.1733E+00  0.1668E-01  0.3459E-01  0.1772E+00  0.1599E-01  0.4212E-03  0.4374E-01  0.7521E-01  0.5848E-01  0.4378E-02
     -1.283  0.1393E+00  0.9240E-02  0.1690E-03  0.1484E-02  0.1161E-04  0.8329E-04  0.1930E-03  0.7509E-03  0.1978E+00  0.1724E-01  0.3990E-01  0.1874E+00  0.1460E-01  0.4369E-03  0.4457E-01  0.8501E-01  0.6121E-01  0.4767E-02
     -1.273  0.1232E+00  0.1042E-01  0.2285E-03  0.1556E-02  0.1196E-04  0.9308E-04  0.2045E-03  0.8548E-03  0.2381E+00  0.1852E-01  0.5014E-01  0.1999E+00  0.1265E-01  0.4541E-03  0.4627E-01  0.9892E-01  0.6859E-01  0.5210E-02
     -1.263  0.1062E+00  0.1174E-01  0.2655E-03  0.1532E-02  0.1189E-04  0.1037E-03  0.1995E-03  0.5859E-03  0.2759E+00  0.1859E-01  0.5563E-01  0.1990E+00  0.1065E-01  0.4567E-03  0.4398E-01  0.6913E-01  0.7444E-01  0.4680E-02
     -1.253  0.8839E-01  0.1302E-01  0.2592E-03  0.1552E-02  0.1091E-04  0.1141E-03  0.1800E-03  0.5043E-03  0.3043E+00  0.1900E-01  0.5227E-01  0.2040E+00  0.8719E-02  0.4646E-03  0.3798E-01  0.6051E-01  0.7471E-01  0.4652E-02
     -1.243  0.7623E-01  0.2345E-01  0.2516E-03  0.1838E-02  0.1013E-04  0.2079E-03  0.1639E-03  0.6908E-03  0.3321E+00  0.2754E-01  0.4860E-01  0.2448E+00  0.7482E-02  0.5173E-03  0.3274E-01  0.8256E-01  0.7457E-01  0.6180E-02
     -1.233  0.6434E-01  0.3188E-01  0.2564E-03  0.1839E-02  0.9883E-05  0.2643E-03  0.1553E-03  0.6234E-03  0.3730E+00  0.2775E-01  0.4751E-01  0.2482E+00  0.6221E-02  0.5491E-03  0.2928E-01  0.7556E-01  0.7725E-01  0.5713E-02
     -1.223  0.5301E-01  0.3530E-01  0.2753E-03  0.1700E-02  0.1041E-04  0.2744E-03  0.1530E-03  0.5425E-03  0.4302E+00  0.2363E-01  0.4926E-01  0.2322E+00  0.4948E-02  0.5253E-03  0.2734E-01  0.6709E-01  0.8355E-01  0.5017E-02
     -1.213  0.4224E-01  0.4111E-01  0.2963E-03  0.1205E-02  0.1105E-04  0.3089E-03  0.1554E-03  0.5040E-03  0.4951E+00  0.2393E-01  0.5160E-01  0.1666E+00  0.3736E-02  0.3684E-03  0.2675E-01  0.6315E-01  0.9325E-01  0.3904E-02
     -1.203  0.3281E-01  0.4988E-01  0.3212E-03  0.9764E-03  0.1209E-04  0.3663E-03  0.1629E-03  0.4763E-03  0.5767E+00  0.2495E-01  0.5464E-01  0.1374E+00  0.2681E-02  0.3138E-03  0.2733E-01  0.6054E-01  0.1077E+00  0.3358E-02
     -1.193  0.2643E-01  0.6136E-01  0.3537E-03  0.9516E-03  0.1403E-04  0.4435E-03  0.1797E-03  0.4662E-03  0.6961E+00  0.2643E-01  0.5855E-01  0.1363E+00  0.1981E-02  0.3370E-03  0.2917E-01  0.6013E-01  0.1291E+00  0.3302E-02
     -1.183  0.2156E-01  0.7156E-01  0.3899E-03  0.6292E-03  0.1604E-04  0.5056E-03  0.2074E-03  0.2330E-03  0.8421E+00  0.2048E-01  0.6290E-01  0.8975E-01  0.1448E-02  0.3245E-03  0.3255E-01  0.3023E-01  0.1557E+00  0.2803E-02
     -1.173  0.1794E-01  0.8483E-01  0.4353E-03  0.6107E-03  0.1878E-04  0.5926E-03  0.2432E-03  0.2360E-03  0.1050E+01  0.2160E-01  0.6851E-01  0.8858E-01  0.1052E-02  0.3624E-03  0.3665E-01  0.3108E-01  0.1937E+00  0.2844E-02
     -1.163  0.1749E-01  0.9865E-01  0.5043E-03  0.5913E-03  0.2323E-04  0.6828E-03  0.3047E-03  0.2385E-03  0.1427E+01  0.2271E-01  0.7728E-01  0.8727E-01  0.1001E-02  0.4032E-03  0.4328E-01  0.3187E-01  0.2649E+00  0.2878E-02
     -1.153  0.1809E-01  0.1130E+00  0.7522E-03  0.5711E-03  0.3338E-04  0.7762E-03  0.6386E-03  0.2404E-03  0.2644E+01  0.2382E-01  0.1129E+00  0.8583E-01  0.1780E-02  0.4470E-03  0.9076E-01  0.3261E-01  0.5191E+00  0.2906E-02
     -1.143  0.1260E-01  0.1294E+00  0.5709E-03  0.5613E-03  0.2324E-04  0.8821E-03  0.4197E-03  0.2563E-03  0.1937E+01  0.2593E-01  0.8464E-01  0.8609E-01  0.1087E-02  0.5099E-03  0.5952E-01  0.3539E-01  0.3550E+00  0.3075E-02
     -1.133  0.6130E-02  0.1512E+00  0.1017E-03  0.5733E-03  0.1245E-04  0.1023E-02  0.4298E-04  0.2871E-03  0.5381E+00  0.2961E-01  0.1502E-01  0.8986E-01  0.2034E-03  0.6109E-03  0.4042E-02  0.4039E-01  0.1011E+00  0.3398E-02
     -1.123  0.2743E-02  0.2260E+00  0.3636E-04  0.6910E-03  0.5749E-05  0.1502E-02  0.1402E-04  0.4898E-03  0.2384E+00  0.4321E-01  0.5352E-02  0.1115E+00  0.8473E-04  0.1055E-02  0.1100E-02  0.7167E-01  0.4394E-01  0.4280E-02
     -1.113  0.0000E+00  0.2635E+00  0.0000E+00  0.7764E-03  0.0000E+00  0.1717E-02  0.0000E+00  0.6173E-03  0.0000E+00  0.5081E-01  0.0000E+00  0.1280E+00  0.0000E+00  0.1509E-02  0.0000E+00  0.9207E-01  0.0000E+00  0.4910E-02
     -1.103  0.0000E+00  0.1130E+00  0.0000E+00  0.2756E-03  0.0000E+00  0.6980E-03  0.0000E+00  0.2689E-03  0.0000E+00  0.1822E-01  0.0000E+00  0.4505E-01  0.0000E+00  0.1004E-02  0.0000E+00  0.4198E-01  0.0000E+00  0.2611E-02
     -1.093  0.0000E+00  0.8137E-01  0.0000E+00  0.1307E-03  0.0000E+00  0.4977E-03  0.0000E+00  0.1646E-03  0.0000E+00  0.1122E-01  0.0000E+00  0.2107E-01  0.0000E+00  0.7466E-03  0.0000E+00  0.2651E-01  0.0000E+00  0.1688E-02
     -1.083  0.2179E-01  0.4714E-01  0.4225E-03  0.6720E-04  0.4811E-04  0.2867E-03  0.2533E-03  0.8794E-04  0.1503E+02  0.5998E-02  0.5563E-01  0.1083E-01  0.1414E-01  0.4427E-03  0.6767E-02  0.1432E-01  0.2380E+01  0.9639E-03
     -1.073  0.3315E-01  0.7986E-02  0.2356E-02  0.1011E-04  0.1907E-03  0.4833E-04  0.4770E-02  0.1379E-04  0.3875E+02  0.9410E-03  0.2919E+00  0.1627E-02  0.3064E-01  0.7651E-04  0.4091E+00  0.2271E-02  0.5244E+01  0.1612E-03
     -1.063  0.1299E-01  0.0000E+00  0.1303E-02  0.0000E+00  0.3606E-04  0.0000E+00  0.1041E-02  0.0000E+00  0.9098E+01  0.0000E+00  0.1541E+00  0.0000E+00  0.7542E-02  0.0000E+00  0.1094E+00  0.0000E+00  0.1177E+01  0.0000E+00
     -1.053  0.1100E-01  0.0000E+00  0.1496E-02  0.0000E+00  0.2169E-04  0.0000E+00  0.6924E-03  0.0000E+00  0.5732E+01  0.0000E+00  0.1724E+00  0.0000E+00  0.4566E-02  0.0000E+00  0.8280E-01  0.0000E+00  0.7542E+00  0.0000E+00
     -1.043  0.3216E-02  0.1197E+02  0.1128E-02  0.7185E-03  0.8544E-05  0.6626E-01  0.1483E-03  0.2530E-03  0.1285E+01  0.5688E-01  0.1247E+00  0.1479E+00  0.1050E-02  0.1515E+00  0.1652E-01  0.7591E-01  0.1584E+00  0.7669E-02
     -1.033  0.2416E-02  0.1350E+01  0.1046E-02  0.2081E-03  0.7438E-05  0.7144E-02  0.1325E-03  0.1183E-03  0.8805E+00  0.3372E-01  0.1140E+00  0.4445E-01  0.7638E-03  0.2033E-01  0.1540E-01  0.2087E-01  0.1084E+00  0.1760E-02
     -1.023  0.1480E-02  0.5652E+00  0.9238E-03  0.9131E-04  0.6263E-05  0.2916E-02  0.1173E-03  0.1897E-04  0.5057E+00  0.1064E-01  0.9900E-01  0.1963E-01  0.4592E-03  0.9016E-02  0.1415E-01  0.4239E-02  0.6301E-01  0.5040E-03
     -1.013  0.8682E-03  0.4683E+00  0.6999E-03  0.7832E-04  0.4669E-05  0.2385E-02  0.9093E-04  0.2415E-04  0.3011E+00  0.1081E-01  0.7440E-01  0.1718E-01  0.2708E-03  0.7936E-02  0.1109E-01  0.5262E-02  0.3800E-01  0.6651E-03
     -1.003  0.4401E-03  0.3764E+00  0.4175E-03  0.6606E-04  0.2760E-05  0.1886E-02  0.5522E-04  0.3229E-04  0.1570E+00  0.1086E-01  0.4419E-01  0.1496E-01  0.1382E-03  0.6880E-02  0.6759E-02  0.7001E-02  0.1997E-01  0.9251E-03
     -0.993  0.8416E-04  0.2878E+00  0.9459E-04  0.5347E-04  0.6204E-06  0.1410E-02  0.1271E-04  0.4010E-04  0.3105E-01  0.1064E-01  0.9977E-02  0.1267E-01  0.2665E-04  0.5808E-02  0.1560E-02  0.8741E-02  0.3985E-02  0.1181E-02
     -0.983  0.6606E-03  0.1796E+00  0.6529E-04  0.3774E-04  0.1101E-04  0.8580E-03  0.1349E-03  0.4700E-04  0.1205E+00  0.8719E-02  0.6462E-02  0.9649E-02  0.3260E-02  0.4061E-02  0.1372E-01  0.1039E-01  0.1023E-01  0.1425E-02
     -0.973  0.1733E-02  0.2432E-01  0.1820E-03  0.2163E-04  0.2964E-04  0.1162E-03  0.3706E-03  0.5342E-04  0.2830E+00  0.3395E-02  0.1794E-01  0.6518E-02  0.8752E-02  0.7272E-03  0.3741E-01  0.1203E-01  0.2435E-01  0.1663E-02
     -0.963  0.4570E-02  0.2444E-01  0.4151E-03  0.2662E-04  0.5208E-04  0.1166E-03  0.6728E-03  0.6410E-04  0.4449E+00  0.4034E-02  0.4030E-01  0.8059E-02  0.1540E-01  0.7870E-03  0.6762E-01  0.1452E-01  0.3807E-01  0.1991E-02
     -0.953  0.1635E-01  0.2746E-01  0.1609E-02  0.3224E-04  0.1236E-03  0.1304E-03  0.2428E-02  0.7467E-04  0.7150E+00  0.4831E-02  0.1529E+00  0.9765E-02  0.3757E-01  0.9203E-03  0.2389E+00  0.1703E-01  0.6591E-01  0.2314E-02
     -0.943  0.4505E-01  0.6206E-01  0.6012E-02  0.4525E-04  0.3406E-03  0.2679E-03  0.1257E-01  0.1127E-03  0.1406E+01  0.9574E-02  0.5729E+00  0.1344E-01  0.1142E+00  0.4810E-02  0.1231E+01  0.2672E-01  0.1648E+00  0.5283E-02
     -0.933  0.6236E-01  0.7685E-01  0.6528E-02  0.7807E-04  0.1272E-02  0.3224E-03  0.7564E-02  0.1485E-03  0.1029E+01  0.1596E-01  0.6016E+00  0.2301E-01  0.4292E+00  0.7757E-02  0.7339E+00  0.3578E-01  0.1345E+00  0.7509E-02
     -0.923  0.5133E-01  0.7132E-01  0.7780E-02  0.1415E-03  0.6084E-03  0.2902E-03  0.8057E-02  0.1773E-03  0.6522E+00  0.2203E-01  0.7067E+00  0.4155E-01  0.2294E+00  0.7010E-02  0.7701E+00  0.4308E-01  0.1005E+00  0.7721E-02
     -0.913  0.2966E-01  0.6068E-01  0.5546E-02  0.1193E-03  0.9250E-04  0.2430E-03  0.4997E-02  0.1705E-03  0.2961E+00  0.2071E-01  0.4961E+00  0.3526E-01  0.5439E-01  0.6200E-02  0.4689E+00  0.4192E-01  0.3533E-01  0.6957E-02
     -0.903  0.1524E-01  0.5685E-01  0.3309E-02  0.1589E-03  0.1618E-04  0.2169E-03  0.3679E-02  0.1872E-03  0.1743E+00  0.3510E-01  0.2949E+00  0.4909E-01  0.1585E-01  0.6711E-02  0.3395E+00  0.4710E-01  0.2004E-01  0.7293E-02
     -0.893  0.1159E-02  0.5851E-01  0.2629E-03  0.2240E-03  0.1190E-05  0.2045E-03  0.3252E-03  0.2514E-03  0.1462E-01  0.5381E-01  0.2345E-01  0.7160E-01  0.1120E-02  0.8917E-02  0.2977E-01  0.6521E-01  0.1680E-02  0.9436E-02
     -0.883  0.4572E-01  0.6585E-01  0.4621E-02  0.2882E-03  0.1994E-02  0.2125E-03  0.1410E-02  0.3269E-03  0.5818E+00  0.6768E-01  0.3852E+00  0.9492E-01  0.6168E+00  0.1207E-01  0.1336E+00  0.8679E-01  0.3527E-01  0.1214E-01
     -0.873  0.1073E+00  0.5999E-01  0.7131E-02  0.2981E-03  0.4769E-02  0.1804E-03  0.2970E-02  0.3849E-03  0.5355E+00  0.6927E-01  0.5847E+00  0.1029E+00  0.1476E+01  0.1575E-01  0.2540E+00  0.1055E+00  0.4759E-01  0.1450E-01
     -0.863  0.9444E-01  0.4157E-01  0.1836E-02  0.2702E-03  0.4725E-02  0.1166E-03  0.1440E-02  0.3956E-03  0.2011E+00  0.7083E-01  0.1521E+00  0.9701E-01  0.1442E+01  0.1670E-01  0.1214E+00  0.1127E+00  0.3863E-01  0.1523E-01
     -0.853  0.1111E+00  0.2710E-01  0.6101E-03  0.2648E-03  0.5594E-02  0.6797E-04  0.9012E-03  0.2850E-03  0.9185E-01  0.4795E-01  0.4882E-01  0.9768E-01  0.1694E+01  0.9197E-02  0.7265E-01  0.8452E-01  0.3776E-01  0.9318E-02
     -0.843  0.2327E+00  0.2385E-01  0.3155E-03  0.2958E-03  0.1109E-01  0.5252E-04  0.5810E-03  0.3195E-03  0.6359E-01  0.3971E-01  0.2409E-01  0.1116E+00  0.3400E+01  0.5363E-02  0.4672E-01  0.9785E-01  0.5564E-01  0.8625E-02
     -0.833  0.0000E+00  0.1897E-01  0.0000E+00  0.3010E-03  0.0000E+00  0.3537E-04  0.0000E+00  0.1984E-03  0.0000E+00  0.3085E-01  0.0000E+00  0.1159E+00  0.0000E+00  0.3101E-02  0.0000E+00  0.6441E-01  0.0000E+00  0.5130E-02
     -0.823  0.0000E+00  0.2004E-01  0.0000E+00  0.3247E-03  0.0000E+00  0.3472E-04  0.0000E+00  0.2137E-03  0.0000E+00  0.2574E-01  0.0000E+00  0.1290E+00  0.0000E+00  0.3197E-02  0.0000E+00  0.7110E-01  0.0000E+00  0.5317E-02
     -0.813  0.0000E+00  0.2262E-01  0.0000E+00  0.4082E-03  0.0000E+00  0.3656E-04  0.0000E+00  0.2449E-03  0.0000E+00  0.2761E-01  0.0000E+00  0.1668E+00  0.0000E+00  0.3561E-02  0.0000E+00  0.8369E-01  0.0000E+00  0.5693E-02
     -0.803  0.0000E+00  0.3155E-01  0.0000E+00  0.7683E-03  0.0000E+00  0.4781E-04  0.0000E+00  0.3331E-03  0.0000E+00  0.4162E-01  0.0000E+00  0.3186E+00  0.0000E+00  0.5328E-02  0.0000E+00  0.1176E+00  0.0000E+00  0.6802E-02
     -0.793  0.0000E+00  0.2764E-01  0.0000E+00  0.5539E-03  0.0000E+00  0.3821E-04  0.0000E+00  0.2886E-03  0.0000E+00  0.3173E-01  0.0000E+00  0.2375E+00  0.0000E+00  0.4458E-02  0.0000E+00  0.1033E+00  0.0000E+00  0.6268E-02
     -0.783  0.0000E+00  0.2679E-01  0.0000E+00  0.5000E-03  0.0000E+00  0.3527E-04  0.0000E+00  0.2853E-03  0.0000E+00  0.2895E-01  0.0000E+00  0.2181E+00  0.0000E+00  0.4257E-02  0.0000E+00  0.1030E+00  0.0000E+00  0.6203E-02
     -0.773  0.0000E+00  0.2913E-01  0.0000E+00  0.4890E-03  0.0000E+00  0.3471E-04  0.0000E+00  0.5077E-03  0.0000E+00  0.2953E-01  0.0000E+00  0.2204E+00  0.0000E+00  0.4540E-02  0.0000E+00  0.1851E+00  0.0000E+00  0.9205E-02
     -0.763  0.2679E+01  0.3418E-01  0.5873E-03  0.5315E-03  0.1266E+00  0.3606E-04  0.1829E-02  0.6421E-03  0.1004E+00  0.3138E-01  0.3576E-01  0.2497E+00  0.3606E+02  0.5669E-02  0.1216E+00  0.2393E+00  0.4862E-01  0.1095E-01
     -0.753  0.0000E+00  0.4736E-01  0.0000E+00  0.7041E-03  0.0000E+00  0.4380E-04  0.0000E+00  0.7022E-03  0.0000E+00  0.4416E-01  0.0000E+00  0.3507E+00  0.0000E+00  0.8653E-02  0.0000E+00  0.2742E+00  0.0000E+00  0.1111E-01
     -0.743  0.0000E+00  0.0000E+00  0.0000E+00  0.0000E+00  0.0000E+00  0.0000E+00  0.0000E+00  0.0000E+00  0.0000E+00  0.0000E+00  0.0000E+00  0.0000E+00  0.0000E+00  0.0000E+00  0.0000E+00  0.0000E+00  0.0000E+00  0.0000E+00
     -0.733  0.0000E+00  0.0000E+00  0.0000E+00  0.0000E+00  0.0000E+00  0.0000E+00  0.0000E+00  0.0000E+00  0.0000E+00  0.0000E+00  0.0000E+00  0.0000E+00  0.0000E+00  0.0000E+00  0.0000E+00  0.0000E+00  0.0000E+00  0.0000E+00
     -0.723  0.0000E+00  0.0000E+00  0.0000E+00  0.0000E+00  0.0000E+00  0.0000E+00  0.0000E+00  0.0000E+00  0.0000E+00  0.0000E+00  0.0000E+00  0.0000E+00  0.0000E+00  0.0000E+00  0.0000E+00  0.0000E+00  0.0000E+00  0.0000E+00
     -0.713  0.0000E+00  0.0000E+00  0.0000E+00  0.0000E+00  0.0000E+00  0.0000E+00  0.0000E+00  0.0000E+00  0.0000E+00  0.0000E+00  0.0000E+00  0.0000E+00  0.0000E+00  0.0000E+00  0.0000E+00  0.0000E+00  0.0000E+00  0.0000E+00
     -0.703  0.0000E+00  0.0000E+00  0.0000E+00  0.0000E+00  0.0000E+00  0.0000E+00  0.0000E+00  0.0000E+00  0.0000E+00  0.0000E+00  0.0000E+00  0.0000E+00  0.0000E+00  0.0000E+00  0.0000E+00  0.0000E+00  0.0000E+00  0.0000E+00
     -0.693  0.7560E-02  0.2105E-01  0.2455E-02  0.1454E-03  0.8229E-03  0.2452E-04  0.5471E-02  0.4793E-03  0.5302E-01  0.2230E+00  0.1193E+00  0.8530E-01  0.1443E+00  0.3598E-02  0.2986E+00  0.2139E+00  0.1421E-01  0.5502E-01
     -0.683  0.6363E-02  0.6526E-02  0.2856E-02  0.4892E-04  0.7310E-03  0.9114E-05  0.6627E-02  0.1540E-03  0.6149E-01  0.1268E+00  0.1378E+00  0.3038E-01  0.1184E+00  0.1605E-02  0.3584E+00  0.7036E-01  0.1523E-01  0.2653E-01
     -0.673  0.2414E-02  0.2160E-02  0.2053E-02  0.3275E-04  0.3027E-03  0.4838E-05  0.4513E-02  0.6233E-04  0.3542E-01  0.8025E-01  0.9708E-01  0.2166E-01  0.4041E-01  0.9820E-03  0.2386E+00  0.2852E-01  0.7835E-02  0.1729E-01
     -0.663  0.1773E-02  0.1887E-02  0.2175E-02  0.3440E-04  0.2455E-03  0.4538E-05  0.3971E-02  0.5479E-04  0.2756E-01  0.8107E-01  0.1024E+00  0.2335E-01  0.3012E-01  0.9186E-03  0.2048E+00  0.2520E-01  0.6173E-02  0.1723E-01
     -0.653  0.1534E-02  0.1613E-02  0.2311E-02  0.3607E-04  0.2276E-03  0.4237E-05  0.4101E-02  0.4721E-04  0.2684E-01  0.8186E-01  0.1082E+00  0.2505E-01  0.2563E-01  0.8549E-03  0.2096E+00  0.2185E-01  0.5845E-02  0.1718E-01
     -0.643  0.1205E-02  0.1577E-02  0.3015E-02  0.8294E-04  0.2224E-03  0.6549E-05  0.4985E-02  0.4749E-04  0.2990E-01  0.1774E+00  0.1395E+00  0.6233E-01  0.1963E-01  0.9767E-03  0.2508E+00  0.2292E-01  0.5966E-02  0.3495E-01
     -0.633  0.1142E-02  0.1439E-02  0.5147E-02  0.8411E-04  0.3369E-03  0.6322E-05  0.7889E-02  0.4457E-04  0.4884E-01  0.1855E+00  0.2301E+00  0.6470E-01  0.2184E-01  0.6403E-03  0.3850E+00  0.2169E-01  0.8389E-02  0.3599E-01
     -0.623  0.2259E-03  0.0000E+00  0.3854E-02  0.0000E+00  0.1644E-03  0.0000E+00  0.2781E-02  0.0000E+00  0.2827E-01  0.0000E+00  0.1726E+00  0.0000E+00  0.1065E-01  0.0000E+00  0.1331E+00  0.0000E+00  0.5593E-02  0.0000E+00
     -0.613  0.0000E+00  0.0000E+00  0.0000E+00  0.0000E+00  0.0000E+00  0.0000E+00  0.0000E+00  0.0000E+00  0.0000E+00  0.0000E+00  0.0000E+00  0.0000E+00  0.0000E+00  0.0000E+00  0.0000E+00  0.0000E+00  0.0000E+00  0.0000E+00
     -0.603  0.0000E+00  0.0000E+00  0.0000E+00  0.0000E+00  0.0000E+00  0.0000E+00  0.0000E+00  0.0000E+00  0.0000E+00  0.0000E+00  0.0000E+00  0.0000E+00  0.0000E+00  0.0000E+00  0.0000E+00  0.0000E+00  0.0000E+00  0.0000E+00
     -0.593  0.0000E+00  0.0000E+00  0.0000E+00  0.0000E+00  0.0000E+00  0.0000E+00  0.0000E+00  0.0000E+00  0.0000E+00  0.0000E+00  0.0000E+00  0.0000E+00  0.0000E+00  0.0000E+00  0.0000E+00  0.0000E+00  0.0000E+00  0.0000E+00
     -0.583  0.0000E+00  0.0000E+00  0.0000E+00  0.0000E+00  0.0000E+00  0.0000E+00  0.0000E+00  0.0000E+00  0.0000E+00  0.0000E+00  0.0000E+00  0.0000E+00  0.0000E+00  0.0000E+00  0.0000E+00  0.0000E+00  0.0000E+00  0.0000E+00
     -0.573  0.1243E-02  0.0000E+00  0.7686E-02  0.0000E+00  0.3101E-03  0.0000E+00  0.3828E-01  0.0000E+00  0.7404E-02  0.0000E+00  0.3478E+00  0.0000E+00  0.1930E-01  0.0000E+00  0.1698E+01  0.0000E+00  0.1708E-02  0.0000E+00
     -0.563  0.1852E-02  0.0000E+00  0.1364E-01  0.0000E+00  0.3050E-03  0.0000E+00  0.3902E-01  0.0000E+00  0.4712E-02  0.0000E+00  0.5962E+00  0.0000E+00  0.1702E-01  0.0000E+00  0.1699E+01  0.0000E+00  0.3142E-02  0.0000E+00
     -0.553  0.1362E-02  0.0000E+00  0.1073E-01  0.0000E+00  0.2293E-03  0.0000E+00  0.3157E-01  0.0000E+00  0.2941E-02  0.0000E+00  0.4587E+00  0.0000E+00  0.1185E-01  0.0000E+00  0.1350E+01  0.0000E+00  0.2362E-02  0.0000E+00
     -0.543  0.1141E-02  0.0000E+00  0.9530E-02  0.0000E+00  0.2003E-03  0.0000E+00  0.2932E-01  0.0000E+00  0.2271E-02  0.0000E+00  0.3990E+00  0.0000E+00  0.9751E-02  0.0000E+00  0.1237E+01  0.0000E+00  0.2007E-02  0.0000E+00
     -0.533  0.1249E-02  0.0000E+00  0.1199E-01  0.0000E+00  0.2090E-03  0.0000E+00  0.3288E-01  0.0000E+00  0.1345E-02  0.0000E+00  0.4859E+00  0.0000E+00  0.8991E-02  0.0000E+00  0.1354E+01  0.0000E+00  0.2459E-02  0.0000E+00
     -0.523  0.1255E-02  0.0000E+00  0.1292E-01  0.0000E+00  0.2107E-03  0.0000E+00  0.3479E-01  0.0000E+00  0.1134E-02  0.0000E+00  0.5121E+00  0.0000E+00  0.8084E-02  0.0000E+00  0.1402E+01  0.0000E+00  0.2558E-02  0.0000E+00
     -0.513  0.1167E-02  0.0000E+00  0.1265E-01  0.0000E+00  0.1999E-03  0.0000E+00  0.3400E-01  0.0000E+00  0.1122E-02  0.0000E+00  0.4922E+00  0.0000E+00  0.7047E-02  0.0000E+00  0.1353E+01  0.0000E+00  0.2383E-02  0.0000E+00
     -0.503  0.1158E-02  0.0000E+00  0.1374E-01  0.0000E+00  0.2223E-03  0.0000E+00  0.3914E-01  0.0000E+00  0.1073E-02  0.0000E+00  0.5197E+00  0.0000E+00  0.6572E-02  0.0000E+00  0.1530E+01  0.0000E+00  0.2124E-02  0.0000E+00
     -0.493  0.1566E-02  0.0000E+00  0.1592E-01  0.0000E+00  0.2629E-03  0.0000E+00  0.4388E-01  0.0000E+00  0.8547E-03  0.0000E+00  0.5800E+00  0.0000E+00  0.5750E-02  0.0000E+00  0.1664E+01  0.0000E+00  0.2054E-02  0.0000E+00
     -0.483  0.1263E-02  0.0000E+00  0.1176E-01  0.0000E+00  0.1853E-03  0.0000E+00  0.2978E-01  0.0000E+00  0.6567E-03  0.0000E+00  0.4243E+00  0.0000E+00  0.3660E-02  0.0000E+00  0.1116E+01  0.0000E+00  0.1596E-02  0.0000E+00
     -0.473  0.0000E+00  0.0000E+00  0.0000E+00  0.0000E+00  0.0000E+00  0.0000E+00  0.0000E+00  0.0000E+00  0.0000E+00  0.0000E+00  0.0000E+00  0.0000E+00  0.0000E+00  0.0000E+00  0.0000E+00  0.0000E+00  0.0000E+00  0.0000E+00
     -0.463  0.0000E+00  0.0000E+00  0.0000E+00  0.0000E+00  0.0000E+00  0.0000E+00  0.0000E+00  0.0000E+00  0.0000E+00  0.0000E+00  0.0000E+00  0.0000E+00  0.0000E+00  0.0000E+00  0.0000E+00  0.0000E+00  0.0000E+00  0.0000E+00
     -0.453  0.0000E+00  0.0000E+00  0.0000E+00  0.0000E+00  0.0000E+00  0.0000E+00  0.0000E+00  0.0000E+00  0.0000E+00  0.0000E+00  0.0000E+00  0.0000E+00  0.0000E+00  0.0000E+00  0.0000E+00  0.0000E+00  0.0000E+00  0.0000E+00
     -0.443  0.0000E+00  0.0000E+00  0.0000E+00  0.0000E+00  0.0000E+00  0.0000E+00  0.0000E+00  0.0000E+00  0.0000E+00  0.0000E+00  0.0000E+00  0.0000E+00  0.0000E+00  0.0000E+00  0.0000E+00  0.0000E+00  0.0000E+00  0.0000E+00
     -0.433  0.0000E+00  0.0000E+00  0.0000E+00  0.0000E+00  0.0000E+00  0.0000E+00  0.0000E+00  0.0000E+00  0.0000E+00  0.0000E+00  0.0000E+00  0.0000E+00  0.0000E+00  0.0000E+00  0.0000E+00  0.0000E+00  0.0000E+00  0.0000E+00
     -0.423  0.0000E+00  0.0000E+00  0.0000E+00  0.0000E+00  0.0000E+00  0.0000E+00  0.0000E+00  0.0000E+00  0.0000E+00  0.0000E+00  0.0000E+00  0.0000E+00  0.0000E+00  0.0000E+00  0.0000E+00  0.0000E+00  0.0000E+00  0.0000E+00
     -0.413  0.0000E+00  0.0000E+00  0.0000E+00  0.0000E+00  0.0000E+00  0.0000E+00  0.0000E+00  0.0000E+00  0.0000E+00  0.0000E+00  0.0000E+00  0.0000E+00  0.0000E+00  0.0000E+00  0.0000E+00  0.0000E+00  0.0000E+00  0.0000E+00
     -0.403  0.0000E+00  0.0000E+00  0.0000E+00  0.0000E+00  0.0000E+00  0.0000E+00  0.0000E+00  0.0000E+00  0.0000E+00  0.0000E+00  0.0000E+00  0.0000E+00  0.0000E+00  0.0000E+00  0.0000E+00  0.0000E+00  0.0000E+00  0.0000E+00
     -0.393  0.3062E-03  0.0000E+00  0.4313E-02  0.0000E+00  0.3731E-04  0.0000E+00  0.3017E-02  0.0000E+00  0.7429E-03  0.0000E+00  0.1325E+00  0.0000E+00  0.1977E-03  0.0000E+00  0.9502E-01  0.0000E+00  0.3110E-03  0.0000E+00
     -0.383  0.1170E-02  0.1024E-01  0.1463E-01  0.7884E-04  0.1443E-03  0.2948E-03  0.1097E-01  0.4061E-04  0.2100E-02  0.8222E+02  0.4437E+00  0.2358E+00  0.6555E-03  0.5250E-02  0.3415E+00  0.1169E+00  0.9134E-03  0.1092E+02
     -0.373  0.1940E-02  0.5694E-02  0.2260E-01  0.3806E-04  0.2443E-03  0.1810E-03  0.1739E-01  0.4748E-04  0.2630E-02  0.4475E+02  0.6753E+00  0.8907E-01  0.9648E-03  0.2373E-02  0.5331E+00  0.5676E-01  0.1210E-02  0.6338E+01
     -0.363  0.2630E-02  0.0000E+00  0.2876E-01  0.0000E+00  0.3370E-03  0.0000E+00  0.2288E-01  0.0000E+00  0.2597E-02  0.0000E+00  0.8487E+00  0.0000E+00  0.1190E-02  0.0000E+00  0.6932E+00  0.0000E+00  0.1313E-02  0.0000E+00
     -0.353  0.4572E-02  0.0000E+00  0.4394E-01  0.0000E+00  0.5986E-03  0.0000E+00  0.3451E-01  0.0000E+00  0.2805E-02  0.0000E+00  0.1271E+01  0.0000E+00  0.1969E-02  0.0000E+00  0.1021E+01  0.0000E+00  0.1988E-02  0.0000E+00
     -0.343  0.4147E-02  0.0000E+00  0.3785E-01  0.0000E+00  0.5161E-03  0.0000E+00  0.2187E-01  0.0000E+00  0.2410E-02  0.0000E+00  0.1081E+01  0.0000E+00  0.1566E-02  0.0000E+00  0.6381E+00  0.0000E+00  0.1707E-02  0.0000E+00
     -0.332  0.6456E-02  0.0000E+00  0.4909E-01  0.0000E+00  0.7951E-03  0.0000E+00  0.2650E-01  0.0000E+00  0.2492E-02  0.0000E+00  0.1379E+01  0.0000E+00  0.2406E-02  0.0000E+00  0.7600E+00  0.0000E+00  0.2514E-02  0.0000E+00
     -0.322  0.6580E-02  0.3098E-01  0.4814E-01  0.5330E-04  0.7950E-03  0.1184E-03  0.2123E-01  0.1053E-03  0.2008E-02  0.3116E+00  0.1335E+01  0.6561E+00  0.2198E-02  0.1844E-01  0.6017E+00  0.6519E+00  0.2257E-02  0.3041E+00
     -0.312  0.6494E-02  0.1487E-01  0.4736E-01  0.2188E-04  0.7745E-03  0.5941E-04  0.1558E-01  0.4971E-04  0.1778E-02  0.2102E+00  0.1300E+01  0.2736E+00  0.1948E-02  0.8689E-02  0.4351E+00  0.3255E+00  0.2035E-02  0.1470E+00
     -0.302  0.7313E-02  0.1169E-01  0.5704E-01  0.1667E-04  0.8687E-03  0.4903E-04  0.1093E-01  0.3751E-04  0.1645E-02  0.1877E+00  0.1547E+01  0.2067E+00  0.1821E-02  0.6949E-02  0.2985E+00  0.2654E+00  0.1906E-02  0.1131E+00
     -0.292  0.8378E-02  0.1213E-01  0.6755E-01  0.1620E-04  0.9952E-03  0.5196E-04  0.8251E-02  0.3715E-04  0.1573E-02  0.2108E+00  0.1819E+01  0.1998E+00  0.1863E-02  0.7217E-02  0.2213E+00  0.2747E+00  0.1917E-02  0.1096E+00
     -0.282  0.7553E-02  0.1052E-01  0.5015E-01  0.1525E-04  0.8554E-03  0.4716E-04  0.4338E-02  0.3182E-04  0.1727E-02  0.2160E+00  0.1335E+01  0.1876E+00  0.1678E-02  0.6556E-02  0.1182E+00  0.2484E+00  0.1726E-02  0.9554E-01
     -0.272  0.9943E-03  0.8698E-02  0.6024E-02  0.1349E-04  0.1110E-03  0.4094E-04  0.5471E-03  0.2722E-04  0.2409E-03  0.1873E+00  0.1599E+00  0.1605E+00  0.2293E-03  0.5554E-02  0.1506E-01  0.2225E+00  0.2345E-03  0.8392E-01
     -0.262  0.0000E+00  0.7286E-02  0.0000E+00  0.1353E-04  0.0000E+00  0.3644E-04  0.0000E+00  0.2311E-04  0.0000E+00  0.1862E+00  0.0000E+00  0.1496E+00  0.0000E+00  0.4918E-02  0.0000E+00  0.1974E+00  0.0000E+00  0.7231E-01
     -0.252  0.0000E+00  0.5555E-02  0.0000E+00  0.1405E-04  0.0000E+00  0.3019E-04  0.0000E+00  0.1691E-04  0.0000E+00  0.1830E+00  0.0000E+00  0.1412E+00  0.0000E+00  0.4188E-02  0.0000E+00  0.1505E+00  0.0000E+00  0.5041E-01
     -0.242  0.0000E+00  0.4343E-02  0.0000E+00  0.1400E-04  0.0000E+00  0.2527E-04  0.0000E+00  0.1378E-04  0.0000E+00  0.1615E+00  0.0000E+00  0.1324E+00  0.0000E+00  0.3580E-02  0.0000E+00  0.1268E+00  0.0000E+00  0.3976E-01
     -0.232  0.0000E+00  0.3237E-02  0.0000E+00  0.1384E-04  0.0000E+00  0.2057E-04  0.0000E+00  0.1144E-04  0.0000E+00  0.1397E+00  0.0000E+00  0.1230E+00  0.0000E+00  0.2982E-02  0.0000E+00  0.1090E+00  0.0000E+00  0.3212E-01
     -0.222  0.0000E+00  0.2682E-02  0.0000E+00  0.1353E-04  0.0000E+00  0.1793E-04  0.0000E+00  0.1047E-04  0.0000E+00  0.1207E+00  0.0000E+00  0.1124E+00  0.0000E+00  0.2608E-02  0.0000E+00  0.1013E+00  0.0000E+00  0.2791E-01
     -0.212  0.0000E+00  0.2199E-02  0.0000E+00  0.1318E-04  0.0000E+00  0.1553E-04  0.0000E+00  0.9673E-05  0.0000E+00  0.1023E+00  0.0000E+00  0.1017E+00  0.0000E+00  0.2261E-02  0.0000E+00  0.9488E-01  0.0000E+00  0.2418E-01
     -0.202  0.0000E+00  0.1760E-02  0.0000E+00  0.1274E-04  0.0000E+00  0.1318E-04  0.0000E+00  0.9061E-05  0.0000E+00  0.8460E-01  0.0000E+00  0.9080E-01  0.0000E+00  0.1919E-02  0.0000E+00  0.8905E-01  0.0000E+00  0.2117E-01
     -0.192  0.0000E+00  0.1497E-02  0.0000E+00  0.1221E-04  0.0000E+00  0.1141E-04  0.0000E+00  0.8801E-05  0.0000E+00  0.7112E-01  0.0000E+00  0.8145E-01  0.0000E+00  0.1653E-02  0.0000E+00  0.8462E-01  0.0000E+00  0.1957E-01
     -0.182  0.0000E+00  0.1301E-02  0.0000E+00  0.1164E-04  0.0000E+00  0.9916E-05  0.0000E+00  0.8560E-05  0.0000E+00  0.6006E-01  0.0000E+00  0.7313E-01  0.0000E+00  0.1428E-02  0.0000E+00  0.8035E-01  0.0000E+00  0.1801E-01
     -0.172  0.0000E+00  0.1112E-02  0.0000E+00  0.1098E-04  0.0000E+00  0.8433E-05  0.0000E+00  0.8326E-05  0.0000E+00  0.4932E-01  0.0000E+00  0.6462E-01  0.0000E+00  0.1203E-02  0.0000E+00  0.7616E-01  0.0000E+00  0.1648E-01
     -0.162  0.0000E+00  0.9323E-03  0.0000E+00  0.1024E-04  0.0000E+00  0.6957E-05  0.0000E+00  0.8100E-05  0.0000E+00  0.3890E-01  0.0000E+00  0.5592E-01  0.0000E+00  0.9772E-03  0.0000E+00  0.7204E-01  0.0000E+00  0.1500E-01
     -0.152  0.0000E+00  0.7249E-03  0.0000E+00  0.8043E-05  0.0000E+00  0.5203E-05  0.0000E+00  0.6737E-05  0.0000E+00  0.2906E-01  0.0000E+00  0.4274E-01  0.0000E+00  0.7191E-03  0.0000E+00  0.5894E-01  0.0000E+00  0.1204E-01
     -0.142  0.0000E+00  0.5100E-03  0.0000E+00  0.5573E-05  0.0000E+00  0.3502E-05  0.0000E+00  0.4944E-05  0.0000E+00  0.1981E-01  0.0000E+00  0.2919E-01  0.0000E+00  0.4761E-03  0.0000E+00  0.4272E-01  0.0000E+00  0.8605E-02
     -0.132  0.0000E+00  0.2955E-03  0.0000E+00  0.3179E-05  0.0000E+00  0.1937E-05  0.0000E+00  0.2983E-05  0.0000E+00  0.1111E-01  0.0000E+00  0.1639E-01  0.0000E+00  0.2585E-03  0.0000E+00  0.2548E-01  0.0000E+00  0.5065E-02
     -0.122  0.0000E+00  0.8133E-04  0.0000E+00  0.8614E-06  0.0000E+00  0.5077E-06  0.0000E+00  0.8535E-06  0.0000E+00  0.2956E-02  0.0000E+00  0.4370E-02  0.0000E+00  0.6638E-04  0.0000E+00  0.7211E-02  0.0000E+00  0.1416E-02
     -0.112  0.0000E+00  0.0000E+00  0.0000E+00  0.0000E+00  0.0000E+00  0.0000E+00  0.0000E+00  0.0000E+00  0.0000E+00  0.0000E+00  0.0000E+00  0.0000E+00  0.0000E+00  0.0000E+00  0.0000E+00  0.0000E+00  0.0000E+00  0.0000E+00
     -0.102  0.0000E+00  0.0000E+00  0.0000E+00  0.0000E+00  0.0000E+00  0.0000E+00  0.0000E+00  0.0000E+00  0.0000E+00  0.0000E+00  0.0000E+00  0.0000E+00  0.0000E+00  0.0000E+00  0.0000E+00  0.0000E+00  0.0000E+00  0.0000E+00
     -0.092  0.0000E+00  0.0000E+00  0.0000E+00  0.0000E+00  0.0000E+00  0.0000E+00  0.0000E+00  0.0000E+00  0.0000E+00  0.0000E+00  0.0000E+00  0.0000E+00  0.0000E+00  0.0000E+00  0.0000E+00  0.0000E+00  0.0000E+00  0.0000E+00
     -0.082  0.0000E+00  0.0000E+00  0.0000E+00  0.0000E+00  0.0000E+00  0.0000E+00  0.0000E+00  0.0000E+00  0.0000E+00  0.0000E+00  0.0000E+00  0.0000E+00  0.0000E+00  0.0000E+00  0.0000E+00  0.0000E+00  0.0000E+00  0.0000E+00
     -0.072  0.4426E-03  0.0000E+00  0.1552E-03  0.0000E+00  0.5403E-04  0.0000E+00  0.5411E-03  0.0000E+00  0.7748E-04  0.0000E+00  0.2881E-02  0.0000E+00  0.1668E-03  0.0000E+00  0.1032E-01  0.0000E+00  0.3792E-04  0.0000E+00
     -0.062  0.2097E-02  0.0000E+00  0.8609E-03  0.0000E+00  0.2582E-03  0.0000E+00  0.2507E-02  0.0000E+00  0.3700E-03  0.0000E+00  0.1595E-01  0.0000E+00  0.7876E-03  0.0000E+00  0.4763E-01  0.0000E+00  0.1879E-03  0.0000E+00
     -0.052  0.3577E-02  0.0000E+00  0.1992E-02  0.0000E+00  0.4496E-03  0.0000E+00  0.4009E-02  0.0000E+00  0.6140E-03  0.0000E+00  0.3647E-01  0.0000E+00  0.1327E-02  0.0000E+00  0.7569E-01  0.0000E+00  0.3564E-03  0.0000E+00
     -0.042  0.4559E-02  0.0000E+00  0.4012E-02  0.0000E+00  0.5979E-03  0.0000E+00  0.4301E-02  0.0000E+00  0.6894E-03  0.0000E+00  0.7211E-01  0.0000E+00  0.1639E-02  0.0000E+00  0.8027E-01  0.0000E+00  0.5569E-03  0.0000E+00
     -0.032  0.4310E-02  0.0000E+00  0.4516E-02  0.0000E+00  0.5789E-03  0.0000E+00  0.3910E-02  0.0000E+00  0.6596E-03  0.0000E+00  0.7994E-01  0.0000E+00  0.1517E-02  0.0000E+00  0.7226E-01  0.0000E+00  0.5871E-03  0.0000E+00
     -0.022  0.4031E-02  0.0000E+00  0.4847E-02  0.0000E+00  0.5543E-03  0.0000E+00  0.3603E-02  0.0000E+00  0.6448E-03  0.0000E+00  0.8456E-01  0.0000E+00  0.1391E-02  0.0000E+00  0.6582E-01  0.0000E+00  0.6043E-03  0.0000E+00
     -0.012  0.4248E-02  0.0000E+00  0.5815E-02  0.0000E+00  0.5985E-03  0.0000E+00  0.3581E-02  0.0000E+00  0.6554E-03  0.0000E+00  0.1002E+00  0.0000E+00  0.1433E-02  0.0000E+00  0.6476E-01  0.0000E+00  0.6990E-03  0.0000E+00
     -0.002  0.4480E-02  0.0000E+00  0.6784E-02  0.0000E+00  0.6448E-03  0.0000E+00  0.3594E-02  0.0000E+00  0.6696E-03  0.0000E+00  0.1158E+00  0.0000E+00  0.1481E-02  0.0000E+00  0.6433E-01  0.0000E+00  0.7959E-03  0.0000E+00
     0.008  0.4781E-02  0.1126E+02  0.7715E-02  0.5165E-04  0.6999E-03  0.8718E-01  0.3818E-02  0.2710E-03  0.7186E-03  0.1529E-01  0.1305E+00  0.2771E-01  0.1559E-02  0.5238E+02  0.6755E-01  0.7796E-03  0.8968E-03  0.1679E+00
     0.018  0.5670E-02  0.0000E+00  0.9616E-02  0.0000E+00  0.8499E-03  0.0000E+00  0.4590E-02  0.0000E+00  0.8350E-03  0.0000E+00  0.1607E+00  0.0000E+00  0.1813E-02  0.0000E+00  0.8001E-01  0.0000E+00  0.1131E-02  0.0000E+00
     0.028  0.6598E-02  0.0000E+00  0.1156E-01  0.0000E+00  0.1007E-02  0.0000E+00  0.5431E-02  0.0000E+00  0.9582E-03  0.0000E+00  0.1915E+00  0.0000E+00  0.2080E-02  0.0000E+00  0.9360E-01  0.0000E+00  0.1373E-02  0.0000E+00
     0.038  0.1056E-01  0.0000E+00  0.2275E-01  0.0000E+00  0.1668E-02  0.0000E+00  0.6411E-02  0.0000E+00  0.1250E-02  0.0000E+00  0.3710E+00  0.0000E+00  0.3220E-02  0.0000E+00  0.1101E+00  0.0000E+00  0.2498E-02  0.0000E+00
     0.048  0.8522E-02  0.0000E+00  0.1654E-01  0.0000E+00  0.1355E-02  0.0000E+00  0.7182E-02  0.0000E+00  0.1242E-02  0.0000E+00  0.2656E+00  0.0000E+00  0.2607E-02  0.0000E+00  0.1215E+00  0.0000E+00  0.1986E-02  0.0000E+00
     0.058  0.1019E-01  0.0000E+00  0.1944E-01  0.0000E+00  0.1639E-02  0.0000E+00  0.9050E-02  0.0000E+00  0.1463E-02  0.0000E+00  0.3098E+00  0.0000E+00  0.3109E-02  0.0000E+00  0.1515E+00  0.0000E+00  0.2397E-02  0.0000E+00
     0.068  0.5957E-02  0.0000E+00  0.1203E-01  0.0000E+00  0.9720E-03  0.0000E+00  0.6273E-02  0.0000E+00  0.1186E-02  0.0000E+00  0.1892E+00  0.0000E+00  0.1841E-02  0.0000E+00  0.1031E+00  0.0000E+00  0.1477E-02  0.0000E+00
     0.078  0.5712E-02  0.0000E+00  0.1155E-01  0.0000E+00  0.9401E-03  0.0000E+00  0.6349E-02  0.0000E+00  0.1200E-02  0.0000E+00  0.1805E+00  0.0000E+00  0.1767E-02  0.0000E+00  0.1034E+00  0.0000E+00  0.1436E-02  0.0000E+00
     0.088  0.5835E-02  0.0000E+00  0.1155E-01  0.0000E+00  0.9697E-03  0.0000E+00  0.7269E-02  0.0000E+00  0.1360E-02  0.0000E+00  0.1791E+00  0.0000E+00  0.1816E-02  0.0000E+00  0.1170E+00  0.0000E+00  0.1483E-02  0.0000E+00
     0.098  0.5782E-02  0.0000E+00  0.1131E-01  0.0000E+00  0.9813E-03  0.0000E+00  0.8815E-02  0.0000E+00  0.1671E-02  0.0000E+00  0.1730E+00  0.0000E+00  0.1820E-02  0.0000E+00  0.1379E+00  0.0000E+00  0.1525E-02  0.0000E+00
     0.108  0.4569E-02  0.0000E+00  0.9428E-02  0.0000E+00  0.7876E-03  0.0000E+00  0.7464E-02  0.0000E+00  0.1493E-02  0.0000E+00  0.1425E+00  0.0000E+00  0.1441E-02  0.0000E+00  0.1150E+00  0.0000E+00  0.1259E-02  0.0000E+00
     0.118  0.4086E-02  0.0000E+00  0.8824E-02  0.0000E+00  0.7201E-03  0.0000E+00  0.7233E-02  0.0000E+00  0.1496E-02  0.0000E+00  0.1306E+00  0.0000E+00  0.1291E-02  0.0000E+00  0.1099E+00  0.0000E+00  0.1189E-02  0.0000E+00
     0.128  0.3420E-02  0.0000E+00  0.7490E-02  0.0000E+00  0.6115E-03  0.0000E+00  0.6301E-02  0.0000E+00  0.1299E-02  0.0000E+00  0.1094E+00  0.0000E+00  0.1080E-02  0.0000E+00  0.9483E-01  0.0000E+00  0.1028E-02  0.0000E+00
     0.138  0.2132E-02  0.0000E+00  0.4551E-02  0.0000E+00  0.3821E-03  0.0000E+00  0.4065E-02  0.0000E+00  0.8207E-03  0.0000E+00  0.6635E-01  0.0000E+00  0.6766E-03  0.0000E+00  0.6091E-01  0.0000E+00  0.6408E-03  0.0000E+00
     0.148  0.8401E-03  0.0000E+00  0.1747E-02  0.0000E+00  0.1509E-03  0.0000E+00  0.1655E-02  0.0000E+00  0.3277E-03  0.0000E+00  0.2541E-01  0.0000E+00  0.2679E-03  0.0000E+00  0.2470E-01  0.0000E+00  0.2525E-03  0.0000E+00
     0.158  0.0000E+00  0.0000E+00  0.0000E+00  0.0000E+00  0.0000E+00  0.0000E+00  0.0000E+00  0.0000E+00  0.0000E+00  0.0000E+00  0.0000E+00  0.0000E+00  0.0000E+00  0.0000E+00  0.0000E+00  0.0000E+00  0.0000E+00  0.0000E+00
     0.168  0.0000E+00  0.0000E+00  0.0000E+00  0.0000E+00  0.0000E+00  0.0000E+00  0.0000E+00  0.0000E+00  0.0000E+00  0.0000E+00  0.0000E+00  0.0000E+00  0.0000E+00  0.0000E+00  0.0000E+00  0.0000E+00  0.0000E+00  0.0000E+00
     0.178  0.0000E+00  0.0000E+00  0.0000E+00  0.0000E+00  0.0000E+00  0.0000E+00  0.0000E+00  0.0000E+00  0.0000E+00  0.0000E+00  0.0000E+00  0.0000E+00  0.0000E+00  0.0000E+00  0.0000E+00  0.0000E+00  0.0000E+00  0.0000E+00
     0.188  0.0000E+00  0.0000E+00  0.0000E+00  0.0000E+00  0.0000E+00  0.0000E+00  0.0000E+00  0.0000E+00  0.0000E+00  0.0000E+00  0.0000E+00  0.0000E+00  0.0000E+00  0.0000E+00  0.0000E+00  0.0000E+00  0.0000E+00  0.0000E+00
     0.198  0.0000E+00  0.0000E+00  0.0000E+00  0.0000E+00  0.0000E+00  0.0000E+00  0.0000E+00  0.0000E+00  0.0000E+00  0.0000E+00  0.0000E+00  0.0000E+00  0.0000E+00  0.0000E+00  0.0000E+00  0.0000E+00  0.0000E+00  0.0000E+00
     0.208  0.0000E+00  0.0000E+00  0.0000E+00  0.0000E+00  0.0000E+00  0.0000E+00  0.0000E+00  0.0000E+00  0.0000E+00  0.0000E+00  0.0000E+00  0.0000E+00  0.0000E+00  0.0000E+00  0.0000E+00  0.0000E+00  0.0000E+00  0.0000E+00
     0.218  0.0000E+00  0.0000E+00  0.0000E+00  0.0000E+00  0.0000E+00  0.0000E+00  0.0000E+00  0.0000E+00  0.0000E+00  0.0000E+00  0.0000E+00  0.0000E+00  0.0000E+00  0.0000E+00  0.0000E+00  0.0000E+00  0.0000E+00  0.0000E+00
     0.228  0.0000E+00  0.0000E+00  0.0000E+00  0.0000E+00  0.0000E+00  0.0000E+00  0.0000E+00  0.0000E+00  0.0000E+00  0.0000E+00  0.0000E+00  0.0000E+00  0.0000E+00  0.0000E+00  0.0000E+00  0.0000E+00  0.0000E+00  0.0000E+00
     0.238  0.0000E+00  0.0000E+00  0.0000E+00  0.0000E+00  0.0000E+00  0.0000E+00  0.0000E+00  0.0000E+00  0.0000E+00  0.0000E+00  0.0000E+00  0.0000E+00  0.0000E+00  0.0000E+00  0.0000E+00  0.0000E+00  0.0000E+00  0.0000E+00
     0.248  0.0000E+00  0.0000E+00  0.0000E+00  0.0000E+00  0.0000E+00  0.0000E+00  0.0000E+00  0.0000E+00  0.0000E+00  0.0000E+00  0.0000E+00  0.0000E+00  0.0000E+00  0.0000E+00  0.0000E+00  0.0000E+00  0.0000E+00  0.0000E+00
     0.258  0.0000E+00  0.2116E-03  0.0000E+00  0.4196E-04  0.0000E+00  0.6431E-06  0.0000E+00  0.7383E-04  0.0000E+00  0.2752E-01  0.0000E+00  0.1078E-01  0.0000E+00  0.2932E-03  0.0000E+00  0.2233E-01  0.0000E+00  0.1861E+00
     0.268  0.0000E+00  0.1272E-02  0.0000E+00  0.2376E-03  0.0000E+00  0.3977E-05  0.0000E+00  0.4573E-03  0.0000E+00  0.1794E+00  0.0000E+00  0.6085E-01  0.0000E+00  0.1961E-02  0.0000E+00  0.1367E+00  0.0000E+00  0.1227E+01
     0.278  0.0000E+00  0.2218E-02  0.0000E+00  0.3856E-03  0.0000E+00  0.7148E-05  0.0000E+00  0.8233E-03  0.0000E+00  0.3400E+00  0.0000E+00  0.9835E-01  0.0000E+00  0.3803E-02  0.0000E+00  0.2433E+00  0.0000E+00  0.2349E+01
     0.288  0.0000E+00  0.2951E-02  0.0000E+00  0.3922E-03  0.0000E+00  0.1286E-04  0.0000E+00  0.1140E-02  0.0000E+00  0.6040E+00  0.0000E+00  0.9974E-01  0.0000E+00  0.7231E-02  0.0000E+00  0.3200E+00  0.0000E+00  0.4290E+01
     0.298  0.0000E+00  0.4000E-02  0.0000E+00  0.4375E-03  0.0000E+00  0.3126E-04  0.0000E+00  0.1657E-02  0.0000E+00  0.1196E+01  0.0000E+00  0.1013E+00  0.0000E+00  0.1518E-01  0.0000E+00  0.4248E+00  0.0000E+00  0.8585E+01
     0.308  0.0000E+00  0.6974E-02  0.0000E+00  0.7157E-03  0.0000E+00  0.1029E-03  0.0000E+00  0.1845E-02  0.0000E+00  0.3338E+01  0.0000E+00  0.1496E+00  0.0000E+00  0.4344E-01  0.0000E+00  0.3506E+00  0.0000E+00  0.2401E+02
     0.318  0.0000E+00  0.7243E-02  0.0000E+00  0.2871E-03  0.0000E+00  0.1228E-03  0.0000E+00  0.6384E-03  0.0000E+00  0.4191E+01  0.0000E+00  0.7652E-01  0.0000E+00  0.5423E-01  0.0000E+00  0.5986E-01  0.0000E+00  0.3025E+02
     0.328  0.0000E+00  0.0000E+00  0.0000E+00  0.0000E+00  0.0000E+00  0.0000E+00  0.0000E+00  0.0000E+00  0.0000E+00  0.0000E+00  0.0000E+00  0.0000E+00  0.0000E+00  0.0000E+00  0.0000E+00  0.0000E+00  0.0000E+00  0.0000E+00
     0.338  0.0000E+00  0.0000E+00  0.0000E+00  0.0000E+00  0.0000E+00  0.0000E+00  0.0000E+00  0.0000E+00  0.0000E+00  0.0000E+00  0.0000E+00  0.0000E+00  0.0000E+00  0.0000E+00  0.0000E+00  0.0000E+00  0.0000E+00  0.0000E+00
     0.348  0.0000E+00  0.3253E-03  0.0000E+00  0.8009E-03  0.0000E+00  0.3113E-04  0.0000E+00  0.1819E-02  0.0000E+00  0.1135E+00  0.0000E+00  0.1456E+00  0.0000E+00  0.2130E-02  0.0000E+00  0.4791E+00  0.0000E+00  0.8856E+00
     0.358  0.0000E+00  0.6156E-03  0.0000E+00  0.1431E-02  0.0000E+00  0.4646E-04  0.0000E+00  0.3434E-02  0.0000E+00  0.1488E+00  0.0000E+00  0.2534E+00  0.0000E+00  0.2814E-02  0.0000E+00  0.8667E+00  0.0000E+00  0.1159E+01
     0.368  0.0000E+00  0.8026E-03  0.0000E+00  0.1852E-02  0.0000E+00  0.4917E-04  0.0000E+00  0.4570E-02  0.0000E+00  0.1304E+00  0.0000E+00  0.3207E+00  0.0000E+00  0.2504E-02  0.0000E+00  0.1103E+01  0.0000E+00  0.1021E+01
     0.378  0.0000E+00  0.1025E-02  0.0000E+00  0.2306E-02  0.0000E+00  0.5181E-04  0.0000E+00  0.6091E-02  0.0000E+00  0.9995E-01  0.0000E+00  0.3849E+00  0.0000E+00  0.1970E-02  0.0000E+00  0.1395E+01  0.0000E+00  0.7835E+00
     0.388  0.0000E+00  0.1302E-02  0.0000E+00  0.3278E-02  0.0000E+00  0.6219E-04  0.0000E+00  0.8164E-02  0.0000E+00  0.9028E-01  0.0000E+00  0.5301E+00  0.0000E+00  0.1816E-02  0.0000E+00  0.1812E+01  0.0000E+00  0.7168E+00
     0.398  0.0000E+00  0.1603E-02  0.0000E+00  0.4303E-02  0.0000E+00  0.7386E-04  0.0000E+00  0.1028E-01  0.0000E+00  0.7977E-01  0.0000E+00  0.6816E+00  0.0000E+00  0.1657E-02  0.0000E+00  0.2230E+01  0.0000E+00  0.6423E+00
     0.408  0.0000E+00  0.2042E-02  0.0000E+00  0.5701E-02  0.0000E+00  0.9446E-04  0.0000E+00  0.1226E-01  0.0000E+00  0.6191E-01  0.0000E+00  0.8759E+00  0.0000E+00  0.1415E-02  0.0000E+00  0.2566E+01  0.0000E+00  0.5036E+00
     0.418  0.0000E+00  0.2013E-02  0.0000E+00  0.5020E-02  0.0000E+00  0.8848E-04  0.0000E+00  0.9617E-02  0.0000E+00  0.3015E-01  0.0000E+00  0.7541E+00  0.0000E+00  0.8958E-03  0.0000E+00  0.1924E+01  0.0000E+00  0.2390E+00
     0.428  0.0000E+00  0.2052E-02  0.0000E+00  0.4591E-02  0.0000E+00  0.8836E-04  0.0000E+00  0.8165E-02  0.0000E+00  0.1637E-01  0.0000E+00  0.6675E+00  0.0000E+00  0.7016E-03  0.0000E+00  0.1545E+01  0.0000E+00  0.1173E+00
     0.438  0.0000E+00  0.2155E-02  0.0000E+00  0.4962E-02  0.0000E+00  0.9323E-04  0.0000E+00  0.7742E-02  0.0000E+00  0.1444E-01  0.0000E+00  0.7099E+00  0.0000E+00  0.6832E-03  0.0000E+00  0.1434E+01  0.0000E+00  0.9946E-01
     0.448  0.0000E+00  0.2259E-02  0.0000E+00  0.5345E-02  0.0000E+00  0.9801E-04  0.0000E+00  0.7296E-02  0.0000E+00  0.1261E-01  0.0000E+00  0.7538E+00  0.0000E+00  0.6658E-03  0.0000E+00  0.1320E+01  0.0000E+00  0.8244E-01
     0.458  0.0000E+00  0.2364E-02  0.0000E+00  0.5742E-02  0.0000E+00  0.1027E-03  0.0000E+00  0.6827E-02  0.0000E+00  0.1090E-01  0.0000E+00  0.7992E+00  0.0000E+00  0.6494E-03  0.0000E+00  0.1204E+01  0.0000E+00  0.6626E-01
     0.468  0.0000E+00  0.2517E-02  0.0000E+00  0.6061E-02  0.0000E+00  0.1092E-03  0.0000E+00  0.7856E-02  0.0000E+00  0.9375E-02  0.0000E+00  0.8318E+00  0.0000E+00  0.6517E-03  0.0000E+00  0.1317E+01  0.0000E+00  0.5097E-01
     0.478  0.0000E+00  0.2001E-02  0.0000E+00  0.4634E-02  0.0000E+00  0.8638E-04  0.0000E+00  0.8424E-02  0.0000E+00  0.6463E-02  0.0000E+00  0.6271E+00  0.0000E+00  0.4897E-03  0.0000E+00  0.1364E+01  0.0000E+00  0.3397E-01
     0.488  0.0000E+00  0.1317E-02  0.0000E+00  0.2859E-02  0.0000E+00  0.5785E-04  0.0000E+00  0.8445E-02  0.0000E+00  0.3511E-02  0.0000E+00  0.3801E+00  0.0000E+00  0.2984E-03  0.0000E+00  0.1344E+01  0.0000E+00  0.1959E-01
     0.498  0.0000E+00  0.9211E-03  0.0000E+00  0.1943E-02  0.0000E+00  0.4036E-04  0.0000E+00  0.7748E-02  0.0000E+00  0.2436E-02  0.0000E+00  0.2585E+00  0.0000E+00  0.2049E-03  0.0000E+00  0.1219E+01  0.0000E+00  0.1449E-01
     0.508  0.0000E+00  0.4601E-03  0.0000E+00  0.9550E-03  0.0000E+00  0.1978E-04  0.0000E+00  0.4047E-02  0.0000E+00  0.1206E-02  0.0000E+00  0.1276E+00  0.0000E+00  0.1008E-03  0.0000E+00  0.6329E+00  0.0000E+00  0.7135E-02
     0.518  0.0000E+00  0.2494E-04  0.0000E+00  0.5088E-04  0.0000E+00  0.1050E-05  0.0000E+00  0.2296E-03  0.0000E+00  0.6478E-04  0.0000E+00  0.6826E-02  0.0000E+00  0.5370E-05  0.0000E+00  0.3570E-01  0.0000E+00  0.3808E-03
     0.528  0.0000E+00  0.0000E+00  0.0000E+00  0.0000E+00  0.0000E+00  0.0000E+00  0.0000E+00  0.0000E+00  0.0000E+00  0.0000E+00  0.0000E+00  0.0000E+00  0.0000E+00  0.0000E+00  0.0000E+00  0.0000E+00  0.0000E+00  0.0000E+00
     0.538  0.0000E+00  0.7607E-03  0.0000E+00  0.2170E-02  0.0000E+00  0.3115E-04  0.0000E+00  0.5829E-03  0.0000E+00  0.3100E-03  0.0000E+00  0.2377E+00  0.0000E+00  0.1038E-03  0.0000E+00  0.7191E-01  0.0000E+00  0.5541E-03
     0.548  0.0000E+00  0.2506E-02  0.0000E+00  0.7236E-02  0.0000E+00  0.1020E-03  0.0000E+00  0.2020E-02  0.0000E+00  0.9734E-03  0.0000E+00  0.7885E+00  0.0000E+00  0.3357E-03  0.0000E+00  0.2493E+00  0.0000E+00  0.1752E-02
     0.558  0.2061E-02  0.4208E-02  0.1723E-02  0.1230E-01  0.7297E-03  0.1703E-03  0.2863E-02  0.3563E-02  0.3012E-03  0.1553E-02  0.1419E-01  0.1334E+01  0.1048E-02  0.5529E-03  0.2435E-01  0.4401E+00  0.5488E-03  0.2815E-02
     0.568  0.9420E-03  0.5344E-02  0.9039E-03  0.1622E-01  0.3457E-03  0.2130E-03  0.1310E-02  0.5143E-02  0.1747E-03  0.1777E-02  0.7242E-02  0.1741E+01  0.4853E-03  0.6717E-03  0.1087E-01  0.6367E+00  0.2497E-03  0.3338E-02
     0.578  0.9154E-03  0.5945E-02  0.8868E-03  0.1935E-01  0.3400E-03  0.2327E-03  0.1271E-02  0.9283E-02  0.1712E-03  0.1720E-02  0.7032E-02  0.2042E+01  0.4724E-03  0.7090E-03  0.1046E-01  0.1134E+01  0.2450E-03  0.3802E-02
     0.588  0.8914E-03  0.6375E-02  0.8702E-03  0.2485E-01  0.3352E-03  0.2311E-03  0.1232E-02  0.1568E-01  0.1671E-03  0.1291E-02  0.6827E-02  0.2521E+01  0.4606E-03  0.6318E-03  0.1006E-01  0.1897E+01  0.2410E-03  0.4072E-02
     0.598  0.8699E-03  0.7137E-02  0.8541E-03  0.2987E-01  0.3313E-03  0.2431E-03  0.1194E-02  0.1987E-01  0.1624E-03  0.1355E-02  0.6628E-02  0.2993E+01  0.4500E-03  0.6370E-03  0.9664E-02  0.2384E+01  0.2378E-03  0.4547E-02
     0.608  0.8510E-03  0.8011E-02  0.8386E-03  0.3521E-01  0.3283E-03  0.2647E-03  0.1158E-02  0.2410E-01  0.1572E-03  0.1664E-02  0.6434E-02  0.3488E+01  0.4406E-03  0.6888E-03  0.9284E-02  0.2836E+01  0.2352E-03  0.5359E-02
     0.618  0.8346E-03  0.1558E-01  0.8237E-03  0.7862E-01  0.3263E-03  0.4303E-03  0.1122E-02  0.2524E-01  0.1514E-03  0.1753E-02  0.6245E-02  0.7546E+01  0.4324E-03  0.7977E-03  0.8917E-02  0.2999E+01  0.2334E-03  0.5933E-02
     0.628  0.8395E-03  0.2075E-01  0.8366E-03  0.9363E-01  0.3319E-03  0.7269E-03  0.1127E-02  0.1627E-01  0.1547E-03  0.2148E-02  0.6281E-02  0.8650E+01  0.4360E-03  0.1467E-02  0.8882E-02  0.1884E+01  0.2362E-03  0.6662E-02
     0.638  0.8533E-03  0.0000E+00  0.8622E-03  0.0000E+00  0.3408E-03  0.0000E+00  0.1150E-02  0.0000E+00  0.1625E-03  0.0000E+00  0.6418E-02  0.0000E+00  0.4447E-03  0.0000E+00  0.8993E-02  0.0000E+00  0.2410E-03  0.0000E+00
     0.648  0.8670E-03  0.0000E+00  0.8877E-03  0.0000E+00  0.3498E-03  0.0000E+00  0.1172E-02  0.0000E+00  0.1702E-03  0.0000E+00  0.6553E-02  0.0000E+00  0.4533E-03  0.0000E+00  0.9101E-02  0.0000E+00  0.2457E-03  0.0000E+00
     0.658  0.8805E-03  0.0000E+00  0.9132E-03  0.0000E+00  0.3588E-03  0.0000E+00  0.1194E-02  0.0000E+00  0.1779E-03  0.0000E+00  0.6687E-02  0.0000E+00  0.4619E-03  0.0000E+00  0.9205E-02  0.0000E+00  0.2504E-03  0.0000E+00
     0.668  0.8940E-03  0.0000E+00  0.9387E-03  0.0000E+00  0.3678E-03  0.0000E+00  0.1216E-02  0.0000E+00  0.1855E-03  0.0000E+00  0.6819E-02  0.0000E+00  0.4705E-03  0.0000E+00  0.9304E-02  0.0000E+00  0.2552E-03  0.0000E+00
     0.678  0.9074E-03  0.0000E+00  0.9641E-03  0.0000E+00  0.3768E-03  0.0000E+00  0.1237E-02  0.0000E+00  0.1931E-03  0.0000E+00  0.6951E-02  0.0000E+00  0.4790E-03  0.0000E+00  0.9400E-02  0.0000E+00  0.2598E-03  0.0000E+00
     0.688  0.9207E-03  0.0000E+00  0.9895E-03  0.0000E+00  0.3858E-03  0.0000E+00  0.1258E-02  0.0000E+00  0.2007E-03  0.0000E+00  0.7080E-02  0.0000E+00  0.4875E-03  0.0000E+00  0.9492E-02  0.0000E+00  0.2645E-03  0.0000E+00
     0.698  0.9340E-03  0.0000E+00  0.1015E-02  0.0000E+00  0.3949E-03  0.0000E+00  0.1279E-02  0.0000E+00  0.2083E-03  0.0000E+00  0.7209E-02  0.0000E+00  0.4960E-03  0.0000E+00  0.9580E-02  0.0000E+00  0.2692E-03  0.0000E+00
     0.708  0.9752E-03  0.0000E+00  0.1077E-02  0.0000E+00  0.4187E-03  0.0000E+00  0.1308E-02  0.0000E+00  0.2220E-03  0.0000E+00  0.7568E-02  0.0000E+00  0.5201E-03  0.0000E+00  0.9720E-02  0.0000E+00  0.2767E-03  0.0000E+00
     0.718  0.1047E-02  0.0000E+00  0.1163E-02  0.0000E+00  0.4584E-03  0.0000E+00  0.1393E-02  0.0000E+00  0.2420E-03  0.0000E+00  0.8068E-02  0.0000E+00  0.5614E-03  0.0000E+00  0.1021E-01  0.0000E+00  0.2983E-03  0.0000E+00
     0.728  0.1118E-02  0.0000E+00  0.1249E-02  0.0000E+00  0.4985E-03  0.0000E+00  0.1487E-02  0.0000E+00  0.2631E-03  0.0000E+00  0.8567E-02  0.0000E+00  0.6028E-03  0.0000E+00  0.1076E-01  0.0000E+00  0.3221E-03  0.0000E+00
     0.738  0.1185E-02  0.2043E-02  0.1334E-02  0.6620E-02  0.5369E-03  0.2053E-03  0.1576E-02  0.7607E-02  0.2847E-03  0.2118E-02  0.9056E-02  0.4463E+00  0.6419E-03  0.7477E-03  0.1127E-01  0.5818E+00  0.3450E-03  0.1219E-01
     0.748  0.1248E-02  0.1560E-02  0.1419E-02  0.5257E-02  0.5735E-03  0.1577E-03  0.1663E-02  0.5213E-02  0.3069E-03  0.1713E-02  0.9537E-02  0.3446E+00  0.6787E-03  0.5596E-03  0.1176E-01  0.3882E+00  0.3671E-03  0.9192E-02
     0.758  0.1306E-02  0.1506E-02  0.1502E-02  0.4839E-02  0.6083E-03  0.1555E-03  0.1745E-02  0.4843E-02  0.3297E-03  0.1721E-02  0.1001E-01  0.3122E+00  0.7131E-03  0.5450E-03  0.1221E-01  0.3552E+00  0.3884E-03  0.9277E-02
     0.768  0.1360E-02  0.1466E-02  0.1585E-02  0.4402E-02  0.6415E-03  0.1549E-03  0.1825E-02  0.4470E-02  0.3530E-03  0.1717E-02  0.1047E-01  0.2787E+00  0.7452E-03  0.5348E-03  0.1264E-01  0.3221E+00  0.4088E-03  0.9410E-02
     0.778  0.1410E-02  0.1488E-02  0.1667E-02  0.4325E-02  0.6729E-03  0.1598E-03  0.1900E-02  0.4371E-02  0.3768E-03  0.1821E-02  0.1093E-01  0.2695E+00  0.7749E-03  0.5464E-03  0.1304E-01  0.3103E+00  0.4284E-03  0.9886E-02
     0.788  0.1455E-02  0.1536E-02  0.1749E-02  0.4432E-02  0.7025E-03  0.1669E-03  0.1972E-02  0.4405E-02  0.4012E-03  0.1985E-02  0.1137E-01  0.2724E+00  0.8023E-03  0.5675E-03  0.1341E-01  0.3086E+00  0.4472E-03  0.1052E-01
     0.798  0.1351E-02  0.1584E-02  0.1783E-02  0.4530E-02  0.6709E-03  0.1741E-03  0.1387E-02  0.4429E-02  0.3705E-03  0.2151E-02  0.1149E-01  0.2747E+00  0.7472E-03  0.5887E-03  0.9292E-02  0.3060E+00  0.2945E-03  0.1117E-01
     0.808  0.1191E-02  0.1683E-02  0.1054E-02  0.4672E-02  0.6173E-03  0.1879E-03  0.1288E-02  0.4669E-02  0.2174E-03  0.2515E-02  0.6652E-02  0.2789E+00  0.6823E-03  0.6322E-03  0.8385E-02  0.3158E+00  0.2727E-03  0.1314E-01
     0.818  0.1258E-02  0.1940E-02  0.1084E-02  0.5118E-02  0.6741E-03  0.2188E-03  0.1339E-02  0.5421E-02  0.2239E-03  0.3629E-02  0.6648E-02  0.2984E+00  0.7295E-03  0.7262E-03  0.8365E-02  0.3540E+00  0.2758E-03  0.1945E-01
     0.828  0.1650E-02  0.1873E-02  0.1412E-02  0.5106E-02  0.9019E-03  0.2151E-03  0.1563E-02  0.4369E-02  0.3384E-03  0.2701E-02  0.8450E-02  0.2915E+00  0.1001E-02  0.7057E-03  0.9407E-02  0.2800E+00  0.2814E-03  0.1307E-01
     0.838  0.1650E-02  0.1863E-02  0.1290E-02  0.5084E-02  0.9199E-03  0.2190E-03  0.1494E-02  0.3572E-02  0.3023E-03  0.1969E-02  0.7680E-02  0.2840E+00  0.1005E-02  0.7096E-03  0.8898E-02  0.2231E+00  0.2678E-03  0.8254E-02
     0.848  0.1636E-02  0.1987E-02  0.1167E-02  0.5299E-02  0.9303E-03  0.2367E-03  0.1427E-02  0.3600E-02  0.2666E-03  0.2058E-02  0.6906E-02  0.2909E+00  0.9995E-03  0.7586E-03  0.8402E-02  0.2210E+00  0.2540E-03  0.8299E-02
     0.858  0.1607E-02  0.2103E-02  0.1043E-02  0.5511E-02  0.9329E-03  0.2536E-03  0.1361E-02  0.3624E-02  0.2312E-03  0.2153E-02  0.6129E-02  0.2975E+00  0.9849E-03  0.8041E-03  0.7917E-02  0.2187E+00  0.2401E-03  0.8321E-02
     0.868  0.1569E-02  0.2212E-02  0.9368E-03  0.5718E-02  0.9279E-03  0.2696E-03  0.1306E-02  0.3644E-02  0.2020E-03  0.2254E-02  0.5463E-02  0.3037E+00  0.9645E-03  0.8462E-03  0.7504E-02  0.2160E+00  0.2266E-03  0.8319E-02
     0.878  0.1538E-02  0.1618E-02  0.8779E-03  0.3598E-02  0.9190E-03  0.2260E-03  0.1274E-02  0.2967E-02  0.1882E-03  0.1770E-02  0.5087E-02  0.1852E+00  0.9485E-03  0.7715E-03  0.7242E-02  0.1712E+00  0.2145E-03  0.8074E-02
     0.888  0.1503E-02  0.2088E-02  0.8194E-03  0.4448E-02  0.9080E-03  0.3211E-03  0.1241E-02  0.3220E-02  0.1746E-03  0.2427E-02  0.4715E-02  0.2189E+00  0.9305E-03  0.1167E-02  0.6977E-02  0.1787E+00  0.2020E-03  0.9134E-02
     0.898  0.1465E-02  0.2076E-02  0.7612E-03  0.3586E-02  0.8950E-03  0.3313E-03  0.1207E-02  0.2742E-02  0.1614E-03  0.1999E-02  0.4346E-02  0.1741E+00  0.9107E-03  0.1159E-02  0.6711E-02  0.1481E+00  0.1891E-03  0.8227E-02
     0.908  0.1424E-02  0.2001E-02  0.7034E-03  0.2750E-02  0.8800E-03  0.3289E-03  0.1173E-02  0.2276E-02  0.1485E-03  0.1559E-02  0.3981E-02  0.1312E+00  0.8889E-03  0.1099E-02  0.6442E-02  0.1189E+00  0.1759E-03  0.7264E-02
     0.918  0.1380E-02  0.1933E-02  0.6459E-03  0.2343E-02  0.8629E-03  0.3222E-03  0.1139E-02  0.2053E-02  0.1358E-03  0.1330E-02  0.3620E-02  0.1108E+00  0.8651E-03  0.1053E-02  0.6171E-02  0.1055E+00  0.1623E-03  0.6685E-02
     0.928  0.1342E-02  0.1882E-02  0.5996E-03  0.2124E-02  0.8490E-03  0.3184E-03  0.1107E-02  0.1899E-02  0.1251E-03  0.1218E-02  0.3330E-02  0.9969E-01  0.8449E-03  0.1033E-02  0.5921E-02  0.9637E-01  0.1494E-03  0.6291E-02
     0.938  0.1326E-02  0.1828E-02  0.5783E-03  0.1908E-02  0.8461E-03  0.3138E-03  0.1090E-02  0.1746E-02  0.1184E-03  0.1110E-02  0.3193E-02  0.8887E-01  0.8365E-03  0.1011E-02  0.5769E-02  0.8735E-01  0.1405E-03  0.5895E-02
     0.948  0.1314E-02  0.1769E-02  0.5592E-03  0.1697E-02  0.8445E-03  0.3085E-03  0.1093E-02  0.1594E-02  0.1125E-03  0.1003E-02  0.3070E-02  0.7832E-01  0.8298E-03  0.9875E-03  0.5740E-02  0.7845E-01  0.1365E-03  0.5498E-02
     0.958  0.1300E-02  0.1706E-02  0.5404E-03  0.1489E-02  0.8421E-03  0.3024E-03  0.1096E-02  0.1441E-02  0.1067E-03  0.8995E-03  0.2948E-02  0.6804E-01  0.8222E-03  0.9617E-03  0.5713E-02  0.6967E-01  0.1324E-03  0.5099E-02
     0.968  0.1285E-02  0.1641E-02  0.5218E-03  0.1290E-02  0.8388E-03  0.2956E-03  0.1099E-02  0.1310E-02  0.1009E-03  0.8086E-03  0.2829E-02  0.5824E-01  0.8139E-03  0.9339E-03  0.5685E-02  0.6224E-01  0.1281E-03  0.4790E-02
     0.978  0.1441E-02  0.1575E-02  0.5185E-03  0.1103E-02  0.9537E-03  0.2879E-03  0.1121E-02  0.1216E-02  0.9736E-04  0.7391E-03  0.2777E-02  0.4911E-01  0.9126E-03  0.9038E-03  0.5749E-02  0.5714E-01  0.1281E-03  0.4650E-02
     0.988  0.1770E-02  0.1750E-02  0.5318E-03  0.1071E-02  0.1191E-02  0.3186E-03  0.1163E-02  0.1226E-02  0.9613E-04  0.6903E-03  0.2798E-02  0.4677E-01  0.1122E-02  0.9793E-03  0.5908E-02  0.5681E-01  0.1325E-03  0.4660E-02
     0.998  0.2106E-02  0.1983E-02  0.5473E-03  0.1067E-02  0.1435E-02  0.3598E-03  0.1205E-02  0.1256E-02  0.9503E-04  0.6460E-03  0.2831E-02  0.4555E-01  0.1336E-02  0.1084E-02  0.6071E-02  0.5735E-01  0.1372E-03  0.4702E-02
     1.008  0.2450E-02  0.2220E-02  0.5651E-03  0.1064E-02  0.1685E-02  0.4027E-03  0.1249E-02  0.1286E-02  0.9405E-04  0.6027E-03  0.2874E-02  0.4435E-01  0.1557E-02  0.1195E-02  0.6239E-02  0.5782E-01  0.1422E-03  0.4747E-02
     1.018  0.2853E-02  0.2462E-02  0.6132E-03  0.1062E-02  0.1984E-02  0.4472E-03  0.1300E-02  0.1314E-02  0.9486E-04  0.5605E-03  0.3060E-02  0.4318E-01  0.1819E-02  0.1310E-02  0.6441E-02  0.5822E-01  0.1502E-03  0.4796E-02
     1.028  0.3661E-02  0.2708E-02  0.7541E-03  0.1060E-02  0.2605E-02  0.4934E-03  0.1554E-02  0.1342E-02  0.1024E-03  0.5194E-03  0.3678E-02  0.4204E-01  0.2367E-02  0.1431E-02  0.7585E-02  0.5856E-01  0.1703E-03  0.4847E-02
     1.038  0.4491E-02  0.2958E-02  0.8944E-03  0.1059E-02  0.3246E-02  0.5412E-03  0.1798E-02  0.1369E-02  0.1102E-03  0.4793E-03  0.4290E-02  0.4093E-01  0.2930E-02  0.1557E-02  0.8686E-02  0.5883E-01  0.1908E-03  0.4901E-02
     1.048  0.7106E-02  0.3279E-02  0.1229E-02  0.1257E-02  0.5220E-02  0.6072E-03  0.2181E-02  0.1410E-02  0.1389E-03  0.4475E-03  0.5830E-02  0.4640E-01  0.4686E-02  0.1738E-02  0.1044E-01  0.5950E-01  0.2500E-03  0.5082E-02
     1.058  0.8645E-02  0.4143E-02  0.1393E-02  0.1740E-02  0.6492E-02  0.8072E-03  0.2689E-02  0.1479E-02  0.1696E-03  0.4611E-03  0.6536E-02  0.6067E-01  0.5778E-02  0.2293E-02  0.1267E-01  0.6046E-01  0.2718E-03  0.5528E-02
     1.069  0.8126E-02  0.5356E-02  0.1365E-02  0.2460E-02  0.6165E-02  0.1091E-02  0.2604E-02  0.1787E-02  0.1664E-03  0.5268E-03  0.6355E-02  0.8268E-01  0.5457E-02  0.3092E-02  0.1217E-01  0.6919E-01  0.2516E-03  0.6094E-02
     1.079  0.7494E-02  0.5250E-02  0.1323E-02  0.2430E-02  0.5749E-02  0.1094E-02  0.2496E-02  0.1915E-02  0.1617E-03  0.5313E-03  0.6111E-02  0.8053E-01  0.5061E-02  0.3090E-02  0.1157E-01  0.7176E-01  0.2291E-03  0.5744E-02
     1.089  0.7007E-02  0.5140E-02  0.1275E-02  0.2395E-02  0.5428E-02  0.1096E-02  0.2326E-02  0.2081E-02  0.1544E-03  0.5361E-03  0.5831E-02  0.7821E-01  0.4745E-02  0.3087E-02  0.1071E-01  0.7564E-01  0.2218E-03  0.5388E-02
     1.099  0.6417E-02  0.5668E-02  0.1154E-02  0.2473E-02  0.5036E-02  0.1266E-02  0.1901E-02  0.3609E-02  0.1409E-03  0.5581E-03  0.5174E-02  0.7985E-01  0.4364E-02  0.3522E-02  0.8624E-02  0.1261E+00  0.2028E-03  0.5045E-02
     1.109  0.6042E-02  0.5099E-02  0.1067E-02  0.2365E-02  0.4824E-02  0.1161E-02  0.1573E-02  0.3397E-02  0.1312E-03  0.5138E-03  0.4688E-02  0.7532E-01  0.4127E-02  0.3197E-02  0.7004E-02  0.1167E+00  0.2037E-03  0.4148E-02
     1.119  0.6041E-02  0.4547E-02  0.1079E-02  0.2260E-02  0.4904E-02  0.1059E-02  0.1548E-02  0.3193E-02  0.1325E-03  0.4711E-03  0.4692E-02  0.7089E-01  0.4133E-02  0.2881E-02  0.6845E-02  0.1076E+00  0.2346E-03  0.3261E-02
     1.129  0.6045E-02  0.4012E-02  0.1090E-02  0.2157E-02  0.4988E-02  0.9594E-03  0.1525E-02  0.2998E-02  0.1336E-03  0.4301E-03  0.4690E-02  0.6656E-01  0.4144E-02  0.2574E-02  0.6690E-02  0.9890E-01  0.2670E-03  0.2385E-02
     1.139  0.6055E-02  0.3560E-02  0.1099E-02  0.2073E-02  0.5078E-02  0.8756E-03  0.1502E-02  0.2853E-02  0.1347E-03  0.4016E-03  0.4680E-02  0.6296E-01  0.4158E-02  0.2313E-02  0.6541E-02  0.9221E-01  0.3008E-03  0.1752E-02
     1.149  0.6070E-02  0.3339E-02  0.1107E-02  0.2031E-02  0.5172E-02  0.8369E-03  0.1481E-02  0.2809E-02  0.1356E-03  0.4014E-03  0.4663E-02  0.6103E-01  0.4176E-02  0.2181E-02  0.6396E-02  0.8973E-01  0.3360E-03  0.1647E-02
     1.159  0.5886E-02  0.3577E-02  0.9004E-03  0.2078E-02  0.5169E-02  0.9114E-03  0.1384E-02  0.3029E-02  0.1154E-03  0.4382E-03  0.3784E-02  0.6148E-01  0.4089E-02  0.2317E-02  0.5905E-02  0.9509E-01  0.2846E-03  0.1660E-02
     1.169  0.5804E-02  0.3989E-02  0.8180E-03  0.2033E-02  0.5189E-02  0.1039E-02  0.1257E-02  0.3320E-02  0.1086E-03  0.4714E-03  0.3428E-02  0.5902E-01  0.4057E-02  0.2560E-02  0.5333E-02  0.1021E+00  0.2483E-03  0.1664E-02
     1.179  0.5767E-02  0.4107E-02  0.7635E-03  0.1824E-02  0.5232E-02  0.1094E-02  0.1154E-02  0.3262E-02  0.1042E-03  0.4671E-03  0.3188E-02  0.5208E-01  0.4050E-02  0.2640E-02  0.4861E-02  0.9893E-01  0.2224E-03  0.1543E-02
     1.189  0.5758E-02  0.4036E-02  0.7411E-03  0.1676E-02  0.5274E-02  0.1091E-02  0.1103E-02  0.3043E-02  0.1033E-03  0.4548E-03  0.3081E-02  0.4727E-01  0.4054E-02  0.2604E-02  0.4601E-02  0.9152E-01  0.2062E-03  0.1424E-02
     1.199  0.6048E-02  0.3971E-02  0.7594E-03  0.1531E-02  0.5614E-02  0.1088E-02  0.1122E-02  0.2817E-02  0.1104E-03  0.4414E-03  0.3131E-02  0.4259E-01  0.4275E-02  0.2570E-02  0.4622E-02  0.8396E-01  0.1992E-03  0.1311E-02
     1.209  0.6732E-02  0.3898E-02  0.8271E-03  0.1426E-02  0.6350E-02  0.1080E-02  0.1233E-02  0.2620E-02  0.1280E-03  0.4320E-03  0.3369E-02  0.3920E-01  0.4781E-02  0.2527E-02  0.4995E-02  0.7734E-01  0.2038E-03  0.1222E-02
     1.219  0.7431E-02  0.3821E-02  0.8916E-03  0.1339E-02  0.7106E-02  0.1069E-02  0.1343E-02  0.2442E-02  0.1461E-03  0.4246E-03  0.3593E-02  0.3641E-01  0.5298E-02  0.2480E-02  0.5363E-02  0.7131E-01  0.2088E-03  0.1145E-02
     1.229  0.8145E-02  0.4255E-02  0.9526E-03  0.1362E-02  0.7882E-02  0.1199E-02  0.1452E-02  0.2399E-02  0.1648E-03  0.4833E-03  0.3800E-02  0.3619E-01  0.5826E-02  0.2729E-02  0.5725E-02  0.6872E-01  0.2142E-03  0.1323E-02
     1.239  0.1257E-01  0.5646E-02  0.1435E-02  0.1549E-02  0.1243E-01  0.1614E-02  0.1855E-02  0.2540E-02  0.2619E-03  0.6481E-03  0.5633E-02  0.3963E-01  0.9060E-02  0.3577E-02  0.7109E-02  0.7046E-01  0.2371E-03  0.1751E-02
     1.249  0.1283E-01  0.7765E-02  0.1393E-02  0.1999E-02  0.1279E-01  0.2240E-02  0.1924E-02  0.2764E-02  0.2710E-03  0.9269E-03  0.5438E-02  0.4788E-01  0.9259E-02  0.4895E-02  0.7330E-02  0.7410E-01  0.2400E-03  0.2298E-02
     1.259  0.1870E-01  0.8649E-02  0.2185E-02  0.2011E-02  0.1882E-01  0.2503E-02  0.3977E-02  0.2865E-02  0.5894E-03  0.1048E-02  0.8230E-02  0.4771E-01  0.1348E-01  0.5407E-02  0.1492E-01  0.7480E-01  0.4582E-03  0.2676E-02
     1.269  0.1059E-01  0.9200E-02  0.1210E-02  0.1979E-02  0.1079E-01  0.2667E-02  0.1891E-02  0.2873E-02  0.2606E-03  0.1140E-02  0.4602E-02  0.4651E-01  0.7660E-02  0.5698E-02  0.7034E-02  0.7418E-01  0.2158E-03  0.3013E-02
     1.279  0.8195E-02  0.2304E-01  0.1003E-02  0.4084E-02  0.8470E-02  0.6584E-02  0.1538E-02  0.7276E-02  0.1970E-03  0.3682E-02  0.3791E-02  0.9248E-01  0.5939E-02  0.1359E-01  0.5668E-02  0.1794E+00  0.1665E-03  0.1136E-01
     1.289  0.7698E-02  0.5658E-02  0.9136E-03  0.1473E-02  0.8061E-02  0.1702E-02  0.1450E-02  0.2389E-02  0.1849E-03  0.7392E-03  0.3416E-02  0.3335E-01  0.5587E-02  0.3581E-02  0.5298E-02  0.5978E-01  0.1533E-03  0.1929E-02
     1.299  0.8238E-02  0.5349E-02  0.8868E-03  0.1333E-02  0.8701E-02  0.1625E-02  0.1392E-02  0.2213E-02  0.1871E-03  0.7016E-03  0.3298E-02  0.2967E-01  0.5984E-02  0.3375E-02  0.5033E-02  0.5455E-01  0.1437E-03  0.1868E-02
     1.309  0.8729E-02  0.5572E-02  0.8573E-03  0.1255E-02  0.9295E-02  0.1705E-02  0.1349E-02  0.2011E-02  0.1880E-03  0.7116E-03  0.3168E-02  0.2735E-01  0.6345E-02  0.3506E-02  0.4823E-02  0.4850E-01  0.1350E-03  0.1879E-02
     1.319  0.5720E-02  0.5737E-02  0.7000E-03  0.1176E-02  0.6189E-02  0.1768E-02  0.1173E-02  0.1846E-02  0.1489E-03  0.7193E-03  0.2517E-02  0.2503E-01  0.4170E-02  0.3603E-02  0.4166E-02  0.4338E-01  0.1114E-03  0.1894E-02
     1.329  0.2453E-02  0.3861E-02  0.5510E-03  0.9921E-03  0.2782E-02  0.1194E-02  0.9518E-03  0.1590E-02  0.1061E-03  0.5587E-03  0.1897E-02  0.2071E-01  0.1808E-02  0.2403E-02  0.3368E-02  0.3671E-01  0.8845E-04  0.1629E-02
     1.339  0.2684E-02  0.2041E-02  0.5948E-03  0.8198E-03  0.3067E-02  0.6323E-03  0.1024E-02  0.1282E-02  0.1165E-03  0.3868E-03  0.2033E-02  0.1667E-01  0.1982E-02  0.1237E-02  0.3588E-02  0.2895E-01  0.9258E-04  0.1342E-02
     1.349  0.3709E-02  0.1889E-02  0.8112E-03  0.8229E-03  0.4321E-02  0.5902E-03  0.1491E-02  0.1277E-02  0.1795E-03  0.3766E-03  0.2735E-02  0.1653E-01  0.2759E-02  0.1142E-02  0.5091E-02  0.2855E-01  0.1267E-03  0.1316E-02
     1.359  0.4836E-02  0.2231E-02  0.1022E-02  0.1001E-02  0.5703E-02  0.7144E-03  0.1933E-02  0.1613E-02  0.2431E-03  0.4893E-03  0.3413E-02  0.1968E-01  0.3613E-02  0.1366E-02  0.6500E-02  0.3518E-01  0.1594E-03  0.1574E-02
     1.369  0.6067E-02  0.2977E-02  0.1227E-02  0.1310E-02  0.7212E-02  0.9833E-03  0.2349E-02  0.2173E-02  0.3073E-03  0.7139E-03  0.4068E-02  0.2518E-01  0.4546E-02  0.1852E-02  0.7815E-02  0.4621E-01  0.1908E-03  0.2105E-02
     1.379  0.9190E-02  0.3819E-02  0.1544E-02  0.1620E-02  0.1108E-01  0.1286E-02  0.2657E-02  0.2700E-02  0.3823E-03  0.9466E-03  0.5081E-02  0.3070E-01  0.6919E-02  0.2398E-02  0.8735E-02  0.5650E-01  0.2131E-03  0.2590E-02
     1.389  0.1214E-01  0.4912E-02  0.1650E-02  0.1739E-02  0.1498E-01  0.1698E-02  0.2609E-02  0.2908E-02  0.3995E-03  0.1094E-02  0.5384E-02  0.3246E-01  0.9205E-02  0.3135E-02  0.8461E-02  0.5976E-01  0.2252E-03  0.2899E-02
     1.399  0.1482E-01  0.6800E-02  0.1571E-02  0.1616E-02  0.1889E-01  0.2429E-02  0.2384E-02  0.2597E-02  0.3774E-03  0.1118E-02  0.5090E-02  0.2935E-01  0.1134E-01  0.4427E-02  0.7588E-02  0.5190E-01  0.2398E-03  0.3000E-02
     1.409  0.1790E-01  0.7771E-02  0.1784E-02  0.1529E-02  0.2306E-01  0.2822E-02  0.2785E-02  0.2239E-02  0.4398E-03  0.1117E-02  0.5724E-02  0.2704E-01  0.1373E-01  0.5084E-02  0.8766E-02  0.4353E-01  0.2970E-03  0.3033E-02
     1.419  0.2054E-01  0.8660E-02  0.1872E-02  0.1715E-02  0.2720E-01  0.3195E-02  0.2700E-02  0.2614E-02  0.4252E-03  0.1204E-02  0.5778E-02  0.2965E-01  0.1585E-01  0.5708E-02  0.8179E-02  0.4963E-01  0.3083E-03  0.3152E-02
     1.429  0.2278E-01  0.9415E-02  0.2579E-02  0.1997E-02  0.3051E-01  0.3547E-02  0.3279E-02  0.3143E-02  0.4835E-03  0.1212E-02  0.7844E-02  0.3364E-01  0.1765E-01  0.6261E-02  0.9801E-02  0.5787E-01  0.4033E-03  0.2875E-02
     1.439  0.2394E-01  0.9545E-02  0.3059E-02  0.2223E-02  0.3241E-01  0.3673E-02  0.3690E-02  0.3494E-02  0.5150E-03  0.1167E-02  0.9219E-02  0.3662E-01  0.1862E-01  0.6391E-02  0.1093E-01  0.6310E-01  0.4731E-03  0.2669E-02
     1.449  0.2280E-01  0.9977E-02  0.2877E-02  0.3095E-02  0.3126E-01  0.3901E-02  0.3572E-02  0.4478E-02  0.4893E-03  0.1195E-02  0.8607E-02  0.5002E-01  0.1778E-01  0.6738E-02  0.1051E-01  0.7924E-01  0.4705E-03  0.2981E-02
     1.459  0.2173E-01  0.9652E-02  0.2673E-02  0.3348E-02  0.3023E-01  0.3831E-02  0.3421E-02  0.4820E-02  0.4577E-03  0.1141E-02  0.7933E-02  0.5354E-01  0.1700E-01  0.6548E-02  0.9993E-02  0.8423E-01  0.4588E-03  0.3016E-02
     1.469  0.2072E-01  0.8811E-02  0.2459E-02  0.3106E-02  0.2930E-01  0.3554E-02  0.3258E-02  0.4584E-02  0.4240E-03  0.1030E-02  0.7236E-02  0.4922E-01  0.1627E-01  0.5981E-02  0.9438E-02  0.7925E-01  0.4430E-03  0.2836E-02
     1.479  0.1973E-01  0.8026E-02  0.2240E-02  0.2857E-02  0.2838E-01  0.3298E-02  0.3089E-02  0.4344E-02  0.3897E-03  0.9224E-03  0.6529E-02  0.4485E-01  0.1556E-01  0.5452E-02  0.8871E-02  0.7425E-01  0.4254E-03  0.2648E-02
     1.489  0.1946E-01  0.7306E-02  0.2000E-02  0.2562E-02  0.2867E-01  0.3082E-02  0.2811E-02  0.4038E-02  0.3364E-03  0.7979E-03  0.5785E-02  0.3974E-01  0.1544E-01  0.4972E-02  0.7987E-02  0.6815E-01  0.3843E-03  0.2358E-02
     1.499  0.1962E-01  0.7004E-02  0.1788E-02  0.2217E-02  0.2959E-01  0.3084E-02  0.2546E-02  0.3596E-02  0.2929E-03  0.6727E-03  0.5137E-02  0.3372E-01  0.1566E-01  0.4798E-02  0.7159E-02  0.5976E-01  0.3478E-03  0.1943E-02
     1.509  0.2050E-01  0.7079E-02  0.1443E-02  0.1917E-02  0.3169E-01  0.3212E-02  0.2210E-02  0.3224E-02  0.2502E-03  0.6225E-03  0.4109E-02  0.2854E-01  0.1647E-01  0.4874E-02  0.6131E-02  0.5282E-01  0.2936E-03  0.1707E-02
     1.519  0.2091E-01  0.7351E-02  0.1419E-02  0.1781E-02  0.3270E-01  0.3415E-02  0.2143E-02  0.2986E-02  0.2367E-03  0.5896E-03  0.4026E-02  0.2603E-01  0.1685E-01  0.5087E-02  0.5908E-02  0.4831E-01  0.2896E-03  0.1566E-02
     1.529  0.2152E-01  0.7741E-02  0.1409E-02  0.1747E-02  0.3409E-01  0.3666E-02  0.2123E-02  0.2876E-02  0.2290E-03  0.5668E-03  0.3984E-02  0.2520E-01  0.1741E-01  0.5383E-02  0.5821E-02  0.4606E-01  0.2910E-03  0.1514E-02
     1.539  0.2272E-01  0.8170E-02  0.1418E-02  0.1720E-02  0.3638E-01  0.3935E-02  0.2120E-02  0.2772E-02  0.2257E-03  0.5472E-03  0.3999E-02  0.2446E-01  0.1842E-01  0.5705E-02  0.5785E-02  0.4394E-01  0.2933E-03  0.1468E-02
     1.549  0.2461E-01  0.8752E-02  0.1433E-02  0.1721E-02  0.3982E-01  0.4273E-02  0.2146E-02  0.2742E-02  0.2235E-03  0.5433E-03  0.4030E-02  0.2419E-01  0.2000E-01  0.6134E-02  0.5819E-02  0.4305E-01  0.2952E-03  0.1453E-02
     1.559  0.2795E-01  0.9399E-02  0.1368E-02  0.1723E-02  0.4622E-01  0.4645E-02  0.2030E-02  0.2733E-02  0.2063E-03  0.5414E-03  0.3817E-02  0.2394E-01  0.2282E-01  0.6607E-02  0.5440E-02  0.4252E-01  0.2579E-03  0.1465E-02
     1.569  0.3039E-01  0.1006E-01  0.1317E-02  0.1724E-02  0.5086E-01  0.5030E-02  0.1965E-02  0.2717E-02  0.2003E-03  0.5389E-03  0.3659E-02  0.2365E-01  0.2487E-01  0.7093E-02  0.5227E-02  0.4187E-01  0.2390E-03  0.1477E-02
     1.579  0.3305E-01  0.1076E-01  0.1288E-02  0.1536E-02  0.5587E-01  0.5535E-02  0.1930E-02  0.2267E-02  0.1990E-03  0.5096E-03  0.3561E-02  0.2056E-01  0.2711E-01  0.7638E-02  0.5091E-02  0.3426E-01  0.2270E-03  0.1345E-02
     1.589  0.3612E-01  0.1103E-01  0.1307E-02  0.1449E-02  0.6159E-01  0.5764E-02  0.1964E-02  0.2065E-02  0.2056E-03  0.4816E-03  0.3585E-02  0.1915E-01  0.2968E-01  0.7867E-02  0.5127E-02  0.3093E-01  0.2291E-03  0.1278E-02
     1.599  0.3925E-01  0.1193E-01  0.1328E-02  0.1372E-02  0.6744E-01  0.6314E-02  0.1993E-02  0.1892E-02  0.2127E-03  0.4613E-03  0.3611E-02  0.1786E-01  0.3231E-01  0.8531E-02  0.5148E-02  0.2804E-01  0.2310E-03  0.1221E-02
     1.609  0.4245E-01  0.1361E-01  0.1349E-02  0.1351E-02  0.7342E-01  0.7278E-02  0.2016E-02  0.1823E-02  0.2202E-03  0.4753E-03  0.3641E-02  0.1726E-01  0.3499E-01  0.9750E-02  0.5153E-02  0.2659E-01  0.2326E-03  0.1227E-02
     1.619  0.4440E-01  0.1542E-01  0.1345E-02  0.1352E-02  0.7721E-01  0.8310E-02  0.1974E-02  0.1788E-02  0.2207E-03  0.5013E-03  0.3613E-02  0.1692E-01  0.3664E-01  0.1105E-01  0.5011E-02  0.2560E-01  0.2263E-03  0.1256E-02
     1.629  0.7994E-01  0.1727E-01  0.2952E-02  0.1399E-02  0.1398E+00  0.9366E-02  0.2230E-02  0.1828E-02  0.3519E-03  0.5450E-03  0.7867E-02  0.1727E-01  0.6639E-01  0.1239E-01  0.5483E-02  0.2581E-01  0.3260E-03  0.1324E-02
     1.639  0.5363E-01  0.1909E-01  0.1698E-02  0.1446E-02  0.9611E-01  0.1041E-01  0.1514E-02  0.1867E-02  0.2647E-03  0.5896E-03  0.4431E-02  0.1762E-01  0.4465E-01  0.1371E-01  0.3694E-02  0.2600E-01  0.2263E-03  0.1391E-02
     1.649  0.5142E-01  0.2054E-01  0.1585E-02  0.1479E-02  0.9297E-01  0.1125E-01  0.1361E-02  0.1897E-02  0.2567E-03  0.6182E-03  0.4110E-02  0.1785E-01  0.4289E-01  0.1476E-01  0.3300E-02  0.2627E-01  0.2166E-03  0.1411E-02
     1.659  0.4891E-01  0.3584E-01  0.1488E-02  0.2406E-02  0.8923E-01  0.1983E-01  0.1213E-02  0.2393E-02  0.2481E-03  0.8829E-03  0.3827E-02  0.2827E-01  0.4087E-01  0.2609E-01  0.2919E-02  0.3217E-01  0.2060E-03  0.2073E-02
     1.669  0.4676E-01  0.3909E-01  0.1414E-02  0.2252E-02  0.8597E-01  0.2170E-01  0.1085E-02  0.2396E-02  0.2438E-03  0.9231E-03  0.3611E-02  0.2638E-01  0.3915E-01  0.2839E-01  0.2593E-02  0.3195E-01  0.1970E-03  0.2052E-02
     1.679  0.4452E-01  0.2583E-01  0.1349E-02  0.1719E-02  0.8247E-01  0.1466E-01  0.9639E-03  0.1664E-02  0.2400E-03  0.7510E-03  0.3415E-02  0.2000E-01  0.3733E-01  0.1888E-01  0.2284E-02  0.2178E-01  0.1878E-03  0.1385E-02
     1.689  0.3975E-01  0.4238E-01  0.1304E-02  0.3146E-02  0.7421E-01  0.2413E-01  0.9345E-03  0.2139E-02  0.3114E-03  0.2037E-02  0.3231E-02  0.3596E-01  0.3337E-01  0.3078E-01  0.2166E-02  0.2691E-01  0.2016E-03  0.2133E-02
     1.699  0.1136E-01  0.2645E-01  0.9731E-03  0.2467E-02  0.2176E-01  0.1541E-01  0.1137E-02  0.2052E-02  0.4511E-03  0.1600E-02  0.2252E-02  0.2760E-01  0.9617E-02  0.1953E-01  0.2540E-02  0.2540E-01  0.2256E-03  0.1655E-02
     1.709  0.1103E-01  0.2327E-01  0.1085E-02  0.2401E-02  0.2143E-01  0.1371E-01  0.1342E-02  0.2137E-02  0.5242E-03  0.1636E-02  0.2458E-02  0.2657E-01  0.9369E-02  0.1728E-01  0.2944E-02  0.2593E-01  0.2193E-03  0.1532E-02
     1.719  0.1297E-01  0.1992E-01  0.1402E-02  0.2224E-02  0.2590E-01  0.1189E-01  0.1780E-02  0.2150E-02  0.4677E-03  0.1503E-02  0.3013E-02  0.2435E-01  0.1104E-01  0.1489E-01  0.3797E-02  0.2563E-01  0.2615E-03  0.1393E-02
     1.729  0.1584E-01  0.1952E-01  0.1593E-02  0.2341E-02  0.3200E-01  0.1183E-01  0.1912E-02  0.2474E-02  0.5454E-03  0.1515E-02  0.3399E-02  0.2513E-01  0.1355E-01  0.1453E-01  0.4026E-02  0.2858E-01  0.2700E-03  0.1818E-02
     1.739  0.2087E-01  0.1569E-01  0.1914E-02  0.2031E-02  0.4255E-01  0.9675E-02  0.2096E-02  0.2404E-02  0.6402E-03  0.1450E-02  0.4048E-02  0.2149E-01  0.1791E-01  0.1171E-01  0.4349E-02  0.2731E-01  0.2830E-03  0.1682E-02
     1.749  0.2751E-01  0.1289E-01  0.2361E-02  0.1838E-02  0.5648E-01  0.8075E-02  0.2361E-02  0.2322E-02  0.7440E-03  0.1447E-02  0.4944E-02  0.1909E-01  0.2364E-01  0.9624E-02  0.4818E-02  0.2598E-01  0.3002E-03  0.1562E-02
     1.759  0.3286E-01  0.1293E-01  0.2818E-02  0.1864E-02  0.6786E-01  0.8185E-02  0.2655E-02  0.2387E-02  0.8463E-03  0.1506E-02  0.5836E-02  0.1914E-01  0.2827E-01  0.9711E-02  0.5345E-02  0.2638E-01  0.3196E-03  0.1524E-02
     1.769  0.4019E-01  0.2728E-01  0.3875E-02  0.2261E-02  0.8464E-01  0.1788E-01  0.4441E-02  0.2753E-02  0.1098E-02  0.2399E-02  0.7699E-02  0.2259E-01  0.3461E-01  0.2067E-01  0.8746E-02  0.2982E-01  0.3386E-03  0.1826E-02
     1.779  0.3227E-01  0.3153E-01  0.2933E-02  0.2003E-02  0.6937E-01  0.2097E-01  0.3662E-02  0.2641E-02  0.7727E-03  0.2165E-02  0.5719E-02  0.1987E-01  0.2791E-01  0.2375E-01  0.7140E-02  0.2801E-01  0.2928E-03  0.1609E-02
     1.789  0.2067E-01  0.4440E-01  0.1499E-02  0.2736E-02  0.4569E-01  0.2976E-01  0.3436E-02  0.3578E-02  0.4057E-03  0.2245E-02  0.3085E-02  0.2682E-01  0.1819E-01  0.3355E-01  0.6666E-02  0.3745E-01  0.2752E-03  0.2138E-02
     1.799  0.1979E-01  0.3878E-01  0.1431E-02  0.2069E-02  0.4389E-01  0.2612E-01  0.3474E-02  0.3061E-02  0.3716E-03  0.1986E-02  0.2925E-02  0.2014E-01  0.1743E-01  0.2920E-01  0.6697E-02  0.3159E-01  0.2815E-03  0.1725E-02
     1.809  0.1429E-01  0.2127E-01  0.1189E-02  0.1502E-02  0.3171E-01  0.1447E-01  0.2914E-02  0.2878E-02  0.3269E-03  0.1250E-02  0.2368E-02  0.1448E-01  0.1257E-01  0.1617E-01  0.5553E-02  0.2899E-01  0.2778E-03  0.1407E-02
     1.819  0.8559E-02  0.1146E-01  0.9523E-03  0.1319E-02  0.1894E-01  0.8045E-02  0.2360E-02  0.3676E-02  0.2804E-03  0.7187E-03  0.1819E-02  0.1248E-01  0.7510E-02  0.9030E-02  0.4422E-02  0.3616E-01  0.2757E-03  0.1340E-02
     1.829  0.6759E-02  0.1118E-01  0.9194E-03  0.1366E-02  0.1496E-01  0.7959E-02  0.2358E-02  0.4320E-02  0.2570E-03  0.6348E-03  0.1719E-02  0.1278E-01  0.5918E-02  0.8876E-02  0.4381E-02  0.4201E-01  0.2902E-03  0.1489E-02
     1.839  0.5937E-02  0.8628E-02  0.9299E-03  0.1216E-02  0.1328E-01  0.6201E-02  0.2437E-02  0.4160E-02  0.2565E-03  0.5451E-03  0.1714E-02  0.1111E-01  0.5212E-02  0.6853E-02  0.4499E-02  0.3991E-01  0.3215E-03  0.1718E-02
     1.849  0.1005E-01  0.5648E-02  0.2005E-02  0.9197E-03  0.2407E-01  0.4084E-02  0.5825E-02  0.3023E-02  0.7577E-03  0.5050E-03  0.3632E-02  0.8144E-02  0.8920E-02  0.4434E-02  0.1049E-01  0.2860E-01  0.8813E-03  0.1742E-02
     1.859  0.6443E-02  0.1207E-01  0.1839E-02  0.2489E-02  0.1578E-01  0.8975E-02  0.4158E-02  0.8504E-02  0.6673E-03  0.1650E-02  0.3278E-02  0.2070E-01  0.5789E-02  0.9367E-02  0.7466E-02  0.7881E-01  0.7349E-03  0.6008E-02
     1.869  0.3879E-02  0.5634E-02  0.1179E-02  0.1468E-02  0.9624E-02  0.4276E-02  0.2465E-02  0.3802E-02  0.3545E-03  0.1129E-02  0.2045E-02  0.1215E-01  0.3486E-02  0.4448E-02  0.4410E-02  0.3509E-01  0.5012E-03  0.3126E-02
     1.879  0.3451E-02  0.3825E-02  0.1045E-02  0.8559E-03  0.8678E-02  0.2927E-02  0.2174E-02  0.2308E-02  0.3095E-03  0.5656E-03  0.1795E-02  0.7023E-02  0.3107E-02  0.2986E-02  0.3880E-02  0.2129E-01  0.4771E-03  0.2280E-02
     1.889  0.3313E-02  0.3655E-02  0.9766E-03  0.7847E-03  0.8448E-02  0.2830E-02  0.2000E-02  0.2108E-02  0.2993E-03  0.5348E-03  0.1671E-02  0.6395E-02  0.2992E-02  0.2858E-02  0.3562E-02  0.1941E-01  0.4716E-03  0.2253E-02
     1.899  0.3836E-02  0.3759E-02  0.9208E-03  0.7241E-03  0.1022E-01  0.2984E-02  0.1882E-02  0.1964E-02  0.3013E-03  0.5217E-03  0.1568E-02  0.5848E-02  0.3490E-02  0.2947E-02  0.3333E-02  0.1799E-01  0.4705E-03  0.2252E-02
     1.909  0.5358E-02  0.4021E-02  0.8858E-03  0.6704E-03  0.1500E-01  0.3283E-02  0.1849E-02  0.1851E-02  0.3170E-03  0.5178E-03  0.1503E-02  0.5356E-02  0.4914E-02  0.3163E-02  0.3242E-02  0.1682E-01  0.4748E-03  0.2263E-02
     1.919  0.7052E-02  0.4308E-02  0.8530E-03  0.6183E-03  0.2029E-01  0.3604E-02  0.1831E-02  0.1740E-02  0.3295E-03  0.5143E-03  0.1444E-02  0.4877E-02  0.6500E-02  0.3398E-02  0.3173E-02  0.1567E-01  0.4785E-03  0.2273E-02
     1.929  0.8671E-02  0.4713E-02  0.8480E-03  0.6087E-03  0.2559E-01  0.4031E-02  0.1815E-02  0.1684E-02  0.3398E-03  0.5425E-03  0.1430E-02  0.4711E-02  0.8043E-02  0.3730E-02  0.3102E-02  0.1495E-01  0.4794E-03  0.2298E-02
     1.939  0.1104E-01  0.4228E-02  0.8473E-03  0.5303E-03  0.3380E-01  0.3757E-02  0.1619E-02  0.1161E-02  0.3229E-03  0.4600E-03  0.1411E-02  0.4001E-02  0.1033E-01  0.3379E-02  0.2700E-02  0.9855E-02  0.3730E-03  0.1338E-02
     1.949  0.1187E-01  0.3513E-02  0.5908E-03  0.4834E-03  0.3776E-01  0.3261E-02  0.1076E-02  0.1045E-02  0.1842E-03  0.3781E-03  0.9623E-03  0.3545E-02  0.1121E-01  0.2848E-02  0.1701E-02  0.8292E-02  0.5486E-04  0.3785E-03
     1.959  0.1741E-01  0.5393E-02  0.1011E-02  0.1125E-02  0.5516E-01  0.5012E-02  0.1614E-02  0.1884E-02  0.2703E-03  0.6231E-03  0.1652E-02  0.8206E-02  0.1647E-01  0.4433E-02  0.2524E-02  0.1461E-01  0.6404E-04  0.3847E-03
     1.969  0.2340E-01  0.9224E-02  0.1536E-02  0.2203E-02  0.7395E-01  0.8570E-02  0.2296E-02  0.3373E-02  0.3631E-03  0.1054E-02  0.2517E-02  0.1603E-01  0.2216E-01  0.7660E-02  0.3556E-02  0.2582E-01  0.7267E-04  0.4910E-03
     1.979  0.3020E-01  0.8751E-02  0.2112E-02  0.2017E-02  0.9596E-01  0.8245E-02  0.3139E-02  0.3470E-02  0.5066E-03  0.9431E-03  0.3482E-02  0.1462E-01  0.2863E-01  0.7272E-02  0.4809E-02  0.2642E-01  0.8235E-04  0.4971E-03
     1.989  0.3732E-01  0.7378E-02  0.2303E-02  0.1663E-02  0.1192E+00  0.7087E-02  0.3688E-02  0.2867E-02  0.5003E-03  0.7785E-03  0.3848E-02  0.1189E-01  0.3544E-01  0.6122E-02  0.5630E-02  0.2164E-01  0.9126E-04  0.4834E-03
     1.999  0.2275E-01  0.6462E-02  0.1131E-02  0.1434E-02  0.7626E-01  0.6364E-02  0.1481E-02  0.2264E-02  0.2365E-03  0.6651E-03  0.1736E-02  0.1001E-01  0.2169E-01  0.5342E-02  0.2244E-02  0.1687E-01  0.8590E-04  0.4941E-03
     2.009  0.2459E-01  0.6447E-02  0.1283E-02  0.1541E-02  0.8338E-01  0.6475E-02  0.1608E-02  0.1841E-02  0.2577E-03  0.6497E-03  0.1902E-02  0.1049E-01  0.2349E-01  0.5304E-02  0.2400E-02  0.1346E-01  0.9783E-04  0.5549E-03
     2.019  0.2821E-01  0.7332E-02  0.1765E-02  0.1703E-02  0.9632E-01  0.7419E-02  0.1827E-02  0.2006E-02  0.3170E-03  0.7311E-03  0.2520E-02  0.1153E-01  0.2697E-01  0.6034E-02  0.2695E-02  0.1453E-01  0.1219E-03  0.7081E-03
     2.029  0.3030E-01  0.8095E-02  0.1736E-02  0.1716E-02  0.1041E+00  0.8251E-02  0.2044E-02  0.2207E-02  0.3426E-03  0.8097E-03  0.2461E-02  0.1159E-01  0.2899E-01  0.6668E-02  0.2978E-02  0.1584E-01  0.1494E-03  0.8887E-03
     2.039  0.3259E-01  0.8819E-02  0.1695E-02  0.1702E-02  0.1125E+00  0.9053E-02  0.2335E-02  0.2427E-02  0.3720E-03  0.8960E-03  0.2387E-02  0.1146E-01  0.3122E-01  0.7272E-02  0.3369E-02  0.1728E-01  0.1853E-03  0.1083E-02
     2.049  0.3567E-01  0.8899E-02  0.1625E-02  0.1582E-02  0.1238E+00  0.9207E-02  0.2659E-02  0.2464E-02  0.4017E-03  0.8972E-03  0.2275E-02  0.1063E-01  0.3421E-01  0.7346E-02  0.3801E-02  0.1745E-01  0.2242E-03  0.1100E-02
     2.059  0.4395E-01  0.7969E-02  0.1500E-02  0.1326E-02  0.1546E+00  0.8326E-02  0.2980E-02  0.2208E-02  0.4184E-03  0.7640E-03  0.2102E-02  0.8915E-02  0.4225E-01  0.6586E-02  0.4209E-02  0.1562E-01  0.2556E-03  0.8295E-03
     2.069  0.4189E-01  0.6962E-02  0.8843E-03  0.1066E-02  0.1500E+00  0.7362E-02  0.2293E-02  0.1973E-02  0.2616E-03  0.6418E-03  0.1287E-02  0.7167E-02  0.4044E-01  0.5763E-02  0.3185E-02  0.1394E-01  0.1222E-03  0.5636E-03
     2.079  0.4521E-01  0.5882E-02  0.6729E-03  0.8005E-03  0.1650E+00  0.6319E-02  0.1965E-02  0.1761E-02  0.1949E-03  0.5309E-03  0.1015E-02  0.5393E-02  0.4385E-01  0.4882E-02  0.2670E-02  0.1242E-01  0.7779E-04  0.3020E-03
     2.089  0.5177E-01  0.5177E-02  0.5934E-03  0.5519E-03  0.1931E+00  0.5658E-02  0.1774E-02  0.1641E-02  0.1490E-03  0.4570E-03  0.9124E-03  0.3734E-02  0.5046E-01  0.4313E-02  0.2330E-02  0.1154E-01  0.5381E-04  0.1498E-03
     2.099  0.5554E-01  0.5903E-02  0.5181E-03  0.4819E-03  0.2097E+00  0.6613E-02  0.1837E-02  0.1673E-02  0.1546E-03  0.4443E-03  0.8176E-03  0.3136E-02  0.5429E-01  0.4940E-02  0.2381E-02  0.1126E-01  0.4187E-04  0.1371E-03
     2.109  0.5975E-01  0.6600E-02  0.5126E-03  0.4919E-03  0.2280E+00  0.7538E-02  0.1952E-02  0.1773E-02  0.1680E-03  0.4641E-03  0.8154E-03  0.3123E-02  0.5855E-01  0.5540E-02  0.2505E-02  0.1164E-01  0.4044E-04  0.1429E-03
     2.119  0.6408E-01  0.7322E-02  0.5578E-03  0.5282E-03  0.2468E+00  0.8494E-02  0.2074E-02  0.1884E-02  0.1839E-03  0.4895E-03  0.8759E-03  0.3276E-02  0.6294E-01  0.6160E-02  0.2639E-02  0.1210E-01  0.4002E-04  0.1496E-03
     2.129  0.5722E-01  0.8358E-02  0.5845E-03  0.5570E-03  0.2235E+00  0.1012E-01  0.2057E-02  0.2012E-02  0.1933E-03  0.5155E-03  0.8801E-03  0.3337E-02  0.5641E-01  0.7080E-02  0.2603E-02  0.1252E-01  0.3606E-04  0.1491E-03
     2.139  0.8253E-01  0.8720E-02  0.1233E-02  0.5832E-03  0.3289E+00  0.1075E-01  0.3982E-02  0.2137E-02  0.3982E-03  0.5313E-03  0.1706E-02  0.3439E-02  0.8187E-01  0.7413E-02  0.4960E-02  0.1308E-01  0.1329E-03  0.1468E-03
     2.149  0.7238E-01  0.1163E-01  0.1480E-02  0.8916E-03  0.2928E+00  0.1445E-01  0.4518E-02  0.2469E-02  0.3868E-03  0.8640E-03  0.1946E-02  0.5164E-02  0.7211E-01  0.9890E-02  0.5535E-02  0.1489E-01  0.1493E-03  0.2995E-03
     2.159  0.6256E-01  0.1696E-01  0.1555E-02  0.2266E-02  0.2558E+00  0.2141E-01  0.4169E-02  0.7375E-02  0.3682E-03  0.9133E-03  0.1984E-02  0.1304E-01  0.6248E-01  0.1464E-01  0.5019E-02  0.4306E-01  0.1587E-03  0.8180E-03
     2.169  0.5531E-01  0.1433E-01  0.1572E-02  0.1477E-02  0.2289E+00  0.1859E-01  0.3902E-02  0.4771E-02  0.3636E-03  0.7872E-03  0.1959E-02  0.8212E-02  0.5537E-01  0.1234E-01  0.4620E-02  0.2749E-01  0.1650E-03  0.6682E-03
     2.179  0.5438E-01  0.1469E-01  0.1551E-02  0.1369E-02  0.2274E+00  0.1941E-01  0.3716E-02  0.4651E-02  0.3935E-03  0.7637E-03  0.1894E-02  0.7458E-02  0.5451E-01  0.1267E-01  0.4351E-02  0.2651E-01  0.1587E-03  0.6906E-03
     2.189  0.4418E-01  0.1490E-01  0.1395E-02  0.1227E-02  0.1888E+00  0.2000E-01  0.3278E-02  0.4356E-02  0.3741E-03  0.7320E-03  0.1683E-02  0.6563E-02  0.4452E-01  0.1286E-01  0.3802E-02  0.2465E-01  0.1472E-03  0.7035E-03
     2.199  0.4419E-01  0.1495E-01  0.1387E-02  0.1090E-02  0.1935E+00  0.2033E-01  0.3207E-02  0.4035E-02  0.3586E-03  0.7045E-03  0.1611E-02  0.5729E-02  0.4482E-01  0.1292E-01  0.3677E-02  0.2267E-01  0.1512E-03  0.7145E-03
     2.209  0.4630E-01  0.1510E-01  0.1307E-02  0.1053E-02  0.2080E+00  0.2081E-01  0.3209E-02  0.4022E-02  0.3490E-03  0.7225E-03  0.1468E-02  0.5405E-02  0.4727E-01  0.1305E-01  0.3646E-02  0.2240E-01  0.1457E-03  0.8055E-03
     2.219  0.5014E-01  0.1232E-01  0.1356E-02  0.4451E-03  0.2311E+00  0.1759E-01  0.3792E-02  0.1445E-02  0.3731E-03  0.3544E-03  0.1456E-02  0.2420E-02  0.5149E-01  0.1072E-01  0.4245E-02  0.8084E-02  0.1555E-03  0.2119E-03
     2.229  0.7102E-01  0.1292E-01  0.1155E-02  0.4644E-03  0.3351E+00  0.1883E-01  0.4128E-02  0.1420E-02  0.2708E-03  0.3395E-03  0.1191E-02  0.2461E-02  0.7335E-01  0.1129E-01  0.4525E-02  0.7827E-02  0.1468E-03  0.2265E-03
     2.239  0.7205E-01  0.1429E-01  0.1087E-02  0.5228E-03  0.3461E+00  0.2143E-01  0.4063E-02  0.1606E-02  0.2407E-03  0.3301E-03  0.1134E-02  0.2658E-02  0.7474E-01  0.1257E-01  0.4433E-02  0.8598E-02  0.1424E-03  0.2711E-03
     2.249  0.6667E-01  0.1537E-01  0.9772E-03  0.5817E-03  0.3247E+00  0.2359E-01  0.3730E-02  0.1763E-02  0.2113E-03  0.3214E-03  0.1032E-02  0.2876E-02  0.6938E-01  0.1359E-01  0.4047E-02  0.9255E-02  0.1235E-03  0.3105E-03
     2.259  0.6113E-01  0.1649E-01  0.8965E-03  0.6429E-03  0.3016E+00  0.2582E-01  0.3380E-02  0.1912E-02  0.1873E-03  0.3131E-03  0.9562E-03  0.3103E-02  0.6381E-01  0.1464E-01  0.3643E-02  0.9861E-02  0.1060E-03  0.3484E-03
     2.269  0.5670E-01  0.1765E-01  0.8338E-03  0.7062E-03  0.2832E+00  0.2811E-01  0.3077E-02  0.2052E-02  0.1667E-03  0.3052E-03  0.9038E-03  0.3340E-02  0.5936E-01  0.1572E-01  0.3290E-02  0.1042E-01  0.9091E-04  0.3849E-03
     2.279  0.5376E-01  0.1903E-01  0.7894E-03  0.7726E-03  0.2713E+00  0.3078E-01  0.2819E-02  0.2191E-02  0.1517E-03  0.3026E-03  0.8836E-03  0.3591E-02  0.5642E-01  0.1700E-01  0.2987E-02  0.1097E-01  0.7943E-04  0.4194E-03
     2.289  0.5374E-01  0.2071E-01  0.8173E-03  0.8449E-03  0.2747E+00  0.3394E-01  0.2662E-02  0.2354E-02  0.1418E-03  0.3047E-03  0.9656E-03  0.3875E-02  0.5656E-01  0.1856E-01  0.2779E-02  0.1165E-01  0.6732E-04  0.4543E-03
     2.299  0.5274E-01  0.2259E-01  0.8570E-03  0.9228E-03  0.2725E+00  0.3744E-01  0.2478E-02  0.2535E-02  0.1381E-03  0.3082E-03  0.1056E-02  0.4189E-02  0.5565E-01  0.2030E-01  0.2542E-02  0.1243E-01  0.5657E-04  0.4901E-03
     2.309  0.4377E-01  0.2480E-01  0.8023E-03  0.1009E-02  0.2279E+00  0.4142E-01  0.2035E-02  0.2731E-02  0.1275E-03  0.3179E-03  0.9793E-03  0.4546E-02  0.4627E-01  0.2233E-01  0.2048E-02  0.1329E-01  0.5162E-04  0.5259E-03
     2.319  0.3714E-01  0.3026E-01  0.8287E-03  0.1349E-02  0.1959E+00  0.5084E-01  0.1757E-02  0.3923E-02  0.1177E-03  0.3607E-03  0.9591E-03  0.5930E-02  0.3936E-01  0.2734E-01  0.1719E-02  0.1843E-01  0.4912E-04  0.6358E-03
     2.329  0.3169E-01  0.3507E-01  0.9482E-03  0.1797E-02  0.1705E+00  0.5935E-01  0.1667E-02  0.5278E-02  0.1071E-03  0.3863E-03  0.1012E-02  0.7720E-02  0.3373E-01  0.3177E-01  0.1584E-02  0.2430E-01  0.5132E-04  0.7096E-03
     2.339  0.3334E-01  0.3962E-01  0.1125E-02  0.1916E-02  0.1816E+00  0.6791E-01  0.1886E-02  0.4342E-02  0.1071E-03  0.3682E-03  0.1159E-02  0.8122E-02  0.3559E-01  0.3599E-01  0.1768E-02  0.1978E-01  0.5895E-04  0.6447E-03
     2.349  0.3469E-01  0.3915E-01  0.1268E-02  0.1689E-02  0.1915E+00  0.6819E-01  0.2089E-02  0.3797E-02  0.1062E-03  0.3386E-03  0.1276E-02  0.7111E-02  0.3715E-01  0.3566E-01  0.1936E-02  0.1725E-01  0.6700E-04  0.5879E-03
     2.359  0.3658E-01  0.3824E-01  0.1492E-02  0.1460E-02  0.2063E+00  0.6820E-01  0.2524E-02  0.3239E-02  0.1047E-03  0.3021E-03  0.1472E-02  0.6094E-02  0.3937E-01  0.3498E-01  0.2299E-02  0.1464E-01  0.7787E-04  0.5281E-03
     2.369  0.4523E-01  0.3717E-01  0.2050E-02  0.1229E-02  0.2611E+00  0.6810E-01  0.3847E-02  0.2621E-02  0.1147E-03  0.2570E-03  0.1997E-02  0.5088E-02  0.4893E-01  0.3413E-01  0.3429E-02  0.1179E-01  0.1067E-03  0.4539E-03
     2.379  0.4252E-01  0.3570E-01  0.2204E-02  0.1019E-02  0.2478E+00  0.6728E-01  0.3692E-02  0.2105E-02  0.1143E-03  0.2185E-03  0.2076E-02  0.4175E-02  0.4611E-01  0.3291E-01  0.3263E-02  0.9410E-02  0.1155E-03  0.3826E-03
     2.389  0.3815E-01  0.3276E-01  0.2334E-02  0.8192E-03  0.2236E+00  0.6336E-01  0.3425E-02  0.1694E-02  0.1171E-03  0.1887E-03  0.2140E-02  0.3320E-02  0.4142E-01  0.3031E-01  0.3003E-02  0.7528E-02  0.1218E-03  0.3200E-03
     2.399  0.3613E-01  0.3200E-01  0.2522E-02  0.7570E-03  0.2135E+00  0.6317E-01  0.3407E-02  0.1513E-02  0.1206E-03  0.1766E-03  0.2270E-02  0.3033E-02  0.3930E-01  0.2971E-01  0.2970E-02  0.6649E-02  0.1304E-03  0.2955E-03
     2.409  0.3368E-01  0.4001E-01  0.2563E-02  0.1290E-02  0.2008E+00  0.7882E-01  0.3312E-02  0.1787E-02  0.1222E-03  0.2538E-03  0.2269E-02  0.4952E-02  0.3671E-01  0.3713E-01  0.2870E-02  0.7680E-02  0.1364E-03  0.3469E-03
     2.419  0.2498E-01  0.3844E-01  0.1340E-02  0.1116E-02  0.1497E+00  0.7769E-01  0.2070E-02  0.1711E-02  0.8786E-04  0.2139E-03  0.1160E-02  0.4249E-02  0.2726E-01  0.3582E-01  0.1792E-02  0.7215E-02  0.9066E-04  0.3430E-03
     2.429  0.2048E-01  0.3880E-01  0.1039E-02  0.1098E-02  0.1238E+00  0.8004E-01  0.1523E-02  0.1772E-02  0.7317E-04  0.1975E-03  0.8681E-03  0.4099E-02  0.2240E-01  0.3631E-01  0.1308E-02  0.7290E-02  0.6897E-04  0.3712E-03
     2.439  0.1828E-01  0.4181E-01  0.1093E-02  0.1300E-02  0.1118E+00  0.8713E-01  0.1411E-02  0.2030E-02  0.7491E-04  0.2077E-03  0.8740E-03  0.4770E-02  0.2005E-01  0.3919E-01  0.1188E-02  0.8158E-02  0.6853E-04  0.4407E-03
     2.449  0.1672E-01  0.4334E-01  0.1181E-02  0.1395E-02  0.1039E+00  0.9153E-01  0.1379E-02  0.2138E-02  0.8279E-04  0.2092E-03  0.9200E-03  0.5034E-02  0.1841E-01  0.4074E-01  0.1140E-02  0.8489E-02  0.7423E-04  0.4761E-03
     2.459  0.1517E-01  0.4315E-01  0.1268E-02  0.1366E-02  0.9614E-01  0.9277E-01  0.1348E-02  0.2034E-02  0.9094E-04  0.1993E-03  0.9644E-03  0.4849E-02  0.1678E-01  0.4072E-01  0.1092E-02  0.8043E-02  0.8039E-04  0.4609E-03
     2.470  0.1392E-01  0.4298E-01  0.1351E-02  0.1329E-02  0.8998E-01  0.9404E-01  0.1332E-02  0.1924E-02  0.9916E-04  0.1896E-03  0.1006E-02  0.4639E-02  0.1547E-01  0.4071E-01  0.1057E-02  0.7578E-02  0.8704E-04  0.4453E-03
     2.480  0.1307E-01  0.4246E-01  0.1431E-02  0.1282E-02  0.8602E-01  0.9467E-01  0.1339E-02  0.1795E-02  0.1077E-03  0.1809E-03  0.1046E-02  0.4397E-02  0.1458E-01  0.4038E-01  0.1041E-02  0.7037E-02  0.9429E-04  0.4282E-03
     2.490  0.1214E-01  0.4130E-01  0.1451E-02  0.1184E-02  0.8083E-01  0.9365E-01  0.1431E-02  0.1614E-02  0.1086E-03  0.1718E-03  0.1048E-02  0.3988E-02  0.1358E-01  0.3941E-01  0.1083E-02  0.6304E-02  0.1020E-03  0.3954E-03
     2.500  0.1133E-01  0.4128E-01  0.1471E-02  0.1077E-02  0.7634E-01  0.9484E-01  0.1555E-02  0.1433E-02  0.1088E-03  0.1661E-03  0.1052E-02  0.3546E-02  0.1272E-01  0.3950E-01  0.1151E-02  0.5561E-02  0.1099E-03  0.3601E-03
     2.510  0.1324E-01  0.4295E-01  0.2807E-02  0.1006E-02  0.9371E-01  0.1005E+00  0.2617E-02  0.1283E-02  0.1859E-03  0.1668E-03  0.1973E-02  0.3221E-02  0.1506E-01  0.4125E-01  0.1880E-02  0.4907E-02  0.2407E-03  0.3318E-03
     2.520  0.1016E-01  0.4452E-01  0.1779E-02  0.9455E-03  0.7120E-01  0.1059E+00  0.1944E-02  0.1142E-02  0.1274E-03  0.1668E-03  0.1227E-02  0.2937E-02  0.1151E-01  0.4290E-01  0.1381E-02  0.4284E-02  0.1460E-03  0.3028E-03
     2.530  0.9085E-02  0.4710E-01  0.1725E-02  0.9484E-03  0.6447E-01  0.1134E+00  0.1849E-02  0.1068E-02  0.1207E-03  0.1717E-03  0.1172E-02  0.2896E-02  0.1033E-01  0.4549E-01  0.1303E-02  0.3931E-02  0.1380E-03  0.2918E-03
     2.540  0.8133E-02  0.5035E-01  0.1654E-02  0.9726E-03  0.5831E-01  0.1226E+00  0.1748E-02  0.1008E-02  0.1135E-03  0.1783E-03  0.1109E-02  0.2930E-02  0.9267E-02  0.4875E-01  0.1222E-02  0.3642E-02  0.1292E-03  0.2916E-03
     2.550  0.7257E-02  0.5436E-01  0.1573E-02  0.1019E-02  0.5255E-01  0.1335E+00  0.1638E-02  0.9925E-03  0.1057E-03  0.1855E-03  0.1040E-02  0.3034E-02  0.8287E-02  0.5273E-01  0.1136E-02  0.3514E-02  0.1199E-03  0.2986E-03
     2.560  0.6403E-02  0.5864E-01  0.1492E-02  0.1071E-02  0.4692E-01  0.1452E+00  0.1519E-02  0.9884E-03  0.9787E-04  0.1924E-03  0.9718E-03  0.3155E-02  0.7331E-02  0.5696E-01  0.1045E-02  0.3428E-02  0.1103E-03  0.3071E-03
     2.570  0.5572E-02  0.6362E-01  0.1412E-02  0.1131E-02  0.4142E-01  0.1589E+00  0.1391E-02  0.9938E-03  0.8990E-04  0.1988E-03  0.9047E-03  0.3300E-02  0.6400E-02  0.6191E-01  0.9479E-03  0.3374E-02  0.1005E-03  0.3199E-03
     2.580  0.4764E-02  0.6756E-01  0.1333E-02  0.1183E-02  0.3605E-01  0.1701E+00  0.1252E-02  0.1005E-02  0.8182E-04  0.2015E-03  0.8385E-03  0.3424E-02  0.5493E-02  0.6584E-01  0.8445E-03  0.3347E-02  0.9049E-04  0.3298E-03
     2.590  0.4132E-02  0.7180E-01  0.1250E-02  0.1223E-02  0.3159E-01  0.1826E+00  0.1104E-02  0.1022E-02  0.7354E-04  0.1996E-03  0.7713E-03  0.3510E-02  0.4774E-02  0.7012E-01  0.7354E-03  0.3334E-02  0.8011E-04  0.3392E-03
     2.600  0.3742E-02  0.7650E-01  0.1219E-02  0.1258E-02  0.2916E-01  0.1964E+00  0.1078E-02  0.1040E-02  0.7175E-04  0.1966E-03  0.7398E-03  0.3581E-02  0.4343E-02  0.7485E-01  0.7076E-03  0.3320E-02  0.7869E-04  0.3488E-03
     2.610  0.3422E-02  0.8145E-01  0.1251E-02  0.1291E-02  0.2791E-01  0.2108E+00  0.1076E-02  0.1056E-02  0.7548E-04  0.1935E-03  0.7468E-03  0.3644E-02  0.4013E-02  0.7983E-01  0.6927E-03  0.3303E-02  0.8253E-04  0.3583E-03
     2.620  0.3154E-02  0.8769E-01  0.1293E-02  0.1252E-02  0.2705E-01  0.2292E+00  0.1086E-02  0.1059E-02  0.7883E-04  0.1785E-03  0.7590E-03  0.3489E-02  0.3742E-02  0.8611E-01  0.6872E-03  0.3234E-02  0.8781E-04  0.3531E-03
     2.630  0.3362E-02  0.1130E+00  0.1546E-02  0.1297E-02  0.3080E-01  0.2992E+00  0.1233E-02  0.1120E-02  0.9059E-04  0.1700E-03  0.8845E-03  0.3502E-02  0.4053E-02  0.1113E+00  0.7606E-03  0.3324E-02  0.1064E-03  0.3569E-03
     2.640  0.3915E-02  0.1850E+00  0.2094E-02  0.1536E-02  0.3797E-01  0.4948E+00  0.1550E-02  0.1312E-02  0.1142E-03  0.1815E-03  0.1163E-02  0.3909E-02  0.4787E-02  0.1826E+00  0.9242E-03  0.3746E-02  0.1404E-03  0.3914E-03
     2.650  0.3948E-02  0.2578E+00  0.1990E-02  0.1874E-02  0.3903E-01  0.6955E+00  0.1729E-02  0.1526E-02  0.1214E-03  0.2102E-03  0.1097E-02  0.4506E-02  0.4859E-02  0.2549E+00  0.1006E-02  0.4271E-02  0.1371E-03  0.4525E-03
     2.660  0.3883E-02  0.2925E+00  0.1857E-02  0.2090E-02  0.3904E-01  0.7991E+00  0.1921E-02  0.1582E-02  0.1295E-03  0.2253E-03  0.1015E-02  0.5046E-02  0.4807E-02  0.2898E+00  0.1093E-02  0.4230E-02  0.1280E-03  0.4652E-03
     2.670  0.3012E-02  0.1886E+00  0.1441E-02  0.2076E-02  0.3052E-01  0.5252E+00  0.1647E-02  0.1686E-02  0.9767E-04  0.2323E-03  0.7709E-03  0.5062E-02  0.3737E-02  0.1873E+00  0.9207E-03  0.4357E-02  0.1095E-03  0.4662E-03
     2.680  0.2324E-02  0.1790E+00  0.1207E-02  0.2173E-02  0.2362E-01  0.5041E+00  0.1460E-02  0.1961E-02  0.8095E-04  0.2561E-03  0.6262E-03  0.5239E-02  0.2886E-02  0.1781E+00  0.7875E-03  0.5016E-02  0.8878E-04  0.5090E-03
     2.690  0.1788E-02  0.1672E+00  0.1099E-02  0.2068E-02  0.1816E-01  0.4752E+00  0.1381E-02  0.2170E-02  0.7520E-04  0.2699E-03  0.5552E-03  0.4919E-02  0.2225E-02  0.1666E+00  0.7102E-03  0.5489E-02  0.7285E-04  0.5263E-03
     2.700  0.1629E-02  0.1451E+00  0.1132E-02  0.1850E-02  0.1678E-01  0.4163E+00  0.1425E-02  0.2102E-02  0.7624E-04  0.2528E-03  0.5609E-03  0.4320E-02  0.2036E-02  0.1448E+00  0.7155E-03  0.5202E-02  0.7245E-04  0.5024E-03
     2.710  0.1570E-02  0.8861E-01  0.1197E-02  0.1401E-02  0.1651E-01  0.2553E+00  0.1500E-02  0.1747E-02  0.7869E-04  0.2063E-03  0.5832E-03  0.3074E-02  0.1973E-02  0.8874E-01  0.7418E-03  0.4207E-02  0.7533E-04  0.3848E-03
     2.720  0.1510E-02  0.6383E-01  0.1262E-02  0.1236E-02  0.1623E-01  0.1849E+00  0.1575E-02  0.1610E-02  0.8109E-04  0.1840E-03  0.6055E-03  0.2610E-02  0.1909E-02  0.6410E-01  0.7677E-03  0.3817E-02  0.7821E-04  0.3413E-03
     2.730  0.1451E-02  0.5689E-01  0.1327E-02  0.1241E-02  0.1595E-01  0.1664E+00  0.1650E-02  0.1592E-02  0.8344E-04  0.1803E-03  0.6279E-03  0.2595E-02  0.1845E-02  0.5723E-01  0.7933E-03  0.3735E-02  0.8109E-04  0.3417E-03
     2.740  0.1387E-02  0.5124E-01  0.1422E-02  0.1251E-02  0.1583E-01  0.1517E+00  0.1778E-02  0.1601E-02  0.8947E-04  0.1797E-03  0.6573E-03  0.2587E-02  0.1782E-02  0.5166E-01  0.8391E-03  0.3717E-02  0.8531E-04  0.3444E-03
     2.750  0.1324E-02  0.4499E-01  0.1524E-02  0.1224E-02  0.1576E-01  0.1361E+00  0.1917E-02  0.1588E-02  0.9681E-04  0.1804E-03  0.6885E-03  0.2481E-02  0.1721E-02  0.4553E-01  0.8887E-03  0.3620E-02  0.8982E-04  0.3462E-03
     2.760  0.1229E-02  0.3968E-01  0.1688E-02  0.1223E-02  0.1576E-01  0.1228E+00  0.2077E-02  0.1590E-02  0.1102E-03  0.1898E-03  0.7443E-03  0.2438E-02  0.1633E-02  0.4033E-01  0.9303E-03  0.3557E-02  0.9262E-04  0.3495E-03
     2.770  0.1203E-02  0.3529E-01  0.1763E-02  0.1237E-02  0.1585E-01  0.1114E+00  0.2122E-02  0.1611E-02  0.1155E-03  0.2024E-03  0.7692E-03  0.2445E-02  0.1610E-02  0.3599E-01  0.9292E-03  0.3554E-02  0.9332E-04  0.3446E-03
     2.780  0.1191E-02  0.3179E-01  0.1805E-02  0.1261E-02  0.1585E-01  0.1029E+00  0.2163E-02  0.1645E-02  0.1193E-03  0.2162E-03  0.7796E-03  0.2464E-02  0.1598E-02  0.3255E-01  0.9386E-03  0.3573E-02  0.9589E-04  0.3412E-03
     2.790  0.1180E-02  0.3141E-01  0.1853E-02  0.1304E-02  0.1588E-01  0.1029E+00  0.2208E-02  0.1685E-02  0.1239E-03  0.2268E-03  0.7919E-03  0.2519E-02  0.1586E-02  0.3222E-01  0.9496E-03  0.3622E-02  0.9895E-04  0.3445E-03
     2.800  0.1168E-02  0.3184E-01  0.1902E-02  0.1350E-02  0.1589E-01  0.1050E+00  0.2255E-02  0.1739E-02  0.1284E-03  0.2353E-03  0.8047E-03  0.2575E-02  0.1574E-02  0.3270E-01  0.9611E-03  0.3697E-02  0.1020E-03  0.3540E-03
     2.810  0.1089E-02  0.3214E-01  0.2028E-02  0.1420E-02  0.1536E-01  0.1069E+00  0.2388E-02  0.1811E-02  0.1343E-03  0.2441E-03  0.8441E-03  0.2671E-02  0.1482E-02  0.3304E-01  0.1003E-02  0.3798E-02  0.1074E-03  0.3648E-03
     2.820  0.1005E-02  0.3234E-01  0.2173E-02  0.1505E-02  0.1480E-01  0.1086E+00  0.2535E-02  0.1896E-02  0.1403E-03  0.2531E-03  0.8898E-03  0.2796E-02  0.1382E-02  0.3330E-01  0.1049E-02  0.3917E-02  0.1130E-03  0.3761E-03
     2.830  0.8796E-03  0.3249E-01  0.2387E-02  0.1589E-02  0.1385E-01  0.1100E+00  0.2704E-02  0.1981E-02  0.1457E-03  0.2617E-03  0.9532E-03  0.2915E-02  0.1233E-02  0.3349E-01  0.1104E-02  0.4037E-02  0.1238E-03  0.3873E-03
     2.840  0.8086E-03  0.3286E-01  0.2583E-02  0.1714E-02  0.1337E-01  0.1124E+00  0.2849E-02  0.2077E-02  0.1502E-03  0.2688E-03  0.1006E-02  0.3088E-02  0.1150E-02  0.3392E-01  0.1148E-02  0.4172E-02  0.1345E-03  0.4186E-03
     2.850  0.8092E-03  0.3308E-01  0.2700E-02  0.1855E-02  0.1353E-01  0.1142E+00  0.2955E-02  0.2190E-02  0.1542E-03  0.2760E-03  0.1035E-02  0.3287E-02  0.1153E-02  0.3420E-01  0.1177E-02  0.4347E-02  0.1398E-03  0.4608E-03
     2.860  0.8092E-03  0.3283E-01  0.2818E-02  0.1954E-02  0.1368E-01  0.1141E+00  0.3064E-02  0.2303E-02  0.1580E-03  0.2849E-03  0.1064E-02  0.3433E-02  0.1156E-02  0.3398E-01  0.1207E-02  0.4530E-02  0.1450E-03  0.4860E-03
     2.870  0.8086E-03  0.3214E-01  0.2937E-02  0.1991E-02  0.1382E-01  0.1125E+00  0.3173E-02  0.2327E-02  0.1617E-03  0.2904E-03  0.1093E-02  0.3461E-02  0.1158E-02  0.3330E-01  0.1236E-02  0.4524E-02  0.1502E-03  0.4904E-03
     2.880  0.8074E-03  0.3123E-01  0.3058E-02  0.2000E-02  0.1395E-01  0.1102E+00  0.3284E-02  0.2317E-02  0.1652E-03  0.2938E-03  0.1121E-02  0.3440E-02  0.1159E-02  0.3241E-01  0.1266E-02  0.4451E-02  0.1553E-03  0.4906E-03
     2.890  0.7809E-03  0.2959E-01  0.3127E-02  0.1863E-02  0.1357E-01  0.1051E+00  0.3324E-02  0.2105E-02  0.1613E-03  0.2876E-03  0.1132E-02  0.3175E-02  0.1121E-02  0.3075E-01  0.1268E-02  0.4002E-02  0.1566E-03  0.4816E-03
     2.900  0.6297E-03  0.2543E-01  0.2765E-02  0.1642E-02  0.1071E-01  0.8983E-01  0.2782E-02  0.1659E-02  0.1204E-03  0.2058E-03  0.9866E-03  0.2753E-02  0.8946E-03  0.2638E-01  0.1052E-02  0.3152E-02  0.1395E-03  0.4292E-03
     2.910  0.5808E-03  0.2392E-01  0.2560E-02  0.1538E-02  0.9970E-02  0.8494E-01  0.2472E-02  0.1468E-02  0.1107E-03  0.1902E-03  0.8988E-03  0.2557E-02  0.8282E-03  0.2484E-01  0.9281E-03  0.2778E-02  0.1339E-03  0.4252E-03
     2.920  0.5284E-03  0.2230E-01  0.2357E-02  0.1519E-02  0.9182E-02  0.7974E-01  0.2160E-02  0.1425E-02  0.1019E-03  0.1814E-03  0.8100E-03  0.2497E-02  0.7571E-03  0.2318E-01  0.8017E-03  0.2669E-02  0.1274E-03  0.4318E-03
     2.930  0.4894E-03  0.2080E-01  0.2259E-02  0.1522E-02  0.8649E-02  0.7497E-01  0.1997E-02  0.1423E-02  0.9627E-04  0.1741E-03  0.7573E-03  0.2474E-02  0.7051E-03  0.2165E-01  0.7291E-03  0.2632E-02  0.1253E-03  0.4401E-03
     2.940  0.4805E-03  0.1930E-01  0.2254E-02  0.1527E-02  0.8813E-02  0.7020E-01  0.1977E-02  0.1422E-02  0.9421E-04  0.1668E-03  0.7361E-03  0.2452E-02  0.7003E-03  0.2012E-01  0.7048E-03  0.2596E-02  0.1262E-03  0.4487E-03
     2.950  0.4691E-03  0.1743E-01  0.2250E-02  0.1528E-02  0.8979E-02  0.6415E-01  0.1994E-02  0.1441E-02  0.9225E-04  0.1599E-03  0.7129E-03  0.2426E-02  0.6933E-03  0.1820E-01  0.6819E-03  0.2576E-02  0.1271E-03  0.4578E-03
     2.960  0.4583E-03  0.1510E-01  0.2289E-02  0.1528E-02  0.9212E-02  0.5656E-01  0.2021E-02  0.1460E-02  0.9113E-04  0.1538E-03  0.7063E-03  0.2399E-02  0.6881E-03  0.1581E-01  0.6638E-03  0.2535E-02  0.1278E-03  0.4588E-03
     2.970  0.4482E-03  0.1079E-01  0.2355E-02  0.1074E-02  0.9490E-02  0.4198E-01  0.2057E-02  0.1188E-02  0.9068E-04  0.1442E-03  0.7085E-03  0.1639E-02  0.6845E-03  0.1137E-01  0.6489E-03  0.1863E-02  0.1286E-03  0.2347E-03
     2.980  0.4414E-03  0.8425E-02  0.2545E-02  0.1099E-02  0.1000E-01  0.3475E-01  0.2152E-02  0.1233E-02  0.9401E-04  0.1441E-03  0.7349E-03  0.1635E-02  0.6892E-03  0.8958E-02  0.6442E-03  0.1849E-02  0.1291E-03  0.2112E-03
     2.990  0.4070E-03  0.7641E-02  0.2325E-02  0.1123E-02  0.1045E-01  0.3348E-01  0.2091E-02  0.1274E-02  0.9708E-04  0.1425E-03  0.6388E-03  0.1638E-02  0.6637E-03  0.8215E-02  0.5783E-03  0.1855E-02  0.9685E-04  0.2024E-03
     3.000  0.3884E-03  0.7492E-02  0.2040E-02  0.1134E-02  0.1049E-01  0.3427E-01  0.2010E-02  0.1306E-02  0.9668E-04  0.1422E-03  0.5487E-03  0.1628E-02  0.6453E-03  0.8125E-02  0.5260E-03  0.1855E-02  0.7395E-04  0.1963E-03
     3.010  0.3882E-03  0.7831E-02  0.1999E-02  0.1162E-02  0.1074E-01  0.3651E-01  0.2045E-02  0.1338E-02  0.9658E-04  0.1499E-03  0.5291E-03  0.1645E-02  0.6513E-03  0.8529E-02  0.5184E-03  0.1858E-02  0.7038E-04  0.1948E-03
     3.020  0.3873E-03  0.8121E-02  0.1958E-02  0.1193E-02  0.1097E-01  0.3852E-01  0.2078E-02  0.1372E-02  0.9655E-04  0.1576E-03  0.5095E-03  0.1666E-02  0.6557E-03  0.8879E-02  0.5105E-03  0.1863E-02  0.6692E-04  0.1939E-03
     3.030  0.3960E-03  0.8364E-02  0.1949E-02  0.1225E-02  0.1131E-01  0.4028E-01  0.2109E-02  0.1408E-02  0.1004E-03  0.1654E-03  0.5009E-03  0.1690E-02  0.6732E-03  0.9176E-02  0.5039E-03  0.1871E-02  0.6478E-04  0.1937E-03
     3.040  0.4031E-03  0.8558E-02  0.1944E-02  0.1260E-02  0.1162E-01  0.4180E-01  0.2142E-02  0.1446E-02  0.1042E-03  0.1732E-03  0.4933E-03  0.1718E-02  0.6881E-03  0.9419E-02  0.4979E-03  0.1881E-02  0.6289E-04  0.1941E-03
     3.050  0.4086E-03  0.8703E-02  0.1944E-02  0.1298E-02  0.1188E-01  0.4307E-01  0.2179E-02  0.1486E-02  0.1080E-03  0.1811E-03  0.4868E-03  0.1748E-02  0.7003E-03  0.9609E-02  0.4928E-03  0.1894E-02  0.6126E-04  0.1951E-03
     3.060  0.4126E-03  0.8801E-02  0.1947E-02  0.1337E-02  0.1209E-01  0.4411E-01  0.2218E-02  0.1528E-02  0.1118E-03  0.1890E-03  0.4814E-03  0.1782E-02  0.7098E-03  0.9745E-02  0.4884E-03  0.1909E-02  0.5989E-04  0.1968E-03
     3.070  0.4149E-03  0.8849E-02  0.1955E-02  0.1379E-02  0.1227E-01  0.4491E-01  0.2260E-02  0.1572E-02  0.1154E-03  0.1970E-03  0.4770E-03  0.1819E-02  0.7167E-03  0.9828E-02  0.4847E-03  0.1926E-02  0.5877E-04  0.1991E-03
     3.080  0.4157E-03  0.8850E-02  0.1967E-02  0.1423E-02  0.1240E-01  0.4546E-01  0.2304E-02  0.1619E-02  0.1191E-03  0.2051E-03  0.4737E-03  0.1859E-02  0.7209E-03  0.9857E-02  0.4819E-03  0.1946E-02  0.5791E-04  0.2020E-03
     3.090  0.3354E-03  0.3109E-02  0.1853E-02  0.7502E-03  0.9927E-02  0.1437E-01  0.2277E-02  0.1192E-02  0.1156E-03  0.1302E-03  0.4393E-03  0.9807E-03  0.5802E-03  0.3387E-02  0.4642E-03  0.1360E-02  0.5548E-04  0.9691E-04
     3.100  0.2145E-03  0.2201E-02  0.1638E-02  0.7626E-03  0.6270E-02  0.1143E-01  0.2142E-02  0.1237E-02  0.1019E-03  0.1342E-03  0.3777E-03  0.9821E-03  0.3683E-03  0.2455E-02  0.4199E-03  0.1385E-02  0.4874E-04  0.9692E-04
     3.110  0.1087E-03  0.2123E-02  0.1280E-02  0.7801E-03  0.3460E-02  0.1120E-01  0.1969E-02  0.1295E-02  0.7599E-04  0.1384E-03  0.2742E-03  0.9932E-03  0.1907E-03  0.2375E-02  0.3517E-03  0.1434E-02  0.3076E-04  0.9898E-04
     3.120  0.1035E-03  0.2036E-02  0.1303E-02  0.8306E-03  0.3423E-02  0.1096E-01  0.2069E-02  0.1368E-02  0.7758E-04  0.1434E-03  0.2751E-03  0.1036E-02  0.1837E-03  0.2286E-02  0.3642E-03  0.1500E-02  0.3103E-04  0.1051E-03
     3.130  0.1006E-03  0.1944E-02  0.1338E-02  0.8983E-03  0.3455E-02  0.1072E-01  0.2176E-02  0.1449E-02  0.7989E-04  0.1489E-03  0.2790E-03  0.1093E-02  0.1807E-03  0.2192E-02  0.3783E-03  0.1574E-02  0.3178E-04  0.1138E-03
     3.140  0.9688E-04  0.1854E-02  0.1495E-02  0.9624E-03  0.3509E-02  0.1048E-01  0.2333E-02  0.1529E-02  0.8315E-04  0.1542E-03  0.2985E-03  0.1145E-02  0.1770E-03  0.2100E-02  0.3999E-03  0.1644E-02  0.3477E-04  0.1227E-03
     3.150  0.9313E-04  0.1882E-02  0.1655E-02  0.1747E-02  0.3565E-02  0.1144E-01  0.2493E-02  0.1993E-02  0.8642E-04  0.2043E-03  0.3178E-03  0.1936E-02  0.1733E-03  0.2166E-02  0.4214E-03  0.2098E-02  0.3804E-04  0.2453E-03
     3.160  0.8938E-04  0.1822E-02  0.1810E-02  0.2098E-02  0.3623E-02  0.1175E-01  0.2649E-02  0.2637E-02  0.8963E-04  0.2304E-03  0.3355E-03  0.2264E-02  0.1696E-03  0.2129E-02  0.4423E-03  0.2778E-02  0.4141E-04  0.3156E-03
      3.170  0.1025E-03  0.1647E-02  0.3393E-02  0.2269E-02  0.4965E-02  0.1126E-01  0.4184E-02  0.2912E-02  0.1185E-03  0.2441E-03  0.5852E-03  0.2401E-02  0.2082E-03  0.1950E-02  0.7005E-03  0.3057E-02  0.8924E-04  0.3495E-03
      3.180  0.9710E-04  0.1499E-02  0.4088E-02  0.2223E-02  0.5327E-02  0.1061E-01  0.5405E-02  0.2826E-02  0.1343E-03  0.2302E-03  0.6723E-03  0.2323E-02  0.2093E-03  0.1789E-02  0.9091E-03  0.2943E-02  0.1140E-03  0.3438E-03
      3.190  0.8807E-04  0.1350E-02  0.4242E-02  0.2065E-02  0.5224E-02  0.9768E-02  0.5425E-02  0.2582E-02  0.1360E-03  0.2012E-03  0.6759E-03  0.2135E-02  0.1964E-03  0.1617E-02  0.9004E-03  0.2663E-02  0.1184E-03  0.3189E-03
      3.200  0.7857E-04  0.1204E-02  0.4002E-02  0.1903E-02  0.4848E-02  0.8943E-02  0.5008E-02  0.2347E-02  0.1198E-03  0.1732E-03  0.6242E-03  0.1947E-02  0.1781E-03  0.1450E-02  0.8171E-03  0.2394E-02  0.1101E-03  0.2934E-03
      3.210  0.6937E-04  0.1062E-02  0.3748E-02  0.1737E-02  0.4479E-02  0.8136E-02  0.4604E-02  0.2121E-02  0.1042E-03  0.1464E-03  0.5720E-03  0.1758E-02  0.1603E-03  0.1288E-02  0.7366E-03  0.2134E-02  0.1015E-03  0.2672E-03
      3.220  0.6046E-04  0.9239E-03  0.3481E-02  0.1569E-02  0.4116E-02  0.7348E-02  0.4215E-02  0.1904E-02  0.8934E-04  0.1205E-03  0.5193E-03  0.1568E-02  0.1430E-03  0.1129E-02  0.6590E-03  0.1885E-02  0.9269E-04  0.2403E-03
      3.230  0.5185E-04  0.7896E-03  0.3201E-02  0.1397E-02  0.3761E-02  0.6578E-02  0.3841E-02  0.1696E-02  0.7507E-04  0.9575E-04  0.4662E-03  0.1378E-02  0.1262E-03  0.9756E-03  0.5842E-03  0.1645E-02  0.8363E-04  0.2128E-03
      3.240  0.4353E-04  0.6591E-03  0.2908E-02  0.1222E-02  0.3412E-02  0.5827E-02  0.3481E-02  0.1496E-02  0.6145E-04  0.7201E-04  0.4126E-03  0.1187E-02  0.1099E-03  0.8262E-03  0.5123E-03  0.1416E-02  0.7433E-04  0.1846E-03
      3.250  0.3550E-04  0.6138E-03  0.2602E-02  0.1493E-02  0.3069E-02  0.6040E-02  0.3135E-02  0.1637E-02  0.4846E-04  0.4817E-04  0.3585E-03  0.1359E-02  0.9405E-04  0.7961E-03  0.4432E-03  0.1500E-02  0.6479E-04  0.2597E-03
      3.260  0.2751E-04  0.5337E-03  0.2612E-02  0.1098E-02  0.2837E-02  0.5352E-02  0.2985E-02  0.1474E-02  0.3586E-04  0.4205E-04  0.3369E-03  0.9924E-03  0.8086E-04  0.6958E-03  0.4023E-03  0.1327E-02  0.6466E-04  0.1870E-03
      3.270  0.2109E-04  0.4726E-03  0.2577E-02  0.7117E-03  0.2687E-02  0.4738E-02  0.2963E-02  0.1316E-02  0.2715E-04  0.3728E-04  0.3130E-03  0.6312E-03  0.7122E-04  0.6142E-03  0.3832E-03  0.1166E-02  0.6684E-04  0.1211E-03
      3.280  0.1801E-04  0.4136E-03  0.2041E-02  0.3403E-03  0.2414E-02  0.4115E-02  0.2762E-02  0.1146E-02  0.2447E-04  0.3296E-04  0.2418E-03  0.2778E-03  0.6242E-04  0.5319E-03  0.3432E-03  0.9997E-03  0.5148E-04  0.6448E-04
      3.290  0.1560E-04  0.4188E-03  0.1534E-02  0.3077E-03  0.2157E-02  0.4153E-02  0.2560E-02  0.1162E-02  0.2302E-04  0.3301E-04  0.1731E-03  0.2409E-03  0.5439E-04  0.5370E-03  0.3038E-03  0.1001E-02  0.3768E-04  0.5930E-04
      3.300  0.1338E-04  0.4283E-03  0.1053E-02  0.3052E-03  0.1902E-02  0.4238E-02  0.2352E-02  0.1195E-02  0.2176E-04  0.3348E-04  0.1062E-03  0.2322E-03  0.4640E-04  0.5482E-03  0.2640E-03  0.1016E-02  0.2542E-04  0.5833E-04
      3.310  0.1233E-04  0.4364E-03  0.8552E-03  0.3032E-03  0.1783E-02  0.4312E-02  0.2288E-02  0.1227E-02  0.2148E-04  0.3403E-04  0.7525E-04  0.2242E-03  0.4249E-04  0.5576E-03  0.2452E-03  0.1030E-02  0.2021E-04  0.5746E-04
      3.320  0.1209E-04  0.4431E-03  0.8742E-03  0.3019E-03  0.1772E-02  0.4373E-02  0.2347E-02  0.1259E-02  0.2191E-04  0.3466E-04  0.7283E-04  0.2167E-03  0.4186E-04  0.5653E-03  0.2439E-03  0.1043E-02  0.1991E-04  0.5667E-04
      3.330  0.1183E-04  0.4485E-03  0.8939E-03  0.3011E-03  0.1757E-02  0.4422E-02  0.2406E-02  0.1290E-02  0.2237E-04  0.3535E-04  0.7050E-04  0.2099E-03  0.4112E-04  0.5713E-03  0.2426E-03  0.1056E-02  0.1964E-04  0.5597E-04
      3.340  0.1154E-04  0.4524E-03  0.9144E-03  0.3010E-03  0.1738E-02  0.4459E-02  0.2466E-02  0.1321E-02  0.2286E-04  0.3612E-04  0.6826E-04  0.2036E-03  0.4027E-04  0.5755E-03  0.2412E-03  0.1068E-02  0.1942E-04  0.5537E-04
      3.350  0.1123E-04  0.4781E-03  0.9356E-03  0.3442E-03  0.1716E-02  0.4865E-02  0.2527E-02  0.1553E-02  0.2338E-04  0.4155E-04  0.6610E-04  0.2251E-03  0.3933E-04  0.6084E-03  0.2397E-03  0.1192E-02  0.1924E-04  0.5932E-04
      3.360  0.1172E-04  0.8724E-03  0.1013E-02  0.2430E-02  0.1844E-02  0.1027E-01  0.2800E-02  0.3231E-02  0.2542E-04  0.1146E-03  0.6918E-04  0.1616E-02  0.4117E-04  0.1144E-02  0.2548E-03  0.2296E-02  0.2041E-04  0.1330E-03
      3.370  0.1986E-04  0.7520E-03  0.6648E-02  0.2202E-02  0.5126E-02  0.8937E-02  0.6862E-02  0.2919E-02  0.8329E-04  0.1033E-03  0.4760E-03  0.1415E-02  0.9975E-04  0.9730E-03  0.5831E-03  0.1968E-02  0.5002E-04  0.1085E-03
      3.380  0.1886E-04  0.9227E-03  0.5489E-02  0.2463E-02  0.4512E-02  0.1124E-01  0.6090E-02  0.3899E-02  0.6785E-04  0.1253E-03  0.3796E-03  0.1563E-02  0.8540E-04  0.1188E-02  0.4785E-03  0.2535E-02  0.4194E-04  0.1409E-03
      3.390  0.2162E-04  0.8379E-03  0.5342E-02  0.2384E-02  0.4901E-02  0.1030E-01  0.6846E-02  0.3701E-02  0.6890E-04  0.1209E-03  0.3529E-03  0.1482E-02  0.8883E-04  0.1080E-02  0.4936E-03  0.2356E-02  0.4466E-04  0.1398E-03
      3.400  0.2590E-04  0.7438E-03  0.5874E-02  0.2343E-02  0.5833E-02  0.9226E-02  0.8425E-02  0.3626E-02  0.8030E-04  0.1172E-03  0.3773E-03  0.1429E-02  0.1025E-03  0.9614E-03  0.5833E-03  0.2239E-02  0.5440E-04  0.1432E-03
      3.410  0.2364E-04  0.6392E-03  0.5720E-02  0.2356E-02  0.5421E-02  0.7988E-02  0.8181E-02  0.3678E-02  0.7750E-04  0.1154E-03  0.3548E-03  0.1417E-02  0.9368E-04  0.8280E-03  0.5468E-03  0.2186E-02  0.5221E-04  0.1495E-03
      3.420  0.2067E-04  0.4956E-03  0.5899E-02  0.2066E-02  0.4962E-02  0.6190E-02  0.8430E-02  0.3327E-02  0.7400E-04  0.1052E-03  0.3476E-03  0.1211E-02  0.8415E-04  0.6440E-03  0.5314E-03  0.1918E-02  0.5273E-04  0.1305E-03
      3.430  0.1628E-04  0.4024E-03  0.6054E-02  0.1856E-02  0.4119E-02  0.5036E-02  0.8583E-02  0.3134E-02  0.6867E-04  0.9879E-04  0.3358E-03  0.1061E-02  0.6890E-04  0.5240E-03  0.5012E-03  0.1758E-02  0.5149E-04  0.1180E-03
      3.440  0.1126E-04  0.3626E-03  0.5390E-02  0.1759E-02  0.2961E-02  0.4574E-02  0.7848E-02  0.3086E-02  0.5958E-04  0.9709E-04  0.2740E-03  0.9854E-03  0.4956E-04  0.4720E-03  0.4235E-03  0.1699E-02  0.4240E-04  0.1147E-03
      3.450  0.1016E-04  0.3242E-03  0.5158E-02  0.1664E-02  0.2673E-02  0.4130E-02  0.7759E-02  0.3025E-02  0.5846E-04  0.9510E-04  0.2508E-03  0.9111E-03  0.4414E-04  0.4218E-03  0.4030E-03  0.1634E-02  0.4096E-04  0.1111E-03
      3.460  0.9182E-05  0.2872E-03  0.4935E-02  0.1569E-02  0.2417E-02  0.3702E-02  0.7643E-02  3.4602E-02  0.5735E-04  0.9281E-04  0.2291E-03  0.8384E-03  0.3924E-04  0.3735E-03  0.3820E-03  0.1563E-02  0.3957E-04  0.1072E-03
      3.470  0.8234E-05  0.2517E-03  0.4712E-02  0.1477E-02  0.2173E-02  0.3293E-02  0.7486E-02  0.2866E-02  0.5605E-04  0.9023E-04  0.2080E-03  0.7674E-03  0.3454E-04  0.3271E-03  0.3593E-03  0.1486E-02  0.3803E-04  0.1030E-03
      3.480  0.7316E-05  0.2220E-03  0.4488E-02  0.1389E-02  0.1940E-02  0.2958E-02  0.7287E-02  0.2823E-02  0.5457E-04  0.8785E-04  0.1875E-03  0.6986E-03  0.3005E-04  0.2885E-03  0.3348E-03  0.1430E-02  0.3634E-04  0.9889E-04
      3.490  0.6611E-05  0.1958E-03  0.4314E-02  0.1310E-02  0.1765E-02  0.2667E-02  0.7256E-02  0.2844E-02  0.5337E-04  0.8647E-04  0.1684E-03  0.6330E-03  0.2660E-04  0.2547E-03  0.3180E-03  0.1400E-02  0.3488E-04  0.9541E-04
      3.500  0.5988E-05  0.1704E-03  0.4181E-02  0.1234E-02  0.1612E-02  0.2385E-02  0.7340E-02  0.2868E-02  0.5250E-04  0.8509E-04  0.1501E-03  0.5691E-03  0.2358E-04  0.2219E-03  0.3051E-03  0.1371E-02  3.5004E-04  0.9180E-04
      3.510  0.5386E-05  0.1509E-03  0.4108E-02  0.1181E-02  0.1463E-02  0.2212E-02  0.7567E-02  0.2996E-02  0.5221E-04  0.8876E-04  0.1324E-03  0.5172E-03  0.2070E-04  0.1981E-03  0.2946E-03  0.1383E-02  0.3232E-04  0.9679E-04
      3.520  0.4798E-05  0.1733E-03  0.4038E-02  0.2830E-02  0.1317E-02  0.3040E-02  0.7788E-02  0.3959E-02  0.5184E-04  0.1177E-03  0.1152E-03  0.1135E-02  0.1789E-04  0.2426E-03  0.2836E-03  0.1754E-02  0.3101E-04  0.1490E-03
      3.530  0.5134E-05  0.1773E-03  0.5385E-02  0.3380E-02  0.1316E-02  0.3428E-02  0.8722E-02  0.4458E-02  0.5677E-04  0.1326E-03  0.1292E-03  0.1278E-02  0.1630E-04  0.2558E-03  0.2898E-03  0.1905E-02  0.3496E-04  0.1793E-03
      3.540  0.7997E-05  0.1783E-03  0.1055E-01  0.3892E-02  0.1756E-02  0.3780E-02  0.1133E-01  0.5117E-02  0.7495E-04  0.1453E-03  0.2362E-03  0.1390E-02  0.1853E-04  0.2658E-03  0.3492E-03  0.2093E-02  0.5284E-04  0.2071E-03
      3.550  0.9215E-05  0.1892E-03  0.1428E-01  0.4431E-02  0.2048E-02  0.4191E-02  0.1416E-01  0.5347E-02  0.8822E-04  0.1496E-03  0.2653E-03  0.1545E-02  0.1917E-04  0.2853E-03  0.3880E-03  0.2152E-02  0.6739E-04  0.2224E-03
      3.560  0.1061E-04  0.1991E-03  0.1769E-01  0.4956E-02  0.2428E-02  0.4577E-02  0.1626E-01  0.5543E-02  0.1003E-03  0.1529E-03  0.2979E-03  0.1691E-02  0.2092E-04  0.3028E-03  0.4166E-03  0.2195E-02  0.8292E-04  0.2358E-03
      3.570  0.1205E-04  0.2090E-03  0.2102E-01  0.5473E-02  0.2795E-02  0.4964E-02  0.1771E-01  0.5731E-02  0.1044E-03  0.1564E-03  0.3292E-03  0.1831E-02  0.2267E-04  0.3201E-03  0.4310E-03  0.2235E-02  0.9098E-04  0.2499E-03
      3.580  0.1345E-04  0.2189E-03  0.2436E-01  0.5982E-02  0.3146E-02  0.5351E-02  0.1900E-01  0.5912E-02  0.1058E-03  0.1601E-03  0.3576E-03  0.1964E-02  0.2420E-04  0.3372E-03  0.4398E-03  0.2271E-02  0.9638E-04  0.2648E-03
      3.590  0.1486E-04  0.2289E-03  0.2776E-01  0.6483E-02  0.3497E-02  0.5740E-02  0.2028E-01  0.6084E-02  0.1075E-03  0.1639E-03  0.3846E-03  0.2092E-02  0.2562E-04  0.3540E-03  0.4474E-03  0.2302E-02  0.1022E-03  0.2803E-03
      3.600  0.1627E-04  0.2241E-03  0.3120E-01  0.6901E-02  0.3847E-02  0.5743E-02  0.2155E-01  0.6005E-02  0.1095E-03  0.1591E-03  0.4100E-03  0.2157E-02  0.2693E-04  0.3466E-03  0.4537E-03  0.2215E-02  0.1084E-03  0.2881E-03
      3.610  0.1787E-04  0.1929E-03  0.3501E-01  0.6509E-02  0.4066E-02  0.5121E-02  0.2265E-01  0.5494E-02  0.1095E-03  0.1379E-03  0.4294E-03  0.1784E-02  0.2713E-04  0.3010E-03  0.4487E-03  0.1939E-02  0.1124E-03  0.2773E-03
      3.620  0.2144E-04  0.1817E-03  0.4053E-01  0.6153E-02  0.3525E-02  0.5033E-02  0.2337E-01  0.5276E-02  0.9274E-04  0.1250E-03  0.3551E-03  0.1564E-02  0.2225E-04  0.2871E-03  0.3866E-03  0.1784E-02  0.1065E-03  0.2809E-03
      3.630  0.2491E-04  0.1825E-03  0.4365E-01  0.5965E-02  0.3447E-02  0.5106E-02  0.2511E-01  0.6384E-02  0.8510E-04  0.1247E-03  0.3308E-03  0.1373E-02  0.2083E-04  0.2810E-03  0.3693E-03  0.2032E-02  0.1063E-03  0.2417E-03
      3.640  0.2885E-04  0.1475E-03  0.4833E-01  0.5148E-02  0.3538E-02  0.4199E-02  0.3035E-01  0.5419E-02  0.8200E-04  0.1001E-03  0.3107E-03  0.1050E-02  0.2043E-04  0.2269E-03  0.3938E-03  0.1609E-02  0.1028E-03  0.1802E-03
      3.650  0.3145E-04  0.1211E-03  0.4939E-01  0.4458E-02  0.2935E-02  0.3524E-02  0.2860E-01  0.4493E-02  0.6609E-04  0.7865E-04  0.2718E-03  0.8030E-03  0.1672E-04  0.1871E-03  0.3221E-03  0.1219E-02  0.8897E-04  0.1226E-03
      3.660  0.3292E-04  0.1019E-03  0.4912E-01  0.4233E-02  0.2390E-02  0.3032E-02  0.2620E-01  0.3730E-02  0.4919E-04  0.6260E-04  0.2351E-03  0.7177E-03  0.1343E-04  0.1592E-03  0.2529E-03  0.8998E-03  0.6668E-04  0.1008E-03
      3.670  0.3403E-04  0.8446E-04  0.4827E-01  0.4005E-02  0.1961E-02  0.2594E-02  0.2351E-01  0.2937E-02  0.3305E-04  0.4640E-04  0.2063E-03  0.6343E-03  0.1080E-04  0.1343E-03  0.1880E-03  0.5749E-03  0.4468E-04  0.7923E-04
      3.680  0.3580E-04  0.7811E-04  0.4924E-01  0.3964E-02  0.1753E-02  0.2428E-02  0.2276E-01  0.2868E-02  0.2513E-04  0.4116E-04  0.2009E-03  0.5957E-03  0.9617E-05  0.1245E-03  0.1603E-03  0.4940E-03  0.3639E-04  0.6807E-04
      3.690  0.3783E-04  0.7537E-04  0.5128E-01  0.3995E-02  0.1698E-02  0.2347E-02  0.2412E-01  0.3070E-02  0.2371E-04  0.4007E-04  0.2036E-03  0.5738E-03  0.9333E-05  0.1194E-03  0.1665E-03  0.5031E-03  0.3333E-04  0.6097E-04
      3.700  0.3982E-04  0.7261E-04  0.5333E-01  0.4027E-02  0.1641E-02  0.2264E-02  0.2547E-01  0.3270E-02  0.2234E-04  0.3906E-04  0.2064E-03  0.5528E-03  0.9049E-05  0.1143E-03  0.1725E-03  0.5108E-03  0.3037E-04  0.5416E-04
      3.710  0.4646E-04  0.7762E-04  0.6138E-01  0.5487E-02  0.1667E-02  0.2322E-02  0.3331E-01  0.5357E-02  0.3293E-04  0.7356E-04  0.2298E-03  0.7707E-03  0.9188E-05  0.1149E-03  0.2025E-03  0.8460E-03  0.3720E-04  0.8202E-04
      3.720  0.5466E-04  0.7634E-04  0.7064E-01  0.5747E-02  0.1690E-02  0.2277E-02  0.4215E-01  0.5831E-02  0.4552E-04  0.7118E-04  0.2568E-03  0.7687E-03  0.9427E-05  0.1115E-03  0.2322E-03  0.8632E-03  0.4181E-04  0.7972E-04
      3.730  0.6116E-04  0.7516E-04  0.7630E-01  0.6012E-02  0.1645E-02  0.2235E-02  0.4811E-01  0.6328E-02  0.4420E-04  0.6898E-04  0.2710E-03  0.7673E-03  0.9510E-05  0.1083E-03  0.2437E-03  0.8826E-03  0.3902E-04  0.7744E-04
      3.740  0.6612E-04  0.7407E-04  0.8045E-01  0.6285E-02  0.1595E-02  0.2195E-02  0.5307E-01  0.6847E-02  0.4320E-04  0.6698E-04  0.2802E-03  0.7665E-03  0.9541E-05  0.1051E-03  0.2470E-03  0.9044E-03  0.3761E-04  0.7519E-04
      3.750  0.7282E-04  0.7307E-04  0.8621E-01  0.6564E-02  0.1584E-02  0.2158E-02  0.6048E-01  0.7389E-02  0.4267E-04  0.6517E-04  0.2960E-03  0.7663E-03  0.9740E-05  0.1020E-03  0.2565E-03  0.9283E-03  0.3635E-04  0.7295E-04
      3.760  0.8261E-04  0.7217E-04  0.9485E-01  0.6849E-02  0.1632E-02  0.2122E-02  0.7206E-01  0.7953E-02  0.4291E-04  0.6355E-04  0.3234E-03  0.7667E-03  0.1022E-04  0.9898E-04  0.2767E-03  0.9546E-03  0.3538E-04  0.7074E-04
      3.770  0.9048E-04  0.7268E-04  0.1033E+00  0.7364E-02  0.1671E-02  0.2113E-02  0.8098E-01  0.9094E-02  0.4292E-04  0.6317E-04  0.3513E-03  0.7817E-03  0.1041E-04  0.9681E-04  0.2966E-03  0.1019E-02  0.3424E-04  0.6952E-04
      3.780  0.9797E-04  0.7283E-04  0.1120E+00  0.7854E-02  0.1704E-02  0.2106E-02  0.8918E-01  0.1009E-01  0.4281E-04  0.6332E-04  0.3802E-03  0.7937E-03  0.1052E-04  0.9476E-04  0.3170E-03  0.1065E-02  0.3315E-04  0.6869E-04
      3.790  0.1056E-03  0.7295E-04  0.1210E+00  0.8350E-02  0.1731E-02  0.2098E-02  0.9736E-01  0.1107E-01  0.4263E-04  0.6347E-04  0.4104E-03  0.8054E-03  0.1062E-04  0.9273E-04  0.3379E-03  0.1108E-02  0.3216E-04  0.6795E-04
      3.800  0.1134E-03  0.7303E-04  0.1303E+00  0.8852E-02  0.1752E-02  0.2090E-02  0.1055E+00  0.1205E-01  0.4238E-04  0.6360E-04  0.4418E-03  0.8166E-03  0.1071E-04  0.9072E-04  0.3593E-03  0.1147E-02  0.3127E-04  0.6728E-04
      3.810  0.1213E-03  0.7308E-04  0.1400E+00  0.9359E-02  0.1768E-02  0.2082E-02  0.1136E+00  0.1301E-01  0.4206E-04  0.6373E-04  0.4744E-03  0.8273E-03  0.1079E-04  0.8873E-04  0.3812E-03  0.1183E-02  0.3048E-04  0.6671E-04
      3.820  0.1412E-03  0.7309E-04  0.1662E+00  0.9872E-02  0.1846E-02  0.2075E-02  0.1253E+00  0.1397E-01  0.4287E-04  0.6384E-04  0.5459E-03  0.8377E-03  0.1090E-04  0.8675E-04  0.4211E-03  0.1216E-02  0.3112E-04  0.6621E-04
      3.830  0.1751E-03  0.7306E-04  0.2113E+00  0.1039E-01  0.1980E-02  0.2067E-02  0.1399E+00  0.1493E-01  0.4480E-04  0.6394E-04  0.6689E-03  0.8476E-03  0.1093E-04  0.8480E-04  0.4843E-03  0.1245E-02  0.3321E-04  0.6580E-04
      3.840  0.1946E-03  0.7367E-04  0.2396E+00  0.1126E-01  0.1941E-02  0.2062E-02  0.1450E+00  0.1617E-01  0.4325E-04  0.6547E-04  0.7720E-03  0.8649E-03  0.1032E-04  0.8298E-04  0.5501E-03  0.1279E-02  0.3415E-04  0.6622E-04
      3.850  0.2824E-03  0.7436E-04  0.3484E+00  0.1219E-01  0.2376E-02  0.2056E-02  0.2049E+00  0.1746E-01  0.5983E-04  0.6715E-04  0.1186E-02  0.8827E-03  0.1210E-04  0.8120E-04  0.8935E-03  0.1310E-02  0.4718E-04  0.6681E-04
      3.860  0.4231E-03  0.7539E-04  0.5372E+00  0.1368E-01  0.2947E-02  0.2062E-02  0.3135E+00  0.1935E-01  0.7802E-04  0.6901E-04  0.1945E-02  0.9023E-03  0.1492E-04  0.7971E-04  0.1528E-02  0.1335E-02  0.6312E-04  0.6732E-04
      3.871  0.4103E-03  0.7541E-04  0.4773E+00  0.1663E-01  0.2763E-02  0.2076E-02  0.3064E+00  0.2164E-01  0.7847E-04  0.7102E-04  0.1801E-02  0.9296E-03  0.1584E-04  0.7821E-04  0.1509E-02  0.1322E-02  0.5690E-04  0.6868E-04
      3.881  0.5123E-03  0.7457E-04  0.5567E+00  0.2298E-01  0.2729E-02  0.2117E-02  0.3772E+00  0.2512E-01  0.8585E-04  0.7382E-04  0.2217E-02  0.9859E-03  0.2112E-04  0.7684E-04  0.1935E-02  0.1290E-02  0.5428E-04  0.7212E-04
      3.891  0.4111E-03  0.7407E-04  0.3522E+00  0.2729E-01  0.2309E-02  0.2091E-02  0.3166E+00  0.2772E-01  0.8330E-04  0.7418E-04  0.1508E-02  0.9973E-03  0.2063E-04  0.7400E-04  0.1486E-02  0.1253E-02  0.4986E-04  0.7387E-04
      3.901  0.7972E-03  0.7374E-04  0.5575E+00  0.3174E-01  0.3184E-02  0.2061E-02  0.4595E+00  0.3043E-01  0.8624E-04  0.7435E-04  0.2516E-02  0.1007E-02  0.4031E-04  0.7113E-04  0.2314E-02  0.1216E-02  0.5786E-04  0.7554E-04
      3.911  0.1038E-02  0.7054E-04  0.5823E+00  0.3990E-01  0.3906E-02  0.2024E-02  0.5230E+00  0.3543E-01  0.8685E-04  0.7691E-04  0.2876E-02  0.1050E-02  0.5475E-04  0.6454E-04  0.2916E-02  0.1194E-02  0.5213E-04  0.8001E-04
      3.921  0.1173E-02  0.6764E-04  0.5391E+00  0.4836E-01  0.4623E-02  0.1988E-02  0.5990E+00  0.4070E-01  0.1021E-03  0.7887E-04  0.2900E-02  0.1085E-02  0.6988E-04  0.5816E-04  0.3507E-02  0.1172E-02  0.5086E-04  0.8391E-04
      3.931  0.1284E-02  0.6814E-04  0.4601E+00  0.5408E-01  0.4949E-02  0.1919E-02  0.6877E+00  0.4449E-01  0.1180E-03  0.7947E-04  0.2734E-02  0.1089E-02  0.8854E-04  0.5527E-04  0.4273E-02  0.1137E-02  0.4704E-04  0.8686E-04
      3.941  0.1104E-02  0.7686E-04  0.3412E+00  0.6083E-01  0.3734E-02  0.1868E-02  0.6280E+00  0.4927E-01  0.1091E-03  0.8066E-04  0.2421E-02  0.1106E-02  0.8526E-04  0.5371E-04  0.4116E-02  0.1120E-02  0.3244E-04  0.9008E-04
      3.951  0.8260E-03  0.8760E-04  0.2580E+00  0.6542E-01  0.2201E-02  0.1788E-02  0.3691E+00  0.5250E-01  0.8553E-04  0.7948E-04  0.2123E-02  0.1095E-02  0.6161E-04  0.5251E-04  0.2505E-02  0.1094E-02  0.2264E-04  0.9098E-04
      3.961  0.9014E-03  0.9891E-04  0.2627E+00  0.6865E-01  0.2284E-02  0.1700E-02  0.3890E+00  0.5472E-01  0.9767E-04  0.7713E-04  0.2303E-02  0.1070E-02  0.6903E-04  0.5158E-04  0.2762E-02  0.1060E-02  0.2157E-04  0.9080E-04
      3.971  0.1668E-02  0.1107E-03  0.4558E+00  0.7181E-01  0.2972E-02  0.1613E-02  0.7676E+00  0.5691E-01  0.2055E-03  0.7483E-04  0.4344E-02  0.1045E-02  0.1442E-03  0.5070E-04  0.5542E-02  0.1026E-02  0.2743E-04  0.9065E-04
      3.981  0.1041E-02  0.1230E-03  0.2717E+00  0.7491E-01  0.2618E-02  0.1528E-02  0.3284E+00  0.5909E-01  0.1030E-03  0.7256E-04  0.2578E-02  0.1018E-02  0.7132E-04  0.4988E-04  0.2965E-02  0.9929E-03  0.1970E-04  0.9053E-04
      3.991  0.8760E-03  0.1360E-03  0.2096E+00  0.7814E-01  0.2190E-02  0.1444E-02  0.2540E+00  0.6143E-01  0.8833E-04  0.7063E-04  0.2251E-02  0.9930E-03  0.5707E-04  0.4913E-04  0.2431E-02  0.9639E-03  0.1976E-04  0.9043E-04
      4.001  0.7590E-03  0.1507E-03  0.1661E+00  0.8233E-01  0.1932E-02  0.1364E-02  0.1968E+00  0.6467E-01  0.7804E-04  0.7001E-04  0.2034E-02  0.9729E-03  0.4583E-04  0.4854E-04  0.1966E-02  0.9530E-03  0.2107E-04  0.9035E-04
      4.011  0.6642E-03  0.1697E-03  0.1414E+00  0.8755E-01  0.1751E-02  0.1315E-02  0.1654E+00  0.7046E-01  0.7235E-04  0.6942E-04  0.1863E-02  0.9633E-03  0.3902E-04  0.4905E-04  0.1834E-02  0.9493E-03  0.2341E-04  0.9297E-04
      4.021  0.6045E-03  0.2227E-03  0.1174E+00  0.1129E+00  0.1644E-02  0.1339E-02  0.1387E+00  0.1056E+00  0.6583E-04  0.6870E-04  0.1712E-02  0.9932E-03  0.3317E-04  0.5598E-04  0.1888E-02  0.9554E-03  0.2800E-04  0.1071E-03
      4.031  0.6834E-03  0.3036E-03  0.1201E+00  0.1677E+00  0.1793E-02  0.1320E-02  0.1472E+00  0.1337E+00  0.7229E-04  0.7659E-04  0.1877E-02  0.1090E-02  0.3555E-04  0.6777E-04  0.2237E-02  0.1030E-02  0.3250E-04  0.1297E-03
      4.041  0.7202E-03  0.6949E-03  0.1181E+00  0.2634E+00  0.1862E-02  0.2236E-02  0.1483E+00  0.2640E+00  0.7667E-04  0.1670E-03  0.1962E-02  0.1883E-02  0.3614E-04  0.1153E-03  0.2441E-02  0.2176E-02  0.3673E-04  0.2057E-03
      4.051  0.5502E-03  0.1141E-02  0.9540E-01  0.2901E+00  0.1557E-02  0.2095E-02  0.1169E+00  0.2885E+00  0.6573E-04  0.1718E-03  0.1660E-02  0.1961E-02  0.2851E-04  0.1637E-03  0.1994E-02  0.1532E-02  0.3816E-04  0.1726E-03
      4.061  0.4114E-03  0.1130E-02  0.7726E-01  0.2338E+00  0.1323E-02  0.1707E-02  0.9080E-01  0.2674E+00  0.5565E-04  0.1268E-03  0.1404E-02  0.1243E-02  0.2220E-04  0.1603E-03  0.1611E-02  0.1114E-02  0.3911E-04  0.1232E-03
      4.071  0.3024E-03  0.9373E-03  0.6240E-01  0.1947E+00  0.1144E-02  0.1456E-02  0.6903E-01  0.2251E+00  0.4632E-04  0.1033E-03  0.1183E-02  0.8034E-03  0.1699E-04  0.1353E-03  0.1287E-02  0.9144E-03  0.3965E-04  0.1061E-03
      4.081  0.2857E-03  0.1049E-02  0.5898E-01  0.2172E+00  0.1130E-02  0.1557E-02  0.6415E-01  0.2412E+00  0.4547E-04  0.1019E-03  0.1153E-02  0.8413E-03  0.1594E-04  0.1493E-03  0.1246E-02  0.8123E-03  0.4186E-04  0.1098E-03
      4.091  0.2785E-03  0.1120E-02  0.5676E-01  0.2440E+00  0.1137E-02  0.1674E-02  0.6126E-01  0.2555E+00  0.4557E-04  0.1013E-03  0.1146E-02  0.8936E-03  0.1540E-04  0.1600E-03  0.1236E-02  0.7124E-03  0.4435E-04  0.1178E-03
      4.101  0.2714E-03  0.1137E-02  0.5450E-01  0.3749E+00  0.1144E-02  0.2363E-02  0.5834E-01  0.2801E+00  0.4567E-04  0.1110E-03  0.1138E-02  0.1122E-02  0.1486E-04  0.1926E-03  0.1226E-02  0.5873E-03  0.4683E-04  0.1572E-03
      4.111  0.2644E-03  0.1864E-02  0.5220E-01  0.5452E+00  0.1152E-02  0.4228E-02  0.5540E-01  0.3443E+00  0.4575E-04  0.1641E-03  0.1130E-02  0.1137E-02  0.1432E-04  0.3224E-03  0.1216E-02  0.5671E-03  0.4930E-04  0.1976E-03
      4.121  0.3297E-03  0.1861E-02  0.5025E-01  0.2003E+00  0.1194E-02  0.2720E-02  0.5306E-01  0.2323E+00  0.4600E-04  0.1735E-03  0.1134E-02  0.4724E-03  0.1392E-04  0.2426E-03  0.1224E-02  0.4830E-03  0.5184E-04  0.1536E-03
      4.131  0.3925E-03  0.3303E-02  0.4650E-01  0.3731E+00  0.1300E-02  0.4475E-02  0.4902E-01  0.4284E+00  0.4778E-04  0.2752E-03  0.1177E-02  0.6001E-03  0.1380E-04  0.4460E-03  0.1425E-02  0.5056E-03  0.6912E-04  0.2063E-03
      4.141  0.6006E-03  0.2854E-02  0.4673E-01  0.3578E+00  0.1481E-02  0.4957E-02  0.4737E-01  0.3937E+00  0.6537E-04  0.2439E-03  0.1344E-02  0.5054E-03  0.1424E-04  0.4578E-03  0.1461E-02  0.5984E-03  0.7555E-04  0.2029E-03
      4.151  0.9731E-03  0.2512E-02  0.4056E-01  0.3325E+00  0.1777E-02  0.5120E-02  0.4197E-01  0.3373E+00  0.7632E-04  0.2208E-03  0.1350E-02  0.5081E-03  0.1470E-04  0.4520E-03  0.1440E-02  0.9748E-03  0.8010E-04  0.2328E-03
      4.161  0.1152E-02  0.2417E-02  0.3123E-01  0.4354E+00  0.1891E-02  0.6756E-02  0.3225E-01  0.3187E+00  0.6483E-04  0.2365E-03  0.1041E-02  0.5289E-03  0.1371E-04  0.5038E-03  0.1089E-02  0.8557E-03  0.6988E-04  0.2489E-03
      4.171  0.1334E-02  0.2211E-02  0.2398E-01  0.3810E+00  0.1819E-02  0.6230E-02  0.2539E-01  0.2868E+00  0.5557E-04  0.2806E-03  0.8433E-03  0.5241E-03  0.1275E-04  0.4503E-03  0.8236E-03  0.8919E-03  0.6309E-04  0.2806E-03
      4.181  0.1503E-02  0.1307E-02  0.2203E-01  0.1627E+00  0.1758E-02  0.2807E-02  0.2330E-01  0.1645E+00  0.5138E-04  0.1296E-03  0.8410E-03  0.4809E-03  0.1255E-04  0.2061E-03  0.7836E-03  0.4874E-03  0.6299E-04  0.1919E-03
      4.191  0.1678E-02  0.1280E-02  0.2013E-01  0.1242E+00  0.1715E-02  0.2329E-02  0.2128E-01  0.1431E+00  0.4695E-04  0.9520E-04  0.8383E-03  0.5035E-03  0.1241E-04  0.1702E-03  0.7434E-03  0.3543E-03  0.6264E-04  0.1669E-03
      4.201  0.1859E-02  0.1642E-02  0.1828E-01  0.1284E+00  0.1689E-02  0.2705E-02  0.1931E-01  0.1612E+00  0.4230E-04  0.1069E-03  0.8353E-03  0.5768E-03  0.1232E-04  0.2072E-03  0.7031E-03  0.4402E-03  0.6201E-04  0.1851E-03
      4.211  0.2046E-02  0.1292E-02  0.1653E-01  0.6841E-01  0.1684E-02  0.1972E-02  0.1744E-01  0.9103E-01  0.3760E-04  0.7103E-04  0.8329E-03  0.4012E-03  0.1232E-04  0.1272E-03  0.6636E-03  0.3641E-03  0.6126E-04  0.1327E-03
      4.221  0.2225E-02  0.1222E-02  0.1492E-01  0.4436E-01  0.1661E-02  0.1602E-02  0.1622E-01  0.5803E-01  0.3568E-04  0.5188E-04  0.7419E-03  0.2452E-03  0.1176E-04  0.9125E-04  0.6388E-03  0.3050E-03  0.5465E-04  0.8610E-04
      4.231  0.2408E-02  0.1512E-02  0.1325E-01  0.3696E-01  0.1638E-02  0.1603E-02  0.1499E-01  0.4766E-01  0.3367E-04  0.4222E-04  0.6408E-03  0.1619E-03  0.1111E-04  0.8663E-04  0.6127E-03  0.2759E-03  0.4702E-04  0.5758E-04
      4.241  0.2596E-02  0.1861E-02  0.1162E-01  0.3586E-01  0.1624E-02  0.1758E-02  0.1379E-01  0.4549E-01  0.3171E-04  0.4232E-04  0.5401E-03  0.1681E-03  0.1048E-04  0.9206E-04  0.5859E-03  0.2716E-03  0.3917E-04  0.5696E-04
      4.251  0.2788E-02  0.2209E-02  0.1010E-01  0.3482E-01  0.1622E-02  0.1906E-02  0.1265E-01  0.4331E-01  0.2980E-04  0.4251E-04  0.4435E-03  0.1744E-03  0.9893E-05  0.9673E-04  0.5589E-03  0.2655E-03  0.3140E-04  0.5626E-04
      4.261  0.2999E-02  0.2557E-02  0.9700E-02  0.3383E-01  0.1671E-02  0.2046E-02  0.1217E-01  0.4112E-01  0.2857E-04  0.4280E-04  0.4254E-03  0.1809E-03  0.9940E-05  0.1006E-03  0.5414E-03  0.2576E-03  0.2969E-04  0.5548E-04
      4.271  0.3492E-02  0.2906E-02  0.9931E-02  0.3298E-01  0.1796E-02  0.2184E-02  0.1236E-01  0.3898E-01  0.2839E-04  0.4326E-04  0.4238E-03  0.1877E-03  0.1018E-04  0.1041E-03  0.5421E-03  0.2492E-03  0.2931E-04  0.5497E-04
      4.281  0.4314E-02  0.3264E-02  0.1057E-01  0.3271E-01  0.2004E-02  0.2351E-02  0.1299E-01  0.3746E-01  0.2892E-04  0.4468E-04  0.4367E-03  0.1979E-03  0.1053E-04  0.1084E-03  0.5611E-03  0.2515E-03  0.3025E-04  0.5701E-04
      4.291  0.5333E-02  0.3581E-02  0.1122E-01  0.3206E-01  0.2286E-02  0.2477E-02  0.1349E-01  0.3600E-01  0.3059E-04  0.4709E-04  0.4547E-03  0.2075E-03  0.1141E-04  0.1091E-03  0.5761E-03  0.2606E-03  0.3239E-04  0.5984E-04
      4.301  0.7087E-02  0.4012E-02  0.1204E-01  0.3171E-01  0.2771E-02  0.2528E-02  0.1354E-01  0.3493E-01  0.3554E-04  0.5056E-04  0.4804E-03  0.2104E-03  0.1285E-04  0.1022E-03  0.5679E-03  0.2779E-03  0.3582E-04  0.6280E-04
      4.311  0.9547E-02  0.4745E-02  0.1366E-01  0.3338E-01  0.3449E-02  0.2624E-02  0.1357E-01  0.3618E-01  0.4043E-04  0.5560E-04  0.5033E-03  0.2211E-03  0.1461E-04  0.9720E-04  0.5482E-03  0.3164E-03  0.3948E-04  0.6812E-04
      4.321  0.1076E-01  0.5470E-02  0.1460E-01  0.3499E-01  0.3835E-02  0.2721E-02  0.1357E-01  0.3750E-01  0.4261E-04  0.6052E-04  0.5013E-03  0.2321E-03  0.1653E-04  0.9246E-04  0.5363E-03  0.3565E-03  0.4203E-04  0.7373E-04
      4.331  0.1053E-01  0.6239E-02  0.1435E-01  0.3659E-01  0.3842E-02  0.2828E-02  0.1350E-01  0.3862E-01  0.4363E-04  0.6533E-04  0.4866E-03  0.2427E-03  0.1814E-04  0.8631E-04  0.5412E-03  0.3977E-03  0.4353E-04  0.7981E-04
      4.341  0.1031E-01  0.7164E-02  0.1409E-01  0.3840E-01  0.3852E-02  0.2966E-02  0.1341E-01  0.3916E-01  0.4472E-04  0.6988E-04  0.4718E-03  0.2518E-03  0.1976E-04  0.7593E-04  0.5450E-03  0.4404E-03  0.4498E-04  0.8676E-04
      4.351  0.1009E-01  0.7799E-02  0.1382E-01  0.4006E-01  0.3865E-02  0.3106E-02  0.1331E-01  0.4145E-01  0.4589E-04  0.7373E-04  0.4569E-03  0.2637E-03  0.2142E-04  0.7671E-04  0.5475E-03  0.4910E-03  0.4639E-04  0.9370E-04
      4.361  0.9866E-02  0.7564E-02  0.1354E-01  0.3743E-01  0.3880E-02  0.3185E-02  0.1319E-01  0.3869E-01  0.4714E-04  0.7510E-04  0.4421E-03  0.2604E-03  0.2309E-04  0.7599E-04  0.5488E-03  0.5033E-03  0.4774E-04  0.9971E-04
      4.371  0.9644E-02  0.7318E-02  0.1324E-01  0.3491E-01  0.3897E-02  0.3281E-02  0.1307E-01  0.3600E-01  0.4847E-04  0.7705E-04  0.4272E-03  0.2566E-03  0.2479E-04  0.7603E-04  0.5489E-03  0.5097E-03  0.4905E-04  0.1053E-03
      4.381  0.9389E-02  0.7110E-02  0.1293E-01  0.3249E-01  0.3933E-02  0.3387E-02  0.1291E-01  0.3344E-01  0.5005E-04  0.7928E-04  0.4135E-03  0.2515E-03  0.2667E-04  0.7648E-04  0.5464E-03  0.5112E-03  0.5036E-04  0.1101E-03
      4.391  0.8988E-02  0.6744E-02  0.1263E-01  0.2817E-01  0.4142E-02  0.3703E-02  0.1253E-01  0.2845E-01  0.5226E-04  0.8109E-04  0.3971E-03  0.2308E-03  0.3016E-04  0.8807E-04  0.5190E-03  0.4577E-03  0.5020E-04  0.1076E-03
      4.401  0.9460E-02  0.7298E-02  0.1322E-01  0.2927E-01  0.4394E-02  0.4795E-02  0.1319E-01  0.2907E-01  0.5712E-04  0.1397E-03  0.4045E-03  0.2801E-03  0.3527E-04  0.9452E-04  0.5422E-03  0.6246E-03  0.5343E-04  0.1301E-03
      4.411  0.1258E-01  0.9456E-02  0.1579E-01  0.3548E-01  0.5997E-02  0.8872E-02  0.1714E-01  0.3226E-01  0.8565E-04  0.3576E-03  0.4703E-03  0.5241E-03  0.6274E-04  0.1083E-03  0.6362E-03  0.1256E-02  0.6182E-04  0.2030E-03
      4.421  0.1433E-01  0.6986E-02  0.1727E-01  0.2672E-01  0.7428E-02  0.4650E-02  0.1913E-01  0.2762E-01  0.1179E-03  0.1093E-03  0.5191E-03  0.2555E-03  0.9463E-04  0.9793E-04  0.7271E-03  0.5423E-03  0.7120E-04  0.1373E-03
      4.431  0.1368E-01  0.7584E-02  0.1740E-01  0.2671E-01  0.7695E-02  0.5250E-02  0.1790E-01  0.2720E-01  0.1196E-03  0.1233E-03  0.5119E-03  0.2734E-03  0.9845E-04  0.1087E-03  0.7343E-03  0.5705E-03  0.7787E-04  0.1573E-03
      4.441  0.1338E-01  0.9336E-02  0.1773E-01  0.2716E-01  0.7746E-02  0.6599E-02  0.1740E-01  0.2846E-01  0.1005E-03  0.1582E-03  0.4862E-03  0.3017E-03  0.9099E-04  0.1252E-03  0.7150E-03  0.6430E-03  0.8386E-04  0.1899E-03
      4.451  0.1501E-01  0.1107E-01  0.1955E-01  0.2846E-01  0.8932E-02  0.7758E-02  0.1919E-01  0.3086E-01  0.1094E-03  0.1828E-03  0.5149E-03  0.3027E-03  0.1096E-03  0.1347E-03  0.7749E-03  0.7182E-03  0.9806E-04  0.2221E-03
      4.461  0.1720E-01  0.1377E-01  0.2142E-01  0.3246E-01  0.1038E-01  0.9506E-02  0.2112E-01  0.3042E-01  0.1303E-03  0.1750E-03  0.5517E-03  0.2375E-03  0.1350E-03  0.1815E-03  0.8557E-03  0.7627E-03  0.1151E-03  0.2837E-03
      4.471  0.2007E-01  0.1478E-01  0.2339E-01  0.3256E-01  0.1206E-01  0.9991E-02  0.2319E-01  0.3122E-01  0.1602E-03  0.1855E-03  0.5893E-03  0.2183E-03  0.1659E-03  0.1993E-03  0.9460E-03  0.7379E-03  0.1347E-03  0.2995E-03
      4.481  0.2380E-01  0.1579E-01  0.2777E-01  0.3260E-01  0.1334E-01  0.1049E-01  0.2423E-01  0.3186E-01  0.1746E-03  0.1962E-03  0.6287E-03  0.1998E-03  0.1863E-03  0.2165E-03  0.9658E-03  0.7134E-03  0.1555E-03  0.3146E-03
      4.491  0.2591E-01  0.1683E-01  0.2863E-01  0.3275E-01  0.1485E-01  0.1310E-01  0.2509E-01  0.3301E-01  0.2015E-03  0.2205E-03  0.6338E-03  0.2027E-03  0.1940E-03  0.3618E-03  0.9690E-03  0.7398E-03  0.1693E-03  0.3721E-03
      4.501  0.3551E-01  0.1795E-01  0.3407E-01  0.3280E-01  0.2129E-01  0.1544E-01  0.3275E-01  0.3350E-01  0.2984E-03  0.2435E-03  0.7126E-03  0.2067E-03  0.2701E-03  0.4905E-03  0.1140E-02  0.7674E-03  0.2118E-03  0.4272E-03
      4.511  0.1418E-01  0.1825E-01  0.1762E-01  0.3088E-01  0.1208E-01  0.1370E-01  0.2134E-01  0.3178E-01  0.9743E-04  0.2525E-03  0.4251E-03  0.1750E-03  0.1488E-03  0.4265E-03  0.7911E-03  0.5937E-03  0.1176E-03  0.3349E-03
      4.521  0.1267E-01  0.1951E-01  0.1935E-01  0.3149E-01  0.1032E-01  0.1276E-01  0.1823E-01  0.3119E-01  0.8823E-04  0.2635E-03  0.4572E-03  0.1478E-03  0.1678E-03  0.3817E-03  0.7614E-03  0.4428E-03  0.1231E-03  0.2676E-03
      4.531  0.1357E-01  0.1555E-01  0.2427E-01  0.2877E-01  0.9616E-02  0.1200E-01  0.1816E-01  0.2761E-01  0.8865E-04  0.1676E-03  0.5459E-03  0.1662E-03  0.2139E-03  0.3924E-03  0.7926E-03  0.4431E-03  0.1459E-03  0.2641E-03
      4.541  0.2053E-01  0.1452E-01  0.3769E-01  0.2757E-01  0.1274E-01  0.1266E-01  0.3084E-01  0.2564E-01  0.1230E-03  0.1426E-03  0.7742E-03  0.2003E-03  0.3465E-03  0.4263E-03  0.1162E-02  0.4676E-03  0.2113E-03  0.2840E-03
      4.551  0.1172E-01  0.1520E-01  0.1987E-01  0.2760E-01  0.1148E-01  0.1395E-01  0.2388E-01  0.2553E-01  0.1037E-03  0.1496E-03  0.4381E-03  0.2339E-03  0.2044E-03  0.4727E-03  0.8168E-03  0.4905E-03  0.1400E-03  0.3125E-03
      4.561  0.9603E-02  0.5232E-01  0.1653E-01  0.9485E-01  0.1213E-01  0.2650E-01  0.1994E-01  0.4916E-01  0.9288E-04  0.2293E-03  0.3970E-03  0.3815E-03  0.1840E-03  0.6394E-03  0.7025E-03  0.7219E-03  0.1365E-03  0.7371E-03
      4.571  0.7646E-02  0.2390E-01  0.1335E-01  0.3732E-01  0.1287E-01  0.2493E-01  0.1600E-01  0.4537E-01  0.8156E-04  0.1822E-03  0.3601E-03  0.4314E-03  0.1623E-03  0.6277E-03  0.5906E-03  0.6093E-03  0.1334E-03  0.4444E-03
      4.581  0.5870E-02  0.9004E-02  0.1037E-01  0.1504E-01  0.1375E-01  0.1756E-01  0.1224E-01  0.2275E-01  0.6965E-04  0.1172E-03  0.3284E-03  0.3043E-03  0.1397E-03  0.6680E-03  0.4869E-03  0.3713E-03  0.1327E-03  0.3143E-03
      4.591  0.4226E-02  0.3193E-02  0.7688E-02  0.7933E-02  0.1443E-01  0.1303E-01  0.9233E-02  0.1312E-01  0.5768E-04  0.8231E-04  0.3071E-03  0.2405E-03  0.1136E-03  0.6439E-03  0.3918E-03  0.2539E-03  0.1349E-03  0.2505E-03
      4.601  0.5157E-02  0.3120E-02  0.1093E-01  0.9030E-02  0.1653E-01  0.1434E-01  0.1021E-01  0.1225E-01  0.6107E-04  0.9160E-04  0.4881E-03  0.3908E-03  0.1513E-03  0.7130E-03  0.4046E-03  0.2863E-03  0.1480E-03  0.3045E-03
      4.611  0.7331E-02  0.3317E-02  0.1496E-01  0.7557E-02  0.1701E-01  0.9930E-02  0.1322E-01  0.1149E-01  0.7414E-04  0.8527E-04  0.6406E-03  0.2024E-03  0.1991E-03  0.5207E-03  0.4281E-03  0.2125E-03  0.1538E-03  0.2138E-03
      4.621  0.6684E-02  0.3812E-02  0.1166E-01  0.7690E-02  0.1287E-01  0.9646E-02  0.1505E-01  0.1192E-01  0.8099E-04  0.9349E-04  0.4508E-03  0.2190E-03  0.1437E-03  0.4893E-03  0.3794E-03  0.2055E-03  0.1257E-03  0.2178E-03
      4.631  0.7719E-02  0.4341E-02  0.1468E-01  0.7940E-02  0.1455E-01  0.9395E-02  0.2166E-01  0.1241E-01  0.1040E-03  0.1024E-03  0.5080E-03  0.2364E-03  0.1448E-03  0.4595E-03  0.4630E-03  0.1992E-03  0.1206E-03  0.2239E-03
      4.641  0.3874E-02  0.9591E-02  0.7092E-02  0.1843E-01  0.7050E-02  0.1552E-01  0.1319E-01  0.2923E-01  0.7406E-04  0.1571E-03  0.2651E-03  0.3747E-03  0.1020E-03  0.7546E-03  0.3185E-03  0.2719E-03  0.9522E-04  0.2925E-03
      4.651  0.4361E-02  0.2505E-02  0.8614E-02  0.4791E-02  0.6936E-02  0.7235E-02  0.1456E-01  0.6535E-02  0.7993E-04  0.1100E-03  0.2987E-03  0.2288E-03  0.1358E-03  0.2583E-03  0.3451E-03  0.1677E-03  0.1041E-03  0.2166E-03
      4.661  0.5665E-02  0.2498E-02  0.1593E-01  0.5255E-02  0.7088E-02  0.7085E-02  0.1820E-01  0.6634E-02  0.9034E-04  0.1165E-03  0.4383E-03  0.2413E-03  0.2051E-03  0.2480E-03  0.4125E-03  0.1685E-03  0.1277E-03  0.2267E-03
      4.671  0.7785E-02  0.2537E-02  0.2638E-01  0.6297E-02  0.7499E-02  0.6999E-02  0.2467E-01  0.7202E-02  0.1055E-03  0.1285E-03  0.6689E-03  0.2648E-03  0.3139E-03  0.2420E-03  0.5308E-03  0.1770E-03  0.1610E-03  0.2410E-03
      4.681  0.1060E-01  0.2903E-02  0.4299E-01  0.9402E-02  0.9212E-02  0.7279E-02  0.5653E-01  0.9508E-02  0.1774E-03  0.1557E-03  0.1058E-02  0.3372E-03  0.4471E-03  0.2490E-03  0.1156E-02  0.2023E-03  0.2384E-03  0.2813E-03
      4.691  0.1341E-01  0.3956E-02  0.5747E-01  0.1703E-01  0.9978E-02  0.7662E-02  0.7106E-01  0.1566E-01  0.2262E-03  0.1916E-03  0.1410E-02  0.4530E-03  0.5938E-03  0.2722E-03  0.1456E-02  0.2406E-03  0.2925E-03  0.3319E-03
      4.701  0.1610E-01  0.4978E-02  0.7131E-01  0.2479E-01  0.9816E-02  0.8055E-02  0.7289E-01  0.2196E-01  0.2416E-03  0.2281E-03  0.1730E-02  0.5634E-03  0.7497E-03  0.2972E-03  0.1537E-02  0.2780E-03  0.3251E-03  0.3827E-03
      4.711  0.1632E-01  0.6182E-02  0.6586E-01  0.4149E-01  0.8994E-02  0.9241E-02  0.6297E-01  0.3032E-01  0.2298E-03  0.3065E-03  0.1674E-02  0.7473E-03  0.8146E-03  0.3415E-03  0.1413E-02  0.3322E-03  0.2930E-03  0.4875E-03
      4.721  0.1301E-01  0.6908E-02  0.4384E-01  0.5967E-01  0.7077E-02  0.7645E-02  0.3510E-01  0.3566E-01  0.1540E-03  0.2583E-03  0.1246E-02  0.6692E-03  0.7233E-03  0.3261E-03  0.9357E-03  0.3277E-03  0.2105E-03  0.4467E-03
      4.731  0.8537E-02  0.7944E-02  0.2906E-01  0.7925E-01  0.8136E-02  0.5723E-02  0.2738E-01  0.4480E-01  0.1598E-03  0.1847E-03  0.1008E-02  0.5568E-03  0.4594E-03  0.3117E-03  0.8840E-03  0.3519E-03  0.2058E-03  0.4159E-03
      4.741  0.7344E-02  0.9749E-02  0.2347E-01  0.1034E+00  0.8713E-02  0.6838E-02  0.2747E-01  0.7415E-01  0.1640E-03  0.2418E-03  0.9216E-03  0.7069E-03  0.3948E-03  0.3766E-03  0.9279E-03  0.4769E-03  0.2100E-03  0.5326E-03
      4.751  0.5825E-02  0.1021E-01  0.1655E-01  0.1017E+00  0.7157E-02  0.7663E-02  0.2069E-01  0.1031E+00  0.1328E-03  0.2834E-03  0.6430E-03  0.8126E-03  0.3146E-03  0.4368E-03  0.7145E-03  0.5845E-03  0.1776E-03  0.5338E-03
      4.761  0.4740E-02  0.6419E-02  0.1188E-01  0.5469E-01  0.6108E-02  0.6605E-02  0.1639E-01  0.7294E-01  0.1127E-03  0.2437E-03  0.4894E-03  0.6795E-03  0.2662E-03  0.3526E-03  0.5921E-03  0.5219E-03  0.1580E-03  0.3815E-03
      4.771  0.4727E-02  0.4497E-02  0.8955E-02  0.2215E-01  0.7386E-02  0.1171E-01  0.1279E-01  0.5223E-01  0.1020E-03  0.1852E-03  0.4417E-03  0.5705E-03  0.2671E-03  0.3099E-03  0.5075E-03  0.5848E-03  0.1664E-03  0.4884E-03
      4.781  0.6015E-02  0.5533E-02  0.8130E-02  0.2570E-01  0.1054E-01  0.1313E-01  0.1077E-01  0.4604E-01  0.1388E-03  0.2463E-03  0.6351E-03  0.8066E-03  0.3564E-03  0.3378E-03  0.5503E-03  0.6605E-03  0.2268E-03  0.6181E-03
      4.791  0.1039E-01  0.4008E-02  0.1876E-01  0.2163E-01  0.1523E-01  0.8625E-02  0.1500E-01  0.3485E-01  0.1933E-03  0.2327E-03  0.1203E-02  0.5339E-03  0.7547E-03  0.2235E-03  0.7697E-03  0.4456E-03  0.7429E-03  0.3662E-03
      4.801  0.6963E-02  0.3984E-02  0.1168E-01  0.2096E-01  0.6910E-02  0.7523E-02  0.1263E-01  0.2819E-01  0.1703E-03  0.2268E-03  0.6457E-03  0.5060E-03  0.5659E-03  0.1943E-03  0.5526E-03  0.3780E-03  0.2352E-03  0.3299E-03
      4.811  0.6418E-02  0.3912E-02  0.1049E-01  0.1992E-01  0.5799E-02  0.6426E-02  0.1060E-01  0.2140E-01  0.1613E-03  0.2189E-03  0.5396E-03  0.4938E-03  0.5107E-03  0.1657E-03  0.4156E-03  0.3221E-03  0.1972E-03  0.2966E-03
      4.821  0.6394E-02  0.3869E-02  0.1046E-01  0.1817E-01  0.5075E-02  0.5240E-02  0.1052E-01  0.1965E-01  0.1622E-03  0.2349E-03  0.5481E-03  0.5931E-03  0.5116E-03  0.1522E-03  0.3985E-03  0.3390E-03  0.1806E-03  0.2668E-03
      4.831  0.6881E-02  0.4299E-02  0.1105E-01  0.1755E-01  0.5433E-02  0.5847E-02  0.1091E-01  0.1924E-01  0.1786E-03  0.2564E-03  0.6651E-03  0.6775E-03  0.5592E-03  0.1815E-03  0.4164E-03  0.3574E-03  0.1747E-03  0.2646E-03
      4.841  0.7527E-02  0.5158E-02  0.1179E-01  0.1990E-01  0.6086E-02  0.6884E-02  0.1145E-01  0.2220E-01  0.1965E-03  0.3194E-03  0.7837E-03  0.8054E-03  0.6242E-03  0.2548E-03  0.4425E-03  0.4148E-03  0.1724E-03  0.3527E-03
      4.851  0.1030E-01  0.6902E-02  0.1517E-01  0.2714E-01  0.1088E-01  0.1036E-01  0.1580E-01  0.3188E-01  0.2934E-03  0.4864E-03  0.1017E-02  0.9850E-03  0.8344E-03  0.4018E-03  0.6597E-03  0.5519E-03  0.2476E-03  0.7987E-03
      4.861  0.2276E-01  0.8778E-02  0.4543E-01  0.3076E-01  0.2662E-01  0.1459E-01  0.4812E-01  0.3975E-01  0.8024E-03  0.6881E-03  0.2493E-02  0.1047E-02  0.2142E-02  0.5150E-03  0.1805E-02  0.6981E-03  0.1032E-02  0.1030E-02
      4.871  0.2413E-01  0.1124E-01  0.4898E-01  0.3787E-01  0.2317E-01  0.2106E-01  0.4155E-01  0.5344E-01  0.8213E-03  0.9492E-03  0.2334E-02  0.1123E-02  0.2464E-02  0.6417E-03  0.1607E-02  0.8245E-03  0.8014E-03  0.1460E-02
      4.881  0.1961E-01  0.1174E-01  0.3520E-01  0.3331E-01  0.1460E-01  0.1697E-01  0.2935E-01  0.3562E-01  0.4633E-03  0.6961E-03  0.1484E-02  0.8208E-03  0.2176E-02  0.7000E-03  0.1222E-02  0.6020E-03  0.6321E-03  0.9444E-03
      4.891  0.1682E-01  0.1432E-01  0.2659E-01  0.3476E-01  0.1154E-01  0.1918E-01  0.2128E-01  0.3522E-01  0.4491E-03  0.6922E-03  0.1259E-02  0.1033E-02  0.2202E-02  0.9121E-03  0.1063E-02  0.6651E-03  0.4431E-03  0.9338E-03
      4.901  0.1717E-01  0.1912E-01  0.2117E-01  0.4172E-01  0.1238E-01  0.2383E-01  0.1852E-01  0.3540E-01  0.4173E-03  0.8266E-03  0.1322E-02  0.1362E-02  0.2489E-02  0.1353E-02  0.1065E-02  0.7764E-03  0.3843E-03  0.9447E-03
      4.911  0.1519E-01  0.1582E-01  0.1485E-01  0.3160E-01  0.1313E-01  0.2069E-01  0.1529E-01  0.2650E-01  0.3306E-03  0.7027E-03  0.1302E-02  0.1488E-02  0.2441E-02  0.1432E-02  0.8674E-03  0.8098E-03  0.3734E-03  0.6379E-03
      4.921  0.1910E-01  0.1603E-01  0.1597E-01  0.2853E-01  0.1700E-01  0.1970E-01  0.2083E-01  0.2620E-01  0.4151E-03  0.5711E-03  0.1687E-02  0.1408E-02  0.3210E-02  0.1645E-02  0.1093E-02  0.8368E-03  0.3899E-03  0.6282E-03
      4.931  0.1364E-01  0.9703E-02  0.1171E-01  0.1930E-01  0.1160E-01  0.1064E-01  0.1558E-01  0.2105E-01  0.3120E-03  0.2952E-03  0.1177E-02  0.1062E-02  0.2539E-02  0.1641E-02  0.8730E-03  0.6219E-03  0.3283E-03  0.5141E-03
      4.941  0.6267E-02  0.6309E-02  0.7504E-02  0.1407E-01  0.6886E-02  0.7621E-02  0.8192E-02  0.1404E-01  0.2518E-03  0.2136E-03  0.8611E-03  0.7539E-03  0.1633E-02  0.1431E-02  0.5905E-03  0.5488E-03  0.1918E-03  0.4095E-03
      4.951  0.4831E-02  0.5738E-02  0.8796E-02  0.1271E-01  0.6343E-02  0.6926E-02  0.7075E-02  0.1199E-01  0.2440E-03  0.2252E-03  0.7901E-03  0.6591E-03  0.1692E-02  0.1618E-02  0.5532E-03  0.5622E-03  0.1747E-03  0.4085E-03
      4.961  0.4682E-02  0.4923E-02  0.1086E-01  0.1247E-01  0.6978E-02  0.7014E-02  0.6726E-02  0.7152E-02  0.2440E-03  0.3026E-03  0.7997E-03  0.6512E-03  0.1918E-02  0.1812E-02  0.5556E-03  0.4374E-03  0.1872E-03  0.3610E-03
      4.971  0.7398E-02  0.7781E-02  0.8859E-02  0.1602E-01  0.7594E-02  0.1030E-01  0.6218E-02  0.9337E-02  0.3855E-03  0.4739E-03  0.7102E-03  0.1045E-02  0.3298E-02  0.2991E-02  0.5271E-03  0.6119E-03  0.3467E-03  0.5908E-03
      4.981  0.1450E-01  0.1095E-01  0.1734E-01  0.1193E-01  0.1168E-01  0.1267E-01  0.1925E-01  0.1364E-01  0.7686E-03  0.7622E-03  0.1246E-02  0.1055E-02  0.7274E-02  0.3960E-02  0.1032E-02  0.5157E-03  0.7004E-03  0.6467E-03
      4.991  0.1021E-01  0.8407E-02  0.1140E-01  0.1004E-01  0.7028E-02  0.8461E-02  0.9495E-02  0.8742E-02  0.5560E-03  0.7107E-03  0.8506E-03  0.9077E-03  0.5867E-02  0.3963E-02  0.5857E-03  0.4337E-03  0.4606E-03  0.5560E-03
      5.001  0.1220E-01  0.8387E-02  0.2037E-01  0.1149E-01  0.8315E-02  0.7867E-02  0.1620E-01  0.1207E-01  0.7877E-03  0.8822E-03  0.1356E-02  0.9927E-03  0.9650E-02  0.5270E-02  0.9857E-03  0.5152E-03  0.5779E-03  0.6447E-03
      5.011  0.1072E-01  0.8154E-02  0.2129E-01  0.1828E-01  0.8139E-02  0.7295E-02  0.2038E-01  0.2102E-01  0.9716E-03  0.1126E-02  0.1515E-02  0.1046E-02  0.1157E-01  0.8175E-02  0.1171E-02  0.5817E-03  0.6514E-03  0.9390E-03
      5.021  0.5669E-02  0.7274E-02  0.1654E-01  0.2471E-01  0.4877E-02  0.6762E-02  0.1675E-01  0.2775E-01  0.5557E-03  0.1178E-02  0.1220E-02  0.8823E-03  0.8885E-02  0.1194E-01  0.8150E-03  0.6185E-03  0.4201E-03  0.1234E-02
      5.031  0.4108E-02  0.4656E-02  0.1170E-01  0.2000E-01  0.5341E-02  0.6083E-02  0.1230E-01  0.2169E-01  0.3095E-03  0.4783E-03  0.1083E-02  0.7866E-03  0.4616E-02  0.6426E-02  0.6667E-03  0.5288E-03  0.2284E-03  0.5003E-03
      5.041  0.3123E-02  0.5970E-02  0.8847E-02  0.2371E-01  0.5012E-02  0.6639E-02  0.1017E-01  0.2275E-01  0.2229E-03  0.4206E-03  0.9351E-03  0.9599E-03  0.3570E-02  0.7843E-02  0.5964E-03  0.5557E-03  0.1621E-03  0.4660E-03
      5.051  0.3119E-02  0.4390E-02  0.8166E-02  0.1537E-01  0.4619E-02  0.5536E-02  0.8003E-02  0.1559E-01  0.1994E-03  0.2943E-03  0.9195E-03  0.7876E-03  0.4403E-02  0.5706E-02  0.5311E-03  0.4899E-03  0.1713E-03  0.3588E-03
      5.061  0.2763E-02  0.2924E-02  0.6198E-02  0.9960E-02  0.4182E-02  0.4395E-02  0.6094E-02  0.9209E-02  0.1807E-03  0.2118E-03  0.7628E-03  0.6267E-03  0.4642E-02  0.5513E-02  0.4747E-03  0.4188E-03  0.1820E-03  0.2741E-03
      5.071  0.3193E-02  0.3318E-02  0.6421E-02  0.9659E-02  0.4090E-02  0.4188E-02  0.6046E-02  0.8920E-02  0.2117E-03  0.2599E-03  0.7778E-03  0.6310E-03  0.5492E-02  0.6909E-02  0.4782E-03  0.4208E-03  0.2012E-03  0.2892E-03
      5.081  0.3094E-02  0.3250E-02  0.5717E-02  0.8532E-02  0.3664E-02  0.3826E-02  0.5448E-02  0.7989E-02  0.2013E-03  0.2641E-03  0.7220E-03  0.6105E-03  0.5069E-02  0.6764E-02  0.4507E-03  0.4059E-03  0.1811E-03  0.2689E-03
      5.091  0.2981E-02  0.3066E-02  0.4970E-02  0.7274E-02  0.3221E-02  0.3451E-02  0.4834E-02  0.6936E-02  0.1884E-03  0.2501E-03  0.6617E-03  0.5672E-03  0.4593E-02  0.6268E-02  0.4207E-03  0.3722E-03  0.1614E-03  0.2451E-03
      5.101  0.2931E-02  0.2868E-02  0.4298E-02  0.6115E-02  0.2871E-02  0.3075E-02  0.4249E-02  0.5852E-02  0.1766E-03  0.2348E-03  0.6050E-03  0.5263E-03  0.4245E-02  0.5689E-02  0.3928E-03  0.3376E-03  0.1529E-03  0.2209E-03
      5.111  0.2844E-02  0.2608E-02  0.3743E-02  0.5162E-02  0.2491E-02  0.2719E-02  0.3588E-02  0.4615E-02  0.1616E-03  0.2128E-03  0.5340E-03  0.4874E-03  0.3798E-02  0.4895E-02  0.3386E-03  0.3012E-03  0.1397E-03  0.1939E-03
      5.121  0.2755E-02  0.2355E-02  0.3507E-02  0.4285E-02  0.2245E-02  0.2356E-02  0.3003E-02  0.3458E-02  0.1470E-03  0.1915E-03  0.4853E-03  0.4500E-03  0.3296E-02  0.4141E-02  0.2939E-03  0.2639E-03  0.1262E-03  0.1679E-03
      5.131  0.2704E-02  0.2137E-02  0.3494E-02  0.3595E-02  0.2129E-02  0.2037E-02  0.2579E-02  0.2612E-02  0.1352E-03  0.1737E-03  0.4581E-03  0.4225E-03  0.2847E-02  0.3473E-02  0.2656E-03  0.2294E-03  0.1141E-03  0.1431E-03
      5.141  0.2650E-02  0.1972E-02  0.3543E-02  0.3035E-02  0.2015E-02  0.1212E-02  0.2237E-02  0.1901E-02  0.1245E-03  0.1471E-03  0.4305E-03  0.3530E-03  0.2435E-02  0.2840E-02  0.2377E-03  0.1745E-03  0.1022E-03  0.1080E-03
      5.151  0.2587E-02  0.1955E-02  0.3670E-02  0.3119E-02  0.1836E-02  0.1228E-02  0.1984E-02  0.1749E-02  0.1140E-03  0.1426E-03  0.3965E-03  0.3774E-03  0.2091E-02  0.2456E-02  0.2204E-03  0.1558E-03  0.9146E-04  0.9655E-04
      5.161  0.2628E-02  0.2245E-02  0.3979E-02  0.3074E-02  0.1674E-02  0.1889E-02  0.1726E-02  0.2441E-02  0.1065E-03  0.1582E-03  0.3670E-03  0.5349E-03  0.1964E-02  0.1938E-02  0.2014E-03  0.1991E-03  0.8663E-04  0.9880E-04
      5.171  0.3394E-02  0.2643E-02  0.4517E-02  0.4298E-02  0.2315E-02  0.2689E-02  0.1874E-02  0.3724E-02  0.1318E-03  0.1878E-03  0.4580E-03  0.8051E-03  0.2124E-02  0.1790E-02  0.2510E-03  0.3201E-03  0.8971E-04  0.9889E-04
      5.181  0.3981E-02  0.2543E-02  0.5258E-02  0.6415E-02  0.2987E-02  0.2923E-02  0.3275E-02  0.5105E-02  0.1564E-03  0.1683E-03  0.6127E-03  0.8376E-03  0.2133E-02  0.1560E-02  0.3469E-03  0.3287E-03  0.9456E-04  0.1032E-03
      5.191  0.8104E-02  0.7045E-02  0.2110E-01  0.1528E-01  0.4033E-02  0.3927E-02  0.1127E-01  0.9149E-02  0.2068E-03  0.2575E-03  0.1864E-02  0.1368E-02  0.2367E-02  0.2336E-02  0.8131E-03  0.4765E-03  0.2412E-03  0.3439E-03
      5.201  0.6794E-01  0.2084E-01  0.9839E-01  0.3599E-01  0.1353E-01  0.1481E-01  0.5221E-01  0.1963E-01  0.1475E-02  0.1078E-02  0.8564E-02  0.3537E-02  0.4804E-02  0.3620E-02  0.3707E-02  0.1141E-02  0.2863E-02  0.1861E-02
      5.211  0.1855E-01  0.2504E-01  0.4261E-01  0.4653E-01  0.1557E-01  0.1075E-01  0.4124E-01  0.2702E-01  0.5591E-03  0.9678E-03  0.4544E-02  0.3408E-02  0.4974E-02  0.4208E-02  0.2529E-02  0.1020E-02  0.4289E-03  0.1753E-02
      5.221  0.9272E-02  0.1603E-01  0.1881E-01  0.4220E-01  0.6184E-02  0.5975E-02  0.2704E-01  0.2871E-01  0.4511E-03  0.6762E-03  0.2231E-02  0.2554E-02  0.3948E-02  0.4262E-02  0.1523E-02  0.8345E-03  0.2959E-03  0.8742E-03
      5.231  0.1715E-01  0.1287E-01  0.2119E-01  0.2451E-01  0.2761E-02  0.2857E-02  0.2571E-01  0.2427E-01  0.7501E-03  0.6620E-03  0.2167E-02  0.1555E-02  0.4138E-02  0.4433E-02  0.1522E-02  0.6280E-03  0.7042E-03  0.7389E-03
      5.241  0.1771E-01  0.1318E-01  0.2520E-01  0.2387E-01  0.2365E-02  0.2220E-02  0.2445E-01  0.1599E-01  0.8504E-03  0.8020E-03  0.2142E-02  0.1208E-02  0.4239E-02  0.4955E-02  0.1543E-02  0.5839E-03  0.7880E-03  0.9310E-03
      5.251  0.1832E-01  0.1615E-01  0.2206E-01  0.2812E-01  0.2345E-02  0.3282E-02  0.2532E-01  0.2204E-01  0.9472E-03  0.1199E-02  0.1840E-02  0.1656E-02  0.4579E-02  0.7718E-02  0.1642E-02  0.8102E-03  0.7838E-03  0.1299E-02
      5.261  0.2917E-01  0.2448E-01  0.2715E-01  0.3925E-01  0.5287E-02  0.5871E-02  0.3475E-01  0.3251E-01  0.1723E-02  0.2053E-02  0.2560E-02  0.2588E-02  0.1443E-01  0.1674E-01  0.2545E-02  0.1316E-02  0.1189E-02  0.1994E-02
      5.272  0.2676E-01  0.2926E-01  0.1839E-01  0.3480E-01  0.5451E-02  0.6031E-02  0.2909E-01  0.4141E-01  0.1178E-02  0.2352E-02  0.2273E-02  0.2899E-02  0.1365E-01  0.1578E-01  0.2302E-02  0.1849E-02  0.9748E-03  0.2438E-02
      5.282  0.3026E-01  0.2158E-01  0.1282E-01  0.1136E-01  0.3009E-02  0.3027E-02  0.1458E-01  0.1727E-01  0.9947E-03  0.9782E-03  0.1697E-02  0.1589E-02  0.4128E-02  0.4206E-02  0.1203E-02  0.9169E-03  0.5828E-03  0.6293E-03
      5.292  0.4080E-01  0.2870E-01  0.1282E-01  0.1161E-01  0.2606E-02  0.2208E-02  0.1367E-01  0.1858E-01  0.1144E-02  0.1073E-02  0.1626E-02  0.1429E-02  0.2994E-02  0.1935E-02  0.1236E-02  0.1054E-02  0.6998E-03  0.6321E-03
      5.302  0.3772E-01  0.3462E-01  0.7515E-02  0.1279E-01  0.2323E-02  0.2766E-02  0.1024E-01  0.1909E-01  0.4094E-03  0.1167E-02  0.1162E-02  0.1707E-02  0.1844E-02  0.2580E-02  0.1029E-02  0.1259E-02  0.2603E-03  0.7325E-03
      5.312  0.3162E-01  0.4007E-01  0.6558E-02  0.1173E-01  0.2532E-02  0.3570E-02  0.9107E-02  0.1965E-01  0.3739E-03  0.9641E-03  0.1195E-02  0.2051E-02  0.1670E-02  0.3177E-02  0.9799E-03  0.1577E-02  0.2335E-03  0.6889E-03
      5.322  0.2652E-01  0.4232E-01  0.6969E-02  0.8850E-02  0.3293E-02  0.3452E-02  0.8805E-02  0.1293E-01  0.4227E-03  0.5808E-03  0.1636E-02  0.1189E-02  0.2160E-02  0.2927E-02  0.1057E-02  0.9861E-03  0.2610E-03  0.4725E-03
      5.332  0.2176E-01  0.2233E-01  0.7331E-02  0.5518E-02  0.3468E-02  0.2986E-02  0.7083E-02  0.8477E-02  0.3732E-03  0.4089E-03  0.1431E-02  0.8654E-03  0.2365E-02  0.2458E-02  0.6370E-03  0.6571E-03  0.2258E-03  0.2944E-03
      5.342  0.1705E-01  0.1197E-01  0.6988E-02  0.4256E-02  0.3109E-02  0.2302E-02  0.6369E-02  0.6601E-02  0.3178E-03  0.3496E-03  0.1024E-02  0.7536E-03  0.2344E-02  0.2167E-02  0.5100E-03  0.6478E-03  0.1893E-03  0.2200E-03
      5.352  0.1247E-01  0.9907E-02  0.6168E-02  0.4065E-02  0.2018E-02  0.1867E-02  0.6751E-02  0.6900E-02  0.2948E-03  0.3590E-03  0.7407E-03  0.7621E-03  0.2402E-02  0.2058E-02  0.6956E-03  0.8555E-03  0.1872E-03  0.2170E-03
      5.362  0.1162E-01  0.9082E-02  0.6288E-02  0.4103E-02  0.1798E-02  0.1751E-02  0.8022E-02  0.7364E-02  0.2874E-03  0.3761E-03  0.7820E-03  0.8269E-03  0.2093E-02  0.1789E-02  0.9699E-03  0.9509E-03  0.1917E-03  0.2140E-03
      5.372  0.1159E-01  0.8855E-02  0.6762E-02  0.4342E-02  0.1630E-02  0.1660E-02  0.9387E-02  0.7856E-02  0.3223E-03  0.4182E-03  0.8233E-03  0.8962E-03  0.1694E-02  0.1469E-02  0.1110E-02  0.9902E-03  0.2088E-03  0.2184E-03
      5.382  0.1584E-01  0.1174E-01  0.1096E-01  0.5197E-02  0.1659E-02  0.1876E-02  0.1572E-01  0.9615E-02  0.4689E-03  0.5073E-03  0.1097E-02  0.1158E-02  0.1475E-02  0.1391E-02  0.1365E-02  0.1146E-02  0.2840E-03  0.4957E-03
      5.392  0.2561E-01  0.1596E-01  0.1338E-01  0.8649E-02  0.1843E-02  0.2679E-02  0.1775E-01  0.1864E-01  0.6187E-03  0.7492E-03  0.1468E-02  0.1730E-02  0.2044E-02  0.2372E-02  0.1707E-02  0.1474E-02  0.6474E-03  0.1002E-02
      5.402  0.5076E-01  0.2332E-01  0.2285E-01  0.1856E-01  0.2586E-02  0.2515E-02  0.2778E-01  0.1781E-01  0.8850E-03  0.1269E-02  0.2389E-02  0.2700E-02  0.3859E-02  0.2901E-02  0.2754E-02  0.1919E-02  0.1611E-02  0.2037E-02
      5.412  0.5608E-01  0.2568E-01  0.2919E-01  0.3122E-01  0.3242E-02  0.2559E-02  0.3579E-01  0.2619E-01  0.1513E-02  0.1593E-02  0.3807E-02  0.3056E-02  0.5347E-02  0.3447E-02  0.3928E-02  0.2618E-02  0.2163E-02  0.2538E-02
      5.422  0.3490E-01  0.1646E-01  0.1426E-01  0.2455E-01  0.1685E-02  0.1552E-02  0.1877E-01  0.2475E-01  0.7465E-03  0.1268E-02  0.1959E-02  0.2038E-02  0.3680E-02  0.2046E-02  0.1950E-02  0.2010E-02  0.9608E-03  0.1908E-02
      5.432  0.3004E-01  0.1828E-01  0.1175E-01  0.1734E-01  0.1194E-02  0.9969E-03  0.1667E-01  0.2442E-01  0.7473E-03  0.1020E-02  0.2114E-02  0.1442E-02  0.2407E-02  0.1598E-02  0.1752E-02  0.1702E-02  0.6015E-03  0.1398E-02
      5.442  0.1625E-01  0.1850E-01  0.8979E-02  0.9970E-02  0.8526E-03  0.6885E-03  0.1451E-01  0.1745E-01  0.6817E-03  0.8609E-03  0.1984E-02  0.1154E-02  0.1872E-02  0.1857E-02  0.1669E-02  0.1280E-02  0.5620E-03  0.9863E-03
      5.452  0.7011E-02  0.1892E-01  0.8523E-02  0.9655E-02  0.8683E-03  0.8827E-03  0.1934E-01  0.1724E-01  0.5827E-03  0.8641E-03  0.2216E-02  0.1216E-02  0.1291E-02  0.1976E-02  0.2487E-02  0.1522E-02  0.6811E-03  0.9546E-03
      5.462  0.8607E-02  0.1759E-01  0.1064E-01  0.9423E-02  0.1231E-02  0.1236E-02  0.1715E-01  0.1871E-01  0.5142E-03  0.8666E-03  0.2202E-02  0.1283E-02  0.1560E-02  0.1997E-02  0.2553E-02  0.1965E-02  0.5655E-03  0.1049E-02
      5.472  0.2058E-01  0.1804E-01  0.1414E-01  0.7982E-02  0.1732E-02  0.1649E-02  0.1841E-01  0.1505E-01  0.5253E-03  0.7258E-03  0.2423E-02  0.1429E-02  0.2869E-02  0.2547E-02  0.2778E-02  0.2025E-02  0.5589E-03  0.8310E-03
      5.482  0.3331E-01  0.1976E-01  0.2273E-01  0.9089E-02  0.2273E-02  0.1755E-02  0.2254E-01  0.1257E-01  0.7512E-03  0.6299E-03  0.3104E-02  0.1814E-02  0.3882E-02  0.2640E-02  0.3463E-02  0.2022E-02  0.6679E-03  0.6968E-03
      5.492  0.2959E-01  0.1965E-01  0.2295E-01  0.9921E-02  0.2368E-02  0.1537E-02  0.2751E-01  0.1091E-01  0.6304E-03  0.5967E-03  0.3360E-02  0.1693E-02  0.3217E-02  0.2230E-02  0.4259E-02  0.1575E-02  0.7409E-03  0.6092E-03
      5.502  0.2613E-01  0.2105E-01  0.2006E-01  0.1641E-01  0.1781E-02  0.1173E-02  0.1783E-01  0.1628E-01  0.5424E-03  0.6054E-03  0.2415E-02  0.1669E-02  0.2637E-02  0.2201E-02  0.2301E-02  0.1704E-02  0.5265E-03  0.6470E-03
      5.512  0.3994E-01  0.2641E-01  0.2676E-01  0.2705E-01  0.3348E-02  0.1417E-02  0.1775E-01  0.2491E-01  0.8796E-03  0.8094E-03  0.3309E-02  0.2218E-02  0.3839E-02  0.2779E-02  0.2452E-02  0.2324E-02  0.8072E-03  0.9921E-03
      5.522  0.3891E-01  0.3897E-01  0.1880E-01  0.3358E-01  0.3241E-02  0.2059E-02  0.1382E-01  0.2405E-01  0.7095E-03  0.1600E-02  0.2362E-02  0.2658E-02  0.3394E-02  0.3660E-02  0.2297E-02  0.2210E-02  0.6874E-03  0.1333E-02
      5.532  0.4068E-01  0.3418E-01  0.1810E-01  0.1659E-01  0.3367E-02  0.2029E-02  0.1323E-01  0.1628E-01  0.7227E-03  0.1090E-02  0.2423E-02  0.1622E-02  0.3141E-02  0.3054E-02  0.2296E-02  0.1835E-02  0.6211E-03  0.1206E-02
      5.542  0.5355E-01  0.3191E-01  0.3246E-01  0.1619E-01  0.5535E-02  0.2329E-02  0.3309E-01  0.1532E-01  0.1207E-02  0.9638E-03  0.4847E-02  0.1670E-02  0.4126E-02  0.2611E-02  0.4735E-02  0.1696E-02  0.1190E-02  0.9911E-03
      5.552  0.5140E-01  0.3419E-01  0.2756E-01  0.1782E-01  0.6064E-02  0.2768E-02  0.2681E-01  0.1757E-01  0.1087E-02  0.1030E-02  0.4280E-02  0.1695E-02  0.3785E-02  0.2584E-02  0.4143E-02  0.1740E-02  0.9644E-03  0.1000E-02
      5.562  0.5362E-01  0.3769E-01  0.2475E-01  0.2007E-01  0.6972E-02  0.3495E-02  0.2401E-01  0.2059E-01  0.1025E-02  0.1140E-02  0.4492E-02  0.2090E-02  0.3664E-02  0.2791E-02  0.3973E-02  0.1989E-02  0.9029E-03  0.1142E-02
      5.572  0.6172E-01  0.4170E-01  0.2536E-01  0.2211E-01  0.8266E-02  0.4158E-02  0.2475E-01  0.2230E-01  0.1094E-02  0.1249E-02  0.5338E-02  0.2545E-02  0.3952E-02  0.3028E-02  0.4304E-02  0.2225E-02  0.9999E-03  0.1280E-02
      5.582  0.5862E-01  0.4637E-01  0.2357E-01  0.2403E-01  0.8431E-02  0.4756E-02  0.2309E-01  0.2358E-01  0.1112E-02  0.1357E-02  0.5399E-02  0.2960E-02  0.3950E-02  0.3305E-02  0.4378E-02  0.2446E-02  0.1017E-02  0.1414E-02
      5.592  0.5278E-01  0.5653E-01  0.2176E-01  0.2846E-01  0.8984E-02  0.7182E-02  0.2092E-01  0.2895E-01  0.1116E-02  0.1729E-02  0.5357E-02  0.3723E-02  0.3962E-02  0.4201E-02  0.4410E-02  0.3239E-02  0.1010E-02  0.1620E-02
      5.602  0.3970E-01  0.5459E-01  0.1766E-01  0.2634E-01  0.8909E-02  0.7189E-02  0.1651E-01  0.2675E-01  0.8924E-03  0.1648E-02  0.5146E-02  0.3910E-02  0.3743E-02  0.4104E-02  0.4349E-02  0.3316E-02  0.9371E-03  0.1554E-02
      5.612  0.2897E-01  0.4567E-01  0.1614E-01  0.2268E-01  0.9464E-02  0.7479E-02  0.1529E-01  0.2266E-01  0.7611E-03  0.1361E-02  0.5409E-02  0.3972E-02  0.3774E-02  0.4176E-02  0.4674E-02  0.3435E-02  0.8450E-03  0.1331E-02
      5.622  0.2302E-01  0.3552E-01  0.1593E-01  0.2057E-01  0.1086E-01  0.7666E-02  0.1630E-01  0.1948E-01  0.9980E-03  0.1181E-02  0.6072E-02  0.4629E-02  0.4706E-02  0.5141E-02  0.5964E-02  0.3854E-02  0.8757E-03  0.1160E-02
      5.632  0.2495E-01  0.3014E-01  0.2076E-01  0.2035E-01  0.1353E-01  0.8122E-02  0.2357E-01  0.1926E-01  0.1539E-02  0.1122E-02  0.8886E-02  0.4882E-02  0.7684E-02  0.5900E-02  0.9741E-02  0.4195E-02  0.1441E-02  0.1098E-02
      5.642  0.3663E-01  0.2268E-01  0.2482E-01  0.1985E-01  0.3209E-01  0.8572E-02  0.2519E-01  0.1700E-01  0.1562E-02  0.1049E-02  0.1124E-01  0.5006E-02  0.7638E-02  0.6338E-02  0.1130E-01  0.4079E-02  0.1746E-02  0.1155E-02
      5.652  0.2574E-01  0.1690E-01  0.1845E-01  0.1738E-01  0.2108E-01  0.9218E-02  0.1715E-01  0.1350E-01  0.1248E-02  0.8176E-03  0.9678E-02  0.4763E-02  0.6820E-02  0.4350E-02  0.9755E-02  0.3386E-02  0.1292E-02  0.8678E-03
      5.662  0.3439E-01  0.3788E-01  0.1838E-01  0.2083E-01  0.2542E-01  0.2301E-01  0.2383E-01  0.2089E-01  0.1417E-02  0.1223E-02  0.1069E-01  0.7339E-02  0.1007E-01  0.6960E-02  0.1541E-01  0.7737E-02  0.1569E-02  0.1646E-02
      5.672  0.2954E-01  0.5081E-01  0.1696E-01  0.2145E-01  0.2242E-01  0.3278E-01  0.1869E-01  0.2483E-01  0.1267E-02  0.1787E-02  0.1120E-01  0.1316E-01  0.8755E-02  0.1067E-01  0.1282E-01  0.1621E-01  0.1252E-02  0.2244E-02
      5.682  0.2422E-01  0.4099E-01  0.1408E-01  0.1574E-01  0.1740E-01  0.2951E-01  0.1686E-01  0.1922E-01  0.1155E-02  0.1708E-02  0.1388E-01  0.1688E-01  0.8157E-02  0.8662E-02  0.1519E-01  0.1739E-01  0.9885E-03  0.2170E-02
      5.692  0.1511E-01  0.2834E-01  0.6907E-02  0.1135E-01  0.9938E-02  0.2221E-01  0.7369E-02  0.1229E-01  0.7351E-03  0.1328E-02  0.7424E-02  0.1523E-01  0.4414E-02  0.5918E-02  0.7395E-02  0.1534E-01  0.4591E-03  0.1474E-02
      5.702  0.1207E-01  0.1588E-01  0.4479E-02  0.7949E-02  0.6318E-02  0.1176E-01  0.5790E-02  0.8334E-02  0.7393E-03  0.9975E-03  0.7186E-02  0.1470E-01  0.3473E-02  0.4408E-02  0.6428E-02  0.1604E-01  0.3498E-03  0.6926E-03
      5.712  0.3135E-01  0.1463E-01  0.1451E-01  0.7067E-02  0.1456E-01  0.1116E-01  0.1366E-01  0.8912E-02  0.2323E-02  0.1329E-02  0.1672E-01  0.1772E-01  0.8174E-02  0.5173E-02  0.2264E-01  0.2377E-01  0.1342E-02  0.1033E-02
      5.722  0.2381E-01  0.7693E-02  0.2450E-01  0.9253E-02  0.1606E-01  0.8914E-02  0.3404E-01  0.9459E-02  0.2680E-02  0.1509E-02  0.1285E-01  0.1230E-01  0.6918E-02  0.3682E-02  0.1772E-01  0.1754E-01  0.2533E-02  0.1943E-02
      5.732  0.3189E-01  0.6447E-02  0.3135E-01  0.1717E-01  0.1900E-01  0.1035E-01  0.3391E-01  0.1904E-01  0.3226E-02  0.3010E-02  0.1626E-01  0.7996E-02  0.8543E-02  0.3638E-02  0.1629E-01  0.1787E-01  0.2199E-02  0.3013E-02
      5.742  0.4601E-01  0.8339E-02  0.4125E-01  0.2154E-01  0.2662E-01  0.1488E-01  0.4361E-01  0.2145E-01  0.4182E-02  0.5206E-02  0.2304E-01  0.2287E-01  0.1404E-01  0.5119E-02  0.2504E-01  0.1900E-01  0.3148E-02  0.3471E-02
      5.752  0.5720E-01  0.1460E-01  0.2137E-01  0.2745E-01  0.1328E-01  0.1779E-01  0.3452E-01  0.3596E-01  0.1813E-02  0.4803E-02  0.1494E-01  0.1722E-01  0.8192E-02  0.5756E-02  0.1675E-01  0.2337E-01  0.3014E-02  0.5389E-02
      5.762  0.2927E-01  0.1207E-01  0.1020E-01  0.2107E-01  0.4479E-02  0.1303E-01  0.8145E-02  0.2598E-01  0.6736E-03  0.2778E-02  0.7501E-02  0.1397E-01  0.5905E-02  0.4535E-02  0.5489E-02  0.1336E-01  0.7029E-03  0.3275E-02
      5.772  0.8565E-01  0.1422E-01  0.2663E-01  0.1233E-01  0.9309E-02  0.4354E-02  0.2185E-01  0.1240E-01  0.1999E-02  0.1931E-02  0.1516E-01  0.1243E-01  0.1448E-01  0.6859E-02  0.1231E-01  0.9374E-02  0.1878E-02  0.1379E-02
      5.782  0.9532E-01  0.1476E-01  0.3804E-01  0.1396E-01  0.1544E-01  0.3244E-02  0.2494E-01  0.1289E-01  0.3182E-02  0.2270E-02  0.1657E-01  0.1068E-01  0.2287E-01  0.8253E-02  0.1519E-01  0.9456E-02  0.2547E-02  0.1566E-02
      5.792  0.7499E-01  0.2186E-01  0.2313E-01  0.1159E-01  0.1193E-01  0.3118E-02  0.2208E-01  0.1252E-01  0.2074E-02  0.2374E-02  0.1142E-01  0.5208E-02  0.1160E-01  0.1214E-01  0.1754E-01  0.6712E-02  0.1803E-02  0.1724E-02
      5.802  0.6142E-01  0.3424E-01  0.2003E-01  0.1589E-01  0.1089E-01  0.3502E-02  0.2381E-01  0.1600E-01  0.2330E-02  0.1638E-02  0.9658E-02  0.5397E-02  0.9783E-02  0.9387E-02  0.1514E-01  0.7656E-02  0.1593E-02  0.1559E-02
      5.812  0.4036E-01  0.5274E-01  0.1382E-01  0.2245E-01  0.8776E-02  0.4460E-02  0.1658E-01  0.2273E-01  0.1850E-02  0.1645E-02  0.6992E-02  0.6432E-02  0.7320E-02  0.9838E-02  0.1000E-01  0.9347E-02  0.1313E-02  0.1697E-02
      5.822  0.3613E-01  0.1357E+00  0.1510E-01  0.3686E-01  0.8105E-02  0.9254E-02  0.1724E-01  0.4196E-01  0.1829E-02  0.2665E-02  0.8133E-02  0.1107E-01  0.6546E-02  0.1169E-01  0.8941E-02  0.1715E-01  0.1396E-02  0.2339E-02
      5.832  0.3096E-01  0.8212E-01  0.1500E-01  0.3325E-01  0.6799E-02  0.7811E-02  0.1741E-01  0.3773E-01  0.1784E-02  0.2866E-02  0.7935E-02  0.1027E-01  0.5672E-02  0.1112E-01  0.7725E-02  0.1579E-01  0.1357E-02  0.1910E-02
      5.842  0.2617E-01  0.5734E-01  0.1722E-01  0.3541E-01  0.5723E-02  0.6481E-02  0.1994E-01  0.3299E-01  0.1971E-02  0.2334E-02  0.8437E-02  0.1189E-01  0.5101E-02  0.1035E-01  0.7412E-02  0.1263E-01  0.1758E-02  0.1983E-02
      5.852  0.2127E-01  0.4798E-01  0.1485E-01  0.3390E-01  0.4825E-02  0.5444E-02  0.1837E-01  0.3493E-01  0.1809E-02  0.2430E-02  0.6473E-02  0.1101E-01  0.4500E-02  0.9536E-02  0.5594E-02  0.1162E-01  0.1481E-02  0.2280E-02
      5.862  0.1718E-01  0.3640E-01  0.1246E-01  0.2659E-01  0.4021E-02  0.4252E-02  0.1824E-01  0.2778E-01  0.1766E-02  0.2034E-02  0.4954E-02  0.8110E-02  0.4122E-02  0.8166E-02  0.4563E-02  0.8226E-02  0.1246E-02  0.1719E-02
      5.872  0.1607E-01  0.2694E-01  0.1128E-01  0.2531E-01  0.4110E-02  0.4256E-02  0.1959E-01  0.2469E-01  0.1932E-02  0.2443E-02  0.4292E-02  0.7086E-02  0.3972E-02  0.7105E-02  0.4310E-02  0.6016E-02  0.1185E-02  0.1867E-02
      5.882  0.3290E-01  0.2353E-01  0.1254E-01  0.1400E-01  0.1114E-01  0.3917E-02  0.2034E-01  0.1945E-01  0.2865E-02  0.1452E-02  0.6561E-02  0.4453E-02  0.9592E-02  0.4758E-02  0.4750E-02  0.5012E-02  0.1502E-02  0.9473E-03
      5.892  0.4360E-01  0.2946E-01  0.1314E-01  0.1575E-01  0.1439E-01  0.5369E-02  0.1157E-01  0.1846E-01  0.2442E-02  0.2050E-02  0.8071E-02  0.4705E-02  0.1041E-01  0.5771E-02  0.5462E-02  0.5092E-02  0.1776E-02  0.1332E-02
      5.902  0.3216E-01  0.2925E-01  0.2969E-01  0.1493E-01  0.1294E-01  0.5206E-02  0.1885E-01  0.1351E-01  0.3232E-02  0.1779E-02  0.9307E-02  0.5545E-02  0.8906E-02  0.5229E-02  0.9074E-02  0.6712E-02  0.2415E-02  0.1463E-02
      5.912  0.3598E-01  0.3560E-01  0.2804E-01  0.2327E-01  0.1658E-01  0.9815E-02  0.1968E-01  0.1738E-01  0.3312E-02  0.2416E-02  0.1097E-01  0.9954E-02  0.8863E-02  0.7907E-02  0.1308E-01  0.9120E-02  0.2938E-02  0.2144E-02
      5.922  0.3486E-01  0.5438E-01  0.1940E-01  0.2273E-01  0.1319E-01  0.1858E-01  0.1936E-01  0.2362E-01  0.2575E-02  0.4030E-02  0.1016E-01  0.1409E-01  0.7784E-02  0.1464E-01  0.1302E-01  0.1376E-01  0.2242E-02  0.3652E-02
      5.932  0.2963E-01  0.4093E-01  0.1389E-01  0.1462E-01  0.1206E-01  0.1314E-01  0.1220E-01  0.1312E-01  0.2201E-02  0.2946E-02  0.1220E-01  0.1004E-01  0.6246E-02  0.9831E-02  0.1186E-01  0.1061E-01  0.2081E-02  0.2855E-02
      5.942  0.4721E-01  0.4083E-01  0.1652E-01  0.1178E-01  0.1892E-01  0.1191E-01  0.1400E-01  0.1080E-01  0.2413E-02  0.2513E-02  0.2504E-01  0.9797E-02  0.1149E-01  0.8393E-02  0.1648E-01  0.1029E-01  0.2573E-02  0.2743E-02
      5.952  0.4439E-01  0.5329E-01  0.1672E-01  0.1505E-01  0.1884E-01  0.1688E-01  0.1548E-01  0.1096E-01  0.2685E-02  0.2528E-02  0.2882E-01  0.1719E-01  0.1002E-01  0.9693E-02  0.2133E-01  0.1380E-01  0.2557E-02  0.3320E-02
      5.962  0.3531E-01  0.5088E-01  0.1352E-01  0.1356E-01  0.1354E-01  0.1923E-01  0.1298E-01  0.8953E-02  0.2514E-02  0.2283E-02  0.2494E-01  0.1987E-01  0.8480E-02  0.8683E-02  0.2070E-01  0.1325E-01  0.2493E-02  0.3076E-02
      5.972  0.3116E-01  0.4419E-01  0.1174E-01  0.1027E-01  0.1273E-01  0.1566E-01  0.1092E-01  0.9347E-02  0.2459E-02  0.2093E-02  0.2767E-01  0.1652E-01  0.7916E-02  0.7112E-02  0.2151E-01  0.1475E-01  0.2805E-02  0.2916E-02
      5.982  0.2414E-01  0.4023E-01  0.1103E-01  0.7466E-02  0.1087E-01  0.1213E-01  0.1206E-01  0.1156E-01  0.2671E-02  0.2144E-02  0.2832E-01  0.1791E-01  0.8015E-02  0.6753E-02  0.2797E-01  0.1953E-01  0.3413E-02  0.3529E-02
      5.992  0.8656E-02  0.5611E-01  0.7085E-02  0.8090E-02  0.7685E-02  0.1363E-01  0.6953E-02  0.1360E-01  0.1754E-02  0.2020E-02  0.1725E-01  0.2321E-01  0.2669E-02  0.7984E-02  0.1808E-01  0.3250E-01  0.2433E-02  0.5348E-02
      6.002  0.1084E-01  0.1388E-01  0.8669E-02  0.3058E-02  0.1113E-01  0.6814E-02  0.8191E-02  0.6024E-02  0.2241E-02  0.2551E-02  0.2120E-01  0.1086E-01  0.3070E-02  0.3039E-02  0.2225E-01  0.1091E-01  0.3030E-02  0.2662E-02
      6.012  0.2267E-01  0.3089E-01  0.1263E-01  0.5996E-02  0.2115E-01  0.1787E-01  0.1211E-01  0.1015E-01  0.2807E-02  0.4851E-02  0.2294E-01  0.1779E-01  0.6915E-02  0.7385E-02  0.2870E-01  0.1877E-01  0.3308E-02  0.5019E-02
      6.022  0.2391E-01  0.5174E-01  0.1623E-01  0.1332E-01  0.2528E-01  0.3063E-01  0.1215E-01  0.1842E-01  0.3090E-02  0.6174E-02  0.2112E-01  0.2467E-01  0.7428E-02  0.1400E-01  0.3060E-01  0.4130E-01  0.2964E-02  0.5375E-02
      6.032  0.1513E-01  0.3305E-01  0.1446E-01  0.1165E-01  0.1910E-01  0.2009E-01  0.9580E-02  0.9569E-02  0.2103E-02  0.2056E-02  0.1814E-01  0.2612E-01  0.4618E-02  0.8098E-02  0.2854E-01  0.2700E-01  0.1815E-02  0.3735E-02
      6.042  0.1067E-01  0.3327E-01  0.1442E-01  0.1390E-01  0.1522E-01  0.2014E-01  0.8860E-02  0.1034E-01  0.1989E-02  0.2021E-02  0.1988E-01  0.2901E-01  0.3577E-02  0.8022E-02  0.2778E-01  0.3217E-01  0.1522E-02  0.3226E-02
      6.052  0.7514E-02  0.1581E-01  0.1283E-01  0.1388E-01  0.1201E-01  0.1173E-01  0.8286E-02  0.9913E-02  0.1981E-02  0.1877E-02  0.2025E-01  0.2336E-01  0.2801E-02  0.4209E-02  0.2472E-01  0.2500E-01  0.1411E-02  0.1950E-02
      6.062  0.7115E-02  0.1441E-01  0.1131E-01  0.1634E-01  0.1245E-01  0.1257E-01  0.8388E-02  0.1170E-01  0.2059E-02  0.2511E-02  0.1590E-01  0.2298E-01  0.2932E-02  0.3927E-02  0.1977E-01  0.2671E-01  0.1541E-02  0.2251E-02
      6.072  0.7404E-02  0.1737E-01  0.1196E-01  0.2253E-01  0.1409E-01  0.1702E-01  0.1136E-01  0.1891E-01  0.4235E-02  0.2946E-02  0.1317E-01  0.2915E-01  0.4079E-02  0.5726E-02  0.1543E-01  0.3625E-01  0.2305E-02  0.3801E-02
      6.082  0.7692E-02  0.1973E-01  0.9925E-02  0.2830E-01  0.1485E-01  0.2121E-01  0.1017E-01  0.2404E-01  0.3705E-02  0.3982E-02  0.1082E-01  0.3558E-01  0.3892E-02  0.6614E-02  0.1059E-01  0.3940E-01  0.2317E-02  0.6935E-02
      6.092  0.7810E-02  0.1723E-01  0.8474E-02  0.1061E-01  0.1426E-01  0.2286E-01  0.8506E-02  0.1402E-01  0.2325E-02  0.2919E-02  0.7971E-02  0.2016E-01  0.4034E-02  0.7564E-02  0.8123E-02  0.2194E-01  0.2282E-02  0.4116E-02
      6.102  0.8486E-02  0.1728E-01  0.9422E-02  0.6717E-02  0.1469E-01  0.2815E-01  0.8815E-02  0.1090E-01  0.2187E-02  0.2450E-02  0.7401E-02  0.1575E-01  0.4767E-02  0.1045E-01  0.9612E-02  0.1694E-01  0.3194E-02  0.2802E-02
      6.112  0.9786E-02  0.7327E-02  0.1158E-01  0.7449E-02  0.1531E-01  0.1319E-01  0.9435E-02  0.8456E-02  0.2373E-02  0.1706E-02  0.8337E-02  0.1380E-01  0.5293E-02  0.2931E-02  0.1212E-01  0.1608E-01  0.3789E-02  0.2247E-02
      6.122  0.6301E-02  0.9662E-02  0.1069E-01  0.1045E-01  0.8633E-02  0.2076E-01  0.8429E-02  0.1113E-01  0.1074E-02  0.3019E-02  0.6472E-02  0.1736E-01  0.2164E-02  0.4158E-02  0.3560E-02  0.2140E-01  0.2617E-02  0.2700E-02
      6.132  0.1174E-01  0.2917E-01  0.2122E-01  0.3065E-01  0.2103E-01  0.7876E-01  0.1128E-01  0.2613E-01  0.1576E-02  0.8619E-02  0.2215E-01  0.3130E-01  0.3079E-02  0.1067E-01  0.8230E-02  0.3929E-01  0.3020E-02  0.6154E-02
      6.142  0.1227E-01  0.2132E-01  0.2258E-01  0.1222E-01  0.2025E-01  0.4029E-01  0.1140E-01  0.1634E-01  0.1847E-02  0.4039E-02  0.3424E-01  0.2043E-01  0.2403E-02  0.4560E-02  0.1540E-01  0.2081E-01  0.2544E-02  0.2976E-02
      6.152  0.8299E-02  0.1226E-01  0.1548E-01  0.1085E-01  0.1200E-01  0.2132E-01  0.8064E-02  0.9828E-02  0.1571E-02  0.2508E-02  0.1114E-01  0.1943E-01  0.1461E-02  0.1814E-02  0.9626E-02  0.1138E-01  0.1441E-02  0.2329E-02
      6.162  0.1048E-01  0.3034E-01  0.1578E-01  0.3609E-01  0.1455E-01  0.3916E-01  0.8630E-02  0.1542E-01  0.1817E-02  0.5874E-02  0.4549E-02  0.3130E-01  0.1651E-02  0.6640E-02  0.6326E-02  0.2251E-01  0.1775E-02  0.4871E-02
      6.172  0.9576E-02  0.2210E-01  0.1580E-01  0.2643E-01  0.1375E-01  0.2063E-01  0.9980E-02  0.1385E-01  0.1953E-02  0.3382E-02  0.6310E-02  0.3096E-01  0.1990E-02  0.3295E-02  0.6229E-02  0.2400E-01  0.1743E-02  0.2558E-02
      6.182  0.6642E-02  0.4056E-01  0.1244E-01  0.3762E-01  0.1027E-01  0.2904E-01  0.5668E-02  0.2416E-01  0.2018E-02  0.4693E-02  0.7935E-02  0.3759E-01  0.1782E-02  0.3600E-02  0.5423E-02  0.3111E-01  0.1870E-02  0.3793E-02
      6.192  0.7490E-02  0.4687E-01  0.1191E-01  0.4029E-01  0.1122E-01  0.2630E-01  0.9596E-02  0.4504E-01  0.2100E-02  0.4887E-02  0.7618E-02  0.4502E-01  0.1736E-02  0.4372E-02  0.7372E-02  0.4501E-01  0.1896E-02  0.4309E-02
      6.202  0.1420E-01  0.2884E-01  0.1697E-01  0.2106E-01  0.1716E-01  0.2136E-01  0.1822E-01  0.3587E-01  0.3139E-02  0.6733E-02  0.1146E-01  0.1646E-01  0.2265E-02  0.5089E-02  0.1282E-01  0.1794E-01  0.2663E-02  0.3886E-02
      6.212  0.1537E-01  0.1569E-01  0.2123E-01  0.1533E-01  0.1727E-01  0.8139E-02  0.2087E-01  0.1713E-01  0.3349E-02  0.2288E-02  0.1102E-01  0.1038E-01  0.2683E-02  0.2920E-02  0.1223E-01  0.9611E-02  0.3067E-02  0.2199E-02
      6.222  0.1547E-01  0.1744E-01  0.1984E-01  0.1410E-01  0.1572E-01  0.5966E-02  0.2030E-01  0.1556E-01  0.2867E-02  0.2026E-02  0.8535E-02  0.7712E-02  0.3082E-02  0.2550E-02  0.8471E-02  0.7001E-02  0.2841E-02  0.1949E-02
      6.232  0.1468E-01  0.1657E-01  0.1634E-01  0.1188E-01  0.1189E-01  0.3380E-02  0.1860E-01  0.1301E-01  0.2260E-02  0.1873E-02  0.5599E-02  0.5273E-02  0.3104E-02  0.2080E-02  0.5827E-02  0.4753E-02  0.2233E-02  0.1380E-02
      6.242  0.1762E-01  0.1776E-01  0.2267E-01  0.1300E-01  0.2205E-01  0.3349E-02  0.2558E-01  0.1359E-01  0.2834E-02  0.1964E-02  0.5399E-02  0.4548E-02  0.5268E-02  0.2513E-02  0.6852E-02  0.3386E-02  0.2909E-02  0.1396E-02
      6.252  0.1356E-01  0.2331E-01  0.9570E-02  0.1698E-01  0.4522E-02  0.3667E-02  0.1139E-01  0.1480E-01  0.1400E-02  0.2021E-02  0.2492E-02  0.3897E-02  0.2136E-02  0.3344E-02  0.2887E-02  0.2226E-02  0.1133E-02  0.2161E-02
      6.262  0.1425E-01  0.4825E-01  0.9585E-02  0.2502E-01  0.5160E-02  0.7295E-02  0.1226E-01  0.2303E-01  0.1462E-02  0.3897E-02  0.2270E-02  0.5387E-02  0.2299E-02  0.5599E-02  0.2716E-02  0.3047E-02  0.1101E-02  0.5300E-02
      6.272  0.1482E-01  0.3897E-01  0.9808E-02  0.2621E-01  0.5858E-02  0.9522E-02  0.1307E-01  0.2715E-01  0.1518E-02  0.3943E-02  0.2061E-02  0.5682E-02  0.2438E-02  0.5468E-02  0.2577E-02  0.3521E-02  0.1070E-02  0.5524E-02
      6.282  0.1556E-01  0.2775E-01  0.1065E-01  0.2365E-01  0.8030E-02  0.7273E-02  0.1557E-01  0.2201E-01  0.1849E-02  0.3468E-02  0.2012E-02  0.4803E-02  0.2694E-02  0.4510E-02  0.2857E-02  0.3232E-02  0.1026E-02  0.3813E-02
      6.292  0.3792E-01  0.2556E-01  0.2448E-01  0.2478E-01  0.6122E-02  0.4587E-02  0.2748E-01  0.1989E-01  0.2419E-02  0.4339E-02  0.2187E-02  0.4360E-02  0.6972E-02  0.4336E-02  0.4446E-02  0.3218E-02  0.1242E-02  0.2855E-02
      6.302  0.1483E-01  0.1536E-01  0.9412E-02  0.1950E-01  0.3217E-02  0.4236E-02  0.8759E-02  0.1497E-01  0.8507E-03  0.3980E-02  0.1090E-02  0.3796E-02  0.2594E-02  0.2943E-02  0.1445E-02  0.2889E-02  0.6171E-03  0.2647E-02
      6.312  0.1293E-01  0.1220E-01  0.8689E-02  0.1775E-01  0.3223E-02  0.4077E-02  0.7357E-02  0.1405E-01  0.7759E-03  0.3785E-02  0.1036E-02  0.3808E-02  0.2278E-02  0.2587E-02  0.1247E-02  0.2950E-02  0.5918E-03  0.2955E-02
      6.322  0.1587E-01  0.1075E-01  0.1172E-01  0.1731E-01  0.4437E-02  0.3974E-02  0.1187E-01  0.1410E-01  0.1100E-02  0.3974E-02  0.2410E-02  0.4023E-02  0.2420E-02  0.2386E-02  0.2203E-02  0.3171E-02  0.9499E-03  0.3344E-02
      6.332  0.1281E-01  0.1041E-01  0.1021E-01  0.1784E-01  0.4315E-02  0.3928E-02  0.9288E-02  0.1495E-01  0.9801E-03  0.4502E-02  0.2163E-02  0.4487E-02  0.2170E-02  0.2304E-02  0.1942E-02  0.3495E-02  0.9294E-03  0.3792E-02
      6.342  0.9717E-02  0.1042E-01  0.8800E-02  0.1945E-01  0.3700E-02  0.4129E-02  0.6852E-02  0.1630E-01  0.8348E-03  0.5202E-02  0.1781E-02  0.5153E-02  0.1824E-02  0.2343E-02  0.1479E-02  0.3991E-02  0.8242E-03  0.4404E-02
      6.352  0.7554E-02  0.1013E-01  0.8379E-02  0.2407E-01  0.3308E-02  0.4445E-02  0.5286E-02  0.1875E-01  0.7669E-03  0.6240E-02  0.1657E-02  0.6174E-02  0.1520E-02  0.2430E-02  0.1286E-02  0.5637E-02  0.7663E-03  0.6470E-02
      6.362  0.6502E-02  0.9582E-02  0.8605E-02  0.2459E-01  0.3430E-02  0.4452E-02  0.4543E-02  0.1790E-01  0.7904E-03  0.6473E-02  0.1652E-02  0.6148E-02  0.1394E-02  0.2426E-02  0.1257E-02  0.6608E-02  0.7622E-03  0.7360E-02
      6.372  0.7066E-02  0.9656E-02  0.1035E-01  0.2521E-01  0.4595E-02  0.4643E-02  0.5940E-02  0.2011E-01  0.9171E-03  0.7192E-02  0.2032E-02  0.6475E-02  0.1707E-02  0.2527E-02  0.1407E-02  0.7719E-02  0.8186E-03  0.8451E-02
      6.382  0.7166E-02  0.1002E-01  0.1030E-01  0.2190E-01  0.5869E-02  0.4834E-02  0.7298E-02  0.1897E-01  0.8976E-03  0.5993E-02  0.2097E-02  0.6043E-02  0.2133E-02  0.1993E-02  0.1400E-02  0.6205E-02  0.7869E-03  0.6082E-02
      6.392  0.7450E-02  0.1928E-01  0.9797E-02  0.2610E-01  0.6750E-02  0.6368E-02  0.8674E-02  0.2667E-01  0.8316E-03  0.8552E-02  0.2014E-02  0.8180E-02  0.2587E-02  0.2732E-02  0.1342E-02  0.8042E-02  0.7401E-03  0.9106E-02
      6.402  0.8097E-02  0.1525E-01  0.9647E-02  0.2556E-01  0.7331E-02  0.5239E-02  0.9505E-02  0.3250E-01  0.8354E-03  0.7817E-02  0.1997E-02  0.9937E-02  0.2862E-02  0.3594E-02  0.1401E-02  0.9913E-02  0.7517E-03  0.1064E-01
      6.412  0.7229E-02  0.7373E-02  0.7511E-02  0.1973E-01  0.6696E-02  0.6545E-02  0.7762E-02  0.1899E-01  0.7667E-03  0.5124E-02  0.1804E-02  0.1100E-01  0.2734E-02  0.3893E-02  0.1315E-02  0.1196E-01  0.7615E-03  0.1147E-01
      6.422  0.5961E-02  0.1178E-01  0.5333E-02  0.2165E-01  0.5672E-02  0.8537E-02  0.5937E-02  0.3381E-01  0.6851E-03  0.8372E-02  0.1569E-02  0.1168E-01  0.2462E-02  0.5408E-02  0.1202E-02  0.1310E-01  0.7828E-03  0.1220E-01
      6.432  0.4770E-02  0.2052E-01  0.3499E-02  0.3069E-01  0.4696E-02  0.1285E-01  0.4647E-02  0.3998E-01  0.6463E-03  0.1281E-01  0.1461E-02  0.1398E-01  0.2195E-02  0.8685E-02  0.1224E-02  0.1733E-01  0.9271E-03  0.1362E-01
      6.442  0.3225E-02  0.2338E-01  0.2617E-02  0.3237E-01  0.3327E-02  0.1374E-01  0.4159E-02  0.3540E-01  0.6213E-03  0.1358E-01  0.1024E-02  0.1447E-01  0.1671E-02  0.1024E-01  0.1069E-02  0.2146E-01  0.8365E-03  0.1360E-01
      6.452  0.3653E-02  0.1753E-01  0.3222E-02  0.2240E-01  0.2963E-02  0.9631E-02  0.3884E-02  0.2214E-01  0.7259E-03  0.8567E-02  0.9535E-03  0.1043E-01  0.1920E-02  0.7656E-02  0.1203E-02  0.1419E-01  0.9701E-03  0.8829E-02
      6.462  0.4717E-02  0.1386E-01  0.4216E-02  0.1562E-01  0.3007E-02  0.7512E-02  0.4358E-02  0.1563E-01  0.9609E-03  0.5040E-02  0.1032E-02  0.8007E-02  0.2419E-02  0.6229E-02  0.1527E-02  0.7727E-02  0.1311E-02  0.5121E-02
      6.472  0.6559E-02  0.1576E-01  0.6192E-02  0.1466E-01  0.4271E-02  0.1056E-01  0.7116E-02  0.1776E-01  0.1352E-02  0.4724E-02  0.1565E-02  0.9197E-02  0.3217E-02  0.7244E-02  0.2489E-02  0.8606E-02  0.1743E-02  0.4337E-02
      6.482  0.7504E-02  0.1466E-01  0.8066E-02  0.1050E-01  0.3842E-02  0.9925E-02  0.9328E-02  0.1641E-01  0.1394E-02  0.4027E-02  0.1989E-02  0.7036E-02  0.3649E-02  0.6907E-02  0.2595E-02  0.7838E-02  0.2066E-02  0.3296E-02
      6.492  0.7965E-02  0.1316E-01  0.1141E-01  0.7808E-02  0.4520E-02  0.8760E-02  0.1181E-01  0.1421E-01  0.1328E-02  0.3469E-02  0.3121E-02  0.6182E-02  0.3588E-02  0.5765E-02  0.2799E-02  0.6545E-02  0.2021E-02  0.2606E-02
      6.502  0.7877E-02  0.1220E-01  0.1343E-01  0.6270E-02  0.4426E-02  0.8072E-02  0.1158E-01  0.1299E-01  0.1122E-02  0.3282E-02  0.3093E-02  0.5719E-02  0.3127E-02  0.5125E-02  0.2661E-02  0.6273E-02  0.1764E-02  0.2359E-02
      6.512  0.1043E-01  0.1871E-01  0.1875E-01  0.9731E-02  0.4415E-02  0.1695E-01  0.1415E-01  0.1751E-01  0.1228E-02  0.4923E-02  0.2936E-02  0.1569E-01  0.3585E-02  0.1357E-01  0.2681E-02  0.1101E-01  0.1829E-02  0.3278E-02
      6.522  0.3230E-02  0.1716E-01  0.2815E-02  0.8603E-02  0.2807E-02  0.1363E-01  0.5809E-02  0.1723E-01  0.4300E-03  0.4889E-02  0.1595E-02  0.1404E-01  0.1043E-02  0.1079E-01  0.1788E-02  0.1178E-01  0.6801E-03  0.3698E-02
      6.532  0.3245E-02  0.1729E-01  0.2521E-02  0.9692E-02  0.3045E-02  0.1449E-01  0.6789E-02  0.1777E-01  0.5157E-03  0.5219E-02  0.1248E-02  0.1326E-01  0.8691E-03  0.1074E-01  0.2171E-02  0.1228E-01  0.1180E-02  0.4212E-02
      6.542  0.2958E-02  0.1661E-01  0.2257E-02  0.9882E-02  0.2460E-02  0.1272E-01  0.5068E-02  0.1817E-01  0.4635E-03  0.5275E-02  0.9127E-03  0.1121E-01  0.7562E-03  0.9757E-02  0.1494E-02  0.1151E-01  0.9122E-03  0.4715E-02
      6.552  0.2847E-02  0.1652E-01  0.2208E-02  0.1291E-01  0.2350E-02  0.1076E-01  0.4691E-02  0.2001E-01  0.4568E-03  0.5899E-02  0.8566E-03  0.1088E-01  0.7928E-03  0.1023E-01  0.1298E-02  0.1078E-01  0.7690E-03  0.6657E-02
      6.562  0.2861E-02  0.1446E-01  0.2221E-02  0.1279E-01  0.2439E-02  0.8989E-02  0.4649E-02  0.1659E-01  0.4935E-03  0.4887E-02  0.8461E-03  0.9693E-02  0.8774E-03  0.8917E-02  0.1258E-02  0.9102E-02  0.7750E-03  0.5813E-02
      6.572  0.6034E-02  0.1304E-01  0.3116E-02  0.1275E-01  0.4669E-02  0.6977E-02  0.7894E-02  0.1312E-01  0.1045E-02  0.3859E-02  0.1188E-02  0.8514E-02  0.2430E-02  0.7621E-02  0.1486E-02  0.7291E-02  0.1014E-02  0.4750E-02
      6.582  0.2918E-02  0.1219E-01  0.2600E-02  0.1327E-01  0.2425E-02  0.5485E-02  0.5893E-02  0.1046E-01  0.6656E-03  0.3048E-02  0.8545E-03  0.7796E-02  0.1381E-02  0.6726E-02  0.1282E-02  0.5707E-02  0.8652E-03  0.3786E-02
      6.592  0.3649E-02  0.1252E-01  0.3245E-02  0.1555E-01  0.3398E-02  0.5425E-02  0.6913E-02  0.9269E-02  0.8688E-03  0.2791E-02  0.1543E-02  0.8252E-02  0.1997E-02  0.6681E-02  0.1643E-02  0.4933E-02  0.1202E-02  0.3105E-02
      6.602  0.4705E-02  0.1349E-01  0.3999E-02  0.1624E-01  0.4828E-02  0.5379E-02  0.8346E-02  0.8909E-02  0.1146E-02  0.2029E-02  0.2332E-02  0.8017E-02  0.2912E-02  0.5841E-02  0.2020E-02  0.3983E-02  0.1507E-02  0.1796E-02
      6.612  0.6525E-02  0.1493E-01  0.4121E-02  0.1974E-01  0.5550E-02  0.5756E-02  0.9663E-02  0.1002E-01  0.1394E-02  0.2011E-02  0.2606E-02  0.9212E-02  0.3693E-02  0.6146E-02  0.2118E-02  0.3852E-02  0.1519E-02  0.1687E-02
      6.622  0.6957E-02  0.1505E-01  0.4184E-02  0.2085E-01  0.5580E-02  0.5873E-02  0.8950E-02  0.1059E-01  0.1466E-02  0.2041E-02  0.2789E-02  0.9502E-02  0.3768E-02  0.6416E-02  0.2050E-02  0.3816E-02  0.1516E-02  0.1767E-02
      6.632  0.4590E-02  0.1452E-01  0.3936E-02  0.2020E-01  0.4050E-02  0.5852E-02  0.4948E-02  0.1065E-01  0.1136E-02  0.2004E-02  0.2265E-02  0.9148E-02  0.2872E-02  0.6523E-02  0.1319E-02  0.3745E-02  0.1254E-02  0.1799E-02
      6.642  0.4396E-02  0.1410E-01  0.3829E-02  0.1934E-01  0.3411E-02  0.5861E-02  0.4230E-02  0.1062E-01  0.1032E-02  0.1967E-02  0.2125E-02  0.8752E-02  0.2642E-02  0.6659E-02  0.1196E-02  0.3674E-02  0.1180E-02  0.1823E-02
      6.652  0.4224E-02  0.2996E-01  0.3499E-02  0.2066E-01  0.3084E-02  0.7125E-02  0.3708E-02  0.1611E-01  0.9764E-03  0.2890E-02  0.1892E-02  0.9899E-02  0.2493E-02  0.1148E-01  0.1117E-02  0.4360E-02  0.1114E-02  0.2772E-02
      6.662  0.3684E-02  0.3869E-01  0.2580E-02  0.2792E-01  0.2581E-02  0.1128E-01  0.2424E-02  0.1523E-01  0.8339E-03  0.3746E-02  0.1563E-02  0.1058E-01  0.2247E-02  0.1637E-01  0.8639E-03  0.7302E-02  0.8608E-03  0.2544E-02
      6.673  0.4864E-02  0.2926E-01  0.3672E-02  0.1212E-01  0.3654E-02  0.6302E-02  0.5072E-02  0.9046E-02  0.1270E-02  0.1925E-02  0.2182E-02  0.3748E-02  0.3647E-02  0.1354E-01  0.1432E-02  0.3630E-02  0.1199E-02  0.1749E-02
      6.683  0.5141E-02  0.2640E-01  0.3235E-02  0.9801E-02  0.4294E-02  0.5412E-02  0.6208E-02  0.6362E-02  0.1016E-02  0.1165E-02  0.1776E-02  0.3200E-02  0.2443E-02  0.1296E-01  0.1682E-02  0.2683E-02  0.9661E-03  0.1414E-02
      6.693  0.4189E-02  0.2354E-01  0.2837E-02  0.9005E-02  0.3905E-02  0.5152E-02  0.4222E-02  0.4822E-02  0.9177E-03  0.9020E-03  0.1315E-02  0.2544E-02  0.2109E-02  0.1245E-01  0.1364E-02  0.2417E-02  0.7570E-03  0.1163E-02
      6.703  0.3680E-02  0.1050E-01  0.2573E-02  0.4191E-02  0.3656E-02  0.2438E-02  0.3405E-02  0.1996E-02  0.8271E-03  0.5510E-03  0.1095E-02  0.9724E-03  0.1858E-02  0.5927E-02  0.1198E-02  0.1155E-02  0.6160E-03  0.6267E-03
      6.713  0.3344E-02  0.0000E+00  0.2363E-02  0.0000E+00  0.3406E-02  0.0000E+00  0.3248E-02  0.0000E+00  0.7345E-03  0.0000E+00  0.1035E-02  0.0000E+00  0.1636E-02  0.0000E+00  0.1117E-02  0.0000E+00  0.5263E-03  0.0000E+00
      6.723  0.2999E-02  0.0000E+00  0.2162E-02  0.0000E+00  0.3129E-02  0.0000E+00  0.3073E-02  0.0000E+00  0.6409E-03  0.0000E+00  0.9789E-03  0.0000E+00  0.1416E-02  0.0000E+00  0.1026E-02  0.0000E+00  0.4486E-03  0.0000E+00
      6.733  0.2684E-02  0.0000E+00  0.1636E-02  0.0000E+00  0.2081E-02  0.0000E+00  0.2417E-02  0.0000E+00  0.5269E-03  0.0000E+00  0.6765E-03  0.0000E+00  0.1137E-02  0.0000E+00  0.8438E-03  0.0000E+00  0.3590E-03  0.0000E+00
      6.743  0.2597E-02  0.0000E+00  0.1576E-02  0.0000E+00  0.2001E-02  0.0000E+00  0.2323E-02  0.0000E+00  0.5348E-03  0.0000E+00  0.6679E-03  0.0000E+00  0.1061E-02  0.0000E+00  0.8272E-03  0.0000E+00  0.3485E-03  0.0000E+00
      6.753  0.2434E-02  0.0000E+00  0.1475E-02  0.0000E+00  0.1806E-02  0.0000E+00  0.2145E-02  0.0000E+00  0.5031E-03  0.0000E+00  0.6275E-03  0.0000E+00  0.9759E-03  0.0000E+00  0.7716E-03  0.0000E+00  0.3272E-03  0.0000E+00
      6.763  0.2318E-02  0.0000E+00  0.1357E-02  0.0000E+00  0.1503E-02  0.0000E+00  0.1951E-02  0.0000E+00  0.4099E-03  0.0000E+00  0.5265E-03  0.0000E+00  0.9680E-03  0.0000E+00  0.6716E-03  0.0000E+00  0.2826E-03  0.0000E+00
      6.773  0.2422E-02  0.0000E+00  0.1300E-02  0.0000E+00  0.1231E-02  0.0000E+00  0.1917E-02  0.0000E+00  0.3194E-03  0.0000E+00  0.4328E-03  0.0000E+00  0.1093E-02  0.0000E+00  0.5873E-03  0.0000E+00  0.2369E-03  0.0000E+00
      6.783  0.2554E-02  0.0000E+00  0.1255E-02  0.0000E+00  0.9747E-03  0.0000E+00  0.1867E-02  0.0000E+00  0.2241E-03  0.0000E+00  0.3373E-03  0.0000E+00  0.1215E-02  0.0000E+00  0.5088E-03  0.0000E+00  0.1873E-03  0.0000E+00
      6.793  0.2846E-02  0.0000E+00  0.1257E-02  0.0000E+00  0.8269E-03  0.0000E+00  0.1812E-02  0.0000E+00  0.2090E-03  0.0000E+00  0.3114E-03  0.0000E+00  0.1393E-02  0.0000E+00  0.4182E-03  0.0000E+00  0.1609E-03  0.0000E+00
      6.803  0.3172E-02  0.0000E+00  0.1273E-02  0.0000E+00  0.7327E-03  0.0000E+00  0.1754E-02  0.0000E+00  0.2098E-03  0.0000E+00  0.3019E-03  0.0000E+00  0.1576E-02  0.0000E+00  0.3501E-03  0.0000E+00  0.1406E-03  0.0000E+00
      6.813  0.3542E-02  0.0000E+00  0.1354E-02  0.0000E+00  0.7022E-03  0.0000E+00  0.1783E-02  0.0000E+00  0.2223E-03  0.0000E+00  0.3054E-03  0.0000E+00  0.1780E-02  0.0000E+00  0.3410E-03  0.0000E+00  0.1330E-03  0.0000E+00
      6.823  0.3957E-02  0.0000E+00  0.1503E-02  0.0000E+00  0.7146E-03  0.0000E+00  0.1891E-02  0.0000E+00  0.2475E-03  0.0000E+00  0.3210E-03  0.0000E+00  0.2005E-02  0.0000E+00  0.3738E-03  0.0000E+00  0.1374E-03  0.0000E+00
      6.833  0.4380E-02  0.0000E+00  0.1660E-02  0.0000E+00  0.7326E-03  0.0000E+00  0.1974E-02  0.0000E+00  0.2737E-03  0.0000E+00  0.3379E-03  0.0000E+00  0.2226E-02  0.0000E+00  0.4094E-03  0.0000E+00  0.1418E-03  0.0000E+00
      6.843  0.4811E-02  0.0000E+00  0.1826E-02  0.0000E+00  0.7560E-03  0.0000E+00  0.2033E-02  0.0000E+00  0.3009E-03  0.0000E+00  0.3558E-03  0.0000E+00  0.2441E-02  0.0000E+00  0.4478E-03  0.0000E+00  0.1464E-03  0.0000E+00
      6.853  0.4380E-02  0.0000E+00  0.1709E-02  0.0000E+00  0.6661E-03  0.0000E+00  0.1696E-02  0.0000E+00  0.2846E-03  0.0000E+00  0.3198E-03  0.0000E+00  0.2224E-02  0.0000E+00  0.4315E-03  0.0000E+00  0.1249E-03  0.0000E+00
      6.863  0.3320E-02  0.0000E+00  0.1424E-02  0.0000E+00  0.4904E-03  0.0000E+00  0.1147E-02  0.0000E+00  0.2343E-03  0.0000E+00  0.2311E-03  0.0000E+00  0.1711E-02  0.0000E+00  0.3740E-03  0.0000E+00  0.9048E-04  0.0000E+00
      6.873  0.1450E-02  0.0000E+00  0.7083E-03  0.0000E+00  0.2176E-03  0.0000E+00  0.4833E-03  0.0000E+00  0.1076E-03  0.0000E+00  0.8787E-04  0.0000E+00  0.7639E-03  0.0000E+00  0.1863E-03  0.0000E+00  0.4282E-04  0.0000E+00
      6.883  0.0000E+00  0.0000E+00  0.0000E+00  0.0000E+00  0.0000E+00  0.0000E+00  0.0000E+00  0.0000E+00  0.0000E+00  0.0000E+00  0.0000E+00  0.0000E+00  0.0000E+00  0.0000E+00  0.0000E+00  0.0000E+00  0.0000E+00  0.0000E+00
      6.893  0.0000E+00  0.0000E+00  0.0000E+00  0.0000E+00  0.0000E+00  0.0000E+00  0.0000E+00  0.0000E+00  0.0000E+00  0.0000E+00  0.0000E+00  0.0000E+00  0.0000E+00  0.0000E+00  0.0000E+00  0.0000E+00  0.0000E+00  0.0000E+00
      6.903  0.0000E+00  0.0000E+00  0.0000E+00  0.0000E+00  0.0000E+00  0.0000E+00  0.0000E+00  0.0000E+00  0.0000E+00  0.0000E+00  0.0000E+00  0.0000E+00  0.0000E+00  0.0000E+00  0.0000E+00  0.0000E+00  0.0000E+00  0.0000E+00
      6.913  0.0000E+00  0.0000E+00  0.0000E+00  0.0000E+00  0.0000E+00  0.0000E+00  0.0000E+00  0.0000E+00  0.0000E+00  0.0000E+00  0.0000E+00  0.0000E+00  0.0000E+00  0.0000E+00  0.0000E+00  0.0000E+00  0.0000E+00  0.0000E+00
      6.923  0.0000E+00  0.0000E+00  0.0000E+00  0.0000E+00  0.0000E+00  0.0000E+00  0.0000E+00  0.0000E+00  0.0000E+00  0.0000E+00  0.0000E+00  0.0000E+00  0.0000E+00  0.0000E+00  0.0000E+00  0.0000E+00  0.0000E+00  0.0000E+00
      6.933  0.0000E+00  0.0000E+00  0.0000E+00  0.0000E+00  0.0000E+00  0.0000E+00  0.0000E+00  0.0000E+00  0.0000E+00  0.0000E+00  0.0000E+00  0.0000E+00  0.0000E+00  0.0000E+00  0.0000E+00  0.0000E+00  0.0000E+00  0.0000E+00
      6.943  0.0000E+00  0.0000E+00  0.0000E+00  0.0000E+00  0.0000E+00  0.0000E+00  0.0000E+00  0.0000E+00  0.0000E+00  0.0000E+00  0.0000E+00  0.0000E+00  0.0000E+00  0.0000E+00  0.0000E+00  0.0000E+00  0.0000E+00  0.0000E+00
      6.953  0.0000E+00  0.0000E+00  0.0000E+00  0.0000E+00  0.0000E+00  0.0000E+00  0.0000E+00  0.0000E+00  0.0000E+00  0.0000E+00  0.0000E+00  0.0000E+00  0.0000E+00  0.0000E+00  0.0000E+00  0.0000E+00  0.0000E+00  0.0000E+00
      6.963  0.0000E+00  0.0000E+00  0.0000E+00  0.0000E+00  0.0000E+00  0.0000E+00  0.0000E+00  0.0000E+00  0.0000E+00  0.0000E+00  0.0000E+00  0.0000E+00  0.0000E+00  0.0000E+00  0.0000E+00  0.0000E+00  0.0000E+00  0.0000E+00
      6.973  0.0000E+00  0.0000E+00  0.0000E+00  0.0000E+00  0.0000E+00  0.0000E+00  0.0000E+00  0.0000E+00  0.0000E+00  0.0000E+00  0.0000E+00  0.0000E+00  0.0000E+00  0.0000E+00  0.0000E+00  0.0000E+00  0.0000E+00  0.0000E+00
      6.983  0.0000E+00  0.0000E+00  0.0000E+00  0.0000E+00  0.0000E+00  0.0000E+00  0.0000E+00  0.0000E+00  0.0000E+00  0.0000E+00  0.0000E+00  0.0000E+00  0.0000E+00  0.0000E+00  0.0000E+00  0.0000E+00  0.0000E+00  0.0000E+00
      6.993  0.0000E+00  0.0000E+00  0.0000E+00  0.0000E+00  0.0000E+00  0.0000E+00  0.0000E+00  0.0000E+00  0.0000E+00  0.0000E+00  0.0000E+00  0.0000E+00  0.0000E+00  0.0000E+00  0.0000E+00  0.0000E+00  0.0000E+00  0.0000E+00
      7.003  0.0000E+00  0.0000E+00  0.0000E+00  0.0000E+00  0.0000E+00  0.0000E+00  0.0000E+00  0.0000E+00  0.0000E+00  0.0000E+00  0.0000E+00  0.0000E+00  0.0000E+00  0.0000E+00  0.0000E+00  0.0000E+00  0.0000E+00  0.0000E+00
      7.013  0.0000E+00  0.0000E+00  0.0000E+00  0.0000E+00  0.0000E+00  0.0000E+00  0.0000E+00  0.0000E+00  0.0000E+00  0.0000E+00  0.0000E+00  0.0000E+00  0.0000E+00  0.0000E+00  0.0000E+00  0.0000E+00  0.0000E+00  0.0000E+00
      7.023  0.0000E+00  0.0000E+00  0.0000E+00  0.0000E+00  0.0000E+00  0.0000E+00  0.0000E+00  0.0000E+00  0.0000E+00  0.0000E+00  0.0000E+00  0.0000E+00  0.0000E+00  0.0000E+00  0.0000E+00  0.0000E+00  0.0000E+00  0.0000E+00
      7.033  0.0000E+00  0.0000E+00  0.0000E+00  0.0000E+00  0.0000E+00  0.0000E+00  0.0000E+00  0.0000E+00  0.0000E+00  0.0000E+00  0.0000E+00  0.0000E+00  0.0000E+00  0.0000E+00  0.0000E+00  0.0000E+00  0.0000E+00  0.0000E+00
      7.043  0.0000E+00  0.0000E+00  0.0000E+00  0.0000E+00  0.0000E+00  0.0000E+00  0.0000E+00  0.0000E+00  0.0000E+00  0.0000E+00  0.0000E+00  0.0000E+00  0.0000E+00  0.0000E+00  0.0000E+00  0.0000E+00  0.0000E+00  0.0000E+00
      7.053  0.0000E+00  0.0000E+00  0.0000E+00  0.0000E+00  0.0000E+00  0.0000E+00  0.0000E+00  0.0000E+00  0.0000E+00  0.0000E+00  0.0000E+00  0.0000E+00  0.0000E+00  0.0000E+00  0.0000E+00  0.0000E+00  0.0000E+00  0.0000E+00
      7.063  0.0000E+00  0.0000E+00  0.0000E+00  0.0000E+00  0.0000E+00  0.0000E+00  0.0000E+00  0.0000E+00  0.0000E+00  0.0000E+00  0.0000E+00  0.0000E+00  0.0000E+00  0.0000E+00  0.0000E+00  0.0000E+00  0.0000E+00  0.0000E+00
      7.073  0.0000E+00  0.0000E+00  0.0000E+00  0.0000E+00  0.0000E+00  0.0000E+00  0.0000E+00  0.0000E+00  0.0000E+00  0.0000E+00  0.0000E+00  0.0000E+00  0.0000E+00  0.0000E+00  0.0000E+00  0.0000E+00  0.0000E+00  0.0000E+00
      7.083  0.0000E+00  0.0000E+00  0.0000E+00  0.0000E+00  0.0000E+00  0.0000E+00  0.0000E+00  0.0000E+00  0.0000E+00  0.0000E+00  0.0000E+00  0.0000E+00  0.0000E+00  0.0000E+00  0.0000E+00  0.0000E+00  0.0000E+00  0.0000E+00
      7.093  0.0000E+00  0.0000E+00  0.0000E+00  0.0000E+00  0.0000E+00  0.0000E+00  0.0000E+00  0.0000E+00  0.0000E+00  0.0000E+00  0.0000E+00  0.0000E+00  0.0000E+00  0.0000E+00  0.0000E+00  0.0000E+00  0.0000E+00  0.0000E+00
      7.103  0.0000E+00  0.0000E+00  0.0000E+00  0.0000E+00  0.0000E+00  0.0000E+00  0.0000E+00  0.0000E+00  0.0000E+00  0.0000E+00  0.0000E+00  0.0000E+00  0.0000E+00  0.0000E+00  0.0000E+00  0.0000E+00  0.0000E+00  0.0000E+00
      7.113  0.0000E+00  0.0000E+00  0.0000E+00  0.0000E+00  0.0000E+00  0.0000E+00  0.0000E+00  0.0000E+00  0.0000E+00  0.0000E+00  0.0000E+00  0.0000E+00  0.0000E+00  0.0000E+00  0.0000E+00  0.0000E+00  0.0000E+00  0.0000E+00
      7.123  0.0000E+00  0.0000E+00  0.0000E+00  0.0000E+00  0.0000E+00  0.0000E+00  0.0000E+00  0.0000E+00  0.0000E+00  0.0000E+00  0.0000E+00  0.0000E+00  0.0000E+00  0.0000E+00  0.0000E+00  0.0000E+00  0.0000E+00  0.0000E+00
      7.133  0.0000E+00  0.0000E+00  0.0000E+00  0.0000E+00  0.0000E+00  0.0000E+00  0.0000E+00  0.0000E+00  0.0000E+00  0.0000E+00  0.0000E+00  0.0000E+00  0.0000E+00  0.0000E+00  0.0000E+00  0.0000E+00  0.0000E+00  0.0000E+00
      7.143  0.0000E+00  0.0000E+00  0.0000E+00  0.0000E+00  0.0000E+00  0.0000E+00  0.0000E+00  0.0000E+00  0.0000E+00  0.0000E+00  0.0000E+00  0.0000E+00  0.0000E+00  0.0000E+00  0.0000E+00  0.0000E+00  0.0000E+00  0.0000E+00
      7.153  0.0000E+00  0.0000E+00  0.0000E+00  0.0000E+00  0.0000E+00  0.0000E+00  0.0000E+00  0.0000E+00  0.0000E+00  0.0000E+00  0.0000E+00  0.0000E+00  0.0000E+00  0.0000E+00  0.0000E+00  0.0000E+00  0.0000E+00  0.0000E+00
      7.163  0.0000E+00  0.0000E+00  0.0000E+00  0.0000E+00  0.0000E+00  0.0000E+00  0.0000E+00  0.0000E+00  0.0000E+00  0.0000E+00  0.0000E+00  0.0000E+00  0.0000E+00  0.0000E+00  0.0000E+00  0.0000E+00  0.0000E+00  0.0000E+00
      7.173  0.0000E+00  0.0000E+00  0.0000E+00  0.0000E+00  0.0000E+00  0.0000E+00  0.0000E+00  0.0000E+00  0.0000E+00  0.0000E+00  0.0000E+00  0.0000E+00  0.0000E+00  0.0000E+00  0.0000E+00  0.0000E+00  0.0000E+00  0.0000E+00
      7.183  0.0000E+00  0.0000E+00  0.0000E+00  0.0000E+00  0.0000E+00  0.0000E+00  0.0000E+00  0.0000E+00  0.0000E+00  0.0000E+00  0.0000E+00  0.0000E+00  0.0000E+00  0.0000E+00  0.0000E+00  0.0000E+00  0.0000E+00  0.0000E+00
      7.193  0.0000E+00  0.0000E+00  0.0000E+00  0.0000E+00  0.0000E+00  0.0000E+00  0.0000E+00  0.0000E+00  0.0000E+00  0.0000E+00  0.0000E+00  0.0000E+00  0.0000E+00  0.0000E+00  0.0000E+00  0.0000E+00  0.0000E+00  0.0000E+00
      7.203  0.0000E+00  0.0000E+00  0.0000E+00  0.0000E+00  0.0000E+00  0.0000E+00  0.0000E+00  0.0000E+00  0.0000E+00  0.0000E+00  0.0000E+00  0.0000E+00  0.0000E+00  0.0000E+00  0.0000E+00  0.0000E+00  0.0000E+00  0.0000E+00
      7.213  0.0000E+00  0.0000E+00  0.0000E+00  0.0000E+00  0.0000E+00  0.0000E+00  0.0000E+00  0.0000E+00  0.0000E+00  0.0000E+00  0.0000E+00  0.0000E+00  0.0000E+00  0.0000E+00  0.0000E+00  0.0000E+00  0.0000E+00  0.0000E+00
      7.223  0.0000E+00  0.0000E+00  0.0000E+00  0.0000E+00  0.0000E+00  0.0000E+00  0.0000E+00  0.0000E+00  0.0000E+00  0.0000E+00  0.0000E+00  0.0000E+00  0.0000E+00  0.0000E+00  0.0000E+00  0.0000E+00  0.0000E+00  0.0000E+00
      7.233  0.0000E+00  0.0000E+00  0.0000E+00  0.0000E+00  0.0000E+00  0.0000E+00  0.0000E+00  0.0000E+00  0.0000E+00  0.0000E+00  0.0000E+00  0.0000E+00  0.0000E+00  0.0000E+00  0.0000E+00  0.0000E+00  0.0000E+00  0.0000E+00
      7.243  0.0000E+00  0.0000E+00  0.0000E+00  0.0000E+00  0.0000E+00  0.0000E+00  0.0000E+00  0.0000E+00  0.0000E+00  0.0000E+00  0.0000E+00  0.0000E+00  0.0000E+00  0.0000E+00  0.0000E+00  0.0000E+00  0.0000E+00  0.0000E+00
      7.253  0.0000E+00  0.0000E+00  0.0000E+00  0.0000E+00  0.0000E+00  0.0000E+00  0.0000E+00  0.0000E+00  0.0000E+00  0.0000E+00  0.0000E+00  0.0000E+00  0.0000E+00  0.0000E+00  0.0000E+00  0.0000E+00  0.0000E+00  0.0000E+00
      7.263  0.0000E+00  0.0000E+00  0.0000E+00  0.0000E+00  0.0000E+00  0.0000E+00  0.0000E+00  0.0000E+00  0.0000E+00  0.0000E+00  0.0000E+00  0.0000E+00  0.0000E+00  0.0000E+00  0.0000E+00  0.0000E+00  0.0000E+00  0.0000E+00
      7.273  0.0000E+00  0.0000E+00  0.0000E+00  0.0000E+00  0.0000E+00  0.0000E+00  0.0000E+00  0.0000E+00  0.0000E+00  0.0000E+00  0.0000E+00  0.0000E+00  0.0000E+00  0.0000E+00  0.0000E+00  0.0000E+00  0.0000E+00  0.0000E+00
      7.283  0.0000E+00  0.0000E+00  0.0000E+00  0.0000E+00  0.0000E+00  0.0000E+00  0.0000E+00  0.0000E+00  0.0000E+00  0.0000E+00  0.0000E+00  0.0000E+00  0.0000E+00  0.0000E+00  0.0000E+00  0.0000E+00  0.0000E+00  0.0000E+00
      7.293  0.0000E+00  0.0000E+00  0.0000E+00  0.0000E+00  0.0000E+00  0.0000E+00  0.0000E+00  0.0000E+00  0.0000E+00  0.0000E+00  0.0000E+00  0.0000E+00  0.0000E+00  0.0000E+00  0.0000E+00  0.0000E+00  0.0000E+00  0.0000E+00
      7.303  0.0000E+00  0.0000E+00  0.0000E+00  0.0000E+00  0.0000E+00  0.0000E+00  0.0000E+00  0.0000E+00  0.0000E+00  0.0000E+00  0.0000E+00  0.0000E+00  0.0000E+00  0.0000E+00  0.0000E+00  0.0000E+00  0.0000E+00  0.0000E+00
      7.313  0.0000E+00  0.0000E+00  0.0000E+00  0.0000E+00  0.0000E+00  0.0000E+00  0.0000E+00  0.0000E+00  0.0000E+00  0.0000E+00  0.0000E+00  0.0000E+00  0.0000E+00  0.0000E+00  0.0000E+00  0.0000E+00  0.0000E+00  0.0000E+00
      7.323  0.0000E+00  0.0000E+00  0.0000E+00  0.0000E+00  0.0000E+00  0.0000E+00  0.0000E+00  0.0000E+00  0.0000E+00  0.0000E+00  0.0000E+00  0.0000E+00  0.0000E+00  0.0000E+00  0.0000E+00  0.0000E+00  0.0000E+00  0.0000E+00
      7.333  0.0000E+00  0.0000E+00  0.0000E+00  0.0000E+00  0.0000E+00  0.0000E+00  0.0000E+00  0.0000E+00  0.0000E+00  0.0000E+00  0.0000E+00  0.0000E+00  0.0000E+00  0.0000E+00  0.0000E+00  0.0000E+00  0.0000E+00  0.0000E+00
      7.343  0.0000E+00  0.0000E+00  0.0000E+00  0.0000E+00  0.0000E+00  0.0000E+00  0.0000E+00  0.0000E+00  0.0000E+00  0.0000E+00  0.0000E+00  0.0000E+00  0.0000E+00  0.0000E+00  0.0000E+00  0.0000E+00  0.0000E+00  0.0000E+00
      7.353  0.0000E+00  0.0000E+00  0.0000E+00  0.0000E+00  0.0000E+00  0.0000E+00  0.0000E+00  0.0000E+00  0.0000E+00  0.0000E+00  0.0000E+00  0.0000E+00  0.0000E+00  0.0000E+00  0.0000E+00  0.0000E+00  0.0000E+00  0.0000E+00
      7.363  0.0000E+00  0.0000E+00  0.0000E+00  0.0000E+00  0.0000E+00  0.0000E+00  0.0000E+00  0.0000E+00  0.0000E+00  0.0000E+00  0.0000E+00  0.0000E+00  0.0000E+00  0.0000E+00  0.0000E+00  0.0000E+00  0.0000E+00  0.0000E+00
      7.373  0.0000E+00  0.0000E+00  0.0000E+00  0.0000E+00  0.0000E+00  0.0000E+00  0.0000E+00  0.0000E+00  0.0000E+00  0.0000E+00  0.0000E+00  0.0000E+00  0.0000E+00  0.0000E+00  0.0000E+00  0.0000E+00  0.0000E+00  0.0000E+00
      7.383  0.0000E+00  0.0000E+00  0.0000E+00  0.0000E+00  0.0000E+00  0.0000E+00  0.0000E+00  0.0000E+00  0.0000E+00  0.0000E+00  0.0000E+00  0.0000E+00  0.0000E+00  0.0000E+00  0.0000E+00  0.0000E+00  0.0000E+00  0.0000E+00
      7.393  0.0000E+00  0.0000E+00  0.0000E+00  0.0000E+00  0.0000E+00  0.0000E+00  0.0000E+00  0.0000E+00  0.0000E+00  0.0000E+00  0.0000E+00  0.0000E+00  0.0000E+00  0.0000E+00  0.0000E+00  0.0000E+00  0.0000E+00  0.0000E+00
      7.403  0.0000E+00  0.0000E+00  0.0000E+00  0.0000E+00  0.0000E+00  0.0000E+00  0.0000E+00  0.0000E+00  0.0000E+00  0.0000E+00  0.0000E+00  0.0000E+00  0.0000E+00  0.0000E+00  0.0000E+00  0.0000E+00  0.0000E+00  0.0000E+00
      7.413  0.0000E+00  0.0000E+00  0.0000E+00  0.0000E+00  0.0000E+00  0.0000E+00  0.0000E+00  0.0000E+00  0.0000E+00  0.0000E+00  0.0000E+00  0.0000E+00  0.0000E+00  0.0000E+00  0.0000E+00  0.0000E+00  0.0000E+00  0.0000E+00
      7.423  0.0000E+00  0.0000E+00  0.0000E+00  0.0000E+00  0.0000E+00  0.0000E+00  0.0000E+00  0.0000E+00  0.0000E+00  0.0000E+00  0.0000E+00  0.0000E+00  0.0000E+00  0.0000E+00  0.0000E+00  0.0000E+00  0.0000E+00  0.0000E+00
      7.433  0.0000E+00  0.0000E+00  0.0000E+00  0.0000E+00  0.0000E+00  0.0000E+00  0.0000E+00  0.0000E+00  0.0000E+00  0.0000E+00  0.0000E+00  0.0000E+00  0.0000E+00  0.0000E+00  0.0000E+00  0.0000E+00  0.0000E+00  0.0000E+00
      7.443  0.0000E+00  0.0000E+00  0.0000E+00  0.0000E+00  0.0000E+00  0.0000E+00  0.0000E+00  0.0000E+00  0.0000E+00  0.0000E+00  0.0000E+00  0.0000E+00  0.0000E+00  0.0000E+00  0.0000E+00  0.0000E+00  0.0000E+00  0.0000E+00
      7.453  0.0000E+00  0.0000E+00  0.0000E+00  0.0000E+00  0.0000E+00  0.0000E+00  0.0000E+00  0.0000E+00  0.0000E+00  0.0000E+00  0.0000E+00  0.0000E+00  0.0000E+00  0.0000E+00  0.0000E+00  0.0000E+00  0.0000E+00  0.0000E+00
      7.463  0.0000E+00  0.0000E+00  0.0000E+00  0.0000E+00  0.0000E+00  0.0000E+00  0.0000E+00  0.0000E+00  0.0000E+00  0.0000E+00  0.0000E+00  0.0000E+00  0.0000E+00  0.0000E+00  0.0000E+00  0.0000E+00  0.0000E+00  0.0000E+00
      7.473  0.0000E+00  0.0000E+00  0.0000E+00  0.0000E+00  0.0000E+00  0.0000E+00  0.0000E+00  0.0000E+00  0.0000E+00  0.0000E+00  0.0000E+00  0.0000E+00  0.0000E+00  0.0000E+00  0.0000E+00  0.0000E+00  0.0000E+00  0.0000E+00
      7.483  0.0000E+00  0.0000E+00  0.0000E+00  0.0000E+00  0.0000E+00  0.0000E+00  0.0000E+00  0.0000E+00  0.0000E+00  0.0000E+00  0.0000E+00  0.0000E+00  0.0000E+00  0.0000E+00  0.0000E+00  0.0000E+00  0.0000E+00  0.0000E+00
      7.493  0.0000E+00  0.0000E+00  0.0000E+00  0.0000E+00  0.0000E+00  0.0000E+00  0.0000E+00  0.0000E+00  0.0000E+00  0.0000E+00  0.0000E+00  0.0000E+00  0.0000E+00  0.0000E+00  0.0000E+00  0.0000E+00  0.0000E+00  0.0000E+00
      7.503  0.0000E+00  0.0000E+00  0.0000E+00  0.0000E+00  0.0000E+00  0.0000E+00  0.0000E+00  0.0000E+00  0.0000E+00  0.0000E+00  0.0000E+00  0.0000E+00  0.0000E+00  0.0000E+00  0.0000E+00  0.0000E+00  0.0000E+00  0.0000E+00
      7.513  0.0000E+00  0.0000E+00  0.0000E+00  0.0000E+00  0.0000E+00  0.0000E+00  0.0000E+00  0.0000E+00  0.0000E+00  0.0000E+00  0.0000E+00  0.0000E+00  0.0000E+00  0.0000E+00  0.0000E+00  0.0000E+00  0.0000E+00  0.0000E+00
      7.523  0.0000E+00  0.0000E+00  0.0000E+00  0.0000E+00  0.0000E+00  0.0000E+00  0.0000E+00  0.0000E+00  0.0000E+00  0.0000E+00  0.0000E+00  0.0000E+00  0.0000E+00  0.0000E+00  0.0000E+00  0.0000E+00  0.0000E+00  0.0000E+00
      7.533  0.0000E+00  0.0000E+00  0.0000E+00  0.0000E+00  0.0000E+00  0.0000E+00  0.0000E+00  0.0000E+00  0.0000E+00  0.0000E+00  0.0000E+00  0.0000E+00  0.0000E+00  0.0000E+00  0.0000E+00  0.0000E+00  0.0000E+00  0.0000E+00
      7.543  0.0000E+00  0.0000E+00  0.0000E+00  0.0000E+00  0.0000E+00  0.0000E+00  0.0000E+00  0.0000E+00  0.0000E+00  0.0000E+00  0.0000E+00  0.0000E+00  0.0000E+00  0.0000E+00  0.0000E+00  0.0000E+00  0.0000E+00  0.0000E+00
      7.553  0.0000E+00  0.0000E+00  0.0000E+00  0.0000E+00  0.0000E+00  0.0000E+00  0.0000E+00  0.0000E+00  0.0000E+00  0.0000E+00  0.0000E+00  0.0000E+00  0.0000E+00  0.0000E+00  0.0000E+00  0.0000E+00  0.0000E+00  0.0000E+00
      7.563  0.0000E+00  0.0000E+00  0.0000E+00  0.0000E+00  0.0000E+00  0.0000E+00  0.0000E+00  0.0000E+00  0.0000E+00  0.0000E+00  0.0000E+00  0.0000E+00  0.0000E+00  0.0000E+00  0.0000E+00  0.0000E+00  0.0000E+00  0.0000E+00
      7.573  0.0000E+00  0.0000E+00  0.0000E+00  0.0000E+00  0.0000E+00  0.0000E+00  0.0000E+00  0.0000E+00  0.0000E+00  0.0000E+00  0.0000E+00  0.0000E+00  0.0000E+00  0.0000E+00  0.0000E+00  0.0000E+00  0.0000E+00  0.0000E+00
      7.583  0.0000E+00  0.0000E+00  0.0000E+00  0.0000E+00  0.0000E+00  0.0000E+00  0.0000E+00  0.0000E+00  0.0000E+00  0.0000E+00  0.0000E+00  0.0000E+00  0.0000E+00  0.0000E+00  0.0000E+00  0.0000E+00  0.0000E+00  0.0000E+00
      7.593  0.0000E+00  0.0000E+00  0.0000E+00  0.0000E+00  0.0000E+00  0.0000E+00  0.0000E+00  0.0000E+00  0.0000E+00  0.0000E+00  0.0000E+00  0.0000E+00  0.0000E+00  0.0000E+00  0.0000E+00  0.0000E+00  0.0000E+00  0.0000E+00
      7.603  0.0000E+00  0.0000E+00  0.0000E+00  0.0000E+00  0.0000E+00  0.0000E+00  0.0000E+00  0.0000E+00  0.0000E+00  0.0000E+00  0.0000E+00  0.0000E+00  0.0000E+00  0.0000E+00  0.0000E+00  0.0000E+00  0.0000E+00  0.0000E+00
      7.613  0.0000E+00  0.0000E+00  0.0000E+00  0.0000E+00  0.0000E+00  0.0000E+00  0.0000E+00  0.0000E+00  0.0000E+00  0.0000E+00  0.0000E+00  0.0000E+00  0.0000E+00  0.0000E+00  0.0000E+00  0.0000E+00  0.0000E+00  0.0000E+00
      7.623  0.0000E+00  0.0000E+00  0.0000E+00  0.0000E+00  0.0000E+00  0.0000E+00  0.0000E+00  0.0000E+00  0.0000E+00  0.0000E+00  0.0000E+00  0.0000E+00  0.0000E+00  0.0000E+00  0.0000E+00  0.0000E+00  0.0000E+00  0.0000E+00
      7.633  0.0000E+00  0.0000E+00  0.0000E+00  0.0000E+00  0.0000E+00  0.0000E+00  0.0000E+00  0.0000E+00  0.0000E+00  0.0000E+00  0.0000E+00  0.0000E+00  0.0000E+00  0.0000E+00  0.0000E+00  0.0000E+00  0.0000E+00  0.0000E+00
      7.643  0.0000E+00  0.0000E+00  0.0000E+00  0.0000E+00  0.0000E+00  0.0000E+00  0.0000E+00  0.0000E+00  0.0000E+00  0.0000E+00  0.0000E+00  0.0000E+00  0.0000E+00  0.0000E+00  0.0000E+00  0.0000E+00  0.0000E+00  0.0000E+00
      7.653  0.0000E+00  0.0000E+00  0.0000E+00  0.0000E+00  0.0000E+00  0.0000E+00  0.0000E+00  0.0000E+00  0.0000E+00  0.0000E+00  0.0000E+00  0.0000E+00  0.0000E+00  0.0000E+00  0.0000E+00  0.0000E+00  0.0000E+00  0.0000E+00
      7.663  0.0000E+00  0.0000E+00  0.0000E+00  0.0000E+00  0.0000E+00  0.0000E+00  0.0000E+00  0.0000E+00  0.0000E+00  0.0000E+00  0.0000E+00  0.0000E+00  0.0000E+00  0.0000E+00  0.0000E+00  0.0000E+00  0.0000E+00  0.0000E+00
      7.673  0.0000E+00  0.0000E+00  0.0000E+00  0.0000E+00  0.0000E+00  0.0000E+00  0.0000E+00  0.0000E+00  0.0000E+00  0.0000E+00  0.0000E+00  0.0000E+00  0.0000E+00  0.0000E+00  0.0000E+00  0.0000E+00  0.0000E+00  0.0000E+00
      7.683  0.0000E+00  0.0000E+00  0.0000E+00  0.0000E+00  0.0000E+00  0.0000E+00  0.0000E+00  0.0000E+00  0.0000E+00  0.0000E+00  0.0000E+00  0.0000E+00  0.0000E+00  0.0000E+00  0.0000E+00  0.0000E+00  0.0000E+00  0.0000E+00
      7.693  0.0000E+00  0.0000E+00  0.0000E+00  0.0000E+00  0.0000E+00  0.0000E+00  0.0000E+00  0.0000E+00  0.0000E+00  0.0000E+00  0.0000E+00  0.0000E+00  0.0000E+00  0.0000E+00  0.0000E+00  0.0000E+00  0.0000E+00  0.0000E+00
      7.703  0.0000E+00  0.0000E+00  0.0000E+00  0.0000E+00  0.0000E+00  0.0000E+00  0.0000E+00  0.0000E+00  0.0000E+00  0.0000E+00  0.0000E+00  0.0000E+00  0.0000E+00  0.0000E+00  0.0000E+00  0.0000E+00  0.0000E+00  0.0000E+00
      7.713  0.0000E+00  0.0000E+00  0.0000E+00  0.0000E+00  0.0000E+00  0.0000E+00  0.0000E+00  0.0000E+00  0.0000E+00  0.0000E+00  0.0000E+00  0.0000E+00  0.0000E+00  0.0000E+00  0.0000E+00  0.0000E+00  0.0000E+00  0.0000E+00
      7.723  0.0000E+00  0.0000E+00  0.0000E+00  0.0000E+00  0.0000E+00  0.0000E+00  0.0000E+00  0.0000E+00  0.0000E+00  0.0000E+00  0.0000E+00  0.0000E+00  0.0000E+00  0.0000E+00  0.0000E+00  0.0000E+00  0.0000E+00  0.0000E+00
      7.733  0.0000E+00  0.0000E+00  0.0000E+00  0.0000E+00  0.0000E+00  0.0000E+00  0.0000E+00  0.0000E+00  0.0000E+00  0.0000E+00  0.0000E+00  0.0000E+00  0.0000E+00  0.0000E+00  0.0000E+00  0.0000E+00  0.0000E+00  0.0000E+00
      7.743  0.0000E+00  0.0000E+00  0.0000E+00  0.0000E+00  0.0000E+00  0.0000E+00  0.0000E+00  0.0000E+00  0.0000E+00  0.0000E+00  0.0000E+00  0.0000E+00  0.0000E+00  0.0000E+00  0.0000E+00  0.0000E+00  0.0000E+00  0.0000E+00
      7.753  0.0000E+00  0.0000E+00  0.0000E+00  0.0000E+00  0.0000E+00  0.0000E+00  0.0000E+00  0.0000E+00  0.0000E+00  0.0000E+00  0.0000E+00  0.0000E+00  0.0000E+00  0.0000E+00  0.0000E+00  0.0000E+00  0.0000E+00  0.0000E+00
      7.763  0.0000E+00  0.0000E+00  0.0000E+00  0.0000E+00  0.0000E+00  0.0000E+00  0.0000E+00  0.0000E+00  0.0000E+00  0.0000E+00  0.0000E+00  0.0000E+00  0.0000E+00  0.0000E+00  0.0000E+00  0.0000E+00  0.0000E+00  0.0000E+00
      7.773  0.0000E+00  0.0000E+00  0.0000E+00  0.0000E+00  0.0000E+00  0.0000E+00  0.0000E+00  0.0000E+00  0.0000E+00  0.0000E+00  0.0000E+00  0.0000E+00  0.0000E+00  0.0000E+00  0.0000E+00  0.0000E+00  0.0000E+00  0.0000E+00
      7.783  0.0000E+00  0.0000E+00  0.0000E+00  0.0000E+00  0.0000E+00  0.0000E+00  0.0000E+00  0.0000E+00  0.0000E+00  0.0000E+00  0.0000E+00  0.0000E+00  0.0000E+00  0.0000E+00  0.0000E+00  0.0000E+00  0.0000E+00  0.0000E+00
      7.793  0.0000E+00  0.0000E+00  0.0000E+00  0.0000E+00  0.0000E+00  0.0000E+00  0.0000E+00  0.0000E+00  0.0000E+00  0.0000E+00  0.0000E+00  0.0000E+00  0.0000E+00  0.0000E+00  0.0000E+00  0.0000E+00  0.0000E+00  0.0000E+00
      7.803  0.0000E+00  0.0000E+00  0.0000E+00  0.0000E+00  0.0000E+00  0.0000E+00  0.0000E+00  0.0000E+00  0.0000E+00  0.0000E+00  0.0000E+00  0.0000E+00  0.0000E+00  0.0000E+00  0.0000E+00  0.0000E+00  0.0000E+00  0.0000E+00
      7.813  0.0000E+00  0.0000E+00  0.0000E+00  0.0000E+00  0.0000E+00  0.0000E+00  0.0000E+00  0.0000E+00  0.0000E+00  0.0000E+00  0.0000E+00  0.0000E+00  0.0000E+00  0.0000E+00  0.0000E+00  0.0000E+00  0.0000E+00  0.0000E+00
      7.823  0.0000E+00  0.0000E+00  0.0000E+00  0.0000E+00  0.0000E+00  0.0000E+00  0.0000E+00  0.0000E+00  0.0000E+00  0.0000E+00  0.0000E+00  0.0000E+00  0.0000E+00  0.0000E+00  0.0000E+00  0.0000E+00  0.0000E+00  0.0000E+00
      7.833  0.0000E+00  0.0000E+00  0.0000E+00  0.0000E+00  0.0000E+00  0.0000E+00  0.0000E+00  0.0000E+00  0.0000E+00  0.0000E+00  0.0000E+00  0.0000E+00  0.0000E+00  0.0000E+00  0.0000E+00  0.0000E+00  0.0000E+00  0.0000E+00
      7.843  0.0000E+00  0.0000E+00  0.0000E+00  0.0000E+00  0.0000E+00  0.0000E+00  0.0000E+00  0.0000E+00  0.0000E+00  0.0000E+00  0.0000E+00  0.0000E+00  0.0000E+00  0.0000E+00  0.0000E+00  0.0000E+00  0.0000E+00  0.0000E+00
      7.853  0.0000E+00  0.0000E+00  0.0000E+00  0.0000E+00  0.0000E+00  0.0000E+00  0.0000E+00  0.0000E+00  0.0000E+00  0.0000E+00  0.0000E+00  0.0000E+00  0.0000E+00  0.0000E+00  0.0000E+00  0.0000E+00  0.0000E+00  0.0000E+00
      7.863  0.0000E+00  0.0000E+00  0.0000E+00  0.0000E+00  0.0000E+00  0.0000E+00  0.0000E+00  0.0000E+00  0.0000E+00  0.0000E+00  0.0000E+00  0.0000E+00  0.0000E+00  0.0000E+00  0.0000E+00  0.0000E+00  0.0000E+00  0.0000E+00
      7.873  0.0000E+00  0.0000E+00  0.0000E+00  0.0000E+00  0.0000E+00  0.0000E+00  0.0000E+00  0.0000E+00  0.0000E+00  0.0000E+00  0.0000E+00  0.0000E+00  0.0000E+00  0.0000E+00  0.0000E+00  0.0000E+00  0.0000E+00  0.0000E+00
      7.883  0.0000E+00  0.0000E+00  0.0000E+00  0.0000E+00  0.0000E+00  0.0000E+00  0.0000E+00  0.0000E+00  0.0000E+00  0.0000E+00  0.0000E+00  0.0000E+00  0.0000E+00  0.0000E+00  0.0000E+00  0.0000E+00  0.0000E+00  0.0000E+00
      7.893  0.0000E+00  0.0000E+00  0.0000E+00  0.0000E+00  0.0000E+00  0.0000E+00  0.0000E+00  0.0000E+00  0.0000E+00  0.0000E+00  0.0000E+00  0.0000E+00  0.0000E+00  0.0000E+00  0.0000E+00  0.0000E+00  0.0000E+00  0.0000E+00
      7.903  0.0000E+00  0.0000E+00  0.0000E+00  0.0000E+00  0.0000E+00  0.0000E+00  0.0000E+00  0.0000E+00  0.0000E+00  0.0000E+00  0.0000E+00  0.0000E+00  0.0000E+00  0.0000E+00  0.0000E+00  0.0000E+00  0.0000E+00  0.0000E+00
      7.913  0.0000E+00  0.0000E+00  0.0000E+00  0.0000E+00  0.0000E+00  0.0000E+00  0.0000E+00  0.0000E+00  0.0000E+00  0.0000E+00  0.0000E+00  0.0000E+00  0.0000E+00  0.0000E+00  0.0000E+00  0.0000E+00  0.0000E+00  0.0000E+00
      7.923  0.0000E+00  0.0000E+00  0.0000E+00  0.0000E+00  0.0000E+00  0.0000E+00  0.0000E+00  0.0000E+00  0.0000E+00  0.0000E+00  0.0000E+00  0.0000E+00  0.0000E+00  0.0000E+00  0.0000E+00  0.0000E+00  0.0000E+00  0.0000E+00
      7.933  0.0000E+00  0.0000E+00  0.0000E+00  0.0000E+00  0.0000E+00  0.0000E+00  0.0000E+00  0.0000E+00  0.0000E+00  0.0000E+00  0.0000E+00  0.0000E+00  0.0000E+00  0.0000E+00  0.0000E+00  0.0000E+00  0.0000E+00  0.0000E+00
      7.943  0.0000E+00  0.0000E+00  0.0000E+00  0.0000E+00  0.0000E+00  0.0000E+00  0.0000E+00  0.0000E+00  0.0000E+00  0.0000E+00  0.0000E+00  0.0000E+00  0.0000E+00  0.0000E+00  0.0000E+00  0.0000E+00  0.0000E+00  0.0000E+00
      7.953  0.0000E+00  0.0000E+00  0.0000E+00  0.0000E+00  0.0000E+00  0.0000E+00  0.0000E+00  0.0000E+00  0.0000E+00  0.0000E+00  0.0000E+00  0.0000E+00  0.0000E+00  0.0000E+00  0.0000E+00  0.0000E+00  0.0000E+00  0.0000E+00
      7.963  0.0000E+00  0.0000E+00  0.0000E+00  0.0000E+00  0.0000E+00  0.0000E+00  0.0000E+00  0.0000E+00  0.0000E+00  0.0000E+00  0.0000E+00  0.0000E+00  0.0000E+00  0.0000E+00  0.0000E+00  0.0000E+00  0.0000E+00  0.0000E+00
      7.973  0.0000E+00  0.0000E+00  0.0000E+00  0.0000E+00  0.0000E+00  0.0000E+00  0.0000E+00  0.0000E+00  0.0000E+00  0.0000E+00  0.0000E+00  0.0000E+00  0.0000E+00  0.0000E+00  0.0000E+00  0.0000E+00  0.0000E+00  0.0000E+00
      7.983  0.0000E+00  0.0000E+00  0.0000E+00  0.0000E+00  0.0000E+00  0.0000E+00  0.0000E+00  0.0000E+00  0.0000E+00  0.0000E+00  0.0000E+00  0.0000E+00  0.0000E+00  0.0000E+00  0.0000E+00  0.0000E+00  0.0000E+00  0.0000E+00
      7.993  0.0000E+00  0.0000E+00  0.0000E+00  0.0000E+00  0.0000E+00  0.0000E+00  0.0000E+00  0.0000E+00  0.0000E+00  0.0000E+00  0.0000E+00  0.0000E+00  0.0000E+00  0.0000E+00  0.0000E+00  0.0000E+00  0.0000E+00  0.0000E+00
      8.003  0.0000E+00  0.0000E+00  0.0000E+00  0.0000E+00  0.0000E+00  0.0000E+00  0.0000E+00  0.0000E+00  0.0000E+00  0.0000E+00  0.0000E+00  0.0000E+00  0.0000E+00  0.0000E+00  0.0000E+00  0.0000E+00  0.0000E+00  0.0000E+00
      8.013  0.0000E+00  0.0000E+00  0.0000E+00  0.0000E+00  0.0000E+00  0.0000E+00  0.0000E+00  0.0000E+00  0.0000E+00  0.0000E+00  0.0000E+00  0.0000E+00  0.0000E+00  0.0000E+00  0.0000E+00  0.0000E+00  0.0000E+00  0.0000E+00
      8.023  0.0000E+00  0.0000E+00  0.0000E+00  0.0000E+00  0.0000E+00  0.0000E+00  0.0000E+00  0.0000E+00  0.0000E+00  0.0000E+00  0.0000E+00  0.0000E+00  0.0000E+00  0.0000E+00  0.0000E+00  0.0000E+00  0.0000E+00  0.0000E+00
      8.033  0.0000E+00  0.0000E+00  0.0000E+00  0.0000E+00  0.0000E+00  0.0000E+00  0.0000E+00  0.0000E+00  0.0000E+00  0.0000E+00  0.0000E+00  0.0000E+00  0.0000E+00  0.0000E+00  0.0000E+00  0.0000E+00  0.0000E+00  0.0000E+00
      8.043  0.0000E+00  0.0000E+00  0.0000E+00  0.0000E+00  0.0000E+00  0.0000E+00  0.0000E+00  0.0000E+00  0.0000E+00  0.0000E+00  0.0000E+00  0.0000E+00  0.0000E+00  0.0000E+00  0.0000E+00  0.0000E+00  0.0000E+00  0.0000E+00
      8.053  0.0000E+00  0.0000E+00  0.0000E+00  0.0000E+00  0.0000E+00  0.0000E+00  0.0000E+00  0.0000E+00  0.0000E+00  0.0000E+00  0.0000E+00  0.0000E+00  0.0000E+00  0.0000E+00  0.0000E+00  0.0000E+00  0.0000E+00  0.0000E+00
      8.063  0.0000E+00  0.0000E+00  0.0000E+00  0.0000E+00  0.0000E+00  0.0000E+00  0.0000E+00  0.0000E+00  0.0000E+00  0.0000E+00  0.0000E+00  0.0000E+00  0.0000E+00  0.0000E+00  0.0000E+00  0.0000E+00  0.0000E+00  0.0000E+00
      8.074  0.0000E+00  0.0000E+00  0.0000E+00  0.0000E+00  0.0000E+00  0.0000E+00  0.0000E+00  0.0000E+00  0.0000E+00  0.0000E+00  0.0000E+00  0.0000E+00  0.0000E+00  0.0000E+00  0.0000E+00  0.0000E+00  0.0000E+00  0.0000E+00
      8.084  0.0000E+00  0.0000E+00  0.0000E+00  0.0000E+00  0.0000E+00  0.0000E+00  0.0000E+00  0.0000E+00  0.0000E+00  0.0000E+00  0.0000E+00  0.0000E+00  0.0000E+00  0.0000E+00  0.0000E+00  0.0000E+00  0.0000E+00  0.0000E+00
      8.094  0.0000E+00  0.0000E+00  0.0000E+00  0.0000E+00  0.0000E+00  0.0000E+00  0.0000E+00  0.0000E+00  0.0000E+00  0.0000E+00  0.0000E+00  0.0000E+00  0.0000E+00  0.0000E+00  0.0000E+00  0.0000E+00  0.0000E+00  0.0000E+00
      8.104  0.0000E+00  0.0000E+00  0.0000E+00  0.0000E+00  0.0000E+00  0.0000E+00  0.0000E+00  0.0000E+00  0.0000E+00  0.0000E+00  0.0000E+00  0.0000E+00  0.0000E+00  0.0000E+00  0.0000E+00  0.0000E+00  0.0000E+00  0.0000E+00
      8.114  0.0000E+00  0.0000E+00  0.0000E+00  0.0000E+00  0.0000E+00  0.0000E+00  0.0000E+00  0.0000E+00  0.0000E+00  0.0000E+00  0.0000E+00  0.0000E+00  0.0000E+00  0.0000E+00  0.0000E+00  0.0000E+00  0.0000E+00  0.0000E+00
      8.124  0.0000E+00  0.0000E+00  0.0000E+00  0.0000E+00  0.0000E+00  0.0000E+00  0.0000E+00  0.0000E+00  0.0000E+00  0.0000E+00  0.0000E+00  0.0000E+00  0.0000E+00  0.0000E+00  0.0000E+00  0.0000E+00  0.0000E+00  0.0000E+00
      8.134  0.0000E+00  0.0000E+00  0.0000E+00  0.0000E+00  0.0000E+00  0.0000E+00  0.0000E+00  0.0000E+00  0.0000E+00  0.0000E+00  0.0000E+00  0.0000E+00  0.0000E+00  0.0000E+00  0.0000E+00  0.0000E+00  0.0000E+00  0.0000E+00
      8.144  0.0000E+00  0.0000E+00  0.0000E+00  0.0000E+00  0.0000E+00  0.0000E+00  0.0000E+00  0.0000E+00  0.0000E+00  0.0000E+00  0.0000E+00  0.0000E+00  0.0000E+00  0.0000E+00  0.0000E+00  0.0000E+00  0.0000E+00  0.0000E+00
      8.154  0.0000E+00  0.0000E+00  0.0000E+00  0.0000E+00  0.0000E+00  0.0000E+00  0.0000E+00  0.0000E+00  0.0000E+00  0.0000E+00  0.0000E+00  0.0000E+00  0.0000E+00  0.0000E+00  0.0000E+00  0.0000E+00  0.0000E+00  0.0000E+00
      8.164  0.0000E+00  0.0000E+00  0.0000E+00  0.0000E+00  0.0000E+00  0.0000E+00  0.0000E+00  0.0000E+00  0.0000E+00  0.0000E+00  0.0000E+00  0.0000E+00  0.0000E+00  0.0000E+00  0.0000E+00  0.0000E+00  0.0000E+00  0.0000E+00
      8.174  0.0000E+00  0.0000E+00  0.0000E+00  0.0000E+00  0.0000E+00  0.0000E+00  0.0000E+00  0.0000E+00  0.0000E+00  0.0000E+00  0.0000E+00  0.0000E+00  0.0000E+00  0.0000E+00  0.0000E+00  0.0000E+00  0.0000E+00  0.0000E+00
      8.184  0.0000E+00  0.0000E+00  0.0000E+00  0.0000E+00  0.0000E+00  0.0000E+00  0.0000E+00  0.0000E+00  0.0000E+00  0.0000E+00  0.0000E+00  0.0000E+00  0.0000E+00  0.0000E+00  0.0000E+00  0.0000E+00  0.0000E+00  0.0000E+00
      8.194  0.0000E+00  0.0000E+00  0.0000E+00  0.0000E+00  0.0000E+00  0.0000E+00  0.0000E+00  0.0000E+00  0.0000E+00  0.0000E+00  0.0000E+00  0.0000E+00  0.0000E+00  0.0000E+00  0.0000E+00  0.0000E+00  0.0000E+00  0.0000E+00
      8.204  0.0000E+00  0.0000E+00  0.0000E+00  0.0000E+00  0.0000E+00  0.0000E+00  0.0000E+00  0.0000E+00  0.0000E+00  0.0000E+00  0.0000E+00  0.0000E+00  0.0000E+00  0.0000E+00  0.0000E+00  0.0000E+00  0.0000E+00  0.0000E+00
      8.214  0.0000E+00  0.0000E+00  0.0000E+00  0.0000E+00  0.0000E+00  0.0000E+00  0.0000E+00  0.0000E+00  0.0000E+00  0.0000E+00  0.0000E+00  0.0000E+00  0.0000E+00  0.0000E+00  0.0000E+00  0.0000E+00  0.0000E+00  0.0000E+00
      8.224  0.0000E+00  0.0000E+00  0.0000E+00  0.0000E+00  0.0000E+00  0.0000E+00  0.0000E+00  0.0000E+00  0.0000E+00  0.0000E+00  0.0000E+00  0.0000E+00  0.0000E+00  0.0000E+00  0.0000E+00  0.0000E+00  0.0000E+00  0.0000E+00
      8.234  0.0000E+00  0.0000E+00  0.0000E+00  0.0000E+00  0.0000E+00  0.0000E+00  0.0000E+00  0.0000E+00  0.0000E+00  0.0000E+00  0.0000E+00  0.0000E+00  0.0000E+00  0.0000E+00  0.0000E+00  0.0000E+00  0.0000E+00  0.0000E+00
      8.244  0.0000E+00  0.0000E+00  0.0000E+00  0.0000E+00  0.0000E+00  0.0000E+00  0.0000E+00  0.0000E+00  0.0000E+00  0.0000E+00  0.0000E+00  0.0000E+00  0.0000E+00  0.0000E+00  0.0000E+00  0.0000E+00  0.0000E+00  0.0000E+00
      8.254  0.0000E+00  0.0000E+00  0.0000E+00  0.0000E+00  0.0000E+00  0.0000E+00  0.0000E+00  0.0000E+00  0.0000E+00  0.0000E+00  0.0000E+00  0.0000E+00  0.0000E+00  0.0000E+00  0.0000E+00  0.0000E+00  0.0000E+00  0.0000E+00
      8.264  0.0000E+00  0.0000E+00  0.0000E+00  0.0000E+00  0.0000E+00  0.0000E+00  0.0000E+00  0.0000E+00  0.0000E+00  0.0000E+00  0.0000E+00  0.0000E+00  0.0000E+00  0.0000E+00  0.0000E+00  0.0000E+00  0.0000E+00  0.0000E+00
      8.274  0.0000E+00  0.0000E+00  0.0000E+00  0.0000E+00  0.0000E+00  0.0000E+00  0.0000E+00  0.0000E+00  0.0000E+00  0.0000E+00  0.0000E+00  0.0000E+00  0.0000E+00  0.0000E+00  0.0000E+00  0.0000E+00  0.0000E+00  0.0000E+00
      8.284  0.0000E+00  0.0000E+00  0.0000E+00  0.0000E+00  0.0000E+00  0.0000E+00  0.0000E+00  0.0000E+00  0.0000E+00  0.0000E+00  0.0000E+00  0.0000E+00  0.0000E+00  0.0000E+00  0.0000E+00  0.0000E+00  0.0000E+00  0.0000E+00
      8.294  0.0000E+00  0.0000E+00  0.0000E+00  0.0000E+00  0.0000E+00  0.0000E+00  0.0000E+00  0.0000E+00  0.0000E+00  0.0000E+00  0.0000E+00  0.0000E+00  0.0000E+00  0.0000E+00  0.0000E+00  0.0000E+00  0.0000E+00  0.0000E+00
      8.304  0.0000E+00  0.0000E+00  0.0000E+00  0.0000E+00  0.0000E+00  0.0000E+00  0.0000E+00  0.0000E+00  0.0000E+00  0.0000E+00  0.0000E+00  0.0000E+00  0.0000E+00  0.0000E+00  0.0000E+00  0.0000E+00  0.0000E+00  0.0000E+00
      8.314  0.0000E+00  0.0000E+00  0.0000E+00  0.0000E+00  0.0000E+00  0.0000E+00  0.0000E+00  0.0000E+00  0.0000E+00  0.0000E+00  0.0000E+00  0.0000E+00  0.0000E+00  0.0000E+00  0.0000E+00  0.0000E+00  0.0000E+00  0.0000E+00
      8.324  0.0000E+00  0.0000E+00  0.0000E+00  0.0000E+00  0.0000E+00  0.0000E+00  0.0000E+00  0.0000E+00  0.0000E+00  0.0000E+00  0.0000E+00  0.0000E+00  0.0000E+00  0.0000E+00  0.0000E+00  0.0000E+00  0.0000E+00  0.0000E+00
      8.334  0.0000E+00  0.0000E+00  0.0000E+00  0.0000E+00  0.0000E+00  0.0000E+00  0.0000E+00  0.0000E+00  0.0000E+00  0.0000E+00  0.0000E+00  0.0000E+00  0.0000E+00  0.0000E+00  0.0000E+00  0.0000E+00  0.0000E+00  0.0000E+00
      8.344  0.0000E+00  0.0000E+00  0.0000E+00  0.0000E+00  0.0000E+00  0.0000E+00  0.0000E+00  0.0000E+00  0.0000E+00  0.0000E+00  0.0000E+00  0.0000E+00  0.0000E+00  0.0000E+00  0.0000E+00  0.0000E+00  0.0000E+00  0.0000E+00
      8.354  0.0000E+00  0.0000E+00  0.0000E+00  0.0000E+00  0.0000E+00  0.0000E+00  0.0000E+00  0.0000E+00  0.0000E+00  0.0000E+00  0.0000E+00  0.0000E+00  0.0000E+00  0.0000E+00  0.0000E+00  0.0000E+00  0.0000E+00  0.0000E+00
      8.364  0.0000E+00  0.0000E+00  0.0000E+00  0.0000E+00  0.0000E+00  0.0000E+00  0.0000E+00  0.0000E+00  0.0000E+00  0.0000E+00  0.0000E+00  0.0000E+00  0.0000E+00  0.0000E+00  0.0000E+00  0.0000E+00  0.0000E+00  0.0000E+00
      8.374  0.0000E+00  0.0000E+00  0.0000E+00  0.0000E+00  0.0000E+00  0.0000E+00  0.0000E+00  0.0000E+00  0.0000E+00  0.0000E+00  0.0000E+00  0.0000E+00  0.0000E+00  0.0000E+00  0.0000E+00  0.0000E+00  0.0000E+00  0.0000E+00
      8.384  0.0000E+00  0.0000E+00  0.0000E+00  0.0000E+00  0.0000E+00  0.0000E+00  0.0000E+00  0.0000E+00  0.0000E+00  0.0000E+00  0.0000E+00  0.0000E+00  0.0000E+00  0.0000E+00  0.0000E+00  0.0000E+00  0.0000E+00  0.0000E+00
      8.394  0.0000E+00  0.0000E+00  0.0000E+00  0.0000E+00  0.0000E+00  0.0000E+00  0.0000E+00  0.0000E+00  0.0000E+00  0.0000E+00  0.0000E+00  0.0000E+00  0.0000E+00  0.0000E+00  0.0000E+00  0.0000E+00  0.0000E+00  0.0000E+00
      8.404  0.0000E+00  0.0000E+00  0.0000E+00  0.0000E+00  0.0000E+00  0.0000E+00  0.0000E+00  0.0000E+00  0.0000E+00  0.0000E+00  0.0000E+00  0.0000E+00  0.0000E+00  0.0000E+00  0.0000E+00  0.0000E+00  0.0000E+00  0.0000E+00
      8.414  0.0000E+00  0.0000E+00  0.0000E+00  0.0000E+00  0.0000E+00  0.0000E+00  0.0000E+00  0.0000E+00  0.0000E+00  0.0000E+00  0.0000E+00  0.0000E+00  0.0000E+00  0.0000E+00  0.0000E+00  0.0000E+00  0.0000E+00  0.0000E+00
      8.424  0.0000E+00  0.0000E+00  0.0000E+00  0.0000E+00  0.0000E+00  0.0000E+00  0.0000E+00  0.0000E+00  0.0000E+00  0.0000E+00  0.0000E+00  0.0000E+00  0.0000E+00  0.0000E+00  0.0000E+00  0.0000E+00  0.0000E+00  0.0000E+00
      8.434  0.0000E+00  0.0000E+00  0.0000E+00  0.0000E+00  0.0000E+00  0.0000E+00  0.0000E+00  0.0000E+00  0.0000E+00  0.0000E+00  0.0000E+00  0.0000E+00  0.0000E+00  0.0000E+00  0.0000E+00  0.0000E+00  0.0000E+00  0.0000E+00
      8.444  0.0000E+00  0.0000E+00  0.0000E+00  0.0000E+00  0.0000E+00  0.0000E+00  0.0000E+00  0.0000E+00  0.0000E+00  0.0000E+00  0.0000E+00  0.0000E+00  0.0000E+00  0.0000E+00  0.0000E+00  0.0000E+00  0.0000E+00  0.0000E+00
      8.454  0.0000E+00  0.0000E+00  0.0000E+00  0.0000E+00  0.0000E+00  0.0000E+00  0.0000E+00  0.0000E+00  0.0000E+00  0.0000E+00  0.0000E+00  0.0000E+00  0.0000E+00  0.0000E+00  0.0000E+00  0.0000E+00  0.0000E+00  0.0000E+00
      8.464  0.0000E+00  0.0000E+00  0.0000E+00  0.0000E+00  0.0000E+00  0.0000E+00  0.0000E+00  0.0000E+00  0.0000E+00  0.0000E+00  0.0000E+00  0.0000E+00  0.0000E+00  0.0000E+00  0.0000E+00  0.0000E+00  0.0000E+00  0.0000E+00
      8.474  0.0000E+00  0.0000E+00  0.0000E+00  0.0000E+00  0.0000E+00  0.0000E+00  0.0000E+00  0.0000E+00  0.0000E+00  0.0000E+00  0.0000E+00  0.0000E+00  0.0000E+00  0.0000E+00  0.0000E+00  0.0000E+00  0.0000E+00  0.0000E+00
      8.484  0.0000E+00  0.0000E+00  0.0000E+00  0.0000E+00  0.0000E+00  0.0000E+00  0.0000E+00  0.0000E+00  0.0000E+00  0.0000E+00  0.0000E+00  0.0000E+00  0.0000E+00  0.0000E+00  0.0000E+00  0.0000E+00  0.0000E+00  0.0000E+00
      8.494  0.0000E+00  0.0000E+00  0.0000E+00  0.0000E+00  0.0000E+00  0.0000E+00  0.0000E+00  0.0000E+00  0.0000E+00  0.0000E+00  0.0000E+00  0.0000E+00  0.0000E+00  0.0000E+00  0.0000E+00  0.0000E+00  0.0000E+00  0.0000E+00
      8.504  0.0000E+00  0.0000E+00  0.0000E+00  0.0000E+00  0.0000E+00  0.0000E+00  0.0000E+00  0.0000E+00  0.0000E+00  0.0000E+00  0.0000E+00  0.0000E+00  0.0000E+00  0.0000E+00  0.0000E+00  0.0000E+00  0.0000E+00  0.0000E+00
      8.514  0.0000E+00  0.0000E+00  0.0000E+00  0.0000E+00  0.0000E+00  0.0000E+00  0.0000E+00  0.0000E+00  0.0000E+00  0.0000E+00  0.0000E+00  0.0000E+00  0.0000E+00  0.0000E+00  0.0000E+00  0.0000E+00  0.0000E+00  0.0000E+00
      8.524  0.0000E+00  0.0000E+00  0.0000E+00  0.0000E+00  0.0000E+00  0.0000E+00  0.0000E+00  0.0000E+00  0.0000E+00  0.0000E+00  0.0000E+00  0.0000E+00  0.0000E+00  0.0000E+00  0.0000E+00  0.0000E+00  0.0000E+00  0.0000E+00
      8.534  0.0000E+00  0.0000E+00  0.0000E+00  0.0000E+00  0.0000E+00  0.0000E+00  0.0000E+00  0.0000E+00  0.0000E+00  0.0000E+00  0.0000E+00  0.0000E+00  0.0000E+00  0.0000E+00  0.0000E+00  0.0000E+00  0.0000E+00  0.0000E+00
      8.544  0.0000E+00  0.0000E+00  0.0000E+00  0.0000E+00  0.0000E+00  0.0000E+00  0.0000E+00  0.0000E+00  0.0000E+00  0.0000E+00  0.0000E+00  0.0000E+00  0.0000E+00  0.0000E+00  0.0000E+00  0.0000E+00  0.0000E+00  0.0000E+00
      8.554  0.0000E+00  0.0000E+00  0.0000E+00  0.0000E+00  0.0000E+00  0.0000E+00  0.0000E+00  0.0000E+00  0.0000E+00  0.0000E+00  0.0000E+00  0.0000E+00  0.0000E+00  0.0000E+00  0.0000E+00  0.0000E+00  0.0000E+00  0.0000E+00
      8.564  0.0000E+00  0.0000E+00  0.0000E+00  0.0000E+00  0.0000E+00  0.0000E+00  0.0000E+00  0.0000E+00  0.0000E+00  0.0000E+00  0.0000E+00  0.0000E+00  0.0000E+00  0.0000E+00  0.0000E+00  0.0000E+00  0.0000E+00  0.0000E+00
      8.574  0.0000E+00  0.0000E+00  0.0000E+00  0.0000E+00  0.0000E+00  0.0000E+00  0.0000E+00  0.0000E+00  0.0000E+00  0.0000E+00  0.0000E+00  0.0000E+00  0.0000E+00  0.0000E+00  0.0000E+00  0.0000E+00  0.0000E+00  0.0000E+00
      8.584  0.0000E+00  0.0000E+00  0.0000E+00  0.0000E+00  0.0000E+00  0.0000E+00  0.0000E+00  0.0000E+00  0.0000E+00  0.0000E+00  0.0000E+00  0.0000E+00  0.0000E+00  0.0000E+00  0.0000E+00  0.0000E+00  0.0000E+00  0.0000E+00
      8.594  0.0000E+00  0.0000E+00  0.0000E+00  0.0000E+00  0.0000E+00  0.0000E+00  0.0000E+00  0.0000E+00  0.0000E+00  0.0000E+00  0.0000E+00  0.0000E+00  0.0000E+00  0.0000E+00  0.0000E+00  0.0000E+00  0.0000E+00  0.0000E+00
      8.604  0.0000E+00  0.0000E+00  0.0000E+00  0.0000E+00  0.0000E+00  0.0000E+00  0.0000E+00  0.0000E+00  0.0000E+00  0.0000E+00  0.0000E+00  0.0000E+00  0.0000E+00  0.0000E+00  0.0000E+00  0.0000E+00  0.0000E+00  0.0000E+00
      8.614  0.0000E+00  0.0000E+00  0.0000E+00  0.0000E+00  0.0000E+00  0.0000E+00  0.0000E+00  0.0000E+00  0.0000E+00  0.0000E+00  0.0000E+00  0.0000E+00  0.0000E+00  0.0000E+00  0.0000E+00  0.0000E+00  0.0000E+00  0.0000E+00
      8.624  0.0000E+00  0.0000E+00  0.0000E+00  0.0000E+00  0.0000E+00  0.0000E+00  0.0000E+00  0.0000E+00  0.0000E+00  0.0000E+00  0.0000E+00  0.0000E+00  0.0000E+00  0.0000E+00  0.0000E+00  0.0000E+00  0.0000E+00  0.0000E+00
      8.634  0.0000E+00  0.0000E+00  0.0000E+00  0.0000E+00  0.0000E+00  0.0000E+00  0.0000E+00  0.0000E+00  0.0000E+00  0.0000E+00  0.0000E+00  0.0000E+00  0.0000E+00  0.0000E+00  0.0000E+00  0.0000E+00  0.0000E+00  0.0000E+00
      8.644  0.0000E+00  0.0000E+00  0.0000E+00  0.0000E+00  0.0000E+00  0.0000E+00  0.0000E+00  0.0000E+00  0.0000E+00  0.0000E+00  0.0000E+00  0.0000E+00  0.0000E+00  0.0000E+00  0.0000E+00  0.0000E+00  0.0000E+00  0.0000E+00
      8.654  0.0000E+00  0.0000E+00  0.0000E+00  0.0000E+00  0.0000E+00  0.0000E+00  0.0000E+00  0.0000E+00  0.0000E+00  0.0000E+00  0.0000E+00  0.0000E+00  0.0000E+00  0.0000E+00  0.0000E+00  0.0000E+00  0.0000E+00  0.0000E+00
      8.664  0.0000E+00  0.0000E+00  0.0000E+00  0.0000E+00  0.0000E+00  0.0000E+00  0.0000E+00  0.0000E+00  0.0000E+00  0.0000E+00  0.0000E+00  0.0000E+00  0.0000E+00  0.0000E+00  0.0000E+00  0.0000E+00  0.0000E+00  0.0000E+00
      8.674  0.0000E+00  0.0000E+00  0.0000E+00  0.0000E+00  0.0000E+00  0.0000E+00  0.0000E+00  0.0000E+00  0.0000E+00  0.0000E+00  0.0000E+00  0.0000E+00  0.0000E+00  0.0000E+00  0.0000E+00  0.0000E+00  0.0000E+00  0.0000E+00
      8.684  0.0000E+00  0.0000E+00  0.0000E+00  0.0000E+00  0.0000E+00  0.0000E+00  0.0000E+00  0.0000E+00  0.0000E+00  0.0000E+00  0.0000E+00  0.0000E+00  0.0000E+00  0.0000E+00  0.0000E+00  0.0000E+00  0.0000E+00  0.0000E+00
      8.694  0.0000E+00  0.0000E+00  0.0000E+00  0.0000E+00  0.0000E+00  0.0000E+00  0.0000E+00  0.0000E+00  0.0000E+00  0.0000E+00  0.0000E+00  0.0000E+00  0.0000E+00  0.0000E+00  0.0000E+00  0.0000E+00  0.0000E+00  0.0000E+00
      8.704  0.0000E+00  0.0000E+00  0.0000E+00  0.0000E+00  0.0000E+00  0.0000E+00  0.0000E+00  0.0000E+00  0.0000E+00  0.0000E+00  0.0000E+00  0.0000E+00  0.0000E+00  0.0000E+00  0.0000E+00  0.0000E+00  0.0000E+00  0.0000E+00
      8.714  0.0000E+00  0.0000E+00  0.0000E+00  0.0000E+00  0.0000E+00  0.0000E+00  0.0000E+00  0.0000E+00  0.0000E+00  0.0000E+00  0.0000E+00  0.0000E+00  0.0000E+00  0.0000E+00  0.0000E+00  0.0000E+00  0.0000E+00  0.0000E+00
      8.724  0.0000E+00  0.0000E+00  0.0000E+00  0.0000E+00  0.0000E+00  0.0000E+00  0.0000E+00  0.0000E+00  0.0000E+00  0.0000E+00  0.0000E+00  0.0000E+00  0.0000E+00  0.0000E+00  0.0000E+00  0.0000E+00  0.0000E+00  0.0000E+00
      8.734  0.0000E+00  0.0000E+00  0.0000E+00  0.0000E+00  0.0000E+00  0.0000E+00  0.0000E+00  0.0000E+00  0.0000E+00  0.0000E+00  0.0000E+00  0.0000E+00  0.0000E+00  0.0000E+00  0.0000E+00  0.0000E+00  0.0000E+00  0.0000E+00
      8.744  0.0000E+00  0.0000E+00  0.0000E+00  0.0000E+00  0.0000E+00  0.0000E+00  0.0000E+00  0.0000E+00  0.0000E+00  0.0000E+00  0.0000E+00  0.0000E+00  0.0000E+00  0.0000E+00  0.0000E+00  0.0000E+00  0.0000E+00  0.0000E+00
      8.754  0.0000E+00  0.0000E+00  0.0000E+00  0.0000E+00  0.0000E+00  0.0000E+00  0.0000E+00  0.0000E+00  0.0000E+00  0.0000E+00  0.0000E+00  0.0000E+00  0.0000E+00  0.0000E+00  0.0000E+00  0.0000E+00  0.0000E+00  0.0000E+00
      8.764  0.0000E+00  0.0000E+00  0.0000E+00  0.0000E+00  0.0000E+00  0.0000E+00  0.0000E+00  0.0000E+00  0.0000E+00  0.0000E+00  0.0000E+00  0.0000E+00  0.0000E+00  0.0000E+00  0.0000E+00  0.0000E+00  0.0000E+00  0.0000E+00
      8.774  0.0000E+00  0.0000E+00  0.0000E+00  0.0000E+00  0.0000E+00  0.0000E+00  0.0000E+00  0.0000E+00  0.0000E+00  0.0000E+00  0.0000E+00  0.0000E+00  0.0000E+00  0.0000E+00  0.0000E+00  0.0000E+00  0.0000E+00  0.0000E+00
      8.784  0.0000E+00  0.0000E+00  0.0000E+00  0.0000E+00  0.0000E+00  0.0000E+00  0.0000E+00  0.0000E+00  0.0000E+00  0.0000E+00  0.0000E+00  0.0000E+00  0.0000E+00  0.0000E+00  0.0000E+00  0.0000E+00  0.0000E+00  0.0000E+00
      8.794  0.0000E+00  0.0000E+00  0.0000E+00  0.0000E+00  0.0000E+00  0.0000E+00  0.0000E+00  0.0000E+00  0.0000E+00  0.0000E+00  0.0000E+00  0.0000E+00  0.0000E+00  0.0000E+00  0.0000E+00  0.0000E+00  0.0000E+00  0.0000E+00
      8.804  0.0000E+00  0.0000E+00  0.0000E+00  0.0000E+00  0.0000E+00  0.0000E+00  0.0000E+00  0.0000E+00  0.0000E+00  0.0000E+00  0.0000E+00  0.0000E+00  0.0000E+00  0.0000E+00  0.0000E+00  0.0000E+00  0.0000E+00  0.0000E+00
      8.814  0.0000E+00  0.0000E+00  0.0000E+00  0.0000E+00  0.0000E+00  0.0000E+00  0.0000E+00  0.0000E+00  0.0000E+00  0.0000E+00  0.0000E+00  0.0000E+00  0.0000E+00  0.0000E+00  0.0000E+00  0.0000E+00  0.0000E+00  0.0000E+00
      8.824  0.0000E+00  0.0000E+00  0.0000E+00  0.0000E+00  0.0000E+00  0.0000E+00  0.0000E+00  0.0000E+00  0.0000E+00  0.0000E+00  0.0000E+00  0.0000E+00  0.0000E+00  0.0000E+00  0.0000E+00  0.0000E+00  0.0000E+00  0.0000E+00
      8.834  0.0000E+00  0.0000E+00  0.0000E+00  0.0000E+00  0.0000E+00  0.0000E+00  0.0000E+00  0.0000E+00  0.0000E+00  0.0000E+00  0.0000E+00  0.0000E+00  0.0000E+00  0.0000E+00  0.0000E+00  0.0000E+00  0.0000E+00  0.0000E+00
      8.844  0.0000E+00  0.0000E+00  0.0000E+00  0.0000E+00  0.0000E+00  0.0000E+00  0.0000E+00  0.0000E+00  0.0000E+00  0.0000E+00  0.0000E+00  0.0000E+00  0.0000E+00  0.0000E+00  0.0000E+00  0.0000E+00  0.0000E+00  0.0000E+00
      8.854  0.0000E+00  0.0000E+00  0.0000E+00  0.0000E+00  0.0000E+00  0.0000E+00  0.0000E+00  0.0000E+00  0.0000E+00  0.0000E+00  0.0000E+00  0.0000E+00  0.0000E+00  0.0000E+00  0.0000E+00  0.0000E+00  0.0000E+00  0.0000E+00
      8.864  0.0000E+00  0.0000E+00  0.0000E+00  0.0000E+00  0.0000E+00  0.0000E+00  0.0000E+00  0.0000E+00  0.0000E+00  0.0000E+00  0.0000E+00  0.0000E+00  0.0000E+00  0.0000E+00  0.0000E+00  0.0000E+00  0.0000E+00  0.0000E+00
      8.874  0.0000E+00  0.0000E+00  0.0000E+00  0.0000E+00  0.0000E+00  0.0000E+00  0.0000E+00  0.0000E+00  0.0000E+00  0.0000E+00  0.0000E+00  0.0000E+00  0.0000E+00  0.0000E+00  0.0000E+00  0.0000E+00  0.0000E+00  0.0000E+00
      8.884  0.0000E+00  0.0000E+00  0.0000E+00  0.0000E+00  0.0000E+00  0.0000E+00  0.0000E+00  0.0000E+00  0.0000E+00  0.0000E+00  0.0000E+00  0.0000E+00  0.0000E+00  0.0000E+00  0.0000E+00  0.0000E+00  0.0000E+00  0.0000E+00
      8.894  0.0000E+00  0.0000E+00  0.0000E+00  0.0000E+00  0.0000E+00  0.0000E+00  0.0000E+00  0.0000E+00  0.0000E+00  0.0000E+00  0.0000E+00  0.0000E+00  0.0000E+00  0.0000E+00  0.0000E+00  0.0000E+00  0.0000E+00  0.0000E+00
      8.904  0.0000E+00  0.0000E+00  0.0000E+00  0.0000E+00  0.0000E+00  0.0000E+00  0.0000E+00  0.0000E+00  0.0000E+00  0.0000E+00  0.0000E+00  0.0000E+00  0.0000E+00  0.0000E+00  0.0000E+00  0.0000E+00  0.0000E+00  0.0000E+00
      8.914  0.0000E+00  0.0000E+00  0.0000E+00  0.0000E+00  0.0000E+00  0.0000E+00  0.0000E+00  0.0000E+00  0.0000E+00  0.0000E+00  0.0000E+00  0.0000E+00  0.0000E+00  0.0000E+00  0.0000E+00  0.0000E+00  0.0000E+00  0.0000E+00
      8.924  0.0000E+00  0.0000E+00  0.0000E+00  0.0000E+00  0.0000E+00  0.0000E+00  0.0000E+00  0.0000E+00  0.0000E+00  0.0000E+00  0.0000E+00  0.0000E+00  0.0000E+00  0.0000E+00  0.0000E+00  0.0000E+00  0.0000E+00  0.0000E+00
      8.934  0.0000E+00  0.0000E+00  0.0000E+00  0.0000E+00  0.0000E+00  0.0000E+00  0.0000E+00  0.0000E+00  0.0000E+00  0.0000E+00  0.0000E+00  0.0000E+00  0.0000E+00  0.0000E+00  0.0000E+00  0.0000E+00  0.0000E+00  0.0000E+00
      8.944  0.0000E+00  0.0000E+00  0.0000E+00  0.0000E+00  0.0000E+00  0.0000E+00  0.0000E+00  0.0000E+00  0.0000E+00  0.0000E+00  0.0000E+00  0.0000E+00  0.0000E+00  0.0000E+00  0.0000E+00  0.0000E+00  0.0000E+00  0.0000E+00
      8.954  0.0000E+00  0.0000E+00  0.0000E+00  0.0000E+00  0.0000E+00  0.0000E+00  0.0000E+00  0.0000E+00  0.0000E+00  0.0000E+00  0.0000E+00  0.0000E+00  0.0000E+00  0.0000E+00  0.0000E+00  0.0000E+00  0.0000E+00  0.0000E+00
      8.964  0.0000E+00  0.0000E+00  0.0000E+00  0.0000E+00  0.0000E+00  0.0000E+00  0.0000E+00  0.0000E+00  0.0000E+00  0.0000E+00  0.0000E+00  0.0000E+00  0.0000E+00  0.0000E+00  0.0000E+00  0.0000E+00  0.0000E+00  0.0000E+00
      8.974  0.0000E+00  0.0000E+00  0.0000E+00  0.0000E+00  0.0000E+00  0.0000E+00  0.0000E+00  0.0000E+00  0.0000E+00  0.0000E+00  0.0000E+00  0.0000E+00  0.0000E+00  0.0000E+00  0.0000E+00  0.0000E+00  0.0000E+00  0.0000E+00
      8.984  0.0000E+00  0.0000E+00  0.0000E+00  0.0000E+00  0.0000E+00  0.0000E+00  0.0000E+00  0.0000E+00  0.0000E+00  0.0000E+00  0.0000E+00  0.0000E+00  0.0000E+00  0.0000E+00  0.0000E+00  0.0000E+00  0.0000E+00  0.0000E+00
      8.994  0.0000E+00  0.0000E+00  0.0000E+00  0.0000E+00  0.0000E+00  0.0000E+00  0.0000E+00  0.0000E+00  0.0000E+00  0.0000E+00  0.0000E+00  0.0000E+00  0.0000E+00  0.0000E+00  0.0000E+00  0.0000E+00  0.0000E+00  0.0000E+00
      9.004  0.0000E+00  0.0000E+00  0.0000E+00  0.0000E+00  0.0000E+00  0.0000E+00  0.0000E+00  0.0000E+00  0.0000E+00  0.0000E+00  0.0000E+00  0.0000E+00  0.0000E+00  0.0000E+00  0.0000E+00  0.0000E+00  0.0000E+00  0.0000E+00
      9.014  0.0000E+00  0.0000E+00  0.0000E+00  0.0000E+00  0.0000E+00  0.0000E+00  0.0000E+00  0.0000E+00  0.0000E+00  0.0000E+00  0.0000E+00  0.0000E+00  0.0000E+00  0.0000E+00  0.0000E+00  0.0000E+00  0.0000E+00  0.0000E+00
      9.024  0.0000E+00  0.0000E+00  0.0000E+00  0.0000E+00  0.0000E+00  0.0000E+00  0.0000E+00  0.0000E+00  0.0000E+00  0.0000E+00  0.0000E+00  0.0000E+00  0.0000E+00  0.0000E+00  0.0000E+00  0.0000E+00  0.0000E+00  0.0000E+00
      9.034  0.0000E+00  0.0000E+00  0.0000E+00  0.0000E+00  0.0000E+00  0.0000E+00  0.0000E+00  0.0000E+00  0.0000E+00  0.0000E+00  0.0000E+00  0.0000E+00  0.0000E+00  0.0000E+00  0.0000E+00  0.0000E+00  0.0000E+00  0.0000E+00
      9.044  0.0000E+00  0.0000E+00  0.0000E+00  0.0000E+00  0.0000E+00  0.0000E+00  0.0000E+00  0.0000E+00  0.0000E+00  0.0000E+00  0.0000E+00  0.0000E+00  0.0000E+00  0.0000E+00  0.0000E+00  0.0000E+00  0.0000E+00  0.0000E+00
      9.054  0.0000E+00  0.0000E+00  0.0000E+00  0.0000E+00  0.0000E+00  0.0000E+00  0.0000E+00  0.0000E+00  0.0000E+00  0.0000E+00  0.0000E+00  0.0000E+00  0.0000E+00  0.0000E+00  0.0000E+00  0.0000E+00  0.0000E+00  0.0000E+00
      9.064  0.0000E+00  0.0000E+00  0.0000E+00  0.0000E+00  0.0000E+00  0.0000E+00  0.0000E+00  0.0000E+00  0.0000E+00  0.0000E+00  0.0000E+00  0.0000E+00  0.0000E+00  0.0000E+00  0.0000E+00  0.0000E+00  0.0000E+00  0.0000E+00
      9.074  0.0000E+00  0.0000E+00  0.0000E+00  0.0000E+00  0.0000E+00  0.0000E+00  0.0000E+00  0.0000E+00  0.0000E+00  0.0000E+00  0.0000E+00  0.0000E+00  0.0000E+00  0.0000E+00  0.0000E+00  0.0000E+00  0.0000E+00  0.0000E+00
      9.084  0.0000E+00  0.0000E+00  0.0000E+00  0.0000E+00  0.0000E+00  0.0000E+00  0.0000E+00  0.0000E+00  0.0000E+00  0.0000E+00  0.0000E+00  0.0000E+00  0.0000E+00  0.0000E+00  0.0000E+00  0.0000E+00  0.0000E+00  0.0000E+00
      9.094  0.0000E+00  0.0000E+00  0.0000E+00  0.0000E+00  0.0000E+00  0.0000E+00  0.0000E+00  0.0000E+00  0.0000E+00  0.0000E+00  0.0000E+00  0.0000E+00  0.0000E+00  0.0000E+00  0.0000E+00  0.0000E+00  0.0000E+00  0.0000E+00
      9.104  0.0000E+00  0.0000E+00  0.0000E+00  0.0000E+00  0.0000E+00  0.0000E+00  0.0000E+00  0.0000E+00  0.0000E+00  0.0000E+00  0.0000E+00  0.0000E+00  0.0000E+00  0.0000E+00  0.0000E+00  0.0000E+00  0.0000E+00  0.0000E+00
      9.114  0.0000E+00  0.0000E+00  0.0000E+00  0.0000E+00  0.0000E+00  0.0000E+00  0.0000E+00  0.0000E+00  0.0000E+00  0.0000E+00  0.0000E+00  0.0000E+00  0.0000E+00  0.0000E+00  0.0000E+00  0.0000E+00  0.0000E+00  0.0000E+00
      9.124  0.0000E+00  0.0000E+00  0.0000E+00  0.0000E+00  0.0000E+00  0.0000E+00  0.0000E+00  0.0000E+00  0.0000E+00  0.0000E+00  0.0000E+00  0.0000E+00  0.0000E+00  0.0000E+00  0.0000E+00  0.0000E+00  0.0000E+00  0.0000E+00
      9.134  0.0000E+00  0.0000E+00  0.0000E+00  0.0000E+00  0.0000E+00  0.0000E+00  0.0000E+00  0.0000E+00  0.0000E+00  0.0000E+00  0.0000E+00  0.0000E+00  0.0000E+00  0.0000E+00  0.0000E+00  0.0000E+00  0.0000E+00  0.0000E+00
      9.144  0.0000E+00  0.0000E+00  0.0000E+00  0.0000E+00  0.0000E+00  0.0000E+00  0.0000E+00  0.0000E+00  0.0000E+00  0.0000E+00  0.0000E+00  0.0000E+00  0.0000E+00  0.0000E+00  0.0000E+00  0.0000E+00  0.0000E+00  0.0000E+00
      9.154  0.0000E+00  0.0000E+00  0.0000E+00  0.0000E+00  0.0000E+00  0.0000E+00  0.0000E+00  0.0000E+00  0.0000E+00  0.0000E+00  0.0000E+00  0.0000E+00  0.0000E+00  0.0000E+00  0.0000E+00  0.0000E+00  0.0000E+00  0.0000E+00
      9.164  0.0000E+00  0.0000E+00  0.0000E+00  0.0000E+00  0.0000E+00  0.0000E+00  0.0000E+00  0.0000E+00  0.0000E+00  0.0000E+00  0.0000E+00  0.0000E+00  0.0000E+00  0.0000E+00  0.0000E+00  0.0000E+00  0.0000E+00  0.0000E+00
      9.174  0.0000E+00  0.0000E+00  0.0000E+00  0.0000E+00  0.0000E+00  0.0000E+00  0.0000E+00  0.0000E+00  0.0000E+00  0.0000E+00  0.0000E+00  0.0000E+00  0.0000E+00  0.0000E+00  0.0000E+00  0.0000E+00  0.0000E+00  0.0000E+00
      9.184  0.0000E+00  0.0000E+00  0.0000E+00  0.0000E+00  0.0000E+00  0.0000E+00  0.0000E+00  0.0000E+00  0.0000E+00  0.0000E+00  0.0000E+00  0.0000E+00  0.0000E+00  0.0000E+00  0.0000E+00  0.0000E+00  0.0000E+00  0.0000E+00
      9.194  0.0000E+00  0.0000E+00  0.0000E+00  0.0000E+00  0.0000E+00  0.0000E+00  0.0000E+00  0.0000E+00  0.0000E+00  0.0000E+00  0.0000E+00  0.0000E+00  0.0000E+00  0.0000E+00  0.0000E+00  0.0000E+00  0.0000E+00  0.0000E+00
      9.204  0.0000E+00  0.0000E+00  0.0000E+00  0.0000E+00  0.0000E+00  0.0000E+00  0.0000E+00  0.0000E+00  0.0000E+00  0.0000E+00  0.0000E+00  0.0000E+00  0.0000E+00  0.0000E+00  0.0000E+00  0.0000E+00  0.0000E+00  0.0000E+00
      9.214  0.0000E+00  0.0000E+00  0.0000E+00  0.0000E+00  0.0000E+00  0.0000E+00  0.0000E+00  0.0000E+00  0.0000E+00  0.0000E+00  0.0000E+00  0.0000E+00  0.0000E+00  0.0000E+00  0.0000E+00  0.0000E+00  0.0000E+00  0.0000E+00
      9.224  0.0000E+00  0.0000E+00  0.0000E+00  0.0000E+00  0.0000E+00  0.0000E+00  0.0000E+00  0.0000E+00  0.0000E+00  0.0000E+00  0.0000E+00  0.0000E+00  0.0000E+00  0.0000E+00  0.0000E+00  0.0000E+00  0.0000E+00  0.0000E+00
      9.234  0.0000E+00  0.0000E+00  0.0000E+00  0.0000E+00  0.0000E+00  0.0000E+00  0.0000E+00  0.0000E+00  0.0000E+00  0.0000E+00  0.0000E+00  0.0000E+00  0.0000E+00  0.0000E+00  0.0000E+00  0.0000E+00  0.0000E+00  0.0000E+00
      9.244  0.0000E+00  0.0000E+00  0.0000E+00  0.0000E+00  0.0000E+00  0.0000E+00  0.0000E+00  0.0000E+00  0.0000E+00  0.0000E+00  0.0000E+00  0.0000E+00  0.0000E+00  0.0000E+00  0.0000E+00  0.0000E+00  0.0000E+00  0.0000E+00
      9.254  0.0000E+00  0.0000E+00  0.0000E+00  0.0000E+00  0.0000E+00  0.0000E+00  0.0000E+00  0.0000E+00  0.0000E+00  0.0000E+00  0.0000E+00  0.0000E+00  0.0000E+00  0.0000E+00  0.0000E+00  0.0000E+00  0.0000E+00  0.0000E+00
      9.264  0.0000E+00  0.0000E+00  0.0000E+00  0.0000E+00  0.0000E+00  0.0000E+00  0.0000E+00  0.0000E+00  0.0000E+00  0.0000E+00  0.0000E+00  0.0000E+00  0.0000E+00  0.0000E+00  0.0000E+00  0.0000E+00  0.0000E+00  0.0000E+00
      9.274  0.0000E+00  0.0000E+00  0.0000E+00  0.0000E+00  0.0000E+00  0.0000E+00  0.0000E+00  0.0000E+00  0.0000E+00  0.0000E+00  0.0000E+00  0.0000E+00  0.0000E+00  0.0000E+00  0.0000E+00  0.0000E+00  0.0000E+00  0.0000E+00
      9.284  0.0000E+00  0.0000E+00  0.0000E+00  0.0000E+00  0.0000E+00  0.0000E+00  0.0000E+00  0.0000E+00  0.0000E+00  0.0000E+00  0.0000E+00  0.0000E+00  0.0000E+00  0.0000E+00  0.0000E+00  0.0000E+00  0.0000E+00  0.0000E+00
      9.294  0.0000E+00  0.0000E+00  0.0000E+00  0.0000E+00  0.0000E+00  0.0000E+00  0.0000E+00  0.0000E+00  0.0000E+00  0.0000E+00  0.0000E+00  0.0000E+00  0.0000E+00  0.0000E+00  0.0000E+00  0.0000E+00  0.0000E+00  0.0000E+00
      9.304  0.0000E+00  0.0000E+00  0.0000E+00  0.0000E+00  0.0000E+00  0.0000E+00  0.0000E+00  0.0000E+00  0.0000E+00  0.0000E+00  0.0000E+00  0.0000E+00  0.0000E+00  0.0000E+00  0.0000E+00  0.0000E+00  0.0000E+00  0.0000E+00
      9.314  0.0000E+00  0.0000E+00  0.0000E+00  0.0000E+00  0.0000E+00  0.0000E+00  0.0000E+00  0.0000E+00  0.0000E+00  0.0000E+00  0.0000E+00  0.0000E+00  0.0000E+00  0.0000E+00  0.0000E+00  0.0000E+00  0.0000E+00  0.0000E+00
      9.324  0.0000E+00  0.0000E+00  0.0000E+00  0.0000E+00  0.0000E+00  0.0000E+00  0.0000E+00  0.0000E+00  0.0000E+00  0.0000E+00  0.0000E+00  0.0000E+00  0.0000E+00  0.0000E+00  0.0000E+00  0.0000E+00  0.0000E+00  0.0000E+00
      9.334  0.0000E+00  0.0000E+00  0.0000E+00  0.0000E+00  0.0000E+00  0.0000E+00  0.0000E+00  0.0000E+00  0.0000E+00  0.0000E+00  0.0000E+00  0.0000E+00  0.0000E+00  0.0000E+00  0.0000E+00  0.0000E+00  0.0000E+00  0.0000E+00
      9.344  0.0000E+00  0.0000E+00  0.0000E+00  0.0000E+00  0.0000E+00  0.0000E+00  0.0000E+00  0.0000E+00  0.0000E+00  0.0000E+00  0.0000E+00  0.0000E+00  0.0000E+00  0.0000E+00  0.0000E+00  0.0000E+00  0.0000E+00  0.0000E+00
      9.354  0.0000E+00  0.0000E+00  0.0000E+00  0.0000E+00  0.0000E+00  0.0000E+00  0.0000E+00  0.0000E+00  0.0000E+00  0.0000E+00  0.0000E+00  0.0000E+00  0.0000E+00  0.0000E+00  0.0000E+00  0.0000E+00  0.0000E+00  0.0000E+00
      9.364  0.0000E+00  0.0000E+00  0.0000E+00  0.0000E+00  0.0000E+00  0.0000E+00  0.0000E+00  0.0000E+00  0.0000E+00  0.0000E+00  0.0000E+00  0.0000E+00  0.0000E+00  0.0000E+00  0.0000E+00  0.0000E+00  0.0000E+00  0.0000E+00
      9.374  0.0000E+00  0.0000E+00  0.0000E+00  0.0000E+00  0.0000E+00  0.0000E+00  0.0000E+00  0.0000E+00  0.0000E+00  0.0000E+00  0.0000E+00  0.0000E+00  0.0000E+00  0.0000E+00  0.0000E+00  0.0000E+00  0.0000E+00  0.0000E+00
      9.384  0.0000E+00  0.0000E+00  0.0000E+00  0.0000E+00  0.0000E+00  0.0000E+00  0.0000E+00  0.0000E+00  0.0000E+00  0.0000E+00  0.0000E+00  0.0000E+00  0.0000E+00  0.0000E+00  0.0000E+00  0.0000E+00  0.0000E+00  0.0000E+00
      9.394  0.0000E+00  0.0000E+00  0.0000E+00  0.0000E+00  0.0000E+00  0.0000E+00  0.0000E+00  0.0000E+00  0.0000E+00  0.0000E+00  0.0000E+00  0.0000E+00  0.0000E+00  0.0000E+00  0.0000E+00  0.0000E+00  0.0000E+00  0.0000E+00
      9.404  0.0000E+00  0.0000E+00  0.0000E+00  0.0000E+00  0.0000E+00  0.0000E+00  0.0000E+00  0.0000E+00  0.0000E+00  0.0000E+00  0.0000E+00  0.0000E+00  0.0000E+00  0.0000E+00  0.0000E+00  0.0000E+00  0.0000E+00  0.0000E+00
      9.414  0.0000E+00  0.0000E+00  0.0000E+00  0.0000E+00  0.0000E+00  0.0000E+00  0.0000E+00  0.0000E+00  0.0000E+00  0.0000E+00  0.0000E+00  0.0000E+00  0.0000E+00  0.0000E+00  0.0000E+00  0.0000E+00  0.0000E+00  0.0000E+00
      9.424  0.0000E+00  0.0000E+00  0.0000E+00  0.0000E+00  0.0000E+00  0.0000E+00  0.0000E+00  0.0000E+00  0.0000E+00  0.0000E+00  0.0000E+00  0.0000E+00  0.0000E+00  0.0000E+00  0.0000E+00  0.0000E+00  0.0000E+00  0.0000E+00
      9.434  0.0000E+00  0.0000E+00  0.0000E+00  0.0000E+00  0.0000E+00  0.0000E+00  0.0000E+00  0.0000E+00  0.0000E+00  0.0000E+00  0.0000E+00  0.0000E+00  0.0000E+00  0.0000E+00  0.0000E+00  0.0000E+00  0.0000E+00  0.0000E+00
      9.444  0.0000E+00  0.0000E+00  0.0000E+00  0.0000E+00  0.0000E+00  0.0000E+00  0.0000E+00  0.0000E+00  0.0000E+00  0.0000E+00  0.0000E+00  0.0000E+00  0.0000E+00  0.0000E+00  0.0000E+00  0.0000E+00  0.0000E+00  0.0000E+00
      9.454  0.0000E+00  0.0000E+00  0.0000E+00  0.0000E+00  0.0000E+00  0.0000E+00  0.0000E+00  0.0000E+00  0.0000E+00  0.0000E+00  0.0000E+00  0.0000E+00  0.0000E+00  0.0000E+00  0.0000E+00  0.0000E+00  0.0000E+00  0.0000E+00
      9.464  0.0000E+00  0.0000E+00  0.0000E+00  0.0000E+00  0.0000E+00  0.0000E+00  0.0000E+00  0.0000E+00  0.0000E+00  0.0000E+00  0.0000E+00  0.0000E+00  0.0000E+00  0.0000E+00  0.0000E+00  0.0000E+00  0.0000E+00  0.0000E+00
      9.475  0.0000E+00  0.0000E+00  0.0000E+00  0.0000E+00  0.0000E+00  0.0000E+00  0.0000E+00  0.0000E+00  0.0000E+00  0.0000E+00  0.0000E+00  0.0000E+00  0.0000E+00  0.0000E+00  0.0000E+00  0.0000E+00  0.0000E+00  0.0000E+00
      9.485  0.0000E+00  0.0000E+00  0.0000E+00  0.0000E+00  0.0000E+00  0.0000E+00  0.0000E+00  0.0000E+00  0.0000E+00  0.0000E+00  0.0000E+00  0.0000E+00  0.0000E+00  0.0000E+00  0.0000E+00  0.0000E+00  0.0000E+00  0.0000E+00
      9.495  0.0000E+00  0.0000E+00  0.0000E+00  0.0000E+00  0.0000E+00  0.0000E+00  0.0000E+00  0.0000E+00  0.0000E+00  0.0000E+00  0.0000E+00  0.0000E+00  0.0000E+00  0.0000E+00  0.0000E+00  0.0000E+00  0.0000E+00  0.0000E+00
      9.505  0.0000E+00  0.0000E+00  0.0000E+00  0.0000E+00  0.0000E+00  0.0000E+00  0.0000E+00  0.0000E+00  0.0000E+00  0.0000E+00  0.0000E+00  0.0000E+00  0.0000E+00  0.0000E+00  0.0000E+00  0.0000E+00  0.0000E+00  0.0000E+00
      9.515  0.0000E+00  0.0000E+00  0.0000E+00  0.0000E+00  0.0000E+00  0.0000E+00  0.0000E+00  0.0000E+00  0.0000E+00  0.0000E+00  0.0000E+00  0.0000E+00  0.0000E+00  0.0000E+00  0.0000E+00  0.0000E+00  0.0000E+00  0.0000E+00
      9.525  0.0000E+00  0.0000E+00  0.0000E+00  0.0000E+00  0.0000E+00  0.0000E+00  0.0000E+00  0.0000E+00  0.0000E+00  0.0000E+00  0.0000E+00  0.0000E+00  0.0000E+00  0.0000E+00  0.0000E+00  0.0000E+00  0.0000E+00  0.0000E+00
      9.535  0.0000E+00  0.0000E+00  0.0000E+00  0.0000E+00  0.0000E+00  0.0000E+00  0.0000E+00  0.0000E+00  0.0000E+00  0.0000E+00  0.0000E+00  0.0000E+00  0.0000E+00  0.0000E+00  0.0000E+00  0.0000E+00  0.0000E+00  0.0000E+00
      9.545  0.0000E+00  0.0000E+00  0.0000E+00  0.0000E+00  0.0000E+00  0.0000E+00  0.0000E+00  0.0000E+00  0.0000E+00  0.0000E+00  0.0000E+00  0.0000E+00  0.0000E+00  0.0000E+00  0.0000E+00  0.0000E+00  0.0000E+00  0.0000E+00
      9.555  0.0000E+00  0.0000E+00  0.0000E+00  0.0000E+00  0.0000E+00  0.0000E+00  0.0000E+00  0.0000E+00  0.0000E+00  0.0000E+00  0.0000E+00  0.0000E+00  0.0000E+00  0.0000E+00  0.0000E+00  0.0000E+00  0.0000E+00  0.0000E+00
      9.565  0.0000E+00  0.0000E+00  0.0000E+00  0.0000E+00  0.0000E+00  0.0000E+00  0.0000E+00  0.0000E+00  0.0000E+00  0.0000E+00  0.0000E+00  0.0000E+00  0.0000E+00  0.0000E+00  0.0000E+00  0.0000E+00  0.0000E+00  0.0000E+00
      9.575  0.0000E+00  0.0000E+00  0.0000E+00  0.0000E+00  0.0000E+00  0.0000E+00  0.0000E+00  0.0000E+00  0.0000E+00  0.0000E+00  0.0000E+00  0.0000E+00  0.0000E+00  0.0000E+00  0.0000E+00  0.0000E+00  0.0000E+00  0.0000E+00
      9.585  0.0000E+00  0.0000E+00  0.0000E+00  0.0000E+00  0.0000E+00  0.0000E+00  0.0000E+00  0.0000E+00  0.0000E+00  0.0000E+00  0.0000E+00  0.0000E+00  0.0000E+00  0.0000E+00  0.0000E+00  0.0000E+00  0.0000E+00  0.0000E+00
      9.595  0.0000E+00  0.0000E+00  0.0000E+00  0.0000E+00  0.0000E+00  0.0000E+00  0.0000E+00  0.0000E+00  0.0000E+00  0.0000E+00  0.0000E+00  0.0000E+00  0.0000E+00  0.0000E+00  0.0000E+00  0.0000E+00  0.0000E+00  0.0000E+00
      9.605  0.0000E+00  0.0000E+00  0.0000E+00  0.0000E+00  0.0000E+00  0.0000E+00  0.0000E+00  0.0000E+00  0.0000E+00  0.0000E+00  0.0000E+00  0.0000E+00  0.0000E+00  0.0000E+00  0.0000E+00  0.0000E+00  0.0000E+00  0.0000E+00
      9.615  0.0000E+00  0.0000E+00  0.0000E+00  0.0000E+00  0.0000E+00  0.0000E+00  0.0000E+00  0.0000E+00  0.0000E+00  0.0000E+00  0.0000E+00  0.0000E+00  0.0000E+00  0.0000E+00  0.0000E+00  0.0000E+00  0.0000E+00  0.0000E+00
      9.625  0.0000E+00  0.0000E+00  0.0000E+00  0.0000E+00  0.0000E+00  0.0000E+00  0.0000E+00  0.0000E+00  0.0000E+00  0.0000E+00  0.0000E+00  0.0000E+00  0.0000E+00  0.0000E+00  0.0000E+00  0.0000E+00  0.0000E+00  0.0000E+00
      9.635  0.0000E+00  0.0000E+00  0.0000E+00  0.0000E+00  0.0000E+00  0.0000E+00  0.0000E+00  0.0000E+00  0.0000E+00  0.0000E+00  0.0000E+00  0.0000E+00  0.0000E+00  0.0000E+00  0.0000E+00  0.0000E+00  0.0000E+00  0.0000E+00
      9.645  0.0000E+00  0.0000E+00  0.0000E+00  0.0000E+00  0.0000E+00  0.0000E+00  0.0000E+00  0.0000E+00  0.0000E+00  0.0000E+00  0.0000E+00  0.0000E+00  0.0000E+00  0.0000E+00  0.0000E+00  0.0000E+00  0.0000E+00  0.0000E+00
      9.655  0.0000E+00  0.0000E+00  0.0000E+00  0.0000E+00  0.0000E+00  0.0000E+00  0.0000E+00  0.0000E+00  0.0000E+00  0.0000E+00  0.0000E+00  0.0000E+00  0.0000E+00  0.0000E+00  0.0000E+00  0.0000E+00  0.0000E+00  0.0000E+00
      9.665  0.0000E+00  0.0000E+00  0.0000E+00  0.0000E+00  0.0000E+00  0.0000E+00  0.0000E+00  0.0000E+00  0.0000E+00  0.0000E+00  0.0000E+00  0.0000E+00  0.0000E+00  0.0000E+00  0.0000E+00  0.0000E+00  0.0000E+00  0.0000E+00
      9.675  0.0000E+00  0.0000E+00  0.0000E+00  0.0000E+00  0.0000E+00  0.0000E+00  0.0000E+00  0.0000E+00  0.0000E+00  0.0000E+00  0.0000E+00  0.0000E+00  0.0000E+00  0.0000E+00  0.0000E+00  0.0000E+00  0.0000E+00  0.0000E+00
      9.685  0.0000E+00  0.0000E+00  0.0000E+00  0.0000E+00  0.0000E+00  0.0000E+00  0.0000E+00  0.0000E+00  0.0000E+00  0.0000E+00  0.0000E+00  0.0000E+00  0.0000E+00  0.0000E+00  0.0000E+00  0.0000E+00  0.0000E+00  0.0000E+00
      9.695  0.0000E+00  0.0000E+00  0.0000E+00  0.0000E+00  0.0000E+00  0.0000E+00  0.0000E+00  0.0000E+00  0.0000E+00  0.0000E+00  0.0000E+00  0.0000E+00  0.0000E+00  0.0000E+00  0.0000E+00  0.0000E+00  0.0000E+00  0.0000E+00
      9.705  0.0000E+00  0.0000E+00  0.0000E+00  0.0000E+00  0.0000E+00  0.0000E+00  0.0000E+00  0.0000E+00  0.0000E+00  0.0000E+00  0.0000E+00  0.0000E+00  0.0000E+00  0.0000E+00  0.0000E+00  0.0000E+00  0.0000E+00  0.0000E+00
      9.715  0.0000E+00  0.0000E+00  0.0000E+00  0.0000E+00  0.0000E+00  0.0000E+00  0.0000E+00  0.0000E+00  0.0000E+00  0.0000E+00  0.0000E+00  0.0000E+00  0.0000E+00  0.0000E+00  0.0000E+00  0.0000E+00  0.0000E+00  0.0000E+00
      9.725  0.0000E+00  0.0000E+00  0.0000E+00  0.0000E+00  0.0000E+00  0.0000E+00  0.0000E+00  0.0000E+00  0.0000E+00  0.0000E+00  0.0000E+00  0.0000E+00  0.0000E+00  0.0000E+00  0.0000E+00  0.0000E+00  0.0000E+00  0.0000E+00
      9.735  0.0000E+00  0.0000E+00  0.0000E+00  0.0000E+00  0.0000E+00  0.0000E+00  0.0000E+00  0.0000E+00  0.0000E+00  0.0000E+00  0.0000E+00  0.0000E+00  0.0000E+00  0.0000E+00  0.0000E+00  0.0000E+00  0.0000E+00  0.0000E+00
      9.745  0.0000E+00  0.0000E+00  0.0000E+00  0.0000E+00  0.0000E+00  0.0000E+00  0.0000E+00  0.0000E+00  0.0000E+00  0.0000E+00  0.0000E+00  0.0000E+00  0.0000E+00  0.0000E+00  0.0000E+00  0.0000E+00  0.0000E+00  0.0000E+00
      9.755  0.0000E+00  0.0000E+00  0.0000E+00  0.0000E+00  0.0000E+00  0.0000E+00  0.0000E+00  0.0000E+00  0.0000E+00  0.0000E+00  0.0000E+00  0.0000E+00  0.0000E+00  0.0000E+00  0.0000E+00  0.0000E+00  0.0000E+00  0.0000E+00
      9.765  0.0000E+00  0.0000E+00  0.0000E+00  0.0000E+00  0.0000E+00  0.0000E+00  0.0000E+00  0.0000E+00  0.0000E+00  0.0000E+00  0.0000E+00  0.0000E+00  0.0000E+00  0.0000E+00  0.0000E+00  0.0000E+00  0.0000E+00  0.0000E+00
      9.775  0.0000E+00  0.0000E+00  0.0000E+00  0.0000E+00  0.0000E+00  0.0000E+00  0.0000E+00  0.0000E+00  0.0000E+00  0.0000E+00  0.0000E+00  0.0000E+00  0.0000E+00  0.0000E+00  0.0000E+00  0.0000E+00  0.0000E+00  0.0000E+00
      9.785  0.0000E+00  0.0000E+00  0.0000E+00  0.0000E+00  0.0000E+00  0.0000E+00  0.0000E+00  0.0000E+00  0.0000E+00  0.0000E+00  0.0000E+00  0.0000E+00  0.0000E+00  0.0000E+00  0.0000E+00  0.0000E+00  0.0000E+00  0.0000E+00
      9.795  0.0000E+00  0.0000E+00  0.0000E+00  0.0000E+00  0.0000E+00  0.0000E+00  0.0000E+00  0.0000E+00  0.0000E+00  0.0000E+00  0.0000E+00  0.0000E+00  0.0000E+00  0.0000E+00  0.0000E+00  0.0000E+00  0.0000E+00  0.0000E+00
      9.805  0.0000E+00  0.0000E+00  0.0000E+00  0.0000E+00  0.0000E+00  0.0000E+00  0.0000E+00  0.0000E+00  0.0000E+00  0.0000E+00  0.0000E+00  0.0000E+00  0.0000E+00  0.0000E+00  0.0000E+00  0.0000E+00  0.0000E+00  0.0000E+00
      9.815  0.0000E+00  0.0000E+00  0.0000E+00  0.0000E+00  0.0000E+00  0.0000E+00  0.0000E+00  0.0000E+00  0.0000E+00  0.0000E+00  0.0000E+00  0.0000E+00  0.0000E+00  0.0000E+00  0.0000E+00  0.0000E+00  0.0000E+00  0.0000E+00
      9.825  0.0000E+00  0.0000E+00  0.0000E+00  0.0000E+00  0.0000E+00  0.0000E+00  0.0000E+00  0.0000E+00  0.0000E+00  0.0000E+00  0.0000E+00  0.0000E+00  0.0000E+00  0.0000E+00  0.0000E+00  0.0000E+00  0.0000E+00  0.0000E+00
      9.835  0.0000E+00  0.0000E+00  0.0000E+00  0.0000E+00  0.0000E+00  0.0000E+00  0.0000E+00  0.0000E+00  0.0000E+00  0.0000E+00  0.0000E+00  0.0000E+00  0.0000E+00  0.0000E+00  0.0000E+00  0.0000E+00  0.0000E+00  0.0000E+00
      9.845  0.0000E+00  0.0000E+00  0.0000E+00  0.0000E+00  0.0000E+00  0.0000E+00  0.0000E+00  0.0000E+00  0.0000E+00  0.0000E+00  0.0000E+00  0.0000E+00  0.0000E+00  0.0000E+00  0.0000E+00  0.0000E+00  0.0000E+00  0.0000E+00
      9.855  0.0000E+00  0.0000E+00  0.0000E+00  0.0000E+00  0.0000E+00  0.0000E+00  0.0000E+00  0.0000E+00  0.0000E+00  0.0000E+00  0.0000E+00  0.0000E+00  0.0000E+00  0.0000E+00  0.0000E+00  0.0000E+00  0.0000E+00  0.0000E+00
      9.865  0.0000E+00  0.0000E+00  0.0000E+00  0.0000E+00  0.0000E+00  0.0000E+00  0.0000E+00  0.0000E+00  0.0000E+00  0.0000E+00  0.0000E+00  0.0000E+00  0.0000E+00  0.0000E+00  0.0000E+00  0.0000E+00  0.0000E+00  0.0000E+00
      9.875  0.0000E+00  0.0000E+00  0.0000E+00  0.0000E+00  0.0000E+00  0.0000E+00  0.0000E+00  0.0000E+00  0.0000E+00  0.0000E+00  0.0000E+00  0.0000E+00  0.0000E+00  0.0000E+00  0.0000E+00  0.0000E+00  0.0000E+00  0.0000E+00
      9.885  0.0000E+00  0.0000E+00  0.0000E+00  0.0000E+00  0.0000E+00  0.0000E+00  0.0000E+00  0.0000E+00  0.0000E+00  0.0000E+00  0.0000E+00  0.0000E+00  0.0000E+00  0.0000E+00  0.0000E+00  0.0000E+00  0.0000E+00  0.0000E+00
      9.895  0.0000E+00  0.0000E+00  0.0000E+00  0.0000E+00  0.0000E+00  0.0000E+00  0.0000E+00  0.0000E+00  0.0000E+00  0.0000E+00  0.0000E+00  0.0000E+00  0.0000E+00  0.0000E+00  0.0000E+00  0.0000E+00  0.0000E+00  0.0000E+00
      9.905  0.0000E+00  0.0000E+00  0.0000E+00  0.0000E+00  0.0000E+00  0.0000E+00  0.0000E+00  0.0000E+00  0.0000E+00  0.0000E+00  0.0000E+00  0.0000E+00  0.0000E+00  0.0000E+00  0.0000E+00  0.0000E+00  0.0000E+00  0.0000E+00
      9.915  0.0000E+00  0.0000E+00  0.0000E+00  0.0000E+00  0.0000E+00  0.0000E+00  0.0000E+00  0.0000E+00  0.0000E+00  0.0000E+00  0.0000E+00  0.0000E+00  0.0000E+00  0.0000E+00  0.0000E+00  0.0000E+00  0.0000E+00  0.0000E+00
      9.925  0.0000E+00  0.0000E+00  0.0000E+00  0.0000E+00  0.0000E+00  0.0000E+00  0.0000E+00  0.0000E+00  0.0000E+00  0.0000E+00  0.0000E+00  0.0000E+00  0.0000E+00  0.0000E+00  0.0000E+00  0.0000E+00  0.0000E+00  0.0000E+00
      9.935  0.0000E+00  0.0000E+00  0.0000E+00  0.0000E+00  0.0000E+00  0.0000E+00  0.0000E+00  0.0000E+00  0.0000E+00  0.0000E+00  0.0000E+00  0.0000E+00  0.0000E+00  0.0000E+00  0.0000E+00  0.0000E+00  0.0000E+00  0.0000E+00
      9.945  0.0000E+00  0.0000E+00  0.0000E+00  0.0000E+00  0.0000E+00  0.0000E+00  0.0000E+00  0.0000E+00  0.0000E+00  0.0000E+00  0.0000E+00  0.0000E+00  0.0000E+00  0.0000E+00  0.0000E+00  0.0000E+00  0.0000E+00  0.0000E+00
      9.955  0.0000E+00  0.0000E+00  0.0000E+00  0.0000E+00  0.0000E+00  0.0000E+00  0.0000E+00  0.0000E+00  0.0000E+00  0.0000E+00  0.0000E+00  0.0000E+00  0.0000E+00  0.0000E+00  0.0000E+00  0.0000E+00  0.0000E+00  0.0000E+00
      9.965  0.0000E+00  0.0000E+00  0.0000E+00  0.0000E+00  0.0000E+00  0.0000E+00  0.0000E+00  0.0000E+00  0.0000E+00  0.0000E+00  0.0000E+00  0.0000E+00  0.0000E+00  0.0000E+00  0.0000E+00  0.0000E+00  0.0000E+00  0.0000E+00
      9.975  0.0000E+00  0.0000E+00  0.0000E+00  0.0000E+00  0.0000E+00  0.0000E+00  0.0000E+00  0.0000E+00  0.0000E+00  0.0000E+00  0.0000E+00  0.0000E+00  0.0000E+00  0.0000E+00  0.0000E+00  0.0000E+00  0.0000E+00  0.0000E+00
      9.985  0.0000E+00  0.0000E+00  0.0000E+00  0.0000E+00  0.0000E+00  0.0000E+00  0.0000E+00  0.0000E+00  0.0000E+00  0.0000E+00  0.0000E+00  0.0000E+00  0.0000E+00  0.0000E+00  0.0000E+00  0.0000E+00  0.0000E+00  0.0000E+00
      9.995  0.0000E+00  0.0000E+00  0.0000E+00  0.0000E+00  0.0000E+00  0.0000E+00  0.0000E+00  0.0000E+00  0.0000E+00  0.0000E+00  0.0000E+00  0.0000E+00  0.0000E+00  0.0000E+00  0.0000E+00  0.0000E+00  0.0000E+00  0.0000E+00
      10.005  0.0000E+00  0.0000E+00  0.0000E+00  0.0000E+00  0.0000E+00  0.0000E+00  0.0000E+00  0.0000E+00  0.0000E+00  0.0000E+00  0.0000E+00  0.0000E+00  0.0000E+00  0.0000E+00  0.0000E+00  0.0000E+00  0.0000E+00  0.0000E+00
      10.015  0.0000E+00  0.0000E+00  0.0000E+00  0.0000E+00  0.0000E+00  0.0000E+00  0.0000E+00  0.0000E+00  0.0000E+00  0.0000E+00  0.0000E+00  0.0000E+00  0.0000E+00  0.0000E+00  0.0000E+00  0.0000E+00  0.0000E+00  0.0000E+00
      10.025  0.0000E+00  0.0000E+00  0.0000E+00  0.0000E+00  0.0000E+00  0.0000E+00  0.0000E+00  0.0000E+00  0.0000E+00  0.0000E+00  0.0000E+00  0.0000E+00  0.0000E+00  0.0000E+00  0.0000E+00  0.0000E+00  0.0000E+00  0.0000E+00
      10.035  0.0000E+00  0.0000E+00  0.0000E+00  0.0000E+00  0.0000E+00  0.0000E+00  0.0000E+00  0.0000E+00  0.0000E+00  0.0000E+00  0.0000E+00  0.0000E+00  0.0000E+00  0.0000E+00  0.0000E+00  0.0000E+00  0.0000E+00  0.0000E+00
      10.045  0.0000E+00  0.0000E+00  0.0000E+00  0.0000E+00  0.0000E+00  0.0000E+00  0.0000E+00  0.0000E+00  0.0000E+00  0.0000E+00  0.0000E+00  0.0000E+00  0.0000E+00  0.0000E+00  0.0000E+00  0.0000E+00  0.0000E+00  0.0000E+00
      10.055  0.0000E+00  0.0000E+00  0.0000E+00  0.0000E+00  0.0000E+00  0.0000E+00  0.0000E+00  0.0000E+00  0.0000E+00  0.0000E+00  0.0000E+00  0.0000E+00  0.0000E+00  0.0000E+00  0.0000E+00  0.0000E+00  0.0000E+00  0.0000E+00
      10.065  0.0000E+00  0.0000E+00  0.0000E+00  0.0000E+00  0.0000E+00  0.0000E+00  0.0000E+00  0.0000E+00  0.0000E+00  0.0000E+00  0.0000E+00  0.0000E+00  0.0000E+00  0.0000E+00  0.0000E+00  0.0000E+00  0.0000E+00  0.0000E+00
      10.075  0.0000E+00  0.0000E+00  0.0000E+00  0.0000E+00  0.0000E+00  0.0000E+00  0.0000E+00  0.0000E+00  0.0000E+00  0.0000E+00  0.0000E+00  0.0000E+00  0.0000E+00  0.0000E+00  0.0000E+00  0.0000E+00  0.0000E+00  0.0000E+00
      10.085  0.0000E+00  0.0000E+00  0.0000E+00  0.0000E+00  0.0000E+00  0.0000E+00  0.0000E+00  0.0000E+00  0.0000E+00  0.0000E+00  0.0000E+00  0.0000E+00  0.0000E+00  0.0000E+00  0.0000E+00  0.0000E+00  0.0000E+00  0.0000E+00
      10.095  0.0000E+00  0.0000E+00  0.0000E+00  0.0000E+00  0.0000E+00  0.0000E+00  0.0000E+00  0.0000E+00  0.0000E+00  0.0000E+00  0.0000E+00  0.0000E+00  0.0000E+00  0.0000E+00  0.0000E+00  0.0000E+00  0.0000E+00  0.0000E+00
      10.105  0.0000E+00  0.0000E+00  0.0000E+00  0.0000E+00  0.0000E+00  0.0000E+00  0.0000E+00  0.0000E+00  0.0000E+00  0.0000E+00  0.0000E+00  0.0000E+00  0.0000E+00  0.0000E+00  0.0000E+00  0.0000E+00  0.0000E+00  0.0000E+00
      10.115  0.0000E+00  0.0000E+00  0.0000E+00  0.0000E+00  0.0000E+00  0.0000E+00  0.0000E+00  0.0000E+00  0.0000E+00  0.0000E+00  0.0000E+00  0.0000E+00  0.0000E+00  0.0000E+00  0.0000E+00  0.0000E+00  0.0000E+00  0.0000E+00
      10.125  0.0000E+00  0.0000E+00  0.0000E+00  0.0000E+00  0.0000E+00  0.0000E+00  0.0000E+00  0.0000E+00  0.0000E+00  0.0000E+00  0.0000E+00  0.0000E+00  0.0000E+00  0.0000E+00  0.0000E+00  0.0000E+00  0.0000E+00  0.0000E+00
      10.135  0.0000E+00  0.0000E+00  0.0000E+00  0.0000E+00  0.0000E+00  0.0000E+00  0.0000E+00  0.0000E+00  0.0000E+00  0.0000E+00  0.0000E+00  0.0000E+00  0.0000E+00  0.0000E+00  0.0000E+00  0.0000E+00  0.0000E+00  0.0000E+00
      10.145  0.0000E+00  0.0000E+00  0.0000E+00  0.0000E+00  0.0000E+00  0.0000E+00  0.0000E+00  0.0000E+00  0.0000E+00  0.0000E+00  0.0000E+00  0.0000E+00  0.0000E+00  0.0000E+00  0.0000E+00  0.0000E+00  0.0000E+00  0.0000E+00
      10.155  0.0000E+00  0.0000E+00  0.0000E+00  0.0000E+00  0.0000E+00  0.0000E+00  0.0000E+00  0.0000E+00  0.0000E+00  0.0000E+00  0.0000E+00  0.0000E+00  0.0000E+00  0.0000E+00  0.0000E+00  0.0000E+00  0.0000E+00  0.0000E+00
      10.165  0.0000E+00  0.0000E+00  0.0000E+00  0.0000E+00  0.0000E+00  0.0000E+00  0.0000E+00  0.0000E+00  0.0000E+00  0.0000E+00  0.0000E+00  0.0000E+00  0.0000E+00  0.0000E+00  0.0000E+00  0.0000E+00  0.0000E+00  0.0000E+00
